0.5348152528	0.04633240975	0.1618985495	0.08261006226	0.09515609728	-0.026759375	0.04912385249	0.1096918101	0.06774249919	-0.3286418367	-0.3369300716	-0.3432481145	-0.3230869512	-0.3140822671	-0.3288537284	-0.3199618067	-0.3284988608	-0.3183673311	-0.3604128473	-0.3257940734	-0.06887993223	-0.07969850501	-0.3509629608	-0.05287351638	-0.03909619136	-0.3248996999	-0.2910079088	-0.2878350959	-0.3190484261	-0.05017296509	-0.3131631318	-0.04363368954	-0.04613053974	-0.2445599982	-0.04188684294	-0.3136122821	0.103913593	0.09077576747	0.1120432402	0.0628899023	0.01524408922	0.07212860782	-0.337606151	-0.0938812349	-0.3125450691	0.0005721677178	-0.01736982813	-0.02904562558	-0.10951473	-0.07567070434	-0.04492264592	-0.05137201894	-0.2867549737	-0.3059232694	-0.2953717513	-0.05472767098	-0.04918947349	-0.07135231911	-0.3407222288	-0.3608792389	-0.3285995564	-0.06359125579	-0.2859232121	0.006997627805	1.513245778e-05	-0.04187926568	0.04154543389	-0.008371944513	0.08775320542	0.1106598645	0.06706954612	0.07069634197	0.07050592666	0.07148223282	0.06983370253	0.1940923445	0.01155315073	-0.01131748613	0.1031473609	0.09816944059	0.06717094778	0.04080281255	0.1220273085	0.05948654371	0.07690531332	0.2246136571	0.1298838299	0.01889292541	0.1136973744	-0.02266292024	0.3239199306	0.08195114355	0.06197066089	0.1167488596	0.01030909758	0.09944387408	0.0444476814	0.1357128089	0.1540689651	-0.0001371048162	0.1116039642	0.1068334233	0.08738791408	0.03305755718	0.1151670939	0.1094545474	0.07882860139	0.06307422762	0.007097752734	0.1136939017	0.08238116107	0.06484903473	0.09533886027	0.1447704754	0.1547354312	0.1243185706	0.007249185138	0.04776796192	0.09677275733	0.03485250919	0.1097047329	0.004040065223	-0.03003697749	-0.1336018061	-0.04637649577	0.05248512273	-0.3323099096	0.03163544389	0.1160582764	0.07418360909	0.1126335694	0.04734143144	0.1817997946	0.1460749641	0.1376841094	0.03765107021	-0.03528580379	0.04715678676	0.0499579677	0.0006901921879	0.04525718999	0.1359589456	0.03454372284	0.1400411372	0.1078735798	0.09678800937	0.1081185779	0.1119843756	0.05321259593	0.05103525085	0.03104858896	0.02580540972	-0.008040425865	0.02093233788	0.0003679491173	-0.03586097434	-0.0168125677	-0.0881606337	0.008642534805	-0.03667855993	0.03188335291	0.08367840795	-0.0147553544	0.1616862185	0.120836029	0.1218863669	-0.04411145228	-0.05098897536	-0.1169585941	-0.05323588331	-0.05924718834	-0.08629081895	0.04327803037	0.07319156116	-0.01815497263	0.04116662186	-0.04585155481	-0.005108276278	0.07723860336	0.1054483289	-0.01921885024	0.2206125082	0.1082479849	0.06440853906	0.0567178685	0.1248435706	0.1006824897	0.1463094758	0.1604264207	0.2139319679	0.179490609	0.1073691295	0.008019407297	0.0141058257	0.069803862	0.04757697235	0.0311510318	0.03733873106	-0.02589700507	0.06807715827	0.005806066396	-0.006461035563	0.005933814576	0.07504642806	-0.005604697472	0.098315066	0.04231245858	0.06415782963	0.08645668702	-0.05283913391	-0.03382135522	0.13804754	0.08915347413	0.187412499	0.04635602707	0.06181891177	0.1655184813	0.05365594709	-0.08146970299	-0.3521544772	-0.2318167823	0.009724598036	0.0121063444	0.1050923644	0.1676056272	-0.03991574298	0.07484745899	-0.01250495036	-0.3398680064	0.07833341135	0.1033062667
0.04633240975	0.4923735215	0.1021919931	0.1491792148	0.07521340528	0.1091749902	0.1085954514	0.08994574194	0.09065972179	-0.3834843556	-0.3621445168	-0.3711581509	-0.3491012937	-0.3250625079	-0.3248153064	-0.3352894522	-0.3744496946	-0.364853669	-0.3025871573	-0.3432591785	0.01171449703	0.001674511924	-0.3157899002	-0.02546563867	-0.00274921763	-0.3407172704	-0.3393979864	-0.3233778945	-0.3235549782	-0.0108673185	-0.3268914411	-0.01100736249	0.00898493107	-0.2200581238	0.001086574054	-0.3220307116	0.1099782551	0.1123599762	0.1472043541	0.04962817186	0.04018207443	0.08557413921	-0.3510360344	-0.05046283806	-0.3491339105	0.03407663866	0.01262820634	0.07634662009	-0.03035082462	-0.0149248926	-0.02821940378	-0.007738959265	-0.3408089047	-0.3202562533	-0.3120374375	-0.006470168732	0.003005065083	-0.0009569869233	-0.3661267442	-0.3688585307	-0.3655087755	-0.01344060901	-0.3169814395	0.01429751651	-0.001433542222	-0.0005988042849	0.1337178078	0.1125158739	0.1402534344	0.1417831328	0.1454106706	0.04923340727	0.04910068079	0.1426929616	0.0856693046	0.09213799816	0.08780052615	0.05927482703	0.1063352426	0.1234811366	0.01629312919	-0.04629810185	0.0471640664	0.1157377035	0.06567486219	0.04875254526	0.06906496713	-0.0438319903	-0.008920922946	0.06479742586	-0.01708194557	-0.02551390251	-0.01951762174	0.1420251345	-0.06134787989	-0.02091863312	-0.06107669796	-0.01089668314	0.087332428	0.08444208613	0.003830335579	0.1113152597	0.06227150188	0.08733773688	0.07736121308	0.0462271495	0.03785741223	0.09937242542	0.3319502422	0.01210083534	0.1283935937	0.0652913977	0.08297410172	0.01114118968	0.06189930818	0.07765938732	0.03947701143	0.03595109329	0.06767902989	-0.06541123649	-0.0199932858	0.1134809947	0.08405750882	0.004474023929	0.08332786804	0.1015501525	-0.3422614257	0.07546960472	0.04186816823	0.07139545306	-0.009342306499	-0.05746273791	0.001519839205	0.02909891848	0.09579318849	0.04199159918	0.0342454338	-0.05881599183	-0.02728884065	0.1470932564	0.03318093845	0.03829459877	0.03038179894	0.04804396259	0.08168020173	0.06759648494	0.1354612898	-0.006668142558	0.05352930865	0.04771590006	0.05889061829	-0.04046128188	0.02771861406	0.0007539393353	-0.005479660017	0.0505981459	0.04557668971	-0.04585724182	-0.008623244419	-0.03399809491	-0.0426478111	0.1616528129	0.03325610279	0.07548475056	0.1321139543	0.01141135083	-0.1031813702	0.06252376151	0.0546196388	-0.01098861905	0.01767200804	-0.05332621705	0.0570165885	0.09669669437	0.06303147519	0.04857724024	0.04065297543	0.03475993544	0.07957088924	0.0638097848	0.08934352781	0.01272045702	0.05931505595	0.0884869159	0.1149550854	0.01814656804	-0.001628873813	0.09910177825	0.06626093627	0.08385363385	-0.003374302759	0.1063365274	0.268680919	0.152977383	0.1090592513	0.1345751371	0.1540362264	0.09964847573	0.09896595254	0.07710966272	0.130041376	0.1056222643	0.003291507809	0.05939273418	0.03871046416	0.08658758284	0.1705662805	-0.0554795427	-0.006181360932	0.02282444678	-0.003553666647	0.07201705495	0.1551567788	0.009372036554	0.1206924798	0.0612154206	-0.01838635353	0.06700071696	-0.02000253777	-0.347419096	-0.2289277204	0.1121030233	0.0897968421	0.06032472068	0.08332690989	-0.009295036819	0.06827990843	0.001984783217	-0.3237929518	0.1504019226	0.1056007457
0.1618985495	0.1021919931	0.448639612	0.1100962557	0.04635848474	0.05807629405	0.07928252403	0.1300517733	0.1131487822	-0.3395250662	-0.3556067588	-0.3607185158	-0.3408544591	-0.3370947747	-0.3341012179	-0.3384324715	-0.334520539	-0.326450537	-0.3370207598	-0.3429598804	-0.03286696506	-0.05280103885	-0.3212035686	-0.09303706254	-0.05546260752	-0.3375462426	-0.2929766891	-0.296344844	-0.3300566443	-0.06923743374	-0.3352480105	-0.04558888248	-0.01410826167	-0.2241937388	-0.05405324593	-0.336548556	0.1493299953	0.1580052299	0.1815773586	0.0732915366	0.007557142917	0.1055789621	-0.3468402466	-0.0679794278	-0.324084478	0.07073880274	-0.04603154011	0.007771227935	-0.06548604865	-0.03735345102	-0.05005219761	-0.02588733915	-0.3016894355	-0.3254840566	-0.3156099807	-0.07045955819	-0.06204795787	-0.03046315444	-0.3493956903	-0.3750048159	-0.3372162996	-0.02095213298	-0.2881749614	-0.02623792599	-0.02478298546	-0.0228537861	0.09647376527	0.03472830098	0.1279385397	0.1525019746	0.07879577919	0.07720955631	0.07703940659	0.1140254858	0.1276833394	0.165281448	0.01459868872	0.03124459306	0.1215721117	0.1649854133	-0.01663324411	0.003673641332	0.1543104588	0.02645432927	0.1099781108	0.1156569137	0.08488093486	0.004853305166	0.04474287956	-0.07958162673	0.1107058543	0.03688115972	-0.03290850818	0.1805724913	-0.02165909807	0.03468339398	0.0004459861968	0.0848967962	0.1503961598	0.03573900465	0.08215092353	0.1413828853	0.06505064422	0.0729371417	0.06837019113	0.02740626423	0.03601736745	0.1145773389	0.04417966069	0.1221836424	0.1342811719	0.1274097053	0.09851294752	0.09078335831	0.1209283588	0.06933872418	0.01525260052	0.06752257907	0.1595396832	-0.009917682995	0.04034234595	0.04757184602	0.05695221353	-0.06114988985	0.05820454307	0.04913207394	-0.3402469587	0.1042669545	0.05876621119	0.01613418064	0.05426447855	0.007043716028	0.05988180746	0.08073368164	0.07546589673	0.0541695103	-0.03493438039	0.002796376484	0.04693536395	0.03828721722	0.07488615195	0.1419170653	0.04238651271	0.146007433	0.1824736443	0.1625767612	0.1754642968	0.05932224501	0.09513631701	0.05414906275	0.04287382604	-0.0016726516	-0.007754464187	0.0175372422	-0.05897223342	0.002648514519	-0.07642459006	-0.1128454032	-0.0434017665	-0.04794529321	-0.03155874368	0.03051954081	-0.05603746293	0.1554505869	0.1510245006	0.1214692163	-0.1123571135	-0.01730053567	-0.1075753998	-0.05372957397	-0.04107033161	-0.1197438412	-0.04296244884	0.133922658	0.04065935671	0.1123718731	-0.02478307404	0.0322698682	0.1042454653	0.09538993926	-0.04439934585	0.131130545	0.08971794598	0.1368388612	0.04960545911	0.06879999387	0.03450980077	0.1073065693	0.1535130569	0.1640643232	0.08839458506	0.1533690651	0.03920323801	0.05060916845	0.05421329967	0.08501855236	0.1019487996	0.1499235597	0.01773840438	0.1283008408	0.05834084569	0.05700837878	0.05464480799	0.1183900205	0.04242908707	0.06135634427	0.1137975944	0.01191571142	-0.004587750207	-0.003490005208	-0.04027037357	0.1525084899	0.1349637035	0.0732238208	-0.03423893419	0.1050029933	0.03081599295	0.05078229782	-0.0566525387	-0.3277640125	-0.22570852	0.06515938068	0.07332335074	0.1129368118	0.1446543776	-0.04632297755	0.0625722627	0.007996451549	-0.3067328853	0.1435276767	0.06640340233
0.08261006226	0.1491792148	0.1100962557	0.4424091746	0.222848678	0.1108812704	0.1559592351	0.1184773204	0.1322956748	-0.3944008045	-0.3751623255	-0.3806257447	-0.360607263	-0.3379752655	-0.3416044817	-0.3573325082	-0.3899617891	-0.3807802204	-0.3374407046	-0.3666305765	-0.05856410614	-0.06389378293	-0.3236543011	-0.1053383043	-0.081805662	-0.3436991711	-0.3412159049	-0.3405627263	-0.346585626	-0.07718934241	-0.3349943304	-0.08406935013	-0.01957873148	-0.2416638951	-0.04855873385	-0.336275995	0.1898024178	0.1613493849	0.2448843115	0.07114780713	0.009378125722	0.152572036	-0.3943526538	-0.0982815112	-0.3584706474	0.007226114638	-0.04809870679	0.05208309256	-0.1116704388	-0.05058727158	-0.07669332479	-0.05480519833	-0.3435089863	-0.3326863782	-0.3193535036	-0.09095318677	-0.08074792095	-0.04890760314	-0.3974063265	-0.3985510266	-0.3838375335	-0.03799989008	-0.3380360427	-0.05563926306	-0.04295032569	-0.03431219482	0.0845784338	0.08554067467	0.2059856012	0.229236177	0.1892009533	0.1060447918	0.1055428172	0.1454603071	0.08980245531	0.1554717538	0.01073411749	0.05649994925	0.1197181266	0.207996771	-0.03209452266	-0.01552844161	0.07995271945	0.06299002125	0.06097436062	0.1082992282	0.08763777061	-0.008475879229	0.04916821847	-0.06227547729	0.02004552068	0.02842598821	0.03918694586	0.239689589	0.0294624993	0.0237310101	0.0529196588	0.05687707073	0.1088328898	0.1115882582	0.07954171689	0.1751371953	0.1431637921	0.08925676939	0.03662216634	0.06000979281	0.01577694334	0.1100940977	0.06948200257	0.04575737115	0.2248116152	0.1118941492	0.07743955748	0.06758389032	0.1025631273	0.1312144279	0.03779757411	0.08177400035	0.09150219631	0.03985558863	0.03911474235	0.06435682031	0.01566361896	-0.07354447892	0.04050631111	0.05826902374	-0.3849302603	0.1106983755	0.01697480909	0.02384593645	0.03499296548	0.04870427176	0.08944021901	0.04816091126	0.1321968639	0.11602882	-0.003595187166	0.04656173113	-0.003607582395	0.1082655562	0.04447915222	0.07666932129	0.0270729423	0.06165114943	0.1282061947	0.0905713972	0.2444438523	0.0135940454	0.1062316902	0.0404053198	0.04702438704	-0.01302362646	-0.008544714933	-0.03521923254	-0.05238645226	-0.01993794188	-0.06900583001	-0.1437286442	-0.06448288359	-0.07154764246	-0.06249043834	0.08090999639	-0.07988644205	0.1364988952	0.1859492624	0.05848966972	-0.1387827595	0.04908361082	-0.02650712521	0.01080752854	0.008177969978	-0.1400527559	-0.0005634332713	0.1368817316	0.008722002815	0.0893942281	0.03448805264	0.09499318355	0.142991674	0.0922720972	-0.02359086853	0.06517346466	0.1411037762	0.1627358667	0.09035250208	0.06389404544	0.05632560551	0.1463374074	0.1267632334	0.1488341887	0.03898760508	0.1807444935	0.05982614748	0.0834902309	0.1166669202	0.1288336485	0.07128662951	0.1038550274	0.02517046412	0.1026794115	0.06129698325	0.06434907765	0.008511365147	0.1105391697	0.0509943009	0.02313766774	0.2006879855	-0.04771764375	0.01244107601	0.02242407457	-0.05107793747	0.1168706499	0.1492779267	0.03086705425	0.003211534006	0.1921176958	0.0368738212	0.04681865478	-0.06914996241	-0.3694025397	-0.2399105171	0.1028158783	0.05799761855	0.1146022775	0.1316102096	-0.0752616809	0.08081941914	0.08047883682	-0.365934537	0.1648431261	0.0837687887
0.09515609728	0.07521340528	0.04635848474	0.222848678	0.5396576888	0.04982355686	0.08149355914	0.09103408307	0.02995227103	-0.2968944679	-0.277112721	-0.2820622188	-0.2618335466	-0.2578657621	-0.2723540169	-0.2571301252	-0.2908509068	-0.2845476524	-0.3004794308	-0.2621182388	0.005187898203	0.009036768075	-0.297785907	-0.03762060315	-0.01827419934	-0.259476109	-0.2554001058	-0.2588958732	-0.2645592032	-0.02156319279	-0.2601381419	0.06384972191	0.01437579637	-0.2101582618	0.1085891656	-0.2549623749	0.1298476664	0.1446131802	0.1030819864	0.1420646627	0.1522002531	0.1443633707	-0.2991845084	-0.090934761	-0.2820369473	0.06358006165	0.1176203815	0.03784367469	-0.07686472864	0.06102854118	-0.01521197656	-0.04496314042	-0.2650653638	-0.2499855632	-0.2332117333	-0.02637974577	-0.02498952762	0.01491166678	-0.2934646862	-0.3049849272	-0.2997972097	-0.003438839019	-0.260290694	0.07016486594	0.06934848558	-0.04490152913	0.01884473073	0.03415006166	0.06009369359	0.1353574706	0.115336729	0.06301074611	0.0626994296	0.0685274839	0.05958137946	0.08805738268	-0.005393572171	0.02012361518	0.05933592562	0.08682386701	-0.03515765461	-0.02846961893	0.03961537864	0.103592712	0.02992520261	0.04001773991	0.01610416398	0.006157419343	0.0394523473	-0.05490878591	-0.02474729817	0.005740988241	0.09908832301	0.09788231011	0.04971661508	0.0226766938	0.04653193325	0.04151269993	0.04811973029	0.1158765722	0.05095985012	0.07026368808	0.0585019549	0.05027922752	0.06993208343	0.03180705758	-0.01293994881	0.04433422751	0.07067656258	0.008908460616	0.1040922919	0.1361660442	0.08480666721	0.005236067563	0.03949651985	0.08821529791	0.01158999534	0.02544471115	0.01254456485	0.03374438931	0.03714318414	0.001319412392	-0.02973262584	-0.01258582596	0.01742688364	0.02274347586	-0.2925986289	0.04113775034	-0.005687697655	-0.003868837819	0.01973901182	0.05344533931	0.1097257251	0.03646759175	0.1308731017	0.08513767172	-0.01944968113	0.04022973938	-0.006144100102	0.06349016241	-0.01114757086	0.02711020578	-0.001678347857	0.01601666666	0.04247960963	0.01512792065	0.1124980372	-0.01040501102	0.04077851331	0.01063710575	0.02949167631	0.09735780968	-0.0241551254	-0.02827706559	0.003078822146	-0.001246375775	-0.01385019418	-0.05941722338	-0.006558435537	-0.01872945788	-0.006949809015	0.05008267517	-0.05878142929	0.0530090717	0.1121147494	0.05861789299	-0.08970806882	0.03134037605	-0.01084823454	0.01766918328	0.01573958851	-0.1049693352	0.06199394582	0.08169441634	0.0193149267	0.07903518404	0.03006685581	0.09637905634	0.09404271761	0.03596384472	-0.01701068908	0.001701536295	0.1572747031	0.1002322691	0.03784576373	0.08290092609	0.06091473357	0.04951994619	0.0387131192	0.07103849708	0.02353719741	0.1130696443	0.05977867996	0.03305045859	0.06231421529	0.1097432676	0.06204372276	0.06308412445	0.05346507798	0.07426868585	0.03470672406	0.0557905033	0.01689790361	0.07833611196	0.1600862689	0.007712596405	0.06933248688	-2.462900981e-05	0.07828906636	0.06068185535	0.007667989396	0.03204377508	0.07588308999	0.01558855877	-0.006154495393	0.1122891278	0.01946105718	0.02344713616	-0.009542842379	-0.3190157738	-0.2008730541	0.02974678108	0.01467004279	0.1269799847	0.07022683833	-0.009855432674	0.05561540423	0.09192265984	-0.3182951696	0.07784621208	0.04252936564
-0.026759375	0.1091749902	0.05807629405	0.1108812704	0.04982355686	0.7690080371	0.1125866585	0.09108751602	0.102602667	-0.3249981083	-0.3110875692	-0.3098963411	-0.3017993368	-0.2768019052	-0.2787031335	-0.2847261634	-0.3182166433	-0.312858758	-0.2558187482	-0.2950445933	0.08288939287	0.05107141226	-0.2619648646	-0.01239054099	0.02043494284	-0.286070113	-0.2852624791	-0.2720396482	-0.2992322878	0.006590927855	-0.2763286051	0.03242387471	0.07254906209	-0.1804381241	0.02200240815	-0.2733906468	0.07893969623	0.09677916832	0.09822947463	0.1468673195	0.1437349885	0.0886092086	-0.2846212863	-0.003922718378	-0.2832746241	0.02278729293	0.03748554071	0.08852827319	-0.03232385897	0.04872686826	0.001192755901	-0.0404880359	-0.2880575078	-0.2806726723	-0.2592043969	0.002589700591	0.01335591394	0.07125635242	-0.3011008537	-0.3152525689	-0.3136022573	-0.003788013092	-0.2563467545	0.04111394265	0.04399178505	-0.01193959178	0.04310497971	0.05751767013	0.06797574331	0.09740572342	0.01310327872	-0.03881590108	-0.03832680419	0.04301081502	0.05095189957	0.06866329742	0.06887439966	0.02935586158	0.1824407009	0.08963217603	-0.02747236588	-0.07336951386	0.05243457637	0.05588083168	0.01424533684	0.02104784526	0.01985705636	-0.03356809265	0.01309697402	-0.05273171973	-0.05382574521	-0.05799856917	-0.01424179789	0.09358429836	-0.08228054575	-0.03747765024	-0.01672589478	0.02026799972	0.02863376626	0.03965005347	0.06623085105	0.0598445285	0.08532119982	0.01307002235	0.04361277634	-0.02220577691	-0.04784376254	0.1478932898	0.06494752308	0.1901913986	0.07826136958	0.07527057463	0.06669182132	-0.002969599154	0.0260191238	0.0484693729	-0.0271836183	0.2352845639	0.2429420029	-0.03625163459	-0.0035381025	0.2812133652	0.1590312468	0.1681335469	-0.01130321514	0.0696838395	-0.2771491905	0.2522583107	-0.04790419134	-0.03148733977	0.01003703868	-0.01811608603	0.01990665175	-0.04289781694	0.01531194637	-0.02662152505	-0.01252088365	-0.03104103472	-0.06196474565	0.08308420757	0.01303323622	-0.005288106626	-0.02099227674	0.3080909357	0.2861212028	0.2631469076	0.06582714982	-0.04875748979	0.04346393297	-0.00934969266	0.04510795538	-0.03239919125	-0.02154228094	-0.0153798866	-0.06337117186	-0.008986873615	-0.06064441849	-0.04201509155	0.005651745357	-0.06633723714	-0.08050818044	0.06751741335	0.00586235315	0.0847066473	0.04639186157	0.05365795348	-0.1031872082	-0.006983687419	-0.0249935339	-0.02767161368	-0.02373221215	0.00320937966	0.01289124191	0.03221014604	-0.0003566261518	-0.05168014218	-0.01621774426	-0.06992170231	0.1853644201	-0.02453905258	0.06183030176	-0.0117465351	0.002269815942	-0.01275019601	0.03904578404	-0.02484719747	-0.03898334889	0.001891486789	0.3033636476	0.04196049167	-0.02759635514	0.02587804559	0.08089366817	0.06689493842	0.02624757794	0.1021530311	0.1880728614	0.03661477213	0.166790022	0.01657031729	0.07555182119	0.08639008497	0.1787318138	0.001303888222	0.09312735269	0.02152931098	0.1328996447	-0.02260687035	0.02624951601	0.05330586151	0.05977295693	0.3613259955	0.0410365701	0.1658246485	0.01890170397	0.005996291137	-0.02803775301	0.02175809867	0.0394820774	-0.2925497064	-0.1971990193	0.07133498628	0.06828516735	0.0584256219	0.04463766746	-0.007273213064	0.1377629598	0.04467969062	-0.2971912084	0.1406297501	0.1113811991
0.04912385249	0.1085954514	0.07928252403	0.1559592351	0.08149355914	0.1125866585	0.5499175131	0.1502991431	0.08123061413	-0.3495147248	-0.3404903472	-0.3317090984	-0.3189573698	-0.2952583308	-0.2648539288	-0.3038484575	-0.341601691	-0.3250434786	-0.2828537989	-0.3220263079	0.114611935	0.04574988224	-0.2868351349	-0.07360247152	-0.04279493914	-0.2798995272	-0.303464678	-0.3000041714	-0.276172378	-0.01876861667	-0.2981345217	0.006325330323	0.09698547783	-0.1940306238	0.07256918516	-0.3058793812	0.1275120401	0.1309253694	0.142097659	0.09206436103	0.09406427726	0.09412744689	-0.358371766	-0.04639012556	-0.2837501904	-0.006895189173	0.03985425532	0.09950893353	-0.05225145371	0.05160455349	-0.03185399575	0.02103463177	-0.28545179	-0.2868290754	-0.2796045696	-0.02271393949	-0.04243686339	0.01230870585	-0.3186708433	-0.3124483464	-0.3553214419	-0.03363933651	-0.2948692587	0.03614739389	0.07093427592	0.05130377764	0.0779019662	0.05511199283	0.1691314373	0.1032492619	0.0863462422	0.01791498756	0.01790084364	0.05043718763	0.05568814058	0.1201057641	-0.00627240212	0.04745835836	0.08771218423	0.11358765	-0.005020639496	-0.02668217301	0.07039664999	0.04188795383	0.0237758998	0.08414432591	0.05688562777	0.001719816509	0.04863635554	-0.02289070086	0.001688456781	0.04188377653	0.02468700688	0.1409983893	-0.01500550659	0.0004402498081	0.0118795349	0.04207295858	0.06502351591	0.04447977964	0.07480904549	0.09745276798	0.0628186059	0.03530237435	0.03733723992	0.009648026584	0.03589193239	0.1159599707	0.05462984179	0.03672627463	0.1075666469	0.07807313365	0.1451879942	0.05573056579	0.09619894929	0.07763748827	-0.01559040199	0.05450125274	0.06623753555	-0.005419829683	0.02581693372	0.01808133028	0.01759705717	-0.04548113653	0.009343802342	0.07403308305	-0.3503717514	0.05053797636	0.03936976909	0.06908320945	0.02375134165	0.0103223935	0.07035891355	0.04005832086	0.04496560715	0.02550011679	0.004157327592	0.0007433929463	-0.01437175217	0.07829514761	0.08564863587	0.05391138594	-0.008852095744	0.0479617281	0.09848753791	0.07669884122	0.1197684029	-0.001149648686	0.1319554946	0.004444692866	0.08115102285	0.03903780719	-0.0209736135	0.02532363134	-0.02774192163	0.1496368844	-0.05353373999	-0.09666908961	-0.02364118248	-0.02815102069	-0.05161353483	0.07251941582	-0.03797152028	0.1377834906	0.0848799689	0.05785068966	-0.07153582683	0.01711537964	-0.04757846156	-0.009958030008	-0.007213798212	-0.07588630678	-0.02022307238	0.06075476791	0.1008323972	0.01024001785	0.002301119385	0.003945759887	0.01485546236	0.02043333623	0.04322724297	0.05510300887	-0.005478352223	0.02798796368	0.05266500885	0.001660877134	0.05293900066	0.08907442353	0.1343786464	0.1027067502	0.02342570418	0.1045910542	0.05325641495	0.04345021251	0.0684915638	0.06079195147	0.09111590136	0.04114150011	0.06359945137	0.04971375901	0.0825871298	0.0616003207	0.0410960663	0.05518409168	0.09796776129	0.01894296958	0.1444543004	0.02888898321	0.03119098714	0.06909222072	0.05805690848	0.1132856194	0.1066540519	-0.0009167273737	0.009988079493	0.08167466303	0.02486236093	0.0285083144	0.04995741338	-0.2889130029	-0.194299851	0.03850386967	0.0306763448	0.08918949437	0.1534388068	0.0058550562	0.1103454564	0.08912414919	-0.299501365	0.09216951326	0.06090765321
0.1096918101	0.08994574194	0.1300517733	0.1184773204	0.09103408307	0.09108751602	0.1502991431	0.4825886794	0.1174919145	-0.3891745883	-0.3771251538	-0.3727756032	-0.3546368938	-0.3426338212	-0.3133613555	-0.3492415759	-0.3872147771	-0.3683831533	-0.3055344216	-0.3637670068	0.08959661566	0.07303311538	-0.3385053092	-0.1024149458	-0.07059883376	-0.3249646922	-0.3539384599	-0.3475051494	-0.3198228449	-0.03629661349	-0.3467364078	0.02109428587	0.1074301425	-0.21746128	0.06061659718	-0.3439829515	0.2187825889	0.2127150461	0.2012780355	0.1106824211	0.08803138396	0.1825848166	-0.3876871773	-0.0686409878	-0.3437219134	0.08922156243	-0.01992209722	0.08280221959	-0.09981019618	0.07069045112	-0.05117496535	0.04721291512	-0.3214775534	-0.3390508495	-0.329888167	-0.04162475528	-0.06816158692	0.03867825845	-0.3703283366	-0.3645138761	-0.3744907043	-0.02397057484	-0.346119917	-0.02060648318	0.02126377485	0.04173512441	0.0679822995	0.1056072747	0.1234435266	0.1477336572	0.1306943792	0.08707026198	0.08699842309	0.09322651757	0.0956298861	0.1257390504	0.01208803598	0.0333796243	0.08151238344	0.1517246229	-0.04795118935	-0.03021450328	0.07534238499	0.0242856281	0.0648609219	0.07045377917	0.07161935911	0.01108976829	0.04456571479	-0.07172675779	0.04678754967	0.04519954284	0.01063946805	0.1961543763	-0.0180213924	0.02635015683	0.0008885688808	0.01958284256	0.1132264134	0.05816397485	0.06300039951	0.1509740113	0.09993842409	0.05237897429	0.0610776535	0.03347534728	0.01790695396	0.1102807363	0.04982904697	0.04699347956	0.1116809355	0.1676976347	0.1219971949	0.05414940755	0.09837702815	0.06328773233	0.01539666538	0.04499986814	0.08912187627	-0.01566937202	0.03076031504	0.05840658585	-0.003246425475	-0.08439812613	0.01323973659	0.02151216128	-0.3783638415	0.03935681785	0.02322759251	0.0357704127	0.001757696437	0.01050660541	0.04910777157	0.0224596231	0.06002813662	0.0328894668	0.01345352284	0.002856524406	-0.008749119624	0.07168378794	0.05164565916	0.06598214927	0.003420119654	0.0889247907	0.1017570697	0.09147818906	0.174636541	0.03440770111	0.06302112872	0.01214188507	0.08433218825	0.05606286636	-0.02524947196	0.01823243006	-0.01688805148	0.06922721093	-0.04609461075	-0.110100756	-0.02555427966	0.003483943642	-0.02389378823	0.06482018571	0.01624633105	0.1004729387	0.1390028653	0.06647017793	-0.09582513841	0.01945896641	-0.07112539627	-0.0153178331	-0.01858981846	-0.08841517319	-0.02927175061	0.1237908333	0.03989175616	0.01798398002	0.006882446954	-0.0001198000027	0.07906610664	0.07024160222	-0.01329075147	0.04772435464	0.09588441771	0.1045029938	0.0665778537	0.03888206691	0.04386724106	0.1169605687	0.159764172	0.1025028285	0.04560080649	0.1262272028	0.0554454541	0.0486932808	0.05699049044	0.106152961	0.08969172633	0.07123276419	0.03904862439	0.07224015873	0.06182940947	0.05360308427	0.06069134032	0.06119500625	0.127866175	0.06687755523	0.1658916177	0.02756465245	0.04055553995	0.05650698119	0.05538818135	0.1215178609	0.1348070489	0.03890090432	-0.04567213156	0.0902441169	0.03882355291	0.01051064913	0.07578125994	-0.3204511559	-0.209865972	0.07913595095	0.06570027702	0.1764846869	0.1081115313	-0.05491444737	0.0446056986	0.06738216493	-0.330433375	0.1320903148	0.08380496255
0.06774249919	0.09065972179	0.1131487822	0.1322956748	0.02995227103	0.102602667	0.08123061413	0.1174919145	0.4923519169	-0.3825730915	-0.3662639916	-0.3691896774	-0.354212902	-0.3507477367	-0.3373631886	-0.3616837056	-0.3802219362	-0.3702949392	-0.3385399422	-0.3740645676	-0.06262180602	-0.07983683907	-0.3350513872	-0.1014811769	-0.07686489466	-0.3578108405	-0.3552926246	-0.353203129	-0.3486050562	-0.0759433497	-0.3527283808	-0.07484537752	-0.06397228943	-0.2343679962	-0.08905561569	-0.3551614375	0.1093403777	0.1072990463	0.1545064179	0.03234732653	-0.009794980304	0.07395934181	-0.3936406398	-0.05868910842	-0.3691103089	-0.0008092075361	-0.07030984518	0.002893085194	-0.07312085664	-0.07042700497	-0.03488101722	-0.06259367945	-0.3566293061	-0.3424502509	-0.3363457451	-0.07718416109	-0.06968007401	-0.04055086587	-0.3961110269	-0.3916210452	-0.3754937614	-0.06070416914	-0.3481100891	-0.06888790208	-0.06951546196	-0.04576251426	0.09130230375	0.03259550887	0.09713399832	0.08324145441	0.1430920882	0.0762034747	0.07600750708	0.1265635618	0.2678927262	0.1515525959	0.1849675959	0.1024748823	0.101266781	0.1541103286	0.07380344995	0.07862339143	0.0619859514	0.04999676377	0.1506358866	0.1132543258	0.1216036254	0.09754319452	0.03494607642	0.003548440346	0.03454309844	0.03063084904	-0.03540118569	0.1573616783	0.04518683953	0.03120461379	0.01620895846	0.06823495604	0.07977043457	-0.0009588845042	0.0726205334	0.1454795378	0.1365122907	0.07405830926	0.1480948077	0.01129867006	0.03592140368	0.1235101989	0.01435721041	0.08392902589	0.1443111184	0.09323306598	0.09853468097	0.09929167857	0.1347589026	0.07855374397	0.04788206285	0.08604611273	0.123177823	0.07127473621	0.02058567226	0.07694622571	0.003451362885	-0.03745040857	-0.01078446299	0.08843052729	-0.3839488339	0.08573835403	0.03464017218	-0.001039103377	0.04344102235	0.009746337091	0.03071931747	0.06618658423	0.06044274932	0.01534873253	0.05348953473	0.01218351955	-0.0003391168118	0.1134962654	0.04361538316	0.07914876366	0.1088006254	0.2299419467	0.1047293905	0.1083722157	0.1075538579	0.1170094144	0.05313943401	0.1299799518	0.1109347858	-0.03763759807	0.03170768659	0.02659632522	0.006361209968	0.0100370587	-0.00417512222	-0.06126326169	0.0228887915	-0.01983559594	0.0051166038	0.1465595234	0.03852575009	0.1979914821	0.09768138892	0.0322684174	-0.078390734	0.04438085613	-0.02836215879	0.02948839031	0.0145962089	-0.02352698463	0.04080042725	0.08403584641	0.02807679894	-0.01521477529	0.05134577263	0.01144506437	0.06579594752	0.06776313276	-0.0635266141	0.06552384586	0.04489634662	0.06673926567	0.1432363286	0.08391166398	0.0235121932	0.09555937786	0.1724168412	0.1480855355	0.03830217538	0.1632089446	0.002485502914	0.05261691568	0.04630153944	0.05812859266	0.1413494455	0.08292093896	0.04022960403	0.2106628613	0.1806754142	0.1840293461	0.1155776094	0.2295846196	0.03185351873	0.06816516759	0.09831722292	-0.001141342834	-0.008844709781	-0.06802862423	-0.06738127565	0.2140469211	0.1116231505	0.09584823144	0.006349241124	0.07730518661	0.02201305446	0.1106394992	-0.09989458891	-0.3571821115	-0.2369688435	0.08882068042	0.1203143124	0.06981542956	0.1292408026	-0.05896027193	0.1487202604	-0.04273926496	-0.3487005619	0.1902677818	0.1131322281
-0.3286418367	-0.3834843556	-0.3395250662	-0.3944008045	-0.2968944679	-0.3249981083	-0.3495147248	-0.3891745883	-0.3825730915	3.419980319	3.097699253	3.120696944	3.007349732	0.9959106287	1.002505653	3.005707061	3.123686563	3.031087429	0.872500544	3.001538569	-0.2544255632	-0.2243541171	0.9275062117	-0.05079649864	-0.1387936733	0.9866941582	1.032594912	1.016504425	0.9833787727	-0.1046953311	0.9960814114	-0.1107062407	-0.1897211589	1.127471729	-0.1088967537	1.010559363	-0.3845220511	-0.3946043525	-0.4181492534	-0.278076568	-0.2090569859	-0.3981161574	2.917389481	0.03703543708	1.083115017	-0.2778000538	-0.08161812871	-0.2418560652	-0.05321536596	-0.2181050435	-0.1788693595	-0.1991274343	1.068760593	1.004136624	0.9455807616	-0.1025886334	-0.1001877975	-0.2302048446	2.904677727	2.969288434	2.89761623	-0.1285909327	0.9937840207	-0.1745937851	-0.2112360839	-0.2401844922	-0.3248453634	-0.2278760363	-0.3987555609	-0.4040577617	-0.3919029398	-0.3008445681	-0.2997542963	-0.4048143149	-0.3744478255	-0.4091190688	-0.3266180451	-0.3245975597	-0.4064265165	-0.4064812769	-0.2832051097	-0.3324834193	-0.3467665649	-0.3166247471	-0.3812501129	-0.3517525043	-0.2996945868	-0.3441509185	-0.3801108078	-0.284956012	-0.2399401429	-0.3855046064	-0.33014859	-0.4192690899	-0.3361169574	-0.3814047566	-0.361529814	-0.3815846404	-0.3568354892	-0.3511857684	-0.3778250315	-0.40117768	-0.3408008928	-0.3761086771	-0.3241735458	-0.3684809472	-0.3492856311	-0.4043291711	-0.3233711035	-0.3247548173	-0.4031011724	-0.3976857756	-0.3115068063	-0.3875717907	-0.4020272677	-0.4249841783	-0.3773681678	-0.4043597554	-0.3484858369	-0.3507209445	-0.3801794345	-0.3823052074	-0.3577651334	-0.2928863806	-0.3144434895	-0.2903067818	2.854505523	-0.3914255096	-0.3487272259	-0.388975961	-0.2993991482	-0.3653778017	-0.3421530414	-0.3961843743	-0.3532544183	-0.3064459864	-0.2343124079	-0.3672623867	-0.3347247963	-0.3297052699	-0.3519141649	-0.3543525357	-0.3775213469	-0.3938470082	-0.4137124293	-0.351795481	-0.4080998136	-0.3792375687	-0.3814018772	-0.3769930425	-0.4101460497	-0.2780210483	-0.3182514665	-0.3296785045	-0.2426227848	-0.2183525258	-0.2395145141	-0.1100351956	-0.2825592028	-0.218453294	-0.2276309985	-0.3568773797	-0.1845114775	-0.3995694501	-0.400723451	-0.3410232716	0.007282182177	-0.27001282	-0.05287846087	-0.1917599537	-0.2071718478	0.03061526289	-0.282736288	-0.3946503427	-0.2600782767	-0.3424190529	-0.2646625527	-0.3065581104	-0.361923715	-0.4004070945	-0.3135937157	-0.3456885221	-0.3111314813	-0.3532874641	-0.3932542797	-0.313125296	-0.3403075822	-0.3996303149	-0.4116181455	-0.40501377	-0.3207546876	-0.4090042599	-0.2828870933	-0.3410478192	-0.3719760748	-0.3558395621	-0.3452053288	-0.3159778099	-0.3113255666	-0.3741187968	-0.3638603532	-0.3563599749	-0.3670215516	-0.3860522211	-0.3003058799	-0.2644711364	-0.3313893138	-0.1298302003	-0.2700225928	-0.2494643783	-0.2473841547	-0.4006275288	-0.3986107603	-0.3187471581	-0.3048478868	-0.3493134535	-0.3211288301	-0.3533089093	-0.09089993101	2.725832901	1.157448974	-0.3620832473	-0.3407218351	-0.393570995	-0.3986427184	-0.01563644555	-0.3614222025	-0.2777568644	2.649864493	-0.3752547891	-0.34945057
-0.3369300716	-0.3621445168	-0.3556067588	-0.3751623255	-0.277112721	-0.3110875692	-0.3404903472	-0.3771251538	-0.3662639916	3.097699253	3.327323492	3.138109587	3.083859469	0.9545510919	0.9896912416	2.969137435	3.057774854	2.989478316	0.8616522927	2.993309984	-0.2360819387	-0.2620070624	0.9061184082	-0.08329476378	-0.1278723779	0.9257757649	0.913328534	0.9401953175	0.9164472643	-0.09336480358	0.9515000628	-0.1433311412	-0.1654213861	1.113369745	-0.1379772284	0.95343499	-0.3657798184	-0.374544412	-0.3975148716	-0.2596020539	-0.2003680462	-0.3779718796	2.832348811	0.02448203915	0.9664933906	-0.2564272637	-0.08237270428	-0.2319616695	-0.02280041484	-0.2023925569	-0.1552492147	-0.2199527694	0.9916358485	0.9467364014	0.8908731954	-0.0924541099	-0.08954499258	-0.2114522344	2.807049316	2.910666024	2.811280048	-0.1580352454	0.935740596	-0.1522577456	-0.1934696125	-0.21013521	-0.3093876127	-0.2599428027	-0.3765228129	-0.384125131	-0.3714662402	-0.3261323829	-0.3255831036	-0.3803635494	-0.3585627639	-0.3890418112	-0.3121505148	-0.3658047675	-0.3848589255	-0.3870157627	-0.2649854599	-0.3160411269	-0.3795240359	-0.2996531744	-0.3654174216	-0.3829512263	-0.3361613956	-0.3232819986	-0.3602259787	-0.2504743008	-0.30071725	-0.3608302598	-0.313272869	-0.3985641166	-0.3157483298	-0.360239167	-0.3435849597	-0.3609327211	-0.3884516175	-0.3824604973	-0.3597666619	-0.3806751293	-0.3206870402	-0.3687679024	-0.3050205839	-0.3479577711	-0.3330609298	-0.3852949544	-0.3352726406	-0.3345082642	-0.3845890741	-0.3770369735	-0.2901623794	-0.3682432523	-0.3864318077	-0.4029259881	-0.3620692009	-0.3848159657	-0.332370606	-0.3314368638	-0.3599672554	-0.3637174674	-0.3397241323	-0.2797263896	-0.2989743596	-0.2593725339	2.773851579	-0.3709067344	-0.3322908559	-0.355534917	-0.3362596374	-0.3463008551	-0.3264252437	-0.3759896134	-0.3294109846	-0.3357869103	-0.311775457	-0.3469137502	-0.3673158576	-0.3512648844	-0.3304450928	-0.3601104696	-0.3602421055	-0.3740149152	-0.3921455668	-0.3328695425	-0.3872509797	-0.3596651359	-0.357930322	-0.3579171738	-0.3807510013	-0.2443260341	-0.2911863861	-0.3021837562	-0.2087640421	-0.2454116985	-0.2069647137	-0.07728241184	-0.2506903923	-0.1867336322	-0.2036759082	-0.3341840693	-0.2536122442	-0.3824003948	-0.3808158215	-0.3582411672	0.001870443942	-0.2946347494	-0.07418435925	-0.1667362593	-0.2329259906	0.05860293582	-0.275932146	-0.3737814997	-0.2488461673	-0.3613427413	-0.2888637139	-0.3370470847	-0.3928996967	-0.3810854188	-0.2777284011	-0.3487787406	-0.3443546691	-0.3854048163	-0.3833153596	-0.2991382903	-0.3185493388	-0.3782560116	-0.3895396668	-0.3851175573	-0.3545294831	-0.3903681358	-0.312922508	-0.3185209323	-0.3438652275	-0.3375313448	-0.3270027641	-0.2886703272	-0.2945143471	-0.3536306059	-0.3528501981	-0.345627606	-0.3437848809	-0.3675855747	-0.2933616331	-0.2397549366	-0.3109951746	-0.1245994533	-0.2484074392	-0.2472516618	-0.2335755967	-0.3787532369	-0.3713064479	-0.3514845339	-0.288806256	-0.3796194479	-0.3554175027	-0.3357252587	-0.1255319296	2.721606743	1.140972677	-0.3939047615	-0.366873998	-0.3739545219	-0.3773778083	-0.01923009526	-0.3461469802	-0.259354542	2.608155777	-0.3521677782	-0.3230514447
-0.3432481145	-0.3711581509	-0.3607185158	-0.3806257447	-0.2820622188	-0.3098963411	-0.3317090984	-0.3727756032	-0.3691896774	3.120696944	3.138109587	3.360609301	3.041594517	0.9807154124	0.9986799371	3.004605318	3.063613522	3.016493411	0.8677490639	2.98688429	-0.2356760758	-0.2522486032	0.9219271549	-0.08915575101	-0.1209651249	0.9359825799	0.9411218685	0.9626162761	0.9218587293	-0.08141557714	0.9467455989	-0.1390269847	-0.1650718016	1.127617494	-0.1242756456	0.9785427668	-0.3734186051	-0.3818178804	-0.4053988509	-0.2692546993	-0.2052059161	-0.3872613394	2.852931899	0.0436203903	0.9963337751	-0.2670586078	-0.06250371592	-0.2222289698	-0.02077328965	-0.1986576918	-0.1606229088	-0.2076994303	1.02413079	0.982824042	0.9307404786	-0.08028624412	-0.08098668461	-0.210544928	2.836716823	2.938934909	2.833281072	-0.1607317803	0.959464096	-0.156792549	-0.1866435902	-0.2045368945	-0.3165897907	-0.2693610918	-0.3854911973	-0.3919742946	-0.3792676004	-0.3367110285	-0.3359900541	-0.3905056324	-0.3580136506	-0.3956618689	-0.3097676909	-0.3610300655	-0.394827557	-0.394021203	-0.268490863	-0.3170056297	-0.3879002208	-0.3046081905	-0.3719936564	-0.3897917965	-0.3378031486	-0.3292996305	-0.3676522092	-0.2551176319	-0.3063351974	-0.3654432222	-0.3175309483	-0.4063912622	-0.3172003292	-0.3675989694	-0.3462920274	-0.3672893669	-0.3980791422	-0.3872019316	-0.3646879575	-0.3881119313	-0.3311766821	-0.363875164	-0.3113898087	-0.3554026513	-0.3402179931	-0.3832839541	-0.3416914001	-0.3380538624	-0.389801637	-0.3855862409	-0.2934898697	-0.3750370402	-0.3902292555	-0.4106709205	-0.3672977548	-0.3925078787	-0.3377877414	-0.3367555864	-0.3674606063	-0.3698813106	-0.346472309	-0.2797703648	-0.3041393913	-0.2703515868	2.792176567	-0.3764704391	-0.3393389244	-0.3636685942	-0.3370323436	-0.3526890212	-0.3279617403	-0.3836634923	-0.3403398445	-0.3421807328	-0.2716933117	-0.3523681171	-0.3739630111	-0.3119751262	-0.3396109283	-0.3674458261	-0.3681050059	-0.3775664321	-0.3997168334	-0.342702049	-0.3956639988	-0.3666274112	-0.36727858	-0.3644885243	-0.3839022585	-0.2565107076	-0.3073057855	-0.3115776395	-0.2199948655	-0.2212159405	-0.218185223	-0.08619682311	-0.2584845287	-0.1970753774	-0.2051769379	-0.3439758083	-0.2210274426	-0.3867215829	-0.3883401061	-0.3638262404	0.03021830702	-0.2909269956	-0.06638043402	-0.1604660842	-0.2274853833	0.06845489927	-0.27011192	-0.3815893445	-0.254023367	-0.3615355094	-0.2859128893	-0.3448240766	-0.3966990773	-0.3899350166	-0.2854304476	-0.3568478667	-0.3491235747	-0.3904160676	-0.3805189474	-0.3067237538	-0.3249304316	-0.3902689602	-0.3961976718	-0.390950712	-0.3616200634	-0.3963592556	-0.320235541	-0.3282586709	-0.3587549393	-0.3442444448	-0.3326594779	-0.2955199294	-0.2948868048	-0.3603063421	-0.3496639118	-0.3428592233	-0.3480296739	-0.3738724091	-0.3018752843	-0.2428908132	-0.3207484594	-0.1024594059	-0.2494247268	-0.2395539435	-0.2306702941	-0.3852471601	-0.3866091475	-0.3560696761	-0.288418991	-0.3869873678	-0.3621750432	-0.3429120252	-0.1295552892	2.745172017	1.154186979	-0.4000609255	-0.3753995562	-0.3815126862	-0.3866723257	0.001340437631	-0.3479742084	-0.2670323983	2.643331622	-0.35844578	-0.3316779927
-0.3230869512	-0.3491012937	-0.3408544591	-0.360607263	-0.2618335466	-0.3017993368	-0.3189573698	-0.3546368938	-0.354212902	3.007349732	3.083859469	3.041594517	3.174514338	0.9374197917	0.9219113277	2.967483109	2.935373085	2.95955184	0.8275252637	2.926118588	-0.2183998371	-0.2413309132	0.8478944359	-0.09060708158	-0.1293232349	0.8885609065	0.9008993038	0.9063311615	0.8622293562	-0.0900600684	0.8859488428	-0.1449856085	-0.1502961947	1.085370268	-0.119271294	0.9192115425	-0.3515016895	-0.3596057062	-0.382495682	-0.2483089735	-0.1920383461	-0.3640507039	2.743200264	0.005889110129	0.9325947904	-0.249302489	-0.05178438005	-0.2162182246	-0.03735671129	-0.2019587958	-0.1606420531	-0.2119257763	0.9615861027	0.9210287274	0.9105432406	-0.08961389172	-0.09113059597	-0.1991934547	2.753551513	2.840445549	2.714401652	-0.1673700436	0.898794418	-0.1497789384	-0.1781667709	-0.2014126484	-0.3356474186	-0.26552652	-0.3647312794	-0.3691305326	-0.3580667278	-0.3412350973	-0.3404205957	-0.3677510506	-0.3476228303	-0.3738411697	-0.3033446123	-0.3522904716	-0.3762013122	-0.372158624	-0.2749009627	-0.3237845744	-0.3646334288	-0.3012807179	-0.3513696124	-0.3683977585	-0.3217514815	-0.3108172726	-0.3465110226	-0.2781641591	-0.2894625632	-0.3488046322	-0.2999125626	-0.3835936806	-0.3223537197	-0.347473262	-0.3291000651	-0.3459813656	-0.3736262313	-0.3682357883	-0.3450043656	-0.3667580559	-0.3091784109	-0.3550701425	-0.2933025395	-0.3340640651	-0.3220710268	-0.3690465145	-0.3222192269	-0.3257231343	-0.36925515	-0.3627727627	-0.2956306826	-0.3523409386	-0.3699859048	-0.3887015606	-0.347226063	-0.3733679085	-0.3199867999	-0.3194010707	-0.3463873353	-0.3515934669	-0.3324772038	-0.3028294564	-0.2906029473	-0.2686972127	2.689756053	-0.35934751	-0.3210647549	-0.3602081609	-0.3214086272	-0.3324696911	-0.3115423949	-0.3615690491	-0.3179012522	-0.3200259809	-0.2618063459	-0.3329828464	-0.3532556913	-0.3205738196	-0.3194187457	-0.3482213895	-0.3468844774	-0.3704494004	-0.3819170285	-0.3215279468	-0.3725641231	-0.3476007694	-0.3468366983	-0.3446060451	-0.3771611218	-0.246078615	-0.285051737	-0.3025470449	-0.2059509793	-0.2251034006	-0.2269553913	-0.1041207666	-0.2454288603	-0.1895794952	-0.1995321055	-0.3318799892	-0.2118512462	-0.3685113259	-0.3659312267	-0.3435748574	0.02871621012	-0.2948578466	-0.0983639225	-0.1693685964	-0.2339589737	0.02226473877	-0.263144979	-0.3595228588	-0.2582866753	-0.3465804276	-0.2896243165	-0.3229524533	-0.382289143	-0.3662184179	-0.2826614112	-0.3369535026	-0.3292290608	-0.3708323865	-0.3674366275	-0.2830631316	-0.3039706236	-0.3657912327	-0.3798955755	-0.3699402514	-0.3395151342	-0.3755047966	-0.2992635682	-0.3090230141	-0.3357963739	-0.3230266693	-0.3232450505	-0.2931845824	-0.2896211016	-0.3681365368	-0.3660408931	-0.3591512139	-0.3390548875	-0.3561550158	-0.2805614187	-0.2453043359	-0.3162923899	-0.1379802204	-0.2393642054	-0.2266261186	-0.2300165427	-0.3696640228	-0.3619229497	-0.3410634524	-0.2993896378	-0.3660494364	-0.3419125985	-0.3259226182	-0.1109887896	2.645887449	1.11353727	-0.3787436035	-0.3578117541	-0.3601089333	-0.3646188998	0.009703733432	-0.3307694405	-0.2511148122	2.577930469	-0.3383751864	-0.3142374673
-0.3140822671	-0.3250625079	-0.3370947747	-0.3379752655	-0.2578657621	-0.2768019052	-0.2952583308	-0.3426338212	-0.3507477367	0.9959106287	0.9545510919	0.9807154124	0.9374197917	3.052862772	2.467003021	0.9421327244	0.9721369425	1.018203534	2.413088654	0.9152725631	-0.1948983208	-0.203782626	2.477152281	0.01611453706	-0.02590598841	2.562787001	2.561382674	2.686161256	2.485831388	-0.04925435938	2.525111917	-0.1386166035	-0.001857734241	0.8323369889	-0.06640153504	2.595335421	-0.3420382287	-0.3537962171	-0.3748842977	-0.2379434925	-0.1467248969	-0.3640104389	0.9335758194	0.04092099446	2.606139966	-0.2476692563	-0.0003030920409	-0.2084739892	0.1951502947	-0.1922110635	-0.08256851445	-0.1612951182	2.575252284	2.506586597	2.50494598	-0.03767440226	-0.02996345092	-0.1801561524	0.9541946478	0.9884231121	0.9129298438	-0.2108952379	2.638867644	-0.1099036397	-0.1495465404	-0.1503910384	-0.2914003975	-0.2026615945	-0.3320425508	-0.3604329757	-0.3468505227	-0.3007940439	-0.3003639429	-0.3609963539	-0.3455917555	-0.3591578584	-0.2985031173	-0.3050124134	-0.3639872292	-0.3650682377	-0.283340615	-0.3042466853	-0.3524180342	-0.2754921347	-0.3430299191	-0.3566683923	-0.3088815353	-0.3098126955	-0.3351929129	-0.2412854841	-0.2806661316	-0.3455954848	-0.2655331194	-0.3759970428	-0.3036136525	-0.33692698	-0.3320558665	-0.3411397574	-0.3592865578	-0.3332682737	-0.3409687187	-0.3560661233	-0.2899744889	-0.3025132577	-0.2973663316	-0.3154443369	-0.323157629	-0.3390010468	-0.2946972397	-0.3242440803	-0.3590241162	-0.3658611722	-0.3002560662	-0.3341595972	-0.355197163	-0.3637127943	-0.344014123	-0.3681890941	-0.3538701906	-0.3207471492	-0.3375082668	-0.3336963397	-0.3047622996	-0.2110106677	-0.2741386794	-0.2792068115	0.9080226948	-0.353137555	-0.3206600817	-0.3541108563	-0.3221270798	-0.3313177378	-0.3072817427	-0.3517548439	-0.3006675169	-0.3292542902	-0.2542620688	-0.3318352659	-0.3376209808	-0.2937132128	-0.2859569789	-0.3368025117	-0.3406712465	-0.3625559208	-0.3770210974	-0.3614698064	-0.3643653055	-0.3323267291	-0.31373538	-0.341457954	-0.348998778	-0.1994963792	-0.236537091	-0.2608892077	-0.1828196891	-0.1271602105	-0.1512438047	-0.06248279988	-0.2387741108	-0.1763186275	-0.1443750262	-0.320724745	-0.1555761933	-0.360351467	-0.3552831774	-0.3467320212	-0.01068341664	-0.2867410737	-0.08321861679	-0.1752810972	-0.2269167844	0.00768612497	-0.2333967865	-0.3518336985	-0.1739264685	-0.3398676888	-0.2863994228	-0.3270195235	-0.3739032864	-0.3558344	-0.2506789674	-0.3308896172	-0.3126980636	-0.3510039207	-0.3291688637	-0.2829870102	-0.2990319266	-0.3511456354	-0.372557017	-0.3555297685	-0.3269208929	-0.3654956159	-0.302392922	-0.2806572579	-0.3071182401	-0.3153576905	-0.261225174	-0.3269778411	-0.2230986186	-0.3202522637	-0.2867157781	-0.2735026016	-0.3304247727	-0.3480824547	-0.2368704401	-0.3039474907	-0.2528796709	-0.06476642776	-0.217235971	-0.1782053696	-0.2166923716	-0.3636613578	-0.3330322017	-0.3357234428	-0.2558003264	-0.3521012487	-0.3401637187	-0.3158265984	-0.149417471	0.9152093656	0.8336544161	-0.3524682812	-0.324955224	-0.3636841061	-0.3498283656	0.0494643627	-0.2968495107	-0.2072037029	0.8899727922	-0.3421549554	-0.2934439613
-0.3288537284	-0.3248153064	-0.3341012179	-0.3416044817	-0.2723540169	-0.2787031335	-0.2648539288	-0.3133613555	-0.3373631886	1.002505653	0.9896912416	0.9986799371	0.9219113277	2.467003021	2.953612539	0.9207024006	0.9760268797	1.021192923	2.434310229	0.8860365499	-0.156798117	-0.1603747588	2.433885658	-0.01801427259	-0.06462620138	2.456223945	2.432261156	2.4773736	2.443616442	-0.05772946322	2.445545166	-0.09424941337	0.01865154752	0.872763144	-0.06901666727	2.43378695	-0.3417220386	-0.3528069924	-0.374850477	-0.2350856211	-0.1505319337	-0.3480636539	0.9335044435	0.07698824644	2.473024143	-0.2348302218	-0.03200907485	-0.1991734173	0.2052591841	-0.1304943756	-0.08483586848	-0.137144602	2.461359964	2.387426693	2.345904656	-0.05593430505	-0.08321782689	-0.1646424263	0.954094818	1.006384014	0.9312407738	-0.1753554382	2.454523074	-0.1192679188	-0.1192254892	-0.130632671	-0.2880987504	-0.2235295724	-0.3328059191	-0.3631610745	-0.3475055904	-0.3120416963	-0.3115186887	-0.35579431	-0.32911837	-0.3615816622	-0.2866907056	-0.3109509783	-0.3615309991	-0.3677891525	-0.2555678313	-0.2807542907	-0.3578308827	-0.2562581836	-0.3394884145	-0.3623250608	-0.3077326654	-0.2978972752	-0.3278579455	-0.1809464346	-0.2804945713	-0.313665067	-0.2765670664	-0.3756687402	-0.2882578696	-0.3288761399	-0.3205674069	-0.3337878783	-0.3640388365	-0.3419797926	-0.330196476	-0.3567588435	-0.2785830685	-0.3147574845	-0.2977856225	-0.3146546793	-0.307540003	-0.3438904152	-0.2940280054	-0.3122537624	-0.3625420672	-0.3450600366	-0.2734269011	-0.3407505129	-0.3615549892	-0.3648394173	-0.3369496318	-0.3642878992	-0.3486852754	-0.3099260529	-0.3291851347	-0.3247446786	-0.3073568317	-0.208248214	-0.2729007265	-0.2427472011	0.9123846891	-0.3492567822	-0.3062572953	-0.3090687851	-0.3100917756	-0.3127800743	-0.3198833407	-0.3499914329	-0.2960799497	-0.3239995916	-0.2454417715	-0.3202084688	-0.3382090436	-0.2613307964	-0.2859017721	-0.3418012475	-0.3336557107	-0.3461538463	-0.3710963141	-0.3552933731	-0.367125462	-0.3391513736	-0.3126974115	-0.3355767879	-0.3212060678	-0.1850836267	-0.2406786078	-0.2255706307	-0.1697312607	-0.1244555017	-0.1379040315	-0.04164988072	-0.22179037	-0.1459060328	-0.1302299592	-0.3059624955	-0.1368839275	-0.3649332737	-0.3582397659	-0.3400864478	0.03481108504	-0.2582532492	-0.04254232423	-0.1471660943	-0.200284021	0.06569035827	-0.2287324165	-0.3529134155	-0.1684428889	-0.337908468	-0.2534424154	-0.3171915571	-0.3713707086	-0.360985835	-0.2230319349	-0.3331375201	-0.3258288009	-0.3555648212	-0.334372777	-0.2801094159	-0.2857222178	-0.3567737832	-0.3640535225	-0.358568519	-0.3246382989	-0.366742336	-0.2965515252	-0.2648873675	-0.2957568207	-0.3122882022	-0.274873571	-0.2975797269	-0.2364630986	-0.3165768782	-0.2965985561	-0.2802535236	-0.3051464851	-0.3400273858	-0.2200962314	-0.2784369286	-0.2734106103	-0.09718808551	-0.2337937619	-0.1490945479	-0.1494733734	-0.3549649582	-0.3393080698	-0.3235027337	-0.2339254015	-0.3539290603	-0.3325390711	-0.3101962382	-0.1046669509	0.9330088322	0.8755555737	-0.3573321863	-0.3175879179	-0.3551396339	-0.3517875368	0.03461233443	-0.3093987674	-0.2095956201	0.8517490525	-0.3460816627	-0.3027307716
-0.3199618067	-0.3352894522	-0.3384324715	-0.3573325082	-0.2571301252	-0.2847261634	-0.3038484575	-0.3492415759	-0.3616837056	3.005707061	2.969137435	3.004605318	2.967483109	0.9421327244	0.9207024006	3.242234856	2.95917841	2.935681623	0.8312220602	3.050387195	-0.2041415525	-0.2273111326	0.843137778	-0.09812992437	-0.1424319177	0.8780188808	0.8910875757	0.9271131205	0.8420763606	-0.09418779875	0.8525125503	-0.1364903346	-0.1515229687	1.086040902	-0.1019461103	0.929855081	-0.3489114489	-0.3593454097	-0.3828889422	-0.2394036286	-0.1706999388	-0.352468695	2.739100559	-0.01207960359	0.9547924899	-0.2539318445	-0.0341421209	-0.2257000062	-0.04200553145	-0.1677375879	-0.1649551767	-0.2193547035	0.972073271	0.8950354011	0.9468256599	-0.1030312256	-0.1016054421	-0.1928020751	2.724905766	2.818516938	2.714188246	-0.1619286379	0.9176263684	-0.1340976017	-0.164961771	-0.2099099243	-0.3489331651	-0.2705731242	-0.3645813563	-0.3699013433	-0.3477161366	-0.3582054885	-0.3572362114	-0.3642609862	-0.3602080603	-0.3710692711	-0.3206997442	-0.359016203	-0.3705846235	-0.3815999252	-0.2860768404	-0.3410839539	-0.363669246	-0.2874646563	-0.3538897896	-0.3645379594	-0.3151336047	-0.3203185453	-0.3432945123	-0.285511501	-0.281193431	-0.3523482821	-0.2965373331	-0.3840805993	-0.3397807437	-0.3469377545	-0.3270116515	-0.342634627	-0.3737258576	-0.3654489044	-0.3400207609	-0.3639798846	-0.3089502709	-0.3637040617	-0.2912689995	-0.3345801662	-0.3133342692	-0.3713948696	-0.3190403689	-0.316289773	-0.3654170285	-0.3636888204	-0.2749818628	-0.3508438147	-0.3695293024	-0.3873445664	-0.3465869914	-0.3673558035	-0.315864821	-0.3319996167	-0.3437182194	-0.3501682147	-0.3230275358	-0.3117041018	-0.2787274582	-0.2583140333	2.684273704	-0.3512744648	-0.3132100459	-0.347543151	-0.3154730761	-0.3294131997	-0.3084196007	-0.3616380861	-0.3222282869	-0.3189068983	-0.2568101333	-0.333247273	-0.3537679739	-0.3047370882	-0.3166552174	-0.3436627664	-0.3462219497	-0.3797855984	-0.3775700031	-0.3164842149	-0.3728074346	-0.3621098029	-0.3449927529	-0.3440381938	-0.3858957706	-0.2462866288	-0.3010474258	-0.3134859206	-0.2232240803	-0.2231238176	-0.2581261617	-0.1303766569	-0.261038618	-0.2050721144	-0.2149103322	-0.3387554477	-0.1935291134	-0.3646482196	-0.3661637942	-0.3384487946	0.04372580147	-0.2962220756	-0.1105909834	-0.168842512	-0.2295123085	0.02867677064	-0.2670973242	-0.3586398622	-0.2671467385	-0.3445673477	-0.2908198414	-0.3236640445	-0.3765492809	-0.3665426886	-0.280489805	-0.3320372314	-0.3303089598	-0.3713193771	-0.3741052401	-0.2818654279	-0.3078095551	-0.3650822872	-0.3697082013	-0.3668418633	-0.3366768831	-0.3759166763	-0.2970627533	-0.313143111	-0.3381978507	-0.3260786694	-0.3345925321	-0.2791310663	-0.3008069186	-0.3932346464	-0.3868459007	-0.3779309821	-0.3300357446	-0.3693461661	-0.2596303094	-0.2355492246	-0.3218591709	-0.1642214479	-0.248833576	-0.2128370516	-0.2057307609	-0.3595264818	-0.3649264442	-0.3340791369	-0.3043478243	-0.3648733875	-0.3373481972	-0.3268680562	-0.09773881547	2.643935032	1.120800123	-0.3801095776	-0.353401211	-0.3735481284	-0.3626918763	0.0120001538	-0.3260293435	-0.2419397658	2.54688098	-0.3414955807	-0.3173230045
-0.3284988608	-0.3744496946	-0.334520539	-0.3899617891	-0.2908509068	-0.3182166433	-0.341601691	-0.3872147771	-0.3802219362	3.123686563	3.057774854	3.063613522	2.935373085	0.9721369425	0.9760268797	2.95917841	3.3511317	2.98070233	0.8608349423	3.017098358	-0.2519439127	-0.2183695421	0.9068131238	-0.04288157902	-0.1276447248	0.9988506833	1.012616765	0.9745265633	0.9722846811	-0.0956618512	1.001422875	-0.1060394993	-0.1872202835	1.099147607	-0.09090582809	0.9723478454	-0.3797275682	-0.3890831981	-0.4125308856	-0.2726151317	-0.2141574154	-0.3916148335	2.8622031	0.004445924112	1.062061484	-0.2727249639	-0.09495809656	-0.2422476477	-0.04020439101	-0.2095948947	-0.1664788609	-0.1822603363	1.048882671	0.9472566234	0.9063407989	-0.09671668547	-0.08867463982	-0.2225959142	2.853083003	2.921960036	2.856171383	-0.1294816462	0.9626748765	-0.1681812073	-0.2163982891	-0.2385699681	-0.3174836516	-0.224216065	-0.3867176667	-0.399738742	-0.3873498702	-0.2965816111	-0.2956691923	-0.4013601174	-0.3720890921	-0.4025486904	-0.3229455098	-0.316747532	-0.3989434374	-0.4027349867	-0.2785509694	-0.3288710113	-0.3404145308	-0.3121566021	-0.3809533831	-0.3445974891	-0.2947038429	-0.3357122135	-0.3718015631	-0.2632723197	-0.2393847764	-0.3761423051	-0.325123727	-0.413596277	-0.3257786444	-0.376804657	-0.3559923306	-0.3749937973	-0.34999679	-0.3399585852	-0.3711678909	-0.3973965639	-0.3392932264	-0.3750909186	-0.3179349541	-0.3646649637	-0.3466535364	-0.395862378	-0.3141500081	-0.3181647857	-0.3981590636	-0.391865171	-0.2970776948	-0.3793710208	-0.4004680594	-0.4172132325	-0.3782283132	-0.3981037086	-0.344197515	-0.3468878059	-0.3731542383	-0.3740740834	-0.3513780506	-0.2825294705	-0.3021867567	-0.2827142638	2.803181644	-0.3812589553	-0.3471530776	-0.3703024794	-0.2960082831	-0.358591218	-0.3403209177	-0.3889346662	-0.3444017388	-0.3080286096	-0.2730805997	-0.3619876744	-0.3265704304	-0.366203625	-0.337034726	-0.3500215717	-0.3750931841	-0.389330227	-0.4059559202	-0.3451137534	-0.4022117897	-0.3740119347	-0.3673242247	-0.3728059016	-0.3834112073	-0.2589645862	-0.3124335205	-0.3170371904	-0.2256188442	-0.2522066571	-0.2260793437	-0.09083619656	-0.2621857816	-0.2025291615	-0.2183515674	-0.3583945874	-0.2073912137	-0.3963077818	-0.3958797165	-0.3364876629	-0.009939468486	-0.2567629361	-0.04541321042	-0.1697499999	-0.1915907074	0.0541110997	-0.2799546388	-0.3891124313	-0.2558019545	-0.3392514935	-0.2500527786	-0.3023444142	-0.353745585	-0.3954506278	-0.2913571618	-0.3420696426	-0.3058216523	-0.3466452897	-0.3906727367	-0.309879786	-0.3325768059	-0.3962564334	-0.4034482152	-0.398748444	-0.3142918474	-0.4042519224	-0.2812586564	-0.3385421253	-0.3640625781	-0.3555076797	-0.3380496082	-0.3066273863	-0.308458332	-0.3697649277	-0.3599659414	-0.352139885	-0.3564975652	-0.3845405223	-0.2932630205	-0.254010721	-0.3280100521	-0.1307071801	-0.2590202819	-0.2581098854	-0.2470324866	-0.3930224479	-0.3919921294	-0.3130890314	-0.3016444753	-0.3434884067	-0.3180309913	-0.3515148246	-0.09488765705	2.675358934	1.130367136	-0.3528469316	-0.3274891726	-0.3877687231	-0.3925480723	-0.03339267935	-0.3555024458	-0.2680557126	2.603988334	-0.3670005899	-0.3418206575
-0.3183673311	-0.364853669	-0.326450537	-0.3807802204	-0.2845476524	-0.312858758	-0.3250434786	-0.3683831533	-0.3702949392	3.031087429	2.989478316	3.016493411	2.95955184	1.018203534	1.021192923	2.935681623	2.98070233	3.334415106	0.8802483762	2.888491006	-0.2258391875	-0.24531615	0.9298021265	-0.06756207813	-0.1099569351	0.9712176556	1.007408232	1.021855923	0.9252033035	-0.1176567635	0.9477183891	-0.1764506003	-0.1623459678	1.106773629	-0.122966978	1.03129068	-0.3687527916	-0.3797273902	-0.4029195483	-0.2613028047	-0.1964106241	-0.3831192238	2.868228407	0.03388417084	1.058692014	-0.2726523775	-0.06234859458	-0.206140686	-0.02386317886	-0.2064838013	-0.1379061883	-0.2193525778	1.07946778	0.9964049415	0.9620669998	-0.1169392915	-0.1139697956	-0.2108544389	2.811407871	2.861937319	2.789443143	-0.2033820984	1.014648474	-0.1605241552	-0.1884530415	-0.2139737528	-0.3006657552	-0.2568201858	-0.3771801291	-0.390185036	-0.3754490448	-0.3216928796	-0.3212079552	-0.3910620264	-0.3600501954	-0.393603282	-0.3077032681	-0.3635193691	-0.3979905498	-0.3925960085	-0.3040705317	-0.3192173989	-0.3851735276	-0.3229319056	-0.3716422699	-0.3882737655	-0.3385321587	-0.3272556527	-0.3651790708	-0.2633651148	-0.2813569399	-0.3706417577	-0.3122556962	-0.4041799797	-0.3184050913	-0.3670668704	-0.3451211896	-0.3659928224	-0.3926607244	-0.3830368479	-0.3616534014	-0.3855441684	-0.3281366543	-0.365505306	-0.3092568734	-0.3530704645	-0.3377328491	-0.3564029754	-0.3374393444	-0.3155243324	-0.3855113519	-0.3819798625	-0.3124108519	-0.3705351116	-0.3887032289	-0.4053457058	-0.3675155397	-0.3683693028	-0.383373022	-0.3358110078	-0.3645588717	-0.3441764073	-0.351650108	-0.2755790534	-0.2991141808	-0.2969665581	2.805583791	-0.3541665725	-0.3365719796	-0.3731552846	-0.3382405969	-0.3506781965	-0.3309126009	-0.3818236642	-0.333931274	-0.3137925536	-0.2554436994	-0.351984808	-0.3723761165	-0.3196697018	-0.3303287393	-0.3404966466	-0.3658804363	-0.3814084852	-0.4029958349	-0.3896732757	-0.3929548328	-0.3644158633	-0.3595826451	-0.3646144654	-0.3958980636	-0.2624556699	-0.3004635197	-0.3182238821	-0.2244376651	-0.1884403434	-0.2106807882	-0.07970556103	-0.2347206002	-0.1986883289	-0.2177246145	-0.3512197742	-0.1990987804	-0.3866282248	-0.387096579	-0.3256169038	-0.01638453965	-0.2990212877	-0.08662182538	-0.1691424838	-0.2338597407	0.04295773904	-0.2711329758	-0.3797652347	-0.2307932766	-0.33048787	-0.2941195297	-0.3449722617	-0.4033373603	-0.3857916302	-0.2937202264	-0.3315011103	-0.3497090945	-0.390658606	-0.351936034	-0.2767076852	-0.3010684973	-0.384818354	-0.3983426298	-0.3889475466	-0.3570893772	-0.3942441106	-0.3164344407	-0.3209313164	-0.3484289537	-0.3381417707	-0.3195457871	-0.3257904499	-0.2857870111	-0.3519361287	-0.343173927	-0.3355170708	-0.3586951703	-0.3745841138	-0.2779260066	-0.2755785648	-0.3081909016	-0.1207973789	-0.2608303415	-0.2310253306	-0.240022217	-0.3875370622	-0.3822123257	-0.3613779202	-0.2889255156	-0.385696882	-0.3587732288	-0.3427650911	-0.1239606215	2.726748084	1.100128172	-0.3672430934	-0.3715909368	-0.3895469211	-0.3846043877	0.002434228965	-0.3406976813	-0.2597602874	2.593854636	-0.3384660597	-0.3111355546
-0.3604128473	-0.3025871573	-0.3370207598	-0.3374407046	-0.3004794308	-0.2558187482	-0.2828537989	-0.3055344216	-0.3385399422	0.872500544	0.8616522927	0.8677490639	0.8275252637	2.413088654	2.434310229	0.8312220602	0.8608349423	0.8802483762	2.968733103	0.8321499241	-0.09985714512	-0.1029007144	2.377624067	0.07424941322	0.03026639946	2.386217153	2.379316178	2.476661976	2.357841132	0.03257079715	2.35271586	-0.1142502168	0.01380734602	0.9206078976	-0.1240084146	2.350987318	-0.3376020535	-0.349863685	-0.3708063292	-0.2828659731	-0.2203545401	-0.2654343073	0.8137202983	0.1063783493	2.411551002	-0.1567124216	-0.09725027926	-0.2065778221	0.3074419474	-0.06851981497	0.0006955179344	-0.1518119203	2.378914549	2.283343849	2.268610629	0.03755778112	0.009877596132	-0.1080232395	0.8248515867	0.8805624656	0.8129285478	-0.08624578558	2.404566438	-0.1735574335	-0.1878645433	-0.1449392435	-0.2637573392	-0.2150931069	-0.3430437138	-0.3601680895	-0.3363057241	-0.286916799	-0.2871486934	-0.3391070431	-0.3455921678	-0.3597548307	-0.2654602704	-0.2869197517	-0.3577623707	-0.366157822	-0.2084947593	-0.2466526542	-0.3534284289	-0.2717551743	-0.3442041856	-0.3566765123	-0.3040708531	-0.3014440106	-0.313692519	-0.1543271989	-0.2778369848	-0.2995507421	-0.2075195554	-0.3718052037	-0.2970388508	-0.3140800711	-0.3042231138	-0.3218717516	-0.3626166467	-0.3115742817	-0.3160827498	-0.3545056719	-0.2785529922	-0.2829667391	-0.305163209	-0.288247208	-0.2691995563	-0.3013269313	-0.2708048664	-0.3149974926	-0.3606079994	-0.2648384484	-0.2938127565	-0.3351682414	-0.3563841559	-0.3235848765	-0.3405507345	-0.3463886051	-0.3480591396	-0.318827202	-0.3128660635	-0.2855710823	-0.2823080316	-0.1639030938	-0.2496067962	-0.2534087192	0.7957342875	-0.33237065	-0.2683971488	-0.2543276804	-0.3008800022	-0.2972683928	-0.3511033176	-0.3291280368	-0.3382408395	-0.2858556624	-0.2343018878	-0.3035899183	-0.3120081033	-0.2661453449	-0.2977508933	-0.3445748522	-0.3386491229	-0.352423859	-0.3699874292	-0.3542910715	-0.3637003661	-0.3321981508	-0.3246751344	-0.3405496879	-0.2182468251	-0.236064511	-0.2306204822	-0.228408222	-0.1922362953	-0.1426769215	-0.1455439523	-0.05189825262	-0.2313648027	-0.139255144	-0.1830949768	-0.2983512642	-0.1388812316	-0.3623594055	-0.3557517518	-0.3283137415	0.05926065339	-0.2309004592	-0.05718857465	-0.1326629409	-0.1799426086	0.05439190485	-0.2470272726	-0.3486949989	-0.1999731598	-0.3171291715	-0.2331001623	-0.3079719062	-0.3674578753	-0.3560869406	-0.2261501925	-0.3344120494	-0.3488628864	-0.3474555667	-0.3040653822	-0.2952841122	-0.2976475843	-0.346937821	-0.358966861	-0.3562433382	-0.3023528042	-0.3648313427	-0.2652807994	-0.2733573425	-0.3082832147	-0.3096988419	-0.2363015074	-0.3014725961	-0.1950027237	-0.2924412817	-0.2622196198	-0.2348684763	-0.2895193479	-0.3269978497	-0.2410769514	-0.1693053757	-0.2665237015	-0.1620962099	-0.2804205948	-0.1672043848	-0.09533073329	-0.3509310842	-0.3376357	-0.3332182938	-0.2383951989	-0.352215748	-0.3173641917	-0.308667654	-0.03092350566	0.9348069254	0.9078685316	-0.3141108957	-0.3209120097	-0.2719865226	-0.3517602226	-0.02722845756	-0.2921865121	-0.2274278378	0.9287929351	-0.3221908829	-0.2894298966
-0.3257940734	-0.3432591785	-0.3429598804	-0.3666305765	-0.2621182388	-0.2950445933	-0.3220263079	-0.3637670068	-0.3740645676	3.001538569	2.993309984	2.98688429	2.926118588	0.9152725631	0.8860365499	3.050387195	3.017098358	2.888491006	0.8321499241	3.266741397	-0.2155390998	-0.1890418075	0.8331094395	-0.07081304621	-0.1524151037	0.941391827	0.9285548877	0.883965212	0.8987475097	-0.1080647345	0.9265721082	-0.09800123158	-0.1650163419	1.075586921	-0.07188762171	0.906429037	-0.354407399	-0.3657453047	-0.3894813221	-0.2444569095	-0.1905154119	-0.3579097357	2.756831771	-0.06038669562	0.9674834962	-0.2588536755	-0.06803116499	-0.2257814548	-0.0447339756	-0.1850385778	-0.1785772705	-0.1760827933	0.9534540023	0.8738318182	0.9187263082	-0.1205017852	-0.1154290194	-0.2071293724	2.747322051	2.852447426	2.732541878	-0.1228962878	0.8736419527	-0.1449546171	-0.1793042027	-0.2236503557	-0.3559019731	-0.2262952795	-0.3717660507	-0.377116422	-0.3554637913	-0.3291842888	-0.3275193531	-0.3761451711	-0.3702964084	-0.3791205162	-0.3303467387	-0.3151821762	-0.3772153718	-0.3878126148	-0.2962085022	-0.3509502472	-0.3163837513	-0.2958768468	-0.3634038606	-0.3197298406	-0.2704388603	-0.3334624293	-0.3537781348	-0.2854587427	-0.2354037507	-0.3537018488	-0.3106719916	-0.3904769296	-0.3519680757	-0.3538531155	-0.3334485071	-0.3529487306	-0.3264629831	-0.3207008604	-0.3506679242	-0.3716973076	-0.317773906	-0.3730815416	-0.3021519362	-0.3422586905	-0.3248593805	-0.3780954917	-0.2964406505	-0.3219482719	-0.373736292	-0.3737815991	-0.2820417928	-0.3581698336	-0.3774648167	-0.3998286258	-0.3590313021	-0.3743769174	-0.3209612868	-0.3426590603	-0.3540382819	-0.3574323571	-0.3325483639	-0.3201828628	-0.2847515733	-0.2669403275	2.702050528	-0.3601690376	-0.3251077234	-0.3485010499	-0.2725602851	-0.3392074757	-0.3144433762	-0.3668959125	-0.3266570091	-0.2923461455	-0.2832571495	-0.3397894017	-0.3060622473	-0.360492228	-0.3217051876	-0.3519798847	-0.3572971766	-0.3836500619	-0.3823075139	-0.3216056897	-0.3796366659	-0.3675831417	-0.3513770982	-0.3556071704	-0.3845326021	-0.2430655101	-0.3068513101	-0.3129611201	-0.2229211949	-0.2725498653	-0.2614964333	-0.1279350022	-0.2608331593	-0.2044533605	-0.2119118032	-0.3504184817	-0.2002554448	-0.3720082528	-0.3733423877	-0.3483980456	0.0004574939354	-0.2612924182	-0.05936376678	-0.170525976	-0.195667406	0.02592056124	-0.2815813313	-0.3650253433	-0.2756411313	-0.3503132161	-0.2587155867	-0.281522307	-0.3316673861	-0.3720955712	-0.2765998519	-0.3411812917	-0.2835395886	-0.3246915737	-0.3877894559	-0.2939727733	-0.3102551488	-0.3726918337	-0.3784264107	-0.3742196666	-0.2922214206	-0.3813243667	-0.2707110205	-0.3187002983	-0.3462078291	-0.3321152339	-0.3405262224	-0.2888270408	-0.3059075593	-0.3995159284	-0.3970908199	-0.3876896079	-0.3411327016	-0.3749339569	-0.274507687	-0.2452423519	-0.3294121372	-0.1918016066	-0.2529628231	-0.2295109565	-0.2270705324	-0.3680560213	-0.3707379566	-0.2915835574	-0.3149450627	-0.3200635563	-0.2958453959	-0.3353889221	-0.06138997506	2.666275342	1.104492769	-0.3359988944	-0.3105870244	-0.378988749	-0.3700955591	-0.02280758812	-0.3363391146	-0.2492275067	2.568017792	-0.347087916	-0.3244487149
-0.06887993223	0.01171449703	-0.03286696506	-0.05856410614	0.005187898203	0.08288939287	0.114611935	0.08959661566	-0.06262180602	-0.2544255632	-0.2360819387	-0.2356760758	-0.2183998371	-0.1948983208	-0.156798117	-0.2041415525	-0.2519439127	-0.2258391875	-0.09985714512	-0.2155390998	0.9302475181	0.5754146596	-0.1096630911	0.09941699871	0.135100124	-0.1693107521	-0.2076118981	-0.2113429923	-0.1816103372	0.1585412185	-0.1981486242	0.274915449	0.3385275577	-0.01825854524	0.3878029462	-0.1650927131	0.06104087345	0.02236241714	-0.01665832798	0.1507448379	0.2061660859	0.1778091812	-0.2462808156	0.09748642505	-0.1702930382	0.2920644801	0.2020483286	0.2859888024	0.1241430586	0.5205708533	0.1895265192	0.2879895313	-0.1885522297	-0.1561915776	-0.1460418503	0.1605676442	0.1313060606	0.4492372573	-0.1982319552	-0.2173578616	-0.2568477579	0.3341277809	-0.1933117057	0.2508851829	0.333694882	0.2307145167	-0.02422806939	0.02593064556	-0.004531432784	-0.04138810423	-0.041573312	-0.09800963206	-0.09718681565	-0.05276687685	-0.05145178099	-0.04554330944	-0.00960509937	-0.06374425256	-0.06942925738	-0.0237691009	0.007798211128	-0.02496711182	-0.07982111016	-0.04579629003	-0.06530293977	-0.08159960179	-0.06855557181	-0.03472490599	-0.03073438757	0.06977170967	-0.0659270485	-0.02231317491	0.05113578368	-0.01937516702	-0.07164439212	-0.03725570075	-0.04131652192	-0.02695484047	-0.07579294778	-0.01549605818	-0.00898713494	-0.04833136321	0.05989357218	-0.03786920125	-0.02731929734	-0.01538881468	0.01227563269	-0.01691955292	0.02625368788	-0.06002814034	-0.06045245433	0.1662642843	0.002285857011	-0.06989183062	-0.06480225215	-0.03979075673	-0.05833021664	-0.06126135284	-0.08229576399	-0.06895037003	-0.02763604173	-0.01733694626	-0.03612495425	0.03299377071	-0.01773540108	0.002463892351	-0.2418747691	-0.05230485196	0.01231351199	0.04076010688	-0.02959468379	-0.03269638447	-0.04985529041	-0.05222629097	-0.02480068634	0.01962588987	-0.03323430476	-0.04777699076	-0.06410470485	-0.04642813037	-0.01218267708	-0.07007015903	-0.0563236925	-0.06022227394	-0.06454713233	-0.07594678188	-0.02765928975	-0.07702306572	-0.009996501336	-0.06861929909	0.06467623415	0.1222500442	-0.03954339179	0.09542901947	-0.05264077449	0.1818807321	0.002650972903	-0.02132185815	-0.05848758299	0.0318233713	-0.0115160638	0.01253971364	0.03647544696	-0.05648422184	-0.04945395372	-0.0005119158863	0.01003884184	-0.04142496806	-0.03453740722	-0.04385731665	-0.0262815015	-0.01870636839	-0.02967388916	-0.03422970022	0.1182580999	-0.01500266928	-0.03853159075	-0.05735585197	-0.1115215536	-0.06183649524	0.01370135912	-0.07009261549	-0.06150008381	-0.07983054612	-0.04177856926	-0.05402720766	-0.03481851442	-0.05702699896	-0.02973575842	-0.06306830575	-0.04541363472	-0.07049764548	0.0115847752	0.01284413251	-0.008057066511	0.007536425831	0.03528434186	-0.04510734445	0.05155927343	-0.06397830549	-0.06246123014	-0.02963186157	-0.02485462382	-0.0567317591	0.133724013	0.02979345061	0.05703840513	0.1269076546	0.2241549655	0.3993550993	0.473010944	-0.04967453884	-0.02138544616	-0.07492000382	0.0328052354	-0.07106767662	-0.05984150691	-0.02644856512	0.480244133	-0.09958190715	-0.02895191383	-0.04533554922	-0.03088973219	0.1419806761	-0.05852987314	0.1254277119	0.02211346958	0.1884495972	-0.1217367891	-0.05230321701	-0.02846410716
-0.07969850501	0.001674511924	-0.05280103885	-0.06389378293	0.009036768075	0.05107141226	0.04574988224	0.07303311538	-0.07983683907	-0.2243541171	-0.2620070624	-0.2522486032	-0.2413309132	-0.203782626	-0.1603747588	-0.2273111326	-0.2183695421	-0.24531615	-0.1029007144	-0.1890418075	0.5754146596	0.9484101272	-0.1201893576	0.1595952822	0.1156014705	-0.1273457816	-0.1638370131	-0.2229374285	-0.1232791995	0.1490443753	-0.148797597	0.3910177656	0.34429491	-0.03793850828	0.3732369538	-0.1769058885	0.02950900927	-0.01488605111	-0.04089980752	0.1467264843	0.1903741703	0.1327324063	-0.1864954948	0.08794658267	-0.1575581227	0.2992196512	0.1487710518	0.1652879098	0.08607005316	0.5228914059	0.1362463319	0.4634817398	-0.2100925198	-0.1547048298	-0.165344188	0.144222877	0.1203586362	0.4222169417	-0.1430169562	-0.1755463449	-0.2039882298	0.3676050507	-0.2005070027	0.3082501696	0.4206897626	0.2510746333	-0.0165630893	0.1181956688	0.003930635985	-0.0472289593	-0.0519348927	-0.02612920823	-0.02546650936	-0.03455534354	-0.08966243365	-0.07630446025	-0.04063918424	0.003370345519	-0.09222356951	-0.04699695276	-0.04535673699	-0.05048537879	-0.01630436276	-0.08977354499	-0.08953681923	-0.02530637978	0.00617987253	-0.06710419037	-0.06162080718	0.01439944938	-0.003282662425	-0.04641454177	0.04408338862	-0.04175695932	-0.0936998426	-0.05106193598	-0.06442841782	-0.0607774261	-0.02325484011	0.06688111456	-0.04757242625	-0.05684043629	0.01306118634	-0.04745692187	-0.05819284474	-0.03371619272	-0.02397169969	-0.04477174247	0.0575392528	-0.09595321452	-0.07974851295	0.1037409206	-0.0306918483	-0.0902363574	-0.08407738686	-0.02331424126	-0.06481464583	-0.08771927095	-0.1102599666	-0.0973657818	-0.0567002676	-0.04135176723	-0.05136300499	-0.005398042294	-0.03700884542	0.0194341371	-0.1831575351	-0.06908276193	-0.01595193592	-0.006032389623	0.01646458921	-0.05732840208	-0.06545661075	-0.07124834746	-0.01332815542	0.1129303558	0.04159841627	-0.06345615509	-0.003221380672	-0.08626567328	-0.0168774132	-0.06073544085	-0.07601279904	-0.0947617111	-0.09163023486	-0.1079351576	-0.04560153354	-0.08528525367	0.002541718148	-0.08322105852	0.03625534109	0.113034419	-0.06657770203	0.090866209	-0.06532698012	0.1413256894	-0.01735756629	-0.05866973557	-0.06613989211	-0.03400395482	-0.013572205	-0.03719368779	0.1035576947	-0.08038731725	-0.0642780281	-0.01273104719	-0.02765138884	0.03347289898	0.04149395463	-0.0426200165	0.05652080926	-0.02520820972	-0.07434152514	-0.04801906085	0.06877810802	-0.0126468886	0.03576084922	0.01304490301	-0.01597802687	-0.08497733151	-0.02555715793	-0.0763781167	0.02706954796	0.01656083746	-0.07716134099	-0.07239907392	-0.05324740792	-0.06905848206	-0.05041539926	-0.08277100346	0.006684326174	-0.07970459765	0.08184594457	0.03311486796	0.007504800249	0.01503876346	-0.01655199822	-0.06310833371	0.004618980351	-0.1031295938	-0.09623627904	-0.05880122223	-0.05104840936	-0.09724200555	0.1626266345	0.004019112731	0.04347482248	0.1422102826	0.243584712	0.4422648783	0.4914303104	-0.06713326708	-0.0581720828	-0.01137017508	-0.03340415599	0.01438887482	0.001171071078	-0.05191280847	0.5839624159	-0.1320237004	-0.0387225693	0.03209331057	0.05738228953	0.1046256192	-0.06901518973	0.08715795006	0.01887855097	0.2438612825	-0.1332035266	-0.06043211748	-0.008484905195
-0.3509629608	-0.3157899002	-0.3212035686	-0.3236543011	-0.297785907	-0.2619648646	-0.2868351349	-0.3385053092	-0.3350513872	0.9275062117	0.9061184082	0.9219271549	0.8478944359	2.477152281	2.433885658	0.843137778	0.9068131238	0.9298021265	2.377624067	0.8331094395	-0.1096630911	-0.1201893576	2.9394985	0.006143266154	-0.0255203203	2.405736584	2.413360009	2.423611433	2.480855755	-0.05320570485	2.509869496	-0.1784795083	0.00210954729	0.8649946562	-0.1003268445	2.385650943	-0.3347651939	-0.3433316355	-0.3636521381	-0.257415408	-0.1685952209	-0.2896447625	0.8597218798	0.12105634	2.446936769	-0.1841943502	-0.0449710519	-0.1769532571	0.2805854868	-0.0970334974	-0.08368677286	-0.1592703927	2.383364752	2.405612442	2.345762573	-0.04423417264	-0.03864528456	-0.08269296005	0.8858305164	0.8979540567	0.8439305066	-0.1369692617	2.427953356	-0.1308467738	-0.1699229847	-0.1496126506	-0.2636961419	-0.2232595626	-0.3177466382	-0.3489837437	-0.3303309125	-0.3116792403	-0.3107982615	-0.3267886041	-0.3278768986	-0.3503999928	-0.2803383525	-0.3016328511	-0.3553870985	-0.3550104334	-0.2058656883	-0.2268718056	-0.3434740301	-0.3124527289	-0.3253869163	-0.3489257688	-0.2978378106	-0.2977747289	-0.3068960971	-0.1514206474	-0.2673933548	-0.3081634498	-0.2571576386	-0.3649832858	-0.2874567147	-0.3003603413	-0.295718861	-0.3100100504	-0.3520484666	-0.3211183449	-0.3083849752	-0.346738577	-0.2737733986	-0.3008357991	-0.3396054785	-0.2821762788	-0.2478571494	-0.3207218963	-0.2853880602	-0.3079774818	-0.3489823371	-0.2904163272	-0.3197485664	-0.3278148213	-0.345039394	-0.3275685087	-0.3237426598	-0.3559284139	-0.3449853262	-0.3084259005	-0.3058353082	-0.3188189473	-0.2989774893	-0.1987193197	-0.2658813952	-0.2592095057	0.8384376214	-0.3447232435	-0.2469220272	-0.2686460019	-0.2878255921	-0.295105453	-0.3401881892	-0.3168789889	-0.3181450459	-0.289101392	-0.2623571542	-0.2950061784	-0.3039308669	-0.3039844851	-0.2738185998	-0.3265793452	-0.3224456169	-0.3505218566	-0.3666311399	-0.3531573002	-0.3522981427	-0.3241441093	-0.2998708854	-0.3248538302	-0.289027267	-0.2589255355	-0.236260871	-0.2552330151	-0.2304541457	-0.1524569034	-0.2071429689	-0.1090798644	-0.2846598259	-0.1716292436	-0.1906491203	-0.3124891061	-0.1405884043	-0.3516917372	-0.3453177059	-0.3054700233	0.01346656985	-0.2691285044	-0.06628738664	-0.157342201	-0.2121051892	0.02161371541	-0.2740515893	-0.3406267184	-0.1660714724	-0.2975601222	-0.2655795235	-0.2962235001	-0.3652018843	-0.3435037434	-0.231839608	-0.3185839966	-0.3450000603	-0.3405677113	-0.3221211005	-0.322716323	-0.3296425218	-0.3423716776	-0.3655334186	-0.3455377619	-0.2952553124	-0.3500505366	-0.2884502718	-0.257985499	-0.2852726496	-0.2970527866	-0.2641802967	-0.3199059116	-0.2261824265	-0.2986872607	-0.29517063	-0.261106461	-0.2884503964	-0.3094044054	-0.2160215789	-0.2415667019	-0.2708798385	-0.1072189979	-0.2400579833	-0.1495626772	-0.1405258229	-0.3563708871	-0.3241416866	-0.3260148174	-0.2199262993	-0.3395103502	-0.309520415	-0.2963829561	-0.0663788684	0.893071404	0.8480841419	-0.3388755755	-0.3223081167	-0.2929449195	-0.343318848	0.0387638537	-0.2988877131	-0.1822825048	0.9103169351	-0.3355875037	-0.3036419842
-0.05287351638	-0.02546563867	-0.09303706254	-0.1053383043	-0.03762060315	-0.01239054099	-0.07360247152	-0.1024149458	-0.1014811769	-0.05079649864	-0.08329476378	-0.08915575101	-0.09060708158	0.01611453706	-0.01801427259	-0.09812992437	-0.04288157902	-0.06756207813	0.07424941322	-0.07081304621	0.09941699871	0.1595952822	0.006143266154	0.9775929898	0.6207836691	0.04448956889	0.0382526072	0.02326340178	0.03208301034	0.4885575071	0.05595855417	0.1530880446	-0.01973699071	0.003962266845	0.1163006369	-0.04063033209	-0.09035160165	-0.1161185874	-0.1224382062	-0.0154081378	0.01533579442	-0.02208075948	-0.03735191125	0.2298627676	-0.009808714529	0.07323318396	0.1238648864	0.03149141117	0.2497048957	0.08568533716	0.3781046474	0.09226273456	-0.01700879418	-0.03624505932	-0.07105703507	0.5360887479	0.5574719048	0.1353346059	-0.02601500367	-0.05112708115	-0.0588679115	0.161499084	0.02861338054	0.07955269851	0.08954702539	0.06143219355	0.009377927493	0.07460193668	-0.09894330744	-0.1195136686	-0.08083490556	0.01465215968	0.01420986091	-0.1028411254	-0.1002083911	-0.1056121839	-0.02702219489	0.03832850957	-0.1080502645	-0.09421081801	0.07986483123	0.01977321388	-0.03187603784	0.00306722747	-0.0742304504	-0.04725099652	0.01143043223	-0.03468948795	-0.06794348052	0.1009955295	0.06106484711	-0.07957156491	0.1298867382	-0.1233893178	-0.03398974411	-0.05595696441	-0.06012150721	-0.06453489907	-0.03455853154	0.01692267534	-0.06673771704	-0.1086613858	-0.05845904298	-0.03451383298	-0.03678668926	-0.04453720642	-0.01124579117	-0.02880495279	0.02112119734	-0.03292835643	-0.1141870983	-0.02521090399	-0.05439583214	-0.06201965388	-0.09649268234	-0.05258315422	-0.04069447115	-0.09797773472	-0.06248031727	-0.05567106496	-0.05784170249	-0.03746771437	0.0440417566	0.1133255195	0.005544947328	-0.02729034672	-0.03984623718	-0.0894744753	-0.007650459619	-0.007407838757	0.01051730468	-0.06601559959	-0.02848081742	-0.07438937317	-0.04095458543	-0.03121598239	0.02626466754	-0.06027565397	0.00753715368	-0.06129358113	-0.02170678264	-0.07139077535	-0.05241696772	-0.1103305659	-0.1046218891	-0.0702273262	-0.1098687703	-0.04416694673	-0.07437436695	-0.05935656696	0.007103204165	0.03121103242	0.004451069672	0.02738708565	0.01558707031	0.06082021584	0.09284366445	0.1223435749	0.02485462519	0.001988507017	0.0341570871	-0.0504882295	0.135917758	-0.1096786272	-0.1181905972	-0.07352251537	0.08302164594	0.01157484083	0.05301891755	-0.04142870829	0.05822240934	0.03908527916	0.04793408609	-0.08390584992	0.04495858181	-0.02254012795	0.02303696489	0.005490662089	-0.07467422478	-0.08533683079	0.01084983645	-0.03411739133	-0.01291092538	-0.03773429749	-0.04188811147	-0.05275293364	-0.03960120789	-0.08592433487	-0.1172771643	-0.1049152547	0.01461303607	-0.1150613797	0.05022617088	-0.002685574042	-0.02984741639	-0.06266569288	0.01704595895	-0.06720762022	0.09590792111	-0.07215531051	0.006890349492	0.006987846449	-0.05597533272	-0.07885284993	-0.03335275638	0.01493370921	-0.02535342511	0.09416681225	0.0289138335	0.03932516394	0.0980793393	-0.1162531679	-0.08561015486	0.0169365963	0.04152686872	-0.04160932852	-0.01505684405	-0.03383185394	0.1239316872	-0.07074078527	-0.00706782652	-0.002329565223	8.397274046e-05	-0.03231988398	-0.08369932565	0.1883063016	-0.00941845991	-0.01708528402	-0.04381114511	-0.1221469073	-0.07664551684
-0.03909619136	-0.00274921763	-0.05546260752	-0.081805662	-0.01827419934	0.02043494284	-0.04279493914	-0.07059883376	-0.07686489466	-0.1387936733	-0.1278723779	-0.1209651249	-0.1293232349	-0.02590598841	-0.06462620138	-0.1424319177	-0.1276447248	-0.1099569351	0.03026639946	-0.1524151037	0.135100124	0.1156014705	-0.0255203203	0.6207836691	0.9029791456	-0.05369525415	-0.05665181847	-0.02866840471	-0.06977624382	0.5255221062	-0.03783251712	0.1078876886	0.008063400501	0.01526007603	0.06698289631	-0.06553556929	-0.07012947329	-0.09175776667	-0.09852918865	0.008524060795	0.03424451513	-0.001905704977	-0.1132950264	0.2149390751	-0.07915117551	0.09403536021	0.1346775775	0.07387959954	0.2477807239	0.1249468717	0.3870190745	0.05390779906	-0.05853077633	-0.04311493705	-0.08984740488	0.5638017637	0.5889025626	0.1547772399	-0.1022599648	-0.1355551924	-0.1311075957	0.1286600059	-0.03084407641	0.1196940843	0.139666783	0.1078293388	0.03714969626	0.02472480705	-0.06963992301	-0.1009443617	-0.06199837098	-0.06249015665	-0.06291094989	-0.09386298833	-0.07369573632	-0.08887272995	-0.001713667545	0.00437229107	-0.09274069039	-0.06724666276	0.08652508516	0.0499008587	-0.08948253356	0.02537647493	-0.05804096384	-0.1011690714	-0.0416805497	-0.01109965676	-0.05561789046	0.1311611196	0.0006197632328	-0.04270355024	0.1494145477	-0.09893800351	-0.01083238131	-0.0333502995	-0.03876012554	-0.04997803583	-0.09720749677	-0.02803873443	-0.0560145384	-0.08569961542	-0.02874839297	0.00384561188	-0.01660087017	-0.03131757046	0.02329141491	-0.004940003656	0.0123124303	0.001064709881	-0.08889625022	-0.004296197644	-0.03321066692	-0.04858164033	-0.07524923086	-0.04025782371	-0.007796863777	-0.07243179275	-0.04256599521	-0.03226704382	-0.04815579259	-0.01826739826	0.06242806162	0.1460799257	0.02384845737	-0.01413514626	-0.1124984313	-0.06431311594	0.02391317396	0.01724297829	-0.04243519394	-0.04416496025	-0.01699759424	-0.05437353993	-0.02868369593	-0.1023226674	-0.03177188347	-0.03876741948	-0.05069226319	-0.0374914848	-0.0009773497304	-0.05225338555	-0.02826694339	-0.08951010721	-0.07678090056	-0.04866607791	-0.08491264496	-0.03635052055	-0.04841870075	-0.03815307266	0.04095962177	0.05179042156	0.006614165074	0.0454392922	0.0240870265	0.104532732	0.1010684544	0.1227752777	0.03513361126	0.00546117183	0.03678264706	-0.01318509222	0.09094572396	-0.09480909563	-0.1004179248	-0.0490373263	0.08900141663	-0.04664752453	0.02169952095	-0.01377032342	-0.003041885853	0.060772213	0.08279705146	-0.05740484549	0.08759666963	0.006584422111	-0.03707918794	-0.05280138864	-0.1067856546	-0.05569870642	0.04280921587	-0.02646587753	-0.04495399434	-0.07482835185	-0.003962279351	-0.02764430938	-0.01281659718	-0.06855042711	-0.09299257716	-0.09030478578	-0.0475831417	-0.0930691705	-0.02204022558	0.004285186215	-0.02702482192	-0.04760738273	0.03466259609	-0.03834757725	0.1160258566	-0.05303116007	0.03679229021	0.03360356525	-0.02502834144	-0.06827043189	-0.00409058053	0.03980398378	0.005319864857	0.1162343908	0.05445517498	0.0711089074	0.1361346644	-0.09148838393	-0.06215143739	-0.05134291364	0.07405261683	-0.0807408264	-0.07862777407	-0.003581635719	0.0974139603	-0.08454493325	0.008342188433	-0.03524509414	-0.04074138007	-0.01448871293	-0.07874829279	0.1923837113	0.0160029508	0.01198058141	-0.0561401717	-0.09322085983	-0.0619989469
-0.3248996999	-0.3407172704	-0.3375462426	-0.3436991711	-0.259476109	-0.286070113	-0.2798995272	-0.3249646922	-0.3578108405	0.9866941582	0.9257757649	0.9359825799	0.8885609065	2.562787001	2.456223945	0.8780188808	0.9988506833	0.9712176556	2.386217153	0.941391827	-0.1693107521	-0.1273457816	2.405736584	0.04448956889	-0.05369525415	3.013709205	2.802498321	2.487783613	2.507855652	-0.04114143033	2.519198999	-0.07826467633	0.001333551057	0.8428292122	0.001896775932	2.583317066	-0.3518158771	-0.3636031692	-0.384799212	-0.2428806527	-0.1592278836	-0.3688201494	0.9147238549	0.03548454349	2.694580707	-0.2646666497	-0.05587600374	-0.2006637665	0.1952696325	-0.1704420315	-0.1020603159	-0.0893463037	2.561879354	2.423543564	2.468454722	-0.03510572501	-0.06271816829	-0.2030399439	0.9811619183	1.016900563	0.9298274615	-0.1653461325	2.454166796	-0.1369461358	-0.1288899299	-0.1409924334	-0.2974904831	-0.2039443538	-0.3474844497	-0.3677621641	-0.3540049254	-0.283997466	-0.2825015408	-0.36706909	-0.3495313756	-0.3697478352	-0.3061759734	-0.2684429425	-0.3777460558	-0.3782664265	-0.2986163634	-0.3083242316	-0.3134395047	-0.2838717355	-0.3483501515	-0.316953951	-0.2667249346	-0.3166541828	-0.3470383023	-0.2296888215	-0.2378606858	-0.3264793856	-0.282354591	-0.385901429	-0.3093506376	-0.3383848344	-0.3326216818	-0.346883527	-0.3182069408	-0.2903691464	-0.3476793303	-0.3653645919	-0.2975104111	-0.3170072087	-0.3128250073	-0.3269148747	-0.3294534974	-0.3401656249	-0.2777952966	-0.3196671389	-0.3664966273	-0.3677131723	-0.311077634	-0.3486221879	-0.362739084	-0.3789973399	-0.3400590617	-0.3629023043	-0.3660929252	-0.3201282367	-0.3464953587	-0.336583846	-0.3300028616	-0.2362158389	-0.2825268469	-0.29787532	0.894678742	-0.3486337723	-0.3289400263	-0.3456395435	-0.2697369538	-0.3343614674	-0.3053391236	-0.3637053418	-0.3127897546	-0.268987677	-0.2117610014	-0.33307732	-0.3026482469	-0.3173144076	-0.3061327902	-0.3511802517	-0.3428518901	-0.3713170103	-0.389576005	-0.3758720015	-0.373259831	-0.3434073308	-0.3330917978	-0.344810712	-0.3416374079	-0.1894402618	-0.2478541267	-0.2487616558	-0.1683241556	-0.1609931266	-0.15903242	-0.06734381461	-0.2115181504	-0.1609816162	-0.1302223629	-0.3316501739	-0.1310796878	-0.3680475437	-0.3625151712	-0.3424511733	-0.02730297921	-0.2156287412	-0.01239569743	-0.1580144903	-0.1674887749	0.01272168602	-0.2382682509	-0.3618463186	-0.2089911634	-0.3409468175	-0.2138636923	-0.2793325328	-0.3383737642	-0.3660818519	-0.2439744098	-0.341509489	-0.2706578804	-0.3160260488	-0.3251791709	-0.283077248	-0.2695775481	-0.3627897676	-0.3878059323	-0.3678492746	-0.2873112957	-0.3769496802	-0.2624559225	-0.2907942233	-0.3215956051	-0.3264764936	-0.2917100452	-0.341857814	-0.2492238996	-0.3462610232	-0.3197122509	-0.305347714	-0.334370351	-0.3517777096	-0.2525025394	-0.3320154377	-0.3046636226	-0.1128216902	-0.2278622336	-0.1600780155	-0.202167962	-0.378218432	-0.3521654491	-0.2938193149	-0.2619838969	-0.3039714851	-0.2955361357	-0.3201004814	-0.08825167637	0.9081134061	0.8494580214	-0.3009768823	-0.284240819	-0.375610197	-0.3548306504	0.01076693478	-0.3095794915	-0.2250206926	0.8690721111	-0.3419964938	-0.2924127557
-0.2910079088	-0.3393979864	-0.2929766891	-0.3412159049	-0.2554001058	-0.2852624791	-0.303464678	-0.3539384599	-0.3552926246	1.032594912	0.913328534	0.9411218685	0.9008993038	2.561382674	2.432261156	0.8910875757	1.012616765	1.007408232	2.379316178	0.9285548877	-0.2076118981	-0.1638370131	2.413360009	0.0382526072	-0.05665181847	2.802498321	3.017786281	2.569278088	2.460317011	-0.09254818903	2.512993491	-0.09318927855	-0.0298524583	0.8272322001	-0.03512822748	2.580061036	-0.3526875484	-0.3604120598	-0.381644245	-0.2432479366	-0.1538528136	-0.3656443943	0.9372765121	0.03784043809	2.691769561	-0.2570539944	-0.03008117966	-0.1994321552	0.1776805023	-0.1993311225	-0.1090332492	-0.1218945983	2.614974677	2.432412302	2.478414146	-0.08725118268	-0.08200295212	-0.197618304	0.9819321506	0.9914475292	0.9538207428	-0.1741500575	2.543386589	-0.1339126848	-0.1607347468	-0.1683968365	-0.2893102732	-0.2032097722	-0.3448586795	-0.3677525487	-0.3549537293	-0.2837528756	-0.282589631	-0.3622821332	-0.3415593219	-0.365627509	-0.3015922968	-0.2631870525	-0.3750912784	-0.3755989998	-0.2941032015	-0.3084105047	-0.3073961609	-0.2865647673	-0.3458257427	-0.3138540333	-0.2636728504	-0.3112600214	-0.3399461797	-0.2512420008	-0.2009533423	-0.3480751506	-0.2760159499	-0.3826855415	-0.3036389364	-0.3389624188	-0.3324264743	-0.3428629378	-0.3152505223	-0.2914647207	-0.3389274625	-0.3671295845	-0.2916894169	-0.3111109444	-0.3116003742	-0.320686433	-0.3307538596	-0.3386039943	-0.2771015269	-0.290310574	-0.3644689277	-0.3626835514	-0.3059820341	-0.346814606	-0.3663618646	-0.3775054434	-0.3428359264	-0.3592148068	-0.3613414216	-0.3197372304	-0.3377328186	-0.3344743517	-0.3227270994	-0.2447653584	-0.2904074449	-0.2960371126	0.9159184438	-0.3472455454	-0.3298067468	-0.3692444075	-0.2683995674	-0.3265103794	-0.3130801077	-0.3574824866	-0.3100671282	-0.2649094517	-0.2098470986	-0.3329768801	-0.2967434741	-0.3212408326	-0.3001479675	-0.317695327	-0.3381988831	-0.3662845135	-0.3824401519	-0.3671664381	-0.3704510891	-0.3403025795	-0.3262929284	-0.3394698174	-0.3610265076	-0.2133543724	-0.2477024945	-0.2686168364	-0.1924300204	-0.1578050585	-0.1852117176	-0.084649649	-0.2330521553	-0.1832599771	-0.1541267073	-0.3285519351	-0.1349546118	-0.3634060356	-0.3629251404	-0.3023439493	-0.02593131144	-0.2322145296	-0.03290373646	-0.1760840508	-0.1812759319	-0.000792767202	-0.2322868823	-0.360022607	-0.2038345206	-0.2981762059	-0.2303252557	-0.2762993874	-0.3304403966	-0.3631012011	-0.2655455668	-0.3098274887	-0.2695038317	-0.3109670274	-0.3227374895	-0.2762946854	-0.2896373081	-0.3589766929	-0.3808901218	-0.3623715297	-0.2826096635	-0.3733489069	-0.2597282924	-0.2911761625	-0.3219905077	-0.3210513791	-0.2856992911	-0.3313481477	-0.2491646965	-0.3390822513	-0.310635438	-0.2976878975	-0.3342202389	-0.3443656206	-0.2454074542	-0.3245971553	-0.3018529711	-0.1138825851	-0.2342465496	-0.1862592254	-0.2333404113	-0.3723107221	-0.3497343109	-0.2921222438	-0.2647009713	-0.3055393853	-0.2912608254	-0.3150654343	-0.1168948322	0.8709569337	0.8238283248	-0.2998929421	-0.2782843945	-0.3729310555	-0.3599385377	0.0413339499	-0.3130701204	-0.2221077817	0.8710762562	-0.3395641473	-0.2993066369
-0.2878350959	-0.3233778945	-0.296344844	-0.3405627263	-0.2588958732	-0.2720396482	-0.3000041714	-0.3475051494	-0.353203129	1.016504425	0.9401953175	0.9626162761	0.9063311615	2.686161256	2.4773736	0.9271131205	0.9745265633	1.021855923	2.476661976	0.883965212	-0.2113429923	-0.2229374285	2.423611433	0.02326340178	-0.02866840471	2.487783613	2.569278088	3.052999015	2.476665577	-0.06388225478	2.501495583	-0.1130663313	-0.01321939915	0.8444066162	-0.08106968559	2.552451355	-0.3466171323	-0.356809183	-0.3782344073	-0.2418359998	-0.1524046606	-0.3671842039	0.9750652329	0.05288663319	2.623652504	-0.2484334632	-0.01249243256	-0.2021375698	0.1753732858	-0.177885428	-0.07925442533	-0.1676973132	2.599821135	2.444265749	2.445777594	-0.0515556905	-0.0473469261	-0.1765753407	0.9632785479	0.9841838071	0.9560658387	-0.194883935	2.686181538	-0.1180560692	-0.1565846043	-0.1607249495	-0.2774791106	-0.2075876814	-0.327613488	-0.3629371713	-0.3432422456	-0.2928626072	-0.2926636539	-0.3558969411	-0.3483097422	-0.3620234086	-0.2957064325	-0.3082544618	-0.3573265857	-0.3712326871	-0.2898755638	-0.3090154571	-0.3585122246	-0.2574787153	-0.351759406	-0.3650229056	-0.3104742529	-0.323012034	-0.3492205281	-0.2554336705	-0.2474964081	-0.3567538701	-0.2806761981	-0.3791976754	-0.312343327	-0.3447262697	-0.3433857598	-0.35007233	-0.3666584371	-0.3324306964	-0.3478333584	-0.3623952733	-0.2957778785	-0.3043561779	-0.2843736632	-0.3251889565	-0.3293189672	-0.3235168412	-0.2901306737	-0.2875508382	-0.3648448136	-0.366508171	-0.2724920686	-0.337856801	-0.3596321837	-0.3582052425	-0.3451622763	-0.3492185539	-0.3540147672	-0.3333947953	-0.3469780292	-0.3140485516	-0.2961881859	-0.2031992689	-0.2735510376	-0.2638610577	0.9464081997	-0.3357009706	-0.3293019097	-0.3568091525	-0.3231137477	-0.3389404776	-0.3139494282	-0.3572132825	-0.3029234446	-0.3041819696	-0.2417345853	-0.3426434164	-0.3444234859	-0.2697489971	-0.2799554898	-0.3094706132	-0.343616783	-0.359154608	-0.3733406494	-0.3591321362	-0.3646980934	-0.341125769	-0.3092179405	-0.3469649095	-0.3476532276	-0.2022675485	-0.2422085097	-0.2648204508	-0.1866400839	-0.131564633	-0.1503740122	-0.0585452125	-0.2316279284	-0.1789748627	-0.1573950863	-0.3199341906	-0.1641069667	-0.367578151	-0.3579685693	-0.3098605199	0.01034628843	-0.2714745709	-0.0902618251	-0.1725800067	-0.2129399121	0.02846216513	-0.2281047897	-0.3541609479	-0.1883678377	-0.293355111	-0.2704249191	-0.3191712712	-0.3709114916	-0.3610998457	-0.2710769956	-0.296822648	-0.3105946533	-0.3531938461	-0.3186634328	-0.2730809256	-0.2907290072	-0.3560701314	-0.3714043749	-0.3588555338	-0.3329569534	-0.3664370776	-0.290386887	-0.2890413675	-0.3091451326	-0.3148774703	-0.2655891873	-0.3059623365	-0.2270118857	-0.3226357368	-0.2840222323	-0.2778139901	-0.3134840707	-0.3531523922	-0.2434424017	-0.2753718914	-0.2613961979	-0.07598445069	-0.2325340367	-0.1876522778	-0.2122323248	-0.3627862633	-0.3371232893	-0.3324756695	-0.2809925256	-0.3554914549	-0.3487407366	-0.3194522229	-0.1484197961	0.8883169626	0.8386106315	-0.3409225603	-0.3290422772	-0.3696506181	-0.3518912531	0.05095044059	-0.3096001603	-0.2083475564	0.86221757	-0.3326433819	-0.2892385399
-0.3190484261	-0.3235549782	-0.3300566443	-0.346585626	-0.2645592032	-0.2992322878	-0.276172378	-0.3198228449	-0.3486050562	0.9833787727	0.9164472643	0.9218587293	0.8622293562	2.485831388	2.443616442	0.8420763606	0.9722846811	0.9252033035	2.357841132	0.8987475097	-0.1816103372	-0.1232791995	2.480855755	0.03208301034	-0.06977624382	2.507855652	2.460317011	2.476665577	2.948569423	-0.05197764243	2.657947718	-0.0617317661	0.004989528102	0.8040456995	-0.01543150012	2.400008797	-0.3445288461	-0.3570370312	-0.3786734957	-0.2350392605	-0.1585248462	-0.3648840795	0.9225693978	0.0704311862	2.534579178	-0.2559752934	-0.04885351536	-0.2321134238	0.2122672154	-0.1677125966	-0.0962117724	-0.08205165378	2.411882518	2.412248698	2.361378708	-0.04457896458	-0.07437002973	-0.1776968157	0.9617623527	0.9935711156	0.9136537743	-0.1593861429	2.446727299	-0.1144344559	-0.1299709543	-0.1467964257	-0.2719531819	-0.1878003665	-0.3343617842	-0.363559317	-0.3488013173	-0.2681119045	-0.266838032	-0.3628564688	-0.3443090233	-0.3627920281	-0.2994855173	-0.2613447706	-0.3665837051	-0.3709229954	-0.2808423702	-0.3065068934	-0.3002560056	-0.277302407	-0.3478108431	-0.3053939106	-0.2563208229	-0.3097401595	-0.3463064293	-0.2198505886	-0.2283654149	-0.3247495976	-0.2762746957	-0.3800069034	-0.2990878699	-0.3392561763	-0.3352150756	-0.3456835222	-0.3112066536	-0.279688005	-0.3490369369	-0.3664899583	-0.2955499542	-0.3139584943	-0.3028969297	-0.322744543	-0.3289307899	-0.3439480782	-0.2648403391	-0.317714223	-0.3651204584	-0.3662894568	-0.2969311927	-0.3423709574	-0.3674597026	-0.3693560861	-0.3484541069	-0.3676768747	-0.3610839427	-0.324369541	-0.3429007764	-0.3337223514	-0.3119565212	-0.2366380647	-0.276446027	-0.2740321708	0.8987100474	-0.3532821925	-0.3275969335	-0.3239989559	-0.2754562924	-0.3307707336	-0.3123796684	-0.3528953375	-0.2868034599	-0.2709878435	-0.1939670398	-0.3342266602	-0.2850373983	-0.2867255472	-0.2890904942	-0.3426113349	-0.3389399211	-0.3608285982	-0.3782754004	-0.3648622537	-0.3679053929	-0.3376623644	-0.3131367339	-0.337803292	-0.3351157741	-0.1856472913	-0.2464720224	-0.23197673	-0.1682204201	-0.1493843307	-0.1437563896	-0.04587846372	-0.2211165104	-0.1579450921	-0.1396029714	-0.3291810285	-0.1085941788	-0.3652319174	-0.3593090142	-0.3435588665	0.004202930133	-0.1964277161	-0.001524028348	-0.1471485408	-0.14118802	0.02900918421	-0.2410648825	-0.3595646586	-0.1989271696	-0.3400062191	-0.1944640992	-0.2661605172	-0.3200944566	-0.3622057871	-0.239627578	-0.3332521668	-0.2559227403	-0.2978832952	-0.3401463553	-0.287898879	-0.2744595128	-0.3588981598	-0.374334744	-0.3588342777	-0.2753789387	-0.3677642094	-0.2440245964	-0.2693466789	-0.2989888808	-0.3109792318	-0.2710920198	-0.3352907758	-0.2326505914	-0.335707476	-0.305887381	-0.2982186571	-0.3176050921	-0.347611682	-0.2238680782	-0.3172714835	-0.2905730687	-0.05855511153	-0.2221491641	-0.1600167141	-0.2008691732	-0.3664831822	-0.339784568	-0.2830975449	-0.279675915	-0.2973401612	-0.2940968687	-0.3156839056	-0.06521040234	0.837057974	0.8145585551	-0.3009628517	-0.273063068	-0.3698649972	-0.3537064637	0.02975070876	-0.3093948124	-0.2067844293	0.8241261504	-0.350631081	-0.3146552235
-0.05017296509	-0.0108673185	-0.06923743374	-0.07718934241	-0.02156319279	0.006590927855	-0.01876861667	-0.03629661349	-0.0759433497	-0.1046953311	-0.09336480358	-0.08141557714	-0.0900600684	-0.04925435938	-0.05772946322	-0.09418779875	-0.0956618512	-0.1176567635	0.03257079715	-0.1080647345	0.1585412185	0.1490443753	-0.05320570485	0.4885575071	0.5255221062	-0.04114143033	-0.09254818903	-0.06388225478	-0.05197764243	0.9131742524	-0.07164312264	0.1293465697	0.0279407103	0.01323749702	0.07614121148	-0.08698994281	-0.07496934293	-0.1011841513	-0.1047353173	0.007649212417	0.0250970303	-0.0087069787	-0.1280576258	0.205330811	-0.0679421137	0.08823899962	0.1306676453	0.03721001859	0.2470606509	0.1460945931	0.3898331737	0.07067859614	-0.08000482357	-0.06446825842	-0.1114040931	0.8391087521	0.7227874579	0.1589372165	-0.04717955157	-0.0665010672	-0.1071720796	0.09759364863	-0.06412579278	0.117841112	0.1497532475	0.09948873094	0.02111204649	0.01430297262	-0.07451526581	-0.1054046069	-0.05708556694	-0.06554771125	-0.06616900964	-0.07409318969	-0.0941588195	-0.09146148711	-0.01257372791	-0.01554382853	-0.09362106058	-0.09081287587	0.09515997608	0.02294303045	-0.1008477941	0.008410891457	-0.06377763692	-0.1073391661	-0.04471638569	-0.02811310658	-0.0594412298	0.1248445743	-0.0171234981	-0.0247977631	0.1468885869	-0.1057886249	-0.028474916	-0.03538019714	-0.03545127475	-0.05956302087	-0.1037737278	-0.03946656679	-0.06521397047	-0.09223948554	-0.04696949249	-0.005784599889	-0.01972222719	-0.03560177443	0.003506578078	-0.008298757221	-0.01066942366	-0.01713407688	-0.09902662902	-0.01280637828	-0.02855417565	-0.04581698874	-0.08268042583	-0.01996853787	-0.03017420636	-0.08889142197	-0.01851384155	-0.05017818808	-0.05441472539	-0.02964096225	0.05936531389	0.1285308619	0.02334044933	-0.006858813793	-0.1277355403	-0.07377585382	0.004297893512	0.02316819677	-0.05600100791	-0.05031574451	-0.02501543237	-0.06387674138	-0.01591272372	-0.09709127611	-0.010838054	-0.03503779561	-0.05997315561	-0.01654814657	-0.02055855063	-0.05046167425	-0.04438734711	-0.1103238062	-0.09737286678	-0.02075178533	-0.08435752095	-0.04561442838	-0.0538840855	-0.04803080219	0.05817401601	0.07798111717	-0.01153062633	0.06477678459	0.03435812672	0.103571955	0.1107599605	0.128358243	0.03650192805	0.01496578134	0.0471856674	-0.03259752378	0.1136328483	-0.09746967444	-0.1051846728	-0.06598812189	0.122580766	-0.01737403562	0.03198006643	0.01199943515	0.02830752904	0.08197123475	0.05805992151	-0.07116917293	0.06408562813	-0.000358051515	-0.01181895544	-0.04960578928	-0.1142478325	-0.07651050153	0.04210598809	-0.01829382622	-0.05139223922	-0.08498830084	-0.01873818229	-0.03602366263	0.009602443812	-0.07412201811	-0.1093378726	-0.09586339359	-0.05464232235	-0.08646018923	-0.03190590775	0.006251512934	-0.01444749308	-0.04069640163	0.01988286872	-0.04792443576	0.09644717446	-0.06306666156	0.0293194714	0.0274696871	-0.03443239102	-0.0820006458	-0.02022491354	0.02789833471	-0.002604339993	0.1203385421	0.03600832608	0.09898436114	0.1495047356	-0.1032057818	-0.07979549026	-0.06003307515	0.04210706442	-0.09322130044	-0.08615038966	-0.01636656625	0.1130732956	-0.05726528697	0.04354733336	-0.05322047475	-0.05727664292	-0.02694143097	-0.07362303569	0.1791835783	0.006268041611	0.01111675483	0.01029081611	-0.09682924722	-0.05157733752
-0.3131631318	-0.3268914411	-0.3352480105	-0.3349943304	-0.2601381419	-0.2763286051	-0.2981345217	-0.3467364078	-0.3527283808	0.9960814114	0.9515000628	0.9467455989	0.8859488428	2.525111917	2.445545166	0.8525125503	1.001422875	0.9477183891	2.35271586	0.9265721082	-0.1981486242	-0.148797597	2.509869496	0.05595855417	-0.03783251712	2.519198999	2.512993491	2.501495583	2.657947718	-0.07164312264	2.961851909	-0.09104988271	-0.01061026174	0.8055354407	-0.02468919331	2.427387962	-0.3465308314	-0.3536287355	-0.3748972445	-0.223596864	-0.1452155566	-0.362126706	0.9494235882	0.05799407334	2.527653986	-0.2567409713	-0.04726635062	-0.2118080726	0.2060033567	-0.1809159891	-0.1041264173	-0.1109408401	2.440468524	2.444335054	2.358872383	-0.06240065481	-0.05737271701	-0.1709499059	0.9701626349	0.988760109	0.9345264232	-0.1532164763	2.491343235	-0.09619774881	-0.1435254866	-0.1648328001	-0.2714776722	-0.1762983944	-0.3295087029	-0.3598835012	-0.3428322867	-0.2526520488	-0.2514596862	-0.3662253233	-0.3455862358	-0.3642023323	-0.2971379476	-0.265591688	-0.3698852096	-0.3654617336	-0.2851208671	-0.3040972905	-0.3023266533	-0.2819678324	-0.3483976513	-0.305325097	-0.2575600849	-0.3071111159	-0.3411246132	-0.244541856	-0.2255880662	-0.3418745379	-0.2748530955	-0.3758570876	-0.2952075585	-0.330745263	-0.3262849609	-0.3457155069	-0.3058220179	-0.2729993216	-0.3454986103	-0.3576758309	-0.2927518254	-0.3142465192	-0.301771765	-0.3140413808	-0.3224426903	-0.3392761799	-0.268415871	-0.3183162813	-0.3564564688	-0.3620697636	-0.2968626225	-0.3439710478	-0.3557819857	-0.3659361402	-0.3378983916	-0.3697769794	-0.3613761803	-0.312957725	-0.3417294279	-0.3396659229	-0.3189618744	-0.2416980654	-0.2865691342	-0.2685789734	0.9252336194	-0.3551788289	-0.3204900594	-0.3470393339	-0.2697362774	-0.328221151	-0.3017011203	-0.357609269	-0.2814104312	-0.2635101213	-0.2312082005	-0.3256367777	-0.2875962066	-0.3346089102	-0.2897871239	-0.3438938924	-0.3416933621	-0.364411038	-0.3819068911	-0.368370926	-0.3643455173	-0.341658758	-0.3167466782	-0.3413564695	-0.3665638815	-0.2158620455	-0.2364741076	-0.2657581462	-0.1853155424	-0.1913672242	-0.1636778561	-0.07949336875	-0.2495704758	-0.1748811776	-0.1618554947	-0.3213067092	-0.1576619553	-0.3656395264	-0.3560375485	-0.3377732124	-0.03482729949	-0.2229314717	-0.02601911655	-0.1745451967	-0.1805356517	-0.00319610193	-0.2359698608	-0.3538189987	-0.1888097794	-0.3342459104	-0.2217651314	-0.2608055202	-0.3207376905	-0.3552380516	-0.2623780789	-0.3345969398	-0.2465571098	-0.2908889684	-0.3352025331	-0.2927488891	-0.2955094049	-0.3515389472	-0.3730121995	-0.3599379854	-0.2762936212	-0.3636132195	-0.2366849905	-0.2649145464	-0.2932432008	-0.3091104307	-0.2771651794	-0.3298088151	-0.2295278414	-0.3377831884	-0.3119475456	-0.3025669847	-0.325959541	-0.3508417958	-0.2371072675	-0.3155977296	-0.2824322981	-0.09292365633	-0.204988267	-0.1783311226	-0.2146856169	-0.3638605163	-0.3343692408	-0.2854729161	-0.2658995325	-0.2899524189	-0.2811216337	-0.3171677909	-0.07909582134	0.8317674195	0.8141144351	-0.2936536027	-0.2679572498	-0.3652741342	-0.3560915909	0.02233519833	-0.3071666949	-0.1894334468	0.8377350955	-0.3423626937	-0.3083890367
-0.04363368954	-0.01100736249	-0.04558888248	-0.08406935013	0.06384972191	0.03242387471	0.006325330323	0.02109428587	-0.07484537752	-0.1107062407	-0.1433311412	-0.1390269847	-0.1449856085	-0.1386166035	-0.09424941337	-0.1364903346	-0.1060394993	-0.1764506003	-0.1142502168	-0.09800123158	0.274915449	0.3910177656	-0.1784795083	0.1530880446	0.1078876886	-0.07826467633	-0.09318927855	-0.1130663313	-0.0617317661	0.1293465697	-0.09104988271	0.9162372179	0.1264709941	-0.07153297044	0.3578360182	-0.101291016	-0.05137651796	-0.04445434177	-0.08734082798	0.03784638674	0.1533304614	-0.01211239775	-0.07930008512	0.0132212158	-0.07169039512	0.1318273435	0.1907682306	0.1243387085	0.08375233832	0.3587368947	0.09127013513	0.3835143682	-0.08846947497	-0.0903271423	-0.09910554643	0.1371492584	0.1129714206	0.1894804205	-0.09635558365	-0.06330201794	-0.1094508289	0.2656851487	-0.1111829296	0.2547408871	0.2983724975	0.2476010988	0.03051043675	0.04857140393	-0.0231204773	-0.06373087213	-0.07710433924	-0.02339883564	-0.02266770012	-0.07271810094	-0.05675852404	-0.06867595618	0.00652462203	0.05632561534	-0.09057577314	-0.08061534721	-0.06134971758	-0.09046827807	-0.02710183337	0.0334036874	-0.09089140919	-0.03354543633	0.005133482282	-0.06910505137	-0.08616060521	-0.005135108254	-0.01616998351	-0.06867986899	0.01897930431	-0.09011095053	-0.07816599424	-0.0873754551	-0.09234400443	-0.07265004988	-0.02139860746	0.1326297308	-0.06320410953	-0.07572863073	0.001980117607	0.0004334844558	0.04436610504	-0.06131885152	-0.09118127849	0.01675125862	0.05206679686	-0.08703189117	-0.09198776356	-0.0372403516	0.05357049878	-0.09101371353	-0.08928141649	0.01108723439	-0.06713506213	-0.07619588079	-0.1098231984	-0.08788114692	-0.08296219237	0.0222728314	0.0540006398	0.03628052465	0.04423459102	0.02639796837	-0.0778597924	-0.04130317324	-0.0843389013	-0.04553649284	0.003614784273	-0.09083959953	-0.03741825431	-0.09817018714	-0.01087076714	0.04952881658	0.06527506706	-0.09271132353	-0.0198304118	-0.001200037469	-0.04688062917	-0.06471713189	-0.07203289321	-0.08654981305	-0.07990583153	-0.09913175635	-0.04459384734	-0.08101991513	-0.02820594056	-0.0775302307	-0.02460963019	0.1728507053	0.003897001535	0.1646706966	0.06280295418	0.111650567	0.08822494932	0.09783411163	0.0696067568	0.06897219265	0.0144393952	0.006786463496	0.158025438	-0.07931110673	-0.07363831313	-0.05069704478	0.081216476	0.06201930182	0.06730619508	-0.01471497424	0.09003265815	0.03940307897	0.04478775903	-0.06570355624	0.03521783777	0.01290993254	0.06537881967	-0.0006632553002	-0.02590260796	-0.09987287855	0.0160980732	-0.08665808323	0.07975267263	0.02721617669	-0.02373681352	-0.04773847895	-0.01692278007	-0.09991392019	-0.0855287185	-0.08461086242	-0.01600743677	-0.08920472827	0.06756236052	-0.0188320915	-0.02146082636	-0.01251030804	0.03603698047	0.005575142327	0.05924047573	-0.07265788497	-0.02912081305	-0.01722839402	-0.03559882816	-0.0806353513	0.06483860936	-0.01471091037	-0.01428213568	0.1090401944	0.1699067711	0.2163208001	0.238737338	-0.08363168532	-0.0585959919	-0.02437024356	-0.01490997552	-0.01085631768	-0.02839785014	-0.03742662638	0.2538965768	-0.1912689345	-0.06188334035	0.08988742837	0.06897788116	-0.02818433317	-0.08011137669	0.1220359335	-0.01037158721	0.05831499594	-0.1828870307	-0.07041014824	-0.06771555166
-0.04613053974	0.00898493107	-0.01410826167	-0.01957873148	0.01437579637	0.07254906209	0.09698547783	0.1074301425	-0.06397228943	-0.1897211589	-0.1654213861	-0.1650718016	-0.1502961947	-0.001857734241	0.01865154752	-0.1515229687	-0.1872202835	-0.1623459678	0.01380734602	-0.1650163419	0.3385275577	0.34429491	0.00210954729	-0.01973699071	0.008063400501	0.001333551057	-0.0298524583	-0.01321939915	0.004989528102	0.0279407103	-0.01061026174	0.1264709941	0.9176721402	-0.05436022653	0.2702531526	-0.03470623165	0.06477450083	0.02714703896	0.01272331396	0.1075162155	0.2082292548	0.007645092077	-0.1576399249	0.01056424884	-0.01534839079	0.1277129995	0.1351896609	0.1782261269	0.0100967053	0.3171634634	0.0727426245	0.1912545534	-0.01393430096	-0.0132858776	-0.01437114006	0.03128306476	0.007394811038	0.3078027449	-0.1159624858	-0.1418408725	-0.1670640276	0.116663445	0.002707264578	0.2362089123	0.2489908547	0.205731131	-0.01754543866	0.09813150562	0.09370298072	-0.01703098018	-0.01943391776	-0.07506240384	-0.07489918315	-0.0425743397	-0.06522163457	-0.0412337799	-0.01039538583	-0.04974990922	-0.07053456034	-0.003531930168	-0.08896961156	-0.1024494577	-0.05866444591	-0.0763339693	-0.08012377803	-0.05377558738	-0.02525171331	-0.04957167985	-0.06488411769	-0.01910705548	-0.04602167139	-0.03672304831	-0.03334689074	0.008529058315	-0.08459905574	-0.05218461636	-0.06518837071	-0.0585258624	-0.04987515615	0.005551148532	-0.0560000225	-0.01376352729	0.05726431035	-0.005485749447	-0.04055037871	-0.01030984301	-0.03125176371	0.00185169664	0.05300668351	-0.07957414587	-0.03209664756	0.006962234266	-0.004625571657	-0.06065560408	-0.05437216343	-0.02044767162	-0.04208019638	-0.03781093028	-0.05918689404	-0.08210706655	-0.06572520811	-0.000356970712	-0.02765646382	-0.04168971619	-0.02027880498	0.05593962929	-0.15393133	-0.02453130127	-0.03607825711	-0.006642744044	-0.07359689617	-0.06617987968	-0.03945821952	-0.07046992947	0.01172742745	-0.02890565148	-0.02125637212	-0.06356664079	-0.07128770749	-0.03371658541	0.05605867636	-0.05533264063	-0.06771261063	-0.06374143618	-0.05327825076	-0.05646799168	0.0005256589428	-0.06207901769	0.07687082866	-0.06432087867	-0.06356258377	0.04648589387	-0.06069449738	0.005407330484	-0.0691184148	0.07840522861	-0.01516007254	-0.04961131557	-0.08263500199	-0.003477044701	0.0001378324636	-0.01390688556	-0.02295612961	-0.04222750988	-0.003754316753	-0.03661326383	-0.04139072633	-0.01786056819	-0.05181182664	-0.03209687642	-0.02931044839	-0.04330278926	-0.05881523916	-0.006918424563	0.04327686791	-0.01985836058	-0.02727991097	-0.05344645369	-0.07461266504	-0.03744937193	0.006457504683	-0.05504822488	-0.03191653208	-0.02310790382	-0.07131978112	-0.04979295498	-0.02209238387	-0.02364656749	-0.009503296599	-0.03998161279	-0.07753320794	-0.04546592777	0.04555651718	0.07141469126	0.05332450845	0.04000260977	0.02292124398	-0.03783434478	0.03046460941	-0.09752305312	-0.0727783966	-0.0744159664	-0.06443304846	-0.09004883314	0.1581695757	-0.07745944137	0.1050799874	0.09465488742	0.1570535195	0.3259110369	0.3846376443	-0.02660640788	0.02792527218	-0.08344757811	-0.02035502949	-0.03010438076	-0.07054934066	-0.0382594172	0.5645146109	-0.09914197624	-0.04467480017	-0.01886574635	0.01218111138	0.01942738887	-0.03317179595	0.09937762551	0.03110036825	0.2580827295	-0.1215223384	-0.01428586457	0.02804207342
-0.2445599982	-0.2200581238	-0.2241937388	-0.2416638951	-0.2101582618	-0.1804381241	-0.1940306238	-0.21746128	-0.2343679962	1.127471729	1.113369745	1.127617494	1.085370268	0.8323369889	0.872763144	1.086040902	1.099147607	1.106773629	0.9206078976	1.075586921	-0.01825854524	-0.03793850828	0.8649946562	0.003962266845	0.01526007603	0.8428292122	0.8272322001	0.8444066162	0.8040456995	0.01323749702	0.8055354407	-0.07153297044	-0.05436022653	2.024435615	-0.0895404555	0.8960138342	-0.2322738201	-0.2456774161	-0.2671952372	-0.1780849582	-0.1594291293	-0.1807820763	1.129423019	0.3193755718	0.8813188028	-0.1078267329	-0.06652385143	-0.07442627785	0.06787774622	0.0008701999911	-0.02414301412	-0.03738422529	0.8708471879	0.88114696	0.8516660869	0.0112633394	-0.004232223486	-0.04183382287	1.131929693	1.133598931	1.151896094	-0.0214457717	0.8388569503	-0.08883812106	-0.07178604665	-0.003901959524	-0.1792884595	-0.1664420999	-0.2350384829	-0.2498586409	-0.2447996174	-0.2402784383	-0.2393182235	-0.2400289186	-0.2379908053	-0.2597448286	-0.1839762437	-0.2122756073	-0.2484948184	-0.2590515062	-0.07792737695	-0.130134419	-0.2694044767	-0.1805676992	-0.2428814398	-0.2729224943	-0.2210732214	-0.1966054516	-0.2194379047	-0.0538297887	-0.1795410338	-0.1974226266	-0.1652811268	-0.2661831022	-0.1901989817	-0.2087872377	-0.1975722796	-0.2179263464	-0.2729481424	-0.2393359249	-0.2212597271	-0.2458104171	-0.2100199479	-0.2016530318	-0.2259463718	-0.2163495219	-0.1345045081	-0.2246398268	-0.1890061272	-0.1977861151	-0.2562221062	-0.1826181383	-0.2106830309	-0.2333361651	-0.2496110697	-0.2357564795	-0.2244941024	-0.2378375346	-0.2107660076	-0.208876846	-0.2167003805	-0.215351206	-0.1896749879	-0.1264490229	-0.1461529627	-0.1628587039	1.104852588	-0.2193844872	-0.1323442513	-0.1458224657	-0.2081524285	-0.2050377531	-0.233797469	-0.227565063	-0.2364379296	-0.1910461193	-0.1644337151	-0.1996140073	-0.2331312601	-0.1176157072	-0.189733351	-0.2237062271	-0.2347743233	-0.2170049745	-0.245700618	-0.2189853026	-0.2585984098	-0.2272082184	-0.2156102052	-0.2369462543	-0.1566261916	-0.1124150347	-0.1331033731	-0.1351867303	-0.08819138808	-0.07565345456	-0.1109830186	0.01998301368	-0.1219864004	-0.02981902387	-0.06029306361	-0.1959712489	-0.07405529127	-0.2582123925	-0.2421783317	-0.2139992576	0.1625528351	-0.1810229292	0.01443594729	-0.0182205984	-0.1195508876	0.161700573	-0.1601855865	-0.2381369904	-0.1297146571	-0.1953970463	-0.1799799776	-0.2232805351	-0.2664075887	-0.2493880722	-0.1438191054	-0.2178507861	-0.2709115809	-0.2665047177	-0.2295374703	-0.2197822157	-0.2174436155	-0.2499548283	-0.24317536	-0.2578313317	-0.2243529916	-0.2612561102	-0.2164705566	-0.1740031145	-0.192451201	-0.2296854921	-0.2045322763	-0.2071159992	-0.1711359884	-0.2174870445	-0.2096439386	-0.1853814644	-0.2064727639	-0.2199017835	-0.1389793718	-0.1121968065	-0.201602339	0.01096414821	-0.1298679678	-0.06604004283	-0.008947308829	-0.2367393559	-0.242367683	-0.234552425	-0.1226378673	-0.2605219082	-0.2370248152	-0.2138179543	-0.0004478268577	1.203962254	1.723483425	-0.2541906358	-0.2088371214	-0.1851224147	-0.2479752068	-0.005356180183	-0.1942654244	-0.1225470175	1.37383239	-0.2381479716	-0.1681006697
-0.04188684294	0.001086574054	-0.05405324593	-0.04855873385	0.1085891656	0.02200240815	0.07256918516	0.06061659718	-0.08905561569	-0.1088967537	-0.1379772284	-0.1242756456	-0.119271294	-0.06640153504	-0.06901666727	-0.1019461103	-0.09090582809	-0.122966978	-0.1240084146	-0.07188762171	0.3878029462	0.3732369538	-0.1003268445	0.1163006369	0.06698289631	0.001896775932	-0.03512822748	-0.08106968559	-0.01543150012	0.07614121148	-0.02468919331	0.3578360182	0.2702531526	-0.0895404555	0.917348271	-0.05811236629	-0.0002584257815	-0.03780968502	-0.06864502231	0.09790030622	0.200917645	-0.0167125535	-0.1205096945	-0.01241073015	-0.0347642158	0.1641011352	0.2697954075	0.1887677476	0.02663571792	0.3308283348	0.09014185333	0.3157082767	-0.0662635675	-0.02602581027	-0.01503755535	0.07462816315	0.05163656455	0.2226361559	-0.06712216363	-0.07750980478	-0.1384302813	0.2579139704	-0.08005916355	0.2583683737	0.3332114633	0.2630259465	-0.03775827246	0.07382656248	-0.01681438892	-0.05239562628	-0.03228474066	0.0003081754351	0.0001262715592	-0.07150972128	-0.076535232	-0.06485675129	-0.02288328381	0.006457160253	-0.08926399905	-0.07817956948	-0.07773207014	-0.1059715076	-0.02734163826	-0.002274791778	-0.09791468668	-0.01976716339	-0.001293004407	-0.07112164044	-0.07257846512	-0.00881866503	-0.02312258726	-0.05445192531	0.02047042105	-0.06995561975	-0.08603762973	-0.07543648769	-0.08469195753	-0.06139472298	-0.01912785894	0.06686701857	-0.06521129261	-0.05811291248	-0.0058201048	-0.01936085786	0.01043875649	-0.049010141	-0.07830611859	-0.0416109141	0.0521582797	-0.09443537101	-0.06296091116	-0.03447811841	0.0281232926	-0.101238508	-0.08382976374	-0.02868230134	-0.07763481683	-0.08118190472	-0.1168680714	-0.09746293538	-0.07214177729	-0.0310320486	-0.05159210445	-0.01309517696	-0.0142951789	0.01928037778	-0.1192543245	-0.06173991277	-0.07584714015	-0.03324007074	-0.007484998483	-0.07487724293	-0.0210814024	-0.1015554311	0.04528043111	0.09290682115	0.0584562401	-0.08436881954	-0.04089466071	-0.02653255688	-0.02895900955	-0.07892718542	-0.08879487366	-0.1070026504	-0.1020393876	-0.1133633206	-0.03105493695	-0.09728914386	-0.02045131586	-0.09461840857	-0.05431343151	0.1352574577	-0.065108144	0.01967731385	-0.0105465648	0.1191732139	0.0384305054	0.01809654203	-0.01957712963	0.008376054916	0.06440501179	-0.03953006545	0.07172048401	-0.08691792551	-0.04369960062	-0.04028282374	-0.01735294619	0.06551900409	0.03743967348	-0.02818591902	0.07116716193	-0.02521022661	0.03321408598	-0.06020033658	0.06302883163	-0.04375934069	0.06889720819	0.01394702228	-0.02777720839	-0.08074158143	0.01923377782	-0.09513290616	0.07794814861	0.02204400261	-0.05118019915	-0.01824231972	-0.009776782651	-0.06759268294	-0.07672157683	-0.08288001609	-0.02961964655	-0.06844655728	0.09742785774	0.02187648558	0.009048686682	0.02250310779	0.01940331221	-0.04862463156	0.02915099506	-0.1067623123	-0.08100742519	-0.06279750634	-0.07313872133	-0.106111094	0.1207553988	-0.076971319	0.0009115419885	0.1414494961	0.1835617144	0.302145159	0.2448974554	-0.08152736236	-0.04520243923	-0.03112199707	-0.004050263916	0.01223404861	-0.01979795167	-0.04588867051	0.310386966	-0.1754844799	-0.07972067269	0.02936844944	0.02398301345	-0.02555566584	-0.0827954248	0.1594832109	-0.01047214581	0.155374768	-0.1899629311	-0.04755416147	-0.02155613114
-0.3136122821	-0.3220307116	-0.336548556	-0.336275995	-0.2549623749	-0.2733906468	-0.3058793812	-0.3439829515	-0.3551614375	1.010559363	0.95343499	0.9785427668	0.9192115425	2.595335421	2.43378695	0.929855081	0.9723478454	1.03129068	2.350987318	0.906429037	-0.1650927131	-0.1769058885	2.385650943	-0.04063033209	-0.06553556929	2.583317066	2.580061036	2.552451355	2.400008797	-0.08698994281	2.427387962	-0.101291016	-0.03470623165	0.8960138342	-0.05811236629	3.056740847	-0.3396937528	-0.3518254409	-0.3729059738	-0.2466770564	-0.1431563036	-0.3611636785	0.9352151452	0.02617678367	2.668752539	-0.2657320338	-0.03253699828	-0.1333640813	0.1638622864	-0.1436206314	-0.1168011897	-0.124280709	2.62367293	2.601046031	2.66067039	-0.075887075	-0.07196273744	-0.196922912	0.9431282982	1.007666653	0.9516157493	-0.1546028996	2.518959143	-0.1016431936	-0.1208249335	-0.1176117464	-0.2768006556	-0.2242161282	-0.3418432069	-0.3576945793	-0.3466270497	-0.3246893429	-0.3237329373	-0.3613639424	-0.3456967687	-0.3633048493	-0.2942353509	-0.3184911916	-0.3614022278	-0.3652895513	-0.2803245536	-0.3078148886	-0.3560226555	-0.265641813	-0.3479153258	-0.3603409601	-0.314460299	-0.3092056031	-0.3388317451	-0.2342508786	-0.2806732143	-0.3459074243	-0.2747752408	-0.3737744866	-0.3046404429	-0.3378528491	-0.323191494	-0.3413824393	-0.3604544323	-0.3399417171	-0.3326207269	-0.3584232353	-0.2855798023	-0.3049859874	-0.2923650241	-0.315714782	-0.3122750213	-0.3182216581	-0.2907528623	-0.3127548985	-0.3511062331	-0.3588856012	-0.2873742064	-0.34397245	-0.3572244262	-0.3687624021	-0.3415733988	-0.3394731257	-0.3531393427	-0.3185732052	-0.3384538499	-0.3144007001	-0.3167566427	-0.2295216236	-0.2853686588	-0.2697579291	0.9078399048	-0.3240720365	-0.3121646844	-0.346519691	-0.3100114321	-0.3280412657	-0.2983284865	-0.3551183693	-0.2984707269	-0.2625355207	-0.2450062695	-0.330040031	-0.341376122	-0.2795272756	-0.3011781863	-0.3454259852	-0.3455051408	-0.3581809229	-0.3736447953	-0.3594429093	-0.3624753906	-0.3448006933	-0.3286706332	-0.3467169075	-0.3536676025	-0.2016257697	-0.2430608368	-0.2625408267	-0.1829860121	-0.1481267876	-0.1764927489	-0.0839610136	-0.2168373892	-0.172774213	-0.1452575662	-0.3108727146	-0.1678587236	-0.3590503768	-0.3517470231	-0.3382824939	-0.002205705287	-0.2837991442	-0.08641361805	-0.1723835733	-0.2384582696	0.01730722873	-0.2318022445	-0.3536687356	-0.201299728	-0.3364628794	-0.2820184182	-0.3210763226	-0.3728212816	-0.3573874913	-0.2504857491	-0.3346118005	-0.3092387853	-0.3505701633	-0.3026908726	-0.2600778062	-0.2716935595	-0.3524708267	-0.3716364954	-0.3592923252	-0.3328660054	-0.3640589121	-0.2996002032	-0.2850477863	-0.3114935136	-0.3135993719	-0.2887642956	-0.3089487335	-0.2481392054	-0.3400569873	-0.3153358516	-0.3005834404	-0.3368583185	-0.3457675418	-0.2302615056	-0.2902322297	-0.2750762369	-0.06352098826	-0.185772062	-0.1460579377	-0.1689695682	-0.363668257	-0.3328553349	-0.3339694399	-0.2464046648	-0.3502699508	-0.3287382096	-0.3180976102	-0.1770950511	0.9142174934	0.89999289	-0.3318884859	-0.3341324269	-0.3611785873	-0.356968986	0.03586963023	-0.3062445004	-0.230060942	0.8350531624	-0.3178986293	-0.2758661711
0.103913593	0.1099782551	0.1493299953	0.1898024178	0.1298476664	0.07893969623	0.1275120401	0.2187825889	0.1093403777	-0.3845220511	-0.3657798184	-0.3734186051	-0.3515016895	-0.3420382287	-0.3417220386	-0.3489114489	-0.3797275682	-0.3687527916	-0.3376020535	-0.354407399	0.06104087345	0.02950900927	-0.3347651939	-0.09035160165	-0.07012947329	-0.3518158771	-0.3526875484	-0.3466171323	-0.3445288461	-0.07496934293	-0.3465308314	-0.05137651796	0.06477450083	-0.2322738201	-0.0002584257815	-0.3396937528	0.4442393332	0.2380719734	0.2793501247	0.2014810239	0.03222669259	0.2289333943	-0.3914271236	-0.08989726753	-0.36945228	0.1101526433	-0.01470977139	0.09029822524	-0.09167515161	-0.006336772874	-0.04501174723	-0.02258130296	-0.348847891	-0.3366442191	-0.3253173147	-0.07778817085	-0.06901564966	0.0352054758	-0.3909577538	-0.3793409099	-0.3813098397	0.0144086028	-0.3468769246	-0.01752904121	-0.01520808101	-0.009504349484	0.07945937909	0.08603285005	0.1741266452	0.2121807203	0.08963331615	0.08820359084	0.08801240976	0.1038527674	0.1146829601	0.1528595248	0.0443576481	0.004664537921	0.1298197947	0.2370000188	-0.03751380929	-0.008255698226	0.1052961037	0.009699334376	0.08163111129	0.1071356519	0.05917344003	0.02515095315	0.04848627486	-0.06970833499	0.04932378562	0.03097938115	-0.0327599943	0.2739689365	-0.01739594928	0.03347150065	0.003849600637	0.05482975348	0.1298723302	0.01634087349	0.07479400241	0.1405798867	0.1350825294	0.01675504474	0.06440551311	0.03938788011	0.03550652601	0.09392999218	0.1024409141	0.05318106759	0.1242122529	0.1843071662	0.1242199401	0.09173998122	0.1164812399	0.06209382024	0.0146348299	0.07364853995	0.122896373	-0.002050066466	0.04245718165	0.07875554233	0.005314301717	-0.07702575047	0.004383543866	0.04531956394	-0.3822113574	0.06228411822	0.033677763	0.01999208576	0.02835093235	0.01304552757	0.05869485411	0.08409658463	0.06449530354	0.03091128611	-0.07191819469	0.004636737142	0.04765571269	0.05367424296	0.07209555939	0.08375444225	0.02627703524	0.1115421759	0.1528195291	0.1137279836	0.2448673291	0.06498010369	0.1236128515	0.0391831417	0.04560146434	0.02133266023	-0.01223960536	0.007931177192	-0.06298342615	0.003141647326	-0.05824999483	-0.1196643242	-0.06223954777	-0.03872374232	-0.04136502402	0.06775575325	-0.07337548955	0.1262592415	0.1763597951	0.04305720735	-0.1296733864	-0.04964771884	-0.1329849366	-0.08957613231	-0.08338490848	-0.1520280286	-0.06539175707	0.1195578531	0.03679427528	0.003260035776	-0.06819073633	0.02049817149	0.08145462172	0.08722780576	-0.03893293806	0.07443041853	0.06764325262	0.08978080362	0.02729689201	0.08394936797	0.04316727479	0.1034927222	0.1853996751	0.1582945575	0.06743310824	0.128636685	0.06239060773	0.0427046762	0.05276410089	0.08449122094	0.1079013256	0.103247452	0.03686102143	0.1101497418	0.05831159998	0.03724261224	0.05426016062	0.1195878405	0.07856113327	0.06137147454	0.1996083138	0.0121042194	0.04481731546	0.02293318829	0.001766724791	0.1282341642	0.135193476	0.06522616008	-0.02929837638	0.07201696717	0.04779265291	0.04073688992	0.002926254384	-0.3420329079	-0.2301232816	0.08740026873	0.04669350302	0.2150874365	0.1461360747	-0.05573147462	0.1047781265	0.05736951127	-0.3553712969	0.1476385267	0.0836639691
0.09077576747	0.1123599762	0.1580052299	0.1613493849	0.1446131802	0.09677916832	0.1309253694	0.2127150461	0.1072990463	-0.3946043525	-0.374544412	-0.3818178804	-0.3596057062	-0.3537962171	-0.3528069924	-0.3593454097	-0.3890831981	-0.3797273902	-0.349863685	-0.3657453047	0.02236241714	-0.01488605111	-0.3433316355	-0.1161185874	-0.09175776667	-0.3636031692	-0.3604120598	-0.356809183	-0.3570370312	-0.1011841513	-0.3536287355	-0.04445434177	0.02714703896	-0.2456774161	-0.03780968502	-0.3518254409	0.2380719734	0.3903529107	0.2945754102	0.1741642846	0.07151990163	0.2895635948	-0.4021838502	-0.101448487	-0.3792771867	0.09441813088	-0.02113552063	0.1102633411	-0.1053050645	-0.02210333797	-0.07082157173	-0.03310141082	-0.3598985493	-0.3462221695	-0.3353822722	-0.1065713552	-0.09987710331	0.01101619087	-0.4052188292	-0.39782584	-0.3919694332	-0.0305334536	-0.3569476165	-0.03180546722	-0.02106757311	-0.007346365026	0.06440335541	0.1336051013	0.1593302032	0.2035868928	0.06580614275	0.09524935152	0.09484898729	0.1076815921	0.1512303861	0.1852180968	0.02312462756	0.00563960554	0.1125728835	0.2337888764	-0.0466932603	-0.01523926596	0.1410264522	0.01387613377	0.1261501239	0.07888640858	0.02941742268	0.01714428915	0.0518770352	-0.08597564588	0.008728340049	0.02648703128	-0.02564997186	0.2894149032	-0.01256843585	0.04080688741	0.01188034289	0.0467534404	0.1543602241	0.03148227846	0.08219857869	0.1384221616	0.112214133	0.006683465371	0.05352821896	0.04474005624	0.0337827992	0.13965281	0.09773708341	0.0347790121	0.1546106338	0.2844132311	0.1321758774	0.09597808888	0.1475998653	0.06322522021	0.03103681721	0.07218003388	0.128638833	0.006025074178	0.03666168712	0.0547600734	0.001011595049	-0.09336447318	0.008105995937	0.03965026577	-0.3924114887	0.03838666548	0.03811547322	0.005009463855	0.01739136028	0.008833133727	0.06087083431	0.09745784714	0.05933351839	0.03511807679	-0.06167871793	0.01273977468	0.04896965968	0.05033883683	0.06913134513	0.08282452313	0.03664699197	0.1200265397	0.1719454919	0.1467597116	0.2202892054	0.05135518785	0.1114696978	0.04985105402	0.06623607764	0.007365406676	0.0175733868	-0.02492886593	-0.03210695621	0.008492751581	-0.05460750665	-0.1328588193	-0.04997427095	-0.03394929988	-0.06958614853	0.07575716922	-0.07420901665	0.1418186122	0.1907688595	0.07869694957	-0.1386605571	-0.03852491691	-0.1041289642	-0.06708520173	-0.07350619867	-0.1430438226	-0.03770345312	0.1595582316	0.02627305061	0.01723669924	-0.05833364523	0.04117972515	0.09884073872	0.1210559603	-0.03077864857	0.06741625402	0.09126178081	0.09276075029	0.03500834872	0.0510506244	0.04921589099	0.1052426943	0.1895406023	0.1618520636	0.07538785702	0.1717125903	0.0632798763	0.05168129858	0.06482651232	0.1235204532	0.097717952	0.1547418746	0.05431464243	0.1457856713	0.08367138855	0.06482474942	0.07718492626	0.1278051811	0.1092350262	0.06188832927	0.2149341537	-0.02838258596	0.009520866413	-0.01691062019	-0.02333944956	0.1348063671	0.1792231119	0.05788884023	-0.04316488687	0.07618825668	0.04315084198	0.03403906553	-0.01183010245	-0.353709376	-0.2426584319	0.08220182625	0.05573925375	0.2774842894	0.1520290477	-0.06205509764	0.09878582163	0.02006441734	-0.36232997	0.1458867517	0.08841168179
0.1120432402	0.1472043541	0.1815773586	0.2448843115	0.1030819864	0.09822947463	0.142097659	0.2012780355	0.1545064179	-0.4181492534	-0.3975148716	-0.4053988509	-0.382495682	-0.3748842977	-0.374850477	-0.3828889422	-0.4125308856	-0.4029195483	-0.3708063292	-0.3894813221	-0.01665832798	-0.04089980752	-0.3636521381	-0.1224382062	-0.09852918865	-0.384799212	-0.381644245	-0.3782344073	-0.3786734957	-0.1047353173	-0.3748972445	-0.08734082798	0.01272331396	-0.2671952372	-0.06864502231	-0.3729059738	0.2793501247	0.2945754102	0.385488631	0.1568292348	0.06416110964	0.2661433374	-0.4258564785	-0.1071336066	-0.3997742823	0.05523216853	-0.06374889193	0.08755349711	-0.1111108664	-0.06555066844	-0.06965501512	-0.04039311294	-0.3813158113	-0.3680591209	-0.3566805337	-0.1101471254	-0.1018281319	-0.02186012682	-0.4286652548	-0.4211880978	-0.4154715635	-0.05326485479	-0.3779526401	-0.05716182223	-0.04474627808	-0.01346222865	0.1139839037	0.1474616642	0.2437849297	0.2289207386	0.1146751046	0.1013504357	0.1008727548	0.1297788673	0.1558348097	0.1954962902	0.03763893971	0.03523013571	0.1242011155	0.3221340824	-0.0524092859	-0.02248384754	0.1380103904	0.0124752383	0.1329691245	0.09973438613	0.06071456771	-0.001831800815	0.03514179577	-0.08590593513	0.03627147766	0.02426427545	-0.03706085204	0.3797164526	-0.03013544083	0.02180912582	-0.007235831714	0.04152948726	0.1747758774	0.03598045838	0.06773309395	0.1767946472	0.1515020439	0.0502569057	0.07241666099	0.05161888364	0.03182753682	0.1424232134	0.06259155628	0.0382632628	0.2031294014	0.2370336187	0.1398014829	0.09243520915	0.1460848256	0.08493704827	0.03667582347	0.06751372292	0.1609919535	-0.01306540187	0.01975618954	0.05653570628	0.02524302996	-0.1150584005	0.0268326816	0.04254423082	-0.4156433206	0.08099486524	0.03308713273	0.01158792187	0.01188113579	-0.01079273061	0.05613662305	0.07778015157	0.09444642171	0.04434825418	-0.05249505352	-0.006390594539	0.02494970758	0.04352797041	0.06697073955	0.09761902135	0.04114676809	0.1410346822	0.1986828956	0.1618112378	0.3055319452	0.03271264561	0.1207254065	0.05447159187	0.07682263805	-0.02729330391	0.01405309662	-0.02362375128	-0.03619245489	-0.01237967686	-0.05167077378	-0.1273185342	-0.04983160093	-0.05801544297	-0.04485207597	0.09021638109	-0.08410271311	0.1455177484	0.1830546936	0.0543339294	-0.1663318118	-0.03012542142	-0.1086737518	-0.07106522477	-0.07536509284	-0.1719848908	-0.02103851708	0.1681416181	0.02558617443	0.03421740428	-0.048912862	0.05965259217	0.1208843595	0.1373895547	-0.05189717774	0.08268789461	0.0971817927	0.1247144723	0.08391044033	0.08260469705	0.05369288132	0.1518823655	0.2135109177	0.1657133256	0.05728867495	0.186553599	0.05823718145	0.08315325245	0.07118767343	0.1031187417	0.1017193141	0.1735099933	0.02772527416	0.1505658663	0.07748702405	0.06914334701	0.03583535784	0.1397824521	0.082868415	0.06534659729	0.304636197	-0.0249470518	-0.02417578854	-0.04563760997	-0.04809348632	0.1570607724	0.2135502974	0.05002519064	-0.03892491992	0.1102988158	0.03126023191	0.03684140283	-0.04195361793	-0.3773851741	-0.2634941116	0.1236010355	0.08969030562	0.2244487892	0.1568814137	-0.08521859815	0.08864361158	0.01271154976	-0.3858589419	0.1855690151	0.08445218696
0.0628899023	0.04962817186	0.0732915366	0.07114780713	0.1420646627	0.1468673195	0.09206436103	0.1106824211	0.03234732653	-0.278076568	-0.2596020539	-0.2692546993	-0.2483089735	-0.2379434925	-0.2350856211	-0.2394036286	-0.2726151317	-0.2613028047	-0.2828659731	-0.2444569095	0.1507448379	0.1467264843	-0.257415408	-0.0154081378	0.008524060795	-0.2428806527	-0.2432479366	-0.2418359998	-0.2350392605	0.007649212417	-0.223596864	0.03784638674	0.1075162155	-0.1780849582	0.09790030622	-0.2466770564	0.2014810239	0.1741642846	0.1568292348	0.5598107699	0.2551672512	0.1633863783	-0.2617798529	-0.02704807138	-0.262938101	0.06682208639	0.0976150631	0.09769724226	-0.0562755622	0.09668912665	0.02310267606	-0.009021129863	-0.256164632	-0.2318423229	-0.2164311844	-0.001615595013	0.005037298153	0.1472190278	-0.2570300276	-0.279855125	-0.2594683732	-0.01650470799	-0.2232792171	0.16170236	0.1776740483	0.004419018094	0.04890360251	0.07582016451	0.1193816258	0.09252995028	-0.007975787473	0.001121263613	0.00117123328	0.02070592435	0.06842634097	0.08322885634	-0.01453984691	-0.005964242318	0.02884323115	0.1566340042	-0.07488693632	-0.03636510416	0.07211577258	0.04466451767	0.08415007866	0.007907113916	-0.03200960051	0.01247870257	0.01630458903	-0.06800822495	-0.05446246544	-0.009993769245	0.02404831843	0.1517382965	-0.02655930535	0.00334095302	-0.0106451426	0.006216638383	0.07248240678	-0.01412172534	0.05166483218	0.04274610249	0.04744348805	-0.01844947126	0.05418660622	-0.01500034719	-0.004899673471	0.06560264	0.009205688011	0.0002542165513	0.05549416602	0.1568741344	0.1366032769	0.03200767506	0.05180387641	0.03830342768	-0.002050932479	-0.01674246876	0.04754246425	-0.01735587499	0.002394807314	0.001130588306	0.0120322519	-0.03637536215	0.002748393766	0.02274922941	-0.2567609854	-0.01632871894	-0.007213849149	-0.02617319341	-0.02314876066	-0.009940628961	0.0384138531	0.03145666068	0.07837751979	-0.04517988701	-0.08516247278	-0.009766279723	0.005485096169	-0.0240243812	0.06331460869	0.02710363505	0.008986871467	0.04874808359	0.07112606245	0.04910438164	0.117409185	0.02494800833	0.1010743951	0.02260804375	0.02478686282	0.04449788768	0.01233108104	0.02221825669	0.007789873952	0.078607779	0.00201592029	-0.04108921066	-0.008333807646	-0.03646347368	0.00889739338	0.04583205105	-0.07412201854	0.04835162831	0.05776259939	0.02253403899	-0.08947737177	-0.08024576836	-0.08328673799	-0.07407356031	-0.07788664575	-0.1065310338	0.02326163437	0.0714681598	0.07440548212	-0.009062104738	-0.08414698033	-0.000855215168	-0.01240660837	0.03669671515	-0.03004126872	0.02618296111	0.0447782237	0.004645893078	0.008850568466	0.0603547135	0.05809822124	0.03224302257	0.07363363853	0.04893035155	0.02845453223	0.06215537639	-0.009587219913	0.03308639677	0.01245455053	0.02769995256	0.07479860876	0.09833047206	0.08049073646	0.06339490299	0.04058143377	0.0468414745	0.04803405246	0.04584286911	0.1218904668	0.02362457492	0.1362596602	0.06904815139	0.1234055208	0.09280480564	0.1094585874	0.05804605644	0.06596890684	0.01917082153	-0.04577686915	-0.007648386465	0.01154987135	0.01417953253	0.09407409827	-0.2840552667	-0.1775792336	0.02413030063	0.01794982041	0.1381090638	0.05652898064	0.05345995662	0.1087961775	0.1615791794	-0.2949906697	0.08478058563	0.0460997304
0.01524408922	0.04018207443	0.007557142917	0.009378125722	0.1522002531	0.1437349885	0.09406427726	0.08803138396	-0.009794980304	-0.2090569859	-0.2003680462	-0.2052059161	-0.1920383461	-0.1467248969	-0.1505319337	-0.1706999388	-0.2141574154	-0.1964106241	-0.2203545401	-0.1905154119	0.2061660859	0.1903741703	-0.1685952209	0.01533579442	0.03424451513	-0.1592278836	-0.1538528136	-0.1524046606	-0.1585248462	0.0250970303	-0.1452155566	0.1533304614	0.2082292548	-0.1594291293	0.200917645	-0.1431563036	0.03222669259	0.07151990163	0.06416110964	0.2551672512	0.6900166054	0.05263289152	-0.1983574486	-0.03300160669	-0.1726199972	0.06418064235	0.2060416155	0.1470088208	-0.007802243745	0.1724126421	0.0715594985	0.08685957874	-0.1725118132	-0.1307012478	-0.132120724	0.0212211391	0.02477819934	0.1937266921	-0.1976918506	-0.2216246094	-0.2276193273	0.01316040737	-0.1233195361	0.225802084	0.2226855759	0.0726950912	0.008036748004	0.09976778354	0.06490916343	0.007989659794	-0.01861786887	-0.05451211137	-0.05402003716	0.001696035922	-0.002194448504	-0.002120120916	-0.004337840419	-0.007927929405	-0.05949061749	0.05693367937	-0.07294049476	-0.07529582345	-0.009827018215	0.01534056067	0.00372785528	-0.04602636748	-0.03190116459	-0.01863735245	-0.009071879843	-0.04474357806	-0.06748463467	-0.03874263909	0.05387777862	0.06121353647	-0.04377691927	-0.02247299301	-0.02281726689	-0.02462956908	-0.001087699571	0.01096154894	-0.00787528737	0.01231093796	0.07554881014	0.01027421741	0.05265705754	0.01144014474	-0.02623966128	0.04230055869	0.0342799981	-0.04037867045	0.02949590243	0.06822790919	0.09412922486	-0.04392672232	-0.01736420968	0.03299995051	0.0003060305374	-0.03808617816	-0.02382210461	-0.03729241915	-0.02394501572	-0.0124407044	-0.03132482154	-0.03937906731	-0.005270143505	0.01173798261	-0.1949813472	-0.02828797474	-0.02000254955	-0.03529651129	-0.04841846344	-0.01786628039	0.0213236163	-0.04126637537	0.07500422326	-0.02068430194	5.517241549e-05	-0.02376098926	-0.04963303464	-0.04415929173	-0.0008424703035	-0.02181785074	-0.008369309119	-0.01690227348	-0.01907005093	-0.02599362423	0.02998469291	-0.07064548098	0.02770578917	-0.0003040914489	0.009384263811	0.07986159444	-0.001088546298	0.04582214693	0.01976340059	0.1294086716	0.02258801326	0.006665649136	0.01034670733	-0.02617554187	0.01964888257	0.01454172391	-0.01124390139	-0.003111728544	-0.01252163894	0.0267897034	-0.0704242136	-0.00487798177	-0.01258726667	-0.004105767751	-0.01610290486	-0.04702380765	0.04336694461	0.01704884629	0.09183621675	-0.01611806299	-0.004757670835	-0.0001791677506	-0.02961799409	-0.009939723345	0.01030105084	-0.03188015506	0.0499691481	-0.009184119718	3.701643909e-05	0.02869426648	0.05016220579	-0.005303544877	0.02395530026	-0.03210975437	-0.04218579764	0.0143755836	0.03487418107	0.05064239485	0.03104156641	0.03367854096	0.05384917082	0.02443402842	0.06190847841	-0.01729183041	-0.01468195298	0.003222637155	-0.0007418291243	-0.03212017206	0.3042841687	-0.04679467586	0.1094271125	0.06649212885	0.153188286	0.1447765167	0.1691987368	0.01632705062	0.06449555534	-0.05127106735	-0.01462143646	-0.009082166183	-0.02820951512	-0.001154359702	0.1775471958	-0.2319407221	-0.1618738768	0.01300475455	0.0112112693	0.04871201304	-0.01945706268	0.1327489817	0.05085220892	0.1799650384	-0.2423939412	0.04983816402	0.007665587957
0.07212860782	0.08557413921	0.1055789621	0.152572036	0.1443633707	0.0886092086	0.09412744689	0.1825848166	0.07395934181	-0.3981161574	-0.3779718796	-0.3872613394	-0.3640507039	-0.3640104389	-0.3480636539	-0.352468695	-0.3916148335	-0.3831192238	-0.2654343073	-0.3579097357	0.1778091812	0.1327324063	-0.2896447625	-0.02208075948	-0.001905704977	-0.3688201494	-0.3656443943	-0.3671842039	-0.3648840795	-0.0087069787	-0.362126706	-0.01211239775	0.007645092077	-0.1807820763	-0.0167125535	-0.3611636785	0.2289333943	0.2895635948	0.2661433374	0.1633863783	0.05263289152	0.5344847053	-0.4027948798	-0.03295806626	-0.3858308101	0.2665001722	0.009383549693	0.155993504	-0.04207851401	0.1320424021	0.0198481129	-0.02389350879	-0.3653870648	-0.3590186819	-0.3416400754	-0.01626897524	-0.007012751982	0.1592248966	-0.4015087778	-0.4023475024	-0.3961718452	0.1082072581	-0.3665442577	-0.02889321106	-0.01588378848	-0.004568723029	0.04543259313	0.09809893979	0.1317088904	0.2092415222	0.04500839803	0.07235370871	0.07174164936	0.103914674	0.09431238734	0.1414286348	0.004319614839	-0.007024327154	0.07825167736	0.2170414798	0.01043669595	0.03871476943	0.09229440616	0.02153628209	0.1059814475	0.03714616944	-0.01592187459	0.01460963174	0.06401534534	-0.02397058875	-0.01583674098	0.03413401669	0.0404270148	0.2630463339	-0.009228992853	0.05117054178	0.02781281537	0.04847854748	0.09757217317	0.03735065303	0.07493168299	0.111670464	0.08859059022	-0.03042967929	0.03922389594	0.045854697	0.0838238629	0.09114313226	0.05724929381	0.01197619565	0.09354988645	0.4082420047	0.095883623	0.03577301952	0.08198881511	0.04933652018	0.01797049352	0.01089220525	0.08661884572	0.0011605663	0.04708794585	0.0344569833	-0.009665502443	-0.06500417357	-0.01452077162	-0.007371886639	-0.393713213	0.006319198101	0.08752005695	0.05270008437	0.02601512339	0.02353476266	0.04342981084	0.08146354907	0.02429924245	0.04262663429	-0.06722579279	0.02870254185	0.03420272405	-0.01011068261	0.03864619754	0.03891395434	0.01576239819	0.07849426646	0.1251991234	0.08977921775	0.1934151465	0.02314685673	0.08766898921	0.0290837479	0.1283118209	0.02584881838	0.01533361187	-0.01582553137	-0.03254851594	0.01675458343	-0.05668180303	-0.1363781449	-0.04955567731	-0.02851733852	-0.0677864921	0.07408049014	-0.04430090231	0.07231908648	0.1522411028	0.08894197473	-0.1230992211	-0.06220536299	-0.1081353176	-0.07435002116	-0.07535806118	-0.1342995339	-0.04544193208	0.1426032566	0.03004668305	0.02686838355	-0.06440808445	0.03515894378	0.06825874459	0.08089053017	-0.05064339021	0.02953716745	0.08387362294	0.06003526275	0.01801399436	0.03285122322	0.01804729168	0.07180519638	0.1410160535	0.09473741283	0.06719805114	0.1048256878	0.03597498624	0.02642644285	0.02326821418	0.1093927898	0.05733172078	0.1232259145	0.03310138357	0.1156096707	0.02501628575	0.03415642322	0.05045801603	0.1127924887	0.100379574	0.1466143692	0.1922034969	-0.02540654296	0.02499625123	-0.02128203714	0.103400699	0.08556850163	0.1192730586	0.06058393616	-0.03221663941	0.05621241524	0.05105104881	0.01475835839	0.1311645534	-0.2770118687	-0.181618756	0.05650696725	0.02649316412	0.3706566591	0.1071746798	-0.08522173441	0.05158088589	0.005751739687	-0.2726797875	0.1073290187	0.06157689193
-0.337606151	-0.3510360344	-0.3468402466	-0.3943526538	-0.2991845084	-0.2846212863	-0.358371766	-0.3876871773	-0.3936406398	2.917389481	2.832348811	2.852931899	2.743200264	0.9335758194	0.9335044435	2.739100559	2.8622031	2.868228407	0.8137202983	2.756831771	-0.2462808156	-0.1864954948	0.8597218798	-0.03735191125	-0.1132950264	0.9147238549	0.9372765121	0.9750652329	0.9225693978	-0.1280576258	0.9494235882	-0.07930008512	-0.1576399249	1.129423019	-0.1205096945	0.9352151452	-0.3914271236	-0.4021838502	-0.4258564785	-0.2617798529	-0.1983574486	-0.4027948798	3.388240911	0.1071836553	1.033833991	-0.2807722538	-0.09964433423	-0.234512638	-0.03065697717	-0.1701809659	-0.1648273056	-0.1424922364	1.005242085	0.9032195056	0.847485694	-0.1252189868	-0.1281653221	-0.2071841066	3.005425924	2.94743327	3.050598465	-0.1284510804	0.951426659	-0.1491068663	-0.1818956741	-0.1868417782	-0.2951835957	-0.2135985143	-0.3878726961	-0.4105749541	-0.4006313199	-0.3192553807	-0.3179924195	-0.4107793714	-0.3839860211	-0.4161669124	-0.3147473962	-0.2770992702	-0.4106638504	-0.4165504658	-0.2850729085	-0.3379815466	-0.3341699617	-0.2680675185	-0.3941223949	-0.3392927943	-0.2819392528	-0.3526379138	-0.3909854945	-0.2419819333	-0.2259897449	-0.3944237397	-0.3185554341	-0.4267197294	-0.3381945559	-0.3901515509	-0.3755062107	-0.3934675581	-0.3412314417	-0.3232314674	-0.3941806037	-0.4080268349	-0.35157933	-0.3515519154	-0.318233952	-0.3765784377	-0.3327750256	-0.3560135018	-0.292227639	-0.3298775695	-0.4153955315	-0.4039252239	-0.290347637	-0.3925476622	-0.4126289394	-0.4027615379	-0.3839906652	-0.3865921254	-0.3998705973	-0.3627601587	-0.3918148619	-0.3349063444	-0.3378656391	-0.2644466812	-0.2913702185	-0.2129975861	3.281217438	-0.368364813	-0.331903823	-0.3486036086	-0.2965604975	-0.3793926136	-0.3573985658	-0.403907117	-0.3043135257	-0.2968359823	-0.2154383707	-0.3766086112	-0.3182635151	-0.2744991677	-0.3400592886	-0.3626405086	-0.3886698857	-0.3981704244	-0.4196023674	-0.4063132999	-0.4158023689	-0.3880549405	-0.3693816082	-0.3893863675	-0.3797762603	-0.2280772847	-0.2867257316	-0.3042929534	-0.214242538	-0.2292149405	-0.2091143463	-0.08142170492	-0.223480126	-0.1862673834	-0.1778238794	-0.3260831842	-0.1212717128	-0.4149425023	-0.407343862	-0.355143591	-0.001146928525	-0.2543394353	-0.02158635319	-0.167705632	-0.1933315996	0.05970046443	-0.2488071054	-0.3999043769	-0.2733367134	-0.3430976458	-0.2489177165	-0.3068134881	-0.3635901641	-0.4080082719	-0.2797454667	-0.3528750227	-0.3096277555	-0.3506762324	-0.3413128548	-0.2907353431	-0.3207878372	-0.4075382367	-0.4188905237	-0.4095227246	-0.3089401344	-0.4184193255	-0.2632222794	-0.2866271699	-0.3132850573	-0.367893128	-0.3318760132	-0.3053905026	-0.2965023243	-0.3846694256	-0.3456326428	-0.3344711811	-0.3720556205	-0.3954940731	-0.2642110702	-0.2349106855	-0.3295838617	-0.1076270089	-0.239365428	-0.2146301603	-0.2064089121	-0.408753603	-0.3950365714	-0.3031042549	-0.2774070573	-0.3503469307	-0.3171009939	-0.3596140466	-0.0396304139	2.637067736	1.136110315	-0.3053916273	-0.2832092798	-0.3973715675	-0.4057070925	-0.03694060772	-0.3444455466	-0.2471093096	2.61320747	-0.3452187099	-0.2398400112
-0.0938812349	-0.05046283806	-0.0679794278	-0.0982815112	-0.090934761	-0.003922718378	-0.04639012556	-0.0686409878	-0.05868910842	0.03703543708	0.02448203915	0.0436203903	0.005889110129	0.04092099446	0.07698824644	-0.01207960359	0.004445924112	0.03388417084	0.1063783493	-0.06038669562	0.09748642505	0.08794658267	0.12105634	0.2298627676	0.2149390751	0.03548454349	0.03784043809	0.05288663319	0.0704311862	0.205330811	0.05799407334	0.0132212158	0.01056424884	0.3193755718	-0.01241073015	0.02617678367	-0.08989726753	-0.101448487	-0.1071336066	-0.02704807138	-0.03300160669	-0.03295806626	0.1071836553	1.139162101	0.08583763354	0.03557427079	0.06923354973	0.03329035003	0.2016943384	0.1145932172	0.1925726972	0.09645052403	0.05367455288	0.07544449576	0.002617079251	0.2155913014	0.1966327898	0.112075409	0.08388972831	0.04938253262	0.1416784406	0.0485520046	0.06438652155	0.01260233874	0.06701829641	0.1495587821	0.009949655576	-0.03031474343	-0.07098693691	-0.1041976539	-0.08338873346	-0.07272676992	-0.07259326822	-0.05758590723	-0.05833679301	-0.1002907	-0.007739405353	-0.04179252693	-0.07918640726	-0.08607841716	0.09415474685	0.03247229985	-0.1091094588	-0.05084781834	-0.06960517593	-0.1120222048	-0.03927400037	-0.02530179427	-0.067709945	0.1145497102	0.005678234015	-0.03246698342	-0.001821308913	-0.1055249624	-0.02288103387	-0.05172056585	-0.03065695144	-0.05592941854	-0.110454651	-0.09913000457	-0.04926387142	-0.08167610657	-0.06721982895	-0.03475246188	-0.09041108145	-0.0711374138	0.02972441756	-0.05159189806	-0.05062050156	-0.01160649253	-0.09285759424	-0.03440051031	-0.08703007197	-0.06568279526	-0.1094587921	-0.06207445055	-0.03617850386	-0.04400582481	-0.02634915498	-0.04346513606	-0.06304257174	-0.02942903148	0.003375244024	0.06015052089	-0.01960522612	-0.008194549165	0.1015752285	-0.0148305726	0.02631717908	0.01357657689	-0.05073106638	-0.04450425021	-0.08998610477	-0.06588801399	-0.03845986219	-0.07055282346	-0.01686907684	-0.03433775265	-0.06386652402	0.06065899293	-0.01593560929	-0.06789669136	-0.02976624394	-0.02989413004	-0.0542615945	-0.0240789707	-0.09021207839	-0.05353946722	-0.05034341908	-0.02985860369	0.02961888588	0.05476440856	-0.01710712942	0.03244216197	-0.02890442379	0.08597094332	-0.0002924835048	0.09045827207	0.0228682227	0.02486269928	0.06703760453	-0.02576854557	0.08734433918	-0.09701695987	-0.105390261	-0.06268742651	0.1707696516	-0.03325485933	-0.0005204741499	-0.006050939119	0.006246025741	0.07925210011	0.006528688823	-0.06409347127	0.01891047742	-0.01233677815	-0.02924463314	-0.06919811624	-0.1026071988	-0.08901696707	0.01726152479	-0.03955648067	-0.1163473707	-0.1158432303	-0.05474842909	-0.07331881687	-0.04653236689	-0.09296819842	-0.06303431338	-0.1042955264	-0.05337228574	-0.1059160175	-0.03414950083	0.02444529325	-0.004886469897	-0.07406881789	-0.03274809156	-0.06564734851	0.003119624863	-0.04779736621	-0.0227497732	-0.005528880613	-0.03839164907	-0.03998997856	0.03364563521	-0.0247210288	-0.04462597583	0.1573434956	-0.004496326326	0.0588611101	0.1007953363	-0.05367961915	-0.08424117771	-0.06583888027	0.04041278974	-0.1055610635	-0.09203528737	-0.01665309573	0.08416902659	0.1078340952	0.2927854349	-0.09326545631	-0.01108667969	-0.0408461761	-0.09765195444	0.1316021115	-0.03150345424	0.02019188445	0.2229048551	-0.0986903798	-0.01620122603
-0.3125450691	-0.3491339105	-0.324084478	-0.3584706474	-0.2820369473	-0.2832746241	-0.2837501904	-0.3437219134	-0.3691103089	1.083115017	0.9664933906	0.9963337751	0.9325947904	2.606139966	2.473024143	0.9547924899	1.062061484	1.058692014	2.411551002	0.9674834962	-0.1702930382	-0.1575581227	2.446936769	-0.009808714529	-0.07915117551	2.694580707	2.691769561	2.623652504	2.534579178	-0.0679421137	2.527653986	-0.07169039512	-0.01534839079	0.8813188028	-0.0347642158	2.668752539	-0.36945228	-0.3792771867	-0.3997742823	-0.262938101	-0.1726199972	-0.3858308101	1.033833991	0.08583763354	3.145422191	-0.2820043582	-0.04972745578	-0.1821323249	0.1933565398	-0.1523911755	-0.1312014206	-0.1195870782	2.657191592	2.480191012	2.534605084	-0.05562193042	-0.08240385865	-0.2023573083	1.056778349	1.091593801	1.05364655	-0.1782051128	2.564616666	-0.1594321349	-0.149467351	-0.1577547239	-0.2788096714	-0.1982480284	-0.361398804	-0.3844657993	-0.3688931176	-0.3240310314	-0.3230194104	-0.3793267626	-0.3613793675	-0.382391947	-0.3088793076	-0.2849023467	-0.3825065823	-0.3940062129	-0.3046895731	-0.3308780285	-0.3368566493	-0.2761887746	-0.3685322332	-0.3391327022	-0.2871025253	-0.327193401	-0.3575369524	-0.2368878002	-0.2320133866	-0.3429962212	-0.2918052889	-0.4008178135	-0.3304595092	-0.3544725325	-0.3445373141	-0.3601288375	-0.3472257865	-0.3181719226	-0.3529647286	-0.3840738957	-0.3140929193	-0.3222447844	-0.3156400509	-0.3377629626	-0.337017877	-0.3379169275	-0.2984914965	-0.3003604658	-0.3749669611	-0.3845765289	-0.3009398878	-0.3623551325	-0.3855343212	-0.3871598634	-0.3635354623	-0.3530795908	-0.37032246	-0.3394392258	-0.3571324389	-0.322308166	-0.3241500084	-0.2533234332	-0.2957208791	-0.2901435462	1.004610808	-0.334311	-0.3364300231	-0.347383794	-0.2891155727	-0.3451435326	-0.3220831407	-0.3751130956	-0.330983642	-0.2821137247	-0.2013473702	-0.3518760719	-0.319833707	-0.2689589222	-0.3124071204	-0.3334540916	-0.3590280784	-0.3758811601	-0.3900899207	-0.3768161849	-0.3887981562	-0.3613891782	-0.342015749	-0.3592448328	-0.3425564829	-0.2065265899	-0.2660854681	-0.2613306101	-0.1855741899	-0.152044217	-0.1859729931	-0.07465468716	-0.2073688155	-0.1750629162	-0.1443626837	-0.3347158091	-0.117832976	-0.3762123719	-0.3798349485	-0.3228784319	0.01468130605	-0.2396543245	-0.04629578597	-0.1678698279	-0.1888587487	0.03111816528	-0.2404595859	-0.3805304506	-0.2294275039	-0.318379549	-0.2380500131	-0.2978701293	-0.3513395088	-0.3800429969	-0.2472146162	-0.3245540766	-0.299113859	-0.3398255961	-0.3216716022	-0.2795694142	-0.271129114	-0.3794030831	-0.3890124839	-0.3791479207	-0.3117160022	-0.389914775	-0.2852263159	-0.3120976996	-0.3405302147	-0.3382239881	-0.3020540957	-0.322942711	-0.2629410243	-0.3692474358	-0.3355103232	-0.324721155	-0.3455750606	-0.3616832052	-0.2592262082	-0.3064519656	-0.2922185698	-0.08361636851	-0.2437484846	-0.172899004	-0.1893526814	-0.379726937	-0.3691500454	-0.314228271	-0.2789004484	-0.3353901981	-0.314840844	-0.3352412092	-0.1145109509	0.9458459679	0.8897522323	-0.314296407	-0.3193064895	-0.3882637632	-0.3753376202	0.01774425331	-0.328227114	-0.2386632795	0.9265592627	-0.3418783696	-0.2947965297
0.0005721677178	0.03407663866	0.07073880274	0.007226114638	0.06358006165	0.02278729293	-0.006895189173	0.08922156243	-0.0008092075361	-0.2778000538	-0.2564272637	-0.2670586078	-0.249302489	-0.2476692563	-0.2348302218	-0.2539318445	-0.2727249639	-0.2726523775	-0.1567124216	-0.2588536755	0.2920644801	0.2992196512	-0.1841943502	0.07323318396	0.09403536021	-0.2646666497	-0.2570539944	-0.2484334632	-0.2559752934	0.08823899962	-0.2567409713	0.1318273435	0.1277129995	-0.1078267329	0.1641011352	-0.2657320338	0.1101526433	0.09441813088	0.05523216853	0.06682208639	0.06418064235	0.2665001722	-0.2807722538	0.03557427079	-0.2820043582	0.7298643581	0.08700247726	0.192028205	0.07352141737	0.3047779213	0.1410302701	0.1181098574	-0.2642973608	-0.2547495926	-0.2450452276	0.09545681887	0.1058293906	0.3776726625	-0.2694848683	-0.27189671	-0.3007295378	0.2692511806	-0.2451487023	0.08468962425	0.1083347019	0.1289761889	0.03443221627	0.05782340735	0.005145895443	0.06643497985	0.02885542382	-0.009867783189	-0.01000685554	0.04655172333	-2.033112264e-05	0.03518430423	0.03050726713	-0.04800485628	0.02584541441	0.07060380266	0.01971923643	0.03783779268	0.01167444732	-0.01488741507	0.02409464949	-0.02347504399	-0.02119729211	0.01973180442	0.0182145146	-0.009281275388	0.002511323299	0.001617006466	0.03237100709	0.05442125655	-0.01165775034	0.01056048191	0.003684041265	0.02220071736	0.01082616148	0.01100636577	0.01463487179	0.04377716463	0.05209321034	-0.0268235158	-0.00418725845	0.02555279726	0.03609128283	-0.009256884055	0.06355118868	-0.02765463604	0.003954436788	0.2322912076	0.004682602526	-0.008937797393	0.001280970629	-0.008417922771	-0.01359595849	0.002021091767	0.009424703748	-0.01890540423	0.01354511985	0.01521585794	-0.03879401708	-0.01867801279	-0.007394031643	0.0008255689515	-0.2742688631	-0.01473285448	0.04769999471	0.01632639393	0.01376666383	0.009382616265	0.003792393492	0.02314076915	-0.007196174675	0.06724791269	-0.04440113902	0.006377645592	0.0002751542237	-0.04982547649	0.001593006174	0.01757465565	-0.00232719601	0.02889918366	0.01579813003	0.007543766758	0.06781399764	0.01691164061	0.005635850446	-0.007122057364	0.05695835568	0.07134687164	0.002795722662	0.02206013018	-0.06300231261	0.04798523154	-0.04831645627	-0.06347601877	-0.04385730436	-0.01358823343	-0.01828785673	0.02202132733	-0.0125175055	-0.005578627568	0.06787798731	0.05938762308	-0.05938740168	-0.05815225106	-0.1110575634	-0.05995018972	-0.03934180816	-0.05433602774	-0.07202287597	0.06367377309	0.06903478366	0.003029276188	-0.05732497494	0.007908129746	0.006850990092	0.04670352266	-0.04387192183	0.00263853818	0.04534998601	0.01590756259	-0.04518257097	0.0616540554	-0.01023828322	0.03981984956	0.02510085436	0.01406683862	0.009279210588	0.003135866738	0.03931056646	-0.0210199084	-0.02116215898	0.0460009979	0.03170691475	0.04697697106	-0.007555997947	0.0219108209	-0.06763776523	-0.04796031873	0.0005301031805	0.02762058231	0.1492078004	0.09531669031	0.04786619382	0.0587876103	0.09516271267	0.1284101729	0.2223514947	0.009818026422	0.003124609987	-0.0006723818995	-0.02711028057	0.02697883298	-0.01218868605	-0.003011661537	0.2912977962	-0.1688876768	-0.1149388529	0.007261336979	-0.008651493672	0.2556439498	0.04400583082	0.04075039374	0.007106773183	0.1412631078	-0.1642737105	0.0338055151	0.03045818733
-0.01736982813	0.01262820634	-0.04603154011	-0.04809870679	0.1176203815	0.03748554071	0.03985425532	-0.01992209722	-0.07030984518	-0.08161812871	-0.08237270428	-0.06250371592	-0.05178438005	-0.0003030920409	-0.03200907485	-0.0341421209	-0.09495809656	-0.06234859458	-0.09725027926	-0.06803116499	0.2020483286	0.1487710518	-0.0449710519	0.1238648864	0.1346775775	-0.05587600374	-0.03008117966	-0.01249243256	-0.04885351536	0.1306676453	-0.04726635062	0.1907682306	0.1351896609	-0.06652385143	0.2697954075	-0.03253699828	-0.01470977139	-0.02113552063	-0.06374889193	0.0976150631	0.2060416155	0.009383549693	-0.09964433423	0.06923354973	-0.04972745578	0.08700247726	0.8229429318	0.1153639501	0.1295913193	0.201709964	0.2003732297	0.1332406259	-0.01337970565	-0.001705458995	-0.004445143895	0.1377420041	0.1399034996	0.1769163813	-0.07659633403	-0.09486105861	-0.1320001352	0.07358738181	-0.01550074957	0.2057404997	0.2343979776	0.164185481	-0.002764625162	0.01519300709	-0.01414058352	-0.04719122345	-0.05431918919	-0.07366908665	-0.07344519345	-0.04286627512	-0.03775904478	-0.05280410114	-0.02473896383	-0.01790134608	-0.04939877759	-0.05736534875	-0.07234555968	-0.08080333149	-0.08351811336	0.03388813907	-0.04878235363	-0.07528113558	-0.05074691525	-0.04214963807	-0.04972678232	0.004703822447	-0.06093978891	-0.08201071569	0.02718310337	-0.0655939507	-0.06899751026	-0.05835254034	-0.05971058054	-0.06281726848	-0.0847935854	-0.02272012345	-0.0287120005	-0.05496781372	-0.02012853527	-0.01707905286	0.01213383215	-0.04438405299	-0.06289245314	-0.01946888478	0.03603177941	-0.03584823594	-0.07222931704	0.007739018389	0.04891179348	-0.02948243686	-0.06514692456	-0.0332094542	-0.05559576785	-0.06236025748	-0.08157798869	-0.07166355524	-0.05106604195	-0.009446992966	-0.002077847626	0.05171137518	0.01484035079	0.07349330105	-0.09958957175	-0.04362229221	-0.0590197919	-0.06796777406	-0.06257912208	-0.04734416662	-0.03364400703	-0.05442553139	0.0313937084	-0.07195533605	-0.02383763876	-0.06010405439	-0.06199980556	-0.001520439406	-0.03269660686	-0.028791979	-0.04556702724	-0.07569902745	-0.05557221092	-0.07059540174	-0.04557575418	-0.050653726	-0.006237463438	-0.05017168032	-0.01127070922	0.1508911177	0.005907910411	0.04208179101	0.03150506808	0.127472243	0.04846582363	0.04871544356	0.03747608662	0.01164895864	0.07263919953	-0.03558769549	0.05192775177	-0.05729306944	-0.04675113476	-0.04092020375	0.03085935069	-0.03168117529	-0.0002504650317	-0.02138719575	0.002892804738	0.0130089759	0.04846816678	-0.04846286247	0.09348531846	-0.03182029733	-0.03215683329	-0.0587981448	-0.0885858461	-0.08496640174	0.02636981916	-0.02954292701	-0.0029479308	-0.07161657115	-0.03573505124	-0.03464332906	-0.01887540054	-0.07591073733	-0.07454795254	-0.0479876961	-0.04875033661	-0.07099076453	-0.0165042556	0.04978859865	0.03605813785	0.0009058920637	0.03900850918	-0.009877064595	0.08681107886	-0.07198446459	-0.0007185674343	-0.01212046664	-0.003083933306	-0.06531903599	0.1132565526	-0.04285176088	0.006807005699	0.1112045906	0.1290266474	0.1607605734	0.1215314647	-0.07337740124	-0.0227577418	-0.07602244925	-0.000548567904	-0.08650785555	-0.07594288453	-0.02966075355	0.1481909558	-0.1372775782	-0.07101763702	-0.05006962262	-0.02596939163	-0.01006786323	-0.03595373612	0.531511095	0.03986262539	0.07519747157	-0.1346282712	-0.04805824797	-0.01823166369
-0.02904562558	0.07634662009	0.007771227935	0.05208309256	0.03784367469	0.08852827319	0.09950893353	0.08280221959	0.002893085194	-0.2418560652	-0.2319616695	-0.2222289698	-0.2162182246	-0.2084739892	-0.1991734173	-0.2257000062	-0.2422476477	-0.206140686	-0.2065778221	-0.2257814548	0.2859888024	0.1652879098	-0.1769532571	0.03149141117	0.07387959954	-0.2006637665	-0.1994321552	-0.2021375698	-0.2321134238	0.03721001859	-0.2118080726	0.1243387085	0.1782261269	-0.07442627785	0.1887677476	-0.1333640813	0.09029822524	0.1102633411	0.08755349711	0.09769724226	0.1470088208	0.155993504	-0.234512638	0.03329035003	-0.1821323249	0.192028205	0.1153639501	0.8029573771	0.06041669849	0.1677333307	0.08168773569	0.1319384418	-0.1935713588	-0.147413334	-0.133174652	0.04083099701	0.05022212823	0.1763091274	-0.197802713	-0.2057807975	-0.2605673114	0.1161763413	-0.2117809527	0.1360556419	0.1472820665	0.1818528078	0.06773142529	0.1611360523	0.1048021981	0.09527510648	0.01822857949	-0.02396299501	-0.02395356748	-0.005847164785	-0.007570359533	0.002615478245	0.02825512048	-0.01026117579	-0.01478242589	0.09008051513	0.001337229866	-0.06433590001	-0.02561965055	-0.03640505115	-0.01940132141	-0.0491266075	-0.01499699608	-0.07179425054	-0.05914351354	-0.02192606125	0.01030477463	-0.05817096587	-0.04727915946	0.08227802857	-0.08756863829	-0.04303009891	-0.0659328348	-0.03668112861	-0.003475797848	0.04978479367	-0.03394977079	0.04243092559	0.1504033533	0.02868947289	-0.02875985501	0.002570019185	-0.03815474628	0.1952483306	0.1109756591	-0.03880521823	0.02273474355	0.1230294138	0.0379502865	-0.05599801221	-0.02725567981	-0.03153200907	-0.01359594439	0.005311928178	0.01188351706	-0.08385395911	-0.05796747153	0.1097830218	0.02839258418	0.002003426744	0.03974465155	-0.007353846642	-0.2314051011	0.01180235585	-0.03155376123	-0.02547949457	-0.0468680758	-0.07562008196	-0.02118817028	-0.05911907313	-0.01482309903	0.06270324409	-0.04905615988	-0.07020760295	-0.07489026091	-0.02127757922	0.1017448796	-0.0574601899	-0.03591795712	-0.008078480436	-0.007681057228	0.01573896265	0.03747110471	-0.05156911265	0.05578432864	-0.05476255056	-0.02401115945	0.02624167349	0.0051276038	0.0113140476	-0.03958704956	0.1409897048	-0.01421905679	-0.03507309053	-0.01000840808	0.02709514196	-0.03675931501	0.04696683217	0.07097713159	-0.03702049906	0.08244198086	4.70693515e-06	-0.003257111236	-0.02646303854	-0.05038235112	-0.05714387882	-0.0321111146	-0.02959410656	0.02195244461	0.04721515934	0.1433690901	-0.00587481788	-0.04761626669	-0.04041095457	-0.01747725179	0.02279367693	-0.005776127646	-0.03234931096	0.01906891697	-0.007199961675	0.0409323597	0.007087474963	-0.01329994576	-0.01975004125	-0.007329654326	-0.009988538886	-0.06458098101	0.008856975095	0.06255106922	0.04196039851	0.01894851899	0.06284130001	0.06183562981	0.0003374704466	0.06898957719	-0.01890029363	-0.003833500644	-0.006855857707	-0.08972037552	-0.005053491151	0.1083506119	-0.009209514791	0.1716065747	0.0960009295	0.154416439	0.155681958	0.1852242542	-0.02013011401	0.05862877545	-0.01677484054	0.01217974975	-0.02318150356	-0.08114706895	-0.0189667863	0.1811398799	-0.2200154231	-0.0856453428	0.08421617011	0.01693508626	0.1303937647	-0.03952136161	0.1114280752	0.01803469895	0.1199311577	-0.2209750426	0.05953562095	0.05794937459
-0.10951473	-0.03035082462	-0.06548604865	-0.1116704388	-0.07686472864	-0.03232385897	-0.05225145371	-0.09981019618	-0.07312085664	-0.05321536596	-0.02280041484	-0.02077328965	-0.03735671129	0.1951502947	0.2052591841	-0.04200553145	-0.04020439101	-0.02386317886	0.3074419474	-0.0447339756	0.1241430586	0.08607005316	0.2805854868	0.2497048957	0.2477807239	0.1952696325	0.1776805023	0.1753732858	0.2122672154	0.2470606509	0.2060033567	0.08375233832	0.0100967053	0.06787774622	0.02663571792	0.1638622864	-0.09167515161	-0.1053050645	-0.1111108664	-0.0562755622	-0.007802243745	-0.04207851401	-0.03065697717	0.2016943384	0.1933565398	0.07352141737	0.1295913193	0.06041669849	1.101895805	0.1175523876	0.3040198694	0.06669684435	0.1613687857	0.1966140961	0.1853301868	0.2744251751	0.2812591019	0.1231272505	-0.02099372675	-0.0519929838	-0.04094159944	0.09956906997	0.1845452511	0.1008955729	0.08541072277	0.09932481481	0.02172869553	-0.01918522832	-0.08123503037	-0.1194045861	-0.08875866427	-0.1185904737	-0.1181483019	-0.08400231725	-0.06228154382	-0.09393112022	0.011349352	-0.02788944816	-0.1099756742	-0.09190075777	0.06938584027	0.01904819225	-0.1044218683	-0.04514274589	-0.05972145421	-0.1189505152	-0.06553890278	-0.03736882176	-0.05888727393	0.09572801853	-0.03375974496	-0.06323403114	0.05913109507	-0.1119611931	-0.06332242094	-0.05723037691	-0.05962127072	-0.05270713604	-0.1203535401	-0.06002584309	-0.04671643533	-0.09984788003	-0.04616859133	-0.02059928566	-0.05072134829	-0.048382744	-0.01166769305	-0.008660007831	-0.01264646916	-0.03432061578	-0.1146121689	-0.03213680458	-0.06927021024	-0.05636383322	-0.09308693786	-0.01558483217	-0.04801939702	-0.1050490864	-0.07265233993	-0.07349243857	-0.06038996292	-0.04207610089	0.06814538591	0.1153108642	0.06209856951	-0.04450397863	-0.03211219168	-0.09597735631	-0.009758567677	0.005591084767	-0.0546851252	-0.05310900911	-0.09677553922	-0.05929440682	-0.08193785195	-0.0999361542	-0.05187707525	-0.05899544957	-0.07158232852	-0.06391419699	-0.02956797059	-0.06104109798	-0.0478151652	-0.100386669	-0.09857537451	-0.06820564698	-0.08592743143	-0.04528790872	-0.06038815892	-0.05177959795	0.02370716009	0.001580405183	0.0161902415	0.04787269273	0.01590968148	0.06837002516	0.03098374152	0.09752199433	0.0126239278	0.06858174152	-0.008497220329	-0.0377545277	0.1030395481	-0.1001067467	-0.1137646307	-0.05944227117	0.1393610245	-0.0488710756	-0.002848537971	0.02646532274	-0.01328564397	0.1046868319	0.03121153634	-0.06507918205	0.05483385799	0.01705739205	-0.03789737426	-0.0338150411	-0.1543265195	-0.0984336404	0.004179403427	-0.02928821352	-0.1249167379	-0.09986676035	-0.02367378229	-0.09259977405	-0.07650917543	-0.09672876455	-0.1211788781	-0.09610186838	-0.05005429489	-0.1017205932	-0.05017470367	-0.0337890445	-0.03335155129	-0.06518531753	0.02100048441	-0.04956392302	0.08359175052	-0.0524572405	0.01048820725	0.008807858386	-0.01587039887	-0.03111914056	-0.02858427039	-0.0004360556359	-0.03029047291	-0.002733431856	-0.01534329595	0.06045561181	0.1065222387	-0.1231804388	-0.07875388288	-0.07966273941	0.01843447599	-0.1196765986	-0.1008046272	-0.02510367581	0.08264976684	0.0260357698	0.03240199428	-0.06072070873	-0.05728584874	-0.05053032662	-0.09072456587	0.1985252287	0.01900137303	0.004382997102	0.0388930281	-0.1175745532	-0.09720826926
-0.07567070434	-0.0149248926	-0.03735345102	-0.05058727158	0.06102854118	0.04872686826	0.05160455349	0.07069045112	-0.07042700497	-0.2181050435	-0.2023925569	-0.1986576918	-0.2019587958	-0.1922110635	-0.1304943756	-0.1677375879	-0.2095948947	-0.2064838013	-0.06851981497	-0.1850385778	0.5205708533	0.5228914059	-0.0970334974	0.08568533716	0.1249468717	-0.1704420315	-0.1993311225	-0.177885428	-0.1677125966	0.1460945931	-0.1809159891	0.3587368947	0.3171634634	0.0008701999911	0.3308283348	-0.1436206314	-0.006336772874	-0.02210333797	-0.06555066844	0.09668912665	0.1724126421	0.1320424021	-0.1701809659	0.1145932172	-0.1523911755	0.3047779213	0.201709964	0.1677333307	0.1175523876	0.9436156231	0.1671990095	0.3012596584	-0.1488216394	-0.1348531257	-0.1282895364	0.1518554711	0.1239343105	0.4325030675	-0.2035112053	-0.1949141934	-0.1848890314	0.3911853749	-0.1507128887	0.3095803184	0.3238079613	0.2668517327	-0.01806669057	-0.0105982849	0.01179022488	-0.03831864483	-0.05064855567	-0.1090785283	-0.1087735655	-0.03149681791	-0.0510346938	-0.04180806554	-0.05513074046	-0.0636508245	-0.07988441956	-0.05930674875	-0.02537700941	-0.03470488122	-0.07952455625	-0.03956153487	-0.06827751565	-0.07694460427	-0.04444243468	-0.03454923834	-0.02583025474	0.02749617001	-0.06281534276	-0.02566615119	0.0546583011	-0.06625680879	-0.05514466294	-0.03951215616	-0.04923130436	-0.02454058476	-0.08560092747	-0.03200923663	-0.008885452388	-0.06210633955	-0.01139984924	-0.04957217445	-0.04861474624	-0.01026533887	0.003475460374	-0.04394388718	0.01265366979	-0.06383432944	-0.07237117475	0.1222961172	0.05314007027	-0.07816900211	-0.08088966018	-0.02579007112	-0.05147864337	-0.06703685552	-0.08280214585	-0.07049991981	-0.02734930281	-0.02988024077	-0.01861504856	0.0007745945239	-0.0269268283	0.08613510639	-0.1683335829	-0.05161659131	0.006835628326	0.01450494808	-0.03083933259	-0.03784531166	-0.06147652673	-0.05206942523	-0.008465683831	0.03469123638	-0.00998582167	-0.04913064502	-0.06791012078	-0.03129685227	-0.01274433103	-0.05329569895	-0.0576706806	-0.08782304252	-0.05974271096	-0.08087368198	-0.02204315884	-0.07926632185	0.02011265127	-0.05484133342	0.06494505418	0.1276742204	-0.0468418126	0.07993311502	-0.05079802447	0.1319424798	-0.02348753367	-0.02411266024	-0.04301270589	7.542244915e-05	-0.01433857508	-0.04882249684	0.0193055055	-0.0657759299	-0.04172271873	-0.02462239057	0.04693075667	-0.02309141325	-0.03962414026	-0.02229466347	0.00144966283	0.01941913295	-0.0499422692	-0.05677469268	0.08257817488	-0.01406121187	-0.0211981636	-0.04317612292	-0.08184557691	-0.08086674554	-0.01072337874	-0.06315497035	-0.055841091	-0.0699457709	-0.0656628812	-0.06660549467	-0.03657425987	-0.07268419648	-0.05861576164	-0.06966127987	-0.04597487344	-0.07667207869	-0.01365283743	0.01654860293	0.005835586077	0.006693843518	-0.0004234732228	0.04369648899	0.01721889854	-0.06066072062	-0.05626296793	-0.03261232706	-0.01485603964	-0.05603726444	0.1986663801	0.07082122224	-0.007725974027	0.1061431305	0.2117715703	0.4628388467	0.576059426	-0.05894269326	-0.04192676814	-0.07723960604	-0.01331462181	-0.0657339231	-0.05628732585	-0.02699831621	0.4609490969	-0.07204959764	0.004726724404	-0.06053981767	-0.02079566677	0.09180922559	-0.06778445025	0.09466787092	0.01221055352	0.2451995263	-0.08699866416	-0.06466486495	-0.01864176369
-0.04492264592	-0.02821940378	-0.05005219761	-0.07669332479	-0.01521197656	0.001192755901	-0.03185399575	-0.05117496535	-0.03488101722	-0.1788693595	-0.1552492147	-0.1606229088	-0.1606420531	-0.08256851445	-0.08483586848	-0.1649551767	-0.1664788609	-0.1379061883	0.0006955179344	-0.1785772705	0.1895265192	0.1362463319	-0.08368677286	0.3781046474	0.3870190745	-0.1020603159	-0.1090332492	-0.07925442533	-0.0962117724	0.3898331737	-0.1041264173	0.09127013513	0.0727426245	-0.02414301412	0.09014185333	-0.1168011897	-0.04501174723	-0.07082157173	-0.06965501512	0.02310267606	0.0715594985	0.0198481129	-0.1648273056	0.1925726972	-0.1312014206	0.1410302701	0.2003732297	0.08168773569	0.3040198694	0.1671990095	0.8802846654	0.08205244889	-0.1156435478	-0.08838625229	-0.1185354708	0.3999987313	0.4121801597	0.191481105	-0.1519355382	-0.1622051838	-0.1748143143	0.1564002423	-0.08516574534	0.1415333062	0.1749464244	0.1436604796	0.02573571526	0.03141355168	-0.04791149854	-0.0834773248	-0.01872494776	-0.05572182201	-0.05625833056	-0.04787747288	-0.0511341843	-0.07046893496	-0.006043749105	-0.02626751644	-0.07329867717	-0.06137413373	0.07677111122	0.04249776351	-0.09384945265	0.009313558126	-0.0198320944	-0.09783969643	-0.05356677091	0.01192340977	-0.04766341834	0.0727450132	-0.006766613701	-0.04116001888	0.1629647756	-0.07064411414	0.001283973303	-0.03548383479	-0.01318034492	-0.03714331398	-0.08762550952	-0.03250000402	-0.03853198012	-0.04406127863	-0.005269344123	-0.02928367324	0.01195228006	-0.02721126249	0.02426530409	-0.01190441214	-0.01264276798	0.003002355536	-0.05957709149	0.02868295975	-0.003793621137	-0.01616071353	-0.06372148427	-0.02203785778	-0.01700234929	-0.04053609486	-0.04144499061	-0.02105679398	-0.04063489901	-0.01539268632	0.08194748339	0.1224892996	0.04907278499	-0.001515458782	-0.1612070992	-0.0383319472	0.02869965937	0.00750473427	-0.04094508585	-0.01825892216	-0.01866817163	-0.04034112277	0.005382647835	-0.06464044594	-0.05174565466	-0.01305079469	-0.04501449436	-0.06366353829	0.009951645402	-0.03367451762	0.009038102047	-0.07911462386	-0.07015035246	-0.03880903197	-0.04308859517	-0.009656787015	-0.03325878107	-0.001974536949	0.04187004624	0.1001134272	0.01629084795	0.0320864013	0.01802868287	0.114044472	0.07285701872	0.09834711176	0.009381652245	-0.0005369591233	0.02165350206	-0.03484313269	0.05768723914	-0.06532176568	-0.07381713271	-0.03296580812	0.0587919988	-0.07031730123	-0.006235703395	-0.04354836493	-0.02392139512	0.0409825094	0.07611501481	-0.009929574406	0.08421456528	0.02098448462	-0.06178045828	-0.010177919	-0.1126700568	-0.05173694771	0.006793882794	0.008163197413	-0.04411396665	-0.06454445406	-0.03341374242	0.001563180114	-0.0002686827447	-0.04156444132	-0.07189391676	-0.06960656804	-0.05080108351	-0.07128710439	-0.01867577721	0.012951676	0.001894137692	-0.04992349338	0.04291368691	-0.007733671802	0.1019271914	-0.01503051241	0.03161933477	0.03432514591	-0.02245024402	-0.02768996449	0.03177586918	0.02147473822	0.02467528115	0.07647469545	0.05318589166	0.1000507915	0.1688791036	-0.07335153556	-0.0518150523	-0.04987662424	0.0370734266	-0.04826754628	-0.07954741421	0.009937872957	0.1862794	-0.08603382112	-0.03916069987	-0.03084810501	-0.02587386368	-0.001900729856	-0.0429469569	0.2122702692	0.03448101781	0.04669844922	-0.1070528116	-0.06471114272	-0.0475899378
-0.05137201894	-0.007738959265	-0.02588733915	-0.05480519833	-0.04496314042	-0.0404880359	0.02103463177	0.04721291512	-0.06259367945	-0.1991274343	-0.2199527694	-0.2076994303	-0.2119257763	-0.1612951182	-0.137144602	-0.2193547035	-0.1822603363	-0.2193525778	-0.1518119203	-0.1760827933	0.2879895313	0.4634817398	-0.1592703927	0.09226273456	0.05390779906	-0.0893463037	-0.1218945983	-0.1676973132	-0.08205165378	0.07067859614	-0.1109408401	0.3835143682	0.1912545534	-0.03738422529	0.3157082767	-0.124280709	-0.02258130296	-0.03310141082	-0.04039311294	-0.009021129863	0.08685957874	-0.02389350879	-0.1424922364	0.09645052403	-0.1195870782	0.1181098574	0.1332406259	0.1319384418	0.06669684435	0.3012596584	0.08205244889	0.9140364973	-0.1523519622	-0.1100637299	-0.1150647714	0.06852045578	0.04514178142	0.2038027655	-0.1211218879	-0.1448239323	-0.1491034306	0.2716458421	-0.14940908	0.2125581214	0.320125218	0.6512043137	2.319036825e-05	0.08402164673	0.002563202978	-0.02833287526	-0.03029642016	0.01877752117	0.01937539561	-0.05669410983	-0.04806966046	-0.04840585815	-0.01063744713	0.08536394669	-0.07198898429	-0.05099487418	-0.06964699701	-0.07835729679	0.002594537102	-0.07355736171	-0.0758137387	0.005519280029	0.01971410913	-0.0541969944	-0.08807423438	0.00530614316	0.02006485331	-0.03475357628	-0.02798591684	-0.0422265376	-0.05281545701	-0.05360495367	-0.06059434232	-0.07341362238	0.01680114565	0.07765033395	-0.06828456956	-0.03000979445	0.04002589546	0.03230027708	-0.0627824382	-0.01042814239	-0.03980663751	-0.03691252607	0.02336126907	-0.08393039485	-0.04712163039	-0.04569030501	-0.03989766872	-0.06634923603	-0.05523891762	-0.02763236526	-0.04846220821	-0.08489005931	-0.08320908756	-0.0577492188	-0.08036567724	-0.03440553912	-0.002968057276	0.004038169404	0.008936567864	0.09689857875	-0.1386366145	-0.02770232215	-0.02977910132	-0.02655792795	0.004590560537	-0.08554956684	-0.05404388622	-0.07309691505	0.08139810149	0.07182195811	0.05234884643	-0.06100035708	-0.009304484196	-0.03766097267	-0.03521008885	-0.0399094037	-0.06275320924	-0.07429234879	-0.06230136695	-0.08064117917	-0.01475549913	-0.04051965218	-0.01288528012	-0.06921274622	-0.03292454021	0.1470642292	-0.02189203541	0.08785915751	-0.02275431799	0.1079999045	0.02083779337	-0.001008611844	-0.04546262729	0.02410862733	0.09125942513	-0.000846117741	0.0817949338	-0.05917673094	-0.0281143002	-0.06397481386	-0.01548698381	0.06159345882	0.08053780036	-0.02129715461	0.05777121959	0.01048450527	-0.008385318884	-0.01906010623	0.0626286444	0.006670516444	0.05450543409	0.02563618477	0.003778013637	-0.05093396318	0.01510303577	-0.05120401644	0.02537925477	0.04931023221	-0.03919580043	-0.08233308422	-0.04201956251	-0.03260504747	-0.06221754299	-0.05925597905	0.0001713641492	-0.04638518105	0.07055648726	0.1351914363	0.1485154066	0.04981877379	-0.005896610095	-0.01864435973	0.03653456445	-0.07864630706	-0.04383200797	-0.05486517556	-0.052504607	-0.08481510211	0.1735081849	-0.08350453804	0.01953580034	0.1026843852	0.1356276167	0.2956833159	0.2495426331	-0.06949133081	0.01170431651	-0.0364185178	-0.02091637784	0.03828984425	-0.007337111971	-0.04164960387	0.3065467437	-0.189426625	-0.01841602959	0.03237194634	0.1445732423	-0.04298034838	-0.05434680985	0.1162152539	-0.004497562374	0.1494032111	-0.1476556309	-0.05223102	0.05176806127
-0.2867549737	-0.3408089047	-0.3016894355	-0.3435089863	-0.2650653638	-0.2880575078	-0.28545179	-0.3214775534	-0.3566293061	1.068760593	0.9916358485	1.02413079	0.9615861027	2.575252284	2.461359964	0.972073271	1.048882671	1.07946778	2.378914549	0.9534540023	-0.1885522297	-0.2100925198	2.383364752	-0.01700879418	-0.05853077633	2.561879354	2.614974677	2.599821135	2.411882518	-0.08000482357	2.440468524	-0.08846947497	-0.01393430096	0.8708471879	-0.0662635675	2.62367293	-0.348847891	-0.3598985493	-0.3813158113	-0.256164632	-0.1725118132	-0.3653870648	1.005242085	0.05367455288	2.657191592	-0.2642973608	-0.01337970565	-0.1935713588	0.1613687857	-0.1488216394	-0.1156435478	-0.1523519622	3.057433045	2.389204385	2.448191949	-0.0682262414	-0.08987740721	-0.1913687497	1.020646675	1.070983624	0.9990255084	-0.1793591162	2.544720558	-0.1474856561	-0.146424238	-0.1425647867	-0.2812721365	-0.2381155504	-0.3493092326	-0.3683517403	-0.3542078567	-0.3303996205	-0.3292363709	-0.3684566867	-0.3480384411	-0.3661314023	-0.3144998899	-0.3239428316	-0.3668358993	-0.3755440368	-0.2936896756	-0.3086855422	-0.3621808531	-0.259243243	-0.3520901339	-0.3660122626	-0.3075686914	-0.3078168356	-0.3384749959	-0.2150967805	-0.249000197	-0.3181165245	-0.2828962507	-0.3823243511	-0.3035702542	-0.3384060257	-0.3315663484	-0.3450927025	-0.3676380812	-0.3520401379	-0.3449987226	-0.3662700445	-0.2917078175	-0.3170874609	-0.3082645213	-0.3214974253	-0.3263972493	-0.3302263766	-0.3088464563	-0.2795641212	-0.3665827871	-0.369103393	-0.2697182969	-0.3435537678	-0.3651253989	-0.382856224	-0.350310144	-0.3410272553	-0.3555213413	-0.3187432439	-0.3393258148	-0.3202642911	-0.3173947337	-0.2445141576	-0.2966997813	-0.2622986118	0.9782728158	-0.3259032248	-0.3249324251	-0.3289509855	-0.3253789186	-0.326920541	-0.3135181127	-0.3591301914	-0.3191672045	-0.3072789074	-0.2519649396	-0.3306922892	-0.3505788002	-0.2741670232	-0.3040399114	-0.3146841636	-0.3472893132	-0.3611040069	-0.3747353598	-0.3624006941	-0.3703057706	-0.3415596677	-0.330926163	-0.3491391712	-0.3380594805	-0.186871207	-0.256043618	-0.2507508721	-0.1729163747	-0.1425739471	-0.1639681117	-0.06653628697	-0.1933914829	-0.164528252	-0.1316147986	-0.3384050968	-0.1584375602	-0.3709746286	-0.3642747176	-0.3072949076	0.02973719703	-0.2657825228	-0.06854425105	-0.1556448257	-0.2122458154	0.05015322232	-0.2354196187	-0.359820846	-0.2075909236	-0.3048503668	-0.2644007692	-0.3272433935	-0.3714864356	-0.3603082262	-0.2261852744	-0.3042587047	-0.3218981088	-0.3644979635	-0.3135123713	-0.2581282641	-0.2504202875	-0.3587715577	-0.3754315317	-0.3612341242	-0.3358049054	-0.3713435703	-0.3137906258	-0.3042633704	-0.3280522123	-0.3229377389	-0.303804967	-0.2916505241	-0.2657526054	-0.3448873059	-0.3237386036	-0.3105305899	-0.3210559967	-0.3501276047	-0.2613540463	-0.2806191704	-0.286955169	-0.0718259965	-0.2420058284	-0.1721124334	-0.1868594652	-0.36739525	-0.3454889634	-0.3373951042	-0.2660954573	-0.3570317878	-0.344505612	-0.3248502942	-0.1489817189	0.9530413587	0.8752784002	-0.3448869079	-0.34205491	-0.3704574421	-0.3574182686	0.04549501935	-0.323991493	-0.2309308874	0.9564529818	-0.3256687019	-0.2892829909
-0.3059232694	-0.3202562533	-0.3254840566	-0.3326863782	-0.2499855632	-0.2806726723	-0.2868290754	-0.3390508495	-0.3424502509	1.004136624	0.9467364014	0.982824042	0.9210287274	2.506586597	2.387426693	0.8950354011	0.9472566234	0.9964049415	2.283343849	0.8738318182	-0.1561915776	-0.1547048298	2.405612442	-0.03624505932	-0.04311493705	2.423543564	2.432412302	2.444265749	2.412248698	-0.06446825842	2.444335054	-0.0903271423	-0.0132858776	0.88114696	-0.02602581027	2.601046031	-0.3366442191	-0.3462221695	-0.3680591209	-0.2318423229	-0.1307012478	-0.3590186819	0.9032195056	0.07544449576	2.480191012	-0.2547495926	-0.001705458995	-0.147413334	0.1966140961	-0.1348531257	-0.08838625229	-0.1100637299	2.389204385	2.969798264	2.646221275	-0.06493861283	-0.06347522438	-0.1507909829	0.9264706502	0.962314473	0.8986874953	-0.166885082	2.424549444	-0.0729324558	-0.08617079359	-0.09609523849	-0.2617142593	-0.2113064029	-0.3209778208	-0.3523278627	-0.3432680425	-0.3185571957	-0.317722865	-0.3544141511	-0.3355422244	-0.3546848487	-0.2926969236	-0.3095470441	-0.3634154546	-0.3597208568	-0.2676806831	-0.2962778653	-0.3439307268	-0.2711792591	-0.3379322318	-0.3480687413	-0.2983540873	-0.2966338017	-0.3283478445	-0.228544918	-0.2702158691	-0.3347843212	-0.2570330043	-0.3691040577	-0.2827872194	-0.3286400049	-0.3190575542	-0.331353357	-0.3568438694	-0.3301962312	-0.3301176251	-0.3556176606	-0.2736254808	-0.3056404062	-0.2831593846	-0.3071724593	-0.3140705388	-0.3299026992	-0.2877231798	-0.3146163512	-0.3564330619	-0.3552304668	-0.2841877212	-0.3324154399	-0.3531869546	-0.355071055	-0.337418303	-0.3632691039	-0.3453695691	-0.3071578472	-0.3275948391	-0.3264361713	-0.3028317705	-0.2372509702	-0.2699584369	-0.2555737656	0.8803597176	-0.3464902511	-0.3096072172	-0.3486513063	-0.3098110294	-0.3169834858	-0.2971943375	-0.3435962929	-0.277636927	-0.2851054565	-0.2435173915	-0.3182466428	-0.3277528977	-0.2821042076	-0.2785260581	-0.3371653493	-0.337249486	-0.351214478	-0.368682551	-0.3538645329	-0.3575042812	-0.3300360504	-0.3029963453	-0.3352812914	-0.3490564048	-0.2071411495	-0.2433354301	-0.2607303009	-0.1838053925	-0.1164906839	-0.1622498683	-0.067374105	-0.2381913893	-0.1708048115	-0.1521969434	-0.3118952453	-0.1492543847	-0.3561259934	-0.3469564074	-0.341679325	0.002251075993	-0.2828296176	-0.07172856952	-0.1693513174	-0.2310126741	0.01958128197	-0.2314836635	-0.3511978741	-0.1679080859	-0.3333403445	-0.2820517203	-0.31705048	-0.3669031915	-0.3536377695	-0.2456435408	-0.3264886436	-0.3058102205	-0.3459347872	-0.3332496099	-0.2779210904	-0.2882100803	-0.3486539365	-0.3616383208	-0.3471774396	-0.3189421521	-0.3578321662	-0.2936650992	-0.2574452288	-0.2841780845	-0.2964481664	-0.2606267251	-0.3169499465	-0.2173835156	-0.3270057237	-0.30318181	-0.2940244185	-0.3328395948	-0.3393284535	-0.2060778266	-0.3035973448	-0.2618570332	-0.03226419022	-0.1789682897	-0.1253849653	-0.1672949514	-0.3533676141	-0.3337023288	-0.3298738643	-0.241939335	-0.3465943504	-0.3319028006	-0.3095451985	-0.1451862518	0.8670339756	0.876145969	-0.3520771799	-0.3228390683	-0.3544800722	-0.3469403155	0.06675259639	-0.3008319573	-0.2061461853	0.8582447741	-0.3377490412	-0.3055647085
-0.2953717513	-0.3120374375	-0.3156099807	-0.3193535036	-0.2332117333	-0.2592043969	-0.2796045696	-0.329888167	-0.3363457451	0.9455807616	0.8908731954	0.9307404786	0.9105432406	2.50494598	2.345904656	0.9468256599	0.9063407989	0.9620669998	2.268610629	0.9187263082	-0.1460418503	-0.165344188	2.345762573	-0.07105703507	-0.08984740488	2.468454722	2.478414146	2.445777594	2.361378708	-0.1114040931	2.358872383	-0.09910554643	-0.01437114006	0.8516660869	-0.01503755535	2.66067039	-0.3253173147	-0.3353822722	-0.3566805337	-0.2164311844	-0.132120724	-0.3416400754	0.847485694	0.002617079251	2.534605084	-0.2450452276	-0.004445143895	-0.133174652	0.1853301868	-0.1282895364	-0.1185354708	-0.1150647714	2.448191949	2.646221275	2.952122927	-0.1006321333	-0.09864593999	-0.1590954602	0.8841562392	0.9193291192	0.8659152918	-0.1463182565	2.414516664	-0.06095554697	-0.09164132319	-0.1012895074	-0.3122249054	-0.230878877	-0.3166182424	-0.341167354	-0.3327714593	-0.3481279425	-0.3469123548	-0.3430941375	-0.3273502143	-0.3459659062	-0.2861865221	-0.2986271136	-0.350972577	-0.348180734	-0.2980665119	-0.3200716021	-0.3333092083	-0.2635896978	-0.3290880658	-0.3386640052	-0.2886079938	-0.2901263888	-0.3176065506	-0.2459394272	-0.2600722647	-0.3256749652	-0.2481495371	-0.3578759511	-0.3079933262	-0.3197340976	-0.3105954361	-0.3192513311	-0.3450213919	-0.3211372974	-0.3182977464	-0.3452575818	-0.2649640817	-0.2947513169	-0.283277859	-0.2987981071	-0.3031304496	-0.3215850433	-0.2822157826	-0.3009119429	-0.3456323778	-0.3391280004	-0.2711887972	-0.3250284358	-0.3447323963	-0.3445627142	-0.3272333723	-0.3534697854	-0.334942704	-0.3032600248	-0.3168516737	-0.3222990663	-0.2930841848	-0.2573685448	-0.2622514942	-0.2597366995	0.8272268472	-0.3375861647	-0.2982425609	-0.3307833801	-0.2973236183	-0.3059397204	-0.286698049	-0.3343985825	-0.2827184314	-0.2707091243	-0.2304305585	-0.3095682306	-0.3242177597	-0.290429758	-0.27589288	-0.3284241288	-0.3281734657	-0.3509898458	-0.3579361494	-0.3427705189	-0.3459887163	-0.3259005155	-0.2999546797	-0.326276296	-0.3309418352	-0.1885862153	-0.2340941552	-0.2451653427	-0.1749357908	-0.1562295884	-0.2006660907	-0.1023571794	-0.2281137627	-0.1650068419	-0.1357954471	-0.3009079839	-0.1429030795	-0.3465328036	-0.3353935438	-0.3265569877	0.008040854126	-0.2588811126	-0.0845889354	-0.1455982493	-0.2101926511	0.005927195017	-0.2204362793	-0.3403738196	-0.2042506083	-0.3194827313	-0.2571243366	-0.300902582	-0.3565505003	-0.3432820654	-0.2331296648	-0.3173560898	-0.3001737594	-0.3411083002	-0.3169299595	-0.2670487056	-0.2781234413	-0.3365159902	-0.3533452932	-0.3388848138	-0.3091879442	-0.3444786944	-0.2876169665	-0.2660649516	-0.2928909294	-0.2963304138	-0.2831752885	-0.3039277311	-0.2394524864	-0.3526937529	-0.3215918776	-0.3136945655	-0.3127131663	-0.3271445111	-0.2190913124	-0.2905662052	-0.2820193628	-0.08041895602	-0.1779520405	-0.1264714215	-0.1667146212	-0.3445904624	-0.3225968234	-0.3229575848	-0.2704971107	-0.3356722492	-0.3202458189	-0.3066103387	-0.146438959	0.8362070376	0.8518860407	-0.3445620791	-0.316317359	-0.3390071961	-0.3357239511	0.06722075248	-0.2853404307	-0.1989480774	0.7996899758	-0.3273952674	-0.2807702005
-0.05472767098	-0.006470168732	-0.07045955819	-0.09095318677	-0.02637974577	0.002589700591	-0.02271393949	-0.04162475528	-0.07718416109	-0.1025886334	-0.0924541099	-0.08028624412	-0.08961389172	-0.03767440226	-0.05593430505	-0.1030312256	-0.09671668547	-0.1169392915	0.03755778112	-0.1205017852	0.1605676442	0.144222877	-0.04423417264	0.5360887479	0.5638017637	-0.03510572501	-0.08725118268	-0.0515556905	-0.04457896458	0.8391087521	-0.06240065481	0.1371492584	0.03128306476	0.0112633394	0.07462816315	-0.075887075	-0.07778817085	-0.1065713552	-0.1101471254	-0.001615595013	0.0212211391	-0.01626897524	-0.1252189868	0.2155913014	-0.05562193042	0.09545681887	0.1377420041	0.04083099701	0.2744251751	0.1518554711	0.3999987313	0.06852045578	-0.0682262414	-0.06493861283	-0.1006321333	0.9353391618	0.8136194724	0.1535726187	-0.04059765583	-0.06907562396	-0.106473006	0.1071307484	-0.0508437239	0.1150577901	0.1435765076	0.09734643874	0.02410157431	0.01142248733	-0.08152861611	-0.1155362868	-0.06457859149	-0.06768059247	-0.06831504035	-0.08362749534	-0.08315320394	-0.09518496613	-0.01510310563	-0.01474894054	-0.1058267966	-0.08100012034	0.101543828	0.02131652767	-0.1054243523	0.008863661656	-0.06341735893	-0.1117513939	-0.04185456802	-0.02376979764	-0.06341938818	0.1249533171	-0.02087600314	-0.03968296895	0.1429999037	-0.1111785008	-0.02584784087	-0.04870855115	-0.05313039187	-0.06247209935	-0.1066271871	-0.04636534182	-0.06825074223	-0.1003302592	-0.05560712069	0.0006421529504	-0.02051206164	-0.0392886883	-0.0001705123577	-0.0194058733	-0.006239018547	-0.02327586915	-0.1059129524	-0.0115961007	-0.03697726255	-0.05003147627	-0.08761645024	-0.0349718861	-0.04230109915	-0.08943737618	-0.01698421409	-0.04854948577	-0.05740985993	-0.03331493201	0.05761660411	0.1346881292	0.0247687757	-0.01309519544	-0.1250115457	-0.07824596578	0.001431958818	0.02555146601	-0.05901712702	-0.05971587145	-0.03060524654	-0.06908907416	-0.0297926464	-0.1110957841	-0.001153705535	-0.05273458441	-0.05935932625	-0.02334499011	-0.02707959018	-0.0499986757	-0.04357393271	-0.1136791719	-0.09614251389	-0.01909140902	-0.09136115953	-0.03914298953	-0.06040704607	-0.04729274415	0.06703401545	0.07728359305	-0.001883434987	0.07676403353	0.04767590536	0.111954285	0.1229513998	0.139617358	0.04751809959	0.02802095869	0.05904083317	-0.03552343182	0.1087916012	-0.1003469134	-0.1139544401	-0.06984521206	0.1408561946	-0.0218766147	0.033287521	0.01197796274	0.02466981825	0.09650505121	0.06727627776	-0.07922055408	0.07345980208	-0.009670101537	-0.01207287332	-0.05922309437	-0.127009443	-0.07587271757	0.04281544972	-0.02366115172	-0.06531779874	-0.09733753784	-0.01840714119	-0.04508408318	-0.001487426476	-0.07426733461	-0.1138870011	-0.1006240764	-0.05884833651	-0.09995975205	-0.03514497491	-0.0006777535781	-0.02787904754	-0.05377594323	0.02298806565	-0.04353913796	0.09792840097	-0.05805788783	0.03508142283	0.03258033477	-0.03280959387	-0.07837614571	-0.02439116273	0.03233796041	-0.006975417617	0.1250282443	0.04080088417	0.09443616061	0.1552858614	-0.1113770734	-0.08090731582	-0.06039762774	0.0386580437	-0.1071403817	-0.08960721668	-0.02133852691	0.1178671859	-0.06491603466	0.04577043426	-0.06060407318	-0.05772308555	-0.02369614901	-0.07541838517	0.1919941849	0.004302691381	0.001995089121	0.009878540823	-0.1014162191	-0.06202095284
-0.04918947349	0.003005065083	-0.06204795787	-0.08074792095	-0.02498952762	0.01335591394	-0.04243686339	-0.06816158692	-0.06968007401	-0.1001877975	-0.08954499258	-0.08098668461	-0.09113059597	-0.02996345092	-0.08321782689	-0.1016054421	-0.08867463982	-0.1139697956	0.009877596132	-0.1154290194	0.1313060606	0.1203586362	-0.03864528456	0.5574719048	0.5889025626	-0.06271816829	-0.08200295212	-0.0473469261	-0.07437002973	0.7227874579	-0.05737271701	0.1129714206	0.007394811038	-0.004232223486	0.05163656455	-0.07196273744	-0.06901564966	-0.09987710331	-0.1018281319	0.005037298153	0.02477819934	-0.007012751982	-0.1281653221	0.1966327898	-0.08240385865	0.1058293906	0.1399034996	0.05022212823	0.2812591019	0.1239343105	0.4121801597	0.04514178142	-0.08987740721	-0.06347522438	-0.09864593999	0.8136194724	0.9317663971	0.1587008529	-0.06784103699	-0.09620344493	-0.1119395444	0.1195954862	-0.04789241198	0.1209640289	0.1203006976	0.07579872714	0.03259689329	0.02062935234	-0.07304670256	-0.1046330793	-0.05573585109	-0.05859278743	-0.0593555301	-0.07967299725	-0.07141412571	-0.0857120314	-0.002983876788	-0.00579179354	-0.09145945345	-0.07289556572	0.1184444927	0.03065766598	-0.09183400295	0.01590377471	-0.05746460453	-0.1061035118	-0.03379672575	-0.01889858721	-0.05722640574	0.1062515157	-0.02152756831	-0.06113972146	0.1468477407	-0.1028680418	-0.019332727	-0.04922718483	-0.05248786816	-0.05264670002	-0.09741681049	-0.03089996127	-0.05928323004	-0.09022414672	-0.04695195899	0.004816933038	-0.01228300258	-0.03829249928	0.006332330928	-0.001672509335	0.006420722596	-0.01401977122	-0.09347517759	-0.005880134398	-0.03554156958	-0.04677415867	-0.07774663695	-0.02816347965	-0.02989489504	-0.08079680665	-0.009021629884	-0.04710731037	-0.05121603611	-0.02289250253	0.06952777597	0.1519255711	0.03117236472	-0.006269077662	-0.1274844604	-0.07368318167	0.00503135165	0.006333690107	-0.04910058497	-0.05421368768	-0.02100656319	-0.06691374474	-0.02362443221	-0.1068545604	-0.02966517144	-0.05208543346	-0.05763879402	-0.04630525676	-0.01676348308	-0.04625784008	-0.03023176895	-0.1032763985	-0.08597974331	-0.01005917928	-0.0829661864	-0.03379407788	-0.05639432033	-0.04267809244	0.05301403377	0.05037517579	-0.0004279783381	0.05178347296	0.0199053099	0.09001111989	0.09652783973	0.1104133425	0.02171874527	0.005526917687	0.02931949174	-0.02382278458	0.07672052745	-0.09068209164	-0.1030750724	-0.05859060431	0.1098904603	-0.04747273499	0.01951045761	-0.009606605907	-0.001062780877	0.07333566199	0.07197396388	-0.06884810101	0.08011352062	0.006088769479	-0.03793980394	-0.0550319847	-0.1152511075	-0.07130104679	0.02174398336	-0.01324367545	-0.0556847631	-0.08253252447	-0.011830371	-0.03368440082	-0.02274618627	-0.06727731913	-0.1053648667	-0.09059564358	-0.05575211468	-0.09174181778	-0.02497387537	0.01375362963	-0.01770883701	-0.03987992474	0.04016393096	-0.02987483968	0.1141242138	-0.04641161843	0.04631148383	0.04449160803	-0.02611710245	-0.06619013538	-0.01944783443	0.0401311492	0.001716750097	0.09986236432	0.04536342088	0.06749665943	0.1287810763	-0.1008269181	-0.06990431684	-0.04845248838	0.05599941294	-0.08858303888	-0.08513281552	-0.007570061236	0.09643145677	-0.08691396888	0.02277855948	-0.04416341758	-0.04012486375	-0.01760843334	-0.0638565781	0.2009282827	0.0142226375	0.009207014922	-0.01429134026	-0.09422107591	-0.05810084542
-0.07135231911	-0.0009569869233	-0.03046315444	-0.04890760314	0.01491166678	0.07125635242	0.01230870585	0.03867825845	-0.04055086587	-0.2302048446	-0.2114522344	-0.210544928	-0.1991934547	-0.1801561524	-0.1646424263	-0.1928020751	-0.2225959142	-0.2108544389	-0.1080232395	-0.2071293724	0.4492372573	0.4222169417	-0.08269296005	0.1353346059	0.1547772399	-0.2030399439	-0.197618304	-0.1765753407	-0.1776968157	0.1589372165	-0.1709499059	0.1894804205	0.3078027449	-0.04183382287	0.2226361559	-0.196922912	0.0352054758	0.01101619087	-0.02186012682	0.1472190278	0.1937266921	0.1592248966	-0.2071841066	0.112075409	-0.2023573083	0.3776726625	0.1769163813	0.1763091274	0.1231272505	0.4325030675	0.191481105	0.2038027655	-0.1913687497	-0.1507909829	-0.1590954602	0.1535726187	0.1587008529	0.8884693894	-0.1941854461	-0.2250382147	-0.2260793132	0.2802946642	-0.1592076174	0.2478278239	0.2598259258	0.175928242	0.003956805739	0.08180822537	0.04976292371	-0.02202148932	-0.01868896044	-0.08359944403	-0.08340290055	-0.02134639147	-0.06609614925	-0.03435996562	0.01259683047	-0.04404725431	-0.06507412767	-0.01703139464	-0.009570578858	-0.0113515326	-0.07822282245	-0.03086199173	-0.06781767253	-0.0712855685	-0.03430397528	-0.02432893738	-0.02762988975	0.01407542054	-0.06063651208	-0.0422794308	0.05140652013	-0.02386763626	-0.06073099225	-0.02525475693	-0.02163938209	-0.02379721249	-0.0708937473	-0.01003403116	-0.03520055742	-0.01919044111	0.07186588282	-0.03393854027	-0.01255776025	3.480239557e-05	0.02812921624	-0.01676516707	0.01287145733	-0.06696144911	-0.04977215897	0.1242917169	0.01109307613	-0.05469435164	-0.05068138067	-0.003790345696	-0.03517391671	-0.05028611837	-0.07841850394	-0.05404678899	-0.03024085655	-0.01330871215	-0.02981847862	0.0405893131	-0.0262086052	0.04495663222	-0.2035995776	-0.04926909799	0.03349565318	0.00836684052	-0.03555944269	-0.02829761979	-0.03988196779	-0.04612726225	-0.02183760842	-0.004145929549	-0.04218060528	-0.02100598702	-0.05023850044	-0.05817846712	0.04403606138	-0.0214264825	-0.04517740284	-0.06444700675	-0.0548217786	-0.07723501262	-0.02536387185	-0.0481541295	0.05718087269	-0.05196155342	0.03228894454	0.08975974584	-0.02642034566	0.05082500756	-0.0670890136	0.1212478927	-0.02003191929	-0.03740819661	-0.05602602047	0.004900422755	0.0007322063251	0.01136617961	0.004876658612	-0.04838293354	-0.01833638737	-0.01448023367	-0.006512495811	-0.05700176914	-0.0339473295	-0.04542490795	-0.03374550173	-0.002401051702	-0.05873028754	-0.03134132678	0.09177137534	-0.0103293066	-0.05438937427	-0.04969671727	-0.08115244084	-0.04558944862	-0.03016453867	-0.04872629784	-0.03319138011	-0.03384724972	-0.05801511083	-0.03012632667	-0.06075890708	-0.04175447024	-0.02708951242	-0.04530316493	-0.04597256541	-0.06043098895	0.007847197557	0.04766051792	0.02657927117	0.02505841779	0.03497663405	-0.04535053082	0.05556540527	-0.06518796133	-0.0581978794	-0.01664255828	-0.004342061605	-0.05808806308	0.1784531114	0.05011576192	0.06290309381	0.1051065687	0.1968393255	0.3160428961	0.3435448914	-0.04632689843	-0.02583250023	-0.06502060917	-0.001959888772	-0.04431157385	-0.05583039282	-0.02553688445	0.3981244504	-0.1235296309	-0.05645825818	-0.01192577659	-0.01093717096	0.1324025043	-0.02421686473	0.1440915824	0.04607648299	0.3007433888	-0.09855135365	-0.04144112472	0.05507570817
-0.3407222288	-0.3661267442	-0.3493956903	-0.3974063265	-0.2934646862	-0.3011008537	-0.3186708433	-0.3703283366	-0.3961110269	2.904677727	2.807049316	2.836716823	2.753551513	0.9541946478	0.954094818	2.724905766	2.853083003	2.811407871	0.8248515867	2.747322051	-0.1982319552	-0.1430169562	0.8858305164	-0.02601500367	-0.1022599648	0.9811619183	0.9819321506	0.9632785479	0.9617623527	-0.04717955157	0.9701626349	-0.09635558365	-0.1159624858	1.131929693	-0.06712216363	0.9431282982	-0.3909577538	-0.4052188292	-0.4286652548	-0.2570300276	-0.1976918506	-0.4015087778	3.005425924	0.08388972831	1.056778349	-0.2694848683	-0.07659633403	-0.197802713	-0.02099372675	-0.2035112053	-0.1519355382	-0.1211218879	1.020646675	0.9264706502	0.8841562392	-0.04059765583	-0.06784103699	-0.1941854461	3.37716641	3.065121898	2.928363142	-0.1512815558	0.9558253781	-0.1354668284	-0.1494813952	-0.173154933	-0.2930428371	-0.2042190508	-0.3837151246	-0.4159069432	-0.4015739791	-0.3272296508	-0.3256756012	-0.418185379	-0.3946783953	-0.4161266254	-0.3190771165	-0.2795637133	-0.4204460244	-0.4052416856	-0.2733470402	-0.3452772086	-0.3339807904	-0.3140690148	-0.4003331201	-0.3384161988	-0.2812741991	-0.3535993609	-0.3893187903	-0.2424354654	-0.2304640471	-0.3742010534	-0.3162921983	-0.429764531	-0.344853514	-0.3944572092	-0.3801133813	-0.3901901377	-0.3471360555	-0.3308814625	-0.3920604644	-0.4124504897	-0.3552361682	-0.3576172873	-0.3319752825	-0.3789693632	-0.3531837776	-0.3540165949	-0.3077446091	-0.3422274555	-0.4204079429	-0.4008506591	-0.3525169399	-0.3955262361	-0.4161533377	-0.413201362	-0.3878797504	-0.3937641825	-0.3666837546	-0.3660066251	-0.3885095379	-0.3490937966	-0.3522093986	-0.2774582952	-0.2977361189	-0.2994568833	2.935848275	-0.3767273755	-0.3521375696	-0.3482799263	-0.2963837965	-0.3768118675	-0.3584050604	-0.4053021382	-0.3254465095	-0.3000091214	-0.2100035563	-0.380022361	-0.3181641887	-0.3198260706	-0.3350002752	-0.3638588389	-0.3937191664	-0.4115785249	-0.4284527726	-0.3693218806	-0.4204644913	-0.3963467632	-0.3633184734	-0.3931785767	-0.3678054271	-0.2216821169	-0.3011660565	-0.2899113874	-0.2014341402	-0.1980509644	-0.1958922979	-0.06811463451	-0.2091579361	-0.1747135769	-0.1648339349	-0.3470616701	-0.1076797828	-0.4184550078	-0.4126161917	-0.3558010261	0.05712840896	-0.232811144	0.002417648527	-0.1457830026	-0.153995906	0.06177443999	-0.2542170106	-0.4051968639	-0.2568454446	-0.3504247273	-0.2268225208	-0.3114909406	-0.3735865065	-0.4128725559	-0.2718204761	-0.357245718	-0.3123001424	-0.3547609562	-0.3470649005	-0.2924305751	-0.2999641619	-0.4115408692	-0.424342984	-0.4127591644	-0.3086098179	-0.4222315359	-0.2834387162	-0.3067944378	-0.3389861622	-0.3713565213	-0.3314708676	-0.3731688259	-0.2932527051	-0.3939010257	-0.3527031632	-0.3429127951	-0.3735914348	-0.4049239965	-0.2850977484	-0.2913928673	-0.3203407954	-0.08532127984	-0.2221658019	-0.1977502864	-0.2083053529	-0.4141080046	-0.40001445	-0.2927910339	-0.2952478483	-0.3554378322	-0.3194094146	-0.3635412458	0.002154385733	2.620642344	1.163835359	-0.3168115937	-0.3025854448	-0.3916832774	-0.4111426959	-0.01564911681	-0.3343004256	-0.2435323015	2.601424213	-0.3636963659	-0.2850102492
-0.3608792389	-0.3688585307	-0.3750048159	-0.3985510266	-0.3049849272	-0.3152525689	-0.3124483464	-0.3645138761	-0.3916210452	2.969288434	2.910666024	2.938934909	2.840445549	0.9884231121	1.006384014	2.818516938	2.921960036	2.861937319	0.8805624656	2.852447426	-0.2173578616	-0.1755463449	0.8979540567	-0.05112708115	-0.1355551924	1.016900563	0.9914475292	0.9841838071	0.9935711156	-0.0665010672	0.988760109	-0.06330201794	-0.1418408725	1.133598931	-0.07750980478	1.007666653	-0.3793409099	-0.39782584	-0.4211880978	-0.279855125	-0.2216246094	-0.4023475024	2.94743327	0.04938253262	1.091593801	-0.27189671	-0.09486105861	-0.2057807975	-0.0519929838	-0.1949141934	-0.1622051838	-0.1448239323	1.070983624	0.962314473	0.9193291192	-0.06907562396	-0.09620344493	-0.2250382147	3.065121898	3.378532176	2.879830552	-0.1127774095	0.949109602	-0.1666187144	-0.1765364845	-0.2004640503	-0.3151797388	-0.1913071116	-0.3822193771	-0.4070574995	-0.3980515305	-0.3229463017	-0.3213595808	-0.4084540656	-0.3881443557	-0.4111539615	-0.3357356406	-0.3024760191	-0.405192164	-0.4115645371	-0.2715387088	-0.3448217412	-0.3313943655	-0.3139807573	-0.3970391479	-0.3345122229	-0.2827899126	-0.3506800092	-0.3839033511	-0.2442807039	-0.2529876736	-0.3639420121	-0.3368919911	-0.4221997018	-0.3417196393	-0.3850731659	-0.3679275298	-0.384958426	-0.3398045988	-0.3469908518	-0.3832184854	-0.4055888459	-0.3435015063	-0.3794693898	-0.3303995696	-0.3719933356	-0.3497215465	-0.3709119411	-0.3094801334	-0.3542805632	-0.409450417	-0.4041778762	-0.3108757956	-0.3940822672	-0.4145702741	-0.4248259034	-0.3910558809	-0.3715024834	-0.3429702403	-0.3602364813	-0.3830839528	-0.3463144226	-0.3599465103	-0.292093163	-0.3167180679	-0.2902622254	2.878662299	-0.3513417142	-0.3483331312	-0.3552805724	-0.2865458966	-0.3706532609	-0.3503958658	-0.4008484422	-0.3552049947	-0.2936212032	-0.235683506	-0.3713718216	-0.3133958959	-0.2961811148	-0.3367888688	-0.3914279166	-0.3900455731	-0.3898711984	-0.4037559515	-0.3441458211	-0.4116390204	-0.3904929181	-0.3635852258	-0.3880022926	-0.3839917864	-0.2503675082	-0.3192820339	-0.3093292393	-0.2225474704	-0.2093549061	-0.2189193804	-0.08048663967	-0.219964648	-0.1961742483	-0.2068471095	-0.3534005707	-0.137902568	-0.409104873	-0.4041556014	-0.3847310528	0.04319209782	-0.2568068238	-0.02793370311	-0.1733342749	-0.1976322472	0.05021838529	-0.2913145266	-0.3986560146	-0.267389191	-0.3820907565	-0.2544327114	-0.3076128978	-0.3494617555	-0.4065768429	-0.2699844496	-0.3817256831	-0.3069759691	-0.3476436927	-0.3725982127	-0.2982156863	-0.2939322358	-0.4057309085	-0.4026418025	-0.4048831144	-0.3027034163	-0.415351384	-0.2890147864	-0.3462339671	-0.3726473472	-0.3629787252	-0.3523983449	-0.3154243082	-0.3181007227	-0.3829368364	-0.370599669	-0.3632962176	-0.358820012	-0.3928032305	-0.3177765335	-0.2587198233	-0.3068039923	-0.09085847674	-0.2552085627	-0.2212917838	-0.2118534748	-0.3922755304	-0.3965155357	-0.2972698834	-0.2925162353	-0.3472445663	-0.3075927318	-0.359084885	-0.03760540081	2.67960944	1.16669118	-0.3336048083	-0.3360532198	-0.3953340249	-0.4017210342	-0.02952991315	-0.362766012	-0.2696050052	2.560769609	-0.3561328945	-0.3277692376
-0.3285995564	-0.3655087755	-0.3372162996	-0.3838375335	-0.2997972097	-0.3136022573	-0.3553214419	-0.3744907043	-0.3754937614	2.89761623	2.811280048	2.833281072	2.714401652	0.9129298438	0.9312407738	2.714188246	2.856171383	2.789443143	0.8129285478	2.732541878	-0.2568477579	-0.2039882298	0.8439305066	-0.0588679115	-0.1311075957	0.9298274615	0.9538207428	0.9560658387	0.9136537743	-0.1071720796	0.9345264232	-0.1094508289	-0.1670640276	1.151896094	-0.1384302813	0.9516157493	-0.3813098397	-0.3919694332	-0.4154715635	-0.2594683732	-0.2276193273	-0.3961718452	3.050598465	0.1416784406	1.05364655	-0.3007295378	-0.1320001352	-0.2605673114	-0.04094159944	-0.1848890314	-0.1748143143	-0.1491034306	0.9990255084	0.8986874953	0.8659152918	-0.106473006	-0.1119395444	-0.2260793132	2.928363142	2.879830552	3.360069492	-0.1389942949	0.9483885356	-0.1727364126	-0.2073073068	-0.1963552972	-0.2749689737	-0.2389055781	-0.3789557947	-0.4018685058	-0.3864053004	-0.3111837356	-0.3098571987	-0.4007366088	-0.365855574	-0.4029070517	-0.3220720023	-0.2861603239	-0.4029463028	-0.4070473625	-0.2410790439	-0.3212839125	-0.3462260132	-0.2505722187	-0.3814230473	-0.3473776569	-0.2885419029	-0.3332416145	-0.3734288842	-0.2558848093	-0.2321233409	-0.3783764066	-0.305787355	-0.4165194313	-0.3176662847	-0.3723818237	-0.3601184656	-0.3750686602	-0.3515665074	-0.3216825079	-0.3774329994	-0.3958836509	-0.3656384726	-0.341277993	-0.3107269685	-0.3930983007	-0.3189104019	-0.3493880367	-0.3066881594	-0.3083966964	-0.4031704237	-0.3907818477	-0.2846655752	-0.3798549531	-0.400043405	-0.3963955751	-0.3666159283	-0.3701264571	-0.3565561799	-0.3421849025	-0.3729460141	-0.3561187633	-0.3348955505	-0.2766320972	-0.2841327895	-0.236947022	2.980578386	-0.3531373484	-0.3180927986	-0.3399914082	-0.3015202076	-0.3544613217	-0.3481441269	-0.394429509	-0.3199755506	-0.2908679912	-0.2030706993	-0.3591085393	-0.329441682	-0.2553872241	-0.3295526299	-0.3517589541	-0.3731199825	-0.382719102	-0.4091752393	-0.3590775122	-0.4065127875	-0.3742460879	-0.3603767057	-0.372035056	-0.3683943094	-0.2177016984	-0.2756102281	-0.295121853	-0.2024512115	-0.2203106446	-0.2273131936	-0.09454731325	-0.2107712442	-0.1752166465	-0.1633111981	-0.2916974785	-0.1609758514	-0.4060053846	-0.3968730033	-0.3360315161	0.05514061237	-0.2451871303	-0.0374505007	-0.15396179	-0.1925025126	0.04571853463	-0.249456407	-0.3901341146	-0.2690925177	-0.3337611805	-0.238563745	-0.299887405	-0.3562638492	-0.3957744658	-0.3017852805	-0.3404159094	-0.3064639913	-0.346336954	-0.3269582234	-0.2861144764	-0.3124399574	-0.3975369636	-0.4065077817	-0.3979038653	-0.3168668273	-0.4084920622	-0.2821880114	-0.3017543574	-0.3294612292	-0.3815132913	-0.3569220905	-0.2962580231	-0.3209693363	-0.365624066	-0.3263048206	-0.3165356431	-0.3446924935	-0.3798486779	-0.2536684936	-0.2358246542	-0.3434609964	-0.0960306997	-0.2224205524	-0.2253533484	-0.219923407	-0.3960612423	-0.3823382801	-0.3118435861	-0.2834632617	-0.3429202782	-0.3224967778	-0.3535398372	-0.06680096709	2.562662373	1.175333386	-0.3079653827	-0.2698509191	-0.3903009056	-0.3935921883	-0.05425704673	-0.3350682969	-0.2387026444	2.543623623	-0.3463905851	-0.2364137253
-0.06359125579	-0.01344060901	-0.02095213298	-0.03799989008	-0.003438839019	-0.003788013092	-0.03363933651	-0.02397057484	-0.06070416914	-0.1285909327	-0.1580352454	-0.1607317803	-0.1673700436	-0.2108952379	-0.1753554382	-0.1619286379	-0.1294816462	-0.2033820984	-0.08624578558	-0.1228962878	0.3341277809	0.3676050507	-0.1369692617	0.161499084	0.1286600059	-0.1653461325	-0.1741500575	-0.194883935	-0.1593861429	0.09759364863	-0.1532164763	0.2656851487	0.116663445	-0.0214457717	0.2579139704	-0.1546028996	0.0144086028	-0.0305334536	-0.05326485479	-0.01650470799	0.01316040737	0.1082072581	-0.1284510804	0.0485520046	-0.1782051128	0.2692511806	0.07358738181	0.1161763413	0.09956906997	0.3911853749	0.1564002423	0.2716458421	-0.1793591162	-0.166885082	-0.1463182565	0.1071307484	0.1195954862	0.2802946642	-0.1512815558	-0.1127774095	-0.1389942949	0.9166334915	-0.1882411028	0.178192543	0.1403108513	0.1791124345	-0.01297382854	0.07616733228	-0.03070944822	0.02065421016	-0.02078983094	0.002607594336	0.003100931708	-0.0129420897	-0.04881122642	-0.04996326523	-0.03483630375	-0.01585772564	-0.03128921288	-0.05095795027	0.03157736404	0.03531980817	0.02548667464	-0.06335137604	-0.04160194714	0.009846642152	0.02222364252	0.00347400222	0.00664809353	0.01498129988	0.02631066882	-0.01790320893	0.03124323905	-0.05073643199	-0.007150564546	-0.008093052406	0.02242293015	0.01467681899	0.00647083121	0.03873424714	0.008715071156	-0.02423446133	0.02879914802	-0.07002147961	-0.02281743743	0.006424358111	0.05084128319	-0.05645378498	0.03679297985	-0.01599685482	-0.03883653579	0.118396382	-0.02967972534	-0.04149416403	-0.06142941764	-0.05340784005	-0.02489329277	-0.03899038552	-0.06782557872	0.009178944969	0.01161150633	-0.05054288858	-0.04433657552	-0.001942854294	-0.03318585848	0.02847639025	-0.1273911927	-0.02868280085	0.05117966882	0.003817812683	0.0907053482	0.01837660611	-0.02085279889	-0.03188326579	-0.04372150602	0.1424383481	0.003554483542	0.02795562697	0.03094515112	-0.07376237132	-0.04540170409	-0.006677227343	-0.01591050066	-0.06965625083	-0.04014562077	-0.06541098736	-0.01531436316	-0.03664491863	-0.02541900001	-0.02469380139	0.03448171758	0.03995151607	-0.04401028425	0.03551143255	-0.08603061843	0.01992267357	-0.0432176838	-0.05475867243	-0.09058053702	-0.05272901134	-0.0372669781	-0.0221316814	0.0316113377	-0.05532522153	0.003022385121	0.02984787699	0.004808070175	-0.00881165228	-0.01988911718	-0.0803557144	0.01501179965	-0.02789261608	-0.06232548845	-0.02402635969	-0.01144384491	0.001023416222	-0.001262305704	0.06920710075	0.001309705736	-0.0502472757	-0.01742670406	-0.03595246971	0.03417894028	0.03128012778	-0.08419630902	-0.03397555877	-0.0388657491	-0.04448016301	-0.06467996498	-0.05181239488	0.02370552567	-0.05731780407	0.07863460445	-0.04277568678	-0.02219152968	0.06400089923	-0.01406122326	0.07228075948	-0.009028596376	-0.0440341451	-0.1106326342	-0.07315460704	0.007106106365	-0.032770559	0.03917209405	0.07668929811	-0.01696264623	0.06145219686	0.1365747156	0.2465714046	0.3746963529	-0.06619003473	-0.01654555906	0.02892387952	-0.009581760448	0.05390572809	0.03385351553	-0.01846111756	0.3268847653	-0.1058359881	-0.01673237916	-0.007123893789	0.002613540268	0.08445907341	-0.04729389385	0.02682281807	-0.03010700233	0.1329114899	-0.1057638628	-0.02943185005	-0.01317365137
-0.2859232121	-0.3169814395	-0.2881749614	-0.3380360427	-0.260290694	-0.2563467545	-0.2948692587	-0.346119917	-0.3481100891	0.9937840207	0.935740596	0.959464096	0.898794418	2.638867644	2.454523074	0.9176263684	0.9626748765	1.014648474	2.404566438	0.8736419527	-0.1933117057	-0.2005070027	2.427953356	0.02861338054	-0.03084407641	2.454166796	2.543386589	2.686181538	2.446727299	-0.06412579278	2.491343235	-0.1111829296	0.002707264578	0.8388569503	-0.08005916355	2.518959143	-0.3468769246	-0.3569476165	-0.3779526401	-0.2232792171	-0.1233195361	-0.3665442577	0.951426659	0.06438652155	2.564616666	-0.2451487023	-0.01550074957	-0.2117809527	0.1845452511	-0.1507128887	-0.08516574534	-0.14940908	2.544720558	2.424549444	2.414516664	-0.0508437239	-0.04789241198	-0.1592076174	0.9558253781	0.949109602	0.9483885356	-0.1882411028	3.032194954	-0.09255499065	-0.1367817299	-0.1461538019	-0.294341126	-0.2236154386	-0.3329631591	-0.3628423599	-0.3495744164	-0.2879152952	-0.288070543	-0.3623052789	-0.3424800379	-0.3617922023	-0.2989959547	-0.3012407718	-0.3644487729	-0.3717762991	-0.2735645285	-0.2996213804	-0.3591822114	-0.2543773036	-0.3459083102	-0.3645672448	-0.3067655178	-0.3118031009	-0.3455853875	-0.234512217	-0.2478443691	-0.349289537	-0.278224871	-0.3788969985	-0.2977615315	-0.3384762343	-0.3332074981	-0.348325688	-0.3647492542	-0.336627268	-0.3469988171	-0.3605690446	-0.3025372148	-0.3021672446	-0.2950396584	-0.3250019605	-0.3230150363	-0.337193451	-0.2875313641	-0.2786369504	-0.3634653936	-0.3642909864	-0.2742810183	-0.3394425029	-0.3616147854	-0.3655416745	-0.3434937187	-0.3670111097	-0.3516675851	-0.321333001	-0.3439933415	-0.3281148561	-0.3001351129	-0.1967471576	-0.2705575016	-0.2538394583	0.926265617	-0.3505401336	-0.3221580067	-0.3497284816	-0.3260222112	-0.3325122945	-0.3139327373	-0.3564460798	-0.2953241861	-0.3189794194	-0.2327488839	-0.3329066514	-0.3407146962	-0.2697017712	-0.2873683156	-0.3118469805	-0.3414360782	-0.3575408959	-0.3720319887	-0.3577235176	-0.3674093479	-0.3373890679	-0.3147807868	-0.3423234672	-0.3478976207	-0.1956128212	-0.2304734876	-0.2536773924	-0.1793527423	-0.121023438	-0.1394650607	-0.04426314894	-0.2325989047	-0.1679647802	-0.1447926473	-0.3181685793	-0.1631135603	-0.367784786	-0.3578291842	-0.3081036865	0.01328680898	-0.2617276903	-0.06974773332	-0.1625633177	-0.2057270623	0.03929788923	-0.2226620752	-0.3545544533	-0.1710115066	-0.2943498684	-0.2600780483	-0.3257419102	-0.3702573124	-0.3589901643	-0.2609234596	-0.2968445331	-0.3108321281	-0.3520620654	-0.3210707312	-0.2930794897	-0.3021239084	-0.3617795264	-0.3724948067	-0.3581313649	-0.3332049585	-0.3681201487	-0.2890394306	-0.2748789657	-0.3015802022	-0.313224064	-0.2634019002	-0.3029115853	-0.2236327195	-0.3154163469	-0.2734085711	-0.2660845882	-0.3246243733	-0.3490074939	-0.2300873908	-0.2831097569	-0.2768059798	-0.07695027229	-0.2081126192	-0.1707726589	-0.1833061322	-0.3666506031	-0.3319369455	-0.3292161466	-0.2635553339	-0.3547919602	-0.3485873061	-0.3184183076	-0.1356016426	0.8709285274	0.8324748799	-0.3552778982	-0.3189596788	-0.368493051	-0.3551742646	0.05413862564	-0.3129302346	-0.1904310732	0.8592347091	-0.3544375728	-0.2954828463
0.006997627805	0.01429751651	-0.02623792599	-0.05563926306	0.07016486594	0.04111394265	0.03614739389	-0.02060648318	-0.06888790208	-0.1745937851	-0.1522577456	-0.156792549	-0.1497789384	-0.1099036397	-0.1192679188	-0.1340976017	-0.1681812073	-0.1605241552	-0.1735574335	-0.1449546171	0.2508851829	0.3082501696	-0.1308467738	0.07955269851	0.1196940843	-0.1369461358	-0.1339126848	-0.1180560692	-0.1144344559	0.117841112	-0.09619774881	0.2547408871	0.2362089123	-0.08883812106	0.2583683737	-0.1016431936	-0.01752904121	-0.03180546722	-0.05716182223	0.16170236	0.225802084	-0.02889321106	-0.1491068663	0.01260233874	-0.1594321349	0.08468962425	0.2057404997	0.1360556419	0.1008955729	0.3095803184	0.1415333062	0.2125581214	-0.1474856561	-0.0729324558	-0.06095554697	0.1150577901	0.1209640289	0.2478278239	-0.1354668284	-0.1666187144	-0.1727364126	0.178192543	-0.09255499065	0.8491988035	0.5456887379	0.2266582233	-0.009339711564	0.02661721355	0.05986367786	-0.03730544416	-0.03784592202	-0.0699241479	-0.07000122163	-0.03748020237	-0.06395691632	-0.04682912215	-0.01074918488	-0.04764984329	-0.06819642794	-0.05618861839	-0.05714272054	-0.04336627761	-0.06888582445	0.02768103039	-0.03558215184	-0.07387654189	-0.02675546314	-0.01519445224	-0.03480522823	-0.004529721961	-0.03791574257	-0.03452781794	0.04456344555	-0.05837336005	-0.04037393498	-0.01303048965	-0.0187799761	-0.0366640857	-0.06742739597	-0.03670695519	-0.0178073406	-0.04342800394	0.00509003545	-0.04282722136	0.02182533408	-0.02704292004	0.004743110366	-0.03539499624	0.02975682865	-0.02960929578	-0.05682681449	-0.03276593156	0.02125021688	-0.03683294994	-0.03992926075	-0.007038907478	-0.0009513962118	-0.072044726	-0.0659042488	-0.02802969352	-0.03307095612	-0.03204843621	0.03217091736	9.044972325e-05	0.02152679796	0.06019450632	-0.1482279737	-0.06920983127	0.009125094228	-0.01959926337	-0.03066614778	-0.0338004865	0.01148521458	-0.0381053712	0.0643766702	0.03284856016	-0.03223184987	-0.01905580806	-0.04416245833	-0.07239939861	0.04877783417	-0.01629813706	-0.02732400639	-0.07949121789	-0.05405721481	-0.06897555162	-0.02919797572	-0.03148416912	0.06714133884	-0.02381005941	-0.04151921943	0.1493492512	-0.01467316996	0.08059137148	0.009638096745	0.05896744568	0.02041041617	0.008974397756	0.007370870262	-0.01868356279	0.04139890027	-0.02374455959	-0.02823172188	-0.05179750765	-0.02750800909	-0.02454881509	-0.03480382654	-0.02970330319	-0.05520614292	-0.01577527354	-0.009657999665	-0.0210853937	0.05262975885	-0.009510311219	0.07126094445	0.01579208774	-0.02638664355	-0.006100065596	-0.08987882925	-0.03279794144	0.03595054358	-0.01438437955	-0.01804953845	-0.05231177704	-0.0394659491	0.003076045033	0.02219655487	-0.01877870127	-0.06679683191	-0.04856979459	-0.0531127988	-0.054080258	-0.001060048313	0.0453918514	0.0446590959	-0.01177860412	0.00821586559	0.02773621787	0.05929717543	-0.08214241083	-0.03336364074	-0.06140462213	0.007049534995	-0.07606779022	0.0647225608	-0.03992182668	0.01737328079	0.1522277184	0.2613946054	0.3011734636	0.3266707244	-0.0640981335	-0.03567292558	-0.08304948529	0.009415001975	-0.05930927377	-0.04305796001	-0.009741662118	0.247607964	-0.1787411252	-0.08137681894	-0.04811682134	-0.03791297465	-0.05575709222	-0.0229502407	0.1604531601	0.03286580426	0.2472621505	-0.1922187269	-0.005871000211	0.02940420583
1.513245778e-05	-0.001433542222	-0.02478298546	-0.04295032569	0.06934848558	0.04399178505	0.07093427592	0.02126377485	-0.06951546196	-0.2112360839	-0.1934696125	-0.1866435902	-0.1781667709	-0.1495465404	-0.1192254892	-0.164961771	-0.2163982891	-0.1884530415	-0.1878645433	-0.1793042027	0.333694882	0.4206897626	-0.1699229847	0.08954702539	0.139666783	-0.1288899299	-0.1607347468	-0.1565846043	-0.1299709543	0.1497532475	-0.1435254866	0.2983724975	0.2489908547	-0.07178604665	0.3332114633	-0.1208249335	-0.01520808101	-0.02106757311	-0.04474627808	0.1776740483	0.2226855759	-0.01588378848	-0.1818956741	0.06701829641	-0.149467351	0.1083347019	0.2343979776	0.1472820665	0.08541072277	0.3238079613	0.1749464244	0.320125218	-0.146424238	-0.08617079359	-0.09164132319	0.1435765076	0.1203006976	0.2598259258	-0.1494813952	-0.1765364845	-0.2073073068	0.1403108513	-0.1367817299	0.5456887379	0.8631539731	0.4709596118	-0.01576228115	0.0009684577875	0.02395276051	-0.04112640752	-0.06393849506	-0.0850027308	-0.08465783956	-0.0383071471	-0.05464943672	-0.04889483335	-0.03344121441	-0.03354848776	-0.0698618861	-0.05113441548	-0.09107844233	-0.06341138644	-0.069053377	-0.009132692501	-0.04401793982	-0.08999550477	-0.03606897619	-0.02042806891	-0.0485260425	0.005911355186	-0.0515943659	-0.02544204933	0.06706877044	-0.04553549506	-0.04157146309	-0.03873427678	-0.03409438398	-0.04202058562	-0.07044284838	-0.02359959536	-0.01007344796	-0.03299460244	0.01766906202	-0.03555061183	0.01109288342	-0.04306900159	-0.02578370973	-0.03591465507	0.01135408655	-0.05509317548	-0.04968545475	-0.02454118303	0.01305977955	-0.04098645248	-0.05277137944	-0.0129936984	-0.0226799938	-0.0788524711	-0.06800027812	-0.04473426054	-0.04272200475	-0.03427859843	0.02268552271	0.0230303329	0.01305089102	0.03129167558	-0.179985359	-0.05908563782	-0.01616734429	-0.01010893916	-0.04566244984	-0.04275065736	0.0004226606037	-0.04455097117	0.05998505705	0.01525962824	-0.008262360337	-0.03432267567	-0.0441657222	-0.04444427436	0.005132212987	-0.03916935549	-0.03728565671	-0.08516630521	-0.05881188156	-0.06628681202	-0.02538517756	-0.04288397323	0.03082375528	-0.03595264934	-0.015343171	0.1902261545	-0.02566050516	0.08945437955	0.04476626961	0.1079342877	0.04608887846	0.02704044797	0.03310120182	0.01202825592	0.05235519351	-0.04820283895	0.0104372167	-0.05551538381	-0.02411090829	-0.01820838245	-0.002521831842	-0.007534210935	-0.01589696035	-0.001914964559	0.01569707955	0.007598412408	0.05639817133	0.01532535123	0.0861532113	0.04203514647	-0.004384841982	0.007208747323	-0.08054975773	-0.04783445463	0.04741692774	-0.02267620395	0.0002185464899	-0.03755935636	-0.03910827723	-0.0235676365	0.02145406255	-0.04269896416	-0.06144764098	-0.05536554038	-0.0582338161	-0.04865530214	-0.01823916219	0.0282839798	0.03459499513	-0.01168237612	-0.01225851534	0.01576313761	0.05965219795	-0.08014038104	-0.03829052523	-0.05261859146	0.0006023319455	-0.07704771772	0.07643394428	-0.07507680588	0.02132080803	0.1183833939	0.2508858507	0.3746925978	0.2956660873	-0.06296573061	-0.04051035516	-0.09115015432	-0.01769072326	-0.04090192106	-0.06270761367	-0.02394233359	0.2809746586	-0.1872244402	-0.07120242786	-0.03808260589	-0.03245675624	-0.05561197901	-0.04273594656	0.1507917196	0.008076790238	0.2192126549	-0.1965581725	-0.03055142702	-0.01432383431
-0.04187926568	-0.0005988042849	-0.0228537861	-0.03431219482	-0.04490152913	-0.01193959178	0.05130377764	0.04173512441	-0.04576251426	-0.2401844922	-0.21013521	-0.2045368945	-0.2014126484	-0.1503910384	-0.130632671	-0.2099099243	-0.2385699681	-0.2139737528	-0.1449392435	-0.2236503557	0.2307145167	0.2510746333	-0.1496126506	0.06143219355	0.1078293388	-0.1409924334	-0.1683968365	-0.1607249495	-0.1467964257	0.09948873094	-0.1648328001	0.2476010988	0.205731131	-0.003901959524	0.2630259465	-0.1176117464	-0.009504349484	-0.007346365026	-0.01346222865	0.004419018094	0.0726950912	-0.004568723029	-0.1868417782	0.1495587821	-0.1577547239	0.1289761889	0.164185481	0.1818528078	0.09932481481	0.2668517327	0.1436604796	0.6512043137	-0.1425647867	-0.09609523849	-0.1012895074	0.09734643874	0.07579872714	0.175928242	-0.173154933	-0.2004640503	-0.1963552972	0.1791124345	-0.1461538019	0.2266582233	0.4709596118	0.8964934434	0.01586288213	0.01371597227	0.02456440323	-0.01469042903	-0.014228479	-0.05263890853	-0.0524376696	-0.04448763228	-0.03514619059	-0.03410384588	-0.001420190747	0.04463695872	-0.06010270256	-0.02405945968	-0.0596245721	-0.0521612563	-0.06134357156	-0.0590483964	-0.05593097275	-0.06457240577	-0.03707355464	-0.01988459143	-0.07218815373	0.02979653695	-0.03180867343	-0.02295060732	-0.0145117713	-0.01405646543	-0.02609403916	-0.04179246852	-0.03584278427	-0.05857776113	-0.04540480905	0.01664636256	-0.04045685709	-0.003848934253	0.05021349314	0.04210664313	-0.0535593738	0.001731391613	-0.00879434498	-0.0132828324	-0.00186329182	-0.0696200077	-0.02579437792	-0.02262232206	-0.03039484898	-0.02563255063	-0.03447472301	-0.01518207487	-0.03440048274	-0.0640148735	-0.05498942358	-0.03205822027	-0.0685654493	-0.01883595244	0.05199793507	0.03637737711	0.04444849035	0.1124442786	-0.1826803474	-0.01541251895	-0.003474167806	-0.007532375502	-0.06272895632	-0.06202398763	-0.04592547219	-0.05686262769	0.09134788517	0.005526131278	-0.008094326089	-0.03621525341	-0.05986947745	-0.02124154611	-0.02041430924	-0.02574085183	-0.04874684582	-0.0601897295	-0.05166462412	-0.05282605459	0.007146274569	-0.02287453015	-0.0006328302856	-0.05248656299	-0.004869354574	0.17762679	0.01240977858	0.07735282472	0.02198796785	0.106579035	0.05427190672	0.03541391846	0.0009234687046	0.07746764838	0.1093195484	0.003345760904	0.01932704094	-0.046148552	-0.00246095566	-0.0498969162	0.02563134202	0.003146339689	0.008594094676	-0.005988411942	0.008492494997	0.03368727006	0.01715889801	0.008446493351	0.06452815564	0.04653796213	-0.00417826963	-0.01344820074	-0.07322563739	-0.03430827865	0.02853719995	-0.006874342386	-0.04130405803	-0.01930713023	-0.0279048041	-0.06662671336	-0.0113324257	-0.02059308756	-0.04475494939	-0.04887569413	-0.0539096097	-0.02556146362	-0.0005219166053	0.1446612211	0.1643846639	0.05249767465	0.002539697968	0.02141305225	0.07452853833	-0.06823518344	-0.01888051112	-0.04640402182	-0.02027082944	-0.0642739111	0.1692899237	-0.074532172	0.04722980223	0.07555137678	0.1111822382	0.2760175634	0.2393258226	-0.04621358634	0.0407528676	-0.111686738	-0.0135524495	-0.02316224811	-0.0777386228	-0.03228914615	0.1958014767	-0.1586612953	0.009300949605	-0.02503906616	0.0730865189	-0.03287306802	-0.04867023389	0.1182295373	0.01680985819	0.1218060739	-0.1198536988	-0.03842390398	0.07535149169
0.04154543389	0.1337178078	0.09647376527	0.0845784338	0.01884473073	0.04310497971	0.0779019662	0.0679822995	0.09130230375	-0.3248453634	-0.3093876127	-0.3165897907	-0.3356474186	-0.2914003975	-0.2880987504	-0.3489331651	-0.3174836516	-0.3006657552	-0.2637573392	-0.3559019731	-0.02422806939	-0.0165630893	-0.2636961419	0.009377927493	0.03714969626	-0.2974904831	-0.2893102732	-0.2774791106	-0.2719531819	0.02111204649	-0.2714776722	0.03051043675	-0.01754543866	-0.1792884595	-0.03775827246	-0.2768006556	0.07945937909	0.06440335541	0.1139839037	0.04890360251	0.008036748004	0.04543259313	-0.2951835957	0.009949655576	-0.2788096714	0.03443221627	-0.002764625162	0.06773142529	0.02172869553	-0.01806669057	0.02573571526	2.319036825e-05	-0.2812721365	-0.2617142593	-0.3122249054	0.02410157431	0.03259689329	0.003956805739	-0.2930428371	-0.3151797388	-0.2749689737	-0.01297382854	-0.294341126	-0.009339711564	-0.01576228115	0.01586288213	0.593249123	0.1800670506	0.1312727152	0.07291729604	0.09656856838	0.04494480541	0.04481933907	0.04654419285	0.07013977835	0.06546704962	0.121566708	0.09586443013	0.05079445004	0.1191596624	0.03414463562	0.01631907327	0.03280276879	0.07372653287	0.0599865533	0.03337424417	0.04261894963	0.002349989919	-0.01284657304	-0.002878368226	0.01864752533	-0.02948828472	0.004488251393	0.117034647	0.001682840234	-0.02984292229	-0.0363915316	-0.01739568786	0.03809379906	0.09002215217	-0.0120292522	0.08537669858	0.029432749	0.1232898298	0.05582317627	0.0002822030422	-0.01353625899	0.1752139931	0.04932169489	0.03557447924	0.06644464952	0.02609367161	0.0853875198	0.06311234969	0.05494486081	0.09624297859	0.009977042042	0.04182859277	0.07753278429	-0.02384050689	-0.0254457255	0.1037373047	0.1371734726	0.008828294475	0.1026938886	0.0686497701	-0.2903046977	0.06742308805	-0.01645522107	0.01610545992	-0.04131994229	-0.02872161426	-0.0193005155	0.02429628353	0.04064264669	0.02091897694	0.00698711815	-0.0367369974	-0.01076693045	0.05990234412	0.05891457654	0.06940741607	0.005432279756	0.0936053146	0.0734812304	0.07296462212	0.134950263	0.05773716882	0.05662590264	0.01642789534	0.05092333276	-0.01551348115	0.05650028827	0.07845967126	0.02458459657	0.1047918491	0.07153645484	0.000580669525	0.1070081946	-0.001937956969	0.002610203028	0.06546138674	0.01704344063	0.05247788171	0.05411393701	-0.01374387945	-0.007651603317	0.02874205939	0.004588681485	0.01103892189	0.02327198443	-0.02436241171	0.09077223396	0.08216439219	0.1135760653	0.05168959915	0.009190381894	0.006638967822	0.03760068625	0.07161960987	-0.0318442379	0.07618103025	0.01499415539	0.06710372483	0.1527243427	0.08280822575	0.03228193895	0.08986876901	0.04170721692	0.07080686776	-0.01585169608	0.0737785965	0.0457679092	0.04516267307	0.04962050913	0.017719828	0.1195896479	0.08574719	0.05704091151	0.07666437486	0.1059365073	0.1064034634	0.01113368989	0.06059056641	0.02965925719	0.03942857497	0.1175726341	0.0389847798	0.02189566824	0.009066166191	-0.0135991039	0.05566941091	0.09263267882	0.02459586553	-0.006790000463	0.04036452731	-0.01795310947	0.007579433734	-0.03741856898	-0.3097168969	-0.1824259168	0.1484276139	0.08261780373	0.06095118488	0.08419000564	-0.001643363176	0.1388065169	0.01859842651	-0.305015816	0.1194576546	0.1222075019
-0.008371944513	0.1125158739	0.03472830098	0.08554067467	0.03415006166	0.05751767013	0.05511199283	0.1056072747	0.03259550887	-0.2278760363	-0.2599428027	-0.2693610918	-0.26552652	-0.2026615945	-0.2235295724	-0.2705731242	-0.224216065	-0.2568201858	-0.2150931069	-0.2262952795	0.02593064556	0.1181956688	-0.2232595626	0.07460193668	0.02472480705	-0.2039443538	-0.2032097722	-0.2075876814	-0.1878003665	0.01430297262	-0.1762983944	0.04857140393	0.09813150562	-0.1664420999	0.07382656248	-0.2242161282	0.08603285005	0.1336051013	0.1474616642	0.07582016451	0.09976778354	0.09809893979	-0.2135985143	-0.03031474343	-0.1982480284	0.05782340735	0.01519300709	0.1611360523	-0.01918522832	-0.0105982849	0.03141355168	0.08402164673	-0.2381155504	-0.2113064029	-0.230878877	0.01142248733	0.02062935234	0.08180822537	-0.2042190508	-0.1913071116	-0.2389055781	0.07616733228	-0.2236154386	0.02661721355	0.0009684577875	0.01371597227	0.1800670506	0.6674647052	0.1282965802	0.06636091291	0.04485096476	0.1191214305	0.1176701111	0.02478708428	0.002868196539	0.01418254225	0.04102836365	0.08463835969	0.001065071502	0.1035941923	-0.04967907561	-0.06554451662	0.08806825061	-0.01566494394	0.03400095868	0.06076300121	0.06143817271	-0.0473773623	-0.04914159272	-0.01119255866	0.04692565341	-0.06597356042	-0.06194252235	0.1503420464	-0.06128086531	-0.04977932825	-0.05919525433	-0.06274175951	0.09824087597	0.0918109907	-0.04158984534	0.05508995257	0.09861556364	0.01418958411	-0.009835495625	0.01986198973	-0.02911336842	0.07115348798	0.09149360462	-0.02625662817	0.06102724534	0.08618439908	0.004785994741	-0.01003430229	0.01311084095	-0.004827450825	-0.01048137044	-0.02637077631	0.036418348	-0.06808368082	-0.06138796662	0.04089480131	0.0225622	-0.00747819228	0.02993873533	0.0411843429	-0.2080873364	-0.0130489084	-0.03093939368	-0.04945048535	0.0008317125536	-0.06270664077	-0.0390711578	-0.03291225152	0.02148536867	0.04081931971	0.02628698012	-0.05627836292	0.03630150862	-0.03451431941	0.08923326875	0.007966845156	-0.02934317463	0.009712263835	0.02468171198	0.03174763423	0.09726540928	-0.01662226765	0.06747442983	-0.01814372859	-0.04335034573	-0.04635229403	-0.004580169719	-0.0576925501	-0.04238621822	0.03085455595	0.05351469452	-0.02597363312	-0.03038429135	-0.067422724	-0.03075318905	0.06375440756	0.05391195635	-0.001192398433	0.03907718691	-0.01915149255	-0.08712027054	0.04070641383	0.07161304441	-0.05106995977	0.01469934571	-0.04457464366	0.0252979185	0.07490960295	0.07133696535	0.007651700837	0.02157799406	0.06922051035	0.08967842351	0.0727228033	0.001691113683	-0.002288510662	0.09607282605	0.1085516751	0.02126908557	0.004067721966	-0.03036801822	0.06254127525	0.04671528875	0.01691754267	0.03182953312	0.03788145828	0.1309769524	0.1005242259	0.04903423775	0.08751109042	0.08260308121	0.06623306293	0.1018024612	0.02811118612	0.02874432382	0.02794567474	-0.0480804827	-0.009714403431	0.07817334656	-0.04362314432	0.3861920445	0.05820695533	-0.02770407675	0.04369231373	0.04674712767	0.01176204066	0.1048709539	0.06911822116	0.007899157719	0.08517996778	0.05145644612	-0.02348939853	0.1406483174	-0.2424877544	-0.1675903582	0.1195123636	0.106710342	0.08259550523	0.02474166108	0.0009673612488	0.04968250394	0.07049448355	-0.2707809445	0.05469180548	0.0469868196
0.08775320542	0.1402534344	0.1279385397	0.2059856012	0.06009369359	0.06797574331	0.1691314373	0.1234435266	0.09713399832	-0.3987555609	-0.3765228129	-0.3854911973	-0.3647312794	-0.3320425508	-0.3328059191	-0.3645813563	-0.3867176667	-0.3771801291	-0.3430437138	-0.3717660507	-0.004531432784	0.003930635985	-0.3177466382	-0.09894330744	-0.06963992301	-0.3474844497	-0.3448586795	-0.327613488	-0.3343617842	-0.07451526581	-0.3295087029	-0.0231204773	0.09370298072	-0.2350384829	-0.01681438892	-0.3418432069	0.1741266452	0.1593302032	0.2437849297	0.1193816258	0.06490916343	0.1317088904	-0.3878726961	-0.07098693691	-0.361398804	0.005145895443	-0.01414058352	0.1048021981	-0.08123503037	0.01179022488	-0.04791149854	0.002563202978	-0.3493092326	-0.3209778208	-0.3166182424	-0.08152861611	-0.07304670256	0.04976292371	-0.3837151246	-0.3822193771	-0.3789557947	-0.03070944822	-0.3329631591	0.05986367786	0.02395276051	0.02456440323	0.1312727152	0.1282965802	0.4591547932	0.1975978858	0.1082165362	0.0546179929	0.05435465659	0.1108364163	0.09198036972	0.1460950529	0.01529687411	0.03857335367	0.08567976814	0.2222964926	-0.04933175544	-0.03888866685	0.07541029057	0.01231537764	0.07907969247	0.07105043647	0.06500065417	-0.03893321453	0.001506296261	-0.06079557138	0.02846246332	0.004329409581	-0.02185049124	0.2384346073	-0.04849744472	0.003619855334	-0.01692614286	0.01082583813	0.1328949975	0.04498649501	0.03029130261	0.1217520772	0.1338236693	0.07064891503	0.1226697377	0.02413215022	0.04765561308	0.1139512364	0.05268158537	0.01448420868	0.1557644375	0.09936378712	0.1348908203	0.06748147146	0.08616718133	0.09837780821	0.03540916729	0.05124615717	0.1042427158	-0.02604087301	-0.009124984928	0.03382030309	0.04479671952	-0.1027087439	0.03409689849	0.06618244658	-0.3788958636	0.05936469955	0.04800531601	0.04018607513	-0.007788498525	-0.04086589115	0.03345313117	0.03032040763	0.1198691849	0.03011996282	-0.01722754423	-0.01929337046	0.01085308887	0.04495837196	0.2639787228	0.1013732774	0.04242498137	0.06608859381	0.1573216611	0.1045996458	0.296291328	0.02785295863	0.3320500951	0.05578732625	0.06003102289	0.004645616442	0.02200028238	0.01162639849	-0.0265829123	0.02405838173	-0.04159775497	-0.1074128976	-0.04113890534	-0.05398614968	-0.01594596464	0.08007192182	-0.06680347792	0.09880933381	0.1364042219	0.01013672934	-0.1397959498	0.0002194309498	-0.0711056757	-0.04134417092	-0.04464463817	-0.1300061504	-0.01953362083	0.1115068459	0.04224229022	0.02670764473	-0.017939076	0.04294904334	0.07465149647	0.0894039106	-0.02552492301	0.07394951434	0.08124309651	0.1087958188	0.07884484541	0.04700655585	0.03553127041	0.1199061701	0.09976119093	0.1169416702	0.03797485571	0.1331771265	0.05434805743	0.09928513705	0.1172389195	0.07429773843	0.09114838358	0.1097060899	0.02782946441	0.08642567125	0.07345751983	0.06067660603	0.02317003931	0.08961370868	0.0812035577	0.05662379808	0.2381993989	0.01510187481	0.07017478858	0.0418373184	0.05420269043	0.09485938267	0.2482116146	0.01520931944	-0.01443450709	0.08389014569	0.01084090676	0.04432596833	0.04806673852	-0.342987523	-0.2387991866	0.1015393104	0.06713531615	0.1191231041	0.1273741443	-0.03679759541	0.09515621064	0.1422583008	-0.3612870008	0.1476040397	0.07530803923
0.1106598645	0.1417831328	0.1525019746	0.229236177	0.1353574706	0.09740572342	0.1032492619	0.1477336572	0.08324145441	-0.4040577617	-0.384125131	-0.3919742946	-0.3691305326	-0.3604329757	-0.3631610745	-0.3699013433	-0.399738742	-0.390185036	-0.3601680895	-0.377116422	-0.04138810423	-0.0472289593	-0.3489837437	-0.1195136686	-0.1009443617	-0.3677621641	-0.3677525487	-0.3629371713	-0.363559317	-0.1054046069	-0.3598835012	-0.06373087213	-0.01703098018	-0.2498586409	-0.05239562628	-0.3576945793	0.2121807203	0.2035868928	0.2289207386	0.09252995028	0.007989659794	0.2092415222	-0.4105749541	-0.1041976539	-0.3844657993	0.06643497985	-0.04719122345	0.09527510648	-0.1194045861	-0.03831864483	-0.0834773248	-0.02833287526	-0.3683517403	-0.3523278627	-0.341167354	-0.1155362868	-0.1046330793	-0.02202148932	-0.4159069432	-0.4070574995	-0.4018685058	0.02065421016	-0.3628423599	-0.03730544416	-0.04112640752	-0.01469042903	0.07291729604	0.06636091291	0.1975978858	0.438928538	0.1247128881	0.1451506543	0.1446636917	0.2048439105	0.1094639224	0.1516339295	0.02682450717	0.03498086441	0.1853779347	0.2120002897	-0.03280645986	-0.02648685631	0.1201624966	0.02280513276	0.0899242721	0.09146777445	0.03691961704	-0.008486754075	0.05390466823	-0.08828633532	0.03514173337	0.02234294636	0.0008081289833	0.2238835416	0.01494362608	0.031754022	0.03319612516	0.05429284827	0.1384568413	0.09954038481	0.06820067286	0.1701187151	0.1332319542	0.07912839264	0.09884946583	0.04644500095	0.01970889055	0.1180143469	0.1237735492	0.02647513335	0.1917971671	0.1577745022	0.1255465156	0.06915316136	0.111227026	0.09980302918	0.02108302495	0.05159738384	0.1180800741	0.02732590035	0.04685966458	0.108351729	-0.001472628354	-0.07476088577	0.03723429737	0.03005189449	-0.4008195417	0.0635437167	0.02622494507	0.01510521101	0.0297265128	0.02326023596	0.08357572873	0.08606448231	0.09732366136	0.08462837149	-0.02426135613	0.03403790156	0.01521819128	0.06052004873	0.07251893193	0.0952387778	0.01596383939	0.0849625496	0.1737866211	0.1214240345	0.2305504866	0.04083775251	0.1237300507	0.02925789476	0.09082602838	-0.00377100254	0.01785598321	-0.01263867759	-0.02884670722	-0.007819951332	-0.05402710272	-0.1342958795	-0.03831018175	-0.03325909651	-0.05952874288	0.06640042842	-0.06229283545	0.1098250425	0.3282115483	0.07244047958	-0.1244229394	0.02434231901	-0.05705485806	-0.03696746142	-0.02056316148	-0.1315035499	-0.02792322765	0.1542054828	0.02551044747	0.03343809031	0.006750559297	0.07557613684	0.149090407	0.104228699	-0.01516866513	0.07262833035	0.1423092522	0.1348856374	0.05580184028	0.07482153625	0.0299609652	0.1080458705	0.1013218222	0.1530298251	0.05852614661	0.1785183671	0.1283939661	0.05570111541	0.1008143042	0.1885290943	0.08706999281	0.1323963037	0.02899877915	0.1727051028	0.05775933902	0.09078289627	0.01454372751	0.1816883479	0.04066070075	0.0767405038	0.1492696576	-0.04702567306	0.06422336004	-0.005212725051	-0.05392885217	0.09813089215	0.1532314719	0.05792158646	-0.043415914	0.1262087439	0.04780895271	0.01930263587	-0.0556720973	-0.3649407179	-0.2463665878	0.1050320185	0.02786568003	0.1653438489	0.1475265151	-0.08068927758	0.06437001458	0.04767401551	-0.3740453099	0.1631992517	0.1011713418
0.06706954612	0.1454106706	0.07879577919	0.1892009533	0.115336729	0.01310327872	0.0863462422	0.1306943792	0.1430920882	-0.3919029398	-0.3714662402	-0.3792676004	-0.3580667278	-0.3468505227	-0.3475055904	-0.3477161366	-0.3873498702	-0.3754490448	-0.3363057241	-0.3554637913	-0.041573312	-0.0519348927	-0.3303309125	-0.08083490556	-0.06199837098	-0.3540049254	-0.3549537293	-0.3432422456	-0.3488013173	-0.05708556694	-0.3428322867	-0.07710433924	-0.01943391776	-0.2447996174	-0.03228474066	-0.3466270497	0.08963331615	0.06580614275	0.1146751046	-0.007975787473	-0.01861786887	0.04500839803	-0.4006313199	-0.08338873346	-0.3688931176	0.02885542382	-0.05431918919	0.01822857949	-0.08875866427	-0.05064855567	-0.01872494776	-0.03029642016	-0.3542078567	-0.3432680425	-0.3327714593	-0.06457859149	-0.05573585109	-0.01868896044	-0.4015739791	-0.3980515305	-0.3864053004	-0.02078983094	-0.3495744164	-0.03784592202	-0.06393849506	-0.014228479	0.09656856838	0.04485096476	0.1082165362	0.1247128881	0.4788635635	0.1161188716	0.1155920204	0.1435308748	0.0588934391	0.09244818522	0.04120770058	0.06383353627	0.1439908449	0.1141784069	0.003473469484	0.03167328653	0.03306461982	0.11921254	0.07522505487	0.1053846061	0.07373747971	0.01138715613	0.03206681723	-0.08631956948	0.04042353537	0.03944610436	0.07191158017	0.1119964181	0.06938873974	0.03353309624	0.0559200681	0.03643021231	0.08822696648	0.1928856369	0.04517523172	0.202686256	0.05795920925	0.1283894446	0.03240593591	0.07937450615	0.0157363034	0.1104117859	0.04332443456	0.06826370025	0.2130449757	0.01908861465	0.07451645917	0.09116051532	0.1427783784	0.1389764612	0.1097967848	0.1442826383	0.06539322756	0.03760450859	0.0208819073	0.04187096068	0.07040271932	-0.00283725703	0.1269032839	0.06644908639	-0.3909215496	0.1385919277	0.02395183309	0.02456382819	0.03779297335	0.05332783349	0.08121477401	0.01675607446	0.1549175248	0.1714946347	0.04937821399	0.05602390497	-0.0348625682	0.07597425585	0.0637544116	0.1128953046	0.07336826394	0.0734773118	0.05805842882	0.05907627629	0.1410100313	0.06206933972	0.02799661662	0.06021317717	0.04436562291	-0.02965862166	0.02216308756	-0.03232328437	0.008488775414	-0.00573988679	0.02736907282	-0.07181687752	-0.001851673305	-0.008152905565	-0.04257910298	0.07379797283	-0.02634477281	0.1157635122	0.1144863715	0.09308411682	-0.1007006468	0.09719163339	0.0101815419	0.05185572173	0.05126128874	-0.08300546627	0.02128931525	0.1290759798	0.01114396658	0.1441785374	0.07700446231	0.1221653772	0.106202621	0.1105517804	-0.05629398732	0.0925382106	0.1389449078	0.1643988845	0.1045014769	0.1334170997	0.07354802031	0.2087467447	0.07750100596	0.1023216758	0.002510832516	0.2122244887	0.09712171922	0.1147408538	0.1445596825	0.1531899432	0.0648174165	0.05820378569	0.02306977851	0.05301145349	0.04172566359	0.04362547522	0.01475480115	0.06872354348	0.04858289328	0.06559130796	0.07328021483	-0.04481262464	-0.003142052753	0.03463084782	-0.03126327141	0.09233110251	0.1506136827	0.01576279044	-0.01271474371	0.2053274817	0.03861749591	0.06232602708	-0.05512901929	-0.3500804052	-0.2397871991	0.09458346022	0.07316429925	0.03762164651	0.1509951633	-0.05149991323	0.06167204566	0.07537043632	-0.3615738628	0.127419947	0.08236714596
0.07069634197	0.04923340727	0.07720955631	0.1060447918	0.06301074611	-0.03881590108	0.01791498756	0.08707026198	0.0762034747	-0.3008445681	-0.3261323829	-0.3367110285	-0.3412350973	-0.3007940439	-0.3120416963	-0.3582054885	-0.2965816111	-0.3216928796	-0.286916799	-0.3291842888	-0.09800963206	-0.02612920823	-0.3116792403	0.01465215968	-0.06249015665	-0.283997466	-0.2837528756	-0.2928626072	-0.2681119045	-0.06554771125	-0.2526520488	-0.02339883564	-0.07506240384	-0.2402784383	0.0003081754351	-0.3246893429	0.08820359084	0.09524935152	0.1013504357	0.001121263613	-0.05451211137	0.07235370871	-0.3192553807	-0.07272676992	-0.3240310314	-0.009867783189	-0.07366908665	-0.02396299501	-0.1185904737	-0.1090785283	-0.05572182201	0.01877752117	-0.3303996205	-0.3185571957	-0.3481279425	-0.06768059247	-0.05859278743	-0.08359944403	-0.3272296508	-0.3229463017	-0.3111837356	0.002607594336	-0.2879152952	-0.0699241479	-0.0850027308	-0.05263890853	0.04494480541	0.1191214305	0.0546179929	0.1451506543	0.1161188716	0.5805005668	0.5743340453	0.101250819	0.07654918318	0.07714044421	0.04093349459	0.09050385285	0.1503144363	0.07495004205	0.00978300715	0.05914007576	0.1180317847	0.09238307106	0.06642525304	0.1321154807	0.07857040601	0.07298199476	0.05778979409	-0.02862990504	0.08875623124	0.02589690482	-0.009554994812	0.1023387207	0.1268297453	0.03924273942	0.05148525315	0.003915251117	0.2056822853	0.1240916856	0.07396187771	0.1002265937	0.06927470007	0.1051065508	0.02447013259	0.05141727946	-0.005793646255	0.07182831264	0.03935270412	0.07636734058	0.1669620548	0.05577246524	0.04116054038	0.04414396997	0.089977284	0.07084974196	0.02579174931	0.03084642129	0.08497835254	0.07898703689	0.04911708896	0.06152758197	-0.02312793745	0.08939560546	0.05274270854	0.01812342632	-0.3128510197	0.02970912548	-0.005432712992	0.004749361396	0.06188538254	0.03959973458	0.04578848275	0.01887515825	0.06852041815	0.1335554582	0.08027727036	0.04991478797	0.1195664175	0.08185856728	0.06024103522	0.1156009964	0.01795051674	0.07578402169	0.08246123032	0.07855061168	0.09097909339	0.1255041131	0.06564491851	0.0151844908	0.04475793463	-0.04153730796	0.02314619262	0.003008853449	-0.001881636231	0.04515218101	0.03885322361	-0.03523911855	-0.02796951828	-0.01690232029	-0.006397718433	0.04546122704	0.03455636483	0.06242731394	0.1365716452	0.03105589807	-0.06660290752	0.1193318427	0.05752536599	-0.0260819355	0.08269873895	-0.1029089595	-0.01503344575	0.07419232969	0.05383506129	0.02070918385	0.10728588	0.1141223916	0.1794347654	0.09963666656	-0.03773496491	0.05273042927	0.1425225212	0.1582046048	0.06544325618	0.03730820539	0.007755884458	0.08323608545	0.04792136191	0.08570208245	0.08268491011	0.137088103	0.126565503	0.03625077714	0.07789415506	0.1029859966	0.04967365136	0.04466710173	0.02248656734	0.1865167029	0.1201769632	0.1242488141	0.007374016948	0.1286370058	-0.006044576268	0.03791017728	0.07881145606	-0.03208823798	0.01586767838	-0.05550248028	-0.1073043471	0.0375986767	0.083131766	0.115245927	-0.001718174967	0.1564587584	0.1180659118	0.008327510614	-0.03876141319	-0.3428060803	-0.2425935704	0.1165184958	0.0728109765	0.07162185381	0.06454225095	-0.09634139949	-0.003176138147	-0.002465748802	-0.3684704472	0.03918150395	0.04757354898
0.07050592666	0.04910068079	0.07703940659	0.1055428172	0.0626994296	-0.03832680419	0.01790084364	0.08699842309	0.07600750708	-0.2997542963	-0.3255831036	-0.3359900541	-0.3404205957	-0.3003639429	-0.3115186887	-0.3572362114	-0.2956691923	-0.3212079552	-0.2871486934	-0.3275193531	-0.09718681565	-0.02546650936	-0.3107982615	0.01420986091	-0.06291094989	-0.2825015408	-0.282589631	-0.2926636539	-0.266838032	-0.06616900964	-0.2514596862	-0.02266770012	-0.07489918315	-0.2393182235	0.0001262715592	-0.3237329373	0.08801240976	0.09484898729	0.1008727548	0.00117123328	-0.05402003716	0.07174164936	-0.3179924195	-0.07259326822	-0.3230194104	-0.01000685554	-0.07344519345	-0.02395356748	-0.1181483019	-0.1087735655	-0.05625833056	0.01937539561	-0.3292363709	-0.317722865	-0.3469123548	-0.06831504035	-0.0593555301	-0.08340290055	-0.3256756012	-0.3213595808	-0.3098571987	0.003100931708	-0.288070543	-0.07000122163	-0.08465783956	-0.0524376696	0.04481933907	0.1176701111	0.05435465659	0.1446636917	0.1155920204	0.5743340453	0.576303792	0.1010096089	0.07654535738	0.07721931862	0.04104679284	0.09074676869	0.1495271278	0.07471898343	0.009583546484	0.05917609948	0.1179578386	0.09231954816	0.06633320992	0.1321103927	0.07900281204	0.07319412618	0.05775131226	-0.02805054186	0.08924520553	0.02609505515	-0.009792574689	0.1018686427	0.1263887077	0.03933434304	0.05157177516	0.004219937409	0.2055555827	0.1239798303	0.0737250023	0.09983367619	0.06911189224	0.1047187618	0.02485019978	0.05109611268	-0.005411796358	0.07161924	0.03952991897	0.07638138076	0.1659546043	0.05539944028	0.04112006685	0.04412751675	0.08960977729	0.07031372425	0.02583266635	0.03106425981	0.08510955461	0.07917192404	0.04917437844	0.0615798366	-0.02314349821	0.08807537503	0.05215043878	0.01767918327	-0.3117101582	0.029826292	-0.005306897607	0.005034038548	0.06203912269	0.03974970225	0.04546258944	0.0189319845	0.06801857247	0.1333018776	0.07990361159	0.05005236362	0.1198236636	0.08197631083	0.06025504261	0.1152678933	0.018150666	0.07564527367	0.08239756149	0.07862950456	0.09075699154	0.1253910959	0.06534100205	0.01542807514	0.04447878035	-0.04147305899	0.02271666724	0.002885498391	-0.002356186178	0.04406208557	0.03802275829	-0.0357076288	-0.02746760208	-0.01711264699	-0.006214972416	0.04495676766	0.03506896101	0.06232970258	0.136084284	0.03103454418	-0.06637869212	0.118848986	0.05736660446	-0.02586370027	0.0824768594	-0.1020678655	-0.0149463071	0.0737313938	0.05241900199	0.02047424435	0.1070819831	0.1140204289	0.1790785477	0.09930705839	-0.03755957467	0.05284174614	0.1425127167	0.1581749922	0.06527515918	0.03777009728	0.008042629686	0.08297935234	0.04788748778	0.08548698797	0.08317745972	0.1362996314	0.1259224077	0.03533043478	0.07697215981	0.1021182238	0.04838582318	0.04448911105	0.02087534428	0.1853792188	0.1187195576	0.122988899	0.007794564786	0.1282910009	-0.006023751975	0.03772879045	0.07751551994	-0.03191878804	0.01538564869	-0.05526225731	-0.106719827	0.03765076065	0.08264287215	0.1157653332	-0.001648815999	0.1565609819	0.1181132783	0.008525400414	-0.03796700505	-0.3422612074	-0.2419189097	0.116443038	0.07301034051	0.07121187403	0.06465976924	-0.0957312588	-0.003118542726	-0.002468927684	-0.367347791	0.03943608899	0.04719134065
0.07148223282	0.1426929616	0.1140254858	0.1454603071	0.0685274839	0.04301081502	0.05043718763	0.09322651757	0.1265635618	-0.4048143149	-0.3803635494	-0.3905056324	-0.3677510506	-0.3609963539	-0.35579431	-0.3642609862	-0.4013601174	-0.3910620264	-0.3391070431	-0.3761451711	-0.05276687685	-0.03455534354	-0.3267886041	-0.1028411254	-0.09386298833	-0.36706909	-0.3622821332	-0.3558969411	-0.3628564688	-0.07409318969	-0.3662253233	-0.07271810094	-0.0425743397	-0.2400289186	-0.07150972128	-0.3613639424	0.1038527674	0.1076815921	0.1297788673	0.02070592435	0.001696035922	0.103914674	-0.4107793714	-0.05758590723	-0.3793267626	0.04655172333	-0.04286627512	-0.005847164785	-0.08400231725	-0.03149681791	-0.04787747288	-0.05669410983	-0.3684566867	-0.3544141511	-0.3430941375	-0.08362749534	-0.07967299725	-0.02134639147	-0.418185379	-0.4084540656	-0.4007366088	-0.0129420897	-0.3623052789	-0.03748020237	-0.0383071471	-0.04448763228	0.04654419285	0.02478708428	0.1108364163	0.2048439105	0.1435308748	0.101250819	0.1010096089	0.4794838373	0.1180310368	0.1208934927	0.01233945837	-0.02292430193	0.1981242865	0.1141692508	0.02630170727	0.04808091456	0.05808989456	0.02011011344	0.08791463025	0.1176436249	0.06011532212	0.04733541792	0.09927156575	-0.04148662661	0.01195798204	0.0634140854	0.002972903906	0.1244905355	0.05950139656	0.08746475806	0.08703924784	0.141186233	0.08473660483	0.0689038939	0.124485756	0.131287436	0.06726349527	0.05107200504	0.08503354838	0.1056084436	0.07855746842	0.03316115722	0.07629997423	0.05131439135	0.1891203226	0.1100617697	0.08514026305	0.05442247997	0.06357564021	0.1632781862	0.09892095658	0.0710980737	0.05854720379	0.05095967947	0.1135397138	0.04416126444	0.07357304494	0.003143814482	0.06442328707	0.01742153092	-0.4009820147	0.1453629914	0.07522201531	0.03732162959	0.1363362082	0.09692605062	0.09502929776	0.09624379802	0.0986051023	0.1931066938	0.05674373796	0.08390638786	0.07729908566	0.08050734344	0.01705907832	0.06819642185	0.135745758	0.02771605131	0.07357861993	0.05762686513	0.1315206494	0.064955717	0.05804204819	0.1322973212	0.1288556845	-0.01330808398	0.01123499277	-0.01460780211	-0.01913175058	-0.02000004981	-0.02044896332	-0.09105235478	0.006166372972	-0.06123077938	-0.05588115719	0.04567908506	-0.003665097921	0.147709595	0.2151028774	0.1106386779	-0.09283525691	0.06643246837	-0.01017249557	0.01088085146	0.05181975354	-0.07878231893	-0.02898456885	0.0822427974	-0.01633534064	0.1085095331	0.0692194915	0.138825794	0.1692396592	0.05141790533	-0.02183145739	0.08700020205	0.1154241266	0.1096459211	0.03565207317	0.09433844906	0.05013159783	0.1111721877	0.1098669413	0.1341970793	0.08213150749	0.110724727	0.07456334792	0.05362089905	0.08975292509	0.1200622314	0.07400064576	0.1275106309	0.005721756077	0.2059202049	0.06216533436	0.1342493168	0.1150456779	0.1969554773	0.007142766006	0.1122072965	0.06038604993	-0.03907173971	0.02959268389	-0.03697082827	-0.03651655662	0.09446200729	0.09374798212	0.07761723238	0.03183969806	0.1177212278	0.09647397279	0.1364254471	-0.05389035443	-0.3454111224	-0.2491930673	0.06334978637	0.05874303503	0.1071685629	0.1086378698	-0.06724545891	0.02115056092	-0.007607231079	-0.3541275525	0.1658161121	0.07016034901
0.06983370253	0.0856693046	0.1276833394	0.08980245531	0.05958137946	0.05095189957	0.05568814058	0.0956298861	0.2678927262	-0.3744478255	-0.3585627639	-0.3580136506	-0.3476228303	-0.3455917555	-0.32911837	-0.3602080603	-0.3720890921	-0.3600501954	-0.3455921678	-0.3702964084	-0.05145178099	-0.08966243365	-0.3278768986	-0.1002083911	-0.07369573632	-0.3495313756	-0.3415593219	-0.3483097422	-0.3443090233	-0.0941588195	-0.3455862358	-0.05675852404	-0.06522163457	-0.2379908053	-0.076535232	-0.3456967687	0.1146829601	0.1512303861	0.1558348097	0.06842634097	-0.002194448504	0.09431238734	-0.3839860211	-0.05833679301	-0.3613793675	-2.033112264e-05	-0.03775904478	-0.007570359533	-0.06228154382	-0.0510346938	-0.0511341843	-0.04806966046	-0.3480384411	-0.3355422244	-0.3273502143	-0.08315320394	-0.07141412571	-0.06609614925	-0.3946783953	-0.3881443557	-0.365855574	-0.04881122642	-0.3424800379	-0.06395691632	-0.05464943672	-0.03514619059	0.07013977835	0.002868196539	0.09198036972	0.1094639224	0.0588934391	0.07654918318	0.07654535738	0.1180310368	0.4925301025	0.1503967342	0.1578464119	0.08253192373	0.1061119069	0.1697326094	0.03329542765	0.0755213499	0.09063508885	0.05883668403	0.1545212659	0.07840461089	0.07740187804	0.1145503587	0.02660708369	0.02764285243	-0.006234733756	0.03299975783	-0.04210557293	0.1507419844	0.08095443108	0.003202204495	-0.02031064018	0.0319318582	0.127737036	-0.007544404608	0.06663542961	0.1249995402	0.06117592618	0.07630101821	0.1202060197	-0.006986945258	0.03137060202	0.1127124196	0.07700117635	0.07860900146	0.1031351533	0.129651962	0.1456556224	0.0991409646	0.1400688676	0.08323238874	0.02919953417	0.07358746932	0.1463801097	0.07332282236	0.012441533	0.08556285533	0.01266949213	0.006661562775	-0.01895710701	0.1143504211	-0.3747119381	0.08071719042	0.01698727897	-0.007842889592	0.005760735436	-0.01250002848	0.00259588465	0.09307611934	0.07108258092	-0.02304394337	0.03276587376	-0.02167253705	0.02768229586	0.1713719696	0.01338569917	0.07220031292	0.07131809957	0.2032387698	0.168845365	0.1564718017	0.1151479241	0.1046976194	0.04272655847	0.08780649112	0.1545447414	-0.008885883423	0.04114698628	0.05645063168	0.0138858534	0.006576393013	0.009030947434	-0.02594185009	0.04115340149	0.009158972919	0.009858157093	0.08014812819	-0.007777795548	0.1863840351	0.1585452595	0.02850873697	-0.09024428576	0.002095414308	-0.0194887007	0.004230377456	-0.01702556959	-0.03007042887	0.05889699633	0.09422760195	0.03745786951	-0.001923928325	0.02624726024	0.01168504658	0.06897573264	0.04134048106	-0.04292073723	0.05072859106	0.05676819307	0.06134751679	0.1628032788	0.02891249577	-0.01212954137	0.05381743822	0.1267635867	0.158561081	0.03254996618	0.1723246517	0.01656570095	0.04847033852	0.09188514312	0.089433393	0.1543083909	0.1270778002	0.03337810048	0.3099418709	0.2567020972	0.261700594	0.184975874	0.2812819308	0.01753355729	0.08723174053	0.08974412588	-0.04243999619	0.001197776402	-0.06442719387	-0.05208512756	0.1407442455	0.1595397622	0.07694927557	0.02464443427	0.02651028208	0.002699183408	0.08449207009	-0.09227959302	-0.3483200336	-0.2402257637	0.05010393445	0.07876828102	0.1069683004	0.1548592561	-0.04812169823	0.08976129849	-0.05733772762	-0.3525141486	0.1308369241	0.07409299654
0.1940923445	0.09213799816	0.165281448	0.1554717538	0.08805738268	0.06866329742	0.1201057641	0.1257390504	0.1515525959	-0.4091190688	-0.3890418112	-0.3956618689	-0.3738411697	-0.3591578584	-0.3615816622	-0.3710692711	-0.4025486904	-0.393603282	-0.3597548307	-0.3791205162	-0.04554330944	-0.07630446025	-0.3503999928	-0.1056121839	-0.08887272995	-0.3697478352	-0.365627509	-0.3620234086	-0.3627920281	-0.09146148711	-0.3642023323	-0.06867595618	-0.0412337799	-0.2597448286	-0.06485675129	-0.3633048493	0.1528595248	0.1852180968	0.1954962902	0.08322885634	-0.002120120916	0.1414286348	-0.4161669124	-0.1002907	-0.382391947	0.03518430423	-0.05280410114	0.002615478245	-0.09393112022	-0.04180806554	-0.07046893496	-0.04840585815	-0.3661314023	-0.3546848487	-0.3459659062	-0.09518496613	-0.0857120314	-0.03435996562	-0.4161266254	-0.4111539615	-0.4029070517	-0.04996326523	-0.3617922023	-0.04682912215	-0.04889483335	-0.03410384588	0.06546704962	0.01418254225	0.1460950529	0.1516339295	0.09244818522	0.07714044421	0.07721931862	0.1208934927	0.1503967342	0.3873788444	0.02027327968	0.01573348877	0.1484390474	0.1749326383	0.06667295881	0.06332374908	0.1880024289	0.05224469645	0.1256685815	0.2264730572	0.1303631952	0.01121718783	0.1186226685	-0.04958585173	0.1664326716	0.04757180977	-0.04586634112	0.190468025	-0.01445920417	0.05925251089	0.02291795097	0.1551606795	0.1942593041	0.005103477563	0.1529300005	0.1581404346	0.08662659838	0.006131175213	0.1126525591	0.0575458432	0.09280573491	0.09608481314	0.05253715527	0.1000557563	0.1631577495	0.1488276847	0.0894733457	0.228036216	0.2323208966	0.09503639652	0.01901412649	0.130097699	0.1611466952	0.01705486386	0.1051755666	0.04508508457	-0.01328307864	-0.1007804255	-0.01777551905	0.05050073649	-0.4062875379	0.08499425207	0.08951317333	0.05672798858	0.1326203041	0.03890339167	0.09921535702	0.1812687903	0.05608446221	0.0244439905	-0.06437341828	0.02373786005	0.07765312543	0.06276102263	0.09033256239	0.155488993	0.08523260969	0.1199403697	0.1969192092	0.1745167567	0.1647386396	0.1100268581	0.1325801616	0.09883712423	0.09451532507	-0.002844186992	-0.01204779398	0.007001909762	-0.048618463	0.01958288626	-0.0547601987	-0.106302276	-0.03447052063	-0.02657951702	-0.04603021824	0.06816290441	-0.0303942774	0.2640270605	0.1381967787	0.1127244891	-0.1191654883	-0.06340214135	-0.1409983349	-0.1001444701	-0.09228819821	-0.1339684019	-0.05149675206	0.09766417162	0.0186342053	-0.01736052389	-0.07723145886	0.004532032733	0.0759322381	0.1233646873	-0.03684469221	0.1728968267	0.03984347527	0.06300521826	0.0350419287	0.07262006107	0.04750150469	0.134490839	0.1798467386	0.2930804692	0.1514548851	0.1695450523	0.02432231129	0.005434474286	0.05745518657	0.06831104929	0.06868958628	0.1004305245	-0.02011120313	0.1443773355	0.07504166029	0.06569234934	0.07125007219	0.1325717137	0.0633282162	0.06228847864	0.1162195963	-0.03009815177	-0.01196042916	-0.040259818	-0.06882494161	0.1569937789	0.1685673495	0.1757718165	0.02134825624	0.08575919964	0.09341098107	0.100228798	-0.08624190815	-0.3666741134	-0.2575534855	0.03246706264	0.05033571874	0.1160016505	0.2640344583	-0.07529559828	0.1105851707	-0.00810126464	-0.375061515	0.1248035687	0.06516097212
0.01155315073	0.08780052615	0.01459868872	0.01073411749	-0.005393572171	0.06887439966	-0.00627240212	0.01208803598	0.1849675959	-0.3266180451	-0.3121505148	-0.3097676909	-0.3033446123	-0.2985031173	-0.2866907056	-0.3206997442	-0.3229455098	-0.3077032681	-0.2654602704	-0.3303467387	-0.00960509937	-0.04063918424	-0.2803383525	-0.02702219489	-0.001713667545	-0.3061759734	-0.3015922968	-0.2957064325	-0.2994855173	-0.01257372791	-0.2971379476	0.00652462203	-0.01039538583	-0.1839762437	-0.02288328381	-0.2942353509	0.0443576481	0.02312462756	0.03763893971	-0.01453984691	-0.004337840419	0.004319614839	-0.3147473962	-0.007739405353	-0.3088793076	0.03050726713	-0.02473896383	0.02825512048	0.011349352	-0.05513074046	-0.006043749105	-0.01063744713	-0.3144998899	-0.2926969236	-0.2861865221	-0.01510310563	-0.002983876788	0.01259683047	-0.3190771165	-0.3357356406	-0.3220720023	-0.03483630375	-0.2989959547	-0.01074918488	-0.03344121441	-0.001420190747	0.121566708	0.04102836365	0.01529687411	0.02682450717	0.04120770058	0.04093349459	0.04104679284	0.01233945837	0.1578464119	0.02027327968	0.6958830142	0.08746693866	0.08064530785	0.05187796894	0.08799196198	0.1298899191	-0.03234010849	0.1081881225	0.06275461768	0.00595305717	0.03918102219	0.05047568543	-0.02042644297	0.1556754937	0.007292370025	0.04319451814	-0.00378962035	0.04041970577	0.01739596863	-0.002187458098	0.0005386125507	-0.0149613592	0.01870949957	0.03936146796	-0.06035720479	0.08418144286	0.1506862311	0.118124933	0.2589591614	0.009638225405	0.02152202638	0.1221766628	0.09221104653	0.04134322141	0.02054973951	0.01302037049	0.08221487802	0.03249573923	0.06397245329	0.08007940665	0.02511702123	0.03922587738	0.05201470762	0.05098884694	-0.02360384786	0.2650126813	0.01335169983	0.1112013083	0.1123429538	0.122207814	-0.3078758498	0.02433994296	-0.02440865259	0.06453629648	-0.05648632613	-0.02318326813	-0.04434531276	0.03070187813	0.03070180414	-0.08368583143	0.05051865323	-0.0009526108964	-0.02232084945	0.178357177	0.06437155901	0.0319134523	0.001740588738	0.1851897561	0.02964932368	0.04095299429	0.009743075281	0.1194364484	-0.002099590657	-0.01891419505	0.0864192279	-0.04918141753	0.0999636739	0.07165892418	0.08509235249	0.02872927262	0.1498466553	0.1526227384	0.1421636878	0.1025512995	0.1091998797	0.2451669989	0.07425414528	0.02920184405	0.05719419233	-0.0323011774	0.1039043071	0.03863035773	0.02466895272	0.06362822714	0.02567020512	0.1439956074	0.1714643258	0.06694017594	0.04197358485	-0.004669126479	0.04818279763	0.02517430688	0.02893793163	0.09499073633	0.01927546614	0.03215105537	0.006015762012	0.00619987439	0.1900148836	0.1411170754	0.02208285061	0.04875964507	0.03567546153	0.05984725937	-0.06104676143	0.04917408056	0.06382789789	0.06245043399	0.0915283527	0.0248814819	0.1320881421	-0.009508622289	0.08807015595	0.1120655985	0.128580417	0.1382194283	0.03501736552	0.1208927858	0.004149714562	0.04970240878	0.03905714615	0.003951455805	0.02090433886	-0.01505290527	-0.02567836191	0.06804473074	0.07351483533	0.03912717034	0.1218449027	-0.02025610164	-0.02834619863	0.00658938859	-0.0454163282	-0.3034595303	-0.1948188355	0.1449544856	0.08503356782	0.01403257745	0.04953631668	-0.004471887954	0.1251915581	-0.01049102301	-0.2830377822	0.05577793773	0.1267288653
-0.01131748613	0.05927482703	0.03124459306	0.05649994925	0.02012361518	0.02935586158	0.04745835836	0.0333796243	0.1024748823	-0.3245975597	-0.3658047675	-0.3610300655	-0.3522904716	-0.3050124134	-0.3109509783	-0.359016203	-0.316747532	-0.3635193691	-0.2869197517	-0.3151821762	-0.06374425256	0.003370345519	-0.3016328511	0.03832850957	0.00437229107	-0.2684429425	-0.2631870525	-0.3082544618	-0.2613447706	-0.01554382853	-0.265591688	0.05632561534	-0.04974990922	-0.2122756073	0.006457160253	-0.3184911916	0.004664537921	0.00563960554	0.03523013571	-0.005964242318	-0.007927929405	-0.007024327154	-0.2770992702	-0.04179252693	-0.2849023467	-0.04800485628	-0.01790134608	-0.01026117579	-0.02788944816	-0.0636508245	-0.02626751644	0.08536394669	-0.3239428316	-0.3095470441	-0.2986271136	-0.01474894054	-0.00579179354	-0.04404725431	-0.2795637133	-0.3024760191	-0.2861603239	-0.01585772564	-0.3012407718	-0.04764984329	-0.03354848776	0.04463695872	0.09586443013	0.08463835969	0.03857335367	0.03498086441	0.06383353627	0.09050385285	0.09074676869	-0.02292430193	0.08253192373	0.01573348877	0.08746693866	0.6684648079	-0.01368411271	0.03329169493	0.00304942263	-0.003903468464	0.08894328913	0.08862250676	-0.0072540498	0.09806480001	0.1345937751	0.07987747933	-0.02929901654	0.02825599814	0.05833025271	-0.01310253032	0.04445129211	0.03641741614	0.05872175969	-0.01177634464	0.01838601589	-0.03507742735	0.09390075376	0.2875241599	-0.03133109496	0.116445591	-0.0007205609593	0.3223960778	0.03775302603	0.01132233725	-0.01448199264	0.04997637501	0.0587145192	-0.02959913544	0.02297700855	-0.01280808104	0.03703625641	0.02250709829	0.004831584601	0.08708055957	-0.02641566652	-0.05075426413	-0.01018082727	0.06784674993	-0.02371205829	0.07768372323	0.1939409211	0.1567231948	0.2034159641	0.0475434412	-0.2714580172	0.1264212138	-0.007973599026	0.01402197031	0.03926844064	-0.01090770244	-0.03198189746	0.02455887512	0.02741471942	0.04634627577	0.1740823769	0.0166642441	0.1032832554	0.08317263024	-0.006407959677	0.03131225665	-0.02345087264	0.04609090994	0.008873354048	-0.0110632016	0.03198487303	0.04107803395	0.02188933504	-0.01121009554	0.1317923849	-0.00947078083	0.1058131681	0.07344596766	0.08229614958	0.04430702966	0.08030413676	0.06988516579	0.07631366589	0.06477712816	0.02296495912	0.06523315795	0.1397529141	0.003387049881	0.0346775778	-0.07414337841	0.01999320196	0.2085124482	0.1844208356	0.1262369611	0.1759103959	0.0308843502	0.2380361062	0.135803509	0.09291866834	0.1836799347	0.2065807871	0.1097760329	0.1301543637	0.00112256923	0.01722931528	0.01231687107	0.1413049652	0.1999215832	0.2051617203	-0.03805725166	-0.03577333675	0.01192114144	-0.002067919697	-0.0006066869624	0.09491212124	0.06490467174	0.1234315117	0.0975642675	0.04513415437	0.01478739715	0.07337872271	0.05017126712	0.1392979872	0.02583512031	0.1863003103	0.1624434866	0.005277107253	0.03092225497	0.003403673015	0.003756618906	0.02873805402	-0.03468215452	-0.05033312553	-0.02079870981	-0.04954203156	0.006903842979	0.04743437768	0.01847426003	0.02544626438	0.1586625086	0.01749014615	0.003201762797	-0.01114841094	-0.3721462964	-0.2169531073	0.2548158388	0.2291401574	-0.02167939577	0.0193764357	-0.02824889599	0.09827448275	0.01780756316	-0.3478122239	0.04648325768	0.06224419637
0.1031473609	0.1063352426	0.1215721117	0.1197181266	0.05933592562	0.1824407009	0.08771218423	0.08151238344	0.101266781	-0.4064265165	-0.3848589255	-0.394827557	-0.3762013122	-0.3639872292	-0.3615309991	-0.3705846235	-0.3989434374	-0.3979905498	-0.3577623707	-0.3772153718	-0.06942925738	-0.09222356951	-0.3553870985	-0.1080502645	-0.09274069039	-0.3777460558	-0.3750912784	-0.3573265857	-0.3665837051	-0.09362106058	-0.3698852096	-0.09057577314	-0.07053456034	-0.2484948184	-0.08926399905	-0.3614022278	0.1298197947	0.1125728835	0.1242011155	0.02884323115	-0.05949061749	0.07825167736	-0.4106638504	-0.07918640726	-0.3825065823	0.02584541441	-0.04939877759	-0.01478242589	-0.1099756742	-0.07988441956	-0.07329867717	-0.07198898429	-0.3668358993	-0.3634154546	-0.350972577	-0.1058267966	-0.09145945345	-0.06507412767	-0.4204460244	-0.405192164	-0.4029463028	-0.03128921288	-0.3644487729	-0.06819642794	-0.0698618861	-0.06010270256	0.05079445004	0.001065071502	0.08567976814	0.1853779347	0.1439908449	0.1503144363	0.1495271278	0.1981242865	0.1061119069	0.1484390474	0.08064530785	-0.01368411271	0.5942559501	0.1130778813	0.0002052078253	0.04116490823	0.09666393062	0.06254025767	0.1070935018	0.1149231474	0.02308423611	0.009205630682	0.0441063746	-0.07053065172	0.06946606138	0.009929809009	-0.03486630456	0.126285208	-0.005222031478	0.01051310149	0.01023330213	0.07784302049	0.1169176801	0.01748672631	0.05830537673	0.1373264746	0.07439877356	0.03760088711	0.07472751832	0.004773207701	0.03398770881	0.1222386109	0.0599929336	0.2862726891	0.1573366202	0.06329766883	0.1168460065	0.1336364102	0.1571837396	0.08621086271	0.06657058035	0.2987133874	0.2813216962	0.004992464212	0.04084518014	0.2674047915	0.1803620166	0.2070692764	0.08526319078	0.0916278164	-0.4009460769	0.2668545475	0.02372148453	0.004043606442	0.0760007327	0.0164217783	0.0487780003	0.09976111145	0.08974906996	0.02785504024	-0.06109544921	0.01102360963	0.0159250385	0.1067585858	0.08388701764	0.1241721264	0.07032415175	0.3001964251	0.3096864549	0.3079080212	0.1194370457	0.08639586182	0.06742541686	0.05353534031	0.08627829939	-0.04351236423	0.03106988296	-0.02055010483	-0.01532017436	-0.01327637244	-0.03541721233	-0.08258263421	-0.008933858796	-0.02247543479	-0.04895701367	0.09809310892	-0.05472519397	0.1337569199	0.1991047468	0.05679570938	-0.1061967752	-0.03266320595	-0.1220372388	-0.07327607894	-0.06009051577	-0.1367636414	-0.03025043409	0.1240422056	0.01076814056	0.02232899745	-0.04919713308	0.05669786918	0.2649191871	0.1090387146	-0.02687664668	0.1295969	0.04729362163	0.07712866874	0.06868213774	0.1325072131	0.03758082088	0.1291984907	0.2881655151	0.1547771829	0.06190429964	0.1596022654	0.04922946057	0.06028354875	0.1155406763	0.1333836908	0.1117607031	0.08820771103	0.04620764471	0.1636738839	0.06876303955	0.08309929006	0.2182359901	0.1770563823	0.01059455126	0.09532915457	0.04848096586	-0.02899672161	0.03308491712	-0.04363059027	-0.09621497604	0.276121417	0.1233893777	0.2461705331	-0.03438734107	0.06913420662	0.03142788437	0.05603541338	-0.1175107249	-0.3636082654	-0.2527384098	0.06576224304	0.05020461114	0.07864978357	0.1279628034	-0.07665564361	0.06496201556	0.003621004182	-0.3814605134	0.08806506217	0.06100284235
0.09816944059	0.1234811366	0.1649854133	0.207996771	0.08682386701	0.08963217603	0.11358765	0.1517246229	0.1541103286	-0.4064812769	-0.3870157627	-0.394021203	-0.372158624	-0.3650682377	-0.3677891525	-0.3815999252	-0.4027349867	-0.3925960085	-0.366157822	-0.3878126148	-0.0237691009	-0.04699695276	-0.3550104334	-0.09421081801	-0.06724666276	-0.3782664265	-0.3755989998	-0.3712326871	-0.3709229954	-0.09081287587	-0.3654617336	-0.08061534721	-0.003531930168	-0.2590515062	-0.07817956948	-0.3652895513	0.2370000188	0.2337888764	0.3221340824	0.1566340042	0.05693367937	0.2170414798	-0.4165504658	-0.08607841716	-0.3940062129	0.07060380266	-0.05736534875	0.09008051513	-0.09190075777	-0.05930674875	-0.06137413373	-0.05099487418	-0.3755440368	-0.3597208568	-0.348180734	-0.08100012034	-0.07289556572	-0.01703139464	-0.4052416856	-0.4115645371	-0.4070473625	-0.05095795027	-0.3717762991	-0.05618861839	-0.05113441548	-0.02405945968	0.1191596624	0.1035941923	0.2222964926	0.2120002897	0.1141784069	0.07495004205	0.07471898343	0.1141692508	0.1697326094	0.1749326383	0.05187796894	0.03329169493	0.1130778813	0.4124103778	-0.04313608122	0.001024602555	0.1395521608	0.01199226491	0.1387047258	0.1012719413	0.05196034353	0.0198466612	0.04318330437	-0.06178693539	0.02833549418	0.05016398516	-0.03475456172	0.3169676598	-0.01171993753	0.020244215	-0.001507707992	0.05413432876	0.1736816524	0.03155953571	0.07581509486	0.1638330829	0.1265577705	0.04790100558	0.07924667335	0.05179504844	0.03827113293	0.133100064	0.04388699533	0.05800730225	0.1831597069	0.1900804864	0.135031862	0.08449046218	0.1477363951	0.0761142915	0.06231140415	0.07817828959	0.1590570997	0.003517650238	0.0215207711	0.04666834091	0.03338245349	-0.1073951081	0.01603072868	0.04054184435	-0.407018991	0.07555200685	0.04065697979	0.01241092741	0.01203674795	-0.001850244762	0.05508583653	0.07289876723	0.09394177783	0.04174488076	-0.0160524259	-0.0006143570197	0.02050569114	0.03497561871	0.04971334097	0.0900852295	0.04253894756	0.1581079671	0.1969334154	0.1600271998	0.2579288274	0.04962005822	0.1037011181	0.05588331798	0.09425030243	-0.0498950448	0.02301296774	-0.01769947008	-0.0361178135	-0.008783688338	-0.05939501439	-0.1184023172	-0.03914995457	-0.05281112883	-0.0353343973	0.08307135481	-0.06442841276	0.1469355744	0.1707677074	0.06230180387	-0.1401299075	-0.01164410752	-0.08966808174	-0.05197279827	-0.04795972813	-0.143776142	-0.01897972116	0.1551320317	0.02847920512	0.02764603119	-0.02988627783	0.04941894118	0.09623510419	0.1121813176	-0.02366342292	0.07821597139	0.08393221342	0.1128660765	0.0915592819	0.08739576073	0.05754740652	0.1453635047	0.1730129936	0.1424327295	0.05158974457	0.1749056751	0.05273799409	0.08220858947	0.05949419701	0.09141424926	0.1072837662	0.1546128526	0.03449160924	0.1635487871	0.09737908006	0.08911097523	0.06574231912	0.152834247	0.08584426673	0.09608343448	0.24227697	-0.01605013334	-0.003482638979	-0.06232515263	-0.03988185501	0.1572719056	0.1812203888	0.05411002575	-0.02447003347	0.1037413107	0.03709458443	0.04559864252	-0.03626076053	-0.3789716645	-0.2516636653	0.1175058788	0.08093251702	0.2016648484	0.1492299051	-0.07603823143	0.120437348	-0.009049068655	-0.3731430237	0.1890302898	0.06694268106
0.06717094778	0.01629312919	-0.01663324411	-0.03209452266	-0.03515765461	-0.02747236588	-0.005020639496	-0.04795118935	0.07380344995	-0.2832051097	-0.2649854599	-0.268490863	-0.2749009627	-0.283340615	-0.2555678313	-0.2860768404	-0.2785509694	-0.3040705317	-0.2084947593	-0.2962085022	0.007798211128	-0.04535673699	-0.2058656883	0.07986483123	0.08652508516	-0.2986163634	-0.2941032015	-0.2898755638	-0.2808423702	0.09515997608	-0.2851208671	-0.06134971758	-0.08896961156	-0.07792737695	-0.07773207014	-0.2803245536	-0.03751380929	-0.0466932603	-0.0524092859	-0.07488693632	-0.07294049476	0.01043669595	-0.2850729085	0.09415474685	-0.3046895731	0.01971923643	-0.07234555968	0.001337229866	0.06938584027	-0.02537700941	0.07677111122	-0.06964699701	-0.2936896756	-0.2676806831	-0.2980665119	0.101543828	0.1184444927	-0.009570578858	-0.2733470402	-0.2715387088	-0.2410790439	0.03157736404	-0.2735645285	-0.05714272054	-0.09107844233	-0.0596245721	0.03414463562	-0.04967907561	-0.04933175544	-0.03280645986	0.003473469484	0.00978300715	0.009583546484	0.02630170727	0.03329542765	0.06667295881	0.08799196198	0.00304942263	0.0002052078253	-0.04313608122	0.8332253607	0.3610002828	0.1454405856	0.04158762995	0.02393058258	0.1105305911	0.0125598247	0.09042694912	0.2003568225	0.403362301	0.1428987141	0.1624843574	0.02964467604	-0.04738743044	0.2160378199	0.2122218802	0.149215327	0.2903638438	-0.02183767408	-0.04407531786	0.1353680652	-0.02620409925	-0.02804226847	0.03957295944	0.01083757454	0.1431214076	0.2320738636	0.01111114557	0.002823634037	0.08560811811	0.007837912988	0.01180048294	-0.03935494002	0.07215878383	0.08439115905	-0.0118811642	0.1003698917	0.02321376073	0.03871207972	0.1464398964	0.2399271111	-0.05062824046	-0.004167731326	0.1168624367	-0.009374669813	-0.04722089348	-0.279318404	0.007527078456	0.2753660355	0.2651620838	0.2616680984	0.1999920628	0.2020226435	0.1328780143	-0.07584776573	0.0006081239999	0.02863193053	0.1395727864	0.06411125946	0.0878879759	0.09972941583	0.03464285053	0.149339195	0.06202616675	-0.04137137338	0.03244142525	-0.05730350982	0.1014523794	0.02792782847	0.09267072832	0.07560741121	-0.06677177448	-0.01056736278	0.0348515149	-0.01816439024	0.01353254711	0.02263666286	0.0167795148	0.008739273293	0.02094210251	-0.009822710604	0.08683836034	0.08919351742	0.08070213893	-0.03944807923	0.1724174884	0.1187105766	-0.02512981097	0.004779581133	-0.0002443215631	-0.04609556286	0.05371452681	0.1028664378	-0.03509623218	0.04842274411	0.04499091057	-0.01015911729	-0.01559724782	-0.03493100363	0.04811858167	0.1495069179	0.02667674794	-0.06174898133	-0.04911783209	0.03377178896	0.03028078027	0.03414379495	0.02383190426	0.02734902368	0.08798173225	0.1409441278	-0.04008673849	0.02505487708	-0.05928087286	-0.04935309288	-0.02526273811	-0.0136508977	-0.02639292776	-0.02549598111	0.05964775729	0.00328787518	0.05615063672	-0.008354348284	0.05741342257	-0.03394068261	0.1008423837	-0.05649657381	0.0354117416	-0.02644371464	-0.04315240923	-0.001234676372	0.01122882875	-0.0326060534	0.114108048	0.3853716174	-0.02477080123	0.1517455486	0.1638242939	-0.03574968232	-0.2417624203	-0.08783219002	-0.06135574411	-0.04645887104	0.03789250942	0.03324916597	0.001257152733	-0.01217492363	-0.04296376543	-0.1699993958	-0.04032492254	-0.03320777576
0.04080281255	-0.04629810185	0.003673641332	-0.01552844161	-0.02846961893	-0.07336951386	-0.02668217301	-0.03021450328	0.07862339143	-0.3324834193	-0.3160411269	-0.3170056297	-0.3237845744	-0.3042466853	-0.2807542907	-0.3410839539	-0.3288710113	-0.3192173989	-0.2466526542	-0.3509502472	-0.02496711182	-0.05048537879	-0.2268718056	0.01977321388	0.0499008587	-0.3083242316	-0.3084105047	-0.3090154571	-0.3065068934	0.02294303045	-0.3040972905	-0.09046827807	-0.1024494577	-0.130134419	-0.1059715076	-0.3078148886	-0.008255698226	-0.01523926596	-0.02248384754	-0.03636510416	-0.07529582345	0.03871476943	-0.3379815466	0.03247229985	-0.3308780285	0.03783779268	-0.08080333149	-0.06433590001	0.01904819225	-0.03470488122	0.04249776351	-0.07835729679	-0.3086855422	-0.2962778653	-0.3200716021	0.02131652767	0.03065766598	-0.0113515326	-0.3452772086	-0.3448217412	-0.3212839125	0.03531980817	-0.2996213804	-0.04336627761	-0.06341138644	-0.0521612563	0.01631907327	-0.06554451662	-0.03888866685	-0.02648685631	0.03167328653	0.05914007576	0.05917609948	0.04808091456	0.0755213499	0.06332374908	0.1298899191	-0.003903468464	0.04116490823	0.001024602555	0.3610002828	0.7097313496	0.03210371973	0.02243912091	0.08770450338	0.06174796511	0.04755352153	0.1815638422	0.1480465155	0.4960860057	0.06320351252	0.3264457311	0.04694298625	-0.01742060644	0.2705039743	0.2830649468	0.1941251092	0.1738722145	0.03097016174	-0.07170468872	0.07565127843	0.06071060374	0.01683834631	0.02632218089	0.04535139708	0.1086683558	0.3352360654	-0.04750633424	-0.05816750828	0.2032864502	0.03619964731	0.04111375185	-0.04504560479	0.141938199	0.08449966514	-0.02976775735	0.2725498739	0.09334916541	0.02540524563	0.2122550315	0.1732285158	-0.03547299941	0.02086609579	0.1838158262	0.01170704591	-0.0559412224	-0.3313433498	0.02425657519	0.2941937652	0.2258314307	0.1370914389	0.2133283178	0.1031714618	0.123120867	-0.07376568449	0.03051594487	0.0105833325	0.2044024533	0.1027107736	0.05009862953	0.08552539847	0.1139969961	0.2096028026	0.08635555103	0.03010637056	0.02784473039	-0.0179841671	0.2005783361	0.02441081029	0.1430293576	0.06977201343	-0.02303189586	0.06841884578	0.04959419964	0.04136332285	0.009419066121	0.07640079757	0.05624236978	0.07234334335	0.01069859217	0.0452907796	0.06085582466	0.05872435672	0.04203515786	-0.0209021058	0.1142308875	0.03981715951	-0.03170600771	-0.01061001552	0.002695773664	-0.03202030999	0.07156667358	0.05776640009	0.04477038356	0.03046929381	0.06760019919	-0.02160547975	0.03472709709	-0.01751778779	0.08753770431	0.1384990523	0.1100107467	-0.05241162292	-0.04305554563	0.1130324911	0.05723042677	0.1575263237	0.04238884918	0.0009078359588	0.06084947784	0.0804127362	-0.01703409215	-0.0482848263	-0.07867293702	-0.05196838011	-0.06593857663	-0.05399245577	-0.0118750819	-0.05022801444	0.08997917139	0.0787750225	0.0290047397	0.1316535875	0.07183949942	-0.03301082041	0.08473136522	-0.05961752196	0.03536478708	-0.03100390791	-0.06968660854	0.01012452295	0.0002652892287	0.003023484459	0.07874110083	0.3387216697	0.01839231821	0.126823121	0.1930225074	-0.0543829031	-0.2533389633	-0.1527421616	-0.05568634318	-0.06177415307	0.04546555904	0.04193619481	-0.06418396273	-0.01310528744	-0.04181966035	-0.2493403095	-1.943802966e-05	-0.05909981022
0.1220273085	0.0471640664	0.1543104588	0.07995271945	0.03961537864	0.05243457637	0.07039664999	0.07534238499	0.0619859514	-0.3467665649	-0.3795240359	-0.3879002208	-0.3646334288	-0.3524180342	-0.3578308827	-0.363669246	-0.3404145308	-0.3851735276	-0.3534284289	-0.3163837513	-0.07982111016	-0.01630436276	-0.3434740301	-0.03187603784	-0.08948253356	-0.3134395047	-0.3073961609	-0.3585122246	-0.3002560056	-0.1008477941	-0.3023266533	-0.02710183337	-0.05866444591	-0.2694044767	-0.02734163826	-0.3560226555	0.1052961037	0.1410264522	0.1380103904	0.07211577258	-0.009827018215	0.09229440616	-0.3341699617	-0.1091094588	-0.3368566493	0.01167444732	-0.08351811336	-0.02561965055	-0.1044218683	-0.07952455625	-0.09384945265	0.002594537102	-0.3621808531	-0.3439307268	-0.3333092083	-0.1054243523	-0.09183400295	-0.07822282245	-0.3339807904	-0.3313943655	-0.3462260132	0.02548667464	-0.3591822114	-0.06888582445	-0.069053377	-0.06134357156	0.03280276879	0.08806825061	0.07541029057	0.1201624966	0.03306461982	0.1180317847	0.1179578386	0.05808989456	0.09063508885	0.1880024289	-0.03234010849	0.08894328913	0.09666393062	0.1395521608	0.1454405856	0.03210371973	0.4739352162	-0.003118636925	0.1374921328	0.2727040549	0.1651508934	0.02872536374	0.2161087295	-0.06425057274	0.1981337331	0.06606411884	-0.01469521212	0.1429766427	0.01116277758	0.07447078601	0.02499510357	0.2590238808	0.2523728275	0.07295022473	0.22433115	0.06014811238	0.02982301846	-0.01432607969	0.04289215126	0.1222018491	0.05137992976	0.102340679	0.0482578077	0.02400439376	0.1037236526	0.09424083955	0.06618047981	0.1461664471	0.1982715039	0.05279351211	0.01815961787	0.08001539435	0.1221914077	0.01854639775	0.1881631576	0.005687295156	-0.006119291728	-0.104878273	-0.004756931343	0.01839969611	-0.3260921181	0.03018784678	0.09604805703	0.06496708084	0.3349593891	0.1271909158	0.2257400201	0.1711098273	0.05128783495	0.08282536056	0.004834956028	0.0251521518	0.1898638428	0.001051861441	0.1151432554	0.1022812559	0.06547466076	0.1370393569	0.1365140286	0.1245613905	0.1123466206	0.07372319898	0.1426101398	0.08077893377	0.03416627573	-0.0690579315	-0.03161021363	-0.03674150935	-0.08244202069	-0.03510574427	-0.09792023284	-0.1195452746	-0.08034655889	-0.07666560451	-0.08073360533	0.001280124799	0.03068797533	0.1977088046	0.1091994171	0.202429102	-0.1335567618	0.01019544494	-0.04650434963	-0.08783787749	-0.01481954547	-0.1246966225	-0.03829455402	0.08824669579	0.01112347311	-0.0002204946971	-0.003046015874	0.09064330372	0.1371747381	0.1187917983	-0.007440276446	0.1005597074	0.1131256611	0.1364615105	-0.02097855294	0.04427776571	0.05949266404	0.1247058226	0.1589805989	0.1511310682	0.3259358169	0.1216537571	0.09052029327	0.02029625547	0.0246178155	0.102524317	0.07232820813	0.1108919402	0.02051947694	0.09588058408	0.01811686829	0.02068608698	0.03272177471	0.08529710338	0.02989685455	0.04635874333	0.05861668003	-0.03867350034	-0.02324898545	-0.04361914907	-0.08044943961	0.1631169077	0.09187083542	0.1720392925	-0.006612094312	0.1331298037	0.2159828295	0.08243488283	-0.03174867851	-0.3784073711	-0.2657271693	0.09925962007	0.1070901444	0.09442788364	0.1504076336	-0.08474505551	0.03892396851	-0.01798509823	-0.3874165257	0.1013806665	0.03520961865
0.05948654371	0.1157377035	0.02645432927	0.06299002125	0.103592712	0.05588083168	0.04188795383	0.0242856281	0.04999676377	-0.3166247471	-0.2996531744	-0.3046081905	-0.3012807179	-0.2754921347	-0.2562581836	-0.2874646563	-0.3121566021	-0.3229319056	-0.2717551743	-0.2958768468	-0.04579629003	-0.08977354499	-0.3124527289	0.00306722747	0.02537647493	-0.2838717355	-0.2865647673	-0.2574787153	-0.277302407	0.008410891457	-0.2819678324	0.0334036874	-0.0763339693	-0.1805676992	-0.002274791778	-0.265641813	0.009699334376	0.01387613377	0.0124752383	0.04466451767	0.01534056067	0.02153628209	-0.2680675185	-0.05084781834	-0.2761887746	-0.01488741507	0.03388813907	-0.03640505115	-0.04514274589	-0.03956153487	0.009313558126	-0.07355736171	-0.259243243	-0.2711792591	-0.2635896978	0.008863661656	0.01590377471	-0.03086199173	-0.3140690148	-0.3139807573	-0.2505722187	-0.06335137604	-0.2543773036	0.02768103039	-0.009132692501	-0.0590483964	0.07372653287	-0.01566494394	0.01231537764	0.02280513276	0.11921254	0.09238307106	0.09231954816	0.02011011344	0.05883668403	0.05224469645	0.1081881225	0.08862250676	0.06254025767	0.01199226491	0.04158762995	0.02243912091	-0.003118636925	0.6714202862	0.1040183087	-0.01147210826	0.005058686354	0.08654389294	0.02756440379	0.04321601823	-0.03029631231	0.02637920755	0.1144327376	0.01370370097	0.09878632036	0.04273200554	0.1098299828	-0.01952792317	0.06582598408	0.08658581464	0.07039147394	0.04634425366	-0.02512729875	0.07685844251	0.1199050112	-0.02756634873	0.06743353815	0.09186047518	0.06417639532	0.05118866055	0.03526978335	0.006973482537	0.1257436602	0.02039491558	0.04695934759	0.1084521859	0.05574394378	0.006336195583	0.05467449439	0.1139634805	0.01235580978	0.1697191296	0.04052290226	0.09583567472	0.04351413584	0.04818789147	-0.2623130106	-0.0280276937	0.05506627611	0.08428821558	-0.02920729519	0.05189668654	0.01818980531	0.006562664475	0.09240246251	-0.01542757957	0.03746949923	0.1123851915	0.02893339266	0.2154015657	0.09596237312	0.06932724775	0.03722665145	0.05230039302	0.05076987264	0.04460418587	0.00661315427	0.1204783353	0.06961802345	0.03132416171	0.03324822056	0.07321344998	0.1075167178	0.08987709303	0.1345018572	0.02693304659	0.1167407159	0.06456586017	0.1597050665	0.06606044878	0.1068961007	0.1656305711	-0.01397165549	0.02748951095	0.01517513073	0.006366191126	-0.0006558684697	0.06813102001	0.04768029205	0.06732442351	0.04789004482	0.02358562441	0.1450968388	0.03123053587	0.04188555536	0.0001272237334	0.07690891631	0.005075164708	0.03568947706	0.1002826531	0.1051429364	0.03105231993	0.09024072483	0.03413130551	0.1317697382	0.1228241525	0.02064808187	0.06195368694	0.009471846056	0.01992300639	-0.01371245437	0.06407927116	0.06219814891	0.02241839449	0.03471141006	0.0272632195	0.04894023015	0.02862172226	0.03355309837	0.05687922091	0.1010869416	0.115127512	0.0443797153	0.06241394589	0.009356476004	0.07026587004	-0.003972620903	0.01621922267	0.04782586488	-0.01807703969	-0.0261360018	0.0144173542	0.02952868959	0.03497933662	0.0530642871	0.03949352306	0.009144609889	0.02259859064	-0.09168942149	-0.3280227104	-0.1907070101	0.03522572451	0.06078907922	-0.008452340201	0.08417079252	0.02106042297	0.03641500544	0.03046570047	-0.3209807172	-0.003644738738	0.1044262092
0.07690531332	0.06567486219	0.1099781108	0.06097436062	0.02992520261	0.01424533684	0.0237758998	0.0648609219	0.1506358866	-0.3812501129	-0.3654174216	-0.3719936564	-0.3513696124	-0.3430299191	-0.3394884145	-0.3538897896	-0.3809533831	-0.3716422699	-0.3442041856	-0.3634038606	-0.06530293977	-0.08953681923	-0.3253869163	-0.0742304504	-0.05804096384	-0.3483501515	-0.3458257427	-0.351759406	-0.3478108431	-0.06377763692	-0.3483976513	-0.09089140919	-0.08012377803	-0.2428814398	-0.09791468668	-0.3479153258	0.08163111129	0.1261501239	0.1329691245	0.08415007866	0.00372785528	0.1059814475	-0.3941223949	-0.06960517593	-0.3685322332	0.02409464949	-0.04878235363	-0.01940132141	-0.05972145421	-0.06827751565	-0.0198320944	-0.0758137387	-0.3520901339	-0.3379322318	-0.3290880658	-0.06341735893	-0.05746460453	-0.06781767253	-0.4003331201	-0.3970391479	-0.3814230473	-0.04160194714	-0.3459083102	-0.03558215184	-0.04401793982	-0.05593097275	0.0599865533	0.03400095868	0.07907969247	0.0899242721	0.07522505487	0.06642525304	0.06633320992	0.08791463025	0.1545212659	0.1256685815	0.06275461768	-0.0072540498	0.1070935018	0.1387047258	0.02393058258	0.08770450338	0.1374921328	0.1040183087	0.4948444469	0.05569096461	0.05762194244	0.1518778383	0.1229885507	-0.04262629434	0.02800203414	0.07089356821	0.04875496296	0.1355616959	0.1332003796	0.1023335278	0.1301493487	0.06591142739	0.1551615344	-0.007837838638	0.1747794539	0.104780596	0.02990325865	-0.01673030509	0.05476613213	0.1066100522	0.05576715335	0.08135885822	0.002684581094	0.0623443713	0.1095563597	0.1218931177	0.06415971363	0.1697063908	0.158502762	0.01143304053	0.2802985863	0.1078229184	0.1364848031	0.1340627367	0.1081644379	0.1056944842	0.0233081255	-0.005674642715	0.0574402427	0.007516188293	-0.3852024295	0.005070782595	0.05083714525	0.05149089701	0.05941910367	0.09580643	0.06511219094	0.1790610217	0.02830649992	-0.0007409586606	-0.00585026173	0.1353130008	0.1749704126	0.008289675095	0.1476784553	0.1316172429	0.3227098333	0.1266760776	0.1157743014	0.1268581014	0.1067251383	0.2591453322	0.1155189781	0.3054965123	0.02286777126	-0.03248125454	0.1032827653	0.0244355687	0.05160425001	-0.009851997279	0.04102561234	-0.008489017832	0.04670612592	0.008460806783	0.01305247017	0.08140751637	-0.03359056625	0.1311337293	0.07376217822	0.1093491259	-0.08697502273	-0.05013538448	-0.06209921847	-0.01499574969	-0.04064686963	-0.06816811017	0.0310874927	0.1479159363	0.05116768158	0.02210685061	-0.03479173164	0.05810530302	0.04918998178	0.2818929091	0.05737709547	0.1222296942	0.03921154565	0.0410420551	0.0894403751	0.09823345404	0.09372470166	0.1771755827	0.0796680341	0.09135711363	0.09328066086	0.1039222031	-0.01894329811	0.01529629696	-0.008623904554	0.05650653053	0.0495976047	0.1333127548	0.002967188408	0.1344703068	0.07192490364	0.05840655203	0.06567346326	0.1338713998	0.02825457238	0.04289310106	0.06054991173	-0.03959579265	-0.02490825573	-0.07912911537	-0.05763034334	0.08084922805	0.1345273686	0.09265245318	-0.03331841438	0.04323534462	0.09696996927	0.1414510364	-0.1021809111	-0.3479116556	-0.2392887474	0.05044285427	0.02605987513	0.08290348338	0.1215271049	-0.05979998201	0.03070865051	-0.01466041809	-0.356767196	0.08617561273	0.008613503582
0.2246136571	0.04875254526	0.1156569137	0.1082992282	0.04001773991	0.02104784526	0.08414432591	0.07045377917	0.1132543258	-0.3517525043	-0.3829512263	-0.3897917965	-0.3683977585	-0.3566683923	-0.3623250608	-0.3645379594	-0.3445974891	-0.3882737655	-0.3566765123	-0.3197298406	-0.08159960179	-0.02530637978	-0.3489257688	-0.04725099652	-0.1011690714	-0.316953951	-0.3138540333	-0.3650229056	-0.3053939106	-0.1073391661	-0.305325097	-0.03354543633	-0.05377558738	-0.2729224943	-0.01976716339	-0.3603409601	0.1071356519	0.07888640858	0.09973438613	0.007907113916	-0.04602636748	0.03714616944	-0.3392927943	-0.1120222048	-0.3391327022	-0.02347504399	-0.07528113558	-0.0491266075	-0.1189505152	-0.07694460427	-0.09783969643	0.005519280029	-0.3660122626	-0.3480687413	-0.3386640052	-0.1117513939	-0.1061035118	-0.0712855685	-0.3384161988	-0.3345122229	-0.3473776569	0.009846642152	-0.3645672448	-0.07387654189	-0.08999550477	-0.06457240577	0.03337424417	0.06076300121	0.07105043647	0.09146777445	0.1053846061	0.1321154807	0.1321103927	0.1176436249	0.07840461089	0.2264730572	0.00595305717	0.09806480001	0.1149231474	0.1012719413	0.1105305911	0.06174796511	0.2727040549	-0.01147210826	0.05569096461	0.463044918	0.2094119137	0.04750418766	0.1593497935	-0.04305409469	0.2968592022	0.0717349474	-0.008420431788	0.1047002062	0.02518462112	0.09279654404	0.0407502129	0.2240054894	0.2114701329	0.08808362212	0.1584963937	0.1111444786	0.06505165152	0.03224185006	0.0614856834	0.123371717	0.05074079986	0.0432022864	0.03772173069	0.08915310728	0.1286642463	0.03408009227	0.05187623544	0.1757887777	0.1880119645	0.1327296919	0.01660223581	0.1278182153	0.09875371179	0.03191669668	0.1461376713	0.01694090405	-0.01789810263	-0.120092165	-0.02546715784	0.06722025816	-0.3306793307	0.1127176252	0.07583481976	0.06235299186	0.2626702896	0.09222445932	0.1524052234	0.1803373441	0.07069446767	0.1144350805	0.03273164097	0.03860780433	0.1715721486	0.02335790182	0.06070958366	0.1146197835	0.0704855452	0.1094762742	0.1108923445	0.09921112129	0.09702072624	0.07845360561	0.08733564137	0.08622551724	0.06410482443	-0.06848707709	-0.0602523269	-0.02761258057	-0.09598364065	-0.04529327614	-0.09734001564	-0.1228871445	-0.05802149435	-0.05984214317	-0.06612394803	0.06408218803	0.0496110976	0.2533595123	0.1029080446	0.1216626135	-0.0968178536	0.02310051764	-0.0588558794	-0.07818857585	-0.0005834609118	-0.1062980744	-0.03470081116	0.04219058186	-0.03450594324	-0.01444280035	0.01673287317	0.06112707765	0.1507869686	0.07645677802	-0.01976411697	0.1625485788	0.09291050406	0.1227741949	0.00897446338	0.0728145545	0.04372746312	0.1216697021	0.2032912373	0.2390741639	0.2645689408	0.10726653	0.08100217539	0.02337477803	0.08559973035	0.06564545641	0.0566974192	0.05003285731	-0.01657052979	0.07562411998	0.01908976148	0.009277671633	0.02021325521	0.08512880105	0.001759445245	0.07175498578	0.03036744889	-0.03783662987	-0.009882964146	-0.05318082273	-0.03991812733	0.1807911911	0.08783477499	0.2386035259	0.04116613935	0.1565571815	0.2611257938	0.1031314972	-0.02824065797	-0.3803810219	-0.2667784283	0.08220637357	0.09219013875	0.0763032209	0.1720847351	-0.08563698347	0.09859755317	-0.02938182821	-0.390562886	0.1167043566	0.0998295017
0.1298838299	0.06906496713	0.08488093486	0.08763777061	0.01610416398	0.01985705636	0.05688562777	0.07161935911	0.1216036254	-0.2996945868	-0.3361613956	-0.3378031486	-0.3217514815	-0.3088815353	-0.3077326654	-0.3151336047	-0.2947038429	-0.3385321587	-0.3040708531	-0.2704388603	-0.06855557181	0.00617987253	-0.2978378106	0.01143043223	-0.0416805497	-0.2667249346	-0.2636728504	-0.3104742529	-0.2563208229	-0.04471638569	-0.2575600849	0.005133482282	-0.02525171331	-0.2210732214	-0.001293004407	-0.314460299	0.05917344003	0.02941742268	0.06071456771	-0.03200960051	-0.03190116459	-0.01592187459	-0.2819392528	-0.03927400037	-0.2871025253	-0.02119729211	-0.05074691525	-0.01499699608	-0.06553890278	-0.04444243468	-0.05356677091	0.01971410913	-0.3075686914	-0.2983540873	-0.2886079938	-0.04185456802	-0.03379672575	-0.03430397528	-0.2812741991	-0.2827899126	-0.2885419029	0.02222364252	-0.3067655178	-0.02675546314	-0.03606897619	-0.03707355464	0.04261894963	0.06143817271	0.06500065417	0.03691961704	0.07373747971	0.07857040601	0.07900281204	0.06011532212	0.07740187804	0.1303631952	0.03918102219	0.1345937751	0.02308423611	0.05196034353	0.0125598247	0.04755352153	0.1651508934	0.005058686354	0.05762194244	0.2094119137	0.5593799864	-0.0009018178432	0.05972553256	0.01019103539	0.3061259809	0.05064278039	-0.01290335835	0.0621761526	-0.03828950024	0.05657653293	0.01980250725	0.07946868266	0.1888006528	0.07472893943	0.08582582615	0.07100583562	0.08358913027	0.07162468656	0.05005871269	0.0385455863	0.08009740411	0.04384261517	0.134001131	0.06635540469	0.06662301876	-0.01857425184	0.03284810968	0.1264991111	0.09525965645	0.04193645362	0.0319270892	0.1324365983	0.08910596819	0.004791911299	0.06148994503	0.007845411247	-0.01947329233	-0.07665058726	0.006082756063	0.05157673817	-0.2758824388	0.06375197824	0.06134112816	0.1018652332	0.1925175239	0.0123986265	0.06384504564	0.08632173063	0.0009411221398	0.1245805607	0.1202313301	0.01747059644	0.1569420387	0.06594414443	0.03030709504	0.09369411547	0.09030855928	0.04628384794	0.09514365166	0.08309659148	0.0613934624	0.07441317178	0.03639490252	0.1011701201	0.02799031698	-0.02523434607	-0.03827542389	0.03490664733	-0.06126904657	-0.02767104968	-0.06374657556	-0.05485093202	-0.02730745375	-0.02442809316	0.04558445199	0.02339898795	0.1368346316	0.1541228677	0.07090663741	0.03090389234	-0.02373051323	0.1001478017	-0.01934432067	0.01975195107	0.1127699985	-0.01917780989	-0.02926659038	0.01312122007	-0.0150224878	-0.003020245609	0.09242698767	0.0415118687	0.1144881326	0.08614680958	-0.001585400759	0.1360071108	0.08311782563	0.1115485188	0.04095973759	0.02616375376	0.03487132306	0.09739125686	0.09015298179	0.176174025	0.1576373025	0.07559130617	0.09948443403	0.01333309543	0.03820546907	0.01714787623	0.02275949184	-0.001113998436	-0.03630307873	0.05228218918	0.07805698337	0.06893911673	0.02407182836	0.06866019883	0.01396248769	0.02431453098	0.02863667926	0.003306572957	0.01393563028	-0.03613344064	-0.06096535805	0.09437587687	0.0717139672	0.1510074145	0.04990024838	0.1194969687	0.1005792802	0.09909675996	-0.003963066925	-0.3428280201	-0.2171164414	0.07864064585	0.1012532014	0.02621490644	0.1523738158	-0.03490300491	0.04894606982	-0.00343875075	-0.3411876163	0.06966103783	0.05227871255
0.01889292541	-0.0438319903	0.004853305166	-0.008475879229	0.006157419343	-0.03356809265	0.001719816509	0.01108976829	0.09754319452	-0.3441509185	-0.3232819986	-0.3292996305	-0.3108172726	-0.3098126955	-0.2978972752	-0.3203185453	-0.3357122135	-0.3272556527	-0.3014440106	-0.3334624293	-0.03472490599	-0.06710419037	-0.2977747289	-0.03468948795	-0.01109965676	-0.3166541828	-0.3112600214	-0.323012034	-0.3097401595	-0.02811310658	-0.3071111159	-0.06910505137	-0.04957167985	-0.1966054516	-0.07112164044	-0.3092056031	0.02515095315	0.01714428915	-0.001831800815	0.01247870257	-0.01863735245	0.01460963174	-0.3526379138	-0.02530179427	-0.327193401	0.01973180442	-0.04214963807	-0.07179425054	-0.03736882176	-0.03454923834	0.01192340977	-0.0541969944	-0.3078168356	-0.2966338017	-0.2901263888	-0.02376979764	-0.01889858721	-0.02432893738	-0.3535993609	-0.3506800092	-0.3332416145	0.00347400222	-0.3118031009	-0.01519445224	-0.02042806891	-0.01988459143	0.002349989919	-0.0473773623	-0.03893321453	-0.008486754075	0.01138715613	0.07298199476	0.07319412618	0.04733541792	0.1145503587	0.01121718783	0.05047568543	0.07987747933	0.009205630682	0.0198466612	0.09042694912	0.1815638422	0.02872536374	0.08654389294	0.1518778383	0.04750418766	-0.0009018178432	0.7102892041	0.2723565076	0.1304216051	0.02050854489	0.1598484713	0.250188414	-0.0006606752946	0.4841183506	0.1658732952	0.2884308584	0.1945479349	0.02648143682	-0.03620811989	0.168610359	0.02916518045	0.06505078913	0.02179929667	0.07886065088	0.1933260311	0.1356747247	-0.05731081397	-0.04242014293	0.07016155474	-0.01293763031	0.03476690044	-0.02620297876	0.09101805907	0.00276818331	-6.328701091e-05	0.1985909608	0.03619797386	0.005695372915	0.3948986348	0.2666864749	0.03425039565	0.0285604421	0.05822378203	-0.002042008441	-0.01433416578	-0.3441588909	0.06002701378	0.1306269313	0.1014330245	0.08042767993	0.2863074675	0.1574612416	0.1836910364	-0.009371842725	0.03235085788	0.07640334395	0.29475241	0.2621853098	0.01306231643	0.05429128698	0.128931611	0.2284429542	0.06980197883	0.001855789711	-0.008554324106	0.002875447154	0.2188194835	0.0947318402	0.228550843	0.03131374735	0.02030589499	0.07531501389	0.06788120981	0.04791631334	0.005935428506	0.03637620176	0.03434992817	0.05684019204	0.04303559029	0.02612700757	0.03679879619	-0.01444796147	0.02676929436	0.0007542552358	0.04444497338	0.01367594364	0.02463808076	0.01535391256	0.08048985461	0.03235343051	0.06816803816	0.08801175365	0.04834053421	0.008412509914	0.04265543136	0.05608136629	0.07095880892	-0.004785925519	0.1083032635	0.1896108415	0.07961664138	-0.02657560439	-0.01929731443	0.02880493132	0.09625991098	0.1111227203	0.08243671844	0.031188563	0.01720772915	0.07933139058	-0.00678311527	-0.02250229713	0.01111764834	-0.01258915993	0.002844739602	0.005198409444	0.05178543167	0.04470870693	0.05762523658	0.03963979994	1.38616086e-05	0.1148874512	0.07706741786	-0.01267571001	-0.004973046863	-0.06152481527	0.037225575	-0.001509914257	-0.02709964429	-0.003845860014	0.04457080572	-0.03155872027	0.03363653819	0.04365171958	0.02527026547	0.1513674826	0.1204548461	-0.07849374676	-0.3168945756	-0.1900912856	-0.04119823475	-0.001850377375	0.02985396097	0.006124558011	-0.03691488344	0.03397543909	-0.006875492685	-0.3116725675	0.06211997474	0.003853323056
0.1136973744	-0.008920922946	0.04474287956	0.04916821847	0.0394523473	0.01309697402	0.04863635554	0.04456571479	0.03494607642	-0.3801108078	-0.3602259787	-0.3676522092	-0.3465110226	-0.3351929129	-0.3278579455	-0.3432945123	-0.3718015631	-0.3651790708	-0.313692519	-0.3537781348	-0.03073438757	-0.06162080718	-0.3068960971	-0.06794348052	-0.05561789046	-0.3470383023	-0.3399461797	-0.3492205281	-0.3463064293	-0.0594412298	-0.3411246132	-0.08616060521	-0.06488411769	-0.2194379047	-0.07257846512	-0.3388317451	0.04848627486	0.0518770352	0.03514179577	0.01630458903	-0.009071879843	0.06401534534	-0.3909854945	-0.067709945	-0.3575369524	0.0182145146	-0.04972678232	-0.05914351354	-0.05888727393	-0.02583025474	-0.04766341834	-0.08807423438	-0.3384749959	-0.3283478445	-0.3176065506	-0.06341938818	-0.05722640574	-0.02762988975	-0.3893187903	-0.3839033511	-0.3734288842	0.00664809353	-0.3455853875	-0.03480522823	-0.0485260425	-0.07218815373	-0.01284657304	-0.04914159272	0.001506296261	0.05390466823	0.03206681723	0.05778979409	0.05775131226	0.09927156575	0.02660708369	0.1186226685	-0.02042644297	-0.02929901654	0.0441063746	0.04318330437	0.2003568225	0.1480465155	0.2161087295	0.02756440379	0.1229885507	0.1593497935	0.05972553256	0.2723565076	0.5666402327	0.03222257669	0.1154509649	0.2479506487	0.1475384237	0.03628217071	0.1781278157	0.2746014704	0.2339523014	0.4056423894	0.07687848803	-0.02777311801	0.37559689	0.04202696664	0.08767041606	-0.02083812716	0.04378577248	0.4048558655	0.1147412255	0.001110120976	-0.02867305914	0.07796725068	0.05670502192	0.0761046815	0.01191276586	0.1083792939	0.1263498649	0.04065030044	0.1012245459	0.09022844826	0.03809717923	0.2192838557	0.5214189859	-0.01556666164	-0.04562232066	-0.03421437891	-0.02574505272	-0.02476682166	-0.3813647043	0.05824283396	0.122086136	0.1495288916	0.2770778163	0.4012401271	0.3215137701	0.2915437022	-0.008038839784	0.09366559447	-0.01444705256	0.2394454253	0.2518108754	-0.03584087368	0.1060663852	0.1536140143	0.133289564	0.02260564512	0.04809676916	0.02362143667	0.02626335474	0.1202815893	0.1702701962	0.1492307361	0.05058909249	-0.03514265838	-0.02222278402	0.00526258637	-0.05961894355	-0.03790012497	-0.08040127223	-0.08039244447	-0.03685001057	-0.04413527791	-0.02936175973	-0.006829974078	-0.02274176575	0.1431156698	0.03629530983	0.2647630824	-0.02411653946	-0.04401414674	-0.08904621829	-0.02741258665	-0.04857604756	-0.055604976	0.03404147437	0.03357760809	-0.01408709004	0.05653691943	-0.04090442773	0.04335752443	0.05772682022	0.1234024922	0.1305190179	0.08654479081	-0.002708102516	0.009832469835	-0.00366361011	0.0913310675	0.1011343047	0.1434149566	0.08263594151	0.1208985507	0.22404416	0.03097838209	-0.01339464982	-0.0135817378	-0.003582231774	0.05518530146	0.01219960192	0.06331565751	-0.01002698755	0.06214481998	-0.02239966068	-0.003279949367	0.07038346036	0.06751203813	0.009559988303	0.01579552711	-0.03188244207	-0.01687589851	0.02429013978	-0.03872355646	-0.009669762135	0.07886078669	0.01339190115	0.1019293979	0.1254970075	0.05769623835	0.2828735441	0.1281472324	-0.07588586044	-0.3219977252	-0.2234103822	-0.03469910919	0.008273913051	0.08068012996	0.1062583199	-0.06362691205	0.006189996124	-0.00891345546	-0.3315500758	0.07622085776	0.001326629863
-0.02266292024	0.06479742586	-0.07958162673	-0.06227547729	-0.05490878591	-0.05273171973	-0.02289070086	-0.07172675779	0.003548440346	-0.284956012	-0.2504743008	-0.2551176319	-0.2781641591	-0.2412854841	-0.1809464346	-0.285511501	-0.2632723197	-0.2633651148	-0.1543271989	-0.2854587427	0.06977170967	0.01439944938	-0.1514206474	0.1009955295	0.1311611196	-0.2296888215	-0.2512420008	-0.2554336705	-0.2198505886	0.1248445743	-0.244541856	-0.005135108254	-0.01910705548	-0.0538297887	-0.00881866503	-0.2342508786	-0.06970833499	-0.08597564588	-0.08590593513	-0.06800822495	-0.04474357806	-0.02397058875	-0.2419819333	0.1145497102	-0.2368878002	-0.009281275388	0.004703822447	-0.02192606125	0.09572801853	0.02749617001	0.0727450132	0.00530614316	-0.2150967805	-0.228544918	-0.2459394272	0.1249533171	0.1062515157	0.01407542054	-0.2424354654	-0.2442807039	-0.2558848093	0.01498129988	-0.234512217	-0.004529721961	0.005911355186	0.02979653695	-0.002878368226	-0.01119255866	-0.06079557138	-0.08828633532	-0.08631956948	-0.02862990504	-0.02805054186	-0.04148662661	0.02764285243	-0.04958585173	0.1556754937	0.02825599814	-0.07053065172	-0.06178693539	0.403362301	0.4960860057	-0.06425057274	0.04321601823	-0.04262629434	-0.04305409469	0.01019103539	0.1304216051	0.03222257669	0.9230922472	-0.02376969345	0.2938031319	0.1092245358	-0.08314073304	0.2469946251	0.2009255168	0.1635242343	0.059924324	-0.06392443023	-0.07211420003	-0.02679602117	-0.08959012184	0.01211718287	0.08427539879	0.02574174422	0.09299842145	0.4443522954	-0.08326505441	0.06421699711	0.06394940726	-0.08915097526	-0.0278762476	-0.08226218158	0.04226550407	-0.0405623095	-0.02085635145	0.1518843108	-0.05944684353	-0.06051835301	0.1667128444	0.07630093274	-0.04099736219	0.04745858026	0.2064407103	-0.03081523408	-0.01364329683	-0.2378106732	-0.05040929614	0.379451124	0.3993923411	0.02070540343	0.1435499516	0.009921333042	0.02167534889	-0.06099754401	-0.06764714132	0.08709047903	0.1578806172	0.06306884182	0.1318943161	0.0106034132	-0.01133637476	0.08413420084	-0.04173438363	-0.05542250709	-0.05151198382	-0.07436733137	0.07854995765	-0.03341324418	0.05037532145	0.08342925519	0.009221874905	0.05233154	0.1035082595	0.08277874051	0.02806915339	0.1683404812	0.1410291121	0.0975094318	0.08151486752	0.08827962894	0.1160243325	0.1532074641	-0.04994972456	-0.07949652683	-0.03571547978	0.1186893264	0.05380017674	0.1849274512	0.1219754994	0.05844516581	0.2475529554	0.06093438987	-0.08157826636	0.008228236012	0.04564901966	0.08447267837	-0.02774266243	-0.08755366055	-0.01351750332	0.4762365213	-0.01366360128	-0.1115690621	-0.09477941184	0.08490159235	-0.01412035313	0.1212303193	-0.05022446075	-0.08546000752	-0.056072659	0.00557442445	-0.08232320443	0.08314527664	0.003634979139	0.005846099369	-0.04863514391	-0.01480041106	-0.04900037851	0.04865839974	0.01506250284	0.09536960954	0.05565103031	0.08090717309	0.002237959358	-0.06726608914	0.07248085094	-0.01294804692	0.05511844095	-0.07334322782	0.01079682405	0.07099605097	-0.1006439121	-0.06295732729	-0.0168862745	0.5585671568	-0.09775568736	0.08868071432	0.1483350318	0.0207175619	-0.194419881	-0.08639840336	-0.08797851535	-0.07815237731	-0.02009605664	-0.05732297616	0.02213725404	0.001465221324	-0.04570577615	-0.1487898631	-0.0799589908	-0.04298700847
0.3239199306	-0.01708194557	0.1107058543	0.02004552068	-0.02474729817	-0.05382574521	0.001688456781	0.04678754967	0.03454309844	-0.2399401429	-0.30071725	-0.3063351974	-0.2894625632	-0.2806661316	-0.2804945713	-0.281193431	-0.2393847764	-0.2813569399	-0.2778369848	-0.2354037507	-0.0659270485	-0.003282662425	-0.2673933548	0.06106484711	0.0006197632328	-0.2378606858	-0.2009533423	-0.2474964081	-0.2283654149	-0.0171234981	-0.2255880662	-0.01616998351	-0.04602167139	-0.1795410338	-0.02312258726	-0.2806732143	0.04932378562	0.008728340049	0.03627147766	-0.05446246544	-0.06748463467	-0.01583674098	-0.2259897449	0.005678234015	-0.2320133866	0.002511323299	-0.06093978891	0.01030477463	-0.03375974496	-0.06281534276	-0.006766613701	0.02006485331	-0.249000197	-0.2702158691	-0.2600722647	-0.02087600314	-0.02152756831	-0.06063651208	-0.2304640471	-0.2529876736	-0.2321233409	0.02631066882	-0.2478443691	-0.03791574257	-0.0515943659	-0.03180867343	0.01864752533	0.04692565341	0.02846246332	0.03514173337	0.04042353537	0.08875623124	0.08924520553	0.01195798204	-0.006234733756	0.1664326716	0.007292370025	0.05833025271	0.06946606138	0.02833549418	0.1428987141	0.06320351252	0.1981337331	-0.03029631231	0.02800203414	0.2968592022	0.3061259809	0.02050854489	0.1154509649	-0.02376969345	0.7047292828	0.04745149886	-0.0280779291	0.0412160195	0.01130290856	0.07783959213	0.02689390927	0.1282819141	0.1947695526	0.02611621882	0.1172688318	0.05029729721	0.0693242778	-0.01455420885	0.04545357701	0.07413716473	0.05419097602	0.05801010702	0.04505159319	0.1581748583	0.03741104105	-0.02625004178	-0.003455401799	0.1575964431	0.1268589464	0.04004396908	-0.009810731809	0.0772532608	0.1321898391	0.001098633287	0.1386122675	-0.03016996139	-0.02605161089	-0.1256574595	-0.03758796523	-0.006589184814	-0.2226376503	0.02165391107	0.06750457858	0.04575701233	0.2571891254	0.07405396141	0.066760313	0.137146157	-0.02144345865	0.0898753365	0.03986947065	0.02960004596	0.1283308903	-0.004436155449	0.1489766299	0.1539503125	0.04473647761	0.08764265388	0.07680182223	0.1223153893	0.03843514246	0.0977636538	0.05408090849	0.04556943817	-0.001341114981	-0.03035767652	-0.04229559757	0.008299716359	-0.08491718642	-0.02534314387	-0.09944329083	-0.07438441751	-0.04901960606	-0.02841892519	0.01955536617	0.06469420623	0.1792664521	0.131062628	0.03963185661	0.09280131307	0.06306857847	0.01377954627	-0.09654791844	-0.03559141219	0.0297151315	-0.01506009083	-0.02256592209	0.01149608129	-0.01445500081	-0.00939508515	0.006772609916	0.03106489757	0.09120644203	0.07629818062	-0.02898550771	0.2356747244	0.0484886725	0.07667350467	-0.03060482602	0.09969912424	0.002225505168	0.09366388911	0.1143552618	0.1769620507	0.2964292325	0.04952021093	0.03655536353	-0.05937671911	0.004094012673	-0.0223428308	-0.03291752594	-0.03807320577	-0.09773992331	-0.005758167663	-0.05458949373	-0.06465724598	-0.04779252306	0.04463219441	-0.007491696902	0.05677719729	-0.02139804336	0.06216433236	0.03574208156	-0.03462569565	-0.03592149802	0.1023711335	0.0355997237	0.2749249344	0.008261822863	0.09255026314	0.1943251116	0.0420442141	-0.01148022976	-0.2933783096	-0.1677257982	0.03888650583	0.07153249241	-0.003511718745	0.1465195113	0.005372864191	0.01756225618	-0.0108095012	-0.2823734575	0.01682797691	0.04490886581
0.08195114355	-0.02551390251	0.03688115972	0.02842598821	0.005740988241	-0.05799856917	0.04188377653	0.04519954284	0.03063084904	-0.3855046064	-0.3608302598	-0.3654432222	-0.3488046322	-0.3455954848	-0.313665067	-0.3523482821	-0.3761423051	-0.3706417577	-0.2995507421	-0.3537018488	-0.02231317491	-0.04641454177	-0.3081634498	-0.07957156491	-0.04270355024	-0.3264793856	-0.3480751506	-0.3567538701	-0.3247495976	-0.0247977631	-0.3418745379	-0.06867986899	-0.03672304831	-0.1974226266	-0.05445192531	-0.3459074243	0.03097938115	0.02648703128	0.02426427545	-0.009993769245	-0.03874263909	0.03413401669	-0.3944237397	-0.03246698342	-0.3429962212	0.001617006466	-0.08201071569	-0.05817096587	-0.06323403114	-0.02566615119	-0.04116001888	-0.03475357628	-0.3181165245	-0.3347843212	-0.3256749652	-0.03968296895	-0.06113972146	-0.0422794308	-0.3742010534	-0.3639420121	-0.3783764066	-0.01790320893	-0.349289537	-0.03452781794	-0.02544204933	-0.02295060732	-0.02948828472	-0.06597356042	0.004329409581	0.02234294636	0.03944610436	0.02589690482	0.02609505515	0.0634140854	0.03299975783	0.04757180977	0.04319451814	-0.01310253032	0.009929809009	0.05016398516	0.1624843574	0.3264457311	0.06606411884	0.02637920755	0.07089356821	0.0717349474	0.05064278039	0.1598484713	0.2479506487	0.2938031319	0.04745149886	0.6303878534	0.07524213416	0.02528463163	0.16946543	0.457760201	0.3462005743	0.2138155852	0.03508428177	-0.03881292559	0.1495224314	0.06488751085	0.06019001345	-0.002247615676	0.05269840973	0.2542105064	0.2290634209	-0.02422970518	-0.03614799054	0.2309338288	0.06712401454	0.04650581963	-0.002491975853	0.05642439574	0.08410617753	0.01761555225	0.2188538322	0.1232942458	0.03101926744	0.270788054	0.2735655604	-0.05671359178	0.03321086427	0.04424638815	-0.01222476166	-0.02614876104	-0.3858195912	0.08785293269	0.1876967681	0.2734225407	0.1322643015	0.3431211519	0.1864607683	0.1432440121	-0.01275875196	0.07489376493	0.05018560662	0.3566799932	0.1108837354	0.009696675665	0.07463474593	0.08421197139	0.1153599441	0.01151231274	0.06168863134	0.03960605471	0.02787404301	0.1238430194	0.04549559417	0.1474536074	0.06581609687	0.02730355309	0.02103818267	0.05828971581	0.03251944558	-0.02309514117	-0.003359173345	-0.01690005065	0.04011987656	0.02853737326	0.0325267244	0.04441501853	0.006432752165	0.07154707091	0.03718448212	0.1817068036	0.03068689504	0.01074426735	-0.04787628204	0.04668557044	-0.00461599106	0.01920103118	-0.008119952253	0.0500293032	-0.03122824642	0.08139039622	0.02442990602	0.05198760054	0.03236570198	0.142225771	0.3224873053	0.04085448079	-0.005232427422	0.01507292593	0.06001551255	0.05983632196	0.2284033003	0.09408454011	0.0387813018	0.06660704697	0.09865709075	0.03108288939	-0.02469927273	-0.01532359808	0.005181468365	0.01946538274	-0.03622981451	0.01583623213	-0.01288493895	0.04595647299	0.01802317104	-0.01722175445	0.127665219	0.0569501942	-0.01627256763	0.08756904924	-0.03671671171	-0.01093680458	-0.01883843307	-0.03680867416	0.01294539904	0.03821909984	0.01911344081	0.08407606828	0.2574011823	0.0608517926	0.1888494694	0.1614810295	-0.0442785154	-0.3029260544	-0.1953360443	-0.04216870285	-0.04497966537	0.06586772415	0.04470641308	-0.06528217191	0.005918104629	-0.01441687409	-0.3067844675	0.06105177866	-0.01561214091
0.06197066089	-0.01951762174	-0.03290850818	0.03918694586	0.09908832301	-0.01424179789	0.02468700688	0.01063946805	-0.03540118569	-0.33014859	-0.313272869	-0.3175309483	-0.2999125626	-0.2655331194	-0.2765670664	-0.2965373331	-0.325123727	-0.3122556962	-0.2075195554	-0.3106719916	0.05113578368	0.04408338862	-0.2571576386	0.1298867382	0.1494145477	-0.282354591	-0.2760159499	-0.2806761981	-0.2762746957	0.1468885869	-0.2748530955	0.01897930431	-0.03334689074	-0.1652811268	0.02047042105	-0.2747752408	-0.0327599943	-0.02564997186	-0.03706085204	0.02404831843	0.05387777862	0.0404270148	-0.3185554341	-0.001821308913	-0.2918052889	0.03237100709	0.02718310337	-0.04727915946	0.05913109507	0.0546583011	0.1629647756	-0.02798591684	-0.2828962507	-0.2570330043	-0.2481495371	0.1429999037	0.1468477407	0.05140652013	-0.3162921983	-0.3368919911	-0.305787355	0.03124323905	-0.278224871	0.04456344555	0.06706877044	-0.0145117713	0.004488251393	-0.06194252235	-0.02185049124	0.0008081289833	0.07191158017	-0.009554994812	-0.009792574689	0.002972903906	-0.04210557293	-0.04586634112	-0.00378962035	0.04445129211	-0.03486630456	-0.03475456172	0.02964467604	0.04694298625	-0.01469521212	0.1144327376	0.04875496296	-0.008420431788	-0.01290335835	0.250188414	0.1475384237	0.1092245358	-0.0280779291	0.07524213416	0.7578492266	-0.03603888462	0.2818339423	0.08061249519	0.2463361319	0.1142787783	-0.05007058013	0.1201728911	0.08232457259	-0.03072406163	0.02149972964	0.09426071601	0.05957636115	0.1364005821	0.1221892732	0.02706427915	-0.02103363253	-0.03792239824	-0.002922800904	0.05832364947	0.0545052969	0.08721192498	-0.01777900097	0.1415076701	0.1111691763	-0.03072051602	-0.08039259094	0.2390865973	0.1536958234	-0.004202108461	0.05481597806	0.04635541705	0.08978308211	0.01381263505	-0.3121249277	-0.02227521677	0.1341624147	0.1205354942	0.003715013171	0.2160594979	0.1707509346	0.1448656111	0.1140440811	0.06559385465	0.03804104757	0.2464114459	0.2124291071	-0.0001191832442	0.009263972316	0.02872075912	0.1131361485	-0.06661945604	-0.06181017341	-0.08116686629	-0.01022471695	0.06443273278	0.0676737384	0.1077809922	0.1027788303	0.0690885921	0.00666988997	0.03111278312	0.03868789887	-0.005628218968	0.0009470580788	-0.02572821354	0.02950537209	-0.0006403495674	0.02015295146	0.01008674736	-0.01711790168	-0.02594656021	0.005387402523	0.02272836348	0.04246283208	0.06718928112	0.04468038877	0.09205518547	0.0791506454	-0.0109329134	0.1078026987	0.001262102773	-0.0007495544614	0.1407693498	0.07800261972	0.1126686947	0.02039852382	0.04556504198	0.2277113446	0.01373709	0.08347773056	0.05051218242	0.02764879305	0.05425737656	0.07184407276	0.04780095408	-0.03380987462	-0.03395403658	0.0170854163	0.05375422723	0.02489000246	0.02417954458	0.06032846311	0.03458748286	-0.003460019952	0.008360403924	0.06170539595	-0.04307184548	-0.0003706379978	0.01548003403	-0.004244900754	-0.02825034796	-0.005867119143	0.07787714528	-0.05195080109	0.01735785001	0.09714341356	0.05895774005	0.07951045433	-0.02503195798	-0.03602599608	-0.06772813368	0.0395741151	0.0558438677	0.112848107	0.04337390329	0.008198637939	-0.2626243897	-0.1627766602	0.02347926712	0.01959320838	0.05314323342	-0.02252211849	0.01894831459	0.05419476713	0.08172741809	-0.2584800776	-0.01081757331	0.01068863515
0.1167488596	0.1420251345	0.1805724913	0.239689589	0.09788231011	0.09358429836	0.1409983893	0.1961543763	0.1573616783	-0.4192690899	-0.3985641166	-0.4063912622	-0.3835936806	-0.3759970428	-0.3756687402	-0.3840805993	-0.413596277	-0.4041799797	-0.3718052037	-0.3904769296	-0.01937516702	-0.04175695932	-0.3649832858	-0.1233893178	-0.09893800351	-0.385901429	-0.3826855415	-0.3791976754	-0.3800069034	-0.1057886249	-0.3758570876	-0.09011095053	0.008529058315	-0.2661831022	-0.06995561975	-0.3737744866	0.2739689365	0.2894149032	0.3797164526	0.1517382965	0.06121353647	0.2630463339	-0.4267197294	-0.1055249624	-0.4008178135	0.05442125655	-0.0655939507	0.08227802857	-0.1119611931	-0.06625680879	-0.07064411414	-0.0422265376	-0.3823243511	-0.3691040577	-0.3578759511	-0.1111785008	-0.1028680418	-0.02386763626	-0.429764531	-0.4221997018	-0.4165194313	-0.05073643199	-0.3788969985	-0.05837336005	-0.04553549506	-0.01405646543	0.117034647	0.1503420464	0.2384346073	0.2238835416	0.1119964181	0.1023387207	0.1018686427	0.1244905355	0.1507419844	0.190468025	0.04041970577	0.03641741614	0.126285208	0.3169676598	-0.04738743044	-0.01742060644	0.1429766427	0.01370370097	0.1355616959	0.1047002062	0.0621761526	-0.0006606752946	0.03628217071	-0.08314073304	0.0412160195	0.02528463163	-0.03603888462	0.3852675821	-0.02899361035	0.02286030178	-0.006212734659	0.04646309173	0.169516	0.03486674504	0.0688780901	0.1716290953	0.1542002481	0.05010180745	0.07513912107	0.05276492591	0.03446597955	0.1474597302	0.05733423575	0.04029964992	0.1978757437	0.2317620095	0.1416326033	0.09734317546	0.1510529674	0.08651581943	0.03933860429	0.07078370912	0.1642084368	-0.01187771218	0.0208656376	0.05978804664	0.02505134668	-0.1154206138	0.02422954636	0.04424435754	-0.4164593867	0.07909375814	0.03586784176	0.01305330514	0.01682250163	-0.00978660318	0.05742815199	0.08274349017	0.09599888844	0.04326125844	-0.04968503619	-0.005373100512	0.02592712196	0.04347747981	0.06952507359	0.0987707373	0.04615385659	0.1432714906	0.2006131567	0.1650934687	0.3002861157	0.03424900196	0.1219033187	0.05950261853	0.07163478474	-0.02839774065	0.01523956206	-0.02240850941	-0.03504541715	-0.01322719539	-0.05044594314	-0.1261683352	-0.04863091887	-0.05685144453	-0.04361771295	0.09476729011	-0.08135352235	0.150363789	0.1778625635	0.05334193723	-0.1633698266	-0.02738477867	-0.1070457206	-0.06831326542	-0.07265467337	-0.1690158931	-0.01589935819	0.1637977576	0.02477804865	0.0331480084	-0.0461339183	0.05905071216	0.1205129337	0.1400463547	-0.05076036307	0.08419665174	0.09467188921	0.1221635366	0.08384333287	0.08527438476	0.05637696741	0.1546221001	0.2190569838	0.1606338651	0.06005351879	0.1881848214	0.05600090854	0.08477067334	0.07278953295	0.1046918163	0.09649086325	0.1684930773	0.02707575529	0.1454026841	0.07234975713	0.063975113	0.03501811796	0.1424426568	0.08103879114	0.06022373213	0.2993545338	-0.02247778831	-0.01920874808	-0.04709409947	-0.05083552122	0.162542889	0.2082420019	0.05566107867	-0.03397458835	0.1092575496	0.03624143134	0.0417648722	-0.04471005356	-0.3785468944	-0.2625077118	0.1210816988	0.09117638285	0.2213834325	0.1560045018	-0.08619447066	0.09357477653	0.01326579704	-0.3869903885	0.1803964089	0.08604688828
0.01030909758	-0.06134787989	-0.02165909807	0.0294624993	0.04971661508	-0.08228054575	-0.01500550659	-0.0180213924	0.04518683953	-0.3361169574	-0.3157483298	-0.3172003292	-0.3223537197	-0.3036136525	-0.2882578696	-0.3397807437	-0.3257786444	-0.3184050913	-0.2970388508	-0.3519680757	-0.07164439212	-0.0936998426	-0.2874567147	-0.03398974411	-0.01083238131	-0.3093506376	-0.3036389364	-0.312343327	-0.2990878699	-0.028474916	-0.2952075585	-0.07816599424	-0.08459905574	-0.1901989817	-0.08603762973	-0.3046404429	-0.01739594928	-0.01256843585	-0.03013544083	-0.02655930535	-0.04377691927	-0.009228992853	-0.3381945559	-0.02288103387	-0.3304595092	-0.01165775034	-0.06899751026	-0.08756863829	-0.06332242094	-0.05514466294	0.001283973303	-0.05281545701	-0.3035702542	-0.2827872194	-0.3079933262	-0.02584784087	-0.019332727	-0.06073099225	-0.344853514	-0.3417196393	-0.3176662847	-0.007150564546	-0.2977615315	-0.04037393498	-0.04157146309	-0.02609403916	0.001682840234	-0.06128086531	-0.04849744472	0.01494362608	0.06938873974	0.1268297453	0.1263887077	0.05950139656	0.08095443108	-0.01445920417	0.01739596863	0.05872175969	-0.005222031478	-0.01171993753	0.2160378199	0.2705039743	0.01116277758	0.09878632036	0.1332003796	0.02518462112	-0.03828950024	0.4841183506	0.1781278157	0.2469946251	0.01130290856	0.16946543	0.2818339423	-0.02899361035	0.7556868797	0.1749500114	0.3712287043	0.09283996964	0.01086890932	0.03197673886	0.1604382473	-0.01011746783	0.03915420039	0.06626039443	0.02547277972	0.1575961515	0.1634251319	-0.07231116861	-0.06187804857	0.04549652938	0.0176376319	0.0110172109	-0.03523577235	0.1133362817	-0.005913075555	0.0612081028	0.2543087762	0.02693328452	-0.02177026355	0.454136244	0.202496462	-0.02714451834	0.01232238538	0.1663768014	0.02815371298	-0.03256185343	-0.3307123391	0.03458273143	0.1618725039	0.1214637198	0.06001217433	0.3589724215	0.07865613923	0.1172553514	0.06036343926	0.1131729105	0.0950923805	0.3775305641	0.2437240965	0.07316064756	0.03411838934	0.07469868103	0.2729989056	0.04278739558	-0.02996701845	-0.04074720812	-0.003014496158	0.201046356	0.03079847267	0.2269369093	0.05624817773	0.007741061485	0.05100777853	0.02150593392	0.02340012929	0.00736904824	0.03113788199	0.02720244829	0.01465215146	0.01689130859	-0.007370037568	0.00934346415	-0.05245610371	0.00442771024	0.01493351546	0.04671989048	0.0145943668	0.08194175369	0.1320659006	0.1443708681	0.08233291475	0.1152355293	0.07068171577	0.007389714121	0.01344232341	0.1469797891	0.1116529291	0.1458217777	0.05167228838	0.1056569286	0.2185104425	0.01438702945	0.03071294155	0.03884637525	0.01585105328	0.07979427059	0.1197714077	0.07255094781	-0.01098331258	-0.006688381154	0.04463860989	0.06488827633	-0.007682905307	-0.0059860542	0.04148290282	0.05039543318	-0.03001276959	0.04626561335	0.02956390163	0.08491980502	0.02070521086	0.02919477866	0.06323065143	0.07089677918	-0.02775701848	-0.01586652414	-0.0717415826	0.02656918986	-0.008564664566	0.009578409398	-0.03507250487	-0.004801702149	-0.03914583606	0.008297997738	0.1515375159	0.0733324383	0.1883248011	0.1548686209	-0.09776944109	-0.3047801048	-0.1809815395	-0.05918273577	-0.03100586539	0.001694296878	-0.01768938842	-0.05896410421	-0.01948605355	0.02227046584	-0.3029326972	0.0186624303	-0.02035065667
0.09944387408	-0.02091863312	0.03468339398	0.0237310101	0.0226766938	-0.03747765024	0.0004402498081	0.02635015683	0.03120461379	-0.3814047566	-0.360239167	-0.3675989694	-0.347473262	-0.33692698	-0.3288761399	-0.3469377545	-0.376804657	-0.3670668704	-0.3140800711	-0.3538531155	-0.03725570075	-0.05106193598	-0.3003603413	-0.05595696441	-0.0333502995	-0.3383848344	-0.3389624188	-0.3447262697	-0.3392561763	-0.03538019714	-0.330745263	-0.0873754551	-0.05218461636	-0.2087872377	-0.07543648769	-0.3378528491	0.03347150065	0.04080688741	0.02180912582	0.00334095302	-0.02247299301	0.05117054178	-0.3901515509	-0.05172056585	-0.3544725325	0.01056048191	-0.05835254034	-0.04303009891	-0.05723037691	-0.03951215616	-0.03548383479	-0.05360495367	-0.3384060257	-0.3286400049	-0.3197340976	-0.04870855115	-0.04922718483	-0.02525475693	-0.3944572092	-0.3850731659	-0.3723818237	-0.008093052406	-0.3384762343	-0.01303048965	-0.03873427678	-0.04179246852	-0.02984292229	-0.04977932825	0.003619855334	0.031754022	0.03353309624	0.03924273942	0.03933434304	0.08746475806	0.003202204495	0.05925251089	-0.002187458098	-0.01177634464	0.01051310149	0.020244215	0.2122218802	0.2830649468	0.07447078601	0.04273200554	0.1023335278	0.09279654404	0.05657653293	0.1658732952	0.2746014704	0.2009255168	0.07783959213	0.457760201	0.08061249519	0.02286030178	0.1749500114	0.5997859585	0.387970306	0.2342967965	0.03989886709	-0.02135644769	0.1708418917	0.05358344949	0.04617816826	-0.004388771537	0.01786596879	0.2782483366	0.177827376	-0.02135228268	-0.01859887481	0.1616384444	0.06618010921	0.06415263025	-0.001842083431	0.07320142855	0.07965526224	0.03941761308	0.2523736306	0.1119509652	0.01256914372	0.3124782738	0.321007873	-0.03157192485	0.02477522737	0.02012478413	0.0008954624476	-0.04475316232	-0.3808207705	0.09203643162	0.183278643	0.1668004736	0.1683370916	0.3700593741	0.2067438137	0.1451648673	-0.01676476314	0.08287584071	0.008294044629	0.398421106	0.15342332	-0.02662735989	0.1018193324	0.103882695	0.1867614637	0.01286173988	0.02382928393	0.0008932527977	0.02720445655	0.1235608782	0.10810765	0.2190814407	0.01111332335	0.01407530305	0.03996208335	0.04744825811	0.02778575509	-0.0387992633	-0.004335661234	-0.01700125185	0.02377118666	0.02270634361	0.04153954337	0.04291717193	0.04362271761	0.06333057616	0.04012046609	0.202228361	0.05352335906	-0.03236599021	-0.09389704349	-0.0001746471328	-0.04871327775	-0.03540850204	-0.01468814011	0.0458245569	-0.01089773856	0.08292287369	-0.02035138825	0.06297652089	0.04254118883	0.1857598104	0.2944687393	0.08379526919	0.006297423548	0.02060286185	0.04525914666	0.04234232789	0.152208012	0.0767506017	0.0394497966	0.06415162122	0.1257298077	0.01752001122	-0.0192343505	-0.01294328498	-0.001713467803	0.02790975146	-0.03757420571	0.0112855335	-0.004513045397	0.03378429531	-0.005619072874	-0.02487481865	0.1091405514	0.04690555562	0.0009810040652	0.1125735659	-0.03913387341	-0.01914062285	0.01047519631	-0.05480993943	0.00166854896	0.03462999021	0.007207332719	0.08645891876	0.2337355692	0.06032382382	0.2635874114	0.1865693521	-0.05971452066	-0.321865665	-0.2134734172	-0.04600421552	-0.03674506292	0.07585365306	0.0633901748	-0.05276638408	-0.0007501101508	0.002992714394	-0.3271518944	0.04688401443	0.01417279017
0.0444476814	-0.06107669796	0.0004459861968	0.0529196588	0.04653193325	-0.01672589478	0.0118795349	0.0008885688808	0.01620895846	-0.361529814	-0.3435849597	-0.3462920274	-0.3291000651	-0.3320558665	-0.3205674069	-0.3270116515	-0.3559923306	-0.3451211896	-0.3042231138	-0.3334485071	-0.04131652192	-0.06442841782	-0.295718861	-0.06012150721	-0.03876012554	-0.3326216818	-0.3324264743	-0.3433857598	-0.3352150756	-0.03545127475	-0.3262849609	-0.09234400443	-0.06518837071	-0.1975722796	-0.08469195753	-0.323191494	0.003849600637	0.01188034289	-0.007235831714	-0.0106451426	-0.02281726689	0.02781281537	-0.3755062107	-0.03065695144	-0.3445373141	0.003684041265	-0.05971058054	-0.0659328348	-0.05962127072	-0.04923130436	-0.01318034492	-0.06059434232	-0.3315663484	-0.3190575542	-0.3105954361	-0.05313039187	-0.05248786816	-0.02163938209	-0.3801133813	-0.3679275298	-0.3601184656	0.02242293015	-0.3332074981	-0.0187799761	-0.03409438398	-0.03584278427	-0.0363915316	-0.05919525433	-0.01692614286	0.03319612516	0.0559200681	0.05148525315	0.05157177516	0.08703924784	-0.02031064018	0.02291795097	0.0005386125507	0.01838601589	0.01023330213	-0.001507707992	0.149215327	0.1941251092	0.02499510357	0.1098299828	0.1301493487	0.0407502129	0.01980250725	0.2884308584	0.2339523014	0.1635242343	0.02689390927	0.3462005743	0.2463361319	-0.006212734659	0.3712287043	0.387970306	0.6962621486	0.200511645	0.03165782768	-0.00191774944	0.1954748329	0.05412358762	0.04775448515	0.03014068913	-0.0006064550842	0.2080848244	0.1906500513	-0.03128804759	-0.05641940102	0.09201015592	0.07951179472	0.04212536261	-0.02819641992	0.1585817418	0.02123540325	0.06113531	0.2364067899	0.0694666413	-0.003512049045	0.5966114055	0.3023372386	0.01263960108	-0.01315638783	0.03446470532	0.02077845108	-0.05947523493	-0.3661419581	0.0891501134	0.1983607513	0.1117186387	0.137753049	0.4999528669	0.1713712779	0.1861459815	0.005349103991	0.09613619106	-0.002225232008	0.6783593558	0.3076874616	-0.01441264506	0.04584799597	0.09867878005	0.2652771108	-0.02256437213	-0.004178677097	-0.0271167385	0.004794852639	0.2011075777	0.05347474808	0.2976753674	0.00364296227	0.02069710901	0.01838925529	0.01055054455	-0.005035236282	-0.05126143215	-0.04604620362	-0.04685076156	-0.0007773586546	0.002033326029	-0.001474846732	0.008725930538	-0.06664100883	0.04090486541	0.0196082329	0.1555362124	0.03875213545	0.005350023448	-0.03931471542	0.05688153535	0.003089415471	-0.03766414932	-0.02125611788	0.05660194487	-0.04026797865	0.1444157972	0.01738872901	0.1178122282	0.06904596829	0.1883121963	0.3843828179	0.07074212002	0.03587324921	0.04243187699	-0.01798126765	0.05081203088	0.1253546656	0.03287060669	0.007990083367	0.01923694835	0.06458678497	0.0392451907	-0.01594389503	-0.02277923713	0.0178456041	0.07035400358	-0.03615370177	0.02991738192	0.01721800036	0.01903460023	-0.07012435869	-0.03662736477	0.07412823431	0.03209438254	-0.01044987577	0.01850166898	-0.07014090261	-0.02546271688	-0.01284649607	-0.01540860433	-0.01787521977	0.008796266195	-0.01279419802	0.03249755921	0.1301763673	0.08827630072	0.2276432932	0.1340906392	-0.07076608681	-0.3112554056	-0.1993653166	-0.05756142016	-0.05823322446	0.04188446057	0.02826960279	-0.05685999873	0.0123137899	0.0385552095	-0.3111178142	0.02938383683	-0.01894593851
0.1357128089	-0.01089668314	0.0848967962	0.05687707073	0.04151269993	0.02026799972	0.04207295858	0.01958284256	0.06823495604	-0.3815846404	-0.3609327211	-0.3672893669	-0.3459813656	-0.3411397574	-0.3337878783	-0.342634627	-0.3749937973	-0.3659928224	-0.3218717516	-0.3529487306	-0.02695484047	-0.0607774261	-0.3100100504	-0.06453489907	-0.04997803583	-0.346883527	-0.3428629378	-0.35007233	-0.3456835222	-0.05956302087	-0.3457155069	-0.07265004988	-0.0585258624	-0.2179263464	-0.06139472298	-0.3413824393	0.05482975348	0.0467534404	0.04152948726	0.006216638383	-0.02462956908	0.04847854748	-0.3934675581	-0.05592941854	-0.3601288375	0.02220071736	-0.06281726848	-0.03668112861	-0.05270713604	-0.02454058476	-0.03714331398	-0.07341362238	-0.3450927025	-0.331353357	-0.3192513311	-0.06247209935	-0.05264670002	-0.02379721249	-0.3901901377	-0.384958426	-0.3750686602	0.01467681899	-0.348325688	-0.0366640857	-0.04202058562	-0.05857776113	-0.01739568786	-0.06274175951	0.01082583813	0.05429284827	0.03643021231	0.003915251117	0.004219937409	0.141186233	0.0319318582	0.1551606795	-0.0149613592	-0.03507742735	0.07784302049	0.05413432876	0.2903638438	0.1738722145	0.2590238808	-0.01952792317	0.06591142739	0.2240054894	0.07946868266	0.1945479349	0.4056423894	0.059924324	0.1282819141	0.2138155852	0.1142787783	0.04646309173	0.09283996964	0.2342967965	0.200511645	0.5550870887	0.06829877219	-0.02553060329	0.277737217	0.04333020246	0.0491815644	-0.02127520023	0.04935000511	0.2889267652	0.1352614698	0.01697461046	-0.01683173083	0.06434656705	0.06982777702	0.06453051023	0.01224555571	0.1419202883	0.1549529814	0.06827900792	0.08008131462	0.1035021601	0.04028380111	0.1715655751	0.4224306596	-0.03713444646	-0.02626896879	-0.03481708527	-0.01086733209	-0.0204913985	-0.3839285827	0.07056226472	0.181477551	0.1538785851	0.3768214325	0.2951151203	0.3686545149	0.3020537247	0.01179232075	0.08698636564	-0.01093593789	0.1974866867	0.2075980563	-0.01902852123	0.07272844345	0.1008103128	0.1404692925	0.04961224519	0.05371888135	0.04137771891	0.03764096836	0.1049811353	0.1316686547	0.1400527517	0.04237634532	-0.03326943532	-0.03859597819	0.003670211149	-0.06670038281	-0.05178992198	-0.09462172223	-0.08091866467	-0.04212427276	-0.04366362464	-0.03553761188	-0.004559488235	-0.02801534931	0.1837572705	0.06345434571	0.2794852119	-0.02161659206	-0.03805281731	-0.1034112496	-0.03580450404	-0.04845676939	-0.05913354099	0.01303125838	0.03296464781	-0.02014807074	0.06321993436	-0.02856976362	0.06062750524	0.05727960758	0.09589370895	0.0889041781	0.09714145596	0.002225953868	0.01904964153	-0.01095500755	0.07800303179	0.0807573357	0.08649029223	0.1348730852	0.1659520466	0.2484415973	0.03757406223	-0.01154667954	-0.007470100991	0.002862135072	0.03746700168	0.01940122305	0.06233818541	0.006956853723	0.08306399104	-0.02090358404	0.01859973477	0.04858661518	0.0957247913	0.002845190514	0.05034325554	-0.0292178292	0.01852244919	0.01847282103	-0.02676267087	-0.02403619841	0.1124804578	0.005605026792	0.1193992011	0.178464633	0.05535574262	0.2505123997	0.1693128007	-0.07237118592	-0.3247311685	-0.2267861678	-0.02638615675	-0.000758392654	0.07871073454	0.1040792871	-0.05804963696	0.05539108064	-0.01383584083	-0.338610092	0.07269948193	0.008070828044
0.1540689651	0.087332428	0.1503961598	0.1088328898	0.04811973029	0.02863376626	0.06502351591	0.1132264134	0.07977043457	-0.3568354892	-0.3884516175	-0.3980791422	-0.3736262313	-0.3592865578	-0.3640388365	-0.3737258576	-0.34999679	-0.3926607244	-0.3626166467	-0.3264629831	-0.07579294778	-0.02325484011	-0.3520484666	-0.03455853154	-0.09720749677	-0.3182069408	-0.3152505223	-0.3666584371	-0.3112066536	-0.1037737278	-0.3058220179	-0.02139860746	-0.04987515615	-0.2729481424	-0.01912785894	-0.3604544323	0.1298723302	0.1543602241	0.1747758774	0.07248240678	-0.001087699571	0.09757217317	-0.3412314417	-0.110454651	-0.3472257865	0.01082616148	-0.0847935854	-0.003475797848	-0.1203535401	-0.08560092747	-0.08762550952	0.01680114565	-0.3676380812	-0.3568438694	-0.3450213919	-0.1066271871	-0.09741681049	-0.0708937473	-0.3471360555	-0.3398045988	-0.3515665074	0.00647083121	-0.3647492542	-0.06742739597	-0.07044284838	-0.04540480905	0.03809379906	0.09824087597	0.1328949975	0.1384568413	0.08822696648	0.2056822853	0.2055555827	0.08473660483	0.127737036	0.1942593041	0.01870949957	0.09390075376	0.1169176801	0.1736816524	-0.02183767408	0.03097016174	0.2523728275	0.06582598408	0.1551615344	0.2114701329	0.1888006528	0.02648143682	0.07687848803	-0.06392443023	0.1947695526	0.03508428177	-0.05007058013	0.169516	0.01086890932	0.03989886709	0.03165782768	0.06829877219	0.4500802387	0.08767311412	0.112610756	0.1383697389	0.06770663087	0.02162849801	0.05751311115	0.05468419432	0.06223381051	0.1057288963	0.07145914217	0.07707276051	0.1679220625	0.1020851121	0.08697079457	0.1432559521	0.1761468582	0.05870808877	0.04317647478	0.09101608934	0.1709965709	0.026055145	0.07090418355	0.06370373026	-0.02766982771	-0.08230985965	0.01181779574	0.02772222336	-0.3336373412	0.04413642735	0.05806666402	0.04568040433	0.1309324528	-0.003666376207	0.06829123395	0.09127918666	0.06246159067	0.08228514712	-0.003252540053	0.03251260251	0.1724227608	0.02885733005	0.1021939725	0.1726977843	0.08957550435	0.1208671925	0.168537517	0.166022684	0.1531888281	0.1551024881	0.08748905714	0.07870453017	0.03774787244	-0.05423555751	-0.001390307461	-0.03591046996	-0.05251717207	-0.02901155127	-0.07104083905	-0.1143358485	-0.05509837211	-0.05148239229	-0.04454858834	0.05065567701	0.03429453621	0.1623231468	0.1458250528	0.09963872025	-0.14402979	0.004992745322	-0.07255483009	-0.109494067	-0.03451433977	-0.1635308055	-0.04755966048	0.1180230413	0.002898832471	-0.001816067143	-0.009601331777	0.09154383915	0.1470872561	0.1404997945	-0.03954966121	0.1264192241	0.1434976939	0.1631624409	0.04462072602	0.06257904921	0.05480526462	0.1299628596	0.1092900623	0.1428976616	0.1917891816	0.1440679138	0.1131047608	0.01339320274	0.04219072817	0.08220012071	0.07867407975	0.09662951325	-0.01132118911	0.1320945074	0.05763952285	0.0649424634	0.03469027308	0.1059514848	0.04716673311	0.04272000611	0.09588392067	-0.05749633619	-0.03147249292	-0.07162599131	-0.08133247388	0.1137950851	0.1795259227	0.190656068	-0.0275780466	0.1543488882	0.1504062077	0.05210351998	-0.02819420619	-0.3876382536	-0.2705347619	0.1515495919	0.104866101	0.09962808488	0.1925992122	-0.09610681978	0.03439270343	-0.007531423172	-0.3952976494	0.1199653811	0.03890430949
-0.0001371048162	0.08444208613	0.03573900465	0.1115882582	0.1158765722	0.03965005347	0.04447977964	0.05816397485	-0.0009588845042	-0.3511857684	-0.3824604973	-0.3872019316	-0.3682357883	-0.3332682737	-0.3419797926	-0.3654489044	-0.3399585852	-0.3830368479	-0.3115742817	-0.3207008604	-0.01549605818	0.06688111456	-0.3211183449	0.01692267534	-0.02803873443	-0.2903691464	-0.2914647207	-0.3324306964	-0.279688005	-0.03946656679	-0.2729993216	0.1326297308	0.005551148532	-0.2393359249	0.06686701857	-0.3399417171	0.01634087349	0.03148227846	0.03598045838	-0.01412172534	0.01096154894	0.03735065303	-0.3232314674	-0.09913000457	-0.3181719226	0.01100636577	-0.02272012345	0.04978479367	-0.06002584309	-0.03200923663	-0.03250000402	0.07765033395	-0.3520401379	-0.3301962312	-0.3211372974	-0.04636534182	-0.03089996127	-0.01003403116	-0.3308814625	-0.3469908518	-0.3216825079	0.03873424714	-0.336627268	-0.03670695519	-0.02359959536	0.01664636256	0.09002215217	0.0918109907	0.04498649501	0.09954038481	0.1928856369	0.1240916856	0.1239798303	0.0689038939	-0.007544404608	0.005103477563	0.03936146796	0.2875241599	0.01748672631	0.03155953571	-0.04407531786	-0.07170468872	0.07295022473	0.08658581464	-0.007837838638	0.08808362212	0.07472893943	-0.03620811989	-0.02777311801	-0.07211420003	0.02611621882	-0.03881292559	0.1201728911	0.03486674504	0.03197673886	-0.02135644769	-0.00191774944	-0.02553060329	0.08767311412	0.6129974932	-0.02992243254	0.1117373393	0.004467788495	0.2217540842	0.0198396392	0.04106703117	-0.04143994013	0.1245070124	0.1288975615	-0.0227750733	0.08796632234	0.005941067909	0.03895652708	-0.0181545381	0.02359466794	0.1886685595	0.01342719004	0.03719333046	-0.02241719902	-0.01630966225	-0.03443321472	0.0997134697	0.2134744389	0.04866369577	0.2139963652	0.02565738488	-0.315743732	0.1413423848	-0.0296977472	0.01564472664	0.03710840867	-0.007989995274	0.02829872793	-0.03369151963	0.12112898	0.2756156632	0.1742790268	0.001053338217	0.03316635673	0.05084049561	-0.007060603513	0.008656141175	-0.02423523606	-0.02909203201	-0.01406745857	-0.02379717515	0.06126002092	-0.02363037955	0.006039472858	-0.02505678486	0.01709248004	0.06157034541	0.07132956339	0.03680629998	0.05802902931	0.03748628143	0.05362581587	0.005602351007	0.05655118041	0.07458512156	-0.04818781241	0.02106928658	0.1384107173	0.0180301218	0.08183705926	0.08756905644	-0.02503558275	0.2318728527	0.1864967623	0.1121031447	0.1968223963	-0.04857504719	0.1153399001	0.1086721486	0.06377046681	0.2677111037	0.2231836375	0.1718189803	0.2229457027	0.02574464664	-0.03828632682	-0.02063000561	0.346619899	0.314074206	0.1014758157	0.02652168607	-0.02753279743	0.06300439262	-0.01560828451	0.008333949891	0.04130808017	0.09786702528	0.1884300757	0.09536323913	0.1023913106	0.15874552	0.07905876667	0.02657154609	0.08509196136	-0.01567863383	0.02602151647	0.03913400959	-0.02774353916	-0.01702838694	0.0428577675	-0.005445165178	0.02282001666	-0.06965792785	0.02532890167	0.05301597052	-0.03551999934	-0.01022381696	0.04197353619	0.06834569424	-0.009549116663	0.3358258842	0.03259372738	0.006599936359	0.05648912496	-0.3756270082	-0.2389198929	0.3039581156	0.2535545922	0.02259360027	0.04510492167	-0.04747849857	0.04301221465	0.06717756631	-0.3738992168	0.05141799656	0.06973211221
0.1116039642	0.003830335579	0.08215092353	0.07954171689	0.05095985012	0.06623085105	0.07480904549	0.06300039951	0.0726205334	-0.3778250315	-0.3597666619	-0.3646879575	-0.3450043656	-0.3409687187	-0.330196476	-0.3400207609	-0.3711678909	-0.3616534014	-0.3160827498	-0.3506679242	-0.00898713494	-0.04757242625	-0.3083849752	-0.06673771704	-0.0560145384	-0.3476793303	-0.3389274625	-0.3478333584	-0.3490369369	-0.06521397047	-0.3454986103	-0.06320410953	-0.0560000225	-0.2212597271	-0.06521129261	-0.3326207269	0.07479400241	0.08219857869	0.06773309395	0.05166483218	-0.00787528737	0.07493168299	-0.3941806037	-0.04926387142	-0.3529647286	0.01463487179	-0.0287120005	-0.03394977079	-0.04671643533	-0.008885452388	-0.03853198012	-0.06828456956	-0.3449987226	-0.3301176251	-0.3182977464	-0.06825074223	-0.05928323004	-0.03520055742	-0.3920604644	-0.3832184854	-0.3774329994	0.008715071156	-0.3469988171	-0.0178073406	-0.01007344796	-0.04045685709	-0.0120292522	-0.04158984534	0.03029130261	0.06820067286	0.04517523172	0.07396187771	0.0737250023	0.124485756	0.06663542961	0.1529300005	-0.06035720479	-0.03133109496	0.05830537673	0.07581509486	0.1353680652	0.07565127843	0.22433115	0.07039147394	0.1747794539	0.1584963937	0.08582582615	0.168610359	0.37559689	-0.02679602117	0.1172688318	0.1495224314	0.08232457259	0.0688780901	0.1604382473	0.1708418917	0.1954748329	0.277737217	0.112610756	-0.02992243254	0.5274672561	0.05400519503	0.0715759598	-0.0552383478	0.05125253408	0.2546136865	0.0747283651	0.03871496697	-0.0041430162	0.05553497525	0.1071499395	0.1084207734	0.03791545135	0.1405006006	0.154429464	0.06568527006	0.1003919789	0.07389660015	0.07336802252	0.1528710281	0.3614597162	0.03770873499	-0.02182627648	-0.05053934799	-0.03834178818	-0.03223434933	-0.3841141654	0.03307687391	0.07849760186	0.09324086499	0.2874905739	0.2937171639	0.2071755992	0.2087933669	0.02292253782	0.08789080004	-0.03057880254	0.1793013122	0.2174177478	0.01212301642	0.1209848828	0.1272148151	0.1432948327	0.05116090081	0.08888815823	0.06028544829	0.05195885825	0.1406924889	0.1688549049	0.1571812113	0.06565992749	-0.02565753733	0.01121855396	0.01991977143	-0.03066390626	-0.04958117902	-0.07260618487	-0.07601018521	-0.03005950634	-0.03800611054	-0.04592951944	0.004861807466	-0.05000791164	0.1977258691	0.06463193762	0.2334785105	-0.02114648091	-0.05196125246	-0.08789258031	-0.03892708387	-0.02031335528	-0.08580972955	-0.005104046996	0.04333729793	-0.03367516986	0.03863534777	-0.04747017526	0.03572181954	0.02324324736	0.1082166258	0.07755358875	0.1035332165	0.0003101634999	0.009829902893	-0.0220709809	0.04394714679	0.06709229216	0.1355259731	0.1202182682	0.1305783561	0.2247197303	0.06987049923	-0.02807363365	-0.007977262877	-0.004755722338	0.05629885332	0.03676059492	0.09295894604	0.0213324963	0.09583759924	-0.0004839548609	0.03447994673	0.1079455898	0.09963680297	0.009285999776	0.03789859237	-0.0001555125358	-0.03936954807	0.01691670172	-0.02840654233	-0.004503221583	0.1149676987	0.050843057	0.07371016732	0.07277225444	0.04201200619	0.27657017	0.12457013	-0.0612957541	-0.325510711	-0.2249010933	-0.03606780385	0.008191614276	0.08014298328	0.1091197038	-0.04515778296	0.0227834637	0.001666656932	-0.3329614557	0.07772409157	0.002137141706
0.1068334233	0.1113152597	0.1413828853	0.1751371953	0.07026368808	0.0598445285	0.09745276798	0.1509740113	0.1454795378	-0.40117768	-0.3806751293	-0.3881119313	-0.3667580559	-0.3560661233	-0.3567588435	-0.3639798846	-0.3973965639	-0.3855441684	-0.3545056719	-0.3716973076	-0.04833136321	-0.05684043629	-0.346738577	-0.1086613858	-0.08569961542	-0.3653645919	-0.3671295845	-0.3623952733	-0.3664899583	-0.09223948554	-0.3576758309	-0.07572863073	-0.01376352729	-0.2458104171	-0.05811291248	-0.3584232353	0.1405798867	0.1384221616	0.1767946472	0.04274610249	0.01231093796	0.111670464	-0.4080268349	-0.08167610657	-0.3840738957	0.04377716463	-0.05496781372	0.04243092559	-0.09984788003	-0.06210633955	-0.04406127863	-0.03000979445	-0.3662700445	-0.3556176606	-0.3452575818	-0.1003302592	-0.09022414672	-0.01919044111	-0.4124504897	-0.4055888459	-0.3958836509	-0.02423446133	-0.3605690446	-0.04342800394	-0.03299460244	-0.003848934253	0.08537669858	0.05508995257	0.1217520772	0.1701187151	0.202686256	0.1002265937	0.09983367619	0.131287436	0.1249995402	0.1581404346	0.08418144286	0.116445591	0.1373264746	0.1638330829	-0.02620409925	0.06071060374	0.06014811238	0.04634425366	0.104780596	0.1111444786	0.07100583562	0.02916518045	0.04202696664	-0.08959012184	0.05029729721	0.06488751085	-0.03072406163	0.1716290953	-0.01011746783	0.05358344949	0.05412358762	0.04333020246	0.1383697389	0.1117373393	0.05400519503	0.4185151029	0.1261040347	0.09091935715	0.08245417881	0.05973966321	0.04946348729	0.1118205478	0.06539827994	0.096396666	0.2152194142	0.09337330263	0.08468256683	0.1146904341	0.1616981829	0.08311774652	0.09001829804	0.1437969073	0.1075422714	0.03754743168	0.03042342262	0.1532797174	0.03956349021	-0.04932679477	0.07275171226	0.06247894839	-0.3980177433	0.181855303	0.05127139101	0.02723308787	0.02057043042	0.02573355618	0.08306453605	0.06313303488	0.05243957922	0.09083997372	-0.03708502627	0.05929354648	-0.009526952751	0.04333685181	0.05825469745	0.1276610413	0.06840479526	0.1258103886	0.114612912	0.1119870933	0.1539277066	0.07645210893	0.04789990005	0.0524621827	0.06785485782	-0.0369116069	0.03468402563	-0.03518768019	-0.001231708237	-0.005123034423	-0.03075356378	-0.09959202109	-0.01269195795	-0.01672434408	-0.03951590944	0.1106638649	-0.07592159151	0.1417948659	0.1641255903	0.1167871982	-0.1324896733	-0.002979361837	-0.08744354232	-0.04828694316	-0.04975191622	-0.1678763278	0.04627690372	0.3152040616	0.0301063333	0.09816605874	-0.02603832925	0.06380653325	0.09434453282	0.1280816816	-0.05479015355	0.1182068066	0.1386321359	0.1713663872	0.1396072888	0.1031953927	0.1110470752	0.1668408487	0.1209638548	0.1571654257	0.03309569524	0.1525233089	0.0655404632	0.08139504591	0.0605009823	0.0670387488	0.07601692538	0.08250873197	0.02624360375	0.09265471232	0.04174477174	0.02152189585	0.02686591674	0.0891594989	0.05689246375	0.03263075645	0.1137604562	-0.03647352327	0.00187625142	-0.02436713298	-0.04002876013	0.138122987	0.1800317882	0.05192078818	-0.01366171447	0.2256751175	0.03717485381	0.03961307254	-0.06242630003	-0.3619667566	-0.2415392253	0.182276043	0.07927625512	0.09572242603	0.1590991257	-0.07516193776	0.08655785675	0.04199479113	-0.3694850324	0.1888709493	0.0712763215
0.08738791408	0.06227150188	0.06505064422	0.1431637921	0.0585019549	0.08532119982	0.0628186059	0.09993842409	0.1365122907	-0.3408008928	-0.3206870402	-0.3311766821	-0.3091784109	-0.2899744889	-0.2785830685	-0.3089502709	-0.3392932264	-0.3281366543	-0.2785529922	-0.317773906	0.05989357218	0.01306118634	-0.2737733986	-0.05845904298	-0.02874839297	-0.2975104111	-0.2916894169	-0.2957778785	-0.2955499542	-0.04696949249	-0.2927518254	0.001980117607	0.05726431035	-0.2100199479	-0.0058201048	-0.2855798023	0.1350825294	0.112214133	0.1515020439	0.04744348805	0.07554881014	0.08859059022	-0.35157933	-0.06721982895	-0.3140929193	0.05209321034	-0.02012853527	0.1504033533	-0.04616859133	-0.01139984924	-0.005269344123	0.04002589546	-0.2917078175	-0.2736254808	-0.2649640817	-0.05560712069	-0.04695195899	0.07186588282	-0.3552361682	-0.3435015063	-0.3656384726	0.02879914802	-0.3025372148	0.00509003545	0.01766906202	0.05021349314	0.029432749	0.09861556364	0.1338236693	0.1332319542	0.05795920925	0.06927470007	0.06911189224	0.06726349527	0.06117592618	0.08662659838	0.1506862311	-0.0007205609593	0.07439877356	0.1265577705	-0.02804226847	0.01683834631	0.02982301846	-0.02512729875	0.02990325865	0.06505165152	0.08358913027	0.06505078913	0.08767041606	0.01211718287	0.0693242778	0.06019001345	0.02149972964	0.1542002481	0.03915420039	0.04617816826	0.04775448515	0.0491815644	0.06770663087	0.004467788495	0.0715759598	0.1261040347	0.562381206	0.02733463604	0.1279903117	0.1268327374	0.05429662707	0.06206267195	0.05037491291	0.04932617081	0.1026866347	0.06485444076	0.06042692022	0.05952726166	0.07522263657	0.03072915167	0.03872015171	0.08499063694	0.09702762309	0.03412218884	0.08316994221	0.1145955597	-0.04135707317	-0.05635261822	-0.02266060599	0.06787945269	-0.3430554415	0.07951141112	0.03190788539	0.04525319849	0.01145821628	0.06701089103	0.06203158384	0.06211149741	0.0472776082	0.04009730073	-0.05491677344	0.04763359665	0.0529330858	0.02487915481	0.05940305714	0.06328432646	0.02853902753	0.09157177164	0.09179272129	0.06698022415	0.1235539165	0.03754208511	0.09898631923	0.0270508722	0.02075927421	-0.0339332687	-0.04142349302	-0.008162498707	-0.07859912012	0.0347891262	-0.04955798195	-0.08211014209	-0.07385774915	-0.05255115566	-0.0296675074	0.1648321955	-0.009684867885	0.09254378804	0.1252018647	0.02759435481	-0.07858146019	-0.03867348067	-0.06077880438	-0.06131247883	-0.06364638772	-0.08951797695	0.026417058	0.08004210561	0.02164827351	0.02559106324	-0.05083647271	0.01712165634	0.05611238795	0.09790669048	0.02309536941	0.07149425138	0.01944713196	0.04135215051	0.015386954	0.08818381175	0.07144306573	0.099460421	0.1123059829	0.1283248422	0.04436425427	0.08553916642	0.06385208628	0.06321757671	0.06538387812	0.08493128926	0.08867473822	0.02640335658	0.07073277524	0.05752970135	-0.0007007175229	-0.0008912754562	0.002303775689	0.08474466739	0.06630745674	-0.00816998842	0.1766021177	-0.01002631104	0.04848218212	0.03066503505	0.0009965087294	0.1412396232	0.1189401013	0.02369016854	0.04783111285	0.06250810388	0.02603428346	0.05182187736	0.01829766932	-0.3025035567	-0.2043476699	0.06664477258	0.08851555217	0.08248262847	0.0841675935	0.001772283371	0.1309793441	0.09026202955	-0.311316274	0.1168388113	0.08005021868
0.03305755718	0.08733773688	0.0729371417	0.08925676939	0.05027922752	0.01307002235	0.03530237435	0.05237897429	0.07405830926	-0.3761086771	-0.3687679024	-0.363875164	-0.3550701425	-0.3025132577	-0.3147574845	-0.3637040617	-0.3750909186	-0.365505306	-0.2829667391	-0.3730815416	-0.03786920125	-0.04745692187	-0.3008357991	-0.03451383298	0.00384561188	-0.3170072087	-0.3111109444	-0.3043561779	-0.3139584943	-0.005784599889	-0.3142465192	0.0004334844558	-0.005485749447	-0.2016530318	-0.01936085786	-0.3049859874	0.01675504474	0.006683465371	0.0502569057	-0.01844947126	0.01027421741	-0.03042967929	-0.3515519154	-0.03475246188	-0.3222447844	-0.0268235158	-0.01707905286	0.02868947289	-0.02059928566	-0.04957217445	-0.02928367324	0.03230027708	-0.3170874609	-0.3056404062	-0.2947513169	0.0006421529504	0.004816933038	-0.03393854027	-0.3576172873	-0.3794693898	-0.341277993	-0.07002147961	-0.3021672446	-0.04282722136	-0.03555061183	0.04210664313	0.1232898298	0.01418958411	0.07064891503	0.07912839264	0.1283894446	0.1051065508	0.1047187618	0.05107200504	0.07630101821	0.006131175213	0.118124933	0.3223960778	0.03760088711	0.04790100558	0.03957295944	0.02632218089	-0.01432607969	0.07685844251	-0.01673030509	0.03224185006	0.07162468656	0.02179929667	-0.02083812716	0.08427539879	-0.01455420885	-0.002247615676	0.09426071601	0.05010180745	0.06626039443	-0.004388771537	0.03014068913	-0.02127520023	0.02162849801	0.2217540842	-0.0552383478	0.09091935715	0.02733463604	0.6187739642	0.007367166522	0.05226412672	0.005624512498	0.08273990299	0.0911267299	-0.01901421318	0.1139433858	-0.04010456588	0.05039667127	0.03137304157	0.01451155768	0.1217639658	0.02461355073	-0.006356328203	-0.003976127089	0.07312751659	-0.01980273932	0.04620780555	0.1546901206	0.1981826741	0.2558141252	0.06450909502	-0.3441806189	0.1479840549	0.01426416643	0.04129797918	-0.05411122143	0.02140122285	-0.001957979737	0.006178280657	0.0571579588	0.0161092045	0.1847657354	0.03281982529	0.01524206701	0.1177072527	-0.01584623038	0.0179139144	0.004874659934	0.03142946106	0.008243059668	-0.005047074063	0.06761082098	0.0523124429	0.004273537242	0.002735432003	0.09767775326	0.01533432579	0.1040907501	0.1037328529	0.08994822991	0.07605675601	0.09289805554	0.08349640551	0.08824322749	0.1095202042	0.1004741678	0.05421885142	0.05632760596	0.01151454176	0.08061223977	-0.0274990896	0.09363371151	0.232999322	0.1400700307	0.2316518566	0.1920160284	0.08646173264	0.2560295778	0.05800068906	0.09619672291	0.1836173027	0.2249113126	0.04677598872	0.09125153919	0.03451759283	0.03920367015	0.004345617195	0.09714130308	0.1348422287	0.3015783641	0.03715360192	0.0260907133	0.04288894793	-0.01713392572	0.03122975014	-0.05153970479	0.08341477872	0.08419692615	0.08702714992	0.08762739469	0.03794652744	0.06384598176	0.02793024583	0.05558893992	0.07934566601	0.1780960168	0.2150520438	-0.0146798056	0.07969445394	0.03609925752	0.02645590889	0.04994252484	-0.0118139746	0.02291078833	0.02504611952	-0.03824338328	-0.0204639054	0.07021795188	-0.0420952208	0.05232176203	0.09096522961	-0.006132741652	0.0006921223927	-0.05113168628	-0.3523118497	-0.2079179162	0.1255776632	0.1082615531	0.00735963289	0.006937252015	0.003112600147	0.07693685336	0.04332487414	-0.3301837809	0.04348194	0.06025360755
0.1151670939	0.07736121308	0.06837019113	0.03662216634	0.06993208343	0.04361277634	0.03733723992	0.0610776535	0.1480948077	-0.3241735458	-0.3050205839	-0.3113898087	-0.2933025395	-0.2973663316	-0.2977856225	-0.2912689995	-0.3179349541	-0.3092568734	-0.305163209	-0.3021519362	-0.02731929734	-0.05819284474	-0.3396054785	-0.03678668926	-0.01660087017	-0.3128250073	-0.3116003742	-0.2843736632	-0.3028969297	-0.01972222719	-0.301771765	0.04436610504	-0.04055037871	-0.2259463718	0.01043875649	-0.2923650241	0.06440551311	0.05352821896	0.07241666099	0.05418660622	0.05265705754	0.03922389594	-0.318233952	-0.09041108145	-0.3156400509	-0.00418725845	0.01213383215	-0.02875985501	-0.05072134829	-0.04861474624	0.01195228006	-0.0627824382	-0.3082645213	-0.2831593846	-0.283277859	-0.02051206164	-0.01228300258	-0.01255776025	-0.3319752825	-0.3303995696	-0.3107269685	-0.02281743743	-0.2950396584	0.02182533408	0.01109288342	-0.0535593738	0.05582317627	-0.009835495625	0.1226697377	0.09884946583	0.03240593591	0.02447013259	0.02485019978	0.08503354838	0.1202060197	0.1126525591	0.2589591614	0.03775302603	0.07472751832	0.07924667335	0.01083757454	0.04535139708	0.04289215126	0.1199050112	0.05476613213	0.0614856834	0.05005871269	0.07886065088	0.04378577248	0.02574174422	0.04545357701	0.05269840973	0.05957636115	0.07513912107	0.02547277972	0.01786596879	-0.0006064550842	0.04935000511	0.05751311115	0.0198396392	0.05125253408	0.08245417881	0.1279903117	0.007367166522	0.597925714	-0.01283183507	0.08998490498	0.08791940812	0.07014962744	0.07196961762	0.04833668848	0.06039930299	0.1359311614	0.0697336796	0.0749010939	0.09739644506	0.009258236355	0.03960170678	0.05090231755	0.02501595176	0.03674963888	0.1182909294	-0.01971673097	-0.02440758546	0.03528942526	0.02236821772	-0.3123589966	0.03311945939	0.03664570026	0.111167353	0.04162186987	0.02225850461	0.06554076621	0.07613658271	0.08269715252	-0.004397036513	0.0412070085	-0.002071589221	0.01845297964	0.05972074919	0.1598113661	0.1080823228	0.02883233729	0.0744661026	0.08318205534	0.07152172976	0.1002864713	0.04850340838	0.1221382911	0.04589930511	0.1039704157	0.06531772739	0.007408123404	0.03413513067	0.05619747716	-0.008420407934	0.03626486484	0.05110951721	0.06076519451	-0.002384739137	0.08436870198	0.2085766511	0.01379480207	0.09120971098	0.09780660163	0.01745742789	-0.002803417686	0.02544061548	-0.03452934041	0.0007742183046	0.03229388964	0.001812697963	0.1339850152	0.05306605687	-0.01970281241	-0.01792212089	0.04542108251	0.06682073767	0.01630340112	0.04658525546	-0.03146114524	0.07188034851	0.07859520847	0.04355079781	0.06331346349	0.1521685004	0.06907078041	0.05848349681	0.07360284486	0.09118985818	0.0537962311	0.08581341649	0.05760667421	0.01299895205	0.04273191526	0.02087408721	0.09446807484	0.01743436407	0.0344881271	0.07787433813	0.04022458395	0.06469886006	0.04799693146	0.08976425533	0.01032929798	0.07104628958	0.02743769837	0.05672284898	0.06550363186	-0.02418719802	-0.02569277415	0.1010950677	0.08399987732	0.09873398407	0.0381953647	0.01666317988	0.01330072453	0.06457503234	-0.07202241798	-0.3356796897	-0.2217051015	0.09387030283	0.06628923539	0.0390256992	0.09584014807	-0.01362167583	0.1041169009	-0.006471056828	-0.345065871	0.1162438073	0.08816681017
0.1094545474	0.0462271495	0.02740626423	0.06000979281	0.03180705758	-0.02220577691	0.009648026584	0.03347534728	0.01129867006	-0.3684809472	-0.3479577711	-0.3554026513	-0.3340640651	-0.3154443369	-0.3146546793	-0.3345801662	-0.3646649637	-0.3530704645	-0.288247208	-0.3422586905	-0.01538881468	-0.03371619272	-0.2821762788	-0.04453720642	-0.03131757046	-0.3269148747	-0.320686433	-0.3251889565	-0.322744543	-0.03560177443	-0.3140413808	-0.06131885152	-0.01030984301	-0.2163495219	-0.049010141	-0.315714782	0.03938788011	0.04474005624	0.05161888364	-0.01500034719	0.01144014474	0.045854697	-0.3765784377	-0.0711374138	-0.3377629626	0.02555279726	-0.04438405299	0.002570019185	-0.048382744	-0.01026533887	-0.02721126249	-0.01042814239	-0.3214974253	-0.3071724593	-0.2987981071	-0.0392886883	-0.03829249928	3.480239557e-05	-0.3789693632	-0.3719933356	-0.3930983007	0.006424358111	-0.3250019605	-0.02704292004	-0.04306900159	0.001731391613	0.0002822030422	0.01986198973	0.02413215022	0.04644500095	0.07937450615	0.05141727946	0.05109611268	0.1056084436	-0.006986945258	0.0575458432	0.009638225405	0.01132233725	0.004773207701	0.05179504844	0.1431214076	0.1086683558	0.1222018491	-0.02756634873	0.1066100522	0.123371717	0.0385455863	0.1933260311	0.4048558655	0.09299842145	0.07413716473	0.2542105064	0.1364005821	0.05276492591	0.1575961515	0.2782483366	0.2080848244	0.2889267652	0.05468419432	0.04106703117	0.2546136865	0.05973966321	0.1268327374	0.05226412672	-0.01283183507	0.5655029978	0.1028363904	-0.02283722109	0.01283429652	0.02169804608	0.08205798549	0.04640123661	-0.009334837994	0.06364009888	0.1114073995	0.03802503773	0.1248748733	0.0739986118	0.002882118283	0.1623687443	0.4178466542	0.005516274857	0.004650736449	-0.004546970218	0.02709560435	-0.0004622760341	-0.3671891214	0.0935908782	0.1103783376	0.1445785522	0.1665005801	0.2979909207	0.2833714836	0.2350585328	0.05070736248	0.1155492014	0.01567904757	0.2134916664	0.1999834375	-0.06244052345	0.07060765128	0.1240423249	0.1279519093	-0.02413857168	0.0185259064	-0.009954823368	0.04936537519	0.09834466617	0.1192183334	0.143560548	-0.01753296657	-0.07973569345	-0.01757945882	-0.03399002768	-0.04572244424	-0.05098541984	-0.01396397038	-0.0340768362	-0.05373762429	-0.02780937113	-0.04423125285	-0.01007991113	-0.01104590749	0.1004061658	0.04295823555	0.1734079926	-0.0254633822	-0.02715924496	-0.02185413157	0.006206253319	-0.04010423276	-0.02515763675	0.07560866478	0.05418182127	-0.01287463403	0.130520142	-0.02442643306	0.05550486375	0.0715263663	0.1405063133	0.1496771949	0.05128818265	0.02171786803	0.03490565476	0.001097681512	0.08364912019	0.1041397124	0.1579473674	0.04363783918	0.07047716888	0.1681915242	0.03555382393	0.0291582591	0.08534597362	0.06228492728	0.09459757381	0.02815907621	0.04813665736	0.03852472396	0.009802345404	-0.0708638843	-0.04402935998	0.01529947136	0.02135143953	-0.004754512391	0.006995298259	0.02147527424	-0.05106074476	-0.01488544502	-0.009014149671	0.009664960249	0.03954873947	0.04090462617	0.04945084007	0.1545540031	0.07753329145	0.2788164957	0.1201897988	-0.02906009296	-0.3090920459	-0.2182230528	-0.01207189263	0.03617256468	0.07266825547	0.06361938933	-0.04553596455	0.002491675714	-0.01276899295	-0.3148758839	0.07342027854	-0.007174209117
0.07882860139	0.03785741223	0.03601736745	0.01577694334	-0.01293994881	-0.04784376254	0.03589193239	0.01790695396	0.03592140368	-0.3492856311	-0.3330609298	-0.3402179931	-0.3220710268	-0.323157629	-0.307540003	-0.3133342692	-0.3466535364	-0.3377328491	-0.2691995563	-0.3248593805	0.01227563269	-0.02397169969	-0.2478571494	-0.01124579117	0.02329141491	-0.3294534974	-0.3307538596	-0.3293189672	-0.3289307899	0.003506578078	-0.3224426903	-0.09118127849	-0.03125176371	-0.1345045081	-0.07830611859	-0.3122750213	0.03550652601	0.0337827992	0.03182753682	-0.004899673471	-0.02623966128	0.0838238629	-0.3327750256	0.02972441756	-0.337017877	0.03609128283	-0.06289245314	-0.03815474628	-0.01166769305	0.003475460374	0.02426530409	-0.03980663751	-0.3263972493	-0.3140705388	-0.3031304496	-0.0001705123577	0.006332330928	0.02812921624	-0.3531837776	-0.3497215465	-0.3189104019	0.05084128319	-0.3230150363	0.004743110366	-0.02578370973	-0.00879434498	-0.01353625899	-0.02911336842	0.04765561308	0.01970889055	0.0157363034	-0.005793646255	-0.005411796358	0.07855746842	0.03137060202	0.09280573491	0.02152202638	-0.01448199264	0.03398770881	0.03827113293	0.2320738636	0.3352360654	0.05137992976	0.06743353815	0.05576715335	0.05074079986	0.08009740411	0.1356747247	0.1147412255	0.4443522954	0.05419097602	0.2290634209	0.1221892732	0.03446597955	0.1634251319	0.177827376	0.1906500513	0.1352614698	0.06223381051	-0.04143994013	0.0747283651	0.04946348729	0.05429662707	0.005624512498	0.08998490498	0.1028363904	0.6736998151	-0.01882006849	0.02826862007	0.1137710952	0.04117396752	0.07370318116	0.001690225163	0.1497171587	0.09534675078	0.05261573902	0.1795832909	0.07036652744	0.0419923349	0.1648762398	0.1154049094	-0.03433165944	0.03435543566	0.03368477801	-0.01994739494	-0.05052419572	-0.3249523142	0.05665749145	0.5938069393	0.4215016463	0.1258095726	0.1521954746	0.1294867596	0.1044116583	0.0008736207319	0.06846688903	0.01250304665	0.1845454099	0.1533660815	0.03280280111	0.08206931575	0.05502786144	0.1827440578	-0.03725014365	0.04698801957	0.04959119255	0.03555964225	0.09293748083	0.06714530847	0.150236269	0.05123558152	-0.01132502262	-0.007774563281	-0.02620678341	-0.03084998068	-0.03783449659	-0.03758998127	-0.07601181169	-0.04631046525	-0.02353296308	-0.0424301458	0.1059870919	-0.02582287717	0.08491854487	0.03317878109	0.08354535177	0.004881703875	-0.04939044404	-0.06940979866	-0.008538939	-0.03265189698	-0.04958779167	-0.02223966365	0.03998541374	-0.02378356443	0.1064599012	-0.02856262897	0.05270937676	-0.02109022838	0.104429658	0.2312067945	0.07850355004	-0.00843361505	0.009563225506	-0.02315544445	0.06043608891	0.1588827029	0.08670255147	0.03581414689	0.05270588202	0.1167899301	0.03609166047	0.05534208101	-0.02854532967	0.007910664666	-0.002362526641	-0.04197219712	0.01995618767	-0.009714756206	0.002517536751	-0.01935240014	-0.0468248939	0.1081862344	0.01110456974	-0.01098165956	0.05427006016	-0.01409273502	0.01090984746	-0.0174257487	-0.02908489683	0.03420634292	0.02000575284	0.04364316192	0.0596987897	0.3175125863	0.03628608421	0.1236014109	0.1855683103	-0.01224577669	-0.2636640305	-0.160025191	-0.03471676279	-0.01376074747	0.06119982296	0.08543626154	-0.0597454289	0.02116575052	0.0229461301	-0.2487325725	0.03993335321	0.003827412362
0.06307422762	0.09937242542	0.1145773389	0.1100940977	0.04433422751	0.1478932898	0.1159599707	0.1102807363	0.1235101989	-0.4043291711	-0.3852949544	-0.3832839541	-0.3690465145	-0.3390010468	-0.3438904152	-0.3713948696	-0.395862378	-0.3564029754	-0.3013269313	-0.3780954917	-0.01691955292	-0.04477174247	-0.3207218963	-0.02880495279	-0.004940003656	-0.3401656249	-0.3386039943	-0.3235168412	-0.3439480782	-0.008298757221	-0.3392761799	0.01675125862	0.00185169664	-0.2246398268	-0.0416109141	-0.3182216581	0.09392999218	0.13965281	0.1424232134	0.06560264	0.04230055869	0.09114313226	-0.3560135018	-0.05159189806	-0.3379169275	-0.009256884055	-0.01946888478	0.1952483306	-0.008660007831	-0.04394388718	-0.01190441214	-0.03691252607	-0.3302263766	-0.3299026992	-0.3215850433	-0.0194058733	-0.001672509335	-0.01676516707	-0.3540165949	-0.3709119411	-0.3493880367	-0.05645378498	-0.337193451	-0.03539499624	-0.03591465507	-0.0132828324	0.1752139931	0.07115348798	0.1139512364	0.1180143469	0.1104117859	0.07182831264	0.07161924	0.03316115722	0.1127124196	0.09608481314	0.1221766628	0.04997637501	0.1222386109	0.133100064	0.01111114557	-0.04750633424	0.102340679	0.09186047518	0.08135885822	0.0432022864	0.04384261517	-0.05731081397	0.001110120976	-0.08326505441	0.05801010702	-0.02422970518	0.02706427915	0.1474597302	-0.07231116861	-0.02135228268	-0.03128804759	0.01697461046	0.1057288963	0.1245070124	0.03871496697	0.1118205478	0.06206267195	0.08273990299	0.08791940812	-0.02283722109	-0.01882006849	0.5117065808	0.07847546042	0.04050115753	0.1160989991	0.08575735175	0.138932761	0.09443362055	0.1475557737	0.1639130703	0.01774901495	0.09888142551	0.1514676549	-0.04702689344	-0.0191450589	0.1932072491	0.1220757202	-0.03327063924	0.0854951934	0.1053061747	-0.3490738479	0.05021968988	-0.01836865859	0.01601777407	-0.020363675	-0.03017648576	0.01920144463	0.03837235328	0.07418389357	0.0264483255	0.001335418528	-0.02865266521	-0.01665215998	0.07364004043	0.1210386369	0.07394691834	-0.01313350456	0.1358563039	0.1304030558	0.1633530575	0.1105064917	0.03126528454	0.06977852465	-0.01262171913	0.07568004112	-0.00284297542	0.07941410359	0.03521374149	0.03554184443	0.0275431228	0.01979403104	-0.04780061376	0.06745524473	0.04159648459	-0.01807101612	0.1171513975	0.04754987221	0.10938097	0.1125377211	0.06027485239	-0.02366378967	0.03198477171	-0.05546747443	-0.00876846967	-0.01127754215	-0.08608182357	0.05743841126	0.109643465	0.04190715024	0.04013007733	0.01230552947	0.0009177049351	0.05410842459	0.08109542201	-0.01980708506	0.08307548237	0.09439821232	0.1028485922	0.1376206305	0.07455260298	0.04347690625	0.07286144807	0.1020704464	0.08501094438	0.01545291998	0.1835999533	0.06397679113	0.07579448881	0.09750549382	0.1066741581	0.151381656	0.06477952452	0.1228869361	0.08586731055	0.0951457839	0.1111507754	0.00362196844	0.107124396	0.07223131191	0.04054413191	0.1073385877	-0.03694554139	0.04595671601	-0.01906645701	-0.05208971219	0.1346502662	0.1355445569	0.05135496291	-0.03299062377	0.05103631166	-0.0131667484	-0.002204432305	-0.04993610741	-0.3597272723	-0.233116111	0.2157057802	0.1156867601	0.09053924048	0.08080326232	-0.004948817768	0.1397698901	0.02421654852	-0.3504814399	0.134685107	0.1418110484
0.007097752734	0.3319502422	0.04417966069	0.06948200257	0.07067656258	0.06494752308	0.05462984179	0.04982904697	0.01435721041	-0.3233711035	-0.3352726406	-0.3416914001	-0.3222192269	-0.2946972397	-0.2940280054	-0.3190403689	-0.3141500081	-0.3374393444	-0.2708048664	-0.2964406505	0.02625368788	0.0575392528	-0.2853880602	0.02112119734	0.0123124303	-0.2777952966	-0.2771015269	-0.2901306737	-0.2648403391	-0.01066942366	-0.268415871	0.05206679686	0.05300668351	-0.1890061272	0.0521582797	-0.2907528623	0.1024409141	0.09773708341	0.06259155628	0.009205688011	0.0342799981	0.05724929381	-0.292227639	-0.05062050156	-0.2984914965	0.06355118868	0.03603177941	0.1109756591	-0.01264646916	0.01265366979	-0.01264276798	0.02336126907	-0.3088464563	-0.2877231798	-0.2822157826	-0.006239018547	0.006420722596	0.01287145733	-0.3077446091	-0.3094801334	-0.3066881594	0.03679297985	-0.2875313641	0.02975682865	0.01135408655	-0.00186329182	0.04932169489	0.09149360462	0.05268158537	0.1237735492	0.04332443456	0.03935270412	0.03952991897	0.07629997423	0.07700117635	0.05253715527	0.09221104653	0.0587145192	0.0599929336	0.04388699533	0.002823634037	-0.05816750828	0.0482578077	0.06417639532	0.002684581094	0.03772173069	0.134001131	-0.04242014293	-0.02867305914	0.06421699711	0.04505159319	-0.03614799054	-0.02103363253	0.05733423575	-0.06187804857	-0.01859887481	-0.05641940102	-0.01683173083	0.07145914217	0.1288975615	-0.0041430162	0.06539827994	0.05037491291	0.0911267299	0.07014962744	0.01283429652	0.02826862007	0.07847546042	0.6040236036	-0.03710662696	0.03934051624	0.04577665436	0.07356542659	0.02337491959	0.05791445454	0.04132324224	0.002293422157	0.07880536108	0.03309670632	-0.06350563286	-0.02083267917	0.1258743951	0.01481643753	0.02498901563	0.06210118357	0.09616967959	-0.2846229986	0.02403247094	0.02164596329	0.08193927956	0.02119629165	-0.05490724148	0.002610189818	0.0660942313	0.03582141224	0.08269483526	0.1081532294	-0.05691311126	0.04799202543	0.1603883712	0.003298596723	-0.000429413064	-0.006940200967	0.01141128178	0.05602981017	0.04182432382	0.05922757037	-0.009129349432	0.01929226887	-0.0004952726945	0.03604403583	0.03648035264	0.0195437497	0.02062060777	-0.01241845165	0.0439192075	0.02286882044	0.00944359667	0.004326109971	0.006703244324	0.0119325015	0.09978857604	0.06767083903	0.05567820301	0.1642078994	0.02112036136	-0.0267324976	0.1386000147	0.04793391003	0.05620708087	0.1234709939	0.0148722355	0.02749694581	0.06262798259	0.05811481582	0.01852064461	0.1169767865	0.041199222	0.07393953343	0.03471191392	0.1035642192	-0.008948933958	0.1074227846	0.08377485281	0.03888093308	0.03973792336	-0.004309694259	0.005233757419	0.01053015982	0.09275949325	0.01947508393	0.07717463552	0.2848038557	0.07623493876	0.08637881542	0.106160387	0.1076109874	0.01958622505	0.08389927737	0.06335839945	0.1119202962	0.09042170429	0.01602404747	0.06162426774	0.04033625847	0.05445310178	0.06912134779	-0.04479417758	0.05870070593	0.03530037791	0.0008974629527	0.01719370001	0.09162072504	0.04897366802	0.1101030787	0.04657124118	-0.01966239727	0.0409581521	0.04705104107	-0.3211760023	-0.1948427364	0.112599006	0.06264967125	0.06525082227	0.08906416179	0.03357716865	0.06105807581	0.01768518526	-0.2967584796	0.06209378952	0.08082569022
0.1136939017	0.01210083534	0.1221836424	0.04575737115	0.008908460616	0.1901913986	0.03672627463	0.04699347956	0.08392902589	-0.3247548173	-0.3345082642	-0.3380538624	-0.3257231343	-0.3242440803	-0.3122537624	-0.316289773	-0.3181647857	-0.3155243324	-0.3149974926	-0.3219482719	-0.06002814034	-0.09595321452	-0.3079774818	-0.03292835643	0.001064709881	-0.3196671389	-0.290310574	-0.2875508382	-0.317714223	-0.01713407688	-0.3183162813	-0.08703189117	-0.07957414587	-0.1977861151	-0.09443537101	-0.3127548985	0.05318106759	0.0347790121	0.0382632628	0.0002542165513	-0.04037867045	0.01197619565	-0.3298775695	-0.01160649253	-0.3003604658	-0.02765463604	-0.03584823594	-0.03880521823	-0.03432061578	-0.06383432944	0.003002355536	-0.08393039485	-0.2795641212	-0.3146163512	-0.3009119429	-0.02327586915	-0.01401977122	-0.06696144911	-0.3422274555	-0.3542805632	-0.3083966964	-0.01599685482	-0.2786369504	-0.02960929578	-0.05509317548	-0.0696200077	0.03557447924	-0.02625662817	0.01448420868	0.02647513335	0.06826370025	0.07636734058	0.07638138076	0.05131439135	0.07860900146	0.1000557563	0.04134322141	-0.02959913544	0.2862726891	0.05800730225	0.08560811811	0.2032864502	0.02400439376	0.05118866055	0.0623443713	0.08915310728	0.06635540469	0.07016155474	0.07796725068	0.06394940726	0.1581748583	0.2309338288	-0.03792239824	0.04029964992	0.04549652938	0.1616384444	0.09201015592	0.06434656705	0.07707276051	-0.0227750733	0.05553497525	0.096396666	0.04932617081	-0.01901421318	0.07196961762	0.02169804608	0.1137710952	0.04050115753	-0.03710662696	0.7741836047	0.1077085511	0.02806423657	0.02315776645	0.08272598402	0.06735173767	0.001729119498	0.1345605947	0.2951198424	0.2837254342	0.09201387047	0.07283184147	0.1519514692	0.2107113396	0.2343792954	-0.03206520183	0.02223194112	-0.3237809706	0.2597476755	0.05637181823	0.05512322001	0.03096739037	0.08367349213	0.02055649159	0.05807499251	-0.0199170495	0.0140339699	-0.03594242051	0.09911973552	0.009334027728	0.04932340899	0.1013795655	0.1411409327	0.09420167256	0.2426565666	0.2806211243	0.3209505872	0.03734827291	0.1147482896	0.02104367883	0.1058140707	0.04276841932	0.006378037732	0.01061247797	0.0255872634	-0.03000970857	-0.02073717951	-0.08422445181	-0.06061056202	0.006242373206	-0.01475746698	0.01463006354	0.04821780913	0.05762275339	0.09761364616	0.02353248509	0.1596880009	0.01091413951	-0.05207493527	-0.1155663814	-0.06586521743	-0.07304487327	-0.08027604478	-0.002054746561	0.03706689987	-0.02038529026	0.03891400746	-0.05709371048	-0.001588068193	0.1842425356	0.07673543297	0.05767498719	0.1350827023	-0.01891631689	0.004233330731	0.0795996743	0.0841367983	0.1466412025	0.07814363929	0.2408356345	0.1113270658	0.05546651637	0.05491147946	-0.04224243497	-0.02987675056	0.01202032383	0.03016207675	-0.005736974473	0.02405496247	-0.06149988324	0.0588697579	0.08005651015	0.000965728086	0.3648209491	0.08595069714	-0.01173002454	0.03344438451	-0.01285924408	-0.02157884858	0.0003568618768	-0.04314294987	-0.0341766014	0.2437763226	0.05279911872	0.3533836996	0.1029525494	0.07912793452	0.03566589831	0.09911760892	-0.109801075	-0.3046296519	-0.2006806194	-0.02799706277	-0.02246758049	0.028858113	0.1059651889	-0.03307861547	0.01194536774	-0.03943282261	-0.2993952793	0.06255526438	0.003674184161
0.08238116107	0.1283935937	0.1342811719	0.2248116152	0.1040922919	0.07826136958	0.1075666469	0.1116809355	0.1443111184	-0.4031011724	-0.3845890741	-0.389801637	-0.36925515	-0.3590241162	-0.3625420672	-0.3654170285	-0.3981590636	-0.3855113519	-0.3606079994	-0.373736292	-0.06045245433	-0.07974851295	-0.3489823371	-0.1141870983	-0.08889625022	-0.3664966273	-0.3644689277	-0.3648448136	-0.3651204584	-0.09902662902	-0.3564564688	-0.09198776356	-0.03209664756	-0.2562221062	-0.06296091116	-0.3511062331	0.1242122529	0.1546106338	0.2031294014	0.05549416602	0.02949590243	0.09354988645	-0.4153955315	-0.09285759424	-0.3749669611	0.003954436788	-0.07222931704	0.02273474355	-0.1146121689	-0.07237117475	-0.05957709149	-0.04712163039	-0.3665827871	-0.3564330619	-0.3456323778	-0.1059129524	-0.09347517759	-0.04977215897	-0.4204079429	-0.409450417	-0.4031704237	-0.03883653579	-0.3634653936	-0.05682681449	-0.04968545475	-0.02579437792	0.06644464952	0.06102724534	0.1557644375	0.1917971671	0.2130449757	0.1669620548	0.1659546043	0.1891203226	0.1031351533	0.1631577495	0.02054973951	0.02297700855	0.1573366202	0.1831597069	0.007837912988	0.03619964731	0.1037236526	0.03526978335	0.1095563597	0.1286642463	0.06662301876	-0.01293763031	0.05670502192	-0.08915097526	0.03741104105	0.06712401454	-0.002922800904	0.1978757437	0.0176376319	0.06618010921	0.07951179472	0.06982777702	0.1679220625	0.08796632234	0.1071499395	0.2152194142	0.1026866347	0.1139433858	0.04833668848	0.08205798549	0.04117396752	0.1160989991	0.03934051624	0.1077085511	0.4079388506	0.1060946163	0.08887711796	0.1047709135	0.1720923661	0.1104769764	0.08579774628	0.1480945152	0.1141735517	0.05687371765	0.04340128631	0.03607843626	0.000383381873	-0.03935715307	0.1143536858	0.03087258706	-0.4050312208	0.1460990455	0.05138501245	0.02049321914	0.05893597724	0.05614926105	0.1122659121	0.05162919424	0.109575462	0.1132878638	-0.0244995068	0.06351896236	0.002684181841	0.06810480325	0.07117098075	0.136879239	0.08780721348	0.1039024794	0.1174925385	0.1137165007	0.1814388687	0.05231665436	0.07662136053	0.09235684325	0.07862629867	-0.04742652594	0.006436425217	-0.04688173181	-0.02961139784	-0.0191243055	-0.05957504722	-0.1231404476	-0.05268251378	-0.05812767626	-0.05589009806	0.07465073436	-0.07668456412	0.1809329949	0.1818478453	0.1427947072	-0.100186885	0.02284208265	-0.06089262829	-0.02075552565	-0.02527804778	-0.1695683686	0.02359095326	0.162570413	0.005179190775	0.07918151483	6.594981118e-06	0.09696937196	0.1338161432	0.1531990704	-0.02587534975	0.09962931191	0.1267413225	0.1580220303	0.08273080905	0.1012828797	0.09859733093	0.1683130857	0.1482399291	0.1478893506	0.04259858323	0.1982301503	0.049180424	0.06221360647	0.08010367869	0.1330375594	0.04040685111	0.1332058737	-0.02437563918	0.1360832731	0.02550480957	0.07090470101	0.02783151209	0.122075578	0.07313016685	0.02884300042	0.1349373193	-0.06254363696	0.0254705103	-0.02059939277	-0.05823161402	0.1415163961	0.1897740665	0.04926777717	-0.003095179765	0.1911747718	0.06077843278	0.06621645304	-0.08155142326	-0.3693287383	-0.2537358302	0.1319861625	0.07113014948	0.09218158846	0.1272431955	-0.07765603674	0.05080978377	0.03848842443	-0.3742139864	0.1583546115	0.05228230742
0.06484903473	0.0652913977	0.1274097053	0.1118941492	0.1361660442	0.07527057463	0.07807313365	0.1676976347	0.09323306598	-0.3976857756	-0.3770369735	-0.3855862409	-0.3627727627	-0.3658611722	-0.3450600366	-0.3636888204	-0.391865171	-0.3819798625	-0.2648384484	-0.3737815991	0.1662642843	0.1037409206	-0.2904163272	-0.02521090399	-0.004296197644	-0.3677131723	-0.3626835514	-0.366508171	-0.3662894568	-0.01280637828	-0.3620697636	-0.0372403516	0.006962234266	-0.1826181383	-0.03447811841	-0.3588856012	0.1843071662	0.2844132311	0.2370336187	0.1568741344	0.06822790919	0.4082420047	-0.4039252239	-0.03440051031	-0.3845765289	0.2322912076	0.007739018389	0.1230294138	-0.03213680458	0.1222961172	0.02868295975	-0.04569030501	-0.369103393	-0.3552304668	-0.3391280004	-0.0115961007	-0.005880134398	0.1242917169	-0.4008506591	-0.4041778762	-0.3907818477	0.118396382	-0.3642909864	-0.03276593156	-0.02454118303	-0.02262232206	0.02609367161	0.08618439908	0.09936378712	0.1577745022	0.01908861465	0.05577246524	0.05539944028	0.1100617697	0.129651962	0.1488276847	0.01302037049	-0.01280808104	0.06329766883	0.1900804864	0.01180048294	0.04111375185	0.09424083955	0.006973482537	0.1218931177	0.03408009227	-0.01857425184	0.03476690044	0.0761046815	-0.0278762476	-0.02625004178	0.04650581963	0.05832364947	0.2317620095	0.0110172109	0.06415263025	0.04212536261	0.06453051023	0.1020851121	0.005941067909	0.1084207734	0.09337330263	0.06485444076	-0.04010456588	0.06039930299	0.04640123661	0.07370318116	0.08575735175	0.04577665436	0.02806423657	0.1060946163	0.512965919	0.09634964097	0.04730597902	0.08797171413	0.054852937	0.02662868326	0.005480691283	0.08135286454	0.03256275662	0.06581523336	0.01397674167	-0.01241352379	-0.04489143456	-0.01268393501	-0.01489301401	-0.3951188999	-0.002282730093	0.08159001634	0.04662075257	0.03677912244	0.04634520302	0.03702790859	0.08214973629	0.03002753967	0.05079186205	-0.02964848125	0.04303142131	0.04787478728	-0.004837934079	0.02530068465	0.04847735838	0.03136495714	0.08200297227	0.1049445608	0.08560971112	0.1611089112	0.02778411551	0.06343360936	0.04297373346	0.1749972542	0.0402598426	0.03266377096	0.0009718711662	-0.01895925287	0.002422525354	-0.06154791541	-0.1179371948	-0.02812006742	-0.009085517506	-0.05847934011	0.06959892078	-0.04290713514	0.07930426568	0.1388087266	0.1024864541	-0.08976685754	-0.03397676654	-0.08810061581	-0.04133020081	-0.04071953021	-0.1136965304	-0.01718229047	0.1206890682	0.01314841085	0.03517783019	-0.02713155798	0.06818107969	0.06322531954	0.0783514511	-0.04335144461	0.03613685432	0.0740356268	0.04884429941	0.03809458548	0.03634694345	0.03227561218	0.06544231735	0.1471322981	0.1148657036	0.06401614028	0.112018942	0.02462767067	0.009182871955	0.003909729951	0.09279392473	0.05538105936	0.1520597507	0.04421685047	0.1402526508	0.0468955253	0.05876807856	0.09000825526	0.1239191624	0.09608317485	0.1537450914	0.1573269684	-0.03753883548	0.02250164372	-0.02597940852	0.1244586536	0.08602306337	0.1331918098	0.06515367278	-0.02710585823	0.03336271338	0.05894896129	0.02677182682	0.1031654544	-0.2744986732	-0.1872808613	0.03711745507	0.01134148402	0.3520392601	0.08482093139	-0.08729541125	0.05438166483	-0.01379496583	-0.2755435429	0.1048123818	0.06196850505
0.09533886027	0.08297410172	0.09851294752	0.07743955748	0.08480666721	0.06669182132	0.1451879942	0.1219971949	0.09853468097	-0.3115068063	-0.2901623794	-0.2934898697	-0.2956306826	-0.3002560662	-0.2734269011	-0.2749818628	-0.2970776948	-0.3124108519	-0.2938127565	-0.2820417928	0.002285857011	-0.0306918483	-0.3197485664	-0.05439583214	-0.03321066692	-0.311077634	-0.3059820341	-0.2724920686	-0.2969311927	-0.02855417565	-0.2968626225	0.05357049878	-0.004625571657	-0.2106830309	0.0281232926	-0.2873742064	0.1242199401	0.1321758774	0.1398014829	0.1366032769	0.09412922486	0.095883623	-0.290347637	-0.08703007197	-0.3009398878	0.004682602526	0.04891179348	0.0379502865	-0.06927021024	0.05314007027	-0.003793621137	-0.03989766872	-0.2697182969	-0.2841877212	-0.2711887972	-0.03697726255	-0.03554156958	0.01109307613	-0.3525169399	-0.3108757956	-0.2846655752	-0.02967972534	-0.2742810183	0.02125021688	0.01305977955	-0.03039484898	0.0853875198	0.004785994741	0.1348908203	0.1255465156	0.07451645917	0.04116054038	0.04112006685	0.08514026305	0.1456556224	0.0894733457	0.08221487802	0.03703625641	0.1168460065	0.135031862	-0.03935494002	-0.04504560479	0.06618047981	0.1257436602	0.06415971363	0.05187623544	0.03284810968	-0.02620297876	0.01191276586	-0.08226218158	-0.003455401799	-0.002491975853	0.0545052969	0.1416326033	-0.03523577235	-0.001842083431	-0.02819641992	0.01224555571	0.08697079457	0.03895652708	0.03791545135	0.08468256683	0.06042692022	0.05039667127	0.1359311614	-0.009334837994	0.001690225163	0.138932761	0.07356542659	0.02315776645	0.08887711796	0.09634964097	0.5133919187	0.06814579666	0.1111867567	0.1182254645	-0.01445094133	0.05929456703	0.1099347537	-0.0378532165	0.00274477462	0.09613358888	0.03603518602	-0.05823618376	0.01339248449	0.1448304085	-0.2846225782	0.03308044506	0.004652850106	0.01412352789	-0.005769015708	-0.03007759594	0.05333452355	0.06820083304	0.124180463	-0.01420517642	-0.03679085431	-0.0296859007	0.01364553519	0.108748981	0.06469385425	0.05614290578	-0.01200721377	0.09779437955	0.1182366091	0.1086288098	0.1153938504	-0.002802226155	0.08712921506	-0.0009181647432	0.1173684302	0.03363153882	-0.00125347477	0.0120867709	-0.004507009947	0.03550223387	-0.03170398362	-0.07927447022	-0.0008122722703	-0.02384662399	-0.02443584539	0.0703344309	-0.0431942551	0.1224124174	0.1701885963	0.0106004222	-0.0759956313	-0.02737054152	-0.08319185554	-0.04657358574	-0.04161273795	-0.09635096316	0.02091748443	0.06279141004	0.04029063396	-0.005186258899	-0.02616138624	0.0030746474	0.05831304529	0.02552388526	-0.04677726517	0.04570993946	0.08682659777	0.06174113452	0.08410866755	0.0615987434	0.02125199717	0.07597336304	0.1245155327	0.1075253323	0.01311160324	0.1382676475	0.04007478155	0.05382509317	0.1045750451	0.06935306752	0.1021591489	0.1297343479	0.03434445016	0.1527344169	0.1224381333	0.1487402768	0.05590200571	0.1519265712	0.05016505768	0.1526370594	0.07657889218	0.02523379195	0.08853357091	-0.006625118153	0.0214244648	0.1128968154	0.1062817265	0.01225035158	-0.04006937529	0.02561166072	0.003556424721	0.01025763947	-0.02896892301	-0.3120997189	-0.2138421284	0.08043669837	0.04146931594	0.1219452863	0.1328820098	0.01832716066	0.09325630304	0.02415288034	-0.3224815778	0.08767158026	0.08943668523
0.1447704754	0.01114118968	0.09078335831	0.06758389032	0.005236067563	-0.002969599154	0.05573056579	0.05414940755	0.09929167857	-0.3875717907	-0.3682432523	-0.3750370402	-0.3523409386	-0.3341595972	-0.3407505129	-0.3508438147	-0.3793710208	-0.3705351116	-0.3351682414	-0.3581698336	-0.06989183062	-0.0902363574	-0.3278148213	-0.06201965388	-0.04858164033	-0.3486221879	-0.346814606	-0.337856801	-0.3423709574	-0.04581698874	-0.3439710478	-0.09101371353	-0.06065560408	-0.2333361651	-0.101238508	-0.34397245	0.09173998122	0.09597808888	0.09243520915	0.03200767506	-0.04392672232	0.03577301952	-0.3925476622	-0.06568279526	-0.3623551325	-0.008937797393	-0.02948243686	-0.05599801221	-0.05636383322	-0.07816900211	-0.01616071353	-0.06634923603	-0.3435537678	-0.3324154399	-0.3250284358	-0.05003147627	-0.04677415867	-0.05469435164	-0.3955262361	-0.3940822672	-0.3798549531	-0.04149416403	-0.3394425029	-0.03683294994	-0.04098645248	-0.02563255063	0.06311234969	-0.01003430229	0.06748147146	0.06915316136	0.09116051532	0.04414396997	0.04412751675	0.05442247997	0.0991409646	0.228036216	0.03249573923	0.02250709829	0.1336364102	0.08449046218	0.07215878383	0.141938199	0.1461664471	0.02039491558	0.1697063908	0.1757887777	0.1264991111	0.09101805907	0.1083792939	0.04226550407	0.1575964431	0.05642439574	0.08721192498	0.09734317546	0.1133362817	0.07320142855	0.1585817418	0.1419202883	0.1432559521	-0.0181545381	0.1405006006	0.1146904341	0.05952726166	0.03137304157	0.0697336796	0.06364009888	0.1497171587	0.09443362055	0.02337491959	0.08272598402	0.1047709135	0.04730597902	0.06814579666	0.5200797938	0.276221508	0.06662460146	0.108942077	0.1602461362	0.1283207174	0.1446824653	0.1152682907	0.06382942332	0.03526505935	-0.0312410654	0.04914105041	0.07773373991	-0.3828915243	0.02453366881	0.1342310956	0.0499309677	0.1129734426	0.1577980117	0.07940349917	0.2626960724	0.02359922936	-0.03820236419	-0.08065684766	0.1616154381	0.2356293156	0.05941640326	0.1054328837	0.2151002234	0.1988613813	0.09183570486	0.1336477677	0.1371351676	0.09040518656	0.240437366	0.09129205992	0.1812646807	0.05540396551	-0.01902206802	0.05219957577	0.009833823477	0.03065901105	-0.01561626933	0.01399617989	-0.0134244397	0.04114060013	0.006015158985	-0.01641263358	0.06281743147	-0.04883489433	0.2274827125	0.10253133	0.09056334726	-0.04946231315	-0.07911339103	-0.1167222747	-0.07323858146	-0.07688815678	-0.1109685984	0.0006695538936	0.1069427555	0.0041683786	0.0132268665	-0.09172031642	0.03410284275	0.02826407292	0.1455197943	0.07948023986	0.2810983935	0.0004798353575	0.0210878074	0.02079883371	0.07020914097	0.127198884	0.140888639	0.1216552917	0.2441861641	0.1602596845	0.1310637324	-0.01614710449	-0.02116789896	0.0433436341	0.01150162915	0.01365829639	0.08267076956	0.0003836639336	0.09058467167	0.05838703013	0.03278357474	0.1020772989	0.1128281171	0.023312323	-0.006842854105	0.02099169536	-0.01111512748	0.004406809805	-0.05445366846	-0.06407378412	0.1015327456	0.1184961682	0.09071018157	-0.0007153125296	0.03316320081	0.1197788954	0.08652207901	-0.1086443212	-0.3454732333	-0.2325562801	0.01220403922	-0.0008744689714	0.06039107228	0.2114828362	-0.04708932542	0.1415413774	0.0005139144886	-0.3558970912	0.04217148058	0.01272064095
0.1547354312	0.06189930818	0.1209283588	0.1025631273	0.03949651985	0.0260191238	0.09619894929	0.09837702815	0.1347589026	-0.4020272677	-0.3864318077	-0.3902292555	-0.3699859048	-0.355197163	-0.3615549892	-0.3695293024	-0.4004680594	-0.3887032289	-0.3563841559	-0.3774648167	-0.06480225215	-0.08407738686	-0.345039394	-0.09649268234	-0.07524923086	-0.362739084	-0.3663618646	-0.3596321837	-0.3674597026	-0.08268042583	-0.3557819857	-0.08928141649	-0.05437216343	-0.2496110697	-0.08382976374	-0.3572244262	0.1164812399	0.1475998653	0.1460848256	0.05180387641	-0.01736420968	0.08198881511	-0.4126289394	-0.1094587921	-0.3855343212	0.001280970629	-0.06514692456	-0.02725567981	-0.09308693786	-0.08088966018	-0.06372148427	-0.05523891762	-0.3651253989	-0.3531869546	-0.3447323963	-0.08761645024	-0.07774663695	-0.05068138067	-0.4161533377	-0.4145702741	-0.400043405	-0.06142941764	-0.3616147854	-0.03992926075	-0.05277137944	-0.03447472301	0.05494486081	0.01311084095	0.08616718133	0.111227026	0.1427783784	0.089977284	0.08960977729	0.06357564021	0.1400688676	0.2323208966	0.06397245329	0.004831584601	0.1571837396	0.1477363951	0.08439115905	0.08449966514	0.1982715039	0.04695934759	0.158502762	0.1880119645	0.09525965645	0.00276818331	0.1263498649	-0.0405623095	0.1268589464	0.08410617753	-0.01777900097	0.1510529674	-0.005913075555	0.07965526224	0.02123540325	0.1549529814	0.1761468582	0.02359466794	0.154429464	0.1616981829	0.07522263657	0.01451155768	0.0749010939	0.1114073995	0.09534675078	0.1475557737	0.05791445454	0.06735173767	0.1720923661	0.08797171413	0.1111867567	0.276221508	0.4160442364	0.1025173498	0.07216963473	0.1811872915	0.1689921188	0.009283984036	0.1005634293	0.07079568893	-0.01559055076	-0.07377330323	0.01286102508	0.1010481398	-0.402199094	0.04419792927	0.09033319444	0.09082552501	0.1506240146	0.04369546757	0.1636006398	0.2078778725	0.07682948776	0.01913567601	-0.03896460899	0.02026211666	0.06212792814	0.06090736598	0.1048403749	0.1808783884	0.08905570555	0.1492055733	0.156883932	0.1602266689	0.1204018367	0.1356709826	0.08208433827	0.07334213651	0.04535221027	-0.051655027	0.02862876099	-0.0170349179	-0.003272968352	-0.01633756429	-0.02313690648	-0.08547471786	-0.01473422198	-0.01318187652	-0.03112638348	0.104815184	-0.06522696783	0.2860274193	0.1476744178	0.15826207	-0.1120198115	-0.04787901818	-0.1153685811	-0.0591220949	-0.0829287683	-0.1273825802	0.009492537831	0.129028443	0.02523363722	-0.003636588265	-0.06360447679	0.02004156727	0.04859349173	0.1622771029	-0.01848182025	0.1826216424	0.04194204654	0.0624938737	0.05690789457	0.1012357846	0.1030360925	0.1792269767	0.1736891251	0.2339984541	0.1331527293	0.2044763192	0.03223060019	0.02357966772	0.08398910812	0.07921345519	0.04136072379	0.06955977358	0.001998925014	0.1265658839	0.06031843854	0.06296052437	0.07656960913	0.1268588013	0.06195126774	0.02316022229	0.07237355693	-0.04253059235	0.01759856459	-0.05515610989	-0.09173659086	0.1559887691	0.1625128708	0.09738043249	0.04725039996	0.07895372165	0.1454731502	0.07876704174	-0.1025569502	-0.3613302887	-0.2451559651	0.07504553343	0.03578934033	0.09301269031	0.2221037822	-0.06180890692	0.1383243894	0.01153566725	-0.373145913	0.1006970377	0.05486938328
0.1243185706	0.07765938732	0.06933872418	0.1312144279	0.08821529791	0.0484693729	0.07763748827	0.06328773233	0.07855374397	-0.4249841783	-0.4029259881	-0.4106709205	-0.3887015606	-0.3637127943	-0.3648394173	-0.3873445664	-0.4172132325	-0.4053457058	-0.3235848765	-0.3998286258	-0.03979075673	-0.02331424126	-0.3275685087	-0.05258315422	-0.04025782371	-0.3789973399	-0.3775054434	-0.3582052425	-0.3693560861	-0.01996853787	-0.3659361402	0.01108723439	-0.02044767162	-0.2357564795	-0.02868230134	-0.3687624021	0.06209382024	0.06322522021	0.08493704827	0.03830342768	0.03299995051	0.04933652018	-0.4027615379	-0.06207445055	-0.3871598634	-0.008417922771	-0.0332094542	-0.03153200907	-0.01558483217	-0.02579007112	-0.02203785778	-0.02763236526	-0.382856224	-0.355071055	-0.3445627142	-0.0349718861	-0.02816347965	-0.003790345696	-0.413201362	-0.4248259034	-0.3963955751	-0.05340784005	-0.3655416745	-0.007038907478	-0.0129936984	-0.01518207487	0.09624297859	-0.004827450825	0.09837780821	0.09980302918	0.1389764612	0.07084974196	0.07031372425	0.1632781862	0.08323238874	0.09503639652	0.08007940665	0.08708055957	0.08621086271	0.0761142915	-0.0118811642	-0.02976775735	0.05279351211	0.1084521859	0.01143304053	0.1327296919	0.04193645362	-6.328701091e-05	0.04065030044	-0.02085635145	0.04004396908	0.01761555225	0.1415076701	0.08651581943	0.0612081028	0.03941761308	0.06113531	0.06827900792	0.05870808877	0.1886685595	0.06568527006	0.08311774652	0.03072915167	0.1217639658	0.09739644506	0.03802503773	0.05261573902	0.1639130703	0.04132324224	0.001729119498	0.1104769764	0.054852937	0.1182254645	0.06662460146	0.1025173498	0.4942238492	0.01501547633	0.03971765694	0.05971200741	0.02790621771	0.02519429377	0.08635609844	0.1273666298	0.01031219344	0.09579435437	0.1585787826	-0.3931885657	0.06275409047	0.07090612623	0.06427715207	0.04967650637	0.05603166149	0.04886185818	0.06358172533	0.2222479155	0.1055509331	0.02797163537	0.05980861658	0.04053235703	0.122420561	0.02547935447	0.08665539631	-0.005017792513	0.06337524795	0.06639402099	0.06191657175	0.1050406138	0.016137675	0.06662359113	0.01179291435	0.1491826141	0.03176550717	0.07119303173	0.05341417596	0.04733953773	0.003097075541	0.02744021656	-0.03727247375	0.02496134973	0.04671630559	-0.04008572846	0.129007215	0.03836225217	0.1046078791	0.09977454769	0.05869992702	0.002138051099	0.07606097755	0.0210656538	0.07076567644	0.06025242392	-0.05237241796	0.01396347237	0.03227854121	-0.01260662792	0.1407369825	0.08161375141	0.1161710427	0.09645632895	0.01693695058	-0.008093347107	0.1290177762	0.115811145	0.1339112951	0.1000938408	0.04308458535	0.01809443902	0.07017281976	0.1101417599	0.08690404352	0.09243500664	0.2184698019	0.08185203592	0.104695129	0.231320075	0.1351862475	0.09078306827	0.03929664259	0.05745527202	0.1011518558	0.09261352839	0.1331700064	0.08537259175	0.1135265576	0.03756814646	0.1289197162	0.04157460149	-0.04048978956	0.04927358024	0.02992830695	0.007004123897	0.1042767782	0.0833458833	0.006918515527	0.04886923261	0.0912842203	0.07153688381	0.04586127551	-0.04061873146	-0.3632276654	-0.2480838186	0.1397082874	0.08112788284	0.0681829687	0.08239810217	-0.03990244118	0.1423779632	0.06757789782	-0.3619066631	0.0695575706	0.1803173444
0.007249185138	0.03947701143	0.01525260052	0.03779757411	0.01158999534	-0.0271836183	-0.01559040199	0.01539666538	0.04788206285	-0.3773681678	-0.3620692009	-0.3672977548	-0.347226063	-0.344014123	-0.3369496318	-0.3465869914	-0.3782283132	-0.3675155397	-0.3405507345	-0.3590313021	-0.05833021664	-0.06481464583	-0.3237426598	-0.04069447115	-0.007796863777	-0.3400590617	-0.3428359264	-0.3451622763	-0.3484541069	-0.03017420636	-0.3378983916	-0.06713506213	-0.04208019638	-0.2244941024	-0.07763481683	-0.3415733988	0.0146348299	0.03103681721	0.03667582347	-0.002050932479	0.0003060305374	0.01797049352	-0.3839906652	-0.03617850386	-0.3635354623	-0.01359595849	-0.05559576785	-0.01359594439	-0.04801939702	-0.05147864337	-0.01700234929	-0.04846220821	-0.350310144	-0.337418303	-0.3272333723	-0.04230109915	-0.02989489504	-0.03517391671	-0.3878797504	-0.3910558809	-0.3666159283	-0.02489329277	-0.3434937187	-0.0009513962118	-0.0226799938	-0.03440048274	0.009977042042	-0.01048137044	0.03540916729	0.02108302495	0.1097967848	0.02579174931	0.02583266635	0.09892095658	0.02919953417	0.01901412649	0.02511702123	-0.02641566652	0.06657058035	0.06231140415	0.1003698917	0.2725498739	0.01815961787	0.05574394378	0.2802985863	0.01660223581	0.0319270892	0.1985909608	0.1012245459	0.1518843108	-0.009810731809	0.2188538322	0.1111691763	0.03933860429	0.2543087762	0.2523736306	0.2364067899	0.08008131462	0.04317647478	0.01342719004	0.1003919789	0.09001829804	0.03872015171	0.02461355073	0.009258236355	0.1248748733	0.1795832909	0.01774901495	0.002293422157	0.1345605947	0.08579774628	0.02662868326	-0.01445094133	0.108942077	0.07216963473	0.01501547633	0.6161919207	0.1230326307	0.03500137612	0.2431276423	0.1165237354	0.04060103726	0.09512631091	0.08789029716	0.07662231418	-0.03486129162	-0.3752543559	0.06813798518	0.1653732775	0.1032126856	0.08150219687	0.1611525838	0.1019258313	0.1054082526	-0.00424058525	0.102598327	0.09763526188	0.2467991278	0.137481416	-0.006144497141	0.08695755749	0.09092452111	0.4079921103	0.02771727737	0.01670223423	0.02404450215	0.05588971503	0.1718459498	0.05570946478	0.3293433153	-0.001980949773	0.03831848593	0.1479311436	0.0298496731	0.1276907454	-0.01922914285	0.09492276725	0.07627003629	0.1004380822	0.0865600847	0.06516119621	0.06131630645	0.01175178757	0.02660197693	0.01408989011	0.1171643729	0.008448911906	0.05424608163	0.02156139184	0.08020966459	0.0623612559	-0.01915263066	0.0460830911	0.1037375093	0.004910449145	0.1437474145	0.07186035111	0.1092331735	-0.001915781301	0.2080790185	0.247217923	0.07898781523	0.0144178532	0.02537921243	0.104077285	0.0935562838	0.2001365338	0.1172945999	0.003566104371	0.01284757838	0.0213627842	0.0134354664	0.04067438059	0.02721197934	0.001301459137	0.03205701817	-0.02151120528	0.03477586544	0.01986709689	-0.0150563123	0.03827022877	-0.06258609628	0.08951062983	0.001243553162	0.01740724209	0.05363245672	-0.01582390623	0.002114563575	0.004738093097	-0.03610517878	-0.02587839175	0.01875832961	0.05287574396	0.01476991671	0.166490501	0.07049912902	0.1220459321	0.2512936393	-0.06808550387	-0.3445571363	-0.220845688	0.02555062924	-0.00744586702	0.01977816123	0.03151757559	-0.04785125105	0.0008642754942	0.02431218904	-0.3489032036	0.07058442532	-0.03194925853
0.04776796192	0.03595109329	0.06752257907	0.08177400035	0.02544471115	0.2352845639	0.05450125274	0.04499986814	0.08604611273	-0.4043597554	-0.3848159657	-0.3925078787	-0.3733679085	-0.3681890941	-0.3642878992	-0.3673558035	-0.3981037086	-0.3683693028	-0.3463886051	-0.3743769174	-0.06126135284	-0.08771927095	-0.3559284139	-0.09797773472	-0.07243179275	-0.3629023043	-0.3592148068	-0.3492185539	-0.3676768747	-0.08889142197	-0.3697769794	-0.07619588079	-0.03781093028	-0.2378375346	-0.08118190472	-0.3394731257	0.07364853995	0.07218003388	0.06751372292	-0.01674246876	-0.03808617816	0.01089220525	-0.3865921254	-0.04400582481	-0.3530795908	0.002021091767	-0.06236025748	0.005311928178	-0.1050490864	-0.06703685552	-0.04053609486	-0.08489005931	-0.3410272553	-0.3632691039	-0.3534697854	-0.08943737618	-0.08079680665	-0.05028611837	-0.3937641825	-0.3715024834	-0.3701264571	-0.03899038552	-0.3670111097	-0.072044726	-0.0788524711	-0.0640148735	0.04182859277	-0.02637077631	0.05124615717	0.05159738384	0.1442826383	0.03084642129	0.03106425981	0.0710980737	0.07358746932	0.130097699	0.03922587738	-0.05075426413	0.2987133874	0.07817828959	0.02321376073	0.09334916541	0.08001539435	0.006336195583	0.1078229184	0.1278182153	0.1324365983	0.03619797386	0.09022844826	-0.05944684353	0.0772532608	0.1232942458	-0.03072051602	0.07078370912	0.02693328452	0.1119509652	0.0694666413	0.1035021601	0.09101608934	0.03719333046	0.07389660015	0.1437969073	0.08499063694	-0.006356328203	0.03960170678	0.0739986118	0.07036652744	0.09888142551	0.07880536108	0.2951198424	0.1480945152	0.005480691283	0.05929456703	0.1602461362	0.1811872915	0.03971765694	0.1230326307	0.6813404281	0.317433791	0.0631696327	0.08078781343	0.2812825687	0.1253256781	0.1277863898	0.0143975774	0.06253026963	-0.3791850367	0.4174092612	0.04662637303	0.07504402115	0.06788957056	0.102703739	0.09941113815	0.1342304206	0.0287583119	0.1267392611	0.03102727919	0.07950487701	0.06727167992	0.1085179982	0.07849498032	0.1306188465	0.15480203	0.3180345222	0.3321275596	0.3412076858	0.08036250351	0.08071603487	0.04816504344	0.1757854852	0.02948863115	-0.03781342287	0.0002871625484	-0.04235087378	-0.0417072281	-0.02343451091	-0.05569274703	-0.01206932467	0.06798966084	-0.007504779217	-0.0417318999	0.03264067573	-0.02780986211	0.1845107425	0.08614897502	0.2096997249	-0.1197949912	-0.00674623846	-0.1283535572	-0.05830238564	-0.03809049589	-0.07063657475	-0.03175552748	0.08394814103	-0.01350629938	0.01325079436	-0.02352969118	0.01531365339	0.2221783046	0.1958436322	0.01386663829	0.1196178474	0.03976606352	0.04042856085	0.0400295278	0.1428820647	0.1522441649	0.1561913497	0.3305338359	0.1558505879	0.06289654542	0.1056633117	0.02018436095	-0.005844916884	0.0443925557	0.07090397232	0.02276342966	0.01012363933	-0.04341383627	0.07451225612	0.0275788478	0.008828312216	0.2260496479	0.0902402127	0.03732494083	-0.001526559467	0.006409268093	-0.03248092322	0.01834095879	-0.06714797872	-0.06378628764	0.3328684055	0.09342764149	0.2164373124	-0.005934683106	0.1076693245	0.0301664106	0.1119793507	-0.09687953526	-0.3626650138	-0.2484626509	0.05389103519	0.01644925651	0.04302222437	0.1493015666	-0.06164902198	0.06055260739	-0.01006320068	-0.377956468	0.1199237499	0.02000461304
0.09677275733	0.06767902989	0.1595396832	0.09150219631	0.01254456485	0.2429420029	0.06623753555	0.08912187627	0.123177823	-0.3484858369	-0.332370606	-0.3377877414	-0.3199867999	-0.3538701906	-0.3486852754	-0.315864821	-0.344197515	-0.383373022	-0.3480591396	-0.3209612868	-0.08229576399	-0.1102599666	-0.3449853262	-0.06248031727	-0.04256599521	-0.3660929252	-0.3613414216	-0.3540147672	-0.3610839427	-0.01851384155	-0.3613761803	-0.1098231984	-0.05918689404	-0.2107660076	-0.1168680714	-0.3531393427	0.122896373	0.128638833	0.1609919535	0.04754246425	-0.02382210461	0.08661884572	-0.3998705973	-0.02634915498	-0.37032246	0.009424703748	-0.08157798869	0.01188351706	-0.07265233993	-0.08280214585	-0.04144499061	-0.08320908756	-0.3555213413	-0.3453695691	-0.334942704	-0.01698421409	-0.009021629884	-0.07841850394	-0.3666837546	-0.3429702403	-0.3565561799	-0.06782557872	-0.3516675851	-0.0659042488	-0.06800027812	-0.05498942358	0.07753278429	0.036418348	0.1042427158	0.1180800741	0.06539322756	0.08497835254	0.08510955461	0.05854720379	0.1463801097	0.1611466952	0.05201470762	-0.01018082727	0.2813216962	0.1590570997	0.03871207972	0.02540524563	0.1221914077	0.05467449439	0.1364848031	0.09875371179	0.08910596819	0.005695372915	0.03809717923	-0.06051835301	0.1321898391	0.03101926744	-0.08039259094	0.1642084368	-0.02177026355	0.01256914372	-0.003512049045	0.04028380111	0.1709965709	-0.02241719902	0.07336802252	0.1075422714	0.09702762309	-0.003976127089	0.05090231755	0.002882118283	0.0419923349	0.1514676549	0.03309670632	0.2837254342	0.1141735517	0.08135286454	0.1099347537	0.1283207174	0.1689921188	0.05971200741	0.03500137612	0.317433791	0.6364972415	-0.01754516175	0.03947408393	0.2795938449	0.1958811658	0.04884220972	-0.02797785674	0.06492930152	-0.3910464126	0.2419836894	0.02798462439	0.003019979082	0.02782529976	-0.0159362389	0.03295171713	0.1022657355	0.04050220429	-0.02729463729	-0.06480421587	-0.001128274696	0.06243282894	0.09077706213	0.1340160414	0.1635573061	0.03977483201	0.3451505985	0.4623335628	0.5818388879	0.130648662	0.08185642793	0.0742357964	0.04559052279	0.04043412364	-0.03122359775	0.02235717398	-0.007377965235	-0.04060044443	-0.02378006544	-0.04392366023	-0.04529710428	0.03232702441	-0.03663249445	-0.01824500091	0.0485725689	-0.01793955552	0.1627556051	0.124564912	0.04254586373	-0.04492296766	-0.08832571896	-0.1638970617	-0.1078964382	-0.1124128768	-0.08730350271	-0.05034155976	0.08397967449	0.006449151575	-0.02189503563	-0.09751830428	-0.02565415885	0.2434930214	0.1122741754	-0.05234038356	0.1250959809	0.03191544394	0.04485811688	0.02896705636	0.07069971776	0.03132158529	0.107608897	0.3437663197	0.1565328975	0.06422175488	0.1569091692	-0.004206756858	0.0007647235811	0.04474761789	0.06227993114	0.04732764446	0.09103845387	-0.02650482016	0.1228507051	0.0683721804	0.05409348722	0.2126428776	0.1552131283	0.02717916703	0.04471702571	0.08952424021	-0.03737497833	-0.02774221025	-0.08078735883	-0.08522691767	0.3384053865	0.1393689404	0.2581927067	-0.03570399359	0.05003257832	0.007275289762	0.0169171515	-0.1140417619	-0.3475786764	-0.1989884	0.02417064429	0.01396342783	0.0722011689	0.165754732	-0.05323858135	0.04810225905	-0.03295648228	-0.3223370339	0.09195881189	0.05030053988
0.03485250919	-0.06541123649	-0.009917682995	0.03985558863	0.03374438931	-0.03625163459	-0.005419829683	-0.01566937202	0.07127473621	-0.3507209445	-0.3314368638	-0.3367555864	-0.3194010707	-0.3207471492	-0.3099260529	-0.3319996167	-0.3468878059	-0.3358110078	-0.318827202	-0.3426590603	-0.06895037003	-0.0973657818	-0.3084259005	-0.05567106496	-0.03226704382	-0.3201282367	-0.3197372304	-0.3333947953	-0.324369541	-0.05017818808	-0.312957725	-0.08788114692	-0.08210706655	-0.208876846	-0.09746293538	-0.3185732052	-0.002050066466	0.006025074178	-0.01306540187	-0.01735587499	-0.03729241915	0.0011605663	-0.3627601587	-0.04346513606	-0.3394392258	-0.01890540423	-0.07166355524	-0.08385395911	-0.07349243857	-0.07049991981	-0.02105679398	-0.0577492188	-0.3187432439	-0.3071578472	-0.3032600248	-0.04854948577	-0.04710731037	-0.05404678899	-0.3660066251	-0.3602364813	-0.3421849025	0.009178944969	-0.321333001	-0.02802969352	-0.04473426054	-0.03205822027	-0.02384050689	-0.06808368082	-0.02604087301	0.02732590035	0.03760450859	0.07898703689	0.07917192404	0.05095967947	0.07332282236	0.01705486386	0.05098884694	0.06784674993	0.004992464212	0.003517650238	0.1464398964	0.2122550315	0.01854639775	0.1139634805	0.1340627367	0.03191669668	0.004791911299	0.3948986348	0.2192838557	0.1667128444	0.001098633287	0.270788054	0.2390865973	-0.01187771218	0.454136244	0.3124782738	0.5966114055	0.1715655751	0.026055145	-0.01630966225	0.1528710281	0.03754743168	0.03412218884	0.07312751659	0.02501595176	0.1623687443	0.1648762398	-0.04702689344	-0.06350563286	0.09201387047	0.05687371765	0.03256275662	-0.0378532165	0.1446824653	0.009283984036	0.02790621771	0.2431276423	0.0631696327	-0.01754516175	0.7041880107	0.2638245547	-0.006139053397	-0.02777859125	0.04671289754	0.00201501852	-0.06697102901	-0.3541524226	0.07939575687	0.1730438609	0.0866073716	0.09163986457	0.4461143501	0.1454813591	0.1534797105	-0.002265470666	0.06488953562	0.06818500858	0.6026491349	0.275303831	0.03149167297	0.01517562789	0.07492080337	0.2799343191	0.02434727438	-0.01453778384	-0.03746329867	-0.001195941334	0.2419844804	0.04436809833	0.3121534374	0.009405273149	0.00992904617	0.06501912655	0.05511704545	0.03810506388	-0.02512864337	-0.004056924422	-0.003433830106	0.0431836319	0.0317555206	0.0382226557	0.001189795415	-0.04609473721	0.01812297566	0.01370331886	0.1245524994	0.04732609534	0.07114645236	0.0508270456	0.1262121207	0.06626323315	0.03622132803	0.05126732139	0.0400027366	-0.01205162201	0.1055963526	0.1026179343	0.09889476075	0.0610774587	0.1716909184	0.3649284187	0.05834451842	0.02191411788	0.02794890598	0.05834677223	0.04893037105	0.1234336654	0.03164530227	-0.0008212028772	0.009060112814	0.03258642925	0.03092430233	-0.02303395907	-0.02519491584	0.01543706025	0.06783612712	-0.031047564	0.03209224139	0.02127642901	0.04376167761	-0.01110998053	-0.01475461359	0.06938380623	0.05511487375	-0.02700451193	-0.01782702324	-0.07579519642	-0.01182533456	-0.01016572867	-0.01785158345	-0.0379791313	4.401164532e-05	-0.0218597079	0.05056115896	0.1154827964	0.08108345443	0.1797058186	0.1313881925	-0.1067420509	-0.3309487409	-0.2015762487	-0.0656184258	-0.06628616316	0.02031345483	0.02265282094	-0.06143276288	0.007946722295	0.02360848875	-0.3244311063	0.03318354944	-0.02745105604
0.1097047329	-0.0199932858	0.04034234595	0.03911474235	0.03714318414	-0.0035381025	0.02581693372	0.03076031504	0.02058567226	-0.3801794345	-0.3599672554	-0.3674606063	-0.3463873353	-0.3375082668	-0.3291851347	-0.3437182194	-0.3731542383	-0.3645588717	-0.3128660635	-0.3540382819	-0.02763604173	-0.0567002676	-0.3058353082	-0.05784170249	-0.04815579259	-0.3464953587	-0.3377328186	-0.3469780292	-0.3429007764	-0.05441472539	-0.3417294279	-0.08296219237	-0.06572520811	-0.2167003805	-0.07214177729	-0.3384538499	0.04245718165	0.03666168712	0.01975618954	0.002394807314	-0.02394501572	0.04708794585	-0.3918148619	-0.06304257174	-0.3571324389	0.01354511985	-0.05106604195	-0.05796747153	-0.06038996292	-0.02734930281	-0.04063489901	-0.08036567724	-0.3393258148	-0.3275948391	-0.3168516737	-0.05740985993	-0.05121603611	-0.03024085655	-0.3885095379	-0.3830839528	-0.3729460141	0.01161150633	-0.3439933415	-0.03307095612	-0.04272200475	-0.0685654493	-0.0254457255	-0.06138796662	-0.009124984928	0.04685966458	0.0208819073	0.04911708896	0.04917437844	0.1135397138	0.012441533	0.1051755666	-0.02360384786	-0.02371205829	0.04084518014	0.0215207711	0.2399271111	0.1732285158	0.1881631576	0.01235580978	0.1081644379	0.1461376713	0.06148994503	0.2666864749	0.5214189859	0.07630093274	0.1386122675	0.2735655604	0.1536958234	0.0208656376	0.202496462	0.321007873	0.3023372386	0.4224306596	0.07090418355	-0.03443321472	0.3614597162	0.03042342262	0.08316994221	-0.01980273932	0.03674963888	0.4178466542	0.1154049094	-0.0191450589	-0.02083267917	0.07283184147	0.04340128631	0.06581523336	0.00274477462	0.1152682907	0.1005634293	0.02519429377	0.1165237354	0.08078781343	0.03947408393	0.2638245547	0.5954527323	-0.02298472236	-0.02668142631	-0.01564257167	-0.008299634368	-0.05001475226	-0.382627151	0.05474819786	0.1227784887	0.1420426554	0.298549683	0.4332857624	0.3254075787	0.2913376282	-0.02317198591	0.07867006076	0.002283590489	0.3075430524	0.2867179725	-0.03197110959	0.1124897606	0.1816788721	0.1692551299	-0.003602519727	0.05020339891	0.02173475874	0.01571169952	0.1595375653	0.1600214749	0.1687855367	0.03678947801	-0.02622933556	-0.02647135243	0.01255801358	-0.04700339303	-0.05296983571	-0.0681524668	-0.0546821045	-0.02160948921	-0.02736267366	-0.01777625166	0.005420501603	-0.03080785169	0.115521133	0.04170004492	0.2412013753	-0.01140634214	-0.04162765146	-0.09967035566	-0.00937358089	-0.04874850887	-0.04128213634	0.02374217585	0.02314516894	-0.0275898419	0.07305365053	-0.03760296963	0.0562892158	0.05547907955	0.1074470666	0.1674569109	0.0977609504	-0.01287063912	0.005248486334	-0.01246211501	0.07193658111	0.07479490893	0.1211003211	0.06085556373	0.1154917276	0.2231255321	0.01050175394	-0.02265923512	-0.02342461514	-0.0100423272	0.03896501443	0.007405374884	0.05162439935	0.00550371814	0.04878385212	-0.03472706388	-0.01214438929	0.06456302755	0.06002949832	-0.008419755872	0.04343050286	-0.04726048615	-0.00124510005	0.0323615371	-0.03718978472	-0.009460196941	0.05222962098	-0.00196382783	0.08944895241	0.1508388421	0.04523156455	0.2960821408	0.1376361741	-0.07771201947	-0.3217900985	-0.221359336	-0.04847420956	-0.004334009294	0.06729268532	0.09927902429	-0.05996859157	-0.01429816053	-0.008831568695	-0.332805811	0.05033895093	-0.007219691356
0.004040065223	0.1134809947	0.04757184602	0.06435682031	0.001319412392	0.2812133652	0.01808133028	0.05840658585	0.07694622571	-0.3823052074	-0.3637174674	-0.3698813106	-0.3515934669	-0.3336963397	-0.3247446786	-0.3501682147	-0.3740740834	-0.3441764073	-0.2855710823	-0.3574323571	-0.01733694626	-0.04135176723	-0.3188189473	-0.03746771437	-0.01826739826	-0.336583846	-0.3344743517	-0.3140485516	-0.3337223514	-0.02964096225	-0.3396659229	0.0222728314	-0.000356970712	-0.215351206	-0.0310320486	-0.3144007001	0.07875554233	0.0547600734	0.05653570628	0.001130588306	-0.0124407044	0.0344569833	-0.3349063444	-0.02942903148	-0.322308166	0.01521585794	-0.009446992966	0.1097830218	-0.04207610089	-0.02988024077	-0.01539268632	-0.03440553912	-0.3202642911	-0.3264361713	-0.3222990663	-0.03331493201	-0.02289250253	-0.01330871215	-0.3490937966	-0.3463144226	-0.3561187633	-0.05054288858	-0.3281148561	-0.03204843621	-0.03427859843	-0.01883595244	0.1037373047	0.04089480131	0.03382030309	0.108351729	0.04187096068	0.06152758197	0.0615798366	0.04416126444	0.08556285533	0.04508508457	0.2650126813	0.07768372323	0.2674047915	0.04666834091	-0.05062824046	-0.03547299941	0.005687295156	0.1697191296	0.1056944842	0.01694090405	0.007845411247	0.03425039565	-0.01556666164	-0.04099736219	-0.03016996139	-0.05671359178	-0.004202108461	0.05978804664	-0.02714451834	-0.03157192485	0.01263960108	-0.03713444646	0.06370373026	0.0997134697	0.03770873499	0.1532797174	0.1145955597	0.04620780555	0.1182909294	0.005516274857	-0.03433165944	0.1932072491	0.1258743951	0.1519514692	0.03607843626	0.01397674167	0.09613358888	0.06382942332	0.07079568893	0.08635609844	0.04060103726	0.2812825687	0.2795938449	-0.006139053397	-0.02298472236	0.7382420543	0.2305265008	0.2066719759	0.0966910691	0.1221854862	-0.3289522511	0.290524586	-0.04469092921	-0.01325733681	-0.06087605926	-0.02543235642	-0.04386348929	0.05508049525	0.05223312415	-0.03599021516	-0.03416530059	0.01532073072	0.0513058022	0.1132268628	0.1103828973	0.05982559912	0.02524357164	0.2871731699	0.2523560904	0.2607579404	0.03266223747	0.08813390209	0.07669694189	0.008900785196	0.04234973482	-0.04009026797	0.05451235815	0.01071448995	0.0250056213	0.005067435692	0.07194706544	0.07343454628	0.1282094183	0.04747451542	-0.05249690486	0.1064755803	0.03819373421	0.04649627606	0.1195852569	-0.01748951507	-0.03268153617	-0.007558826656	-0.04318543585	-0.0577744534	-0.02707735516	-0.05352059091	0.05409584179	0.1477658379	0.03673693177	0.02735120727	-0.01642918276	-0.03677545339	0.2175836052	0.130410793	0.0215942887	0.04653502326	0.06090327229	0.05269740907	0.130324291	0.09217696265	0.03366188951	0.02859624444	0.2590491164	0.06456102752	-0.0184855123	0.05577999439	0.08415147997	0.1067873136	0.06697076727	0.05813988533	0.1203745275	0.02538280989	0.08791242319	0.02364667251	0.05740644722	0.04538916284	0.1502303221	0.04003205909	0.009116400543	0.03399068733	0.05154216674	-0.04449127279	0.009069011827	-0.0108456873	-0.02854322402	0.2623693287	0.07463518542	0.1584760586	-0.009144951215	0.02376982954	-0.01625750048	0.003106310986	-0.04470973153	-0.3357471747	-0.2368077778	0.2022656106	0.09434299486	0.02285968486	0.05408456468	-0.02016837136	0.08862208496	0.0006394119587	-0.3412284615	0.09376699342	0.1103615433
-0.03003697749	0.08405750882	0.05695221353	0.01566361896	-0.02973262584	0.1590312468	0.01759705717	-0.003246425475	0.003451362885	-0.3577651334	-0.3397241323	-0.346472309	-0.3324772038	-0.3047622996	-0.3073568317	-0.3230275358	-0.3513780506	-0.351650108	-0.2823080316	-0.3325483639	-0.03612495425	-0.05136300499	-0.2989774893	0.0440417566	0.06242806162	-0.3300028616	-0.3227270994	-0.2961881859	-0.3119565212	0.05936531389	-0.3189618744	0.0540006398	-0.02765646382	-0.1896749879	-0.05159210445	-0.3167566427	0.005314301717	0.001011595049	0.02524302996	0.0120322519	-0.03132482154	-0.009665502443	-0.3378656391	0.003375244024	-0.3241500084	-0.03879401708	-0.002077847626	0.02839258418	0.06814538591	-0.01861504856	0.08194748339	-0.002968057276	-0.3173947337	-0.3028317705	-0.2930841848	0.05761660411	0.06952777597	-0.02981847862	-0.3522093986	-0.3599465103	-0.3348955505	-0.04433657552	-0.3001351129	0.03217091736	0.02268552271	0.05199793507	0.1371734726	0.0225622	0.04479671952	-0.001472628354	0.07040271932	-0.02312793745	-0.02314349821	0.07357304494	0.01266949213	-0.01328307864	0.01335169983	0.1939409211	0.1803620166	0.03338245349	-0.004167731326	0.02086609579	-0.006119291728	0.04052290226	0.0233081255	-0.01789810263	-0.01947329233	0.0285604421	-0.04562232066	0.04745858026	-0.02605161089	0.03321086427	0.05481597806	0.02505134668	0.01232238538	0.02477522737	-0.01315638783	-0.02626896879	-0.02766982771	0.2134744389	-0.02182627648	0.03956349021	-0.04135707317	0.1546901206	-0.01971673097	0.004650736449	0.03435543566	0.1220757202	0.01481643753	0.2107113396	0.000383381873	-0.01241352379	0.03603518602	0.03526505935	-0.01559055076	0.1273666298	0.09512631091	0.1253256781	0.1958811658	-0.02777859125	-0.02668142631	0.2305265008	0.8419373431	0.3236740609	0.3862228202	0.06201872302	-0.3304534908	0.2905216563	0.03077545451	0.003726822597	-0.01972532669	-0.02696868086	-0.02236462801	-0.007145858782	0.06560448526	-0.01706126888	0.01491365706	-0.01040851506	0.02219170755	0.01462880592	0.04679204938	0.0008981674395	0.01754767221	0.1148666947	0.1785394984	0.2106707251	0.04304803507	0.03758742512	0.01550597189	0.01799237172	0.05130523669	0.03377232901	0.1318294976	0.09630624062	0.1076510629	0.052678741	0.1295312105	0.08724249912	0.1115506313	0.08495800335	-0.03926333017	0.002641252613	0.09503393838	-0.01067868246	0.004885703342	-0.05455097765	0.04412740657	0.01413873387	-0.01726546891	0.003397364024	0.00996487423	0.006840449218	0.1844241939	0.1642944132	0.11589997	0.3377926529	0.006623974944	0.1449499934	0.1690199769	-0.0008449516158	0.0640294884	0.05536440645	0.04106538477	0.1586394883	0.1174940054	-0.02792763456	0.02343716419	0.02190510109	0.136175116	-0.00986237211	-0.003350337353	0.04194954193	0.02452223584	0.1434166609	0.03952394806	0.01055430282	0.07012093549	0.1942703098	0.2050965768	-0.04060114991	0.1420869248	0.01634373453	0.2690512688	0.004974077648	-0.01788630555	0.06936551886	0.0106914847	-0.04656267448	-0.04867118227	-0.004412186721	-4.618485845e-05	0.1336790396	0.02337305448	0.1370029939	0.04443457119	0.08374011533	-0.05151378617	0.05730245278	-0.0760038596	-0.3182907872	-0.1949039939	0.1689625061	0.1854722595	-0.02699208821	-0.006066314168	0.01108445497	0.05386187192	0.007054029258	-0.3189727913	0.01786271618	0.04235918526
-0.1336018061	0.004474023929	-0.06114988985	-0.07354447892	-0.01258582596	0.1681335469	-0.04548113653	-0.08439812613	-0.03745040857	-0.2928863806	-0.2797263896	-0.2797703648	-0.3028294564	-0.2110106677	-0.208248214	-0.3117041018	-0.2825294705	-0.2755790534	-0.1639030938	-0.3201828628	0.03299377071	-0.005398042294	-0.1987193197	0.1133255195	0.1460799257	-0.2362158389	-0.2447653584	-0.2031992689	-0.2366380647	0.1285308619	-0.2416980654	0.03628052465	-0.04168971619	-0.1264490229	-0.01309517696	-0.2295216236	-0.07702575047	-0.09336447318	-0.1150584005	-0.03637536215	-0.03937906731	-0.06500417357	-0.2644466812	0.06015052089	-0.2533234332	-0.01867801279	0.05171137518	0.002003426744	0.1153108642	0.0007745945239	0.1224892996	0.004038169404	-0.2445141576	-0.2372509702	-0.2573685448	0.1346881292	0.1519255711	0.0405893131	-0.2774582952	-0.292093163	-0.2766320972	-0.001942854294	-0.1967471576	9.044972325e-05	0.0230303329	0.03637737711	0.008828294475	-0.00747819228	-0.1027087439	-0.07476088577	-0.00283725703	0.08939560546	0.08807537503	0.003143814482	0.006661562775	-0.1007804255	0.1112013083	0.1567231948	0.2070692764	-0.1073951081	0.1168624367	0.1838158262	-0.104878273	0.09583567472	-0.005674642715	-0.120092165	-0.07665058726	0.05822378203	-0.03421437891	0.2064407103	-0.1256574595	0.04424638815	0.04635541705	-0.1154206138	0.1663768014	0.02012478413	0.03446470532	-0.03481708527	-0.08230985965	0.04866369577	-0.05053934799	-0.04932679477	-0.05635261822	0.1981826741	-0.02440758546	-0.004546970218	0.03368477801	-0.03327063924	0.02498901563	0.2343792954	-0.03935715307	-0.04489143456	-0.05823618376	-0.0312410654	-0.07377330323	0.01031219344	0.08789029716	0.1277863898	0.04884220972	0.04671289754	-0.01564257167	0.2066719759	0.3236740609	1.046297082	0.3337728859	0.02679845104	-0.2596583864	0.176539723	-0.02013197334	0.05866355247	-0.03876576089	0.03264814379	-0.07856925964	-0.02014652583	-0.02509321163	-0.02367269419	0.07164573128	0.03734307372	0.0008569609722	0.1097645816	-0.01019483709	-0.05394148612	0.07179391812	0.1378483011	0.08668254803	0.08383876034	-0.1009168551	0.08077379315	-0.06698157942	-0.0008362505175	0.1336593444	0.007563728864	0.1011343417	0.07341353841	0.09172626737	0.06695437806	0.1960215267	0.2162509826	0.08128966523	0.1109470882	0.05233309564	0.0469195491	0.1113163385	-0.1155879734	-0.07793962194	0.01656149631	0.133329109	0.1037648138	0.1679481418	0.1021478041	0.07823228038	0.1824047809	0.2037281039	0.06132835868	0.1417579185	0.2593407715	0.1084149361	0.1563850577	0.09319423524	-0.01755336652	0.04171770037	-0.04917123169	-0.04705389997	0.003325076438	0.1404054708	-0.01681012453	-0.01598210636	-0.07689478938	0.03600438258	-0.1006099275	-0.06759827679	-0.04468437419	0.02342996538	0.1012618936	0.02779019053	0.03092974649	0.0579669829	0.0217418527	0.224855961	0.1169951094	0.2264383178	0.2926043156	0.2841059356	0.05521683345	-0.03375713257	0.01546427111	-0.01576539085	-0.02472298505	0.02023347715	0.03615082511	0.02232946424	0.04132387485	-0.04862736066	0.1078722401	0.1854803399	-0.03578514908	-0.08171737579	0.08170974615	-0.05117093558	-0.237946628	-0.1562660513	-0.00342716248	-0.003535353154	-0.07988717367	-0.06713695413	0.01918628305	-0.02453674647	-0.006466991528	-0.2468112125	-0.1271881131	-0.02506905976
-0.04637649577	0.08332786804	0.05820454307	0.04050631111	0.01742688364	-0.01130321514	0.009343802342	0.01323973659	-0.01078446299	-0.3144434895	-0.2989743596	-0.3041393913	-0.2906029473	-0.2741386794	-0.2729007265	-0.2787274582	-0.3021867567	-0.2991141808	-0.2496067962	-0.2847515733	-0.01773540108	-0.03700884542	-0.2658813952	0.005544947328	0.02384845737	-0.2825268469	-0.2904074449	-0.2735510376	-0.276446027	0.02334044933	-0.2865691342	0.04423459102	-0.02027880498	-0.1461529627	-0.0142951789	-0.2853686588	0.004383543866	0.008105995937	0.0268326816	0.002748393766	-0.005270143505	-0.01452077162	-0.2913702185	-0.01960522612	-0.2957208791	-0.007394031643	0.01484035079	0.03974465155	0.06209856951	-0.0269268283	0.04907278499	0.008936567864	-0.2966997813	-0.2699584369	-0.2622514942	0.0247687757	0.03117236472	-0.0262086052	-0.2977361189	-0.3167180679	-0.2841327895	-0.03318585848	-0.2705575016	0.02152679796	0.01305089102	0.04444849035	0.1026938886	0.02993873533	0.03409689849	0.03723429737	0.1269032839	0.05274270854	0.05215043878	0.06442328707	-0.01895710701	-0.01777551905	0.1123429538	0.2034159641	0.08526319078	0.01603072868	-0.009374669813	0.01170704591	-0.004756931343	0.04351413584	0.0574402427	-0.02546715784	0.006082756063	-0.002042008441	-0.02574505272	-0.03081523408	-0.03758796523	-0.01222476166	0.08978308211	0.02422954636	0.02815371298	0.0008954624476	0.02077845108	-0.01086733209	0.01181779574	0.2139963652	-0.03834178818	0.07275171226	-0.02266060599	0.2558141252	0.03528942526	0.02709560435	-0.01994739494	0.0854951934	0.06210118357	-0.03206520183	0.1143536858	-0.01268393501	0.01339248449	0.04914105041	0.01286102508	0.09579435437	0.07662231418	0.0143975774	-0.02797785674	0.00201501852	-0.008299634368	0.0966910691	0.3862228202	0.3337728859	0.7121417651	0.03163752427	-0.2855942299	0.1381766291	-0.009942295462	0.009242133124	-0.008867668627	0.01142804186	-0.001576799724	0.01466251792	0.0615539782	-0.00207369901	0.009939091983	0.02347861125	0.02811412546	0.03184768268	0.05436202539	0.02155766923	0.05629506728	-0.0274545923	-0.02508801187	-0.02951427224	0.0408820761	0.05163159823	0.004592894719	0.02924102197	0.08314299285	0.01806595211	0.1141037988	0.06621517011	0.1230098678	0.05872477784	0.1290831846	0.1600061376	0.09995968631	0.09891067444	0.03607549149	0.02370620669	0.04656847662	-0.0312271919	0.03551077293	-0.009444188944	0.1269274541	0.07031645894	-0.008707618648	0.04878649118	0.06659744525	0.01200871373	0.2814679926	0.1922882858	0.1502798034	0.3485675728	0.05032402284	0.2424310247	0.0458678485	0.06617434076	-0.001744697134	0.03547325758	0.07520276083	0.1733061031	0.1263619731	0.03103188187	0.02433620078	0.04727023043	-0.04554287847	-0.01210438825	-0.01469516217	0.05612160969	0.05037240955	0.1356641738	0.03264407027	0.02903451037	0.05100782189	0.16388464	0.1518048435	-0.01462639443	0.07169664877	0.05539430288	-0.01480198437	-0.01545528125	0.02996962639	0.02572527948	0.01788527122	-0.0282048552	0.0407433251	0.01697778031	0.0001043834419	-0.03969571347	0.06728295766	-0.07933481202	-0.006236742326	0.08795844709	-0.06204534359	0.0351889656	-0.05586641881	-0.2650155047	-0.1523997779	0.1962110251	0.2056389556	-0.02661672752	-0.01463526869	-0.00991714463	0.0294530646	0.04651845371	-0.2635575078	-0.003019153693	0.008760481198
0.05248512273	0.1015501525	0.04913207394	0.05826902374	0.02274347586	0.0696838395	0.07403308305	0.02151216128	0.08843052729	-0.2903067818	-0.2593725339	-0.2703515868	-0.2686972127	-0.2792068115	-0.2427472011	-0.2583140333	-0.2827142638	-0.2969665581	-0.2534087192	-0.2669403275	0.002463892351	0.0194341371	-0.2592095057	-0.02729034672	-0.01413514626	-0.29787532	-0.2960371126	-0.2638610577	-0.2740321708	-0.006858813793	-0.2685789734	0.02639796837	0.05593962929	-0.1628587039	0.01928037778	-0.2697579291	0.04531956394	0.03965026577	0.04254423082	0.02274922941	0.01173798261	-0.007371886639	-0.2129975861	-0.008194549165	-0.2901435462	0.0008255689515	0.07349330105	-0.007353846642	-0.04450397863	0.08613510639	-0.001515458782	0.09689857875	-0.2622986118	-0.2555737656	-0.2597366995	-0.01309519544	-0.006269077662	0.04495663222	-0.2994568833	-0.2902622254	-0.236947022	0.02847639025	-0.2538394583	0.06019450632	0.03129167558	0.1124442786	0.0686497701	0.0411843429	0.06618244658	0.03005189449	0.06644908639	0.01812342632	0.01767918327	0.01742153092	0.1143504211	0.05050073649	0.122207814	0.0475434412	0.0916278164	0.04054184435	-0.04722089348	-0.0559412224	0.01839969611	0.04818789147	0.007516188293	0.06722025816	0.05157673817	-0.01433416578	-0.02476682166	-0.01364329683	-0.006589184814	-0.02614876104	0.01381263505	0.04424435754	-0.03256185343	-0.04475316232	-0.05947523493	-0.0204913985	0.02772222336	0.02565738488	-0.03223434933	0.06247894839	0.06787945269	0.06450909502	0.02236821772	-0.0004622760341	-0.05052419572	0.1053061747	0.09616967959	0.02223194112	0.03087258706	-0.01489301401	0.1448304085	0.07773373991	0.1010481398	0.1585787826	-0.03486129162	0.06253026963	0.06492930152	-0.06697102901	-0.05001475226	0.1221854862	0.06201872302	0.02679845104	0.03163752427	0.6968697962	-0.2077062963	0.02880747197	-0.03515543973	-0.01180751125	-0.06302523287	-0.0589839356	-0.02878364746	0.05062697302	0.265536792	-0.06157756889	-0.04269749273	-0.06094682941	-0.007953977303	0.08656467494	0.02713208547	0.05962537368	-0.04733626371	0.1280700492	0.06147884907	0.06447550508	0.05576922983	0.03147446712	0.04863500698	-0.04153302002	0.03071687674	0.07356622316	0.0298193003	0.04521173273	0.01085389742	0.002479134077	0.05096117985	-0.01363515719	0.03364765876	0.001288267756	0.09355640837	0.06730625902	-0.02349543037	0.08516786165	0.06160173897	-0.03620408107	-0.04550396273	-0.02762109322	-0.03021710298	-0.05759311414	-0.05598773312	0.007915343833	-0.004331441253	0.03152019398	0.01874178665	-0.02192783567	-0.04712057431	-0.01077473107	0.02339308517	0.01821173722	0.007208659716	0.08383787124	-0.00736801887	0.02413512908	0.06289834854	0.03230413444	0.004355374155	0.06244003437	0.08088183399	0.09229218611	-0.01345179096	0.129319672	0.08098807379	0.3440852149	0.3376929326	0.1385169852	0.1473994174	0.122135889	0.1196949314	0.03488778761	0.08280080938	0.09793245681	0.03685839106	0.05331072028	0.1252797436	0.08278216241	0.06192499278	-0.03026884938	0.06237383723	0.06465968608	0.07106941357	0.1249708457	0.1044257945	-0.02662943597	0.01254508217	-0.008599190942	-0.0307363091	-0.01147352333	0.004909288224	-0.2816189112	-0.1514596044	0.08774028902	0.1979973588	0.03278521246	0.08239309988	0.04434236914	0.1564782228	0.02283011983	-0.2400041504	0.0996506123	0.3133062916
-0.3323099096	-0.3422614257	-0.3402469587	-0.3849302603	-0.2925986289	-0.2771491905	-0.3503717514	-0.3783638415	-0.3839488339	2.854505523	2.773851579	2.792176567	2.689756053	0.9080226948	0.9123846891	2.684273704	2.803181644	2.805583791	0.7957342875	2.702050528	-0.2418747691	-0.1831575351	0.8384376214	-0.03984623718	-0.1124984313	0.894678742	0.9159184438	0.9464081997	0.8987100474	-0.1277355403	0.9252336194	-0.0778597924	-0.15393133	1.104852588	-0.1192543245	0.9078399048	-0.3822113574	-0.3924114887	-0.4156433206	-0.2567609854	-0.1949813472	-0.393713213	3.281217438	0.1015752285	1.004610808	-0.2742688631	-0.09958957175	-0.2314051011	-0.03211219168	-0.1683335829	-0.1612070992	-0.1386366145	0.9782728158	0.8803597176	0.8272268472	-0.1250115457	-0.1274844604	-0.2035995776	2.935848275	2.878662299	2.980578386	-0.1273911927	0.926265617	-0.1482279737	-0.179985359	-0.1826803474	-0.2903046977	-0.2080873364	-0.3788958636	-0.4008195417	-0.3909215496	-0.3128510197	-0.3117101582	-0.4009820147	-0.3747119381	-0.4062875379	-0.3078758498	-0.2714580172	-0.4009460769	-0.407018991	-0.279318404	-0.3313433498	-0.3260921181	-0.2623130106	-0.3852024295	-0.3306793307	-0.2758824388	-0.3441588909	-0.3813647043	-0.2378106732	-0.2226376503	-0.3858195912	-0.3121249277	-0.4164593867	-0.3307123391	-0.3808207705	-0.3661419581	-0.3839285827	-0.3336373412	-0.315743732	-0.3841141654	-0.3980177433	-0.3430554415	-0.3441806189	-0.3123589966	-0.3671891214	-0.3249523142	-0.3490738479	-0.2846229986	-0.3237809706	-0.4050312208	-0.3951188999	-0.2846225782	-0.3828915243	-0.402199094	-0.3931885657	-0.3752543559	-0.3791850367	-0.3910464126	-0.3541524226	-0.382627151	-0.3289522511	-0.3304534908	-0.2596583864	-0.2855942299	-0.2077062963	3.303513975	-0.3617252056	-0.3240217542	-0.3412723358	-0.2890910053	-0.3701524214	-0.3484538445	-0.3943440508	-0.2972204891	-0.2921833755	-0.2135562276	-0.3676634277	-0.3114127905	-0.2697556392	-0.3318839025	-0.3555561517	-0.3794848412	-0.3886332915	-0.4099371833	-0.3970157115	-0.4059209944	-0.378795392	-0.3606776968	-0.3803082562	-0.3728155602	-0.2235358453	-0.2792038328	-0.2977221748	-0.2087326742	-0.226335881	-0.2053817637	-0.08042519418	-0.2213942583	-0.1805826975	-0.1733707189	-0.319263826	-0.1209731548	-0.4043728221	-0.3974684558	-0.3483704054	-0.0006996047953	-0.2503067252	-0.01966025758	-0.162593144	-0.189661077	0.06138154747	-0.2447400749	-0.3901870219	-0.2683338798	-0.3365609866	-0.2449094195	-0.3003019459	-0.3550895599	-0.3982254343	-0.273115897	-0.3463521203	-0.302847376	-0.3426682945	-0.3361622665	-0.2868361304	-0.3163889922	-0.3979781099	-0.4088520104	-0.4000525254	-0.3023056421	-0.4082125326	-0.2567092776	-0.2787448773	-0.3050253446	-0.358765419	-0.3241996674	-0.2989050758	-0.2891778993	-0.376617001	-0.3389965809	-0.3279072916	-0.3638566431	-0.3863075885	-0.2578381562	-0.2298831888	-0.3217171852	-0.1120111737	-0.2347168342	-0.2105959624	-0.2040096888	-0.3990316301	-0.3851636036	-0.2962578783	-0.2711988302	-0.3422183499	-0.3093541336	-0.3503019773	-0.0388299448	2.58105126	1.109547299	-0.3004896834	-0.2756379165	-0.3889423469	-0.396599679	-0.03700544246	-0.3359575478	-0.242030032	2.559958953	-0.3403446888	-0.2381815599
0.03163544389	0.07546960472	0.1042669545	0.1106983755	0.04113775034	0.2522583107	0.05053797636	0.03935681785	0.08573835403	-0.3914255096	-0.3709067344	-0.3764704391	-0.35934751	-0.353137555	-0.3492567822	-0.3512744648	-0.3812589553	-0.3541665725	-0.33237065	-0.3601690376	-0.05230485196	-0.06908276193	-0.3447232435	-0.0894744753	-0.06431311594	-0.3486337723	-0.3472455454	-0.3357009706	-0.3532821925	-0.07377585382	-0.3551788289	-0.04130317324	-0.02453130127	-0.2193844872	-0.06173991277	-0.3240720365	0.06228411822	0.03838666548	0.08099486524	-0.01632871894	-0.02828797474	0.006319198101	-0.368364813	-0.0148305726	-0.334311	-0.01473285448	-0.04362229221	0.01180235585	-0.09597735631	-0.05161659131	-0.0383319472	-0.02770232215	-0.3259032248	-0.3464902511	-0.3375861647	-0.07824596578	-0.07368318167	-0.04926909799	-0.3767273755	-0.3513417142	-0.3531373484	-0.02868280085	-0.3505401336	-0.06920983127	-0.05908563782	-0.01541251895	0.06742308805	-0.0130489084	0.05936469955	0.0635437167	0.1385919277	0.02970912548	0.029826292	0.1453629914	0.08071719042	0.08499425207	0.02433994296	0.1264212138	0.2668545475	0.07555200685	0.007527078456	0.02425657519	0.03018784678	-0.0280276937	0.005070782595	0.1127176252	0.06375197824	0.06002701378	0.05824283396	-0.05040929614	0.02165391107	0.08785293269	-0.02227521677	0.07909375814	0.03458273143	0.09203643162	0.0891501134	0.07056226472	0.04413642735	0.1413423848	0.03307687391	0.181855303	0.07951141112	0.1479840549	0.03311945939	0.0935908782	0.05665749145	0.05021968988	0.02403247094	0.2597476755	0.1460990455	-0.002282730093	0.03308044506	0.02453366881	0.04419792927	0.06275409047	0.06813798518	0.4174092612	0.2419836894	0.07939575687	0.05474819786	0.290524586	0.2905216563	0.176539723	0.1381766291	0.02880747197	-0.3617252056	0.7292687932	0.05698394522	0.03292700755	0.07219282749	0.0796703032	0.08343689028	0.05580784084	0.02449728802	0.1403873519	-0.007120754554	0.08574954271	0.008605510679	0.06523757616	-0.01491167359	0.06074195887	0.08958971889	0.2532735692	0.2740417961	0.257767139	0.0874519362	-0.009939290848	0.01880695775	0.1398866947	0.0412671548	-0.007222828696	-0.03023045835	-0.0151703352	-0.06301093882	0.0007417158703	-0.05579345306	-0.006075375658	0.03961367867	-0.01502263222	-0.08150384165	0.0007550160508	-0.02032684752	0.1050898584	0.07711480863	0.100606435	-0.0927529334	0.009655730591	-0.07514454135	-0.04644575797	-0.01876699413	-0.109413293	0.06247809569	0.1210344866	0.009862454287	0.2082441068	-6.896340096e-05	0.04719655499	0.2761094465	0.09750006864	0.01637575458	0.02678711588	0.05103644824	0.1093535747	0.07786508312	0.1073644814	0.08355057366	0.08515570698	0.303396885	0.08886929752	0.01206750296	0.05691906366	0.05718490238	0.08742692875	0.04045424166	0.07571198158	0.06399579658	0.06008307764	0.0287656677	0.03814353608	0.01904371449	0.004496542286	0.1750722395	0.03418895385	0.003354209625	0.01391043099	0.03350551556	-0.05261511834	-0.03268994544	-0.02183540803	-0.04853192616	0.3129713029	0.06894282204	0.1782336042	0.02590827447	0.1374572029	-0.00256551546	0.1095028503	-0.08089523635	-0.347875667	-0.2329822032	0.1360740125	0.1318325582	0.01542903828	0.09264807229	-0.05308129501	0.036681733	0.002828866006	-0.3587868078	0.1650129005	0.06881886747
0.1160582764	0.04186816823	0.05876621119	0.01697480909	-0.005687697655	-0.04790419134	0.03936976909	0.02322759251	0.03464017218	-0.3487272259	-0.3322908559	-0.3393389244	-0.3210647549	-0.3206600817	-0.3062572953	-0.3132100459	-0.3471530776	-0.3365719796	-0.2683971488	-0.3251077234	0.01231351199	-0.01595193592	-0.2469220272	-0.007650459619	0.02391317396	-0.3289400263	-0.3298067468	-0.3293019097	-0.3275969335	0.004297893512	-0.3204900594	-0.0843389013	-0.03607825711	-0.1323442513	-0.07584714015	-0.3121646844	0.033677763	0.03811547322	0.03308713273	-0.007213849149	-0.02000254955	0.08752005695	-0.331903823	0.02631717908	-0.3364300231	0.04769999471	-0.0590197919	-0.03155376123	-0.009758567677	0.006835628326	0.02869965937	-0.02977910132	-0.3249324251	-0.3096072172	-0.2982425609	0.001431958818	0.00503135165	0.03349565318	-0.3521375696	-0.3483331312	-0.3180927986	0.05117966882	-0.3221580067	0.009125094228	-0.01616734429	-0.003474167806	-0.01645522107	-0.03093939368	0.04800531601	0.02622494507	0.02395183309	-0.005432712992	-0.005306897607	0.07522201531	0.01698727897	0.08951317333	-0.02440865259	-0.007973599026	0.02372148453	0.04065697979	0.2753660355	0.2941937652	0.09604805703	0.05506627611	0.05083714525	0.07583481976	0.06134112816	0.1306269313	0.122086136	0.379451124	0.06750457858	0.1876967681	0.1341624147	0.03586784176	0.1618725039	0.183278643	0.1983607513	0.181477551	0.05806666402	-0.0296977472	0.07849760186	0.05127139101	0.03190788539	0.01426416643	0.03664570026	0.1103783376	0.5938069393	-0.01836865859	0.02164596329	0.05637181823	0.05138501245	0.08159001634	0.004652850106	0.1342310956	0.09033319444	0.07090612623	0.1653732775	0.04662637303	0.02798462439	0.1730438609	0.1227784887	-0.04469092921	0.03077545451	-0.02013197334	-0.009942295462	-0.03515543973	-0.3240217542	0.05698394522	0.6649868727	0.3705297646	0.1710692705	0.1586518111	0.1759886183	0.09981567899	0.008145743777	0.07555834009	0.0135895076	0.1924900506	0.1557724662	-0.00432326499	0.04359041243	0.04813906076	0.1824982105	0.0009651813348	0.0301436898	0.01935198995	0.03569714167	0.06226581324	0.06936372938	0.1500866429	0.0427537475	-0.006259240927	-0.01383132926	-0.02232271992	-0.03689325731	-0.03480050425	-0.05284202841	-0.1003030361	-0.05813550817	-0.02935756454	-0.06171640221	0.07617693767	-0.02846226971	0.07990779633	0.04030235928	0.1253690224	-0.01259846319	-0.04285649311	-0.0685021097	-0.007536502489	-0.03396118214	-0.06567880796	-0.01700710704	0.04827892333	-0.01810578161	0.1181483026	-0.02737729315	0.06248679273	-0.01147744388	0.09871158139	0.2237398073	0.07174503509	0.001930617711	0.0202641851	-0.02588073603	0.02632669801	0.1327448709	0.08407584928	0.07315722883	0.04823984892	0.1667612763	0.03265379023	0.06455350638	-0.01983992884	0.003880085352	-0.000200611957	-0.03990062148	0.02873394327	-0.006405050366	-0.002241350797	-0.02424520669	-0.05154702657	0.07050597693	0.0003062586337	-0.008580211316	0.09198401757	-0.01261100903	0.02124001884	-0.00504654547	-0.002794067153	0.04499149459	0.05604780202	0.03772493889	0.02397613488	0.291080446	0.04802073792	0.13101148	0.1789177413	-0.003492125391	-0.2638710607	-0.1600214222	-0.02967077832	-0.01025085666	0.06944290444	0.07906337754	-0.05417362929	0.02373783952	0.01922658548	-0.2491151939	0.04416044275	0.02576916546
0.07418360909	0.07139545306	0.01613418064	0.02384593645	-0.003868837819	-0.03148733977	0.06908320945	0.0357704127	-0.001039103377	-0.388975961	-0.355534917	-0.3636685942	-0.3602081609	-0.3541108563	-0.3090687851	-0.347543151	-0.3703024794	-0.3731552846	-0.2543276804	-0.3485010499	0.04076010688	-0.006032389623	-0.2686460019	-0.007407838757	0.01724297829	-0.3456395435	-0.3692444075	-0.3568091525	-0.3239989559	0.02316819677	-0.3470393339	-0.04553649284	-0.006642744044	-0.1458224657	-0.03324007074	-0.346519691	0.01999208576	0.005009463855	0.01158792187	-0.02617319341	-0.03529651129	0.05270008437	-0.3486036086	0.01357657689	-0.347383794	0.01632639393	-0.06796777406	-0.02547949457	0.005591084767	0.01450494808	0.00750473427	-0.02655792795	-0.3289509855	-0.3486513063	-0.3307833801	0.02555146601	0.006333690107	0.00836684052	-0.3482799263	-0.3552805724	-0.3399914082	0.003817812683	-0.3497284816	-0.01959926337	-0.01010893916	-0.007532375502	0.01610545992	-0.04945048535	0.04018607513	0.01510521101	0.02456382819	0.004749361396	0.005034038548	0.03732162959	-0.007842889592	0.05672798858	0.06453629648	0.01402197031	0.004043606442	0.01241092741	0.2651620838	0.2258314307	0.06496708084	0.08428821558	0.05149089701	0.06235299186	0.1018652332	0.1014330245	0.1495288916	0.3993923411	0.04575701233	0.2734225407	0.1205354942	0.01305330514	0.1214637198	0.1668004736	0.1117186387	0.1538785851	0.04568040433	0.01564472664	0.09324086499	0.02723308787	0.04525319849	0.04129797918	0.111167353	0.1445785522	0.4215016463	0.01601777407	0.08193927956	0.05512322001	0.02049321914	0.04662075257	0.01412352789	0.0499309677	0.09082552501	0.06427715207	0.1032126856	0.07504402115	0.003019979082	0.0866073716	0.1420426554	-0.01325733681	0.003726822597	0.05866355247	0.009242133124	-0.01180751125	-0.3412723358	0.03292700755	0.3705297646	0.6352094931	0.1199477817	0.1099635235	0.1549809637	0.105657469	0.01982895666	0.06332369549	0.0918252505	0.1058969358	0.1139878057	0.09784843511	0.07976443682	0.02763602337	0.1184150103	-0.04426638926	0.02459478194	0.01513835372	0.01881221534	0.09558717593	0.06911935516	0.08674443165	0.1092848534	0.005184398369	0.002921120454	0.0711019761	0.03246016849	-0.01057518029	0.01514971246	-0.02141977062	0.01989715079	0.04849772647	0.01226030822	0.1429705362	0.02124388528	0.06838647489	0.02760430894	0.08319633453	0.0388108976	0.06106953336	0.02534108292	0.08496112125	0.05593946114	0.03640629333	0.03712693228	0.0192071517	-0.01268033848	0.09638283284	0.0880044688	0.03419208549	-0.003072689994	0.1226704966	0.2468206502	0.04928923837	-0.007013161155	0.0129252766	0.02323764783	0.06639455246	0.1312250759	0.1062269198	0.01404002613	0.0495100484	0.09927044186	0.0253100803	0.1014274539	0.01100688234	0.02580675968	-0.01718552006	0.00831931199	-0.02882690198	0.02426555559	-0.007381398592	-0.02606338078	-0.006648266087	0.01769971386	0.01165504562	-0.02387319248	0.06985049258	-0.02029214696	-0.005432209603	0.002528552197	-0.02391449208	0.03601264227	0.01009919263	0.02227409015	0.06192992486	0.3084440771	0.01747077631	0.1220535157	0.1658366719	0.01150815593	-0.2840737239	-0.1692484499	0.009680317883	-0.0178258281	0.07295577714	0.05242364683	-0.05065702486	0.03950196292	0.01543707474	-0.257653286	0.02093101876	0.02439140035
0.1126335694	-0.009342306499	0.05426447855	0.03499296548	0.01973901182	0.01003703868	0.02375134165	0.001757696437	0.04344102235	-0.2993991482	-0.3362596374	-0.3370323436	-0.3214086272	-0.3221270798	-0.3100917756	-0.3154730761	-0.2960082831	-0.3382405969	-0.3008800022	-0.2725602851	-0.02959468379	0.01646458921	-0.2878255921	0.01051730468	-0.04243519394	-0.2697369538	-0.2683995674	-0.3231137477	-0.2754562924	-0.05600100791	-0.2697362774	0.003614784273	-0.07359689617	-0.2081524285	-0.007484998483	-0.3100114321	0.02835093235	0.01739136028	0.01188113579	-0.02314876066	-0.04841846344	0.02601512339	-0.2965604975	-0.05073106638	-0.2891155727	0.01376666383	-0.06257912208	-0.0468680758	-0.0546851252	-0.03083933259	-0.04094508585	0.004590560537	-0.3253789186	-0.3098110294	-0.2973236183	-0.05901712702	-0.04910058497	-0.03555944269	-0.2963837965	-0.2865458966	-0.3015202076	0.0907053482	-0.3260222112	-0.03066614778	-0.04566244984	-0.06272895632	-0.04131994229	0.0008317125536	-0.007788498525	0.0297265128	0.03779297335	0.06188538254	0.06203912269	0.1363362082	0.005760735436	0.1326203041	-0.05648632613	0.03926844064	0.0760007327	0.01203674795	0.2616680984	0.1370914389	0.3349593891	-0.02920729519	0.05941910367	0.2626702896	0.1925175239	0.08042767993	0.2770778163	0.02070540343	0.2571891254	0.1322643015	0.003715013171	0.01682250163	0.06001217433	0.1683370916	0.137753049	0.3768214325	0.1309324528	0.03710840867	0.2874905739	0.02057043042	0.01145821628	-0.05411122143	0.04162186987	0.1665005801	0.1258095726	-0.020363675	0.02119629165	0.03096739037	0.05893597724	0.03677912244	-0.005769015708	0.1129734426	0.1506240146	0.04967650637	0.08150219687	0.06788957056	0.02782529976	0.09163986457	0.298549683	-0.06087605926	-0.01972532669	-0.03876576089	-0.008867668627	-0.06302523287	-0.2890910053	0.07219282749	0.1710692705	0.1199477817	0.6004553418	0.2184485831	0.2982940854	0.1910428369	-0.008968740634	0.1663836998	0.07030826656	0.1217812771	0.2055650717	-0.03713232749	0.05765317108	0.06279161979	0.1321625339	0.01523740819	0.02309249655	0.01076580797	0.01441587407	0.05033146473	0.07100242809	0.130782879	0.02453567249	-0.04401335341	-0.03886090122	-0.004367231486	-0.06908084171	-0.06138689462	-0.09495417423	-0.08290480246	-0.07529944323	-0.04904463885	-0.05106539309	0.007010709656	0.07805467582	0.1704397164	0.02975516687	0.2450749449	-0.02990379135	0.03106334518	-0.03279224954	-0.04156528849	0.04813278783	-0.08256930744	-0.03281308972	0.0139345165	-0.03451310797	0.06049214455	0.04125070578	0.1310040451	0.0772187895	0.05864079327	0.01605335246	0.05510037414	0.05135141824	0.08565035308	-0.05667503773	0.03145722453	0.03377441516	0.08059464007	0.1030803633	0.125677777	0.3389806733	0.009037258723	0.056625524	-0.01937084674	-0.02353157438	0.04065563366	0.01266665342	0.02888753951	-0.0002355015953	0.04626016486	-0.02899950634	-0.01047609352	0.03485280464	0.0554670138	-0.02057737834	0.064976777	-0.05604260295	0.02404405116	0.01246733653	-0.03257182462	-0.03492789069	0.07995081856	-0.01882479271	0.1708217593	0.1561284208	0.109370999	0.306291543	0.1547523592	-0.006104844435	-0.3187918344	-0.2161824292	0.01898007285	0.04244448313	0.03262589609	0.09678020988	-0.05296308459	-0.001136779594	-0.01780284224	-0.3323330892	0.03880338983	-0.01850045613
0.04734143144	-0.05746273791	0.007043716028	0.04870427176	0.05344533931	-0.01811608603	0.0103223935	0.01050660541	0.009746337091	-0.3653778017	-0.3463008551	-0.3526890212	-0.3324696911	-0.3313177378	-0.3127800743	-0.3294131997	-0.358591218	-0.3506781965	-0.2972683928	-0.3392074757	-0.03269638447	-0.05732840208	-0.295105453	-0.06601559959	-0.04416496025	-0.3343614674	-0.3265103794	-0.3389404776	-0.3307707336	-0.05031574451	-0.328221151	-0.09083959953	-0.06617987968	-0.2050377531	-0.07487724293	-0.3280412657	0.01304552757	0.008833133727	-0.01079273061	-0.009940628961	-0.01786628039	0.02353476266	-0.3793926136	-0.04450425021	-0.3451435326	0.009382616265	-0.04734416662	-0.07562008196	-0.05310900911	-0.03784531166	-0.01825892216	-0.08554956684	-0.326920541	-0.3169834858	-0.3059397204	-0.05971587145	-0.05421368768	-0.02829761979	-0.3768118675	-0.3706532609	-0.3544613217	0.01837660611	-0.3325122945	-0.0338004865	-0.04275065736	-0.06202398763	-0.02872161426	-0.06270664077	-0.04086589115	0.02326023596	0.05332783349	0.03959973458	0.03974970225	0.09692605062	-0.01250002848	0.03890339167	-0.02318326813	-0.01090770244	0.0164217783	-0.001850244762	0.1999920628	0.2133283178	0.1271909158	0.05189668654	0.09580643	0.09222445932	0.0123986265	0.2863074675	0.4012401271	0.1435499516	0.07405396141	0.3431211519	0.2160594979	-0.00978660318	0.3589724215	0.3700593741	0.4999528669	0.2951151203	-0.003666376207	-0.007989995274	0.2937171639	0.02573355618	0.06701089103	0.02140122285	0.02225850461	0.2979909207	0.1521954746	-0.03017648576	-0.05490724148	0.08367349213	0.05614926105	0.04634520302	-0.03007759594	0.1577980117	0.04369546757	0.05603166149	0.1611525838	0.102703739	-0.0159362389	0.4461143501	0.4332857624	-0.02543235642	-0.02696868086	0.03264814379	0.01142804186	-0.0589839356	-0.3701524214	0.0796703032	0.1586518111	0.1099635235	0.2184485831	0.6756282446	0.2101421581	0.1755009338	-0.001994207606	0.1158793785	0.006394967379	0.5108994795	0.2834803624	-0.008120964775	0.07117192311	0.09773378401	0.1889749978	0.008274949465	-0.009270729215	-0.03451774213	-0.003893376101	0.1291677866	0.08157115673	0.221330671	0.03413687383	0.01872229366	-0.009458523505	0.00840757971	-0.03671295099	-0.04913681848	-0.05535823553	-0.05559706825	-0.01467660246	-0.0198408842	-0.03354363241	0.001706549353	-0.06462125624	0.05779818221	0.01455330085	0.254812591	0.01910114072	0.0195783076	-0.03068177485	0.06484516927	0.01757636344	-0.03066724881	0.006368493339	0.02494724132	-0.04085309772	0.1288281607	0.02629290386	0.0992976058	0.068752656	0.1231124552	0.2971921405	0.0631194596	0.009968121286	0.02529974033	-0.02438164025	0.068223888	0.118844723	0.07757522288	0.03810384073	0.05692419672	0.1516198491	0.02497755849	-0.02423953283	-0.0311122361	0.01341894992	0.06953059858	-0.01573902266	0.04673216827	0.001025197711	0.03208540444	-0.05261951961	-0.03331177219	0.0622783677	0.04519248903	-0.009075631093	0.01245645624	-0.07167452141	-0.01337430328	0.01986837671	-0.00533339638	0.005986707801	0.04067065083	-0.03482321083	0.03568382942	0.1156223904	0.06995768505	0.2854328642	0.1307603274	-0.07490941666	-0.3035930534	-0.2068032713	-0.06305163708	-0.02569272246	0.04044784307	0.0256500181	-0.05997006465	0.01067920835	0.02380534328	-0.3170751874	0.04914876032	-0.02901016546
0.1817997946	0.001519839205	0.05988180746	0.08944021901	0.1097257251	0.01990665175	0.07035891355	0.04910777157	0.03071931747	-0.3421530414	-0.3264252437	-0.3279617403	-0.3115423949	-0.3072817427	-0.3198833407	-0.3084196007	-0.3403209177	-0.3309126009	-0.3511033176	-0.3144433762	-0.04985529041	-0.06545661075	-0.3401881892	-0.02848081742	-0.01699759424	-0.3053391236	-0.3130801077	-0.3139494282	-0.3123796684	-0.02501543237	-0.3017011203	-0.03741825431	-0.03945821952	-0.233797469	-0.0210814024	-0.2983284865	0.05869485411	0.06087083431	0.05613662305	0.0384138531	0.0213236163	0.04342981084	-0.3573985658	-0.08998610477	-0.3220831407	0.003792393492	-0.03364400703	-0.02118817028	-0.09677553922	-0.06147652673	-0.01866817163	-0.05404388622	-0.3135181127	-0.2971943375	-0.286698049	-0.03060524654	-0.02100656319	-0.03988196779	-0.3584050604	-0.3503958658	-0.3481441269	-0.02085279889	-0.3139327373	0.01148521458	0.0004226606037	-0.04592547219	-0.0193005155	-0.0390711578	0.03345313117	0.08357572873	0.08121477401	0.04578848275	0.04546258944	0.09502929776	0.00259588465	0.09921535702	-0.04434531276	-0.03198189746	0.0487780003	0.05508583653	0.2020226435	0.1031714618	0.2257400201	0.01818980531	0.06511219094	0.1524052234	0.06384504564	0.1574612416	0.3215137701	0.009921333042	0.066760313	0.1864607683	0.1707509346	0.05742815199	0.07865613923	0.2067438137	0.1713712779	0.3686545149	0.06829123395	0.02829872793	0.2071755992	0.08306453605	0.06203158384	-0.001957979737	0.06554076621	0.2833714836	0.1294867596	0.01920144463	0.002610189818	0.02055649159	0.1122659121	0.03702790859	0.05333452355	0.07940349917	0.1636006398	0.04886185818	0.1019258313	0.09941113815	0.03295171713	0.1454813591	0.3254075787	-0.04386348929	-0.02236462801	-0.07856925964	-0.001576799724	-0.02878364746	-0.3484538445	0.08343689028	0.1759886183	0.1549809637	0.2982940854	0.2101421581	0.5622742743	0.1793003753	0.09281801739	0.09796423172	0.004273773529	0.155716305	0.1363514225	-0.03118593423	0.0596359962	0.1138276685	0.09996737391	0.03563904596	0.03852806126	0.01572913175	0.05521178274	0.07531352654	0.1187591324	0.09950344002	-0.02319561246	-0.006906406308	-0.01448459447	-0.01833518247	0.006301669524	-0.04870773864	-0.006022562184	-0.05136363959	-0.02043950102	-0.01876607164	-0.002895225589	0.01390943318	-0.08126774037	0.1573390154	0.08628123986	0.2368172783	-0.1132061978	-0.02525829457	-0.09553098242	-0.01769965977	-0.05080304292	-0.09778514915	0.0381958707	0.07341064818	-0.01332254083	0.0703090496	-0.02479457985	0.05212305527	0.03808202317	0.1026648691	0.09266185121	0.06820997557	0.09682050708	0.04437361421	-0.02640948032	0.08372747215	0.151799543	0.1306577625	0.1012110305	0.102989867	0.1783918754	0.05233475438	0.01899468292	0.01132617216	0.01211479711	0.06492388402	0.005026724395	0.02576594451	0.02294585033	0.006917158555	-0.05505398883	-0.05671512911	-0.002844079619	0.01983014065	0.005737726482	0.03407459834	-0.01193318607	0.05482609143	0.05669626843	-0.02606042735	-0.04477759848	0.09743827296	0.02532157942	0.04710472963	0.1042715641	0.1055529096	0.1726644022	0.1257684726	-0.0835848778	-0.3504259234	-0.2245178805	0.003857707988	-0.01808962478	0.06179788287	0.1292129075	-0.02785288241	0.01201202886	0.01861701695	-0.3598187993	0.07835744767	0.01895799252
0.1460749641	0.02909891848	0.08073368164	0.04816091126	0.03646759175	-0.04289781694	0.04005832086	0.0224596231	0.06618658423	-0.3961843743	-0.3759896134	-0.3836634923	-0.3615690491	-0.3517548439	-0.3499914329	-0.3616380861	-0.3889346662	-0.3818236642	-0.3291280368	-0.3668959125	-0.05222629097	-0.07124834746	-0.3168789889	-0.07438937317	-0.05437353993	-0.3637053418	-0.3574824866	-0.3572132825	-0.3528953375	-0.06387674138	-0.357609269	-0.09817018714	-0.07046992947	-0.227565063	-0.1015554311	-0.3551183693	0.08409658463	0.09745784714	0.07778015157	0.03145666068	-0.04126637537	0.08146354907	-0.403907117	-0.06588801399	-0.3751130956	0.02314076915	-0.05442553139	-0.05911907313	-0.05929440682	-0.05206942523	-0.04034112277	-0.07309691505	-0.3591301914	-0.3435962929	-0.3343985825	-0.06908907416	-0.06691374474	-0.04612726225	-0.4053021382	-0.4008484422	-0.394429509	-0.03188326579	-0.3564460798	-0.0381053712	-0.04455097117	-0.05686262769	0.02429628353	-0.03291225152	0.03032040763	0.08606448231	0.01675607446	0.01887515825	0.0189319845	0.09624379802	0.09307611934	0.1812687903	0.03070187813	0.02455887512	0.09976111145	0.07289876723	0.1328780143	0.123120867	0.1711098273	0.006562664475	0.1790610217	0.1803373441	0.08632173063	0.1836910364	0.2915437022	0.02167534889	0.137146157	0.1432440121	0.1448656111	0.08274349017	0.1172553514	0.1451648673	0.1861459815	0.3020537247	0.09127918666	-0.03369151963	0.2087933669	0.06313303488	0.06211149741	0.006178280657	0.07613658271	0.2350585328	0.1044116583	0.03837235328	0.0660942313	0.05807499251	0.05162919424	0.08214973629	0.06820083304	0.2626960724	0.2078778725	0.06358172533	0.1054082526	0.1342304206	0.1022657355	0.1534797105	0.2913376282	0.05508049525	-0.007145858782	-0.02014652583	0.01466251792	0.05062697302	-0.3943440508	0.05580784084	0.09981567899	0.105657469	0.1910428369	0.1755009338	0.1793003753	0.5456182649	0.01615505071	0.04777239648	-0.05716642429	0.186593166	0.3265097572	0.003564554377	0.0847436276	0.1683478772	0.175817478	0.06530108498	0.1196309095	0.1110962516	0.06779010455	0.1921614031	0.1375569085	0.2050420736	0.07024318106	-0.04554131389	-0.02041265767	-0.00504001729	-0.06157735735	-0.03096736523	-0.06807875029	-0.06790628891	-0.031931033	-0.0484669424	-0.02192036213	0.008532226566	-0.01865888084	0.2130306297	0.1216134395	0.149190792	-0.02977451643	-0.0610615909	-0.1072381751	-0.07480979639	-0.06299997308	-0.0938667956	0.0368800602	0.08862378236	0.01066745101	0.07851077479	-0.06365860088	0.06696447788	0.06334784668	0.1950644768	0.09121547307	0.145450331	0.009223285633	0.03310440296	0.01310529649	0.09073542884	0.06350056954	0.1016967986	0.09924637505	0.2213286661	0.2100960466	0.110731395	0.007932583628	-0.01737462113	0.03415858599	0.01885985035	0.02367805844	0.06915526696	0.0002784560021	0.1276494707	0.04532611916	0.05715244514	0.0865676922	0.1407490964	-0.01101076263	0.009733407118	-0.001343507695	-0.02081419694	0.008116325734	-0.05349591742	-0.05356085233	0.08074734251	0.06396966037	0.1167943009	0.07981374243	0.03281025329	0.1813481018	0.1080496283	-0.07874860369	-0.3398368468	-0.2350435604	-0.001597060834	0.006454503048	0.1051859398	0.1785096075	-0.05718900167	0.09236034806	-0.02051143816	-0.3498292571	0.06348524786	-0.0008705369121
0.1376841094	0.09579318849	0.07546589673	0.1321968639	0.1308731017	0.01531194637	0.04496560715	0.06002813662	0.06044274932	-0.3532544183	-0.3294109846	-0.3403398445	-0.3179012522	-0.3006675169	-0.2960799497	-0.3222282869	-0.3444017388	-0.333931274	-0.3382408395	-0.3266570091	-0.02480068634	-0.01332815542	-0.3181450459	-0.04095458543	-0.02868369593	-0.3127897546	-0.3100671282	-0.3029234446	-0.2868034599	-0.01591272372	-0.2814104312	-0.01087076714	0.01172742745	-0.2364379296	0.04528043111	-0.2984707269	0.06449530354	0.05933351839	0.09444642171	0.07837751979	0.07500422326	0.02429924245	-0.3043135257	-0.03845986219	-0.330983642	-0.007196174675	0.0313937084	-0.01482309903	-0.08193785195	-0.008465683831	0.005382647835	0.08139810149	-0.3191672045	-0.277636927	-0.2827184314	-0.0297926464	-0.02362443221	-0.02183760842	-0.3254465095	-0.3552049947	-0.3199755506	-0.04372150602	-0.2953241861	0.0643766702	0.05998505705	0.09134788517	0.04064264669	0.02148536867	0.1198691849	0.09732366136	0.1549175248	0.06852041815	0.06801857247	0.0986051023	0.07108258092	0.05608446221	0.03070180414	0.02741471942	0.08974906996	0.09394177783	-0.07584776573	-0.07376568449	0.05128783495	0.09240246251	0.02830649992	0.07069446767	0.0009411221398	-0.009371842725	-0.008038839784	-0.06099754401	-0.02144345865	-0.01275875196	0.1140440811	0.09599888844	0.06036343926	-0.01676476314	0.005349103991	0.01179232075	0.06246159067	0.12112898	0.02292253782	0.05243957922	0.0472776082	0.0571579588	0.08269715252	0.05070736248	0.0008736207319	0.07418389357	0.03582141224	-0.0199170495	0.109575462	0.03002753967	0.124180463	0.02359922936	0.07682948776	0.2222479155	-0.00424058525	0.0287583119	0.04050220429	-0.002265470666	-0.02317198591	0.05223312415	0.06560448526	-0.02509321163	0.0615539782	0.265536792	-0.2972204891	0.02449728802	0.008145743777	0.01982895666	-0.008968740634	-0.001994207606	0.09281801739	0.01615505071	0.565453378	0.09300176284	0.001703967465	0.003800313263	-0.01304646131	0.0732053654	0.03132548868	0.03047591879	-0.0156983733	0.02874018089	0.04681004468	0.04050669449	0.1189718015	-0.01724026209	0.05891208475	0.001038977557	0.0622216393	0.1246065122	0.02112482267	0.003088206674	0.05354347066	-0.035654613	0.07429760291	0.00392616807	0.03299800119	-0.00933344105	0.09365803939	0.03293113974	-0.04105298569	0.0739088692	0.0993626138	-0.003552375437	-0.1369739574	0.04273578562	0.01231528188	0.02129983397	0.01772353945	-0.0725353582	0.03577721335	0.07106005569	-0.01378960868	0.09724713471	0.04597167325	0.11199299	0.1084304323	0.03205365229	-0.02321030676	0.02651546983	0.1983914332	0.1655680181	0.04684073174	0.1053479544	0.07945572311	0.08033758736	0.04742141807	0.04780201774	0.02691805644	0.1982102158	0.06949029863	0.3338057409	0.3750916617	0.2091887635	0.1127940831	0.05919407321	0.08133350169	0.05195256287	0.02929299376	0.03487021949	0.00560177793	0.06628561952	0.09330401633	0.03751337112	0.08004586981	-0.001560876018	0.05601181824	0.06284670516	-0.005381556511	0.05365721045	0.0894549941	-0.02234022359	-0.007976585293	0.1262519198	0.003711330938	0.03502240145	-0.0290211335	-0.355696442	-0.2206758839	0.09447681903	0.1705646387	0.04620684483	0.04576355282	0.0163989673	0.05077818797	0.03786757932	-0.3194576388	0.07775451469	0.1969260202
0.03765107021	0.04199159918	0.0541695103	0.11602882	0.08513767172	-0.02662152505	0.02550011679	0.0328894668	0.01534873253	-0.3064459864	-0.3357869103	-0.3421807328	-0.3200259809	-0.3292542902	-0.3239995916	-0.3189068983	-0.3080286096	-0.3137925536	-0.2858556624	-0.2923461455	0.01962588987	0.1129303558	-0.289101392	-0.03121598239	-0.1023226674	-0.268987677	-0.2649094517	-0.3041819696	-0.2709878435	-0.09709127611	-0.2635101213	0.04952881658	-0.02890565148	-0.1910461193	0.09290682115	-0.2625355207	0.03091128611	0.03511807679	0.04434825418	-0.04517988701	-0.02068430194	0.04262663429	-0.2968359823	-0.07055282346	-0.2821137247	0.06724791269	-0.07195533605	0.06270324409	-0.0999361542	0.03469123638	-0.06464044594	0.07182195811	-0.3072789074	-0.2851054565	-0.2707091243	-0.1110957841	-0.1068545604	-0.004145929549	-0.3000091214	-0.2936212032	-0.2908679912	0.1424383481	-0.3189794194	0.03284856016	0.01525962824	0.005526131278	0.02091897694	0.04081931971	0.03011996282	0.08462837149	0.1714946347	0.1335554582	0.1333018776	0.1931066938	-0.02304394337	0.0244439905	-0.08368583143	0.04634627577	0.02785504024	0.04174488076	0.0006081239999	0.03051594487	0.08282536056	-0.01542757957	-0.0007409586606	0.1144350805	0.1245805607	0.03235085788	0.09366559447	-0.06764714132	0.0898753365	0.07489376493	0.06559385465	0.04326125844	0.1131729105	0.08287584071	0.09613619106	0.08698636564	0.08228514712	0.2756156632	0.08789080004	0.09083997372	0.04009730073	0.0161092045	-0.004397036513	0.1155492014	0.06846688903	0.0264483255	0.08269483526	0.0140339699	0.1132878638	0.05079186205	-0.01420517642	-0.03820236419	0.01913567601	0.1055509331	0.102598327	0.1267392611	-0.02729463729	0.06488953562	0.07867006076	-0.03599021516	-0.01706126888	-0.02367269419	-0.00207369901	-0.06157756889	-0.2921833755	0.1403873519	0.07555834009	0.06332369549	0.1663836998	0.1158793785	0.09796423172	0.04777239648	0.09300176284	0.6760896133	0.2431607045	0.1030648373	0.09502094585	-0.007199363979	-0.03273003407	0.003102145277	0.07995831152	-0.01691764583	-0.007171009584	-0.02931370912	0.0741619365	-0.04047355242	-0.01242858366	0.0671299521	-0.01161143454	0.03195816689	-0.03213924644	-0.03560154056	-0.07871486416	-0.06391909655	-0.1241462733	-0.1384411394	-0.03490027711	-0.06990420569	-0.05461608056	-0.04708690129	0.06835114315	0.05718011083	0.08555632609	0.1954726485	-0.08294600893	0.2709088451	0.1058014994	0.09841536528	0.2611373058	-0.08673211354	-0.03224651505	0.06684683494	-0.04381823426	0.21194017	0.2774088267	0.2431567648	0.1874050947	0.04204510982	-0.05461609876	-0.02230718952	0.2242133209	0.2233550895	-0.002502928623	0.09518340092	0.07983835789	0.09847945722	0.02190775543	0.05313225045	0.09905373628	0.08723919623	0.1827262393	0.0336377865	0.04421186985	0.1478490552	-0.02659366285	-0.0002345561063	-0.03174614143	0.02084523271	-0.07243219561	-0.04272191827	0.01131585591	0.02633288858	-0.004824205765	-0.001239096831	-0.01899272007	0.003940163328	0.05651836472	0.07988897873	0.02328991273	0.0287624722	0.001479883918	0.1087410184	0.02739449101	0.2999764454	0.1264766395	0.09500300767	0.03935760774	-0.3347940702	-0.1894335796	0.1304718279	0.06018382551	0.05452010042	0.05267757215	-0.06768860395	-0.02476272667	0.06452813113	-0.3400627058	0.1416563608	0.04303112225
-0.03528580379	0.0342454338	-0.03493438039	-0.003595187166	-0.01944968113	-0.01252088365	0.004157327592	0.01345352284	0.05348953473	-0.2343124079	-0.311775457	-0.2716933117	-0.2618063459	-0.2542620688	-0.2454417715	-0.2568101333	-0.2730805997	-0.2554436994	-0.2343018878	-0.2832571495	-0.03323430476	0.04159841627	-0.2623571542	0.02626466754	-0.03177188347	-0.2117610014	-0.2098470986	-0.2417345853	-0.1939670398	-0.010838054	-0.2312082005	0.06527506706	-0.02125637212	-0.1644337151	0.0584562401	-0.2450062695	-0.07191819469	-0.06167871793	-0.05249505352	-0.08516247278	5.517241549e-05	-0.06722579279	-0.2154383707	-0.01686907684	-0.2013473702	-0.04440113902	-0.02383763876	-0.04905615988	-0.05187707525	-0.00998582167	-0.05174565466	0.05234884643	-0.2519649396	-0.2435173915	-0.2304305585	-0.001153705535	-0.02966517144	-0.04218060528	-0.2100035563	-0.235683506	-0.2030706993	0.003554483542	-0.2327488839	-0.03223184987	-0.008262360337	-0.008094326089	0.00698711815	0.02628698012	-0.01722754423	-0.02426135613	0.04937821399	0.08027727036	0.07990361159	0.05674373796	0.03276587376	-0.06437341828	0.05051865323	0.1740823769	-0.06109544921	-0.0160524259	0.02863193053	0.0105833325	0.004834956028	0.03746949923	-0.00585026173	0.03273164097	0.1202313301	0.07640334395	-0.01444705256	0.08709047903	0.03986947065	0.05018560662	0.03804104757	-0.04968503619	0.0950923805	0.008294044629	-0.002225232008	-0.01093593789	-0.003252540053	0.1742790268	-0.03057880254	-0.03708502627	-0.05491677344	0.1847657354	0.0412070085	0.01567904757	0.01250304665	0.001335418528	0.1081532294	-0.03594242051	-0.0244995068	-0.02964848125	-0.03679085431	-0.08065684766	-0.03896460899	0.02797163537	0.09763526188	0.03102727919	-0.06480421587	0.06818500858	0.002283590489	-0.03416530059	0.01491365706	0.07164573128	0.009939091983	-0.04269749273	-0.2135562276	-0.007120754554	0.0135895076	0.0918252505	0.07030826656	0.006394967379	0.004273773529	-0.05716642429	0.001703967465	0.2431607045	0.8151454521	-0.001253198605	0.0328571917	0.1174623244	-0.04330376511	-0.03590379842	0.04041432063	-0.02993198969	-0.07248222319	-0.07760350413	-0.02981997428	0.003813926228	-0.05057188448	0.05071515768	0.06382023816	0.05551758272	0.1142303614	0.1008881454	0.1271200981	0.05973915273	0.06985682132	0.09591791247	0.1448946205	0.1205482375	0.1488523373	0.05384630488	0.2596572976	-0.0307620009	-0.01680509153	0.03345497357	0.1237705413	0.6084111001	0.4151879274	0.4826846968	0.5825253499	0.333883401	0.1482729983	-0.0574382581	-0.0007728663582	0.0271589805	0.6578119821	0.1238106479	0.06101252254	0.0006707852045	0.05679418727	-0.04418671424	0.1170807001	0.09905389418	0.1891934273	0.0275112417	0.02422070397	0.04851321091	-0.07085163688	-0.03130699977	-0.002953938386	-0.03294397654	0.1517613579	0.02543075609	-0.02707497067	0.005726861619	-0.02423378003	-0.05886934827	0.007953612446	-0.02698396117	0.1277166969	0.09906822627	0.02211441006	-0.01764830126	-0.009888733356	0.03490869542	-0.06627988179	0.06695299125	0.01039649036	-0.01613483717	-0.01028340357	-0.06718479428	-0.06728455734	0.07614652449	0.0357904381	0.08989721588	0.09360185781	0.03638820095	0.02693445704	-0.2988333725	-0.161111949	0.07553759093	0.05064926862	-0.04730098071	-0.05940887583	0.0007128620158	0.004350899313	-0.0335603278	-0.2752666878	0.01477309243	0.006458036925
0.04715678676	-0.05881599183	0.002796376484	0.04656173113	0.04022973938	-0.03104103472	0.0007433929463	0.002856524406	0.01218351955	-0.3672623867	-0.3469137502	-0.3523681171	-0.3329828464	-0.3318352659	-0.3202084688	-0.333247273	-0.3619876744	-0.351984808	-0.3035899183	-0.3397894017	-0.04777699076	-0.06345615509	-0.2950061784	-0.06027565397	-0.03876741948	-0.33307732	-0.3329768801	-0.3426434164	-0.3342266602	-0.03503779561	-0.3256367777	-0.09271132353	-0.06356664079	-0.1996140073	-0.08436881954	-0.330040031	0.004636737142	0.01273977468	-0.006390594539	-0.009766279723	-0.02376098926	0.02870254185	-0.3766086112	-0.03433775265	-0.3518760719	0.006377645592	-0.06010405439	-0.07020760295	-0.05899544957	-0.04913064502	-0.01305079469	-0.06100035708	-0.3306922892	-0.3182466428	-0.3095682306	-0.05273458441	-0.05208543346	-0.02100598702	-0.380022361	-0.3713718216	-0.3591085393	0.02795562697	-0.3329066514	-0.01905580806	-0.03432267567	-0.03621525341	-0.0367369974	-0.05627836292	-0.01929337046	0.03403790156	0.05602390497	0.04991478797	0.05005236362	0.08390638786	-0.02167253705	0.02373786005	-0.0009526108964	0.0166642441	0.01102360963	-0.0006143570197	0.1395727864	0.2044024533	0.0251521518	0.1123851915	0.1353130008	0.03860780433	0.01747059644	0.29475241	0.2394454253	0.1578806172	0.02960004596	0.3566799932	0.2464114459	-0.005373100512	0.3775305641	0.398421106	0.6783593558	0.1974866867	0.03251260251	0.001053338217	0.1793013122	0.05929354648	0.04763359665	0.03281982529	-0.002071589221	0.2134916664	0.1845454099	-0.02865266521	-0.05691311126	0.09911973552	0.06351896236	0.04303142131	-0.0296859007	0.1616154381	0.02026211666	0.05980861658	0.2467991278	0.07950487701	-0.001128274696	0.6026491349	0.3075430524	0.01532073072	-0.01040851506	0.03734307372	0.02347861125	-0.06094682941	-0.3676634277	0.08574954271	0.1924900506	0.1058969358	0.1217812771	0.5108994795	0.155716305	0.186593166	0.003800313263	0.1030648373	-0.001253198605	0.6899763688	0.3084062854	-0.01584588615	0.04778842653	0.09707564995	0.2709339952	-0.01975625871	-0.002217016369	-0.0251810456	0.005532639686	0.2042744526	0.05105747348	0.303313234	0.002234592601	0.02062216274	0.0236344398	0.01072156083	-0.002196180751	-0.05018094667	-0.04312053566	-0.04434793734	0.001962838246	0.004996690371	-0.001274308749	0.006798795657	-0.06650259677	0.02480720678	0.02045704726	0.1655577166	0.03908541637	0.005814791819	-0.03854361596	0.05778614501	0.003651864047	-0.03707295896	-0.02113086444	0.06175018394	-0.03957733121	0.1447312579	0.01813489914	0.1180136314	0.06756344472	0.193325193	0.3780655653	0.07101659559	0.03870231464	0.045119793	-0.01742052724	0.05171041997	0.1310860514	0.03885365019	0.005741913862	0.02176649586	0.06539010733	0.03756355104	-0.01629841203	-0.01918350896	0.02139876191	0.07379742446	-0.03725080905	0.03070097366	0.01503870551	0.02006224619	-0.07171311838	-0.03836458525	0.07248498714	0.03318043509	-0.009308401983	0.01671666514	-0.06734761485	-0.02198323668	-0.01333182507	-0.01585988525	-0.01605341774	0.006714472429	-0.0151048125	0.03529130236	0.120132591	0.09842659381	0.223542405	0.1326882498	-0.0690042761	-0.310028832	-0.2008640135	-0.05914628296	-0.05954576781	0.04262809173	0.0291381226	-0.05693869662	0.01288907232	0.03879155948	-0.3122068532	0.03514139181	-0.0208784117
0.0499579677	-0.02728884065	0.04693536395	-0.003607582395	-0.006144100102	-0.06196474565	-0.01437175217	-0.008749119624	-0.0003391168118	-0.3347247963	-0.3673158576	-0.3739630111	-0.3532556913	-0.3376209808	-0.3382090436	-0.3537679739	-0.3265704304	-0.3723761165	-0.3120081033	-0.3060622473	-0.06410470485	-0.003221380672	-0.3039308669	0.00753715368	-0.05069226319	-0.3026482469	-0.2967434741	-0.3444234859	-0.2850373983	-0.05997315561	-0.2875962066	-0.0198304118	-0.07128770749	-0.2331312601	-0.04089466071	-0.341376122	0.04765571269	0.04896965968	0.02494970758	0.005485096169	-0.04963303464	0.03420272405	-0.3182635151	-0.06386652402	-0.319833707	0.0002751542237	-0.06199980556	-0.07489026091	-0.07158232852	-0.06791012078	-0.04501449436	-0.009304484196	-0.3505788002	-0.3277528977	-0.3242177597	-0.05935932625	-0.05763879402	-0.05023850044	-0.3181641887	-0.3133958959	-0.329441682	0.03094515112	-0.3407146962	-0.04416245833	-0.0441657222	-0.05986947745	-0.01076693045	0.03630150862	0.01085308887	0.01521819128	-0.0348625682	0.1195664175	0.1198236636	0.07729908566	0.02768229586	0.07765312543	-0.02232084945	0.1032832554	0.0159250385	0.02050569114	0.06411125946	0.1027107736	0.1898638428	0.02893339266	0.1749704126	0.1715721486	0.1569420387	0.2621853098	0.2518108754	0.06306884182	0.1283308903	0.1108837354	0.2124291071	0.02592712196	0.2437240965	0.15342332	0.3076874616	0.2075980563	0.1724227608	0.03316635673	0.2174177478	-0.009526952751	0.0529330858	0.01524206701	0.01845297964	0.1999834375	0.1533660815	-0.01665215998	0.04799202543	0.009334027728	0.002684181841	0.04787478728	0.01364553519	0.2356293156	0.06212792814	0.04053235703	0.137481416	0.06727167992	0.06243282894	0.275303831	0.2867179725	0.0513058022	0.02219170755	0.0008569609722	0.02811412546	-0.007953977303	-0.3114127905	0.008605510679	0.1557724662	0.1139878057	0.2055650717	0.2834803624	0.1363514225	0.3265097572	-0.01304646131	0.09502094585	0.0328571917	0.3084062854	0.6484679517	-0.02067033874	0.0908923435	0.1438565139	0.2569931768	-0.003392155872	0.05863614426	0.03538465606	0.0269953214	0.2081442671	0.1530768026	0.2499210038	0.03224594605	-0.02231577653	0.004881863998	0.01775450467	-0.02752954114	-0.04481451035	-0.0227280597	-0.03235026293	-0.01202253938	-0.02212653472	-0.01006814768	-0.03512480079	0.03664122676	0.0809194392	0.05358255567	0.08314126691	-0.01204146265	0.01052092759	-0.03578940298	-0.04689961218	0.02432809914	-0.07730825872	-0.03220724865	0.02095816224	-0.02269673212	0.1015267319	0.01632487823	0.1347683291	0.09537603871	0.1788306568	0.1903889937	0.1106626389	0.07284940135	0.08317675831	-0.04150474716	0.03243263225	0.06695135988	0.06253229636	0.02309453859	0.1116940057	0.2379843993	0.01503018181	0.06335498464	-0.04153764271	-0.03015327611	-0.02694778931	-0.008977840889	0.05535872345	0.003266196826	0.04925615257	0.006364070789	0.002446225466	0.07730262798	0.05846732853	-0.03635365598	0.001483131321	-0.0403920337	-0.02876210347	-0.01333213976	-0.07315221332	-0.03944305697	0.01328330285	0.02188997332	0.1227924887	0.03342183941	0.05662111485	0.2508525864	0.107015751	-0.009100536864	-0.3491777154	-0.2424791869	0.04268054426	0.03662205286	0.06715279958	0.08098120396	-0.06622650925	0.03215764566	-0.02004942396	-0.3574546922	0.005902525734	-0.02097287278
0.0006901921879	0.1470932564	0.03828721722	0.1082655562	0.06349016241	0.08308420757	0.07829514761	0.07168378794	0.1134962654	-0.3297052699	-0.3512648844	-0.3119751262	-0.3205738196	-0.2937132128	-0.2613307964	-0.3047370882	-0.366203625	-0.3196697018	-0.2661453449	-0.360492228	-0.04642813037	-0.08626567328	-0.3039844851	-0.06129358113	-0.0374914848	-0.3173144076	-0.3212408326	-0.2697489971	-0.2867255472	-0.01654814657	-0.3346089102	-0.001200037469	-0.03371658541	-0.1176157072	-0.02653255688	-0.2795272756	0.05367424296	0.05033883683	0.04352797041	-0.0240243812	-0.04415929173	-0.01011068261	-0.2744991677	0.06065899293	-0.2689589222	-0.04982547649	-0.001520439406	-0.02127757922	-0.06391419699	-0.03129685227	-0.06366353829	-0.03766097267	-0.2741670232	-0.2821042076	-0.290429758	-0.02334499011	-0.04630525676	-0.05817846712	-0.3198260706	-0.2961811148	-0.2553872241	-0.07376237132	-0.2697017712	-0.07239939861	-0.04444427436	-0.02124154611	0.05990234412	-0.03451431941	0.04495837196	0.06052004873	0.07597425585	0.08185856728	0.08197631083	0.08050734344	0.1713719696	0.06276102263	0.178357177	0.08317263024	0.1067585858	0.03497561871	0.0878879759	0.05009862953	0.001051861441	0.2154015657	0.008289675095	0.02335790182	0.06594414443	0.01306231643	-0.03584087368	0.1318943161	-0.004436155449	0.009696675665	-0.0001191832442	0.04347747981	0.07316064756	-0.02662735989	-0.01441264506	-0.01902852123	0.02885733005	0.05084049561	0.01212301642	0.04333685181	0.02487915481	0.1177072527	0.05972074919	-0.06244052345	0.03280280111	0.07364004043	0.1603883712	0.04932340899	0.06810480325	-0.004837934079	0.108748981	0.05941640326	0.06090736598	0.122420561	-0.006144497141	0.1085179982	0.09077706213	0.03149167297	-0.03197110959	0.1132268628	0.01462880592	0.1097645816	0.03184768268	0.08656467494	-0.2697556392	0.06523757616	-0.00432326499	0.09784843511	-0.03713232749	-0.008120964775	-0.03118593423	0.003564554377	0.0732053654	-0.007199363979	0.1174623244	-0.01584588615	-0.02067033874	0.6906867924	0.0213268779	0.0215526867	-4.463545834e-06	0.1723711111	0.1120455873	0.1028150643	0.04530259786	0.07181760579	0.02697601257	-0.002054488962	0.1273002863	-0.004026410156	0.05926414676	0.07028067658	0.06654730929	0.07930450568	0.05860333964	0.06686498658	0.1208067705	0.03558683362	0.04657592038	0.2073598143	0.06587783956	0.08286008023	0.1050912145	-0.03709891858	0.06168033543	0.1315249471	0.09072672435	0.1012094378	0.09152186158	0.05323300907	0.07794709577	0.01308730462	0.01200741642	-0.004977819469	0.1179279912	0.01771824934	0.1268753645	-0.01286287128	0.06291868787	0.01401209775	0.048826785	0.06074018637	0.1167958511	0.02322566061	-0.006615588843	0.01240060267	0.1061101424	0.09895150201	-0.015827783	0.131393018	0.09522767573	0.02630545499	0.09846625182	0.05210486772	0.06378034489	0.03022178603	0.01903437094	0.1552518995	0.200105329	0.1978446627	0.1344652204	0.1548763573	0.006616062961	0.1298167695	0.02640212921	0.005565011219	0.003782781907	0.003094089024	-0.04502471731	0.09959467502	0.06202230899	0.01613215552	0.08642913705	0.02463792869	-0.04760908899	0.03370668026	-0.07745679503	-0.3044148136	-0.1376527826	0.03929310561	0.01742593009	0.02151654163	0.07032051801	-0.001393183942	0.05507370822	0.01972163676	-0.2682094326	0.01110175316	0.07992650046
0.04525718999	0.03318093845	0.07488615195	0.04447915222	-0.01114757086	0.01303323622	0.08564863587	0.05164565916	0.04361538316	-0.3519141649	-0.3304450928	-0.3396109283	-0.3194187457	-0.2859569789	-0.2859017721	-0.3166552174	-0.337034726	-0.3303287393	-0.2977508933	-0.3217051876	-0.01218267708	-0.0168774132	-0.2738185998	-0.02170678264	-0.0009773497304	-0.3061327902	-0.3001479675	-0.2799554898	-0.2890904942	-0.02055855063	-0.2897871239	-0.04688062917	0.05605867636	-0.189733351	-0.02895900955	-0.3011781863	0.07209555939	0.06913134513	0.06697073955	0.06331460869	-0.0008424703035	0.03864619754	-0.3400592886	-0.01593560929	-0.3124071204	0.001593006174	-0.03269660686	0.1017448796	-0.02956797059	-0.01274433103	0.009951645402	-0.03521008885	-0.3040399114	-0.2785260581	-0.27589288	-0.02707959018	-0.01676348308	0.04403606138	-0.3350002752	-0.3367888688	-0.3295526299	-0.04540170409	-0.2873683156	0.04877783417	0.005132212987	-0.02041430924	0.05891457654	0.08923326875	0.2639787228	0.07251893193	0.0637544116	0.06024103522	0.06025504261	0.01705907832	0.01338569917	0.09033256239	0.06437155901	-0.006407959677	0.08388701764	0.04971334097	0.09972941583	0.08552539847	0.1151432554	0.09596237312	0.1476784553	0.06070958366	0.03030709504	0.05429128698	0.1060663852	0.0106034132	0.1489766299	0.07463474593	0.009263972316	0.06952507359	0.03411838934	0.1018193324	0.04584799597	0.07272844345	0.1021939725	-0.007060603513	0.1209848828	0.05825469745	0.05940305714	-0.01584623038	0.1598113661	0.07060765128	0.08206931575	0.1210386369	0.003298596723	0.1013795655	0.07117098075	0.02530068465	0.06469385425	0.1054328837	0.1048403749	0.02547935447	0.08695755749	0.07849498032	0.1340160414	0.01517562789	0.1124897606	0.1103828973	0.04679204938	-0.01019483709	0.05436202539	0.02713208547	-0.3318839025	-0.01491167359	0.04359041243	0.07976443682	0.05765317108	0.07117192311	0.0596359962	0.0847436276	0.03132548868	-0.03273003407	-0.04330376511	0.04778842653	0.0908923435	0.0213268779	0.6437026605	0.1621454342	0.08675988201	0.06485842297	0.1004944008	0.1358837853	0.1030128081	0.1428039985	0.4351776097	0.07266418948	0.01599686169	-0.01594842324	0.03710507032	-0.006923584117	0.007893633207	0.02573651199	0.002805110655	-0.02209496298	0.005151121571	-0.02241514469	0.008812051529	0.10749462	0.04627479411	0.05656380958	0.0394746768	0.06438030696	0.03983214296	-0.05666226032	-0.1058606774	-0.05318351702	-0.07560452318	-0.02365297304	0.01845322689	0.0760684243	0.05958150363	-0.02632274438	-0.06973422699	0.001006032354	0.008642820125	0.162047074	0.034700737	0.1186320865	0.01495178015	0.02068780149	0.01263616352	0.07925722893	0.06997269774	0.07669925681	0.06128418162	0.07439457553	0.1012537507	0.07010346342	-0.009983827945	0.01440008501	0.02847491936	0.02521667818	0.02775854133	0.01889164234	-0.01310297481	0.006379047818	-0.006518454017	-0.01936590222	0.004437118897	0.04445665012	0.0716453365	0.03358991905	0.07070762581	0.06226734666	0.05644197175	0.01903911355	0.03912613246	0.05308802536	0.1523634164	0.1191205442	0.009826860883	0.01293835702	0.1070641648	0.04565526723	0.009214944062	-0.2959259121	-0.1951833959	0.03006908625	0.0155758051	0.04361437516	0.06585861315	0.01888987472	0.01895096468	0.1362940192	-0.316060394	0.01472388796	0.04812259554
0.1359589456	0.03829459877	0.1419170653	0.07666932129	0.02711020578	-0.005288106626	0.05391138594	0.06598214927	0.07914876366	-0.3543525357	-0.3601104696	-0.3674458261	-0.3482213895	-0.3368025117	-0.3418012475	-0.3436627664	-0.3500215717	-0.3404966466	-0.3445748522	-0.3519798847	-0.07007015903	-0.06073544085	-0.3265793452	-0.07139077535	-0.05225338555	-0.3511802517	-0.317695327	-0.3094706132	-0.3426113349	-0.05046167425	-0.3438938924	-0.06471713189	-0.05533264063	-0.2237062271	-0.07892718542	-0.3454259852	0.08375444225	0.08282452313	0.09761902135	0.02710363505	-0.02181785074	0.03891395434	-0.3626405086	-0.06789669136	-0.3334540916	0.01757465565	-0.028791979	-0.0574601899	-0.06104109798	-0.05329569895	-0.03367451762	-0.0399094037	-0.3146841636	-0.3371653493	-0.3284241288	-0.0499986757	-0.04625784008	-0.0214264825	-0.3638588389	-0.3914279166	-0.3517589541	-0.006677227343	-0.3118469805	-0.01629813706	-0.03916935549	-0.02574085183	0.06940741607	0.007966845156	0.1013732774	0.0952387778	0.1128953046	0.1156009964	0.1152678933	0.06819642185	0.07220031292	0.155488993	0.0319134523	0.03131225665	0.1241721264	0.0900852295	0.03464285053	0.1139969961	0.1022812559	0.06932724775	0.1316172429	0.1146197835	0.09369411547	0.128931611	0.1536140143	-0.01133637476	0.1539503125	0.08421197139	0.02872075912	0.0987707373	0.07469868103	0.103882695	0.09867878005	0.1008103128	0.1726977843	0.008656141175	0.1272148151	0.1276610413	0.06328432646	0.0179139144	0.1080823228	0.1240423249	0.05502786144	0.07394691834	-0.000429413064	0.1411409327	0.136879239	0.04847735838	0.05614290578	0.2151002234	0.1808783884	0.08665539631	0.09092452111	0.1306188465	0.1635573061	0.07492080337	0.1816788721	0.05982559912	0.0008981674395	-0.05394148612	0.02155766923	0.05962537368	-0.3555561517	0.06074195887	0.04813906076	0.02763602337	0.06279161979	0.09773378401	0.1138276685	0.1683478772	0.03047591879	0.003102145277	-0.03590379842	0.09707564995	0.1438565139	0.0215526867	0.1621454342	0.5661073381	0.1348722051	0.1027699804	0.1766796286	0.1466866079	0.1300495153	0.2300632977	0.1642264995	0.1174710866	0.05878511665	0.03280947216	0.03876420894	0.04679062676	0.03365547873	-0.007006702539	0.03083402803	0.0040501698	0.05820262035	0.01728786811	0.04576675045	0.08021929464	-0.02728555715	0.1354592175	0.0819921758	0.1114812646	-0.05349507425	-0.05454002665	-0.1226135074	-0.04785430165	-0.0686868384	-0.06614211299	-0.03270319554	0.0775118155	-0.002452063839	0.04065625191	-0.07599406854	0.0286102549	0.06013491232	0.0941181703	0.02655668967	0.3000316979	0.01422228833	0.04318891262	0.0370141189	0.07692539664	0.06272981373	0.1322153446	0.08968769563	0.1290736015	0.08168409464	0.1114077258	0.02295286547	-0.01828952632	0.03394854798	0.03887191559	0.02317709692	0.06798579947	-0.0360194467	0.05830951714	0.02235395595	-0.003145899383	0.0683507893	0.06142428961	0.02508064592	0.0482920971	0.02525457872	0.003947778858	-0.01260121527	-0.01540552685	-0.03177003665	0.09033631585	0.1262216376	0.0691006392	-0.01994206585	0.06055986282	0.05336676688	0.05020592771	-0.103782995	-0.3365967272	-0.2211307088	0.04720758785	0.0284135503	0.03484626113	0.1429444127	-0.05729432355	0.08477779532	0.01845608481	-0.3235040663	0.07257045038	0.03041218174
0.03454372284	0.03038179894	0.04238651271	0.0270729423	-0.001678347857	-0.02099227674	-0.008852095744	0.003420119654	0.1088006254	-0.3775213469	-0.3602421055	-0.3681050059	-0.3468844774	-0.3406712465	-0.3336557107	-0.3462219497	-0.3750931841	-0.3658804363	-0.3386491229	-0.3572971766	-0.0563236925	-0.07601279904	-0.3224456169	-0.05241696772	-0.02826694339	-0.3428518901	-0.3381988831	-0.343616783	-0.3389399211	-0.04438734711	-0.3416933621	-0.07203289321	-0.06771261063	-0.2347743233	-0.08879487366	-0.3455051408	0.02627703524	0.03664699197	0.04114676809	0.008986871467	-0.008369309119	0.01576239819	-0.3886698857	-0.02976624394	-0.3590280784	-0.00232719601	-0.04556702724	-0.03591795712	-0.0478151652	-0.0576706806	0.009038102047	-0.06275320924	-0.3472893132	-0.337249486	-0.3281734657	-0.04357393271	-0.03023176895	-0.04517740284	-0.3937191664	-0.3900455731	-0.3731199825	-0.01591050066	-0.3414360782	-0.02732400639	-0.03728565671	-0.04874684582	0.005432279756	-0.02934317463	0.04242498137	0.01596383939	0.07336826394	0.01795051674	0.018150666	0.135745758	0.07131809957	0.08523260969	0.001740588738	-0.02345087264	0.07032415175	0.04253894756	0.149339195	0.2096028026	0.06547466076	0.03722665145	0.3227098333	0.0704855452	0.09030855928	0.2284429542	0.133289564	0.08413420084	0.04473647761	0.1153599441	0.1131361485	0.04615385659	0.2729989056	0.1867614637	0.2652771108	0.1404692925	0.08957550435	-0.02423523606	0.1432948327	0.06840479526	0.02853902753	0.004874659934	0.02883233729	0.1279519093	0.1827440578	-0.01313350456	-0.006940200967	0.09420167256	0.08780721348	0.03136495714	-0.01200721377	0.1988613813	0.08905570555	-0.005017792513	0.4079921103	0.15480203	0.03977483201	0.2799343191	0.1692551299	0.02524357164	0.01754767221	0.07179391812	0.05629506728	-0.04733626371	-0.3794848412	0.08958971889	0.1824982105	0.1184150103	0.1321625339	0.1889749978	0.09996737391	0.175817478	-0.0156983733	0.07995831152	0.04041432063	0.2709339952	0.2569931768	-4.463545834e-06	0.08675988201	0.1348722051	0.5955869457	0.03900576644	0.04319136458	0.03942469564	0.05480171514	0.2603839508	0.08876991999	0.5133804855	0.01277041268	-0.0035493602	0.06076623212	0.02482213813	0.04922217237	-0.01649483829	0.03525902381	0.04152552835	0.04238832942	0.03105581873	0.03399211148	0.05261559532	-0.02171196496	0.1045402657	0.01226758097	0.12683108	-0.03397232703	-0.006125270424	-0.04153180016	-0.0003586452527	0.01026406085	-0.04876563174	0.04586773937	0.08527659023	0.01143783067	0.1170949507	0.01095065321	0.1040973209	0.006620440221	0.2378338438	0.1666504897	0.1365882047	-0.002298123894	0.002716346487	0.01952582536	0.1015734393	0.1674216975	0.1332637876	0.03388394288	0.06329211055	0.0855174632	0.009391538483	0.01430494047	-0.003215640549	-0.02821334542	0.004794255447	0.005949479317	0.0631550914	-0.004330053598	0.04936260398	0.01687382863	-0.01052027292	0.05888826188	0.06405170097	0.01159581581	0.01245470699	-0.02289812439	-0.005248676829	0.001708824546	-0.05255990274	-0.04643224269	0.0440560252	0.06360377346	0.06471853662	0.08846434231	0.04802756574	0.1227761206	0.3131744999	-0.08899384332	-0.3432011201	-0.2331080167	-0.002098458815	0.0009454856618	0.0203679905	0.08710314609	-0.03429988616	0.008809911921	0.0005508057624	-0.3508715615	0.06606743202	-0.04940272359
0.1400411372	0.04804396259	0.146007433	0.06165114943	0.01601666666	0.3080909357	0.0479617281	0.0889247907	0.2299419467	-0.3938470082	-0.3740149152	-0.3775664321	-0.3704494004	-0.3625559208	-0.3461538463	-0.3797855984	-0.389330227	-0.3814084852	-0.352423859	-0.3836500619	-0.06022227394	-0.0947617111	-0.3505218566	-0.1103305659	-0.08951010721	-0.3713170103	-0.3662845135	-0.359154608	-0.3608285982	-0.1103238062	-0.364411038	-0.08654981305	-0.06374143618	-0.2170049745	-0.1070026504	-0.3581809229	0.1115421759	0.1200265397	0.1410346822	0.04874808359	-0.01690227348	0.07849426646	-0.3981704244	-0.02989413004	-0.3758811601	0.02889918366	-0.07569902745	-0.008078480436	-0.100386669	-0.08782304252	-0.07911462386	-0.07429234879	-0.3611040069	-0.351214478	-0.3509898458	-0.1136791719	-0.1032763985	-0.06444700675	-0.4115785249	-0.3898711984	-0.382719102	-0.06965625083	-0.3575408959	-0.07949121789	-0.08516630521	-0.0601897295	0.0936053146	0.009712263835	0.06608859381	0.0849625496	0.0734773118	0.07578402169	0.07564527367	0.02771605131	0.2032387698	0.1199403697	0.1851897561	0.04609090994	0.3001964251	0.1581079671	0.06202616675	0.08635555103	0.1370393569	0.05230039302	0.1266760776	0.1094762742	0.04628384794	0.06980197883	0.02260564512	-0.04173438363	0.08764265388	0.01151231274	-0.06661945604	0.1432714906	0.04278739558	0.01286173988	-0.02256437213	0.04961224519	0.1208671925	-0.02909203201	0.05116090081	0.1258103886	0.09157177164	0.03142946106	0.0744661026	-0.02413857168	-0.03725014365	0.1358563039	0.01141128178	0.2426565666	0.1039024794	0.08200297227	0.09779437955	0.09183570486	0.1492055733	0.06337524795	0.02771727737	0.3180345222	0.3451505985	0.02434727438	-0.003602519727	0.2871731699	0.1148666947	0.1378483011	-0.0274545923	0.1280700492	-0.3886332915	0.2532735692	0.0009651813348	-0.04426638926	0.01523740819	0.008274949465	0.03563904596	0.06530108498	0.02874018089	-0.01691764583	-0.02993198969	-0.01975625871	-0.003392155872	0.1723711111	0.06485842297	0.1027699804	0.03900576644	0.7059252582	0.356495493	0.3482210346	0.1074107921	0.1020513795	0.0523012316	0.03158947759	0.04781790211	-0.05765970174	0.04109181459	0.01072928283	-0.01286606225	0.004537007897	-0.02671245612	-0.01393660644	0.06075778867	-0.02816874518	-0.007547359408	0.1292118294	-0.02199308698	0.1359491821	0.09854401914	0.07968542437	-0.08465609226	-0.006177164041	-0.06281211509	-0.04451499165	-0.06106511533	-0.03643347567	0.02337552899	0.1105351894	0.04001006284	-0.04973733186	-0.02798136741	-0.01983545426	0.2347534381	0.06386066458	-0.07527877369	0.1284153083	0.008712589041	0.03059381982	0.08693412171	0.07175813904	0.02091541149	0.08918565129	0.4303262034	0.1207738301	0.04878859023	0.1208799953	0.004783145107	0.01213211803	0.01109774083	0.04254521774	0.1323284993	0.07416155216	0.03870145291	0.1656069819	0.09542378851	0.09148596098	0.2448943457	0.1582021165	0.04704485885	0.08337336167	0.0747589191	0.01132599977	0.004034131017	-0.07906816928	-0.05537579989	0.5057888473	0.1135698482	0.2258880663	-0.03922519278	0.03446231904	0.004413404157	0.02129813352	-0.1082465355	-0.3611575769	-0.2340085948	0.0866738479	0.08143803205	0.08475317237	0.1175730884	-0.08180239329	0.117534578	-0.0309692943	-0.3573513528	0.1672389667	0.1153383045
0.1078735798	0.08168020173	0.1824736443	0.1282061947	0.04247960963	0.2861212028	0.09848753791	0.1017570697	0.1047293905	-0.4137124293	-0.3921455668	-0.3997168334	-0.3819170285	-0.3770210974	-0.3710963141	-0.3775700031	-0.4059559202	-0.4029958349	-0.3699874292	-0.3823075139	-0.06454713233	-0.09163023486	-0.3666311399	-0.1046218891	-0.07678090056	-0.389576005	-0.3824401519	-0.3733406494	-0.3782754004	-0.09737286678	-0.3819068911	-0.07990583153	-0.05327825076	-0.245700618	-0.1020393876	-0.3736447953	0.1528195291	0.1719454919	0.1986828956	0.07112606245	-0.01907005093	0.1251991234	-0.4196023674	-0.0542615945	-0.3900899207	0.01579813003	-0.05557221092	-0.007681057228	-0.09857537451	-0.05974271096	-0.07015035246	-0.06230136695	-0.3747353598	-0.368682551	-0.3579361494	-0.09614251389	-0.08597974331	-0.0548217786	-0.4284527726	-0.4037559515	-0.4091752393	-0.04014562077	-0.3720319887	-0.05405721481	-0.05881188156	-0.05166462412	0.0734812304	0.02468171198	0.1573216611	0.1737866211	0.05805842882	0.08246123032	0.08239756149	0.07357861993	0.168845365	0.1969192092	0.02964932368	0.008873354048	0.3096864549	0.1969334154	-0.04137137338	0.03010637056	0.1365140286	0.05076987264	0.1157743014	0.1108923445	0.09514365166	0.001855789711	0.04809676916	-0.05542250709	0.07680182223	0.06168863134	-0.06181017341	0.2006131567	-0.02996701845	0.02382928393	-0.004178677097	0.05371888135	0.168537517	-0.01406745857	0.08888815823	0.114612912	0.09179272129	0.008243059668	0.08318205534	0.0185259064	0.04698801957	0.1304030558	0.05602981017	0.2806211243	0.1174925385	0.1049445608	0.1182366091	0.1336477677	0.156883932	0.06639402099	0.01670223423	0.3321275596	0.4623335628	-0.01453778384	0.05020339891	0.2523560904	0.1785394984	0.08668254803	-0.02508801187	0.06147884907	-0.4099371833	0.2740417961	0.0301436898	0.02459478194	0.02309249655	-0.009270729215	0.03852806126	0.1196309095	0.04681004468	-0.007171009584	-0.07248222319	-0.002217016369	0.05863614426	0.1120455873	0.1004944008	0.1766796286	0.04319136458	0.356495493	0.5912674894	0.5209521134	0.1836875799	0.08200143916	0.1427845465	0.05701759718	0.06278468264	-0.01154892551	0.01662472744	0.01570440735	-0.04459529952	-0.02378158358	-0.0514782986	-0.04694934692	0.0264815872	-0.04396699089	-0.02441087581	0.03834525007	-0.06820642273	0.1798875682	0.1408818408	0.04570755531	-0.125482177	-0.07569513358	-0.1586179187	-0.1159223666	-0.1079092629	-0.09807794988	-0.06924322088	0.094768486	-0.001254527482	-0.007227715684	-0.09433027169	-0.01650320734	0.2796525514	0.09463422787	-0.03829571614	0.1307247961	0.04133471992	0.05873374536	0.03277562737	0.05239202964	0.01337993754	0.09576913359	0.3557355999	0.1891889572	0.08287213599	0.1763497434	0.0128312502	0.005798494412	0.07539105893	0.07153970705	0.07190381923	0.1045515415	-0.009068421436	0.145022594	0.09051513838	0.07611835874	0.2495529577	0.1522840921	0.0233863503	0.05077634063	0.126751485	-0.04078402335	-0.0162284938	-0.06270214358	-0.06505852647	0.3470468836	0.1515644628	0.2546333872	-0.03305942664	0.05567707838	0.007076544693	0.03198470943	-0.1013596243	-0.3697780659	-0.2611050235	0.0286644914	0.02494985818	0.113417276	0.1910552984	-0.07056652104	0.07305522877	-0.01666308839	-0.3837565561	0.1036063506	0.04702130614
0.09678800937	0.06759648494	0.1625767612	0.0905713972	0.01512792065	0.2631469076	0.07669884122	0.09147818906	0.1083722157	-0.351795481	-0.3328695425	-0.342702049	-0.3215279468	-0.3614698064	-0.3552933731	-0.3164842149	-0.3451137534	-0.3896732757	-0.3542910715	-0.3216056897	-0.07594678188	-0.1079351576	-0.3531573002	-0.0702273262	-0.04866607791	-0.3758720015	-0.3671664381	-0.3591321362	-0.3648622537	-0.02075178533	-0.368370926	-0.09913175635	-0.05646799168	-0.2189853026	-0.1133633206	-0.3594429093	0.1137279836	0.1467597116	0.1618112378	0.04910438164	-0.02599362423	0.08977921775	-0.4063132999	-0.0240789707	-0.3768161849	0.007543766758	-0.07059540174	0.01573896265	-0.06820564698	-0.08087368198	-0.03880903197	-0.08064117917	-0.3624006941	-0.3538645329	-0.3427705189	-0.01909140902	-0.01005917928	-0.07723501262	-0.3693218806	-0.3441458211	-0.3590775122	-0.06541098736	-0.3577235176	-0.06897555162	-0.06628681202	-0.05282605459	0.07296462212	0.03174763423	0.1045996458	0.1214240345	0.05907627629	0.07855061168	0.07862950456	0.05762686513	0.1564718017	0.1745167567	0.04095299429	-0.0110632016	0.3079080212	0.1600271998	0.03244142525	0.02784473039	0.1245613905	0.04460418587	0.1268581014	0.09921112129	0.08309659148	-0.008554324106	0.02362143667	-0.05151198382	0.1223153893	0.03960605471	-0.08116686629	0.1650934687	-0.04074720812	0.0008932527977	-0.0271167385	0.04137771891	0.166022684	-0.02379717515	0.06028544829	0.1119870933	0.06698022415	-0.005047074063	0.07152172976	-0.009954823368	0.04959119255	0.1633530575	0.04182432382	0.3209505872	0.1137165007	0.08560971112	0.1086288098	0.1371351676	0.1602266689	0.06191657175	0.02404450215	0.3412076858	0.5818388879	-0.03746329867	0.02173475874	0.2607579404	0.2106707251	0.08383876034	-0.02951427224	0.06447550508	-0.3970157115	0.257767139	0.01935198995	0.01513835372	0.01076580797	-0.03451774213	0.01572913175	0.1110962516	0.04050669449	-0.02931370912	-0.07760350413	-0.0251810456	0.03538465606	0.1028150643	0.1358837853	0.1466866079	0.03942469564	0.3482210346	0.5209521134	0.6507462236	0.1309678313	0.07878409426	0.07543570699	0.04531686793	0.0511537703	-0.02948756927	0.0215388008	-0.006238840317	-0.04213079249	-0.02175622494	-0.04868868903	-0.04479581301	0.02885673839	-0.03515903888	-0.01916883326	0.04487622851	-0.01750453161	0.1715745525	0.1246852804	0.04361372675	-0.0401381562	-0.09009030018	-0.1660326162	-0.1210992319	-0.1144114525	-0.09556721839	-0.05155381759	0.09287722463	0.001776170594	-0.02296230651	-0.09952164165	-0.02687206342	0.2584237866	0.1073394556	-0.06118032704	0.1330327445	0.03147003259	0.04393182273	0.02837077453	0.06508889182	0.02827607652	0.1019121367	0.3456745382	0.1655908123	0.07482761897	0.1820162546	-0.003424677545	-0.0006924671125	0.06896224138	0.06541472517	0.05782559031	0.09198423259	-0.01590923725	0.1324783878	0.07815877695	0.06362635988	0.2362910989	0.1655912979	0.03029429578	0.03500807088	0.09012325332	-0.04141405849	-0.03222283891	-0.08096635229	-0.0849718721	0.3398247496	0.1487187731	0.2868274851	-0.04506079371	0.04829982302	-0.004511008511	0.0185553881	-0.1122366566	-0.3562434453	-0.20398683	0.02346349579	0.01335286665	0.08621178223	0.1698259148	-0.04511245836	0.04647833637	-0.03396035439	-0.3248599668	0.09120592662	0.04575761434
0.1081185779	0.1354612898	0.1754642968	0.2444438523	0.1124980372	0.06582714982	0.1197684029	0.174636541	0.1075538579	-0.4080998136	-0.3872509797	-0.3956639988	-0.3725641231	-0.3643653055	-0.367125462	-0.3728074346	-0.4022117897	-0.3929548328	-0.3637003661	-0.3796366659	-0.02765928975	-0.04560153354	-0.3522981427	-0.1098687703	-0.08491264496	-0.373259831	-0.3704510891	-0.3646980934	-0.3679053929	-0.08435752095	-0.3643455173	-0.04459384734	0.0005256589428	-0.2585984098	-0.03105493695	-0.3624753906	0.2448673291	0.2202892054	0.3055319452	0.117409185	0.02998469291	0.1934151465	-0.4158023689	-0.09021207839	-0.3887981562	0.06781399764	-0.04557575418	0.03747110471	-0.08592743143	-0.02204315884	-0.04308859517	-0.01475549913	-0.3703057706	-0.3575042812	-0.3459887163	-0.09136115953	-0.0829661864	-0.02536387185	-0.4204644913	-0.4116390204	-0.4065127875	-0.01531436316	-0.3674093479	-0.02919797572	-0.02538517756	0.007146274569	0.134950263	0.09726540928	0.296291328	0.2305504866	0.1410100313	0.09097909339	0.09075699154	0.1315206494	0.1151479241	0.1647386396	0.009743075281	0.03198487303	0.1194370457	0.2579288274	-0.05730350982	-0.0179841671	0.1123466206	0.00661315427	0.1067251383	0.09702072624	0.0613934624	0.002875447154	0.02626335474	-0.07436733137	0.03843514246	0.02787404301	-0.01022471695	0.3002861157	-0.003014496158	0.02720445655	0.004794852639	0.03764096836	0.1531888281	0.06126002092	0.05195885825	0.1539277066	0.1235539165	0.06761082098	0.1002864713	0.04936537519	0.03555964225	0.1105064917	0.05922757037	0.03734827291	0.1814388687	0.1611089112	0.1153938504	0.09040518656	0.1204018367	0.1050406138	0.05588971503	0.08036250351	0.130648662	-0.001195941334	0.01571169952	0.03266223747	0.04304803507	-0.1009168551	0.0408820761	0.05576922983	-0.4059209944	0.0874519362	0.03569714167	0.01881221534	0.01441587407	-0.003893376101	0.05521178274	0.06779010455	0.1189718015	0.0741619365	-0.02981997428	0.005532639686	0.0269953214	0.04530259786	0.1030128081	0.1300495153	0.05480171514	0.1074107921	0.1836875799	0.1309678313	0.4059381246	0.04614030943	0.1715207794	0.06814548832	0.04875432913	0.00827888251	0.01730038936	0.00554812152	-0.03155915267	-0.006841514473	-0.05295258141	-0.1134608109	-0.0476522126	-0.05386774615	-0.03945203015	0.05533538556	-0.08235139994	0.120362356	0.1694996843	0.03500629418	-0.1495851948	-0.003948491959	-0.08370338797	-0.04573235677	-0.04869890599	-0.143927353	-0.03395647626	0.148549307	0.01384861756	0.05429235992	-0.02222391328	0.0872865495	0.1112704199	0.1162705822	-0.03859014364	0.09445919865	0.111161629	0.1363431831	0.07145391443	0.0931924924	0.06584029461	0.1506488487	0.1496999557	0.1443802815	0.06248292412	0.1692214541	0.06747616385	0.07569628697	0.09544790801	0.1043066624	0.09436610405	0.1487924464	0.02415505899	0.1200857691	0.06495731692	0.04499775102	0.04245613408	0.1234402304	0.05235208901	0.05976575693	0.2254615973	-0.03799091928	0.0003281087616	-0.002815082644	-0.03332392495	0.1239308306	0.1835129621	0.02958360102	-0.03594125589	0.1275898164	0.03494361029	0.04845110177	-0.046636441	-0.3671805523	-0.2545193468	0.1031950553	0.05580401579	0.1818054353	0.1475754379	-0.06763878942	0.09430757536	0.06896270175	-0.3774247359	0.1759127999	0.05596531234
0.1119843756	-0.006668142558	0.05932224501	0.0135940454	-0.01040501102	-0.04875748979	-0.001149648686	0.03440770111	0.1170094144	-0.3792375687	-0.3596651359	-0.3666274112	-0.3476007694	-0.3323267291	-0.3391513736	-0.3621098029	-0.3740119347	-0.3644158633	-0.3321981508	-0.3675831417	-0.07702306572	-0.08528525367	-0.3241441093	-0.04416694673	-0.03635052055	-0.3434073308	-0.3403025795	-0.341125769	-0.3376623644	-0.04561442838	-0.341658758	-0.08101991513	-0.06207901769	-0.2272082184	-0.09728914386	-0.3448006933	0.06498010369	0.05135518785	0.03271264561	0.02494800833	-0.07064548098	0.02314685673	-0.3880549405	-0.05353946722	-0.3613891782	0.01691164061	-0.050653726	-0.05156911265	-0.04528790872	-0.07926632185	-0.009656787015	-0.04051965218	-0.3415596677	-0.3300360504	-0.3259005155	-0.03914298953	-0.03379407788	-0.0481541295	-0.3963467632	-0.3904929181	-0.3742460879	-0.03664491863	-0.3373890679	-0.03148416912	-0.04288397323	-0.02287453015	0.05773716882	-0.01662226765	0.02785295863	0.04083775251	0.06206933972	0.1255041131	0.1253910959	0.064955717	0.1046976194	0.1100268581	0.1194364484	0.04107803395	0.08639586182	0.04962005822	0.1014523794	0.2005783361	0.07372319898	0.1204783353	0.2591453322	0.07845360561	0.07441317178	0.2188194835	0.1202815893	0.07854995765	0.0977636538	0.1238430194	0.06443273278	0.03424900196	0.201046356	0.1235608782	0.2011075777	0.1049811353	0.1551024881	-0.02363037955	0.1406924889	0.07645210893	0.03754208511	0.0523124429	0.04850340838	0.09834466617	0.09293748083	0.03126528454	-0.009129349432	0.1147482896	0.05231665436	0.02778411551	-0.002802226155	0.240437366	0.1356709826	0.016137675	0.1718459498	0.08071603487	0.08185642793	0.2419844804	0.1595375653	0.08813390209	0.03758742512	0.08077379315	0.05163159823	0.03147446712	-0.378795392	-0.009939290848	0.06226581324	0.09558717593	0.05033146473	0.1291677866	0.07531352654	0.1921614031	-0.01724026209	-0.04047355242	0.003813926228	0.2042744526	0.2081442671	0.07181760579	0.1428039985	0.2300632977	0.2603839508	0.1020513795	0.08200143916	0.07878409426	0.04614030943	0.5953029296	0.1059598674	0.2341305808	-0.0002301538398	-0.02209656085	0.1088867438	0.08989106979	0.08864793244	0.02841605041	0.08732210165	0.05871313981	0.1064132169	0.06164906849	0.07370314249	0.07331924958	-0.03519864532	0.09797380925	0.04937986146	0.05847567728	0.01000831458	0.001934291615	-0.05022836591	0.01357679633	-0.0280828338	-0.01055218483	0.0554477311	0.08958932585	0.05080327967	0.01892622908	-0.01195287173	0.02931315084	0.04104385355	0.186387023	0.107053599	0.2410988967	-0.01292306917	0.005743065098	0.08741766846	0.08971282713	0.09255445605	0.1214159781	0.02282595506	0.1078868253	0.08873086963	0.04561921085	-0.02096858078	-0.02087471707	0.002737388739	-0.001463188051	0.01598020078	0.05901104411	0.005079555996	0.1064473109	0.08964368837	0.04931199193	0.1027167195	0.1271456398	-0.01372949142	0.02298226819	-0.03506254772	-0.01048716328	-0.01181133248	-0.05103007523	-0.06083937403	0.02336482815	0.06435594626	0.1068691686	0.04203901875	0.01487286278	0.1062621925	0.1212881706	-0.1063692761	-0.3476890323	-0.2265258988	-0.0003196437222	-0.004802960387	0.04486209275	0.1192353217	-0.04540252923	0.07421309292	0.02347954167	-0.345968459	0.01572883125	0.009169665088
0.05321259593	0.05352930865	0.09513631701	0.1062316902	0.04077851331	0.04346393297	0.1319554946	0.06302112872	0.05313943401	-0.3814018772	-0.357930322	-0.36727858	-0.3468366983	-0.31373538	-0.3126974115	-0.3449927529	-0.3673242247	-0.3595826451	-0.3246751344	-0.3513770982	-0.009996501336	0.002541718148	-0.2998708854	-0.07437436695	-0.04841870075	-0.3330917978	-0.3262929284	-0.3092179405	-0.3131367339	-0.0538840855	-0.3167466782	-0.02820594056	0.07687082866	-0.2156102052	-0.02045131586	-0.3286706332	0.1236128515	0.1114696978	0.1207254065	0.1010743951	0.02770578917	0.08766898921	-0.3693816082	-0.05034341908	-0.342015749	0.005635850446	-0.006237463438	0.05578432864	-0.06038815892	0.02011265127	-0.03325878107	-0.01288528012	-0.330926163	-0.3029963453	-0.2999546797	-0.06040704607	-0.05639432033	0.05718087269	-0.3633184734	-0.3635852258	-0.3603767057	-0.02541900001	-0.3147807868	0.06714133884	0.03082375528	-0.0006328302856	0.05662590264	0.06747442983	0.3320500951	0.1237300507	0.02799661662	0.06564491851	0.06534100205	0.05804204819	0.04272655847	0.1325801616	-0.002099590657	0.02188933504	0.06742541686	0.1037011181	0.02792782847	0.02441081029	0.1426101398	0.06961802345	0.1155189781	0.08733564137	0.03639490252	0.0947318402	0.1702701962	-0.03341324418	0.05408090849	0.04549559417	0.0676737384	0.1219033187	0.03079847267	0.10810765	0.05347474808	0.1316686547	0.08748905714	0.006039472858	0.1688549049	0.04789990005	0.09898631923	0.004273537242	0.1221382911	0.1192183334	0.06714530847	0.06977852465	0.01929226887	0.02104367883	0.07662136053	0.06343360936	0.08712921506	0.09129205992	0.08208433827	0.06662359113	0.05570946478	0.04816504344	0.0742357964	0.04436809833	0.1600214749	0.07669694189	0.01550597189	-0.06698157942	0.004592894719	0.04863500698	-0.3606776968	0.01880695775	0.06936372938	0.06911935516	0.07100242809	0.08157115673	0.1187591324	0.1375569085	0.05891208475	-0.01242858366	-0.05057188448	0.05105747348	0.1530768026	0.02697601257	0.4351776097	0.1642264995	0.08876991999	0.0523012316	0.1427845465	0.07543570699	0.1715207794	0.1059598674	0.5630933901	0.1008372407	0.04613506602	0.001823278077	0.007462258438	0.01299544462	-0.03665152573	0.03088684774	-0.04653007236	-0.07732320171	-0.04289616769	-0.04966625174	-0.0300954901	0.05754926883	-0.02118149973	0.08534078718	0.06581615544	0.05311523606	-0.05352865009	-0.03300439944	-0.08371513683	-0.06252488199	-0.06154940999	-0.09253800875	-0.04029427284	0.05640601274	0.04884952993	-0.003078872847	-0.05102462664	0.004405332858	0.03901227618	0.1210552905	0.04413472842	0.1107864326	0.02334667635	0.03951855306	0.001359570835	0.04050706621	0.04356227522	0.07196573862	0.08867241737	0.100521657	0.1147294658	0.07751751618	0.0181715322	0.03611562384	0.06452986345	0.04538761201	0.05284089788	0.0605894353	0.01371194742	0.03591490586	0.02290827529	0.01018571695	0.03727906015	0.05196848077	0.07376859533	0.03408915896	0.1154561932	0.04200515641	0.07898626965	0.04490247229	0.07336407436	0.07551689877	0.1545299598	0.04022639472	0.01249071611	0.02767427997	0.1195019813	0.07562119948	0.03242469083	-0.3239792102	-0.2227835429	0.02519650751	0.04027278155	0.08154217157	0.09569089675	-0.01204145143	0.06777718484	0.1449998622	-0.3442877385	0.05560445942	0.06560044087
0.05103525085	0.04771590006	0.05414906275	0.0404053198	0.01063710575	-0.00934969266	0.004444692866	0.01214188507	0.1299799518	-0.3769930425	-0.3579171738	-0.3644885243	-0.3446060451	-0.341457954	-0.3355767879	-0.3440381938	-0.3728059016	-0.3646144654	-0.3405496879	-0.3556071704	-0.06861929909	-0.08322105852	-0.3248538302	-0.05935656696	-0.03815307266	-0.344810712	-0.3394698174	-0.3469649095	-0.337803292	-0.04803080219	-0.3413564695	-0.0775302307	-0.06432087867	-0.2369462543	-0.09461840857	-0.3467169075	0.0391831417	0.04985105402	0.05447159187	0.02260804375	-0.0003040914489	0.0290837479	-0.3893863675	-0.02985860369	-0.3592448328	-0.007122057364	-0.05017168032	-0.05476255056	-0.05177959795	-0.05484133342	-0.001974536949	-0.06921274622	-0.3491391712	-0.3352812914	-0.326276296	-0.04729274415	-0.04267809244	-0.05196155342	-0.3931785767	-0.3880022926	-0.372035056	-0.02469380139	-0.3423234672	-0.02381005941	-0.03595264934	-0.05248656299	0.01642789534	-0.01814372859	0.05578732625	0.02925789476	0.06021317717	0.0151844908	0.01542807514	0.1322973212	0.08780649112	0.09883712423	-0.01891419505	-0.01121009554	0.05353534031	0.05588331798	0.09267072832	0.1430293576	0.08077893377	0.03132416171	0.3054965123	0.08622551724	0.1011701201	0.228550843	0.1492307361	0.05037532145	0.04556943817	0.1474536074	0.1077809922	0.05950261853	0.2269369093	0.2190814407	0.2976753674	0.1400527517	0.07870453017	-0.02505678486	0.1571812113	0.0524621827	0.0270508722	0.002735432003	0.04589930511	0.143560548	0.150236269	-0.01262171913	-0.0004952726945	0.1058140707	0.09235684325	0.04297373346	-0.0009181647432	0.1812646807	0.07334213651	0.01179291435	0.3293433153	0.1757854852	0.04559052279	0.3121534374	0.1687855367	0.008900785196	0.01799237172	-0.0008362505175	0.02924102197	-0.04153302002	-0.3803082562	0.1398866947	0.1500866429	0.08674443165	0.130782879	0.221330671	0.09950344002	0.2050420736	0.001038977557	0.0671299521	0.05071515768	0.303313234	0.2499210038	-0.002054488962	0.07266418948	0.1174710866	0.5133804855	0.03158947759	0.05701759718	0.04531686793	0.06814548832	0.2341305808	0.1008372407	0.5839389435	0.01246458425	-0.002787205238	0.03883065214	0.02331504063	0.02480269253	-0.01901440845	-0.004418932542	0.02009854278	0.01800809627	0.008162997367	0.02892680705	0.02484082294	-0.01869017027	0.1205287719	0.02081490421	0.146184576	-0.03594115935	0.004723602956	-0.03196566269	0.0121626711	0.01853238949	-0.0336259405	0.02611010841	0.06968231273	0.001093487718	0.0704973693	0.0211587522	0.08808985274	0.01589963384	0.2582329172	0.1988954448	0.1277439542	-0.002715024104	0.0123533873	0.002509227693	0.08250265417	0.1401085017	0.1259220587	0.05045331971	0.07409503286	0.105665552	0.02876283469	0.001915828972	0.01191413739	-0.01301579397	0.02862959825	0.02274542126	0.07974150647	-0.00386895246	0.06590152992	0.0334505487	0.006108339063	0.07573492379	0.08349080156	-0.00200311794	0.02364315927	-0.01326110608	-0.01500311582	-0.008623951947	-0.06353736681	-0.05173664735	0.06703152597	0.04550830074	0.0858380879	0.04828422461	0.04758601281	0.1380217886	0.2722727027	-0.09058441076	-0.341619641	-0.2339912429	-0.02707434945	0.01184099459	0.03345753037	0.1007603198	-0.03544878275	0.02255329906	-0.01168222274	-0.3483862692	0.0846995403	-0.04009394416
0.03104858896	0.05889061829	0.04287382604	0.04702438704	0.02949167631	0.04510795538	0.08115102285	0.08433218825	0.1109347858	-0.4101460497	-0.3807510013	-0.3839022585	-0.3771611218	-0.348998778	-0.3212060678	-0.3858957706	-0.3834112073	-0.3958980636	-0.2182468251	-0.3845326021	0.06467623415	0.03625534109	-0.289027267	0.007103204165	0.04095962177	-0.3416374079	-0.3610265076	-0.3476532276	-0.3351157741	0.05817401601	-0.3665638815	-0.02460963019	-0.06356258377	-0.1566261916	-0.05431343151	-0.3536676025	0.04560146434	0.06623607764	0.07682263805	0.02478686282	0.009384263811	0.1283118209	-0.3797762603	0.02961888588	-0.3425564829	0.05695835568	-0.01127070922	-0.02401115945	0.02370716009	0.06494505418	0.04187004624	-0.03292454021	-0.3380594805	-0.3490564048	-0.3309418352	0.06703401545	0.05301403377	0.03228894454	-0.3678054271	-0.3839917864	-0.3683943094	0.03448171758	-0.3478976207	-0.04151921943	-0.015343171	-0.004869354574	0.05092333276	-0.04335034573	0.06003102289	0.09082602838	0.04436562291	0.04475793463	0.04447878035	0.1288556845	0.1545447414	0.09451532507	0.0864192279	0.1317923849	0.08627829939	0.09425030243	0.07560741121	0.06977201343	0.03416627573	0.03324822056	0.02286777126	0.06410482443	0.02799031698	0.03131374735	0.05058909249	0.08342925519	-0.001341114981	0.06581609687	0.1027788303	0.07163478474	0.05624817773	0.01111332335	0.00364296227	0.04237634532	0.03774787244	0.01709248004	0.06565992749	0.06785485782	0.02075927421	0.09767775326	0.1039704157	-0.01753296657	0.05123558152	0.07568004112	0.03604403583	0.04276841932	0.07862629867	0.1749972542	0.1173684302	0.05540396551	0.04535221027	0.1491826141	-0.001980949773	0.02948863115	0.04043412364	0.009405273149	0.03678947801	0.04234973482	0.05130523669	0.1336593444	0.08314299285	0.03071687674	-0.3728155602	0.0412671548	0.0427537475	0.1092848534	0.02453567249	0.03413687383	-0.02319561246	0.07024318106	0.0622216393	-0.01161143454	0.06382023816	0.002234592601	0.03224594605	0.1273002863	0.01599686169	0.05878511665	0.01277041268	0.04781790211	0.06278468264	0.0511537703	0.04875432913	-0.0002301538398	0.04613506602	0.01246458425	0.625921499	0.05766169195	0.03477750467	0.07674651102	0.06150744821	0.03310019986	0.02913689128	0.0151596428	0.07758097556	0.04057443229	0.01680884931	0.1064749489	0.0505859936	0.06592036444	0.09744634566	0.0368611013	0.007032506862	0.09110019226	0.02617774464	0.08330816307	0.08059773155	0.02494415303	0.06412886838	0.04467835822	0.0123328735	0.0562637097	0.09655282336	0.05687662922	0.05278664292	0.01068763679	0.0231884016	0.07331691244	0.04343542169	0.05444433711	0.1322873284	0.02740176173	0.06673983449	0.006090163862	0.05364607482	0.09425364678	0.05584112658	0.1120017044	0.01026536696	-0.005861206829	0.04681300389	0.0103344527	0.07599084051	0.1226925358	0.0381842703	0.1822531736	0.1914497855	0.2270440374	0.1057726917	0.1723666091	-0.006631740545	0.269655252	0.0245897485	-0.0256805265	-0.001263282715	-0.02954480107	0.09705298315	0.0484934138	0.0876592613	0.003490270085	0.04272651877	0.009344279807	0.0006808492493	0.04418861532	0.02392637591	-0.2607150766	-0.1733890373	0.08076148754	0.04059095149	0.1303617782	0.05689916051	-0.05331893078	0.07134632211	-0.05525430781	-0.2472380457	0.06144331306	0.08732663293
0.02580540972	-0.04046128188	-0.0016726516	-0.01302362646	0.09735780968	-0.03239919125	0.03903780719	0.05606286636	-0.03763759807	-0.2780210483	-0.2443260341	-0.2565107076	-0.246078615	-0.1994963792	-0.1850836267	-0.2462866288	-0.2589645862	-0.2624556699	-0.236064511	-0.2430655101	0.1222500442	0.113034419	-0.2589255355	0.03121103242	0.05179042156	-0.1894402618	-0.2133543724	-0.2022675485	-0.1856472913	0.07798111717	-0.2158620455	0.1728507053	0.04648589387	-0.1124150347	0.1352574577	-0.2016257697	0.02133266023	0.007365406676	-0.02729330391	0.04449788768	0.07986159444	0.02584881838	-0.2280772847	0.05476440856	-0.2065265899	0.07134687164	0.1508911177	0.02624167349	0.001580405183	0.1276742204	0.1001134272	0.1470642292	-0.186871207	-0.2071411495	-0.1885862153	0.07728359305	0.05037517579	0.08975974584	-0.2216821169	-0.2503675082	-0.2177016984	0.03995151607	-0.1956128212	0.1493492512	0.1902261545	0.17762679	-0.01551348115	-0.04635229403	0.004645616442	-0.00377100254	-0.02965862166	-0.04153730796	-0.04147305899	-0.01330808398	-0.008885883423	-0.002844186992	-0.04918141753	-0.00947078083	-0.04351236423	-0.0498950448	-0.06677177448	-0.02303189586	-0.0690579315	0.07321344998	-0.03248125454	-0.06848707709	-0.02523434607	0.02030589499	-0.03514265838	0.009221874905	-0.03035767652	0.02730355309	0.0690885921	-0.02839774065	0.007741061485	0.01407530305	0.02069710901	-0.03326943532	-0.05423555751	0.06157034541	-0.02565753733	-0.0369116069	-0.0339332687	0.01533432579	0.06531772739	-0.07973569345	-0.01132502262	-0.00284297542	0.03648035264	0.006378037732	-0.04742652594	0.0402598426	0.03363153882	-0.01902206802	-0.051655027	0.03176550717	0.03831848593	-0.03781342287	-0.03122359775	0.00992904617	-0.02622933556	-0.04009026797	0.03377232901	0.007563728864	0.01806595211	0.07356622316	-0.2235358453	-0.007222828696	-0.006259240927	0.005184398369	-0.04401335341	0.01872229366	-0.006906406308	-0.04554131389	0.1246065122	0.03195816689	0.05551758272	0.02062216274	-0.02231577653	-0.004026410156	-0.01594842324	0.03280947216	-0.0035493602	-0.05765970174	-0.01154892551	-0.02948756927	0.00827888251	-0.02209656085	0.001823278077	-0.002787205238	0.05766169195	0.8624266799	0.2254212904	0.4189484637	0.3259848825	0.1420435418	0.255907492	0.2606320062	0.343092487	0.2977450086	0.3509730341	-0.04598820948	0.03260310226	-0.05143813588	-0.02363459098	0.01195004499	0.1100059278	0.1008876544	0.04460462473	0.124214813	0.1317500132	0.02238013103	0.0500529088	-0.03858260972	0.06937542143	0.05137920631	0.1088683697	0.0231716477	-0.007245881543	-0.04257314731	0.03555283198	0.02747360032	0.08445289056	0.008901284441	0.01257777497	0.01422185445	0.06213652306	-0.04729350571	-0.05189679094	-0.03402578572	-0.0448644033	-0.01314030989	-0.03408238636	0.05166028138	0.0892723376	0.01149677745	-0.03911652311	-0.01904611838	-0.02575898383	-0.03109111963	0.0178201193	-0.02608326716	0.03130068224	-0.009165942376	0.1132521073	-0.01850491389	-0.04746537599	0.1184257978	0.1567765774	0.1539249067	0.08261827987	-0.05577337736	-0.0001850465178	-0.02181542119	-0.05407070556	-0.026662903	-0.04115207832	-0.01279415687	0.04123697655	-0.2434380805	-0.1032627195	0.002554752758	0.109836499	0.0009374580789	-0.01193206662	0.06253948431	0.009840566255	0.09605948289	-0.2192672067	-0.03612307637	0.1000575384
-0.008040425865	0.02771861406	-0.007754464187	-0.008544714933	-0.0241551254	-0.02154228094	-0.0209736135	-0.02524947196	0.03170768659	-0.3182514665	-0.2911863861	-0.3073057855	-0.285051737	-0.236537091	-0.2406786078	-0.3010474258	-0.3124335205	-0.3004635197	-0.2306204822	-0.3068513101	-0.03954339179	-0.06657770203	-0.236260871	0.004451069672	0.006614165074	-0.2478541267	-0.2477024945	-0.2422085097	-0.2464720224	-0.01153062633	-0.2364741076	0.003897001535	-0.06069449738	-0.1331033731	-0.065108144	-0.2430608368	-0.01223960536	0.0175733868	0.01405309662	0.01233108104	-0.001088546298	0.01533361187	-0.2867257316	-0.01710712942	-0.2660854681	0.002795722662	0.005907910411	0.0051276038	0.0161902415	-0.0468418126	0.01629084795	-0.02189203541	-0.256043618	-0.2433354301	-0.2340941552	-0.001883434987	-0.0004279783381	-0.02642034566	-0.3011660565	-0.3192820339	-0.2756102281	-0.04401028425	-0.2304734876	-0.01467316996	-0.02566050516	0.01240977858	0.05650028827	-0.004580169719	0.02200028238	0.01785598321	0.02216308756	0.02314619262	0.02271666724	0.01123499277	0.04114698628	-0.01204779398	0.0999636739	0.1058131681	0.03106988296	0.02301296774	-0.01056736278	0.06841884578	-0.03161021363	0.1075167178	0.1032827653	-0.0602523269	-0.03827542389	0.07531501389	-0.02222278402	0.05233154	-0.04229559757	0.02103818267	0.00666988997	0.01523956206	0.05100777853	0.03996208335	0.01838925529	-0.03859597819	-0.001390307461	0.07132956339	0.01121855396	0.03468402563	-0.04142349302	0.1040907501	0.007408123404	-0.01757945882	-0.007774563281	0.07941410359	0.0195437497	0.01061247797	0.006436425217	0.03266377096	-0.00125347477	0.05219957577	0.02862876099	0.07119303173	0.1479311436	0.0002871625484	0.02235717398	0.06501912655	-0.02647135243	0.05451235815	0.1318294976	0.1011343417	0.1141037988	0.0298193003	-0.2792038328	-0.03023045835	-0.01383132926	0.002921120454	-0.03886090122	-0.009458523505	-0.01448459447	-0.02041265767	0.02112482267	-0.03213924644	0.1142303614	0.0236344398	0.004881863998	0.05926414676	0.03710507032	0.03876420894	0.06076623212	0.04109181459	0.01662472744	0.0215388008	0.01730038936	0.1088867438	0.007462258438	0.03883065214	0.03477750467	0.2254212904	0.7071576974	0.3189546515	0.5987195536	0.03250319727	0.5042148302	0.4748377172	0.4627666879	0.4619393347	0.3713795886	0.07553291596	0.04565626037	-0.03543411216	0.003658157969	-0.0004460896812	0.200518184	0.08906007525	0.1444953404	0.1495093348	0.09065893063	0.1382337783	0.1131056924	0.05735646399	0.03507733228	0.03595027733	0.09683490501	0.04383438273	-0.01790085158	0.07809729145	0.03265110181	0.06323940448	0.01786358778	-0.0149401149	0.1698760056	0.01749691294	0.05948919461	0.04165479125	-0.06450398097	-0.01098175342	0.0004401213972	0.01647763548	-0.0150794792	0.03884140068	0.02452135985	-0.02061349141	0.0002352634837	0.02969741104	0.05342943501	0.04565632702	0.1186657096	0.06051068135	0.0754067348	0.07357352822	0.002344923235	0.03873712372	-0.01395110632	0.007052424689	-0.0004369550633	-0.03633123106	-0.04307840379	-0.0688021158	0.06532758572	-0.03858340937	-0.005496034154	-0.02227328993	0.01688572883	0.004862548657	-0.07901982277	-0.2878273345	-0.1429969774	0.1072455008	0.06171537078	-0.003250543729	0.003579391691	-0.01935927887	0.03920770281	0.009396581019	-0.2692115994	-0.01172178637	0.0401658359
0.02093233788	0.0007539393353	0.0175372422	-0.03521923254	-0.02827706559	-0.0153798866	0.02532363134	0.01823243006	0.02659632522	-0.3296785045	-0.3021837562	-0.3115776395	-0.3025470449	-0.2608892077	-0.2255706307	-0.3134859206	-0.3170371904	-0.3182238821	-0.228408222	-0.3129611201	0.09542901947	0.090866209	-0.2552330151	0.02738708565	0.0454392922	-0.2487616558	-0.2686168364	-0.2648204508	-0.23197673	0.06477678459	-0.2657581462	0.1646706966	0.005407330484	-0.1351867303	0.01967731385	-0.2625408267	0.007931177192	-0.02492886593	-0.02362375128	0.02221825669	0.04582214693	-0.01582553137	-0.3042929534	0.03244216197	-0.2613306101	0.02206013018	0.04208179101	0.0113140476	0.04787269273	0.07993311502	0.0320864013	0.08785915751	-0.2507508721	-0.2607303009	-0.2451653427	0.07676403353	0.05178347296	0.05082500756	-0.2899113874	-0.3093292393	-0.295121853	0.03551143255	-0.2536773924	0.08059137148	0.08945437955	0.07735282472	0.07845967126	-0.0576925501	0.01162639849	-0.01263867759	-0.03232328437	0.003008853449	0.002885498391	-0.01460780211	0.05645063168	0.007001909762	0.07165892418	0.07344596766	-0.02055010483	-0.01769947008	0.0348515149	0.04959419964	-0.03674150935	0.08987709303	0.0244355687	-0.02761258057	0.03490664733	0.06788120981	0.00526258637	0.1035082595	0.008299716359	0.05828971581	0.03111278312	-0.02240850941	0.02150593392	0.04744825811	0.01055054455	0.003670211149	-0.03591046996	0.03680629998	0.01991977143	-0.03518768019	-0.008162498707	0.1037328529	0.03413513067	-0.03399002768	-0.02620678341	0.03521374149	0.02062060777	0.0255872634	-0.04688173181	0.0009718711662	0.0120867709	0.009833823477	-0.0170349179	0.05341417596	0.0298496731	-0.04235087378	-0.007377965235	0.05511704545	0.01255801358	0.01071448995	0.09630624062	0.07341353841	0.06621517011	0.04521173273	-0.2977221748	-0.0151703352	-0.02232271992	0.0711019761	-0.004367231486	0.00840757971	-0.01833518247	-0.00504001729	0.003088206674	-0.03560154056	0.1008881454	0.01072156083	0.01775450467	0.07028067658	-0.006923584117	0.04679062676	0.02482213813	0.01072928283	0.01570440735	-0.006238840317	0.00554812152	0.08989106979	0.01299544462	0.02331504063	0.07674651102	0.4189484637	0.3189546515	0.7198521762	0.3525375503	0.2392797987	0.2930357159	0.2949495996	0.3500241777	0.3278473903	0.2877954171	0.03502655542	0.09444150738	-0.0218924701	-0.03011306779	-0.01242317293	0.1510482588	0.1033183922	0.05464088693	0.1216687853	0.1062238792	0.1175152398	0.09289102228	-0.02991470199	0.1554429944	0.03241796494	0.111497078	0.0001668768533	-0.0317932477	0.009250817162	0.08347493544	0.04963773349	-0.0320409496	-0.03465563375	0.1358438392	-0.009797495274	0.02922076693	0.006287760435	-0.05671302579	0.00565332896	-0.02806467814	-0.02495317449	-0.02029879011	0.02789615962	0.03083514158	-0.04644468732	0.01628113701	-0.0139036378	0.02669684799	0.03667149695	0.1033045409	0.07220391891	0.06347868872	0.06136531975	0.02295005421	0.01826447608	-0.04353501991	0.04322380903	0.07347408279	0.0888954905	0.06243291684	-0.05168252157	0.003611300312	-0.01677164059	0.0148784366	-0.06155019332	-0.01702257526	0.01991791011	0.006550154334	-0.2766213005	-0.136151987	0.04191230706	0.06668912002	-0.01347400255	0.01428242756	0.04715990705	0.04528210009	0.08543838803	-0.2579538367	-0.03359727661	0.04174140733
0.0003679491173	-0.005479660017	-0.05897223342	-0.05238645226	0.003078822146	-0.06337117186	-0.02774192163	-0.01688805148	0.006361209968	-0.2426227848	-0.2087640421	-0.2199948655	-0.2059509793	-0.1828196891	-0.1697312607	-0.2232240803	-0.2256188442	-0.2244376651	-0.1922362953	-0.2229211949	-0.05264077449	-0.06532698012	-0.2304541457	0.01558707031	0.0240870265	-0.1683241556	-0.1924300204	-0.1866400839	-0.1682204201	0.03435812672	-0.1853155424	0.06280295418	-0.0691184148	-0.08819138808	-0.0105465648	-0.1829860121	-0.06298342615	-0.03210695621	-0.03619245489	0.007789873952	0.01976340059	-0.03254851594	-0.214242538	-0.02890442379	-0.1855741899	-0.06300231261	0.03150506808	-0.03958704956	0.01590968148	-0.05079802447	0.01802868287	-0.02275431799	-0.1729163747	-0.1838053925	-0.1749357908	0.04767590536	0.0199053099	-0.0670890136	-0.2014341402	-0.2225474704	-0.2024512115	-0.08603061843	-0.1793527423	0.009638096745	0.04476626961	0.02198796785	0.02458459657	-0.04238621822	-0.0265829123	-0.02884670722	0.008488775414	-0.001881636231	-0.002356186178	-0.01913175058	0.0138858534	-0.048618463	0.08509235249	0.08229614958	-0.01532017436	-0.0361178135	-0.01816439024	0.04136332285	-0.08244202069	0.1345018572	0.05160425001	-0.09598364065	-0.06126904657	0.04791631334	-0.05961894355	0.08277874051	-0.08491718642	0.03251944558	0.03868789887	-0.03504541715	0.02340012929	0.02778575509	-0.005035236282	-0.06670038281	-0.05251717207	0.05802902931	-0.03066390626	-0.001231708237	-0.07859912012	0.08994822991	0.05619747716	-0.04572244424	-0.03084998068	0.03554184443	-0.01241845165	-0.03000970857	-0.02961139784	-0.01895925287	-0.004507009947	0.03065901105	-0.003272968352	0.04733953773	0.1276907454	-0.0417072281	-0.04060044443	0.03810506388	-0.04700339303	0.0250056213	0.1076510629	0.09172626737	0.1230098678	0.01085389742	-0.2087326742	-0.06301093882	-0.03689325731	0.03246016849	-0.06908084171	-0.03671295099	0.006301669524	-0.06157735735	0.05354347066	-0.07871486416	0.1271200981	-0.002196180751	-0.02752954114	0.06654730929	0.007893633207	0.03365547873	0.04922217237	-0.01286606225	-0.04459529952	-0.04213079249	-0.03155915267	0.08864793244	-0.03665152573	0.02480269253	0.06150744821	0.3259848825	0.5987195536	0.3525375503	0.8241973643	0.04414720162	0.6265760705	0.6773127806	0.6688925994	0.592524692	0.4554481303	0.04278033984	0.05641742099	-0.07693078081	-0.03269605693	-0.03958844026	0.3024879399	0.1276593543	0.1769437965	0.2520270029	0.1261245269	0.2496301225	0.1687984116	0.01330127696	0.01601748148	0.01803169807	0.1381615739	0.03844097227	-0.05170208016	0.02941591116	0.06697850661	0.05411173311	0.03272999633	-0.04079932792	0.1404563453	0.02566805882	0.1091097007	0.003715747512	-0.1132361969	-0.05270464391	-0.02879844684	-0.02580995021	-0.04514809739	0.02458954835	0.002024102709	-0.06000409145	-0.03803291046	-0.02186366463	0.02234062026	-0.004315094725	0.08468510274	0.02459743853	0.05491333281	0.02740534857	-0.02963300679	0.02362078051	-0.05995459876	0.03601724228	0.01737474043	-0.04476037407	-0.05522262974	-0.1124918281	0.02146782984	-0.07809547694	-0.01807853103	-0.06407013101	-0.01595671476	-0.01466125918	-0.09242760516	-0.2321083197	-0.09058314881	0.07038833084	0.05814062417	-0.05500843873	-0.03704262892	-0.003361755643	0.001916544037	-0.03928019093	-0.2158783157	-0.06375671998	0.0101489527
-0.03586097434	0.0505981459	0.002648514519	-0.01993794188	-0.001246375775	-0.008986873615	0.1496368844	0.06922721093	0.0100370587	-0.2183525258	-0.2454116985	-0.2212159405	-0.2251034006	-0.1271602105	-0.1244555017	-0.2231238176	-0.2522066571	-0.1884403434	-0.1426769215	-0.2725498653	0.1818807321	0.1413256894	-0.1524569034	0.06082021584	0.104532732	-0.1609931266	-0.1578050585	-0.131564633	-0.1493843307	0.103571955	-0.1913672242	0.111650567	0.07840522861	-0.07565345456	0.1191732139	-0.1481267876	0.003141647326	0.008492751581	-0.01237967686	0.078607779	0.1294086716	0.01675458343	-0.2292149405	0.08597094332	-0.152044217	0.04798523154	0.127472243	0.1409897048	0.06837002516	0.1319424798	0.114044472	0.1079999045	-0.1425739471	-0.1164906839	-0.1562295884	0.111954285	0.09001111989	0.1212478927	-0.1980509644	-0.2093549061	-0.2203106446	0.01992267357	-0.121023438	0.05896744568	0.1079342877	0.106579035	0.1047918491	0.03085455595	0.02405838173	-0.007819951332	-0.00573988679	0.04515218101	0.04406208557	-0.02000004981	0.006576393013	0.01958288626	0.02872927262	0.04430702966	-0.01327637244	-0.008783688338	0.01353254711	0.009419066121	-0.03510574427	0.02693304659	-0.009851997279	-0.04529327614	-0.02767104968	0.005935428506	-0.03790012497	0.02806915339	-0.02534314387	-0.02309514117	-0.005628218968	-0.01322719539	0.00736904824	-0.0387992633	-0.05126143215	-0.05178992198	-0.02901155127	0.03748628143	-0.04958117902	-0.005123034423	0.0347891262	0.07605675601	-0.008420407934	-0.05098541984	-0.03783449659	0.0275431228	0.0439192075	-0.02073717951	-0.0191243055	0.002422525354	0.03550223387	-0.01561626933	-0.01633756429	0.003097075541	-0.01922914285	-0.02343451091	-0.02378006544	-0.02512864337	-0.05296983571	0.005067435692	0.052678741	0.06695437806	0.05872477784	0.002479134077	-0.226335881	0.0007417158703	-0.03480050425	-0.01057518029	-0.06138689462	-0.04913681848	-0.04870773864	-0.03096736523	-0.035654613	-0.06391909655	0.05973915273	-0.05018094667	-0.04481451035	0.07930450568	0.02573651199	-0.007006702539	-0.01649483829	0.004537007897	-0.02378158358	-0.02175622494	-0.006841514473	0.02841605041	0.03088684774	-0.01901440845	0.03310019986	0.1420435418	0.03250319727	0.2392797987	0.04414720162	0.7373363555	0.1008111424	0.07748607045	0.0391773199	0.09598772293	0.05250806827	0.02516286006	0.08757574599	-0.02160808347	-0.03061033273	-0.01617760614	0.0409697472	0.04081001749	0.03124225905	0.02018999129	0.01953349524	0.04329228389	0.04760967301	-0.003492107942	0.4418218376	0.0009689354991	0.02817818058	-0.04739956153	-0.0363107885	0.00377254045	0.004120466119	0.009106868567	-0.03179981572	-0.02685780442	0.04652047561	-0.03323498516	-0.0008097078611	-0.01650495297	-0.03035666328	-0.01330195549	-0.04244747717	-0.02172223391	0.003852743588	-0.02365580779	-0.02456774203	-0.0289733567	0.03522352915	-0.0001035071155	0.02906624583	0.03808618669	0.09522639938	0.07192979826	0.002492398754	0.002374873047	0.1261813845	-0.007177997719	0.05060315085	0.08540572689	0.06816725907	0.1500917195	0.07718713593	-0.02816058475	0.002921248653	-0.04258035567	-0.01673713073	-0.031867794	-0.07198985339	-0.007825739675	0.07159104828	-0.1732854986	-0.08199209138	0.009519341395	0.02096060871	-0.007538782571	-0.002927741016	0.1568795006	0.02808727349	0.1455319876	-0.1861729173	-0.02528806449	0.001111106179
-0.0168125677	0.04557668971	-0.07642459006	-0.06900583001	-0.01385019418	-0.06064441849	-0.05353373999	-0.04609461075	-0.00417512222	-0.2395145141	-0.2069647137	-0.218185223	-0.2269553913	-0.1512438047	-0.1379040315	-0.2581261617	-0.2260793437	-0.2106807882	-0.1455439523	-0.2614964333	0.002650972903	-0.01735756629	-0.2071429689	0.09284366445	0.1010684544	-0.15903242	-0.1852117176	-0.1503740122	-0.1437563896	0.1107599605	-0.1636778561	0.08822494932	-0.01516007254	-0.1109830186	0.0384305054	-0.1764927489	-0.05824999483	-0.05460750665	-0.05167077378	0.00201592029	0.02258801326	-0.05668180303	-0.2091143463	-0.0002924835048	-0.1859729931	-0.04831645627	0.04846582363	-0.01421905679	0.03098374152	-0.02348753367	0.07285701872	0.02083779337	-0.1639681117	-0.1622498683	-0.2006660907	0.1229513998	0.09652783973	-0.02003191929	-0.1958922979	-0.2189193804	-0.2273131936	-0.0432176838	-0.1394650607	0.02041041617	0.04608887846	0.05427190672	0.07153645484	0.05351469452	-0.04159775497	-0.05402710272	0.02736907282	0.03885322361	0.03802275829	-0.02044896332	0.009030947434	-0.0547601987	0.1498466553	0.08030413676	-0.03541721233	-0.05939501439	0.02263666286	0.07640079757	-0.09792023284	0.1167407159	0.04102561234	-0.09734001564	-0.06374657556	0.03637620176	-0.08040127223	0.1683404812	-0.09944329083	-0.003359173345	0.0009470580788	-0.05044594314	0.03113788199	-0.004335661234	-0.04604620362	-0.09462172223	-0.07104083905	0.05362581587	-0.07260618487	-0.03075356378	-0.04955798195	0.09289805554	0.03626486484	-0.01396397038	-0.03758998127	0.01979403104	0.02286882044	-0.08422445181	-0.05957504722	-0.06154791541	-0.03170398362	0.01399617989	-0.02313690648	0.02744021656	0.09492276725	-0.05569274703	-0.04392366023	-0.004056924422	-0.0681524668	0.07194706544	0.1295312105	0.1960215267	0.1290831846	0.05096117985	-0.2053817637	-0.05579345306	-0.05284202841	0.01514971246	-0.09495417423	-0.05535823553	-0.006022562184	-0.06807875029	0.07429760291	-0.1241462733	0.06985682132	-0.04312053566	-0.0227280597	0.05860333964	0.002805110655	0.03083402803	0.03525902381	-0.02671245612	-0.0514782986	-0.04868868903	-0.05295258141	0.08732210165	-0.04653007236	-0.004418932542	0.02913689128	0.255907492	0.5042148302	0.2930357159	0.6265760705	0.1008111424	0.8893583386	0.6819255938	0.5485524679	0.462181298	0.4022898753	0.04178793107	0.1092472044	-0.08748153335	-0.06646717265	-0.07759387831	0.2012394748	0.06946387976	0.2033585651	0.1148329813	0.06229601519	0.2198822775	0.1548025003	-0.02168697882	0.07106474299	0.03152846355	0.07509231897	-0.01327887063	-0.08177603847	0.03551300075	0.06307655782	0.04670822288	0.001648482087	-0.07094137611	0.1032472468	0.03501956822	0.0927421177	-0.001047852541	-0.125342883	-0.05742735298	-0.04694311316	-0.04535535059	-0.007327439605	0.05462867721	0.03127404832	-0.0217713311	0.04473677085	-0.03118088947	0.09596827849	0.04158368256	0.1385177745	0.08753860453	0.008580519809	-0.007232573963	-0.03260700876	0.009760825137	0.01416087234	0.06846557845	-0.02451787953	0.00353743081	-0.01508193697	-0.1297197431	0.04391101131	-0.0764082068	0.02770863567	-0.0968461541	-0.05237228657	-0.009217052753	-0.0480429303	-0.2193884677	-0.1152889267	0.05469565151	0.06912889052	-0.08058170353	-0.03026371904	0.03044089092	0.003067471569	-0.05233555395	-0.2214743723	-0.09414828518	0.01058260144
-0.0881606337	-0.04585724182	-0.1128454032	-0.1437286442	-0.05941722338	-0.04201509155	-0.09666908961	-0.110100756	-0.06126326169	-0.1100351956	-0.07728241184	-0.08619682311	-0.1041207666	-0.06248279988	-0.04164988072	-0.1303766569	-0.09083619656	-0.07970556103	-0.05189825262	-0.1279350022	-0.02132185815	-0.05866973557	-0.1090798644	0.1223435749	0.1227752777	-0.06734381461	-0.084649649	-0.0585452125	-0.04587846372	0.128358243	-0.07949336875	0.09783411163	-0.04961131557	0.01998301368	0.01809654203	-0.0839610136	-0.1196643242	-0.1328588193	-0.1273185342	-0.04108921066	0.006665649136	-0.1363781449	-0.08142170492	0.09045827207	-0.07465468716	-0.06347601877	0.04871544356	-0.03507309053	0.09752199433	-0.02411266024	0.09834711176	-0.001008611844	-0.06653628697	-0.067374105	-0.1023571794	0.139617358	0.1104133425	-0.03740819661	-0.06811463451	-0.08048663967	-0.09454731325	-0.05475867243	-0.04426314894	0.008974397756	0.02704044797	0.03541391846	0.000580669525	-0.02597363312	-0.1074128976	-0.1342958795	-0.07181687752	-0.03523911855	-0.0357076288	-0.09105235478	-0.02594185009	-0.106302276	0.1526227384	0.06988516579	-0.08258263421	-0.1184023172	0.0167795148	0.05624236978	-0.1195452746	0.06456586017	-0.008489017832	-0.1228871445	-0.05485093202	0.03434992817	-0.08039244447	0.1410291121	-0.07438441751	-0.01690005065	-0.02572821354	-0.1261683352	0.02720244829	-0.01700125185	-0.04685076156	-0.08091866467	-0.1143358485	0.005602351007	-0.07601018521	-0.09959202109	-0.08211014209	0.08349640551	0.05110951721	-0.0340768362	-0.07601181169	-0.04780061376	0.00944359667	-0.06061056202	-0.1231404476	-0.1179371948	-0.07927447022	-0.0134244397	-0.08547471786	-0.03727247375	0.07627003629	-0.01206932467	-0.04529710428	-0.003433830106	-0.0546821045	0.07343454628	0.08724249912	0.2162509826	0.1600061376	-0.01363515719	-0.08042519418	-0.006075375658	-0.1003030361	-0.02141977062	-0.08290480246	-0.05559706825	-0.05136363959	-0.06790628891	0.00392616807	-0.1384411394	0.09591791247	-0.04434793734	-0.03235026293	0.06686498658	-0.02209496298	0.0040501698	0.04152552835	-0.01393660644	-0.04694934692	-0.04479581301	-0.1134608109	0.05871313981	-0.07732320171	0.02009854278	0.0151596428	0.2606320062	0.4748377172	0.2949495996	0.6773127806	0.07748607045	0.6819255938	1.069919174	0.6541954707	0.6061953607	0.5318470158	-0.03342636266	0.1023571599	-0.1328818993	-0.1397329446	-0.09559135251	0.4478555144	0.09963702512	0.1783650547	0.2527087832	0.1294835981	0.4386154921	0.1767680492	-0.08333627176	0.046602836	-0.01046088154	0.1098782905	0.00453778123	-0.09486064301	-0.03333455473	0.06800754528	0.02120580268	-0.05841665413	-0.1179414556	0.05257802977	0.0626623775	0.1099246907	-0.08448902263	-0.1195400863	-0.1058863712	-0.0567663329	-0.11448288	-0.06922599018	-0.01779365281	-0.04138388398	-0.09795381691	0.005101300965	-0.07242019944	0.05111770056	0.000717701469	0.08711062542	0.05251344706	0.02958153459	-0.04123942577	-0.063109509	-0.03479041739	-0.05862470604	0.08373897479	-0.04385362638	-0.01651671132	-0.03345550291	-0.1190025735	-0.04978563593	-0.1185197137	0.04016411039	-0.1423229925	-0.08906941505	-0.01170975533	-0.08352848664	-0.08413902389	-0.002721872318	0.002979931886	0.03419825424	-0.1475816849	-0.098322159	0.05850387984	-0.06163555183	-0.07240091708	-0.09277201762	-0.1366118235	-0.08074448121
0.008642534805	-0.008623244419	-0.0434017665	-0.06448288359	-0.006558435537	0.005651745357	-0.02364118248	-0.02555427966	0.0228887915	-0.2825592028	-0.2506903923	-0.2584845287	-0.2454288603	-0.2387741108	-0.22179037	-0.261038618	-0.2621857816	-0.2347206002	-0.2313648027	-0.2608331593	-0.05848758299	-0.06613989211	-0.2846598259	0.02485462519	0.03513361126	-0.2115181504	-0.2330521553	-0.2316279284	-0.2211165104	0.03650192805	-0.2495704758	0.0696067568	-0.08263500199	-0.1219864004	-0.01957712963	-0.2168373892	-0.06223954777	-0.04997427095	-0.04983160093	-0.008333807646	0.01034670733	-0.04955567731	-0.223480126	0.0228682227	-0.2073688155	-0.04385730436	0.03747608662	-0.01000840808	0.0126239278	-0.04301270589	0.009381652245	-0.04546262729	-0.1933914829	-0.2381913893	-0.2281137627	0.04751809959	0.02171874527	-0.05602602047	-0.2091579361	-0.219964648	-0.2107712442	-0.09058053702	-0.2325989047	0.007370870262	0.03310120182	0.0009234687046	0.1070081946	-0.03038429135	-0.04113890534	-0.03831018175	-0.001851673305	-0.02796951828	-0.02746760208	0.006166372972	0.04115340149	-0.03447052063	0.1421636878	0.07631366589	-0.008933858796	-0.03914995457	0.008739273293	0.07234334335	-0.08034655889	0.1597050665	0.04670612592	-0.05802149435	-0.02730745375	0.05684019204	-0.03685001057	0.0975094318	-0.04901960606	0.04011987656	0.02950537209	-0.04863091887	0.01465215146	0.02377118666	-0.0007773586546	-0.04212427276	-0.05509837211	0.05655118041	-0.03005950634	-0.01269195795	-0.07385774915	0.08824322749	0.06076519451	-0.05373762429	-0.04631046525	0.06745524473	0.004326109971	0.006242373206	-0.05268251378	-0.02812006742	-0.0008122722703	0.04114060013	-0.01473422198	0.02496134973	0.1004380822	0.06798966084	0.03232702441	0.0431836319	-0.02160948921	0.1282094183	0.1115506313	0.08128966523	0.09995968631	0.03364765876	-0.2213942583	0.03961367867	-0.05813550817	0.01989715079	-0.07529944323	-0.01467660246	-0.02043950102	-0.031931033	0.03299800119	-0.03490027711	0.1448946205	0.001962838246	-0.01202253938	0.1208067705	0.005151121571	0.05820262035	0.04238832942	0.06075778867	0.0264815872	0.02885673839	-0.0476522126	0.1064132169	-0.04289616769	0.01800809627	0.07758097556	0.343092487	0.4627666879	0.3500241777	0.6688925994	0.0391773199	0.5485524679	0.6541954707	0.8842757392	0.4727024234	0.4235897491	0.02573565116	0.1007788925	-0.06059171988	-0.04381668967	-0.03062740495	0.2652396531	0.1365609908	0.1034541138	0.2313937368	0.1475890529	0.2378185194	0.165186414	-0.01644219859	0.01721969838	-0.0150985714	0.1458145408	0.004068409375	0.02025844716	0.02729731554	0.08220370558	0.07192637872	0.04232033674	-0.04778242204	0.1939808356	0.1180993663	0.1451350569	-0.009654512472	-0.04598693218	-0.01936572809	-0.03335724326	-0.0385143286	-0.06237381165	-0.01974041315	-0.02336227908	-0.05849868076	-0.0324034659	-0.0258319796	-0.005228476369	0.007448575488	0.09771009491	0.03691918192	0.07477536382	0.03753023423	-0.03782347479	0.0023007737	-0.07339702077	0.05019244141	-0.002490681183	-0.05608915067	-0.05425913003	-0.04455741593	0.01256708271	-0.01811597129	-0.01230665639	-0.0754501232	-0.02271693601	-0.02149002634	-0.1024543201	-0.2766198765	-0.1401126196	0.1012632612	0.06811616241	-0.04865703047	-0.01901368802	-0.000569516968	0.006845426984	-0.06392960413	-0.2527701189	-0.02122595405	0.07718418648
-0.03667855993	-0.03399809491	-0.04794529321	-0.07154764246	-0.01872945788	-0.06633723714	-0.02815102069	0.003483943642	-0.01983559594	-0.218453294	-0.1867336322	-0.1970753774	-0.1895794952	-0.1763186275	-0.1459060328	-0.2050721144	-0.2025291615	-0.1986883289	-0.139255144	-0.2044533605	0.0318233713	-0.03400395482	-0.1716292436	0.001988507017	0.00546117183	-0.1609816162	-0.1832599771	-0.1789748627	-0.1579450921	0.01496578134	-0.1748811776	0.06897219265	-0.003477044701	-0.02981902387	0.008376054916	-0.172774213	-0.03872374232	-0.03394929988	-0.05801544297	-0.03646347368	-0.02617554187	-0.02851733852	-0.1862673834	0.02486269928	-0.1750629162	-0.01358823343	0.01164895864	0.02709514196	0.06858174152	7.542244915e-05	-0.0005369591233	0.02410862733	-0.164528252	-0.1708048115	-0.1650068419	0.02802095869	0.005526917687	0.004900422755	-0.1747135769	-0.1961742483	-0.1752166465	-0.05272901134	-0.1679647802	-0.01868356279	0.01202825592	0.07746764838	-0.001937956969	-0.067422724	-0.05398614968	-0.03325909651	-0.008152905565	-0.01690232029	-0.01711264699	-0.06123077938	0.009158972919	-0.02657951702	0.1025512995	0.06477712816	-0.02247543479	-0.05281112883	0.02094210251	0.01069859217	-0.07666560451	0.06606044878	0.008460806783	-0.05984214317	-0.02442809316	0.04303559029	-0.04413527791	0.08151486752	-0.02841892519	0.02853737326	-0.0006403495674	-0.05685144453	0.01689130859	0.02270634361	0.002033326029	-0.04366362464	-0.05148239229	0.07458512156	-0.03800611054	-0.01672434408	-0.05255115566	0.1095202042	-0.002384739137	-0.02780937113	-0.02353296308	0.04159648459	0.006703244324	-0.01475746698	-0.05812767626	-0.009085517506	-0.02384662399	0.006015158985	-0.01318187652	0.04671630559	0.0865600847	-0.007504779217	-0.03663249445	0.0317555206	-0.02736267366	0.04747451542	0.08495800335	0.1109470882	0.09891067444	0.001288267756	-0.1805826975	-0.01502263222	-0.02935756454	0.04849772647	-0.04904463885	-0.0198408842	-0.01876607164	-0.0484669424	-0.00933344105	-0.06990420569	0.1205482375	0.004996690371	-0.02212653472	0.03558683362	-0.02241514469	0.01728786811	0.03105581873	-0.02816874518	-0.04396699089	-0.03515903888	-0.05386774615	0.06164906849	-0.04966625174	0.008162997367	0.04057443229	0.2977450086	0.4619393347	0.3278473903	0.592524692	0.09598772293	0.462181298	0.6061953607	0.4727024234	0.8419763012	0.3619769858	0.04896409134	0.08826186773	-0.06328444327	-0.03382808977	-0.01025765779	0.3290138709	0.1266371463	0.1455360298	0.2725543719	0.113727935	0.2674400903	0.09101219145	-0.01871208875	0.04701035747	0.04325422344	0.1406722996	-0.01105184968	-0.07945614697	0.02105471685	0.0586867029	0.0316843108	-0.04172852617	-0.05185279673	0.1056011717	-0.02133530172	0.04466992192	-0.02143605371	-0.1009264077	-0.04103324489	-0.03821847849	-0.04327022555	-0.01860862714	0.03115243304	0.0226967303	-0.0367363898	-0.01494468661	-0.04799915787	0.02227250659	-0.0130479457	0.06727334685	0.02890086356	0.03127304433	0.009325662941	0.02072978736	0.01986727017	-0.07235101654	0.03857377689	0.007072550661	0.009010038971	-0.01807820069	-0.1044817742	0.0126710261	-0.07084922262	0.006276289643	-0.06904472466	-0.0149417397	-0.005165104882	-0.04258786385	-0.1653588907	-0.03272873968	0.0457464828	0.05262143648	-0.0346019562	-0.03927409712	0.008611343247	0.0006840501697	-0.004444148718	-0.1482748252	-0.08034689905	-0.000153882318
0.03188335291	-0.0426478111	-0.03155874368	-0.06249043834	-0.006949809015	-0.08050818044	-0.05161353483	-0.02389378823	0.0051166038	-0.2276309985	-0.2036759082	-0.2051769379	-0.1995321055	-0.1443750262	-0.1302299592	-0.2149103322	-0.2183515674	-0.2177246145	-0.1830949768	-0.2119118032	-0.0115160638	-0.013572205	-0.1906491203	0.0341570871	0.03678264706	-0.1302223629	-0.1541267073	-0.1573950863	-0.1396029714	0.0471856674	-0.1618554947	0.0144393952	0.0001378324636	-0.06029306361	0.06440501179	-0.1452575662	-0.04136502402	-0.06958614853	-0.04485207597	0.00889739338	0.01964888257	-0.0677864921	-0.1778238794	0.06703760453	-0.1443626837	-0.01828785673	0.07263919953	-0.03675931501	-0.008497220329	-0.01433857508	0.02165350206	0.09125942513	-0.1316147986	-0.1521969434	-0.1357954471	0.05904083317	0.02931949174	0.0007322063251	-0.1648339349	-0.2068471095	-0.1633111981	-0.0372669781	-0.1447926473	0.04139890027	0.05235519351	0.1093195484	0.002610203028	-0.03075318905	-0.01594596464	-0.05952874288	-0.04257910298	-0.006397718433	-0.006214972416	-0.05588115719	0.009858157093	-0.04603021824	0.1091998797	0.02296495912	-0.04895701367	-0.0353343973	-0.009822710604	0.0452907796	-0.08073360533	0.1068961007	0.01305247017	-0.06612394803	0.04558445199	0.02612700757	-0.02936175973	0.08827962894	0.01955536617	0.0325267244	0.02015295146	-0.04361771295	-0.007370037568	0.04153954337	-0.001474846732	-0.03553761188	-0.04454858834	-0.04818781241	-0.04592951944	-0.03951590944	-0.0296675074	0.1004741678	0.08436870198	-0.04423125285	-0.0424301458	-0.01807101612	0.0119325015	0.01463006354	-0.05589009806	-0.05847934011	-0.02443584539	-0.01641263358	-0.03112638348	-0.04008572846	0.06516119621	-0.0417318999	-0.01824500091	0.0382226557	-0.01777625166	-0.05249690486	-0.03926333017	0.05233309564	0.03607549149	0.09355640837	-0.1733707189	-0.08150384165	-0.06171640221	0.01226030822	-0.05106539309	-0.03354363241	-0.002895225589	-0.02192036213	0.09365803939	-0.05461608056	0.1488523373	-0.001274308749	-0.01006814768	0.04657592038	0.008812051529	0.04576675045	0.03399211148	-0.007547359408	-0.02441087581	-0.01916883326	-0.03945203015	0.07370314249	-0.0300954901	0.02892680705	0.01680884931	0.3509730341	0.3713795886	0.2877954171	0.4554481303	0.05250806827	0.4022898753	0.5318470158	0.4235897491	0.3619769858	0.9310322067	-0.0008505230814	0.04885370504	-0.06602733031	-0.06877368418	-0.02978939869	0.2690054176	0.1458643759	0.08559904272	0.1849957462	0.1540433283	0.2387226293	0.1652508461	-0.05081666876	0.01756480911	-0.05867894195	0.1553500075	0.03028130701	-0.05720354789	0.0277620067	0.05498092393	0.04303201883	0.01079394052	-0.04098451083	0.09734705693	0.1209275342	0.1089271064	-0.01550327416	-0.1085697816	-0.03054336573	-0.05491919832	-0.03307142034	-0.06203292467	0.06055269707	0.036924681	-0.08142479841	-0.07655414764	-0.07903729471	-0.06064493248	-0.009712285407	0.02584001144	0.02769576094	0.01980432582	0.02133081923	0.06618254293	-0.004515856156	-0.04006209188	0.1499022074	0.07254107482	0.01858963485	-0.0144562883	-0.1064495013	-0.01164998908	-0.02686946254	-0.005370460288	-0.06939040205	-0.01367937245	-0.02332905489	-0.04246151699	-0.2080985469	-0.05128116865	-0.01232929525	0.07620721264	-0.05490682306	-0.02910836552	0.08353536044	-0.03043710356	0.002417812545	-0.158221419	-0.06367951738	0.08853373251
0.08367840795	0.1616528129	0.03051954081	0.08090999639	0.05008267517	0.06751741335	0.07251941582	0.06482018571	0.1465595234	-0.3568773797	-0.3341840693	-0.3439758083	-0.3318799892	-0.320724745	-0.3059624955	-0.3387554477	-0.3583945874	-0.3512197742	-0.2983512642	-0.3504184817	0.01253971364	-0.03719368779	-0.3124891061	-0.0504882295	-0.01318509222	-0.3316501739	-0.3285519351	-0.3199341906	-0.3291810285	-0.03259752378	-0.3213067092	0.006786463496	-0.01390688556	-0.1959712489	-0.03953006545	-0.3108727146	0.06775575325	0.07575716922	0.09021638109	0.04583205105	0.01454172391	0.07408049014	-0.3260831842	-0.02576854557	-0.3347158091	0.02202132733	-0.03558769549	0.04696683217	-0.0377545277	-0.04882249684	-0.03484313269	-0.000846117741	-0.3384050968	-0.3118952453	-0.3009079839	-0.03552343182	-0.02382278458	0.01136617961	-0.3470616701	-0.3534005707	-0.2916974785	-0.0221316814	-0.3181685793	-0.02374455959	-0.04820283895	0.003345760904	0.06546138674	0.06375440756	0.08007192182	0.06640042842	0.07379797283	0.04546122704	0.04495676766	0.04567908506	0.08014812819	0.06816290441	0.2451669989	0.06523315795	0.09809310892	0.08307135481	0.08683836034	0.06085582466	0.001280124799	0.1656305711	0.08140751637	0.06408218803	0.02339898795	0.03679879619	-0.006829974078	0.1160243325	0.06469420623	0.04441501853	0.01008674736	0.09476729011	0.00934346415	0.04291717193	0.008725930538	-0.004559488235	0.05065567701	0.02106928658	0.004861807466	0.1106638649	0.1648321955	0.05421885142	0.2085766511	-0.01007991113	0.1059870919	0.1171513975	0.09978857604	0.04821780913	0.07465073436	0.06959892078	0.0703344309	0.06281743147	0.104815184	0.129007215	0.06131630645	0.03264067573	0.0485725689	0.001189795415	0.005420501603	0.1064755803	0.002641252613	0.0469195491	0.02370620669	0.06730625902	-0.319263826	0.0007550160508	0.07617693767	0.1429705362	0.007010709656	0.001706549353	0.01390943318	0.008532226566	0.03293113974	-0.04708690129	0.05384630488	0.006798795657	-0.03512480079	0.2073598143	0.10749462	0.08021929464	0.05261559532	0.1292118294	0.03834525007	0.04487622851	0.05533538556	0.07331924958	0.05754926883	0.02484082294	0.1064749489	-0.04598820948	0.07553291596	0.03502655542	0.04278033984	0.02516286006	0.04178793107	-0.03342636266	0.02573565116	0.04896409134	-0.0008505230814	0.6508595635	-0.005675749381	0.0611567334	0.07063286147	0.006346482364	-0.03538065281	0.02677716942	0.002971697392	0.04887643466	0.01194251529	-0.02207544444	0.113168694	0.08470995909	0.01079518184	-0.02160256155	0.03256535044	0.002469678442	-0.003638589292	0.07810777019	0.06629919186	0.1077362615	-0.008009176406	0.00323712279	0.1432075271	0.08374711454	0.02467333027	0.07305966158	0.08747949944	0.06583592358	0.01157653822	0.0752178823	0.1182342197	0.04648857617	0.04888438409	0.009349965025	0.1045806973	0.02286594025	0.09740480584	0.07136054931	0.1131894946	0.1108933567	0.03436605709	0.08120320567	0.05337282414	0.1341419809	0.09987929167	0.02892010876	0.03902431609	-0.05074870106	0.01799122188	0.1083892733	0.1300534493	0.03681378597	0.1233941496	0.001507932481	0.0347881881	0.05105409743	-0.02106095146	-0.3537468295	-0.1967188771	0.111399943	0.06063096175	0.06885771108	0.05075672734	-0.02495895093	0.1291531092	0.05090329303	-0.320042053	0.07038233799	0.173267177
-0.0147553544	0.03325610279	-0.05603746293	-0.07988644205	-0.05878142929	0.00586235315	-0.03797152028	0.01624633105	0.03852575009	-0.1845114775	-0.2536122442	-0.2210274426	-0.2118512462	-0.1555761933	-0.1368839275	-0.1935291134	-0.2073912137	-0.1990987804	-0.1388812316	-0.2002554448	0.03647544696	0.1035576947	-0.1405884043	0.135917758	0.09094572396	-0.1310796878	-0.1349546118	-0.1641069667	-0.1085941788	0.1136328483	-0.1576619553	0.158025438	-0.02295612961	-0.07405529127	0.07172048401	-0.1678587236	-0.07337548955	-0.07420901665	-0.08410271311	-0.07412201854	-0.01124390139	-0.04430090231	-0.1212717128	0.08734433918	-0.117832976	-0.0125175055	0.05192775177	0.07097713159	0.1030395481	0.0193055055	0.05768723914	0.0817949338	-0.1584375602	-0.1492543847	-0.1429030795	0.1087916012	0.07672052745	0.004876658612	-0.1076797828	-0.137902568	-0.1609758514	0.0316113377	-0.1631135603	-0.02823172188	0.0104372167	0.01932704094	0.01704344063	0.05391195635	-0.06680347792	-0.06229283545	-0.02634477281	0.03455636483	0.03506896101	-0.003665097921	-0.007777795548	-0.0303942774	0.07425414528	0.1397529141	-0.05472519397	-0.06442841276	0.08919351742	0.05872435672	0.03068797533	-0.01397165549	-0.03359056625	0.0496110976	0.1368346316	-0.01444796147	-0.02274176575	0.1532074641	0.1792664521	0.006432752165	-0.01711790168	-0.08135352235	-0.05245610371	0.04362271761	-0.06664100883	-0.02801534931	0.03429453621	0.1384107173	-0.05000791164	-0.07592159151	-0.009684867885	0.05632760596	0.01379480207	-0.01104590749	-0.02582287717	0.04754987221	0.06767083903	0.05762275339	-0.07668456412	-0.04290713514	-0.0431942551	-0.04883489433	-0.06522696783	0.03836225217	0.01175178757	-0.02780986211	-0.01793955552	-0.04609473721	-0.03080785169	0.03819373421	0.09503393838	0.1113163385	0.04656847662	-0.02349543037	-0.1209731548	-0.02032684752	-0.02846226971	0.02124388528	0.07805467582	-0.06462125624	-0.08126774037	-0.01865888084	-0.04105298569	0.06835114315	0.2596572976	-0.06650259677	0.03664122676	0.06587783956	0.04627479411	-0.02728555715	-0.02171196496	-0.02199308698	-0.06820642273	-0.01750453161	-0.08235139994	-0.03519864532	-0.02118149973	-0.01869017027	0.0505859936	0.03260310226	0.04565626037	0.09444150738	0.05641742099	0.08757574599	0.1092472044	0.1023571599	0.1007788925	0.08826186773	0.04885370504	-0.005675749381	0.9078614565	-0.05387494525	-0.08649086799	0.02114928749	0.3335534155	0.1925505589	0.2214336659	0.09695941451	0.2194755374	0.1837073327	0.08980326812	-0.08293010727	0.01812652634	0.01992852264	0.214739117	0.01523855339	0.01186182111	-0.04336071566	0.04545351481	-0.01484688787	0.04085753887	0.03124953829	0.1161336837	-0.04276962966	-0.02757634172	-0.05327814158	-0.07180651123	-0.03477465445	0.08573404056	-0.05031537905	0.07964128057	-0.001707278726	-0.02458977584	0.04858162578	0.01443223314	-0.1069922136	3.507750205e-05	-0.03115772266	0.06552098032	0.05941271679	0.04997826905	0.002109375408	-0.01756496752	0.07100779313	-0.04536520466	0.03235164731	-0.008190827251	0.004558826324	0.02821862545	-0.06754571133	-0.06221497501	0.2075762905	0.09154468056	-0.003619397865	0.03715794681	0.03548224839	0.07597871029	-0.2062559482	-0.08350760729	0.07594069708	0.08829831591	-0.02945643951	-0.04275141713	0.08890731519	-0.03510403032	-0.08020645557	-0.1763060666	-0.07267274101	-0.02797928725
0.1616862185	0.07548475056	0.1554505869	0.1364988952	0.0530090717	0.0847066473	0.1377834906	0.1004729387	0.1979914821	-0.3995694501	-0.3824003948	-0.3867215829	-0.3685113259	-0.360351467	-0.3649332737	-0.3646482196	-0.3963077818	-0.3866282248	-0.3623594055	-0.3720082528	-0.05648422184	-0.08038731725	-0.3516917372	-0.1096786272	-0.09480909563	-0.3680475437	-0.3634060356	-0.367578151	-0.3652319174	-0.09746967444	-0.3656395264	-0.07931110673	-0.04222750988	-0.2582123925	-0.08691792551	-0.3590503768	0.1262592415	0.1418186122	0.1455177484	0.04835162831	-0.003111728544	0.07231908648	-0.4149425023	-0.09701695987	-0.3762123719	-0.005578627568	-0.05729306944	-0.03702049906	-0.1001067467	-0.0657759299	-0.06532176568	-0.05917673094	-0.3709746286	-0.3561259934	-0.3465328036	-0.1003469134	-0.09068209164	-0.04838293354	-0.4184550078	-0.409104873	-0.4060053846	-0.05532522153	-0.367784786	-0.05179750765	-0.05551538381	-0.046148552	0.05247788171	-0.001192398433	0.09880933381	0.1098250425	0.1157635122	0.06242731394	0.06232970258	0.147709595	0.1863840351	0.2640270605	0.02920184405	0.003387049881	0.1337569199	0.1469355744	0.08070213893	0.04203515786	0.1977088046	0.02748951095	0.1311337293	0.2533595123	0.1541228677	0.02676929436	0.1431156698	-0.04994972456	0.131062628	0.07154707091	-0.02594656021	0.150363789	0.00442771024	0.06333057616	0.04090486541	0.1837572705	0.1623231468	0.0180301218	0.1977258691	0.1417948659	0.09254378804	0.01151454176	0.09120971098	0.1004061658	0.08491854487	0.10938097	0.05567820301	0.09761364616	0.1809329949	0.07930426568	0.1224124174	0.2274827125	0.2860274193	0.1046078791	0.02660197693	0.1845107425	0.1627556051	0.01812297566	0.115521133	0.04649627606	-0.01067868246	-0.1155879734	-0.0312271919	0.08516786165	-0.4043728221	0.1050898584	0.07990779633	0.06838647489	0.1704397164	0.05779818221	0.1573390154	0.2130306297	0.0739088692	0.05718011083	-0.0307620009	0.02480720678	0.0809194392	0.08286008023	0.05656380958	0.1354592175	0.1045402657	0.1359491821	0.1798875682	0.1715745525	0.120362356	0.09797380925	0.08534078718	0.1205287719	0.06592036444	-0.05143813588	-0.03543411216	-0.0218924701	-0.07693078081	-0.02160808347	-0.08748153335	-0.1328818993	-0.06059171988	-0.06328444327	-0.06602733031	0.0611567334	-0.05387494525	0.3960962465	0.1565618998	0.1414625027	-0.1284560254	-0.03968361222	-0.1140776323	-0.06855507045	-0.06285105255	-0.1190091483	-0.04594337065	0.07459864107	-0.008740512457	-0.01697264094	-0.04665425991	-0.006016854229	0.07007263908	0.09126381206	-0.02369727836	0.1253278158	0.03782765884	0.06755558943	0.01356500837	0.07675865251	0.05844681403	0.1513143362	0.2315109613	0.2698612275	0.1372845649	0.1862952104	0.02361698114	0.03169381982	0.09365996641	0.08974739198	0.09820722372	0.08280848264	-0.002651124518	0.1853349431	0.1115242371	0.1219162666	0.1068314776	0.177673201	0.04897556958	0.02715194543	0.07767301926	-0.02047318434	0.01737071528	-0.04715599129	-0.06883648248	0.2087614312	0.1364784446	0.1381673843	0.03381354628	0.104738822	0.1424657019	0.1360018534	-0.09180108932	-0.365340627	-0.2535019168	0.02669364301	0.04135240907	0.0925246041	0.2549218681	-0.06726387857	0.1437672278	-0.008383068735	-0.3707119613	0.1476443386	0.06371655344
0.120836029	0.1321139543	0.1510245006	0.1859492624	0.1121147494	0.04639186157	0.0848799689	0.1390028653	0.09768138892	-0.400723451	-0.3808158215	-0.3883401061	-0.3659312267	-0.3552831774	-0.3582397659	-0.3661637942	-0.3958797165	-0.387096579	-0.3557517518	-0.3733423877	-0.04945395372	-0.0642780281	-0.3453177059	-0.1181905972	-0.1004179248	-0.3625151712	-0.3629251404	-0.3579685693	-0.3593090142	-0.1051846728	-0.3560375485	-0.07363831313	-0.003754316753	-0.2421783317	-0.04369960062	-0.3517470231	0.1763597951	0.1907688595	0.1830546936	0.05776259939	-0.01252163894	0.1522411028	-0.407343862	-0.105390261	-0.3798349485	0.06787798731	-0.04675113476	0.08244198086	-0.1137646307	-0.04172271873	-0.07381713271	-0.0281143002	-0.3642747176	-0.3469564074	-0.3353935438	-0.1139544401	-0.1030750724	-0.01833638737	-0.4126161917	-0.4041556014	-0.3968730033	0.003022385121	-0.3578291842	-0.02750800909	-0.02411090829	-0.00246095566	0.05411393701	0.03907718691	0.1364042219	0.3282115483	0.1144863715	0.1365716452	0.136084284	0.2151028774	0.1585452595	0.1381967787	0.05719419233	0.0346775778	0.1991047468	0.1707677074	-0.03944807923	-0.0209021058	0.1091994171	0.01517513073	0.07376217822	0.1029080446	0.07090663741	0.0007542552358	0.03629530983	-0.07949652683	0.03963185661	0.03718448212	0.005387402523	0.1778625635	0.01493351546	0.04012046609	0.0196082329	0.06345434571	0.1458250528	0.08183705926	0.06463193762	0.1641255903	0.1252018647	0.08061223977	0.09780660163	0.04295823555	0.03317878109	0.1125377211	0.1642078994	0.02353248509	0.1818478453	0.1388087266	0.1701885963	0.10253133	0.1476744178	0.09977454769	0.01408989011	0.08614897502	0.124564912	0.01370331886	0.04170004492	0.1195852569	0.004885703342	-0.07793962194	0.03551077293	0.06160173897	-0.3974684558	0.07711480863	0.04030235928	0.02760430894	0.02975516687	0.01455330085	0.08628123986	0.1216134395	0.0993626138	0.08555632609	-0.01680509153	0.02045704726	0.05358255567	0.1050912145	0.0394746768	0.0819921758	0.01226758097	0.09854401914	0.1408818408	0.1246852804	0.1694996843	0.04937986146	0.06581615544	0.02081490421	0.09744634566	-0.02363459098	0.003658157969	-0.03011306779	-0.03269605693	-0.03061033273	-0.06646717265	-0.1397329446	-0.04381668967	-0.03382808977	-0.06877368418	0.07063286147	-0.08649086799	0.1565618998	0.4388970562	0.04385827164	-0.1234036676	0.02157024185	-0.07822495187	-0.03892246172	-0.01998573154	-0.1264403821	-0.03904171488	0.1488414612	0.002629559539	0.03996564573	0.008725378587	0.06866835315	0.1409373691	0.08630822129	-0.02339529761	0.07395272543	0.1308943845	0.1370353353	0.05034562084	0.05136200007	0.01063165977	0.1125671545	0.1261793587	0.1858761621	0.06366464003	0.1813189709	0.1080320464	0.05813561936	0.122511935	0.1571977934	0.09350171036	0.1343407059	0.04286243422	0.234141857	0.1129016894	0.1529841899	0.05002839606	0.2263822112	0.0159369077	0.09442737301	0.1044093052	-0.0543543223	0.07832322642	-0.01228029538	-0.06346991108	0.1193005311	0.1440298128	0.05232981735	-0.0270307573	0.1260105953	0.04856116771	0.02877023784	-0.04693643336	-0.360983463	-0.2388271459	0.1033543308	0.03918920115	0.1615600305	0.1737900722	-0.06241367176	0.0853437633	0.04221335266	-0.3693754516	0.1682413405	0.1300090253
0.1218863669	0.01141135083	0.1214692163	0.05848966972	0.05861789299	0.05365795348	0.05785068966	0.06647017793	0.0322684174	-0.3410232716	-0.3582411672	-0.3638262404	-0.3435748574	-0.3467320212	-0.3400864478	-0.3384487946	-0.3364876629	-0.3256169038	-0.3283137415	-0.3483980456	-0.0005119158863	-0.01273104719	-0.3054700233	-0.07352251537	-0.0490373263	-0.3424511733	-0.3023439493	-0.3098605199	-0.3435588665	-0.06598812189	-0.3377732124	-0.05069704478	-0.03661326383	-0.2139992576	-0.04028282374	-0.3382824939	0.04305720735	0.07869694957	0.0543339294	0.02253403899	0.0267897034	0.08894197473	-0.355143591	-0.06268742651	-0.3228784319	0.05938762308	-0.04092020375	4.70693515e-06	-0.05944227117	-0.02462239057	-0.03296580812	-0.06397481386	-0.3072949076	-0.341679325	-0.3265569877	-0.06984521206	-0.05859060431	-0.01448023367	-0.3558010261	-0.3847310528	-0.3360315161	0.02984787699	-0.3081036865	-0.02454881509	-0.01820838245	-0.0498969162	-0.01374387945	-0.01915149255	0.01013672934	0.07244047958	0.09308411682	0.03105589807	0.03103454418	0.1106386779	0.02850873697	0.1127244891	-0.0323011774	-0.07414337841	0.05679570938	0.06230180387	0.1724174884	0.1142308875	0.202429102	0.006366191126	0.1093491259	0.1216626135	0.03090389234	0.04444497338	0.2647630824	-0.03571547978	0.09280131307	0.1817068036	0.02272836348	0.05334193723	0.04671989048	0.202228361	0.1555362124	0.2794852119	0.09963872025	0.08756905644	0.2334785105	0.1167871982	0.02759435481	-0.0274990896	0.01745742789	0.1734079926	0.08354535177	0.06027485239	0.02112036136	0.1596880009	0.1427947072	0.1024864541	0.0106004222	0.09056334726	0.15826207	0.05869992702	0.1171643729	0.2096997249	0.04254586373	0.1245524994	0.2412013753	-0.01748951507	-0.05455097765	0.01656149631	-0.009444188944	-0.03620408107	-0.3483704054	0.100606435	0.1253690224	0.08319633453	0.2450749449	0.254812591	0.2368172783	0.149190792	-0.003552375437	0.1954726485	0.03345497357	0.1655577166	0.08314126691	-0.03709891858	0.06438030696	0.1114812646	0.12683108	0.07968542437	0.04570755531	0.04361372675	0.03500629418	0.05847567728	0.05311523606	0.146184576	0.0368611013	0.01195004499	-0.0004460896812	-0.01242317293	-0.03958844026	-0.01617760614	-0.07759387831	-0.09559135251	-0.03062740495	-0.01025765779	-0.02978939869	0.006346482364	0.02114928749	0.1414625027	0.04385827164	0.5988720766	-0.0783378524	0.01495081004	-0.06880579141	-0.00676884706	-0.01442493009	-0.09483680735	0.02354740713	0.1048442075	0.01487482858	0.1630958848	0.01729976298	0.07237203119	0.02150336057	0.1841207203	0.04447818854	0.111139087	0.06872220962	0.05065312286	0.01152422242	0.05881729105	0.1094556963	0.1329055334	0.09427732527	0.09638521332	0.1578831113	0.05361771068	0.02124098362	-0.02448384228	-0.02622557073	0.1221430724	0.001341771244	0.05364201027	-0.02612388045	0.05920269599	-0.05144742547	-0.007008633281	0.06016997592	0.05830251851	0.06832536116	0.02719973304	1.737580908e-05	-0.03134742928	0.0289446057	-0.005214768839	-0.004448509746	0.09206746276	0.06019348858	0.1042313015	0.07185005345	0.1333644294	0.173049245	0.1085018804	-0.0383640065	-0.3168903435	-0.2215165222	0.02082296149	-0.02165301629	0.08978991888	0.127157115	-0.0576934343	-0.01352279212	0.01422361141	-0.2969196778	0.08870673886	0.0001929381533
-0.04411145228	-0.1031813702	-0.1123571135	-0.1387827595	-0.08970806882	-0.1031872082	-0.07153582683	-0.09582513841	-0.078390734	0.007282182177	0.001870443942	0.03021830702	0.02871621012	-0.01068341664	0.03481108504	0.04372580147	-0.009939468486	-0.01638453965	0.05926065339	0.0004574939354	0.01003884184	-0.02765138884	0.01346656985	0.08302164594	0.08900141663	-0.02730297921	-0.02593131144	0.01034628843	0.004202930133	0.122580766	-0.03482729949	0.081216476	-0.04139072633	0.1625528351	-0.01735294619	-0.002205705287	-0.1296733864	-0.1386605571	-0.1663318118	-0.08947737177	-0.0704242136	-0.1230992211	-0.001146928525	0.1707696516	0.01468130605	-0.05938740168	0.03085935069	-0.003257111236	0.1393610245	0.04693075667	0.0587919988	-0.01548698381	0.02973719703	0.002251075993	0.008040854126	0.1408561946	0.1098904603	-0.006512495811	0.05712840896	0.04319209782	0.05514061237	0.004808070175	0.01328680898	-0.03480382654	-0.002521831842	0.02563134202	-0.007651603317	-0.08712027054	-0.1397959498	-0.1244229394	-0.1007006468	-0.06660290752	-0.06637869212	-0.09283525691	-0.09024428576	-0.1191654883	0.1039043071	0.01999320196	-0.1061967752	-0.1401299075	0.1187105766	0.03981715951	-0.1335567618	-0.0006558684697	-0.08697502273	-0.0968178536	-0.02373051323	0.01367594364	-0.02411653946	0.1186893264	0.06306857847	0.03068689504	0.04246283208	-0.1633698266	0.0145943668	0.05352335906	0.03875213545	-0.02161659206	-0.14402979	-0.02503558275	-0.02114648091	-0.1324896733	-0.07858146019	0.09363371151	-0.002803417686	-0.0254633822	0.004881703875	-0.02366378967	-0.0267324976	0.01091413951	-0.100186885	-0.08976685754	-0.0759956313	-0.04946231315	-0.1120198115	0.002138051099	0.008448911906	-0.1197949912	-0.04492296766	0.04732609534	-0.01140634214	-0.03268153617	0.04412740657	0.133329109	0.1269274541	-0.04550396273	-0.0006996047953	-0.0927529334	-0.01259846319	0.0388108976	-0.02990379135	0.01910114072	-0.1132061978	-0.02977451643	-0.1369739574	-0.08294600893	0.1237705413	0.03908541637	-0.01204146265	0.06168033543	0.03983214296	-0.05349507425	-0.03397232703	-0.08465609226	-0.125482177	-0.0401381562	-0.1495851948	0.01000831458	-0.05352865009	-0.03594115935	0.007032506862	0.1100059278	0.200518184	0.1510482588	0.3024879399	0.0409697472	0.2012394748	0.4478555144	0.2652396531	0.3290138709	0.2690054176	-0.03538065281	0.3335534155	-0.1284560254	-0.1234036676	-0.0783378524	1.194646552	0.09437628116	0.1756439926	0.2349721648	0.1907597046	0.4556079621	0.1276197307	-0.1226760551	-0.02853859684	0.01184464948	0.1101335463	-0.002461273541	-0.1190001507	-0.07446174697	0.06614480888	0.007921557854	-0.1320954694	-0.1247117489	0.01087770879	-0.001009152786	0.02010952977	-0.1174807238	-0.1295536157	-0.09219845964	-0.0369090773	-0.1194469518	-0.094547311	-0.07019405781	-0.07636533035	-0.08425118484	-0.08080911944	-0.07289887219	-0.02773797967	-0.07684934659	-0.04376954752	0.014839546	0.0386656123	-0.04187423944	-0.06250350397	0.02714372507	-0.1521653816	0.09408919787	-0.005359568242	0.01270906961	0.05146824236	-0.1349765255	-0.1134544289	0.03948036215	0.0802081985	-0.1372808509	0.04083084853	-0.0400087364	-0.04114516467	0.0280330399	0.175673769	-0.06251243737	-0.07397112908	-0.09663027962	-0.1419791552	0.07849772448	-0.02817238325	-0.03534267852	0.0802635231	-0.154775094	-0.06785720911
-0.05098897536	0.06252376151	-0.01730053567	0.04908361082	0.03134037605	-0.006983687419	0.01711537964	0.01945896641	0.04438085613	-0.27001282	-0.2946347494	-0.2909269956	-0.2948578466	-0.2867410737	-0.2582532492	-0.2962220756	-0.2567629361	-0.2990212877	-0.2309004592	-0.2612924182	-0.04142496806	0.03347289898	-0.2691285044	0.01157484083	-0.04664752453	-0.2156287412	-0.2322145296	-0.2714745709	-0.1964277161	-0.01737403562	-0.2229314717	0.06201930182	-0.01786056819	-0.1810229292	0.06551900409	-0.2837991442	-0.04964771884	-0.03852491691	-0.03012542142	-0.08024576836	-0.00487798177	-0.06220536299	-0.2543394353	-0.03325485933	-0.2396543245	-0.05815225106	-0.03168117529	-0.02646303854	-0.0488710756	-0.02309141325	-0.07031730123	0.06159345882	-0.2657825228	-0.2828296176	-0.2588811126	-0.0218766147	-0.04747273499	-0.05700176914	-0.232811144	-0.2568068238	-0.2451871303	-0.00881165228	-0.2617276903	-0.02970330319	-0.007534210935	0.003146339689	0.02874205939	0.04070641383	0.0002194309498	0.02434231901	0.09719163339	0.1193318427	0.118848986	0.06643246837	0.002095414308	-0.06340214135	0.03863035773	0.2085124482	-0.03266320595	-0.01164410752	-0.02512981097	-0.03170600771	0.01019544494	0.06813102001	-0.05013538448	0.02310051764	0.1001478017	0.02463808076	-0.04401414674	0.05380017674	0.01377954627	0.01074426735	0.06718928112	-0.02738477867	0.08194175369	-0.03236599021	0.005350023448	-0.03805281731	0.004992745322	0.2318728527	-0.05196125246	-0.002979361837	-0.03867348067	0.232999322	0.02544061548	-0.02715924496	-0.04939044404	0.03198477171	0.1386000147	-0.05207493527	0.02284208265	-0.03397676654	-0.02737054152	-0.07911339103	-0.04787901818	0.07606097755	0.05424608163	-0.00674623846	-0.08832571896	0.07114645236	-0.04162765146	-0.007558826656	0.01413873387	0.1037648138	0.07031645894	-0.02762109322	-0.2503067252	0.009655730591	-0.04285649311	0.06106953336	0.03106334518	0.0195783076	-0.02525829457	-0.0610615909	0.04273578562	0.2709088451	0.6084111001	0.005814791819	0.01052092759	0.1315249471	-0.05666226032	-0.05454002665	-0.006125270424	-0.006177164041	-0.07569513358	-0.09009030018	-0.003948491959	0.001934291615	-0.03300439944	0.004723602956	0.09110019226	0.1008876544	0.08906007525	0.1033183922	0.1276593543	0.04081001749	0.06946387976	0.09963702512	0.1365609908	0.1266371463	0.1458643759	0.02677716942	0.1925505589	-0.03968361222	0.02157024185	0.01495081004	0.09437628116	0.7446070003	0.4844914822	0.5173649559	0.6435921677	0.2711228974	0.1494233087	-0.01889043561	0.01150171687	0.08430626145	0.716693896	0.1763028778	0.1340342636	-0.02280465173	0.05335197163	-0.03379532202	0.1496257333	0.1603075697	0.1841451515	0.004406979643	0.02839176931	0.008481611382	-0.06366119852	-0.03190703054	-0.01833585626	0.04373391033	0.1867968239	0.06280507287	0.03736133709	0.07327337049	-0.01427207564	-0.04233643498	0.01145366116	-0.0125369417	0.1299034675	0.1136272463	0.008238380785	-0.002111159598	0.002226267471	0.0119195978	-0.04404211761	0.02200130192	0.01975821599	0.02483586601	-0.03682621043	-0.05866672866	-0.04391540003	0.0372374448	-0.008223468953	0.1280424693	0.04029496138	0.0190284493	0.01751189897	-0.3133630046	-0.1800532019	0.1069712802	0.07542240936	-0.04181397928	-0.06422931478	-0.01517713226	0.01225878523	0.01992337257	-0.2965207066	0.02014603178	0.01676605953
-0.1169585941	0.0546196388	-0.1075753998	-0.02650712521	-0.01084823454	-0.0249935339	-0.04757846156	-0.07112539627	-0.02836215879	-0.05287846087	-0.07418435925	-0.06638043402	-0.0983639225	-0.08321861679	-0.04254232423	-0.1105909834	-0.04541321042	-0.08662182538	-0.05718857465	-0.05936376678	-0.03453740722	0.04149395463	-0.06628738664	0.05301891755	0.02169952095	-0.01239569743	-0.03290373646	-0.0902618251	-0.001524028348	0.03198006643	-0.02601911655	0.06730619508	-0.05181182664	0.01443594729	0.03743967348	-0.08641361805	-0.1329849366	-0.1041289642	-0.1086737518	-0.08328673799	-0.01258726667	-0.1081353176	-0.02158635319	-0.0005204741499	-0.04629578597	-0.1110575634	-0.0002504650317	-0.05038235112	-0.002848537971	-0.03962414026	-0.006235703395	0.08053780036	-0.06854425105	-0.07172856952	-0.0845889354	0.033287521	0.01951045761	-0.0339473295	0.002417648527	-0.02793370311	-0.0374505007	-0.01988911718	-0.06974773332	-0.05520614292	-0.01589696035	0.008594094676	0.004588681485	0.07161304441	-0.0711056757	-0.05705485806	0.0101815419	0.05752536599	0.05736660446	-0.01017249557	-0.0194887007	-0.1409983349	0.02466895272	0.1844208356	-0.1220372388	-0.08966808174	0.004779581133	-0.01061001552	-0.04650434963	0.04768029205	-0.06209921847	-0.0588558794	-0.01934432067	0.01535391256	-0.08904621829	0.1849274512	-0.09654791844	-0.04787628204	0.04468038877	-0.1070457206	0.1320659006	-0.09389704349	-0.03931471542	-0.1034112496	-0.07255483009	0.1864967623	-0.08789258031	-0.08744354232	-0.06077880438	0.1400700307	-0.03452934041	-0.02185413157	-0.06940979866	-0.05546747443	0.04793391003	-0.1155663814	-0.06089262829	-0.08810061581	-0.08319185554	-0.1167222747	-0.1153685811	0.0210656538	0.02156139184	-0.1283535572	-0.1638970617	0.0508270456	-0.09967035566	-0.04318543585	-0.01726546891	0.1679481418	-0.008707618648	-0.03021710298	-0.01966025758	-0.07514454135	-0.0685021097	0.02534108292	-0.03279224954	-0.03068177485	-0.09553098242	-0.1072381751	0.01231528188	0.1058014994	0.4151879274	-0.03854361596	-0.03578940298	0.09072672435	-0.1058606774	-0.1226135074	-0.04153180016	-0.06281211509	-0.1586179187	-0.1660326162	-0.08370338797	-0.05022836591	-0.08371513683	-0.03196566269	0.02617774464	0.04460462473	0.1444953404	0.05464088693	0.1769437965	0.03124225905	0.2033585651	0.1783650547	0.1034541138	0.1455360298	0.08559904272	0.002971697392	0.2214336659	-0.1140776323	-0.07822495187	-0.06880579141	0.1756439926	0.4844914822	1.009256964	0.511649347	0.547981556	0.5886136068	0.1527846534	-0.0766970932	-0.01011882262	0.03136669808	0.5274060628	0.1080202826	0.07980549284	-0.0965054008	0.08067550215	-0.08420692336	0.0888741047	0.09288206734	0.1308858774	-0.1026559583	-0.05972762662	-0.05683356915	-0.1401120075	-0.1286116999	-0.04811877914	-0.04345291028	0.1397648497	0.09546767776	0.03666362657	0.086602985	-0.01230738159	-0.06182545816	0.05358509536	-0.02440202499	0.09201098471	0.1234754087	-0.03656094782	-0.05704196614	-0.05263428485	-0.05451967658	-0.03382388922	-0.004264200295	-0.07245869689	0.03188174081	-0.02197780121	-0.1366581572	-0.1147192527	-0.01775650675	0.08018786437	0.07072329544	0.01467177009	-0.01153785377	0.01330900567	-0.0794064768	0.0124557153	0.04916122972	0.02955835148	-0.1022675621	-0.1436511466	-0.003367278076	-0.02068427321	-0.02855569792	-0.08033991925	-0.05608611609	-0.03166014621
-0.05323588331	-0.01098861905	-0.05372957397	0.01080752854	0.01766918328	-0.02767161368	-0.009958030008	-0.0153178331	0.02948839031	-0.1917599537	-0.1667362593	-0.1604660842	-0.1693685964	-0.1752810972	-0.1471660943	-0.168842512	-0.1697499999	-0.1691424838	-0.1326629409	-0.170525976	-0.04385731665	-0.0426200165	-0.157342201	-0.04142870829	-0.01377032342	-0.1580144903	-0.1760840508	-0.1725800067	-0.1471485408	0.01199943515	-0.1745451967	-0.01471497424	-0.03209687642	-0.0182205984	-0.02818591902	-0.1723835733	-0.08957613231	-0.06708520173	-0.07106522477	-0.07407356031	-0.004105767751	-0.07435002116	-0.167705632	-0.006050939119	-0.1678698279	-0.05995018972	-0.02138719575	-0.05714387882	0.02646532274	-0.02229466347	-0.04354836493	-0.02129715461	-0.1556448257	-0.1693513174	-0.1455982493	0.01197796274	-0.009606605907	-0.04542490795	-0.1457830026	-0.1733342749	-0.15396179	-0.0803557144	-0.1625633177	-0.01577527354	-0.001914964559	-0.005988411942	0.01103892189	-0.05106995977	-0.04134417092	-0.03696746142	0.05185572173	-0.0260819355	-0.02586370027	0.01088085146	0.004230377456	-0.1001444701	0.06362822714	0.1262369611	-0.07327607894	-0.05197279827	-0.0002443215631	0.002695773664	-0.08783787749	0.06732442351	-0.01499574969	-0.07818857585	0.01975195107	0.08048985461	-0.02741258665	0.1219754994	-0.03559141219	0.04668557044	0.09205518547	-0.06831326542	0.1443708681	-0.0001746471328	0.05688153535	-0.03580450404	-0.109494067	0.1121031447	-0.03892708387	-0.04828694316	-0.06131247883	0.2316518566	0.0007742183046	0.006206253319	-0.008538939	-0.00876846967	0.05620708087	-0.06586521743	-0.02075552565	-0.04133020081	-0.04657358574	-0.07323858146	-0.0591220949	0.07076567644	0.08020966459	-0.05830238564	-0.1078964382	0.1262121207	-0.00937358089	-0.0577744534	0.003397364024	0.1021478041	0.04878649118	-0.05759311414	-0.162593144	-0.04644575797	-0.007536502489	0.08496112125	-0.04156528849	0.06484516927	-0.01769965977	-0.07480979639	0.02129983397	0.09841536528	0.4826846968	0.05778614501	-0.04689961218	0.1012094378	-0.05318351702	-0.04785430165	-0.0003586452527	-0.04451499165	-0.1159223666	-0.1210992319	-0.04573235677	0.01357679633	-0.06252488199	0.0121626711	0.08330816307	0.124214813	0.1495093348	0.1216687853	0.2520270029	0.02018999129	0.1148329813	0.2527087832	0.2313937368	0.2725543719	0.1849957462	0.04887643466	0.09695941451	-0.06855507045	-0.03892246172	-0.00676884706	0.2349721648	0.5173649559	0.511649347	0.8638336568	0.5881777608	0.5680468299	0.1337814565	-0.0450436182	-0.006584661015	0.06441092822	0.5669507382	0.07175435636	0.01945719326	-0.04049855936	0.09144207181	-0.03166306799	0.04121379811	0.03667073408	0.1886231178	0.01254102687	0.03273305108	-0.003958629976	-0.09712185487	-0.06967481106	-0.07877007619	0.003398383239	0.001878679226	0.0252788937	0.01274895824	0.03635061136	-0.04847193579	-0.04539148732	-0.0004717165691	-0.02767063781	0.1014295624	0.1008335459	0.02598715551	-0.01655796032	-0.01998679441	0.01416304602	-0.08443524137	0.03186587301	0.0004444176399	0.02519148869	-0.02288869173	-0.09483894768	-0.08299122681	-0.03005433682	0.002647246703	0.005834470182	0.01302250195	0.006120368877	-0.05678240751	-0.1557518402	-0.0171253257	-0.02352104471	-0.05425229071	-0.06101166803	-0.08997498765	0.007167487364	0.004412914067	0.01778159437	-0.1369159183	-0.0323573923	-0.0127394097
-0.05924718834	0.01767200804	-0.04107033161	0.008177969978	0.01573958851	-0.02373221215	-0.007213798212	-0.01858981846	0.0145962089	-0.2071718478	-0.2329259906	-0.2274853833	-0.2339589737	-0.2269167844	-0.200284021	-0.2295123085	-0.1915907074	-0.2338597407	-0.1799426086	-0.195667406	-0.0262815015	0.05652080926	-0.2121051892	0.05822240934	-0.003041885853	-0.1674887749	-0.1812759319	-0.2129399121	-0.14118802	0.02830752904	-0.1805356517	0.09003265815	-0.02931044839	-0.1195508876	0.07116716193	-0.2384582696	-0.08338490848	-0.07350619867	-0.07536509284	-0.07788664575	-0.01610290486	-0.07535806118	-0.1933315996	0.006246025741	-0.1888587487	-0.03934180816	0.002892804738	-0.0321111146	-0.01328564397	0.00144966283	-0.02392139512	0.05777121959	-0.2122458154	-0.2310126741	-0.2101926511	0.02466981825	-0.001062780877	-0.03374550173	-0.153995906	-0.1976322472	-0.1925025126	0.01501179965	-0.2057270623	-0.009657999665	0.01569707955	0.008492494997	0.02327198443	0.01469934571	-0.04464463817	-0.02056316148	0.05126128874	0.08269873895	0.0824768594	0.05181975354	-0.01702556959	-0.09228819821	0.02567020512	0.1759103959	-0.06009051577	-0.04795972813	-0.04609556286	-0.03202030999	-0.01481954547	0.04789004482	-0.04064686963	-0.0005834609118	0.1127699985	0.03235343051	-0.04857604756	0.05844516581	0.0297151315	-0.00461599106	0.0791506454	-0.07265467337	0.08233291475	-0.04871327775	0.003089415471	-0.04845676939	-0.03451433977	0.1968223963	-0.02031335528	-0.04975191622	-0.06364638772	0.1920160284	0.03229388964	-0.04010423276	-0.03265189698	-0.01127754215	0.1234709939	-0.07304487327	-0.02527804778	-0.04071953021	-0.04161273795	-0.07688815678	-0.0829287683	0.06025242392	0.0623612559	-0.03809049589	-0.1124128768	0.06626323315	-0.04874850887	-0.02707735516	0.00996487423	0.07823228038	0.06659744525	-0.05598773312	-0.189661077	-0.01876699413	-0.03396118214	0.05593946114	0.04813278783	0.01757636344	-0.05080304292	-0.06299997308	0.01772353945	0.2611373058	0.5825253499	0.003651864047	0.02432809914	0.09152186158	-0.07560452318	-0.0686868384	0.01026406085	-0.06106511533	-0.1079092629	-0.1144114525	-0.04869890599	-0.0280828338	-0.06154940999	0.01853238949	0.08059773155	0.1317500132	0.09065893063	0.1062238792	0.1261245269	0.01953349524	0.06229601519	0.1294835981	0.1475890529	0.113727935	0.1540433283	0.01194251529	0.2194755374	-0.06285105255	-0.01998573154	-0.01442493009	0.1907597046	0.6435921677	0.547981556	0.5881777608	0.8583102935	0.3678171274	0.1317722701	-0.05402384749	-0.01899787573	0.0651599232	0.6933205183	0.17559188	0.1052441973	-0.05423362303	0.04534263746	-0.03862171728	0.1235026907	0.1203425078	0.1508145461	0.02608246734	0.01646382256	-0.02180047836	-0.0895190143	-0.06050091112	-0.0101800635	-0.003343462894	0.1445541832	0.02363852823	-0.001824741324	0.03303444376	-0.04241128078	-0.05601047227	-0.01617768539	-0.04844485344	0.08516493778	0.07886119746	0.0004500273213	-0.03933529196	-0.02404970984	0.01453155345	-0.08821204972	0.05736709006	0.01789022706	0.02482841583	-0.00882794395	-0.08762248837	-0.08482172902	0.06616529763	-0.03058735466	0.09163541742	0.03645403634	0.01653153496	0.03756946512	-0.257574691	-0.1176181597	0.06171756598	0.03652950965	-0.05806536706	-0.09617320223	0.01105247589	0.008512315296	0.01016502675	-0.2308671887	-0.01370879852	-0.01681208166
-0.08629081895	-0.05332621705	-0.1197438412	-0.1400527559	-0.1049693352	0.00320937966	-0.07588630678	-0.08841517319	-0.02352698463	0.03061526289	0.05860293582	0.06845489927	0.02226473877	0.00768612497	0.06569035827	0.02867677064	0.0541110997	0.04295773904	0.05439190485	0.02592056124	-0.01870636839	-0.02520820972	0.02161371541	0.03908527916	0.060772213	0.01272168602	-0.000792767202	0.02846216513	0.02900918421	0.08197123475	-0.00319610193	0.03940307897	-0.04330278926	0.161700573	-0.02521022661	0.01730722873	-0.1520280286	-0.1430438226	-0.1719848908	-0.1065310338	-0.04702380765	-0.1342995339	0.05970046443	0.07925210011	0.03111816528	-0.05433602774	0.0130089759	-0.02959410656	0.1046868319	0.01941913295	0.0409825094	0.01048450527	0.05015322232	0.01958128197	0.005927195017	0.09650505121	0.07333566199	-0.002401051702	0.06177443999	0.05021838529	0.04571853463	-0.02789261608	0.03929788923	-0.0210853937	0.007598412408	0.03368727006	-0.02436241171	-0.04457464366	-0.1300061504	-0.1315035499	-0.08300546627	-0.1029089595	-0.1020678655	-0.07878231893	-0.03007042887	-0.1339684019	0.1439956074	0.0308843502	-0.1367636414	-0.143776142	0.05371452681	0.07156667358	-0.1246966225	0.02358562441	-0.06816811017	-0.1062980744	-0.01917780989	0.06816803816	-0.055604976	0.2475529554	-0.01506009083	0.01920103118	-0.0109329134	-0.1690158931	0.1152355293	-0.03540850204	-0.03766414932	-0.05913354099	-0.1635308055	-0.04857504719	-0.08580972955	-0.1678763278	-0.08951797695	0.08646173264	0.001812697963	-0.02515763675	-0.04958779167	-0.08608182357	0.0148722355	-0.08027604478	-0.1695683686	-0.1136965304	-0.09635096316	-0.1109685984	-0.1273825802	-0.05237241796	-0.01915263066	-0.07063657475	-0.08730350271	0.03622132803	-0.04128213634	-0.05352059091	0.006840449218	0.1824047809	0.01200871373	0.007915343833	0.06138154747	-0.109413293	-0.06567880796	0.03640629333	-0.08256930744	-0.03066724881	-0.09778514915	-0.0938667956	-0.0725353582	-0.08673211354	0.333883401	-0.03707295896	-0.07730825872	0.05323300907	-0.02365297304	-0.06614211299	-0.04876563174	-0.03643347567	-0.09807794988	-0.09556721839	-0.143927353	-0.01055218483	-0.09253800875	-0.0336259405	0.02494415303	0.02238013103	0.1382337783	0.1175152398	0.2496301225	0.04329228389	0.2198822775	0.4386154921	0.2378185194	0.2674400903	0.2387226293	-0.02207544444	0.1837073327	-0.1190091483	-0.1264403821	-0.09483680735	0.4556079621	0.2711228974	0.5886136068	0.5680468299	0.3678171274	1.155203716	0.09785939116	-0.1604137971	-0.007541191066	-0.09762302629	0.312833759	-0.04126745081	-0.1055144439	-0.1032254073	0.1393454256	-0.03888165796	-0.1103102331	-0.1490998078	0.08949216028	-0.01853833691	-0.03194683119	-0.09941948127	-0.1307188384	-0.1098404174	-0.08759406039	-0.1318878241	-0.02820518145	0.005580037908	-0.0207525218	-0.01825846567	-0.04029250836	-0.08501741011	0.01617158891	-0.06995094495	0.083185643	0.09059729439	-0.005492170201	-0.08338508207	-0.07395739565	0.02979185628	-0.1002908743	0.06592700142	-0.06511054283	0.003407700918	0.020783475	-0.1262780199	-0.161048284	-0.01899928369	0.1094031987	-0.1539761129	-0.04443884399	-0.01570211043	-0.05324049791	0.07022104757	0.1606108272	-0.1201478057	-0.1196175876	-0.1314024728	-0.1384319458	0.05802828394	-0.04859593116	-0.08121929682	0.0679290382	-0.1229450013	-0.01788598225
0.04327803037	0.0570165885	-0.04296244884	-0.0005634332713	0.06199394582	0.01289124191	-0.02022307238	-0.02927175061	0.04080042725	-0.282736288	-0.275932146	-0.27011192	-0.263144979	-0.2333967865	-0.2287324165	-0.2670973242	-0.2799546388	-0.2711329758	-0.2470272726	-0.2815813313	-0.02967388916	-0.07434152514	-0.2740515893	0.04793408609	0.08279705146	-0.2382682509	-0.2322868823	-0.2281047897	-0.2410648825	0.05805992151	-0.2359698608	0.04478775903	-0.05881523916	-0.1601855865	0.03321408598	-0.2318022445	-0.06539175707	-0.03770345312	-0.02103851708	0.02326163437	0.04336694461	-0.04544193208	-0.2488071054	0.006528688823	-0.2404595859	-0.07202287597	0.04846816678	0.02195244461	0.03121153634	-0.0499422692	0.07611501481	-0.008385318884	-0.2354196187	-0.2314836635	-0.2204362793	0.06727627776	0.07197396388	-0.05873028754	-0.2542170106	-0.2913145266	-0.249456407	-0.06232548845	-0.2226620752	0.05262975885	0.05639817133	0.01715889801	0.09077223396	0.0252979185	-0.01953362083	-0.02792322765	0.02128931525	-0.01503344575	-0.0149463071	-0.02898456885	0.05889699633	-0.05149675206	0.1714643258	0.2380361062	-0.03025043409	-0.01897972116	0.1028664378	0.05776640009	-0.03829455402	0.1450968388	0.0310874927	-0.03470081116	-0.02926659038	0.08801175365	0.03404147437	0.06093438987	-0.02256592209	-0.008119952253	0.1078026987	-0.01589935819	0.07068171577	-0.01468814011	-0.02125611788	0.01303125838	-0.04755966048	0.1153399001	-0.005104046996	0.04627690372	0.026417058	0.2560295778	0.1339850152	0.07560866478	-0.02223966365	0.05743841126	0.02749694581	-0.002054746561	0.02359095326	-0.01718229047	0.02091748443	0.0006695538936	0.009492537831	0.01396347237	0.0460830911	-0.03175552748	-0.05034155976	0.05126732139	0.02374217585	0.05409584179	0.1844241939	0.2037281039	0.2814679926	-0.004331441253	-0.2447400749	0.06247809569	-0.01700710704	0.03712693228	-0.03281308972	0.006368493339	0.0381958707	0.0368800602	0.03577721335	-0.03224651505	0.1482729983	-0.02113086444	-0.03220724865	0.07794709577	0.01845322689	-0.03270319554	0.04586773937	0.02337552899	-0.06924322088	-0.05155381759	-0.03395647626	0.0554477311	-0.04029427284	0.02611010841	0.06412886838	0.0500529088	0.1131056924	0.09289102228	0.1687984116	0.04760967301	0.1548025003	0.1767680492	0.165186414	0.09101219145	0.1652508461	0.113168694	0.08980326812	-0.04594337065	-0.03904171488	0.02354740713	0.1276197307	0.1494233087	0.1527846534	0.1337814565	0.1317722701	0.09785939116	0.7981570489	0.1616743437	0.136226182	0.2125723864	0.1527771632	0.1392783345	-0.01708552791	0.04884727079	0.03255186716	2.468280681e-06	0.04128022376	0.04121288914	0.2690630238	0.09840719248	0.05803580675	0.04278636052	-0.0741415211	-0.02974657465	-0.02449903592	-0.03199089634	0.0461180982	0.07773614729	-0.04518867578	-0.05150570455	0.004363027505	0.09430132558	0.1198152706	-0.01049071413	0.09809993314	0.09211663162	-0.0324367298	0.003288487838	0.003397580447	-0.03729680812	-0.005595395841	0.0326473451	0.06247767132	-0.01626623035	-0.02927514148	-0.05395101867	0.01296250284	-0.02196244766	0.05943866894	0.03790373508	-0.007381167812	0.01950348548	-0.07061133987	-0.3012832176	-0.1613735046	0.1311663602	0.1714715491	-0.04099028203	-0.07264801618	0.03484424069	0.05547163467	0.003436605754	-0.2831886335	-0.0007733358823	0.01541513616
0.07319156116	0.09669669437	0.133922658	0.1368817316	0.08169441634	0.03221014604	0.06075476791	0.1237908333	0.08403584641	-0.3946503427	-0.3737814997	-0.3815893445	-0.3595228588	-0.3518336985	-0.3529134155	-0.3586398622	-0.3891124313	-0.3797652347	-0.3486949989	-0.3650253433	-0.03422970022	-0.04801906085	-0.3406267184	-0.08390584992	-0.05740484549	-0.3618463186	-0.360022607	-0.3541609479	-0.3595646586	-0.07116917293	-0.3538189987	-0.06570355624	-0.006918424563	-0.2381369904	-0.06020033658	-0.3536687356	0.1195578531	0.1595582316	0.1681416181	0.0714681598	0.01704884629	0.1426032566	-0.3999043769	-0.06409347127	-0.3805304506	0.06367377309	-0.04846286247	0.04721515934	-0.06507918205	-0.05677469268	-0.009929574406	-0.01906010623	-0.359820846	-0.3511978741	-0.3403738196	-0.07922055408	-0.06884810101	-0.03134132678	-0.4051968639	-0.3986560146	-0.3901341146	-0.02402635969	-0.3545544533	-0.009510311219	0.01532535123	0.008446493351	0.08216439219	0.07490960295	0.1115068459	0.1542054828	0.1290759798	0.07419232969	0.0737313938	0.0822427974	0.09422760195	0.09766417162	0.06694017594	0.135803509	0.1240422056	0.1551320317	-0.03509623218	0.04477038356	0.08824669579	0.03123053587	0.1479159363	0.04219058186	0.01312122007	0.04834053421	0.03357760809	-0.08157826636	0.01149608129	0.0500293032	0.001262102773	0.1637977576	0.007389714121	0.0458245569	0.05660194487	0.03296464781	0.1180230413	0.1086721486	0.04333729793	0.3152040616	0.08004210561	0.05800068906	0.05306605687	0.05418182127	0.03998541374	0.109643465	0.06262798259	0.03706689987	0.162570413	0.1206890682	0.06279141004	0.1069427555	0.129028443	0.03227854121	0.1037375093	0.08394814103	0.08397967449	0.0400027366	0.02314516894	0.1477658379	0.1642944132	0.06132835868	0.1922882858	0.03152019398	-0.3901870219	0.1210344866	0.04827892333	0.0192071517	0.0139345165	0.02494724132	0.07341064818	0.08862378236	0.07106005569	0.06684683494	-0.0574382581	0.06175018394	0.02095816224	0.01308730462	0.0760684243	0.0775118155	0.08527659023	0.1105351894	0.094768486	0.09287722463	0.148549307	0.08958932585	0.05640601274	0.06968231273	0.04467835822	-0.03858260972	0.05735646399	-0.02991470199	0.01330127696	-0.003492107942	-0.02168697882	-0.08333627176	-0.01644219859	-0.01871208875	-0.05081666876	0.08470995909	-0.08293010727	0.07459864107	0.1488414612	0.1048442075	-0.1226760551	-0.01889043561	-0.0766970932	-0.0450436182	-0.05402384749	-0.1604137971	0.1616743437	0.4881074073	0.1144483148	0.2236042216	-0.03845370358	0.1714643794	0.09500030508	0.1640474299	-0.02782959754	0.08774703275	0.1393092696	0.2086430417	0.1140908685	0.08632705126	0.1028551333	0.1524033733	0.06536672712	0.09313425339	0.05851873284	0.1248368365	0.04943948628	0.1531904561	0.03843606896	0.07030336223	0.0670756777	0.203664272	0.1354589312	0.06626509478	0.02361693257	-0.007820106678	0.037336263	0.06922396105	0.0534090012	0.02041545276	0.1023994376	-0.04323276228	-0.003929554897	-0.02151194215	-0.05178936481	0.09241251442	0.1419196923	0.01276369224	-0.03648100517	0.2397983015	0.0271208499	0.03310755096	-0.05660164498	-0.3548090112	-0.2343298848	0.2060965916	0.1277163552	0.1124302613	0.1225419566	-0.0676704047	0.06023155092	0.04993886886	-0.3632439746	0.1561548718	0.04354464202
-0.01815497263	0.06303147519	0.04065935671	0.008722002815	0.0193149267	-0.0003566261518	0.1008323972	0.03989175616	0.02807679894	-0.2600782767	-0.2488461673	-0.254023367	-0.2582866753	-0.1739264685	-0.1684428889	-0.2671467385	-0.2558019545	-0.2307932766	-0.1999731598	-0.2756411313	0.1182580999	0.06877810802	-0.1660714724	0.04495858181	0.08759666963	-0.2089911634	-0.2038345206	-0.1883678377	-0.1989271696	0.06408562813	-0.1888097794	0.03521783777	0.04327686791	-0.1297146571	0.06302883163	-0.201299728	0.03679427528	0.02627305061	0.02558617443	0.07440548212	0.09183621675	0.03004668305	-0.2733367134	0.01891047742	-0.2294275039	0.06903478366	0.09348531846	0.1433690901	0.05483385799	0.08257817488	0.08421456528	0.0626286444	-0.2075909236	-0.1679080859	-0.2042506083	0.07345980208	0.08011352062	0.09177137534	-0.2568454446	-0.267389191	-0.2690925177	-0.01144384491	-0.1710115066	0.07126094445	0.0861532113	0.06452815564	0.1135760653	0.07133696535	0.04224229022	0.02551044747	0.01114396658	0.05383506129	0.05241900199	-0.01633534064	0.03745786951	0.0186342053	0.04197358485	0.09291866834	0.01076814056	0.02847920512	0.04842274411	0.03046929381	0.01112347311	0.04188555536	0.05116768158	-0.03450594324	-0.0150224878	0.008412509914	-0.01408709004	0.008228236012	-0.01445500081	-0.03122824642	-0.0007495544614	0.02477804865	0.01344232341	-0.01089773856	-0.04026797865	-0.02014807074	0.002898832471	0.06377046681	-0.03367516986	0.0301063333	0.02164827351	0.09619672291	-0.01970281241	-0.01287463403	-0.02378356443	0.04190715024	0.05811481582	-0.02038529026	0.005179190775	0.01314841085	0.04029063396	0.0041683786	0.02523363722	-0.01260662792	0.004910449145	-0.01350629938	0.006449151575	-0.01205162201	-0.0275898419	0.03673693177	0.11589997	0.1417579185	0.1502798034	0.01874178665	-0.2683338798	0.009862454287	-0.01810578161	-0.01268033848	-0.03451310797	-0.04085309772	-0.01332254083	0.01066745101	-0.01378960868	-0.04381823426	-0.0007728663582	-0.03957733121	-0.02269673212	0.01200741642	0.05958150363	-0.002452063839	0.01143783067	0.04001006284	-0.001254527482	0.001776170594	0.01384861756	0.05080327967	0.04884952993	0.001093487718	0.0123328735	0.06937542143	0.03507733228	0.1554429944	0.01601748148	0.4418218376	0.07106474299	0.046602836	0.01721969838	0.04701035747	0.01756480911	0.01079518184	0.01812652634	-0.008740512457	0.002629559539	0.01487482858	-0.02853859684	0.01150171687	-0.01011882262	-0.006584661015	-0.01899787573	-0.007541191066	0.136226182	0.1144483148	0.6809734585	0.08526192133	-0.001615404657	0.02163788865	0.004406757826	0.06468302422	-0.01200168114	0.00991621113	0.01758514009	0.03108409117	0.0815329403	-0.001026782301	-0.004835845885	0.03528952051	-0.02327288076	-7.409922908e-05	-0.02198164035	0.01163804664	-0.00850177357	0.04691094964	-0.0163397514	-0.003610588147	0.04749756343	0.08626831829	0.1034421178	0.05914783685	0.09273283169	0.08023745914	-0.008874842631	0.01679246475	0.1281172709	0.0002273844939	0.08995908103	0.04983123637	0.06385416241	0.08120915631	0.03211419611	-0.01987185853	0.04554393319	-0.02663996563	0.01069568861	0.0196077979	-0.05877046757	0.01164614657	0.03239435637	-0.2389872549	-0.1350897003	0.05410690019	0.08577909244	0.01161188749	0.01262045378	0.08898097631	0.02587225489	0.1328935026	-0.2540228838	0.001579562907	0.001435456128
0.04116662186	0.04857724024	0.1123718731	0.0893942281	0.07903518404	-0.05168014218	0.01024001785	0.01798398002	-0.01521477529	-0.3424190529	-0.3613427413	-0.3615355094	-0.3465804276	-0.3398676888	-0.337908468	-0.3445673477	-0.3392514935	-0.33048787	-0.3171291715	-0.3503132161	-0.01500266928	-0.0126468886	-0.2975601222	-0.02254012795	0.006584422111	-0.3409468175	-0.2981762059	-0.293355111	-0.3400062191	-0.000358051515	-0.3342459104	0.01290993254	-0.01985836058	-0.1953970463	-0.04375934069	-0.3364628794	0.003260035776	0.01723669924	0.03421740428	-0.009062104738	-0.01611806299	0.02686838355	-0.3430976458	-0.01233677815	-0.318379549	0.003029276188	-0.03182029733	-0.00587481788	0.01705739205	-0.01406121187	0.02098448462	0.006670516444	-0.3048503668	-0.3333403445	-0.3194827313	-0.009670101537	0.006088769479	-0.0103293066	-0.3504247273	-0.3820907565	-0.3337611805	0.001023416222	-0.2943498684	0.01579208774	0.04203514647	0.04653796213	0.05168959915	0.007651700837	0.02670764473	0.03343809031	0.1441785374	0.02070918385	0.02047424435	0.1085095331	-0.001923928325	-0.01736052389	-0.004669126479	0.1836799347	0.02232899745	0.02764603119	0.04499091057	0.06760019919	-0.0002204946971	0.0001272237334	0.02210685061	-0.01444280035	-0.003020245609	0.04265543136	0.05653691943	0.04564901966	-0.00939508515	0.08139039622	0.1407693498	0.0331480084	0.1469797891	0.08292287369	0.1444157972	0.06321993436	-0.001816067143	0.2677111037	0.03863534777	0.09816605874	0.02559106324	0.1836173027	-0.01792212089	0.130520142	0.1064599012	0.04013007733	0.01852064461	0.03891400746	0.07918151483	0.03517783019	-0.005186258899	0.0132268665	-0.003636588265	0.1407369825	0.1437474145	0.01325079436	-0.02189503563	0.1055963526	0.07305365053	0.02735120727	0.3377926529	0.2593407715	0.3485675728	-0.02192783567	-0.3365609866	0.2082441068	0.1181483026	0.09638283284	0.06049214455	0.1288281607	0.0703090496	0.07851077479	0.09724713471	0.21194017	0.0271589805	0.1447312579	0.1015267319	-0.004977819469	-0.02632274438	0.04065625191	0.1170949507	-0.04973733186	-0.007227715684	-0.02296230651	0.05429235992	0.01892622908	-0.003078872847	0.0704973693	0.0562637097	0.05137920631	0.03595027733	0.03241796494	0.01803169807	0.0009689354991	0.03152846355	-0.01046088154	-0.0150985714	0.04325422344	-0.05867894195	-0.02160256155	0.01992852264	-0.01697264094	0.03996564573	0.1630958848	0.01184464948	0.08430626145	0.03136669808	0.06441092822	0.0651599232	-0.09762302629	0.2125723864	0.2236042216	0.08526192133	0.6988078863	0.08604674857	0.281210001	0.07447020314	0.06164676135	0.01796634902	0.05687549365	0.1308406168	0.2314809571	0.05919194813	0.02712129677	0.05575248794	0.05515701518	-0.03673940621	-0.01273197257	0.04025689339	0.07252254649	0.07338927385	0.1407148505	0.05749904854	0.08255239964	0.009171408183	0.1490857473	0.1503182952	0.001736224085	0.003948870845	0.003108514083	0.02727473481	0.008986444742	-0.02141954308	0.003479535373	0.006444235568	-0.06224018547	-0.00156784941	0.05656813973	0.01591109634	-0.03331665191	0.04114278591	-0.0550695144	0.09969066094	0.2185019795	0.01883458248	0.1223670972	-0.0290838785	-0.3165454449	-0.2043736219	0.1461273617	0.1609649501	0.02186840936	0.01383130003	-0.04402662723	-0.002514084112	0.06611306786	-0.2887378754	0.02397456518	-0.01238097403
-0.04585155481	0.04065297543	-0.02478307404	0.03448805264	0.03006685581	-0.01621774426	0.002301119385	0.006882446954	0.05134577263	-0.2646625527	-0.2888637139	-0.2859128893	-0.2896243165	-0.2863994228	-0.2534424154	-0.2908198414	-0.2500527786	-0.2941195297	-0.2331001623	-0.2587155867	-0.03853159075	0.03576084922	-0.2655795235	0.02303696489	-0.03707918794	-0.2138636923	-0.2303252557	-0.2704249191	-0.1944640992	-0.01181895544	-0.2217651314	0.06537881967	-0.02727991097	-0.1799799776	0.06889720819	-0.2820184182	-0.06819073633	-0.05833364523	-0.048912862	-0.08414698033	-0.004757670835	-0.06440808445	-0.2489177165	-0.02924463314	-0.2380500131	-0.05732497494	-0.03215683329	-0.04761626669	-0.03789737426	-0.0211981636	-0.06178045828	0.05450543409	-0.2644007692	-0.2820517203	-0.2571243366	-0.01207287332	-0.03793980394	-0.05438937427	-0.2268225208	-0.2544327114	-0.238563745	-0.001262305704	-0.2600780483	-0.02638664355	-0.004384841982	-0.00417826963	0.009190381894	0.02157799406	-0.017939076	0.006750559297	0.07700446231	0.10728588	0.1070819831	0.0692194915	0.02624726024	-0.07723145886	0.04818279763	0.2065807871	-0.04919713308	-0.02988627783	-0.01015911729	-0.02160547975	-0.003046015874	0.07690891631	-0.03479173164	0.01673287317	0.09242698767	0.05608136629	-0.04090442773	0.08447267837	0.006772609916	0.02442990602	0.07800261972	-0.0461339183	0.1116529291	-0.02035138825	0.01738872901	-0.02856976362	-0.009601331777	0.2231836375	-0.04747017526	-0.02603832925	-0.05083647271	0.2249113126	0.04542108251	-0.02442643306	-0.02856262897	0.01230552947	0.1169767865	-0.05709371048	6.594981118e-06	-0.02713155798	-0.02616138624	-0.09172031642	-0.06360447679	0.08161375141	0.07186035111	-0.02352969118	-0.09751830428	0.1026179343	-0.03760296963	-0.01642918276	0.006623974944	0.1084149361	0.05032402284	-0.04712057431	-0.2449094195	-6.896340096e-05	-0.02737729315	0.0880044688	0.04125070578	0.02629290386	-0.02479457985	-0.06365860088	0.04597167325	0.2774088267	0.6578119821	0.01813489914	0.01632487823	0.1179279912	-0.06973422699	-0.07599406854	0.01095065321	-0.02798136741	-0.09433027169	-0.09952164165	-0.02222391328	-0.01195287173	-0.05102462664	0.0211587522	0.09655282336	0.1088683697	0.09683490501	0.111497078	0.1381615739	0.02817818058	0.07509231897	0.1098782905	0.1458145408	0.1406722996	0.1553500075	0.03256535044	0.214739117	-0.04665425991	0.008725378587	0.01729976298	0.1101335463	0.716693896	0.5274060628	0.5669507382	0.6933205183	0.312833759	0.1527771632	-0.03845370358	-0.001615404657	0.08604674857	0.7750771062	0.1801691152	0.1217633924	-0.03185622205	0.05401595479	-0.04875208327	0.1497956357	0.1503156424	0.2028894794	0.01326252645	0.02782281343	0.0002564075489	-0.07488038946	-0.04520999447	-0.01012463736	0.0253497066	0.1729695251	0.05470657926	0.02860823235	0.06169218622	-0.02198872611	-0.05311687018	0.008333407774	-0.005351327694	0.1203023648	0.1232004385	0.01702238793	0.00401948295	-0.0109497818	0.01428982472	-0.06259857973	0.03278536596	0.01865222211	0.01469278128	-0.02657274927	-0.07278901533	-0.06679618397	0.06435078927	0.00492401095	0.1170495822	0.05104489028	0.03113147498	0.01852522246	-0.3133166237	-0.1798881715	0.08606299843	0.05336463972	-0.04399035635	-0.08036100518	-0.01189657094	0.002983293243	0.00901160935	-0.2966878041	0.008810679845	0.006356696695
-0.005108276278	0.03475993544	0.0322698682	0.09499318355	0.09637905634	-0.06992170231	0.003945759887	-0.0001198000027	0.01144506437	-0.3065581104	-0.3370470847	-0.3448240766	-0.3229524533	-0.3270195235	-0.3171915571	-0.3236640445	-0.3023444142	-0.3449722617	-0.3079719062	-0.281522307	-0.05735585197	0.01304490301	-0.2962235001	0.005490662089	-0.05280138864	-0.2793325328	-0.2762993874	-0.3191712712	-0.2661605172	-0.04960578928	-0.2608055202	-0.0006632553002	-0.05344645369	-0.2232805351	0.01394702228	-0.3210763226	0.02049817149	0.04117972515	0.05965259217	-0.000855215168	-0.0001791677506	0.03515894378	-0.3068134881	-0.06919811624	-0.2978701293	0.007908129746	-0.0587981448	-0.04041095457	-0.0338150411	-0.04317612292	-0.010177919	0.02563618477	-0.3272433935	-0.31705048	-0.300902582	-0.05922309437	-0.0550319847	-0.04969671727	-0.3114909406	-0.3076128978	-0.299887405	0.06920710075	-0.3257419102	-0.006100065596	0.007208747323	-0.01344820074	0.006638967822	0.06922051035	0.04294904334	0.07557613684	0.1221653772	0.1141223916	0.1140204289	0.138825794	0.01168504658	0.004532032733	0.02517430688	0.1097760329	0.05669786918	0.04941894118	-0.01559724782	0.03472709709	0.09064330372	0.005075164708	0.05810530302	0.06112707765	0.0415118687	0.07095880892	0.04335752443	-0.02774266243	0.03106489757	0.05198760054	0.1126686947	0.05905071216	0.1458217777	0.06297652089	0.1178122282	0.06062750524	0.09154383915	0.1718189803	0.03572181954	0.06380653325	0.01712165634	0.04677598872	0.06682073767	0.05550486375	0.05270937676	0.0009177049351	0.041199222	-0.001588068193	0.09696937196	0.06818107969	0.0030746474	0.03410284275	0.02004156727	0.1161710427	0.1092331735	0.01531365339	-0.02565415885	0.09889476075	0.0562892158	-0.03677545339	0.1449499934	0.1563850577	0.2424310247	-0.01077473107	-0.3003019459	0.04719655499	0.06248679273	0.03419208549	0.1310040451	0.0992976058	0.05212305527	0.06696447788	0.11199299	0.2431567648	0.1238106479	0.1180136314	0.1347683291	0.01771824934	0.001006032354	0.0286102549	0.1040973209	-0.01983545426	-0.01650320734	-0.02687206342	0.0872865495	0.02931315084	0.004405332858	0.08808985274	0.05687662922	0.0231716477	0.04383438273	0.0001668768533	0.03844097227	-0.04739956153	-0.01327887063	0.00453778123	0.004068409375	-0.01105184968	0.03028130701	0.002469678442	0.01523855339	-0.006016854229	0.06866835315	0.07237203119	-0.002461273541	0.1763028778	0.1080202826	0.07175435636	0.17559188	-0.04126745081	0.1392783345	0.1714643794	0.02163788865	0.281210001	0.1801691152	0.5789666203	0.1719531688	0.07001967391	-0.02215445624	0.0421570293	0.1749312482	0.2465873958	0.02390985454	0.0755714402	0.05202426483	0.08422325586	-0.026181793	0.003442995725	0.1020483351	0.1138808521	0.1404635724	0.06872940072	0.05585202979	0.0780633776	-0.02254260645	0.1548597779	0.06604451082	0.05909786964	0.003130472448	0.0004407829871	0.08584117234	0.07605288833	-0.004062868049	0.005164354436	-0.0102708009	-0.05131794723	0.007189714094	0.02088959058	-0.02074052563	-0.01326553432	0.03747542709	0.03802915351	-0.009966281597	0.2337951343	0.1095779899	0.0734447216	-0.004175155779	-0.3337612837	-0.2302326583	0.1261464778	0.1180057655	0.03004093222	0.02058458104	-0.06901558419	-0.005392069524	0.03792282134	-0.3425996318	0.05777352246	-0.031479942
0.07723860336	0.07957088924	0.1042454653	0.142991674	0.09404271761	0.1853644201	0.01485546236	0.07906610664	0.06579594752	-0.361923715	-0.3928996967	-0.3966990773	-0.382289143	-0.3739032864	-0.3713707086	-0.3765492809	-0.353745585	-0.4033373603	-0.3674578753	-0.3316673861	-0.1115215536	-0.01597802687	-0.3652018843	-0.07467422478	-0.1067856546	-0.3383737642	-0.3304403966	-0.3709114916	-0.3200944566	-0.1142478325	-0.3207376905	-0.02590260796	-0.07461266504	-0.2664075887	-0.02777720839	-0.3728212816	0.08145462172	0.09884073872	0.1208843595	-0.01240660837	-0.02961799409	0.06825874459	-0.3635901641	-0.1026071988	-0.3513395088	0.006850990092	-0.0885858461	-0.01747725179	-0.1543265195	-0.08184557691	-0.1126700568	0.003778013637	-0.3714864356	-0.3669031915	-0.3565505003	-0.127009443	-0.1152511075	-0.08115244084	-0.3735865065	-0.3494617555	-0.3562638492	0.001309705736	-0.3702573124	-0.08987882925	-0.08054975773	-0.07322563739	0.03760068625	0.08967842351	0.07465149647	0.149090407	0.106202621	0.1794347654	0.1790785477	0.1692396592	0.06897573264	0.0759322381	0.02893793163	0.1301543637	0.2649191871	0.09623510419	-0.03493100363	-0.01751778779	0.1371747381	0.03568947706	0.04918998178	0.1507869686	0.1144881326	-0.004785925519	0.05772682022	-0.08755366055	0.09120644203	0.03236570198	0.02039852382	0.1205129337	0.05167228838	0.04254118883	0.06904596829	0.05727960758	0.1470872561	0.2229457027	0.02324324736	0.09434453282	0.05611238795	0.09125153919	0.01630340112	0.0715263663	-0.02109022838	0.05410842459	0.07393953343	0.1842425356	0.1338161432	0.06322531954	0.05831304529	0.02826407292	0.04859349173	0.09645632895	-0.001915781301	0.2221783046	0.2434930214	0.0610774587	0.05547907955	0.2175836052	0.1690199769	0.09319423524	0.0458678485	0.02339308517	-0.3550895599	0.2761094465	-0.01147744388	-0.003072689994	0.0772187895	0.068752656	0.03808202317	0.06334784668	0.1084304323	0.1874050947	0.06101252254	0.06756344472	0.09537603871	0.1268753645	0.008642820125	0.06013491232	0.006620440221	0.2347534381	0.2796525514	0.2584237866	0.1112704199	0.04104385355	0.03901227618	0.01589963384	0.05278664292	-0.007245881543	-0.01790085158	-0.0317932477	-0.05170208016	-0.0363107885	-0.08177603847	-0.09486064301	0.02025844716	-0.07945614697	-0.05720354789	-0.003638589292	0.01186182111	0.07007263908	0.1409373691	0.02150336057	-0.1190001507	0.1340342636	0.07980549284	0.01945719326	0.1052441973	-0.1055144439	-0.01708552791	0.09500030508	0.004406757826	0.07447020314	0.1217633924	0.1719531688	0.6307719228	0.08632805006	-0.02829274804	0.03496881339	0.282970836	0.2729403138	0.08095087612	0.07158565045	0.01352679778	0.07515736599	0.2655901301	0.09740148329	0.0878668187	0.1576966785	0.1106560885	0.04117424223	0.09085610667	0.1394320303	0.02656147332	0.09508432071	-0.03916524046	0.08324892223	0.01561397929	0.0188755037	0.1712514391	0.08605221777	-0.002127116247	0.02766931239	0.04705265655	-0.09368308079	-0.03603844877	-0.03409157948	-0.1074002859	0.2501536738	0.07081583186	0.3143153496	-0.03653722411	0.2304884408	0.1064121611	0.0140740747	-0.0305168653	-0.3926334589	-0.2800838007	0.1818978269	0.170398549	0.0878580392	0.05924533774	-0.1131995397	-0.006480042292	0.002391417889	-0.4086808091	0.102677257	0.07321381625
0.1054483289	0.0638097848	0.09538993926	0.0922720972	0.03596384472	-0.02453905258	0.02043333623	0.07024160222	0.06776313276	-0.4004070945	-0.3810854188	-0.3899350166	-0.3662184179	-0.3558344	-0.360985835	-0.3665426886	-0.3954506278	-0.3857916302	-0.3560869406	-0.3720955712	-0.06183649524	-0.08497733151	-0.3435037434	-0.08533683079	-0.05569870642	-0.3660818519	-0.3631012011	-0.3610998457	-0.3622057871	-0.07651050153	-0.3552380516	-0.09987287855	-0.03744937193	-0.2493880722	-0.08074158143	-0.3573874913	0.08722780576	0.1210559603	0.1373895547	0.03669671515	-0.009939723345	0.08089053017	-0.4080082719	-0.08901696707	-0.3800429969	0.04670352266	-0.08496640174	0.02279367693	-0.0984336404	-0.08086674554	-0.05173694771	-0.05093396318	-0.3603082262	-0.3536377695	-0.3432820654	-0.07587271757	-0.07130104679	-0.04558944862	-0.4128725559	-0.4065768429	-0.3957744658	-0.0502472757	-0.3589901643	-0.03279794144	-0.04783445463	-0.03430827865	0.07161960987	0.0727228033	0.0894039106	0.104228699	0.1105517804	0.09963666656	0.09930705839	0.05141790533	0.04134048106	0.1233646873	0.09499073633	0.00112256923	0.1090387146	0.1121813176	0.04811858167	0.08753770431	0.1187917983	0.1002826531	0.2818929091	0.07645677802	0.08614680958	0.1083032635	0.1234024922	-0.01351750332	0.07629818062	0.142225771	0.04556504198	0.1400463547	0.1056569286	0.1857598104	0.1883121963	0.09589370895	0.1404997945	0.02574464664	0.1082166258	0.1280816816	0.09790669048	0.03451759283	0.04658525546	0.1405063133	0.104429658	0.08109542201	0.03471191392	0.07673543297	0.1531990704	0.0783514511	0.02552388526	0.1455197943	0.1622771029	0.01693695058	0.2080790185	0.1958436322	0.1122741754	0.1716909184	0.1074470666	0.130410793	-0.0008449516158	-0.01755336652	0.06617434076	0.01821173722	-0.3982254343	0.09750006864	0.09871158139	0.1226704966	0.05864079327	0.1231124552	0.1026648691	0.1950644768	0.03205365229	0.04204510982	0.0006707852045	0.193325193	0.1788306568	-0.01286287128	0.162047074	0.0941181703	0.2378338438	0.06386066458	0.09463422787	0.1073394556	0.1162705822	0.186387023	0.1210552905	0.2582329172	0.01068763679	-0.04257314731	0.07809729145	0.009250817162	0.02941591116	0.00377254045	0.03551300075	-0.03333455473	0.02729731554	0.02105471685	0.0277620067	0.07810777019	-0.04336071566	0.09126381206	0.08630822129	0.1841207203	-0.07446174697	-0.02280465173	-0.0965054008	-0.04049855936	-0.05423362303	-0.1032254073	0.04884727079	0.1640474299	0.06468302422	0.06164676135	-0.03185622205	0.07001967391	0.08632805006	0.4927092186	0.1382169712	0.1230092928	0.07302680944	0.07365585692	0.06931897884	0.1563241864	0.1421315779	0.2154758821	0.05701967738	0.1219047462	0.08577804209	0.1107556417	0.02634422298	0.02130848209	0.003120907041	0.06623111952	-0.003915729646	0.0877160382	-0.01556974268	0.03587549564	-0.01822381337	-0.04146894809	-0.00832602261	0.04650663923	0.04879992835	-0.002378757895	0.06751588592	-0.03610990522	-0.0114492762	-0.05599237472	-0.08111340329	0.04605993238	0.1315474826	0.07124154737	0.03629088381	0.08168614455	0.1175226503	0.1127650656	-0.08446984403	-0.3614313307	-0.2447338675	0.07250719063	0.03278065479	0.08876835583	0.1215146926	-0.05711070186	0.02317258171	0.03426533498	-0.3722764623	0.07717028372	0.05716920518
-0.01921885024	0.08934352781	-0.04439934585	-0.02359086853	-0.01701068908	0.06183030176	0.04322724297	-0.01329075147	-0.0635266141	-0.3135937157	-0.2777284011	-0.2854304476	-0.2826614112	-0.2506789674	-0.2230319349	-0.280489805	-0.2913571618	-0.2937202264	-0.2261501925	-0.2765998519	0.01370135912	-0.02555715793	-0.231839608	0.01084983645	0.04280921587	-0.2439744098	-0.2655455668	-0.2710769956	-0.239627578	0.04210598809	-0.2623780789	0.0160980732	0.006457504683	-0.1438191054	0.01923377782	-0.2504857491	-0.03893293806	-0.03077864857	-0.05189717774	-0.03004126872	0.01030105084	-0.05064339021	-0.2797454667	0.01726152479	-0.2472146162	-0.04387192183	0.02636981916	-0.005776127646	0.004179403427	-0.01072337874	0.006793882794	0.01510303577	-0.2261852744	-0.2456435408	-0.2331296648	0.04281544972	0.02174398336	-0.03016453867	-0.2718204761	-0.2699844496	-0.3017852805	-0.01742670406	-0.2609234596	0.03595054358	0.04741692774	0.02853719995	-0.0318442379	0.001691113683	-0.02552492301	-0.01516866513	-0.05629398732	-0.03773496491	-0.03755957467	-0.02183145739	-0.04292073723	-0.03684469221	0.01927546614	0.01722931528	-0.02687664668	-0.02366342292	0.1495069179	0.1384990523	-0.007440276446	0.1051429364	0.05737709547	-0.01976411697	-0.001585400759	0.1896108415	0.1305190179	0.4762365213	-0.02898550771	0.3224873053	0.2277113446	-0.05076036307	0.2185104425	0.2944687393	0.3843828179	0.0889041781	-0.03954966121	-0.03828632682	0.07755358875	-0.05479015355	0.02309536941	0.03920367015	-0.03146114524	0.1496771949	0.2312067945	-0.01980708506	0.1035642192	0.05767498719	-0.02587534975	-0.04335144461	-0.04677726517	0.07948023986	-0.01848182025	-0.008093347107	0.247217923	0.01386663829	-0.05234038356	0.3649284187	0.1674569109	0.0215942887	0.0640294884	0.04171770037	-0.001744697134	0.007208659716	-0.273115897	0.01637575458	0.2237398073	0.2468206502	0.01605335246	0.2971921405	0.09266185121	0.09121547307	-0.02321030676	-0.05461609876	0.05679418727	0.3780655653	0.1903889937	0.06291868787	0.034700737	0.02655668967	0.1666504897	-0.07527877369	-0.03829571614	-0.06118032704	-0.03859014364	0.107053599	0.04413472842	0.1988954448	0.0231884016	0.03555283198	0.03265110181	0.08347493544	0.06697850661	0.004120466119	0.06307655782	0.06800754528	0.08220370558	0.0586867029	0.05498092393	0.06629919186	0.04545351481	-0.02369727836	-0.02339529761	0.04447818854	0.06614480888	0.05335197163	0.08067550215	0.09144207181	0.04534263746	0.1393454256	0.03255186716	-0.02782959754	-0.01200168114	0.01796634902	0.05401595479	-0.02215445624	-0.02829274804	0.1382169712	0.8337920072	-0.003247564688	-0.06818645065	-0.05067539115	0.04941938879	-0.01917499083	0.1261364386	-0.01111452646	-0.0476711587	-0.03859394484	-0.0229005594	-0.04763292296	0.1276239118	0.03149868104	0.02090283435	0.04833814046	0.04223261163	-0.02879485063	0.1256088869	-0.09149810272	0.02822958185	-0.06364484014	0.0479016096	-0.07831788198	-0.03069413667	0.03693161709	-0.005518398474	-0.03069050957	-0.03545045234	0.02649683333	0.01110789977	-0.04726428386	-0.03556619243	-0.05304090663	0.3383501876	-0.05477281852	0.1305086055	0.1378445348	-0.03450812479	-0.2738981877	-0.1457958822	-0.03474272167	-0.04547273715	-0.03310003507	-0.03801351193	0.0301487715	0.01316298811	0.01620049715	-0.2431941299	-0.006878173226	-0.003476989199
0.2206125082	0.01272045702	0.131130545	0.06517346466	0.001701536295	-0.0117465351	0.05510300887	0.04772435464	0.06552384586	-0.3456885221	-0.3487787406	-0.3568478667	-0.3369535026	-0.3308896172	-0.3331375201	-0.3320372314	-0.3420696426	-0.3315011103	-0.3344120494	-0.3411812917	-0.07009261549	-0.0763781167	-0.3185839966	-0.03411739133	-0.02646587753	-0.341509489	-0.3098274887	-0.296822648	-0.3332521668	-0.01829382622	-0.3345969398	-0.08665808323	-0.05504822488	-0.2178507861	-0.09513290616	-0.3346118005	0.07443041853	0.06741625402	0.08268789461	0.02618296111	-0.03188015506	0.02953716745	-0.3528750227	-0.03955648067	-0.3245540766	0.00263853818	-0.02954292701	-0.03234931096	-0.02928821352	-0.06315497035	0.008163197413	-0.05120401644	-0.3042587047	-0.3264886436	-0.3173560898	-0.02366115172	-0.01324367545	-0.04872629784	-0.357245718	-0.3817256831	-0.3404159094	-0.03595246971	-0.2968445331	-0.01438437955	-0.02267620395	-0.006874342386	0.07618103025	-0.002288510662	0.07394951434	0.07262833035	0.0925382106	0.05273042927	0.05284174614	0.08700020205	0.05072859106	0.1728968267	0.03215105537	0.01231687107	0.1295969	0.07821597139	0.02667674794	0.1100107467	0.1005597074	0.03105231993	0.1222296942	0.1625485788	0.1360071108	0.07961664138	0.08654479081	-0.01366360128	0.2356747244	0.04085448079	0.01373709	0.08419665174	0.01438702945	0.08379526919	0.07074212002	0.09714145596	0.1264192241	-0.02063000561	0.1035332165	0.1182068066	0.07149425138	0.004345617195	0.07188034851	0.05128818265	0.07850355004	0.08307548237	-0.008948933958	0.1350827023	0.09962931191	0.03613685432	0.04570993946	0.2810983935	0.1826216424	0.1290177762	0.07898781523	0.1196178474	0.1250959809	0.05834451842	0.0977609504	0.04653502326	0.05536440645	-0.04917123169	0.03547325758	0.08383787124	-0.3463521203	0.02678711588	0.07174503509	0.04928923837	0.05510037414	0.0631194596	0.06820997557	0.145450331	0.02651546983	-0.02230718952	-0.04418671424	0.07101659559	0.1106626389	0.01401209775	0.1186320865	0.3000316979	0.1365882047	0.1284153083	0.1307247961	0.1330327445	0.09445919865	0.2410988967	0.1107864326	0.1277439542	0.07331691244	0.02747360032	0.06323940448	0.04963773349	0.05411173311	0.009106868567	0.04670822288	0.02120580268	0.07192637872	0.0316843108	0.04303201883	0.1077362615	-0.01484688787	0.1253278158	0.07395272543	0.111139087	0.007921557854	-0.03379532202	-0.08420692336	-0.03166306799	-0.03862171728	-0.03888165796	2.468280681e-06	0.08774703275	0.00991621113	0.05687549365	-0.04875208327	0.0421570293	0.03496881339	0.1230092928	-0.003247564688	0.5931182568	-0.006462522089	0.01365777854	0.03101165787	0.08387664451	0.1232165722	0.1496997002	0.09710144314	0.174764202	0.1492006113	0.1020562348	-0.01530498407	-0.02914351107	0.04687854903	0.003904498387	-0.005855968343	0.08051158905	-0.03048452663	0.06489502407	0.0320403365	0.008798608767	0.09813414264	0.09355956706	0.0233887149	0.04757224782	0.01912478295	0.01649690191	0.0005779077952	-0.03645105646	-0.008520368821	0.09600602154	0.112632424	0.09045461569	-0.006655944979	0.03173722467	0.06531688596	0.05963092155	-0.1055971519	-0.3276755602	-0.2144826123	0.007447436667	0.00619366865	0.0364120433	0.1377923749	-0.0384884266	0.09087886504	0.01243534675	-0.3174837557	0.03935541592	0.05805927896
0.1082479849	0.05931505595	0.08971794598	0.1411037762	0.1572747031	0.002269815942	-0.005478352223	0.09588441771	0.04489634662	-0.3111314813	-0.3443546691	-0.3491235747	-0.3292290608	-0.3126980636	-0.3258288009	-0.3303089598	-0.3058216523	-0.3497090945	-0.3488628864	-0.2835395886	-0.06150008381	0.02706954796	-0.3450000603	-0.01291092538	-0.04495399434	-0.2706578804	-0.2695038317	-0.3105946533	-0.2559227403	-0.05139223922	-0.2465571098	0.07975267263	-0.03191653208	-0.2709115809	0.07794814861	-0.3092387853	0.06764325262	0.09126178081	0.0971817927	0.0447782237	0.0499691481	0.08387362294	-0.3096277555	-0.1163473707	-0.299113859	0.04534998601	-0.0029479308	0.01906891697	-0.1249167379	-0.055841091	-0.04411396665	0.02537925477	-0.3218981088	-0.3058102205	-0.3001737594	-0.06531779874	-0.0556847631	-0.03319138011	-0.3123001424	-0.3069759691	-0.3064639913	0.03417894028	-0.3108321281	-0.01804953845	0.0002185464899	-0.04130405803	0.01499415539	0.09607282605	0.08124309651	0.1423092522	0.1389449078	0.1425225212	0.1425127167	0.1154241266	0.05676819307	0.03984347527	0.006015762012	0.1413049652	0.04729362163	0.08393221342	-0.06174898133	-0.05241162292	0.1131256611	0.09024072483	0.03921154565	0.09291050406	0.08311782563	-0.02657560439	-0.002708102516	-0.1115690621	0.0484886725	-0.005232427422	0.08347773056	0.09467188921	0.03071294155	0.006297423548	0.03587324921	0.002225953868	0.1434976939	0.346619899	0.0003101634999	0.1386321359	0.01944713196	0.09714130308	0.07859520847	0.02171786803	-0.00843361505	0.09439821232	0.1074227846	-0.01891631689	0.1267413225	0.0740356268	0.08682659777	0.0004798353575	0.04194204654	0.115811145	0.0144178532	0.03976606352	0.03191544394	0.02191411788	-0.01287063912	0.06090327229	0.04106538477	-0.04705389997	0.07520276083	-0.00736801887	-0.302847376	0.05103644824	0.001930617711	-0.007013161155	0.05135141824	0.009968121286	0.09682050708	0.009223285633	0.1983914332	0.2242133209	0.1170807001	0.03870231464	0.07284940135	0.048826785	0.01495178015	0.01422228833	-0.002298123894	0.008712589041	0.04133471992	0.03147003259	0.111161629	-0.01292306917	0.02334667635	-0.002715024104	0.04343542169	0.08445289056	0.01786358778	-0.0320409496	0.03272999633	-0.03179981572	0.001648482087	-0.05841665413	0.04232033674	-0.04172852617	0.01079394052	-0.008009176406	0.04085753887	0.03782765884	0.1308943845	0.06872220962	-0.1320954694	0.1496257333	0.0888741047	0.04121379811	0.1235026907	-0.1103102331	0.04128022376	0.1393092696	0.01758514009	0.1308406168	0.1497956357	0.1749312482	0.282970836	0.07302680944	-0.06818645065	-0.006462522089	0.544624258	0.3633767782	0.06547875603	0.1211714705	0.1057448853	0.07168067544	0.01727501373	0.0467782885	0.08357314266	0.1443820554	0.1179766237	0.02783838257	0.06325207447	0.1544490445	0.02218600089	0.05578566588	-0.003129859925	0.04075097295	-0.007275895886	0.006583946108	0.0122240454	0.03596296281	0.02883989961	0.008900896346	0.04476736525	-0.02414001371	0.08374172039	-0.0009343837716	-0.06904793085	0.02161971091	0.08021521516	0.104890477	-0.06006103531	0.3158696631	0.06244925162	-0.001257171792	0.03453671792	-0.3867513125	-0.267186141	0.2410253426	0.1494751882	0.08147345513	0.03716808747	-0.04758944338	-0.01915039622	0.0336660474	-0.3975268696	0.09858996286	0.05469809355
0.06440853906	0.0884869159	0.1368388612	0.1627358667	0.1002322691	-0.01275019601	0.02798796368	0.1045029938	0.06673926567	-0.3532874641	-0.3854048163	-0.3904160676	-0.3708323865	-0.3510039207	-0.3555648212	-0.3713193771	-0.3466452897	-0.390658606	-0.3474555667	-0.3246915737	-0.07983054612	0.01656083746	-0.3405677113	-0.03773429749	-0.07482835185	-0.3160260488	-0.3109670274	-0.3531938461	-0.2978832952	-0.08498830084	-0.2908889684	0.02721617669	-0.02310790382	-0.2665047177	0.02204400261	-0.3505701633	0.08978080362	0.09276075029	0.1247144723	0.004645893078	-0.009184119718	0.06003526275	-0.3506762324	-0.1158432303	-0.3398255961	0.01590756259	-0.07161657115	-0.007199961675	-0.09986676035	-0.0699457709	-0.06454445406	0.04931023221	-0.3644979635	-0.3459347872	-0.3411083002	-0.09733753784	-0.08253252447	-0.03384724972	-0.3547609562	-0.3476436927	-0.346336954	0.03128012778	-0.3520620654	-0.05231177704	-0.03755935636	-0.01930713023	0.06710372483	0.1085516751	0.1087958188	0.1348856374	0.1643988845	0.1582046048	0.1581749922	0.1096459211	0.06134751679	0.06300521826	0.00619987439	0.1999215832	0.07712866874	0.1128660765	-0.04911783209	-0.04305554563	0.1364615105	0.03413130551	0.0410420551	0.1227741949	0.1115485188	-0.01929731443	0.009832469835	-0.09477941184	0.07667350467	0.01507292593	0.05051218242	0.1221635366	0.03884637525	0.02060286185	0.04243187699	0.01904964153	0.1631624409	0.314074206	0.009829902893	0.1713663872	0.04135215051	0.1348422287	0.04355079781	0.03490565476	0.009563225506	0.1028485922	0.08377485281	0.004233330731	0.1580220303	0.04884429941	0.06174113452	0.0210878074	0.0624938737	0.1339112951	0.02537921243	0.04042856085	0.04485811688	0.02794890598	0.005248486334	0.05269740907	0.1586394883	0.003325076438	0.1733061031	0.02413512908	-0.3426682945	0.1093535747	0.0202641851	0.0129252766	0.08565035308	0.02529974033	0.04437361421	0.03310440296	0.1655680181	0.2233550895	0.09905389418	0.045119793	0.08317675831	0.06074018637	0.02068780149	0.04318891262	0.002716346487	0.03059381982	0.05873374536	0.04393182273	0.1363431831	0.005743065098	0.03951855306	0.0123533873	0.05444433711	0.008901284441	-0.0149401149	-0.03465563375	-0.04079932792	-0.02685780442	-0.07094137611	-0.1179414556	-0.04778242204	-0.05185279673	-0.04098451083	0.00323712279	0.03124953829	0.06755558943	0.1370353353	0.05065312286	-0.1247117489	0.1603075697	0.09288206734	0.03667073408	0.1203425078	-0.1490998078	0.04121288914	0.2086430417	0.03108409117	0.2314809571	0.1503156424	0.2465873958	0.2729403138	0.07365585692	-0.05067539115	0.01365777854	0.3633767782	0.510818062	0.06443891452	0.04718251275	0.01063685802	0.1054528278	0.04669088947	0.0716831199	0.09054296095	0.1736880892	0.1320470303	0.1108658717	0.1015200123	0.1491057743	0.05099720912	0.1220161635	0.02885914521	0.05291354322	0.02884043619	0.01863167664	0.01169740653	0.04856198406	0.01548527548	0.03561908495	0.07084043888	-0.0655875218	0.01822335852	0.02367143538	-0.06251171025	0.04880354465	0.09106668937	0.09104513509	-0.041854445	0.3691369985	0.07614970815	0.01953025074	0.002541220007	-0.3851896464	-0.2638834059	0.3024348109	0.2199838089	0.06445177879	0.06352346688	-0.08376282517	0.01159272869	0.05790807952	-0.3931780375	0.123313434	0.05351877166
0.0567178685	0.1149550854	0.04960545911	0.09035250208	0.03784576373	0.03904578404	0.05266500885	0.0665778537	0.1432363286	-0.3932542797	-0.3833153596	-0.3805189474	-0.3674366275	-0.3291688637	-0.334372777	-0.3741052401	-0.3906727367	-0.351936034	-0.3040653822	-0.3877894559	-0.04177856926	-0.07716134099	-0.3221211005	-0.04188811147	-0.003962279351	-0.3251791709	-0.3227374895	-0.3186634328	-0.3401463553	-0.01873818229	-0.3352025331	-0.02373681352	-0.07131978112	-0.2295374703	-0.05118019915	-0.3026908726	0.02729689201	0.03500834872	0.08391044033	0.008850568466	3.701643909e-05	0.01801399436	-0.3413128548	-0.05474842909	-0.3216716022	-0.04518257097	-0.03573505124	0.0409323597	-0.02367378229	-0.0656628812	-0.03341374242	-0.03919580043	-0.3135123713	-0.3332496099	-0.3169299595	-0.01840714119	-0.011830371	-0.05801511083	-0.3470649005	-0.3725982127	-0.3269582234	-0.08419630902	-0.3210707312	-0.0394659491	-0.03910827723	-0.0279048041	0.1527243427	0.02126908557	0.07884484541	0.05580184028	0.1045014769	0.06544325618	0.06527515918	0.03565207317	0.1628032788	0.0350419287	0.1900148836	0.2051617203	0.06868213774	0.0915592819	0.03377178896	0.1130324911	-0.02097855294	0.1317697382	0.0894403751	0.00897446338	0.04095973759	0.02880493132	-0.00366361011	0.08490159235	-0.03060482602	0.06001551255	0.02764879305	0.08384333287	0.01585105328	0.04525914666	-0.01798126765	-0.01095500755	0.04462072602	0.1014758157	-0.0220709809	0.1396072888	0.015386954	0.3015783641	0.06331346349	0.001097681512	-0.02315544445	0.1376206305	0.03888093308	0.0795996743	0.08273080905	0.03809458548	0.08410866755	0.02079883371	0.05690789457	0.1000938408	0.104077285	0.0400295278	0.02896705636	0.05834677223	-0.01246211501	0.130324291	0.1174940054	0.1404054708	0.1263619731	0.06289834854	-0.3361622665	0.07786508312	-0.02588073603	0.02323764783	-0.05667503773	-0.02438164025	-0.02640948032	0.01310529649	0.04684073174	-0.002502928623	0.1891934273	-0.01742052724	-0.04150474716	0.1167958511	0.01263616352	0.0370141189	0.01952582536	0.08693412171	0.03277562737	0.02837077453	0.07145391443	0.08741766846	0.001359570835	0.002509227693	0.1322873284	0.01257777497	0.1698760056	0.1358438392	0.1404563453	0.04652047561	0.1032472468	0.05257802977	0.1939808356	0.1056011717	0.09734705693	0.1432075271	0.1161336837	0.01356500837	0.05034562084	0.01152422242	0.01087770879	0.1841451515	0.1308858774	0.1886231178	0.1508145461	0.08949216028	0.2690630238	0.1140908685	0.0815329403	0.05919194813	0.2028894794	0.02390985454	0.08095087612	0.06931897884	0.04941938879	0.03101165787	0.06547875603	0.06443891452	0.5832661187	0.08891824345	0.0903488048	0.07737252827	-0.003780199761	0.04694656258	-0.05422330479	0.07819301229	0.03714966164	0.07579357376	0.04731849362	0.002081463437	0.05511114771	0.02071500848	0.04264549175	0.09427633731	0.2650013933	0.2120893141	0.07993207405	0.1013162183	0.0159574246	0.1224028554	0.07532776985	-0.02968615329	0.003774094978	-0.05451729386	-0.05046051789	-0.003624969285	0.09450511452	0.04132391633	0.09075755003	0.03176866945	-0.003612076541	0.01936058358	-0.08761791256	-0.3748896109	-0.2389193162	0.1891257519	0.06800966037	0.03717420755	0.01937739963	-0.04654359869	0.0771750777	-0.009324511145	-0.3585176507	0.08034498567	0.1020709616
0.1248435706	0.01814656804	0.06879999387	0.06389404544	0.08290092609	-0.02484719747	0.001660877134	0.03888206691	0.08391166398	-0.313125296	-0.2991382903	-0.3067237538	-0.2830631316	-0.2829870102	-0.2801094159	-0.2818654279	-0.309879786	-0.2767076852	-0.2952841122	-0.2939727733	-0.05402720766	-0.07239907392	-0.322716323	-0.05275293364	-0.02764430938	-0.283077248	-0.2762946854	-0.2730809256	-0.287898879	-0.03602366263	-0.2927488891	-0.04773847895	-0.04979295498	-0.2197822157	-0.01824231972	-0.2600778062	0.08394936797	0.0510506244	0.08260469705	0.0603547135	0.02869426648	0.03285122322	-0.2907353431	-0.07331881687	-0.2795694142	0.0616540554	-0.03464332906	0.007087474963	-0.09259977405	-0.06660549467	0.001563180114	-0.08233308422	-0.2581282641	-0.2779210904	-0.2670487056	-0.04508408318	-0.03368440082	-0.03012632667	-0.2924305751	-0.2982156863	-0.2861144764	-0.03397555877	-0.2930794897	0.003076045033	-0.0235676365	-0.06662671336	0.08280822575	0.004067721966	0.04700655585	0.07482153625	0.1334170997	0.03730820539	0.03777009728	0.09433844906	0.02891249577	0.07262006107	0.1411170754	-0.03805725166	0.1325072131	0.08739576073	0.03028078027	0.05723042677	0.04427776571	0.1228241525	0.09823345404	0.0728145545	0.02616375376	0.09625991098	0.0913310675	-0.01412035313	0.09969912424	0.05983632196	0.05425737656	0.08527438476	0.07979427059	0.04234232789	0.05081203088	0.07800303179	0.06257904921	0.02652168607	0.04394714679	0.1031953927	0.08818381175	0.03715360192	0.1521685004	0.08364912019	0.06043608891	0.07455260298	0.03973792336	0.0841367983	0.1012828797	0.03634694345	0.0615987434	0.07020914097	0.1012357846	0.04308458535	0.0935562838	0.1428820647	0.07069971776	0.04893037105	0.07193658111	0.09217696265	-0.02792763456	-0.01681012453	0.03103188187	0.03230413444	-0.2868361304	0.1073644814	0.02632669801	0.06639455246	0.03145722453	0.068223888	0.08372747215	0.09073542884	0.1053479544	0.09518340092	0.0275112417	0.05171041997	0.03243263225	0.02322566061	0.07925722893	0.07692539664	0.1015734393	0.07175813904	0.05239202964	0.06508889182	0.0931924924	0.08971282713	0.04050706621	0.08250265417	0.02740176173	0.01422185445	0.01749691294	-0.009797495274	0.02566805882	-0.03323498516	0.03501956822	0.0626623775	0.1180993663	-0.02133530172	0.1209275342	0.08374711454	-0.04276962966	0.07675865251	0.05136200007	0.05881729105	-0.001009152786	0.004406979643	-0.1026559583	0.01254102687	0.02608246734	-0.01853833691	0.09840719248	0.08632705126	-0.001026782301	0.02712129677	0.01326252645	0.0755714402	0.07158565045	0.1563241864	-0.01917499083	0.08387664451	0.1211714705	0.04718251275	0.08891824345	0.6071546128	0.2797086303	0.1722250003	0.07087671724	0.07778476406	0.06015986441	0.1005126408	0.01851275472	-0.007768185765	0.01586894936	0.02914177579	0.01202987057	0.03202771276	-0.04563873719	0.03846963603	-0.04800867027	-0.03425123682	0.03259190116	0.06937798595	0.02390617785	0.005108270775	0.00509220605	0.05731329155	0.05876747819	-0.05512673384	-0.06610105956	0.07204954793	0.06224465957	0.08527551357	0.0125973163	0.08480763319	0.06267054036	0.07353397398	-0.08760431003	-0.3203410197	-0.2132550623	0.09022448609	0.0349083978	0.05070020723	0.0814811285	-0.004868212919	0.03264184935	0.009002862008	-0.3308328371	0.1153477469	0.08028335356
0.1006824897	-0.001628873813	0.03450980077	0.05632560551	0.06091473357	-0.03898334889	0.05293900066	0.04386724106	0.0235121932	-0.3403075822	-0.3185493388	-0.3249304316	-0.3039706236	-0.2990319266	-0.2857222178	-0.3078095551	-0.3325768059	-0.3010684973	-0.2976475843	-0.3102551488	-0.03481851442	-0.05324740792	-0.3296425218	-0.03960120789	-0.01281659718	-0.2695775481	-0.2896373081	-0.2907290072	-0.2744595128	0.009602443812	-0.2955094049	-0.01692278007	-0.02209238387	-0.2174436155	-0.009776782651	-0.2716935595	0.04316727479	0.04921589099	0.05369288132	0.05809822124	0.05016220579	0.01804729168	-0.3207878372	-0.04653236689	-0.271129114	-0.01023828322	-0.01887540054	-0.01329994576	-0.07650917543	-0.03657425987	-0.0002686827447	-0.04201956251	-0.2504202875	-0.2882100803	-0.2781234413	-0.001487426476	-0.02274618627	-0.06075890708	-0.2999641619	-0.2939322358	-0.3124399574	-0.0388657491	-0.3021239084	0.02219655487	0.02145406255	-0.0113324257	0.03228193895	-0.03036801822	0.03553127041	0.0299609652	0.07354802031	0.007755884458	0.008042629686	0.05013159783	-0.01212954137	0.04750150469	0.02208285061	-0.03577333675	0.03758082088	0.05754740652	0.03414379495	0.1575263237	0.05949266404	0.02064808187	0.09372470166	0.04372746312	0.03487132306	0.1111227203	0.1011343047	0.1212303193	0.002225505168	0.2284033003	0.07184407276	0.05637696741	0.1197714077	0.152208012	0.1253546656	0.0807573357	0.05480526462	-0.02753279743	0.06709229216	0.1110470752	0.07144306573	0.0260907133	0.06907078041	0.1041397124	0.1588827029	0.04347690625	-0.004309694259	0.1466412025	0.09859733093	0.03227561218	0.02125199717	0.127198884	0.1030360925	0.01809443902	0.2001365338	0.1522441649	0.03132158529	0.1234336654	0.07479490893	0.03366188951	0.02343716419	-0.01598210636	0.02433620078	0.004355374155	-0.3163889922	0.08355057366	0.1327448709	0.1312250759	0.03377441516	0.118844723	0.151799543	0.06350056954	0.07945572311	0.07983835789	0.02422070397	0.1310860514	0.06695135988	-0.006615588843	0.06997269774	0.06272981373	0.1674216975	0.02091541149	0.01337993754	0.02827607652	0.06584029461	0.09255445605	0.04356227522	0.1401085017	0.06673983449	0.06213652306	0.05948919461	0.02922076693	0.1091097007	-0.0008097078611	0.0927421177	0.1099246907	0.1451350569	0.04466992192	0.1089271064	0.02467333027	-0.02757634172	0.05844681403	0.01063165977	0.1094556963	0.02010952977	0.02839176931	-0.05972762662	0.03273305108	0.01646382256	-0.03194683119	0.05803580675	0.1028551333	-0.004835845885	0.05575248794	0.02782281343	0.05202426483	0.01352679778	0.1421315779	0.1261364386	0.1232165722	0.1057448853	0.01063685802	0.0903488048	0.2797086303	0.6429414456	0.1411113654	0.04211396536	0.04669347641	0.07316478306	0.06489771822	-0.01974704589	-0.02782992884	-0.0279171606	-0.001989951571	-0.05071059246	0.02612956368	-0.02868701859	-0.02561238036	-0.005778269458	-0.08720388903	0.1062182992	-0.01127917675	0.0295554811	-0.02116256206	-0.008436994344	0.03215445489	0.02613318772	-0.03504340412	-0.02396982527	0.04949227752	0.07919226796	0.005186789361	0.09720885395	0.07964139446	0.07481314897	0.1167238673	-0.06581265772	-0.3194014899	-0.2032917313	0.0581235432	-0.02377202135	0.03784523198	0.03086561028	-0.01481173878	0.04148554649	0.008690858953	-0.3281680539	0.1027363231	0.02411625945
0.1463094758	0.09910177825	0.1073065693	0.1463374074	0.04951994619	0.001891486789	0.08907442353	0.1169605687	0.09555937786	-0.3996303149	-0.3782560116	-0.3902689602	-0.3657912327	-0.3511456354	-0.3567737832	-0.3650822872	-0.3962564334	-0.384818354	-0.346937821	-0.3726918337	-0.05702699896	-0.06905848206	-0.3423716776	-0.08592433487	-0.06855042711	-0.3627897676	-0.3589766929	-0.3560701314	-0.3588981598	-0.07412201811	-0.3515389472	-0.09991392019	-0.02364656749	-0.2499548283	-0.06759268294	-0.3524708267	0.1034927222	0.1052426943	0.1518823655	0.03224302257	-0.005303544877	0.07180519638	-0.4075382367	-0.09296819842	-0.3794030831	0.03981984956	-0.07591073733	-0.01975004125	-0.09672876455	-0.07268419648	-0.04156444132	-0.03260504747	-0.3587715577	-0.3486539365	-0.3365159902	-0.07426733461	-0.06727731913	-0.04175447024	-0.4115408692	-0.4057309085	-0.3975369636	-0.04448016301	-0.3617795264	-0.01877870127	-0.04269896416	-0.02059308756	0.08986876901	0.06254127525	0.1199061701	0.1080458705	0.2087467447	0.08323608545	0.08297935234	0.1111721877	0.05381743822	0.134490839	0.04875964507	0.01192114144	0.1291984907	0.1453635047	0.02383190426	0.04238884918	0.1247058226	0.06195368694	0.1771755827	0.1216697021	0.09739125686	0.08243671844	0.1434149566	-0.05022446075	0.09366388911	0.09408454011	0.04780095408	0.1546221001	0.07255094781	0.0767506017	0.03287060669	0.08649029223	0.1299628596	0.06300439262	0.1355259731	0.1668408487	0.099460421	0.04288894793	0.05848349681	0.1579473674	0.08670255147	0.07286144807	0.005233757419	0.07814363929	0.1683130857	0.06544231735	0.07597336304	0.140888639	0.1792269767	0.07017281976	0.1172945999	0.1561913497	0.107608897	0.03164530227	0.1211003211	0.02859624444	0.02190510109	-0.07689478938	0.04727023043	0.06244003437	-0.3979781099	0.08515570698	0.08407584928	0.1062269198	0.08059464007	0.07757522288	0.1306577625	0.1016967986	0.08033758736	0.09847945722	0.04851321091	0.03885365019	0.06253229636	0.01240060267	0.07669925681	0.1322153446	0.1332637876	0.08918565129	0.09576913359	0.1019121367	0.1506488487	0.1214159781	0.07196573862	0.1259220587	0.006090163862	-0.04729350571	0.04165479125	0.006287760435	0.003715747512	-0.01650495297	-0.001047852541	-0.08448902263	-0.009654512472	-0.02143605371	-0.01550327416	0.07305966158	-0.05327814158	0.1513143362	0.1125671545	0.1329055334	-0.1174807238	0.008481611382	-0.05683356915	-0.003958629976	-0.02180047836	-0.09941948127	0.04278636052	0.1524033733	0.03528952051	0.05515701518	0.0002564075489	0.08422325586	0.07515736599	0.2154758821	-0.01111452646	0.1496997002	0.07168067544	0.1054528278	0.07737252827	0.1722250003	0.1411113654	0.4471438726	0.1139053121	0.1272873405	0.100577974	0.1288729749	0.0403277217	0.08563749867	0.07623266877	0.09596347284	0.02925749564	0.09797595333	0.009265147415	0.05237817872	0.01213478746	-0.01537787102	0.01866426889	0.05907860975	0.04403013102	0.02525001108	0.0869022642	-0.01395869394	0.01094103458	-0.03474124086	-0.05023268658	0.1160260839	0.1374264521	0.03542862455	-0.002021946586	0.1498479488	0.1327467997	0.07769596645	-0.07526774241	-0.3548226241	-0.2392022432	0.07556328488	0.07642389016	0.08332537781	0.1713467972	-0.06097704973	0.05213914036	0.04814802706	-0.365077297	0.1455506247	0.08250348495
0.1604264207	0.06626093627	0.1535130569	0.1267632334	0.0387131192	0.3033636476	0.1343786464	0.159764172	0.1724168412	-0.4116181455	-0.3895396668	-0.3961976718	-0.3798955755	-0.372557017	-0.3640535225	-0.3697082013	-0.4034482152	-0.3983426298	-0.358966861	-0.3784264107	-0.02973575842	-0.05041539926	-0.3655334186	-0.1172771643	-0.09299257716	-0.3878059323	-0.3808901218	-0.3714043749	-0.374334744	-0.1093378726	-0.3730121995	-0.0855287185	-0.009503296599	-0.24317536	-0.07672157683	-0.3716364954	0.1853996751	0.1895406023	0.2135109177	0.07363363853	0.02395530026	0.1410160535	-0.4188905237	-0.06303431338	-0.3890124839	0.02510085436	-0.07454795254	-0.007329654326	-0.1211788781	-0.05861576164	-0.07189391676	-0.06221754299	-0.3754315317	-0.3616383208	-0.3533452932	-0.1138870011	-0.1053648667	-0.02708951242	-0.424342984	-0.4026418025	-0.4065077817	-0.06467996498	-0.3724948067	-0.06679683191	-0.06144764098	-0.04475494939	0.04170721692	0.04671528875	0.09976119093	0.1013218222	0.07750100596	0.04792136191	0.04788748778	0.1098669413	0.1267635867	0.1798467386	0.03567546153	-0.002067919697	0.2881655151	0.1730129936	0.02734902368	0.0009078359588	0.1589805989	0.009471846056	0.0796680341	0.2032912373	0.09015298179	0.031188563	0.08263594151	-0.08546000752	0.1143552618	0.0387813018	-0.03380987462	0.2190569838	-0.01098331258	0.0394497966	0.007990083367	0.1348730852	0.1092900623	-0.01560828451	0.1202182682	0.1209638548	0.1123059829	-0.01713392572	0.07360284486	0.04363783918	0.03581414689	0.1020704464	0.01053015982	0.2408356345	0.1482399291	0.1471322981	0.1245155327	0.1216552917	0.1736891251	0.1101417599	0.003566104371	0.3305338359	0.3437663197	-0.0008212028772	0.06085556373	0.2590491164	0.136175116	0.03600438258	-0.04554287847	0.08088183399	-0.4088520104	0.303396885	0.07315722883	0.01404002613	0.1030803633	0.03810384073	0.1012110305	0.09924637505	0.04742141807	0.02190775543	-0.07085163688	0.005741913862	0.02309453859	0.1061101424	0.06128418162	0.08968769563	0.03388394288	0.4303262034	0.3557355999	0.3456745382	0.1496999557	0.02282595506	0.08867241737	0.05045331971	0.05364607482	-0.05189679094	-0.06450398097	-0.05671302579	-0.1132361969	-0.03035666328	-0.125342883	-0.1195400863	-0.04598693218	-0.1009264077	-0.1085697816	0.08747949944	-0.07180651123	0.2315109613	0.1261793587	0.09427732527	-0.1295536157	-0.06366119852	-0.1401120075	-0.09712185487	-0.0895190143	-0.1307188384	-0.0741415211	0.06536672712	-0.02327288076	-0.03673940621	-0.07488038946	-0.026181793	0.2655901301	0.05701967738	-0.0476711587	0.09710144314	0.01727501373	0.04669088947	-0.003780199761	0.07087671724	0.04211396536	0.1139053121	0.618652994	0.1648785473	0.1175947016	0.1364928048	0.01280937772	0.0304609466	0.04609718753	0.07747450911	0.06635543272	0.09590865242	-0.01334764679	0.1160439007	0.04380635421	0.05021087318	0.239692964	0.1097538931	0.07440377358	0.08322669694	0.1440343386	0.003891341962	0.01704980497	-0.04558251034	-0.02306555547	0.518338775	0.1188626	0.2462691493	-0.01347638543	0.07208902923	0.08194348633	0.07014741447	-0.06425372686	-0.3649559571	-0.2541262082	0.0385211674	0.05802952697	0.1444724346	0.1451462554	-0.08631817833	0.1251061276	-0.01519631097	-0.3782612664	0.1462264432	0.1098395019
0.2139319679	0.08385363385	0.1640643232	0.1488341887	0.07103849708	0.04196049167	0.1027067502	0.1025028285	0.1480855355	-0.40501377	-0.3851175573	-0.390950712	-0.3699402514	-0.3555297685	-0.358568519	-0.3668418633	-0.398748444	-0.3889475466	-0.3562433382	-0.3742196666	-0.06306830575	-0.08277100346	-0.3455377619	-0.1049152547	-0.09030478578	-0.3678492746	-0.3623715297	-0.3588555338	-0.3588342777	-0.09586339359	-0.3599379854	-0.08461086242	-0.03998161279	-0.2578313317	-0.08288001609	-0.3592923252	0.1582945575	0.1618520636	0.1657133256	0.04893035155	-0.03210975437	0.09473741283	-0.4095227246	-0.1042955264	-0.3791479207	0.01406683862	-0.0479876961	-0.009988538886	-0.09610186838	-0.06966127987	-0.06960656804	-0.05925597905	-0.3612341242	-0.3471774396	-0.3388848138	-0.1006240764	-0.09059564358	-0.04530316493	-0.4127591644	-0.4048831144	-0.3979038653	-0.05181239488	-0.3581313649	-0.04856979459	-0.05536554038	-0.04887569413	0.07080686776	0.01691754267	0.1169416702	0.1530298251	0.1023216758	0.08570208245	0.08548698797	0.1341970793	0.158561081	0.2930804692	0.05984725937	-0.0006066869624	0.1547771829	0.1424327295	0.08798173225	0.06084947784	0.1511310682	0.01992300639	0.09135711363	0.2390741639	0.176174025	0.01720772915	0.1208985507	-0.056072659	0.1769620507	0.06660704697	-0.03395403658	0.1606338651	-0.006688381154	0.06415162122	0.01923694835	0.1659520466	0.1428976616	0.008333949891	0.1305783561	0.1571654257	0.1283248422	0.03122975014	0.09118985818	0.07047716888	0.05270588202	0.08501094438	0.09275949325	0.1113270658	0.1478893506	0.1148657036	0.1075253323	0.2441861641	0.2339984541	0.08690404352	0.01284757838	0.1558505879	0.1565328975	0.009060112814	0.1154917276	0.06456102752	-0.00986237211	-0.1006099275	-0.01210438825	0.09229218611	-0.4000525254	0.08886929752	0.04823984892	0.0495100484	0.125677777	0.05692419672	0.102989867	0.2213286661	0.04780201774	0.05313225045	-0.03130699977	0.02176649586	0.1116940057	0.09895150201	0.07439457553	0.1290736015	0.06329211055	0.1207738301	0.1891889572	0.1655908123	0.1443802815	0.1078868253	0.100521657	0.07409503286	0.09425364678	-0.03402578572	-0.01098175342	0.00565332896	-0.05270464391	-0.01330195549	-0.05742735298	-0.1058863712	-0.01936572809	-0.04103324489	-0.03054336573	0.06583592358	-0.03477465445	0.2698612275	0.1858761621	0.09638521332	-0.09219845964	-0.03190703054	-0.1286116999	-0.06967481106	-0.06050091112	-0.1098404174	-0.02974657465	0.09313425339	-7.409922908e-05	-0.01273197257	-0.04520999447	0.003442995725	0.09740148329	0.1219047462	-0.03859394484	0.174764202	0.0467782885	0.0716831199	0.04694656258	0.07778476406	0.04669347641	0.1272873405	0.1648785473	0.409835367	0.1375861767	0.1596695405	0.02433988113	-0.001219242125	0.07611316319	0.055371117	0.07116160537	0.0862590213	-0.01751712902	0.1665335557	0.1079646697	0.08643445431	0.07569556457	0.1695111674	0.0188240646	0.05725055734	0.0920725846	-0.01050347058	0.01003665266	-0.04676651002	-0.07093313807	0.1336343046	0.1355989979	0.1830991803	0.01137771009	0.08391031619	0.1038116677	0.07511719053	-0.08613380939	-0.3626488971	-0.2541496636	0.03875034275	0.03009922705	0.1407608356	0.2595089342	-0.0597130664	0.1417755327	-0.009139602259	-0.3726407796	0.1107000985	0.07030914907
0.179490609	-0.003374302759	0.08839458506	0.03898760508	0.02353719741	-0.02759635514	0.02342570418	0.04560080649	0.03830217538	-0.3207546876	-0.3545294831	-0.3616200634	-0.3395151342	-0.3269208929	-0.3246382989	-0.3366768831	-0.3142918474	-0.3570893772	-0.3023528042	-0.2922214206	-0.04541363472	0.006684326174	-0.2952553124	0.01461303607	-0.0475831417	-0.2873112957	-0.2826096635	-0.3329569534	-0.2753789387	-0.05464232235	-0.2762936212	-0.01600743677	-0.07753320794	-0.2243529916	-0.02961964655	-0.3328660054	0.06743310824	0.07538785702	0.05728867495	0.02845453223	-0.04218579764	0.06719805114	-0.3089401344	-0.05337228574	-0.3117160022	0.009279210588	-0.04875033661	-0.06458098101	-0.05005429489	-0.04597487344	-0.05080108351	0.0001713641492	-0.3358049054	-0.3189421521	-0.3091879442	-0.05884833651	-0.05575211468	-0.04597256541	-0.3086098179	-0.3027034163	-0.3168668273	0.02370552567	-0.3332049585	-0.0531127988	-0.0582338161	-0.0539096097	-0.01585169608	0.03182953312	0.03797485571	0.05852614661	0.002510832516	0.08268491011	0.08317745972	0.08213150749	0.03254996618	0.1514548851	-0.06104676143	0.09491212124	0.06190429964	0.05158974457	0.1409441278	0.0804127362	0.3259358169	-0.01371245437	0.09328066086	0.2645689408	0.1576373025	0.07933139058	0.22404416	0.00557442445	0.2964292325	0.09865709075	0.0170854163	0.06005351879	0.04463860989	0.1257298077	0.06458678497	0.2484415973	0.1917891816	0.04130808017	0.2247197303	0.03309569524	0.04436425427	-0.05153970479	0.0537962311	0.1681915242	0.1167899301	0.01545291998	0.01947508393	0.05546651637	0.04259858323	0.06401614028	0.01311160324	0.1602596845	0.1331527293	0.09243500664	0.0213627842	0.06289654542	0.06422175488	0.03258642925	0.2231255321	-0.0184855123	-0.003350337353	-0.06759827679	-0.01469516217	-0.01345179096	-0.3023056421	0.01206750296	0.1667612763	0.09927044186	0.3389806733	0.1516198491	0.1783918754	0.2100960466	0.02691805644	0.09905373628	-0.002953938386	0.06539010733	0.2379843993	-0.015827783	0.1012537507	0.08168409464	0.0855174632	0.04878859023	0.08287213599	0.07482761897	0.06248292412	0.08873086963	0.1147294658	0.105665552	0.05584112658	-0.0448644033	0.0004401213972	-0.02806467814	-0.02879844684	-0.04244747717	-0.04694311316	-0.0567663329	-0.03335724326	-0.03821847849	-0.05491919832	0.01157653822	0.08573404056	0.1372845649	0.06366464003	0.1578831113	-0.0369090773	-0.01833585626	-0.04811877914	-0.07877007619	-0.0101800635	-0.08759406039	-0.02449903592	0.05851873284	-0.02198164035	0.04025689339	-0.01012463736	0.1020483351	0.0878668187	0.08577804209	-0.0229005594	0.1492006113	0.08357314266	0.09054296095	-0.05422330479	0.06015986441	0.07316478306	0.100577974	0.1175947016	0.1375861767	0.5749983797	0.06006642822	0.0399205632	-0.0274393816	-0.0006394338706	0.008872439731	0.01051174972	0.05332883015	-0.001042411838	0.06091729785	-0.002089926034	-0.004331420889	0.07550755431	0.09181445062	-0.009746504172	0.06917835546	-0.01789115907	0.02111672503	0.007601191709	-0.04559848537	-0.02598311822	0.1072659045	0.02968465895	0.1852976903	0.05922457421	0.1042636916	0.255660766	0.09261571369	-0.01293662019	-0.3336151179	-0.2286908566	0.04809036936	0.09566805547	0.07245550618	0.1468272966	-0.03938364506	0.0365823104	-0.02929629964	-0.3434066614	0.03803834119	0.01920069543
0.1073691295	0.1063365274	0.1533690651	0.1807444935	0.1130696443	0.02587804559	0.1045910542	0.1262272028	0.1632089446	-0.4090042599	-0.3903681358	-0.3963592556	-0.3755047966	-0.3654956159	-0.366742336	-0.3759166763	-0.4042519224	-0.3942441106	-0.3648313427	-0.3813243667	-0.07049764548	-0.07970459765	-0.3500505366	-0.1150613797	-0.0930691705	-0.3769496802	-0.3733489069	-0.3664370776	-0.3677642094	-0.08646018923	-0.3636132195	-0.08920472827	-0.04546592777	-0.2612561102	-0.06844655728	-0.3640589121	0.128636685	0.1717125903	0.186553599	0.06215537639	0.0143755836	0.1048256878	-0.4184193255	-0.1059160175	-0.389914775	0.003135866738	-0.07099076453	0.008856975095	-0.1017205932	-0.07667207869	-0.07128710439	-0.04638518105	-0.3713435703	-0.3578321662	-0.3444786944	-0.09995975205	-0.09174181778	-0.06043098895	-0.4222315359	-0.415351384	-0.4084920622	-0.05731780407	-0.3681201487	-0.054080258	-0.04865530214	-0.02556146362	0.0737785965	0.03788145828	0.1331771265	0.1785183671	0.2122244887	0.137088103	0.1362996314	0.110724727	0.1723246517	0.1695450523	0.04917408056	0.06490467174	0.1596022654	0.1749056751	-0.04008673849	-0.01703409215	0.1216537571	0.06407927116	0.1039222031	0.10726653	0.07559130617	-0.00678311527	0.03097838209	-0.08232320443	0.04952021093	0.03108288939	0.05375422723	0.1881848214	0.06488827633	0.01752001122	0.0392451907	0.03757406223	0.1440679138	0.09786702528	0.06987049923	0.1525233089	0.08553916642	0.08341477872	0.08581341649	0.03555382393	0.03609166047	0.1835999533	0.07717463552	0.05491147946	0.1982301503	0.112018942	0.1382676475	0.1310637324	0.2044763192	0.2184698019	0.0134354664	0.1056633117	0.1569091692	0.03092430233	0.01050175394	0.05577999439	0.04194954193	-0.04468437419	0.05612160969	0.129319672	-0.4082125326	0.05691906366	0.03265379023	0.0253100803	0.009037258723	0.02497755849	0.05233475438	0.110731395	0.1982102158	0.08723919623	-0.03294397654	0.03756355104	0.01503018181	0.131393018	0.07010346342	0.1114077258	0.009391538483	0.1208799953	0.1763497434	0.1820162546	0.1692214541	0.04561921085	0.07751751618	0.02876283469	0.1120017044	-0.01314030989	0.01647763548	-0.02495317449	-0.02580995021	-0.02172223391	-0.04535535059	-0.11448288	-0.0385143286	-0.04327022555	-0.03307142034	0.0752178823	-0.05031537905	0.1862952104	0.1813189709	0.05361771068	-0.1194469518	0.04373391033	-0.04345291028	0.003398383239	-0.003343462894	-0.1318878241	-0.03199089634	0.1248368365	0.01163804664	0.07252254649	0.0253497066	0.1138808521	0.1576966785	0.1107556417	-0.04763292296	0.1020562348	0.1443820554	0.1736880892	0.07819301229	0.1005126408	0.06489771822	0.1288729749	0.1364928048	0.1596695405	0.06006642822	0.3865374792	0.06688133681	0.09851982692	0.2071479393	0.194185655	0.07195783324	0.1035103537	0.0261179585	0.1591730535	0.09419110417	0.1134005577	0.08531925682	0.1765012237	0.05626796105	0.04947613179	0.1127478919	-0.06545798794	0.01038377894	0.0003271746381	-0.08976693097	0.1340607209	0.1789111642	0.04895561857	-0.03065825234	0.1373494444	0.03254277158	0.03038053019	-0.092337156	-0.3715889227	-0.2566238625	0.1004698703	0.07547607261	0.1149636276	0.158049577	-0.06564026746	0.08988194354	0.04221934347	-0.3807224953	0.1264997761	0.11692301
0.008019407297	0.268680919	0.03920323801	0.05982614748	0.05977867996	0.08089366817	0.05325641495	0.0554454541	0.002485502914	-0.2828870933	-0.312922508	-0.320235541	-0.2992635682	-0.302392922	-0.2965515252	-0.2970627533	-0.2812586564	-0.3164344407	-0.2652807994	-0.2707110205	0.0115847752	0.08184594457	-0.2884502718	0.05022617088	-0.02204022558	-0.2624559225	-0.2597282924	-0.290386887	-0.2440245964	-0.03190590775	-0.2366849905	0.06756236052	0.04555651718	-0.2164705566	0.09742785774	-0.2996002032	0.06239060773	0.0632798763	0.05823718145	-0.009587219913	0.03487418107	0.03597498624	-0.2632222794	-0.03414950083	-0.2852263159	0.03931056646	-0.0165042556	0.06255106922	-0.05017470367	-0.01365283743	-0.01867577721	0.07055648726	-0.3137906258	-0.2936650992	-0.2876169665	-0.03514497491	-0.02497387537	0.007847197557	-0.2834387162	-0.2890147864	-0.2821880114	0.07863460445	-0.2890394306	-0.001060048313	-0.01823916219	-0.0005219166053	0.0457679092	0.1309769524	0.05434805743	0.1283939661	0.09712171922	0.126565503	0.1259224077	0.07456334792	0.01656570095	0.02432231129	0.06382789789	0.1234315117	0.04922946057	0.05273799409	0.02505487708	-0.0482848263	0.09052029327	0.06219814891	-0.01894329811	0.08100217539	0.09948443403	-0.02250229713	-0.01339464982	0.08314527664	0.03655536353	-0.02469927273	0.02489000246	0.05600090854	-0.007682905307	-0.0192343505	-0.01594389503	-0.01154667954	0.1131047608	0.1884300757	-0.02807363365	0.0655404632	0.06385208628	0.08419692615	0.05760667421	0.0291582591	0.05534208101	0.06397679113	0.2848038557	-0.04224243497	0.049180424	0.02462767067	0.04007478155	-0.01614710449	0.03223060019	0.08185203592	0.04067438059	0.02018436095	-0.004206756858	-0.02303395907	-0.02265923512	0.08415147997	0.02452223584	0.02342996538	0.05037240955	0.08098807379	-0.2567092776	0.05718490238	0.06455350638	0.1014274539	0.056625524	-0.02423953283	0.01899468292	0.007932583628	0.06949029863	0.1827262393	0.1517613579	-0.01629841203	0.06335498464	0.09522767573	-0.009983827945	0.02295286547	0.01430494047	0.004783145107	0.0128312502	-0.003424677545	0.06747616385	-0.02096858078	0.0181715322	0.001915828972	0.01026536696	-0.03408238636	-0.0150794792	-0.02029879011	-0.04514809739	0.003852743588	-0.007327439605	-0.06922599018	-0.06237381165	-0.01860862714	-0.06203292467	0.1182342197	0.07964128057	0.02361698114	0.1080320464	0.02124098362	-0.094547311	0.1867968239	0.1397648497	0.001878679226	0.1445541832	-0.02820518145	0.0461180982	0.04943948628	-0.00850177357	0.07338927385	0.1729695251	0.1404635724	0.1106560885	0.02634422298	0.1276239118	-0.01530498407	0.1179766237	0.1320470303	0.03714966164	0.01851275472	-0.01974704589	0.0403277217	0.01280937772	0.02433988113	0.0399205632	0.06688133681	0.5250542932	0.1142463287	0.08269580919	0.1308557796	0.1163555031	0.006971712719	0.09316182512	0.0002312671958	0.05054351715	0.03040999741	-0.03417618244	-0.00117114182	0.04909602597	0.01610635605	0.07185247609	-0.05078399621	0.01557545276	0.03263870193	0.001997948944	0.02010509688	0.06629055752	0.02711373955	0.1256670646	0.1065312854	0.0436620208	0.06093258199	0.08374798141	-0.3352776972	-0.2168227591	0.1558606534	0.1117968862	0.04101994392	0.03360545177	-0.02030492448	0.0801249856	0.03424426307	-0.3104052237	0.08020266886	0.1046437332
0.0141058257	0.152977383	0.05060916845	0.0834902309	0.03305045859	0.06689493842	0.04345021251	0.0486932808	0.05261691568	-0.3410478192	-0.3185209323	-0.3282586709	-0.3090230141	-0.2806572579	-0.2648873675	-0.313143111	-0.3385421253	-0.3209313164	-0.2733573425	-0.3187002983	0.01284413251	0.03311486796	-0.257985499	-0.002685574042	0.004285186215	-0.2907942233	-0.2911761625	-0.2890413675	-0.2693466789	0.006251512934	-0.2649145464	-0.0188320915	0.07141469126	-0.1740031145	0.02187648558	-0.2850477863	0.0427046762	0.05168129858	0.08315325245	0.03308639677	0.05064239485	0.02642644285	-0.2866271699	0.02444529325	-0.3120976996	-0.0210199084	0.04978859865	0.04196039851	-0.0337890445	0.01654860293	0.012951676	0.1351914363	-0.3042633704	-0.2574452288	-0.2660649516	-0.0006777535781	0.01375362963	0.04766051792	-0.3067944378	-0.3462339671	-0.3017543574	-0.04277568678	-0.2748789657	0.0453918514	0.0282839798	0.1446612211	0.04516267307	0.1005242259	0.09928513705	0.05570111541	0.1147408538	0.03625077714	0.03533043478	0.05362089905	0.04847033852	0.005434474286	0.06245043399	0.0975642675	0.06028354875	0.08220858947	-0.05928087286	-0.07867293702	0.02029625547	0.02241839449	0.01529629696	0.02337477803	0.01333309543	0.01111764834	-0.0135817378	0.003634979139	-0.05937671911	-0.01532359808	0.02417954458	0.08477067334	-0.0059860542	-0.01294328498	-0.02277923713	-0.007470100991	0.01339320274	0.09536323913	-0.007977262877	0.08139504591	0.06321757671	0.08702714992	0.01299895205	0.08534597362	-0.02854532967	0.07579448881	0.07623493876	-0.02987675056	0.06221360647	0.009182871955	0.05382509317	-0.02116789896	0.02357966772	0.104695129	0.02721197934	-0.005844916884	0.0007647235811	-0.02519491584	-0.02342461514	0.1067873136	0.1434166609	0.1012618936	0.1356641738	0.3440852149	-0.2787448773	0.08742692875	-0.01983992884	0.01100688234	-0.01937084674	-0.0311122361	0.01132617216	-0.01737462113	0.3338057409	0.0336377865	0.02543075609	-0.01918350896	-0.04153764271	0.02630545499	0.01440008501	-0.01828952632	-0.003215640549	0.01213211803	0.005798494412	-0.0006924671125	0.07569628697	-0.02087471707	0.03611562384	0.01191413739	-0.005861206829	0.05166028138	0.03884140068	0.02789615962	0.02458954835	-0.02365580779	0.05462867721	-0.01779365281	-0.01974041315	0.03115243304	0.06055269707	0.04648857617	-0.001707278726	0.03169381982	0.05813561936	-0.02448384228	-0.07019405781	0.06280507287	0.09546767776	0.0252788937	0.02363852823	0.005580037908	0.07773614729	0.1531904561	0.04691094964	0.1407148505	0.05470657926	0.06872940072	0.04117424223	0.02130848209	0.03149868104	-0.02914351107	0.02783838257	0.1108658717	0.07579357376	-0.007768185765	-0.02782992884	0.08563749867	0.0304609466	-0.001219242125	-0.0274393816	0.09851982692	0.1142463287	0.6416945932	0.4167305546	0.2632937674	0.141963946	0.1044825697	0.2336082212	-0.01566141778	0.05471124724	0.05835572628	-0.04299733795	-0.0005568610144	0.126140738	0.00789341479	0.1268286938	-0.02383125247	0.007102919854	0.0622877557	0.01680920909	0.04689433511	0.08255506794	-0.05344182265	0.05817299526	0.07905655798	0.0001429945397	0.04418388111	0.01813952343	-0.3149210385	-0.1592241503	0.1109506194	0.2380452002	0.03696385822	0.02247495066	0.02163189105	0.07397758679	0.02786544864	-0.2680276215	0.09389233419	0.245995099
0.069803862	0.1090592513	0.05421329967	0.1166669202	0.06231421529	0.02624757794	0.0684915638	0.05699049044	0.04630153944	-0.3719760748	-0.3438652275	-0.3587549393	-0.3357963739	-0.3071182401	-0.2957568207	-0.3381978507	-0.3640625781	-0.3484289537	-0.3082832147	-0.3462078291	-0.008057066511	0.007504800249	-0.2852726496	-0.02984741639	-0.02702482192	-0.3215956051	-0.3219905077	-0.3091451326	-0.2989888808	-0.01444749308	-0.2932432008	-0.02146082636	0.05332450845	-0.192451201	0.009048686682	-0.3114935136	0.05276410089	0.06482651232	0.07118767343	0.01245455053	0.03104156641	0.02326821418	-0.3132850573	-0.004886469897	-0.3405302147	-0.02116215898	0.03605813785	0.01894851899	-0.03335155129	0.005835586077	0.001894137692	0.1485154066	-0.3280522123	-0.2841780845	-0.2928909294	-0.02787904754	-0.01770883701	0.02657927117	-0.3389861622	-0.3726473472	-0.3294612292	-0.02219152968	-0.3015802022	0.0446590959	0.03459499513	0.1643846639	0.04962050913	0.04903423775	0.1172389195	0.1008143042	0.1445596825	0.07789415506	0.07697215981	0.08975292509	0.09188514312	0.05745518657	0.0915283527	0.04513415437	0.1155406763	0.05949419701	-0.04935309288	-0.05196838011	0.0246178155	0.03471141006	-0.008623904554	0.08559973035	0.03820546907	-0.01258915993	-0.003582231774	0.005846099369	0.004094012673	0.005181468365	0.06032846311	0.07278953295	0.04148290282	-0.001713467803	0.0178456041	0.002862135072	0.04219072817	0.1023913106	-0.004755722338	0.0605009823	0.06538387812	0.08762739469	0.04273191526	0.06228492728	0.007910664666	0.09750549382	0.08637881542	0.01202032383	0.08010367869	0.003909729951	0.1045750451	0.0433436341	0.08398910812	0.231320075	0.001301459137	0.0443925557	0.04474761789	0.01543706025	-0.0100423272	0.06697076727	0.03952394806	0.02779019053	0.03264407027	0.3376929326	-0.3050253446	0.04045424166	0.003880085352	0.02580675968	-0.02353157438	0.01341894992	0.01211479711	0.03415858599	0.3750916617	0.04421186985	-0.02707497067	0.02139876191	-0.03015327611	0.09846625182	0.02847491936	0.03394854798	-0.02821334542	0.01109774083	0.07539105893	0.06896224138	0.09544790801	0.002737388739	0.06452986345	-0.01301579397	0.04681300389	0.0892723376	0.02452135985	0.03083514158	0.002024102709	-0.02456774203	0.03127404832	-0.04138388398	-0.02336227908	0.0226967303	0.036924681	0.04888438409	-0.02458977584	0.09365996641	0.122511935	-0.02622557073	-0.07636533035	0.03736133709	0.03666362657	0.01274895824	-0.001824741324	-0.0207525218	-0.04518867578	0.03843606896	-0.0163397514	0.05749904854	0.02860823235	0.05585202979	0.09085610667	0.003120907041	0.02090283435	0.04687854903	0.06325207447	0.1015200123	0.04731849362	0.01586894936	-0.0279171606	0.07623266877	0.04609718753	0.07611316319	-0.0006394338706	0.2071479393	0.08269580919	0.4167305546	0.593690204	0.3006267991	0.12795212	0.04866419329	0.1219236844	0.07047261182	0.07420679523	0.08329215592	0.01146466326	0.08516674607	0.09453778735	0.03543290273	0.08474662865	-0.05761447009	0.03653119787	0.1081560439	0.01885457189	0.04611953817	0.1279894415	-0.02479885863	0.05909125021	0.07734942113	0.0224789167	0.02130829031	-0.00113017964	-0.3308063975	-0.1810955218	0.04837491111	0.1380715351	0.04769771152	0.08472480409	0.009406407654	0.07490559779	0.06705628566	-0.2908006064	0.07387018584	0.2100889664
0.04757697235	0.1345751371	0.08501855236	0.1288336485	0.1097432676	0.1021530311	0.06079195147	0.106152961	0.05812859266	-0.3558395621	-0.3375313448	-0.3442444448	-0.3230266693	-0.3153576905	-0.3122882022	-0.3260786694	-0.3555076797	-0.3381417707	-0.3096988419	-0.3321152339	0.007536425831	0.01503876346	-0.2970527866	-0.06266569288	-0.04760738273	-0.3264764936	-0.3210513791	-0.3148774703	-0.3109792318	-0.04069640163	-0.3091104307	-0.01251030804	0.04000260977	-0.2296854921	0.02250310779	-0.3135993719	0.08449122094	0.1235204532	0.1031187417	0.02769995256	0.03367854096	0.1093927898	-0.367893128	-0.07406881789	-0.3382239881	0.0460009979	0.0009058920637	0.06284130001	-0.06518531753	0.006693843518	-0.04992349338	0.04981877379	-0.3229377389	-0.2964481664	-0.2963304138	-0.05377594323	-0.03987992474	0.02505841779	-0.3713565213	-0.3629787252	-0.3815132913	0.06400089923	-0.313224064	-0.01177860412	-0.01168237612	0.05249767465	0.017719828	0.08751109042	0.07429773843	0.1885290943	0.1531899432	0.1029859966	0.1021182238	0.1200622314	0.089433393	0.06831104929	0.0248814819	0.01478739715	0.1333836908	0.09141424926	-0.02526273811	-0.06593857663	0.102524317	0.0272632195	0.05650653053	0.06564545641	0.01714787623	0.002844739602	0.05518530146	-0.04863514391	-0.0223428308	0.01946538274	0.03458748286	0.1046918163	0.05039543318	0.02790975146	0.07035400358	0.03746700168	0.08220012071	0.15874552	0.05629885332	0.0670387488	0.08493128926	0.03794652744	0.02087408721	0.09459757381	-0.002362526641	0.1066741581	0.106160387	0.03016207675	0.1330375594	0.09279392473	0.06935306752	0.01150162915	0.07921345519	0.1351862475	0.03205701817	0.07090397232	0.06227993114	0.06783612712	0.03896501443	0.05813988533	0.01055430282	0.03092974649	0.02903451037	0.1385169852	-0.358765419	0.07571198158	-0.000200611957	-0.01718552006	0.04065563366	0.06953059858	0.06492388402	0.01885985035	0.2091887635	0.1478490552	0.005726861619	0.07379742446	-0.02694778931	0.05210486772	0.02521667818	0.03887191559	0.004794255447	0.04254521774	0.07153970705	0.06541472517	0.1043066624	-0.001463188051	0.04538761201	0.02862959825	0.0103344527	0.01149677745	-0.02061349141	-0.04644468732	-0.06000409145	-0.0289733567	-0.0217713311	-0.09795381691	-0.05849868076	-0.0367363898	-0.08142479841	0.009349965025	0.04858162578	0.08974739198	0.1571977934	0.1221430724	-0.08425118484	0.07327337049	0.086602985	0.03635061136	0.03303444376	-0.01825846567	-0.05150570455	0.07030336223	-0.003610588147	0.08255239964	0.06169218622	0.0780633776	0.1394320303	0.06623111952	0.04833814046	0.003904498387	0.1544490445	0.1491057743	0.002081463437	0.02914177579	-0.001989951571	0.09596347284	0.07747450911	0.055371117	0.008872439731	0.194185655	0.1308557796	0.2632937674	0.3006267991	0.5294388554	0.132032888	0.09269938804	0.12383437	0.07140149021	0.0326050111	0.0557080695	0.02265200878	0.06982173304	0.04029645417	0.03840521207	0.09921393806	-0.08588161421	0.01165581162	0.09017320023	-0.01851131663	0.07962211666	0.09582061205	0.04520484692	0.0075741132	0.1221823788	0.02639515498	0.03973766161	-0.004426124711	-0.314378216	-0.2227168066	0.03180862717	0.0453013694	0.107005174	0.07751607295	-0.03376650662	0.01297769682	0.03576834808	-0.3298426285	0.1011529369	0.1165741686
0.0311510318	0.1540362264	0.1019487996	0.07128662951	0.06204372276	0.1880728614	0.09111590136	0.08969172633	0.1413494455	-0.3452053288	-0.3270027641	-0.3326594779	-0.3232450505	-0.261225174	-0.274873571	-0.3345925321	-0.3380496082	-0.3195457871	-0.2363015074	-0.3405262224	0.03528434186	-0.01655199822	-0.2641802967	0.01704595895	0.03466259609	-0.2917100452	-0.2856992911	-0.2655891873	-0.2710920198	0.01988286872	-0.2771651794	0.03603698047	0.02292124398	-0.2045322763	0.01940331221	-0.2887642956	0.1079013256	0.097717952	0.1017193141	0.07479860876	0.05384917082	0.05733172078	-0.3318760132	-0.03274809156	-0.3020540957	0.03170691475	0.03900850918	0.06183562981	0.02100048441	-0.0004234732228	0.04291368691	-0.005896610095	-0.303804967	-0.2606267251	-0.2831752885	0.02298806565	0.04016393096	0.03497663405	-0.3314708676	-0.3523983449	-0.3569220905	-0.01406122326	-0.2634019002	0.00821586559	-0.01225851534	0.002539697968	0.1195896479	0.08260308121	0.09114838358	0.08706999281	0.0648174165	0.04967365136	0.04838582318	0.07400064576	0.1543083909	0.06868958628	0.1320881421	0.07337872271	0.1117607031	0.1072837662	-0.0136508977	-0.05399245577	0.07232820813	0.04894023015	0.0495976047	0.0566974192	0.02275949184	0.005198409444	0.01219960192	-0.01480041106	-0.03291752594	-0.03622981451	-0.003460019952	0.09649086325	-0.03001276959	-0.03757420571	-0.03615370177	0.01940122305	0.07867407975	0.07905876667	0.03676059492	0.07601692538	0.08867473822	0.06384598176	0.09446807484	0.02815907621	-0.04197219712	0.151381656	0.1076109874	-0.005736974473	0.04040685111	0.05538105936	0.1021591489	0.01365829639	0.04136072379	0.09078306827	-0.02151120528	0.02276342966	0.04732764446	-0.031047564	0.007405374884	0.1203745275	0.07012093549	0.0579669829	0.05100782189	0.1473994174	-0.3241996674	0.06399579658	-0.03990062148	0.00831931199	0.01266665342	-0.01573902266	0.005026724395	0.02367805844	0.1127940831	-0.02659366285	-0.02423378003	-0.03725080905	-0.008977840889	0.06378034489	0.02775854133	0.02317709692	0.005949479317	0.1323284993	0.07190381923	0.05782559031	0.09436610405	0.01598020078	0.05284089788	0.02274542126	0.07599084051	-0.03911652311	0.0002352634837	0.01628113701	-0.03803291046	0.03522352915	0.04473677085	0.005101300965	-0.0324034659	-0.01494468661	-0.07655414764	0.1045806973	0.01443223314	0.09820722372	0.09350171036	0.001341771244	-0.08080911944	-0.01427207564	-0.01230738159	-0.04847193579	-0.04241128078	-0.04029250836	0.004363027505	0.0670756777	0.04749756343	0.009171408183	-0.02198872611	-0.02254260645	0.02656147332	-0.003915729646	0.04223261163	-0.005855968343	0.02218600089	0.05099720912	0.05511114771	0.01202987057	-0.05071059246	0.02925749564	0.06635543272	0.07116160537	0.01051174972	0.07195783324	0.1163555031	0.141963946	0.12795212	0.132032888	0.5336434168	0.07569919578	0.3877054037	0.1524012156	0.1866647035	0.1770202162	0.02835112607	0.1002812924	0.0286733439	0.07305609889	0.1420296254	-0.01875104936	-0.01457075952	0.01535243813	0.00644625708	0.1409440903	0.09501582087	-0.006252898481	0.02809012843	0.0125599609	-0.02095042598	0.05966754282	-0.01617600923	-0.2921258738	-0.2091802648	0.1232141912	0.123807511	0.07481671927	0.08482720739	0.009037763957	0.1395893028	-0.01268478421	-0.3106150302	0.1755689739	0.1317361828
0.03733873106	0.09964847573	0.1499235597	0.1038550274	0.06308412445	0.03661477213	0.04114150011	0.07123276419	0.08292093896	-0.3159778099	-0.2886703272	-0.2955199294	-0.2931845824	-0.3269778411	-0.2975797269	-0.2791310663	-0.3066273863	-0.3257904499	-0.3014725961	-0.2888270408	-0.04510734445	-0.06310833371	-0.3199059116	-0.06720762022	-0.03834757725	-0.341857814	-0.3313481477	-0.3059623365	-0.3352907758	-0.04792443576	-0.3298088151	0.005575142327	-0.03783434478	-0.2071159992	-0.04862463156	-0.3089487335	0.103247452	0.1547418746	0.1735099933	0.09833047206	0.02443402842	0.1232259145	-0.3053905026	-0.06564734851	-0.322942711	0.04697697106	-0.009877064595	0.0003374704466	-0.04956392302	0.04369648899	-0.007733671802	-0.01864435973	-0.2916505241	-0.3169499465	-0.3039277311	-0.04353913796	-0.02987483968	-0.04535053082	-0.3731688259	-0.3154243082	-0.2962580231	0.07228075948	-0.3029115853	0.02773621787	0.01576313761	0.02141305225	0.08574719	0.06623306293	0.1097060899	0.1323963037	0.05820378569	0.04466710173	0.04448911105	0.1275106309	0.1270778002	0.1004305245	-0.009508622289	0.05017126712	0.08820771103	0.1546128526	-0.02639292776	-0.0118750819	0.1108919402	0.02862172226	0.1333127548	0.05003285731	-0.001113998436	0.05178543167	0.06331565751	-0.04900037851	-0.03807320577	0.01583623213	0.008360403924	0.1684930773	0.04626561335	0.0112855335	0.02991738192	0.06233818541	0.09662951325	0.02657154609	0.09295894604	0.08250873197	0.02640335658	0.02793024583	0.01743436407	0.04813665736	0.01995618767	0.06477952452	0.01958622505	0.02405496247	0.1332058737	0.1520597507	0.1297343479	0.08267076956	0.06955977358	0.03929664259	0.03477586544	0.01012363933	0.09103845387	0.03209224139	0.05162439935	0.02538280989	0.1942703098	0.0217418527	0.16388464	0.122135889	-0.2989050758	0.06008307764	0.02873394327	-0.02882690198	0.02888753951	0.04673216827	0.02576594451	0.06915526696	0.05919407321	-0.0002345561063	-0.05886934827	0.03070097366	0.05535872345	0.03022178603	0.01889164234	0.06798579947	0.0631550914	0.07416155216	0.1045515415	0.09198423259	0.1487924464	0.05901104411	0.0605894353	0.07974150647	0.1226925358	-0.01904611838	0.02969741104	-0.0139036378	-0.02186366463	-0.0001035071155	-0.03118088947	-0.07242019944	-0.0258319796	-0.04799915787	-0.07903729471	0.02286594025	-0.1069922136	0.08280848264	0.1343407059	0.05364201027	-0.07289887219	-0.04233643498	-0.06182545816	-0.04539148732	-0.05601047227	-0.08501741011	0.09430132558	0.203664272	0.08626831829	0.1490857473	-0.05311687018	0.1548597779	0.09508432071	0.0877160382	-0.02879485063	0.08051158905	0.05578566588	0.1220161635	0.02071500848	0.03202771276	0.02612956368	0.09797595333	0.09590865242	0.0862590213	0.05332883015	0.1035103537	0.006971712719	0.1044825697	0.04866419329	0.09269938804	0.07569919578	0.5412334684	0.115412503	0.1424641651	0.07986131115	0.0762348094	0.08922680053	0.1144695289	0.03691148156	0.1215634894	0.1072999792	-0.04887261771	-0.03149899159	-0.006966760554	0.05369058547	0.0886165938	0.1391937168	0.03072168165	-0.01546049783	0.108847706	0.04889883253	0.04652879414	-0.05636478071	-0.2979090529	-0.2072957176	0.08844107337	0.1168755009	0.09206818512	0.08176662913	-0.06191122504	0.04348154557	-0.00680520018	-0.3172414539	0.1768797633	0.05231852131
-0.02589700507	0.09896595254	0.01773840438	0.02517046412	0.05346507798	0.166790022	0.06359945137	0.03904862439	0.04022960403	-0.3113255666	-0.2945143471	-0.2948868048	-0.2896211016	-0.2230986186	-0.2364630986	-0.3008069186	-0.308458332	-0.2857870111	-0.1950027237	-0.3059075593	0.05155927343	0.004618980351	-0.2261824265	0.09590792111	0.1160258566	-0.2492238996	-0.2491646965	-0.2270118857	-0.2326505914	0.09644717446	-0.2295278414	0.05924047573	0.03046460941	-0.1711359884	0.02915099506	-0.2481392054	0.03686102143	0.05431464243	0.02772527416	0.08049073646	0.06190847841	0.03310138357	-0.2965023243	0.003119624863	-0.2629410243	-0.007555997947	0.08681107886	0.06898957719	0.08359175052	0.01721889854	0.1019271914	0.03653456445	-0.2657526054	-0.2173835156	-0.2394524864	0.09792840097	0.1141242138	0.05556540527	-0.2932527051	-0.3181007227	-0.3209693363	-0.009028596376	-0.2236327195	0.05929717543	0.05965219795	0.07452853833	0.05704091151	0.1018024612	0.02782946441	0.02899877915	0.02306977851	0.02248656734	0.02087534428	0.005721756077	0.03337810048	-0.02011120313	0.08807015595	0.1392979872	0.04620764471	0.03449160924	-0.02549598111	-0.05022801444	0.02051947694	0.03355309837	0.002967188408	-0.01657052979	-0.03630307873	0.04470870693	-0.01002698755	0.04865839974	-0.09773992331	-0.01288493895	0.06170539595	0.02707575529	0.02956390163	-0.004513045397	0.01721800036	0.006956853723	-0.01132118911	0.08509196136	0.0213324963	0.02624360375	0.07073277524	0.05558893992	0.0344881271	0.03852472396	-0.009714756206	0.1228869361	0.08389927737	-0.06149988324	-0.02437563918	0.04421685047	0.03434445016	0.0003836639336	0.001998925014	0.05745527202	0.01986709689	-0.04341383627	-0.02650482016	0.02127642901	0.00550371814	0.08791242319	0.2050965768	0.224855961	0.1518048435	0.1196949314	-0.2891778993	0.0287656677	-0.006405050366	0.02426555559	-0.0002355015953	0.001025197711	0.02294585033	0.0002784560021	0.08133350169	-0.03174614143	0.007953612446	0.01503870551	0.003266196826	0.01903437094	-0.01310297481	-0.0360194467	-0.004330053598	0.03870145291	-0.009068421436	-0.01590923725	0.02415505899	0.005079555996	0.01371194742	-0.00386895246	0.0381842703	-0.02575898383	0.05342943501	0.02669684799	0.02234062026	0.02906624583	0.09596827849	0.05111770056	-0.005228476369	0.02227250659	-0.06064493248	0.09740480584	3.507750205e-05	-0.002651124518	0.04286243422	-0.02612388045	-0.02773797967	0.01145366116	0.05358509536	-0.0004717165691	-0.01617768539	0.01617158891	0.1198152706	0.1354589312	0.1034421178	0.1503182952	0.008333407774	0.06604451082	-0.03916524046	-0.01556974268	0.1256088869	-0.03048452663	-0.003129859925	0.02885914521	0.04264549175	-0.04563873719	-0.02868701859	0.009265147415	-0.01334764679	-0.01751712902	-0.001042411838	0.0261179585	0.09316182512	0.2336082212	0.1219236844	0.12383437	0.3877054037	0.115412503	0.6488494975	0.02555895987	0.1437550085	0.1122522446	0.0158420885	0.01055114483	0.02684413427	0.009037742027	0.1231316985	-0.02771314328	-0.02435722013	0.04213268475	0.02567386531	0.06025569094	0.03958820768	-0.07405302104	0.08350585365	0.02164119607	-0.02446818299	0.04338466036	-0.003908432449	-0.2744221523	-0.1740237117	0.10824436	0.1136234543	0.0307870415	0.004571418749	0.05166221814	0.1482907531	0.02858225619	-0.2841915277	0.1078960938	0.1255881427
0.06807715827	0.07710966272	0.1283008408	0.1026794115	0.07426868585	0.01657031729	0.04971375901	0.07224015873	0.2106628613	-0.3741187968	-0.3536306059	-0.3603063421	-0.3681365368	-0.3202522637	-0.3165768782	-0.3932346464	-0.3697649277	-0.3519361287	-0.2924412817	-0.3995159284	-0.06397830549	-0.1031295938	-0.2986872607	-0.07215531051	-0.05303116007	-0.3462610232	-0.3390822513	-0.3226357368	-0.335707476	-0.06306666156	-0.3377831884	-0.07265788497	-0.09752305312	-0.2174870445	-0.1067623123	-0.3400569873	0.1101497418	0.1457856713	0.1505658663	0.06339490299	-0.01729183041	0.1156096707	-0.3846694256	-0.04779736621	-0.3692474358	0.0219108209	-0.07198446459	-0.01890029363	-0.0524572405	-0.06066072062	-0.01503051241	-0.07864630706	-0.3448873059	-0.3270057237	-0.3526937529	-0.05805788783	-0.04641161843	-0.06518796133	-0.3939010257	-0.3829368364	-0.365624066	-0.0440341451	-0.3154163469	-0.08214241083	-0.08014038104	-0.06823518344	0.07666437486	0.02811118612	0.08642567125	0.1727051028	0.05301145349	0.1865167029	0.1853792188	0.2059202049	0.3099418709	0.1443773355	0.1120655985	0.02583512031	0.1636738839	0.1635487871	0.05964775729	0.08997917139	0.09588058408	0.05687922091	0.1344703068	0.07562411998	0.05228218918	0.05762523658	0.06214481998	0.01506250284	-0.005758167663	0.04595647299	-0.04307184548	0.1454026841	0.08491980502	0.03378429531	0.01903460023	0.08306399104	0.1320945074	-0.01567863383	0.09583759924	0.09265471232	0.05752970135	0.07934566601	0.07787433813	0.009802345404	0.002517536751	0.08586731055	0.06335839945	0.0588697579	0.1360832731	0.1402526508	0.1527344169	0.09058467167	0.1265658839	0.1011518558	-0.0150563123	0.07451225612	0.1228507051	0.04376167761	0.04878385212	0.02364667251	-0.04060114991	0.1169951094	-0.01462639443	0.03488778761	-0.376617001	0.03814353608	-0.002241350797	-0.007381398592	0.04626016486	0.03208540444	0.006917158555	0.1276494707	0.05195256287	0.02084523271	-0.02698396117	0.02006224619	0.04925615257	0.1552518995	0.006379047818	0.05830951714	0.04936260398	0.1656069819	0.145022594	0.1324783878	0.1200857691	0.1064473109	0.03591490586	0.06590152992	0.1822531736	-0.03109111963	0.04565632702	0.03667149695	-0.004315094725	0.03808618669	0.04158368256	0.000717701469	0.007448575488	-0.0130479457	-0.009712285407	0.07136054931	-0.03115772266	0.1853349431	0.234141857	0.05920269599	-0.07684934659	-0.0125369417	-0.02440202499	-0.02767063781	-0.04844485344	-0.06995094495	-0.01049071413	0.06626509478	0.05914783685	0.001736224085	-0.005351327694	0.05909786964	0.08324892223	0.03587549564	-0.09149810272	0.06489502407	0.04075097295	0.05291354322	0.09427633731	0.03846963603	-0.02561238036	0.05237817872	0.1160439007	0.1665335557	0.06091729785	0.1591730535	0.0002312671958	-0.01566141778	0.07047261182	0.07140149021	0.1524012156	0.1424641651	0.02555895987	0.5392438173	0.328350748	0.452613996	0.1809493132	0.4248483098	-0.002865220765	0.1016554118	0.1195543443	-0.02327246992	0.0214389577	-0.0819678591	-0.0614893743	0.1081351337	0.1260833863	0.04677236028	0.02689269029	0.03457624517	0.03694922399	0.07562788347	-0.1007258888	-0.3177521494	-0.2359176387	0.01276202258	0.006728725602	0.1283076324	0.1551947388	-0.08346395317	0.06676821612	-0.06409265947	-0.3358731803	0.1015023545	0.01937498165
0.005806066396	0.130041376	0.05834084569	0.06129698325	0.03470672406	0.07555182119	0.0825871298	0.06182940947	0.1806754142	-0.3638603532	-0.3528501981	-0.3496639118	-0.3660408931	-0.2867157781	-0.2965985561	-0.3868459007	-0.3599659414	-0.343173927	-0.2622196198	-0.3970908199	-0.06246123014	-0.09623627904	-0.29517063	0.006890349492	0.03679229021	-0.3197122509	-0.310635438	-0.2840222323	-0.305887381	0.0293194714	-0.3119475456	-0.02912081305	-0.0727783966	-0.2096439386	-0.08100742519	-0.3153358516	0.05831159998	0.08367138855	0.07748702405	0.04058143377	-0.01468195298	0.02501628575	-0.3456326428	-0.0227497732	-0.3355103232	-0.06763776523	-0.0007185674343	-0.003833500644	0.01048820725	-0.05626296793	0.03161933477	-0.04383200797	-0.3237386036	-0.30318181	-0.3215918776	0.03508142283	0.04631148383	-0.0581978794	-0.3527031632	-0.370599669	-0.3263048206	-0.1106326342	-0.2734085711	-0.03336364074	-0.03829052523	-0.01888051112	0.1059365073	0.02874432382	0.07345751983	0.05775933902	0.04172566359	0.1201769632	0.1187195576	0.06216533436	0.2567020972	0.07504166029	0.128580417	0.1863003103	0.06876303955	0.09737908006	0.00328787518	0.0787750225	0.01811686829	0.1010869416	0.07192490364	0.01908976148	0.07805698337	0.03963979994	-0.02239966068	0.09536960954	-0.05458949373	0.01802317104	-0.0003706379978	0.07234975713	0.02070521086	-0.005619072874	-0.07012435869	-0.02090358404	0.05763952285	0.02602151647	-0.0004839548609	0.04174477174	-0.0007007175229	0.1780960168	0.04022458395	-0.0708638843	-0.01935240014	0.0951457839	0.1119202962	0.08005651015	0.02550480957	0.0468955253	0.1224381333	0.05838703013	0.06031843854	0.09261352839	0.03827022877	0.0275788478	0.0683721804	-0.01110998053	-0.03472706388	0.05740644722	0.1420869248	0.2264383178	0.07169664877	0.08280080938	-0.3389965809	0.01904371449	-0.02424520669	-0.02606338078	-0.02899950634	-0.05261951961	-0.05505398883	0.04532611916	0.02929299376	-0.07243219561	0.1277166969	-0.07171311838	0.006364070789	0.200105329	-0.006518454017	0.02235395595	0.01687382863	0.09542378851	0.09051513838	0.07815877695	0.06495731692	0.08964368837	0.02290827529	0.0334505487	0.1914497855	0.0178201193	0.1186657096	0.1033045409	0.08468510274	0.09522639938	0.1385177745	0.08711062542	0.09771009491	0.06727334685	0.02584001144	0.1131894946	0.06552098032	0.1115242371	0.1129016894	-0.05144742547	-0.04376954752	0.1299034675	0.09201098471	0.1014295624	0.08516493778	0.083185643	0.09809993314	0.02361693257	0.09273283169	0.003948870845	0.1203023648	0.003130472448	0.01561397929	-0.01822381337	0.02822958185	0.0320403365	-0.007275895886	0.02884043619	0.2650013933	-0.04800867027	-0.005778269458	0.01213478746	0.04380635421	0.1079646697	-0.002089926034	0.09419110417	0.05054351715	0.05471124724	0.07420679523	0.0326050111	0.1866647035	0.07986131115	0.1437550085	0.328350748	0.6286340414	0.4599834065	0.2037530457	0.2363625716	-0.00751700845	0.1613368861	0.1060073375	0.0005985325719	0.002044725367	-0.05409458605	-0.04386107172	0.040060274	0.08873572565	-0.02362633451	0.08735554231	-0.0353163509	-0.05804820515	0.0847461402	-0.1065718267	-0.3312354597	-0.2240784032	0.06032632126	0.03034813719	0.03709057916	0.1002755219	-0.03248678829	0.1556460379	-0.04075382784	-0.3339344523	0.04520258181	0.06137394243
-0.006461035563	0.1056222643	0.05700837878	0.06434907765	0.0557905033	0.08639008497	0.0616003207	0.05360308427	0.1840293461	-0.3563599749	-0.345627606	-0.3428592233	-0.3591512139	-0.2735026016	-0.2802535236	-0.3779309821	-0.352139885	-0.3355170708	-0.2348684763	-0.3876896079	-0.02963186157	-0.05880122223	-0.261106461	0.006987846449	0.03360356525	-0.305347714	-0.2976878975	-0.2778139901	-0.2982186571	0.0274696871	-0.3025669847	-0.01722839402	-0.0744159664	-0.1853814644	-0.06279750634	-0.3005834404	0.03724261224	0.06482474942	0.06914334701	0.0468414745	0.003222637155	0.03415642322	-0.3344711811	-0.005528880613	-0.324721155	-0.04796031873	-0.01212046664	-0.006855857707	0.008807858386	-0.03261232706	0.03432514591	-0.05486517556	-0.3105305899	-0.2940244185	-0.3136945655	0.03258033477	0.04449160803	-0.01664255828	-0.3429127951	-0.3632962176	-0.3165356431	-0.07315460704	-0.2660845882	-0.06140462213	-0.05261859146	-0.04640402182	0.1064034634	0.02794567474	0.06067660603	0.09078289627	0.04362547522	0.1242488141	0.122988899	0.1342493168	0.261700594	0.06569234934	0.1382194283	0.1624434866	0.08309929006	0.08911097523	0.05615063672	0.0290047397	0.02068608698	0.115127512	0.05840655203	0.009277671633	0.06893911673	1.38616086e-05	-0.003279949367	0.05565103031	-0.06465724598	-0.01722175445	0.01548003403	0.063975113	0.02919477866	-0.02487481865	-0.03662736477	0.01859973477	0.0649424634	0.03913400959	0.03447994673	0.02152189585	-0.0008912754562	0.2150520438	0.06469886006	-0.04402935998	-0.0468248939	0.1111507754	0.09042170429	0.000965728086	0.07090470101	0.05876807856	0.1487402768	0.03278357474	0.06296052437	0.1331700064	-0.06258609628	0.008828312216	0.05409348722	-0.01475461359	-0.01214438929	0.04538916284	0.01634373453	0.2926043156	0.05539430288	0.09793245681	-0.3279072916	0.004496542286	-0.05154702657	-0.006648266087	-0.01047609352	-0.03331177219	-0.05671512911	0.05715244514	0.03487021949	-0.04272191827	0.09906822627	-0.03836458525	0.002446225466	0.1978446627	-0.01936590222	-0.003145899383	-0.01052027292	0.09148596098	0.07611835874	0.06362635988	0.04499775102	0.04931199193	0.01018571695	0.006108339063	0.2270440374	-0.02608326716	0.06051068135	0.07220391891	0.02459743853	0.07192979826	0.08753860453	0.05251344706	0.03691918192	0.02890086356	0.02769576094	0.1108933567	0.05941271679	0.1219162666	0.1529841899	-0.007008633281	0.014839546	0.1136272463	0.1234754087	0.1008335459	0.07886119746	0.09059729439	0.09211663162	-0.007820106678	0.08023745914	0.003108514083	0.1232004385	0.0004407829871	0.0188755037	-0.04146894809	-0.06364484014	0.008798608767	0.006583946108	0.01863167664	0.2120893141	-0.03425123682	-0.08720388903	-0.01537787102	0.05021087318	0.08643445431	-0.004331420889	0.1134005577	0.03040999741	0.05835572628	0.08329215592	0.0557080695	0.1770202162	0.0762348094	0.1122522446	0.452613996	0.4599834065	0.6517451005	0.1660641912	0.3431287088	0.01807762532	0.1232965977	0.1124888712	-0.002328560345	0.03753712053	-0.04350201879	-0.04082697709	0.04332069728	0.08454792196	-0.03003765182	0.07137763386	-0.02959829002	-0.02776393939	0.04489468467	-0.07700379784	-0.3063897374	-0.2111116323	0.04722770861	0.02520809874	0.05412659689	0.08517700877	-0.02428823882	0.1262769536	-0.03907248446	-0.3059960776	0.03512500066	0.08541482789
0.005933814576	0.003291507809	0.05464480799	0.008511365147	0.01689790361	0.1787318138	0.0410960663	0.06069134032	0.1155776094	-0.3670215516	-0.3437848809	-0.3480296739	-0.3390548875	-0.3304247727	-0.3051464851	-0.3300357446	-0.3564975652	-0.3586951703	-0.2895193479	-0.3411327016	-0.02485462382	-0.05104840936	-0.2884503964	-0.05597533272	-0.02502834144	-0.334370351	-0.3342202389	-0.3134840707	-0.3176050921	-0.03443239102	-0.325959541	-0.03559882816	-0.06443304846	-0.2064727639	-0.07313872133	-0.3368583185	0.05426016062	0.07718492626	0.03583535784	0.04803405246	-0.0007418291243	0.05045801603	-0.3720556205	-0.03839164907	-0.3455750606	0.0005301031805	-0.003083933306	-0.08972037552	-0.01587039887	-0.01485603964	-0.02245024402	-0.052504607	-0.3210559967	-0.3328395948	-0.3127131663	-0.03280959387	-0.02611710245	-0.004342061605	-0.3735914348	-0.358820012	-0.3446924935	0.007106106365	-0.3246243733	0.007049534995	0.0006023319455	-0.02027082944	0.01113368989	-0.0480804827	0.02317003931	0.01454372751	0.01475480115	0.007374016948	0.007794564786	0.1150456779	0.184975874	0.07125007219	0.03501736552	0.005277107253	0.2182359901	0.06574231912	-0.008354348284	0.1316535875	0.03272177471	0.0443797153	0.06567346326	0.02021325521	0.02407182836	0.1148874512	0.07038346036	0.08090717309	-0.04779252306	0.127665219	-0.004244900754	0.03501811796	0.06323065143	0.1091405514	0.07412823431	0.04858661518	0.03469027308	-0.02774353916	0.1079455898	0.02686591674	0.002303775689	-0.0146798056	0.04799693146	0.01529947136	0.1081862344	0.00362196844	0.01602404747	0.3648209491	0.02783151209	0.09000825526	0.05590200571	0.1020772989	0.07656960913	0.08537259175	0.08951062983	0.2260496479	0.2126428776	0.06938380623	0.06456302755	0.1502303221	0.2690512688	0.2841059356	-0.01480198437	0.03685839106	-0.3638566431	0.1750722395	0.07050597693	0.01769971386	0.03485280464	0.0622783677	-0.002844079619	0.0865676922	0.00560177793	0.01131585591	0.02211441006	0.07248498714	0.07730262798	0.1344652204	0.004437118897	0.0683507893	0.05888826188	0.2448943457	0.2495529577	0.2362910989	0.04245613408	0.1027167195	0.03727906015	0.07573492379	0.1057726917	0.03130068224	0.0754067348	0.06347868872	0.05491333281	0.002492398754	0.008580519809	0.02958153459	0.07477536382	0.03127304433	0.01980432582	0.03436605709	0.04997826905	0.1068314776	0.05002839606	0.06016997592	0.0386656123	0.008238380785	-0.03656094782	0.02598715551	0.0004500273213	-0.005492170201	-0.0324367298	0.037336263	-0.008874842631	0.02727473481	0.01702238793	0.08584117234	0.1712514391	-0.00832602261	0.0479016096	0.09813414264	0.0122240454	0.01169740653	0.07993207405	0.03259190116	0.1062182992	0.01866426889	0.239692964	0.07569556457	0.07550755431	0.08531925682	-0.03417618244	-0.04299733795	0.01146466326	0.02265200878	0.02835112607	0.08922680053	0.0158420885	0.1809493132	0.2037530457	0.1660641912	0.7423682284	0.1633825989	0.0002857957924	0.09969111107	-0.03010121581	-0.06060803003	0.01641433201	-0.04106130729	-0.002094287635	0.2381238308	0.04735938404	0.2339104508	0.05848394866	0.01170506312	0.05366154102	0.0754933634	-0.0796769371	-0.3204714286	-0.2259716726	-0.04305496955	-0.010273577	0.06466072473	0.09718516997	-0.03656682045	0.05404445824	-0.03590227549	-0.3288027207	0.05004297345	-0.007457099955
0.07504642806	0.05939273418	0.1183900205	0.1105391697	0.07833611196	0.001303888222	0.05518409168	0.06119500625	0.2295846196	-0.3860522211	-0.3675855747	-0.3738724091	-0.3561550158	-0.3480824547	-0.3400273858	-0.3693461661	-0.3845405223	-0.3745841138	-0.3269978497	-0.3749339569	-0.0567317591	-0.09724200555	-0.3094044054	-0.07885284993	-0.06827043189	-0.3517777096	-0.3443656206	-0.3531523922	-0.347611682	-0.0820006458	-0.3508417958	-0.0806353513	-0.09004883314	-0.2199017835	-0.106111094	-0.3457675418	0.1195878405	0.1278051811	0.1397824521	0.04584286911	-0.03212017206	0.1127924887	-0.3954940731	-0.03998997856	-0.3616832052	0.02762058231	-0.06531903599	-0.005053491151	-0.03111914056	-0.05603726444	-0.02768996449	-0.08481510211	-0.3501276047	-0.3393284535	-0.3271445111	-0.07837614571	-0.06619013538	-0.05808806308	-0.4049239965	-0.3928032305	-0.3798486779	-0.032770559	-0.3490074939	-0.07606779022	-0.07704771772	-0.0642739111	0.06059056641	-0.009714403431	0.08961370868	0.1816883479	0.06872354348	0.1286370058	0.1282910009	0.1969554773	0.2812819308	0.1325717137	0.1208927858	0.03092225497	0.1770563823	0.152834247	0.05741342257	0.07183949942	0.08529710338	0.06241394589	0.1338713998	0.08512880105	0.06866019883	0.07706741786	0.06751203813	0.002237959358	0.04463219441	0.0569501942	-0.02825034796	0.1424426568	0.07089677918	0.04690555562	0.03209438254	0.0957247913	0.1059514848	-0.01702838694	0.09963680297	0.0891594989	0.08474466739	0.07969445394	0.08976425533	0.02135143953	0.01110456974	0.107124396	0.06162426774	0.08595069714	0.122075578	0.1239191624	0.1519265712	0.1128281171	0.1268588013	0.1135265576	0.001243553162	0.0902402127	0.1552131283	0.05511487375	0.06002949832	0.04003205909	0.004974077648	0.05521683345	-0.01545528125	0.05331072028	-0.3863075885	0.03418895385	0.0003062586337	0.01165504562	0.0554670138	0.04519248903	0.01983014065	0.1407490964	0.06628561952	0.02633288858	-0.01764830126	0.03318043509	0.05846732853	0.1548763573	0.04445665012	0.06142428961	0.06405170097	0.1582021165	0.1522840921	0.1655912979	0.1234402304	0.1271456398	0.05196848077	0.08349080156	0.1723666091	-0.009165942376	0.07357352822	0.06136531975	0.02740534857	0.002374873047	-0.007232573963	-0.04123942577	0.03753023423	0.009325662941	0.02133081923	0.08120320567	0.002109375408	0.177673201	0.2263822112	0.05830251851	-0.04187423944	-0.002111159598	-0.05704196614	-0.01655796032	-0.03933529196	-0.08338508207	0.003288487838	0.06922396105	0.01679246475	0.008986444742	0.00401948295	0.07605288833	0.08605221777	0.04650663923	-0.07831788198	0.09355956706	0.03596296281	0.04856198406	0.1013162183	0.06937798595	-0.01127917675	0.05907860975	0.1097538931	0.1695111674	0.09181445062	0.1765012237	-0.00117114182	-0.0005568610144	0.08516674607	0.06982173304	0.1002812924	0.1144695289	0.01055114483	0.4248483098	0.2363625716	0.3431287088	0.1633825989	0.5143532297	-0.008465709294	0.09551282435	0.0650829273	-0.0384981953	0.0402238877	-0.07822396045	-0.06628882912	0.1075517084	0.1054894247	0.07030780102	0.001220783365	0.03954749489	0.04676973132	0.0810858291	-0.1036804727	-0.3384779652	-0.2343451308	0.01325955319	0.007174431238	0.1302755582	0.1646073764	-0.05190363976	0.0879348371	-0.04575955134	-0.3374867526	0.08395938922	0.03258953679
-0.005604697472	0.03871046416	0.04242908707	0.0509943009	0.1600862689	0.09312735269	0.09796776129	0.127866175	0.03185351873	-0.3003058799	-0.2933616331	-0.3018752843	-0.2805614187	-0.2368704401	-0.2200962314	-0.2596303094	-0.2932630205	-0.2779260066	-0.2410769514	-0.274507687	0.133724013	0.1626266345	-0.2160215789	-0.03335275638	-0.00409058053	-0.2525025394	-0.2454074542	-0.2434424017	-0.2238680782	-0.02022491354	-0.2371072675	0.06483860936	0.1581695757	-0.1389793718	0.1207553988	-0.2302615056	0.07856113327	0.1092350262	0.082868415	0.1218904668	0.3042841687	0.100379574	-0.2642110702	0.03364563521	-0.2592262082	0.1492078004	0.1132565526	0.1083506119	-0.02858427039	0.1986663801	0.03177586918	0.1735081849	-0.2613540463	-0.2060778266	-0.2190913124	-0.02439116273	-0.01944783443	0.1784531114	-0.2850977484	-0.3177765335	-0.2536684936	0.03917209405	-0.2300873908	0.0647225608	0.07643394428	0.1692899237	0.02965925719	0.07817334656	0.0812035577	0.04066070075	0.04858289328	-0.006044576268	-0.006023751975	0.007142766006	0.01753355729	0.0633282162	0.004149714562	0.003403673015	0.01059455126	0.08584426673	-0.03394068261	-0.03301082041	0.02989685455	0.009356476004	0.02825457238	0.001759445245	0.01396248769	-0.01267571001	0.009559988303	-0.06726608914	-0.007491696902	-0.01627256763	-0.005867119143	0.08103879114	-0.02775701848	0.0009810040652	-0.01044987577	0.002845190514	0.04716673311	0.0428577675	0.009285999776	0.05689246375	0.06630745674	0.03609925752	0.01032929798	-0.004754512391	-0.01098165956	0.07223131191	0.04033625847	-0.01173002454	0.07313016685	0.09608317485	0.05016505768	0.023312323	0.06195126774	0.03756814646	0.01740724209	0.03732494083	0.02717916703	-0.02700451193	-0.008419755872	0.009116400543	-0.01788630555	-0.03375713257	0.02996962639	0.1252797436	-0.2578381562	0.003354209625	-0.008580211316	-0.02387319248	-0.02057737834	-0.009075631093	0.005737726482	-0.01101076263	0.09330401633	-0.004824205765	-0.009888733356	-0.009308401983	-0.03635365598	0.006616062961	0.0716453365	0.02508064592	0.01159581581	0.04704485885	0.0233863503	0.03029429578	0.05235208901	-0.01372949142	0.07376859533	-0.00200311794	-0.006631740545	0.1132521073	0.002344923235	0.02295005421	-0.02963300679	0.1261813845	-0.03260700876	-0.063109509	-0.03782347479	0.02072978736	0.06618254293	0.05337282414	-0.01756496752	0.04897556958	0.0159369077	0.06832536116	-0.06250350397	0.002226267471	-0.05263428485	-0.01998679441	-0.02404970984	-0.07395739565	0.003397580447	0.0534090012	0.1281172709	-0.02141954308	-0.0109497818	-0.004062868049	-0.002127116247	0.04879992835	-0.03069413667	0.0233887149	0.02883989961	0.01548527548	0.0159574246	0.02390617785	0.0295554811	0.04403013102	0.07440377358	0.0188240646	-0.009746504172	0.05626796105	0.04909602597	0.126140738	0.09453778735	0.04029645417	0.0286733439	0.03691148156	0.02684413427	-0.002865220765	-0.00751700845	0.01807762532	0.0002857957924	-0.008465709294	0.6512682676	-0.0401445328	0.09866809582	0.05483876415	0.07845308713	0.1178193457	0.1402938328	0.05906822971	0.1092441225	-0.01409339629	-0.03410543187	0.02759969433	-0.01914084608	0.008059681831	0.143291765	-0.28895351	-0.131037626	0.04012666673	0.1163536306	0.09252431976	0.0240865132	0.04053237244	0.07858881899	0.1812265156	-0.2443616712	0.04183233612	0.1293793627
0.098315066	0.08658758284	0.06135634427	0.02313766774	0.007712596405	0.02152931098	0.01894296958	0.06687755523	0.06816516759	-0.2644711364	-0.2397549366	-0.2428908132	-0.2453043359	-0.3039474907	-0.2784369286	-0.2355492246	-0.254010721	-0.2755785648	-0.1693053757	-0.2452423519	0.02979345061	0.004019112731	-0.2415667019	0.01493370921	0.03980398378	-0.3320154377	-0.3245971553	-0.2753718914	-0.3172714835	0.02789833471	-0.3155977296	-0.01471091037	-0.07745944137	-0.1121968065	-0.076971319	-0.2902322297	0.06137147454	0.06188832927	0.06534659729	0.02362457492	-0.04679467586	0.1466143692	-0.2349106855	-0.0247210288	-0.3064519656	0.09531669031	-0.04285176088	-0.009209514791	-0.0004360556359	0.07082122224	0.02147473822	-0.08350453804	-0.2806191704	-0.3035973448	-0.2905662052	0.03233796041	0.0401311492	0.05011576192	-0.2913928673	-0.2587198233	-0.2358246542	0.07668929811	-0.2831097569	-0.03992182668	-0.07507680588	-0.074532172	0.03942857497	-0.04362314432	0.05662379808	0.0767405038	0.06559130796	0.03791017728	0.03772879045	0.1122072965	0.08723174053	0.06228847864	0.04970240878	0.003756618906	0.09532915457	0.09608343448	0.1008423837	0.08473136522	0.04635874333	0.07026587004	0.04289310106	0.07175498578	0.02431453098	-0.004973046863	0.01579552711	0.07248085094	0.05677719729	0.08756904924	0.07787714528	0.06022373213	-0.01586652414	0.1125735659	0.01850166898	0.05034325554	0.04272000611	-0.005445165178	0.03789859237	0.03263075645	-0.00816998842	0.02645590889	0.07104628958	0.006995298259	0.05427006016	0.04054413191	0.05445310178	0.03344438451	0.02884300042	0.1537450914	0.1526370594	-0.006842854105	0.02316022229	0.1289197162	0.05363245672	-0.001526559467	0.04471702571	-0.01782702324	0.04343050286	0.03399068733	0.06936551886	0.01546427111	0.02572527948	0.08278216241	-0.2298831888	0.01391043099	0.09198401757	0.06985049258	0.064976777	0.01245645624	0.03407459834	0.009733407118	0.03751337112	-0.001239096831	0.03490869542	0.01671666514	0.001483131321	0.1298167695	0.03358991905	0.0482920971	0.01245470699	0.08337336167	0.05077634063	0.03500807088	0.05976575693	0.02298226819	0.03408915896	0.02364315927	0.269655252	-0.01850491389	0.03873712372	0.01826447608	0.02362078051	-0.007177997719	0.009760825137	-0.03479041739	0.0023007737	0.01986727017	-0.004515856156	0.1341419809	0.07100779313	0.02715194543	0.09442737301	0.02719973304	0.02714372507	0.0119195978	-0.05451967658	0.01416304602	0.01453155345	0.02979185628	-0.03729680812	0.02041545276	0.0002273844939	0.003479535373	0.01428982472	0.005164354436	0.02766931239	-0.002378757895	0.03693161709	0.04757224782	0.008900896346	0.03561908495	0.1224028554	0.005108270775	-0.02116256206	0.02525001108	0.08322669694	0.05725055734	0.06917835546	0.04947613179	0.01610635605	0.00789341479	0.03543290273	0.03840521207	0.07305609889	0.1215634894	0.009037742027	0.1016554118	0.1613368861	0.1232965977	0.09969111107	0.09551282435	-0.0401445328	0.7274789669	0.006972670998	-0.05142647279	0.01856253878	-0.07108104149	0.1080176511	0.08251887851	0.05006020608	0.05950566314	0.05018561453	-0.02242138164	0.05289970988	0.05466241386	-0.009869929382	-0.170800029	-0.1197116087	0.01825752667	-0.009983634387	0.156866343	0.06029034862	-0.04413403826	0.02851956638	-0.04363723385	-0.1535028766	0.04999744883	0.1065474579
0.04231245858	0.1705662805	0.1137975944	0.2006879855	0.06933248688	0.1328996447	0.1444543004	0.1658916177	0.09831722292	-0.3313893138	-0.3109951746	-0.3207484594	-0.3162923899	-0.2528796709	-0.2734106103	-0.3218591709	-0.3280100521	-0.3081909016	-0.2665237015	-0.3294121372	0.05703840513	0.04347482248	-0.2708798385	-0.02535342511	0.005319864857	-0.3046636226	-0.3018529711	-0.2613961979	-0.2905730687	-0.002604339993	-0.2824322981	-0.01428213568	0.1050799874	-0.201602339	0.0009115419885	-0.2750762369	0.1996083138	0.2149341537	0.304636197	0.1362596602	0.1094271125	0.1922034969	-0.3295838617	-0.04462597583	-0.2922185698	0.04786619382	0.006807005699	0.1716065747	-0.03029047291	-0.007725974027	0.02467528115	0.01953580034	-0.286955169	-0.2618570332	-0.2820193628	-0.006975417617	0.001716750097	0.06290309381	-0.3203407954	-0.3068039923	-0.3434609964	-0.01696264623	-0.2768059798	0.01737328079	0.02132080803	0.04722980223	0.1175726341	0.3861920445	0.2381993989	0.1492696576	0.07328021483	0.07881145606	0.07751551994	0.06038604993	0.08974412588	0.1162195963	0.03905714615	0.02873805402	0.04848096586	0.24227697	-0.05649657381	-0.05961752196	0.05861668003	-0.003972620903	0.06054991173	0.03036744889	0.02863667926	-0.06152481527	-0.03188244207	-0.01294804692	-0.02139804336	-0.03671671171	-0.05195080109	0.2993545338	-0.0717415826	-0.03913387341	-0.07014090261	-0.0292178292	0.09588392067	0.02282001666	-0.0001555125358	0.1137604562	0.1766021177	0.04994252484	0.02743769837	0.02147527424	-0.01409273502	0.1073385877	0.06912134779	-0.01285924408	0.1349373193	0.1573269684	0.07657889218	0.02099169536	0.07237355693	0.04157460149	-0.01582390623	0.006409268093	0.08952424021	-0.07579519642	-0.04726048615	0.05154216674	0.0106914847	-0.01576539085	0.01788527122	0.06192499278	-0.3217171852	0.03350551556	-0.01261100903	-0.02029214696	-0.05604260295	-0.07167452141	-0.01193318607	-0.001343507695	0.08004586981	-0.01899272007	-0.06627988179	-0.06734761485	-0.0403920337	0.02640212921	0.07070762581	0.02525457872	-0.02289812439	0.0747589191	0.126751485	0.09012325332	0.2254615973	-0.03506254772	0.1154561932	-0.01326110608	0.0245897485	-0.04746537599	-0.01395110632	-0.04353501991	-0.05995459876	0.05060315085	0.01416087234	-0.05862470604	-0.07339702077	-0.07235101654	-0.04006209188	0.09987929167	-0.04536520466	0.07767301926	0.1044093052	1.737580908e-05	-0.1521653816	-0.04404211761	-0.03382388922	-0.08443524137	-0.08821204972	-0.1002908743	-0.005595395841	0.1023994376	0.08995908103	0.006444235568	-0.06259857973	-0.0102708009	0.04705265655	0.06751588592	-0.005518398474	0.01912478295	0.04476736525	0.07084043888	0.07532776985	0.00509220605	-0.008436994344	0.0869022642	0.1440343386	0.0920725846	-0.01789115907	0.1127478919	0.07185247609	0.1268286938	0.08474662865	0.09921393806	0.1420296254	0.1072999792	0.1231316985	0.1195543443	0.1060073375	0.1124888712	-0.03010121581	0.0650829273	0.09866809582	0.006972670998	0.560361191	0.04458595148	-0.01010213471	0.04508521658	0.04459428708	0.08791657432	0.1818847047	-0.01940522491	0.03417575484	0.0494386847	-0.03500615221	0.005264226591	0.06046506339	-0.2753628983	-0.2037158528	0.08966299628	0.06371327072	0.1449708761	0.0776514056	-0.01575254557	0.06482795981	0.06848831554	-0.304010594	0.1190034801	0.05919302476
0.06415782963	-0.0554795427	0.01191571142	-0.04771764375	-2.462900981e-05	-0.02260687035	0.02888898321	0.02756465245	-0.001141342834	-0.1298302003	-0.1245994533	-0.1024594059	-0.1379802204	-0.06476642776	-0.09718808551	-0.1642214479	-0.1307071801	-0.1207973789	-0.1620962099	-0.1918016066	0.1269076546	0.1422102826	-0.1072189979	0.09416681225	0.1162343908	-0.1128216902	-0.1138825851	-0.07598445069	-0.05855511153	0.1203385421	-0.09292365633	0.1090401944	0.09465488742	0.01096414821	0.1414494961	-0.06352098826	0.0121042194	-0.02838258596	-0.0249470518	0.06904815139	0.06649212885	-0.02540654296	-0.1076270089	0.1573434956	-0.08361636851	0.0587876103	0.1112045906	0.0960009295	-0.002733431856	0.1061431305	0.07647469545	0.1026843852	-0.0718259965	-0.03226419022	-0.08041895602	0.1250282443	0.09986236432	0.1051065687	-0.08532127984	-0.09085847674	-0.0960306997	0.06145219686	-0.07695027229	0.1522277184	0.1183833939	0.07555137678	0.0389847798	0.05820695533	0.01510187481	-0.04702567306	-0.04481262464	-0.03208823798	-0.03191878804	-0.03907173971	-0.04243999619	-0.03009815177	0.003951455805	-0.03468215452	-0.02899672161	-0.01605013334	0.0354117416	0.03536478708	-0.03867350034	0.01621922267	-0.03959579265	-0.03783662987	0.003306572957	0.037225575	-0.01687589851	0.05511844095	0.06216433236	-0.01093680458	0.01735785001	-0.02247778831	0.02656918986	-0.01914062285	-0.02546271688	0.01852244919	-0.05749633619	-0.06965792785	-0.03936954807	-0.03647352327	-0.01002631104	-0.0118139746	0.05672284898	-0.05106074476	0.01090984746	-0.03694554139	-0.04479417758	-0.02157884858	-0.06254363696	-0.03753883548	0.02523379195	-0.01111512748	-0.04253059235	-0.04048978956	0.002114563575	-0.03248092322	-0.03737497833	-0.01182533456	-0.00124510005	-0.04449127279	-0.04656267448	-0.02472298505	-0.0282048552	-0.03026884938	-0.1120111737	-0.05261511834	0.02124001884	-0.005432209603	0.02404405116	-0.01337430328	0.05482609143	-0.02081419694	-0.001560876018	0.003940163328	0.06695299125	-0.02198323668	-0.02876210347	0.005565011219	0.06226734666	0.003947778858	-0.005248676829	0.01132599977	-0.04078402335	-0.04141405849	-0.03799091928	-0.01048716328	0.04200515641	-0.01500311582	-0.0256805265	0.1184257978	0.007052424689	0.04322380903	0.03601724228	0.08540572689	0.06846557845	0.08373897479	0.05019244141	0.03857377689	0.1499022074	0.02892010876	0.03235164731	-0.02047318434	-0.0543543223	-0.03134742928	0.09408919787	0.02200130192	-0.004264200295	0.03186587301	0.05736709006	0.06592700142	0.0326473451	-0.04323276228	0.04983123637	-0.06224018547	0.03278536596	-0.05131794723	-0.09368308079	-0.03610990522	-0.03069050957	0.01649690191	-0.02414001371	-0.0655875218	-0.02968615329	0.05731329155	0.03215445489	-0.01395869394	0.003891341962	-0.01050347058	0.02111672503	-0.06545798794	-0.05078399621	-0.02383125247	-0.05761447009	-0.08588161421	-0.01875104936	-0.04887261771	-0.02771314328	-0.02327246992	0.0005985325719	-0.002328560345	-0.06060803003	-0.0384981953	0.05483876415	-0.05142647279	0.04458595148	0.8969503619	0.1926522966	0.1268331866	0.1456648744	-0.02680154294	-0.0450873525	-0.01635080819	0.01326422481	-0.05445867731	-0.005193164579	-0.003075202575	0.06745709402	-0.1522765072	0.01982633472	-0.0526513249	-0.02623471262	-0.02383452833	-0.02202950358	0.1319978334	0.01519486548	0.05253310163	-0.1196385209	-0.03063469805	-0.007582623529
0.08645668702	-0.006181360932	-0.004587750207	0.01244107601	0.07828906636	0.02624951601	0.03119098714	0.04055553995	-0.008844709781	-0.2700225928	-0.2484074392	-0.2494247268	-0.2393642054	-0.217235971	-0.2337937619	-0.248833576	-0.2590202819	-0.2608303415	-0.2804205948	-0.2529628231	0.2241549655	0.243584712	-0.2400579833	0.0289138335	0.05445517498	-0.2278622336	-0.2342465496	-0.2325340367	-0.2221491641	0.03600832608	-0.204988267	0.1699067711	0.1570535195	-0.1298679678	0.1835617144	-0.185772062	0.04481731546	0.009520866413	-0.02417578854	0.1234055208	0.153188286	0.02499625123	-0.239365428	-0.004496326326	-0.2437484846	0.09516271267	0.1290266474	0.154416439	-0.01534329595	0.2117715703	0.05318589166	0.1356276167	-0.2420058284	-0.1789682897	-0.1779520405	0.04080088417	0.04536342088	0.1968393255	-0.2221658019	-0.2552085627	-0.2224205524	0.1365747156	-0.2081126192	0.2613946054	0.2508858507	0.1111822382	0.02189566824	-0.02770407675	0.07017478858	0.06422336004	-0.003142052753	0.01586767838	0.01538564869	0.02959268389	0.001197776402	-0.01196042916	0.02090433886	-0.05033312553	0.03308491712	-0.003482638979	-0.02644371464	-0.03100390791	-0.02324898545	0.04782586488	-0.02490825573	-0.009882964146	0.01393563028	-0.001509914257	0.02429013978	-0.07334322782	0.03574208156	-0.01883843307	0.09714341356	-0.01920874808	-0.008564664566	0.01047519631	-0.01284649607	0.01847282103	-0.03147249292	0.02532890167	0.01691670172	0.00187625142	0.04848218212	0.02291078833	0.06550363186	-0.01488544502	-0.0174257487	0.04595671601	0.05870070593	0.0003568618768	0.0254705103	0.02250164372	0.08853357091	0.004406809805	0.01759856459	0.04927358024	0.004738093097	0.01834095879	-0.02774221025	-0.01016572867	0.0323615371	0.009069011827	-0.04867118227	0.02023347715	0.0407433251	0.06237383723	-0.2347168342	-0.03268994544	-0.00504654547	0.002528552197	0.01246733653	0.01986837671	0.05669626843	0.008116325734	0.05601181824	0.05651836472	0.01039649036	-0.01333182507	-0.01333213976	0.003782781907	0.05644197175	-0.01260121527	0.001708824546	0.004034131017	-0.0162284938	-0.03222283891	0.0003281087616	-0.01181133248	0.07898626965	-0.008623951947	-0.001263282715	0.1567765774	-0.0004369550633	0.07347408279	0.01737474043	0.06816725907	-0.02451787953	-0.04385362638	-0.002490681183	0.007072550661	0.07254107482	0.03902431609	-0.008190827251	0.01737071528	0.07832322642	0.0289446057	-0.005359568242	0.01975821599	-0.07245869689	0.0004444176399	0.01789022706	-0.06511054283	0.06247767132	-0.003929554897	0.06385416241	-0.00156784941	0.01865222211	0.007189714094	-0.03603844877	-0.0114492762	-0.03545045234	0.0005779077952	0.08374172039	0.01822335852	0.003774094978	0.05876747819	0.02613318772	0.01094103458	0.01704980497	0.01003665266	0.007601191709	0.01038377894	0.01557545276	0.007102919854	0.03653119787	0.01165581162	-0.01457075952	-0.03149899159	-0.02435722013	0.0214389577	0.002044725367	0.03753712053	0.01641433201	0.0402238877	0.07845308713	0.01856253878	-0.01010213471	0.1926522966	0.762109885	0.2420834945	0.2387881012	0.02704257649	-0.0009294325414	-0.0113579997	-0.02660411289	0.0002639485094	0.00219270674	0.004931126879	0.1340718255	-0.2831361244	-0.1233989476	0.002999007463	0.02409866704	0.05623154107	0.02997144517	0.06166119965	0.0743217391	0.1740499394	-0.2776238013	0.003298726147	0.0508265645
-0.05283913391	0.02282444678	-0.003490005208	0.02242407457	0.06068185535	0.05330586151	0.06909222072	0.05650698119	-0.06802862423	-0.2494643783	-0.2472516618	-0.2395539435	-0.2266261186	-0.1782053696	-0.1490945479	-0.2128370516	-0.2581098854	-0.2310253306	-0.1672043848	-0.2295109565	0.3993550993	0.4422648783	-0.1495626772	0.03932516394	0.0711089074	-0.1600780155	-0.1862592254	-0.1876522778	-0.1600167141	0.09898436114	-0.1783311226	0.2163208001	0.3259110369	-0.06604004283	0.302145159	-0.1460579377	0.02293318829	-0.01691062019	-0.04563760997	0.09280480564	0.1447765167	-0.02128203714	-0.2146301603	0.0588611101	-0.172899004	0.1284101729	0.1607605734	0.155681958	0.06045561181	0.4628388467	0.1000507915	0.2956833159	-0.1721124334	-0.1253849653	-0.1264714215	0.09443616061	0.06749665943	0.3160428961	-0.1977502864	-0.2212917838	-0.2253533484	0.2465714046	-0.1707726589	0.3011734636	0.3746925978	0.2760175634	0.009066166191	0.04369231373	0.0418373184	-0.005212725051	0.03463084782	-0.05550248028	-0.05526225731	-0.03697082827	-0.06442719387	-0.040259818	-0.01505290527	-0.02079870981	-0.04363059027	-0.06232515263	-0.04315240923	-0.06968660854	-0.04361914907	-0.01807703969	-0.07912911537	-0.05318082273	-0.03613344064	-0.02709964429	-0.03872355646	0.01079682405	-0.03462569565	-0.03680867416	0.05895774005	-0.04709409947	0.009578409398	-0.05480993943	-0.01540860433	-0.02676267087	-0.07162599131	0.05301597052	-0.02840654233	-0.02436713298	0.03066503505	0.02504611952	-0.02418719802	-0.009014149671	-0.02908489683	-0.01906645701	0.03530037791	-0.04314294987	-0.02059939277	-0.02597940852	-0.006625118153	-0.05445366846	-0.05515610989	0.02992830695	-0.03610517878	-0.06714797872	-0.08078735883	-0.01785158345	-0.03718978472	-0.0108456873	-0.004412186721	0.03615082511	0.01697778031	0.06465968608	-0.2105959624	-0.02183540803	-0.002794067153	-0.02391449208	-0.03257182462	-0.00533339638	-0.02606042735	-0.05349591742	0.06284670516	0.07988897873	-0.01613483717	-0.01585988525	-0.07315221332	0.003094089024	0.01903911355	-0.01540552685	-0.05255990274	-0.07906816928	-0.06270214358	-0.08096635229	-0.002815082644	-0.05103007523	0.04490247229	-0.06353736681	-0.02954480107	0.1539249067	-0.03633123106	0.0888954905	-0.04476037407	0.1500917195	0.00353743081	-0.01651671132	-0.05608915067	0.009010038971	0.01858963485	-0.05074870106	0.004558826324	-0.04715599129	-0.01228029538	-0.005214768839	0.01270906961	0.02483586601	0.03188174081	0.02519148869	0.02482841583	0.003407700918	-0.01626623035	-0.02151194215	0.08120915631	0.05656813973	0.01469278128	0.02088959058	-0.03409157948	-0.05599237472	0.02649683333	-0.03645105646	-0.0009343837716	0.02367143538	-0.05451729386	-0.05512673384	-0.03504340412	-0.03474124086	-0.04558251034	-0.04676651002	-0.04559848537	0.0003271746381	0.03263870193	0.0622877557	0.1081560439	0.09017320023	0.01535243813	-0.006966760554	0.04213268475	-0.0819678591	-0.05409458605	-0.04350201879	-0.04106130729	-0.07822396045	0.1178193457	-0.07108104149	0.04508521658	0.1268331866	0.2420834945	0.8472935831	0.4009846266	-0.04306919857	-0.02027661011	-0.09049101259	0.008241455483	0.02858754592	-0.05941132513	-0.02525082679	0.3305257932	-0.1720872943	-0.06021789829	-0.02354194474	0.0001272733615	-0.04027202115	-0.02930473392	0.1222229922	0.03932379532	0.2879864828	-0.1957679587	-0.03077808876	0.01281728803
-0.03382135522	-0.003553666647	-0.04027037357	-0.05107793747	0.007667989396	0.05977295693	0.05805690848	0.05538818135	-0.06738127565	-0.2473841547	-0.2335755967	-0.2306702941	-0.2300165427	-0.2166923716	-0.1494733734	-0.2057307609	-0.2470324866	-0.240022217	-0.09533073329	-0.2270705324	0.473010944	0.4914303104	-0.1405258229	0.0980793393	0.1361346644	-0.202167962	-0.2333404113	-0.2122323248	-0.2008691732	0.1495047356	-0.2146856169	0.238737338	0.3846376443	-0.008947308829	0.2448974554	-0.1689695682	0.001766724791	-0.02333944956	-0.04809348632	0.1094585874	0.1691987368	0.103400699	-0.2064089121	0.1007953363	-0.1893526814	0.2223514947	0.1215314647	0.1852242542	0.1065222387	0.576059426	0.1688791036	0.2495426331	-0.1868594652	-0.1672949514	-0.1667146212	0.1552858614	0.1287810763	0.3435448914	-0.2083053529	-0.2118534748	-0.219923407	0.3746963529	-0.1833061322	0.3266707244	0.2956660873	0.2393258226	-0.0135991039	0.04674712767	0.05420269043	-0.05392885217	-0.03126327141	-0.1073043471	-0.106719827	-0.03651655662	-0.05208512756	-0.06882494161	-0.02567836191	-0.04954203156	-0.09621497604	-0.03988185501	-0.001234676372	0.01012452295	-0.08044943961	-0.0261360018	-0.05763034334	-0.03991812733	-0.06096535805	-0.003845860014	-0.009669762135	0.07099605097	-0.03592149802	0.01294539904	0.07951045433	-0.05083552122	-0.03507250487	0.00166854896	-0.01787521977	-0.02403619841	-0.08133247388	-0.03551999934	-0.004503221583	-0.04002876013	0.0009965087294	-0.03824338328	-0.02569277415	0.009664960249	0.03420634292	-0.05208971219	0.0008974629527	-0.0341766014	-0.05823161402	0.1244586536	0.0214244648	-0.06407378412	-0.09173659086	0.007004123897	-0.02587839175	-0.06378628764	-0.08522691767	-0.0379791313	-0.009460196941	-0.02854322402	-4.618485845e-05	0.02232946424	0.0001043834419	0.07106941357	-0.2040096888	-0.04853192616	0.04499149459	0.03601264227	-0.03492789069	0.005986707801	-0.04477759848	-0.05356085233	-0.005381556511	0.02328991273	-0.01028340357	-0.01605341774	-0.03944305697	-0.04502471731	0.03912613246	-0.03177003665	-0.04643224269	-0.05537579989	-0.06505852647	-0.0849718721	-0.03332392495	-0.06083937403	0.07336407436	-0.05173664735	0.09705298315	0.08261827987	-0.04307840379	0.06243291684	-0.05522262974	0.07718713593	-0.01508193697	-0.03345550291	-0.05425913003	-0.01807820069	-0.0144562883	0.01799122188	0.02821862545	-0.06883648248	-0.06346991108	-0.004448509746	0.05146824236	-0.03682621043	-0.02197780121	-0.02288869173	-0.00882794395	0.020783475	-0.02927514148	-0.05178936481	0.03211419611	0.01591109634	-0.02657274927	-0.02074052563	-0.1074002859	-0.08111340329	0.01110789977	-0.008520368821	-0.06904793085	-0.06251171025	-0.05046051789	-0.06610105956	-0.02396982527	-0.05023268658	-0.02306555547	-0.07093313807	-0.02598311822	-0.08976693097	0.001997948944	0.01680920909	0.01885457189	-0.01851131663	0.00644625708	0.05369058547	0.02567386531	-0.0614893743	-0.04386107172	-0.04082697709	-0.002094287635	-0.06628882912	0.1402938328	0.1080176511	0.04459428708	0.1456648744	0.2387881012	0.4009846266	0.9250742686	-0.02856578224	-0.01121015141	-0.07542265221	0.02299216825	-0.05248869325	-0.04000157567	-0.015373279	0.4856639977	-0.08465852101	-0.005711401868	-0.06158760904	-0.01524422618	0.06840511039	-0.0659032699	0.061619727	0.029095629	0.2206048859	-0.1074676574	-0.03275093764	0.01404571711
0.13804754	0.07201705495	0.1525084899	0.1168706499	0.03204377508	0.3613259955	0.1132856194	0.1215178609	0.2140469211	-0.4006275288	-0.3787532369	-0.3852471601	-0.3696640228	-0.3636613578	-0.3549649582	-0.3595264818	-0.3930224479	-0.3875370622	-0.3509310842	-0.3680560213	-0.04967453884	-0.06713326708	-0.3563708871	-0.1162531679	-0.09148838393	-0.378218432	-0.3723107221	-0.3627862633	-0.3664831822	-0.1032057818	-0.3638605163	-0.08363168532	-0.02660640788	-0.2367393559	-0.08152736236	-0.363668257	0.1282341642	0.1348063671	0.1570607724	0.05804605644	0.01632705062	0.08556850163	-0.408753603	-0.05367961915	-0.379726937	0.009818026422	-0.07337740124	-0.02013011401	-0.1231804388	-0.05894269326	-0.07335153556	-0.06949133081	-0.36739525	-0.3533676141	-0.3445904624	-0.1113770734	-0.1008269181	-0.04632689843	-0.4141080046	-0.3922755304	-0.3960612423	-0.06619003473	-0.3666506031	-0.0640981335	-0.06296573061	-0.04621358634	0.05566941091	0.01176204066	0.09485938267	0.09813089215	0.09233110251	0.0375986767	0.03765076065	0.09446200729	0.1407442455	0.1569937789	0.06804473074	0.006903842979	0.276121417	0.1572719056	0.01122882875	0.0002652892287	0.1631169077	0.0144173542	0.08084922805	0.1807911911	0.09437587687	0.04457080572	0.07886078669	-0.1006439121	0.1023711335	0.03821909984	-0.02503195798	0.162542889	-0.004801702149	0.03462999021	0.008796266195	0.1124804578	0.1137950851	-0.01022381696	0.1149676987	0.138122987	0.1412396232	-0.0204639054	0.1010950677	0.03954873947	0.02000575284	0.1346502662	0.01719370001	0.2437763226	0.1415163961	0.08602306337	0.1128968154	0.1015327456	0.1559887691	0.1042767782	0.01875832961	0.3328684055	0.3384053865	4.401164532e-05	0.05222962098	0.2623693287	0.1336790396	0.04132387485	-0.03969571347	0.1249708457	-0.3990316301	0.3129713029	0.05604780202	0.01009919263	0.07995081856	0.04067065083	0.09743827296	0.08074734251	0.05365721045	0.0287624722	-0.06718479428	0.006714472429	0.01328330285	0.09959467502	0.05308802536	0.09033631585	0.0440560252	0.5057888473	0.3470468836	0.3398247496	0.1239308306	0.02336482815	0.07551689877	0.06703152597	0.0484934138	-0.05577337736	-0.0688021158	-0.05168252157	-0.1124918281	-0.02816058475	-0.1297197431	-0.1190025735	-0.04455741593	-0.1044817742	-0.1064495013	0.1083892733	-0.06754571133	0.2087614312	0.1193005311	0.09206746276	-0.1349765255	-0.05866672866	-0.1366581572	-0.09483894768	-0.08762248837	-0.1262780199	-0.05395101867	0.09241251442	-0.01987185853	-0.03331665191	-0.07278901533	-0.01326553432	0.2501536738	0.04605993238	-0.04726428386	0.09600602154	0.02161971091	0.04880354465	-0.003624969285	0.07204954793	0.04949227752	0.1160260839	0.518338775	0.1336343046	0.1072659045	0.1340607209	0.02010509688	0.04689433511	0.04611953817	0.07962211666	0.1409440903	0.0886165938	0.06025569094	0.1081351337	0.040060274	0.04332069728	0.2381238308	0.1075517084	0.05906822971	0.08251887851	0.08791657432	-0.02680154294	0.02704257649	-0.04306919857	-0.02856578224	0.6157472656	0.1117658099	0.2212764763	-0.03023795182	0.0801391647	0.060745647	0.06748027541	-0.08254110422	-0.3542700531	-0.245762273	0.0703758346	0.1167173383	0.09006983625	0.1516360246	-0.07654973153	0.1595036037	-0.01980905135	-0.3676904282	0.2203254079	0.1453968064
0.08915347413	0.1551567788	0.1349637035	0.1492779267	0.07588308999	0.0410365701	0.1066540519	0.1348070489	0.1116231505	-0.3986107603	-0.3713064479	-0.3866091475	-0.3619229497	-0.3330322017	-0.3393080698	-0.3649264442	-0.3919921294	-0.3822123257	-0.3376357	-0.3707379566	-0.02138544616	-0.0581720828	-0.3241416866	-0.08561015486	-0.06215143739	-0.3521654491	-0.3497343109	-0.3371232893	-0.339784568	-0.07979549026	-0.3343692408	-0.0585959919	0.02792527218	-0.242367683	-0.04520243923	-0.3328553349	0.135193476	0.1792231119	0.2135502974	0.06596890684	0.06449555534	0.1192730586	-0.3950365714	-0.08424117771	-0.3691500454	0.003124609987	-0.0227577418	0.05862877545	-0.07875388288	-0.04192676814	-0.0518150523	0.01170431651	-0.3454889634	-0.3337023288	-0.3225968234	-0.08090731582	-0.06990431684	-0.02583250023	-0.40001445	-0.3965155357	-0.3823382801	-0.01654555906	-0.3319369455	-0.03567292558	-0.04051035516	0.0407528676	0.09263267882	0.1048709539	0.2482116146	0.1532314719	0.1506136827	0.083131766	0.08264287215	0.09374798212	0.1595397622	0.1685673495	0.07351483533	0.04743437768	0.1233893777	0.1812203888	-0.0326060534	0.003023484459	0.09187083542	0.02952868959	0.1345273686	0.08783477499	0.0717139672	-0.03155872027	0.01339190115	-0.06295732729	0.0355997237	0.01911344081	-0.03602599608	0.2082420019	-0.03914583606	0.007207332719	-0.01279419802	0.005605026792	0.1795259227	0.04197353619	0.050843057	0.1800317882	0.1189401013	0.07021795188	0.08399987732	0.04090462617	0.04364316192	0.1355445569	0.09162072504	0.05279911872	0.1897740665	0.1331918098	0.1062817265	0.1184961682	0.1625128708	0.0833458833	0.05287574396	0.09342764149	0.1393689404	-0.0218597079	-0.00196382783	0.07463518542	0.02337305448	-0.04862736066	0.06728295766	0.1044257945	-0.3851636036	0.06894282204	0.03772493889	0.02227409015	-0.01882479271	-0.03482321083	0.02532157942	0.06396966037	0.0894549941	0.001479883918	-0.06728455734	-0.0151048125	0.02188997332	0.06202230899	0.1523634164	0.1262216376	0.06360377346	0.1135698482	0.1515644628	0.1487187731	0.1835129621	0.06435594626	0.1545299598	0.04550830074	0.0876592613	-0.0001850465178	0.06532758572	0.003611300312	0.02146782984	0.002921248653	0.04391101131	-0.04978563593	0.01256708271	0.0126710261	-0.01164998908	0.1300534493	-0.06221497501	0.1364784446	0.1440298128	0.06019348858	-0.1134544289	-0.04391540003	-0.1147192527	-0.08299122681	-0.08482172902	-0.161048284	0.01296250284	0.1419196923	0.04554393319	0.04114278591	-0.06679618397	0.03747542709	0.07081583186	0.1315474826	-0.03556619243	0.112632424	0.08021521516	0.09106668937	0.09450511452	0.06224465957	0.07919226796	0.1374264521	0.1188626	0.1355989979	0.02968465895	0.1789111642	0.06629055752	0.08255506794	0.1279894415	0.09582061205	0.09501582087	0.1391937168	0.03958820768	0.1260833863	0.08873572565	0.08454792196	0.04735938404	0.1054894247	0.1092441225	0.05006020608	0.1818847047	-0.0450873525	-0.0009294325414	-0.02027661011	-0.01121015141	0.1117658099	0.4239580832	0.02882022611	-0.01147061214	0.07206932165	0.005570706897	0.03173981968	-0.01657221061	-0.3615470782	-0.2420086474	0.1062051404	0.09758828622	0.1046173092	0.1370617607	-0.05214298047	0.06585521384	0.0524955574	-0.3643696586	0.1339369664	0.08984811663
0.187412499	0.009372036554	0.0732238208	0.03086705425	0.01558855877	0.1658246485	-0.0009167273737	0.03890090432	0.09584823144	-0.3187471581	-0.3514845339	-0.3560696761	-0.3410634524	-0.3357234428	-0.3235027337	-0.3340791369	-0.3130890314	-0.3613779202	-0.3332182938	-0.2915835574	-0.07492000382	-0.01137017508	-0.3260148174	0.0169365963	-0.05134291364	-0.2938193149	-0.2921222438	-0.3324756695	-0.2830975449	-0.06003307515	-0.2854729161	-0.02437024356	-0.08344757811	-0.234552425	-0.03112199707	-0.3339694399	0.06522616008	0.05788884023	0.05002519064	0.01917082153	-0.05127106735	0.06058393616	-0.3031042549	-0.06583888027	-0.314228271	-0.0006723818995	-0.07602244925	-0.01677484054	-0.07966273941	-0.07723960604	-0.04987662424	-0.0364185178	-0.3373951042	-0.3298738643	-0.3229575848	-0.06039762774	-0.04845248838	-0.06502060917	-0.2927910339	-0.2972698834	-0.3118435861	0.02892387952	-0.3292161466	-0.08304948529	-0.09115015432	-0.111686738	0.02459586553	0.06911822116	0.01520931944	0.05792158646	0.01576279044	0.115245927	0.1157653332	0.07761723238	0.07694927557	0.1757718165	0.03912717034	0.01847426003	0.2461705331	0.05411002575	0.114108048	0.07874110083	0.1720392925	0.03497933662	0.09265245318	0.2386035259	0.1510074145	0.03363653819	0.1019293979	-0.0168862745	0.2749249344	0.08407606828	-0.06772813368	0.05566107867	0.008297997738	0.08645891876	0.03249755921	0.1193992011	0.190656068	0.06834569424	0.07371016732	0.05192078818	0.02369016854	-0.0420952208	0.09873398407	0.04945084007	0.0596987897	0.05135496291	0.04897366802	0.3533836996	0.04926777717	0.06515367278	0.01225035158	0.09071018157	0.09738043249	0.006918515527	0.01476991671	0.2164373124	0.2581927067	0.05056115896	0.08944895241	0.1584760586	0.1370029939	0.1078722401	-0.07933481202	-0.02662943597	-0.2962578783	0.1782336042	0.02397613488	0.06192992486	0.1708217593	0.03568382942	0.04710472963	0.1167943009	-0.02234022359	0.1087410184	0.07614652449	0.03529130236	0.1227924887	0.01613215552	0.1191205442	0.0691006392	0.06471853662	0.2258880663	0.2546333872	0.2868274851	0.02958360102	0.1068691686	0.04022639472	0.0858380879	0.003490270085	-0.02181542119	-0.03858340937	-0.01677164059	-0.07809547694	-0.04258035567	-0.0764082068	-0.1185197137	-0.01811597129	-0.07084922262	-0.02686946254	0.03681378597	0.2075762905	0.1381673843	0.05232981735	0.1042313015	0.03948036215	0.0372374448	-0.01775650675	-0.03005433682	0.06616529763	-0.01899928369	-0.02196244766	0.01276369224	-0.02663996563	-0.0550695144	0.06435078927	0.03802915351	0.3143153496	0.07124154737	-0.05304090663	0.09045461569	0.104890477	0.09104513509	0.04132391633	0.08527551357	0.005186789361	0.03542862455	0.2462691493	0.1830991803	0.1852976903	0.04895561857	0.02711373955	-0.05344182265	-0.02479885863	0.04520484692	-0.006252898481	0.03072168165	-0.07405302104	0.04677236028	-0.02362633451	-0.03003765182	0.2339104508	0.07030780102	-0.01409339629	0.05950566314	-0.01940522491	-0.01635080819	-0.0113579997	-0.09049101259	-0.07542265221	0.2212764763	0.02882022611	0.744289411	0.02796158717	0.107194839	0.2063206685	0.06496535607	-0.02975446947	-0.358144466	-0.2331753525	0.02508287258	0.05016511503	0.07637556053	0.1311534763	-0.06102415634	0.02695470613	-0.06437053139	-0.3667678607	0.03154133497	0.010654744
0.04635602707	0.1206924798	-0.03423893419	0.003211534006	-0.006154495393	0.01890170397	0.009988079493	-0.04567213156	0.006349241124	-0.3048478868	-0.288806256	-0.288418991	-0.2993896378	-0.2558003264	-0.2339254015	-0.3043478243	-0.3016444753	-0.2889255156	-0.2383951989	-0.3149450627	0.0328052354	-0.03340415599	-0.2199262993	0.04152686872	0.07405261683	-0.2619838969	-0.2647009713	-0.2809925256	-0.279675915	0.04210706442	-0.2658995325	-0.01490997552	-0.02035502949	-0.1226378673	-0.004050263916	-0.2464046648	-0.02929837638	-0.04316488687	-0.03892491992	-0.04577686915	-0.01462143646	-0.03221663941	-0.2774070573	0.04041278974	-0.2789004484	-0.02711028057	-0.000548567904	0.01217974975	0.01843447599	-0.01331462181	0.0370734266	-0.02091637784	-0.2660954573	-0.241939335	-0.2704971107	0.0386580437	0.05599941294	-0.001959888772	-0.2952478483	-0.2925162353	-0.2834632617	-0.009581760448	-0.2635553339	0.009415001975	-0.01769072326	-0.0135524495	-0.006790000463	0.007899157719	-0.01443450709	-0.043415914	-0.01271474371	-0.001718174967	-0.001648815999	0.03183969806	0.02464443427	0.02134825624	0.1218449027	0.02544626438	-0.03438734107	-0.02447003347	0.3853716174	0.3387216697	-0.006612094312	0.0530642871	-0.03331841438	0.04116613935	0.04990024838	0.04365171958	0.1254970075	0.5585671568	0.008261822863	0.2574011823	0.0395741151	-0.03397458835	0.1515375159	0.2337355692	0.1301763673	0.178464633	-0.0275780466	-0.009549116663	0.07277225444	-0.01366171447	0.04783111285	0.05232176203	0.0381953647	0.1545540031	0.3175125863	-0.03299062377	0.1101030787	0.1029525494	-0.003095179765	-0.02710585823	-0.04006937529	-0.0007153125296	0.04725039996	0.04886923261	0.166490501	-0.005934683106	-0.03570399359	0.1154827964	0.1508388421	-0.009144951215	0.04443457119	0.1854803399	-0.006236742326	0.01254508217	-0.2711988302	0.02590827447	0.291080446	0.3084440771	0.1561284208	0.1156223904	0.1042715641	0.07981374243	-0.007976585293	0.02739449101	0.0357904381	0.120132591	0.03342183941	0.08642913705	0.009826860883	-0.01994206585	0.08846434231	-0.03922519278	-0.03305942664	-0.04506079371	-0.03594125589	0.04203901875	0.01249071611	0.04828422461	0.04272651877	-0.05407070556	-0.005496034154	0.0148784366	-0.01807853103	-0.01673713073	0.02770863567	0.04016411039	-0.01230665639	0.006276289643	-0.005370460288	0.1233941496	0.09154468056	0.03381354628	-0.0270307573	0.07185005345	0.0802081985	-0.008223468953	0.08018786437	0.002647246703	-0.03058735466	0.1094031987	0.05943866894	-0.03648100517	0.01069568861	0.09969066094	0.00492401095	-0.009966281597	-0.03653722411	0.03629088381	0.3383501876	-0.006655944979	-0.06006103531	-0.041854445	0.09075755003	0.0125973163	0.09720885395	-0.002021946586	-0.01347638543	0.01137771009	0.05922457421	-0.03065825234	0.1256670646	0.05817299526	0.05909125021	0.0075741132	0.02809012843	-0.01546049783	0.08350585365	0.02689269029	0.08735554231	0.07137763386	0.05848394866	0.001220783365	-0.03410543187	0.05018561453	0.03417575484	0.01326422481	-0.02660411289	0.008241455483	0.02299216825	-0.03023795182	-0.01147061214	0.02796158717	0.7723148543	-0.01817475915	0.1455975547	0.2397666124	-0.0249934201	-0.2589974415	-0.1480657828	-0.03721828799	-0.03420241907	-0.01021057951	0.002924989882	0.0090186779	0.0251597959	-0.01464187428	-0.2368531696	-0.01529322484	0.01472178559
0.06181891177	0.0612154206	0.1050029933	0.1921176958	0.1122891278	0.005996291137	0.08167466303	0.0902441169	0.07730518661	-0.3493134535	-0.3796194479	-0.3869873678	-0.3660494364	-0.3521012487	-0.3539290603	-0.3648733875	-0.3434884067	-0.385696882	-0.352215748	-0.3200635563	-0.07106767662	0.01438887482	-0.3395103502	-0.04160932852	-0.0807408264	-0.3039714851	-0.3055393853	-0.3554914549	-0.2973401612	-0.09322130044	-0.2899524189	-0.01085631768	-0.03010438076	-0.2605219082	0.01223404861	-0.3502699508	0.07201696717	0.07618825668	0.1102988158	-0.007648386465	-0.009082166183	0.05621241524	-0.3503469307	-0.1055610635	-0.3353901981	0.02697883298	-0.08650785555	-0.02318150356	-0.1196765986	-0.0657339231	-0.04826754628	0.03828984425	-0.3570317878	-0.3465943504	-0.3356722492	-0.1071403817	-0.08858303888	-0.04431157385	-0.3554378322	-0.3472445663	-0.3429202782	0.05390572809	-0.3547919602	-0.05930927377	-0.04090192106	-0.02316224811	0.04036452731	0.08517996778	0.08389014569	0.1262087439	0.2053274817	0.1564587584	0.1565609819	0.1177212278	0.02651028208	0.08575919964	-0.02025610164	0.1586625086	0.06913420662	0.1037413107	-0.02477080123	0.01839231821	0.1331298037	0.03949352306	0.04323534462	0.1565571815	0.1194969687	0.02527026547	0.05769623835	-0.09775568736	0.09255026314	0.0608517926	0.0558438677	0.1092575496	0.0733324383	0.06032382382	0.08827630072	0.05535574262	0.1543488882	0.3358258842	0.04201200619	0.2256751175	0.06250810388	0.09096522961	0.01666317988	0.07753329145	0.03628608421	0.05103631166	0.04657124118	0.07912793452	0.1911747718	0.03336271338	0.02561166072	0.03316320081	0.07895372165	0.0912842203	0.07049912902	0.1076693245	0.05003257832	0.08108345443	0.04523156455	0.02376982954	0.08374011533	-0.03578514908	0.08795844709	-0.008599190942	-0.3422183499	0.1374572029	0.04802073792	0.01747077631	0.109370999	0.06995768505	0.1055529096	0.03281025329	0.1262519198	0.2999764454	0.08989721588	0.09842659381	0.05662111485	0.02463792869	0.01293835702	0.06055986282	0.04802756574	0.03446231904	0.05567707838	0.04829982302	0.1275898164	0.01487286278	0.02767427997	0.04758601281	0.009344279807	-0.026662903	-0.02227328993	-0.06155019332	-0.06407013101	-0.031867794	-0.0968461541	-0.1423229925	-0.0754501232	-0.06904472466	-0.06939040205	0.001507932481	-0.003619397865	0.104738822	0.1260105953	0.1333644294	-0.1372808509	0.1280424693	0.07072329544	0.005834470182	0.09163541742	-0.1539761129	0.03790373508	0.2397983015	0.0196077979	0.2185019795	0.1170495822	0.2337951343	0.2304884408	0.08168614455	-0.05477281852	0.03173722467	0.3158696631	0.3691369985	0.03176866945	0.08480763319	0.07964139446	0.1498479488	0.07208902923	0.08391031619	0.1042636916	0.1373494444	0.1065312854	0.07905655798	0.07734942113	0.1221823788	0.0125599609	0.108847706	0.02164119607	0.03457624517	-0.0353163509	-0.02959829002	0.01170506312	0.03954749489	0.02759969433	-0.02242138164	0.0494386847	-0.05445867731	0.0002639485094	0.02858754592	-0.05248869325	0.0801391647	0.07206932165	0.107194839	-0.01817475915	0.5274522679	0.1101806623	0.03910904786	0.0005187822067	-0.379754814	-0.2565026207	0.2436090466	0.1903928596	0.04992044484	0.1278122616	-0.09374415075	0.01522010887	0.0689865372	-0.387043001	0.1533865688	0.02172582411
0.1655184813	-0.01838635353	0.03081599295	0.0368738212	0.01946105718	-0.02803775301	0.02486236093	0.03882355291	0.02201305446	-0.3211288301	-0.3554175027	-0.3621750432	-0.3419125985	-0.3401637187	-0.3325390711	-0.3373481972	-0.3180309913	-0.3587732288	-0.3173641917	-0.2958453959	-0.05984150691	0.001171071078	-0.309520415	-0.01505684405	-0.07862777407	-0.2955361357	-0.2912608254	-0.3487407366	-0.2940968687	-0.08615038966	-0.2811216337	-0.02839785014	-0.07054934066	-0.2370248152	-0.01979795167	-0.3287382096	0.04779265291	0.04315084198	0.03126023191	0.01154987135	-0.02820951512	0.05105104881	-0.3171009939	-0.09203528737	-0.314840844	-0.01218868605	-0.07594288453	-0.08114706895	-0.1008046272	-0.05628732585	-0.07954741421	-0.007337111971	-0.344505612	-0.3319028006	-0.3202458189	-0.08960721668	-0.08513281552	-0.05583039282	-0.3194094146	-0.3075927318	-0.3224967778	0.03385351553	-0.3485873061	-0.04305796001	-0.06270761367	-0.0777386228	-0.01795310947	0.05145644612	0.01084090676	0.04780895271	0.03861749591	0.1180659118	0.1181132783	0.09647397279	0.002699183408	0.09341098107	-0.02834619863	0.01749014615	0.03142788437	0.03709458443	0.1517455486	0.126823121	0.2159828295	0.009144609889	0.09696996927	0.2611257938	0.1005792802	0.1513674826	0.2828735441	0.08868071432	0.1943251116	0.1888494694	0.112848107	0.03624143134	0.1883248011	0.2635874114	0.2276432932	0.2505123997	0.1504062077	0.03259372738	0.27657017	0.03717485381	0.02603428346	-0.006132741652	0.01330072453	0.2788164957	0.1236014109	-0.0131667484	-0.01966239727	0.03566589831	0.06077843278	0.05894896129	0.003556424721	0.1197788954	0.1454731502	0.07153688381	0.1220459321	0.0301664106	0.007275289762	0.1797058186	0.2960821408	-0.01625750048	-0.05151378617	-0.08171737579	-0.06204534359	-0.0307363091	-0.3093541336	-0.00256551546	0.13101148	0.1220535157	0.306291543	0.2854328642	0.1726644022	0.1813481018	0.003711330938	0.1264766395	0.09360185781	0.223542405	0.2508525864	-0.04760908899	0.1070641648	0.05336676688	0.1227761206	0.004413404157	0.007076544693	-0.004511008511	0.03494361029	0.1062621925	0.1195019813	0.1380217886	0.0006808492493	-0.04115207832	0.01688572883	-0.01702257526	-0.01595671476	-0.07198985339	-0.05237228657	-0.08906941505	-0.02271693601	-0.0149417397	-0.01367937245	0.0347881881	0.03715794681	0.1424657019	0.04856116771	0.173049245	0.04083084853	0.04029496138	0.01467177009	0.01302250195	0.03645403634	-0.04443884399	-0.007381167812	0.0271208499	-0.05877046757	0.01883458248	0.05104489028	0.1095779899	0.1064121611	0.1175226503	0.1305086055	0.06531688596	0.06244925162	0.07614970815	-0.003612076541	0.06267054036	0.07481314897	0.1327467997	0.08194348633	0.1038116677	0.255660766	0.03254277158	0.0436620208	0.0001429945397	0.0224789167	0.02639515498	-0.02095042598	0.04889883253	-0.02446818299	0.03694922399	-0.05804820515	-0.02776393939	0.05366154102	0.04676973132	-0.01914084608	0.05289970988	-0.03500615221	-0.005193164579	0.00219270674	-0.05941132513	-0.04000157567	0.060745647	0.005570706897	0.2063206685	0.1455975547	0.1101806623	0.6075430803	0.09758086775	-0.01273246451	-0.3416211489	-0.2376562979	0.0295458684	0.03318450559	0.08467088828	0.07013202385	-0.08478789962	0.03738314856	-0.02229006224	-0.3516086056	0.06714619743	0.004306113462
0.05365594709	0.06700071696	0.05078229782	0.04681865478	0.02344713616	0.02175809867	0.0285083144	0.01051064913	0.1106394992	-0.3533089093	-0.3357252587	-0.3429120252	-0.3259226182	-0.3158265984	-0.3101962382	-0.3268680562	-0.3515148246	-0.3427650911	-0.308667654	-0.3353889221	-0.02644856512	-0.05191280847	-0.2963829561	-0.03383185394	-0.003581635719	-0.3201004814	-0.3150654343	-0.3194522229	-0.3156839056	-0.01636656625	-0.3171677909	-0.03742662638	-0.0382594172	-0.2138179543	-0.04588867051	-0.3180976102	0.04073688992	0.03403906553	0.03684140283	0.01417953253	-0.001154359702	0.01475835839	-0.3596140466	-0.01665309573	-0.3352412092	-0.003011661537	-0.02966075355	-0.0189667863	-0.02510367581	-0.02699831621	0.009937872957	-0.04164960387	-0.3248502942	-0.3095451985	-0.3066103387	-0.02133852691	-0.007570061236	-0.02553688445	-0.3635412458	-0.359084885	-0.3535398372	-0.01846111756	-0.3184183076	-0.009741662118	-0.02394233359	-0.03228914615	0.007579433734	-0.02348939853	0.04432596833	0.01930263587	0.06232602708	0.008327510614	0.008525400414	0.1364254471	0.08449207009	0.100228798	0.00658938859	0.003201762797	0.05603541338	0.04559864252	0.1638242939	0.1930225074	0.08243488283	0.02259859064	0.1414510364	0.1031314972	0.09909675996	0.1204548461	0.1281472324	0.1483350318	0.0420442141	0.1614810295	0.04337390329	0.0417648722	0.1548686209	0.1865693521	0.1340906392	0.1693128007	0.05210351998	0.006599936359	0.12457013	0.03961307254	0.05182187736	0.0006921223927	0.06457503234	0.1201897988	0.1855683103	-0.002204432305	0.0409581521	0.09911760892	0.06621645304	0.02677182682	0.01025763947	0.08652207901	0.07876704174	0.04586127551	0.2512936393	0.1119793507	0.0169171515	0.1313881925	0.1376361741	0.003106310986	0.05730245278	0.08170974615	0.0351889656	-0.01147352333	-0.3503019773	0.1095028503	0.1789177413	0.1658366719	0.1547523592	0.1307603274	0.1257684726	0.1080496283	0.03502240145	0.09500300767	0.03638820095	0.1326882498	0.107015751	0.03370668026	0.04565526723	0.05020592771	0.3131744999	0.02129813352	0.03198470943	0.0185553881	0.04845110177	0.1212881706	0.07562119948	0.2722727027	0.04418861532	-0.01279415687	0.004862548657	0.01991791011	-0.01466125918	-0.007825739675	-0.009217052753	-0.01170975533	-0.02149002634	-0.005165104882	-0.02332905489	0.05105409743	0.03548224839	0.1360018534	0.02877023784	0.1085018804	-0.0400087364	0.0190284493	-0.01153785377	0.006120368877	0.01653153496	-0.01570211043	0.01950348548	0.03310755096	0.01164614657	0.1223670972	0.03113147498	0.0734447216	0.0140740747	0.1127650656	0.1378445348	0.05963092155	-0.001257171792	0.01953025074	0.01936058358	0.07353397398	0.1167238673	0.07769596645	0.07014741447	0.07511719053	0.09261571369	0.03038053019	0.06093258199	0.04418388111	0.02130829031	0.03973766161	0.05966754282	0.04652879414	0.04338466036	0.07562788347	0.0847461402	0.04489468467	0.0754933634	0.0810858291	0.008059681831	0.05466241386	0.005264226591	-0.003075202575	0.004931126879	-0.02525082679	-0.015373279	0.06748027541	0.03173981968	0.06496535607	0.2397666124	0.03910904786	0.09758086775	0.3826139886	-0.06036396156	-0.3202541812	-0.2142753447	-0.006884392878	0.01865170828	0.02830615474	0.08492571582	-0.01803180135	0.04666756141	-0.004750717657	-0.3221002758	0.06791636425	0.00109648782
-0.08146970299	-0.02000253777	-0.0566525387	-0.06914996241	-0.009542842379	0.0394820774	0.04995741338	0.07578125994	-0.09989458891	-0.09089993101	-0.1255319296	-0.1295552892	-0.1109887896	-0.149417471	-0.1046669509	-0.09773881547	-0.09488765705	-0.1239606215	-0.03092350566	-0.06138997506	0.480244133	0.5839624159	-0.0663788684	0.1239316872	0.0974139603	-0.08825167637	-0.1168948322	-0.1484197961	-0.06521040234	0.1130732956	-0.07909582134	0.2538965768	0.5645146109	-0.0004478268577	0.310386966	-0.1770950511	0.002926254384	-0.01183010245	-0.04195361793	0.09407409827	0.1775471958	0.1311645534	-0.0396304139	0.08416902659	-0.1145109509	0.2912977962	0.1481909558	0.1811398799	0.08264976684	0.4609490969	0.1862794	0.3065467437	-0.1489817189	-0.1451862518	-0.146438959	0.1178671859	0.09643145677	0.3981244504	0.002154385733	-0.03760540081	-0.06680096709	0.3268847653	-0.1356016426	0.247607964	0.2809746586	0.1958014767	-0.03741856898	0.1406483174	0.04806673852	-0.0556720973	-0.05512901929	-0.03876141319	-0.03796700505	-0.05389035443	-0.09227959302	-0.08624190815	-0.0454163282	-0.01114841094	-0.1175107249	-0.03626076053	-0.03574968232	-0.0543829031	-0.03174867851	-0.09168942149	-0.1021809111	-0.02824065797	-0.003963066925	-0.07849374676	-0.07588586044	0.0207175619	-0.01148022976	-0.0442785154	0.008198637939	-0.04471005356	-0.09776944109	-0.05971452066	-0.07076608681	-0.07237118592	-0.02819420619	0.05648912496	-0.0612957541	-0.06242630003	0.01829766932	-0.05113168628	-0.07202241798	-0.02906009296	-0.01224577669	-0.04993610741	0.04705104107	-0.109801075	-0.08155142326	0.1031654544	-0.02896892301	-0.1086443212	-0.1025569502	-0.04061873146	-0.06808550387	-0.09687953526	-0.1140417619	-0.1067420509	-0.07771201947	-0.04470973153	-0.0760038596	-0.05117093558	-0.05586641881	0.004909288224	-0.0388299448	-0.08089523635	-0.003492125391	0.01150815593	-0.006104844435	-0.07490941666	-0.0835848778	-0.07874860369	-0.0290211335	0.03935760774	0.02693445704	-0.0690042761	-0.009100536864	-0.07745679503	0.009214944062	-0.103782995	-0.08899384332	-0.1082465355	-0.1013596243	-0.1122366566	-0.046636441	-0.1063692761	0.03242469083	-0.09058441076	0.02392637591	0.04123697655	-0.07901982277	0.006550154334	-0.09242760516	0.07159104828	-0.0480429303	-0.08352848664	-0.1024543201	-0.04258786385	-0.04246151699	-0.02106095146	0.07597871029	-0.09180108932	-0.04693643336	-0.0383640065	-0.04114516467	0.01751189897	0.01330900567	-0.05678240751	0.03756946512	-0.05324049791	-0.07061133987	-0.05660164498	0.03239435637	-0.0290838785	0.01852522246	-0.004175155779	-0.0305168653	-0.08446984403	-0.03450812479	-0.1055971519	0.03453671792	0.002541220007	-0.08761791256	-0.08760431003	-0.06581265772	-0.07526774241	-0.06425372686	-0.08613380939	-0.01293662019	-0.092337156	0.08374798141	0.01813952343	-0.00113017964	-0.004426124711	-0.01617600923	-0.05636478071	-0.003908432449	-0.1007258888	-0.1065718267	-0.07700379784	-0.0796769371	-0.1036804727	0.143291765	-0.009869929382	0.06046506339	0.06745709402	0.1340718255	0.3305257932	0.4856639977	-0.08254110422	-0.01657221061	-0.02975446947	-0.0249934201	0.0005187822067	-0.01273246451	-0.06036396156	1.012561935	0.0005900071091	-0.001498040887	0.01026180984	0.04370885642	0.1232670637	-0.08590852632	0.09115852924	-0.002635304017	0.2329487011	-0.0004892816889	-0.06552949354	-0.01937367273
-0.3521544772	-0.347419096	-0.3277640125	-0.3694025397	-0.3190157738	-0.2925497064	-0.2889130029	-0.3204511559	-0.3571821115	2.725832901	2.721606743	2.745172017	2.645887449	0.9152093656	0.9330088322	2.643935032	2.675358934	2.726748084	0.9348069254	2.666275342	-0.09958190715	-0.1320237004	0.893071404	-0.07074078527	-0.08454493325	0.9081134061	0.8709569337	0.8883169626	0.837057974	-0.05726528697	0.8317674195	-0.1912689345	-0.09914197624	1.203962254	-0.1754844799	0.9142174934	-0.3420329079	-0.353709376	-0.3773851741	-0.2840552667	-0.2319407221	-0.2770118687	2.637067736	0.1078340952	0.9458459679	-0.1688876768	-0.1372775782	-0.2200154231	0.0260357698	-0.07204959764	-0.08603382112	-0.189426625	0.9530413587	0.8670339756	0.8362070376	-0.06491603466	-0.08691396888	-0.1235296309	2.620642344	2.67960944	2.562662373	-0.1058359881	0.8709285274	-0.1787411252	-0.1872244402	-0.1586612953	-0.3097168969	-0.2424877544	-0.342987523	-0.3649407179	-0.3500804052	-0.3428060803	-0.3422612074	-0.3454111224	-0.3483200336	-0.3666741134	-0.3034595303	-0.3721462964	-0.3636082654	-0.3789716645	-0.2417624203	-0.2533389633	-0.3784073711	-0.3280227104	-0.3479116556	-0.3803810219	-0.3428280201	-0.3168945756	-0.3219977252	-0.194419881	-0.2933783096	-0.3029260544	-0.2626243897	-0.3785468944	-0.3047801048	-0.321865665	-0.3112554056	-0.3247311685	-0.3876382536	-0.3756270082	-0.325510711	-0.3619667566	-0.3025035567	-0.3523118497	-0.3356796897	-0.3090920459	-0.2636640305	-0.3597272723	-0.3211760023	-0.3046296519	-0.3693287383	-0.2744986732	-0.3120997189	-0.3454732333	-0.3613302887	-0.3632276654	-0.3445571363	-0.3626650138	-0.3475786764	-0.3309487409	-0.3217900985	-0.3357471747	-0.3182907872	-0.237946628	-0.2650155047	-0.2816189112	2.58105126	-0.347875667	-0.2638710607	-0.2840737239	-0.3187918344	-0.3035930534	-0.3504259234	-0.3398368468	-0.355696442	-0.3347940702	-0.2988333725	-0.310028832	-0.3491777154	-0.3044148136	-0.2959259121	-0.3365967272	-0.3432011201	-0.3611575769	-0.3697780659	-0.3562434453	-0.3671805523	-0.3476890323	-0.3239792102	-0.341619641	-0.2607150766	-0.2434380805	-0.2878273345	-0.2766213005	-0.2321083197	-0.1732854986	-0.2193884677	-0.08413902389	-0.2766198765	-0.1653588907	-0.2080985469	-0.3537468295	-0.2062559482	-0.365340627	-0.360983463	-0.3168903435	0.0280330399	-0.3133630046	-0.0794064768	-0.1557518402	-0.257574691	0.07022104757	-0.3012832176	-0.3548090112	-0.2389872549	-0.3165454449	-0.3133166237	-0.3337612837	-0.3926334589	-0.3614313307	-0.2738981877	-0.3276755602	-0.3867513125	-0.3851896464	-0.3748896109	-0.3203410197	-0.3194014899	-0.3548226241	-0.3649559571	-0.3626488971	-0.3336151179	-0.3715889227	-0.3352776972	-0.3149210385	-0.3308063975	-0.314378216	-0.2921258738	-0.2979090529	-0.2744221523	-0.3177521494	-0.3312354597	-0.3063897374	-0.3204714286	-0.3384779652	-0.28895351	-0.170800029	-0.2753628983	-0.1522765072	-0.2831361244	-0.1720872943	-0.08465852101	-0.3542700531	-0.3615470782	-0.358144466	-0.2589974415	-0.379754814	-0.3416211489	-0.3202541812	0.0005900071091	3.203111684	1.204072911	-0.3879881525	-0.3607362414	-0.2909229913	-0.3560203206	-0.07708362633	-0.3092431367	-0.2291345891	2.674300681	-0.3400619225	-0.309988096
-0.2318167823	-0.2289277204	-0.22570852	-0.2399105171	-0.2008730541	-0.1971990193	-0.194299851	-0.209865972	-0.2369688435	1.157448974	1.140972677	1.154186979	1.11353727	0.8336544161	0.8755555737	1.120800123	1.130367136	1.100128172	0.9078685316	1.104492769	-0.02895191383	-0.0387225693	0.8480841419	-0.00706782652	0.008342188433	0.8494580214	0.8238283248	0.8386106315	0.8145585551	0.04354733336	0.8141144351	-0.06188334035	-0.04467480017	1.723483425	-0.07972067269	0.89999289	-0.2301232816	-0.2426584319	-0.2634941116	-0.1775792336	-0.1618738768	-0.181618756	1.136110315	0.2927854349	0.8897522323	-0.1149388529	-0.07101763702	-0.0856453428	0.03240199428	0.004726724404	-0.03916069987	-0.01841602959	0.8752784002	0.876145969	0.8518860407	0.04577043426	0.02277855948	-0.05645825818	1.163835359	1.16669118	1.175333386	-0.01673237916	0.8324748799	-0.08137681894	-0.07120242786	0.009300949605	-0.1824259168	-0.1675903582	-0.2387991866	-0.2463665878	-0.2397871991	-0.2425935704	-0.2419189097	-0.2491930673	-0.2402257637	-0.2575534855	-0.1948188355	-0.2169531073	-0.2527384098	-0.2516636653	-0.08783219002	-0.1527421616	-0.2657271693	-0.1907070101	-0.2392887474	-0.2667784283	-0.2171164414	-0.1900912856	-0.2234103822	-0.08639840336	-0.1677257982	-0.1953360443	-0.1627766602	-0.2625077118	-0.1809815395	-0.2134734172	-0.1993653166	-0.2267861678	-0.2705347619	-0.2389198929	-0.2249010933	-0.2415392253	-0.2043476699	-0.2079179162	-0.2217051015	-0.2182230528	-0.160025191	-0.233116111	-0.1948427364	-0.2006806194	-0.2537358302	-0.1872808613	-0.2138421284	-0.2325562801	-0.2451559651	-0.2480838186	-0.220845688	-0.2484626509	-0.1989884	-0.2015762487	-0.221359336	-0.2368077778	-0.1949039939	-0.1562660513	-0.1523997779	-0.1514596044	1.109547299	-0.2329822032	-0.1600214222	-0.1692484499	-0.2161824292	-0.2068032713	-0.2245178805	-0.2350435604	-0.2206758839	-0.1894335796	-0.161111949	-0.2008640135	-0.2424791869	-0.1376527826	-0.1951833959	-0.2211307088	-0.2331080167	-0.2340085948	-0.2611050235	-0.20398683	-0.2545193468	-0.2265258988	-0.2227835429	-0.2339912429	-0.1733890373	-0.1032627195	-0.1429969774	-0.136151987	-0.09058314881	-0.08199209138	-0.1152889267	-0.002721872318	-0.1401126196	-0.03272873968	-0.05128116865	-0.1967188771	-0.08350760729	-0.2535019168	-0.2388271459	-0.2215165222	0.175673769	-0.1800532019	0.0124557153	-0.0171253257	-0.1176181597	0.1606108272	-0.1613735046	-0.2343298848	-0.1350897003	-0.2043736219	-0.1798881715	-0.2302326583	-0.2800838007	-0.2447338675	-0.1457958822	-0.2144826123	-0.267186141	-0.2638834059	-0.2389193162	-0.2132550623	-0.2032917313	-0.2392022432	-0.2541262082	-0.2541496636	-0.2286908566	-0.2566238625	-0.2168227591	-0.1592241503	-0.1810955218	-0.2227168066	-0.2091802648	-0.2072957176	-0.1740237117	-0.2359176387	-0.2240784032	-0.2111116323	-0.2259716726	-0.2343451308	-0.131037626	-0.1197116087	-0.2037158528	0.01982633472	-0.1233989476	-0.06021789829	-0.005711401868	-0.245762273	-0.2420086474	-0.2331753525	-0.1480657828	-0.2565026207	-0.2376562979	-0.2142753447	-0.001498040887	1.204072911	2.026171908	-0.2561682872	-0.1982916142	-0.1873069799	-0.2431901837	-0.01296960965	-0.1881256969	-0.1254771366	1.4276902	-0.2307262629	-0.164088801
0.009724598036	0.1121030233	0.06515938068	0.1028158783	0.02974678108	0.07133498628	0.03850386967	0.07913595095	0.08882068042	-0.3620832473	-0.3939047615	-0.4000609255	-0.3787436035	-0.3524682812	-0.3573321863	-0.3801095776	-0.3528469316	-0.3672430934	-0.3141108957	-0.3359988944	-0.04533554922	0.03209331057	-0.3388755755	-0.002329565223	-0.03524509414	-0.3009768823	-0.2998929421	-0.3409225603	-0.3009628517	-0.05322047475	-0.2936536027	0.08988742837	-0.01886574635	-0.2541906358	0.02936844944	-0.3318884859	0.08740026873	0.08220182625	0.1236010355	0.02413030063	0.01300475455	0.05650696725	-0.3053916273	-0.09326545631	-0.314296407	0.007261336979	-0.05006962262	0.08421617011	-0.06072070873	-0.06053981767	-0.03084810501	0.03237194634	-0.3448869079	-0.3520771799	-0.3445620791	-0.06060407318	-0.04416341758	-0.01192577659	-0.3168115937	-0.3336048083	-0.3079653827	-0.007123893789	-0.3552778982	-0.04811682134	-0.03808260589	-0.02503906616	0.1484276139	0.1195123636	0.1015393104	0.1050320185	0.09458346022	0.1165184958	0.116443038	0.06334978637	0.05010393445	0.03246706264	0.1449544856	0.2548158388	0.06576224304	0.1175058788	-0.06135574411	-0.05568634318	0.09925962007	0.03522572451	0.05044285427	0.08220637357	0.07864064585	-0.04119823475	-0.03469910919	-0.08797851535	0.03888650583	-0.04216870285	0.02347926712	0.1210816988	-0.05918273577	-0.04600421552	-0.05756142016	-0.02638615675	0.1515495919	0.3039581156	-0.03606780385	0.182276043	0.06664477258	0.1255776632	0.09387030283	-0.01207189263	-0.03471676279	0.2157057802	0.112599006	-0.02799706277	0.1319861625	0.03711745507	0.08043669837	0.01220403922	0.07504553343	0.1397082874	0.02555062924	0.05389103519	0.02417064429	-0.0656184258	-0.04847420956	0.2022656106	0.1689625061	-0.00342716248	0.1962110251	0.08774028902	-0.3004896834	0.1360740125	-0.02967077832	0.009680317883	0.01898007285	-0.06305163708	0.003857707988	-0.001597060834	0.09447681903	0.1304718279	0.07553759093	-0.05914628296	0.04268054426	0.03929310561	0.03006908625	0.04720758785	-0.002098458815	0.0866738479	0.0286644914	0.02346349579	0.1031950553	-0.0003196437222	0.02519650751	-0.02707434945	0.08076148754	0.002554752758	0.1072455008	0.04191230706	0.07038833084	0.009519341395	0.05469565151	0.002979931886	0.1012632612	0.0457464828	-0.01232929525	0.111399943	0.07594069708	0.02669364301	0.1033543308	0.02082296149	-0.06251243737	0.1069712802	0.04916122972	-0.02352104471	0.06171756598	-0.1201478057	0.1311663602	0.2060965916	0.05410690019	0.1461273617	0.08606299843	0.1261464778	0.1818978269	0.07250719063	-0.03474272167	0.007447436667	0.2410253426	0.3024348109	0.1891257519	0.09022448609	0.0581235432	0.07556328488	0.0385211674	0.03875034275	0.04809036936	0.1004698703	0.1558606534	0.1109506194	0.04837491111	0.03180862717	0.1232141912	0.08844107337	0.10824436	0.01276202258	0.06032632126	0.04722770861	-0.04305496955	0.01325955319	0.04012666673	0.01825752667	0.08966299628	-0.0526513249	0.002999007463	-0.02354194474	-0.06158760904	0.0703758346	0.1062051404	0.02508287258	-0.03721828799	0.2436090466	0.0295458684	-0.006884392878	0.01026180984	-0.3879881525	-0.2561682872	0.586956245	0.3260311961	0.05046216459	0.0423007709	-0.06125821478	0.1121999821	0.03275602738	-0.3864927804	0.1949644051	0.1588724337
0.0121063444	0.0897968421	0.07332335074	0.05799761855	0.01467004279	0.06828516735	0.0306763448	0.06570027702	0.1203143124	-0.3407218351	-0.366873998	-0.3753995562	-0.3578117541	-0.324955224	-0.3175879179	-0.353401211	-0.3274891726	-0.3715909368	-0.3209120097	-0.3105870244	-0.03088973219	0.05738228953	-0.3223081167	8.397274046e-05	-0.04074138007	-0.284240819	-0.2782843945	-0.3290422772	-0.273063068	-0.05727664292	-0.2679572498	0.06897788116	0.01218111138	-0.2088371214	0.02398301345	-0.3341324269	0.04669350302	0.05573925375	0.08969030562	0.01794982041	0.0112112693	0.02649316412	-0.2832092798	-0.01108667969	-0.3193064895	-0.008651493672	-0.02596939163	0.01693508626	-0.05728584874	-0.02079566677	-0.02587386368	0.1445732423	-0.34205491	-0.3228390683	-0.316317359	-0.05772308555	-0.04012486375	-0.01093717096	-0.3025854448	-0.3360532198	-0.2698509191	0.002613540268	-0.3189596788	-0.03791297465	-0.03245675624	0.0730865189	0.08261780373	0.106710342	0.06713531615	0.02786568003	0.07316429925	0.0728109765	0.07301034051	0.05874303503	0.07876828102	0.05033571874	0.08503356782	0.2291401574	0.05020461114	0.08093251702	-0.04645887104	-0.06177415307	0.1070901444	0.06078907922	0.02605987513	0.09219013875	0.1012532014	-0.001850377375	0.008273913051	-0.07815237731	0.07153249241	-0.04497966537	0.01959320838	0.09117638285	-0.03100586539	-0.03674506292	-0.05823322446	-0.000758392654	0.104866101	0.2535545922	0.008191614276	0.07927625512	0.08851555217	0.1082615531	0.06628923539	0.03617256468	-0.01376074747	0.1156867601	0.06264967125	-0.02246758049	0.07113014948	0.01134148402	0.04146931594	-0.0008744689714	0.03578934033	0.08112788284	-0.00744586702	0.01644925651	0.01396342783	-0.06628616316	-0.004334009294	0.09434299486	0.1854722595	-0.003535353154	0.2056389556	0.1979973588	-0.2756379165	0.1318325582	-0.01025085666	-0.0178258281	0.04244448313	-0.02569272246	-0.01808962478	0.006454503048	0.1705646387	0.06018382551	0.05064926862	-0.05954576781	0.03662205286	0.01742593009	0.0155758051	0.0284135503	0.0009454856618	0.08143803205	0.02494985818	0.01335286665	0.05580401579	-0.004802960387	0.04027278155	0.01184099459	0.04059095149	0.109836499	0.06171537078	0.06668912002	0.05814062417	0.02096060871	0.06912889052	0.03419825424	0.06811616241	0.05262143648	0.07620721264	0.06063096175	0.08829831591	0.04135240907	0.03918920115	-0.02165301629	-0.07397112908	0.07542240936	0.02955835148	-0.05425229071	0.03652950965	-0.1196175876	0.1714715491	0.1277163552	0.08577909244	0.1609649501	0.05336463972	0.1180057655	0.170398549	0.03278065479	-0.04547273715	0.00619366865	0.1494751882	0.2199838089	0.06800966037	0.0349083978	-0.02377202135	0.07642389016	0.05802952697	0.03009922705	0.09566805547	0.07547607261	0.1117968862	0.2380452002	0.1380715351	0.0453013694	0.123807511	0.1168755009	0.1136234543	0.006728725602	0.03034813719	0.02520809874	-0.010273577	0.007174431238	0.1163536306	-0.009983634387	0.06371327072	-0.02623471262	0.02409866704	0.0001272733615	-0.01524422618	0.1167173383	0.09758828622	0.05016511503	-0.03420241907	0.1903928596	0.03318450559	0.01865170828	0.04370885642	-0.3607362414	-0.1982916142	0.3260311961	0.6958541095	0.009703704087	0.05914050014	-0.0395932482	0.10412822	0.006858640156	-0.324594928	0.1221294098	0.2211834611
0.1050923644	0.06032472068	0.1129368118	0.1146022775	0.1269799847	0.0584256219	0.08918949437	0.1764846869	0.06981542956	-0.393570995	-0.3739545219	-0.3815126862	-0.3601089333	-0.3636841061	-0.3551396339	-0.3735481284	-0.3877687231	-0.3895469211	-0.2719865226	-0.378988749	0.1419806761	0.1046256192	-0.2929449195	-0.03231988398	-0.01448871293	-0.375610197	-0.3729310555	-0.3696506181	-0.3698649972	-0.02694143097	-0.3652741342	-0.02818433317	0.01942738887	-0.1851224147	-0.02555566584	-0.3611785873	0.2150874365	0.2774842894	0.2244487892	0.1381090638	0.04871201304	0.3706566591	-0.3973715675	-0.0408461761	-0.3882637632	0.2556439498	-0.01006786323	0.1303937647	-0.05053032662	0.09180922559	-0.001900729856	-0.04298034838	-0.3704574421	-0.3544800722	-0.3390071961	-0.02369614901	-0.01760843334	0.1324025043	-0.3916832774	-0.3953340249	-0.3903009056	0.08445907341	-0.368493051	-0.05575709222	-0.05561197901	-0.03287306802	0.06095118488	0.08259550523	0.1191231041	0.1653438489	0.03762164651	0.07162185381	0.07121187403	0.1071685629	0.1069683004	0.1160016505	0.01403257745	-0.02167939577	0.07864978357	0.2016648484	0.03789250942	0.04546555904	0.09442788364	-0.008452340201	0.08290348338	0.0763032209	0.02621490644	0.02985396097	0.08068012996	-0.02009605664	-0.003511718745	0.06586772415	0.05314323342	0.2213834325	0.001694296878	0.07585365306	0.04188446057	0.07871073454	0.09962808488	0.02259360027	0.08014298328	0.09572242603	0.08248262847	0.00735963289	0.0390256992	0.07266825547	0.06119982296	0.09053924048	0.06525082227	0.028858113	0.09218158846	0.3520392601	0.1219452863	0.06039107228	0.09301269031	0.0681829687	0.01977816123	0.04302222437	0.0722011689	0.02031345483	0.06729268532	0.02285968486	-0.02699208821	-0.07988717367	-0.02661672752	0.03278521246	-0.3889423469	0.01542903828	0.06944290444	0.07295577714	0.03262589609	0.04044784307	0.06179788287	0.1051859398	0.04620684483	0.05452010042	-0.04730098071	0.04262809173	0.06715279958	0.02151654163	0.04361437516	0.03484626113	0.0203679905	0.08475317237	0.113417276	0.08621178223	0.1818054353	0.04486209275	0.08154217157	0.03345753037	0.1303617782	0.0009374580789	-0.003250543729	-0.01347400255	-0.05500843873	-0.007538782571	-0.08058170353	-0.1475816849	-0.04865703047	-0.0346019562	-0.05490682306	0.06885771108	-0.02945643951	0.0925246041	0.1615600305	0.08978991888	-0.09663027962	-0.04181397928	-0.1022675621	-0.06101166803	-0.05806536706	-0.1314024728	-0.04099028203	0.1124302613	0.01161188749	0.02186840936	-0.04399035635	0.03004093222	0.0878580392	0.08876835583	-0.03310003507	0.0364120433	0.08147345513	0.06445177879	0.03717420755	0.05070020723	0.03784523198	0.08332537781	0.1444724346	0.1407608356	0.07245550618	0.1149636276	0.04101994392	0.03696385822	0.04769771152	0.107005174	0.07481671927	0.09206818512	0.0307870415	0.1283076324	0.03709057916	0.05412659689	0.06466072473	0.1302755582	0.09252431976	0.156866343	0.1449708761	-0.02383452833	0.05623154107	-0.04027202115	0.06840511039	0.09006983625	0.1046173092	0.07637556053	-0.01021057951	0.04992044484	0.08467088828	0.02830615474	0.1232670637	-0.2909229913	-0.1873069799	0.05046216459	0.009703704087	0.5080541491	0.1109442318	-0.07495933815	0.08239046488	-0.0004789442611	-0.2801087441	0.1084861281	0.08072230339
0.1676056272	0.08332690989	0.1446543776	0.1316102096	0.07022683833	0.04463766746	0.1534388068	0.1081115313	0.1292408026	-0.3986427184	-0.3773778083	-0.3866723257	-0.3646188998	-0.3498283656	-0.3517875368	-0.3626918763	-0.3925480723	-0.3846043877	-0.3517602226	-0.3700955591	-0.05852987314	-0.06901518973	-0.343318848	-0.08369932565	-0.07874829279	-0.3548306504	-0.3599385377	-0.3518912531	-0.3537064637	-0.07362303569	-0.3560915909	-0.08011137669	-0.03317179595	-0.2479752068	-0.0827954248	-0.356968986	0.1461360747	0.1520290477	0.1568814137	0.05652898064	-0.01945706268	0.1071746798	-0.4057070925	-0.09765195444	-0.3753376202	0.04400583082	-0.03595373612	-0.03952136161	-0.09072456587	-0.06778445025	-0.0429469569	-0.05434680985	-0.3574182686	-0.3469403155	-0.3357239511	-0.07541838517	-0.0638565781	-0.02421686473	-0.4111426959	-0.4017210342	-0.3935921883	-0.04729389385	-0.3551742646	-0.0229502407	-0.04273594656	-0.04867023389	0.08419000564	0.02474166108	0.1273741443	0.1475265151	0.1509951633	0.06454225095	0.06465976924	0.1086378698	0.1548592561	0.2640344583	0.04953631668	0.0193764357	0.1279628034	0.1492299051	0.03324916597	0.04193619481	0.1504076336	0.08417079252	0.1215271049	0.1720847351	0.1523738158	0.006124558011	0.1062583199	-0.05732297616	0.1465195113	0.04470641308	-0.02252211849	0.1560045018	-0.01768938842	0.0633901748	0.02826960279	0.1040792871	0.1925992122	0.04510492167	0.1091197038	0.1590991257	0.0841675935	0.006937252015	0.09584014807	0.06361938933	0.08543626154	0.08080326232	0.08906416179	0.1059651889	0.1272431955	0.08482093139	0.1328820098	0.2114828362	0.2221037822	0.08239810217	0.03151757559	0.1493015666	0.165754732	0.02265282094	0.09927902429	0.05408456468	-0.006066314168	-0.06713695413	-0.01463526869	0.08239309988	-0.396599679	0.09264807229	0.07906337754	0.05242364683	0.09678020988	0.0256500181	0.1292129075	0.1785096075	0.04576355282	0.05267757215	-0.05940887583	0.0291381226	0.08098120396	0.07032051801	0.06585861315	0.1429444127	0.08710314609	0.1175730884	0.1910552984	0.1698259148	0.1475754379	0.1192353217	0.09569089675	0.1007603198	0.05689916051	-0.01193206662	0.003579391691	0.01428242756	-0.03704262892	-0.002927741016	-0.03026371904	-0.098322159	-0.01901368802	-0.03927409712	-0.02910836552	0.05075672734	-0.04275141713	0.2549218681	0.1737900722	0.127157115	-0.1419791552	-0.06422931478	-0.1436511466	-0.08997498765	-0.09617320223	-0.1384319458	-0.07264801618	0.1225419566	0.01262045378	0.01383130003	-0.08036100518	0.02058458104	0.05924533774	0.1215146926	-0.03801351193	0.1377923749	0.03716808747	0.06352346688	0.01937739963	0.0814811285	0.03086561028	0.1713467972	0.1451462554	0.2595089342	0.1468272966	0.158049577	0.03360545177	0.02247495066	0.08472480409	0.07751607295	0.08482720739	0.08176662913	0.004571418749	0.1551947388	0.1002755219	0.08517700877	0.09718516997	0.1646073764	0.0240865132	0.06029034862	0.0776514056	-0.02202950358	0.02997144517	-0.02930473392	-0.0659032699	0.1516360246	0.1370617607	0.1311534763	0.002924989882	0.1278122616	0.07013202385	0.08492571582	-0.08590852632	-0.3560203206	-0.2431901837	0.0423007709	0.05914050014	0.1109442318	0.4416806456	-0.05594018988	0.1094984367	0.01049771998	-0.3654453632	0.13147857	0.09578784034
-0.03991574298	-0.009295036819	-0.04632297755	-0.0752616809	-0.009855432674	-0.007273213064	0.0058550562	-0.05491444737	-0.05896027193	-0.01563644555	-0.01923009526	0.001340437631	0.009703733432	0.0494643627	0.03461233443	0.0120001538	-0.03339267935	0.002434228965	-0.02722845756	-0.02280758812	0.1254277119	0.08715795006	0.0387638537	0.1883063016	0.1923837113	0.01076693478	0.0413339499	0.05095044059	0.02975070876	0.1791835783	0.02233519833	0.1220359335	0.09937762551	-0.005356180183	0.1594832109	0.03586963023	-0.05573147462	-0.06205509764	-0.08521859815	0.05345995662	0.1327489817	-0.08522173441	-0.03694060772	0.1316021115	0.01774425331	0.04075039374	0.531511095	0.1114280752	0.1985252287	0.09466787092	0.2122702692	0.1162152539	0.04549501935	0.06675259639	0.06722075248	0.1919941849	0.2009282827	0.1440915824	-0.01564911681	-0.02952991315	-0.05425704673	0.02682281807	0.05413862564	0.1604531601	0.1507917196	0.1182295373	-0.001643363176	0.0009673612488	-0.03679759541	-0.08068927758	-0.05149991323	-0.09634139949	-0.0957312588	-0.06724545891	-0.04812169823	-0.07529559828	-0.004471887954	-0.02824889599	-0.07665564361	-0.07603823143	0.001257152733	-0.06418396273	-0.08474505551	0.02106042297	-0.05979998201	-0.08563698347	-0.03490300491	-0.03691488344	-0.06362691205	0.02213725404	0.005372864191	-0.06528217191	0.01894831459	-0.08619447066	-0.05896410421	-0.05276638408	-0.05685999873	-0.05804963696	-0.09610681978	-0.04747849857	-0.04515778296	-0.07516193776	0.001772283371	0.003112600147	-0.01362167583	-0.04553596455	-0.0597454289	-0.004948817768	0.03357716865	-0.03307861547	-0.07765603674	-0.08729541125	0.01832716066	-0.04708932542	-0.06180890692	-0.03990244118	-0.04785125105	-0.06164902198	-0.05323858135	-0.06143276288	-0.05996859157	-0.02016837136	0.01108445497	0.01918628305	-0.00991714463	0.04434236914	-0.03700544246	-0.05308129501	-0.05417362929	-0.05065702486	-0.05296308459	-0.05997006465	-0.02785288241	-0.05718900167	0.0163989673	-0.06768860395	0.0007128620158	-0.05693869662	-0.06622650925	-0.001393183942	0.01888987472	-0.05729432355	-0.03429988616	-0.08180239329	-0.07056652104	-0.04511245836	-0.06763878942	-0.04540252923	-0.01204145143	-0.03544878275	-0.05331893078	0.06253948431	-0.01935927887	0.04715990705	-0.003361755643	0.1568795006	0.03044089092	0.05850387984	-0.000569516968	0.008611343247	0.08353536044	-0.02495895093	0.08890731519	-0.06726387857	-0.06241367176	-0.0576934343	0.07849772448	-0.01517713226	-0.003367278076	0.007167487364	0.01105247589	0.05802828394	0.03484424069	-0.0676704047	0.08898097631	-0.04402662723	-0.01189657094	-0.06901558419	-0.1131995397	-0.05711070186	0.0301487715	-0.0384884266	-0.04758944338	-0.08376282517	-0.04654359869	-0.004868212919	-0.01481173878	-0.06097704973	-0.08631817833	-0.0597130664	-0.03938364506	-0.06564026746	-0.02030492448	0.02163189105	0.009406407654	-0.03376650662	0.009037763957	-0.06191122504	0.05166221814	-0.08346395317	-0.03248678829	-0.02428823882	-0.03656682045	-0.05190363976	0.04053237244	-0.04413403826	-0.01575254557	0.1319978334	0.06166119965	0.1222229922	0.061619727	-0.07654973153	-0.05214298047	-0.06102415634	0.0090186779	-0.09374415075	-0.08478789962	-0.01803180135	0.09115852924	-0.07708362633	-0.01296960965	-0.06125821478	-0.0395932482	-0.07495933815	-0.05594018988	0.8284279457	-0.000912925552	0.09362191981	-0.06361110881	-0.08021457955	-0.02459982515
0.07484745899	0.06827990843	0.0625722627	0.08081941914	0.05561540423	0.1377629598	0.1103454564	0.0446056986	0.1487202604	-0.3614222025	-0.3461469802	-0.3479742084	-0.3307694405	-0.2968495107	-0.3093987674	-0.3260293435	-0.3555024458	-0.3406976813	-0.2921865121	-0.3363391146	0.02211346958	0.01887855097	-0.2988877131	-0.00941845991	0.0160029508	-0.3095794915	-0.3130701204	-0.3096001603	-0.3093948124	0.006268041611	-0.3071666949	-0.01037158721	0.03110036825	-0.1942654244	-0.01047214581	-0.3062445004	0.1047781265	0.09878582163	0.08864361158	0.1087961775	0.05085220892	0.05158088589	-0.3444455466	-0.03150345424	-0.328227114	0.007106773183	0.03986262539	0.01803469895	0.01900137303	0.01221055352	0.03448101781	-0.004497562374	-0.323991493	-0.3008319573	-0.2853404307	0.004302691381	0.0142226375	0.04607648299	-0.3343004256	-0.362766012	-0.3350682969	-0.03010700233	-0.3129302346	0.03286580426	0.008076790238	0.01680985819	0.1388065169	0.04968250394	0.09515621064	0.06437001458	0.06167204566	-0.003176138147	-0.003118542726	0.02115056092	0.08976129849	0.1105851707	0.1251915581	0.09827448275	0.06496201556	0.120437348	-0.01217492363	-0.01310528744	0.03892396851	0.03641500544	0.03070865051	0.09859755317	0.04894606982	0.03397543909	0.006189996124	0.001465221324	0.01756225618	0.005918104629	0.05419476713	0.09357477653	-0.01948605355	-0.0007501101508	0.0123137899	0.05539108064	0.03439270343	0.04301221465	0.0227834637	0.08655785675	0.1309793441	0.07693685336	0.1041169009	0.002491675714	0.02116575052	0.1397698901	0.06105807581	0.01194536774	0.05080978377	0.05438166483	0.09325630304	0.1415413774	0.1383243894	0.1423779632	0.0008642754942	0.06055260739	0.04810225905	0.007946722295	-0.01429816053	0.08862208496	0.05386187192	-0.02453674647	0.0294530646	0.1564782228	-0.3359575478	0.036681733	0.02373783952	0.03950196292	-0.001136779594	0.01067920835	0.01201202886	0.09236034806	0.05077818797	-0.02476272667	0.004350899313	0.01288907232	0.03215764566	0.05507370822	0.01895096468	0.08477779532	0.008809911921	0.117534578	0.07305522877	0.04647833637	0.09430757536	0.07421309292	0.06777718484	0.02255329906	0.07134632211	0.009840566255	0.03920770281	0.04528210009	0.001916544037	0.02808727349	0.003067471569	-0.06163555183	0.006845426984	0.0006840501697	-0.03043710356	0.1291531092	-0.03510403032	0.1437672278	0.0853437633	-0.01352279212	-0.02817238325	0.01225878523	-0.02068427321	0.004412914067	0.008512315296	-0.04859593116	0.05547163467	0.06023155092	0.02587225489	-0.002514084112	0.002983293243	-0.005392069524	-0.006480042292	0.02317258171	0.01316298811	0.09087886504	-0.01915039622	0.01159272869	0.0771750777	0.03264184935	0.04148554649	0.05213914036	0.1251061276	0.1417755327	0.0365823104	0.08988194354	0.0801249856	0.07397758679	0.07490559779	0.01297769682	0.1395893028	0.04348154557	0.1482907531	0.06676821612	0.1556460379	0.1262769536	0.05404445824	0.0879348371	0.07858881899	0.02851956638	0.06482795981	0.01519486548	0.0743217391	0.03932379532	0.029095629	0.1595036037	0.06585521384	0.02695470613	0.0251597959	0.01522010887	0.03738314856	0.04666756141	-0.002635304017	-0.3092431367	-0.1881256969	0.1121999821	0.10412822	0.08239046488	0.1094984367	-0.000912925552	0.5504027214	0.09733689485	-0.3117122307	0.1281466552	0.1388909159
-0.01250495036	0.001984783217	0.007996451549	0.08047883682	0.09192265984	0.04467969062	0.08912414919	0.06738216493	-0.04273926496	-0.2777568644	-0.259354542	-0.2670323983	-0.2511148122	-0.2072037029	-0.2095956201	-0.2419397658	-0.2680557126	-0.2597602874	-0.2274278378	-0.2492275067	0.1884495972	0.2438612825	-0.1822825048	-0.01708528402	0.01198058141	-0.2250206926	-0.2221077817	-0.2083475564	-0.2067844293	0.01111675483	-0.1894334468	0.05831499594	0.2580827295	-0.1225470175	0.155374768	-0.230060942	0.05736951127	0.02006441734	0.01271154976	0.1615791794	0.1799650384	0.005751739687	-0.2471093096	0.02019188445	-0.2386632795	0.1412631078	0.07519747157	0.1199311577	0.004382997102	0.2451995263	0.04669844922	0.1494032111	-0.2309308874	-0.2061461853	-0.1989480774	0.001995089121	0.009207014922	0.3007433888	-0.2435323015	-0.2696050052	-0.2387026444	0.1329114899	-0.1904310732	0.2472621505	0.2192126549	0.1218060739	0.01859842651	0.07049448355	0.1422583008	0.04767401551	0.07537043632	-0.002465748802	-0.002468927684	-0.007607231079	-0.05733772762	-0.00810126464	-0.01049102301	0.01780756316	0.003621004182	-0.009049068655	-0.04296376543	-0.04181966035	-0.01798509823	0.03046570047	-0.01466041809	-0.02938182821	-0.00343875075	-0.006875492685	-0.00891345546	-0.04570577615	-0.0108095012	-0.01441687409	0.08172741809	0.01326579704	0.02227046584	0.002992714394	0.0385552095	-0.01383584083	-0.007531423172	0.06717756631	0.001666656932	0.04199479113	0.09026202955	0.04332487414	-0.006471056828	-0.01276899295	0.0229461301	0.02421654852	0.01768518526	-0.03943282261	0.03848842443	-0.01379496583	0.02415288034	0.0005139144886	0.01153566725	0.06757789782	0.02431218904	-0.01006320068	-0.03295648228	0.02360848875	-0.008831568695	0.0006394119587	0.007054029258	-0.006466991528	0.04651845371	0.02283011983	-0.242030032	0.002828866006	0.01922658548	0.01543707474	-0.01780284224	0.02380534328	0.01861701695	-0.02051143816	0.03786757932	0.06452813113	-0.0335603278	0.03879155948	-0.02004942396	0.01972163676	0.1362940192	0.01845608481	0.0005508057624	-0.0309692943	-0.01666308839	-0.03396035439	0.06896270175	0.02347954167	0.1449998622	-0.01168222274	-0.05525430781	0.09605948289	0.009396581019	0.08543838803	-0.03928019093	0.1455319876	-0.05233555395	-0.07240091708	-0.06392960413	-0.004444148718	0.002417812545	0.05090329303	-0.08020645557	-0.008383068735	0.04221335266	0.01422361141	-0.03534267852	0.01992337257	-0.02855569792	0.01778159437	0.01016502675	-0.08121929682	0.003436605754	0.04993886886	0.1328935026	0.06611306786	0.00901160935	0.03792282134	0.002391417889	0.03426533498	0.01620049715	0.01243534675	0.0336660474	0.05790807952	-0.009324511145	0.009002862008	0.008690858953	0.04814802706	-0.01519631097	-0.009139602259	-0.02929629964	0.04221934347	0.03424426307	0.02786544864	0.06705628566	0.03576834808	-0.01268478421	-0.00680520018	0.02858225619	-0.06409265947	-0.04075382784	-0.03907248446	-0.03590227549	-0.04575955134	0.1812265156	-0.04363723385	0.06848831554	0.05253310163	0.1740499394	0.2879864828	0.2206048859	-0.01980905135	0.0524955574	-0.06437053139	-0.01464187428	0.0689865372	-0.02229006224	-0.004750717657	0.2329487011	-0.2291345891	-0.1254771366	0.03275602738	0.006858640156	-0.0004789442611	0.01049771998	0.09362191981	0.09733689485	0.712583889	-0.2403081023	-0.007540825153	0.05358348658
-0.3398680064	-0.3237929518	-0.3067328853	-0.365934537	-0.3182951696	-0.2971912084	-0.299501365	-0.330433375	-0.3487005619	2.649864493	2.608155777	2.643331622	2.577930469	0.8899727922	0.8517490525	2.54688098	2.603988334	2.593854636	0.9287929351	2.568017792	-0.1217367891	-0.1332035266	0.9103169351	-0.04381114511	-0.0561401717	0.8690721111	0.8710762562	0.86221757	0.8241261504	0.01029081611	0.8377350955	-0.1828870307	-0.1215223384	1.37383239	-0.1899629311	0.8350531624	-0.3553712969	-0.36232997	-0.3858589419	-0.2949906697	-0.2423939412	-0.2726797875	2.61320747	0.2229048551	0.9265592627	-0.1642737105	-0.1346282712	-0.2209750426	0.0388930281	-0.08699866416	-0.1070528116	-0.1476556309	0.9564529818	0.8582447741	0.7996899758	0.009878540823	-0.01429134026	-0.09855135365	2.601424213	2.560769609	2.543623623	-0.1057638628	0.8592347091	-0.1922187269	-0.1965581725	-0.1198536988	-0.305015816	-0.2707809445	-0.3612870008	-0.3740453099	-0.3615738628	-0.3684704472	-0.367347791	-0.3541275525	-0.3525141486	-0.375061515	-0.2830377822	-0.3478122239	-0.3814605134	-0.3731430237	-0.1699993958	-0.2493403095	-0.3874165257	-0.3209807172	-0.356767196	-0.390562886	-0.3411876163	-0.3116725675	-0.3315500758	-0.1487898631	-0.2823734575	-0.3067844675	-0.2584800776	-0.3869903885	-0.3029326972	-0.3271518944	-0.3111178142	-0.338610092	-0.3952976494	-0.3738992168	-0.3329614557	-0.3694850324	-0.311316274	-0.3301837809	-0.345065871	-0.3148758839	-0.2487325725	-0.3504814399	-0.2967584796	-0.2993952793	-0.3742139864	-0.2755435429	-0.3224815778	-0.3558970912	-0.373145913	-0.3619066631	-0.3489032036	-0.377956468	-0.3223370339	-0.3244311063	-0.332805811	-0.3412284615	-0.3189727913	-0.2468112125	-0.2635575078	-0.2400041504	2.559958953	-0.3587868078	-0.2491151939	-0.257653286	-0.3323330892	-0.3170751874	-0.3598187993	-0.3498292571	-0.3194576388	-0.3400627058	-0.2752666878	-0.3122068532	-0.3574546922	-0.2682094326	-0.316060394	-0.3235040663	-0.3508715615	-0.3573513528	-0.3837565561	-0.3248599668	-0.3774247359	-0.345968459	-0.3442877385	-0.3483862692	-0.2472380457	-0.2192672067	-0.2692115994	-0.2579538367	-0.2158783157	-0.1861729173	-0.2214743723	-0.09277201762	-0.2527701189	-0.1482748252	-0.158221419	-0.320042053	-0.1763060666	-0.3707119613	-0.3693754516	-0.2969196778	0.0802635231	-0.2965207066	-0.08033991925	-0.1369159183	-0.2308671887	0.0679290382	-0.2831886335	-0.3632439746	-0.2540228838	-0.2887378754	-0.2966878041	-0.3425996318	-0.4086808091	-0.3722764623	-0.2431941299	-0.3174837557	-0.3975268696	-0.3931780375	-0.3585176507	-0.3308328371	-0.3281680539	-0.365077297	-0.3782612664	-0.3726407796	-0.3434066614	-0.3807224953	-0.3104052237	-0.2680276215	-0.2908006064	-0.3298426285	-0.3106150302	-0.3172414539	-0.2841915277	-0.3358731803	-0.3339344523	-0.3059960776	-0.3288027207	-0.3374867526	-0.2443616712	-0.1535028766	-0.304010594	-0.1196385209	-0.2776238013	-0.1957679587	-0.1074676574	-0.3676904282	-0.3643696586	-0.3667678607	-0.2368531696	-0.387043001	-0.3516086056	-0.3221002758	-0.0004892816889	2.674300681	1.4276902	-0.3864927804	-0.324594928	-0.2801087441	-0.3654453632	-0.06361110881	-0.3117122307	-0.2403081023	3.24897107	-0.3536004751	-0.2632519356
0.07833341135	0.1504019226	0.1435276767	0.1648431261	0.07784621208	0.1406297501	0.09216951326	0.1320903148	0.1902677818	-0.3752547891	-0.3521677782	-0.35844578	-0.3383751864	-0.3421549554	-0.3460816627	-0.3414955807	-0.3670005899	-0.3384660597	-0.3221908829	-0.347087916	-0.05230321701	-0.06043211748	-0.3355875037	-0.1221469073	-0.09322085983	-0.3419964938	-0.3395641473	-0.3326433819	-0.350631081	-0.09682924722	-0.3423626937	-0.07041014824	-0.01428586457	-0.2381479716	-0.04755416147	-0.3178986293	0.1476385267	0.1458867517	0.1855690151	0.08478058563	0.04983816402	0.1073290187	-0.3452187099	-0.0986903798	-0.3418783696	0.0338055151	-0.04805824797	0.05953562095	-0.1175745532	-0.06466486495	-0.06471114272	-0.05223102	-0.3256687019	-0.3377490412	-0.3273952674	-0.1014162191	-0.09422107591	-0.04144112472	-0.3636963659	-0.3561328945	-0.3463905851	-0.02943185005	-0.3544375728	-0.005871000211	-0.03055142702	-0.03842390398	0.1194576546	0.05469180548	0.1476040397	0.1631992517	0.127419947	0.03918150395	0.03943608899	0.1658161121	0.1308369241	0.1248035687	0.05577793773	0.04648325768	0.08806506217	0.1890302898	-0.04032492254	-1.943802966e-05	0.1013806665	-0.003644738738	0.08617561273	0.1167043566	0.06966103783	0.06211997474	0.07622085776	-0.0799589908	0.01682797691	0.06105177866	-0.01081757331	0.1803964089	0.0186624303	0.04688401443	0.02938383683	0.07269948193	0.1199653811	0.05141799656	0.07772409157	0.1888709493	0.1168388113	0.04348194	0.1162438073	0.07342027854	0.03993335321	0.134685107	0.06209378952	0.06255526438	0.1583546115	0.1048123818	0.08767158026	0.04217148058	0.1006970377	0.0695575706	0.07058442532	0.1199237499	0.09195881189	0.03318354944	0.05033895093	0.09376699342	0.01786271618	-0.1271881131	-0.003019153693	0.0996506123	-0.3403446888	0.1650129005	0.04416044275	0.02093101876	0.03880338983	0.04914876032	0.07835744767	0.06348524786	0.07775451469	0.1416563608	0.01477309243	0.03514139181	0.005902525734	0.01110175316	0.01472388796	0.07257045038	0.06606743202	0.1672389667	0.1036063506	0.09120592662	0.1759127999	0.01572883125	0.05560445942	0.0846995403	0.06144331306	-0.03612307637	-0.01172178637	-0.03359727661	-0.06375671998	-0.02528806449	-0.09414828518	-0.1366118235	-0.02122595405	-0.08034689905	-0.06367951738	0.07038233799	-0.07267274101	0.1476443386	0.1682413405	0.08870673886	-0.154775094	0.02014603178	-0.05608611609	-0.0323573923	-0.01370879852	-0.1229450013	-0.0007733358823	0.1561548718	0.001579562907	0.02397456518	0.008810679845	0.05777352246	0.102677257	0.07717028372	-0.006878173226	0.03935541592	0.09858996286	0.123313434	0.08034498567	0.1153477469	0.1027363231	0.1455506247	0.1462264432	0.1107000985	0.03803834119	0.1264997761	0.08020266886	0.09389233419	0.07387018584	0.1011529369	0.1755689739	0.1768797633	0.1078960938	0.1015023545	0.04520258181	0.03512500066	0.05004297345	0.08395938922	0.04183233612	0.04999744883	0.1190034801	-0.03063469805	0.003298726147	-0.03077808876	-0.03275093764	0.2203254079	0.1339369664	0.03154133497	-0.01529322484	0.1533865688	0.06714619743	0.06791636425	-0.06552949354	-0.3400619225	-0.2307262629	0.1949644051	0.1221294098	0.1084861281	0.13147857	-0.08021457955	0.1281466552	-0.007540825153	-0.3536004751	0.4650645681	0.1785587696
0.1033062667	0.1056007457	0.06640340233	0.0837687887	0.04252936564	0.1113811991	0.06090765321	0.08380496255	0.1131322281	-0.34945057	-0.3230514447	-0.3316779927	-0.3142374673	-0.2934439613	-0.3027307716	-0.3173230045	-0.3418206575	-0.3111355546	-0.2894298966	-0.3244487149	-0.02846410716	-0.008484905195	-0.3036419842	-0.07664551684	-0.0619989469	-0.2924127557	-0.2993066369	-0.2892385399	-0.3146552235	-0.05157733752	-0.3083890367	-0.06771555166	0.02804207342	-0.1681006697	-0.02155613114	-0.2758661711	0.0836639691	0.08841168179	0.08445218696	0.0460997304	0.007665587957	0.06157689193	-0.2398400112	-0.01620122603	-0.2947965297	0.03045818733	-0.01823166369	0.05794937459	-0.09720826926	-0.01864176369	-0.0475899378	0.05176806127	-0.2892829909	-0.3055647085	-0.2807702005	-0.06202095284	-0.05810084542	0.05507570817	-0.2850102492	-0.3277692376	-0.2364137253	-0.01317365137	-0.2954828463	0.02940420583	-0.01432383431	0.07535149169	0.1222075019	0.0469868196	0.07530803923	0.1011713418	0.08236714596	0.04757354898	0.04719134065	0.07016034901	0.07409299654	0.06516097212	0.1267288653	0.06224419637	0.06100284235	0.06694268106	-0.03320777576	-0.05909981022	0.03520961865	0.1044262092	0.008613503582	0.0998295017	0.05227871255	0.003853323056	0.001326629863	-0.04298700847	0.04490886581	-0.01561214091	0.01068863515	0.08604688828	-0.02035065667	0.01417279017	-0.01894593851	0.008070828044	0.03890430949	0.06973211221	0.002137141706	0.0712763215	0.08005021868	0.06025360755	0.08816681017	-0.007174209117	0.003827412362	0.1418110484	0.08082569022	0.003674184161	0.05228230742	0.06196850505	0.08943668523	0.01272064095	0.05486938328	0.1803173444	-0.03194925853	0.02000461304	0.05030053988	-0.02745105604	-0.007219691356	0.1103615433	0.04235918526	-0.02506905976	0.008760481198	0.3133062916	-0.2381815599	0.06881886747	0.02576916546	0.02439140035	-0.01850045613	-0.02901016546	0.01895799252	-0.0008705369121	0.1969260202	0.04303112225	0.006458036925	-0.0208784117	-0.02097287278	0.07992650046	0.04812259554	0.03041218174	-0.04940272359	0.1153383045	0.04702130614	0.04575761434	0.05596531234	0.009169665088	0.06560044087	-0.04009394416	0.08732663293	0.1000575384	0.0401658359	0.04174140733	0.0101489527	0.001111106179	0.01058260144	-0.08074448121	0.07718418648	-0.000153882318	0.08853373251	0.173267177	-0.02797928725	0.06371655344	0.1300090253	0.0001929381533	-0.06785720911	0.01676605953	-0.03166014621	-0.0127394097	-0.01681208166	-0.01788598225	0.01541513616	0.04354464202	0.001435456128	-0.01238097403	0.006356696695	-0.031479942	0.07321381625	0.05716920518	-0.003476989199	0.05805927896	0.05469809355	0.05351877166	0.1020709616	0.08028335356	0.02411625945	0.08250348495	0.1098395019	0.07030914907	0.01920069543	0.11692301	0.1046437332	0.245995099	0.2100889664	0.1165741686	0.1317361828	0.05231852131	0.1255881427	0.01937498165	0.06137394243	0.08541482789	-0.007457099955	0.03258953679	0.1293793627	0.1065474579	0.05919302476	-0.007582623529	0.0508265645	0.01281728803	0.01404571711	0.1453968064	0.08984811663	0.010654744	0.01472178559	0.02172582411	0.004306113462	0.00109648782	-0.01937367273	-0.309988096	-0.164088801	0.1588724337	0.2211834611	0.08072230339	0.09578784034	-0.02459982515	0.1388909159	0.05358348658	-0.2632519356	0.1785587696	0.6820672299
