0.5666838843	0.01023053167	0.1454126669	0.0600698492	0.05988447197	-0.03723447412	-0.004583073696	0.07947491277	0.03778940047	-0.297950565	-0.3082923883	-0.3140535804	-0.2898049433	-0.2821710233	-0.298651079	-0.2910033409	-0.2986192193	-0.2886076861	-0.3292605655	-0.297190952	-0.0853096316	-0.0868993603	-0.3213430681	-0.04787251659	-0.03830495027	-0.2966734715	-0.260093288	-0.2607105639	-0.2862471277	-0.04538735349	-0.2846961813	-0.06027126519	-0.0497060936	-0.209664642	-0.07191318376	-0.2853817999	0.05311231721	0.0601948493	0.05347538424	0.04096263902	-0.00528419891	0.03877744005	-0.307344693	-0.09792654963	-0.2836094548	-0.01031917755	-0.008633969375	-0.05132446766	-0.1099773842	-0.09139709741	-0.04757816512	-0.06783286914	-0.2550392918	-0.2780876361	-0.2698108371	-0.0499820814	-0.04392619336	-0.09467066703	-0.3135149575	-0.3290347319	-0.3016057132	-0.07387795482	-0.2483971246	-0.00339570336	-0.01031505342	-0.05851472854	0.009128875441	-0.02212228424	0.04019275622	0.05420101556	0.01959588723	0.05079395671	0.04700824785	0.03533161753	0.02837822761	0.2502510498	-0.0007682484259	-0.002822392458	0.09320704369	0.05103479349	0.1015121451	0.07783930478	0.1662597446	0.04428258283	0.1076449194	0.2021865843	0.0995610774	0.07033470355	0.1227193997	0.006251714531	0.2961337234	0.09675957188	0.07295400605	0.07917121675	0.05164307613	0.09368896353	0.07667812353	0.1785399516	0.123775553	0.01016378748	0.1469511416	0.04845407593	0.05374591932	0.02826807821	0.06476461863	0.1812179559	0.1150588883	0.04091298457	-7.653297937e-05	0.1171113299	0.1124371319	0.03555071219	0.07190503503	0.2141237517	0.2039989049	0.1098583272	0.05553514823	0.03400059247	0.09835281744	0.05739909693	0.1393181301	0.002811237508	-0.008613379663	-0.1261273607	-0.04257307623	-0.006233903734	-0.3016930484	-0.008622828179	0.1219108538	0.09011263138	0.1568759083	0.07392352737	0.2264326496	0.213553827	0.09718365242	0.03229458763	-0.04746298762	0.0794233709	0.07917065852	0.003807654718	0.001535621882	0.1267031752	0.1193958515	0.06210811043	0.08499959253	0.0738555686	0.05088678118	0.152296798	0.02005269734	0.1358350653	0.0108604411	0.01131889983	-0.002373012678	0.004448352961	0.02965766097	-0.03217874058	0.009889844262	-0.06265307768	0.01832910063	-0.02188078584	0.01540480954	0.02100951966	-0.04752911454	0.195044878	0.1098546096	0.1338607019	-0.05600642841	-0.0726279342	-0.07662285235	-0.05110790026	-0.0619604657	-0.03993829399	0.09380140821	0.06080410373	-0.02899548122	0.07055674769	-0.06782679535	-0.005340271319	0.04881001196	0.1478448166	0.03615590456	0.2009825934	0.1000551353	0.05243732129	0.05613043863	0.1174153991	0.1328316389	0.1300546222	0.07505772676	0.2800074937	0.1770730499	0.05928672794	-0.02620679831	0.005036844033	0.02579075012	0.03305005985	-0.0156247708	0.03345984993	-0.03570530971	0.0662896273	0.003454387968	-0.01649809283	0.03590037674	0.06322750435	-0.03744752428	0.0413837175	-0.01826334542	0.05275018352	0.05552772362	-0.06334834589	-0.07941836315	0.05271396974	0.03876946721	0.1896498849	0.08704656953	0.06820864446	0.2269233626	0.1108056628	-0.08510891875	-0.3273087411	-0.1936419334	-0.01351832426	0.03386180463	0.07032748888	0.2157095724	-0.03083761428	0.05083664348	-0.04025112548	-0.3143114557	0.03652313359	0.03728833213
0.01023053167	0.5755732377	0.08049121773	0.08535067075	0.08441689009	0.0913075721	0.07782457894	0.07345126419	0.09949990416	-0.3510015537	-0.3314585906	-0.3403658912	-0.3149243151	-0.2865924924	-0.2891599635	-0.3048250598	-0.3418172574	-0.3300287135	-0.2612177791	-0.3127554895	0.01888749862	0.00517940814	-0.2797391121	-0.01772336051	0.002717017563	-0.3069071971	-0.3041444833	-0.2916888986	-0.2860747738	-0.0009730514208	-0.2952249733	-0.01080461591	0.0217454633	-0.1822523848	-0.008231190524	-0.2923454274	0.09395251359	0.1034488066	0.0844115561	0.04596736651	0.0414489681	0.06118909681	-0.320887656	-0.04442430967	-0.3174888548	0.03855611692	0.0186883764	0.065516258	-0.03083457014	-0.02001963126	-0.02282589787	-0.0009148160687	-0.3038890457	-0.2844095223	-0.2798289056	0.003397831075	0.01257403795	-0.004802629692	-0.3255507431	-0.3267820128	-0.3273523914	-0.008858329207	-0.2785625066	0.01498127453	-0.001008852498	-0.0005722275325	0.1268001009	0.09259038066	0.09705822689	0.1108321131	0.1185261479	0.02127043417	0.01882610925	0.180018723	0.09183274353	0.04947918039	0.06012059337	0.01074304165	0.10242179	0.07369910932	-0.01319715636	-0.03250356548	0.01651383721	0.1057173008	0.02970511962	-0.004024607387	0.0392969443	-0.01952718273	0.006238556888	0.08667970796	-0.06785697359	-0.05233507332	0.02002319836	0.08190340149	-0.04743966692	-0.02095390495	-0.03936210287	-0.041304024	0.08958564674	0.04931931012	-0.008205692482	0.1510863932	0.03205558542	0.05606067551	0.0425314957	-0.001023845496	0.0442525124	0.09000278161	0.3854553242	0.003578393054	0.05743083553	0.05514201902	0.09487469445	0.002094500824	0.02099069103	0.05198409331	0.02077853871	0.007655584179	0.05899728791	-0.03409138197	-0.03651214071	0.09523658751	0.09324708582	0.0762479626	0.1157304993	0.1070567169	-0.3122295037	0.0725194964	0.04652085464	0.04710567814	-0.0402862083	-0.03801758641	-0.0294073397	0.009604630588	0.05343190634	0.02532024473	0.0825118757	-0.03704657873	0.000220067066	0.1323596698	0.05023889481	0.03382310304	0.002478394004	0.03443903998	0.07379698193	0.05965225249	0.09472433459	-0.008806454552	0.06089669612	0.02011879434	0.05743061878	-0.05515959125	0.09182563891	-0.02132466076	-0.01039724511	0.05197272505	0.02481932399	-0.05250266228	-0.03518592243	-0.02275774961	-0.05715356728	0.1307580939	0.07561245411	0.04152252951	0.1356317053	-0.006321792866	-0.04205187197	0.09020034447	0.05285053396	0.04115905224	0.06030552542	-0.04169979231	0.01595247733	0.1318479858	0.07986070721	0.05787652088	0.06974146032	0.08015087308	0.1242993892	0.03656246495	0.1027574313	0.005362749823	0.06156384088	0.07602637853	0.0518600522	-0.02418373332	-0.02568634242	0.1063969938	0.05060233361	0.03909863801	0.06090526294	0.08760490222	0.3108082623	0.1109519251	0.1105023112	0.1108394298	0.1489986367	0.1738682412	0.1315630897	0.07848283805	0.1201641594	0.08520330879	0.01060611132	0.04456826021	0.03773676342	0.08822325679	0.1133707365	-0.06763528691	0.007481908566	0.03535790659	0.01670277745	0.05651252106	0.1265372014	9.363248542e-05	0.08636517847	0.01250722291	-0.02784576731	0.0274203968	0.0009142690055	-0.3148329872	-0.1811683572	0.1055872637	0.04779275557	0.06912614849	0.05856062079	-0.005490328966	0.07424658948	0.00272859519	-0.297812196	0.1637692766	0.1001973707
0.1454126669	0.08049121773	0.5508913415	0.06482103458	0.02596410535	0.02055728027	0.04357750408	0.101907257	0.05324649335	-0.2970606715	-0.3162658001	-0.3214712052	-0.2988187551	-0.2712253282	-0.2677689195	-0.2997565167	-0.2936284726	-0.2819208817	-0.2735160092	-0.3044818372	-0.0243412627	-0.04535928277	-0.2568385355	-0.09021061321	-0.0559320983	-0.2725856722	-0.2291627926	-0.236207601	-0.2673082083	-0.06515334223	-0.2763234151	-0.02672205177	-0.01273129439	-0.1752278737	-0.05284234119	-0.2745469679	0.1010506707	0.1263853627	0.1240598136	0.05939555716	-0.01190764433	0.08377886733	-0.3084082208	-0.06776406579	-0.2598580698	0.05688672915	-0.04211203491	-0.01061849366	-0.05015148871	-0.02577625829	-0.03395443966	-0.03670847968	-0.2374129797	-0.2623581211	-0.2510245504	-0.06641826558	-0.05676249952	-0.04072042978	-0.3067802586	-0.3321802092	-0.2959286658	-0.02114282941	-0.2219719893	-0.01599798898	-0.01455863484	-0.03148195596	0.0894733076	0.02193181468	0.08174566875	0.1052282513	0.1262614334	0.0490738671	0.05004417378	0.1596254698	0.1781342977	0.130856199	-0.01707270557	-0.0006644898682	0.1115266309	0.112722707	-0.04909823772	-0.003665993688	0.1212181942	0.008441327302	0.09650772283	0.07810444472	0.04648692506	0.02617433949	0.06893165747	-0.08454314203	0.06113634237	0.01372683333	-0.03734519621	0.1330150561	0.0001094500243	0.01535618116	0.00879869729	0.05134338115	0.1313702707	0.0005275559688	0.0812781624	0.1820789136	0.02711556805	0.03599141964	0.02520899395	-0.01019614186	0.03324550301	0.09152620013	0.03485938009	0.09450873992	0.08260652746	0.1114575687	0.1010696192	0.09156634827	0.09461911897	0.05440478715	0.01496374634	0.03777530454	0.1539040493	0.006988171223	0.02871069546	0.02718572034	0.04380879712	-0.0772645393	0.03490245884	0.0360484365	-0.302054404	0.1504580446	0.03907196766	-0.007591255595	0.02066101405	0.01271535956	0.02641379424	0.07648422903	0.02578044455	0.03240346112	-0.01916839804	0.01118507962	0.08361875224	0.01053287027	0.05523902133	0.1253636381	0.0411442422	0.1128205333	0.1540659201	0.1340954613	0.1292529769	0.0670518202	0.07826421097	0.05296681057	0.04547253908	-0.0131888403	0.004450205265	-0.009576464547	-0.05184341974	0.007668827568	-0.07309772941	-0.1082733829	-0.05621751399	-0.04909874387	-0.04874153907	-0.01290745734	-0.01038593103	0.120762788	0.1504151677	0.09190024813	-0.07105644546	0.006214444274	-0.09883029198	-0.01100401442	-0.004524358639	-0.09271765916	-0.04393856664	0.2041538997	0.1258859901	0.09873456036	-0.0007507905349	0.1061130427	0.1496456953	0.08736194697	-0.03387676681	0.1382442216	0.1542378299	0.113616364	0.002159718238	0.02642575276	0.02367430175	0.1176103432	0.1129886113	0.1289170754	0.06322347319	0.1229506105	0.03772819177	0.03793368813	0.04751239191	0.06924726585	0.07664327809	0.2358410449	0.02727021873	0.1266285751	0.05919102149	0.04682192746	0.05966623543	0.1120315825	0.02971204505	0.02853780761	0.06797110215	-0.02836371307	-0.01181530851	-0.01784355423	-0.0430261575	0.1122671266	0.08868240198	0.05273205577	-0.05966360242	0.07543146812	0.0290389222	0.03012638401	-0.05198773712	-0.2900400985	-0.1710775981	0.03842472914	0.0751877462	0.1486663687	0.1072973825	-0.05590530687	0.08012957081	0.004692663814	-0.2719786443	0.1339662245	0.06588340305
0.0600698492	0.08535067075	0.06482103458	0.5041419732	0.1855810126	0.1713432238	0.1361092463	0.06470121735	0.1226749947	-0.3654887559	-0.3476665347	-0.3534114989	-0.3287298053	-0.3005630948	-0.3046734022	-0.3302274055	-0.3582531977	-0.3501560423	-0.3021953873	-0.3392096519	-0.06022894052	-0.05422719495	-0.2889033226	-0.09626121983	-0.07055898752	-0.3116828898	-0.3003014808	-0.3032548661	-0.3102008102	-0.06377141158	-0.2959713378	-0.08999946772	0.002831978649	-0.2096282027	-0.03768069049	-0.2990983273	0.1692183399	0.1560177497	0.201224812	0.08107315514	0.02590748802	0.1518195074	-0.3674809369	-0.09821225153	-0.3254924645	0.003247093667	-0.0228893887	0.04239525053	-0.1115458727	-0.05327305647	-0.07487642253	-0.05755962508	-0.3077390409	-0.3012499169	-0.280519772	-0.07767481749	-0.06898110907	-0.04177734428	-0.3703537482	-0.3680267627	-0.3596993059	-0.03342872034	-0.2998600504	-0.03748577522	-0.02478308486	-0.03288480376	0.0264513282	0.0868954202	0.1196271083	0.1998745564	0.1484984527	0.1297705629	0.1226687616	0.09075721114	0.05596826994	0.1490378596	0.02246586371	0.04321287403	0.06689277023	0.1666352446	-0.0585761294	-0.02565607127	0.05311381306	0.06979098524	0.09129168899	0.06419557776	0.04234289131	0.04493156432	0.0675853751	-0.003606497136	-0.02913676658	0.06553553188	0.06709691315	0.1981057661	0.04652061931	0.07592780391	0.1203823837	0.02890818942	0.06903754003	0.1347248592	0.06721664136	0.1150268814	0.09455047737	0.101392725	0.01663177776	0.03593518169	0.07182898406	0.1046212713	0.06063536798	0.04859800886	0.160546268	0.1426417466	0.05630551346	0.09586302755	0.07089643553	0.1202237601	0.08809191358	0.05267027533	0.04413509966	0.09459898967	0.08425397041	0.08426578219	0.02219941196	-0.04067146389	0.03898187919	0.02801947621	-0.3577831165	0.0443289984	0.07207510281	0.0594532362	0.00794326825	0.1131777883	0.06266387039	0.03442254644	0.09970319255	0.1167141635	-0.01804199035	0.1140536823	0.01104506409	0.08843787237	0.02002685975	0.04220229837	0.01449481078	0.08224700501	0.07825408956	0.04039322745	0.1776445784	0.0724661197	0.08138914696	0.02782050401	0.02706610778	-0.01718803477	-0.02130273639	-0.05512239465	-0.0337128619	-0.00915641595	-0.05533061039	-0.1276983588	-0.06021800495	-0.04469064413	-0.09492905759	0.1041116611	-0.1201440496	0.09418530482	0.1632730915	0.102029697	-0.1370906125	0.0199917389	0.01477303143	0.008321206168	-0.001069005359	-0.06933291018	-0.02686378585	0.1047153805	-0.01445210263	0.120776464	0.004896375996	0.06257398464	0.08435429618	0.1050282372	0.03771364289	0.1096135553	0.1024754543	0.1535253265	0.08401320778	0.06481569878	0.09636947064	0.09309795008	0.1400832991	0.1434895506	0.02059017765	0.2278051935	0.02922116974	0.03607761459	0.07788354509	0.1004319892	0.03413961925	0.08239236609	0.02185186614	0.06772860162	0.03954208043	0.03040520123	0.07348356056	0.06915658881	0.05934909605	0.06506526111	0.1354470118	-0.03903774362	0.005289277898	0.02131387778	-0.05103197431	0.1286545624	0.08879596977	-0.000874922432	-0.02385810675	0.2019551331	0.0386050273	0.0186020667	-0.05503279271	-0.3416256238	-0.2158455241	0.04164404609	0.05285511345	0.1081083309	0.1303128342	-0.06435500909	0.157137408	0.0839681071	-0.3427689755	0.1103140276	0.08705735633
0.05988447197	0.08441689009	0.02596410535	0.1855810126	0.6312968587	0.008132961776	0.09528416376	0.1553767217	0.01270838601	-0.2831592306	-0.2549719944	-0.2616077157	-0.2445211888	-0.2319481428	-0.2196732586	-0.2342316491	-0.2760238696	-0.2446207136	-0.2784187295	-0.2393517984	-0.01658674134	-0.006993939423	-0.2779637865	-0.02560400902	-0.01032785749	-0.2141851568	-0.2316882056	-0.2351054726	-0.2394603834	-0.02493006637	-0.2349816432	0.07380266815	0.05587458051	-0.1919379569	0.09666709772	-0.2352699519	0.1436957722	0.1480474995	0.1389869242	0.1790906838	0.168580808	0.1436638496	-0.2847678124	-0.09118018495	-0.2548660848	0.09103755277	0.07451213504	0.01182936924	-0.08662122428	0.05799031827	-0.02360686723	-0.03651978758	-0.240025328	-0.2248806093	-0.2161242674	-0.02983998702	-0.02044459357	0.04080554243	-0.2807354706	-0.2885846044	-0.2772149769	0.01736438703	-0.2352800078	0.08508575876	0.08445789661	-0.04666914853	0.1041601241	0.1083042231	0.1810313215	0.2369512115	0.09469554194	0.02755619731	0.02501653494	0.05004270388	0.04673748081	0.03203478032	-0.03832423648	-0.01167712764	0.05506439864	0.1353281226	-0.07478365427	-0.03693206888	-0.001052282672	0.08019380765	0.002799964549	-0.01312435496	-0.01537475164	0.0124053264	0.01299149025	-0.05087635308	-0.07549158251	-0.01995936354	0.1185340201	0.08428859932	0.04453210751	-0.007133560032	0.03777111099	0.001383966218	0.04702204995	0.08207362979	0.02858416532	0.05318083321	0.1376193645	0.03573941559	0.1190695781	0.002192420632	-0.01107383379	0.03051034298	0.06997254072	0.002360650834	0.06391643026	0.1566750138	0.0814041766	-0.009349133117	-0.001277074814	0.06187561938	0.001379757267	-0.01549027047	0.01468201561	0.02986394719	0.0007689518545	-0.03491315286	-0.009828858227	-0.01979665184	0.00838427768	0.02531459228	-0.2779038669	0.03892863203	-0.007363618587	-0.02292196221	-0.02105024021	0.03878542593	0.06936143641	0.006339232865	0.1237028595	0.05600908252	-0.02627260349	0.03143997016	0.004808874627	0.04276578793	0.115168835	0.03000630422	-0.02331373921	0.006168990606	0.04645873416	0.01894983929	0.2341135807	-0.02793189476	0.1700655798	-0.01075873341	0.01943505813	0.1630434745	-0.01369911519	0.05485890422	-0.003532702646	-0.02995475814	-0.02676401712	-0.06812967725	-0.03479451382	-0.03669059001	-0.02590652091	0.06259281336	-0.0948705379	0.01342987649	0.09399606014	0.02472579913	-0.09591057459	0.01920600332	-0.002617463623	0.02239318232	0.01121388113	-0.103204973	0.03356386378	0.07097335604	0.004181605119	0.07410654457	0.01788729358	0.1055496994	0.0915478689	0.02619031279	-0.02132412088	-0.01190445904	0.1452393137	0.08020318836	0.00970728689	0.05501796363	0.0370513621	0.07377996255	0.03285583808	0.03015351705	0.002013418673	0.08310048031	0.04027827881	0.01718032875	0.05963402589	0.06789772277	0.04716573405	0.07315240036	0.05086864946	0.0567055859	-0.004597968035	0.0253488089	-0.00709210617	0.07094882383	0.147556015	-0.01020055015	0.1696934009	0.01176410255	0.07917303859	0.06098266577	0.04176893561	0.02635059787	0.1933029682	-0.01607620665	-0.03700973929	0.08843043423	-0.002431979255	-0.01324485792	0.02614054642	-0.30899597	-0.1665885152	0.01352431046	-0.002377745366	0.1216428439	0.03970133377	-0.01684532279	0.0387703314	0.1222732825	-0.3062473723	0.0703337854	0.009680475118
-0.03723447412	0.0913075721	0.02055728027	0.1713432238	0.008132961776	0.8102483677	0.08640132166	0.04325884552	0.1563945925	-0.2887427652	-0.2814659294	-0.2800183781	-0.2659058443	-0.2438331528	-0.2446013792	-0.2552000514	-0.2831705502	-0.2753261419	-0.2227276008	-0.2658700955	0.04295971312	0.01851485806	-0.2329206227	-0.00679165243	0.02610053095	-0.2563149441	-0.2602507845	-0.237853478	-0.266693633	0.0137026975	-0.2453923679	-0.008365201019	0.05961200826	-0.1444699997	-0.00729639959	-0.2347706682	0.05194175963	0.06002557756	0.08638585699	0.1238937344	0.1284111788	0.02713924551	-0.2218018326	0.004453438599	-0.2438560458	-0.02701874394	0.01991219315	0.0369267146	-0.03333492366	0.00504055103	0.01653622557	-0.05119513427	-0.2496370373	-0.2460693818	-0.2286952762	0.009671244875	0.02178116494	0.04162343308	-0.2518255942	-0.2693281658	-0.2736575841	-0.06614228595	-0.2310397009	0.04046011409	0.04351846611	-0.01144119246	0.02974712408	0.0373785609	0.04395030995	0.02161077493	-0.001614719416	-0.006880147336	-0.01273105614	0.01712116509	0.03812701166	0.07850705408	0.09610502817	0.03816084414	0.1381987089	0.08428093195	-0.0836469151	-0.07046604442	-0.004525023844	0.05304061028	0.04556001006	-0.01419791703	0.009222105951	0.006965191899	-0.004212842008	0.01491160477	-0.08661693173	-0.02256418173	0.03079591129	0.0991285799	-0.08372441934	0.004116977668	0.02036202822	-0.03772451854	0.01532369422	0.05665127277	0.01673614891	0.03472009125	0.06189812214	0.06540512913	0.03573122575	-0.02373166546	0.007432426579	0.1186304217	0.0489797469	0.2048638255	0.05014371233	0.02591536624	0.06948191257	0.03070851242	-0.003115501841	0.04765939735	0.02433468865	0.2104833819	0.2128643771	-0.01209401978	0.005838306739	0.3030594476	0.202100675	0.1901155601	0.008661713974	0.06448355569	-0.2166463954	0.224634438	0.005473251983	0.00464096745	-0.04715346695	0.01788740077	-0.03728228424	-0.06166357649	0.01833945973	-0.01576852017	-0.004557217721	0.006001251036	-0.05115527365	0.06376316417	-0.00915964379	-0.02438827464	-0.03468533821	0.3202940654	0.2556639945	0.2325450257	0.05121503103	-0.00973227155	0.01466283174	-0.02303511958	0.03547763354	-0.052259755	-0.03784580605	-0.03379144274	-0.04655680551	-0.01690515168	-0.03448003958	-0.002689296104	0.01000411555	-0.04527324026	-0.07704727908	0.08547424902	-0.05058166658	0.05900570491	0.01170337698	0.04928416938	-0.09958916894	-0.02665913126	0.03624253349	-0.03009397592	-0.02758678729	0.02490367151	-0.005661881615	0.004870237064	-0.0346739567	0.006830268844	-0.03647029014	-0.07580284298	0.1570061748	-0.007279852025	0.07468908032	0.04068839389	-0.04143401801	0.0132409646	0.07225119481	-0.0005588290589	0.001056234221	-0.008259969532	0.319857249	0.05105614129	-0.04961020346	0.07114095909	0.02803099795	0.03546555005	0.01432061493	0.01030199659	0.1481909048	0.03481703433	0.1353433996	0.003822290212	0.07077312635	0.06732282442	0.2240471677	-0.02983508461	0.05595682893	0.07235476581	0.1206848642	-0.01478230366	-0.0197817603	0.03200848686	0.04174696642	0.3769920574	0.01746430039	0.1209610894	-0.0111984771	0.04032949846	-0.04874414299	-0.01047085414	0.005983379489	-0.2580876674	-0.1714283468	0.06083263498	0.08102697985	0.002759252666	0.05126449929	-0.01162959611	0.1899859587	0.02062370363	-0.2394413602	0.1240654806	0.09669527553
-0.004583073696	0.07782457894	0.04357750408	0.1361092463	0.09528416376	0.08640132166	0.6628886862	0.1648396312	0.03951482015	-0.3180610996	-0.306464873	-0.2991229888	-0.2865685535	-0.2495938192	-0.2196048733	-0.2716888455	-0.3068634629	-0.2930002684	-0.2365107271	-0.2896311495	0.1567487933	0.1048232255	-0.244951158	-0.07411639728	-0.04456404085	-0.2348951385	-0.255892824	-0.2524038802	-0.2315065401	-0.02556871722	-0.2519765679	0.04783726426	0.2663007562	-0.1522259615	0.1648637659	-0.2634430837	0.223858297	0.2505361333	0.257249293	0.231524736	0.1578406749	0.2416572158	-0.3252817456	-0.04480451415	-0.2427087245	0.1028071865	0.05462222189	0.1195792397	-0.06849871473	0.105717362	-0.03826919707	0.03931178506	-0.245130966	-0.2462762267	-0.2348223503	-0.02945431925	-0.04966047676	0.115139173	-0.289969564	-0.2753597911	-0.3268561463	0.004739302611	-0.2470762759	0.1118416944	0.146956246	0.067112159	0.1312216873	0.1443181179	0.1913380107	0.1183070579	0.04929890951	-0.0009565079378	0.0008499802823	0.03098516747	0.004085604993	0.06948856349	-0.03907645855	-0.004481484386	0.01242296857	0.2057233188	-0.05046129785	-0.05731309792	0.0238867053	0.02273609543	0.01292646758	0.02433378397	0.01772643191	-0.01159333627	0.01589051437	-0.04247870269	-0.05123094117	0.01473721183	0.01155390817	0.1850283169	-0.0285926378	-0.01819173118	-0.01367417495	-0.005959684727	0.0292223323	0.02217185387	0.04034364621	0.0568233537	0.08107446364	-0.003795426217	0.06199772945	-0.004670903897	0.01589929498	0.05824067307	0.02988511681	0.001385119828	0.06687017899	0.1693867458	0.09061072313	0.0118662453	0.03558634753	0.03627732769	-0.01699683853	0.01070870355	0.01887129291	-0.02683450595	-0.007729811065	-0.003370504163	0.005395125633	-0.0662306347	-0.005380114239	0.0313491956	-0.3168962717	0.01049438711	0.01920181781	0.03760896846	-0.0229867223	-0.01608643349	0.02384127	-0.002899817251	0.006680859982	0.006134239586	-0.007878578402	-0.02486472082	-0.01654240225	0.03296513269	0.1222825345	0.02658729472	-0.01541660473	0.01633598679	0.04296998816	0.02104116314	0.1439301186	-0.01335698323	0.1719469599	-0.002035730587	0.04387368856	0.03810866327	-0.01679107439	0.03227595213	-0.02691022948	0.1864387394	-0.05558044131	-0.09293282522	-0.03797949641	-0.0372585951	-0.0475667849	0.1057995256	-0.06318566046	0.07476924663	0.03730915151	0.0324643563	-0.07094740807	0.006647677457	-0.02489943768	-0.0002301608649	-0.001993247879	-0.06985128308	-0.02930698027	0.04469488447	0.08841165313	-0.008579999938	-0.008298891768	-0.008429444515	-0.01236321913	0.001413459318	0.01829983463	0.01036787554	-0.02582300514	-0.000121987357	0.005556838401	-0.02761522369	0.02622225018	0.0519151385	0.1069770012	0.04382854954	1.431153083e-05	0.07420423865	0.02482182199	0.02321011854	0.01801810628	0.02721561456	0.02717495815	0.04658776158	0.02040048188	-0.01468687253	0.01864819959	0.001773771923	0.006737650707	0.003915454024	0.15880935	-0.004355489377	0.1977542795	0.01193198347	0.05324839353	0.08840809645	0.1404762955	0.08592586248	0.117809688	-0.01782265906	-0.02643442483	0.05642552158	0.006047427557	-0.001856066613	0.1658795879	-0.2530341327	-0.1484589668	0.01887971433	0.003963839321	0.1366915291	0.08799396263	0.005726178014	0.07479499184	0.1995340232	-0.2702017125	0.06953451536	0.03062212981
0.07947491277	0.07345126419	0.101907257	0.06470121735	0.1553767217	0.04325884552	0.1648396312	0.6070098967	0.07308969828	-0.3583339698	-0.3414847175	-0.3384686331	-0.3204028634	-0.3078495035	-0.2504567092	-0.316117529	-0.3582502249	-0.3083183959	-0.2715465404	-0.3313531404	0.06378815943	0.06992137803	-0.3083442139	-0.08312728591	-0.05406903875	-0.2643078919	-0.3207666242	-0.3140653137	-0.2833284541	-0.03658501347	-0.3159434893	0.01890700598	0.1614775686	-0.1779136656	0.06064830532	-0.316015453	0.2014619376	0.2331387161	0.2284278793	0.1485741757	0.1040940772	0.189529732	-0.360958828	-0.06810799858	-0.3083181153	0.08521159607	-0.02903344904	0.04359962192	-0.09523274072	0.08218458579	-0.05242790936	0.05013796806	-0.2890111109	-0.3048170872	-0.3015629414	-0.04199178098	-0.06394949181	0.06383828236	-0.3403857515	-0.3338672773	-0.3331912231	-0.01413972752	-0.3107838177	-0.008384382414	0.03376188215	0.03911919462	0.1584144523	0.1487617657	0.2302873444	0.2327945487	0.1153588959	0.03942421947	0.03941449827	0.07579532891	0.07958593212	0.07453137707	-0.02772517295	0.0200267999	0.03660049256	0.1782387625	-0.06782402089	-0.05298905455	0.06203752654	-0.008567279331	0.04657884327	0.0401059677	0.03677775097	0.0122262439	0.0444288669	-0.08649556777	0.01893967815	0.02529955483	0.01835380683	0.1863450081	-0.006908819871	0.001306427957	-0.005274598476	0.001968775208	0.07436894962	0.003481584554	0.0451776043	0.1377975188	0.1597693673	0.01247657508	0.09395462493	0.03490777916	0.002555357748	0.07292026162	0.02312786467	0.005669660126	0.07523973683	0.1707479998	0.09024456722	0.0683698605	0.0798833251	0.05067597021	0.009710532349	0.01358785397	0.0548226183	-0.01597929648	0.003713433812	0.01533406064	-0.01785837143	-0.1042835282	-0.006934156141	0.0123775646	-0.3514441203	0.020512557	0.006275324074	0.007168841111	-0.01194884349	0.001239931113	0.03561350567	0.0246631109	0.02603164664	-0.008309419788	-0.0002914652169	-0.003307437241	0.004649306788	0.03760267729	0.1770420898	0.05804674556	0.01046660633	0.04825758448	0.07259776235	0.06225853356	0.2811826054	0.02662739901	0.1883338806	0.01909337203	0.06478361279	0.1304347841	-0.01751174322	0.09685283805	-0.01954955709	0.04627557315	-0.04812867687	-0.1126956652	-0.04806568937	-0.007901958026	-0.03775977451	0.06815501371	0.002520315187	0.05781668896	0.1173814199	0.01750355284	-0.06467373573	-0.001501744951	-0.07868667098	-0.003719955363	-0.0202799722	-0.1034675534	-0.04156852556	0.1313611289	0.02515932593	0.002792387387	-0.01423427798	0.02236175736	0.05275760327	0.04268582581	-0.0240907641	0.03930200068	0.07437373066	0.07584137732	0.01511365146	-0.003898575778	0.03185259338	0.1167296125	0.1231668948	0.07427177219	0.05194085728	0.1009478999	0.04322448619	0.03574344919	0.02863813545	0.07683751454	0.06217651306	0.09811297667	0.04103146817	0.03149872021	0.03618769458	0.01822646626	0.05140297188	0.03332288044	0.1150443364	0.0321662116	0.2658054813	0.04780148994	0.01657718475	0.04924012004	0.08972237355	0.08517835117	0.2407928112	0.008172164233	-0.06223135355	0.04452210773	0.03722282243	-0.004118807459	0.1234997351	-0.2927692515	-0.1582571346	0.05556182971	0.02190057165	0.1766706936	0.07567539208	-0.05259815504	0.03449850087	0.111225813	-0.3065289102	0.1336310136	0.04678488055
0.03778940047	0.09949990416	0.05324649335	0.1226749947	0.01270838601	0.1563945925	0.03951482015	0.07308969828	0.5643917677	-0.3528175099	-0.3394207448	-0.3410900096	-0.3243911	-0.3150764073	-0.305551962	-0.3332667067	-0.3544175177	-0.3404383314	-0.2992856478	-0.3455388178	-0.06768620283	-0.08092205774	-0.3088061925	-0.09153920096	-0.07056454646	-0.3264659258	-0.3291384642	-0.3044292513	-0.3129976618	-0.06793640425	-0.3204050292	-0.08882475195	-0.05766857721	-0.2059311141	-0.1007299059	-0.3214389882	0.05646549775	0.1022107801	0.08763663472	0.02310811409	-0.02711037685	0.05347874481	-0.3654106057	-0.05255043623	-0.3347236095	-0.007068640144	-0.05370745145	-0.01538668792	-0.07074745788	-0.08049678759	-0.0315652972	-0.05447971496	-0.3231932275	-0.3128181842	-0.288592218	-0.06915009488	-0.0561679417	-0.04857660696	-0.3613399919	-0.3539614737	-0.340620195	-0.06307362067	-0.3130921736	-0.0753585324	-0.07598136511	-0.03011235616	0.0476146106	0.007214959243	0.02621639426	0.03846113397	0.07146817635	0.1086771455	0.1021311121	0.1275814358	0.2252254004	0.1302254825	0.1766790551	0.07877515368	0.05952237992	0.1046573273	0.04069237911	0.08710167432	0.02726782	0.06096887239	0.1720647399	0.04863257379	0.06672788195	0.1566143079	0.05293476623	0.08571315079	-0.02709487138	0.06108722989	0.04282363418	0.1148023394	0.05443297412	0.09038983251	0.09677013602	0.03412673096	0.05993968501	0.04119143134	0.05215641265	0.1235813195	0.07246803924	0.1014879221	0.1150224961	0.00771879258	0.1024351006	0.1140261122	0.01105473404	0.08827730924	0.07116212846	0.07199970991	0.07357993179	0.1059372641	0.06670206101	0.05117038745	0.09507461818	0.03236380734	0.05652216171	0.1381771788	0.06518141556	0.07783216487	0.06933829904	0.04176112747	0.03848461737	0.04457757992	-0.3558871265	0.01848576122	0.1017302557	0.03393132534	0.00864031225	0.08796337009	-0.004168607769	0.01946480518	0.03107331799	0.04135867314	0.08964043753	0.09276746702	0.01402236358	0.06492050296	0.03047186864	0.03727627988	0.08052975709	0.1841743897	0.05844129596	0.06207194318	0.03924340398	0.1676097946	0.03123692052	0.1019713263	0.07829008416	-0.04122341292	0.0601549379	0.01135473272	0.06058010341	0.01388337303	0.02784640084	-0.02073140984	0.05584770972	0.02471802492	-0.009121033181	0.1444155913	0.04255826557	0.1367180269	0.07115821398	0.08483485679	-0.05966558606	0.04074151192	0.04396411491	0.04880903105	0.03185189156	0.04809240307	0.00190989421	0.0846562566	0.008742800977	0.04367900814	0.04771996672	0.007851261107	0.07560946978	0.07950989035	0.008130419295	0.1078605003	0.02030242371	0.08754407417	0.1430438409	0.0881100016	0.05660926899	0.06316394969	0.1454752214	0.1109933707	0.06677819304	0.1474161402	-0.006986973046	0.0006682856194	0.01823823794	0.0344267415	0.09741926159	0.1063381434	0.03370988078	0.1696194735	0.1365934466	0.1308256999	0.1639127435	0.1571803908	0.00754413721	0.1318730351	0.03169906791	-0.00880376271	-0.02755306952	-0.08182301865	-0.06419415567	0.1872093637	0.05017812851	0.06303046606	-0.03493358403	0.09837927689	0.007801173374	0.06689505875	-0.1019655202	-0.3269492867	-0.1970547017	0.05302407136	0.1020765721	0.0443854591	0.1118013207	-0.04593022878	0.1385670153	-0.05653335489	-0.3236697204	0.1500346003	0.1259372052
-0.297950565	-0.3510015537	-0.2970606715	-0.3654887559	-0.2831592306	-0.2887427652	-0.3180610996	-0.3583339698	-0.3528175099	3.25404432	2.886162686	2.927768271	2.826336395	0.9164688351	0.9223515281	2.80043653	2.93477412	2.833501942	0.7963386531	2.796117537	-0.2240722652	-0.2062903271	0.8554372257	-0.0427407033	-0.1284354739	0.9174970001	0.9561533968	0.9408119572	0.9104728751	-0.09236414615	0.9188527862	-0.09154321825	-0.2611661244	0.9639218897	-0.089487697	0.9312375578	-0.362105034	-0.3818141873	-0.3810120421	-0.283185915	-0.2011169014	-0.3720048388	2.72708766	0.05987874174	1.010247307	-0.2581584404	-0.06073151946	-0.2055270996	-0.01931355401	-0.1984125444	-0.1518082422	-0.1824816078	0.9937647434	0.9294297489	0.8623363979	-0.09046472344	-0.0924583947	-0.2191791185	2.7181207	2.747845718	2.72215925	-0.1065081047	0.9023584839	-0.1614861011	-0.1984041103	-0.2155904319	-0.3017299171	-0.2140897721	-0.36432343	-0.373875963	-0.3630899983	-0.2669063868	-0.2665077176	-0.3800441678	-0.3510149381	-0.3819752337	-0.3054526689	-0.2984693197	-0.3802795301	-0.3691896386	-0.2483024465	-0.3052180793	-0.3117241595	-0.276219395	-0.361961287	-0.3042369088	-0.2554751125	-0.3267977043	-0.3650423623	-0.2886725981	-0.1883102471	-0.3702780321	-0.3171306814	-0.3861840331	-0.3152259533	-0.3722967477	-0.3559038853	-0.34722668	-0.3105882142	-0.3312433694	-0.3400148848	-0.3701340392	-0.3080129491	-0.3539811551	-0.2932533998	-0.3258890986	-0.3522931891	-0.3786687832	-0.2913477893	-0.3009255455	-0.3502114899	-0.3796595639	-0.2928434704	-0.3803298318	-0.3594038076	-0.3952293002	-0.3648556622	-0.3654264571	-0.317007848	-0.3371043216	-0.3672319909	-0.3603121456	-0.3281365796	-0.2821050349	-0.2954876903	-0.2562899038	2.664286076	-0.3597065791	-0.3541484843	-0.3733191441	-0.2641588536	-0.3616265653	-0.3071563093	-0.3584451431	-0.3160838845	-0.2842086883	-0.213601197	-0.3616580986	-0.3107778191	-0.2983763605	-0.3278091755	-0.3287290791	-0.3403424152	-0.3699357826	-0.3817964697	-0.3195957113	-0.3736844214	-0.3699825957	-0.3602297502	-0.3398435663	-0.384622706	-0.2572225611	-0.3285489362	-0.3146170778	-0.2677744368	-0.1932022947	-0.2582314965	-0.1307469637	-0.2573010878	-0.2339996974	-0.1974939161	-0.3298440825	-0.1619116448	-0.3535582013	-0.3691279027	-0.3284152295	0.05663174095	-0.2348476007	-0.1027646411	-0.2391942085	-0.215937662	-0.05035972658	-0.2406685798	-0.3676327372	-0.2404321116	-0.3300226233	-0.2292888714	-0.2833031506	-0.3329159418	-0.3786906036	-0.3055429789	-0.3354963766	-0.2867789481	-0.3275156972	-0.3665005795	-0.2907314056	-0.3310560931	-0.3724820474	-0.3828174926	-0.3774167211	-0.2998517764	-0.3676298069	-0.2565684646	-0.2944196147	-0.3190743534	-0.3051479365	-0.3005545708	-0.3025305069	-0.2768915237	-0.3420790021	-0.3331649554	-0.3197581939	-0.3629964853	-0.3584293912	-0.2778127848	-0.3230795299	-0.2953440328	-0.1027206197	-0.2303525017	-0.2400878369	-0.2281359735	-0.3715737814	-0.3665410884	-0.2836852521	-0.2648819279	-0.3236987654	-0.2912412982	-0.3192023724	-0.1940748103	2.573487002	0.994208128	-0.3272645697	-0.3127517587	-0.3754436069	-0.3716994006	-0.01285951237	-0.3551996159	-0.2630711043	2.538871232	-0.3442701371	-0.3194569476
-0.3082923883	-0.3314585906	-0.3162658001	-0.3476665347	-0.2549719944	-0.2814659294	-0.306464873	-0.3414847175	-0.3394207448	2.886162686	3.161223457	2.966205542	2.843927807	0.8996632108	0.9265497489	2.779556645	2.844803727	2.766867111	0.8060683464	2.809678757	-0.2025205282	-0.2387509112	0.8580117148	-0.07925248318	-0.1187416614	0.8809394581	0.8649949985	0.8927038525	0.8634740636	-0.08396063555	0.8995630406	-0.119697023	-0.2349978193	0.9475520787	-0.1150008607	0.9011408259	-0.3410916444	-0.359796435	-0.3595190452	-0.2613336603	-0.1927129923	-0.350253631	2.607128347	0.04927457837	0.9165504182	-0.2356499316	-0.057245395	-0.1897759413	0.01140112787	-0.1771643703	-0.1208865862	-0.1954767652	0.939562927	0.9429986075	0.8309160612	-0.08303941808	-0.08292773607	-0.2008548998	2.585004702	2.673030652	2.596334612	-0.1365011864	0.8719981666	-0.1373901038	-0.1788625221	-0.1772237429	-0.2884979359	-0.243454321	-0.3391972942	-0.3506270629	-0.3434615113	-0.2946076896	-0.2946001199	-0.3578464312	-0.3377065597	-0.3618378417	-0.290785865	-0.3417897651	-0.3608225014	-0.348931685	-0.229476271	-0.2915467727	-0.3441828786	-0.2619888729	-0.3476514627	-0.3357267109	-0.2876561313	-0.3096457524	-0.3464648384	-0.2563968109	-0.2492141945	-0.3453097581	-0.3017853293	-0.3659793165	-0.2987312569	-0.3522937638	-0.3393258562	-0.3262556816	-0.3475429732	-0.3660470651	-0.322064779	-0.3487189598	-0.2788852633	-0.3499584696	-0.2775270086	-0.3012173752	-0.3384599543	-0.357804264	-0.3049543261	-0.3108828333	-0.3335683096	-0.354699008	-0.2722355306	-0.3616973069	-0.3432588613	-0.3766411551	-0.3518260009	-0.3489291153	-0.3035683386	-0.3216205276	-0.3484982918	-0.3424767432	-0.319903403	-0.2669569985	-0.2785951913	-0.2267900091	2.549040285	-0.3414206709	-0.3402400978	-0.3401023614	-0.3007371773	-0.3438661979	-0.2908879309	-0.3375911101	-0.2916260837	-0.3160814141	-0.2978285384	-0.3426784323	-0.3479757831	-0.3227339567	-0.3030195518	-0.3347186028	-0.3236721893	-0.3488619882	-0.3603023206	-0.3007375649	-0.3499719996	-0.3523120403	-0.3334292624	-0.321355764	-0.355228851	-0.220502367	-0.302281834	-0.2832763426	-0.2333874271	-0.230680469	-0.223807037	-0.09748661513	-0.2251551032	-0.2024767547	-0.1823737177	-0.3098301863	-0.2304533265	-0.3376500933	-0.3501841351	-0.3481655082	0.04405550922	-0.2650401828	-0.1359969621	-0.2180245071	-0.2469847881	-0.02816550422	-0.2347356577	-0.3484196732	-0.2302351854	-0.351203609	-0.2593042524	-0.3192017618	-0.3653586577	-0.3617916907	-0.2720854791	-0.3443884333	-0.3226659195	-0.3625676363	-0.360005492	-0.2781333361	-0.3103624957	-0.3536168764	-0.3591108204	-0.3575153626	-0.3315295579	-0.3471606857	-0.285367153	-0.276258866	-0.2966353841	-0.290722789	-0.2823375556	-0.2743425147	-0.259608991	-0.3238140122	-0.325978534	-0.3142928191	-0.3433315608	-0.3402558336	-0.2669527149	-0.3011870677	-0.2726622928	-0.09771440328	-0.2045250154	-0.2306873923	-0.2158164439	-0.3480958025	-0.3354194564	-0.3197350494	-0.2478627619	-0.3575134892	-0.3262844148	-0.30147037	-0.2328730938	2.53265636	0.977047862	-0.3592403738	-0.3416230374	-0.3582865482	-0.352231884	-0.01374538249	-0.3390849543	-0.2456884814	2.466180926	-0.3204079109	-0.294272719
-0.3140535804	-0.3403658912	-0.3214712052	-0.3534114989	-0.2616077157	-0.2800183781	-0.2991229888	-0.3384686331	-0.3410900096	2.927768271	2.966205542	3.202039239	2.829155056	0.9075271773	0.9247593581	2.827563963	2.856861768	2.815146118	0.7941770811	2.802244861	-0.2030125925	-0.2295488486	0.8625624416	-0.08329269988	-0.1127591713	0.8780412063	0.8740730657	0.9032946487	0.8639465284	-0.07167550252	0.8773625927	-0.1150388637	-0.2341683428	0.9601515655	-0.104269142	0.9176665005	-0.349307469	-0.3676534865	-0.3670181533	-0.271238508	-0.1957373788	-0.3597241534	2.649973811	0.06665350369	0.9256867032	-0.2461909927	-0.03803381414	-0.1806118971	0.01302549351	-0.177171286	-0.1227806328	-0.1834394002	0.9579533129	0.9593871975	0.8572494993	-0.07053603644	-0.07710393116	-0.1969526246	2.637306414	2.712375073	2.636231439	-0.1375093566	0.8881533735	-0.1390785727	-0.1691726889	-0.1693289088	-0.2953864498	-0.2537736294	-0.3478883553	-0.3582612386	-0.3530955842	-0.304689554	-0.3047590193	-0.366278856	-0.3372090553	-0.3682022516	-0.2893417094	-0.3381466656	-0.3714842755	-0.3556637579	-0.2340159899	-0.2913496795	-0.3531175545	-0.2670903147	-0.3552909146	-0.3430753367	-0.2858574236	-0.3149954562	-0.3555229112	-0.2599933014	-0.2555694353	-0.3513814927	-0.3052935986	-0.373477439	-0.3012795901	-0.3599361506	-0.3425726044	-0.3329441617	-0.3533442571	-0.3696051173	-0.3276469412	-0.3578668895	-0.2902664698	-0.3441527978	-0.2837888148	-0.3094296141	-0.3445641052	-0.3575372484	-0.3111933167	-0.3151444337	-0.3393431005	-0.3658909733	-0.2753860237	-0.3692634924	-0.3477579167	-0.3817126739	-0.3574992551	-0.355586441	-0.3091401414	-0.3273226123	-0.3565612127	-0.3489812196	-0.3211645369	-0.2687269061	-0.2855062954	-0.2362263608	2.589743993	-0.3471372425	-0.3461666149	-0.3494598053	-0.3020419376	-0.3506934088	-0.2929496313	-0.346359211	-0.3029661806	-0.3224766952	-0.2562793033	-0.3486634945	-0.3545800227	-0.2838230357	-0.3122093736	-0.3430614001	-0.3321935603	-0.3538040662	-0.3679528523	-0.3106413017	-0.3580970988	-0.3599919653	-0.3427356812	-0.3285758339	-0.3605097949	-0.2324437333	-0.3176900208	-0.2918016072	-0.2446890905	-0.2042234759	-0.2347855151	-0.1064561352	-0.2327980682	-0.2117782017	-0.1829020215	-0.3179255391	-0.1996031837	-0.3409022186	-0.3576592839	-0.3528792007	0.07119684597	-0.2602937676	-0.1270066442	-0.2162288123	-0.2431831039	-0.01597636307	-0.2297239135	-0.3563450302	-0.2369151546	-0.3506762246	-0.2552644478	-0.3237638411	-0.3689911364	-0.3694607691	-0.2789911306	-0.3481560459	-0.32726313	-0.3675074249	-0.3560138058	-0.2867081613	-0.3182113118	-0.3654942038	-0.3670643007	-0.3631322539	-0.3405117654	-0.3545529999	-0.2938125519	-0.2857258166	-0.3067614089	-0.2950270294	-0.2903731501	-0.2829242739	-0.2628272204	-0.330616747	-0.3234295055	-0.3105873615	-0.3453687825	-0.3482121196	-0.2796714287	-0.3037073518	-0.282171119	-0.07585813404	-0.204830941	-0.2247285515	-0.2135687483	-0.3558976475	-0.3508956254	-0.3250062424	-0.2486594446	-0.3640705672	-0.3330838923	-0.3097681168	-0.2312182777	2.567439713	0.9892064559	-0.3667341099	-0.3498730085	-0.3667664008	-0.3606940108	0.009687820672	-0.3428294926	-0.2525863253	2.515660363	-0.3274324509	-0.3029003129
-0.2898049433	-0.3149243151	-0.2988187551	-0.3287298053	-0.2445211888	-0.2659058443	-0.2865685535	-0.3204028634	-0.3243911	2.826336395	2.843927807	2.829155056	2.989813553	0.8611184055	0.8404284624	2.747906254	2.735590895	2.768073151	0.7528159405	2.709675864	-0.1882889118	-0.2216531105	0.7754106238	-0.08207174268	-0.1170025717	0.8223899804	0.826641674	0.8292348409	0.793091799	-0.07867073551	0.8073057626	-0.1246109838	-0.219322736	0.9273720379	-0.09859525342	0.8425525862	-0.3269263145	-0.3460686691	-0.3457865553	-0.2504131243	-0.1881677221	-0.3376572222	2.539368276	0.02655581602	0.8584537916	-0.2281961004	-0.03139109114	-0.184421335	-0.01008225098	-0.1818909682	-0.1377657459	-0.1947168765	0.887766772	0.8432862356	0.830694724	-0.07836020613	-0.08296811578	-0.1924044072	2.560154618	2.613970622	2.527137122	-0.1429269091	0.8142519437	-0.1366123273	-0.1652221163	-0.1790187183	-0.3112335709	-0.2511539752	-0.3282875492	-0.3364797557	-0.3273128419	-0.3072129407	-0.3071117036	-0.343758888	-0.3220826174	-0.3432187077	-0.2790992033	-0.3256089884	-0.3488407951	-0.3357430996	-0.2406092896	-0.296101908	-0.3297253157	-0.2607834114	-0.3312805251	-0.3213886285	-0.2784530334	-0.2923675189	-0.3302670956	-0.2791694764	-0.2398485319	-0.3319163079	-0.2875102922	-0.3495495483	-0.301409304	-0.3363020716	-0.3218330994	-0.3116502055	-0.3258937332	-0.3466838525	-0.3075860336	-0.3339705302	-0.2750837383	-0.3312309095	-0.2636443046	-0.2919762197	-0.3227717275	-0.3414767198	-0.2896587538	-0.2993711443	-0.3170397249	-0.3440287431	-0.2716639873	-0.3427242535	-0.3271819195	-0.3570451166	-0.3347661769	-0.3356185158	-0.2880407918	-0.3048195245	-0.3319837599	-0.3268954467	-0.3069570078	-0.2895411114	-0.2695059976	-0.2375996511	2.485039673	-0.3260992631	-0.3243834812	-0.3426992289	-0.2863205881	-0.3270452628	-0.2764126714	-0.323823806	-0.2819269356	-0.2970017042	-0.2415088138	-0.3257348239	-0.3309694549	-0.2864574843	-0.2932667703	-0.3223749575	-0.3105944259	-0.3432495345	-0.3492438227	-0.2885533274	-0.3361205665	-0.3375163531	-0.323470043	-0.3083528874	-0.3483279736	-0.2235448058	-0.2943211651	-0.2837850819	-0.230440337	-0.200827214	-0.2458715705	-0.1249802173	-0.2200368389	-0.2064955361	-0.1695069857	-0.3024420812	-0.1882678676	-0.3218078669	-0.3309293278	-0.3286523523	0.07787691675	-0.259983604	-0.152533015	-0.2163824508	-0.2445787691	-0.06028117213	-0.2218747493	-0.332845772	-0.2366491681	-0.3320697654	-0.2546567305	-0.3004955351	-0.3521335696	-0.3419006587	-0.2733787219	-0.3268766841	-0.3026928579	-0.3441776108	-0.3394821773	-0.2592321226	-0.2935397846	-0.3362357322	-0.3494461877	-0.3392783125	-0.3172822292	-0.3342330983	-0.2715001367	-0.2600683808	-0.2856623312	-0.2729586641	-0.2798002938	-0.2779406039	-0.2561743631	-0.3349258893	-0.3341931839	-0.3216765784	-0.3346457948	-0.327438942	-0.2603229584	-0.3010879228	-0.2789589098	-0.1088734753	-0.1996018973	-0.2165081988	-0.2095699988	-0.338959991	-0.3271184533	-0.3084405113	-0.2596397102	-0.3390649966	-0.3134123852	-0.2926652719	-0.2098647722	2.483839614	0.9538073958	-0.3439415983	-0.328293173	-0.3403652626	-0.3344345803	0.01302164608	-0.3214966486	-0.2326717918	2.459303837	-0.3067940044	-0.2813447252
-0.2821710233	-0.2865924924	-0.2712253282	-0.3005630948	-0.2319481428	-0.2438331528	-0.2495938192	-0.3078495035	-0.3150764073	0.9164688351	0.8996632108	0.9075271773	0.8611184055	2.78669698	2.16688776	0.8790116122	0.8923661922	0.930397007	2.141848861	0.8476351074	-0.1402346096	-0.1766628821	2.22231959	0.03174772248	-0.006285058774	2.271109343	2.273889026	2.422408767	2.197536508	-0.02778411892	2.253388106	-0.0873613394	-0.1781468004	0.7111578859	-0.01445516657	2.330447486	-0.306705927	-0.3289592905	-0.3282658818	-0.2240924258	-0.129865997	-0.326163477	0.8563600171	0.07068708183	2.313398053	-0.2167201997	0.03333903737	-0.165719946	0.2442408733	-0.140349099	-0.03437139864	-0.1332368757	2.299740599	2.247961205	2.246507229	-0.01624827356	-0.01486965735	-0.1648940592	0.8750474602	0.8997936976	0.8334975127	-0.1581619133	2.343444404	-0.07926043542	-0.1191952283	-0.102454755	-0.2580934729	-0.1742024417	-0.2917494862	-0.3236635345	-0.3081748902	-0.2581925596	-0.2578938824	-0.329852718	-0.3154956024	-0.325921363	-0.2683637401	-0.2749512638	-0.3362018036	-0.3210377893	-0.2425745769	-0.2716573677	-0.313062867	-0.2332290587	-0.3168376169	-0.3063660084	-0.2611312172	-0.2949009949	-0.3165701777	-0.2367357275	-0.2264942512	-0.3259698023	-0.2510162155	-0.3354830075	-0.284005772	-0.3252467101	-0.3233238408	-0.3032059568	-0.3111754656	-0.3103483791	-0.3013021262	-0.3160267301	-0.2442305615	-0.276138588	-0.2609722579	-0.2584396547	-0.3177233802	-0.3015483638	-0.2593804081	-0.2943697747	-0.3032630519	-0.3330889798	-0.272291351	-0.3220072812	-0.3078212065	-0.3250031813	-0.3271021244	-0.3278768882	-0.3203103297	-0.3079870498	-0.3208751275	-0.3039281763	-0.2723602162	-0.1906694012	-0.2464803338	-0.241962927	0.831394731	-0.3116594539	-0.3179695379	-0.3320453712	-0.2826526112	-0.3241464191	-0.2676665561	-0.308369681	-0.261152656	-0.3026078597	-0.2317409952	-0.3231524828	-0.3066075367	-0.2591211796	-0.2557184558	-0.3053046911	-0.3011517228	-0.3295766977	-0.3398896378	-0.3241685687	-0.3242441923	-0.3180218046	-0.2870694969	-0.3019855095	-0.3142539355	-0.1767945548	-0.2537624381	-0.241524182	-0.2107444889	-0.09682394823	-0.1696987996	-0.08140051467	-0.2048347598	-0.2021894167	-0.1217349534	-0.2858425029	-0.1274108853	-0.3113861906	-0.3188239217	-0.3278814207	-0.002242769833	-0.2532476854	-0.1431158795	-0.2148842666	-0.2293743621	-0.07428087368	-0.1840563349	-0.321945081	-0.1340518563	-0.3229204813	-0.2525244084	-0.3025847152	-0.3399674947	-0.3298466702	-0.2401753498	-0.3155075414	-0.2844083866	-0.321117571	-0.2990414718	-0.2532727444	-0.2828861736	-0.3184337504	-0.3318063101	-0.3230002938	-0.3004421207	-0.3190792548	-0.2663997767	-0.2304261809	-0.2566884135	-0.2657739383	-0.2170687146	-0.3021299332	-0.1889910028	-0.287672226	-0.2578320416	-0.237877807	-0.322507723	-0.3167196316	-0.2061534662	-0.3122542425	-0.2115254378	-0.03892705563	-0.1632722115	-0.1542555007	-0.1872182467	-0.3224987236	-0.295124008	-0.2998851032	-0.2086638996	-0.3210485959	-0.3054698074	-0.276284631	-0.1769534153	0.8323874323	0.7111942489	-0.3126145196	-0.2874735581	-0.3360432834	-0.3196456786	0.06910075309	-0.2802090598	-0.1730394071	0.7954966916	-0.2992598371	-0.258358841
-0.298651079	-0.2891599635	-0.2677689195	-0.3046734022	-0.2196732586	-0.2446013792	-0.2196048733	-0.2504567092	-0.305551962	0.9223515281	0.9265497489	0.9247593581	0.8404284624	2.16688776	2.71136331	0.8558041423	0.8947105408	0.9588329606	2.144628143	0.818519358	-0.1087000965	-0.1407525822	2.160260278	-0.0006603277808	-0.0454318816	2.196583553	2.140805387	2.188741375	2.15126222	-0.03393155452	2.169978028	-0.05280603308	-0.1564262072	0.7588619506	-0.01921092951	2.150046054	-0.3064181033	-0.3281992222	-0.3276430233	-0.2244330198	-0.1324292542	-0.3105389259	0.8566161329	0.1060076131	2.187845616	-0.2032529369	0.003611701014	-0.1527185491	0.258063261	-0.08081478542	-0.03881189572	-0.1125776213	2.191425581	2.12598805	2.068267847	-0.0321597394	-0.06314289582	-0.1446050119	0.8701308555	0.9178442382	0.8481929902	-0.1186972525	2.149342832	-0.09499597036	-0.09514912758	-0.08874179684	-0.2560000613	-0.195550099	-0.2627063347	-0.2961443798	-0.3116424493	-0.2721757333	-0.2722921219	-0.3284405784	-0.3031243595	-0.3315633815	-0.2601547288	-0.2829775352	-0.3317801134	-0.322290592	-0.2200505771	-0.2544892022	-0.3245066398	-0.2130059197	-0.315130592	-0.317560514	-0.2616625535	-0.282900906	-0.3119383165	-0.1789311599	-0.2316513153	-0.2963665702	-0.2650862209	-0.3382477853	-0.2691355587	-0.3192793037	-0.3136363794	-0.3012244412	-0.3194706828	-0.3212360097	-0.295959923	-0.3204901501	-0.2062717045	-0.2915600326	-0.2608266766	-0.2681998598	-0.3049828946	-0.3093339164	-0.2564803515	-0.2857266741	-0.3134392855	-0.3111792667	-0.2496663603	-0.3318505115	-0.3208567363	-0.3282021414	-0.3219118833	-0.3255799619	-0.3133028426	-0.29648818	-0.3145400971	-0.2980960607	-0.2770318808	-0.1905717422	-0.2476983009	-0.1992645663	0.8356538132	-0.3124795161	-0.3053470363	-0.2891225231	-0.2765478831	-0.3076043192	-0.2864047749	-0.3126247448	-0.250670479	-0.300295482	-0.2239913915	-0.313315258	-0.3050201939	-0.2271148084	-0.2261914393	-0.3092622494	-0.3007371254	-0.3133556409	-0.3347736158	-0.3187724893	-0.2973861053	-0.3272502743	-0.2564612288	-0.3026966908	-0.2894954163	-0.1332753729	-0.2567322062	-0.1802831732	-0.2017225186	-0.1027695475	-0.1628580289	-0.06954271935	-0.1905041193	-0.17243662	-0.100492524	-0.2758070349	-0.1117778848	-0.3226497512	-0.3236864732	-0.3234884324	0.05277759803	-0.2226235546	-0.09753916386	-0.1838403172	-0.2026289649	-0.01446632347	-0.1863355186	-0.3258603761	-0.1330037308	-0.323635344	-0.2175273139	-0.2957623682	-0.3410980147	-0.3379635333	-0.214315689	-0.3208858636	-0.3011425916	-0.3282811071	-0.3066218627	-0.2535296744	-0.2733743184	-0.3271989535	-0.3253883409	-0.3285592653	-0.2986011413	-0.3172390312	-0.2633530279	-0.2155325691	-0.2438395494	-0.2605692544	-0.2253238331	-0.2769972769	-0.1970428239	-0.2823308409	-0.2671287837	-0.2457323391	-0.2997035133	-0.3068485281	-0.1832138748	-0.2877336546	-0.2047666085	-0.04258694489	-0.1829861451	-0.1256210072	-0.1256241778	-0.316132814	-0.2716711987	-0.2945387575	-0.1937425756	-0.3256410539	-0.3041009699	-0.2775305411	-0.1372362564	0.8531756243	0.7630220467	-0.3162757586	-0.2806071781	-0.327599344	-0.3246152367	0.05431113884	-0.2955301369	-0.1760810705	0.7565345878	-0.3055058793	-0.2688172998
-0.2910033409	-0.3048250598	-0.2997565167	-0.3302274055	-0.2342316491	-0.2552000514	-0.2716888455	-0.316117529	-0.3332667067	2.80043653	2.779556645	2.827563963	2.747906254	0.8790116122	0.8558041423	3.072647774	2.735451383	2.703320072	0.7710731377	2.906299439	-0.1685174724	-0.2029423701	0.796217322	-0.09474828803	-0.1350477834	0.8266730349	0.8375939669	0.8783153522	0.7821543263	-0.08382484749	0.8003858188	-0.1110493133	-0.2201440809	0.9181189223	-0.08065458985	0.8727379872	-0.3240950383	-0.343392948	-0.3433939917	-0.2384188607	-0.1624123211	-0.3235781971	2.522747755	0.01101874327	0.8980792793	-0.232390373	-0.009481678289	-0.18372046	-0.00953521214	-0.1431895648	-0.1382504175	-0.192669994	0.9152678344	0.8791207985	0.8841913177	-0.09274906377	-0.09756012451	-0.1816772336	2.514317027	2.587692432	2.511819295	-0.1396488617	0.8427490126	-0.1190810218	-0.1502070919	-0.1768179586	-0.3290678151	-0.2551469117	-0.3267266483	-0.3360648372	-0.3217242904	-0.3263353308	-0.3260606987	-0.3441399711	-0.339939045	-0.3441834993	-0.3002953313	-0.3351729396	-0.3461255779	-0.3419910656	-0.2529938436	-0.3163097175	-0.3300851238	-0.2507058663	-0.3361030543	-0.3188153376	-0.2733348141	-0.3066697717	-0.3312141891	-0.290393607	-0.231081206	-0.3370808041	-0.2822560036	-0.3515516599	-0.3243322495	-0.3374551681	-0.3214462096	-0.3095682429	-0.3305965636	-0.3473991197	-0.3027862964	-0.3335941877	-0.2665005355	-0.3433904622	-0.2641585059	-0.2880984684	-0.3180526576	-0.3458100966	-0.2881295514	-0.2907994191	-0.31602866	-0.3408820527	-0.2556502496	-0.344084602	-0.3281675551	-0.3607253598	-0.3363825677	-0.3317822733	-0.2872539726	-0.3222711716	-0.3319298215	-0.3292482789	-0.3018420205	-0.2996157107	-0.258691018	-0.2264560545	2.467103607	-0.3221264608	-0.32047695	-0.3334863791	-0.2816929787	-0.3256273616	-0.2746306841	-0.3240056551	-0.2846078538	-0.2988043402	-0.2430099277	-0.3277095835	-0.3316659809	-0.2770698892	-0.289496596	-0.3175952341	-0.3101029011	-0.3563244122	-0.3457644014	-0.2843939133	-0.3349940123	-0.3545705539	-0.320803779	-0.3079536205	-0.360560864	-0.2204963358	-0.3104775067	-0.2914987436	-0.2473761326	-0.2033364875	-0.2740443642	-0.1504098607	-0.2344832399	-0.2190975187	-0.1942269057	-0.3117964274	-0.173256484	-0.3192254261	-0.3360905278	-0.3273057249	0.0925838407	-0.2675336864	-0.1700251541	-0.2232389041	-0.2446344385	-0.05747694074	-0.2254929579	-0.3364694375	-0.2503997912	-0.3322111483	-0.2620352482	-0.3051555576	-0.3493029308	-0.346483381	-0.27326491	-0.3256688068	-0.3089949229	-0.3480663667	-0.3499636257	-0.2611009932	-0.3002191078	-0.3409307215	-0.3407655783	-0.3403339232	-0.3134199673	-0.3350919983	-0.2710239612	-0.2706429231	-0.2882130759	-0.279276584	-0.2919627674	-0.2653171556	-0.2673007962	-0.3629419963	-0.3612880739	-0.3475268613	-0.3293422779	-0.3433003889	-0.2350765671	-0.2960899314	-0.283154079	-0.1371277836	-0.2053082898	-0.1970775369	-0.1880578571	-0.3303110354	-0.3277131065	-0.3028766516	-0.2658355626	-0.3411843572	-0.3104410626	-0.2942755636	-0.2041837367	2.456389486	0.9562474802	-0.3454415207	-0.3268288407	-0.3591987993	-0.3361362535	0.01981883609	-0.3223154	-0.2235957922	2.40879752	-0.3107252861	-0.2890292281
-0.2986192193	-0.3418172574	-0.2936284726	-0.3582531977	-0.2760238696	-0.2831705502	-0.3068634629	-0.3582502249	-0.3544175177	2.93477412	2.844803727	2.856861768	2.735590895	0.8923661922	0.8947105408	2.735451383	3.192726098	2.786303619	0.7856273463	2.798193565	-0.2169245049	-0.1930289804	0.841885725	-0.03586995435	-0.1181044127	0.9397675719	0.9420493542	0.9010324584	0.9133374219	-0.08479120868	0.9283014111	-0.08149279715	-0.2517427361	0.9369840131	-0.06913539243	0.9073815166	-0.3525033867	-0.3737658702	-0.3727425613	-0.2724805464	-0.199750773	-0.3625956181	2.668293951	0.02885522734	0.9886827419	-0.2483030767	-0.07147278653	-0.2013880693	-0.01123980981	-0.1896704893	-0.1306859557	-0.1585302534	0.9872475113	0.8758693949	0.8295360516	-0.08587286491	-0.08640470047	-0.2069854625	2.663331475	2.702483923	2.670964401	-0.1070933207	0.8877751321	-0.1487812185	-0.197309802	-0.2086053219	-0.2957429241	-0.2061883283	-0.3547350323	-0.3718159597	-0.3584568084	-0.2678202763	-0.2674987044	-0.3762216204	-0.3500446233	-0.3740769092	-0.3027783327	-0.2935189451	-0.3757456958	-0.3631226484	-0.2443362479	-0.2991525998	-0.3056960406	-0.273626881	-0.3642292177	-0.2976025763	-0.2397778255	-0.3187967931	-0.3586485653	-0.2689125548	-0.1872458217	-0.3629311779	-0.3212368419	-0.385226975	-0.3064968312	-0.369384683	-0.3527399302	-0.3409910374	-0.3044613607	-0.3220416958	-0.3343016253	-0.365453543	-0.3019631299	-0.3553952874	-0.2876690597	-0.3221861423	-0.3512240454	-0.3729328107	-0.2842357703	-0.2944929664	-0.3426536256	-0.3685336801	-0.2786464968	-0.3734412893	-0.3582305615	-0.3881099016	-0.3680035363	-0.3589798917	-0.315172697	-0.3347539146	-0.3622579918	-0.3533675245	-0.3215362621	-0.2713483864	-0.2829418137	-0.2507743204	2.607763159	-0.3501153084	-0.3542062271	-0.3563932456	-0.2611015775	-0.3572249856	-0.3056720101	-0.3514205231	-0.3086615555	-0.2876958518	-0.2502255424	-0.3587685139	-0.3082838954	-0.3344629184	-0.3155062566	-0.3255633344	-0.3393218898	-0.3643679133	-0.3742716233	-0.3131226363	-0.3700304727	-0.3673441935	-0.3483354166	-0.3370404213	-0.3591245147	-0.2403754085	-0.3218712168	-0.302656363	-0.2547922794	-0.2298821053	-0.2451296797	-0.1080566728	-0.2411740653	-0.226030152	-0.1862373969	-0.3311597341	-0.1846976504	-0.3505758775	-0.3639970754	-0.3249692189	0.0381379259	-0.2184061308	-0.0941197023	-0.2155221061	-0.1952796893	-0.02604950825	-0.2392612979	-0.3611476343	-0.2378361186	-0.3281713188	-0.2115132331	-0.2797773921	-0.3243791963	-0.3747899447	-0.2853720654	-0.3337507841	-0.2827832171	-0.3234511627	-0.3661048262	-0.2896250785	-0.3255585976	-0.3702050545	-0.3767087273	-0.3712210682	-0.2929720003	-0.3607138272	-0.2554791035	-0.2923462026	-0.3133840874	-0.3060150688	-0.2935499297	-0.292056056	-0.2745667484	-0.3401595908	-0.3317150873	-0.3176867115	-0.3538598896	-0.3591805844	-0.264247253	-0.3149528842	-0.2951176224	-0.1043896717	-0.213591971	-0.2421598002	-0.230505005	-0.3662879133	-0.3617661462	-0.2803083513	-0.2625327378	-0.3198536425	-0.2886330007	-0.3185332963	-0.1963658056	2.519852181	0.9736349297	-0.3198879613	-0.2985827557	-0.3707757779	-0.3664696544	-0.02429651199	-0.3478629429	-0.251702905	2.489800269	-0.3368690634	-0.3118754761
-0.2886076861	-0.3300287135	-0.2819208817	-0.3501560423	-0.2446207136	-0.2753261419	-0.2930002684	-0.3083183959	-0.3404383314	2.833501942	2.766867111	2.815146118	2.768073151	0.930397007	0.9588329606	2.703320072	2.786303619	3.189480734	0.7982970947	2.661280288	-0.1993686506	-0.228687297	0.8515938959	-0.06115894874	-0.1013784784	0.9302024691	0.9226821835	0.9382636866	0.860503843	-0.1073803976	0.8670525228	-0.1589058371	-0.2355629851	0.943466591	-0.1027895949	0.9619941281	-0.3454708164	-0.3695803807	-0.3690752328	-0.2665546407	-0.1911066448	-0.3602123363	2.669555906	0.05761638359	0.9812513293	-0.2522211524	-0.04451673323	-0.176449581	0.00432304192	-0.189815087	-0.1083081316	-0.2030752514	1.006340294	0.9155976808	0.8722954554	-0.1068561345	-0.1098829956	-0.1982270183	2.615510194	2.631818652	2.598479905	-0.1806919504	0.9326320559	-0.1401311888	-0.1681383806	-0.1915822058	-0.2752074055	-0.2423194748	-0.3169361505	-0.3338802491	-0.344927298	-0.2898384148	-0.2900344257	-0.3639828435	-0.3357126635	-0.3658487827	-0.2873791442	-0.340192551	-0.3762983799	-0.3587986153	-0.2736961832	-0.2957671256	-0.3541509994	-0.2844859592	-0.3551292356	-0.3449056553	-0.2871945752	-0.3098216975	-0.3494005458	-0.2689236296	-0.2314959744	-0.3579371323	-0.3027737552	-0.3735745928	-0.2992750057	-0.3610009682	-0.3427937607	-0.335511139	-0.345676792	-0.3659534051	-0.3279654864	-0.3522537419	-0.2704567877	-0.3458512572	-0.2812872429	-0.311680528	-0.3421574634	-0.328798372	-0.3070261433	-0.2908680967	-0.335339255	-0.3649201674	-0.2929928716	-0.3639967104	-0.3493779923	-0.3778528802	-0.3573431172	-0.331634418	-0.3556607951	-0.324308381	-0.3534777181	-0.3234462659	-0.3204807975	-0.2644614229	-0.2805546129	-0.2674634104	2.605209076	-0.3214664573	-0.3437817687	-0.359125543	-0.3070301475	-0.3502400974	-0.2996876021	-0.3480126284	-0.300611969	-0.2944483987	-0.2334884856	-0.3496803007	-0.3532083484	-0.2882270585	-0.2801030682	-0.317000282	-0.3331756397	-0.3567944436	-0.3726789823	-0.3592989407	-0.3330392758	-0.3569188069	-0.3121138015	-0.3319237767	-0.371313211	-0.2163811802	-0.3124262119	-0.2761716924	-0.2497838466	-0.1651635269	-0.2306583564	-0.1002184831	-0.2099043148	-0.2173678126	-0.1878273721	-0.3227505024	-0.1736804019	-0.344784023	-0.3554842322	-0.3146246636	0.03315796666	-0.2618647318	-0.140495214	-0.2179910472	-0.2418446	-0.04203760976	-0.2344810375	-0.3487798303	-0.2109304436	-0.3206410271	-0.2567780481	-0.3216234844	-0.3728092451	-0.3649769562	-0.2878341273	-0.3238133238	-0.3251978628	-0.3680688088	-0.3271983258	-0.2568804086	-0.2937033765	-0.356613733	-0.3677973247	-0.3607229363	-0.3382269759	-0.3521435407	-0.2892470239	-0.2762318367	-0.2994662645	-0.2882642	-0.2750568243	-0.3097918022	-0.2517793582	-0.3242111014	-0.3142661597	-0.3007000728	-0.3564314499	-0.3507693357	-0.2587899396	-0.334245714	-0.2474293306	-0.06829028869	-0.224145549	-0.2165310328	-0.2226209623	-0.3568785948	-0.3237561547	-0.3290751228	-0.2529877156	-0.3628111617	-0.3332177091	-0.3131358024	-0.2258276262	2.562693592	0.9350817312	-0.3375439781	-0.3445605951	-0.3686918784	-0.3588856429	0.003018376682	-0.3311654738	-0.2442064397	2.47429747	-0.3070434869	-0.2820075337
-0.3292605655	-0.2612177791	-0.2735160092	-0.3021953873	-0.2784187295	-0.2227276008	-0.2365107271	-0.2715465404	-0.2992856478	0.7963386531	0.8060683464	0.7941770811	0.7528159405	2.141848861	2.144628143	0.7710731377	0.7856273463	0.7982970947	2.720282716	0.7642856053	-0.0475566152	-0.0771107366	2.125648457	0.09093966749	0.05163452498	2.098103463	2.092049488	2.208410768	2.082574736	0.05432827027	2.08560314	-0.06574938247	-0.1628825148	0.8023259038	-0.07113547692	2.081167082	-0.3024498401	-0.3265626832	-0.3262822727	-0.2706918116	-0.2074720008	-0.2288403544	0.7387148271	0.1352592751	2.122514774	-0.1255697633	-0.06793360223	-0.1595082512	0.3612612018	-0.01973996337	0.04700272825	-0.1244531424	2.116940071	2.021016978	2.014160056	0.05920426667	0.02908631264	-0.09051611802	0.745048186	0.7903865258	0.7346487192	-0.03517103525	2.106402573	-0.1435138624	-0.1580133223	-0.09128093908	-0.2328811148	-0.1886996504	-0.3044469289	-0.3238467738	-0.3010914526	-0.2449284248	-0.2455615084	-0.3059277264	-0.31836191	-0.3292015205	-0.2383088294	-0.259652629	-0.3306222832	-0.3237046861	-0.1696217008	-0.2150815009	-0.3163265872	-0.2290567083	-0.3225197227	-0.3084955875	-0.2510597212	-0.2890326104	-0.2982296508	-0.151240632	-0.2180313582	-0.2838220709	-0.1921024824	-0.333211087	-0.2815487029	-0.3059686184	-0.2995515814	-0.2854281484	-0.3073794726	-0.2915036124	-0.2790983219	-0.3113497539	-0.2349698811	-0.2598037886	-0.2711983374	-0.2292813966	-0.2652679729	-0.2600396374	-0.2346403437	-0.2798146545	-0.3088961883	-0.233419976	-0.2675423372	-0.3266825002	-0.3120666686	-0.2859148088	-0.328112948	-0.3002885194	-0.3147140018	-0.3097185432	-0.2992178466	-0.2579427382	-0.2441991739	-0.1404485199	-0.2193522026	-0.2164383889	0.7216942148	-0.2866995158	-0.2665396754	-0.2348241545	-0.2635509969	-0.2939598998	-0.3139991992	-0.2891811066	-0.2996972875	-0.2563902908	-0.2067263578	-0.2989582714	-0.2805472684	-0.2334815026	-0.2681571992	-0.311203093	-0.3038285305	-0.3211066818	-0.3321415207	-0.3162890022	-0.3251348721	-0.3213853781	-0.2988197019	-0.3057843323	-0.1848318882	-0.2156221263	-0.2430303488	-0.2110290182	-0.2164635686	-0.1127724066	-0.1580896645	-0.06713282268	-0.1925403251	-0.1610647409	-0.1583939663	-0.264740216	-0.1081626153	-0.3153440606	-0.3194480864	-0.3109377398	0.06916250505	-0.1913591278	-0.1154360802	-0.1656578437	-0.1782573214	-0.02554169098	-0.2007901255	-0.3217616864	-0.1636560062	-0.2970332904	-0.1927745453	-0.2819511641	-0.3308217373	-0.3320909762	-0.218925565	-0.3221376517	-0.3230371668	-0.3202873539	-0.2767134287	-0.2702674149	-0.2865719281	-0.3167897191	-0.3140961545	-0.3261149217	-0.2739260514	-0.3179030669	-0.2260556054	-0.2259256366	-0.2571974054	-0.2600628313	-0.1901418194	-0.2740604534	-0.1584773109	-0.2612547673	-0.2363521656	-0.2026261867	-0.2849831013	-0.2974230321	-0.213896726	-0.1788398414	-0.229030792	-0.1365472693	-0.2304323952	-0.1454408013	-0.06716352978	-0.3057361402	-0.3005588728	-0.2911150917	-0.1946074098	-0.3239918372	-0.2856567868	-0.2728011914	-0.05644281994	0.858437073	0.78471542	-0.2719163735	-0.2849075593	-0.2440255947	-0.3237930212	-0.009508769389	-0.2782184817	-0.1924717263	0.8357037659	-0.277242906	-0.2547910758
-0.297190952	-0.3127554895	-0.3044818372	-0.3392096519	-0.2393517984	-0.2658700955	-0.2896311495	-0.3313531404	-0.3455388178	2.796117537	2.809678757	2.802244861	2.709675864	0.8476351074	0.818519358	2.906299439	2.798193565	2.661280288	0.7642856053	3.097404754	-0.1804108905	-0.1652421703	0.7859053828	-0.06448528527	-0.1443007484	0.8869570716	0.8724803512	0.8338061144	0.8312331485	-0.09729834813	0.8707318442	-0.07234933376	-0.2308598793	0.9054778615	-0.0506239876	0.8488101199	-0.3304982638	-0.34988894	-0.3500073387	-0.2445737843	-0.179050803	-0.3293250079	2.540962994	-0.03900476327	0.9080371908	-0.2372254131	-0.04077088584	-0.1839044748	-0.01269422725	-0.1610178669	-0.1470911691	-0.1494806101	0.8935950696	0.8559730513	0.8569412207	-0.1097307301	-0.1086322041	-0.1927778934	2.539338407	2.622027022	2.532115704	-0.09994932999	0.7957070507	-0.1266596454	-0.1612463532	-0.1883163159	-0.3359522215	-0.2103059946	-0.3340318505	-0.3433642457	-0.3296723843	-0.297257581	-0.2962352379	-0.3528559625	-0.3504576626	-0.3526094179	-0.3103911038	-0.2911079289	-0.352426635	-0.348151204	-0.2636638874	-0.326639646	-0.2829328402	-0.2589879378	-0.3458509731	-0.2741569947	-0.2288773247	-0.3197252176	-0.3417667913	-0.2907055679	-0.1855025505	-0.3391797467	-0.2970541546	-0.3579900838	-0.3366524395	-0.3445326811	-0.3278113507	-0.3202817636	-0.2829055431	-0.302227922	-0.31343798	-0.3421063034	-0.2752092849	-0.3529837927	-0.275846655	-0.296382644	-0.3300401755	-0.3519310708	-0.2657947422	-0.2974308354	-0.3243655019	-0.3505099529	-0.2629223548	-0.351951413	-0.3365927266	-0.3705286745	-0.3482817695	-0.3393269756	-0.2921083845	-0.3329188386	-0.3422741232	-0.3362740759	-0.3082069616	-0.3086047884	-0.2646601824	-0.2324456129	2.485999341	-0.331228733	-0.3325521675	-0.3351460361	-0.2389225444	-0.3354532889	-0.2810582049	-0.3300647652	-0.2891038561	-0.271914699	-0.2685109122	-0.334177622	-0.2838016059	-0.3336488525	-0.2947838441	-0.3258950962	-0.3213159931	-0.360130954	-0.3511756892	-0.2901806916	-0.3419388391	-0.3599228704	-0.3273512902	-0.3196630741	-0.3596296783	-0.2162637942	-0.3152122296	-0.2910927519	-0.2459510232	-0.2534423971	-0.2768690845	-0.1473857145	-0.2332464368	-0.2178055748	-0.1901952326	-0.3240427161	-0.1802137542	-0.3269453212	-0.3432503658	-0.3374874286	0.04992808492	-0.2310404512	-0.1203079398	-0.2267040689	-0.2120238559	-0.05996609017	-0.2403445305	-0.3428828218	-0.2590653803	-0.3378937358	-0.2284210443	-0.2596323869	-0.304081581	-0.3519141837	-0.2695943032	-0.3324771698	-0.2618050091	-0.3011237018	-0.363696662	-0.2731817735	-0.3027965823	-0.3485641284	-0.3494654052	-0.3480277929	-0.2690415238	-0.3407911084	-0.2443199937	-0.2762237584	-0.293640301	-0.2853741135	-0.2976105262	-0.2753873971	-0.2720982925	-0.3696348453	-0.3718642728	-0.3576632468	-0.3377524965	-0.3493142166	-0.2499571812	-0.3060812302	-0.2907853287	-0.1639974329	-0.2089267283	-0.2147819179	-0.2095621077	-0.3388851455	-0.3343419041	-0.2603683812	-0.2770847453	-0.2962519828	-0.2680810172	-0.3031005934	-0.1685651698	2.478073878	0.9386424378	-0.3012878921	-0.2838063377	-0.3653111652	-0.3439917721	-0.01207675998	-0.3322479537	-0.2319443769	2.420998373	-0.3163079574	-0.2964296899
-0.0853096316	0.01888749862	-0.0243412627	-0.06022894052	-0.01658674134	0.04295971312	0.1567487933	0.06378815943	-0.06768620283	-0.2240722652	-0.2025205282	-0.2030125925	-0.1882889118	-0.1402346096	-0.1087000965	-0.1685174724	-0.2169245049	-0.1993686506	-0.0475566152	-0.1804108905	0.9590031469	0.5977419409	-0.05816425301	0.1085520998	0.1444115422	-0.1244205291	-0.1501045656	-0.1611054815	-0.134733882	0.1654842796	-0.1494286842	0.2567932561	0.3549965559	0.01175203491	0.3862295764	-0.1154527988	0.06367998847	0.01406610241	0.01919257812	0.1435749823	0.1987970996	0.1480076701	-0.2144539897	0.1081973562	-0.1128949281	0.2742731425	0.183817723	0.2456788005	0.1519449299	0.5093704839	0.2151905272	0.2758243803	-0.1340495447	-0.1077595396	-0.09526723385	0.1674538012	0.1377150335	0.3793573151	-0.169524695	-0.1838636937	-0.2311188557	0.3272153265	-0.1404782407	0.2589419374	0.3417274385	0.2377910636	-0.02396043133	0.03934636227	0.00293191793	-0.05644163638	-0.0396792149	-0.1131618271	-0.1122192407	-0.04674212154	-0.06356743518	-0.08319580406	-0.02676754031	-0.06963130053	-0.0760163504	0.01291049385	-0.01338702273	-0.03659096385	-0.09829727748	-0.05783880682	-0.07703793326	-0.09458841291	-0.06413136517	-0.04369246254	-0.04623955101	0.06406872692	-0.07482411959	-0.03372198375	0.04984792724	-0.006949920494	-0.0764298778	-0.04981124267	-0.04754224607	-0.04517787231	-0.08033686288	-0.04176280218	-0.01808981048	-0.03443000402	0.04519503391	-0.03927050969	-0.03278859107	-0.02906392574	0.000290903966	-0.04053725186	0.0206869052	-0.07497126406	-0.06654078557	0.137936959	-0.01494090728	-0.07700109941	-0.07695744836	-0.04643664624	-0.06105084694	-0.07515794802	-0.0824968091	-0.07075289267	-0.04616035864	-0.03834204801	-0.04661987067	0.01723160117	-0.01405273731	0.0114103661	-0.2100358741	-0.0458026923	-0.0006797016545	0.02584531269	-0.04781665099	-0.04551679939	-0.06821021507	-0.06566248206	-0.01621907885	0.006032006023	-0.03336308702	-0.05404304392	-0.06172925165	-0.06913986922	-0.01543160314	-0.0668664403	-0.06348392589	-0.06355535211	-0.07142271613	-0.08291274412	-0.0191929148	-0.09662923346	-0.01084529943	-0.0758294054	0.07700218939	0.09064870261	-0.01763348391	0.05388403972	-0.04636908077	0.145780998	-0.006082229953	-0.02967836569	-0.06389975636	0.005234615189	-0.02259952159	-0.01679028371	0.02736503611	-0.07274554241	-0.07213921669	-0.02392822677	0.002106718046	-0.04110825618	-0.02949626964	-0.02697718667	-0.02211452926	-0.02316958413	-0.03064173152	-0.03994251009	0.1181194645	-0.01777972822	-0.03820806264	-0.0499123244	-0.1150406059	-0.07464538032	0.001113910347	-0.07520817921	-0.08444768488	-0.08347008379	-0.05036608608	-0.07409031229	-0.05922459992	-0.05796505768	-0.03300407831	-0.08446628621	-0.05315760268	-0.06321232825	0.009066067129	0.011949035	-0.00574692494	-0.003645883284	0.03571724323	-0.0273267724	0.04916270323	-0.07847804187	-0.06538484904	-0.03933703625	-0.0520812245	-0.05478417813	0.1272662143	0.01271687652	0.06222286304	0.1282251386	0.2554479092	0.4153083792	0.4720412864	-0.0529191005	-0.01362604949	-0.09226340527	0.01294149271	-0.07450990958	-0.07364600674	-0.0453950867	0.4556911242	-0.06693340615	0.003128166524	-0.02390625635	-0.04231152253	0.07906335114	-0.08157108693	0.1133579499	0.01582584481	0.1709907859	-0.09511533489	-0.02945990526	-0.04994814805
-0.0868993603	0.00517940814	-0.04535928277	-0.05422719495	-0.006993939423	0.01851485806	0.1048232255	0.06992137803	-0.08092205774	-0.2062903271	-0.2387509112	-0.2295488486	-0.2216531105	-0.1766628821	-0.1407525822	-0.2029423701	-0.1930289804	-0.228687297	-0.0771107366	-0.1652421703	0.5977419409	0.9659806178	-0.09546038869	0.1613211393	0.1168296915	-0.1114555876	-0.1336260531	-0.2004816361	-0.1004872456	0.1449285568	-0.1256832381	0.3447904907	0.3480325076	-0.01517589236	0.347149396	-0.1584262277	0.03729176742	-0.005035235732	0.001328308256	0.1413558374	0.1490722123	0.1367378395	-0.1662975408	0.08629068364	-0.1295725061	0.2728086711	0.1266383516	0.1731865105	0.09463911645	0.4903803234	0.1373559249	0.4284249544	-0.1868134547	-0.1308506152	-0.1447382324	0.1400062158	0.1133504222	0.4194246443	-0.1241204882	-0.1559429957	-0.1889915307	0.3239113937	-0.1756513624	0.3053763708	0.4180400018	0.2434154561	-0.008719962663	0.1230735418	0.01419938024	-0.04848964154	-0.04277970312	-0.0242156764	-0.0260526789	-0.04671028565	-0.08536963812	-0.08082325935	-0.05019844448	0.003251200738	-0.09260860526	-0.01401217599	-0.05460632027	-0.05258010314	-0.02726567506	-0.09217246197	-0.09420594033	-0.03487147212	0.02043235281	-0.0671528346	-0.06508500702	0.01011405678	-0.00721228421	-0.05203376847	0.03891985327	-0.01194630256	-0.09405235453	-0.06714375267	-0.07099087471	-0.07249268338	-0.01688775852	0.03504905358	-0.0474125329	-0.04282878562	0.0353296584	-0.05296626868	-0.05478259252	-0.03989738319	-0.02970376051	-0.05170006445	0.04743591843	-0.09476466622	-0.08291108927	0.08260674354	-0.03615206676	-0.09373191948	-0.08205152832	-0.04080620368	-0.06859932332	-0.09270460096	-0.1035152117	-0.09735016738	-0.06862709746	-0.04940974649	-0.05497403987	-0.007930022291	-0.0281852391	0.01936348957	-0.1628865449	-0.05767840381	-0.02693344396	-0.009088391447	0.005700144988	-0.06951732665	-0.07671411717	-0.06746983882	-0.007975856381	0.08943973589	0.02821478379	-0.07004954707	0.006099009678	-0.08700530926	-0.004554247018	-0.0669509489	-0.08279537846	-0.08357460933	-0.08774322594	-0.1041421848	-0.03241449035	-0.1066755444	0.003642730635	-0.09007454856	0.041860075	0.08057401186	-0.04889013443	0.04989290988	-0.06606117554	0.1244827218	-0.01628982905	-0.05331222554	-0.0799333138	-0.03706728733	-0.01225914653	-0.05745629857	0.07848530702	-0.08422696795	-0.06901226906	-0.04388834645	-0.02571903441	0.02241965347	0.03690010296	-0.0443931263	0.04739234239	-0.03703899818	-0.07376654563	-0.04522219335	0.06101911184	-0.01114678304	0.02467279567	0.01240795709	-0.01830427029	-0.08834768998	-0.03751578675	-0.09042424568	0.006672740066	0.01484615911	-0.08190064629	-0.08458420414	-0.06280590167	-0.06343908147	-0.03931286766	-0.08178878234	0.007572112374	-0.05243117967	0.07319398798	0.02941014865	0.009812150085	-0.007770256261	-0.008538609158	-0.06936524206	0.01254768085	-0.09875372271	-0.09146835099	-0.05944346808	-0.07779613174	-0.08971038258	0.1393997185	-0.00232763471	0.0811628852	0.1249776737	0.2771906043	0.4592490722	0.4834019539	-0.05625742959	-0.04201791938	-0.02938835333	-0.03882908214	0.00569953956	-0.01226820945	-0.06288454587	0.5400619457	-0.1090532972	-0.01431545407	0.04436976417	0.04615568067	0.08065365918	-0.07571131583	0.0736233635	0.01842702442	0.2308550755	-0.1153822467	-0.05458766231	-0.02429193807
-0.3213430681	-0.2797391121	-0.2568385355	-0.2889033226	-0.2779637865	-0.2329206227	-0.244951158	-0.3083442139	-0.3088061925	0.8554372257	0.8580117148	0.8625624416	0.7754106238	2.22231959	2.160260278	0.796217322	0.841885725	0.8515938959	2.125648457	0.7859053828	-0.05816425301	-0.09546038869	2.7111084	0.02105805032	-0.007127336285	2.151834375	2.159707827	2.167821711	2.225828034	-0.03307602553	2.272515572	-0.1351785754	-0.1618294564	0.7533615086	-0.05325106843	2.144057269	-0.3040467414	-0.3225114834	-0.3227452292	-0.247954952	-0.1512041379	-0.2570768376	0.794526376	0.1488848533	2.189344514	-0.1579985029	-0.01611315558	-0.1374216091	0.3328364463	-0.05133701248	-0.03675590053	-0.1347049492	2.143436168	2.175816596	2.103104273	-0.02418809864	-0.02316386927	-0.06488291701	0.8129968348	0.8173451186	0.7718531899	-0.09078871405	2.147237956	-0.1003883012	-0.1397513492	-0.1091283583	-0.2340221001	-0.1990677128	-0.2827564131	-0.3159785104	-0.2942306435	-0.2762222959	-0.2756514991	-0.2998144629	-0.2995798822	-0.3206185787	-0.2535249277	-0.2753945994	-0.32877004	-0.3165071037	-0.167768797	-0.1965715061	-0.3073510081	-0.2687515979	-0.3030125336	-0.3020310173	-0.253206014	-0.280528633	-0.2904578441	-0.1488164003	-0.2175824042	-0.2898972145	-0.2499783884	-0.3335641446	-0.2672559727	-0.2889265858	-0.2870027331	-0.2748183559	-0.3054859615	-0.3010086726	-0.2719177042	-0.3104419394	-0.2343168559	-0.2780159579	-0.3079018713	-0.2364336172	-0.2449823814	-0.2926050846	-0.2466982576	-0.2824081447	-0.2980460664	-0.2621440284	-0.2941772519	-0.3185387096	-0.3013050999	-0.2916802723	-0.3112619026	-0.318875571	-0.313875958	-0.2938947069	-0.2923122374	-0.2924833548	-0.2736374702	-0.1824312616	-0.2425747702	-0.2184505536	0.7727741892	-0.3073178454	-0.2460386993	-0.2502225157	-0.251444275	-0.2879432165	-0.304032485	-0.2768757883	-0.2767010889	-0.2659426712	-0.2401060037	-0.2863389773	-0.2783383136	-0.2713412799	-0.2485260547	-0.2942311043	-0.2875189471	-0.3192239798	-0.3308469784	-0.3172295985	-0.3174812286	-0.3132244351	-0.2781833798	-0.2899065188	-0.2562339008	-0.2409301686	-0.2532047487	-0.2394986422	-0.2663001323	-0.1286850637	-0.2315350527	-0.1362950131	-0.2583761341	-0.1998526106	-0.1660956746	-0.282843811	-0.1157373456	-0.3052859812	-0.309240839	-0.2888404717	0.02951334369	-0.2347340732	-0.1283194764	-0.1945947521	-0.215948979	-0.05593018007	-0.2298106843	-0.3137484343	-0.1303751122	-0.2839097766	-0.2309380129	-0.2749957474	-0.3341570844	-0.3214894518	-0.2222143362	-0.3072288566	-0.3190744698	-0.3142414694	-0.2960655363	-0.2969578034	-0.3181902131	-0.3120180634	-0.3339909313	-0.3161163539	-0.2726858322	-0.2994989773	-0.2542752843	-0.2108638634	-0.2320372031	-0.242459034	-0.219430029	-0.2994992511	-0.1911662702	-0.2674166094	-0.2655366864	-0.2250937519	-0.2838175588	-0.2801250139	-0.1844210819	-0.2508981062	-0.2367169688	-0.08650737015	-0.1913455585	-0.127391654	-0.1171317276	-0.3244581068	-0.2903249435	-0.2945818242	-0.1769889364	-0.3127825747	-0.278817372	-0.2612295525	-0.09250133575	0.8239385378	0.7325683851	-0.3025769486	-0.2871797284	-0.2683391714	-0.3151672797	0.05555753953	-0.2839783209	-0.1507316395	0.8256146645	-0.2956749516	-0.2695982788
-0.04787251659	-0.01772336051	-0.09021061321	-0.09626121983	-0.02560400902	-0.00679165243	-0.07411639728	-0.08312728591	-0.09153920096	-0.0427407033	-0.07925248318	-0.08329269988	-0.08207174268	0.03174772248	-0.0006603277808	-0.09474828803	-0.03586995435	-0.06115894874	0.09093966749	-0.06448528527	0.1085520998	0.1613211393	0.02105805032	0.9819894564	0.6355375778	0.05482454865	0.05835832037	0.03228821989	0.04882452424	0.489167844	0.06809885691	0.1516934843	-0.009173232122	0.01474815216	0.1098508622	-0.02843456315	-0.08757901405	-0.1201205353	-0.1171177934	-0.0267833092	0.02411729832	-0.02942145256	-0.03192953508	0.2057839321	0.003677970359	0.07299771308	0.1138971502	0.0383082254	0.2341275951	0.07535549859	0.3542006201	0.09591183888	-0.006613481662	-0.02486516027	-0.06076704373	0.5368570404	0.5463846998	0.1431619975	-0.02115102644	-0.04188025339	-0.04657232711	0.1484445785	0.05324094769	0.05415195618	0.06411900377	0.04321833465	0.01327052924	0.0781413824	-0.08946083219	-0.1023616273	-0.06885133662	0.01864036854	0.02056297756	-0.09416918575	-0.09023557704	-0.09725763057	-0.01045888631	0.03734969423	-0.1079418081	-0.08981174685	0.06192293324	-0.01268556845	-0.05081354057	0.02653752485	-0.0803949351	-0.0435805174	0.03327000682	-0.06031518561	-0.08453965778	0.06989792176	0.07118103726	-0.09190136782	0.1014360198	-0.118499945	-0.05082225657	-0.0673352238	-0.08656174352	-0.08243609708	-0.02428697966	0.03580868657	-0.07794233859	-0.09137290008	-0.05921572306	-0.02681723736	-0.02080661314	-0.04800721189	-0.04282413307	-0.0331227819	0.04766657856	-0.02319140696	-0.112210691	-0.02692323037	-0.0467160324	-0.07997712921	-0.09866820008	-0.05771642923	-0.06142110485	-0.07069152199	-0.06162644796	-0.0746128114	-0.06717220517	-0.0174714434	0.003503750064	0.1043116333	-0.01926485079	-0.02098352237	-0.03438488744	-0.07440903085	-0.04519009152	-0.01820901517	-0.008199049886	-0.09114958273	-0.04737471181	-0.08714849429	-0.02408104874	-0.0198586256	0.03118585773	-0.08669047162	-0.005340302348	-0.04012836616	-0.02314636685	-0.09189630015	-0.06694004227	-0.1109176823	-0.1010329447	-0.06643412403	-0.09998211711	-0.06462701971	-0.08426037295	-0.07394289416	-0.003832515548	0.03861889575	-0.01475012989	0.02298545216	0.01353719195	0.06443695718	0.08452754022	0.1160623983	0.01451523746	0.009395824941	0.03913644736	-0.03934379677	0.1473706131	-0.1047702612	-0.1092521299	-0.07715427611	0.03984190869	0.01113140213	0.06071058157	-0.04349684802	0.05711805143	0.03399578674	0.04039849355	-0.09997107481	0.03466258972	-0.04729197832	0.02216421925	-0.02256431192	-0.05837074985	-0.08408402336	-0.01169754068	-0.05812709277	0.004338349072	-0.03839898038	-0.03268151499	-0.03786700499	-0.05177534755	-0.09841481476	-0.1186676878	-0.09291047041	-0.007188329934	-0.1010459885	0.06027407234	0.009406220008	-0.01917703961	-0.02643205837	0.04061954681	-0.09138181279	0.09572454234	-0.0550884703	0.0259928629	0.03676945286	-0.06145188659	-0.06294822117	-0.0194027633	0.02771755711	-0.009717816626	0.0840008311	0.04360142191	0.01865095628	0.0768641977	-0.1175179111	-0.07265052542	0.03089142243	0.02778728931	-0.03322742549	-0.04320033943	-0.0486582884	0.14182623	-0.06301277876	0.007058020315	0.01199572159	0.01118045757	-0.03084656108	-0.07095654465	0.1790229662	-0.03357948571	-0.03178041025	-0.04088054657	-0.1105751199	-0.07107608991
-0.03830495027	0.002717017563	-0.0559320983	-0.07055898752	-0.01032785749	0.02610053095	-0.04456404085	-0.05406903875	-0.07056454646	-0.1284354739	-0.1187416614	-0.1127591713	-0.1170025717	-0.006285058774	-0.0454318816	-0.1350477834	-0.1181044127	-0.1013784784	0.05163452498	-0.1443007484	0.1444115422	0.1168296915	-0.007127336285	0.6355375778	0.9154756591	-0.04136810261	-0.03343319036	-0.01300613831	-0.0491278507	0.5230353616	-0.02316072113	0.1046339856	0.02215921801	0.02992965559	0.05669720258	-0.05074839468	-0.07117472223	-0.1001612726	-0.09652215876	-0.003895392315	0.04834612775	-0.01166256003	-0.1055281115	0.190524663	-0.06033111129	0.08957279082	0.1370410931	0.08141226873	0.2335691337	0.1169059232	0.3711099857	0.05417435062	-0.0445152771	-0.02802926219	-0.07489150712	0.5614277012	0.571778837	0.1650873955	-0.09555726381	-0.1247941352	-0.1178383989	0.1117073273	-0.001227711987	0.09846195775	0.1184661965	0.09108329501	0.03516377923	0.02361469678	-0.0625628896	-0.08730435643	-0.05155085288	-0.05994011663	-0.05794214073	-0.07791719323	-0.06772919205	-0.08408553145	0.009521759232	0.004668630426	-0.09170624457	-0.06777289799	0.06980619395	0.01370386539	-0.107143317	0.05014605031	-0.06598541614	-0.09723674656	-0.02429358393	-0.03895221423	-0.06729246214	0.09639545567	0.008141488881	-0.05535494222	0.1225237699	-0.09500863458	-0.02185707242	-0.04147250405	-0.05590311603	-0.06227320716	-0.08934761029	-0.01194575936	-0.06154827507	-0.06726710867	-0.03043842574	0.008329659998	-0.008914346986	-0.03571469479	-0.01196673403	-0.009294746306	0.03461142659	0.005513312428	-0.08775118505	-0.008183239322	-0.02818142513	-0.06403311001	-0.08078474042	-0.0460393316	-0.03135377286	-0.04704244861	-0.04497941979	-0.04259129374	-0.05262689812	-0.0002747271882	0.02507475576	0.138453982	0.002738614191	-0.002160643355	-0.104704128	-0.05105983278	-0.01443210562	0.0007933297212	-0.0598471179	-0.06014991153	-0.03425971925	-0.07053959133	-0.01223162196	-0.09338633276	-0.02878407657	-0.0558761822	-0.06386987507	-0.02098859119	-0.004607234337	-0.07086665589	-0.04326396813	-0.09377463174	-0.07773911395	-0.04945544522	-0.07692942609	-0.05414129122	-0.05931296951	-0.05323260208	0.02788939267	0.06352283139	-0.01051331524	0.0420840882	0.02715832756	0.1027430133	0.09417621971	0.1178568789	0.02843979721	0.01651723692	0.0408086977	-0.01293649955	0.1045229429	-0.09344726218	-0.09653438222	-0.05085529023	0.05262983843	-0.04750053264	0.02632910261	-0.0157480865	-0.006337786747	0.05436050412	0.07589293923	-0.07317257952	0.08093918434	-0.01871981	-0.03841781275	-0.07397562467	-0.0924339191	-0.05745892423	0.01991887757	-0.05313698352	-0.03012484147	-0.07764151986	0.002108945315	-0.01486789417	-0.02305958097	-0.08415627528	-0.09800949598	-0.08220302537	-0.06933178932	-0.08033131747	-0.01348412753	0.01677105628	-0.01555194234	-0.01035663469	0.05985774119	-0.06165221855	0.1196508509	-0.04139738385	0.05578454432	0.06151430972	-0.02687726715	-0.05453491269	0.005378907614	0.04860850032	0.01870332826	0.1089318101	0.06893749463	0.04937127079	0.1145619025	-0.09632236588	-0.05301011358	-0.03868984524	0.05663698723	-0.07372504852	-0.103897194	-0.02050786176	0.1113026935	-0.07440025519	0.02403734011	-0.02289787321	-0.03087633914	-0.01287944727	-0.07188106395	0.192200288	-0.006125918848	-0.004901648738	-0.0521392337	-0.07870120431	-0.06036880611
-0.2966734715	-0.3069071971	-0.2725856722	-0.3116828898	-0.2141851568	-0.2563149441	-0.2348951385	-0.2643078919	-0.3264659258	0.9174970001	0.8809394581	0.8780412063	0.8223899804	2.271109343	2.196583553	0.8266730349	0.9397675719	0.9302024691	2.098103463	0.8869570716	-0.1244205291	-0.1114555876	2.151834375	0.05482454865	-0.04136810261	2.805029966	2.489743166	2.22269865	2.242105014	-0.02432286633	2.258540617	-0.03741325443	-0.177333657	0.7339420113	0.05362912699	2.342736147	-0.3162419382	-0.3436832378	-0.3436777793	-0.2323267131	-0.1488423714	-0.3358729055	0.8609182038	0.06657100786	2.405023955	-0.2349762629	-0.0308428731	-0.1646003276	0.2446024574	-0.1276081145	-0.05723166496	-0.06717666044	2.307156283	2.179220107	2.209896995	-0.01827446488	-0.05227012497	-0.1890976025	0.9212360623	0.9469440934	0.8703538488	-0.1163164063	2.176582634	-0.1108417859	-0.1028483583	-0.1037000815	-0.2651914863	-0.1743471369	-0.285676797	-0.3088304604	-0.3197380314	-0.2441753874	-0.2430335853	-0.3422012007	-0.3196765717	-0.3390251878	-0.2835066029	-0.2413210456	-0.3556232099	-0.3392296609	-0.2646402648	-0.2826051128	-0.2809373556	-0.243103092	-0.3246658468	-0.2730640626	-0.2160654983	-0.3017429705	-0.3278812387	-0.2270946502	-0.1909897791	-0.3076653552	-0.2681944933	-0.3512487294	-0.2889211784	-0.3270132871	-0.3245412929	-0.3154760788	-0.2745615088	-0.2693452597	-0.3148254453	-0.3316587541	-0.2320470388	-0.2933103002	-0.2817407362	-0.2823008926	-0.3260681071	-0.3064409142	-0.2479533467	-0.2954714162	-0.3191042803	-0.3396464447	-0.2903732277	-0.3388004737	-0.3232693313	-0.346231207	-0.3257872387	-0.3291862001	-0.3385105849	-0.307593554	-0.3319327741	-0.3137691468	-0.2985121413	-0.2246050585	-0.2632298688	-0.2643888427	0.8400144574	-0.3140271267	-0.3271835479	-0.3264441828	-0.2370555209	-0.3278831565	-0.2727914795	-0.3269986698	-0.2770491386	-0.2476781446	-0.1918965814	-0.325047584	-0.2755206527	-0.2878620417	-0.2539251474	-0.3216589984	-0.3110392469	-0.3400487889	-0.3563610307	-0.3424789287	-0.3118979159	-0.3311117153	-0.284053423	-0.3129674791	-0.314324924	-0.1445375842	-0.271041817	-0.2064457395	-0.199834475	-0.1373397364	-0.1838524334	-0.09455732995	-0.1807562871	-0.1888831963	-0.09974860773	-0.3021653128	-0.1082343389	-0.3257937689	-0.3284264539	-0.3252460553	-0.002706616146	-0.1820457082	-0.06502558648	-0.1988056199	-0.1724867097	-0.06521314742	-0.1981515646	-0.3361192916	-0.1733548027	-0.3316337342	-0.1799566332	-0.2585752622	-0.3092191933	-0.346481068	-0.2332050435	-0.3277591325	-0.2461826292	-0.2900586072	-0.2970180787	-0.2571492166	-0.256053183	-0.3299396023	-0.3504913568	-0.3372079206	-0.269848429	-0.330752178	-0.231116033	-0.2456725505	-0.2768752235	-0.278994635	-0.2550013282	-0.3248519408	-0.2224830609	-0.3199932696	-0.2941018071	-0.2739604173	-0.3288857904	-0.3273095286	-0.227162617	-0.3408367874	-0.2443222772	-0.06211462596	-0.1811666738	-0.1434950151	-0.179481001	-0.3405771865	-0.2923244842	-0.2652087831	-0.2229936917	-0.276166684	-0.2678291818	-0.288433491	-0.1143122527	0.8375770544	0.7448763581	-0.2698313109	-0.2517667198	-0.3498035205	-0.3267368397	0.0234042049	-0.295862547	-0.1949284891	0.7852261546	-0.304633244	-0.2592570623
-0.260093288	-0.3041444833	-0.2291627926	-0.3003014808	-0.2316882056	-0.2602507845	-0.255892824	-0.3207666242	-0.3291384642	0.9561533968	0.8649949985	0.8740730657	0.826641674	2.273889026	2.140805387	0.8375939669	0.9420493542	0.9226821835	2.092049488	0.8724803512	-0.1501045656	-0.1336260531	2.159707827	0.05835832037	-0.03343319036	2.489743166	2.77180474	2.306139556	2.179392674	-0.07040855248	2.251933154	-0.04527812779	-0.2027689392	0.7135343125	0.01836541492	2.319223883	-0.3143679568	-0.3319637173	-0.3314843904	-0.2236269283	-0.1298737931	-0.323730262	0.8711242669	0.06691642033	2.41074702	-0.2240947078	0.005897247569	-0.1536703286	0.2314934129	-0.1505773245	-0.06655637409	-0.09421076464	2.337262805	2.188657642	2.230221963	-0.06515199542	-0.07043927575	-0.1725231052	0.9153934229	0.9141024711	0.8873560826	-0.1160978168	2.255400918	-0.1054312029	-0.1325107777	-0.1232871039	-0.2499073898	-0.1684529279	-0.3049427902	-0.3306722442	-0.3201513486	-0.248593103	-0.2478810516	-0.3357022229	-0.314924909	-0.3355004557	-0.2761112953	-0.2356512408	-0.3473072052	-0.3275356335	-0.2566268876	-0.279204837	-0.2707448143	-0.2388427586	-0.3227021693	-0.2657683989	-0.2147408478	-0.2901282806	-0.3232520134	-0.2489696799	-0.1470166062	-0.3292464356	-0.2694730815	-0.3502220048	-0.2792037939	-0.3268940622	-0.3235840602	-0.3074256996	-0.2639159532	-0.2706456814	-0.3019928608	-0.331507336	-0.2526444974	-0.287582741	-0.2689565628	-0.277098709	-0.3275838029	-0.3102758241	-0.2424778447	-0.2616682911	-0.3136179598	-0.3259382308	-0.2818680872	-0.3367769358	-0.3228211857	-0.3406586306	-0.3286253414	-0.3163261134	-0.3263551016	-0.302200709	-0.3229086613	-0.3083027589	-0.2996055665	-0.2288493132	-0.2668335859	-0.2563782011	0.8492681607	-0.3082268546	-0.3282200183	-0.3504861311	-0.2315655181	-0.3192232151	-0.2764456392	-0.3178007351	-0.2696365264	-0.2402409709	-0.188858055	-0.3241784141	-0.2684130267	-0.2866273307	-0.2698370688	-0.2800906528	-0.3022957679	-0.3344829362	-0.341978644	-0.326515207	-0.3308128925	-0.3277310532	-0.2991990619	-0.3036076513	-0.3296347201	-0.190823255	-0.2627597383	-0.2495553734	-0.2291796457	-0.1320499348	-0.2103716562	-0.1132516698	-0.2071730705	-0.2136333097	-0.126694396	-0.2937107523	-0.1099697969	-0.3174938628	-0.3273819687	-0.2850347618	-0.01465121638	-0.1973392177	-0.09360200273	-0.2150743806	-0.1844267404	-0.07757443261	-0.1878782181	-0.3342998746	-0.1676648582	-0.283643677	-0.1952150089	-0.2542015223	-0.3000643377	-0.3406209668	-0.2542648262	-0.2961924882	-0.2445436026	-0.2828105716	-0.294910492	-0.2509612544	-0.2766466596	-0.3289666741	-0.3491322129	-0.3324614312	-0.2574912602	-0.3254574248	-0.2270009259	-0.2419002316	-0.2684213306	-0.2679209804	-0.2396744686	-0.3120280849	-0.213046745	-0.3069915913	-0.27885566	-0.2586381647	-0.328522236	-0.3141774229	-0.2067408627	-0.333536954	-0.26327185	-0.08691872448	-0.1759941496	-0.1616035375	-0.2095894737	-0.3400149988	-0.3115495108	-0.2554688623	-0.2225031552	-0.2773825504	-0.2603276172	-0.2800156146	-0.1383006406	0.7959841529	0.7106309954	-0.2607199181	-0.2425241379	-0.3442936923	-0.3321789241	0.06451924376	-0.2981183918	-0.1801763869	0.7812405702	-0.3009346835	-0.2647506842
-0.2607105639	-0.2916888986	-0.236207601	-0.3032548661	-0.2351054726	-0.237853478	-0.2524038802	-0.3140653137	-0.3044292513	0.9408119572	0.8927038525	0.9032946487	0.8292348409	2.422408767	2.188741375	0.8783153522	0.9010324584	0.9382636866	2.208410768	0.8338061144	-0.1611054815	-0.2004816361	2.167821711	0.03228821989	-0.01300613831	2.22269865	2.306139556	2.81424097	2.186693976	-0.04722466637	2.24515356	-0.06579730495	-0.189277105	0.7238252103	-0.02499807892	2.298469116	-0.309445216	-0.3309396056	-0.3304100844	-0.2254947651	-0.135372837	-0.3279560114	0.9069343378	0.07867858193	2.352868529	-0.2171048279	0.01920204648	-0.1619348382	0.2243687756	-0.1277801795	-0.0426121577	-0.1332294386	2.335347729	2.205232848	2.22251976	-0.03485870934	-0.03309759568	-0.1596008687	0.8962412244	0.907197725	0.8885743771	-0.1398583108	2.388741753	-0.09660874489	-0.1354726156	-0.09758791177	-0.241274248	-0.1765715708	-0.2883041808	-0.3267163802	-0.3118087355	-0.2415562684	-0.2416077251	-0.3365839311	-0.3189530633	-0.3295833352	-0.2716763293	-0.2792727872	-0.3344113243	-0.3256924555	-0.2544609673	-0.2825067671	-0.3248952676	-0.2152196114	-0.3262164859	-0.3210117606	-0.2671115101	-0.3076933518	-0.330209758	-0.2507072824	-0.1973174171	-0.3369704187	-0.2589751811	-0.3357614069	-0.2909677344	-0.3322112697	-0.333682346	-0.3178381421	-0.3216666455	-0.3093573984	-0.3136893103	-0.3305678084	-0.2519882112	-0.2782396462	-0.2454122614	-0.2546425386	-0.3239433583	-0.2717169128	-0.261030893	-0.2621165624	-0.3159607515	-0.3321546915	-0.2491707492	-0.3263143706	-0.3193070449	-0.3289595405	-0.3285601208	-0.313348522	-0.3248990089	-0.3198575908	-0.3296799339	-0.2890576758	-0.2512950069	-0.1896126911	-0.252334447	-0.2356726481	0.8780394019	-0.3009117024	-0.3255422317	-0.3354318036	-0.2893636692	-0.3307557436	-0.2801604499	-0.3201986897	-0.2694871021	-0.2779405576	-0.2252699285	-0.3329796328	-0.3051338132	-0.2412121175	-0.2502511245	-0.2768023729	-0.3103035379	-0.3255708154	-0.3366751468	-0.3223100747	-0.3257777584	-0.3267231953	-0.2831869813	-0.3137145584	-0.3186251902	-0.1811988838	-0.2666861933	-0.245521573	-0.2034399892	-0.09970884495	-0.1552489873	-0.06465862472	-0.1847926448	-0.2037972375	-0.1299656174	-0.28412728	-0.1432979983	-0.3244779534	-0.3259350474	-0.2900179116	0.02208279478	-0.2430046597	-0.1469927084	-0.2178570665	-0.2228469124	-0.05741799177	-0.1857547863	-0.3313248346	-0.1548676237	-0.2811276457	-0.2418088777	-0.3053453716	-0.3438038515	-0.3404719868	-0.2598191519	-0.2876163136	-0.2884727984	-0.3219134095	-0.288189027	-0.244304363	-0.2749757084	-0.3234334474	-0.3156370036	-0.3266817039	-0.3137991735	-0.3249659409	-0.2616896787	-0.2446489564	-0.2676415523	-0.2713636521	-0.225559736	-0.289057259	-0.1966186134	-0.2955287238	-0.2610015816	-0.247804866	-0.3102816742	-0.3276842011	-0.2086929235	-0.2831195917	-0.2218901974	-0.05164892134	-0.1829739435	-0.1711702463	-0.1867475958	-0.3068230234	-0.2999099126	-0.3004332192	-0.2406612517	-0.325444237	-0.3208146989	-0.2861813669	-0.1730896012	0.8176994239	0.7205536843	-0.3079374681	-0.2975563515	-0.3419478373	-0.322475991	0.06952426774	-0.2981621263	-0.1727824525	0.7725661865	-0.2985297739	-0.2579198593
-0.2862471277	-0.2860747738	-0.2673082083	-0.3102008102	-0.2394603834	-0.266693633	-0.2315065401	-0.2833284541	-0.3129976618	0.9104728751	0.8634740636	0.8639465284	0.793091799	2.197536508	2.15126222	0.7821543263	0.9133374219	0.860503843	2.082574736	0.8312331485	-0.134733882	-0.1004872456	2.225828034	0.04882452424	-0.0491278507	2.242105014	2.179392674	2.186693976	2.700070269	-0.02979587983	2.360854871	-0.02279807335	-0.1610585905	0.6868072993	0.03171454343	2.148132299	-0.3087465697	-0.3311410449	-0.3310652511	-0.2238379702	-0.1486747405	-0.3265439891	0.8478878314	0.09953842676	2.245564771	-0.2260883519	-0.01689391507	-0.1894482864	0.2620726002	-0.1220455294	-0.04750932492	-0.06042080005	2.159214587	2.166086997	2.105232036	-0.02254202507	-0.05428859944	-0.1625768051	0.8802116035	0.9042179987	0.8356828072	-0.1124733649	2.173059112	-0.0902854789	-0.1059998774	-0.1093654137	-0.2398562709	-0.1592573073	-0.2922098596	-0.3250905217	-0.3134445233	-0.2254069611	-0.2245970679	-0.3354265324	-0.3171912226	-0.330571073	-0.2706930318	-0.2327873018	-0.3405958019	-0.3251769757	-0.2410314999	-0.2729897495	-0.2617370008	-0.2332837349	-0.3222862772	-0.2563120503	-0.1989517605	-0.2919465996	-0.3299521172	-0.2156563695	-0.1752273449	-0.3030167777	-0.2618793598	-0.3449505721	-0.2785878571	-0.3246294576	-0.3243439739	-0.3082430735	-0.2618337724	-0.2561518315	-0.3099134216	-0.3303376609	-0.2550810503	-0.2884920748	-0.2680825974	-0.2744761358	-0.324339097	-0.3110979706	-0.2247967598	-0.2879423087	-0.3098485154	-0.3331006962	-0.2714060901	-0.3314836253	-0.3218720623	-0.3337207659	-0.3314763385	-0.3282342073	-0.3283289685	-0.3096456654	-0.326288905	-0.3048399515	-0.2796139632	-0.2173272488	-0.2499318459	-0.2343435481	0.8249935976	-0.3157933145	-0.3254878701	-0.302369626	-0.2368293843	-0.3210720837	-0.2739174585	-0.3108576417	-0.2440833642	-0.2463804555	-0.1691538127	-0.3233893237	-0.2548107626	-0.2518118499	-0.2565099378	-0.3082045779	-0.3014511083	-0.3300270617	-0.3399820403	-0.3264235973	-0.32612997	-0.3247286127	-0.2843445229	-0.3003152334	-0.3036821402	-0.1606074669	-0.2657349307	-0.2140845319	-0.199265179	-0.125241203	-0.1698021991	-0.07308542095	-0.1876769728	-0.1796949208	-0.1071803092	-0.2991304356	-0.08360847857	-0.3168480975	-0.3240358233	-0.3250526722	0.01591504876	-0.1601589496	-0.05601084266	-0.1847121749	-0.1438108428	-0.04966106623	-0.1937930869	-0.3337353199	-0.1666528926	-0.323510693	-0.1579756206	-0.2450154208	-0.2878081725	-0.3365011918	-0.2269080501	-0.319387699	-0.2294646142	-0.2697282644	-0.3104061417	-0.2593394656	-0.2609829271	-0.3280857304	-0.3386680828	-0.3267158791	-0.2521505098	-0.3179565386	-0.2112529868	-0.2230071603	-0.2470672092	-0.2579222649	-0.2283153561	-0.3148874655	-0.1995103156	-0.3042233703	-0.2779032354	-0.2617917853	-0.3119972164	-0.3185665802	-0.1961311871	-0.3254168505	-0.2498578428	-0.03118223544	-0.1697384065	-0.1381164405	-0.1739173738	-0.3304427326	-0.2998033316	-0.2493655906	-0.2343280896	-0.2670715643	-0.2602417801	-0.2777256258	-0.09944019049	0.7684549743	0.6980225935	-0.2633318468	-0.2342075353	-0.3444202347	-0.3229261443	0.0464449649	-0.2966566812	-0.1746214101	0.7372756686	-0.3120027238	-0.2814477031
-0.04538735349	-0.0009730514208	-0.06515334223	-0.06377141158	-0.02493006637	0.0137026975	-0.02556871722	-0.03658501347	-0.06793640425	-0.09236414615	-0.08396063555	-0.07167550252	-0.07867073551	-0.02778411892	-0.03393155452	-0.08382484749	-0.08479120868	-0.1073803976	0.05432827027	-0.09729834813	0.1654842796	0.1449285568	-0.03307602553	0.489167844	0.5230353616	-0.02432286633	-0.07040855248	-0.04722466637	-0.02979587983	0.9117782941	-0.05317788336	0.1239063266	0.04989966846	0.02506100139	0.06998695415	-0.07030058226	-0.07457728866	-0.1035736149	-0.1007351995	-0.004997336035	0.02456707567	-0.01163401925	-0.1152039732	0.1831622412	-0.04916443625	0.08425288174	0.1303931428	0.04904326328	0.2225189999	0.1403621799	0.3677306403	0.07067849483	-0.0617323186	-0.04738174981	-0.0942783313	0.8371259847	0.7431627319	0.1550677416	-0.03679308389	-0.05072839717	-0.09816597981	0.0837312664	-0.03820472415	0.09332284052	0.1253385968	0.08337403638	-2.420070767e-07	0.002109610861	-0.08812249557	-0.1043115776	-0.04150854862	-0.0613112583	-0.06003488603	-0.06272834747	-0.08320304873	-0.08633563084	-0.002040684801	-0.02189712154	-0.08509869638	-0.08813014731	0.08698185489	-0.00862427548	-0.1104598936	0.0256889794	-0.07221908166	-0.1019200875	-0.02792030396	-0.05592338519	-0.07207603604	0.09378551482	-0.007899267309	-0.03876765421	0.1213350331	-0.1061580692	-0.04699669372	-0.04480835597	-0.05750893426	-0.06696883666	-0.09537054958	-0.022155112	-0.069030262	-0.07593436839	-0.04541102585	-0.0003116679464	-0.02435213597	-0.04357186321	-0.03042846098	-0.00322731422	0.01718258154	-0.01017825485	-0.09260871213	-0.008213027124	-0.02254888925	-0.06998299985	-0.08218339048	-0.02536238486	-0.04087076553	-0.06448872284	-0.01409280771	-0.0687662056	-0.05969615417	-0.01149688425	0.01909748049	0.1174775312	0.00145970156	0.004482596308	-0.1145653846	-0.06058414558	-0.03357144592	0.01321766768	-0.06536938258	-0.06972120375	-0.03418585106	-0.07412901321	0.007416247419	-0.08552845181	-0.006988452031	-0.0570928382	-0.07720259264	0.002102044074	-0.03541280488	-0.06925535205	-0.05624246096	-0.1029646437	-0.09206952378	-0.01504669737	-0.09654998702	-0.06829592499	-0.08080651813	-0.05985017752	0.04755253196	0.07284405965	-0.02332122828	0.04010893424	0.03367260909	0.1112974486	0.1054389177	0.121104236	0.0299398664	0.02427221475	0.05396898875	-0.02895565252	0.1255309804	-0.09002751106	-0.09791928999	-0.06330014428	0.08500558035	-0.01900026758	0.03039086621	0.00570736734	0.02197269284	0.06935346832	0.05153889461	-0.08479365095	0.05413980362	-0.02277038024	-0.01381078002	-0.07321289462	-0.09916116495	-0.07807144191	0.02106768092	-0.05142195638	-0.03462930001	-0.08281632423	-0.01144391944	-0.02428102174	-0.006074959644	-0.0927146906	-0.103107516	-0.08495190981	-0.07383523903	-0.06830895173	-0.01987299914	0.01855927907	-0.003490491104	-0.008399602196	0.05159508719	-0.07469813248	0.1030441701	-0.04325724838	0.04303479384	0.05281810804	-0.0456883171	-0.0635101063	-0.01477423984	0.04128288631	-0.007568494669	0.1246290539	0.04849229799	0.08051721383	0.1231007618	-0.09689615052	-0.08976511617	-0.04824330881	0.03139416895	-0.08504728036	-0.1072005865	-0.02875890351	0.1275678836	-0.04906513461	0.05126191582	-0.03551076084	-0.04372323971	-0.02258196112	-0.05821997799	0.1751146005	-0.01077105127	-0.01017701655	0.01611254099	-0.08303869217	-0.04653897894
-0.2846961813	-0.2952249733	-0.2763234151	-0.2959713378	-0.2349816432	-0.2453923679	-0.2519765679	-0.3159434893	-0.3204050292	0.9188527862	0.8995630406	0.8773625927	0.8073057626	2.253388106	2.169978028	0.8003858188	0.9283014111	0.8670525228	2.08560314	0.8707318442	-0.1494286842	-0.1256832381	2.272515572	0.06809885691	-0.02316072113	2.258540617	2.251933154	2.24515356	2.360854871	-0.05317788336	2.724421963	-0.04588601627	-0.1726636051	0.6847144012	0.02912851846	2.184393877	-0.3102927209	-0.3262518037	-0.3251605576	-0.20576691	-0.1204638509	-0.3212439392	0.877792288	0.08485063034	2.261488104	-0.2235971595	-0.0191446886	-0.1630820225	0.2619901494	-0.1328904412	-0.0572965615	-0.08112519292	2.187853863	2.211093971	2.115298662	-0.04394904247	-0.04065221201	-0.1485936208	0.89607638	0.904739345	0.8647136411	-0.09786275755	2.209390936	-0.06946456661	-0.1171980229	-0.1133135444	-0.235235494	-0.1450723859	-0.2891568264	-0.3230309342	-0.3097664764	-0.210240012	-0.2096136054	-0.3428406572	-0.3171859577	-0.3318059403	-0.2719034671	-0.2355389479	-0.3431722319	-0.3178991867	-0.2479371726	-0.2758713931	-0.2668493682	-0.241243998	-0.3220233962	-0.259176535	-0.210578589	-0.2935207407	-0.3225692198	-0.2405258428	-0.1724547913	-0.3217002676	-0.262717353	-0.3369044724	-0.2767807363	-0.317980543	-0.3168918799	-0.3114315386	-0.2603355207	-0.2498388172	-0.3094938395	-0.3238890502	-0.2491350923	-0.2889972187	-0.2600762951	-0.2635423519	-0.3174347583	-0.3042654711	-0.2322973329	-0.289479557	-0.3066269999	-0.3261549147	-0.2734470829	-0.3324394045	-0.3135418434	-0.330485499	-0.3208027092	-0.3299883158	-0.3280223946	-0.3027463946	-0.3243324672	-0.3141105942	-0.2887696291	-0.2283071861	-0.2653949787	-0.2291596833	0.8535802478	-0.3178682285	-0.3177121612	-0.3255332848	-0.2340696723	-0.3201834101	-0.2661967745	-0.3189765277	-0.2399767271	-0.2372268144	-0.2134900367	-0.3163010084	-0.2538638604	-0.3054046681	-0.2597211425	-0.3096992116	-0.3070344451	-0.3308660766	-0.3422853288	-0.3286127548	-0.3241122521	-0.3273828579	-0.2901730278	-0.3067409538	-0.3365888021	-0.1941065468	-0.2590628901	-0.2477491132	-0.2172451074	-0.1595971983	-0.1863035499	-0.1032283458	-0.2193331839	-0.2077989318	-0.1414243517	-0.284821865	-0.1369218389	-0.3215286322	-0.3243188627	-0.3187232852	-0.02352951791	-0.1949589808	-0.08818695145	-0.2217308985	-0.1888442748	-0.08918331527	-0.1899291853	-0.3312369458	-0.1572162003	-0.3218487587	-0.1936480706	-0.2431942308	-0.2936277589	-0.333175725	-0.2513283287	-0.3199006256	-0.2232205553	-0.2610084595	-0.3054244421	-0.2635327668	-0.2806119727	-0.3193858115	-0.3348793735	-0.3276800956	-0.2543646851	-0.3177738279	-0.2073493741	-0.2192290859	-0.2404389728	-0.2614377882	-0.2302872404	-0.3110347523	-0.1921599095	-0.3069841274	-0.2891358226	-0.2732480753	-0.3189819803	-0.3214269829	-0.1977325606	-0.3240444303	-0.2413249176	-0.06983904089	-0.156690878	-0.1572381155	-0.188934368	-0.3253786851	-0.2964517643	-0.2476096236	-0.2240300922	-0.2576042546	-0.2504243353	-0.2824766992	-0.1077825371	0.756486785	0.6916839613	-0.2562647651	-0.233524875	-0.3358796218	-0.326483706	0.03710271814	-0.2957774405	-0.150272023	0.743218834	-0.3070050232	-0.2785514712
-0.06027126519	-0.01080461591	-0.02672205177	-0.08999946772	0.07380266815	-0.008365201019	0.04783726426	0.01890700598	-0.08882475195	-0.09154321825	-0.119697023	-0.1150388637	-0.1246109838	-0.0873613394	-0.05280603308	-0.1110493133	-0.08149279715	-0.1589058371	-0.06574938247	-0.07234933376	0.2567932561	0.3447904907	-0.1351785754	0.1516934843	0.1046339856	-0.03741325443	-0.04527812779	-0.06579730495	-0.02279807335	0.1239063266	-0.04588601627	0.9575451475	0.1592573183	-0.05054533122	0.3811396163	-0.05692859375	-0.02148810122	-0.04352293848	-0.03722790467	0.04916925422	0.1453532366	-0.0137581104	-0.05584961163	0.01169581791	-0.02320976765	0.1074494293	0.169638114	0.1079104308	0.1020393078	0.3719489213	0.10875028	0.352556119	-0.03885901384	-0.04721816792	-0.04947948936	0.1317647092	0.1098609054	0.1863914751	-0.07697862267	-0.04001384312	-0.09161111357	0.2671051107	-0.06872862129	0.2786196684	0.3223321332	0.2355998529	0.0465408524	0.0617591949	0.01839416249	-0.03710961682	-0.05628197781	-0.04065490653	-0.03361671345	-0.0731718817	-0.04924791701	-0.104608384	-0.002590802458	0.05075976107	-0.1069650902	-0.04034936253	-0.07988395361	-0.1018922093	-0.04596583396	0.01963822512	-0.1023551965	-0.04770065899	0.01026455485	-0.08440756786	-0.101739741	-0.01994610874	-0.02370582334	-0.08324337225	0.008461399892	-0.07175238016	-0.0778701872	-0.1054089703	-0.1067985609	-0.09341323739	-0.02847665236	0.09648792088	-0.08028105034	-0.0631660117	0.03688003901	-0.01421856991	0.07834348368	-0.07125876814	-0.1089698114	-0.01112880365	0.02553030878	-0.09803170693	-0.0982317449	-0.03329760366	0.04628884429	-0.1054192724	-0.1012934631	-0.003542779418	-0.08263020288	-0.09000154052	-0.1168768695	-0.09707367244	-0.1058137792	0.008674229709	0.03935225517	0.0118896613	0.03306351114	0.01247188623	-0.05447843737	-0.02379390526	-0.1065002597	-0.06296924084	-0.01512516892	-0.1102746511	-0.05643277004	-0.1118911245	-0.01933352801	0.02499058541	0.04385883873	-0.107158651	-0.002442149012	-0.02225853758	-0.01115446849	-0.07075825327	-0.08140115604	-0.09787223254	-0.09652601627	-0.1158487083	-0.002274665679	-0.09304722042	0.001997617191	-0.08695156995	-0.025459173	0.1736105515	0.008525023292	0.1545656418	0.07777704436	0.06622596958	0.09948779674	0.1202270204	0.06870587468	0.05925935587	0.02290302081	-0.002366142518	0.1438975901	-0.09694776624	-0.09185449903	-0.08686140959	0.07581487217	0.04113515163	0.06369061202	-0.02364345552	0.07132847215	0.02184505412	0.04678765627	-0.05966659666	0.0525131085	0.001676429868	0.04441426642	4.607915546e-05	-0.02416958249	-0.1111187595	-0.009454717153	-0.1020598275	0.07084194127	0.01329981589	-0.04056373813	-0.06082143973	-0.01592636826	-0.1004864414	-0.09213708015	-0.113267777	-0.02734546973	-0.09651769996	0.05277049015	-0.03000962845	-0.0176603293	-0.03770325803	0.03919907283	0.006544359675	0.06201900582	-0.07526904082	-0.02957361804	-0.0238385913	-0.07839268897	-0.09460103245	0.04555421347	-0.03082171564	0.03110104125	0.0975949349	0.1559788334	0.2339180634	0.227008321	-0.09010293683	-0.01369278117	-0.03707591547	-0.02508371306	-0.03153179271	-0.0436445478	-0.05335919321	0.2448670902	-0.1716348035	-0.03769885642	0.0952617277	0.07057439751	-0.02604554681	-0.1070052313	0.1012269181	-0.03108540905	0.05369713807	-0.1652645778	-0.06528664745	-0.09073528629
-0.0497060936	0.0217454633	-0.01273129439	0.002831978649	0.05587458051	0.05961200826	0.2663007562	0.1614775686	-0.05766857721	-0.2611661244	-0.2349978193	-0.2341683428	-0.219322736	-0.1781468004	-0.1564262072	-0.2201440809	-0.2517427361	-0.2355629851	-0.1628825148	-0.2308598793	0.3549965559	0.3480325076	-0.1618294564	-0.009173232122	0.02215921801	-0.177333657	-0.2027689392	-0.189277105	-0.1610585905	0.04989966846	-0.1726636051	0.1592573183	0.8402345136	-0.1174065729	0.3003671829	-0.2090391899	0.1708230822	0.1843033211	0.2051528681	0.2539096041	0.2492768293	0.1746673256	-0.2244388618	0.02903511097	-0.1905030348	0.1764292512	0.1122866594	0.2211156576	0.02649389807	0.3515719413	0.07573151672	0.212595575	-0.1831872171	-0.1854215539	-0.1858543678	0.05312485106	0.03279611433	0.376705045	-0.1853267989	-0.2071078236	-0.2360231814	0.1545844269	-0.1758886418	0.2897966433	0.3027127186	0.2412950318	0.06768811574	0.1793198794	0.1818332057	0.06054448612	-0.004536595976	-0.06937870737	-0.06733499485	-0.04612575222	-0.0539892247	-0.05263639397	-0.02057761106	-0.03907400574	-0.05848581545	0.1586771082	-0.08849193522	-0.09298004014	-0.05927025517	-0.07715864579	-0.06989038675	-0.05979878473	-0.01451378534	-0.0410996694	-0.05556217129	-0.01332679715	-0.04655365707	-0.03203348739	-0.02061655255	0.1153233516	-0.081297163	-0.04927854473	-0.05560668621	-0.06126253243	-0.04287942242	-0.01586942019	-0.04683157434	-0.004312809228	0.1261052139	-0.008088841848	0.05036549478	-0.003767545051	-0.03294588236	-0.002997478719	0.05066638506	-0.08396541533	-0.02804309108	0.1126643106	-0.006123730445	-0.05612301468	-0.05083933396	-0.03277423079	-0.03578860513	-0.03831026984	-0.0467401546	-0.06992135622	-0.06235468	-0.003302528189	-0.02902514183	-0.04982522875	-0.01434446088	0.0617789767	-0.2197279816	-0.01231131462	-0.03267648072	-0.008799257531	-0.07428717185	-0.06155856281	-0.03997623003	-0.05789865466	0.01980866743	-0.03766205511	-0.02356051192	-0.05401874343	-0.04514084201	-0.0492568835	0.1407211543	-0.03222127066	-0.06399545823	-0.0571693829	-0.04262569153	-0.04585292787	0.09103359925	-0.0720802126	0.1550758653	-0.0606303754	-0.04501924628	0.07044727409	-0.03862572278	0.03568832	-0.05891495107	0.1210696812	-0.0174945064	-0.04457139327	-0.08478839595	-0.008028370885	-0.01132261054	0.03697815551	-0.03553166836	-0.04398271143	-0.01243987483	-0.04385923343	-0.03846943119	-0.02978771797	-0.03495847593	-0.02433277776	-0.0308505011	-0.04568428861	-0.04441123825	0.003319976575	0.04504387236	-0.005990260429	-0.03944222492	-0.04830447504	-0.06890833237	-0.03496769585	0.01044999246	-0.05200544052	-0.04549477044	-0.02570996698	-0.07112081225	-0.06540557459	-0.02641362399	-0.01278118065	0.0009038974314	-0.0496837892	-0.05482909304	-0.02879347417	0.04263211642	0.0699124639	0.05836675257	0.02530577659	0.03925176322	-0.01841900116	0.05483534077	-0.09633026117	-0.06793986022	-0.07835855481	-0.09147438803	-0.07912360396	0.2068933528	-0.08267117298	0.2332441363	0.0879316088	0.142967346	0.3566399433	0.4504462674	-0.01611874245	0.1205718714	-0.09336190552	-0.02245710216	-0.03333050394	-0.08084652563	-0.04015464703	0.5711529237	-0.1663596476	-0.1067428776	0.002652077338	0.006352171267	0.07552867088	-0.04248009185	0.08550290062	0.03679307574	0.3780378218	-0.188269461	-0.0009839254348	0.01795638762
-0.209664642	-0.1822523848	-0.1752278737	-0.2096282027	-0.1919379569	-0.1444699997	-0.1522259615	-0.1779136656	-0.2059311141	0.9639218897	0.9475520787	0.9601515655	0.9273720379	0.7111578859	0.7588619506	0.9181189223	0.9369840131	0.943466591	0.8023259038	0.9054778615	0.01175203491	-0.01517589236	0.7533615086	0.01474815216	0.02992965559	0.7339420113	0.7135343125	0.7238252103	0.6868072993	0.02506100139	0.6847144012	-0.05054533122	-0.1174065729	1.878276297	-0.06674286034	0.7812234546	-0.1985780781	-0.2317240296	-0.2294594209	-0.1765839023	-0.1426789377	-0.1543152518	0.9805172401	0.3442047283	0.7749434634	-0.07831266678	-0.04064331321	-0.03398859987	0.0918863765	0.02825057027	-0.003663663287	-0.01875990202	0.752643638	0.7637523409	0.7323354955	0.02312039692	0.006769505964	-0.01245171729	0.9802041888	0.9747400284	0.9972745086	0.003939916936	0.7124305292	-0.059496202	-0.04250583637	0.01930994557	-0.145644011	-0.1389135855	-0.1954503359	-0.2143033775	-0.2068535738	-0.2069891774	-0.2057607202	-0.2079279105	-0.2091182666	-0.2323967449	-0.1623827147	-0.1858540403	-0.2177683442	-0.2229552258	-0.05367677518	-0.1142256132	-0.2459464257	-0.1442407109	-0.2225815705	-0.2373164345	-0.1787467513	-0.1827316242	-0.1991036889	-0.05618489228	-0.1363159089	-0.1805811965	-0.1535363739	-0.2308565006	-0.1703437955	-0.1986573277	-0.1919261099	-0.1950538006	-0.2294959689	-0.2208471847	-0.1958785428	-0.2073233065	-0.1744575636	-0.181810837	-0.1878160219	-0.1806316602	-0.1359166281	-0.1962654055	-0.1605361756	-0.1703410671	-0.2152612439	-0.1595698592	-0.1899464572	-0.2252353702	-0.2176776733	-0.2075451007	-0.2115299844	-0.1997563199	-0.1759591402	-0.1977893732	-0.202896453	-0.1943399237	-0.1648619574	-0.1101984991	-0.1228164959	-0.1334586201	0.9553955913	-0.1831328379	-0.1371064855	-0.1278377	-0.1843985662	-0.2007967664	-0.2102030663	-0.2018611735	-0.2033439929	-0.1665253803	-0.1374905323	-0.1939473203	-0.2136085795	-0.08708151152	-0.1598806948	-0.1996247248	-0.2095801534	-0.1889264836	-0.2160186568	-0.1890236725	-0.2189440575	-0.2170024301	-0.1884572151	-0.2117889524	-0.121317052	-0.08764989558	-0.1520737946	-0.1152873981	-0.1184588071	-0.04240148515	-0.1364603924	-0.00665684778	-0.09542661294	-0.05691151251	-0.03057381418	-0.1690338635	-0.0440735137	-0.2249356377	-0.2093840712	-0.2010186333	0.1918423776	-0.1412012188	-0.05268192167	-0.06466550617	-0.1220718637	0.06737290819	-0.1313664949	-0.2079275606	-0.1054004341	-0.1829394445	-0.1395743882	-0.1985006135	-0.2316816561	-0.2287741672	-0.1365475976	-0.207700425	-0.2440480672	-0.2421549488	-0.2037087412	-0.1961157368	-0.2080180218	-0.2190640687	-0.2113144565	-0.2307021785	-0.2025281161	-0.2158369171	-0.1828038546	-0.1323012924	-0.1512153002	-0.1884539329	-0.1634124651	-0.1847633137	-0.1407717289	-0.182600933	-0.1740610752	-0.1450077863	-0.2030255581	-0.1876177318	-0.1052485892	-0.1219982519	-0.1616102139	0.03811676232	-0.08849953383	-0.04145409322	0.01060597953	-0.2051665812	-0.203852233	-0.2008021579	-0.09140409789	-0.2381956314	-0.2177416633	-0.1900616646	-0.04480559024	1.055507211	1.539754604	-0.219889742	-0.1752581384	-0.1594997652	-0.2202571328	0.004301609137	-0.1815713177	-0.1013348229	1.198497807	-0.2008602215	-0.1351781771
-0.07191318376	-0.008231190524	-0.05284234119	-0.03768069049	0.09666709772	-0.00729639959	0.1648637659	0.06064830532	-0.1007299059	-0.089487697	-0.1150008607	-0.104269142	-0.09859525342	-0.01445516657	-0.01921092951	-0.08065458985	-0.06913539243	-0.1027895949	-0.07113547692	-0.0506239876	0.3862295764	0.347149396	-0.05325106843	0.1098508622	0.05669720258	0.05362912699	0.01836541492	-0.02499807892	0.03171454343	0.06998695415	0.02912851846	0.3811396163	0.3003671829	-0.06674286034	0.98082476	-0.008095808478	0.03839765038	-0.005480344224	-0.004562107399	0.1221858034	0.2156303925	0.01106618067	-0.1026630306	-0.01234227314	0.01633568526	0.1908091659	0.2496115256	0.1729163122	0.05006441254	0.3501466123	0.09909351472	0.2995496893	-0.01920456822	0.01595948902	0.04048247124	0.06845669217	0.05047173587	0.2559777737	-0.04834491789	-0.0559171085	-0.1228998063	0.3080030806	-0.03505843377	0.3062007596	0.3815243545	0.2708514612	0.01410320637	0.1372201474	0.0140982147	-0.02945800931	-0.03224463992	-0.01019668125	-0.009860593429	-0.09148445096	-0.08455360738	-0.1101294817	-0.05444421203	-0.0009782759781	-0.1140782975	-0.01746276671	-0.1010577107	-0.1164644672	-0.05026214195	-0.02657072513	-0.108072734	-0.04570966466	-0.01491681729	-0.07843039525	-0.08855339423	-0.0177602949	-0.04261476591	-0.07155817811	0.01887233641	-0.05808441885	-0.09580193101	-0.09554549297	-0.09219931032	-0.08954908969	-0.03704367968	0.03376145307	-0.08375568666	-0.06117925185	0.03600101191	-0.03778170274	0.05123961411	-0.05904317073	-0.09350896469	-0.06242075595	0.03365112544	-0.1216208915	-0.07737456174	-0.002640768974	0.005926754364	-0.1057321346	-0.09646455102	-0.05731348034	-0.08944676498	-0.1081065652	-0.1345811096	-0.1020528676	-0.09187736253	-0.05534939162	-0.06498649651	-0.04198274542	-0.02291522938	0.007613267974	-0.1012869495	-0.06859512891	-0.08676609286	-0.05590716012	-0.03027461202	-0.08789952943	-0.04398626533	-0.1055576086	0.02261367321	0.06459687798	0.04128453502	-0.09182089733	-0.03026472896	-0.06039971191	0.001643770677	-0.09191007735	-0.09777173905	-0.1157869713	-0.120620348	-0.1320193075	0.002127277652	-0.1306666862	0.004482617963	-0.1036154196	-0.05267623064	0.1116955464	-0.06391372344	0.01236245088	-0.01209456895	0.1224774948	0.02649602093	0.01183585955	-0.02878784662	-0.03259452769	0.04281071345	-0.0091040118	0.03617807818	-0.1065773859	-0.0568966984	-0.07229783238	-0.03321038956	0.04386808511	0.04469556436	-0.0307726333	0.06199623804	-0.03222118482	0.03525002526	-0.07061225708	0.05686489039	-0.05213332472	0.0471418988	0.0005244823526	-0.0450815966	-0.1040711075	0.001424551198	-0.1102441185	0.04836864371	0.0003068204328	-0.07010977966	-0.0530566824	-0.03114556295	-0.07889383541	-0.08153728694	-0.1046967357	-0.02901012924	-0.0566513515	0.07858508185	-0.004894180341	-0.01134042929	-0.01178787541	0.004492764654	-0.03970489224	0.02040477376	-0.1298776611	-0.09284147662	-0.08631441443	-0.1077483268	-0.1220296664	0.1127713997	-0.1039314588	0.0369555904	0.11936937	0.1505355707	0.2962739915	0.2694353784	-0.08615859836	-0.006096346228	-0.06688800865	-0.02951397904	-0.005038851068	-0.0459652597	-0.06943836536	0.3695035695	-0.1559270312	-0.05161122929	0.02899577352	-0.0005836850994	-0.01435192897	-0.1065010083	0.1432765961	-0.01163024205	0.1851523812	-0.1751285687	-0.05129062566	-0.04131554051
-0.2853817999	-0.2923454274	-0.2745469679	-0.2990983273	-0.2352699519	-0.2347706682	-0.2634430837	-0.316015453	-0.3214389882	0.9312375578	0.9011408259	0.9176665005	0.8425525862	2.330447486	2.150046054	0.8727379872	0.9073815166	0.9619941281	2.081167082	0.8488101199	-0.1154527988	-0.1584262277	2.144057269	-0.02843456315	-0.05074839468	2.342736147	2.319223883	2.298469116	2.148132299	-0.07030058226	2.184393877	-0.05692859375	-0.2090391899	0.7812234546	-0.008095808478	2.836847135	-0.3062646538	-0.3292656265	-0.3288139591	-0.2333238917	-0.126910301	-0.3254667485	0.8803166116	0.05555707294	2.399323291	-0.236923121	0.0008039040954	-0.09155342813	0.2186417456	-0.09633633375	-0.05904497116	-0.0983355779	2.390336519	2.355933667	2.422425589	-0.05924378857	-0.06113091738	-0.1738206795	0.8820337761	0.9370450067	0.8832397625	-0.100410074	2.251313196	-0.06987817442	-0.08906183236	-0.07004408952	-0.2472122819	-0.197071542	-0.3078052287	-0.3262270481	-0.315307743	-0.2835641277	-0.2829361412	-0.3414264288	-0.3187390723	-0.3303388921	-0.2689867324	-0.2869021693	-0.3387688414	-0.3236462327	-0.2444890653	-0.2796440352	-0.3221820525	-0.2254681252	-0.3205562778	-0.3154060486	-0.2636259064	-0.2935868284	-0.320846597	-0.2287135053	-0.2321871322	-0.3228067196	-0.2561604735	-0.3376941965	-0.283047361	-0.3215561031	-0.3105837672	-0.3085726736	-0.3179687384	-0.3171987548	-0.29646465	-0.3280033509	-0.2462327384	-0.2793434136	-0.2589095131	-0.2605204762	-0.3061175504	-0.2826975462	-0.2587765337	-0.2851917245	-0.3022782119	-0.3246425904	-0.2648284809	-0.3300469369	-0.3164801957	-0.3337442663	-0.323315859	-0.3049882387	-0.3247203189	-0.3046777887	-0.3200261652	-0.2892055121	-0.2828485641	-0.2142770418	-0.2627600839	-0.2359422291	0.8513551642	-0.2918852492	-0.3075048696	-0.3245985004	-0.2759688073	-0.3171571761	-0.2641800505	-0.316000355	-0.2621845961	-0.2394735902	-0.230067075	-0.3174724796	-0.3096715028	-0.2503461383	-0.275806928	-0.3143789241	-0.3105125138	-0.3243880893	-0.3390020357	-0.3246618538	-0.3285601077	-0.3282674894	-0.3066131271	-0.3116999906	-0.323359382	-0.1818135548	-0.2661299043	-0.2471080421	-0.2106088597	-0.1207547949	-0.1949917423	-0.1024462885	-0.1838798828	-0.1986109732	-0.1235324341	-0.2782738655	-0.1493044321	-0.3161595821	-0.3207070437	-0.3186139162	0.01418587	-0.257886484	-0.143360823	-0.219678363	-0.2487914735	-0.06249275715	-0.1861941916	-0.3318424001	-0.1681948634	-0.3231200467	-0.2558950163	-0.3040077976	-0.3483363382	-0.3357407609	-0.2359144909	-0.3172767092	-0.2883499398	-0.3235867006	-0.2731961809	-0.2313522866	-0.2541712326	-0.3214716498	-0.3318348618	-0.3275993574	-0.3128952007	-0.3207216603	-0.2723010518	-0.2418087456	-0.2645204885	-0.2687281624	-0.2481696536	-0.2919684525	-0.2146807083	-0.312977035	-0.2907248516	-0.2702903136	-0.3286782681	-0.3208630857	-0.2005409635	-0.2976536953	-0.2399163166	-0.03809274416	-0.1370373463	-0.1213313393	-0.1435828444	-0.3235966185	-0.2983400181	-0.3057018032	-0.205487656	-0.3197336654	-0.2988740005	-0.2841350984	-0.20653787	0.8411266965	0.7758498745	-0.2996377669	-0.2999206867	-0.3372969807	-0.3269030466	0.05652789548	-0.2953607538	-0.1972165477	0.7515359337	-0.2848107545	-0.2459577148
0.05311231721	0.09395251359	0.1010506707	0.1692183399	0.1436957722	0.05194175963	0.223858297	0.2014619376	0.05646549775	-0.362105034	-0.3410916444	-0.349307469	-0.3269263145	-0.306705927	-0.3064181033	-0.3240950383	-0.3525033867	-0.3454708164	-0.3024498401	-0.3304982638	0.06367998847	0.03729176742	-0.3040467414	-0.08757901405	-0.07117472223	-0.3162419382	-0.3143679568	-0.309445216	-0.3087465697	-0.07457728866	-0.3102927209	-0.02148810122	0.1708230822	-0.1985780781	0.03839765038	-0.3062646538	0.568874743	0.3087660044	0.3711897738	0.2501692643	0.1022887145	0.3170990454	-0.3671315175	-0.08454694458	-0.3370809395	0.2213660913	-0.01866254455	0.1138623035	-0.09578865599	0.02133670428	-0.05255331129	-0.03026671126	-0.3183186788	-0.3061498031	-0.2900922888	-0.07740109301	-0.06378927956	0.08833428023	-0.3696666067	-0.3530485358	-0.360373323	0.07121273699	-0.3093373084	0.03183962125	0.03425518864	-0.003096703953	0.1316281979	0.1894784191	0.2124281529	0.2644938773	0.05914958708	0.04407145532	0.04930285771	0.07460693977	0.07588323346	0.09464799012	-0.01212768474	-0.02615436578	0.1374097768	0.3091133902	-0.0715570834	-0.03081920891	0.07066324185	-0.03363745188	0.05548814015	0.0507626499	0.01910450563	0.01307111778	0.01476337264	-0.09065948577	4.774140624e-06	-0.0125482338	-0.03565988801	0.3048545046	-0.02578389766	-0.002050027124	-0.00724966521	0.01784310273	0.1213655189	-0.02552262893	0.08042029627	0.1039308456	0.1508323481	-0.02387024406	0.1112478248	0.01587841766	0.005473855545	0.1120239099	0.08650789049	0.02396368877	0.08394369247	0.2768155097	0.09244411839	0.06855723711	0.06763288313	0.03654580635	-0.004990053492	0.03791463289	0.1258087256	-0.009116771247	0.005216214442	0.02859719228	0.01698283178	-0.08910161919	0.005024346465	0.03662071864	-0.3575021	0.03699116508	0.005449383601	-0.03178647961	-0.006664241978	-0.001023895167	0.02380343174	0.05423848979	0.03932902537	-0.005117034596	-0.09250458929	-0.006466680129	0.05380531617	0.00377877049	0.1155332281	0.1270449554	0.01038806383	0.1361129521	0.1682838345	0.1289766643	0.3025092036	0.03523681308	0.1675778004	0.02331172838	0.07648476664	0.03050683142	0.02642532175	0.002082428879	-0.05628146809	0.02537660066	-0.06580145399	-0.1217623077	-0.07111209113	-0.04801659024	-0.06293697261	0.1085359522	-0.114504098	0.07153330499	0.1352501187	0.009060895534	-0.1404991222	-0.0657715556	-0.1252505781	-0.0772168733	-0.08873375227	-0.1573738032	-0.07989880222	0.103335154	0.003637087263	-0.01022654638	-0.08459590805	0.02203081941	0.0448548821	0.05600888483	-0.05883152886	0.05640040023	0.03899257852	0.05390076766	-0.02726772141	0.03901387727	0.005626050253	0.08970479763	0.2140665365	0.09904567642	0.05984941307	0.1169250414	0.03185310217	0.02166094856	0.01630142282	0.058518363	0.06234221357	0.1160587762	0.01969024138	0.06288270629	0.02028431879	-0.01237284174	0.01731628776	0.1287796083	0.1097362494	0.01463576766	0.2390783037	-0.00908680526	0.04374839926	0.05127540481	0.07436367495	0.156005902	0.1825843211	0.05750148102	-0.07736985217	0.02877341482	0.02126191442	0.0023771942	0.1088069679	-0.313743512	-0.1930626757	0.07735322917	0.01927980389	0.2636912454	0.0889313141	-0.05820336051	0.09439301303	0.1006763616	-0.3354707336	0.1256491041	0.04009144209
0.0601948493	0.1034488066	0.1263853627	0.1560177497	0.1480474995	0.06002557756	0.2505361333	0.2331387161	0.1022107801	-0.3818141873	-0.359796435	-0.3676534865	-0.3460686691	-0.3289592905	-0.3281992222	-0.343392948	-0.3737658702	-0.3695803807	-0.3265626832	-0.34988894	0.01406610241	-0.005035235732	-0.3225114834	-0.1201205353	-0.1001612726	-0.3436832378	-0.3319637173	-0.3309396056	-0.3311410449	-0.1035736149	-0.3262518037	-0.04352293848	0.1843033211	-0.2317240296	-0.005480344224	-0.3292656265	0.3087660044	0.480723722	0.4597786522	0.3246804654	0.1138730087	0.4026987899	-0.3892649136	-0.1032689851	-0.3551911149	0.1250323927	-0.04516645973	0.09751027558	-0.1157409412	-0.01005113553	-0.07854660974	-0.01510352294	-0.3355337914	-0.3267013701	-0.3115147204	-0.1090336191	-0.09401799444	0.07016111108	-0.395814723	-0.3844094627	-0.383038737	0.008308866086	-0.3323673092	-0.005387206559	0.005321768985	0.01168515085	0.1392923776	0.1944269671	0.2179122447	0.2440182204	0.0594614149	0.08556077064	0.08710697813	0.08964348046	0.1377683314	0.1296204813	0.01134186265	-0.02128087369	0.09945010438	0.3756730828	-0.07990907313	-0.02717132284	0.1068931374	-0.005693986725	0.09712518674	0.04424186985	0.02586381529	0.01087330241	0.02624633095	-0.08470867249	-0.0220361409	-0.0009281722396	-0.01753359631	0.3501014982	-0.02791854925	0.02498087606	0.0185569444	0.0103626261	0.1479703726	0.003779186352	0.05573352696	0.1182228999	0.1468194455	0.005623633628	0.1057910373	0.01475652575	0.02082941556	0.0992464312	0.06787679554	0.0009114305401	0.1228271496	0.3629816625	0.1149656772	0.06595174235	0.1029231051	0.05059496173	0.01179960192	0.03068456106	0.1151431219	0.01581241271	0.005680734123	0.03640446502	-0.01463820012	-0.124820091	-0.02402396078	0.03118511283	-0.3792457799	0.02424965787	0.02438168804	-0.02518153422	-0.01744246362	0.01208116516	0.02624509066	0.05496769458	0.03727425364	0.01198985733	-0.06681869766	0.01944088539	0.04913751959	-0.001108043346	0.1321123759	0.09202369316	0.01518740475	0.09776435329	0.1452037843	0.1198590237	0.2816128907	0.02835297506	0.1656574365	0.02859969096	0.05246630142	0.01213138096	0.004606224929	-0.005680704197	-0.05131153587	0.01935283597	-0.07360659646	-0.1454609211	-0.08040203203	-0.05305511113	-0.08143370479	0.1104409017	-0.1207454004	0.1076608762	0.1597948567	0.04592213999	-0.1519395865	-0.07181285608	-0.1166596469	-0.08571212565	-0.097062468	-0.164463204	-0.06047959523	0.1284265916	0.007094389058	0.01545172239	-0.09208649244	0.04637692181	0.07899527005	0.09514981118	-0.04751099912	0.05734937254	0.07012922344	0.080472752	0.008130007072	0.03733771724	0.02514201168	0.1018650999	0.1714292566	0.1079164207	0.04321341674	0.1424483997	0.05135021249	0.02361281989	0.05424472311	0.08681343928	0.08481227974	0.1559401783	0.04436740352	0.1206177861	0.04927794601	0.03076193573	0.04218899364	0.09730802689	0.1278324879	0.05560327009	0.3052189228	-0.04525698798	-0.01414882835	-0.0113727108	0.01139544712	0.1167636724	0.237334852	0.03644347939	-0.07497672519	0.0498659341	0.02370388283	-0.001466490272	0.04695242594	-0.3427734437	-0.2249589099	0.08633117123	0.02386724104	0.2862650997	0.1157109558	-0.07527972237	0.0711085412	0.141759652	-0.3504599338	0.1429772956	0.06795767286
0.05347538424	0.0844115561	0.1240598136	0.201224812	0.1389869242	0.08638585699	0.257249293	0.2284278793	0.08763663472	-0.3810120421	-0.3595190452	-0.3670181533	-0.3457865553	-0.3282658818	-0.3276430233	-0.3433939917	-0.3727425613	-0.3690752328	-0.3262822727	-0.3500073387	0.01919257812	0.001328308256	-0.3227452292	-0.1171177934	-0.09652215876	-0.3436777793	-0.3314843904	-0.3304100844	-0.3310652511	-0.1007351995	-0.3251605576	-0.03722790467	0.2051528681	-0.2294594209	-0.004562107399	-0.3288139591	0.3711897738	0.4597786522	0.5283883412	0.337718626	0.140585772	0.4546952764	-0.3898110698	-0.100364782	-0.354428864	0.123686264	-0.04255414455	0.1311137669	-0.1114495751	-0.007885155398	-0.0744975076	-0.02198183533	-0.3353578392	-0.3260221011	-0.3109422949	-0.1062130128	-0.0909916053	0.0863158544	-0.3947209613	-0.384756542	-0.3819330966	0.00704565049	-0.332098313	-0.000653098007	0.01184097769	0.01830716115	0.1353501867	0.2113449873	0.2616687206	0.3024951631	0.0507682467	0.07125835852	0.07278834518	0.07719131309	0.1192679088	0.1289575502	-0.00232322058	-0.02577110248	0.08446745524	0.4341311083	-0.08511384612	-0.04677557268	0.1042916977	-0.01768443042	0.09486932917	0.03988472876	0.01051140446	0.002851485701	0.02116547552	-0.09875622061	-0.01917395232	-0.005265653326	-0.03769454109	0.4157826965	-0.0329674633	0.007692509596	0.001093706169	0.005191328444	0.1297943198	-0.01633338071	0.05164872669	0.11323258	0.1774371964	-0.01441031924	0.1234732267	0.01049181996	0.01461814369	0.1068883894	0.04851225673	-0.007016042874	0.1204423179	0.3732441288	0.09667346633	0.069601878	0.1003900362	0.04729193787	0.008680385036	0.03157295314	0.1164616767	-0.001726883535	0.0003831710967	0.02382607808	-0.01723930745	-0.1302127922	-0.02595692677	0.02242323147	-0.3795287439	0.01613657579	0.01487595239	-0.02737038015	-0.02249327989	-0.005524391743	0.0219849603	0.05080666239	0.03285808719	-0.008273355171	-0.08674034544	0.001910897489	0.04564609859	-0.0032230554	0.1424064211	0.0871436615	0.01073397593	0.113459773	0.1598948767	0.1228203557	0.3430386326	0.02534073309	0.1950487554	0.02406628488	0.04366905561	0.01243467418	0.009189566495	-0.003668050458	-0.04935707502	0.01766443046	-0.06958087746	-0.1427616316	-0.07727670775	-0.05575348376	-0.07803816325	0.1261628949	-0.12062451	0.09396525686	0.1412956342	0.03568589937	-0.1563617534	-0.07604462727	-0.1199216389	-0.08890726731	-0.103773092	-0.1667121374	-0.06652248268	0.122950088	-0.0047472623	-0.004747181815	-0.0953895772	0.03008382616	0.06100945261	0.09056978782	-0.05213506381	0.06215765745	0.05085545217	0.06107111113	0.001260872873	0.02628854146	0.02387743179	0.08890494888	0.1899483389	0.106320872	0.04339594634	0.1609961979	0.0368173053	0.01896826129	0.03986955218	0.08299400931	0.07635201622	0.1522457513	0.03568155134	0.1021944729	0.03776718177	0.01816592566	0.03115936645	0.1004451938	0.1332562054	0.03593017039	0.371314784	-0.04319959326	-0.01423821909	-0.01279899979	0.01838058928	0.133023083	0.2568763901	0.02914923108	-0.07966734222	0.04206476492	0.01911138838	-0.005935733106	0.05533475565	-0.3423874855	-0.2220141499	0.06944653795	0.01807204281	0.2884841805	0.09949857725	-0.07187899621	0.08794034186	0.1514075132	-0.3502578518	0.1321633077	0.04831115035
0.04096263902	0.04596736651	0.05939555716	0.08107315514	0.1790906838	0.1238937344	0.231524736	0.1485741757	0.02310811409	-0.283185915	-0.2613336603	-0.271238508	-0.2504131243	-0.2240924258	-0.2244330198	-0.2384188607	-0.2724805464	-0.2665546407	-0.2706918116	-0.2445737843	0.1435749823	0.1413558374	-0.247954952	-0.0267833092	-0.003895392315	-0.2323267131	-0.2236269283	-0.2254947651	-0.2238379702	-0.004997336035	-0.20576691	0.04916925422	0.2539096041	-0.1765839023	0.1221858034	-0.2333238917	0.2501692643	0.3246804654	0.337718626	0.6325796221	0.2582855705	0.3195625567	-0.2635281778	-0.04023274343	-0.2473653307	0.1289704611	0.08160775807	0.1335278466	-0.07011599951	0.1204888098	0.008913884716	-0.01509565535	-0.2417790964	-0.2233408385	-0.2039277378	-0.01437042254	-0.001132097198	0.1945849226	-0.2613328324	-0.2814730999	-0.2658425172	0.01458383789	-0.2086057306	0.1817086148	0.1978433706	0.020101432	0.1246475741	0.1400367597	0.1949162731	0.1594089164	-0.008451783125	-0.01562506881	-0.01363055877	0.01334352321	0.06868913035	0.05963492148	-0.03280823108	-0.03451949226	0.0187403112	0.3080186861	-0.1036129756	-0.07234042169	0.04234957501	0.01970934567	0.05040910379	-0.01607141935	-0.03663359272	-0.01442914671	-0.01200946854	-0.09375710754	-0.07411394947	-0.04238013627	-0.0001815690472	0.2280247393	-0.05793194861	-0.03312989691	-0.03608974782	-0.02520902482	0.05710751771	-0.03251859551	0.01934115203	0.04035602465	0.06722827324	-0.02975490578	0.1232876298	-0.04528912233	-0.03670286205	0.04829592236	0.00528369083	-0.03615086139	0.03840718441	0.2687339039	0.1179886642	0.01104726918	0.03160526636	0.02443252453	-0.03162179503	-0.02206865934	0.04251657917	-0.03977855653	-0.03127805162	-0.02232884142	-0.02300787256	-0.08387391714	-0.0338156562	0.02447859612	-0.2582661849	-0.01505964467	-0.03719193469	-0.0599958249	-0.05339890372	-0.03669001822	0.008457534767	0.004377924585	0.07095125383	-0.06059207642	-0.08444591403	-0.035222858	-0.001397381427	-0.0507019015	0.1145391178	0.03126893843	-0.02359847844	0.0426576782	0.07000028431	0.04785593978	0.1944660808	-0.02714163948	0.1549629289	-0.009953687065	0.01051410479	0.07414413596	0.002079937722	0.01768554366	-0.01073258547	0.07561455136	-0.02598449151	-0.07255544502	-0.02352173988	-0.05714216055	-0.01020188572	0.05879139391	-0.09800951603	0.03375426097	0.0467086084	0.0004761368312	-0.130845118	-0.08839337505	-0.0971267611	-0.08540486822	-0.08840094284	-0.1314596677	0.00162389915	0.04336834129	0.0394994799	-0.03625519611	-0.09253686079	-0.01911713547	-0.01960425183	0.006901038802	-0.06040560606	0.003023925961	0.03292416851	-0.00906114181	-0.005485928089	0.03437062952	0.01885744654	0.01845954692	0.0713346442	0.0302409912	0.001578858876	0.06497613232	-0.01251542905	0.02001009571	0.01479562086	0.019540168	0.07199837675	0.09098940341	0.0602438262	0.05194824519	0.02736837722	0.03872449654	0.01199590632	0.05022450913	0.1559649945	-0.003230117266	0.2423792924	0.05375705867	0.1305961985	0.08752258699	0.1471028706	0.05579930678	0.1412499744	-0.002460684418	-0.08283633039	-0.01602266193	-0.02316002405	-0.02383721206	0.155965723	-0.2865316301	-0.172011376	0.02869474203	0.00349733734	0.1937354477	0.03763960253	0.01470657529	0.09470767487	0.2341633224	-0.2990761064	0.09245326069	0.02745638283
-0.00528419891	0.0414489681	-0.01190764433	0.02590748802	0.168580808	0.1284111788	0.1578406749	0.1040940772	-0.02711037685	-0.2011169014	-0.1927129923	-0.1957373788	-0.1881677221	-0.129865997	-0.1324292542	-0.1624123211	-0.199750773	-0.1911066448	-0.2074720008	-0.179050803	0.1987970996	0.1490722123	-0.1512041379	0.02411729832	0.04834612775	-0.1488423714	-0.1298737931	-0.135372837	-0.1486747405	0.02456707567	-0.1204638509	0.1453532366	0.2492768293	-0.1426789377	0.2156303925	-0.126910301	0.1022887145	0.1138730087	0.140585772	0.2582855705	0.74156403	0.09609360446	-0.1906694051	-0.03567477534	-0.1524377707	0.07737961439	0.1480764056	0.1727286958	-0.0132736051	0.153343138	0.06325197943	0.07132569815	-0.1549260745	-0.1157801556	-0.1165143741	0.02072206149	0.02722781386	0.2183173158	-0.1911294929	-0.2101277573	-0.2115803417	0.03033615367	-0.1065704043	0.2155139497	0.2121798626	0.07747707392	0.06210293182	0.1362415069	0.1267914314	0.08596202085	-0.0200239502	-0.06808906923	-0.06143352199	-0.03177301672	0.004481162591	-0.0212851832	-0.01028935076	-0.03687192499	-0.0461863528	0.1243028847	-0.08232881052	-0.08132500756	-0.01895006567	-7.085979504e-06	-0.01891446311	-0.06566344901	-0.03997823886	-0.03574207583	-0.02010217102	-0.05735475418	-0.08209278826	-0.04578914476	0.03961623733	0.1006496955	-0.05532089781	-0.03426074025	-0.03192666333	-0.0386441874	0.006449337845	-0.03412290493	-0.01157010958	-0.001387722207	0.09738528508	-0.02302146916	0.1199426239	-0.008181178522	-0.04305059354	0.04191635704	0.03987377526	-0.04561220712	0.0151567206	0.1077123337	0.09628612465	-0.05157683496	-0.02140301465	0.006845071161	-0.03145184246	-0.04621372139	-0.01360213918	-0.04272633119	-0.03869078046	-0.02097898717	-0.05858438937	-0.04557282974	-0.02305617299	0.02739555708	-0.1874658922	-0.03887427568	-0.04018274647	-0.04399817403	-0.05774638738	-0.03038670594	0.01231494828	-0.04715045706	0.08733622989	-0.05938543267	-0.03370070786	-0.03289547887	-0.04421967593	-0.04095647085	0.07004086346	-0.012668326	-0.03599906479	0.01090953092	-0.001892361823	-0.008837800564	0.1104054933	-0.09628510769	0.0890984131	-0.02786485298	0.01753304608	0.07001744284	-0.009055930379	0.01876723675	-0.009839800695	0.1374343102	-0.003397988338	-0.01272598498	-0.03314934632	-0.040417131	-0.0004237090352	0.03165462215	-0.04101704611	-0.01468009273	-0.01631071968	-0.004144182826	-0.08884919473	-0.0350857783	-0.03896200336	-0.0232077429	-0.0475838423	-0.07144221554	0.02597504006	-0.003367376832	0.06071924923	-0.04610739188	-0.0355088938	-0.02945424534	-0.05740584753	-0.03071247173	-0.009446445925	-0.05254521381	0.01516391946	-0.03351523531	-0.02924600135	0.007230384196	0.02092776537	-0.006709198861	0.05317575315	-0.04931188189	-0.03702997515	0.03146117845	0.02657067346	0.03891282654	0.02484140009	0.01706244463	0.06874201456	0.01326605769	0.06942818774	-0.0190113332	-0.02027027388	-0.003823175662	-0.03242498262	-0.01225032197	0.3897279539	-0.05419150292	0.1762726919	0.05090507205	0.1592413488	0.1622070055	0.1711381349	0.04489681373	0.1252370015	-0.06918485135	-0.02141951828	-0.0380392948	-0.04693563334	-0.02268036034	0.2058081305	-0.2194588182	-0.1409553802	0.01396108936	-0.0004620109308	0.06375325502	-0.03519971173	0.09557415401	0.04472062997	0.18894175	-0.2344728963	0.04392610608	-0.01249600582
0.03877744005	0.06118909681	0.08377886733	0.1518195074	0.1436638496	0.02713924551	0.2416572158	0.189529732	0.05347874481	-0.3720048388	-0.350253631	-0.3597241534	-0.3376572222	-0.326163477	-0.3105389259	-0.3235781971	-0.3625956181	-0.3602123363	-0.2288403544	-0.3293250079	0.1480076701	0.1367378395	-0.2570768376	-0.02942145256	-0.01166256003	-0.3358729055	-0.323730262	-0.3279560114	-0.3265439891	-0.01163401925	-0.3212439392	-0.0137581104	0.1746673256	-0.1543152518	0.01106618067	-0.3254667485	0.3170990454	0.4026987899	0.4546952764	0.3195625567	0.09609360446	0.6319821894	-0.377577866	-0.03702820884	-0.3479346662	0.2559324796	-0.01615319433	0.1178826305	-0.04293826654	0.1218792777	0.01837777345	-0.02488673501	-0.3277499584	-0.3268506016	-0.3048315159	-0.01928758864	-0.005278543185	0.2239359751	-0.3783767967	-0.3765472113	-0.3734821389	0.1363957395	-0.3290206236	0.01481398439	0.0278865446	0.004234098784	0.1189496824	0.1557846379	0.2126217131	0.2588725314	0.0320377404	0.04762431726	0.04906410645	0.07132568337	0.08251121677	0.08063238012	-0.01504522386	-0.03686728288	0.06048588468	0.3750221556	-0.02567372536	0.01061079318	0.05461614814	-0.01403611372	0.07574858747	0.002792349167	-0.03275348395	0.002574808221	0.03250523476	-0.0409587151	-0.04606198822	0.009139652819	0.02937617568	0.3453214481	-0.02823611344	0.0190278533	0.0125698181	0.008388877943	0.07262936808	-0.02364872682	0.04211038097	0.09053936948	0.136770723	-0.04661766133	0.1156223788	0.01580545635	0.06612671662	0.05806854081	0.0197839142	-0.02178442967	0.06557490066	0.4433982236	0.07710421053	0.02340633011	0.05673043875	0.03482877465	-0.002162948288	-0.01092156288	0.07080029588	-0.01115916233	0.01014954439	0.002880961566	-0.02379722805	-0.1039776554	-0.03905225486	-0.006437682583	-0.3684155138	-0.009669159729	0.06535455514	0.02428726148	-0.01204486287	0.003654217046	0.005408383868	0.05664056457	0.001472906693	-0.005048199586	-0.09687445413	0.01344711904	0.03983465044	-0.04139317855	0.1011961279	0.04737646669	-0.006788937551	0.05731496936	0.111887601	0.07625751174	0.276969076	-0.0007840344843	0.1530807631	0.0065586443	0.109601008	0.0124452166	0.01443955642	1.741314356e-05	-0.04180771873	0.00695556603	-0.06333759366	-0.13700391	-0.07571433135	-0.06225449529	-0.06632867111	0.1090154857	-0.09905488328	0.04764967319	0.112250955	0.03860470034	-0.1268744611	-0.09208799756	-0.1141265615	-0.08724866903	-0.09596948944	-0.1588559705	-0.07443524599	0.1114456306	-0.009934263279	0.004145744865	-0.09430447604	0.02299821244	0.02747021234	0.05204178808	-0.07317574738	0.01770150603	0.03029187775	0.03391487336	-0.008258962271	0.005453762602	-0.005463567631	0.05730369397	0.1238383888	0.06289717778	0.04105652237	0.09704852315	0.003755645206	-0.00476290862	0.01595101842	0.05022644579	0.04600025989	0.1183506026	0.01715572714	0.09209259188	0.001392090762	0.008151481211	0.02268534273	0.0985120886	0.1248426323	0.1232624297	0.3048525586	-0.04451782708	0.00956898757	-0.02159490378	0.1411275205	0.06848379588	0.2016431353	0.02884511449	-0.06289956646	0.02645020992	0.03007745515	-0.02009456667	0.1791908495	-0.2523647955	-0.1512145332	0.04869287063	-0.00888322942	0.3768601354	0.07449539158	-0.08270018446	0.0424895184	0.1411387969	-0.2476291794	0.09753889947	0.01254986575
-0.307344693	-0.320887656	-0.3084082208	-0.3674809369	-0.2847678124	-0.2218018326	-0.3252817456	-0.360958828	-0.3654106057	2.72708766	2.607128347	2.649973811	2.539368276	0.8563600171	0.8566161329	2.522747755	2.668293951	2.669555906	0.7387148271	2.540962994	-0.2144539897	-0.1662975408	0.794526376	-0.03192953508	-0.1055281115	0.8609182038	0.8711242669	0.9069343378	0.8478878314	-0.1152039732	0.877792288	-0.05584961163	-0.2244388618	0.9805172401	-0.1026630306	0.8803166116	-0.3671315175	-0.3892649136	-0.3898110698	-0.2635281778	-0.1906694051	-0.377577866	3.237873178	0.1371301216	0.9785579141	-0.2580186356	-0.07780968314	-0.2002862977	0.001328773925	-0.1503563789	-0.1384331656	-0.1206580337	0.9433705489	0.8410713233	0.7777213779	-0.1124243499	-0.1187777279	-0.1911791936	2.829270751	2.748353958	2.880562422	-0.104528381	0.8663484573	-0.1275591535	-0.1603985852	-0.1569945015	-0.2764547218	-0.1972112006	-0.3585631405	-0.3853519162	-0.3748959283	-0.2881239007	-0.2880118053	-0.3902868091	-0.3644782474	-0.3892657783	-0.2949199665	-0.2537075052	-0.3876000883	-0.3796988558	-0.2494873615	-0.3020831753	-0.2978980467	-0.2309433118	-0.3780864527	-0.290472321	-0.2397135551	-0.3365251734	-0.3804957824	-0.2440393962	-0.1734135793	-0.3823172363	-0.3075250664	-0.3993504209	-0.3202872849	-0.3832264271	-0.3727464871	-0.3573964877	-0.2974492136	-0.3050005018	-0.3549566658	-0.378509101	-0.3162914817	-0.331153526	-0.2940517378	-0.3306957918	-0.3342362903	-0.3327128143	-0.2651776821	-0.3059000412	-0.3579876573	-0.3839850085	-0.2728979292	-0.3871843276	-0.3688541755	-0.3765474645	-0.3753901138	-0.3500594715	-0.3719348746	-0.3513626086	-0.3813886609	-0.3139196846	-0.3066896627	-0.2539996401	-0.2730215417	-0.1862735167	3.127085963	-0.3399077577	-0.335838731	-0.3349390001	-0.2601523528	-0.3785836068	-0.3213238452	-0.3650337152	-0.271004034	-0.2792738626	-0.1969469487	-0.3738820461	-0.2994731555	-0.2436751817	-0.3213167704	-0.3418993558	-0.3512454179	-0.3758684415	-0.3913959527	-0.3780543159	-0.3866045555	-0.3817685963	-0.3531947032	-0.3520146359	-0.3564828299	-0.2099529769	-0.2998751938	-0.2899960143	-0.241988082	-0.2099323936	-0.2267530969	-0.09691346903	-0.2016405209	-0.2055935137	-0.1459962064	-0.3011380939	-0.1018140451	-0.3669859585	-0.3783051667	-0.344278413	0.05261790129	-0.2206593967	-0.06450626157	-0.2155490671	-0.1987980504	-0.01874420198	-0.2049811168	-0.3742402968	-0.2571000241	-0.3323321029	-0.2151616755	-0.2878430328	-0.3367796545	-0.3869969078	-0.2744997778	-0.3459895481	-0.2880967998	-0.3292661593	-0.3163810067	-0.2707083113	-0.3146238774	-0.3834671008	-0.3925443371	-0.3829105824	-0.2897991402	-0.3825211847	-0.2407324914	-0.2440115729	-0.2669791313	-0.3234851919	-0.2893885046	-0.2938192671	-0.2643808341	-0.3557653651	-0.3169178931	-0.2996466721	-0.3712579654	-0.3712491277	-0.2404553263	-0.2959908929	-0.2994971934	-0.07996059436	-0.1947193342	-0.1931771538	-0.1875988741	-0.3823004742	-0.3674664867	-0.2724570586	-0.2364448429	-0.3258802422	-0.2873128072	-0.3249068044	-0.1544005381	2.469964074	0.9794141082	-0.2737508569	-0.2546724548	-0.3840352241	-0.3794033869	-0.02997392674	-0.3408264563	-0.2359958833	2.544388814	-0.3188623651	-0.2122981149
-0.09792654963	-0.04442430967	-0.06776406579	-0.09821225153	-0.09118018495	0.004453438599	-0.04480451415	-0.06810799858	-0.05255043623	0.05987874174	0.04927457837	0.06665350369	0.02655581602	0.07068708183	0.1060076131	0.01101874327	0.02885522734	0.05761638359	0.1352592751	-0.03900476327	0.1081973562	0.08629068364	0.1488848533	0.2057839321	0.190524663	0.06657100786	0.06691642033	0.07867858193	0.09953842676	0.1831622412	0.08485063034	0.01169581791	0.02903511097	0.3442047283	-0.01234227314	0.05555707294	-0.08454694458	-0.1032689851	-0.100364782	-0.04023274343	-0.03567477534	-0.03702820884	0.1371301216	1.153049311	0.1158200354	0.03241288175	0.07225015263	0.0411513185	0.1845586848	0.103885782	0.1767102873	0.09520107707	0.08456862642	0.1054945559	0.02799125335	0.1934902514	0.1794557196	0.1077975743	0.1056804668	0.07582718167	0.164718229	0.0365333376	0.09650802326	-0.004610665092	0.05000962299	0.1431813581	-0.004701284311	-0.03703004333	-0.07736190884	-0.1060429702	-0.07350933272	-0.0674522521	-0.06629136219	-0.04599057429	-0.05183027372	-0.1068101849	-0.00330690926	-0.04637835866	-0.08092858734	-0.08163100099	0.08633458882	0.01261635411	-0.1184482447	-0.03709205385	-0.08029252424	-0.1094246523	-0.02243150178	-0.04980054908	-0.07768795339	0.0806943044	0.01372701277	-0.04883246655	-0.02864350967	-0.1035909652	-0.04178000713	-0.06838064249	-0.05449937444	-0.06535960236	-0.1082413834	-0.09383081476	-0.05574613033	-0.06830229332	-0.05958491658	-0.0415329279	-0.09654385992	-0.07150880313	-0.004067823119	-0.05369700629	-0.03288366566	-0.01780163048	-0.08520960334	-0.03682457212	-0.08839200316	-0.08712777726	-0.1071949793	-0.06976034284	-0.05565255554	-0.02047488586	-0.02571170761	-0.06274798187	-0.07400757891	-0.02091898433	-0.02320603761	0.04399905475	-0.04195032468	-0.0004910821565	0.1310449862	-0.005605672755	-0.01145764493	-0.003693067547	-0.05976279148	-0.06617750635	-0.09922935717	-0.07661359062	-0.02930812866	-0.06783253355	-0.007204395253	-0.05822141362	-0.07110053944	0.06800046684	-0.02922401175	-0.08346305327	-0.0417514178	-0.03325691821	-0.05289513782	-0.02256920654	-0.09694562293	-0.07704218907	-0.07154781587	-0.0418403074	0.02067389636	0.05011335082	-0.03028857836	0.01413895783	-0.02951179132	0.08211547109	-0.003098079128	0.08988643339	0.01784449793	0.03205295658	0.08274755121	-0.02738750101	0.0942422518	-0.08973757442	-0.101978375	-0.06696442796	0.1553692932	-0.02740692073	0.007741101788	-0.007165780376	0.01153339117	0.06329177507	0.0003501151983	-0.07072196002	0.01070570863	-0.03799256689	-0.02371794854	-0.08644968424	-0.09074830806	-0.09387473369	-0.00921557049	-0.06871902817	-0.1052677284	-0.1209657607	-0.05644410118	-0.06924609259	-0.06643533181	-0.1056793474	-0.06324647144	-0.1039060405	-0.06924579309	-0.0916045853	-0.02710333807	0.02593050552	-0.003602785715	-0.05038135749	-0.02196785301	-0.08313543734	-0.004596030491	-0.03969282841	-0.01674176377	0.008500218591	-0.05174146329	-0.03121678715	0.03491181971	-0.02320905028	-0.04493024733	0.1532065882	0.01528262082	0.04218251237	0.07798395993	-0.05401117874	-0.08898567438	-0.05371504243	0.02766029837	-0.1086052008	-0.1115429994	-0.02973210128	0.08827303765	0.1248981435	0.3202609446	-0.08393570779	-0.006209082752	-0.03869639948	-0.09657459642	0.1366051053	-0.04894307091	-0.003074753574	0.2471948571	-0.08997457141	-0.01462497538
-0.2836094548	-0.3174888548	-0.2598580698	-0.3254924645	-0.2548660848	-0.2438560458	-0.2427087245	-0.3083181153	-0.3347236095	1.010247307	0.9165504182	0.9256867032	0.8584537916	2.313398053	2.187845616	0.8980792793	0.9886827419	0.9812513293	2.122514774	0.9080371908	-0.1128949281	-0.1295725061	2.189344514	0.003677970359	-0.06033111129	2.405023955	2.41074702	2.352868529	2.245564771	-0.04916443625	2.261488104	-0.02320976765	-0.1905030348	0.7749434634	0.01633568526	2.399323291	-0.3370809395	-0.3551911149	-0.354428864	-0.2473653307	-0.1524377707	-0.3479346662	0.9785579141	0.1158200354	2.894862081	-0.2547908388	-0.01415461312	-0.139911168	0.25143411	-0.1002814478	-0.08200103084	-0.08821790062	2.379151157	2.223308656	2.266273909	-0.03685148649	-0.06933591869	-0.1777896761	0.996251646	1.016010649	0.987584913	-0.1252770591	2.26379181	-0.1277561324	-0.1176409412	-0.1067775048	-0.2471886648	-0.1714804103	-0.3200582886	-0.345414188	-0.3370809239	-0.2820531029	-0.2815425601	-0.3539708256	-0.3334231629	-0.3494225625	-0.284428283	-0.2539896003	-0.3539110631	-0.3500982513	-0.2674179171	-0.3021567397	-0.2993796827	-0.2330557799	-0.3427299744	-0.2902225044	-0.2416399768	-0.3112090965	-0.3375140087	-0.232330959	-0.1793044768	-0.3196753259	-0.2762402454	-0.3635419708	-0.3085420349	-0.338942424	-0.3324170585	-0.3234578554	-0.3059753422	-0.2955113398	-0.3149778364	-0.3491021428	-0.2708893256	-0.2971530393	-0.2788334367	-0.2840474028	-0.3317458398	-0.3008195264	-0.2668515029	-0.272763108	-0.322994892	-0.3521652859	-0.2762118241	-0.3480519009	-0.3409686987	-0.3522900084	-0.3470335352	-0.3145927504	-0.3382719587	-0.3248312804	-0.3385124104	-0.2983442359	-0.2913902222	-0.2366325722	-0.2719357534	-0.2520612452	0.948467364	-0.299534335	-0.3332799353	-0.324982254	-0.2514429894	-0.3348473683	-0.2845309908	-0.3353287967	-0.2927457807	-0.257014707	-0.1832413456	-0.3398437258	-0.2864590092	-0.2364954727	-0.2805458494	-0.2994304336	-0.3225397201	-0.3418706234	-0.3517065839	-0.3382868919	-0.347811247	-0.3442870277	-0.3134427228	-0.3227884448	-0.3107080552	-0.1790809266	-0.2842845532	-0.2398214672	-0.2118300938	-0.1299508321	-0.2031966222	-0.09444565401	-0.1724186425	-0.2029939787	-0.1204731754	-0.3026746057	-0.09405319425	-0.3296005745	-0.3477383894	-0.3032901704	0.0285376216	-0.2053913067	-0.1040308229	-0.2079696401	-0.1954507159	-0.04647434754	-0.1961268787	-0.3539084342	-0.1931435226	-0.3068423093	-0.2035274077	-0.278341864	-0.3242317008	-0.3592469809	-0.2341133219	-0.3092665457	-0.2767033062	-0.3112597253	-0.2919805375	-0.252188277	-0.2556603627	-0.3482227199	-0.3485345787	-0.3465362871	-0.28713804	-0.3481006857	-0.254334874	-0.2657932096	-0.2918767761	-0.2933355712	-0.2543129112	-0.3063915255	-0.2248661573	-0.3384929681	-0.3084351053	-0.2917259404	-0.3349695678	-0.3303802851	-0.2241055522	-0.3142147265	-0.2520611943	-0.05402144182	-0.1897222486	-0.1416315596	-0.1622894924	-0.3388762438	-0.3295264878	-0.2789029709	-0.2362158214	-0.3046798765	-0.2836815232	-0.3000930996	-0.1447736683	0.8705172501	0.7725189973	-0.2789827173	-0.2865490235	-0.363568038	-0.345308813	0.03788474734	-0.3167975799	-0.1993069366	0.8508036258	-0.30405542	-0.2635342116
-0.01031917755	0.03855611692	0.05688672915	0.003247093667	0.09103755277	-0.02701874394	0.1028071865	0.08521159607	-0.007068640144	-0.2581584404	-0.2356499316	-0.2461909927	-0.2281961004	-0.2167201997	-0.2032529369	-0.232390373	-0.2483030767	-0.2522211524	-0.1255697633	-0.2372254131	0.2742731425	0.2728086711	-0.1579985029	0.07299771308	0.08957279082	-0.2349762629	-0.2240947078	-0.2171048279	-0.2260883519	0.08425288174	-0.2235971595	0.1074494293	0.1764292512	-0.07831266678	0.1908091659	-0.236923121	0.2213660913	0.1250323927	0.123686264	0.1289704611	0.07737961439	0.2559324796	-0.2580186356	0.03241288175	-0.2547908388	0.7893665784	0.03919030561	0.1412618168	0.06777907682	0.290817135	0.1303841087	0.08447042464	-0.2370261404	-0.2287889172	-0.2134444881	0.09149026385	0.1052467956	0.3921012931	-0.2514150043	-0.2456165968	-0.2827398116	0.304423838	-0.2130635748	0.108774983	0.1323780335	0.1148565255	0.112630624	0.1639375709	0.03554955183	0.08133237728	0.01369192915	-0.03084025429	-0.03320596691	0.006576215977	-0.009802036092	-0.004825019132	0.00538468601	-0.05137970905	0.02996026736	0.1518433802	-0.0123424725	0.03776942751	-0.02134361853	-0.0383672028	0.00608563711	-0.05232878429	-0.02909529648	0.02074042955	-0.008949267159	-0.01291585516	-0.02146760036	-0.01682881927	0.03854561341	0.05242921027	-0.01961500632	-0.01533027263	-0.01371762655	-0.01032714453	0.02847615004	-0.03766541593	0.003281361886	0.04265437967	0.1144536993	-0.03988791816	0.039455443	0.008926734282	0.03265595712	-0.01176912392	0.05703232973	-0.008348958079	-0.0144444178	0.2431384206	0.02131016786	-0.01733981112	-0.01809076055	-0.03767897917	-0.02632276156	-0.0146809704	0.02554533381	-0.02920537717	-0.01420856426	-0.01119337165	-0.01999648658	-0.01142244821	-0.000791701436	-0.001668128688	-0.2511172202	-0.002566510007	0.03840623337	-0.0003948528608	-0.01926508898	-0.01329938952	-0.02933540307	0.01417193221	-0.003855543137	0.02873527122	-0.07273534761	-0.01099526773	0.001676155569	-0.04915206389	0.03997655476	0.01881360078	-0.02391191924	0.040893469	0.03177135618	0.02345712491	0.1018120577	-0.01149612341	0.0347346553	-0.02870896188	0.07175940533	0.0374303156	0.008856627495	0.006771519952	-0.07487602734	0.06218518524	-0.06028945462	-0.06391903397	-0.07605864253	-0.04582535204	-0.03462756337	0.08821201288	-0.05662655023	-0.02607580163	0.0557446885	0.0147069333	-0.06307093442	-0.08580865388	-0.1190404929	-0.07442302829	-0.06259359899	-0.08142569892	-0.07805830786	0.05452046222	0.03905624882	0.005315537661	-0.08530163602	-0.002969789912	-0.01052458205	0.03898378365	-0.05464391006	-0.01625875323	0.008688712879	0.001728369435	-0.05855829957	0.03429116557	-0.0287899897	0.05247714621	0.04082113555	-0.0007113021824	-0.003168605454	0.001423136553	-3.406891007e-05	-0.02621655427	-0.02923675449	0.00145828138	0.01723390498	0.03198577585	-0.01136018612	0.01496112739	-0.07228775954	-0.05747302107	-0.02425243122	0.03606112619	0.1292412867	0.08588615694	0.07006958678	0.03846056841	0.0962759539	0.1477048651	0.238686991	0.02533690069	0.04453568793	-0.02937327917	-0.05302075562	0.01804843464	-0.0425459457	-0.03224970143	0.327422157	-0.1429244332	-0.08140219134	0.0009063402032	-0.01905676997	0.2516184738	0.03439977069	0.02288459876	-0.01394145893	0.1647773106	-0.1439932627	0.01410820515	0.002978086983
-0.008633969375	0.0186883764	-0.04211203491	-0.0228893887	0.07451213504	0.01991219315	0.05462222189	-0.02903344904	-0.05370745145	-0.06073151946	-0.057245395	-0.03803381414	-0.03139109114	0.03333903737	0.003611701014	-0.009481678289	-0.07147278653	-0.04451673323	-0.06793360223	-0.04077088584	0.183817723	0.1266383516	-0.01611315558	0.1138971502	0.1370410931	-0.0308428731	0.005897247569	0.01920204648	-0.01689391507	0.1303931428	-0.0191446886	0.169638114	0.1122866594	-0.04064331321	0.2496115256	0.0008039040954	-0.01866254455	-0.04516645973	-0.04255414455	0.08160775807	0.1480764056	-0.01615319433	-0.07780968314	0.07225015263	-0.01415461312	0.03919030561	0.8246715818	0.09694053395	0.1469668745	0.1609528132	0.1970435292	0.127063532	0.01450306561	0.02929625223	0.02990425229	0.1376333883	0.1415492739	0.1440080658	-0.05704165788	-0.06985549815	-0.114072901	0.07958892041	0.02536314098	0.2059289708	0.2347816463	0.140730797	-0.01357471079	0.005278966115	-0.008782181126	-0.04717660221	-0.0356216456	-0.06006921341	-0.05809519285	-0.05538984041	-0.04629037991	-0.04341683676	-0.01334262472	-0.03113408793	-0.05998255133	-0.04255044503	-0.06219381299	-0.08354357696	-0.06930228891	0.04052727262	-0.04645847345	-0.06460740908	-0.03073909963	-0.06025021445	-0.06535774622	-0.004879986864	-0.04451484583	-0.08415251276	0.01863524448	-0.05367081794	-0.0838439366	-0.07317960092	-0.07898984156	-0.05104803049	-0.0793581671	-0.03963754221	-0.03001750649	-0.04257518476	-0.00181971765	-0.01684889875	0.0157421535	-0.03138858452	-0.07215175684	-0.03210334484	0.01426570325	-0.03711894776	-0.05588152387	-0.03501195974	0.02607436892	-0.04438189422	-0.05281271646	-0.03947030356	-0.06175532482	-0.05630533299	-0.08222415245	-0.08774693933	-0.06194854472	-0.0009784264467	-0.02024130001	0.0336658098	0.0107690828	0.06396185136	-0.07758191732	-0.03712127242	-0.07301500615	-0.06136353935	-0.04825547565	-0.07227808575	-0.01922521677	-0.05179111887	0.04790550375	-0.0886253265	-0.03999494637	-0.0793815563	-0.07333900642	-0.001731177697	-0.0308546285	-0.05192790228	-0.03759580254	-0.06472376957	-0.06502253187	-0.08015145942	-0.03805913525	-0.07131118292	-0.01067430886	-0.04218512157	-0.03796496287	0.1120155207	0.007512855051	0.02267247737	0.03921947549	0.1239003021	0.05463804533	0.05697775605	0.03085476987	0.0107875276	0.0875845941	-0.03897317403	0.03118524145	-0.049683055	-0.0516324994	-0.05453575664	0.01173345649	-0.04310807992	0.001345940888	-0.02684176589	-0.006319363998	0.00585651761	0.05890569573	-0.05424519419	0.07783249352	-0.05074184417	-0.04357263903	-0.0845764931	-0.09387977141	-0.07702260602	0.01411396371	-0.05668957787	-0.02293204685	-0.07084036871	-0.03008531291	-0.03164290643	-0.033991423	-0.07483187885	-0.06020964415	-0.0451816875	-0.0419473245	-0.04993905636	-0.01840042226	0.05691173949	0.02632099926	-0.001801548953	0.04612211888	-0.02254275769	0.06792125019	-0.0754408405	-0.01742973778	-0.01413336951	-0.04680028825	-0.07295143444	0.1068045573	-0.03771558643	0.02266561135	0.114209101	0.1542759396	0.1409223627	0.07972513512	-0.05920554912	-0.02822250373	-0.08743849835	0.02097988051	-0.08172135262	-0.06891350305	-0.01682151175	0.1176755177	-0.1172282869	-0.04722268047	-0.0282110993	-0.02099490257	-0.05783641301	-0.02553622304	0.5860553839	0.01483127002	0.06469841146	-0.112615714	-0.03711020496	-0.02115438384
-0.05132446766	0.065516258	-0.01061849366	0.04239525053	0.01182936924	0.0369267146	0.1195792397	0.04359962192	-0.01538668792	-0.2055270996	-0.1897759413	-0.1806118971	-0.184421335	-0.165719946	-0.1527185491	-0.18372046	-0.2013880693	-0.176449581	-0.1595082512	-0.1839044748	0.2456788005	0.1731865105	-0.1374216091	0.0383082254	0.08141226873	-0.1646003276	-0.1536703286	-0.1619348382	-0.1894482864	0.04904326328	-0.1630820225	0.1079104308	0.2211156576	-0.03398859987	0.1729163122	-0.09155342813	0.1138623035	0.09751027558	0.1311137669	0.1335278466	0.1727286958	0.1178826305	-0.2002862977	0.0411513185	-0.139911168	0.1412618168	0.09694053395	0.8482881499	0.07775526488	0.1442066831	0.09575457907	0.1408783222	-0.1483246109	-0.1004888981	-0.09091722279	0.05267914563	0.06165308416	0.1749910164	-0.1633110167	-0.1660752334	-0.2312674658	0.1080202758	-0.1668956279	0.1522466064	0.1634243309	0.2015410659	0.08341260363	0.1704480938	0.1402845662	0.1023294755	0.01460361776	-0.0433839723	-0.04127610142	-0.02092888952	-0.009223687623	-0.04852627764	0.01548928191	-0.01600809255	-0.02165480515	0.1117767633	-0.02336507772	-0.06890988421	-0.05215933321	-0.06169168612	-0.03485607181	-0.07246341796	-0.0142696187	-0.0663778151	-0.07591184967	-0.02184961259	-0.004401053664	-0.07364482864	-0.03861557745	0.1055823817	-0.08761947542	-0.06586387201	-0.06581642083	-0.06543248614	-0.005898654878	-0.007927812685	-0.04562686962	0.04363517868	0.2254920742	0.01602339967	-0.005787941731	-0.01529619371	-0.03944533639	0.1658423229	0.08279276136	-0.04152480251	0.007850997472	0.06921473935	0.02813973403	-0.04908954047	-0.04004481279	-0.03242513258	-0.01906316746	-0.001992874046	0.007126220409	-0.08004935626	-0.08397085845	0.08623744067	0.02917424941	0.004344694268	0.04164199003	0.006387090104	-0.1973450751	0.01714124652	-0.03867334443	-0.04856005263	-0.07351024341	-0.08136661903	-0.04777319929	-0.06141210703	-0.01721241929	0.02631639288	-0.0660404889	-0.07013848778	-0.05710564315	-0.04033969309	0.1249776848	-0.03358159074	-0.03730117277	-0.02246636623	-0.01539918362	0.008115585475	0.07582515778	-0.05782841574	0.08113944765	-0.05627865623	-0.02546091135	-0.01856413702	0.02960721458	-0.01660938958	-0.04266198475	0.1429631306	-0.01482567513	-0.02964391758	-0.02963295879	0.006233383234	-0.04442721697	0.04047123912	0.03597145521	-0.05270269084	0.04960481172	-0.04703595708	0.005911576191	-0.05032468545	-0.0585695432	-0.05561036006	-0.03819695238	-0.05222773433	0.02070672682	0.03815274756	0.1127271311	-0.003656419477	-0.07088529768	-0.02471892515	-0.03856696115	9.157000235e-05	-0.01172696066	-0.02918357863	-0.02548039577	-0.03051772314	0.01793997301	-0.009942256422	-0.02116800587	-0.02209503133	-0.01986688095	-0.03198109628	-0.06495639864	0.009664592461	0.04592042502	0.02898945637	0.02563819322	0.01762614239	0.0564256532	0.03108125037	0.0739292749	-0.03039615017	-0.01185037253	-0.02432033929	-0.09600081658	-0.006040059524	0.09223257813	-0.02854346478	0.2049548175	0.09026178571	0.1306849612	0.189470667	0.1701974564	-0.03248350845	0.09871733371	-0.04224599178	-0.005616634157	-0.04652170424	-0.09021041233	-0.03802286354	0.1898678113	-0.1826664464	-0.04796094063	0.08431886016	-0.006049776654	0.08985467205	-0.06159728665	0.12427854	0.02950483462	0.1432376341	-0.1911062014	0.05882537885	0.01760716484
-0.1099773842	-0.03083457014	-0.05015148871	-0.1115458727	-0.08662122428	-0.03333492366	-0.06849871473	-0.09523274072	-0.07074745788	-0.01931355401	0.01140112787	0.01302549351	-0.01008225098	0.2442408733	0.258063261	-0.00953521214	-0.01123980981	0.00432304192	0.3612612018	-0.01269422725	0.1519449299	0.09463911645	0.3328364463	0.2341275951	0.2335691337	0.2446024574	0.2314934129	0.2243687756	0.2620726002	0.2225189999	0.2619901494	0.1020393078	0.02649389807	0.0918863765	0.05006441254	0.2186417456	-0.09578865599	-0.1157409412	-0.1114495751	-0.07011599951	-0.0132736051	-0.04293826654	0.001328773925	0.1845586848	0.25143411	0.06777907682	0.1469668745	0.07775526488	1.120170042	0.139063237	0.2884603579	0.06013533175	0.2114820437	0.2451102134	0.2361735667	0.2499941717	0.25393673	0.1163604656	0.007221596434	-0.02717536776	-0.01581331024	0.1205832344	0.2358000393	0.08174141415	0.06607963433	0.08175209102	0.002173558085	-0.03332676985	-0.09304551418	-0.1195826569	-0.09307094502	-0.109010881	-0.1088002678	-0.08169400512	-0.07142354393	-0.09691991546	0.01387669134	-0.04175769011	-0.1189261671	-0.09249401081	0.0495924035	-0.01256733159	-0.1214784383	-0.02423849645	-0.06877261239	-0.1199538545	-0.05229850535	-0.06531948823	-0.07892918503	0.06561962818	-0.0273961897	-0.08157028825	0.02432866207	-0.1128069556	-0.07608206391	-0.07137163191	-0.08720919616	-0.06720373214	-0.1171988596	-0.0467395236	-0.06318907626	-0.09887305567	-0.04052044212	-0.02288474868	-0.06044163732	-0.0546430326	-0.04041750596	-0.02045479553	0.002072155278	-0.03492066416	-0.1099985312	-0.04275940186	-0.07611539753	-0.08198356755	-0.1028389349	-0.03091711565	-0.05912833391	-0.0874512176	-0.07655643954	-0.09507007958	-0.07468952891	-0.03220755958	0.02098134144	0.08372086016	0.02728751157	-0.04360034363	4.584223362e-05	-0.09432856994	-0.04266447301	-0.006171945395	-0.07148668913	-0.08025351908	-0.1137827467	-0.08154394837	-0.06377533698	-0.09279040396	-0.05228895244	-0.08656726398	-0.08295631377	-0.05298280712	-0.04468344232	-0.08915469705	-0.05672561448	-0.1061586245	-0.1009819878	-0.0704786	-0.09834457443	-0.07464099843	-0.08336460359	-0.06072427394	-0.0003706256941	-0.01011652902	0.009288467129	0.0366765772	0.02375735526	0.08412322667	0.03388379607	0.1007788826	0.01463661106	0.0768745165	0.01780615897	-0.04224067336	0.1080603377	-0.1011406748	-0.1087354154	-0.06476439663	0.1205774957	-0.04463365821	0.009939142175	0.02617571934	-0.01347651739	0.1070200351	0.003583060514	-0.1009614515	0.04656034392	-0.02750697261	-0.03384836888	-0.07777200364	-0.1500813678	-0.1016368615	-0.01905899023	-0.07632282134	-0.1188225538	-0.1142695731	-0.02120934762	-0.08597382911	-0.09878815962	-0.1132046781	-0.1270616596	-0.09395526594	-0.07518317965	-0.09360039221	-0.04908873086	-0.02991730295	-0.02884880721	-0.03230509173	0.0312781567	-0.1010327783	0.05331623615	-0.05145157377	0.002257297529	0.01677073729	-0.04057991488	-0.03021888264	-0.0271289661	0.007052200453	-0.03291565564	0.0005926974116	0.01996624409	0.04774233715	0.08953420692	-0.1287673768	-0.09452404049	-0.06083545202	0.006669184634	-0.127174678	-0.1149016283	-0.0377006238	0.08721256626	0.05484656606	0.05261850898	-0.05789215945	-0.06605093129	-0.05367616286	-0.09088328048	0.213434077	-0.02395146327	-0.01142329809	0.06520066551	-0.1206041887	-0.09100874989
-0.09139709741	-0.02001963126	-0.02577625829	-0.05327305647	0.05799031827	0.00504055103	0.105717362	0.08218458579	-0.08049678759	-0.1984125444	-0.1771643703	-0.177171286	-0.1818909682	-0.140349099	-0.08081478542	-0.1431895648	-0.1896704893	-0.189815087	-0.01973996337	-0.1610178669	0.5093704839	0.4903803234	-0.05133701248	0.07535549859	0.1169059232	-0.1276081145	-0.1505773245	-0.1277801795	-0.1220455294	0.1403621799	-0.1328904412	0.3719489213	0.3515719413	0.02825057027	0.3501466123	-0.09633633375	0.02133670428	-0.01005113553	-0.007885155398	0.1204888098	0.153343138	0.1218792777	-0.1503563789	0.103885782	-0.1002814478	0.290817135	0.1609528132	0.1442066831	0.139063237	0.9883106648	0.1811694346	0.2755878821	-0.1019244456	-0.09235335555	-0.07992489412	0.1460900094	0.121257781	0.4512150524	-0.1869336374	-0.1712226086	-0.1690230375	0.4039604734	-0.09974103901	0.3300010241	0.3439628461	0.2444017177	0.02465018137	0.03755559405	0.06754940876	0.005520550357	-0.0442871151	-0.1227340574	-0.1209640953	-0.04619909542	-0.05524853884	-0.07871675721	-0.06497427775	-0.08119646617	-0.08270128449	-0.005824639672	-0.04443768116	-0.05354896519	-0.1000885009	-0.05273639845	-0.08555202189	-0.09483254765	-0.04954087448	-0.05527707428	-0.05214109312	0.00637529204	-0.07960320036	-0.04109506326	0.04094090417	-0.05016478618	-0.06288735894	-0.06729152333	-0.07057951105	-0.04282029671	-0.0911089674	-0.06546281362	-0.02265986603	-0.0612144754	0.04384973969	-0.06584647558	-0.007742218656	-0.02449168913	-0.01646907656	-0.05543094812	0.001977546217	-0.07894955236	-0.08499959043	0.1149325244	0.03818050784	-0.09354571195	-0.09139643708	-0.0443713384	-0.07526413232	-0.07559856398	-0.08121707795	-0.08976023561	-0.05350879005	-0.04453117388	-0.03981323535	-0.02215836646	-0.04110811711	0.08907446941	-0.148241255	-0.05254511054	-0.01751078902	-0.0007761090156	-0.05118426061	-0.06508427722	-0.08201641586	-0.065412284	-0.005403822179	0.007744538209	-0.03376916182	-0.07047952618	-0.05350234959	-0.04157610209	0.03910961887	-0.05915673579	-0.0766199162	-0.08562829067	-0.05423825896	-0.07545019251	0.03469842643	-0.1047810722	0.06785314762	-0.0738142635	0.05393013416	0.1159154284	-0.05052836086	0.08027310738	-0.05426469498	0.1132429242	-0.0316432306	-0.02712262014	-0.06488061617	-0.02338910441	-0.01573253779	-0.02256670321	-0.003781040143	-0.07866494279	-0.04454134565	-0.05729020904	0.02476611074	-0.04540556241	-0.04113321004	-0.03471084729	-0.01718509347	0.002549247963	-0.06367948155	-0.0677514912	0.07732478705	-0.03933110699	-0.04378107719	-0.0617524875	-0.09495860313	-0.09050752147	-0.03670583828	-0.08614602572	-0.07872566162	-0.0849149017	-0.08085715908	-0.07925064464	-0.05524462251	-0.07934347552	-0.05247643992	-0.08301340883	-0.05412552507	-0.06727747882	-0.02793272889	0.01288983562	0.008469259627	-0.008162818234	0.008479809269	0.0218118411	0.01459505362	-0.05724406796	-0.0635617351	-0.03339014223	-0.04474682133	-0.05055574498	0.1680223903	0.05866718528	0.04743977364	0.09692077556	0.2097431079	0.4482983743	0.5779173194	-0.05289085948	0.0144744041	-0.09034342388	-0.02637328891	-0.08154532426	-0.07830977117	-0.04806453348	0.4638661171	-0.0517105831	0.03292461749	-0.04245316913	-0.03499578509	0.07463416055	-0.07360242006	0.09160613398	-0.01290618697	0.2583605248	-0.06998098943	-0.06322895629	-0.04185499334
-0.04757816512	-0.02282589787	-0.03395443966	-0.07487642253	-0.02360686723	0.01653622557	-0.03826919707	-0.05242790936	-0.0315652972	-0.1518082422	-0.1208865862	-0.1227806328	-0.1377657459	-0.03437139864	-0.03881189572	-0.1382504175	-0.1306859557	-0.1083081316	0.04700272825	-0.1470911691	0.2151905272	0.1373559249	-0.03675590053	0.3542006201	0.3711099857	-0.05723166496	-0.06655637409	-0.0426121577	-0.04750932492	0.3677306403	-0.0572965615	0.10875028	0.07573151672	-0.003663663287	0.09909351472	-0.05904497116	-0.05255331129	-0.07854660974	-0.0744975076	0.008913884716	0.06325197943	0.01837777345	-0.1384331656	0.1767102873	-0.08200103084	0.1303841087	0.1970435292	0.09575457907	0.2884603579	0.1811694346	0.8967926698	0.07571132036	-0.0579593567	-0.04141441496	-0.08286323718	0.3780226281	0.3837649643	0.1825431087	-0.1265680129	-0.1349024238	-0.1508877681	0.1624386167	-0.03412855535	0.1062221958	0.1396865736	0.1288477514	-0.002085991281	0.0114987271	-0.06004866834	-0.07802803949	-0.01191696186	-0.04666331648	-0.04487043678	-0.05057459019	-0.05342735231	-0.07525713677	-0.002921879772	-0.03071725393	-0.07104664103	-0.06802241557	0.0583961936	0.00483397728	-0.1121646081	0.03668108685	-0.03321077886	-0.0995801246	-0.02776152804	-0.01953570526	-0.05604953364	0.03974268627	-0.009333076032	-0.05464589475	0.1423662395	-0.07533546381	-0.002191858433	-0.04087606297	-0.03550897121	-0.04935592651	-0.08666329283	-0.01567300567	-0.04603839475	-0.03327497254	-0.002419617498	-0.02899242788	0.004341626946	-0.03289748479	-0.008155294454	-0.01596831766	0.01072560782	-0.005164336712	-0.06489417944	0.02312319	-0.006030546165	-0.0485651487	-0.07856939211	-0.046062003	-0.03474902665	-0.02272521496	-0.04472266605	-0.03763406882	-0.04384598168	0.001291568782	0.01691066267	0.1004456186	0.01265625734	-0.006005918311	-0.1351557746	-0.03297350471	-0.007760517981	-0.004894313873	-0.05898297256	-0.03795082239	-0.03654453291	-0.07218444705	0.01643650584	-0.05311633627	-0.04945455757	-0.0354085361	-0.06590328206	-0.04186418186	-0.0004725759829	-0.05442425145	-0.013798901	-0.08402079247	-0.07163161563	-0.04009946579	-0.05547902091	-0.02866974283	-0.05299637862	-0.02492081686	0.03429876178	0.1033974641	0.01807304689	0.02484919263	0.03996472161	0.1082526206	0.08875440452	0.1164358914	0.01789869166	0.01464692007	0.05530184026	-0.03888287194	0.06986729887	-0.07123041498	-0.05971603833	-0.02980918214	0.03297067249	-0.06577940176	0.003829357873	-0.04413204801	-0.02512041694	0.03560410193	0.04259445101	-0.04668749386	0.08456465647	-0.02465155524	-0.05750526332	-0.0609148541	-0.1043169484	-0.05403328848	-0.02100082818	-0.0435435812	-0.02971830822	-0.07833673632	-0.030016108	0.007525690642	-0.0193360416	-0.05397187057	-0.07777572505	-0.07276802358	-0.07654586231	-0.05524991686	-0.007924046781	0.01270106343	0.006840619475	-0.007233723923	0.06579797564	-0.05684653964	0.08903564537	0.005951991566	0.04529166447	0.06207243345	-0.05516513704	-0.02406331302	0.03248816372	0.03252861531	0.0204475779	0.07526365084	0.07145011225	0.08381626083	0.1455382126	-0.07910321125	-0.05858222728	-0.03381572019	0.01837437809	-0.05973001655	-0.1044848139	-0.01083740799	0.1826590099	-0.05971514314	-0.02174635161	-0.03070107995	-0.03359515086	-0.006456007646	-0.0474314017	0.209762262	0.001673906257	0.02890027487	-0.08365489625	-0.05471443693	-0.03864864099
-0.06783286914	-0.0009148160687	-0.03670847968	-0.05755962508	-0.03651978758	-0.05119513427	0.03931178506	0.05013796806	-0.05447971496	-0.1824816078	-0.1954767652	-0.1834394002	-0.1947168765	-0.1332368757	-0.1125776213	-0.192669994	-0.1585302534	-0.2030752514	-0.1244531424	-0.1494806101	0.2758243803	0.4284249544	-0.1347049492	0.09591183888	0.05417435062	-0.06717666044	-0.09421076464	-0.1332294386	-0.06042080005	0.07067849483	-0.08112519292	0.352556119	0.212595575	-0.01875990202	0.2995496893	-0.0983355779	-0.03026671126	-0.01510352294	-0.02198183533	-0.01509565535	0.07132569815	-0.02488673501	-0.1206580337	0.09520107707	-0.08821790062	0.08447042464	0.127063532	0.1408783222	0.06013533175	0.2755878821	0.07571132036	0.9284902994	-0.1299394614	-0.08108002577	-0.08290998312	0.06853673052	0.04206566393	0.2099886142	-0.1041133093	-0.1223338917	-0.133121992	0.2344279712	-0.1201238184	0.1806000986	0.2888245892	0.6578914461	-0.02495460736	0.07552253469	0.00192570387	-0.02382058502	-0.02654687445	0.03249927427	0.0328944568	-0.05943569305	-0.04684958053	-0.06030533644	-0.02059346247	0.08169214382	-0.07267844734	-0.04304232206	-0.08895890737	-0.08704918096	-0.01656605493	-0.07092855688	-0.08403370716	-0.0129354367	0.02656199727	-0.06178877703	-0.09039504593	0.003632968074	0.006662696169	-0.04182538984	-0.02398490743	-0.02175960436	-0.04912105304	-0.05227786621	-0.05919152979	-0.09216917238	0.02199571153	0.08203989534	-0.07754582015	-0.02915377173	0.04062578536	0.03039031153	-0.08796414189	-0.006304985593	-0.0508086031	-0.02815026866	0.04701347939	-0.08983969595	-0.05771032146	-0.05497833828	-0.04281707967	-0.07397017799	-0.06565285006	-0.04825193083	-0.05566039868	-0.07867863113	-0.08289465365	-0.05224857458	-0.08378874084	-0.03830159397	-0.01981975846	-0.002949440484	-0.006180452914	0.09440974994	-0.1171167306	-0.02829095624	-0.04362942771	-0.03460305514	-0.01455211047	-0.08312509826	-0.07352804766	-0.09163294176	0.08403703857	0.07945555524	0.05981054627	-0.05959486986	0.01246014404	-0.03738412217	-0.02059546991	-0.05145509763	-0.07864966019	-0.06872251536	-0.06173841414	-0.08015731596	-0.01268117501	-0.06092134484	-0.01606820761	-0.08518877951	-0.04187508971	0.1512137893	-0.01410398354	0.05770507121	-0.003721085649	0.1008612979	0.03363695293	0.01431900658	-0.03573763881	0.04265278628	0.09873950032	-0.0381876526	0.07658099276	-0.07659518805	-0.03246536838	-0.0680214832	-0.0237459924	0.05691545893	0.0839124358	-0.01625285734	0.05555351305	0.0006823728267	-0.02153679472	-0.0299769614	0.04753012759	-0.001539209276	0.04926434652	0.01471914543	0.01156203399	-0.05896838434	0.0006517940642	-0.07123059133	0.02975904476	0.0586270875	-0.04788312965	-0.08472682428	-0.04643823151	-0.03852436286	-0.05148416479	-0.06872364256	-0.003890199433	-0.03796554383	0.07241050298	0.1358614128	0.14235717	0.05955061402	0.0114957424	-0.04206168067	0.05051915895	-0.07167789984	-0.03508288117	-0.04860126532	-0.05467970156	-0.07714272803	0.164898923	-0.08008347592	0.0470522008	0.09210428484	0.1344888064	0.2868640179	0.222469121	-0.05911866723	0.0165140409	-0.02959915748	-0.03710014898	0.03649411655	-0.02548525061	-0.06105818792	0.2707888268	-0.1759543677	0.004476545949	0.05070819279	0.1431630639	-0.0594286435	-0.05820258868	0.1080757774	-0.02337357387	0.1105625269	-0.1307474839	-0.04144496328	0.04236374764
-0.2550392918	-0.3038890457	-0.2374129797	-0.3077390409	-0.240025328	-0.2496370373	-0.245130966	-0.2890111109	-0.3231932275	0.9937647434	0.939562927	0.9579533129	0.887766772	2.299740599	2.191425581	0.9152678344	0.9872475113	1.006340294	2.116940071	0.8935950696	-0.1340495447	-0.1868134547	2.143436168	-0.006613481662	-0.0445152771	2.307156283	2.337262805	2.335347729	2.159214587	-0.0617323186	2.187853863	-0.03885901384	-0.1831872171	0.752643638	-0.01920456822	2.390336519	-0.3183186788	-0.3355337914	-0.3353578392	-0.2417790964	-0.1549260745	-0.3277499584	0.9433705489	0.08456862642	2.379151157	-0.2370261404	0.01450306561	-0.1483246109	0.2114820437	-0.1019244456	-0.0579593567	-0.1299394614	2.828468656	2.155585392	2.198016379	-0.05003541708	-0.07746596377	-0.1772438085	0.9494680262	0.9909844403	0.9278239087	-0.1326061095	2.276113321	-0.1222481891	-0.1212946237	-0.1000137123	-0.2490741349	-0.2137383386	-0.3091186344	-0.3306434356	-0.318070234	-0.2899761102	-0.2892879997	-0.3410871289	-0.3187045281	-0.3354940341	-0.2892942695	-0.2957181059	-0.3414739545	-0.3312789293	-0.259448151	-0.2807100382	-0.3292871142	-0.2226178348	-0.3283263246	-0.3218978467	-0.2547273423	-0.2973026206	-0.3210909404	-0.2111755079	-0.1993852511	-0.3005811683	-0.267949599	-0.3466756723	-0.2907743319	-0.3271172598	-0.3236320936	-0.3130228541	-0.3225517171	-0.3309572044	-0.3107471801	-0.3289138804	-0.2477521961	-0.2931346025	-0.2745351148	-0.2682669504	-0.3219763935	-0.2949210007	-0.2748577848	-0.25008655	-0.3190759817	-0.3342629963	-0.2440123448	-0.3329698257	-0.3252796109	-0.3465847927	-0.3359099082	-0.3047807479	-0.3248345674	-0.3116738032	-0.3242073365	-0.2945291475	-0.2839622224	-0.2263116754	-0.2711062204	-0.2278751059	0.9157127442	-0.2858537744	-0.3220963228	-0.3102726859	-0.2923286817	-0.3204293498	-0.2803684134	-0.3220897782	-0.2832093909	-0.2844694232	-0.229201382	-0.322794072	-0.3206144303	-0.2451973006	-0.2729839719	-0.2860624214	-0.3140169268	-0.3296292213	-0.3432517761	-0.3307609749	-0.3301852335	-0.3288263106	-0.3033347883	-0.3158317442	-0.3071342492	-0.1614644448	-0.2727851801	-0.229620544	-0.2019489212	-0.1209229043	-0.1811996142	-0.08650263184	-0.1595592657	-0.1889048391	-0.1105103	-0.3084699272	-0.1332758674	-0.3276257781	-0.3309664179	-0.2893028927	0.05326968343	-0.2303754838	-0.1267321073	-0.1946826415	-0.2155583989	-0.0312775586	-0.1919785012	-0.3331992429	-0.170141856	-0.2881957575	-0.2286445351	-0.303882106	-0.339284404	-0.3373786952	-0.2155194642	-0.2896684597	-0.2953730865	-0.3391030395	-0.2855613226	-0.232158097	-0.2369725434	-0.326339111	-0.3364688707	-0.3316218049	-0.3145914524	-0.3288351154	-0.2796765706	-0.2625942445	-0.2770586372	-0.2786970238	-0.2533481337	-0.2690324157	-0.2238210574	-0.3153664599	-0.300297483	-0.2830712779	-0.3149790647	-0.3234221993	-0.2294707837	-0.288605184	-0.2478604089	-0.04804230542	-0.1915869659	-0.1494996672	-0.1625070912	-0.3282643268	-0.3056480646	-0.3072826337	-0.2270250154	-0.3280786122	-0.316842695	-0.2925969573	-0.1840270035	0.8811852149	0.7544379396	-0.3085435362	-0.3064216759	-0.343475679	-0.3285246075	0.06040823065	-0.3094664833	-0.1942330424	0.8724725551	-0.2856066348	-0.2567996584
-0.2780876361	-0.2844095223	-0.2623581211	-0.3012499169	-0.2248806093	-0.2460693818	-0.2462762267	-0.3048170872	-0.3128181842	0.9294297489	0.9429986075	0.9593871975	0.8432862356	2.247961205	2.12598805	0.8791207985	0.8758693949	0.9155976808	2.021016978	0.8559730513	-0.1077595396	-0.1308506152	2.175816596	-0.02486516027	-0.02802926219	2.179220107	2.188657642	2.205232848	2.166086997	-0.04738174981	2.211093971	-0.04721816792	-0.1854215539	0.7637523409	0.01595948902	2.355933667	-0.3061498031	-0.3267013701	-0.3260221011	-0.2233408385	-0.1157801556	-0.3268506016	0.8410713233	0.1054945559	2.223308656	-0.2287889172	0.02929625223	-0.1004888981	0.2451102134	-0.09235335555	-0.04141441496	-0.08108002577	2.155585392	2.753875153	2.358491793	-0.04784225876	-0.04748490682	-0.1352105306	0.859424161	0.8849222015	0.8293992686	-0.1189211466	2.161694479	-0.04828030511	-0.06160956042	-0.05508454431	-0.2335840824	-0.187222387	-0.2790678448	-0.3134522923	-0.3090084877	-0.2823947358	-0.2819491613	-0.3286178496	-0.3093312843	-0.325204121	-0.2668979291	-0.2852690508	-0.3359037475	-0.3191807809	-0.2321643859	-0.2653918324	-0.309860057	-0.2290496591	-0.3178936986	-0.3028002264	-0.245556335	-0.2838376212	-0.3161017185	-0.2276130881	-0.2197666848	-0.3194564613	-0.2451342159	-0.3325868394	-0.2682400437	-0.3213199151	-0.3167862281	-0.2986751889	-0.3119102824	-0.3109320057	-0.2953726886	-0.3208546198	-0.2246971702	-0.2838155285	-0.2502227554	-0.2615293654	-0.3125925172	-0.2968869813	-0.2518351311	-0.2873048368	-0.3047702965	-0.3278501925	-0.2622333341	-0.3264322747	-0.3085028686	-0.3242859934	-0.3264733425	-0.3221638655	-0.3124335622	-0.2991862535	-0.3176921352	-0.3021593898	-0.2771650569	-0.2221027152	-0.248076156	-0.218939161	0.8181864162	-0.3100714133	-0.3135069218	-0.3306046366	-0.2756217304	-0.3163664269	-0.2628861281	-0.303998183	-0.2365522974	-0.2629129613	-0.2253459428	-0.3160106565	-0.302361202	-0.249668057	-0.2464752039	-0.3087986367	-0.3024564592	-0.3229673305	-0.3313822679	-0.3163956497	-0.3162449685	-0.3223678014	-0.2745527512	-0.3004774473	-0.3196412376	-0.1862986231	-0.2659737665	-0.2420715819	-0.2211163683	-0.09876034956	-0.1919000698	-0.09860026767	-0.2128321741	-0.2007086876	-0.1311268506	-0.281891428	-0.1255515295	-0.3088701833	-0.312385868	-0.3292625756	0.01619245325	-0.2537706769	-0.1337556063	-0.2154940277	-0.2393729425	-0.06679265784	-0.1868543486	-0.3247028512	-0.1369777201	-0.3214787494	-0.2529807123	-0.2978896719	-0.3366412299	-0.3314786802	-0.239293677	-0.3168810694	-0.2810864893	-0.3204529196	-0.3070657697	-0.2531505216	-0.2800510133	-0.3188845218	-0.3281185223	-0.3177582821	-0.298994247	-0.310178183	-0.261832093	-0.2122698228	-0.2309633127	-0.2484346323	-0.2152779938	-0.2988071296	-0.1824707099	-0.2936685941	-0.2761625846	-0.2606495877	-0.3309630805	-0.3082223996	-0.1766898432	-0.3193873469	-0.2193122644	-0.002735892413	-0.1237839385	-0.1015861384	-0.1441716902	-0.3194059278	-0.2944170393	-0.2951703298	-0.1975164508	-0.3203792242	-0.3000089598	-0.2733816427	-0.176070532	0.7943940644	0.7607455195	-0.3137024159	-0.2874627674	-0.33315094	-0.3199079726	0.08648061048	-0.289508315	-0.177953865	0.7773369242	-0.2995142548	-0.2756957241
-0.2698108371	-0.2798289056	-0.2510245504	-0.280519772	-0.2161242674	-0.2286952762	-0.2348223503	-0.3015629414	-0.288592218	0.8623363979	0.8309160612	0.8572494993	0.830694724	2.246507229	2.068267847	0.8841913177	0.8295360516	0.8722954554	2.014160056	0.8569412207	-0.09526723385	-0.1447382324	2.103104273	-0.06076704373	-0.07489150712	2.209896995	2.230221963	2.22251976	2.105232036	-0.0942783313	2.115298662	-0.04947948936	-0.1858543678	0.7323354955	0.04048247124	2.422425589	-0.2900922888	-0.3115147204	-0.3109422949	-0.2039277378	-0.1165143741	-0.3048315159	0.7777213779	0.02799125335	2.266273909	-0.2134444881	0.02990425229	-0.09091722279	0.2361735667	-0.07992489412	-0.08286323718	-0.08290998312	2.198016379	2.358491793	2.717192317	-0.08348807015	-0.08593220646	-0.1416966512	0.8114786626	0.8348581416	0.7926768116	-0.08897026968	2.135309758	-0.03529739007	-0.06629201645	-0.02926416446	-0.2785198048	-0.2021606184	-0.2818072888	-0.309242452	-0.2982105873	-0.2977955546	-0.2970234224	-0.3205402954	-0.297239662	-0.3124046105	-0.2606941398	-0.2692177753	-0.3269700007	-0.3048802583	-0.2656641655	-0.2919490826	-0.3023186576	-0.2214795158	-0.3026748718	-0.2963469035	-0.2440691004	-0.2780935183	-0.299944183	-0.2404259731	-0.2117355003	-0.3056001377	-0.2312983473	-0.3139500542	-0.2900789025	-0.3074377099	-0.3030316467	-0.2893135191	-0.3000383388	-0.2975757229	-0.2850613866	-0.312471016	-0.227102259	-0.2686418448	-0.2465938538	-0.2258882605	-0.2967051511	-0.2692393056	-0.2516406831	-0.2728899466	-0.2957733521	-0.305922056	-0.2499674162	-0.3128765805	-0.3031475142	-0.3117544624	-0.3099726846	-0.3151668343	-0.3057946432	-0.2922244386	-0.3013352029	-0.2986622763	-0.2442339699	-0.2446968748	-0.2419998769	-0.2313930064	0.757640144	-0.3006714719	-0.2971738113	-0.3080983807	-0.2661991885	-0.3001028281	-0.2554687983	-0.2959043748	-0.249737546	-0.2439794246	-0.2121459163	-0.3020518279	-0.283742431	-0.2594892807	-0.2506412358	-0.2975047031	-0.2943918821	-0.3190875307	-0.3216038613	-0.3062588997	-0.3113331747	-0.3115541003	-0.2782517208	-0.2924512965	-0.3003843998	-0.1744756579	-0.2574229541	-0.2342643927	-0.1912860161	-0.1281676742	-0.2007482857	-0.1045014882	-0.1817252969	-0.1929745946	-0.1130545837	-0.2668902244	-0.1224291544	-0.3022903371	-0.3022115379	-0.3099309378	0.01801025808	-0.2272318801	-0.1422934816	-0.1879726854	-0.2167814077	-0.0730409049	-0.1764471692	-0.3161085081	-0.1707090031	-0.3065537878	-0.2253126691	-0.2824786603	-0.3293404135	-0.3215956871	-0.2220302511	-0.3019796096	-0.2765826547	-0.3094780395	-0.2867011126	-0.2381685936	-0.2646383929	-0.3033623766	-0.2993407638	-0.306442632	-0.2935411963	-0.3019476807	-0.2582798535	-0.2216124527	-0.2469707079	-0.2529929892	-0.2414037485	-0.2868016578	-0.2075202436	-0.3237428107	-0.2989991127	-0.283190452	-0.3058536268	-0.3001187282	-0.1885545688	-0.3007312868	-0.2481652717	-0.05531837211	-0.1284717862	-0.1063949157	-0.1436666725	-0.2904699099	-0.2897666721	-0.2903720295	-0.2288845553	-0.3043331583	-0.290738617	-0.2726015549	-0.1723915303	0.7633601981	0.7326941199	-0.3097058332	-0.2811529201	-0.3121950141	-0.3049757691	0.09027980289	-0.2729687108	-0.1628645872	0.7089620873	-0.2915358811	-0.2512530881
-0.0499820814	0.003397831075	-0.06641826558	-0.07767481749	-0.02983998702	0.009671244875	-0.02945431925	-0.04199178098	-0.06915009488	-0.09046472344	-0.08303941808	-0.07053603644	-0.07836020613	-0.01624827356	-0.0321597394	-0.09274906377	-0.08587286491	-0.1068561345	0.05920426667	-0.1097307301	0.1674538012	0.1400062158	-0.02418809864	0.5368570404	0.5614277012	-0.01827446488	-0.06515199542	-0.03485870934	-0.02254202507	0.8371259847	-0.04394904247	0.1317647092	0.05312485106	0.02312039692	0.06845669217	-0.05924378857	-0.07740109301	-0.1090336191	-0.1062130128	-0.01437042254	0.02072206149	-0.01928758864	-0.1124243499	0.1934902514	-0.03685148649	0.09149026385	0.1376333883	0.05267914563	0.2499941717	0.1460900094	0.3780226281	0.06853673052	-0.05003541708	-0.04784225876	-0.08348807015	0.9341068415	0.8346810419	0.1496721977	-0.03028930891	-0.05328888753	-0.09754491818	0.09330532299	-0.02496100375	0.09059196751	0.1192508381	0.08122554881	0.002953091407	-0.000803287283	-0.09517098581	-0.1145590232	-0.04901230863	-0.06337493285	-0.06207223004	-0.07232308631	-0.07207470251	-0.09001616785	-0.004490005201	-0.02103653671	-0.0973115749	-0.07835346459	0.09340590857	-0.01024227894	-0.1150800365	0.02612647946	-0.07175153844	-0.1064407027	-0.02502344576	-0.05147888256	-0.07602931974	0.0939842605	-0.0117909316	-0.05365470035	0.1175762812	-0.1115023875	-0.04422735417	-0.05816362708	-0.07517362734	-0.0699215349	-0.09822359782	-0.02904047108	-0.07210541011	-0.08403554511	-0.05409147981	0.006180094135	-0.02522343351	-0.04722653856	-0.03406834809	-0.0143063944	0.02148813383	-0.01637268787	-0.09957051524	-0.007034557948	-0.0310785373	-0.074121272	-0.08717247395	-0.0404259612	-0.05299857476	-0.06499874241	-0.01255660061	-0.06702821864	-0.06264416047	-0.01510625639	0.01746929723	0.1236640375	0.00288086695	-0.001788984598	-0.1119017341	-0.06501425951	-0.03637495661	0.01568423884	-0.0684202882	-0.079063113	-0.0398240659	-0.07934755593	-0.006697711006	-0.09957571901	0.002769509353	-0.07477529644	-0.0764799072	-0.004694105529	-0.04196662676	-0.06871013125	-0.05541714675	-0.1062886006	-0.09081926836	-0.01336317367	-0.1035850064	-0.06170366318	-0.08736776397	-0.0591006183	0.05650127054	0.07206730748	-0.01372360493	0.05212912318	0.04706055249	0.1196647895	0.1177793749	0.1325139548	0.04104954356	0.03742440822	0.06592684686	-0.03197637094	0.1205962945	-0.09292694762	-0.1067512334	-0.06707300838	0.1033443643	-0.02355848938	0.03169882373	0.005721541175	0.01831467235	0.08395295059	0.06089406935	-0.09294137593	0.06360681486	-0.03208633111	-0.01407607464	-0.08279342208	-0.1120496607	-0.07736332817	0.02185006686	-0.05674234069	-0.04862485657	-0.09518516021	-0.01106657195	-0.03329219344	-0.01709602138	-0.09280435995	-0.1076030101	-0.08967010723	-0.07811216483	-0.08203813298	-0.02318138554	0.01160963449	-0.0171423394	-0.02174056854	0.05467202196	-0.07019546014	0.1045151834	-0.03818985722	0.04885832789	0.05798365366	-0.04396028849	-0.05982426579	-0.01901070125	0.04575582225	-0.01198212411	0.1291834781	0.05321899631	0.07587315348	0.1287708655	-0.1050529356	-0.09090693091	-0.04864788565	0.02788891358	-0.09892651734	-0.1106819108	-0.03377112788	0.1324005422	-0.05680993073	0.0534853496	-0.04278584522	-0.0440729472	-0.01937878537	-0.05997810216	0.1879679158	-0.01270034216	-0.01945853771	0.01571410413	-0.08768649513	-0.05708377857
-0.04392619336	0.01257403795	-0.05676249952	-0.06898110907	-0.02044459357	0.02178116494	-0.04966047676	-0.06394949181	-0.0561679417	-0.0924583947	-0.08292773607	-0.07710393116	-0.08296811578	-0.01486965735	-0.06314289582	-0.09756012451	-0.08640470047	-0.1098829956	0.02908631264	-0.1086322041	0.1377150335	0.1133504222	-0.02316386927	0.5463846998	0.571778837	-0.05227012497	-0.07043927575	-0.03309759568	-0.05428859944	0.7431627319	-0.04065221201	0.1098609054	0.03279611433	0.006769505964	0.05047173587	-0.06113091738	-0.06378927956	-0.09401799444	-0.0909916053	-0.001132097198	0.02722781386	-0.005278543185	-0.1187777279	0.1794557196	-0.06933591869	0.1052467956	0.1415492739	0.06165308416	0.25393673	0.121257781	0.3837649643	0.04206566393	-0.07746596377	-0.04748490682	-0.08593220646	0.8346810419	0.9174052716	0.1605865041	-0.06094563264	-0.08566975384	-0.1055732417	0.1067003365	-0.02427230968	0.09458663383	0.09388666808	0.05956138399	0.01844635621	0.01480556699	-0.07997612267	-0.09968408494	-0.03784555638	-0.04812716839	-0.04707235569	-0.06851043133	-0.0613333829	-0.08123290692	0.003697009636	-0.006824843231	-0.08791512774	-0.06326242991	0.100654508	-0.007981677647	-0.111096784	0.03525808138	-0.06137498309	-0.1028267282	-0.01836716818	-0.04339103903	-0.07102014875	0.0728340385	-0.01463656865	-0.07699077043	0.1266605393	-0.09583090024	-0.03038761757	-0.05597151147	-0.07297752623	-0.06971475366	-0.08775858288	-0.01142589722	-0.06965335627	-0.07576069229	-0.04345701581	0.01385583175	-0.01462463508	-0.04355757459	-0.028253813	0.001277442657	0.03092899855	-0.01099919238	-0.09372266166	0.005521041876	-0.0248232164	-0.06512071755	-0.08330324036	-0.03411679342	-0.03510099769	-0.05818324251	-0.002596522542	-0.06275289059	-0.05777694091	-0.004068300445	0.02833279747	0.1367768793	0.00614132762	0.003031499178	-0.1178697409	-0.05859353199	-0.02995023506	-0.007436890505	-0.06815839392	-0.07349686131	-0.03992869323	-0.08060677603	-0.002347771774	-0.09361894045	-0.02447565726	-0.07253909511	-0.06522537218	-0.02817288891	-0.02871997382	-0.06132884411	-0.04258522133	-0.09538604554	-0.07999706653	-0.003666267133	-0.08852217341	-0.05226629531	-0.07686592805	-0.05506594693	0.04185684005	0.05472042646	-0.01201678176	0.03430386157	0.0276398021	0.1033764988	0.09914037889	0.1117256404	0.02216225545	0.02203836041	0.04218062229	-0.01694258234	0.08867277208	-0.0893894779	-0.09601189524	-0.05999482434	0.07983892203	-0.04790149064	0.0227173134	-0.01589699637	-0.006245029564	0.05889998732	0.05957138784	-0.08517105781	0.07325985521	-0.01862568642	-0.03862592754	-0.08275782762	-0.09978779885	-0.06862490559	0.0007667203418	-0.04758826538	-0.03641560638	-0.08320351898	-0.002312958284	-0.01930862475	-0.03468270234	-0.08363496304	-0.09516147144	-0.08087409354	-0.07485235912	-0.07569967894	-0.01575233025	0.01946810334	-0.01282092729	-0.0109290284	0.06175195651	-0.0613086619	0.1110892579	-0.0269402413	0.06111117905	0.0698145158	-0.03788473686	-0.04804819171	-0.0138328915	0.05526162019	0.003449808382	0.1108591631	0.05744996864	0.04662653497	0.1075766728	-0.09078423116	-0.07548353719	-0.04043199726	0.03820395773	-0.0816284244	-0.1085485639	-0.02311598928	0.1062021583	-0.08305831927	0.03056850234	-0.02872615161	-0.02951048921	-0.004683633909	-0.04965857502	0.1966554475	-0.003983322732	-0.006588805699	-0.01085375533	-0.08052351139	-0.0498704181
-0.09467066703	-0.004802629692	-0.04072042978	-0.04177734428	0.04080554243	0.04162343308	0.115139173	0.06383828236	-0.04857660696	-0.2191791185	-0.2008548998	-0.1969526246	-0.1924044072	-0.1648940592	-0.1446050119	-0.1816772336	-0.2069854625	-0.1982270183	-0.09051611802	-0.1927778934	0.3793573151	0.4194246443	-0.06488291701	0.1431619975	0.1650873955	-0.1890976025	-0.1725231052	-0.1596008687	-0.1625768051	0.1550677416	-0.1485936208	0.1863914751	0.376705045	-0.01245171729	0.2559777737	-0.1738206795	0.08833428023	0.07016111108	0.0863158544	0.1945849226	0.2183173158	0.2239359751	-0.1911791936	0.1077975743	-0.1777896761	0.3921012931	0.1440080658	0.1749910164	0.1163604656	0.4512150524	0.1825431087	0.2099886142	-0.1772438085	-0.1352105306	-0.1416966512	0.1496721977	0.1605865041	0.9533280027	-0.176371868	-0.2043171517	-0.2062297475	0.2979861962	-0.1401153319	0.289638265	0.3019958978	0.2018741456	0.07765146943	0.1365554906	0.1272677229	0.03613109997	-0.01990330975	-0.1021143201	-0.09818369195	-0.04250243194	-0.07563339608	-0.07706184469	-0.007401522237	-0.0537350216	-0.08342999903	0.07344029257	-0.02814562982	-0.02294656134	-0.09671352558	-0.05077656171	-0.07542804091	-0.09353811898	-0.03666493061	-0.04839492961	-0.04560998714	-0.0008569806064	-0.07915798588	-0.05405950199	0.04138813586	0.02925653508	-0.07973445873	-0.03907160147	-0.04096044523	-0.04486257171	-0.08570074498	-0.04352223632	-0.05415970808	-0.02634052846	0.109400189	-0.05206396457	0.06411140719	-0.008524174595	0.006648606277	-0.04535775333	-0.0007005868696	-0.09150957512	-0.05815398221	0.1492193816	-0.007712392392	-0.07056984049	-0.067511106	-0.03000826898	-0.0485683592	-0.06424752081	-0.08693162908	-0.06999267801	-0.05072065095	-0.03031023536	-0.04804501275	0.01221305393	-0.03366966844	0.03223469227	-0.1886556954	-0.05448015222	0.01113848398	-0.006196172921	-0.05381369144	-0.05196638436	-0.05818763163	-0.05556281359	-0.02453623206	-0.0270236288	-0.06709322895	-0.04035675411	-0.05018256706	-0.08608898823	0.1180985195	-0.02655042289	-0.06066404554	-0.08064570115	-0.06867207894	-0.09119221121	0.05277955921	-0.07798668149	0.1259418468	-0.06751589369	0.02554898537	0.08393075445	-0.02597595195	0.053441511	-0.07461859746	0.1144771095	-0.03779224701	-0.05035249943	-0.0748957548	-0.03884888888	-0.01533588778	0.0241956516	-0.01957425592	-0.06948945554	-0.04527174806	-0.0377721184	-0.02403153533	-0.07688919915	-0.03791639396	-0.05546427851	-0.05592793027	-0.02783379842	-0.06491196105	-0.04096640502	0.0736906786	-0.02198633194	-0.07446525549	-0.06690213898	-0.09492860762	-0.05657134992	-0.05253325599	-0.06983758845	-0.06105522756	-0.05008571248	-0.07306224759	-0.05897289683	-0.08526686742	-0.04465869012	-0.04009936024	-0.07269519252	-0.05382259457	-0.06348766227	-0.01842963242	0.03989365934	0.01062587054	-0.0004628597511	0.02217204297	-0.05066098093	0.04568021396	-0.07834672221	-0.07308637713	-0.03506229479	-0.06122505928	-0.06661586718	0.2240190031	0.02872760849	0.1616234142	0.08912048732	0.1759259044	0.3170638188	0.3749232829	-0.05916882059	0.05124130134	-0.0939807913	-0.01750108367	-0.06064069973	-0.08146991737	-0.0430929908	0.4394844731	-0.1111719232	-0.0255777524	-0.008900220734	-0.02310684184	0.1429323358	-0.0510108919	0.09933338593	0.01606526023	0.3660860209	-0.0843427369	-0.04755153464	0.02561270936
-0.3135149575	-0.3255507431	-0.3067802586	-0.3703537482	-0.2807354706	-0.2518255942	-0.289969564	-0.3403857515	-0.3613399919	2.7181207	2.585004702	2.637306414	2.560154618	0.8750474602	0.8701308555	2.514317027	2.663331475	2.615510194	0.745048186	2.539338407	-0.169524695	-0.1241204882	0.8129968348	-0.02115102644	-0.09555726381	0.9212360623	0.9153934229	0.8962412244	0.8802116035	-0.03679308389	0.89607638	-0.07697862267	-0.1853267989	0.9802041888	-0.04834491789	0.8820337761	-0.3696666067	-0.395814723	-0.3947209613	-0.2613328324	-0.1911294929	-0.3783767967	2.829270751	0.1056804668	0.996251646	-0.2514150043	-0.05704165788	-0.1633110167	0.007221596434	-0.1869336374	-0.1265680129	-0.1041133093	0.9494680262	0.859424161	0.8114786626	-0.03028930891	-0.06094563264	-0.176371868	3.236356307	2.879840203	2.784032993	-0.1275240977	0.8691914888	-0.1180395113	-0.1321148597	-0.1476213494	-0.269399162	-0.1902249616	-0.3505812966	-0.3870578226	-0.3740732694	-0.2979476125	-0.2976278343	-0.3851079852	-0.372040646	-0.389956068	-0.3007006992	-0.256647344	-0.3981960315	-0.3707772999	-0.2415574128	-0.3140587011	-0.3016573864	-0.2803716525	-0.3848748513	-0.2937132884	-0.2422630901	-0.3411712088	-0.3759884297	-0.2452621689	-0.1822795287	-0.3630281468	-0.3072123411	-0.3983264723	-0.329862851	-0.3895667053	-0.3786606745	-0.358469489	-0.3074320318	-0.3139592382	-0.3571013569	-0.3723205573	-0.3214418726	-0.3384854604	-0.301519455	-0.3378431952	-0.3557095534	-0.3293356947	-0.281737874	-0.3211299335	-0.3678171331	-0.383451398	-0.3353072371	-0.3902734497	-0.3762705841	-0.3853458362	-0.3787672822	-0.3595737605	-0.3390738	-0.3578557273	-0.379036179	-0.3299723368	-0.3131209518	-0.2591546253	-0.2716433788	-0.2716157811	2.757603901	-0.3462326505	-0.3572021697	-0.3351308925	-0.2639204679	-0.3773990289	-0.3262880981	-0.3702159511	-0.2942776848	-0.2805014143	-0.1793243843	-0.3785970251	-0.2983554222	-0.2916104786	-0.3122358128	-0.3429498265	-0.3598475699	-0.3875363965	-0.3998728057	-0.3404166794	-0.3875850235	-0.3905521773	-0.3435466479	-0.3593530668	-0.3446389635	-0.2013403186	-0.3048427203	-0.2742516305	-0.2297315146	-0.1789086731	-0.2145201318	-0.08485419069	-0.1880234308	-0.1950250136	-0.1284012042	-0.3219070495	-0.07737572249	-0.3752683363	-0.3833061881	-0.3462015974	0.1238751837	-0.187373348	-0.03419044397	-0.1821814002	-0.1480206392	-0.01936805729	-0.2152977173	-0.3682979587	-0.2386437465	-0.3409276423	-0.1807986624	-0.2886963053	-0.3359476898	-0.3938352277	-0.2672587498	-0.3497620408	-0.2891537912	-0.3319775089	-0.3232698652	-0.2732704659	-0.2936958627	-0.3853408057	-0.3970044079	-0.3863785232	-0.2802336076	-0.385856775	-0.2581611877	-0.263959196	-0.2930474617	-0.3295253715	-0.2887681133	-0.3510742305	-0.2606781059	-0.3656769547	-0.3278885324	-0.3122307309	-0.3721941309	-0.3808814483	-0.2644438917	-0.3541062849	-0.2864177561	-0.05942363747	-0.1802701298	-0.1837477492	-0.1896376111	-0.3866009678	-0.3685304084	-0.2617735774	-0.2581897502	-0.3327210049	-0.2927068023	-0.3327539337	-0.1063637455	2.452215387	1.014489008	-0.2855049251	-0.2770565914	-0.3737854954	-0.3862414616	-0.01153448939	-0.3283125352	-0.2274909297	2.503467946	-0.3346968217	-0.2563039217
-0.3290347319	-0.3267820128	-0.3321802092	-0.3680267627	-0.2885846044	-0.2693281658	-0.2753597911	-0.3338672773	-0.3539614737	2.747845718	2.673030652	2.712375073	2.613970622	0.8997936976	0.9178442382	2.587692432	2.702483923	2.631818652	0.7903865258	2.622027022	-0.1838636937	-0.1559429957	0.8173451186	-0.04188025339	-0.1247941352	0.9469440934	0.9141024711	0.907197725	0.9042179987	-0.05072839717	0.904739345	-0.04001384312	-0.2071078236	0.9747400284	-0.0559171085	0.9370450067	-0.3530485358	-0.3844094627	-0.384756542	-0.2814730999	-0.2101277573	-0.3765472113	2.748353958	0.07582718167	1.016010649	-0.2456165968	-0.06985549815	-0.1660752334	-0.02717536776	-0.1712226086	-0.1349024238	-0.1223338917	0.9909844403	0.8849222015	0.8348581416	-0.05328888753	-0.08566975384	-0.2043171517	2.879840203	3.215366177	2.693122232	-0.08787700732	0.8521805144	-0.1438441864	-0.1538263399	-0.1705401739	-0.2912703505	-0.1698246642	-0.3496539144	-0.3786151235	-0.3671693284	-0.2913270517	-0.2903866009	-0.3729537162	-0.3630784804	-0.3816928387	-0.3140307302	-0.2763843214	-0.3795037963	-0.3749567809	-0.2389090357	-0.3133690651	-0.2981185303	-0.275253329	-0.3777565261	-0.2892547906	-0.2406609816	-0.3347580239	-0.3677637569	-0.2430791923	-0.2020534753	-0.3483635602	-0.3256031781	-0.3904504908	-0.3228231365	-0.3755933166	-0.361856182	-0.3520838042	-0.3003359047	-0.3262658382	-0.3473738097	-0.3623342947	-0.3045537983	-0.3566264133	-0.3012258197	-0.3266146944	-0.3478723208	-0.3449648704	-0.2801622267	-0.3278828303	-0.3564688009	-0.3837221029	-0.2911232345	-0.3852091506	-0.3737404457	-0.3952127487	-0.3784401249	-0.332704615	-0.3113301891	-0.3479644357	-0.3695224438	-0.323475368	-0.3220194338	-0.2701738897	-0.2872435696	-0.2591650022	2.67801793	-0.3170205651	-0.3490727157	-0.338452527	-0.2530413746	-0.366480484	-0.317270409	-0.3649895066	-0.3200192353	-0.2717769556	-0.203188359	-0.3653642885	-0.291483401	-0.264608344	-0.3144601482	-0.3654849509	-0.3553806798	-0.3636691008	-0.3705526752	-0.3106255687	-0.3792313313	-0.3811746008	-0.3442804931	-0.3533752136	-0.3583322314	-0.2289365947	-0.3210355018	-0.2921802956	-0.2480376821	-0.187135692	-0.2339474389	-0.09399353082	-0.1954207321	-0.2146734659	-0.164961716	-0.325897889	-0.1056495341	-0.3647013486	-0.372082169	-0.3706467731	0.1111954973	-0.2093533324	-0.06366858668	-0.2079810108	-0.1924360053	-0.03017438914	-0.2509119524	-0.3627458667	-0.2466582986	-0.3692741073	-0.2063816998	-0.2823691466	-0.3094513182	-0.3840113667	-0.2617516599	-0.3708953875	-0.2817178359	-0.3227664413	-0.3452525275	-0.2750014398	-0.2839154559	-0.377460273	-0.3738426192	-0.3757139125	-0.2709260366	-0.3751293903	-0.2610390667	-0.3001036731	-0.3245360793	-0.3248228369	-0.3076516494	-0.2896456285	-0.2836205379	-0.3512753562	-0.341979233	-0.32844443	-0.3538034864	-0.3652753324	-0.2915731861	-0.314041267	-0.2734000743	-0.06470012687	-0.2125561008	-0.2046648056	-0.1972604178	-0.3634607784	-0.3660261786	-0.2647980164	-0.254516306	-0.3201431876	-0.2798772251	-0.3273502933	-0.1424259493	2.486326101	1.011883293	-0.298675837	-0.3051340125	-0.3762460359	-0.3729759188	-0.0195459172	-0.3536246855	-0.2543770375	2.431513083	-0.3249640034	-0.296434232
-0.3016057132	-0.3273523914	-0.2959286658	-0.3596993059	-0.2772149769	-0.2736575841	-0.3268561463	-0.3331912231	-0.340620195	2.72215925	2.596334612	2.636231439	2.527137122	0.8334975127	0.8481929902	2.511819295	2.670964401	2.598479905	0.7346487192	2.532115704	-0.2311188557	-0.1889915307	0.7718531899	-0.04657232711	-0.1178383989	0.8703538488	0.8873560826	0.8885743771	0.8356828072	-0.09816597981	0.8647136411	-0.09161111357	-0.2360231814	0.9972745086	-0.1228998063	0.8832397625	-0.360373323	-0.383038737	-0.3819330966	-0.2658425172	-0.2115803417	-0.3734821389	2.880562422	0.164718229	0.987584913	-0.2827398116	-0.114072901	-0.2312674658	-0.01581331024	-0.1690230375	-0.1508877681	-0.133121992	0.9278239087	0.8293992686	0.7926768116	-0.09754491818	-0.1055732417	-0.2062297475	2.784032993	2.693122232	3.232627478	-0.1176165331	0.8587659755	-0.1631246732	-0.1979194611	-0.171038979	-0.2411658149	-0.2141367292	-0.3352694932	-0.3633486771	-0.3606353865	-0.282223099	-0.2820829583	-0.3692446829	-0.3453222311	-0.3795827216	-0.3057396852	-0.2654951045	-0.3814927726	-0.3727802604	-0.2109296814	-0.2923306154	-0.3158652534	-0.2175492804	-0.3679399959	-0.3046795431	-0.2476320966	-0.3209562945	-0.3616016234	-0.2606313668	-0.1825590659	-0.368353847	-0.2972275046	-0.3878724588	-0.3037784939	-0.3682225149	-0.3598760094	-0.3449165417	-0.3096300529	-0.3065742146	-0.3444719447	-0.3578646514	-0.3346289118	-0.3243248948	-0.2698413903	-0.3524355286	-0.3230253647	-0.3257674218	-0.2821120129	-0.2865610173	-0.3528767658	-0.3744968735	-0.2698472009	-0.3769497076	-0.3624166194	-0.3706712558	-0.3598424623	-0.3349527046	-0.3294200194	-0.3353472745	-0.3652126483	-0.3386290863	-0.296983931	-0.2611409163	-0.2603739728	-0.2100429357	2.809160695	-0.324451383	-0.3242717493	-0.3287950704	-0.2709946764	-0.3560860433	-0.3178763131	-0.3614865474	-0.2901527263	-0.2730322499	-0.1745247757	-0.3589290546	-0.3108162529	-0.2278281475	-0.2970652723	-0.3304476066	-0.3415467807	-0.3610431973	-0.3805603899	-0.3301918611	-0.3636185121	-0.3708377533	-0.3303045951	-0.3405051615	-0.3466826573	-0.1866880545	-0.2799006863	-0.2684748402	-0.2311014934	-0.1988130833	-0.2460573944	-0.1120566768	-0.1893723006	-0.1956401039	-0.1266882364	-0.2686607693	-0.1329771295	-0.3644923509	-0.3680845226	-0.3280816203	0.1178601695	-0.2015734322	-0.07597174046	-0.1917662094	-0.1890904522	-0.0361152953	-0.2126255819	-0.3559019142	-0.2532447912	-0.3264488586	-0.1943558677	-0.2789395394	-0.3207495995	-0.3784881343	-0.2988548954	-0.3353353153	-0.2854506048	-0.3251777011	-0.3047574855	-0.2690326919	-0.3084180333	-0.3723244292	-0.3798502884	-0.3741287846	-0.2898206626	-0.3731229277	-0.2587612993	-0.260881852	-0.283627727	-0.3409747733	-0.3158759105	-0.2757588169	-0.2905395231	-0.3381301536	-0.3015692802	-0.2863841489	-0.3454990082	-0.3566169246	-0.2243709812	-0.2964092039	-0.2993903917	-0.07185366809	-0.1835185457	-0.217733192	-0.2029164065	-0.3691859581	-0.3404921969	-0.2795315465	-0.2483411515	-0.3220037204	-0.2977693099	-0.3250065897	-0.1720212627	2.408585749	1.034944009	-0.2777369404	-0.2448341575	-0.3747479541	-0.3707040967	-0.05243699331	-0.3315782551	-0.2247858218	2.448115804	-0.319137287	-0.2093465285
-0.07387795482	-0.008858329207	-0.02114282941	-0.03342872034	0.01736438703	-0.06614228595	0.004739302611	-0.01413972752	-0.06307362067	-0.1065081047	-0.1365011864	-0.1375093566	-0.1429269091	-0.1581619133	-0.1186972525	-0.1396488617	-0.1070933207	-0.1806919504	-0.03517103525	-0.09994932999	0.3272153265	0.3239113937	-0.09078871405	0.1484445785	0.1117073273	-0.1163164063	-0.1160978168	-0.1398583108	-0.1124733649	0.0837312664	-0.09786275755	0.2671051107	0.1545844269	0.003939916936	0.3080030806	-0.100410074	0.07121273699	0.008308866086	0.00704565049	0.01458383789	0.03033615367	0.1363957395	-0.104528381	0.0365333376	-0.1252770591	0.304423838	0.07958892041	0.1080202758	0.1205832344	0.4039604734	0.1624386167	0.2344279712	-0.1326061095	-0.1189211466	-0.08897026968	0.09330532299	0.1067003365	0.2979861962	-0.1275240977	-0.08787700732	-0.1176165331	0.9489176329	-0.1364545709	0.1728113156	0.1348268811	0.1397018041	0.03710440327	0.12505726	0.001605456157	0.01569362164	-0.02701978002	0.002506985524	0.004124406917	-0.03378516687	-0.05587930945	-0.06354636613	-0.05311510245	-0.0346713157	-0.04963610363	0.007425282883	-0.004933821337	0.01556335023	-0.01228938657	-0.0701542601	-0.05025206459	-0.004618258628	0.02647919925	-0.01989271543	-0.03551949135	-0.006932477149	0.01617434444	-0.03664479791	0.01940514186	-0.04439607921	-0.02746476371	-0.02372419442	-0.02718154122	-0.02429738315	0.008246046984	0.014706125	-0.02805437163	-0.02628642955	0.06197648376	-0.07995184197	0.02846412726	-0.002601802557	0.02321772677	-0.07364376125	0.04534317087	-0.02308994548	-0.04111031356	0.1584634352	-0.02367302002	-0.06203226752	-0.06945784312	-0.07220677438	-0.03656960368	-0.03593628824	-0.06435923124	-0.03470233553	-0.02712277674	-0.05685035545	-0.05176324587	-0.02748071822	-0.0437330618	0.03045809391	-0.1034191471	-0.02350653041	0.02769573357	-0.01286654425	0.053262426	-0.03243577056	-0.05890472586	-0.04150953483	-0.03231984497	0.1267864816	-0.01525108873	-0.02162928705	0.02147473186	-0.07175748065	-0.006169003253	-0.01995198394	-0.03105039377	-0.06845802442	-0.03677161666	-0.06221129515	0.01811777092	-0.07324087193	0.004006348093	-0.03985330736	0.02309206702	0.04252456963	-0.04397201374	0.03471020173	-0.09320633133	0.04371139617	-0.06127428705	-0.06398708806	-0.1063740498	-0.06650539046	-0.04202364845	0.02503604757	0.009475872819	-0.06505890532	-0.02185262914	-0.001483927267	-0.02348871921	-0.01648989315	-0.01506625437	-0.08315547505	0.0001867534116	-0.05921572403	-0.0658249563	-0.04173885126	-0.008500094129	-0.0206586207	-0.009054618911	0.038675038	-0.008487908046	-0.05382582383	-0.07312280126	-0.0683374666	0.01105313738	0.01902329491	-0.09438084311	-0.05600865336	-0.07265928099	-0.03841715555	-0.05963823244	-0.06220525699	0.01550217225	-0.05219242095	0.03408801023	-0.03847169648	-0.02885003652	0.0083491289	-0.04055754355	0.03493255736	-0.04781742692	-0.04634837817	-0.1240589916	-0.0763554273	-0.04634035158	-0.03075584608	0.05339723929	0.0637459173	0.01362831745	0.05172316758	0.1514451674	0.2079724933	0.3754753527	-0.06101615257	0.01792899926	0.006821663426	-0.02824306106	0.04949418485	0.01404376449	-0.03861835602	0.366691559	-0.08180794715	0.00806702426	-0.008413417799	0.009714354296	0.129231518	-0.05623205034	0.04489814769	-0.06163049949	0.159410247	-0.08469440539	-0.04178947331	-0.03506226991
-0.2483971246	-0.2785625066	-0.2219719893	-0.2998600504	-0.2352800078	-0.2310397009	-0.2470762759	-0.3107838177	-0.3130921736	0.9023584839	0.8719981666	0.8881533735	0.8142519437	2.343444404	2.149342832	0.8427490126	0.8877751321	0.9326320559	2.106402573	0.7957070507	-0.1404782407	-0.1756513624	2.147237956	0.05324094769	-0.001227711987	2.176582634	2.255400918	2.388741753	2.173059112	-0.03820472415	2.209390936	-0.06872862129	-0.1758886418	0.7124305292	-0.03505843377	2.251313196	-0.3093373084	-0.3323673092	-0.332098313	-0.2086057306	-0.1065704043	-0.3290206236	0.8663484573	0.09650802326	2.26379181	-0.2130635748	0.02536314098	-0.1668956279	0.2358000393	-0.09974103901	-0.03412855535	-0.1201238184	2.276113321	2.161694479	2.135309758	-0.02496100375	-0.02427230968	-0.1401153319	0.8691914888	0.8521805144	0.8587659755	-0.1364545709	2.767044219	-0.06256185755	-0.1070560868	-0.110822582	-0.2638228162	-0.1947773558	-0.2934810688	-0.3279889849	-0.3113118732	-0.2438685517	-0.2443963038	-0.331656047	-0.3130443226	-0.3253421142	-0.2666207535	-0.2680045848	-0.3335201865	-0.3279226794	-0.232775776	-0.2691112068	-0.319130131	-0.2078057361	-0.3167424551	-0.3141539502	-0.2462605841	-0.2913358113	-0.3259005162	-0.2271723729	-0.1926113656	-0.3253154092	-0.2629333379	-0.3406695575	-0.2722401734	-0.3222809042	-0.3203472052	-0.3099729176	-0.3125962579	-0.3110461027	-0.3079040046	-0.3198520093	-0.2553794477	-0.2738853823	-0.2598393284	-0.2782144936	-0.314907798	-0.3027949505	-0.2468529489	-0.244829885	-0.3096821903	-0.3324905096	-0.244510829	-0.3236430418	-0.3147004126	-0.3269441754	-0.3240091622	-0.3240164026	-0.3145221074	-0.3036002832	-0.3232900832	-0.2955568419	-0.2718698985	-0.1728277682	-0.239958143	-0.2092132271	0.8418523072	-0.3120490962	-0.3156043169	-0.3239634201	-0.2858369003	-0.3212060582	-0.27363355	-0.3145024667	-0.2481584048	-0.2926898053	-0.2107140139	-0.3200827579	-0.31158363	-0.2284561854	-0.2568074544	-0.2783658362	-0.303444488	-0.3217543802	-0.3326991769	-0.3182046565	-0.328234894	-0.3198584522	-0.2878115012	-0.3043145412	-0.3120512018	-0.1714908413	-0.2479644346	-0.2322902026	-0.2089110632	-0.09298063205	-0.1682558031	-0.07428243238	-0.1996157137	-0.1933374548	-0.1191493721	-0.2810319335	-0.1336613871	-0.3200616039	-0.321341676	-0.2850012363	0.01978102012	-0.2282608765	-0.129066548	-0.2037216573	-0.2103340359	-0.04272962098	-0.1759235244	-0.3243905834	-0.1340365251	-0.2763489562	-0.2264422868	-0.3022417331	-0.3368304513	-0.3300734169	-0.2483512626	-0.278900644	-0.283517384	-0.3218411462	-0.2882187785	-0.2608059718	-0.2831719811	-0.3291851456	-0.3353907025	-0.321685466	-0.3038885386	-0.3156876065	-0.2542413327	-0.2212634595	-0.2505270453	-0.2573591339	-0.2184698672	-0.2792995821	-0.1889905953	-0.2800892812	-0.2408677177	-0.2265400616	-0.3132019972	-0.3141981062	-0.1995286554	-0.287902606	-0.2366856782	-0.04821761267	-0.1521164634	-0.1478423356	-0.1540316623	-0.3290801223	-0.2947493661	-0.2938702696	-0.2179847892	-0.3214700028	-0.31484172	-0.2805196992	-0.1637346891	0.7915088797	0.7076489896	-0.3142334626	-0.2777570049	-0.3416207703	-0.3216941093	0.08148914948	-0.2962824064	-0.1578948507	0.7588039488	-0.3121937266	-0.2587083642
-0.00339570336	0.01498127453	-0.01599798898	-0.03748577522	0.08508575876	0.04046011409	0.1118416944	-0.008384382414	-0.0753585324	-0.1614861011	-0.1373901038	-0.1390785727	-0.1366123273	-0.07926043542	-0.09499597036	-0.1190810218	-0.1487812185	-0.1401311888	-0.1435138624	-0.1266596454	0.2589419374	0.3053763708	-0.1003883012	0.05415195618	0.09846195775	-0.1108417859	-0.1054312029	-0.09660874489	-0.0902854789	0.09332284052	-0.06946456661	0.2786196684	0.2897966433	-0.059496202	0.3062007596	-0.06987817442	0.03183962125	-0.005387206559	-0.000653098007	0.1817086148	0.2155139497	0.01481398439	-0.1275591535	-0.004610665092	-0.1277561324	0.108774983	0.2059289708	0.1522466064	0.08174141415	0.3300010241	0.1062221958	0.1806000986	-0.1222481891	-0.04828030511	-0.03529739007	0.09059196751	0.09458663383	0.289638265	-0.1180395113	-0.1438441864	-0.1631246732	0.1728113156	-0.06256185755	0.8672838988	0.5612664661	0.1811984892	0.0008948559495	0.05160103181	0.0904141647	-0.008673908262	-0.02112834596	-0.07556082551	-0.07110656519	-0.05377019121	-0.052930555	-0.05286958806	-0.01481446425	-0.07474050388	-0.07423563628	-0.01668354239	-0.07264306798	-0.06758007206	-0.08472040517	0.02147878689	-0.05191015843	-0.08648398182	-0.02527662342	-0.04465317968	-0.0420601859	-0.02410977232	-0.04631655133	-0.04401602291	0.01055308167	-0.03230913934	-0.06659806486	-0.02793612275	-0.04573473788	-0.05434321923	-0.07105769925	-0.03979181174	-0.04159619587	-0.03288744897	0.0321423915	-0.04500175725	0.0397590675	-0.03619796155	-0.0150419118	-0.03596300491	0.04200715776	-0.03831829631	-0.05922343394	-0.00718988305	0.01981003415	-0.05877367532	-0.05217969137	-0.02719453661	-0.01979130801	-0.06711649686	-0.07072665513	-0.05001881513	-0.04364823946	-0.03424039887	-0.02557700118	-0.04334851581	-0.01548770055	0.04851827377	-0.1278929943	-0.05476187404	-0.01378997307	-0.02613846589	-0.04628493887	-0.05505376597	-0.003943232104	-0.06190876346	0.06450759205	0.03349506515	-0.03920343442	-0.04597554083	-0.06544908646	-0.07565983	0.06717343531	-0.02871196238	-0.05228669043	-0.07454466492	-0.05849399568	-0.07345893628	0.003517445837	-0.06475454247	0.07493820405	-0.04871204972	-0.05422245504	0.1415369223	-0.01668466507	0.07592554758	0.007809545586	0.05328062477	0.0207023912	0.014937307	-0.000337777139	-0.01854587587	0.05499042311	-0.01801841405	-0.03749631744	-0.06239318554	-0.02686833828	-0.03100234794	-0.05153841398	-0.03037562578	-0.05509985771	-0.01588160134	-0.01115493785	-0.03536750852	0.01868322688	-0.03823714939	0.05303030625	-0.02921078525	-0.02711910463	-0.05136093049	-0.09247826926	-0.0452309759	0.008119039059	-0.05137741484	-0.01474660476	-0.04909280212	-0.0411279874	0.0004051730742	0.006886595197	-0.02505556189	-0.06441079945	-0.05809288597	-0.06863456938	-0.02878375615	-0.006627213237	0.03478399395	0.02823597124	-0.01212600361	0.01154466599	-0.02047576066	0.02334493626	-0.08732350271	-0.04335594995	-0.06335033044	-0.03350850084	-0.07748307476	0.07234459875	-0.03607151724	0.06465143049	0.138339676	0.2789264683	0.3264419114	0.335932313	-0.061586121	-0.005804485822	-0.07843514265	-0.003253668155	-0.05918589143	-0.07251039966	-0.02825260594	0.276634119	-0.1596172735	-0.06027068859	-0.04557083814	-0.03104856605	-0.02184567405	-0.03423527275	0.1387394393	0.01750258509	0.2412821783	-0.1740374813	-0.00285836176	0.02892205721
-0.01031505342	-0.001008852498	-0.01455863484	-0.02478308486	0.08445789661	0.04351846611	0.146956246	0.03376188215	-0.07598136511	-0.1984041103	-0.1788625221	-0.1691726889	-0.1652221163	-0.1191952283	-0.09514912758	-0.1502070919	-0.197309802	-0.1681383806	-0.1580133223	-0.1612463532	0.3417274385	0.4180400018	-0.1397513492	0.06411900377	0.1184661965	-0.1028483583	-0.1325107777	-0.1354726156	-0.1059998774	0.1253385968	-0.1171980229	0.3223321332	0.3027127186	-0.04250583637	0.3815243545	-0.08906183236	0.03425518864	0.005321768985	0.01184097769	0.1978433706	0.2121798626	0.0278865446	-0.1603985852	0.05000962299	-0.1176409412	0.1323780335	0.2347816463	0.1634243309	0.06607963433	0.3439628461	0.1396865736	0.2888245892	-0.1212946237	-0.06160956042	-0.06629201645	0.1192508381	0.09388666808	0.3019958978	-0.1321148597	-0.1538263399	-0.1979194611	0.1348268811	-0.1070560868	0.5612664661	0.8812820761	0.4268318571	-0.00561972092	0.025824155	0.05473494142	-0.01241559404	-0.04735824981	-0.09063061223	-0.08574922232	-0.05472179326	-0.04354896819	-0.05483349268	-0.03755923075	-0.06045641896	-0.07589720577	-0.01157297581	-0.106779265	-0.08773943713	-0.08488513752	-0.01558391625	-0.06027033416	-0.1026407477	-0.03461001536	-0.04995198945	-0.05582705665	-0.0135624709	-0.06001646517	-0.03479363269	0.0332061285	-0.01930600548	-0.0678555417	-0.05370674023	-0.06103789936	-0.05972200448	-0.07411767597	-0.02657279498	-0.03377740829	-0.02247465639	0.04478361119	-0.0376274375	0.02895656414	-0.05219773805	-0.04565790986	-0.036367915	0.02341743985	-0.06384485575	-0.05200270129	0.0009847826528	0.01158498864	-0.06277666671	-0.06500828552	-0.03311844311	-0.04151255278	-0.07394590806	-0.07275273763	-0.06683649855	-0.05321748337	-0.03636942447	-0.03501828146	-0.02028903735	-0.02397881396	0.01944806185	-0.1596955963	-0.04457333128	-0.03912604961	-0.01648348618	-0.06135686087	-0.06395438734	-0.01506059755	-0.06830653589	0.05997951885	0.01583226072	-0.0151875888	-0.06123076182	-0.06539702506	-0.04750257806	0.02336908553	-0.05172012048	-0.06226028404	-0.0801300737	-0.06327090416	-0.07076461341	0.007446631687	-0.0761404523	0.03850414069	-0.06087535158	-0.0278232133	0.1826607566	-0.02780775413	0.08491419123	0.04310132607	0.1023012233	0.04662746401	0.03319267437	0.02552778811	0.01228726055	0.0659610618	-0.04262350487	0.001253980006	-0.06607813843	-0.02339818014	-0.02457321588	-0.01917119229	-0.008127757534	-0.01562443932	-0.002028417296	0.01424443039	-0.006499021041	0.02252267046	-0.01334977431	0.06795874878	-0.002746675997	-0.005095647227	-0.03801814016	-0.08325162584	-0.06026236916	0.0197851369	-0.05963620473	0.003554102754	-0.0341948699	-0.04066213926	-0.02631811531	0.006215808374	-0.04909137156	-0.05888817319	-0.06476941979	-0.07385773004	-0.02342972881	-0.02399845736	0.01754962659	0.01800602399	-0.0122399031	-0.009130917863	-0.03258614652	0.02361329276	-0.0852737344	-0.04829346975	-0.05451857633	-0.03988393767	-0.07836861885	0.08398661797	-0.07132747972	0.0687322563	0.1042580765	0.2680645769	0.4001579558	0.3046707959	-0.0602971151	-0.01053067586	-0.0865707843	-0.03048955187	-0.04056616603	-0.09225289388	-0.04248779473	0.3101908513	-0.1684543895	-0.0503353394	-0.03547636298	-0.02546529943	-0.02180621266	-0.05400595858	0.1290172265	-0.007373466288	0.2131804865	-0.1783114366	-0.02775834846	-0.01502662676
-0.05851472854	-0.0005722275325	-0.03148195596	-0.03288480376	-0.04666914853	-0.01144119246	0.067112159	0.03911919462	-0.03011235616	-0.2155904319	-0.1772237429	-0.1693289088	-0.1790187183	-0.102454755	-0.08874179684	-0.1768179586	-0.2086053219	-0.1915822058	-0.09128093908	-0.1883163159	0.2377910636	0.2434154561	-0.1091283583	0.04321833465	0.09108329501	-0.1037000815	-0.1232871039	-0.09758791177	-0.1093654137	0.08337403638	-0.1133135444	0.2355998529	0.2412950318	0.01930994557	0.2708514612	-0.07004408952	-0.003096703953	0.01168515085	0.01830716115	0.020101432	0.07747707392	0.004234098784	-0.1569945015	0.1431813581	-0.1067775048	0.1148565255	0.140730797	0.2015410659	0.08175209102	0.2444017177	0.1288477514	0.6578914461	-0.1000137123	-0.05508454431	-0.02926416446	0.08122554881	0.05956138399	0.2018741456	-0.1476213494	-0.1705401739	-0.171038979	0.1397018041	-0.110822582	0.1811984892	0.4268318571	0.9288489323	0.002987606896	0.01271259478	0.02301461233	-0.01236156756	-0.01646021357	-0.03132923609	-0.03157143774	-0.05988450072	-0.03731421459	-0.04597765985	-0.01513249267	0.01861719169	-0.06173447465	-0.005022406284	-0.07867888506	-0.07516522382	-0.08024567733	-0.05686415653	-0.06025765609	-0.08346970568	-0.03571229312	-0.0458131284	-0.07847373921	0.01145723032	-0.04505188792	-0.02914175841	-0.02301876521	0.01656040468	-0.03824248532	-0.04844997995	-0.05563431585	-0.07735126654	-0.04572494422	0.01544625451	-0.05367861658	-0.00210711776	0.06423233149	0.03420544008	-0.06288296879	0.02917904431	-0.02719168048	0.009095786315	0.01825433918	-0.08011872559	-0.03286081539	-0.03769479165	-0.03677119937	-0.04299115296	-0.04455231356	-0.03512211328	-0.04101214514	-0.05537913481	-0.05248603082	-0.04779918533	-0.07595720484	-0.02530669455	0.02862257915	0.002194596718	0.002522332735	0.1096122437	-0.1531187761	-0.01506273969	-0.02544146816	-0.01067440185	-0.08165070075	-0.08077697267	-0.06478901597	-0.07495908291	0.09692455585	0.007662916964	-0.01007170932	-0.05601402715	-0.04596020389	-0.01963117263	-0.01064229729	-0.04534910774	-0.06157189805	-0.0589709078	-0.04714076656	-0.04831200181	0.007336412425	-0.04391424423	-0.0007653583336	-0.06521951515	-0.0338546762	0.157835886	-0.0009120464429	0.04502410968	0.03322799546	0.1174342394	0.07268269683	0.05930254042	0.003278243704	0.07908092383	0.1221480914	-0.00671602071	0.01224343741	-0.06245256928	-0.01006838182	-0.05492314998	0.004661413847	-0.005361745222	0.01238481615	-0.008049176294	0.002399592257	0.009266289563	-0.003277480699	-0.01264574677	0.05048216822	0.007382583887	-0.01310395856	-0.05523436004	-0.07450109155	-0.03833305485	0.01178196227	-0.04517695777	-0.04254563452	-0.0154619975	-0.03295981565	-0.07433892661	-0.0295595692	-0.02609259877	-0.02157107014	-0.05541762794	-0.06513585441	-0.02024233561	-0.004876828108	0.1477326113	0.1506318119	0.06468817516	0.01804756179	-0.02632754867	0.06501251724	-0.06470656265	-0.03083895597	-0.04619990994	-0.05301611087	-0.05687208637	0.1690999823	-0.07588518932	0.07301158418	0.06208428871	0.1100395071	0.2635656976	0.1980654131	-0.02325118727	0.03980341983	-0.1061334084	-0.02531896993	-0.02365631052	-0.09722177202	-0.04813044034	0.1910085404	-0.135538967	0.03417620383	-0.006904552883	0.06909477344	-0.03754101859	-0.05785464017	0.1209878387	-0.01924613855	0.1169547244	-0.0936217784	-0.03540327824	0.06115228203
0.009128875441	0.1268001009	0.0894733076	0.0264513282	0.1041601241	0.02974712408	0.1312216873	0.1584144523	0.0476146106	-0.3017299171	-0.2884979359	-0.2953864498	-0.3112335709	-0.2580934729	-0.2560000613	-0.3290678151	-0.2957429241	-0.2752074055	-0.2328811148	-0.3359522215	-0.02396043133	-0.008719962663	-0.2340221001	0.01327052924	0.03516377923	-0.2651914863	-0.2499073898	-0.241274248	-0.2398562709	-2.420070767e-07	-0.235235494	0.0465408524	0.06768811574	-0.145644011	0.01410320637	-0.2472122819	0.1316281979	0.1392923776	0.1353501867	0.1246475741	0.06210293182	0.1189496824	-0.2764547218	-0.004701284311	-0.2471886648	0.112630624	-0.01357471079	0.08341260363	0.002173558085	0.02465018137	-0.002085991281	-0.02495460736	-0.2490741349	-0.2335840824	-0.2785198048	0.002953091407	0.01844635621	0.07765146943	-0.269399162	-0.2912703505	-0.2411658149	0.03710440327	-0.2638228162	0.0008948559495	-0.00561972092	0.002987606896	0.6997816235	0.2539776763	0.1556887867	0.1468254539	0.07060143832	0.02500808325	0.02268533047	0.02797944484	0.07821464883	0.0275890643	0.08011745109	0.03918219085	0.04055580967	0.1524962883	0.007275956303	0.0005792773301	0.004962434063	0.06291674573	0.01766459104	-0.01330492027	0.004328497352	0.002808438539	-0.00697328309	-0.02123132821	-0.02545765234	-0.06142337741	2.304691685e-05	0.08078048559	-0.01069196414	-0.04435107377	-0.04908502186	-0.04483809554	0.02775536466	0.05931276711	-0.02500226981	0.07190901131	0.05010933623	0.07157447592	0.1243470489	-0.03449833839	-0.03731123878	0.1777228612	0.07836159652	0.01561339949	-0.001815936466	0.09939879873	0.08523499966	0.02371540637	0.01527470836	0.05975879208	-0.02618549232	0.01004752924	0.06906559872	-0.02779197609	-0.04545320785	0.07974238618	0.1066394266	-0.001830171698	0.05346226117	0.05258977498	-0.2716199697	0.06077235798	-0.04132779719	-0.01313345353	-0.06950030761	-0.04365261005	-0.04739312402	-0.003091084292	-0.001851123436	-0.003546425189	0.003290948172	-0.04942836605	-0.002161278022	0.042243604	0.1573955368	0.04697911018	-0.03549487203	0.08660904413	0.07024112241	0.06977817281	0.1602699577	0.03005082368	0.1405196069	-0.02449611652	0.04024654728	0.04073082584	0.04479092098	0.1100534392	0.001914530694	0.12909504	0.04044871099	-0.02278036797	0.06582741957	0.002824201517	-0.0295094177	0.09644851693	0.02802645664	0.0170664949	0.05672731684	-0.02003886781	0.00804825674	0.01677622078	-0.01684831417	0.00175361614	0.003303143233	-0.03217374805	0.04453432219	0.07683338464	0.1311737781	0.01367218772	-0.003037994421	-0.006855692694	0.03981463224	0.04208317705	-0.04208414186	0.03075357966	0.02739743541	0.03516732081	0.09091132063	0.0268539681	-0.007248405883	0.07493856379	0.03817861557	0.03800886368	-0.02220560472	0.05298466211	0.0433637384	0.005459139567	0.03340241166	0.01722461409	0.1061446052	0.07481359684	0.06608337369	0.05630181536	0.07738649354	0.07533788464	-0.01750905397	0.04561823405	0.09205021089	0.0312345673	0.1438575236	0.01400742312	0.03226757011	0.005232800038	0.03486031464	0.05224936898	0.1475412676	0.02382120045	-0.04224109086	-0.008977589475	-0.0426464971	-0.03492868604	0.05694333633	-0.2861959441	-0.1434848163	0.1122364852	0.03751295148	0.1322953593	0.0584509908	-0.01531887386	0.1149034674	0.09441292627	-0.2893831448	0.08483529569	0.1259239793
-0.02212228424	0.09259038066	0.02193181468	0.0868954202	0.1083042231	0.0373785609	0.1443181179	0.1487617657	0.007214959243	-0.2140897721	-0.243454321	-0.2537736294	-0.2511539752	-0.1742024417	-0.195550099	-0.2551469117	-0.2061883283	-0.2423194748	-0.1886996504	-0.2103059946	0.03934636227	0.1230735418	-0.1990677128	0.0781413824	0.02361469678	-0.1743471369	-0.1684529279	-0.1765715708	-0.1592573073	0.002109610861	-0.1450723859	0.0617591949	0.1793198794	-0.1389135855	0.1372201474	-0.197071542	0.1894784191	0.1944269671	0.2113449873	0.1400367597	0.1362415069	0.1557846379	-0.1972112006	-0.03703004333	-0.1714804103	0.1639375709	0.005278966115	0.1704480938	-0.03332676985	0.03755559405	0.0114987271	0.07552253469	-0.2137383386	-0.187222387	-0.2021606184	-0.000803287283	0.01480556699	0.1365554906	-0.1902249616	-0.1698246642	-0.2141367292	0.12505726	-0.1947773558	0.05160103181	0.025824155	0.01271259478	0.2539776763	0.7860538055	0.1607138534	0.1392730558	0.02932039049	0.1023183409	0.09873613332	-0.02039296584	0.007382900694	-0.0005218549533	0.01523787793	0.04787299197	-5.923485724e-05	0.1792454367	-0.07787811136	-0.07294440131	0.05961881582	-0.03506099056	-0.01215138826	0.02934920546	0.04222840276	-0.05516442708	-0.07142083221	-0.01787043941	0.01796075307	-0.08363911182	-0.06049806158	0.1331271035	-0.07864762192	-0.06933782309	-0.07793354708	-0.09136043489	0.1071988704	0.03964222977	-0.05765377578	0.04002206772	0.145707453	-0.01857013363	0.06829972228	-0.02000114597	-0.03874214662	0.08726722159	0.08962334572	-0.02395314267	0.005227304352	0.1804420569	0.01719389779	-0.02910671679	-0.01295774347	-0.02919557745	-0.05135971579	-0.04901557201	0.04095274811	-0.08167566812	-0.08483081492	0.013151641	0.0003445990917	-0.01968896011	-0.01236552255	0.0339458495	-0.1915910979	-0.02135019737	-0.0422451284	-0.06449763906	-0.02808427827	-0.08282937739	-0.06822074398	-0.05301355315	-0.003350184909	-0.01575192534	-0.02212531866	-0.07496574761	0.02804133174	-0.04438293262	0.1631908204	-0.00526182886	-0.07972883658	0.05027009564	0.03433340369	0.04146740543	0.1479797012	-0.05136912877	0.1295381887	-0.06850007734	-0.04386861764	-0.01983891916	-0.03468983312	-0.04071799277	-0.07931474539	0.05419455738	0.01557731493	-0.05732830711	-0.0890117868	-0.07364042068	-0.06877125023	0.1331304337	0.02336728939	-0.02360636123	0.04518632201	-0.04923500395	-0.103822779	-0.01290352618	0.03272391086	-0.1047451431	-0.04650213368	-0.06847104081	-0.0268077521	0.04889556459	0.04978973207	-0.03267643891	-0.03261827678	0.03307809359	0.06298339072	0.03818883663	-0.01232323949	-0.02385324494	0.06526927158	0.06425995073	-0.0204690746	-0.04191398033	-0.06211564532	0.04584840143	0.09093689245	0.0009937608222	0.01636716296	0.05805535137	0.1039051607	0.05941057198	0.04383675296	0.06190701005	0.08428376981	0.0346428393	0.1070406881	0.0201539525	0.01949588456	0.01727037298	-0.08613044338	-0.01242667059	0.1185765549	-0.04649376299	0.430831753	0.04759993826	-0.007334444001	0.06714122832	0.08097533582	0.05470532485	0.1596493514	0.03902099356	-0.01832189825	0.04079232296	0.01725521621	-0.06718239872	0.2153844845	-0.2292401644	-0.1345191712	0.07977557222	0.07210256813	0.1210634942	0.02708445373	-0.00936616623	0.04425079233	0.1225245027	-0.2574277337	0.01138625761	0.03939105806
0.04019275622	0.09705822689	0.08174566875	0.1196271083	0.1810313215	0.04395030995	0.1913380107	0.2302873444	0.02621639426	-0.36432343	-0.3391972942	-0.3478883553	-0.3282875492	-0.2917494862	-0.2627063347	-0.3267266483	-0.3547350323	-0.3169361505	-0.3044469289	-0.3340318505	0.00293191793	0.01419938024	-0.2827564131	-0.08946083219	-0.0625628896	-0.285676797	-0.3049427902	-0.2883041808	-0.2922098596	-0.08812249557	-0.2891568264	0.01839416249	0.1818332057	-0.1954503359	0.0140982147	-0.3078052287	0.2124281529	0.2179122447	0.2616687206	0.1949162731	0.1267914314	0.2126217131	-0.3585631405	-0.07736190884	-0.3200582886	0.03554955183	-0.008782181126	0.1402845662	-0.09304551418	0.06754940876	-0.06004866834	0.00192570387	-0.3091186344	-0.2790678448	-0.2818072888	-0.09517098581	-0.07997612267	0.1272677229	-0.3505812966	-0.3496539144	-0.3352694932	0.001605456157	-0.2934810688	0.0904141647	0.05473494142	0.02301461233	0.1556887867	0.1607138534	0.5902039019	0.3651677169	0.05371152636	0.01995635839	0.02510129173	0.05503688562	0.06575978802	0.09198649659	-0.03676693418	-0.01908810434	0.05961834048	0.2219781721	-0.0763529926	-0.0663026319	0.04823086113	-0.02111728162	0.05089012513	0.01782694432	0.01411019077	-0.0345294142	0.001858476993	-0.08492793774	-0.01960214832	-0.01860653102	-0.02159427929	0.2146070922	-0.0429811899	-0.0160867324	-0.01995683512	-0.01880028257	0.1006764078	-0.01275909778	0.02642082897	0.06957256098	0.2309697694	-0.005301930784	0.185666855	-0.009021188017	0.03125094432	0.1045631406	0.05292008105	-0.007353050322	0.08380807189	0.1648903867	0.1108888758	0.05199073675	0.04704100112	0.05228337365	0.007797679826	0.0275866392	0.08679094531	-0.02708128154	-0.02182175915	-0.000503768743	0.01459020156	-0.1031500278	-0.002970139817	0.04766680307	-0.3493793767	0.01064706535	0.03056707839	0.008069247556	-0.03539053706	-0.04716757358	0.006051879978	0.009705620078	0.07124019453	-0.02332325541	-0.05883509207	-0.02239887688	0.03701157109	0.02459911234	0.4532210592	0.1112417164	0.01286665683	0.03851788273	0.1461784632	0.09318884593	0.4141487704	0.02012329872	0.5178309119	0.02626202433	0.04328074044	0.1123985952	0.03445973031	0.09947781868	-0.03913138098	0.02991062258	-0.05782242796	-0.1231647941	-0.06599644031	-0.04303320746	-0.04770155054	0.07581016134	-0.08104655556	0.05133482095	0.09944996469	-0.002057806064	-0.1238893316	-0.03358031275	-0.08839003566	-0.04695556525	-0.06929599566	-0.1343854629	-0.06892121778	0.07694785972	0.02276827033	-0.01965309591	-0.05218212796	0.01019930646	0.02490951306	0.05289728447	-0.02493302269	0.04757525983	0.04290101585	0.04504363675	0.002785671046	-0.0161545865	0.01024124731	0.07412802773	0.07612510384	0.07004481715	0.03616340771	0.08778654333	0.02995049674	0.04956316299	0.07590978657	0.05231027053	0.0696342885	0.08794563001	0.03882404972	0.04288364587	0.03417675267	0.01017410644	0.00313460513	0.06654416345	0.1336933834	0.02174068966	0.3393237415	0.02449782106	0.0630807882	0.06497026781	0.1023350641	0.07151716872	0.4087663076	0.007994292036	-0.04833324531	0.008902304162	-0.001058216714	0.008353717557	0.1278453197	-0.3121912824	-0.1867623644	0.04441776001	0.006360692877	0.1627440774	0.07038278205	-0.03231724656	0.06765770843	0.2216818681	-0.334328177	0.0908205257	0.03826090673
0.05420101556	0.1108321131	0.1052282513	0.1998745564	0.2369512115	0.02161077493	0.1183070579	0.2327945487	0.03846113397	-0.373875963	-0.3506270629	-0.3582612386	-0.3364797557	-0.3236635345	-0.2961443798	-0.3360648372	-0.3718159597	-0.3338802491	-0.3238467738	-0.3433642457	-0.05644163638	-0.04848964154	-0.3159785104	-0.1023616273	-0.08730435643	-0.3088304604	-0.3306722442	-0.3267163802	-0.3250905217	-0.1043115776	-0.3230309342	-0.03710961682	0.06054448612	-0.2143033775	-0.02945800931	-0.3262270481	0.2644938773	0.2440182204	0.3024951631	0.1594089164	0.08596202085	0.2588725314	-0.3853519162	-0.1060429702	-0.345414188	0.08133237728	-0.04717660221	0.1023294755	-0.1195826569	0.005520550357	-0.07802803949	-0.02382058502	-0.3306434356	-0.3134522923	-0.309242452	-0.1145590232	-0.09968408494	0.03613109997	-0.3870578226	-0.3786151235	-0.3633486771	0.01569362164	-0.3279889849	-0.008673908262	-0.01241559404	-0.01236156756	0.1468254539	0.1392730558	0.3651677169	0.5602267302	0.0956919682	0.1030906761	0.1080150704	0.1640373002	0.08742942178	0.09373909347	-0.0139983135	-0.001734881206	0.1553317845	0.2672732564	-0.08644549117	-0.05261312854	0.06595682895	-0.01639021512	0.06365974867	0.03026508977	-0.001596712841	-0.01497571097	0.01982255512	-0.103077756	-0.02212802962	-0.008412304832	0.006162818679	0.2562202328	0.009790766292	0.003404426515	0.01139066693	-0.002367331792	0.1069432403	0.02966001557	0.02966729361	0.1340980582	0.2228802252	0.03319216814	0.1572807883	0.01536558986	0.001158094987	0.09364710438	0.1021381716	-0.004810570472	0.1352486388	0.200953152	0.1055119368	0.05897554742	0.06420255962	0.07019083585	0.001198990966	0.01951316023	0.09461983073	0.007436507289	-0.000125816487	0.07093684473	-0.001024780309	-0.08082792515	0.02663921651	0.02830565752	-0.3753772782	0.03745982494	0.004847205695	-0.02505067198	-0.02495472914	0.0008934354746	0.02914940752	0.06095805145	0.06746693997	0.03313162334	-0.05718728383	0.01218882222	0.03477914133	0.02520205139	0.2497271224	0.1092686204	-0.006208226248	0.07724540377	0.15305951	0.1004272039	0.4164408596	0.0262618489	0.2993240188	0.007116161811	0.07714845769	0.08349236489	0.03373506641	0.07519547047	-0.03789483784	-0.00596901049	-0.05798183402	-0.1326217307	-0.06193630307	-0.03384150166	-0.07408292386	0.07286264878	-0.1083315521	0.05684795056	0.2625034836	0.01158902092	-0.113798147	-0.002968216266	-0.06533016675	-0.03590811024	-0.03845487935	-0.1638511909	-0.05013982635	0.141186614	0.002860585817	0.01562881182	-0.02089641336	0.08059192703	0.1008169897	0.06944373184	-0.05835481603	0.0614093934	0.09311665465	0.09618671037	-0.004076087202	0.03212792662	0.005739115831	0.1029784981	0.09736512224	0.09839446961	0.04728409475	0.1561578474	0.06536071981	0.03347761716	0.07532577079	0.1020604042	0.05111011195	0.1496805464	0.02617352819	0.1338487739	0.02267642719	0.04462319408	-0.00123373129	0.1621975653	0.08303706808	0.0425753949	0.3047846996	-0.03659170497	0.04029309189	0.0220272019	-0.00383946763	0.09404919874	0.3185208687	0.02819325405	-0.085656961	0.07913605107	0.02082898831	-0.02192557746	0.01064210096	-0.3384006898	-0.1986646664	0.07491136793	-0.006171766117	0.1874531868	0.09482294908	-0.08215397418	0.07077984967	0.1243339854	-0.3511660751	0.1357309397	0.02349282596
0.01959588723	0.1185261479	0.1262614334	0.1484984527	0.09469554194	-0.001614719416	0.04929890951	0.1153588959	0.07146817635	-0.3630899983	-0.3434615113	-0.3530955842	-0.3273128419	-0.3081748902	-0.3116424493	-0.3217242904	-0.3584568084	-0.344927298	-0.3010914526	-0.3296723843	-0.0396792149	-0.04277970312	-0.2942306435	-0.06885133662	-0.05155085288	-0.3197380314	-0.3201513486	-0.3118087355	-0.3134445233	-0.04150854862	-0.3097664764	-0.05628197781	-0.004536595976	-0.2068535738	-0.03224463992	-0.315307743	0.05914958708	0.0594614149	0.0507682467	-0.008451783125	-0.0200239502	0.0320377404	-0.3748959283	-0.07350933272	-0.3370809239	0.01369192915	-0.0356216456	0.01460361776	-0.09307094502	-0.0442871151	-0.01191696186	-0.02654687445	-0.318070234	-0.3090084877	-0.2982105873	-0.04901230863	-0.03784555638	-0.01990330975	-0.3740732694	-0.3671693284	-0.3606353865	-0.02701978002	-0.3113118732	-0.02112834596	-0.04735824981	-0.01646021357	0.07060143832	0.02932039049	0.05371152636	0.0956919682	0.5630124255	0.1089772565	0.1197416555	0.195975941	0.1306186737	0.04811323401	0.02335550226	0.02010451773	0.118257902	0.04285548902	-0.001562878835	0.03777022015	0.02754856446	0.1094812199	0.05811598188	0.065645657	0.04364906781	0.02851129922	0.06925042532	-0.07754772418	-0.009959133353	0.02408165222	0.07764928106	0.05942767698	0.09224510959	0.04403590769	0.08814540059	0.03061256701	0.07453566336	0.1587285133	0.05461851253	0.2384915474	0.02397282801	0.079615282	-0.007932422342	0.0404795549	0.01344381211	0.09226343079	0.04250358103	0.03451475399	0.1557112664	0.02931762379	0.07883141058	0.09146477391	0.1186101469	0.1220934574	0.09581754558	0.1099607376	0.02701326686	0.07684160386	0.02077179052	0.03738389526	0.0362386183	-0.006697897702	0.08954230344	0.0524460921	-0.3649523018	0.1713210699	0.0218100316	0.002021081246	0.03230990488	0.08327049575	0.07598425325	0.01235828509	0.09880243309	0.1508450029	0.06543025388	0.0882817121	0.001499641259	0.04700237125	0.07211307523	0.09554582267	0.06937630642	0.05964896724	0.01715457931	0.01818460467	0.08919960874	0.07475463261	0.02656435076	0.05609897583	0.02789500496	-0.02918293654	0.02846014143	-0.05438945531	0.005200343447	-0.0006073814117	0.02270608551	-0.07458308389	-0.02376681977	0.005518957459	-0.06879790752	0.03171025952	0.02826659765	0.08085050188	0.119012416	0.08623409885	-0.05419647422	0.09847241723	-0.006249934148	0.08431563339	0.07198586205	-0.06406236241	0.02674108665	0.2032871055	0.09720830139	0.128307698	0.07841635151	0.1908851559	0.1505539603	0.08180265387	-0.04647415464	0.09005933754	0.2062887058	0.1383258372	0.03332141026	0.1013590647	0.06597952445	0.201104136	0.05607192371	0.05555104689	0.005987172293	0.1977004543	0.1169806499	0.09230844875	0.1326281352	0.1480046422	0.06319437901	0.1518151912	0.0598287816	0.03095342807	0.03051892594	0.01586451949	0.03396477876	0.0432150775	0.05598861202	0.05612783344	0.02192580701	-0.04062726653	-0.01316972314	0.05326773485	-0.03625867043	0.0704885626	0.1049326962	0.002001941931	-0.02758590615	0.1579688655	0.0499851478	0.04374838364	-0.04062794843	-0.3239229187	-0.207259971	0.06834406631	0.06071528375	0.09397469207	0.1227409398	-0.04515064009	0.09547305175	0.0761938098	-0.3396765949	0.1217250718	0.09168096485
0.05079395671	0.02127043417	0.0490738671	0.1297705629	0.02755619731	-0.006880147336	-0.0009565079378	0.03942421947	0.1086771455	-0.2669063868	-0.2946076896	-0.304689554	-0.3072129407	-0.2581925596	-0.2721757333	-0.3263353308	-0.2678202763	-0.2898384148	-0.2449284248	-0.297257581	-0.1131618271	-0.0242156764	-0.2762222959	0.01864036854	-0.05994011663	-0.2441753874	-0.248593103	-0.2415562684	-0.2254069611	-0.0613112583	-0.210240012	-0.04065490653	-0.06937870737	-0.2069891774	-0.01019668125	-0.2835641277	0.04407145532	0.08556077064	0.07125835852	-0.01562506881	-0.06808906923	0.04762431726	-0.2881239007	-0.0674522521	-0.2820531029	-0.03084025429	-0.06006921341	-0.0433839723	-0.109010881	-0.1227340574	-0.04666331648	0.03249927427	-0.2899761102	-0.2823947358	-0.2977955546	-0.06337493285	-0.04812716839	-0.1021143201	-0.2979476125	-0.2913270517	-0.282223099	0.002506985524	-0.2438685517	-0.07556082551	-0.09063061223	-0.03132923609	0.02500808325	0.1023183409	0.01995635839	0.1030906761	0.1089772565	0.6032485507	0.5897958843	0.07904007326	0.081251518	0.0812043325	0.04410415937	0.1037466447	0.1264294226	0.04797230651	-0.009508006659	0.04287514593	0.09832971512	0.028948439	0.07649766425	0.09141956538	0.08617047938	0.04117771346	0.02915115655	0.01618411869	0.05017149006	0.03597151915	0.04092692251	0.1057584533	0.07740237687	0.06151447061	0.0751928655	-0.01702956356	0.1446242715	0.1572776794	0.01610576423	0.06665423039	0.01310760086	0.1401260136	-0.03236351147	0.03725825546	0.03018158378	0.07979141186	0.02927326736	0.05276457811	0.1248920344	0.03335114742	0.04870520336	0.08427498655	0.06472818401	0.07314674469	0.04913319997	0.01589802347	0.02694388945	0.08878450443	0.04622713445	0.01942251024	0.01458770372	0.07613234356	0.06094282627	0.02417331782	-0.2816848394	0.000701194832	0.03914134781	0.01315457832	0.04183693604	0.07021769675	0.02566723899	0.0129801017	0.04109627121	0.1525851737	0.08115656367	0.07362124374	0.1225889831	0.057119285	0.005384565631	0.06347770902	-0.009214577281	0.07436053134	0.03643456887	0.03246707393	0.05908979924	0.1143239574	0.01463270834	-0.01184195575	0.0358236531	-0.04843144696	0.02619560988	-0.01358489389	0.0403261312	0.04367772795	0.08095994843	0.003136584305	0.001180837313	0.008688409814	-0.02806254833	0.02400651278	-0.00640849963	0.03617506166	0.1511402548	0.05840912065	-0.07130159304	0.09012508509	0.09835157062	-0.02995479549	0.0740586311	-0.06262908454	-0.01466055996	0.06942410124	0.04757010927	0.07906320734	0.07758577663	0.1283975339	0.1538348541	0.07931662957	-0.01496687591	0.1020156294	0.1378030867	0.1803825756	0.0778755176	0.04289461794	0.03732386259	0.1004084922	0.05805782502	0.09095588161	0.06665753026	0.1373072995	0.1099548215	0.03947375647	0.08044707821	0.09277101361	0.006911891791	0.05871169355	0.008313611208	0.177044905	0.1165228319	0.1048888008	0.04870831595	0.1030447677	-0.03228398302	0.07986631801	0.0577034405	-0.03904120754	0.002235169221	-0.05512308341	-0.1112307055	0.04722171443	0.04671340865	0.06288761662	-0.02943235153	0.1796193108	0.08476933221	-0.02230214198	-0.03843738581	-0.3128015816	-0.210634013	0.1103715485	0.07668246416	0.05595078736	0.07451648902	-0.08559719831	0.02402312037	-0.02719841115	-0.3411817457	0.01979959325	0.07963648817
0.04700824785	0.01882610925	0.05004417378	0.1226687616	0.02501653494	-0.01273105614	0.0008499802823	0.03941449827	0.1021311121	-0.2665077176	-0.2946001199	-0.3047590193	-0.3071117036	-0.2578938824	-0.2722921219	-0.3260606987	-0.2674987044	-0.2900344257	-0.2455615084	-0.2962352379	-0.1122192407	-0.0260526789	-0.2756514991	0.02056297756	-0.05794214073	-0.2430335853	-0.2478810516	-0.2416077251	-0.2245970679	-0.06003488603	-0.2096136054	-0.03361671345	-0.06733499485	-0.2057607202	-0.009860593429	-0.2829361412	0.04930285771	0.08710697813	0.07278834518	-0.01363055877	-0.06143352199	0.04906410645	-0.2880118053	-0.06629136219	-0.2815425601	-0.03320596691	-0.05809519285	-0.04127610142	-0.1088002678	-0.1209640953	-0.04487043678	0.0328944568	-0.2892879997	-0.2819491613	-0.2970234224	-0.06207223004	-0.04707235569	-0.09818369195	-0.2976278343	-0.2903866009	-0.2820829583	0.004124406917	-0.2443963038	-0.07110656519	-0.08574922232	-0.03157143774	0.02268533047	0.09873613332	0.02510129173	0.1080150704	0.1197416555	0.5897958843	0.6031993337	0.08306442288	0.09211306252	0.07717396124	0.04635358404	0.1040178771	0.1263322482	0.04187902263	-0.008363030421	0.04206409606	0.09911140597	0.02700507332	0.07730911981	0.09095482809	0.08770895479	0.03550391039	0.02662586882	0.01039537936	0.05145569613	0.03365640931	0.0344138769	0.1069623388	0.07864998588	0.05877423472	0.07238592264	-0.01711187088	0.1394052866	0.15088243	0.01555814958	0.07295900631	0.01704311789	0.1334362446	-0.03086903437	0.03742979442	0.02438790633	0.07677709381	0.02717464025	0.05041893676	0.1247494329	0.03688993762	0.04622826302	0.0839973839	0.06522303283	0.07217480836	0.04325818026	0.01724712064	0.02507428346	0.0841746092	0.04359926502	0.02160854591	0.01195743336	0.07557838823	0.06122813337	0.02490390667	-0.2816797129	0.006213881902	0.03309660325	0.00755073696	0.04285762174	0.06748154037	0.02620049381	0.01381153041	0.04179524759	0.1492163187	0.07482440129	0.07085299513	0.1238954961	0.05521141651	0.01071261127	0.06851136045	-0.008227684981	0.07161640689	0.03407953979	0.03023942208	0.06428713204	0.1160659615	0.01982496152	-0.01074876126	0.03706909963	-0.04744230698	0.02802035685	-0.0123894316	0.04195558012	0.04367859903	0.08103723909	0.005377646433	0.002633886787	0.009558281593	-0.02651402697	0.02095713307	-0.004026499338	0.03686243706	0.1475746912	0.05608439991	-0.07063419374	0.08757101202	0.09687827155	-0.02839749423	0.07284558836	-0.06510269127	-0.003223256923	0.07560096662	0.0520518397	0.07256103979	0.0752730065	0.1307609177	0.1564771103	0.07710217185	-0.02083434307	0.1024591722	0.1382376093	0.1740681123	0.07161436852	0.04418476054	0.03996480765	0.09761768765	0.05522906287	0.08688253512	0.06789078869	0.1301512713	0.1100016823	0.04019336662	0.07764686394	0.09372883388	0.007326024804	0.06993886534	0.008396654312	0.1740141806	0.1167899351	0.1053358203	0.04942127542	0.1040167559	-0.02607896151	0.07342033176	0.05843951613	-0.03793197651	-0.0006462012684	-0.04898630332	-0.1130410717	0.04474115195	0.05165817429	0.06619774058	-0.02826644308	0.173581194	0.08560340701	-0.02104780043	-0.03590259281	-0.3130591911	-0.2099429593	0.1110638576	0.07454531181	0.05765743873	0.0706066574	-0.08330946408	0.01777491531	-0.0261110546	-0.3410541873	0.02077316396	0.07319793194
0.03533161753	0.180018723	0.1596254698	0.09075721114	0.05004270388	0.01712116509	0.03098516747	0.07579532891	0.1275814358	-0.3800441678	-0.3578464312	-0.366278856	-0.343758888	-0.329852718	-0.3284405784	-0.3441399711	-0.3762216204	-0.3639828435	-0.3059277264	-0.3528559625	-0.04674212154	-0.04671028565	-0.2998144629	-0.09416918575	-0.07791719323	-0.3422012007	-0.3357022229	-0.3365839311	-0.3354265324	-0.06272834747	-0.3428406572	-0.0731718817	-0.04612575222	-0.2079279105	-0.09148445096	-0.3414264288	0.07460693977	0.08964348046	0.07719131309	0.01334352321	-0.03177301672	0.07132568337	-0.3902868091	-0.04599057429	-0.3539708256	0.006576215977	-0.05538984041	-0.02092888952	-0.08169400512	-0.04619909542	-0.05057459019	-0.05943569305	-0.3410871289	-0.3286178496	-0.3205402954	-0.07232308631	-0.06851043133	-0.04250243194	-0.3851079852	-0.3729537162	-0.3692446829	-0.03378516687	-0.331656047	-0.05377019121	-0.05472179326	-0.05988450072	0.02797944484	-0.02039296584	0.05503688562	0.1640373002	0.195975941	0.07904007326	0.08306442288	0.5732616664	0.187926192	0.08467174985	-0.01221444607	-0.04374156661	0.1961075637	0.06228520186	0.01264377901	0.06328857933	0.04700928447	0.00744111994	0.05338568057	0.09376247212	0.04900304799	0.04628031392	0.134396077	-0.0397296646	-0.01961734508	0.05888916204	0.01698493093	0.0741920413	0.08078255722	0.09765419741	0.1092832776	0.1397894025	0.08663049201	0.0001815622047	0.1326718087	0.2667310985	0.0458783545	0.003261435017	0.05225354953	0.0650539497	0.06778206939	0.007153720425	0.06248421972	0.03077931664	0.1377575486	0.08558416911	0.1072495656	0.055244662	0.04602006003	0.1233782493	0.06464421342	0.05257046249	0.03064990585	0.07438833349	0.1116011391	0.03850487505	0.04648470415	0.09626674544	0.1272698179	0.0247195645	-0.3803559808	0.1992993917	0.06264392148	0.01660619892	0.1256542555	0.1168603926	0.08410894621	0.09777153602	0.07273638227	0.1466068712	0.07528584059	0.1061568103	0.09623663023	0.05545421249	0.02264440696	0.04527485413	0.1092493521	0.003336585405	0.04849703832	0.03245698841	0.07838864576	0.0593612495	0.04064816599	0.1057724884	0.1350037399	-0.02733760975	0.06929053482	-0.03995872581	-0.02519943918	-0.0317805398	-0.03196711424	-0.08693981267	-0.02275140063	-0.04662549802	-0.06117966659	0.02348890116	0.1028834281	0.1231700986	0.2193985907	0.06552205369	-0.007941503722	0.07674761663	-0.04584783966	0.06909542379	0.07555528264	-0.1193297357	-0.04750206787	0.206836298	0.06750001457	0.1069782057	0.08091241248	0.2226254812	0.2462656491	0.01783274393	-0.03249720519	0.06419896439	0.150338288	0.08894672558	-0.03147820638	0.03523308204	0.0275285805	0.1004461092	0.08398734247	0.09735538913	0.1601309084	0.09902241103	0.1139939741	0.04740728386	0.07225398583	0.1182747901	0.09743226079	0.2621720352	0.06011456963	0.200991379	0.09099738684	0.1409865736	0.1233267864	0.2079825013	-0.02435363359	0.1038538557	0.02114156137	-0.05097176252	0.008576613012	-0.04359718478	-0.05201410276	0.06874593416	0.05857199977	0.05482048183	0.01594464091	0.05979686898	0.08514026993	0.110895317	-0.06721414729	-0.3195587459	-0.2068207121	0.06147640328	0.02611105501	0.1405951391	0.08115574463	-0.07167393429	0.02902049255	-0.02046475824	-0.3352587157	0.1919527752	0.05919495057
0.02837822761	0.09183274353	0.1781342977	0.05596826994	0.04673748081	0.03812701166	0.004085604993	0.07958593212	0.2252254004	-0.3510149381	-0.3377065597	-0.3372090553	-0.3220826174	-0.3154956024	-0.3031243595	-0.339939045	-0.3500446233	-0.3357126635	-0.31836191	-0.3504576626	-0.06356743518	-0.08536963812	-0.2995798822	-0.09023557704	-0.06772919205	-0.3196765717	-0.314924909	-0.3189530633	-0.3171912226	-0.08320304873	-0.3171859577	-0.04924791701	-0.0539892247	-0.2091182666	-0.08455360738	-0.3187390723	0.07588323346	0.1377683314	0.1192679088	0.06868913035	0.004481162591	0.08251121677	-0.3644782474	-0.05183027372	-0.3334231629	-0.009802036092	-0.04629037991	-0.009223687623	-0.07142354393	-0.05524853884	-0.05342735231	-0.04684958053	-0.3187045281	-0.3093312843	-0.297239662	-0.07207470251	-0.0613333829	-0.07563339608	-0.372040646	-0.3630784804	-0.3453222311	-0.05587930945	-0.3130443226	-0.052930555	-0.04354896819	-0.03731421459	0.07821464883	0.007382900694	0.06575978802	0.08742942178	0.1306186737	0.081251518	0.09211306252	0.187926192	0.5400254573	0.098597209	0.121231852	0.06463419546	0.08208290259	0.129716832	0.01991804041	0.08049054131	0.07599895722	0.05547926403	0.166849453	0.02628980486	0.03580039826	0.1434235102	0.05833931545	0.05200147048	-0.06233358422	0.0160274834	-0.01234954937	0.1351066967	0.1094726562	0.02196513481	0.01952569056	0.01523786568	0.1308983456	0.004596893339	0.0640710744	0.155655249	0.01369925388	0.06882890477	0.07575798642	-0.01650575734	0.03985842817	0.07754762713	0.03497653023	0.04067593192	0.06058877748	0.1247218596	0.1342266629	0.05669496409	0.0591528533	0.06285414976	0.04759278664	-0.004498502108	0.09601566452	0.1158130153	0.01747845997	0.0681942626	0.02088990453	-0.005335854412	-0.03211707848	0.06318513642	-0.3549266138	0.1300383934	0.03483838759	-0.02983341712	-0.009290905813	0.02608340854	-0.01245844392	0.03089566994	0.02979488942	0.003264882678	0.08006433744	0.01819233487	0.04438253127	0.09660604578	0.02335188197	0.06090829287	0.08178976556	0.166576034	0.1096265585	0.09718485271	0.09159866076	0.1261843763	0.04373624264	0.09853090635	0.1322536265	-0.01176355233	0.06163911699	0.03937181874	0.04094753868	0.006843883397	0.0309927039	-0.002128833391	0.04619698653	0.02503277721	0.002901974316	0.02798805196	0.04078754369	0.1096594981	0.1434965381	0.04035641198	-0.05204994087	0.02081030918	-0.003276000254	0.05201437641	0.02284977841	-3.912216699e-05	0.07687299049	0.173375743	0.1334452837	0.02319421901	0.0454977504	0.1077531117	0.1421261042	0.04585493922	-0.02222806507	0.0465177535	0.1545850755	0.08237658231	0.1334671381	0.03435477487	0.002242931781	0.09345024327	0.08211658136	0.07218181707	0.02022765661	0.1162281311	0.02696744614	0.04911429677	0.0650491434	0.0811181776	0.1279010526	0.2327639671	0.0442134749	0.2514095943	0.1951419221	0.1909915224	0.1677612235	0.2031522749	0.006873185843	0.1014131345	0.06664669094	-0.05500064798	-0.03941618447	-0.04968725056	-0.05869929012	0.09639009988	0.1162320715	0.07174564081	-0.00481013309	0.01810332458	0.007114421086	0.06708511345	-0.08389911211	-0.3279497602	-0.2148908357	0.04889925575	0.07764592032	0.1390039899	0.08812271953	-0.05969864955	0.06444722328	-0.06073176195	-0.3362383832	0.1359094345	0.1016051928
0.2502510498	0.04947918039	0.130856199	0.1490378596	0.03203478032	0.07850705408	0.06948856349	0.07453137707	0.1302254825	-0.3819752337	-0.3618378417	-0.3682022516	-0.3432187077	-0.325921363	-0.3315633815	-0.3441834993	-0.3740769092	-0.3658487827	-0.3292015205	-0.3526094179	-0.08319580406	-0.08082325935	-0.3206185787	-0.09725763057	-0.08408553145	-0.3390251878	-0.3355004557	-0.3295833352	-0.330571073	-0.08633563084	-0.3318059403	-0.104608384	-0.05263639397	-0.2323967449	-0.1101294817	-0.3303388921	0.09464799012	0.1296204813	0.1289575502	0.05963492148	-0.0212851832	0.08063238012	-0.3892657783	-0.1068101849	-0.3494225625	-0.004825019132	-0.04341683676	-0.04852627764	-0.09691991546	-0.07871675721	-0.07525713677	-0.06030533644	-0.3354940341	-0.325204121	-0.3124046105	-0.09001616785	-0.08123290692	-0.07706184469	-0.389956068	-0.3816928387	-0.3795827216	-0.06354636613	-0.3253421142	-0.05286958806	-0.05483349268	-0.04597765985	0.0275890643	-0.0005218549533	0.09198649659	0.09373909347	0.04811323401	0.0812043325	0.07717396124	0.08467174985	0.098597209	0.4316400368	0.002498174092	0.0301417822	0.1051494865	0.1159580182	0.1133259223	0.08135931631	0.2418861627	0.0380911449	0.1659216139	0.2496123446	0.08339128391	0.05962023034	0.1304136984	-0.02534279867	0.1854204964	0.05749600017	-0.01835386563	0.1546842243	0.03044847599	0.07668149671	0.06083648422	0.2089492636	0.1616698845	0.02435115596	0.1794914361	0.08954220912	0.04810596227	0.006705606238	0.05903590621	0.1319340929	0.129313351	0.09768150509	0.02189202678	0.09965953803	0.1877022279	0.1009995288	0.06474485315	0.2850390291	0.2587411689	0.1331702859	0.07551735456	0.09516628742	0.128955822	0.04047551069	0.1435233316	0.04537231026	0.01390763471	-0.09703858341	-0.009653004495	0.004838129345	-0.3791228814	0.03736542514	0.1335916469	0.07090247488	0.1862143859	0.07412319451	0.1526581327	0.2240969703	0.02987562201	0.02442146137	-0.08214995357	0.06166194416	0.1134399054	0.05418360151	0.05636607836	0.1397171454	0.1613356047	0.116468486	0.1533533873	0.1308021786	0.101209666	0.1579935561	0.1119412417	0.1748567674	0.05637852176	-0.03649282982	-0.0134345163	-0.01625410928	-0.01278876506	-0.01246580219	-0.02142484017	-0.07381175607	-0.01589526097	-0.02993913254	-0.06516007352	0.04046028231	-0.0527362987	0.270109263	0.1197268613	0.1518759217	-0.1215616002	-0.08689130118	-0.1007503019	-0.09888728907	-0.09519056252	-0.08103178249	-0.003605152577	0.07589020403	-0.002322045504	0.01124776083	-0.1010673963	-0.003233425522	0.04229591933	0.1580278589	0.01694044299	0.1908869628	0.02614840333	0.05694520117	0.04158219478	0.07835503001	0.08684008283	0.1167773736	0.1693391314	0.3617786924	0.1873452429	0.1219868481	-0.01239729138	-0.01052942195	0.005874925912	0.04395002623	0.02113890111	0.09433831694	-0.03507574508	0.09705848154	0.0358200749	0.01623544703	0.1038449872	0.07756859467	0.0163879745	0.07765624459	0.04931286004	-0.03244578191	-0.02114143278	-0.05814603965	-0.07191319472	0.1459377212	0.1049043072	0.1677706805	0.05284447154	0.09986306687	0.161127089	0.1472866976	-0.09541596864	-0.3428241006	-0.2344474348	0.00243488462	0.05138799852	0.06216961212	0.3027985588	-0.06179691168	0.107636605	-0.03691534617	-0.3520958446	0.08415511063	0.05072592317
-0.0007682484259	0.06012059337	-0.01707270557	0.02246586371	-0.03832423648	0.09610502817	-0.03907645855	-0.02772517295	0.1766790551	-0.3054526689	-0.290785865	-0.2893417094	-0.2790992033	-0.2683637401	-0.2601547288	-0.3002953313	-0.3027783327	-0.2873791442	-0.2383088294	-0.3103911038	-0.02676754031	-0.05019844448	-0.2535249277	-0.01045888631	0.009521759232	-0.2835066029	-0.2761112953	-0.2716763293	-0.2706930318	-0.002040684801	-0.2719034671	-0.002590802458	-0.02057761106	-0.1623827147	-0.05444421203	-0.2689867324	-0.01212768474	0.01134186265	-0.00232322058	-0.03280823108	-0.01028935076	-0.01504522386	-0.2949199665	-0.00330690926	-0.284428283	0.00538468601	-0.01334262472	0.01548928191	0.01387669134	-0.06497427775	-0.002921879772	-0.02059346247	-0.2892942695	-0.2668979291	-0.2606941398	-0.004490005201	0.003697009636	-0.007401522237	-0.3007006992	-0.3140307302	-0.3057396852	-0.05311510245	-0.2666207535	-0.01481446425	-0.03755923075	-0.01513249267	0.08011745109	0.01523787793	-0.03676693418	-0.0139983135	0.02335550226	0.04410415937	0.04635358404	-0.01221444607	0.121231852	0.002498174092	0.7216052724	0.1367398471	0.06426347219	0.00748792837	0.1144808533	0.1408645225	-0.0325030836	0.1193909102	0.1544417097	-0.02215509639	0.05383448041	0.08887544078	0.001359040922	0.1759939238	-0.02415943482	0.04660864767	0.02685609534	0.02003977106	0.0505119998	0.05019120468	0.07124040191	-0.01828094615	-0.004730620967	0.07902311579	-0.05664971503	0.03590719579	0.08681857334	0.1425104053	0.2198789491	0.009425785252	0.02010003829	0.09742417989	0.06230005516	0.004770222665	-0.008066877266	0.001079982702	0.05617898114	0.04627568042	0.02401789358	0.060042352	0.08776995245	0.0450816028	0.002886023207	0.1121437782	0.01930105333	0.3412468507	0.04431979904	0.1085471854	0.1459496024	0.07731348786	-0.2877110657	-0.01010405551	0.013889643	0.0624292403	-0.05676632113	0.0462026656	-0.04454290036	0.02444450876	0.02661083034	-0.06195200106	0.0476383167	0.06976394974	-0.02413719662	0.1186806631	0.03319016751	0.002945034643	0.01618551509	0.1457750676	-0.0195188239	-0.008178945625	-0.03980098634	0.1540137359	-0.03607297968	-0.00461341037	0.07365792221	-0.04551169345	0.1109410072	0.06968823815	0.1181207068	0.02632235005	0.1825186754	0.1774420129	0.1673147317	0.137849469	0.09417349885	0.2369138999	0.04810117906	-0.01548569646	0.03387520305	0.007826141659	0.08495682331	0.01923148739	0.07120499254	0.07608155776	0.03194340368	0.1876754278	0.1857521355	0.06327454963	0.04611258074	0.05445037132	0.02837928022	0.03406015325	0.004131090505	0.1774456926	0.06906430175	0.05975429902	0.006545943375	0.02070317218	0.1968544353	0.1856894191	0.0688408803	0.03331819582	-0.0118586261	0.02247676454	-0.06697459063	0.01931261043	0.04015511966	0.06376497788	0.05414922289	0.01575646622	0.1043790197	-0.008614967228	0.09807681643	0.0818276961	0.1151067734	0.1102487725	0.03318638442	0.07425600597	-0.01678664898	0.07963360552	-0.004005280035	0.0260367577	-0.02455417513	-0.02303074524	-0.04272563045	0.02103836697	0.01503276571	0.003327395104	0.09329721672	0.001299726246	-0.003881384786	0.00659595858	-0.05175880173	-0.2853024017	-0.1772926989	0.1339984678	0.1082588944	-0.00829044754	0.0240841374	0.001563710353	0.1161460538	-0.04381307128	-0.2661874283	0.02718341462	0.1288949742
-0.002822392458	0.01074304165	-0.0006644898682	0.04321287403	-0.01167712764	0.03816084414	-0.004481484386	0.0200267999	0.07877515368	-0.2984693197	-0.3417897651	-0.3381466656	-0.3256089884	-0.2749512638	-0.2829775352	-0.3351729396	-0.2935189451	-0.340192551	-0.259652629	-0.2911079289	-0.06963130053	0.003251200738	-0.2753945994	0.03734969423	0.004668630426	-0.2413210456	-0.2356512408	-0.2792727872	-0.2327873018	-0.02189712154	-0.2355389479	0.05075976107	-0.03907400574	-0.1858540403	-0.0009782759781	-0.2869021693	-0.02615436578	-0.02128087369	-0.02577110248	-0.03451949226	-0.03687192499	-0.03686728288	-0.2537075052	-0.04637835866	-0.2539896003	-0.05137970905	-0.03113408793	-0.01600809255	-0.04175769011	-0.08119646617	-0.03071725393	0.08169214382	-0.2957181059	-0.2852690508	-0.2692177753	-0.02103653671	-0.006824843231	-0.0537350216	-0.256647344	-0.2763843214	-0.2654951045	-0.0346713157	-0.2680045848	-0.07474050388	-0.06045641896	0.01861719169	0.03918219085	0.04787299197	-0.01908810434	-0.001734881206	0.02010451773	0.1037466447	0.1040178771	-0.04374156661	0.06463419546	0.0301417822	0.1367398471	0.7275420352	-0.02232422151	-0.02741807584	0.02425401631	0.01169691722	0.09604081549	0.0967540966	0.02811583874	0.09131314998	0.1397353212	0.08930728257	-0.01876292231	0.04929023547	0.04301389442	0.01025178811	0.09600039884	0.006237532196	0.1380970168	0.01239326104	0.04725753672	-0.02544553766	0.07331949598	0.3011730686	-0.02629778348	0.07823748186	-0.03793861856	0.3145217715	0.03315232963	-0.000901241084	0.006610643243	0.0436506477	0.05571835715	-0.03562280352	-0.006648976162	-0.05519013839	0.02260805772	0.03211654872	-0.01224316611	0.09455502554	-0.008816655864	-0.003484837652	-0.04079837308	0.07663778613	0.01347953154	0.1312866949	0.1483257055	0.1448288898	0.1603030787	0.04367423669	-0.2477945877	0.07534768959	0.01341590069	0.04106688587	0.04611877966	0.01776567022	-0.02549768856	0.002047482667	0.03149212338	0.04274145338	0.1491503198	0.04552080247	0.1045006816	0.1503987872	-0.02713831163	0.002643754808	-0.03978195457	0.04363035939	-0.01862649211	-0.03868814165	-0.02481277816	0.07448220377	0.002158495872	-0.02761974668	0.09131031712	0.03214949097	0.07617325634	0.09812299982	0.1289400831	0.03951111059	0.1337304437	0.1147531719	0.1137070848	0.1370771765	0.0558026104	0.09031788909	0.1533640392	-0.02467011451	0.03598808451	-0.03515730634	0.0181299719	0.1810686177	0.2006538103	0.1157511531	0.1629537304	0.07297039785	0.1866218743	0.0986658722	0.07440790992	0.1420769386	0.1785695268	0.06152623895	0.0909873109	0.033308856	0.04989374165	0.01982277383	0.1225369277	0.1891529484	0.1956077496	0.00679533403	-0.02671005586	-0.01463976073	-0.01238648626	0.01724237802	0.06863201492	0.02752792855	0.1160018533	0.1057301074	0.0241478775	0.03908479325	0.06695569718	-0.01525087126	0.102862433	0.04910434749	0.2144827116	0.2064017939	0.04616314632	0.02265053591	-0.01309729603	0.03840091973	-0.03211560147	0.01187847412	-0.04670895992	-0.0296735711	-0.08163678772	-0.003365636404	-0.02514109009	0.04325675979	0.01987159862	0.169973752	0.03576209848	-0.0132045443	-0.00892268961	-0.3508457116	-0.1951814492	0.2248166414	0.2301910851	-0.03962544537	0.02475820407	-0.02295151416	0.07338644804	-0.008605557989	-0.3279354585	0.02052748434	0.06577532076
0.09320704369	0.10242179	0.1115266309	0.06689277023	0.05506439864	0.1381987089	0.01242296857	0.03660049256	0.05952237992	-0.3802795301	-0.3608225014	-0.3714842755	-0.3488407951	-0.3362018036	-0.3317801134	-0.3461255779	-0.3757456958	-0.3762983799	-0.3306222832	-0.352426635	-0.0760163504	-0.09260860526	-0.32877004	-0.1079418081	-0.09170624457	-0.3556232099	-0.3473072052	-0.3344113243	-0.3405958019	-0.08509869638	-0.3431722319	-0.1069650902	-0.05848581545	-0.2177683442	-0.1140782975	-0.3387688414	0.1374097768	0.09945010438	0.08446745524	0.0187403112	-0.0461863528	0.06048588468	-0.3876000883	-0.08092858734	-0.3539110631	0.02996026736	-0.05998255133	-0.02165480515	-0.1189261671	-0.08270128449	-0.07104664103	-0.07267844734	-0.3414739545	-0.3359037475	-0.3269700007	-0.0973115749	-0.08791512774	-0.08342999903	-0.3981960315	-0.3795037963	-0.3814927726	-0.04963610363	-0.3335201865	-0.07423563628	-0.07589720577	-0.06173447465	0.04055580967	-5.923485724e-05	0.05961834048	0.1553317845	0.118257902	0.1264294226	0.1263322482	0.1961075637	0.08208290259	0.1051494865	0.06426347219	-0.02232422151	0.6635593076	0.07881548369	-0.03571189813	0.04667652229	0.06272458476	0.05255319608	0.1025819755	0.07471838581	-0.002526667767	0.03010743851	0.03391411445	-0.05638620412	0.01775648658	-0.002102990567	-0.0227086721	0.1116699671	0.02952497502	0.01990824758	0.02642760985	0.05083074616	0.1305274187	0.01291825805	0.08452855403	0.1086234101	0.04994982531	0.02008267188	0.02504321587	-0.0158879273	0.03790518858	0.1179162028	0.06737014078	0.2750140542	0.1171880605	0.06460090665	0.1192058873	0.1267815548	0.1157271973	0.08197817881	0.07323331945	0.2592158124	0.3540395008	0.02147336774	0.02423689018	0.2618743637	0.197081932	0.2315175179	0.1008189372	0.1175425263	-0.3776644318	0.2485768791	0.02803970246	-0.02305716574	0.04197234307	0.03024210514	0.01461213764	0.07699061107	0.09144707039	0.02588171438	-0.05809779617	0.02725397213	0.06874694298	0.08622305186	0.08530689807	0.1812837218	0.0798097439	0.3323072494	0.3453127367	0.3435437621	0.095936911	0.09480016753	0.06660263116	0.06309377933	0.168556879	-0.05808466618	0.08299134946	-0.05186385565	-0.003977779842	-0.005571625524	-0.02858470215	-0.07935987744	-0.01916543302	-0.0203726043	-0.06506453642	0.05687823271	-0.07312067424	0.1011782281	0.1844638975	0.03460860728	-0.09008273396	-0.03933736367	-0.1053412309	-0.0407563623	-0.04823642682	-0.111538479	-0.03206941285	0.1315123315	0.0328913885	0.03571224983	-0.05624768784	0.09005231191	0.2496119279	0.1185420738	-0.03216339548	0.1276135557	0.05690224679	0.06828331901	0.02925332229	0.1239008862	0.03536227862	0.1446675202	0.3125348554	0.1036903493	0.07035661195	0.1079081127	0.03390212805	0.08152237465	0.1054552527	0.1204705785	0.05904324732	0.09810140603	0.03104804167	0.1933564453	0.08117875287	0.08389322944	0.2304678296	0.2572864684	0.008409609343	0.08948224608	0.006358316894	-0.04507998802	0.02279843776	-0.03016761133	-0.06047827048	0.3003680496	0.0986444902	0.2800758232	-0.0612247714	0.05010555781	0.02929930943	0.03681580355	-0.0968268423	-0.3429096139	-0.2183529819	0.1000258971	0.05865641229	0.0614371529	0.09140583697	-0.09083205644	0.05210671798	-0.01304478672	-0.3628368308	0.07793784035	0.05822813524
0.05103479349	0.07369910932	0.112722707	0.1666352446	0.1353281226	0.08428093195	0.2057233188	0.1782387625	0.1046573273	-0.3691896386	-0.348931685	-0.3556637579	-0.3357430996	-0.3210377893	-0.322290592	-0.3419910656	-0.3631226484	-0.3587986153	-0.3237046861	-0.348151204	0.01291049385	-0.01401217599	-0.3165071037	-0.08981174685	-0.06777289799	-0.3392296609	-0.3275356335	-0.3256924555	-0.3251769757	-0.08813014731	-0.3178991867	-0.04034936253	0.1586771082	-0.2229552258	-0.01746276671	-0.3236462327	0.3091133902	0.3756730828	0.4341311083	0.3080186861	0.1243028847	0.3750221556	-0.3796988558	-0.08163100099	-0.3500982513	0.1518433802	-0.04255044503	0.1117767633	-0.09249401081	-0.005824639672	-0.06802241557	-0.04304232206	-0.3312789293	-0.3191807809	-0.3048802583	-0.07835346459	-0.06326242991	0.07344029257	-0.3707772999	-0.3749567809	-0.3727802604	0.007425282883	-0.3279226794	-0.01668354239	-0.01157297581	-0.005022406284	0.1524962883	0.1792454367	0.2219781721	0.2672732564	0.04285548902	0.04797230651	0.04187902263	0.06228520186	0.129716832	0.1159580182	0.00748792837	-0.02741807584	0.07881548369	0.5426249428	-0.08039808604	-0.01366229538	0.1016439946	-0.01419063506	0.09670599733	0.03963669723	-0.0006178423628	0.04206326914	0.03166645617	-0.05707628526	-0.03133419185	0.02244448853	-0.01791660623	0.3228075716	-0.01490286864	0.008515331952	0.00923874674	0.01609921685	0.1420215763	-0.00343715738	0.05823720051	0.101575228	0.1429924276	0.0006778136995	0.1177459845	0.006525498735	0.03851578543	0.1053848464	0.04202784251	0.02226617247	0.0964740462	0.3158487485	0.1048802532	0.05920318948	0.09785146084	0.03570330999	0.04507102956	0.03628331792	0.127138835	0.02093994511	0.004546363641	0.01060594875	0.003978558103	-0.1219853935	-0.03624401652	0.02107168038	-0.3701958749	0.01503013876	0.03990403961	-0.01453097494	-0.0265381945	0.005862429829	0.01673098637	0.04156302907	0.0332919898	0.00325766906	-0.03259136658	0.01011825001	0.03825766845	-0.00531139366	0.1069048856	0.06796936913	0.007994898235	0.1384397368	0.1711817491	0.1340664144	0.2768542856	0.03974508932	0.1595455709	0.02135594394	0.06205798233	-0.01262743551	0.01536810515	-0.001094334633	-0.05018061015	0.01332458066	-0.08034358748	-0.1369428708	-0.06958588502	-0.05354436827	-0.07140260811	0.1255701969	-0.09984575377	0.0955094578	0.1418528266	0.05207012992	-0.1297671848	-0.05075178625	-0.09000321495	-0.06904526142	-0.07048340992	-0.1229558006	-0.07241889496	0.1113494141	0.001931824024	0.006122729183	-0.06952540818	0.02243198606	0.04971587707	0.07669888502	-0.008093572092	0.05775175013	0.05104124092	0.06657070567	0.02634023759	0.02694405403	0.02387184646	0.09545618845	0.1570968826	0.08903163411	0.03351374667	0.1517226794	0.03241777119	0.01861951926	0.03979790009	0.0712357539	0.08200627992	0.1260068008	0.04253470736	0.1264902552	0.05776301856	0.04145753393	0.06444340923	0.1141949044	0.1272934668	0.08425625135	0.2785387661	-0.03488576391	0.01699968742	-0.04054790455	0.03325116608	0.1409507702	0.2060927034	0.03329562938	-0.06998720321	0.05295502266	0.02095410133	-0.001953805559	0.04702078346	-0.3442269911	-0.2121170305	0.06840836686	0.0112074038	0.2506083744	0.1033681867	-0.06878612706	0.1224618576	0.1074928621	-0.3367349461	0.1364291743	0.04743943009
0.1015121451	-0.01319715636	-0.04909823772	-0.0585761294	-0.07478365427	-0.0836469151	-0.05046129785	-0.06782402089	0.04069237911	-0.2483024465	-0.229476271	-0.2340159899	-0.2406092896	-0.2425745769	-0.2200505771	-0.2529938436	-0.2443362479	-0.2736961832	-0.1696217008	-0.2636638874	-0.01338702273	-0.05460632027	-0.167768797	0.06192293324	0.06980619395	-0.2646402648	-0.2566268876	-0.2544609673	-0.2410314999	0.08698185489	-0.2479371726	-0.07988395361	-0.08849193522	-0.05367677518	-0.1010577107	-0.2444890653	-0.0715570834	-0.07990907313	-0.08511384612	-0.1036129756	-0.08232881052	-0.02567372536	-0.2494873615	0.08633458882	-0.2674179171	-0.0123424725	-0.06219381299	-0.02336507772	0.0495924035	-0.04443768116	0.0583961936	-0.08895890737	-0.259448151	-0.2321643859	-0.2656641655	0.09340590857	0.100654508	-0.02814562982	-0.2415574128	-0.2389090357	-0.2109296814	-0.004933821337	-0.232775776	-0.07264306798	-0.106779265	-0.07867888506	0.007275956303	-0.07787811136	-0.0763529926	-0.08644549117	-0.001562878835	-0.009508006659	-0.008363030421	0.01264377901	0.01991804041	0.1133259223	0.1144808533	0.02425401631	-0.03571189813	-0.08039808604	0.8765139708	0.4428432764	0.1522535091	0.0265062422	0.05267193193	0.2253380567	0.04310628558	0.1062784391	0.1379794599	0.3690500638	0.2457570213	0.1334683929	0.0009859546616	-0.07344844992	0.2384363966	0.1543390196	0.1221051017	0.2899459434	-0.0478371879	-0.05726015394	0.1628864536	-0.04860860724	-0.03519582159	0.02988798292	0.0129121231	0.1988773775	0.2110321276	-0.0291761166	-0.0152739793	0.08588732689	0.1256045334	-0.01970337837	-0.0626889013	0.1175675202	0.1886541604	0.02288989519	0.1178534828	0.05808033749	0.03174436356	0.122151436	0.1723520593	-0.03243320135	-0.03299335389	0.09375819596	-0.04166745074	-0.06990254484	-0.243443457	-0.007655478086	0.2133280756	0.2332568034	0.2691066267	0.134192601	0.2092857064	0.2734923495	-0.09167281244	-0.01800556374	0.01902425922	0.1123835069	0.06813083335	0.09928335394	0.02733894449	0.05197428094	0.2808291312	0.008849956176	-0.05271698666	0.02141914503	-0.09390218503	0.1137448303	-0.03416411163	0.223750703	0.07183536521	-0.0720092711	0.003417332415	0.02509090779	-0.0209840569	0.002480543691	0.03813612993	0.02290355481	0.01588295719	0.03482946898	-0.003490534905	0.08647325005	0.09200879829	0.1913037576	-0.05723751297	0.08721140189	0.1061086719	-0.03572606136	0.002829600559	0.004260159959	-0.04182771047	0.06929303141	0.2069082931	-0.06017950387	0.0232975622	0.02317965479	-0.02115357004	-0.02792478542	-0.05426274178	0.04778448639	0.133797608	0.02757911762	-0.06820993242	-0.07417490494	0.02820407459	0.0597548715	0.03658955718	-0.006823616869	-0.03348613778	0.1460222219	0.09730532417	-0.06758174789	0.005859820506	-0.0620083402	-0.05464252508	-0.06085888382	-0.0456352701	-0.03598166257	-0.06008826275	0.04728561903	0.004116278423	0.04588401806	0.002527454519	0.04698040391	-0.05870430533	0.05700157109	-0.09496796099	0.03051472106	-0.04281906589	-0.06723278112	-0.02130226236	-0.04912610849	-0.05513220743	0.1390613915	0.4727030792	-0.04092926024	0.2596794166	0.2728828593	-0.03552608403	-0.2107955575	-0.06598301253	-0.07897270068	-0.05682507422	0.009899142356	0.06868099031	0.002403096334	-0.006168138603	-0.08281840644	-0.1367439141	-0.05376122021	-0.06019464029
0.07783930478	-0.03250356548	-0.003665993688	-0.02565607127	-0.03693206888	-0.07046604442	-0.05731309792	-0.05298905455	0.08710167432	-0.3052180793	-0.2915467727	-0.2913496795	-0.296101908	-0.2716573677	-0.2544892022	-0.3163097175	-0.2991525998	-0.2957671256	-0.2150815009	-0.326639646	-0.03659096385	-0.05258010314	-0.1965715061	-0.01268556845	0.01370386539	-0.2826051128	-0.279204837	-0.2825067671	-0.2729897495	-0.00862427548	-0.2758713931	-0.1018922093	-0.09298004014	-0.1142256132	-0.1164644672	-0.2796440352	-0.03081920891	-0.02717132284	-0.04677557268	-0.07234042169	-0.08132500756	0.01061079318	-0.3020831753	0.01261635411	-0.3021567397	0.03776942751	-0.08354357696	-0.06890988421	-0.01256733159	-0.05354896519	0.00483397728	-0.08704918096	-0.2807100382	-0.2653918324	-0.2919490826	-0.01024227894	-0.007981677647	-0.02294656134	-0.3140587011	-0.3133690651	-0.2923306154	0.01556335023	-0.2691112068	-0.06758007206	-0.08773943713	-0.07516522382	0.0005792773301	-0.07294440131	-0.0663026319	-0.05261312854	0.03777022015	0.04287514593	0.04206409606	0.06328857933	0.08049054131	0.08135931631	0.1408645225	0.01169691722	0.04667652229	-0.01366229538	0.4428432764	0.743464468	0.09006184547	0.005686926923	0.1058033134	0.150004479	0.08696436099	0.1566815804	0.1143737619	0.381968592	0.1362519714	0.2232524361	0.02503406538	-0.03724644374	0.2179210547	0.2525336199	0.1702745754	0.232750497	0.01925536471	-0.03985687453	0.1172215474	0.04687562144	-0.004141264314	0.03994639266	0.01269306094	0.1317515572	0.2166811123	-0.05828121746	-0.04067941349	0.1436656547	0.134179562	0.01619498167	-0.03030861155	0.1021437137	0.1484563445	0.000752424983	0.2574161136	0.1292517149	0.02036797919	0.1914490373	0.1339996948	0.01089401665	0.001520867259	0.1051088881	-0.02463992928	-0.06029341822	-0.2954369719	0.02614431616	0.2160016267	0.1302406231	0.1956372598	0.1703988553	0.1616357343	0.1975821308	-0.08994756446	0.05658541679	0.04815340731	0.1806126456	0.0678170583	0.02939429807	0.00217262572	0.07889386154	0.2876271995	0.0813135985	-0.0007864476973	-0.003140604167	-0.04513395199	0.1493309781	-0.03304820623	0.2208929683	0.05075648802	-0.04203694976	0.06167683776	0.02708245313	0.01896064201	-0.00187123868	0.06531623423	0.04331577655	0.05753891374	0.01756125872	0.04499357369	0.04418315626	0.06320426108	0.1418368975	-0.002003856524	0.106961595	-0.01103785367	-0.02054363557	-0.01098441152	-0.004110615807	-0.02765518659	0.06180128554	0.14057892	0.03154828001	0.0305641736	0.065017523	-0.01068899998	0.03268925732	0.004558628513	0.1182292825	0.1125036828	0.07832082334	-0.01299825787	-0.02580454956	0.1179278254	0.09531187453	0.108734167	0.04052413096	-0.01214476049	0.08570067545	0.06252907478	-0.04353219527	-0.03520400695	-0.07677545435	-0.03572321725	-0.06736885273	-0.05901019458	-0.03028440316	-0.06712318627	0.1040360424	0.07119092389	0.0280718188	0.1047522248	0.05778885202	-0.04266246405	0.1132357707	-0.08983715047	0.03403669005	-0.0150968475	-0.08008628803	-0.01436744592	-0.01240591135	-0.03220447362	0.07660538379	0.3576958649	0.03009693737	0.1868125887	0.2524692941	-0.04383155069	-0.2247362001	-0.1398558953	-0.04221541483	-0.06044130259	0.03852863579	0.0821678644	-0.06836344449	-0.02037800556	-0.07216134076	-0.2183593797	0.005888405165	-0.03962931764
0.1662597446	0.01651383721	0.1212181942	0.05311381306	-0.001052282672	-0.004525023844	0.0238867053	0.06203752654	0.02726782	-0.3117241595	-0.3441828786	-0.3531175545	-0.3297253157	-0.313062867	-0.3245066398	-0.3300851238	-0.3056960406	-0.3541509994	-0.3163265872	-0.2829328402	-0.09829727748	-0.02726567506	-0.3073510081	-0.05081354057	-0.107143317	-0.2809373556	-0.2707448143	-0.3248952676	-0.2617370008	-0.1104598936	-0.2668493682	-0.04596583396	-0.05927025517	-0.2459464257	-0.05026214195	-0.3221820525	0.07066324185	0.1068931374	0.1042916977	0.04234957501	-0.01895006567	0.05461614814	-0.2978980467	-0.1184482447	-0.2993796827	-0.02134361853	-0.06930228891	-0.05215933321	-0.1214784383	-0.1000885009	-0.1121646081	-0.01656605493	-0.3292871142	-0.309860057	-0.3023186576	-0.1150800365	-0.111096784	-0.09671352558	-0.3016573864	-0.2981185303	-0.3158652534	-0.01228938657	-0.319130131	-0.08472040517	-0.08488513752	-0.08024567733	0.004962434063	0.05961881582	0.04823086113	0.06595682895	0.02754856446	0.09832971512	0.09911140597	0.04700928447	0.07599895722	0.2418861627	-0.0325030836	0.09604081549	0.06272458476	0.1016439946	0.1522535091	0.09006184547	0.5063003741	-0.01340938442	0.1349196189	0.4061866254	0.1647850556	0.04402736756	0.1592986583	-0.1017805588	0.3246247485	0.03378233394	-0.04433786377	0.1161408821	0.03573246651	0.02052030265	0.002520732118	0.2735239071	0.2254869436	0.05908459891	0.2655061829	0.03911699629	0.02159569531	-0.0250727316	0.01882901784	0.2012349034	0.02897565083	0.06171373202	0.02918123041	0.02266423145	0.2437135819	0.06134741595	0.04209092468	0.2061516478	0.3268635477	0.097131936	0.02601574836	0.08760800382	0.11494941	-0.002145771198	0.1255656117	0.0006413437327	-0.0363261619	-0.1275744431	-0.03562962058	-0.002317814387	-0.2895390319	0.01458143308	0.03262846351	0.02371498745	0.3665786911	0.06629232256	0.2569316291	0.3069556296	0.03788038311	0.06398271727	-0.005568660662	0.002660925732	0.1941528377	0.01389612139	0.04134885837	0.1196827941	0.2207599233	0.08338007534	0.1251236958	0.11305155	0.07565185142	0.08984345906	0.08044586376	0.2360349514	0.03251774145	-0.07419833711	-0.02493348339	-0.05723607485	-0.08056156248	-0.0433676592	-0.09270685873	-0.1212696646	-0.08332004536	-0.07344888307	-0.08459671433	-0.00744861116	0.03329795447	0.3293792513	0.09274674153	0.1162564196	-0.14491397	-0.0009306138242	-0.04881599533	-0.08143137546	-0.009797410353	-0.1120994803	0.06641090095	0.06487908431	-0.0130200426	-0.02363837408	-0.01470091151	0.07993431678	0.1169778573	0.1058540937	-0.0242558501	0.1025819293	0.1055694492	0.1110038625	-0.02785559289	0.04124258321	0.04679155063	0.09405242272	0.09789648795	0.2193622248	0.3059774484	0.09387772811	0.07257608803	0.01960922189	0.01911006393	0.06954478282	0.04259451894	0.1015536011	-0.01198990353	0.08279854412	0.02092363981	0.01214965243	0.04690972225	0.07707221026	0.00488534476	0.0008869497425	0.01871282757	-0.05850303421	-0.04057209368	-0.06795952423	-0.1015333614	0.1026770863	0.06920211236	0.2096759354	0.08727956968	0.1165796121	0.3197895152	0.2023242857	-0.03273239967	-0.347970494	-0.2447352317	0.08395996528	0.09732368011	0.06491494223	0.1941639305	-0.07985149954	0.04512419569	-0.05854786654	-0.3555310997	0.09057706617	0.007506726454
0.04428258283	0.1057173008	0.008441327302	0.06979098524	0.08019380765	0.05304061028	0.02273609543	-0.008567279331	0.06096887239	-0.276219395	-0.2619888729	-0.2670903147	-0.2607834114	-0.2332290587	-0.2130059197	-0.2507058663	-0.273626881	-0.2844859592	-0.2290567083	-0.2589879378	-0.05783880682	-0.09217246197	-0.2687515979	0.02653752485	0.05014605031	-0.243103092	-0.2388427586	-0.2152196114	-0.2332837349	0.0256889794	-0.241243998	0.01963822512	-0.07715864579	-0.1442407109	-0.02657072513	-0.2254681252	-0.03363745188	-0.005693986725	-0.01768443042	0.01970934567	-7.085979504e-06	-0.01403611372	-0.2309433118	-0.03709205385	-0.2330557799	-0.0383672028	0.04052727262	-0.06169168612	-0.02423849645	-0.05273639845	0.03668108685	-0.07092855688	-0.2226178348	-0.2290496591	-0.2214795158	0.02612647946	0.03525808138	-0.05077656171	-0.2803716525	-0.275253329	-0.2175492804	-0.0701542601	-0.2078057361	0.02147878689	-0.01558391625	-0.05686415653	0.06291674573	-0.03506099056	-0.02111728162	-0.01639021512	0.1094812199	0.028948439	0.02700507332	0.00744111994	0.05547926403	0.0380911449	0.1193909102	0.0967540966	0.05255319608	-0.01419063506	0.0265062422	0.005686926923	-0.01340938442	0.6817959791	0.07460484258	-0.0236070709	0.02054591938	0.05636903374	0.02505214341	0.06952088168	-0.0359197334	0.03704785074	0.1063382424	-0.002172349116	0.046967474	0.05918031321	0.1032124977	-0.02183830847	0.02911095977	0.1069172718	0.00572054105	0.02891228063	-0.07301283988	0.1051522462	0.07989180232	-0.05865525879	0.09531797005	0.06698645071	0.06072130047	0.04556997697	0.01469846713	-0.01861750782	0.1198829031	0.05633276898	0.04165118274	0.1064257895	0.04160319589	0.01679289236	0.01866531355	0.1271167623	0.01027472351	0.1026444311	0.05485250861	0.08030644404	0.04637328182	0.06342325418	-0.225507815	-0.0352347102	0.09153641931	0.08290923936	-0.03965777995	0.07688868462	0.007977830223	-0.0178566246	0.09911037044	0.0004934198727	0.05358705764	0.1057899956	-0.00486111429	0.2165837928	0.008254314015	0.04301854153	-0.003716086441	0.03564545642	0.03269298956	0.0264739758	-0.02566341876	0.0917681624	-0.006065209891	-0.009444900918	0.03058845354	0.07804049863	0.1084843295	0.06425213593	0.1573157868	0.01459007244	0.1265124937	0.07116985591	0.164594558	0.07131035616	0.1135676433	0.1714041737	-0.04036865346	0.01764365309	0.01950663228	0.02383917697	-0.003805729186	0.06805583963	0.0864950008	0.0935746039	0.06796815919	0.061715148	0.1455007521	0.02370662492	0.03062219492	0.0364583986	0.07651352172	0.02038441425	0.01821884677	0.06063062618	0.09298094253	0.07436167129	0.08333305028	0.05358182472	0.1459204351	0.1206441134	0.04894088313	0.06658638469	-0.007820289419	0.01055802761	-0.01953077469	0.08623407961	0.0559942567	0.02818194143	0.04983431163	0.044420136	0.03832919645	0.03665722447	0.03447810478	0.06010411374	0.1262698046	0.1311418559	0.08515412126	0.05608116789	-0.01602751495	0.09507316128	-0.03777456925	0.01966364399	0.04078215981	-0.02520632655	-0.04085860042	-0.002600678574	-0.002335347999	0.01007727379	0.03359283579	0.05988419925	-0.03957528069	-0.004864068223	-0.09872003528	-0.2926905785	-0.1554239652	0.033069135	0.07514195018	-0.04426270878	0.08438832991	0.02671339734	0.06797761258	0.007440656816	-0.2882143927	-0.001198681849	0.1103538676
0.1076449194	0.02970511962	0.09650772283	0.09129168899	0.002799964549	0.04556001006	0.01292646758	0.04657884327	0.1720647399	-0.361961287	-0.3476514627	-0.3552909146	-0.3312805251	-0.3168376169	-0.315130592	-0.3361030543	-0.3642292177	-0.3551292356	-0.3225197227	-0.3458509731	-0.07703793326	-0.09420594033	-0.3030125336	-0.0803949351	-0.06598541614	-0.3246658468	-0.3227021693	-0.3262164859	-0.3222862772	-0.07221908166	-0.3220233962	-0.1023551965	-0.06989038675	-0.2225815705	-0.108072734	-0.3205562778	0.05548814015	0.09712518674	0.09486932917	0.05040910379	-0.01891446311	0.07574858747	-0.3780864527	-0.08029252424	-0.3427299744	0.00608563711	-0.04645847345	-0.03485607181	-0.06877261239	-0.08555202189	-0.03321077886	-0.08403370716	-0.3283263246	-0.3178936986	-0.3026748718	-0.07175153844	-0.06137498309	-0.07542804091	-0.3848748513	-0.3777565261	-0.3679399959	-0.05025206459	-0.3167424551	-0.05191015843	-0.06027033416	-0.06025765609	0.01766459104	-0.01215138826	0.05089012513	0.06365974867	0.05811598188	0.07649766425	0.07730911981	0.05338568057	0.166849453	0.1659216139	0.1544417097	0.02811583874	0.1025819755	0.09670599733	0.05267193193	0.1058033134	0.1349196189	0.07460484258	0.4959146735	0.06777675631	0.1043413378	0.1025706152	0.1120839144	0.0009066298578	0.03826138716	0.1255169138	-0.02091880158	0.1279554879	0.05932735878	0.1033453983	0.08347765895	0.06135033143	0.1366474278	0.023967948	0.1067652781	0.07763276661	0.01579567724	0.02435756947	0.1049691643	0.04790833362	0.1220062674	0.0919363997	0.0023477019	0.09060649628	0.09584083597	0.08915243498	0.07376724036	0.1945710397	0.1648331907	0.04962114564	0.2407483775	0.1888960943	0.1511153653	0.07127147264	0.1236100004	0.1353523964	0.01212664959	-0.01117031311	0.03711432803	0.0106115565	-0.3689062005	-0.02296179685	0.1174006858	0.1232289023	0.05644430715	0.1010165956	0.06216197013	0.1217762339	0.03866588507	0.01314254402	-0.01845882875	0.08869269689	0.09341959653	0.02978558561	0.07856136998	0.130512234	0.2145283427	0.1433591878	0.1324707909	0.1436018198	0.06947386308	0.2474892662	0.06037823223	0.1971216133	0.01979643885	-0.02740444532	0.07337400252	0.01277624239	0.05004507812	-0.02066694447	0.05554608697	-0.005189839323	0.06044407741	0.04561327567	0.002595752372	0.1281745486	-0.03692152251	0.139600113	0.08606112588	0.1673893007	-0.1179839887	-0.06387029275	-0.03934972078	-0.02580927636	-0.04754487931	-0.01166720531	-0.01208154839	0.101294196	0.01201738498	0.02490629715	-0.04881327489	0.0172359636	0.008329241856	0.2580752523	0.02850052981	0.1919256218	0.01386006274	0.05708885732	0.1440968173	0.1686804731	0.1628405861	0.1467805234	0.08880469629	0.1358726226	0.06658989725	0.1165692732	-0.02238086479	-0.007062954108	-0.007411200602	0.05801972973	0.03934959791	0.08992274807	-0.03445651382	0.1392680292	0.07876762659	0.0688975341	0.1160614879	0.1358389205	0.01758558903	0.1050114666	0.02088722911	-0.001143249907	-0.0311037075	-0.08565990966	-0.07631471007	0.08993812266	0.1118207073	0.1133340822	-0.01703781625	0.08034184665	0.09014179226	0.1229953114	-0.1065124813	-0.3324752122	-0.2239765059	0.02588675935	0.03853616318	0.06361204559	0.1523185069	-0.0576637823	0.0627518724	-0.04912764779	-0.3437792058	0.06962761692	0.02415025409
0.2021865843	-0.004024607387	0.07810444472	0.06419557776	-0.01312435496	-0.01419791703	0.02433378397	0.0401059677	0.04863257379	-0.3042369088	-0.3357267109	-0.3430753367	-0.3213886285	-0.3063660084	-0.317560514	-0.3188153376	-0.2976025763	-0.3449056553	-0.3084955875	-0.2741569947	-0.09458841291	-0.03487147212	-0.3020310173	-0.0435805174	-0.09723674656	-0.2730640626	-0.2657683989	-0.3210117606	-0.2563120503	-0.1019200875	-0.259176535	-0.04770065899	-0.05979878473	-0.2373164345	-0.04570966466	-0.3154060486	0.0507626499	0.04424186985	0.03988472876	-0.01607141935	-0.06566344901	0.002792349167	-0.290472321	-0.1094246523	-0.2902225044	-0.05232878429	-0.06460740908	-0.07246341796	-0.1199538545	-0.09483254765	-0.0995801246	-0.0129354367	-0.3218978467	-0.3028002264	-0.2963469035	-0.1064407027	-0.1028267282	-0.09353811898	-0.2937132884	-0.2892547906	-0.3046795431	-0.004618258628	-0.3141539502	-0.08648398182	-0.1026407477	-0.08346970568	-0.01330492027	0.02934920546	0.01782694432	0.03026508977	0.065645657	0.09141956538	0.09095482809	0.09376247212	0.02628980486	0.2496123446	-0.02215509639	0.09131314998	0.07471838581	0.03963669723	0.2253380567	0.150004479	0.4061866254	-0.0236070709	0.06777675631	0.5257444256	0.1717817242	0.07731025746	0.1916629086	-0.04973374444	0.3327573646	0.08196838307	-0.03088446174	0.05169383411	0.06891443118	0.08589735364	0.07017908605	0.3596107519	0.158816784	0.06410106173	0.2759709111	0.05981259618	0.03299519883	-0.01078969901	0.005683157133	0.2431345181	0.05163682692	-0.002870148329	-0.0002184702401	0.06200162494	0.2372669938	0.006531456348	-0.003656944372	0.2350421057	0.3108690668	0.09643128712	0.04178204813	0.1037244365	0.05432275483	0.0615645611	0.1727127231	-0.001415717703	-0.03068519203	-0.1253654994	-0.03400747955	0.004549315855	-0.2816132624	0.0633793996	0.05624662691	0.05367316684	0.3961302738	0.1162104999	0.2853032109	0.3145815628	0.025935002	0.08413963517	0.01083418289	0.06798524239	0.1936649781	0.0184513171	0.01173908862	0.09394525755	0.2343540498	0.01800371069	0.06303469904	0.05120086254	0.03441035266	0.1111408128	0.05075696582	0.2500557313	0.01251843036	-0.08754437088	-0.04693416082	-0.05392951815	-0.080072024	-0.06148843665	-0.09277776254	-0.1194706428	-0.07026518253	-0.06744152135	-0.08811858661	-0.01147508316	0.03120422295	0.3428578149	0.06404138435	0.1138938457	-0.0958522969	0.0005558555062	-0.05005633334	-0.06421688749	-0.002482329558	-0.09510755427	0.08373731566	0.04131594705	-0.03776078195	-0.02049474782	-0.006282468628	0.06660260697	0.1127668765	0.08534188147	0.004819760275	0.1147877874	0.07497387682	0.084031643	-0.02691738209	0.04821210257	0.05986063738	0.08961112698	0.1046585942	0.2724122806	0.2861194127	0.04256778887	0.0533597982	0.02870695666	0.02921671843	0.05135862231	0.02596181119	0.05412233467	-0.0108622639	0.02747935502	-0.007970845621	-0.02936659143	0.0369630029	0.04693196789	-0.02880013949	-0.01087296761	-0.03562202201	-0.0470701786	-0.04982763095	-0.06204303552	-0.09783611275	0.08253238165	0.02686677929	0.251228779	0.1525140011	0.1283219392	0.393037185	0.2322069962	-0.03003208894	-0.3377921445	-0.2336141811	0.04886004054	0.07292607427	0.04490665182	0.1811685071	-0.07223997302	0.07876422611	-0.06450226067	-0.3462181703	0.08610927993	0.006835119075
0.0995610774	0.0392969443	0.04648692506	0.04234289131	-0.01537475164	0.009222105951	0.01772643191	0.03677775097	0.06672788195	-0.2554751125	-0.2876561313	-0.2858574236	-0.2784530334	-0.2611312172	-0.2616625535	-0.2733348141	-0.2397778255	-0.2871945752	-0.2510597212	-0.2288773247	-0.06413136517	0.02043235281	-0.253206014	0.03327000682	-0.02429358393	-0.2160654983	-0.2147408478	-0.2671115101	-0.1989517605	-0.02792030396	-0.210578589	0.01026455485	-0.01451378534	-0.1787467513	-0.01491681729	-0.2636259064	0.01910450563	0.02586381529	0.01051140446	-0.03663359272	-0.03997823886	-0.03275348395	-0.2397135551	-0.02243150178	-0.2416399768	-0.02909529648	-0.03073909963	-0.0142696187	-0.05229850535	-0.04954087448	-0.02776152804	0.02656199727	-0.2547273423	-0.245556335	-0.2440691004	-0.02502344576	-0.01836716818	-0.03666493061	-0.2422630901	-0.2406609816	-0.2476320966	0.02647919925	-0.2462605841	-0.02527662342	-0.03461001536	-0.03571229312	0.004328497352	0.04222840276	0.01411019077	-0.001596712841	0.04364906781	0.08617047938	0.08770895479	0.04900304799	0.03580039826	0.08339128391	0.05383448041	0.1397353212	-0.002526667767	-0.0006178423628	0.04310628558	0.08696436099	0.1647850556	0.02054591938	0.1043413378	0.1717817242	0.6445722468	0.02230780341	0.05783824519	0.02252791615	0.2955191107	0.03802705055	0.01100362411	0.02182249617	-0.01358755779	0.07300181194	0.05688853807	0.07694534268	0.205406845	0.06873995966	0.08735134759	0.0168351414	0.03487164457	0.04599869327	0.0349993829	0.03670987999	0.07741858465	0.007462918679	0.1008617672	0.058178238	0.02874386834	-0.02698328214	-0.0002271201352	0.1108536271	0.04594389273	0.01727916391	0.04878235826	0.1561416746	0.03176544398	0.04746672302	0.06247588662	0.03612050984	-0.0222993895	-0.07917222544	-0.003861432208	0.02463790605	-0.2338808374	0.03439050638	0.06893752515	0.08468506846	0.1922663849	0.04828692645	0.06295156268	0.07293448224	-0.03245936067	0.1221710336	0.1177649478	0.05455166508	0.1801633823	0.02564901387	0.02407188024	0.0780936917	0.1059653832	-0.007039735766	0.04842428585	0.03627973929	0.01300022791	0.09022142483	0.02175046171	0.1170489993	-0.006660451624	-0.02970101802	-0.00989215076	0.02829802558	-0.05013005535	-0.02041044571	-0.04349800519	-0.03777408777	-0.02460093346	0.004649440224	0.04508925503	0.0100289538	0.1231641638	0.105690952	0.05577870664	0.03224378092	-0.003601433066	0.07565474091	-0.009246601168	0.02327302045	0.1107564976	0.006897620835	-0.02246920124	0.002035523034	-0.01068766461	0.01729247418	0.06765689433	0.06412271164	0.09947959989	0.1112074972	0.01188422855	0.1243642844	0.08344176514	0.09665020499	-0.006872520619	0.06452283885	0.05225843416	0.0896157157	0.03692290293	0.1148944634	0.1658776614	0.02058082211	0.09119089722	0.01282889651	0.02858571176	0.02267937441	-0.001742408405	0.01398613831	-0.02319758286	0.004094255219	0.03927390623	0.01680096454	0.02107514204	0.004547087772	-0.00110981391	0.02785831143	-0.0139025413	0.0328896098	0.003561844933	-0.01963993199	-0.06325417145	0.04153599151	0.003716503984	0.1757689112	0.04390608202	0.09344707504	0.1351292438	0.09928671645	0.003643469651	-0.2960004271	-0.1800173594	0.07164337527	0.07852414164	0.01505191204	0.1066666073	-0.01657931001	0.01755022079	-0.0125529717	-0.3035985676	0.04026761543	0.06266223806
0.07033470355	-0.01952718273	0.02617433949	0.04493156432	0.0124053264	0.006965191899	-0.01159333627	0.0122262439	0.1566143079	-0.3267977043	-0.3096457524	-0.3149954562	-0.2923675189	-0.2949009949	-0.282900906	-0.3066697717	-0.3187967931	-0.3098216975	-0.2890326104	-0.3197252176	-0.04369246254	-0.0671528346	-0.280528633	-0.06031518561	-0.03895221423	-0.3017429705	-0.2901282806	-0.3076933518	-0.2919465996	-0.05592338519	-0.2935207407	-0.08440756786	-0.0410996694	-0.1827316242	-0.07843039525	-0.2935868284	0.01307111778	0.01087330241	0.002851485701	-0.01442914671	-0.03574207583	0.002574808221	-0.3365251734	-0.04980054908	-0.3112090965	0.02074042955	-0.06025021445	-0.0663778151	-0.06531948823	-0.05527707428	-0.01953570526	-0.06178877703	-0.2973026206	-0.2838376212	-0.2780935183	-0.05147888256	-0.04339103903	-0.04839492961	-0.3411712088	-0.3347580239	-0.3209562945	-0.01989271543	-0.2913358113	-0.04465317968	-0.04995198945	-0.0458131284	0.002808438539	-0.05516442708	-0.0345294142	-0.01497571097	0.02851129922	0.04117771346	0.03550391039	0.04628031392	0.1434235102	0.05962023034	0.08887544078	0.08930728257	0.03010743851	0.04206326914	0.1062784391	0.1566815804	0.04402736756	0.05636903374	0.1025706152	0.07731025746	0.02230780341	0.6136499141	0.2875005155	0.1212685702	0.04826242834	0.1931107976	0.1583799114	0.01709716491	0.3640875028	0.1777036492	0.1794359634	0.2110678194	0.01561655717	0.03665379771	0.107523613	0.0359070613	0.0488424605	0.07140937241	0.08574884725	0.1678593902	0.1453711766	-0.03878882287	-0.01532693204	0.08875001129	0.0155058396	0.01353458344	0.001175870729	0.04740964981	0.02800161049	0.005473204286	0.162545584	0.08456049558	0.02175146373	0.3157002608	0.2844418903	0.0003034315272	0.004329199389	0.01759655395	-0.01812876	-0.00798577205	-0.3282977165	0.08406228243	0.1489091676	0.1459924514	0.09597459257	0.2366460383	0.1734406059	0.1329250702	0.03031150467	0.09550999594	0.1094639109	0.1856895942	0.1145192558	0.07617446346	-0.02334581416	0.104991588	0.1092451405	0.09409914734	0.0369417425	0.02648246697	-0.002196998588	0.128949533	0.03708272046	0.1092504664	0.02681289093	-0.02351810947	0.01786788744	0.02606948076	0.00515701986	-0.01169029497	-0.004053975757	-0.01492005622	0.01561686492	0.009684700251	0.03659906892	0.0525193708	0.006282475584	0.0558901768	0.03740319876	0.1198165072	-0.04696666994	0.03798253982	0.05002261557	0.08002816278	0.0413030413	0.1159840184	0.07373165163	0.03994515968	0.001953290686	0.07300499727	0.06935633366	0.04557162115	0.01436076615	0.08554962468	0.132633532	0.07157154991	0.006414041916	0.04447771134	0.1157454902	0.122402831	0.084590314	0.09786787798	0.04901739392	0.07162566961	0.05413887856	0.04123994658	-0.01604363521	0.03967753359	0.01193959156	0.03753875648	0.01000677708	0.01521294297	0.011674875	0.09449739541	0.05605359723	0.05804613006	0.1008211934	0.09892988331	-0.01904442333	0.07263395541	-0.05923545081	0.03559695202	0.01838647612	-0.04991444745	-0.02831313564	0.06246675542	-0.03539394709	0.0469828688	0.04684056578	0.1023780789	0.09839474126	0.1022007528	-0.080037699	-0.3017271726	-0.1798906713	-0.01927145935	0.03771520241	0.02629862695	0.04541941304	-0.04589471771	0.06183694947	-0.04315912537	-0.2996610245	0.07485191409	0.04952485199
0.1227193997	0.006238556888	0.06893165747	0.0675853751	0.01299149025	-0.004212842008	0.01589051437	0.0444288669	0.05293476623	-0.3650423623	-0.3464648384	-0.3555229112	-0.3302670956	-0.3165701777	-0.3119383165	-0.3312141891	-0.3586485653	-0.3494005458	-0.2982296508	-0.3417667913	-0.04623955101	-0.06508500702	-0.2904578441	-0.08453965778	-0.06729246214	-0.3278812387	-0.3232520134	-0.330209758	-0.3299521172	-0.07207603604	-0.3225692198	-0.101739741	-0.05556217129	-0.1991036889	-0.08855339423	-0.320846597	0.01476337264	0.02624633095	0.02116547552	-0.01200946854	-0.02010217102	0.03250523476	-0.3804957824	-0.07768795339	-0.3375140087	-0.008949267159	-0.06535774622	-0.07591184967	-0.07892918503	-0.05214109312	-0.05604953364	-0.09039504593	-0.3210909404	-0.3161017185	-0.299944183	-0.07602931974	-0.07102014875	-0.04560998714	-0.3759884297	-0.3677637569	-0.3616016234	-0.03551949135	-0.3259005162	-0.0420601859	-0.05582705665	-0.07847373921	-0.00697328309	-0.07142083221	0.001858476993	0.01982255512	0.06925042532	0.02915115655	0.02662586882	0.134396077	0.05833931545	0.1304136984	0.001359040922	-0.01876292231	0.03391411445	0.03166645617	0.1379794599	0.1143737619	0.1592986583	0.02505214341	0.1120839144	0.1916629086	0.05783824519	0.2875005155	0.5485221046	0.03938048521	0.1250598913	0.2515838205	0.1188504225	0.03878502537	0.1627160862	0.241495507	0.2177660189	0.3665947997	0.04173006566	0.004554247984	0.3024774491	0.07139692223	0.0683474815	0.02134825343	0.05922659282	0.3249492612	0.1355608609	-0.02190877693	-0.02763328547	0.08909215735	0.08068484328	0.03719374115	0.003305478246	0.1305585666	0.1272463111	0.05204578692	0.1088968179	0.103205023	0.03869827843	0.2022447905	0.4657759534	-0.03361887408	-0.05636893183	-0.0490965679	-0.03230218275	-0.01382085257	-0.370464343	0.0848212727	0.1389145964	0.1556983813	0.2206558728	0.3469749641	0.2652625704	0.2862949636	0.0112023115	0.1354212035	0.03725865661	0.2232485026	0.2121762719	-0.01741129469	0.03142596067	0.1515367694	0.1117451599	0.01834876941	0.05518834817	0.03056380067	0.017054101	0.128125689	0.1074037745	0.1276366851	0.05927850165	-0.03733561889	-0.03091633808	-0.0115502903	-0.06073408954	-0.05461426079	-0.0862547317	-0.09431892857	-0.04561622921	-0.0549580068	-0.0293949482	-0.006017284727	0.01676040854	0.1549780739	0.05011600512	0.2539387082	-0.01864494878	-0.000222244289	-0.05903318006	0.03464481301	0.003643601634	-0.01373032063	0.01801346831	0.05567788081	0.00308682832	0.06762775519	0.003295660754	0.07138927431	0.07298665916	0.1119495794	0.1099952563	0.1201425724	0.0267464219	0.05323596045	0.04355736933	0.1007505552	0.1053652644	0.1620054995	0.07115345033	0.1428246914	0.1787966768	0.06659023807	0.00689802226	0.002540483459	0.002053934915	0.03532936089	0.00430816719	0.07900566183	-0.03850293057	0.06830685877	-0.01003218508	0.009776552139	0.1117300828	0.08588021998	-0.01101550224	0.05217848816	-0.03976810184	-0.02378043438	0.01095999507	-0.05103269247	-0.03593753198	0.06766924982	0.005971373844	0.113082475	0.09454798901	0.09545466689	0.243424009	0.1074092276	-0.08272771407	-0.3100751648	-0.2056625657	-0.03102345395	0.02377019615	0.08524890163	0.1065132557	-0.07377078056	0.07077410336	-0.03961918386	-0.3243695394	0.116191115	0.02073926649
0.006251714531	0.08667970796	-0.08454314203	-0.003606497136	-0.05087635308	0.01491160477	-0.04247870269	-0.08649556777	0.08571315079	-0.2886725981	-0.2563968109	-0.2599933014	-0.2791694764	-0.2367357275	-0.1789311599	-0.290393607	-0.2689125548	-0.2689236296	-0.151240632	-0.2907055679	0.06406872692	0.01011405678	-0.1488164003	0.06989792176	0.09639545567	-0.2270946502	-0.2489696799	-0.2507072824	-0.2156563695	0.09378551482	-0.2405258428	-0.01994610874	-0.01332679715	-0.05618489228	-0.0177602949	-0.2287135053	-0.09065948577	-0.08470867249	-0.09875622061	-0.09375710754	-0.05735475418	-0.0409587151	-0.2440393962	0.0806943044	-0.232330959	-0.01291585516	-0.004879986864	-0.02184961259	0.06561962818	0.00637529204	0.03974268627	0.003632968074	-0.2111755079	-0.2276130881	-0.2404259731	0.0939842605	0.0728340385	-0.0008569806064	-0.2452621689	-0.2430791923	-0.2606313668	-0.006932477149	-0.2271723729	-0.02410977232	-0.0135624709	0.01145723032	-0.02123132821	-0.01787043941	-0.08492793774	-0.103077756	-0.07754772418	0.01618411869	0.01039537936	-0.0397296646	0.05200147048	-0.02534279867	0.1759939238	0.04929023547	-0.05638620412	-0.05707628526	0.3690500638	0.381968592	-0.1017805588	0.06952088168	0.0009066298578	-0.04973374444	0.02252791615	0.1212685702	0.03938048521	0.853602148	-0.03432667495	0.2618976083	0.09988429389	-0.06487635298	0.1734402269	0.2457977211	0.1765415159	0.02364189208	-0.05610776902	0.04105905038	-0.05481084936	-0.1082600925	-0.009690484425	0.1509954831	-0.02809864034	0.06438320478	0.3647584335	-0.06295244003	0.1043921773	0.05046595056	-0.09789470676	-0.04618222971	-0.03905796029	-0.0009760571104	-0.07224801704	-0.006682021583	0.2024624461	-0.05364827267	-0.05759761676	0.1658240755	0.110547095	0.01795664523	0.07327804685	0.1717075082	-0.02463458369	-0.01685097816	-0.2395531403	-0.04696604555	0.3400373325	0.3812784784	-0.01635664436	0.1376469247	-0.02710717366	-0.003582738538	-0.04162778362	0.02700198784	0.1410566081	0.1708925777	0.005423772788	0.1281013833	-0.05960427393	-0.04400852932	0.02784499441	-0.01394755225	-0.07309545441	-0.06918828358	-0.09600838813	0.08453766413	-0.0877006341	-0.005930087788	0.08396876851	-0.004997388614	0.01805397406	0.08357760597	0.08846118016	0.01680266984	0.1785629644	0.1397767868	0.1012249115	0.1036148283	0.07460945574	0.1065549537	0.1487378236	-0.04474087583	-0.03668349929	0.03149967677	0.05074258779	0.06867351865	0.2328302271	0.1179802127	0.06582052046	0.2966234468	0.05106825459	-0.1008436611	0.01063607171	0.1188045715	0.09918159595	-0.03517770963	-0.06634678122	0.03214602228	0.4878139198	0.0136628251	-0.06553121918	-0.007865458313	0.1666622841	0.03877645645	0.09293407409	-0.03487919676	-0.06548429707	-0.02608689533	-0.04780385837	-0.06090904209	0.09256170635	0.009245807136	0.01240989829	-0.03954052892	-0.02096749125	-0.08104561419	0.03096491173	0.04121686373	0.102250987	0.06997397846	0.1173568184	-0.003104693168	-0.07956577189	0.1821744211	-0.02657498252	0.02588684072	-0.05910166348	-0.007310964634	0.04932486604	-0.08094398529	-0.09384676432	-0.04971418782	0.4839038496	-0.007120366462	0.03378242338	0.1126627747	0.01683961691	-0.2019994016	-0.09380289957	-0.0665391011	-0.03066172679	-0.02624263938	-0.007744340368	0.01022440179	0.02646998883	-0.07413292325	-0.1551777539	-0.0781002455	0.01951801616
0.2961337234	-0.06785697359	0.06113634237	-0.02913676658	-0.07549158251	-0.08661693173	-0.05123094117	0.01893967815	-0.02709487138	-0.1883102471	-0.2492141945	-0.2555694353	-0.2398485319	-0.2264942512	-0.2316513153	-0.231081206	-0.1872458217	-0.2314959744	-0.2180313582	-0.1855025505	-0.07482411959	-0.00721228421	-0.2175824042	0.07118103726	0.008141488881	-0.1909897791	-0.1470166062	-0.1973174171	-0.1752273449	-0.007899267309	-0.1724547913	-0.02370582334	-0.04655365707	-0.1363159089	-0.04261476591	-0.2321871322	4.774140624e-06	-0.0220361409	-0.01917395232	-0.07411394947	-0.08209278826	-0.04606198822	-0.1734135793	0.01372701277	-0.1793044768	-0.02146760036	-0.04451484583	-0.004401053664	-0.0273961897	-0.07960320036	-0.009333076032	0.006662696169	-0.1993852511	-0.2197666848	-0.2117355003	-0.0117909316	-0.01463656865	-0.07915798588	-0.1822795287	-0.2020534753	-0.1825590659	0.01617434444	-0.1926113656	-0.04631655133	-0.06001646517	-0.04505188792	-0.02545765234	0.01796075307	-0.01960214832	-0.02212802962	-0.009959133353	0.05017149006	0.05145569613	-0.01961734508	-0.06233358422	0.1854204964	-0.02415943482	0.04301389442	0.01775648658	-0.03133419185	0.2457570213	0.1362519714	0.3246247485	-0.0359197334	0.03826138716	0.3327573646	0.2955191107	0.04826242834	0.1250598913	-0.03432667495	0.7796606958	0.04505419508	-0.04841643517	-0.006546809911	0.04692991689	0.05698235363	0.04215772311	0.2378118655	0.1668400299	-0.001669132296	0.2085562681	-0.008922929479	0.04020339711	-0.06085797957	-0.005653736584	0.2059809562	0.0505081916	0.01542944467	0.006181368871	0.1576221488	0.1388523583	-0.05046577508	-0.06385286242	0.2107259184	0.2419296929	-0.003294955537	0.01123176746	0.07826286015	0.08691427931	0.01845432117	0.1510461748	-0.05232662455	-0.0345196188	-0.130649482	-0.04542050955	-0.07097240946	-0.1699748158	-0.02107077622	0.04417877312	0.03259726905	0.384004948	0.08393528187	0.1925830346	0.2569803776	-0.06789033695	0.06501792233	0.01598306247	0.04483734081	0.1586942441	-0.009549906778	0.1052303384	0.1465566514	0.2010314166	-0.006682245769	0.0385111557	0.08417811299	-0.0193177703	0.1225108361	0.02185730798	0.2017177126	-0.06401023538	-0.04958701914	-0.02274549479	-0.01299898226	-0.07076337019	-0.03536970463	-0.08859879177	-0.06422564834	-0.05568232989	-0.0301722283	0.004654889917	-0.008108594756	0.1541422509	0.2124747559	-0.00560296667	0.08437093396	0.05372354391	-0.0113106907	-0.08601863162	-0.02854638438	0.02497190284	-0.008448599133	0.08392581108	-0.009117375653	-0.03610217691	-0.01061294539	-0.01854323574	0.03071598239	0.05080891459	0.07927342323	-0.008959487784	0.1832213683	0.01752512042	0.03852716173	-0.07065752038	0.07411480541	0.01613199178	0.05591353484	0.01981475134	0.2062400298	0.3250791772	-0.01154027754	0.00376503426	-0.06548939738	-0.04545121408	-0.03871296686	-0.06215609807	-0.03281039144	-0.08987696706	-0.06086748747	-0.09270526709	-0.1134588606	-0.04042623669	-0.00533187356	-0.03309211193	-0.02894777929	-0.08247229363	0.05854460584	4.950374763e-05	-0.03905995426	-0.0909036314	0.008214692697	-0.02075421638	0.323236887	0.1104364515	0.0604627942	0.311849639	0.1619533383	-0.008156209999	-0.24526156	-0.1290191366	0.007965210649	0.0473973614	-0.03967826991	0.1515988708	0.02506873507	-0.01583854295	-0.04145510153	-0.2354751205	-0.02148160627	-0.05474264059
0.09675957188	-0.05233507332	0.01372683333	0.06553553188	-0.01995936354	-0.02256418173	0.01473721183	0.02529955483	0.06108722989	-0.3702780321	-0.3453097581	-0.3513814927	-0.3319163079	-0.3259698023	-0.2963665702	-0.3370808041	-0.3629311779	-0.3579371323	-0.2838220709	-0.3391797467	-0.03372198375	-0.05203376847	-0.2898972145	-0.09190136782	-0.05535494222	-0.3076653552	-0.3292464356	-0.3369704187	-0.3030167777	-0.03876765421	-0.3217002676	-0.08324337225	-0.03203348739	-0.1805811965	-0.07155817811	-0.3228067196	-0.0125482338	-0.0009281722396	-0.005265653326	-0.04238013627	-0.04578914476	0.009139652819	-0.3823172363	-0.04883246655	-0.3196753259	-0.01682881927	-0.08415251276	-0.07364482864	-0.08157028825	-0.04109506326	-0.05464589475	-0.04182538984	-0.3005811683	-0.3194564613	-0.3056001377	-0.05365470035	-0.07699077043	-0.05405950199	-0.3630281468	-0.3483635602	-0.368353847	-0.03664479791	-0.3253154092	-0.04401602291	-0.03479363269	-0.02914175841	-0.06142337741	-0.08363911182	-0.01860653102	-0.008412304832	0.02408165222	0.03597151915	0.03365640931	0.05888916204	0.0160274834	0.05749600017	0.04660864767	0.01025178811	-0.002102990567	0.02244448853	0.1334683929	0.2232524361	0.03378233394	0.03704785074	0.1255169138	0.08196838307	0.03802705055	0.1931107976	0.2515838205	0.2618976083	0.04505419508	0.6190468815	0.07097190422	0.02279793447	0.1801129433	0.473309446	0.412045598	0.1886908516	-0.004799465203	0.02340286069	0.1176252418	0.03884567786	0.03561327015	0.05242151032	-0.003035491095	0.2115360882	0.219073526	-0.02396285425	-0.04372247574	0.1970187259	0.0689758666	0.012955173	-0.0111023934	0.09256885939	0.05499992962	0.02859303562	0.2984857408	0.143164746	0.02617918849	0.3137930263	0.3016338507	-0.02453520409	0.04166928228	0.002128848264	-0.002590488914	-0.02375546165	-0.3733299454	0.06556156312	0.2259369459	0.2578267578	0.1003528407	0.3863659109	0.1549251223	0.1227216783	0.009768747901	0.1208770057	0.07065351439	0.4225997514	0.1027817498	0.003703732778	-0.01440349042	0.05953503933	0.1222245274	0.009924816224	0.0449420773	0.02279240711	-0.004496255023	0.1572554321	0.00417516039	0.1543307288	0.05204514111	0.03645796267	0.005009383922	0.04859155169	0.05768522528	-0.03439745834	0.01525040742	-0.009099787102	0.05862414522	0.0490703506	0.03361308919	0.02577043864	0.01205136751	0.05782544839	0.03037123855	0.2304778535	-0.009206168372	0.02207055349	0.01020342338	0.07367524721	0.02228626987	0.07947880682	-0.03442939638	0.02815824147	-0.04548460856	0.1126457596	0.03566048213	0.0400599328	0.01057217571	0.1814078352	0.3958060419	0.08840335117	-0.0074967224	0.05224293815	0.1303300128	0.09217666506	0.2598781997	0.0708765424	0.02978307811	0.08692587928	0.04163919654	0.03369084278	-0.03518087093	-0.005375747026	-0.02048733398	0.03248809092	-0.05327242489	-0.01043449798	-0.04133529378	0.02623964155	0.01315527772	-0.01662578806	0.168170661	0.04555327568	-0.02891709664	0.14021116	-0.06774985687	-0.01210014361	-0.0279943333	-0.0533704606	-0.01353320226	0.02936225612	-0.01929562282	0.0412031441	0.1949697905	0.1190165081	0.1894306242	0.150620112	-0.05054252073	-0.2916335389	-0.1832859726	-0.05515396044	-0.01605926621	0.04099536154	0.04941822404	-0.06854309253	0.03206318758	-0.04687913798	-0.2967924258	0.05407308439	-0.003499210459
0.07295400605	0.02002319836	-0.03734519621	0.06709691315	0.1185340201	0.03079591129	0.01155390817	0.01835380683	0.04282363418	-0.3171306814	-0.3017853293	-0.3052935986	-0.2875102922	-0.2510162155	-0.2650862209	-0.2822560036	-0.3212368419	-0.3027737552	-0.1921024824	-0.2970541546	0.04984792724	0.03891985327	-0.2499783884	0.1014360198	0.1225237699	-0.2681944933	-0.2694730815	-0.2589751811	-0.2618793598	0.1213350331	-0.262717353	0.008461399892	-0.02061655255	-0.1535363739	0.01887233641	-0.2561604735	-0.03565988801	-0.01753359631	-0.03769454109	-0.0001815690472	0.03961623733	0.02937617568	-0.3075250664	-0.02864350967	-0.2762402454	0.03854561341	0.01863524448	-0.03861557745	0.02432866207	0.04094090417	0.1423662395	-0.02398490743	-0.267949599	-0.2451342159	-0.2312983473	0.1175762812	0.1266605393	0.04138813586	-0.3072123411	-0.3256031781	-0.2972275046	0.01940514186	-0.2629333379	0.01055308167	0.0332061285	-0.02301876521	2.304691685e-05	-0.06049806158	-0.02159427929	0.006162818679	0.07764928106	0.04092692251	0.0344138769	0.01698493093	-0.01234954937	-0.01835386563	0.02685609534	0.09600039884	-0.0227086721	-0.01791660623	0.0009859546616	0.02503406538	-0.04433786377	0.1063382424	-0.02091880158	-0.03088446174	0.01100362411	0.1583799114	0.1188504225	0.09988429389	-0.04841643517	0.07097190422	0.7052500701	-0.01395761241	0.1873848501	0.07722361557	0.1296662216	0.08585015199	-0.01543187358	0.193605039	0.01830432231	-0.02627990904	0.02788329945	0.1279836621	0.05788630292	0.1243751888	0.09777442037	0.05318099347	0.03742174696	-0.01807110009	-0.01126215236	0.04010733233	0.09393971375	-0.01166379902	-0.03409604244	0.1420466971	0.04725449487	-0.002524774215	-0.07011886539	0.1121155842	0.1497078346	-0.001185320391	0.06700088645	0.04861604055	0.08047576737	0.01505375673	-0.3011153785	-0.01589183571	0.1057463394	0.1448500468	-0.02585174085	0.1519843715	0.14204052	0.04599687446	0.12879154	0.1246525096	0.07747371823	0.1298072104	0.08394772723	0.06761342635	-0.03055851713	0.003578518343	-0.02821949533	-0.04988360696	-0.04907283327	-0.06853952677	-0.00755493877	-0.01055352487	0.01261415137	-0.03340939521	0.1021098555	0.1137106586	-0.007945701907	0.07378282152	0.112655432	-0.003240246998	0.06664473257	0.03949405723	0.1009928034	0.09280312918	0.06699089292	0.01130494377	-0.03053371875	-0.01567592746	0.04968684366	0.06037353741	-0.01517190183	0.0677176293	0.06556812644	0.07643265437	0.07235190069	0.01047864579	0.07528987375	-0.02256974743	-0.01240202711	0.1668854132	0.07821733339	0.09987467241	0.05387150684	0.006355844555	0.1038974856	-0.006247105754	0.1200681126	0.1061569879	0.07347340934	0.103256128	0.04347375711	0.06087935862	-0.009569133315	-0.00203819865	-0.008517051364	0.07453595805	0.04731337286	0.01601166669	0.08185297528	0.0444801757	0.006376235329	-0.02298062005	0.04712410204	0.04659743507	0.06951949902	0.0940316105	0.01989229864	-0.02374612831	-0.01825594242	0.1382906226	-0.04394416622	0.02318916292	0.1073623049	0.03555675534	0.05354199923	-0.001119672482	-0.04134425269	-0.06395343543	0.0146645389	0.1078824147	0.01726724317	1.523067771e-05	0.01176172437	-0.2519428575	-0.1545293617	0.04946119551	0.04031565371	0.05261479141	0.02897306703	0.008395903352	0.04829333977	0.0456839956	-0.2499434113	0.01057222895	0.04529275872
0.07917121675	0.08190340149	0.1330150561	0.1981057661	0.08428859932	0.0991285799	0.1850283169	0.1863450081	0.1148023394	-0.3861840331	-0.3659793165	-0.373477439	-0.3495495483	-0.3354830075	-0.3382477853	-0.3515516599	-0.385226975	-0.3735745928	-0.333211087	-0.3579900838	-0.006949920494	-0.01194630256	-0.3335641446	-0.118499945	-0.09500863458	-0.3512487294	-0.3502220048	-0.3357614069	-0.3449505721	-0.1061580692	-0.3369044724	-0.07175238016	0.1153233516	-0.2308565006	-0.05808441885	-0.3376941965	0.3048545046	0.3501014982	0.4157826965	0.2280247393	0.1006496955	0.3453214481	-0.3993504209	-0.1035909652	-0.3635419708	0.05242921027	-0.05367081794	0.1055823817	-0.1128069556	-0.05016478618	-0.07533546381	-0.02175960436	-0.3466756723	-0.3325868394	-0.3139500542	-0.1115023875	-0.09583090024	0.02925653508	-0.3983264723	-0.3904504908	-0.3878724588	-0.04439607921	-0.3406695575	-0.03230913934	-0.01930600548	0.01656040468	0.08078048559	0.1331271035	0.2146070922	0.2562202328	0.05942767698	0.1057584533	0.1069623388	0.0741920413	0.1351066967	0.1546842243	0.02003977106	0.006237532196	0.1116699671	0.3228075716	-0.07344844992	-0.03724644374	0.1161408821	-0.002172349116	0.1279554879	0.05169383411	0.02182249617	0.01709716491	0.03878502537	-0.06487635298	-0.006546809911	0.02279793447	-0.01395761241	0.4737920604	-0.01637702498	0.03593039924	0.02924049983	0.01698991453	0.1393401457	0.01360081099	0.05962854512	0.1102867289	0.1408271713	0.0163114645	0.0614708752	0.03652613878	0.04834901937	0.1640956804	0.0552459295	0.01678649376	0.117130512	0.2613840372	0.1322831124	0.1056121109	0.1121576811	0.09158938344	0.04219744002	0.04846370296	0.1443187444	0.01282047148	0.03258000966	0.04649679925	0.009280284035	-0.1140437166	-0.01204975283	0.03859258248	-0.3890425025	0.02541747113	0.04873171012	0.004957233383	-0.01070323624	0.02261423768	0.03011804199	0.0623268409	0.03391226054	0.02682573965	-0.08182472114	0.03009498455	0.08186255029	0.009794955486	0.1032253465	0.1138946679	0.02258373888	0.1630374575	0.1874808325	0.1517562882	0.2960586118	0.05796931704	0.1544160789	0.03593908202	0.06804177385	-0.03203368983	0.00686575722	-0.04630552079	-0.02419410453	-0.009052398578	-0.03636138986	-0.1143413844	-0.05217979279	-0.03773089996	-0.07182458808	0.08284941965	-0.1156069225	0.1050399484	0.1632400909	0.06552096976	-0.1508909779	-0.07120173246	-0.1028372532	-0.0839225177	-0.09877681775	-0.1422353553	-0.05463071107	0.1249440301	0.00584684	0.02015933032	-0.09061983621	0.03590131994	0.06286130898	0.1128094567	-0.02398003016	0.09477249261	0.05960544337	0.09480572643	0.03221464113	0.05974844852	0.05757011754	0.1123146872	0.2478480656	0.1321120016	0.06359879927	0.1743172205	0.03602422958	0.03257778894	0.04575858386	0.09020374386	0.06325031674	0.1494030373	0.0272528282	0.1186515944	0.04269246563	0.02250909575	0.06171199029	0.128248496	0.09418987901	0.0617918081	0.324310295	-0.03625635817	-0.03047741973	-0.03586486665	-0.01476084641	0.1901780103	0.2102525495	0.06131423807	-0.0679288086	0.07202593741	0.03094977143	0.005839870326	0.005645662449	-0.3497076396	-0.2286349912	0.08992433863	0.0395605936	0.2323047821	0.1293527033	-0.08205641734	0.1122550978	0.07802791062	-0.3627091924	0.1272419554	0.07721328247
0.05164307613	-0.04743966692	0.0001094500243	0.04652061931	0.04453210751	-0.08372441934	-0.0285926378	-0.006908819871	0.05443297412	-0.3152259533	-0.2987312569	-0.3012795901	-0.301409304	-0.284005772	-0.2691355587	-0.3243322495	-0.3064968312	-0.2992750057	-0.2815487029	-0.3366524395	-0.0764298778	-0.09405235453	-0.2672559727	-0.05082225657	-0.02185707242	-0.2889211784	-0.2792037939	-0.2909677344	-0.2785878571	-0.04699669372	-0.2767807363	-0.0778701872	-0.081297163	-0.1703437955	-0.09580193101	-0.283047361	-0.02578389766	-0.02791854925	-0.0329674633	-0.05793194861	-0.05532089781	-0.02823611344	-0.3202872849	-0.04178000713	-0.3085420349	-0.01961500632	-0.0838439366	-0.08761947542	-0.07608206391	-0.06288735894	-0.002191858433	-0.04912105304	-0.2907743319	-0.2682400437	-0.2900789025	-0.04422735417	-0.03038761757	-0.07973445873	-0.329862851	-0.3228231365	-0.3037784939	-0.02746476371	-0.2722401734	-0.06659806486	-0.0678555417	-0.03824248532	-0.01069196414	-0.07864762192	-0.0429811899	0.009790766292	0.09224510959	0.07740237687	0.07864998588	0.08078255722	0.1094726562	0.03044847599	0.0505119998	0.1380970168	0.02952497502	-0.01490286864	0.2384363966	0.2179210547	0.03573246651	0.046967474	0.05932735878	0.06891443118	-0.01358755779	0.3640875028	0.1627160862	0.1734402269	0.04692991689	0.1801129433	0.1873848501	-0.01637702498	0.699153211	0.1568212263	0.1978168699	0.1211095618	-0.01352712427	0.05710223413	0.1055788307	0.01358772202	0.03002920284	0.06128101407	0.01912112814	0.1329458655	0.1081299913	-0.05352307059	-0.04459021149	0.05178481771	0.05403444541	-0.01248478539	-0.0198811672	0.02956490782	0.02859984048	0.07814556145	0.173629413	0.09348386105	-0.01407092703	0.2995385778	0.189852547	-0.07388299207	-0.01462472943	0.1289803102	0.01505966751	0.0007119518275	-0.3128199684	0.05095692219	0.1153006513	0.1344479613	0.0848126483	0.2448763693	0.1035860999	0.06330757445	0.1051134086	0.1295766348	0.09295077568	0.2040892464	0.08004516688	0.1985972069	-0.04232903448	0.04840598483	0.1477746156	0.06871214963	-0.00416073093	-0.01497944274	-0.006906372599	0.1148417574	-0.02587089226	0.1013390205	0.07209382056	0.0434073179	0.02581776978	0.05426080469	0.0624281102	-0.005785078863	0.0701126294	0.06189240872	0.05259352295	0.05568510655	0.06229542484	0.02026644761	-0.007664571441	0.03068959379	0.04726637771	0.07768213647	-0.02191055872	0.08022109122	0.1344354859	0.146917858	0.08234374616	0.1241855226	0.06044923524	0.01757692497	0.0228270972	0.1220629051	0.1098308665	0.134065938	0.05816301309	0.05745077698	0.08173076297	0.009227147242	0.05179109499	0.05669580576	0.0545911501	0.1052010373	0.1134878442	0.08240849984	0.007029745109	0.04642861596	0.03453235177	0.08008252175	0.00891888023	0.04718933871	0.07440978595	0.1241368473	0.01995611837	0.01343690735	0.04016911772	0.1878478231	0.1492763692	0.1765435293	0.0737167754	0.1164477516	-0.03104433258	0.01361634092	-0.0746305094	0.04082084829	0.003472077642	-0.0002792562525	-0.0680183786	0.01334031822	-0.04388882493	0.02999493127	0.1664318907	0.1025150739	0.1240990896	0.1438251321	-0.09861980176	-0.2873271721	-0.165663676	-0.0376118151	-0.007727025889	-0.00593389243	0.01131869111	-0.06301536891	-0.0206331846	-0.01643539949	-0.288705813	0.05559145186	-0.005069728355
0.09368896353	-0.02095390495	0.01535618116	0.07592780391	-0.007133560032	0.004116977668	-0.01819173118	0.001306427957	0.09038983251	-0.3722967477	-0.3522937638	-0.3599361506	-0.3363020716	-0.3252467101	-0.3192793037	-0.3374551681	-0.369384683	-0.3610009682	-0.3059686184	-0.3445326811	-0.04981124267	-0.06714375267	-0.2889265858	-0.0673352238	-0.04147250405	-0.3270132871	-0.3268940622	-0.3322112697	-0.3246294576	-0.04480835597	-0.317980543	-0.1054089703	-0.04927854473	-0.1986573277	-0.09554549297	-0.3215561031	-0.002050027124	0.02498087606	0.007692509596	-0.03312989691	-0.03426074025	0.0190278533	-0.3832264271	-0.06838064249	-0.338942424	-0.01533027263	-0.07317960092	-0.06586387201	-0.07137163191	-0.06729152333	-0.04087606297	-0.05227786621	-0.3271172598	-0.3213199151	-0.3074377099	-0.05816362708	-0.05597151147	-0.03907160147	-0.3895667053	-0.3755933166	-0.3682225149	-0.02372419442	-0.3222809042	-0.02793612275	-0.05370674023	-0.04844997995	-0.04435107377	-0.06933782309	-0.0160867324	0.003404426515	0.04403590769	0.06151447061	0.05877423472	0.09765419741	0.02196513481	0.07668149671	0.05019120468	0.01239326104	0.01990824758	0.008515331952	0.1543390196	0.2525336199	0.02052030265	0.05918031321	0.1033453983	0.08589735364	0.07300181194	0.1777036492	0.241495507	0.2457977211	0.05698235363	0.473309446	0.07722361557	0.03593039924	0.1568212263	0.5781858585	0.4561580398	0.1979940411	0.03326038932	0.05163450492	0.1084776902	0.04575178343	0.02231952153	0.07695438258	0.01006136797	0.1924150743	0.2071620896	-0.0291048908	-0.007395686518	0.180361395	0.06240196123	0.025770933	0.01028726372	0.1050887202	0.05226569395	0.04728565372	0.272456185	0.1164675391	-0.002399156914	0.3577348286	0.3125748872	-0.004536585073	0.03740572575	0.02602483514	0.015717129	-0.03352626612	-0.3734093757	0.08198179019	0.211074129	0.1787529335	0.1149134217	0.4078343436	0.1534996783	0.1139949762	0.007477948634	0.1395955017	0.03918563941	0.4667292802	0.1159121165	-0.0264533145	-0.003648546723	0.08874388526	0.1470920595	0.009563203776	0.01484670384	-0.008245250565	0.01021040104	0.1460896012	-0.01652845131	0.1797564678	0.01642040196	0.0180342904	0.01801950364	0.03357923794	0.04857573304	-0.05095933308	0.01168547085	-0.009089191101	0.03675880717	0.04045840504	0.04264475295	0.04112574399	-0.002823524277	0.06990000277	0.05904322444	0.2295687957	-0.01363698242	-0.0273271243	-0.04459617205	0.02163176764	-0.03420391073	0.02470772418	-0.0357662274	0.03169681096	-0.02372486794	0.1350625895	-0.01552025297	0.06794971389	0.03139479405	0.1808279839	0.3140127263	0.1148322293	0.01469487788	0.07876917058	0.1030591812	0.09025761863	0.1644780258	0.07505246528	0.02884474556	0.08781976597	0.05771646136	0.04069145411	-0.0132370891	-0.006812236579	0.001948290722	0.02572239896	-0.03968546549	-0.009804994093	-0.02578248896	0.04996157142	0.02373594707	0.002338474205	0.1800103661	0.05862230959	-0.02083082247	0.1771057544	-0.05473646026	-0.02841303965	-0.01377754632	-0.06870187224	-0.03960215732	0.02392634613	-0.02102765371	0.05908979825	0.1770076713	0.1231705594	0.1673294186	0.1446766253	-0.07356987897	-0.3160479071	-0.2079450709	-0.03679357617	0.0002941280949	0.04221853589	0.09955002061	-0.06607146293	0.03608772999	-0.03386679986	-0.3232595473	0.06122099979	0.03161861266
0.07667812353	-0.03936210287	0.00879869729	0.1203823837	0.03777111099	0.02036202822	-0.01367417495	-0.005274598476	0.09677013602	-0.3559038853	-0.3393258562	-0.3425726044	-0.3218330994	-0.3233238408	-0.3136363794	-0.3214462096	-0.3527399302	-0.3427937607	-0.2995515814	-0.3278113507	-0.04754224607	-0.07099087471	-0.2870027331	-0.08656174352	-0.05590311603	-0.3245412929	-0.3235840602	-0.333682346	-0.3243439739	-0.05750893426	-0.3168918799	-0.1067985609	-0.05560668621	-0.1919261099	-0.09219931032	-0.3105837672	-0.00724966521	0.0185569444	0.001093706169	-0.03608974782	-0.03192666333	0.0125698181	-0.3727464871	-0.05449937444	-0.3324170585	-0.01371762655	-0.07898984156	-0.06581642083	-0.08720919616	-0.07057951105	-0.03550897121	-0.05919152979	-0.3236320936	-0.3167862281	-0.3030316467	-0.07517362734	-0.07297752623	-0.04096044523	-0.3786606745	-0.361856182	-0.3598760094	-0.02718154122	-0.3203472052	-0.04573473788	-0.06103789936	-0.05563431585	-0.04908502186	-0.07793354708	-0.01995683512	0.01139066693	0.08814540059	0.0751928655	0.07238592264	0.1092832776	0.01952569056	0.06083648422	0.07124040191	0.04725753672	0.02642760985	0.00923874674	0.1221051017	0.1702745754	0.002520732118	0.1032124977	0.08347765895	0.07017908605	0.05688853807	0.1794359634	0.2177660189	0.1765415159	0.04215772311	0.412045598	0.1296662216	0.02924049983	0.1978168699	0.4561580398	0.5816834875	0.1956784761	0.02878304238	0.09460075118	0.1069382726	0.06803666926	0.02367760158	0.09519521477	0.01180786728	0.1737600806	0.1892434113	-0.03196929001	-0.02305898262	0.1288850787	0.09764928073	0.01914929989	0.009299037851	0.0888208936	0.03295130975	0.09020162185	0.1879134832	0.09596122428	-0.008935158951	0.4594095729	0.3109335628	0.01641653978	-0.0117310227	0.03861058639	0.03100903405	-0.03633070327	-0.3628455422	0.1014562164	0.1961383225	0.1724490877	0.1158649711	0.4457660235	0.1496716942	0.1092386417	0.05410295358	0.1759682566	0.03537759842	0.5637161728	0.1145157108	0.008362565758	-0.009512881142	0.06103012617	0.126858753	0.007162249416	0.008711569522	-0.01436944105	0.004459228586	0.1487376541	-0.01805925996	0.1596217351	0.02240837226	0.01030202761	-0.01780898409	-0.01157978898	0.00140717137	-0.06500460894	-0.04371863438	-0.05329294341	0.0009222504141	0.007695282814	-0.00629552129	0.03715836148	-0.0629546822	0.06849145804	0.06086285157	0.1997689422	-0.02187910688	0.01736108975	5.168082412e-05	0.06760265098	0.00994124204	0.01521800723	-0.03092806093	0.0539271499	-0.03755675183	0.190975856	0.02912258167	0.1106087813	0.07993560185	0.1535935518	0.2543195913	0.1028109766	0.06775988416	0.1227224771	0.06137230532	0.1170762705	0.1281812043	0.04545029728	0.03032665236	0.0638193803	0.04769030233	0.08435954161	-0.003380952979	0.003421400905	0.03705716035	0.06651304285	-0.03146161871	-0.006455254013	-0.01644603007	0.05634061635	-0.0307815321	0.01171908639	0.1329685724	0.06489886213	-0.02043116337	0.1196489825	-0.06330169609	-0.02937191376	-0.00899161339	-0.03011161074	-0.05227658824	0.03113754216	-0.02608955027	0.03998927212	0.1266136465	0.1731439811	0.1432604776	0.1041331502	-0.07600063579	-0.3095388081	-0.1977072277	-0.02697371615	-0.00094475322	0.03584722317	0.08531201223	-0.06912502154	0.04383290066	-0.003323517797	-0.3108910553	0.05874399531	0.03511542135
0.1785399516	-0.041304024	0.05134338115	0.02890818942	0.001383966218	-0.03772451854	-0.005959684727	0.001968775208	0.03412673096	-0.34722668	-0.3262556816	-0.3329441617	-0.3116502055	-0.3032059568	-0.3012244412	-0.3095682429	-0.3409910374	-0.335511139	-0.2854281484	-0.3202817636	-0.04517787231	-0.07249268338	-0.2748183559	-0.08243609708	-0.06227320716	-0.3154760788	-0.3074256996	-0.3178381421	-0.3082430735	-0.06696883666	-0.3114315386	-0.09341323739	-0.06126253243	-0.1950538006	-0.08954908969	-0.3085726736	0.01784310273	0.0103626261	0.005191328444	-0.02520902482	-0.0386441874	0.008388877943	-0.3573964877	-0.06535960236	-0.3234578554	-0.01032714453	-0.05104803049	-0.06543248614	-0.06720373214	-0.04282029671	-0.04935592651	-0.09216917238	-0.3130228541	-0.2986751889	-0.2893135191	-0.0699215349	-0.06971475366	-0.04486257171	-0.358469489	-0.3520838042	-0.3449165417	-0.02429738315	-0.3099729176	-0.05434321923	-0.05972200448	-0.07735126654	-0.04483809554	-0.09136043489	-0.01880028257	-0.002367331792	0.03061256701	-0.01702956356	-0.01711187088	0.1397894025	0.01523786568	0.2089492636	-0.01828094615	-0.02544553766	0.05083074616	0.01609921685	0.2899459434	0.232750497	0.2735239071	-0.02183830847	0.06135033143	0.3596107519	0.07694534268	0.2110678194	0.3665947997	0.02364189208	0.2378118655	0.1886908516	0.08585015199	0.01698991453	0.1211095618	0.1979940411	0.1956784761	0.5877774821	0.04100167166	-0.03937280562	0.3359181829	0.03000325519	0.0363146908	-0.03145144364	0.02343718407	0.3521529984	0.1138826341	-0.02403697113	-0.03568569594	0.06323855396	0.1929917186	0.03028403231	-0.01150262704	0.1989151026	0.2667112945	0.1140096733	0.08516448453	0.1069344601	0.03312052291	0.165344261	0.377813427	-0.04172652784	-0.0560433997	-0.04784947927	-0.03242833484	-0.03694749764	-0.3475528576	0.05492910569	0.1190786329	0.1100285881	0.3919501027	0.2517737981	0.3838863146	0.4305444937	0.002748040371	0.06883363269	-0.02084586329	0.1926169119	0.213291044	-0.009309004549	-0.003419366076	0.1151272644	0.279400339	-0.004405797899	0.04108751756	0.0286101098	-0.001554405625	0.1222149703	0.06732350824	0.2788713944	0.04505800538	-0.03219831752	-0.03124408764	-0.01587575674	-0.05865269062	-0.06479964986	-0.08867481683	-0.08174480593	-0.04420742157	-0.04106106966	-0.03842831396	-0.01997215507	-0.02232452563	0.3060464552	0.04735587485	0.1918851945	-0.02695192996	-0.04675737211	-0.103100815	-0.01992479393	-0.04205583076	-0.04705963092	0.1139029117	0.01661202259	-0.03800803034	0.04072856016	-0.03762991072	0.05556317917	0.03719403164	0.08496760817	0.06967318969	0.1005264837	-0.005362829814	-0.006449761415	-0.01719258191	0.07117343597	0.06293293107	0.05624251184	0.07370753618	0.2319244871	0.2137973755	0.008359003301	-0.02684294823	-0.003648099433	-0.002145935914	0.008758220758	-0.001285746139	0.04869366593	-0.01632624842	0.070756172	-0.008979696316	0.01709015522	0.07216302914	0.09688490379	-0.02705828019	0.005502549589	-0.0716763695	-0.003227709273	0.001994385896	-0.05294882747	-0.04464197908	0.05182615776	-0.01962576659	0.1472469867	0.2602713743	0.03904051481	0.3490136815	0.2764047849	-0.07573024743	-0.2945128858	-0.2062116883	-0.04244118227	-0.01141717807	0.04721836725	0.1481270852	-0.05603279252	0.06068219801	-0.05647356105	-0.3062664712	0.06862375389	-0.01923756245
0.123775553	0.08958564674	0.1313702707	0.06903754003	0.04702204995	0.01532369422	0.0292223323	0.07436894962	0.05993968501	-0.3105882142	-0.3475429732	-0.3533442571	-0.3258937332	-0.3111754656	-0.3194706828	-0.3305965636	-0.3044613607	-0.345676792	-0.3073794726	-0.2829055431	-0.08033686288	-0.01688775852	-0.3054859615	-0.02428697966	-0.08934761029	-0.2745615088	-0.2639159532	-0.3216666455	-0.2618337724	-0.09537054958	-0.2603355207	-0.02847665236	-0.04287942242	-0.2294959689	-0.03704367968	-0.3179687384	0.1213655189	0.1479703726	0.1297943198	0.05710751771	0.006449337845	0.07262936808	-0.2974492136	-0.1082413834	-0.3059753422	0.02847615004	-0.0793581671	-0.005898654878	-0.1171988596	-0.0911089674	-0.08666329283	0.02199571153	-0.3225517171	-0.3119102824	-0.3000383388	-0.09822359782	-0.08775858288	-0.08570074498	-0.3074320318	-0.3003359047	-0.3096300529	0.008246046984	-0.3125962579	-0.07105769925	-0.07411767597	-0.04572494422	0.02775536466	0.1071988704	0.1006764078	0.1069432403	0.07453566336	0.1446242715	0.1394052866	0.08663049201	0.1308983456	0.1616698845	-0.004730620967	0.07331949598	0.1305274187	0.1420215763	-0.0478371879	0.01925536471	0.2254869436	0.02911095977	0.1366474278	0.158816784	0.205406845	0.01561655717	0.04173006566	-0.05610776902	0.1668400299	-0.004799465203	-0.01543187358	0.1393401457	-0.01352712427	0.03326038932	0.02878304238	0.04100167166	0.504209914	0.09543817833	0.09405328307	0.1146220013	0.01381257861	0.01980108042	-0.00832945858	0.02332837071	0.06176001248	0.1139125695	0.09052037525	0.07680531197	0.1194320317	0.09483761789	0.1042361888	0.1453799508	0.1389737147	0.03108311812	0.04286982579	0.09578032104	0.1602740827	0.04207406497	0.03679791518	0.01840650424	0.0003597723695	-0.08573892455	0.01790234039	0.03003456947	-0.2902474153	0.05068940505	0.06626223495	0.008642694761	0.10337384	-0.002193814221	0.04041395372	0.07535408648	0.03919347008	0.09111924479	0.02429514514	0.02960280786	0.1708417962	0.02778725249	0.0758226479	0.1555920565	0.07550742356	0.1244301951	0.1690091723	0.1664651106	0.1236256822	0.1207255876	0.06502492974	0.06474060005	0.05000183694	-0.07118042202	0.04782730508	-0.06331245878	-0.04275084447	-0.02845430926	-0.06213603926	-0.1093391539	-0.06363434378	-0.04492583619	-0.04766309772	0.01246889651	0.01968756265	0.1324246168	0.1482453349	0.09816424434	-0.1420210422	0.009756516187	-0.05336089656	-0.08224203189	-0.01385280166	-0.1419099992	-0.05856143507	0.1234458367	0.02045782661	0.03254543753	-0.004617867576	0.1311582698	0.1590947578	0.1329323824	-0.03135957096	0.1223182489	0.1710319004	0.1643208493	0.01676755127	0.05589835789	0.04398113291	0.150685811	0.1126537599	0.110475492	0.180105598	0.1104548008	0.1050943777	0.01776319326	0.0484627253	0.09358138609	0.04881230574	0.1212476538	-0.00363653503	0.1290645453	0.05956454236	0.05742797242	0.04511130028	0.1085206517	0.04188492888	0.04831118067	0.05553599952	-0.06530868806	-0.0211905899	-0.05175861396	-0.06016413348	0.1171035791	0.1457226492	0.1893759611	-0.06581204675	0.1417416772	0.1306880568	0.0196583973	-0.007014787676	-0.3440426632	-0.2338617607	0.1485383233	0.09124705561	0.1067836551	0.1803978915	-0.09768815602	0.02341156501	-0.02748506851	-0.3564644537	0.1015625037	0.04266761099
0.01016378748	0.04931931012	0.0005275559688	0.1347248592	0.08207362979	0.05665127277	0.02217185387	0.003481584554	0.04119143134	-0.3312433694	-0.3660470651	-0.3696051173	-0.3466838525	-0.3103483791	-0.3212360097	-0.3473991197	-0.3220416958	-0.3659534051	-0.2915036124	-0.302227922	-0.04176280218	0.03504905358	-0.3010086726	0.03580868657	-0.01194575936	-0.2693452597	-0.2706456814	-0.3093573984	-0.2561518315	-0.022155112	-0.2498388172	0.09648792088	-0.01586942019	-0.2208471847	0.03376145307	-0.3171987548	-0.02552262893	0.003779186352	-0.01633338071	-0.03251859551	-0.03412290493	-0.02364872682	-0.3050005018	-0.09383081476	-0.2955113398	-0.03766541593	-0.03963754221	-0.007927812685	-0.0467395236	-0.06546281362	-0.01567300567	0.08203989534	-0.3309572044	-0.3109320057	-0.2975757229	-0.02904047108	-0.01142589722	-0.04352223632	-0.3139592382	-0.3262658382	-0.3065742146	0.014706125	-0.3110461027	-0.03979181174	-0.02657279498	0.01544625451	0.05931276711	0.03964222977	-0.01275909778	0.02966001557	0.1587285133	0.1572776794	0.15088243	0.0001815622047	0.004596893339	0.02435115596	0.07902311579	0.3011730686	0.01291825805	-0.00343715738	-0.05726015394	-0.03985687453	0.05908459891	0.1069172718	0.023967948	0.06410106173	0.06873995966	0.03665379771	0.004554247984	0.04105905038	-0.001669132296	0.02340286069	0.193605039	0.01360081099	0.05710223413	0.05163450492	0.09460075118	-0.03937280562	0.09543817833	0.6086797449	-0.03532887518	0.06380465037	-0.03253690257	0.2863681879	0.001660731368	0.01478492516	0.05651781205	0.1096006232	0.09320344976	0.008403063986	0.03530638035	-0.05615624978	0.06407938828	0.04395624547	0.0107461632	0.2027793109	0.07182534945	0.008584847076	-0.03498022935	0.06586535164	0.02475125517	0.1311397418	0.2429983346	0.07568340572	0.2157062576	0.02048832378	-0.2973609963	0.1040756149	0.06578579432	0.08237058685	0.02301877459	0.08505385758	0.01416413079	-0.02943109091	0.1056115632	0.2611074232	0.1328776005	0.09760998242	0.05684822868	0.04381295912	-0.02593531115	0.001119040272	-0.04212877347	-0.02373682348	-0.02610279775	-0.03590571186	0.0061679069	0.04283785056	-0.02255809929	-0.04280627421	0.0193339938	0.006023674425	0.02990735995	0.006091290995	0.0563409301	0.02529249	0.05807303819	0.01305526135	0.01160184886	0.0926880287	-0.09245608092	0.03004173621	0.04855030519	0.01173742792	0.08764683338	0.1063161197	-0.03147390802	0.1523219324	0.2011693267	0.05443414589	0.1381588095	-0.003367838928	0.08979018864	0.07890041319	0.04195704929	0.3372224954	0.1428811478	0.1612414873	0.1636345359	0.04846900096	0.04898480297	0.06210635215	0.2744507562	0.3358684546	0.1373913722	0.04548416292	0.02590123569	0.06677771865	-0.01773014274	0.02663564505	0.02775163539	0.1013413558	0.1528707445	0.05681708648	0.1093501413	0.07298255832	0.05120521269	0.0009546606392	0.07706682257	-0.001658163263	0.03722158914	0.04137403916	0.03709994927	-0.0345472071	-0.0044723726	0.07766052203	-0.03074872634	-0.07484466755	-0.01206759481	0.04333145451	-0.04758507332	-0.01243636267	-0.00436359963	0.006979735102	-0.01982555543	0.371904182	0.03316092518	-0.01652209431	0.01970955217	-0.3602766494	-0.2252844885	0.2784591512	0.2499084023	-0.0404626853	0.08326290098	-0.04722260385	0.08800368499	0.04912155178	-0.3591604882	0.007928683171	0.08256781162
0.1469511416	-0.008205692482	0.0812781624	0.06721664136	0.02858416532	0.01673614891	0.04034364621	0.0451776043	0.05215641265	-0.3400148848	-0.322064779	-0.3276469412	-0.3075860336	-0.3013021262	-0.295959923	-0.3027862964	-0.3343016253	-0.3279654864	-0.2790983219	-0.31343798	-0.01808981048	-0.0474125329	-0.2719177042	-0.07794233859	-0.06154827507	-0.3148254453	-0.3019928608	-0.3136893103	-0.3099134216	-0.069030262	-0.3094938395	-0.08028105034	-0.04683157434	-0.1958785428	-0.08375568666	-0.29646465	0.08042029627	0.05573352696	0.05164872669	0.01934115203	-0.01157010958	0.04211038097	-0.3549566658	-0.05574613033	-0.3149778364	0.003281361886	-0.03001750649	-0.04562686962	-0.06318907626	-0.02265986603	-0.04603839475	-0.07754582015	-0.3107471801	-0.2953726886	-0.2850613866	-0.07210541011	-0.06965335627	-0.05415970808	-0.3571013569	-0.3473738097	-0.3444719447	-0.02805437163	-0.3079040046	-0.04159619587	-0.03377740829	-0.05367861658	-0.02500226981	-0.05765377578	0.02642082897	0.02966729361	0.05461851253	0.01610576423	0.01555814958	0.1326718087	0.0640710744	0.1794914361	-0.05664971503	-0.02629778348	0.08452855403	0.05823720051	0.1628864536	0.1172215474	0.2655061829	0.00572054105	0.1067652781	0.2759709111	0.08735134759	0.107523613	0.3024774491	-0.05481084936	0.2085562681	0.1176252418	0.01830432231	0.05962854512	0.1055788307	0.1084776902	0.1069382726	0.3359181829	0.09405328307	-0.03532887518	0.5401183249	0.05498292067	0.05134095014	-0.05205036364	0.04343566494	0.2436641932	0.0605195999	0.04611673844	-0.01449982183	0.06248092305	0.2132751624	0.08008080684	0.03185686085	0.1577397803	0.2354986676	0.09284758057	0.04277444711	0.08674937022	0.1028694094	0.06134189333	0.2826216425	-0.03093445301	-0.04147470016	-0.0699502282	-0.04830474463	-0.01646002903	-0.3445746131	0.03289699215	0.06358183866	0.06468431439	0.3289719484	0.2165882544	0.2482646969	0.2573606163	0.04085328357	0.07715461531	-0.03304226987	0.09065607589	0.1326824981	0.03467554945	0.02201208788	0.1494165861	0.1763110654	0.0802377117	0.1274055491	0.09854960338	0.03850349801	0.08418236901	0.08163214267	0.1901217197	0.1057061908	-0.03186379062	0.03370784838	-0.008794736531	-0.03564537531	-0.06795257439	-0.0824806006	-0.09398598611	-0.04040444699	-0.04708171229	-0.05211335094	-0.0001600882063	-0.03589373143	0.2895763805	0.06284053809	0.1951961818	-0.0460601227	-0.05052361621	-0.0898714902	-0.02007186613	-0.01061116204	-0.07833574035	0.05318034856	0.03749600495	-0.04565154194	0.01474715821	-0.04626958527	0.03447461015	0.01087602669	0.05314441123	-0.00828913595	0.1043968031	0.002616071158	-0.0003294769968	-0.01368289863	0.04291938362	0.04409071469	0.1261833566	0.1420039357	0.1661939265	0.1996501058	0.05321141557	-0.03511223075	0.01677249952	0.004163010932	0.03682105538	0.02902275543	0.07976141909	-0.008522169559	0.0994879173	0.01317400967	0.04895441654	0.1141269506	0.1534560373	-0.004050958771	0.03814268081	-0.02450809233	-0.03578075722	0.01353848516	-0.02786719345	0.002592255935	0.1369745606	0.03745658779	0.1256324545	0.1266161039	0.04134321327	0.2990772377	0.1815099203	-0.05163973965	-0.2912605142	-0.2026554217	-0.0261986938	0.01309487671	0.06427893923	0.123132018	-0.04887136115	0.0328765141	-0.04435798819	-0.2978839086	0.08967992419	-0.005169499803
0.04845407593	0.1510863932	0.1820789136	0.1150268814	0.05318083321	0.03472009125	0.0568233537	0.1377975188	0.1235813195	-0.3701340392	-0.3487189598	-0.3578668895	-0.3339705302	-0.3160267301	-0.3204901501	-0.3335941877	-0.365453543	-0.3522537419	-0.3113497539	-0.3421063034	-0.03443000402	-0.04282878562	-0.3104419394	-0.09137290008	-0.06726710867	-0.3316587541	-0.331507336	-0.3305678084	-0.3303376609	-0.07593436839	-0.3238890502	-0.0631660117	-0.004312809228	-0.2073233065	-0.06117925185	-0.3280033509	0.1039308456	0.1182228999	0.11323258	0.04035602465	-0.001387722207	0.09053936948	-0.378509101	-0.06830229332	-0.3491021428	0.04265437967	-0.04257518476	0.04363517868	-0.09887305567	-0.0612144754	-0.03327497254	-0.02915377173	-0.3289138804	-0.3208546198	-0.312471016	-0.08403554511	-0.07576069229	-0.02634052846	-0.3723205573	-0.3623342947	-0.3578646514	-0.02628642955	-0.3198520093	-0.03288744897	-0.02247465639	-0.00210711776	0.07190901131	0.04002206772	0.06957256098	0.1340980582	0.2384915474	0.06665423039	0.07295900631	0.2667310985	0.155655249	0.08954220912	0.03590719579	0.07823748186	0.1086234101	0.101575228	-0.04860860724	0.04687562144	0.03911699629	0.02891228063	0.07763276661	0.05981259618	0.0168351414	0.0359070613	0.07139692223	-0.1082600925	-0.008922929479	0.03884567786	-0.02627990904	0.1102867289	0.01358772202	0.04575178343	0.06803666926	0.03000325519	0.1146220013	0.06380465037	0.05498292067	0.5456267767	0.08669459605	0.02646319649	0.03373217272	0.02353474756	0.03020515406	0.06969496243	0.04935753274	0.05532564036	0.1600766567	0.08521892014	0.07394198714	0.09137633406	0.1111102236	0.04462471475	0.07256787388	0.09408480796	0.05422757933	0.05553641223	0.02243204724	0.1247789968	0.02944195404	0.0237855022	0.1249283066	0.06066936975	-0.3684879889	0.2357648707	0.0383895512	-0.01237636319	-0.0006170864685	0.03798556753	0.06217316771	0.03143596912	0.0271630419	0.07266412743	0.02271933871	0.07325667258	0.01726438439	0.001340977389	0.05154033811	0.09368210959	0.05713550476	0.08248452342	0.05792721096	0.05529010458	0.1032385797	0.07697807437	0.04157787017	0.04111751003	0.04033716335	-0.02887133077	0.1107251164	-0.05558788877	0.01405260495	-0.006003350424	-0.03516381221	-0.09308865147	-0.01608389343	0.003289103348	-0.04230012511	0.06925780771	0.05997375581	0.0774934981	0.1479570946	0.09300445223	-0.04905253284	0.05009484918	-0.07487446981	0.0516134847	0.02299171893	-0.1622932037	0.05253473401	0.4482871971	0.1158909745	0.0880296514	0.02863654674	0.1642833357	0.2076378567	0.09653475514	-0.05620554245	0.09244360884	0.1956985019	0.1427209084	0.06620764492	0.05125423835	0.08778639453	0.1564807165	0.07555527451	0.08727879187	0.09900037775	0.1099412908	0.1137972508	0.07402634784	0.02847315232	0.08450574415	0.07677985885	0.2561663545	0.06355842349	0.03887326114	0.01437277313	-0.01976543182	0.03808468656	0.05861249855	0.04454452624	0.001574142304	0.06355959682	-0.04232428165	-5.458353124e-05	-0.02336402428	-0.04238294938	0.09299455476	0.1172502563	0.03384409457	-0.0499250369	0.1896979586	0.0327777161	0.007180612056	-0.04971746002	-0.3289886373	-0.1917984852	0.1776156846	0.05437794906	0.1397627717	0.09136766936	-0.06824939059	0.08756470532	0.03913319781	-0.3440856964	0.2269363281	0.06011386417
0.05374591932	0.03205558542	0.02711556805	0.09455047737	0.1376193645	0.06189812214	0.08107446364	0.1597693673	0.07246803924	-0.3080129491	-0.2788852633	-0.2902664698	-0.2750837383	-0.2442305615	-0.2062717045	-0.2665005355	-0.3019631299	-0.2704567877	-0.2349698811	-0.2752092849	0.04519503391	0.0353296584	-0.2343168559	-0.05921572306	-0.03043842574	-0.2320470388	-0.2526444974	-0.2519882112	-0.2550810503	-0.04541102585	-0.2491350923	0.03688003901	0.1261052139	-0.1744575636	0.03600101191	-0.2462327384	0.1508323481	0.1468194455	0.1774371964	0.06722827324	0.09738528508	0.136770723	-0.3162914817	-0.05958491658	-0.2708893256	0.1144536993	-0.00181971765	0.2254920742	-0.04052044212	0.04384973969	-0.002419617498	0.04062578536	-0.2477521961	-0.2246971702	-0.227102259	-0.05409147981	-0.04345701581	0.109400189	-0.3214418726	-0.3045537983	-0.3346289118	0.06197648376	-0.2553794477	0.0321423915	0.04478361119	0.06423233149	0.05010933623	0.145707453	0.2309697694	0.2228802252	0.02397282801	0.01310760086	0.01704311789	0.0458783545	0.01369925388	0.04810596227	0.08681857334	-0.03793861856	0.04994982531	0.1429924276	-0.03519582159	-0.004141264314	0.02159569531	-0.07301283988	0.01579567724	0.03299519883	0.03487164457	0.0488424605	0.0683474815	-0.009690484425	0.04020339711	0.03561327015	0.02788329945	0.1408271713	0.03002920284	0.02231952153	0.02367760158	0.0363146908	0.01381257861	-0.03253690257	0.05134095014	0.08669459605	0.6429471033	-0.01990901281	0.1533062257	0.1160219089	0.03477281071	0.05016410202	0.02330483852	0.01263300064	0.07308824675	0.1297784316	0.01412665181	0.0396718808	0.03781541038	0.002121832469	0.03593353386	0.0552331898	0.05173609358	0.01376652574	0.05454155082	0.04538231846	-0.0434449083	-0.06928839274	-0.03259206153	0.04598061681	-0.3075023789	0.04685635051	0.02239119539	0.01827326205	0.003162912385	0.04699878005	0.05397457737	0.03762698299	0.02641663998	0.005883079945	-0.07071914425	0.02347057319	0.03106777986	-0.01944887077	0.1612211261	0.04817476873	0.02831754982	0.04606020256	0.07906085405	0.0541322837	0.2104228392	0.01645733117	0.2131149256	0.02678048907	0.0007012241957	0.03894768178	-0.01303071147	0.03563529256	-0.0735069087	0.03383266475	-0.05740236188	-0.0911890348	-0.08293683999	-0.04227527142	-0.05037553109	0.132903452	-0.01684867137	0.04078562569	0.06728598244	0.01660955994	-0.07514789146	-0.04874120509	-0.05112192496	-0.04964802795	-0.06376199801	-0.08320004824	0.01062506011	0.06674098031	0.00820564321	0.003676469901	-0.06114621236	0.01509320864	0.02610147891	0.07952467067	0.02524115823	0.06638777567	-0.002728827	0.0001122056599	-0.03160813751	0.0481824353	0.05201361442	0.08625407503	0.07087440654	0.07123283504	0.04144072784	0.04893324547	0.04318108217	0.04963272248	0.04314203511	0.06811910052	0.0571017364	0.03453469408	0.06737895378	0.00153495337	-0.05786143945	-0.06440801921	-0.04159986272	0.04634693287	0.09098699935	-0.04903975757	0.2427978559	0.01303251858	0.0452625409	0.08200882982	0.0431244172	0.100433997	0.2105038835	-0.004527706486	0.02835970928	0.01958940592	0.0373923871	0.03612957547	0.07425460431	-0.2715750966	-0.1579041628	0.03622511787	0.06398651188	0.123090049	0.0167910726	0.007343138833	0.09413460339	0.1012562297	-0.2815030052	0.08818194211	0.04493107769
0.02826807821	0.05606067551	0.03599141964	0.101392725	0.03573941559	0.06540512913	-0.003795426217	0.01247657508	0.1014879221	-0.3539811551	-0.3499584696	-0.3441527978	-0.3312309095	-0.276138588	-0.2915600326	-0.3433904622	-0.3553952874	-0.3458512572	-0.2598037886	-0.3529837927	-0.03927050969	-0.05296626868	-0.2780159579	-0.02681723736	0.008329659998	-0.2933103002	-0.287582741	-0.2782396462	-0.2884920748	-0.0003116679464	-0.2889972187	-0.01421856991	-0.008088841848	-0.181810837	-0.03778170274	-0.2793434136	-0.02387024406	0.005623633628	-0.01441031924	-0.02975490578	-0.02302146916	-0.04661766133	-0.331153526	-0.0415329279	-0.2971530393	-0.03988791816	-0.01684889875	0.01602339967	-0.02288474868	-0.06584647558	-0.02899242788	0.03039031153	-0.2931346025	-0.2838155285	-0.2686418448	0.006180094135	0.01385583175	-0.05206396457	-0.3384854604	-0.3566264133	-0.3243248948	-0.07995184197	-0.2738853823	-0.04500175725	-0.0376274375	0.03420544008	0.07157447592	-0.01857013363	-0.005301930784	0.03319216814	0.079615282	0.1401260136	0.1334362446	0.003261435017	0.06882890477	0.006705606238	0.1425104053	0.3145217715	0.02008267188	0.0006778136995	0.02988798292	0.03994639266	-0.0250727316	0.1051522462	0.02435756947	-0.01078969901	0.04599869327	0.07140937241	0.02134825343	0.1509954831	-0.06085797957	0.05242151032	0.1279836621	0.0163114645	0.06128101407	0.07695438258	0.09519521477	-0.03145144364	0.01980108042	0.2863681879	-0.05205036364	0.02646319649	-0.01990901281	0.6222212575	-0.02860562402	0.03621819684	0.0573158254	0.07240823761	0.1074376567	0.0007614378227	0.05155643283	-0.05568070008	0.05777189843	0.03506143291	-0.01856455444	0.1050291305	0.0668100111	-0.02932972479	-0.03463061789	0.1243391148	0.04921318092	0.08616169348	0.1853406165	0.2404357197	0.2664102274	0.02763874643	-0.3235334935	0.09175666721	0.0668057132	0.1009124327	-0.06505267873	0.0842352975	-0.01260520376	-0.005057932582	0.03824011316	0.0605861301	0.1915713814	0.097918168	0.009694710267	0.1090444847	-0.02619627966	-0.01810933942	-0.04237402419	0.02558445215	-0.02187445081	-0.03523123748	-0.005804459545	0.1155621475	-0.021441011	-0.04436826667	0.08228228463	-0.01262058939	0.0612072532	0.07757740203	0.08673710889	0.06840100202	0.08537171141	0.07559543465	0.06480122153	0.1205841726	0.04225363001	0.05262646828	0.02648613728	-0.0149147815	0.09334514855	0.04943546016	0.07495916899	0.2031351456	0.1750803275	0.2100234251	0.17001263	0.1606537053	0.242089325	0.03672470159	0.093389714	0.2595917172	0.1942405241	0.03484844983	0.063174286	0.06664493587	0.0972867456	0.05506791782	0.09410332787	0.1727185841	0.3259746966	0.05496396116	0.04954626949	0.02682318075	-0.030818958	0.03082169017	-0.06192862689	0.06865824744	0.06390747853	0.05744214277	0.06695691587	0.02281839523	0.03332949882	0.002041371058	0.06173806618	0.07378786278	0.1703724584	0.1995412158	0.06005377695	0.04404370707	0.006362118602	0.1143041812	-0.0158824123	-0.03060742264	0.0207858023	0.01540809362	-0.04199671005	-0.03429888438	-0.0003634166892	-0.05688589237	0.03472088909	0.1369967585	-0.02829507099	-0.0245863494	-0.05686346095	-0.3349551696	-0.1923607874	0.09656435002	0.113723249	-0.01303489818	0.02646840308	-0.0004672209208	0.09452875532	0.02144374322	-0.3130051623	-0.007957710609	0.09687139133
0.06476461863	0.0425314957	0.02520899395	0.01663177776	0.1190695781	0.03573122575	0.06199772945	0.09395462493	0.1150224961	-0.2932533998	-0.2775270086	-0.2837888148	-0.2636443046	-0.2609722579	-0.2608266766	-0.2641585059	-0.2876690597	-0.2812872429	-0.2711983374	-0.275846655	-0.03278859107	-0.05478259252	-0.3079018713	-0.02080661314	-0.008914346986	-0.2817407362	-0.2689565628	-0.2454122614	-0.2680825974	-0.02435213597	-0.2600762951	0.07834348368	0.05036549478	-0.1878160219	0.05123961411	-0.2589095131	0.1112478248	0.1057910373	0.1234732267	0.1232876298	0.1199426239	0.1156223788	-0.2940517378	-0.09654385992	-0.2788334367	0.039455443	0.0157421535	-0.005787941731	-0.06044163732	-0.007742218656	0.004341626946	-0.08796414189	-0.2745351148	-0.2502227554	-0.2465938538	-0.02522343351	-0.01462463508	0.06411140719	-0.301519455	-0.3012258197	-0.2698413903	0.02846412726	-0.2598393284	0.0397590675	0.02895656414	-0.06288296879	0.1243470489	0.06829972228	0.185666855	0.1572807883	-0.007932422342	-0.03236351147	-0.03086903437	0.05225354953	0.07575798642	0.05903590621	0.2198789491	0.03315232963	0.02504321587	0.1177459845	0.0129121231	0.01269306094	0.01882901784	0.07989180232	0.1049691643	0.005683157133	0.0349993829	0.08574884725	0.05922659282	-0.02809864034	-0.005653736584	-0.003035491095	0.05788630292	0.0614708752	0.01912112814	0.01006136797	0.01180786728	0.02343718407	-0.00832945858	0.001660731368	0.04343566494	0.03373217272	0.1533062257	-0.02860562402	0.709773232	-0.02401155074	0.04887230514	0.05766195345	0.04280106616	0.007231244065	0.004414007244	0.1249079139	0.09125747862	0.06378053462	0.02692416953	0.04444489962	0.02498079128	0.04598803002	0.005536028923	0.04175783786	0.0401009662	0.1354013307	0.0003271402243	-0.06280250614	0.04308161671	-0.01812048915	-0.2880664634	-0.008740675343	0.03877211888	0.04826740182	0.01756016221	0.03357036086	0.04158349212	0.05873923574	0.06023784046	-0.0177785882	0.02959195521	0.01028758586	0.0354784924	0.002192514161	0.2015454392	0.07368591373	0.02303962768	0.02696551132	0.02274836071	0.01102169835	0.1526151812	0.02833499859	0.1987031269	0.04014727792	0.05983108758	0.1287536611	0.02956273596	0.09917649062	0.06566463149	0.01164748323	0.05373509236	0.0689373837	0.06616111789	0.01013200771	0.07922781771	0.2549199943	-0.001491418426	0.03501951612	0.053035388	0.02113864798	-0.006729377087	0.009374854212	-0.007932839191	0.01080956248	0.03219396877	0.004718789588	0.1153836084	0.03835141328	-0.03370843526	-0.01453936724	0.02907381712	0.06205927305	-0.01220067949	0.07631522803	-0.01430674083	0.06251204813	0.05856612394	0.02191033956	0.03225198022	0.15492131	0.07401609999	0.02352087312	0.02998202213	0.0387016299	0.04048572063	0.04717615931	0.02883710239	-0.01642259732	-0.01784809897	-0.01162390158	0.05865774176	0.02488152101	0.03484403914	0.02505417415	-0.003819820051	0.009647057753	0.01796719002	0.03436800513	0.05920426749	0.04959693262	0.07984683471	0.06015286351	0.05264027265	-0.02893199028	-0.0054602724	0.05803272139	0.1370054422	0.04648718159	-0.02175528703	-0.008291774161	0.006815331522	0.03475847568	0.003227652923	-0.3032845294	-0.1796803282	0.05346529845	0.04287383803	0.09051764117	0.03354044874	-0.01285882768	0.09213051034	0.06543916397	-0.3228406514	0.07977971801	0.04895986519
0.1812179559	-0.001023845496	-0.01019614186	0.03593518169	0.002192420632	-0.02373166546	-0.004670903897	0.03490777916	0.00771879258	-0.3258890986	-0.3012173752	-0.3094296141	-0.2919762197	-0.2584396547	-0.2681998598	-0.2880984684	-0.3221861423	-0.311680528	-0.2292813966	-0.296382644	-0.02906392574	-0.03989738319	-0.2364336172	-0.04800721189	-0.03571469479	-0.2823008926	-0.277098709	-0.2546425386	-0.2744761358	-0.04357186321	-0.2635423519	-0.07125876814	-0.003767545051	-0.1806316602	-0.05904317073	-0.2605204762	0.01587841766	0.01475652575	0.01049181996	-0.04528912233	-0.008181178522	0.01580545635	-0.3306957918	-0.07150880313	-0.2840474028	0.008926734282	-0.03138858452	-0.01529619371	-0.0546430326	-0.02449168913	-0.03289748479	-0.006304985593	-0.2682669504	-0.2615293654	-0.2258882605	-0.04722653856	-0.04355757459	-0.008524174595	-0.3378431952	-0.3266146944	-0.3524355286	-0.002601802557	-0.2782144936	-0.03619796155	-0.05219773805	0.02917904431	-0.03449833839	-0.02000114597	-0.009021188017	0.01536558986	0.0404795549	0.03725825546	0.03742979442	0.0650539497	-0.01650575734	0.1319340929	0.009425785252	-0.000901241084	-0.0158879273	0.006525498735	0.1988773775	0.1317515572	0.2012349034	-0.05865525879	0.04790833362	0.2431345181	0.03670987999	0.1678593902	0.3249492612	0.06438320478	0.2059809562	0.2115360882	0.1243751888	0.03652613878	0.1329458655	0.1924150743	0.1737600806	0.3521529984	0.02332837071	0.01478492516	0.2436641932	0.02353474756	0.1160219089	0.03621819684	-0.02401155074	0.6334779035	0.08746007796	-0.003617174164	0.0004734701766	0.01944792721	0.1790637797	0.01091783888	-0.02012291346	0.1165304487	0.2135276038	0.1072604927	0.07720062041	0.08950461278	-0.007649778989	0.1173694403	0.3545972551	-0.02683578392	-0.009661088604	-0.03472990047	-0.01758559374	0.002106557389	-0.3214446148	0.05223505855	0.0954518565	0.1184348961	0.245745357	0.2338045342	0.3632354782	0.3221382375	0.03631145781	0.08691406508	-0.02495747447	0.179179296	0.1782454696	-0.05556893342	-0.01041439312	0.1246816074	0.184011631	-0.0270379353	0.01665777951	-0.0120362783	0.006586614509	0.08703504269	0.0491168751	0.1996043052	-0.0316569677	-0.08633389419	-0.05156102989	-0.05733757477	-0.04023101895	-0.04795267417	0.0005741134293	-0.02223669144	-0.05098693602	-0.006023218462	-0.0654698849	-0.004525928106	-0.01335189727	0.205843826	0.03599205115	0.1636831015	-0.05765652865	-0.06847898432	-0.03425740694	-0.02610995507	-0.07438967112	-0.02197779669	0.1181158352	0.0001782235818	-0.06315606449	0.08767453859	-0.06641896222	0.008574358125	0.02129460571	0.07986196751	0.1211980683	0.05469884606	-0.02617293835	0.009833189165	-0.01080027207	0.06001166825	0.07332078431	0.1105523773	0.06324752752	0.1554225478	0.1803658024	0.01663468082	0.01312251344	0.06067426571	0.06067654548	0.09279017528	0.02265594698	0.002820050683	0.01277658475	-0.008355653802	-0.08584385019	-0.0551587649	0.01668484144	0.008178271824	-0.01804129829	0.01296264394	-0.02437796849	-0.04471660858	-0.02480468083	-0.01665910305	-0.01233808626	0.05891674262	0.01004979545	0.06790170346	0.2204632801	0.056437898	0.3326144665	0.187096066	-0.02018317132	-0.2680575461	-0.1854748272	-0.04706285349	0.00853005122	0.0432461274	0.1237678127	-0.02780301772	-0.01029512659	-0.04401966993	-0.2729989049	0.04114515921	-0.02081370726
0.1150588883	0.0442525124	0.03324550301	0.07182898406	-0.01107383379	0.007432426579	0.01589929498	0.002555357748	0.1024351006	-0.3522931891	-0.3384599543	-0.3445641052	-0.3227717275	-0.3177233802	-0.3049828946	-0.3180526576	-0.3512240454	-0.3421574634	-0.2652679729	-0.3300401755	0.000290903966	-0.02970376051	-0.2449823814	-0.04282413307	-0.01196673403	-0.3260681071	-0.3275838029	-0.3239433583	-0.324339097	-0.03042846098	-0.3174347583	-0.1089698114	-0.03294588236	-0.1359166281	-0.09350896469	-0.3061175504	0.005473855545	0.02082941556	0.01461814369	-0.03670286205	-0.04305059354	0.06612671662	-0.3342362903	-0.004067823119	-0.3317458398	0.03265595712	-0.07215175684	-0.03944533639	-0.04041750596	-0.01646907656	-0.008155294454	-0.0508086031	-0.3219763935	-0.3125925172	-0.2967051511	-0.03406834809	-0.028253813	0.006648606277	-0.3557095534	-0.3478723208	-0.3230253647	0.02321772677	-0.314907798	-0.0150419118	-0.04565790986	-0.02719168048	-0.03731123878	-0.03874214662	0.03125094432	0.001158094987	0.01344381211	0.03018158378	0.02438790633	0.06778206939	0.03985842817	0.129313351	0.02010003829	0.006610643243	0.03790518858	0.03851578543	0.2110321276	0.2166811123	0.02897565083	0.09531797005	0.1220062674	0.05163682692	0.07741858465	0.1453711766	0.1355608609	0.3647584335	0.0505081916	0.219073526	0.09777442037	0.04834901937	0.1081299913	0.2071620896	0.1892434113	0.1138826341	0.06176001248	0.05651781205	0.0605195999	0.03020515406	0.03477281071	0.0573158254	0.04887230514	0.08746007796	0.6066630732	0.008158863628	0.05305259923	0.1066480809	0.0463099654	0.05359363393	0.02947649697	0.1287043332	0.07626788601	0.06199767843	0.2532511433	0.09831122831	0.06659302406	0.1493742282	0.1630930046	0.01033614962	0.06221829033	-0.004246187301	-0.01171115096	-0.06289730396	-0.3260684822	0.05933225575	0.5748097267	0.4255529446	0.1038349815	0.1318115124	0.1076194756	0.09427918529	0.01907557907	0.148458281	0.05074192794	0.1830920126	0.1043974302	0.03508972457	0.01520366158	0.03983881543	0.1500943283	-0.01250296462	0.05714584616	0.05983370582	0.009526075017	0.1212021815	0.03567250032	0.1174451076	0.04562659165	-0.02722030066	-0.04094462949	-0.04501456386	-0.0243802665	-0.05320002932	-0.03286950719	-0.08287248229	-0.04194936626	-0.01116819748	-0.06126152851	0.08738871336	-0.01987922561	0.09049467914	0.06154559714	0.16233863	-0.06948916023	-0.03385146519	-0.02123373005	-0.01231185975	-0.02409074286	-0.005387897696	-0.03243131299	0.02091378188	-0.02849961391	0.1654384019	-0.01309426814	0.03326997491	-0.009710152877	0.17374446	0.2646483324	0.1197297534	0.02273452835	0.08254015435	0.0796305557	0.09254869494	0.1472461905	0.09463514565	0.0533693692	0.09503748779	0.07059809835	0.05492440202	0.04959268729	-0.01960325553	-0.001455420129	0.009741648384	-0.05522685241	-0.01154837663	-0.03569134459	0.01268926212	-0.02666515065	-0.04166637947	0.1308283693	0.003286546747	-0.02207305865	0.1377221043	-0.03271842469	-0.01755996656	-0.005599262737	-0.0536239557	0.007002352787	0.03732098846	0.02043089408	0.03920905208	0.252696197	0.127781397	0.09119307893	0.1708921706	-0.01839689978	-0.2711655629	-0.1668236367	-0.02740946542	0.0333701761	0.05155292004	0.1243336163	-0.06754970517	0.04325626683	-0.01175143422	-0.2545148911	0.03198036615	0.04620768603
0.04091298457	0.09000278161	0.09152620013	0.1046212713	0.03051034298	0.1186304217	0.05824067307	0.07292026162	0.1140261122	-0.3786687832	-0.357804264	-0.3575372484	-0.3414767198	-0.3015483638	-0.3093339164	-0.3458100966	-0.3729328107	-0.328798372	-0.2600396374	-0.3519310708	-0.04053725186	-0.05170006445	-0.2926050846	-0.0331227819	-0.009294746306	-0.3064409142	-0.3102758241	-0.2717169128	-0.3110979706	-0.00322731422	-0.3042654711	-0.01112880365	-0.002997478719	-0.1962654055	-0.06242075595	-0.2826975462	0.1120239099	0.0992464312	0.1068883894	0.04829592236	0.04191635704	0.05806854081	-0.3327128143	-0.05369700629	-0.3008195264	-0.01176912392	-0.03210334484	0.1658423229	-0.02045479553	-0.05543094812	-0.01596831766	-0.02815026866	-0.2949210007	-0.2968869813	-0.2692393056	-0.0143063944	0.001277442657	-0.04535775333	-0.3293356947	-0.3449648704	-0.3257674218	-0.07364376125	-0.3027949505	-0.03596300491	-0.036367915	0.009095786315	0.1777228612	0.08726722159	0.1045631406	0.09364710438	0.09226343079	0.07979141186	0.07677709381	0.007153720425	0.07754762713	0.09768150509	0.09742417989	0.0436506477	0.1179162028	0.1053848464	-0.0291761166	-0.05828121746	0.06171373202	0.06698645071	0.0919363997	-0.002870148329	0.007462918679	-0.03878882287	-0.02190877693	-0.06295244003	0.01542944467	-0.02396285425	0.05318099347	0.1640956804	-0.05352307059	-0.0291048908	-0.03196929001	-0.02403697113	0.1139125695	0.1096006232	0.04611673844	0.06969496243	0.05016410202	0.07240823761	0.05766195345	-0.003617174164	0.008158863628	0.5789527782	0.06549633011	0.05949099964	0.08076136215	0.09625113959	0.1428900118	0.1058001071	0.105426082	0.1678518941	0.04511111058	0.05329647515	0.1940450055	-0.05547665508	-0.03289798203	0.1667395237	0.1757347344	-0.02451217434	0.09376097831	0.1046242892	-0.3258287092	0.02914700373	0.008544715648	0.02076877088	-0.06164878197	-0.0339079537	-0.0218889332	0.009955712554	0.05775488526	0.01508155736	-0.02222810969	-0.0293301543	0.04768926067	0.06196182885	0.1167796381	0.1284988469	-0.01371009448	0.2281419778	0.1694994149	0.2025940374	0.09441832128	0.04935556073	0.07520540514	-0.01325668174	0.1206779742	-0.03524347523	0.114334951	0.009674032579	0.0738088239	0.02763285462	0.05770063133	-0.009667581439	0.08394609378	0.05173077065	-0.03538577156	0.09858689734	0.008422226969	0.0569418489	0.09543884413	0.03869788973	-0.02371214155	0.01422880417	-0.0326691881	-0.002536460425	-0.01478793833	-0.06078907018	0.03934203782	0.08868555547	0.02677590324	0.04891918197	-0.005769099245	-0.001415230188	0.02992137127	0.08386399927	-0.009112978177	0.09741230576	0.07275464966	0.09667849601	0.1257057644	0.06880078466	0.0615249387	0.08672448585	0.215665276	0.07354500534	0.01202969474	0.1741937916	0.03610460696	0.05955771263	0.06577676494	0.05717392897	0.102727886	0.06432343407	0.09524412282	0.05715037004	0.05772803752	0.06175959713	0.002981246247	0.1302946362	0.07107514709	0.03319976929	0.07135172621	-0.0334511453	0.02920535024	-0.01612543471	-0.01069524514	0.2463857482	0.1244072962	0.06663334023	-0.05750268022	0.03936981201	-0.02296718757	-0.02557096556	-0.04091574941	-0.3363263072	-0.2090464419	0.226064777	0.1085868357	0.05629573635	0.0643114192	-0.01501082582	0.1543052523	0.01330758163	-0.3314868933	0.1162170226	0.1325010053
-7.653297937e-05	0.3854553242	0.03485938009	0.06063536798	0.06997254072	0.0489797469	0.02988511681	0.02312786467	0.01105473404	-0.2913477893	-0.3049543261	-0.3111933167	-0.2896587538	-0.2593804081	-0.2564803515	-0.2881295514	-0.2842357703	-0.3070261433	-0.2346403437	-0.2657947422	0.0206869052	0.04743591843	-0.2466982576	0.04766657856	0.03461142659	-0.2479533467	-0.2424778447	-0.261030893	-0.2247967598	0.01718258154	-0.2322973329	0.02553030878	0.05066638506	-0.1605361756	0.03365112544	-0.2587765337	0.08650789049	0.06787679554	0.04851225673	0.00528369083	0.03987377526	0.0197839142	-0.2651776821	-0.03288366566	-0.2668515029	0.05703232973	0.01426570325	0.08279276136	0.002072155278	0.001977546217	0.01072560782	0.04701347939	-0.2748577848	-0.2518351311	-0.2516406831	0.02148813383	0.03092899855	-0.0007005868696	-0.281737874	-0.2801622267	-0.2821120129	0.04534317087	-0.2468529489	0.04200715776	0.02341743985	0.01825433918	0.07836159652	0.08962334572	0.05292008105	0.1021381716	0.04250358103	0.02927326736	0.02717464025	0.06248421972	0.03497653023	0.02189202678	0.06230005516	0.05571835715	0.06737014078	0.04202784251	-0.0152739793	-0.04067941349	0.02918123041	0.06072130047	0.0023477019	-0.0002184702401	0.1008617672	-0.01532693204	-0.02763328547	0.1043921773	0.006181368871	-0.04372247574	0.03742174696	0.0552459295	-0.04459021149	-0.007395686518	-0.02305898262	-0.03568569594	0.09052037525	0.09320344976	-0.01449982183	0.04935753274	0.02330483852	0.1074376567	0.04280106616	0.0004734701766	0.05305259923	0.06549633011	0.6031531362	-0.02910274897	0.01256717712	0.02512203292	0.07995267256	-0.006672434099	-0.01175067138	0.03925951506	0.01976159918	-0.002168031053	0.02633058171	-0.03175184877	-0.02583433702	0.09758988681	0.04878550616	0.032099441	0.07649210128	0.09895624466	-0.2577681284	0.03202561097	0.0549958369	0.07692268044	0.001998029355	-0.02392889912	-0.01673148358	0.01206951418	0.05154277352	0.05567639027	0.09510982769	-0.02347707082	0.05625547405	0.1135936263	0.01718476553	0.01582541651	-0.008386558736	0.01116818238	0.04134793992	0.02709151851	0.06212029199	0.000570359625	0.02378530929	-0.001729789007	0.0507722761	-0.0227871738	0.02960579773	0.0002489104373	-0.003891146338	0.04799444347	0.02864199687	0.02523173085	-0.0324121739	0.01863676225	-0.003521696173	0.0875435888	0.00845526466	-0.01015758927	0.1525151851	-0.02282278203	-0.001861224439	0.1077785162	0.05281971587	0.04857994159	0.107198617	0.02412257979	0.02040516582	0.06288592444	0.05929308185	0.05567912674	0.08595177422	0.07857339647	0.06711349186	0.03819778671	0.1275524693	0.003274355051	0.08106035979	0.0961782803	0.03249913611	0.0350558332	0.006353317242	0.04328785098	0.009178052356	0.02619215469	0.02443148774	0.07075918193	0.2919000829	0.06868917378	0.08401276312	0.06458565575	0.1099017116	0.04821643152	0.1060440276	0.03199975719	0.06992271849	0.03787978047	-0.02248722703	0.01612178756	0.02882877889	0.07507643974	0.0555027543	-0.04047275605	0.02727559297	0.05525330061	0.02649412314	0.01593638613	0.075124149	0.000360632127	0.08568858729	0.04061465731	-0.02659476106	0.01910703347	0.05203247028	-0.2932180348	-0.1721151897	0.1281558247	0.06442076159	0.03122548529	0.04274038652	0.02700413924	0.03746346596	0.01928376717	-0.2737942082	0.09105287184	0.08716084942
0.1171113299	0.003578393054	0.09450873992	0.04859800886	0.002360650834	0.2048638255	0.001385119828	0.005669660126	0.08827730924	-0.3009255455	-0.3108828333	-0.3151444337	-0.2993711443	-0.2943697747	-0.2857266741	-0.2907994191	-0.2944929664	-0.2908680967	-0.2798146545	-0.2974308354	-0.07497126406	-0.09476466622	-0.2824081447	-0.02319140696	0.005513312428	-0.2954714162	-0.2616682911	-0.2621165624	-0.2879423087	-0.01017825485	-0.289479557	-0.09803170693	-0.08396541533	-0.1703410671	-0.1216208915	-0.2851917245	0.02396368877	0.0009114305401	-0.007016042874	-0.03615086139	-0.04561220712	-0.02178442967	-0.3059000412	-0.01780163048	-0.272763108	-0.008348958079	-0.03711894776	-0.04152480251	-0.03492066416	-0.07894955236	-0.005164336712	-0.08983969595	-0.25008655	-0.2873048368	-0.2728899466	-0.01637268787	-0.01099919238	-0.09150957512	-0.3211299335	-0.3278828303	-0.2865610173	-0.02308994548	-0.244829885	-0.03831829631	-0.06384485575	-0.08011872559	0.01561339949	-0.02395314267	-0.007353050322	-0.004810570472	0.03451475399	0.05276457811	0.05041893676	0.03077931664	0.04067593192	0.09965953803	0.004770222665	-0.03562280352	0.2750140542	0.02226617247	0.08588732689	0.1436656547	0.02266423145	0.04556997697	0.09060649628	0.06200162494	0.058178238	0.08875001129	0.08909215735	0.05046595056	0.1576221488	0.1970187259	-0.01807110009	0.01678649376	0.05178481771	0.180361395	0.1288850787	0.06323855396	0.07680531197	0.008403063986	0.06248092305	0.05532564036	0.01263300064	0.0007614378227	0.007231244065	0.01944792721	0.1066480809	0.05949099964	-0.02910274897	0.7798167386	0.08301048479	0.00934752662	0.02445442359	0.1033764151	0.04430892361	-0.01125307902	0.1814085313	0.304271548	0.287448938	0.1203152929	0.104969637	0.1663833788	0.2670165325	0.2185571499	0.007649932256	0.02057336581	-0.2997450853	0.2506430175	0.09724923941	0.03469575698	0.02963903985	0.1194220228	0.01919019982	0.0388624048	0.0007737892014	0.03606744317	-0.02818374586	0.1360501658	0.02623642558	0.03923176494	0.05810284088	0.1318676593	0.09319385894	0.2492118958	0.2708628656	0.3113649015	0.00900962368	0.111750615	0.0184390707	0.1050336559	0.02278792219	-0.0112337855	0.02447140039	0.01113897834	-0.01152090399	-0.02997050398	-0.07486732443	-0.05572803537	0.008576789448	-0.002652772577	0.001142082472	0.01754135943	0.04565853978	0.06398188858	0.00913486295	0.2073066582	-0.02960296195	-0.0404742716	-0.06085795605	-0.04200175278	-0.05707513343	-0.03389674956	-0.01834773087	0.01563891867	-0.02760378707	0.07976599157	-0.04506804839	-0.0005548906338	0.1717515884	0.1204953238	0.1052514356	0.153218091	-0.02387278885	0.01482742575	0.09906056346	0.08873533746	0.1493061611	0.08629734632	0.2470680595	0.1104056882	0.03611182826	0.02909935138	-0.06121278334	-0.02767002356	-0.007460411795	0.01843061188	-0.03683272403	0.01896218039	-0.07433165924	0.03656457938	0.04074354874	-0.02659476543	0.3550461132	0.07052144239	-0.01315998787	0.05258743182	-0.06052539585	-0.02779465877	0.01457002812	-0.0403889198	-0.0334060543	0.2499247862	0.01350685893	0.318477998	0.05632705954	0.1047379554	0.04452177371	0.07910024203	-0.09892152378	-0.2818542137	-0.179309402	-0.04291484335	0.01232845399	0.0181436613	0.09680660937	-0.02572182686	0.005096593592	-0.07115480803	-0.2808217884	0.04035649824	-0.007856854888
0.1124371319	0.05743083553	0.08260652746	0.160546268	0.06391643026	0.05014371233	0.06687017899	0.07523973683	0.07116212846	-0.3502114899	-0.3335683096	-0.3393431005	-0.3170397249	-0.3032630519	-0.3134392855	-0.31602866	-0.3426536256	-0.335339255	-0.3088961883	-0.3243655019	-0.06654078557	-0.08291108927	-0.2980460664	-0.112210691	-0.08775118505	-0.3191042803	-0.3136179598	-0.3159607515	-0.3098485154	-0.09260871213	-0.3066269999	-0.0982317449	-0.02804309108	-0.2152612439	-0.07737456174	-0.3022782119	0.08394369247	0.1228271496	0.1204423179	0.03840718441	0.0151567206	0.06557490066	-0.3579876573	-0.08520960334	-0.322994892	-0.0144444178	-0.05588152387	0.007850997472	-0.1099985312	-0.08499959043	-0.06489417944	-0.05771032146	-0.3190759817	-0.3047702965	-0.2957733521	-0.09957051524	-0.09372266166	-0.05815398221	-0.3678171331	-0.3564688009	-0.3528767658	-0.04111031356	-0.3096821903	-0.05922343394	-0.05200270129	-0.03286081539	-0.001815936466	0.005227304352	0.08380807189	0.1352486388	0.1557112664	0.1248920344	0.1247494329	0.1377575486	0.06058877748	0.1877022279	-0.008066877266	-0.006648976162	0.1171880605	0.0964740462	0.1256045334	0.134179562	0.2437135819	0.01469846713	0.09584083597	0.2372669938	0.02874386834	0.0155058396	0.08068484328	-0.09789470676	0.1388523583	0.0689758666	-0.01126215236	0.117130512	0.05403444541	0.06240196123	0.09764928073	0.1929917186	0.1194320317	0.03530638035	0.2132751624	0.1600766567	0.07308824675	0.05155643283	0.004414007244	0.1790637797	0.0463099654	0.08076136215	0.01256717712	0.08301048479	0.5026377661	0.08646611832	0.04896016051	0.1583861203	0.3002420641	0.1302994938	0.0841264738	0.1325893457	0.08363060676	0.07671250697	0.06167196071	0.01604424499	-0.04278307855	-0.03615540574	0.07008862398	0.007162221819	-0.3475793953	0.07824400801	0.05412310693	0.01110466362	0.1986870304	0.0719532878	0.2523397739	0.1837946432	0.05102203152	0.0512256777	-0.06810676975	0.08154200863	0.01617026361	0.06673841206	0.04636280747	0.1310914698	0.2232443182	0.05931131827	0.08483777801	0.0809444253	0.0999006317	0.07973239899	0.06415157629	0.2277055501	0.05271051183	-0.06078389555	0.01282328239	-0.07876989788	-0.03872062576	-0.02048981015	-0.07500532247	-0.1231123298	-0.08084602649	-0.05492423506	-0.08756704306	0.04989914314	-0.08359236174	0.2750080009	0.1368900962	0.1456047309	-0.08095570769	-0.01695668258	-0.0760706358	-0.0298076738	-0.04575398589	-0.1558658669	0.09132963917	0.1264430759	-0.01492166005	0.02869943564	-0.04050090003	0.0576448487	0.07281909255	0.1338882958	-0.004336789544	0.1038750959	0.07935937141	0.07570050094	0.02137310398	0.05511617269	0.1009064453	0.1145553106	0.09622665964	0.178890957	0.1068849409	0.1410351363	0.01860752274	0.02230328136	0.04671044331	0.1139579231	0.004302732086	0.1056260014	-0.0251635747	0.09412311074	-0.0006972852027	0.03353456909	0.03641223526	0.09077266475	0.06072824809	0.002911501262	0.04599283555	-0.07003396371	0.01606538426	-0.01392803258	-0.06611475106	0.09003322537	0.1357110156	0.07019537767	0.1153025344	0.1193164835	0.1971455292	0.1811147835	-0.06909867312	-0.3169057435	-0.2159696541	0.05369794261	0.01273096318	0.07013622463	0.1337282132	-0.06376991223	0.0410591823	0.01612898648	-0.3206392058	0.09632595201	0.01276600656
0.03555071219	0.05514201902	0.1114575687	0.1426417466	0.1566750138	0.02591536624	0.1693867458	0.1707479998	0.07199970991	-0.3796595639	-0.354699008	-0.3658909733	-0.3440287431	-0.3330889798	-0.3111792667	-0.3408820527	-0.3685336801	-0.3649201674	-0.233419976	-0.3505099529	0.137936959	0.08260674354	-0.2621440284	-0.02692323037	-0.008183239322	-0.3396464447	-0.3259382308	-0.3321546915	-0.3331006962	-0.008213027124	-0.3261549147	-0.03329760366	0.1126643106	-0.1595698592	-0.002640768974	-0.3246425904	0.2768155097	0.3629816625	0.3732441288	0.2687339039	0.1077123337	0.4433982236	-0.3839850085	-0.03682457212	-0.3521652859	0.2431384206	-0.03501195974	0.06921473935	-0.04275940186	0.1149325244	0.02312319	-0.05497833828	-0.3342629963	-0.3278501925	-0.305922056	-0.007034557948	0.005521041876	0.1492193816	-0.383451398	-0.3837221029	-0.3744968735	0.1584634352	-0.3324905096	-0.00718988305	0.0009847826528	-0.03769479165	0.09939879873	0.1804420569	0.1648903867	0.200953152	0.02931762379	0.03335114742	0.03688993762	0.08558416911	0.1247218596	0.1009995288	0.001079982702	-0.05519013839	0.06460090665	0.3158487485	-0.01970337837	0.01619498167	0.06134741595	-0.01861750782	0.08915243498	0.006531456348	-0.02698328214	0.01353458344	0.03719374115	-0.04618222971	-0.05046577508	0.012955173	0.04010733233	0.2613840372	-0.01248478539	0.025770933	0.01914929989	0.03028403231	0.09483761789	-0.05615624978	0.08008080684	0.08521892014	0.1297784316	-0.05568070008	0.1249079139	0.01091783888	0.05359363393	0.09625113959	0.02512203292	0.00934752662	0.08646611832	0.5875612779	0.09191366709	0.02906812182	0.06877929026	0.04950323306	-4.420332003e-05	-0.01293602458	0.08551877831	0.01267197723	0.02154488123	-0.008472755511	-0.03378212135	-0.07882273333	-0.04607776483	0.003565290017	-0.3750263908	-0.004844010389	0.05566627962	0.01930678947	0.003549384793	0.0176657012	0.003746915721	0.05501312649	0.03233849818	0.001076214685	-0.06001107523	0.02008930338	0.04957129088	-0.01815715802	0.08450098333	0.05992983473	0.006642491162	0.1123132148	0.1110106868	0.09155235758	0.235831578	-0.0006697642882	0.1232337567	0.01825935012	0.156017304	0.02647349051	0.03221580622	0.007552006219	-0.03992534132	-0.005500691862	-0.08012207553	-0.1303265232	-0.06603601187	-0.04567542143	-0.05867756724	0.1194849642	-0.08930037672	0.05755416357	0.1051448584	0.05066375597	-0.1064413842	-0.05868474079	-0.1028532047	-0.05300564448	-0.06474630011	-0.1460842571	-0.05490880842	0.09407370291	-0.02626084222	-0.008561892348	-0.05200356181	0.04710900808	0.03041923039	0.05298470409	-0.0743685646	0.01816919983	0.02566899028	0.02172546319	0.009554503555	0.01942026508	0.0006072540932	0.06661763127	0.1816039649	0.09009100288	0.03569221362	0.1371608268	0.0007383375369	-0.004363687823	0.002268839365	0.0437686476	0.06693342049	0.1374805268	0.03184364366	0.1238049117	0.02214639497	0.04202951377	0.06099091876	0.1344330667	0.126051672	0.1312446075	0.217653982	-0.0275755778	0.01737565069	-0.002590344922	0.1354015748	0.1191474334	0.1879402679	0.03665918976	-0.0529311034	0.005630540736	0.04299399327	-0.00613778351	0.1463380296	-0.255801764	-0.162390799	0.03383256125	0.002951541807	0.366635	0.07197810781	-0.08418051046	0.06908580301	0.07469133252	-0.2569579067	0.1048468995	0.01324348599
0.07190503503	0.09487469445	0.1010696192	0.05630551346	0.0814041766	0.06948191257	0.09061072313	0.09024456722	0.07357993179	-0.2928434704	-0.2722355306	-0.2753860237	-0.2716639873	-0.272291351	-0.2496663603	-0.2556502496	-0.2786464968	-0.2929928716	-0.2675423372	-0.2629223548	-0.01494090728	-0.03615206676	-0.2941772519	-0.0467160324	-0.02818142513	-0.2903732277	-0.2818680872	-0.2491707492	-0.2714060901	-0.02254888925	-0.2734470829	0.04628884429	-0.006123730445	-0.1899464572	0.005926754364	-0.2648284809	0.09244411839	0.1149656772	0.09667346633	0.1179886642	0.09628612465	0.07710421053	-0.2728979292	-0.08839200316	-0.2762118241	0.02131016786	0.02607436892	0.02813973403	-0.07611539753	0.03818050784	-0.006030546165	-0.04281707967	-0.2440123448	-0.2622333341	-0.2499674162	-0.0310785373	-0.0248232164	-0.007712392392	-0.3353072371	-0.2911232345	-0.2698472009	-0.02367302002	-0.244510829	0.01981003415	0.01158498864	-0.03677119937	0.08523499966	0.01719389779	0.1108888758	0.1055119368	0.07883141058	0.04870520336	0.04622826302	0.1072495656	0.1342266629	0.06474485315	0.05617898114	0.02260805772	0.1192058873	0.1048802532	-0.0626889013	-0.03030861155	0.04209092468	0.1198829031	0.07376724036	-0.003656944372	-0.0002271201352	0.001175870729	0.003305478246	-0.03905796029	-0.06385286242	-0.0111023934	0.09393971375	0.1322831124	-0.0198811672	0.01028726372	0.009299037851	-0.01150262704	0.1042361888	0.06407938828	0.03185686085	0.07394198714	0.01412665181	0.05777189843	0.09125747862	-0.02012291346	0.02947649697	0.1428900118	0.07995267256	0.02445442359	0.04896016051	0.09191366709	0.5334977873	0.04117403736	0.03981859673	0.1160624635	0.01222140096	-0.007187350715	0.09843717973	-0.00509101159	0.004064905641	0.08043904132	0.07262669011	-0.03478800886	0.02697759499	0.1301376158	-0.2670457335	0.04130963579	0.02969570926	0.01324045742	-0.03018215882	0.004593597485	0.02922038817	0.01314414887	0.1096849811	0.01008521718	-0.01007652181	0.007849716888	0.02809567885	0.06805586445	0.07044731562	0.05750343579	-0.01047536065	0.09506897504	0.1077446153	0.0980943179	0.09376289623	0.01552270118	0.0842032769	0.0008378765369	0.1308088098	0.01584367825	0.02758390454	-0.0235638296	0.02717959935	0.02849495615	-0.01056878002	-0.05352429107	0.008231138188	-0.006914931043	-0.03241575728	0.04100667872	-0.04132807845	0.05588598516	0.1622308397	0.022859214	-0.07336374423	-0.01801094941	-0.04924319653	-0.01724777943	-0.02060080499	-0.05133046337	0.01321948642	0.09416763864	0.07498863995	0.03440434758	-0.01690540395	0.0503102673	0.0895395124	0.04287513381	-0.01681228286	0.0492418557	0.1381815725	0.08168896284	0.06708653689	0.06888195268	0.02708759341	0.1094907313	0.1145262074	0.04963057299	0.009185057204	0.09603298739	0.03310802451	0.0630788819	0.09418098659	0.06930374402	0.0672748162	0.1707339362	0.03340625576	0.1217265883	0.06884787156	0.09023601767	0.04912778604	0.1159684794	0.03519366753	0.1764560086	0.04233618775	0.01646301824	0.0687937145	0.00262206758	0.03770283499	0.102812322	0.07551736065	0.00811896918	-0.06707077708	0.02979334899	-0.004180795202	-0.01237795557	-0.01655789467	-0.2957257605	-0.1989444494	0.09005891383	0.05909279746	0.1170743268	0.09526757123	0.002436740697	0.05314405817	0.001848026086	-0.3093681587	0.07313199326	0.1145185745
0.2141237517	0.002094500824	0.09156634827	0.09586302755	-0.009349133117	0.03070851242	0.0118662453	0.0683698605	0.1059372641	-0.3803298318	-0.3616973069	-0.3692634924	-0.3427242535	-0.3220072812	-0.3318505115	-0.344084602	-0.3734412893	-0.3639967104	-0.3266825002	-0.351951413	-0.07700109941	-0.09373191948	-0.3185387096	-0.07997712921	-0.06403311001	-0.3388004737	-0.3367769358	-0.3263143706	-0.3314836253	-0.06998299985	-0.3324394045	-0.1054192724	-0.05612301468	-0.2252353702	-0.1057321346	-0.3300469369	0.06855723711	0.06595174235	0.069601878	0.01104726918	-0.05157683496	0.02340633011	-0.3871843276	-0.08712777726	-0.3480519009	-0.01733981112	-0.04438189422	-0.04908954047	-0.08198356755	-0.09354571195	-0.0485651487	-0.07397017799	-0.3329698257	-0.3264322747	-0.3128765805	-0.074121272	-0.06512071755	-0.07056984049	-0.3902734497	-0.3852091506	-0.3769497076	-0.06203226752	-0.3236430418	-0.05877367532	-0.06277666671	-0.04299115296	0.02371540637	-0.02910671679	0.05199073675	0.05897554742	0.09146477391	0.08427498655	0.0839973839	0.055244662	0.05669496409	0.2850390291	0.04627568042	0.03211654872	0.1267815548	0.05920318948	0.1175675202	0.1021437137	0.2061516478	0.05633276898	0.1945710397	0.2350421057	0.1108536271	0.04740964981	0.1305585666	-0.0009760571104	0.2107259184	0.09256885939	-0.01166379902	0.1056121109	0.02956490782	0.1050887202	0.0888208936	0.1989151026	0.1453799508	0.04395624547	0.1577397803	0.09137633406	0.0396718808	0.03506143291	0.06378053462	0.1165304487	0.1287043332	0.1058001071	-0.006672434099	0.1033764151	0.1583861203	0.02906812182	0.04117403736	0.453121464	0.2830593124	0.1138622069	0.125982796	0.1536647742	0.1264142323	0.05737109073	0.164209976	0.09797337975	0.03236577322	-0.03478805799	0.04816133078	0.03196356328	-0.3770959036	0.01296208377	0.1225909746	0.09736741025	0.1727950734	0.1048426482	0.139068403	0.2183335531	0.05836935363	0.006192196241	-0.08028168419	0.09188228757	0.1106761011	0.05445199111	0.09805917484	0.1899746878	0.1917266215	0.09474695525	0.1258062566	0.1293995843	0.06546307205	0.2700799005	0.09453015799	0.1738877215	0.03712340283	-0.02240037426	0.02554210305	0.0001430171162	0.05221183128	-0.01870285668	0.02873390726	-0.005140762348	0.05001087743	0.02316433907	-0.01484557415	0.08439990868	-0.0257040315	0.2247086692	0.08305269723	0.1544341226	-0.09541970136	-0.07887797725	-0.09006217705	-0.08224735126	-0.08409215469	-0.0729520576	0.0244992399	0.08816646457	0.001265405454	0.01761381163	-0.09177635554	0.003937291001	0.02704221629	0.1901640664	0.03303033187	0.2828292671	0.01990936116	0.0572144895	0.08144043136	0.1269628182	0.1414488471	0.1223912424	0.1171066713	0.2777154837	0.1839280385	0.1005942574	-0.02070461638	0.004156642729	0.006322373398	0.04147118134	0.007828088645	0.04687680062	-0.03099950742	0.04492116152	0.008748282726	-0.003065950899	0.09620883696	0.07095145531	0.01970984692	0.05433375216	-0.00214333282	-0.008088541984	-0.01644716991	-0.06171345001	-0.093581801	0.0969521328	0.08161695494	0.1258100014	0.04302218459	0.08970638662	0.1514086545	0.1297924033	-0.1122506251	-0.341940947	-0.2286332361	0.02283618013	0.04947846565	0.03995393002	0.2293658837	-0.04909711881	0.092557157	-0.02720630665	-0.3536262097	0.03923178962	0.03667339656
0.2039989049	0.02099069103	0.09461911897	0.07089643553	-0.001277074814	-0.003115501841	0.03558634753	0.0798833251	0.06670206101	-0.3594038076	-0.3432588613	-0.3477579167	-0.3271819195	-0.3078212065	-0.3208567363	-0.3281675551	-0.3582305615	-0.3493779923	-0.3120666686	-0.3365927266	-0.07695744836	-0.08205152832	-0.3013050999	-0.09866820008	-0.08078474042	-0.3232693313	-0.3228211857	-0.3193070449	-0.3218720623	-0.08218339048	-0.3135418434	-0.1012934631	-0.05083933396	-0.2176776733	-0.09646455102	-0.3164801957	0.06763288313	0.1029231051	0.1003900362	0.03160526636	-0.02140301465	0.05673043875	-0.3688541755	-0.1071949793	-0.3409686987	-0.01809076055	-0.05281271646	-0.04004481279	-0.1028389349	-0.09139643708	-0.07856939211	-0.06565285006	-0.3252796109	-0.3085028686	-0.3031475142	-0.08717247395	-0.08330324036	-0.067511106	-0.3762705841	-0.3737404457	-0.3624166194	-0.06945784312	-0.3147004126	-0.05217969137	-0.06500828552	-0.04455231356	0.01527470836	-0.01295774347	0.04704100112	0.06420255962	0.1186101469	0.06472818401	0.06522303283	0.04602006003	0.0591528533	0.2587411689	0.02401789358	-0.01224316611	0.1157271973	0.09785146084	0.1886541604	0.1484563445	0.3268635477	0.04165118274	0.1648331907	0.3108690668	0.04594389273	0.02800161049	0.1272463111	-0.07224801704	0.2419296929	0.05499992962	-0.03409604244	0.1121576811	0.02859984048	0.05226569395	0.03295130975	0.2667112945	0.1389737147	0.0107461632	0.2354986676	0.1111102236	0.03781541038	-0.01856455444	0.02692416953	0.2135276038	0.07626788601	0.105426082	-0.01175067138	0.04430892361	0.3002420641	0.06877929026	0.03981859673	0.2830593124	0.4777632476	0.1348054604	0.08918284774	0.1265362859	0.1244812493	0.02275435146	0.09567202825	0.05008303543	-0.03492258479	-0.09643572796	-0.006997502111	0.03517360244	-0.358190765	0.00621418554	0.08062408751	0.05286970788	0.2789834089	0.04052518175	0.2920702366	0.2928581205	0.05643966385	-0.0002336965979	-0.04968641965	0.03194169008	0.04952413839	0.02494208483	0.04973102577	0.1787312658	0.2531297946	0.09478394922	0.1008857918	0.1041811579	0.07175408891	0.1584920836	0.03960204582	0.2372102498	0.01235710648	-0.05719243164	0.03842607	-0.03253518726	0.001768935232	-0.01746919792	-0.01748151112	-0.08583588735	-0.02333788591	-0.003541706649	-0.03925546986	0.07864362015	-0.06134861337	0.3514538891	0.08545215854	0.1566427519	-0.1131844551	-0.05947324822	-0.1102723072	-0.05229079674	-0.07838091481	-0.1070296372	0.1251773712	0.1095030718	0.01394178502	-0.01617299695	-0.07565814617	0.01780652902	0.02169659995	0.1584692722	-0.003132313887	0.1701684465	0.03525439199	0.03488655778	0.03280412808	0.09086520938	0.1039965572	0.1438114358	0.1117904556	0.236068622	0.1700641934	0.1279246215	0.008377355397	0.03371200533	0.03260543212	0.07085397827	0.008763527115	0.07092805285	-0.01203574659	0.04710678632	-0.003089856132	-0.01177915637	0.04565050948	0.05238858827	0.04193782094	0.01211409378	0.02049685329	-0.03506550785	-0.01568518136	-0.05076788403	-0.09915181114	0.09462000493	0.1066733228	0.1311226881	0.1443943149	0.06159046401	0.2687918303	0.2037509909	-0.0971459702	-0.3229102444	-0.2169518341	0.05383464847	0.02960557717	0.05661420832	0.2000562727	-0.05805098523	0.1000005877	-0.0190198836	-0.3331492694	0.07673618978	0.03159064296
0.1098583272	0.05198409331	0.05440478715	0.1202237601	0.06187561938	0.04765939735	0.03627732769	0.05067597021	0.05117038745	-0.3952293002	-0.3766411551	-0.3817126739	-0.3570451166	-0.3250031813	-0.3282021414	-0.3607253598	-0.3881099016	-0.3778528802	-0.2859148088	-0.3705286745	-0.04643664624	-0.04080620368	-0.2916802723	-0.05771642923	-0.0460393316	-0.346231207	-0.3406586306	-0.3289595405	-0.3337207659	-0.02536238486	-0.330485499	-0.003542779418	-0.03277423079	-0.2075451007	-0.05731348034	-0.3337442663	0.03654580635	0.05059496173	0.04729193787	0.02443252453	0.006845071161	0.03482877465	-0.3765474645	-0.06976034284	-0.3522900084	-0.03767897917	-0.03947030356	-0.03242513258	-0.03091711565	-0.0443713384	-0.046062003	-0.04825193083	-0.3465847927	-0.3242859934	-0.3117544624	-0.0404259612	-0.03411679342	-0.03000826898	-0.3853458362	-0.3952127487	-0.3706712558	-0.07220677438	-0.3269441754	-0.02719453661	-0.03311844311	-0.03512211328	0.05975879208	-0.02919557745	0.05228337365	0.07019083585	0.1220934574	0.07314674469	0.07217480836	0.1233782493	0.06285414976	0.1331702859	0.060042352	0.09455502554	0.08197817881	0.03570330999	0.02288989519	0.000752424983	0.097131936	0.1064257895	0.04962114564	0.09643128712	0.01727916391	0.005473204286	0.05204578692	-0.006682021583	-0.003294955537	0.02859303562	0.1420466971	0.09158938344	0.07814556145	0.04728565372	0.09020162185	0.1140096733	0.03108311812	0.2027793109	0.09284758057	0.04462471475	0.002121832469	0.1050291305	0.04444489962	0.1072604927	0.06199767843	0.1678518941	0.03925951506	-0.01125307902	0.1302994938	0.04950323306	0.1160624635	0.1138622069	0.1348054604	0.4999001861	0.04429857624	0.02288159215	0.04092207128	0.04623319898	0.04583186251	0.09288065592	0.1190733948	0.02587685308	0.1061799446	0.08301690238	-0.3668194367	0.03773936568	0.06190073207	0.07144349871	0.09406440874	0.07950887709	0.09322032842	0.1195434138	0.1881903389	0.1214583558	0.01497786348	0.08888075855	0.1082373782	0.1086357729	0.006182244308	0.05298525748	0.06476903133	0.03132781651	0.04330718878	0.03882719185	0.0610133554	0.02470309469	0.03646111551	0.08162834654	0.1273303668	0.005861663152	0.07139568868	0.02456591737	0.06595536737	-0.00676729151	0.04307573192	-0.02283835512	0.02350941099	0.05256681158	-0.06343214416	0.05332789953	0.005069594169	0.1272062327	0.1024963535	0.06686983611	-0.008680755589	0.05609099334	0.03836372525	0.07241862711	0.05217060549	-0.04651856667	0.08172256917	0.04139973823	-0.005861268227	0.1681285719	0.061139569	0.1026294002	0.07923045168	0.04227516662	0.01844143184	0.08371108948	0.120027366	0.1422441591	0.08920810859	0.03445678679	0.03984677156	0.06294254489	0.07086652796	0.1284657144	0.1198914068	0.1879670219	0.06395178102	0.1129478823	0.1649393192	0.1372743331	0.06715724277	0.03949302585	0.07089963213	0.08731296267	0.07640351136	0.1081181512	0.08627313013	0.1028103817	0.01082656041	0.08527800081	0.007613029337	-0.05236986343	0.0116517703	0.01646771538	-0.05751286608	0.06459770345	0.03427479016	0.009750951999	0.08791106769	0.09938784438	0.116441746	0.1002091797	-0.04482972991	-0.336357627	-0.222866282	0.1450934732	0.08814924185	0.06266981081	0.1265190857	-0.04483996183	0.1181239154	0.03955669558	-0.3382546674	0.05197683408	0.1263186277
0.05553514823	0.02077853871	0.01496374634	0.08809191358	0.001379757267	0.02433468865	-0.01699683853	0.009710532349	0.09507461818	-0.3648556622	-0.3518260009	-0.3574992551	-0.3347661769	-0.3271021244	-0.3219118833	-0.3363825677	-0.3680035363	-0.3573431172	-0.328112948	-0.3482817695	-0.06105084694	-0.06859932332	-0.3112619026	-0.06142110485	-0.03135377286	-0.3257872387	-0.3286253414	-0.3285601208	-0.3314763385	-0.04087076553	-0.3208027092	-0.08263020288	-0.03578860513	-0.2115299844	-0.08944676498	-0.323315859	-0.004990053492	0.01179960192	0.008680385036	-0.03162179503	-0.03145184246	-0.002162948288	-0.3753901138	-0.05565255554	-0.3470335352	-0.02632276156	-0.06175532482	-0.01906316746	-0.05912833391	-0.07526413232	-0.03474902665	-0.05566039868	-0.3359099082	-0.3264733425	-0.3099726846	-0.05299857476	-0.03510099769	-0.0485683592	-0.3787672822	-0.3784401249	-0.3598424623	-0.03656960368	-0.3240091622	-0.01979130801	-0.04151255278	-0.04101214514	-0.02618549232	-0.05135971579	0.007797679826	0.001198990966	0.09581754558	0.04913319997	0.04325818026	0.06464421342	0.04759278664	0.07551735456	0.08776995245	-0.008816655864	0.07323331945	0.04507102956	0.1178534828	0.2574161136	0.02601574836	0.04160319589	0.2407483775	0.04178204813	0.04878235826	0.162545584	0.1088968179	0.2024624461	0.01123176746	0.2984857408	0.04725449487	0.04219744002	0.173629413	0.272456185	0.1879134832	0.08516448453	0.04286982579	0.07182534945	0.04277444711	0.07256787388	0.03593353386	0.0668100111	0.02498079128	0.07720062041	0.2532511433	0.04511111058	0.01976159918	0.1814085313	0.0841264738	-4.420332003e-05	0.01222140096	0.125982796	0.08918284774	0.04429857624	0.5575581009	0.1769749494	0.06714487036	0.1809024911	0.1511238421	0.04208712738	0.0935048484	0.09412364007	0.06746611364	-0.03105795362	-0.3661107932	0.05119463054	0.2393960365	0.2077005557	0.08970116572	0.1644330819	0.1102334663	0.05393696987	0.02060910151	0.1423020466	0.08055806383	0.1984146285	0.03777130454	0.03651437483	0.02455547873	0.08637818463	0.2906985184	0.06081809004	0.05257614842	0.05995682073	0.01882838227	0.1619054799	0.001397501305	0.2115247021	0.005864831579	-0.00491109956	0.06448134181	0.002448027466	0.08105940687	-0.03467696855	0.05221396888	0.02504473896	0.0568899248	0.07511640123	-0.003080617102	0.09744892308	0.02086900416	0.04179920716	0.04217195901	0.1940387844	-0.06407619004	0.02577977012	0.01923908921	0.03789816179	0.02948826157	0.03600571858	0.007685031306	0.06699318324	-0.023137639	0.1735912968	0.0426252421	0.06611769797	-0.02657161779	0.1708033889	0.2301422316	0.1444526242	0.006010786507	0.06765540676	0.1861159801	0.1310916643	0.2656873881	0.09947107904	0.02899811718	0.07463978143	0.002692016857	0.04545710104	0.03443512855	0.01896582169	0.007673153542	0.04536693518	-0.02349192849	-0.01506231602	-0.008912954218	0.003145425713	0.05386936676	-0.04361319848	0.1418564198	0.01375688439	-0.0008209528517	0.1424617024	-0.04523251065	-0.0213860673	0.008399408191	-0.05285969176	-0.03893986716	0.04408346928	0.03240655745	0.0243992902	0.1963719784	0.1336659818	0.08007048617	0.2418191994	-0.07663086372	-0.3359309783	-0.2126794289	0.01044473209	0.01880710806	0.003134913735	0.07798339645	-0.05394602582	0.0406238414	-0.0138867568	-0.3419951312	0.04882488681	0.009161238052
0.03400059247	0.007655584179	0.03777530454	0.05267027533	-0.01549027047	0.2104833819	0.01070870355	0.01358785397	0.03236380734	-0.3654264571	-0.3489291153	-0.355586441	-0.3356185158	-0.3278768882	-0.3255799619	-0.3317822733	-0.3589798917	-0.331634418	-0.3002885194	-0.3393269756	-0.07515794802	-0.09270460096	-0.318875571	-0.07069152199	-0.04704244861	-0.3291862001	-0.3163261134	-0.313348522	-0.3282342073	-0.06448872284	-0.3299883158	-0.09000154052	-0.03831026984	-0.1997563199	-0.1081065652	-0.3049882387	0.03791463289	0.03068456106	0.03157295314	-0.02206865934	-0.04621372139	-0.01092156288	-0.3500594715	-0.02047488586	-0.3145927504	-0.0146809704	-0.05630533299	-0.001992874046	-0.0874512176	-0.07559856398	-0.02272521496	-0.07867863113	-0.3047807479	-0.3221638655	-0.3151668343	-0.06499874241	-0.05818324251	-0.06424752081	-0.3595737605	-0.332704615	-0.3349527046	-0.03593628824	-0.3240164026	-0.06711649686	-0.07394590806	-0.05537913481	0.01004752924	-0.04901557201	0.0275866392	0.01951316023	0.1099607376	0.01589802347	0.01724712064	0.05257046249	-0.004498502108	0.09516628742	0.0450816028	-0.003484837652	0.2592158124	0.03628331792	0.05808033749	0.1292517149	0.08760800382	0.01679289236	0.1888960943	0.1037244365	0.1561416746	0.08456049558	0.103205023	-0.05364827267	0.07826286015	0.143164746	-0.002524774215	0.04846370296	0.09348386105	0.1164675391	0.09596122428	0.1069344601	0.09578032104	0.008584847076	0.08674937022	0.09408480796	0.0552331898	-0.02932972479	0.04598803002	0.08950461278	0.09831122831	0.05329647515	-0.002168031053	0.304271548	0.1325893457	-0.01293602458	-0.007187350715	0.1536647742	0.1265362859	0.02288159215	0.1769749494	0.7444634365	0.2926907162	0.09672948356	0.100175985	0.3026343008	0.1305305922	0.1240846644	0.0123390885	0.007781153905	-0.3429119385	0.3965660571	0.08392306842	0.08965222543	0.07542686265	0.1269628864	0.1071313863	0.1112397619	0.01590882181	0.09881913992	0.004053948204	0.1059923547	0.09386496021	0.09267787107	0.07669401195	0.1428685749	0.1988079073	0.2681074953	0.3063032859	0.3154912926	0.04725571294	0.1310694453	0.0626335544	0.2197838605	-0.009776509799	-0.04568222176	0.03032018348	-0.02556834572	-0.007640804827	-0.01943158039	-0.01015536681	0.03035912835	0.08718815938	0.02794297665	-0.02008382712	0.0351604647	-0.05330915147	0.1145022762	0.03459811362	0.2067778903	-0.1118663234	-0.03663432054	-0.107691486	-0.06230134631	-0.04756525136	-0.03658463401	-0.02969685455	0.06031453514	-0.02749240551	0.02536875876	-0.05331367244	0.02110971154	0.2022539442	0.2610740175	0.06453703571	0.1442979663	0.005600036969	0.006493432062	0.0334028213	0.1811907518	0.210122965	0.1462211441	0.280343731	0.09339023242	0.06436821014	0.04563936229	-0.0002152524726	-0.01368570011	0.003050225135	0.0507918475	-0.009776952281	0.02079685103	-0.04938048591	0.01525008445	-0.01731976866	-0.04497540845	0.191160896	0.01227744719	0.01516324273	-0.01290837852	-0.03097202825	0.002856210483	-0.01593133779	-0.05902837445	-0.07201560199	0.2831286595	0.05271868054	0.2392656589	0.007341797491	0.08959589098	0.07968342131	0.1341427189	-0.09813822356	-0.3261089592	-0.2159558034	0.04163517072	-0.0009744740372	-0.0001425815524	0.07390255039	-0.05074181796	0.01825236988	-0.01549152998	-0.345397919	0.0983203142	0.00230210263
0.09835281744	0.05899728791	0.1539040493	0.04413509966	0.01468201561	0.2128643771	0.01887129291	0.0548226183	0.05652216171	-0.317007848	-0.3035683386	-0.3091401414	-0.2880407918	-0.3203103297	-0.3133028426	-0.2872539726	-0.315172697	-0.3556607951	-0.3147140018	-0.2921083845	-0.0824968091	-0.1035152117	-0.313875958	-0.06162644796	-0.04497941979	-0.3385105849	-0.3263551016	-0.3248990089	-0.3283289685	-0.01409280771	-0.3280223946	-0.1168768695	-0.0467401546	-0.1759591402	-0.1345811096	-0.3247203189	0.1258087256	0.1151431219	0.1164616767	0.04251657917	-0.01360213918	0.07080029588	-0.3719348746	-0.02571170761	-0.3382719587	0.02554533381	-0.08222415245	0.007126220409	-0.07655643954	-0.08121707795	-0.04472266605	-0.08289465365	-0.3248345674	-0.3124335622	-0.3057946432	-0.01255660061	-0.002596522542	-0.08693162908	-0.3390738	-0.3113301891	-0.3294200194	-0.06435923124	-0.3145221074	-0.07072665513	-0.07275273763	-0.05248603082	0.06906559872	0.04095274811	0.08679094531	0.09461983073	0.02701326686	0.02694388945	0.02507428346	0.03064990585	0.09601566452	0.128955822	0.002886023207	-0.04079837308	0.3540395008	0.127138835	0.03174436356	0.02036797919	0.11494941	0.01866531355	0.1511153653	0.05432275483	0.03176544398	0.02175146373	0.03869827843	-0.05759761676	0.08691427931	0.02617918849	-0.07011886539	0.1443187444	-0.01407092703	-0.002399156914	-0.008935158951	0.03312052291	0.1602740827	-0.03498022935	0.1028694094	0.05422757933	0.05173609358	-0.03463061789	0.005536028923	-0.007649778989	0.06659302406	0.1940450055	0.02633058171	0.287448938	0.08363060676	0.08551877831	0.09843717973	0.1264142323	0.1244812493	0.04092207128	0.06714487036	0.2926907162	0.7013482386	-0.01487271078	0.03373135735	0.224362664	0.2212582344	0.0506955917	-0.02825919183	0.0602412336	-0.3628870235	0.2221800706	0.05461773853	-3.044547805e-05	0.02009428755	-0.01689746374	0.0252609385	0.08170758317	0.03312935895	-0.03925643291	-0.0687869593	-0.00659123455	0.09420260144	0.08305966511	0.137190588	0.2112066037	0.06652012263	0.3674173362	0.5325747929	0.6528357849	0.1038305994	0.08656851395	0.09679671544	0.07223011281	0.08916099839	-0.05347299835	0.06943388784	-0.03348718227	-0.03437810348	-0.01609545691	-0.04209597144	-0.04311041725	0.01673543777	-0.04085732982	-0.03696721798	0.01670495007	-0.03582438226	0.1123427636	0.1006430884	0.04729794738	-0.0388142943	-0.09134233447	-0.145947743	-0.08829553967	-0.1028458126	-0.05827225644	-0.05617329461	0.08313687878	0.008683946629	-0.0161252475	-0.100590657	-0.01595588582	0.2266057644	0.1416771118	-0.01215494502	0.1291612501	0.03378918518	0.02849113472	0.01417059109	0.04789641663	0.04530293211	0.1178456764	0.3603444804	0.1098975805	0.08633349517	0.1097868042	-0.03000844706	0.005368981292	0.02764105976	0.05453261271	0.02007986451	0.09794002199	-0.01736231605	0.1257045719	0.0417338881	0.0202760409	0.2027811669	0.2056436497	0.02970596196	0.03154334232	0.04265351257	-0.05355883307	-0.03216677982	-0.0649122929	-0.04107302275	0.3547866661	0.1135693784	0.3015359387	-0.0427604284	0.03339376839	0.02679658426	0.01727989159	-0.09299045151	-0.3232819171	-0.162321487	0.04467402832	0.0241375919	0.06176245329	0.1131575535	-0.05277510683	0.02632134772	-0.03976221951	-0.2982594643	0.06259059025	0.03858937271
0.05739909693	-0.03409138197	0.006988171223	0.09459898967	0.02986394719	-0.01209401978	-0.02683450595	-0.01597929648	0.1381771788	-0.3371043216	-0.3216205276	-0.3273226123	-0.3048195245	-0.3079870498	-0.29648818	-0.3222711716	-0.3347539146	-0.324308381	-0.3097185432	-0.3329188386	-0.07075289267	-0.09735016738	-0.2938947069	-0.0746128114	-0.04259129374	-0.307593554	-0.302200709	-0.3198575908	-0.3096456654	-0.0687662056	-0.3027463946	-0.09707367244	-0.06992135622	-0.1977893732	-0.1020528676	-0.3046777887	-0.009116771247	0.01581241271	-0.001726883535	-0.03977855653	-0.04272633119	-0.01115916233	-0.3513626086	-0.06274798187	-0.3248312804	-0.02920537717	-0.08774693933	-0.08004935626	-0.09507007958	-0.08976023561	-0.03763406882	-0.05224857458	-0.3116738032	-0.2991862535	-0.2922244386	-0.06702821864	-0.06275289059	-0.06999267801	-0.3578557273	-0.3479644357	-0.3353472745	-0.03470233553	-0.3036002832	-0.05001881513	-0.06683649855	-0.04779918533	-0.02779197609	-0.08167566812	-0.02708128154	0.007436507289	0.07684160386	0.08878450443	0.0841746092	0.07438833349	0.1158130153	0.04047551069	0.1121437782	0.07663778613	0.02147336774	0.02093994511	0.122151436	0.1914490373	-0.002145771198	0.1271167623	0.07127147264	0.0615645611	0.04746672302	0.3157002608	0.2022447905	0.1658240755	0.01845432117	0.3137930263	0.1121155842	0.01282047148	0.2995385778	0.3577348286	0.4594095729	0.165344261	0.04207406497	0.06586535164	0.06134189333	0.05553641223	0.01376652574	0.1243391148	0.04175783786	0.1173694403	0.1493742282	-0.05547665508	-0.03175184877	0.1203152929	0.07671250697	0.01267197723	-0.00509101159	0.05737109073	0.02275435146	0.04623319898	0.1809024911	0.09672948356	-0.01487271078	0.5968310666	0.2497313202	-0.01092351831	-0.0385672053	0.03124355764	-0.007609560401	-0.04152965295	-0.3426471261	0.09786936022	0.1567640385	0.1331972405	0.07131628276	0.3694968005	0.1254652747	0.0792203141	0.04361128213	0.1351169709	0.11602703	0.4653927585	0.08148674564	0.07455520609	-0.038290264	0.04680496621	0.1438602175	0.04658484004	0.01077003408	-0.01225084679	0.000422425813	0.1711778525	-0.02519165551	0.1764547955	0.02116327012	-0.003227841266	0.03326300232	0.03093534734	0.02788976497	-0.03509497259	-0.01804873489	-0.02623486602	0.02852323138	0.02406222409	0.05755332787	0.02515216636	-0.03833184011	0.04814747035	0.05653243618	0.154354866	-0.01115320326	0.09192737106	0.07889642414	0.1389251832	0.07526796821	0.08407537871	0.04454726791	0.04141609728	-0.00392116791	0.1399932922	0.1233565116	0.09390708723	0.08189260559	0.12792143	0.2212159703	0.07249444014	0.06371053149	0.1006115866	0.1238940361	0.09883425857	0.1079945253	0.04866364102	0.01374435972	0.03782738837	0.01962346024	0.08200417965	-0.005312437283	0.009544882098	0.04050692824	0.07804515335	-0.02676614779	0.002828724967	-0.01274846618	0.08681866998	0.04517940155	0.05231423497	0.1065209638	0.08847448641	-0.03336679821	0.0689415113	-0.06691932214	-0.01128457163	0.001192580039	-0.02842613826	-0.06611789155	0.01466889834	-0.03315630304	0.06064880946	0.1136220356	0.1517966666	0.09759901031	0.1032640945	-0.1055403184	-0.3197812134	-0.1939927759	-0.03119510133	-0.01729842548	0.02051242987	0.06430146054	-0.0704886242	0.04856789898	-0.01370330749	-0.3165628015	0.06624150915	0.02717977065
0.1393181301	-0.03651214071	0.02871069546	0.08425397041	0.0007689518545	0.005838306739	-0.007729811065	0.003713433812	0.06518141556	-0.3672319909	-0.3484982918	-0.3565612127	-0.3319837599	-0.3208751275	-0.3145400971	-0.3319298215	-0.3622579918	-0.3534777181	-0.2992178466	-0.3422741232	-0.04616035864	-0.06862709746	-0.2923122374	-0.06717220517	-0.05262689812	-0.3319327741	-0.3229086613	-0.3296799339	-0.326288905	-0.05969615417	-0.3243324672	-0.1058137792	-0.06235468	-0.202896453	-0.09187736253	-0.3200261652	0.005216214442	0.005680734123	0.0003831710967	-0.03127805162	-0.03869078046	0.01014954439	-0.3813886609	-0.07400757891	-0.3385124104	-0.01420856426	-0.06194854472	-0.08397085845	-0.07468952891	-0.05350879005	-0.04384598168	-0.08378874084	-0.3242073365	-0.3176921352	-0.3013352029	-0.06264416047	-0.05777694091	-0.05072065095	-0.379036179	-0.3695224438	-0.3652126483	-0.02712277674	-0.3232900832	-0.04364823946	-0.05321748337	-0.07595720484	-0.04545320785	-0.08483081492	-0.02182175915	-0.000125816487	0.02077179052	0.04622713445	0.04359926502	0.1116011391	0.01747845997	0.1435233316	0.01930105333	0.01347953154	0.02423689018	0.004546363641	0.1723520593	0.1339996948	0.1255656117	0.01027472351	0.1236100004	0.1727127231	0.06247588662	0.2844418903	0.4657759534	0.110547095	0.1510461748	0.3016338507	0.1497078346	0.03258000966	0.189852547	0.3125748872	0.3109335628	0.377813427	0.03679791518	0.02475125517	0.2826216425	0.02243204724	0.05454155082	0.04921318092	0.0401009662	0.3545972551	0.1630930046	-0.03289798203	-0.02583433702	0.104969637	0.06167196071	0.02154488123	0.004064905641	0.164209976	0.09567202825	0.04583186251	0.1511238421	0.100175985	0.03373135735	0.2497313202	0.5671703957	-0.02003424503	-0.0117312159	-0.004310809468	0.01134137021	-0.04335699497	-0.3717635997	0.04432369382	0.1664131898	0.1749013523	0.2366014922	0.4037106969	0.2635331904	0.280443108	0.008666563245	0.1213251913	0.0167356946	0.3161800724	0.2469839573	-0.008596722523	0.02494962253	0.1742718381	0.1422417561	0.001293564034	0.05184380074	0.02318946131	-0.006539173548	0.1943049604	0.08423138105	0.1416357075	0.04612760378	-0.02526742334	-0.04603622765	-0.0003026916072	-0.02121562657	-0.0677773551	-0.04725383751	-0.04171767077	-0.003507289484	-0.01215755139	-0.01929328419	0.02387796613	-0.02830954587	0.1219781002	0.04716485941	0.2569328256	-0.04312829809	-0.03433041815	-0.04608819347	0.01541020554	-0.03345839894	0.02244545097	0.002009660907	0.008042933802	-0.04740536433	0.1110888585	-0.03050227854	0.04734575077	0.03359794878	0.1170367267	0.1715261451	0.1581941037	-0.02075680282	0.04929094138	0.06156080733	0.1079170259	0.1056950701	0.1129023052	0.05851464248	0.1639617912	0.1649653236	0.03229334444	-0.03820109573	-0.01222345364	-0.01433650998	0.01896477924	-0.01541340668	0.03004030968	-0.03775479688	0.04913788356	-0.02060799248	0.003585984211	0.1325152343	0.07188211682	-0.03277871606	0.1068231842	-0.06814949738	0.0001786908921	0.01575412504	-0.05288482776	-0.03543994409	0.04994971221	-0.02233240525	0.09524677684	0.1143856373	0.1097650897	0.2510435911	0.1112848805	-0.09164899335	-0.3127136171	-0.2118069286	-0.0538524677	0.03136309457	0.03493785941	0.1260538046	-0.06533422024	0.02190204376	-0.05035313348	-0.3253243421	0.05465751123	0.007580533523
0.002811237508	0.09523658751	0.02718572034	0.08426578219	-0.03491315286	0.3030594476	-0.003370504163	0.01533406064	0.07783216487	-0.3603121456	-0.3424767432	-0.3489812196	-0.3268954467	-0.3039281763	-0.2980960607	-0.3292482789	-0.3533675245	-0.3234462659	-0.2579427382	-0.3362740759	-0.03834204801	-0.04940974649	-0.2924833548	-0.0174714434	-0.0002747271882	-0.3137691468	-0.3083027589	-0.2890576758	-0.3048399515	-0.01149688425	-0.3141105942	0.008674229709	-0.003302528189	-0.1943399237	-0.05534939162	-0.2892055121	0.02859719228	0.03640446502	0.02382607808	-0.02232884142	-0.02097898717	0.002880961566	-0.3139196846	-0.02091898433	-0.2983442359	-0.01119337165	-0.0009784264467	0.08623744067	-0.03220755958	-0.04453117388	0.001291568782	-0.03830159397	-0.2945291475	-0.3021593898	-0.2986622763	-0.01510625639	-0.004068300445	-0.03031023536	-0.3299723368	-0.323475368	-0.3386290863	-0.05685035545	-0.2955568419	-0.03424039887	-0.03636942447	-0.02530669455	0.07974238618	0.013151641	-0.000503768743	0.07093684473	0.03738389526	0.01942251024	0.02160854591	0.03850487505	0.0681942626	0.04537231026	0.3412468507	0.1312866949	0.2618743637	0.01060594875	-0.03243320135	0.01089401665	0.0006413437327	0.1026444311	0.1353523964	-0.001415717703	0.03612050984	0.0003034315272	-0.03361887408	0.01795664523	-0.05232662455	-0.02453520409	-0.001185320391	0.04649679925	-0.07388299207	-0.004536585073	0.01641653978	-0.04172652784	0.01840650424	0.1311397418	-0.03093445301	0.1247789968	0.04538231846	0.08616169348	0.1354013307	-0.02683578392	0.01033614962	0.1667395237	0.09758988681	0.1663833788	0.01604424499	-0.008472755511	0.08043904132	0.09797337975	0.05008303543	0.09288065592	0.04208712738	0.3026343008	0.224362664	-0.01092351831	-0.02003424503	0.7481125375	0.2575021783	0.2363719477	0.1307185978	0.1048422602	-0.3077402599	0.2698128372	0.0001160234014	0.01453195233	-0.06625984604	0.009103720995	-0.0491511911	0.02978111432	0.05749910411	-0.02259666736	-0.03690108557	0.01911347697	-0.02056417764	0.08267559663	0.04734012229	0.02853314145	-0.01216070742	0.258904605	0.2250351651	0.2334536267	0.0008796090148	0.08386381853	0.003480218347	-0.02859323182	0.04629136434	-0.02938088494	0.0667429339	0.01191796963	0.05026316839	-0.003744011657	0.1128230406	0.1090797464	0.1615869937	0.08477556392	-0.05536782417	0.1383781937	0.005328479707	0.021589501	0.1075410586	0.01136630819	-0.03844455163	-0.02026938231	-0.002083491522	-0.03773547809	-0.02751665796	-0.001081250785	0.06307936599	0.1439926693	0.02896075278	0.0797652686	-0.02942326991	-0.02282217117	0.1907541843	0.1564581285	0.01910116863	0.1007293058	0.05323155974	0.06771652482	0.147466879	0.1562828138	0.09180111491	0.02801357663	0.2231628179	0.04754900891	-0.02891495751	0.04695173012	0.07284032079	0.1021758454	0.06404028501	0.04389650405	0.1085995027	0.03059719651	0.09510236184	0.01188057444	0.07036967266	0.03687475376	0.193194273	0.02016993965	-0.01341117234	0.0724184933	0.01569443286	-0.02190671737	-0.03035538988	-0.015565075	-0.04151588497	0.2267976987	0.0417904	0.1492600877	-0.01354459375	0.04610697326	-0.0440400031	-0.01222099544	-0.05239225264	-0.3174408305	-0.2196746994	0.1972507486	0.1129628825	-0.01252975366	0.04826922156	-0.01794487919	0.09756863315	-0.0303920154	-0.3239685718	0.08668153868	0.1134331554
-0.008613379663	0.09324708582	0.04380879712	0.02219941196	-0.009828858227	0.202100675	0.005395125633	-0.01785837143	0.06933829904	-0.3281365796	-0.319903403	-0.3211645369	-0.3069570078	-0.2723602162	-0.2770318808	-0.3018420205	-0.3215362621	-0.3204807975	-0.2441991739	-0.3082069616	-0.04661987067	-0.05497403987	-0.2736374702	0.003503750064	0.02507475576	-0.2985121413	-0.2996055665	-0.2512950069	-0.2796139632	0.01909748049	-0.2887696291	0.03935225517	-0.02902514183	-0.1648619574	-0.06498649651	-0.2828485641	0.01698283178	-0.01463820012	-0.01723930745	-0.02300787256	-0.05858438937	-0.02379722805	-0.3066896627	-0.02320603761	-0.2913902222	-0.01999648658	-0.02024130001	0.02917424941	0.02098134144	-0.03981323535	0.01691066267	-0.01981975846	-0.2839622224	-0.2771650569	-0.2442339699	0.01746929723	0.02833279747	-0.04804501275	-0.3131209518	-0.3220194338	-0.296983931	-0.05176324587	-0.2718698985	-0.02557700118	-0.03501828146	0.02862257915	0.1066394266	0.0003445990917	0.01459020156	-0.001024780309	0.0362386183	0.01458770372	0.01195743336	0.04648470415	0.02088990453	0.01390763471	0.04431979904	0.1483257055	0.197081932	0.003978558103	-0.03299335389	0.001520867259	-0.0363261619	0.05485250861	0.01212664959	-0.03068519203	-0.0222993895	0.004329199389	-0.05636893183	0.07327804685	-0.0345196188	0.04166928228	0.06700088645	0.009280284035	-0.01462472943	0.03740572575	-0.0117310227	-0.0560433997	0.0003597723695	0.2429983346	-0.04147470016	0.02944195404	-0.0434449083	0.1853406165	0.0003271402243	-0.009661088604	0.06221829033	0.1757347344	0.04878550616	0.2670165325	-0.04278307855	-0.03378212135	0.07262669011	0.03236577322	-0.03492258479	0.1190733948	0.0935048484	0.1305305922	0.2212582344	-0.0385672053	-0.0117312159	0.2575021783	0.8450721477	0.3065684314	0.3541613208	0.05888091567	-0.299944588	0.2773020599	0.05590598356	0.03151174067	-0.05000731642	-0.02376352029	-0.05266534119	-0.04606826467	0.06734421252	-0.007141062968	0.01499192344	-0.008948963746	0.009980146024	0.03996898126	0.04203606877	-0.009692880745	-0.03990974688	0.1520686783	0.2101515852	0.2424268233	0.01315789351	0.03234100902	0.008708607685	-0.03927300448	0.0311166599	0.01563994641	0.1567297825	0.1075775082	0.1576415313	0.04791997624	0.1822856522	0.1443090837	0.1545028742	0.09413645995	0.01868078089	0.03439906091	0.09439876932	-0.01391526715	0.02162326909	-0.01624111507	0.07995415579	0.06434476618	0.07742944404	0.03884901424	0.05909105285	0.08591720467	0.03492953445	0.08119991366	0.038358889	0.2369499652	0.05767235556	0.008708943764	0.1689211301	0.005241059733	0.08310054133	0.03153783145	0.02423437649	0.1267741272	0.1404372595	0.002750048441	0.01141971958	0.01251813972	0.195512495	0.01921026615	-0.02137395834	0.04577405178	0.01984934061	0.06279770303	0.03963653503	0.00926316376	0.06676939971	0.04783237337	0.1072366944	-0.02771081616	0.1229854787	0.02495762371	0.2466781237	0.01713795704	-0.0115124409	0.1284754796	-0.03397119497	-0.05648956575	-0.02121671671	-0.01928320993	-0.01028853285	0.1923667381	0.003209337539	0.138319022	0.01649424962	0.05433224744	-0.07610477105	0.0132579246	-0.0673371627	-0.29098876	-0.1587466673	0.1065217493	0.1457521608	-0.02650175838	0.03024012271	-0.001309665147	0.03345216487	-0.01109902664	-0.2943426956	-0.01675650518	0.06321258765
-0.1261273607	0.0762479626	-0.0772645393	-0.04067146389	-0.01979665184	0.1901155601	-0.0662306347	-0.1042835282	0.04176112747	-0.2821050349	-0.2669569985	-0.2687269061	-0.2895411114	-0.1906694012	-0.1905717422	-0.2996157107	-0.2713483864	-0.2644614229	-0.1404485199	-0.3086047884	0.01723160117	-0.007930022291	-0.1824312616	0.1043116333	0.138453982	-0.2246050585	-0.2288493132	-0.1896126911	-0.2173272488	0.1174775312	-0.2283071861	0.0118896613	-0.04982522875	-0.1101984991	-0.04198274542	-0.2142770418	-0.08910161919	-0.124820091	-0.1302127922	-0.08387391714	-0.04557282974	-0.1039776554	-0.2539996401	0.04399905475	-0.2366325722	-0.01142244821	0.0336658098	0.004344694268	0.08372086016	-0.02215836646	0.1004456186	-0.002949440484	-0.2263116754	-0.2221027152	-0.2446968748	0.1236640375	0.1367768793	0.01221305393	-0.2591546253	-0.2701738897	-0.2611409163	-0.02748071822	-0.1728277682	-0.04334851581	-0.02028903735	0.002194596718	-0.001830171698	-0.01968896011	-0.1031500278	-0.08082792515	-0.006697897702	0.07613234356	0.07557838823	0.09626674544	-0.005335854412	-0.09703858341	0.1085471854	0.1448288898	0.2315175179	-0.1219853935	0.09375819596	0.1051088881	-0.1275744431	0.08030644404	-0.01117031311	-0.1253654994	-0.07917222544	0.01759655395	-0.0490965679	0.1717075082	-0.130649482	0.002128848264	0.04861604055	-0.1140437166	0.1289803102	0.02602483514	0.03861058639	-0.04784947927	-0.08573892455	0.07568340572	-0.0699502282	0.0237855022	-0.06928839274	0.2404357197	-0.06280250614	-0.03472990047	-0.004246187301	-0.02451217434	0.032099441	0.2185571499	-0.03615540574	-0.07882273333	-0.03478800886	-0.03478805799	-0.09643572796	0.02587685308	0.09412364007	0.1240846644	0.0506955917	0.03124355764	-0.004310809468	0.2363719477	0.3065684314	1.042670444	0.3860837884	0.07538660096	-0.2490708805	0.1911895788	-0.01016474508	0.01827054042	-0.06108691292	0.03986752362	-0.1011227445	-0.06448954296	0.04190664576	0.002703404706	0.1111366595	0.04157712972	-0.03812562163	0.09538526232	-0.0676453691	-0.07386008074	0.03793022692	0.1624263502	0.07124138235	0.06835239559	-0.0999538745	0.04067510779	-0.09398066151	-0.03512784169	0.116689869	0.02026841076	0.1800319597	0.07280944331	0.1244355381	0.06046213969	0.2125363919	0.231016611	0.1197952902	0.1353003935	0.07642279216	0.04268160609	0.17328258	-0.1344941639	-0.07347822082	0.03100474635	0.1141161194	0.1647705896	0.2332466186	0.1816118693	0.1330365833	0.2045665952	0.1150973313	0.03908155894	0.0743578888	0.2081775329	0.1709598856	0.1197877208	0.1490698	-0.009840532263	0.03639421924	-0.04187946065	-0.05821413727	0.0104757534	0.1723612769	-0.004115036373	-0.03366691458	-0.07821341792	0.05789394864	-0.0921666396	-0.03564384168	-0.03932159631	0.06508271095	0.09731689003	0.01972005932	0.04995196792	0.08148381855	-0.005838938765	0.1509813116	0.1135983754	0.2391408706	0.315924055	0.2846917099	0.09395907857	-0.03805412934	0.0425700227	-0.03168575905	-0.02309433729	0.02602781633	0.03173501495	-0.009179923819	0.0631995732	-0.0711251529	0.04465319896	0.1228359378	-0.02342960717	-0.1146404351	0.03896600927	-0.0441322566	-0.2252085336	-0.1317047435	0.01352999465	0.01019754769	-0.09280714958	-0.05632040121	0.02450747753	-0.02842993806	-0.04212442003	-0.2394223991	-0.0724382757	-0.02400555391
-0.04257307623	0.1157304993	0.03490245884	0.03898187919	0.00838427768	0.008661713974	-0.005380114239	-0.006934156141	0.03848461737	-0.2954876903	-0.2785951913	-0.2855062954	-0.2695059976	-0.2464803338	-0.2476983009	-0.258691018	-0.2829418137	-0.2805546129	-0.2193522026	-0.2646601824	-0.01405273731	-0.0281852391	-0.2425747702	-0.01926485079	0.002738614191	-0.2632298688	-0.2668335859	-0.252334447	-0.2499318459	0.00145970156	-0.2653949787	0.03306351114	-0.01434446088	-0.1228164959	-0.02291522938	-0.2627600839	0.005024346465	-0.02402396078	-0.02595692677	-0.0338156562	-0.02305617299	-0.03905225486	-0.2730215417	-0.04195032468	-0.2719357534	-0.000791701436	0.0107690828	0.04164199003	0.02728751157	-0.04110811711	0.01265625734	-0.006180452914	-0.2711062204	-0.248076156	-0.2419998769	0.00288086695	0.00614132762	-0.03366966844	-0.2716433788	-0.2872435696	-0.2603739728	-0.0437330618	-0.239958143	-0.01548770055	-0.02397881396	0.002522332735	0.05346226117	-0.01236552255	-0.002970139817	0.02663921651	0.08954230344	0.06094282627	0.06122813337	0.1272698179	-0.03211707848	-0.009653004495	0.1459496024	0.1603030787	0.1008189372	-0.03624401652	-0.04166745074	-0.02463992928	-0.03562962058	0.04637328182	0.03711432803	-0.03400747955	-0.003861432208	-0.01812876	-0.03230218275	-0.02463458369	-0.04542050955	-0.002590488914	0.08047576737	-0.01204975283	0.01505966751	0.015717129	0.03100903405	-0.03242833484	0.01790234039	0.2157062576	-0.04830474463	0.1249283066	-0.03259206153	0.2664102274	0.04308161671	-0.01758559374	-0.01171115096	0.09376097831	0.07649210128	0.007649932256	0.07008862398	-0.04607776483	0.02697759499	0.04816133078	-0.006997502111	0.1061799446	0.06746611364	0.0123390885	-0.02825919183	-0.007609560401	0.01134137021	0.1307185978	0.3541613208	0.3860837884	0.7521248952	0.07248450389	-0.2672103742	0.1188389832	-0.004349246883	0.02047987124	-0.03971572898	0.02348074076	-0.03239850547	-0.02746528599	0.07817836976	-0.005414754282	0.01876349912	0.033797404	-0.005286087453	0.04895881618	0.03764380965	0.01314417141	0.006948130876	-0.01317033005	-0.02175644517	-0.02622876277	0.004214428201	0.06155727428	-0.00982906082	-0.02028971407	0.0679856663	0.02999816099	0.219805724	0.1029703446	0.1829835342	0.05323444516	0.183531324	0.216895239	0.1630011048	0.1343741333	0.1020195798	0.04825450607	0.1068222712	-0.0472057704	0.02977350509	0.005295018536	0.1849907869	0.147535631	0.07293139583	0.1452375604	0.1382288623	0.09073250232	0.1288976453	0.1364831154	0.07849765957	0.2351087697	0.1294044537	0.1511438279	0.07057875467	0.05894566748	0.001784812804	0.04344038218	0.03798530976	0.1186927855	0.1234997391	0.05093847729	0.0184164353	0.006364193714	-0.03344533984	-0.0009655029305	0.01282075065	0.05614850808	0.08689399966	0.07104703473	0.02651058011	0.04764570413	0.07063015872	0.07215288172	0.07498326039	-0.01979766713	0.08254332993	0.07559861679	0.02289227919	0.01781313529	0.0384653949	0.05681605774	-0.03620896253	-0.03600541438	0.06072938191	0.01423626909	-0.0176973352	-0.02747654798	0.03567516267	-0.08562325992	-0.03800245662	0.0365133261	-0.08270979345	-0.01015230362	-0.04647126234	-0.2445384925	-0.1207174226	0.1514780489	0.155045786	-0.03806080551	-0.005008292073	-0.006308175672	0.0187980917	0.0286386539	-0.2483499038	0.01248783749	0.008221484838
-0.006233903734	0.1070567169	0.0360484365	0.02801947621	0.02531459228	0.06448355569	0.0313491956	0.0123775646	0.04457757992	-0.2562899038	-0.2267900091	-0.2362263608	-0.2375996511	-0.241962927	-0.1992645663	-0.2264560545	-0.2507743204	-0.2674634104	-0.2164383889	-0.2324456129	0.0114103661	0.01936348957	-0.2184505536	-0.02098352237	-0.002160643355	-0.2643888427	-0.2563782011	-0.2356726481	-0.2343435481	0.004482596308	-0.2291596833	0.01247188623	0.0617789767	-0.1334586201	0.007613267974	-0.2359422291	0.03662071864	0.03118511283	0.02242323147	0.02447859612	0.02739555708	-0.006437682583	-0.1862735167	-0.0004910821565	-0.2520612452	-0.001668128688	0.06396185136	0.006387090104	-0.04360034363	0.08907446941	-0.006005918311	0.09440974994	-0.2278751059	-0.218939161	-0.2313930064	-0.001788984598	0.003031499178	0.03223469227	-0.2716157811	-0.2591650022	-0.2100429357	0.03045809391	-0.2092132271	0.04851827377	0.01944806185	0.1096122437	0.05258977498	0.0339458495	0.04766680307	0.02830565752	0.0524460921	0.02417331782	0.02490390667	0.0247195645	0.06318513642	0.004838129345	0.07731348786	0.04367423669	0.1175425263	0.02107168038	-0.06990254484	-0.06029341822	-0.002317814387	0.06342325418	0.0106115565	0.004549315855	0.02463790605	-0.00798577205	-0.01382085257	-0.01685097816	-0.07097240946	-0.02375546165	0.01505375673	0.03859258248	0.0007119518275	-0.03352626612	-0.03633070327	-0.03694749764	0.03003456947	0.02048832378	-0.01646002903	0.06066936975	0.04598061681	0.02763874643	-0.01812048915	0.002106557389	-0.06289730396	0.1046242892	0.09895624466	0.02057336581	0.007162221819	0.003565290017	0.1301376158	0.03196356328	0.03517360244	0.08301690238	-0.03105795362	0.007781153905	0.0602412336	-0.04152965295	-0.04335699497	0.1048422602	0.05888091567	0.07538660096	0.07248450389	0.7048572232	-0.1809910859	0.01865867174	-0.05995180183	-0.02535237233	-0.08407470458	-0.03928815316	-0.04971304919	0.0003399196862	0.3240354092	-0.06158220905	-0.0404864082	-0.03781385413	0.01901162316	0.06075346497	0.04208647734	0.06934483413	-0.04613791445	0.09094243169	0.06292151251	0.06592895897	0.0390554053	0.02851692067	0.04792984847	-0.04034271614	0.05624669215	0.07294660566	0.0804508364	0.02971700335	0.0287322849	0.009308734129	0.06370632017	0.002681258361	0.03610991971	0.02349840266	0.09812775652	0.03520721832	-0.003942980721	0.010391919	0.03256609594	-0.05247286399	-0.01043525578	-0.0220829832	-0.008340156044	-0.01343164722	-0.04336492776	0.01439343754	-0.002601146493	0.06332499325	0.05199120141	-0.00779800015	-0.0418092214	0.004641265258	0.0288968916	0.01998435225	0.01056586584	0.02028820552	0.007579606329	0.01870354438	0.02542373525	0.01223156476	0.003576615811	0.0742895086	0.04230573864	0.01686391855	-0.003717048114	0.1138224371	0.07951268808	0.407690648	0.3224745472	0.219430193	0.1518457222	0.1434013882	0.1586914401	-0.005527931843	0.04994136898	0.04739114664	-0.003747832267	0.05198360284	0.1305857081	0.05210995254	0.0516074719	-0.03155878922	0.02022738548	0.07125857075	0.0732186243	0.08677670259	0.08335957997	-0.0132785884	-0.005351101025	-0.02897897246	-0.04382509661	-0.02521103355	0.01876753992	-0.2506775636	-0.1252834619	0.1205421822	0.1997224649	0.03645387571	0.008842862226	0.03404885344	0.0909785254	0.008817344915	-0.215085687	0.1030551439	0.2988938816
-0.3016930484	-0.3122295037	-0.302054404	-0.3577831165	-0.2779038669	-0.2166463954	-0.3168962717	-0.3514441203	-0.3558871265	2.664286076	2.549040285	2.589743993	2.485039673	0.831394731	0.8356538132	2.467103607	2.607763159	2.605209076	0.7216942148	2.485999341	-0.2100358741	-0.1628865449	0.7727741892	-0.03438488744	-0.104704128	0.8400144574	0.8492681607	0.8780394019	0.8249935976	-0.1145653846	0.8535802478	-0.05447843737	-0.2197279816	0.9553955913	-0.1012869495	0.8513551642	-0.3575021	-0.3792457799	-0.3795287439	-0.2582661849	-0.1874658922	-0.3684155138	3.127085963	0.1310449862	0.948467364	-0.2511172202	-0.07758191732	-0.1973450751	4.584223362e-05	-0.148241255	-0.1351557746	-0.1171167306	0.9157127442	0.8181864162	0.757640144	-0.1119017341	-0.1178697409	-0.1886556954	2.757603901	2.67801793	2.809160695	-0.1034191471	0.8418523072	-0.1278929943	-0.1596955963	-0.1531187761	-0.2716199697	-0.1915910979	-0.3493793767	-0.3753772782	-0.3649523018	-0.2816848394	-0.2816797129	-0.3803559808	-0.3549266138	-0.3791228814	-0.2877110657	-0.2477945877	-0.3776644318	-0.3701958749	-0.243443457	-0.2954369719	-0.2895390319	-0.225507815	-0.3689062005	-0.2816132624	-0.2338808374	-0.3282977165	-0.370464343	-0.2395531403	-0.1699748158	-0.3733299454	-0.3011153785	-0.3890425025	-0.3128199684	-0.3734093757	-0.3628455422	-0.3475528576	-0.2902474153	-0.2973609963	-0.3445746131	-0.3684879889	-0.3075023789	-0.3235334935	-0.2880664634	-0.3214446148	-0.3260684822	-0.3258287092	-0.2577681284	-0.2997450853	-0.3475793953	-0.3750263908	-0.2670457335	-0.3770959036	-0.358190765	-0.3668194367	-0.3661107932	-0.3429119385	-0.3628870235	-0.3426471261	-0.3717635997	-0.3077402599	-0.299944588	-0.2490708805	-0.2672103742	-0.1809910859	3.149979011	-0.3332584587	-0.3275487558	-0.3273521341	-0.2524051858	-0.3687608429	-0.3120934241	-0.3551671709	-0.2639338434	-0.2745037302	-0.1949709397	-0.3643939149	-0.2926384786	-0.2391741903	-0.312803936	-0.3344910044	-0.341820833	-0.36613965	-0.3816799961	-0.3687144295	-0.3765282869	-0.372019752	-0.3440743373	-0.342686319	-0.3491855675	-0.204993371	-0.292025718	-0.2832045611	-0.2362695342	-0.2070221104	-0.2229434703	-0.09599484356	-0.1995933537	-0.1998044004	-0.1426378819	-0.2941174913	-0.1014238081	-0.3562998902	-0.3681803988	-0.3372249103	0.05121163602	-0.2168187384	-0.06392308868	-0.2101485618	-0.1951282643	-0.01711009791	-0.2008148451	-0.3646921215	-0.2519569956	-0.3255850474	-0.2113713965	-0.2812903142	-0.3282835074	-0.3770289111	-0.2673835436	-0.3392382356	-0.2811901971	-0.3211707492	-0.3110957387	-0.2665666832	-0.3099091602	-0.3737234841	-0.3825471769	-0.3731494874	-0.2830298198	-0.3722694211	-0.2339433192	-0.2363037649	-0.2586623785	-0.3147924884	-0.282097132	-0.2871969812	-0.2574155825	-0.3473891442	-0.3102417325	-0.2931083689	-0.3626988391	-0.3617002791	-0.2344022877	-0.2903510971	-0.2914493922	-0.08472285098	-0.1900567672	-0.1901994747	-0.1851650679	-0.3726350411	-0.3573637412	-0.2654817783	-0.2300664281	-0.3176765823	-0.2791138114	-0.3154064807	-0.1515869662	2.413736989	0.9543155023	-0.2688859227	-0.246751299	-0.3754975493	-0.3700902333	-0.02980325726	-0.3318080962	-0.2308736063	2.488983838	-0.3138755572	-0.2104774874
-0.008622828179	0.0725194964	0.1504580446	0.0443289984	0.03892863203	0.224634438	0.01049438711	0.020512557	0.01848576122	-0.3597065791	-0.3414206709	-0.3471372425	-0.3260992631	-0.3116594539	-0.3124795161	-0.3221264608	-0.3501153084	-0.3214664573	-0.2866995158	-0.331228733	-0.0458026923	-0.05767840381	-0.3073178454	-0.07440903085	-0.05105983278	-0.3140271267	-0.3082268546	-0.3009117024	-0.3157933145	-0.06058414558	-0.3178682285	-0.02379390526	-0.01231131462	-0.1831328379	-0.06859512891	-0.2918852492	0.03699116508	0.02424965787	0.01613657579	-0.01505964467	-0.03887427568	-0.009669159729	-0.3399077577	-0.005605672755	-0.299534335	-0.002566510007	-0.03712127242	0.01714124652	-0.09432856994	-0.05254511054	-0.03297350471	-0.02829095624	-0.2858537744	-0.3100714133	-0.3006714719	-0.06501425951	-0.05859353199	-0.05448015222	-0.3462326505	-0.3170205651	-0.324451383	-0.02350653041	-0.3120490962	-0.05476187404	-0.04457333128	-0.01506273969	0.06077235798	-0.02135019737	0.01064706535	0.03745982494	0.1713210699	0.000701194832	0.006213881902	0.1992993917	0.1300383934	0.03736542514	-0.01010405551	0.07534768959	0.2485768791	0.01503013876	-0.007655478086	0.02614431616	0.01458143308	-0.0352347102	-0.02296179685	0.0633793996	0.03439050638	0.08406228243	0.0848212727	-0.04696604555	-0.02107077622	0.06556156312	-0.01589183571	0.02541747113	0.05095692219	0.08198179019	0.1014562164	0.05492910569	0.05068940505	0.1040756149	0.03289699215	0.2357648707	0.04685635051	0.09175666721	-0.008740675343	0.05223505855	0.05933225575	0.02914700373	0.03202561097	0.2506430175	0.07824400801	-0.004844010389	0.04130963579	0.01296208377	0.00621418554	0.03773936568	0.05119463054	0.3965660571	0.2221800706	0.09786936022	0.04432369382	0.2698128372	0.2773020599	0.1911895788	0.1188389832	0.01865867174	-0.3332584587	0.8147690382	0.06047264604	0.007476310076	0.05683345883	0.08970859769	0.06813374491	0.03983005805	-0.01790346928	0.1328966682	0.0248651178	0.09806006088	0.05153485287	0.04066510222	-0.01230307318	0.05840100088	0.07707446062	0.2308532803	0.2598118709	0.2434794981	0.04016848934	-0.005443343031	0.02225510951	0.1276464441	0.01940323158	-0.009161656026	-0.01256301576	-0.0435498895	-0.06919632865	-0.001149586836	-0.06529294276	-0.01332357415	0.01384029548	-0.005782395756	-0.1111725365	-0.03818256414	0.04717903381	0.0630643085	0.07983786536	0.09361003621	-0.04311046205	0.03396916003	-0.0791677561	0.00491898833	0.02081877851	-0.08688535842	0.06367353961	0.1820777052	0.08178474276	0.2058072033	0.02522805478	0.1240174121	0.3344750029	0.07521806676	0.03040715017	0.01620714225	0.1128862108	0.08701140448	0.01478409864	0.05766816394	0.06708881253	0.09168523858	0.2808929512	0.03968701618	0.02306881627	0.02026425746	0.07941083873	0.06639316087	0.04151388198	0.07467995472	0.0507889823	0.1678016276	0.05099788718	0.009471109467	-0.01020888163	-0.03098580667	0.1825402308	0.0100693962	-0.005921412884	0.0002962962708	-0.01984365943	-0.06010672035	-0.02524118149	-0.006907214315	-0.04090626831	0.2907436594	0.02422370469	0.1828654521	0.003498048739	0.1114687498	0.001504994223	0.08389628886	-0.06051655717	-0.3182033727	-0.200308596	0.1237993806	0.1155199795	0.06759204073	0.05092599067	-0.05265269431	0.04301927562	0.001149637653	-0.3352632922	0.160792821	0.07467232732
0.1219108538	0.04652085464	0.03907196766	0.07207510281	-0.007363618587	0.005473251983	0.01920181781	0.006275324074	0.1017302557	-0.3541484843	-0.3402400978	-0.3461666149	-0.3243834812	-0.3179695379	-0.3053470363	-0.32047695	-0.3542062271	-0.3437817687	-0.2665396754	-0.3325521675	-0.0006797016545	-0.02693344396	-0.2460386993	-0.04519009152	-0.01443210562	-0.3271835479	-0.3282200183	-0.3255422317	-0.3254878701	-0.03357144592	-0.3177121612	-0.1065002597	-0.03267648072	-0.1371064855	-0.08676609286	-0.3075048696	0.005449383601	0.02438168804	0.01487595239	-0.03719193469	-0.04018274647	0.06535455514	-0.335838731	-0.01145764493	-0.3332799353	0.03840623337	-0.07301500615	-0.03867334443	-0.04266447301	-0.01751078902	-0.007760517981	-0.04362942771	-0.3220963228	-0.3135069218	-0.2971738113	-0.03637495661	-0.02995023506	0.01113848398	-0.3572021697	-0.3490727157	-0.3242717493	0.02769573357	-0.3156043169	-0.01378997307	-0.03912604961	-0.02544146816	-0.04132779719	-0.0422451284	0.03056707839	0.004847205695	0.0218100316	0.03914134781	0.03309660325	0.06264392148	0.03483838759	0.1335916469	0.013889643	0.01341590069	0.02803970246	0.03990403961	0.2133280756	0.2160016267	0.03262846351	0.09153641931	0.1174006858	0.05624662691	0.06893752515	0.1489091676	0.1389145964	0.3400373325	0.04417877312	0.2259369459	0.1057463394	0.04873171012	0.1153006513	0.211074129	0.1961383225	0.1190786329	0.06626223495	0.06578579432	0.06358183866	0.0383895512	0.02239119539	0.0668057132	0.03877211888	0.0954518565	0.5748097267	0.008544715648	0.0549958369	0.09724923941	0.05412310693	0.05566627962	0.02969570926	0.1225909746	0.08062408751	0.06190073207	0.2393960365	0.08392306842	0.05461773853	0.1567640385	0.1664131898	0.0001160234014	0.05590598356	-0.01016474508	-0.004349246883	-0.05995180183	-0.3275487558	0.06047264604	0.5911822305	0.4226591086	0.108120619	0.1342403121	0.1131785814	0.09908028111	0.0190090695	0.1538054789	0.05006329646	0.1902251051	0.1072198319	0.02559720557	0.002165030204	0.04202701776	0.1502159072	-0.009064261313	0.05821668898	0.04743992018	0.008645645964	0.1219345926	0.03640940064	0.1176634167	0.04450816374	-0.02820394613	-0.04582469218	-0.04579938712	-0.02924631755	-0.05485279664	-0.04244084743	-0.09762434017	-0.0538909762	-0.01922485566	-0.07090130307	0.08129950573	-0.02679572724	0.09485375024	0.06793360178	0.166409381	-0.06886417543	-0.02899847566	-0.02210039488	-0.01302794371	-0.02713185876	-0.01637065995	-0.02974404932	0.02912908416	-0.02739492514	0.1745194777	-0.01368148312	0.04063559407	-0.001809899457	0.1683847025	0.2580258158	0.1105361885	0.0306927235	0.09059671126	0.0760469662	0.078934036	0.1353858463	0.09126740574	0.05598088823	0.09993825143	0.07258268197	0.06032598241	0.0567877996	-0.01344072239	-0.001533102863	0.009802584229	-0.0516060646	-0.005386481947	-0.03088835837	0.01736047172	-0.02211847024	-0.03695408368	0.125347136	0.001893364844	-0.02329328304	0.1396080818	-0.03223193855	-0.02868881108	-0.001692763089	-0.04684508734	0.008309239121	0.03865527864	0.02398823048	0.04378208472	0.2532640233	0.1369682177	0.09723215244	0.1702225988	-0.0123146647	-0.2740397905	-0.1687946506	-0.02492304314	0.0342866075	0.05437966559	0.1272004083	-0.06954062168	0.04481326641	-0.01296832323	-0.257585508	0.0344503822	0.04680344672
0.09011263138	0.04710567814	-0.007591255595	0.0594532362	-0.02292196221	0.00464096745	0.03760896846	0.007168841111	0.03393132534	-0.3733191441	-0.3401023614	-0.3494598053	-0.3426992289	-0.3320453712	-0.2891225231	-0.3334863791	-0.3563932456	-0.359125543	-0.2348241545	-0.3351460361	0.02584531269	-0.009088391447	-0.2502225157	-0.01820901517	0.0007933297212	-0.3264441828	-0.3504861311	-0.3354318036	-0.302369626	0.01321766768	-0.3255332848	-0.06296924084	-0.008799257531	-0.1278377	-0.05590716012	-0.3245985004	-0.03178647961	-0.02518153422	-0.02737038015	-0.0599958249	-0.04399817403	0.02428726148	-0.3349390001	-0.003693067547	-0.324982254	-0.0003948528608	-0.06136353935	-0.04856005263	-0.006171945395	-0.0007761090156	-0.004894313873	-0.03460305514	-0.3102726859	-0.3306046366	-0.3080983807	0.01568423884	-0.007436890505	-0.006196172921	-0.3351308925	-0.338452527	-0.3287950704	-0.01286654425	-0.3239634201	-0.02613846589	-0.01648348618	-0.01067440185	-0.01313345353	-0.06449763906	0.008069247556	-0.02505067198	0.002021081246	0.01315457832	0.00755073696	0.01660619892	-0.02983341712	0.07090247488	0.0624292403	0.04106688587	-0.02305716574	-0.01453097494	0.2332568034	0.1302406231	0.02371498745	0.08290923936	0.1232289023	0.05367316684	0.08468506846	0.1459924514	0.1556983813	0.3812784784	0.03259726905	0.2578267578	0.1448500468	0.004957233383	0.1344479613	0.1787529335	0.1724490877	0.1100285881	0.008642694761	0.08237058685	0.06468431439	-0.01237636319	0.01827326205	0.1009124327	0.04826740182	0.1184348961	0.4255529446	0.02076877088	0.07692268044	0.03469575698	0.01110466362	0.01930678947	0.01324045742	0.09736741025	0.05286970788	0.07144349871	0.2077005557	0.08965222543	-3.044547805e-05	0.1331972405	0.1749013523	0.01453195233	0.03151174067	0.01827054042	0.02047987124	-0.02535237233	-0.3273521341	0.007476310076	0.4226591086	0.6279589687	0.07900222419	0.1481977783	0.1143142924	0.102708572	0.02776554025	0.1118385486	0.1146414655	0.1666134746	0.1257089027	0.0903085487	-0.0181509834	0.01344598503	0.1346678884	-0.04189591695	0.004401372099	-0.005143628728	-0.0229759854	0.1391564082	0.01883981394	0.102672552	0.09783790282	0.01229899992	-0.00640963062	0.05783799235	0.06026492955	-0.02395968173	0.04295479337	-0.004541434536	0.04738594361	0.07222133685	0.0005235901392	0.1261727519	0.01363761609	0.04383588008	0.02512379446	0.1304188226	-0.001990536582	0.07079370873	0.08841282615	0.1053834677	0.08655528238	0.1023147899	0.0190051567	-0.01133150949	-0.03886534546	0.1477174907	0.09767681337	0.02096491426	-0.02250389183	0.1635442509	0.3400742626	0.1091396364	-0.007038051711	0.0544098971	0.09783301335	0.09596485728	0.1724629765	0.08717862147	0.009133084992	0.07265820512	0.04566389729	0.02385856013	0.08236802611	0.004760549712	-5.407060675e-05	-0.02106319657	-0.02432983257	-0.04726102327	-0.004571397628	-0.02812177641	-0.03636991391	-0.02730876942	0.05897072136	-0.01565383481	-0.04476130194	0.1270595777	-0.06064831462	-0.0096355638	-0.004596839539	-0.03986061827	0.02668916624	0.005150328712	-0.01454539746	0.007874708893	0.242301696	0.08014838244	0.1186856808	0.1553742434	0.004017193343	-0.272727391	-0.1566670161	-0.008094053913	0.00850563394	0.04032532554	0.06042970785	-0.05569124876	0.07188654969	-0.02003183065	-0.2462689656	-0.0002337253834	0.0409483511
0.1568759083	-0.0402862083	0.02066101405	0.00794326825	-0.02105024021	-0.04715346695	-0.0229867223	-0.01194884349	0.00864031225	-0.2641588536	-0.3007371773	-0.3020419376	-0.2863205881	-0.2826526112	-0.2765478831	-0.2816929787	-0.2611015775	-0.3070301475	-0.2635509969	-0.2389225444	-0.04781665099	0.005700144988	-0.251444275	-0.008199049886	-0.0598471179	-0.2370555209	-0.2315655181	-0.2893636692	-0.2368293843	-0.06536938258	-0.2340696723	-0.01512516892	-0.07428717185	-0.1843985662	-0.03027461202	-0.2759688073	-0.006664241978	-0.01744246362	-0.02249327989	-0.05339890372	-0.05774638738	-0.01204486287	-0.2601523528	-0.05976279148	-0.2514429894	-0.01926508898	-0.04825547565	-0.07351024341	-0.07148668913	-0.05118426061	-0.05898297256	-0.01455211047	-0.2923286817	-0.2756217304	-0.2661991885	-0.0684202882	-0.06815839392	-0.05381369144	-0.2639204679	-0.2530413746	-0.2709946764	0.053262426	-0.2858369003	-0.04628493887	-0.06135686087	-0.08165070075	-0.06950030761	-0.02808427827	-0.03539053706	-0.02495472914	0.03230990488	0.04183693604	0.04285762174	0.1256542555	-0.009290905813	0.1862143859	-0.05676632113	0.04611877966	0.04197234307	-0.0265381945	0.2691066267	0.1956372598	0.3665786911	-0.03965777995	0.05644430715	0.3961302738	0.1922663849	0.09597459257	0.2206558728	-0.01635664436	0.384004948	0.1003528407	-0.02585174085	-0.01070323624	0.0848126483	0.1149134217	0.1158649711	0.3919501027	0.10337384	0.02301877459	0.3289719484	-0.0006170864685	0.003162912385	-0.06505267873	0.01756016221	0.245745357	0.1038349815	-0.06164878197	0.001998029355	0.02963903985	0.1986870304	0.003549384793	-0.03018215882	0.1727950734	0.2789834089	0.09406440874	0.08970116572	0.07542686265	0.02009428755	0.07131628276	0.2366014922	-0.06625984604	-0.05000731642	-0.06108691292	-0.03971572898	-0.08407470458	-0.2524051858	0.05683345883	0.108120619	0.07900222419	0.6334535533	0.1580711553	0.3298750122	0.3270004666	-0.0226684277	0.1479771121	0.06028640022	0.09979102734	0.2099167752	-0.02448717991	-0.01642231709	0.07995883571	0.2877774004	-0.03899671775	0.01111188305	-0.001347524254	-0.02278023263	0.06631758203	0.00848602384	0.2862802471	0.02283933906	-0.04906120412	-0.03221707297	-0.02472186211	-0.06714005285	-0.06981849889	-0.08973207904	-0.08444086161	-0.0782333823	-0.04569064861	-0.05475679679	-0.001665751037	0.08094966794	0.3019623838	0.01290825157	0.1591402712	-0.04069968471	0.02006247264	-0.03506496418	-0.03489141139	0.0535029997	-0.06978951472	0.07189918157	-0.009794020287	-0.0589132373	0.03740231555	0.02984632677	0.1205336113	0.05671073222	0.0454051078	-0.0006455733802	0.05689296647	0.04344634716	0.05992823401	-0.06372947405	0.02836084919	0.02096370425	0.04975269647	0.04172437259	0.1937975025	0.3191650786	-0.01928602427	0.03849422791	-0.02027168614	-0.02928516945	0.007331040366	-0.01740478013	0.01915232262	-0.03287257773	0.03292781544	-0.02644141024	-0.01916745965	0.04907147106	0.04710856022	-0.04582669611	0.01965743155	-0.0965321823	0.004540311614	-0.004591581959	-0.05690372831	-0.05574655659	0.01909447882	-0.0420588034	0.2084194574	0.2508820161	0.0926978672	0.4105849297	0.2750110982	-0.006940174011	-0.2880876319	-0.1949450931	0.003264566348	0.03233768617	0.002812036246	0.1402717656	-0.0478977165	0.004868246428	-0.05833063798	-0.3001878831	0.02768507799	-0.04648956977
0.07392352737	-0.03801758641	0.01271535956	0.1131777883	0.03878542593	0.01788740077	-0.01608643349	0.001239931113	0.08796337009	-0.3616265653	-0.3438661979	-0.3506934088	-0.3270452628	-0.3241464191	-0.3076043192	-0.3256273616	-0.3572249856	-0.3502400974	-0.2939598998	-0.3354532889	-0.04551679939	-0.06951732665	-0.2879432165	-0.09114958273	-0.06014991153	-0.3278831565	-0.3192232151	-0.3307557436	-0.3210720837	-0.06972120375	-0.3201834101	-0.1102746511	-0.06155856281	-0.2007967664	-0.08789952943	-0.3171571761	-0.001023895167	0.01208116516	-0.005524391743	-0.03669001822	-0.03038670594	0.003654217046	-0.3785836068	-0.06617750635	-0.3348473683	-0.01329938952	-0.07227808575	-0.08136661903	-0.08025351908	-0.06508427722	-0.03795082239	-0.08312509826	-0.3204293498	-0.3163664269	-0.3001028281	-0.079063113	-0.07349686131	-0.05196638436	-0.3773990289	-0.366480484	-0.3560860433	-0.03243577056	-0.3212060582	-0.05505376597	-0.06395438734	-0.08077697267	-0.04365261005	-0.08282937739	-0.04716757358	0.0008934354746	0.08327049575	0.07021769675	0.06748154037	0.1168603926	0.02608340854	0.07412319451	0.0462026656	0.01776567022	0.03024210514	0.005862429829	0.134192601	0.1703988553	0.06629232256	0.07688868462	0.1010165956	0.1162104999	0.04828692645	0.2366460383	0.3469749641	0.1376469247	0.08393528187	0.3863659109	0.1519843715	0.02261423768	0.2448763693	0.4078343436	0.4457660235	0.2517737981	-0.002193814221	0.08505385758	0.2165882544	0.03798556753	0.04699878005	0.0842352975	0.03357036086	0.2338045342	0.1318115124	-0.0339079537	-0.02392889912	0.1194220228	0.0719532878	0.0176657012	0.004593597485	0.1048426482	0.04052518175	0.07950887709	0.1644330819	0.1269628864	-0.01689746374	0.3694968005	0.4037106969	0.009103720995	-0.02376352029	0.03986752362	0.02348074076	-0.03928815316	-0.3687608429	0.08970859769	0.1342403121	0.1481977783	0.1580711553	0.5834829412	0.1496828516	0.1507450281	0.04435292499	0.1924043157	0.04064080892	0.4568314847	0.1494962791	0.01341497778	0.01529219683	0.06469053258	0.10288427	0.03255498633	0.002272331452	-0.02314333917	-0.00740460765	0.1343982684	0.009498654764	0.1355853085	0.05161882997	0.00441524456	-0.04807934694	-0.01120239874	-0.03269272063	-0.06034484301	-0.05611913523	-0.06436239876	-0.01838899004	-0.01586388457	-0.03955920775	0.02847313651	-0.06430120235	0.08420067012	0.05353456895	0.2706802432	-0.05179834048	0.02826631106	0.008399406702	0.07295410354	0.02189976486	0.02198625797	-0.001231318469	0.02408445252	-0.03687099515	0.1772062002	0.03466320979	0.09222512493	0.07735527669	0.1400864785	0.2211584131	0.09587398578	0.03827809143	0.1030722853	0.05261061421	0.132311959	0.1016780979	0.0910369876	0.05500585379	0.1004114922	0.1038639906	0.06880242056	-0.01351045885	-0.005552434209	0.031308999	0.06407664225	-0.01336049548	0.01234707184	-0.0309555818	0.06818364766	-0.01452774178	0.01375974045	0.1202983617	0.07675977464	-0.02305943637	0.1093488654	-0.06789994328	-0.02256229781	0.01688520555	-0.01949795332	-0.03311948948	0.05762616818	-0.04943283811	0.04018456274	0.08858417118	0.1520113152	0.2007823888	0.103022124	-0.08544374424	-0.3035834333	-0.2066287625	-0.03480821223	0.0310001271	0.03052984571	0.08139554454	-0.07002658106	0.0402839772	-0.01442387269	-0.3185220501	0.07626000631	0.01947228725
0.2264326496	-0.0294073397	0.02641379424	0.06266387039	0.06936143641	-0.03728228424	0.02384127	0.03561350567	-0.004168607769	-0.3071563093	-0.2908879309	-0.2929496313	-0.2764126714	-0.2676665561	-0.2864047749	-0.2746306841	-0.3056720101	-0.2996876021	-0.3139991992	-0.2810582049	-0.06821021507	-0.07671411717	-0.304032485	-0.04737471181	-0.03425971925	-0.2727914795	-0.2764456392	-0.2801604499	-0.2739174585	-0.03418585106	-0.2661967745	-0.05643277004	-0.03997623003	-0.2102030663	-0.04398626533	-0.2641800505	0.02380343174	0.02624509066	0.0219849603	0.008457534767	0.01231494828	0.005408383868	-0.3213238452	-0.09922935717	-0.2845309908	-0.02933540307	-0.01922521677	-0.04777319929	-0.1137827467	-0.08201641586	-0.03654453291	-0.07352804766	-0.2803684134	-0.2628861281	-0.2554687983	-0.0398240659	-0.03992869323	-0.05818763163	-0.3262880981	-0.317270409	-0.3178763131	-0.05890472586	-0.27363355	-0.003943232104	-0.01506059755	-0.06478901597	-0.04739312402	-0.06822074398	0.006051879978	0.02914940752	0.07598425325	0.02566723899	0.02620049381	0.08410894621	-0.01245844392	0.1526581327	-0.04454290036	-0.02549768856	0.01461213764	0.01673098637	0.2092857064	0.1616357343	0.2569316291	0.007977830223	0.06216197013	0.2853032109	0.06295156268	0.1734406059	0.2652625704	-0.02710717366	0.1925830346	0.1549251223	0.14204052	0.03011804199	0.1035860999	0.1534996783	0.1496716942	0.3838863146	0.04041395372	0.01416413079	0.2482646969	0.06217316771	0.05397457737	-0.01260520376	0.04158349212	0.3632354782	0.1076194756	-0.0218889332	-0.01673148358	0.01919019982	0.2523397739	0.003746915721	0.02922038817	0.139068403	0.2920702366	0.09322032842	0.1102334663	0.1071313863	0.0252609385	0.1254652747	0.2635331904	-0.0491511911	-0.05266534119	-0.1011227445	-0.03239850547	-0.04971304919	-0.3120934241	0.06813374491	0.1131785814	0.1143142924	0.3298750122	0.1496828516	0.5952335267	0.3152504561	0.07963812613	0.07920139331	-0.006135185179	0.1339162253	0.1403453028	-0.01848460025	-0.01447220431	0.1312922429	0.2554679103	-0.01848918384	0.02664550097	0.003658457374	0.01821358755	0.09144272895	0.05644540427	0.2548913219	-0.02512087845	-0.01178994465	-0.007759475309	-0.0388102099	0.008583775405	-0.05711349012	-0.0003648669783	-0.05276970391	-0.02315198382	-0.01528284577	-0.0063694362	0.005238810799	-0.07925454454	0.2888568694	0.06973853185	0.1508552799	-0.124509172	-0.0366061561	-0.09817690826	-0.01095401698	-0.04599980371	-0.08507558041	0.1433284516	0.05000285501	-0.03762427716	0.04730823974	-0.03659985178	0.04122862041	0.01732959992	0.08965790283	0.07637628792	0.07007113232	0.08915291039	0.0184695071	-0.03328828443	0.08091926563	0.1396020436	0.1000566172	0.03984292259	0.1710230189	0.1578134927	0.02422161405	0.0006413208128	0.01060682917	0.006581477779	0.03169837631	-0.0251072308	0.01600953479	-0.009594684847	-0.006591925258	-0.05259449551	-0.06561778187	0.01118019743	0.0113026789	-0.0194307092	-0.01140685289	-0.05221010811	0.03549080763	0.03979638415	-0.05033798351	-0.06570472787	0.03667176408	0.002303881489	0.08407674647	0.1988818781	0.08888058255	0.2762730168	0.2459289086	-0.08486112132	-0.3199143154	-0.2033696154	-0.01189766677	-0.02848101638	0.03208840633	0.1729132221	-0.02268325458	0.01811087876	-0.02177802375	-0.327840691	0.06743641634	-0.008867601251
0.213553827	0.009604630588	0.07648422903	0.03442254644	0.006339232865	-0.06166357649	-0.002899817251	0.0246631109	0.01946480518	-0.3584451431	-0.3375911101	-0.346359211	-0.323823806	-0.308369681	-0.3126247448	-0.3240056551	-0.3514205231	-0.3480126284	-0.2891811066	-0.3300647652	-0.06566248206	-0.06746983882	-0.2768757883	-0.08714849429	-0.07053959133	-0.3269986698	-0.3178007351	-0.3201986897	-0.3108576417	-0.07412901321	-0.3189765277	-0.1118911245	-0.05789865466	-0.2018611735	-0.1055576086	-0.316000355	0.05423848979	0.05496769458	0.05080666239	0.004377924585	-0.04715045706	0.05664056457	-0.3650337152	-0.07661359062	-0.3353287967	0.01417193221	-0.05179111887	-0.06141210703	-0.08154394837	-0.065412284	-0.07218444705	-0.09163294176	-0.3220897782	-0.303998183	-0.2959043748	-0.07934755593	-0.08060677603	-0.05556281359	-0.3702159511	-0.3649895066	-0.3614865474	-0.04150953483	-0.3145024667	-0.06190876346	-0.06830653589	-0.07495908291	-0.003091084292	-0.05301355315	0.009705620078	0.06095805145	0.01235828509	0.0129801017	0.01381153041	0.09777153602	0.03089566994	0.2240969703	0.02444450876	0.002047482667	0.07699061107	0.04156302907	0.2734923495	0.1975821308	0.3069556296	-0.0178566246	0.1217762339	0.3145815628	0.07293448224	0.1329250702	0.2862949636	-0.003582738538	0.2569803776	0.1227216783	0.04599687446	0.0623268409	0.06330757445	0.1139949762	0.1092386417	0.4305444937	0.07535408648	-0.02943109091	0.2573606163	0.03143596912	0.03762698299	-0.005057932582	0.05873923574	0.3221382375	0.09427918529	0.009955712554	0.01206951418	0.0388624048	0.1837946432	0.05501312649	0.01314414887	0.2183335531	0.2928581205	0.1195434138	0.05393696987	0.1112397619	0.08170758317	0.0792203141	0.280443108	0.02978111432	-0.04606826467	-0.06448954296	-0.02746528599	0.0003399196862	-0.3551671709	0.03983005805	0.09908028111	0.102708572	0.3270004666	0.1507450281	0.3152504561	0.5650500251	0.01720212421	0.04537259139	-0.05043238589	0.1096623288	0.2298860277	-0.01816958186	0.03002752078	0.1546940393	0.2476805446	0.03297137188	0.08782817536	0.07918888025	0.03781965406	0.1306226105	0.09864988656	0.2769689016	0.03531014858	-0.05123137073	-0.01097358316	-0.01823171291	-0.06797394196	-0.0367439648	-0.06202756746	-0.06831404036	-0.02984071201	-0.03299944578	-0.01169515785	-0.008650382087	-0.00193622904	0.285717415	0.07852835864	0.1617921393	-0.03900156554	-0.05669799236	-0.1074879665	-0.06598275513	-0.05357135433	-0.07831324804	0.1332045398	0.05596336228	-0.006966930568	0.04712854312	-0.0595643346	0.05208894569	0.05816773791	0.1510858329	0.02645937341	0.1198675308	0.0196962883	0.02302052733	0.01295731636	0.1173642906	0.08504155369	0.07207261883	0.05952387428	0.2387542331	0.236550818	0.05521117852	0.004192365435	-0.00479809569	0.00423561015	0.02781393521	0.01067500996	0.05089605658	-0.03494332977	0.06746455637	-0.01719350858	-0.001049981862	0.04792806706	0.08284828083	-0.02051121122	0.01112093579	-0.03466195593	-0.005423411713	-0.01805548478	-0.05585571152	-0.07087257379	0.04147008306	0.0192860877	0.1536839967	0.2080898642	0.03255227855	0.325444605	0.228051322	-0.07098607969	-0.3049323359	-0.2124305261	-0.003619920961	0.01019806719	0.07903777338	0.1755016815	-0.05514389183	0.05405565919	-0.05477378691	-0.3149044284	0.05823502349	-0.002712898344
0.09718365242	0.05343190634	0.02578044455	0.09970319255	0.1237028595	0.01833945973	0.006680859982	0.02603164664	0.03107331799	-0.3160838845	-0.2916260837	-0.3029661806	-0.2819269356	-0.261152656	-0.250670479	-0.2846078538	-0.3086615555	-0.300611969	-0.2996972875	-0.2891038561	-0.01621907885	-0.007975856381	-0.2767010889	-0.02408104874	-0.01223162196	-0.2770491386	-0.2696365264	-0.2694871021	-0.2440833642	0.007416247419	-0.2399767271	-0.01933352801	0.01980866743	-0.2033439929	0.02261367321	-0.2621845961	0.03932902537	0.03727425364	0.03285808719	0.07095125383	0.08733622989	0.001472906693	-0.271004034	-0.02930812866	-0.2927457807	-0.003855543137	0.04790550375	-0.01721241929	-0.06377533698	-0.005403822179	0.01643650584	0.08403703857	-0.2832093909	-0.2365522974	-0.249737546	-0.006697711006	-0.002347771774	-0.02453623206	-0.2942776848	-0.3200192353	-0.2901527263	-0.03231984497	-0.2481584048	0.06450759205	0.05997951885	0.09692455585	-0.001851123436	-0.003350184909	0.07124019453	0.06746693997	0.09880243309	0.04109627121	0.04179524759	0.07273638227	0.02979488942	0.02987562201	0.02661083034	0.03149212338	0.09144707039	0.0332919898	-0.09167281244	-0.08994756446	0.03788038311	0.09911037044	0.03866588507	0.025935002	-0.03245936067	0.03031150467	0.0112023115	-0.04162778362	-0.06789033695	0.009768747901	0.12879154	0.03391226054	0.1051134086	0.007477948634	0.05410295358	0.002748040371	0.03919347008	0.1056115632	0.04085328357	0.0271630419	0.02641663998	0.03824011316	0.06023784046	0.03631145781	0.01907557907	0.05775488526	0.05154277352	0.0007737892014	0.05102203152	0.03233849818	0.1096849811	0.05836935363	0.05643966385	0.1881903389	0.02060910151	0.01590882181	0.03312935895	0.04361128213	0.008666563245	0.05749910411	0.06734421252	0.04190664576	0.07817836976	0.3240354092	-0.2639338434	-0.01790346928	0.0190090695	0.02776554025	-0.0226684277	0.04435292499	0.07963812613	0.01720212421	0.5985020753	0.06072006632	-0.02821074221	0.05257278559	0.01158209757	0.0804676949	0.02799812772	0.04258292309	-0.01788823819	0.007164286638	0.04492157957	0.03855719943	0.07241341343	0.02208194077	0.05781001365	-0.001153908367	0.06006404199	0.1364148018	0.05223509672	0.001533000046	0.07615926581	-0.03579329402	0.09275639306	0.02587356639	0.03946253819	0.02094882268	0.08623360227	0.02992224754	-0.05262746845	0.03224732324	0.06060333396	0.006275456906	-0.1097420921	0.0225245134	0.04511140263	0.04716665453	0.01079877396	-0.04198937321	-0.01362599043	0.0357050407	-0.01740763031	0.07752892271	0.02559403256	0.08685363598	0.05877776788	0.03987079378	0.01638158798	0.03976122485	0.1559617193	0.1018343693	0.01625707124	0.1004720266	0.1071120892	0.05024454869	0.02493393055	0.02625136025	0.01170995099	0.2000189596	0.05079965161	0.3283601395	0.3507251977	0.2561719109	0.1039962158	0.02621723289	0.1050391249	0.03248313698	0.03460556605	0.0274708561	0.05888043872	0.08290216026	0.09601863868	0.0247978434	0.01432331643	-0.006238679901	0.06572823663	0.07637213941	-0.007805267543	0.03138255393	0.05854008464	-0.04551927463	-0.03964840366	0.08073012215	0.005169218743	0.01259431764	-0.01490564083	-0.3233160048	-0.1910297226	0.03138620666	0.1419580895	0.03185161967	0.01836423362	0.0281410805	0.05076475856	0.02283815581	-0.2900768288	0.04897533147	0.1449234307
0.03229458763	0.02532024473	0.03240346112	0.1167141635	0.05600908252	-0.01576852017	0.006134239586	-0.008309419788	0.04135867314	-0.2842086883	-0.3160814141	-0.3224766952	-0.2970017042	-0.3026078597	-0.300295482	-0.2988043402	-0.2876958518	-0.2944483987	-0.2563902908	-0.271914699	0.006032006023	0.08943973589	-0.2659426712	-0.0198586256	-0.09338633276	-0.2476781446	-0.2402409709	-0.2779405576	-0.2463804555	-0.08552845181	-0.2372268144	0.02499058541	-0.03766205511	-0.1665253803	0.06459687798	-0.2394735902	-0.005117034596	0.01198985733	-0.008273355171	-0.06059207642	-0.05938543267	-0.005048199586	-0.2792738626	-0.06783253355	-0.257014707	0.02873527122	-0.0886253265	0.02631639288	-0.09279040396	0.007744538209	-0.05311633627	0.07945555524	-0.2844694232	-0.2629129613	-0.2439794246	-0.09957571901	-0.09361894045	-0.0270236288	-0.2805014143	-0.2717769556	-0.2730322499	0.1267864816	-0.2926898053	0.03349506515	0.01583226072	0.007662916964	-0.003546425189	-0.01575192534	-0.02332325541	0.03313162334	0.1508450029	0.1525851737	0.1492163187	0.1466068712	0.003264882678	0.02442146137	-0.06195200106	0.04274145338	0.02588171438	0.00325766906	-0.01800556374	0.05658541679	0.06398271727	0.0004934198727	0.01314254402	0.08413963517	0.1221710336	0.09550999594	0.1354212035	0.02700198784	0.06501792233	0.1208770057	0.1246525096	0.02682573965	0.1295766348	0.1395955017	0.1759682566	0.06883363269	0.09111924479	0.2611074232	0.07715461531	0.07266412743	0.005883079945	0.0605861301	-0.0177785882	0.08691406508	0.148458281	0.01508155736	0.05567639027	0.03606744317	0.0512256777	0.001076214685	0.01008521718	0.006192196241	-0.0002336965979	0.1214583558	0.1423020466	0.09881913992	-0.03925643291	0.1351169709	0.1213251913	-0.02259666736	-0.007141062968	0.002703404706	-0.005414754282	-0.06158220905	-0.2745037302	0.1328966682	0.1538054789	0.1118385486	0.1479771121	0.1924043157	0.07920139331	0.04537259139	0.06072006632	0.6867815751	0.2225435529	0.1829920554	0.1253972741	-0.0249182216	-0.0431436693	0.003187965125	0.05627007	-0.009854551661	-0.01482766456	-0.03710304422	0.02352622017	0.008901685091	-0.03238990728	0.04358446805	-0.002969003422	-0.0361194496	-0.05877624033	-0.07906775397	-0.09547811261	-0.07741057552	-0.1351472432	-0.1455024723	-0.09528702696	-0.06732332338	-0.1005623856	-0.05220204072	-0.0007647945664	0.04460440395	0.1109000984	0.198196039	-0.07059077177	0.2107920536	0.09961445355	0.06251140869	0.2245972582	-0.05051012477	-0.06653439295	0.04700462522	-0.0529944311	0.2753537338	0.2175871481	0.2588024603	0.1479298471	0.04646756559	0.01393155187	0.04292555335	0.1743287211	0.2589732286	0.01019027214	0.09655658844	0.1159488376	0.108288351	0.02545138591	0.05303875192	0.10587945	0.1032881884	0.1830014218	-0.009568602775	0.05347125026	0.07144736701	-0.04682358172	0.001735149826	-0.03216264544	0.03410826588	-0.07110907729	-0.05027989912	0.05981913654	0.01165573108	-0.04562446128	0.06405617982	-0.06838090668	-0.004973723322	0.0303544389	0.07384475721	0.01414606385	0.03221464279	-0.03713611687	0.06045783595	0.01152721386	0.3132189318	0.1211624165	0.06638108397	0.01821362298	-0.3164636301	-0.1712180817	0.1195477279	0.03365987123	0.02060094808	0.07184877218	-0.07007638468	0.01891625231	0.05264514178	-0.3260030637	0.1164796145	0.06972794213
-0.04746298762	0.0825118757	-0.01916839804	-0.01804199035	-0.02627260349	-0.004557217721	-0.007878578402	-0.0002914652169	0.08964043753	-0.213601197	-0.2978285384	-0.2562793033	-0.2415088138	-0.2317409952	-0.2239913915	-0.2430099277	-0.2502255424	-0.2334884856	-0.2067263578	-0.2685109122	-0.03336308702	0.02821478379	-0.2401060037	0.03118585773	-0.02878407657	-0.1918965814	-0.188858055	-0.2252699285	-0.1691538127	-0.006988452031	-0.2134900367	0.04385883873	-0.02356051192	-0.1374905323	0.04128453502	-0.230067075	-0.09250458929	-0.06681869766	-0.08674034544	-0.08444591403	-0.03370070786	-0.09687445413	-0.1969469487	-0.007204395253	-0.1832413456	-0.07273534761	-0.03999494637	-0.0660404889	-0.05228895244	-0.03376916182	-0.04945455757	0.05981054627	-0.229201382	-0.2253459428	-0.2121459163	0.002769509353	-0.02447565726	-0.06709322895	-0.1793243843	-0.203188359	-0.1745247757	-0.01525108873	-0.2107140139	-0.03920343442	-0.0151875888	-0.01007170932	0.003290948172	-0.02212531866	-0.05883509207	-0.05718728383	0.06543025388	0.08115656367	0.07482440129	0.07528584059	0.08006433744	-0.08214995357	0.0476383167	0.1491503198	-0.05809779617	-0.03259136658	0.01902425922	0.04815340731	-0.005568660662	0.05358705764	-0.01845882875	0.01083418289	0.1177649478	0.1094639109	0.03725865661	0.1410566081	0.01598306247	0.07065351439	0.07747371823	-0.08182472114	0.09295077568	0.03918563941	0.03537759842	-0.02084586329	0.02429514514	0.1328776005	-0.03304226987	0.02271933871	-0.07071914425	0.1915713814	0.02959195521	-0.02495747447	0.05074192794	-0.02222810969	0.09510982769	-0.02818374586	-0.06810676975	-0.06001107523	-0.01007652181	-0.08028168419	-0.04968641965	0.01497786348	0.08055806383	0.004053948204	-0.0687869593	0.11602703	0.0167356946	-0.03690108557	0.01499192344	0.1111366595	0.01876349912	-0.0404864082	-0.1949709397	0.0248651178	0.05006329646	0.1146414655	0.06028640022	0.04064080892	-0.006135185179	-0.05043238589	-0.02821074221	0.2225435529	0.8305418212	0.03637683216	0.04334920564	0.1028541692	-0.03446915828	-0.04328038106	0.01611289606	-0.03648475734	-0.07479162621	-0.07995821802	-0.06895927066	0.0161981414	-0.05910465233	0.02668107017	0.0642711751	-0.04257259854	0.0935354195	0.05364299583	0.06352285423	0.0506262567	0.0002199173174	0.04078380107	0.0383349077	0.08002538678	0.09923516067	0.04660404317	0.2680097394	-0.03553521635	0.00781486188	0.009236895263	0.1646474762	0.5820578586	0.3731541083	0.4795671386	0.5822237908	0.3189124914	0.1223304543	-0.01803097038	0.02961085566	0.06558219595	0.632184362	0.1762724758	0.09998896105	-0.01053035615	0.0898878336	-0.03474194799	0.1075452495	0.1166464356	0.1769430366	-0.007376546008	0.01682160033	0.06345867664	-0.0797541994	-0.05001172524	0.05471340493	-0.005988633681	0.1951944037	-0.01460640729	-0.01703254851	-0.05424382822	-0.02016578349	0.004996834559	0.02994576248	-0.01090835276	0.129000125	0.09532678773	0.01492287062	-0.02709129079	-0.0403463947	0.074480139	-0.09660546432	0.03031113793	-0.00313296965	-0.02459310738	-0.01919393834	-0.07592744834	-0.09272361477	0.03248963268	0.02876922004	0.07587364839	0.06282399894	0.01625553845	0.01579196417	-0.2781758609	-0.1255128053	0.08734744702	0.009816000372	-0.03491941098	-0.05849620686	0.001123800283	0.05404235567	-0.03184976881	-0.2589784303	0.03146610401	0.03251595466
0.0794233709	-0.03704657873	0.01118507962	0.1140536823	0.03143997016	0.006001251036	-0.02486472082	-0.003307437241	0.09276746702	-0.3616580986	-0.3426784323	-0.3486634945	-0.3257348239	-0.3231524828	-0.313315258	-0.3277095835	-0.3587685139	-0.3496803007	-0.2989582714	-0.334177622	-0.05404304392	-0.07004954707	-0.2863389773	-0.08669047162	-0.0558761822	-0.325047584	-0.3241784141	-0.3329796328	-0.3233893237	-0.0570928382	-0.3163010084	-0.107158651	-0.05401874343	-0.1939473203	-0.09182089733	-0.3174724796	-0.006466680129	0.01944088539	0.001910897489	-0.035222858	-0.03289547887	0.01344711904	-0.3738820461	-0.05822141362	-0.3398437258	-0.01099526773	-0.0793815563	-0.07013848778	-0.08656726398	-0.07047952618	-0.0354085361	-0.05959486986	-0.322794072	-0.3160106565	-0.3020518279	-0.07477529644	-0.07253909511	-0.04035675411	-0.3785970251	-0.3653642885	-0.3589290546	-0.02162928705	-0.3200827579	-0.04597554083	-0.06123076182	-0.05601402715	-0.04942836605	-0.07496574761	-0.02239887688	0.01218882222	0.0882817121	0.07362124374	0.07085299513	0.1061568103	0.01819233487	0.06166194416	0.06976394974	0.04552080247	0.02725397213	0.01011825001	0.1123835069	0.1806126456	0.002660925732	0.1057899956	0.08869269689	0.06798524239	0.05455166508	0.1856895942	0.2232485026	0.1708925777	0.04483734081	0.4225997514	0.1298072104	0.03009498455	0.2040892464	0.4667292802	0.5637161728	0.1926169119	0.02960280786	0.09760998242	0.09065607589	0.07325667258	0.02347057319	0.097918168	0.01028758586	0.179179296	0.1830920126	-0.0293301543	-0.02347707082	0.1360501658	0.08154200863	0.02008930338	0.007849716888	0.09188228757	0.03194169008	0.08888075855	0.1984146285	0.1059923547	-0.00659123455	0.4653927585	0.3161800724	0.01911347697	-0.008948963746	0.04157712972	0.033797404	-0.03781385413	-0.3643939149	0.09806006088	0.1902251051	0.1666134746	0.09979102734	0.4568314847	0.1339162253	0.1096623288	0.05257278559	0.1829920554	0.03637683216	0.5754612463	0.1151705472	0.006870857221	-0.007575654293	0.05936488096	0.1325392229	0.009977799284	0.0106481996	-0.01245891615	0.00514995457	0.1519182947	-0.02054096076	0.1652833231	0.02106700643	0.01022227263	-0.0125498978	-0.01144123594	0.004273409603	-0.0639274673	-0.04076681454	-0.05077148552	0.003700114596	0.01071987617	-0.006123047424	0.03524932973	-0.06285572598	0.05230052834	0.06177162442	0.2098776317	-0.02156222063	0.01780034502	0.0008272921351	0.06850451529	0.01054851692	0.01583453156	-0.03078330273	0.05914853881	-0.03685685692	0.1913691345	0.02984875837	0.1108218718	0.07846799243	0.1586160664	0.2479673996	0.1030677574	0.07062894127	0.1254627439	0.06194275173	0.1180033222	0.1339399861	0.05143544759	0.02806439104	0.06635489332	0.04852480278	0.08272431879	-0.003704748836	0.007062128474	0.04065006292	0.06998462964	-0.03254842708	-0.005658812403	-0.01860275867	0.05741040013	-0.03236464306	0.009986729317	0.1313600767	0.06601083624	-0.01929884012	0.117863504	-0.06053547611	-0.02585148574	-0.009492308341	-0.03053426608	-0.0504466229	0.02903357614	-0.02847113462	0.04276463685	0.1164878768	0.1833625807	0.1390979726	0.1026973972	-0.0742246594	-0.308309811	-0.1992292554	-0.02853157656	-0.002217770477	0.036576743	0.08624770227	-0.06921731437	0.04447029175	-0.003136265524	-0.3119529247	0.06457693091	0.03324612394
0.07917065852	0.000220067066	0.08361875224	0.01104506409	0.004808874627	-0.05115527365	-0.01654240225	0.004649306788	0.01402236358	-0.3107778191	-0.3479757831	-0.3545800227	-0.3309694549	-0.3066075367	-0.3050201939	-0.3316659809	-0.3082838954	-0.3532083484	-0.2805472684	-0.2838016059	-0.06172925165	0.006099009678	-0.2783383136	-0.005340302348	-0.06386987507	-0.2755206527	-0.2684130267	-0.3051338132	-0.2548107626	-0.07720259264	-0.2538638604	-0.002442149012	-0.04514084201	-0.2136085795	-0.03026472896	-0.3096715028	0.05380531617	0.04913751959	0.04564609859	-0.001397381427	-0.04421967593	0.03983465044	-0.2994731555	-0.07110053944	-0.2864590092	0.001676155569	-0.07333900642	-0.05710564315	-0.08295631377	-0.05350234959	-0.06590328206	0.01246014404	-0.3206144303	-0.302361202	-0.283742431	-0.0764799072	-0.06522537218	-0.05018256706	-0.2983554222	-0.291483401	-0.3108162529	0.02147473186	-0.31158363	-0.06544908646	-0.06539702506	-0.04596020389	-0.002161278022	0.02804133174	0.03701157109	0.03477914133	0.001499641259	0.1225889831	0.1238954961	0.09623663023	0.04438253127	0.1134399054	-0.02413719662	0.1045006816	0.06874694298	0.03825766845	0.06813083335	0.0678170583	0.1941528377	-0.00486111429	0.09341959653	0.1936649781	0.1801633823	0.1145192558	0.2121762719	0.005423772788	0.1586942441	0.1027817498	0.08394772723	0.08186255029	0.08004516688	0.1159121165	0.1145157108	0.213291044	0.1708417962	0.05684822868	0.1326824981	0.01726438439	0.03106777986	0.009694710267	0.0354784924	0.1782454696	0.1043974302	0.04768926067	0.05625547405	0.02623642558	0.01617026361	0.04957129088	0.02809567885	0.1106761011	0.04952413839	0.1082373782	0.03777130454	0.09386496021	0.09420260144	0.08148674564	0.2469839573	-0.02056417764	0.009980146024	-0.03812562163	-0.005286087453	0.01901162316	-0.2926384786	0.05153485287	0.1072198319	0.1257089027	0.2099167752	0.1494962791	0.1403453028	0.2298860277	0.01158209757	0.1253972741	0.04334920564	0.1151705472	0.5788316329	-0.01781309138	0.05352774018	0.1611452759	0.117460972	0.03439347067	0.1271485026	0.1038285135	0.04650903215	0.1181787424	0.11785111	0.1103537332	0.05004501178	-0.02407006711	-0.01389014053	0.009742954675	-0.01577033593	-0.03857048396	-0.01168088128	-0.02574245452	-0.002510733188	-0.01222365058	-0.000815824226	-0.02066590718	0.06681358043	0.0769517421	0.0711882955	0.1024178874	-0.04423398298	0.01654065791	-0.03747072525	-0.05321674751	0.0224534392	-0.08005740313	-0.04209886843	0.02448290706	-0.01872158129	0.07986565894	0.02205998336	0.1271280493	0.1181177507	0.1178548167	0.0349415142	0.1277377735	0.1057236114	0.1184848858	-0.01050149438	0.04269606123	0.03883520699	0.08890248997	0.07494110852	0.1215534532	0.2619227749	0.03158154241	0.09126773613	-0.01802758468	0.02457293952	0.0256179971	0.03872932593	0.03975079424	0.0111739934	0.09335295016	0.0121932005	0.02368530268	0.04158918436	0.09022278432	-0.02183349804	0.03388955374	-0.01152845305	-0.0132215075	-0.02154579334	-0.06823477135	-0.05111032763	0.06484102715	0.03774987695	0.183617658	0.03586800551	0.08644872037	0.1745205753	0.08195688631	0.007799932597	-0.3273821095	-0.2195972389	0.1129602491	0.06521515585	0.07939036865	0.08515418861	-0.06065877527	0.01298462427	-0.02473811938	-0.3424369774	0.05617661186	0.01134231416
0.003807654718	0.1323596698	0.01053287027	0.08843787237	0.04276578793	0.06376316417	0.03296513269	0.03760267729	0.06492050296	-0.2983763605	-0.3227339567	-0.2838230357	-0.2864574843	-0.2591211796	-0.2271148084	-0.2770698892	-0.3344629184	-0.2882270585	-0.2334815026	-0.3336488525	-0.06913986922	-0.08700530926	-0.2713412799	-0.04012836616	-0.02098859119	-0.2878620417	-0.2866273307	-0.2412121175	-0.2518118499	0.002102044074	-0.3054046681	-0.02225853758	-0.0492568835	-0.08708151152	-0.06039971191	-0.2503461383	0.00377877049	-0.001108043346	-0.0032230554	-0.0507019015	-0.04095647085	-0.04139317855	-0.2436751817	0.06800046684	-0.2364954727	-0.04915206389	-0.001731177697	-0.04033969309	-0.05298280712	-0.04157610209	-0.04186418186	-0.03738412217	-0.2451973006	-0.249668057	-0.2594892807	-0.004694105529	-0.02817288891	-0.08608898823	-0.2916104786	-0.264608344	-0.2278281475	-0.07175748065	-0.2284561854	-0.07565983	-0.04750257806	-0.01963117263	0.042243604	-0.04438293262	0.02459911234	0.02520205139	0.04700237125	0.057119285	0.05521141651	0.05545421249	0.09660604578	0.05418360151	0.1186806631	0.1503987872	0.08622305186	-0.00531139366	0.09928335394	0.02939429807	0.01389612139	0.2165837928	0.02978558561	0.0184513171	0.02564901387	0.07617446346	-0.01741129469	0.1281013833	-0.009549906778	0.003703732778	0.06761342635	0.009794955486	0.1985972069	-0.0264533145	0.008362565758	-0.009309004549	0.02778725249	0.04381295912	0.03467554945	0.001340977389	-0.01944887077	0.1090444847	0.002192514161	-0.05556893342	0.03508972457	0.06196182885	0.1135936263	0.03923176494	0.06673841206	-0.01815715802	0.06805586445	0.05445199111	0.02494208483	0.1086357729	0.03651437483	0.09267787107	0.08305966511	0.07455520609	-0.008596722523	0.08267559663	0.03996898126	0.09538526232	0.04895881618	0.06075346497	-0.2391741903	0.04066510222	0.02559720557	0.0903085487	-0.02448717991	0.01341497778	-0.01848460025	-0.01816958186	0.0804676949	-0.0249182216	0.1028541692	0.006870857221	-0.01781309138	0.7340083156	-0.006818072317	0.04151528487	0.02619228028	0.1484014085	0.0929102244	0.08360440728	0.01525381565	0.08763479279	0.02188740034	0.02400227806	0.1240723501	0.03996038457	0.08901052698	0.1080364714	0.1354644544	0.07410531161	0.1183032858	0.1217539329	0.1742966271	0.08532854346	0.08444256154	0.1654505501	0.06199546231	0.01651084947	0.06191620423	-0.02219294648	0.059677586	0.1286093255	0.1151101426	0.128106268	0.1030579722	0.09459957204	0.08133470231	0.005423231966	0.01109208443	0.009310827397	0.1149091499	0.02255229975	0.09585535271	0.007104618158	0.1030889372	0.0348338973	0.03582631709	0.03985027331	0.1122622459	-0.01277442865	0.006589328409	0.03172929028	0.07415187032	0.05756866915	-0.02804018057	0.07382223043	0.06836839561	0.05507575153	0.05975193898	0.06084927619	0.02601558296	0.03322320546	0.01318418782	0.1472453452	0.2234577406	0.2101089013	0.08748793556	0.1125409189	-0.003196975029	0.1158635766	-0.021770962	0.01957169463	-0.02309341245	0.01321167795	-0.03058108893	0.06786029012	0.03037991626	-0.009872365583	0.06449121896	0.01614611195	-0.02781436428	0.03508538728	-0.07248259009	-0.2751798641	-0.1112068179	0.01502134396	0.02500612653	-0.01579568132	0.006289196269	-0.002021028312	0.02326343626	-0.01171345347	-0.2418121368	-0.005968529285	0.07024312986
0.001535621882	0.05023889481	0.05523902133	0.02002685975	0.115168835	-0.00915964379	0.1222825345	0.1770420898	0.03047186864	-0.3278091755	-0.3030195518	-0.3122093736	-0.2932667703	-0.2557184558	-0.2261914393	-0.289496596	-0.3155062566	-0.2801030682	-0.2681571992	-0.2947838441	-0.01543160314	-0.004554247018	-0.2485260547	-0.02314636685	-0.004607234337	-0.2539251474	-0.2698370688	-0.2502511245	-0.2565099378	-0.03541280488	-0.2597211425	-0.01115446849	0.1407211543	-0.1598806948	0.001643770677	-0.275806928	0.1155332281	0.1321123759	0.1424064211	0.1145391178	0.07004086346	0.1011961279	-0.3213167704	-0.02922401175	-0.2805458494	0.03997655476	-0.0308546285	0.1249776848	-0.04468344232	0.03910961887	-0.0004725759829	-0.02059546991	-0.2729839719	-0.2464752039	-0.2506412358	-0.04196662676	-0.02871997382	0.1180985195	-0.3122358128	-0.3144601482	-0.2970652723	-0.006169003253	-0.2568074544	0.06717343531	0.02336908553	-0.01064229729	0.1573955368	0.1631908204	0.4532210592	0.2497271224	0.07211307523	0.005384565631	0.01071261127	0.02264440696	0.02335188197	0.05636607836	0.03319016751	-0.02713831163	0.08530689807	0.1069048856	0.02733894449	0.00217262572	0.04134885837	0.008254314015	0.07856136998	0.01173908862	0.02407188024	-0.02334581416	0.03142596067	-0.05960427393	0.1052303384	-0.01440349042	-0.03055851713	0.1032253465	-0.04232903448	-0.003648546723	-0.009512881142	-0.003419366076	0.0758226479	-0.02593531115	0.02201208788	0.05154033811	0.1612211261	-0.02619627966	0.2015454392	-0.01041439312	0.01520366158	0.1167796381	0.01718476553	0.05810284088	0.04636280747	0.08450098333	0.07044731562	0.09805917484	0.04973102577	0.006182244308	0.02455547873	0.07669401195	0.137190588	-0.038290264	0.02494962253	0.04734012229	0.04203606877	-0.0676453691	0.03764380965	0.04208647734	-0.312803936	-0.01230307318	0.002165030204	-0.0181509834	-0.01642231709	0.01529219683	-0.01447220431	0.03002752078	0.02799812772	-0.0431436693	-0.03446915828	-0.007575654293	0.05352774018	-0.006818072317	0.7031674966	0.1848551804	0.02214666463	0.05516122044	0.09737107864	0.1330291907	0.2925815976	0.05807027354	0.514117307	0.007875082606	0.01938927678	0.1028949506	0.05666590206	0.08715448563	0.002522801147	0.02974586565	-0.002192864219	-0.03365226701	0.005732310611	-0.01591945794	0.002590157945	0.09772533653	0.009138393357	0.0300519455	0.03443610738	0.008432295462	-0.01636183961	-0.0497278856	-0.1033206071	-0.03150561175	-0.06181140073	-0.0414418035	-0.008111620872	0.05970590501	0.02685383224	-0.04337167819	-0.06286375613	0.01085384044	0.006645534802	0.08208737892	-0.0274406382	0.09646005204	0.01587479934	0.01207768476	-0.00857690432	0.04889199676	0.02008119271	0.07606516148	0.05542476811	0.04725496603	0.05611352137	0.06103910227	-0.001748594659	0.003859764766	0.02916749503	0.009460485514	0.02766378859	0.03104568737	-0.01689960305	-0.00084050915	-0.009237004387	-0.03368820831	-0.01947556997	0.05165555657	0.1230039564	0.004413819166	0.229913869	0.07681340232	0.05074706943	0.04646930377	0.07972800378	0.04742861754	0.3427722167	0.06209857981	-0.07134796643	-0.01072757868	-0.01921778236	-0.0118575009	0.09242939301	-0.2760576758	-0.153706084	0.0338893824	0.001444220257	0.0798175394	0.04542925294	0.005789344872	0.0219314338	0.2000486383	-0.2998081281	0.03136378113	0.01890373741
0.1267031752	0.03382310304	0.1253636381	0.04220229837	0.03000630422	-0.02438827464	0.02658729472	0.05804674556	0.03727627988	-0.3287290791	-0.3347186028	-0.3430614001	-0.3223749575	-0.3053046911	-0.3092622494	-0.3175952341	-0.3255633344	-0.317000282	-0.311203093	-0.3258950962	-0.0668664403	-0.0669509489	-0.2942311043	-0.09189630015	-0.07086665589	-0.3216589984	-0.2800906528	-0.2768023729	-0.3082045779	-0.06925535205	-0.3096992116	-0.07075825327	-0.03222127066	-0.1996247248	-0.09191007735	-0.3143789241	0.1270449554	0.09202369316	0.0871436615	0.03126893843	-0.012668326	0.04737646669	-0.3418993558	-0.08346305327	-0.2994304336	0.01881360078	-0.05192790228	-0.03358159074	-0.08915469705	-0.05915673579	-0.05442425145	-0.05145509763	-0.2860624214	-0.3087986367	-0.2975047031	-0.06871013125	-0.06132884411	-0.02655042289	-0.3429498265	-0.3654849509	-0.3304476066	-0.01995198394	-0.2783658362	-0.02871196238	-0.05172012048	-0.04534910774	0.04697911018	-0.00526182886	0.1112417164	0.1092686204	0.09554582267	0.06347770902	0.06851136045	0.04527485413	0.06090829287	0.1397171454	0.002945034643	0.002643754808	0.1812837218	0.06796936913	0.05197428094	0.07889386154	0.1196827941	0.04301854153	0.130512234	0.09394525755	0.0780936917	0.104991588	0.1515367694	-0.04400852932	0.1465566514	0.05953503933	0.003578518343	0.1138946679	0.04840598483	0.08874388526	0.06103012617	0.1151272644	0.1555920565	0.001119040272	0.1494165861	0.09368210959	0.04817476873	-0.01810933942	0.07368591373	0.1246816074	0.03983881543	0.1284988469	0.01582541651	0.1318676593	0.1310914698	0.05992983473	0.05750343579	0.1899746878	0.1787312658	0.05298525748	0.08637818463	0.1428685749	0.2112066037	0.04680496621	0.1742718381	0.02853314145	-0.009692880745	-0.07386008074	0.01314417141	0.06934483413	-0.3344910044	0.05840100088	0.04202701776	0.01344598503	0.07995883571	0.06469053258	0.1312922429	0.1546940393	0.04258292309	0.003187965125	-0.04328038106	0.05936488096	0.1611452759	0.04151528487	0.1848551804	0.5905533671	0.1305266342	0.1471283017	0.2557093519	0.2255722586	0.1301644683	0.1610404412	0.2038613532	0.1128980388	0.07648218681	0.0007260526421	0.07394549651	0.02222024393	0.02625756811	-0.01088083563	0.02459668	-0.004477440138	0.03416112445	0.008448866203	0.05389322651	0.04482643848	-0.01976738066	0.1129719533	0.07077700152	0.1379797079	-0.06419504084	-0.05237086078	-0.1096280352	-0.03635747772	-0.07462027019	-0.05271960864	-0.03866117038	0.0789580987	0.007869334837	0.02448903993	-0.07407547216	0.01268473236	0.04898531565	0.114231383	0.02626045086	0.2611665491	0.01758109675	0.03612829924	0.01774901467	0.06604582014	0.05876029766	0.1406465388	0.1335194023	0.1183108555	0.1071785727	0.08643477471	-0.001221898883	0.0007828315662	0.0173613541	0.05142533182	0.01258571758	0.05514097648	-0.03570599667	0.05786617386	-0.01244602349	-0.01860933847	0.03868160377	0.1199340704	0.04275423571	0.03989066845	0.0126579291	-0.01382465356	-0.00720657091	-0.007998930586	-0.0246275736	0.1339579952	0.1219156489	0.1294214301	-0.0197927792	0.045964994	0.06498875408	0.04834509976	-0.08316705298	-0.3144099451	-0.2005075486	0.07692213677	0.02870468913	0.05397622061	0.1137275765	-0.06070260378	0.03748326789	0.01412123052	-0.3067113536	0.04448359262	0.01688612262
0.1193958515	0.002478394004	0.0411442422	0.01449481078	-0.02331373921	-0.03468533821	-0.01541660473	0.01046660633	0.08052975709	-0.3403424152	-0.3236721893	-0.3321935603	-0.3105944259	-0.3011517228	-0.3007371254	-0.3101029011	-0.3393218898	-0.3331756397	-0.3038285305	-0.3213159931	-0.06348392589	-0.08279537846	-0.2875189471	-0.06694004227	-0.04326396813	-0.3110392469	-0.3022957679	-0.3103035379	-0.3014511083	-0.05624246096	-0.3070344451	-0.08140115604	-0.06399545823	-0.2095801534	-0.09777173905	-0.3105125138	0.01038806383	0.01518740475	0.01073397593	-0.02359847844	-0.03599906479	-0.006788937551	-0.3512454179	-0.0417514178	-0.3225397201	-0.02391191924	-0.03759580254	-0.03730117277	-0.05672561448	-0.0766199162	-0.013798901	-0.07864966019	-0.3140169268	-0.3024564592	-0.2943918821	-0.05541714675	-0.04258522133	-0.06066404554	-0.3598475699	-0.3553806798	-0.3415467807	-0.03105039377	-0.303444488	-0.05228669043	-0.06226028404	-0.06157189805	-0.03549487203	-0.07972883658	0.01286665683	-0.006208226248	0.06937630642	-0.009214577281	-0.008227684981	0.1092493521	0.08178976556	0.1613356047	0.01618551509	-0.03978195457	0.0798097439	0.007994898235	0.2808291312	0.2876271995	0.2207599233	-0.003716086441	0.2145283427	0.2343540498	0.1059653832	0.1092451405	0.1117451599	0.02784499441	0.2010314166	0.1222245274	-0.02821949533	0.02258373888	0.1477746156	0.1470920595	0.126858753	0.279400339	0.07550742356	-0.04212877347	0.1763110654	0.05713550476	0.02831754982	-0.04237402419	0.02303962768	0.184011631	0.1500943283	-0.01371009448	-0.008386558736	0.09319385894	0.2232443182	0.006642491162	-0.01047536065	0.1917266215	0.2531297946	0.06476903133	0.2906985184	0.1988079073	0.06652012263	0.1438602175	0.1422417561	-0.01216070742	-0.03990974688	0.03793022692	0.006948130876	-0.04613791445	-0.341820833	0.07707446062	0.1502159072	0.1346678884	0.2877774004	0.10288427	0.2554679103	0.2476805446	-0.01788823819	0.05627007	0.01611289606	0.1325392229	0.117460972	0.02619228028	0.02214666463	0.1305266342	0.5959513616	0.04453772563	0.06832480719	0.06456303758	0.01577314952	0.1921609275	0.03281160517	0.513272594	0.01544119795	-0.02098855471	0.02518625557	-0.005079942963	0.008955984315	-0.02336075941	-0.003712956502	-0.005996019185	0.002702430953	0.02524943431	-0.004644899767	0.05858325824	-0.005857694189	0.2606049878	0.02263410534	0.1357262042	-0.06648851147	-0.03156583745	-0.08278704138	-0.03135217381	-0.02105878473	-0.05337543754	0.1331387233	0.05601768841	-0.01129905299	0.07504411505	-0.01498781964	0.06536011748	-0.02052413868	0.157553319	0.0425461898	0.1378349659	-0.01404327063	-0.02002823656	0.02516515113	0.08061245911	0.1335972206	0.09802486159	0.03180429636	0.1488280845	0.1475927958	-0.0006610382934	0.01436366193	-0.004500259188	-0.01721604566	0.01573476491	0.01670020135	0.02311676207	-0.02069659624	0.06125131615	0.03019725655	0.005372862994	0.04952238478	0.08032370177	0.001770637957	0.02512881952	-0.05940012118	-0.0002878087931	0.00360311676	-0.06066213022	-0.06797635861	0.04239395227	0.04072605067	0.1093090029	0.2418785692	0.03492164324	0.2132394102	0.4318114293	-0.08726863353	-0.3099186002	-0.2118270595	-0.01497086877	-0.00717531209	0.01095985135	0.1558297635	-0.0265034998	0.01862578875	-0.04398093138	-0.3174173031	0.05096141769	-0.04565429461
0.06210811043	0.03443903998	0.1128205333	0.08224700501	0.006168990606	0.3202940654	0.01633598679	0.04825758448	0.1841743897	-0.3699357826	-0.3488619882	-0.3538040662	-0.3432495345	-0.3295766977	-0.3133556409	-0.3563244122	-0.3643679133	-0.3567944436	-0.3211066818	-0.360130954	-0.06355535211	-0.08357460933	-0.3192239798	-0.1109176823	-0.09377463174	-0.3400487889	-0.3344829362	-0.3255708154	-0.3300270617	-0.1029646437	-0.3308660766	-0.09787223254	-0.0571693829	-0.1889264836	-0.1157869713	-0.3243880893	0.1361129521	0.09776435329	0.113459773	0.0426576782	0.01090953092	0.05731496936	-0.3758684415	-0.03325691821	-0.3418706234	0.040893469	-0.06472376957	-0.02246636623	-0.1061586245	-0.08562829067	-0.08402079247	-0.06872251536	-0.3296292213	-0.3229673305	-0.3190875307	-0.1062886006	-0.09538604554	-0.08064570115	-0.3875363965	-0.3636691008	-0.3610431973	-0.06845802442	-0.3217543802	-0.07454466492	-0.0801300737	-0.0589709078	0.08660904413	0.05027009564	0.03851788273	0.07724540377	0.05964896724	0.07436053134	0.07161640689	0.003336585405	0.166576034	0.116468486	0.1457750676	0.04363035939	0.3323072494	0.1384397368	0.008849956176	0.0813135985	0.08338007534	0.03564545642	0.1433591878	0.01800371069	-0.007039735766	0.09409914734	0.01834876941	-0.01394755225	-0.006682245769	0.009924816224	-0.04988360696	0.1630374575	0.06871214963	0.009563203776	0.007162249416	-0.004405797899	0.1244301951	-0.02373682348	0.0802377117	0.08248452342	0.04606020256	0.02558445215	0.02696551132	-0.0270379353	-0.01250296462	0.2281419778	0.01116818238	0.2492118958	0.05931131827	0.1123132148	0.09506897504	0.09474695525	0.09478394922	0.03132781651	0.06081809004	0.2681074953	0.3674173362	0.04658484004	0.001293564034	0.258904605	0.1520686783	0.1624263502	-0.01317033005	0.09094243169	-0.36613965	0.2308532803	-0.009064261313	-0.04189591695	-0.03899671775	0.03255498633	-0.01848918384	0.03297137188	0.007164286638	-0.009854551661	-0.03648475734	0.009977799284	0.03439347067	0.1484014085	0.05516122044	0.1471283017	0.04453772563	0.7404881865	0.3964223487	0.3880979069	0.09944115908	0.1270356254	0.04112925286	0.036998296	0.08594119428	-0.07703704566	0.08943587658	-0.0175565096	0.01776490573	-0.00137738296	0.00156659749	0.01355501637	0.07247649804	-0.0165548411	-0.01928064731	0.09084071425	-0.06387284159	0.07337203952	0.07747453475	0.05581404604	-0.08939446875	-0.009352138827	-0.03351484071	-0.02364068114	-0.04995540807	0.006831983039	0.01878004777	0.1076709405	0.03991666129	-0.03155359094	-0.03138853803	-0.0128141375	0.2133748462	0.0723444675	-0.04267058652	0.1133089179	0.00746208136	0.0320454855	0.06758148995	0.07409574039	0.03562616312	0.1083479052	0.4556329636	0.09808900373	0.01182209154	0.1367828756	-0.01963887163	0.01025792344	-0.01169201054	0.02404720507	0.1116859619	0.08220893468	0.0552625458	0.1353700009	0.05628229726	0.04006654327	0.2572855254	0.1795199027	0.05557872034	0.03022504429	0.04664325872	0.007697145719	-0.03025303914	-0.06962910611	-0.03164043406	0.5293714087	0.08717255042	0.2508422719	-0.06605911832	0.03441990859	-0.0110461348	0.0003605908565	-0.08838383722	-0.3411866285	-0.2118355623	0.09378434622	0.08812623713	0.07201615843	0.09923403082	-0.08520133535	0.1402793419	-0.04110979312	-0.339672166	0.1448476454	0.07027155034
0.08499959253	0.07379698193	0.1540659201	0.07825408956	0.04645873416	0.2556639945	0.04296998816	0.07259776235	0.05844129596	-0.3817964697	-0.3603023206	-0.3679528523	-0.3492438227	-0.3398896378	-0.3347736158	-0.3457644014	-0.3742716233	-0.3726789823	-0.3321415207	-0.3511756892	-0.07142271613	-0.08774322594	-0.3308469784	-0.1010329447	-0.07773911395	-0.3563610307	-0.341978644	-0.3366751468	-0.3399820403	-0.09206952378	-0.3422853288	-0.09652601627	-0.04262569153	-0.2160186568	-0.120620348	-0.3390020357	0.1682838345	0.1452037843	0.1598948767	0.07000028431	-0.001892361823	0.111887601	-0.3913959527	-0.05289513782	-0.3517065839	0.03177135618	-0.06502253187	-0.01539918362	-0.1009819878	-0.05423825896	-0.07163161563	-0.06173841414	-0.3432517761	-0.3313822679	-0.3216038613	-0.09081926836	-0.07999706653	-0.06867207894	-0.3998728057	-0.3705526752	-0.3805603899	-0.03677161666	-0.3326991769	-0.05849399568	-0.06327090416	-0.04714076656	0.07024112241	0.03433340369	0.1461784632	0.15305951	0.01715457931	0.03643456887	0.03407953979	0.04849703832	0.1096265585	0.1533533873	-0.0195188239	-0.01862649211	0.3453127367	0.1711817491	-0.05271698666	-0.0007864476973	0.1251236958	0.03269298956	0.1324707909	0.06303469904	0.04842428585	0.0369417425	0.05518834817	-0.07309545441	0.0385111557	0.0449420773	-0.04907283327	0.1874808325	-0.00416073093	0.01484670384	0.008711569522	0.04108751756	0.1690091723	-0.02610279775	0.1274055491	0.05792721096	0.07906085405	-0.02187445081	0.02274836071	0.01665777951	0.05714584616	0.1694994149	0.04134793992	0.2708628656	0.08483777801	0.1110106868	0.1077446153	0.1258062566	0.1008857918	0.04330718878	0.05257614842	0.3063032859	0.5325747929	0.01077003408	0.05184380074	0.2250351651	0.2101515852	0.07124138235	-0.02175644517	0.06292151251	-0.3816799961	0.2598118709	0.05821668898	0.004401372099	0.01111188305	0.002272331452	0.02664550097	0.08782817536	0.04492157957	-0.01482766456	-0.07479162621	0.0106481996	0.1271485026	0.0929102244	0.09737107864	0.2557093519	0.06832480719	0.3964223487	0.6521981085	0.5814352382	0.1630242097	0.09132612553	0.1710837245	0.08208313724	0.07787643614	-0.03076320456	0.0671900173	-0.006843356004	-0.03236734518	-0.03082403366	-0.04251987816	-0.03762388551	0.01792285109	-0.04858995325	-0.02366505326	0.004506529186	-0.08308645073	0.1133390928	0.1108954425	0.04887744351	-0.1163294763	-0.07554326237	-0.1261019121	-0.09348656167	-0.09642951869	-0.0594269657	-0.07908240556	0.07975556052	-0.003476689922	0.0006600521188	-0.09429931429	-0.005109512931	0.2646985065	0.1192603072	0.007677170854	0.1295562051	0.04032511762	0.04733001612	0.01899407543	0.02992348397	0.03264723194	0.1067144201	0.3951710391	0.1367756231	0.09580093086	0.1088258939	-0.0121554244	0.009754020439	0.03898399052	0.06578953092	0.03631228839	0.1139165787	-0.008092538987	0.1124082576	0.03580530587	0.01986762664	0.2327990612	0.1687859104	0.02767467549	0.03720267644	0.08589197027	-0.05538255125	-0.01641060887	-0.04710923829	-0.01747151954	0.3861681842	0.12295397	0.2913091564	-0.05158695651	0.04000659163	0.02404730122	0.02803673283	-0.08198546637	-0.3420409847	-0.2353249105	0.04824711047	0.01292699257	0.09089833047	0.1296331669	-0.07940267253	0.04903810176	-0.01925750031	-0.3595528544	0.07688550229	0.02842869343
0.0738555686	0.05965225249	0.1340954613	0.04039322745	0.01894983929	0.2325450257	0.02104116314	0.06225853356	0.06207194318	-0.3195957113	-0.3007375649	-0.3106413017	-0.2885533274	-0.3241685687	-0.3187724893	-0.2843939133	-0.3131226363	-0.3592989407	-0.3162890022	-0.2901806916	-0.08291274412	-0.1041421848	-0.3172295985	-0.06643412403	-0.04945544522	-0.3424789287	-0.326515207	-0.3223100747	-0.3264235973	-0.01504669737	-0.3286127548	-0.1158487083	-0.04585292787	-0.1890236725	-0.1320193075	-0.3246618538	0.1289766643	0.1198590237	0.1228203557	0.04785593978	-0.008837800564	0.07625751174	-0.3780543159	-0.02256920654	-0.3382868919	0.02345712491	-0.08015145942	0.008115585475	-0.0704786	-0.07545019251	-0.04009946579	-0.08015731596	-0.3307609749	-0.3163956497	-0.3062588997	-0.01336317367	-0.003666267133	-0.09119221121	-0.3404166794	-0.3106255687	-0.3301918611	-0.06221129515	-0.3182046565	-0.07345893628	-0.07076461341	-0.04831200181	0.06977817281	0.04146740543	0.09318884593	0.1004272039	0.01818460467	0.03246707393	0.03023942208	0.03245698841	0.09718485271	0.1308021786	-0.008178945625	-0.03868814165	0.3435437621	0.1340664144	0.02141914503	-0.003140604167	0.11305155	0.0264739758	0.1436018198	0.05120086254	0.03627973929	0.02648246697	0.03056380067	-0.06918828358	0.08417811299	0.02279240711	-0.06853952677	0.1517562882	-0.01497944274	-0.008245250565	-0.01436944105	0.0286101098	0.1664651106	-0.03590571186	0.09854960338	0.05529010458	0.0541322837	-0.03523123748	0.01102169835	-0.0120362783	0.05983370582	0.2025940374	0.02709151851	0.3113649015	0.0809444253	0.09155235758	0.0980943179	0.1293995843	0.1041811579	0.03882719185	0.05995682073	0.3154912926	0.6528357849	-0.01225084679	0.02318946131	0.2334536267	0.2424268233	0.06835239559	-0.02622876277	0.06592895897	-0.3687144295	0.2434794981	0.04743992018	-0.005143628728	-0.001347524254	-0.02314333917	0.003658457374	0.07918888025	0.03855719943	-0.03710304422	-0.07995821802	-0.01245891615	0.1038285135	0.08360440728	0.1330291907	0.2255722586	0.06456303758	0.3880979069	0.5814352382	0.7121076838	0.1100340873	0.08816684322	0.1034588316	0.07034533825	0.06618257351	-0.04884332265	0.07204997638	-0.02893485079	-0.02994424656	-0.02882460333	-0.03974956755	-0.03549301522	0.02026031224	-0.0397629464	-0.01839015131	0.01104532465	-0.03215702347	0.1049104786	0.09462679498	0.04676054833	-0.03053241591	-0.09003415149	-0.1335466959	-0.09871600614	-0.1030244928	-0.05692712487	-0.06135240444	0.07785617156	-0.0004151350156	-0.01515533899	-0.09953877543	-0.01553194878	0.2433751804	0.1321180947	-0.01525582451	0.1319479456	0.03042096096	0.03242848164	0.01462850735	0.04266594811	0.04771825655	0.1129050072	0.3850340041	0.1130408396	0.08784585193	0.114521278	-0.02852962061	0.003180405865	0.03245700282	0.05963819181	0.0221014375	0.1013069507	-0.01500462992	0.09985424945	0.02340834344	0.007352589455	0.2194290276	0.1822010199	0.0346137569	0.0213229603	0.04907965011	-0.05600955098	-0.03249665764	-0.06548058677	-0.03750727431	0.3788782419	0.1201016005	0.3236567538	-0.06362071604	0.03256160459	0.01231055137	0.01455845744	-0.09297997385	-0.3284456167	-0.1777870204	0.04304329087	0.00126700816	0.06353577691	0.1082954467	-0.05383197035	0.02231623246	-0.03662977743	-0.3003776726	0.06438332474	0.0271494034
0.05088678118	0.09472433459	0.1292529769	0.1776445784	0.2341135807	0.05121503103	0.1439301186	0.2811826054	0.03924340398	-0.3736844214	-0.3499719996	-0.3580970988	-0.3361205665	-0.3242441923	-0.2973861053	-0.3349940123	-0.3700304727	-0.3330392758	-0.3251348721	-0.3419388391	-0.0191929148	-0.03241449035	-0.3174812286	-0.09998211711	-0.07692942609	-0.3118979159	-0.3308128925	-0.3257777584	-0.32612997	-0.09654998702	-0.3241122521	-0.002274665679	0.09103359925	-0.2189440575	0.002127277652	-0.3285601077	0.3025092036	0.2816128907	0.3430386326	0.1944660808	0.1104054933	0.276969076	-0.3866045555	-0.09694562293	-0.347811247	0.1018120577	-0.03805913525	0.07582515778	-0.09834457443	0.03469842643	-0.05547902091	-0.01268117501	-0.3301852335	-0.3162449685	-0.3113331747	-0.1035850064	-0.08852217341	0.05277955921	-0.3875850235	-0.3792313313	-0.3636185121	0.01811777092	-0.328234894	0.003517445837	0.007446631687	0.007336412425	0.1602699577	0.1479797012	0.4141487704	0.4164408596	0.08919960874	0.05908979924	0.06428713204	0.07838864576	0.09159866076	0.101209666	-0.03980098634	-0.02481277816	0.095936911	0.2768542856	-0.09390218503	-0.04513395199	0.07565185142	-0.02566341876	0.06947386308	0.03441035266	0.01300022791	-0.002196998588	0.017054101	-0.09600838813	-0.0193177703	-0.004496255023	-0.00755493877	0.2960586118	-0.006906372599	0.01021040104	0.004459228586	-0.001554405625	0.1236256822	0.0061679069	0.03850349801	0.1032385797	0.2104228392	-0.005804459545	0.1526151812	0.006586614509	0.009526075017	0.09441832128	0.06212029199	0.00900962368	0.0999006317	0.235831578	0.09376289623	0.06546307205	0.07175408891	0.0610133554	0.01882838227	0.04725571294	0.1038305994	0.000422425813	-0.006539173548	0.0008796090148	0.01315789351	-0.0999538745	0.004214428201	0.0390554053	-0.3765282869	0.04016848934	0.008645645964	-0.0229759854	-0.02278023263	-0.00740460765	0.01821358755	0.03781965406	0.07241341343	0.02352622017	-0.06895927066	0.00514995457	0.04650903215	0.01525381565	0.2925815976	0.1301644683	0.01577314952	0.09944115908	0.1630242097	0.1100340873	0.5451094012	0.02893540801	0.3459310009	0.02915027377	0.0338871206	0.1168675276	0.03009352972	0.09307168183	-0.04374107126	0.0004170035939	-0.06885382055	-0.128878274	-0.07213672269	-0.04145466064	-0.07106928669	0.06632942221	-0.1061139929	0.06566680255	0.1353052537	0.01326405299	-0.1333850163	-0.03730457126	-0.1008194356	-0.05093873214	-0.07293397773	-0.1480002145	-0.08206288331	0.1164166928	-0.005015704856	0.01059920582	-0.05609416565	0.05699415064	0.06424045846	0.07033016159	-0.04761327986	0.06121426548	0.07550034837	0.07531498686	-0.01422932707	0.03283202348	0.03117869449	0.1062118763	0.1456408991	0.08797635064	0.05420559136	0.1434020075	0.04567837724	0.0278004195	0.05636317968	0.08462222483	0.07429220796	0.1285429807	0.03722109658	0.07929197991	0.02821978219	-0.003073610419	0.02511671945	0.1019673062	0.1063572777	0.02748745484	0.3453510359	-0.02978705023	-0.004336779397	0.02411648091	0.01670610126	0.1195092445	0.332926858	0.0126979867	-0.07948604478	0.05415928465	0.01361981527	0.002952919827	0.03469044257	-0.336671014	-0.2029835827	0.04855962298	-0.003889317576	0.2299355695	0.09319490759	-0.06794705546	0.08559003328	0.1496060694	-0.3505350092	0.1218087876	0.02140893176
0.152296798	-0.008806454552	0.0670518202	0.0724661197	-0.02793189476	-0.00973227155	-0.01335698323	0.02662739901	0.1676097946	-0.3699825957	-0.3523120403	-0.3599919653	-0.3375163531	-0.3180218046	-0.3272502743	-0.3545705539	-0.3673441935	-0.3569188069	-0.3213853781	-0.3599228704	-0.09662923346	-0.1066755444	-0.3132244351	-0.06462701971	-0.05414129122	-0.3311117153	-0.3277310532	-0.3267231953	-0.3247286127	-0.06829592499	-0.3273828579	-0.09304722042	-0.0720802126	-0.2170024301	-0.1306666862	-0.3282674894	0.03523681308	0.02835297506	0.02534073309	-0.02714163948	-0.09628510769	-0.0007840344843	-0.3817685963	-0.07704218907	-0.3442870277	-0.01149612341	-0.07131118292	-0.05782841574	-0.07464099843	-0.1047810722	-0.02866974283	-0.06092134484	-0.3288263106	-0.3223678014	-0.3115541003	-0.06170366318	-0.05226629531	-0.07798668149	-0.3905521773	-0.3811746008	-0.3708377533	-0.07324087193	-0.3198584522	-0.06475454247	-0.0761404523	-0.04391424423	0.03005082368	-0.05136912877	0.02012329872	0.0262618489	0.07475463261	0.1143239574	0.1160659615	0.0593612495	0.1261843763	0.1579935561	0.1540137359	0.07448220377	0.09480016753	0.03974508932	0.1137448303	0.1493309781	0.08984345906	0.0917681624	0.2474892662	0.1111408128	0.09022142483	0.128949533	0.128125689	0.08453766413	0.1225108361	0.1572554321	-0.01055352487	0.05796931704	0.1148417574	0.1460896012	0.1487376541	0.1222149703	0.1207255876	0.04283785056	0.08418236901	0.07697807437	0.01645733117	0.1155621475	0.02833499859	0.08703504269	0.1212021815	0.04935556073	0.000570359625	0.111750615	0.07973239899	-0.0006697642882	0.01552270118	0.2700799005	0.1584920836	0.02470309469	0.1619054799	0.1310694453	0.08656851395	0.1711778525	0.1943049604	0.08386381853	0.03234100902	0.04067510779	0.06155727428	0.02851692067	-0.372019752	-0.005443343031	0.1219345926	0.1391564082	0.06631758203	0.1343982684	0.09144272895	0.1306226105	0.02208194077	0.008901685091	0.0161981414	0.1519182947	0.1181787424	0.08763479279	0.05807027354	0.1610404412	0.1921609275	0.1270356254	0.09132612553	0.08816684322	0.02893540801	0.529005374	0.05171393221	0.1656599116	0.0005046546376	-0.02051999587	0.0791093462	0.06876948251	0.1166649728	0.008426016273	0.09508469808	0.05941736482	0.1216512057	0.07055879674	0.06010973527	0.07693246742	-0.02008490083	0.1177979557	0.07364144524	0.1257170831	-0.05218180509	0.01264651142	-0.007257267255	0.0217834048	-0.01434216941	0.03008625646	0.041720521	0.07556971983	0.0354783819	0.04564522713	-0.001563407982	0.001470013058	0.03572158825	0.1824342683	0.08585433223	0.2839150254	-0.003556600984	0.05671393957	0.1774813214	0.1193878906	0.1580423235	0.1186698242	0.03977444576	0.1642028505	0.07417582457	0.07279698287	-0.03221008398	0.002200767822	0.0145565097	0.03105909398	0.03050937563	0.02112976686	-0.01554154863	0.1363923555	0.1176333582	0.08832869404	0.1140393321	0.142257325	-0.03080332038	0.08293335426	-0.04397274365	-0.008759570271	-0.02263790863	-0.08298500038	-0.1023106124	0.0402122556	0.04918893957	0.09278509129	0.04093271612	0.08428801868	0.08781910247	0.1168857803	-0.1252799609	-0.3428344515	-0.221300078	0.01013216958	0.04226127063	0.02680538064	0.1599297163	-0.05949377083	0.07509573391	-0.03856999339	-0.3429867449	0.01491638907	0.03319578619
0.02005269734	0.06089669612	0.07826421097	0.08138914696	0.1700655798	0.01466283174	0.1719469599	0.1883338806	0.03123692052	-0.3602297502	-0.3334292624	-0.3427356812	-0.323470043	-0.2870694969	-0.2564612288	-0.320803779	-0.3483354166	-0.3121138015	-0.2988197019	-0.3273512902	-0.01084529943	0.003642730635	-0.2781833798	-0.08426037295	-0.05931296951	-0.284053423	-0.2991990619	-0.2831869813	-0.2843445229	-0.08080651813	-0.2901730278	0.001997617191	0.1550758653	-0.1884572151	0.004482617963	-0.3066131271	0.1675778004	0.1656574365	0.1950487554	0.1549629289	0.0890984131	0.1530807631	-0.3531947032	-0.07154781587	-0.3134427228	0.0347346553	-0.01067430886	0.08113944765	-0.08336460359	0.06785314762	-0.05299637862	-0.01606820761	-0.3033347883	-0.2745527512	-0.2782517208	-0.08736776397	-0.07686592805	0.1259418468	-0.3435466479	-0.3442804931	-0.3303045951	0.004006348093	-0.2878115012	0.07493820405	0.03850414069	-0.0007653583336	0.1405196069	0.1295381887	0.5178309119	0.2993240188	0.02656435076	0.01463270834	0.01982496152	0.04064816599	0.04373624264	0.1119412417	-0.03607297968	0.002158495872	0.06660263116	0.1595455709	-0.03416411163	-0.03304820623	0.08044586376	-0.006065209891	0.06037823223	0.05075696582	0.02175046171	0.03708272046	0.1074037745	-0.0877006341	0.02185730798	0.00417516039	0.01261415137	0.1544160789	-0.02587089226	-0.01652845131	-0.01805925996	0.06732350824	0.06502492974	-0.02255809929	0.08163214267	0.04157787017	0.2131149256	-0.021441011	0.1987031269	0.0491168751	0.03567250032	0.07520540514	0.02378530929	0.0184390707	0.06415157629	0.1232337567	0.0842032769	0.09453015799	0.03960204582	0.03646111551	0.001397501305	0.0626335544	0.09679671544	-0.02519165551	0.08423138105	0.003480218347	0.008708607685	-0.09398066151	-0.00982906082	0.04792984847	-0.3440743373	0.02225510951	0.03640940064	0.01883981394	0.00848602384	0.009498654764	0.05644540427	0.09864988656	0.05781001365	-0.03238990728	-0.05910465233	-0.02054096076	0.11785111	0.02188740034	0.514117307	0.2038613532	0.03281160517	0.04112925286	0.1710837245	0.1034588316	0.3459310009	0.05171393221	0.636960872	0.04485054902	0.0506350665	0.1146080035	0.0232475767	0.1023615706	-0.04590332099	0.02627409384	-0.05565739987	-0.09167188395	-0.0464053147	-0.04993012875	-0.03905339773	0.05965497345	-0.05107741905	0.06530502332	0.05154539073	0.00825472364	-0.107795239	-0.03080677969	-0.086185623	-0.04608329814	-0.05285075966	-0.1113422087	-0.06663454398	0.0394619359	0.01538579091	-0.02965182444	-0.049119317	-0.006047059252	0.03079349333	0.05542341564	-0.008547587695	0.08775303445	0.01441357672	0.02147833814	-0.003790038393	0.0003279177633	0.0114545166	0.06276775548	0.08150920504	0.08613972785	0.07778639454	0.06711728747	0.006713760949	0.02836000893	0.04646175918	0.03274629316	0.05046065317	0.06158755082	0.006569280836	0.01970190187	0.01124442683	-0.009693009079	0.004450757384	0.05962486362	0.1205551719	-0.005592820691	0.273104537	0.04922616734	0.06110245057	0.05779474293	0.1022293102	0.06850785419	0.3475928679	0.02657891765	-0.0425122715	0.002234597092	-0.006606787644	0.03531645665	0.1053899611	-0.3068460904	-0.1841292483	0.01715823697	0.02680612624	0.1165030379	0.06827425275	-0.02782290566	0.0589028066	0.2000559678	-0.3304522535	0.05284573783	0.02630887032
0.1358350653	0.02011879434	0.05296681057	0.02782050401	-0.01075873341	-0.02303511958	-0.002035730587	0.01909337203	0.1019713263	-0.3398435663	-0.321355764	-0.3285758339	-0.3083528874	-0.3019855095	-0.3026966908	-0.3079536205	-0.3370404213	-0.3319237767	-0.3057843323	-0.3196630741	-0.0758294054	-0.09007454856	-0.2899065188	-0.07394289416	-0.05323260208	-0.3129674791	-0.3036076513	-0.3137145584	-0.3003152334	-0.05985017752	-0.3067409538	-0.08695156995	-0.0606303754	-0.2117889524	-0.1036154196	-0.3116999906	0.02331172838	0.02859969096	0.02406628488	-0.009953687065	-0.02786485298	0.0065586443	-0.3520146359	-0.0418403074	-0.3227884448	-0.02870896188	-0.04218512157	-0.05627865623	-0.06072427394	-0.0738142635	-0.02492081686	-0.08518877951	-0.3158317442	-0.3004774473	-0.2924512965	-0.0591006183	-0.05506594693	-0.06751589369	-0.3593530668	-0.3533752136	-0.3405051615	-0.03985330736	-0.3043145412	-0.04871204972	-0.06087535158	-0.06521951515	-0.02449611652	-0.06850007734	0.02626202433	0.007116161811	0.05609897583	-0.01184195575	-0.01074876126	0.1057724884	0.09853090635	0.1748567674	-0.00461341037	-0.02761974668	0.06309377933	0.02135594394	0.223750703	0.2208929683	0.2360349514	-0.009444900918	0.1971216133	0.2500557313	0.1170489993	0.1092504664	0.1276366851	-0.005930087788	0.2017177126	0.1543307288	-0.03340939521	0.03593908202	0.1013390205	0.1797564678	0.1596217351	0.2788713944	0.06474060005	-0.04280627421	0.1901217197	0.04111751003	0.02678048907	-0.04436826667	0.04014727792	0.1996043052	0.1174451076	-0.01325668174	-0.001729789007	0.1050336559	0.2277055501	0.01825935012	0.0008378765369	0.1738877215	0.2372102498	0.08162834654	0.2115247021	0.2197838605	0.07223011281	0.1764547955	0.1416357075	-0.02859323182	-0.03927300448	-0.03512784169	-0.02028971407	-0.04034271614	-0.342686319	0.1276464441	0.1176634167	0.102672552	0.2862802471	0.1355853085	0.2548913219	0.2769689016	-0.001153908367	0.04358446805	0.02668107017	0.1652833231	0.1103537332	0.02400227806	0.007875082606	0.1128980388	0.513272594	0.036998296	0.08208313724	0.07034533825	0.02915027377	0.1656599116	0.04485054902	0.5844548634	0.01530015082	-0.02026107833	0.003108159995	-0.006606670702	-0.01560840371	-0.02590563393	-0.04361653433	-0.027540733	-0.02185056517	0.002339558396	-0.009744927374	0.03050584069	-0.002950828189	0.2768661377	0.03138112241	0.1553460509	-0.06850355547	-0.02071211867	-0.07317018348	-0.01882237518	-0.01278632298	-0.03816731229	0.1133299248	0.04033777032	-0.02149401884	0.0284178661	-0.004718870973	0.04942917101	-0.0109812748	0.1779569068	0.07485925474	0.1287886472	-0.01428549565	-0.01012960228	0.007913648222	0.06161326528	0.1060439453	0.09078629762	0.04837741022	0.1595462737	0.1680148296	0.01873551792	0.001897953135	0.01059996853	-0.001760431753	0.0395727604	0.03350956159	0.03988625283	-0.020273096	0.07806342118	0.04680903112	0.02203680397	0.06640793505	0.09981774189	-0.01190295635	0.03653136136	-0.04976880015	-0.01016157033	-0.006778354658	-0.07160250299	-0.07327549384	0.06541093998	0.02249158701	0.1304164143	0.2013680034	0.03451821761	0.2284887459	0.3905792165	-0.08881976877	-0.3083748102	-0.2127002311	-0.03990241913	0.003781420505	0.0241429269	0.1696793694	-0.02764480996	0.03235883044	-0.05623414749	-0.314940652	0.06965688606	-0.03613461897
0.0108604411	0.05743061878	0.04547253908	0.02706610778	0.01943505813	0.03547763354	0.04387368856	0.06478361279	0.07829008416	-0.384622706	-0.355228851	-0.3605097949	-0.3483279736	-0.3142539355	-0.2894954163	-0.360560864	-0.3591245147	-0.371313211	-0.1848318882	-0.3596296783	0.07700218939	0.041860075	-0.2562339008	-0.003832515548	0.02788939267	-0.314324924	-0.3296347201	-0.3186251902	-0.3036821402	0.04755253196	-0.3365888021	-0.025459173	-0.04501924628	-0.121317052	-0.05267623064	-0.323359382	0.07648476664	0.05246630142	0.04366905561	0.01051410479	0.01753304608	0.109601008	-0.3564828299	0.02067389636	-0.3107080552	0.07175940533	-0.03796496287	-0.02546091135	-0.0003706256941	0.05393013416	0.03429876178	-0.04187508971	-0.3071342492	-0.3196412376	-0.3003843998	0.05650127054	0.04185684005	0.02554898537	-0.3446389635	-0.3583322314	-0.3466826573	0.02309206702	-0.3120512018	-0.05422245504	-0.0278232133	-0.0338546762	0.04024654728	-0.04386861764	0.04328074044	0.07714845769	0.02789500496	0.0358236531	0.03706909963	0.1350037399	0.1322536265	0.05637852176	0.07365792221	0.09131031712	0.168556879	0.06205798233	0.07183536521	0.05075648802	0.03251774145	0.03058845354	0.01979643885	0.01251843036	-0.006660451624	0.02681289093	0.05927850165	0.08396876851	-0.06401023538	0.05204514111	0.1021098555	0.06804177385	0.07209382056	0.01642040196	0.02240837226	0.04505800538	0.05000183694	0.0193339938	0.1057061908	0.04033716335	0.0007012241957	0.08228228463	0.05983108758	-0.0316569677	0.04562659165	0.1206779742	0.0507722761	0.02278792219	0.05271051183	0.156017304	0.1308088098	0.03712340283	0.01235710648	0.1273303668	0.005864831579	-0.009776509799	0.08916099839	0.02116327012	0.04612760378	0.04629136434	0.0311166599	0.116689869	0.0679856663	0.05624669215	-0.3491855675	0.01940323158	0.04450816374	0.09783790282	0.02283933906	0.05161882997	-0.02512087845	0.03531014858	0.06006404199	-0.002969003422	0.0642711751	0.02106700643	0.05004501178	0.1240723501	0.01938927678	0.07648218681	0.01544119795	0.08594119428	0.07787643614	0.06618257351	0.0338871206	0.0005046546376	0.0506350665	0.01530015082	0.6635780621	0.0258958372	0.06292799113	0.04195278913	0.06174201177	0.04079046322	0.02566363973	0.01163911183	0.05753373575	0.042624413	0.01101707552	0.05822274889	0.04455859048	0.02957433028	0.1082184798	0.04705075647	0.00821280238	0.09430347242	0.04365290717	0.1175356807	0.09208340326	0.04846263071	0.03396506671	0.0403022153	0.0355167917	0.02497400497	0.09971308159	0.05087321219	0.03761498264	0.0219173055	0.02972322086	0.03348318419	0.05297828632	0.05014357468	0.1048315382	0.03288471988	0.05373437434	0.02647152626	0.08427335393	0.05792742898	0.04599662506	0.07191199902	0.01540808018	0.01869012107	0.01403847618	0.02140426248	0.07498128347	0.09636723077	0.02068676428	0.1803870892	0.1799849726	0.2254117851	0.1086074627	0.2384940126	0.007555099336	0.2571281361	-0.01011201129	-0.03750573697	0.004563722067	-0.019313479	0.0909510127	0.07847363771	0.03755844439	0.0330537887	0.01836514647	-0.007656217645	0.002784462827	0.02675241493	0.05055832945	-0.2374436763	-0.1363822031	0.08702464175	0.06199730522	0.1334756212	0.02414258666	-0.05304649986	0.0493596943	-0.06005952009	-0.2274383825	0.0632638383	0.08095236141
0.01131889983	-0.05515959125	-0.0131888403	-0.01718803477	0.1630434745	-0.052259755	0.03810866327	0.1304347841	-0.04122341292	-0.2572225611	-0.220502367	-0.2324437333	-0.2235448058	-0.1767945548	-0.1332753729	-0.2204963358	-0.2403754085	-0.2163811802	-0.2156221263	-0.2162637942	0.09064870261	0.08057401186	-0.2409301686	0.03861889575	0.06352283139	-0.1445375842	-0.190823255	-0.1811988838	-0.1606074669	0.07284405965	-0.1941065468	0.1736105515	0.07044727409	-0.08764989558	0.1116955464	-0.1818135548	0.03050683142	0.01213138096	0.01243467418	0.07414413596	0.07001744284	0.0124452166	-0.2099529769	0.05011335082	-0.1790809266	0.0374303156	0.1120155207	-0.01856413702	-0.01011652902	0.1159154284	0.1033974641	0.1512137893	-0.1614644448	-0.1862986231	-0.1744756579	0.07206730748	0.05472042646	0.08393075445	-0.2013403186	-0.2289365947	-0.1866880545	0.04252456963	-0.1714908413	0.1415369223	0.1826607566	0.157835886	0.04073082584	-0.01983891916	0.1123985952	0.08349236489	-0.02918293654	-0.04843144696	-0.04744230698	-0.02733760975	-0.01176355233	-0.03649282982	-0.04551169345	0.03214949097	-0.05808466618	-0.01262743551	-0.0720092711	-0.04203694976	-0.07419833711	0.07804049863	-0.02740444532	-0.08754437088	-0.02970101802	-0.02351810947	-0.03733561889	-0.004997388614	-0.04958701914	0.03645796267	0.1137106586	-0.03203368983	0.0434073179	0.0180342904	0.01030202761	-0.03219831752	-0.07118042202	0.006023674425	-0.03186379062	-0.02887133077	0.03894768178	-0.01262058939	0.1287536611	-0.08633389419	-0.02722030066	-0.03524347523	-0.0227871738	-0.0112337855	-0.06078389555	0.02647349051	0.01584367825	-0.02240037426	-0.05719243164	0.005861663152	-0.00491109956	-0.04568222176	-0.05347299835	-0.003227841266	-0.02526742334	-0.02938088494	0.01563994641	0.02026841076	0.02999816099	0.07294660566	-0.204993371	-0.009161656026	-0.02820394613	0.01229899992	-0.04906120412	0.00441524456	-0.01178994465	-0.05123137073	0.1364148018	-0.0361194496	-0.04257259854	0.01022227263	-0.02407006711	0.03996038457	0.1028949506	0.0007260526421	-0.02098855471	-0.07703704566	-0.03076320456	-0.04884332265	0.1168675276	-0.02051999587	0.1146080035	-0.02026107833	0.0258958372	0.925019785	0.1557816946	0.5764206207	0.3268692795	0.09507796447	0.2657625458	0.2722014561	0.3098048916	0.2777102014	0.3839471598	-0.0129761175	-0.01759184724	-0.07029559159	-0.03819878556	-0.03628159642	0.06884368272	0.02372357058	-0.00181790259	0.04799584056	0.0369496625	-0.008744269461	0.04374182991	-0.01264770517	0.05584435167	0.03744694265	0.0312184122	0.00906482934	-0.03573186031	-0.03163073439	0.01742576088	-0.01360951596	0.03373384457	-0.02232678597	0.002958319978	0.008008803191	0.0346549229	-0.03753155761	-0.06754337819	-0.04391563769	-0.05823871682	-0.02919534747	-0.05131038623	0.05077093536	0.08031568102	-0.03251956402	-0.02226089182	-0.02362904236	-0.01451298247	0.008427763109	0.04858621548	0.02878057684	-0.0107858974	-0.004310374437	0.08650343144	-0.0224825282	0.0593573719	0.1277084362	0.1409780263	0.1236821842	0.07579674097	-0.07107231601	0.09492641158	-0.0730825121	-0.05625132106	-0.03609097431	-0.08700882781	-0.02599795268	0.04474693987	-0.2247764077	-0.06650541166	-0.004509020893	0.1197188822	-0.009154494912	-0.02006697856	0.06128890273	-0.0138507888	0.1296349902	-0.2017709642	-0.03741549026	0.06710467538
-0.002373012678	0.09182563891	0.004450205265	-0.02130273639	-0.01369911519	-0.03784580605	-0.01679107439	-0.01751174322	0.0601549379	-0.3285489362	-0.302281834	-0.3176900208	-0.2943211651	-0.2537624381	-0.2567322062	-0.3104775067	-0.3218712168	-0.3124262119	-0.2430303488	-0.3152122296	-0.01763348391	-0.04889013443	-0.2532047487	-0.01475012989	-0.01051331524	-0.271041817	-0.2627597383	-0.2666861933	-0.2657349307	-0.02332122828	-0.2590628901	0.008525023292	-0.03862572278	-0.1520737946	-0.06391372344	-0.2661299043	0.02642532175	0.004606224929	0.009189566495	0.002079937722	-0.009055930379	0.01443955642	-0.2998751938	-0.03028857836	-0.2842845532	0.008856627495	0.007512855051	0.02960721458	0.009288467129	-0.05052836086	0.01807304689	-0.01410398354	-0.2727851801	-0.2659737665	-0.2574229541	-0.01372360493	-0.01201678176	-0.02597595195	-0.3048427203	-0.3210355018	-0.2799006863	-0.04397201374	-0.2479644346	-0.01668466507	-0.02780775413	-0.0009120464429	0.04479092098	-0.03468983312	0.03445973031	0.03373506641	0.02846014143	0.02619560988	0.02802035685	0.06929053482	0.06163911699	-0.0134345163	0.1109410072	0.07617325634	0.08299134946	0.01536810515	0.003417332415	0.06167683776	-0.02493348339	0.1084843295	0.07337400252	-0.04693416082	-0.00989215076	0.01786788744	-0.03091633808	0.01805397406	-0.02274549479	0.005009383922	-0.007945701907	0.00686575722	0.02581776978	0.01801950364	-0.01780898409	-0.03124408764	0.04782730508	0.02990735995	0.03370784838	0.1107251164	-0.01303071147	0.0612072532	0.02956273596	-0.05156102989	-0.04094462949	0.114334951	0.02960579773	0.02447140039	0.01282328239	0.03221580622	0.02758390454	0.02554210305	0.03842607	0.07139568868	0.06448134181	0.03032018348	0.06943388784	0.03326300232	-0.04603622765	0.0667429339	0.1567297825	0.1800319597	0.219805724	0.0804508364	-0.292025718	-0.01256301576	-0.04582469218	-0.00640963062	-0.03221707297	-0.04807934694	-0.007759475309	-0.01097358316	0.05223509672	-0.05877624033	0.0935354195	-0.0125498978	-0.01389014053	0.08901052698	0.05666590206	0.07394549651	0.02518625557	0.08943587658	0.0671900173	0.07204997638	0.03009352972	0.0791093462	0.0232475767	0.003108159995	0.06292799113	0.1557816946	0.7396161322	0.3508863382	0.4621407545	0.02787688043	0.3888939919	0.3612601114	0.4204376935	0.3445390812	0.3570093591	0.07879232836	0.1156960903	-0.02242920044	0.03303360384	-0.01363750725	0.1601272895	0.1423985166	0.0630256592	0.1765283884	0.1111544603	0.08006869702	0.09703719949	0.1288214206	0.04064282394	0.005191852652	0.1521112818	0.04310845446	0.0278661788	0.0451141023	-0.002774019023	0.01033937251	0.001460311596	-0.0278134878	0.1494253124	0.006605606634	0.003723096726	0.06583516837	-0.01884131567	-0.01068202349	0.06055389478	0.03646009774	0.02764078527	0.07942908286	0.08571955372	-0.002049096528	0.04900635489	0.0732941432	0.08011038243	0.06399766723	0.114724699	0.08100860322	0.02849689428	0.1408443964	0.0187376231	0.009374336719	-0.007002907675	-0.0258205602	0.0329942762	-0.02499273261	-0.02754612574	-0.02308274227	0.07622174219	-0.01258916661	0.0001616636615	-0.04522058209	-0.01553508683	-0.008400538935	-0.05024445124	-0.2970530193	-0.1546512132	0.1313670359	0.05681899057	0.01309290812	0.002714836005	-0.01173275489	0.02739931753	0.02610622347	-0.2852432511	0.01921862834	0.04383453162
0.004448352961	-0.02132466076	-0.009576464547	-0.05512239465	0.05485890422	-0.03379144274	0.03227595213	0.09685283805	0.01135473272	-0.3146170778	-0.2832763426	-0.2918016072	-0.2837850819	-0.241524182	-0.1802831732	-0.2914987436	-0.302656363	-0.2761716924	-0.2110290182	-0.2910927519	0.05388403972	0.04989290988	-0.2394986422	0.02298545216	0.0420840882	-0.2064457395	-0.2495553734	-0.245521573	-0.2140845319	0.04010893424	-0.2477491132	0.1545656418	0.03568832	-0.1152873981	0.01236245088	-0.2471080421	0.002082428879	-0.005680704197	-0.003668050458	0.01768554366	0.01876723675	1.741314356e-05	-0.2899960143	0.01413895783	-0.2398214672	0.006771519952	0.02267247737	-0.01660938958	0.0366765772	0.08027310738	0.02484919263	0.05770507121	-0.229620544	-0.2420715819	-0.2342643927	0.05212912318	0.03430386157	0.053441511	-0.2742516305	-0.2921802956	-0.2684748402	0.03471020173	-0.2322902026	0.07592554758	0.08491419123	0.04502410968	0.1100534392	-0.04071799277	0.09947781868	0.07519547047	-0.05438945531	-0.01358489389	-0.0123894316	-0.03995872581	0.03937181874	-0.01625410928	0.06968823815	0.09812299982	-0.05186385565	-0.001094334633	0.02509090779	0.02708245313	-0.05723607485	0.06425213593	0.01277624239	-0.05392951815	0.02829802558	0.02606948076	-0.0115502903	0.08357760597	-0.01299898226	0.04859155169	0.07378282152	-0.04630552079	0.05426080469	0.03357923794	-0.01157978898	-0.01587575674	-0.06331245878	0.006091290995	-0.008794736531	-0.05558788877	0.03563529256	0.07757740203	0.09917649062	-0.05733757477	-0.04501456386	0.009674032579	0.0002489104373	0.01113897834	-0.07876989788	0.007552006219	-0.0235638296	0.0001430171162	-0.03253518726	0.02456591737	0.002448027466	-0.02556834572	-0.03348718227	0.03093534734	-0.0003026916072	0.01191796963	0.1075775082	0.07280944331	0.1029703446	0.02971700335	-0.2832045611	-0.0435498895	-0.04579938712	0.05783799235	-0.02472186211	-0.01120239874	-0.0388102099	-0.01823171291	0.001533000046	-0.07906775397	0.05364299583	-0.01144123594	0.009742954675	0.1080364714	0.08715448563	0.02222024393	-0.005079942963	-0.0175565096	-0.006843356004	-0.02893485079	0.09307168183	0.06876948251	0.1023615706	-0.006606670702	0.04195278913	0.5764206207	0.3508863382	0.861550818	0.4298050094	0.1379277175	0.394734096	0.3875329445	0.4470650762	0.3706486555	0.3950832027	0.03998188783	0.07654258678	-0.04549513692	-0.05075455034	-0.03114742282	0.1888137266	0.1208321955	0.0878686742	0.148962004	0.1176564169	0.1508132756	0.07002964921	-0.01609933467	0.1059463413	0.001365673026	0.1296804879	-0.03247537055	-0.06778040655	-0.01127737772	0.06385374142	0.007263227753	-0.06564084506	-0.07090650482	0.1112470677	-0.0267131616	-0.002488497756	-0.01614214655	-0.0816243053	-0.00819540463	-0.03865208209	-0.05427354127	-0.03904026741	0.002330768233	0.01175137825	-0.0615377998	0.01586509941	-0.04305939081	0.02508410959	0.06830572788	0.1422755151	0.1174679091	0.03141330813	0.05157549429	0.01671994321	0.004976037815	0.04440340851	0.0712666182	0.06814904118	0.04393549411	0.06411011061	-0.07610216619	0.09351031492	-0.04105236704	-0.005690808981	-0.08592061144	-0.0424327374	-0.008653208955	-0.001086402739	-0.2625408991	-0.1039259643	0.01203039898	0.05156613821	-0.01431325636	-0.0008832589488	0.0181711436	0.01405885148	0.0978008047	-0.2456696811	-0.04700514131	0.006860561793
0.02965766097	-0.01039724511	-0.05184341974	-0.0337128619	-0.003532702646	-0.04655680551	-0.02691022948	-0.01954955709	0.06058010341	-0.2677744368	-0.2333874271	-0.2446890905	-0.230440337	-0.2107444889	-0.2017225186	-0.2473761326	-0.2547922794	-0.2497838466	-0.2164635686	-0.2459510232	-0.04636908077	-0.06606117554	-0.2663001323	0.01353719195	0.02715832756	-0.199834475	-0.2291796457	-0.2034399892	-0.199265179	0.03367260909	-0.2172451074	0.07777704436	-0.05891495107	-0.1184588071	-0.01209456895	-0.2106088597	-0.05628146809	-0.05131153587	-0.04935707502	-0.01073258547	-0.009839800695	-0.04180771873	-0.241988082	-0.02951179132	-0.2118300938	-0.07487602734	0.03921947549	-0.04266198475	0.02375735526	-0.05426469498	0.03996472161	-0.003721085649	-0.2019489212	-0.2211163683	-0.1912860161	0.04706055249	0.0276398021	-0.07461859746	-0.2297315146	-0.2480376821	-0.2311014934	-0.09320633133	-0.2089110632	0.007809545586	0.04310132607	0.03322799546	0.001914530694	-0.07931474539	-0.03913138098	-0.03789483784	0.005200343447	0.0403261312	0.04195558012	-0.02519943918	0.04094753868	-0.01278876506	0.1181207068	0.1289400831	-0.003977779842	-0.05018061015	-0.0209840569	0.01896064201	-0.08056156248	0.1573157868	0.05004507812	-0.080072024	-0.05013005535	0.00515701986	-0.06073408954	0.08846118016	-0.07076337019	0.05768522528	0.112655432	-0.02419410453	0.0624281102	0.04857573304	0.00140717137	-0.05865269062	-0.04275084447	0.0563409301	-0.03564537531	0.01405260495	-0.0735069087	0.08673710889	0.06566463149	-0.04023101895	-0.0243802665	0.0738088239	-0.003891146338	-0.01152090399	-0.03872062576	-0.03992534132	0.02717959935	0.05221183128	0.001768935232	0.06595536737	0.08105940687	-0.007640804827	-0.03437810348	0.02788976497	-0.02121562657	0.05026316839	0.1576415313	0.1244355381	0.1829835342	0.0287322849	-0.2362695342	-0.06919632865	-0.02924631755	0.06026492955	-0.06714005285	-0.03269272063	0.008583775405	-0.06797394196	0.07615926581	-0.09547811261	0.06352285423	0.004273409603	-0.01577033593	0.1354644544	0.002522801147	0.02625756811	0.008955984315	0.01776490573	-0.03236734518	-0.02994424656	-0.04374107126	0.1166649728	-0.04590332099	-0.01560840371	0.06174201177	0.3268692795	0.4621407545	0.4298050094	0.8302333652	0.03867828535	0.6063211204	0.6639804761	0.723598718	0.5531174594	0.4695924468	0.07325674402	0.06971029133	-0.067372705	-0.007380996484	-0.0158100426	0.2286152144	0.119154346	0.1133281598	0.2144435292	0.1000836658	0.2174510819	0.1459008989	0.04202598475	0.01614072032	0.006557147354	0.1298141991	0.01718516522	-0.06079042798	0.02513124344	0.06664183902	0.04211680225	0.01057505453	-0.03765186175	0.159635359	0.03673589861	0.09059338738	-0.0007512616949	-0.06358236664	-0.01593857613	-0.02423816074	-0.01461421273	-0.03575069524	0.01583704067	0.01815066506	-0.04572348596	-0.01235746986	-0.03873521638	0.02597624605	0.06345707007	0.1342612661	0.1061154495	0.0410492048	0.04438715588	-0.03519095393	0.03389504116	-0.07220755991	0.0287482191	0.03550475453	-0.06239409498	-0.06322069621	-0.06307810358	0.007287769409	-0.06814941771	-0.02193651506	-0.04772622759	-0.06438484965	-0.03701762245	-0.09276511912	-0.2603064101	-0.1235296933	0.07377231334	0.07810337064	-0.05936948829	6.092777626e-05	0.01051435707	-0.01577575257	-0.04107190337	-0.2460141639	-0.06136074126	0.01774037996
-0.03217874058	0.05197272505	0.007668827568	-0.00915641595	-0.02995475814	-0.01690515168	0.1864387394	0.04627557315	0.01388337303	-0.1932022947	-0.230680469	-0.2042234759	-0.200827214	-0.09682394823	-0.1027695475	-0.2033364875	-0.2298821053	-0.1651635269	-0.1127724066	-0.2534423971	0.145780998	0.1244827218	-0.1286850637	0.06443695718	0.1027430133	-0.1373397364	-0.1320499348	-0.09970884495	-0.125241203	0.1112974486	-0.1595971983	0.06622596958	0.1210696812	-0.04240148515	0.1224774948	-0.1207547949	0.02537660066	0.01935283597	0.01766443046	0.07561455136	0.1374343102	0.00695556603	-0.2099323936	0.08211547109	-0.1299508321	0.06218518524	0.1239003021	0.1429631306	0.08412322667	0.1132429242	0.1082526206	0.1008612979	-0.1209229043	-0.09876034956	-0.1281676742	0.1196647895	0.1033764988	0.1144771095	-0.1789086731	-0.187135692	-0.1988130833	0.04371139617	-0.09298063205	0.05328062477	0.1023012233	0.1174342394	0.12909504	0.05419455738	0.02991062258	-0.00596901049	-0.0006073814117	0.04367772795	0.04367859903	-0.0317805398	0.006843883397	-0.01246580219	0.02632235005	0.03951111059	-0.005571625524	0.01332458066	0.002480543691	-0.00187123868	-0.0433676592	0.01459007244	-0.02066694447	-0.06148843665	-0.02041044571	-0.01169029497	-0.05461426079	0.01680266984	-0.03536970463	-0.03439745834	-0.003240246998	-0.009052398578	-0.005785078863	-0.05095933308	-0.06500460894	-0.06479964986	-0.02845430926	0.02529249	-0.06795257439	-0.006003350424	0.03383266475	0.06840100202	0.01164748323	-0.04795267417	-0.05320002932	0.02763285462	0.04799444347	-0.02997050398	-0.02048981015	-0.005500691862	0.02849495615	-0.01870285668	-0.01746919792	-0.00676729151	-0.03467696855	-0.01943158039	-0.01609545691	-0.03509497259	-0.0677773551	-0.003744011657	0.04791997624	0.06046213969	0.05323444516	0.009308734129	-0.2070221104	-0.001149586836	-0.05485279664	-0.02395968173	-0.06981849889	-0.06034484301	-0.05711349012	-0.0367439648	-0.03579329402	-0.07741057552	0.0506262567	-0.0639274673	-0.03857048396	0.07410531161	0.02974586565	-0.01088083563	-0.02336075941	-0.00137738296	-0.03082403366	-0.02882460333	0.0004170035939	0.008426016273	0.02627409384	-0.02590563393	0.04079046322	0.09507796447	0.02787688043	0.1379277175	0.03867828535	0.7719216545	0.09558700298	0.07582775209	0.02781902416	0.08326320517	0.0404262413	0.02851048291	0.07286811673	-0.02917446784	-0.02694827943	-0.03319253948	0.02052765788	0.02463080852	0.02675807437	0.01445186615	0.009448695573	0.02199190299	0.0506486189	-0.003880373893	0.4036012802	-0.002974080148	0.01158226802	-0.04873707644	-0.0450830806	-0.007803819854	-0.01540244714	-0.01037022143	-0.03939168813	-0.03253393327	0.03410849151	-0.04314661398	-0.01500246233	-0.01602943924	-0.02874971543	-0.02138733984	-0.03378517339	-0.01598337895	-2.596979906e-05	-0.02171539214	-0.02444982408	-0.0243672339	0.03173306506	0.005349436201	0.03152421527	0.05114673517	0.11141368	0.08624235976	-0.01446650275	0.02091560985	0.1216843473	-0.01375190128	0.05749406689	0.07861748364	0.0787135374	0.1373264434	0.07352268683	-0.02652824226	0.01189767995	-0.0487577788	-0.02488686572	-0.03834440217	-0.09226417154	-0.01869040218	0.1031337115	-0.1441230275	-0.04588703418	0.01869021471	0.03710715304	-0.006682433748	-0.008181585702	0.1488453769	0.01419104465	0.1483570171	-0.1704987406	-0.02290998	-0.01046682168
0.009889844262	0.02481932399	-0.07309772941	-0.05533061039	-0.02676401712	-0.03448003958	-0.05558044131	-0.04812867687	0.02784640084	-0.2582314965	-0.223807037	-0.2347855151	-0.2458715705	-0.1696987996	-0.1628580289	-0.2740443642	-0.2451296797	-0.2306583564	-0.1580896645	-0.2768690845	-0.006082229953	-0.01628982905	-0.2315350527	0.08452754022	0.09417621971	-0.1838524334	-0.2103716562	-0.1552489873	-0.1698021991	0.1054389177	-0.1863035499	0.09948779674	-0.0174945064	-0.1364603924	0.02649602093	-0.1949917423	-0.06580145399	-0.07360659646	-0.06958087746	-0.02598449151	-0.003397988338	-0.06333759366	-0.2267530969	-0.003098079128	-0.2031966222	-0.06028945462	0.05463804533	-0.01482567513	0.03388379607	-0.0316432306	0.08875440452	0.03363695293	-0.1811996142	-0.1919000698	-0.2007482857	0.1177793749	0.09914037889	-0.03779224701	-0.2145201318	-0.2339474389	-0.2460573944	-0.06127428705	-0.1682558031	0.0207023912	0.04662746401	0.07268269683	0.04044871099	0.01557731493	-0.05782242796	-0.05798183402	0.02270608551	0.08095994843	0.08103723909	-0.03196711424	0.0309927039	-0.02142484017	0.1825186754	0.1337304437	-0.02858470215	-0.08034358748	0.03813612993	0.06531623423	-0.09270685873	0.1265124937	0.05554608697	-0.09277776254	-0.04349800519	-0.004053975757	-0.0862547317	0.1785629644	-0.08859879177	0.01525040742	0.06664473257	-0.03636138986	0.0701126294	0.01168547085	-0.04371863438	-0.08867481683	-0.06213603926	0.05807303819	-0.0824806006	-0.03516381221	-0.05740236188	0.08537171141	0.05373509236	0.0005741134293	-0.03286950719	0.05770063133	0.02864199687	-0.07486732443	-0.07500532247	-0.08012207553	-0.01056878002	0.02873390726	-0.01748151112	0.04307573192	0.05221396888	-0.01015536681	-0.04209597144	-0.01804873489	-0.04725383751	0.1128230406	0.1822856522	0.2125363919	0.183531324	0.06370632017	-0.2229434703	-0.06529294276	-0.04244084743	0.04295479337	-0.08973207904	-0.05611913523	-0.0003648669783	-0.06202756746	0.09275639306	-0.1351472432	0.0002199173174	-0.04076681454	-0.01168088128	0.1183032858	-0.002192864219	0.02459668	-0.003712956502	0.00156659749	-0.04251987816	-0.03974956755	-0.06885382055	0.09508469808	-0.05565739987	-0.04361653433	0.02566363973	0.2657625458	0.3888939919	0.394734096	0.6063211204	0.09558700298	0.8960631399	0.6840311859	0.6182625945	0.427070902	0.4310970435	0.05577769796	0.1135525056	-0.08280872064	-0.044238265	-0.04281428326	0.1302969916	0.06538638084	0.1553372853	0.08755300213	0.03395580983	0.2089610404	0.1373016409	0.002430513006	0.07494898032	0.02385427248	0.07102090034	-0.04304059584	-0.1048969586	0.03627565143	0.06663561981	0.03434195195	-0.01729506278	-0.06935987468	0.1182440706	0.0474700972	0.07432563076	-0.006633657149	-0.07530170623	-0.02225144628	-0.05843879909	-0.04156215088	-0.008547813812	0.04951953395	0.0405552757	-0.006697548793	0.07019084917	-0.06076899671	0.1041637752	0.1018067065	0.1885624821	0.1614617492	-0.006845499576	0.01319911244	-0.03248524114	0.008107025668	-0.00331046285	0.06309120617	-0.01924059253	-0.01694561222	-0.02826329822	-0.08005963066	0.02525516202	-0.079331532	0.02644737929	-0.0817738791	-0.0889055608	-0.02577883444	-0.04531941217	-0.2402494057	-0.1434335602	0.04737622391	0.08869256851	-0.08318575323	0.003534395475	0.04132495239	-0.01393897662	-0.05775937092	-0.2418118349	-0.1084526764	0.02485789422
-0.06265307768	-0.05250266228	-0.1082733829	-0.1276983588	-0.06812967725	-0.002689296104	-0.09293282522	-0.1126956652	-0.02073140984	-0.1307469637	-0.09748661513	-0.1064561352	-0.1249802173	-0.08140051467	-0.06954271935	-0.1504098607	-0.1080566728	-0.1002184831	-0.06713282268	-0.1473857145	-0.02967836569	-0.05331222554	-0.1362950131	0.1160623983	0.1178568789	-0.09455732995	-0.1132516698	-0.06465862472	-0.07308542095	0.121104236	-0.1032283458	0.1202270204	-0.04457139327	-0.00665684778	0.01183585955	-0.1024462885	-0.1217623077	-0.1454609211	-0.1427616316	-0.07255544502	-0.01272598498	-0.13700391	-0.09691346903	0.08988643339	-0.09444565401	-0.06391903397	0.05697775605	-0.02964391758	0.1007788826	-0.02712262014	0.1164358914	0.01431900658	-0.08650263184	-0.09860026767	-0.1045014882	0.1325139548	0.1117256404	-0.05035249943	-0.08485419069	-0.09399353082	-0.1120566768	-0.06398708806	-0.07428243238	0.014937307	0.03319267437	0.05930254042	-0.02278036797	-0.05732830711	-0.1231647941	-0.1326217307	-0.07458308389	0.003136584305	0.005377646433	-0.08693981267	-0.002128833391	-0.07381175607	0.1774420129	0.1147531719	-0.07935987744	-0.1369428708	0.02290355481	0.04331577655	-0.1212696646	0.07116985591	-0.005189839323	-0.1194706428	-0.03777408777	-0.01492005622	-0.09431892857	0.1397767868	-0.06422564834	-0.009099787102	0.03949405723	-0.1143413844	0.06189240872	-0.009089191101	-0.05329294341	-0.08174480593	-0.1093391539	0.01305526135	-0.09398598611	-0.09308865147	-0.0911890348	0.07559543465	0.0689373837	-0.02223669144	-0.08287248229	-0.009667581439	0.02523173085	-0.05572803537	-0.1231123298	-0.1303265232	-0.05352429107	-0.005140762348	-0.08583588735	-0.02283835512	0.02504473896	0.03035912835	-0.04311041725	-0.02623486602	-0.04171767077	0.1090797464	0.1443090837	0.231016611	0.216895239	0.002681258361	-0.09599484356	-0.01332357415	-0.09762434017	-0.004541434536	-0.08444086161	-0.06436239876	-0.05276970391	-0.06831404036	0.02587356639	-0.1455024723	0.04078380107	-0.05077148552	-0.02574245452	0.1217539329	-0.03365226701	-0.004477440138	-0.005996019185	0.01355501637	-0.03762388551	-0.03549301522	-0.128878274	0.05941736482	-0.09167188395	-0.027540733	0.01163911183	0.2722014561	0.3612601114	0.3875329445	0.6639804761	0.07582775209	0.6840311859	1.085653868	0.7260465825	0.5730957867	0.5569283044	-0.01795464994	0.1243588383	-0.1293955363	-0.1123284999	-0.06275432377	0.3711892012	0.1073075526	0.1357994421	0.2323731445	0.112511933	0.4205346148	0.1549925702	-0.05431645838	0.04397593447	-0.02539605197	0.1176490535	-0.02836731852	-0.1017727457	-0.04333260199	0.06283632046	0.005110334645	-0.0715815552	-0.1185115579	0.066505776	0.06672092652	0.08498076271	-0.09448028838	-0.07027829705	-0.07179758905	-0.06575155418	-0.1074578203	-0.06087897401	-0.0243741353	-0.02878949158	-0.07105176916	0.03380355353	-0.09691699225	0.05739950184	0.0642415042	0.1403669241	0.1298022083	0.005462567109	-0.02090585389	-0.05862016723	-0.04140480215	-0.07367602821	0.07356234516	-0.02995797896	-0.03275801812	-0.04405076938	-0.0701185157	-0.06692989206	-0.1240747807	0.02820849206	-0.1294140514	-0.1338400709	-0.03693965548	-0.07304551425	-0.1023186928	-0.03175303787	-0.004664723024	0.05282068813	-0.1446049706	-0.06572797211	0.06940480352	-0.08103916545	-0.08094732859	-0.1110242971	-0.1404787775	-0.06396237069
0.01832910063	-0.03518592243	-0.05621751399	-0.06021800495	-0.03479451382	0.01000411555	-0.03797949641	-0.04806568937	0.05584770972	-0.2573010878	-0.2251551032	-0.2327980682	-0.2200368389	-0.2048347598	-0.1905041193	-0.2344832399	-0.2411740653	-0.2099043148	-0.1925403251	-0.2332464368	-0.06389975636	-0.0799333138	-0.2583761341	0.01451523746	0.02843979721	-0.1807562871	-0.2071730705	-0.1847926448	-0.1876769728	0.0299398664	-0.2193331839	0.06870587468	-0.08478839595	-0.09542661294	-0.02878784662	-0.1838798828	-0.07111209113	-0.08040203203	-0.07727670775	-0.02352173988	-0.03314934632	-0.07571433135	-0.2016405209	0.01784449793	-0.1724186425	-0.07605864253	0.03085476987	-0.02963295879	0.01463661106	-0.06488061617	0.01789869166	-0.03573763881	-0.1595592657	-0.2128321741	-0.1817252969	0.04104954356	0.02216225545	-0.0748957548	-0.1880234308	-0.1954207321	-0.1893723006	-0.1063740498	-0.1996157137	-0.000337777139	0.02552778811	0.003278243704	0.06582741957	-0.0890117868	-0.06599644031	-0.06193630307	-0.02376681977	0.001180837313	0.002633886787	-0.02275140063	0.04619698653	-0.01589526097	0.1673147317	0.1137070848	-0.01916543302	-0.06958588502	0.01588295719	0.05753891374	-0.08332004536	0.164594558	0.06044407741	-0.07026518253	-0.02460093346	0.01561686492	-0.04561622921	0.1012249115	-0.05568232989	0.05862414522	0.1009928034	-0.05217979279	0.05259352295	0.03675880717	0.0009222504141	-0.04420742157	-0.06363434378	0.01160184886	-0.04040444699	-0.01608389343	-0.08293683999	0.06480122153	0.06616111789	-0.05098693602	-0.04194936626	0.08394609378	-0.0324121739	0.008576789448	-0.08084602649	-0.06603601187	0.008231138188	0.05001087743	-0.02333788591	0.02350941099	0.0568899248	0.08718815938	0.01673543777	0.02852323138	-0.003507289484	0.1615869937	0.1545028742	0.1197952902	0.1630011048	0.03610991971	-0.1995933537	0.01384029548	-0.0538909762	0.04738594361	-0.0782333823	-0.01838899004	-0.02315198382	-0.02984071201	0.03946253819	-0.09528702696	0.0383349077	0.003700114596	-0.002510733188	0.1742966271	0.005732310611	0.03416112445	0.002702430953	0.07247649804	0.01792285109	0.02026031224	-0.07213672269	0.1216512057	-0.0464053147	-0.02185056517	0.05753373575	0.3098048916	0.4204376935	0.4470650762	0.723598718	0.02781902416	0.6182625945	0.7260465825	0.9255059773	0.5181742594	0.4884916425	0.03693573646	0.07290827878	-0.07269821254	-0.04149822482	-0.03604860362	0.2512126007	0.09523079071	0.08499538974	0.1840993794	0.08240816521	0.2591315613	0.1388552933	0.007599637396	0.006957864855	-0.03205570725	0.1045615581	-0.02849675172	-0.02086775436	0.02722943329	0.08500745716	0.05371705767	-0.02585871486	-0.06907768885	0.1923748485	0.1255994997	0.1314433629	-0.02129518779	-0.015386677	-0.001034038092	-0.03522982287	-0.04481095222	-0.0716529748	-0.03576336811	-0.0321895359	-0.08606174157	-0.02234021606	-0.0466449325	-0.002759091927	0.05033773584	0.1303469614	0.09338000449	0.05345468506	0.04100004045	-0.05524557774	0.0259721247	-0.09995880079	0.03739209057	0.0001444777728	-0.07709145626	-0.07331016367	-0.01412864754	-0.01703911602	-0.05428639598	-0.0140670846	-0.07919134372	-0.05979016088	-0.04182107444	-0.1176666214	-0.2534438024	-0.1168029914	0.08235880916	0.07206709607	-0.06810011746	-0.002201498349	0.01750539439	-0.02011992211	-0.06540883096	-0.233199329	-0.03571275794	0.06557250883
-0.02188078584	-0.02275774961	-0.04909874387	-0.04469064413	-0.03669059001	-0.04527324026	-0.0372585951	-0.007901958026	0.02471802492	-0.2339996974	-0.2024767547	-0.2117782017	-0.2064955361	-0.2021894167	-0.17243662	-0.2190975187	-0.226030152	-0.2173678126	-0.1610647409	-0.2178055748	0.005234615189	-0.03706728733	-0.1998526106	0.009395824941	0.01651723692	-0.1888831963	-0.2136333097	-0.2037972375	-0.1796949208	0.02427221475	-0.2077989318	0.05925935587	-0.008028370885	-0.05691151251	-0.03259452769	-0.1986109732	-0.04801659024	-0.05305511113	-0.05575348376	-0.05714216055	-0.040417131	-0.06225449529	-0.2055935137	0.03205295658	-0.2029939787	-0.04582535204	0.0107875276	0.006233383234	0.0768745165	-0.02338910441	0.01464692007	0.04265278628	-0.1889048391	-0.2007086876	-0.1929745946	0.03742440822	0.02203836041	-0.03884888888	-0.1950250136	-0.2146734659	-0.1956401039	-0.06650539046	-0.1933374548	-0.01854587587	0.01228726055	0.07908092383	0.002824201517	-0.07364042068	-0.04303320746	-0.03384150166	0.005518957459	0.008688409814	0.009558281593	-0.04662549802	0.02503277721	-0.02993913254	0.137849469	0.1370771765	-0.0203726043	-0.05354436827	0.03482946898	0.01756125872	-0.07344888307	0.07131035616	0.04561327567	-0.06744152135	0.004649440224	0.009684700251	-0.0549580068	0.1036148283	-0.0301722283	0.0490703506	0.09280312918	-0.03773089996	0.05568510655	0.04045840504	0.007695282814	-0.04106106966	-0.04492583619	0.0926880287	-0.04708171229	0.003289103348	-0.04227527142	0.1205841726	0.01013200771	-0.006023218462	-0.01116819748	0.05173077065	0.01863676225	-0.002652772577	-0.05492423506	-0.04567542143	-0.006914931043	0.02316433907	-0.003541706649	0.05256681158	0.07511640123	0.02794297665	-0.04085732982	0.02406222409	-0.01215755139	0.08477556392	0.09413645995	0.1353003935	0.1343741333	0.02349840266	-0.1998044004	-0.005782395756	-0.01922485566	0.07222133685	-0.04569064861	-0.01586388457	-0.01528284577	-0.03299944578	0.02094882268	-0.06732332338	0.08002538678	0.01071987617	-0.01222365058	0.08532854346	-0.01591945794	0.008448866203	0.02524943431	-0.0165548411	-0.04858995325	-0.0397629464	-0.04145466064	0.07055879674	-0.04993012875	0.002339558396	0.042624413	0.2777102014	0.3445390812	0.3706486555	0.5531174594	0.08326320517	0.427070902	0.5730957867	0.5181742594	0.812929008	0.3535116201	0.06545175142	0.08885953521	-0.06237679481	-0.01439267904	0.004884328701	0.227533401	0.08666256716	0.06890756666	0.2262480482	0.06454356187	0.2039757501	0.1052433569	0.007882672544	0.04234034867	0.06892031544	0.1000738919	-0.005337101933	-0.07055491115	0.04419437555	0.06099875707	0.01558130843	-0.04074721058	-0.03720282486	0.129633024	0.008909231384	0.04776797525	-0.006809007797	-0.08045226567	-0.01861307782	-0.026564388	-0.0308955399	-0.01154618761	0.0428936976	0.031455094	-0.02243886998	0.004936224136	-0.03425697396	0.03837247856	0.04412346203	0.1164181529	0.09670335588	0.02427382105	0.02363933212	-0.01774933407	0.007898734016	-0.06186033504	0.0358429449	0.006781599342	-0.007093015207	-0.03383782589	-0.08407673819	0.01260808641	-0.08061352039	0.009285237856	-0.04220456299	-0.05010998152	-0.008350363972	-0.03850677576	-0.1800304186	-0.06261042365	0.06366919692	0.08825165593	-0.0623228669	-0.009920111464	0.01925782181	-0.01086805201	-0.01872821733	-0.1703507832	-0.06509710841	0.007158059532
0.01540480954	-0.05715356728	-0.04874153907	-0.09492905759	-0.02590652091	-0.07704727908	-0.0475667849	-0.03775977451	-0.009121033181	-0.1974939161	-0.1823737177	-0.1829020215	-0.1695069857	-0.1217349534	-0.100492524	-0.1942269057	-0.1862373969	-0.1878273721	-0.1583939663	-0.1901952326	-0.02259952159	-0.01225914653	-0.1660956746	0.03913644736	0.0408086977	-0.09974860773	-0.126694396	-0.1299656174	-0.1071803092	0.05396898875	-0.1414243517	0.02290302081	-0.01132261054	-0.03057381418	0.04281071345	-0.1235324341	-0.06293697261	-0.08143370479	-0.07803816325	-0.01020188572	-0.0004237090352	-0.06632867111	-0.1459962064	0.08274755121	-0.1204731754	-0.03462756337	0.0875845941	-0.04442721697	0.01780615897	-0.01573253779	0.05530184026	0.09873950032	-0.1105103	-0.1311268506	-0.1130545837	0.06592684686	0.04218062229	-0.01533588778	-0.1284012042	-0.164961716	-0.1266882364	-0.04202364845	-0.1191493721	0.05499042311	0.0659610618	0.1221480914	-0.0295094177	-0.06877125023	-0.04770155054	-0.07408292386	-0.06879790752	-0.02806254833	-0.02651402697	-0.06117966659	0.002901974316	-0.06516007352	0.09417349885	0.0558026104	-0.06506453642	-0.07140260811	-0.003490534905	0.04499357369	-0.08459671433	0.1135676433	0.002595752372	-0.08811858661	0.04508925503	0.03659906892	-0.0293949482	0.07460945574	0.004654889917	0.03361308919	0.06699089292	-0.07182458808	0.06229542484	0.04264475295	-0.00629552129	-0.03842831396	-0.04766309772	-0.09245608092	-0.05211335094	-0.04230012511	-0.05037553109	0.04225363001	0.07922781771	-0.0654698849	-0.06126152851	-0.03538577156	-0.003521696173	0.001142082472	-0.08756704306	-0.05867756724	-0.03241575728	-0.01484557415	-0.03925546986	-0.06343214416	-0.003080617102	-0.02008382712	-0.03696721798	0.05755332787	-0.01929328419	-0.05536782417	0.01868078089	0.07642279216	0.1020195798	0.09812775652	-0.1426378819	-0.1111725365	-0.07090130307	0.0005235901392	-0.05475679679	-0.03955920775	-0.0063694362	-0.01169515785	0.08623360227	-0.1005623856	0.09923516067	-0.006123047424	-0.000815824226	0.08444256154	0.002590157945	0.05389322651	-0.004644899767	-0.01928064731	-0.02366505326	-0.01839015131	-0.07106928669	0.06010973527	-0.03905339773	-0.009744927374	0.01101707552	0.3839471598	0.3570093591	0.3950832027	0.4695924468	0.0404262413	0.4310970435	0.5569283044	0.4884916425	0.3535116201	1.017926496	-0.01440429073	0.0574942859	-0.08710864113	-0.07253038565	-0.03707321123	0.2915858982	0.1606668967	0.1104724363	0.2128256981	0.1595718228	0.2629486112	0.1501465967	-0.006658752394	0.01047895373	-0.07816423648	0.1708071424	0.0144522647	-0.07471547227	0.000619915587	0.04204782881	0.03188897879	-0.02513441267	-0.08171957725	0.05999801086	0.0767385744	0.095629003	-0.03738813007	-0.1161370163	-0.04794655515	-0.02176519032	-0.04539624581	-0.07406171833	0.04717287322	0.02599166371	-0.06128121429	-0.07489096484	-0.06886865942	-0.03824186277	0.02701352981	0.1072831847	0.09572432707	7.115509332e-06	0.02147046451	0.06147853351	-0.06051760135	-0.07353749828	0.1353843487	0.06748612649	0.004080675505	-0.01048031769	-0.1136836061	-0.03427066329	-0.05724954948	-0.01990788011	-0.1074711529	-0.05826640967	-0.0489066289	-0.03915470057	-0.181608658	-0.006773344927	-0.04178664381	0.05217584914	-0.06127162449	-0.04782818406	0.08724547372	-0.0334474104	0.000315419544	-0.1286679444	-0.08905949192	0.07298538928
0.02100951966	0.1307580939	-0.01290745734	0.1041116611	0.06259281336	0.08547424902	0.1057995256	0.06815501371	0.1444155913	-0.3298440825	-0.3098301863	-0.3179255391	-0.3024420812	-0.2858425029	-0.2758070349	-0.3117964274	-0.3311597341	-0.3227505024	-0.264740216	-0.3240427161	-0.01679028371	-0.05745629857	-0.282843811	-0.03934379677	-0.01293649955	-0.3021653128	-0.2937107523	-0.28412728	-0.2991304356	-0.02895565252	-0.284821865	-0.002366142518	0.03697815551	-0.1690338635	-0.0091040118	-0.2782738655	0.1085359522	0.1104409017	0.1261628949	0.05879139391	0.03165462215	0.1090154857	-0.3011380939	-0.02738750101	-0.3026746057	0.08821201288	-0.03897317403	0.04047123912	-0.04224067336	-0.02256670321	-0.03888287194	-0.0381876526	-0.3084699272	-0.281891428	-0.2668902244	-0.03197637094	-0.01694258234	0.0241956516	-0.3219070495	-0.325897889	-0.2686607693	0.02503604757	-0.2810319335	-0.01801841405	-0.04262350487	-0.00671602071	0.09644851693	0.1331304337	0.07581016134	0.07286264878	0.03171025952	0.02400651278	0.02095713307	0.02348890116	0.02798805196	0.04046028231	0.2369138999	0.09031788909	0.05687823271	0.1255701969	0.08647325005	0.04418315626	-0.00744861116	0.1714041737	0.1281745486	-0.01147508316	0.0100289538	0.0525193708	-0.006017284727	0.1065549537	-0.008108594756	0.02577043864	0.01130494377	0.08284941965	0.02026644761	0.04112574399	0.03715836148	-0.01997215507	0.01246889651	0.03004173621	-0.0001600882063	0.06925780771	0.132903452	0.05262646828	0.2549199943	-0.004525928106	0.08738871336	0.09858689734	0.0875435888	0.01754135943	0.04989914314	0.1194849642	0.04100667872	0.08439990868	0.07864362015	0.05332789953	0.09744892308	0.0351604647	0.01670495007	0.02515216636	0.02387796613	0.1383781937	0.03439906091	0.04268160609	0.04825450607	0.03520721832	-0.2941174913	-0.03818256414	0.08129950573	0.1261727519	-0.001665751037	0.02847313651	0.005238810799	-0.008650382087	0.02992224754	-0.05220204072	0.04660404317	0.03524932973	-0.02066590718	0.1654505501	0.09772533653	0.04482643848	0.05858325824	0.09084071425	0.004506529186	0.01104532465	0.06632942221	0.07693246742	0.05965497345	0.03050584069	0.05822274889	-0.0129761175	0.07879232836	0.03998188783	0.07325674402	0.02851048291	0.05577769796	-0.01795464994	0.03693573646	0.06545175142	-0.01440429073	0.7136869498	-0.04031012464	0.01065045536	0.03921291872	0.0189471892	-0.07028636933	0.0173287941	0.04985880038	0.05243693804	0.007665470994	0.006907853821	0.1026903218	0.06968649759	-0.008714007837	-0.002428080533	0.02287702974	-0.008821659636	-0.02942863514	0.1317608295	0.09797678853	0.06966318826	-0.0289165967	-0.008915798432	0.137452394	0.09678151176	0.02748565938	0.0527006763	0.05273452097	0.04317193356	-0.020125323	0.05843007593	0.09167281575	0.03500926909	-0.006366563444	0.002026297695	0.07315141701	0.01893318207	0.09401563296	0.03436266808	0.08511972763	0.07717093658	0.01810011785	0.0454360058	0.07071486613	0.09013505215	0.1028977808	0.04723600262	0.02615098379	-0.07299379674	0.01041005004	0.07339620446	0.1141784232	-0.002999705802	0.05804880238	0.008036960584	0.01009255096	0.02165216736	0.0243272019	-0.3215891568	-0.1669854429	0.08135809102	0.08448411793	0.1088556029	0.02378745985	-0.04012628769	0.1213634751	0.07768682669	-0.2973676436	0.04813243245	0.1003140034
-0.04752911454	0.07561245411	-0.01038593103	-0.1201440496	-0.0948705379	-0.05058166658	-0.06318566046	0.002520315187	0.04255826557	-0.1619116448	-0.2304533265	-0.1996031837	-0.1882678676	-0.1274108853	-0.1117778848	-0.173256484	-0.1846976504	-0.1736804019	-0.1081626153	-0.1802137542	0.02736503611	0.07848530702	-0.1157373456	0.1473706131	0.1045229429	-0.1082343389	-0.1099697969	-0.1432979983	-0.08360847857	0.1255309804	-0.1369218389	0.1438975901	-0.03553166836	-0.0440735137	0.03617807818	-0.1493044321	-0.114504098	-0.1207454004	-0.12062451	-0.09800951603	-0.04101704611	-0.09905488328	-0.1018140451	0.0942422518	-0.09405319425	-0.05662655023	0.03118524145	0.03597145521	0.1080603377	-0.003781040143	0.06986729887	0.07658099276	-0.1332758674	-0.1255515295	-0.1224291544	0.1205962945	0.08867277208	-0.01957425592	-0.07737572249	-0.1056495341	-0.1329771295	0.009475872819	-0.1336613871	-0.03749631744	0.001253980006	0.01224343741	0.02802645664	0.02336728939	-0.08104655556	-0.1083315521	0.02826659765	-0.00640849963	-0.004026499338	0.1028834281	0.04078754369	-0.0527362987	0.04810117906	0.1533640392	-0.07312067424	-0.09984575377	0.09200879829	0.06320426108	0.03329795447	-0.04036865346	-0.03692152251	0.03120422295	0.1231641638	0.006282475584	0.01676040854	0.1487378236	0.1541422509	0.01205136751	-0.03053371875	-0.1156069225	-0.007664571441	-0.002823524277	-0.0629546822	-0.02232452563	0.01968756265	0.04855030519	-0.03589373143	0.05997375581	-0.01684867137	0.02648613728	-0.001491418426	-0.01335189727	-0.01987922561	0.008422226969	0.00845526466	0.04565853978	-0.08359236174	-0.08930037672	-0.04132807845	-0.0257040315	-0.06134861337	0.005069594169	0.02086900416	-0.05330915147	-0.03582438226	-0.03833184011	-0.02830954587	0.005328479707	0.09439876932	0.17328258	0.1068222712	-0.003942980721	-0.1014238081	0.04717903381	-0.02679572724	0.01363761609	0.08094966794	-0.06430120235	-0.07925454454	-0.00193622904	-0.05262746845	-0.0007647945664	0.2680097394	-0.06285572598	0.06681358043	0.06199546231	0.009138393357	-0.01976738066	-0.005857694189	-0.06387284159	-0.08308645073	-0.03215702347	-0.1061139929	-0.02008490083	-0.05107741905	-0.002950828189	0.04455859048	-0.01759184724	0.1156960903	0.07654258678	0.06971029133	0.07286811673	0.1135525056	0.1243588383	0.07290827878	0.08885953521	0.0574942859	-0.04031012464	0.9839802331	-0.07842642959	-0.09821724619	-0.04018694369	0.3821027032	0.1992725316	0.203742668	0.1483512072	0.2468183881	0.1589323762	0.075581864	0.03570238109	0.08589190706	0.01495549379	0.2227281444	0.1157716735	0.09307182647	-0.05154171839	0.05370820349	-0.01744608266	0.04750972219	-0.0002079162973	0.08515138499	-0.07725930534	-0.01238982422	-0.03829877414	-0.1160438313	-0.05145097242	0.1560740658	-0.0607578165	0.1149556835	0.005481594107	-0.02944379826	0.01724339297	0.01859347855	0.03907988181	0.02282896512	-0.05229398969	0.07041042167	0.05094183269	0.04876205326	-0.002026496479	-0.05766510648	0.02158044504	-0.06797494667	0.01550769306	-0.04767994295	-0.007220288333	-0.002918904594	-0.1114882152	-0.07241792036	0.1614939835	0.08712855163	-0.05085805198	0.01500654623	0.03023100302	0.05591169536	-0.1835714347	-0.0454091408	0.08394658439	0.06365391393	-0.02057096913	-0.08139452015	0.08791451417	-0.02022105315	-0.09423969425	-0.1605667601	-0.02761180043	-0.07030447958
0.195044878	0.04152252951	0.120762788	0.09418530482	0.01342987649	0.05900570491	0.07476924663	0.05781668896	0.1367180269	-0.3535582013	-0.3376500933	-0.3409022186	-0.3218078669	-0.3113861906	-0.3226497512	-0.3192254261	-0.3505758775	-0.344784023	-0.3153440606	-0.3269453212	-0.07274554241	-0.08422696795	-0.3052859812	-0.1047702612	-0.09344726218	-0.3257937689	-0.3174938628	-0.3244779534	-0.3168480975	-0.09002751106	-0.3215286322	-0.09694776624	-0.04398271143	-0.2249356377	-0.1065773859	-0.3161595821	0.07153330499	0.1076608762	0.09396525686	0.03375426097	-0.01468009273	0.04764967319	-0.3669859585	-0.08973757442	-0.3296005745	-0.02607580163	-0.049683055	-0.05270269084	-0.1011406748	-0.07866494279	-0.07123041498	-0.07659518805	-0.3276257781	-0.3088701833	-0.3022903371	-0.09292694762	-0.0893894779	-0.06948945554	-0.3752683363	-0.3647013486	-0.3644923509	-0.06505890532	-0.3200616039	-0.06239318554	-0.06607813843	-0.06245256928	0.0170664949	-0.02360636123	0.05133482095	0.05684795056	0.08085050188	0.03617506166	0.03686243706	0.1231700986	0.1096594981	0.270109263	-0.01548569646	-0.02467011451	0.1011782281	0.0955094578	0.1913037576	0.1418368975	0.3293792513	0.01764365309	0.139600113	0.3428578149	0.105690952	0.0558901768	0.1549780739	-0.04474087583	0.2124747559	0.05782544839	-0.01567592746	0.1050399484	0.03068959379	0.06990000277	0.06849145804	0.3060464552	0.1324246168	0.01173742792	0.2895763805	0.0774934981	0.04078562569	-0.0149147815	0.03501951612	0.205843826	0.09049467914	0.0569418489	-0.01015758927	0.06398188858	0.2750080009	0.05755416357	0.05588598516	0.2247086692	0.3514538891	0.1272062327	0.04179920716	0.1145022762	0.1123427636	0.04814747035	0.1219781002	0.021589501	-0.01391526715	-0.1344941639	-0.0472057704	0.010391919	-0.3562998902	0.0630643085	0.09485375024	0.04383588008	0.3019623838	0.08420067012	0.2888568694	0.285717415	0.03224732324	0.04460440395	-0.03553521635	0.05230052834	0.0769517421	0.01651084947	0.0300519455	0.1129719533	0.2606049878	0.07337203952	0.1133390928	0.1049104786	0.06566680255	0.1177979557	0.06530502332	0.2768661377	0.02957433028	-0.07029559159	-0.02242920044	-0.04549513692	-0.067372705	-0.02917446784	-0.08280872064	-0.1293955363	-0.07269821254	-0.06237679481	-0.08710864113	0.01065045536	-0.07842642959	0.4693025648	0.1013940195	0.1499107917	-0.1218273177	-0.06244206616	-0.1018585966	-0.0627374564	-0.06537369973	-0.0918600406	0.07157209407	0.06003901893	-0.002741476772	-0.00509680693	-0.06981593818	0.007451763102	0.04360273572	0.1050435163	-0.00354739815	0.1171769005	0.03702644338	0.04648372117	-0.01939513404	0.06248059534	0.06801603766	0.1347330473	0.1619058525	0.244614443	0.1912321749	0.09933413806	-0.003503596624	0.02195760743	0.04957468081	0.06018281532	0.05352244094	0.08656027251	-0.01007137076	0.1132777922	0.04180216171	0.04241900173	0.07302484757	0.08967944888	0.02256041833	0.0226520849	0.0197730033	-0.02911761305	-0.0222341877	-0.04462579232	-0.07948527344	0.1396279294	0.07192341766	0.1576650783	0.146112659	0.0833339528	0.2817594076	0.2612333156	-0.09034670172	-0.3228661038	-0.2236935829	0.004668890079	0.02332714558	0.05437861877	0.2329629743	-0.05980064818	0.09673581298	-0.03376203275	-0.3270102311	0.1143866679	0.0500319995
0.1098546096	0.1356317053	0.1504151677	0.1632730915	0.09399606014	0.01170337698	0.03730915151	0.1173814199	0.07115821398	-0.3691279027	-0.3501841351	-0.3576592839	-0.3309293278	-0.3188239217	-0.3236864732	-0.3360905278	-0.3639970754	-0.3554842322	-0.3194480864	-0.3432503658	-0.07213921669	-0.06901226906	-0.309240839	-0.1092521299	-0.09653438222	-0.3284264539	-0.3273819687	-0.3259350474	-0.3240358233	-0.09791928999	-0.3243188627	-0.09185449903	-0.01243987483	-0.2093840712	-0.0568966984	-0.3207070437	0.1352501187	0.1597948567	0.1412956342	0.0467086084	-0.01631071968	0.112250955	-0.3783051667	-0.101978375	-0.3477383894	0.0557446885	-0.0516324994	0.04960481172	-0.1087354154	-0.04454134565	-0.05971603833	-0.03246536838	-0.3309664179	-0.312385868	-0.3022115379	-0.1067512334	-0.09601189524	-0.04527174806	-0.3833061881	-0.372082169	-0.3680845226	-0.02185262914	-0.321341676	-0.02686833828	-0.02339818014	-0.01006838182	0.05672731684	0.04518632201	0.09944996469	0.2625034836	0.119012416	0.1511402548	0.1475746912	0.2193985907	0.1434965381	0.1197268613	0.03387520305	0.03598808451	0.1844638975	0.1418528266	-0.05723751297	-0.002003856524	0.09274674153	0.01950663228	0.08606112588	0.06404138435	0.05577870664	0.03740319876	0.05011600512	-0.03668349929	-0.00560296667	0.03037123855	0.04968684366	0.1632400909	0.04726637771	0.05904322444	0.06086285157	0.04735587485	0.1482453349	0.08764683338	0.06284053809	0.1479570946	0.06728598244	0.09334514855	0.053035388	0.03599205115	0.06154559714	0.09543884413	0.1525151851	0.00913486295	0.1368900962	0.1051448584	0.1622308397	0.08305269723	0.08545215854	0.1024963535	0.04217195901	0.03459811362	0.1006430884	0.05653243618	0.04716485941	0.1075410586	0.02162326909	-0.07347822082	0.02977350509	0.03256609594	-0.3681803988	0.07983786536	0.06793360178	0.02512379446	0.01290825157	0.05353456895	0.06973853185	0.07852835864	0.06060333396	0.1109000984	0.00781486188	0.06177162442	0.0711882955	0.06191620423	0.03443610738	0.07077700152	0.02263410534	0.07747453475	0.1108954425	0.09462679498	0.1353052537	0.07364144524	0.05154539073	0.03138112241	0.1082184798	-0.03819878556	0.03303360384	-0.05075455034	-0.007380996484	-0.02694827943	-0.044238265	-0.1123284999	-0.04149822482	-0.01439267904	-0.07253038565	0.03921291872	-0.09821724619	0.1013940195	0.4512305375	0.05092274056	-0.09261642321	0.01646242597	-0.05606249509	-0.02131689404	-0.003854516776	-0.1112081482	-0.03990925479	0.1662791923	0.03994214651	0.08081374658	0.003518747479	0.1146131906	0.152813412	0.1078537726	-0.003965725855	0.09373875085	0.1593471071	0.1644090378	0.03616188336	0.05679523388	0.02706910129	0.1745297801	0.09770044281	0.1313907587	0.05037085527	0.1596910412	0.08872180114	0.07187815368	0.1387352779	0.1337072023	0.05737239147	0.1657954592	0.04447297181	0.2144421844	0.0831131516	0.1143486886	0.04839890038	0.1754268058	-0.005230571519	0.1193964938	0.07579692136	-0.0701748435	0.02865170437	-0.01172557893	-0.06039702043	0.09086608607	0.1050191998	0.04826539795	-0.04825241255	0.1282587793	0.05189731928	0.01343316601	-0.05222063248	-0.3309788736	-0.2107113061	0.1208366197	0.03492178915	0.1293304373	0.1392248168	-0.07083538149	0.05609315379	0.03260884143	-0.3441999149	0.1569749207	0.1613866492
0.1338607019	-0.006321792866	0.09190024813	0.102029697	0.02472579913	0.04928416938	0.0324643563	0.01750355284	0.08483485679	-0.3284152295	-0.3481655082	-0.3528792007	-0.3286523523	-0.3278814207	-0.3234884324	-0.3273057249	-0.3249692189	-0.3146246636	-0.3109377398	-0.3374874286	-0.02392822677	-0.04388834645	-0.2888404717	-0.07715427611	-0.05085529023	-0.3252460553	-0.2850347618	-0.2900179116	-0.3250526722	-0.06330014428	-0.3187232852	-0.08686140959	-0.04385923343	-0.2010186333	-0.07229783238	-0.3186139162	0.009060895534	0.04592213999	0.03568589937	0.0004761368312	-0.004144182826	0.03860470034	-0.344278413	-0.06696442796	-0.3032901704	0.0147069333	-0.05453575664	-0.04703595708	-0.06476439663	-0.05729020904	-0.02980918214	-0.0680214832	-0.2893028927	-0.3292625756	-0.3099309378	-0.06707300838	-0.05999482434	-0.0377721184	-0.3462015974	-0.3706467731	-0.3280816203	-0.001483927267	-0.2850012363	-0.03100234794	-0.02457321588	-0.05492314998	-0.02003886781	-0.04923500395	-0.002057806064	0.01158902092	0.08623409885	0.05840912065	0.05608439991	0.06552205369	0.04035641198	0.1518759217	0.007826141659	-0.03515730634	0.03460860728	0.05207012992	0.08721140189	0.106961595	0.1162564196	0.02383917697	0.1673893007	0.1138938457	0.03224378092	0.1198165072	0.2539387082	0.03149967677	0.08437093396	0.2304778535	0.06037353741	0.06552096976	0.07768213647	0.2295687957	0.1997689422	0.1918851945	0.09816424434	0.1063161197	0.1951961818	0.09300445223	0.01660955994	0.04943546016	0.02113864798	0.1636831015	0.16233863	0.03869788973	-0.02282278203	0.2073066582	0.1456047309	0.05066375597	0.022859214	0.1544341226	0.1566427519	0.06686983611	0.1940387844	0.2067778903	0.04729794738	0.154354866	0.2569328256	0.01136630819	-0.01624111507	0.03100474635	0.005295018536	-0.05247286399	-0.3372249103	0.09361003621	0.166409381	0.1304188226	0.1591402712	0.2706802432	0.1508552799	0.1617921393	0.006275456906	0.198196039	0.009236895263	0.2098776317	0.1024178874	-0.02219294648	0.008432295462	0.1379797079	0.1357262042	0.05581404604	0.04887744351	0.04676054833	0.01326405299	0.1257170831	0.00825472364	0.1553460509	0.04705075647	-0.03628159642	-0.01363750725	-0.03114742282	-0.0158100426	-0.03319253948	-0.04281428326	-0.06275432377	-0.03604860362	0.004884328701	-0.03707321123	0.0189471892	-0.04018694369	0.1499107917	0.05092274056	0.5484526531	-0.1008333395	-0.0313724453	-0.03565015931	-0.03482681374	-0.03994725171	-0.04145442626	0.01415512981	0.08080746475	-0.01764874387	0.2258515279	-0.02946783328	0.06456348991	-0.01520734774	0.2257458587	0.1020035652	0.1911431124	0.02067709873	0.08571439388	0.08810047957	0.09830184655	0.1656675936	0.1398113773	0.06299662751	0.1390372606	0.09343917608	0.07163523346	-0.01571740243	-0.03935690532	-0.02515090486	0.0336136929	-0.04182904143	0.04456262035	-0.07139100586	0.06411665483	-0.04422827686	-0.003411863854	0.1228947729	0.04908168378	0.02432130099	0.06603316815	-0.02013518679	-0.04792312778	-0.004567395383	-0.03211279699	-0.02110870632	0.06080561474	0.04896351585	0.07476744552	0.05072075411	0.1963939574	0.1569053635	0.09661467612	-0.06494555135	-0.3084191974	-0.2121681371	0.01205519829	0.002784490479	0.03839472634	0.1603447627	-0.05995002771	0.03175058674	-0.01334418928	-0.2888309851	0.07127196185	0.002927325302
-0.05600642841	-0.04205187197	-0.07105644546	-0.1370906125	-0.09591057459	-0.09958916894	-0.07094740807	-0.06467373573	-0.05966558606	0.05663174095	0.04405550922	0.07119684597	0.07787691675	-0.002242769833	0.05277759803	0.0925838407	0.0381379259	0.03315796666	0.06916250505	0.04992808492	0.002106718046	-0.02571903441	0.02951334369	0.03984190869	0.05262983843	-0.002706616146	-0.01465121638	0.02208279478	0.01591504876	0.08500558035	-0.02352951791	0.07581487217	-0.03846943119	0.1918423776	-0.03321038956	0.01418587	-0.1404991222	-0.1519395865	-0.1563617534	-0.130845118	-0.08884919473	-0.1268744611	0.05261790129	0.1553692932	0.0285376216	-0.06307093442	0.01173345649	0.005911576191	0.1205774957	0.02476611074	0.03297067249	-0.0237459924	0.05326968343	0.01619245325	0.01801025808	0.1033443643	0.07983892203	-0.02403153533	0.1238751837	0.1111954973	0.1178601695	-0.02348871921	0.01978102012	-0.05153841398	-0.01917119229	0.004661413847	0.00804825674	-0.103822779	-0.1238893316	-0.113798147	-0.05419647422	-0.07130159304	-0.07063419374	-0.007941503722	-0.05204994087	-0.1215616002	0.08495682331	0.0181299719	-0.09008273396	-0.1297671848	0.1061086719	-0.01103785367	-0.14491397	-0.003805729186	-0.1179839887	-0.0958522969	-0.003601433066	-0.04696666994	-0.01864494878	0.05074258779	0.05372354391	-0.009206168372	-0.01517190183	-0.1508909779	-0.02191055872	-0.01363698242	-0.02187910688	-0.02695192996	-0.1420210422	-0.03147390802	-0.0460601227	-0.04905253284	-0.07514789146	0.07495916899	-0.006729377087	-0.05765652865	-0.06948916023	-0.02371214155	-0.001861224439	-0.02960296195	-0.08095570769	-0.1064413842	-0.07336374423	-0.09541970136	-0.1131844551	-0.008680755589	-0.06407619004	-0.1118663234	-0.0388142943	-0.01115320326	-0.04312829809	-0.03844455163	0.07995415579	0.1141161194	0.1849907869	-0.01043525578	0.05121163602	-0.04311046205	-0.06886417543	-0.001990536582	-0.04069968471	-0.05179834048	-0.124509172	-0.03900156554	-0.1097420921	-0.07059077177	0.1646474762	-0.02156222063	-0.04423398298	0.059677586	-0.01636183961	-0.06419504084	-0.06648851147	-0.08939446875	-0.1163294763	-0.03053241591	-0.1333850163	-0.05218180509	-0.107795239	-0.06850355547	0.00821280238	0.06884368272	0.1601272895	0.1888137266	0.2286152144	0.02052765788	0.1302969916	0.3711892012	0.2512126007	0.227533401	0.2915858982	-0.07028636933	0.3821027032	-0.1218273177	-0.09261642321	-0.1008333395	1.226223002	0.1913202246	0.1927602947	0.3391982976	0.2739210327	0.435245122	0.1152416386	-0.03513045397	0.01323932352	-0.01899251014	0.2084711189	0.02599014481	-0.05621526486	-0.09256393737	0.001534380547	-0.05419826056	-0.08998543911	-0.1067176509	0.01068669325	-0.0371703101	-0.06348546648	-0.08775894034	-0.1303887058	-0.08838252317	-0.04014050246	-0.09159146386	-0.04746188662	-0.03311014139	-0.05882778277	-0.04384707246	-0.04051650026	-0.03986259697	-0.01842903102	-0.05558553037	-0.032132212	0.05398426586	-0.01985541535	-0.00273053751	-0.06615712122	-0.02765353499	-0.1290205969	0.05996556427	-0.005539573388	-0.01631001199	0.01623532545	-0.1356572608	-0.1057485925	0.010045262	0.04350561658	-0.1377249313	-0.07216861541	-0.06496533907	-0.03361339284	0.0740711312	0.2218766959	-0.03893391797	-0.07393362348	-0.06273488937	-0.1426527926	0.06144141123	-0.02558754683	-0.04771467397	0.1219585427	-0.08939928532	-0.05656617856
-0.0726279342	0.09020034447	0.006214444274	0.0199917389	0.01920600332	-0.02665913126	0.006647677457	-0.001501744951	0.04074151192	-0.2348476007	-0.2650401828	-0.2602937676	-0.259983604	-0.2532476854	-0.2226235546	-0.2675336864	-0.2184061308	-0.2618647318	-0.1913591278	-0.2310404512	-0.04110825618	0.02241965347	-0.2347340732	0.01113140213	-0.04750053264	-0.1820457082	-0.1973392177	-0.2430046597	-0.1601589496	-0.01900026758	-0.1949589808	0.04113515163	-0.02978771797	-0.1412012188	0.04386808511	-0.257886484	-0.0657715556	-0.07181285608	-0.07604462727	-0.08839337505	-0.0350857783	-0.09208799756	-0.2206593967	-0.02740692073	-0.2053913067	-0.08580865388	-0.04310807992	-0.05032468545	-0.04463365821	-0.04540556241	-0.06577940176	0.05691545893	-0.2303754838	-0.2537706769	-0.2272318801	-0.02355848938	-0.04790149064	-0.07688919915	-0.187373348	-0.2093533324	-0.2015734322	-0.01648989315	-0.2282608765	-0.03037562578	-0.008127757534	-0.005361745222	0.01677622078	-0.01290352618	-0.03358031275	-0.002968216266	0.09847241723	0.09012508509	0.08757101202	0.07674761663	0.02081030918	-0.08689130118	0.01923148739	0.1810686177	-0.03933736367	-0.05075178625	-0.03572606136	-0.02054363557	-0.0009306138242	0.06805583963	-0.06387029275	0.0005558555062	0.07565474091	0.03798253982	-0.000222244289	0.06867351865	-0.0113106907	0.02207055349	0.0677176293	-0.07120173246	0.08022109122	-0.0273271243	0.01736108975	-0.04675737211	0.009756516187	0.1523219324	-0.05052361621	0.05009484918	-0.04874120509	0.2031351456	0.009374854212	-0.06847898432	-0.03385146519	0.01422880417	0.1077785162	-0.0404742716	-0.01695668258	-0.05868474079	-0.01801094941	-0.07887797725	-0.05947324822	0.05609099334	0.02577977012	-0.03663432054	-0.09134233447	0.09192737106	-0.03433041815	-0.02026938231	0.06434476618	0.1647705896	0.147535631	-0.0220829832	-0.2168187384	0.03396916003	-0.02899847566	0.07079370873	0.02006247264	0.02826631106	-0.0366061561	-0.05669799236	0.0225245134	0.2107920536	0.5820578586	0.01780034502	0.01654065791	0.1286093255	-0.0497278856	-0.05237086078	-0.03156583745	-0.009352138827	-0.07554326237	-0.09003415149	-0.03730457126	0.01264651142	-0.03080677969	-0.02071211867	0.09430347242	0.02372357058	0.1423985166	0.1208321955	0.119154346	0.02463080852	0.06538638084	0.1073075526	0.09523079071	0.08666256716	0.1606668967	0.0173287941	0.1992725316	-0.06244206616	0.01646242597	-0.0313724453	0.1913202246	0.8043913165	0.48630665	0.5842247942	0.6900223176	0.3008503093	0.117053647	0.0440509807	0.03115472955	0.08354351256	0.775478577	0.2182351354	0.1445939672	-0.04196476695	0.06868818385	-0.0320796561	0.1084763773	0.1392031182	0.1518575307	-0.05037151865	0.01871934267	0.01172717755	-0.06916189491	-0.05629503785	0.03437109511	0.05524966459	0.2096239954	0.02997739025	0.02469997342	0.0114847284	-0.0121092397	0.01149513761	0.03074045789	-0.02479720464	0.126198859	0.1003748685	-0.004364791983	0.004654986871	-0.01188042478	0.01257880418	-0.08623262935	-0.01389367626	0.01679682057	0.01937636909	-0.03082948083	-0.06389863826	-0.06154589242	-0.01396839616	-0.01762872088	0.09069135995	0.007559223357	-0.003109211831	0.0113731385	-0.2784460741	-0.1314376776	0.09185457589	0.03823670063	-0.0319381441	-0.08820601671	-0.02010438503	0.04632955758	0.02814736287	-0.2644104128	0.02397060923	0.004380538367
-0.07662285235	0.05285053396	-0.09883029198	0.01477303143	-0.002617463623	0.03624253349	-0.02489943768	-0.07868667098	0.04396411491	-0.1027646411	-0.1359969621	-0.1270066442	-0.152533015	-0.1431158795	-0.09753916386	-0.1700251541	-0.0941197023	-0.140495214	-0.1154360802	-0.1203079398	-0.02949626964	0.03690010296	-0.1283194764	0.06071058157	0.02632910261	-0.06502558648	-0.09360200273	-0.1469927084	-0.05601084266	0.03039086621	-0.08818695145	0.06369061202	-0.03495847593	-0.05268192167	0.04469556436	-0.143360823	-0.1252505781	-0.1166596469	-0.1199216389	-0.0971267611	-0.03896200336	-0.1141265615	-0.06450626157	0.007741101788	-0.1040308229	-0.1190404929	0.001345940888	-0.0585695432	0.009939142175	-0.04113321004	0.003829357873	0.0839124358	-0.1267321073	-0.1337556063	-0.1422934816	0.03169882373	0.0227173134	-0.03791639396	-0.03419044397	-0.06366858668	-0.07597174046	-0.01506625437	-0.129066548	-0.05509985771	-0.01562443932	0.01238481615	-0.01684831417	0.03272391086	-0.08839003566	-0.06533016675	-0.006249934148	0.09835157062	0.09687827155	-0.04584783966	-0.003276000254	-0.1007503019	0.07120499254	0.2006538103	-0.1053412309	-0.09000321495	0.002829600559	-0.01098441152	-0.04881599533	0.0864950008	-0.03934972078	-0.05005633334	-0.009246601168	0.05002261557	-0.05903318006	0.2328302271	-0.08601863162	0.01020342338	0.06556812644	-0.1028372532	0.1344354859	-0.04459617205	5.168082412e-05	-0.103100815	-0.05336089656	0.2011693267	-0.0898714902	-0.07487446981	-0.05112192496	0.1750803275	-0.007932839191	-0.03425740694	-0.02123373005	-0.0326691881	0.05281971587	-0.06085795605	-0.0760706358	-0.1028532047	-0.04924319653	-0.09006217705	-0.1102723072	0.03836372525	0.01923908921	-0.107691486	-0.145947743	0.07889642414	-0.04608819347	-0.002083491522	0.07742944404	0.2332466186	0.07293139583	-0.008340156044	-0.06392308868	-0.0791677561	-0.02210039488	0.08841282615	-0.03506496418	0.008399406702	-0.09817690826	-0.1074879665	0.04511140263	0.09961445355	0.3731541083	0.0008272921351	-0.03747072525	0.1151101426	-0.1033206071	-0.1096280352	-0.08278704138	-0.03351484071	-0.1261019121	-0.1335466959	-0.1008194356	-0.007257267255	-0.086185623	-0.07317018348	0.04365290717	-0.00181790259	0.0630256592	0.0878686742	0.1133281598	0.02675807437	0.1553372853	0.1357994421	0.08499538974	0.06890756666	0.1104724363	0.04985880038	0.203742668	-0.1018585966	-0.05606249509	-0.03565015931	0.1927602947	0.48630665	0.9691709307	0.410211296	0.5027657813	0.5370807133	0.1251033365	-0.04545770003	-0.02688396572	0.06473713331	0.5298482147	0.07880527534	0.0539579776	-0.06818685361	0.126231806	-0.04360116779	0.04654707851	0.1218903452	0.1791112473	-0.08810750862	-0.02701204793	-0.07519438455	-0.1066339299	-0.08571334064	-0.03469732598	-0.0001885885202	0.1360859902	0.08475427213	0.05589617155	0.07906301343	0.004004453573	-0.07930895267	0.06165718078	0.00152775245	0.1134973584	0.1546162882	0.00151647925	-0.04002835897	-0.05192761355	-0.002729668109	-0.04643994689	-0.009518510126	-0.05431034314	0.02201257126	-0.009948406766	-0.1031607625	-0.1185192098	-0.02692476514	0.08117422813	0.1161352107	-0.02664219558	-0.03323522794	0.01024254106	-0.1365414832	-0.04076133508	0.04062868195	0.04931009265	-0.1130151398	-0.09951809093	-0.0104253854	0.006800807489	-0.02269681905	-0.1337220237	-0.07933385533	-0.008617324813
-0.05110790026	0.04115905224	-0.01100401442	0.008321206168	0.02239318232	-0.03009397592	-0.0002301608649	-0.003719955363	0.04880903105	-0.2391942085	-0.2180245071	-0.2162288123	-0.2163824508	-0.2148842666	-0.1838403172	-0.2232389041	-0.2155221061	-0.2179910472	-0.1656578437	-0.2267040689	-0.02697718667	-0.0443931263	-0.1945947521	-0.04349684802	-0.0157480865	-0.1988056199	-0.2150743806	-0.2178570665	-0.1847121749	0.00570736734	-0.2217308985	-0.02364345552	-0.02433277776	-0.06466550617	-0.0307726333	-0.219678363	-0.0772168733	-0.08571212565	-0.08890726731	-0.08540486822	-0.0232077429	-0.08724866903	-0.2155490671	-0.007165780376	-0.2079696401	-0.07442302829	-0.02684176589	-0.05561036006	0.02617571934	-0.03471084729	-0.04413204801	-0.01625285734	-0.1946826415	-0.2154940277	-0.1879726854	0.005721541175	-0.01589699637	-0.05546427851	-0.1821814002	-0.2079810108	-0.1917662094	-0.08315547505	-0.2037216573	-0.01588160134	-0.002028417296	-0.008049176294	0.00175361614	-0.1047451431	-0.04695556525	-0.03590811024	0.08431563339	-0.02995479549	-0.02839749423	0.06909542379	0.05201437641	-0.09888728907	0.07608155776	0.1157511531	-0.0407563623	-0.06904526142	0.004260159959	-0.004110615807	-0.08143137546	0.0935746039	-0.02580927636	-0.06421688749	0.02327302045	0.08002816278	0.03464481301	0.1179802127	-0.02854638438	0.07367524721	0.07643265437	-0.0839225177	0.146917858	0.02163176764	0.06760265098	-0.01992479393	-0.08224203189	0.05443414589	-0.02007186613	0.0516134847	-0.04964802795	0.2100234251	0.01080956248	-0.02610995507	-0.01231185975	-0.002536460425	0.04857994159	-0.04200175278	-0.0298076738	-0.05300564448	-0.01724777943	-0.08224735126	-0.05229079674	0.07241862711	0.03789816179	-0.06230134631	-0.08829553967	0.1389251832	0.01541020554	-0.03773547809	0.03884901424	0.1816118693	0.1452375604	-0.01343164722	-0.2101485618	0.00491898833	-0.01302794371	0.1053834677	-0.03489141139	0.07295410354	-0.01095401698	-0.06598275513	0.04716665453	0.06251140869	0.4795671386	0.06850451529	-0.05321674751	0.128106268	-0.03150561175	-0.03635747772	-0.03135217381	-0.02364068114	-0.09348656167	-0.09871600614	-0.05093873214	0.0217834048	-0.04608329814	-0.01882237518	0.1175356807	0.04799584056	0.1765283884	0.148962004	0.2144435292	0.01445186615	0.08755300213	0.2323731445	0.1840993794	0.2262480482	0.2128256981	0.05243693804	0.1483512072	-0.0627374564	-0.02131689404	-0.03482681374	0.3391982976	0.5842247942	0.410211296	0.8458411756	0.5840141211	0.4798226685	0.1085074041	0.04078384278	0.04166276585	0.05796657761	0.6363645542	0.1160039063	0.05508285194	-0.04951311412	0.09036537404	-0.03747428145	0.02290964731	0.03802084675	0.1783355546	-0.01442044131	0.02504664905	0.009528570984	-0.07862049966	-0.06868078072	-0.01893742419	0.04249113511	0.05888987395	0.0370301885	0.02354972862	0.02190061805	0.0004175160372	0.009792054367	0.03986915201	-0.01522924034	0.131519608	0.1311127089	0.02891944718	0.03771671927	-0.012657099	0.03728209203	-0.09834587387	0.01100792335	0.01939188093	0.02635730399	-0.01723276885	-0.07611242373	-0.07823209553	-0.05129526707	0.008862816409	-0.009758967882	-0.02094955385	-0.009061796194	-0.05492467532	-0.2023379959	-0.05436289362	-0.007286998147	-0.06593640795	-0.02654006427	-0.09137125032	0.005748347164	0.04228726447	0.02444117635	-0.1887959664	0.01696302061	-0.002356927659
-0.0619604657	0.06030552542	-0.004524358639	-0.001069005359	0.01121388113	-0.02758678729	-0.001993247879	-0.0202799722	0.03185189156	-0.215937662	-0.2469847881	-0.2431831039	-0.2445787691	-0.2293743621	-0.2026289649	-0.2446344385	-0.1952796893	-0.2418446	-0.1782573214	-0.2120238559	-0.02211452926	0.04739234239	-0.215948979	0.05711805143	-0.006337786747	-0.1724867097	-0.1844267404	-0.2228469124	-0.1438108428	0.02197269284	-0.1888442748	0.07132847215	-0.0308505011	-0.1220718637	0.06199623804	-0.2487914735	-0.08873375227	-0.097062468	-0.103773092	-0.08840094284	-0.0475838423	-0.09596948944	-0.1987980504	0.01153339117	-0.1954507159	-0.06259359899	-0.006319363998	-0.03819695238	-0.01347651739	-0.01718509347	-0.02512041694	0.05555351305	-0.2155583989	-0.2393729425	-0.2167814077	0.01831467235	-0.006245029564	-0.05592793027	-0.1480206392	-0.1924360053	-0.1890904522	0.0001867534116	-0.2103340359	-0.01115493785	0.01424443039	0.002399592257	0.003303143233	-0.04650213368	-0.06929599566	-0.03845487935	0.07198586205	0.0740586311	0.07284558836	0.07555528264	0.02284977841	-0.09519056252	0.03194340368	0.1629537304	-0.04823642682	-0.07048340992	-0.04182771047	-0.02765518659	-0.009797410353	0.06796815919	-0.04754487931	-0.002482329558	0.1107564976	0.0413030413	0.003643601634	0.06582052046	0.02497190284	0.02228626987	0.07235190069	-0.09877681775	0.08234374616	-0.03420391073	0.00994124204	-0.04205583076	-0.01385280166	0.1381588095	-0.01061116204	0.02299171893	-0.06376199801	0.17001263	0.03219396877	-0.07438967112	-0.02409074286	-0.01478793833	0.107198617	-0.05707513343	-0.04575398589	-0.06474630011	-0.02060080499	-0.08409215469	-0.07838091481	0.05217060549	0.02948826157	-0.04756525136	-0.1028458126	0.07526796821	-0.03345839894	-0.02751665796	0.05909105285	0.1330365833	0.1382288623	-0.04336492776	-0.1951282643	0.02081877851	-0.02713185876	0.08655528238	0.0535029997	0.02189976486	-0.04599980371	-0.05357135433	0.01079877396	0.2245972582	0.5822237908	0.01054851692	0.0224534392	0.1030579722	-0.06181140073	-0.07462027019	-0.02105878473	-0.04995540807	-0.09642951869	-0.1030244928	-0.07293397773	-0.01434216941	-0.05285075966	-0.01278632298	0.09208340326	0.0369496625	0.1111544603	0.1176564169	0.1000836658	0.009448695573	0.03395580983	0.112511933	0.08240816521	0.06454356187	0.1595718228	0.007665470994	0.2468183881	-0.06537369973	-0.003854516776	-0.03994725171	0.2739210327	0.6900223176	0.5027657813	0.5840141211	0.8749767177	0.3444733918	0.1064630265	0.0263482001	0.01788229557	0.07119449714	0.7418045344	0.2167880237	0.1373968044	-0.05684401466	0.05402709172	-0.03912125834	0.1031011038	0.1203339845	0.1379314839	-0.003195679654	0.01710531671	-0.006454885215	-0.08073677897	-0.06318719515	0.04923290275	0.02857035874	0.1862398666	0.006943799167	0.007569976139	-0.007192011642	-0.02439126115	0.0008899959428	0.007153682383	-0.03732201405	0.08509569772	0.08213346867	-0.02290735545	-0.02660449112	-0.02625056179	0.03627944546	-0.1127057159	0.02632693296	0.02620450177	0.01635110738	-0.00855196286	-0.07857004703	-0.09829048259	0.03489295765	-0.0185083361	0.07297202781	0.007519887885	0.005975245491	0.02687602519	-0.2671488718	-0.1123861713	0.07087890029	0.009399435631	-0.03475916248	-0.09885965168	0.01000141825	0.04477885626	0.01712024082	-0.2449903719	0.01003019428	-0.007969153262
-0.03993829399	-0.04169979231	-0.09271765916	-0.06933291018	-0.103204973	0.02490367151	-0.06985128308	-0.1034675534	0.04809240307	-0.05035972658	-0.02816550422	-0.01597636307	-0.06028117213	-0.07428087368	-0.01446632347	-0.05747694074	-0.02604950825	-0.04203760976	-0.02554169098	-0.05996609017	-0.02316958413	-0.03703899818	-0.05593018007	0.03399578674	0.05436050412	-0.06521314742	-0.07757443261	-0.05741799177	-0.04966106623	0.06935346832	-0.08918331527	0.02184505412	-0.04568428861	0.06737290819	-0.03222118482	-0.06249275715	-0.1573738032	-0.164463204	-0.1667121374	-0.1314596677	-0.07144221554	-0.1588559705	-0.01874420198	0.06329177507	-0.04647434754	-0.08142569892	0.00585651761	-0.05222773433	0.1070200351	0.002549247963	0.03560410193	0.0006823728267	-0.0312775586	-0.06679265784	-0.0730409049	0.08395295059	0.05889998732	-0.02783379842	-0.01936805729	-0.03017438914	-0.0361152953	-0.05921572403	-0.04272962098	-0.03536750852	-0.006499021041	0.009266289563	-0.03217374805	-0.06847104081	-0.1343854629	-0.1638511909	-0.06406236241	-0.06262908454	-0.06510269127	-0.1193297357	-3.912216699e-05	-0.08103178249	0.1876754278	0.07297039785	-0.111538479	-0.1229558006	0.06929303141	0.06180128554	-0.1120994803	0.061715148	-0.01166720531	-0.09510755427	0.006897620835	0.1159840184	-0.01373032063	0.2966234468	-0.008448599133	0.07947880682	0.01047864579	-0.1422353553	0.1241855226	0.02470772418	0.01521800723	-0.04705963092	-0.1419099992	-0.003367838928	-0.07833574035	-0.1622932037	-0.08320004824	0.1606537053	0.004718789588	-0.02197779669	-0.005387897696	-0.06078907018	0.02412257979	-0.03389674956	-0.1558658669	-0.1460842571	-0.05133046337	-0.0729520576	-0.1070296372	-0.04651856667	0.03600571858	-0.03658463401	-0.05827225644	0.08407537871	0.02244545097	-0.001081250785	0.08591720467	0.2045665952	0.09073250232	0.01439343754	-0.01711009791	-0.08688535842	-0.01637065995	0.1023147899	-0.06978951472	0.02198625797	-0.08507558041	-0.07831324804	-0.04198937321	-0.05051012477	0.3189124914	0.01583453156	-0.08005740313	0.09459957204	-0.0414418035	-0.05271960864	-0.05337543754	0.006831983039	-0.0594269657	-0.05692712487	-0.1480002145	0.03008625646	-0.1113422087	-0.03816731229	0.04846263071	-0.008744269461	0.08006869702	0.1508132756	0.2174510819	0.02199190299	0.2089610404	0.4205346148	0.2591315613	0.2039757501	0.2629486112	0.006907853821	0.1589323762	-0.0918600406	-0.1112081482	-0.04145442626	0.435245122	0.3008503093	0.5370807133	0.4798226685	0.3444733918	1.061703681	0.1076888733	-0.1181475464	0.0008078076734	-0.03187878147	0.343133777	-0.05875861266	-0.117130246	-0.04352888003	0.1989572658	-0.01129873602	-0.1212664971	-0.08396056657	0.1792929293	0.02556752666	0.02508119594	-0.07996266486	-0.09537752005	-0.05130166463	-0.1046879726	-0.08223301624	-0.0595590279	0.02873740135	-0.0175653817	-0.05118772355	-0.03143629242	-0.1039752871	0.01355135579	-0.02962055986	0.1132293333	0.1360056619	0.02719245089	-0.05731467632	-0.084099312	0.08719706834	-0.0967264088	0.06349392109	-0.06615798145	-0.02011518144	0.005035472799	-0.0910647486	-0.1610613354	-0.0342798845	0.1105273791	-0.06985971431	-0.05805556796	-0.01579574284	-0.07927944138	-0.0160709433	0.06094507214	-0.1026640242	-0.06036733221	-0.1608110365	-0.07857870851	0.04651086402	-0.009388465131	-0.08879208524	-0.01938502834	-0.1241032295	-0.006176581229
0.09380140821	0.01595247733	-0.04393856664	-0.02686378585	0.03356386378	-0.005661881615	-0.02930698027	-0.04156852556	0.00190989421	-0.2406685798	-0.2347356577	-0.2297239135	-0.2218747493	-0.1840563349	-0.1863355186	-0.2254929579	-0.2392612979	-0.2344810375	-0.2007901255	-0.2403445305	-0.03064173152	-0.07376654563	-0.2298106843	0.04039849355	0.07589293923	-0.1981515646	-0.1878782181	-0.1857547863	-0.1937930869	0.05153889461	-0.1899291853	0.04678765627	-0.04441123825	-0.1313664949	0.03525002526	-0.1861941916	-0.07989880222	-0.06047959523	-0.06652248268	0.00162389915	0.02597504006	-0.07443524599	-0.2049811168	0.0003501151983	-0.1961268787	-0.07805830786	0.05890569573	0.02070672682	0.003583060514	-0.06367948155	0.04259445101	-0.02153679472	-0.1919785012	-0.1868543486	-0.1764471692	0.06089406935	0.05957138784	-0.06491196105	-0.2152977173	-0.2509119524	-0.2126255819	-0.0658249563	-0.1759235244	0.01868322688	0.02252267046	-0.003277480699	0.04453432219	-0.0268077521	-0.06892121778	-0.05013982635	0.02674108665	-0.01466055996	-0.003223256923	-0.04750206787	0.07687299049	-0.003605152577	0.1857521355	0.1866218743	-0.03206941285	-0.07241889496	0.2069082931	0.14057892	0.06641090095	0.1455007521	-0.01208154839	0.08373731566	-0.02246920124	0.07373165163	0.01801346831	0.05106825459	0.08392581108	-0.03442939638	0.07528987375	-0.05463071107	0.06044923524	-0.0357662274	-0.03092806093	0.1139029117	-0.05856143507	0.08979018864	0.05318034856	0.05253473401	0.01062506011	0.242089325	0.1153836084	0.1181158352	-0.03243131299	0.03934203782	0.02040516582	-0.01834773087	0.09132963917	-0.05490880842	0.01321948642	0.0244992399	0.1251773712	0.08172256917	0.007685031306	-0.02969685455	-0.05617329461	0.04454726791	0.002009660907	0.06307936599	0.03492953445	0.1150973313	0.1288976453	-0.002601146493	-0.2008148451	0.06367353961	-0.02974404932	0.0190051567	0.07189918157	-0.001231318469	0.1433284516	0.1332045398	-0.01362599043	-0.06653439295	0.1223304543	-0.03078330273	-0.04209886843	0.08133470231	-0.008111620872	-0.03866117038	0.1331387233	0.01878004777	-0.07908240556	-0.06135240444	-0.08206288331	0.041720521	-0.06663454398	0.1133299248	0.03396506671	0.04374182991	0.09703719949	0.07002964921	0.1459008989	0.0506486189	0.1373016409	0.1549925702	0.1388552933	0.1052433569	0.1501465967	0.1026903218	0.075581864	0.07157209407	-0.03990925479	0.01415512981	0.1152416386	0.117053647	0.1251033365	0.1085074041	0.1064630265	0.1076888733	0.8255290518	0.04913433493	0.07025633963	0.07318312	0.1200414348	0.0385255954	-0.03932384211	0.01644254076	0.01550245055	-0.005373920803	0.02909435192	-0.0396169129	0.2385546783	0.08819392991	0.03698886286	0.004236998785	-0.08653719799	0.02099729244	-0.00925582226	-0.04732246465	0.05198116781	0.002752529911	-0.03041126161	-0.05661940381	0.009677474143	0.003488188943	0.03864756275	-0.005826596499	0.09976104015	0.09958922311	-0.03279554066	0.01034024832	-0.0001148099615	-0.03292372018	-0.05676377629	0.04419655108	0.06333516199	-0.01271983701	-0.05157530492	-0.066031886	-0.02920784938	-0.005971299382	0.1639916844	-0.0237133271	0.1166997145	0.1101763248	-0.05646134948	-0.2622786862	-0.1347576128	0.07816641446	0.1039421678	-0.05153770441	-0.02097243199	0.04997526391	0.06689117492	-0.02181850882	-0.2440663434	-0.02306360142	0.01849158774
0.06080410373	0.1318479858	0.2041538997	0.1047153805	0.07097335604	0.004870237064	0.04469488447	0.1313611289	0.0846562566	-0.3676327372	-0.3484196732	-0.3563450302	-0.332845772	-0.321945081	-0.3258603761	-0.3364694375	-0.3611476343	-0.3487798303	-0.3217616864	-0.3428828218	-0.03994251009	-0.04522219335	-0.3137484343	-0.09997107481	-0.07317257952	-0.3361192916	-0.3342998746	-0.3313248346	-0.3337353199	-0.08479365095	-0.3312369458	-0.05966659666	0.003319976575	-0.2079275606	-0.07061225708	-0.3318424001	0.103335154	0.1284265916	0.122950088	0.04336834129	-0.003367376832	0.1114456306	-0.3742402968	-0.07072196002	-0.3539084342	0.05452046222	-0.05424519419	0.03815274756	-0.1009614515	-0.0677514912	-0.04668749386	-0.0299769614	-0.3331992429	-0.3247028512	-0.3161085081	-0.09294137593	-0.08517105781	-0.04096640502	-0.3682979587	-0.3627458667	-0.3559019142	-0.04173885126	-0.3243905834	-0.03823714939	-0.01334977431	-0.01264574677	0.07683338464	0.04889556459	0.07694785972	0.141186614	0.2032871055	0.06942410124	0.07560096662	0.206836298	0.173375743	0.07589020403	0.06327454963	0.0986658722	0.1315123315	0.1113494141	-0.06017950387	0.03154828001	0.06487908431	0.02370662492	0.101294196	0.04131594705	0.002035523034	0.03994515968	0.05567788081	-0.1008436611	-0.009117375653	0.02815824147	-0.02256974743	0.1249440301	0.01757692497	0.03169681096	0.0539271499	0.01661202259	0.1234458367	0.07890041319	0.03749600495	0.4482871971	0.06674098031	0.03672470159	0.03835141328	0.0001782235818	0.02091378188	0.08868555547	0.06288592444	0.01563891867	0.1264430759	0.09407370291	0.09416763864	0.08816646457	0.1095030718	0.04139973823	0.06699318324	0.06031453514	0.08313687878	0.04141609728	0.008042933802	0.1439926693	0.08119991366	0.03908155894	0.1364831154	0.06332499325	-0.3646921215	0.1820777052	0.02912908416	-0.01133150949	-0.009794020287	0.02408445252	0.05000285501	0.05596336228	0.0357050407	0.04700462522	-0.01803097038	0.05914853881	0.02448290706	0.005423231966	0.05970590501	0.0789580987	0.05601768841	0.1076709405	0.07975556052	0.07785617156	0.1164166928	0.07556971983	0.0394619359	0.04033777032	0.0403022153	-0.01264770517	0.1288214206	-0.01609933467	0.04202598475	-0.003880373893	0.002430513006	-0.05431645838	0.007599637396	0.007882672544	-0.006658752394	0.06968649759	0.03570238109	0.06003901893	0.1662791923	0.08080746475	-0.03513045397	0.0440509807	-0.04545770003	0.04078384278	0.0263482001	-0.1181475464	0.04913433493	0.547982636	0.140382653	0.09325428264	0.0253812055	0.1652668669	0.1982719259	0.1255865015	-0.04798181405	0.07838695748	0.2110110325	0.1480569074	0.07790840703	0.06710250377	0.07800386268	0.148683375	0.0548790877	0.07082485088	0.07287774353	0.1182613295	0.09611426337	0.09804188638	0.0478556222	0.09250370066	0.08505340366	0.2216542106	0.08021891297	0.06254407855	0.03628356002	-0.0006607736267	0.04263570605	0.08364954137	0.04349464286	0.01546073642	0.07068475602	-0.05003775147	-0.01142658545	-0.02174373116	-0.06512426107	0.08214885721	0.1211892588	0.01127231209	-0.0630530803	0.1571113558	0.02308541059	-3.400461479e-05	-0.05041976774	-0.3304741041	-0.1921323455	0.1586390892	0.0600076241	0.154327394	0.1029473191	-0.0783812926	0.08036139702	0.03550014927	-0.3446060369	0.1884776912	0.06890205002
-0.02899548122	0.07986070721	0.1258859901	-0.01445210263	0.004181605119	-0.0346739567	0.08841165313	0.02515932593	0.008742800977	-0.2404321116	-0.2302351854	-0.2369151546	-0.2366491681	-0.1340518563	-0.1330037308	-0.2503997912	-0.2378361186	-0.2109304436	-0.1636560062	-0.2590653803	0.1181194645	0.06101911184	-0.1303751122	0.03466258972	0.08093918434	-0.1733548027	-0.1676648582	-0.1548676237	-0.1666528926	0.05413980362	-0.1572162003	0.0525131085	0.04504387236	-0.1054004341	0.05686489039	-0.1681948634	0.003637087263	0.007094389058	-0.0047472623	0.0394994799	0.06071924923	-0.009934263279	-0.2571000241	0.01070570863	-0.1931435226	0.03905624882	0.07783249352	0.1127271311	0.04656034392	0.07732478705	0.08456465647	0.04753012759	-0.170141856	-0.1369777201	-0.1707090031	0.06360681486	0.07325985521	0.0736906786	-0.2386437465	-0.2466582986	-0.2532447912	-0.008500094129	-0.1340365251	0.05303030625	0.06795874878	0.05048216822	0.1311737781	0.04978973207	0.02276827033	0.002860585817	0.09720830139	0.04757010927	0.0520518397	0.06750001457	0.1334452837	-0.002322045504	0.04611258074	0.07440790992	0.0328913885	0.001931824024	0.0232975622	0.0305641736	-0.0130200426	0.03062219492	0.01201738498	-0.03776078195	-0.01068766461	0.001953290686	0.00308682832	0.01063607171	-0.03610217691	-0.04548460856	-0.01240202711	0.00584684	0.0228270972	-0.02372486794	-0.03755675183	-0.03800803034	0.02045782661	0.04195704929	-0.04565154194	0.1158909745	0.00820564321	0.093389714	-0.03370843526	-0.06315606449	-0.02849961391	0.02677590324	0.05929308185	-0.02760378707	-0.01492166005	-0.02626084222	0.07498863995	0.001265405454	0.01394178502	-0.005861268227	-0.023137639	-0.02749240551	0.008683946629	-0.00392116791	-0.04740536433	0.02896075278	0.038358889	0.0743578888	0.07849765957	0.05199120141	-0.2519569956	0.08178474276	-0.02739492514	-0.03886534546	-0.0589132373	-0.03687099515	-0.03762427716	-0.006966930568	-0.01740763031	-0.0529944311	0.02961085566	-0.03685685692	-0.01872158129	0.01109208443	0.02685383224	0.007869334837	-0.01129905299	0.03991666129	-0.003476689922	-0.0004151350156	-0.005015704856	0.0354783819	0.01538579091	-0.02149401884	0.0355167917	0.05584435167	0.04064282394	0.1059463413	0.01614072032	0.4036012802	0.07494898032	0.04397593447	0.006957864855	0.04234034867	0.01047895373	-0.008714007837	0.08589190706	-0.002741476772	0.03994214651	-0.01764874387	0.01323932352	0.03115472955	-0.02688396572	0.04166276585	0.01788229557	0.0008078076734	0.07025633963	0.140382653	0.7126030824	0.01808359452	0.01807097108	0.06568567367	0.07138294653	0.02765057726	-0.02951308703	0.008157151938	0.09853024484	0.01966870666	0.06342917613	-0.0147784074	-0.03006573809	0.05697617067	-0.03118662672	-0.01297707761	-0.0338729966	0.00626165118	0.02968931898	0.02573574035	0.01449668106	0.001327957661	0.05823957435	0.108459534	0.05469843834	0.07405485735	0.1247459631	0.09745645768	0.001404734908	0.0375039269	0.09795833483	0.004064704147	0.07193613806	0.04299835594	0.05344554301	0.07786856464	0.02018655489	-0.02748726845	0.02874823485	-0.03908349884	-0.01301681103	-0.02184604349	-0.07443297906	-0.01766139367	0.02475213247	-0.2218075354	-0.1138214859	0.05522395307	0.05601601815	0.03570455127	0.008282671749	0.0739693747	0.05767611686	0.1102259412	-0.2412233781	0.04197729335	0.02522803456
0.07055674769	0.05787652088	0.09873456036	0.120776464	0.07410654457	0.006830268844	-0.008579999938	0.002792387387	0.04367900814	-0.3300226233	-0.351203609	-0.3506762246	-0.3320697654	-0.3229204813	-0.323635344	-0.3322111483	-0.3281713188	-0.3206410271	-0.2970332904	-0.3378937358	-0.01777972822	-0.01114678304	-0.2839097766	-0.04729197832	-0.01871981	-0.3316337342	-0.283643677	-0.2811276457	-0.323510693	-0.02277038024	-0.3218487587	0.001676429868	-0.005990260429	-0.1829394445	-0.05213332472	-0.3231200467	-0.01022654638	0.01545172239	-0.004747181815	-0.03625519611	-0.04610739188	0.004145744865	-0.3323321029	-0.03799256689	-0.3068423093	0.005315537661	-0.05074184417	-0.003656419477	-0.02750697261	-0.03933110699	-0.02465155524	-0.001539209276	-0.2881957575	-0.3214787494	-0.3065537878	-0.03208633111	-0.01862568642	-0.02198633194	-0.3409276423	-0.3692741073	-0.3264488586	-0.0206586207	-0.2763489562	-0.02921078525	-0.002746675997	0.007382583887	0.01367218772	-0.03267643891	-0.01965309591	0.01562881182	0.128307698	0.07906320734	0.07256103979	0.1069782057	0.02319421901	0.01124776083	0.05445037132	0.1420769386	0.03571224983	0.006122729183	0.02317965479	0.065017523	-0.02363837408	0.0364583986	0.02490629715	-0.02049474782	0.01729247418	0.07300499727	0.06762775519	0.1188045715	-0.01061294539	0.1126457596	0.1668854132	0.02015933032	0.1220629051	0.1350625895	0.190975856	0.04072856016	0.03254543753	0.3372224954	0.01474715821	0.0880296514	0.003676469901	0.2595917172	-0.01453936724	0.08767453859	0.1654384019	0.04891918197	0.05567912674	0.07976599157	0.02869943564	-0.008561892348	0.03440434758	0.01761381163	-0.01617299695	0.1681285719	0.1735912968	0.02536875876	-0.0161252475	0.1399932922	0.1110888585	0.0797652686	0.2369499652	0.2081775329	0.2351087697	-0.00779800015	-0.3255850474	0.2058072033	0.1745194777	0.1477174907	0.03740231555	0.1772062002	0.04730823974	0.04712854312	0.07752892271	0.2753537338	0.06558219595	0.1913691345	0.07986565894	0.009310827397	-0.04337167819	0.02448903993	0.07504411505	-0.03155359094	0.0006600521188	-0.01515533899	0.01059920582	0.04564522713	-0.02965182444	0.0284178661	0.02497400497	0.03744694265	0.005191852652	0.001365673026	0.006557147354	-0.002974080148	0.02385427248	-0.02539605197	-0.03205570725	0.06892031544	-0.07816423648	-0.002428080533	0.01495549379	-0.00509680693	0.08081374658	0.2258515279	-0.01899251014	0.08354351256	0.06473713331	0.05796657761	0.07119449714	-0.03187878147	0.07318312	0.09325428264	0.01808359452	0.6532612377	0.08565786865	0.1917362044	0.08196463356	0.07809896092	0.06683828437	0.09283744231	0.1404565343	0.2420359972	0.1050805697	0.06934904647	0.07110482382	0.04149700923	-0.02146465152	0.01842980644	0.01763666503	0.09834337087	0.1059969431	0.0568385247	0.08674349232	0.08167193278	0.008817704758	0.01051204019	0.05431910719	0.03423756633	0.006696690235	0.0235819492	0.07324022924	0.01006421944	-0.03756562395	0.1020570315	-0.03569724746	-0.06708691951	0.01133814636	0.04555730901	-0.01443236777	-0.01816679733	0.0001497523738	-0.04844231581	0.07893908222	0.2198043618	0.008416605749	0.08727041638	-0.02909775695	-0.3056411276	-0.1974886493	0.1225715156	0.11945512	0.008836494697	0.06480915832	-0.04464693153	0.02289501842	0.04492967213	-0.2811666992	0.02094079216	0.04937065157
-0.06782679535	0.06974146032	-0.0007507905349	0.004896375996	0.01788729358	-0.03647029014	-0.008298891768	-0.01423427798	0.04771996672	-0.2292888714	-0.2593042524	-0.2552644478	-0.2546567305	-0.2525244084	-0.2175273139	-0.2620352482	-0.2115132331	-0.2567780481	-0.1927745453	-0.2284210443	-0.03820806264	0.02467279567	-0.2309380129	0.02216421925	-0.03841781275	-0.1799566332	-0.1952150089	-0.2418088777	-0.1579756206	-0.01381078002	-0.1936480706	0.04441426642	-0.03944222492	-0.1395743882	0.0471418988	-0.2558950163	-0.08459590805	-0.09208649244	-0.0953895772	-0.09253686079	-0.0355088938	-0.09430447604	-0.2151616755	-0.02371794854	-0.2035274077	-0.08530163602	-0.04357263903	-0.07088529768	-0.03384836888	-0.04378107719	-0.05750526332	0.04926434652	-0.2286445351	-0.2529807123	-0.2253126691	-0.01407607464	-0.03862592754	-0.07446525549	-0.1807986624	-0.2063816998	-0.1943558677	-0.009054618911	-0.2264422868	-0.02711910463	-0.005095647227	-0.01310395856	-0.003037994421	-0.03261827678	-0.05218212796	-0.02089641336	0.07841635151	0.07758577663	0.0752730065	0.08091241248	0.0454977504	-0.1010673963	0.02837928022	0.1785695268	-0.05624768784	-0.06952540818	-0.02115357004	-0.01068899998	-0.01470091151	0.07651352172	-0.04881327489	-0.006282468628	0.06765689433	0.06935633366	0.003295660754	0.09918159595	-0.01854323574	0.03566048213	0.07821733339	-0.09061983621	0.1098308665	-0.01552025297	0.02912258167	-0.03762991072	-0.004617867576	0.1428811478	-0.04626958527	0.02863654674	-0.06114621236	0.1942405241	0.02907381712	-0.06641896222	-0.01309426814	-0.005769099245	0.08595177422	-0.04506804839	-0.04050090003	-0.05200356181	-0.01690540395	-0.09177635554	-0.07565814617	0.061139569	0.0426252421	-0.05331367244	-0.100590657	0.1233565116	-0.03050227854	-0.02942326991	0.05767235556	0.1709598856	0.1294044537	-0.0418092214	-0.2113713965	0.02522805478	-0.01368148312	0.09767681337	0.02984632677	0.03466320979	-0.03659985178	-0.0595643346	0.02559403256	0.2175871481	0.632184362	0.02984875837	0.02205998336	0.1149091499	-0.06286375613	-0.07407547216	-0.01498781964	-0.03138853803	-0.09429931429	-0.09953877543	-0.05609416565	-0.001563407982	-0.049119317	-0.004718870973	0.09971308159	0.0312184122	0.1521112818	0.1296804879	0.1298141991	0.01158226802	0.07102090034	0.1176490535	0.1045615581	0.1000738919	0.1708071424	0.02287702974	0.2227281444	-0.06981593818	0.003518747479	-0.02946783328	0.2084711189	0.775478577	0.5298482147	0.6363645542	0.7418045344	0.343133777	0.1200414348	0.0253812055	0.01807097108	0.08565786865	0.837442383	0.2233161853	0.133734025	-0.05149333832	0.06922027035	-0.04752012659	0.1086258367	0.1287611855	0.1703250886	-0.04223896416	0.01760960564	0.003644150221	-0.08064755888	-0.06996692944	0.04392312975	0.03686475623	0.1966774039	0.02146264378	0.01536717365	-0.0005045356412	-0.01955683416	0.002358216457	0.02794851697	-0.01787330065	0.1164992831	0.109871061	0.004237463523	0.01099282224	-0.02509534627	0.01462476377	-0.1052718138	-0.003830360435	0.01564080352	0.008932377245	-0.02057330027	-0.07834184157	-0.08479813427	0.01325325806	-0.004809202607	0.07920161475	0.01760176921	0.008612400048	0.01210534694	-0.278334586	-0.1307231755	0.07155690002	0.0157509448	-0.03395478269	-0.1047197703	-0.01706998253	0.03713039356	0.01715152884	-0.2644861694	0.01343317868	-0.006300755729
-0.005340271319	0.08015087308	0.1061130427	0.06257398464	0.1055496994	-0.07580284298	-0.008429444515	0.02236175736	0.007851261107	-0.2833031506	-0.3192017618	-0.3237638411	-0.3004955351	-0.3025847152	-0.2957623682	-0.3051555576	-0.2797773921	-0.3216234844	-0.2819511641	-0.2596323869	-0.0499123244	0.01240795709	-0.2749957474	-0.02256431192	-0.07397562467	-0.2585752622	-0.2542015223	-0.3053453716	-0.2450154208	-0.07321289462	-0.2431942308	4.607915546e-05	-0.04830447504	-0.1985006135	0.0005244823526	-0.3040077976	0.02203081941	0.04637692181	0.03008382616	-0.01911713547	-0.02945424534	0.02299821244	-0.2878430328	-0.08644968424	-0.278341864	-0.002969789912	-0.0845764931	-0.02471892515	-0.07777200364	-0.0617524875	-0.0609148541	0.01471914543	-0.303882106	-0.2978896719	-0.2824786603	-0.08279342208	-0.08275782762	-0.06690213898	-0.2886963053	-0.2823691466	-0.2789395394	0.038675038	-0.3022417331	-0.05136093049	-0.03801814016	-0.05523436004	-0.006855692694	0.03307809359	0.01019930646	0.08059192703	0.1908851559	0.1283975339	0.1307609177	0.2226254812	0.1077531117	-0.003233425522	0.03406015325	0.06152623895	0.09005231191	0.02243198606	-0.02792478542	0.03268925732	0.07993431678	0.02038441425	0.0172359636	0.06660260697	0.06412271164	0.04557162115	0.07138927431	-0.03517770963	0.03071598239	0.0400599328	0.09987467241	0.03590131994	0.134065938	0.06794971389	0.1106087813	0.05556317917	0.1311582698	0.1612414873	0.03447461015	0.1642833357	0.01509320864	0.03484844983	0.06205927305	0.008574358125	0.03326997491	-0.001415230188	0.07857339647	-0.0005548906338	0.0576448487	0.04710900808	0.0503102673	0.003937291001	0.01780652902	0.1026294002	0.06611769797	0.02110971154	-0.01595588582	0.09390708723	0.04734575077	-0.02282217117	0.008708943764	0.1197877208	0.1511438279	0.004641265258	-0.2812903142	0.1240174121	0.04063559407	0.02096491426	0.1205336113	0.09222512493	0.04122862041	0.05208894569	0.08685363598	0.2588024603	0.1762724758	0.1108218718	0.1271280493	0.02255229975	0.01085384044	0.01268473236	0.06536011748	-0.0128141375	-0.005109512931	-0.01553194878	0.05699415064	0.001470013058	-0.006047059252	0.04942917101	0.05087321219	0.00906482934	0.04310845446	-0.03247537055	0.01718516522	-0.04873707644	-0.04304059584	-0.02836731852	-0.02849675172	-0.005337101933	0.0144522647	-0.008821659636	0.1157716735	0.007451763102	0.1146131906	0.06456348991	0.02599014481	0.2182351354	0.07880527534	0.1160039063	0.2167880237	-0.05875861266	0.0385255954	0.1652668669	0.06568567367	0.1917362044	0.2233161853	0.586850738	0.2665946351	0.0471168566	-0.04627978588	-0.002086765316	0.2547012514	0.2272790148	-0.004479587768	0.05998494876	0.01839249389	0.0891787887	-0.02117400818	-0.001319227351	0.1215654927	0.129269955	0.2142602734	0.0251297604	0.07711700475	0.1079295992	0.01760423799	0.1346001696	0.0371732924	0.09184082549	0.02196652936	0.03055706117	0.05948766035	0.1015667208	-0.01769517635	0.02741443746	-0.03010109508	-0.06297273656	0.01031779407	0.006543949659	-0.05813889768	-0.008071021271	0.01756693667	0.05874938967	-0.02029092952	0.1701119289	0.09849094616	0.04808570348	-0.0008611764569	-0.3117381206	-0.2091806536	0.1323884446	0.0641025403	0.08793155198	0.0313953964	-0.07961589109	-0.00399313479	0.02333985194	-0.3265283717	0.1049497127	0.0122171342
0.04881001196	0.1242993892	0.1496456953	0.08435429618	0.0915478689	0.1570061748	-0.01236321913	0.05275760327	0.07560946978	-0.3329159418	-0.3653586577	-0.3689911364	-0.3521335696	-0.3399674947	-0.3410980147	-0.3493029308	-0.3243791963	-0.3728092451	-0.3308217373	-0.304081581	-0.1150406059	-0.01830427029	-0.3341570844	-0.05837074985	-0.0924339191	-0.3092191933	-0.3000643377	-0.3438038515	-0.2878081725	-0.09916116495	-0.2936277589	-0.02416958249	-0.06890833237	-0.2316816561	-0.0450815966	-0.3483363382	0.0448548821	0.07899527005	0.06100945261	-0.01960425183	-0.05740584753	0.02747021234	-0.3367796545	-0.09074830806	-0.3242317008	-0.01052458205	-0.09387977141	-0.03856696115	-0.1500813678	-0.09495860313	-0.1043169484	0.01156203399	-0.339284404	-0.3366412299	-0.3293404135	-0.1120496607	-0.09978779885	-0.09492860762	-0.3359476898	-0.3094513182	-0.3207495995	-0.008487908046	-0.3368304513	-0.09247826926	-0.08325162584	-0.07450109155	0.03981463224	0.06298339072	0.02490951306	0.1008169897	0.1505539603	0.1538348541	0.1564771103	0.2462656491	0.1421261042	0.04229591933	0.004131090505	0.0909873109	0.2496119279	0.04971587707	-0.05426274178	0.004558628513	0.1169778573	0.01821884677	0.008329241856	0.1127668765	0.09947959989	0.01436076615	0.07298665916	-0.06634678122	0.05080891459	0.01057217571	0.05387150684	0.06286130898	0.05816301309	0.03139479405	0.07993560185	0.03719403164	0.1590947578	0.1636345359	0.01087602669	0.2076378567	0.02610147891	0.063174286	-0.01220067949	0.02129460571	-0.009710152877	0.02992137127	0.06711349186	0.1717515884	0.07281909255	0.03041923039	0.0895395124	0.02704221629	0.02169659995	0.07923045168	-0.02657161779	0.2022539442	0.2266057644	0.08189260559	0.03359794878	0.1907541843	0.1689211301	0.1490698	0.07057875467	0.0288968916	-0.3282835074	0.3344750029	-0.001809899457	-0.02250389183	0.05671073222	0.07735527669	0.01732959992	0.05816773791	0.05877776788	0.1479298471	0.09998896105	0.07846799243	0.1181177507	0.09585535271	0.006645534802	0.04898531565	-0.02052413868	0.2133748462	0.2646985065	0.2433751804	0.06424045846	0.03572158825	0.03079349333	-0.0109812748	0.03761498264	-0.03573186031	0.0278661788	-0.06778040655	-0.06079042798	-0.0450830806	-0.1048969586	-0.1017727457	-0.02086775436	-0.07055491115	-0.07471547227	-0.02942863514	0.09307182647	0.04360273572	0.152813412	-0.01520734774	-0.05621526486	0.1445939672	0.0539579776	0.05508285194	0.1373968044	-0.117130246	-0.03932384211	0.1982719259	0.07138294653	0.08196463356	0.133734025	0.2665946351	0.7294164158	0.05521023092	-0.02114418573	0.03490313353	0.3281003366	0.2623910425	0.02484252027	0.02046567408	-0.009004867672	0.08507466896	0.2424372175	0.06258171534	0.1565206734	0.1422356922	0.1463099149	0.006950864623	0.1051119154	0.1090794052	0.01492830358	0.2390421026	-0.02019832103	0.08149851882	0.003498878906	0.00400945305	0.1756028841	0.06522850975	-0.03029226767	0.02829228684	0.0003603217751	-0.1043453933	-0.04056129014	-0.03361791749	-0.1063816321	0.2270934612	0.03559810009	0.2901266218	-0.05986524899	0.18616145	0.09852395531	-0.01961285498	-0.03423728463	-0.3623842979	-0.2362357034	0.1779483227	0.1356319315	0.115114955	0.04191343053	-0.1098882318	0.01034562258	0.0001302970218	-0.3857458011	0.1139280302	0.07101499465
0.1478448166	0.03656246495	0.08736194697	0.1050282372	0.02619031279	-0.007279852025	0.001413459318	0.04268582581	0.07950989035	-0.3786906036	-0.3617916907	-0.3694607691	-0.3419006587	-0.3298466702	-0.3379635333	-0.346483381	-0.3747899447	-0.3649769562	-0.3320909762	-0.3519141837	-0.07464538032	-0.08834768998	-0.3214894518	-0.08408402336	-0.05745892423	-0.346481068	-0.3406209668	-0.3404719868	-0.3365011918	-0.07807144191	-0.333175725	-0.1111187595	-0.03496769585	-0.2287741672	-0.1040711075	-0.3357407609	0.05600888483	0.09514981118	0.09056978782	0.006901038802	-0.03071247173	0.05204178808	-0.3869969078	-0.09387473369	-0.3592469809	0.03898378365	-0.07702260602	9.157000235e-05	-0.1016368615	-0.09050752147	-0.05403328848	-0.05896838434	-0.3373786952	-0.3314786802	-0.3215956871	-0.07736332817	-0.06862490559	-0.05657134992	-0.3938352277	-0.3840113667	-0.3784881343	-0.05382582383	-0.3300734169	-0.0452309759	-0.06026236916	-0.03833305485	0.04208317705	0.03818883663	0.05289728447	0.06944373184	0.08180265387	0.07931662957	0.07710217185	0.01783274393	0.04585493922	0.1580278589	0.1774456926	0.033308856	0.1185420738	0.07669888502	0.04778448639	0.1182292825	0.1058540937	0.06063062618	0.2580752523	0.08534188147	0.1112074972	0.08554962468	0.1119495794	0.03214602228	0.07927342323	0.1814078352	0.006355844555	0.1128094567	0.05745077698	0.1808279839	0.1535935518	0.08496760817	0.1329323824	0.04846900096	0.05314441123	0.09653475514	0.07952467067	0.06664493587	0.07631522803	0.07986196751	0.17374446	0.08386399927	0.03819778671	0.1204953238	0.1338882958	0.05298470409	0.04287513381	0.1901640664	0.1584692722	0.04227516662	0.1708033889	0.2610740175	0.1416771118	0.12792143	0.1170367267	0.1564581285	0.005241059733	-0.009840532263	0.05894566748	0.01998435225	-0.3770289111	0.07521806676	0.1683847025	0.1635442509	0.0454051078	0.1400864785	0.08965790283	0.1510858329	0.03987079378	0.04646756559	-0.01053035615	0.1586160664	0.1178548167	0.007104618158	0.08208737892	0.114231383	0.157553319	0.0723444675	0.1192603072	0.1321180947	0.07033016159	0.1824342683	0.05542341564	0.1779569068	0.0219173055	-0.03163073439	0.0451141023	-0.01127737772	0.02513124344	-0.007803819854	0.03627565143	-0.04333260199	0.02722943329	0.04419437555	0.000619915587	0.1317608295	-0.05154171839	0.1050435163	0.1078537726	0.2257458587	-0.09256393737	-0.04196476695	-0.06818685361	-0.04951311412	-0.05684401466	-0.04352888003	0.01644254076	0.1255865015	0.02765057726	0.07809896092	-0.05149333832	0.0471168566	0.05521023092	0.4931877227	0.1310301445	0.188387177	0.05712075634	0.08047900003	0.115690588	0.1846740683	0.1850123594	0.1890792239	0.05788745975	0.1611852198	0.06662031772	0.1064910515	0.01572301574	0.001517400201	0.01792595249	0.06800825152	-0.01420501357	0.05196211896	-0.03548559351	0.05828528544	0.008571901316	-0.02006649735	0.04094440091	0.05184018442	0.02820905152	0.05058396566	0.01724369878	-0.005672432741	-0.01244237259	-0.06273824052	-0.08013399435	0.04700627231	0.1082180035	0.09535296716	0.03022856494	0.1097622508	0.08408470475	0.08748931152	-0.08792953308	-0.3434849367	-0.2286629885	0.05051871369	0.04151304334	0.05694022168	0.1534032286	-0.06075951179	0.05493241173	-0.0002608203366	-0.3545624282	0.04922756625	0.07453107524
0.03615590456	0.1027574313	-0.03387676681	0.03771364289	-0.02132412088	0.07468908032	0.01829983463	-0.0240907641	0.008130419295	-0.3055429789	-0.2720854791	-0.2789911306	-0.2733787219	-0.2401753498	-0.214315689	-0.27326491	-0.2853720654	-0.2878341273	-0.218925565	-0.2695943032	0.001113910347	-0.03751578675	-0.2222143362	-0.01169754068	0.01991887757	-0.2332050435	-0.2542648262	-0.2598191519	-0.2269080501	0.02106768092	-0.2513283287	-0.009454717153	0.01044999246	-0.1365475976	0.001424551198	-0.2359144909	-0.05883152886	-0.04751099912	-0.05213506381	-0.06040560606	-0.009446445925	-0.07317574738	-0.2744997778	-0.00921557049	-0.2341133219	-0.05464391006	0.01411396371	-0.01172696066	-0.01905899023	-0.03670583828	-0.02100082818	0.0006517940642	-0.2155194642	-0.239293677	-0.2220302511	0.02185006686	0.0007667203418	-0.05253325599	-0.2672587498	-0.2617516599	-0.2988548954	-0.07312280126	-0.2483512626	0.008119039059	0.0197851369	0.01178196227	-0.04208414186	-0.01232323949	-0.02493302269	-0.05835481603	-0.04647415464	-0.01496687591	-0.02083434307	-0.03249720519	-0.02222806507	0.01694044299	0.06906430175	0.04989374165	-0.03216339548	-0.008093572092	0.133797608	0.1125036828	-0.0242558501	0.09298094253	0.02850052981	0.004819760275	0.01188422855	0.132633532	0.1099952563	0.4878139198	-0.008959487784	0.3958060419	0.1038974856	-0.02398003016	0.08173076297	0.3140127263	0.2543195913	0.06967318969	-0.03135957096	0.04898480297	-0.00828913595	-0.05620554245	0.02524115823	0.0972867456	-0.01430674083	0.1211980683	0.2646483324	-0.009112978177	0.1275524693	0.1052514356	-0.004336789544	-0.0743685646	-0.01681228286	0.03303033187	-0.003132313887	0.01844143184	0.2301422316	0.06453703571	-0.01215494502	0.2212159703	0.1715261451	0.01910116863	0.08310054133	0.03639421924	0.001784812804	0.01056586584	-0.2673835436	0.03040715017	0.2580258158	0.3400742626	-0.0006455733802	0.2211584131	0.07637628792	0.02645937341	0.01638158798	0.01393155187	0.0898878336	0.2479673996	0.0349415142	0.1030889372	-0.0274406382	0.02626045086	0.0425461898	-0.04267058652	0.007677170854	-0.01525582451	-0.04761327986	0.08585433223	-0.008547587695	0.07485925474	0.02972322086	0.01742576088	-0.002774019023	0.06385374142	0.06664183902	-0.01540244714	0.06663561981	0.06283632046	0.08500745716	0.06099875707	0.04204782881	0.09797678853	0.05370820349	-0.00354739815	-0.003965725855	0.1020035652	0.001534380547	0.06868818385	0.126231806	0.09036537404	0.05402709172	0.1989572658	0.01550245055	-0.04798181405	-0.02951308703	0.06683828437	0.06922027035	-0.04627978588	-0.02114418573	0.1310301445	0.7316601177	0.05549954276	-0.04534724718	0.02056495344	0.1610609442	0.02715880401	0.1610338551	-0.0001144709931	-0.02247082078	0.02389449913	-0.04328598259	-0.00893120922	0.105576814	0.04751284259	0.03374987626	0.02110262163	0.02211369975	-0.06248504743	0.07593264601	-0.06707473655	0.0448419313	-0.03627965021	0.08986505125	-0.06723873578	-0.04743715123	0.1310874004	-0.006683884312	-0.03926744422	-0.03276894939	-0.002384467868	-0.007770543136	-0.02220297056	-0.04312942002	-0.03862776062	0.3574712812	0.03718523142	0.07063083957	0.128719765	-0.04620118897	-0.2704911364	-0.143265733	-0.02191552501	0.004833804383	-0.04808414828	0.01282282301	0.01888195967	0.05152931109	-0.02875509255	-0.2401371897	-0.003524590114	0.03615308941
0.2009825934	0.005362749823	0.1382442216	0.1096135553	-0.01190445904	0.04068839389	0.01036787554	0.03930200068	0.1078605003	-0.3354963766	-0.3443884333	-0.3481560459	-0.3268766841	-0.3155075414	-0.3208858636	-0.3256688068	-0.3337507841	-0.3238133238	-0.3221376517	-0.3324771698	-0.07520817921	-0.09042424568	-0.3072288566	-0.05812709277	-0.05313698352	-0.3277591325	-0.2961924882	-0.2876163136	-0.319387699	-0.05142195638	-0.3199006256	-0.1020598275	-0.05200544052	-0.207700425	-0.1102441185	-0.3172767092	0.05640040023	0.05734937254	0.06215765745	0.003023925961	-0.05254521381	0.01770150603	-0.3459895481	-0.06871902817	-0.3092665457	-0.01625875323	-0.05668957787	-0.02918357863	-0.07632282134	-0.08614602572	-0.0435435812	-0.07123059133	-0.2896684597	-0.3168810694	-0.3019796096	-0.05674234069	-0.04758826538	-0.06983758845	-0.3497620408	-0.3708953875	-0.3353353153	-0.0683374666	-0.278900644	-0.05137741484	-0.05963620473	-0.04517695777	0.03075357966	-0.02385324494	0.04757525983	0.0614093934	0.09005933754	0.1020156294	0.1024591722	0.06419896439	0.0465177535	0.1908869628	0.05975429902	0.01982277383	0.1276135557	0.05775175013	0.02757911762	0.07832082334	0.1025819293	0.07436167129	0.1919256218	0.1147877874	0.1243642844	0.07157154991	0.1201425724	0.0136628251	0.1832213683	0.08840335117	-0.006247105754	0.09477249261	0.009227147242	0.1148322293	0.1028109766	0.1005264837	0.1223182489	0.06210635215	0.1043968031	0.09244360884	0.06638777567	0.05506791782	0.06251204813	0.05469884606	0.1197297534	0.09741230576	0.003274355051	0.153218091	0.1038750959	0.01816919983	0.0492418557	0.2828292671	0.1701684465	0.08371108948	0.1444526242	0.1442979663	0.1291612501	0.07249444014	0.1581941037	0.1007293058	0.03153783145	-0.04187946065	0.04344038218	0.02028820552	-0.3392382356	0.01620714225	0.1105361885	0.1091396364	0.05689296647	0.09587398578	0.07007113232	0.1198675308	0.03976122485	0.04292555335	-0.03474194799	0.1030677574	0.1277377735	0.0348338973	0.09646005204	0.2611665491	0.1378349659	0.1133089179	0.1295562051	0.1319479456	0.06121426548	0.2839150254	0.08775303445	0.1287886472	0.03348318419	-0.01360951596	0.01033937251	0.007263227753	0.04211680225	-0.01037022143	0.03434195195	0.005110334645	0.05371705767	0.01558130843	0.03188897879	0.06966318826	-0.01744608266	0.1171769005	0.09373875085	0.1911431124	-0.05419826056	-0.0320796561	-0.04360116779	-0.03747428145	-0.03912125834	-0.01129873602	-0.005373920803	0.07838695748	0.008157151938	0.09283744231	-0.04752012659	-0.002086765316	0.03490313353	0.188387177	0.05549954276	0.5407840217	0.01397193857	0.07030880842	0.1093519503	0.1293288233	0.1614934656	0.1240094639	0.07428754383	0.2046691139	0.09442885391	0.1071868396	-0.01585211101	-0.01195963798	-0.006332655202	0.02603892004	-0.009332275293	0.04050479624	-0.0507856583	0.05828208977	-0.001463648181	0.007642622715	0.1030363617	0.08254528388	0.008209891364	0.08193203793	-0.002906367792	0.00663960292	-0.01691055628	-0.06077834072	-0.09105930034	0.07280478787	0.07623675385	0.1082225267	-0.02062819784	0.1076855359	0.05867280102	0.0611227472	-0.1124017972	-0.321077806	-0.2092647471	0.02292936005	0.05535162276	0.03578925023	0.157681589	-0.05285448513	0.07696555219	-0.01777340672	-0.3132150452	0.03505924992	0.04461052413
0.1000551353	0.06156384088	0.1542378299	0.1024754543	0.1452393137	-0.04143401801	-0.02582300514	0.07437373066	0.02030242371	-0.2867789481	-0.3226659195	-0.32726313	-0.3026928579	-0.2844083866	-0.3011425916	-0.3089949229	-0.2827832171	-0.3251978628	-0.3230371668	-0.2618050091	-0.08444768488	0.006672740066	-0.3190744698	0.004338349072	-0.03012484147	-0.2461826292	-0.2445436026	-0.2884727984	-0.2294646142	-0.03462930001	-0.2232205553	0.07084194127	-0.04549477044	-0.2440480672	0.04836864371	-0.2883499398	0.03899257852	0.07012922344	0.05085545217	0.03292416851	0.01516391946	0.03029187775	-0.2880967998	-0.1052677284	-0.2767033062	0.008688712879	-0.02293204685	-0.02548039577	-0.1188225538	-0.07872566162	-0.02971830822	0.02975904476	-0.2953730865	-0.2810864893	-0.2765826547	-0.04862485657	-0.03641560638	-0.06105522756	-0.2891537912	-0.2817178359	-0.2854506048	0.01105313738	-0.283517384	-0.01474660476	0.003554102754	-0.04254563452	0.02739743541	0.06526927158	0.04290101585	0.09311665465	0.2062887058	0.1378030867	0.1382376093	0.150338288	0.1545850755	0.02614840333	0.006545943375	0.1225369277	0.05690224679	0.05104124092	-0.06820993242	-0.01299825787	0.1055694492	0.08333305028	0.01386006274	0.07497387682	0.08344176514	0.006414041916	0.0267464219	-0.06553121918	0.01752512042	-0.0074967224	0.1200681126	0.05960544337	0.05179109499	0.01469487788	0.06775988416	-0.005362829814	0.1710319004	0.2744507562	0.002616071158	0.1956985019	-0.002728827	0.09410332787	0.05856612394	-0.02617293835	0.02273452835	0.07275464966	0.08106035979	-0.02387278885	0.07935937141	0.02566899028	0.1381815725	0.01990936116	0.03525439199	0.120027366	0.006010786507	0.005600036969	0.03378918518	0.06371053149	-0.02075680282	0.05323155974	0.02423437649	-0.05821413727	0.03798530976	0.007579606329	-0.2811901971	0.1128862108	0.0306927235	-0.007038051711	0.04344634716	0.03827809143	0.08915291039	0.0196962883	0.1559617193	0.1743287211	0.1075452495	0.07062894127	0.1057236114	0.03582631709	0.01587479934	0.01758109675	-0.01404327063	0.00746208136	0.04032511762	0.03042096096	0.07550034837	-0.003556600984	0.01441357672	-0.01428549565	0.05297828632	0.03373384457	0.001460311596	-0.06564084506	0.01057505453	-0.03939168813	-0.01729506278	-0.0715815552	-0.02585871486	-0.04074721058	-0.02513441267	-0.0289165967	0.04750972219	0.03702644338	0.1593471071	0.02067709873	-0.08998543911	0.1084763773	0.04654707851	0.02290964731	0.1031011038	-0.1212664971	0.02909435192	0.2110110325	0.09853024484	0.1404565343	0.1086258367	0.2547012514	0.3281003366	0.05712075634	-0.04534724718	0.01397193857	0.5780438207	0.3533148758	0.03368815189	0.09520223985	0.1027610334	0.1086361927	0.008907776806	0.03206242967	0.09074402527	0.1359137074	0.1276833134	0.004950629148	0.09772585624	0.08806531975	0.01776959693	0.1345429295	0.01205052277	0.0648115485	0.00596206426	0.009980494957	0.01511642025	0.03317361144	-0.008532780443	0.02516041693	0.01020445964	-0.03374883567	0.05394886113	0.001869558758	-0.07648932429	0.0133686726	0.05365035572	0.05808299546	-0.06453067212	0.284402338	0.06926753516	-0.01835230575	0.01379637364	-0.3652140765	-0.2435688713	0.2369433382	0.1279189195	0.09563341078	0.04218277986	-0.05129922386	0.02068161823	0.03038222099	-0.380129388	0.1002085538	0.06974187343
0.05243732129	0.07602637853	0.113616364	0.1535253265	0.08020318836	0.0132409646	-0.000121987357	0.07584137732	0.08754407417	-0.3275156972	-0.3625676363	-0.3675074249	-0.3441776108	-0.321117571	-0.3282811071	-0.3480663667	-0.3234511627	-0.3680688088	-0.3202873539	-0.3011237018	-0.08347008379	0.01484615911	-0.3142414694	-0.03839898038	-0.07764151986	-0.2900586072	-0.2828105716	-0.3219134095	-0.2697282644	-0.08281632423	-0.2610084595	0.01329981589	-0.02570996698	-0.2421549488	0.0003068204328	-0.3235867006	0.05390076766	0.080472752	0.06107111113	-0.00906114181	-0.03351523531	0.03391487336	-0.3292661593	-0.1209657607	-0.3112597253	0.001728369435	-0.07084036871	-0.03051772314	-0.1142695731	-0.0849149017	-0.07833673632	0.0586270875	-0.3391030395	-0.3204529196	-0.3094780395	-0.09518516021	-0.08320351898	-0.05008571248	-0.3319775089	-0.3227664413	-0.3251777011	0.01902329491	-0.3218411462	-0.04909280212	-0.0341948699	-0.0154619975	0.03516732081	0.06425995073	0.04504363675	0.09618671037	0.1383258372	0.1803825756	0.1740681123	0.08894672558	0.08237658231	0.05694520117	0.02070317218	0.1891529484	0.06828331901	0.06657070567	-0.07417490494	-0.02580454956	0.1110038625	0.05358182472	0.05708885732	0.084031643	0.09665020499	0.04447771134	0.05323596045	-0.007865458313	0.03852716173	0.05224293815	0.1061569879	0.09480572643	0.05669580576	0.07876917058	0.1227224771	-0.006449761415	0.1643208493	0.3358684546	-0.0003294769968	0.1427209084	0.0001122056599	0.1727185841	0.02191033956	0.009833189165	0.08254015435	0.09667849601	0.0961782803	0.01482742575	0.07570050094	0.02172546319	0.08168896284	0.0572144895	0.03488655778	0.1422441591	0.06765540676	0.006493432062	0.02849113472	0.1006115866	0.04929094138	0.06771652482	0.1267741272	0.0104757534	0.1186927855	0.01870354438	-0.3211707492	0.08701140448	0.09059671126	0.0544098971	0.05992823401	0.1030722853	0.0184695071	0.02302052733	0.1018343693	0.2589732286	0.1166464356	0.1254627439	0.1184848858	0.03985027331	0.01207768476	0.03612829924	-0.02002823656	0.0320454855	0.04733001612	0.03242848164	0.07531498686	0.05671393957	0.02147833814	-0.01012960228	0.05014357468	-0.02232678597	-0.0278134878	-0.07090650482	-0.03765186175	-0.03253393327	-0.06935987468	-0.1185115579	-0.06907768885	-0.03720282486	-0.08171957725	-0.008915798432	-0.0002079162973	0.04648372117	0.1644090378	0.08571439388	-0.1067176509	0.1392031182	0.1218903452	0.03802084675	0.1203339845	-0.08396056657	-0.0396169129	0.1480569074	0.01966870666	0.2420359972	0.1287611855	0.2272790148	0.2623910425	0.08047900003	0.02056495344	0.07030880842	0.3533148758	0.5136027975	0.07098719939	0.05019483435	0.04500727302	0.1111483633	0.04599446144	0.06468176206	0.08635204274	0.1859855883	0.1404980064	0.03405309296	0.1069601856	0.1100788254	0.02719345571	0.07555039004	0.01180159381	0.06001241448	0.02267182339	0.003379390888	0.06112830741	0.02739015874	-0.01103368496	0.0967290189	0.01120864693	-0.08339687884	0.006529563324	0.01547256125	-0.06660066914	0.0480267007	0.04498807921	0.06339306676	-0.06629436168	0.3389765896	0.07235780254	-0.012837915	0.001914329086	-0.3638251189	-0.2442522325	0.2478909444	0.1499595604	0.05208711132	0.07604970103	-0.08415671539	0.04806514248	0.04524367002	-0.3753307432	0.09609686722	0.09489591404
0.05613043863	0.0518600522	0.002159718238	0.08401320778	0.00970728689	0.07225119481	0.005556838401	0.01511365146	0.1430438409	-0.3665005795	-0.360005492	-0.3560138058	-0.3394821773	-0.2990414718	-0.3066218627	-0.3499636257	-0.3661048262	-0.3271983258	-0.2767134287	-0.363696662	-0.05036608608	-0.08190064629	-0.2960655363	-0.03268151499	0.002108945315	-0.2970180787	-0.294910492	-0.288189027	-0.3104061417	-0.01144391944	-0.3054244421	-0.04056373813	-0.07112081225	-0.2037087412	-0.07010977966	-0.2731961809	-0.02726772141	0.008130007072	0.001260872873	-0.005485928089	-0.02924600135	-0.008258962271	-0.3163810067	-0.05644410118	-0.2919805375	-0.05855829957	-0.03008531291	0.01793997301	-0.02120934762	-0.08085715908	-0.030016108	-0.04788312965	-0.2855613226	-0.3070657697	-0.2867011126	-0.01106657195	-0.002312958284	-0.07306224759	-0.3232698652	-0.3452525275	-0.3047574855	-0.09438084311	-0.2882187785	-0.0411279874	-0.04066213926	-0.03295981565	0.09091132063	-0.0204690746	0.002785671046	-0.004076087202	0.03332141026	0.0778755176	0.07161436852	-0.03147820638	0.1334671381	0.04158219478	0.1968544353	0.1956077496	0.02925332229	0.02634023759	0.02820407459	0.1179278254	-0.02785559289	0.1459204351	0.1440968173	-0.02691738209	-0.006872520619	0.1157454902	0.04355736933	0.1666622841	-0.07065752038	0.1303300128	0.07347340934	0.03221464113	0.0545911501	0.1030591812	0.06137230532	-0.01719258191	0.01676755127	0.1373913722	-0.01368289863	0.06620764492	-0.03160813751	0.3259746966	0.03225198022	-0.01080027207	0.0796305557	0.1257057644	0.03249913611	0.09906056346	0.02137310398	0.009554503555	0.06708653689	0.08144043136	0.03280412808	0.08920810859	0.1861159801	0.0334028213	0.01417059109	0.1238940361	0.06156080733	0.147466879	0.1404372595	0.1723612769	0.1234997391	0.02542373525	-0.3110957387	0.01478409864	0.0760469662	0.09783301335	-0.06372947405	0.05261061421	-0.03328828443	0.01295731636	0.01625707124	0.01019027214	0.1769430366	0.06194275173	-0.01050149438	0.1122622459	-0.00857690432	0.01774901467	0.02516515113	0.06758148995	0.01899407543	0.01462850735	-0.01422932707	0.1774813214	-0.003790038393	0.007913648222	0.1048315382	0.002958319978	0.1494253124	0.1112470677	0.159635359	0.03410849151	0.1182440706	0.066505776	0.1923748485	0.129633024	0.05999801086	0.137452394	0.08515138499	-0.01939513404	0.03616188336	0.08810047957	0.01068669325	0.1518575307	0.1791112473	0.1783355546	0.1379314839	0.1792929293	0.2385546783	0.07790840703	0.06342917613	0.1050805697	0.1703250886	-0.004479587768	0.02484252027	0.115690588	0.1610609442	0.1093519503	0.03368815189	0.07098719939	0.6173899586	0.08728718957	0.1580853243	0.04407903218	-0.03124602892	0.05362428232	-0.06654011147	0.05374468486	-0.0002453747861	0.03565759317	0.01653102565	-0.02058770126	0.006562960232	-0.01117439163	0.03087486209	0.0664452827	0.2395606749	0.1822423571	0.1509718265	0.05757784121	-0.01122885311	0.1838623085	-0.00854728645	-0.04023702978	-0.003565866456	-0.06692205496	-0.05433502799	-0.03114555939	0.03146529583	0.02993770885	0.08833616124	0.06029571792	0.02064154405	0.01253730751	-0.09598610002	-0.3533804375	-0.218282752	0.1315860261	0.05619157646	0.003067931868	0.01949581668	-0.04119727302	0.09490921001	-0.03033238535	-0.3368477584	0.009406128401	0.1120141953
0.1174153991	-0.02418373332	0.02642575276	0.06481569878	0.05501796363	-0.0005588290589	-0.02761522369	-0.003898575778	0.0881100016	-0.2907314056	-0.2781333361	-0.2867081613	-0.2592321226	-0.2532727444	-0.2535296744	-0.2611009932	-0.2896250785	-0.2568804086	-0.2702674149	-0.2731817735	-0.07409031229	-0.08458420414	-0.2969578034	-0.03786700499	-0.01486789417	-0.2571492166	-0.2509612544	-0.244304363	-0.2593394656	-0.02428102174	-0.2635327668	-0.06082143973	-0.06540557459	-0.1961157368	-0.0530566824	-0.2313522866	0.03901387727	0.03733771724	0.02628854146	0.03437062952	0.007230384196	0.005453762602	-0.2707083113	-0.06924609259	-0.252188277	0.03429116557	-0.03164290643	-0.009942256422	-0.08597382911	-0.07925064464	0.007525690642	-0.08472682428	-0.232158097	-0.2531505216	-0.2381685936	-0.03329219344	-0.01930862475	-0.05897289683	-0.2732704659	-0.2750014398	-0.2690326919	-0.05600865336	-0.2608059718	0.0004051730742	-0.02631811531	-0.07433892661	0.0268539681	-0.04191398033	-0.0161545865	0.03212792662	0.1013590647	0.04289461794	0.04418476054	0.03523308204	0.03435477487	0.07835503001	0.1856894191	0.00679533403	0.1239008862	0.02694405403	0.0597548715	0.09531187453	0.04124258321	0.1206441134	0.1686804731	0.04821210257	0.06452283885	0.122402831	0.1007505552	0.03877645645	0.07411480541	0.09217666506	0.103256128	0.05974844852	0.1052010373	0.09025761863	0.1170762705	0.07117343597	0.05589835789	0.04548416292	0.04291938362	0.05125423835	0.0481824353	0.05496396116	0.15492131	0.06001166825	0.09254869494	0.06880078466	0.0350558332	0.08873533746	0.05511617269	0.01942026508	0.06888195268	0.1269628182	0.09086520938	0.03445678679	0.1310916643	0.1811907518	0.04789641663	0.09883425857	0.1079170259	0.1562828138	0.002750048441	-0.004115036373	0.05093847729	0.01223156476	-0.2665666832	0.05766816394	0.078934036	0.09596485728	0.02836084919	0.132311959	0.08091926563	0.1173642906	0.1004720266	0.09655658844	-0.007376546008	0.1180033222	0.04269606123	-0.01277442865	0.04889199676	0.06604582014	0.08061245911	0.07409574039	0.02992348397	0.04266594811	0.03283202348	0.1193878906	0.0003279177633	0.06161326528	0.03288471988	0.008008803191	0.006605606634	-0.0267131616	0.03673589861	-0.04314661398	0.0474700972	0.06672092652	0.1255994997	0.008909231384	0.0767385744	0.09678151176	-0.07725930534	0.06248059534	0.05679523388	0.09830184655	-0.0371703101	-0.05037151865	-0.08810750862	-0.01442044131	-0.003195679654	0.02556752666	0.08819392991	0.06710250377	-0.0147784074	0.06934904647	-0.04223896416	0.05998494876	0.02046567408	0.1846740683	0.02715880401	0.1293288233	0.09520223985	0.05019483435	0.08728718957	0.6485917396	0.3176955114	0.1516384513	0.06581799674	0.08385981532	0.05618990705	0.07855122047	-0.006868291872	-0.03392836569	-0.01009472625	0.006293570739	-0.01771065764	0.0126670814	-0.0464146208	0.03850921426	-0.03715715854	-0.03762892608	0.05047364356	0.0566058734	0.0009531871646	0.04692730267	-0.05279276841	0.07991813712	0.02553580194	-0.05741838648	-0.08525623283	0.06698959487	0.01026328452	0.04878170636	-0.00158674171	0.09359569612	0.07479364042	0.06169511004	-0.09731148921	-0.3023254214	-0.1945136153	0.05714511419	0.03808366967	0.02499956848	0.1007610428	-0.001652500948	0.04505683692	-0.02852109387	-0.3141908933	0.07035534766	0.0825385532
0.1328316389	-0.02568634242	0.02367430175	0.09636947064	0.0370513621	0.001056234221	0.02622225018	0.03185259338	0.05660926899	-0.3310560931	-0.3103624957	-0.3182113118	-0.2935397846	-0.2828861736	-0.2733743184	-0.3002191078	-0.3255585976	-0.2937033765	-0.2865719281	-0.3027965823	-0.05922459992	-0.06280590167	-0.3181902131	-0.05177534755	-0.02305958097	-0.256053183	-0.2766466596	-0.2749757084	-0.2609829271	-0.006074959644	-0.2806119727	-0.01592636826	-0.02641362399	-0.2080180218	-0.03114556295	-0.2541712326	0.005626050253	0.02514201168	0.02387743179	0.01885744654	0.02092776537	-0.005463567631	-0.3146238774	-0.06643533181	-0.2556603627	-0.0287899897	-0.033991423	-0.02116800587	-0.09878815962	-0.05524462251	-0.0193360416	-0.04643823151	-0.2369725434	-0.2800510133	-0.2646383929	-0.01709602138	-0.03468270234	-0.08526686742	-0.2936958627	-0.2839154559	-0.3084180333	-0.07265928099	-0.2831719811	0.006886595197	0.006215808374	-0.0295595692	-0.007248405883	-0.06211564532	0.01024124731	0.005739115831	0.06597952445	0.03732386259	0.03996480765	0.0275285805	0.002242931781	0.08684008283	0.0688408803	-0.02671005586	0.03536227862	0.02387184646	0.03658955718	0.108734167	0.04679155063	0.04894088313	0.1628405861	0.05986063738	0.05225843416	0.084590314	0.1053652644	0.09293407409	0.01613199178	0.2598781997	0.04347375711	0.05757011754	0.1134878442	0.1644780258	0.1281812043	0.06293293107	0.04398113291	0.02590123569	0.04409071469	0.08778639453	0.05201361442	0.04954626949	0.07401609999	0.07332078431	0.1472461905	0.0615249387	0.006353317242	0.1493061611	0.1009064453	0.0006072540932	0.02708759341	0.1414488471	0.1039965572	0.03984677156	0.2656873881	0.210122965	0.04530293211	0.1079945253	0.1056950701	0.09180111491	0.01141971958	-0.03366691458	0.0184164353	0.003576615811	-0.3099091602	0.06708881253	0.1353858463	0.1724629765	0.02096370425	0.1016780979	0.1396020436	0.08504155369	0.1071120892	0.1159488376	0.01682160033	0.1339399861	0.03883520699	0.006589328409	0.02008119271	0.05876029766	0.1335972206	0.03562616312	0.03264723194	0.04771825655	0.03117869449	0.1580423235	0.0114545166	0.1060439453	0.05373437434	0.0346549229	0.003723096726	-0.002488497756	0.09059338738	-0.01500246233	0.07432563076	0.08498076271	0.1314433629	0.04776797525	0.095629003	0.02748565938	-0.01238982422	0.06801603766	0.02706910129	0.1656675936	-0.06348546648	0.01871934267	-0.02701204793	0.02504664905	0.01710531671	0.02508119594	0.03698886286	0.07800386268	-0.03006573809	0.07110482382	0.01760960564	0.01839249389	-0.009004867672	0.1850123594	0.1610338551	0.1614934656	0.1027610334	0.04500727302	0.1580853243	0.3176955114	0.6153506014	0.1212221567	0.04938089542	0.09451668854	0.0220263101	0.07844009996	-0.02886556899	-0.02086794966	-0.01876547688	0.02951909906	-0.04702651142	-0.01434825795	-0.05116313765	-0.004234093841	-0.01143076842	-0.06003349025	0.1115082303	-0.007823350203	0.0184310432	0.03740792485	-0.0397610586	0.03556620125	0.01639931392	-0.05287184114	-0.06100341139	0.05677025713	0.04910506829	0.007918489972	0.08205067197	0.1346889355	0.08328037487	0.1227247255	-0.07024056915	-0.3143156727	-0.1984049666	0.05030878352	0.009018078639	0.01938022582	0.06290968091	-0.01529265461	0.04700568477	-0.02902116984	-0.3256402453	0.0869551978	0.04241002918
0.1300546222	0.1063969938	0.1176103432	0.09309795008	0.07377996255	-0.008259969532	0.0519151385	0.1167296125	0.06316394969	-0.3724820474	-0.3536168764	-0.3654942038	-0.3362357322	-0.3184337504	-0.3271989535	-0.3409307215	-0.3702050545	-0.356613733	-0.3167897191	-0.3485641284	-0.05796505768	-0.06343908147	-0.3120180634	-0.09841481476	-0.08415627528	-0.3299396023	-0.3289666741	-0.3234334474	-0.3280857304	-0.0927146906	-0.3193858115	-0.1004864414	-0.01278118065	-0.2190640687	-0.07889383541	-0.3214716498	0.08970479763	0.1018650999	0.08890494888	0.01845954692	-0.006709198861	0.05730369397	-0.3834671008	-0.1056793474	-0.3482227199	0.05247714621	-0.07483187885	-0.02209503133	-0.1132046781	-0.07934347552	-0.05397187057	-0.03852436286	-0.326339111	-0.3188845218	-0.3033623766	-0.09280435995	-0.08363496304	-0.04465869012	-0.3853408057	-0.377460273	-0.3723244292	-0.03841715555	-0.3291851456	-0.02505556189	-0.04909137156	-0.02609259877	0.07493856379	0.04584840143	0.07412802773	0.1029784981	0.201104136	0.1004084922	0.09761768765	0.1004461092	0.09345024327	0.1167773736	0.03331819582	-0.01463976073	0.1446675202	0.09545618845	-0.006823616869	0.04052413096	0.09405242272	0.06658638469	0.1467805234	0.08961112698	0.0896157157	0.09786787798	0.1620054995	-0.03487919676	0.05591353484	0.0708765424	0.06087935862	0.1123146872	0.08240849984	0.07505246528	0.04545029728	0.05624251184	0.150685811	0.06677771865	0.1261833566	0.1564807165	0.08625407503	0.02682318075	0.02352087312	0.1105523773	0.09463514565	0.08672448585	0.04328785098	0.08629734632	0.1145553106	0.06661763127	0.1094907313	0.1223912424	0.1438114358	0.06294254489	0.09947107904	0.1462211441	0.1178456764	0.04866364102	0.1129023052	0.02801357663	0.01251813972	-0.07821341792	0.006364193714	0.0742895086	-0.3737234841	0.09168523858	0.09126740574	0.08717862147	0.04975269647	0.0910369876	0.1000566172	0.07207261883	0.05024454869	0.108288351	0.06345867664	0.05143544759	0.08890248997	0.03172929028	0.07606516148	0.1406465388	0.09802486159	0.1083479052	0.1067144201	0.1129050072	0.1062118763	0.1186698242	0.06276775548	0.09078629762	0.02647152626	-0.03753155761	0.06583516837	-0.01614214655	-0.0007512616949	-0.01602943924	-0.006633657149	-0.09448028838	-0.02129518779	-0.006809007797	-0.03738813007	0.0527006763	-0.03829877414	0.1347330473	0.1745297801	0.1398113773	-0.08775894034	0.01172717755	-0.07519438455	0.009528570984	-0.006454885215	-0.07996266486	0.004236998785	0.148683375	0.05697617067	0.04149700923	0.003644150221	0.0891787887	0.08507466896	0.1890792239	-0.0001144709931	0.1240094639	0.1086361927	0.1111483633	0.04407903218	0.1516384513	0.1212221567	0.4794369878	0.1257221493	0.11498368	0.08356156453	0.1172564633	0.06252957556	0.08107500607	0.1041922015	0.1111388072	0.02089972942	0.09656895095	0.009473107533	0.06164930359	0.01070734086	-0.02479572328	0.03542410694	0.0653399837	0.04161753316	0.05149803457	0.04116999644	-0.02626951915	0.02740233216	-0.01898104948	-0.03460770565	0.1277204869	0.1112413747	0.04364636882	-0.04012399417	0.1393080526	0.1200450577	0.03785801435	-0.05474153558	-0.330955317	-0.2117472412	0.0627127078	0.05804184636	0.1077941513	0.1719897406	-0.07321427048	0.06142864727	0.03374705669	-0.344667408	0.1233791457	0.1316149451
0.07505772676	0.05060233361	0.1129886113	0.1400832991	0.03285583808	0.319857249	0.1069770012	0.1231668948	0.1454752214	-0.3828174926	-0.3591108204	-0.3670643007	-0.3494461877	-0.3318063101	-0.3253883409	-0.3407655783	-0.3767087273	-0.3677973247	-0.3140961545	-0.3494654052	-0.03300407831	-0.03931286766	-0.3339909313	-0.1186676878	-0.09800949598	-0.3504913568	-0.3491322129	-0.3156370036	-0.3386680828	-0.103107516	-0.3348793735	-0.09213708015	0.0009038974314	-0.2113144565	-0.08153728694	-0.3318348618	0.2140665365	0.1714292566	0.1899483389	0.0713346442	0.05317575315	0.1238383888	-0.3925443371	-0.06324647144	-0.3485345787	0.04082113555	-0.06020964415	-0.01986688095	-0.1270616596	-0.05247643992	-0.07777572505	-0.05148416479	-0.3364688707	-0.3281185223	-0.2993407638	-0.1076030101	-0.09516147144	-0.04009936024	-0.3970044079	-0.3738426192	-0.3798502884	-0.05963823244	-0.3353907025	-0.06441079945	-0.05888817319	-0.02157107014	0.03817861557	0.09093689245	0.07612510384	0.09736512224	0.05607192371	0.05805782502	0.05522906287	0.08398734247	0.08211658136	0.1693391314	-0.0118586261	-0.01238648626	0.3125348554	0.1570968826	-0.03348613778	-0.01214476049	0.09789648795	-0.007820289419	0.08880469629	0.1046585942	0.03692290293	0.04901739392	0.07115345033	-0.06548429707	0.01981475134	0.02978307811	-0.009569133315	0.2478480656	0.007029745109	0.02884474556	0.03032665236	0.07370753618	0.1126537599	-0.01773014274	0.1420039357	0.07555527451	0.07087440654	-0.030818958	0.02998202213	0.06324752752	0.0533693692	0.215665276	0.009178052356	0.2470680595	0.09622665964	0.1816039649	0.1145262074	0.1171066713	0.1117904556	0.07086652796	0.02899811718	0.280343731	0.3603444804	0.01374435972	0.05851464248	0.2231628179	0.195512495	0.05789394864	-0.03344533984	0.04230573864	-0.3825471769	0.2808929512	0.05598088823	0.009133084992	0.04172437259	0.05500585379	0.03984292259	0.05952387428	0.02493393055	0.02545138591	-0.0797541994	0.02806439104	0.07494110852	0.07415187032	0.05542476811	0.1335194023	0.03180429636	0.4556329636	0.3951710391	0.3850340041	0.1456408991	0.03977444576	0.08150920504	0.04837741022	0.08427335393	-0.06754337819	-0.01884131567	-0.0816243053	-0.06358236664	-0.02874971543	-0.07530170623	-0.07027829705	-0.015386677	-0.08045226567	-0.1161370163	0.05273452097	-0.1160438313	0.1619058525	0.09770044281	0.06299662751	-0.1303887058	-0.06916189491	-0.1066339299	-0.07862049966	-0.08073677897	-0.09537752005	-0.08653719799	0.0548790877	-0.03118662672	-0.02146465152	-0.08064755888	-0.02117400818	0.2424372175	0.05788745975	-0.02247082078	0.07428754383	0.008907776806	0.04599446144	-0.03124602892	0.06581799674	0.04938089542	0.1257221493	0.667861874	0.1350068924	0.07895981969	0.1513435381	-0.01361113446	0.02110084639	0.02240796714	0.05783093093	0.04440826858	0.1021818644	0.002092769183	0.07798668461	-0.003263899519	-0.009079000089	0.2444774495	0.123225308	0.08440637115	0.02253531203	0.1199468962	0.003604110215	-0.01726700415	-0.0372849266	0.004582642714	0.5641786622	0.09611741994	0.271112007	-0.04779383466	0.06472745403	0.05937709697	0.04189261431	-0.04047982176	-0.3384115839	-0.2257697446	0.04331996134	0.05727166887	0.1358258074	0.1191696673	-0.08636082817	0.1405089859	-0.02154709093	-0.356519874	0.1216558458	0.0572552585
0.2800074937	0.03909863801	0.1289170754	0.1434895506	0.03015351705	0.05105614129	0.04382854954	0.07427177219	0.1109933707	-0.3774167211	-0.3575153626	-0.3631322539	-0.3392783125	-0.3230002938	-0.3285592653	-0.3403339232	-0.3712210682	-0.3607229363	-0.3261149217	-0.3480277929	-0.08446628621	-0.08178878234	-0.3161163539	-0.09291047041	-0.08220302537	-0.3372079206	-0.3324614312	-0.3266817039	-0.3267158791	-0.08495190981	-0.3276800956	-0.113267777	-0.0496837892	-0.2307021785	-0.1046967357	-0.3275993574	0.09904567642	0.1079164207	0.106320872	0.0302409912	-0.04931188189	0.06289717778	-0.3829105824	-0.1039060405	-0.3465362871	-0.0007113021824	-0.0451816875	-0.03198109628	-0.09395526594	-0.08301340883	-0.07276802358	-0.06872364256	-0.3316218049	-0.3177582821	-0.306442632	-0.08967010723	-0.08087409354	-0.07269519252	-0.3863785232	-0.3757139125	-0.3741287846	-0.06220525699	-0.321685466	-0.05809288597	-0.06476941979	-0.05541762794	0.03800886368	0.0009937608222	0.07004481715	0.09839446961	0.05555104689	0.09095588161	0.08688253512	0.09735538913	0.07218181707	0.3617786924	0.02247676454	0.01724237802	0.1036903493	0.08903163411	0.1460222219	0.08570067545	0.2193622248	0.01055802761	0.1358726226	0.2724122806	0.1148944634	0.07162566961	0.1428246914	-0.02608689533	0.2062400298	0.08692587928	-0.00203819865	0.1321120016	0.04642861596	0.08781976597	0.0638193803	0.2319244871	0.110475492	0.02663564505	0.1661939265	0.08727879187	0.07123283504	0.03082169017	0.0387016299	0.1554225478	0.09503748779	0.07354500534	0.02619215469	0.1104056882	0.178890957	0.09009100288	0.04963057299	0.2777154837	0.236068622	0.1284657144	0.07463978143	0.09339023242	0.1098975805	0.03782738837	0.1639617912	0.04754900891	0.01921026615	-0.0921666396	-0.0009655029305	0.01686391855	-0.3731494874	0.03968701618	0.09993825143	0.07265820512	0.1937975025	0.1004114922	0.1710230189	0.2387542331	0.02625136025	0.05303875192	-0.05001172524	0.06635489332	0.1215534532	0.05756866915	0.04725496603	0.1183108555	0.1488280845	0.09808900373	0.1367756231	0.1130408396	0.08797635064	0.1642028505	0.08613972785	0.1595462737	0.05792742898	-0.04391563769	-0.01068202349	-0.00819540463	-0.01593857613	-0.02138733984	-0.02225144628	-0.07179758905	-0.001034038092	-0.01861307782	-0.04794655515	0.04317193356	-0.05145097242	0.244614443	0.1313907587	0.1390372606	-0.08838252317	-0.05629503785	-0.08571334064	-0.06868078072	-0.06318719515	-0.05130166463	0.02099729244	0.07082485088	-0.01297707761	0.01842980644	-0.06996692944	-0.001319227351	0.06258171534	0.1611852198	0.02389449913	0.2046691139	0.03206242967	0.06468176206	0.05362428232	0.08385981532	0.09451668854	0.11498368	0.1350068924	0.4516532092	0.1734035271	0.09054399848	-0.01713527659	-0.01063200651	0.01245929025	0.03745830146	0.01537761583	0.08273524561	-0.0369551839	0.08432092295	0.03395665731	0.002067556087	0.07355887602	0.07941139468	-0.01137789995	0.07746123934	0.03238091253	-0.01267117888	-0.02919531067	-0.05470354017	-0.06911027719	0.1034404706	0.0714455616	0.1804078139	0.0564833628	0.09790323828	0.1825959059	0.1324350206	-0.09432076693	-0.3392936904	-0.2315041396	0.007595855864	0.03061906484	0.08969363661	0.2656479067	-0.05627226756	0.1001338801	-0.0346194018	-0.3496458788	0.06734119748	0.05909460565
0.1770730499	0.06090526294	0.06322347319	0.02059017765	0.002013418673	-0.04961020346	1.431153083e-05	0.05194085728	0.06677819304	-0.2998517764	-0.3315295579	-0.3405117654	-0.3172822292	-0.3004421207	-0.2986011413	-0.3134199673	-0.2929720003	-0.3382269759	-0.2739260514	-0.2690415238	-0.05315760268	0.007572112374	-0.2726858322	-0.007188329934	-0.06933178932	-0.269848429	-0.2574912602	-0.3137991735	-0.2521505098	-0.07383523903	-0.2543646851	-0.02734546973	-0.05482909304	-0.2025281161	-0.02901012924	-0.3128952007	0.05984941307	0.04321341674	0.04339594634	0.001578858876	-0.03702997515	0.04105652237	-0.2897991402	-0.06924579309	-0.28713804	-0.003168605454	-0.0419473245	-0.06495639864	-0.07518317965	-0.05412552507	-0.07654586231	-0.003890199433	-0.3145914524	-0.298994247	-0.2935411963	-0.07811216483	-0.07485235912	-0.05382259457	-0.2802336076	-0.2709260366	-0.2898206626	0.01550217225	-0.3038885386	-0.06863456938	-0.07385773004	-0.06513585441	-0.02220560472	0.01636716296	0.03616340771	0.04728409475	0.005987172293	0.06665753026	0.06789078869	0.1601309084	0.02022765661	0.1873452429	-0.06697459063	0.06863201492	0.07035661195	0.03351374667	0.09730532417	0.06252907478	0.3059774484	-0.01953077469	0.06658989725	0.2861194127	0.1658776614	0.05413887856	0.1787966768	-0.04780385837	0.3250791772	0.04163919654	-0.008517051364	0.06359879927	0.03453235177	0.05771646136	0.04769030233	0.2137973755	0.180105598	0.02775163539	0.1996501058	0.09900037775	0.04144072784	-0.06192862689	0.04048572063	0.1803658024	0.07059809835	0.01202969474	0.02443148774	0.03611182826	0.1068849409	0.03569221362	0.009185057204	0.1839280385	0.1700641934	0.1198914068	0.002692016857	0.06436821014	0.08633349517	0.01962346024	0.1649653236	-0.02891495751	-0.02137395834	-0.03564384168	0.01282075065	-0.003717048114	-0.2830298198	0.02306881627	0.07258268197	0.04566389729	0.3191650786	0.1038639906	0.1578134927	0.236550818	0.01170995099	0.10587945	0.05471340493	0.04852480278	0.2619227749	-0.02804018057	0.05611352137	0.1071785727	0.1475927958	0.01182209154	0.09580093086	0.08784585193	0.05420559136	0.07417582457	0.07778639454	0.1680148296	0.04599662506	-0.05823871682	0.06055389478	-0.03865208209	-0.02423816074	-0.03378517339	-0.05843879909	-0.06575155418	-0.03522982287	-0.026564388	-0.02176519032	-0.020125323	0.1560740658	0.1912321749	0.05037085527	0.09343917608	-0.04014050246	0.03437109511	-0.03469732598	-0.01893742419	0.04923290275	-0.1046879726	-0.00925582226	0.07287774353	-0.0338729966	0.01763666503	0.04392312975	0.1215654927	0.1565206734	0.06662031772	-0.04328598259	0.09442885391	0.09074402527	0.08635204274	-0.06654011147	0.05618990705	0.0220263101	0.08356156453	0.07895981969	0.1734035271	0.6144407482	0.04851226755	0.08548150979	-0.04388905585	-0.02440467357	0.01848006579	0.002686466886	0.1115478824	-0.03006921726	0.06227657658	-0.03501583005	-0.02119671824	0.04946349692	0.1080355456	-0.005108052345	-0.00296879791	-0.02949111163	-0.001610604443	-0.01032454441	-0.0746144094	-0.06423125335	0.06876084571	0.02290404576	0.2278719605	0.06528862861	0.08497637727	0.2831817181	0.127889124	-0.004587920522	-0.3114697261	-0.1964856813	0.1004205181	0.08091858438	0.0551899387	0.175830402	-0.03250185974	0.02415201944	-0.04340245299	-0.3291987306	0.08446498268	-0.02814634607
0.05928672794	0.08760490222	0.1229506105	0.2278051935	0.08310048031	0.07114095909	0.07420423865	0.1009478999	0.1474161402	-0.3676298069	-0.3471606857	-0.3545529999	-0.3342330983	-0.3190792548	-0.3172390312	-0.3350919983	-0.3607138272	-0.3521435407	-0.3179030669	-0.3407911084	-0.06321232825	-0.05243117967	-0.2994989773	-0.1010459885	-0.08033131747	-0.330752178	-0.3254574248	-0.3249659409	-0.3179565386	-0.06830895173	-0.3177738279	-0.09651769996	-0.02879347417	-0.2158369171	-0.0566513515	-0.3207216603	0.1169250414	0.1424483997	0.1609961979	0.06497613232	0.03146117845	0.09704852315	-0.3825211847	-0.0916045853	-0.3481006857	0.001423136553	-0.04993905636	0.009664592461	-0.09360039221	-0.06727747882	-0.05524991686	-0.03796554383	-0.3288351154	-0.310178183	-0.3019476807	-0.08203813298	-0.07569967894	-0.06348766227	-0.385856775	-0.3751293903	-0.3731229277	-0.05219242095	-0.3156876065	-0.02878375615	-0.02342972881	-0.02024233561	0.05298466211	0.05805535137	0.08778654333	0.1561578474	0.1977004543	0.1373072995	0.1301512713	0.09902241103	0.1162281311	0.1219868481	0.01931261043	0.02752792855	0.1079081127	0.1517226794	-0.06758174789	-0.04353219527	0.09387772811	0.08623407961	0.1165692732	0.04256778887	0.02058082211	0.04123994658	0.06659023807	-0.06090904209	-0.01154027754	0.03369084278	0.07453595805	0.1743172205	0.08008252175	0.04069145411	0.08435954161	0.008359003301	0.1104548008	0.1013413558	0.05321141557	0.1099412908	0.04893324547	0.06865824744	0.04717615931	0.01663468082	0.05492440202	0.1741937916	0.07075918193	0.02909935138	0.1410351363	0.1371608268	0.09603298739	0.1005942574	0.1279246215	0.1879670219	0.04545710104	0.04563936229	0.1097868042	0.08200417965	0.03229334444	0.04695173012	0.04577405178	-0.03932159631	0.05614850808	0.1138224371	-0.3722694211	0.02026425746	0.06032598241	0.02385856013	-0.01928602427	0.06880242056	0.02422161405	0.05521117852	0.2000189596	0.1032881884	-0.005988633681	0.08272431879	0.03158154241	0.07382223043	0.06103910227	0.08643477471	-0.0006610382934	0.1367828756	0.1088258939	0.114521278	0.1434020075	0.07279698287	0.06711728747	0.01873551792	0.07191199902	-0.02919534747	0.03646009774	-0.05427354127	-0.01461421273	-0.01598337895	-0.04156215088	-0.1074578203	-0.04481095222	-0.0308955399	-0.04539624581	0.05843007593	-0.0607578165	0.09933413806	0.1596910412	0.07163523346	-0.09159146386	0.05524966459	-0.0001885885202	0.04249113511	0.02857035874	-0.08223301624	-0.04732246465	0.1182613295	0.00626165118	0.09834337087	0.03686475623	0.129269955	0.1422356922	0.1064910515	-0.00893120922	0.1071868396	0.1359137074	0.1859855883	0.05374468486	0.07855122047	0.07844009996	0.1172564633	0.1513435381	0.09054399848	0.04851226755	0.4600555802	0.06364402529	0.08119172584	0.1706133313	0.2090939912	0.04705567285	0.1321756831	0.03912799518	0.08929922321	0.03043413371	0.03802213594	0.09168364575	0.1049854942	0.06252178827	0.06075082396	0.08844170136	-0.05609725509	0.007332973427	0.01139954299	-0.07719323095	0.1473283116	0.116603751	0.02642388392	-0.07469286769	0.1353743867	0.02278911796	-0.003574337423	-0.07397070569	-0.3312740377	-0.2189083999	0.0716590925	0.06716209979	0.1056321871	0.09340777668	-0.05864054979	0.1474998103	0.04515346635	-0.3486066539	0.1147654989	0.1236931767
-0.02620679831	0.3108082623	0.03772819177	0.02922116974	0.04027827881	0.02803099795	0.02482182199	0.04322448619	-0.006986973046	-0.2565684646	-0.285367153	-0.2938125519	-0.2715001367	-0.2663997767	-0.2633530279	-0.2710239612	-0.2554791035	-0.2892470239	-0.2260556054	-0.2443199937	0.009066067129	0.07319398798	-0.2542752843	0.06027407234	-0.01348412753	-0.231116033	-0.2270009259	-0.2616896787	-0.2112529868	-0.01987299914	-0.2073493741	0.05277049015	0.04263211642	-0.1828038546	0.07858508185	-0.2723010518	0.03185310217	0.05135021249	0.0368173053	-0.01251542905	0.02657067346	0.003755645206	-0.2407324914	-0.02710333807	-0.254334874	-3.406891007e-05	-0.01840042226	0.04592042502	-0.04908873086	-0.02793272889	-0.007924046781	0.07241050298	-0.2796765706	-0.261832093	-0.2582798535	-0.02318138554	-0.01575233025	-0.01842963242	-0.2581611877	-0.2610390667	-0.2587612993	0.03408801023	-0.2542413327	-0.006627213237	-0.02399845736	-0.004876828108	0.0433637384	0.1039051607	0.02995049674	0.06536071981	0.1169806499	0.1099548215	0.1100016823	0.1139939741	0.02696744614	-0.01239729138	0.04015511966	0.1160018533	0.03390212805	0.03241777119	0.005859820506	-0.03520400695	0.07257608803	0.0559942567	-0.02238086479	0.0533597982	0.09119089722	-0.01604363521	0.00689802226	0.09256170635	0.00376503426	-0.03518087093	0.04731337286	0.03602422958	0.00891888023	-0.0132370891	-0.003380952979	-0.02684294823	0.1050943777	0.1528707445	-0.03511223075	0.1137972508	0.04318108217	0.06390747853	0.02883710239	0.01312251344	0.04959268729	0.03610460696	0.2919000829	-0.06121278334	0.01860752274	0.0007383375369	0.03310802451	-0.02070461638	0.008377355397	0.06395178102	0.03443512855	-0.0002152524726	-0.03000844706	-0.005312437283	-0.03820109573	0.07284032079	0.01984934061	0.06508271095	0.08689399966	0.07951268808	-0.2339433192	0.07941083873	0.0567877996	0.08236802611	0.03849422791	-0.01351045885	0.0006413208128	0.004192365435	0.05079965161	0.1830014218	0.1951944037	-0.003704748836	0.09126773613	0.06836839561	-0.001748594659	-0.001221898883	0.01436366193	-0.01963887163	-0.0121554244	-0.02852962061	0.04567837724	-0.03221008398	0.006713760949	0.001897953135	0.01540808018	-0.05131038623	0.02764078527	-0.03904026741	-0.03575069524	-2.596979906e-05	-0.008547813812	-0.06087897401	-0.0716529748	-0.01154618761	-0.07406171833	0.09167281575	0.1149556835	-0.003503596624	0.08872180114	-0.01571740243	-0.04746188662	0.2096239954	0.1360859902	0.05888987395	0.1862398666	-0.0595590279	0.05198116781	0.09611426337	0.02968931898	0.1059969431	0.1966774039	0.2142602734	0.1463099149	0.01572301574	0.105576814	-0.01585211101	0.1276833134	0.1404980064	-0.0002453747861	-0.006868291872	-0.02886556899	0.06252957556	-0.01361113446	-0.01713527659	0.08548150979	0.06364402529	0.5452613037	0.1163105589	0.07634531752	0.09350651053	0.1149684392	0.08116109632	0.1256112839	-0.008063647941	0.05407211158	0.01732237025	-0.0324524068	-0.01505185924	0.02537856949	0.01407409407	0.05829245328	-0.06314967803	-0.01985239587	0.02728098521	-0.007855355524	-0.006040033717	0.04681242081	0.01679855744	0.11118023	0.08060502291	0.03496363229	0.046040776	0.0706813737	-0.3110572856	-0.1867593586	0.1901861697	0.09171760722	0.04099149224	0.00440253172	-0.01799297564	0.08266886209	0.02378448048	-0.2915033692	0.1360050906	0.07426940949
0.005036844033	0.1109519251	0.03793368813	0.03607761459	0.01718032875	0.03546555005	0.02321011854	0.03574344919	0.0006682856194	-0.2944196147	-0.276258866	-0.2857258166	-0.2600683808	-0.2304261809	-0.2155325691	-0.2706429231	-0.2923462026	-0.2762318367	-0.2259256366	-0.2762237584	0.011949035	0.02941014865	-0.2108638634	0.009406220008	0.01677105628	-0.2456725505	-0.2419002316	-0.2446489564	-0.2230071603	0.01855927907	-0.2192290859	-0.03000962845	0.0699124639	-0.1323012924	-0.004894180341	-0.2418087456	0.02166094856	0.02361281989	0.01896826129	0.02001009571	0.03891282654	-0.00476290862	-0.2440115729	0.02593050552	-0.2657932096	-0.02621655427	0.05691173949	0.02898945637	-0.02991730295	0.01288983562	0.01270106343	0.1358614128	-0.2625942445	-0.2122698228	-0.2216124527	0.01160963449	0.01946810334	0.03989365934	-0.263959196	-0.3001036731	-0.260881852	-0.03847169648	-0.2212634595	0.03478399395	0.01754962659	0.1477326113	0.005459139567	0.05941057198	0.04956316299	0.03347761716	0.09230844875	0.03947375647	0.04019336662	0.04740728386	0.04911429677	-0.01052942195	0.06376497788	0.1057301074	0.08152237465	0.01861951926	-0.0620083402	-0.07677545435	0.01960922189	0.02818194143	-0.007062954108	0.02870695666	0.01282889651	0.03967753359	0.002540483459	0.009245807136	-0.06548939738	-0.005375747026	0.01601166669	0.03257778894	0.04718933871	-0.006812236579	0.003421400905	-0.003648099433	0.01776319326	0.05681708648	0.01677249952	0.07402634784	0.04963272248	0.05744214277	-0.01642259732	0.06067426571	-0.01960325553	0.05955771263	0.06868917378	-0.02767002356	0.02230328136	-0.004363687823	0.0630788819	0.004156642729	0.03371200533	0.1129478823	0.01896582169	-0.01368570011	0.005368981292	0.009544882098	-0.01222345364	0.1021758454	0.06279770303	0.09731689003	0.07104703473	0.407690648	-0.2363037649	0.06639316087	-0.01344072239	0.004760549712	-0.02027168614	-0.005552434209	0.01060682917	-0.00479809569	0.3283601395	-0.009568602775	-0.01460640729	0.007062128474	-0.01802758468	0.05507575153	0.003859764766	0.0007828315662	-0.004500259188	0.01025792344	0.009754020439	0.003180405865	0.0278004195	0.002200767822	0.02836000893	0.01059996853	0.01869012107	0.05077093536	0.07942908286	0.002330768233	0.01583704067	-0.02171539214	0.04951953395	-0.0243741353	-0.03576336811	0.0428936976	0.04717287322	0.03500926909	0.005481594107	0.02195760743	0.07187815368	-0.03935690532	-0.03311014139	0.02997739025	0.08475427213	0.0370301885	0.006943799167	0.02873740135	0.002752529911	0.09804188638	0.02573574035	0.0568385247	0.02146264378	0.0251297604	0.006950864623	0.001517400201	0.04751284259	-0.01195963798	0.004950629148	0.03405309296	0.03565759317	-0.03392836569	-0.02086794966	0.08107500607	0.02110084639	-0.01063200651	-0.04388905585	0.08119172584	0.1163105589	0.6667431438	0.4679845753	0.3242311065	0.156803927	0.03840143175	0.2309830339	-0.01567885193	0.09051750119	0.08137274762	-0.00917838297	0.02990430708	0.1143496968	-0.0001594295403	0.07369561577	-0.02828954308	0.002037079057	0.07780838313	0.01821634537	0.03794869928	0.05408541287	-0.06148085516	0.05659823459	0.000965744443	0.01662863314	0.03524938606	0.04135460801	-0.2711182321	-0.1225277307	0.05816339486	0.1682584261	0.03011961345	0.007336130568	0.0265279187	0.08128472123	0.009820163572	-0.2288415992	0.07208611673	0.2701008879
0.02579075012	0.1105023112	0.04751239191	0.07788354509	0.05963402589	0.01432061493	0.01801810628	0.02863813545	0.01823823794	-0.3190743534	-0.2966353841	-0.3067614089	-0.2856623312	-0.2566884135	-0.2438395494	-0.2882130759	-0.3133840874	-0.2994662645	-0.2571974054	-0.293640301	-0.00574692494	0.009812150085	-0.2320372031	-0.01917703961	-0.01555194234	-0.2768752235	-0.2684213306	-0.2676415523	-0.2470672092	-0.003490491104	-0.2404389728	-0.0176603293	0.05836675257	-0.1512153002	-0.01134042929	-0.2645204885	0.01630142282	0.05424472311	0.03986955218	0.01479562086	0.02484140009	0.01595101842	-0.2669791313	-0.003602785715	-0.2918767761	-0.02923675449	0.02632099926	0.02563819322	-0.02884880721	0.008469259627	0.006840619475	0.14235717	-0.2770586372	-0.2309633127	-0.2469707079	-0.0171423394	-0.01282092729	0.01062587054	-0.2930474617	-0.3245360793	-0.283627727	-0.02885003652	-0.2505270453	0.02823597124	0.01800602399	0.1506318119	0.03340241166	0.04383675296	0.07590978657	0.07532577079	0.1326281352	0.08044707821	0.07764686394	0.07225398583	0.0650491434	0.005874925912	0.05414922289	0.0241478775	0.1054552527	0.03979790009	-0.05464252508	-0.03572321725	0.01911006393	0.04983431163	-0.007411200602	0.02921671843	0.02858571176	0.01193959156	0.002053934915	0.01240989829	-0.04545121408	-0.02048733398	0.08185297528	0.04575858386	0.07440978595	0.001948290722	0.03705716035	-0.002145935914	0.0484627253	0.1093501413	0.004163010932	0.02847315232	0.04314203511	0.06695691587	-0.01784809897	0.06067654548	-0.001455420129	0.06577676494	0.08401276312	-0.007460411795	0.04671044331	0.002268839365	0.09418098659	0.006322373398	0.03260543212	0.1649393192	0.007673153542	0.003050225135	0.02764105976	0.04050692824	-0.01433650998	0.06404028501	0.03963653503	0.01972005932	0.02651058011	0.3224745472	-0.2586623785	0.04151388198	-0.001533102863	-5.407060675e-05	-0.02928516945	0.031308999	0.006581477779	0.00423561015	0.3507251977	0.05347125026	-0.01703254851	0.04065006292	0.02457293952	0.05975193898	0.02916749503	0.0173613541	-0.01721604566	-0.01169201054	0.03898399052	0.03245700282	0.05636317968	0.0145565097	0.04646175918	-0.001760431753	0.01403847618	0.08031568102	0.08571955372	0.01175137825	0.01815066506	-0.02444982408	0.0405552757	-0.02878949158	-0.0321895359	0.031455094	0.02599166371	-0.006366563444	-0.02944379826	0.04957468081	0.1387352779	-0.02515090486	-0.05882778277	0.02469997342	0.05589617155	0.02354972862	0.007569976139	-0.0175653817	-0.03041126161	0.0478556222	0.01449668106	0.08674349232	0.01536717365	0.07711700475	0.1051119154	0.01792595249	0.03374987626	-0.006332655202	0.09772585624	0.1069601856	0.01653102565	-0.01009472625	-0.01876547688	0.1041922015	0.02240796714	0.01245929025	-0.02440467357	0.1706133313	0.07634531752	0.4679845753	0.6343257751	0.3500488242	0.1351086709	0.06856556983	0.1668616738	0.06021054948	0.04890315342	0.04967397995	-0.02148650469	0.03635310786	0.07673956681	0.02675508368	0.06526609672	-0.07066492643	0.03156545799	0.1150449244	0.003092710766	0.02262658062	0.07550497465	-0.0144341133	0.02693726169	0.06701455277	0.02401187092	0.01192607495	0.008353111801	-0.2802415309	-0.1464403824	0.06142647095	0.1266019514	0.03633848124	0.03637999762	-0.003854163272	0.04366042227	0.05796520335	-0.2466581039	0.05243663267	0.2179088871
0.03305005985	0.1108394298	0.06924726585	0.1004319892	0.06789772277	0.01030199659	0.02721561456	0.07683751454	0.0344267415	-0.3051479365	-0.290722789	-0.2950270294	-0.2729586641	-0.2657739383	-0.2605692544	-0.279276584	-0.3060150688	-0.2882642	-0.2600628313	-0.2853741135	-0.003645883284	-0.007770256261	-0.242459034	-0.02643205837	-0.01035663469	-0.278994635	-0.2679209804	-0.2713636521	-0.2579222649	-0.008399602196	-0.2614377882	-0.03770325803	0.02530577659	-0.1884539329	-0.01178787541	-0.2687281624	0.058518363	0.08681343928	0.08299400931	0.019540168	0.01706244463	0.05022644579	-0.3234851919	-0.05038135749	-0.2933355712	0.00145828138	-0.001801548953	0.01762614239	-0.03230509173	-0.008162818234	-0.007233723923	0.05955061402	-0.2786970238	-0.2484346323	-0.2529929892	-0.02174056854	-0.0109290284	-0.0004628597511	-0.3295253715	-0.3248228369	-0.3409747733	0.0083491289	-0.2573591339	-0.01212600361	-0.0122399031	0.06468817516	0.01722461409	0.06190701005	0.05231027053	0.1020604042	0.1480046422	0.09277101361	0.09372883388	0.1182747901	0.0811181776	0.04395002623	0.01575646622	0.03908479325	0.1204705785	0.0712357539	-0.06085888382	-0.06736885273	0.06954478282	0.044420136	0.05801972973	0.05135862231	0.02267937441	0.03753875648	0.03532936089	-0.03954052892	-0.03871296686	0.03248809092	0.0444801757	0.09020374386	0.1241368473	0.02572239896	0.06651304285	0.008758220758	0.09358138609	0.07298255832	0.03682105538	0.08450574415	0.06811910052	0.02281839523	-0.01162390158	0.09279017528	0.009741648384	0.05717392897	0.06458565575	0.01843061188	0.1139579231	0.0437686476	0.06930374402	0.04147118134	0.07085397827	0.1372743331	0.04536693518	0.0507918475	0.05453261271	0.07804515335	0.01896477924	0.04389650405	0.00926316376	0.04995196792	0.04764570413	0.219430193	-0.3147924884	0.07467995472	0.009802584229	-0.02106319657	0.007331040366	0.06407664225	0.03169837631	0.02781393521	0.2561719109	0.07144736701	-0.05424382822	0.06998462964	0.0256179971	0.06084927619	0.009460485514	0.05142533182	0.01573476491	0.02404720507	0.06578953092	0.05963819181	0.08462222483	0.03105909398	0.03274629316	0.0395727604	0.02140426248	-0.03251956402	-0.002049096528	-0.0615377998	-0.04572348596	-0.0243672339	-0.006697548793	-0.07105176916	-0.08606174157	-0.02243886998	-0.06128121429	0.002026297695	0.01724339297	0.06018281532	0.1337072023	0.0336136929	-0.04384707246	0.0114847284	0.07906301343	0.02190061805	-0.007192011642	-0.05118772355	-0.05661940381	0.09250370066	0.001327957661	0.08167193278	-0.0005045356412	0.1079295992	0.1090794052	0.06800825152	0.02110262163	0.02603892004	0.08806531975	0.1100788254	-0.02058770126	0.006293570739	0.02951909906	0.1111388072	0.05783093093	0.03745830146	0.01848006579	0.2090939912	0.09350651053	0.3242311065	0.3500488242	0.5588364864	0.1374453047	0.1241466471	0.1483063149	0.07292943858	0.07809774209	0.08860896321	0.03644140153	0.08276663479	0.007868504924	0.01785023575	0.08587384137	-0.08053621963	-0.02558455912	0.08484634854	-0.02209396047	0.06034549197	0.07282160331	0.007894122508	-0.0001908252396	0.09556151205	0.02560558734	0.02955964747	-0.02698133264	-0.267187002	-0.1871304455	0.03995230585	0.02510175743	0.06343663388	0.05387431757	-0.02049760533	0.01765737601	0.02114243698	-0.2887073562	0.1132009817	0.08504367258
-0.0156247708	0.1489986367	0.07664327809	0.03413961925	0.04716573405	0.1481909048	0.02717495815	0.06217651306	0.09741926159	-0.3005545708	-0.2823375556	-0.2903731501	-0.2798002938	-0.2170687146	-0.2253238331	-0.2919627674	-0.2935499297	-0.2750568243	-0.1901418194	-0.2976105262	0.03571724323	-0.008538609158	-0.219430029	0.04061954681	0.05985774119	-0.2550013282	-0.2396744686	-0.225559736	-0.2283153561	0.05159508719	-0.2302872404	0.03919907283	0.03925176322	-0.1634124651	0.004492764654	-0.2481696536	0.06234221357	0.08481227974	0.07635201622	0.07199837675	0.06874201456	0.04600025989	-0.2893885046	-0.02196785301	-0.2543129112	0.01723390498	0.04612211888	0.0564256532	0.0312781567	0.008479809269	0.06579797564	0.0114957424	-0.2533481337	-0.2152779938	-0.2414037485	0.05467202196	0.06175195651	0.02217204297	-0.2887681133	-0.3076516494	-0.3158759105	-0.04055754355	-0.2184698672	0.01154466599	-0.009130917863	0.01804756179	0.1061446052	0.08428376981	0.0696342885	0.05111011195	0.06319437901	0.006911891791	0.007326024804	0.09743226079	0.1279010526	0.02113890111	0.1043790197	0.06695569718	0.05904324732	0.08200627992	-0.0456352701	-0.05901019458	0.04259451894	0.03832919645	0.03934959791	0.02596181119	-0.001742408405	0.01000677708	0.00430816719	-0.02096749125	-0.06215609807	-0.05327242489	0.006376235329	0.06325031674	0.01995611837	-0.03968546549	-0.03146161871	-0.001285746139	0.04881230574	0.05120521269	0.02902275543	0.07677985885	0.0571017364	0.03332949882	0.05865774176	0.02265594698	-0.05522685241	0.102727886	0.1099017116	-0.03683272403	0.004302732086	0.06693342049	0.0672748162	0.007828088645	0.008763527115	0.06715724277	-0.02349192849	-0.009776952281	0.02007986451	-0.02676614779	-0.01541340668	0.1085995027	0.06676939971	0.08148381855	0.07063015872	0.1518457222	-0.282097132	0.0507889823	-0.0516060646	-0.02432983257	-0.01740478013	-0.01336049548	-0.0251072308	0.01067500996	0.1039962158	-0.04682358172	-0.02016578349	-0.03254842708	0.03872932593	0.02601558296	0.02766378859	0.01258571758	0.01670020135	0.1116859619	0.03631228839	0.0221014375	0.07429220796	0.03050937563	0.05046065317	0.03350956159	0.07498128347	-0.02226089182	0.04900635489	0.01586509941	-0.01235746986	0.03173306506	0.07019084917	0.03380355353	-0.02234021606	0.004936224136	-0.07489096484	0.07315141701	0.01859347855	0.05352244094	0.05737239147	-0.04182904143	-0.04051650026	-0.0121092397	0.004004453573	0.0004175160372	-0.02439126115	-0.03143629242	0.009677474143	0.08505340366	0.05823957435	0.008817704758	-0.01955683416	0.01760423799	0.01492830358	-0.01420501357	0.02211369975	-0.009332275293	0.01776959693	0.02719345571	0.006562960232	-0.01771065764	-0.04702651142	0.02089972942	0.04440826858	0.01537761583	0.002686466886	0.04705567285	0.1149684392	0.156803927	0.1351086709	0.1374453047	0.5984928356	0.1057068372	0.4881568981	0.1459150145	0.2097509773	0.1824573792	0.04657044557	0.09611891351	0.03920137843	0.04615036697	0.1163474294	-0.007069032275	-0.02861359444	0.01929238565	0.00813121917	0.1190841997	0.07460508959	-0.01431184677	0.005876274743	-0.01985205652	-0.02235480426	0.04409078695	0.004151589815	-0.2493063943	-0.1759940276	0.1183664045	0.1047206182	0.05639650009	0.04538206616	0.003405109321	0.1359252962	-0.02116921447	-0.2726554278	0.2072068084	0.09621453259
0.03345984993	0.1738682412	0.2358410449	0.08239236609	0.07315240036	0.03481703433	0.04658776158	0.09811297667	0.1063381434	-0.3025305069	-0.2743425147	-0.2829242739	-0.2779406039	-0.3021299332	-0.2769972769	-0.2653171556	-0.292056056	-0.3097918022	-0.2740604534	-0.2753873971	-0.0273267724	-0.06936524206	-0.2994992511	-0.09138181279	-0.06165221855	-0.3248519408	-0.3120280849	-0.289057259	-0.3148874655	-0.07469813248	-0.3110347523	0.006544359675	-0.01841900116	-0.1847633137	-0.03970489224	-0.2919684525	0.1160587762	0.1559401783	0.1522457513	0.09098940341	0.01326605769	0.1183506026	-0.2938192671	-0.08313543734	-0.3063915255	0.03198577585	-0.02254275769	0.03108125037	-0.1010327783	0.0218118411	-0.05684653964	-0.04206168067	-0.2690324157	-0.2988071296	-0.2868016578	-0.07019546014	-0.0613086619	-0.05066098093	-0.3510742305	-0.2896456285	-0.2757588169	0.03493255736	-0.2792995821	-0.02047576066	-0.03258614652	-0.02632754867	0.07481359684	0.0346428393	0.08794563001	0.1496805464	0.1518151912	0.05871169355	0.06993886534	0.2621720352	0.2327639671	0.09433831694	-0.008614967228	-0.01525087126	0.09810140603	0.1260068008	-0.03598166257	-0.03028440316	0.1015536011	0.03665722447	0.08992274807	0.05412233467	0.01398613831	0.01521294297	0.07900566183	-0.08104561419	-0.03281039144	-0.01043449798	-0.02298062005	0.1494030373	0.01343690735	-0.009804994093	-0.006455254013	0.04869366593	0.1212476538	0.0009546606392	0.07976141909	0.2561663545	0.03453469408	0.002041371058	0.02488152101	0.002820050683	-0.01154837663	0.06432343407	0.04821643152	0.01896218039	0.1056260014	0.1374805268	0.1707339362	0.04687680062	0.07092805285	0.03949302585	-0.01506231602	0.02079685103	0.09794002199	0.002828724967	0.03004030968	0.03059719651	0.04783237337	-0.005838938765	0.07215288172	0.1434013882	-0.2871969812	0.1678016276	-0.005386481947	-0.04726102327	0.01915232262	0.01234707184	0.01600953479	0.05089605658	0.02621723289	0.001735149826	0.004996834559	-0.005658812403	0.03975079424	0.03322320546	0.03104568737	0.05514097648	0.02311676207	0.08220893468	0.1139165787	0.1013069507	0.1285429807	0.02112976686	0.06158755082	0.03988625283	0.09636723077	-0.02362904236	0.0732941432	-0.04305939081	-0.03873521638	0.005349436201	-0.06076899671	-0.09691699225	-0.0466449325	-0.03425697396	-0.06886865942	0.01893318207	0.03907988181	0.08656027251	0.1657954592	0.04456262035	-0.03986259697	0.01149513761	-0.07930895267	0.009792054367	0.0008899959428	-0.1039752871	0.003488188943	0.2216542106	0.108459534	0.01051204019	0.002358216457	0.1346001696	0.2390421026	0.05196211896	-0.06248504743	0.04050479624	0.1345429295	0.07555039004	-0.01117439163	0.0126670814	-0.01434825795	0.09656895095	0.1021818644	0.08273524561	0.1115478824	0.1321756831	0.08116109632	0.03840143175	0.06856556983	0.1241466471	0.1057068372	0.5682971759	0.04817127541	0.1549136065	0.07514129939	0.08672342761	0.05475100456	0.1333235397	0.03426041282	0.126711171	0.099383144	-0.05253333581	-0.0228378805	-0.01679087652	0.00345782485	0.09490670263	0.1288814756	0.05073350109	-0.02587691735	0.04519769252	0.03991183905	0.02061335673	-0.05752297014	-0.2815013744	-0.1736273442	0.08072547575	0.06468543505	0.1658976364	0.07938924822	-0.05976311885	0.04983655398	-0.03111121052	-0.3085640143	0.2240253163	0.08575838546
-0.03570530971	0.1315630897	0.02727021873	0.02185186614	0.05086864946	0.1353433996	0.02040048188	0.04103146817	0.03370988078	-0.2768915237	-0.259608991	-0.2628272204	-0.2561743631	-0.1889910028	-0.1970428239	-0.2673007962	-0.2745667484	-0.2517793582	-0.1584773109	-0.2720982925	0.04916270323	0.01254768085	-0.1911662702	0.09572454234	0.1196508509	-0.2224830609	-0.213046745	-0.1966186134	-0.1995103156	0.1030441701	-0.1921599095	0.06201900582	0.05483534077	-0.1407717289	0.02040477376	-0.2146807083	0.01969024138	0.04436740352	0.03568155134	0.0602438262	0.06942818774	0.01715572714	-0.2643808341	-0.004596030491	-0.2248661573	-0.01136018612	0.06792125019	0.0739292749	0.05331623615	0.01459505362	0.08903564537	0.05051915895	-0.2238210574	-0.1824707099	-0.2075202436	0.1045151834	0.1110892579	0.04568021396	-0.2606781059	-0.2836205379	-0.2905395231	-0.04781742692	-0.1889905953	0.02334493626	0.02361329276	0.06501251724	0.06608337369	0.1070406881	0.03882404972	0.02617352819	0.0598287816	0.008313611208	0.008396654312	0.06011456963	0.0442134749	-0.03507574508	0.09807681643	0.102862433	0.03104804167	0.04253470736	-0.06008826275	-0.06712318627	-0.01198990353	0.03447810478	-0.03445651382	-0.0108622639	-0.02319758286	0.011674875	-0.03850293057	0.03096491173	-0.08987696706	-0.04133529378	0.04712410204	0.0272528282	0.04016911772	-0.02578248896	-0.01644603007	-0.01632624842	-0.00363653503	0.07706682257	-0.008522169559	0.06355842349	0.06737895378	0.06173806618	0.03484403914	0.01277658475	-0.03569134459	0.09524412282	0.1060440276	-0.07433165924	-0.0251635747	0.03184364366	0.03340625576	-0.03099950742	-0.01203574659	0.07089963213	-0.008912954218	-0.04938048591	-0.01736231605	-0.01274846618	-0.03775479688	0.09510236184	0.1072366944	0.1509813116	0.07498326039	0.1586914401	-0.2574155825	0.05099788718	-0.03088835837	-0.004571397628	-0.03287257773	-0.0309555818	-0.009594684847	-0.03494332977	0.1050391249	-0.03216264544	0.02994576248	-0.01860275867	0.0111739934	0.01318418782	-0.01689960305	-0.03570599667	-0.02069659624	0.0552625458	-0.008092538987	-0.01500462992	0.03722109658	-0.01554154863	0.006569280836	-0.020273096	0.02068676428	-0.01451298247	0.08011038243	0.02508410959	0.02597624605	0.03152421527	0.1041637752	0.05739950184	-0.002759091927	0.03837247856	-0.03824186277	0.09401563296	0.02282896512	-0.01007137076	0.04447297181	-0.07139100586	-0.01842903102	0.03074045789	0.06165718078	0.03986915201	0.007153682383	0.01355135579	0.03864756275	0.08021891297	0.05469843834	0.05431910719	0.02794851697	0.0371732924	-0.02019832103	-0.03548559351	0.07593264601	-0.0507856583	0.01205052277	0.01180159381	0.03087486209	-0.0464146208	-0.05116313765	0.009473107533	0.002092769183	-0.0369551839	-0.03006921726	0.03912799518	0.1256112839	0.2309830339	0.1668616738	0.1483063149	0.4881568981	0.04817127541	0.6511646707	0.05631373407	0.1788068331	0.155288608	0.01091192512	0.0428767291	0.04294178577	0.007877879195	0.1308685602	-0.003704841823	-0.02791450371	0.04297340265	0.002280429944	0.07565268861	0.03930408475	-0.063525011	0.06503716331	-0.01190955571	-0.03120556865	0.02041262466	0.01776199119	-0.2408064193	-0.1517941914	0.1259842358	0.08435789661	0.02137482863	0.002725969787	0.04259274323	0.1480322038	0.01680898109	-0.2567889129	0.1769806701	0.1241938945
0.0662896273	0.07848283805	0.1266285751	0.06772860162	0.0567055859	0.003822290212	-0.01468687253	0.03149872021	0.1696194735	-0.3420790021	-0.3238140122	-0.330616747	-0.3349258893	-0.287672226	-0.2823308409	-0.3629419963	-0.3401595908	-0.3242111014	-0.2612547673	-0.3696348453	-0.07847804187	-0.09875372271	-0.2674166094	-0.0550884703	-0.04139738385	-0.3199932696	-0.3069915913	-0.2955287238	-0.3042233703	-0.04325724838	-0.3069841274	-0.07526904082	-0.09633026117	-0.182600933	-0.1298776611	-0.312977035	0.06288270629	0.1206177861	0.1021944729	0.05194824519	-0.0190113332	0.09209259188	-0.3557653651	-0.03969282841	-0.3384929681	0.01496112739	-0.0754408405	-0.03039615017	-0.05145157377	-0.05724406796	0.005951991566	-0.07167789984	-0.3153664599	-0.2936685941	-0.3237428107	-0.03818985722	-0.0269402413	-0.07834672221	-0.3656769547	-0.3512753562	-0.3381301536	-0.04634837817	-0.2800892812	-0.08732350271	-0.0852737344	-0.06470656265	0.05630181536	0.0201539525	0.04288364587	0.1338487739	0.03095342807	0.177044905	0.1740141806	0.200991379	0.2514095943	0.09705848154	0.0818276961	0.04910434749	0.1933564453	0.1264902552	0.04728561903	0.1040360424	0.08279854412	0.06010411374	0.1392680292	0.02747935502	0.004094255219	0.09449739541	0.06830685877	0.04121686373	-0.06086748747	0.02623964155	0.04659743507	0.1186515944	0.1878478231	0.04996157142	0.05634061635	0.070756172	0.1290645453	-0.001658163263	0.0994879173	0.03887326114	0.00153495337	0.07378786278	0.02505417415	-0.008355653802	0.01268926212	0.05715037004	0.03199975719	0.03656457938	0.09412311074	0.1238049117	0.1217265883	0.04492116152	0.04710678632	0.08731296267	0.003145425713	0.01525008445	0.1257045719	0.08681866998	0.04913788356	0.01188057444	-0.02771081616	0.1135983754	-0.01979766713	-0.005527931843	-0.3473891442	0.009471109467	0.01736047172	-0.02812177641	0.03292781544	0.06818364766	-0.006591925258	0.06746455637	0.03248313698	0.03410826588	-0.01090835276	0.05741040013	0.09335295016	0.1472453452	-0.00084050915	0.05786617386	0.06125131615	0.1353700009	0.1124082576	0.09985424945	0.07929197991	0.1363923555	0.01970190187	0.07806342118	0.1803870892	0.008427763109	0.06399766723	0.06830572788	0.06345707007	0.05114673517	0.1018067065	0.0642415042	0.05033773584	0.04412346203	0.02701352981	0.03436266808	-0.05229398969	0.1132777922	0.2144421844	0.06411665483	-0.05558553037	-0.02479720464	0.00152775245	-0.01522924034	-0.03732201405	-0.02962055986	-0.005826596499	0.06254407855	0.07405485735	0.03423756633	-0.01787330065	0.09184082549	0.08149851882	0.05828528544	-0.06707473655	0.05828208977	0.0648115485	0.06001241448	0.0664452827	0.03850921426	-0.004234093841	0.06164930359	0.07798668461	0.08432092295	0.06227657658	0.08929922321	-0.008063647941	-0.01567885193	0.06021054948	0.07292943858	0.1459150145	0.1549136065	0.05631373407	0.6161844185	0.369602672	0.4824766782	0.1622482015	0.3973284647	-0.02194070832	0.1179562796	0.07419858952	-0.01715387415	-0.00776957557	-0.08027608184	-0.05771949496	0.07031563239	0.06534940677	0.05096400091	-0.001022818016	0.02808795744	0.04341177158	0.05970231655	-0.1017477093	-0.2909726833	-0.1978135538	0.03584364237	0.01801023015	0.09465299266	0.09321801602	-0.08987564635	0.03311379943	-0.07606490598	-0.3108744093	0.09196863862	0.03311457558
0.003454387968	0.1201641594	0.05919102149	0.03954208043	-0.004597968035	0.07077312635	0.01864819959	0.03618769458	0.1365934466	-0.3331649554	-0.325978534	-0.3234295055	-0.3341931839	-0.2578320416	-0.2671287837	-0.3612880739	-0.3317150873	-0.3142661597	-0.2363521656	-0.3718642728	-0.06538484904	-0.09146835099	-0.2655366864	0.0259928629	0.05578454432	-0.2941018071	-0.27885566	-0.2610015816	-0.2779032354	0.04303479384	-0.2891358226	-0.02957361804	-0.06793986022	-0.1740610752	-0.09284147662	-0.2907248516	0.02028431879	0.04927794601	0.03776718177	0.02736837722	-0.02027027388	0.001392090762	-0.3169178931	-0.01674176377	-0.3084351053	-0.07228775954	-0.01742973778	-0.01185037253	0.002257297529	-0.0635617351	0.04529166447	-0.03508288117	-0.300297483	-0.2761625846	-0.2989991127	0.04885832789	0.06111117905	-0.07308637713	-0.3278885324	-0.341979233	-0.3015692802	-0.1240589916	-0.2408677177	-0.04335594995	-0.04829346975	-0.03083895597	0.07738649354	0.01949588456	0.03417675267	0.02267642719	0.03051892594	0.1165228319	0.1167899351	0.09099738684	0.1951419221	0.0358200749	0.1151067734	0.2144827116	0.08117875287	0.05776301856	0.004116278423	0.07119092389	0.02092363981	0.1262698046	0.07876762659	-0.007970845621	0.03927390623	0.05605359723	-0.01003218508	0.102250987	-0.09270526709	0.01315527772	0.06951949902	0.04269246563	0.1492763692	0.02373594707	-0.0307815321	-0.008979696316	0.05956454236	0.03722158914	0.01317400967	0.01437277313	-0.05786143945	0.1703724584	-0.003819820051	-0.08584385019	-0.02666515065	0.05772803752	0.06992271849	0.04074354874	-0.0006972852027	0.02214639497	0.06884787156	0.008748282726	-0.003089856132	0.07640351136	0.05386936676	-0.01731976866	0.0417338881	0.04517940155	-0.02060799248	0.07036967266	0.1229854787	0.2391408706	0.08254332993	0.04994136898	-0.3102417325	-0.01020888163	-0.02211847024	-0.03636991391	-0.02644141024	-0.01452774178	-0.05259449551	-0.01719350858	0.03460556605	-0.07110907729	0.129000125	-0.03236464306	0.0121932005	0.2234577406	-0.009237004387	-0.01244602349	0.03019725655	0.05628229726	0.03580530587	0.02340834344	0.02821978219	0.1176333582	0.01124442683	0.04680903112	0.1799849726	0.04858621548	0.114724699	0.1422755151	0.1342612661	0.11141368	0.1885624821	0.1403669241	0.1303469614	0.1164181529	0.1072831847	0.08511972763	0.07041042167	0.04180216171	0.0831131516	-0.04422827686	-0.032132212	0.126198859	0.1134973584	0.131519608	0.08509569772	0.1132293333	0.09976104015	0.03628356002	0.1247459631	0.006696690235	0.1164992831	0.02196652936	0.003498878906	0.008571901316	0.0448419313	-0.001463648181	0.00596206426	0.02267182339	0.2395606749	-0.03715715854	-0.01143076842	0.01070734086	-0.003263899519	0.03395665731	-0.03501583005	0.03043413371	0.05407211158	0.09051750119	0.04890315342	0.07809774209	0.2097509773	0.07514129939	0.1788068331	0.369602672	0.6906550157	0.5402947193	0.1837879383	0.2193464259	-0.02076822422	0.1749956909	0.06491204747	0.01821777103	-0.02520595976	-0.05435012056	-0.06450586444	-0.006646320934	0.02127882938	-0.02539266558	0.07326378783	-0.04012286542	-0.04139336508	0.07678834489	-0.1056199405	-0.3060910624	-0.1858471011	0.06125640743	0.05419278472	0.008585678487	0.03595545458	-0.03241647847	0.1006012981	-0.05560584203	-0.308525906	0.06091397365	0.06629415185
-0.01649809283	0.08520330879	0.04682192746	0.03040520123	0.0253488089	0.06732282442	0.001773771923	0.01822646626	0.1308256999	-0.3197581939	-0.3142928191	-0.3105873615	-0.3216765784	-0.237877807	-0.2457323391	-0.3475268613	-0.3176867115	-0.3007000728	-0.2026261867	-0.3576632468	-0.03933703625	-0.05944346808	-0.2250937519	0.03676945286	0.06151430972	-0.2739604173	-0.2586381647	-0.247804866	-0.2617917853	0.05281810804	-0.2732480753	-0.0238385913	-0.07835855481	-0.1450077863	-0.08631441443	-0.2702903136	-0.01237284174	0.03076193573	0.01816592566	0.03872449654	-0.003823175662	0.008151481211	-0.2996466721	0.008500218591	-0.2917259404	-0.05747302107	-0.01413336951	-0.02432033929	0.01677073729	-0.03339014223	0.06207243345	-0.04860126532	-0.2830712779	-0.2606495877	-0.283190452	0.05798365366	0.0698145158	-0.03506229479	-0.3122307309	-0.32844443	-0.2863841489	-0.0763554273	-0.2265400616	-0.06335033044	-0.05451857633	-0.04619990994	0.07533788464	0.01727037298	0.01017410644	0.04462319408	0.01586451949	0.1048888008	0.1053358203	0.1409865736	0.1909915224	0.01623544703	0.1102487725	0.2064017939	0.08389322944	0.04145753393	0.04588401806	0.0280718188	0.01214965243	0.1311418559	0.0688975341	-0.02936659143	0.01680096454	0.05804613006	0.009776552139	0.06997397846	-0.1134588606	-0.01662578806	0.0940316105	0.02250909575	0.1765435293	0.002338474205	0.01171908639	0.01709015522	0.05742797242	0.04137403916	0.04895441654	-0.01976543182	-0.06440801921	0.1995412158	0.009647057753	-0.0551587649	-0.04166637947	0.06175959713	0.03787978047	-0.02659476543	0.03353456909	0.04202951377	0.09023601767	-0.003065950899	-0.01177915637	0.1081181512	-0.04361319848	-0.04497540845	0.0202760409	0.05231423497	0.003585984211	0.03687475376	0.02495762371	0.315924055	0.07559861679	0.04739114664	-0.2931083689	-0.03098580667	-0.03695408368	-0.02730876942	-0.01916745965	0.01375974045	-0.06561778187	-0.001049981862	0.0274708561	-0.05027989912	0.09532678773	0.009986729317	0.02368530268	0.2101089013	-0.03368820831	-0.01860933847	0.005372862994	0.04006654327	0.01986762664	0.007352589455	-0.003073610419	0.08832869404	-0.009693009079	0.02203680397	0.2254117851	0.02878057684	0.08100860322	0.1174679091	0.1061154495	0.08624235976	0.1614617492	0.1298022083	0.09338000449	0.09670335588	0.09572432707	0.07717093658	0.05094183269	0.04241900173	0.1143486886	-0.003411863854	0.05398426586	0.1003748685	0.1546162882	0.1311127089	0.08213346867	0.1360056619	0.09958922311	-0.0006607736267	0.09745645768	0.0235819492	0.109871061	0.03055706117	0.00400945305	-0.02006649735	-0.03627965021	0.007642622715	0.009980494957	0.003379390888	0.1822423571	-0.03762892608	-0.06003349025	-0.02479572328	-0.009079000089	0.002067556087	-0.02119671824	0.03802213594	0.01732237025	0.08137274762	0.04967397995	0.08860896321	0.1824573792	0.08672342761	0.155288608	0.4824766782	0.5402947193	0.7354987746	0.1754175544	0.3097335732	-0.005206653006	0.127673989	0.06017639509	0.01352218157	0.000457362198	-0.04193535048	-0.04695106804	-0.01555657164	0.01684472331	-0.0356859746	0.04583194577	-0.03830986881	-0.02001484728	0.03120961519	-0.08002551165	-0.2742001263	-0.1682341921	0.03486487668	0.03555626238	0.0136029086	0.01496247507	-0.02917612001	0.08068042969	-0.05704094703	-0.2742076938	0.03419878037	0.08144562856
0.03590037674	0.01060611132	0.05966623543	0.07348356056	-0.00709210617	0.2240471677	0.006737650707	0.05140297188	0.1639127435	-0.3629964853	-0.3433315608	-0.3453687825	-0.3346457948	-0.322507723	-0.2997035133	-0.3293422779	-0.3538598896	-0.3564314499	-0.2849831013	-0.3377524965	-0.0520812245	-0.07779613174	-0.2838175588	-0.06145188659	-0.02687726715	-0.3288857904	-0.328522236	-0.3102816742	-0.3119972164	-0.0456883171	-0.3189819803	-0.07839268897	-0.09147438803	-0.2030255581	-0.1077483268	-0.3286782681	0.01731628776	0.04218899364	0.03115936645	0.01199590632	-0.03242498262	0.02268534273	-0.3712579654	-0.05174146329	-0.3349695678	-0.02425243122	-0.04680028825	-0.09600081658	-0.04057991488	-0.04474682133	-0.05516513704	-0.05467970156	-0.3149790647	-0.3309630805	-0.3058536268	-0.04396028849	-0.03788473686	-0.06122505928	-0.3721941309	-0.3538034864	-0.3454990082	-0.04634035158	-0.3132019972	-0.03350850084	-0.03988393767	-0.05301611087	-0.01750905397	-0.08613044338	0.00313460513	-0.00123373129	0.03396477876	0.04870831595	0.04942127542	0.1233267864	0.1677612235	0.1038449872	0.03318638442	0.04616314632	0.2304678296	0.06444340923	0.002527454519	0.1047522248	0.04690972225	0.08515412126	0.1160614879	0.0369630029	0.02107514204	0.1008211934	0.1117300828	0.1173568184	-0.04042623669	0.168170661	0.01989229864	0.06171199029	0.0737167754	0.1800103661	0.1329685724	0.07216302914	0.04511130028	0.03709994927	0.1141269506	0.03808468656	-0.04159986272	0.06005377695	0.01796719002	0.01668484144	0.1308283693	0.002981246247	-0.02248722703	0.3550461132	0.03641223526	0.06099091876	0.04912778604	0.09620883696	0.04565050948	0.08627313013	0.1418564198	0.191160896	0.2027811669	0.1065209638	0.1325152343	0.193194273	0.2466781237	0.2846917099	0.02289227919	-0.003747832267	-0.3626988391	0.1825402308	0.125347136	0.05897072136	0.04907147106	0.1202983617	0.01118019743	0.04792806706	0.05888043872	0.05981913654	0.01492287062	0.1313600767	0.04158918436	0.08748793556	-0.01947556997	0.03868160377	0.04952238478	0.2572855254	0.2327990612	0.2194290276	0.02511671945	0.1140393321	0.004450757384	0.06640793505	0.1086074627	-0.0107858974	0.02849689428	0.03141330813	0.0410492048	-0.01446650275	-0.006845499576	0.005462567109	0.05345468506	0.02427382105	7.115509332e-06	0.01810011785	0.04876205326	0.07302484757	0.04839890038	0.1228947729	-0.01985541535	-0.004364791983	0.00151647925	0.02891944718	-0.02290735545	0.02719245089	-0.03279554066	0.04263570605	0.001404734908	0.07324022924	0.004237463523	0.05948766035	0.1756028841	0.04094440091	0.08986505125	0.1030363617	0.01511642025	0.06112830741	0.1509718265	0.05047364356	0.1115082303	0.03542410694	0.2444774495	0.07355887602	0.04946349692	0.09168364575	-0.0324524068	-0.00917838297	-0.02148650469	0.03644140153	0.04657044557	0.05475100456	0.01091192512	0.1622482015	0.1837879383	0.1754175544	0.6780282581	0.1633197952	-0.026157706	0.1777031761	-0.03605968669	-0.06120717571	-0.03466376936	-0.07706650376	-0.04810526099	0.2428472227	0.01256163502	0.1968174407	0.0366034674	0.08214184833	0.04302523847	0.06730642271	-0.1025766527	-0.319599063	-0.2265357911	-0.02214612025	0.03867659342	0.03431507009	0.1025796555	-0.05787729029	0.0241537455	-0.08181324784	-0.3301435425	0.07486868152	0.03255824219
0.06322750435	0.04456826021	0.1120315825	0.06915658881	0.07094882383	-0.02983508461	0.003915454024	0.03332288044	0.1571803908	-0.3584293912	-0.3402558336	-0.3482121196	-0.327438942	-0.3167196316	-0.3068485281	-0.3433003889	-0.3591805844	-0.3507693357	-0.2974230321	-0.3493142166	-0.05478417813	-0.08971038258	-0.2801250139	-0.06294822117	-0.05453491269	-0.3273095286	-0.3141774229	-0.3276842011	-0.3185665802	-0.0635101063	-0.3214269829	-0.09460103245	-0.07912360396	-0.1876177318	-0.1220296664	-0.3208630857	0.1287796083	0.09730802689	0.1004451938	0.05022450913	-0.01225032197	0.0985120886	-0.3712491277	-0.03121678715	-0.3303802851	0.03606112619	-0.07295143444	-0.006040059524	-0.03021888264	-0.05055574498	-0.02406331302	-0.07714272803	-0.3234221993	-0.3082223996	-0.3001187282	-0.05982426579	-0.04804819171	-0.06661586718	-0.3808814483	-0.3652753324	-0.3566169246	-0.03075584608	-0.3141981062	-0.07748307476	-0.07836861885	-0.05687208637	0.04561823405	-0.01242667059	0.06654416345	0.1621975653	0.0432150775	0.1030447677	0.1040167559	0.2079825013	0.2031522749	0.07756859467	0.07425600597	0.02265053591	0.2572864684	0.1141949044	0.04698040391	0.05778885202	0.07707221026	0.05608116789	0.1358389205	0.04693196789	0.004547087772	0.09892988331	0.08588021998	-0.003104693168	-0.00533187356	0.04555327568	-0.02374612831	0.128248496	0.1164477516	0.05862230959	0.06489886213	0.09688490379	0.1085206517	-0.0345472071	0.1534560373	0.05861249855	0.04634693287	0.04404370707	0.03436800513	0.008178271824	0.003286546747	0.1302946362	0.01612178756	0.07052144239	0.09077266475	0.1344330667	0.1159684794	0.07095145531	0.05238858827	0.1028103817	0.01375688439	0.01227744719	0.2056436497	0.08847448641	0.07188211682	0.02016993965	0.01713795704	0.09395907857	0.01781313529	0.05198360284	-0.3617002791	0.0100693962	0.001893364844	-0.01565383481	0.04710856022	0.07675977464	0.0113026789	0.08284828083	0.08290216026	0.01165573108	-0.02709129079	0.06601083624	0.09022278432	0.1125409189	0.05165555657	0.1199340704	0.08032370177	0.1795199027	0.1687859104	0.1822010199	0.1019673062	0.142257325	0.05962486362	0.09981774189	0.2384940126	-0.004310374437	0.1408443964	0.05157549429	0.04438715588	0.02091560985	0.01319911244	-0.02090585389	0.04100004045	0.02363933212	0.02147046451	0.0454360058	-0.002026496479	0.08967944888	0.1754268058	0.04908168378	-0.00273053751	0.004654986871	-0.04002835897	0.03771671927	-0.02660449112	-0.05731467632	0.01034024832	0.08364954137	0.0375039269	0.01006421944	0.01099282224	0.1015667208	0.06522850975	0.05184018442	-0.06723873578	0.08254528388	0.03317361144	0.02739015874	0.05757784121	0.0566058734	-0.007823350203	0.0653399837	0.123225308	0.07941139468	0.1080355456	0.1049854942	-0.01505185924	0.02990430708	0.03635310786	0.08276663479	0.09611891351	0.1333235397	0.0428767291	0.3973284647	0.2193464259	0.3097335732	0.1633197952	0.5818233161	-0.004696441248	0.08040244154	0.02342059947	-0.04286880933	0.008008187728	-0.05597942352	-0.02243984578	0.1209544682	0.06512147568	0.1026500247	-0.0250850563	0.019576111	0.05436380759	0.06728063631	-0.0830590419	-0.3167402438	-0.1974406906	0.03985990172	0.02644741394	0.1072766762	0.07624911342	-0.06138513344	0.05148236356	-0.05221410938	-0.3167398109	0.08179531958	0.01932401038
-0.03744752428	0.03773676342	0.02971204505	0.05934909605	0.147556015	0.05595682893	0.15880935	0.1150443364	0.00754413721	-0.2778127848	-0.2669527149	-0.2796714287	-0.2603229584	-0.2061534662	-0.1832138748	-0.2350765671	-0.264247253	-0.2587899396	-0.213896726	-0.2499571812	0.1272662143	0.1393997185	-0.1844210819	-0.0194027633	0.005378907614	-0.227162617	-0.2067408627	-0.2086929235	-0.1961311871	-0.01477423984	-0.1977325606	0.04555421347	0.2068933528	-0.1052485892	0.1127713997	-0.2005409635	0.1097362494	0.1278324879	0.1332562054	0.1559649945	0.3897279539	0.1248426323	-0.2404553263	0.03491181971	-0.2241055522	0.1292412867	0.1068045573	0.09223257813	-0.0271289661	0.1680223903	0.03248816372	0.164898923	-0.2294707837	-0.1766898432	-0.1885545688	-0.01901070125	-0.0138328915	0.2240190031	-0.2644438917	-0.2915731861	-0.2243709812	0.05339723929	-0.1995286554	0.07234459875	0.08398661797	0.1690999823	0.09205021089	0.1185765549	0.1336933834	0.08303706808	0.05598861202	-0.03228398302	-0.02607896151	-0.02435363359	0.006873185843	0.0163879745	-0.01678664898	-0.01309729603	0.008409609343	0.1272934668	-0.05870430533	-0.04266246405	0.00488534476	-0.01602751495	0.01758558903	-0.02880013949	-0.00110981391	-0.01904442333	-0.01101550224	-0.07956577189	-0.03309211193	-0.02891709664	-0.01825594242	0.09418987901	-0.03104433258	-0.02083082247	-0.02043116337	-0.02705828019	0.04188492888	-0.0044723726	-0.004050958771	0.04454452624	0.09098699935	0.006362118602	0.05920426749	-0.01804129829	-0.02207305865	0.07107514709	0.02882877889	-0.01315998787	0.06072824809	0.126051672	0.03519366753	0.01970984692	0.04193782094	0.01082656041	-0.0008209528517	0.01516324273	0.02970596196	-0.03336679821	-0.03277871606	-0.01341117234	-0.0115124409	-0.03805412934	0.0384653949	0.1305857081	-0.2344022877	-0.005921412884	-0.02329328304	-0.04476130194	-0.04582669611	-0.02305943637	-0.0194307092	-0.02051121122	0.09601863868	-0.04562446128	-0.0403463947	-0.01929884012	-0.02183349804	-0.003196975029	0.1230039564	0.04275423571	0.001770637957	0.05557872034	0.02767467549	0.0346137569	0.1063572777	-0.03080332038	0.1205551719	-0.01190295635	0.007555099336	0.08650343144	0.0187376231	0.01671994321	-0.03519095393	0.1216843473	-0.03248524114	-0.05862016723	-0.05524557774	-0.01774933407	0.06147853351	0.07071486613	-0.05766510648	0.02256041833	-0.005230571519	0.02432130099	-0.06615712122	-0.01188042478	-0.05192761355	-0.012657099	-0.02625056179	-0.084099312	-0.0001148099615	0.04349464286	0.09795833483	-0.03756562395	-0.02509534627	-0.01769517635	-0.03029226767	0.02820905152	-0.04743715123	0.008209891364	-0.008532780443	-0.01103368496	-0.01122885311	0.0009531871646	0.0184310432	0.04161753316	0.08440637115	-0.01137789995	-0.005108052345	0.06252178827	0.02537856949	0.1143496968	0.07673956681	0.007868504924	0.03920137843	0.03426041282	0.04294178577	-0.02194070832	-0.02076822422	-0.005206653006	-0.026157706	-0.004696441248	0.7089991984	-0.06288378564	0.1395028136	0.04617054336	0.07891700887	0.1341790204	0.1465694888	0.06860354512	0.1659759398	-0.04240462481	-0.05244820854	-0.0009242078825	-0.04148933325	-0.01443717779	0.1720993176	-0.263226306	-0.09591765727	0.03747979196	0.1069337783	0.07766288879	0.001542398054	0.03700839412	0.07139153188	0.2001180334	-0.2235043758	0.0364674314	0.09454522609
0.0413837175	0.08822325679	0.02853780761	0.06506526111	-0.01020055015	0.07235476581	-0.004355489377	0.0321662116	0.1318730351	-0.3230795299	-0.3011870677	-0.3037073518	-0.3010879228	-0.3122542425	-0.2877336546	-0.2960899314	-0.3149528842	-0.334245714	-0.1788398414	-0.3060812302	0.01271687652	-0.00232763471	-0.2508981062	0.02771755711	0.04860850032	-0.3408367874	-0.333536954	-0.2831195917	-0.3254168505	0.04128288631	-0.3240444303	-0.03082171564	-0.08267117298	-0.1219982519	-0.1039314588	-0.2976536953	0.01463576766	0.05560327009	0.03593017039	-0.003230117266	-0.05419150292	0.1232624297	-0.2959908929	-0.02320905028	-0.3142147265	0.08588615694	-0.03771558643	-0.02854346478	0.007052200453	0.05866718528	0.03252861531	-0.08008347592	-0.288605184	-0.3193873469	-0.3007312868	0.04575582225	0.05526162019	0.02872760849	-0.3541062849	-0.314041267	-0.2964092039	0.0637459173	-0.287902606	-0.03607151724	-0.07132747972	-0.07588518932	0.0312345673	-0.04649376299	0.02174068966	0.0425753949	0.05612783344	0.07986631801	0.07342033176	0.1038538557	0.1014131345	0.07765624459	0.07963360552	0.03840091973	0.08948224608	0.08425625135	0.05700157109	0.1132357707	0.0008869497425	0.09507316128	0.1050114666	-0.01087296761	0.02785831143	0.07263395541	0.05217848816	0.1821744211	-0.02894777929	0.14021116	0.1382906226	0.0617918081	0.01361634092	0.1771057544	0.1196489825	0.005502549589	0.04831118067	0.07766052203	0.03814268081	0.001574142304	-0.04903975757	0.1143041812	0.04959693262	0.01296264394	0.1377221043	0.03319976929	0.07507643974	0.05258743182	0.002911501262	0.1312446075	0.1764560086	0.05433375216	0.01211409378	0.08527800081	0.1424617024	-0.01290837852	0.03154334232	0.0689415113	0.1068231842	0.0724184933	0.1284754796	0.0425700227	0.05681605774	0.05210995254	-0.2903510971	0.0002962962708	0.1396080818	0.1270595777	0.01965743155	0.1093488654	-0.01140685289	0.01112093579	0.0247978434	0.06405617982	0.074480139	0.117863504	0.03388955374	0.1158635766	0.004413819166	0.03989066845	0.02512881952	0.03022504429	0.03720267644	0.0213229603	0.02748745484	0.08293335426	-0.005592820691	0.03653136136	0.2571281361	-0.0224825282	0.009374336719	0.004976037815	0.03389504116	-0.01375190128	0.008107025668	-0.04140480215	0.0259721247	0.007898734016	-0.06051760135	0.09013505215	0.02158044504	0.0226520849	0.1193964938	0.06603316815	-0.02765353499	0.01257880418	-0.002729668109	0.03728209203	0.03627944546	0.08719706834	-0.03292372018	0.01546073642	0.004064704147	0.1020570315	0.01462476377	0.02741443746	0.02829228684	0.05058396566	0.1310874004	0.08193203793	0.02516041693	0.0967290189	0.1838623085	0.04692730267	0.03740792485	0.05149803457	0.02253531203	0.07746123934	-0.00296879791	0.06075082396	0.01407409407	-0.0001594295403	0.02675508368	0.01785023575	0.04615036697	0.126711171	0.007877879195	0.1179562796	0.1749956909	0.127673989	0.1777031761	0.08040244154	-0.06288378564	0.6373826894	-0.02389690206	-0.07077950503	-0.01636241713	-0.09490760201	0.06441130258	0.02169396424	0.01787465879	0.02730212505	0.01996171309	0.04473637961	0.04237945937	0.0425716817	-0.01400848342	-0.2281274972	-0.133484667	0.01994704927	0.01515636212	0.1308305257	0.1001038218	-0.04679531763	0.06550426042	-0.06972771796	-0.2146549477	0.03961222969	0.09491478996
-0.01826334542	0.1133707365	0.06797110215	0.1354470118	0.1696934009	0.1206848642	0.1977542795	0.2658054813	0.03169906791	-0.2953440328	-0.2726622928	-0.282171119	-0.2789589098	-0.2115254378	-0.2047666085	-0.283154079	-0.2951176224	-0.2474293306	-0.229030792	-0.2907853287	0.06222286304	0.0811628852	-0.2367169688	-0.009717816626	0.01870332826	-0.2443222772	-0.26327185	-0.2218901974	-0.2498578428	-0.007568494669	-0.2413249176	0.03110104125	0.2332441363	-0.1616102139	0.0369555904	-0.2399163166	0.2390783037	0.3052189228	0.371314784	0.2423792924	0.1762726919	0.3048525586	-0.2994971934	-0.04493024733	-0.2520611943	0.07006958678	0.02266561135	0.2049548175	-0.03291565564	0.04743977364	0.0204475779	0.0470522008	-0.2478604089	-0.2193122644	-0.2481652717	-0.01198212411	0.003449808382	0.1616234142	-0.2864177561	-0.2734000743	-0.2993903917	0.01362831745	-0.2366856782	0.06465143049	0.0687322563	0.07301158418	0.1438575236	0.430831753	0.3393237415	0.3047846996	0.02192580701	0.0577034405	0.05843951613	0.02114156137	0.06664669094	0.04931286004	-0.004005280035	-0.03211560147	0.006358316894	0.2785387661	-0.09496796099	-0.08983715047	0.01871282757	-0.03777456925	0.02088722911	-0.03562202201	-0.0139025413	-0.05923545081	-0.03976810184	-0.02657498252	-0.08247229363	-0.06774985687	-0.04394416622	0.324310295	-0.0746305094	-0.05473646026	-0.06330169609	-0.0716763695	0.05553599952	-0.03074872634	-0.02450809233	0.06355959682	0.2427978559	-0.0158824123	0.07984683471	-0.02437796849	-0.03271842469	0.07135172621	0.0555027543	-0.06052539585	0.04599283555	0.217653982	0.04233618775	-0.00214333282	0.02049685329	0.007613029337	-0.04523251065	-0.03097202825	0.04265351257	-0.06691932214	-0.06814949738	0.01569443286	-0.03397119497	-0.03168575905	-0.03620896253	0.0516074719	-0.2914493922	-0.01984365943	-0.03223193855	-0.06064831462	-0.0965321823	-0.06789994328	-0.05221010811	-0.03466195593	0.01432331643	-0.06838090668	-0.09660546432	-0.06053547611	-0.01152845305	-0.021770962	0.229913869	0.0126579291	-0.05940012118	0.04664325872	0.08589197027	0.04907965011	0.3453510359	-0.04397274365	0.273104537	-0.04976880015	-0.01011201129	0.0593573719	-0.007002907675	0.04440340851	-0.07220755991	0.05749406689	-0.00331046285	-0.07367602821	-0.09995880079	-0.06186033504	-0.07353749828	0.1028977808	-0.06797494667	0.0197730033	0.07579692136	-0.02013518679	-0.1290205969	-0.08623262935	-0.04643994689	-0.09834587387	-0.1127057159	-0.0967264088	-0.05676377629	0.07068475602	0.07193613806	-0.03569724746	-0.1052718138	-0.03010109508	0.0003603217751	0.01724369878	-0.006683884312	-0.002906367792	0.01020445964	0.01120864693	-0.00854728645	-0.05279276841	-0.0397610586	0.04116999644	0.1199468962	0.03238091253	-0.02949111163	0.08844170136	0.05829245328	0.07369561577	0.06526609672	0.08587384137	0.1163474294	0.099383144	0.1308685602	0.07419858952	0.06491204747	0.06017639509	-0.03605968669	0.02342059947	0.1395028136	-0.02389690206	0.7233074207	0.05236343638	-0.01591133492	0.06007910247	0.1006430486	0.06342715318	0.3082438963	-0.04184346485	-0.01194293661	-0.02027452728	-0.05326433472	-0.04343997337	0.1303593303	-0.2433969078	-0.1514362016	0.03481479159	-0.01091351573	0.1875977297	0.01993188186	-0.007779619889	0.06847836947	0.1804380549	-0.275795517	0.0696223158	0.03545477163
0.05275018352	-0.06763528691	-0.02836371307	-0.03903774362	0.01176410255	-0.01478230366	0.01193198347	0.04780148994	-0.00880376271	-0.1027206197	-0.09771440328	-0.07585813404	-0.1088734753	-0.03892705563	-0.04258694489	-0.1371277836	-0.1043896717	-0.06829028869	-0.1365472693	-0.1639974329	0.1282251386	0.1249776737	-0.08650737015	0.0840008311	0.1089318101	-0.06211462596	-0.08691872448	-0.05164892134	-0.03118223544	0.1246290539	-0.06983904089	0.0975949349	0.0879316088	0.03811676232	0.11936937	-0.03809274416	-0.00908680526	-0.04525698798	-0.04319959326	0.05375705867	0.05090507205	-0.04451782708	-0.07996059436	0.1532065882	-0.05402144182	0.03846056841	0.114209101	0.09026178571	0.0005926974116	0.09692077556	0.07526365084	0.09210428484	-0.04804230542	-0.002735892413	-0.05531837211	0.1291834781	0.1108591631	0.08912048732	-0.05942363747	-0.06470012687	-0.07185366809	0.05172316758	-0.04821761267	0.138339676	0.1042580765	0.06208428871	0.01400742312	0.04759993826	0.02449782106	-0.03659170497	-0.04062726653	-0.03904120754	-0.03793197651	-0.05097176252	-0.05500064798	-0.03244578191	0.0260367577	0.01187847412	-0.04507998802	-0.03488576391	0.03051472106	0.03403669005	-0.05850303421	0.01966364399	-0.001143249907	-0.0470701786	0.0328896098	0.03559695202	-0.02378043438	0.02588684072	0.05854460584	-0.01210014361	0.02318916292	-0.03625635817	0.04082084829	-0.02841303965	-0.02937191376	-0.003227709273	-0.06530868806	-0.07484466755	-0.03578075722	-0.04232428165	0.01303251858	-0.03060742264	0.06015286351	-0.04471660858	-0.01755996656	-0.0334511453	-0.04047275605	-0.02779465877	-0.07003396371	-0.0275755778	0.01646301824	-0.008088541984	-0.03506550785	-0.05236986343	-0.0213860673	0.002856210483	-0.05355883307	-0.01128457163	0.0001786908921	-0.02190671737	-0.05648956575	-0.02309433729	-0.03600541438	-0.03155878922	-0.08472285098	-0.06010672035	-0.02868881108	-0.0096355638	0.004540311614	-0.02256229781	0.03549080763	-0.005423411713	-0.006238679901	-0.004973723322	0.03031113793	-0.02585148574	-0.0132215075	0.01957169463	0.07681340232	-0.01382465356	-0.0002878087931	0.007697145719	-0.05538255125	-0.05600955098	-0.02978705023	-0.008759570271	0.04922616734	-0.01016157033	-0.03750573697	0.1277084362	-0.0258205602	0.0712666182	0.0287482191	0.07861748364	0.06309120617	0.07356234516	0.03739209057	0.0358429449	0.1353843487	0.04723600262	0.01550769306	-0.02911761305	-0.0701748435	-0.04792312778	0.05996556427	-0.01389367626	-0.009518510126	0.01100792335	0.02632693296	0.06349392109	0.04419655108	-0.05003775147	0.04299835594	-0.06708691951	-0.003830360435	-0.06297273656	-0.1043453933	-0.005672432741	-0.03926744422	0.00663960292	-0.03374883567	-0.08339687884	-0.04023702978	0.07991813712	0.03556620125	-0.02626951915	0.003604110215	-0.01267117888	-0.001610604443	-0.05609725509	-0.06314967803	-0.02828954308	-0.07066492643	-0.08053621963	-0.007069032275	-0.05253333581	-0.003704841823	-0.01715387415	0.01821777103	0.01352218157	-0.06120717571	-0.04286880933	0.04617054336	-0.07077950503	0.05236343638	0.9542280876	0.1936885355	0.09124324592	0.1226102203	-0.02813884352	-0.03317888207	-0.006615556815	0.006833015535	-0.06263823315	-0.04220987583	-0.005324086972	0.06272420625	-0.1270878938	0.04715670484	-0.0605132954	-0.02408506202	-0.03788500112	-0.01578513961	0.1302793549	0.01510579074	0.03909711696	-0.09530808484	-0.03399481343	-0.02251401405
0.05552772362	0.007481908566	-0.01181530851	0.005289277898	0.07917303859	-0.0197817603	0.05324839353	0.01657718475	-0.02755306952	-0.2303525017	-0.2045250154	-0.204830941	-0.1996018973	-0.1632722115	-0.1829861451	-0.2053082898	-0.213591971	-0.224145549	-0.2304323952	-0.2089267283	0.2554479092	0.2771906043	-0.1913455585	0.04360142191	0.06893749463	-0.1811666738	-0.1759941496	-0.1829739435	-0.1697384065	0.04849229799	-0.156690878	0.1559788334	0.142967346	-0.08849953383	0.1505355707	-0.1370373463	0.04374839926	-0.01414882835	-0.01423821909	0.1305961985	0.1592413488	0.00956898757	-0.1947193342	0.01528262082	-0.1897222486	0.0962759539	0.1542759396	0.1306849612	0.01996624409	0.2097431079	0.07145011225	0.1344888064	-0.1915869659	-0.1237839385	-0.1284717862	0.05321899631	0.05744996864	0.1759259044	-0.1802701298	-0.2125561008	-0.1835185457	0.1514451674	-0.1521164634	0.2789264683	0.2680645769	0.1100395071	0.03226757011	-0.007334444001	0.0630807882	0.04029309189	-0.01316972314	0.002235169221	-0.0006462012684	0.008576613012	-0.03941618447	-0.02114143278	-0.02455417513	-0.04670895992	0.02279843776	0.01699968742	-0.04281906589	-0.0150968475	-0.04057209368	0.04078215981	-0.0311037075	-0.04982763095	0.003561844933	0.01838647612	0.01095999507	-0.05910166348	4.950374763e-05	-0.0279943333	0.1073623049	-0.03047741973	0.003472077642	-0.01377754632	-0.00899161339	0.001994385896	-0.0211905899	-0.01206759481	0.01353848516	-5.458353124e-05	0.0452625409	0.0207858023	0.05264027265	-0.02480468083	-0.005599262737	0.02920535024	0.02727559297	0.01457002812	0.01606538426	0.01737565069	0.0687937145	-0.01644716991	-0.01568518136	0.0116517703	0.008399408191	-0.01593133779	-0.03216677982	0.001192580039	0.01575412504	-0.03035538988	-0.02121671671	0.02602781633	0.06072938191	0.02022738548	-0.1900567672	-0.02524118149	-0.001692763089	-0.004596839539	-0.004591581959	0.01688520555	0.03979638415	-0.01805548478	0.06572823663	0.0303544389	-0.00313296965	-0.009492308341	-0.02154579334	-0.02309341245	0.05074706943	-0.00720657091	0.00360311676	-0.03025303914	-0.01641060887	-0.03249665764	-0.004336779397	-0.02263790863	0.06110245057	-0.006778354658	0.004563722067	0.1409780263	0.0329942762	0.06814904118	0.03550475453	0.0787135374	-0.01924059253	-0.02995797896	0.0001444777728	0.006781599342	0.06748612649	0.02615098379	-0.04767994295	-0.0222341877	0.02865170437	-0.004567395383	-0.005539573388	0.01679682057	-0.05431034314	0.01939188093	0.02620450177	-0.06615798145	0.06333516199	-0.01142658545	0.05344554301	0.01133814636	0.01564080352	0.01031779407	-0.04056129014	-0.01244237259	-0.03276894939	-0.01691055628	0.05394886113	0.006529563324	-0.003565866456	0.02553580194	0.01639931392	0.02740233216	-0.01726700415	-0.02919531067	-0.01032454441	0.007332973427	-0.01985239587	0.002037079057	0.03156545799	-0.02558455912	-0.02861359444	-0.0228378805	-0.02791450371	-0.00776957557	-0.02520595976	0.000457362198	-0.03466376936	0.008008187728	0.07891700887	-0.01636241713	-0.01591133492	0.1936885355	0.7727838724	0.2747764793	0.2502941035	-0.007267290756	0.001562098528	-0.04228603317	-0.03686164298	-0.01248163748	-0.0137587378	-0.006419297915	0.120812787	-0.2427033586	-0.0810179963	0.0004590452877	0.01990902675	0.01005018475	-0.007557501758	0.08548819082	0.03967167973	0.1681405889	-0.2366594628	-0.003511219114	0.001230822219
-0.06334834589	0.03535790659	-0.01784355423	0.02131387778	0.06098266577	0.03200848686	0.08840809645	0.04924012004	-0.08182301865	-0.2400878369	-0.2306873923	-0.2247285515	-0.2165081988	-0.1542555007	-0.1256210072	-0.1970775369	-0.2421598002	-0.2165310328	-0.1454408013	-0.2147819179	0.4153083792	0.4592490722	-0.127391654	0.01865095628	0.04937127079	-0.1434950151	-0.1616035375	-0.1711702463	-0.1381164405	0.08051721383	-0.1572381155	0.2339180634	0.3566399433	-0.04145409322	0.2962739915	-0.1213313393	0.05127540481	-0.0113727108	-0.01279899979	0.08752258699	0.1622070055	-0.02159490378	-0.1931771538	0.04218251237	-0.1416315596	0.1477048651	0.1409223627	0.189470667	0.04774233715	0.4482983743	0.08381626083	0.2868640179	-0.1494996672	-0.1015861384	-0.1063949157	0.07587315348	0.04662653497	0.3170638188	-0.1837477492	-0.2046648056	-0.217733192	0.2079724933	-0.1478423356	0.3264419114	0.4001579558	0.2635656976	0.005232800038	0.06714122832	0.06497026781	0.0220272019	0.05326773485	-0.05512308341	-0.04898630332	-0.04359718478	-0.04968725056	-0.05814603965	-0.02303074524	-0.0296735711	-0.03016761133	-0.04054790455	-0.06723278112	-0.08008628803	-0.06795952423	-0.02520632655	-0.08565990966	-0.06204303552	-0.01963993199	-0.04991444745	-0.05103269247	-0.007310964634	-0.03905995426	-0.0533704606	0.03555675534	-0.03586486665	-0.0002792562525	-0.06870187224	-0.03011161074	-0.05294882747	-0.05175861396	0.04333145451	-0.02786719345	-0.02336402428	0.08200882982	0.01540809362	-0.02893199028	-0.01665910305	-0.0536239557	-0.01612543471	0.05525330061	-0.0403889198	-0.01392803258	-0.002590344922	0.00262206758	-0.06171345001	-0.05076788403	0.01646771538	-0.05285969176	-0.05902837445	-0.0649122929	-0.02842613826	-0.05288482776	-0.015565075	-0.01928320993	0.03173501495	0.01423626909	0.07125857075	-0.1901994747	-0.006907214315	-0.04684508734	-0.03986061827	-0.05690372831	-0.01949795332	-0.05033798351	-0.05585571152	0.07637213941	0.07384475721	-0.02459310738	-0.03053426608	-0.06823477135	0.01321167795	0.04646930377	-0.007998930586	-0.06066213022	-0.06962910611	-0.04710923829	-0.06548058677	0.02411648091	-0.08298500038	0.05779474293	-0.07160250299	-0.019313479	0.1236821842	-0.02499273261	0.04393549411	-0.06239409498	0.1373264434	-0.01694561222	-0.03275801812	-0.07709145626	-0.007093015207	0.004080675505	-0.07299379674	-0.007220288333	-0.04462579232	-0.01172557893	-0.03211279699	-0.01631001199	0.01937636909	0.02201257126	0.02635730399	0.01635110738	-0.02011518144	-0.01271983701	-0.02174373116	0.07786856464	0.04555730901	0.008932377245	0.006543949659	-0.03361791749	-0.06273824052	-0.002384467868	-0.06077834072	0.001869558758	0.01547256125	-0.06692205496	-0.05741838648	-0.05287184114	-0.01898104948	-0.0372849266	-0.05470354017	-0.0746144094	0.01139954299	0.02728098521	0.07780838313	0.1150449244	0.08484634854	0.01929238565	-0.01679087652	0.04297340265	-0.08027608184	-0.05435012056	-0.04193535048	-0.07706650376	-0.05597942352	0.1341790204	-0.09490760201	0.06007910247	0.09124324592	0.2747764793	0.8681404764	0.3744152509	-0.03494951427	0.008141871118	-0.09242161037	8.127099151e-05	0.01706467127	-0.07338849919	-0.03504995363	0.3511844219	-0.163421335	-0.04445928231	-0.01948470868	0.008127155274	-0.02034191509	-0.03404693113	0.1136103684	0.0183913752	0.2729502571	-0.1785992816	-0.0228265376	0.003131786701
-0.07941836315	0.01670277745	-0.0430261575	-0.05103197431	0.04176893561	0.04174696642	0.1404762955	0.08972237355	-0.06419415567	-0.2281359735	-0.2158164439	-0.2135687483	-0.2095699988	-0.1872182467	-0.1256241778	-0.1880578571	-0.230505005	-0.2226209623	-0.06716352978	-0.2095621077	0.4720412864	0.4834019539	-0.1171317276	0.0768641977	0.1145619025	-0.179481001	-0.2095894737	-0.1867475958	-0.1739173738	0.1231007618	-0.188934368	0.227008321	0.4504462674	0.01060597953	0.2694353784	-0.1435828444	0.07436367495	0.01139544712	0.01838058928	0.1471028706	0.1711381349	0.1411275205	-0.1875988741	0.07798395993	-0.1622894924	0.238686991	0.07972513512	0.1701974564	0.08953420692	0.5779173194	0.1455382126	0.222469121	-0.1625070912	-0.1441716902	-0.1436666725	0.1287708655	0.1075766728	0.3749232829	-0.1896376111	-0.1972604178	-0.2029164065	0.3754753527	-0.1540316623	0.335932313	0.3046707959	0.1980654131	0.03486031464	0.08097533582	0.1023350641	-0.00383946763	-0.03625867043	-0.1112307055	-0.1130410717	-0.05201410276	-0.05869929012	-0.07191319472	-0.04272563045	-0.08163678772	-0.06047827048	0.03325116608	-0.02130226236	-0.01436744592	-0.1015333614	-0.04085860042	-0.07631471007	-0.09783611275	-0.06325417145	-0.02831313564	-0.03593753198	0.04932486604	-0.0909036314	-0.01353320226	0.05354199923	-0.01476084641	-0.0680183786	-0.03960215732	-0.05227658824	-0.04464197908	-0.06016413348	-0.04758507332	0.002592255935	-0.04238294938	0.0431244172	-0.04199671005	-0.0054602724	-0.01233808626	0.007002352787	-0.01069524514	0.02649412314	-0.0334060543	-0.06611475106	0.1354015748	0.03770283499	-0.093581801	-0.09915181114	-0.05751286608	-0.03893986716	-0.07201560199	-0.04107302275	-0.06611789155	-0.03543994409	-0.04151588497	-0.01028853285	-0.009179923819	-0.0176973352	0.0732186243	-0.1851650679	-0.04090626831	0.008309239121	0.02668916624	-0.05574655659	-0.03311948948	-0.06570472787	-0.07087257379	-0.007805267543	0.01414606385	-0.01919393834	-0.0504466229	-0.05111032763	-0.03058108893	0.07972800378	-0.0246275736	-0.06797635861	-0.03164043406	-0.01747151954	-0.03750727431	0.01670610126	-0.1023106124	0.1022293102	-0.07327549384	0.0909510127	0.07579674097	-0.02754612574	0.06411011061	-0.06322069621	0.07352268683	-0.02826329822	-0.04405076938	-0.07331016367	-0.03383782589	-0.01048031769	0.01041005004	-0.002918904594	-0.07948527344	-0.06039702043	-0.02110870632	0.01623532545	-0.03082948083	-0.009948406766	-0.01723276885	-0.00855196286	0.005035472799	-0.05157530492	-0.06512426107	0.02018655489	-0.01443236777	-0.02057330027	-0.05813889768	-0.1063816321	-0.08013399435	-0.007770543136	-0.09105930034	-0.07648932429	-0.06660066914	-0.05433502799	-0.08525623283	-0.06100341139	-0.03460770565	0.004582642714	-0.06911027719	-0.06423125335	-0.07719323095	-0.007855355524	0.01821634537	0.003092710766	-0.02209396047	0.00813121917	0.00345782485	0.002280429944	-0.05771949496	-0.06450586444	-0.04695106804	-0.04810526099	-0.02243984578	0.1465694888	0.06441130258	0.1006430486	0.1226102203	0.2502941035	0.3744152509	0.962009621	-0.001324702865	0.02985728563	-0.05913404557	-0.005999220689	-0.05856387471	-0.07766853689	-0.03981794637	0.5233393731	-0.06458656864	0.01392936969	-0.04134483772	-0.01461311128	0.08768449252	-0.06908319631	0.04256971455	-0.006200434249	0.2558165101	-0.09238649984	-0.03257567085	-0.03609423894
0.05271396974	0.05651252106	0.1122671266	0.1286545624	0.02635059787	0.3769920574	0.08592586248	0.08517835117	0.1872093637	-0.3715737814	-0.3480958025	-0.3558976475	-0.338959991	-0.3224987236	-0.316132814	-0.3303110354	-0.3662879133	-0.3568785948	-0.3057361402	-0.3388851455	-0.0529191005	-0.05625742959	-0.3244581068	-0.1175179111	-0.09632236588	-0.3405771865	-0.3400149988	-0.3068230234	-0.3304427326	-0.09689615052	-0.3253786851	-0.09010293683	-0.01611874245	-0.2051665812	-0.08615859836	-0.3235966185	0.156005902	0.1167636724	0.133023083	0.05579930678	0.04489681373	0.06848379588	-0.3823004742	-0.05401117874	-0.3388762438	0.02533690069	-0.05920554912	-0.03248350845	-0.1287673768	-0.05289085948	-0.07910321125	-0.05911866723	-0.3282643268	-0.3194059278	-0.2904699099	-0.1050529356	-0.09078423116	-0.05916882059	-0.3866009678	-0.3634607784	-0.3691859581	-0.06101615257	-0.3290801223	-0.061586121	-0.0602971151	-0.02325118727	0.05224936898	0.05470532485	0.07151716872	0.09404919874	0.0704885626	0.04722171443	0.04474115195	0.06874593416	0.09639009988	0.1459377212	0.02103836697	-0.003365636404	0.3003680496	0.1409507702	-0.04912610849	-0.01240591135	0.1026770863	-0.002600678574	0.08993812266	0.08253238165	0.04153599151	0.06246675542	0.06766924982	-0.08094398529	0.008214692697	0.02936225612	-0.001119672482	0.1901780103	0.01334031822	0.02392634613	0.03113754216	0.05182615776	0.1171035791	-0.01243636267	0.1369745606	0.09299455476	0.100433997	-0.03429888438	0.05803272139	0.05891674262	0.03732098846	0.2463857482	0.01593638613	0.2499247862	0.09003322537	0.1191474334	0.102812322	0.0969521328	0.09462000493	0.06459770345	0.04408346928	0.2831286595	0.3547866661	0.01466889834	0.04994971221	0.2267976987	0.1923667381	0.0631995732	-0.02747654798	0.08677670259	-0.3726350411	0.2907436594	0.03865527864	0.005150328712	0.01909447882	0.05762616818	0.03667176408	0.04147008306	0.03138255393	0.03221464279	-0.07592744834	0.02903357614	0.06484102715	0.06786029012	0.04742861754	0.1339579952	0.04239395227	0.5293714087	0.3861681842	0.3788782419	0.1195092445	0.0402122556	0.06850785419	0.06541093998	0.07847363771	-0.07107231601	-0.02308274227	-0.07610216619	-0.06307810358	-0.02652824226	-0.08005963066	-0.0701185157	-0.01412864754	-0.08407673819	-0.1136836061	0.07339620446	-0.1114882152	0.1396279294	0.09086608607	0.06080561474	-0.1356572608	-0.06389863826	-0.1031607625	-0.07611242373	-0.07857004703	-0.0910647486	-0.066031886	0.08214885721	-0.02748726845	-0.01816679733	-0.07834184157	-0.008071021271	0.2270934612	0.04700627231	-0.02220297056	0.07280478787	0.0133686726	0.0480267007	-0.03114555939	0.06698959487	0.05677025713	0.1277204869	0.5641786622	0.1034404706	0.06876084571	0.1473283116	-0.006040033717	0.03794869928	0.02262658062	0.06034549197	0.1190841997	0.09490670263	0.07565268861	0.07031563239	-0.006646320934	-0.01555657164	0.2428472227	0.1209544682	0.06860354512	0.02169396424	0.06342715318	-0.02813884352	-0.007267290756	-0.03494951427	-0.001324702865	0.6623886331	0.089312794	0.2459816622	-0.06407981651	0.07269518022	0.03834456265	0.03971686951	-0.0589252099	-0.3276075876	-0.21768838	0.07541499618	0.1159613482	0.08145699956	0.1253556709	-0.07647361859	0.1737621238	-0.02597337959	-0.3458946697	0.1962138325	0.09295509227
0.03876946721	0.1265372014	0.08868240198	0.08879596977	0.1933029682	0.01746430039	0.117809688	0.2407928112	0.05017812851	-0.3665410884	-0.3354194564	-0.3508956254	-0.3271184533	-0.295124008	-0.2716711987	-0.3277131065	-0.3617661462	-0.3237561547	-0.3005588728	-0.3343419041	-0.01362604949	-0.04201791938	-0.2903249435	-0.07265052542	-0.05301011358	-0.2923244842	-0.3115495108	-0.2999099126	-0.2998033316	-0.08976511617	-0.2964517643	-0.01369278117	0.1205718714	-0.203852233	-0.006096346228	-0.2983400181	0.1825843211	0.237334852	0.2568763901	0.1412499744	0.1252370015	0.2016431353	-0.3674664867	-0.08898567438	-0.3295264878	0.04453568793	-0.02822250373	0.09871733371	-0.09452404049	0.0144744041	-0.05858222728	0.0165140409	-0.3056480646	-0.2944170393	-0.2897666721	-0.09090693091	-0.07548353719	0.05124130134	-0.3685304084	-0.3660261786	-0.3404921969	0.01792899926	-0.2947493661	-0.005804485822	-0.01053067586	0.03980341983	0.1475412676	0.1596493514	0.4087663076	0.3185208687	0.1049326962	0.04671340865	0.05165817429	0.05857199977	0.1162320715	0.1049043072	0.01503276571	-0.02514109009	0.0986444902	0.2060927034	-0.05513220743	-0.03220447362	0.06920211236	-0.002335347999	0.1118207073	0.02686677929	0.003716503984	-0.03539394709	0.005971373844	-0.09384676432	-0.02075421638	-0.01929562282	-0.04134425269	0.2102525495	-0.04388882493	-0.02102765371	-0.02608955027	-0.01962576659	0.1457226492	-0.00436359963	0.03745658779	0.1172502563	0.2105038835	-0.0003634166892	0.1370054422	0.01004979545	0.02043089408	0.1244072962	0.075124149	0.01350685893	0.1357110156	0.1879402679	0.07551736065	0.08161695494	0.1066733228	0.03427479016	0.03240655745	0.05271868054	0.1135693784	-0.03315630304	-0.02233240525	0.0417904	0.003209337539	-0.0711251529	0.03567516267	0.08335957997	-0.3573637412	0.02422370469	0.02398823048	-0.01454539746	-0.0420588034	-0.04943283811	0.002303881489	0.0192860877	0.05854008464	-0.03713611687	-0.09272361477	-0.02847113462	0.03774987695	0.03037991626	0.3427722167	0.1219156489	0.04072605067	0.08717255042	0.12295397	0.1201016005	0.332926858	0.04918893957	0.3475928679	0.02249158701	0.03755844439	0.09492641158	0.07622174219	0.09351031492	0.007287769409	0.01189767995	0.02525516202	-0.06692989206	-0.01703911602	0.01260808641	-0.03427066329	0.1141784232	-0.07241792036	0.07192341766	0.1050191998	0.04896351585	-0.1057485925	-0.06154589242	-0.1185192098	-0.07823209553	-0.09829048259	-0.1610613354	-0.02920784938	0.1211892588	0.02874823485	0.0001497523738	-0.08479813427	0.01756693667	0.03559810009	0.1082180035	-0.04312942002	0.07623675385	0.05365035572	0.04498807921	0.03146529583	0.01026328452	0.04910506829	0.1112413747	0.09611741994	0.0714455616	0.02290404576	0.116603751	0.04681242081	0.05408541287	0.07550497465	0.07282160331	0.07460508959	0.1288814756	0.03930408475	0.06534940677	0.02127882938	0.01684472331	0.01256163502	0.06512147568	0.1659759398	0.01787465879	0.3082438963	-0.03317888207	0.001562098528	0.008141871118	0.02985728563	0.089312794	0.5534513201	0.01837893555	-0.04995763089	0.01885133612	-0.002917262195	-0.002548864674	0.06782132077	-0.3313748136	-0.1910077509	0.06903770335	0.05828977907	0.1529187398	0.06292257016	-0.04664218815	0.03352670981	0.1353560661	-0.3391556798	0.09629467681	0.05290887968
0.1896498849	9.363248542e-05	0.05273205577	-0.000874922432	-0.01607620665	0.1209610894	-0.01782265906	0.008172164233	0.06303046606	-0.2836852521	-0.3197350494	-0.3250062424	-0.3084405113	-0.2998851032	-0.2945387575	-0.3028766516	-0.2803083513	-0.3290751228	-0.2911150917	-0.2603683812	-0.09226340527	-0.02938835333	-0.2945818242	0.03089142243	-0.03868984524	-0.2652087831	-0.2554688623	-0.3004332192	-0.2493655906	-0.04824330881	-0.2476096236	-0.03707591547	-0.09336190552	-0.2008021579	-0.06688800865	-0.3057018032	0.05750148102	0.03644347939	0.02914923108	-0.002460684418	-0.06918485135	0.02884511449	-0.2724570586	-0.05371504243	-0.2789029709	-0.02937327917	-0.08743849835	-0.04224599178	-0.06083545202	-0.09034342388	-0.03381572019	-0.02959915748	-0.3072826337	-0.2951703298	-0.2903720295	-0.04864788565	-0.04043199726	-0.0939807913	-0.2617735774	-0.2647980164	-0.2795315465	0.006821663426	-0.2938702696	-0.07843514265	-0.0865707843	-0.1061334084	0.02382120045	0.03902099356	0.007994292036	0.02819325405	0.002001941931	0.06288761662	0.06619774058	0.05482048183	0.07174564081	0.1677706805	0.003327395104	0.04325675979	0.2800758232	0.03329562938	0.1390613915	0.07660538379	0.2096759354	0.01007727379	0.1133340822	0.251228779	0.1757689112	0.0469828688	0.113082475	-0.04971418782	0.323236887	0.0412031441	-0.06395343543	0.06131423807	0.02999493127	0.05908979825	0.03998927212	0.1472469867	0.1893759611	0.006979735102	0.1256324545	0.03384409457	-0.004527706486	-0.05688589237	0.04648718159	0.06790170346	0.03920905208	0.06663334023	0.000360632127	0.318477998	0.07019537767	0.03665918976	0.00811896918	0.1258100014	0.1311226881	0.009750951999	0.0243992902	0.2392656589	0.3015359387	0.06064880946	0.09524677684	0.1492600877	0.138319022	0.04465319896	-0.08562325992	-0.0132785884	-0.2654817783	0.1828654521	0.04378208472	0.007874708893	0.2084194574	0.04018456274	0.08407674647	0.1536839967	-0.04551927463	0.06045783595	0.03248963268	0.04276463685	0.183617658	-0.009872365583	0.06209857981	0.1294214301	0.1093090029	0.2508422719	0.2913091564	0.3236567538	0.0126979867	0.09278509129	0.02657891765	0.1304164143	0.0330537887	-0.0730825121	-0.01258916661	-0.04105236704	-0.06814941771	-0.0487577788	-0.079331532	-0.1240747807	-0.05428639598	-0.08061352039	-0.05724954948	-0.002999705802	0.1614939835	0.1576650783	0.04826539795	0.07476744552	0.010045262	-0.01396839616	-0.02692476514	-0.05129526707	0.03489295765	-0.0342798845	-0.005971299382	0.01127231209	-0.03908349884	-0.04844231581	0.01325325806	0.05874938967	0.2901266218	0.09535296716	-0.03862776062	0.1082225267	0.05808299546	0.06339306676	0.02993770885	0.04878170636	0.007918489972	0.04364636882	0.271112007	0.1804078139	0.2278719605	0.02642388392	0.01679855744	-0.06148085516	-0.0144341133	0.007894122508	-0.01431184677	0.05073350109	-0.063525011	0.05096400091	-0.02539266558	-0.0356859746	0.1968174407	0.1026500247	-0.04240462481	0.02730212505	-0.04184346485	-0.006615556815	-0.04228603317	-0.09242161037	-0.05913404557	0.2459816622	0.01837893555	0.7887685619	0.0248011372	0.08194393638	0.2207101863	0.0827858672	-0.03544069253	-0.3268440235	-0.2060905291	0.05054504896	0.0224744657	0.03762250842	0.1142808406	-0.0566023295	0.03461717144	-0.08350106223	-0.3408020312	0.03134034641	-0.01124708961
0.08704656953	0.08636517847	-0.05966360242	-0.02385810675	-0.03700973929	-0.0111984771	-0.02643442483	-0.06223135355	-0.03493358403	-0.2648819279	-0.2478627619	-0.2486594446	-0.2596397102	-0.2086638996	-0.1937425756	-0.2658355626	-0.2625327378	-0.2529877156	-0.1946074098	-0.2770847453	0.01294149271	-0.03882908214	-0.1769889364	0.02778728931	0.05663698723	-0.2229936917	-0.2225031552	-0.2406612517	-0.2343280896	0.03139416895	-0.2240300922	-0.02508371306	-0.02245710216	-0.09140409789	-0.02951397904	-0.205487656	-0.07736985217	-0.07497672519	-0.07966734222	-0.08283633039	-0.02141951828	-0.06289956646	-0.2364448429	0.02766029837	-0.2362158214	-0.05302075562	0.02097988051	-0.005616634157	0.006669184634	-0.02637328891	0.01837437809	-0.03710014898	-0.2270250154	-0.1975164508	-0.2288845553	0.02788891358	0.03820395773	-0.01750108367	-0.2581897502	-0.254516306	-0.2483411515	-0.02824306106	-0.2179847892	-0.003253668155	-0.03048955187	-0.02531896993	-0.04224109086	-0.01832189825	-0.04833324531	-0.085656961	-0.02758590615	-0.02943235153	-0.02826644308	0.01594464091	-0.00481013309	0.05284447154	0.09329721672	0.01987159862	-0.0612247714	-0.06998720321	0.4727030792	0.3576958649	0.08727956968	0.03359283579	-0.01703781625	0.1525140011	0.04390608202	0.04684056578	0.09454798901	0.4839038496	0.1104364515	0.1949697905	0.0146645389	-0.0679288086	0.1664318907	0.1770076713	0.1266136465	0.2602713743	-0.06581204675	-0.01982555543	0.1266161039	-0.0499250369	0.02835970928	0.03472088909	-0.02175528703	0.2204632801	0.252696197	-0.05750268022	0.08568858729	0.05632705954	0.1153025344	-0.0529311034	-0.06707077708	0.04302218459	0.1443943149	0.08791106769	0.1963719784	0.007341797491	-0.0427604284	0.1136220356	0.1143856373	-0.01354459375	0.01649424962	0.1228359378	-0.03800245662	-0.005351101025	-0.2300664281	0.003498048739	0.2532640233	0.242301696	0.2508820161	0.08858417118	0.1988818781	0.2080898642	-0.03964840366	0.01152721386	0.02876922004	0.1164878768	0.03586800551	0.06449121896	-0.07134796643	-0.0197927792	0.2418785692	-0.06605911832	-0.05158695651	-0.06362071604	-0.07948604478	0.04093271612	-0.0425122715	0.2013680034	0.01836514647	-0.05625132106	0.0001616636615	-0.005690808981	-0.02193651506	-0.02488686572	0.02644737929	0.02820849206	-0.0140670846	0.009285237856	-0.01990788011	0.05804880238	0.08712855163	0.146112659	-0.04825241255	0.05072075411	0.04350561658	-0.01762872088	0.08117422813	0.008862816409	-0.0185083361	0.1105273791	0.1639916844	-0.0630530803	-0.01301681103	0.07893908222	-0.004809202607	-0.02029092952	-0.05986524899	0.03022856494	0.3574712812	-0.02062819784	-0.06453067212	-0.06629436168	0.08833616124	-0.00158674171	0.08205067197	-0.04012399417	-0.04779383466	0.0564833628	0.06528862861	-0.07469286769	0.11118023	0.05659823459	0.02693726169	-0.0001908252396	0.005876274743	-0.02587691735	0.06503716331	-0.001022818016	0.07326378783	0.04583194577	0.0366034674	-0.0250850563	-0.05244820854	0.01996171309	-0.01194293661	0.006833015535	-0.03686164298	8.127099151e-05	-0.005999220689	-0.06407981651	-0.04995763089	0.0248011372	0.8337160911	-0.03297548388	0.2691103812	0.3667428243	-0.01958694357	-0.223320166	-0.1209186657	-0.05542708184	-0.04478931396	-0.03517495248	0.03174751739	0.01898651576	0.0269106106	-0.055187101	-0.1994171735	-0.03396661295	-0.01743447901
0.06820864446	0.01250722291	0.07543146812	0.2019551331	0.08843043423	0.04032949846	0.05642552158	0.04452210773	0.09837927689	-0.3236987654	-0.3575134892	-0.3640705672	-0.3390649966	-0.3210485959	-0.3256410539	-0.3411843572	-0.3198536425	-0.3628111617	-0.3239918372	-0.2962519828	-0.07450990958	0.00569953956	-0.3127825747	-0.03322742549	-0.07372504852	-0.276166684	-0.2773825504	-0.325444237	-0.2670715643	-0.08504728036	-0.2576042546	-0.03153179271	-0.03333050394	-0.2381956314	-0.005038851068	-0.3197336654	0.02877341482	0.0498659341	0.04206476492	-0.01602266193	-0.0380392948	0.02645020992	-0.3258802422	-0.1086052008	-0.3046798765	0.01804843464	-0.08172135262	-0.04652170424	-0.127174678	-0.08154532426	-0.05973001655	0.03649411655	-0.3280786122	-0.3203792242	-0.3043331583	-0.09892651734	-0.0816284244	-0.06064069973	-0.3327210049	-0.3201431876	-0.3220037204	0.04949418485	-0.3214700028	-0.05918589143	-0.04056616603	-0.02365631052	-0.008977589475	0.04079232296	0.008902304162	0.07913605107	0.1579688655	0.1796193108	0.173581194	0.05979686898	0.01810332458	0.09986306687	0.001299726246	0.169973752	0.05010555781	0.05295502266	-0.04092926024	0.03009693737	0.1165796121	0.05988419925	0.08034184665	0.1283219392	0.09344707504	0.1023780789	0.09545466689	-0.007120366462	0.0604627942	0.1190165081	0.1078824147	0.07202593741	0.1025150739	0.1231705594	0.1731439811	0.03904051481	0.1417416772	0.371904182	0.04134321327	0.1896979586	0.01958940592	0.1369967585	-0.008291774161	0.056437898	0.127781397	0.03936981201	0.04061465731	0.1047379554	0.1193164835	0.005630540736	0.02979334899	0.08970638662	0.06159046401	0.09938784438	0.1336659818	0.08959589098	0.03339376839	0.1517966666	0.1097650897	0.04610697326	0.05433224744	-0.02342960717	0.0365133261	-0.02897897246	-0.3176765823	0.1114687498	0.1369682177	0.08014838244	0.0926978672	0.1520113152	0.08888058255	0.03255227855	0.08073012215	0.3132189318	0.07587364839	0.1833625807	0.08644872037	0.01614611195	-0.01072757868	0.045964994	0.03492164324	0.03441990859	0.04000659163	0.03256160459	0.05415928465	0.08428801868	0.002234597092	0.03451821761	-0.007656217645	-0.03609097431	-0.04522058209	-0.08592061144	-0.04772622759	-0.03834440217	-0.0817738791	-0.1294140514	-0.07919134372	-0.04220456299	-0.1074711529	0.008036960584	-0.05085805198	0.0833339528	0.1282587793	0.1963939574	-0.1377249313	0.09069135995	0.1161352107	-0.009758967882	0.07297202781	-0.06985971431	-0.0237133271	0.1571113558	-0.02184604349	0.2198043618	0.07920161475	0.1701119289	0.18616145	0.1097622508	0.03718523142	0.1076855359	0.284402338	0.3389765896	0.06029571792	0.09359569612	0.1346889355	0.1393080526	0.06472745403	0.09790323828	0.08497637727	0.1353743867	0.08060502291	0.000965744443	0.06701455277	0.09556151205	-0.01985205652	0.04519769252	-0.01190955571	0.02808795744	-0.04012286542	-0.03830986881	0.08214184833	0.019576111	-0.0009242078825	0.04473637961	-0.02027452728	-0.06263823315	-0.01248163748	0.01706467127	-0.05856387471	0.07269518022	0.01885133612	0.08194393638	-0.03297548388	0.525517528	0.1159495003	0.0166081737	-0.00674833235	-0.3588857859	-0.2380493553	0.1666992136	0.1387400492	0.01604511939	0.1502825299	-0.09051048046	0.05144961982	0.05081556208	-0.3669860481	0.09821378438	0.04452528059
0.2269233626	-0.02784576731	0.0290389222	0.0386050273	-0.002431979255	-0.04874414299	0.006047427557	0.03722282243	0.007801173374	-0.2912412982	-0.3262844148	-0.3330838923	-0.3134123852	-0.3054698074	-0.3041009699	-0.3104410626	-0.2886330007	-0.3332177091	-0.2856567868	-0.2680810172	-0.07364600674	-0.01226820945	-0.278817372	-0.04320033943	-0.103897194	-0.2678291818	-0.2603276172	-0.3208146989	-0.2602417801	-0.1072005865	-0.2504243353	-0.0436445478	-0.08084652563	-0.2177416633	-0.0459652597	-0.2988740005	0.02126191442	0.02370388283	0.01911138838	-0.02316002405	-0.04693563334	0.03007745515	-0.2873128072	-0.1115429994	-0.2836815232	-0.0425459457	-0.06891350305	-0.09021041233	-0.1149016283	-0.07830977117	-0.1044848139	-0.02548525061	-0.316842695	-0.3000089598	-0.290738617	-0.1106819108	-0.1085485639	-0.08146991737	-0.2927068023	-0.2798772251	-0.2977693099	0.01404376449	-0.31484172	-0.07251039966	-0.09225289388	-0.09722177202	-0.0426464971	0.01725521621	-0.001058216714	0.02082898831	0.0499851478	0.08476933221	0.08560340701	0.08514026993	0.007114421086	0.161127089	-0.003881384786	0.03576209848	0.02929930943	0.02095410133	0.2596794166	0.1868125887	0.3197895152	-0.03957528069	0.09014179226	0.393037185	0.1351292438	0.09839474126	0.243424009	0.03378242338	0.311849639	0.1894306242	0.01726724317	0.03094977143	0.1240990896	0.1673294186	0.1432604776	0.3490136815	0.1306880568	0.03316092518	0.2990772377	0.0327777161	0.0373923871	-0.02829507099	0.006815331522	0.3326144665	0.09119307893	-0.02296718757	-0.02659476106	0.04452177371	0.1971455292	0.04299399327	-0.004180795202	0.1514086545	0.2687918303	0.116441746	0.08007048617	0.07968342131	0.02679658426	0.09759901031	0.2510435911	-0.0440400031	-0.07610477105	-0.1146404351	-0.08270979345	-0.04382509661	-0.2791138114	0.001504994223	0.09723215244	0.1186856808	0.4105849297	0.2007823888	0.2762730168	0.325444605	0.005169218743	0.1211624165	0.06282399894	0.1390979726	0.1745205753	-0.02781436428	-0.01921778236	0.06498875408	0.2132394102	-0.0110461348	0.02404730122	0.01231055137	0.01361981527	0.08781910247	-0.006606787644	0.2284887459	0.002784462827	-0.08700882781	-0.01553508683	-0.0424327374	-0.06438484965	-0.09226417154	-0.0889055608	-0.1338400709	-0.05979016088	-0.05010998152	-0.05826640967	0.01009255096	0.01500654623	0.2817594076	0.05189731928	0.1569053635	-0.07216861541	0.007559223357	-0.02664219558	-0.02094955385	0.007519887885	-0.05805556796	0.1166997145	0.02308541059	-0.07443297906	0.008416605749	0.01760176921	0.09849094616	0.09852395531	0.08408470475	0.07063083957	0.05867280102	0.06926753516	0.07235780254	0.02064154405	0.07479364042	0.08328037487	0.1200450577	0.05937709697	0.1825959059	0.2831817181	0.02278911796	0.03496363229	0.01662863314	0.02401187092	0.02560558734	-0.02235480426	0.03991183905	-0.03120556865	0.04341177158	-0.04139336508	-0.02001484728	0.04302523847	0.05436380759	-0.04148933325	0.04237945937	-0.05326433472	-0.04220987583	-0.0137587378	-0.07338849919	-0.07766853689	0.03834456265	-0.002917262195	0.2207101863	0.2691103812	0.1159495003	0.6028028893	0.2297488683	-0.01410777853	-0.3164391559	-0.2226821103	0.03289034651	0.04301139692	0.06423455984	0.1333580077	-0.08732395521	0.04547161172	-0.07225552871	-0.3244689377	0.06603616855	-0.01372422776
0.1108056628	0.0274203968	0.03012638401	0.0186020667	-0.01324485792	-0.01047085414	-0.001856066613	-0.004118807459	0.06689505875	-0.3192023724	-0.30147037	-0.3097681168	-0.2926652719	-0.276284631	-0.2775305411	-0.2942755636	-0.3185332963	-0.3131358024	-0.2728011914	-0.3031005934	-0.0453950867	-0.06288454587	-0.2612295525	-0.0486582884	-0.02050786176	-0.288433491	-0.2800156146	-0.2861813669	-0.2777256258	-0.02875890351	-0.2824766992	-0.05335919321	-0.04015464703	-0.1900616646	-0.06943836536	-0.2841350984	0.0023771942	-0.001466490272	-0.005935733106	-0.02383721206	-0.02268036034	-0.02009456667	-0.3249068044	-0.02973210128	-0.3000930996	-0.03224970143	-0.01682151175	-0.03802286354	-0.0377006238	-0.04806453348	-0.01083740799	-0.06105818792	-0.2925969573	-0.2733816427	-0.2726015549	-0.03377112788	-0.02311598928	-0.0430929908	-0.3327539337	-0.3273502933	-0.3250065897	-0.03861835602	-0.2805196992	-0.02825260594	-0.04248779473	-0.04813044034	-0.03492868604	-0.06718239872	0.008353717557	-0.02192557746	0.04374838364	-0.02230214198	-0.02104780043	0.110895317	0.06708511345	0.1472866976	0.00659595858	-0.0132045443	0.03681580355	-0.001953805559	0.2728828593	0.2524692941	0.2023242857	-0.004864068223	0.1229953114	0.2322069962	0.09928671645	0.1022007528	0.1074092276	0.1126627747	0.1619533383	0.150620112	1.523067771e-05	0.005839870326	0.1438251321	0.1446766253	0.1041331502	0.2764047849	0.0196583973	-0.01652209431	0.1815099203	0.007180612056	0.03612957547	-0.0245863494	0.03475847568	0.187096066	0.1708921706	-0.02557096556	0.01910703347	0.07910024203	0.1811147835	-0.00613778351	-0.01237795557	0.1297924033	0.2037509909	0.1002091797	0.2418191994	0.1341427189	0.01727989159	0.1032640945	0.1112848805	-0.01222099544	0.0132579246	0.03896600927	-0.01015230362	-0.02521103355	-0.3154064807	0.08389628886	0.1702225988	0.1553742434	0.2750110982	0.103022124	0.2459289086	0.228051322	0.01259431764	0.06638108397	0.01625553845	0.1026973972	0.08195688631	0.03508538728	-0.0118575009	0.04834509976	0.4318114293	0.0003605908565	0.02803673283	0.01455845744	0.002952919827	0.1168857803	0.03531645665	0.3905792165	0.02675241493	-0.02599795268	-0.008400538935	-0.008653208955	-0.03701762245	-0.01869040218	-0.02577883444	-0.03693965548	-0.04182107444	-0.008350363972	-0.0489066289	0.02165216736	0.03023100302	0.2612333156	0.01343316601	0.09661467612	-0.06496533907	-0.003109211831	-0.03323522794	-0.009061796194	0.005975245491	-0.01579574284	0.1101763248	-3.400461479e-05	-0.01766139367	0.08727041638	0.008612400048	0.04808570348	-0.01961285498	0.08748931152	0.128719765	0.0611227472	-0.01835230575	-0.012837915	0.01253730751	0.06169511004	0.1227247255	0.03785801435	0.04189261431	0.1324350206	0.127889124	-0.003574337423	0.046040776	0.03524938606	0.01192607495	0.02955964747	0.04409078695	0.02061335673	0.02041262466	0.05970231655	0.07678834489	0.03120961519	0.06730642271	0.06728063631	-0.01443717779	0.0425716817	-0.04343997337	-0.005324086972	-0.006419297915	-0.03504995363	-0.03981794637	0.03971686951	-0.002548864674	0.0827858672	0.3667428243	0.0166081737	0.2297488683	0.5042670963	-0.06224264836	-0.2902942353	-0.1942503374	-0.03153811825	0.0003491892454	0.0012018687	0.1258126228	-0.01110740576	0.04765410409	-0.04594915159	-0.2913484635	0.04527419774	-0.01879451662
-0.08510891875	0.0009142690055	-0.05198773712	-0.05503279271	0.02614054642	0.005983379489	0.1658795879	0.1234997351	-0.1019655202	-0.1940748103	-0.2328730938	-0.2312182777	-0.2098647722	-0.1769534153	-0.1372362564	-0.2041837367	-0.1963658056	-0.2258276262	-0.05644281994	-0.1685651698	0.4556911242	0.5400619457	-0.09250133575	0.14182623	0.1113026935	-0.1143122527	-0.1383006406	-0.1730896012	-0.09944019049	0.1275678836	-0.1077825371	0.2448670902	0.5711529237	-0.04480559024	0.3695035695	-0.20653787	0.1088069679	0.04695242594	0.05533475565	0.155965723	0.2058081305	0.1791908495	-0.1544005381	0.08827303765	-0.1447736683	0.327422157	0.1176755177	0.1898678113	0.08721256626	0.4638661171	0.1826590099	0.2707888268	-0.1840270035	-0.176070532	-0.1723915303	0.1324005422	0.1062021583	0.4394844731	-0.1063637455	-0.1424259493	-0.1720212627	0.366691559	-0.1637346891	0.276634119	0.3101908513	0.1910085404	0.05694333633	0.2153844845	0.1278453197	0.01064210096	-0.04062794843	-0.03843738581	-0.03590259281	-0.06721414729	-0.08389911211	-0.09541596864	-0.05175880173	-0.00892268961	-0.0968268423	0.04702078346	-0.03552608403	-0.04383155069	-0.03273239967	-0.09872003528	-0.1065124813	-0.03003208894	0.003643469651	-0.080037699	-0.08272771407	0.01683961691	-0.008156209999	-0.05054252073	0.01176172437	0.005645662449	-0.09861980176	-0.07356987897	-0.07600063579	-0.07573024743	-0.007014787676	0.01970955217	-0.05163973965	-0.04971746002	0.07425460431	-0.05686346095	0.003227652923	-0.02018317132	-0.01839689978	-0.04091574941	0.05203247028	-0.09892152378	-0.06909867312	0.1463380296	-0.01655789467	-0.1122506251	-0.0971459702	-0.04482972991	-0.07663086372	-0.09813822356	-0.09299045151	-0.1055403184	-0.09164899335	-0.05239225264	-0.0673371627	-0.0441322566	-0.04647126234	0.01876753992	-0.1515869662	-0.06051655717	-0.0123146647	0.004017193343	-0.006940174011	-0.08544374424	-0.08486112132	-0.07098607969	-0.01490564083	0.01821362298	0.01579196417	-0.0742246594	0.007799932597	-0.07248259009	0.09242939301	-0.08316705298	-0.08726863353	-0.08838383722	-0.08198546637	-0.09297997385	0.03469044257	-0.1252799609	0.1053899611	-0.08881976877	0.05055832945	0.04474693987	-0.05024445124	-0.001086402739	-0.09276511912	0.1031337115	-0.04531941217	-0.07304551425	-0.1176666214	-0.03850677576	-0.03915470057	0.0243272019	0.05591169536	-0.09034670172	-0.05222063248	-0.06494555135	-0.03361339284	0.0113731385	0.01024254106	-0.05492467532	0.02687602519	-0.07927944138	-0.05646134948	-0.05041976774	0.02475213247	-0.02909775695	0.01210534694	-0.0008611764569	-0.03423728463	-0.08792953308	-0.04620118897	-0.1124017972	0.01379637364	0.001914329086	-0.09598610002	-0.09731148921	-0.07024056915	-0.05474153558	-0.04047982176	-0.09432076693	-0.004587920522	-0.07397070569	0.0706813737	0.04135460801	0.008353111801	-0.02698133264	0.004151589815	-0.05752297014	0.01776199119	-0.1017477093	-0.1056199405	-0.08002551165	-0.1025766527	-0.0830590419	0.1720993176	-0.01400848342	0.1303593303	0.06272420625	0.120812787	0.3511844219	0.5233393731	-0.0589252099	0.06782132077	-0.03544069253	-0.01958694357	-0.00674833235	-0.01410777853	-0.06224264836	0.9610750889	-0.1000191107	-0.04459037911	0.02361007497	0.04779000143	0.1580243293	-0.09234476034	0.07441187566	-0.01269455584	0.282577905	-0.1091427929	-0.058412409	-0.03153214853
-0.3273087411	-0.3148329872	-0.2900400985	-0.3416256238	-0.30899597	-0.2580876674	-0.2530341327	-0.2927692515	-0.3269492867	2.573487002	2.53265636	2.567439713	2.483839614	0.8323874323	0.8531756243	2.456389486	2.519852181	2.562693592	0.858437073	2.478073878	-0.06693340615	-0.1090532972	0.8239385378	-0.06301277876	-0.07440025519	0.8375770544	0.7959841529	0.8176994239	0.7684549743	-0.04906513461	0.756486785	-0.1716348035	-0.1663596476	1.055507211	-0.1559270312	0.8411266965	-0.313743512	-0.3427734437	-0.3423874855	-0.2865316301	-0.2194588182	-0.2523647955	2.469964074	0.1248981435	0.8705172501	-0.1429244332	-0.1172282869	-0.1826664464	0.05484656606	-0.0517105831	-0.05971514314	-0.1759543677	0.8811852149	0.7943940644	0.7633601981	-0.05680993073	-0.08305831927	-0.1111719232	2.452215387	2.486326101	2.408585749	-0.08180794715	0.7915088797	-0.1596172735	-0.1684543895	-0.135538967	-0.2861959441	-0.2292401644	-0.3121912824	-0.3384006898	-0.3239229187	-0.3128015816	-0.3130591911	-0.3195587459	-0.3279497602	-0.3428241006	-0.2853024017	-0.3508457116	-0.3429096139	-0.3442269911	-0.2107955575	-0.2247362001	-0.347970494	-0.2926905785	-0.3324752122	-0.3377921445	-0.2960004271	-0.3017271726	-0.3100751648	-0.2019994016	-0.24526156	-0.2916335389	-0.2519428575	-0.3497076396	-0.2873271721	-0.3160479071	-0.3095388081	-0.2945128858	-0.3440426632	-0.3602766494	-0.2912605142	-0.3289886373	-0.2715750966	-0.3349551696	-0.3032845294	-0.2680575461	-0.2711655629	-0.3363263072	-0.2932180348	-0.2818542137	-0.3169057435	-0.255801764	-0.2957257605	-0.341940947	-0.3229102444	-0.336357627	-0.3359309783	-0.3261089592	-0.3232819171	-0.3197812134	-0.3127136171	-0.3174408305	-0.29098876	-0.2252085336	-0.2445384925	-0.2506775636	2.413736989	-0.3182033727	-0.2740397905	-0.272727391	-0.2880876319	-0.3035834333	-0.3199143154	-0.3049323359	-0.3233160048	-0.3164636301	-0.2781758609	-0.308309811	-0.3273821095	-0.2751798641	-0.2760576758	-0.3144099451	-0.3099186002	-0.3411866285	-0.3420409847	-0.3284456167	-0.336671014	-0.3428344515	-0.3068460904	-0.3083748102	-0.2374436763	-0.2247764077	-0.2970530193	-0.2625408991	-0.2603064101	-0.1441230275	-0.2402494057	-0.1023186928	-0.2534438024	-0.1800304186	-0.181608658	-0.3215891568	-0.1835714347	-0.3228661038	-0.3309788736	-0.3084191974	0.0740711312	-0.2784460741	-0.1365414832	-0.2023379959	-0.2671488718	-0.0160709433	-0.2622786862	-0.3304741041	-0.2218075354	-0.3056411276	-0.278334586	-0.3117381206	-0.3623842979	-0.3434849367	-0.2704911364	-0.321077806	-0.3652140765	-0.3638251189	-0.3533804375	-0.3023254214	-0.3143156727	-0.330955317	-0.3384115839	-0.3392936904	-0.3114697261	-0.3312740377	-0.3110572856	-0.2711182321	-0.2802415309	-0.267187002	-0.2493063943	-0.2815013744	-0.2408064193	-0.2909726833	-0.3060910624	-0.2742001263	-0.319599063	-0.3167402438	-0.263226306	-0.2281274972	-0.2433969078	-0.1270878938	-0.2427033586	-0.163421335	-0.06458656864	-0.3276075876	-0.3313748136	-0.3268440235	-0.223320166	-0.3588857859	-0.3164391559	-0.2902942353	-0.1000191107	3.075768408	1.053884346	-0.3567459765	-0.3378718019	-0.2732477471	-0.3327626083	-0.07336723694	-0.3047461133	-0.2112606426	2.582349385	-0.311256958	-0.2813305858
-0.1936419334	-0.1811683572	-0.1710775981	-0.2158455241	-0.1665885152	-0.1714283468	-0.1484589668	-0.1582571346	-0.1970547017	0.994208128	0.977047862	0.9892064559	0.9538073958	0.7111942489	0.7630220467	0.9562474802	0.9736349297	0.9350817312	0.78471542	0.9386424378	0.003128166524	-0.01431545407	0.7325683851	0.007058020315	0.02403734011	0.7448763581	0.7106309954	0.7205536843	0.6980225935	0.05126191582	0.6916839613	-0.03769885642	-0.1067428776	1.539754604	-0.05161122929	0.7758498745	-0.1930626757	-0.2249589099	-0.2220141499	-0.172011376	-0.1409553802	-0.1512145332	0.9794141082	0.3202609446	0.7725189973	-0.08140219134	-0.04722268047	-0.04796094063	0.05261850898	0.03292461749	-0.02174635161	0.004476545949	0.7544379396	0.7607455195	0.7326941199	0.0534853496	0.03056850234	-0.0255777524	1.014489008	1.011883293	1.034944009	0.00806702426	0.7076489896	-0.06027068859	-0.0503353394	0.03417620383	-0.1434848163	-0.1345191712	-0.1867623644	-0.1986646664	-0.207259971	-0.210634013	-0.2099429593	-0.2068207121	-0.2148908357	-0.2344474348	-0.1772926989	-0.1951814492	-0.2183529819	-0.2121170305	-0.06598301253	-0.1398558953	-0.2447352317	-0.1554239652	-0.2239765059	-0.2336141811	-0.1800173594	-0.1798906713	-0.2056625657	-0.09380289957	-0.1290191366	-0.1832859726	-0.1545293617	-0.2286349912	-0.165663676	-0.2079450709	-0.1977072277	-0.2062116883	-0.2338617607	-0.2252844885	-0.2026554217	-0.1917984852	-0.1579041628	-0.1923607874	-0.1796803282	-0.1854748272	-0.1668236367	-0.2090464419	-0.1721151897	-0.179309402	-0.2159696541	-0.162390799	-0.1989444494	-0.2286332361	-0.2169518341	-0.222866282	-0.2126794289	-0.2159558034	-0.162321487	-0.1939927759	-0.2118069286	-0.2196746994	-0.1587466673	-0.1317047435	-0.1207174226	-0.1252834619	0.9543155023	-0.200308596	-0.1687946506	-0.1566670161	-0.1949450931	-0.2066287625	-0.2033696154	-0.2124305261	-0.1910297226	-0.1712180817	-0.1255128053	-0.1992292554	-0.2195972389	-0.1112068179	-0.153706084	-0.2005075486	-0.2118270595	-0.2118355623	-0.2353249105	-0.1777870204	-0.2029835827	-0.221300078	-0.1841292483	-0.2127002311	-0.1363822031	-0.06650541166	-0.1546512132	-0.1039259643	-0.1235296933	-0.04588703418	-0.1434335602	-0.03175303787	-0.1168029914	-0.06261042365	-0.006773344927	-0.1669854429	-0.0454091408	-0.2236935829	-0.2107113061	-0.2121681371	0.2218766959	-0.1314376776	-0.04076133508	-0.05436289362	-0.1123861713	0.06094507214	-0.1347576128	-0.1921323455	-0.1138214859	-0.1974886493	-0.1307231755	-0.2091806536	-0.2362357034	-0.2286629885	-0.143265733	-0.2092647471	-0.2435688713	-0.2442522325	-0.218282752	-0.1945136153	-0.1984049666	-0.2117472412	-0.2257697446	-0.2315041396	-0.1964856813	-0.2189083999	-0.1867593586	-0.1225277307	-0.1464403824	-0.1871304455	-0.1759940276	-0.1736273442	-0.1517941914	-0.1978135538	-0.1858471011	-0.1682341921	-0.2265357911	-0.1974406906	-0.09591765727	-0.133484667	-0.1514362016	0.04715670484	-0.0810179963	-0.04445928231	0.01392936969	-0.21768838	-0.1910077509	-0.2060905291	-0.1209186657	-0.2380493553	-0.2226821103	-0.1942503374	-0.04459037911	1.053884346	1.900868376	-0.2258816047	-0.1584533915	-0.1607503925	-0.2231636676	-0.001247188827	-0.1798537067	-0.1011098714	1.242687383	-0.194212612	-0.1347522117
-0.01351832426	0.1055872637	0.03842472914	0.04164404609	0.01352431046	0.06083263498	0.01887971433	0.05556182971	0.05302407136	-0.3272645697	-0.3592403738	-0.3667341099	-0.3439415983	-0.3126145196	-0.3162757586	-0.3454415207	-0.3198879613	-0.3375439781	-0.2719163735	-0.3012878921	-0.02390625635	0.04436976417	-0.3025769486	0.01199572159	-0.02289787321	-0.2698313109	-0.2607199181	-0.3079374681	-0.2633318468	-0.03551076084	-0.2562647651	0.0952617277	0.002652077338	-0.219889742	0.02899577352	-0.2996377669	0.07735322917	0.08633117123	0.06944653795	0.02869474203	0.01396108936	0.04869287063	-0.2737508569	-0.08393570779	-0.2789827173	0.0009063402032	-0.0282110993	0.08431886016	-0.05789215945	-0.04245316913	-0.03070107995	0.05070819279	-0.3085435362	-0.3137024159	-0.3097058332	-0.04278584522	-0.02872615161	-0.008900220734	-0.2855049251	-0.298675837	-0.2777369404	-0.008413417799	-0.3142334626	-0.04557083814	-0.03547636298	-0.006904552883	0.1122364852	0.07977557222	0.04441776001	0.07491136793	0.06834406631	0.1103715485	0.1110638576	0.06147640328	0.04889925575	0.00243488462	0.1339984678	0.2248166414	0.1000258971	0.06840836686	-0.07897270068	-0.04221541483	0.08395996528	0.033069135	0.02588675935	0.04886004054	0.07164337527	-0.01927145935	-0.03102345395	-0.0665391011	0.007965210649	-0.05515396044	0.04946119551	0.08992433863	-0.0376118151	-0.03679357617	-0.02697371615	-0.04244118227	0.1485383233	0.2784591512	-0.0261986938	0.1776156846	0.03622511787	0.09656435002	0.05346529845	-0.04706285349	-0.02740946542	0.226064777	0.1281558247	-0.04291484335	0.05369794261	0.03383256125	0.09005891383	0.02283618013	0.05383464847	0.1450934732	0.01044473209	0.04163517072	0.04467402832	-0.03119510133	-0.0538524677	0.1972507486	0.1065217493	0.01352999465	0.1514780489	0.1205421822	-0.2688859227	0.1237993806	-0.02492304314	-0.008094053913	0.003264566348	-0.03480821223	-0.01189766677	-0.003619920961	0.03138620666	0.1195477279	0.08734744702	-0.02853157656	0.1129602491	0.01502134396	0.0338893824	0.07692213677	-0.01497086877	0.09378434622	0.04824711047	0.04304329087	0.04855962298	0.01013216958	0.01715823697	-0.03990241913	0.08702464175	-0.004509020893	0.1313670359	0.01203039898	0.07377231334	0.01869021471	0.04737622391	-0.004664723024	0.08235880916	0.06366919692	-0.04178664381	0.08135809102	0.08394658439	0.004668890079	0.1208366197	0.01205519829	-0.03893391797	0.09185457589	0.04062868195	-0.007286998147	0.07087890029	-0.1026640242	0.07816641446	0.1586390892	0.05522395307	0.1225715156	0.07155690002	0.1323884446	0.1779483227	0.05051871369	-0.02191552501	0.02292936005	0.2369433382	0.2478909444	0.1315860261	0.05714511419	0.05030878352	0.0627127078	0.04331996134	0.007595855864	0.1004205181	0.0716590925	0.1901861697	0.05816339486	0.06142647095	0.03995230585	0.1183664045	0.08072547575	0.1259842358	0.03584364237	0.06125640743	0.03486487668	-0.02214612025	0.03985990172	0.03747979196	0.01994704927	0.03481479159	-0.0605132954	0.0004590452877	-0.01948470868	-0.04134483772	0.07541499618	0.06903770335	0.05054504896	-0.05542708184	0.1666992136	0.03289034651	-0.03153811825	0.02361007497	-0.3567459765	-0.2258816047	0.6346148464	0.2481522762	0.04410583858	0.02528643953	-0.04470078985	0.1222611355	0.03130460446	-0.3607802201	0.1911055454	0.1654669849
0.03386180463	0.04779275557	0.0751877462	0.05285511345	-0.002377745366	0.08102697985	0.003963839321	0.02190057165	0.1020765721	-0.3127517587	-0.3416230374	-0.3498730085	-0.328293173	-0.2874735581	-0.2806071781	-0.3268288407	-0.2985827557	-0.3445605951	-0.2849075593	-0.2838063377	-0.04231152253	0.04615568067	-0.2871797284	0.01118045757	-0.03087633914	-0.2517667198	-0.2425241379	-0.2975563515	-0.2342075353	-0.04372323971	-0.233524875	0.07057439751	0.006352171267	-0.1752581384	-0.0005836850994	-0.2999206867	0.01927980389	0.02386724104	0.01807204281	0.00349733734	-0.0004620109308	-0.00888322942	-0.2546724548	-0.006209082752	-0.2865490235	-0.01905676997	-0.02099490257	-0.006049776654	-0.06605093129	-0.03499578509	-0.03359515086	0.1431630639	-0.3064216759	-0.2874627674	-0.2811529201	-0.0440729472	-0.02951048921	-0.02310684184	-0.2770565914	-0.3051340125	-0.2448341575	0.009714354296	-0.2777570049	-0.03104856605	-0.02546529943	0.06909477344	0.03751295148	0.07210256813	0.006360692877	-0.006171766117	0.06071528375	0.07668246416	0.07454531181	0.02611105501	0.07764592032	0.05138799852	0.1082588944	0.2301910851	0.05865641229	0.0112074038	-0.05682507422	-0.06044130259	0.09732368011	0.07514195018	0.03853616318	0.07292607427	0.07852414164	0.03771520241	0.02377019615	-0.03066172679	0.0473973614	-0.01605926621	0.04031565371	0.0395605936	-0.007727025889	0.0002941280949	-0.00094475322	-0.01141717807	0.09124705561	0.2499084023	0.01309487671	0.05437794906	0.06398651188	0.113723249	0.04287383803	0.00853005122	0.0333701761	0.1085868357	0.06442076159	0.01232845399	0.01273096318	0.002951541807	0.05909279746	0.04947846565	0.02960557717	0.08814924185	0.01880710806	-0.0009744740372	0.0241375919	-0.01729842548	0.03136309457	0.1129628825	0.1457521608	0.01019754769	0.155045786	0.1997224649	-0.246751299	0.1155199795	0.0342866075	0.00850563394	0.03233768617	0.0310001271	-0.02848101638	0.01019806719	0.1419580895	0.03365987123	0.009816000372	-0.002217770477	0.06521515585	0.02500612653	0.001444220257	0.02870468913	-0.00717531209	0.08812623713	0.01292699257	0.00126700816	-0.003889317576	0.04226127063	0.02680612624	0.003781420505	0.06199730522	0.1197188822	0.05681899057	0.05156613821	0.07810337064	0.03710715304	0.08869256851	0.05282068813	0.07206709607	0.08825165593	0.05217584914	0.08448411793	0.06365391393	0.02332714558	0.03492178915	0.002784490479	-0.07393362348	0.03823670063	0.04931009265	-0.06593640795	0.009399435631	-0.06036733221	0.1039421678	0.0600076241	0.05601601815	0.11945512	0.0157509448	0.0641025403	0.1356319315	0.04151304334	0.004833804383	0.05535162276	0.1279189195	0.1499595604	0.05619157646	0.03808366967	0.009018078639	0.05804184636	0.05727166887	0.03061906484	0.08091858438	0.06716209979	0.09171760722	0.1682584261	0.1266019514	0.02510175743	0.1047206182	0.06468543505	0.08435789661	0.01801023015	0.05419278472	0.03555626238	0.03867659342	0.02644741394	0.1069337783	0.01515636212	-0.01091351573	-0.02408506202	0.01990902675	0.008127155274	-0.01461311128	0.1159613482	0.05828977907	0.0224744657	-0.04478931396	0.1387400492	0.04301139692	0.0003491892454	0.04779000143	-0.3378718019	-0.1584533915	0.2481522762	0.7241576171	-0.005529011926	0.06430824069	-0.02977283639	0.1352985706	-0.0021884607	-0.3002222519	0.07838247641	0.2230101606
0.07032748888	0.06912614849	0.1486663687	0.1081083309	0.1216428439	0.002759252666	0.1366915291	0.1766706936	0.0443854591	-0.3754436069	-0.3582865482	-0.3667664008	-0.3403652626	-0.3360432834	-0.327599344	-0.3591987993	-0.3707757779	-0.3686918784	-0.2440255947	-0.3653111652	0.07906335114	0.08065365918	-0.2683391714	-0.03084656108	-0.01287944727	-0.3498035205	-0.3442936923	-0.3419478373	-0.3444202347	-0.02258196112	-0.3358796218	-0.02604554681	0.07552867088	-0.1594997652	-0.01435192897	-0.3372969807	0.2636912454	0.2862650997	0.2884841805	0.1937354477	0.06375325502	0.3768601354	-0.3840352241	-0.03869639948	-0.363568038	0.2516184738	-0.05783641301	0.08985467205	-0.05367616286	0.07463416055	-0.006456007646	-0.0594286435	-0.343475679	-0.33315094	-0.3121950141	-0.01937878537	-0.004683633909	0.1429323358	-0.3737854954	-0.3762460359	-0.3747479541	0.129231518	-0.3416207703	-0.02184567405	-0.02180621266	-0.03754101859	0.1322953593	0.1210634942	0.1627440774	0.1874531868	0.09397469207	0.05595078736	0.05765743873	0.1405951391	0.1390039899	0.06216961212	-0.00829044754	-0.03962544537	0.0614371529	0.2506083744	0.009899142356	0.03852863579	0.06491494223	-0.04426270878	0.06361204559	0.04490665182	0.01505191204	0.02629862695	0.08524890163	-0.02624263938	-0.03967826991	0.04099536154	0.05261479141	0.2323047821	-0.00593389243	0.04221853589	0.03584722317	0.04721836725	0.1067836551	-0.0404626853	0.06427893923	0.1397627717	0.123090049	-0.01303489818	0.09051764117	0.0432461274	0.05155292004	0.05629573635	0.03122548529	0.0181436613	0.07013622463	0.366635	0.1170743268	0.03995393002	0.05661420832	0.06266981081	0.003134913735	-0.0001425815524	0.06176245329	0.02051242987	0.03493785941	-0.01252975366	-0.02650175838	-0.09280714958	-0.03806080551	0.03645387571	-0.3754975493	0.06759204073	0.05437966559	0.04032532554	0.002812036246	0.03052984571	0.03208840633	0.07903777338	0.03185161967	0.02060094808	-0.03491941098	0.036576743	0.07939036865	-0.01579568132	0.0798175394	0.05397622061	0.01095985135	0.07201615843	0.09089833047	0.06353577691	0.2299355695	0.02680538064	0.1165030379	0.0241429269	0.1334756212	-0.009154494912	0.01309290812	-0.01431325636	-0.05936948829	-0.006682433748	-0.08318575323	-0.1446049706	-0.06810011746	-0.0623228669	-0.06127162449	0.1088556029	-0.02057096913	0.05437861877	0.1293304373	0.03839472634	-0.06273488937	-0.0319381441	-0.1130151398	-0.02654006427	-0.03475916248	-0.1608110365	-0.05153770441	0.154327394	0.03570455127	0.008836494697	-0.03395478269	0.08793155198	0.115114955	0.05694022168	-0.04808414828	0.03578925023	0.09563341078	0.05208711132	0.003067931868	0.02499956848	0.01938022582	0.1077941513	0.1358258074	0.08969363661	0.0551899387	0.1056321871	0.04099149224	0.03011961345	0.03633848124	0.06343663388	0.05639650009	0.1658976364	0.02137482863	0.09465299266	0.008585678487	0.0136029086	0.03431507009	0.1072766762	0.07766288879	0.1308305257	0.1875977297	-0.03788500112	0.01005018475	-0.02034191509	0.08768449252	0.08145699956	0.1529187398	0.03762250842	-0.03517495248	0.01604511939	0.06423455984	0.0012018687	0.1580243293	-0.2732477471	-0.1607503925	0.04410583858	-0.005529011926	0.5708400862	0.06420719154	-0.0949298382	0.08739917298	0.0602511175	-0.2708784294	0.1268368476	0.05905189995
0.2157095724	0.05856062079	0.1072973825	0.1303128342	0.03970133377	0.05126449929	0.08799396263	0.07567539208	0.1118013207	-0.3716994006	-0.352231884	-0.3606940108	-0.3344345803	-0.3196456786	-0.3246152367	-0.3361362535	-0.3664696544	-0.3588856429	-0.3237930212	-0.3439917721	-0.08157108693	-0.07571131583	-0.3151672797	-0.07095654465	-0.07188106395	-0.3267368397	-0.3321789241	-0.322475991	-0.3229261443	-0.05821997799	-0.326483706	-0.1070052313	-0.04248009185	-0.2202571328	-0.1065010083	-0.3269030466	0.0889313141	0.1157109558	0.09949857725	0.03763960253	-0.03519971173	0.07449539158	-0.3794033869	-0.09657459642	-0.345308813	0.03439977069	-0.02553622304	-0.06159728665	-0.09088328048	-0.07360242006	-0.0474314017	-0.05820258868	-0.3285246075	-0.3199079726	-0.3049757691	-0.05997810216	-0.04965857502	-0.0510108919	-0.3862414616	-0.3729759188	-0.3707040967	-0.05623205034	-0.3216941093	-0.03423527275	-0.05400595858	-0.05785464017	0.0584509908	0.02708445373	0.07038278205	0.09482294908	0.1227409398	0.07451648902	0.0706066574	0.08115574463	0.08812271953	0.3027985588	0.0240841374	0.02475820407	0.09140583697	0.1033681867	0.06868099031	0.0821678644	0.1941639305	0.08438832991	0.1523185069	0.1811685071	0.1066666073	0.04541941304	0.1065132557	-0.007744340368	0.1515988708	0.04941822404	0.02897306703	0.1293527033	0.01131869111	0.09955002061	0.08531201223	0.1481270852	0.1803978915	0.08326290098	0.123132018	0.09136766936	0.0167910726	0.02646840308	0.03354044874	0.1237678127	0.1243336163	0.0643114192	0.04274038652	0.09680660937	0.1337282132	0.07197810781	0.09526757123	0.2293658837	0.2000562727	0.1265190857	0.07798339645	0.07390255039	0.1131575535	0.06430146054	0.1260538046	0.04826922156	0.03024012271	-0.05632040121	-0.005008292073	0.008842862226	-0.3700902333	0.05092599067	0.1272004083	0.06042970785	0.1402717656	0.08139554454	0.1729132221	0.1755016815	0.01836423362	0.07184877218	-0.05849620686	0.08624770227	0.08515418861	0.006289196269	0.04542925294	0.1137275765	0.1558297635	0.09923403082	0.1296331669	0.1082954467	0.09319490759	0.1599297163	0.06827425275	0.1696793694	0.02414258666	-0.02006697856	0.002714836005	-0.0008832589488	6.092777626e-05	-0.008181585702	0.003534395475	-0.06572797211	-0.002201498349	-0.009920111464	-0.04782818406	0.02378745985	-0.08139452015	0.2329629743	0.1392248168	0.1603447627	-0.1426527926	-0.08820601671	-0.09951809093	-0.09137125032	-0.09885965168	-0.07857870851	-0.02097243199	0.1029473191	0.008282671749	0.06480915832	-0.1047197703	0.0313953964	0.04191343053	0.1534032286	0.01282282301	0.157681589	0.04218277986	0.07604970103	0.01949581668	0.1007610428	0.06290968091	0.1719897406	0.1191696673	0.2656479067	0.175830402	0.09340777668	0.00440253172	0.007336130568	0.03637999762	0.05387431757	0.04538206616	0.07938924822	0.002725969787	0.09321801602	0.03595545458	0.01496247507	0.1025796555	0.07624911342	0.001542398054	0.1001038218	0.01993188186	-0.01578513961	-0.007557501758	-0.03404693113	-0.06908319631	0.1253556709	0.06292257016	0.1142808406	0.03174751739	0.1502825299	0.1333580077	0.1258126228	-0.09234476034	-0.3327626083	-0.2231636676	0.02528643953	0.06430824069	0.06420719154	0.480939177	-0.05628943568	0.07142592706	-0.01390320863	-0.3430580581	0.09768511058	0.1046251326
-0.03083761428	-0.005490328966	-0.05590530687	-0.06435500909	-0.01684532279	-0.01162959611	0.005726178014	-0.05259815504	-0.04593022878	-0.01285951237	-0.01374538249	0.009687820672	0.01302164608	0.06910075309	0.05431113884	0.01981883609	-0.02429651199	0.003018376682	-0.009508769389	-0.01207675998	0.1133579499	0.0736233635	0.05555753953	0.1790229662	0.192200288	0.0234042049	0.06451924376	0.06952426774	0.0464449649	0.1751146005	0.03710271814	0.1012269181	0.08550290062	0.004301609137	0.1432765961	0.05652789548	-0.05820336051	-0.07527972237	-0.07187899621	0.01470657529	0.09557415401	-0.08270018446	-0.02997392674	0.1366051053	0.03788474734	0.02288459876	0.5860553839	0.12427854	0.213434077	0.09160613398	0.209762262	0.1080757774	0.06040823065	0.08648061048	0.09027980289	0.1879679158	0.1966554475	0.09933338593	-0.01153448939	-0.0195459172	-0.05243699331	0.04489814769	0.08148914948	0.1387394393	0.1290172265	0.1209878387	-0.01531887386	-0.00936616623	-0.03231724656	-0.08215397418	-0.04515064009	-0.08559719831	-0.08330946408	-0.07167393429	-0.05969864955	-0.06179691168	0.001563710353	-0.02295151416	-0.09083205644	-0.06878612706	0.002403096334	-0.06836344449	-0.07985149954	0.02671339734	-0.0576637823	-0.07223997302	-0.01657931001	-0.04589471771	-0.07377078056	0.01022440179	0.02506873507	-0.06854309253	0.008395903352	-0.08205641734	-0.06301536891	-0.06607146293	-0.06912502154	-0.05603279252	-0.09768815602	-0.04722260385	-0.04887136115	-0.06824939059	0.007343138833	-0.0004672209208	-0.01285882768	-0.02780301772	-0.06754970517	-0.01501082582	0.02700413924	-0.02572182686	-0.06376991223	-0.08418051046	0.002436740697	-0.04909711881	-0.05805098523	-0.04483996183	-0.05394602582	-0.05074181796	-0.05277510683	-0.0704886242	-0.06533422024	-0.01794487919	-0.001309665147	0.02450747753	-0.006308175672	0.03404885344	-0.02980325726	-0.05265269431	-0.06954062168	-0.05569124876	-0.0478977165	-0.07002658106	-0.02268325458	-0.05514389183	0.0281410805	-0.07007638468	0.001123800283	-0.06921731437	-0.06065877527	-0.002021028312	0.005789344872	-0.06070260378	-0.0265034998	-0.08520133535	-0.07940267253	-0.05383197035	-0.06794705546	-0.05949377083	-0.02782290566	-0.02764480996	-0.05304649986	0.06128890273	-0.01173275489	0.0181711436	0.01051435707	0.1488453769	0.04132495239	0.06940480352	0.01750539439	0.01925782181	0.08724547372	-0.04012628769	0.08791451417	-0.05980064818	-0.07083538149	-0.05995002771	0.06144141123	-0.02010438503	-0.0104253854	0.005748347164	0.01000141825	0.04651086402	0.04997526391	-0.0783812926	0.0739693747	-0.04464693153	-0.01706998253	-0.07961589109	-0.1098882318	-0.06075951179	0.01888195967	-0.05285448513	-0.05129922386	-0.08415671539	-0.04119727302	-0.001652500948	-0.01529265461	-0.07321427048	-0.08636082817	-0.05627226756	-0.03250185974	-0.05864054979	-0.01799297564	0.0265279187	-0.003854163272	-0.02049760533	0.003405109321	-0.05976311885	0.04259274323	-0.08987564635	-0.03241647847	-0.02917612001	-0.05787729029	-0.06138513344	0.03700839412	-0.04679531763	-0.007779619889	0.1302793549	0.08548819082	0.1136103684	0.04256971455	-0.07647361859	-0.04664218815	-0.0566023295	0.01898651576	-0.09051048046	-0.08732395521	-0.01110740576	0.07441187566	-0.07336723694	-0.001247188827	-0.04470078985	-0.02977283639	-0.0949298382	-0.05628943568	0.8332757147	-0.01992989433	0.05454877317	-0.05768528945	-0.07185324352	-0.02232631771
0.05083664348	0.07424658948	0.08012957081	0.157137408	0.0387703314	0.1899859587	0.07479499184	0.03449850087	0.1385670153	-0.3551996159	-0.3390849543	-0.3428294926	-0.3214966486	-0.2802090598	-0.2955301369	-0.3223154	-0.3478629429	-0.3311654738	-0.2782184817	-0.3322479537	0.01582584481	0.01842702442	-0.2839783209	-0.03357948571	-0.006125918848	-0.295862547	-0.2981183918	-0.2981621263	-0.2966566812	-0.01077105127	-0.2957774405	-0.03108540905	0.03679307574	-0.1815713177	-0.01163024205	-0.2953607538	0.09439301303	0.0711085412	0.08794034186	0.09470767487	0.04472062997	0.0424895184	-0.3408264563	-0.04894307091	-0.3167975799	-0.01394145893	0.01483127002	0.02950483462	-0.02395146327	-0.01290618697	0.001673906257	-0.02337357387	-0.3094664833	-0.289508315	-0.2729687108	-0.01270034216	-0.003983322732	0.01606526023	-0.3283125352	-0.3536246855	-0.3315782551	-0.06163049949	-0.2962824064	0.01750258509	-0.007373466288	-0.01924613855	0.1149034674	0.04425079233	0.06765770843	0.07077984967	0.09547305175	0.02402312037	0.01777491531	0.02902049255	0.06444722328	0.107636605	0.1161460538	0.07338644804	0.05210671798	0.1224618576	-0.006168138603	-0.02037800556	0.04512419569	0.06797761258	0.0627518724	0.07876422611	0.01755022079	0.06183694947	0.07077410336	0.02646998883	-0.01583854295	0.03206318758	0.04829333977	0.1122550978	-0.0206331846	0.03608772999	0.04383290066	0.06068219801	0.02341156501	0.08800368499	0.0328765141	0.08756470532	0.09413460339	0.09452875532	0.09213051034	-0.01029512659	0.04325626683	0.1543052523	0.03746346596	0.005096593592	0.0410591823	0.06908580301	0.05314405817	0.092557157	0.1000005877	0.1181239154	0.0406238414	0.01825236988	0.02632134772	0.04856789898	0.02190204376	0.09756863315	0.03345216487	-0.02842993806	0.0187980917	0.0909785254	-0.3318080962	0.04301927562	0.04481326641	0.07188654969	0.004868246428	0.0402839772	0.01811087876	0.05405565919	0.05076475856	0.01891625231	0.05404235567	0.04447029175	0.01298462427	0.02326343626	0.0219314338	0.03748326789	0.01862578875	0.1402793419	0.04903810176	0.02231623246	0.08559003328	0.07509573391	0.0589028066	0.03235883044	0.0493596943	-0.0138507888	0.02739931753	0.01405885148	-0.01577575257	0.01419104465	-0.01393897662	-0.08103916545	-0.02011992211	-0.01086805201	-0.0334474104	0.1213634751	-0.02022105315	0.09673581298	0.05609315379	0.03175058674	-0.02558754683	0.04632955758	0.006800807489	0.04228726447	0.04477885626	-0.009388465131	0.06689117492	0.08036139702	0.05767611686	0.02289501842	0.03713039356	-0.00399313479	0.01034562258	0.05493241173	0.05152931109	0.07696555219	0.02068161823	0.04806514248	0.09490921001	0.04505683692	0.04700568477	0.06142864727	0.1405089859	0.1001338801	0.02415201944	0.1474998103	0.08266886209	0.08128472123	0.04366042227	0.01765737601	0.1359252962	0.04983655398	0.1480322038	0.03311379943	0.1006012981	0.08068042969	0.0241537455	0.05148236356	0.07139153188	0.06550426042	0.06847836947	0.01510579074	0.03967167973	0.0183913752	-0.006200434249	0.1737621238	0.03352670981	0.03461717144	0.0269106106	0.05144961982	0.04547161172	0.04765410409	-0.01269455584	-0.3047461133	-0.1798537067	0.1222611355	0.1352985706	0.08739917298	0.07142592706	-0.01992989433	0.5606545099	0.08019320459	-0.3114988263	0.1337685426	0.1618181406
-0.04025112548	0.00272859519	0.004692663814	0.0839681071	0.1222732825	0.02062370363	0.1995340232	0.111225813	-0.05653335489	-0.2630711043	-0.2456884814	-0.2525863253	-0.2326717918	-0.1730394071	-0.1760810705	-0.2235957922	-0.251702905	-0.2442064397	-0.1924717263	-0.2319443769	0.1709907859	0.2308550755	-0.1507316395	-0.03178041025	-0.004901648738	-0.1949284891	-0.1801763869	-0.1727824525	-0.1746214101	-0.01017701655	-0.150272023	0.05369713807	0.3780378218	-0.1013348229	0.1851523812	-0.1972165477	0.1006763616	0.141759652	0.1514075132	0.2341633224	0.18894175	0.1411387969	-0.2359958833	-0.003074753574	-0.1993069366	0.1647773106	0.06469841146	0.1432376341	-0.01142329809	0.2583605248	0.02890027487	0.1105625269	-0.1942330424	-0.177953865	-0.1628645872	-0.01945853771	-0.006588805699	0.3660860209	-0.2274909297	-0.2543770375	-0.2247858218	0.159410247	-0.1578948507	0.2412821783	0.2131804865	0.1169547244	0.09441292627	0.1225245027	0.2216818681	0.1243339854	0.0761938098	-0.02719841115	-0.0261110546	-0.02046475824	-0.06073176195	-0.03691534617	-0.04381307128	-0.008605557989	-0.01304478672	0.1074928621	-0.08281840644	-0.07216134076	-0.05854786654	0.007440656816	-0.04912764779	-0.06450226067	-0.0125529717	-0.04315912537	-0.03961918386	-0.07413292325	-0.04145510153	-0.04687913798	0.0456839956	0.07802791062	-0.01643539949	-0.03386679986	-0.003323517797	-0.05647356105	-0.02748506851	0.04912155178	-0.04435798819	0.03913319781	0.1012562297	0.02144374322	0.06543916397	-0.04401966993	-0.01175143422	0.01330758163	0.01928376717	-0.07115480803	0.01612898648	0.07469133252	0.001848026086	-0.02720630665	-0.0190198836	0.03955669558	-0.0138867568	-0.01549152998	-0.03976221951	-0.01370330749	-0.05035313348	-0.0303920154	-0.01109902664	-0.04212442003	0.0286386539	0.008817344915	-0.2308736063	0.001149637653	-0.01296832323	-0.02003183065	-0.05833063798	-0.01442387269	-0.02177802375	-0.05477378691	0.02283815581	0.05264514178	-0.03184976881	-0.003136265524	-0.02473811938	-0.01171345347	0.2000486383	0.01412123052	-0.04398093138	-0.04110979312	-0.01925750031	-0.03662977743	0.1496060694	-0.03856999339	0.2000559678	-0.05623414749	-0.06005952009	0.1296349902	0.02610622347	0.0978008047	-0.04107190337	0.1483570171	-0.05775937092	-0.08094732859	-0.06540883096	-0.01872821733	0.000315419544	0.07768682669	-0.09423969425	-0.03376203275	0.03260884143	-0.01334418928	-0.04771467397	0.02814736287	-0.02269681905	0.02444117635	0.01712024082	-0.08879208524	-0.02181850882	0.03550014927	0.1102259412	0.04492967213	0.01715152884	0.02333985194	0.0001302970218	-0.0002608203366	-0.02875509255	-0.01777340672	0.03038222099	0.04524367002	-0.03033238535	-0.02852109387	-0.02902116984	0.03374705669	-0.02154709093	-0.0346194018	-0.04340245299	0.04515346635	0.02378448048	0.009820163572	0.05796520335	0.02114243698	-0.02116921447	-0.03111121052	0.01680898109	-0.07606490598	-0.05560584203	-0.05704094703	-0.08181324784	-0.05221410938	0.2001180334	-0.06972771796	0.1804380549	0.03909711696	0.1681405889	0.2729502571	0.2558165101	-0.02597337959	0.1353560661	-0.08350106223	-0.055187101	0.05081556208	-0.07225552871	-0.04594915159	0.282577905	-0.2112606426	-0.1011098714	0.03130460446	-0.0021884607	0.0602511175	-0.01390320863	0.05454877317	0.08019320459	0.7830713674	-0.2287801573	-0.004562534382	0.03389292708
-0.3143114557	-0.297812196	-0.2719786443	-0.3427689755	-0.3062473723	-0.2394413602	-0.2702017125	-0.3065289102	-0.3236697204	2.538871232	2.466180926	2.515660363	2.459303837	0.7954966916	0.7565345878	2.40879752	2.489800269	2.47429747	0.8357037659	2.420998373	-0.09511533489	-0.1153822467	0.8256146645	-0.04088054657	-0.0521392337	0.7852261546	0.7812405702	0.7725661865	0.7372756686	0.01611254099	0.743218834	-0.1652645778	-0.188269461	1.198497807	-0.1751285687	0.7515359337	-0.3354707336	-0.3504599338	-0.3502578518	-0.2990761064	-0.2344728963	-0.2476291794	2.544388814	0.2471948571	0.8508036258	-0.1439932627	-0.112615714	-0.1911062014	0.06520066551	-0.06998098943	-0.08365489625	-0.1307474839	0.8724725551	0.7773369242	0.7089620873	0.01571410413	-0.01085375533	-0.0843427369	2.503467946	2.431513083	2.448115804	-0.08469440539	0.7588039488	-0.1740374813	-0.1783114366	-0.0936217784	-0.2893831448	-0.2574277337	-0.334328177	-0.3511660751	-0.3396765949	-0.3411817457	-0.3410541873	-0.3352587157	-0.3362383832	-0.3520958446	-0.2661874283	-0.3279354585	-0.3628368308	-0.3367349461	-0.1367439141	-0.2183593797	-0.3555310997	-0.2882143927	-0.3437792058	-0.3462181703	-0.3035985676	-0.2996610245	-0.3243695394	-0.1551777539	-0.2354751205	-0.2967924258	-0.2499434113	-0.3627091924	-0.288705813	-0.3232595473	-0.3108910553	-0.3062664712	-0.3564644537	-0.3591604882	-0.2978839086	-0.3440856964	-0.2815030052	-0.3130051623	-0.3228406514	-0.2729989049	-0.2545148911	-0.3314868933	-0.2737942082	-0.2808217884	-0.3206392058	-0.2569579067	-0.3093681587	-0.3536262097	-0.3331492694	-0.3382546674	-0.3419951312	-0.345397919	-0.2982594643	-0.3165628015	-0.3253243421	-0.3239685718	-0.2943426956	-0.2394223991	-0.2483499038	-0.215085687	2.488983838	-0.3352632922	-0.257585508	-0.2462689656	-0.3001878831	-0.3185220501	-0.327840691	-0.3149044284	-0.2900768288	-0.3260030637	-0.2589784303	-0.3119529247	-0.3424369774	-0.2418121368	-0.2998081281	-0.3067113536	-0.3174173031	-0.339672166	-0.3595528544	-0.3003776726	-0.3505350092	-0.3429867449	-0.3304522535	-0.314940652	-0.2274383825	-0.2017709642	-0.2852432511	-0.2456696811	-0.2460141639	-0.1704987406	-0.2418118349	-0.1110242971	-0.233199329	-0.1703507832	-0.1286679444	-0.2973676436	-0.1605667601	-0.3270102311	-0.3441999149	-0.2888309851	0.1219585427	-0.2644104128	-0.1337220237	-0.1887959664	-0.2449903719	-0.01938502834	-0.2440663434	-0.3446060369	-0.2412233781	-0.2811666992	-0.2644861694	-0.3265283717	-0.3857458011	-0.3545624282	-0.2401371897	-0.3132150452	-0.380129388	-0.3753307432	-0.3368477584	-0.3141908933	-0.3256402453	-0.344667408	-0.356519874	-0.3496458788	-0.3291987306	-0.3486066539	-0.2915033692	-0.2288415992	-0.2466581039	-0.2887073562	-0.2726554278	-0.3085640143	-0.2567889129	-0.3108744093	-0.308525906	-0.2742076938	-0.3301435425	-0.3167398109	-0.2235043758	-0.2146549477	-0.275795517	-0.09530808484	-0.2366594628	-0.1785992816	-0.09238649984	-0.3458946697	-0.3391556798	-0.3408020312	-0.1994171735	-0.3669860481	-0.3244689377	-0.2913484635	-0.1091427929	2.582349385	1.242687383	-0.3607802201	-0.3002222519	-0.2708784294	-0.3430580581	-0.05768528945	-0.3114988263	-0.2287801573	3.146323562	-0.3302024446	-0.2390667735
0.03652313359	0.1637692766	0.1339662245	0.1103140276	0.0703337854	0.1240654806	0.06953451536	0.1336310136	0.1500346003	-0.3442701371	-0.3204079109	-0.3274324509	-0.3067940044	-0.2992598371	-0.3055058793	-0.3107252861	-0.3368690634	-0.3070434869	-0.277242906	-0.3163079574	-0.02945990526	-0.05458766231	-0.2956749516	-0.1105751199	-0.07870120431	-0.304633244	-0.3009346835	-0.2985297739	-0.3120027238	-0.08303869217	-0.3070050232	-0.06528664745	-0.0009839254348	-0.2008602215	-0.05129062566	-0.2848107545	0.1256491041	0.1429772956	0.1321633077	0.09245326069	0.04392610608	0.09753889947	-0.3188623651	-0.08997457141	-0.30405542	0.01410820515	-0.03711020496	0.05882537885	-0.1206041887	-0.06322895629	-0.05471443693	-0.04144496328	-0.2856066348	-0.2995142548	-0.2915358811	-0.08768649513	-0.08052351139	-0.04755153464	-0.3346968217	-0.3249640034	-0.319137287	-0.04178947331	-0.3121937266	-0.00285836176	-0.02775834846	-0.03540327824	0.08483529569	0.01138625761	0.0908205257	0.1357309397	0.1217250718	0.01979959325	0.02077316396	0.1919527752	0.1359094345	0.08415511063	0.02718341462	0.02052748434	0.07793784035	0.1364291743	-0.05376122021	0.005888405165	0.09057706617	-0.001198681849	0.06962761692	0.08610927993	0.04026761543	0.07485191409	0.116191115	-0.0781002455	-0.02148160627	0.05407308439	0.01057222895	0.1272419554	0.05559145186	0.06122099979	0.05874399531	0.06862375389	0.1015625037	0.007928683171	0.08967992419	0.2269363281	0.08818194211	-0.007957710609	0.07977971801	0.04114515921	0.03198036615	0.1162170226	0.09105287184	0.04035649824	0.09632595201	0.1048468995	0.07313199326	0.03923178962	0.07673618978	0.05197683408	0.04882488681	0.0983203142	0.06259059025	0.06624150915	0.05465751123	0.08668153868	-0.01675650518	-0.0724382757	0.01248783749	0.1030551439	-0.3138755572	0.160792821	0.0344503822	-0.0002337253834	0.02768507799	0.07626000631	0.06743641634	0.05823502349	0.04897533147	0.1164796145	0.03146610401	0.06457693091	0.05617661186	-0.005968529285	0.03136378113	0.04448359262	0.05096141769	0.1448476454	0.07688550229	0.06438332474	0.1218087876	0.01491638907	0.05284573783	0.06965688606	0.0632638383	-0.03741549026	0.01921862834	-0.04700514131	-0.06136074126	-0.02290998	-0.1084526764	-0.1404787775	-0.03571275794	-0.06509710841	-0.08905949192	0.04813243245	-0.02761180043	0.1143866679	0.1569749207	0.07127196185	-0.08939928532	0.02397060923	-0.07933385533	0.01696302061	0.01003019428	-0.1241032295	-0.02306360142	0.1884776912	0.04197729335	0.02094079216	0.01343317868	0.1049497127	0.1139280302	0.04922756625	-0.003524590114	0.03505924992	0.1002085538	0.09609686722	0.009406128401	0.07035534766	0.0869551978	0.1233791457	0.1216558458	0.06734119748	0.08446498268	0.1147654989	0.1360050906	0.07208611673	0.05243663267	0.1132009817	0.2072068084	0.2240253163	0.1769806701	0.09196863862	0.06091397365	0.03419878037	0.07486868152	0.08179531958	0.0364674314	0.03961222969	0.0696223158	-0.03399481343	-0.003511219114	-0.0228265376	-0.03257567085	0.1962138325	0.09629467681	0.03134034641	-0.03396661295	0.09821378438	0.06603616855	0.04527419774	-0.058412409	-0.311256958	-0.194212612	0.1911055454	0.07838247641	0.1268368476	0.09768511058	-0.07185324352	0.1337685426	-0.004562534382	-0.3302024446	0.5266175849	0.1659542117
0.03728833213	0.1001973707	0.06588340305	0.08705735633	0.009680475118	0.09669527553	0.03062212981	0.04678488055	0.1259372052	-0.3194569476	-0.294272719	-0.3029003129	-0.2813447252	-0.258358841	-0.2688172998	-0.2890292281	-0.3118754761	-0.2820075337	-0.2547910758	-0.2964296899	-0.04994814805	-0.02429193807	-0.2695982788	-0.07107608991	-0.06036880611	-0.2592570623	-0.2647506842	-0.2579198593	-0.2814477031	-0.04653897894	-0.2785514712	-0.09073528629	0.01795638762	-0.1351781771	-0.04131554051	-0.2459577148	0.04009144209	0.06795767286	0.04831115035	0.02745638283	-0.01249600582	0.01254986575	-0.2122981149	-0.01462497538	-0.2635342116	0.002978086983	-0.02115438384	0.01760716484	-0.09100874989	-0.04185499334	-0.03864864099	0.04236374764	-0.2567996584	-0.2756957241	-0.2512530881	-0.05708377857	-0.0498704181	0.02561270936	-0.2563039217	-0.296434232	-0.2093465285	-0.03506226991	-0.2587083642	0.02892205721	-0.01502662676	0.06115228203	0.1259239793	0.03939105806	0.03826090673	0.02349282596	0.09168096485	0.07963648817	0.07319793194	0.05919495057	0.1016051928	0.05072592317	0.1288949742	0.06577532076	0.05822813524	0.04743943009	-0.06019464029	-0.03962931764	0.007506726454	0.1103538676	0.02415025409	0.006835119075	0.06266223806	0.04952485199	0.02073926649	0.01951801616	-0.05474264059	-0.003499210459	0.04529275872	0.07721328247	-0.005069728355	0.03161861266	0.03511542135	-0.01923756245	0.04266761099	0.08256781162	-0.005169499803	0.06011386417	0.04493107769	0.09687139133	0.04895986519	-0.02081370726	0.04620768603	0.1325010053	0.08716084942	-0.007856854888	0.01276600656	0.01324348599	0.1145185745	0.03667339656	0.03159064296	0.1263186277	0.009161238052	0.00230210263	0.03858937271	0.02717977065	0.007580533523	0.1134331554	0.06321258765	-0.02400555391	0.008221484838	0.2988938816	-0.2104774874	0.07467232732	0.04680344672	0.0409483511	-0.04648956977	0.01947228725	-0.008867601251	-0.002712898344	0.1449234307	0.06972794213	0.03251595466	0.03324612394	0.01134231416	0.07024312986	0.01890373741	0.01688612262	-0.04565429461	0.07027155034	0.02842869343	0.0271494034	0.02140893176	0.03319578619	0.02630887032	-0.03613461897	0.08095236141	0.06710467538	0.04383453162	0.006860561793	0.01774037996	-0.01046682168	0.02485789422	-0.06396237069	0.06557250883	0.007158059532	0.07298538928	0.1003140034	-0.07030447958	0.0500319995	0.1613866492	0.002927325302	-0.05656617856	0.004380538367	-0.008617324813	-0.002356927659	-0.007969153262	-0.006176581229	0.01849158774	0.06890205002	0.02522803456	0.04937065157	-0.006300755729	0.0122171342	0.07101499465	0.07453107524	0.03615308941	0.04461052413	0.06974187343	0.09489591404	0.1120141953	0.0825385532	0.04241002918	0.1316149451	0.0572552585	0.05909460565	-0.02814634607	0.1236931767	0.07426940949	0.2701008879	0.2179088871	0.08504367258	0.09621453259	0.08575838546	0.1241938945	0.03311457558	0.06629415185	0.08144562856	0.03255824219	0.01932401038	0.09454522609	0.09491478996	0.03545477163	-0.02251401405	0.001230822219	0.003131786701	-0.03609423894	0.09295509227	0.05290887968	-0.01124708961	-0.01743447901	0.04452528059	-0.01372422776	-0.01879451662	-0.03153214853	-0.2813305858	-0.1347522117	0.1654669849	0.2230101606	0.05905189995	0.1046251326	-0.02232631771	0.1618181406	0.03389292708	-0.2390667735	0.1659542117	0.674867746
