0.5705587651	0.0261534861	0.1753504384	0.0862490358	0.07141465715	0.003077053804	0.02249055609	0.09410136002	0.08238859152	-0.3180485155	-0.3286480973	-0.3336738678	-0.3128664007	-0.3184613588	-0.328536552	-0.3106881618	-0.3183838806	-0.3117320629	-0.3557432743	-0.3161535107	-0.07822372965	-0.0854439601	-0.3527930668	-0.05731812898	-0.03783578568	-0.33355431	-0.2952180526	-0.2910268131	-0.3196876368	-0.04701094171	-0.3208702478	-0.05842329667	-0.07007879271	-0.2313458253	-0.06132095161	-0.3191518193	0.07994545192	0.05833923166	0.07620129941	0.03784978361	-0.01088682086	0.03766618763	-0.3255800502	-0.08649403667	-0.3132881327	0.001934432363	-0.0151086692	-0.04314708323	-0.1087904162	-0.08565871377	-0.04342753869	-0.07201026578	-0.2830823228	-0.3125804691	-0.3056835386	-0.05462312514	-0.04959759959	-0.08988252302	-0.3359137863	-0.343602251	-0.3185297075	-0.06622676203	-0.2868068985	-0.01415812818	-0.0203146882	-0.06800615309	0.02740807972	-0.03038706592	0.0381633997	0.06961529658	0.05373362018	0.06528027463	0.06162441353	0.05495859112	0.06798051474	0.2268937719	0.03167203647	0.01176066912	0.147358084	0.07704134184	0.09569330801	0.06361390293	0.1613260199	0.058893379	0.07061233143	0.2610297797	0.08839272973	0.06101073291	0.09118677725	-0.0221973322	0.3195825885	0.09093515486	0.07105800267	0.1010918319	0.03502821681	0.07581955638	0.03672478923	0.1797564455	0.08937704636	0.01900434393	0.1091455133	0.07618399148	0.07258906811	0.04463728329	0.08637627582	0.1279389856	0.06907632417	0.06708055726	0.004848772523	0.1463725863	0.1322552882	0.02982301266	0.1135198465	0.1492694214	0.1791888392	0.1870083301	0.0216286727	0.06974300265	0.1442582434	0.0181463126	0.1024887981	0.04635064976	-0.00644383028	-0.1115827753	-0.04830936053	0.05827364667	-0.3209764261	0.05706453924	0.1034706547	0.05918677071	0.149887714	0.06051495296	0.2028498381	0.1801736535	0.1381376587	0.04415266543	-0.06304905015	0.0392867575	0.0235010311	0.04056392533	0.004264625303	0.1298935368	0.06852891956	0.1716977074	0.130982073	0.1201127562	0.06830992504	0.08371681199	0.02178732975	0.08442889519	0.06512485486	0.009124587558	-0.06065517422	-0.01910481904	-0.03373960077	-0.03119014608	-0.0474966506	-0.1028942861	-0.00315029184	-0.0645154157	-0.01743176681	0.07447441252	-0.04285532252	0.195100408	0.1243537833	0.1153645975	-0.0693330054	-0.07274777837	-0.1125935161	-0.08060951661	-0.07194900455	-0.0646749325	0.07330299461	0.05168032098	-0.03228111817	0.05323381061	-0.06834228799	-0.02382407188	0.0873915153	0.09966349015	0.004469903158	0.2054007583	0.1067968	0.06581201032	0.08254423154	0.1430686584	0.1141452945	0.1140648625	0.1832064447	0.2713903209	0.1737958154	0.09097738238	-0.01476892812	0.01442134411	0.07000867963	0.04580728025	0.02832423573	0.02906689632	-0.04249821524	0.1058115863	0.03062650724	0.02708562763	0.03577680936	0.1027819886	-0.03041111625	0.121453316	0.006863611702	0.06558050063	0.07605047139	-0.05513555091	-0.03764586875	0.1616635353	0.04163990558	0.1667056664	0.08246657541	0.08187141623	0.1808089823	0.09535190118	-0.1002422509	-0.3458961813	-0.219925455	0.01543160247	0.05763201225	0.07407915999	0.1836113363	-0.03108600411	0.07267199573	-0.04198792766	-0.3335905016	0.06999690685	0.1270206343
0.0261534861	0.5476160107	0.1085622731	0.1209470349	0.09272207099	0.118211649	0.07541417748	0.09054685189	0.1292749868	-0.3750422084	-0.356903224	-0.3656486152	-0.3430392958	-0.3316503087	-0.3279740333	-0.3324181357	-0.366610779	-0.3587155283	-0.298251474	-0.3393418179	-0.002682608646	-0.01531338006	-0.3177314205	-0.04217420591	-0.02705828262	-0.3490008573	-0.3420279992	-0.3301912777	-0.332798797	-0.02783470261	-0.3383483649	-0.01601230699	-0.003649045052	-0.2175719941	-0.0148330549	-0.3338070751	0.09376347751	0.0987314786	0.1166902932	0.01811860959	0.04339914359	0.05424537899	-0.3455408732	-0.04963916836	-0.3502135494	0.03383768984	-0.0114798651	0.06792604198	-0.06365994628	-0.02693717227	-0.0368929715	-0.00979288404	-0.3342992652	-0.3276078559	-0.3241903639	-0.03023313878	-0.02277067965	-0.02509810758	-0.3592476231	-0.3551132925	-0.3501334006	-0.02514579887	-0.3293938786	-0.01469203361	-0.0300911166	-0.01414604972	0.1425031639	0.09800762963	0.1257839631	0.1296055659	0.1702262447	0.02485275393	0.02251518965	0.2140837494	0.1000254583	0.05896745388	0.06332809521	0.04668211529	0.1224372439	0.1196370431	-0.008989464815	-0.03728685699	0.02131517682	0.1107334453	0.02774020718	0.02298685758	0.06705645543	-0.04079343532	-0.0006182386448	0.06455678789	-0.04251011055	-0.04939725454	0.01244042811	0.1143220453	-0.05872730037	-0.03356489533	-0.05667622497	-0.03331472279	0.113392511	0.09672963002	-0.01637557468	0.1814677568	0.04333365576	0.09184215922	0.05498889274	0.01102866884	0.02377257857	0.09739639028	0.3203859952	0.02493852811	0.09765767488	0.04521611575	0.1172548064	-0.01445118916	0.03186758111	0.0652194957	0.01788776675	0.04505680466	0.08878692298	-0.05153302348	-0.04137717321	0.1125523685	0.1098524902	0.06466594688	0.1290800653	0.121672481	-0.3379391113	0.138434247	0.02894388364	0.04775989007	-0.0339092089	-0.05423254692	-0.02611835926	0.004749832011	0.1011138723	0.08444703733	0.1202064227	-0.05444355715	-0.03044296505	0.1471941797	0.03315670531	0.0441821545	0.0008120265337	0.07523318042	0.1018484097	0.08812009732	0.1309339301	-0.03125785855	0.0415216016	0.0178479259	0.06119097089	-0.06355209382	0.07657504523	-0.03039901553	-0.0257334269	-0.0004853475363	-0.002979941311	-0.06274445253	-0.01829686001	-0.04532920864	-0.0485220506	0.1275801164	0.09743048373	0.06578800841	0.1471624605	-0.004531089197	-0.06799009998	0.1321123022	0.06046245139	0.05676208256	0.08865742552	-0.06072954714	0.02465791065	0.1409741589	0.03817129145	0.07411212584	0.1126714872	0.08920074757	0.190285028	0.03143673449	0.07374406466	-0.006419953725	0.1033212565	0.1221735999	0.09030729527	0.01546470982	-0.0262569841	0.1312584953	0.08600975737	0.04782856986	0.05243739718	0.1148165711	0.3248229292	0.1425975643	0.1244527864	0.1265703716	0.1743293494	0.1685755884	0.1185360484	0.08893665557	0.1123523662	0.1001424242	-0.004300584375	0.05623019038	0.03632659949	0.08546147779	0.144726822	-0.06363074723	-0.003641958199	0.01802210814	0.005592980069	0.09599811182	0.1341163858	0.00208783028	0.08515661977	0.06133571971	-0.04463610828	0.03481358007	-0.01935703681	-0.3414573617	-0.2139452615	0.1485588201	0.078953113	0.07289711351	0.0780203016	-0.0301610968	0.06993124539	-0.003707286292	-0.3233310055	0.2180516154	0.120337741
0.1753504384	0.1085622731	0.5048771887	0.1089862935	0.05437448388	0.04422438384	0.05198750847	0.1205428177	0.07565028559	-0.3231435349	-0.3431876043	-0.3478310781	-0.3280671838	-0.3141758158	-0.3112436679	-0.3271033531	-0.3205341895	-0.3117368457	-0.3104258622	-0.3313674641	-0.03009469009	-0.05384710372	-0.297647171	-0.1029679757	-0.07152358015	-0.3199677193	-0.2782077501	-0.2752043271	-0.3128183879	-0.07648515526	-0.3150706905	-0.04331207416	-0.03439927423	-0.1999647195	-0.06239357463	-0.3092718231	0.115066517	0.1300930996	0.1541356255	0.0541724572	-0.002699284855	0.08583373516	-0.3340320912	-0.07463424054	-0.2948958748	0.03078886531	-0.06827986593	0.00568833106	-0.08244737072	-0.04408531612	-0.05838888734	-0.04276613857	-0.2721806344	-0.3103347035	-0.2994759003	-0.0839179487	-0.07532785139	-0.05861291143	-0.3374346727	-0.3554505429	-0.3221130103	-0.02675432716	-0.274070977	-0.02795714872	-0.03594978312	-0.04233151434	0.09395285083	0.03434233517	0.1092317171	0.1368713518	0.1703469944	0.07163436671	0.07247877472	0.1706594779	0.1967330271	0.1496921349	0.01378100683	0.005564504424	0.1484424784	0.1492596387	-0.03370555992	-0.009884705654	0.1340917842	0.02243506782	0.09090835726	0.09656746321	0.06989692474	-0.00127936269	0.05672754865	-0.08846027675	0.07855490903	0.02215660034	-0.04294890679	0.162882104	-0.01681627477	0.02048379624	-0.008569001978	0.06260285608	0.1544560518	0.02633343688	0.06645185377	0.1992513663	0.06147364831	0.03408218813	0.05018927358	-0.0006381524921	0.0282749011	0.1078552648	0.03910193967	0.1162784097	0.120576311	0.1084976944	0.1232107423	0.06806784561	0.1128869853	0.07775900637	0.01230569401	0.07168828797	0.1802533832	-0.01013521602	0.01541788782	0.05160465289	0.01633236293	-0.1139682861	-0.0166116427	0.04095109962	-0.3284900198	0.1677185832	0.04877783765	0.008475872608	0.03408663386	-0.008766096039	0.05442259047	0.06224933725	0.06429008625	0.0714519974	-0.003920180729	-0.006221537755	0.04352426721	0.04472812125	0.04423384624	0.1256404977	0.02552414474	0.1512430682	0.1811801605	0.1618314955	0.1486348374	0.03980183078	0.06529213135	0.03699905183	0.06346025716	-0.02775720066	-0.01256776529	-0.009091631941	-0.06741167401	-0.007387145937	-0.08542865756	-0.1265612234	-0.05683709408	-0.06952068881	-0.04236977589	0.01667348124	0.001997363109	0.1384331915	0.1781567221	0.1057770776	-0.09509963512	0.01984904089	-0.1177180292	-0.02503259092	-0.0110315845	-0.1210063588	-0.03524766005	0.1947613232	0.1191829455	0.06877147827	0.01307890127	0.09510780025	0.1917071584	0.09804489068	-0.047182702	0.1183199081	0.1763541083	0.1133856349	0.04019186138	0.05646888426	0.0315046914	0.1407637667	0.1495754679	0.1461538276	0.06654212001	0.1624918197	0.06019916485	0.05564940615	0.07644412835	0.09348479509	0.08507355288	0.1921789727	0.01510466181	0.1420820755	0.06514320151	0.06213475076	0.04789983999	0.127888309	0.03107576266	0.05255151761	0.0998673968	-0.008640411471	-0.01350889909	-0.01098080645	-0.0495311989	0.150016738	0.1188733239	0.07761204447	-0.03886774204	0.09523049068	0.02746068445	0.037388862	-0.0738773987	-0.31757459	-0.1951476503	0.06927009115	0.07181764375	0.1497219917	0.1201810494	-0.07255103799	0.07999108077	0.006476617061	-0.2990377253	0.1638641308	0.09804265187
0.0862490358	0.1209470349	0.1089862935	0.4560775498	0.1168114361	0.2054277583	0.1573782816	0.07199768535	0.1683206542	-0.3927809395	-0.3759347515	-0.3822934647	-0.3599225814	-0.3535943385	-0.3539806163	-0.3586479435	-0.3856899182	-0.3806932831	-0.3477476169	-0.3665036474	-0.05671411197	-0.05719258334	-0.3408703743	-0.08623965045	-0.06327288857	-0.3653357182	-0.3524895983	-0.3526938376	-0.3576049947	-0.05913067863	-0.3526420168	-0.07998068254	-0.0182602907	-0.2387565314	-0.04222810786	-0.3490224594	0.1937767227	0.1372026169	0.2358267381	0.07680648742	0.01074385634	0.1300633347	-0.3937467384	-0.08306643864	-0.3716453905	0.01509970464	-0.02639258374	0.04251668917	-0.09941110509	-0.05128007548	-0.06800868527	-0.06279040948	-0.353494178	-0.3553960161	-0.3362844623	-0.06642833996	-0.05635854817	-0.03669791144	-0.4002126695	-0.3921964293	-0.384893124	-0.03297515621	-0.3564498762	-0.0419927578	-0.03521929427	-0.04335941379	0.08119129481	0.08419316246	0.1595573956	0.1839307068	0.1400190109	0.1059660201	0.09941371284	0.1069180233	0.08359348549	0.1859213273	0.04199285371	0.06788134809	0.1048290024	0.227690293	-0.03368420249	-0.007085430378	0.07635350898	0.04420510995	0.1073457793	0.1027274133	0.09647076846	0.02418923755	0.07848753292	-0.002115688895	0.01836060914	0.07765430625	0.003000955237	0.2328972291	-0.02551154227	0.07182886512	0.06371070248	0.05310559762	0.101378537	0.1044036585	0.07566623945	0.1461275895	0.09878039497	0.1110340444	0.05060400245	0.04458762347	0.06632641734	0.116600033	0.05993101786	0.09596856976	0.1701835346	0.1172367258	0.08354305279	0.09873151554	0.08450595838	0.08626759922	0.09024279968	0.09945214291	0.09965057834	0.0387877291	0.09500427485	0.1169199644	0.06178352905	-0.04393952088	0.04673093997	0.05135001329	-0.3848373639	0.1176370499	0.06767114669	0.07249234354	0.03234064033	0.06531976326	0.07051657558	0.0459765149	0.08757497596	0.09325177017	-0.007278490007	0.05755873291	0.004253760238	0.06887388077	0.02047684393	0.06866855937	0.03456142178	0.1381702565	0.1314517927	0.0947777385	0.2035699283	0.06960161364	0.07759286092	0.04747782746	0.0379079845	-0.05115259164	-0.03637487971	-0.03907137021	-0.04983441394	-0.006080271014	-0.0688179745	-0.1124199516	-0.03733204433	-0.06382858589	-0.06868214373	0.09599852943	-0.08452497095	0.1312078119	0.1541769035	0.1052997999	-0.1577679354	-0.003405105637	-0.04224897197	-0.04344627777	-0.03366967666	-0.08472712492	-0.01823907855	0.1151875173	-0.003218147074	0.09294707852	-0.0182833321	0.01852052393	0.08622640132	0.1060396292	0.0302004271	0.121287465	0.06967165167	0.1446700929	0.1269980725	0.09058759617	0.09036374546	0.1224200049	0.1858937329	0.1659132927	0.03374405613	0.2017396132	0.03813908643	0.06891068223	0.04767235721	0.06286887122	0.07992842066	0.0875165978	0.0231654266	0.08103387174	0.06042915548	0.05232477311	0.08427163367	0.08247323938	0.05359805244	0.08229884408	0.1722603918	-0.01622146483	0.0007160252349	-0.01379380267	-0.04913242524	0.1821284699	0.09724410743	0.02729188724	-0.005574565773	0.183900095	0.01949854078	0.05154571003	-0.07392936645	-0.3690780939	-0.2474208145	0.08598565606	0.1005444818	0.1016529054	0.1700045575	-0.06150127664	0.1624289341	0.02215503822	-0.3707261624	0.1638429634	0.1013639676
0.07141465715	0.09272207099	0.05437448388	0.1168114361	0.6078786902	0.05727058193	0.09477232185	0.1775510012	0.03167702661	-0.29387348	-0.2676400955	-0.272816223	-0.2598734791	-0.2572400135	-0.2376817166	-0.2465905003	-0.285403434	-0.2594117186	-0.2930167582	-0.2503219779	0.01882267254	0.01896581268	-0.2988426818	-0.01772427219	-0.001457442611	-0.2401216136	-0.2542262417	-0.2512477775	-0.2629318358	-0.0200017584	-0.2608554884	0.1064149321	0.04831932242	-0.2001201081	0.1250186215	-0.256534653	0.1633375497	0.1760429514	0.1286674748	0.193403449	0.1877860363	0.1668748198	-0.2889383163	-0.0752241148	-0.2722049799	0.1319443537	0.1065243878	0.05120037504	-0.0810381426	0.1103198617	-0.02063571025	-0.03536528381	-0.2524159859	-0.2483618382	-0.2411474383	-0.02002001147	-0.0139277743	0.07632247322	-0.2942903758	-0.2903176899	-0.280242175	0.02937905478	-0.2586624987	0.08494114254	0.08374040735	-0.04440362447	0.1105062037	0.09996651465	0.1736315367	0.224793977	0.04294288813	0.009979631801	0.007679539742	0.04934492653	0.06784473912	0.07080438566	-0.02406274526	-0.0133409354	0.07767788263	0.1456078052	-0.05820389082	-0.02541646614	0.01402047035	0.04782359071	0.01214514397	0.01455934684	0.01581949162	-0.002909625019	0.02763978196	-0.05527588431	-0.03913966072	-0.01687295753	0.04369173468	0.07589987771	-0.02897690958	-0.00020893866	-0.01384797428	0.01705340302	0.06337595793	0.04198715305	0.03749952361	0.05865482096	0.1285134047	0.01362322359	0.1374781908	-0.003874822005	-0.02178382449	0.0439928335	0.09086145533	0.04459424349	0.04210053583	0.1775632622	0.1108735307	-0.01636155183	2.296620543e-05	0.01616264234	-0.008669309829	0.0294947953	0.06059779009	-0.02146355816	0.01636847387	0.00274244586	0.01003343692	-0.01158529381	-0.004136236552	0.03711104109	-0.2831497587	0.07846874853	-0.0145339665	-0.02607327863	-0.005296454162	-0.002065229451	0.06707870674	0.0121452922	0.07231539432	0.01671783444	-0.02702909034	-0.02002878628	0.002341943501	0.02183713989	0.1218638472	0.0453329897	-0.01678318345	0.05153446228	0.09398229673	0.06731652564	0.204778187	-0.02403867527	0.1716166138	-0.004604171306	0.02998429333	0.1643495925	-0.02006859414	0.07211356485	-0.02105396728	-0.003417310643	-0.03790727245	-0.06046589681	-0.01038515702	-0.02965750161	-0.01713768444	0.0554230494	-0.04890115118	0.03732360675	0.07881993445	0.03985620085	-0.1012090853	-0.02122957697	-0.07458109693	-0.04127291957	-0.03314054071	-0.1052819695	0.01849290334	0.06567478763	0.02010979494	0.02651892666	-0.02325321029	0.03451826915	0.07497636497	0.01438484609	-0.02586901095	-0.01033819455	0.1087631702	0.04703377482	0.0182065104	0.06006046603	0.02426638676	0.05475946144	0.07122105327	0.04842993774	0.02025595448	0.04495391345	0.0464570412	0.01367979574	0.01708256338	0.04440437688	0.07799085835	0.06442177445	0.05706107249	0.05967129708	0.02014401153	0.03671762448	0.02285326304	0.07339642396	0.1943929381	0.01376953356	0.1583883689	0.02740397121	0.08568693488	0.04052161804	0.05958729342	0.07012789904	0.1812680701	0.02901886365	-0.03715698832	0.04537432831	-0.02006165462	0.004954773949	0.02477442522	-0.3185836101	-0.1796703877	0.02769733193	0.01852815666	0.1521257819	0.0667113069	-0.01567438906	0.04095535382	0.07736703272	-0.3163190812	0.08699075841	0.04456450285
0.003077053804	0.118211649	0.04422438384	0.2054277583	0.05727058193	0.5916429474	0.1113028647	0.05805975471	0.1109169468	-0.2996421113	-0.293518691	-0.2922177038	-0.2759134826	-0.2587144203	-0.2691002974	-0.2688898505	-0.2965832701	-0.285040286	-0.2435208059	-0.2788968311	0.05762175163	0.03138783333	-0.2476975873	-0.007309351967	0.02714746911	-0.2710793195	-0.2742408233	-0.2554162007	-0.2845329142	0.01623220809	-0.2569252864	0.01952439682	0.04781482183	-0.1733381101	0.0174579844	-0.2499777954	0.06360444305	0.09658679987	0.1002516424	0.1192882874	0.1223777704	0.0817066537	-0.2341317792	-0.03462369788	-0.2653993288	-0.002433273191	0.03402276072	0.08888856103	-0.03068051969	0.02420613121	-0.006125852151	-0.01793715836	-0.263387601	-0.2642632372	-0.248458947	0.01182509673	0.02598986021	0.05849262655	-0.2626453542	-0.2893708633	-0.2846790387	-0.0001215253376	-0.2523016572	0.06019579041	0.06537619181	0.01594223921	0.03140060898	0.05895577144	0.06510995682	0.1118884168	0.03162863357	0.03831137349	0.03239482905	0.04643891433	0.03865988537	0.1094638343	0.05533864624	0.03288500969	0.01664054261	0.09741305243	-0.03315451785	-0.05415594327	0.04287794827	0.08040650434	0.06010850432	0.01124756355	0.03586665261	-0.02155658842	0.03875755927	0.02815386681	-0.0544545996	0.00314252518	0.0461092207	0.1120454454	-0.07765069795	0.03823736121	0.05692115083	0.01312124485	0.05638558885	0.1184157656	0.05612110657	0.0443606546	0.04043436716	0.09489142143	0.01095088964	0.002878127814	0.02027702943	0.148928015	0.08578445471	0.05638844732	0.08670673136	0.0747462639	0.07863423077	0.02786623062	0.02649505886	0.06804542094	0.03722015606	0.03244206815	0.04549242031	0.02554682965	0.05156532771	0.1012153214	0.05679336345	0.03877405891	0.02740856016	0.03737667074	-0.2297916396	0.01822662511	0.02204263501	0.03362714715	0.003944345347	0.03870884797	0.02090777598	-0.04624665951	0.05189962862	0.03959966443	0.03493503151	0.04303943506	-0.04983630034	0.03120041072	0.007652044232	-0.01162342711	-0.02846835029	0.05896455105	0.07053147119	0.04914089612	0.06427101347	0.003069809753	0.02815210605	-0.01720289673	0.04460605452	-0.02696840392	-0.02168089302	-0.01036428872	-0.02636971559	0.00179872581	-0.02373689718	-0.05361990988	-0.01398770811	-0.0195798067	-0.05272965437	0.05949147326	-0.0002385890871	0.08223585082	0.07564337455	0.1157367003	-0.09011161093	0.0162540972	0.05018823586	-0.005990164875	-0.0008584697003	0.0303297732	0.002663444392	0.01464098498	-0.007345787652	0.03318322411	0.007262564818	-0.0518651193	0.003209401327	0.02294978102	0.1214385471	0.04368321022	0.02344880213	0.05548196352	0.1083319012	0.007196054341	0.01597343161	0.01619384156	0.1105649191	0.07444834695	-0.02771666611	0.1026954251	0.08435372572	0.04517503231	0.04116673711	0.1120136731	0.1261081415	0.03217524386	0.1190322436	0.03154032664	0.08464839971	0.09288521092	0.06377046781	-0.001021832284	0.05730221239	0.09375930652	0.1334094911	-0.02087639579	0.03938894805	0.06162688401	0.03521431021	0.1216749783	0.0414762163	-0.003621596579	0.02215604011	0.07909543673	-0.02565772131	0.00987351653	0.009737815301	-0.2712824888	-0.1848359268	0.04223357302	0.0427032794	0.04499652224	0.07831827263	-0.006165987048	0.1486781385	0.03758643014	-0.2471969194	0.09153009154	0.1021400491
0.02249055609	0.07541417748	0.05198750847	0.1573782816	0.09477232185	0.1113028647	0.6444677769	0.1538534761	0.06467926369	-0.3395197463	-0.3276198337	-0.3203088271	-0.3106702897	-0.2865163498	-0.2534191038	-0.2950634993	-0.3280834273	-0.317511238	-0.2674319778	-0.312524261	0.1309601071	0.06810870108	-0.2786833489	-0.07410632826	-0.05287377424	-0.2699302332	-0.2915060462	-0.2850074491	-0.269765634	-0.02724704586	-0.2877116169	0.03176549359	0.2121630888	-0.1696078716	0.1429715426	-0.2942127	0.2041434417	0.2244685595	0.2413073155	0.2040979343	0.1144679495	0.2056840318	-0.3448393258	-0.03305668601	-0.2721672363	0.07061566504	0.04536944398	0.1097490884	-0.07418533284	0.08777023589	-0.03887778833	0.0308594412	-0.2747248786	-0.2857051107	-0.2754937902	-0.03574337521	-0.05067432179	0.09554449924	-0.3136667965	-0.2961359394	-0.345016318	0.02120822611	-0.2909065043	0.09793696321	0.1345521381	0.06776461674	0.111963274	0.1107623722	0.1879600164	0.1377512723	0.07006907991	0.01371853339	0.01545984744	0.03480139118	0.04549992284	0.09833688032	-0.01484485211	0.0158207648	0.08545212856	0.2094404701	-0.02735992077	-0.04736242085	0.03710103376	0.02367110942	0.001914689869	0.04805030619	0.04415358454	-0.0179631596	0.0234255016	-0.03775965393	-0.01755013181	0.01055567268	0.001746311716	0.1716936477	-0.04217373099	-0.02030016314	-0.002506818923	0.009663040612	0.05271121626	0.02320796072	0.04512240457	0.08489243791	0.08567572056	0.01579554273	0.08442667491	-0.01674781718	0.01354048535	0.1068849549	0.02545931103	0.02760694163	0.08384374331	0.1364339548	0.1095200045	0.03440747111	0.06045332175	0.05364462393	-0.03765887679	0.0542586258	0.0606327387	-0.01522618068	0.008327273328	0.02158084501	0.008936011194	-0.05370629531	-0.01303166926	0.05935717331	-0.3372992877	0.05693120359	0.01707175517	0.03798194742	-0.005159947979	-0.008899673925	0.0341458323	0.0121515508	0.0208326782	0.006348498792	-0.01220148392	-0.01334300308	-0.02642393225	0.06377337904	0.1082657658	0.0499077668	-0.03320208134	0.04885844697	0.09369252766	0.07238793526	0.132266714	-0.02161653431	0.1533755939	-0.02024069072	0.07009923854	0.0291232648	-0.03163633838	0.0259547137	-0.03875912362	0.1473081864	-0.06049669262	-0.0960691768	-0.02644967644	-0.03950116856	-0.04892252889	0.1120397153	-0.05583106072	0.1034204847	0.06765471041	0.03632709706	-0.08397152135	0.003539079386	-0.05715010321	-0.02224617175	-0.02278194236	-0.09532065454	-0.03808903981	0.04317327844	0.04767261237	-0.006032966861	-0.01120873545	-0.01252481388	0.00984824484	-0.005631813597	0.01786160967	0.03058089017	-0.02000144559	0.01228882562	0.02868968822	-0.0200194504	0.02363585448	0.06099062959	0.1156253836	0.08164338595	0.00925065695	0.108514461	0.03819084317	0.01664440243	0.04931881801	0.04919937241	0.07668378036	0.03887418434	0.05024496341	0.02455854613	0.05949001142	0.03852293342	0.03062163074	0.04251206696	0.1241971705	-0.002743441305	0.1838518144	0.003419181591	0.05225266504	0.08673159176	0.1371826984	0.1157829505	0.1290416787	0.003961237643	-0.01627012712	0.06445242867	-0.01031791317	-0.001112765402	0.1200122051	-0.2738233022	-0.1697105556	0.03511863204	0.00699121114	0.1071128712	0.1224795637	-0.004926951341	0.09766524146	0.1788427485	-0.2915065199	0.08310693973	0.05226534477
0.09410136002	0.09054685189	0.1205428177	0.07199768535	0.1775510012	0.05805975471	0.1538534761	0.5676131248	0.08486190873	-0.3737245632	-0.3584954336	-0.3554950582	-0.3403594773	-0.3365472765	-0.2811011595	-0.3330854628	-0.3742571286	-0.3290818393	-0.2981219501	-0.3472085859	0.03822563016	0.03128486247	-0.3342521127	-0.08491836224	-0.05574827154	-0.2954243203	-0.3469240885	-0.3365543056	-0.3117707838	-0.03957655903	-0.3454675509	0.03409190983	0.08823521589	-0.1969758674	0.06224617767	-0.3417293099	0.1671133534	0.1902443055	0.1734882864	0.09977567587	0.06432112048	0.1533689453	-0.3748615903	-0.06291642685	-0.330231405	0.07921607536	-0.02497485798	0.05059040335	-0.1057563516	0.09798309624	-0.07829805496	0.03824258327	-0.3079054251	-0.3339607036	-0.3318193131	-0.04711333125	-0.06775722677	0.04637118645	-0.3600303407	-0.3473019931	-0.3474547073	-0.01437809234	-0.3403830933	-0.01724701089	0.02373800788	0.0226780489	0.1604776771	0.1085387179	0.2178032551	0.2566058116	0.1354103433	0.06175470553	0.06177254519	0.1113772657	0.1045334746	0.1219872861	-0.01680045359	0.01403773682	0.09123044278	0.1633751167	-0.0485366644	-0.04581781998	0.07809789346	0.02711499842	0.04635966707	0.0734003504	0.06673928597	-0.009271270242	0.05781832512	-0.09459862816	0.0537725109	0.02590957924	0.003072225832	0.1329572938	-0.01539518909	-0.0002719887027	-0.0201824857	0.02028748487	0.09801460734	0.02890701001	0.05578120179	0.1391489353	0.145556043	0.02138727692	0.1046133924	0.02796944848	-0.01453875838	0.08928173976	0.04631168868	0.04478357725	0.09317239248	0.1287174032	0.09560957611	0.05725224599	0.08663758953	0.06426217729	-0.006722363108	0.05674511922	0.1005725886	-0.03047591723	0.01839785741	0.04928216489	-0.0140184115	-0.08135531178	-0.009512421696	0.03389383588	-0.3663578852	0.0670614452	-0.009178600028	0.008702887955	0.005747800568	-0.001309868111	0.03756172316	0.02581992782	0.05231281534	0.023228164	0.009684747749	-0.01833106463	-0.006780896046	0.08065370863	0.1719440789	0.07446310158	0.006727802686	0.08158127171	0.1192953307	0.1092517106	0.2350831461	0.02721581144	0.1793521072	0.01506767711	0.08135573589	0.1454902718	-0.04121280789	0.1096868097	-0.04576623118	0.07515554584	-0.07302399677	-0.1190909574	-0.03092486974	-0.009110707567	-0.03452128043	0.05282268417	0.04169155208	0.08828252997	0.132801055	0.03778363713	-0.07069008768	0.01877640954	-0.09177312321	-0.01196892142	-0.009183444749	-0.1018891333	-0.05093204714	0.1089308107	0.03950758845	-0.008067981204	0.006341107291	0.008059547153	0.1105232637	0.0344099599	-0.03246988356	0.03551229048	0.1001024774	0.08863925753	0.0350728155	0.02465006897	0.02126692394	0.1119364079	0.1109017933	0.1004841187	0.05734953132	0.1218493966	0.05705343118	0.03059845415	0.04769588502	0.1106111576	0.08539596435	0.07960696028	0.02341983685	0.062227911	0.05368511924	0.05258125369	0.06541861422	0.06394242991	0.1027388671	0.0530142808	0.2097112727	0.02502169639	0.02841893603	0.05182950072	0.05803758051	0.1166530069	0.2290138081	0.05706965926	-0.05392269028	0.05882711969	0.02411097737	0.01401823313	0.06383631351	-0.3104211435	-0.1807962009	0.06208685388	0.02828236472	0.1398817516	0.1055644645	-0.05555479041	0.01951716599	0.09075536748	-0.3230634206	0.1403448262	0.07086446502
0.08238859152	0.1292749868	0.07565028559	0.1683206542	0.03167702661	0.1109169468	0.06467926369	0.08486190873	0.4843397144	-0.3848434215	-0.3712547183	-0.3735629999	-0.3578115563	-0.3563703055	-0.3472472041	-0.3629621976	-0.3848112769	-0.3726131389	-0.3355558489	-0.3742612702	-0.08599288387	-0.09887344082	-0.3476106576	-0.09778998423	-0.07216296724	-0.3658904212	-0.3703348407	-0.3389832915	-0.3552798734	-0.07541992802	-0.3564781658	-0.09144665155	-0.08304880359	-0.2337308691	-0.10265881	-0.3524060263	0.07173728768	0.08305466544	0.1131707433	0.004489689186	-0.03292610348	0.03226825284	-0.3923509618	-0.06589071101	-0.3693866493	-0.02408582508	-0.07520800428	-0.02905106049	-0.08564720303	-0.08539575244	-0.06982750791	-0.04990674596	-0.3520906103	-0.3538710275	-0.3313918975	-0.07695317581	-0.06627243205	-0.07118497289	-0.3921203381	-0.3794947945	-0.3675392413	-0.06060249698	-0.3515286722	-0.07759621635	-0.08187925687	-0.03097393544	0.07327679178	0.002101659064	0.06994466075	0.05852524246	0.1394259118	0.1257241194	0.1194334375	0.1279021383	0.1954521497	0.1546541907	0.138657532	0.09729202323	0.09174935162	0.1363617773	0.04689347799	0.08388072577	0.03508774835	0.07316124272	0.1317515795	0.08504070223	0.1144882516	0.1062591021	0.04913851443	0.0815235519	0.01416770765	0.07570416146	0.04208871996	0.139563352	0.04173100048	0.0963622969	0.07992489047	0.04243192833	0.09017691736	0.08520044834	0.04661485952	0.1443020556	0.05027324294	0.1563174156	0.09114684173	0.03210784947	0.1014944526	0.1063373919	0.02712875569	0.1235083938	0.1200599169	0.04705712365	0.1119792422	0.1141021453	0.1136297927	0.07998876748	0.1044427819	0.09526152504	0.1127223305	0.1199617176	0.06144364073	0.08526607736	0.08609418777	0.04851148135	0.05553267301	0.0471260059	-0.3839522739	0.07157927974	0.1003491303	0.05952833091	0.01664839983	0.05931380386	0.0139829772	0.04015453375	0.08799894659	0.08911737237	0.1184260546	0.07598970402	0.003893047729	0.09553016541	0.01697325964	0.05933770668	0.05004442739	0.167509966	0.09904917058	0.102516825	0.08824698347	0.1104503175	0.01502411329	0.07099841798	0.07760623582	-0.05212294104	0.04745118097	0.01096692909	0.0508448471	0.003398071072	0.009619175241	-0.02464434388	0.06261635408	0.0148107469	0.01241311393	0.1001668597	0.05860675375	0.1613065995	0.1084248293	0.09176666492	-0.07111943108	0.07372593383	0.04136017234	0.05394048671	0.04521418813	0.02580363495	0.00306648952	0.07419803509	0.005335790205	0.06560382804	0.08102303311	0.02229046575	0.1188604092	0.08927489147	-0.0002773233217	0.1082838889	0.05804174866	0.1319164035	0.1964851776	0.1194673979	0.07137139389	0.1075580238	0.1811600001	0.1427360593	0.06587813573	0.1840229939	0.009567339572	0.01655023295	0.05080068219	0.05031623607	0.02575933044	0.08928828822	-0.0342897205	0.161180126	0.1143404988	0.13013118	0.1743521408	0.149465432	-0.001276625808	0.1332155817	0.0591025026	-0.02380417357	-0.004015069566	-0.07881102231	-0.07772514559	0.1707913408	0.07455300316	0.08108375434	-0.01031396017	0.1472194902	0.00630782463	0.05184282895	-0.1246261354	-0.3599241414	-0.2266874229	0.04754654134	0.06191164596	0.03706178991	0.1561776388	-0.06187510536	0.09380837135	-0.05251547713	-0.3544598078	0.1309166952	0.08812890335
-0.3180485155	-0.3750422084	-0.3231435349	-0.3927809395	-0.29387348	-0.2996421113	-0.3395197463	-0.3737245632	-0.3848434215	3.332545996	2.983602663	3.017605472	2.937047714	0.9740941463	0.9671357353	2.889061982	3.025536385	2.971335181	0.8255753746	2.886901016	-0.2305996761	-0.1968228913	0.9171942866	-0.05459899102	-0.1458732823	0.996539453	1.028860253	0.9881442064	0.9856147344	-0.1103062062	0.9926303762	-0.146732639	-0.1841040288	1.038061151	-0.09998391237	1.00305197	-0.3742206233	-0.3816611683	-0.4018298864	-0.2712405352	-0.2017443107	-0.3773306059	2.854829895	0.03662708887	1.055211917	-0.2711847723	-0.09260083276	-0.2149704623	-0.02816728013	-0.248545955	-0.1636788489	-0.1864101518	1.015908429	1.018105109	0.9489568215	-0.09950060707	-0.09973462413	-0.2268636912	2.874116671	2.869046017	2.836526528	-0.1860175457	0.9823851676	-0.180916496	-0.2006632036	-0.2180659857	-0.3229673903	-0.2180467971	-0.3876793677	-0.3886381102	-0.386432378	-0.2896889644	-0.2894546117	-0.402265539	-0.3789199697	-0.3992351611	-0.327850542	-0.3239132242	-0.3961173167	-0.3934492701	-0.2606622582	-0.3129388056	-0.3198892818	-0.329881292	-0.3804639091	-0.3248612021	-0.2867918786	-0.3449910115	-0.3741940873	-0.2907172961	-0.2157331177	-0.384986656	-0.3213240806	-0.4069611192	-0.323434814	-0.378631306	-0.3695069167	-0.3548349182	-0.3350520787	-0.3513356649	-0.3522184322	-0.3997272945	-0.3283176641	-0.3740091224	-0.3166371838	-0.3370483688	-0.350851171	-0.3856173081	-0.3092207092	-0.3193616897	-0.371686891	-0.3836739263	-0.3502019447	-0.3836840701	-0.3712951703	-0.4080753252	-0.3743330902	-0.3750025791	-0.3361429672	-0.3513390036	-0.3779899923	-0.3781271817	-0.3600841366	-0.2901100223	-0.3231164108	-0.3313482207	2.79806535	-0.3823987026	-0.3507184971	-0.3818802893	-0.2761319714	-0.3680782321	-0.3129067023	-0.3697010349	-0.3397671982	-0.3024792048	-0.2268257048	-0.3750947628	-0.3154792413	-0.3390125262	-0.3448380349	-0.3465253059	-0.357304062	-0.3898132001	-0.3972034602	-0.3369188554	-0.3973572778	-0.3807181938	-0.37290746	-0.3568061525	-0.4102487947	-0.2729858565	-0.2829272084	-0.3169269094	-0.2264562784	-0.2073893923	-0.217302893	-0.09712961197	-0.266470136	-0.1944711768	-0.1860180471	-0.3441884398	-0.1888560836	-0.3763780799	-0.3830831233	-0.3352633106	0.05100657775	-0.2497237912	-0.02200856984	-0.1814216573	-0.1997526727	0.008356061093	-0.2629031772	-0.3897400184	-0.2748549416	-0.3419928781	-0.2437737384	-0.2928829691	-0.3517445061	-0.3893811701	-0.3149649432	-0.3440606288	-0.3074267487	-0.349462067	-0.3882472008	-0.3273952172	-0.3384626843	-0.3847134844	-0.3972170094	-0.3934706224	-0.3102331748	-0.386141737	-0.2795467103	-0.3201902193	-0.3363305017	-0.3187258519	-0.3325522263	-0.3698946688	-0.2922227107	-0.3672011876	-0.3540400527	-0.3465890774	-0.3772438866	-0.3829637576	-0.2863419768	-0.3227893261	-0.3190447638	-0.1295505005	-0.2464273834	-0.2339435915	-0.2693057932	-0.3917774106	-0.3877670992	-0.2958248481	-0.2819288099	-0.3468726534	-0.292884307	-0.3338548112	-0.07075361159	2.671450997	1.074703122	-0.35268458	-0.3470208369	-0.381512313	-0.3946917939	-0.02983997406	-0.3620392855	-0.2588356155	2.590438566	-0.3817570326	-0.3763282783
-0.3286480973	-0.356903224	-0.3431876043	-0.3759347515	-0.2676400955	-0.293518691	-0.3276198337	-0.3584954336	-0.3712547183	2.983602663	3.253504314	3.050436629	2.959875549	0.9657595459	0.9680663362	2.890432613	2.946422553	2.899273701	0.8387492251	2.916043624	-0.2097492261	-0.229202137	0.9241118826	-0.08575322993	-0.1346321476	0.9569924352	0.9373413404	0.9475652585	0.9448655214	-0.102567622	0.9753190541	-0.1790263481	-0.1609411407	1.017492233	-0.1261142152	0.9801915993	-0.3550452896	-0.3615755486	-0.381458743	-0.2517697123	-0.1915836001	-0.3574263809	2.738700669	0.02605730686	0.9680228337	-0.249291167	-0.08485781587	-0.2001477946	0.001418548075	-0.2332345001	-0.1317770017	-0.2000293107	0.9715443738	1.039255386	0.9270328412	-0.09288545305	-0.09138783555	-0.2066376391	2.749855307	2.79836526	2.710421132	-0.2212189624	0.949707164	-0.1543907499	-0.1795873125	-0.1798496182	-0.3097972673	-0.2469590931	-0.3633271866	-0.3669379596	-0.3678088977	-0.3170229642	-0.317218674	-0.3783677601	-0.3662368728	-0.3808500732	-0.3147803505	-0.3668671457	-0.3783916831	-0.3738067029	-0.2434804791	-0.3017747461	-0.3524116593	-0.3143587679	-0.3661678715	-0.3561211696	-0.319177556	-0.330403297	-0.3569456648	-0.2611850513	-0.275546432	-0.3624595247	-0.3070362673	-0.3878460632	-0.3083736268	-0.359990666	-0.3539247552	-0.3359888936	-0.3721751296	-0.385445839	-0.3356036495	-0.3801418373	-0.3005501226	-0.3710339353	-0.3025105947	-0.3138863177	-0.3385955272	-0.3664182435	-0.3238078065	-0.3301701191	-0.356011741	-0.3602406953	-0.3360507185	-0.3667527109	-0.3565011009	-0.3883244076	-0.3615762649	-0.3596887257	-0.3246265167	-0.3367918272	-0.3607093242	-0.3618660865	-0.3449769439	-0.2775247513	-0.3051649248	-0.3082722914	2.686080659	-0.3653264966	-0.3382001491	-0.3515667296	-0.312548564	-0.3515801619	-0.2978770085	-0.35077032	-0.316565598	-0.3336452099	-0.307013727	-0.3571618426	-0.3521320918	-0.3636659523	-0.3214314004	-0.3533382624	-0.3402804101	-0.3705738888	-0.3782383203	-0.3206167786	-0.3749757975	-0.3634759142	-0.3475620067	-0.3380240407	-0.3864375004	-0.2364139147	-0.257409157	-0.285876496	-0.193575744	-0.2412930133	-0.1842811938	-0.06576349086	-0.2354669318	-0.1645373444	-0.1713002045	-0.3261317106	-0.2561882069	-0.3608013892	-0.3655201133	-0.3552500433	0.03741186999	-0.2786542754	-0.05448510736	-0.1605237867	-0.2281782198	0.03213562782	-0.2582377212	-0.3718255613	-0.2624830796	-0.3631429705	-0.2725914473	-0.3259168639	-0.3835980411	-0.3732922492	-0.2836446701	-0.3513629271	-0.342094401	-0.3837970666	-0.3825472303	-0.3139036337	-0.318756243	-0.3664389186	-0.3756473031	-0.3752701547	-0.3422058883	-0.3673571175	-0.3084481526	-0.3035421589	-0.3130919191	-0.3056872809	-0.3147220996	-0.3508281728	-0.2765729437	-0.3497248884	-0.3470983897	-0.3414723438	-0.3560027275	-0.3655928872	-0.2729642983	-0.3098241206	-0.2975271421	-0.1224472617	-0.2224422795	-0.2259871952	-0.2605380271	-0.3703176297	-0.3583936642	-0.3312806981	-0.2666395842	-0.3793918644	-0.3263755563	-0.3162315525	-0.1084228716	2.640664369	1.055337707	-0.3842972492	-0.3750471438	-0.3660802756	-0.3765699015	-0.0258469277	-0.347673542	-0.243557122	2.522407164	-0.3620135295	-0.3567126653
-0.3336738678	-0.3656486152	-0.3478310781	-0.3822934647	-0.272816223	-0.2922177038	-0.3203088271	-0.3554950582	-0.3735629999	3.017605472	3.050436629	3.293694788	2.935512927	0.9829248211	0.9683403051	2.928975551	2.971787613	2.947713889	0.834401427	2.915279669	-0.2107685827	-0.2214093417	0.9299589547	-0.09318371846	-0.1289627223	0.9630924163	0.954474497	0.9575477515	0.9490857187	-0.09118072692	0.9621558054	-0.1756885276	-0.1604317862	1.032138276	-0.1145215225	1.003691448	-0.3624155989	-0.3690169905	-0.3890654851	-0.2617526909	-0.1990328258	-0.3665053322	2.771665917	0.04297682984	0.9847599034	-0.2599404614	-0.06701696907	-0.1914668999	0.003858842509	-0.2321529668	-0.1322662181	-0.189273764	0.9984190195	1.059590962	0.9591624971	-0.08042575711	-0.08234605662	-0.2068517927	2.793163198	2.826853812	2.748523739	-0.2219281658	0.9704522503	-0.1592123064	-0.1746567289	-0.1745829719	-0.3160646349	-0.2571778239	-0.3723423206	-0.3746294559	-0.3770512113	-0.3270551607	-0.3273078899	-0.390093734	-0.366403356	-0.3869543747	-0.3140589928	-0.3628771455	-0.3891621703	-0.3809831511	-0.247701818	-0.3016915252	-0.3608724846	-0.3198991961	-0.3731172199	-0.3628990854	-0.3171399993	-0.3351105568	-0.365266073	-0.2647645212	-0.2811261459	-0.3681593307	-0.3099909533	-0.3954544593	-0.3102565334	-0.3666447271	-0.3569835792	-0.34262592	-0.3774743958	-0.3887724516	-0.3404724482	-0.3892680242	-0.3132436893	-0.3647522547	-0.308151674	-0.3214913405	-0.3448745696	-0.3658687388	-0.3298754372	-0.334444603	-0.3620213585	-0.3706091843	-0.339260286	-0.3731787843	-0.3605540458	-0.3961802975	-0.3677827385	-0.366649801	-0.3303193976	-0.3422357389	-0.3680411345	-0.3684666734	-0.3495270361	-0.2783053241	-0.3110050797	-0.3204423312	2.717429716	-0.3710398855	-0.3443673827	-0.3601238033	-0.3137540099	-0.3575192973	-0.2997525751	-0.3585542565	-0.3275085738	-0.3397885921	-0.268452833	-0.3628802016	-0.3576732864	-0.3260296494	-0.3306074347	-0.3607390764	-0.348077552	-0.3755198091	-0.3858983423	-0.3304558677	-0.3828347832	-0.3703667372	-0.3569268935	-0.3445625897	-0.3920005613	-0.2486514219	-0.2733604598	-0.2948396702	-0.2051417774	-0.2167153103	-0.1954620928	-0.0748565292	-0.2440464281	-0.1738322238	-0.1724945	-0.335189729	-0.2260306503	-0.3637034776	-0.372982583	-0.3595770128	0.06350240092	-0.2747348259	-0.04406655178	-0.1558970221	-0.222662075	0.04374209675	-0.2532586345	-0.3796258637	-0.2689481657	-0.3623354781	-0.2692650698	-0.3328130574	-0.3875146848	-0.3807704365	-0.2900638191	-0.357955807	-0.3472244695	-0.3884758259	-0.3791096084	-0.3228986357	-0.3265148825	-0.3780758928	-0.3833760928	-0.3807248425	-0.3502831039	-0.3744768756	-0.3162718855	-0.3121612544	-0.3258564218	-0.3098985735	-0.3224108197	-0.3598873379	-0.2790028061	-0.3567926036	-0.3451426391	-0.3381860334	-0.3617238769	-0.373787996	-0.2841674294	-0.31220653	-0.3070772994	-0.1027324627	-0.2227744608	-0.2199382248	-0.2587697048	-0.3780780656	-0.3739228021	-0.3362727824	-0.2675784616	-0.3861852253	-0.3334248409	-0.3238341025	-0.112598741	2.676788502	1.067872981	-0.391766559	-0.3831772235	-0.3735805112	-0.3841673215	-0.006218064332	-0.350675569	-0.251478679	2.566886207	-0.3694044206	-0.3648863874
-0.3128664007	-0.3430392958	-0.3280671838	-0.3599225814	-0.2598734791	-0.2759134826	-0.3106702897	-0.3403594773	-0.3578115563	2.937047714	2.959875549	2.935512927	3.098737212	0.9279031257	0.8989447828	2.868723425	2.854238465	2.891435431	0.8012638284	2.828351157	-0.1990288934	-0.2163420834	0.8429340887	-0.09242371415	-0.1357081093	0.8995355802	0.8995747542	0.8996833173	0.8737493344	-0.09921423895	0.8847905078	-0.170534106	-0.1493136786	1.007324158	-0.1124940733	0.9363105017	-0.343795251	-0.3505570426	-0.3705090245	-0.2444843678	-0.1912375765	-0.3475424598	2.681831526	0.002086852927	0.9258247898	-0.2444986247	-0.06211393796	-0.1988591251	-0.02092008983	-0.223805754	-0.1500543654	-0.2025707175	0.9345114494	0.9420270634	0.9259071896	-0.09005999052	-0.09297641547	-0.2029508117	2.715784574	2.746696654	2.653601575	-0.2134061939	0.908569261	-0.1570743324	-0.1704059334	-0.1847735328	-0.3353512017	-0.2565298546	-0.3550867905	-0.3555525383	-0.3543745703	-0.3314106221	-0.3314694353	-0.3669682421	-0.3521685937	-0.3650181066	-0.3054506919	-0.353352242	-0.3640332146	-0.3633851434	-0.2562049339	-0.307993076	-0.3405276098	-0.3021167835	-0.3514937656	-0.3443921731	-0.3121756925	-0.3157992026	-0.3434592861	-0.2849724582	-0.2685471431	-0.351540422	-0.2951771933	-0.3741901799	-0.3131978893	-0.3465467006	-0.3391342089	-0.3240617949	-0.3533921394	-0.3688933964	-0.3237562182	-0.3677207398	-0.3000522092	-0.3548842977	-0.2909085697	-0.3071952374	-0.3255261725	-0.3544135124	-0.3111138422	-0.3163708722	-0.342336807	-0.3521644171	-0.3218718123	-0.3505756755	-0.3430943908	-0.3725657837	-0.3470612437	-0.346059428	-0.3076341715	-0.3226420516	-0.3468294719	-0.3458354811	-0.3303554423	-0.2965461094	-0.2982333458	-0.3034246251	2.633205991	-0.3493402481	-0.3249345937	-0.3562262424	-0.3007911092	-0.3374047643	-0.285996485	-0.3394560756	-0.3093962913	-0.3188996263	-0.2548045217	-0.342907067	-0.3377474298	-0.3177277544	-0.3143073483	-0.3428970492	-0.3284756612	-0.3623650772	-0.3651514994	-0.3065344191	-0.3636680922	-0.3501753195	-0.3403821696	-0.326286413	-0.3806915629	-0.2419070633	-0.2522350553	-0.2898987206	-0.1930691143	-0.2157695808	-0.207804854	-0.09428187764	-0.233773332	-0.1706188345	-0.1607401178	-0.322314469	-0.2172593136	-0.3466679048	-0.34918506	-0.3384456673	0.08122794839	-0.2758608562	-0.07294643223	-0.1615066628	-0.2279292915	0.0102969891	-0.2479252424	-0.3587238692	-0.2708602362	-0.3466501719	-0.2701835915	-0.3108594298	-0.368723476	-0.3562562916	-0.2868754919	-0.3373834215	-0.3248683941	-0.3682468926	-0.3662436076	-0.2989412585	-0.3061310551	-0.3518833291	-0.3638072303	-0.3598211856	-0.3303918763	-0.3571025115	-0.2970043995	-0.289906749	-0.3056486039	-0.2908133022	-0.3132465617	-0.3381017966	-0.275006805	-0.3618014745	-0.356250838	-0.3499068684	-0.3466817782	-0.3544913822	-0.2688425677	-0.2948538825	-0.3059394498	-0.1352563883	-0.2198176364	-0.2147304272	-0.2398164436	-0.3587294506	-0.3525796741	-0.3177505528	-0.2797757554	-0.363742797	-0.3160854028	-0.30890552	-0.09168336525	2.603130462	1.040549945	-0.3722185029	-0.3642224287	-0.351352619	-0.360941707	-0.003221212213	-0.3325070096	-0.2348347876	2.51101336	-0.3503369676	-0.3452193768
-0.3184613588	-0.3316503087	-0.3141758158	-0.3535943385	-0.2572400135	-0.2587144203	-0.2865163498	-0.3365472765	-0.3563703055	0.9740941463	0.9657595459	0.9829248211	0.9279031257	2.989966301	2.436691053	0.9395519427	0.9566886611	1.01461817	2.412233761	0.91022281	-0.1643203176	-0.1814369539	2.443364307	-0.005428513169	-0.052155002	2.534115325	2.531717815	2.645305033	2.440881829	-0.07437480661	2.486099393	-0.1171185646	-0.005859198419	0.824850287	-0.05050717849	2.581449315	-0.3355794919	-0.3422369073	-0.3609124401	-0.2341673038	-0.146423338	-0.3448328691	0.9365424641	0.04288242228	2.576160121	-0.2420550497	-0.004021963494	-0.1850666911	0.2118717928	-0.1689227801	-0.05046782005	-0.15054547	2.536485577	2.468127951	2.488081939	-0.05486625266	-0.04931382636	-0.1771253049	0.9513619778	0.9740587493	0.9156031207	-0.1935537529	2.623218605	-0.1217330998	-0.1420683071	-0.1212790775	-0.2974475238	-0.192782909	-0.3317604849	-0.3549831835	-0.345988457	-0.2949912837	-0.2947883616	-0.3668297142	-0.3564947255	-0.360976591	-0.302340801	-0.3133052269	-0.3613993343	-0.355316412	-0.2705334329	-0.3006937804	-0.3366241713	-0.277486622	-0.3489187963	-0.3419592478	-0.3084006518	-0.3230713936	-0.3412600785	-0.2599489608	-0.269638529	-0.3527390711	-0.2669966494	-0.3678546311	-0.3061878804	-0.3468505203	-0.3444129646	-0.3282206066	-0.3508661659	-0.3448609589	-0.3285227937	-0.3558527453	-0.2781043742	-0.3137893384	-0.2967209463	-0.2844800511	-0.3359336706	-0.3237003439	-0.2980875385	-0.3196267302	-0.3395075663	-0.3487517184	-0.3047177067	-0.3434720335	-0.3361614479	-0.355105369	-0.3500289589	-0.3457054578	-0.3459126138	-0.329518678	-0.3478618205	-0.3268682872	-0.3059053222	-0.212743039	-0.2909153766	-0.2846403076	0.9137363512	-0.3425035666	-0.3337055035	-0.3568717181	-0.3102761061	-0.3418491708	-0.2892053254	-0.3360322303	-0.2993623625	-0.3323697059	-0.254721981	-0.344258218	-0.3259297587	-0.2962859852	-0.2910337001	-0.3392673312	-0.3320954417	-0.3536463338	-0.36308213	-0.3478713472	-0.3625713225	-0.3455145183	-0.3174625176	-0.3329063985	-0.3544439722	-0.2135871267	-0.2117183708	-0.2632001605	-0.1729049727	-0.1277875065	-0.1343220775	-0.05231198441	-0.2266214549	-0.1635508103	-0.1267690953	-0.3139661927	-0.1717074433	-0.3482194205	-0.3502551365	-0.3493609668	0.003525324725	-0.2810830661	-0.07589155955	-0.1762922375	-0.231218392	-0.00504467164	-0.219798337	-0.3550861152	-0.184951568	-0.3498694469	-0.2799623887	-0.3258510321	-0.365245281	-0.3567262601	-0.2618242198	-0.3397090788	-0.3181695933	-0.3591863063	-0.3358276757	-0.298518942	-0.3031846088	-0.345537493	-0.3518037086	-0.3568511236	-0.3263624667	-0.3539357187	-0.2997211414	-0.2682807873	-0.2914944514	-0.2954424348	-0.2599454102	-0.3348293274	-0.2165010256	-0.3287594429	-0.2942975574	-0.2821270868	-0.3461322286	-0.3569086862	-0.2252518578	-0.330445724	-0.2480819411	-0.07139542018	-0.1999626241	-0.1666470655	-0.2020185968	-0.3472372653	-0.3326394252	-0.3199010069	-0.2417948071	-0.3569856759	-0.3197302496	-0.3056655302	-0.1285405004	0.9070363277	0.8301809035	-0.3460179456	-0.3323968872	-0.3533488893	-0.3599195639	0.04297653691	-0.3027806457	-0.1894136506	0.8801454696	-0.341194998	-0.3079359456
-0.328536552	-0.3279740333	-0.3112436679	-0.3539806163	-0.2376817166	-0.2691002974	-0.2534191038	-0.2811011595	-0.3472472041	0.9671357353	0.9680663362	0.9683403051	0.8989447828	2.436691053	2.919498727	0.9005863587	0.9373917089	1.034952657	2.373732606	0.8647171715	-0.1283605637	-0.1393183249	2.403629799	-0.03295833714	-0.08189540261	2.466432109	2.41006169	2.418235848	2.408876204	-0.07615564571	2.415072849	-0.1007271848	0.01428453045	0.8439357285	-0.03997107414	2.416207623	-0.3337796034	-0.3410370467	-0.3603106425	-0.2296217875	-0.1453549299	-0.3288123039	0.903951177	0.06954771207	2.438298849	-0.2341292136	-0.01618614309	-0.1723427429	0.2311751037	-0.1340302001	-0.06062201687	-0.1229259293	2.426394639	2.386279493	2.346799889	-0.06583043791	-0.09400194738	-0.1530589443	0.9407984019	0.9582992667	0.8952103732	-0.1783237161	2.416952929	-0.1223980399	-0.108406001	-0.104423058	-0.2883801154	-0.2126197614	-0.2990459449	-0.32509744	-0.3453194513	-0.3049042118	-0.3051227354	-0.3617671455	-0.3409008009	-0.3623456357	-0.2951693719	-0.3226610604	-0.3617564014	-0.3551682817	-0.2463127075	-0.2794502673	-0.3432902466	-0.2734609971	-0.3411366856	-0.3484692837	-0.3047259004	-0.3119188846	-0.3322423016	-0.1987023366	-0.2698690654	-0.318640149	-0.2746487894	-0.370737141	-0.2892371029	-0.3364673047	-0.3344182113	-0.322114459	-0.353810159	-0.3514350722	-0.3189525453	-0.3605315566	-0.2364406063	-0.3245090205	-0.2961977597	-0.2888508241	-0.3176218851	-0.3274361551	-0.2887032109	-0.3136138266	-0.3456152584	-0.3266480478	-0.3037469318	-0.347924982	-0.3425335477	-0.3547693016	-0.3395823679	-0.3472252724	-0.3439386606	-0.3178021665	-0.3373275259	-0.3301407431	-0.3101081672	-0.2163676534	-0.2918030378	-0.2654650758	0.8850071809	-0.3482347078	-0.3167260092	-0.310337178	-0.2998860677	-0.3255892719	-0.3017552511	-0.3353307102	-0.2849169209	-0.3260788871	-0.243398109	-0.3340802377	-0.3200010209	-0.2820511276	-0.2589861084	-0.3388208692	-0.3250218159	-0.3457689779	-0.362957691	-0.347335202	-0.332656999	-0.3484550148	-0.2843192392	-0.3269090128	-0.3282318865	-0.1657485444	-0.2115905191	-0.1943971622	-0.159619517	-0.1244065674	-0.124452196	-0.03865983078	-0.208792175	-0.1311619304	-0.1011391873	-0.2988530501	-0.152252965	-0.353486676	-0.3506743674	-0.3400210221	0.04248079911	-0.2460144649	-0.02817995206	-0.1413965352	-0.2003500068	0.0363171183	-0.2187887371	-0.3590544908	-0.1800723742	-0.3465350262	-0.2406581096	-0.3148797824	-0.3707790787	-0.3598576462	-0.2314509776	-0.3405516146	-0.3319934383	-0.3617980996	-0.3389547223	-0.2984359583	-0.2888073058	-0.3487585143	-0.3535815977	-0.3585651696	-0.3195026554	-0.3480744436	-0.2963470584	-0.2522277651	-0.2744194621	-0.2867847658	-0.2675763472	-0.3331776409	-0.224378917	-0.318933289	-0.2980239402	-0.2849449341	-0.3281573588	-0.3427339813	-0.2002565423	-0.3269458538	-0.2415355849	-0.07150709722	-0.2148817805	-0.1360727518	-0.1679790331	-0.348931294	-0.3055065347	-0.3179413965	-0.2217012612	-0.3591234591	-0.3124998335	-0.300296614	-0.08603954462	0.8807565618	0.8581812648	-0.3485499189	-0.3296828838	-0.3446807722	-0.3615674726	0.04690460577	-0.315513308	-0.1832635019	0.8350401124	-0.344967644	-0.3174278883
-0.3106881618	-0.3324181357	-0.3271033531	-0.3586479435	-0.2465905003	-0.2688898505	-0.2950634993	-0.3330854628	-0.3629621976	2.889061982	2.890432613	2.928975551	2.868723425	0.9395519427	0.9005863587	3.161751455	2.832802058	2.843054187	0.796669825	2.975739795	-0.179949793	-0.1979006113	0.8585227991	-0.1039136254	-0.1519508857	0.9077929984	0.9150933937	0.924124443	0.8522607009	-0.1051394655	0.8794292521	-0.1704826115	-0.1445760418	0.9933831151	-0.09201440314	0.9505777168	-0.3405460442	-0.3444918417	-0.3653806343	-0.2328293778	-0.1637033463	-0.3308916576	2.659825721	-0.01081002522	0.9491700544	-0.2490125553	-0.03981271293	-0.1935319295	-0.01960404185	-0.1989894251	-0.1432893242	-0.1975463756	0.9418025015	0.969597757	0.9729398893	-0.1045055787	-0.1046242032	-0.1906891877	2.679712418	2.709525891	2.633354422	-0.2175228581	0.9220655989	-0.1356406783	-0.1538896028	-0.1769501299	-0.3502214149	-0.2573544763	-0.3506585216	-0.3515200913	-0.3451445058	-0.3462706003	-0.3462275441	-0.3637524749	-0.3657732212	-0.3646919202	-0.3214568825	-0.3619122689	-0.3639504964	-0.3658861322	-0.266778674	-0.3259127312	-0.3394201266	-0.3044157209	-0.3534345984	-0.3404664774	-0.3057625613	-0.328511941	-0.3439092213	-0.2925288336	-0.2585202816	-0.35345072	-0.2877862858	-0.3734164328	-0.334732867	-0.3453074711	-0.3353876306	-0.3205135691	-0.3551267632	-0.3657412515	-0.3187364983	-0.3634035466	-0.2896711928	-0.362608225	-0.2887909105	-0.300605949	-0.3176146827	-0.3535129247	-0.3087313511	-0.3115177613	-0.3377329035	-0.3470162162	-0.3185983016	-0.3511864176	-0.3408056079	-0.3712459852	-0.3463658242	-0.3434511237	-0.3087211235	-0.3361833449	-0.3462821028	-0.349225833	-0.3283416538	-0.3092725503	-0.2869246384	-0.3010049878	2.609156959	-0.3469495144	-0.3170862044	-0.3432670734	-0.2949169463	-0.3353565438	-0.2811046753	-0.3393278278	-0.308200898	-0.3160224339	-0.2524423512	-0.3414376567	-0.3376725267	-0.3201946495	-0.3093358401	-0.3381025621	-0.3257342787	-0.3778985944	-0.3641618388	-0.3046959459	-0.3597994198	-0.3638075821	-0.3362819971	-0.3236408749	-0.3901198289	-0.238849286	-0.2642756228	-0.2969562112	-0.2062628383	-0.2177316964	-0.2326851633	-0.1186069571	-0.2461722873	-0.1795677397	-0.1816272008	-0.3293027944	-0.2013332903	-0.3404839274	-0.3510393638	-0.3340617135	0.08471143536	-0.2792010375	-0.08665020738	-0.1636457079	-0.2271319478	0.004377473496	-0.2485283669	-0.3579920946	-0.2829065031	-0.343343651	-0.2733530641	-0.3113725974	-0.3681502358	-0.3577053887	-0.284145717	-0.3350870446	-0.3272084675	-0.3680297241	-0.3718649889	-0.2982009738	-0.308678731	-0.3535391672	-0.3585103182	-0.3596018258	-0.3262400175	-0.3541163339	-0.2929537219	-0.2959041429	-0.3033802686	-0.2929490149	-0.3210512231	-0.3363563179	-0.2828098309	-0.3852350024	-0.3796256096	-0.3710599016	-0.3439646662	-0.3662255185	-0.2459003098	-0.2977396789	-0.3071618463	-0.1613493392	-0.2228465852	-0.1938196706	-0.2288626784	-0.3532407974	-0.3515091213	-0.3151673915	-0.2827741704	-0.3618186063	-0.309734123	-0.3070811966	-0.0805927198	2.571839225	1.037036739	-0.3694662666	-0.3616261451	-0.366444779	-0.3608493273	0.004722218972	-0.3285779291	-0.2239052054	2.466864	-0.3469249089	-0.3454751948
-0.3183838806	-0.366610779	-0.3205341895	-0.3856899182	-0.285403434	-0.2965832701	-0.3280834273	-0.3742571286	-0.3848112769	3.025536385	2.946422553	2.971787613	2.854238465	0.9566886611	0.9373917089	2.832802058	3.273696931	2.926837063	0.8101801974	2.882281502	-0.224324915	-0.1869134606	0.9010569614	-0.0483435691	-0.1361716029	1.016900104	1.016198134	0.9426623334	0.9818173658	-0.1055647869	1.00103062	-0.1397563908	-0.1790057861	1.009115368	-0.08006220919	0.9823023453	-0.3660425383	-0.373649925	-0.3935614707	-0.2630826425	-0.2003636865	-0.3683815082	2.793942224	0.006505192835	1.038034484	-0.2634041826	-0.09906680538	-0.2099091941	-0.01898962639	-0.2414194701	-0.14000766	-0.1628885148	1.012024244	0.9627324449	0.9163755586	-0.09585581841	-0.0920589001	-0.2161163951	2.820043397	2.82039932	2.779563257	-0.1893626943	0.9666333181	-0.1684469284	-0.2001948376	-0.209966286	-0.3166385305	-0.2104879892	-0.3779237858	-0.3856687373	-0.3804707117	-0.2893732931	-0.2892353515	-0.3969304104	-0.3764851918	-0.3933168875	-0.3240526073	-0.320386195	-0.3921124113	-0.3864512889	-0.2585170032	-0.3092495825	-0.3159231894	-0.3262438307	-0.380571126	-0.3201136903	-0.2735236546	-0.3385784054	-0.3693520901	-0.2712570004	-0.2168596507	-0.3762860148	-0.3237161696	-0.4057696895	-0.3159426367	-0.374879766	-0.3647223388	-0.3504172483	-0.3297863511	-0.341241003	-0.3479724338	-0.3937401039	-0.3231297837	-0.3739908462	-0.3114201575	-0.3320793068	-0.3493402396	-0.3790597857	-0.3033712509	-0.3143821749	-0.3631738986	-0.372406159	-0.3397766014	-0.3789052843	-0.3696887625	-0.4005960196	-0.3763866853	-0.3699720402	-0.3365423694	-0.3473387208	-0.3749464631	-0.3727865039	-0.3486733751	-0.2808394757	-0.3095188568	-0.3306743696	2.739043593	-0.3745299981	-0.3492583148	-0.3645019131	-0.2754759074	-0.3648056581	-0.3109236532	-0.3647457564	-0.3312799647	-0.3052291126	-0.2600639247	-0.3705572697	-0.3144069082	-0.3751868079	-0.3347483394	-0.3443713872	-0.3539505488	-0.3865385506	-0.392467208	-0.3332003586	-0.3936173083	-0.3760029243	-0.3635342526	-0.3517455157	-0.3915707491	-0.2568458203	-0.2750519033	-0.3054331626	-0.2126417489	-0.2416264068	-0.2038887307	-0.07796574493	-0.2524886943	-0.1860175793	-0.17467838	-0.3469056068	-0.212554953	-0.3718565354	-0.3776560283	-0.3315546331	0.03175241131	-0.2323640062	-0.01276083779	-0.155633214	-0.1790057229	0.033170105	-0.2602250656	-0.3813954709	-0.2696987092	-0.3380117706	-0.2251102295	-0.2879808799	-0.3437581131	-0.3846661878	-0.2944694946	-0.3441058124	-0.3019076073	-0.3437214137	-0.3868994827	-0.3259129093	-0.3318415117	-0.3813374458	-0.3939180345	-0.3893252932	-0.3058229846	-0.378594738	-0.2777550124	-0.3167406945	-0.3304641467	-0.3187435772	-0.3239365047	-0.3640544713	-0.2887963892	-0.3634160281	-0.3506614393	-0.3430900367	-0.369986436	-0.3817896967	-0.273426905	-0.3195508002	-0.3185420982	-0.1326700232	-0.2301749684	-0.2364743474	-0.2691082573	-0.3888223512	-0.3831421844	-0.2928991989	-0.278837419	-0.3411465305	-0.2895013117	-0.3309977608	-0.07551882045	2.633471224	1.049887782	-0.343926204	-0.3337850642	-0.3771485056	-0.3907815107	-0.03928123724	-0.3537204013	-0.2498018672	2.549172423	-0.3768288502	-0.3713664939
-0.3117320629	-0.3587155283	-0.3117368457	-0.3806932831	-0.2594117186	-0.285040286	-0.317511238	-0.3290818393	-0.3726131389	2.971335181	2.899273701	2.947713889	2.891435431	1.01461817	1.034952657	2.843054187	2.926837063	3.281885278	0.8540083235	2.790695957	-0.2122384616	-0.2249414666	0.9308426687	-0.07314354121	-0.1171321389	1.006122002	0.9940694239	1.013382132	0.9506161098	-0.1272185906	0.9540682643	-0.1980852305	-0.1636582316	1.040541957	-0.1162542992	1.045356375	-0.3634213594	-0.3730062207	-0.3930851261	-0.261336141	-0.1964580273	-0.3689750011	2.797132294	0.03148491995	1.043797703	-0.2696344555	-0.07694500386	-0.2165802532	-0.006720424737	-0.2249544593	-0.1202809854	-0.2104664044	1.047476381	1.020683067	0.9775330268	-0.1182734199	-0.1163532531	-0.2117681433	2.754462739	2.749593154	2.71378706	-0.2415860927	1.037449347	-0.1598056081	-0.1760158746	-0.1978395733	-0.3256885946	-0.247906492	-0.3440717658	-0.3532263709	-0.3714288705	-0.314502848	-0.3148527868	-0.3874023651	-0.3641313122	-0.3867217188	-0.3145159045	-0.3671870268	-0.3892922931	-0.3855706519	-0.2877765012	-0.3068805996	-0.3635499193	-0.3196722372	-0.3734116976	-0.3667569316	-0.3212351591	-0.3329991686	-0.361309348	-0.274825278	-0.2604228975	-0.3756398811	-0.3097833681	-0.3973738912	-0.3106267192	-0.3698399776	-0.3593456828	-0.3464715274	-0.3729955552	-0.3877180761	-0.342915391	-0.3845255129	-0.2956943344	-0.3690589835	-0.3077629099	-0.3258031983	-0.3439313712	-0.3671761411	-0.3289328505	-0.3069702165	-0.3599514189	-0.3717958825	-0.3362885568	-0.3711369869	-0.3647121197	-0.3943069963	-0.3690515901	-0.3652676723	-0.3731287392	-0.3414707136	-0.3674583985	-0.3643113236	-0.3432282607	-0.2703617827	-0.3082794828	-0.3235004945	2.74050188	-0.3694205155	-0.3431715821	-0.371407816	-0.3206502877	-0.3592934275	-0.3079681842	-0.3626559117	-0.3275121149	-0.3419124846	-0.2478217778	-0.3659988847	-0.3592342049	-0.3145346213	-0.3011626034	-0.3384615092	-0.3497912455	-0.3746416583	-0.3876443361	-0.3746562762	-0.3608531262	-0.3688411515	-0.3290543971	-0.3485685767	-0.3971564082	-0.2366222248	-0.2698104288	-0.2836111464	-0.2119387898	-0.1813167883	-0.1935134421	-0.07248293828	-0.2517704998	-0.1819510831	-0.1797513198	-0.3416584862	-0.2034629127	-0.3680440909	-0.3732565512	-0.3246654912	0.04393321503	-0.2784096285	-0.05925599061	-0.1597735864	-0.2238783359	0.03442110136	-0.2594146033	-0.3740119476	-0.24610475	-0.3350232961	-0.2728699927	-0.3323497713	-0.3878539273	-0.3783858237	-0.3004251864	-0.3363526549	-0.3469499882	-0.3914220994	-0.3790661415	-0.3225466567	-0.3309718406	-0.3714982047	-0.3804860028	-0.3804737558	-0.3503578928	-0.3744303484	-0.3143419971	-0.3052754156	-0.320872384	-0.3058309735	-0.3078702254	-0.3571679873	-0.2699418076	-0.3506562955	-0.3358790699	-0.3291417452	-0.3616390779	-0.3762370634	-0.2669606799	-0.3165853156	-0.2754912928	-0.09787189214	-0.2445894049	-0.2163035889	-0.2448927242	-0.3753094388	-0.3492744359	-0.3363250543	-0.2729111647	-0.3868107972	-0.3357531008	-0.3274297793	-0.1060023093	2.700163878	1.038851309	-0.3911308958	-0.3801104584	-0.3782855666	-0.3848632832	-0.01570738585	-0.3416777793	-0.2464660285	2.533544963	-0.3709671702	-0.3656010248
-0.3557432743	-0.298251474	-0.3104258622	-0.3477476169	-0.2930167582	-0.2435208059	-0.2674319778	-0.2981219501	-0.3355558489	0.8255753746	0.8387492251	0.834401427	0.8012638284	2.412233761	2.373732606	0.796669825	0.8101801974	0.8540083235	2.891751397	0.7906534409	-0.0690545162	-0.07933202005	2.367150107	0.06002761504	0.01282988805	2.36697509	2.352800973	2.402636735	2.338831362	0.01190845866	2.327979565	-0.1103166127	0.01455067391	0.8778979195	-0.08793615584	2.33456032	-0.3280449033	-0.3368378625	-0.3551365406	-0.2766644755	-0.2162586282	-0.2471048366	0.7618288403	0.1030575833	2.362613482	-0.1543160117	-0.08259125063	-0.1889339741	0.3363509189	-0.06785230157	0.02925074515	-0.1339558842	2.352391368	2.274667676	2.288388604	0.0260765607	-0.002163457146	-0.1002890568	0.7950575761	0.8095915707	0.755903296	-0.09308529504	2.39242967	-0.1727265981	-0.1713379246	-0.1030061006	-0.2763755482	-0.2021011792	-0.3355171855	-0.3484978138	-0.3331470304	-0.2751322652	-0.2757973578	-0.3350487752	-0.3508198561	-0.3571493248	-0.2710965251	-0.2943725641	-0.3578409984	-0.354358645	-0.1944674944	-0.2393593122	-0.3344427923	-0.2834306029	-0.3448889799	-0.3383914878	-0.2894052153	-0.3142529862	-0.3171015288	-0.1699024153	-0.2541188283	-0.3037386974	-0.2020698687	-0.3619987617	-0.2978134106	-0.319881281	-0.3173580801	-0.3057490652	-0.3384523892	-0.3203737651	-0.3005580064	-0.3480100973	-0.2642929106	-0.2887403685	-0.3035338844	-0.2489986713	-0.2774023044	-0.2901061999	-0.2655240826	-0.305827852	-0.3371892583	-0.2485416293	-0.3160711945	-0.3396525132	-0.3333893116	-0.3107821063	-0.342949012	-0.3325175595	-0.3400560811	-0.3272000716	-0.320812059	-0.2985211663	-0.2729803143	-0.1652201252	-0.2549266348	-0.2793476451	0.7478425566	-0.3301024742	-0.2767700514	-0.2571251573	-0.2856450551	-0.3101303776	-0.327810078	-0.3113808242	-0.3306081854	-0.2944807034	-0.2243233487	-0.3167785875	-0.2939571908	-0.2831458408	-0.2963840286	-0.3366963306	-0.3231439763	-0.3505446882	-0.3556937022	-0.3402977633	-0.3556201095	-0.3387450099	-0.3219132247	-0.3250056983	-0.2227323996	-0.2416740967	-0.1933615949	-0.2246990503	-0.1704997915	-0.1310652575	-0.1153592383	-0.03124726231	-0.2182469436	-0.1171799465	-0.1535249754	-0.2887413577	-0.1446357111	-0.3441096194	-0.3436620923	-0.3273185203	0.06330542399	-0.2139970506	-0.04205357843	-0.1208135035	-0.1722735116	0.02718425216	-0.229007714	-0.3509296762	-0.2036566616	-0.3163296812	-0.214840841	-0.2978330187	-0.3551937346	-0.3505200107	-0.232753002	-0.3369624632	-0.3486626441	-0.3493010885	-0.3181391937	-0.3250695706	-0.3130525851	-0.3370733119	-0.3404472114	-0.353051545	-0.2934423051	-0.345768504	-0.2583615124	-0.2605150524	-0.2847870342	-0.2831881275	-0.2313415291	-0.3245251031	-0.1865147618	-0.2940974574	-0.2630048259	-0.2384232473	-0.3133929446	-0.3290544648	-0.2290805559	-0.216725299	-0.2611520436	-0.1586957614	-0.2582705163	-0.1510345815	-0.1049415581	-0.3361340228	-0.3301356511	-0.3125325306	-0.2210574382	-0.3526605755	-0.2937260437	-0.2934370056	-0.01025185361	0.887683134	0.8653329224	-0.3164054086	-0.3278705862	-0.2608567496	-0.35652377	-0.01643737492	-0.296940226	-0.1991703723	0.9100385283	-0.3301471989	-0.3150739048
-0.3161535107	-0.3393418179	-0.3313674641	-0.3665036474	-0.2503219779	-0.2788968311	-0.312524261	-0.3472085859	-0.3742612702	2.886901016	2.916043624	2.915279669	2.828351157	0.91022281	0.8647171715	2.975739795	2.882281502	2.790695957	0.7906534409	3.178768062	-0.1906573418	-0.1608853563	0.8469131443	-0.07715103935	-0.1614842086	0.9629410951	0.9469629692	0.8803315529	0.9055186648	-0.1177740885	0.9456127147	-0.132705884	-0.1575750863	0.9811770641	-0.06215709722	0.9246668018	-0.3459249506	-0.3498914991	-0.3711232308	-0.23777013	-0.1826216046	-0.33545766	2.671937452	-0.05817258008	0.9597557961	-0.2531560567	-0.07328227023	-0.1931440863	-0.02213698225	-0.2153889984	-0.1566641761	-0.1548066067	0.9200032459	0.9453541087	0.9427790772	-0.1207071555	-0.1172450563	-0.2039580024	2.698161755	2.737128391	2.64502991	-0.1785959943	0.8762223228	-0.1454877444	-0.166953007	-0.1899875227	-0.3567347696	-0.2134807505	-0.3571008977	-0.3578122206	-0.3524346322	-0.3174273693	-0.3166358765	-0.3743765138	-0.3746946814	-0.3712521703	-0.3302579475	-0.3192103108	-0.3693904975	-0.3715512055	-0.2760131862	-0.3349858971	-0.2930777706	-0.311503325	-0.3624384207	-0.2965367007	-0.2618996001	-0.3406692589	-0.3536339416	-0.291895885	-0.2139080167	-0.3544232321	-0.3011109374	-0.3789898782	-0.3462178931	-0.3512079401	-0.3413885092	-0.3300447268	-0.3088332609	-0.3221176008	-0.3285973683	-0.3704411324	-0.2976521847	-0.3714488922	-0.2989723053	-0.3081964042	-0.328267843	-0.3591912722	-0.2859023852	-0.3169821135	-0.3449634356	-0.3556566218	-0.324510611	-0.3580613638	-0.3481161799	-0.382884477	-0.3579384936	-0.3499302127	-0.3134105751	-0.3463526704	-0.3560407213	-0.3553823151	-0.3373475444	-0.3173066476	-0.29259054	-0.3089191956	2.622016528	-0.3554676127	-0.3280358958	-0.3439091521	-0.2528650928	-0.3444825295	-0.2865586734	-0.3440152543	-0.3121184169	-0.2896955477	-0.2777658265	-0.3475635841	-0.2912162404	-0.3735447367	-0.3136596245	-0.3457246612	-0.3359582156	-0.3811260244	-0.3686134662	-0.3095116944	-0.3658041797	-0.3688129162	-0.3419065363	-0.3343499506	-0.3880590373	-0.2345469366	-0.2692907238	-0.2961465954	-0.2047897929	-0.2651354338	-0.2356062466	-0.1161336516	-0.2448260316	-0.17860982	-0.1780596372	-0.3400214613	-0.2075368432	-0.3470775645	-0.3571338069	-0.3432406537	0.04340106323	-0.244551325	-0.03676957683	-0.1648511987	-0.1936566611	0.001998222958	-0.2620861539	-0.3635693879	-0.2902424203	-0.3486705995	-0.2415071593	-0.2694574547	-0.3237102193	-0.3622410194	-0.279780608	-0.3436522087	-0.2815745711	-0.3224856335	-0.3844484086	-0.3095567404	-0.3107846766	-0.3601456252	-0.3664294338	-0.365810494	-0.2824924081	-0.3585414611	-0.2669145749	-0.3010226357	-0.3105248368	-0.2983641075	-0.3263010158	-0.3448658093	-0.287284243	-0.3903861867	-0.3886737881	-0.3800617892	-0.3546246163	-0.3707321874	-0.260009753	-0.306075274	-0.3139003527	-0.1881035914	-0.2258178947	-0.2097507089	-0.2490496453	-0.3611437703	-0.3564095226	-0.2730088299	-0.2923852608	-0.3181022978	-0.2691418738	-0.3150251796	-0.04515545685	2.591470907	1.020239612	-0.3263648399	-0.3191068264	-0.3714739768	-0.3677269531	-0.02957656628	-0.3379080338	-0.2310382606	2.484579317	-0.3522859688	-0.3518396648
-0.07822372965	-0.002682608646	-0.03009469009	-0.05671411197	0.01882267254	0.05762175163	0.1309601071	0.03822563016	-0.08599288387	-0.2305996761	-0.2097492261	-0.2107685827	-0.1990288934	-0.1643203176	-0.1283605637	-0.179949793	-0.224324915	-0.2122384616	-0.0690545162	-0.1906573418	0.9477253683	0.5480387743	-0.07922940827	0.09243891367	0.1288494749	-0.1460089486	-0.1667982566	-0.1792140973	-0.1575305947	0.1513401673	-0.1722715171	0.3043830727	0.313479381	-0.007702305753	0.3982970307	-0.1376785603	0.02151816279	0.01031591719	-0.02690614425	0.1305452076	0.1759202846	0.1659175941	-0.2207123916	0.1072576435	-0.1268455803	0.2699620793	0.2112905204	0.2663083119	0.1302191911	0.5332396873	0.1838539435	0.2857293387	-0.1452096577	-0.1296177657	-0.1168737216	0.1498621035	0.1196167871	0.3996178704	-0.1872739725	-0.1970502614	-0.2369258196	0.3347762153	-0.1684803625	0.2535226054	0.313741238	0.2308752224	-0.04357401942	0.005751207637	-0.01415243208	-0.03215985238	-0.03721031432	-0.09492917337	-0.09421438777	-0.03885818072	-0.05525808114	-0.05347305696	-0.03770963151	-0.07479494744	-0.04801176235	-0.01914240076	-0.00321413047	-0.03500376459	-0.08475667159	-0.03064758675	-0.07067468788	-0.08599192374	-0.0629264203	-0.05450889488	-0.03040849542	0.05496579197	-0.0656964395	-0.02715474988	0.04881296313	-0.0521018898	-0.06444417274	-0.04118968381	-0.04080407767	-0.0323391063	-0.06771863259	-0.02421869082	-0.008167100037	-0.04514243075	0.05285036836	-0.04633586854	-0.04706904958	-0.02740247936	0.0003181318647	-0.020378965	0.01216061736	-0.05335207145	-0.06413458418	0.1543128052	-0.01087029076	-0.07562269627	-0.07190069808	-0.04132793063	-0.06631986944	-0.04417237797	-0.06201764044	-0.06324087924	-0.029797921	-0.01681426628	-0.03453477643	0.0416929694	-0.01288154496	0.01982685854	-0.2172092062	-0.03189360724	0.0004122225801	0.02873510025	-0.03606262662	-0.03388891541	-0.0586845776	-0.0597500043	-0.01203967755	0.01926108231	-0.03460643416	-0.04711410791	-0.06015377361	-0.03300360103	-0.01836371714	-0.06299533869	-0.05933212195	-0.06258411911	-0.04480804848	-0.05595169034	-0.05442853579	-0.07809008412	-0.01713202218	-0.07122894638	0.07843177156	0.09903310348	-0.02979102946	0.07773754564	-0.05443519827	0.1806166944	-0.009237648833	-0.02315555537	-0.05128558873	0.02737447731	-0.0189525319	-0.004480075795	0.04053904486	-0.06271626727	-0.04898371103	-0.01452267224	0.01849752812	-0.03033702138	-0.03653443173	-0.02930305683	-0.01421280464	-0.02072934871	-0.02658743451	-0.04631087351	0.1227125557	-0.0174765634	-0.02750886101	-0.04559670747	-0.08000030745	-0.07462989668	0.00584052546	-0.0721660622	-0.06854228479	-0.08094359823	-0.04851161328	-0.07015766002	-0.04553233271	-0.06758072099	-0.05309855631	-0.07276371534	-0.03961288621	-0.05140307189	0.01320708832	0.001413692025	0.00305577057	0.02493032356	0.02657150833	-0.02153261771	0.04414399826	-0.06311532622	-0.05915694038	-0.02713618318	-0.0212328918	-0.04030542923	0.1090783182	0.03331043264	0.01477125981	0.09292700549	0.2691437092	0.3931092039	0.4518376952	-0.05261754009	-0.02825061038	-0.05625791363	0.01850988165	-0.07165801289	-0.07230792555	-0.03432762506	0.416171361	-0.08205418977	-0.01315804481	-0.0366270453	-0.05583262005	0.08659553206	-0.07166287124	0.1313598488	0.001713655865	0.183296077	-0.1050326836	-0.05223752679	-0.04451537711
-0.0854439601	-0.01531338006	-0.05384710372	-0.05719258334	0.01896581268	0.03138783333	0.06810870108	0.03128486247	-0.09887344082	-0.1968228913	-0.229202137	-0.2214093417	-0.2163420834	-0.1814369539	-0.1393183249	-0.1979006113	-0.1869134606	-0.2249414666	-0.07933202005	-0.1608853563	0.5480387743	0.9684877264	-0.0949928799	0.1421722878	0.1016350805	-0.1160321704	-0.1333723087	-0.1983307726	-0.1059419384	0.1332687935	-0.1307119888	0.3975998598	0.3207008636	-0.02467095728	0.369473508	-0.1596334479	-0.008466005326	-0.02362627162	-0.04314396658	0.1188992312	0.1500144826	0.132583776	-0.1597022932	0.09425984095	-0.1265900656	0.2738590744	0.1683305613	0.173904852	0.0726056255	0.5330536303	0.1180553488	0.4723019858	-0.1778316614	-0.1330574772	-0.1459367026	0.1285117913	0.1035588431	0.394740283	-0.1280014163	-0.1551569959	-0.1804548446	0.3447822388	-0.1823883124	0.3180201371	0.4075155717	0.2660957306	-0.01754111646	0.1015473865	0.002670321923	-0.03190075535	-0.04751617017	-0.02055674845	-0.02247168086	-0.02271934402	-0.08700985536	-0.07435771353	-0.06466582635	-0.01986912531	-0.07889947272	-0.04878974504	-0.05104018961	-0.05433621892	-0.02539896311	-0.07874569631	-0.09486101606	-0.03513518216	0.01293427848	-0.08522940417	-0.06341436487	0.001302903019	-0.005923105111	-0.05716141344	0.04097823751	-0.05592086462	-0.0909858377	-0.06254371528	-0.07230646961	-0.06693495944	-0.01615477255	0.05277487582	-0.05120351832	-0.06187471343	0.02650123201	-0.05975979256	-0.06905574849	-0.04728005868	-0.03490635224	-0.04122599652	0.03858049925	-0.08478441398	-0.08514960346	0.07891419416	-0.03752599983	-0.1020261896	-0.09305379431	-0.02483947779	-0.07184159122	-0.06823481359	-0.09009780427	-0.09782127033	-0.06597120104	-0.03997535118	-0.04475166319	-0.002874036204	-0.03603738605	0.0299001624	-0.1575039772	-0.05106069252	-0.02699555541	-0.01958723767	0.00719480767	-0.0671477901	-0.07627890279	-0.07623288118	-0.009360416638	0.1096007018	0.04176729133	-0.07141791571	-0.00489162632	-0.07246675867	-0.01381016872	-0.05758089251	-0.08058390476	-0.08532513767	-0.07140543849	-0.08732815513	-0.05105608246	-0.09121977113	0.004072257422	-0.08757840516	0.03628312838	0.0900698949	-0.0543536642	0.0756564951	-0.06833117261	0.1459380139	-0.02726843038	-0.05667858052	-0.05687827441	-0.03677695323	-0.01829970044	-0.05251642536	0.1062170887	-0.08763088384	-0.06206508454	-0.02944726828	-0.0131137062	0.0421278122	0.03678704636	-0.03265791108	0.06756675595	-0.02403255051	-0.07576415921	-0.06202620207	0.05916955756	-0.01969466958	0.04429675013	0.01802032289	0.01898042654	-0.09569232433	-0.03214980344	-0.08164170857	0.02603018048	0.01532283723	-0.0845244612	-0.08606896737	-0.06661098836	-0.07390250749	-0.06113001668	-0.08358545436	0.006960314694	-0.05498582225	0.0791748054	0.01202661833	0.01612318593	0.02378513407	-0.0258217202	-0.04049028701	-0.003447644665	-0.0960213331	-0.09488196778	-0.05879829553	-0.04961595502	-0.08738283959	0.128585444	0.00569733721	0.03404554801	0.09273448838	0.2846033277	0.4497486594	0.4764451789	-0.05910269875	-0.05516245026	-0.0003136507445	-0.04255619174	0.004743770402	-0.01154671608	-0.05851800659	0.5288270052	-0.1087965208	-0.02122716854	0.02831037744	0.03401417816	0.06592001813	-0.07851906563	0.09820846442	0.01103588841	0.2648245634	-0.1138240332	-0.06203943292	-0.01861340193
-0.3527930668	-0.3177314205	-0.297647171	-0.3408703743	-0.2988426818	-0.2476975873	-0.2786833489	-0.3342521127	-0.3476106576	0.9171942866	0.9241118826	0.9299589547	0.8429340887	2.443364307	2.403629799	0.8585227991	0.9010569614	0.9308426687	2.367150107	0.8469131443	-0.07922940827	-0.0949928799	2.890317108	-0.008531523715	-0.04277884817	2.375400129	2.372348473	2.379532257	2.424920726	-0.07044269306	2.484738859	-0.1635840036	-0.004299525451	0.8617910452	-0.08597945282	2.375410355	-0.3257264736	-0.33438056	-0.3530797552	-0.25046534	-0.1677210665	-0.2755927092	0.8747030535	0.1227022712	2.409468466	-0.1788636651	-0.05169147049	-0.1555631459	0.30168264	-0.08342871393	-0.05155836421	-0.1505419294	2.349569493	2.384153966	2.331115328	-0.05309665604	-0.05142086917	-0.08544595424	0.8926979789	0.8991773108	0.8553271103	-0.1191907536	2.405231868	-0.1336539859	-0.1553304591	-0.1264687593	-0.2662869124	-0.2130888123	-0.3201169995	-0.3470698382	-0.3320305439	-0.3108487281	-0.3103989942	-0.3359744061	-0.3393809923	-0.3538149936	-0.285633709	-0.3105732189	-0.3516661679	-0.3484487548	-0.1974913633	-0.224697368	-0.3304870124	-0.3055741614	-0.3332111848	-0.3368624424	-0.2952999465	-0.3073605613	-0.3149226328	-0.1713917896	-0.2575578882	-0.3155386125	-0.2641359994	-0.3634300742	-0.2903308621	-0.309559815	-0.307353159	-0.2997748006	-0.3404616107	-0.3357703047	-0.2990996341	-0.347889636	-0.2658821173	-0.3124566104	-0.3400205096	-0.2622365576	-0.2625361819	-0.3140733652	-0.2792026278	-0.3044918796	-0.3323909586	-0.2775278575	-0.3243113706	-0.337533526	-0.32878057	-0.3215050512	-0.3327469594	-0.3367586349	-0.3381595714	-0.313981322	-0.3195343405	-0.3138503611	-0.3002027564	-0.2015306911	-0.2824841652	-0.2599300913	0.8546870805	-0.335529838	-0.2616826151	-0.2767863249	-0.2787092218	-0.3059724969	-0.3237010091	-0.3047558452	-0.3137373092	-0.2967782469	-0.2628312412	-0.3067541902	-0.2978154532	-0.3063794027	-0.2817936794	-0.3261535676	-0.3153413922	-0.3426902148	-0.3526819419	-0.3396303773	-0.3535925314	-0.3381482623	-0.3064400819	-0.3176449678	-0.2946901763	-0.2689489237	-0.2109274417	-0.2565281983	-0.2264432055	-0.1519011288	-0.193823537	-0.1051891485	-0.2749746603	-0.1622766351	-0.1672596932	-0.3082241612	-0.1561114035	-0.341439177	-0.339871455	-0.3108759145	0.03844783226	-0.2615497625	-0.06183347212	-0.155791081	-0.2136094318	0.01244315652	-0.26229271	-0.3440208618	-0.1763720247	-0.3093024251	-0.2575672462	-0.2970185019	-0.358091502	-0.3459255891	-0.2425180201	-0.3272337504	-0.3507797053	-0.3492373263	-0.3301418663	-0.3367006149	-0.3365037437	-0.3381966337	-0.3533224986	-0.3487162993	-0.2975582336	-0.3336848009	-0.2871164375	-0.2466082151	-0.2657806614	-0.2722602276	-0.2621828728	-0.3279032651	-0.2190260285	-0.3069682001	-0.2988741637	-0.2669621211	-0.3076259544	-0.319280736	-0.2026261633	-0.2664040907	-0.2698863648	-0.1193087386	-0.222400242	-0.1365122949	-0.1300893738	-0.3484502019	-0.326301382	-0.3116085128	-0.2091219624	-0.3476178577	-0.292517468	-0.2887233282	-0.04952464397	0.8872484118	0.8438007174	-0.3343826824	-0.3283286678	-0.2854384089	-0.3510757967	0.02852015655	-0.3034952652	-0.1658213381	0.9013476421	-0.3322290465	-0.3121571568
-0.05731812898	-0.04217420591	-0.1029679757	-0.08623965045	-0.01772427219	-0.007309351967	-0.07410632826	-0.08491836224	-0.09778998423	-0.05459899102	-0.08575322993	-0.09318371846	-0.09242371415	-0.005428513169	-0.03295833714	-0.1039136254	-0.0483435691	-0.07314354121	0.06002761504	-0.07715103935	0.09243891367	0.1421722878	-0.008531523715	0.9616024618	0.6641079932	0.0187918993	0.02430026923	0.005844341608	0.007723708173	0.4854551634	0.03338356398	0.1445422468	-0.01721189723	-0.005082795316	0.1109621748	-0.05014422966	-0.1007911683	-0.107701651	-0.1138597195	-0.02617193179	0.0362283557	-0.01833538417	-0.04322141822	0.2155866448	-0.02311819188	0.06264438856	0.117738648	0.04341770132	0.2472661007	0.08653014279	0.3722885131	0.1029784292	-0.0296757044	-0.04790599425	-0.0833109967	0.5259541311	0.5414010448	0.1378514125	-0.0427099851	-0.0666536392	-0.05716026602	0.1583571415	0.02062254373	0.06809654855	0.07289513284	0.06763433828	0.008680577302	0.08907661138	-0.09186095688	-0.1032886204	-0.06696018125	0.02346770113	0.02513460204	-0.09709748805	-0.09899758928	-0.1113288168	-0.009200222522	0.04021934937	-0.1003848092	-0.08769221855	0.06114383147	0.003806895207	-0.04029054822	0.02671425495	-0.08017416797	-0.05447717869	0.003249531124	-0.02927310277	-0.07785773332	0.08852882757	0.04758364109	-0.07684890622	0.1385512687	-0.1151283512	-0.01240558168	-0.06241802256	-0.05069474942	-0.0726615773	-0.03945537908	0.02266401662	-0.07531747463	-0.09213362648	-0.0532735139	-0.02833843099	-0.01956738792	-0.04345750571	-0.01459522318	-0.02503292433	0.01255791023	-0.03259992906	-0.1038644938	-0.01804550216	-0.04646998161	-0.06883913345	-0.09755681664	-0.03883187059	-0.04127179745	-0.08146949763	-0.07040669426	-0.03916107353	-0.06837171753	-0.01856280963	0.03709955108	0.120293417	0.001794386414	-0.006668797895	-0.04636744961	-0.07970416054	-0.01056715162	-0.007518783617	-0.005779912526	-0.05434888679	-0.03077244751	-0.08687054576	-0.01610813441	-0.02346826064	0.02340894937	-0.05087613251	0.006579550157	-0.05270993919	-0.02147551747	-0.08706327062	-0.07215480564	-0.1080114644	-0.1103476807	-0.07713888523	-0.09911313828	-0.053275484	-0.07353457392	-0.07888126068	0.006147207949	0.04483416484	-0.00266300508	0.0183453012	0.02225559749	0.06386507606	0.08380048706	0.1002237394	0.01009441102	0.007569094412	0.02337313623	-0.0288750115	0.120081001	-0.1232549213	-0.1086765433	-0.07722764959	0.06775055882	0.008231647302	0.0555190489	-0.04069966831	0.04992710669	0.03422613335	0.0578567356	-0.07514938939	0.03108693316	-0.01641937665	0.01888956501	0.01426245322	-0.05962740859	-0.07826550209	0.006963743058	-0.04138101775	-0.003290576181	-0.03462996912	-0.0410939172	-0.04386028251	-0.030138347	-0.08838783098	-0.1173823664	-0.1086904363	-0.003537118453	-0.09948918177	0.05895845586	0.01443564495	-0.008490565554	-0.02832937755	0.02868289877	-0.04829413159	0.1159119002	-0.06594093571	0.0111523129	0.01752349451	-0.05991244333	-0.07359104841	-0.01686364974	0.01697093943	-0.009989758526	0.1004218852	0.0189823464	0.02566759458	0.09325601732	-0.1127989861	-0.07577833872	0.01731831214	0.0312255789	-0.02590571122	-0.01882744249	-0.04766744513	0.1282848142	-0.07556507985	-0.003015266429	0.02407879487	0.00890067729	-0.02942015319	-0.10112182	0.182712163	-0.006866597187	-0.01297253152	-0.0532076119	-0.0983309976	-0.06610296503
-0.03783578568	-0.02705828262	-0.07152358015	-0.06327288857	-0.001457442611	0.02714746911	-0.05287377424	-0.05574827154	-0.07216296724	-0.1458732823	-0.1346321476	-0.1289627223	-0.1357081093	-0.052155002	-0.08189540261	-0.1519508857	-0.1361716029	-0.1171321389	0.01282988805	-0.1614842086	0.1288494749	0.1016350805	-0.04277884817	0.6641079932	0.8885333603	-0.08062944533	-0.07196827473	-0.05184293114	-0.09365956956	0.519743849	-0.0630315847	0.1029874269	0.006867351168	-0.0009612840534	0.0547220932	-0.073850629	-0.08366734007	-0.08679561422	-0.09338480819	-0.0047502675	0.05026265016	-0.001521888766	-0.1223777367	0.2078072352	-0.09381790441	0.07694405769	0.1255854462	0.0834983634	0.2519702635	0.127934491	0.3933803157	0.05926348081	-0.07545088717	-0.05536866643	-0.1023787663	0.5564289192	0.5755979822	0.1526049155	-0.1208825462	-0.1490279798	-0.1336332897	0.1191403744	-0.03665578616	0.1008088853	0.1200830631	0.1068194987	0.02678897058	0.03370758843	-0.06412783271	-0.08398035258	-0.04735561144	-0.05405333131	-0.05231093566	-0.08024138809	-0.07281237754	-0.08663025264	0.01470720283	0.009541164381	-0.0828346272	-0.07018414127	0.07664427705	0.03056580301	-0.08884173507	0.04724694437	-0.05759314196	-0.09656602172	-0.03883661496	-0.009856270446	-0.0550765205	0.1139662955	-0.002457057872	-0.04501926752	0.1554254012	-0.09183929569	0.0140800717	-0.03678900363	-0.02768516433	-0.04706770369	-0.0893603264	-0.01948605282	-0.05357192849	-0.06824544313	-0.02445962303	0.004856712907	-0.003610124124	-0.02364296069	0.009005672064	-0.003441983389	-0.003350177048	-0.005806197782	-0.0811438282	-0.0001616908046	-0.02921095936	-0.0465267946	-0.07084726496	-0.02761402276	-0.01419115743	-0.05165726853	-0.05265757487	-0.01484760884	-0.04652096646	0.002864398316	0.04592651885	0.1546014507	0.01915355126	0.002379249889	-0.1220454699	-0.05318768044	0.01046306116	0.01677000721	-0.04997466519	-0.02961718415	-0.01372180117	-0.06041112233	-0.001736094503	-0.09189053272	-0.0344907482	-0.02772034069	-0.04980903923	-0.0296165382	-0.0002988778267	-0.06494238093	-0.03996165906	-0.08938145934	-0.08549404225	-0.0581918583	-0.07776567549	-0.03117694699	-0.04738856097	-0.04963948882	0.04020131066	0.06592194867	0.001316353263	0.03850635508	0.03555108839	0.09185040568	0.09612499085	0.1061116002	0.02425591423	0.01392716346	0.03025092105	0.001617466704	0.07845188973	-0.09773431792	-0.09168301789	-0.04695276393	0.07046769887	-0.04578934955	0.02638402969	-0.009252931478	-0.006739894055	0.05010347147	0.09395847583	-0.04862052528	0.06174745865	0.009382416052	-0.03676807684	-0.03916029654	-0.09021426959	-0.04833157872	0.03103874223	-0.02839770084	-0.03682764348	-0.07245902753	-0.008043729543	-0.01906595201	-0.006489825073	-0.07109522515	-0.09332164601	-0.08593598364	-0.057359397	-0.07422912413	-0.009613403556	0.02505222061	-0.005069659115	-0.009987629486	0.05122016765	-0.02592135929	0.1362282858	-0.04285674442	0.04249622004	0.05065142034	-0.03860482291	-0.05564121655	0.008728959572	0.03282721405	0.01804286347	0.1226336276	0.04556430653	0.06544793349	0.1284492345	-0.09042781042	-0.05430280885	-0.03987290179	0.05872910937	-0.06621000558	-0.07477467452	-0.01619496283	0.09887285523	-0.09147350447	0.004836693299	-0.01153270527	-0.03336500917	-0.01408870341	-0.08561519538	0.1829086702	0.01768155559	0.01276501442	-0.06953639541	-0.07149454337	-0.05618867911
-0.33355431	-0.3490008573	-0.3199677193	-0.3653357182	-0.2401216136	-0.2710793195	-0.2699302332	-0.2954243203	-0.3658904212	0.996539453	0.9569924352	0.9630924163	0.8995355802	2.534115325	2.466432109	0.9077929984	1.016900104	1.006122002	2.36697509	0.9629410951	-0.1460089486	-0.1160321704	2.375400129	0.0187918993	-0.08062944533	3.005740079	2.734764319	2.450422146	2.482023462	-0.06806287434	2.478704457	-0.06622375006	-0.004819045234	0.8448179034	0.01221044867	2.602206099	-0.344171932	-0.3571175879	-0.3761698336	-0.2430747859	-0.1676800558	-0.3550168541	0.9245490566	0.04171410675	2.655698246	-0.2633731903	-0.05462156575	-0.196722592	0.214928426	-0.1565752814	-0.07253350023	-0.08652507695	2.547804882	2.414323765	2.468720674	-0.05277795869	-0.08186543552	-0.194612649	0.9782737758	1.00764411	0.9334946825	-0.1505738733	2.456722086	-0.1446675482	-0.1231286899	-0.1233654461	-0.3106071546	-0.1930880401	-0.3261011228	-0.3410127786	-0.3587500982	-0.2813398395	-0.2803738644	-0.3781691819	-0.3591478623	-0.3713125052	-0.3169183067	-0.2775854993	-0.3793278893	-0.3734375206	-0.2909384142	-0.3084986917	-0.3051291225	-0.2829909911	-0.3560495662	-0.3093565229	-0.261726487	-0.3278123753	-0.3514783633	-0.2504616037	-0.2335705681	-0.3354009793	-0.2839543246	-0.3835027803	-0.3101697796	-0.3494966626	-0.3463106455	-0.3389485894	-0.3158521622	-0.3072558192	-0.3409981599	-0.3710408019	-0.2662825375	-0.3296323565	-0.317917695	-0.3089579552	-0.344425063	-0.3422211876	-0.2845415684	-0.3197359139	-0.3543077581	-0.35507122	-0.3205510431	-0.3579612078	-0.3524037012	-0.3765072318	-0.3500663781	-0.3592806194	-0.3617547346	-0.3299305007	-0.3579014355	-0.3471280145	-0.3238581728	-0.244107911	-0.3106454791	-0.3022846014	0.9062089552	-0.3552625729	-0.3434787371	-0.3524442769	-0.2648282464	-0.3448145118	-0.296329706	-0.3532636508	-0.3160626227	-0.2941491534	-0.2176135456	-0.3468389758	-0.294986174	-0.3210247499	-0.2874746834	-0.3525307457	-0.3407194073	-0.363566307	-0.3768670389	-0.3635271002	-0.3515994697	-0.3567551722	-0.3128287176	-0.3425870047	-0.3508345216	-0.1754845087	-0.2291284819	-0.2222828045	-0.163343401	-0.1595543654	-0.1493169156	-0.06470836546	-0.2140690989	-0.1527723592	-0.1050989555	-0.3297656935	-0.1501725056	-0.36233975	-0.3598589589	-0.3490718024	0.007892028151	-0.2122873574	-0.002198697699	-0.1609181713	-0.171697224	0.006529252881	-0.2342625488	-0.3677342451	-0.2167327556	-0.3576330948	-0.2099520863	-0.2828746638	-0.3317725266	-0.3727202993	-0.2563263898	-0.348332845	-0.2822248622	-0.3279081651	-0.3463372887	-0.3125522286	-0.2924376647	-0.3584975345	-0.3701199372	-0.3684972551	-0.2958112459	-0.365005863	-0.2668845042	-0.2825021981	-0.3105763281	-0.3082233891	-0.2985819418	-0.3483711341	-0.2520989121	-0.3581302447	-0.327350485	-0.3146282921	-0.3538355775	-0.3652201562	-0.247872514	-0.3505901211	-0.2801245084	-0.0856448263	-0.2157768716	-0.1565282417	-0.1939763988	-0.3649493098	-0.3307450939	-0.2851441925	-0.2557704165	-0.3145663722	-0.284938718	-0.3174851643	-0.07159007172	0.9069127946	0.8592997018	-0.3180485442	-0.3025517855	-0.3671590306	-0.3668296603	0.008224517193	-0.3178255762	-0.2121014991	0.8727343984	-0.3551831289	-0.3179558263
-0.2952180526	-0.3420279992	-0.2782077501	-0.3524895983	-0.2542262417	-0.2742408233	-0.2915060462	-0.3469240885	-0.3703348407	1.028860253	0.9373413404	0.954474497	0.8995747542	2.531717815	2.41006169	0.9150933937	1.016198134	0.9940694239	2.352800973	0.9469629692	-0.1667982566	-0.1333723087	2.372348473	0.02430026923	-0.07196827473	2.734764319	2.972205344	2.523019713	2.415404321	-0.1102115652	2.470388041	-0.07682150483	-0.02967284755	0.8289513545	-0.02113283425	2.575150171	-0.3375841114	-0.3437755608	-0.3622946947	-0.2300223283	-0.1472726845	-0.341193243	0.9331790184	0.04067627932	2.655317232	-0.2509510905	-0.01947375443	-0.1847038269	0.2011225099	-0.1816494961	-0.08137442688	-0.1115850859	2.570935606	2.416736708	2.481559542	-0.09586691418	-0.09713988285	-0.1799862481	0.9739215401	0.9754110737	0.9489235585	-0.144423204	2.523760667	-0.1394954404	-0.1491528056	-0.1412283494	-0.2990930711	-0.1847910817	-0.3423042262	-0.3613237348	-0.3577031064	-0.2850633933	-0.2844489762	-0.3737513123	-0.3569847689	-0.368843111	-0.3082614405	-0.2742096401	-0.3709351796	-0.3596923823	-0.2845411317	-0.3067876689	-0.2961291399	-0.2771289945	-0.3558813255	-0.3031578336	-0.2615853304	-0.3180748696	-0.3478418548	-0.2698743344	-0.1916457102	-0.3548076838	-0.2836877606	-0.3803966345	-0.3029965794	-0.3473705389	-0.343744892	-0.3327021423	-0.3036498878	-0.3065647889	-0.3294203054	-0.3690192993	-0.284443352	-0.3225927518	-0.3029001937	-0.3021570125	-0.3436031567	-0.3445088282	-0.2752492414	-0.2860418606	-0.3483933133	-0.3397185471	-0.3143162892	-0.3566692808	-0.3495029935	-0.3700551015	-0.3508715079	-0.3470446589	-0.3514908157	-0.323093318	-0.3500037662	-0.342065618	-0.3258400866	-0.2469109145	-0.3133683554	-0.2972956437	0.914794963	-0.3496110947	-0.3427927508	-0.374262358	-0.2608114005	-0.3371931835	-0.2973028227	-0.3455460441	-0.3074124209	-0.2850396559	-0.2130748061	-0.3443158043	-0.2893665616	-0.3204042597	-0.3037031704	-0.3142459426	-0.3331259892	-0.3581365053	-0.3643384679	-0.3494160791	-0.3674759984	-0.3550161995	-0.3283437269	-0.3343925834	-0.3666042222	-0.2212123113	-0.2202905908	-0.2656756071	-0.1909102788	-0.1574869289	-0.1733761812	-0.08416224541	-0.2405747039	-0.1756254695	-0.1296985968	-0.3195594007	-0.1530701065	-0.3554924588	-0.3574434403	-0.3076376876	-0.006187341674	-0.2253926292	-0.02827676317	-0.1748107702	-0.1839156518	-0.007858938809	-0.2223911731	-0.3641509304	-0.2141954726	-0.3092785541	-0.2229022181	-0.2772329945	-0.3257641311	-0.3650755055	-0.2746879021	-0.319480343	-0.279271156	-0.3195843343	-0.3421567672	-0.3060419791	-0.3103520975	-0.3549725952	-0.3690393856	-0.365307219	-0.2846515569	-0.3589176681	-0.2609676424	-0.2772826196	-0.3014785732	-0.2966417457	-0.2846058638	-0.3399949558	-0.2409286627	-0.3480718604	-0.3150027776	-0.3026556615	-0.3527838074	-0.3550397369	-0.2253019002	-0.3461223562	-0.2963790178	-0.1110836361	-0.2084137247	-0.1713475551	-0.2204231223	-0.3644152124	-0.3470111859	-0.2750219858	-0.2536214617	-0.3141933782	-0.2751979075	-0.3097649707	-0.09371075507	0.864998799	0.8269251167	-0.3075057306	-0.2932808752	-0.3597647991	-0.370549234	0.04750075486	-0.3182861252	-0.1956989761	0.8667022339	-0.3500642109	-0.3206197712
-0.2910268131	-0.3301912777	-0.2752043271	-0.3526938376	-0.2512477775	-0.2554162007	-0.2850074491	-0.3365543056	-0.3389832915	0.9881442064	0.9475652585	0.9575477515	0.8996833173	2.645305033	2.418235848	0.924124443	0.9426623334	1.013382132	2.402636735	0.8803315529	-0.1792140973	-0.1983307726	2.379532257	0.005844341608	-0.05184293114	2.450422146	2.523019713	2.979238796	2.418825978	-0.08730760158	2.459140941	-0.1144198196	-0.007380212419	0.8236370335	-0.05845066919	2.508628465	-0.3330774817	-0.3385004139	-0.3575515214	-0.231148481	-0.1455495901	-0.3412120908	0.9482745068	0.05723831025	2.548101964	-0.2400161562	0.004675035418	-0.1894424392	0.2007269884	-0.1774229055	-0.0522391297	-0.1453898833	2.516793921	2.418771001	2.453508361	-0.06672554848	-0.06399771496	-0.1616627116	0.961921401	0.9462243807	0.930411382	-0.1949109159	2.629241541	-0.1217497633	-0.147219672	-0.1064403936	-0.2872673949	-0.1889399878	-0.3223628511	-0.352381189	-0.3431899813	-0.2738347957	-0.2739930523	-0.3630611784	-0.3528048577	-0.3589423353	-0.3005144359	-0.3104091248	-0.3634796225	-0.3518341272	-0.2780700348	-0.3054622882	-0.3425182192	-0.2727351474	-0.3491737788	-0.3502962132	-0.3066087135	-0.3290269904	-0.3490562411	-0.267349532	-0.2356126324	-0.3548186534	-0.2675578262	-0.3628828315	-0.3078533325	-0.3478153327	-0.3459776265	-0.3365068553	-0.3534691633	-0.3376358857	-0.3351093632	-0.3630973591	-0.2803674117	-0.308785912	-0.2759956751	-0.273980345	-0.3354453146	-0.3034368255	-0.2929609927	-0.2890319663	-0.3461110952	-0.3425774992	-0.3003980373	-0.3419832606	-0.3397319418	-0.349792309	-0.3440996504	-0.3447781544	-0.3515309081	-0.3325930424	-0.3505120672	-0.3265181463	-0.2782300994	-0.2144739175	-0.2888691674	-0.2929790984	0.9229920426	-0.3458240489	-0.33508328	-0.3527825538	-0.3110914619	-0.3429346301	-0.2949224685	-0.3408547043	-0.3010609869	-0.315783807	-0.2412836592	-0.3452708783	-0.3185588253	-0.2929453674	-0.2809852234	-0.3052666264	-0.331245606	-0.3506435369	-0.3611294854	-0.3471655794	-0.3586734964	-0.3443044158	-0.3086924543	-0.3345136433	-0.3542147184	-0.2114224784	-0.216393685	-0.2625915969	-0.156553479	-0.1223287021	-0.113375441	-0.02780527882	-0.2117950327	-0.1571121816	-0.1268147013	-0.3065987151	-0.1807816408	-0.3523404916	-0.3514778599	-0.3069719644	0.01728924861	-0.2624442469	-0.0698273498	-0.1701119194	-0.2140905471	0.002341873514	-0.2164324955	-0.3565753897	-0.197614215	-0.3025655437	-0.2608028431	-0.3185159621	-0.3695601255	-0.3609465315	-0.2730890384	-0.3017123391	-0.3173089649	-0.3527825299	-0.3320064564	-0.2962993517	-0.3024069025	-0.3438055551	-0.3375049496	-0.3552680708	-0.3326746243	-0.3536650571	-0.288650844	-0.2734649927	-0.2917161974	-0.2952274298	-0.2600503145	-0.3409755129	-0.2177711701	-0.3287147339	-0.2888665464	-0.2836341611	-0.3318965041	-0.3598089047	-0.222357293	-0.3198779019	-0.2526665009	-0.07121850904	-0.2142744242	-0.1782998441	-0.2190477064	-0.3329915058	-0.3316459871	-0.3235519829	-0.2650416758	-0.3561747352	-0.3267468032	-0.3059617889	-0.121954463	0.8676213315	0.8239960107	-0.3473696448	-0.3379927959	-0.3540558467	-0.3567165169	0.06375914084	-0.3124980739	-0.1853402101	0.8682322803	-0.3470280166	-0.3144737612
-0.3196876368	-0.332798797	-0.3128183879	-0.3576049947	-0.2629318358	-0.2845329142	-0.269765634	-0.3117707838	-0.3552798734	0.9856147344	0.9448655214	0.9490857187	0.8737493344	2.440881829	2.408876204	0.8522607009	0.9818173658	0.9506161098	2.338831362	0.9055186648	-0.1575305947	-0.1059419384	2.424920726	0.007723708173	-0.09365956956	2.482023462	2.415404321	2.418825978	2.90677704	-0.08098485699	2.612991456	-0.05203418739	0.00177451484	0.8117920203	-0.01002742002	2.39996107	-0.3405908801	-0.3439263877	-0.3635188785	-0.2333278423	-0.1611405385	-0.344589637	0.9309353867	0.07213900769	2.493464227	-0.2567768733	-0.04522372943	-0.2071635186	0.2290299687	-0.1543223142	-0.07019418576	-0.07551539055	2.393842518	2.389720528	2.348548995	-0.06430870557	-0.09484346376	-0.1721589779	0.9607512229	0.9818289488	0.9193945617	-0.1467548666	2.443972476	-0.1242013715	-0.1275864926	-0.1270122823	-0.2789968098	-0.1770569652	-0.3306701555	-0.3555581836	-0.3514975095	-0.2619610755	-0.2612807754	-0.3735566359	-0.3587321373	-0.3668195139	-0.3056823406	-0.2709870722	-0.3690262362	-0.358195158	-0.2717619732	-0.301708413	-0.2898418851	-0.2780562859	-0.3555734663	-0.295646004	-0.2481236685	-0.3215172328	-0.3574541554	-0.2386591446	-0.219751164	-0.3282290303	-0.2759127498	-0.3768350005	-0.3020515306	-0.3461067405	-0.3432741598	-0.3355915186	-0.3009720497	-0.2931735545	-0.3398013367	-0.3676529051	-0.2838677081	-0.3225027866	-0.304742767	-0.300579272	-0.3391611864	-0.3329370412	-0.2665205085	-0.3156419662	-0.3442941511	-0.3481886689	-0.3029546289	-0.3526225712	-0.3493624153	-0.3621094237	-0.3541400022	-0.3508098707	-0.3564484514	-0.3289645003	-0.3567370739	-0.331065778	-0.3084673553	-0.2405662431	-0.295209185	-0.2747509547	0.9096015289	-0.349113282	-0.33734911	-0.3278333096	-0.2681115293	-0.3412709072	-0.2957267305	-0.3410900102	-0.2828243432	-0.2794066246	-0.1942897759	-0.342388222	-0.2780435112	-0.2921744537	-0.2934490253	-0.3439406945	-0.3319971842	-0.3577442331	-0.3654903262	-0.3523401433	-0.364089683	-0.3519333115	-0.3160166388	-0.330889325	-0.3449909141	-0.1999144156	-0.2208494625	-0.2354681379	-0.1590233434	-0.149357869	-0.1352363896	-0.04722178944	-0.2117106225	-0.1401963191	-0.1141523696	-0.3219817584	-0.1298083285	-0.3545143462	-0.3547430178	-0.3489418545	0.02430792641	-0.1899251575	0.01082039588	-0.1450762525	-0.1462796863	0.02033581253	-0.22943669	-0.3640629311	-0.2161434181	-0.3482485573	-0.1875231115	-0.2689954751	-0.3155869787	-0.3625568892	-0.246743253	-0.3437544588	-0.2647957835	-0.3073729178	-0.3457064929	-0.3070946265	-0.2812181881	-0.3556199523	-0.3634349962	-0.3622462872	-0.2814136513	-0.3516065431	-0.2449898976	-0.259609114	-0.280453736	-0.2867270664	-0.2736807838	-0.3426583709	-0.2279598439	-0.3456365854	-0.3126085315	-0.3055156099	-0.3401694183	-0.3595631117	-0.216857396	-0.3377367765	-0.2849985675	-0.0632280069	-0.2088760342	-0.1538661827	-0.188917733	-0.3586055475	-0.3360062724	-0.2737915293	-0.2655104183	-0.3041474183	-0.2760750071	-0.3080066058	-0.04976394107	0.8416519391	0.8225176573	-0.2979264323	-0.2841536942	-0.3611998991	-0.364736641	0.02998933884	-0.3189093451	-0.1864572369	0.8324453253	-0.3480060141	-0.3209104184
-0.04701094171	-0.02783470261	-0.07648515526	-0.05913067863	-0.0200017584	0.01623220809	-0.02724704586	-0.03957655903	-0.07541992802	-0.1103062062	-0.102567622	-0.09118072692	-0.09921423895	-0.07437480661	-0.07615564571	-0.1051394655	-0.1055647869	-0.1272185906	0.01190845866	-0.1177740885	0.1513401673	0.1332687935	-0.07044269306	0.4854551634	0.519743849	-0.06806287434	-0.1102115652	-0.08730760158	-0.08098485699	0.8904178889	-0.09273154346	0.1259014832	0.03423509734	-0.002017889729	0.06930484413	-0.09971500966	-0.08680913708	-0.09008715733	-0.09367211246	-0.001872421287	0.03195892574	-0.002710495339	-0.135227219	0.1989476327	-0.08387916314	0.07275555165	0.1312422487	0.05295462263	0.2497254178	0.1489422902	0.3802457774	0.08123312162	-0.09392884468	-0.08420915964	-0.1310840721	0.8566098366	0.7241448465	0.1477505496	-0.06735838411	-0.0861703346	-0.1187088265	0.09322075405	-0.08193305691	0.098559852	0.1260318852	0.1053595767	0.003258222439	0.01708584001	-0.08588441124	-0.1045257741	-0.04089497801	-0.05710799861	-0.05590987485	-0.07055840673	-0.09372232457	-0.09093905797	0.0006624366725	-0.01104572677	-0.08521590104	-0.08278432154	0.0858055812	0.01145026486	-0.09803498083	0.02332393218	-0.06406043615	-0.1035253442	-0.04643925215	-0.02624914257	-0.0623096283	0.1135862596	-0.01860542728	-0.02190184931	0.1561215251	-0.09883844335	-0.01150056965	-0.03804419442	-0.02552568517	-0.05793723934	-0.1005614034	-0.03027278878	-0.06048025919	-0.07551860688	-0.04193848256	5.708146411e-05	-0.01869599547	-0.03053442029	-0.001686494355	-0.002887396136	-0.01939408895	-0.01773971447	-0.08965455954	0.002692511181	-0.02042933114	-0.04501466868	-0.07505721581	-0.01027471583	-0.03129681632	-0.06469150315	-0.0135105056	-0.03651659536	-0.05403799956	-0.008016143257	0.05536257886	0.1365871836	0.02006889105	0.01262347955	-0.1351032542	-0.05810133041	0.0009691778251	0.02801845037	-0.06005646135	-0.04055935434	-0.01880794058	-0.06554521861	0.01113507127	-0.08743856654	-0.006725440037	-0.02513599025	-0.0546113432	-0.01166705518	-0.03630433606	-0.05570488823	-0.05216222823	-0.1000425617	-0.08963088782	-0.01538491898	-0.09202385156	-0.04671027588	-0.07090071257	-0.05567665394	0.05511917394	0.07242764468	-0.008898460949	0.04231546893	0.0433629047	0.1064038978	0.1077692054	0.1123569991	0.03074116063	0.02800506738	0.03939036128	-0.01505608279	0.1015273794	-0.1020954375	-0.09759420767	-0.06328157365	0.1067947087	-0.01962023562	0.03279959264	0.01179447313	0.02172158807	0.07898934892	0.06975750876	-0.06316414805	0.04637789228	0.005862395079	-0.01428166949	-0.03725403431	-0.09811851603	-0.06558114073	0.0372605482	-0.01997758581	-0.04212107225	-0.08016746483	-0.01855021552	-0.03071560644	0.01418168045	-0.07245873292	-0.09716639934	-0.09280705448	-0.06176139566	-0.06814022399	-0.01906330256	0.02422177459	0.005308854737	-0.01341776334	0.03589713728	-0.03071153011	0.1215100902	-0.05477443622	0.03342726681	0.03415219558	-0.03841148994	-0.0744042535	-0.008956447393	0.03027260712	-0.003625902542	0.132371477	0.02437424351	0.08935266253	0.1436060077	-0.09425036461	-0.0888769988	-0.05269136289	0.03489091729	-0.08003567202	-0.07933400235	-0.02605529136	0.1172011025	-0.0708248935	0.0278875366	-0.02508090354	-0.0491608648	-0.01964307424	-0.08344679429	0.1791513823	0.01132146354	0.01017947164	-0.005474683009	-0.07415557997	-0.0457863432
-0.3208702478	-0.3383483649	-0.3150706905	-0.3526420168	-0.2608554884	-0.2569252864	-0.2877116169	-0.3454675509	-0.3564781658	0.9926303762	0.9753190541	0.9621558054	0.8847905078	2.486099393	2.415072849	0.8794292521	1.00103062	0.9540682643	2.327979565	0.9456127147	-0.1722715171	-0.1307119888	2.484738859	0.03338356398	-0.0630315847	2.478704457	2.470388041	2.459140941	2.612991456	-0.09273154346	2.916949964	-0.08039815356	-0.01345500665	0.8063806605	-0.01561560016	2.425379044	-0.3379873868	-0.3413252448	-0.3597967647	-0.2165329211	-0.1399526285	-0.3418312105	0.9549901895	0.06120044713	2.493753504	-0.2455257704	-0.0395319563	-0.1854463852	0.2339357955	-0.1670084218	-0.07357186158	-0.1031340449	2.412046194	2.422897563	2.346180433	-0.07644931005	-0.07250022776	-0.1551210472	0.9787331935	0.9805318752	0.9397660711	-0.1400180517	2.472657442	-0.1056992606	-0.1393449723	-0.1348855212	-0.2724514488	-0.1660717182	-0.3310384752	-0.3568495264	-0.3517062792	-0.2514390523	-0.2509440592	-0.3747424913	-0.3532653343	-0.362209724	-0.3083490126	-0.2708186621	-0.364981682	-0.3553300574	-0.2729694998	-0.2995219356	-0.2897066747	-0.2810723163	-0.3497760798	-0.2933182673	-0.2534899253	-0.3191716369	-0.3450982591	-0.2643078823	-0.2112329792	-0.3513925694	-0.2790271752	-0.3711854908	-0.2982905342	-0.3421530383	-0.3401961068	-0.3336054066	-0.3008727429	-0.29061971	-0.334201449	-0.3653021786	-0.2846594616	-0.3271856475	-0.2959815149	-0.2935584262	-0.3358836631	-0.3299635265	-0.2700611693	-0.3097433497	-0.3453834972	-0.3437059683	-0.3063816778	-0.3473886594	-0.3445759638	-0.362972679	-0.3473040705	-0.3460065894	-0.3499343907	-0.3264631803	-0.3488753736	-0.333866275	-0.3134656787	-0.2442928396	-0.3032959533	-0.2730159996	0.9323088553	-0.3444471917	-0.3342595755	-0.353939468	-0.2597348228	-0.335358264	-0.2917141274	-0.3433142946	-0.2827738926	-0.2740055292	-0.2421143317	-0.3396564634	-0.271737351	-0.338820367	-0.2906532157	-0.3399545907	-0.3312226413	-0.3517917411	-0.3613667737	-0.3482345011	-0.3645892501	-0.3481514611	-0.3160811434	-0.3309367367	-0.3714995813	-0.2248247804	-0.2188859869	-0.2646026128	-0.1806272248	-0.181734727	-0.1524485894	-0.06729871029	-0.2350717935	-0.170244201	-0.1476064659	-0.3142535764	-0.1757488382	-0.3535356038	-0.3573907651	-0.344287897	-0.01241613426	-0.2278503525	-0.02461555701	-0.1837650079	-0.1857410793	-0.01622706755	-0.2291218987	-0.3658177444	-0.2023026	-0.3506292391	-0.2262554895	-0.2704985371	-0.3170322968	-0.3623681615	-0.2749191398	-0.3392726356	-0.2630492174	-0.3022296637	-0.3449431981	-0.3037295004	-0.3051644406	-0.3504996171	-0.3515389088	-0.3573991915	-0.2774387322	-0.354850658	-0.2455644711	-0.2598744877	-0.2778242227	-0.293938788	-0.2697925224	-0.3423041932	-0.2249152713	-0.3418256482	-0.3180974138	-0.3100407916	-0.3407463788	-0.3558887218	-0.2182977439	-0.3385974034	-0.2787428	-0.08936889091	-0.1946126946	-0.1704456412	-0.2101138757	-0.3470512481	-0.3359716835	-0.2654817415	-0.2586066373	-0.2986762522	-0.2699374157	-0.3070789662	-0.06216241474	0.836477672	0.8107081647	-0.2946627122	-0.2767302122	-0.3546553236	-0.3620883417	0.02508114044	-0.3195718283	-0.1695424232	0.839073686	-0.3494314975	-0.3264290531
-0.05842329667	-0.01601230699	-0.04331207416	-0.07998068254	0.1064149321	0.01952439682	0.03176549359	0.03409190983	-0.09144665155	-0.146732639	-0.1790263481	-0.1756885276	-0.170534106	-0.1171185646	-0.1007271848	-0.1704826115	-0.1397563908	-0.1980852305	-0.1103166127	-0.132705884	0.3043830727	0.3975998598	-0.1635840036	0.1445422468	0.1029874269	-0.06622375006	-0.07682150483	-0.1144198196	-0.05203418739	0.1259014832	-0.08039815356	0.9320279492	0.1597451893	-0.08325326569	0.4085701831	-0.1039625976	-0.01332754748	-0.005316843073	-0.04010790098	0.07591794709	0.1617850518	0.0376918291	-0.1172869222	0.01768305997	-0.07399801061	0.1494460957	0.1823059177	0.1468851925	0.08833305201	0.3190089423	0.1015290692	0.3827271137	-0.1022486968	-0.08311789015	-0.08555560562	0.1268666533	0.1066617729	0.2182004143	-0.09890283051	-0.09943526138	-0.1515471017	0.2649095913	-0.1278877418	0.2947989393	0.3452501745	0.2513461781	0.03442850743	0.0767168671	0.01261688142	-0.01481279285	-0.04983809237	-0.02551305841	-0.01874604697	-0.06287400097	-0.04049980678	-0.08225245133	0.008467720446	0.03966295489	-0.08490111062	-0.04165949014	-0.06883146134	-0.09954131822	-0.03609726504	0.007156918618	-0.101409799	-0.04462413554	0.006821175067	-0.08065816997	-0.09124160276	-0.01869980315	-0.02231020242	-0.08875834234	0.007897888669	-0.07360301387	-0.07194193807	-0.09691107338	-0.1000246839	-0.08256172901	-0.03045777712	0.119033108	-0.07343978485	-0.06583659409	0.05884743998	-0.01751374772	0.08303117236	-0.06963943588	-0.1105754986	0.009589621253	0.04319243788	-0.09100193776	-0.09281486102	0.01005748357	-0.00638467165	-0.09891326168	-0.0980442893	0.01097727085	-0.0842903271	-0.06245766089	-0.1098112186	-0.09052183694	-0.09418876585	0.02455887232	0.02797426635	0.02067638716	0.02097059528	-0.02478988227	-0.115754541	-0.02226698822	-0.1028525076	-0.06512666581	-0.005567496457	-0.0918917666	-0.04708785496	-0.1035409825	-0.01279087001	0.04936668928	0.05479627922	-0.1002979978	-0.001633599398	-0.02160676874	-0.0155918749	-0.06075958589	-0.08264802397	-0.09212600577	-0.08090316182	-0.09946664495	-0.00829775479	-0.08552600116	0.001640189987	-0.08798316954	-0.02328008051	0.1910064672	0.00343900691	0.1843743897	0.07238478737	0.09734863825	0.09614126144	0.1107111646	0.07605724694	0.06958054166	0.02804916617	0.02567094269	0.1584699961	-0.08660353533	-0.07040704134	-0.05978480669	0.04858770017	0.05704308945	0.0589187929	-0.01625080468	0.08177279552	-0.0007719434156	0.0409268628	-0.05743826079	0.04743292718	0.0003364698648	0.06028200007	0.01193045454	-0.007299501086	-0.1096008883	-0.00929691694	-0.09858853343	0.09190946909	0.01654279561	-0.04350011586	-0.05576051622	-0.02113801322	-0.1030856382	-0.08478786242	-0.09799768569	-0.01927810331	-0.07915281453	0.0694026734	-0.02393203076	0.001405201865	-7.524106363e-05	0.0465966628	-0.03324702901	0.06994657053	-0.06374075347	-0.02708865721	-0.01579348431	-0.04607095266	-0.08247461186	0.07345904622	-0.07621490809	0.02605571635	0.1005637017	0.1919466641	0.2458025495	0.2222760548	-0.08486704856	-0.01881517023	-0.0120886757	-0.02667405357	-0.02214404077	-0.03865138428	-0.05015332247	0.2719383544	-0.214640625	-0.07117887557	0.0918353269	0.06395243015	0.003015493725	-0.09775599637	0.1108452961	-0.01153444803	0.09878667242	-0.2023186048	-0.06213412454	-0.06601819847
-0.07007879271	-0.003649045052	-0.03439927423	-0.0182602907	0.04831932242	0.04781482183	0.2121630888	0.08823521589	-0.08304880359	-0.1841040288	-0.1609411407	-0.1604317862	-0.1493136786	-0.005859198419	0.01428453045	-0.1445760418	-0.1790057861	-0.1636582316	0.01455067391	-0.1575750863	0.313479381	0.3207008636	-0.004299525451	-0.01721189723	0.006867351168	-0.004819045234	-0.02967284755	-0.007380212419	0.00177451484	0.03423509734	-0.01345500665	0.1597451893	0.98173087	-0.04738332927	0.3073039319	-0.03647654042	0.1197367865	0.1261296855	0.1328740043	0.2067189969	0.2077073601	0.1283728117	-0.150962938	0.01779464994	-0.01464863257	0.1467301305	0.1369327069	0.1868500095	-0.001715674326	0.3329420707	0.03989090076	0.1880439151	-0.006761438097	-0.01923191095	-0.01728192292	0.03136630621	0.01146260954	0.3593951814	-0.1188943601	-0.1341416094	-0.1637879948	0.165011934	-0.001934903585	0.2615613345	0.2693666183	0.2117697386	0.04240912496	0.1221358021	0.1455396252	0.05177325312	-0.02959112933	-0.08686956812	-0.08482249933	-0.04301970677	-0.06492759421	-0.05594687148	-0.03596711168	-0.08778668521	-0.04930799625	0.09388452213	-0.1012398428	-0.1114925699	-0.07337557676	-0.07121731063	-0.09308833999	-0.07082632145	-0.02683861909	-0.07896625332	-0.07153869999	-0.04011499714	-0.05502171476	-0.06037110145	-0.04767542517	0.04608723853	-0.104480089	-0.073225896	-0.08116530716	-0.07422037954	-0.06258133022	-0.01502959657	-0.06772636196	-0.04574565848	0.09210951499	-0.03471632941	0.02480414166	-0.03707642061	-0.0569036761	-0.01800101502	0.03878627246	-0.08028946291	-0.05521628073	0.06665436947	-0.03286234567	-0.07519685116	-0.08176656481	-0.03715684476	-0.06847490001	-0.02550754181	-0.04570108692	-0.0950154007	-0.07532962982	-0.002640066077	-0.03805399243	-0.04787670525	-0.04311647438	0.05143768537	-0.1478915222	-0.01536138536	-0.06158345295	-0.03596995212	-0.08599395244	-0.07565593755	-0.0670179147	-0.08028834795	-0.005871736814	-0.04382370932	-0.03879435695	-0.07964441184	-0.0629089264	-0.03155931668	0.1138628811	-0.04166970989	-0.0798634908	-0.07024472037	-0.03942191426	-0.04263403936	0.04142823028	-0.07301545118	0.1330053584	-0.07658846402	-0.06560430953	0.06427436363	-0.07482643613	0.02496093094	-0.09405967205	0.1112475713	-0.03752248881	-0.05480141626	-0.08581338643	-0.02487868694	-0.01590818251	0.01055919672	-0.02976230084	-0.05316058624	-0.02098740045	-0.05571318768	-0.04506350522	-0.03217834346	-0.06612858328	-0.04698643536	-0.0356220441	-0.06180347416	-0.07839349018	-0.04277867686	0.02776385329	-0.03930903773	-0.04174380136	-0.06724912961	-0.05567085545	-0.06401837395	-0.01855673464	-0.06091165654	-0.04416427433	-0.04375235979	-0.09104854908	-0.07211638192	-0.05137583091	-0.04451121559	-0.03772255526	-0.05605556522	-0.07625179018	-0.04819679583	0.02616963899	0.03339423309	0.04447831188	0.02925529553	0.01579794039	-0.03258804754	0.01031982961	-0.09968951281	-0.08431193635	-0.08260851346	-0.06549390269	-0.0831259666	0.1520575884	-0.07823557979	0.1600804318	0.04694259616	0.1655224565	0.336165486	0.3839471244	-0.03087730188	0.08409158342	-0.06110310863	-0.04586164504	-0.05472263453	-0.09633892977	-0.05286389859	0.5651801355	-0.09743469045	-0.03659611886	-0.03776082503	-0.02030547065	0.03456856169	-0.05068365807	0.09952456196	0.004888571425	0.3488347126	-0.1204360585	-0.03469571254	0.0004212563509
-0.2313458253	-0.2175719941	-0.1999647195	-0.2387565314	-0.2001201081	-0.1733381101	-0.1696078716	-0.1969758674	-0.2337308691	1.038061151	1.017492233	1.032138276	1.007324158	0.824850287	0.8439357285	0.9933831151	1.009115368	1.040541957	0.8778979195	0.9811770641	-0.007702305753	-0.02467095728	0.8617910452	-0.005082795316	-0.0009612840534	0.8448179034	0.8289513545	0.8236370335	0.8117920203	-0.002017889729	0.8063806605	-0.08325326569	-0.04738332927	1.947335311	-0.07607843854	0.8930873694	-0.2226845246	-0.2331629293	-0.2515202245	-0.1774675243	-0.1421732322	-0.1628231296	1.057627762	0.3025357956	0.874769405	-0.09865731839	-0.0565396016	-0.04516081514	0.08072643492	-0.007432256832	-0.01757580395	-0.0275065008	0.8446338706	0.8882857182	0.8578307868	0.005240008563	-0.008261993415	-0.02776518559	1.07250375	1.044898414	1.075203067	-0.04815796713	0.8242526039	-0.07314959853	-0.05456231509	0.01170024822	-0.1641753308	-0.1429398736	-0.2213584615	-0.2314639291	-0.2295575147	-0.2280335589	-0.2270645034	-0.2273029195	-0.2331835223	-0.2511302905	-0.1891950035	-0.2095428593	-0.240818738	-0.2464175243	-0.06778762347	-0.1289730731	-0.2495657878	-0.1967758615	-0.2351263916	-0.2530240844	-0.2090795372	-0.2007602738	-0.2066252005	-0.06930529286	-0.1628745687	-0.1965139532	-0.1583766467	-0.2529831073	-0.1752919386	-0.2107304026	-0.2041383246	-0.2024161627	-0.2570796821	-0.2396928527	-0.2053023054	-0.237814998	-0.1971995151	-0.2046664351	-0.2160662484	-0.1913518079	-0.1413049001	-0.2054209104	-0.1889239989	-0.1940331386	-0.237063295	-0.1665260296	-0.2285277765	-0.2308967266	-0.229421958	-0.2226299104	-0.2234495802	-0.2262689751	-0.2106896776	-0.2097670839	-0.2127642528	-0.2294251026	-0.1859871033	-0.1279671283	-0.1467575237	-0.1791358992	1.034889867	-0.2245331448	-0.1391680469	-0.1416095336	-0.1931641744	-0.2059802536	-0.2138533943	-0.2116882205	-0.2252640978	-0.1832736321	-0.146787318	-0.2060927351	-0.2142633511	-0.1504686774	-0.1789084191	-0.2185642666	-0.221065866	-0.2244568275	-0.2496056396	-0.2235135767	-0.2444932922	-0.2259541739	-0.2035492431	-0.2232290998	-0.146928247	-0.107172375	-0.1054751804	-0.1214760431	-0.07408971087	-0.05351223548	-0.09467887948	0.0139218444	-0.1227430409	-0.01278574463	-0.0283254707	-0.1888197068	-0.07231651744	-0.2410200705	-0.2256596342	-0.2078756005	0.1809965103	-0.1539894341	0.03567930832	0.0008828816897	-0.1008331248	0.1368563618	-0.1514878891	-0.2303534717	-0.1337000755	-0.1968840548	-0.1520403205	-0.2059160465	-0.2638496946	-0.241384183	-0.1463640472	-0.2168597213	-0.2628362067	-0.2640350508	-0.2261926551	-0.2300526874	-0.2146161355	-0.2308681606	-0.241997249	-0.2465625254	-0.2106447904	-0.23626928	-0.2035764213	-0.1579213727	-0.1710019597	-0.2025920973	-0.1911825884	-0.2238929805	-0.1557463228	-0.2053599992	-0.1909212218	-0.1702876088	-0.2153881853	-0.2101831305	-0.1131682581	-0.1496754266	-0.1858901341	0.01215902017	-0.114083748	-0.04914381747	-0.02032260844	-0.2385617217	-0.2280042243	-0.2181798188	-0.1109187415	-0.2603460163	-0.2174278889	-0.1993856761	0.01269044155	1.121671869	1.65382925	-0.2421488201	-0.2067544972	-0.1709705987	-0.2447034023	-6.368352734e-05	-0.189790492	-0.1051104726	1.303474778	-0.2303658388	-0.1759677745
-0.06132095161	-0.0148330549	-0.06239357463	-0.04222810786	0.1250186215	0.0174579844	0.1429715426	0.06224617767	-0.10265881	-0.09998391237	-0.1261142152	-0.1145215225	-0.1124940733	-0.05050717849	-0.03997107414	-0.09201440314	-0.08006220919	-0.1162542992	-0.08793615584	-0.06215709722	0.3982970307	0.369473508	-0.08597945282	0.1109621748	0.0547220932	0.01221044867	-0.02113283425	-0.05845066919	-0.01002742002	0.06930484413	-0.01561560016	0.4085701831	0.3073039319	-0.07607843854	0.9634694417	-0.04456053741	0.04314760611	0.007827812036	-0.01735423684	0.1323597224	0.2162508452	0.03672596306	-0.112083847	-0.001594960109	-0.01888157157	0.2068228515	0.2681133614	0.206514937	0.0397431902	0.3852215477	0.08208259733	0.3126732178	-0.05000558954	-0.02691353714	-0.003889975055	0.0685696414	0.05109850281	0.2740020425	-0.06494788956	-0.06367569339	-0.1303757485	0.309319708	-0.07196317025	0.2979520426	0.3627222083	0.2733587411	0.00720048645	0.1311210807	0.01064232709	-0.01754339066	-0.04711652368	-0.01185703713	-0.01153757179	-0.07721401573	-0.0803365676	-0.07537676166	-0.04728588385	-0.01951562712	-0.08474340483	-0.02449497804	-0.08929692166	-0.1155974533	-0.04210107239	-0.01724545691	-0.1109141118	-0.0383510273	-0.009992190165	-0.09651155898	-0.08047730524	-0.02745780679	-0.02971638374	-0.0760242695	-0.005886113356	-0.06900422612	-0.1151966959	-0.08896199788	-0.10114029	-0.07929761992	-0.02983638286	0.03557072845	-0.08040620578	-0.06555908665	0.03578594982	-0.04239119033	0.04840362137	-0.06526224133	-0.0942022118	-0.04518770438	0.03679741822	-0.09532291467	-0.08532796595	0.02003888556	0.01405886167	-0.1136187097	-0.1009695186	-0.05674503827	-0.09470902382	-0.07760318128	-0.1131259204	-0.1106055225	-0.07953972659	-0.02924169204	-0.05195064003	-0.02255545181	-0.03862713896	0.01014261751	-0.1114546214	-0.04744148124	-0.0939289749	-0.05541728224	-0.01975107988	-0.09220828115	-0.03943828315	-0.1109240957	0.008965803528	0.06821281081	0.03939848261	-0.100743678	-0.03940200634	-0.04342541564	0.001612365368	-0.08071491299	-0.09601590415	-0.1003752699	-0.09583136627	-0.1069443379	-0.03043311621	-0.1079130503	0.008977684874	-0.101611535	-0.0545558981	0.1226649453	-0.07679645119	0.0321931701	-0.02283190409	0.1418999385	0.02405797072	0.01950622835	-0.01680040236	-0.003793748885	0.05718723677	0.0007255774303	0.05997909663	-0.1003182744	-0.05087787612	-0.05679721369	-0.02588252746	0.04235016596	0.01631169654	-0.04796040664	0.05546404366	-0.03791396163	0.02117734683	-0.07625083458	0.05827017201	-0.06601790664	0.04514378676	-0.009902667924	-0.02825891136	-0.1041063141	-0.003776326737	-0.1020672804	0.05026469164	-0.007088373129	-0.06881997887	-0.03907439998	-0.03411813516	-0.08489483881	-0.0725316858	-0.09715838827	-0.02977406725	-0.06950861234	0.08520688041	-0.007648641109	-0.02107685566	-0.001355572162	0.009874795423	-0.04563478436	0.01690729721	-0.1223108004	-0.09751424114	-0.07933136653	-0.07177707573	-0.1147750021	0.1408526399	-0.08492726121	0.02280391597	0.1211755795	0.1739563744	0.292926488	0.2552337785	-0.07213583186	-0.01443607703	-0.01629697234	-0.02286717758	-0.008585542121	-0.04082440098	-0.06231588699	0.3499268468	-0.1626008795	-0.06590857728	0.02231352392	-0.00309393479	0.007240285013	-0.09659799162	0.1513948144	-0.0209159986	0.1945146919	-0.1815539815	-0.05478263946	-0.03188451097
-0.3191518193	-0.3338070751	-0.3092718231	-0.3490224594	-0.256534653	-0.2499777954	-0.2942127	-0.3417293099	-0.3524060263	1.00305197	0.9801915993	1.003691448	0.9363105017	2.581449315	2.416207623	0.9505777168	0.9823023453	1.045356375	2.33456032	0.9246668018	-0.1376785603	-0.1596334479	2.375410355	-0.05014422966	-0.073850629	2.602206099	2.575150171	2.508628465	2.39996107	-0.09971500966	2.425379044	-0.1039625976	-0.03647654042	0.8930873694	-0.04456053741	3.017849114	-0.3325739857	-0.3409299693	-0.3596362473	-0.241001109	-0.1452393529	-0.3426806607	0.9378156225	0.03690356914	2.626571137	-0.253136959	-0.01929353484	-0.1386896309	0.1929958435	-0.1437203879	-0.06822239936	-0.1175869912	2.590263972	2.559117578	2.645439839	-0.08092174856	-0.07928022712	-0.1789291997	0.9607976543	0.9915220289	0.9444159947	-0.155574434	2.50794336	-0.1038545301	-0.1103336558	-0.09014431005	-0.3023540531	-0.2122206379	-0.3438339627	-0.3564064199	-0.3524008033	-0.3188380288	-0.3183374097	-0.3711349631	-0.3501815582	-0.3589356464	-0.3014592445	-0.3194336381	-0.3671107122	-0.3556176219	-0.2689902354	-0.3023107708	-0.3419479406	-0.2791844382	-0.3458983941	-0.346886806	-0.3021979566	-0.3192806537	-0.3434124565	-0.2495000235	-0.2694126451	-0.3486272357	-0.2735911597	-0.3684157929	-0.3041437518	-0.3425633017	-0.3322297784	-0.3296963242	-0.3545116372	-0.351182842	-0.3219315515	-0.3654252027	-0.2793431833	-0.3145247493	-0.29348782	-0.288206539	-0.3228592921	-0.330045926	-0.2938044389	-0.3140698592	-0.3373046088	-0.3411717593	-0.3154950888	-0.3475095527	-0.3435015308	-0.362824627	-0.3454109994	-0.3495037237	-0.3500433	-0.3265282574	-0.3453392576	-0.33644037	-0.3126177249	-0.2405153547	-0.2996375882	-0.2939052779	0.9134052677	-0.3489329642	-0.32286571	-0.3486117706	-0.2993809644	-0.3325025943	-0.2857017866	-0.3412458881	-0.2997794569	-0.2973480874	-0.2529650681	-0.3389714513	-0.3269680479	-0.29781645	-0.3053482748	-0.3435815763	-0.3316542748	-0.3492140087	-0.362155373	-0.3481613539	-0.364541742	-0.3471363657	-0.3313145165	-0.3328045358	-0.3587507583	-0.2098047687	-0.2225133896	-0.259018254	-0.171885522	-0.1439398077	-0.1573108598	-0.06640816127	-0.2238103015	-0.1621673829	-0.1242391043	-0.3058803937	-0.186893502	-0.3440893897	-0.3512589242	-0.3402610585	0.006234146083	-0.2837637971	-0.07584763937	-0.1794835749	-0.2412812037	-0.006877562951	-0.2237474508	-0.361879406	-0.2121329584	-0.3501484396	-0.2814398628	-0.3267859606	-0.3730121861	-0.3607168987	-0.2569486787	-0.3372986055	-0.3213242151	-0.3587269201	-0.3349732869	-0.2973200818	-0.3025045829	-0.3476199601	-0.3541129113	-0.3559635138	-0.335218976	-0.3536840255	-0.3044593643	-0.2768466486	-0.2968873302	-0.2970152358	-0.2811996934	-0.3402526974	-0.243165042	-0.3442700913	-0.3171946216	-0.3040371241	-0.3438647379	-0.3519937399	-0.2166429839	-0.3256868686	-0.273703904	-0.05739137724	-0.1734845923	-0.1340906995	-0.1808999273	-0.3490698558	-0.3352220826	-0.3270614608	-0.23671589	-0.3540891897	-0.313317849	-0.3045212229	-0.1581046555	0.9180006724	0.8911381589	-0.3581324166	-0.3351791372	-0.3536145983	-0.3594518162	0.04572889758	-0.313844583	-0.2133659738	0.8695251153	-0.3466584174	-0.3147932208
0.07994545192	0.09376347751	0.115066517	0.1937767227	0.1633375497	0.06360444305	0.2041434417	0.1671133534	0.07173728768	-0.3742206233	-0.3550452896	-0.3624155989	-0.343795251	-0.3355794919	-0.3337796034	-0.3405460442	-0.3660425383	-0.3634213594	-0.3280449033	-0.3459249506	0.02151816279	-0.008466005326	-0.3257264736	-0.1007911683	-0.08366734007	-0.344171932	-0.3375841114	-0.3330774817	-0.3405908801	-0.08680913708	-0.3379873868	-0.01332754748	0.1197367865	-0.2226845246	0.04314760611	-0.3325739857	0.5279270683	0.2459939647	0.3201447594	0.2131557512	0.06838437915	0.2548919821	-0.37910895	-0.07997623727	-0.35677346	0.1756725023	-0.02175458396	0.09200700707	-0.1122282372	0.02550594606	-0.07528140904	-0.03275155216	-0.3349634363	-0.3315878306	-0.3170742897	-0.09128874072	-0.07856782415	0.04829828879	-0.3910826432	-0.3712828642	-0.3711609143	0.06368101527	-0.3399788096	0.0170839195	0.005599124312	-0.01095017201	0.1247344651	0.1340755743	0.2191272947	0.2848251713	0.08760948919	0.07096183088	0.07597405196	0.091116206	0.1031867362	0.1298519756	0.01244120763	-0.02101018704	0.1816714133	0.2909015072	-0.06022425363	-0.0246810735	0.07620366315	0.00553515107	0.05465577896	0.07580945505	0.05071271109	-0.01219886381	0.02141669488	-0.09569643794	0.03218280386	0.004056658443	-0.03573722609	0.2561238168	-0.023714931	0.0102471344	-0.01401600007	0.02639922496	0.1498719006	-0.0005203801566	0.08237241037	0.1138640495	0.1656406698	-0.00729974147	0.119223083	0.01515994867	0.006347433982	0.1265418666	0.08698279685	0.06075918502	0.1015234087	0.2086572306	0.1159152077	0.06801972645	0.08301722996	0.05390071625	-0.01314433821	0.0840000608	0.171584017	-0.01579239994	0.01351343461	0.06995853759	0.01608703618	-0.06676702171	0.001750457393	0.06407546633	-0.3704814072	0.07812882927	0.004966625262	-0.009538660821	0.002365911753	-0.01181779979	0.02703389946	0.05823081777	0.07043513237	0.02105440346	-0.0839567039	-0.01330644655	0.04732745022	0.06155949542	0.1178105117	0.1333258731	0.004444391589	0.1688662125	0.2029149555	0.1648321249	0.2770659175	0.04081729986	0.164769826	0.01704716763	0.08560825389	0.01246811835	7.074865312e-05	0.006849223935	-0.07681934614	0.02986911842	-0.08179401629	-0.1215135791	-0.06620314003	-0.04759449904	-0.05213709574	0.1120232646	-0.08708081399	0.1008987709	0.1623297131	0.0104317371	-0.1288744656	-0.05242216181	-0.1434129003	-0.09172912546	-0.08959149792	-0.1676508398	-0.08324478537	0.08960962091	0.01186781407	-0.01252625212	-0.07071987368	0.01694939717	0.09120310852	0.05970046466	-0.06193532255	0.05368850469	0.06193863437	0.0723417376	0.0006278969081	0.0679759861	0.02000222411	0.1000025459	0.1904397596	0.1278017772	0.06274291584	0.1390895356	0.04620058954	0.02086743113	0.03744459851	0.07981484499	0.0853734196	0.09169881087	0.01655309346	0.0930923417	0.04039815425	0.02091816815	0.03804994386	0.1568477315	0.08472544196	0.04590501483	0.1924768106	-0.03351850074	0.05851666803	0.03901179844	0.04804297598	0.1876263598	0.1813723795	0.1022652169	-0.05038976025	0.05328309206	0.01724582954	0.01754001931	0.05547742257	-0.330129436	-0.2153753954	0.07800124165	0.02626869784	0.2102238149	0.1221566148	-0.06352320673	0.08622380939	0.1100334989	-0.3484006542	0.1263352304	0.05523494287
0.05833923166	0.0987314786	0.1300930996	0.1372026169	0.1760429514	0.09658679987	0.2244685595	0.1902443055	0.08305466544	-0.3816611683	-0.3615755486	-0.3690169905	-0.3505570426	-0.3422369073	-0.3410370467	-0.3444918417	-0.373649925	-0.3730062207	-0.3368378625	-0.3498914991	0.01031591719	-0.02362627162	-0.33438056	-0.107701651	-0.08679561422	-0.3571175879	-0.3437755608	-0.3385004139	-0.3439263877	-0.09008715733	-0.3413252448	-0.005316843073	0.1261296855	-0.2331629293	0.007827812036	-0.3409299693	0.2459939647	0.4701767613	0.3617292591	0.2979344255	0.08293366757	0.3542133297	-0.386825284	-0.08734046014	-0.361890845	0.1307108347	-0.01624295715	0.08445871114	-0.1112867987	0.02440319694	-0.08502261026	-0.02638553307	-0.3393045127	-0.3412820167	-0.3280608967	-0.09744953627	-0.08635422543	0.05841115695	-0.3978343044	-0.3805159237	-0.380204463	0.02285737529	-0.3471435136	0.003850892051	0.005721628278	0.0002586631984	0.1354214406	0.1292035522	0.189740271	0.2387223313	0.06741492896	0.07331560478	0.07501122545	0.09234713606	0.1469463489	0.1504498405	-0.006311795326	-0.0252645325	0.1269623681	0.3289904914	-0.0626228535	-0.01288054602	0.1191950418	0.01976907263	0.1002415826	0.0566307973	0.0416418544	0.0003030892909	0.04048494889	-0.08469601552	-0.002913469134	0.003464414407	-0.01701438726	0.2558119263	-0.02663174416	0.03172199241	0.00937664595	0.02600162669	0.1519744996	0.0318952353	0.06537641006	0.09812747202	0.1079882805	-0.0001358355425	0.09720900861	0.01460122881	0.01149224671	0.1063730137	0.09171130076	0.03593934823	0.1098399252	0.3082252229	0.1096013914	0.07628513754	0.1121349697	0.03997385844	0.005721001048	0.08707212764	0.1297962877	0.006724056444	0.0210368686	0.04924247755	0.001962814313	-0.0895911392	-0.01339966115	0.05172475394	-0.3780732197	0.05532608629	0.01585143438	-0.02135946113	-0.001320937251	0.01132526212	0.02671169477	0.07808837764	0.04888704664	0.04114187056	-0.05544974731	0.01016644152	0.04887708178	0.0323164556	0.1260506627	0.09686615484	0.02184322134	0.1127462117	0.174765813	0.1501928933	0.2319982668	0.03731257217	0.1564835812	0.03483822543	0.04987758856	0.02721406177	-0.009687048164	0.002755543483	-0.06368270675	0.03507734376	-0.09097333425	-0.1378682807	-0.05863447097	-0.05423707186	-0.08168276646	0.06899200215	-0.08155095597	0.1345406665	0.1642319781	0.06139138725	-0.1404362797	-0.05425056496	-0.1176668877	-0.08321498503	-0.07770605768	-0.146363283	-0.06649071922	0.1164781466	0.01387385942	0.0174202578	-0.07395593996	0.03835759969	0.1039365867	0.07579447484	-0.04875654473	0.05597938255	0.08951259812	0.08934670998	0.002102687713	0.05052065419	0.02541408055	0.09098543715	0.1233908586	0.1189231547	0.07374107899	0.1529846203	0.05237183151	0.01429558591	0.06098398995	0.1050798203	0.0984670252	0.1314282421	0.04484526461	0.133127212	0.06267135962	0.05323259408	0.08423596077	0.1106360027	0.1172280198	0.05827023143	0.2123983612	-0.06204918086	0.0215607729	0.008550609865	0.01049669936	0.1303339929	0.1992017245	0.06355758334	-0.06944803604	0.06278558542	0.01046962447	0.0196820624	0.01140215068	-0.3432165612	-0.2298815997	0.06810519108	0.0217618792	0.2568246643	0.1450733594	-0.05402981834	0.0735023205	0.1253242404	-0.3498531939	0.1400941315	0.07053509167
0.07620129941	0.1166902932	0.1541356255	0.2358267381	0.1286674748	0.1002516424	0.2413073155	0.1734882864	0.1131707433	-0.4018298864	-0.381458743	-0.3890654851	-0.3705090245	-0.3609124401	-0.3603106425	-0.3653806343	-0.3935614707	-0.3930851261	-0.3551365406	-0.3711232308	-0.02690614425	-0.04314396658	-0.3530797552	-0.1138597195	-0.09338480819	-0.3761698336	-0.3622946947	-0.3575515214	-0.3635188785	-0.09367211246	-0.3597967647	-0.04010790098	0.1328740043	-0.2515202245	-0.01735423684	-0.3596362473	0.3201447594	0.3617292591	0.4849309174	0.2882559977	0.1025498402	0.3523276951	-0.4080461896	-0.09222831581	-0.3794286413	0.09398415061	-0.05237484975	0.08014888824	-0.1160136663	-0.01387895883	-0.08275429558	-0.03853244506	-0.3581210934	-0.3607218705	-0.3471663411	-0.1010995816	-0.08840742209	0.0372728473	-0.4177263579	-0.4015142119	-0.4000170132	0.003840181007	-0.3660564742	-0.0136371518	-0.01033023822	-0.004207525673	0.1810998201	0.1562421681	0.2905927314	0.2976391842	0.1079766992	0.06793885154	0.06969339253	0.1054355589	0.1359942485	0.1626077665	-0.002830275169	0.002743178992	0.1276872646	0.444335692	-0.06798303373	-0.03319363118	0.1164770248	0.009458271023	0.1071557901	0.07708366059	0.05782028196	-0.02082237771	0.02420831495	-0.09985462318	0.02433660851	0.001830585109	-0.04332755361	0.3762635195	-0.04340659384	0.0009675151575	-0.02130249339	0.02077674387	0.1563851606	0.02086864678	0.05120504864	0.1334990007	0.1570948301	0.02668069095	0.13497803	0.02107931096	0.004363279153	0.1105846829	0.04174002026	0.03698339715	0.156334971	0.2694717254	0.1006350928	0.07343359103	0.1104568946	0.06077981793	0.01163661987	0.08377495948	0.158217262	-0.02402158359	0.004570466295	0.04158712331	0.02056101693	-0.1118175042	0.00563701568	0.05048033406	-0.3989747444	0.0944696146	0.005796326691	-0.01440810928	-0.006487766262	-0.01966400985	0.02177582347	0.0592473063	0.08207143065	0.03492456083	-0.06184769513	-0.02058278291	0.02631958143	0.02572906803	0.1289663482	0.1101753674	0.02699546037	0.1517072156	0.1990040476	0.1630684314	0.3491759014	0.02005458559	0.1779868469	0.03992556103	0.05516817141	-0.007079909044	-0.01280796374	0.006265949785	-0.0692223796	0.01291920051	-0.08780162221	-0.1312690667	-0.05720448932	-0.08355629769	-0.05666966421	0.09649790491	-0.09117357228	0.1285167471	0.1405387298	0.03181662175	-0.1662340581	-0.04565089146	-0.1215262975	-0.08643186567	-0.08204182265	-0.1745331256	-0.05187069632	0.1219760296	0.003675918136	0.01846956806	-0.06433780979	0.04279542789	0.1113245453	0.08833849744	-0.06898882098	0.07204155562	0.07954847362	0.1050385024	0.0460863415	0.06894899698	0.03023536869	0.1255275648	0.1635660391	0.1241526127	0.05283580914	0.1855181152	0.03645202337	0.04348932779	0.05607023935	0.08392830069	0.0973665865	0.1482728067	0.01342865475	0.122012387	0.04823503741	0.04791553472	0.03801826805	0.1203807355	0.0954550811	0.04630898903	0.3332289085	-0.05969370732	-0.00741911128	-0.01731666432	-0.006193001977	0.1697968523	0.2511150552	0.05205801069	-0.06505334541	0.09213420343	-0.001538728347	0.02328770803	-0.007278802946	-0.3638774739	-0.2475560182	0.09507740546	0.0527172434	0.2062488361	0.1368082607	-0.07560666815	0.08157638344	0.1266152424	-0.3707260868	0.1721092895	0.05131205601
0.03784978361	0.01811860959	0.0541724572	0.07680648742	0.193403449	0.1192882874	0.2040979343	0.09977567587	0.004489689186	-0.2712405352	-0.2517697123	-0.2617526909	-0.2444843678	-0.2341673038	-0.2296217875	-0.2328293778	-0.2630826425	-0.261336141	-0.2766644755	-0.23777013	0.1305452076	0.1188992312	-0.25046534	-0.02617193179	-0.0047502675	-0.2430747859	-0.2300223283	-0.231148481	-0.2333278423	-0.001872421287	-0.2165329211	0.07591794709	0.2067189969	-0.1774675243	0.1323597224	-0.241001109	0.2131557512	0.2979344255	0.2882559977	0.637134667	0.2520691482	0.2927265141	-0.2549150558	-0.02196071775	-0.2496734507	0.08495582774	0.09854231838	0.1112122427	-0.06820582598	0.1387612146	-0.001226044772	0.008980202064	-0.2405134071	-0.2296968979	-0.2120720312	-0.01238615021	-0.001405919319	0.1874991803	-0.2607140293	-0.2760358392	-0.2545393722	0.02047444069	-0.22139389	0.1830211269	0.1928376786	0.02595159427	0.1077421163	0.1117374262	0.1721527333	0.1557726036	-0.01164942324	-0.0113317762	-0.009448561293	0.009221285576	0.05889530372	0.06017670808	-0.04702352129	-0.03294386193	0.03464471428	0.2654051297	-0.09150839357	-0.05754613479	0.04931101334	0.04087205472	0.06115091521	-0.01529250953	-0.04417093313	-0.01763112339	0.003492467194	-0.08966038774	-0.06990908542	-0.02585135583	0.01377082106	0.1822261305	-0.03841853647	-0.01389401075	-0.02517816913	-0.01465095936	0.05656383875	-0.02905637847	0.03319516248	0.0213302127	0.0721798078	-0.03734147921	0.1009788225	-0.03555357003	-0.02477867659	0.050989066	-0.01880126908	-0.01223407458	0.02996480752	0.2443143389	0.109704737	0.008978185199	0.02563004585	0.02747404034	-0.02192908463	-0.008509355708	0.05356206156	-0.02869656793	-0.01387049841	-0.007840868185	0.004118713238	-0.04629607146	-0.02169111227	0.02260709646	-0.2505592094	-0.001311833895	-0.02660856519	-0.05035186341	-0.0423698063	-0.02581379152	0.01278248414	0.01253737038	0.06931998875	-0.05520676087	-0.09491002232	-0.02439103726	0.005900882469	-0.02881915702	0.1215798743	0.03324124306	-0.01178266274	0.03993469526	0.08037710775	0.05886137802	0.1590811494	0.004485495002	0.1579755131	0.001477848371	0.01350143039	0.06760311489	-0.003403898458	0.03777649485	-0.01373559111	0.0962967483	-0.02667601164	-0.05437242289	-0.01814724167	-0.05181846068	-0.01048677346	0.06879595275	-0.08870714667	0.0271375982	0.04079475561	0.002448070569	-0.09446672676	-0.09036473828	-0.09293955312	-0.08460827999	-0.08509411759	-0.1221393369	0.009554185418	0.04165112832	0.04664899655	-0.02108383908	-0.09451744605	-0.008216025052	0.002687575355	0.01156303511	-0.04468873777	0.01024748056	0.03426730377	-0.008318613007	-0.009052039121	0.03155318472	0.0336169893	0.01361913322	0.04791711661	0.0244538651	0.0168163264	0.05966580265	-0.02546052031	0.004091905581	0.009609116451	0.02472786619	0.06586646276	0.1022956561	0.06794872613	0.04665473438	0.02225064296	0.03383752573	0.03938910974	0.04499585653	0.1243088022	0.01526378146	0.1960507833	0.02312599302	0.1163445387	0.1058577314	0.124681104	0.05215519573	0.1220897635	0.02603002725	-0.06490410671	-0.01651184147	-0.01299220784	-0.006914434311	0.1196402311	-0.2813624043	-0.1718537432	0.008010618342	-0.01013008103	0.1654558291	0.03146520473	0.05214406226	0.07876689283	0.2709287625	-0.2887907595	0.0641528994	0.01345299595
-0.01088682086	0.04339914359	-0.002699284855	0.01074385634	0.1877860363	0.1223777704	0.1144679495	0.06432112048	-0.03292610348	-0.2017443107	-0.1915836001	-0.1990328258	-0.1912375765	-0.146423338	-0.1453549299	-0.1637033463	-0.2003636865	-0.1964580273	-0.2162586282	-0.1826216046	0.1759202846	0.1500144826	-0.1677210665	0.0362283557	0.05026265016	-0.1676800558	-0.1472726845	-0.1455495901	-0.1611405385	0.03195892574	-0.1399526285	0.1617850518	0.2077073601	-0.1421732322	0.2162508452	-0.1452393529	0.06838437915	0.08293366757	0.1025498402	0.2520691482	0.7452408687	0.0751403895	-0.189012109	-0.02249393315	-0.1635860344	0.06716571831	0.2117023951	0.1513777256	-0.01763942469	0.1781706945	0.05183545477	0.08652379432	-0.1670545187	-0.1330874065	-0.1347467327	0.02925252324	0.03210409183	0.2400930644	-0.1958139689	-0.2068553989	-0.2094331071	0.03852284812	-0.12910421	0.2316218929	0.2278792176	0.08003397488	0.06997080642	0.1345084625	0.1156056455	0.08088112388	-0.02498713058	-0.07273676944	-0.066171863	-0.0007747031709	0.00137905595	-0.01498370249	-0.02568226507	-0.04535682589	-0.02883770836	0.09023733071	-0.0798196627	-0.08049288457	-0.01984520736	0.0107953689	-0.007400938428	-0.05843378453	-0.02973939256	-0.04456452411	-0.01863423584	-0.06084459458	-0.07086472893	-0.06082416628	0.02752748805	0.06398629525	-0.0635308199	-0.0401852934	-0.04157649458	-0.0377778328	0.0008969337244	-0.01665927829	-0.01356842534	-0.011098333	0.08270182855	-0.01584221759	0.1005681833	-0.01118160065	-0.05275011906	0.03639650634	0.04406878776	-0.02393383896	0.0110838138	0.09194342316	0.08592612784	-0.04952867003	-0.03877945831	0.009703526225	-0.02703881606	-0.02468434514	0.003560210014	-0.05198428011	-0.03354003345	-0.009148829236	-0.01791301697	-0.0235615207	-0.01046135559	0.03964159511	-0.1863313698	-0.006609761513	-0.04654394529	-0.0649723687	-0.05501202151	-0.02964325323	-0.002387775016	-0.04734352807	0.07115388567	-0.04242290242	-0.01807025178	-0.04256521504	-0.04005555	-0.03548472981	0.05966768593	0.006131178898	-0.01588572284	0.01256758012	0.0127097586	0.005946095581	0.09143987059	-0.07802100038	0.08383700986	-0.008051498914	0.02265791493	0.09503008013	-0.006711990131	0.05623085522	-0.003185938171	0.1597767724	0.004651492009	0.00623186617	0.008908829407	-0.04423415073	0.01161615443	0.02158548983	-0.01455066366	-0.01456802295	-0.02962517817	0.00611884217	-0.07817726981	-0.01958264071	-0.03881325978	-0.01734024078	-0.0269838233	-0.05878893393	0.0317643636	-0.008993927049	0.07936661857	-0.03854271816	-0.02009635121	-0.0149870101	-0.0231573334	-0.03616079548	-0.01408498561	-0.04121089001	0.03402586171	-0.02524601731	-0.02782279422	0.01701443682	0.02299340837	-0.01058065783	0.03645645416	-0.04680541596	-0.03291586085	0.02024520717	0.01438480737	0.02178484584	0.01595732956	0.02151044615	0.06029979388	0.04190780827	0.05556226451	-0.01991354633	-0.01866525054	-0.005343187229	0.004364851199	-0.01341899901	0.3676062819	-0.05016482121	0.1371045914	0.02568723007	0.1602767417	0.1776147542	0.1533399359	0.04480710566	0.1184865521	-0.03244335686	-0.03753486318	-0.03412631806	-0.05345942565	-0.01468854622	0.1730860281	-0.2209969904	-0.1437847329	0.002450352873	0.0004621623313	0.03542050318	-0.03383483148	0.1380478433	0.03634547706	0.1866362497	-0.2354578551	0.0414158062	-0.0209052782
0.03766618763	0.05424537899	0.08583373516	0.1300633347	0.1668748198	0.0817066537	0.2056840318	0.1533689453	0.03226825284	-0.3773306059	-0.3574263809	-0.3665053322	-0.3475424598	-0.3448328691	-0.3288123039	-0.3308916576	-0.3683815082	-0.3689750011	-0.2471048366	-0.33545766	0.1659175941	0.132583776	-0.2755927092	-0.01833538417	-0.001521888766	-0.3550168541	-0.341193243	-0.3412120908	-0.344589637	-0.002710495339	-0.3418312105	0.0376918291	0.1283728117	-0.1628231296	0.03672596306	-0.3426806607	0.2548919821	0.3542133297	0.3523276951	0.2927265141	0.0751403895	0.6248758243	-0.3806551662	-0.02065089863	-0.3602344054	0.2954833333	0.03008271749	0.1430699638	-0.04371241129	0.1824313058	0.00809493854	-0.02500692551	-0.3371019778	-0.3466663146	-0.3270546249	-0.01224183853	0.001375983141	0.2205110906	-0.3863812601	-0.3782303066	-0.376455789	0.1643571665	-0.3494237886	0.0249514048	0.02889896631	0.002638680514	0.1126426526	0.09230287624	0.1816183731	0.2624388161	0.03769376261	0.03719223801	0.03885682112	0.0777671815	0.07362587491	0.1103346768	-0.03781375574	-0.04054248693	0.08079270937	0.3256323804	-0.006625079104	0.02397212318	0.07223797229	0.01594716291	0.08118213693	0.01645458487	-0.01924767223	-0.004619969729	0.05254613638	-0.0422857504	-0.02609431708	0.01168834245	0.02935626518	0.2466850605	-0.02279680813	0.02695266631	0.01018808834	0.02773230481	0.07874682251	0.01958863237	0.05840251498	0.06791700383	0.0960032386	-0.05431285615	0.1028203713	0.01572788166	0.05515477191	0.06130700019	0.03404570326	0.01228606296	0.05015383664	0.4288994553	0.05535494754	0.01863194189	0.04839470264	0.02412956965	-0.006289619935	0.02896294645	0.08622857921	-0.01276436272	0.0313572894	0.0175310751	-0.004183301674	-0.06565176494	-0.0254274463	0.0004701001446	-0.3727540414	0.01956631941	0.05895894967	0.02581302579	0.007468191257	0.01109824303	0.009672675438	0.06304471007	0.01182082099	0.03059374755	-0.07877443131	0.01095964073	0.03516198597	-0.0261257573	0.09847337296	0.05331909327	0.002530951081	0.07480437146	0.1278569457	0.09334094522	0.2238647003	0.01098422691	0.1458592532	0.01546680503	0.1044088296	0.04211134308	-0.002357246205	0.02285958067	-0.05653957465	0.03965317086	-0.08345364719	-0.130943247	-0.04786288639	-0.05659533489	-0.06974297821	0.06703325529	-0.05220168802	0.05693602718	0.1080526228	0.06571243882	-0.1150959022	-0.06812116736	-0.1118945524	-0.08042182985	-0.07295407844	-0.1287919072	-0.07785894973	0.09702617731	0.01173608699	0.008696801295	-0.0703534347	0.01699071496	0.05761336902	0.03374066745	-0.067507599	0.02023383	0.06408619772	0.03959727746	-0.01766437713	0.01790719351	-0.004148027824	0.04537960646	0.0771542956	0.05541275366	0.06324973068	0.0900877803	0.01221874339	-0.0137028521	0.007284582614	0.08801009098	0.05216818207	0.09713033978	0.01616843182	0.08550332087	-0.005311963274	0.0114314326	0.04960039733	0.09174819109	0.1238434895	0.1227176832	0.2075607104	-0.06219153492	0.04742073883	0.005530468402	0.152159765	0.08479603917	0.1595477264	0.06261972847	-0.05827052535	0.03729578563	0.01797014791	0.00204600599	0.1595507019	-0.2613816627	-0.162983718	0.02723818053	-0.01100799191	0.347569546	0.08587388588	-0.07518157651	0.02992089585	0.1270603899	-0.2558270954	0.09344101139	0.02646480268
-0.3255800502	-0.3455408732	-0.3340320912	-0.3937467384	-0.2889383163	-0.2341317792	-0.3448393258	-0.3748615903	-0.3923509618	2.854829895	2.738700669	2.771665917	2.681831526	0.9365424641	0.903951177	2.659825721	2.793942224	2.797132294	0.7618288403	2.671937452	-0.2207123916	-0.1597022932	0.8747030535	-0.04322141822	-0.1223777367	0.9245490566	0.9331790184	0.9482745068	0.9309353867	-0.135227219	0.9549901895	-0.1172869222	-0.150962938	1.057627762	-0.112083847	0.9378156225	-0.37910895	-0.386825284	-0.4080461896	-0.2549150558	-0.189012109	-0.3806551662	3.306785974	0.1114714539	1.004878895	-0.270913694	-0.08782417963	-0.2351191279	-0.008603168199	-0.2049176832	-0.1474888744	-0.1257630541	0.9632469149	0.9399808303	0.8761799595	-0.1234203493	-0.1276271578	-0.1885068511	2.970188373	2.839342628	2.951431984	-0.1885521643	0.9476601708	-0.1437401537	-0.1620962716	-0.1581128494	-0.3241646215	-0.2007389556	-0.3788119306	-0.3984860019	-0.3946825664	-0.3088178181	-0.3089289277	-0.4082847487	-0.387225587	-0.4056014984	-0.3155335814	-0.2807879549	-0.401649652	-0.3984799732	-0.2606433742	-0.3104698524	-0.3041360132	-0.2819101632	-0.3912475028	-0.3090239223	-0.2709592894	-0.3521479606	-0.3863410244	-0.2475904794	-0.2005822083	-0.3921120355	-0.308460161	-0.4174092431	-0.3256962554	-0.3872538737	-0.381860054	-0.3622651944	-0.3215180005	-0.3238689319	-0.3639954309	-0.406100866	-0.3354075967	-0.3520693267	-0.3163090343	-0.3388022536	-0.3330929423	-0.3661498856	-0.2839083891	-0.3202686344	-0.3778302845	-0.3854213567	-0.3410499879	-0.3891151791	-0.3776943846	-0.38774854	-0.3782336196	-0.3843045533	-0.3885985843	-0.3611428627	-0.3893469136	-0.3577360348	-0.3325096358	-0.2642556691	-0.3003363169	-0.2797833071	3.210152927	-0.3916584416	-0.3325681015	-0.3424994398	-0.2701112537	-0.3812845973	-0.3234832881	-0.3736207525	-0.2931141358	-0.3225834778	-0.2042251399	-0.3829562154	-0.3015100139	-0.2857025863	-0.3359213576	-0.3562721034	-0.3624732003	-0.3927936581	-0.4061439017	-0.3932043037	-0.4072645417	-0.3875074446	-0.363683394	-0.3632226316	-0.3895591861	-0.2246480086	-0.2523525316	-0.2931462609	-0.197863219	-0.2205393929	-0.1851180313	-0.0630521736	-0.2380926177	-0.1639872811	-0.1326772146	-0.3170698505	-0.1294629306	-0.3847850062	-0.3905741542	-0.3479507619	0.04939960958	-0.2320477036	0.0146051682	-0.1563674952	-0.1815934389	0.04068171204	-0.2273648777	-0.3938441388	-0.2868239324	-0.343238296	-0.2262894519	-0.2949755491	-0.3543126264	-0.3956330674	-0.2796589678	-0.3522771	-0.3068319174	-0.3505729459	-0.3659180702	-0.3314644475	-0.346031768	-0.3915879679	-0.4047441038	-0.3979016629	-0.2985989848	-0.3994735579	-0.2621865186	-0.2686653199	-0.2839812374	-0.3352808551	-0.3170628955	-0.3808897411	-0.2767203765	-0.377321708	-0.3337350525	-0.3243863747	-0.380511121	-0.3922385889	-0.2446798547	-0.3140147982	-0.3207526164	-0.09203721176	-0.2117410671	-0.187765134	-0.2323363619	-0.3995882681	-0.3859312412	-0.2835819687	-0.2496477235	-0.347028358	-0.2846907158	-0.33450829	-0.02477191488	2.589117078	1.060495783	-0.329259913	-0.2885409178	-0.3881777321	-0.4012680096	-0.02744191102	-0.3449942793	-0.2337603432	2.606427047	-0.3925687718	-0.316261649
-0.08649403667	-0.04963916836	-0.07463424054	-0.08306643864	-0.0752241148	-0.03462369788	-0.03305668601	-0.06291642685	-0.06589071101	0.03662708887	0.02605730686	0.04297682984	0.002086852927	0.04288242228	0.06954771207	-0.01081002522	0.006505192835	0.03148491995	0.1030575833	-0.05817258008	0.1072576435	0.09425984095	0.1227022712	0.2155866448	0.2078072352	0.04171410675	0.04067627932	0.05723831025	0.07213900769	0.1989476327	0.06120044713	0.01768305997	0.01779464994	0.3025357956	-0.001594960109	0.03690356914	-0.07997623727	-0.08734046014	-0.09222831581	-0.02196071775	-0.02249393315	-0.02065089863	0.1114714539	1.081972992	0.09031591263	0.03390586351	0.07304555894	0.04985724154	0.1974412641	0.1158210758	0.1790989615	0.1141025828	0.06316187377	0.07593145382	0.0006108998272	0.2033961343	0.1882708093	0.1127673324	0.07677325148	0.04448431084	0.1391352561	0.06128303988	0.0670436612	0.01899338634	0.07406292806	0.1659482004	0.00283671125	-0.02174565773	-0.06891292843	-0.09835745121	-0.06399930941	-0.05934049307	-0.05846975915	-0.06704275159	-0.07663997306	-0.09985536228	-0.02939035035	-0.0400906737	-0.08528424598	-0.08035591431	0.09440664396	0.02746360105	-0.09971798393	-0.0387452896	-0.07343132612	-0.1021851241	-0.03946217404	-0.03578797531	-0.06336868502	0.101465748	0.01108314602	-0.02850018051	0.01286072338	-0.09531862132	-0.009220671515	-0.0473340776	-0.03390429479	-0.04981131076	-0.1054946718	-0.09267893303	-0.0431266828	-0.08221594948	-0.05839338097	-0.03397301529	-0.09358951451	-0.05147136108	0.01613847416	-0.04298166031	-0.04698845474	-0.02505678816	-0.0753339668	-0.02058332185	-0.08101438365	-0.06437531344	-0.09189944914	-0.05149107105	-0.04129175087	-0.06281801762	-0.06445428112	-0.0418279596	-0.06218091979	-0.07375907827	0.003910789609	0.05160624013	-0.02689433579	0.003827220495	0.105308863	-0.06044417037	0.0171198993	0.0159404517	-0.04580878987	-0.04341012401	-0.07254525237	-0.06094081535	-0.02032726327	-0.06172913382	-0.007148534437	-0.03754483633	-0.05130249444	0.0170152325	-0.02366348454	-0.07004237388	-0.04242071266	-0.07561769788	-0.09102677637	-0.06157272457	-0.08802386063	-0.05750415475	-0.05780608873	-0.04245722984	0.01720916989	0.05658582068	-0.018914263	0.02578259892	-0.01548145959	0.09089202794	0.004642837764	0.04171015977	-0.02330555488	0.03670777477	0.0740692967	-0.01622010845	0.08205189503	-0.09494677944	-0.09335307843	-0.0575647719	0.1681404355	-0.02322458814	0.01430554497	0.006348814206	0.01336287392	0.05499230191	0.007627829431	-0.06910720042	0.01404037711	-0.01827380787	-0.01941538819	-0.05149113278	-0.1156519457	-0.07609485664	0.006831320836	-0.0419389066	-0.1126054954	-0.1116944714	-0.05788763316	-0.09037016916	-0.05242437578	-0.08441622405	-0.09847556865	-0.1020721027	-0.05314562476	-0.08053979595	-0.02300464682	0.02831982594	0.007223754646	-0.04580751617	-0.03844721515	-0.04951977073	0.008434666582	-0.05110992236	-0.02256639207	-0.008197351309	-0.05084240228	-0.04298487113	0.04244904889	-0.02577289046	-0.03864482282	0.1583535045	0.01098930468	0.06859492697	0.1008271279	-0.09310045505	-0.08038954228	-0.04470077034	0.04158196374	-0.1050752185	-0.07694698971	-0.03088106068	0.08067494408	0.09781006473	0.2943991116	-0.07784666533	-0.02166218715	-0.03402192913	-0.1080268233	0.1384345	-0.03447808997	0.02715461321	0.2151146013	-0.08503919672	-0.0112555848
-0.3132881327	-0.3502135494	-0.2948958748	-0.3716453905	-0.2722049799	-0.2653993288	-0.2721672363	-0.330231405	-0.3693866493	1.055211917	0.9680228337	0.9847599034	0.9258247898	2.576160121	2.438298849	0.9491700544	1.038034484	1.043797703	2.362613482	0.9597557961	-0.1268455803	-0.1265900656	2.409468466	-0.02311819188	-0.09381790441	2.655698246	2.655317232	2.548101964	2.493464227	-0.08387916314	2.493753504	-0.07399801061	-0.01464863257	0.874769405	-0.01888157157	2.626571137	-0.35677346	-0.361890845	-0.3794286413	-0.2496734507	-0.1635860344	-0.3602344054	1.004878895	0.09031591263	3.067764843	-0.2693375801	-0.03801214169	-0.181970143	0.2250708544	-0.1535801833	-0.09066376112	-0.1027391352	2.577465117	2.457490006	2.531235357	-0.06477098844	-0.09230241396	-0.1800376083	1.043783053	1.041048269	1.014837675	-0.1767541638	2.529305408	-0.1496110732	-0.1305058683	-0.122002451	-0.3034565643	-0.1833312958	-0.3520311212	-0.3708929237	-0.3666974434	-0.3120798581	-0.3116815411	-0.3858045205	-0.3694818735	-0.3798495248	-0.3144002288	-0.2860787061	-0.3816479062	-0.3745878849	-0.2923034673	-0.3259285032	-0.3193409508	-0.2896124406	-0.3676750042	-0.3219330337	-0.2844212187	-0.3343455051	-0.3571015278	-0.2499571802	-0.2193401263	-0.3389251311	-0.2847281687	-0.3884043068	-0.3253186548	-0.3552194217	-0.3445957197	-0.3424852783	-0.3371448249	-0.3231152905	-0.3373664873	-0.3805872008	-0.2966976465	-0.3258718558	-0.3092749452	-0.301878828	-0.3424881265	-0.3453690153	-0.2945275701	-0.2995164378	-0.3522276352	-0.3607459948	-0.3303045409	-0.3646139828	-0.3618622904	-0.3764328906	-0.3618929229	-0.3642960249	-0.3683340158	-0.3372468834	-0.3599179288	-0.3519602236	-0.3211651572	-0.2591474257	-0.3037256235	-0.3113040261	0.979787715	-0.3621197801	-0.3414672515	-0.3431780906	-0.2756457507	-0.3474932367	-0.2995989571	-0.3579328358	-0.322492774	-0.3091660896	-0.2011002641	-0.3517825885	-0.3011344929	-0.2923150608	-0.3111225561	-0.3298621609	-0.3454733229	-0.3701627731	-0.3802168793	-0.367042651	-0.3784715554	-0.3635658337	-0.3390332444	-0.3457318844	-0.3463986461	-0.2065884392	-0.2354050108	-0.2528179641	-0.1668107362	-0.147727031	-0.1627015859	-0.063039353	-0.2185884785	-0.1577903529	-0.1175391383	-0.3230566026	-0.1360142058	-0.360476243	-0.3724090309	-0.3202720832	0.02214713171	-0.2261019403	-0.03023364682	-0.160141323	-0.1874981531	0.004553094702	-0.2261097362	-0.3783900994	-0.2316229053	-0.3265711969	-0.2237623982	-0.2954243077	-0.3539322304	-0.3790406128	-0.249219866	-0.330994662	-0.3050772801	-0.3410897613	-0.3494289705	-0.3173053086	-0.2974549307	-0.367514188	-0.3723760406	-0.3762906645	-0.3087834985	-0.3758662114	-0.2812390287	-0.2930520406	-0.3194047444	-0.3165941067	-0.2904806346	-0.35480665	-0.2452072436	-0.372346803	-0.3375369787	-0.327837626	-0.3602022528	-0.3645699012	-0.2375813683	-0.3473760257	-0.2804345447	-0.07367111258	-0.2182989897	-0.1485307811	-0.1951262337	-0.3677389079	-0.3597088486	-0.3021859424	-0.2612451476	-0.3349226254	-0.2926709056	-0.3218964429	-0.09433462315	0.9213815667	0.8772513526	-0.3328220409	-0.3229154519	-0.3754054978	-0.3780629278	0.02459701124	-0.3296134214	-0.2094887449	0.9412757497	-0.3613205883	-0.3326202338
0.001934432363	0.03383768984	0.03078886531	0.01509970464	0.1319443537	-0.002433273191	0.07061566504	0.07921607536	-0.02408582508	-0.2711847723	-0.249291167	-0.2599404614	-0.2444986247	-0.2420550497	-0.2341292136	-0.2490125553	-0.2634041826	-0.2696344555	-0.1543160117	-0.2531560567	0.2699620793	0.2738590744	-0.1788636651	0.06264438856	0.07694405769	-0.2633731903	-0.2509510905	-0.2400161562	-0.2567768733	0.07275555165	-0.2455257704	0.1494460957	0.1467301305	-0.09865731839	0.2068228515	-0.253136959	0.1756725023	0.1307108347	0.09398415061	0.08495582774	0.06716571831	0.2954833333	-0.270913694	0.03390586351	-0.2693375801	0.7689966173	0.07191834054	0.1963604593	0.0498624636	0.324542417	0.08551819415	0.1122695051	-0.2514301861	-0.2554344951	-0.2417465045	0.0772610498	0.09157303842	0.3604474922	-0.2730277344	-0.2639499662	-0.2936048588	0.3187748722	-0.2455282856	0.119036391	0.1253864653	0.1324766797	0.09619224043	0.1508436974	0.040553068	0.1108149514	0.01603083454	-0.01820826588	-0.02037771227	0.03306084198	-0.01293891491	0.02500432807	-0.0003817195242	-0.07842313301	0.04405050936	0.1206268539	-0.004255540054	0.03044885302	-0.01343528599	-0.02067866234	-0.005062625225	-0.04748063719	-0.02844019927	-0.01065855949	-0.005903607872	-0.0130860098	-0.0145921327	-0.02148616078	0.02852922057	0.02515081119	-0.03013535094	-0.006098629327	-0.01635254098	-0.004764699112	0.03331965736	0.0005754152452	0.001414198983	0.03459137107	0.1010683689	-0.03338106399	0.02953991075	0.009374570971	0.03169270265	0.007688101289	0.06448619026	-0.007112461832	-0.01020492144	0.2862941598	0.007087995185	-0.03102574271	-0.01745055128	-0.01275528934	-0.02414694401	0.001305651409	0.03663711435	-0.0312727203	-0.009112689653	0.002968696374	-0.01757064815	-0.0106303223	-0.02872985903	-0.008659035661	-0.2647873036	0.01104396187	0.03932903104	-0.001223167732	-0.01133601867	-0.01441386014	-0.01567899398	0.0002677765448	0.003666719508	0.0634551304	-0.05125069898	-0.01368717867	-0.009327487046	-0.03405161995	0.03145523757	0.02438507727	-0.02563581234	0.0402854201	0.04515878809	0.03708508154	0.08359837347	-0.01002469431	0.03493531242	-0.03026500473	0.05800210555	0.07288231934	0.004745112573	0.02183815322	-0.07449035789	0.08029333596	-0.06208076321	-0.07186948142	-0.05516609662	-0.01552724867	-0.0227356194	0.08184738727	-0.02255513821	-0.02595894249	0.07601905094	0.04715389359	-0.07199979437	-0.05020842614	-0.1073902474	-0.05822109532	-0.04287856696	-0.07034810998	-0.07789007895	0.04159595614	0.04172572555	0.0007069875691	-0.04959366924	0.003925531927	0.02578444702	0.04036561983	-0.04911006665	-0.01615185272	0.04608085218	0.004797398377	-0.04698818666	0.03305039705	-0.03254721625	0.05326216643	0.02193490642	-4.808051239e-05	-0.006743414322	0.006539973888	0.02630906973	-0.02764357735	-0.01269527616	0.04988054031	0.001242603555	0.03621972482	-0.02650960035	0.01092891574	-0.08424537066	-0.05908495712	-0.01307532566	0.03135419687	0.1404737575	0.08537810911	0.04213465102	0.003879149241	0.1226395287	0.1622149689	0.2337877476	0.0246848177	0.0455050513	4.656814658e-05	-0.04480133099	0.0265920673	-0.03063011749	-0.02789403927	0.3200785955	-0.1614855045	-0.09708751977	-0.007200965001	-0.04125819058	0.2749583682	0.03303308378	0.0280678921	-0.02301923389	0.1891086034	-0.1617429286	0.01701130104	0.02378675592
-0.0151086692	-0.0114798651	-0.06827986593	-0.02639258374	0.1065243878	0.03402276072	0.04536944398	-0.02497485798	-0.07520800428	-0.09260083276	-0.08485781587	-0.06701696907	-0.06211393796	-0.004021963494	-0.01618614309	-0.03981271293	-0.09906680538	-0.07694500386	-0.08259125063	-0.07328227023	0.2112905204	0.1683305613	-0.05169147049	0.117738648	0.1255854462	-0.05462156575	-0.01947375443	0.004675035418	-0.04522372943	0.1312422487	-0.0395319563	0.1823059177	0.1369327069	-0.0565396016	0.2681133614	-0.01929353484	-0.02175458396	-0.01624295715	-0.05237484975	0.09854231838	0.2117023951	0.03008271749	-0.08782417963	0.07304555894	-0.03801214169	0.07191834054	0.824775283	0.1363071416	0.1390508941	0.2107969908	0.2038615301	0.1449363161	-0.01693304178	0.003505479751	0.002349632472	0.1301273389	0.1309178426	0.1668265952	-0.07531142014	-0.0787655503	-0.1230627548	0.1032349428	-0.001556910783	0.2084581135	0.2395591755	0.1685953032	-0.03502962273	0.0204177005	-0.02024576353	-0.04251881422	-0.04197716823	-0.05869003527	-0.05692394188	-0.05061178202	-0.05791438126	-0.0525641554	-0.02912411927	-0.02958163462	-0.04906599303	-0.05308503847	-0.07279726061	-0.0896064632	-0.07776366198	0.0307895086	-0.05828509681	-0.07200332875	-0.05157710144	-0.05763018047	-0.06343597814	-0.006056983334	-0.05740318934	-0.08538739636	0.02771383379	-0.06301454517	-0.0671509029	-0.06504962385	-0.06313840314	-0.06001417016	-0.08942025411	-0.02486281156	-0.03436548558	-0.05599444175	-0.01454105036	-0.02437023686	-0.001146559894	-0.02730855397	-0.07049792498	-0.01425134643	0.01434163683	-0.03848587175	-0.06284874678	0.02231612806	0.03051553497	-0.03182056704	-0.05357866897	-0.02109242376	-0.0596861605	-0.04005929463	-0.08792302938	-0.07156629712	-0.06326263343	-0.004382908937	-0.004234382788	0.05256554277	0.01205764589	0.06711954412	-0.08802771213	-0.04825181015	-0.06518185118	-0.07225599853	-0.06040788169	-0.05326575602	-0.02175851615	-0.05047232875	0.04109536221	-0.07129494219	-0.0239297662	-0.06356517467	-0.06696491196	-0.003700581226	-0.04761557817	-0.04338892618	-0.04767786356	-0.0730572912	-0.06019194488	-0.07474861894	-0.05191649541	-0.06463195141	-0.0214249711	-0.05206878787	-0.02907892682	0.1278291239	0.0200238007	0.03289235954	0.04599189172	0.1167842974	0.05748346714	0.04841489254	0.04981252395	0.02026569254	0.07252751383	-0.0404112758	0.03401625436	-0.05323044624	-0.04766056915	-0.04410764769	0.01802366443	-0.02769437153	0.002504879954	-0.01545699699	0.004022726725	0.004153139569	0.05846640318	-0.05934405068	0.05720025919	-0.03572212794	-0.02784316965	-0.05726167204	-0.07692465761	-0.08768522098	0.0164008479	-0.03880428319	-0.006596048569	-0.07598629947	-0.0363039026	-0.04105026429	-0.01572195289	-0.08337131026	-0.06605456709	-0.04597401575	-0.04225340713	-0.04028006023	-0.01483091181	0.03986436258	0.04322456325	0.01741745935	0.0344710993	-0.006037661507	0.08974883179	-0.07846674683	-0.009009594015	-0.02317680332	-0.008475194409	-0.07610784608	0.1406268203	-0.05594719364	0.01065607749	0.09955870818	0.1658458441	0.1692411384	0.1279955335	-0.06789935414	-0.02654573548	-0.06803532868	0.00800797744	-0.07982953799	-0.06169506124	-0.02853519427	0.1416481295	-0.1334132216	-0.06378051903	-0.03871645604	-0.04229164697	-0.01391508809	-0.03294763254	0.5139115801	0.03806519705	0.08192812635	-0.1423725788	-0.04698434657	-0.01755207597
-0.04314708323	0.06792604198	0.00568833106	0.04251668917	0.05120037504	0.08888856103	0.1097490884	0.05059040335	-0.02905106049	-0.2149704623	-0.2001477946	-0.1914668999	-0.1988591251	-0.1850666911	-0.1723427429	-0.1935319295	-0.2099091941	-0.2165802532	-0.1889339741	-0.1931440863	0.2663083119	0.173904852	-0.1555631459	0.04341770132	0.0834983634	-0.196722592	-0.1847038269	-0.1894424392	-0.2071635186	0.05295462263	-0.1854463852	0.1468851925	0.1868500095	-0.04516081514	0.206514937	-0.1386896309	0.09200700707	0.08445871114	0.08014888824	0.1112122427	0.1513777256	0.1430699638	-0.2351191279	0.04985724154	-0.181970143	0.1963604593	0.1363071416	0.8061467917	0.07125336699	0.1934837066	0.08065639234	0.1355035711	-0.186372304	-0.1240155291	-0.1157626059	0.05616404512	0.06406815309	0.1746022091	-0.204802685	-0.200653963	-0.2650869671	0.1321489042	-0.1879891662	0.1459136017	0.1499349327	0.1891431622	0.04678861628	0.123583846	0.1280048314	0.1154778323	0.02832545494	-0.04552014888	-0.04324625579	-0.01262740401	-0.01194703101	-0.007436300843	-0.002294414845	-0.02655299849	0.001531124296	0.07629781127	0.002654062941	-0.06124596773	-0.02366096572	-0.02461958287	-0.02812377716	-0.04868892634	0.005578258811	-0.07746105567	-0.05105665399	-0.03207354353	0.0217467779	-0.0719725013	-0.04143568964	0.05551448831	-0.0866772288	-0.05547680171	-0.07318015329	-0.04463866774	0.002540903908	0.04218064976	-0.02632257431	0.02756465703	0.1900357082	0.01414962251	-0.006045794715	-0.01314863404	-0.05523008202	0.1172069112	0.1025227792	-0.01384398029	0.00221580179	0.09904908336	0.02021321356	-0.05546655467	-0.03927180013	-0.03364245156	-0.02879405911	0.01345178769	0.02863744632	-0.08692690188	-0.05843069508	0.06877678678	0.03808217607	0.03181956159	0.04670193533	0.01237224757	-0.2304994475	0.01554705453	-0.04935708952	-0.03984061139	-0.04462195943	-0.07393420906	-0.03577315774	-0.05492956505	0.002670469584	0.03096134413	-0.04360007509	-0.07745309124	-0.0632282531	-0.01869523952	0.1344498484	-0.02792731382	-0.02938240493	0.00124299575	0.009311662647	0.03202084132	0.06978268412	-0.05375002362	0.08907588611	-0.04770830101	-0.03741130886	0.02918669447	0.006871428611	0.006975651967	-0.06071601882	0.1724426952	-0.03885830292	-0.03202860538	-0.04565026476	0.01657863915	-0.04033855979	0.01119642273	0.08542611801	-0.03275110699	0.04901345576	-0.00842762115	0.00542401761	-0.02044112678	-0.05822482595	-0.04999292316	-0.01758161324	-0.02948249309	0.009127952853	0.01840859728	0.1351220909	-0.005779149388	-0.0403321024	-0.03285848768	-0.009771506318	-0.01009755725	-0.01732510946	-0.03458211715	0.01682149365	-0.01656219911	-0.01738683687	-0.02693092809	-0.06057119496	-0.0237070601	-0.02271440782	-0.02906767588	-0.04374228493	0.01106310569	0.05755510746	0.02648054747	0.02354780895	0.06222422558	0.0653004858	0.0107611089	0.05194504996	-0.03597109633	-0.0243599732	-0.02291627132	-0.07592554823	-0.01230719495	0.1043556102	-0.0168839982	0.1516442636	0.07344534182	0.1716292488	0.2073086794	0.17080513	-0.009325860876	0.07343537364	0.00141425644	-0.001820140849	-0.02710723158	-0.09330270204	-0.01241606334	0.176204496	-0.1923985499	-0.06036863941	0.0307289389	-0.01288963202	0.1106332793	-0.03851193146	0.1332091243	0.009954386391	0.1413015007	-0.1996012376	0.02065864139	0.002016110589
-0.1087904162	-0.06365994628	-0.08244737072	-0.09941110509	-0.0810381426	-0.03068051969	-0.07418533284	-0.1057563516	-0.08564720303	-0.02816728013	0.001418548075	0.003858842509	-0.02092008983	0.2118717928	0.2311751037	-0.01960404185	-0.01898962639	-0.006720424737	0.3363509189	-0.02213698225	0.1302191911	0.0726056255	0.30168264	0.2472661007	0.2519702635	0.214928426	0.2011225099	0.2007269884	0.2290299687	0.2497254178	0.2339357955	0.08833305201	-0.001715674326	0.08072643492	0.0397431902	0.1929958435	-0.1122282372	-0.1112867987	-0.1160136663	-0.06820582598	-0.01763942469	-0.04371241129	-0.008603168199	0.1974412641	0.2250708544	0.0498624636	0.1390508941	0.07125336699	1.117215986	0.1246342726	0.3197420835	0.06633835541	0.1914527813	0.2146472282	0.2053858668	0.2632343811	0.2684010241	0.1075155483	-0.00462959855	-0.03106155635	-0.02314509499	0.1318892091	0.1969645725	0.08299327243	0.07354716006	0.09908835746	-0.006827528156	-0.03145512296	-0.09504834508	-0.1220615727	-0.08951977697	-0.1121312883	-0.1120492654	-0.09958270664	-0.08226889595	-0.1008002127	0.01066002946	-0.0256329944	-0.1025239464	-0.09792066401	0.05472706138	-0.002478144	-0.1112548316	-0.02960851523	-0.07831788224	-0.1244222758	-0.07266654948	-0.04197144001	-0.07121810376	0.07771096914	-0.03727424688	-0.06811783228	0.06699744566	-0.1172468257	-0.04859665463	-0.06353168322	-0.05025134114	-0.05788825415	-0.1278924535	-0.05938315853	-0.05590339489	-0.09988535522	-0.04151934286	-0.02872953619	-0.0622912062	-0.04657090028	-0.0186603685	-0.01454682118	-0.03586541737	-0.03551107259	-0.1082477191	-0.03906195102	-0.07707220054	-0.05979268404	-0.0922605582	-0.009829596694	-0.0546321307	-0.08111989138	-0.07460829297	-0.05788464249	-0.06595666734	-0.02978444444	0.05329016592	0.1098195266	0.04877037365	-0.02722684174	-0.01032487116	-0.0923101043	-0.01606825719	0.0005070633632	-0.06226603584	-0.05319989941	-0.09490772952	-0.06648373409	-0.05819850692	-0.09684960303	-0.06267829245	-0.04971448309	-0.07422263019	-0.05343844445	-0.05590321955	-0.06826566992	-0.06421308506	-0.09717681271	-0.09402068969	-0.06456972662	-0.1038222444	-0.05933277784	-0.08396137113	-0.06802207581	0.01546134283	-0.01247013791	0.008472858691	0.0319568482	0.02546760195	0.06214390274	0.02867199689	0.09380456946	0.01740848074	0.07601547745	-0.005737508744	-0.03168546588	0.07552428007	-0.116516228	-0.1069146123	-0.06682584228	0.1362880744	-0.04877398685	0.007764798794	0.02679333461	-0.01547943262	0.09508976691	0.03222879916	-0.07147445319	0.03682302131	0.005357158969	-0.03812338775	-0.03554502783	-0.1421741706	-0.1018795552	-0.006359034483	-0.03743788027	-0.1298928636	-0.1082039841	-0.03105243558	-0.09337949282	-0.0819147498	-0.09966379333	-0.1246574406	-0.1010894758	-0.06143197185	-0.0850758974	-0.04758094148	-0.02786241963	-0.01326808894	-0.03522519863	0.01519831891	-0.05273100205	0.09324196469	-0.06375770306	-0.007345899576	-0.0003372323399	-0.01798862901	-0.04318777248	-0.03657703137	-0.0129598895	-0.04006920001	-0.001944483571	0.0119743864	0.05679707336	0.1034576435	-0.1194351455	-0.08952329355	-0.06912541265	0.01229116198	-0.1125583079	-0.1002314181	-0.04517293632	0.05533563308	0.04209778148	0.04165538841	-0.04793383018	-0.0631632508	-0.06451083698	-0.1059506534	0.2022588287	0.007182548504	0.004516582041	0.05392894685	-0.1080971436	-0.08956015042
-0.08565871377	-0.02693717227	-0.04408531612	-0.05128007548	0.1103198617	0.02420613121	0.08777023589	0.09798309624	-0.08539575244	-0.248545955	-0.2332345001	-0.2321529668	-0.223805754	-0.1689227801	-0.1340302001	-0.1989894251	-0.2414194701	-0.2249544593	-0.06785230157	-0.2153889984	0.5332396873	0.5330536303	-0.08342871393	0.08653014279	0.127934491	-0.1565752814	-0.1816494961	-0.1774229055	-0.1543223142	0.1489422902	-0.1670084218	0.3190089423	0.3329420707	-0.007432256832	0.3852215477	-0.1437203879	0.02550594606	0.02440319694	-0.01387895883	0.1387612146	0.1781706945	0.1824313058	-0.2049176832	0.1158210758	-0.1535801833	0.324542417	0.2107969908	0.1934837066	0.1246342726	0.9541167028	0.1638758893	0.303145083	-0.1633765262	-0.1271059031	-0.1171141657	0.1478876305	0.1258601523	0.461613334	-0.2019216906	-0.2231809116	-0.2225785429	0.3872383321	-0.1600247505	0.3419226659	0.3585077172	0.2686452539	0.01319462407	0.05776899009	0.05847369288	0.02190240779	-0.04431157883	-0.1105455527	-0.1088925615	-0.03742625005	-0.05820940939	-0.05381549471	-0.0589773593	-0.07099078301	-0.06661479285	-0.01138089542	-0.03686454758	-0.04721247611	-0.09179010958	-0.06524594894	-0.08483568088	-0.08864546597	-0.05008680168	-0.05281328604	-0.03933790935	0.01281480937	-0.0722609471	-0.04502211768	0.04074378895	-0.05486822934	-0.0579900916	-0.05016848582	-0.05645259271	-0.03673131684	-0.09192941156	-0.04525568847	-0.01614004701	-0.06054579774	0.04713063294	-0.06247846371	-0.005548288564	-0.02087782082	-0.01507185951	-0.03936785162	0.005901375243	-0.0694930544	-0.08298419156	0.1743341723	-0.01566409992	-0.08688638274	-0.09446707837	-0.0245668708	-0.06913432351	-0.0660923167	-0.07558812338	-0.07486784081	-0.0374018647	-0.03218121069	-0.03464836759	-0.00300218454	-0.03775482045	0.03797083221	-0.2027341948	-0.04561689487	-0.01072622709	-0.007554948337	-0.04269778884	-0.04232671904	-0.07504624571	-0.06054887367	-0.00482505307	0.02285367683	-0.02965942283	-0.05625096617	-0.05001327034	-0.05509225376	0.0345560161	-0.03867571143	-0.07155389502	-0.07985341254	-0.04875862589	-0.06913639262	0.008584768824	-0.08852740919	0.06746339139	-0.06882339265	0.06321900039	0.1431832868	-0.0452116491	0.1063378679	-0.04450232122	0.1362314931	-0.022661886	-0.02017702608	-0.04103913474	-7.420429176e-05	-0.008814766623	-0.01191587999	0.01731501992	-0.07981648366	-0.03779767592	-0.03701066578	0.01361747387	-0.03036110559	-0.04018688655	-0.02798704096	-0.006977075426	-0.02373578857	-0.05732519028	-0.0614433293	0.07441629412	-0.02659311123	-0.02863742521	-0.04166851795	-0.07685527427	-0.09455075846	-0.03302463169	-0.06962863996	-0.06170891392	-0.08014463735	-0.08217175943	-0.08195196208	-0.05313958082	-0.08427167599	-0.04858374136	-0.080695443	-0.04388681599	-0.06112518464	-0.01289058207	0.01359754909	0.01735999635	0.0206008401	0.01170355515	-0.01273503689	0.03010848814	-0.05819213372	-0.06133000687	-0.03608273025	-0.02150586246	-0.05174925683	0.214776468	0.003562758414	0.03968907359	0.1004333379	0.2298457206	0.4729176603	0.5636429945	-0.04848078276	0.009138975604	-0.06585439544	-0.02685793127	-0.07339484029	-0.06937698272	-0.04294588436	0.4733047785	-0.09639170085	-0.002778299301	-0.04455318972	-0.03874648401	0.1125363983	-0.07414134808	0.09125172716	0.01013586996	0.2858856215	-0.1072273413	-0.06096924759	-0.02138764116
-0.04342753869	-0.0368929715	-0.05838888734	-0.06800868527	-0.02063571025	-0.006125852151	-0.03887778833	-0.07829805496	-0.06982750791	-0.1636788489	-0.1317770017	-0.1322662181	-0.1500543654	-0.05046782005	-0.06062201687	-0.1432893242	-0.14000766	-0.1202809854	0.02925074515	-0.1566641761	0.1838539435	0.1180553488	-0.05155836421	0.3722885131	0.3933803157	-0.07253350023	-0.08137442688	-0.0522391297	-0.07019418576	0.3802457774	-0.07357186158	0.1015290692	0.03989090076	-0.01757580395	0.08208259733	-0.06822239936	-0.07528140904	-0.08502261026	-0.08275429558	-0.001226044772	0.05183545477	0.00809493854	-0.1474888744	0.1790989615	-0.09066376112	0.08551819415	0.2038615301	0.08065639234	0.3197420835	0.1638758893	0.8892358049	0.07253894707	-0.0650152755	-0.06023404022	-0.09801356013	0.3831315318	0.3925259841	0.1637890358	-0.1400946987	-0.1513312025	-0.1591073475	0.1576007559	-0.05407031126	0.1441910913	0.15738982	0.1383251578	-0.005400159237	0.009511671174	-0.05537818971	-0.08354243324	-0.02036438967	-0.05025599469	-0.04856127583	-0.05297745351	-0.07926361482	-0.07266024271	-0.01157682077	-0.02712946899	-0.06244991391	-0.07659676039	0.06475537466	0.02541147421	-0.09683091602	0.02995186266	-0.0456787941	-0.09707378057	-0.04261758143	-0.00779363319	-0.04384532276	0.06609260799	-0.01356570876	-0.03614715448	0.1717586358	-0.08350426006	0.02325094763	-0.02436638835	-0.008491129695	-0.03705180541	-0.09377221397	-0.0379934049	-0.03623573426	-0.04631176299	-0.009561722585	-0.03174446728	-0.004553263917	-0.02098936335	0.02207925368	-0.01342265766	-0.009656122581	0.00607039793	-0.06163323547	0.01438185742	-0.003135482441	-0.01193567626	-0.06093545625	-0.0188184694	-0.01464812665	-0.02769494334	-0.04944697862	-0.01058623674	-0.03479204681	-0.01211027734	0.08212944353	0.1323306924	0.04467272991	0.0100717989	-0.1446585976	-0.03508327681	0.02404093099	0.004468121031	-0.04997034351	-0.01324048231	-0.01671514596	-0.04812399209	0.02274986673	-0.06172719412	-0.06504843701	-0.008380864214	-0.04094482364	-0.04841504387	-0.008401433542	-0.0399844846	-0.02331192542	-0.08889458153	-0.073162569	-0.04283667999	-0.07138463341	-0.02216558597	-0.04936340269	-0.03385641067	0.0415335558	0.09867807102	0.02196684167	0.03379773545	0.0457557553	0.1081985711	0.08832504337	0.1067887127	0.01738727675	0.01635331984	0.03813324415	-0.03533983523	0.05242508291	-0.0819291982	-0.05855857108	-0.0291905941	0.05080500256	-0.07034761654	0.001214848103	-0.04129862412	-0.02716900634	0.03352675172	0.07816384616	-0.02115250395	0.09090714784	0.01796306906	-0.06210384031	-0.008064127637	-0.1053008662	-0.04929955686	0.007160931099	0.00725961362	-0.05184670967	-0.06688795328	-0.0324667613	-0.01226230668	0.006736369213	-0.03899711077	-0.08827941315	-0.07155958742	-0.05542532735	-0.05157214433	-0.01827714973	0.01443447876	0.02840167598	-0.01811503345	0.03062915769	-0.005188475062	0.1094189014	-0.01951901666	0.02982007124	0.02975370238	-0.01165310553	-0.04845549656	0.01710781301	0.0213492204	0.009053744741	0.05995709754	0.06465796282	0.09397718377	0.144121207	-0.08436046762	-0.05620865119	-0.03265652124	0.03025120464	-0.04868677636	-0.07740221378	-0.0197418722	0.1366452523	-0.07111738305	-0.03392139029	-0.02090812179	-0.03127089261	-0.02459306256	-0.06238667689	0.211980989	0.01177543812	0.03785731546	-0.09574533722	-0.05562064761	-0.04917445124
-0.07201026578	-0.00979288404	-0.04276613857	-0.06279040948	-0.03536528381	-0.01793715836	0.0308594412	0.03824258327	-0.04990674596	-0.1864101518	-0.2000293107	-0.189273764	-0.2025707175	-0.15054547	-0.1229259293	-0.1975463756	-0.1628885148	-0.2104664044	-0.1339558842	-0.1548066067	0.2857293387	0.4723019858	-0.1505419294	0.1029784292	0.05926348081	-0.08652507695	-0.1115850859	-0.1453898833	-0.07551539055	0.08123312162	-0.1031340449	0.3827271137	0.1880439151	-0.0275065008	0.3126732178	-0.1175869912	-0.03275155216	-0.02638553307	-0.03853244506	0.008980202064	0.08652379432	-0.02500692551	-0.1257630541	0.1141025828	-0.1027391352	0.1122695051	0.1449363161	0.1355035711	0.06633835541	0.303145083	0.07253894707	0.9484034566	-0.1394105528	-0.1032565433	-0.1053828443	0.07977113297	0.05567526667	0.2204853679	-0.1143339164	-0.1260702451	-0.1370476903	0.2520812634	-0.1395086464	0.2184250454	0.2768681556	0.6549669943	-0.02104737279	0.06404344138	-0.007453731458	-0.03079192405	-0.03596710702	0.01684668823	0.0174624484	-0.04664181724	-0.04167614973	-0.05074574838	-0.01597862166	0.07447774063	-0.05153767908	-0.05237261383	-0.07659464348	-0.08532715788	-0.003424706563	-0.05930420977	-0.07912928048	0.0001356813518	0.02592692738	-0.05505854727	-0.08355655597	-0.0055570864	0.01532288931	-0.05515714664	-0.0192039584	-0.03825220852	-0.0508779414	-0.06591775882	-0.06527196501	-0.07677738711	0.01364706458	0.06451829612	-0.0700656699	-0.04572852039	0.0434491358	0.01590694854	-0.07247848595	-0.02477936484	-0.06364276171	-0.02953155789	0.02728581897	-0.07279722206	-0.07107618433	-0.05560015881	-0.03383231815	-0.06479659797	-0.0735244253	-0.03394627703	-0.06756240043	-0.05877704204	-0.06579352607	-0.05848809628	-0.07870794659	-0.01399033599	-0.00176080716	0.01333459051	-0.008102486399	0.1103480223	-0.1229081799	-0.00808921314	-0.05670406709	-0.04875454802	-0.002413871784	-0.06928533428	-0.0737091525	-0.07790914105	0.07268514177	0.0682232675	0.03357131241	-0.06569988873	0.01172167766	-0.02440089182	-0.02112097781	-0.03092701616	-0.07146919361	-0.041162815	-0.04183942692	-0.05971877844	-0.03280205948	-0.04237716525	-0.007243963565	-0.07776921272	-0.03164351014	0.1369881532	-0.04589558612	0.07192055659	-0.03729932196	0.1158821275	0.006892403682	0.003215016073	-0.03827139947	0.0160637132	0.07700877767	-0.02263059275	0.0762538439	-0.06462726846	-0.03428543882	-0.07347949687	-0.02754414048	0.03922415175	0.05698830867	-0.0399242011	0.04546731085	0.003060958183	-0.02791287562	-0.03981693184	0.04834555956	-0.01439847906	0.03155306319	0.01102040114	0.02343011518	-0.07687731127	-0.004146471515	-0.04955346631	0.01067051996	0.03694640725	-0.0620161664	-0.0760415014	-0.05964162185	-0.04485602397	-0.02848501426	-0.06084819123	0.004968602552	-0.04536519168	0.07083213487	0.1221479447	0.1413220801	0.05149077361	0.019406179	-0.01504448585	0.04538090398	-0.06366285919	-0.03971599437	-0.04170671403	-0.0324543485	-0.06897458075	0.1752605141	-0.07716491329	0.02829338995	0.1011360733	0.1347689057	0.2973284237	0.2438499157	-0.03248618833	-0.0007958903896	-0.01777770035	-0.04997953339	0.01958373151	-0.02843989686	-0.05251913435	0.2769262508	-0.1817180672	-0.007603165186	0.04710580264	0.1406021465	-0.06514526218	-0.05193074827	0.132290389	-0.006736777983	0.148905668	-0.1376722427	-0.02882075055	0.05027588252
-0.2830823228	-0.3342992652	-0.2721806344	-0.353494178	-0.2524159859	-0.263387601	-0.2747248786	-0.3079054251	-0.3520906103	1.015908429	0.9715443738	0.9984190195	0.9345114494	2.536485577	2.426394639	0.9418025015	1.012024244	1.047476381	2.352391368	0.9200032459	-0.1452096577	-0.1778316614	2.349569493	-0.0296757044	-0.07545088717	2.547804882	2.570935606	2.516793921	2.393842518	-0.09392884468	2.412046194	-0.1022486968	-0.006761438097	0.8446338706	-0.05000558954	2.590263972	-0.3349634363	-0.3393045127	-0.3581210934	-0.2405134071	-0.1670545187	-0.3371019778	0.9632469149	0.06316187377	2.577465117	-0.2514301861	-0.01693304178	-0.186372304	0.1914527813	-0.1633765262	-0.0650152755	-0.1394105528	2.972775066	2.377999032	2.442907182	-0.074349496	-0.09651647455	-0.1877732675	1.003438364	1.005135917	0.9453837236	-0.191304763	2.522761382	-0.144501156	-0.133141913	-0.1108618515	-0.3045684243	-0.2212736584	-0.338351774	-0.3536995034	-0.3458335444	-0.3171778103	-0.3166398572	-0.3682000312	-0.3482663179	-0.3610024158	-0.3126224017	-0.3252005881	-0.3649297783	-0.3532783797	-0.2791674517	-0.3019744619	-0.3431092798	-0.2825419352	-0.3485055823	-0.3475997255	-0.2950888215	-0.3179606833	-0.3370264147	-0.2269020392	-0.2349068615	-0.3207289215	-0.2773384899	-0.3692267453	-0.3057021812	-0.3400014905	-0.3375277306	-0.3280405994	-0.3525215671	-0.3552641929	-0.3289394671	-0.3588718646	-0.2714493127	-0.320182718	-0.299058035	-0.2846947131	-0.3314733187	-0.3355189249	-0.2993366727	-0.2742066517	-0.3455365772	-0.3416065806	-0.3103797235	-0.3464571568	-0.3424655258	-0.3682544875	-0.3485915053	-0.3465766063	-0.3484227738	-0.325960612	-0.3425377687	-0.340314792	-0.3184602242	-0.2462470288	-0.3063726919	-0.3006886822	0.9406974331	-0.342605945	-0.3301361004	-0.3260153404	-0.3099839446	-0.3295744029	-0.2916040627	-0.340193714	-0.3108314315	-0.3321492264	-0.2425540383	-0.3366961657	-0.3303475066	-0.2948054366	-0.2993268876	-0.3130824387	-0.3320594951	-0.3508675648	-0.3645908752	-0.3522419302	-0.3587754271	-0.343858055	-0.3247378015	-0.3338178103	-0.3390872707	-0.1869177297	-0.2226075351	-0.2392111577	-0.1554707579	-0.142265746	-0.1380720948	-0.04913361762	-0.2033821394	-0.142884556	-0.1042383039	-0.3257086978	-0.1699649174	-0.3515161258	-0.352834435	-0.3021824762	0.04211378267	-0.247575194	-0.05021285504	-0.144411579	-0.206953839	0.02194534835	-0.2203417183	-0.3553358986	-0.2119905279	-0.3073399801	-0.2453997704	-0.3184456914	-0.3627486598	-0.3539349388	-0.2310924353	-0.3075064626	-0.3202963852	-0.3663283756	-0.3393166415	-0.2969616671	-0.2767943103	-0.34271469	-0.3546234102	-0.3563611115	-0.3314974107	-0.3545095114	-0.3028741801	-0.2872277461	-0.3022302774	-0.2996498398	-0.2821854347	-0.3335426362	-0.2410076099	-0.3439181425	-0.324028632	-0.3133924908	-0.3363813263	-0.3517784245	-0.2389339273	-0.3359475931	-0.2735637657	-0.07704512582	-0.2170796701	-0.152216458	-0.2034248221	-0.3501840399	-0.3347493983	-0.3249217531	-0.2482802491	-0.3553031268	-0.3202028094	-0.308918506	-0.1257952095	0.9342609754	0.8539570696	-0.3577699674	-0.3401039136	-0.3515944301	-0.3590878396	0.03952088987	-0.3183038775	-0.2043471782	0.9411790434	-0.3400192905	-0.3196944543
-0.3125804691	-0.3276078559	-0.3103347035	-0.3553960161	-0.2483618382	-0.2642632372	-0.2857051107	-0.3339607036	-0.3538710275	1.018105109	1.039255386	1.059590962	0.9420270634	2.468127951	2.386279493	0.969597757	0.9627324449	1.020683067	2.274667676	0.9453541087	-0.1296177657	-0.1330574772	2.384153966	-0.04790599425	-0.05536866643	2.414323765	2.416736708	2.418771001	2.389720528	-0.08420915964	2.422897563	-0.08311789015	-0.01923191095	0.8882857182	-0.02691353714	2.559117578	-0.3315878306	-0.3412820167	-0.3607218705	-0.2296968979	-0.1330874065	-0.3466663146	0.9399808303	0.07593145382	2.457490006	-0.2554344951	0.003505479751	-0.1240155291	0.2146472282	-0.1271059031	-0.06023404022	-0.1032565433	2.377999032	2.951793956	2.560734369	-0.07490843579	-0.07490268952	-0.1455147928	0.9574271022	0.9848545811	0.9326171334	-0.1547859963	2.412277925	-0.08408910475	-0.08346207713	-0.07852908165	-0.2735858794	-0.2064991992	-0.3202489544	-0.3479867879	-0.3506419298	-0.3200651717	-0.3196711556	-0.3659869348	-0.3504946147	-0.3609062964	-0.3044338606	-0.3228175376	-0.3640125274	-0.3557490606	-0.2597658796	-0.2948530129	-0.3328463192	-0.2717195803	-0.3483231563	-0.3379345317	-0.2940900553	-0.3123945475	-0.3404474801	-0.2513431165	-0.2606103428	-0.347103837	-0.2629576535	-0.3670416925	-0.2924658818	-0.3419564815	-0.3377503306	-0.3229871762	-0.3503186767	-0.3493380571	-0.3224496243	-0.3628803901	-0.2608917424	-0.3224746036	-0.2868088321	-0.2894638381	-0.3327307317	-0.3215203264	-0.2886359461	-0.3137117342	-0.3436380163	-0.3445000015	-0.3001360588	-0.3466050531	-0.3391006901	-0.3543104159	-0.349245162	-0.3452908674	-0.3408001102	-0.320789318	-0.344698931	-0.3282877237	-0.30961757	-0.2443119174	-0.2970034738	-0.264819333	0.9184416342	-0.3444732287	-0.3286778154	-0.3582197626	-0.3018417396	-0.3327502121	-0.2844610706	-0.3329560497	-0.2791868575	-0.2975403613	-0.253054631	-0.3370472493	-0.320935428	-0.2873794518	-0.2828532511	-0.3409599886	-0.3283526757	-0.3484999898	-0.3584513441	-0.3440502064	-0.3562967246	-0.3455425584	-0.3059398898	-0.3264582067	-0.3625252442	-0.2155679458	-0.2222718727	-0.2579851901	-0.1813833041	-0.1308337927	-0.1530021142	-0.06828060259	-0.2342834868	-0.1620182784	-0.1333493851	-0.312420967	-0.1711162854	-0.3459713016	-0.3469392289	-0.3503655077	0.02344064901	-0.284075471	-0.06790897573	-0.1779805412	-0.2392880781	0.0003021636249	-0.2246836295	-0.3599159537	-0.1897432683	-0.350100216	-0.2828193707	-0.3227707227	-0.3651133957	-0.3601386689	-0.2603986195	-0.3412798458	-0.319001173	-0.3601136522	-0.3457496583	-0.3005835549	-0.3012614216	-0.3486780895	-0.3501074012	-0.3533290672	-0.3217078474	-0.3479187727	-0.2976926118	-0.2526460843	-0.2685840384	-0.2811809698	-0.2586866607	-0.3345697409	-0.2127676996	-0.3346358971	-0.3099939612	-0.3037672732	-0.3433799393	-0.348787333	-0.1982612335	-0.3326586256	-0.2575465163	-0.03207909369	-0.1609611555	-0.1166402101	-0.1610460873	-0.3453754103	-0.3328878922	-0.3157843433	-0.23325624	-0.3595919882	-0.3169968806	-0.3010139405	-0.1303784443	0.8858052739	0.8864944186	-0.3489655881	-0.335547196	-0.3510807705	-0.3611366874	0.06790354906	-0.309922015	-0.1943775607	0.8837679799	-0.3408115268	-0.3190658799
-0.3056835386	-0.3241903639	-0.2994759003	-0.3362844623	-0.2411474383	-0.248458947	-0.2754937902	-0.3318193131	-0.3313918975	0.9489568215	0.9270328412	0.9591624971	0.9259071896	2.488081939	2.346799889	0.9729398893	0.9163755586	0.9775330268	2.288388604	0.9427790772	-0.1168737216	-0.1459367026	2.331115328	-0.0833109967	-0.1023787663	2.468720674	2.481559542	2.453508361	2.348548995	-0.1310840721	2.346180433	-0.08555560562	-0.01728192292	0.8578307868	-0.003889975055	2.645439839	-0.3170742897	-0.3280608967	-0.3471663411	-0.2120720312	-0.1347467327	-0.3270546249	0.8761799595	0.0006108998272	2.531235357	-0.2417465045	0.002349632472	-0.1157626059	0.2053858668	-0.1171141657	-0.09801356013	-0.1053828443	2.442907182	2.560734369	2.935449793	-0.1108928301	-0.1103505281	-0.15264161	0.9084710675	0.9335969896	0.8941524018	-0.1271072621	2.406699135	-0.07298934667	-0.0894168067	-0.05497729485	-0.318139688	-0.2220561004	-0.3240252046	-0.3449503923	-0.3412011396	-0.3359912221	-0.3352760252	-0.3591284179	-0.3398310607	-0.3494887708	-0.2993500966	-0.3093303121	-0.3564094426	-0.3429606383	-0.2934316666	-0.3219809675	-0.3267730344	-0.2653863387	-0.3364590699	-0.3327420947	-0.2936382663	-0.3085225541	-0.3272484709	-0.265063571	-0.2540019425	-0.3361872013	-0.2524020498	-0.3500494575	-0.3163693813	-0.3310513875	-0.3272453873	-0.3151821211	-0.3399895313	-0.3365641435	-0.314939498	-0.3557651781	-0.2635753223	-0.308032178	-0.28427185	-0.2574383775	-0.3187253423	-0.2957416374	-0.2894839683	-0.3017097792	-0.3359643086	-0.3250255255	-0.2890336085	-0.3364373092	-0.3351705913	-0.3430298037	-0.3362452887	-0.3395069602	-0.3353894538	-0.3167713104	-0.3313443544	-0.3259034262	-0.2782477624	-0.2670530927	-0.2919886548	-0.2778409105	0.8571901241	-0.3355825135	-0.3142099314	-0.3376441064	-0.2940823003	-0.3197193645	-0.2785398371	-0.3280341833	-0.2929607249	-0.2802474373	-0.2410953631	-0.3263476343	-0.3057238695	-0.2978753664	-0.288158211	-0.3325344035	-0.3234523758	-0.3457652862	-0.3500609702	-0.3353271773	-0.3526827364	-0.3377984622	-0.3107853572	-0.3215924032	-0.3457405375	-0.205645719	-0.2171685549	-0.2505979825	-0.1556807456	-0.1592938095	-0.1648514701	-0.07719197326	-0.2058997721	-0.1572043153	-0.1181034666	-0.2979948289	-0.1690167271	-0.3406037507	-0.3381263744	-0.3327610973	0.02178096044	-0.2592447681	-0.07967738817	-0.1532357238	-0.2195231371	-0.009130773762	-0.2164929869	-0.3528276631	-0.2235319061	-0.3365262546	-0.2569484154	-0.3091558959	-0.3590396363	-0.3518578995	-0.246613475	-0.3285230354	-0.3147884767	-0.3496584327	-0.3269889829	-0.2871077606	-0.288200275	-0.3347981983	-0.3233493583	-0.3433855702	-0.318605127	-0.3409743897	-0.2952235967	-0.2625984758	-0.2850759906	-0.2866195646	-0.28403871	-0.3248578855	-0.2378559431	-0.3646962425	-0.3337243175	-0.3266577205	-0.3206115296	-0.3419295669	-0.2106607004	-0.3170215944	-0.2864741255	-0.08387409251	-0.1663822906	-0.1212656592	-0.1626616572	-0.3184012945	-0.3299181018	-0.3122214223	-0.2649091859	-0.3441651836	-0.3093378311	-0.3019590733	-0.1271859685	0.8562348343	0.8590906462	-0.3460878139	-0.3301973502	-0.3318163399	-0.3478352315	0.07070189975	-0.2951705952	-0.1809952764	0.8157079089	-0.3341659297	-0.2965670597
-0.05462312514	-0.03023313878	-0.0839179487	-0.06642833996	-0.02002001147	0.01182509673	-0.03574337521	-0.04711333125	-0.07695317581	-0.09950060707	-0.09288545305	-0.08042575711	-0.09005999052	-0.05486625266	-0.06583043791	-0.1045055787	-0.09585581841	-0.1182734199	0.0260765607	-0.1207071555	0.1498621035	0.1285117913	-0.05309665604	0.5259541311	0.5564289192	-0.05277795869	-0.09586691418	-0.06672554848	-0.06430870557	0.8566098366	-0.07644931005	0.1268666533	0.03136630621	0.005240008563	0.0685696414	-0.08092174856	-0.09128874072	-0.09744953627	-0.1010995816	-0.01238615021	0.02925252324	-0.01224183853	-0.1234203493	0.2033961343	-0.06477098844	0.0772610498	0.1301273389	0.05616404512	0.2632343811	0.1478876305	0.3831315318	0.07977113297	-0.074349496	-0.07490843579	-0.1108928301	0.9140024966	0.776604194	0.1396976611	-0.05152195531	-0.07859988299	-0.1078533727	0.1046445288	-0.06192070718	0.09368486965	0.1215279456	0.1038823396	0.001369177414	0.01282718579	-0.09344189502	-0.1119299008	-0.04243444729	-0.06067606758	-0.05952178946	-0.07864012283	-0.08477435057	-0.09822882067	-9.119875772e-05	-0.006345581308	-0.092492993	-0.07488262562	0.08916881663	0.01209052205	-0.105446463	0.02668191692	-0.07321776195	-0.1107749135	-0.05370355989	-0.02058862734	-0.06909967842	0.1169531161	-0.02609916043	-0.03493679069	0.1573415293	-0.1061536224	-0.003860037533	-0.05108593521	-0.03860169332	-0.06388897294	-0.1081085118	-0.03121586809	-0.06640375756	-0.08287407131	-0.04914564925	0.00500308721	-0.02166224365	-0.03552734274	-0.004316092442	-0.01150200623	-0.02178696027	-0.0218403761	-0.09710028818	0.001699380523	-0.0305771498	-0.05243429079	-0.08250429042	-0.01916381592	-0.04068885045	-0.07207411858	-0.02044608971	-0.0308082328	-0.05989620935	-0.01313745925	0.05447972912	0.140766842	0.01937506779	0.005671222226	-0.1237296712	-0.06209854803	-0.001908747582	0.02336562706	-0.0659769848	-0.04663813692	-0.02665050158	-0.07359649073	0.003155779723	-0.09546460938	-0.001738168945	-0.03823885635	-0.06248316888	-0.0143840632	-0.04381729293	-0.0630614792	-0.06162649107	-0.1028086229	-0.09695847237	-0.02220911524	-0.09938342476	-0.04615658159	-0.07850301757	-0.06519860623	0.06585741181	0.06802609368	-0.006291149626	0.0455665881	0.04598270204	0.1076831488	0.1116314023	0.11548025	0.03321854788	0.03317973767	0.04304176331	-0.01834696276	0.09710874029	-0.1095117631	-0.1049892736	-0.06910733014	0.1140838838	-0.01897397907	0.03916405073	0.01686455958	0.02334429837	0.08536981702	0.07995981257	-0.07060513852	0.04866389318	0.001802954292	-0.009441257042	-0.04083341529	-0.1053673159	-0.07290281794	0.03990010411	-0.02738580729	-0.04966488149	-0.08758425559	-0.01358525299	-0.03567673177	0.006594706873	-0.07981431532	-0.1044512562	-0.1001276318	-0.06976297024	-0.07570363746	-0.02095859902	0.01722509429	-0.002222181873	-0.02060542434	0.03870793385	-0.03133791067	0.1244109211	-0.04955286646	0.03729880935	0.03832487979	-0.03548782427	-0.07054533602	-0.01380932965	0.03512753652	-0.01005183335	0.1330665999	0.0299940084	0.09069206408	0.1477786352	-0.1015339369	-0.09065915189	-0.05668146875	0.033959081	-0.08739859714	-0.08525040403	-0.03406957137	0.1162356451	-0.0685843793	0.03980242622	-0.0333321456	-0.05109804661	-0.01866420349	-0.090755406	0.1834670737	0.01038659731	0.006855766942	0.003514890025	-0.07779039852	-0.05283076284
-0.04959759959	-0.02277067965	-0.07532785139	-0.05635854817	-0.0139277743	0.02598986021	-0.05067432179	-0.06775722677	-0.06627243205	-0.09973462413	-0.09138783555	-0.08234605662	-0.09297641547	-0.04931382636	-0.09400194738	-0.1046242032	-0.0920589001	-0.1163532531	-0.002163457146	-0.1172450563	0.1196167871	0.1035588431	-0.05142086917	0.5414010448	0.5755979822	-0.08186543552	-0.09713988285	-0.06399771496	-0.09484346376	0.7241448465	-0.07250022776	0.1066617729	0.01146260954	-0.008261993415	0.05109850281	-0.07928022712	-0.07856782415	-0.08635422543	-0.08840742209	-0.001405919319	0.03210409183	0.001375983141	-0.1276271578	0.1882708093	-0.09230241396	0.09157303842	0.1309178426	0.06406815309	0.2684010241	0.1258601523	0.3925259841	0.05567526667	-0.09651647455	-0.07490268952	-0.1103505281	0.776604194	0.9072365261	0.1472725652	-0.07937504772	-0.1084004907	-0.1136674906	0.1216858321	-0.060322888	0.09930341872	0.09871475955	0.08419451841	0.01481577509	0.02621273606	-0.08078143141	-0.09698074577	-0.0335753283	-0.04787327957	-0.0469699262	-0.07597990358	-0.07311690548	-0.08902926077	0.01264672119	0.002457269275	-0.07766446318	-0.06232469559	0.1007145416	0.01630116775	-0.09702160558	0.03417277142	-0.06753582965	-0.110084389	-0.0463475217	-0.01450114622	-0.0628103827	0.09880946789	-0.03148854483	-0.05591483536	0.1644825756	-0.09304405941	0.003367100745	-0.05165418019	-0.03806860857	-0.0591027231	-0.09913736381	-0.01613714577	-0.0624862214	-0.07423499799	-0.03893965312	0.009199161547	-0.008453885465	-0.03589498156	0.002031705025	0.009340518904	-0.01135875734	-0.01308163029	-0.08980825289	0.01173692846	-0.02888756108	-0.04923053058	-0.07771849398	-0.01204280139	-0.02862825568	-0.06466843119	-0.01196323014	-0.02826968126	-0.05376831285	-0.002300079292	0.06966722677	0.156159575	0.02427771496	0.01214776197	-0.1275871263	-0.05846637537	0.001649637271	0.004702759773	-0.0611415372	-0.04131003315	-0.02212118592	-0.07632845302	0.009024939276	-0.09171653571	-0.03079571946	-0.03769094238	-0.05647437839	-0.03600011513	-0.02939786374	-0.05881792845	-0.05354511172	-0.09245126252	-0.0864918808	-0.01282927779	-0.08682554688	-0.04092039751	-0.07021696962	-0.06561246303	0.05237123543	0.04553950778	-0.009400501954	0.02549257059	0.02242933715	0.08906250826	0.08921130339	0.09015974805	0.01118848502	0.01351150794	0.01603055679	-0.001887562437	0.06462230839	-0.1047197976	-0.09382263206	-0.05814104533	0.08618065815	-0.04517958126	0.02785220733	-0.005433013419	-0.003003532322	0.0632146908	0.07973321906	-0.06007274956	0.05568236666	0.01624604067	-0.03587940079	-0.03797751543	-0.09530174272	-0.06760511267	0.01929778568	-0.01724641625	-0.03985954749	-0.07474130157	-0.007122698742	-0.0244631439	-0.01409487781	-0.07274303197	-0.09260207693	-0.09031113849	-0.06766366142	-0.06829676644	-0.01234725597	0.029328475	0.003045720804	-0.007254471926	0.05171593023	-0.01923464838	0.1364632487	-0.03730056299	0.0492507211	0.05112719026	-0.02882627755	-0.05774875257	-0.009688140019	0.04273799366	0.002840989135	0.1108613041	0.03267945248	0.06308317583	0.1267382778	-0.08787277254	-0.07559126278	-0.04493363047	0.04590210411	-0.06923600879	-0.08574886332	-0.02555852436	0.0942977888	-0.08964459575	0.01988748708	-0.01820833355	-0.03308608485	-0.008057758454	-0.07950593659	0.1910525859	0.02034671808	0.01838962342	-0.02073134367	-0.07208871798	-0.04855296405
-0.08988252302	-0.02509810758	-0.05861291143	-0.03669791144	0.07632247322	0.05849262655	0.09554449924	0.04637118645	-0.07118497289	-0.2268636912	-0.2066376391	-0.2068517927	-0.2029508117	-0.1771253049	-0.1530589443	-0.1906891877	-0.2161163951	-0.2117681433	-0.1002890568	-0.2039580024	0.3996178704	0.394740283	-0.08544595424	0.1378514125	0.1526049155	-0.194612649	-0.1799862481	-0.1616627116	-0.1721589779	0.1477505496	-0.1551210472	0.2182004143	0.3593951814	-0.02776518559	0.2740020425	-0.1789291997	0.04829828879	0.05841115695	0.0372728473	0.1874991803	0.2400930644	0.2205110906	-0.1885068511	0.1127673324	-0.1800376083	0.3604474922	0.1668265952	0.1746022091	0.1075155483	0.461613334	0.1637890358	0.2204853679	-0.1877732675	-0.1455147928	-0.15264161	0.1396976611	0.1472725652	0.9487809419	-0.184107439	-0.2077936279	-0.2036988455	0.3166887905	-0.1544629872	0.3001766598	0.2940526016	0.2004755603	0.06090138958	0.1201411401	0.1102180328	0.05020035206	-0.02118093741	-0.09013469546	-0.08633458759	-0.0311902781	-0.07399797615	-0.0551646878	-0.01530623821	-0.07777251012	-0.05892484897	0.02899874181	-0.02931370501	-0.02832724163	-0.09500054628	-0.03255471874	-0.08372830288	-0.09055261877	-0.04139793967	-0.0546359317	-0.0420368539	-0.004869548243	-0.07440424962	-0.05875558553	0.04209902329	-0.01780532408	-0.07135737627	-0.04020111558	-0.03484580555	-0.0465438807	-0.08013396218	-0.02494010082	-0.05325223086	-0.04279972827	0.1187167277	-0.05283725126	0.0485864995	-0.02005671141	0.008074914633	-0.03652300633	-0.006738478979	-0.07570485525	-0.06224663037	0.1476519795	-0.0174514555	-0.07052616648	-0.06786350143	-0.01372655971	-0.0508972233	-0.0378241268	-0.07444746208	-0.06294792168	-0.04560315368	-0.01859671409	-0.03319479942	0.0294108214	-0.04363017239	0.03907834411	-0.1867278043	-0.04569377154	0.009674252905	-0.01422155871	-0.05389051584	-0.04311963331	-0.05807380652	-0.06162734321	-0.02238682368	-0.01034474086	-0.05734418543	-0.03426161092	-0.04890650548	-0.05690294784	0.1003860579	-0.01875349509	-0.06118010666	-0.08193865418	-0.05048207109	-0.07224937907	0.03148509179	-0.06628444205	0.111957191	-0.06780190427	0.01831059125	0.1092412664	-0.03027528228	0.07666106066	-0.07547322492	0.1511947402	-0.02670107812	-0.0390604978	-0.05487903078	-0.006625046599	-0.0004015536299	0.04078327664	-0.008708924972	-0.06550212939	-0.02873278726	-0.03108193008	-0.009111500609	-0.0570870425	-0.03611664466	-0.04574673938	-0.04105428488	-0.01190231675	-0.07221858621	-0.05876514513	0.06845244085	-0.02834453134	-0.05470813034	-0.05645205204	-0.0748385279	-0.06498197403	-0.04480608525	-0.05987205397	-0.04128164458	-0.05415965249	-0.07069684968	-0.0530340511	-0.07061022003	-0.05480059498	-0.06452511604	-0.06687210685	-0.05164048327	-0.05670659537	-0.008944960579	0.02059474496	0.02607755491	0.0250740881	0.009784634095	-0.0557313442	0.034069244	-0.07499824258	-0.07487477849	-0.0330601095	-0.01382102939	-0.0636742654	0.2273511877	0.03763178192	0.1101543723	0.04691974864	0.183649096	0.3132912609	0.3543107034	-0.06164608551	0.04281394497	-0.0618477013	-0.02094528464	-0.05852397415	-0.07305655505	-0.04237099195	0.4070051754	-0.1157171117	-0.03421034487	-0.02824463465	-0.04650158362	0.1384564225	-0.04558666859	0.1285598337	0.0142633058	0.4004490512	-0.09610656843	-0.06306567572	0.02832687495
-0.3359137863	-0.3592476231	-0.3374346727	-0.4002126695	-0.2942903758	-0.2626453542	-0.3136667965	-0.3600303407	-0.3921203381	2.874116671	2.749855307	2.793163198	2.715784574	0.9513619778	0.9407984019	2.679712418	2.820043397	2.754462739	0.7950575761	2.698161755	-0.1872739725	-0.1280014163	0.8926979789	-0.0427099851	-0.1208825462	0.9782737758	0.9739215401	0.961921401	0.9607512229	-0.06735838411	0.9787331935	-0.09890283051	-0.1188943601	1.07250375	-0.06494788956	0.9607976543	-0.3910826432	-0.3978343044	-0.4177263579	-0.2607140293	-0.1958139689	-0.3863812601	2.970188373	0.07677325148	1.043783053	-0.2730277344	-0.07531142014	-0.204802685	-0.00462959855	-0.2019216906	-0.1400946987	-0.1143339164	1.003438364	0.9574271022	0.9084710675	-0.05152195531	-0.07937504772	-0.184107439	3.331510302	3.002816703	2.905514196	-0.1769703148	0.9711889111	-0.1393459788	-0.1448514101	-0.1547080878	-0.3211201735	-0.198077874	-0.3763954785	-0.4043539017	-0.3995107744	-0.3221195091	-0.3219593769	-0.4068300602	-0.3987116393	-0.4131140513	-0.3262604888	-0.2907974076	-0.4145134596	-0.3966788556	-0.2600429508	-0.3302541496	-0.3164489286	-0.314546943	-0.4024956068	-0.3206536087	-0.279327569	-0.3656223948	-0.390670598	-0.2551659302	-0.2161667177	-0.3808493616	-0.3155327502	-0.4211534318	-0.3441102233	-0.3975325628	-0.3941928036	-0.3718730681	-0.334597543	-0.3382186534	-0.374778204	-0.4042538465	-0.3445407652	-0.3632147452	-0.3278306463	-0.3516627608	-0.3597264901	-0.3681784047	-0.3092682135	-0.3404573018	-0.391143844	-0.3898797815	-0.3589773758	-0.3996384131	-0.3910428915	-0.4015587885	-0.3894512163	-0.3941778973	-0.3570369095	-0.374063856	-0.3956700296	-0.3725487872	-0.3399074161	-0.2719547134	-0.3067329355	-0.3083868336	2.906420366	-0.3967423309	-0.3590923392	-0.3485660086	-0.2822957875	-0.3890593188	-0.3343322956	-0.387204494	-0.3212674634	-0.3297224489	-0.1947501746	-0.3941667371	-0.3093298568	-0.3172564669	-0.3352943858	-0.3659152793	-0.3760757415	-0.4048045592	-0.414008124	-0.3566002066	-0.4129236099	-0.4005136885	-0.3621600864	-0.3755786822	-0.3734198614	-0.2213948016	-0.2618888689	-0.2812063725	-0.192463078	-0.1960873609	-0.1789958079	-0.05878343338	-0.2328042376	-0.160674552	-0.1231029712	-0.3412916378	-0.1132062942	-0.3973620843	-0.3997342274	-0.3562953117	0.1282158428	-0.2065245343	0.03809366025	-0.1299202098	-0.1390094096	0.04957491313	-0.2416894123	-0.3925424302	-0.274602305	-0.3557219463	-0.1997938035	-0.3010974968	-0.3519346701	-0.4068427716	-0.28070668	-0.3641203108	-0.3117938014	-0.3572861868	-0.376783559	-0.3399928995	-0.3325198899	-0.3994500567	-0.409838666	-0.408191693	-0.2980718961	-0.4068658841	-0.283834067	-0.2937407273	-0.3144941196	-0.3453859363	-0.3223883789	-0.3768867683	-0.2805128239	-0.389761244	-0.3482892103	-0.3393914789	-0.3889896108	-0.4044364493	-0.2733632986	-0.3120655396	-0.3130395331	-0.07926265642	-0.2065740905	-0.1880877608	-0.2019778347	-0.4045332167	-0.3922422604	-0.2758182834	-0.2776213656	-0.3577405593	-0.2966449206	-0.3470819233	0.01412080024	2.588087794	1.110484853	-0.3421231386	-0.3158512382	-0.3829766607	-0.4105390824	-0.01768419083	-0.3387677876	-0.2304881234	2.578731478	-0.3979434034	-0.3396805853
-0.343602251	-0.3551132925	-0.3554505429	-0.3921964293	-0.2903176899	-0.2893708633	-0.2961359394	-0.3473019931	-0.3794947945	2.869046017	2.79836526	2.826853812	2.746696654	0.9740587493	0.9582992667	2.709525891	2.82039932	2.749593154	0.8095915707	2.737128391	-0.1970502614	-0.1551569959	0.8991773108	-0.0666536392	-0.1490279798	1.00764411	0.9754110737	0.9462243807	0.9818289488	-0.0861703346	0.9805318752	-0.09943526138	-0.1341416094	1.044898414	-0.06367569339	0.9915220289	-0.3712828642	-0.3805159237	-0.4015142119	-0.2760358392	-0.2068553989	-0.3782303066	2.839342628	0.04448431084	1.041048269	-0.2639499662	-0.0787655503	-0.200653963	-0.03106155635	-0.2231809116	-0.1513312025	-0.1260702451	1.005135917	0.9848545811	0.9335969896	-0.07859988299	-0.1084004907	-0.2077936279	3.002816703	3.266113691	2.767783112	-0.1720282567	0.9274654074	-0.1566174779	-0.162357477	-0.1713453433	-0.33657076	-0.1716848143	-0.3693248754	-0.3894525701	-0.3842465577	-0.3094387669	-0.3086659557	-0.3890311687	-0.3842426713	-0.3961418261	-0.3315431577	-0.3008777244	-0.3976559487	-0.3929997334	-0.248327749	-0.3215480531	-0.3020727425	-0.3256868403	-0.387264929	-0.3052457459	-0.269654683	-0.3485330485	-0.3715982758	-0.245612628	-0.2258748484	-0.3585666198	-0.3233942843	-0.4071437375	-0.3269447519	-0.3765644403	-0.3697337825	-0.3550981193	-0.3216659147	-0.3415771676	-0.3542308937	-0.3885133005	-0.3219201907	-0.374075204	-0.3199265727	-0.3320327011	-0.3461982762	-0.3767245103	-0.302448304	-0.3461681785	-0.373788652	-0.383414027	-0.3555575845	-0.3854243156	-0.3797810822	-0.4044983224	-0.3813168511	-0.3764087382	-0.3393400266	-0.3562729632	-0.3754066809	-0.3750417628	-0.3466672471	-0.2824214846	-0.3108622301	-0.3330747538	2.777181434	-0.3784898821	-0.3452367386	-0.3433221227	-0.2612108571	-0.3674953869	-0.3168019474	-0.3710099408	-0.3375375722	-0.3120701609	-0.21033217	-0.373125843	-0.291988435	-0.3136579927	-0.3292128493	-0.3764456135	-0.3630758107	-0.3899064707	-0.3958069227	-0.3377995261	-0.3983866868	-0.3837551387	-0.3545278997	-0.3611477472	-0.379072149	-0.2432305104	-0.2719514939	-0.2931889578	-0.2017499836	-0.1966186214	-0.1889729487	-0.06888212019	-0.2417258928	-0.1705894146	-0.1481500135	-0.3379637578	-0.1309216147	-0.3786299479	-0.3819736156	-0.3699551726	0.1050542071	-0.2193608763	0.01844563151	-0.1461059034	-0.1768501918	0.0316182416	-0.2689487411	-0.3810745386	-0.2750689534	-0.3769082575	-0.2159527338	-0.2877728161	-0.3370331446	-0.3903542792	-0.2667481015	-0.3753855271	-0.2989348527	-0.3416459107	-0.3914850462	-0.3361085149	-0.3148200264	-0.3831911911	-0.395111116	-0.3888444357	-0.2781859223	-0.3898489298	-0.278651276	-0.3199326991	-0.3382740815	-0.3341815729	-0.3321286315	-0.3573685495	-0.2939324722	-0.3696641396	-0.356086874	-0.3489120574	-0.3699140014	-0.3831704327	-0.2919382166	-0.3162427352	-0.2938600596	-0.07716607869	-0.2335540637	-0.2048981916	-0.2373535503	-0.3899041888	-0.3833705226	-0.2792968127	-0.2663395015	-0.3396070952	-0.2753712722	-0.3331486946	-0.0159878321	2.592463009	1.094026743	-0.3459223835	-0.3357970034	-0.3789506116	-0.3918308386	-0.01633322775	-0.353789138	-0.2488248096	2.50000966	-0.3801145464	-0.3723728489
-0.3185297075	-0.3501334006	-0.3221130103	-0.384893124	-0.280242175	-0.2846790387	-0.345016318	-0.3474547073	-0.3675392413	2.836526528	2.710421132	2.748523739	2.653601575	0.9156031207	0.8952103732	2.633354422	2.779563257	2.71378706	0.755903296	2.64502991	-0.2369258196	-0.1804548446	0.8553271103	-0.05716026602	-0.1336332897	0.9334946825	0.9489235585	0.930411382	0.9193945617	-0.1187088265	0.9397660711	-0.1515471017	-0.1637879948	1.075203067	-0.1303757485	0.9444159947	-0.3711609143	-0.380204463	-0.4000170132	-0.2545393722	-0.2094331071	-0.376455789	2.951431984	0.1391352561	1.014837675	-0.2936048588	-0.1230627548	-0.2650869671	-0.02314509499	-0.2225785429	-0.1591073475	-0.1370476903	0.9453837236	0.9326171334	0.8941524018	-0.1078533727	-0.1136674906	-0.2036988455	2.905514196	2.767783112	3.289753937	-0.2044314114	0.9408984043	-0.1765544734	-0.1982282626	-0.1719788476	-0.2889387458	-0.2159547843	-0.3562102849	-0.3758859697	-0.379456795	-0.3016833994	-0.3017435044	-0.3867139805	-0.3677267632	-0.3954440926	-0.3242057948	-0.291737998	-0.3945748151	-0.391545791	-0.2227440583	-0.3017832939	-0.3208324354	-0.2681322156	-0.3789208843	-0.3219015272	-0.2776297208	-0.3365145664	-0.3671790558	-0.2635156518	-0.2084918441	-0.3784676714	-0.2972257658	-0.4059045272	-0.3095262487	-0.3711347689	-0.3681299324	-0.3495424077	-0.3317697682	-0.3239506298	-0.3529005992	-0.3847664323	-0.3520319388	-0.3441329224	-0.2905725512	-0.3582275104	-0.3225068927	-0.3595002498	-0.2985245278	-0.3015669254	-0.3716457699	-0.3758073398	-0.3369438787	-0.3783986475	-0.3698035308	-0.3820908801	-0.3636981045	-0.3697125068	-0.3479968075	-0.3443470587	-0.3726808858	-0.3813190337	-0.3217978582	-0.2696926067	-0.2875154397	-0.2964111413	2.889424363	-0.3764659241	-0.322007252	-0.3351476962	-0.280094583	-0.3587921849	-0.3188719638	-0.368917994	-0.3102066431	-0.3153167688	-0.1833711202	-0.3671900587	-0.3117021267	-0.2694012553	-0.3128814368	-0.3443500781	-0.3508357594	-0.378655684	-0.3960317866	-0.3471896363	-0.384563928	-0.3744331853	-0.3419412763	-0.3498485457	-0.3794859685	-0.202499071	-0.2323711757	-0.2704284413	-0.1865314002	-0.2089076908	-0.2025190866	-0.07718810029	-0.2266263878	-0.1536274324	-0.1127269788	-0.284053545	-0.1587880362	-0.3798416934	-0.3793691478	-0.3303397615	0.1119838459	-0.2132417879	0.004276901667	-0.132949032	-0.172650213	0.02555348698	-0.2334400907	-0.3749646442	-0.2818708467	-0.3363973092	-0.2057446292	-0.2859246208	-0.338657804	-0.3860059295	-0.3031587044	-0.3419653825	-0.3032645132	-0.3452788339	-0.3536253767	-0.3288467657	-0.3389009446	-0.3793519751	-0.3921696182	-0.3886228946	-0.2980428918	-0.3890114112	-0.2777221495	-0.2834121345	-0.2998662619	-0.3510887379	-0.3411500416	-0.3555159732	-0.3015072918	-0.3579241277	-0.3178651288	-0.3091748192	-0.3579510385	-0.37575824	-0.2278684831	-0.3110498332	-0.3202334147	-0.08439450364	-0.1992451467	-0.2106516214	-0.2454347221	-0.3869895687	-0.3595288167	-0.2893699263	-0.2610887698	-0.3422309041	-0.294247691	-0.3320782883	-0.04955712244	2.518033368	1.117009239	-0.3274664914	-0.2787255528	-0.3787206	-0.3907626194	-0.04908368376	-0.3340483224	-0.220835233	2.509270276	-0.3860216098	-0.3005812839
-0.06622676203	-0.02514579887	-0.02675432716	-0.03297515621	0.02937905478	-0.0001215253376	0.02120822611	-0.01437809234	-0.06060249698	-0.1860175457	-0.2212189624	-0.2219281658	-0.2134061939	-0.1935537529	-0.1783237161	-0.2175228581	-0.1893626943	-0.2415860927	-0.09308529504	-0.1785959943	0.3347762153	0.3447822388	-0.1191907536	0.1583571415	0.1191403744	-0.1505738733	-0.144423204	-0.1949109159	-0.1467548666	0.09322075405	-0.1400180517	0.2649095913	0.165011934	-0.04815796713	0.309319708	-0.155574434	0.06368101527	0.02285737529	0.003840181007	0.02047444069	0.03852284812	0.1643571665	-0.1885521643	0.06128303988	-0.1767541638	0.3187748722	0.1032349428	0.1321489042	0.1318892091	0.3872383321	0.1576007559	0.2520812634	-0.191304763	-0.1547859963	-0.1271072621	0.1046445288	0.1216858321	0.3166887905	-0.1769703148	-0.1720282567	-0.2044314114	0.9066915242	-0.195235452	0.1904079065	0.1400802213	0.1731113541	0.03024589526	0.1322811515	0.004179422804	0.0534908529	-0.03270739698	0.002796128563	0.004336662338	-0.02609636451	-0.0538876908	-0.04836564034	-0.03916489059	-0.01918894244	-0.03252589157	0.008113766659	0.01799720069	0.02872113884	0.01557592218	-0.08086092359	-0.04690748586	-0.001085251062	0.02507907099	-0.003863319698	-0.0051101681	0.004468032796	0.02044163148	-0.030992171	0.0221106933	-0.04608238096	-0.01583853413	-0.01621792583	0.01202334648	0.00317510276	0.0127739072	0.01978975116	-0.0008090188622	-0.02282936169	0.07602077749	-0.08431942162	0.03526726644	-0.003698290685	0.03961248212	-0.05124667633	0.02951890113	-0.005301859949	-0.04771471189	0.1859481778	-0.06456034774	-0.05200567632	-0.07098105874	-0.06524966909	-0.03016143685	-0.023961706	-0.05758685347	0.004739386612	0.000820092601	-0.03569407981	-0.03725114156	0.000346376289	-0.03670287567	-0.009791522645	-0.1854548401	-0.01664308227	0.037808365	-0.007678075642	0.07475910953	0.01458893409	-0.03154212416	-0.04032050032	-0.03691459388	0.1279587616	-0.01579381448	0.01737942289	0.03272911117	-0.07522707907	-0.008905835251	-0.004858398177	-0.02630736309	-0.05475425024	-0.02931638697	-0.05379871424	0.0120291435	-0.04433558432	0.009743978496	-0.03484450535	0.0227168067	0.05546304398	-0.03367358599	0.05983504553	-0.07933874489	0.04908490816	-0.0406218538	-0.04126983539	-0.07750051238	-0.04636638274	-0.03178638256	0.04629084016	0.02113115862	-0.06212711506	-0.001554189102	0.0225306776	-0.02306582055	-0.006098112734	-0.01903028723	-0.07759826723	0.01095782952	-0.05591101612	-0.06507685228	-0.03248194228	-0.01938199683	-0.007742457292	0.001286612522	0.05324585996	0.002474927984	-0.05447920464	-0.0252028982	-0.04017617364	0.01529123845	0.01184212443	-0.084705503	-0.04253770157	-0.0406819826	-0.04308422412	-0.05083235072	-0.05745402465	0.02227717998	-0.05681326991	0.07052027919	-0.03363679865	-0.02594416667	0.05796388147	-0.01970405799	0.0148204396	-0.01456029835	-0.04916597245	-0.1092491453	-0.08181334098	-0.003072598479	-0.03414224423	0.06897683647	0.02412662655	0.01024103933	0.05808533678	0.1682384494	0.2277795374	0.3688894028	-0.04809214357	0.01971867394	0.02884581424	-0.02125456235	0.04178728875	0.02231956365	-0.02564194701	0.3734103089	-0.1498355859	-0.04254314519	-0.001341156962	0.01064912466	0.1391029156	-0.052884577	0.05223978066	-0.03684746314	0.1893413306	-0.1414629045	-0.04140689628	-0.04752778333
-0.2868068985	-0.3293938786	-0.274070977	-0.3564498762	-0.2586624987	-0.2523016572	-0.2909065043	-0.3403830933	-0.3515286722	0.9823851676	0.949707164	0.9704522503	0.908569261	2.623218605	2.416952929	0.9220655989	0.9666333181	1.037449347	2.39242967	0.8762223228	-0.1684803625	-0.1823883124	2.405231868	0.02062254373	-0.03665578616	2.456722086	2.523760667	2.629241541	2.443972476	-0.08193305691	2.472657442	-0.1278877418	-0.001934903585	0.8242526039	-0.07196317025	2.50794336	-0.3399788096	-0.3471435136	-0.3660564742	-0.22139389	-0.12910421	-0.3494237886	0.9476601708	0.0670436612	2.529305408	-0.2455282856	-0.001556910783	-0.1879891662	0.1969645725	-0.1600247505	-0.05407031126	-0.1395086464	2.522761382	2.412277925	2.406699135	-0.06192070718	-0.060322888	-0.1544629872	0.9711889111	0.9274654074	0.9408984043	-0.195235452	2.991876308	-0.1046152035	-0.1324495024	-0.1304507463	-0.3020530865	-0.2133272133	-0.3341406705	-0.3589173634	-0.3478661653	-0.2841667531	-0.2847122365	-0.3693287145	-0.3553234515	-0.362303152	-0.2986976045	-0.3061877355	-0.3675513802	-0.3607298006	-0.2637883371	-0.2988875524	-0.3434729705	-0.2738810413	-0.3469362848	-0.3500531134	-0.2952685025	-0.3201152777	-0.3503915253	-0.2506233014	-0.2387538768	-0.349890207	-0.2754493802	-0.3745195209	-0.2951119424	-0.3436255587	-0.3406750553	-0.3353845801	-0.3533273316	-0.3443702226	-0.3349948435	-0.3614586728	-0.2876185103	-0.3113248034	-0.2952613246	-0.3023463138	-0.3346353265	-0.3273823927	-0.2914095146	-0.2808497964	-0.346446387	-0.3487662334	-0.3050365074	-0.3444168654	-0.3418876742	-0.3576384149	-0.3449560196	-0.3480239955	-0.3500383268	-0.3244202795	-0.3506193009	-0.3282731704	-0.3112511196	-0.2053517927	-0.2910112465	-0.2746285627	0.9248537212	-0.3511352317	-0.3334635284	-0.3490997396	-0.3146695735	-0.3390270844	-0.2950373321	-0.3415771587	-0.2855216875	-0.3223149698	-0.2338156186	-0.3404185853	-0.3321802709	-0.2845685638	-0.2947957693	-0.3103323168	-0.3305532765	-0.3503565673	-0.3660639413	-0.3519349292	-0.3672972477	-0.3443897895	-0.3206565754	-0.331382223	-0.3526502252	-0.2073116163	-0.2041152026	-0.2543474792	-0.1671803392	-0.1303821156	-0.1304930813	-0.04329268079	-0.2195925018	-0.1555009923	-0.1210861613	-0.3095467871	-0.1814587146	-0.3546150225	-0.3520066642	-0.3078805685	0.007636956274	-0.2555455939	-0.05883169653	-0.1626088921	-0.209504117	0.01048490113	-0.212747042	-0.3584504639	-0.1929192604	-0.3065236898	-0.2533872718	-0.3245515601	-0.3700065679	-0.358931966	-0.2660968376	-0.3056969658	-0.3183584772	-0.358848036	-0.3289474096	-0.3034269592	-0.3061385354	-0.3543668745	-0.3629891976	-0.3575441047	-0.3306774547	-0.3507173019	-0.2864473537	-0.2584553223	-0.2851854525	-0.2861072418	-0.2574524332	-0.3352708613	-0.2141803647	-0.3207532935	-0.2790063233	-0.2714020751	-0.3339532807	-0.353820522	-0.2182646425	-0.3284804298	-0.273854983	-0.07605058367	-0.1902063821	-0.1617421075	-0.1942597704	-0.358109189	-0.3332065922	-0.3235613927	-0.2516676336	-0.358059315	-0.3282558869	-0.3070363391	-0.1181267385	0.8602446755	0.8271750284	-0.3450763234	-0.3254512191	-0.3606299396	-0.3643794172	0.06318292308	-0.3133468597	-0.1761062899	0.8700962204	-0.3452296188	-0.302439407
-0.01415812818	-0.01469203361	-0.02795714872	-0.0419927578	0.08494114254	0.06019579041	0.09793696321	-0.01724701089	-0.07759621635	-0.180916496	-0.1543907499	-0.1592123064	-0.1570743324	-0.1217330998	-0.1223980399	-0.1356406783	-0.1684469284	-0.1598056081	-0.1727265981	-0.1454877444	0.2535226054	0.3180201371	-0.1336539859	0.06809654855	0.1008088853	-0.1446675482	-0.1394954404	-0.1217497633	-0.1242013715	0.098559852	-0.1056992606	0.2947989393	0.2615613345	-0.07314959853	0.2979520426	-0.1038545301	0.0170839195	0.003850892051	-0.0136371518	0.1830211269	0.2316218929	0.0249514048	-0.1437401537	0.01899338634	-0.1496110732	0.119036391	0.2084581135	0.1459136017	0.08299327243	0.3419226659	0.1441910913	0.2184250454	-0.144501156	-0.08408910475	-0.07298934667	0.09368486965	0.09930341872	0.3001766598	-0.1393459788	-0.1566174779	-0.1765544734	0.1904079065	-0.1046152035	0.8860833532	0.6602008847	0.2304093443	-0.002994553569	0.05749632153	0.07665627553	-0.005870187032	-0.03077951257	-0.07636187484	-0.07197960062	-0.03268908117	-0.05444024335	-0.055423296	-0.0128912197	-0.05799252373	-0.05610394338	-0.02988896403	-0.06747682438	-0.07053764483	-0.07876531416	0.02834812861	-0.04583585719	-0.08573858428	-0.03672057598	-0.0240988136	-0.03564085717	-0.03277566611	-0.04950689412	-0.05853724257	0.03452166565	-0.04418915865	-0.04176723713	-0.03984776875	-0.02771588252	-0.04922186736	-0.07724646591	-0.04848070216	-0.0304770585	-0.04373513344	0.03476604701	-0.05296726451	0.03896952901	-0.04124393955	-0.020303526	-0.03932672635	0.006859875685	-0.04178384845	-0.06341382228	0.0031260593	0.02549182127	-0.04421823701	-0.05718557186	-0.01057593681	-0.02830774662	-0.05248647334	-0.06006217547	-0.03180426197	-0.03981995625	-0.01288726999	0.01102877663	0.002728096128	0.01129932646	0.05421527383	-0.1434497582	-0.04268923634	-0.01475436367	-0.03695210168	-0.04346231281	-0.03337446118	-0.006760655636	-0.05044326428	0.05629398502	0.02913679115	-0.04131821033	-0.02793799827	-0.05041625042	-0.06502753482	0.06978274705	-0.02101013035	-0.04694624397	-0.06360207942	-0.04643855803	-0.06099552159	-0.008983655611	-0.04200714551	0.08734476708	-0.04350828901	-0.04023103866	0.134913087	-0.02375294666	0.07492266883	-0.004641893221	0.03932920958	0.006065946232	0.001607182763	0.005216987411	-0.03285637446	0.0248240026	-0.005082511921	-0.04784161269	-0.06386771507	-0.0225781462	-0.03334513647	-0.04414683674	-0.03194106576	-0.06374222635	-0.01822774918	-0.01249686312	-0.02919803621	0.04388103428	-0.01153867359	0.04007345817	0.004014349137	-0.02872054246	-0.009246588801	-0.0700336696	-0.04689733064	0.006308148353	-0.02166293114	-0.01852083476	-0.05473583436	-0.06217415346	-0.001671918305	-0.002009104762	-0.02851415003	-0.05249122425	-0.05543828757	-0.06175201749	-0.0316558832	-0.004421645353	0.03405182038	0.04129885791	-0.0107552605	0.00584896811	0.03232952028	0.04963705924	-0.08235534578	-0.04963274919	-0.0622465418	-0.009390962412	-0.07288706005	0.08582028248	-0.06313015321	0.04952021617	0.1337620033	0.2646920397	0.3301115553	0.3534769866	-0.05153678119	-0.0142842815	-0.06972649903	-0.02312104403	-0.06243562763	-0.05989812066	-0.0341147246	0.2793405307	-0.1784088951	-0.07663612651	-0.05200862039	-0.03809002955	-0.0285518507	-0.03978910777	0.1485245319	0.03161775101	0.2826892052	-0.191854462	-0.01506027949	0.01812666614
-0.0203146882	-0.0300911166	-0.03594978312	-0.03521929427	0.08374040735	0.06537619181	0.1345521381	0.02373800788	-0.08187925687	-0.2006632036	-0.1795873125	-0.1746567289	-0.1704059334	-0.1420683071	-0.108406001	-0.1538896028	-0.2001948376	-0.1760158746	-0.1713379246	-0.166953007	0.313741238	0.4075155717	-0.1553304591	0.07289513284	0.1200830631	-0.1231286899	-0.1491528056	-0.147219672	-0.1275864926	0.1260318852	-0.1393449723	0.3452501745	0.2693666183	-0.05456231509	0.3627222083	-0.1103336558	0.005599124312	0.005721628278	-0.01033023822	0.1928376786	0.2278792176	0.02889896631	-0.1620962716	0.07406292806	-0.1305058683	0.1253864653	0.2395591755	0.1499349327	0.07354716006	0.3585077172	0.15738982	0.2768681556	-0.133141913	-0.08346207713	-0.0894168067	0.1215279456	0.09871475955	0.2940526016	-0.1448514101	-0.162357477	-0.1982282626	0.1400802213	-0.1324495024	0.6602008847	0.9099189092	0.4215789704	-0.02172454171	0.02392572929	0.03921884682	-0.0185239022	-0.05902174385	-0.0954370827	-0.09071458166	-0.04142693493	-0.04956061835	-0.06371330958	-0.04385031358	-0.04433799091	-0.07218886234	-0.02647774197	-0.103721842	-0.08301581855	-0.07957148029	-0.01248432467	-0.05119083798	-0.1020461408	-0.04558348739	-0.02945323312	-0.0496535252	-0.01608447813	-0.06445385341	-0.04127419054	0.05353430959	-0.0403895933	-0.04519969664	-0.05426004792	-0.04233688786	-0.05541774568	-0.07942940857	-0.03708193498	-0.02360213876	-0.0421830323	0.04360611885	-0.05192943554	0.02588711436	-0.05714109209	-0.04609122147	-0.03841341074	-0.01082557444	-0.06014579647	-0.06474763103	0.002322914051	0.01481940201	-0.04974911189	-0.06546820405	-0.02063875649	-0.03761844789	-0.06118598326	-0.06624100455	-0.04791511936	-0.04863626954	-0.01957839124	0.01784677048	0.0166694671	0.003418163411	0.03364439779	-0.1619390005	-0.03696807788	-0.03955864526	-0.02800730988	-0.05773798084	-0.04256015909	-0.01514971917	-0.05657770619	0.05010603328	0.01401245281	-0.02470784486	-0.04253724933	-0.04923485507	-0.04301693908	0.02157836289	-0.04065336733	-0.05116969918	-0.0656222391	-0.05529886711	-0.06264152604	-0.01778944682	-0.05119597638	0.04628251141	-0.04983839578	-0.01523016465	0.1731229001	-0.03670025648	0.0855699888	0.03036212438	0.1014180962	0.02908432468	0.02823339704	0.03287328939	0.001861774353	0.0415910477	-0.03168451237	-0.0002832195597	-0.06732482646	-0.02575982889	-0.02836916699	-0.006927234311	-0.009851261621	-0.02490473276	-0.004155384214	0.01413415405	0.002085323422	0.04318284012	0.004004597494	0.06975470367	0.02125577371	-0.00694601912	-0.00571151205	-0.06726955013	-0.0664172751	0.03056392621	-0.031226926	-0.01093701833	-0.05053216509	-0.05753115481	-0.0313422121	0.00910413364	-0.0536371152	-0.04908919137	-0.06966652219	-0.06602197186	-0.03189262991	-0.02031752956	0.01953366362	0.02698203995	-0.01526035032	-0.01076586208	0.02331344004	0.05645433871	-0.08789205169	-0.05102599878	-0.05843256762	-0.005218412654	-0.08125516525	0.09915501049	-0.08085371038	0.04475039843	0.09900035861	0.2372057302	0.3815291362	0.3168843242	-0.0470167571	-0.0260416028	-0.08922901111	-0.04050311316	-0.05444857155	-0.07663145784	-0.03934900542	0.2978430008	-0.1749114718	-0.05889386587	-0.0358926536	-0.03627362939	-0.03429660291	-0.060366709	0.1421647184	0.009354979692	0.2505046042	-0.1812369038	-0.02231476299	-0.01411747491
-0.06800615309	-0.01414604972	-0.04233151434	-0.04335941379	-0.04440362447	0.01594223921	0.06776461674	0.0226780489	-0.03097393544	-0.2180659857	-0.1798496182	-0.1745829719	-0.1847735328	-0.1212790775	-0.104423058	-0.1769501299	-0.209966286	-0.1978395733	-0.1030061006	-0.1899875227	0.2308752224	0.2660957306	-0.1264687593	0.06763433828	0.1068194987	-0.1233654461	-0.1412283494	-0.1064403936	-0.1270122823	0.1053595767	-0.1348855212	0.2513461781	0.2117697386	0.01170024822	0.2733587411	-0.09014431005	-0.01095017201	0.0002586631984	-0.004207525673	0.02595159427	0.08003397488	0.002638680514	-0.1581128494	0.1659482004	-0.122002451	0.1324766797	0.1685953032	0.1891431622	0.09908835746	0.2686452539	0.1383251578	0.6549669943	-0.1108618515	-0.07852908165	-0.05497729485	0.1038823396	0.08419451841	0.2004755603	-0.1547080878	-0.1713453433	-0.1719788476	0.1731113541	-0.1304507463	0.2304093443	0.4215789704	0.951292836	0.003604025134	0.0009321806794	0.008409548845	-0.02404636689	-0.03080877718	-0.05019250983	-0.05020750554	-0.04574512303	-0.03889417123	-0.04182797093	-0.01668440136	0.02990098165	-0.04564358622	-0.02025145876	-0.07127127358	-0.06734405056	-0.06963856791	-0.05107963044	-0.05839057236	-0.07311841943	-0.03879072498	-0.02703464388	-0.07274270178	0.008501937624	-0.03974553137	-0.04432457687	-0.01547494912	-0.005831304818	-0.02928053997	-0.06328684489	-0.05004782493	-0.06707308397	-0.05714729324	-0.004468063286	-0.04770767086	-0.02420858131	0.04539149582	0.01514899887	-0.05359953498	0.008831317268	-0.0346193108	0.001817904457	-0.006876632236	-0.0638238691	-0.05167138045	-0.03074407914	-0.03414508744	-0.02490152281	-0.05736020441	-0.02399994896	-0.05461690536	-0.04058772691	-0.04071870693	-0.04238814221	-0.07184891074	-0.007726853987	0.0680606964	0.03830088981	0.02101173922	0.1232338885	-0.1549934762	8.482106558e-06	-0.03226693204	-0.03090526796	-0.07191979583	-0.05531702452	-0.06984310323	-0.06450288168	0.08016028065	-0.005809121684	-0.03127817312	-0.05045587037	-0.03486819319	-0.01357951248	-0.01682758134	-0.02305573542	-0.05762541019	-0.03596802372	-0.03312374314	-0.0343393063	-0.01799814421	-0.02614958001	0.002674005859	-0.06112933955	-0.006917220706	0.1587231112	-0.01776887252	0.05456620508	0.01376239282	0.1197603801	0.06001122369	0.06203425953	0.01478279881	0.06279737934	0.09935308549	-0.00919731016	0.009126838772	-0.05736754115	-0.01896093372	-0.06543779226	0.01556374263	-0.01826759528	-0.009412504913	-0.02595951383	-0.003152902406	0.02059934537	-0.003838221755	-0.01921673822	0.04658724741	0.01483462343	-0.02599562735	-0.03560208026	-0.06441855574	-0.06154309044	0.007856854171	-0.006128502144	-0.06385968307	-0.03929532027	-0.05228753141	-0.0702851153	-0.03044239126	-0.03743422828	-0.003780756192	-0.05436323802	-0.05216257024	-0.03283536095	-0.008880492811	0.1289351821	0.1503346279	0.05191594878	0.02106694354	0.02172912221	0.07530944477	-0.0633175528	-0.02507282679	-0.04572824463	-0.01236633775	-0.05577143544	0.1756282666	-0.07813603273	0.04875818427	0.072876307	0.104730675	0.2771765399	0.2352626558	-0.002028268291	0.0217494858	-0.09714632126	-0.04361359631	-0.04302986465	-0.09757126076	-0.04407904047	0.1784556993	-0.1405154425	0.02380448749	-0.01311601861	0.06431212766	-0.04859371566	-0.05797237297	0.1266439202	0.006200210105	0.1292915523	-0.1003689462	-0.02753301697	0.06338923513
0.02740807972	0.1425031639	0.09395285083	0.08119129481	0.1105062037	0.03140060898	0.111963274	0.1604776771	0.07327679178	-0.3229673903	-0.3097972673	-0.3160646349	-0.3353512017	-0.2974475238	-0.2883801154	-0.3502214149	-0.3166385305	-0.3256885946	-0.2763755482	-0.3567347696	-0.04357401942	-0.01754111646	-0.2662869124	0.008680577302	0.02678897058	-0.3106071546	-0.2990930711	-0.2872673949	-0.2789968098	0.003258222439	-0.2724514488	0.03442850743	0.04240912496	-0.1641753308	0.00720048645	-0.3023540531	0.1247344651	0.1354214406	0.1810998201	0.1077421163	0.06997080642	0.1126426526	-0.3241646215	0.00283671125	-0.3034565643	0.09619224043	-0.03502962273	0.04678861628	-0.006827528156	0.01319462407	-0.005400159237	-0.02104737279	-0.3045684243	-0.2735858794	-0.318139688	0.001369177414	0.01481577509	0.06090138958	-0.3211201735	-0.33657076	-0.2889387458	0.03024589526	-0.3020530865	-0.002994553569	-0.02172454171	0.003604025134	0.6497500575	0.2994566585	0.2050934628	0.1560306062	0.1139569025	0.03428627116	0.03197391604	0.05834941692	0.09146237587	0.04690912177	0.09185442806	0.07131314324	0.06503039839	0.2012566015	-0.0001169399126	0.009331230685	-0.003574044821	0.05916280258	0.0226463596	-0.002870020661	0.02261539925	-0.01036309933	-0.02500905606	-0.01088974123	-0.01191724671	-0.05568879252	0.0009773781335	0.1284462022	-0.01769418559	-0.05099436783	-0.05177361671	-0.0478995241	0.04619356111	0.08226684734	-0.04490375951	0.1075935407	0.0618681481	0.108918652	0.134462798	-0.02352280845	-0.02605588036	0.1499847513	0.05072253824	0.03467710401	0.04294871952	0.09079543945	0.09307539577	0.02660443351	0.02289422802	0.08713346557	-0.009294035581	0.002092282134	0.09479195666	-0.03114552574	-0.06055758025	0.06222033589	0.1359130824	-0.004779151807	0.06816096985	0.07351913897	-0.3174757702	0.07447880322	-0.0281333695	-0.008935924257	-0.07526327177	-0.05453306781	-0.0486002442	-0.009967594603	0.0351311185	-0.008038929344	0.02601721658	-0.05213386199	-0.01962439378	0.05251501599	0.1293958674	0.06457109615	-0.02877811859	0.102558597	0.09463877976	0.09409457864	0.2058857559	0.02508264564	0.1240191815	-0.01813681534	0.05259291399	0.01694432023	0.04742626678	0.09990090894	0.006225759485	0.1032660258	0.04249343364	-0.02197186905	0.04660634278	-0.01756420966	-0.01252608155	0.1049909463	0.02464921906	0.02534570571	0.06867535551	-0.03794234665	-0.006104892451	0.03998704872	-0.006543510022	0.01705735291	0.02407538615	-0.04512189216	0.06787448258	0.1014627531	0.1002734052	0.04323575683	0.02108090366	0.03048488598	0.08559115119	0.05331473737	-0.04494188338	0.04703028584	0.05134382754	0.07059299775	0.1069963309	0.01476152507	-0.02645045175	0.1134282354	0.05939618936	0.04807261633	-0.03121880961	0.07787698776	0.05720669378	0.03659822287	0.05914660698	0.01714540182	0.1055897359	0.09765584233	0.04767796851	0.06730947417	0.08450989021	0.08489206601	-0.005757051814	0.05694956212	0.0815245468	0.02881979258	0.1893421284	0.01397909547	0.02596632509	0.009370164081	0.03345672685	0.06930701719	0.1701942781	0.0300605154	-0.02979586363	0.03323848081	-0.04743995999	-0.02629412589	0.03891381715	-0.3069049288	-0.1645334193	0.1142048181	0.05524616305	0.1207783538	0.06739644696	-0.03308782359	0.1263539739	0.09616302077	-0.3098564592	0.0894865574	0.09269022946
-0.03038706592	0.09800762963	0.03434233517	0.08419316246	0.09996651465	0.05895577144	0.1107623722	0.1085387179	0.002101659064	-0.2180467971	-0.2469590931	-0.2571778239	-0.2565298546	-0.192782909	-0.2126197614	-0.2573544763	-0.2104879892	-0.247906492	-0.2021011792	-0.2134807505	0.005751207637	0.1015473865	-0.2130888123	0.08907661138	0.03370758843	-0.1930880401	-0.1847910817	-0.1889399878	-0.1770569652	0.01708584001	-0.1660717182	0.0767168671	0.1221358021	-0.1429398736	0.1311210807	-0.2122206379	0.1340755743	0.1292035522	0.1562421681	0.1117374262	0.1345084625	0.09230287624	-0.2007389556	-0.02174565773	-0.1833312958	0.1508436974	0.0204177005	0.123583846	-0.03145512296	0.05776899009	0.009511671174	0.06404344138	-0.2212736584	-0.2064991992	-0.2220561004	0.01282718579	0.02621273606	0.1201411401	-0.198077874	-0.1716848143	-0.2159547843	0.1322811515	-0.2133272133	0.05749632153	0.02392572929	0.0009321806794	0.2994566585	0.7708035455	0.1626788641	0.1231609317	0.05377564675	0.08108226672	0.07789667453	0.01375169491	-0.005490071742	-0.002218887434	-0.00835445658	0.05202327853	0.01166091564	0.157537103	-0.07409652691	-0.06447801072	0.05959845626	-0.0170178892	0.004480798575	0.03322062357	0.05500336091	-0.06134899155	-0.06956480734	-0.02171799754	0.02658708716	-0.09462390685	-0.05745812227	0.08074276999	-0.07083008898	-0.07752523369	-0.08122261034	-0.0862764777	0.1041195367	0.08041196847	-0.05795292318	0.02878168592	0.1007205451	-0.001742336285	0.05460685784	-0.01254681537	-0.04784149114	0.07537532733	0.08627527498	-0.002906539766	0.01373644256	0.1131195782	-0.004473789395	-0.03028919281	-0.02699954838	-0.02872156498	-0.0350177355	-0.01651574029	0.05182394316	-0.08485194095	-0.08205443203	0.01772715038	0.04866650017	0.005840314935	0.02170089952	0.04652137156	-0.1961308275	0.02379768666	-0.04949303475	-0.07344958027	-0.025498058	-0.07894931868	-0.07891915843	-0.05683317848	0.01969587144	0.03274270559	0.01595516221	-0.07841118828	0.02601596338	-0.03986616054	0.1421526829	0.01268103277	-0.04992902217	0.05705861173	0.04413866192	0.05096720011	0.1484620886	-0.03255462503	0.1181490594	-0.03906086319	-0.05398357084	-0.01099133921	-0.02766088247	-0.01607504021	-0.07015397081	0.06140087113	0.0153471869	-0.0267506931	-0.03877393085	-0.08953111417	-0.04266868732	0.08565126641	0.05324340596	-0.01878764925	0.01767986355	-0.04104056738	-0.09206349213	0.03044298665	0.06041597738	-0.06563821855	0.007302856546	-0.04128730945	-0.01698055537	0.04667749474	0.06113624616	-0.004457354257	0.01143009507	0.06070311195	0.1055932931	0.03329270542	-0.01332228978	-0.01712747492	0.09921401388	0.09428999654	-0.008504010203	-0.006554113814	-0.05805728638	0.05727166164	0.0518940427	-0.01116377822	0.01908903387	0.05244441889	0.10008055	0.06804980416	0.03688089297	0.0690593341	0.07886430267	0.0567443995	0.08555725887	0.00901936999	0.001971556513	0.01333533515	-0.04585997681	-0.02241625844	0.1095824046	-0.05573087149	0.3684936204	0.02887040784	0.003178596001	0.08723720772	0.07250053128	0.0606556654	0.1307104053	0.06238115421	-0.02834187687	0.07443290951	0.009601390718	-0.04460107786	0.1689446129	-0.2320359362	-0.1412853255	0.08273174723	0.08702824232	0.06228367871	0.033269409	-0.004403406685	0.0414498513	0.1120800321	-0.259677689	0.0383835411	0.02466493951
0.0381633997	0.1257839631	0.1092317171	0.1595573956	0.1736315367	0.06510995682	0.1879600164	0.2178032551	0.06994466075	-0.3876793677	-0.3633271866	-0.3723423206	-0.3550867905	-0.3317604849	-0.2990459449	-0.3506585216	-0.3779237858	-0.3440717658	-0.3355171855	-0.3571008977	-0.01415243208	0.002670321923	-0.3201169995	-0.09186095688	-0.06412783271	-0.3261011228	-0.3423042262	-0.3223628511	-0.3306701555	-0.08588441124	-0.3310384752	0.01261688142	0.1455396252	-0.2213584615	0.01064232709	-0.3438339627	0.2191272947	0.189740271	0.2905927314	0.1721527333	0.1156056455	0.1816183731	-0.3788119306	-0.06891292843	-0.3520311212	0.040553068	-0.02024576353	0.1280048314	-0.09504834508	0.05847369288	-0.05537818971	-0.007453731458	-0.338351774	-0.3202489544	-0.3240252046	-0.09344189502	-0.08078143141	0.1102180328	-0.3763954785	-0.3693248754	-0.3562102849	0.004179422804	-0.3341406705	0.07665627553	0.03921884682	0.008409548845	0.2050934628	0.1626788641	0.5689611419	0.3597459302	0.09936624693	0.02161071593	0.02670486534	0.09894153963	0.08606029771	0.1064383731	-0.008187372163	0.006800059984	0.09894075311	0.2630982081	-0.06691601289	-0.07162273827	0.05353397745	-0.009395858766	0.04844667715	0.04696316357	0.0343200232	-0.04468706485	-0.003188009133	-0.1002811483	-0.005106403032	-0.02873413996	-0.03364675206	0.2452411456	-0.05906500454	-0.03959073563	-0.05313995247	-0.009437414019	0.09973040435	0.01190575877	0.01808328857	0.1041955231	0.2250241579	0.02877151271	0.1906106608	-0.006442879174	-0.002174811159	0.1046561118	0.03864121704	0.01855658366	0.1174913544	0.131531082	0.1246433246	0.04177311336	0.05019613534	0.06936164586	-0.005272310623	0.06393286082	0.1168100705	-0.05991020315	-0.02412744446	0.03244474343	0.04126433708	-0.09817945934	0.01542939254	0.08124421144	-0.3708751212	0.08076105396	-0.001627941498	-0.009321199743	-0.02677276599	-0.05451810823	-0.002276820537	0.01229602728	0.1075497942	0.008714455718	-0.0433009916	-0.0554953071	0.006900566638	0.04676009955	0.3768678895	0.1265407633	0.008514006086	0.08230851491	0.1728859498	0.121617629	0.4413806685	-0.003976449399	0.4507679632	0.02146761968	0.06190519376	0.0909480915	-0.003215907413	0.09614165268	-0.06438323032	0.0250316202	-0.08229390871	-0.1270673728	-0.05484233504	-0.07271483557	-0.04207772189	0.06832467203	-0.07178061816	0.07844694666	0.102121798	-0.01335051755	-0.1477523712	-0.009536724409	-0.09578604777	-0.05060807239	-0.05342724717	-0.1507281429	-0.04935168676	0.09033153775	0.02547325771	-0.01052085881	-0.02737761909	0.0314295177	0.07922586728	0.04079603603	-0.05897091555	0.04569034106	0.06318292402	0.07913826613	0.0455987351	0.03133717701	0.003515446327	0.1096322991	0.105920085	0.08811514424	0.02502838015	0.1055219161	0.0426134023	0.07982524206	0.09461939177	0.04507871022	0.09314542725	0.1078902592	0.01890782079	0.06668351729	0.04322918661	0.03356912407	0.008390286249	0.08963567137	0.1226978259	0.02694383624	0.3656895975	0.03573913834	0.06369970182	0.06351656353	0.09558611398	0.1135580487	0.3741331318	0.01087179271	-0.06240918529	0.0485568991	-0.02353646492	0.009629646206	0.09687150134	-0.3368259573	-0.2152795749	0.08506875539	0.05418951929	0.136736205	0.08002968616	-0.03771810614	0.07758767124	0.2023088636	-0.3575232339	0.1456277869	0.0522088014
0.06961529658	0.1296055659	0.1368713518	0.1839307068	0.224793977	0.1118884168	0.1377512723	0.2566058116	0.05852524246	-0.3886381102	-0.3669379596	-0.3746294559	-0.3555525383	-0.3549831835	-0.32509744	-0.3515200913	-0.3856687373	-0.3532263709	-0.3484978138	-0.3578122206	-0.03215985238	-0.03190075535	-0.3470698382	-0.1032886204	-0.08398035258	-0.3410127786	-0.3613237348	-0.352381189	-0.3555581836	-0.1045257741	-0.3568495264	-0.01481279285	0.05177325312	-0.2314639291	-0.01754339066	-0.3564064199	0.2848251713	0.2387223313	0.2976391842	0.1557726036	0.08088112388	0.2624388161	-0.3984860019	-0.09835745121	-0.3708929237	0.1108149514	-0.04251881422	0.1154778323	-0.1220615727	0.02190240779	-0.08354243324	-0.03079192405	-0.3536995034	-0.3479867879	-0.3449503923	-0.1119299008	-0.09698074577	0.05020035206	-0.4043539017	-0.3894525701	-0.3758859697	0.0534908529	-0.3589173634	-0.005870187032	-0.0185239022	-0.02404636689	0.1560306062	0.1231609317	0.3597459302	0.5393103719	0.09115567486	0.06267809525	0.06782130216	0.1316786636	0.1044362885	0.1183615156	-0.01318059498	0.0007790327218	0.1427062563	0.2697802624	-0.06013850008	-0.04201111935	0.08846010658	-0.004451863306	0.06456487338	0.05841016041	0.03522757819	-0.02094780438	0.03905999756	-0.1071507214	0.01595202891	-0.008989659031	-0.03544567094	0.2529708109	-0.03302073024	0.004664050931	-0.002561672445	0.02330551376	0.1304324648	0.04173172333	0.04636609743	0.1436276026	0.2049167626	0.002700203407	0.1687272388	0.002389156483	-0.01122029171	0.09595625135	0.1145735238	0.03975911563	0.09736204054	0.2002114262	0.1017317592	0.04521670628	0.06599147992	0.0456902282	-0.008464941637	0.06831455992	0.131997148	-0.006375014082	0.02023994381	0.0933221905	0.008966869527	-0.09572178357	-0.01133438327	0.04733991862	-0.3897116102	0.08698790896	-0.009047739907	-0.02056845997	0.0002407192754	-0.003501905066	0.03653356348	0.0564894186	0.06301879219	0.04200469245	-0.04433420255	-0.001851938496	0.02057931821	0.03142478645	0.2475869336	0.1211006829	-0.00131559131	0.131528915	0.1905610096	0.1395907058	0.4164373254	0.02321553167	0.293844358	0.01159588245	0.04932501673	0.1000769556	0.00858031309	0.08911018984	-0.06007573678	0.0007167108822	-0.08233818129	-0.1333708274	-0.03864550015	-0.05099075329	-0.06412197419	0.05844560703	-0.05918250499	0.08286488161	0.2266560852	0.03862949903	-0.1398359887	-0.01071629831	-0.1073593133	-0.07170998161	-0.0544217273	-0.1347611811	-0.0724267197	0.1253670109	0.01205107981	-0.01374941959	-0.02860797051	0.03144055676	0.1200141063	0.05442676868	-0.03819564591	0.04535937176	0.1063169705	0.08864000096	0.01071931033	0.05182587496	0.003082521805	0.1016793436	0.139410947	0.1085353939	0.05464529946	0.139432102	0.1067891021	0.02723782225	0.05392676166	0.1312818663	0.1027706023	0.1048892287	0.03049217303	0.09190309124	0.03117459996	0.01290467184	0.01601039709	0.1194748428	0.08686203627	0.03889780803	0.2999120408	-0.01695563732	0.03356685434	0.01111144485	0.004537561852	0.1468026157	0.3068179375	0.05888028165	-0.0759954677	0.07544354784	0.002584656148	0.001489943824	0.009223615972	-0.3532557957	-0.2188102844	0.08863766106	0.01841565332	0.199498748	0.1256718339	-0.07752256548	0.07045340174	0.1086636612	-0.3657567403	0.1724047837	0.0820674917
0.05373362018	0.1702262447	0.1703469944	0.1400190109	0.04294288813	0.03162863357	0.07006907991	0.1354103433	0.1394259118	-0.386432378	-0.3678088977	-0.3770512113	-0.3543745703	-0.345988457	-0.3453194513	-0.3451445058	-0.3804707117	-0.3714288705	-0.3331470304	-0.3524346322	-0.03721031432	-0.04751617017	-0.3320305439	-0.06696018125	-0.04735561144	-0.3587500982	-0.3577031064	-0.3431899813	-0.3514975095	-0.04089497801	-0.3517062792	-0.04983809237	-0.02959112933	-0.2295575147	-0.04711652368	-0.3524008033	0.08760948919	0.06741492896	0.1079766992	-0.01164942324	-0.02498713058	0.03769376261	-0.3946825664	-0.06399930941	-0.3666974434	0.01603083454	-0.04197716823	0.02832545494	-0.08951977697	-0.04431157883	-0.02036438967	-0.03596710702	-0.3458335444	-0.3506419298	-0.3412011396	-0.04243444729	-0.0335753283	-0.02118093741	-0.3995107744	-0.3842465577	-0.379456795	-0.03270739698	-0.3478661653	-0.03077951257	-0.05902174385	-0.03080877718	0.1139569025	0.05377564675	0.09936624693	0.09115567486	0.5169059105	0.1001720699	0.1107350601	0.225072436	0.1756706775	0.09773747993	0.05651452679	0.03848895767	0.1595566977	0.09101849736	0.01354641796	0.05112065712	0.03020351847	0.08776219944	0.07838555793	0.09710129203	0.1021405418	-0.0106937514	0.05976859237	-0.07653266059	0.04185930125	0.01634795154	-0.02368706841	0.1164332783	-0.0144408306	0.03809720148	0.01655071595	0.03543541868	0.1080766611	0.1059394972	0.04385279966	0.2759430001	0.05048309929	0.09347320101	0.03328293564	0.03588584682	0.007242216354	0.1013307545	0.05679617831	0.08193193146	0.1706341476	0.03197931382	0.1117419635	0.09207158245	0.123002429	0.07508152673	0.09069933344	0.1420137588	0.09592038934	0.005669771577	0.02375444342	0.08377130108	0.070455126	-0.01226451717	0.08671381341	0.06196302739	-0.3858778783	0.2480036161	0.01100677939	-0.005549709962	0.04365239683	0.01620714318	0.06047778967	0.02222756832	0.05199065163	0.1000741597	0.05154104239	0.01665750646	-0.007723179915	0.04280094941	0.08020430829	0.1241589016	0.09024531284	0.10541762	0.08560173857	0.08652525957	0.1176551743	0.06934510609	0.03432787767	0.07742231415	0.06016980562	-0.04546393912	0.01631275549	-0.0353162322	-0.004992824621	0.004992171132	0.02752457865	-0.0586083862	0.01139026381	-0.01521632922	-0.04050001095	0.05202876647	0.05786280834	0.111072063	0.1225329032	0.07237139782	-0.08310964043	0.05096815676	-0.08736827268	0.007414426669	0.01541964951	-0.09518998439	0.03382066154	0.2087742761	0.110841954	0.08868865627	0.0303678859	0.1262628489	0.1618872493	0.09931792049	-0.06939372338	0.1010288758	0.1684532578	0.1175289376	0.09266894214	0.113388227	0.04699945768	0.211931625	0.1120003689	0.1020434919	0.01523392125	0.1640298556	0.1099553241	0.0954565935	0.09025148043	0.08804049788	0.09595974586	0.1645273963	0.04025439852	0.06316659565	0.07162880798	0.04943741203	0.04481706473	0.07495765175	0.04647345724	0.08797191162	0.08005838528	-0.020693286	-0.02733523898	0.002035221689	-0.03847987157	0.1153231711	0.143697693	0.0476557402	-0.01498165521	0.1253529115	0.01671553228	0.0649916047	-0.06342762554	-0.3468622191	-0.2354614449	0.1091930047	0.1119428101	0.09821767759	0.1672317663	-0.04568483247	0.09111162494	0.0194480795	-0.3625135665	0.1627158577	0.1208050086
0.06528027463	0.02485275393	0.07163436671	0.1059660201	0.009979631801	0.03831137349	0.01371853339	0.06175470553	0.1257241194	-0.2896889644	-0.3170229642	-0.3270551607	-0.3314106221	-0.2949912837	-0.3049042118	-0.3462706003	-0.2893732931	-0.314502848	-0.2751322652	-0.3174273693	-0.09492917337	-0.02055674845	-0.3108487281	0.02346770113	-0.05405333131	-0.2813398395	-0.2850633933	-0.2738347957	-0.2619610755	-0.05710799861	-0.2514390523	-0.02551305841	-0.08686956812	-0.2280335589	-0.01185703713	-0.3188380288	0.07096183088	0.07331560478	0.06793885154	-0.0113317762	-0.07273676944	0.03719223801	-0.3088178181	-0.05934049307	-0.3120798581	-0.01820826588	-0.05869003527	-0.04552014888	-0.1121312883	-0.1105455527	-0.05025599469	0.01684668823	-0.3171778103	-0.3200651717	-0.3359912221	-0.06067606758	-0.04787327957	-0.09013469546	-0.3221195091	-0.3094387669	-0.3016833994	0.002796128563	-0.2841667531	-0.07636187484	-0.0954370827	-0.05019250983	0.03428627116	0.08108226672	0.02161071593	0.06267809525	0.1001720699	0.5881771182	0.5759187913	0.05306812874	0.09596769661	0.1005179263	0.05552648253	0.1010840664	0.1238649228	0.06069980139	0.001449469894	0.06549732044	0.1069828021	0.0986671985	0.1001184472	0.1194670713	0.119108766	0.09927177783	0.07002091555	0.02331693972	0.08551965709	0.04757479865	0.004359938522	0.1013599175	0.1001405265	0.07894751585	0.07630003714	-0.004257014905	0.2153881488	0.1434363396	0.06553554984	0.07444864695	0.03800464764	0.085157298	0.01291817822	0.04719857493	0.0288977185	0.07919206409	0.03190167308	0.1109046914	0.06477954777	0.01764408792	0.06217268783	0.06973288901	0.0657808967	0.04984005759	0.05754831425	0.06139640854	0.08840533143	0.0895539295	0.08695473226	0.1031973322	0.01782861938	0.06208637119	-0.002522195889	0.04591300645	-0.3032697324	0.05339001176	0.02510229339	0.03497556405	0.05202689823	0.0734415004	0.02020841194	0.01098542724	0.03961612069	0.144337623	0.08007414758	0.07483390255	0.1536461303	0.06254220976	0.05072686635	0.1170919743	0.01909831992	0.1247720331	0.09083507199	0.08694248037	0.05913518482	0.1587939382	0.04469188598	0.01655935109	0.02575899432	-0.0505226357	-0.01083639705	-0.005130678635	-0.001966305878	0.04655298944	0.05015708173	0.002658612375	0.008282316228	-0.01214143113	-0.01617543315	0.02371983073	0.02548917804	0.06104771752	0.1063272346	0.06252693841	-0.1090801218	0.06692608824	0.03979059489	-0.07702769641	0.0421819463	-0.05973315541	-0.04145632085	0.0508191074	0.05109945163	0.03619331539	0.05441527315	0.07676513982	0.1507940126	0.08666137493	-0.004467154944	0.09826847962	0.118443647	0.1609705647	0.0804505228	0.07512408562	0.03206492601	0.09561468121	0.09721189112	0.09722430324	0.07541158544	0.1142485612	0.1135345843	0.0404764589	0.05756153135	0.07309305214	0.04974263268	0.02607776397	0.007833825889	0.1488814519	0.1128035864	0.08640984754	0.06879745561	0.07746309782	-0.02649352302	0.08637573952	0.05490092186	-0.01928786236	-0.02915372712	-0.07214687095	-0.1033320394	0.09750180552	0.03979156773	0.1140263326	-0.02079817017	0.1620484725	0.09047936075	0.007311017497	-0.05566298391	-0.3323958836	-0.2344700443	0.1187815214	0.09471640184	0.05744162092	0.1021887201	-0.07822030396	0.02468369952	-0.03928356741	-0.3600731911	0.0476519178	0.1049873561
0.06162441353	0.02251518965	0.07247877472	0.09941371284	0.007679539742	0.03239482905	0.01545984744	0.06177254519	0.1194334375	-0.2894546117	-0.317218674	-0.3273078899	-0.3314694353	-0.2947883616	-0.3051227354	-0.3462275441	-0.2892353515	-0.3148527868	-0.2757973578	-0.3166358765	-0.09421438777	-0.02247168086	-0.3103989942	0.02513460204	-0.05231093566	-0.2803738644	-0.2844489762	-0.2739930523	-0.2612807754	-0.05590987485	-0.2509440592	-0.01874604697	-0.08482249933	-0.2270645034	-0.01153757179	-0.3183374097	0.07597405196	0.07501122545	0.06969339253	-0.009448561293	-0.066171863	0.03885682112	-0.3089289277	-0.05846975915	-0.3116815411	-0.02037771227	-0.05692394188	-0.04324625579	-0.1120492654	-0.1088925615	-0.04856127583	0.0174624484	-0.3166398572	-0.3196711556	-0.3352760252	-0.05952178946	-0.0469699262	-0.08633458759	-0.3219593769	-0.3086659557	-0.3017435044	0.004336662338	-0.2847122365	-0.07197960062	-0.09071458166	-0.05020750554	0.03197391604	0.07789667453	0.02670486534	0.06782130216	0.1107350601	0.5759187913	0.5888633445	0.05712852768	0.1063930215	0.09642041811	0.05765029193	0.1014573305	0.1236853819	0.0549013676	0.002531028317	0.0645500793	0.1076913072	0.09651685426	0.100810178	0.118950297	0.1203807072	0.09356692701	0.0674926502	0.01758510856	0.08651965811	0.04548153452	-0.001758381793	0.1028014048	0.1015436292	0.07626865029	0.07365830075	-0.004436368378	0.2102382217	0.1374078641	0.06491244493	0.0806845989	0.04198762505	0.07923088976	0.01424575845	0.04760160379	0.02326107519	0.07653649738	0.02976520872	0.1082992671	0.06534384733	0.02132493128	0.05991292122	0.0693842154	0.06636995435	0.04917772432	0.05182233072	0.06231348203	0.08635472719	0.08515231096	0.0843235871	0.1050537196	0.01508945712	0.06159684876	-0.001855143129	0.04650415643	-0.3034379567	0.05841878405	0.01935334912	0.02964734764	0.0529435639	0.07081372574	0.02087235082	0.01175510471	0.0404512397	0.1412141456	0.07414676917	0.0722221692	0.1548141977	0.06061092684	0.05579629366	0.1218212799	0.01986633514	0.1217910605	0.08837345304	0.08460076527	0.06416952313	0.1602597129	0.04956727712	0.01737964232	0.02704240815	-0.04974300309	-0.008823177436	-0.004071159359	-3.290760847e-06	0.04644750982	0.05023824406	0.00459167756	0.009431056044	-0.01103182856	-0.01486079817	0.02104324774	0.02757399893	0.06162252553	0.1032185401	0.06024076799	-0.1081221472	0.06471806811	0.03866283008	-0.07525474029	0.04123449981	-0.06237626302	-0.03009634049	0.05694232227	0.05540471239	0.03014081147	0.05244800034	0.07933282229	0.1536518222	0.08470803986	-0.01021034543	0.09847325833	0.1190290763	0.1551314782	0.07443108453	0.07611224057	0.03456193887	0.09300420583	0.09433551168	0.0933780416	0.07639727698	0.1076275495	0.1137426947	0.04137723264	0.05514799165	0.07426922158	0.04997359261	0.03716489282	0.007927099086	0.146077896	0.1130742419	0.08687550949	0.06919137493	0.07852979472	-0.02045675965	0.08005582353	0.05587127465	-0.01833144746	-0.03179591422	-0.06624931874	-0.1052142143	0.09487278606	0.04475465858	0.1170780566	-0.0196973004	0.1563648767	0.09145324655	0.008301251945	-0.05320075034	-0.3328580371	-0.2339774638	0.119564927	0.09254986311	0.05925329329	0.09816702376	-0.07611979257	0.018544502	-0.03812812591	-0.3601325829	0.04839983332	0.0986727615
0.05495859112	0.2140837494	0.1706594779	0.1069180233	0.04934492653	0.04643891433	0.03480139118	0.1113772657	0.1279021383	-0.402265539	-0.3783677601	-0.390093734	-0.3669682421	-0.3668297142	-0.3617671455	-0.3637524749	-0.3969304104	-0.3874023651	-0.3350487752	-0.3743765138	-0.03885818072	-0.02271934402	-0.3359744061	-0.09709748805	-0.08024138809	-0.3781691819	-0.3737513123	-0.3630611784	-0.3735566359	-0.07055840673	-0.3747424913	-0.06287400097	-0.04301970677	-0.2273029195	-0.07721401573	-0.3711349631	0.091116206	0.09234713606	0.1054355589	0.009221285576	-0.0007747031709	0.0777671815	-0.4082847487	-0.06704275159	-0.3858045205	0.03306084198	-0.05061178202	-0.01262740401	-0.09958270664	-0.03742625005	-0.05297745351	-0.04664181724	-0.3682000312	-0.3659869348	-0.3591284179	-0.07864012283	-0.07597990358	-0.0311902781	-0.4068300602	-0.3890311687	-0.3867139805	-0.02609636451	-0.3693287145	-0.03268908117	-0.04142693493	-0.04574512303	0.05834941692	0.01375169491	0.09894153963	0.1316786636	0.225072436	0.05306812874	0.05712852768	0.5230092994	0.1484803317	0.0841752676	-0.01425601509	-0.01681658765	0.1218776889	0.09581920036	0.0007689169281	0.04285707604	0.03442344563	0.003539357554	0.04079253895	0.09729985363	0.0621651796	0.0314271259	0.1152623606	-0.04831986702	-0.004555958078	0.0584807141	-0.001550207284	0.1026831819	0.05604361091	0.1006429089	0.09175397713	0.1180401925	0.09561270595	0.0535865944	0.1118467494	0.2880897734	0.03475892249	0.009555548138	0.05621948459	0.08017935458	0.05413897908	-0.0002900422321	0.08013092339	0.03470027952	0.1317171273	0.08846703595	0.08835864774	0.02904559457	0.04920966443	0.133131435	0.07722880279	0.07362510474	0.04860730519	0.05804909152	0.09368425953	0.03896353215	0.07139268391	0.04255718978	0.1030870562	0.05846195421	-0.3994102003	0.2339524188	0.05943452251	0.02777808905	0.1101899349	0.08654115385	0.08013487457	0.06987010162	0.09804326018	0.2042320817	0.1454188415	0.08873144344	0.07469281315	0.03617360232	0.006643632719	0.05258011021	0.09607109713	0.03401033477	0.06421327921	0.04866641053	0.1284830872	0.03125969087	0.03510330393	0.09267617716	0.07092509085	-0.001356348207	0.08192460257	-0.01927154212	-0.006108504546	-0.02634659486	-0.02897273591	-0.08449309906	0.01505490467	-0.04536302241	-0.02490241116	0.005602553708	0.1452063148	0.1078400696	0.1604380307	0.08210214002	-0.03309434067	0.1349070485	-0.01880543072	0.1002362159	0.1119235899	-0.09881952053	-0.05052683018	0.2119231991	0.07211407237	0.1093497049	0.1394690345	0.2364522474	0.2872407159	0.03244359353	-0.04595126266	0.03889364706	0.1918894414	0.1149323419	0.002555291176	0.06509879191	0.03988848839	0.1373299277	0.1009354628	0.08526339241	0.1425100665	0.1019802364	0.1500014282	0.08268819575	0.08541722155	0.1305593461	0.1000467244	0.2351723494	0.05953659776	0.1030072414	0.0571838378	0.05252649088	0.127776866	0.1099546099	-0.0001419274185	0.07829843563	0.05126554643	-0.04600116844	-0.002388508566	-0.04433613438	-0.04172517324	0.09649521566	0.07288522789	0.07650683529	0.02005931092	0.09202822426	0.07895908503	0.09364519195	-0.05250179398	-0.3446618775	-0.2265336037	0.09865112032	0.03757274365	0.1559795231	0.08603032544	-0.07209331154	0.03943967478	-0.01673406171	-0.3589641214	0.2591954346	0.08854734385
0.06798051474	0.1000254583	0.1967330271	0.08359348549	0.06784473912	0.03865988537	0.04549992284	0.1045334746	0.1954521497	-0.3789199697	-0.3662368728	-0.366403356	-0.3521685937	-0.3564947255	-0.3409008009	-0.3657732212	-0.3764851918	-0.3641313122	-0.3508198561	-0.3746946814	-0.05525808114	-0.08700985536	-0.3393809923	-0.09899758928	-0.07281237754	-0.3591478623	-0.3569847689	-0.3528048577	-0.3587321373	-0.09372232457	-0.3532653343	-0.04049980678	-0.06492759421	-0.2331835223	-0.0803365676	-0.3501815582	0.1031867362	0.1469463489	0.1359942485	0.05889530372	0.00137905595	0.07362587491	-0.387225587	-0.07663997306	-0.3694818735	-0.01293891491	-0.05791438126	-0.01194703101	-0.08226889595	-0.05820940939	-0.07926361482	-0.04167614973	-0.3482663179	-0.3504946147	-0.3398310607	-0.08477435057	-0.07311690548	-0.07399797615	-0.3987116393	-0.3842426713	-0.3677267632	-0.0538876908	-0.3553234515	-0.05444024335	-0.04956061835	-0.03889417123	0.09146237587	-0.005490071742	0.08606029771	0.1044362885	0.1756706775	0.09596769661	0.1063930215	0.1484803317	0.4845018503	0.1342651774	0.1349802946	0.07448530726	0.1078268528	0.1420417021	0.02510451596	0.05738934538	0.08067303617	0.05421866463	0.1077249303	0.06657024608	0.08461064126	0.09701538427	0.05296370407	0.02853569978	-0.01925210256	0.01585131113	-0.01440266289	0.1513737575	0.09140654735	0.0224710929	0.003605118336	0.02211110908	0.1557508774	0.02899709092	0.05785583801	0.1700705814	0.03141436739	0.1050517672	0.09098810954	-0.01165470317	0.01807782942	0.09315644981	0.08207282359	0.05218276564	0.0858106594	0.1093854263	0.190006301	0.09850838055	0.1365747631	0.09099792806	0.007586406588	0.08229232633	0.1334895352	0.09677592092	0.01388979524	0.07197504402	-0.005094149544	-0.007426443198	-0.03643297912	0.1024999963	-0.3787333889	0.1470769844	0.01271846236	-0.001264327274	-0.002166243299	0.00769461823	0.00334575459	0.08355782174	0.06436426842	0.02924412146	0.07289995671	0.002287545346	0.03841782082	0.1399655409	0.009839312072	0.07513102818	0.01838906736	0.2023358381	0.1539192253	0.1417479601	0.1186884728	0.07058740368	0.02712672057	0.03476067092	0.1298969225	-0.02622713107	0.0211754965	0.02726147458	0.007528516559	-0.003234807653	-0.009619898681	-0.03691597576	0.01842052243	0.01339785231	0.0007836496848	0.02972138879	0.05131932787	0.1672015582	0.1974905845	0.04710471448	-0.07360244209	0.03048547894	-0.02857642166	0.03282011542	0.01047455758	-0.04192325266	0.04065822096	0.1472548025	0.1202538363	0.01919169024	0.05466578109	0.09708009651	0.1591438181	0.03291998727	-0.06448637929	0.05326451434	0.1625420908	0.1083127196	0.1479024427	0.05182740313	-0.001880944008	0.1159271046	0.1325260564	0.1389921463	0.02629990439	0.1791195904	0.04802093506	0.04273343658	0.1172909991	0.09051701136	0.1173693538	0.1968158478	0.03141937579	0.2773035146	0.194101121	0.2239890885	0.1757775323	0.2310051071	0.016304802	0.09582731083	0.08513504169	-0.05676648933	-0.001945663706	-0.04844636267	-0.06237373082	0.1337940212	0.1422288093	0.08626437285	0.002078180337	0.04372467174	0.003783482459	0.03163805084	-0.09447864241	-0.3572711018	-0.2398250442	0.05718412626	0.05620579947	0.1560058916	0.1626770423	-0.06576889408	0.08606816192	-0.05196409082	-0.3632614302	0.1445500318	0.1007596244
0.2268937719	0.05896745388	0.1496921349	0.1859213273	0.07080438566	0.1094638343	0.09833688032	0.1219872861	0.1546541907	-0.3992351611	-0.3808500732	-0.3869543747	-0.3650181066	-0.360976591	-0.3623456357	-0.3646919202	-0.3933168875	-0.3867217188	-0.3571493248	-0.3712521703	-0.05347305696	-0.07435771353	-0.3538149936	-0.1113288168	-0.08663025264	-0.3713125052	-0.368843111	-0.3589423353	-0.3668195139	-0.09093905797	-0.362209724	-0.08225245133	-0.05594687148	-0.2511302905	-0.07537676166	-0.3589356464	0.1298519756	0.1504498405	0.1626077665	0.06017670808	-0.01498370249	0.1103346768	-0.4056014984	-0.09985536228	-0.3798495248	0.02500432807	-0.0525641554	-0.007436300843	-0.1008002127	-0.05381549471	-0.07266024271	-0.05074574838	-0.3610024158	-0.3609062964	-0.3494887708	-0.09822882067	-0.08902926077	-0.0551646878	-0.4131140513	-0.3961418261	-0.3954440926	-0.04836564034	-0.362303152	-0.055423296	-0.06371330958	-0.04182797093	0.04690912177	-0.002218887434	0.1064383731	0.1183615156	0.09773747993	0.1005179263	0.09642041811	0.0841752676	0.1342651774	0.4062264798	0.03665409221	0.04590177835	0.1392687598	0.1598416843	0.06325008149	0.06444626797	0.1887168365	0.03960109596	0.1198391918	0.2258638262	0.08388418897	0.03257280816	0.07035155304	-0.02570481473	0.1415107382	0.08034281052	-0.01305331205	0.1875389803	0.01101649482	0.06555972061	0.04507578276	0.1632500866	0.1428912654	0.04977035936	0.1160035387	0.1398747024	0.07409497598	0.04452365683	0.06686468266	0.1013827765	0.1126483439	0.1376999233	0.03646362681	0.1291499967	0.2138196441	0.1249426897	0.1040614404	0.2190088712	0.2582441066	0.174287259	0.0587754987	0.1357682461	0.162329702	0.02538038968	0.08168469524	0.07243862397	0.01598156964	-0.0821486938	-0.01182764763	0.04461236261	-0.3966713803	0.09534627305	0.1098538326	0.0705942607	0.134142902	0.0323138337	0.133252388	0.1797110344	0.07250760505	0.05342916263	-0.07961240478	0.04581821431	0.03357241251	0.08050803435	0.0130239388	0.1255685365	0.1061540608	0.1686607309	0.1976489376	0.1757687644	0.136043781	0.08765141075	0.06364402624	0.1192325784	0.07310177043	-0.02474602684	-0.05375591013	-0.03517178603	-0.05723272072	0.002107178847	-0.07352112589	-0.1217419723	-0.04620096036	-0.03093656688	-0.08151562479	0.0676322524	-0.07293510367	0.2673301149	0.1445663628	0.1139934824	-0.1454967382	-0.07039326683	-0.1171952293	-0.1098410201	-0.09845970375	-0.1233119361	-0.01080918312	0.0863837017	-0.004273448201	0.01711430528	-0.08382523124	-0.004629559241	0.0720415487	0.1213107459	0.004283925332	0.1508485432	0.04632883896	0.08761996915	0.07426660313	0.09983719523	0.0873281691	0.1219553106	0.2163194354	0.3266433828	0.1128658582	0.1785371241	0.01539606945	0.01929517813	0.06142820033	0.07036580028	0.05389582732	0.07933999351	-0.02148986042	0.1333689987	0.05979106283	0.06005142309	0.1030427488	0.1145651871	0.04677370063	0.08019074955	0.08558099041	-0.0259453714	-0.01776639879	-0.04442851798	-0.06604734479	0.1964382934	0.1260888901	0.1182470836	0.06916395507	0.1316436878	0.1219459606	0.1273488917	-0.09741575697	-0.3621166519	-0.2545047019	0.04205896808	0.06371741338	0.09418449719	0.2761924179	-0.06706850711	0.1296759574	-0.0240821871	-0.3699788753	0.1220339244	0.08528887332
0.03167203647	0.06332809521	0.01378100683	0.04199285371	-0.02406274526	0.05533864624	-0.01484485211	-0.01680045359	0.138657532	-0.327850542	-0.3147803505	-0.3140589928	-0.3054506919	-0.302340801	-0.2951693719	-0.3214568825	-0.3240526073	-0.3145159045	-0.2710965251	-0.3302579475	-0.03770963151	-0.06466582635	-0.285633709	-0.009200222522	0.01470720283	-0.3169183067	-0.3082614405	-0.3005144359	-0.3056823406	0.0006624366725	-0.3083490126	0.008467720446	-0.03596711168	-0.1891950035	-0.04728588385	-0.3014592445	0.01244120763	-0.006311795326	-0.002830275169	-0.04702352129	-0.02568226507	-0.03781375574	-0.3155335814	-0.02939035035	-0.3144002288	-0.0003817195242	-0.02912411927	-0.002294414845	0.01066002946	-0.0589773593	-0.01157682077	-0.01597862166	-0.3126224017	-0.3044338606	-0.2993500966	-9.119875772e-05	0.01264672119	-0.01530623821	-0.3262604888	-0.3315431577	-0.3242057948	-0.03916489059	-0.2986976045	-0.0128912197	-0.04385031358	-0.01668440136	0.09185442806	-0.00835445658	-0.008187372163	-0.01318059498	0.05651452679	0.05552648253	0.05765029193	-0.01425601509	0.1349802946	0.03665409221	0.6683356005	0.1308748439	0.07350936719	-0.0008892200201	0.1206013757	0.1735832205	-0.02062659627	0.1277118614	0.1340038944	0.01445508826	0.1110153109	0.05091889138	0.00497968201	0.200046257	0.01522201401	0.09130193248	0.02132953061	0.01882398741	0.04617931221	0.05562992541	0.04011219181	-0.009106814766	0.03205788753	0.09281279418	-0.05177020696	0.0209515218	0.05326646079	0.1670241824	0.2133807773	0.01091077105	0.05674416324	0.08368076503	0.08011178323	0.08684834689	0.01081087677	-0.02682198147	0.08315863936	0.0722674286	0.06997909646	0.08672167783	0.07820753338	0.09580876062	0.04006998468	0.07971709186	0.02279661146	0.3094014526	0.04497843714	0.1561381527	0.1391676532	0.1069380923	-0.309355957	-0.009125064191	0.01084910277	0.1172260096	-0.04448305851	0.02927997923	-0.03393028178	0.05541444759	0.05741972267	-0.04010264263	0.05675854773	0.03864670213	-0.01670360802	0.1708768054	0.04888243871	0.03245022586	0.01413573347	0.1346025818	0.01058736949	0.02159897834	-0.007078091006	0.1654731802	-0.02694627373	-0.005959340358	0.0558142203	-0.04826294774	0.07370167226	0.07118357007	0.08617471545	0.02510868338	0.1516984497	0.156686997	0.1418461296	0.1246978962	0.1086936323	0.2010931609	0.0666831816	0.04644937728	0.04817036599	0.008234556107	0.09757447595	0.03164170568	0.04639197242	0.05872464938	0.03088409478	0.1637796745	0.1414203541	0.01307315679	0.04084512001	0.0315709224	0.04064624838	0.02968300308	0.01770873293	0.1617196962	0.0590792656	0.05985412674	0.001738257457	0.03623455858	0.2048881655	0.2151158411	0.0783112043	0.05551369375	0.01662388854	0.06759608254	-0.05903404096	0.04923042716	0.05073446514	0.04649253156	0.09080738379	0.02169891752	0.08139762196	-0.03075766012	0.03564195719	0.09715246349	0.1351082205	0.1308722119	0.1028490025	0.08986629841	-0.02149740848	0.08576249182	-0.004438183875	0.02489053615	0.006683902797	-0.01690041805	-0.04679425787	0.01377308579	0.0390111098	0.06339474269	0.137648763	0.007632056866	-0.0008943412602	0.02885463465	-0.07430458665	-0.3087834435	-0.2049704429	0.09966478026	0.06102938192	-0.01843702343	0.08630379653	-0.00769096787	0.07976086741	-0.02480680682	-0.2917453277	0.005098297908	0.08365865836
0.01176066912	0.04668211529	0.005564504424	0.06788134809	-0.0133409354	0.03288500969	0.0158207648	0.01403773682	0.09729202323	-0.3239132242	-0.3668671457	-0.3628771455	-0.353352242	-0.3133052269	-0.3226610604	-0.3619122689	-0.320386195	-0.3671870268	-0.2943725641	-0.3192103108	-0.07479494744	-0.01986912531	-0.3105732189	0.04021934937	0.009541164381	-0.2775854993	-0.2742096401	-0.3104091248	-0.2709870722	-0.01104572677	-0.2708186621	0.03966295489	-0.08778668521	-0.2095428593	-0.01951562712	-0.3194336381	-0.02101018704	-0.0252645325	0.002743178992	-0.03294386193	-0.04535682589	-0.04054248693	-0.2807879549	-0.0400906737	-0.2860787061	-0.07842313301	-0.02958163462	-0.02655299849	-0.0256329944	-0.07099078301	-0.02712946899	0.07447774063	-0.3252005881	-0.3228175376	-0.3093303121	-0.006345581308	0.002457269275	-0.07777251012	-0.2907974076	-0.3008777244	-0.291737998	-0.01918894244	-0.3061877355	-0.05799252373	-0.04433799091	0.02990098165	0.07131314324	0.05202327853	0.006800059984	0.0007790327218	0.03848895767	0.1010840664	0.1014573305	-0.01681658765	0.07448530726	0.04590177835	0.1308748439	0.6863063974	0.01526632417	0.001626068967	0.02303797593	0.01469199671	0.09827346737	0.08428217819	0.06589143759	0.111664618	0.1603885273	0.05164693089	-0.009214382246	0.05589502837	0.05110224695	0.02596161895	0.07935907133	0.03378820096	0.1055240359	0.01416325545	0.01163354416	-0.02561081217	0.07924644945	0.281196938	-0.01825314929	0.06826395209	-0.03637526684	0.3115631189	0.01918191363	0.03006690196	0.006502399897	0.04415926028	0.05892592238	-0.001793344642	0.02108057041	-0.04180789775	0.04226789634	0.04648977778	0.02386777796	0.08530106719	0.011649673	0.0381091448	-0.004449791953	0.04010829291	0.009558927321	0.116602778	0.1955983491	0.168174578	0.1878275985	0.04607620248	-0.2755996715	0.1025682294	0.008600810778	0.04406160245	0.04380090634	-3.022847067e-05	-0.01431461293	0.02064567572	0.03430895166	0.0427836256	0.1514185209	0.01023321292	0.09304667491	0.1475416509	-0.03966622585	0.01407578931	-0.02538857606	0.05425239909	0.01562985585	-0.003854051564	-0.001302831107	0.07347434018	-0.01343483941	-0.01363910533	0.1321535448	0.02770764316	0.08394675866	0.1087124417	0.1331351798	0.03645797626	0.1477336416	0.1144709789	0.1416978813	0.1170823444	0.05323596919	0.08154557428	0.1305058038	0.009359330485	0.04631111621	-0.02819745272	-0.00711946912	0.1603347882	0.1626834537	0.09137725586	0.1375220541	0.0545466737	0.2203624575	0.08977258886	0.09831229346	0.164777963	0.1575361979	0.06966226257	0.110329853	0.05519369974	0.04875064599	0.02294488811	0.1219255583	0.1741571945	0.2294582222	0.03138546684	0.003055379489	0.02515243468	0.01361445853	0.04047520757	0.07059624001	0.03589310062	0.09075238538	0.07042342046	0.0220429539	0.01530687142	0.05416665907	0.05109441985	0.1126911395	0.07856577707	0.2520131109	0.2256134644	0.06123754391	0.05289884719	-0.03794500353	0.04094439108	-0.003414737343	-0.006716310766	-0.05971798165	-0.03412072273	-0.0709548821	0.008083710072	0.02149831699	0.05814701516	0.02183031378	0.1627992473	0.02746645989	0.008679104066	-0.04558650519	-0.3757109127	-0.2210454309	0.2331866255	0.2271916555	-0.05314105125	0.04274396592	-0.03638784759	0.0749874773	-0.02873785126	-0.3516888277	0.03888495999	0.06094099843
0.147358084	0.1224372439	0.1484424784	0.1048290024	0.07767788263	0.01664054261	0.08545212856	0.09123044278	0.09174935162	-0.3961173167	-0.3783916831	-0.3891621703	-0.3640332146	-0.3613993343	-0.3617564014	-0.3639504964	-0.3921124113	-0.3892922931	-0.3578409984	-0.3693904975	-0.04801176235	-0.07889947272	-0.3516661679	-0.1003848092	-0.0828346272	-0.3793278893	-0.3709351796	-0.3634796225	-0.3690262362	-0.08521590104	-0.364981682	-0.08490111062	-0.04930799625	-0.240818738	-0.08474340483	-0.3671107122	0.1816714133	0.1269623681	0.1276872646	0.03464471428	-0.02883770836	0.08079270937	-0.401649652	-0.08528424598	-0.3816479062	0.04405050936	-0.04906599303	0.001531124296	-0.1025239464	-0.06661479285	-0.06244991391	-0.05153767908	-0.3649297783	-0.3640125274	-0.3564094426	-0.092492993	-0.07766446318	-0.05892484897	-0.4145134596	-0.3976559487	-0.3945748151	-0.03252589157	-0.3675513802	-0.05610394338	-0.07218886234	-0.04564358622	0.06503039839	0.01166091564	0.09894075311	0.1427062563	0.1595566977	0.1238649228	0.1236853819	0.1218776889	0.1078268528	0.1392687598	0.07350936719	0.01526632417	0.4518685041	0.1226518123	-0.0006012631513	0.05209866413	0.09524663717	0.05301212393	0.1020246566	0.1178797868	0.0467136433	0.02262811376	0.05728176445	-0.04749878366	0.06684127167	0.02806220711	-0.02009254314	0.1535239644	0.01369629901	0.04625007887	0.03634619302	0.08049370141	0.1803031973	0.03689563338	0.1043090461	0.1541205111	0.06376941307	0.03257417508	0.05506750496	0.001139015406	0.04346015198	0.1809884198	0.08384825404	0.1184640842	0.122714319	0.08058424305	0.1408754582	0.1323717006	0.164570139	0.1057803531	0.06641298647	0.1456783256	0.2404698378	0.03157642138	0.04968922945	0.1102073077	0.04340140883	0.0151289942	0.07835136002	0.1589266256	-0.392662377	0.1197135627	0.04210122861	0.0202333287	0.07480907468	0.03242198122	0.05944866059	0.09660702701	0.12575264	0.05094378325	-0.03606262782	0.03713700273	0.06159480739	0.08448302044	0.09003478325	0.2046392127	0.07088293251	0.2059071961	0.2251234551	0.2239512794	0.1410821917	0.09465795381	0.06775131118	0.05474151685	0.1330322604	-0.04681426478	0.06309952241	-0.03557737939	-0.01547920116	0.005297355846	-0.04657841014	-0.09628274176	-0.0279425425	-0.01393819544	-0.04268753329	0.07664423446	-0.03814897789	0.1518932288	0.171316278	0.07015495951	-0.1097085411	-0.02298413829	-0.1225658807	-0.05230539298	-0.05474013454	-0.1351532699	-0.03181961147	0.1484821605	0.04142107378	0.04089915759	-0.03909915806	0.08142957676	0.09542619006	0.1260897666	-0.02365217171	0.1078510885	0.07007459628	0.09967704655	0.06812952622	0.1320530679	0.04708445975	0.1784503186	0.1939145342	0.1401520607	0.09187100713	0.151225787	0.07822782889	0.1182565071	0.1395980726	0.1488609605	0.1372129637	0.06408764809	0.08079962816	0.1664926318	0.1122423209	0.06719283716	0.04855611136	0.2284066727	0.0354412083	0.09040073446	0.05223459646	-0.02214728022	0.01384672916	-0.02361561266	-0.04837622547	0.1788558398	0.1289573993	0.1242957455	-0.02717765853	0.07758586065	0.04076913526	0.05427314263	-0.08594539795	-0.3613350122	-0.2361611459	0.1420545888	0.0634906631	0.1011413965	0.1457884366	-0.07368101334	0.08830262341	0.008207991616	-0.3726291672	0.1210659982	0.09237696318
0.07704134184	0.1196370431	0.1492596387	0.227690293	0.1456078052	0.09741305243	0.2094404701	0.1633751167	0.1363617773	-0.3934492701	-0.3738067029	-0.3809831511	-0.3633851434	-0.355316412	-0.3551682817	-0.3658861322	-0.3864512889	-0.3855706519	-0.354358645	-0.3715512055	-0.01914240076	-0.04878974504	-0.3484487548	-0.08769221855	-0.07018414127	-0.3734375206	-0.3596923823	-0.3518341272	-0.358195158	-0.08278432154	-0.3553300574	-0.04165949014	0.09388452213	-0.2464175243	-0.02449497804	-0.3556176219	0.2909015072	0.3289904914	0.444335692	0.2654051297	0.09023733071	0.3256323804	-0.3984799732	-0.08035591431	-0.3745878849	0.1206268539	-0.05308503847	0.07629781127	-0.09792066401	-0.01138089542	-0.07659676039	-0.05237261383	-0.3532783797	-0.3557490606	-0.3429606383	-0.07488262562	-0.06232469559	0.02899874181	-0.3966788556	-0.3929997334	-0.391545791	0.008113766659	-0.3607298006	-0.02988896403	-0.02647774197	-0.02025145876	0.2012566015	0.157537103	0.2630982081	0.2697802624	0.09101849736	0.06069980139	0.0549013676	0.09581920036	0.1420417021	0.1598416843	-0.0008892200201	0.001626068967	0.1226518123	0.4976353595	-0.06627799861	-0.01834649237	0.1020373572	0.01461885891	0.1017125683	0.06497015787	0.04604941103	0.004791228259	0.02248004579	-0.07691490291	0.009876522093	0.001539684451	-0.03355329144	0.3367476565	-0.03514469553	0.001377270643	-0.02091778659	0.01501629366	0.1589908723	0.02785892029	0.04569734946	0.1244432047	0.1376892635	0.04204596376	0.1236304489	0.006695934718	0.01134184129	0.108485639	0.04396685102	0.04504538949	0.1420733035	0.2644303974	0.1058115954	0.06065307523	0.09602213706	0.04848791584	0.02016515255	0.06754098795	0.1600524769	-0.009600332875	0.002796431309	0.02858516277	0.0233633305	-0.1048728311	-0.003546416647	0.04145023509	-0.3898996556	0.08827508454	0.01278528094	-0.01264823366	-0.01448022936	-0.01926677849	0.007407762845	0.0447834299	0.07331734181	0.03816725208	-0.03568191722	-0.02016478597	0.01343271398	0.03822301686	0.1014724881	0.08855365475	0.02136808998	0.1650505858	0.201326829	0.1653066048	0.3207985912	0.01821532637	0.150377013	0.03432010052	0.07147454724	-0.01130545149	-0.009797690482	0.009443988118	-0.06381343659	0.01330410613	-0.08484585763	-0.1279627295	-0.05377885566	-0.08006017646	-0.05327524186	0.1100344554	-0.07208169269	0.1183592161	0.1426953346	0.03591154737	-0.14121455	-0.03004225698	-0.1019003481	-0.07649593342	-0.05854493128	-0.1503097568	-0.05046048463	0.112940676	0.01560312164	0.02550677141	-0.04850804012	0.04117106852	0.1138924619	0.08895950655	-0.0541123742	0.06183696876	0.08286823773	0.1119215218	0.07226846878	0.05444854603	0.01618009584	0.1277411836	0.1608313079	0.1198134093	0.0383977704	0.1780936095	0.0277051668	0.03422430598	0.05761882345	0.07418268653	0.0970476304	0.1372779057	0.01315335815	0.1387912315	0.05477106902	0.05747878057	0.04760120947	0.1268229327	0.09225653187	0.09854696722	0.2938847774	-0.05511852265	0.02170087526	-0.03765934763	0.006840576788	0.167018338	0.2233516932	0.06849409229	-0.07328255175	0.09867188487	-0.009166972433	0.01551974063	-0.01240280916	-0.3685384228	-0.2408962188	0.09018166833	0.04478818598	0.206307991	0.1377843505	-0.07338179077	0.09259126544	0.09535105746	-0.3604287594	0.1635909443	0.05765109076
0.09569330801	-0.008989464815	-0.03370555992	-0.03368420249	-0.05820389082	-0.03315451785	-0.02735992077	-0.0485366644	0.04689347799	-0.2606622582	-0.2434804791	-0.247701818	-0.2562049339	-0.2705334329	-0.2463127075	-0.266778674	-0.2585170032	-0.2877765012	-0.1944674944	-0.2760131862	-0.00321413047	-0.05104018961	-0.1974913633	0.06114383147	0.07664427705	-0.2909384142	-0.2845411317	-0.2780700348	-0.2717619732	0.0858055812	-0.2729694998	-0.06883146134	-0.1012398428	-0.06778762347	-0.08929692166	-0.2689902354	-0.06022425363	-0.0626228535	-0.06798303373	-0.09150839357	-0.0798196627	-0.006625079104	-0.2606433742	0.09440664396	-0.2923034673	-0.004255540054	-0.07279726061	0.002654062941	0.05472706138	-0.03686454758	0.06475537466	-0.07659464348	-0.2791674517	-0.2597658796	-0.2934316666	0.08916881663	0.1007145416	-0.02931370501	-0.2600429508	-0.248327749	-0.2227440583	0.01799720069	-0.2637883371	-0.06747682438	-0.103721842	-0.07127127358	-0.0001169399126	-0.07409652691	-0.06691601289	-0.06013850008	0.01354641796	0.001449469894	0.002531028317	0.0007689169281	0.02510451596	0.06325008149	0.1206013757	0.02303797593	-0.0006012631513	-0.06627799861	0.8821478275	0.4378884479	0.2056789117	0.04081168824	0.03521244779	0.1688899106	0.01757681319	0.0883273824	0.1427762174	0.3798346143	0.1909577038	0.1775065153	0.01576845825	-0.05667977574	0.2196763086	0.1709427203	0.1460796702	0.3428221239	-0.06654979821	-0.04753785564	0.1490678468	-0.02973956593	-0.01979284434	0.02770132679	0.002046343918	0.2002545151	0.2225698587	0.002286772824	-0.018536695	0.08649388787	0.1309989591	-0.004516785418	-0.04770270993	0.04165192007	0.1724204667	0.03607212539	0.1080725531	0.05660984364	0.03540584676	0.1461333969	0.1707421928	-0.007336552989	-0.02012565408	0.09926195544	-0.03392090966	-0.04558995643	-0.2556336272	0.01158186254	0.2651258648	0.2590866033	0.3138430207	0.1537745616	0.2907597198	0.2001641596	-0.07164027421	-0.005780129059	0.0009237149781	0.1366277513	0.003768239329	0.1078590396	0.04053780341	-0.006788100408	0.2362273582	0.06270815601	-0.04545204291	0.02612103045	-0.07980228725	0.07149885716	-0.01969120373	0.1810405178	0.0490136912	-0.08849680066	-0.01887134493	0.0001382317309	-0.05449882995	-0.001785018716	-0.0005049369499	-0.0324788498	-0.02083432516	-0.007117934304	-0.04812648937	0.08753105925	0.06729952257	0.1374243435	-0.04804916071	0.1296629622	0.08418096305	-0.03721283973	-0.01479426868	-0.01288343697	-0.05973372899	0.03166465543	0.2062288298	-0.03069274822	0.03662809534	0.03760125343	-0.02298619485	-0.02028979486	-0.0357625964	0.05061598564	0.1468207639	-0.02505314157	-0.0569099725	-0.06168349923	0.04293619381	0.05878878332	0.06941096059	-0.007881047747	0.01681823146	0.08185011694	0.1144623063	-0.05246064199	0.019280908	-0.0358287606	-0.04486951457	-0.02484944041	-0.02095532214	-0.02990061956	-0.02178481684	0.04401504644	-0.004652800793	0.03957906798	-0.01077678655	0.04367027162	-0.04415613587	0.09383126503	-0.07754195453	0.04087863423	-0.04065214651	-0.04667513435	-0.01925676931	0.006014689902	-0.05044796713	0.1042410434	0.4983760393	-0.02614410712	0.2475081105	0.2722668434	-0.04264528456	-0.2247042038	-0.08202801928	-0.05790967915	-0.05315787707	0.02480307667	0.02014266349	0.004460214267	-0.002381155187	-0.06376584283	-0.1519581204	-0.03715873781	-0.02755242995
0.06361390293	-0.03728685699	-0.009884705654	-0.007085430378	-0.02541646614	-0.05415594327	-0.04736242085	-0.04581781998	0.08388072577	-0.3129388056	-0.3017747461	-0.3016915252	-0.307993076	-0.3006937804	-0.2794502673	-0.3259127312	-0.3092495825	-0.3068805996	-0.2393593122	-0.3349858971	-0.03500376459	-0.05433621892	-0.224697368	0.003806895207	0.03056580301	-0.3084986917	-0.3067876689	-0.3054622882	-0.301708413	0.01145026486	-0.2995219356	-0.09954131822	-0.1114925699	-0.1289730731	-0.1155974533	-0.3023107708	-0.0246810735	-0.01288054602	-0.03319363118	-0.05754613479	-0.08049288457	0.02397212318	-0.3104698524	0.02746360105	-0.3259285032	0.03044885302	-0.0896064632	-0.06124596773	-0.002478144	-0.04721247611	0.02541147421	-0.08532715788	-0.3019744619	-0.2948530129	-0.3219809675	0.01209052205	0.01630116775	-0.02832724163	-0.3302541496	-0.3215480531	-0.3017832939	0.02872113884	-0.2988875524	-0.07053764483	-0.08301581855	-0.06734405056	0.009331230685	-0.06447801072	-0.07162273827	-0.04201111935	0.05112065712	0.06549732044	0.0645500793	0.04285707604	0.05738934538	0.06444626797	0.1735832205	0.01469199671	0.05209866413	-0.01834649237	0.4378884479	0.7177041345	0.1039442715	0.01403355665	0.1080628719	0.1324238554	0.05044043148	0.1598293181	0.1253291687	0.3815515311	0.09729014659	0.2355669048	0.06724566984	-0.0238898668	0.2561764926	0.2129658796	0.1917459857	0.2413937762	0.02477350444	-0.04060806276	0.1224919238	0.05773559392	0.01442964668	0.04886352267	0.0564440199	0.1642005117	0.2683570601	-0.05094032623	-0.05003915824	0.1296402153	0.1419743463	0.02674226175	-0.02271521566	0.1069730807	0.1771211733	0.01225421122	0.1781132577	0.1383307334	0.01224769143	0.2120946584	0.1400449092	0.02314540627	-0.04029664219	0.1675367947	-0.006432817037	-0.06135412793	-0.3045190982	0.03936486231	0.2328733724	0.2149432006	0.203190632	0.2038436204	0.1954510613	0.194216505	-0.07032333962	0.05566557359	0.01992561822	0.2017174943	0.07021379545	0.04574219555	0.03136915119	0.05471231781	0.2746090025	0.09163392528	0.01053874532	0.008154448675	-0.04351718172	0.1679586973	-0.03523334952	0.2101151682	0.04996685939	-0.06758747848	0.03648199552	-0.002684974819	-0.003611683464	-0.004609516189	0.02354585322	0.006777187278	0.02203897869	0.0004326627942	-0.006419463444	0.08635429341	-0.03720203498	0.1436223956	0.008497433612	0.1189089096	0.00412190362	-0.0265765442	-0.007661276733	0.001614344546	-0.02707694348	0.048038835	0.1571556522	0.05081968724	0.02924398472	0.08455198362	-0.01683579883	0.05226310777	0.01942408981	0.1260535738	0.05320521612	0.06780142676	-0.01880147373	-0.02149449245	0.07071986168	0.09963131801	0.1123877714	0.05858563055	0.003477854181	0.07438481197	0.07445865923	-0.02044082695	-0.03311937738	-0.06236162298	-0.01638712711	-0.06343186641	-0.05599970985	-0.007340870237	-0.04624609423	0.110525626	0.01795342246	0.03405646419	0.06284572654	0.06572662242	-0.04261304144	0.05667585017	-0.07485838535	0.05040190409	-0.03184513689	-0.06491321341	-0.01092650968	0.0002130816614	-0.02775910802	0.1084316451	0.3445163088	0.02993337311	0.2216573529	0.2369918087	-0.06131256291	-0.2367414504	-0.1539781782	-0.02982503652	-0.06489536051	0.039563133	0.06396820576	-0.07015000152	-0.004260564646	-0.05588818571	-0.2299240741	0.008349702831	-0.02746707804
0.1613260199	0.02131517682	0.1340917842	0.07635350898	0.01402047035	0.04287794827	0.03710103376	0.07809789346	0.03508774835	-0.3198892818	-0.3524116593	-0.3608724846	-0.3405276098	-0.3366241713	-0.3432902466	-0.3394201266	-0.3159231894	-0.3635499193	-0.3344427923	-0.2930777706	-0.08475667159	-0.02539896311	-0.3304870124	-0.04029054822	-0.08884173507	-0.3051291225	-0.2961291399	-0.3425182192	-0.2898418851	-0.09803498083	-0.2897066747	-0.03609726504	-0.07337557676	-0.2495657878	-0.04210107239	-0.3419479406	0.07620366315	0.1191950418	0.1164770248	0.04931101334	-0.01984520736	0.07223797229	-0.3041360132	-0.09971798393	-0.3193409508	-0.01343528599	-0.07776366198	-0.02366096572	-0.1112548316	-0.09179010958	-0.09683091602	-0.003424706563	-0.3431092798	-0.3328463192	-0.3267730344	-0.105446463	-0.09702160558	-0.09500054628	-0.3164489286	-0.3020727425	-0.3208324354	0.01557592218	-0.3434729705	-0.07876531416	-0.07957148029	-0.06963856791	-0.003574044821	0.05959845626	0.05353397745	0.08846010658	0.03020351847	0.1069828021	0.1076913072	0.03442344563	0.08067303617	0.1887168365	-0.02062659627	0.09827346737	0.09524663717	0.1020373572	0.2056789117	0.1039442715	0.531122854	0.002317089569	0.1090198908	0.3268051269	0.1394969589	0.01623638918	0.1464671075	-0.06833872969	0.2722101301	0.06661964379	-0.0395880922	0.1279958556	0.01140510358	0.06556022604	0.03498426103	0.3141573452	0.2044705198	0.0615573184	0.231332248	0.05695033634	0.03644375496	-0.02250957941	0.006149902716	0.1887235586	0.0522942173	0.08673461498	0.02485724356	0.0296046448	0.2443701584	0.07508658032	0.05170880708	0.1315107434	0.2899909379	0.1037971565	0.02420577747	0.07399744676	0.1206723691	0.03047355015	0.1264800603	0.02624972577	-0.01952854499	-0.1112999335	-0.0245385432	0.01022897174	-0.2971998991	0.03720800173	0.09614947708	0.04522159663	0.4051913597	0.0708160637	0.3213009496	0.2292106905	0.04229253293	0.06220537447	-0.0348312813	0.03508254071	0.1262573696	0.02676622075	0.05325607203	0.07437818434	0.1917021468	0.1222403661	0.1315437463	0.1197641621	0.08382318928	0.05258091251	0.08982956108	0.2064634014	0.01143666426	-0.08146988505	-0.04854407133	-0.07614176553	-0.09938222693	-0.04524966255	-0.1222951093	-0.1546236984	-0.1034911505	-0.09890202638	-0.1097338639	-0.002328035757	0.01468963392	0.2550605898	0.09819989771	0.1415544159	-0.1411161798	-0.01301967649	-0.07456702464	-0.1057308997	-0.03868454408	-0.1556339808	0.06627355316	0.09207332414	0.002753242848	-0.004016479616	-0.02662181337	0.08483155427	0.1315814828	0.1084824931	-0.003259829558	0.064462466	0.1120905086	0.1209175563	-0.01035302045	0.02903625823	0.06761092395	0.07962448546	0.1366088046	0.1521030152	0.3182652643	0.1000140173	0.07761867222	0.03398119415	0.02226015268	0.09758610567	0.05988346864	0.1041064362	0.02060941416	0.07946453278	0.0128190267	0.0123262756	0.03657758227	0.07386827985	0.01640430818	0.04064304367	0.0336831039	-0.04162190304	-0.03697620461	-0.04681321994	-0.09681517554	0.1405611337	0.07057948207	0.1733824698	0.1415846963	0.1266606964	0.289796585	0.1994969761	-0.04034255975	-0.3553476795	-0.254048343	0.09227555987	0.1024054702	0.07626127684	0.1464557045	-0.07318167107	0.03393686264	-0.04002349848	-0.3613169031	0.08938975748	0.03754219585
0.058893379	0.1107334453	0.02243506782	0.04420510995	0.04782359071	0.08040650434	0.02367110942	0.02711499842	0.07316124272	-0.329881292	-0.3143587679	-0.3198991961	-0.3021167835	-0.277486622	-0.2734609971	-0.3044157209	-0.3262438307	-0.3196722372	-0.2834306029	-0.311503325	-0.03064758675	-0.07874569631	-0.3055741614	0.02671425495	0.04724694437	-0.2829909911	-0.2771289945	-0.2727351474	-0.2780562859	0.02332393218	-0.2810723163	0.007156918618	-0.07121731063	-0.1967758615	-0.01724545691	-0.2791844382	0.00553515107	0.01976907263	0.009458271023	0.04087205472	0.0107953689	0.01594716291	-0.2819101632	-0.0387452896	-0.2896124406	-0.02067866234	0.0307895086	-0.02461958287	-0.02960851523	-0.06524594894	0.02995186266	-0.05930420977	-0.2825419352	-0.2717195803	-0.2653863387	0.02668191692	0.03417277142	-0.03255471874	-0.314546943	-0.3256868403	-0.2681322156	-0.08086092359	-0.2738810413	0.02834812861	-0.01248432467	-0.05107963044	0.05916280258	-0.0170178892	-0.009395858766	-0.004451863306	0.08776219944	0.0986671985	0.09651685426	0.003539357554	0.05421866463	0.03960109596	0.1277118614	0.08428217819	0.05301212393	0.01461885891	0.04081168824	0.01403355665	0.002317089569	0.6478307462	0.12071647	-0.0006053346638	0.02965040616	0.1267309855	0.06949727304	0.07347906391	-0.02287630849	0.05334154435	0.08154666256	0.02433446435	0.08293759158	0.09035041576	0.1099580955	-0.003924862567	0.09888858913	0.0854826276	0.0826770007	0.0443257136	-0.03223014518	0.1029103469	0.1078043108	-0.01282942011	0.09203475579	0.09692165506	0.06965466787	0.06889225206	0.02208304069	0.005976967115	0.1109524694	0.03645540878	0.05848846408	0.08016581279	0.08031372838	0.02973807185	0.05756387312	0.1331689346	0.05751394143	0.1874716564	0.03542693034	0.08885297827	0.02587120986	0.03723791008	-0.2770500764	-0.01257526827	0.08076707541	0.1092629137	-0.02162792567	0.06187589412	0.03121940105	0.0103257038	0.0802405276	-0.01475154074	0.06408309046	0.1124991358	0.05199644532	0.1550257304	0.06792481217	0.08208404368	0.03577449701	0.05516485293	0.06333681535	0.05727433062	-0.01143894458	0.1499938374	0.03917692071	0.03021052605	0.02593754658	0.03657044692	0.09098925239	0.06043025821	0.1364395961	0.02052390751	0.1028967011	0.05614206613	0.1319211843	0.07587582171	0.119235978	0.1866448629	-0.02505843168	0.03444530494	0.02618719285	0.04472974685	-0.04916702045	0.04001772867	0.03264827536	0.03946769232	0.01125869292	0.00833430045	0.1440153234	0.02834442501	0.03597095461	0.002465428247	0.04815013257	-0.02160986948	-0.0001045311869	0.1159319127	0.1214252451	0.04993494721	0.06041848563	0.03932871446	0.1513284967	0.1166576652	0.04544191382	0.07955062743	0.02195231933	0.0192349055	-0.01779351394	0.06833292948	0.07231317858	0.05050427688	0.02875732537	0.03088289224	0.06217731749	0.002894082999	0.0529293643	0.05838718123	0.1155181552	0.1320221048	0.08027689262	0.05444854164	0.0006994626569	0.07098538457	-0.009986111919	0.02932577266	0.04302060905	-0.04342087563	-0.0509804196	0.01808085857	0.002363348102	0.03760745162	0.04237016551	0.03717809357	0.01743031751	0.01121923541	-0.09011230122	-0.3399994438	-0.2038416165	0.06608355289	0.08586857185	-0.002885787181	0.08673463849	0.02574154694	0.06962820302	-0.004561759275	-0.3217100087	0.02226000469	0.1406136559
0.07061233143	0.02774020718	0.09090835726	0.1073457793	0.01214514397	0.06010850432	0.001914689869	0.04635966707	0.1317515795	-0.3804639091	-0.3661678715	-0.3731172199	-0.3514937656	-0.3489187963	-0.3411366856	-0.3534345984	-0.380571126	-0.3734116976	-0.3448889799	-0.3624384207	-0.07067468788	-0.09486101606	-0.3332111848	-0.08017416797	-0.05759314196	-0.3560495662	-0.3558813255	-0.3491737788	-0.3555734663	-0.06406043615	-0.3497760798	-0.101409799	-0.09308833999	-0.2351263916	-0.1109141118	-0.3458983941	0.05465577896	0.1002415826	0.1071557901	0.06115091521	-0.007400938428	0.08118213693	-0.3912475028	-0.07343132612	-0.3676750042	-0.005062625225	-0.05828509681	-0.02812377716	-0.07831788224	-0.08483568088	-0.0456787941	-0.07912928048	-0.3485055823	-0.3483231563	-0.3364590699	-0.07321776195	-0.06753582965	-0.08372830288	-0.4024956068	-0.387264929	-0.3789208843	-0.04690748586	-0.3469362848	-0.04583585719	-0.05119083798	-0.05839057236	0.0226463596	0.004480798575	0.04844667715	0.06456487338	0.07838555793	0.1001184472	0.100810178	0.04079253895	0.1077249303	0.1198391918	0.1340038944	0.06589143759	0.1020246566	0.1017125683	0.03521244779	0.1080628719	0.1090198908	0.12071647	0.5005648747	0.02757439348	0.04058050777	0.1780407507	0.1241771664	0.005456493576	-0.001968646736	0.1441587216	0.06194110554	0.1392068065	0.1546931903	0.1392602901	0.1830005999	0.04378732667	0.1082936689	0.0475724127	0.1431981377	0.09169865123	0.02390936369	0.04013945064	0.08443288865	0.09478916014	0.10269698	0.08819453671	-0.01701047277	0.09929067737	0.1131712685	0.09699137328	0.06553999282	0.194631877	0.1372050569	0.03740146466	0.3532915475	0.143264193	0.1322975499	0.1708823049	0.1404999023	0.1904198214	0.05212217803	0.02845579978	0.0739310687	-0.006241984409	-0.3832403797	0.01280534506	0.09758181043	0.08538814342	0.03870439818	0.1320002024	0.04773924718	0.1719970037	0.05191575501	0.03813733298	-0.03751409984	0.1879651942	0.1331359774	0.02969282511	0.1038104457	0.1073466478	0.2492072675	0.1398138741	0.1126943976	0.1233670149	0.07872839458	0.2631550557	0.08582882341	0.2323709647	0.01625600056	-0.04334117685	0.06450265204	-0.005099948386	0.0454388315	-0.02859403898	0.03342518379	-0.009327656071	0.05115417947	0.009630039508	-0.01248591979	0.1166320891	-0.06065697487	0.07431761475	0.07511356072	0.1414032338	-0.109838384	-0.0495482335	-0.02759276383	-0.01627252624	-0.03915916412	-0.05001562555	0.02997235697	0.1390938034	0.02847249784	0.07322513667	-0.034871285	0.04999551212	0.04202721265	0.2991425524	0.1221218465	0.1704573796	0.04075461165	0.08346742112	0.1588278895	0.1834593286	0.1823461771	0.1288337931	0.07934314822	0.08865785405	0.04765452918	0.1172858935	-0.02837406243	0.01908275716	-0.01496820839	0.05642965854	0.01063650902	0.1126276996	-0.002265568028	0.08184092469	0.02046196214	0.01623061001	0.1232850635	0.07877941721	0.01414504945	0.08290840007	0.03560451126	-0.01890677243	-0.03493954899	-0.07161031948	-0.0752336784	0.08779209236	0.09995814152	0.08345441039	-0.0060983033	0.1057163648	0.104291076	0.1020183819	-0.1177623005	-0.3526866687	-0.2408379498	0.04131260845	0.0508446418	0.06393642539	0.1023872808	-0.06320881428	0.03695521386	-0.02364195907	-0.3611760114	0.08172585357	0.02558516239
0.2610297797	0.02298685758	0.09656746321	0.1027274133	0.01455934684	0.01124756355	0.04805030619	0.0734003504	0.08504070223	-0.3248612021	-0.3561211696	-0.3628990854	-0.3443921731	-0.3419592478	-0.3484692837	-0.3404664774	-0.3201136903	-0.3667569316	-0.3383914878	-0.2965367007	-0.08599192374	-0.03513518216	-0.3368624424	-0.05447717869	-0.09656602172	-0.3093565229	-0.3031578336	-0.3502962132	-0.295646004	-0.1035253442	-0.2933182673	-0.04462413554	-0.07082632145	-0.2530240844	-0.0383510273	-0.346886806	0.07580945505	0.0566307973	0.07708366059	-0.01529250953	-0.05843378453	0.01645458487	-0.3090239223	-0.1021851241	-0.3219330337	-0.04748063719	-0.07200332875	-0.04868892634	-0.1244222758	-0.08864546597	-0.09707378057	0.0001356813518	-0.3475997255	-0.3379345317	-0.3327420947	-0.1107749135	-0.110084389	-0.09055261877	-0.3206536087	-0.3052457459	-0.3219015272	-0.001085251062	-0.3500531134	-0.08573858428	-0.1020461408	-0.07311841943	-0.002870020661	0.03322062357	0.04696316357	0.05841016041	0.09710129203	0.1194670713	0.118950297	0.09729985363	0.06657024608	0.2258638262	0.01445508826	0.111664618	0.1178797868	0.06497015787	0.1688899106	0.1324238554	0.3268051269	-0.0006053346638	0.02757439348	0.5219949337	0.1803896729	0.03452114477	0.1010765536	-0.0476029115	0.3594887664	0.08000498118	-0.03334887362	0.08858085416	0.02962933723	0.09328261272	0.06023046251	0.2899166117	0.1648320795	0.07639848294	0.1771254315	0.111522911	0.06867194497	0.02289762391	0.02211593336	0.1810673314	0.05202259056	0.02921536734	0.01473239244	0.09279347297	0.2598225852	0.0152361624	0.03795542391	0.1620178063	0.2713036125	0.1824763493	0.02289115398	0.1186742234	0.09819412298	0.05190965255	0.09539236905	0.03527398213	-0.03092283209	-0.1211580688	-0.03963937763	0.06254089149	-0.3015267714	0.1160755403	0.0768495152	0.04288788806	0.3262540168	0.04678257179	0.2412419353	0.2360657418	0.06612796575	0.09305822533	-0.007571714081	0.05809302327	0.1093366262	0.04834131953	-0.00175660881	0.08404387429	0.1882463428	0.09528662857	0.1069607837	0.09543605176	0.06674932596	0.06108766304	0.03420676589	0.2034311481	0.0442930661	-0.07776886578	-0.07825656352	-0.06915907447	-0.1073504087	-0.0582521351	-0.12364071	-0.1598131956	-0.08370036871	-0.08445599729	-0.09741216495	0.057435988	0.0379723659	0.3019063402	0.09223589088	0.06067551726	-0.100410373	-0.0001733975621	-0.08537530434	-0.09139987988	-0.02386770397	-0.137603962	0.0663928086	0.05235246633	-0.036573191	-0.01769643452	-0.007082733363	0.06001515234	0.1449043636	0.06769607575	-0.01488041091	0.125625373	0.09260273055	0.1077484922	0.0191253989	0.05463526889	0.05035956282	0.07681987773	0.1795111937	0.2373411689	0.2500615118	0.08482830539	0.070587093	0.04203411933	0.08169247916	0.06676951775	0.04973139079	0.04151589243	-0.01040217419	0.05993335418	0.01876509986	0.006137945827	0.02936699667	0.07870039316	-0.01434097873	0.06546212356	0.004045607662	-0.04145163777	-0.02353328695	-0.05836466209	-0.05755598654	0.1575614894	0.06433747365	0.2307073608	0.1809764969	0.1495666528	0.3317976986	0.2125077432	-0.03909517864	-0.3574276318	-0.2548847524	0.07546468431	0.08649984677	0.05647790513	0.1676889951	-0.07626727955	0.09077123818	-0.05327977505	-0.3642569863	0.1093549671	0.1004722298
0.08839272973	0.06705645543	0.06989692474	0.09647076846	0.01581949162	0.03586665261	0.04415358454	0.06673928597	0.1144882516	-0.2867918786	-0.319177556	-0.3171399993	-0.3121756925	-0.3084006518	-0.3047259004	-0.3057625613	-0.2735236546	-0.3212351591	-0.2894052153	-0.2618996001	-0.0629264203	0.01293427848	-0.2952999465	0.003249531124	-0.03883661496	-0.261726487	-0.2615853304	-0.3066087135	-0.2481236685	-0.04643925215	-0.2534899253	0.006821175067	-0.02683861909	-0.2090795372	-0.009992190165	-0.3021979566	0.05071271109	0.0416418544	0.05782028196	-0.04417093313	-0.02973939256	-0.01924767223	-0.2709592894	-0.03946217404	-0.2844212187	-0.02844019927	-0.05157710144	0.005578258811	-0.07266654948	-0.05008680168	-0.04261758143	0.02592692738	-0.2950888215	-0.2940900553	-0.2936382663	-0.05370355989	-0.0463475217	-0.04139793967	-0.279327569	-0.269654683	-0.2776297208	0.02507907099	-0.2952685025	-0.03672057598	-0.04558348739	-0.03879072498	0.02261539925	0.05500336091	0.0343200232	0.03522757819	0.1021405418	0.119108766	0.1203807072	0.0621651796	0.08461064126	0.08388418897	0.1110153109	0.1603885273	0.0467136433	0.04604941103	0.01757681319	0.05044043148	0.1394969589	0.02965040616	0.04058050777	0.1803896729	0.5879679679	-0.01395183119	0.02544532809	-0.01096894714	0.2710684575	0.05469075375	0.01131256849	0.06884287303	-0.0266629187	0.05045165652	0.03285020513	0.05963935479	0.1851234386	0.09971643076	0.05333574153	0.08109700776	0.09011055586	0.08957970196	0.06320678754	0.02561797182	0.03212664678	0.04684450432	0.1333354194	0.08559021254	0.07694603129	-0.01868029721	0.05401125878	0.08130505693	0.08244689943	0.06149243207	0.03658123735	0.1879275298	0.08215962655	0.02378332449	0.02559929206	0.08454400244	-0.01940296901	-0.06871211695	-0.004741008369	0.07278666812	-0.2657588552	0.09570205073	0.01433978905	0.05942585383	0.1634249408	0.02165849141	0.05200952036	0.07490109958	0.01537216177	0.1560601231	0.1079902482	0.03052889446	0.1149118203	0.08051659555	-0.002156737571	0.04945353284	0.02640217638	0.05580331396	0.09158286257	0.07983820601	0.05174007066	0.0197638647	-0.00715583807	0.03706638709	0.03188628762	-0.04180900192	-0.04423788586	-0.004986889986	-0.08413357835	-0.03032361587	-0.09673342655	-0.08290631911	-0.04435604489	-0.02472845033	0.01003617117	0.04404320903	0.06795477599	0.1333839956	0.1090347694	0.01464009953	-0.04260659682	0.09544104949	-0.02217746075	0.01710838672	0.1084449752	-0.04687506978	-0.01437938874	0.02118284961	-0.01427441097	0.0264413321	0.08799345945	0.07158258554	0.1478812588	0.07243342613	-0.008302960807	0.07816489027	0.1149632595	0.1328330382	0.04562731397	0.0943703676	0.05512880277	0.08056953389	0.09697935674	0.1470304032	0.116475483	0.08710693417	0.1168769636	0.04349769938	0.08621934319	0.0511805928	0.01766991724	0.01142131783	-0.02006196153	0.06007874312	0.07716266255	0.06926944401	0.03337063831	0.06050530077	0.009406560032	0.03704953268	0.03418417669	0.0237996805	0.01601676914	-0.01536097972	-0.06787859826	0.1017801412	0.04627198159	0.1611174985	0.05177508072	0.1307151815	0.1010385533	0.06701085286	-0.008577374825	-0.3265292658	-0.2126819501	0.1162067204	0.1000370815	0.02937009641	0.110484178	-0.03401993666	0.05104226856	-0.005309465393	-0.3334805141	0.08345684693	0.09574645084
0.06101073291	-0.04079343532	-0.00127936269	0.02418923755	-0.002909625019	-0.02155658842	-0.0179631596	-0.009271270242	0.1062591021	-0.3449910115	-0.330403297	-0.3351105568	-0.3157992026	-0.3230713936	-0.3119188846	-0.328511941	-0.3385784054	-0.3329991686	-0.3142529862	-0.3406692589	-0.05450889488	-0.08522940417	-0.3073605613	-0.02927310277	-0.009856270446	-0.3278123753	-0.3180748696	-0.3290269904	-0.3215172328	-0.02624914257	-0.3191716369	-0.08065816997	-0.07896625332	-0.2007602738	-0.09651155898	-0.3192806537	-0.01219886381	0.0003030892909	-0.02082237771	-0.01763112339	-0.04456452411	-0.004619969729	-0.3521479606	-0.03578797531	-0.3343455051	-0.01065855949	-0.05763018047	-0.07746105567	-0.04197144001	-0.05281328604	-0.00779363319	-0.05505854727	-0.3179606833	-0.3123945475	-0.3085225541	-0.02058862734	-0.01450114622	-0.0546359317	-0.3656223948	-0.3485330485	-0.3365145664	-0.003863319698	-0.3201152777	-0.0240988136	-0.02945323312	-0.02703464388	-0.01036309933	-0.06134899155	-0.04468706485	-0.02094780438	-0.0106937514	0.09927177783	0.09356692701	0.0314271259	0.09701538427	0.03257280816	0.05091889138	0.05164693089	0.02262811376	0.004791228259	0.0883273824	0.1598293181	0.01623638918	0.1267309855	0.1780407507	0.03452114477	-0.01395183119	0.6867213858	0.295373732	0.1717774199	0.0206523771	0.2025334036	0.2397212575	-0.006987089708	0.4868440785	0.206582014	0.3178856979	0.1783561795	0.05279823284	0.002955002517	0.1532668524	-0.01105062045	0.03789933772	0.08110813113	0.05630703513	0.1882676987	0.1992535673	-0.06212766725	-0.03908052828	0.1068732332	0.003107464388	0.009785107639	-0.0158930207	0.1022682772	0.009685202018	-0.001609099285	0.2464035547	0.0442833751	0.03324488388	0.4494238399	0.3021433097	0.03771725873	0.05648264076	0.07199173565	0.002210536657	-0.04668754103	-0.3447490799	0.05505232017	0.1943199511	0.1477905884	0.07426038716	0.2863865893	0.1605857432	0.1719316396	-0.006281962531	0.05759485768	0.080359972	0.3239149662	0.2458560452	0.05891755433	0.01905337612	0.1251581986	0.225913369	0.04305972589	0.04118518507	0.0310830177	-0.02593018808	0.2541158396	0.06821456488	0.2258983841	0.006355223817	-0.0002768252736	0.05634098414	0.04551889537	0.04687043833	-0.007639917492	0.02508105721	0.01671884163	0.04718618824	0.03971298708	0.03295381602	0.03153422444	-0.0362646612	0.01996554618	0.02328435417	0.1004728313	-0.003427504165	0.02812359781	0.04576785216	0.07661962527	0.03252681364	0.09634040306	0.06659744244	0.01312092667	0.0005391908331	0.09484142055	0.05835528826	0.06433358743	0.01226766814	0.1603899995	0.2479715212	0.1008917053	-0.02192990341	0.02223418657	0.09720124916	0.07777862888	0.1324655762	0.07874447611	0.01745094906	0.03833745091	0.05681288394	0.01732872001	-0.04464308284	-0.007865783543	-0.005926590082	0.0172083745	-0.03871943441	0.04346402559	0.009060904896	0.06904336132	0.0586881654	0.03462652287	0.1505958543	0.07326560931	-0.03895398348	0.04781909781	-0.08088019568	0.01581994772	-0.002412033843	-0.03547993289	-0.02285837144	0.01243152052	-0.03422231965	0.063956043	0.05199956466	0.06749587986	0.1479234606	0.1073191121	-0.1110751375	-0.3228884941	-0.20225448	-0.06006449766	-0.00861250367	0.005377851419	0.02272411142	-0.04668755596	0.03211089969	-0.02640784344	-0.3182358307	0.02315916357	0.01680751052
0.09118677725	-0.0006182386448	0.05672754865	0.07848753292	0.02763978196	0.03875755927	0.0234255016	0.05781832512	0.04913851443	-0.3741940873	-0.3569456648	-0.365266073	-0.3434592861	-0.3412600785	-0.3322423016	-0.3439092213	-0.3693520901	-0.361309348	-0.3171015288	-0.3536339416	-0.03040849542	-0.06341436487	-0.3149226328	-0.07785773332	-0.0550765205	-0.3514783633	-0.3478418548	-0.3490562411	-0.3574541554	-0.0623096283	-0.3450982591	-0.09124160276	-0.07153869999	-0.2066252005	-0.08047730524	-0.3434124565	0.02141669488	0.04048494889	0.02420831495	0.003492467194	-0.01863423584	0.05254613638	-0.3863410244	-0.06336868502	-0.3571015278	-0.005903607872	-0.06343597814	-0.05105665399	-0.07121810376	-0.03933790935	-0.04384532276	-0.08355655597	-0.3370264147	-0.3404474801	-0.3272484709	-0.06909967842	-0.0628103827	-0.0420368539	-0.390670598	-0.3715982758	-0.3671790558	-0.0051101681	-0.3503915253	-0.03564085717	-0.0496535252	-0.07274270178	-0.02500905606	-0.06956480734	-0.003188009133	0.03905999756	0.05976859237	0.07002091555	0.0674926502	0.1152623606	0.05296370407	0.07035155304	0.00497968201	-0.009214382246	0.05728176445	0.02248004579	0.1427762174	0.1253291687	0.1464671075	0.06949727304	0.1241771664	0.1010765536	0.02544532809	0.295373732	0.5759688263	0.06602243147	0.06162946281	0.2914700319	0.1324105409	0.04130710335	0.1871707407	0.3181006303	0.2961746071	0.3550305787	0.03913735923	0.004232085723	0.320095659	0.07752696751	0.09247678372	0.01169614419	0.03664015526	0.3501171116	0.1544129837	-0.0006750653218	-0.03257375439	0.09824855343	0.07439193951	0.06184883256	0.006805293892	0.07081347298	0.0862867381	0.04290368453	0.1416600345	0.07843495542	0.04374165935	0.2809420312	0.508491653	0.02281919404	-0.03677619083	-0.01692704103	-0.01915567147	-0.01814075986	-0.3778096329	0.09450768426	0.1620280031	0.1640301844	0.2149753343	0.3951270873	0.2803929883	0.22067728	0.004703588006	0.1276669107	0.002968085157	0.3014705614	0.1965784992	-0.009724936972	0.0595279561	0.1296848425	0.1236726835	0.02203764651	0.05327787951	0.02936529503	0.01527178837	0.1316287645	0.1317018891	0.1390185783	0.04085582276	-0.03622776176	-0.0413751905	-0.02981326785	-0.0672559287	-0.05444142713	-0.1005713386	-0.1118690119	-0.05657263001	-0.07099645723	-0.05264410396	-0.003843809817	-0.004103903602	0.07578905765	0.04584172102	0.2403748611	0.000906912224	-0.01585524446	-0.07943272249	0.01152012973	-0.02071762389	-0.05485533084	0.02175633727	0.07526336455	0.01504162026	0.08643073018	-0.01283947566	0.0771302869	0.08532619601	0.1321353931	0.1679764877	0.08702125198	0.03135694518	0.05273484074	0.04695723414	0.09080194472	0.1359439472	0.1338050827	0.07344517204	0.06744837683	0.1593101714	0.06297060658	0.009360629141	0.00664079123	-0.004909635498	0.06156907202	0.01599675625	0.08449288362	0.005483145501	0.0547996686	-0.01405426597	-0.0006313852294	0.1179926548	0.0717233556	-0.002810233735	0.05135898507	-0.03475354726	-0.03152999172	0.008022293465	-0.04622209069	-0.02752201818	0.06949511282	0.009311740413	0.08184478797	0.1397769968	0.0938852287	0.2317405261	0.113231199	-0.08851001995	-0.3221864503	-0.2176882401	-0.03126511971	0.01898477025	0.09233947719	0.05110666599	-0.0716074636	0.05638948438	-0.01691460428	-0.3332840657	0.1024200046	0.03845821915
-0.0221973322	0.06455678789	-0.08846027675	-0.002115688895	-0.05527588431	0.02815386681	-0.03775965393	-0.09459862816	0.0815235519	-0.2907172961	-0.2611850513	-0.2647645212	-0.2849724582	-0.2599489608	-0.1987023366	-0.2925288336	-0.2712570004	-0.274825278	-0.1699024153	-0.291895885	0.05496579197	0.001302903019	-0.1713917896	0.08852882757	0.1139662955	-0.2504616037	-0.2698743344	-0.267349532	-0.2386591446	0.1135862596	-0.2643078823	-0.01869980315	-0.04011499714	-0.06930529286	-0.02745780679	-0.2495000235	-0.09569643794	-0.08469601552	-0.09985462318	-0.08966038774	-0.06084459458	-0.0422857504	-0.2475904794	0.101465748	-0.2499571802	-0.0130860098	-0.006056983334	-0.03207354353	0.07771096914	0.01281480937	0.06609260799	-0.0055570864	-0.2269020392	-0.2513431165	-0.265063571	0.1169531161	0.09880946789	-0.004869548243	-0.2551659302	-0.245612628	-0.2635156518	0.004468032796	-0.2506233014	-0.03277566611	-0.01608447813	0.008501937624	-0.01088974123	-0.02171799754	-0.1002811483	-0.1071507214	-0.07653266059	0.02331693972	0.01758510856	-0.04831986702	0.02853569978	-0.02570481473	0.200046257	0.05589502837	-0.04749878366	-0.07691490291	0.3798346143	0.3815515311	-0.06833872969	0.07347906391	0.005456493576	-0.0476029115	-0.01096894714	0.1717774199	0.06602243147	0.8574967563	-0.0546539717	0.2582883508	0.1639478934	-0.06702778676	0.2555150256	0.1894546521	0.2212162492	0.05235954445	-0.06151628109	0.02120681095	-0.03064677483	-0.1087371655	-0.007143038909	0.1673066461	0.02083089921	0.08256775102	0.4319141436	-0.07198013239	0.07683321609	0.03929758606	-0.09890552505	-0.04998370465	-0.03771997336	0.05757012368	-0.05270654259	-0.002026563167	0.1182581537	-0.03885588516	-0.06359653422	0.2107081466	0.1305849487	0.02964404663	0.02973023866	0.2320047971	-0.009349888885	-0.01400425139	-0.2439329275	-0.03165162466	0.3734495948	0.4414119483	0.01142051011	0.2225914121	-0.00351893389	0.01287592462	-0.04003324015	0.01057717925	0.1021377213	0.2157157518	0.06016514532	0.140771308	-0.01519010134	-0.04910877353	0.05978788282	-0.0007656176253	-0.0597749385	-0.05614350355	-0.1033557565	0.1109236393	-0.06920258167	0.02714390122	0.09060124414	-0.02773411762	-0.01229335421	0.05129764035	0.05714062475	0.01483353524	0.1265847263	0.115178896	0.07472421883	0.07527877673	0.01558735668	0.1303039394	0.05339607241	-0.03787193652	-0.04130454963	0.02956399899	0.07572540705	0.0525264822	0.2210514794	0.1122984623	0.06658032275	0.2841626765	0.05426780473	-0.09369573192	0.005871385806	0.1200811196	0.08204722316	-0.02058018754	-0.04939740726	0.0264275752	0.4388406185	0.022826764	-0.08606957424	-0.02051565909	0.1012136134	0.04561719365	0.1178751407	-0.02656052048	-0.04841854263	-0.02059358888	-0.01913487997	-0.05370281953	0.08026426833	0.004342091779	0.02262576111	-0.0529170346	-0.02040794675	-0.05161954961	0.03206567441	0.04869279533	0.04656526998	0.07348934733	0.08409266469	0.005801788024	-0.0853591205	0.1193868373	-0.03004757526	0.05153654173	-0.08188449619	-0.0002734474182	0.04767716236	-0.06643225136	-0.09933518283	-0.01358743057	0.4495760667	-0.02187476556	0.07218140195	0.1007419327	-0.0106530109	-0.2079511139	-0.1071879465	-0.0693594955	-0.03631932525	-0.03927598885	-0.02418909249	0.01328435262	0.0315528056	-0.06583133801	-0.1629382455	-0.07921457825	0.01713926225
0.3195825885	-0.04251011055	0.07855490903	0.01836060914	-0.03913966072	-0.0544545996	-0.01755013181	0.0537725109	0.01416770765	-0.2157331177	-0.275546432	-0.2811261459	-0.2685471431	-0.269638529	-0.2698690654	-0.2585202816	-0.2168596507	-0.2604228975	-0.2541188283	-0.2139080167	-0.0656964395	-0.005923105111	-0.2575578882	0.04758364109	-0.002457057872	-0.2335705681	-0.1916457102	-0.2356126324	-0.219751164	-0.01860542728	-0.2112329792	-0.02231020242	-0.05502171476	-0.1628745687	-0.02971638374	-0.2694126451	0.03218280386	-0.002913469134	0.02433660851	-0.06990908542	-0.07086472893	-0.02609431708	-0.2005822083	0.01108314602	-0.2193401263	-0.0145921327	-0.05740318934	0.0217467779	-0.03727424688	-0.0722609471	-0.01356570876	0.01532288931	-0.2349068615	-0.2606103428	-0.2540019425	-0.02609916043	-0.03148854483	-0.07440424962	-0.2161667177	-0.2258748484	-0.2084918441	0.02044163148	-0.2387538768	-0.04950689412	-0.06445385341	-0.03974553137	-0.01191724671	0.02658708716	-0.005106403032	0.01595202891	0.04185930125	0.08551965709	0.08651965811	-0.004555958078	-0.01925210256	0.1415107382	0.01522201401	0.05110224695	0.06684127167	0.009876522093	0.1909577038	0.09729014659	0.2722101301	-0.02287630849	-0.001968646736	0.3594887664	0.2710684575	0.0206523771	0.06162946281	-0.0546539717	0.7549906809	0.05594726949	-0.03326292723	0.03662683062	0.0261712328	0.05161180935	0.01382227801	0.1914645504	0.1354181764	0.02250220569	0.1369456635	0.0463353236	0.07822741447	-0.02311994809	0.000599068431	0.1685017164	0.02097766333	0.0595939155	0.01958248141	0.1708795679	0.1743686619	-0.03524355272	-0.01299792204	0.1140249212	0.2297619685	0.09712625173	-0.00691523315	0.1078409231	0.1235330093	-0.00907913187	0.07780868986	-0.01275992632	-0.03663140679	-0.1274374029	-0.05233097067	-0.002542006684	-0.1979825393	0.03679173001	0.03442943839	0.02069090747	0.3240188561	0.03837127866	0.1758635206	0.1909051189	-0.007170325902	0.09200636643	0.01485824503	0.01635949352	0.06554774067	0.02076258196	0.07298556069	0.1281444621	0.1347513314	0.08541501299	0.07684975235	0.1209018376	0.01495475116	0.04183804521	-0.009488413988	0.1354183914	-0.02149308313	-0.05083778511	-0.06037625185	-0.03894219285	-0.1071329883	-0.03546897197	-0.1293324138	-0.1205640858	-0.07852032084	-0.04912915492	-0.02184546051	0.06560190153	0.1323234928	0.2004457587	0.03290252247	0.05610775023	0.03103524832	0.002210312842	-0.1057801925	-0.04238403608	0.01714654254	-0.04608906201	0.08013740096	0.004383628638	-0.03696913132	-0.009817593032	-0.004527272213	0.030770907	0.0927053662	0.05369192168	-0.02763131157	0.1699610879	0.04207988799	0.06758087546	-0.02199978197	0.0953977826	0.01477298442	0.05924210057	0.1097341032	0.1773267625	0.2704222701	0.0443104076	0.03139659199	-0.03728648939	0.02072670357	-0.009192558688	-0.02851992307	-0.03479993573	-0.08027563678	-0.01731106652	-0.06253153172	-0.07402587993	-0.0517904547	0.03632307084	-0.01506184994	0.04113565191	-0.03688320568	0.05714520869	0.02174610039	-0.0311042933	-0.04763053061	0.09911409346	0.007827464577	0.281481418	0.1188899733	0.08977081885	0.277758073	0.1365752497	-0.01591498992	-0.2716407194	-0.1586671907	0.04948179783	0.06224182524	-0.01847603738	0.1043525051	0.01308005243	0.01394587292	-0.02763227943	-0.2609187104	0.01963643667	0.04356462848
0.09093515486	-0.04939725454	0.02215660034	0.07765430625	-0.01687295753	0.00314252518	0.01055567268	0.02590957924	0.07570416146	-0.384986656	-0.3624595247	-0.3681593307	-0.351540422	-0.3527390711	-0.318640149	-0.35345072	-0.3762860148	-0.3756398811	-0.3037386974	-0.3544232321	-0.02715474988	-0.05716141344	-0.3155386125	-0.07684890622	-0.04501926752	-0.3354009793	-0.3548076838	-0.3548186534	-0.3282290303	-0.02190184931	-0.3513925694	-0.08875834234	-0.06037110145	-0.1965139532	-0.0760242695	-0.3486272357	0.004056658443	0.003464414407	0.001830585109	-0.02585135583	-0.06082416628	0.01168834245	-0.3921120355	-0.02850018051	-0.3389251311	-0.02148616078	-0.08538739636	-0.0719725013	-0.06811783228	-0.04502211768	-0.03614715448	-0.05515714664	-0.3207289215	-0.347103837	-0.3361872013	-0.03493679069	-0.05591483536	-0.05875558553	-0.3808493616	-0.3585666198	-0.3784676714	-0.030992171	-0.349890207	-0.05853724257	-0.04127419054	-0.04432457687	-0.05568879252	-0.09462390685	-0.02873413996	-0.008989659031	0.01634795154	0.04757479865	0.04548153452	0.0584807141	0.01585131113	0.08034281052	0.09130193248	0.02596161895	0.02806220711	0.001539684451	0.1775065153	0.2355669048	0.06661964379	0.05334154435	0.1441587216	0.08000498118	0.05469075375	0.2025334036	0.2914700319	0.2582883508	0.05594726949	0.6125139993	0.06884455229	0.02902334878	0.1947863575	0.450637011	0.3936980589	0.2175659505	0.01361436708	0.006176217419	0.1563352952	0.04013261788	0.05258583741	0.04232609503	0.05978371105	0.2365896051	0.2480619702	-0.02894592072	-0.04782386425	0.2110929983	0.06496207326	0.02005640868	-0.006612501731	0.1234711691	0.07252037216	0.02068296855	0.2109738136	0.1551027781	0.03592378299	0.2985441995	0.352445061	0.004455297254	-0.00227228567	0.08907028396	0.01057167796	-0.03669114025	-0.3841849982	0.09585435568	0.2041201101	0.3288738795	0.1401337346	0.4071776962	0.1694131707	0.1561352844	0.005214030969	0.09933993069	0.01332767988	0.4039390864	0.1115878593	0.04340950821	0.05039757939	0.08573083789	0.1353248827	0.02576413814	0.07314403704	0.05157045706	-0.0100660927	0.2091730404	0.03582997928	0.1663865021	0.07775442846	0.009319614967	-0.04682984212	0.0234258386	0.01173262072	-0.03726966246	-0.01414451357	-0.0226861217	0.02453109135	0.01231412609	-0.002646788702	0.06207420103	-0.02751999331	0.06200234031	0.0316580291	0.2241808816	-0.003024594985	-0.01116930749	-0.02902978608	0.03182223713	-0.008216592492	0.04611036261	-0.02263541591	0.03164404578	-0.03678469785	0.113257014	0.001259285941	0.03901022369	0.02865584057	0.1830924695	0.3016637091	0.1169697933	-0.0239522536	0.04483727376	0.08040571424	0.1043506767	0.2455000191	0.07092977549	0.05076437737	0.105552433	0.09131144468	0.03927092449	-0.05026389909	-0.01518894563	-0.01457689525	0.0196795874	-0.03986121969	0.004797283763	-0.03388229652	0.05123322819	-0.02505094944	0.008845057939	0.1388195768	0.06984988831	-0.03798540778	0.09554889236	-0.05859254763	-0.001734855082	-0.03679625299	-0.04657094978	-0.01941602661	0.04406626661	-0.0132453251	0.1023533408	0.2025957756	0.1041693884	0.1876454913	0.1505297608	-0.07780968714	-0.3068848637	-0.2057302819	-0.05593336605	-0.00693059528	0.03321355577	0.06327058182	-0.06332345648	0.02343652522	-0.03863050346	-0.3126750894	0.045755705	0.01078416249
0.07105800267	0.01244042811	-0.04294890679	0.003000955237	0.04369173468	0.0461092207	0.001746311716	0.003072225832	0.04208871996	-0.3213240806	-0.3070362673	-0.3099909533	-0.2951771933	-0.2669966494	-0.2746487894	-0.2877862858	-0.3237161696	-0.3097833681	-0.2020698687	-0.3011109374	0.04881296313	0.04097823751	-0.2641359994	0.1385512687	0.1554254012	-0.2839543246	-0.2836877606	-0.2675578262	-0.2759127498	0.1561215251	-0.2790271752	0.007897888669	-0.04767542517	-0.1583766467	-0.005886113356	-0.2735911597	-0.03573722609	-0.01701438726	-0.04332755361	0.01377082106	0.02752748805	0.02935626518	-0.308460161	0.01286072338	-0.2847281687	0.02852922057	0.02771383379	-0.04143568964	0.06699744566	0.04074378895	0.1717586358	-0.0192039584	-0.2773384899	-0.2629576535	-0.2524020498	0.1573415293	0.1644825756	0.04209902329	-0.3155327502	-0.3233942843	-0.2972257658	0.0221106933	-0.2754493802	0.03452166565	0.05353430959	-0.01547494912	0.0009773781335	-0.05745812227	-0.03364675206	-0.03544567094	-0.02368706841	0.004359938522	-0.001758381793	-0.001550207284	-0.01440266289	-0.01305331205	0.02132953061	0.07935907133	-0.02009254314	-0.03355329144	0.01576845825	0.06724566984	-0.0395880922	0.08154666256	0.06194110554	-0.03334887362	0.01131256849	0.2397212575	0.1324105409	0.1639478934	-0.03326292723	0.06884455229	0.777947989	-0.02031419831	0.2413487785	0.1102158115	0.2209735171	0.08863473874	-0.0231603055	0.0854708817	0.05903416992	-0.04355608736	0.01214970618	0.1095764237	0.05409958634	0.118303705	0.1568765298	0.03029701127	0.01754188496	0.004542441841	-0.05490171651	0.04431244083	0.07678614809	0.1024334205	-0.05321931478	0.07506572537	0.1265104804	-0.01461834671	-0.04921620438	0.2035089359	0.1728318614	0.0407206607	0.1040439065	0.06495491907	0.07805382519	-0.006659070955	-0.3031334287	-0.004866824302	0.1642004362	0.1239925661	-0.01309432577	0.1977598125	0.1274167916	0.1243029481	0.03013916878	0.02041136438	0.02313042422	0.2210914797	0.2317216182	0.01911992409	0.01699857641	0.02716924716	0.1049992234	-0.03828405038	-0.02804899169	-0.04696659239	-0.03643493694	0.08479142889	0.06253489217	0.09996017956	0.1065263184	0.1024071642	-0.006364265406	0.08497554179	0.1113461046	0.005069008914	0.07563799248	0.05839124446	0.118209561	0.08321346884	0.06423136537	0.01648530262	-0.01691412423	-0.03349558214	0.01478194533	0.04207543327	0.01636165583	-0.01880080262	-0.01089474354	-0.00288480504	0.003164837573	-0.004344745507	0.07907911032	-0.01659179546	-0.004402206441	0.1326968089	-0.01007840296	0.04483571452	0.005049899937	0.05690603183	0.239275069	0.04340150615	0.03082791699	0.03082995051	0.0625103389	0.05895907008	0.06034875453	0.04153772319	0.0102453244	-0.005475419915	0.01683498979	-0.01072961218	0.0139336863	-0.01718715858	0.003725703788	-0.03674876749	0.003451644757	0.001914589715	0.05463868634	0.02650656994	0.07451130978	0.07322885662	0.04415259544	-0.04158181776	-0.03746722121	0.1411083374	-0.04937151012	0.04194654152	0.08380746187	0.003523984643	0.07539155296	0.008488365071	-0.04443666322	-0.04745658645	0.01757641033	0.0227293632	0.07178003946	0.02544345613	-0.01102767363	-0.2546467287	-0.165789403	0.03168785301	0.03785027432	0.04056140558	0.02501695207	0.02196966648	0.03757379735	0.01298289136	-0.2550933025	-0.003189252721	0.05357174875
0.1010918319	0.1143220453	0.162882104	0.2328972291	0.07589987771	0.1120454454	0.1716936477	0.1329572938	0.139563352	-0.4069611192	-0.3878460632	-0.3954544593	-0.3741901799	-0.3678546311	-0.370737141	-0.3734164328	-0.4057696895	-0.3973738912	-0.3619987617	-0.3789898782	-0.0521018898	-0.05592086462	-0.3634300742	-0.1151283512	-0.09183929569	-0.3835027803	-0.3803966345	-0.3628828315	-0.3768350005	-0.09883844335	-0.3711854908	-0.07360301387	0.04608723853	-0.2529831073	-0.06900422612	-0.3684157929	0.2561238168	0.2558119263	0.3762635195	0.1822261305	0.06398629525	0.2466850605	-0.4174092431	-0.09531862132	-0.3884043068	0.02515081119	-0.06301454517	0.05551448831	-0.1172468257	-0.05486822934	-0.08350426006	-0.03825220852	-0.3692267453	-0.3670416925	-0.3500494575	-0.1061536224	-0.09304405941	-0.01780532408	-0.4211534318	-0.4071437375	-0.4059045272	-0.04608238096	-0.3745195209	-0.04418915865	-0.0403895933	-0.005831304818	0.1284462022	0.08074276999	0.2452411456	0.2529708109	0.1164332783	0.1013599175	0.1028014048	0.1026831819	0.1513737575	0.1875389803	0.01882398741	0.03378820096	0.1535239644	0.3367476565	-0.05667977574	-0.0238898668	0.1279958556	0.02433446435	0.1392068065	0.08858085416	0.06884287303	-0.006987089708	0.04130710335	-0.06702778676	0.03662683062	0.02902334878	-0.02031419831	0.4322653222	-0.02729171765	0.02829715073	0.005973117343	0.03226810956	0.1656587273	0.04990341903	0.05898219306	0.1307010158	0.1217445626	0.05649046244	0.07505087956	0.04630705178	0.03704221296	0.1659716879	0.04829372713	0.0595375683	0.1532204339	0.1614273424	0.1349634806	0.1083203275	0.1218898113	0.1036830824	0.04408095254	0.09956745456	0.184659847	-0.009911095978	0.0357655287	0.06297127151	0.04575788779	-0.09668852939	0.01921191899	0.06600275596	-0.4083123263	0.1029149	0.03859602175	0.01688201298	0.004973875313	0.007626483189	0.02968407628	0.07045893269	0.08316843147	0.06893766106	-0.05705251244	0.006733248066	0.06138569387	0.0382075562	0.09122043158	0.1360902687	0.03849295375	0.1991668646	0.225119093	0.190562582	0.3039130532	0.05167497823	0.1387760204	0.0514479578	0.07878822477	-0.04991818788	-0.0150342137	-0.03487260086	-0.04489661546	-0.0128628607	-0.05570324432	-0.1037792195	-0.03290643896	-0.0661534389	-0.05065310364	0.05466800189	-0.08622578248	0.1393213014	0.1618239354	0.06070792804	-0.1610799796	-0.04087596873	-0.1049195912	-0.08152553712	-0.07709897835	-0.1509972402	-0.04030627284	0.1239608215	0.01397876864	0.0426366017	-0.05963277297	0.04849899122	0.1127522236	0.1098657175	-0.04175741177	0.1036128631	0.08808827224	0.1377857147	0.07609793816	0.1013917939	0.06287899615	0.1482346093	0.2191165799	0.1491375805	0.07242431719	0.1984749631	0.03572403164	0.05671138255	0.06182878066	0.09095277421	0.0848130186	0.145412807	0.005335301184	0.1380559572	0.05309723713	0.05225815797	0.06704332994	0.1473960905	0.0577227009	0.07117970747	0.2879423983	-0.05291186794	-0.02302364302	-0.03958323706	-0.03839830335	0.2245917388	0.2061619843	0.08258831451	-0.05365280014	0.1212069582	0.009956318244	0.03476750204	-0.0553012778	-0.3711174153	-0.2541001967	0.1149616003	0.07359714573	0.1520633496	0.1657462258	-0.08532279269	0.1051514862	0.05579139569	-0.3827140757	0.167444951	0.07930611127
0.03502821681	-0.05872730037	-0.01681627477	-0.02551154227	-0.02897690958	-0.07765069795	-0.04217373099	-0.01539518909	0.04173100048	-0.323434814	-0.3083736268	-0.3102565334	-0.3131978893	-0.3061878804	-0.2892371029	-0.334732867	-0.3159426367	-0.3106267192	-0.2978134106	-0.3462178931	-0.06444417274	-0.0909858377	-0.2903308621	-0.01240558168	0.0140800717	-0.3101697796	-0.3029965794	-0.3078533325	-0.3020515306	-0.01150056965	-0.2982905342	-0.07194193807	-0.104480089	-0.1752919386	-0.1151966959	-0.3041437518	-0.023714931	-0.02663174416	-0.04340659384	-0.03841853647	-0.0635308199	-0.02279680813	-0.3256962554	-0.009220671515	-0.3253186548	-0.03013535094	-0.0671509029	-0.0866772288	-0.04859665463	-0.0579900916	0.02325094763	-0.0508779414	-0.3057021812	-0.2924658818	-0.3163693813	-0.003860037533	0.003367100745	-0.07135737627	-0.3441102233	-0.3269447519	-0.3095262487	-0.01583853413	-0.2951119424	-0.04176723713	-0.04519969664	-0.02928053997	-0.01769418559	-0.07083008898	-0.05906500454	-0.03302073024	-0.0144408306	0.1001405265	0.1015436292	0.05604361091	0.09140654735	0.01101649482	0.04617931221	0.1055240359	0.01369629901	-0.03514469553	0.2196763086	0.2561764926	0.01140510358	0.08293759158	0.1546931903	0.02962933723	-0.0266629187	0.4868440785	0.1871707407	0.2555150256	0.0261712328	0.1947863575	0.2413487785	-0.02729171765	0.7882463862	0.1945286015	0.339397436	0.09627322739	0.02459550085	-0.04293273418	0.1637755838	-0.007848132423	0.03710334191	0.04062250197	0.02398076598	0.1501592006	0.181418124	-0.07742787946	-0.05829111315	0.07918073085	0.003407608173	-0.001257806411	-0.04352769887	0.1307236679	0.002170705854	-0.001626986595	0.2712446931	0.06346178651	0.01327240302	0.4372143157	0.2242642423	0.00716388527	0.0270680344	0.1702021755	0.01401427499	-0.03330312138	-0.3193283805	0.04569910698	0.1756613676	0.1289394302	0.06773934865	0.3105355867	0.08186365527	0.118183751	0.002672622034	0.02795636821	0.04243515032	0.3454415605	0.2656689521	0.1400931484	0.007410212043	0.09271701528	0.2904925935	0.0517108299	0.0164926438	0.005946019283	-0.04019779041	0.2508188444	0.01403265797	0.2455868417	0.05974129228	0.0367114139	0.04083298245	0.07013283462	0.07739521071	0.004084496217	0.09464023267	0.08377905475	0.07677783665	0.06109585793	0.07170553295	0.01447140852	-0.02555948321	-0.001063104357	0.005812355516	0.05872600147	0.009983596721	-0.00265377243	0.05849749292	0.07185920281	0.008368127186	0.1105884048	0.06043184043	0.01571050114	0.03038370103	0.09327844525	0.02474667628	0.08140104455	0.00277779292	0.128685648	0.2380208233	0.03058345777	-0.03158472842	-0.02220319068	0.03795794199	0.06694052797	0.1439071781	0.05603303211	0.002155143334	0.01868420383	0.03595762166	-0.01017028722	-0.02465823502	0.008471213948	-0.008377148346	0.03814442559	0.003882363028	0.04040687726	0.05581788231	0.1511000325	0.1469286969	0.141004597	0.107098583	0.0819823257	-0.04897797683	0.006700848208	-0.08372584496	0.05223225848	-0.02612718501	-0.03743851464	-0.03933827159	-0.002152784524	-0.04665622691	0.05472397617	0.1655140663	0.01244573695	0.1819440049	0.1642806571	-0.1153030281	-0.296890698	-0.1761714086	-0.0571028951	-0.0179304528	-0.01370903873	-0.003658560497	-0.05165371924	-0.02764589075	-0.04521015437	-0.2966837385	0.03422587047	-0.007120677002
0.07581955638	-0.03356489533	0.02048379624	0.07182886512	-0.00020893866	0.03823736121	-0.02030016314	-0.0002719887027	0.0963622969	-0.378631306	-0.359990666	-0.3666447271	-0.3465467006	-0.3468505203	-0.3364673047	-0.3453074711	-0.374879766	-0.3698399776	-0.319881281	-0.3512079401	-0.04118968381	-0.06254371528	-0.309559815	-0.06241802256	-0.03678900363	-0.3494966626	-0.3473705389	-0.3478153327	-0.3461067405	-0.03804419442	-0.3421530383	-0.09691107338	-0.073225896	-0.2107304026	-0.08896199788	-0.3425633017	0.0102471344	0.03172199241	0.0009675151575	-0.01389401075	-0.0401852934	0.02695266631	-0.3872538737	-0.0473340776	-0.3552194217	-0.006098629327	-0.06504962385	-0.05547680171	-0.06353168322	-0.05016848582	-0.02436638835	-0.06591775882	-0.3400014905	-0.3419564815	-0.3310513875	-0.05108593521	-0.05165418019	-0.04020111558	-0.3975325628	-0.3765644403	-0.3711347689	-0.01621792583	-0.3436255587	-0.03984776875	-0.05426004792	-0.06328684489	-0.05099436783	-0.07752523369	-0.03959073563	0.004664050931	0.03809720148	0.07894751585	0.07626865029	0.1006429089	0.0224710929	0.06555972061	0.05562992541	0.01416325545	0.04625007887	0.001377270643	0.1709427203	0.2129658796	0.06556022604	0.09035041576	0.1392602901	0.09328261272	0.05045165652	0.206582014	0.3181006303	0.1894546521	0.05161180935	0.450637011	0.1102158115	0.02829715073	0.1945286015	0.5704036951	0.4669512744	0.2410065613	0.02286576158	0.04462689109	0.1778201094	0.03765481731	0.02191811315	0.05448124006	0.007863607725	0.2520348843	0.1868956787	-0.02601837087	-0.01832582278	0.15051892	0.05284033615	0.03830910788	0.01988059408	0.09679318617	0.05668228641	0.04768856397	0.2145871263	0.1284691931	0.008754801708	0.3716100978	0.3813528452	0.05030605352	0.01068753294	0.07023972128	0.02733378164	-0.03196230859	-0.3787629983	0.1043188978	0.1911308798	0.1912350778	0.1518495725	0.4664677821	0.1775771989	0.1240866931	0.008036051993	0.1341165367	0.01811107935	0.4771262116	0.1346698151	-0.01390814785	0.07955255295	0.05887227858	0.1537191292	0.04503577697	0.02514111821	0.002723239281	-0.009219739759	0.1676141729	0.07437399476	0.1852896288	0.04036917738	-0.01261726248	-0.02405147005	-0.003357039763	-0.007620650374	-0.05014672077	-0.03725419788	-0.04930858894	0.003605123369	-0.004437476425	-0.02717849062	0.04800606883	-0.02654022227	0.06113315672	0.04976853016	0.2387796873	0.004345574318	-0.04142214946	-0.06453832779	-0.0005215028396	-0.04569938405	0.01114026854	-0.02062326023	0.03593536376	-0.009554098641	0.1339340969	-0.03035774368	0.06383344453	0.05516524819	0.1894400618	0.2632800583	0.1118452714	0.01029002581	0.06600563678	0.05264124561	0.1063903916	0.1495775162	0.06005772859	0.06358680849	0.07836556717	0.0961727421	0.03508236371	-0.02292117702	-0.007157838821	-0.003223599953	0.02819023263	-0.02629481325	0.01085662083	-0.008273733232	0.05781288348	-0.01684979159	0.006456321251	0.1441718025	0.0661159507	-0.02055587747	0.1384084534	-0.05941109734	-0.01816602488	-0.009770251265	-0.05792422822	-0.02398461942	0.05814416937	-0.0324368173	0.07828577881	0.1418507944	0.1114220297	0.2243487889	0.1342000376	-0.08661267991	-0.3245890866	-0.2217815655	-0.0362172909	0.002233408439	0.04794714178	0.07515549402	-0.05761339606	0.03193782342	-0.02525942579	-0.3303698571	0.05700868747	0.05648272154
0.03672478923	-0.05667622497	-0.008569001978	0.06371070248	-0.01384797428	0.05692115083	-0.002506818923	-0.0201824857	0.07992489047	-0.3695069167	-0.3539247552	-0.3569835792	-0.3391342089	-0.3444129646	-0.3344182113	-0.3353876306	-0.3647223388	-0.3593456828	-0.3173580801	-0.3413885092	-0.04080407767	-0.07230646961	-0.307353159	-0.05069474942	-0.02768516433	-0.3463106455	-0.343744892	-0.3459776265	-0.3432741598	-0.02552568517	-0.3401961068	-0.1000246839	-0.08116530716	-0.2041383246	-0.10114029	-0.3322297784	-0.01401600007	0.00937664595	-0.02130249339	-0.02517816913	-0.04157649458	0.01018808834	-0.381860054	-0.03390429479	-0.3445957197	-0.01635254098	-0.06313840314	-0.07318015329	-0.05025134114	-0.05645259271	-0.008491129695	-0.06527196501	-0.3375277306	-0.3377503306	-0.3272453873	-0.03860169332	-0.03806860857	-0.03484580555	-0.3941928036	-0.3697337825	-0.3681299324	0.01202334648	-0.3406750553	-0.02771588252	-0.04233688786	-0.05004782493	-0.05177361671	-0.08122261034	-0.05313995247	-0.002561672445	0.01655071595	0.07630003714	0.07365830075	0.09175397713	0.003605118336	0.04507578276	0.04011219181	0.01163354416	0.03634619302	-0.02091778659	0.1460796702	0.1917459857	0.03498426103	0.1099580955	0.1830005999	0.06023046251	0.03285020513	0.3178856979	0.2961746071	0.2212162492	0.01382227801	0.3936980589	0.2209735171	0.005973117343	0.339397436	0.4669512744	0.6647058902	0.2133639732	0.01879705404	0.01987704249	0.2192821794	0.01221911912	0.02267672809	0.06855873223	-0.01055696305	0.1991579969	0.2226456234	-0.03516801479	-0.03971569772	0.122919366	0.04747904433	0.02283121779	-0.003512366732	0.1928168155	0.01977097106	0.0288558794	0.2733636195	0.09763425448	-0.00258338785	0.5461463241	0.3621618477	0.0701749356	0.01929782666	0.06678105879	0.02675004528	-0.04493571273	-0.373046249	0.08573946424	0.2259962484	0.1493218713	0.1376817003	0.5484022294	0.1631142154	0.1674685313	-0.01390055143	0.1059167483	0.01054642713	0.6477384461	0.2853733817	-0.03407851659	0.02916311067	0.08247612773	0.2440636503	0.006049759775	0.001948292165	-0.02047263422	-0.0258172878	0.2372724369	0.02538552972	0.2756795612	0.02894095279	0.001268456096	-0.01557852062	0.004267435066	0.003281673316	-0.04956443214	-0.02760751609	-0.03832909622	0.01158984225	0.005374288296	-0.02223189245	0.02071546278	-0.07590610606	0.05671211381	0.02700908022	0.2132432012	-0.002762153396	-0.04866011808	-0.05568709	0.0107078697	-0.03881950356	0.01695947649	-0.03138610026	0.0205847058	-0.02506579536	0.1401640826	-0.03775776906	0.07601299475	0.03601068777	0.2137267942	0.4169680393	0.1104328989	-0.01481479934	0.04267558449	0.03159509696	0.08815895477	0.1532536019	0.03989645285	0.03401715861	0.05568114701	0.04600022273	0.01581826554	-0.02888873789	-0.03288398826	-0.024383756	0.02921214178	-0.02978484428	0.02523286167	0.006207020842	0.03666217461	-0.02507337855	-0.01207545117	0.1574232738	0.04486493522	-0.03285518667	0.09993094608	-0.08356965846	-0.02695594913	-0.03949950706	-0.05632501322	-0.03218337223	0.02836487646	-0.04431851548	0.04221485065	0.09528149127	0.08106581295	0.2123438253	0.1240255633	-0.09661704823	-0.3223132089	-0.2168575592	-0.0549232651	-0.01669461995	0.02042805533	0.05356302752	-0.05825119971	0.03690573267	-0.01970720446	-0.3254457964	0.03706972321	0.02224563255
0.1797564455	-0.03331472279	0.06260285608	0.05310559762	0.01705340302	0.01312124485	0.009663040612	0.02028748487	0.04243192833	-0.3548349182	-0.3359888936	-0.34262592	-0.3240617949	-0.3282206066	-0.322114459	-0.3205135691	-0.3504172483	-0.3464715274	-0.3057490652	-0.3300447268	-0.0323391063	-0.06693495944	-0.2997748006	-0.0726615773	-0.04706770369	-0.3389485894	-0.3327021423	-0.3365068553	-0.3355915186	-0.05793723934	-0.3336054066	-0.08256172901	-0.07422037954	-0.2024161627	-0.07929761992	-0.3296963242	0.02639922496	0.02600162669	0.02077674387	-0.01465095936	-0.0377778328	0.02773230481	-0.3622651944	-0.04981131076	-0.3424852783	-0.004764699112	-0.06001417016	-0.04463866774	-0.05788825415	-0.03673131684	-0.03705180541	-0.07677738711	-0.3280405994	-0.3229871762	-0.3151821211	-0.06388897294	-0.0591027231	-0.0465438807	-0.3718730681	-0.3550981193	-0.3495424077	0.00317510276	-0.3353845801	-0.04922186736	-0.05541774568	-0.06707308397	-0.0478995241	-0.0862764777	-0.009437414019	0.02330551376	0.03543541868	-0.004257014905	-0.004436368378	0.1180401925	0.02211110908	0.1632500866	-0.009106814766	-0.02561081217	0.08049370141	0.01501629366	0.3428221239	0.2413937762	0.3141573452	-0.003924862567	0.04378732667	0.2899166117	0.05963935479	0.1783561795	0.3550305787	0.05235954445	0.1914645504	0.2175659505	0.08863473874	0.03226810956	0.09627322739	0.2410065613	0.2133639732	0.5978349229	0.0162231393	-0.0334860171	0.3075604547	0.04713391097	0.05119822312	-0.0291338686	0.01844615919	0.3400250894	0.1337935918	-0.00303488934	-0.03532568356	0.06553993204	0.197125847	0.04524038937	0.001350701373	0.1277291608	0.2398712248	0.1223858485	0.0830195419	0.09045655241	0.03467874902	0.1840353449	0.3696273692	-0.01500626311	-0.03914069586	-0.03422979329	-0.02188107703	-0.02104977043	-0.3537757294	0.07520962156	0.1786660774	0.1334680405	0.4341215502	0.258249901	0.452154649	0.3479211024	0.01058850197	0.06988805399	-0.04844537267	0.2106883041	0.1438226432	0.004990327328	0.01185866957	0.0671972094	0.2451578533	0.03947166021	0.04297177938	0.03083279668	0.01062078684	0.06903694788	0.079056176	0.244634561	0.02342773962	-0.04094242868	-0.05301382644	-0.03144883429	-0.07488243097	-0.06486744685	-0.1122409238	-0.1196413247	-0.064938975	-0.06434620618	-0.06671450615	-0.0113258783	-0.03387741446	0.2404802973	0.04732504599	0.2227974842	-0.02891995151	-0.05509741643	-0.1247240677	-0.04388156892	-0.06752801318	-0.09107485823	0.1125079788	0.04440692738	-0.02014166693	0.05651924602	-0.04641822997	0.06216577971	0.04514972137	0.09433986323	0.08919347116	0.05358029623	0.003066337759	0.003208740276	0.0001368084766	0.05913673163	0.08436175438	0.05053586028	0.114773016	0.1707389664	0.2322100249	0.01957538506	-0.01631494734	0.01383163584	0.003965029262	0.04113602997	0.01728325398	0.04978588049	0.0165910486	0.05495267703	-0.02412786001	0.002040703518	0.05903597355	0.08020238837	-0.01180365792	0.04587775157	-0.0535848277	0.01102278202	0.003160898519	-0.03035225098	-0.03917513429	0.09345840314	-0.01471613614	0.1196269352	0.306633802	0.04989159898	0.3257485737	0.2766832886	-0.08053624523	-0.3046960377	-0.2182779448	-0.03114532359	-0.01526119736	0.06056736539	0.1049655366	-0.05006588451	0.04139843002	-0.03689255858	-0.3147900486	0.07078090484	0.01409625542
0.08937704636	0.113392511	0.1544560518	0.101378537	0.06337595793	0.05638558885	0.05271121626	0.09801460734	0.09017691736	-0.3350520787	-0.3721751296	-0.3774743958	-0.3533921394	-0.3508661659	-0.353810159	-0.3551267632	-0.3297863511	-0.3729955552	-0.3384523892	-0.3088332609	-0.06771863259	-0.01615477255	-0.3404616107	-0.03945537908	-0.0893603264	-0.3158521622	-0.3036498878	-0.3534691633	-0.3009720497	-0.1005614034	-0.3008727429	-0.03045777712	-0.06258133022	-0.2570796821	-0.02983638286	-0.3545116372	0.1498719006	0.1519744996	0.1563851606	0.05656383875	0.0008969337244	0.07874682251	-0.3215180005	-0.1054946718	-0.3371448249	0.03331965736	-0.08942025411	0.002540903908	-0.1278924535	-0.09192941156	-0.09377221397	0.01364706458	-0.3525215671	-0.3503186767	-0.3399895313	-0.1081085118	-0.09913736381	-0.08013396218	-0.334597543	-0.3216659147	-0.3317697682	0.0127739072	-0.3533273316	-0.07724646591	-0.07942940857	-0.05714729324	0.04619356111	0.1041195367	0.09973040435	0.1304324648	0.1080766611	0.2153881488	0.2102382217	0.09561270595	0.1557508774	0.1428912654	0.03205788753	0.07924644945	0.1803031973	0.1589908723	-0.06654979821	0.02477350444	0.2044705198	0.09888858913	0.1082936689	0.1648320795	0.1851234386	0.05279823284	0.03913735923	-0.06151628109	0.1354181764	0.01361436708	-0.0231603055	0.1656587273	0.02459550085	0.02286576158	0.01879705404	0.0162231393	0.4763781867	0.1086527454	0.09563875265	0.1448344443	0.06907566126	0.03675516637	0.036776062	0.0001296754582	0.02837483154	0.1314603399	0.09674866578	0.1209825211	0.145821066	0.09453345293	0.1365780912	0.07764944788	0.1198120155	0.05652401949	0.02719006549	0.1240981506	0.2125946129	0.03175767255	0.02528120012	0.1000685279	0.003701267285	-0.05539285531	0.01359631485	0.06106183658	-0.3151689221	0.1077958734	0.0237710068	0.007142956201	0.08072225297	0.01304380542	0.01639562158	0.04233974036	0.07519854325	0.1102447377	0.01338178227	0.01955891305	0.1480188177	0.06840026411	0.08732014031	0.1886076664	0.03232342205	0.1798421027	0.2140378075	0.2115183714	0.1411873946	0.06678648391	0.06169717458	0.02181003687	0.08201475311	-0.07223963489	-0.00357545893	-0.07931573215	-0.08806910307	-0.02565589436	-0.1033604692	-0.1451992475	-0.07802841002	-0.07620538694	-0.07046077052	0.04308769031	0.01484175638	0.1265680867	0.1704538848	0.06946137548	-0.1621242908	0.01508737519	-0.0818364667	-0.1023851814	-0.01731229233	-0.1660978724	-0.06492190638	0.121229668	0.02122897564	0.02209312149	0.00108668167	0.120155361	0.1956644941	0.1151653026	-0.04772730734	0.0743580021	0.1809371232	0.177444294	0.04693344885	0.08965321777	0.03478474753	0.1421009857	0.1665134045	0.1113239091	0.1341819464	0.1401262958	0.1211204481	0.0353741935	0.07682270318	0.1100020977	0.08215122333	0.1160426848	-0.005252328103	0.1430927779	0.06640459249	0.06806698789	0.044345282	0.1232901951	0.0413633248	0.06934182458	0.08456437224	-0.05770158101	-0.02168806153	-0.04429720036	-0.05549650401	0.1716458968	0.1510419711	0.1934734064	-0.06901572152	0.1587586636	0.09684746031	0.00839123333	-0.02503836332	-0.3675585867	-0.2641005983	0.1745331336	0.1125325875	0.1128210391	0.1387651413	-0.09797970352	0.02656412997	-0.02529404251	-0.3797618822	0.1370575987	0.08437058139
0.01900434393	0.09672963002	0.02633343688	0.1044036585	0.04198715305	0.1184157656	0.02320796072	0.02890701001	0.08520044834	-0.3513356649	-0.385445839	-0.3887724516	-0.3688933964	-0.3448609589	-0.3514350722	-0.3657412515	-0.341241003	-0.3877180761	-0.3203737651	-0.3221176008	-0.02421869082	0.05277487582	-0.3357703047	0.02266401662	-0.01948605282	-0.3072558192	-0.3065647889	-0.3376358857	-0.2931735545	-0.03027278878	-0.29061971	0.119033108	-0.01502959657	-0.2396928527	0.03557072845	-0.351182842	-0.0005203801566	0.0318952353	0.02086864678	-0.02905637847	-0.01665927829	0.01958863237	-0.3238689319	-0.09267893303	-0.3231152905	0.0005754152452	-0.02486281156	0.04218064976	-0.05938315853	-0.04525568847	-0.0379934049	0.06451829612	-0.3552641929	-0.3493380571	-0.3365641435	-0.03121586809	-0.01613714577	-0.02494010082	-0.3382186534	-0.3415771676	-0.3239506298	0.01978975116	-0.3443702226	-0.04848070216	-0.03708193498	-0.004468063286	0.08226684734	0.08041196847	0.01190575877	0.04173172333	0.1059394972	0.1434363396	0.1374078641	0.0535865944	0.02899709092	0.04977035936	0.09281279418	0.281196938	0.03689563338	0.02785892029	-0.04753785564	-0.04060806276	0.0615573184	0.0854826276	0.0475724127	0.07639848294	0.09971643076	0.002955002517	0.004232085723	0.02120681095	0.02250220569	0.006176217419	0.0854708817	0.04990341903	-0.04293273418	0.04462689109	0.01987704249	-0.0334860171	0.1086527454	0.5880759876	-0.03719022076	0.08225684285	-0.02179348278	0.2595042139	0.02107946137	0.01567576818	0.03133170196	0.1175588423	0.151704086	0.03682339757	0.03815451438	-0.01487732178	0.07566018114	0.01918467263	-0.0003499867811	0.131961154	0.07063178834	0.04835603426	0.009056053436	-0.007830573669	0.02643867871	0.174876176	0.2594815372	0.06419163113	0.1976908786	0.01004041105	-0.3171571253	0.149163954	0.03843166225	0.06318218471	0.02978363843	0.02437826801	0.001605219004	-0.03888460974	0.04982920625	0.2603245348	0.1708082327	0.02274689231	0.04373619149	0.02863966745	-0.01500215625	0.005011753604	-0.02067510234	0.009513601753	0.01677857384	0.007252557788	0.01353653958	0.03527032044	-0.01357665617	-0.02134360486	0.02903137096	0.03314567194	0.03896869154	0.02805217914	0.06150625378	0.03513133051	0.06920581669	0.02722735308	0.08378897008	0.07753698383	-0.06241551936	0.0328551932	0.1234843364	0.02490887177	0.09067593147	0.1458592376	-0.05900423179	0.1519429844	0.1473759422	0.02722553104	0.1282085797	0.009959895569	0.09446781074	0.08659398843	0.07164125343	0.2794948522	0.1418113479	0.09794685959	0.1933439001	0.06720931324	0.02656181677	0.04613023092	0.286913026	0.3055676326	0.1670342574	0.061499687	0.004884199619	0.06155907226	0.02340631308	0.04926475504	0.02888173409	0.04947676951	0.1604838449	0.06363771272	0.04655757834	0.07869503763	0.06771122084	0.01658100212	0.05820400038	0.006838449524	0.05332607065	0.04764681605	0.05882249431	-0.02503127229	0.01012143081	0.1048909016	0.006953064122	-0.06025348913	0.003594954858	-0.008683721784	-0.03879793286	0.01968361733	0.01295755036	0.08896954714	-0.02514680452	0.3229055649	0.006517572415	0.003000419839	0.02230001402	-0.3788804081	-0.249192577	0.3043385302	0.2930912623	0.004375181999	0.1023128438	-0.04680763308	0.06500173114	-0.008005505996	-0.3781954092	0.04559328785	0.1286827948
0.1091455133	-0.01637557468	0.06645185377	0.07566623945	0.03749952361	0.05612110657	0.04512240457	0.05578120179	0.04661485952	-0.3522184322	-0.3356036495	-0.3404724482	-0.3237562182	-0.3285227937	-0.3189525453	-0.3187364983	-0.3479724338	-0.342915391	-0.3005580064	-0.3285973683	-0.008167100037	-0.05120351832	-0.2990996341	-0.07531747463	-0.05357192849	-0.3409981599	-0.3294203054	-0.3351093632	-0.3398013367	-0.06048025919	-0.334201449	-0.07343978485	-0.06772636196	-0.2053023054	-0.08040620578	-0.3219315515	0.08237241037	0.06537641006	0.05120504864	0.03319516248	-0.01356842534	0.05840251498	-0.3639954309	-0.0431266828	-0.3373664873	0.001414198983	-0.03436548558	-0.02632257431	-0.05590339489	-0.01614004701	-0.03623573426	-0.0700656699	-0.3289394671	-0.3224496243	-0.314939498	-0.06640375756	-0.0624862214	-0.05325223086	-0.374778204	-0.3542308937	-0.3529005992	-0.0008090188622	-0.3349948435	-0.0304770585	-0.02360213876	-0.04770767086	-0.04490375951	-0.05795292318	0.01808328857	0.04636609743	0.04385279966	0.06553554984	0.06491244493	0.1118467494	0.05785583801	0.1160035387	-0.05177020696	-0.01825314929	0.1043090461	0.04569734946	0.1490678468	0.1224919238	0.231332248	0.0826770007	0.1431981377	0.1771254315	0.05333574153	0.1532668524	0.320095659	-0.03064677483	0.1369456635	0.1563352952	0.05903416992	0.05898219306	0.1637755838	0.1778201094	0.2192821794	0.3075604547	0.09563875265	-0.03719022076	0.5816429208	0.06071665293	0.08021961955	-0.06102152475	0.02071401858	0.2602979715	0.07623659133	0.06250274929	-0.02163556897	0.07192447619	0.2008377147	0.09874510164	0.03200693671	0.09635437866	0.1902966534	0.07695193026	0.1018814401	0.06084766481	0.1116018582	0.1749813692	0.3135399709	0.05679870724	-0.0226065194	-0.03621879102	-0.03488395636	-0.02595046377	-0.3550909788	0.0425131539	0.08033653385	0.07040035209	0.3019347921	0.2511787769	0.2461182062	0.2171060903	0.03160745881	0.06847148414	-0.06785969266	0.2035433218	0.1515170759	0.0400083581	0.06737553389	0.1335648632	0.2102938416	0.07646631108	0.122431356	0.09442699906	0.03351167773	0.1189037619	0.1237385631	0.2236356821	0.08509094697	-0.03377694025	0.02055580998	-0.02312649381	-0.04353907456	-0.06330060099	-0.09747097416	-0.1121008651	-0.0543856252	-0.06385698831	-0.07517055342	0.0001917848059	-0.05821411912	0.2052772874	0.05642713862	0.1706922299	-0.02652510875	-0.06732992663	-0.109806369	-0.04423329654	-0.03734427846	-0.1178338105	0.05550622925	0.05773364501	-0.03228795811	0.03501248527	-0.06361145345	0.04067132195	0.02351593052	0.09945718319	0.077279322	0.06976857459	0.005174858837	-0.0009353838693	-0.01014698666	0.03319919747	0.07038283509	0.09733297972	0.1365334824	0.08935648518	0.1654652849	0.0493727789	-0.03315322517	0.02018875286	-0.003532611566	0.05971600277	0.0379481477	0.08488735651	0.03405651374	0.0842866635	0.00777053562	0.03657756468	0.1207033975	0.1363931957	0.0007123391156	0.03371951812	-0.02247398993	-0.04793943426	0.003664043173	-0.02270568996	0.005138663946	0.1311568815	0.03911454467	0.09163281148	0.165192452	0.03940211374	0.3025290869	0.1866597094	-0.06360767704	-0.3061987595	-0.2166412816	-0.02843397134	0.008395155689	0.06838449091	0.0664857725	-0.04509506992	0.01793781218	-0.01801082716	-0.309831621	0.07496223221	0.007931889596
0.07618399148	0.1814677568	0.1992513663	0.1461275895	0.05865482096	0.0443606546	0.08489243791	0.1391489353	0.1443020556	-0.3997272945	-0.3801418373	-0.3892680242	-0.3677207398	-0.3558527453	-0.3605315566	-0.3634035466	-0.3937401039	-0.3845255129	-0.3480100973	-0.3704411324	-0.04514243075	-0.06187471343	-0.347889636	-0.09213362648	-0.06824544313	-0.3710408019	-0.3690192993	-0.3630973591	-0.3676529051	-0.07551860688	-0.3653021786	-0.06583659409	-0.04574565848	-0.237814998	-0.06555908665	-0.3654252027	0.1138640495	0.09812747202	0.1334990007	0.0213302127	-0.011098333	0.06791700383	-0.406100866	-0.08221594948	-0.3805872008	0.03459137107	-0.05599444175	0.02756465703	-0.09988535522	-0.06054579774	-0.04631176299	-0.04572852039	-0.3588718646	-0.3628803901	-0.3557651781	-0.08287407131	-0.07423499799	-0.04279972827	-0.4042538465	-0.3885133005	-0.3847664323	-0.02282936169	-0.3614586728	-0.04373513344	-0.0421830323	-0.02420858131	0.1075935407	0.02878168592	0.1041955231	0.1436276026	0.2759430001	0.07444864695	0.0806845989	0.2880897734	0.1700705814	0.1398747024	0.0209515218	0.06826395209	0.1541205111	0.1244432047	-0.02973956593	0.05773559392	0.05695033634	0.0443257136	0.09169865123	0.111522911	0.08109700776	-0.01105062045	0.07752696751	-0.1087371655	0.0463353236	0.04013261788	-0.04355608736	0.1307010158	-0.007848132423	0.03765481731	0.01221911912	0.04713391097	0.1448344443	0.08225684285	0.06071665293	0.4908917316	0.07587734513	0.04210936573	0.05074297727	0.02684150402	0.01846707209	0.07425701695	0.06450057739	0.1014321071	0.1899424239	0.05861399724	0.1063268161	0.10735022	0.1417171381	0.06844123537	0.06281685129	0.1581501404	0.115703541	0.0003178426255	0.03010756204	0.09711870145	0.03094840076	0.01888506364	0.1104037529	0.08158520724	-0.3972122934	0.2432935335	0.01612157083	-0.0001725330904	0.01793863158	0.01587054841	0.06270544077	0.05860260207	0.05612598675	0.09596114958	0.02979366724	0.01720348783	0.004354677785	0.04338079543	0.05933546603	0.1280149753	0.06673368789	0.1123476558	0.1238639445	0.1212702995	0.1362887898	0.07157378726	0.04767756949	0.05126718556	0.0657857504	-0.02810476396	0.08541259532	-0.04066869256	-0.01180789955	-0.006049515708	-0.04412283957	-0.084308546	-0.0006298174773	-0.03092420511	-0.02311633522	0.05557307983	0.08306125612	0.1336538896	0.1593691771	0.0942731677	-0.06856368262	0.0476254757	-0.109342822	0.02013777963	0.01217929851	-0.1763227641	0.01256816939	0.3446651302	0.1208994777	0.04735970614	0.0265754646	0.1359716236	0.244866313	0.09642108956	-0.07677820019	0.1102545694	0.1938703516	0.1461962462	0.07919927045	0.06801299326	0.06509255387	0.1781676318	0.1209416678	0.1370929981	0.1063877146	0.1519789026	0.0977493904	0.04355825086	0.06251450189	0.08914525197	0.08638339602	0.2525016669	0.0189343176	0.08675925405	0.05119220504	0.03511621658	0.04751301907	0.1058029151	0.03515956804	0.02271016394	0.08547164164	-0.03999560951	-0.001924889711	-0.02808880894	-0.05615110297	0.1216853586	0.153335404	0.07206319317	-0.03840296213	0.1877820842	0.01620608883	0.03508131463	-0.08361211537	-0.3593365271	-0.2250833722	0.1824933461	0.0629726174	0.1252690605	0.1464935421	-0.07636230715	0.06866640824	0.02296489217	-0.374096833	0.240779842	0.06222851419
0.07258906811	0.04333365576	0.06147364831	0.09878039497	0.1285134047	0.04043436716	0.08567572056	0.145556043	0.05027324294	-0.3283176641	-0.3005501226	-0.3132436893	-0.3000522092	-0.2781043742	-0.2364406063	-0.2896711928	-0.3231297837	-0.2956943344	-0.2642929106	-0.2976521847	0.05285036836	0.02650123201	-0.2658821173	-0.0532735139	-0.02445962303	-0.2662825375	-0.284443352	-0.2803674117	-0.2838677081	-0.04193848256	-0.2846594616	0.05884743998	0.09210951499	-0.1971995151	0.03578594982	-0.2793431833	0.1656406698	0.1079882805	0.1570948301	0.0721798078	0.08270182855	0.0960032386	-0.3354075967	-0.05839338097	-0.2966976465	0.1010683689	-0.01454105036	0.1900357082	-0.04151934286	0.04713063294	-0.009561722585	0.0434491358	-0.2714493127	-0.2608917424	-0.2635753223	-0.04914564925	-0.03893965312	0.1187167277	-0.3445407652	-0.3219201907	-0.3520319388	0.07602077749	-0.2876185103	0.03476604701	0.04360611885	0.04539149582	0.0618681481	0.1007205451	0.2250241579	0.2049167626	0.05048309929	0.03800464764	0.04198762505	0.03475892249	0.03141436739	0.07409497598	0.05326646079	-0.03637526684	0.06376941307	0.1376892635	-0.01979284434	0.01442964668	0.03644375496	-0.03223014518	0.02390936369	0.06867194497	0.09011055586	0.03789933772	0.09247678372	-0.007143038909	0.07822741447	0.05258583741	0.01214970618	0.1217445626	0.03710334191	0.02191811315	0.02267672809	0.05119822312	0.06907566126	-0.02179348278	0.08021961955	0.07587734513	0.6167731178	0.002062478794	0.1096358838	0.117550748	0.03603390122	0.02859831044	0.03568564708	0.07832218716	0.08718027555	0.08572583859	0.03547047024	0.06142861032	0.06689089338	0.00367329734	0.0312579273	0.1186519285	0.1234124511	0.01318125096	0.07956168524	0.07362848688	-0.02357425295	-0.0336233232	-0.02018752533	0.0631081721	-0.3277760627	0.08296232302	0.01447512067	0.0364604454	0.01821894876	0.04952701855	0.05285708897	0.06902401656	0.04811857814	0.01767803627	-0.06723183282	0.02243371196	0.06114679489	0.03264998998	0.151213025	0.09426364757	0.03755924091	0.05289965165	0.119655857	0.09549239745	0.2109300646	0.04600851432	0.1978183926	0.0361035557	-0.01352275635	0.02950316253	-0.04417398341	0.05778466972	-0.1009375418	0.0476624239	-0.07752965709	-0.07945797847	-0.07282298169	-0.05854046709	-0.03511976819	0.08440166865	0.005887193465	0.09473045663	0.06762853842	0.01706263532	-0.06801839578	-0.04857154276	-0.07893266726	-0.07017179491	-0.06588133227	-0.09170220678	-0.0150129833	0.02765912827	0.008872851246	-0.0005706481888	-0.06076246946	-0.0008169057458	0.0497024281	0.06445393417	0.01616896325	0.05176480213	0.001786072391	0.01613629463	-0.01299764219	0.0789429298	0.06486293797	0.09167351033	0.1062560305	0.1077162125	0.05404335126	0.05761428893	0.03643046078	0.02700901023	0.04563928702	0.06124514913	0.03677339377	0.01756115712	0.007051183896	0.02050128488	-0.02212203048	-0.03707922497	0.008859929399	0.06386283006	0.06458202637	-0.03899443467	0.2203487284	0.008859949069	0.06772243414	0.08252162853	0.03488797658	0.104811504	0.2004056345	0.03513783341	0.04599051131	0.03633058473	0.02151154279	0.063234533	0.05028006747	-0.2945197207	-0.1841334223	0.005573372588	0.02657687948	0.09108061957	0.07219440851	0.01118091466	0.06508156428	0.1067400293	-0.303328634	0.061228345	0.002455479271
0.04463728329	0.09184215922	0.03408218813	0.1110340444	0.01362322359	0.09489142143	0.01579554273	0.02138727692	0.1563174156	-0.3740091224	-0.3710339353	-0.3647522547	-0.3548842977	-0.3137893384	-0.3245090205	-0.362608225	-0.3739908462	-0.3690589835	-0.2887403685	-0.3714488922	-0.04633586854	-0.05975979256	-0.3124566104	-0.02833843099	0.004856712907	-0.3296323565	-0.3225927518	-0.308785912	-0.3225027866	5.708146411e-05	-0.3271856475	-0.01751374772	-0.03471632941	-0.2046664351	-0.04239119033	-0.3145247493	-0.00729974147	-0.0001358355425	0.02668069095	-0.03734147921	-0.01584221759	-0.05431285615	-0.3520693267	-0.03397301529	-0.3258718558	-0.03338106399	-0.02437023686	0.01414962251	-0.02872953619	-0.06247846371	-0.03174446728	0.01590694854	-0.320182718	-0.3224746036	-0.308032178	0.00500308721	0.009199161547	-0.05283725126	-0.3632147452	-0.374075204	-0.3441329224	-0.08431942162	-0.3113248034	-0.05296726451	-0.05192943554	0.01514899887	0.108918652	-0.001742336285	0.02877151271	0.002700203407	0.09347320101	0.085157298	0.07923088976	0.009555548138	0.1050517672	0.04452365683	0.1670241824	0.3115631189	0.03257417508	0.04204596376	0.02770132679	0.04886352267	-0.02250957941	0.1029103469	0.04013945064	0.02289762391	0.08957970196	0.08110813113	0.01169614419	0.1673066461	-0.02311994809	0.04232609503	0.1095764237	0.05649046244	0.04062250197	0.05448124006	0.06855873223	-0.0291338686	0.03675516637	0.2595042139	-0.06102152475	0.04210936573	0.002062478794	0.5866601362	0.006538281422	0.02841532368	0.07196529967	0.07581092988	0.1074973811	0.03820957603	0.02473207486	-0.06615110863	0.0796115625	0.06264175483	-0.008458096181	0.09989749123	0.08315182122	0.02379236731	0.01996419756	0.09686116474	0.03616184747	0.1132725368	0.1793623708	0.1510619363	0.1779688765	0.06642698156	-0.3452691429	0.1338120647	0.07622069431	0.09387754561	-0.06393280656	0.07551922664	-0.02700019449	-0.003829004063	0.03783952482	0.05587974191	0.1997323388	0.07121767429	0.02112217462	0.1141156837	-0.03038453735	0.01075556905	0.002316192726	0.07676063105	0.03128582471	0.01829641239	0.02240340365	0.1036207195	-0.02213470448	0.0003856333293	0.09269823286	0.00190417721	0.06411314729	0.08788410842	0.08172604564	0.06701065858	0.1015408933	0.09808015263	0.1100845579	0.09897968511	0.0771662419	0.06310801369	0.03823988085	0.01807780163	0.06453131955	0.03478343503	0.0271922318	0.1810287594	0.1308272402	0.1720565981	0.1520223319	0.1539521809	0.2267722349	0.01540570702	0.09609440118	0.1926436427	0.1720748997	-0.002128636665	0.08451525506	0.07133443779	0.1037652932	0.06670422196	0.07642169181	0.1388558477	0.3525424172	0.08943347826	0.0699895808	0.0545606119	0.02062678628	0.06503780888	-0.0652484467	0.06847536498	0.06452285157	0.06071897803	0.06380600183	-0.006202078276	0.0583402248	0.0111919546	0.03485484548	0.07222242664	0.1920606044	0.1909869846	0.06805460845	0.04345594717	0.009887126614	0.1291081594	0.02527993667	-0.006005394397	-0.02433538779	-0.01352069425	-0.0467622699	0.01799140465	0.03117223949	-0.02442324139	0.03099344951	0.1145048715	-0.03022668454	-0.001363684686	-0.08142472775	-0.3550095362	-0.2180549689	0.1295935233	0.1521233843	-0.01883728825	0.05910189064	-0.003425514087	0.1072775281	-0.009745556509	-0.3344598213	0.04678528968	0.1177761433
0.08637627582	0.05498889274	0.05018927358	0.05060400245	0.1374781908	0.01095088964	0.08442667491	0.1046133924	0.09114684173	-0.3166371838	-0.3025105947	-0.308151674	-0.2909085697	-0.2967209463	-0.2961977597	-0.2887909105	-0.3114201575	-0.3077629099	-0.3035338844	-0.2989723053	-0.04706904958	-0.06905574849	-0.3400205096	-0.01956738792	-0.003610124124	-0.317917695	-0.3029001937	-0.2759956751	-0.304742767	-0.01869599547	-0.2959815149	0.08303117236	0.02480414166	-0.2160662484	0.04840362137	-0.29348782	0.119223083	0.09720900861	0.13497803	0.1009788225	0.1005681833	0.1028203713	-0.3163090343	-0.09358951451	-0.3092749452	0.02953991075	-0.001146559894	-0.006045794715	-0.0622912062	-0.005548288564	-0.004553263917	-0.07247848595	-0.299058035	-0.2868088321	-0.28427185	-0.02166224365	-0.008453885465	0.0485864995	-0.3278306463	-0.3199265727	-0.2905725512	0.03526726644	-0.2952613246	0.03896952901	0.02588711436	-0.05359953498	0.134462798	0.05460685784	0.1906106608	0.1687272388	0.03328293564	0.01291817822	0.01424575845	0.05621948459	0.09098810954	0.06686468266	0.2133807773	0.01918191363	0.05506750496	0.1236304489	0.002046343918	0.0564440199	0.006149902716	0.1078043108	0.08443288865	0.02211593336	0.06320678754	0.05630703513	0.03664015526	0.02083089921	0.000599068431	0.05978371105	0.05409958634	0.07505087956	0.02398076598	0.007863607725	-0.01055696305	0.01844615919	0.036776062	0.02107946137	0.02071401858	0.05074297727	0.1096358838	0.006538281422	0.6611722002	-0.02280617559	0.08583283127	0.05516307854	0.04641156201	0.09374124691	0.03536873044	0.1072267597	0.1043274334	0.03809433495	0.05042230771	0.07955373909	0.01569053565	0.1003117342	0.05747711772	0.01844299706	0.02013321114	0.1281824271	0.006023862087	-0.005476565052	0.04177333782	-0.001392225858	-0.3114735263	0.02300597864	0.03440884206	0.1017174704	0.005541179423	-0.008049390949	0.04567826523	0.04940135065	0.0966487815	0.005262804808	0.04609166758	-0.01207474834	-0.006229471348	0.04929340127	0.1919069853	0.1006685939	0.00304710787	0.02461561716	0.09322017269	0.08186061158	0.1750906306	0.04268469171	0.1634114551	0.01957470665	0.05286202218	0.1214133154	-0.00352907697	0.09006244013	0.0395196312	0.01171202904	0.01521692352	0.04077697384	0.06169700946	-0.0002391936827	0.07479889382	0.223002081	-0.001712986843	0.06418092534	0.06496559392	0.01062784668	-0.002745762691	0.02335151877	-0.02889139128	-0.003207529857	0.03172930817	0.004026448061	0.09600238902	0.01845897689	-0.03243752335	-0.01782713592	0.04252457307	0.06575025249	0.02630299054	0.06427084316	-0.02361049677	0.04511434096	0.07452845512	0.0466830051	0.06959913337	0.1921822323	0.08473839587	0.0491685384	0.05831591763	0.0532221718	0.0168729085	0.08510581634	0.04083060255	-0.02692003858	0.02905652045	0.002379308912	0.03973206603	0.01489031361	-0.01477834862	0.04632948512	0.0247076988	0.02989251232	0.0568685671	0.05524906977	0.04633317482	0.05481762474	0.09278167952	0.06024043069	0.05501694483	-0.02100653646	-0.01011731411	0.05397299529	0.1650867511	0.08957985422	0.02055895108	0.01849762829	0.005233775929	0.0357969735	-0.02014056832	-0.3261594231	-0.2097097147	0.031242044	0.007834870846	0.07985909222	0.0487273634	-0.02159532742	0.05598746309	0.07134569376	-0.3446699412	0.06525991889	0.02086725675
0.1279389856	0.01102866884	-0.0006381524921	0.04458762347	-0.003874822005	0.002878127814	-0.01674781718	0.02796944848	0.03210784947	-0.3370483688	-0.3138863177	-0.3214913405	-0.3071952374	-0.2844800511	-0.2888508241	-0.300605949	-0.3320793068	-0.3258031983	-0.2489986713	-0.3081964042	-0.02740247936	-0.04728005868	-0.2622365576	-0.04345750571	-0.02364296069	-0.3089579552	-0.3021570125	-0.273980345	-0.300579272	-0.03053442029	-0.2935584262	-0.06963943588	-0.03707642061	-0.1913518079	-0.06526224133	-0.288206539	0.01515994867	0.01460122881	0.02107931096	-0.03555357003	-0.01118160065	0.01572788166	-0.3388022536	-0.05147136108	-0.301878828	0.009374570971	-0.02730855397	-0.01314863404	-0.04657090028	-0.02087782082	-0.02098936335	-0.02477936484	-0.2846947131	-0.2894638381	-0.2574383775	-0.03552734274	-0.03589498156	-0.02005671141	-0.3516627608	-0.3320327011	-0.3582275104	-0.003698290685	-0.3023463138	-0.04124393955	-0.05714109209	0.008831317268	-0.02352280845	-0.01254681537	-0.006442879174	0.002389156483	0.03588584682	0.04719857493	0.04760160379	0.08017935458	-0.01165470317	0.1013827765	0.01091077105	0.03006690196	0.001139015406	0.006695934718	0.2002545151	0.1642005117	0.1887235586	-0.01282942011	0.09478916014	0.1810673314	0.02561797182	0.1882676987	0.3501171116	0.08256775102	0.1685017164	0.2365896051	0.118303705	0.04630705178	0.1501592006	0.2520348843	0.1991579969	0.3400250894	0.0001296754582	0.01567576818	0.2602979715	0.02684150402	0.117550748	0.02841532368	-0.02280617559	0.6501331923	0.09287587139	-0.01810799566	-0.009203140551	0.04133591903	0.1721651905	0.01713892979	-0.02326586215	0.09140865971	0.1641401067	0.07353699304	0.1180886215	0.07491963585	0.0006927905088	0.144488899	0.3902782511	0.02955552952	0.03397931463	0.007463201866	0.01439217944	-0.006193044997	-0.330983308	0.09454555921	0.09606162683	0.1098551548	0.2409395844	0.2761817069	0.3288120377	0.2910314462	0.02572870925	0.08749993787	-0.05330943257	0.2043862965	0.1877566951	-0.03539946279	0.04611005299	0.1128894906	0.2244758502	-0.01834333588	0.02324702864	-0.004596859012	0.01199531501	0.09028496575	0.103237695	0.2395246235	-0.02071577011	-0.08356379072	-0.05910396844	-0.06238182496	-0.04566399076	-0.05010438582	0.0003680983587	-0.005874846326	-0.0297931301	-0.04884266343	-0.07139217359	-0.01932778447	-0.01572766434	0.1448870142	0.012831493	0.1237907608	-0.04117685633	-0.07940431953	-0.05310488787	-0.04533381385	-0.08235273814	-0.04755925157	0.1253442385	0.0189427927	-0.03792859123	0.1084066404	-0.07812237342	0.01916448985	0.05507716057	0.1081440716	0.1406949097	0.04266931165	-0.01624601033	0.01360722022	0.0006687399241	0.07929871216	0.1031924001	0.09211426138	0.06859378846	0.1136598252	0.1903416279	0.001667298127	-0.01096547878	0.06561365994	0.03347904881	0.07371355008	0.02567222047	0.03371894495	0.02033096538	-0.01137339518	-0.07941509446	-0.0554007271	0.03595700869	0.004567088271	-0.0255426979	0.01587929666	-0.01265946134	-0.04182914878	-0.0344399669	-0.02322779813	-0.009684677371	0.06438309912	0.01070812062	0.05807790231	0.2443734399	0.05976835368	0.3009407743	0.2082363187	-0.04476415364	-0.2809739678	-0.2019019442	-0.03842091322	0.03762968722	0.03550252521	0.08743862378	-0.02272911878	-0.03012065797	-0.04676895084	-0.2844234506	0.046958109	-0.01312299888
0.06907632417	0.02377257857	0.0282749011	0.06632641734	-0.02178382449	0.02027702943	0.01354048535	-0.01453875838	0.1014944526	-0.350851171	-0.3385955272	-0.3448745696	-0.3255261725	-0.3359336706	-0.3176218851	-0.3176146827	-0.3493402396	-0.3439313712	-0.2774023044	-0.328267843	0.0003181318647	-0.03490635224	-0.2625361819	-0.01459522318	0.009005672064	-0.344425063	-0.3436031567	-0.3354453146	-0.3391611864	-0.001686494355	-0.3358836631	-0.1105754986	-0.0569036761	-0.1413049001	-0.0942022118	-0.3228592921	0.006347433982	0.01149224671	0.004363279153	-0.02477867659	-0.05275011906	0.05515477191	-0.3330929423	0.01613847416	-0.3424881265	0.03169270265	-0.07049792498	-0.05523008202	-0.0186603685	-0.01507185951	0.02207925368	-0.06364276171	-0.3314733187	-0.3327307317	-0.3187253423	-0.004316092442	0.002031705025	0.008074914633	-0.3597264901	-0.3461982762	-0.3225068927	0.03961248212	-0.3346353265	-0.020303526	-0.04609122147	-0.0346193108	-0.02605588036	-0.04784149114	-0.002174811159	-0.01122029171	0.007242216354	0.0288977185	0.02326107519	0.05413897908	0.01807782942	0.1126483439	0.05674416324	0.006502399897	0.04346015198	0.01134184129	0.2225698587	0.2683570601	0.0522942173	0.09203475579	0.10269698	0.05202259056	0.03212664678	0.1992535673	0.1544129837	0.4319141436	0.02097766333	0.2480619702	0.1568765298	0.03704221296	0.181418124	0.1868956787	0.2226456234	0.1337935918	0.02837483154	0.03133170196	0.07623659133	0.01846707209	0.03603390122	0.07196529967	0.08583283127	0.09287587139	0.6408795742	-0.009037835402	0.02774924626	0.113139812	0.03482873935	0.04034732507	0.0242686662	0.176190537	0.08106211169	0.06106574976	0.1955241148	0.08974009988	0.05943007128	0.1839829118	0.1767654919	0.01941670797	0.04336615285	0.06096585403	0.0004724780744	-0.05243588707	-0.3259268816	0.06967482112	0.5722553042	0.4547485309	0.1218092511	0.2189374867	0.1135491431	0.1042152493	0.01404834491	0.1232090502	-0.002115909713	0.2166590699	0.1350107808	0.06322835851	0.04357212315	0.04922842159	0.1567598872	0.001161742211	0.06395827673	0.06644149932	-0.00662530812	0.1359287545	0.04271683354	0.1251469281	0.05349097515	-0.03178193258	-0.06148736429	-0.05585091807	-0.04264357947	-0.05340740297	-0.04164496544	-0.07957190652	-0.04921256719	-0.0342382514	-0.07959782899	0.1163459877	-0.0723275139	0.08963675081	0.04856976577	0.1520200316	-0.02989196936	-0.05208303498	-0.03029460233	-0.01944254978	-0.02631527983	-0.001932308686	-0.04191761871	0.01592744882	-0.03246011322	0.1600902916	-0.03212642815	0.0401104024	0.0003930131286	0.1345886868	0.2520506633	0.1375761535	-0.005555233768	0.06129681414	0.03527332139	0.1040906016	0.1924056879	0.07690716586	0.06766925052	0.09193728155	0.08904928131	0.05409968848	0.03240693502	-0.03124934973	0.005889564605	-0.01413757831	-0.0508864477	0.0132364778	-0.03689161264	0.02542847212	-0.04856318024	-0.03049660829	0.1259872466	0.0162794495	-0.03457072903	0.1225527904	-0.04141289365	0.009700636537	-0.02607125144	-0.03974069763	0.02000156434	0.04856785273	-0.000571689265	0.06076924516	0.2473398801	0.1029378707	0.1179951571	0.1535126935	-0.04578351078	-0.2724683485	-0.1734407418	-0.03758922266	0.02310586907	0.02993421113	0.09241647787	-0.06150586453	0.05173383152	-0.003952826101	-0.2573500832	0.02649746835	0.04663119276
0.06708055726	0.09739639028	0.1078552648	0.116600033	0.0439928335	0.148928015	0.1068849549	0.08928173976	0.1063373919	-0.3856173081	-0.3664182435	-0.3658687388	-0.3544135124	-0.3237003439	-0.3274361551	-0.3535129247	-0.3790597857	-0.3671761411	-0.2901061999	-0.3591912722	-0.020378965	-0.04122599652	-0.3140733652	-0.02503292433	-0.003441983389	-0.3422211876	-0.3445088282	-0.3034368255	-0.3329370412	-0.002887396136	-0.3299635265	0.009589621253	-0.01800101502	-0.2054209104	-0.04518770438	-0.330045926	0.1265418666	0.1063730137	0.1105846829	0.050989066	0.03639650634	0.06130700019	-0.3661498856	-0.04298166031	-0.3453690153	0.007688101289	-0.01425134643	0.1172069112	-0.01454682118	-0.03936785162	-0.01342265766	-0.02953155789	-0.3355189249	-0.3215203264	-0.2957416374	-0.01150200623	0.009340518904	-0.03652300633	-0.3681784047	-0.3767245103	-0.3595002498	-0.05124667633	-0.3273823927	-0.03932672635	-0.03841341074	0.001817904457	0.1499847513	0.07537532733	0.1046561118	0.09595625135	0.1013307545	0.07919206409	0.07653649738	-0.0002900422321	0.09315644981	0.1376999233	0.08368076503	0.04415926028	0.1809884198	0.108485639	0.002286772824	-0.05094032623	0.08673461498	0.09692165506	0.08819453671	0.02921536734	0.04684450432	-0.06212766725	-0.0006750653218	-0.07198013239	0.0595939155	-0.02894592072	0.03029701127	0.1659716879	-0.07742787946	-0.02601837087	-0.03516801479	-0.00303488934	0.1314603399	0.1175588423	0.06250274929	0.07425701695	0.02859831044	0.07581092988	0.05516307854	-0.01810799566	-0.009037835402	0.5288384928	0.08917766534	0.09498196566	0.07387981107	0.09399378955	0.1596367217	0.1090193639	0.1164407232	0.1586962408	0.02187808444	0.09081175813	0.2322889371	-0.05787551418	-0.006177031502	0.1535709347	0.1800021148	-0.004427470527	0.09223069027	0.1059082359	-0.3583944371	0.02571192871	-0.009186784556	0.02183661654	-0.028194857	-0.0317360825	-0.01071298968	0.0299734561	0.06259088924	-0.01138933366	-0.02414064206	-0.03266755061	0.03650894415	0.09110765858	0.1192376707	0.1443773509	-0.01324259301	0.236599816	0.218017928	0.2499885118	0.1003984303	0.04670923721	0.07561861096	-0.01279591395	0.1178227348	-0.01780480447	0.0750509102	0.01697073036	0.04858450423	0.03086648188	0.03563579316	-0.0149508252	0.06189007726	0.03820875052	-0.0265944868	0.07177385256	0.04927566152	0.09409975226	0.09745037299	0.06019028406	-0.02776292915	0.01035376667	-0.07289566101	-0.03480762979	-0.02798941736	-0.07144779461	0.01323728806	0.07331068136	0.03739632457	0.03330490973	-0.009445954048	-0.0205486153	0.03698622644	0.07259083102	-0.01150587564	0.09675802775	0.07800451758	0.100487742	0.1128955273	0.04855914923	0.009862709819	0.08744918155	0.2456945335	0.1086383483	0.03621736303	0.1793797318	0.03832124351	0.04777989636	0.07098684387	0.07324840494	0.1333663419	0.03778841126	0.08519213699	0.07510985391	0.08106322553	0.08080560622	0.0293113563	0.1459394737	0.0787492889	0.05948126919	0.07624184605	-0.01558000085	0.05012638933	-0.01549065719	-0.0004243473529	0.2536264305	0.1263389	0.1174928327	-0.05256218261	0.04815902618	-0.04225207709	-0.007759814615	-0.0491218775	-0.3442143621	-0.2196282876	0.156777113	0.09360389939	0.06857521145	0.1118986374	-0.002460398185	0.1328589349	0.006123444361	-0.3388893139	0.06171936143	0.08282529666
0.004848772523	0.3203859952	0.03910193967	0.05993101786	0.09086145533	0.08578445471	0.02545931103	0.04631168868	0.02712875569	-0.3092207092	-0.3238078065	-0.3298754372	-0.3111138422	-0.2980875385	-0.2887032109	-0.3087313511	-0.3033712509	-0.3289328505	-0.2655240826	-0.2859023852	0.01216061736	0.03858049925	-0.2792026278	0.01255791023	-0.003350177048	-0.2845415684	-0.2752492414	-0.2929609927	-0.2665205085	-0.01939408895	-0.2700611693	0.04319243788	0.03878627246	-0.1889239989	0.03679741822	-0.2938044389	0.08698279685	0.09171130076	0.04174002026	-0.01880126908	0.04406878776	0.03404570326	-0.2839083891	-0.04698845474	-0.2945275701	0.06448619026	0.01434163683	0.1025227792	-0.03586541737	0.005901375243	-0.009656122581	0.02728581897	-0.2993366727	-0.2886359461	-0.2894839683	-0.02178696027	-0.01135875734	-0.006738478979	-0.3092682135	-0.302448304	-0.2985245278	0.02951890113	-0.2914095146	0.006859875685	-0.01082557444	-0.006876632236	0.05072253824	0.08627527498	0.03864121704	0.1145735238	0.05679617831	0.03190167308	0.02976520872	0.08013092339	0.08207282359	0.03646362681	0.08011178323	0.05892592238	0.08384825404	0.04396685102	-0.018536695	-0.05003915824	0.02485724356	0.06965466787	-0.01701047277	0.01473239244	0.1333354194	-0.03908052828	-0.03257375439	0.07683321609	0.01958248141	-0.04782386425	0.01754188496	0.04829372713	-0.05829111315	-0.01832582278	-0.03971569772	-0.03532568356	0.09674866578	0.151704086	-0.02163556897	0.06450057739	0.03568564708	0.1074973811	0.04641156201	-0.009203140551	0.02774924626	0.08917766534	0.6152922034	-0.01528503393	0.009142363256	0.03410835942	0.1196940894	0.01102956665	0.03045467501	0.04231846944	-0.006613203029	0.08853715969	0.06039949534	-0.04806473584	-0.02931729611	0.1352482974	0.03713914519	0.03690724719	0.06142478681	0.1371357723	-0.2776150145	0.06523480711	0.02255603578	0.06973642696	-0.0004623606339	-0.03982559697	-0.02257746769	0.04462332012	0.06362704037	0.1182484695	0.1369281292	-0.04012704466	0.0491211974	0.1673963289	0.002269741797	0.01228711227	-0.03192436744	0.05067049188	0.08245944583	0.06862280837	0.05403593756	-0.02004860886	0.006324519881	-0.02547402512	0.05579603063	0.008516210451	0.00586531945	-0.01351483409	-0.02555830754	0.0009976958332	-0.007224190337	0.0006530905214	0.001258748158	0.008213076469	-0.00845442	0.07980641865	0.06210189789	0.04794834815	0.1847469056	0.01582746668	-0.02298022577	0.1513570399	0.0476281156	0.06577157931	0.13601231	0.01618350412	0.00312465812	0.05801364142	0.02467195134	0.04232454958	0.1303192892	0.06328492695	0.1157244552	0.01467076673	0.09822901864	-0.01392640254	0.1347648689	0.1197928154	0.02912621296	0.04796785731	-0.01726375041	0.02670229781	0.04391433661	0.07238353453	0.01851916631	0.1054294138	0.3011506939	0.07138683954	0.1097887048	0.1185594662	0.131667083	0.02144416752	0.1063529113	0.08104359048	0.1007373934	0.08790381016	0.02097314219	0.06580140849	0.04434788052	0.07008458922	0.04852616019	-0.04535798304	0.05756436436	0.03504439483	0.01673388595	0.05451098443	0.0748550548	0.04482519005	0.07902933527	0.05918862527	-0.04350444547	0.01229630342	0.0488988267	-0.3128854829	-0.1974065554	0.1299463402	0.06934982949	0.06547432438	0.09608290885	0.01456826963	0.05295183917	0.01102744561	-0.2925715378	0.0979137242	0.0987585957
0.1463725863	0.02493852811	0.1162784097	0.09596856976	0.04459424349	0.05638844732	0.02760694163	0.04478357725	0.1235083938	-0.3193616897	-0.3301701191	-0.334444603	-0.3163708722	-0.3196267302	-0.3136138266	-0.3115177613	-0.3143821749	-0.3069702165	-0.305827852	-0.3169821135	-0.05335207145	-0.08478441398	-0.3044918796	-0.03259992906	-0.005806197782	-0.3197359139	-0.2860418606	-0.2890319663	-0.3156419662	-0.01773971447	-0.3097433497	-0.09100193776	-0.08028946291	-0.1940331386	-0.09532291467	-0.3140698592	0.06075918502	0.03593934823	0.03698339715	-0.01223407458	-0.02393383896	0.01228606296	-0.3202686344	-0.02505678816	-0.2995164378	-0.007112461832	-0.03848587175	-0.01384398029	-0.03551107259	-0.0694930544	0.00607039793	-0.07279722206	-0.2742066517	-0.3137117342	-0.3017097792	-0.0218403761	-0.01308163029	-0.07570485525	-0.3404573018	-0.3461681785	-0.3015669254	-0.005301859949	-0.2808497964	-0.04178384845	-0.06014579647	-0.0638238691	0.03467710401	-0.002906539766	0.01855658366	0.03975911563	0.08193193146	0.1109046914	0.1082992671	0.03470027952	0.05218276564	0.1291499967	0.08684834689	-0.001793344642	0.1184640842	0.04504538949	0.08649388787	0.1296402153	0.0296046448	0.06889225206	0.09929067737	0.09279347297	0.08559021254	0.1068732332	0.09824855343	0.03929758606	0.1708795679	0.2110929983	0.004542441841	0.0595375683	0.07918073085	0.15051892	0.122919366	0.06553993204	0.1209825211	0.03682339757	0.07192447619	0.1014321071	0.07832218716	0.03820957603	0.09374124691	0.04133591903	0.113139812	0.09498196566	-0.01528503393	0.5867413961	0.129392672	0.04438383628	0.0581606425	0.1042738943	0.08204509158	0.02721862879	0.1164778214	0.1664257082	0.1485846645	0.1146585588	0.1043632925	0.03177248737	0.04685033178	0.09079183459	0.0201955818	0.04124631107	-0.3146911873	0.1124184286	0.06631127558	0.1075951625	0.03003277405	0.1234399328	0.03698022344	0.05731573609	0.04529489152	0.06691086946	-0.02895618614	0.1298219226	0.01115292197	0.08333368581	0.08596553418	0.1654161207	0.07479631724	0.1075838214	0.1349992069	0.1742410845	0.03959622652	0.1397967568	0.01505379585	0.08629620241	0.06784121971	0.002403675326	0.0191549887	0.0108534133	-0.01378324134	-0.02067353554	-0.06346345544	-0.06747051693	0.001566882871	0.002522036373	0.003151135297	0.1023972738	0.01115787348	0.1011663331	0.05558611239	0.2108253689	-0.00928262976	-0.02147411987	-0.06418523924	-0.03803218253	-0.0489068087	-0.05766393771	0.003029480991	0.03974919336	-0.02533319775	0.09637275018	-0.02562202494	0.02050821165	0.04781222542	0.128380434	0.03743358036	0.165017838	0.003812139943	0.05019361043	0.08448012485	0.127828879	0.1449132118	0.1093252586	0.1111265353	0.147078046	0.03432993569	0.08613962347	-0.02685473281	0.001874982706	0.04331408495	0.04909685529	-0.001347586336	0.02792905768	-0.04887045463	0.08352610412	0.02942455235	0.01659195479	0.1307764416	0.1162908334	0.004718299682	0.04438385198	-0.01477727344	-0.01850338002	0.01959204491	-0.01931022479	-0.02823854016	0.1128537605	0.05748465211	0.2047200616	0.03760791879	0.1333351869	0.04995814394	0.06268274423	-0.09892642371	-0.3040103094	-0.1978905804	0.0007997647066	0.02339499219	0.04023565934	0.1188908592	-0.03001481296	0.04003729833	-0.03644511399	-0.2928532134	0.07408026529	0.03660588105
0.1322552882	0.09765767488	0.120576311	0.1701835346	0.04210053583	0.08670673136	0.08384374331	0.09317239248	0.1200599169	-0.371686891	-0.356011741	-0.3620213585	-0.342336807	-0.3395075663	-0.3456152584	-0.3377329035	-0.3631738986	-0.3599514189	-0.3371892583	-0.3449634356	-0.06413458418	-0.08514960346	-0.3323909586	-0.1038644938	-0.0811438282	-0.3543077581	-0.3483933133	-0.3461110952	-0.3442941511	-0.08965455954	-0.3453834972	-0.09281486102	-0.05521628073	-0.237063295	-0.08532796595	-0.3373046088	0.1015234087	0.1098399252	0.156334971	0.02996480752	0.0110838138	0.05015383664	-0.3778302845	-0.0753339668	-0.3522276352	-0.01020492144	-0.06284874678	0.00221580179	-0.1082477191	-0.08298419156	-0.06163323547	-0.07107618433	-0.3455365772	-0.3436380163	-0.3359643086	-0.09710028818	-0.08980825289	-0.06224663037	-0.391143844	-0.373788652	-0.3716457699	-0.04771471189	-0.346446387	-0.06341382228	-0.06474763103	-0.05167138045	0.04294871952	0.01373644256	0.1174913544	0.09736204054	0.1706341476	0.06477954777	0.06534384733	0.1317171273	0.0858106594	0.2138196441	0.01081087677	0.02108057041	0.122714319	0.1420733035	0.1309989591	0.1419743463	0.2443701584	0.02208304069	0.1131712685	0.2598225852	0.07694603129	0.003107464388	0.07439193951	-0.09890552505	0.1743686619	0.06496207326	-0.05490171651	0.1532204339	0.003407608173	0.05284033615	0.04747904433	0.197125847	0.145821066	0.03815451438	0.2008377147	0.1899424239	0.08718027555	0.02473207486	0.03536873044	0.1721651905	0.03482873935	0.07387981107	0.009142363256	0.129392672	0.470668247	0.06718760558	0.06503744969	0.1459921936	0.2967508394	0.1038685927	0.08396474548	0.1796787956	0.1270325052	0.0272871607	0.05844746131	0.05140430597	0.005972853357	-0.07647691959	0.04700051454	0.03351494712	-0.3684534795	0.1536292536	0.04059797895	0.0153911679	0.2024764025	0.03136955148	0.2361238415	0.1798905406	0.07538911333	0.06049204274	-0.05008371321	0.03189181872	0.0005244738134	0.0682821368	0.04267010635	0.1475169516	0.2350812224	0.1161588466	0.1269403298	0.1230962838	0.1329233994	0.06943385565	0.05785958394	0.2393981109	0.04997706388	-0.06760387713	-0.01291003929	-0.06175810723	-0.06116661741	-0.02087525161	-0.08575049873	-0.1104031453	-0.05135930165	-0.08147679704	-0.06475210392	0.05237189375	-0.05043669466	0.2955098214	0.1024874662	0.1350695713	-0.1376323698	-0.02248749827	-0.1148168111	-0.06279022035	-0.05956847628	-0.1628496188	0.1029132406	0.1466681513	-0.001045913234	0.02766003851	-0.04570518456	0.04484203295	0.09419604207	0.1350569473	-0.02347798103	0.1041975679	0.07503856991	0.09647330717	0.06786446729	0.09045951675	0.09981830518	0.1401185288	0.1396830134	0.1942439063	0.1127451937	0.1274871567	0.02346011037	0.05997617549	0.02554511481	0.08082076169	0.04791475389	0.1121793622	-0.03161422073	0.0777170999	0.01564601398	0.02196010206	0.04601706753	0.07462389348	0.05669981017	0.01868539838	0.08439385446	-0.05053373077	-0.02287607465	-0.03976834101	-0.06866504087	0.1448147771	0.1471591318	0.09589849827	0.1198620848	0.1405269054	0.1624997155	0.2024340614	-0.09251698331	-0.3379924453	-0.2409165659	0.1027739828	0.07732642369	0.06227719299	0.1670557003	-0.06242464348	0.04725372328	-0.01298490169	-0.3418171987	0.1548212886	0.03391585263
0.02982301266	0.04521611575	0.1084976944	0.1172367258	0.1775632622	0.0747462639	0.1364339548	0.1287174032	0.04705712365	-0.3836739263	-0.3602406953	-0.3706091843	-0.3521644171	-0.3487517184	-0.3266480478	-0.3470162162	-0.372406159	-0.3717958825	-0.2485416293	-0.3556566218	0.1543128052	0.07891419416	-0.2775278575	-0.01804550216	-0.0001616908046	-0.35507122	-0.3397185471	-0.3425774992	-0.3481886689	0.002692511181	-0.3437059683	0.01005748357	0.06665436947	-0.1665260296	0.02003888556	-0.3411717593	0.2086572306	0.3082252229	0.2694717254	0.2443143389	0.09194342316	0.4288994553	-0.3854213567	-0.02058332185	-0.3607459948	0.2862941598	0.02231612806	0.09904908336	-0.03906195102	0.1743341723	0.01438185742	-0.05560015881	-0.3416065806	-0.3445000015	-0.3250255255	0.001699380523	0.01173692846	0.1476519795	-0.3898797815	-0.383414027	-0.3758073398	0.1859481778	-0.3487662334	0.0031260593	0.002322914051	-0.03074407914	0.09079543945	0.1131195782	0.131531082	0.2002114262	0.03197931382	0.01764408792	0.02132493128	0.08846703595	0.1093854263	0.1249426897	-0.02682198147	-0.04180789775	0.08058424305	0.2644303974	-0.004516785418	0.02674226175	0.07508658032	0.005976967115	0.09699137328	0.0152361624	-0.01868029721	0.009785107639	0.06184883256	-0.04998370465	-0.03524355272	0.02005640868	0.04431244083	0.1614273424	-0.001257806411	0.03830910788	0.02283121779	0.04524038937	0.09453345293	-0.01487732178	0.09874510164	0.05861399724	0.08572583859	-0.06615110863	0.1072267597	0.01713892979	0.04034732507	0.09399378955	0.03410835942	0.04438383628	0.06718760558	0.5909873837	0.07056315362	0.03103260896	0.05510365412	0.03368989957	-0.001363866763	0.02202119474	0.09474690199	0.01653548689	0.047132992	0.0009012790321	0.001489745494	-0.02639321833	-0.01580660943	0.005634731153	-0.3777288332	0.02117602671	0.04821978313	0.01645485964	0.01887583946	0.03209602552	0.004329339321	0.06479364015	0.03854552985	0.03346164017	-0.04618673755	0.02365705236	0.05085727542	-0.008714834987	0.07719380922	0.07179560448	0.01839931347	0.1233131261	0.1219530202	0.1030753423	0.1800740578	0.01505458808	0.111847784	0.02966189152	0.1637733094	0.06285920312	0.02084625554	0.03270411211	-0.04871184023	0.02839569687	-0.09371183943	-0.1183768255	-0.03244177146	-0.03276702697	-0.06545117892	0.07492757928	-0.04736729349	0.06151749247	0.09475874938	0.07360256587	-0.08978689084	-0.03882923531	-0.1004815261	-0.04568717479	-0.04222037336	-0.1173322113	-0.04520669982	0.08136264354	-0.005541157007	0.01280477458	-0.03248408134	0.0522863706	0.0573568883	0.03158478301	-0.06605857186	0.02579058472	0.05647363664	0.02470902162	-0.003628690124	0.02842075916	0.009356721583	0.05126945944	0.1281957883	0.0766128932	0.06088664742	0.1237940696	0.003381465829	-0.01640741762	-0.01101416089	0.07565612878	0.06829283514	0.1320361143	0.04573046579	0.1110809109	0.01957782144	0.03916833858	0.0919473834	0.1213955639	0.1238182744	0.1257069218	0.1191528514	-0.04899298599	0.04996688286	0.02250098688	0.1541015293	0.1291007981	0.1543536388	0.06548193877	-0.05308394212	0.0141558731	0.02599355272	0.01401702655	0.1275173639	-0.2647150783	-0.1726927795	0.009800134985	-0.002672561791	0.3344482068	0.07843177255	-0.07754549075	0.05815983096	0.06155088568	-0.2636886184	0.09743579313	0.02226281393
0.1135198465	0.1172548064	0.1232107423	0.08354305279	0.1108735307	0.07863423077	0.1095200045	0.09560957611	0.1119792422	-0.3502019447	-0.3360507185	-0.339260286	-0.3218718123	-0.3047177067	-0.3037469318	-0.3185983016	-0.3397766014	-0.3362885568	-0.3160711945	-0.324510611	-0.01087029076	-0.03752599983	-0.3243113706	-0.04646998161	-0.02921095936	-0.3205510431	-0.3143162892	-0.3003980373	-0.3029546289	-0.02042933114	-0.3063816778	-0.00638467165	-0.03286234567	-0.2285277765	0.01405886167	-0.3154950888	0.1159152077	0.1096013914	0.1006350928	0.109704737	0.08592612784	0.05535494754	-0.3410499879	-0.08101438365	-0.3303045409	0.007087995185	0.03051553497	0.02021321356	-0.07707220054	-0.01566409992	-0.003135482441	-0.03383231815	-0.3103797235	-0.3001360588	-0.2890336085	-0.0305771498	-0.02888756108	-0.0174514555	-0.3589773758	-0.3555575845	-0.3369438787	-0.06456034774	-0.3050365074	0.02549182127	0.01481940201	-0.03414508744	0.09307539577	-0.004473789395	0.1246433246	0.1017317592	0.1117419635	0.06217268783	0.05991292122	0.08835864774	0.190006301	0.1040614404	0.08315863936	0.04226789634	0.1408754582	0.1058115954	-0.04770270993	-0.02271521566	0.05170880708	0.1109524694	0.06553999282	0.03795542391	0.05401125878	-0.0158930207	0.006805293892	-0.03771997336	-0.01299792204	-0.006612501731	0.07678614809	0.1349634806	-0.04352769887	0.01988059408	-0.003512366732	0.001350701373	0.1365780912	0.07566018114	0.03200693671	0.1063268161	0.03547047024	0.0796115625	0.1043274334	-0.02326586215	0.0242686662	0.1596367217	0.1196940894	0.0581606425	0.06503744969	0.07056315362	0.4775882099	0.07514862563	0.09131192799	0.1330047141	-0.003252869013	0.06456539557	0.1481380463	-0.01735503142	0.01013971773	0.1079579262	0.05624183613	-0.03334739316	0.01818393456	0.1270922385	-0.3348753972	0.08249597409	0.02807275317	0.02687407852	-0.01588475469	-0.005406637184	0.03504037819	0.05736131028	0.131590391	0.02307899994	-0.01184070636	-0.004966153608	0.03471435033	0.1038784323	0.06889985455	0.08136295487	-0.0200394296	0.1476176505	0.1525915605	0.1433531293	0.1060618632	0.007248436315	0.07949131346	-0.009071804048	0.122476385	0.02670335778	-0.004083314171	-0.01019310603	0.004117752998	0.02950985954	-0.02985882102	-0.06761172279	0.008806456288	-0.01028498793	-0.02636165653	0.04037298316	-0.01514982669	0.121402629	0.1853572502	0.02816205665	-0.1093821653	-0.02043469462	-0.08446301577	-0.04559918066	-0.03917531706	-0.1023764542	0.007774536837	0.09184775781	0.07482419197	0.02964524583	-0.0195564121	0.0389971168	0.1072808605	0.03679031252	-0.0350546834	0.04382835479	0.1437299725	0.09917568333	0.09693430328	0.08314603192	0.02767940935	0.1253417626	0.147993419	0.1147019126	0.02571811323	0.1327675002	0.04954990928	0.06681846847	0.1223654519	0.07172631401	0.1033757369	0.08347437127	0.03646364877	0.1566875385	0.1219722534	0.1266078243	0.08054352645	0.1512033907	0.03231370521	0.1185151328	0.04816128375	0.01052880316	0.1067778867	0.007560691337	-0.009746386657	0.1544517804	0.09596579338	0.03456932178	-0.04978662011	0.05288949234	-0.01260397921	-0.001850613743	-0.03463754606	-0.3435522357	-0.2386372906	0.1064141933	0.06827524822	0.1258902327	0.1661937653	0.00351518997	0.1018011388	0.01512703521	-0.3498737	0.09950842654	0.1342559235
0.1492694214	-0.01445118916	0.06806784561	0.09873151554	-0.01636155183	0.02786623062	0.03440747111	0.05725224599	0.1141021453	-0.3836840701	-0.3667527109	-0.3731787843	-0.3505756755	-0.3434720335	-0.347924982	-0.3511864176	-0.3789052843	-0.3711369869	-0.3396525132	-0.3580613638	-0.07562269627	-0.1020261896	-0.337533526	-0.06883913345	-0.0465267946	-0.3579612078	-0.3566692808	-0.3419832606	-0.3526225712	-0.04501466868	-0.3473886594	-0.09891326168	-0.07519685116	-0.2308967266	-0.1136187097	-0.3475095527	0.06801972645	0.07628513754	0.07343359103	0.008978185199	-0.04952867003	0.01863194189	-0.3891151791	-0.06437531344	-0.3646139828	-0.03102574271	-0.03182056704	-0.05546655467	-0.05979268404	-0.08688638274	-0.01193567626	-0.06479659797	-0.3464571568	-0.3466050531	-0.3364373092	-0.05243429079	-0.04923053058	-0.07052616648	-0.3996384131	-0.3854243156	-0.3783986475	-0.05200567632	-0.3444168654	-0.04421823701	-0.04974911189	-0.02490152281	0.02660443351	-0.03028919281	0.04177311336	0.04521670628	0.09207158245	0.06973288901	0.0693842154	0.02904559457	0.09850838055	0.2190088712	0.0722674286	0.04648977778	0.1323717006	0.06065307523	0.04165192007	0.1069730807	0.1315107434	0.03645540878	0.194631877	0.1620178063	0.08130505693	0.1022682772	0.07081347298	0.05757012368	0.1140249212	0.1234711691	0.1024334205	0.1083203275	0.1307236679	0.09679318617	0.1928168155	0.1277291608	0.07764944788	0.01918467263	0.09635437866	0.10735022	0.06142861032	0.06264175483	0.03809433495	0.09140865971	0.176190537	0.1090193639	0.01102956665	0.1042738943	0.1459921936	0.03103260896	0.07514862563	0.5230137136	0.2847487287	0.1212726023	0.1654432735	0.1799560932	0.1335553674	0.1618267862	0.09433626483	0.1138430726	0.06115168314	-0.002442540314	0.06500276561	0.08204705443	-0.380267788	0.02493972067	0.161667401	0.08600498348	0.09367876809	0.1628707867	0.09784328941	0.2355931434	0.04984050504	-0.01236087501	-0.1099121733	0.1957206643	0.1821952695	0.08012975143	0.04577635595	0.1680474996	0.2209535931	0.1151824616	0.1406091982	0.1439671069	0.06954616027	0.2516428949	0.04552839437	0.203706581	0.0471398672	-0.01919932027	0.01999698106	-0.02421764138	0.0454313355	-0.02800407432	0.01251845128	-0.02977544312	0.04132498556	0.006919837157	-0.05089146732	0.08798766694	-0.0979297921	0.211130094	0.1061146773	0.08712967628	-0.07531408672	-0.09233909679	-0.09508999319	-0.08363704589	-0.09140382729	-0.09707315642	0.02970052152	0.1056303566	-0.008158282028	0.04478839612	-0.104860869	0.02558749469	0.02141837443	0.1740194641	0.1328183709	0.2791613299	-0.003133605393	0.03824333099	0.08418086566	0.1071633671	0.1914482666	0.1185073537	0.1350680456	0.2492873125	0.1188297678	0.1287336793	-0.02183330646	0.001956287741	0.037906062	0.02095042281	0.002950677774	0.07173193815	0.001149960375	0.08006782837	0.06251309082	0.030211626	0.1420348873	0.1051952034	0.01351913228	0.0270502934	0.004040552818	-0.0134190643	-0.01593980258	-0.0651939621	-0.076798199	0.1166303551	0.09733462846	0.05493645114	0.04554346533	0.07239558275	0.1392806444	0.1156951587	-0.1241511188	-0.3487492534	-0.2366136888	0.01965624394	0.02566683781	0.04045124422	0.1903083255	-0.04307315884	0.1502822662	-0.0174283462	-0.3577746678	0.04155689912	0.03132173845
0.1791888392	0.03186758111	0.1128869853	0.08450595838	2.296620543e-05	0.02649505886	0.06045332175	0.08663758953	0.1136297927	-0.3712951703	-0.3565011009	-0.3605540458	-0.3430943908	-0.3361614479	-0.3425335477	-0.3408056079	-0.3696887625	-0.3647121197	-0.3333893116	-0.3481161799	-0.07190069808	-0.09305379431	-0.32878057	-0.09755681664	-0.07084726496	-0.3524037012	-0.3495029935	-0.3397319418	-0.3493624153	-0.07505721581	-0.3445759638	-0.0980442893	-0.08176656481	-0.229421958	-0.1009695186	-0.3435015308	0.08301722996	0.1121349697	0.1104568946	0.02563004585	-0.03877945831	0.04839470264	-0.3776943846	-0.09189944914	-0.3618622904	-0.01745055128	-0.05357866897	-0.03927180013	-0.0922605582	-0.09446707837	-0.06093545625	-0.0735244253	-0.3424655258	-0.3391006901	-0.3351705913	-0.08250429042	-0.07771849398	-0.06786350143	-0.3910428915	-0.3797810822	-0.3698035308	-0.07098105874	-0.3418876742	-0.05718557186	-0.06546820405	-0.05736020441	0.02289422802	-0.02699954838	0.05019613534	0.06599147992	0.123002429	0.0657808967	0.06636995435	0.04920966443	0.1365747631	0.2582441066	0.06997909646	0.02386777796	0.164570139	0.09602213706	0.1724204667	0.1771211733	0.2899909379	0.05848846408	0.1372050569	0.2713036125	0.08244689943	0.009685202018	0.0862867381	-0.05270654259	0.2297619685	0.07252037216	-0.05321931478	0.1218898113	0.002170705854	0.05668228641	0.01977097106	0.2398712248	0.1198120155	-0.0003499867811	0.1902966534	0.1417171381	0.06689089338	-0.008458096181	0.05042230771	0.1641401067	0.08106211169	0.1164407232	0.03045467501	0.08204509158	0.2967508394	0.05510365412	0.09131192799	0.2847487287	0.487775521	0.1382518443	0.06276792621	0.1813797271	0.1754564317	0.009970766025	0.06837694686	0.09865282165	-0.02548471333	-0.07072921193	-0.004701780386	0.09349452138	-0.3684781009	0.05996971416	0.07663354519	0.05666067685	0.2528616328	0.01671429448	0.2468267026	0.291897176	0.05312157374	-0.01388450408	-0.09128177902	0.01873879026	0.02827611556	0.09442756772	0.07022077241	0.1695073108	0.2222191595	0.1434054457	0.1606949906	0.1637873122	0.07783077504	0.1206092453	0.0579654251	0.2068214706	0.04045015546	-0.06082589027	-0.003854117752	-0.05320542112	-0.03627245905	-0.02401233677	-0.05642985045	-0.1065700436	-0.02967016546	-0.0509706663	-0.06848420109	0.08443501739	-0.06007790084	0.3524668296	0.1219163877	0.09502527619	-0.1150332724	-0.08277184707	-0.154944689	-0.09160665974	-0.1075046753	-0.1469345265	0.09925885116	0.1177758887	0.01943301803	-0.02128776072	-0.09906312728	0.002491304309	0.04840346411	0.1368902997	-0.02567665766	0.1629137563	0.02892314985	0.03520997652	0.05120148474	0.08942509617	0.09583312628	0.1188695912	0.1600927991	0.2593670559	0.1577875255	0.1665816551	0.00709542846	0.02331777377	0.06599726316	0.06093176832	0.04000418178	0.06696003221	-0.0112484334	0.1171543532	0.06171155708	0.06136453705	0.08952331431	0.1222137242	0.03715415822	0.02112417653	0.033207801	-0.03621531803	0.001395514037	-0.05928889994	-0.1089103174	0.1427301419	0.1253732745	0.1144598885	0.1799472176	0.06008169645	0.2072469027	0.2035226069	-0.1187631209	-0.3352624398	-0.2345223039	0.0547939598	0.04471828766	0.06133713661	0.2284670675	-0.04467261874	0.1229965035	-0.02519987549	-0.3454251781	0.08221924808	0.05042977825
0.1870083301	0.0652194957	0.07775900637	0.08626759922	0.01616264234	0.06804542094	0.05364462393	0.06426217729	0.07998876748	-0.4080753252	-0.3883244076	-0.3961802975	-0.3725657837	-0.355105369	-0.3547693016	-0.3712459852	-0.4005960196	-0.3943069963	-0.3107821063	-0.382884477	-0.04132793063	-0.02483947779	-0.3215050512	-0.03883187059	-0.02761402276	-0.3765072318	-0.3700551015	-0.349792309	-0.3621094237	-0.01027471583	-0.362972679	0.01097727085	-0.03715684476	-0.2226299104	-0.05674503827	-0.362824627	0.05390071625	0.03997385844	0.06077981793	0.02747404034	0.009703526225	0.02412956965	-0.38774854	-0.05149107105	-0.3764328906	-0.01275528934	-0.02109242376	-0.03364245156	-0.009829596694	-0.0245668708	-0.0188184694	-0.03394627703	-0.3682544875	-0.3543104159	-0.3430298037	-0.01916381592	-0.01204280139	-0.01372655971	-0.4015587885	-0.4044983224	-0.3820908801	-0.06524966909	-0.3576384149	-0.01057593681	-0.02063875649	-0.02399994896	0.08713346557	-0.02872156498	0.06936164586	0.0456902282	0.07508152673	0.04984005759	0.04917772432	0.133131435	0.09099792806	0.174287259	0.08672167783	0.08530106719	0.1057803531	0.04848791584	0.03607212539	0.01225421122	0.1037971565	0.08016581279	0.03740146466	0.1824763493	0.06149243207	-0.001609099285	0.04290368453	-0.002026563167	0.09712625173	0.02068296855	0.07506572537	0.1036830824	-0.001626986595	0.04768856397	0.0288558794	0.1223858485	0.05652401949	0.131961154	0.07695193026	0.06844123537	0.00367329734	0.09989749123	0.07955373909	0.07353699304	0.06106574976	0.1586962408	0.04231846944	0.02721862879	0.1038685927	0.03368989957	0.1330047141	0.1212726023	0.1382518443	0.5218744992	0.01906304287	0.06818789376	0.0952156799	-0.01364070828	0.04213272144	0.11757749	0.1422305291	0.007721168937	0.07000408132	0.1659186129	-0.3793108918	0.08537688235	0.08056154595	0.06807169203	0.1054477661	0.02732050201	0.08544282233	0.121952526	0.1423927049	0.05624423861	-9.806165593e-05	0.0275320285	0.09513159347	0.08065042532	0.01482673698	0.105668826	0.06102336756	0.1143845168	0.09883611997	0.09443821021	0.07327519855	0.04262391102	0.05531129669	0.07735042777	0.158109504	-0.001226912517	0.03835009336	0.03865426254	0.04178258358	0.007271982859	0.02683681353	-0.02421886321	0.04103360434	0.04246368159	-0.04933560721	0.104688445	0.03822996588	0.155082955	0.08816084417	0.05998528767	-0.01632507741	-0.006773040486	-0.05406125738	-0.01377425018	-0.01401140098	-0.03417632374	0.04678909374	0.02291345413	-0.005020331997	0.09581495388	-0.002863669799	0.04500705853	0.05050981194	0.0243670287	-0.001194808808	0.1718453934	0.06167560204	0.08723317335	0.1078595478	0.04631960716	0.02473692058	0.07090101994	0.1518750094	0.1573968616	0.1537689667	0.1350672674	0.06387859124	0.08459077557	0.1446009952	0.05476540316	0.09697990675	0.03308394985	0.05047958318	0.1028070377	0.1010765262	0.1237950761	0.1231731543	0.1177766341	0.01284754492	0.1529440446	0.02243583432	-0.01938180049	0.02503252733	-0.01634416867	-0.0009128164653	0.1459455003	0.05543443741	0.04329299304	0.1008079798	0.05161944179	0.1093894954	0.1037409591	-0.04768026835	-0.3505296973	-0.2408856362	0.1471094044	0.09642460414	0.0519103991	0.163561169	-0.02357829078	0.1467374837	0.004274616336	-0.3526773134	0.08047304224	0.1913539282
0.0216286727	0.01788776675	0.01230569401	0.09024279968	-0.008669309829	0.03722015606	-0.03765887679	-0.006722363108	0.1044427819	-0.3743330902	-0.3615762649	-0.3677827385	-0.3470612437	-0.3500289589	-0.3395823679	-0.3463658242	-0.3763866853	-0.3690515901	-0.342949012	-0.3579384936	-0.06631986944	-0.07184159122	-0.3327469594	-0.04127179745	-0.01419115743	-0.3500663781	-0.3508715079	-0.3440996504	-0.3541400022	-0.03129681632	-0.3473040705	-0.0842903271	-0.06847490001	-0.2234495802	-0.09470902382	-0.3454109994	-0.01314433821	0.005721001048	0.01163661987	-0.02192908463	-0.02703881606	-0.006289619935	-0.3782336196	-0.04129175087	-0.3618929229	-0.02414694401	-0.0596861605	-0.02879405911	-0.0546321307	-0.06913432351	-0.01464812665	-0.06756240043	-0.3485915053	-0.349245162	-0.3362452887	-0.04068885045	-0.02862825568	-0.0508972233	-0.3894512163	-0.3813168511	-0.3636981045	-0.03016143685	-0.3449560196	-0.02830774662	-0.03761844789	-0.05461690536	-0.009294035581	-0.0350177355	-0.005272310623	-0.008464941637	0.09069933344	0.05754831425	0.05182233072	0.07722880279	0.007586406588	0.0587754987	0.07820753338	0.011649673	0.06641298647	0.02016515255	0.1080725531	0.1781132577	0.02420577747	0.08031372838	0.3532915475	0.02289115398	0.03658123735	0.2464035547	0.1416600345	0.1182581537	-0.00691523315	0.2109738136	0.1265104804	0.04408095254	0.2712446931	0.2145871263	0.2733636195	0.0830195419	0.02719006549	0.07063178834	0.1018814401	0.06281685129	0.0312579273	0.08315182122	0.01569053565	0.1180886215	0.1955241148	0.02187808444	-0.006613203029	0.1164778214	0.08396474548	-0.001363866763	-0.003252869013	0.1654432735	0.06276792621	0.01906304287	0.5836440209	0.1606488508	0.04871042653	0.2662757637	0.1882891532	0.1016422833	0.07039956241	0.1179448115	0.09848000752	-0.04519147232	-0.3702859353	0.07855314501	0.1901680896	0.178651572	0.09321592182	0.2182165732	0.09098894651	0.1284819744	0.005785126835	0.136806897	0.07347853618	0.2834367411	0.1418671631	0.02901114131	0.05726072969	0.07020161944	0.3974544926	0.05377956339	0.03323042365	0.04020042874	0.0125450187	0.2471330128	0.04055589975	0.3208737762	0.003289718195	-0.000800996348	0.07643045964	-0.01250441285	0.08652630541	-0.03272303718	0.07398288642	0.04804326222	0.07122859644	0.06167690566	0.004777167678	0.08190318444	-0.03157408949	0.02218657247	0.0213274139	0.1718870586	-0.0394892344	0.0405366858	0.04439187096	0.06033698409	0.05916736285	0.01466697796	0.0332868509	0.0820572823	-0.006512352105	0.1881611418	0.05712622004	0.09117518361	0.01019324707	0.2530625496	0.2141954301	0.1403947488	0.00866696734	0.06885620403	0.1284164258	0.1415646852	0.2212330971	0.1069940516	0.02777629994	0.06315201387	0.0112650393	0.02929202624	0.01359984102	0.02170200558	-0.01492138207	0.02078989653	-0.03037088147	0.03167528457	-0.007453796746	-0.0003563783648	-0.01405740078	-0.04650494379	0.08583467794	0.009825564926	-0.007748149555	0.077527909	-0.04053670573	0.01043109898	-0.005194884682	-0.04757980554	-0.04647392742	0.03722096357	0.01724534921	0.02799756734	0.1028603226	0.1303572685	0.133000783	0.2290673909	-0.09983305133	-0.3473376386	-0.2286213377	0.009067977151	0.02923809197	-0.01236614058	0.05582346563	-0.04641431878	0.02493822203	-0.004025206319	-0.3514642625	0.04910782863	0.0009218294306
0.06974300265	0.04505680466	0.07168828797	0.09945214291	0.0294947953	0.03244206815	0.0542586258	0.05674511922	0.09526152504	-0.3750025791	-0.3596887257	-0.366649801	-0.346059428	-0.3457054578	-0.3472252724	-0.3434511237	-0.3699720402	-0.3652676723	-0.3325175595	-0.3499302127	-0.04417237797	-0.06823481359	-0.3367586349	-0.08146949763	-0.05165726853	-0.3592806194	-0.3470446589	-0.3447781544	-0.3508098707	-0.06469150315	-0.3460065894	-0.06245766089	-0.02550754181	-0.2262689751	-0.07760318128	-0.3495037237	0.0840000608	0.08707212764	0.08377495948	-0.008509355708	-0.02468434514	0.02896294645	-0.3843045533	-0.06281801762	-0.3642960249	0.001305651409	-0.04005929463	0.01345178769	-0.08111989138	-0.0660923167	-0.02769494334	-0.05877704204	-0.3465766063	-0.3452908674	-0.3395069602	-0.07207411858	-0.06466843119	-0.0378241268	-0.3941778973	-0.3764087382	-0.3697125068	-0.023961706	-0.3480239955	-0.05248647334	-0.06118598326	-0.04058772691	0.002092282134	-0.01651574029	0.06393286082	0.06831455992	0.1420137588	0.06139640854	0.06231348203	0.07362510474	0.08229232633	0.1357682461	0.09580876062	0.0381091448	0.1456783256	0.06754098795	0.05660984364	0.1383307334	0.07399744676	0.02973807185	0.143264193	0.1186742234	0.1879275298	0.0442833751	0.07843495542	-0.03885588516	0.1078409231	0.1551027781	-0.01461834671	0.09956745456	0.06346178651	0.1284691931	0.09763425448	0.09045655241	0.1240981506	0.04835603426	0.06084766481	0.1581501404	0.1186519285	0.02379236731	0.1003117342	0.07491963585	0.08974009988	0.09081175813	0.08853715969	0.1664257082	0.1796787956	0.02202119474	0.06456539557	0.1799560932	0.1813797271	0.06818789376	0.1606488508	0.5173770046	0.1487018994	0.09839217172	0.08644574196	0.1215894878	-0.01668700751	-0.02263867121	0.02721822149	0.05833022554	-0.3760013623	0.1990189072	0.06842876055	0.07415426905	0.07103954135	0.1070582992	0.1024300151	0.14797849	0.04017302392	0.102425752	-0.009561934316	0.1073331303	0.06685514528	0.1167478078	0.0787775847	0.1496416239	0.147157919	0.1043704927	0.154394626	0.1636442791	0.08260966255	0.1019628111	0.06270650255	0.1673493634	0.03533250727	-0.01161015771	0.005808143742	-0.03029014224	-0.02040013764	-0.009624706983	-0.02364075958	-0.04653030743	0.003393319379	0.02363870007	-0.01235743723	0.08338061356	-0.0148145317	0.1708843518	0.1149504356	0.2096919739	-0.1222904441	0.005105518103	-0.1117603739	-0.04766341808	-0.02736445654	-0.1164824858	-0.01515821054	0.09521678101	-0.0105733515	0.04825422521	-0.01088283996	0.03580973687	0.0511248635	0.235625128	0.0484262493	0.1474080057	0.04635922632	0.06261330614	0.05282376492	0.1375997704	0.1572859463	0.1211092664	0.1255240211	0.1616207499	0.06246286326	0.1267521501	0.03728647361	0.02300821871	0.07577195413	0.103156866	0.03427806589	0.02210747347	-0.02309497069	0.1064026667	0.05887609323	0.04888587344	0.06822789005	0.1034532926	0.04790481416	0.01769375641	0.0232822333	0.01399613203	0.04304578131	-0.03702032734	-0.06697525252	0.1263500553	0.108168752	0.1098885337	0.04069868831	0.1188699369	0.05623296895	0.1262777003	-0.08630690954	-0.3378579939	-0.2300007523	0.05036111206	0.02902543607	0.0538013211	0.144132378	-0.03368366506	0.06401769794	0.004326935645	-0.3519308039	0.09717111465	0.01606585618
0.1442582434	0.08878692298	0.1802533832	0.09965057834	0.06059779009	0.04549242031	0.0606327387	0.1005725886	0.1127223305	-0.3361429672	-0.3246265167	-0.3303193976	-0.3076341715	-0.3459126138	-0.3439386606	-0.3087211235	-0.3365423694	-0.3731287392	-0.3400560811	-0.3134105751	-0.06201764044	-0.09009780427	-0.3381595714	-0.07040669426	-0.05265757487	-0.3617547346	-0.3514908157	-0.3515309081	-0.3564484514	-0.0135105056	-0.3499343907	-0.1098112186	-0.04570108692	-0.2106896776	-0.1131259204	-0.3500433	0.171584017	0.1297962877	0.158217262	0.05356206156	0.003560210014	0.08622857921	-0.3885985843	-0.06445428112	-0.3683340158	0.03663711435	-0.08792302938	0.02863744632	-0.07460829297	-0.07558812338	-0.04944697862	-0.06579352607	-0.3484227738	-0.3408001102	-0.3353894538	-0.02044608971	-0.01196323014	-0.07444746208	-0.3570369095	-0.3393400266	-0.3479968075	-0.05758685347	-0.3500383268	-0.06006217547	-0.06624100455	-0.04071870693	0.09479195666	0.05182394316	0.1168100705	0.131997148	0.09592038934	0.08840533143	0.08635472719	0.04860730519	0.1334895352	0.162329702	0.04006998468	-0.004449791953	0.2404698378	0.1600524769	0.03540584676	0.01224769143	0.1206723691	0.05756387312	0.1322975499	0.09819412298	0.08215962655	0.03324488388	0.04374165935	-0.06359653422	0.1235330093	0.03592378299	-0.04921620438	0.184659847	0.01327240302	0.008754801708	-0.00258338785	0.03467874902	0.2125946129	0.009056053436	0.1116018582	0.115703541	0.1234124511	0.01996419756	0.05747711772	0.0006927905088	0.05943007128	0.2322889371	0.06039949534	0.1485846645	0.1270325052	0.09474690199	0.1481380463	0.1335553674	0.1754564317	0.0952156799	0.04871042653	0.1487018994	0.5092940602	-0.008221303035	0.02689056615	0.09887107271	0.06035294073	-0.09233867759	-0.02087200533	0.1106943035	-0.3801089227	0.08027543341	0.04609968829	0.02656013127	0.02248846782	-0.00945929858	0.04366008051	0.09373575447	0.09474329656	0.009702054615	-0.0655817879	-0.0001903012615	0.07961230716	0.07768722596	0.1336478528	0.228496989	0.03427757465	0.2377414194	0.3137688539	0.430481215	0.1471846135	0.07712716224	0.08904247741	0.03980052105	0.1144482747	-0.05370226427	0.02280763907	-0.05225624055	-0.06469600009	-0.009383067576	-0.07748631615	-0.131518871	-0.05087568841	-0.05563329878	-0.05175239522	0.05787028255	-0.01371413818	0.1654900275	0.1566678591	0.05698076716	-0.07234088417	-0.05737256908	-0.1457215704	-0.08216913288	-0.09021239072	-0.1245525135	-0.0399652223	0.1003910737	0.01750833915	-0.001421485807	-0.0660120527	0.003875625437	0.0788068689	0.1356020552	-0.03090458526	0.1190938034	0.06535633706	0.07462686084	0.05847997944	0.08003501024	0.05837006385	0.1455137976	0.2221619554	0.1522493503	0.07981472052	0.1671636869	0.01425052939	0.04300724049	0.083356467	0.08773666422	0.06565562586	0.07948531353	1.847568167e-05	0.182407263	0.07185489718	0.07560382839	0.04072499123	0.2598253253	0.05260596908	0.04314342145	0.08688666295	-0.03924385992	-0.001784147769	-0.04393163565	-0.03384686969	0.2310933125	0.1486998395	0.1638976513	-0.02647028055	0.07692616633	0.02834511572	0.03424351486	-0.0912332625	-0.3438451093	-0.1824659162	0.08959489091	0.05616367145	0.08219004148	0.1594278095	-0.05492279125	0.07736250134	-0.01322042646	-0.3146725949	0.1130652137	0.08244757778
0.0181463126	-0.05153302348	-0.01013521602	0.0387877291	-0.02146355816	0.02554682965	-0.01522618068	-0.03047591723	0.1199617176	-0.3513390036	-0.3367918272	-0.3422357389	-0.3226420516	-0.329518678	-0.3178021665	-0.3361833449	-0.3473387208	-0.3414707136	-0.3272000716	-0.3463526704	-0.06324087924	-0.09782127033	-0.313981322	-0.03916107353	-0.01484760884	-0.3299305007	-0.323093318	-0.3325930424	-0.3289645003	-0.03651659536	-0.3264631803	-0.09052183694	-0.0950154007	-0.2097670839	-0.1106055225	-0.3265282574	-0.01579239994	0.006724056444	-0.02402158359	-0.02869656793	-0.05198428011	-0.01276436272	-0.3611428627	-0.0418279596	-0.3372468834	-0.0312727203	-0.07156629712	-0.08692690188	-0.05788464249	-0.07486784081	-0.01058623674	-0.05848809628	-0.325960612	-0.320789318	-0.3167713104	-0.0308082328	-0.02826968126	-0.06294792168	-0.374063856	-0.3562729632	-0.3443470587	0.004739386612	-0.3244202795	-0.03180426197	-0.04791511936	-0.04238814221	-0.03114552574	-0.08485194095	-0.05991020315	-0.006375014082	0.005669771577	0.0895539295	0.08515231096	0.05804909152	0.09677592092	0.02538038968	0.07971709186	0.04010829291	0.03157642138	-0.009600332875	0.1461333969	0.2120946584	0.03047355015	0.1331689346	0.1708823049	0.05190965255	0.02378332449	0.4494238399	0.2809420312	0.2107081466	-0.00907913187	0.2985441995	0.2035089359	-0.009911095978	0.4372143157	0.3716100978	0.5461463241	0.1840353449	0.03175767255	-0.007830573669	0.1749813692	0.0003178426255	0.01318125096	0.09686116474	0.01844299706	0.144488899	0.1839829118	-0.05787551418	-0.04806473584	0.1146585588	0.0272871607	0.01653548689	-0.01735503142	0.1618267862	0.009970766025	-0.01364070828	0.2662757637	0.09839217172	-0.008221303035	0.6789578688	0.302759642	0.04384975211	-0.006531366202	0.05974731972	-0.01044808394	-0.0498588685	-0.3534271159	0.08247291659	0.1878380522	0.111435011	0.09461967474	0.4740408224	0.1397605773	0.1381241029	-0.0239673702	0.0664605118	0.08857112777	0.5521953312	0.2529385254	0.02991312965	0.001402501176	0.06853639521	0.2601380212	0.04421851159	0.003972729922	-0.01835616293	-0.02961180304	0.258758032	0.01855590461	0.2915908562	0.02775351024	-0.01183399881	0.03379130453	0.0453463586	0.02888111848	-0.02060941244	-0.002802376899	-0.01216283396	0.03824359789	0.02122281368	0.03956650808	0.009150951701	-0.052105405	0.03707473158	0.02286528673	0.1693474947	0.007644280586	0.02351567573	0.02057432333	0.07968877486	0.02438186249	0.08351970534	0.04174503685	0.008676918232	0.007517477722	0.09104411474	0.05340436105	0.05998136183	0.03792161826	0.1889871985	0.3844578043	0.08105854698	-0.01857697718	0.021511071	0.09220287095	0.07062662772	0.1337595702	0.04306388709	0.01798083412	0.03053193689	0.01883881554	0.01357957426	-0.03070570771	-0.02692445462	-0.02096385267	0.04043492302	-0.02517697285	0.03427841417	0.009836062081	0.06615626387	0.04832969199	0.02721308206	0.1319304463	0.06768435834	-0.04531255033	0.05098197401	-0.08707827474	-0.009523202877	-0.02957503336	-0.05465358227	-0.04558146101	0.01248662929	-0.05112318672	0.06221675639	0.0828149383	0.0606153811	0.1681935618	0.1231930307	-0.1251621199	-0.3321848463	-0.2131904345	-0.05893718137	-0.03246207503	0.005620836268	0.03326009741	-0.05954882662	0.04140531055	-0.02965987587	-0.330907229	0.04436618951	0.01465012064
0.1024887981	-0.04137717321	0.01541788782	0.09500427485	0.01636847387	0.05156532771	0.008327273328	0.01839785741	0.06144364073	-0.3779899923	-0.3607093242	-0.3680411345	-0.3468294719	-0.3478618205	-0.3373275259	-0.3462821028	-0.3749464631	-0.3674583985	-0.320812059	-0.3560407213	-0.029797921	-0.06597120104	-0.3195343405	-0.06837171753	-0.04652096646	-0.3579014355	-0.3500037662	-0.3505120672	-0.3567370739	-0.05403799956	-0.3488753736	-0.09418876585	-0.07532962982	-0.2127642528	-0.07953972659	-0.3453392576	0.01351343461	0.0210368686	0.004570466295	-0.01387049841	-0.03354003345	0.0313572894	-0.3893469136	-0.06218091979	-0.3599179288	-0.009112689653	-0.06326263343	-0.05843069508	-0.06595666734	-0.0374018647	-0.03479204681	-0.07870794659	-0.3425377687	-0.344698931	-0.3313443544	-0.05989620935	-0.05376831285	-0.04560315368	-0.3956700296	-0.3754066809	-0.3726808858	0.000820092601	-0.3506193009	-0.03981995625	-0.04863626954	-0.07184891074	-0.06055758025	-0.08205443203	-0.02412744446	0.02023994381	0.02375444342	0.08695473226	0.0843235871	0.09368425953	0.01388979524	0.08168469524	0.02279661146	0.009558927321	0.04968922945	0.002796431309	0.1707421928	0.1400449092	0.1264800603	0.05751394143	0.1404999023	0.09539236905	0.02559929206	0.3021433097	0.508491653	0.1305849487	0.07780868986	0.352445061	0.1728318614	0.0357655287	0.2242642423	0.3813528452	0.3621618477	0.3696273692	0.02528120012	0.02643867871	0.3135399709	0.03010756204	0.07956168524	0.03616184747	0.02013321114	0.3902782511	0.1767654919	-0.006177031502	-0.02931729611	0.1043632925	0.05844746131	0.047132992	0.01013971773	0.09433626483	0.06837694686	0.04213272144	0.1882891532	0.08644574196	0.02689056615	0.302759642	0.5824285529	0.03718042503	0.0039767147	0.02392136581	0.02058506052	-0.03812557705	-0.3809726821	0.05287652387	0.1843491952	0.1935341408	0.2269608239	0.4625810822	0.2913456381	0.1998513087	0.01309667216	0.1248990869	-0.006013825343	0.3674087795	0.2100289328	-0.0007494827026	0.05523405309	0.1338740557	0.1350651566	0.01762347322	0.03735441576	0.009544730964	-0.005643641433	0.1775303094	0.1112396438	0.1344203511	0.02860636549	-0.02520521417	-0.05201072319	-0.0191496924	-0.03077982318	-0.0656514325	-0.06249991896	-0.07505256112	-0.02042169785	-0.03586213657	-0.05691104305	0.02559480445	-0.05216997215	0.05620634926	0.04343352338	0.2556683714	-0.03246573365	-0.04068916383	-0.05836704339	0.001626411413	-0.04808775748	-0.008853272402	0.01076823655	0.02911595151	-0.03248830104	0.126005711	-0.0369154722	0.05436954473	0.04770552187	0.1375686746	0.2339825263	0.1083853245	-0.01368962567	0.04649222548	0.06570500364	0.108609095	0.1471266285	0.09494699968	0.06790042099	0.08836601435	0.1366964805	0.03504456493	-0.02839878854	0.0006074106312	-0.01551990933	0.05095194583	-0.000352415194	0.03759329726	0.008908227215	0.03671148733	-0.02381114447	-0.01051999974	0.1313786677	0.05863924772	-0.02091440813	0.1046396856	-0.06173486942	-0.01860859933	0.01039886001	-0.04825429579	-0.02401784765	0.06398904298	-0.01760610165	0.0650877368	0.1523435021	0.1087396363	0.2515318387	0.1250965656	-0.09571244056	-0.3269137146	-0.2255301083	-0.04670118814	0.02704990544	0.04659302032	0.06226931401	-0.06654031563	0.02120768148	-0.02626847805	-0.3363233389	0.05506567405	0.02823607149
0.04635064976	0.1125523685	0.05160465289	0.1169199644	0.00274244586	0.1012153214	0.02158084501	0.04928216489	0.08526607736	-0.3781271817	-0.3618660865	-0.3684666734	-0.3458354811	-0.3268682872	-0.3301407431	-0.349225833	-0.3727865039	-0.3643113236	-0.2985211663	-0.3553823151	-0.01681426628	-0.03997535118	-0.3138503611	-0.01856280963	0.002864398316	-0.3471280145	-0.342065618	-0.3265181463	-0.331065778	-0.008016143257	-0.333866275	0.02455887232	-0.002640066077	-0.2294251026	-0.02924169204	-0.33644037	0.06995853759	0.04924247755	0.04158712331	-0.007840868185	-0.009148829236	0.0175310751	-0.3577360348	-0.07375907827	-0.3519602236	0.002968696374	-0.004382908937	0.06877678678	-0.02978444444	-0.03218121069	-0.01211027734	-0.01399033599	-0.340314792	-0.3282877237	-0.3259034262	-0.01313745925	-0.002300079292	-0.01859671409	-0.3725487872	-0.3750417628	-0.3813190337	-0.03569407981	-0.3282731704	-0.01288726999	-0.01957839124	-0.007726853987	0.06222033589	0.01772715038	0.03244474343	0.0933221905	0.08377130108	0.1031973322	0.1050537196	0.03896353215	0.07197504402	0.07243862397	0.3094014526	0.116602778	0.1102073077	0.02858516277	-0.007336552989	0.02314540627	0.02624972577	0.1874716564	0.1904198214	0.03527398213	0.08454400244	0.03771725873	0.02281919404	0.02964404663	-0.01275992632	0.004455297254	0.0407206607	0.06297127151	0.00716388527	0.05030605352	0.0701749356	-0.01500626311	0.1000685279	0.174876176	0.05679870724	0.09711870145	0.07362848688	0.1132725368	0.1281824271	0.02955552952	0.01941670797	0.1535709347	0.1352482974	0.03177248737	0.05140430597	0.0009012790321	0.1079579262	0.1138430726	0.09865282165	0.11757749	0.1016422833	0.1215894878	0.09887107271	0.04384975211	0.03718042503	0.5356429805	0.1117058957	0.08761505277	0.1344883917	0.1219629377	-0.3503482772	0.01838178634	0.01203796425	0.05315266026	-0.03781950716	0.03549223495	-0.01225592879	0.08571333382	0.1021485962	-0.005856427576	-0.001220351921	0.07278332041	0.06558153605	0.06967194307	0.1051705394	0.07085693117	0.04287928229	0.07856776344	0.05172636018	0.0606744356	0.03826583658	0.1480231052	0.06130869828	0.02698148585	0.02817156481	-0.01801269052	0.06647161977	0.035437357	0.05375435036	0.01462804486	0.1097653423	0.06196630839	0.07835383085	0.09391692265	-0.01632315225	0.121605932	0.0406851649	0.07513235576	0.1420980756	0.04538070662	-0.02858333482	0.00635823415	-0.006011352965	-0.03860300893	-0.02271149492	-0.02730022652	0.04531506294	0.09889311488	0.0483632085	0.07780116493	-0.002068424341	-0.008916080196	0.03163871775	0.2204245339	0.07256588329	0.08859989937	0.08110727847	0.1045512261	0.1285425019	0.1307048804	0.06118213865	0.058833735	0.05674824016	0.08605987131	-0.009139538078	0.08403642557	0.08878249584	0.09733981031	0.09213953009	0.08127336312	0.1188810742	0.01337709992	0.08938122441	0.04084415478	0.09488816988	0.07002670894	0.06108871415	0.04893456716	0.005778627221	0.07662603009	0.03374444787	-0.01022553893	0.02104802124	0.01254363471	-0.03465567713	0.05363191183	0.06410874014	0.02609367229	0.02048056498	0.07589041156	0.02472657869	0.0226335302	-0.04692619509	-0.3372941337	-0.2398883394	0.1678401097	0.1093254004	0.01569663369	0.1015323043	-0.01327870011	0.1053930242	0.009173485535	-0.3393103011	0.06132195197	0.08805424395
-0.00644383028	0.1098524902	0.01633236293	0.06178352905	0.01003343692	0.05679336345	0.008936011194	-0.0140184115	0.08609418777	-0.3600841366	-0.3449769439	-0.3495270361	-0.3303554423	-0.3059053222	-0.3101081672	-0.3283416538	-0.3486733751	-0.3432282607	-0.2729803143	-0.3373475444	-0.03453477643	-0.04475166319	-0.3002027564	0.03709955108	0.04592651885	-0.3238581728	-0.3258400866	-0.2782300994	-0.3084673553	0.05536257886	-0.3134656787	0.02797426635	-0.03805399243	-0.1859871033	-0.05195064003	-0.3126177249	0.01608703618	0.001962814313	0.02056101693	0.004118713238	-0.01791301697	-0.004183301674	-0.3325096358	0.003910789609	-0.3211651572	-0.01757064815	-0.004234382788	0.03808217607	0.05329016592	-0.03464836759	0.08212944353	-0.00176080716	-0.3184602242	-0.30961757	-0.2782477624	0.05447972912	0.06966722677	-0.03319479942	-0.3399074161	-0.3466672471	-0.3217978582	-0.03725114156	-0.3112511196	0.01102877663	0.01784677048	0.0680606964	0.1359130824	0.04866650017	0.04126433708	0.008966869527	0.070455126	0.01782861938	0.01508945712	0.07139268391	-0.005094149544	0.01598156964	0.04497843714	0.1955983491	0.04340140883	0.0233633305	-0.02012565408	-0.04029664219	-0.01952854499	0.03542693034	0.05212217803	-0.03092283209	-0.01940296901	0.05648264076	-0.03677619083	0.02973023866	-0.03663140679	-0.00227228567	0.1040439065	0.04575788779	0.0270680344	0.01068753294	0.01929782666	-0.03914069586	0.003701267285	0.2594815372	-0.0226065194	0.03094840076	-0.02357425295	0.1793623708	0.006023862087	0.03397931463	0.04336615285	0.1800021148	0.03713914519	0.04685033178	0.005972853357	0.001489745494	0.05624183613	0.06115168314	-0.02548471333	0.1422305291	0.07039956241	-0.01668700751	0.06035294073	-0.006531366202	0.0039767147	0.1117058957	0.7091423092	0.2044521749	0.4440996909	0.05151654952	-0.3256131009	0.1147585134	0.0431016569	0.04708611564	-0.03553719894	0.01246468346	-0.03178635538	-0.02215234397	0.1193984492	0.03134871378	0.03734965724	0.02201141875	0.0353279855	0.0365528157	0.03963430327	0.01344167242	-0.001871149629	0.0002892655157	0.03314817855	0.06470234383	0.0408243004	0.06365996768	0.009690637674	-0.001277157421	0.0624959537	0.03927919333	0.1901205803	0.1290555052	0.1950889631	0.03855401125	0.2165699117	0.1718216036	0.180620682	0.1008986255	0.03342127737	0.05332807	0.04975319025	-0.01840153414	0.02840261306	-0.004658745969	0.08622671168	0.1015494717	0.1119052801	0.08275169896	0.09286321052	0.06572146539	0.1715672342	0.1866824395	0.09015899381	0.3502611002	0.09552954506	0.1351949554	0.05115201498	0.04259468736	0.03850097425	0.0894367048	0.04609353309	0.1746792625	0.1122954573	0.01325742678	0.01323354224	0.05345194915	0.04506202854	0.01707503285	0.002048547899	0.0609133671	0.02319307434	0.1482307425	0.05610424886	0.01941428724	0.05857294155	0.1735212007	0.1930829033	-0.02651477883	0.07035229138	0.02011631182	0.07200177173	0.01684855158	0.003950290701	0.06182206332	0.004347891234	-0.0441224783	-0.02000509083	0.007167674981	-0.002009993408	0.04314346591	0.02332505935	-0.01310155797	-0.03364473994	0.1194242981	-0.05927731728	0.01367972466	-0.07039465742	-0.3182798081	-0.180607096	0.1718278296	0.2200901152	-0.01840580935	0.02410116477	0.000822511358	0.06899424479	0.01094576244	-0.3187247118	0.008701055725	0.0590852466
-0.1115827753	0.06466594688	-0.1139682861	-0.04393952088	-0.01158529381	0.03877405891	-0.05370629531	-0.08135531178	0.04851148135	-0.2901100223	-0.2775247513	-0.2783053241	-0.2965461094	-0.212743039	-0.2163676534	-0.3092725503	-0.2808394757	-0.2703617827	-0.1652201252	-0.3173066476	0.0416929694	-0.002874036204	-0.2015306911	0.120293417	0.1546014507	-0.244107911	-0.2469109145	-0.2144739175	-0.2405662431	0.1365871836	-0.2442928396	0.02067638716	-0.04787670525	-0.1279671283	-0.02255545181	-0.2405153547	-0.06676702171	-0.0895911392	-0.1118175042	-0.04629607146	-0.0235615207	-0.06565176494	-0.2642556691	0.05160624013	-0.2591474257	-0.0106303223	0.05256554277	0.03181956159	0.1098195266	-0.00300218454	0.1323306924	0.01333459051	-0.2462470288	-0.2443119174	-0.2670530927	0.140766842	0.156159575	0.0294108214	-0.2719547134	-0.2824214846	-0.2696926067	0.000346376289	-0.2053517927	0.002728096128	0.0166694671	0.03830088981	-0.004779151807	0.005840314935	-0.09817945934	-0.09572178357	-0.01226451717	0.06208637119	0.06159684876	0.04255718978	-0.007426443198	-0.0821486938	0.1561381527	0.168174578	0.0151289942	-0.1048728311	0.09926195544	0.1675367947	-0.1112999335	0.08885297827	0.02845579978	-0.1211580688	-0.06871211695	0.07199173565	-0.01692704103	0.2320047971	-0.1274374029	0.08907028396	0.06495491907	-0.09668852939	0.1702021755	0.07023972128	0.06678105879	-0.03422979329	-0.05539285531	0.06419163113	-0.03621879102	0.01888506364	-0.0336233232	0.1510619363	-0.005476565052	0.007463201866	0.06096585403	-0.004427470527	0.03690724719	0.09079183459	-0.07647691959	-0.02639321833	-0.03334739316	-0.002442540314	-0.07072921193	0.007721168937	0.1179448115	-0.02263867121	-0.09233867759	0.05974731972	0.02392136581	0.08761505277	0.2044521749	0.896343113	0.3860442296	0.06709946662	-0.2599891512	-0.009798013697	0.01721347802	0.09921992593	-0.04974456214	0.05649208252	-0.075011283	-0.03284303019	0.03321001855	0.003802409064	0.1221445488	0.06967332786	-0.002531414244	0.09149046107	-0.01601523327	-0.04365065012	0.05537290645	-0.003645133433	-0.07007156852	-0.07205871273	-0.102351145	0.1144482484	-0.0738918412	-0.01531867076	0.1485588143	0.03097517755	0.1979726155	0.08749095367	0.1390184074	0.06715801075	0.2351028725	0.24088321	0.1277488221	0.1462938218	0.08852266281	0.0954417259	0.1731247335	-0.1234177956	-0.09269473252	0.04996213808	0.1240833937	0.145070131	0.2015038593	0.1595821968	0.1039723151	0.2013070933	0.190503772	0.1044761715	0.1392631334	0.25565405	0.1509061996	0.1617218599	-0.02033334191	0.02792485087	0.06461251333	-0.01505960224	-0.06427217607	-0.006126144373	0.1620987856	0.01683504213	0.02472726443	-0.05281439452	-0.1028805317	-0.08345746084	-0.01179605088	-0.03722112917	0.0647203992	0.1290131128	0.01238288106	0.04581826861	0.0854881362	0.08093723724	0.254228425	0.09027976895	0.2553309096	0.2830802669	0.1476424462	0.0712937155	-0.0215587692	0.05090826112	-0.01654109735	-0.01151309525	-0.005507848441	0.02796987865	0.02149675788	-0.09536832017	-0.04258224082	-0.06382546109	0.1730831483	-0.02452389547	-0.08085025285	0.06347312808	-0.04280785199	-0.2390292801	-0.1435488712	0.03244305347	0.03523422724	-0.06795193434	-0.04983922381	0.02453602392	-0.003575650411	-0.03030761278	-0.243268867	-0.06195423731	-0.003556208403
-0.04830936053	0.1290800653	-0.0166116427	0.04673093997	-0.004136236552	0.02740856016	-0.01303166926	-0.009512421696	0.05553267301	-0.3231164108	-0.3051649248	-0.3110050797	-0.2982333458	-0.2909153766	-0.2918030378	-0.2869246384	-0.3095188568	-0.3082794828	-0.2549266348	-0.29259054	-0.01288154496	-0.03603738605	-0.2824841652	0.001794386414	0.01915355126	-0.3106454791	-0.3133683554	-0.2888691674	-0.295209185	0.02006889105	-0.3032959533	0.02097059528	-0.04311647438	-0.1467575237	-0.03862713896	-0.2996375882	0.001750457393	-0.01339966115	0.00563701568	-0.02169111227	-0.01046135559	-0.0254274463	-0.3003363169	-0.02689433579	-0.3037256235	-0.02872985903	0.01205764589	0.04670193533	0.04877037365	-0.03775482045	0.04467272991	-0.008102486399	-0.3063726919	-0.2970034738	-0.2919886548	0.01937506779	0.02427771496	-0.04363017239	-0.3067329355	-0.3108622301	-0.2875154397	-0.03670287567	-0.2910112465	0.01129932646	0.003418163411	0.02101173922	0.06816096985	0.02170089952	0.01542939254	-0.01133438327	0.08671381341	-0.002522195889	-0.001855143129	0.1030870562	-0.03643297912	-0.01182764763	0.1391676532	0.1878275985	0.07835136002	-0.003546416647	-0.03392090966	-0.006432817037	-0.0245385432	0.02587120986	0.0739310687	-0.03963937763	-0.004741008369	0.002210536657	-0.01915567147	-0.009349888885	-0.05233097067	0.01057167796	0.07805382519	0.01921191899	0.01401427499	0.02733378164	0.02675004528	-0.02188107703	0.01359631485	0.1976908786	-0.03488395636	0.1104037529	-0.02018752533	0.1779688765	0.04177333782	0.01439217944	0.0004724780744	0.09223069027	0.06142478681	0.0201955818	0.04700051454	-0.01580660943	0.01818393456	0.06500276561	-0.004701780386	0.07000408132	0.09848000752	0.02721822149	-0.02087200533	-0.01044808394	0.02058506052	0.1344883917	0.4440996909	0.3860442296	0.7501293701	0.05248733682	-0.2947985775	0.1170608184	0.006035253097	0.02716628825	-0.03125158564	0.02225239499	-0.02127526093	-0.009682629094	0.09662638911	0.001878521028	0.03565825005	0.02947902219	0.01141616755	0.02797554165	0.03322078507	0.01872593251	0.03368941408	-0.0002522016125	-0.01593679616	-0.02037261325	0.01501577158	0.06940401265	-0.01475022942	0.007302542551	0.09031484236	0.02297698385	0.2308050073	0.109970885	0.1880910954	0.03260154268	0.1987348168	0.22751496	0.1830241999	0.10824066	0.1021418429	0.05110048646	0.09933317753	-0.05499258512	-0.007387574978	0.01125554066	0.1410949495	0.1305839028	0.04839168295	0.1261462367	0.1134655011	0.07671249046	0.2486475283	0.2270227156	0.1281835926	0.315937845	0.1126622668	0.2194178133	0.07320625802	0.08731232605	0.01740497758	0.05412163832	0.02937679493	0.1318738594	0.1367071843	0.05331075977	0.04966268364	0.04024004772	-0.02196957118	-0.007914864198	0.03000808756	0.03570059487	0.0649847727	0.1355505255	-0.003607255303	0.02317785991	0.06059045691	0.1948938188	0.1611438371	-0.05735352037	0.08518218482	0.03203150372	0.04121356353	-0.02098421073	0.02802007903	0.04156342374	-0.004285361432	-0.03579914068	0.01009068517	-0.00373514711	-0.00077242384	-0.01491155437	0.0506913636	-0.07625211455	-0.02831574143	0.06886813042	-0.08289773799	0.01162848079	-0.0674908291	-0.275842242	-0.1452666046	0.2073233763	0.2174635897	-0.03594492287	-0.01673305314	-0.01968038348	0.03122314423	0.009192752581	-0.2779107575	0.03729435491	0.007824655621
0.05827364667	0.121672481	0.04095109962	0.05135001329	0.03711104109	0.03737667074	0.05935717331	0.03389383588	0.0471260059	-0.3313482207	-0.3082722914	-0.3204423312	-0.3034246251	-0.2846403076	-0.2654650758	-0.3010049878	-0.3306743696	-0.3235004945	-0.2793476451	-0.3089191956	0.01982685854	0.0299001624	-0.2599300913	-0.006668797895	0.002379249889	-0.3022846014	-0.2972956437	-0.2929790984	-0.2747509547	0.01262347955	-0.2730159996	-0.02478988227	0.05143768537	-0.1791358992	0.01014261751	-0.2939052779	0.06407546633	0.05172475394	0.05048033406	0.02260709646	0.03964159511	0.0004701001446	-0.2797833071	0.003827220495	-0.3113040261	-0.008659035661	0.06711954412	0.01237224757	-0.02722684174	0.03797083221	0.0100717989	0.1103480223	-0.3006886822	-0.264819333	-0.2778409105	0.005671222226	0.01214776197	0.03907834411	-0.3083868336	-0.3330747538	-0.2964111413	-0.009791522645	-0.2746285627	0.05421527383	0.03364439779	0.1232338885	0.07351913897	0.04652137156	0.08124421144	0.04733991862	0.06196302739	0.04591300645	0.04650415643	0.05846195421	0.1024999963	0.04461236261	0.1069380923	0.04607620248	0.1589266256	0.04145023509	-0.04558995643	-0.06135412793	0.01022897174	0.03723791008	-0.006241984409	0.06254089149	0.07278666812	-0.04668754103	-0.01814075986	-0.01400425139	-0.002542006684	-0.03669114025	-0.006659070955	0.06600275596	-0.03330312138	-0.03196230859	-0.04493571273	-0.02104977043	0.06106183658	0.01004041105	-0.02595046377	0.08158520724	0.0631081721	0.06642698156	-0.001392225858	-0.006193044997	-0.05243588707	0.1059082359	0.1371357723	0.04124631107	0.03351494712	0.005634731153	0.1270922385	0.08204705443	0.09349452138	0.1659186129	-0.04519147232	0.05833022554	0.1106943035	-0.0498588685	-0.03812557705	0.1219629377	0.05151654952	0.06709946662	0.05248733682	0.6487596098	-0.2736614959	0.04074810734	-0.03856986403	-0.02565373907	-0.06228642393	-0.04920805685	-0.0324907831	0.04590313425	0.31363748	-0.06666821065	-0.05008617945	-0.04636509429	0.03172960467	0.08837742469	0.04256648553	0.10258656	-0.0515252923	0.1130189224	0.1115845445	0.1145168084	0.065776305	0.03316062471	0.05849515648	-0.04591616901	0.0587293599	0.06549382102	0.05735462364	0.02789114254	0.005893084076	0.003745123351	0.0463241059	-0.01898788053	0.0286669928	0.0234066831	0.09976480328	0.04845318355	0.01456016824	0.07286441814	0.09440979158	-0.04324843191	-0.05113523825	-0.02159168494	-0.03727210107	-0.03434146958	-0.05604048647	-0.05001424808	-0.02565193745	0.04794611844	0.03372931285	-0.0177074985	-0.04059140988	0.0144112495	0.0478609659	0.01959369638	-0.01068130292	0.08476120108	0.005829581906	0.02891190762	0.06421671067	0.0203991134	-0.005479859714	0.08779022846	0.1094322614	0.09070673201	0.02083777674	0.1586816917	0.1009424033	0.3767751797	0.3765254094	0.2178128103	0.1344257558	0.04851296434	0.114022251	0.06455181356	0.1062508577	0.1158848996	0.05715033585	0.1201584495	0.1413691947	0.005618111373	0.07867781761	-0.02832468342	0.07470147722	0.08198579179	0.0481059031	0.1092480308	0.1190083146	0.007380642156	0.01102724917	-0.0203459236	-0.03689608528	-0.02650144343	0.01388771052	-0.3097756302	-0.175651337	0.1043967456	0.1615131733	0.05831070058	0.07910798609	0.04111694974	0.1264824477	0.03153453738	-0.2701796886	0.06280121611	0.283560665
-0.3209764261	-0.3379391113	-0.3284900198	-0.3848373639	-0.2831497587	-0.2297916396	-0.3372992877	-0.3663578852	-0.3839522739	2.79806535	2.686080659	2.717429716	2.633205991	0.9137363512	0.8850071809	2.609156959	2.739043593	2.74050188	0.7478425566	2.622016528	-0.2172092062	-0.1575039772	0.8546870805	-0.04636744961	-0.1220454699	0.9062089552	0.914794963	0.9229920426	0.9096015289	-0.1351032542	0.9323088553	-0.115754541	-0.1478915222	1.034889867	-0.1114546214	0.9134052677	-0.3704814072	-0.3780732197	-0.3989747444	-0.2505592094	-0.1863313698	-0.3727540414	3.210152927	0.105308863	0.979787715	-0.2647873036	-0.08802771213	-0.2304994475	-0.01032487116	-0.2027341948	-0.1446585976	-0.1229081799	0.9406974331	0.9184416342	0.8571901241	-0.1237296712	-0.1275871263	-0.1867278043	2.906420366	2.777181434	2.889424363	-0.1854548401	0.9248537212	-0.1434497582	-0.1619390005	-0.1549934762	-0.3174757702	-0.1961308275	-0.3708751212	-0.3897116102	-0.3858778783	-0.3032697324	-0.3034379567	-0.3994102003	-0.3787333889	-0.3966713803	-0.309355957	-0.2755996715	-0.392662377	-0.3898996556	-0.2556336272	-0.3045190982	-0.2971998991	-0.2770500764	-0.3832403797	-0.3015267714	-0.2657588552	-0.3447490799	-0.3778096329	-0.2439329275	-0.1979825393	-0.3841849982	-0.3031334287	-0.4083123263	-0.3193283805	-0.3787629983	-0.373046249	-0.3537757294	-0.3151689221	-0.3171571253	-0.3550909788	-0.3972122934	-0.3277760627	-0.3452691429	-0.3114735263	-0.330983308	-0.3259268816	-0.3583944371	-0.2776150145	-0.3146911873	-0.3684534795	-0.3777288332	-0.3348753972	-0.380267788	-0.3684781009	-0.3793108918	-0.3702859353	-0.3760013623	-0.3801089227	-0.3534271159	-0.3809726821	-0.3503482772	-0.3256131009	-0.2599891512	-0.2947985775	-0.2736614959	3.230559039	-0.3830345727	-0.3253409648	-0.3360866883	-0.2635359458	-0.3730304252	-0.3157665442	-0.3650768318	-0.2871100582	-0.315854429	-0.2032958671	-0.3745504252	-0.2957875968	-0.2819010433	-0.328627991	-0.3498173076	-0.3541046577	-0.3841329663	-0.3971543393	-0.3845717209	-0.3982367851	-0.3789524557	-0.3558702129	-0.3549640082	-0.3824374067	-0.2204934419	-0.2460073778	-0.2869820512	-0.1934870131	-0.2179977034	-0.182803581	-0.06303209989	-0.2338797874	-0.1595264671	-0.1305203855	-0.3112142987	-0.1296293094	-0.3753803447	-0.3817277144	-0.3423037871	0.04766480397	-0.2292236699	0.01380240054	-0.1524771475	-0.1791570476	0.041897274	-0.2240088611	-0.3854311131	-0.281628089	-0.3374289456	-0.2236512185	-0.2894472196	-0.3466553338	-0.3869754198	-0.2736529111	-0.3463556496	-0.3008084976	-0.3433900958	-0.3588766532	-0.3253098156	-0.3393405058	-0.3832271911	-0.3957895347	-0.3894352424	-0.2928654694	-0.3904693979	-0.2565452245	-0.2620640763	-0.2769103146	-0.3278344402	-0.3105726175	-0.3724334217	-0.2706473523	-0.370116957	-0.3281464566	-0.3188261866	-0.3722504744	-0.383898332	-0.2396410795	-0.3069750691	-0.3138341105	-0.09729707633	-0.2079603194	-0.1857944993	-0.2297404499	-0.3909136669	-0.3771245376	-0.2776975483	-0.244161657	-0.3397013659	-0.2781420927	-0.3262933394	-0.02473317102	2.537621466	1.03683955	-0.3223419535	-0.2814961666	-0.3807641332	-0.3926586404	-0.02769725293	-0.3375163881	-0.2293914571	2.55678076	-0.3840333603	-0.3083540762
0.05706453924	0.138434247	0.1677185832	0.1176370499	0.07846874853	0.01822662511	0.05693120359	0.0670614452	0.07157927974	-0.3823987026	-0.3653264966	-0.3710398855	-0.3493402481	-0.3425035666	-0.3482347078	-0.3469495144	-0.3745299981	-0.3694205155	-0.3301024742	-0.3554676127	-0.03189360724	-0.05106069252	-0.335529838	-0.07970416054	-0.05318768044	-0.3552625729	-0.3496110947	-0.3458240489	-0.349113282	-0.05810133041	-0.3444471917	-0.02226698822	-0.01536138536	-0.2245331448	-0.04744148124	-0.3489329642	0.07812882927	0.05532608629	0.0944696146	-0.001311833895	-0.006609761513	0.01956631941	-0.3916584416	-0.06044417037	-0.3621197801	0.01104396187	-0.04825181015	0.01554705453	-0.0923101043	-0.04561689487	-0.03508327681	-0.00808921314	-0.342605945	-0.3444732287	-0.3355825135	-0.06209854803	-0.05846637537	-0.04569377154	-0.3967423309	-0.3784898821	-0.3764659241	-0.01664308227	-0.3511352317	-0.04268923634	-0.03696807788	8.482106558e-06	0.07447880322	0.02379768666	0.08076105396	0.08698790896	0.2480036161	0.05339001176	0.05841878405	0.2339524188	0.1470769844	0.09534627305	-0.009125064191	0.1025682294	0.1197135627	0.08827508454	0.01158186254	0.03936486231	0.03720800173	-0.01257526827	0.01280534506	0.1160755403	0.09570205073	0.05505232017	0.09450768426	-0.03165162466	0.03679173001	0.09585435568	-0.004866824302	0.1029149	0.04569910698	0.1043188978	0.08573946424	0.07520962156	0.1077958734	0.149163954	0.0425131539	0.2432935335	0.08296232302	0.1338120647	0.02300597864	0.09454555921	0.06967482112	0.02571192871	0.06523480711	0.1124184286	0.1536292536	0.02117602671	0.08249597409	0.02493972067	0.05996971416	0.08537688235	0.07855314501	0.1990189072	0.08027543341	0.08247291659	0.05287652387	0.01838178634	0.1147585134	-0.009798013697	0.1170608184	0.04074810734	-0.3830345727	0.5339677981	0.07278912183	0.05007796961	0.07530905776	0.08073043382	0.09871210618	0.06111358706	0.04607099417	0.1516604401	0.06893749474	0.08245978323	0.04146851093	0.01915215077	0.0005805524698	0.08975539216	0.09352820661	0.04489963255	0.0974911223	0.08252605975	0.109061917	-0.0017687775	0.03191125722	0.1424325769	0.04425071839	0.007222453672	0.009600548084	-0.01515203409	-0.04185691003	0.01492138923	-0.0357479171	-0.05196845654	-0.04339516769	0.001410960242	-0.06341612869	-0.006894662673	0.07579519977	0.1155753106	0.1283867017	0.1152826529	-0.05409108848	0.07001950906	-0.07390013689	0.01517206805	0.0351560768	-0.1194540747	0.06312523096	0.1548633198	0.1071362313	0.19187113	0.06184251432	0.1383893715	0.1887842557	0.1238273868	0.03159646367	0.03349056191	0.1457802737	0.1180582231	0.04396572016	0.0478110173	0.03661152118	0.1572579797	0.1144733379	0.09481876863	0.03837787144	0.08775075719	0.1101520473	0.09181760929	0.09401888269	0.1064720509	0.07138654225	0.1791142357	0.03799030535	0.06045847283	0.03621820167	0.01858366947	0.006571506383	0.06098069271	0.02271481715	0.02988667516	0.05964519519	-0.04170082574	-0.006964389544	0.001925670563	-0.03662585559	0.1102999603	0.0929626154	0.05326154817	0.04008214969	0.1402697915	0.01590809834	0.114395579	-0.05919812367	-0.3440527773	-0.2260351196	0.1367471867	0.1461071955	0.09695213063	0.1059328386	-0.05796751265	0.05762450726	0.01656757739	-0.3560258648	0.1734573299	0.06796065808
0.1034706547	0.02894388364	0.04877783765	0.06767114669	-0.0145339665	0.02204263501	0.01707175517	-0.009178600028	0.1003491303	-0.3507184971	-0.3382001491	-0.3443673827	-0.3249345937	-0.3337055035	-0.3167260092	-0.3170862044	-0.3492583148	-0.3431715821	-0.2767700514	-0.3280358958	0.0004122225801	-0.02699555541	-0.2616826151	-0.01056715162	0.01046306116	-0.3434787371	-0.3427927508	-0.33508328	-0.33734911	0.0009691778251	-0.3342595755	-0.1028525076	-0.06158345295	-0.1391680469	-0.0939289749	-0.32286571	0.004966625262	0.01585143438	0.005796326691	-0.02660856519	-0.04654394529	0.05895894967	-0.3325681015	0.0171198993	-0.3414672515	0.03932903104	-0.06518185118	-0.04935708952	-0.01606825719	-0.01072622709	0.02404093099	-0.05670406709	-0.3301361004	-0.3286778154	-0.3142099314	-0.001908747582	0.001649637271	0.009674252905	-0.3590923392	-0.3452367386	-0.322007252	0.037808365	-0.3334635284	-0.01475436367	-0.03955864526	-0.03226693204	-0.0281333695	-0.04949303475	-0.001627941498	-0.009047739907	0.01100677939	0.02510229339	0.01935334912	0.05943452251	0.01271846236	0.1098538326	0.01084910277	0.008600810778	0.04210122861	0.01278528094	0.2651258648	0.2328733724	0.09614947708	0.08076707541	0.09758181043	0.0768495152	0.01433978905	0.1943199511	0.1620280031	0.3734495948	0.03442943839	0.2041201101	0.1642004362	0.03859602175	0.1756613676	0.1911308798	0.2259962484	0.1786660774	0.0237710068	0.03843166225	0.08033653385	0.01612157083	0.01447512067	0.07622069431	0.03440884206	0.09606162683	0.5722553042	-0.009186784556	0.02255603578	0.06631127558	0.04059797895	0.04821978313	0.02807275317	0.161667401	0.07663354519	0.08056154595	0.1901680896	0.06842876055	0.04609968829	0.1878380522	0.1843491952	0.01203796425	0.0431016569	0.01721347802	0.006035253097	-0.03856986403	-0.3253409648	0.07278912183	0.6371077586	0.4009631001	0.1662284119	0.225627588	0.1573183325	0.100192472	0.02284421642	0.1294507202	-0.005322365022	0.2202509586	0.1377649119	0.031188972	0.006940588308	0.04303890795	0.1614542045	0.04019051924	0.04789444447	0.03736017403	-0.006297049929	0.1052528339	0.04563063145	0.1299311139	0.04922996124	-0.02621435948	-0.07152316981	-0.05158177644	-0.05267256095	-0.04899896937	-0.05601868033	-0.09776501089	-0.05798122471	-0.04401190545	-0.09786536868	0.08755117059	-0.07408042317	0.08511863189	0.05298953484	0.1931495343	-0.05101241732	-0.04975397847	-0.03368585269	-0.02272583183	-0.02926045848	-0.01315141584	-0.03465226396	0.01989751131	-0.02543891667	0.1671655319	-0.03522689554	0.04535971353	0.005623792005	0.1269474755	0.2536919082	0.1314587251	0.0004156623006	0.06744086788	0.03824070511	0.07364513571	0.1700888268	0.07231814912	0.1045855853	0.08799622904	0.1381015953	0.04645800364	0.03857678132	-0.02705426915	0.003668713038	-0.01029820121	-0.04855722357	0.01954849455	-0.0349085989	0.01990169793	-0.05387385392	-0.03598328311	0.09832141129	0.004892063631	-0.03156086371	0.1596664376	-0.03976223046	0.01979073878	-0.01589903748	-0.01640969904	0.03064875099	0.08531444221	-0.00613102488	0.02647160822	0.2239418464	0.1102327361	0.123899398	0.1520172179	-0.03985304403	-0.2721875443	-0.1735232284	-0.03126134996	0.03011621737	0.03816590652	0.08668070731	-0.05459143958	0.05338908222	-0.007363621569	-0.2572340732	0.03199728822	0.06935690427
0.05918677071	0.04775989007	0.008475872608	0.07249234354	-0.02607327863	0.03362714715	0.03798194742	0.008702887955	0.05952833091	-0.3818802893	-0.3515667296	-0.3601238033	-0.3562262424	-0.3568717181	-0.310337178	-0.3432670734	-0.3645019131	-0.371407816	-0.2571251573	-0.3439091521	0.02873510025	-0.01958723767	-0.2767863249	-0.007518783617	0.01677000721	-0.3524442769	-0.374262358	-0.3527825538	-0.3278333096	0.02801845037	-0.353939468	-0.06512666581	-0.03596995212	-0.1416095336	-0.05541728224	-0.3486117706	-0.009538660821	-0.02135946113	-0.01440810928	-0.05035186341	-0.0649723687	0.02581302579	-0.3424994398	0.0159404517	-0.3431780906	-0.001223167732	-0.07225599853	-0.03984061139	0.0005070633632	-0.007554948337	0.004468121031	-0.04875454802	-0.3260153404	-0.3582197626	-0.3376441064	0.02336562706	0.004702759773	-0.01422155871	-0.3485660086	-0.3433221227	-0.3351476962	-0.007678075642	-0.3490997396	-0.03695210168	-0.02800730988	-0.03090526796	-0.008935924257	-0.07344958027	-0.009321199743	-0.02056845997	-0.005549709962	0.03497556405	0.02964734764	0.02777808905	-0.001264327274	0.0705942607	0.1172260096	0.04406160245	0.0202333287	-0.01264823366	0.2590866033	0.2149432006	0.04522159663	0.1092629137	0.08538814342	0.04288788806	0.05942585383	0.1477905884	0.1640301844	0.4414119483	0.02069090747	0.3288738795	0.1239925661	0.01688201298	0.1289394302	0.1912350778	0.1493218713	0.1334680405	0.007142956201	0.06318218471	0.07040035209	-0.0001725330904	0.0364604454	0.09387754561	0.1017174704	0.1098551548	0.4547485309	0.02183661654	0.06973642696	0.1075951625	0.0153911679	0.01645485964	0.02687407852	0.08600498348	0.05666067685	0.06807169203	0.178651572	0.07415426905	0.02656013127	0.111435011	0.1935341408	0.05315266026	0.04708611564	0.09921992593	0.02716628825	-0.02565373907	-0.3360866883	0.05007796961	0.4009631001	0.6375514329	0.1075212256	0.1595431329	0.1164045824	0.1044099094	0.02212398106	0.09183221004	0.04591144498	0.1436712646	0.07952069805	0.1441422976	0.04203078797	0.01267845184	0.08815694201	-0.01619543977	0.05028275095	0.04097943602	-0.02361713464	0.1479874353	0.04525810704	0.05713557576	0.1200861551	-0.01062321731	-0.0622411981	0.0281013789	0.004214502517	-0.02689571349	-0.002146408177	-0.03036185832	0.01834718878	0.02021050248	-0.03431967147	0.1535657701	0.001593538625	0.03866942624	0.03170490231	0.1157641524	0.004196380638	0.0407251597	0.04227677672	0.05814428447	0.04967034235	0.06164878325	0.01621274376	-0.001980407685	-0.02551414661	0.1418106885	0.06599451227	0.01257800968	0.006824654968	0.1245087519	0.3080301306	0.1060525822	-0.01666966366	0.05265419247	0.102489662	0.1121259991	0.1886075791	0.0483765716	0.03793188647	0.07840766152	0.06170069039	0.03571819715	0.06643393415	-0.003070053127	0.01115545772	-0.02577359089	-0.003755590425	-0.03550721779	-0.004176371916	0.006704760666	-0.01829506382	0.006196068381	0.08745842587	0.01869534698	-0.05150797332	0.1405691696	-0.04660668862	-0.001084799237	-0.01382615281	-0.03548994163	0.02275635402	0.0287780624	-0.01990616631	0.04672401444	0.3034541923	0.07286544679	0.105472988	0.1575290572	-0.02612942976	-0.2837790122	-0.1747431776	-0.004729201164	0.02606263053	0.03759327563	0.05112206484	-0.04973676577	0.05701228776	-0.01384357652	-0.2588782503	-8.289416366e-06	0.0578336376
0.149887714	-0.0339092089	0.03408663386	0.03234064033	-0.005296454162	0.003944345347	-0.005159947979	0.005747800568	0.01664839983	-0.2761319714	-0.312548564	-0.3137540099	-0.3007911092	-0.3102761061	-0.2998860677	-0.2949169463	-0.2754759074	-0.3206502877	-0.2856450551	-0.2528650928	-0.03606262662	0.00719480767	-0.2787092218	-0.005779912526	-0.04997466519	-0.2648282464	-0.2608114005	-0.3110914619	-0.2681115293	-0.06005646135	-0.2597348228	-0.005567496457	-0.08599395244	-0.1931641744	-0.01975107988	-0.2993809644	0.002365911753	-0.001320937251	-0.006487766262	-0.0423698063	-0.05501202151	0.007468191257	-0.2701112537	-0.04580878987	-0.2756457507	-0.01133601867	-0.06040788169	-0.04462195943	-0.06226603584	-0.04269778884	-0.04997034351	-0.002413871784	-0.3099839446	-0.3018417396	-0.2940823003	-0.0659769848	-0.0611415372	-0.05389051584	-0.2822957875	-0.2612108571	-0.280094583	0.07475910953	-0.3146695735	-0.04346231281	-0.05773798084	-0.07191979583	-0.07526327177	-0.025498058	-0.02677276599	0.0002407192754	0.04365239683	0.05202689823	0.0529435639	0.1101899349	-0.002166243299	0.134142902	-0.04448305851	0.04380090634	0.07480907468	-0.01448022936	0.3138430207	0.203190632	0.4051913597	-0.02162792567	0.03870439818	0.3262540168	0.1634249408	0.07426038716	0.2149753343	0.01142051011	0.3240188561	0.1401337346	-0.01309432577	0.004973875313	0.06773934865	0.1518495725	0.1376817003	0.4341215502	0.08072225297	0.02978363843	0.3019347921	0.01793863158	0.01821894876	-0.06393280656	0.005541179423	0.2409395844	0.1218092511	-0.028194857	-0.0004623606339	0.03003277405	0.2024764025	0.01887583946	-0.01588475469	0.09367876809	0.2528616328	0.1054477661	0.09321592182	0.07103954135	0.02248846782	0.09461967474	0.2269608239	-0.03781950716	-0.03553719894	-0.04974456214	-0.03125158564	-0.06228642393	-0.2635359458	0.07530905776	0.1662284119	0.1075212256	0.6486158539	0.1687494925	0.4010035997	0.2428508831	-0.007454797751	0.1522687286	0.03772716778	0.122095608	0.1348553972	-0.01076357781	-0.002011326605	0.02598913189	0.2464643956	0.01267023746	0.01473538538	0.002575458053	-0.01135165054	0.02136585704	0.02080423878	0.2450234369	0.00177539028	-0.05807469119	-0.05247799759	-0.04643314868	-0.08979754608	-0.07044424871	-0.1197876412	-0.1285897399	-0.1022633902	-0.07769043617	-0.09044983932	0.002921569774	0.05797084681	0.2375681432	0.02065969432	0.1921237543	-0.05099438065	0.01583727007	-0.05235832554	-0.0517008843	0.03145682539	-0.1058352163	0.07292965329	0.01927833138	-0.04164179367	0.05225956753	0.02541320383	0.1242828501	0.07299894661	0.0496480994	0.0277246602	0.01190522252	0.05075940071	0.06884438391	-0.04493105887	0.02540712514	0.05138144045	0.04330748467	0.08934236712	0.1270551683	0.3246826876	-0.005042297816	0.05054902057	0.004081565551	-0.02016329658	0.04182325814	0.001322238568	0.02409332469	-0.0001188616737	0.03088031042	-0.03338208334	-0.02467434205	0.03175040535	0.04453807888	-0.0303887044	0.0583640701	-0.07811168757	0.008541842217	-0.004971573405	-0.03612544839	-0.05066530233	0.0681977778	-0.03740962219	0.1718007779	0.291916808	0.1013766928	0.386551436	0.278578842	-0.01524672912	-0.2998795092	-0.2073623529	0.02134452684	0.03903295699	0.01871199964	0.08882219385	-0.04529496893	0.003836852776	-0.04024293684	-0.3102588287	0.0374288478	-0.01302155979
0.06051495296	-0.05423254692	-0.008766096039	0.06531976326	-0.002065229451	0.03870884797	-0.008899673925	-0.001309868111	0.05931380386	-0.3680782321	-0.3515801619	-0.3575192973	-0.3374047643	-0.3418491708	-0.3255892719	-0.3353565438	-0.3648056581	-0.3592934275	-0.3101303776	-0.3444825295	-0.03388891541	-0.0671477901	-0.3059724969	-0.05434888679	-0.02961718415	-0.3448145118	-0.3371931835	-0.3429346301	-0.3412709072	-0.04055935434	-0.335358264	-0.0918917666	-0.07565593755	-0.2059802536	-0.09220828115	-0.3325025943	-0.01181779979	0.01132526212	-0.01966400985	-0.02581379152	-0.02964325323	0.01109824303	-0.3812845973	-0.04341012401	-0.3474932367	-0.01441386014	-0.05326575602	-0.07393420906	-0.05319989941	-0.04232671904	-0.01324048231	-0.06928533428	-0.3295744029	-0.3327502121	-0.3197193645	-0.04663813692	-0.04131003315	-0.04311963331	-0.3890593188	-0.3674953869	-0.3587921849	0.01458893409	-0.3390270844	-0.03337446118	-0.04256015909	-0.05531702452	-0.05453306781	-0.07894931868	-0.05451810823	-0.003501905066	0.01620714318	0.0734415004	0.07081372574	0.08654115385	0.00769461823	0.0323138337	0.02927997923	-3.022847067e-05	0.03242198122	-0.01926677849	0.1537745616	0.2038436204	0.0708160637	0.06187589412	0.1320002024	0.04678257179	0.02165849141	0.2863865893	0.3951270873	0.2225914121	0.03837127866	0.4071776962	0.1977598125	0.007626483189	0.3105355867	0.4664677821	0.5484022294	0.258249901	0.01304380542	0.02437826801	0.2511787769	0.01587054841	0.04952701855	0.07551922664	-0.008049390949	0.2761817069	0.2189374867	-0.0317360825	-0.03982559697	0.1234399328	0.03136955148	0.03209602552	-0.005406637184	0.1628707867	0.01671429448	0.02732050201	0.2182165732	0.1070582992	-0.00945929858	0.4740408224	0.4625810822	0.03549223495	0.01246468346	0.05649208252	0.02225239499	-0.04920805685	-0.3730304252	0.08073043382	0.225627588	0.1595431329	0.1687494925	0.6556048278	0.1828982971	0.1214462072	-0.02100283322	0.1250030312	0.02484561629	0.5590371397	0.2437695879	-0.03764698523	0.03172799505	0.07441537721	0.1828092115	0.01208647064	0.002739542744	-0.02193449478	-0.02414065244	0.1850550636	0.03058117704	0.2144141003	0.03226467518	0.0006631221151	-0.02158255375	-0.003742291523	-0.004790689308	-0.05239727303	-0.03499325315	-0.0465072508	0.006217442761	-0.0005874242278	-0.03549572916	0.01346845871	-0.08942852151	0.02587077176	0.02795399241	0.2752045211	-0.0009970138708	-0.02993512175	-0.04266739058	0.02340634567	-0.03152503223	0.01251938567	0.001703681617	0.02098440095	-0.03042483096	0.15678985	-0.02435907442	0.07027259369	0.03202152429	0.1606862136	0.3533505887	0.1074644957	-0.01347982722	0.04381210996	0.04274734353	0.0981054555	0.1684926385	0.07612634327	0.03974036092	0.04284681866	0.104331461	0.007739954178	-0.02944877711	-0.03418649641	-0.02509675553	0.03195513023	-0.02480290173	0.03746483365	0.003628958716	0.03339597006	-0.01805451397	-0.01805292444	0.1488587636	0.04160123711	-0.02759477438	0.0953133616	-0.08001450036	-0.01813250205	-0.002891886819	-0.04721565461	-0.009960452168	0.03620554584	-0.04758582603	0.02774808003	0.1193748116	0.09123846292	0.2522935346	0.108705518	-0.09199489207	-0.3130091244	-0.2164776259	-0.05858235298	0.002445708128	0.02137002676	0.04320961843	-0.0636552865	0.02722188114	-0.0259324506	-0.3251591093	0.04675802999	0.01250480282
0.2028498381	-0.02611835926	0.05442259047	0.07051657558	0.06707870674	0.02090777598	0.0341458323	0.03756172316	0.0139829772	-0.3129067023	-0.2978770085	-0.2997525751	-0.285996485	-0.2892053254	-0.3017552511	-0.2811046753	-0.3109236532	-0.3079681842	-0.327810078	-0.2865586734	-0.0586845776	-0.07627890279	-0.3237010091	-0.03077244751	-0.01372180117	-0.296329706	-0.2973028227	-0.2949224685	-0.2957267305	-0.01880794058	-0.2917141274	-0.04708785496	-0.0670179147	-0.2138533943	-0.03943828315	-0.2857017866	0.02703389946	0.02671169477	0.02177582347	0.01278248414	-0.002387775016	0.009672675438	-0.3234832881	-0.07254525237	-0.2995989571	-0.01567899398	-0.02175851615	-0.03577315774	-0.09490772952	-0.07504624571	-0.01671514596	-0.0737091525	-0.2916040627	-0.2844610706	-0.2785398371	-0.02665050158	-0.02212118592	-0.05807380652	-0.3343322956	-0.3168019474	-0.3188719638	-0.03154212416	-0.2950373321	-0.006760655636	-0.01514971917	-0.06984310323	-0.0486002442	-0.07891915843	-0.002276820537	0.03653356348	0.06047778967	0.02020841194	0.02087235082	0.08013487457	0.00334575459	0.133252388	-0.03393028178	-0.01431461293	0.05944866059	0.007407762845	0.2907597198	0.1954510613	0.3213009496	0.03121940105	0.04773924718	0.2412419353	0.05200952036	0.1605857432	0.2803929883	-0.00351893389	0.1758635206	0.1694131707	0.1274167916	0.02968407628	0.08186365527	0.1775771989	0.1631142154	0.452154649	0.01639562158	0.001605219004	0.2461182062	0.06270544077	0.05285708897	-0.02700019449	0.04567826523	0.3288120377	0.1135491431	-0.01071298968	-0.02257746769	0.03698022344	0.2361238415	0.004329339321	0.03504037819	0.09784328941	0.2468267026	0.08544282233	0.09098894651	0.1024300151	0.04366008051	0.1397605773	0.2913456381	-0.01225592879	-0.03178635538	-0.075011283	-0.02127526093	-0.0324907831	-0.3157665442	0.09871210618	0.1573183325	0.1164045824	0.4010035997	0.1828982971	0.6318791943	0.268652456	0.06797167796	0.06033786739	-0.0519547472	0.1478072782	0.1045385721	0.005229874168	0.03055351022	0.1044498026	0.2334566176	0.03336053152	0.04614130501	0.02382058853	0.0132249976	0.06344724275	0.09791752349	0.2328809595	-0.02186751416	-0.01670395775	-0.04844829744	-0.05390425112	-0.02957011602	-0.05496671775	-0.03970074739	-0.07307476959	-0.03466884671	-0.05900585491	-0.04097793563	-0.005166871664	-0.07555120431	0.2317301228	0.05963604065	0.1755504884	-0.1187771477	-0.06325167329	-0.1382243184	-0.05402475728	-0.07886486162	-0.1179051185	0.1276986462	0.06115796476	-0.01755424176	0.04799398689	-0.06397611455	0.03104907463	0.03561820697	0.07637442878	0.08265657651	0.0518385068	0.07963949705	0.01498597536	-0.03026386197	0.07281200284	0.1428559558	0.06880152392	0.09003443811	0.1362970683	0.2062648863	0.0160220518	-0.008471377283	0.008715107914	-0.004586402267	0.04633777823	0.003971238479	0.02460182299	0.006407984568	0.00229798079	-0.04899327687	-0.05360092812	0.01273669026	0.01954365348	-0.01673921068	0.03415978855	-0.04997631446	0.05938077338	0.03915387388	-0.0316366873	-0.06319652946	0.08616065253	-0.009221498109	0.07000897219	0.2328592962	0.08333136236	0.2311441988	0.2498411335	-0.1015225262	-0.3243753215	-0.214227724	-0.01414386646	-0.007382434523	0.02978599532	0.1424446745	-0.01045579168	0.001444505175	-0.01952692642	-0.3321632343	0.0608420055	0.01589467059
0.1801736535	0.004749832011	0.06224933725	0.0459765149	0.0121452922	-0.04624665951	0.0121515508	0.02581992782	0.04015453375	-0.3697010349	-0.35077032	-0.3585542565	-0.3394560756	-0.3360322303	-0.3353307102	-0.3393278278	-0.3647457564	-0.3626559117	-0.3113808242	-0.3440152543	-0.0597500043	-0.07623288118	-0.3047558452	-0.08687054576	-0.06041112233	-0.3532636508	-0.3455460441	-0.3408547043	-0.3410900102	-0.06554521861	-0.3433142946	-0.1035409825	-0.08028834795	-0.2116882205	-0.1109240957	-0.3412458881	0.05823081777	0.07808837764	0.0592473063	0.01253737038	-0.04734352807	0.06304471007	-0.3736207525	-0.06094081535	-0.3579328358	0.0002677765448	-0.05047232875	-0.05492956505	-0.06648373409	-0.06054887367	-0.04812399209	-0.07790914105	-0.340193714	-0.3329560497	-0.3280341833	-0.07359649073	-0.07632845302	-0.06162734321	-0.387204494	-0.3710099408	-0.368917994	-0.04032050032	-0.3415771587	-0.05044326428	-0.05657770619	-0.06450288168	-0.009967594603	-0.05683317848	0.01229602728	0.0564894186	0.02222756832	0.01098542724	0.01175510471	0.06987010162	0.08355782174	0.1797110344	0.05541444759	0.02064567572	0.09660702701	0.0447834299	0.2001641596	0.194216505	0.2292106905	0.0103257038	0.1719970037	0.2360657418	0.07490109958	0.1719316396	0.22067728	0.01287592462	0.1909051189	0.1561352844	0.1243029481	0.07045893269	0.118183751	0.1240866931	0.1674685313	0.3479211024	0.04233974036	-0.03888460974	0.2171060903	0.05860260207	0.06902401656	-0.003829004063	0.04940135065	0.2910314462	0.1042152493	0.0299734561	0.04462332012	0.05731573609	0.1798905406	0.06479364015	0.05736131028	0.2355931434	0.291897176	0.121952526	0.1284819744	0.14797849	0.09373575447	0.1381241029	0.1998513087	0.08571333382	-0.02215234397	-0.03284303019	-0.009682629094	0.04590313425	-0.3650768318	0.06111358706	0.100192472	0.1044099094	0.2428508831	0.1214462072	0.268652456	0.5920922318	0.0169455983	0.03635818262	-0.08602244618	0.1681541126	0.2417259722	0.02548254905	0.02632342058	0.121069377	0.2729003292	0.06104690185	0.1070289682	0.09858922881	0.0429675159	0.1522961842	0.09021819026	0.3011548105	0.04375191077	-0.06126762032	-0.02814009412	-0.04030030469	-0.08516102196	-0.04131513794	-0.08744533625	-0.1117647918	-0.05470673555	-0.07015845859	-0.05957374561	0.0007211256953	-0.04047808676	0.2675080075	0.1110933395	0.09635211963	-0.05084164144	-0.07491712015	-0.1253880247	-0.08687640122	-0.0772739205	-0.1171584996	0.1412335886	0.09008744502	0.0004819487077	0.07132394746	-0.07775025748	0.06197876077	0.06086493305	0.1861527491	0.1032849881	0.09756402924	0.01121266973	0.01926418162	0.02699683086	0.0982282111	0.09834162382	0.06420739346	0.0853259397	0.2173643773	0.1859083746	0.09520959193	0.002407695322	0.005717156448	0.03726984005	0.02196444637	0.01005088807	0.06402176357	-0.001614895015	0.111150715	0.03743858503	0.04220050995	0.08079513184	0.1259857466	-0.02029582428	0.005810265131	-0.02343074343	-0.03075658785	-0.00828193068	-0.05543296732	-0.06747973175	0.06866660292	0.04443296315	0.1061385877	0.2232883369	0.02903549085	0.2831207333	0.2347280733	-0.0827074707	-0.319333661	-0.2261646036	-0.0003829029491	0.0041424335	0.09043195038	0.1684024461	-0.04726288505	0.09446654541	-0.03931087301	-0.3262033927	0.05905471557	0.005485358631
0.1381376587	0.1011138723	0.06429008625	0.08757497596	0.07231539432	0.05189962862	0.0208326782	0.05231281534	0.08799894659	-0.3397671982	-0.316565598	-0.3275085738	-0.3093962913	-0.2993623625	-0.2849169209	-0.308200898	-0.3312799647	-0.3275121149	-0.3306081854	-0.3121184169	-0.01203967755	-0.009360416638	-0.3137373092	-0.01610813441	-0.001736094503	-0.3160626227	-0.3074124209	-0.3010609869	-0.2828243432	0.01113507127	-0.2827738926	-0.01279087001	-0.005871736814	-0.2252640978	0.008965803528	-0.2997794569	0.07043513237	0.04888704664	0.08207143065	0.06931998875	0.07115388567	0.01182082099	-0.2931141358	-0.02032726327	-0.322492774	0.003666719508	0.04109536221	0.002670469584	-0.05819850692	-0.00482505307	0.02274986673	0.07268514177	-0.3108314315	-0.2791868575	-0.2929607249	0.003155779723	0.009024939276	-0.02238682368	-0.3212674634	-0.3375375722	-0.3102066431	-0.03691459388	-0.2855216875	0.05629398502	0.05010603328	0.08016028065	0.0351311185	0.01969587144	0.1075497942	0.06301879219	0.05199065163	0.03961612069	0.0404512397	0.09804326018	0.06436426842	0.07250760505	0.05741972267	0.03430895166	0.12575264	0.07331734181	-0.07164027421	-0.07032333962	0.04229253293	0.0802405276	0.05191575501	0.06612796575	0.01537216177	-0.006281962531	0.004703588006	-0.04003324015	-0.007170325902	0.005214030969	0.03013916878	0.08316843147	0.002672622034	0.008036051993	-0.01390055143	0.01058850197	0.07519854325	0.04982920625	0.03160745881	0.05612598675	0.04811857814	0.03783952482	0.0966487815	0.02572870925	0.01404834491	0.06259088924	0.06362704037	0.04529489152	0.07538911333	0.03854552985	0.131590391	0.04984050504	0.05312157374	0.1423927049	0.005785126835	0.04017302392	0.09474329656	-0.0239673702	0.01309667216	0.1021485962	0.1193984492	0.03321001855	0.09662638911	0.31363748	-0.2871100582	0.04607099417	0.02284421642	0.02212398106	-0.007454797751	-0.02100283322	0.06797167796	0.0169455983	0.5749337963	0.01033303268	-0.04113415313	-0.01537346722	0.00138643018	0.06941499943	0.04060347255	0.0662596119	-0.006007303302	0.04875467562	0.1057373816	0.0995199469	0.09262684359	0.02071193091	0.06775423549	0.01014728016	0.08602445052	0.1163451788	0.03312693145	0.01354705493	0.05736702866	-0.02274719055	0.0840568477	0.02722757495	0.06138910569	0.003689287318	0.09976586239	0.06444052281	-0.01278503901	0.05413692413	0.06505950287	-0.002179802607	-0.132457996	-0.02513378486	-0.04018398068	-0.03100732355	-0.04648443366	-0.06032993815	0.009593526061	0.06723392814	-0.004799659124	0.06010553542	-0.02320263621	0.04073535051	0.07110877053	0.05257260145	-0.01160781724	0.0597067877	0.1154662459	0.1026612237	0.06101110586	0.1019396252	0.07481151839	0.05385856017	0.07699047184	0.06374331766	0.03862633263	0.1520110372	0.04814635844	0.3432404113	0.3035452496	0.1911508527	0.1352142067	0.06165205959	0.09030841622	0.05514031061	0.06607464861	0.0511210639	0.06339079161	0.1038259712	0.08612832133	0.0725365996	0.0641250637	0.01903232118	0.04984481483	0.02799793728	0.006508666699	0.07155466498	0.08138571198	0.003857576452	-0.01445145106	0.07102642976	-0.02152066028	0.02895612716	-0.03793434659	-0.3452041667	-0.2187853597	0.09189624099	0.2056528112	0.03988603452	0.05635483057	0.02845417425	0.03841163611	-0.02813706448	-0.3133920747	0.08394014636	0.1888523961
0.04415266543	0.08444703733	0.0714519974	0.09325177017	0.01671783444	0.03959966443	0.006348498792	0.023228164	0.08911737237	-0.3024792048	-0.3336452099	-0.3397885921	-0.3188996263	-0.3323697059	-0.3260788871	-0.3160224339	-0.3052291126	-0.3419124846	-0.2944807034	-0.2896955477	0.01926108231	0.1096007018	-0.2967782469	-0.02346826064	-0.09189053272	-0.2941491534	-0.2850396559	-0.315783807	-0.2794066246	-0.08743856654	-0.2740055292	0.04936668928	-0.04382370932	-0.1832736321	0.06821281081	-0.2973480874	0.02105440346	0.04114187056	0.03492456083	-0.05520676087	-0.04242290242	0.03059374755	-0.3225834778	-0.06172913382	-0.3091660896	0.0634551304	-0.07129494219	0.03096134413	-0.09684960303	0.02285367683	-0.06172719412	0.0682232675	-0.3321492264	-0.2975403613	-0.2802474373	-0.09546460938	-0.09171653571	-0.01034474086	-0.3297224489	-0.3120701609	-0.3153167688	0.1279587616	-0.3223149698	0.02913679115	0.01401245281	-0.005809121684	-0.008038929344	0.03274270559	0.008714455718	0.04200469245	0.1000741597	0.144337623	0.1412141456	0.2042320817	0.02924412146	0.05342916263	-0.04010264263	0.0427836256	0.05094378325	0.03816725208	-0.005780129059	0.05566557359	0.06220537447	-0.01475154074	0.03813733298	0.09305822533	0.1560601231	0.05759485768	0.1276669107	0.01057717925	0.09200636643	0.09933993069	0.02041136438	0.06893766106	0.02795636821	0.1341165367	0.1059167483	0.06988805399	0.1102447377	0.2603245348	0.06847148414	0.09596114958	0.01767803627	0.05587974191	0.005262804808	0.08749993787	0.1232090502	-0.01138933366	0.1182484695	0.06691086946	0.06049204274	0.03346164017	0.02307899994	-0.01236087501	-0.01388450408	0.05624423861	0.136806897	0.102425752	0.009702054615	0.0664605118	0.1248990869	-0.005856427576	0.03134871378	0.003802409064	0.001878521028	-0.06666821065	-0.315854429	0.1516604401	0.1294507202	0.09183221004	0.1522687286	0.1250030312	0.06033786739	0.03635818262	0.01033303268	0.6382775987	0.265940485	0.1126801472	0.1146667622	-0.03477057833	-0.02878201514	0.01256884443	0.07996304916	0.01875595833	0.03259614242	0.01098327949	0.03795382973	0.008820357785	-0.02025349204	0.06765665079	0.009129935481	-0.002703430502	-0.043368246	-0.05189149261	-0.0777295521	-0.06080582309	-0.1138121918	-0.1220273175	-0.05269883859	-0.06909421829	-0.0650485061	-0.0446065201	0.08816929569	0.05411610211	0.1071997931	0.2295570024	-0.08915513909	0.2213487068	0.06253717223	0.04834896087	0.2239159933	-0.05017794768	-0.04941178587	0.06409130296	-0.01760108467	0.2389764864	0.2270842143	0.2027770611	0.1913282972	0.06860933438	-0.009741636928	0.03330249074	0.1915942853	0.2499586373	0.02025232735	0.06983324509	0.05154869983	0.1044448707	0.06290961323	0.0777007847	0.1083631567	0.05460240665	0.1827382616	0.005758551664	-0.004532198736	0.06967043296	-0.02100181717	0.02731848251	-0.04663325025	0.04563017637	-0.04721198144	-0.03511257575	0.08357267758	0.02385258444	-0.03168003601	0.09407255287	-0.02320737841	0.0115837841	0.04164081309	0.02985920911	0.019305966	0.05883083907	-0.01598780832	0.1425551508	0.009116768829	0.2818203574	0.08785981866	0.08230259743	0.02156632887	-0.3327124843	-0.1925316451	0.115899097	0.09065184804	0.0532004566	0.09614217078	-0.06504333979	-0.003367688675	-0.002201318524	-0.3422970614	0.1176360166	0.06938839021
-0.06304905015	0.1202064227	-0.003920180729	-0.007278490007	-0.02702909034	0.03493503151	-0.01220148392	0.009684747749	0.1184260546	-0.2268257048	-0.307013727	-0.268452833	-0.2548045217	-0.254721981	-0.243398109	-0.2524423512	-0.2600639247	-0.2478217778	-0.2243233487	-0.2777658265	-0.03460643416	0.04176729133	-0.2628312412	0.02340894937	-0.0344907482	-0.2176135456	-0.2130748061	-0.2412836592	-0.1942897759	-0.006725440037	-0.2421143317	0.05479627922	-0.03879435695	-0.146787318	0.03939848261	-0.2529650681	-0.0839567039	-0.05544974731	-0.06184769513	-0.09491002232	-0.01807025178	-0.07877443131	-0.2042251399	-0.007148534437	-0.2011002641	-0.05125069898	-0.0239297662	-0.04360007509	-0.06267829245	-0.02965942283	-0.06504843701	0.03357131241	-0.2425540383	-0.253054631	-0.2410953631	-0.001738168945	-0.03079571946	-0.05734418543	-0.1947501746	-0.21033217	-0.1833711202	-0.01579381448	-0.2338156186	-0.04131821033	-0.02470784486	-0.03127817312	0.02601721658	0.01595516221	-0.0433009916	-0.04433420255	0.05154104239	0.08007414758	0.07414676917	0.1454188415	0.07289995671	-0.07961240478	0.05675854773	0.1514185209	-0.03606262782	-0.03568191722	0.0009237149781	0.01992561822	-0.0348312813	0.06408309046	-0.03751409984	-0.007571714081	0.1079902482	0.080359972	0.002968085157	0.1021377213	0.01485824503	0.01332767988	0.02313042422	-0.05705251244	0.04243515032	0.01811107935	0.01054642713	-0.04844537267	0.01338178227	0.1708082327	-0.06785969266	0.02979366724	-0.06723183282	0.1997323388	0.04609166758	-0.05330943257	-0.002115909713	-0.02414064206	0.1369281292	-0.02895618614	-0.05008371321	-0.04618673755	-0.01184070636	-0.1099121733	-0.09128177902	-9.806165593e-05	0.07347853618	-0.009561934316	-0.0655817879	0.08857112777	-0.006013825343	-0.001220351921	0.03734965724	0.1221445488	0.03565825005	-0.05008617945	-0.2032958671	0.06893749474	-0.005322365022	0.04591144498	0.03772716778	0.02484561629	-0.0519547472	-0.08602244618	-0.04113415313	0.265940485	0.8423478165	0.0114781188	0.009309707932	0.1211065472	-0.04505191807	-0.05489144473	0.005501907389	-0.02424343546	-0.07252383969	-0.07762783456	-0.0540503196	-0.006799123308	-0.06345230642	0.01568101576	0.06196547938	0.04261525276	0.1083364392	0.06561261411	0.0856878685	0.05683637207	0.02992843358	0.07274237244	0.1194148709	0.08380894168	0.136861006	0.04040876284	0.3255219896	-0.05292301886	0.006122634898	0.01740208553	0.1638380663	0.6664831482	0.4094751782	0.539355728	0.6535021248	0.3030911371	0.1143095311	-0.01664743321	0.04317739504	0.06457796146	0.7153969569	0.1760878509	0.1753119672	-0.03196142545	0.04219045868	-0.0391825048	0.1504731474	0.1386137621	0.1895058658	0.007018670141	-0.01101751659	0.02309182257	-0.05932383187	-0.05152288163	0.02915369932	-0.01730454127	0.1944038856	-0.003915500127	-0.0264630295	-0.01744697147	-0.01235530367	0.02264770495	0.002377672098	-0.00204413519	0.1163870659	0.1014760197	0.03360525187	-0.01775838279	-0.02849060829	0.08577912568	-0.07142208791	0.05557327593	0.007907432593	-0.03159895426	-0.02063190806	-0.06278025669	-0.08889725746	0.08619553564	-0.008264538954	0.07742296358	0.0355201418	0.01218141517	-0.000587073252	-0.2876524215	-0.139919136	0.1078659195	0.0495956015	-0.02092996543	-0.05941800779	0.001978663092	0.02921970603	-0.04691204046	-0.2689535822	0.06365315952	0.05721239914
0.0392867575	-0.05444355715	-0.006221537755	0.05755873291	-0.02002878628	0.04303943506	-0.01334300308	-0.01833106463	0.07598970402	-0.3750947628	-0.3571618426	-0.3628802016	-0.342907067	-0.344258218	-0.3340802377	-0.3414376567	-0.3705572697	-0.3659988847	-0.3167785875	-0.3475635841	-0.04711410791	-0.07141791571	-0.3067541902	-0.05087613251	-0.02772034069	-0.3468389758	-0.3443158043	-0.3452708783	-0.342388222	-0.02513599025	-0.3396564634	-0.1002979978	-0.07964441184	-0.2060927351	-0.100743678	-0.3389714513	-0.01330644655	0.01016644152	-0.02058278291	-0.02439103726	-0.04256521504	0.01095964073	-0.3829562154	-0.03754483633	-0.3517825885	-0.01368717867	-0.06356517467	-0.07745309124	-0.04971448309	-0.05625096617	-0.008380864214	-0.06569988873	-0.3366961657	-0.3370472493	-0.3263476343	-0.03823885635	-0.03769094238	-0.03426161092	-0.3941667371	-0.373125843	-0.3671900587	0.01737942289	-0.3404185853	-0.02793799827	-0.04253724933	-0.05045587037	-0.05213386199	-0.07841118828	-0.0554953071	-0.001851938496	0.01665750646	0.07483390255	0.0722221692	0.08873144344	0.002287545346	0.04581821431	0.03864670213	0.01023321292	0.03713700273	-0.02016478597	0.1366277513	0.2017174943	0.03508254071	0.1124991358	0.1879651942	0.05809302327	0.03052889446	0.3239149662	0.3014705614	0.2157157518	0.01635949352	0.4039390864	0.2210914797	0.006733248066	0.3454415605	0.4771262116	0.6477384461	0.2106883041	0.01955891305	0.02274689231	0.2035433218	0.01720348783	0.02243371196	0.07121767429	-0.01207474834	0.2043862965	0.2166590699	-0.03266755061	-0.04012704466	0.1298219226	0.03189181872	0.02365705236	-0.004966153608	0.1957206643	0.01873879026	0.0275320285	0.2834367411	0.1073331303	-0.0001903012615	0.5521953312	0.3674087795	0.07278332041	0.02201141875	0.06967332786	0.02947902219	-0.04636509429	-0.3745504252	0.08245978323	0.2202509586	0.1436712646	0.122095608	0.5590371397	0.1478072782	0.1681541126	-0.01537346722	0.1126801472	0.0114781188	0.6589725121	0.2862508523	-0.03552357446	0.03107512462	0.08119106808	0.2498195057	0.008736657618	0.00411219945	-0.01830008276	-0.02509988229	0.2403778495	0.0230169886	0.2814223276	0.02761783435	0.001268872268	-0.01050387947	0.004358514907	0.00602727846	-0.04852231712	-0.02475838459	-0.03553572837	0.01430973091	0.008295171454	-0.02177707512	0.01878355677	-0.07586954288	0.04102426451	0.02784468674	0.2229394992	-0.002320584446	-0.04818865222	-0.05494372089	0.01157297274	-0.03820226559	0.0175785074	-0.03126997142	0.0255615539	-0.02444718813	0.1405256261	-0.037050591	0.0762087867	0.03460562397	0.2185509755	0.4108431087	0.1110118615	-0.01202257811	0.0453465586	0.03213553999	0.08902563503	0.1588368419	0.04563082187	0.03181462107	0.05809868252	0.04670554164	0.01420218844	-0.02926909899	-0.0294738628	-0.02089411023	0.03257401463	-0.03087322414	0.02602042869	0.004064020251	0.03767507885	-0.02662254528	-0.01377222403	0.1559335021	0.04591863761	-0.03179936572	0.09820629316	-0.08096523249	-0.02363493334	-0.03995619654	-0.0566877875	-0.03045882872	0.02629178013	-0.04664809277	0.04491098136	0.08546783201	0.0909686786	0.2082613462	0.1226293866	-0.09491294854	-0.321160812	-0.2183204217	-0.05646018425	-0.01796117995	0.02105733457	0.05441764448	-0.05839364014	0.03739437583	-0.01948085008	-0.3265013837	0.04264677484	0.02038977834
0.0235010311	-0.03044296505	0.04352426721	0.004253760238	0.002341943501	-0.04983630034	-0.02642393225	-0.006780896046	0.003893047729	-0.3154792413	-0.3521320918	-0.3576732864	-0.3377474298	-0.3259297587	-0.3200010209	-0.3376725267	-0.3144069082	-0.3592342049	-0.2939571908	-0.2912162404	-0.06015377361	-0.00489162632	-0.2978154532	0.006579550157	-0.04980903923	-0.294986174	-0.2893665616	-0.3185588253	-0.2780435112	-0.0546113432	-0.271737351	-0.001633599398	-0.0629089264	-0.2142633511	-0.03940200634	-0.3269680479	0.04732745022	0.04887708178	0.02631958143	0.005900882469	-0.04005555	0.03516198597	-0.3015100139	-0.05130249444	-0.3011344929	-0.009327487046	-0.06696491196	-0.0632282531	-0.07422263019	-0.05001327034	-0.04094482364	0.01172167766	-0.3303475066	-0.320935428	-0.3057238695	-0.06248316888	-0.05647437839	-0.04890650548	-0.3093298568	-0.291988435	-0.3117021267	0.03272911117	-0.3321802709	-0.05041625042	-0.04923485507	-0.03486819319	-0.01962439378	0.02601596338	0.006900566638	0.02057931821	-0.007723179915	0.1536461303	0.1548141977	0.07469281315	0.03841782082	0.03357241251	-0.01670360802	0.09304667491	0.06159480739	0.01343271398	0.003768239329	0.07021379545	0.1262573696	0.05199644532	0.1331359774	0.1093366262	0.1149118203	0.2458560452	0.1965784992	0.06016514532	0.06554774067	0.1115878593	0.2317216182	0.06138569387	0.2656689521	0.1346698151	0.2853733817	0.1438226432	0.1480188177	0.04373619149	0.1515170759	0.004354677785	0.06114679489	0.02112217462	-0.006229471348	0.1877566951	0.1350107808	0.03650894415	0.0491211974	0.01115292197	0.0005244738134	0.05085727542	0.03471435033	0.1821952695	0.02827611556	0.09513159347	0.1418671631	0.06685514528	0.07961230716	0.2529385254	0.2100289328	0.06558153605	0.0353279855	-0.002531414244	0.01141616755	0.03172960467	-0.2957875968	0.04146851093	0.1377649119	0.07952069805	0.1348553972	0.2437695879	0.1045385721	0.2417259722	0.00138643018	0.1146667622	0.009309707932	0.2862508523	0.6753075003	-0.002143358555	0.04759485582	0.1391416879	0.1854861131	0.0373095865	0.08335049633	0.0606968859	0.02785466769	0.1782388462	0.1150490193	0.1785466957	0.02816732869	-0.02068951578	-0.01491384812	-0.01021262442	-0.0161267371	-0.04530063646	-0.02118366192	-0.04939071806	-0.01279284741	-0.03230609089	-0.03682408464	-0.03438869324	0.01517663436	0.03728001678	0.07581152983	0.05339880842	-0.01684393997	0.008283413594	-0.03388504157	-0.04750069141	0.02001628179	-0.1040042785	-0.03245456004	0.03097260745	-0.02330163182	0.1040551172	0.01375238184	0.151773828	0.1149182801	0.1425095122	0.1923024118	0.09679020265	0.09397951185	0.1007439646	-0.02496175612	0.03609408415	0.0912368351	0.04905173524	0.07028750535	0.0650966383	0.1901507279	0.02465318851	0.07848081585	-0.02670158052	0.01815580733	0.01333357369	0.01573185628	0.06429637038	0.03800475874	0.08992785528	0.01881026809	0.01700116578	0.07999483993	0.08683375746	-0.02816944461	0.003442067401	-0.02903183027	-0.02777292772	-0.01876458899	-0.06020213066	-0.03284382167	0.06621801298	0.01702503302	0.132550043	0.02183649357	0.07337779488	0.2179871485	0.07758659694	-0.006590156811	-0.3324776546	-0.2244366277	0.09442196395	0.03989967085	0.07212870255	0.03344943377	-0.05919505043	0.04328072605	0.0005147814639	-0.3449967673	0.0426022685	0.001812033157
0.04056392533	0.1471941797	0.04472812125	0.06887388077	0.02183713989	0.03120041072	0.06377337904	0.08065370863	0.09553016541	-0.3390125262	-0.3636659523	-0.3260296494	-0.3177277544	-0.2962859852	-0.2820511276	-0.3201946495	-0.3751868079	-0.3145346213	-0.2831458408	-0.3735447367	-0.03300360103	-0.07246675867	-0.3063794027	-0.05270993919	-0.0296165382	-0.3210247499	-0.3204042597	-0.2929453674	-0.2921744537	-0.01166705518	-0.338820367	-0.02160676874	-0.03155931668	-0.1504686774	-0.04342541564	-0.29781645	0.06155949542	0.0323164556	0.02572906803	-0.02881915702	-0.03548472981	-0.0261257573	-0.2857025863	0.0170152325	-0.2923150608	-0.03405161995	-0.003700581226	-0.01869523952	-0.05343844445	-0.05509225376	-0.04841504387	-0.02440089182	-0.2948054366	-0.2873794518	-0.2978753664	-0.0143840632	-0.03600011513	-0.05690294784	-0.3172564669	-0.3136579927	-0.2694012553	-0.07522707907	-0.2845685638	-0.06502753482	-0.04301693908	-0.01357951248	0.05251501599	-0.03986616054	0.04676009955	0.03142478645	0.04280094941	0.06254220976	0.06061092684	0.03617360232	0.1399655409	0.08050803435	0.1708768054	0.1475416509	0.08448302044	0.03822301686	0.1078590396	0.04574219555	0.02676622075	0.1550257304	0.02969282511	0.04834131953	0.08051659555	0.05891755433	-0.009724936972	0.140771308	0.02076258196	0.04340950821	0.01911992409	0.0382075562	0.1400931484	-0.01390814785	-0.03407851659	0.004990327328	0.06840026411	0.02863966745	0.0400083581	0.04338079543	0.03264998998	0.1141156837	0.04929340127	-0.03539946279	0.06322835851	0.09110765858	0.1673963289	0.08333368581	0.0682821368	-0.008714834987	0.1038784323	0.08012975143	0.09442756772	0.08065042532	0.02901114131	0.1167478078	0.07768722596	0.02991312965	-0.0007494827026	0.06967194307	0.0365528157	0.09149046107	0.02797554165	0.08837742469	-0.2819010433	0.01915215077	0.031188972	0.1441422976	-0.01076357781	-0.03764698523	0.005229874168	0.02548254905	0.06941499943	-0.03477057833	0.1211065472	-0.03552357446	-0.002143358555	0.6538716265	0.006332044209	0.04344851244	0.01365814665	0.1466923821	0.09180112435	0.08296058943	0.03880606941	0.1017993515	0.02170418586	0.01155885327	0.1281852187	0.0009219310884	0.06050506357	0.1018182354	0.1073536517	0.07353567556	0.09075764529	0.06055980527	0.1096749043	0.09321725571	0.1014133309	0.2103405182	0.08035987814	0.09022582565	0.1037470357	-0.003688368873	0.02657238293	0.09836866013	0.04920024451	0.06952895607	0.05109003174	0.03686715324	0.06809059157	0.0219148326	0.01636463846	-0.02500739364	0.08497379768	-0.02662824965	0.01984067103	0.01720945355	0.08812703774	0.0253776447	0.01762507959	0.02905205642	0.1417325335	0.03185814462	0.03483513636	0.0553351059	0.07295626816	0.1144799573	-0.01153304823	0.08320179177	0.09778943235	0.07694404827	0.05751750897	0.03381607747	0.07419416022	-0.01478143846	0.04082119558	0.1875804722	0.2675621543	0.2540509543	0.1388703289	0.1541090282	0.01268617795	0.09245472002	0.007830531031	0.03631594244	0.0175263675	-0.01623135193	-0.04347924473	0.07082328467	0.05584531696	0.01844829938	0.1163955641	0.006776635664	-0.01541924334	0.04649247835	-0.06130321783	-0.3155145292	-0.157078046	0.05258170732	0.0320150775	0.02571034371	0.07899762766	0.002440949126	0.06866948149	-0.02573934591	-0.2685312735	0.03308203906	0.09703529629
0.004264625303	0.03315670531	0.04423384624	0.02047684393	0.1218638472	0.007652044232	0.1082657658	0.1719440789	0.01697325964	-0.3448380349	-0.3214314004	-0.3306074347	-0.3143073483	-0.2910337001	-0.2589861084	-0.3093358401	-0.3347483394	-0.3011626034	-0.2963840286	-0.3136596245	-0.01836371714	-0.01381016872	-0.2817936794	-0.02147551747	-0.0002988778267	-0.2874746834	-0.3037031704	-0.2809852234	-0.2934490253	-0.03630433606	-0.2906532157	-0.0155918749	0.1138628811	-0.1789084191	0.001612365368	-0.3053482748	0.1178105117	0.1260506627	0.1289663482	0.1215798743	0.05966768593	0.09847337296	-0.3359213576	-0.02366348454	-0.3111225561	0.03145523757	-0.04761557817	0.1344498484	-0.05590321955	0.0345560161	-0.008401433542	-0.02112097781	-0.2993268876	-0.2828532511	-0.288158211	-0.04381729293	-0.02939786374	0.1003860579	-0.3352943858	-0.3292128493	-0.3128814368	-0.008905835251	-0.2947957693	0.06978274705	0.02157836289	-0.01682758134	0.1293958674	0.1421526829	0.3768678895	0.2475869336	0.08020430829	0.05072686635	0.05579629366	0.006643632719	0.009839312072	0.0130239388	0.04888243871	-0.03966622585	0.09003478325	0.1014724881	0.04053780341	0.03136915119	0.05325607203	0.06792481217	0.1038104457	-0.00175660881	-0.002156737571	0.01905337612	0.0595279561	-0.01519010134	0.07298556069	0.05039757939	0.01699857641	0.09122043158	0.007410212043	0.07955255295	0.02916311067	0.01185866957	0.08732014031	-0.01500215625	0.06737553389	0.05933546603	0.151213025	-0.03038453735	0.1919069853	0.04611005299	0.04357212315	0.1192376707	0.002269741797	0.08596553418	0.04267010635	0.07719380922	0.06889985455	0.04577635595	0.07022077241	0.01482673698	0.05726072969	0.0787775847	0.1336478528	0.001402501176	0.05523405309	0.1051705394	0.03963430327	-0.01601523327	0.03322078507	0.04256648553	-0.328627991	0.0005805524698	0.006940588308	0.04203078797	-0.002011326605	0.03172799505	0.03055351022	0.02632342058	0.04060347255	-0.02878201514	-0.04505191807	0.03107512462	0.04759485582	0.006332044209	0.7331737592	0.158532947	0.04150065276	0.07298300105	0.1055713088	0.1400262701	0.2640032588	0.09632725586	0.5179202169	0.02766915178	-0.004274242175	0.06982136227	0.02634347537	0.0741899507	-0.01612487004	0.02648095573	-0.03278200621	-0.05964492539	-0.02063176361	-0.02324335424	-0.01152549587	0.1143324387	0.01213356354	0.0151350638	0.03126686839	0.03023348722	0.02216320781	-0.05069996326	-0.1154087936	-0.04785956981	-0.07951812041	-0.05939860509	0.002258980571	0.07350322429	0.03961625066	-0.03837592811	-0.06323168367	0.01271752948	0.02183896651	0.1243481688	0.008919274376	0.0711216598	0.02234080725	0.01700374145	-0.006233571344	0.06575993829	0.04935115282	0.08480189691	0.06137255275	0.008367795746	0.05048049675	0.06112082517	0.003105466416	0.01681045769	0.02663122398	0.01657319022	0.02711757794	0.01783910959	0.001656287367	-0.01208588865	-0.03524299859	-0.04533318692	-0.01193858414	0.03874263818	0.1218519424	0.007859203435	0.2135750476	0.07161293222	0.05085771599	0.04451982137	0.07948186192	0.06496483392	0.279826676	0.08603867427	-0.02584442958	-0.003480064779	0.08297783189	0.0006718931757	0.07068635272	-0.2956044006	-0.1736374956	0.03686192399	-0.00611069845	0.08067544063	0.0126759848	0.004223728915	0.01109517103	0.2135383957	-0.3162405332	0.03063585241	0.03982411963
0.1298935368	0.0441821545	0.1256404977	0.06866855937	0.0453329897	-0.01162342711	0.0499077668	0.07446310158	0.05933770668	-0.3465253059	-0.3533382624	-0.3607390764	-0.3428970492	-0.3392673312	-0.3388208692	-0.3381025621	-0.3443713872	-0.3384615092	-0.3366963306	-0.3457246612	-0.06299533869	-0.05758089251	-0.3261535676	-0.08706327062	-0.06494238093	-0.3525307457	-0.3142459426	-0.3052666264	-0.3439406945	-0.05570488823	-0.3399545907	-0.06075958589	-0.04166970989	-0.2185642666	-0.08071491299	-0.3435815763	0.1333258731	0.09686615484	0.1101753674	0.03324124306	0.006131178898	0.05331909327	-0.3562721034	-0.07004237388	-0.3298621609	0.02438507727	-0.04338892618	-0.02792731382	-0.06826566992	-0.03867571143	-0.0399844846	-0.03092701616	-0.3130824387	-0.3409599886	-0.3325344035	-0.0630614792	-0.05881792845	-0.01875349509	-0.3659152793	-0.3764456135	-0.3443500781	-0.004858398177	-0.3103323168	-0.02101013035	-0.04065336733	-0.02305573542	0.06457109615	0.01268103277	0.1265407633	0.1211006829	0.1241589016	0.1170919743	0.1218212799	0.05258011021	0.07513102818	0.1255685365	0.03245022586	0.01407578931	0.2046392127	0.08855365475	-0.006788100408	0.05471231781	0.07437818434	0.08208404368	0.1073466478	0.08404387429	0.04945353284	0.1251581986	0.1296848425	-0.04910877353	0.1281444621	0.08573083789	0.02716924716	0.1360902687	0.09271701528	0.05887227858	0.08247612773	0.0671972094	0.1886076664	0.005011753604	0.1335648632	0.1280149753	0.09426364757	0.01075556905	0.1006685939	0.1128894906	0.04922842159	0.1443773509	0.01228711227	0.1654161207	0.1475169516	0.07179560448	0.08136295487	0.1680474996	0.1695073108	0.105668826	0.07020161944	0.1496416239	0.228496989	0.06853639521	0.1338740557	0.07085693117	0.01344167242	-0.04365065012	0.01872593251	0.10258656	-0.3498173076	0.08975539216	0.04303890795	0.01267845184	0.02598913189	0.07441537721	0.1044498026	0.121069377	0.0662596119	0.01256884443	-0.05489144473	0.08119106808	0.1391416879	0.04344851244	0.158532947	0.5740231892	0.07406014549	0.1741366873	0.2645340311	0.2353908723	0.1537209315	0.1872812161	0.1704796799	0.05698276235	0.09919637492	-0.01017815095	0.03782209327	-0.01928292108	-0.02354197425	-0.01008560993	-0.03274402442	-0.08193933978	-0.007733057779	-0.02987986644	-0.02880046602	0.07646141046	-0.06788067569	0.1084334386	0.08700744871	0.1030580419	-0.1101468643	-0.0450702805	-0.1194931288	-0.03797494762	-0.07095440221	-0.08698652553	-0.03355713181	0.08039202163	-0.0115578048	0.03890173856	-0.06581182852	0.03545590443	0.07013348554	0.08163568613	0.01538520049	0.2217488198	0.02317650779	0.04607818004	0.04823373991	0.07795329512	0.07275802757	0.1281193801	0.1605271048	0.1058529956	0.06694576082	0.1150308549	0.02817711967	0.0103635659	0.05633444161	0.05815278292	0.02515479977	0.06766193937	-0.02324547048	0.0736562827	0.01697903108	-0.003104686179	0.05561276815	0.1337092931	0.04980568585	0.03314575021	0.03812841216	-0.01875154555	-0.01711743201	0.01105090121	0.004680964863	0.1607267055	0.1547590623	0.1341632329	-0.03362265575	0.059363228	0.03668439165	0.02862609714	-0.0832712934	-0.3339242864	-0.2217870143	0.09948707717	0.027702062	0.05334501848	0.1018223114	-0.06515792463	0.09013127604	0.03441475125	-0.3243354793	0.07952291532	0.04034806311
0.06852891956	0.0008120265337	0.02552414474	0.03456142178	-0.01678318345	-0.02846835029	-0.03320208134	0.006727802686	0.05004442739	-0.357304062	-0.3402804101	-0.348077552	-0.3284756612	-0.3320954417	-0.3250218159	-0.3257342787	-0.3539505488	-0.3497912455	-0.3231439763	-0.3359582156	-0.05933212195	-0.08058390476	-0.3153413922	-0.07215480564	-0.03996165906	-0.3407194073	-0.3331259892	-0.331245606	-0.3319971842	-0.05216222823	-0.3312226413	-0.08264802397	-0.0798634908	-0.221065866	-0.09601590415	-0.3316542748	0.004444391589	0.02184322134	0.02699546037	-0.01178266274	-0.01588572284	0.002530951081	-0.3624732003	-0.04242071266	-0.3454733229	-0.02563581234	-0.04767786356	-0.02938240493	-0.06421308506	-0.07155389502	-0.02331192542	-0.07146919361	-0.3320594951	-0.3283526757	-0.3234523758	-0.06162649107	-0.05354511172	-0.06118010666	-0.3760757415	-0.3630758107	-0.3508357594	-0.02630736309	-0.3305532765	-0.04694624397	-0.05116969918	-0.05762541019	-0.02877811859	-0.04992902217	0.008514006086	-0.00131559131	0.09024531284	0.01909831992	0.01986633514	0.09607109713	0.01838906736	0.1061540608	0.01413573347	-0.02538857606	0.07088293251	0.02136808998	0.2362273582	0.2746090025	0.1917021468	0.03577449701	0.2492072675	0.1882463428	0.02640217638	0.225913369	0.1236726835	0.05978788282	0.1347513314	0.1353248827	0.1049992234	0.03849295375	0.2904925935	0.1537191292	0.2440636503	0.2451578533	0.03232342205	-0.02067510234	0.2102938416	0.06673368789	0.03755924091	0.002316192726	0.00304710787	0.2244758502	0.1567598872	-0.01324259301	-0.03192436744	0.07479631724	0.2350812224	0.01839931347	-0.0200394296	0.2209535931	0.2222191595	0.06102336756	0.3974544926	0.147157919	0.03427757465	0.2601380212	0.1350651566	0.04287928229	-0.001871149629	0.05537290645	0.03368941408	-0.0515252923	-0.3541046577	0.09352820661	0.1614542045	0.08815694201	0.2464643956	0.1828092115	0.2334566176	0.2729003292	-0.006007303302	0.07996304916	0.005501907389	0.2498195057	0.1854861131	0.01365814665	0.04150065276	0.07406014549	0.6071264597	0.03706637655	0.03409817491	0.03033941668	0.02777913132	0.1904330576	0.05713724084	0.527312385	0.01381279431	-0.03890388255	0.03143250675	-0.03168819786	0.00138673166	-0.03052309067	-0.01202960279	-0.03630245429	-0.01736459397	-0.0134620624	-0.03850232416	0.05230192365	-0.04585104368	0.1901647699	0.01471282179	0.1105126743	-0.07582550298	-0.01195019612	-0.05196603847	-0.003921343177	0.002973259155	-0.07447130422	0.1579433357	0.09026779962	-0.0002951437298	0.1119103815	0.004692747191	0.1071917577	0.01625497357	0.2095054492	0.1586065014	0.09290576103	0.008804175683	-0.001647526994	0.03936985029	0.09920653312	0.1874695542	0.08755499693	0.0250913963	0.1039175175	0.1096223783	0.005663769882	0.01296467827	0.02140881039	-0.01784133872	0.01328930388	-0.02186802362	0.0614802816	0.0015069031	0.01218889297	-0.02092698813	-0.04715193359	0.0479418943	0.03072262634	0.001396173013	0.001201215871	-0.04089156104	-0.0247317196	-0.01090490794	-0.045831494	-0.06229369514	0.03475220513	0.03321858435	0.07541637287	0.2159061213	0.05408739035	0.2487853324	0.3811772692	-0.09473467595	-0.3283764051	-0.2259777669	0.005789574102	-0.007528796952	0.01133318187	0.08529319096	-0.0310056675	0.007751644719	-0.01511350865	-0.3333782862	0.06630260792	-0.04501235742
0.1716977074	0.07523318042	0.1512430682	0.1381702565	0.05153446228	0.05896455105	0.04885844697	0.08158127171	0.167509966	-0.3898132001	-0.3705738888	-0.3755198091	-0.3623650772	-0.3536463338	-0.3457689779	-0.3778985944	-0.3865385506	-0.3746416583	-0.3505446882	-0.3811260244	-0.06258411911	-0.08532513767	-0.3426902148	-0.1080114644	-0.08938145934	-0.363566307	-0.3581365053	-0.3506435369	-0.3577442331	-0.1000425617	-0.3517917411	-0.09212600577	-0.07024472037	-0.2244568275	-0.1003752699	-0.3492140087	0.1688662125	0.1127462117	0.1517072156	0.03993469526	0.01256758012	0.07480437146	-0.3927936581	-0.07561769788	-0.3701627731	0.0402854201	-0.0730572912	0.00124299575	-0.09717681271	-0.07985341254	-0.08889458153	-0.041162815	-0.3508675648	-0.3484999898	-0.3457652862	-0.1028086229	-0.09245126252	-0.08193865418	-0.4048045592	-0.3899064707	-0.378655684	-0.05475425024	-0.3503565673	-0.06360207942	-0.0656222391	-0.03596802372	0.102558597	0.05705861173	0.08230851491	0.131528915	0.10541762	0.1247720331	0.1217910605	0.03401033477	0.2023358381	0.1686607309	0.1346025818	0.05425239909	0.2059071961	0.1650505858	0.06270815601	0.09163392528	0.1222403661	0.05516485293	0.1398138741	0.09528662857	0.05580331396	0.04305972589	0.02203764651	-0.0007656176253	0.08541501299	0.02576413814	-0.03828405038	0.1991668646	0.0517108299	0.04503577697	0.006049759775	0.03947166021	0.1798421027	0.009513601753	0.07646631108	0.1123476558	0.05289965165	0.07676063105	0.02461561716	-0.01834333588	0.001161742211	0.236599816	0.05067049188	0.1075838214	0.1161588466	0.1233131261	0.1476176505	0.1151824616	0.1434054457	0.1143845168	0.05377956339	0.1043704927	0.2377414194	0.04421851159	0.01762347322	0.07856776344	0.0002892655157	-0.003645133433	-0.0002522016125	0.1130189224	-0.3841329663	0.04489963255	0.04019051924	-0.01619543977	0.01267023746	0.01208647064	0.03336053152	0.06104690185	0.04875467562	0.01875595833	-0.02424343546	0.008736657618	0.0373095865	0.1466923821	0.07298300105	0.1741366873	0.03706637655	0.5382972284	0.2318814605	0.224624435	0.1409047837	0.1240153967	0.05793148257	0.02979381463	0.126458252	-0.06721595907	0.0775518918	-0.002833758671	0.01177090872	0.01088717753	-0.003907533428	-0.05178767738	0.02433956025	-0.005215151128	-0.00149136057	0.1064483105	-0.02070876079	0.1233627799	0.149678385	0.09744840705	-0.08616003764	0.008886012606	-0.05021294557	-0.03294831205	-0.05222587153	-0.04314218385	0.0173098327	0.1041916505	0.05058260009	-0.01180525483	-0.01223833256	0.001527457184	0.05972620489	0.09441077692	-0.04900548612	0.1556809669	0.04404028619	0.07345587203	0.1271263273	0.0765879758	0.03872650628	0.1355394997	0.3402887566	0.1617014927	0.06496141176	0.1882123423	0.00739082871	0.01262106122	0.03731198768	0.0612287876	0.07030605168	0.07070944646	-0.007246079703	0.2004462362	0.1090278673	0.1083923243	0.09420120929	0.24310881	0.06412666886	0.1176563286	0.08708171802	0.0161525991	0.03400784394	-0.04415764705	-0.01295361809	0.3472640495	0.1321890422	0.1161446563	-0.0285096241	0.07564519571	0.002987116968	0.009626841014	-0.09455217116	-0.3631340812	-0.2369937423	0.08113253407	0.04339820327	0.08832976758	0.1623432627	-0.08701747564	0.1154068601	-0.01988990521	-0.3557533652	0.1002919408	0.09519255736
0.130982073	0.1018484097	0.1811801605	0.1314517927	0.09398229673	0.07053147119	0.09369252766	0.1192953307	0.09904917058	-0.3972034602	-0.3782383203	-0.3858983423	-0.3651514994	-0.36308213	-0.362957691	-0.3641618388	-0.392467208	-0.3876443361	-0.3556937022	-0.3686134662	-0.04480804848	-0.07140543849	-0.3526819419	-0.1103476807	-0.08549404225	-0.3768670389	-0.3643384679	-0.3611294854	-0.3654903262	-0.08963088782	-0.3613667737	-0.08090316182	-0.03942191426	-0.2496056396	-0.09583136627	-0.362155373	0.2029149555	0.174765813	0.1990040476	0.08037710775	0.0127097586	0.1278569457	-0.4061439017	-0.09102677637	-0.3802168793	0.04515878809	-0.06019194488	0.009311662647	-0.09402068969	-0.04875862589	-0.073162569	-0.04183942692	-0.3645908752	-0.3584513441	-0.3500609702	-0.09695847237	-0.0864918808	-0.05048207109	-0.414008124	-0.3958069227	-0.3960317866	-0.02931638697	-0.3660639413	-0.04643855803	-0.05529886711	-0.03312374314	0.09463877976	0.04413866192	0.1728859498	0.1905610096	0.08560173857	0.09083507199	0.08837345304	0.06421327921	0.1539192253	0.1976489376	0.01058736949	0.01562985585	0.2251234551	0.201326829	-0.04545204291	0.01053874532	0.1315437463	0.06333681535	0.1126943976	0.1069607837	0.09158286257	0.04118518507	0.05327787951	-0.0597749385	0.07684975235	0.07314403704	-0.02804899169	0.225119093	0.0164926438	0.02514111821	0.001948292165	0.04297177938	0.2140378075	0.01677857384	0.122431356	0.1238639445	0.119655857	0.03128582471	0.09322017269	0.02324702864	0.06395827673	0.218017928	0.08245944583	0.1349992069	0.1269403298	0.1219530202	0.1525915605	0.1406091982	0.1606949906	0.09883611997	0.03323042365	0.154394626	0.3137688539	0.003972729922	0.03735441576	0.05172636018	0.03314817855	-0.07007156852	-0.01593679616	0.1115845445	-0.3971543393	0.0974911223	0.04789444447	0.05028275095	0.01473538538	0.002739542744	0.04614130501	0.1070289682	0.1057373816	0.03259614242	-0.07252383969	0.00411219945	0.08335049633	0.09180112435	0.1055713088	0.2645340311	0.03409817491	0.2318814605	0.4411995316	0.3752339683	0.2033989743	0.07911636188	0.1603640138	0.04740918698	0.1128700942	-0.03009183986	0.01889911332	-0.02548214961	-0.06412297068	-0.022010807	-0.07976161463	-0.1294369875	-0.05273969668	-0.06131858302	-0.04086780909	0.05283389101	-0.05976022419	0.1743203853	0.1657576778	0.05950044974	-0.1486867563	-0.04312612122	-0.1275490519	-0.08813174099	-0.08506188896	-0.1256338109	-0.06321136493	0.1052955039	0.005392657004	0.01370852229	-0.06087438336	0.0133728744	0.09827171485	0.1125447968	-0.009592154083	0.1247786172	0.07051423495	0.09184275914	0.06205286659	0.06141700348	0.04330086018	0.133978932	0.2228183525	0.1858510845	0.09839470141	0.1888126583	0.03235282809	0.04634073464	0.1175101003	0.1009734209	0.09109257132	0.09272775317	0.0187996373	0.1771291745	0.07348196266	0.08270444474	0.06054884002	0.2317411801	0.05304899765	0.04713883701	0.1274666249	-0.03944704434	0.009723593956	-0.02569859593	-0.01214459298	0.2290064046	0.1649872932	0.1489644463	-0.02696182012	0.08234394685	0.02569767861	0.04594068937	-0.07874118539	-0.3610511774	-0.253042813	0.09199984536	0.04379067061	0.1234589368	0.1830453481	-0.06891781558	0.09734195858	0.007134540308	-0.3721730753	0.1263494319	0.07244157901
0.1201127562	0.08812009732	0.1618314955	0.0947777385	0.06731652564	0.04914089612	0.07238793526	0.1092517106	0.102516825	-0.3369188554	-0.3206167786	-0.3304558677	-0.3065344191	-0.3478713472	-0.347335202	-0.3046959459	-0.3332003586	-0.3746562762	-0.3402977633	-0.3095116944	-0.05595169034	-0.08732815513	-0.3396303773	-0.07713888523	-0.0581918583	-0.3635271002	-0.3494160791	-0.3471655794	-0.3523401433	-0.01538491898	-0.3482345011	-0.09946664495	-0.04263403936	-0.2235135767	-0.1069443379	-0.3481613539	0.1648321249	0.1501928933	0.1630684314	0.05886137802	0.005946095581	0.09334094522	-0.3932043037	-0.06157272457	-0.367042651	0.03708508154	-0.07474861894	0.03202084132	-0.06456972662	-0.06913639262	-0.04283667999	-0.05971877844	-0.3522419302	-0.3440502064	-0.3353271773	-0.02220911524	-0.01282927779	-0.07224937907	-0.3566002066	-0.3377995261	-0.3471896363	-0.05379871424	-0.3519349292	-0.06099552159	-0.06264152604	-0.0343393063	0.09409457864	0.05096720011	0.121617629	0.1395907058	0.08652525957	0.08694248037	0.08460076527	0.04866641053	0.1417479601	0.1757687644	0.02159897834	-0.003854051564	0.2239512794	0.1653066048	0.02612103045	0.008154448675	0.1197641621	0.05727433062	0.1233670149	0.09543605176	0.07983820601	0.0310830177	0.02936529503	-0.05614350355	0.1209018376	0.05157045706	-0.04696659239	0.190562582	0.005946019283	0.002723239281	-0.02047263422	0.03083279668	0.2115183714	0.007252557788	0.09442699906	0.1212702995	0.09549239745	0.01829641239	0.08186061158	-0.004596859012	0.06644149932	0.2499885118	0.06862280837	0.1742410845	0.1230962838	0.1030753423	0.1433531293	0.1439671069	0.1637873122	0.09443821021	0.04020042874	0.1636442791	0.430481215	-0.01835616293	0.009544730964	0.0606744356	0.06470234383	-0.07205871273	-0.02037261325	0.1145168084	-0.3845717209	0.08252605975	0.03736017403	0.04097943602	0.002575458053	-0.02193449478	0.02382058853	0.09858922881	0.0995199469	0.01098327949	-0.07762783456	-0.01830008276	0.0606968859	0.08296058943	0.1400262701	0.2353908723	0.03033941668	0.224624435	0.3752339683	0.4999019415	0.1520919123	0.07603875041	0.09494556071	0.03595792224	0.1014633943	-0.04762251973	0.02353241708	-0.0468952133	-0.061891613	-0.02015429562	-0.07717210616	-0.1272995136	-0.0505330412	-0.05286148128	-0.0358579503	0.05908570809	-0.01059790274	0.1660941488	0.1499538177	0.0573610097	-0.06580767981	-0.05720912144	-0.1348415553	-0.09327314213	-0.09151365981	-0.123312503	-0.04616171267	0.1034029053	0.008239777744	-0.001623437111	-0.06601066099	0.003218626308	0.07823887776	0.1248815802	-0.03191146007	0.1270802878	0.06088983167	0.07738243573	0.05769573308	0.07368364479	0.05780436957	0.1398683715	0.2137482596	0.1628173683	0.09060630189	0.1942449145	0.01645138426	0.03989479589	0.1111327454	0.09495762453	0.07733248992	0.08057346395	0.01207609673	0.164998405	0.06135106267	0.0705633703	0.04833650183	0.2446831541	0.05967281926	0.03183263239	0.09178325774	-0.04012064768	-0.005874053177	-0.04352408962	-0.03151439692	0.2228922924	0.1621601072	0.1811002222	-0.0387468869	0.07512369772	0.01426858023	0.03282027876	-0.0894413353	-0.347791289	-0.1974625921	0.0869210104	0.03243312968	0.09693199987	0.1623124845	-0.04412754851	0.07144640164	-0.009722924076	-0.3148746554	0.114157244	0.07108654142
0.06830992504	0.1309339301	0.1486348374	0.2035699283	0.204778187	0.06427101347	0.132266714	0.2350831461	0.08824698347	-0.3973572778	-0.3749757975	-0.3828347832	-0.3636680922	-0.3625713225	-0.332656999	-0.3597994198	-0.3936173083	-0.3608531262	-0.3556201095	-0.3658041797	-0.05442853579	-0.05105608246	-0.3535925314	-0.09911313828	-0.07776567549	-0.3515994697	-0.3674759984	-0.3586734964	-0.364089683	-0.09202385156	-0.3645892501	-0.00829775479	0.04142823028	-0.2444932922	-0.03043311621	-0.364541742	0.2770659175	0.2319982668	0.3491759014	0.1590811494	0.09143987059	0.2238647003	-0.4072645417	-0.08802386063	-0.3784715554	0.08359837347	-0.05191649541	0.06978268412	-0.1038222444	0.008584768824	-0.07138463341	-0.03280205948	-0.3587754271	-0.3562967246	-0.3526827364	-0.09938342476	-0.08682554688	0.03148509179	-0.4129236099	-0.3983866868	-0.384563928	0.0120291435	-0.3672972477	-0.008983655611	-0.01778944682	-0.01799814421	0.2058857559	0.1484620886	0.4413806685	0.4164373254	0.1176551743	0.05913518482	0.06416952313	0.1284830872	0.1186884728	0.136043781	-0.007078091006	-0.001302831107	0.1410821917	0.3207985912	-0.07980228725	-0.04351718172	0.08382318928	-0.01143894458	0.07872839458	0.06674932596	0.05174007066	-0.02593018808	0.01527178837	-0.1033557565	0.01495475116	-0.0100660927	-0.03643493694	0.3039130532	-0.04019779041	-0.009219739759	-0.0258172878	0.01062078684	0.1411873946	0.01353653958	0.03351167773	0.1362887898	0.2109300646	0.02240340365	0.1750906306	0.01199531501	-0.00662530812	0.1003984303	0.05403593756	0.03959622652	0.1329233994	0.1800740578	0.1060618632	0.06954616027	0.07783077504	0.07327519855	0.0125450187	0.08260966255	0.1471846135	-0.02961180304	-0.005643641433	0.03826583658	0.0408243004	-0.102351145	0.01501577158	0.065776305	-0.3982367851	0.109061917	-0.006297049929	-0.02361713464	-0.01135165054	-0.02414065244	0.0132249976	0.0429675159	0.09262684359	0.03795382973	-0.0540503196	-0.02509988229	0.02785466769	0.03880606941	0.2640032588	0.1537209315	0.02777913132	0.1409047837	0.2033989743	0.1520919123	0.5021013528	0.02433196477	0.3269999699	0.04071852512	0.05966408588	0.07910954679	0.009518110707	0.1001823085	-0.0594490817	-0.002135140274	-0.07740216536	-0.1223595886	-0.04980095875	-0.06683883617	-0.05440403018	0.06367500982	-0.08751423421	0.0961327567	0.1435945921	0.005175529921	-0.1568178128	-0.0217736408	-0.1166318046	-0.06327075635	-0.0658079268	-0.1633867465	-0.06334277482	0.128098866	0.0007710269496	0.0115337266	-0.03998008634	0.06366102951	0.114574684	0.07137012853	-0.07365324767	0.07595188263	0.08153927046	0.0977261869	0.03097427765	0.07358904024	0.02216733325	0.1403837779	0.1526223746	0.1175939109	0.05244683935	0.1553075674	0.05665783873	0.05698400531	0.07177764718	0.07237561951	0.09657952514	0.1484932753	0.01610948292	0.108856101	0.04365279999	0.0273531412	0.03110902293	0.1308273889	0.08812911812	0.04112333226	0.3514589207	-0.02041237937	0.004248051518	0.006109355957	0.004383912262	0.1596732501	0.3382888601	0.04023464927	-0.0767058249	0.07771099246	-0.005660162495	0.01824743365	-0.008676185254	-0.3609783866	-0.232035281	0.09106081236	0.04559919955	0.1806589482	0.1212514524	-0.075576998	0.09261494928	0.1061527549	-0.37396506	0.1751658117	0.03793211072
0.08371681199	-0.03125785855	0.03980183078	0.06960161364	-0.02403867527	0.003069809753	-0.02161653431	0.02721581144	0.1104503175	-0.3807181938	-0.3634759142	-0.3703667372	-0.3501753195	-0.3455145183	-0.3484550148	-0.3638075821	-0.3760029243	-0.3688411515	-0.3387450099	-0.3688129162	-0.07809008412	-0.09121977113	-0.3381482623	-0.053275484	-0.03117694699	-0.3567551722	-0.3550161995	-0.3443044158	-0.3519333115	-0.04671027588	-0.3481514611	-0.08552600116	-0.07301545118	-0.2259541739	-0.1079130503	-0.3471363657	0.04081729986	0.03731257217	0.02005458559	0.004485495002	-0.07802100038	0.01098422691	-0.3875074446	-0.05750415475	-0.3635658337	-0.01002469431	-0.06463195141	-0.05375002362	-0.05933277784	-0.08852740919	-0.02216558597	-0.04237716525	-0.343858055	-0.3455425584	-0.3377984622	-0.04615658159	-0.04092039751	-0.06628444205	-0.4005136885	-0.3837551387	-0.3744331853	-0.04433558432	-0.3443897895	-0.04200714551	-0.05119597638	-0.02614958001	0.02508264564	-0.03255462503	-0.003976449399	0.02321553167	0.06934510609	0.1587939382	0.1602597129	0.03125969087	0.07058740368	0.08765141075	0.1654731802	0.07347434018	0.09465795381	0.01821532637	0.07149885716	0.1679586973	0.05258091251	0.1499938374	0.2631550557	0.06108766304	0.0197638647	0.2541158396	0.1316287645	0.1109236393	0.04183804521	0.2091730404	0.08479142889	0.05167497823	0.2508188444	0.1676141729	0.2372724369	0.06903694788	0.06678648391	0.03527032044	0.1189037619	0.07157378726	0.04600851432	0.1036207195	0.04268469171	0.09028496575	0.1359287545	0.04670923721	-0.02004860886	0.1397967568	0.06943385565	0.01505458808	0.007248436315	0.2516428949	0.1206092453	0.04262391102	0.2471330128	0.1019628111	0.07712716224	0.258758032	0.1775303094	0.1480231052	0.06365996768	0.1144482484	0.06940401265	0.03316062471	-0.3789524557	-0.0017687775	0.1052528339	0.1479874353	0.02136585704	0.1850550636	0.06344724275	0.1522961842	0.02071193091	0.008820357785	-0.006799123308	0.2403778495	0.1782388462	0.1017993515	0.09632725586	0.1872812161	0.1904330576	0.1240153967	0.07911636188	0.07603875041	0.02433196477	0.5651663091	0.0740956794	0.1647631873	0.008170302808	-0.02668235123	0.06674835134	0.05162224849	0.1026005312	0.01183572449	0.08264834978	0.04080332113	0.09784837104	0.055245493	0.0264043966	0.1036143109	-0.06069468649	0.04168190454	0.05403593937	0.08899148944	-0.02229172705	0.004425729717	-0.00949002068	0.01905918038	-0.02000125295	0.01861979075	0.05478681796	0.09020588577	0.03893558161	0.06563220277	-0.009010971152	0.03307806604	0.03813982421	0.2224679922	0.1766724232	0.2543856444	-0.008329586816	0.04272292263	0.1643069278	0.1405266292	0.1955215005	0.1064209496	0.03823390476	0.1082570558	0.02871742573	0.0679027689	-0.02410695086	0.005124281483	0.0200799402	0.02995937632	-0.003654543365	0.04874835784	0.02013767585	0.06654113938	0.05558676138	0.01492615865	0.1598063675	0.07246890461	-0.02432384327	0.07117102139	-0.04702005848	-0.02601839845	-0.03213299049	-0.05360455995	-0.07505338828	0.03956315103	0.03816999669	0.08241062535	0.0466240925	0.07599329025	0.1031750633	0.0798899221	-0.1213888012	-0.3554342121	-0.2325425638	0.00780831145	0.0198934979	0.02777716766	0.07131000159	-0.05348628718	0.07596785141	0.009724048474	-0.3534454204	0.02044094522	0.03638416533
0.02178732975	0.0415216016	0.06529213135	0.07759286092	0.1716166138	0.02815210605	0.1533755939	0.1793521072	0.01502411329	-0.37290746	-0.3475620067	-0.3569268935	-0.3403821696	-0.3174625176	-0.2843192392	-0.3362819971	-0.3635342526	-0.3290543971	-0.3219132247	-0.3419065363	-0.01713202218	0.004072257422	-0.3064400819	-0.07353457392	-0.04738856097	-0.3128287176	-0.3283437269	-0.3086924543	-0.3160166388	-0.07090071257	-0.3160811434	0.001640189987	0.1330053584	-0.2035492431	0.008977684874	-0.3313145165	0.164769826	0.1564835812	0.1779868469	0.1579755131	0.08383700986	0.1458592532	-0.363683394	-0.05780608873	-0.3390332444	0.03493531242	-0.0214249711	0.08907588611	-0.08396137113	0.06746339139	-0.04936340269	-0.007243963565	-0.3247378015	-0.3059398898	-0.3107853572	-0.07850301757	-0.07021696962	0.111957191	-0.3621600864	-0.3545278997	-0.3419412763	0.009743978496	-0.3206565754	0.08734476708	0.04628251141	0.002674005859	0.1240191815	0.1181490594	0.4507679632	0.293844358	0.03432787767	0.04469188598	0.04956727712	0.03510330393	0.02712672057	0.06364402624	-0.02694627373	-0.01343483941	0.06775131118	0.150377013	-0.01969120373	-0.03523334952	0.08982956108	0.03917692071	0.08582882341	0.03420676589	-0.00715583807	0.06821456488	0.1317018891	-0.06920258167	-0.009488413988	0.03582997928	0.06253489217	0.1387760204	0.01403265797	0.07437399476	0.02538552972	0.079056176	0.06169717458	-0.01357665617	0.1237385631	0.04767756949	0.1978183926	-0.02213470448	0.1634114551	0.103237695	0.04271683354	0.07561861096	0.006324519881	0.01505379585	0.05785958394	0.111847784	0.07949131346	0.04552839437	0.0579654251	0.05531129669	0.04055589975	0.06270650255	0.08904247741	0.01855590461	0.1112396438	0.06130869828	0.009690637674	-0.0738918412	-0.01475022942	0.05849515648	-0.3558702129	0.03191125722	0.04563063145	0.04525810704	0.02080423878	0.03058117704	0.09791752349	0.09021819026	0.06775423549	-0.02025349204	-0.06345230642	0.0230169886	0.1150490193	0.02170418586	0.5179202169	0.1704796799	0.05713724084	0.05793148257	0.1603640138	0.09494556071	0.3269999699	0.0740956794	0.6573600738	0.06874180314	0.02349852033	0.08457611446	-0.001951574535	0.09397124235	-0.05895731446	0.02740384865	-0.08031061269	-0.1128877635	-0.06688159847	-0.05381268252	-0.04892690234	0.0657692103	-0.04406666701	0.04676615173	0.04571090994	0.02905616732	-0.06830007918	-0.02725787955	-0.09347770071	-0.05654046747	-0.06551615173	-0.1259163805	-0.05636054023	0.05195139747	0.02554059085	-0.02706831296	-0.04461790012	0.006424698117	0.04324693465	0.09820999541	0.03179054363	0.07382028431	0.01917496398	0.02405590488	-0.003658809494	0.01686896216	0.0372390641	0.07643099632	0.08531947056	0.04351851718	0.07105730329	0.06521107755	0.01916013871	0.03850570178	0.05533954377	0.03648726756	0.04492524803	0.05683337412	0.02013759248	0.005359240714	-0.01785122869	-0.02457075698	0.01185975755	0.04402954511	0.1241626066	-0.002921100439	0.2534417825	0.05134032824	0.07198971547	0.06594232122	0.1124920126	0.08398001854	0.2899315223	0.01915795401	-0.009764356007	0.009359343255	0.1087293677	0.04346616331	0.09117712359	-0.3222108044	-0.1999468888	0.02100778945	0.01636885858	0.1142532398	0.03223091669	-0.02172265364	0.05559389693	0.221699617	-0.3428780861	0.0600454004	0.04546391426
0.08442889519	0.0178479259	0.03699905183	0.04747782746	-0.004604171306	-0.01720289673	-0.02024069072	0.01506767711	0.07099841798	-0.3568061525	-0.3380240407	-0.3445625897	-0.326286413	-0.3329063985	-0.3269090128	-0.3236408749	-0.3517455157	-0.3485685767	-0.3250056983	-0.3343499506	-0.07122894638	-0.08757840516	-0.3176449678	-0.07888126068	-0.04963948882	-0.3425870047	-0.3343925834	-0.3345136433	-0.330889325	-0.05567665394	-0.3309367367	-0.08798316954	-0.07658846402	-0.2232290998	-0.101611535	-0.3328045358	0.01704716763	0.03483822543	0.03992556103	0.001477848371	-0.008051498914	0.01546680503	-0.3632226316	-0.04245722984	-0.3457318844	-0.03026500473	-0.05206878787	-0.04770830101	-0.06802207581	-0.06882339265	-0.03385641067	-0.07776921272	-0.3338178103	-0.3264582067	-0.3215924032	-0.06519860623	-0.06561246303	-0.06780190427	-0.3755786822	-0.3611477472	-0.3498485457	-0.03484450535	-0.331382223	-0.04350828901	-0.04983839578	-0.06112933955	-0.01813681534	-0.03906086319	0.02146761968	0.01159588245	0.07742231415	0.01655935109	0.01737964232	0.09267617716	0.03476067092	0.1192325784	-0.005959340358	-0.01363910533	0.05474151685	0.03432010052	0.1810405178	0.2101151682	0.2064634014	0.03021052605	0.2323709647	0.2034311481	0.03706638709	0.2258983841	0.1390185783	0.02714390122	0.1354183914	0.1663865021	0.09996017956	0.0514479578	0.2455868417	0.1852896288	0.2756795612	0.244634561	0.02181003687	-0.02134360486	0.2236356821	0.05126718556	0.0361035557	0.0003856333293	0.01957470665	0.2395246235	0.1251469281	-0.01279591395	-0.02547402512	0.08629620241	0.2393981109	0.02966189152	-0.009071804048	0.203706581	0.2068214706	0.07735042777	0.3208737762	0.1673493634	0.03980052105	0.2915908562	0.1344203511	0.02698148585	-0.001277157421	-0.01531867076	0.007302542551	-0.04591616901	-0.3549640082	0.1424325769	0.1299311139	0.05713557576	0.2450234369	0.2144141003	0.2328809595	0.3011548105	0.01014728016	0.06765665079	0.01568101576	0.2814223276	0.1785466957	0.01155885327	0.02766915178	0.05698276235	0.527312385	0.02979381463	0.04740918698	0.03595792224	0.04071852512	0.1647631873	0.06874180314	0.5958422641	0.01370438553	-0.03818046388	0.01002905449	-0.03319568957	-0.02238708884	-0.03300382436	-0.05061824805	-0.05721173429	-0.04113422101	-0.03567613697	-0.04346752852	0.02516650571	-0.04304873615	0.2058687774	0.02319817882	0.1294669683	-0.07783831811	-0.00145826404	-0.04268669905	0.008201625709	0.01098673213	-0.05979096307	0.138775768	0.07509326362	-0.0101569791	0.06675849744	0.01457744338	0.09176893174	0.02546875085	0.2291265457	0.1898166193	0.08416610824	0.008591874407	0.00788976914	0.02271918492	0.08083399891	0.160780883	0.08054517634	0.04115207808	0.1142968198	0.1293824268	0.0244469882	0.0009252144045	0.03598124624	-0.002881752351	0.0363600988	-0.005704895955	0.07763645854	0.00188667983	0.02852896236	-0.004842271609	-0.03097873905	0.0642675881	0.04961179101	-0.01181882738	0.01222535526	-0.03153748902	-0.03429643018	-0.02096475846	-0.05641227013	-0.0673696969	0.05703072473	0.01561745927	0.0958086114	0.1767850054	0.0536739093	0.2634812554	0.3413206706	-0.09618244435	-0.3268937903	-0.2268705711	-0.01828855714	0.003075736755	0.02410343002	0.09872131206	-0.03209249174	0.02121269944	-0.02698213209	-0.3309916732	0.08437350421	-0.03581774073
0.06512485486	0.06119097089	0.06346025716	0.0379079845	0.02998429333	0.04460605452	0.07009923854	0.08135573589	0.07760623582	-0.4102487947	-0.3864375004	-0.3920005613	-0.3806915629	-0.3544439722	-0.3282318865	-0.3901198289	-0.3915707491	-0.3971564082	-0.2227323996	-0.3880590373	0.07843177156	0.03628312838	-0.2946901763	0.006147207949	0.04020131066	-0.3508345216	-0.3666042222	-0.3542147184	-0.3449909141	0.05511917394	-0.3714995813	-0.02328008051	-0.06560430953	-0.146928247	-0.0545558981	-0.3587507583	0.08560825389	0.04987758856	0.05516817141	0.01350143039	0.02265791493	0.1044088296	-0.3895591861	0.01720916989	-0.3463986461	0.05800210555	-0.02907892682	-0.03741130886	0.01546134283	0.06321900039	0.0415335558	-0.03164351014	-0.3390872707	-0.3625252442	-0.3457405375	0.06585741181	0.05237123543	0.01831059125	-0.3734198614	-0.379072149	-0.3794859685	0.0227168067	-0.3526502252	-0.04023103866	-0.01523016465	-0.006917220706	0.05259291399	-0.05398357084	0.06190519376	0.04932501673	0.06016980562	0.02575899432	0.02704240815	0.07092509085	0.1298969225	0.07310177043	0.0558142203	0.1321535448	0.1330322604	0.07147454724	0.0490136912	0.04996685939	0.01143666426	0.02593754658	0.01625600056	0.0442930661	0.03188628762	0.006355223817	0.04085582276	0.09060124414	-0.02149308313	0.07775442846	0.1065263184	0.07878822477	0.05974129228	0.04036917738	0.02894095279	0.02342773962	0.08201475311	0.02903137096	0.08509094697	0.0657857504	-0.01352275635	0.09269823286	0.05286202218	-0.02071577011	0.05349097515	0.1178227348	0.05579603063	0.06784121971	0.04997706388	0.1637733094	0.122476385	0.0471398672	0.04045015546	0.158109504	0.003289718195	0.03533250727	0.1144482747	0.02775351024	0.02860636549	0.02817156481	0.0624959537	0.1485588143	0.09031484236	0.0587293599	-0.3824374067	0.04425071839	0.04922996124	0.1200861551	0.00177539028	0.03226467518	-0.02186751416	0.04375191077	0.08602445052	0.009129935481	0.06196547938	0.02761783435	0.02816732869	0.1281852187	-0.004274242175	0.09919637492	0.01381279431	0.126458252	0.1128700942	0.1014633943	0.05966408588	0.008170302808	0.02349852033	0.01370438553	0.6290443431	0.0379375147	0.05265918373	0.05051692443	0.05864020083	0.03148871438	0.01941261564	0.002761188482	0.06184800128	0.04284944062	0.01511827984	0.06867411134	0.050644365	0.0595107061	0.07280817883	0.03607187169	0.00309310106	0.09239754975	0.01715631655	0.09941106599	0.07750330858	0.01613728694	0.04713205248	0.05033370065	0.033302991	0.06403512468	0.09754160501	0.06794622856	0.03667001201	0.01011982584	0.02447945985	0.04687125096	0.05280004098	0.07223941575	0.118932917	0.03642098205	0.07456380423	0.04214574048	0.1202187591	0.06183958124	0.05207956402	0.1052248766	0.0207319647	0.02141277665	0.04631283268	0.01879383838	0.08748231579	0.08123727177	0.05430308081	0.150682198	0.2108274557	0.2016797944	0.1281437595	0.2069177672	0.004574776546	0.2352646528	0.003182702732	-0.0324114594	-0.01050031352	-0.01090933315	0.1321993099	0.1185729659	0.07936570487	0.04001056273	0.03545048349	0.0142250718	-0.003336444724	0.04012568734	0.03321185644	-0.2670014569	-0.1622779154	0.0997587248	0.0668422762	0.1258809824	0.06160445253	-0.06877197741	0.07493542442	-0.05999840035	-0.2567465622	0.06899207527	0.08692727558
0.009124587558	-0.06355209382	-0.02775720066	-0.05115259164	0.1643495925	-0.02696840392	0.0291232648	0.1454902718	-0.05212294104	-0.2729858565	-0.2364139147	-0.2486514219	-0.2419070633	-0.2135871267	-0.1657485444	-0.238849286	-0.2568458203	-0.2366222248	-0.2416740967	-0.2345469366	0.09903310348	0.0900698949	-0.2689489237	0.04483416484	0.06592194867	-0.1754845087	-0.2212123113	-0.2114224784	-0.1999144156	0.07242764468	-0.2248247804	0.1910064672	0.06427436363	-0.107172375	0.1226649453	-0.2098047687	0.01246811835	0.02721406177	-0.007079909044	0.06760311489	0.09503008013	0.04211134308	-0.2246480086	0.05658582068	-0.2065884392	0.07288231934	0.1278291239	0.02918669447	-0.01247013791	0.1431832868	0.09867807102	0.1369881532	-0.1869177297	-0.2155679458	-0.205645719	0.06802609368	0.04553950778	0.1092412664	-0.2213948016	-0.2432305104	-0.202499071	0.05546304398	-0.2073116163	0.134913087	0.1731229001	0.1587231112	0.01694432023	-0.01099133921	0.0909480915	0.1000769556	-0.04546393912	-0.0505226357	-0.04974300309	-0.001356348207	-0.02622713107	-0.02474602684	-0.04826294774	0.02770764316	-0.04681426478	-0.01130545149	-0.08849680066	-0.06758747848	-0.08146988505	0.03657044692	-0.04334117685	-0.07776886578	-0.04180900192	-0.0002768252736	-0.03622776176	-0.02773411762	-0.05083778511	0.009319614967	0.1024071642	-0.04991818788	0.0367114139	-0.01261726248	0.001268456096	-0.04094242868	-0.07223963489	0.03314567194	-0.03377694025	-0.02810476396	0.02950316253	0.00190417721	0.1214133154	-0.08356379072	-0.03178193258	-0.01780480447	0.008516210451	0.002403675326	-0.06760387713	0.06285920312	0.02670335778	-0.01919932027	-0.06082589027	-0.001226912517	-0.000800996348	-0.01161015771	-0.05370226427	-0.01183399881	-0.02520521417	-0.01801269052	0.03927919333	0.03097517755	0.02297698385	0.06549382102	-0.2204934419	0.007222453672	-0.02621435948	-0.01062321731	-0.05807469119	0.0006631221151	-0.01670395775	-0.06126762032	0.1163451788	-0.002703430502	0.04261525276	0.001268872268	-0.02068951578	0.0009219310884	0.06982136227	-0.01017815095	-0.03890388255	-0.06721595907	-0.03009183986	-0.04762251973	0.07910954679	-0.02668235123	0.08457611446	-0.03818046388	0.0379375147	0.9375017105	0.2064760825	0.5458634125	0.3604370972	0.1118602998	0.2950132904	0.2957913256	0.3871431688	0.3559238138	0.3859351945	-0.01115970633	0.02010904174	-0.06721546177	-0.03405795518	0.003720508673	0.0855928772	0.08384490711	0.03491845735	0.1092273593	0.1010628055	0.01512917756	0.03087635125	-0.02373290523	0.0448833259	0.02008892994	0.09182500485	-0.0003083531539	-0.01816633335	-0.05190834607	-0.002580127213	0.002736528874	0.05700056107	-0.03214929336	-0.002984139944	0.01391655965	0.05370337268	-0.05088540585	-0.06518372119	-0.04725411838	-0.059106716	-0.04561649729	-0.03105751625	0.04828533646	0.06570462674	-0.001090897258	-0.02782452223	-0.0196517963	-0.006937908557	0.004935293991	0.06188088457	0.02653591543	0.04225442111	-0.007441164287	0.1245457116	-0.04951417586	0.03831544923	0.1627887705	0.1397010897	0.1029446505	0.1002187051	-0.06177622215	0.086325811	-0.03296622837	-0.08337127389	-0.04919430756	-0.05284592111	-0.04379235175	0.04068673932	-0.2450765782	-0.08672743148	-0.001122037761	0.108173042	0.0120728339	-0.02871511087	0.04636325843	-0.005599420334	0.09661639427	-0.2181393461	-0.02774240855	0.08216997744
-0.06065517422	0.07657504523	-0.01256776529	-0.03637487971	-0.02006859414	-0.02168089302	-0.03163633838	-0.04121280789	0.04745118097	-0.2829272084	-0.257409157	-0.2733604598	-0.2522350553	-0.2117183708	-0.2115905191	-0.2642756228	-0.2750519033	-0.2698104288	-0.1933615949	-0.2692907238	-0.02979102946	-0.0543536642	-0.2109274417	-0.00266300508	0.001316353263	-0.2291284819	-0.2202905908	-0.216393685	-0.2208494625	-0.008898460949	-0.2188859869	0.00343900691	-0.07482643613	-0.1054751804	-0.07679645119	-0.2225133896	7.074865312e-05	-0.009687048164	-0.01280796374	-0.003403898458	-0.006711990131	-0.002357246205	-0.2523525316	-0.018914263	-0.2354050108	0.004745112573	0.0200238007	0.006871428611	0.008472858691	-0.0452116491	0.02196684167	-0.04589558612	-0.2226075351	-0.2222718727	-0.2171685549	-0.006291149626	-0.009400501954	-0.03027528228	-0.2618888689	-0.2719514939	-0.2323711757	-0.03367358599	-0.2041152026	-0.02375294666	-0.03670025648	-0.01776887252	0.04742626678	-0.02766088247	-0.003215907413	0.00858031309	0.01631275549	-0.01083639705	-0.008823177436	0.08192460257	0.0211754965	-0.05375591013	0.07370167226	0.08394675866	0.06309952241	-0.009797690482	-0.01887134493	0.03648199552	-0.04854407133	0.09098925239	0.06450265204	-0.07825656352	-0.04423788586	0.05634098414	-0.0413751905	-0.01229335421	-0.06037625185	-0.04682984212	-0.006364265406	-0.0150342137	0.04083298245	-0.02405147005	-0.01557852062	-0.05301382644	-0.00357545893	0.03896869154	0.02055580998	0.08541259532	-0.04417398341	0.06411314729	-0.00352907697	-0.05910396844	-0.06148736429	0.0750509102	0.00586531945	0.0191549887	-0.01291003929	0.02084625554	-0.004083314171	0.01999698106	-0.003854117752	0.03835009336	0.07643045964	0.005808143742	0.02280763907	0.03379130453	-0.05201072319	0.06647161977	0.1901205803	0.1979726155	0.2308050073	0.05735462364	-0.2460073778	0.009600548084	-0.07152316981	-0.0622411981	-0.05247799759	-0.02158255375	-0.04844829744	-0.02814009412	0.03312693145	-0.043368246	0.1083364392	-0.01050387947	-0.01491384812	0.06050506357	0.02634347537	0.03782209327	0.03143250675	0.0775518918	0.01889911332	0.02353241708	0.009518110707	0.06674835134	-0.001951574535	0.01002905449	0.05265918373	0.2064760825	0.8215395241	0.3237900133	0.5740247843	0.02937179552	0.4889442775	0.4839088116	0.4834412245	0.4206771914	0.3904482202	0.0410339297	0.09415991286	-0.05511284374	-0.006393090564	-0.04237791558	0.2379064274	0.1783771635	0.1737284972	0.2398725045	0.170873374	0.1341849016	0.0907826356	0.109513889	0.03608668086	0.01334282401	0.1881475855	0.05899133163	0.05076898473	0.01398779782	-0.03440744831	0.02613313774	0.0003170763891	-0.03523597089	0.116269073	0.01481439462	0.02070682185	0.03577033813	-0.03308831095	-0.05105535635	0.04950171619	0.001663250939	0.005967881894	0.06109240808	0.04763692783	-0.02353394573	0.03117139327	0.09314771038	0.06454791994	0.03830074235	0.1008675465	0.05381203437	0.06724001186	0.1126446651	0.009398153618	-0.01048879188	-0.02848849683	0.003291149105	0.01121615668	-0.01814909201	-0.01799484746	-0.03207221419	0.04209145548	-0.03486048318	-0.04583552477	-0.05598775143	-0.01259465415	-0.01733595575	-0.07925266862	-0.2513184947	-0.1098889592	0.1121099364	0.05723799778	-0.01380559296	-0.03749096565	-0.01238487361	0.02179641672	0.01113660082	-0.2401097816	0.02306907594	0.02451037225
-0.01910481904	-0.03039901553	-0.009091631941	-0.03907137021	0.07211356485	-0.01036428872	0.0259547137	0.1096868097	0.01096692909	-0.3169269094	-0.285876496	-0.2948396702	-0.2898987206	-0.2632001605	-0.1943971622	-0.2969562112	-0.3054331626	-0.2836111464	-0.2246990503	-0.2961465954	0.07773754564	0.0756564951	-0.2565281983	0.0183453012	0.03850635508	-0.2222828045	-0.2656756071	-0.2625915969	-0.2354681379	0.04231546893	-0.2646026128	0.1843743897	0.02496093094	-0.1214760431	0.0321931701	-0.259018254	0.006849223935	0.002755543483	0.006265949785	0.03777649485	0.05623085522	0.02285958067	-0.2931462609	0.02578259892	-0.2528179641	0.02183815322	0.03289235954	0.006975651967	0.0319568482	0.1063378679	0.03379773545	0.07192055659	-0.2392111577	-0.2579851901	-0.2505979825	0.0455665881	0.02549257059	0.07666106066	-0.2812063725	-0.2931889578	-0.2704284413	0.05983504553	-0.2543474792	0.07492266883	0.0855699888	0.05456620508	0.09990090894	-0.01607504021	0.09614165268	0.08911018984	-0.0353162322	-0.005130678635	-0.004071159359	-0.01927154212	0.02726147458	-0.03517178603	0.07118357007	0.1087124417	-0.03557737939	0.009443988118	0.0001382317309	-0.002684974819	-0.07614176553	0.06043025821	-0.005099948386	-0.06915907447	-0.004986889986	0.04551889537	-0.02981326785	0.05129764035	-0.03894219285	0.0234258386	0.08497554179	-0.03487260086	0.07013283462	-0.003357039763	0.004267435066	-0.03144883429	-0.07931573215	0.02805217914	-0.02312649381	-0.04066869256	0.05778466972	0.08788410842	0.09006244013	-0.06238182496	-0.05585091807	0.01697073036	-0.01351483409	0.0108534133	-0.06175810723	0.03270411211	-0.01019310603	-0.02421764138	-0.05320542112	0.03865426254	-0.01250441285	-0.03029014224	-0.05225624055	0.0453463586	-0.0191496924	0.035437357	0.1290555052	0.08749095367	0.109970885	0.02789114254	-0.2869820512	-0.01515203409	-0.05158177644	0.0281013789	-0.04643314868	-0.003742291523	-0.05390425112	-0.04030030469	0.01354705493	-0.05189149261	0.06561261411	0.004358514907	-0.01021262442	0.1018182354	0.0741899507	-0.01928292108	-0.03168819786	-0.002833758671	-0.02548214961	-0.0468952133	0.1001823085	0.05162224849	0.09397124235	-0.03319568957	0.05051692443	0.5458634125	0.3237900133	0.8566510691	0.3975110925	0.2027991068	0.3518841773	0.3518661038	0.4246615086	0.3660098863	0.343191039	0.05931312881	0.05089187496	-0.06374431157	-0.04679524897	-0.04363008112	0.1725274972	0.1481777759	0.1074394203	0.1674449448	0.1377054897	0.1265594394	0.06980561639	-0.008989822052	0.1106297248	0.02147403415	0.1571558219	-0.007456315307	-0.02625516316	-0.02677298783	0.04077501508	0.005877014036	-0.04433200433	-0.05335926542	0.1106763426	-0.01199784048	0.02072001005	-0.0327359187	-0.06377708349	-0.02994696626	-0.06707643423	-0.03470439465	-0.02631292943	0.0148828272	0.02567421459	-0.04253590822	0.02027160429	-0.02237648771	0.03531822682	0.06563037961	0.1356710389	0.1109492933	0.05704620885	0.04937838017	0.04159247798	-0.02041505401	0.05277913687	0.07448578376	0.05839904379	0.07134594748	0.08547344246	-0.06000250512	0.08989428549	-0.05177546469	-0.02179010151	-0.06726227028	-0.04870840591	-0.02553796696	0.01074058972	-0.2706594572	-0.1114670249	0.03145805186	0.05459310107	0.002213676156	-0.03047721804	0.03040563544	0.02759627608	0.1290234823	-0.2500471273	-0.03118024247	0.0179346666
-0.03373960077	-0.0257334269	-0.06741167401	-0.04983441394	-0.02105396728	-0.02636971559	-0.03875912362	-0.04576623118	0.0508448471	-0.2264562784	-0.193575744	-0.2051417774	-0.1930691143	-0.1729049727	-0.159619517	-0.2062628383	-0.2126417489	-0.2119387898	-0.1704997915	-0.2047897929	-0.05443519827	-0.06833117261	-0.2264432055	0.02225559749	0.03555108839	-0.163343401	-0.1909102788	-0.156553479	-0.1590233434	0.0433629047	-0.1806272248	0.07238478737	-0.09405967205	-0.07408971087	-0.02283190409	-0.171885522	-0.07681934614	-0.06368270675	-0.0692223796	-0.01373559111	-0.003185938171	-0.05653957465	-0.197863219	-0.01548145959	-0.1668107362	-0.07449035789	0.04599189172	-0.06071601882	0.02546760195	-0.04450232122	0.0457557553	-0.03729932196	-0.1554707579	-0.1813833041	-0.1556807456	0.04598270204	0.02242933715	-0.07547322492	-0.192463078	-0.2017499836	-0.1865314002	-0.07933874489	-0.1671803392	-0.004641893221	0.03036212438	0.01376239282	0.006225759485	-0.07015397081	-0.06438323032	-0.06007573678	-0.004992824621	-0.001966305878	-3.290760847e-06	-0.006108504546	0.007528516559	-0.05723272072	0.08617471545	0.1331351798	-0.01547920116	-0.06381343659	-0.05449882995	-0.003611683464	-0.09938222693	0.1364395961	0.0454388315	-0.1073504087	-0.08413357835	0.04687043833	-0.0672559287	0.05714062475	-0.1071329883	0.01173262072	0.1113461046	-0.04489661546	0.07739521071	-0.007620650374	0.003281673316	-0.07488243097	-0.08806910307	0.06150625378	-0.04353907456	-0.01180789955	-0.1009375418	0.08172604564	0.0395196312	-0.04566399076	-0.04264357947	0.04858450423	-0.02555830754	-0.01378324134	-0.06116661741	-0.04871184023	0.004117752998	0.0454313355	-0.03627245905	0.04178258358	0.08652630541	-0.02040013764	-0.06469600009	0.02888111848	-0.03077982318	0.05375435036	0.1950889631	0.1390184074	0.1880910954	0.005893084076	-0.1934870131	-0.04185691003	-0.05267256095	0.004214502517	-0.08979754608	-0.004790689308	-0.02957011602	-0.08516102196	0.05736702866	-0.0777295521	0.0856878685	0.00602727846	-0.0161267371	0.1073536517	-0.01612487004	-0.02354197425	0.00138673166	0.01177090872	-0.06412297068	-0.061891613	-0.0594490817	0.1026005312	-0.05895731446	-0.02238708884	0.05864020083	0.3604370972	0.5740247843	0.3975110925	0.8965332826	0.03446489552	0.695512444	0.7597004321	0.7594960028	0.6023948636	0.4828679984	0.03710915452	0.04865369408	-0.09574065487	-0.04517250523	-0.04150425798	0.2806183625	0.1566395569	0.223343414	0.277394821	0.1608980396	0.2764552688	0.1320003339	0.02183283092	0.001464061151	0.01710173605	0.167398011	0.02659929962	-0.03342188039	-0.004351676972	0.02841390195	0.04345755485	0.01614705011	-0.04513764858	0.1268475921	0.05005428298	0.1109067504	-0.03186128103	-0.06823774156	-0.05455701194	-0.03526936711	-0.0365430223	-0.05414883463	0.002656651271	-0.006571217175	-0.05467566141	-0.02828581712	-0.01340121728	0.01411678519	0.03959152982	0.1233974435	0.08609331402	0.08088962466	0.02108507889	-0.03977770043	0.0157262962	-0.09133229121	0.05211069945	0.0071106708	-0.05256700454	-0.05209623434	-0.06724423471	-0.02249073978	-0.08880231321	-0.07433714335	-0.05526741607	-0.05665774497	-0.04705386653	-0.118576391	-0.217892379	-0.08223669564	0.06634119592	0.0714523763	-0.07571738422	-0.04025593601	0.004526000902	-0.01747939609	-0.0525131491	-0.2041210563	-0.05132769896	0.008456171795
-0.03119014608	-0.0004853475363	-0.007387145937	-0.006080271014	-0.003417310643	0.00179872581	0.1473081864	0.07515554584	0.003398071072	-0.2073893923	-0.2412930133	-0.2167153103	-0.2157695808	-0.1277875065	-0.1244065674	-0.2177316964	-0.2416264068	-0.1813167883	-0.1310652575	-0.2651354338	0.1806166944	0.1459380139	-0.1519011288	0.06386507606	0.09185040568	-0.1595543654	-0.1574869289	-0.1223287021	-0.149357869	0.1064038978	-0.181734727	0.09734863825	0.1112475713	-0.05351223548	0.1418999385	-0.1439398077	0.02986911842	0.03507734376	0.01291920051	0.0962967483	0.1597767724	0.03965317086	-0.2205393929	0.09089202794	-0.147727031	0.08029333596	0.1167842974	0.1724426952	0.06214390274	0.1362314931	0.1081985711	0.1158821275	-0.142265746	-0.1308337927	-0.1592938095	0.1076831488	0.08906250826	0.1511947402	-0.1960873609	-0.1966186214	-0.2089076908	0.04908490816	-0.1303821156	0.03932920958	0.1014180962	0.1197603801	0.1032660258	0.06140087113	0.0250316202	0.0007167108822	0.004992171132	0.04655298944	0.04644750982	-0.02634659486	-0.003234807653	0.002107178847	0.02510868338	0.03645797626	0.005297355846	0.01330410613	-0.001785018716	-0.004609516189	-0.04524966255	0.02052390751	-0.02859403898	-0.0582521351	-0.03032361587	-0.007639917492	-0.05444142713	0.01483353524	-0.03546897197	-0.03726966246	0.005069008914	-0.0128628607	0.004084496217	-0.05014672077	-0.04956443214	-0.06486744685	-0.02565589436	0.03513133051	-0.06330060099	-0.006049515708	0.0476624239	0.06701065858	0.01171202904	-0.05010438582	-0.05340740297	0.03086648188	0.0009976958332	-0.02067353554	-0.02087525161	0.02839569687	0.02950985954	-0.02800407432	-0.02401233677	0.007271982859	-0.03272303718	-0.009624706983	-0.009383067576	-0.02060941244	-0.0656514325	0.01462804486	0.03855401125	0.06715801075	0.03260154268	0.003745123351	-0.2179977034	0.01492138923	-0.04899896937	-0.02689571349	-0.07044424871	-0.05239727303	-0.05496671775	-0.04131513794	-0.02274719055	-0.06080582309	0.05683637207	-0.04852231712	-0.04530063646	0.07353567556	0.02648095573	-0.01008560993	-0.03052309067	0.01088717753	-0.022010807	-0.02015429562	-0.002135140274	0.01183572449	0.02740384865	-0.03300382436	0.03148871438	0.1118602998	0.02937179552	0.2027991068	0.03446489552	0.7765485083	0.08541077796	0.0735927129	0.03509618688	0.1170921676	0.04376166374	0.0471227306	0.06829104458	-0.03343975593	-0.03200568248	-0.02683990387	0.02466834512	0.03591380466	0.02833337939	0.01656805901	0.01288349948	0.01754585406	0.03863982653	-0.01052613054	0.3408112208	-0.001432641546	0.02346027446	-0.04393189044	-0.02350201458	-0.01676428003	-0.01411355177	-0.006015802845	-0.02907800293	-0.0274083709	0.02688216982	-0.03540173017	-0.008485239579	-0.02520177652	-0.01582469578	-0.03103479726	-0.04060515078	-0.009535013718	0.008810757821	-0.02238107674	-0.01173919231	-0.009233238318	0.03651747139	-0.009174058618	0.03516636424	0.04149369072	0.09231682061	0.07671170968	0.001498630806	0.0122516637	0.1495422425	-0.02962704351	0.05145009303	0.08477255288	0.07144769872	0.1698502015	0.08672745953	-0.01390043877	0.003084418219	-0.04017914064	-0.02713304787	-0.03073164314	-0.07988659741	-0.02550816851	0.1085069649	-0.160474329	-0.0586072454	0.02360492136	0.02095756716	0.01694882553	-0.0161546275	0.1520683326	0.01970092724	0.1765415303	-0.1847150002	-0.02111572853	-0.003731134984
-0.0474966506	-0.002979941311	-0.08542865756	-0.0688179745	-0.03790727245	-0.02373689718	-0.06049669262	-0.07302399677	0.009619175241	-0.217302893	-0.1842811938	-0.1954620928	-0.207804854	-0.1343220775	-0.124452196	-0.2326851633	-0.2038887307	-0.1935134421	-0.1153592383	-0.2356062466	-0.009237648833	-0.02726843038	-0.193823537	0.08380048706	0.09612499085	-0.1493169156	-0.1733761812	-0.113375441	-0.1352363896	0.1077692054	-0.1524485894	0.09614126144	-0.03752248881	-0.09467887948	0.02405797072	-0.1573108598	-0.08179401629	-0.09097333425	-0.08780162221	-0.02667601164	0.004651492009	-0.08345364719	-0.1851180313	0.004642837764	-0.1627015859	-0.06208076321	0.05748346714	-0.03885830292	0.02867199689	-0.022661886	0.08832504337	0.006892403682	-0.1380720948	-0.1530021142	-0.1648514701	0.1116314023	0.08921130339	-0.02670107812	-0.1789958079	-0.1889729487	-0.2025190866	-0.0406218538	-0.1304930813	0.006065946232	0.02908432468	0.06001122369	0.04249343364	0.0153471869	-0.08229390871	-0.08233818129	0.02752457865	0.05015708173	0.05023824406	-0.02897273591	-0.009619898681	-0.07352112589	0.1516984497	0.1477336416	-0.04657841014	-0.08484585763	-0.0005049369499	0.02354585322	-0.1222951093	0.1028967011	0.03342518379	-0.12364071	-0.09673342655	0.02508105721	-0.1005713386	0.1265847263	-0.1293324138	-0.01414451357	0.07563799248	-0.05570324432	0.09464023267	-0.03725419788	-0.02760751609	-0.1122409238	-0.1033604692	0.06920581669	-0.09747097416	-0.04412283957	-0.07752965709	0.1015408933	0.01521692352	0.0003680983587	-0.04164496544	0.03563579316	-0.007224190337	-0.06346345544	-0.08575049873	-0.09371183943	-0.02985882102	0.01251845128	-0.05642985045	0.02683681353	0.07398288642	-0.02364075958	-0.07748631615	-0.002802376899	-0.06249991896	0.1097653423	0.2165699117	0.2351028725	0.1987348168	0.0463241059	-0.182803581	-0.0357479171	-0.05601868033	-0.002146408177	-0.1197876412	-0.03499325315	-0.03970074739	-0.08744533625	0.0840568477	-0.1138121918	0.02992843358	-0.02475838459	-0.02118366192	0.09075764529	-0.03278200621	-0.03274402442	-0.01202960279	-0.003907533428	-0.07976161463	-0.07717210616	-0.07740216536	0.08264834978	-0.08031061269	-0.05061824805	0.01941261564	0.2950132904	0.4889442775	0.3518841773	0.695512444	0.08541077796	0.9569730233	0.7911471744	0.6615768841	0.5113883385	0.4463727716	0.02544654812	0.06074707061	-0.114441192	-0.08034584505	-0.08368106528	0.2217975018	0.109435234	0.2639339606	0.1547759224	0.1013979722	0.2539885369	0.1258470285	-0.008585181842	0.05250715367	0.04108444403	0.1157839291	-0.02396287869	-0.0794109518	-0.001903660777	0.04097948229	0.02201556271	-0.009849988222	-0.06384774915	0.09418517589	0.071593035	0.1082625346	-0.03656162955	-0.08452283367	-0.07276073734	-0.07777780369	-0.05576810556	-0.02517033655	0.04648368854	0.01973725637	-0.0221168188	0.05177997981	-0.04358802669	0.0963158772	0.06804173833	0.168218329	0.1310052622	0.0430551572	-0.01750411598	-0.04052893431	-0.006748577851	-0.02371782611	0.08772350724	-0.03478623197	-0.006430010889	-0.02042817619	-0.08358883224	-0.004062271394	-0.1070038519	-0.005147346437	-0.07542878412	-0.08230997813	-0.04245624174	-0.07014037581	-0.1999779264	-0.1034695876	0.04158868257	0.07996329768	-0.1010223478	-0.04174897281	0.03216154323	-0.01648180503	-0.05724787708	-0.20102435	-0.09608723227	0.002593782313
-0.1028942861	-0.06274445253	-0.1265612234	-0.1124199516	-0.06046589681	-0.05361990988	-0.0960691768	-0.1190909574	-0.02464434388	-0.09712961197	-0.06576349086	-0.0748565292	-0.09428187764	-0.05231198441	-0.03865983078	-0.1186069571	-0.07796574493	-0.07248293828	-0.03124726231	-0.1161336516	-0.02315555537	-0.05667858052	-0.1051891485	0.1002237394	0.1061116002	-0.06470836546	-0.08416224541	-0.02780527882	-0.04722178944	0.1123569991	-0.06729871029	0.1107111646	-0.05480141626	0.0139218444	0.01950622835	-0.06640816127	-0.1215135791	-0.1378682807	-0.1312690667	-0.05437242289	0.00623186617	-0.130943247	-0.0630521736	0.04171015977	-0.063039353	-0.07186948142	0.04841489254	-0.03202860538	0.09380456946	-0.02017702608	0.1067887127	0.003215016073	-0.04913361762	-0.06828060259	-0.07719197326	0.11548025	0.09015974805	-0.0390604978	-0.05878343338	-0.06888212019	-0.07718810029	-0.04126983539	-0.04329268079	0.001607182763	0.02823339704	0.06203425953	-0.02197186905	-0.0267506931	-0.1270673728	-0.1333708274	-0.0586083862	0.002658612375	0.00459167756	-0.08449309906	-0.03691597576	-0.1217419723	0.156686997	0.1144709789	-0.09628274176	-0.1279627295	-0.0324788498	0.006777187278	-0.1546236984	0.05614206613	-0.009327656071	-0.1598131956	-0.08290631911	0.01671884163	-0.1118690119	0.115178896	-0.1205640858	-0.0226861217	0.05839124446	-0.1037792195	0.08377905475	-0.04930858894	-0.03832909622	-0.1196413247	-0.1451992475	0.02722735308	-0.1121008651	-0.084308546	-0.07945797847	0.09808015263	0.04077697384	-0.005874846326	-0.07957190652	-0.0149508252	0.0006530905214	-0.06747051693	-0.1104031453	-0.1183768255	-0.06761172279	-0.02977544312	-0.1065700436	-0.02421886321	0.04804326222	-0.04653030743	-0.131518871	-0.01216283396	-0.07505256112	0.06196630839	0.1718216036	0.24088321	0.22751496	-0.01898788053	-0.06303209989	-0.05196845654	-0.09776501089	-0.03036185832	-0.1285897399	-0.0465072508	-0.07307476959	-0.1117647918	0.02722757495	-0.1220273175	0.07274237244	-0.03553572837	-0.04939071806	0.06055980527	-0.05964492539	-0.08193933978	-0.03630245429	-0.05178767738	-0.1294369875	-0.1272995136	-0.1223595886	0.04080332113	-0.1128877635	-0.05721173429	0.002761188482	0.2957913256	0.4839088116	0.3518661038	0.7597004321	0.0735927129	0.7911471744	1.091057815	0.6856819872	0.6400234469	0.5728315462	-0.01477647241	0.06876665981	-0.1635303754	-0.1242603859	-0.09051249913	0.4340515105	0.1528246019	0.2529290748	0.3031385917	0.1666967319	0.4314493236	0.1639476385	-0.04177759388	0.03375398882	0.005791158578	0.1637513627	0.009723194964	-0.1136347706	-0.04165859745	0.03534279504	-0.01410124424	-0.05323541098	-0.1040730303	0.05844230412	0.07779829846	0.1300427884	-0.1007033553	-0.1309577945	-0.114183798	-0.09694764333	-0.1027170067	-0.06878499906	-0.01410690669	-0.03191804892	-0.072895438	0.01120143031	-0.06411692954	0.0637959898	0.04517308643	0.1349776141	0.1018718037	0.0352940838	-0.03724123286	-0.05380740958	-0.0406848181	-0.06452977502	0.07853677083	-0.04374449851	-0.01319265527	-0.0297031025	-0.1296612991	-0.0669954614	-0.1368414784	-0.006812703702	-0.1142126149	-0.1050806647	-0.05760149879	-0.0863760606	-0.0710480154	0.003620827828	0.003090685054	0.04350349153	-0.146868346	-0.1159548169	0.05033516704	-0.06923522958	-0.06181898769	-0.08081841856	-0.1312419826	-0.07593810526
-0.00315029184	-0.01829686001	-0.05683709408	-0.03733204433	-0.01038515702	-0.01398770811	-0.02644967644	-0.03092486974	0.06261635408	-0.266470136	-0.2354669318	-0.2440464281	-0.233773332	-0.2266214549	-0.208792175	-0.2461722873	-0.2524886943	-0.2517704998	-0.2182469436	-0.2448260316	-0.05128558873	-0.05687827441	-0.2749746603	0.01009441102	0.02425591423	-0.2140690989	-0.2405747039	-0.2117950327	-0.2117106225	0.03074116063	-0.2350717935	0.07605724694	-0.08581338643	-0.1227430409	-0.01680040236	-0.2238103015	-0.06620314003	-0.05863447097	-0.05720448932	-0.01814724167	0.008908829407	-0.04786288639	-0.2380926177	-0.02330555488	-0.2185884785	-0.05516609662	0.04981252395	-0.04565026476	0.01740848074	-0.04103913474	0.01738727675	-0.03827139947	-0.2033821394	-0.2342834868	-0.2058997721	0.03321854788	0.01118848502	-0.05487903078	-0.2328042376	-0.2417258928	-0.2266263878	-0.07750051238	-0.2195925018	0.005216987411	0.03287328939	0.01478279881	0.04660634278	-0.03877393085	-0.05484233504	-0.03864550015	0.01139026381	0.008282316228	0.009431056044	0.01505490467	0.01842052243	-0.04620096036	0.1418461296	0.1416978813	-0.0279425425	-0.05377885566	-0.02083432516	0.02203897869	-0.1034911505	0.1319211843	0.05115417947	-0.08370036871	-0.04435604489	0.04718618824	-0.05657263001	0.07472421883	-0.07852032084	0.02453109135	0.118209561	-0.03290643896	0.07677783665	0.003605123369	0.01158984225	-0.064938975	-0.07802841002	0.08378897008	-0.0543856252	-0.0006298174773	-0.07282298169	0.1100845579	0.06169700946	-0.0297931301	-0.04921256719	0.06189007726	0.001258748158	0.001566882871	-0.05135930165	-0.03244177146	0.008806456288	0.04132498556	-0.02967016546	0.04103360434	0.07122859644	0.003393319379	-0.05087568841	0.03824359789	-0.02042169785	0.07835383085	0.180620682	0.1277488221	0.1830241999	0.0286669928	-0.2338797874	-0.04339516769	-0.05798122471	0.01834718878	-0.1022633902	0.006217442761	-0.03466884671	-0.05470673555	0.06138910569	-0.05269883859	0.1194148709	0.01430973091	-0.01279284741	0.1096749043	-0.02063176361	-0.007733057779	-0.01736459397	0.02433956025	-0.05273969668	-0.0505330412	-0.04980095875	0.09784837104	-0.06688159847	-0.04113422101	0.06184800128	0.3871431688	0.4834412245	0.4246615086	0.7594960028	0.03509618688	0.6615768841	0.6856819872	0.8787340229	0.5320213761	0.4886500846	0.04110175563	0.08608383541	-0.08496352188	-0.03493769224	-0.0191989245	0.2616818698	0.1977509589	0.1805472761	0.2919068476	0.1951409504	0.2376930039	0.1485525705	0.01366991749	0.001161947985	0.004369484885	0.2080035228	0.01421420742	0.002111681327	0.02069248131	0.04401352216	0.05308442382	0.04401456354	-0.02954191063	0.1573263374	0.09799312126	0.1246099361	-0.02405934965	-0.05739249884	-0.02404437564	-0.04755221371	-0.0217002979	-0.04771800976	-0.01190824492	-0.01475112992	-0.03180479091	-0.02469169204	-0.02020087362	0.003411714249	0.0450093504	0.1333756046	0.09191054221	0.08473551059	0.0359240002	-0.03020955315	-0.01161752493	-0.07916609231	0.05982744578	0.004027796907	-0.05009923833	-0.0485396885	-0.0563538659	-0.005514635426	-0.04077123867	-0.05360175283	-0.04671094916	-0.03165077103	-0.05845909182	-0.104545361	-0.2620692266	-0.1306431899	0.07143123183	0.07153880108	-0.04483540409	-0.02566282569	0.005201596976	0.001310494957	-0.04937872357	-0.2453600235	-0.03930487881	0.04465493626
-0.0645154157	-0.04532920864	-0.06952068881	-0.06382858589	-0.02965750161	-0.0195798067	-0.03950116856	-0.009110707567	0.0148107469	-0.1944711768	-0.1645373444	-0.1738322238	-0.1706188345	-0.1635508103	-0.1311619304	-0.1795677397	-0.1860175793	-0.1819510831	-0.1171799465	-0.17860982	0.02737447731	-0.03677695323	-0.1622766351	0.007569094412	0.01392716346	-0.1527723592	-0.1756254695	-0.1571121816	-0.1401963191	0.02800506738	-0.170244201	0.06958054166	-0.02487868694	-0.01278574463	-0.003793748885	-0.1621673829	-0.04759449904	-0.05423707186	-0.08355629769	-0.05181846068	-0.04423415073	-0.05659533489	-0.1639872811	0.03670777477	-0.1577903529	-0.01552724867	0.02026569254	0.01657863915	0.07601547745	-7.420429176e-05	0.01635331984	0.0160637132	-0.142884556	-0.1620182784	-0.1572043153	0.03317973767	0.01351150794	-0.006625046599	-0.160674552	-0.1705894146	-0.1536274324	-0.04636638274	-0.1555009923	-0.03285637446	0.001861774353	0.06279737934	-0.01756420966	-0.08953111417	-0.07271483557	-0.05099075329	-0.01521632922	-0.01214143113	-0.01103182856	-0.04536302241	0.01339785231	-0.03093656688	0.1246978962	0.1170823444	-0.01393819544	-0.08006017646	-0.007117934304	0.0004326627942	-0.09890202638	0.07587582171	0.009630039508	-0.08445599729	-0.02472845033	0.03971298708	-0.07099645723	0.07527877673	-0.04912915492	0.01231412609	0.08321346884	-0.0661534389	0.06109585793	-0.004437476425	0.005374288296	-0.06434620618	-0.07620538694	0.07753698383	-0.06385698831	-0.03092420511	-0.05854046709	0.09897968511	-0.0002391936827	-0.04884266343	-0.0342382514	0.03820875052	0.008213076469	0.002522036373	-0.08147679704	-0.03276702697	-0.01028498793	0.006919837157	-0.0509706663	0.04246368159	0.06167690566	0.02363870007	-0.05563329878	0.02122281368	-0.03586213657	0.09391692265	0.1008986255	0.1462938218	0.10824066	0.0234066831	-0.1595264671	0.001410960242	-0.04401190545	0.02021050248	-0.07769043617	-0.0005874242278	-0.05900585491	-0.07015845859	0.003689287318	-0.06909421829	0.08380894168	0.008295171454	-0.03230609089	0.09321725571	-0.02324335424	-0.02987986644	-0.0134620624	-0.005215151128	-0.06131858302	-0.05286148128	-0.06683883617	0.055245493	-0.05381268252	-0.03567613697	0.04284944062	0.3559238138	0.4206771914	0.3660098863	0.6023948636	0.1170921676	0.5113883385	0.6400234469	0.5320213761	0.8883928269	0.3700330355	0.04713200805	0.07521485859	-0.08516582654	-0.04012038066	-0.0213645994	0.292166088	0.09897043056	0.1359753807	0.2442859577	0.08969846833	0.251936865	0.06700079922	-0.0399644515	0.03221359766	0.03924677623	0.1118513329	-0.02076274867	-0.05853756442	-0.006718550369	0.03499333089	0.02064222226	-0.05027177385	-0.05907446737	0.08446205433	0.01783025975	0.05007519588	-0.05605061058	-0.0719331691	-0.04677077786	-0.05204871245	-0.04965091495	-0.0298800748	0.009972800831	0.0172338471	-0.02660585307	0.001996367697	-0.03648709817	0.0215378111	0.03321550792	0.1125889807	0.08488848156	0.05804044805	0.01333158627	0.0007591341004	0.03417402135	-0.08947436213	0.05698152697	0.003916905202	0.005327200186	-0.02125782964	-0.07147159303	-0.01223217076	-0.07596661895	-0.04079341642	-0.06256192743	-0.04981538999	-0.02882589976	-0.05974180758	-0.1411373128	-0.02199961931	0.04299357895	0.07406729169	-0.05274078786	-0.0363326423	0.01926175344	-0.01217106329	-0.02062520626	-0.1321424045	-0.06576996149	0.01217349134
-0.01743176681	-0.0485220506	-0.04236977589	-0.06868214373	-0.01713768444	-0.05272965437	-0.04892252889	-0.03452128043	0.01241311393	-0.1860180471	-0.1713002045	-0.1724945	-0.1607401178	-0.1267690953	-0.1011391873	-0.1816272008	-0.17467838	-0.1797513198	-0.1535249754	-0.1780596372	-0.0189525319	-0.01829970044	-0.1672596932	0.02337313623	0.03025092105	-0.1050989555	-0.1296985968	-0.1268147013	-0.1141523696	0.03939036128	-0.1476064659	0.02804916617	-0.01590818251	-0.0283254707	0.05718723677	-0.1242391043	-0.05213709574	-0.08168276646	-0.05666966421	-0.01048677346	0.01161615443	-0.06974297821	-0.1326772146	0.0740692967	-0.1175391383	-0.0227356194	0.07252751383	-0.04033855979	-0.005737508744	-0.008814766623	0.03813324415	0.07700877767	-0.1042383039	-0.1333493851	-0.1181034666	0.04304176331	0.01603055679	-0.0004015536299	-0.1231029712	-0.1481500135	-0.1127269788	-0.03178638256	-0.1210861613	0.0248240026	0.0415910477	0.09935308549	-0.01252608155	-0.04266868732	-0.04207772189	-0.06412197419	-0.04050001095	-0.01617543315	-0.01486079817	-0.02490241116	0.0007836496848	-0.08151562479	0.1086936323	0.05323596919	-0.04268753329	-0.05327524186	-0.04812648937	-0.006419463444	-0.1097338639	0.119235978	-0.01248591979	-0.09741216495	0.01003617117	0.03295381602	-0.05264410396	0.01558735668	-0.02184546051	-0.002646788702	0.06423136537	-0.05065310364	0.07170553295	-0.02717849062	-0.02223189245	-0.06671450615	-0.07046077052	-0.06241551936	-0.07517055342	-0.02311633522	-0.03511976819	0.0771662419	0.07479889382	-0.07139217359	-0.07959782899	-0.0265944868	-0.00845442	0.003151135297	-0.06475210392	-0.06545117892	-0.02636165653	-0.05089146732	-0.06848420109	-0.04933560721	0.004777167678	-0.01235743723	-0.05175239522	0.03956650808	-0.05691104305	-0.01632315225	0.03342127737	0.08852266281	0.1021418429	0.09976480328	-0.1305203855	-0.06341612869	-0.09786536868	-0.03431967147	-0.09044983932	-0.03549572916	-0.04097793563	-0.05957374561	0.09976586239	-0.0650485061	0.136861006	-0.02177707512	-0.03682408464	0.1014133309	-0.01152549587	-0.02880046602	-0.03850232416	-0.00149136057	-0.04086780909	-0.0358579503	-0.05440403018	0.0264043966	-0.04892690234	-0.04346752852	0.01511827984	0.3859351945	0.3904482202	0.343191039	0.4828679984	0.04376166374	0.4463727716	0.5728315462	0.4886500846	0.3700330355	1.012082414	-0.006644670142	0.02265546301	-0.09691481643	-0.07381532922	-0.06603646613	0.3099585366	0.2124347516	0.1756979803	0.2523988479	0.219451099	0.258370816	0.1420862778	-0.008475319425	0.008862954355	-0.07550923821	0.223042217	0.02736630271	-0.01658601887	-0.01169734145	0.001868018179	-0.02621547648	0.003635439556	-0.05604023314	0.07026345679	0.1251111539	0.09295119353	-0.0517691055	-0.09542596699	-0.05902276763	-0.07058063328	-0.03020221028	-0.0689920631	0.06095351632	0.03500154379	-0.04955761022	-0.06653522715	-0.04996705365	-0.05790576843	0.03452253856	0.08836540383	0.09430058517	0.01393436985	0.02907420066	0.06528793985	-0.03298174183	-0.05236016648	0.1558963529	0.0606557901	0.01176999943	-0.01550487641	-0.09366574504	-0.03397148701	-0.04212427437	-0.06020567213	-0.08101690447	-0.04898457006	-0.06377408758	-0.05655998763	-0.1710445016	-0.008490552503	-0.01769830355	0.07255061562	-0.06123336377	-0.07393523483	0.0753822351	-0.04602256558	0.005926530915	-0.1193324468	-0.06156517006	0.07695943729
0.07447441252	0.1275801164	0.01667348124	0.09599852943	0.0554230494	0.05949147326	0.1120397153	0.05282268417	0.1001668597	-0.3441884398	-0.3261317106	-0.335189729	-0.322314469	-0.3139661927	-0.2988530501	-0.3293027944	-0.3469056068	-0.3416584862	-0.2887413577	-0.3400214613	-0.004480075795	-0.05251642536	-0.3082241612	-0.0288750115	0.001617466704	-0.3297656935	-0.3195594007	-0.3065987151	-0.3219817584	-0.01505608279	-0.3142535764	0.02567094269	0.01055919672	-0.1888197068	0.0007255774303	-0.3058803937	0.1120232646	0.06899200215	0.09649790491	0.06879595275	0.02158548983	0.06703325529	-0.3170698505	-0.01622010845	-0.3230566026	0.08184738727	-0.0404112758	0.01119642273	-0.03168546588	-0.01191587999	-0.03533983523	-0.02263059275	-0.3257086978	-0.312420967	-0.2979948289	-0.01834696276	-0.001887562437	0.04078327664	-0.3412916378	-0.3379637578	-0.284053545	0.04629084016	-0.3095467871	-0.005082511921	-0.03168451237	-0.00919731016	0.1049909463	0.08565126641	0.06832467203	0.05844560703	0.05202876647	0.02371983073	0.02104324774	0.005602553708	0.02972138879	0.0676322524	0.2010931609	0.08154557428	0.07664423446	0.1100344554	0.08753105925	0.08635429341	-0.002328035757	0.1866448629	0.1166320891	0.057435988	0.04404320903	0.03153422444	-0.003843809817	0.1303039394	0.06560190153	0.06207420103	0.01648530262	0.05466800189	0.01447140852	0.04800606883	0.02071546278	-0.0113258783	0.04308769031	0.0328551932	0.0001917848059	0.05557307983	0.08440166865	0.06310801369	0.223002081	-0.01932778447	0.1163459877	0.07177385256	0.07980641865	0.1023972738	0.05237189375	0.07492757928	0.04037298316	0.08798766694	0.08443501739	0.104688445	0.08190318444	0.08338061356	0.05787028255	0.009150951701	0.02559480445	0.121605932	0.05332807	0.0954417259	0.05110048646	0.04845318355	-0.3112142987	-0.006894662673	0.08755117059	0.1535657701	0.002921569774	0.01346845871	-0.005166871664	0.0007211256953	0.06444052281	-0.0446065201	0.04040876284	0.01878355677	-0.03438869324	0.2103405182	0.1143324387	0.07646141046	0.05230192365	0.1064483105	0.05283389101	0.05908570809	0.06367500982	0.1036143109	0.0657692103	0.02516650571	0.06867411134	-0.01115970633	0.0410339297	0.05931312881	0.03710915452	0.0471227306	0.02544654812	-0.01477647241	0.04110175563	0.04713200805	-0.006644670142	0.7101121532	-0.01009300203	0.04227493536	0.01795089179	0.009051371918	-0.034985884	0.01078149111	0.01884678148	0.02864485977	0.003376046908	0.009594577413	0.06254832246	0.02579853567	-0.01408723873	-0.009652101744	0.01591720611	-0.02340661551	-0.01132266278	0.09791128579	0.08843256959	0.1141590121	-0.03076866213	-0.001242303715	0.1415520096	0.1300851469	0.04188073879	0.04458359245	0.09319359649	0.05700756321	0.009964275839	0.07329800426	0.07775710748	0.005811606567	0.02062126756	-0.002583501041	0.05463445059	-4.096055941e-05	0.03479726078	0.03793356494	0.1005729777	0.08582960521	0.07545263972	0.04856048962	0.04705634082	0.135795324	0.07405784588	0.05048266609	0.04329045021	-0.05473813397	0.05107814162	0.08902967804	0.106868	0.04468489435	0.1036813199	0.01766808596	0.007191669616	0.0424792234	0.004646416432	-0.3383155722	-0.1898744526	0.0384316061	0.04086605167	0.07200381995	0.05769989303	-0.02574000797	0.0862259838	0.08939074912	-0.314126944	0.01767321259	0.09896245023
-0.04285532252	0.09743048373	0.001997363109	-0.08452497095	-0.04890115118	-0.0002385890871	-0.05583106072	0.04169155208	0.05860675375	-0.1888560836	-0.2561882069	-0.2260306503	-0.2172593136	-0.1717074433	-0.152252965	-0.2013332903	-0.212554953	-0.2034629127	-0.1446357111	-0.2075368432	0.04053904486	0.1062170887	-0.1561114035	0.120081001	0.07845188973	-0.1501725056	-0.1530701065	-0.1807816408	-0.1298083285	0.1015273794	-0.1757488382	0.1584699961	-0.02976230084	-0.07231651744	0.05997909663	-0.186893502	-0.08708081399	-0.08155095597	-0.09117357228	-0.08870714667	-0.01455066366	-0.05220168802	-0.1294629306	0.08205189503	-0.1360142058	-0.02255513821	0.03401625436	0.08542611801	0.07552428007	0.01731501992	0.05242508291	0.0762538439	-0.1699649174	-0.1711162854	-0.1690167271	0.09710874029	0.06462230839	-0.008708924972	-0.1132062942	-0.1309216147	-0.1587880362	0.02113115862	-0.1814587146	-0.04784161269	-0.0002832195597	0.009126838772	0.02464921906	0.05324340596	-0.07178061816	-0.05918250499	0.05786280834	0.02548917804	0.02757399893	0.1452063148	0.05131932787	-0.07293510367	0.0666831816	0.1305058038	-0.03814897789	-0.07208169269	0.06729952257	-0.03720203498	0.01468963392	-0.02505843168	-0.06065697487	0.0379723659	0.06795477599	-0.0362646612	-0.004103903602	0.05339607241	0.1323234928	-0.02751999331	-0.01691412423	-0.08622578248	-0.02555948321	-0.02654022227	-0.07590610606	-0.03387741446	0.01484175638	0.1234843364	-0.05821411912	0.08306125612	0.005887193465	0.03823988085	-0.001712986843	-0.01572766434	-0.0723275139	0.04927566152	0.06210189789	0.01115787348	-0.05043669466	-0.04736729349	-0.01514982669	-0.0979297921	-0.06007790084	0.03822996588	-0.03157408949	-0.0148145317	-0.01371413818	-0.052105405	-0.05216997215	0.0406851649	0.04975319025	0.1731247335	0.09933317753	0.01456016824	-0.1296293094	0.07579519977	-0.07408042317	0.001593538625	0.05797084681	-0.08942852151	-0.07555120431	-0.04047808676	-0.01278503901	0.08816929569	0.3255219896	-0.07586954288	0.01517663436	0.08035987814	0.01213356354	-0.06788067569	-0.04585104368	-0.02070876079	-0.05976022419	-0.01059790274	-0.08751423421	-0.06069468649	-0.04406666701	-0.04304873615	0.050644365	0.02010904174	0.09415991286	0.05089187496	0.04865369408	0.06829104458	0.06074707061	0.06876665981	0.08608383541	0.07521485859	0.02265546301	-0.01009300203	0.9391633099	-0.07440280713	-0.06393555019	0.006182682794	0.3723197984	0.2654510733	0.2198772107	0.1886118529	0.290666537	0.1456085123	0.08452131787	0.04978254517	0.08877635759	0.01924739377	0.2884959281	0.1212405917	0.1620700368	-0.05857340322	-0.001068501247	-0.06625298459	0.124027048	0.04336702102	0.07035241288	-0.05228396456	-0.06242924216	-0.04252660571	-0.07240297004	-0.05930892477	0.1166838456	-0.02991466496	0.1457890966	0.03453803447	-0.002249561344	0.09713731815	0.040495625	0.03653326687	0.03547844417	-0.03504208304	0.02517500721	0.06020726443	0.008450997583	0.01356213081	-0.02202940359	0.01110883319	-0.04028602541	0.01546408812	-0.01317071855	0.004925281973	0.006139464965	-0.06741909843	-0.06201604153	0.2095156759	0.04316010537	-0.01199717662	0.02789321045	-0.01042512738	0.06677248085	-0.2104712614	-0.07580390591	0.116103656	0.08409530597	0.02558094296	-0.1003139116	0.07587613532	-0.01996367472	-0.07832724039	-0.187395752	0.009269627879	-0.007788093395
0.195100408	0.06578800841	0.1384331915	0.1312078119	0.03732360675	0.08223585082	0.1034204847	0.08828252997	0.1613065995	-0.3763780799	-0.3608013892	-0.3637034776	-0.3466679048	-0.3482194205	-0.353486676	-0.3404839274	-0.3718565354	-0.3680440909	-0.3441096194	-0.3470775645	-0.06271626727	-0.08763088384	-0.341439177	-0.1232549213	-0.09773431792	-0.36233975	-0.3554924588	-0.3523404916	-0.3545143462	-0.1020954375	-0.3535356038	-0.08660353533	-0.05316058624	-0.2410200705	-0.1003182744	-0.3440893897	0.1008987709	0.1345406665	0.1285167471	0.0271375982	-0.01456802295	0.05693602718	-0.3847850062	-0.09494677944	-0.360476243	-0.02595894249	-0.05323044624	-0.03275110699	-0.116516228	-0.07981648366	-0.0819291982	-0.06462726846	-0.3515161258	-0.3459713016	-0.3406037507	-0.1095117631	-0.1047197976	-0.06550212939	-0.3973620843	-0.3786299479	-0.3798416934	-0.06212711506	-0.3546150225	-0.06386771507	-0.06732482646	-0.05736754115	0.02534570571	-0.01878764925	0.07844694666	0.08286488161	0.111072063	0.06104771752	0.06162252553	0.1078400696	0.1672015582	0.2673301149	0.04644937728	0.009359330485	0.1518932288	0.1183592161	0.1374243435	0.1436223956	0.2550605898	0.03444530494	0.07431761475	0.3019063402	0.1333839956	0.01996554618	0.07578905765	-0.03787193652	0.2004457587	0.06200234031	-0.03349558214	0.1393213014	-0.001063104357	0.06113315672	0.05671211381	0.2404802973	0.1265680867	0.02490887177	0.2052772874	0.1336538896	0.09473045663	0.01807780163	0.06418092534	0.1448870142	0.08963675081	0.09409975226	0.04794834815	0.1011663331	0.2955098214	0.06151749247	0.121402629	0.211130094	0.3524668296	0.155082955	0.02218657247	0.1708843518	0.1654900275	0.03707473158	0.05620634926	0.07513235576	-0.01840153414	-0.1234177956	-0.05499258512	0.07286441814	-0.3753803447	0.1155753106	0.08511863189	0.03866942624	0.2375681432	0.02587077176	0.2317301228	0.2675080075	0.05413692413	0.05411610211	-0.05292301886	0.04102426451	0.03728001678	0.09022582565	0.0151350638	0.1084334386	0.1901647699	0.1233627799	0.1743203853	0.1660941488	0.0961327567	0.04168190454	0.04676615173	0.2058687774	0.0595107061	-0.06721546177	-0.05511284374	-0.06374431157	-0.09574065487	-0.03343975593	-0.114441192	-0.1635303754	-0.08496352188	-0.08516582654	-0.09691481643	0.04227493536	-0.07440280713	0.4445759518	0.1635956584	0.08317185071	-0.1380133051	-0.06173043523	-0.1360820425	-0.09059185733	-0.08525906929	-0.1423572095	0.05410460754	0.07697005271	-0.006941848076	-0.003735276641	-0.06921315479	0.002028182078	0.0778051216	0.08612241463	-0.02314667392	0.09703745652	0.05495107159	0.07047391471	0.02533986617	0.06777939454	0.05645683238	0.1200735147	0.2093178016	0.2692267537	0.1431108273	0.1634304376	0.0200840391	0.03471632575	0.1067795218	0.07486450233	0.06061596971	0.0691619889	-0.002594171329	0.1631621727	0.08683218754	0.09574556305	0.108591561	0.1403075928	0.03166673936	0.03594907718	0.05677473577	-0.03357205947	0.008359952249	-0.04709453837	-0.08680095491	0.187065337	0.116149989	0.1393665634	0.169319672	0.1051780014	0.2081211364	0.2174816363	-0.09604279651	-0.3461326829	-0.2443347903	0.03185060656	0.03862752202	0.07801616008	0.2573319237	-0.05804722022	0.1346194066	-0.02813429458	-0.3492470307	0.1350017034	0.08381926481
0.1243537833	0.1471624605	0.1781567221	0.1541769035	0.07881993445	0.07564337455	0.06765471041	0.132801055	0.1084248293	-0.3830831233	-0.3655201133	-0.372982583	-0.34918506	-0.3502551365	-0.3506743674	-0.3510393638	-0.3776560283	-0.3732565512	-0.3436620923	-0.3571338069	-0.04898371103	-0.06206508454	-0.339871455	-0.1086765433	-0.09168301789	-0.3598589589	-0.3574434403	-0.3514778599	-0.3547430178	-0.09759420767	-0.3573907651	-0.07040704134	-0.02098740045	-0.2256596342	-0.05087787612	-0.3512589242	0.1623297131	0.1642319781	0.1405387298	0.04079475561	-0.02962517817	0.1080526228	-0.3905741542	-0.09335307843	-0.3724090309	0.07601905094	-0.04766056915	0.04901345576	-0.1069146123	-0.03779767592	-0.05855857108	-0.03428543882	-0.352834435	-0.3469392289	-0.3381263744	-0.1049892736	-0.09382263206	-0.02873278726	-0.3997342274	-0.3819736156	-0.3793691478	-0.001554189102	-0.3520066642	-0.0225781462	-0.02575982889	-0.01896093372	0.06867535551	0.01767986355	0.102121798	0.2266560852	0.1225329032	0.1063272346	0.1032185401	0.1604380307	0.1974905845	0.1445663628	0.04817036599	0.04631111621	0.171316278	0.1426953346	-0.04804916071	0.008497433612	0.09819989771	0.02618719285	0.07511356072	0.09223589088	0.1090347694	0.02328435417	0.04584172102	-0.04130454963	0.03290252247	0.0316580291	0.01478194533	0.1618239354	0.005812355516	0.04976853016	0.02700908022	0.04732504599	0.1704538848	0.09067593147	0.05642713862	0.1593691771	0.06762853842	0.06453131955	0.06496559392	0.012831493	0.04856976577	0.09745037299	0.1847469056	0.05558611239	0.1024874662	0.09475874938	0.1853572502	0.1061146773	0.1219163877	0.08816084417	0.0213274139	0.1149504356	0.1566678591	0.02286528673	0.04343352338	0.1420980756	0.02840261306	-0.09269473252	-0.007387574978	0.09440979158	-0.3817277144	0.1283867017	0.05298953484	0.03170490231	0.02065969432	0.02795399241	0.05963604065	0.1110933395	0.06505950287	0.1071997931	0.006122634898	0.02784468674	0.07581152983	0.1037470357	0.03126686839	0.08700744871	0.01471282179	0.149678385	0.1657576778	0.1499538177	0.1435945921	0.05403593937	0.04571090994	0.02319817882	0.07280817883	-0.03405795518	-0.006393090564	-0.04679524897	-0.04517250523	-0.03200568248	-0.08034584505	-0.1242603859	-0.03493769224	-0.04012038066	-0.07381532922	0.01795089179	-0.06393555019	0.1635956584	0.4320469082	0.04824581326	-0.1236729292	0.0006989987853	-0.1056668652	-0.06483966739	-0.02866928655	-0.09637839738	-0.06344463213	0.1530901966	0.03363463188	0.05231165973	-0.01233584356	0.06955211103	0.1540783336	0.0804695661	-0.008705139765	0.07038898101	0.1571477204	0.1562918565	0.05017738148	0.06584280544	0.01490704685	0.1699759907	0.1567866532	0.178094927	0.06479896294	0.1671842086	0.1210610848	0.07078938948	0.140421299	0.141278821	0.1088765448	0.1189229335	0.04566832578	0.1929564818	0.119544872	0.1034353886	0.09262635669	0.1553718177	-0.005373516885	0.1116328104	0.07726789104	-0.05090572658	0.05082590325	-0.02079079496	-0.05575593849	0.1615811631	0.1001541095	0.06961781499	-0.03905462629	0.1252770028	0.02377791254	0.02968044555	-0.05128976655	-0.3455104942	-0.229838022	0.1281188957	0.04703494855	0.151604466	0.2062407203	-0.06077044892	0.08910083108	0.01507633702	-0.358513916	0.1940770788	0.1992424056
0.1153645975	-0.004531089197	0.1057770776	0.1052997999	0.03985620085	0.1157367003	0.03632709706	0.03778363713	0.09176666492	-0.3352633106	-0.3552500433	-0.3595770128	-0.3384456673	-0.3493609668	-0.3400210221	-0.3340617135	-0.3315546331	-0.3246654912	-0.3273185203	-0.3432406537	-0.01452267224	-0.02944726828	-0.3108759145	-0.07722764959	-0.04695276393	-0.3490718024	-0.3076376876	-0.3069719644	-0.3489418545	-0.06328157365	-0.344287897	-0.05978480669	-0.05571318768	-0.2078756005	-0.05679721369	-0.3402610585	0.0104317371	0.06139138725	0.03181662175	0.002448070569	0.00611884217	0.06571243882	-0.3479507619	-0.0575647719	-0.3202720832	0.04715389359	-0.04410764769	-0.00842762115	-0.06682584228	-0.03701066578	-0.0291905941	-0.07347949687	-0.3021824762	-0.3503655077	-0.3327610973	-0.06910733014	-0.05814104533	-0.03108193008	-0.3562953117	-0.3699551726	-0.3303397615	0.0225306776	-0.3078805685	-0.03334513647	-0.02836916699	-0.06543779226	-0.03794234665	-0.04104056738	-0.01335051755	0.03862949903	0.07237139782	0.06252693841	0.06024076799	0.08210214002	0.04710471448	0.1139934824	0.008234556107	-0.02819745272	0.07015495951	0.03591154737	0.1296629622	0.1189089096	0.1415544159	0.04472974685	0.1414032338	0.06067551726	0.01464009953	0.1004728313	0.2403748611	0.02956399899	0.05610775023	0.2241808816	0.04207543327	0.06070792804	0.05872600147	0.2387796873	0.2132432012	0.2227974842	0.06946137548	0.1458592376	0.1706922299	0.0942731677	0.01706263532	0.03478343503	0.01062784668	0.1237907608	0.1520200316	0.06019028406	0.01582746668	0.2108253689	0.1350695713	0.07360256587	0.02816205665	0.08712967628	0.09502527619	0.05998528767	0.1718870586	0.2096919739	0.05698076716	0.1693474947	0.2556683714	0.04538070662	-0.004658745969	0.04996213808	0.01125554066	-0.04324843191	-0.3423037871	0.1152826529	0.1931495343	0.1157641524	0.1921237543	0.2752045211	0.1755504884	0.09635211963	-0.002179802607	0.2295570024	0.01740208553	0.2229394992	0.05339880842	-0.003688368873	0.03023348722	0.1030580419	0.1105126743	0.09744840705	0.05950044974	0.0573610097	0.005175529921	0.08899148944	0.02905616732	0.1294669683	0.03607187169	0.003720508673	-0.04237791558	-0.04363008112	-0.04150425798	-0.02683990387	-0.08368106528	-0.09051249913	-0.0191989245	-0.0213645994	-0.06603646613	0.009051371918	0.006182682794	0.08317185071	0.04824581326	0.5982117556	-0.09149203547	-0.004309079199	-0.04555550291	-0.02844245122	-0.02271769202	-0.05556059457	-0.001626636854	0.08977958051	0.006913076089	0.219559159	-0.002801853888	0.05682977644	0.03452666531	0.2053727873	0.1064852806	0.1505795643	0.06861887014	0.09671282357	0.0869758106	0.09192852142	0.1572613563	0.101119179	0.1046090604	0.09052503855	0.1019134322	0.06373976519	-0.00475549621	-0.03376562109	-0.03532099937	0.1014838628	-0.01766572533	0.04475432184	-0.04912134469	0.06241900089	-0.0492069933	-0.001684992225	0.126768209	0.04780710112	0.04602597151	0.1054714333	-0.02217645884	-0.03438255146	0.0101105748	-0.01991477104	-0.02243954115	0.1017988501	0.03629714148	0.09034737473	0.07012813194	0.1945174967	0.1090921089	0.09216725014	-0.06330956013	-0.315743471	-0.2253680852	0.008761808528	0.01628216581	0.06061630851	0.1154920443	-0.05466485013	0.002351808146	-0.009268755851	-0.296491326	0.06419037958	0.04010443848
-0.0693330054	-0.06799009998	-0.09509963512	-0.1577679354	-0.1012090853	-0.09011161093	-0.08397152135	-0.07069008768	-0.07111943108	0.05100657775	0.03741186999	0.06350240092	0.08122794839	0.003525324725	0.04248079911	0.08471143536	0.03175241131	0.04393321503	0.06330542399	0.04340106323	0.01849752812	-0.0131137062	0.03844783226	0.06775055882	0.07046769887	0.007892028151	-0.006187341674	0.01728924861	0.02430792641	0.1067947087	-0.01241613426	0.04858770017	-0.04506350522	0.1809965103	-0.02588252746	0.006234146083	-0.1288744656	-0.1404362797	-0.1662340581	-0.09446672676	-0.07817726981	-0.1150959022	0.04939960958	0.1681404355	0.02214713171	-0.07199979437	0.01802366443	0.00542401761	0.1362880744	0.01361747387	0.05080500256	-0.02754414048	0.04211378267	0.02344064901	0.02178096044	0.1140838838	0.08618065815	-0.009111500609	0.1282158428	0.1050542071	0.1119838459	-0.02306582055	0.007636956274	-0.04414683674	-0.006927234311	0.01556374263	-0.006104892451	-0.09206349213	-0.1477523712	-0.1398359887	-0.08310964043	-0.1090801218	-0.1081221472	-0.03309434067	-0.07360244209	-0.1454967382	0.09757447595	-0.00711946912	-0.1097085411	-0.14121455	0.08418096305	0.00412190362	-0.1411161798	-0.04916702045	-0.109838384	-0.100410373	-0.04260659682	-0.003427504165	0.000906912224	0.07572540705	0.03103524832	-0.003024594985	0.01636165583	-0.1610799796	0.009983596721	0.004345574318	-0.002762153396	-0.02891995151	-0.1621242908	-0.05900423179	-0.02652510875	-0.06856368262	-0.06801839578	0.0271922318	-0.002745762691	-0.04117685633	-0.02989196936	-0.02776292915	-0.02298022577	-0.00928262976	-0.1376323698	-0.08978689084	-0.1093821653	-0.07531408672	-0.1150332724	-0.01632507741	-0.0394892344	-0.1222904441	-0.07234088417	0.007644280586	-0.03246573365	-0.02858333482	0.08622671168	0.1240833937	0.1410949495	-0.05113523825	0.04766480397	-0.05409108848	-0.05101241732	0.004196380638	-0.05099438065	-0.0009970138708	-0.1187771477	-0.05084164144	-0.132457996	-0.08915513909	0.1638380663	-0.002320584446	-0.01684393997	0.02657238293	0.02216320781	-0.1101468643	-0.07582550298	-0.08616003764	-0.1486867563	-0.06580767981	-0.1568178128	-0.02229172705	-0.06830007918	-0.07783831811	0.00309310106	0.0855928772	0.2379064274	0.1725274972	0.2806183625	0.02466834512	0.2217975018	0.4340515105	0.2616818698	0.292166088	0.3099585366	-0.034985884	0.3723197984	-0.1380133051	-0.1236729292	-0.09149203547	1.253443904	0.1829458843	0.2374462434	0.338765689	0.2672746464	0.4228300763	0.1066125021	-0.04005652513	0.002001318752	-0.02057406585	0.19963803	0.02586512004	-0.0815443363	-0.09626106039	0.01277209864	-0.04132947897	-0.1132827887	-0.1358005943	-0.00762895965	-0.02174650686	0.003166737181	-0.101871953	-0.1258486122	-0.1097316985	-0.02931898624	-0.1186414792	-0.06074387824	-0.05211531981	-0.07855920694	-0.06146253973	-0.0484239987	-0.04940018582	0.001547047298	-0.08489728292	-0.02124488041	0.01343104556	0.03574313676	-0.03384477602	-0.06197366163	-0.03283667016	-0.1398429206	0.08596142878	-0.02879643913	-0.001696995047	0.03215917103	-0.1312592629	-0.1180434938	0.03049511025	0.04009685641	-0.1652315822	0.02705040174	-0.0621571074	-0.04421844013	0.0701451853	0.2109159344	-0.05102566975	-0.09244374664	-0.06235008644	-0.1716757347	0.05759145979	-0.01065680526	-0.03707269457	0.1329864006	-0.0949204386	-0.04499469667
-0.07274777837	0.1321123022	0.01984904089	-0.003405105637	-0.02122957697	0.0162540972	0.003539079386	0.01877640954	0.07372593383	-0.2497237912	-0.2786542754	-0.2747348259	-0.2758608562	-0.2810830661	-0.2460144649	-0.2792010375	-0.2323640062	-0.2784096285	-0.2139970506	-0.244551325	-0.03033702138	0.0421278122	-0.2615497625	0.008231647302	-0.04578934955	-0.2122873574	-0.2253926292	-0.2624442469	-0.1899251575	-0.01962023562	-0.2278503525	0.05704308945	-0.03217834346	-0.1539894341	0.04235016596	-0.2837637971	-0.05242216181	-0.05425056496	-0.04565089146	-0.09036473828	-0.01958264071	-0.06812116736	-0.2320477036	-0.02322458814	-0.2261019403	-0.05020842614	-0.02769437153	-0.02044112678	-0.04877398685	-0.03036110559	-0.07034761654	0.03922415175	-0.247575194	-0.284075471	-0.2592447681	-0.01897397907	-0.04517958126	-0.0570870425	-0.2065245343	-0.2193608763	-0.2132417879	-0.006098112734	-0.2555455939	-0.03194106576	-0.009851261621	-0.01826759528	0.03998704872	0.03044298665	-0.009536724409	-0.01071629831	0.05096815676	0.06692608824	0.06471806811	0.1349070485	0.03048547894	-0.07039326683	0.03164170568	0.1603347882	-0.02298413829	-0.03004225698	-0.03721283973	-0.0265765442	-0.01301967649	0.04001772867	-0.0495482335	-0.0001733975621	0.09544104949	0.02812359781	-0.01585524446	0.0525264822	0.002210312842	-0.01116930749	-0.01880080262	-0.04087596873	-0.00265377243	-0.04142214946	-0.04866011808	-0.05509741643	0.01508737519	0.1519429844	-0.06732992663	0.0476254757	-0.04857154276	0.1810287594	0.02335151877	-0.07940431953	-0.05208303498	0.01035376667	0.1513570399	-0.02147411987	-0.02248749827	-0.03882923531	-0.02043469462	-0.09233909679	-0.08277184707	-0.006773040486	0.0405366858	0.005105518103	-0.05737256908	0.02351567573	-0.04068916383	0.00635823415	0.1015494717	0.145070131	0.1305839028	-0.02159168494	-0.2292236699	0.07001950906	-0.04975397847	0.0407251597	0.01583727007	-0.02993512175	-0.06325167329	-0.07491712015	-0.02513378486	0.2213487068	0.6664831482	-0.04818865222	0.008283413594	0.09836866013	-0.05069996326	-0.0450702805	-0.01195019612	0.008886012606	-0.04312612122	-0.05720912144	-0.0217736408	0.004425729717	-0.02725787955	-0.00145826404	0.09239754975	0.08384490711	0.1783771635	0.1481777759	0.1566395569	0.03591380466	0.109435234	0.1528246019	0.1977509589	0.09897043056	0.2124347516	0.01078149111	0.2654510733	-0.06173043523	0.0006989987853	-0.004309079199	0.1829458843	0.8168184529	0.4544673951	0.5754090851	0.6926201884	0.3227505489	0.1126083193	0.034713415	0.04943995032	0.03367787868	0.7888781987	0.1722600682	0.1706736705	-0.02991426565	0.04251891682	-0.02825917186	0.1292554052	0.1208901384	0.1628872726	-0.02231024236	0.008683169672	0.01880010346	-0.04379642249	-0.04298342982	0.02377245553	-0.004043341789	0.1958507185	0.01884116469	-0.0326918132	-0.0002395191521	0.002475944886	0.03190033817	0.01219755868	-0.02750870259	0.1297288971	0.09235872637	0.03408334838	0.000911346952	-0.004266963541	0.02766850557	-0.05553742955	0.02331883337	0.02169361813	-0.02422312508	-0.01986423575	-0.04436284722	-0.05036547599	0.05501826611	-0.033682572	0.06926288254	-0.0002108652385	-0.0007596026328	0.01041646834	-0.2903777646	-0.1495521909	0.1118963635	0.08168383026	-0.01199639032	-0.07426341727	-0.01919417197	0.02385414332	-0.02512068219	-0.2777037284	0.06350332732	0.03053013627
-0.1125935161	0.06046245139	-0.1177180292	-0.04224897197	-0.07458109693	0.05018823586	-0.05715010321	-0.09177312321	0.04136017234	-0.02200856984	-0.05448510736	-0.04406655178	-0.07294643223	-0.07589155955	-0.02817995206	-0.08665020738	-0.01276083779	-0.05925599061	-0.04205357843	-0.03676957683	-0.03653443173	0.03678704636	-0.06183347212	0.0555190489	0.02638402969	-0.002198697699	-0.02827676317	-0.0698273498	0.01082039588	0.03279959264	-0.02461555701	0.0589187929	-0.06612858328	0.03567930832	0.01631169654	-0.07584763937	-0.1434129003	-0.1176668877	-0.1215262975	-0.09293955312	-0.03881325978	-0.1118945524	0.0146051682	0.01430554497	-0.03023364682	-0.1073902474	0.002504879954	-0.05822482595	0.007764798794	-0.04018688655	0.001214848103	0.05698830867	-0.05021285504	-0.06790897573	-0.07967738817	0.03916405073	0.02785220733	-0.03611664466	0.03809366025	0.01844563151	0.004276901667	-0.01903028723	-0.05883169653	-0.06374222635	-0.02490473276	-0.009412504913	-0.006543510022	0.06041597738	-0.09578604777	-0.1073593133	-0.08736827268	0.03979059489	0.03866283008	-0.01880543072	-0.02857642166	-0.1171952293	0.04639197242	0.1626834537	-0.1225658807	-0.1019003481	-0.01479426868	-0.007661276733	-0.07456702464	0.03264827536	-0.02759276383	-0.08537530434	-0.02217746075	0.04576785216	-0.07943272249	0.2210514794	-0.1057801925	-0.02902978608	-0.01089474354	-0.1049195912	0.05849749292	-0.06453832779	-0.05568709	-0.1247240677	-0.0818364667	0.1473759422	-0.109806369	-0.109342822	-0.07893266726	0.1308272402	-0.02889139128	-0.05310488787	-0.03029460233	-0.07289566101	0.0476281156	-0.06418523924	-0.1148168111	-0.1004815261	-0.08446301577	-0.09508999319	-0.154944689	-0.05406125738	0.04439187096	-0.1117603739	-0.1457215704	0.02057432333	-0.05836704339	-0.006011352965	0.1119052801	0.2015038593	0.04839168295	-0.03727210107	0.01380240054	-0.07390013689	-0.03368585269	0.04227677672	-0.05235832554	-0.04266739058	-0.1382243184	-0.1253880247	-0.04018398068	0.06253717223	0.4094751782	-0.05494372089	-0.03388504157	0.04920024451	-0.1154087936	-0.1194931288	-0.05196603847	-0.05021294557	-0.1275490519	-0.1348415553	-0.1166318046	-0.00949002068	-0.09347770071	-0.04268669905	0.01715631655	0.03491845735	0.1737284972	0.1074394203	0.223343414	0.02833337939	0.2639339606	0.2529290748	0.1805472761	0.1359753807	0.1756979803	0.01884678148	0.2198772107	-0.1360820425	-0.1056668652	-0.04555550291	0.2374462434	0.4544673951	1.064257552	0.4764697374	0.5381321047	0.6876381362	0.1103328813	-0.06659291138	-0.02503249838	0.006450455619	0.4957034605	0.02518786759	0.04683895736	-0.06697212884	0.1092213984	-0.03613154483	0.01825800672	0.05665461148	0.1533897035	-0.09452188382	-0.04036273116	-0.08169957019	-0.1159407256	-0.1072668393	-0.04643407359	-0.09481119256	0.08960581361	0.03978233066	-0.03925301087	0.01332784257	-0.017725785	-0.06076984403	0.03083711986	-0.03806766472	0.09042281028	0.1088164969	0.02244591365	-0.07832135375	-0.06828147259	0.004158121347	-0.05050327761	0.01028388576	-0.08346470021	-0.0290608663	-0.01126906521	-0.1180623673	-0.1361629673	-0.007851455796	0.04740276609	0.05405576491	-0.03109613002	-0.0355627137	-0.007348150347	-0.05346756333	0.0418981603	0.02690297746	0.05658030434	-0.1203253768	-0.120789681	-0.008703304226	-0.02450538777	-0.07970529123	-0.05212532306	-0.0718981408	-0.01747983781
-0.08060951661	0.05676208256	-0.02503259092	-0.04344627777	-0.04127291957	-0.005990164875	-0.02224617175	-0.01196892142	0.05394048671	-0.1814216573	-0.1605237867	-0.1558970221	-0.1615066628	-0.1762922375	-0.1413965352	-0.1636457079	-0.155633214	-0.1597735864	-0.1208135035	-0.1648511987	-0.02930305683	-0.03265791108	-0.155791081	-0.04069966831	-0.009252931478	-0.1609181713	-0.1748107702	-0.1701119194	-0.1450762525	0.01179447313	-0.1837650079	-0.01625080468	-0.04698643536	0.0008828816897	-0.04796040664	-0.1794835749	-0.09172912546	-0.08321498503	-0.08643186567	-0.08460827999	-0.01734024078	-0.08042182985	-0.1563674952	0.006348814206	-0.160141323	-0.05822109532	-0.01545699699	-0.04999292316	0.02679333461	-0.02798704096	-0.04129862412	-0.0399242011	-0.144411579	-0.1779805412	-0.1532357238	0.01686455958	-0.005433013419	-0.04574673938	-0.1299202098	-0.1461059034	-0.132949032	-0.07759826723	-0.1626088921	-0.01822774918	-0.004155384214	-0.02595951383	0.01705735291	-0.06563821855	-0.05060807239	-0.07170998161	0.007414426669	-0.07702769641	-0.07525474029	0.1002362159	0.03282011542	-0.1098410201	0.05872464938	0.09137725586	-0.05230539298	-0.07649593342	-0.01288343697	0.001614344546	-0.1057308997	0.03946769232	-0.01627252624	-0.09139987988	0.01710838672	0.07661962527	0.01152012973	0.1122984623	-0.04238403608	0.03182223713	-0.00288480504	-0.08152553712	0.07185920281	-0.0005215028396	0.0107078697	-0.04388156892	-0.1023851814	0.02722553104	-0.04423329654	0.02013777963	-0.07017179491	0.1720565981	-0.003207529857	-0.04533381385	-0.01944254978	-0.03480762979	0.06577157931	-0.03803218253	-0.06279022035	-0.04568717479	-0.04559918066	-0.08363704589	-0.09160665974	-0.01377425018	0.06033698409	-0.04766341808	-0.08216913288	0.07968877486	0.001626411413	-0.03860300893	0.08275169896	0.1595821968	0.1261462367	-0.03434146958	-0.1524771475	0.01517206805	-0.02272583183	0.05814428447	-0.0517008843	0.02340634567	-0.05402475728	-0.08687640122	-0.03100732355	0.04834896087	0.539355728	0.01157297274	-0.04750069141	0.06952895607	-0.04785956981	-0.03797494762	-0.003921343177	-0.03294831205	-0.08813174099	-0.09327314213	-0.06327075635	0.01905918038	-0.05654046747	0.008201625709	0.09941106599	0.1092273593	0.2398725045	0.1674449448	0.277394821	0.01656805901	0.1547759224	0.3031385917	0.2919068476	0.2442859577	0.2523988479	0.02864485977	0.1886118529	-0.09059185733	-0.06483966739	-0.02844245122	0.338765689	0.5754090851	0.4764697374	0.9321610604	0.6389410436	0.6008432931	0.0985770831	0.02084635209	0.04596435253	0.007394381561	0.6251954612	0.0695318761	0.05562510423	-0.05114986178	0.07223920579	-0.02626611169	0.01735498811	-0.006663955742	0.1598231178	-0.01546003572	0.01306724674	0.0001999024157	-0.08101629628	-0.08299491364	-0.03063870322	-0.04627718203	0.02216155266	-0.002129440455	-0.06315389136	-0.02009816193	-0.01339756206	0.03361286854	0.0172135492	-0.04648840729	0.1193264407	0.09389429089	0.06890295601	0.004644353742	-0.02426733005	0.02385523328	-0.09559374073	0.0334774883	-0.00325440534	-0.02344970391	-0.01090214548	-0.08416555145	-0.08897383982	-0.008939974767	-0.02293086739	-0.05690211141	-0.02781274746	-0.01265755229	-0.06475812535	-0.1453432774	0.005387947951	-0.01253264754	-0.04673031362	-0.03112972417	-0.1052162796	0.004404097476	0.0142492196	-0.03052536039	-0.1316430574	0.02869293801	-0.003782461912
-0.07194900455	0.08865742552	-0.0110315845	-0.03366967666	-0.03314054071	-0.0008584697003	-0.02278194236	-0.009183444749	0.04521418813	-0.1997526727	-0.2281782198	-0.222662075	-0.2279292915	-0.231218392	-0.2003500068	-0.2271319478	-0.1790057229	-0.2238783359	-0.1722735116	-0.1936566611	-0.01421280464	0.06756675595	-0.2136094318	0.04992710669	-0.006739894055	-0.171697224	-0.1839156518	-0.2140905471	-0.1462796863	0.02172158807	-0.1857410793	0.08177279552	-0.0356220441	-0.1008331248	0.05546404366	-0.2412812037	-0.08959149792	-0.07770605768	-0.08204182265	-0.08509411759	-0.0269838233	-0.07295407844	-0.1815934389	0.01336287392	-0.1874981531	-0.04287856696	0.004022726725	-0.01758161324	-0.01547943262	-0.006977075426	-0.02716900634	0.04546731085	-0.206953839	-0.2392880781	-0.2195231371	0.02334429837	-0.003003532322	-0.04105428488	-0.1390094096	-0.1768501918	-0.172650213	0.01095782952	-0.209504117	-0.01249686312	0.01413415405	-0.003152902406	0.02407538615	0.007302856546	-0.05342724717	-0.0544217273	0.01541964951	0.0421819463	0.04123449981	0.1119235899	0.01047455758	-0.09845970375	0.03088409478	0.1375220541	-0.05474013454	-0.05854493128	-0.05973372899	-0.02707694348	-0.03868454408	0.01125869292	-0.03915916412	-0.02386770397	0.1084449752	0.03252681364	-0.02071762389	0.06658032275	0.01714654254	-0.008216592492	0.003164837573	-0.07709897835	0.008368127186	-0.04569938405	-0.03881950356	-0.06752801318	-0.01731229233	0.1282085797	-0.03734427846	0.01217929851	-0.06588133227	0.1520223319	0.03172930817	-0.08235273814	-0.02631527983	-0.02798941736	0.13601231	-0.0489068087	-0.05956847628	-0.04222037336	-0.03917531706	-0.09140382729	-0.1075046753	-0.01401140098	0.05916736285	-0.02736445654	-0.09021239072	0.02438186249	-0.04808775748	-0.02271149492	0.09286321052	0.1039723151	0.1134655011	-0.05604048647	-0.1791570476	0.0351560768	-0.02926045848	0.04967034235	0.03145682539	-0.03152503223	-0.07886486162	-0.0772739205	-0.04648443366	0.2239159933	0.6535021248	-0.03820226559	0.02001628179	0.05109003174	-0.07951812041	-0.07095440221	0.002973259155	-0.05222587153	-0.08506188896	-0.09151365981	-0.0658079268	-0.02000125295	-0.06551615173	0.01098673213	0.07750330858	0.1010628055	0.170873374	0.1377054897	0.1608980396	0.01288349948	0.1013979722	0.1666967319	0.1951409504	0.08969846833	0.219451099	0.003376046908	0.290666537	-0.08525906929	-0.02866928655	-0.02271769202	0.2672746464	0.6926201884	0.5381321047	0.6389410436	0.9176546603	0.4153919292	0.1056041568	0.01649309893	0.01885114139	0.02638098507	0.7421737292	0.1749883625	0.1421310437	-0.04899732233	0.04429520216	-0.0349199989	0.1146152005	0.09261049152	0.1387606669	-0.005746771204	0.01168483664	-0.006249399495	-0.07693583963	-0.06995996186	0.03294799683	-0.03987428537	0.1648316855	-0.01321366767	-0.05906499625	-0.0285479727	-0.0300485492	0.01849279506	-0.008996422341	-0.05960547677	0.07897899895	0.05477844467	0.01562096	-0.04930451866	-0.02378378082	0.02938613936	-0.09073053678	0.04987530877	0.0164678173	-0.02464176727	0.005818658654	-0.08030511146	-0.09039252202	0.08091119657	-0.04163280863	0.04277710818	0.008621314492	-0.0008750018988	0.03065293182	-0.2495277159	-0.09259564562	0.08160761008	0.03319107856	-0.02364765067	-0.1039057266	0.003847679313	0.03057587017	-0.02924718057	-0.2278212618	0.03611259682	0.004547613488
-0.0646749325	-0.06072954714	-0.1210063588	-0.08472712492	-0.1052819695	0.0303297732	-0.09532065454	-0.1018891333	0.02580363495	0.008356061093	0.03213562782	0.04374209675	0.0102969891	-0.00504467164	0.0363171183	0.004377473496	0.033170105	0.03442110136	0.02718425216	0.001998222958	-0.02072934871	-0.02403255051	0.01244315652	0.03422613335	0.05010347147	0.006529252881	-0.007858938809	0.002341873514	0.02033581253	0.07898934892	-0.01622706755	-0.0007719434156	-0.06180347416	0.1368563618	-0.03791396163	-0.006877562951	-0.1676508398	-0.146363283	-0.1745331256	-0.1221393369	-0.05878893393	-0.1287919072	0.04068171204	0.05499230191	0.004553094702	-0.07034810998	0.004153139569	-0.02948249309	0.09508976691	-0.02373578857	0.03352675172	0.003060958183	0.02194534835	0.0003021636249	-0.009130773762	0.08536981702	0.0632146908	-0.01190231675	0.04957491313	0.0316182416	0.02555348698	-0.05591101612	0.01048490113	-0.02919803621	0.002085323422	0.02059934537	-0.04512189216	-0.04128730945	-0.1507281429	-0.1347611811	-0.09518998439	-0.05973315541	-0.06237626302	-0.09881952053	-0.04192325266	-0.1233119361	0.1637796745	0.0545466737	-0.1351532699	-0.1503097568	0.03166465543	0.048038835	-0.1556339808	0.00833430045	-0.05001562555	-0.137603962	-0.04687506978	0.09634040306	-0.05485533084	0.2841626765	-0.04608906201	0.04611036261	-0.004344745507	-0.1509972402	0.1105884048	0.01114026854	0.01695947649	-0.09107485823	-0.1660978724	0.009959895569	-0.1178338105	-0.1763227641	-0.09170220678	0.1539521809	0.004026448061	-0.04755925157	-0.001932308686	-0.07144779461	0.01618350412	-0.05766393771	-0.1628496188	-0.1173322113	-0.1023764542	-0.09707315642	-0.1469345265	-0.03417632374	0.01466697796	-0.1164824858	-0.1245525135	0.08351970534	-0.008853272402	-0.02730022652	0.06572146539	0.2013070933	0.07671249046	-0.05001424808	0.041897274	-0.1194540747	-0.01315141584	0.06164878325	-0.1058352163	0.01251938567	-0.1179051185	-0.1171584996	-0.06032993815	-0.05017794768	0.3030911371	0.0175785074	-0.1040042785	0.03686715324	-0.05939860509	-0.08698652553	-0.07447130422	-0.04314218385	-0.1256338109	-0.123312503	-0.1633867465	0.01861979075	-0.1259163805	-0.05979096307	0.01613728694	0.01512917756	0.1341849016	0.1265594394	0.2764552688	0.01754585406	0.2539885369	0.4314493236	0.2376930039	0.251936865	0.258370816	0.009594577413	0.1456085123	-0.1423572095	-0.09637839738	-0.05556059457	0.4228300763	0.3227505489	0.6876381362	0.6008432931	0.4153919292	1.136063187	0.0929468016	-0.1262262314	-0.02388067386	-0.03145836212	0.3638815964	-0.04077537811	-0.1044809528	-0.06955651299	0.173363928	-0.001481661797	-0.1039690389	-0.09045939819	0.1453626537	-0.01349937046	-0.007696695324	-0.1159517285	-0.1361436562	-0.09422334629	-0.1282651442	-0.09804883263	-0.03920711403	0.008272812804	-0.007767580677	-0.01458938571	-0.05701302814	-0.1279343918	0.002540053474	-0.05234578109	0.08075095666	0.1068568415	0.02875130526	-0.07920835982	-0.07747555118	0.05857455406	-0.1069153842	0.05470201513	-0.05580212607	0.001890951032	-0.007114350734	-0.1371452169	-0.1775776469	-0.03466998303	0.08836615289	-0.09170679769	-0.06556747885	-0.04366569871	-0.07343640469	0.04731567312	0.1271216585	-0.1172026199	-0.08014544396	-0.1420461146	-0.1223397535	0.04000314075	-0.02283890758	-0.07397096065	0.05609937912	-0.1413052035	0.01336315049
0.07330299461	0.02465791065	-0.03524766005	-0.01823907855	0.01849290334	0.002663444392	-0.03808903981	-0.05093204714	0.00306648952	-0.2629031772	-0.2582377212	-0.2532586345	-0.2479252424	-0.219798337	-0.2187887371	-0.2485283669	-0.2602250656	-0.2594146033	-0.229007714	-0.2620861539	-0.02658743451	-0.07576415921	-0.26229271	0.0578567356	0.09395847583	-0.2342625488	-0.2223911731	-0.2164324955	-0.22943669	0.06975750876	-0.2291218987	0.0409268628	-0.07839349018	-0.1514878891	0.02117734683	-0.2237474508	-0.08324478537	-0.06649071922	-0.05187069632	0.009554185418	0.0317643636	-0.07785894973	-0.2273648777	0.007627829431	-0.2261097362	-0.07789007895	0.05846640318	0.009127952853	0.03222879916	-0.05732519028	0.07816384616	-0.02791287562	-0.2203417183	-0.2246836295	-0.2164929869	0.07995981257	0.07973321906	-0.07221858621	-0.2416894123	-0.2689487411	-0.2334400907	-0.06507685228	-0.212747042	0.04388103428	0.04318284012	-0.003838221755	0.06787448258	-0.01698055537	-0.04935168676	-0.0724267197	0.03382066154	-0.04145632085	-0.03009634049	-0.05052683018	0.04065822096	-0.01080918312	0.1414203541	0.2203624575	-0.03181961147	-0.05046048463	0.2062288298	0.1571556522	0.06627355316	0.1440153234	0.02997235697	0.0663928086	-0.01437938874	0.06659744244	0.02175633727	0.05426780473	0.08013740096	-0.02263541591	0.07907911032	-0.04030627284	0.06043184043	-0.02062326023	-0.03138610026	0.1125079788	-0.06492190638	0.09446781074	0.05550622925	0.01256816939	-0.0150129833	0.2267722349	0.09600238902	0.1253442385	-0.04191761871	0.01323728806	0.00312465812	0.003029480991	0.1029132406	-0.04520669982	0.007774536837	0.02970052152	0.09925885116	0.04678909374	0.0332868509	-0.01515821054	-0.0399652223	0.04174503685	0.01076823655	0.04531506294	0.1715672342	0.190503772	0.2486475283	-0.02565193745	-0.2240088611	0.06312523096	-0.03465226396	0.01621274376	0.07292965329	0.001703681617	0.1276986462	0.1412335886	0.009593526061	-0.04941178587	0.1143095311	-0.03126997142	-0.03245456004	0.06809059157	0.002258980571	-0.03355713181	0.1579433357	0.0173098327	-0.06321136493	-0.04616171267	-0.06334277482	0.05478681796	-0.05636054023	0.138775768	0.04713205248	0.03087635125	0.0907826356	0.06980561639	0.1320003339	0.03863982653	0.1258470285	0.1639476385	0.1485525705	0.06700079922	0.1420862778	0.06254832246	0.08452131787	0.05410460754	-0.06344463213	-0.001626636854	0.1066125021	0.1126083193	0.1103328813	0.0985770831	0.1056041568	0.0929468016	0.8416438002	0.1146791227	0.1332191521	0.1795624131	0.1153184411	0.112078702	-0.01691841501	0.02882004893	0.01613672329	-0.00252907766	0.02810254054	0.008794645196	0.2289005129	0.08492523974	0.03747736256	0.01893631422	-0.06682278208	0.002946488369	0.01539068838	-0.0564074538	0.02322406972	0.05429773903	-0.05672133224	-0.07533999091	-0.002049123177	0.1179898513	0.09720637723	-0.01731054647	0.09771347961	0.09198541996	-0.01707208544	-0.001748409795	-0.006529169932	-0.03696985531	-0.04242019852	0.04535435757	0.04499688711	-0.01648519108	-0.03539533661	-0.06519278449	-0.02709984523	-0.001402472617	0.1684998135	0.03019768991	0.08103623108	0.1308138088	-0.07871239215	-0.2835313123	-0.1584046504	0.1082959471	0.1554030841	-0.05707163735	-0.02330932696	0.0444159677	0.04135921554	-0.02895876052	-0.2649536461	-0.01675871393	-0.002193019626
0.05168032098	0.1409741589	0.1947613232	0.1151875173	0.06567478763	0.01464098498	0.04317327844	0.1089308107	0.07419803509	-0.3897400184	-0.3718255613	-0.3796258637	-0.3587238692	-0.3550861152	-0.3590544908	-0.3579920946	-0.3813954709	-0.3740119476	-0.3509296762	-0.3635693879	-0.04631087351	-0.06202620207	-0.3440208618	-0.07514938939	-0.04862052528	-0.3677342451	-0.3641509304	-0.3565753897	-0.3640629311	-0.06316414805	-0.3658177444	-0.05743826079	-0.04277867686	-0.2303534717	-0.07625083458	-0.361879406	0.08960962091	0.1164781466	0.1219760296	0.04165112832	-0.008993927049	0.09702617731	-0.3938441388	-0.06910720042	-0.3783900994	0.04159595614	-0.05934405068	0.01840859728	-0.07147445319	-0.0614433293	-0.02115250395	-0.03981693184	-0.3553358986	-0.3599159537	-0.3528276631	-0.07060513852	-0.06007274956	-0.05876514513	-0.3925424302	-0.3810745386	-0.3749646442	-0.03248194228	-0.3584504639	-0.01153867359	0.004004597494	-0.01921673822	0.1014627531	0.04667749474	0.09033153775	0.1253670109	0.2087742761	0.0508191074	0.05694232227	0.2119231991	0.1472548025	0.0863837017	0.01307315679	0.08977258886	0.1484821605	0.112940676	-0.03069274822	0.05081968724	0.09207332414	0.02834442501	0.1390938034	0.05235246633	0.02118284961	0.01312092667	0.07526336455	-0.09369573192	0.004383628638	0.03164404578	-0.01659179546	0.1239608215	0.01571050114	0.03593536376	0.0205847058	0.04440692738	0.121229668	0.08659398843	0.05773364501	0.3446651302	0.02765912827	0.01540570702	0.01845897689	0.0189427927	0.01592744882	0.07331068136	0.05801364142	0.03974919336	0.1466681513	0.08136264354	0.09184775781	0.1056303566	0.1177758887	0.02291345413	0.0820572823	0.09521678101	0.1003910737	0.008676918232	0.02911595151	0.09889311488	0.1866824395	0.1044761715	0.2270227156	0.04794611844	-0.3854311131	0.1548633198	0.01989751131	-0.001980407685	0.01927833138	0.02098440095	0.06115796476	0.09008744502	0.06723392814	0.06409130296	-0.01664743321	0.0255615539	0.03097260745	0.0219148326	0.07350322429	0.08039202163	0.09026779962	0.1041916505	0.1052955039	0.1034029053	0.128098866	0.09020588577	0.05195139747	0.07509326362	0.05033370065	-0.02373290523	0.109513889	-0.008989822052	0.02183283092	-0.01052613054	-0.008585181842	-0.04177759388	0.01366991749	-0.0399644515	-0.008475319425	0.02579853567	0.04978254517	0.07697005271	0.1530901966	0.08977958051	-0.04005652513	0.034713415	-0.06659291138	0.02084635209	0.01649309893	-0.1262262314	0.1146791227	0.5588804602	0.2077480512	0.1580083196	0.01633730315	0.2159313675	0.2181633498	0.139156287	-0.04465515212	0.08479945744	0.1989307123	0.1799157552	0.06146040368	0.05877627898	0.06302148723	0.1679092444	0.06830592488	0.08131665624	0.1060293079	0.1202030146	0.05408754833	0.118816111	0.04139515842	0.08526324227	0.07025547799	0.3248571252	0.1179918482	0.06980385968	0.04040131172	0.01373306636	0.06217548229	0.09013023141	0.03045983372	0.01824665506	0.071400292	-0.0535952928	-0.01654584916	-0.02198373857	-0.07236437441	0.07863587013	0.1124718374	0.03137872225	-0.05344067228	0.1916813623	0.01369947188	0.03590294372	-0.08453230228	-0.3525802403	-0.2174191246	0.1774359458	0.1118380512	0.1389168233	0.1178702221	-0.07890904436	0.0495923049	0.02564686228	-0.3664978159	0.1799521075	0.0438348861
-0.03228111817	0.03817129145	0.1191829455	-0.003218147074	0.02010979494	-0.007345787652	0.04767261237	0.03950758845	0.005335790205	-0.2748549416	-0.2624830796	-0.2689481657	-0.2708602362	-0.184951568	-0.1800723742	-0.2829065031	-0.2696987092	-0.24610475	-0.2036566616	-0.2902424203	0.1227125557	0.05916955756	-0.1763720247	0.03108693316	0.06174745865	-0.2167327556	-0.2141954726	-0.197614215	-0.2161434181	0.04637789228	-0.2023026	0.04743292718	0.02776385329	-0.1337000755	0.05827017201	-0.2121329584	0.01186781407	0.01387385942	0.003675918136	0.04664899655	0.07936661857	0.01173608699	-0.2868239324	0.01404037711	-0.2316229053	0.04172572555	0.05720025919	0.1351220909	0.03682302131	0.07441629412	0.09090714784	0.04834555956	-0.2119905279	-0.1897432683	-0.2235319061	0.04866389318	0.05568236666	0.06845244085	-0.274602305	-0.2750689534	-0.2818708467	-0.01938199683	-0.1929192604	0.04007345817	0.06975470367	0.04658724741	0.1002734052	0.06113624616	0.02547325771	0.01205107981	0.110841954	0.05109945163	0.05540471239	0.07211407237	0.1202538363	-0.004273448201	0.04084512001	0.09831229346	0.04142107378	0.01560312164	0.03662809534	0.02924398472	0.002753242848	0.03597095461	0.02847249784	-0.036573191	-0.01427441097	0.0005391908331	0.01504162026	0.005871385806	-0.03696913132	-0.03678469785	-0.004402206441	0.01397876864	0.03038370103	-0.009554098641	-0.02506579536	-0.02014166693	0.02122897564	0.07164125343	-0.03228795811	0.1208994777	0.008872851246	0.09609440118	-0.03243752335	-0.03792859123	-0.03246011322	0.03739632457	0.02467195134	-0.02533319775	-0.001045913234	-0.005541157007	0.07482419197	-0.008158282028	0.01943301803	-0.005020331997	-0.006512352105	-0.0105733515	0.01750833915	0.007517477722	-0.03248830104	0.0483632085	0.09015899381	0.1392631334	0.1281835926	0.03372931285	-0.281628089	0.1071362313	-0.02543891667	-0.02551414661	-0.04164179367	-0.03042483096	-0.01755424176	0.0004819487077	-0.004799659124	-0.01760108467	0.04317739504	-0.02444718813	-0.02330163182	0.01636463846	0.03961625066	-0.0115578048	-0.0002951437298	0.05058260009	0.005392657004	0.008239777744	0.0007710269496	0.03893558161	0.02554059085	-0.0101569791	0.033302991	0.0448833259	0.03608668086	0.1106297248	0.001464061151	0.3408112208	0.05250715367	0.03375398882	0.001161947985	0.03221359766	0.008862954355	-0.01408723873	0.08877635759	-0.006941848076	0.03363463188	0.006913076089	0.002001318752	0.04943995032	-0.02503249838	0.04596435253	0.01885114139	-0.02388067386	0.1332191521	0.2077480512	0.714036423	0.08868437598	0.03704852402	0.110093981	0.1018267598	0.04769098653	-0.02619984898	-0.002251091088	0.1261908668	0.05541344644	0.06565818196	0.001139380646	-0.01250980965	0.07026239923	-0.01591464162	-0.02189524723	-0.02753687819	0.02171982297	0.03002590781	0.07531313582	0.01707137223	0.02463420796	0.0618753122	0.148980204	0.1217333465	0.0647591543	0.09704110551	0.0917098382	0.003094051247	0.02936702816	0.1111877921	-0.01198362654	0.07787599629	0.03195756865	0.04895362924	0.0775100258	0.0178358488	-0.01514522911	0.02422951954	-0.02381332504	0.0002897949617	0.02178917909	-0.06366834029	-0.00471540729	0.01923019044	-0.2552779606	-0.1438855423	0.07890468848	0.08093804417	0.06011074475	0.001181147011	0.05099829627	0.04488307906	0.1227795013	-0.273881045	0.04489685642	0.03279045245
0.05323381061	0.07411212584	0.06877147827	0.09294707852	0.02651892666	0.03318322411	-0.006032966861	-0.008067981204	0.06560382804	-0.3419928781	-0.3631429705	-0.3623354781	-0.3466501719	-0.3498694469	-0.3465350262	-0.343343651	-0.3380117706	-0.3350232961	-0.3163296812	-0.3486705995	-0.0174765634	-0.01969466958	-0.3093024251	-0.01641937665	0.009382416052	-0.3576330948	-0.3092785541	-0.3025655437	-0.3482485573	0.005862395079	-0.3506292391	0.0003364698648	-0.03930903773	-0.1968840548	-0.06601790664	-0.3501484396	-0.01252625212	0.0174202578	0.01846956806	-0.02108383908	-0.03854271816	0.008696801295	-0.343238296	-0.01827380787	-0.3265711969	0.0007069875691	-0.03572212794	-0.005779149388	0.005357158969	-0.02659311123	0.01796306906	-0.01439847906	-0.3073399801	-0.350100216	-0.3365262546	0.001802954292	0.01624604067	-0.02834453134	-0.3557219463	-0.3769082575	-0.3363973092	-0.007742457292	-0.3065236898	0.004014349137	0.02125577371	0.01483462343	0.04323575683	-0.004457354257	-0.01052085881	-0.01374941959	0.08868865627	0.03619331539	0.03014081147	0.1093497049	0.01919169024	0.01711430528	0.0315709224	0.164777963	0.04089915759	0.02550677141	0.03760125343	0.08455198362	-0.004016479616	0.002465428247	0.07322513667	-0.01769643452	0.0264413321	0.09484142055	0.08643073018	0.1200811196	-0.009817593032	0.113257014	0.1326968089	0.0426366017	0.09327844525	0.1339340969	0.1401640826	0.05651924602	0.02209312149	0.2794948522	0.03501248527	0.04735970614	-0.0005706481888	0.1926436427	-0.01782713592	0.1084066404	0.1600902916	0.03330490973	0.04232454958	0.09637275018	0.02766003851	0.01280477458	0.02964524583	0.04478839612	-0.02128776072	0.09581495388	0.1881611418	0.04825422521	-0.001421485807	0.09104411474	0.126005711	0.07780116493	0.3502611002	0.25565405	0.315937845	-0.0177074985	-0.3374289456	0.19187113	0.1671655319	0.1418106885	0.05225956753	0.15678985	0.04799398689	0.07132394746	0.06010553542	0.2389764864	0.06457796146	0.1405256261	0.1040551172	-0.02500739364	-0.03837592811	0.03890173856	0.1119103815	-0.01180525483	0.01370852229	-0.001623437111	0.0115337266	0.06563220277	-0.02706831296	0.06675849744	0.06403512468	0.02008892994	0.01334282401	0.02147403415	0.01710173605	-0.001432641546	0.04108444403	0.005791158578	0.004369484885	0.03924677623	-0.07550923821	-0.009652101744	0.01924739377	-0.003735276641	0.05231165973	0.219559159	-0.02057406585	0.03367787868	0.006450455619	0.007394381561	0.02638098507	-0.03145836212	0.1795624131	0.1580083196	0.08868437598	0.6720494931	0.03489506978	0.2240925141	0.06832962631	0.09832230154	0.07231075825	0.1103714492	0.08275675963	0.2119448307	0.1016169257	0.06209685957	0.07643183112	0.06662646921	0.001936930254	0.01968912639	0.04352479108	0.04097277018	0.07000630936	0.1063188843	0.01909705058	0.02075775067	0.005517376911	0.1513019142	0.1261604828	0.02269130124	0.01985391451	0.0095976578	0.09759708251	-0.0007773652382	-0.04450680746	0.09910855105	-0.01148108456	-0.05233469573	-0.0162146409	0.0009016095849	0.009861600872	0.0001894325228	0.006440136874	-0.02861142842	0.07179920323	0.1993958328	-0.001335787148	0.1163789852	-0.05680593057	-0.3192038602	-0.2134271186	0.1654648796	0.1992370128	0.001960812774	0.06096796759	-0.04536296738	0.02585060534	-0.002499190442	-0.2947021797	0.04167502691	0.04569296054
-0.06834228799	0.1126714872	0.01307890127	-0.0182833321	-0.02325321029	0.007262564818	-0.01120873545	0.006341107291	0.08102303311	-0.2437737384	-0.2725914473	-0.2692650698	-0.2701835915	-0.2799623887	-0.2406581096	-0.2733530641	-0.2251102295	-0.2728699927	-0.214840841	-0.2415071593	-0.02750886101	0.04429675013	-0.2575672462	0.01888956501	-0.03676807684	-0.2099520863	-0.2229022181	-0.2608028431	-0.1875231115	-0.01428166949	-0.2262554895	0.06028200007	-0.04174380136	-0.1520403205	0.04514378676	-0.2814398628	-0.07071987368	-0.07395593996	-0.06433780979	-0.09451744605	-0.02009635121	-0.0703534347	-0.2262894519	-0.01941538819	-0.2237623982	-0.04959366924	-0.02784316965	-0.0403321024	-0.03812338775	-0.02863742521	-0.06210384031	0.03155306319	-0.2453997704	-0.2828193707	-0.2569484154	-0.009441257042	-0.03587940079	-0.05470813034	-0.1997938035	-0.2159527338	-0.2057446292	0.001286612522	-0.2533872718	-0.02872054246	-0.00694601912	-0.02599562735	0.02108090366	0.01143009507	-0.02737761909	-0.02860797051	0.0303678859	0.05441527315	0.05244800034	0.1394690345	0.05466578109	-0.08382523124	0.04064624838	0.1575361979	-0.03909915806	-0.04850804012	-0.02298619485	-0.01683579883	-0.02662181337	0.04815013257	-0.034871285	-0.007082733363	0.08799345945	0.05835528826	-0.01283947566	0.08204722316	-0.004527272213	0.001259285941	-0.01007840296	-0.05963277297	0.02474667628	-0.03035774368	-0.03775776906	-0.04641822997	0.00108668167	0.1418113479	-0.06361145345	0.0265754646	-0.06076246946	0.1720748997	0.04252457307	-0.07812237342	-0.03212642815	-0.009445954048	0.1303192892	-0.02562202494	-0.04570518456	-0.03248408134	-0.0195564121	-0.104860869	-0.09906312728	-0.002863669799	0.05712622004	-0.01088283996	-0.0660120527	0.05340436105	-0.0369154722	-0.002068424341	0.09552954506	0.1509061996	0.1126622668	-0.04059140988	-0.2236512185	0.06184251432	-0.03522689554	0.06599451227	0.02541320383	-0.02435907442	-0.06397611455	-0.07775025748	-0.02320263621	0.2270842143	0.7153969569	-0.037050591	0.01375238184	0.08497379768	-0.06323168367	-0.06581182852	0.004692747191	-0.01223833256	-0.06087438336	-0.06601066099	-0.03998008634	-0.009010971152	-0.04461790012	0.01457744338	0.09754160501	0.09182500485	0.1881475855	0.1571558219	0.167398011	0.02346027446	0.1157839291	0.1637513627	0.2080035228	0.1118513329	0.223042217	0.01591720611	0.2884959281	-0.06921315479	-0.01233584356	-0.002801853888	0.19963803	0.7888781987	0.4957034605	0.6251954612	0.7421737292	0.3638815964	0.1153184411	0.01633730315	0.03704852402	0.03489506978	0.8482836717	0.1762518927	0.1600541517	-0.03908988362	0.04278223187	-0.04276994508	0.1290846646	0.1100185705	0.1806272744	-0.01429950771	0.007456726023	0.01058137275	-0.05481925252	-0.0560539773	0.03315866605	-0.02310595608	0.1825267023	0.009524396731	-0.0426399706	-0.01272077959	-0.004516568263	0.02346948516	0.00922059344	-0.02084522863	0.1205834054	0.101549308	0.04293920829	0.007002271112	-0.01744661824	0.03009869759	-0.07392902528	0.03391020962	0.02047526155	-0.03475273412	-0.009812074881	-0.05817003841	-0.07270298376	0.08186841279	-0.02148383999	0.05762544313	0.009093222847	0.01060817515	0.01092606051	-0.2898101794	-0.1485682151	0.09211737809	0.06037358137	-0.01416440149	-0.09004047584	-0.01600761547	0.01460393874	-0.03637908793	-0.2772546262	0.05357530489	0.02063280229
-0.02382407188	0.08920074757	0.09510780025	0.01852052393	0.03451826915	-0.0518651193	-0.01252481388	0.008059547153	0.02229046575	-0.2928829691	-0.3259168639	-0.3328130574	-0.3108594298	-0.3258510321	-0.3148797824	-0.3113725974	-0.2879808799	-0.3323497713	-0.2978330187	-0.2694574547	-0.04559670747	0.01802032289	-0.2970185019	0.01426245322	-0.03916029654	-0.2828746638	-0.2772329945	-0.3185159621	-0.2689954751	-0.03725403431	-0.2704985371	0.01193045454	-0.06724912961	-0.2059160465	-0.009902667924	-0.3267859606	0.01694939717	0.03835759969	0.04279542789	-0.008216025052	-0.0149870101	0.01699071496	-0.2949755491	-0.05149113278	-0.2954243077	0.003925531927	-0.05726167204	-0.03285848768	-0.03554502783	-0.04166851795	-0.008064127637	0.01102040114	-0.3184456914	-0.3227707227	-0.3091558959	-0.04083341529	-0.03797751543	-0.05645205204	-0.3010974968	-0.2877728161	-0.2859246208	0.05324585996	-0.3245515601	-0.009246588801	-0.00571151205	-0.03560208026	0.03048488598	0.06070311195	0.0314295177	0.03144055676	0.1262628489	0.07676513982	0.07933282229	0.2364522474	0.09708009651	-0.004629559241	0.02968300308	0.06966226257	0.08142957676	0.04117106852	-0.02028979486	0.05226310777	0.08483155427	-0.02160986948	0.04999551212	0.06001515234	0.07158258554	0.06433358743	0.0771302869	-0.02058018754	0.030770907	0.03901022369	0.04483571452	0.04849899122	0.08140104455	0.06383344453	0.07601299475	0.06216577971	0.120155361	0.09794685959	0.04067132195	0.1359716236	-0.0008169057458	-0.002128636665	0.06575025249	0.01916448985	0.0401104024	-0.0205486153	0.06328492695	0.02050821165	0.04484203295	0.0522863706	0.0389971168	0.02558749469	0.002491304309	0.04500705853	0.09117518361	0.03580973687	0.003875625437	0.05998136183	0.05436954473	-0.008916080196	0.1351949554	0.1617218599	0.2194178133	0.0144112495	-0.2894472196	0.1383893715	0.04535971353	0.01257800968	0.1242828501	0.07027259369	0.03104907463	0.06197876077	0.04073535051	0.2027770611	0.1760878509	0.0762087867	0.151773828	-0.02662824965	0.01271752948	0.03545590443	0.1071917577	0.001527457184	0.0133728744	0.003218626308	0.06366102951	0.03307806604	0.006424698117	0.09176893174	0.06794622856	-0.0003083531539	0.05899133163	-0.007456315307	0.02659929962	-0.04393189044	-0.02396287869	0.009723194964	0.01421420742	-0.02076274867	0.02736630271	-0.02340661551	0.1212405917	0.002028182078	0.06955211103	0.05682977644	0.02586512004	0.1722600682	0.02518786759	0.0695318761	0.1749883625	-0.04077537811	0.112078702	0.2159313675	0.110093981	0.2240925141	0.1762518927	0.6056897569	0.2349249122	0.05364228871	-0.03314650425	0.04204733326	0.2004106388	0.1925256032	0.003383035358	0.06774798252	0.03620116281	0.1024314179	-0.001057255151	-0.009122570025	0.1353720872	0.05271578704	0.1833083176	0.05812436498	0.01555112109	0.03095588863	0.0153275651	0.2442675342	0.08626727665	0.06577746102	0.02885808905	0.01243882156	0.1148462476	0.07509050224	-0.02231056569	0.02244145196	-0.01541377338	-0.03898254147	-0.009747505084	-0.02809458163	-0.02838470666	0.005349685566	0.02172042675	0.07012150575	-0.02369396966	0.1500122768	0.08620542328	0.07305172217	-0.01379131584	-0.3201931066	-0.2192905374	0.1707586315	0.1237521092	0.0770073227	0.02937037583	-0.06523079825	0.007742058147	-0.02327885402	-0.3338142462	0.1306348562	0.005935948991
0.0873915153	0.190285028	0.1917071584	0.08622640132	0.07497636497	0.003209401327	0.00984824484	0.1105232637	0.1188604092	-0.3517445061	-0.3835980411	-0.3875146848	-0.368723476	-0.365245281	-0.3707790787	-0.3681502358	-0.3437581131	-0.3878539273	-0.3551937346	-0.3237102193	-0.08000030745	0.01898042654	-0.358091502	-0.05962740859	-0.09021426959	-0.3317725266	-0.3257641311	-0.3695601255	-0.3155869787	-0.09811851603	-0.3170322968	-0.007299501086	-0.05567085545	-0.2638496946	-0.02825891136	-0.3730121861	0.09120310852	0.1039365867	0.1113245453	0.002687575355	-0.0231573334	0.05761336902	-0.3543126264	-0.1156519457	-0.3539322304	0.02578444702	-0.07692465761	-0.009771506318	-0.1421741706	-0.07685527427	-0.1053008662	0.02343011518	-0.3627486598	-0.3651133957	-0.3590396363	-0.1053673159	-0.09530174272	-0.0748385279	-0.3519346701	-0.3370331446	-0.338657804	0.002474927984	-0.3700065679	-0.0700336696	-0.06726955013	-0.06441855574	0.08559115119	0.1055932931	0.07922586728	0.1200141063	0.1618872493	0.1507940126	0.1536518222	0.2872407159	0.1591438181	0.0720415487	0.01770873293	0.110329853	0.09542619006	0.1138924619	-0.0357625964	0.01942408981	0.1315814828	-0.0001045311869	0.04202721265	0.1449043636	0.1478812588	0.01226766814	0.08532619601	-0.04939740726	0.0927053662	0.02865584057	0.005049899937	0.1127522236	0.00277779292	0.05516524819	0.03601068777	0.04514972137	0.1956644941	0.1933439001	0.02351593052	0.244866313	0.0497024281	0.08451525506	0.02630299054	0.05507716057	0.0003930131286	0.03698622644	0.1157244552	0.04781222542	0.09419604207	0.0573568883	0.1072808605	0.02141837443	0.04840346411	0.05050981194	0.01019324707	0.0511248635	0.0788068689	0.03792161826	0.04770552187	0.03163871775	0.05115201498	-0.02033334191	0.07320625802	0.0478609659	-0.3466553338	0.1887842557	0.005623792005	0.006824654968	0.07299894661	0.03202152429	0.03561820697	0.06086493305	0.07110877053	0.1913282972	0.1753119672	0.03460562397	0.1149182801	0.01984067103	0.02183896651	0.07013348554	0.01625497357	0.05972620489	0.09827171485	0.07823887776	0.114574684	0.03813982421	0.04324693465	0.02546875085	0.03667001201	-0.01816633335	0.05076898473	-0.02625516316	-0.03342188039	-0.02350201458	-0.0794109518	-0.1136347706	0.002111681327	-0.05853756442	-0.01658601887	-0.01132266278	0.1620700368	0.0778051216	0.1540783336	0.03452666531	-0.0815443363	0.1706736705	0.04683895736	0.05562510423	0.1421310437	-0.1044809528	-0.01691841501	0.2181633498	0.1018267598	0.06832962631	0.1600541517	0.2349249122	0.5231441322	0.08772788641	-0.008744334401	0.02653909957	0.3491271861	0.2644766799	0.08475089132	0.07595547527	0.02055426099	0.1315015041	0.08190746792	0.08056585742	0.1684958395	0.1248036795	0.1851483938	0.05152382636	0.07816863065	0.1096172007	0.0627832208	0.2237238009	-0.0002504837686	0.07179954241	0.01344300842	0.004379514952	0.02783202126	0.05622977882	0.00300772215	0.03512339644	0.05270807008	-0.07498323766	-0.01724533573	-0.05368490208	-0.08769707461	0.07885466274	0.06601758712	0.1659085376	-0.02929482933	0.1938890034	0.1023231272	0.02121320919	-0.01091352483	-0.3794237978	-0.2528562334	0.2333932092	0.1754226644	0.1534472846	0.08349026247	-0.09865520735	0.02553437039	-0.02369092352	-0.3980246526	0.1933436298	0.1238921106
0.09966349015	0.03143673449	0.09804489068	0.1060396292	0.01438484609	0.02294978102	-0.005631813597	0.0344099599	0.08927489147	-0.3893811701	-0.3732922492	-0.3807704365	-0.3562562916	-0.3567262601	-0.3598576462	-0.3577053887	-0.3846661878	-0.3783858237	-0.3505200107	-0.3622410194	-0.07462989668	-0.09569232433	-0.3459255891	-0.07826550209	-0.04833157872	-0.3727202993	-0.3650755055	-0.3609465315	-0.3625568892	-0.06558114073	-0.3623681615	-0.1096008883	-0.06401837395	-0.241384183	-0.1041063141	-0.3607168987	0.05970046466	0.07579447484	0.08833849744	0.01156303511	-0.03616079548	0.03374066745	-0.3956330674	-0.07609485664	-0.3790406128	0.04036561983	-0.08768522098	-0.01009755725	-0.1018795552	-0.09455075846	-0.04929955686	-0.07687731127	-0.3539349388	-0.3601386689	-0.3518578995	-0.07290281794	-0.06760511267	-0.06498197403	-0.4068427716	-0.3903542792	-0.3860059295	-0.05447920464	-0.358931966	-0.04689733064	-0.0664172751	-0.06154309044	0.05331473737	0.03329270542	0.04079603603	0.05442676868	0.09931792049	0.08666137493	0.08470803986	0.03244359353	0.03291998727	0.1213107459	0.1617196962	0.05519369974	0.1260897666	0.08895950655	0.05061598564	0.1260535738	0.1084824931	0.1159319127	0.2991425524	0.06769607575	0.07243342613	0.1603899995	0.1321353931	0.0264275752	0.05369192168	0.1830924695	0.05690603183	0.1098657175	0.128685648	0.1894400618	0.2137267942	0.09433986323	0.1151653026	0.06720931324	0.09945718319	0.09642108956	0.06445393417	0.07133443779	0.06427084316	0.1081440716	0.1345886868	0.07259083102	0.01467076673	0.128380434	0.1350569473	0.03158478301	0.03679031252	0.1740194641	0.1368902997	0.0243670287	0.2530625496	0.235625128	0.1356020552	0.1889871985	0.1375686746	0.2204245339	0.04259468736	0.02792485087	0.08731232605	0.01959369638	-0.3869754198	0.1238273868	0.1269474755	0.1245087519	0.0496480994	0.1606862136	0.07637442878	0.1861527491	0.05257260145	0.06860933438	-0.03196142545	0.2185509755	0.1425095122	0.01720945355	0.1243481688	0.08163568613	0.2095054492	0.09441077692	0.1125447968	0.1248815802	0.07137012853	0.2224679922	0.09820999541	0.2291265457	0.01011982584	-0.05190834607	0.01398779782	-0.02677298783	-0.004351676972	-0.01676428003	-0.001903660777	-0.04165859745	0.02069248131	-0.006718550369	-0.01169734145	0.09791128579	-0.05857340322	0.08612241463	0.0804695661	0.2053727873	-0.09626106039	-0.02991426565	-0.06697212884	-0.05114986178	-0.04899732233	-0.06955651299	0.02882004893	0.139156287	0.04769098653	0.09832230154	-0.03908988362	0.05364228871	0.08772788641	0.5137340816	0.1917888253	0.1605117494	0.0692893305	0.09682787168	0.1182386129	0.2184505736	0.1898497685	0.1612822916	0.0722590103	0.1220602945	0.05231575591	0.09965343281	0.003142256068	0.02501607396	0.003200035353	0.05989608411	0.000242173794	0.06632013481	-0.02656307187	0.05077032164	-0.01424819429	-0.02013594644	0.05132029947	0.04458024159	0.02193645479	0.03760257486	0.01743789415	-0.006010463297	-0.01556167699	-0.05843115482	-0.08662135991	0.06897774805	0.0739325571	0.0748615706	0.03535068198	0.124809221	0.1000781063	0.1134975064	-0.1107868354	-0.3542800526	-0.2443834986	0.06605002357	0.06678650446	0.0503512043	0.1237446626	-0.05501027358	0.04110578153	0.007499851749	-0.3651236741	0.07174625167	0.07328749227
0.004469903158	0.07374406466	-0.047182702	0.0302004271	-0.02586901095	0.1214385471	0.01786160967	-0.03246988356	-0.0002773233217	-0.3149649432	-0.2836446701	-0.2900638191	-0.2868754919	-0.2618242198	-0.2314509776	-0.284145717	-0.2944694946	-0.3004251864	-0.232753002	-0.279780608	0.00584052546	-0.03214980344	-0.2425180201	0.006963743058	0.03103874223	-0.2563263898	-0.2746879021	-0.2730890384	-0.246743253	0.0372605482	-0.2749191398	-0.00929691694	-0.01855673464	-0.1463640472	-0.003776326737	-0.2569486787	-0.06193532255	-0.04875654473	-0.06898882098	-0.04468873777	-0.01408498561	-0.067507599	-0.2796589678	0.006831320836	-0.249219866	-0.04911006665	0.0164008479	-0.01732510946	-0.006359034483	-0.03302463169	0.007160931099	-0.004146471515	-0.2310924353	-0.2603986195	-0.246613475	0.03990010411	0.01929778568	-0.04480608525	-0.28070668	-0.2667481015	-0.3031587044	-0.0252028982	-0.2660968376	0.006308148353	0.03056392621	0.007856854171	-0.04494188338	-0.01332228978	-0.05897091555	-0.03819564591	-0.06939372338	-0.004467154944	-0.01021034543	-0.04595126266	-0.06448637929	0.004283925332	0.0590792656	0.04875064599	-0.02365217171	-0.0541123742	0.1468207639	0.05320521612	-0.003259829558	0.1214252451	0.1221218465	-0.01488041091	-0.008302960807	0.2479715212	0.1679764877	0.4388406185	-0.02763131157	0.3016637091	0.239275069	-0.04175741177	0.2380208233	0.2632800583	0.4169680393	0.08919347116	-0.04772730734	0.02656181677	0.077279322	-0.07677820019	0.01616896325	0.1037652932	-0.02361049677	0.1406949097	0.2520506633	-0.01150587564	0.09822901864	0.03743358036	-0.02347798103	-0.06605857186	-0.0350546834	0.1328183709	-0.02567665766	-0.001194808808	0.2141954301	0.0484262493	-0.03090458526	0.3844578043	0.2339825263	0.07256588329	0.03850097425	0.06461251333	0.01740497758	-0.01068130292	-0.2736529111	0.03159646367	0.2536919082	0.3080301306	0.0277246602	0.3533505887	0.08265657651	0.1032849881	-0.01160781724	-0.009741636928	0.04219045868	0.4108431087	0.1923024118	0.08812703774	0.008919274376	0.01538520049	0.1586065014	-0.04900548612	-0.009592154083	-0.03191146007	-0.07365324767	0.1766724232	0.03179054363	0.1898166193	0.02447945985	-0.002580127213	-0.03440744831	0.04077501508	0.02841390195	-0.01411355177	0.04097948229	0.03534279504	0.04401352216	0.03499333089	0.001868018179	0.08843256959	-0.001068501247	-0.02314667392	-0.008705139765	0.1064852806	0.01277209864	0.04251891682	0.1092213984	0.07223920579	0.04429520216	0.173363928	0.01613672329	-0.04465515212	-0.02619984898	0.07231075825	0.04278223187	-0.03314650425	-0.008744334401	0.1917888253	0.7852632702	0.06117069181	-0.06298148434	0.00145836048	0.08145334135	0.01615654175	0.1357180316	-0.01169311955	-0.02420721339	0.01291508865	-0.03340889061	-0.02788249373	0.1003197147	0.02697212777	0.0131008919	0.03822413245	0.02917715504	-0.03589085738	0.09605834356	-0.06936374298	-0.02294672131	-0.04052927377	0.03695541361	-0.06959659448	-0.05499980292	0.0598307268	-0.02506577139	-0.02747338657	-0.03728043134	0.01597255215	-0.01147410677	-0.02951406784	-0.06319318215	-0.03413342768	0.2609125501	0.01474078581	0.1313969236	0.1035268766	-0.06332782156	-0.2795208083	-0.1591701436	-0.04531523014	-0.01341103536	-0.05963098043	-0.008199144743	0.025928604	0.03743090748	-0.006456345182	-0.2513276	-0.02650068179	0.03378856909
0.2054007583	-0.006419953725	0.1183199081	0.121287465	-0.01033819455	0.04368321022	0.03058089017	0.03551229048	0.1082838889	-0.3440606288	-0.3513629271	-0.357955807	-0.3373834215	-0.3397090788	-0.3405516146	-0.3350870446	-0.3441058124	-0.3363526549	-0.3369624632	-0.3436522087	-0.0721660622	-0.08164170857	-0.3272337504	-0.04138101775	-0.02839770084	-0.348332845	-0.319480343	-0.3017123391	-0.3437544588	-0.01997758581	-0.3392726356	-0.09858853343	-0.06091165654	-0.2168597213	-0.1020672804	-0.3372986055	0.05368850469	0.05597938255	0.07204155562	0.01024748056	-0.04121089001	0.02023383	-0.3522771	-0.0419389066	-0.330994662	-0.01615185272	-0.03880428319	-0.03458211715	-0.03743788027	-0.06962863996	0.00725961362	-0.04955346631	-0.3075064626	-0.3412798458	-0.3285230354	-0.02738580729	-0.01724641625	-0.05987205397	-0.3641203108	-0.3753855271	-0.3419653825	-0.04017617364	-0.3056969658	-0.02166293114	-0.031226926	-0.006128502144	0.04703028584	-0.01712747492	0.04569034106	0.04535937176	0.1010288758	0.09826847962	0.09847325833	0.03889364706	0.05326451434	0.1508485432	0.05985412674	0.02294488811	0.1078510885	0.06183696876	-0.02505314157	0.06780142676	0.064462466	0.04993494721	0.1704573796	0.125625373	0.07816489027	0.1008917053	0.08702125198	0.022826764	0.1699610879	0.1169697933	0.04340150615	0.1036128631	0.03058345777	0.1118452714	0.1104328989	0.05358029623	0.0743580021	0.04613023092	0.06976857459	0.1102545694	0.05176480213	0.06670422196	0.04511434096	0.04266931165	0.1375761535	0.09675802775	-0.01392640254	0.165017838	0.1041975679	0.02579058472	0.04382835479	0.2791613299	0.1629137563	0.1718453934	0.1403947488	0.1474080057	0.1190938034	0.08105854698	0.1083853245	0.08859989937	0.0894367048	-0.01505960224	0.05412163832	0.08476120108	-0.3463556496	0.03349056191	0.1314587251	0.1060525822	0.01190522252	0.1074644957	0.0518385068	0.09756402924	0.0597067877	0.03330249074	-0.0391825048	0.1110118615	0.09679020265	0.0253776447	0.0711216598	0.2217488198	0.09290576103	0.1556809669	0.1247786172	0.1270802878	0.07595188263	0.2543856444	0.07382028431	0.08416610824	0.04687125096	0.002736528874	0.02613313774	0.005877014036	0.04345755485	-0.006015802845	0.02201556271	-0.01410124424	0.05308442382	0.02064222226	-0.02621547648	0.1141590121	-0.06625298459	0.09703745652	0.07038898101	0.1505795643	-0.04132947897	-0.02825917186	-0.03613154483	-0.02626611169	-0.0349199989	-0.001481661797	-0.00252907766	0.08479945744	-0.002251091088	0.1103714492	-0.04276994508	0.04204733326	0.02653909957	0.1605117494	0.06117069181	0.5521378177	-0.001453008559	0.05956114487	0.1114922155	0.1230120768	0.1968263107	0.1461879923	0.1149888644	0.1658682446	0.08142442257	0.1241711035	-0.01145175957	-0.009862607016	0.05007125251	0.01393027913	-0.01051970544	0.064049971	-0.02569311731	0.03657912063	0.03292882111	-0.01764058052	0.1629754408	0.06000758605	0.01134107639	0.09145197146	0.009084593664	0.007964349696	-0.01532201404	-0.03094360726	-0.02034987611	0.115773092	0.08627120245	0.05940383211	-0.008591845683	0.1021648072	0.05537027537	0.04956038606	-0.1156635696	-0.332441936	-0.2196513558	0.02954280017	0.03678080861	0.02940898071	0.1137747538	-0.04102955178	0.1212369387	0.001810475158	-0.3224464318	0.05242095927	0.08791444594
0.1067968	0.1033212565	0.1763541083	0.06967165167	0.1087631702	0.02344880213	-0.02000144559	0.1001024774	0.05804174866	-0.3074267487	-0.342094401	-0.3472244695	-0.3248683941	-0.3181695933	-0.3319934383	-0.3272084675	-0.3019076073	-0.3469499882	-0.3486626441	-0.2815745711	-0.06854228479	0.02603018048	-0.3507797053	-0.003290576181	-0.03682764348	-0.2822248622	-0.279271156	-0.3173089649	-0.2647957835	-0.04212107225	-0.2630492174	0.09190946909	-0.04416427433	-0.2628362067	0.05026469164	-0.3213242151	0.06193863437	0.08951259812	0.07954847362	0.03426730377	0.03402586171	0.06408619772	-0.3068319174	-0.1126054954	-0.3050772801	0.04608085218	-0.006596048569	0.01682149365	-0.1298928636	-0.06170891392	-0.05184670967	0.01067051996	-0.3202963852	-0.319001173	-0.3147884767	-0.04966488149	-0.03985954749	-0.04128164458	-0.3117938014	-0.2989348527	-0.3032645132	0.01529123845	-0.3183584772	-0.01852083476	-0.01093701833	-0.06385968307	0.05134382754	0.09921401388	0.06318292402	0.1063169705	0.1684532578	0.118443647	0.1190290763	0.1918894414	0.1625420908	0.04632883896	0.001738257457	0.1219255583	0.07007459628	0.08286823773	-0.0569099725	-0.01880147373	0.1120905086	0.06041848563	0.04075461165	0.09260273055	0.1149632595	-0.02192990341	0.03135694518	-0.08606957424	0.04207988799	-0.0239522536	0.03082791699	0.08808827224	-0.03158472842	0.01029002581	-0.01481479934	0.003066337759	0.1809371232	0.286913026	0.005174858837	0.1938703516	0.001786072391	0.07642169181	0.07452845512	-0.01624601033	-0.005555233768	0.07800451758	0.1347648689	0.003812139943	0.07503856991	0.05647363664	0.1437299725	-0.003133605393	0.02892314985	0.06167560204	0.00866696734	0.04635922632	0.06535633706	-0.01857697718	-0.01368962567	0.08110727847	0.04609353309	-0.06427217607	0.02937679493	0.005829581906	-0.3008084976	0.1457802737	0.0004156623006	-0.01666966366	0.05075940071	-0.01347982722	0.07963949705	0.01121266973	0.1154662459	0.1915942853	0.1504731474	-0.01202257811	0.09397951185	0.01762507959	0.02234080725	0.02317650779	0.008804175683	0.04404028619	0.07051423495	0.06088983167	0.08153927046	-0.008329586816	0.01917496398	0.008591874407	0.05280004098	0.05700056107	0.0003170763891	-0.04433200433	0.01614705011	-0.02907800293	-0.009849988222	-0.05323541098	0.04401456354	-0.05027177385	0.003635439556	-0.03076866213	0.124027048	0.05495107159	0.1571477204	0.06861887014	-0.1132827887	0.1292554052	0.01825800672	0.01735498811	0.1146152005	-0.1039690389	0.02810254054	0.1989307123	0.1261908668	0.08275675963	0.1290846646	0.2004106388	0.3491271861	0.0692893305	-0.06298148434	-0.001453008559	0.5571216425	0.3241518267	0.05531035239	0.1005520834	0.07002693858	0.1072047628	0.05142020213	0.04845339153	0.09323659424	0.09043926046	0.14577187	0.03032395622	0.04280319268	0.09984074504	0.03955477559	0.1387184117	-0.00332087504	0.06559525598	0.01435053167	0.01173729225	0.03619784781	0.03504539304	0.01295995675	0.04644692601	0.04024331368	-0.01943449482	0.06807612449	-0.04789118496	-0.06671731572	0.04876658659	0.06155721924	0.1323961182	-0.07180938153	0.2285580478	0.04700100171	0.008464344249	0.01475897235	-0.3827214337	-0.2650489893	0.2604766543	0.173944863	0.1321630252	0.06347717117	-0.04779693608	0.005230487349	-0.02164999044	-0.3975406324	0.139409566	0.1082169555
0.06581201032	0.1221735999	0.1133856349	0.1446700929	0.04703377482	0.05548196352	0.01228882562	0.08863925753	0.1319164035	-0.349462067	-0.3837970666	-0.3884758259	-0.3682468926	-0.3591863063	-0.3617980996	-0.3680297241	-0.3437214137	-0.3914220994	-0.3493010885	-0.3224856335	-0.08094359823	0.01532283723	-0.3492373263	-0.03462996912	-0.07245902753	-0.3279081651	-0.3195843343	-0.3527825299	-0.3073729178	-0.08016746483	-0.3022296637	0.01654279561	-0.04375235979	-0.2640350508	-0.007088373129	-0.3587269201	0.0723417376	0.08934670998	0.1050385024	-0.008318613007	-0.02524601731	0.03959727746	-0.3505729459	-0.1116944714	-0.3410897613	0.004797398377	-0.07598629947	-0.01656219911	-0.1082039841	-0.08014463735	-0.06688795328	0.03694640725	-0.3663283756	-0.3601136522	-0.3496584327	-0.08758425559	-0.07474130157	-0.05415965249	-0.3572861868	-0.3416459107	-0.3452788339	0.01184212443	-0.358848036	-0.05473583436	-0.05053216509	-0.03929532027	0.07059299775	0.09428999654	0.07913826613	0.08864000096	0.1175289376	0.1609705647	0.1551314782	0.1149323419	0.1083127196	0.08761996915	0.03623455858	0.1741571945	0.09967704655	0.1119215218	-0.06168349923	-0.02149449245	0.1209175563	0.03932871446	0.08346742112	0.1077484922	0.1328330382	0.02223418657	0.05273484074	-0.02051565909	0.06758087546	0.04483727376	0.03082995051	0.1377857147	-0.02220319068	0.06600563678	0.04267558449	0.003208740276	0.177444294	0.3055676326	-0.0009353838693	0.1461962462	0.01613629463	0.1388558477	0.0466830051	0.01360722022	0.06129681414	0.100487742	0.1197928154	0.05019361043	0.09647330717	0.02470902162	0.09917568333	0.03824333099	0.03520997652	0.08723317335	0.06885620403	0.06261330614	0.07462686084	0.021511071	0.04649222548	0.1045512261	0.1746792625	-0.006126144373	0.1318738594	0.02891190762	-0.3433900958	0.1180582231	0.06744086788	0.05265419247	0.06884438391	0.04381210996	0.01498597536	0.01926418162	0.1026612237	0.2499586373	0.1386137621	0.0453465586	0.1007439646	0.02905205642	0.01700374145	0.04607818004	-0.001647526994	0.07345587203	0.09184275914	0.07738243573	0.0977261869	0.04272292263	0.02405590488	0.00788976914	0.07223941575	-0.03214929336	-0.03523597089	-0.05335926542	-0.04513764858	-0.0274083709	-0.06384774915	-0.1040730303	-0.02954191063	-0.05907446737	-0.05604023314	-0.001242303715	0.04336702102	0.07047391471	0.1562918565	0.09671282357	-0.1358005943	0.1208901384	0.05665461148	-0.006663955742	0.09261049152	-0.09045939819	0.008794645196	0.1799157552	0.05541344644	0.2119448307	0.1100185705	0.1925256032	0.2644766799	0.09682787168	0.00145836048	0.05956114487	0.3241518267	0.4933666106	0.1092857286	0.07526148434	0.03582864506	0.1283901202	0.09351075071	0.09077571359	0.09149609233	0.1449208788	0.1338617274	0.08562372527	0.05784180288	0.07563632951	0.04720865039	0.1230257959	0.0105316975	0.0699618224	0.04145670879	0.01442588197	0.07927949037	0.03836921428	-0.002131688881	0.1230498704	0.05683855556	-0.06231713636	0.0008717975174	-0.0375312803	-0.06494802774	0.08802169985	0.06474399084	0.1175593853	-0.06395556415	0.3367696866	0.0466035857	0.01429176448	-0.01948866303	-0.3839840346	-0.2681520311	0.3065575455	0.2356761737	0.05930620976	0.1015221217	-0.0855025022	0.03642796919	-0.009709670807	-0.3954745627	0.1382046783	0.1166223701
0.08254423154	0.09030729527	0.04019186138	0.1269980725	0.0182065104	0.1083319012	0.02868968822	0.0350728155	0.1964851776	-0.3882472008	-0.3825472303	-0.3791096084	-0.3662436076	-0.3358276757	-0.3389547223	-0.3718649889	-0.3868994827	-0.3790661415	-0.3181391937	-0.3844484086	-0.04851161328	-0.0845244612	-0.3301418663	-0.0410939172	-0.008043729543	-0.3463372887	-0.3421567672	-0.3320064564	-0.3457064929	-0.01855021552	-0.3449431981	-0.04350011586	-0.09104854908	-0.2261926551	-0.06881997887	-0.3349732869	0.0006278969081	0.002102687713	0.0460863415	-0.009052039121	-0.02782279422	-0.01766437713	-0.3659180702	-0.05788763316	-0.3494289705	-0.04698818666	-0.0363039026	-0.01738683687	-0.03105243558	-0.08217175943	-0.0324667613	-0.0620161664	-0.3393166415	-0.3457496583	-0.3269889829	-0.01358525299	-0.007122698742	-0.07069684968	-0.376783559	-0.3914850462	-0.3536253767	-0.084705503	-0.3289474096	-0.06217415346	-0.05753115481	-0.05228753141	0.1069963309	-0.008504010203	0.0455987351	0.01071931033	0.09266894214	0.0804505228	0.07443108453	0.002555291176	0.1479024427	0.07426660313	0.2048881655	0.2294582222	0.06812952622	0.07226846878	0.04293619381	0.07071986168	-0.01035302045	0.1513284967	0.1588278895	0.0191253989	0.04562731397	0.09720124916	0.04695723414	0.1012136134	-0.02199978197	0.08040571424	0.0625103389	0.07609793816	0.03795794199	0.05264124561	0.03159509696	0.0001368084766	0.04693344885	0.1670342574	-0.01014698666	0.07919927045	-0.01299764219	0.3525424172	0.06959913337	0.0006687399241	0.03527332139	0.1128955273	0.02912621296	0.08448012485	0.06786446729	-0.003628690124	0.09693430328	0.08418086566	0.05120148474	0.1078595478	0.1284164258	0.05282376492	0.05847997944	0.09220287095	0.06570500364	0.1285425019	0.1122954573	0.1620987856	0.1367071843	0.06421671067	-0.3588766532	0.04396572016	0.03824070511	0.102489662	-0.04493105887	0.04274734353	-0.03026386197	0.02699683086	0.06101110586	0.02025232735	0.1895058658	0.03213553999	-0.02496175612	0.1417325335	-0.006233571344	0.04823373991	0.03936985029	0.1271263273	0.06205286659	0.05769573308	0.03097427765	0.1643069278	-0.003658809494	0.02271918492	0.118932917	-0.002984139944	0.116269073	0.1106763426	0.1268475921	0.02688216982	0.09418517589	0.05844230412	0.1573263374	0.08446205433	0.07026345679	0.1415520096	0.07035241288	0.02533986617	0.05017738148	0.0869758106	-0.00762895965	0.1628872726	0.1533897035	0.1598231178	0.1387606669	0.1453626537	0.2289005129	0.06146040368	0.06565818196	0.1016169257	0.1806272744	0.003383035358	0.08475089132	0.1182386129	0.08145334135	0.1114922155	0.05531035239	0.1092857286	0.5295852598	0.08830833169	0.06251338139	0.08170411394	0.02969960448	0.08529327178	-0.0558650376	0.09060713589	0.007176342802	0.06080632318	0.04048758885	-0.01071356144	0.05119540608	0.004682911121	0.02085184456	0.09831240732	0.2054278685	0.2153703878	0.09884571248	0.08982855205	-0.009612667756	0.1565939169	0.03660801482	-0.02246550551	-0.002489866344	-0.06149179321	-0.06348598531	0.03074792042	0.05260953651	0.0579685094	0.04183998041	0.09681613919	0.00193685654	0.01743020359	-0.1150139523	-0.3750686415	-0.2421946907	0.144577124	0.1073545778	0.007079794686	0.06295244994	-0.04146388369	0.1059270727	-0.0365755847	-0.359460233	0.03954429464	0.1062615103
0.1430686584	0.01546470982	0.05646888426	0.09058759617	0.06006046603	0.007196054341	-0.0200194504	0.02465006897	0.1194673979	-0.3273952172	-0.3139036337	-0.3228986357	-0.2989412585	-0.298518942	-0.2984359583	-0.2982009738	-0.3259129093	-0.3225466567	-0.3250695706	-0.3095567404	-0.07015766002	-0.08606896737	-0.3367006149	-0.04386028251	-0.01906595201	-0.3125522286	-0.3060419791	-0.2962993517	-0.3070946265	-0.03071560644	-0.3037295004	-0.05576051622	-0.07211638192	-0.2300526874	-0.03907439998	-0.2973200818	0.0679759861	0.05052065419	0.06894899698	0.03155318472	0.01701443682	0.01790719351	-0.3314644475	-0.09037016916	-0.3173053086	0.03305039705	-0.04105026429	-0.02693092809	-0.09337949282	-0.08195196208	-0.01226230668	-0.0760415014	-0.2969616671	-0.3005835549	-0.2871077606	-0.03567673177	-0.0244631439	-0.0530340511	-0.3399928995	-0.3361085149	-0.3288467657	-0.04253770157	-0.3034269592	-0.001671918305	-0.0313422121	-0.0702851153	0.01476152507	-0.006554113814	0.03133717701	0.05182587496	0.113388227	0.07512408562	0.07611224057	0.06509879191	0.05182740313	0.09983719523	0.2151158411	0.03138546684	0.1320530679	0.05444854603	0.05878878332	0.09963131801	0.02903625823	0.1166576652	0.1834593286	0.05463526889	0.0943703676	0.07777862888	0.09080194472	0.04561719365	0.0953977826	0.1043506767	0.05895907008	0.1013917939	0.06694052797	0.1063903916	0.08815895477	0.05913673163	0.08965321777	0.061499687	0.03319919747	0.06801299326	0.0789429298	0.08943347826	0.1921822323	0.07929871216	0.1040906016	0.04855914923	0.04796785731	0.127828879	0.09045951675	0.02842075916	0.08314603192	0.1071633671	0.08942509617	0.04631960716	0.1415646852	0.1375997704	0.08003501024	0.07062662772	0.108609095	0.1307048804	0.01325742678	0.01683504213	0.05331075977	0.0203991134	-0.3253098156	0.0478110173	0.07364513571	0.1121259991	0.02540712514	0.0981054555	0.07281200284	0.0982282111	0.1019396252	0.06983324509	0.007018670141	0.08902563503	0.03609408415	0.03185814462	0.06575993829	0.07795329512	0.09920653312	0.0765879758	0.06141700348	0.07368364479	0.07358904024	0.1405266292	0.01686896216	0.08083399891	0.03642098205	0.01391655965	0.01481439462	-0.01199784048	0.05005428298	-0.03540173017	0.071593035	0.07779829846	0.09799312126	0.01783025975	0.1251111539	0.1300851469	-0.05228396456	0.06777939454	0.06584280544	0.09192852142	-0.02174650686	-0.02231024236	-0.09452188382	-0.01546003572	-0.005746771204	-0.01349937046	0.08492523974	0.05877627898	0.001139380646	0.06209685957	-0.01429950771	0.06774798252	0.07595547527	0.2184505736	0.01615654175	0.1230120768	0.1005520834	0.07526148434	0.08830833169	0.5787961298	0.2639274796	0.1680214286	0.0790128169	0.1026164981	0.04735585933	0.09462805055	0.006744656588	-0.009131283175	0.008493851675	0.01445753269	-0.002290315736	0.02259476586	-0.06004318686	0.04517535114	-0.02091733811	-0.0276086782	0.08657399648	0.06264919063	0.009989790469	0.06718201055	-0.007580268461	0.07331816439	0.03361107979	-0.05998122439	-0.08615966684	0.06993553287	0.04944458627	0.1097761909	0.02902375628	0.0936125944	0.07067643661	0.07142643968	-0.1056782816	-0.3388984723	-0.2274664329	0.04963327569	0.0601346083	0.03734572595	0.119548666	-0.009854179429	0.03030398	-0.01587760217	-0.3497176769	0.06018407972	0.06476784936
0.1141452945	-0.0262569841	0.0315046914	0.09036374546	0.02426638676	0.01597343161	0.02363585448	0.02126692394	0.07137139389	-0.3384626843	-0.318756243	-0.3265148825	-0.3061310551	-0.3031846088	-0.2888073058	-0.308678731	-0.3318415117	-0.3309718406	-0.3130525851	-0.3107846766	-0.04553233271	-0.06661098836	-0.3365037437	-0.030138347	-0.006489825073	-0.2924376647	-0.3103520975	-0.3024069025	-0.2812181881	0.01418168045	-0.3051644406	-0.02113801322	-0.05137583091	-0.2146161355	-0.03411813516	-0.3025045829	0.02000222411	0.02541408055	0.03023536869	0.0336169893	0.02299340837	-0.004148027824	-0.346031768	-0.05242437578	-0.2974549307	-0.03254721625	-0.01572195289	-0.06057119496	-0.0819147498	-0.05313958082	0.006736369213	-0.05964162185	-0.2767943103	-0.3012614216	-0.288200275	0.006594706873	-0.01409487781	-0.07061022003	-0.3325198899	-0.3148200264	-0.3389009446	-0.0406819826	-0.3061385354	-0.002009104762	0.00910413364	-0.03044239126	-0.02645045175	-0.05805728638	0.003515446327	0.003082521805	0.04699945768	0.03206492601	0.03456193887	0.03988848839	-0.001880944008	0.0873281691	0.0783112043	0.003055379489	0.04708445975	0.01618009584	0.06941096059	0.1123877714	0.06761092395	0.04544191382	0.1823461771	0.05035956282	0.05512880277	0.1324655762	0.1359439472	0.1178751407	0.01477298442	0.2455000191	0.06034875453	0.06287899615	0.1439071781	0.1495775162	0.1532536019	0.08436175438	0.03478474753	0.004884199619	0.07038283509	0.06509255387	0.06486293797	0.0699895808	0.08473839587	0.1031924001	0.1924056879	0.009862709819	-0.01726375041	0.1449132118	0.09981830518	0.009356721583	0.02767940935	0.1914482666	0.09583312628	0.02473692058	0.2212330971	0.1572859463	0.05837006385	0.1337595702	0.1471266285	0.06118213865	0.01323354224	0.02472726443	0.04966268364	-0.005479859714	-0.3393405058	0.03661152118	0.1700888268	0.1886075791	0.05138144045	0.1684926385	0.1428559558	0.09834162382	0.07481151839	0.05154869983	-0.01101751659	0.1588368419	0.0912368351	0.03483513636	0.04935115282	0.07275802757	0.1874695542	0.03872650628	0.04330086018	0.05780436957	0.02216733325	0.1955215005	0.0372390641	0.160780883	0.07456380423	0.05370337268	0.02070682185	0.02072001005	0.1109067504	-0.008485239579	0.1082625346	0.1300427884	0.1246099361	0.05007519588	0.09295119353	0.04188073879	-0.06242924216	0.05645683238	0.01490704685	0.1572613563	0.003166737181	0.008683169672	-0.04036273116	0.01306724674	0.01168483664	-0.007696695324	0.03747736256	0.06302148723	-0.01250980965	0.07643183112	0.007456726023	0.03620116281	0.02055426099	0.1898497685	0.1357180316	0.1968263107	0.07002693858	0.03582864506	0.06251338139	0.2639274796	0.6009855107	0.1150946778	0.05836919655	0.09537242246	0.06836128084	0.07067320513	-0.04486167813	-0.03139314081	-0.02863290063	0.007656032341	-0.03924910831	0.03009343491	-0.04054380644	0.0008466921988	-0.02133343827	-0.0555987735	0.127124438	-0.002698391367	0.005232167503	0.003022417562	-0.03131854495	0.04328830656	0.008726401583	-0.03900104548	-0.05157426129	0.05907077156	0.04918853166	0.03831817915	0.07391252894	0.1005324709	0.09582188094	0.1174078887	-0.0941698661	-0.3227771409	-0.2115105446	0.00525501227	0.02085270946	0.008278936274	0.05646272405	-0.006140371415	0.05164105816	-0.01818283478	-0.3326814505	0.04747980287	0.007827462176
0.1140648625	0.1312584953	0.1407637667	0.1224200049	0.05475946144	0.01619384156	0.06099062959	0.1119364079	0.1075580238	-0.3847134844	-0.3664389186	-0.3780758928	-0.3518833291	-0.345537493	-0.3487585143	-0.3535391672	-0.3813374458	-0.3714982047	-0.3370733119	-0.3601456252	-0.06758072099	-0.07390250749	-0.3381966337	-0.08838783098	-0.07109522515	-0.3584975345	-0.3549725952	-0.3438055551	-0.3556199523	-0.07245873292	-0.3504996171	-0.1030856382	-0.04451121559	-0.2308681606	-0.08489483881	-0.3476199601	0.1000025459	0.09098543715	0.1255275648	0.01361913322	-0.01058065783	0.04537960646	-0.3915879679	-0.08441622405	-0.367514188	0.05326216643	-0.08337131026	-0.0237070601	-0.09966379333	-0.08427167599	-0.03899711077	-0.04485602397	-0.34271469	-0.3486780895	-0.3347981983	-0.07981431532	-0.07274303197	-0.05480059498	-0.3994500567	-0.3831911911	-0.3793519751	-0.04308422412	-0.3543668745	-0.02851415003	-0.0536371152	-0.03743422828	0.1134282354	0.05727166164	0.1096322991	0.1016793436	0.211931625	0.09561468121	0.09300420583	0.1373299277	0.1159271046	0.1219553106	0.05551369375	0.02515243468	0.1784503186	0.1277411836	-0.007881047747	0.05858563055	0.07962448546	0.07955062743	0.1288337931	0.07681987773	0.08056953389	0.07874447611	0.1338050827	-0.02656052048	0.05924210057	0.07092977549	0.04153772319	0.1482346093	0.05603303211	0.06005772859	0.03989645285	0.05053586028	0.1421009857	0.06155907226	0.09733297972	0.1781676318	0.09167351033	0.0545606119	0.0491685384	0.09211426138	0.07690716586	0.08744918155	0.02670229781	0.1093252586	0.1401185288	0.05126945944	0.1253417626	0.1185073537	0.1188695912	0.07090101994	0.1069940516	0.1211092664	0.1455137976	0.04306388709	0.09494699968	0.058833735	0.05345194915	-0.05281439452	0.04024004772	0.08779022846	-0.3832271911	0.1572579797	0.07231814912	0.0483765716	0.04330748467	0.07612634327	0.06880152392	0.06420739346	0.05385856017	0.1044448707	0.02309182257	0.04563082187	0.04905173524	0.0553351059	0.08480189691	0.1281193801	0.08755499693	0.1355394997	0.133978932	0.1398683715	0.1403837779	0.1064209496	0.07643099632	0.08054517634	0.04214574048	-0.05088540585	0.03577033813	-0.0327359187	-0.03186128103	-0.02520177652	-0.03656162955	-0.1007033553	-0.02405934965	-0.05605061058	-0.0517691055	0.04458359245	-0.04252660571	0.1200735147	0.1699759907	0.101119179	-0.101871953	0.01880010346	-0.08169957019	0.0001999024157	-0.006249399495	-0.1159517285	0.01893631422	0.1679092444	0.07026239923	0.06662646921	0.01058137275	0.1024314179	0.1315015041	0.1612822916	-0.01169311955	0.1461879923	0.1072047628	0.1283901202	0.08170411394	0.1680214286	0.1150946778	0.4605870946	0.1568725018	0.1099361586	0.07255360883	0.1290206948	0.05504428067	0.1017560572	0.1158199821	0.09720384096	0.03567051154	0.126968349	0.0001839430164	0.08381744776	0.02363274666	0.003594364504	0.04107105827	0.08731777182	0.03458123019	0.06001418891	0.07933717559	-0.02198791712	0.02421431277	-0.02224102552	-0.04096889271	0.1537363487	0.1251708045	0.03885040908	-0.02228563557	0.1463254169	0.07102965128	0.0514147288	-0.07955234467	-0.3431726139	-0.229509306	0.09017139825	0.09433852595	0.1003421839	0.1696269419	-0.06476330819	0.05770696617	0.02899389264	-0.3567902588	0.155726787	0.1408639981
0.1832064447	0.08600975737	0.1495754679	0.1858937329	0.07122105327	0.1105649191	0.1156253836	0.1109017933	0.1811600001	-0.3972170094	-0.3756473031	-0.3833760928	-0.3638072303	-0.3518037086	-0.3535815977	-0.3585103182	-0.3939180345	-0.3804860028	-0.3404472114	-0.3664294338	-0.05309855631	-0.06113001668	-0.3533224986	-0.1173823664	-0.09332164601	-0.3701199372	-0.3690393856	-0.3375049496	-0.3634349962	-0.09716639934	-0.3515389088	-0.08478786242	-0.03772255526	-0.241997249	-0.0725316858	-0.3541129113	0.1904397596	0.1233908586	0.1635660391	0.04791711661	0.03645645416	0.0771542956	-0.4047441038	-0.09847556865	-0.3723760406	0.02193490642	-0.06605456709	-0.02271440782	-0.1246574406	-0.04858374136	-0.08827941315	-0.02848501426	-0.3546234102	-0.3501074012	-0.3233493583	-0.1044512562	-0.09260207693	-0.06452511604	-0.409838666	-0.395111116	-0.3921696182	-0.05083235072	-0.3629891976	-0.05249122425	-0.04908919137	-0.003780756192	0.05939618936	0.0518940427	0.105920085	0.139410947	0.1120003689	0.09721189112	0.09433551168	0.1009354628	0.1325260564	0.2163194354	0.01662388854	0.01361445853	0.1939145342	0.1608313079	0.01681823146	0.003477854181	0.1366088046	0.02195231933	0.07934314822	0.1795111937	0.09697935674	0.01745094906	0.07344517204	-0.04841854263	0.1097341032	0.05076437737	0.0102453244	0.2191165799	0.002155143334	0.06358680849	0.03401715861	0.114773016	0.1665134045	0.02340631308	0.1365334824	0.1209416678	0.1062560305	0.02062678628	0.05831591763	0.06859378846	0.06766925052	0.2456945335	0.04391433661	0.1111265353	0.1396830134	0.1281957883	0.147993419	0.1350680456	0.1600927991	0.1518750094	0.02777629994	0.1255240211	0.2221619554	0.01798083412	0.06790042099	0.05674824016	0.04506202854	-0.1028805317	-0.02196957118	0.1094322614	-0.3957895347	0.1144733379	0.1045855853	0.03793188647	0.08934236712	0.03974036092	0.09003443811	0.0853259397	0.07699047184	0.06290961323	-0.05932383187	0.03181462107	0.07028750535	0.07295626816	0.06137255275	0.1605271048	0.0250913963	0.3402887566	0.2228183525	0.2137482596	0.1526223746	0.03823390476	0.08531947056	0.04115207808	0.1202187591	-0.06518372119	-0.03308831095	-0.06377708349	-0.06823774156	-0.01582469578	-0.08452283367	-0.1309577945	-0.05739249884	-0.0719331691	-0.09542596699	0.09319359649	-0.07240297004	0.2093178016	0.1567866532	0.1046090604	-0.1258486122	-0.04379642249	-0.1159407256	-0.08101629628	-0.07693583963	-0.1361436562	-0.06682278208	0.06830592488	-0.01591464162	0.001936930254	-0.05481925252	-0.001057255151	0.08190746792	0.0722590103	-0.02420721339	0.1149888644	0.05142020213	0.09351075071	0.02969960448	0.0790128169	0.05836919655	0.1568725018	0.4792763868	0.1851371365	0.1289337125	0.1977949407	0.01711784876	0.03651272222	0.0670883796	0.09063244559	0.07389744698	0.07826248876	0.008918587946	0.1324408379	0.0423330955	0.04921927171	0.08802735026	0.1763297133	0.07733287809	0.1009094805	0.09592982903	-0.003927749393	0.0509527253	-0.01302326802	0.01184148728	0.4509261439	0.1253215235	0.1312799814	-0.009175119804	0.1156806768	0.07137270295	0.05210493898	-0.0698147674	-0.3556359424	-0.2459029228	0.06165101899	0.0694183384	0.08983011732	0.1804738533	-0.08562363444	0.1685902107	-0.006070224522	-0.3670273143	0.1466916813	0.1223757169
0.2713903209	0.04782856986	0.1461538276	0.1659132927	0.04842993774	0.07444834695	0.08164338595	0.1004841187	0.1427360593	-0.3934706224	-0.3752701547	-0.3807248425	-0.3598211856	-0.3568511236	-0.3585651696	-0.3596018258	-0.3893252932	-0.3804737558	-0.353051545	-0.365810494	-0.07276371534	-0.08358545436	-0.3487162993	-0.1086904363	-0.08593598364	-0.3684972551	-0.365307219	-0.3552680708	-0.3622462872	-0.09280705448	-0.3573991915	-0.09799768569	-0.05605556522	-0.2465625254	-0.09715838827	-0.3559635138	0.1278017772	0.1189231547	0.1241526127	0.0244538651	-0.04680541596	0.05541275366	-0.3979016629	-0.1020721027	-0.3762906645	-4.808051239e-05	-0.04597401575	-0.02906767588	-0.1010894758	-0.080695443	-0.07155958742	-0.06084819123	-0.3563611115	-0.3533290672	-0.3433855702	-0.1001276318	-0.09031113849	-0.06687210685	-0.408191693	-0.3888444357	-0.3886228946	-0.05745402465	-0.3575441047	-0.05543828757	-0.06966652219	-0.05436323802	0.04807261633	-0.01116377822	0.08811514424	0.1085353939	0.1020434919	0.09722430324	0.0933780416	0.08526339241	0.1389921463	0.3266433828	0.06759608254	0.04047520757	0.1401520607	0.1198134093	0.08185011694	0.07438481197	0.1521030152	0.0192349055	0.08865785405	0.2373411689	0.1470304032	0.03833745091	0.06744837683	-0.02059358888	0.1773267625	0.105552433	-0.005475419915	0.1491375805	0.01868420383	0.07836556717	0.05568114701	0.1707389664	0.1113239091	0.04926475504	0.08935648518	0.1370929981	0.1077162125	0.06503780888	0.0532221718	0.1136598252	0.09193728155	0.1086383483	0.07238353453	0.147078046	0.1942439063	0.0766128932	0.1147019126	0.2492873125	0.2593670559	0.1573968616	0.06315201387	0.1616207499	0.1522493503	0.03053193689	0.08836601435	0.08605987131	0.01707503285	-0.08345746084	-0.007914864198	0.09070673201	-0.3894352424	0.09481876863	0.08799622904	0.07840766152	0.1270551683	0.04284681866	0.1362970683	0.2173643773	0.06374331766	0.0777007847	-0.05152288163	0.05809868252	0.0650966383	0.1144799573	0.008367795746	0.1058529956	0.1039175175	0.1617014927	0.1858510845	0.1628173683	0.1175939109	0.1082570558	0.04351851718	0.1142968198	0.06183958124	-0.04725411838	-0.05105535635	-0.02994696626	-0.05455701194	-0.03103479726	-0.07276073734	-0.114183798	-0.02404437564	-0.04677077786	-0.05902276763	0.05700756321	-0.05930892477	0.2692267537	0.178094927	0.09052503855	-0.1097316985	-0.04298342982	-0.1072668393	-0.08299491364	-0.06995996186	-0.09422334629	0.002946488369	0.08131665624	-0.02189524723	0.01968912639	-0.0560539773	-0.009122570025	0.08056585742	0.1220602945	0.01291508865	0.1658682446	0.04845339153	0.09077571359	0.08529327178	0.1026164981	0.09537242246	0.1099361586	0.1851371365	0.4349514354	0.1122787575	0.1534350087	0.01254736971	0.01283541392	0.06944923632	0.05128785412	0.0553005635	0.05353027255	-0.01988731973	0.1433669069	0.08557379752	0.07108751818	0.1108190377	0.138728358	0.0003551731338	0.07491505684	0.05267520371	-0.01166635959	0.002250638915	-0.05386516181	-0.07192860334	0.1660154373	0.09693841237	0.1409731294	0.08194349789	0.1252522183	0.1305020294	0.1248055126	-0.09870013599	-0.3570313307	-0.2492152808	0.03696241424	0.0375181382	0.1090093335	0.2908962208	-0.05170915619	0.1537838756	-0.02775661583	-0.3657789382	0.1055355409	0.08478046782
0.1737958154	0.05243739718	0.06654212001	0.03374405613	0.02025595448	-0.02771666611	0.00925065695	0.05734953132	0.06587813573	-0.3102331748	-0.3422058883	-0.3502831039	-0.3303918763	-0.3263624667	-0.3195026554	-0.3262400175	-0.3058229846	-0.3503578928	-0.2934423051	-0.2824924081	-0.03961288621	0.006960314694	-0.2975582336	-0.003537118453	-0.057359397	-0.2958112459	-0.2846515569	-0.3326746243	-0.2814136513	-0.06176139566	-0.2774387322	-0.01927810331	-0.07625179018	-0.2106447904	-0.02977406725	-0.335218976	0.06274291584	0.07374107899	0.05283580914	0.0168163264	-0.03291586085	0.06324973068	-0.2985989848	-0.05314562476	-0.3087834985	-0.006743414322	-0.04225340713	-0.04374228493	-0.06143197185	-0.04388681599	-0.05542532735	0.004968602552	-0.3314974107	-0.3217078474	-0.318605127	-0.06976297024	-0.06766366142	-0.05164048327	-0.2980718961	-0.2781859223	-0.2980428918	0.02227717998	-0.3306774547	-0.06175201749	-0.06602197186	-0.05216257024	-0.03121880961	0.01908903387	0.02502838015	0.05464529946	0.01523392125	0.07541158544	0.07639727698	0.1425100665	0.02629990439	0.1128658582	-0.05903404096	0.07059624001	0.09187100713	0.0383977704	0.1144623063	0.07445865923	0.3182652643	-0.01779351394	0.04765452918	0.2500615118	0.116475483	0.05681288394	0.1593101714	-0.01913487997	0.2704222701	0.09131144468	0.01683498979	0.07242431719	0.03595762166	0.0961727421	0.04600022273	0.2322100249	0.1341819464	0.02888173409	0.1654652849	0.1063877146	0.05404335126	-0.0652484467	0.0168729085	0.1903416279	0.08904928131	0.03621736303	0.01851916631	0.03432993569	0.1127451937	0.06088664742	0.02571811323	0.1188297678	0.1577875255	0.1537689667	0.0112650393	0.06246286326	0.07981472052	0.01883881554	0.1366964805	-0.009139538078	0.002048547899	-0.01179605088	0.03000808756	0.02083777674	-0.2928654694	0.03837787144	0.1381015953	0.06170069039	0.3246826876	0.104331461	0.2062648863	0.1859083746	0.03862633263	0.1083631567	0.02915369932	0.04670554164	0.1901507279	-0.01153304823	0.05048049675	0.06694576082	0.1096223783	0.06496141176	0.09839470141	0.09060630189	0.05244683935	0.02871742573	0.07105730329	0.1293824268	0.05207956402	-0.059106716	0.04950171619	-0.06707643423	-0.03526936711	-0.04060515078	-0.07777780369	-0.09694764333	-0.04755221371	-0.05204871245	-0.07058063328	0.009964275839	0.1166838456	0.1431108273	0.06479896294	0.1019134322	-0.02931898624	0.02377245553	-0.04643407359	-0.03063870322	0.03294799683	-0.1282651442	0.01539068838	0.1060293079	-0.02753687819	0.04352479108	0.03315866605	0.1353720872	0.1684958395	0.05231575591	-0.03340889061	0.08142442257	0.09323659424	0.09149609233	-0.0558650376	0.04735585933	0.06836128084	0.07255360883	0.1289337125	0.1122787575	0.6439818586	0.06750158875	0.08232028352	-0.02693672629	0.006434168737	0.02620711072	0.01049592495	0.1308852908	0.01071421173	0.06733028364	-0.01531938768	-0.01929773178	0.05851583737	0.1115242725	-0.002457928506	0.05123205768	-0.01769332386	0.006774082321	-0.007583200634	-0.04657023338	-0.02823146332	0.1193012576	0.01856460875	0.1750126299	0.1069603435	0.0923664102	0.2672969799	0.1247899936	-0.0153660684	-0.3235781563	-0.2086493603	0.1110154478	0.0778280632	0.07429788294	0.1104840876	-0.02765441703	0.04667464138	-0.0291553109	-0.3380317246	0.08668288562	0.02257855623
0.09097738238	0.1148165711	0.1624918197	0.2017396132	0.04495391345	0.1026954251	0.108514461	0.1218493966	0.1840229939	-0.386141737	-0.3673571175	-0.3744768756	-0.3571025115	-0.3539357187	-0.3480744436	-0.3541163339	-0.378594738	-0.3744303484	-0.345768504	-0.3585414611	-0.05140307189	-0.05498582225	-0.3336848009	-0.09948918177	-0.07422912413	-0.365005863	-0.3589176681	-0.3536650571	-0.3516065431	-0.06814022399	-0.354850658	-0.07915281453	-0.04819679583	-0.23626928	-0.06950861234	-0.3536840255	0.1390895356	0.1529846203	0.1855181152	0.05966580265	0.02024520717	0.0900877803	-0.3994735579	-0.08053979595	-0.3758662114	0.006539973888	-0.04028006023	0.01106310569	-0.0850758974	-0.06112518464	-0.05157214433	-0.04536519168	-0.3545095114	-0.3479187727	-0.3409743897	-0.07570363746	-0.06829676644	-0.05670659537	-0.4068658841	-0.3898489298	-0.3890114112	-0.05681326991	-0.3507173019	-0.0316558832	-0.03189262991	-0.03283536095	0.07787698776	0.05244441889	0.1055219161	0.139432102	0.1640298556	0.1142485612	0.1076275495	0.1019802364	0.1791195904	0.1785371241	0.04923042716	0.03589310062	0.151225787	0.1780936095	-0.05246064199	-0.02044082695	0.1000140173	0.06833292948	0.1172858935	0.08482830539	0.08710693417	0.01732872001	0.06297060658	-0.05370281953	0.0443104076	0.03927092449	-0.01072961218	0.1984749631	-0.01017028722	0.03508236371	0.01581826554	0.01957538506	0.1401262958	0.04947676951	0.0493727789	0.1519789026	0.05761428893	0.06847536498	0.08510581634	0.001667298127	0.05409968848	0.1793797318	0.1054294138	0.08613962347	0.1274871567	0.1237940696	0.1327675002	0.1287336793	0.1665816551	0.1350672674	0.02929202624	0.1267521501	0.1671636869	0.01357957426	0.03504456493	0.08403642557	0.0609133671	-0.03722112917	0.03570059487	0.1586816917	-0.3904693979	0.08775075719	0.04645800364	0.03571819715	-0.005042297816	0.007739954178	0.0160220518	0.09520959193	0.1520110372	0.05460240665	-0.01730454127	0.01420218844	0.02465318851	0.08320179177	0.06112082517	0.1150308549	0.005663769882	0.1882123423	0.1888126583	0.1942449145	0.1553075674	0.0679027689	0.06521107755	0.0244469882	0.1052248766	-0.04561649729	0.001663250939	-0.03470439465	-0.0365430223	-0.009535013718	-0.05576810556	-0.1027170067	-0.0217002979	-0.04965091495	-0.03020221028	0.07329800426	-0.02991466496	0.1634304376	0.1671842086	0.06373976519	-0.1186414792	-0.004043341789	-0.09481119256	-0.04627718203	-0.03987428537	-0.09804883263	-0.0564074538	0.1202030146	0.02171982297	0.04097277018	-0.02310595608	0.05271578704	0.1248036795	0.09965343281	-0.02788249373	0.1241711035	0.09043926046	0.1449208788	0.09060713589	0.09462805055	0.07067320513	0.1290206948	0.1977949407	0.1534350087	0.06750158875	0.4351322762	0.06064934764	0.06963718737	0.1422032905	0.1366539156	0.09663338279	0.1163532419	0.03649358128	0.136971616	0.08893065299	0.08828903685	0.1270917662	0.1521961332	0.05516314602	0.08125654799	0.1154049971	-0.03318043841	0.005878428064	-0.04084793301	-0.07463707539	0.197523821	0.1509049812	0.06410659302	-0.05268049006	0.0992539712	-0.00323548014	0.01859013135	-0.09047146889	-0.3499605294	-0.2420546603	0.08884778121	0.09803546593	0.1141915777	0.1668112252	-0.04378140756	0.1650286276	-0.01025792609	-0.3669862002	0.1468574974	0.1416650729
-0.01476892812	0.3248229292	0.06019916485	0.03813908643	0.0464570412	0.08435372572	0.03819084317	0.05705343118	0.009567339572	-0.2795467103	-0.3084481526	-0.3162718855	-0.2970043995	-0.2997211414	-0.2963470584	-0.2929537219	-0.2777550124	-0.3143419971	-0.2583615124	-0.2669145749	0.01320708832	0.0791748054	-0.2871164375	0.05895845586	-0.009613403556	-0.2668845042	-0.2609676424	-0.288650844	-0.2449898976	-0.01906330256	-0.2455644711	0.0694026734	0.02616963899	-0.2035764213	0.08520688041	-0.3044593643	0.04620058954	0.05237183151	0.03645202337	-0.02546052031	0.01438480737	0.01221874339	-0.2621865186	-0.02300464682	-0.2812390287	0.02630906973	-0.01483091181	0.05755510746	-0.04758094148	-0.01289058207	-0.01827714973	0.07083213487	-0.3028741801	-0.2976926118	-0.2952235967	-0.02095859902	-0.01234725597	-0.008944960579	-0.283834067	-0.278651276	-0.2777221495	0.07052027919	-0.2864473537	-0.004421645353	-0.02031752956	-0.008880492811	0.05720669378	0.10008055	0.0426134023	0.1067891021	0.1099553241	0.1135345843	0.1137426947	0.1500014282	0.04802093506	0.01539606945	0.05073446514	0.09075238538	0.07822782889	0.0277051668	0.019280908	-0.03311937738	0.07761867222	0.07231317858	-0.02837406243	0.070587093	0.1168769636	-0.04464308284	0.009360629141	0.08026426833	0.03139659199	-0.05026389909	0.0139336863	0.03572403164	-0.02465823502	-0.02292117702	-0.02888873789	-0.01631494734	0.1211204481	0.1604838449	-0.03315322517	0.0977493904	0.03643046078	0.06452285157	0.04083060255	-0.01096547878	0.03240693502	0.03832124351	0.3011506939	-0.02685473281	0.02346011037	0.003381465829	0.04954990928	-0.02183330646	0.00709542846	0.06387859124	0.01359984102	0.03728647361	0.01425052939	-0.03070570771	-0.02839878854	0.08878249584	0.02319307434	0.0647203992	0.0649847727	0.1009424033	-0.2565452245	0.1101520473	0.03857678132	0.06643393415	0.05054902057	-0.02944877711	-0.008471377283	0.002407695322	0.04814635844	0.1827382616	0.1944038856	-0.02926909899	0.07848081585	0.09778943235	0.003105466416	0.02817711967	0.01296467827	0.00739082871	0.03235282809	0.01645138426	0.05665783873	-0.02410695086	0.01916013871	0.0009252144045	0.0207319647	-0.03105751625	0.005967881894	-0.02631292943	-0.05414883463	0.008810757821	-0.02517033655	-0.06878499906	-0.04771800976	-0.0298800748	-0.0689920631	0.07775710748	0.1457890966	0.0200840391	0.1210610848	-0.00475549621	-0.06074387824	0.1958507185	0.08960581361	0.02216155266	0.1648316855	-0.03920711403	0.02322406972	0.05408754833	0.03002590781	0.07000630936	0.1825267023	0.1833083176	0.1851483938	0.003142256068	0.1003197147	-0.01145175957	0.14577187	0.1338617274	0.007176342802	0.006744656588	-0.04486167813	0.05504428067	0.01711784876	0.01254736971	0.08232028352	0.06064934764	0.5574812372	0.07446545457	0.07980078458	0.1253500566	0.1360519048	0.07550931466	0.09752661832	0.01740307032	0.07169983904	0.04230418289	-0.007774301462	0.01060498766	0.02480496948	0.0284868604	0.05720375058	-0.05254692541	0.01587717697	0.03392626301	-0.00518358597	0.01998654243	0.05463566335	0.05395832866	0.1025716249	0.080540561	0.01459392952	0.04974536063	0.06320248941	-0.3313598864	-0.2116521235	0.1829807283	0.09480833882	0.0480684648	0.03443878873	-0.01545940126	0.07497064267	0.01878628719	-0.3133054958	0.1526712216	0.1114098664
0.01442134411	0.1425975643	0.05564940615	0.06891068223	0.01367979574	0.04517503231	0.01664440243	0.03059845415	0.01655023295	-0.3201902193	-0.3035421589	-0.3121612544	-0.289906749	-0.2682807873	-0.2522277651	-0.2959041429	-0.3167406945	-0.3052754156	-0.2605150524	-0.3010226357	0.001413692025	0.01202661833	-0.2466082151	0.01443564495	0.02505222061	-0.2825021981	-0.2772826196	-0.2734649927	-0.259609114	0.02422177459	-0.2598744877	-0.02393203076	0.03339423309	-0.1579213727	-0.007648641109	-0.2768466486	0.02086743113	0.01429558591	0.04348932779	0.004091905581	0.02178484584	-0.0137028521	-0.2686653199	0.02831982594	-0.2930520406	-0.02764357735	0.03986436258	0.02648054747	-0.02786241963	0.01359754909	0.01443447876	0.1221479447	-0.2872277461	-0.2526460843	-0.2625984758	0.01722509429	0.029328475	0.02059474496	-0.2937407273	-0.3199326991	-0.2834121345	-0.03363679865	-0.2584553223	0.03405182038	0.01953366362	0.1289351821	0.03659822287	0.06804980416	0.07982524206	0.02723782225	0.0954565935	0.0404764589	0.04137723264	0.08268819575	0.04273343658	0.01929517813	0.04649253156	0.07042342046	0.1182565071	0.03422430598	-0.0358287606	-0.06236162298	0.03398119415	0.05050427688	0.01908275716	0.04203411933	0.04349769938	-0.007865783543	0.00664079123	0.004342091779	-0.03728648939	-0.01518894563	-0.01718715858	0.05671138255	0.008471213948	-0.007157838821	-0.03288398826	0.01383163584	0.0353741935	0.06363771272	0.02018875286	0.04355825086	0.02700901023	0.06071897803	-0.02692003858	0.06561365994	-0.03124934973	0.04777989636	0.07138683954	0.001874982706	0.05997617549	-0.01640741762	0.06681846847	0.001956287741	0.02331777377	0.08459077557	0.02170200558	0.02300821871	0.04300724049	-0.02692445462	0.0006074106312	0.09733981031	0.1482307425	0.1290131128	0.1355505255	0.3767751797	-0.2620640763	0.09181760929	-0.02705426915	-0.003070053127	0.004081565551	-0.03418649641	0.008715107914	0.005717156448	0.3432404113	0.005758551664	-0.003915500127	-0.0294738628	-0.02670158052	0.07694404827	0.01681045769	0.0103635659	0.02140881039	0.01262106122	0.04634073464	0.03989479589	0.05698400531	0.005124281483	0.03850570178	0.03598124624	0.02141277665	0.04828533646	0.06109240808	0.0148828272	0.002656651271	-0.02238107674	0.04648368854	-0.01410690669	-0.01190824492	0.009972800831	0.06095351632	0.005811606567	0.03453803447	0.03471632575	0.07078938948	-0.03376562109	-0.05211531981	0.01884116469	0.03978233066	-0.002129440455	-0.01321366767	0.008272812804	0.05429773903	0.118816111	0.07531313582	0.1063188843	0.009524396731	0.05812436498	0.05152382636	0.02501607396	0.02697212777	-0.009862607016	0.03032395622	0.08562372527	0.06080632318	-0.009131283175	-0.03139314081	0.1017560572	0.03651272222	0.01283541392	-0.02693672629	0.06963718737	0.07446545457	0.6614296918	0.4330107074	0.300941782	0.1454753422	0.1183559122	0.2186187319	0.004933621462	0.09785856598	0.09764691482	0.003302161728	0.04893792817	0.09284785743	0.02332083301	0.09637938991	-0.02261521448	0.007028478427	0.0695330082	0.008575186236	0.03883530025	0.06532977371	-0.01905690895	0.06158956084	0.06590836811	-0.005038311516	0.05521966083	0.006995255824	-0.296294793	-0.1538576106	0.0836437628	0.2297728577	0.02042301182	0.03072837082	0.01462153792	0.03465257955	-0.004585474926	-0.2556027775	0.07515718797	0.2489325826
0.07000867963	0.1244527864	0.07644412835	0.04767235721	0.01708256338	0.04116673711	0.04931881801	0.04769588502	0.05080068219	-0.3363305017	-0.3130919191	-0.3258564218	-0.3056486039	-0.2914944514	-0.2744194621	-0.3033802686	-0.3304641467	-0.320872384	-0.2847870342	-0.3105248368	0.00305577057	0.01612318593	-0.2657806614	-0.008490565554	-0.005069659115	-0.3105763281	-0.3014785732	-0.2917161974	-0.280453736	0.005308854737	-0.2778242227	0.001405201865	0.04447831188	-0.1710019597	-0.02107685566	-0.2968873302	0.03744459851	0.06098398995	0.05607023935	0.009609116451	0.01595732956	0.007284582614	-0.2839812374	0.007223754646	-0.3194047444	-0.01269527616	0.04322456325	0.02354780895	-0.01326808894	0.01735999635	0.02840167598	0.1413220801	-0.3022302774	-0.2685840384	-0.2850759906	-0.002222181873	0.003045720804	0.02607755491	-0.3144941196	-0.3382740815	-0.2998662619	-0.02594416667	-0.2851854525	0.04129885791	0.02698203995	0.1503346279	0.05914660698	0.03688089297	0.09461939177	0.05392676166	0.09025148043	0.05756153135	0.05514799165	0.08541722155	0.1172909991	0.06142820033	0.09080738379	0.0220429539	0.1395980726	0.05761882345	-0.04486951457	-0.01638712711	0.02226015268	0.02875732537	-0.01496820839	0.08169247916	0.08621934319	-0.005926590082	-0.004909635498	0.02262576111	0.02072670357	-0.01457689525	0.003725703788	0.06182878066	-0.008377148346	-0.003223599953	-0.024383756	0.003965029262	0.07682270318	0.04655757834	-0.003532611566	0.06251450189	0.04563928702	0.06380600183	0.02905652045	0.03347904881	0.005889564605	0.07098684387	0.1097887048	0.04331408495	0.02554511481	-0.01101416089	0.1223654519	0.037906062	0.06599726316	0.1446009952	-0.01492138207	0.07577195413	0.083356467	-0.02096385267	-0.01551990933	0.09213953009	0.05610424886	0.01238288106	-0.003607255303	0.3765254094	-0.2769103146	0.09401888269	0.003668713038	0.01115545772	-0.02016329658	-0.02509675553	-0.004586402267	0.03726984005	0.3035452496	-0.004532198736	-0.0264630295	-0.02089411023	0.01815580733	0.05751750897	0.02663122398	0.05633444161	-0.01784133872	0.03731198768	0.1175101003	0.1111327454	0.07177764718	0.0200799402	0.05533954377	-0.002881752351	0.04631283268	0.06570462674	0.04763692783	0.02567421459	-0.006571217175	-0.01173919231	0.01973725637	-0.03191804892	-0.01475112992	0.0172338471	0.03500154379	0.02062126756	-0.002249561344	0.1067795218	0.140421299	-0.03532099937	-0.07855920694	-0.0326918132	-0.03925301087	-0.06315389136	-0.05906499625	-0.007767580677	-0.05672133224	0.04139515842	0.01707137223	0.01909705058	-0.0426399706	0.01555112109	0.07816863065	0.003200035353	0.0131008919	0.05007125251	0.04280319268	0.05784180288	0.04048758885	0.008493851675	-0.02863290063	0.1158199821	0.0670883796	0.06944923632	0.006434168737	0.1422032905	0.07980078458	0.4330107074	0.6224174369	0.2635594779	0.1763847026	0.0558907966	0.1567627294	0.1008285764	0.09875472997	0.09152379865	0.03117433484	0.07784769689	0.07348861202	0.05813048538	0.08066066432	-0.04010786135	0.03337030888	0.06905489003	0.02732838874	0.06986014028	0.1058549192	0.02095841995	0.05370837657	0.02506393026	0.006189305243	0.02309917398	-0.002845152212	-0.2983036558	-0.1690118968	0.06864452013	0.1389372083	0.04048717841	0.1032003813	0.01889172233	0.06821479301	0.01161462013	-0.2661550764	0.08561059003	0.242015236
0.04580728025	0.1265703716	0.09348479509	0.06286887122	0.04440437688	0.1120136731	0.04919937241	0.1106111576	0.05031623607	-0.3187258519	-0.3056872809	-0.3098985735	-0.2908133022	-0.2954424348	-0.2867847658	-0.2929490149	-0.3187435772	-0.3058309735	-0.2831881275	-0.2983641075	0.02493032356	0.02378513407	-0.2722602276	-0.02832937755	-0.009987629486	-0.3082233891	-0.2966417457	-0.2952274298	-0.2867270664	-0.01341776334	-0.293938788	-7.524106363e-05	0.02925529553	-0.2025920973	-0.001355572162	-0.2970152358	0.07981484499	0.1050798203	0.08392830069	0.02472786619	0.02151044615	0.08801009098	-0.3352808551	-0.04580751617	-0.3165941067	0.04988054031	0.01741745935	0.06222422558	-0.03522519863	0.0206008401	-0.01811503345	0.05149077361	-0.2996498398	-0.2811809698	-0.2866195646	-0.02060542434	-0.007254471926	0.0250740881	-0.3453859363	-0.3341815729	-0.3510887379	0.05796388147	-0.2861072418	-0.0107552605	-0.01526035032	0.05191594878	0.01714540182	0.0690593341	0.04507871022	0.1312818663	0.08804049788	0.07309305214	0.07426922158	0.1305593461	0.09051701136	0.07036580028	0.02169891752	0.01530687142	0.1488609605	0.07418268653	-0.02484944041	-0.06343186641	0.09758610567	0.03088289224	0.05642965854	0.06676951775	0.0511805928	0.0172083745	0.06156907202	-0.0529170346	-0.009192558688	0.0196795874	-0.03674876749	0.09095277421	0.03814442559	0.02819023263	0.02921214178	0.04113602997	0.1100020977	0.07869503763	0.05971600277	0.08914525197	0.06124514913	-0.006202078276	0.002379308912	0.07371355008	-0.01413757831	0.07324840494	0.1185594662	0.04909685529	0.08082076169	0.07565612878	0.07172631401	0.02095042281	0.06093176832	0.05476540316	0.02078989653	0.103156866	0.08773666422	0.04043492302	0.05095194583	0.08127336312	0.01941428724	0.04581826861	0.02317785991	0.2178128103	-0.3278344402	0.1064720509	-0.01029820121	-0.02577359089	0.04182325814	0.03195513023	0.04633777823	0.02196444637	0.1911508527	0.06967043296	-0.01744697147	0.03257401463	0.01333357369	0.03381607747	0.01657319022	0.05815278292	0.01328930388	0.0612287876	0.1009734209	0.09495762453	0.07237561951	0.02995937632	0.03648726756	0.0363600988	0.01879383838	-0.001090897258	-0.02353394573	-0.04253590822	-0.05467566141	-0.009233238318	-0.0221168188	-0.072895438	-0.03180479091	-0.02660585307	-0.04955761022	-0.002583501041	0.09713731815	0.07486450233	0.141278821	0.1014838628	-0.06146253973	-0.0002395191521	0.01332784257	-0.02009816193	-0.0285479727	-0.01458938571	-0.07533999091	0.08526324227	0.02463420796	0.02075775067	-0.01272077959	0.03095588863	0.1096172007	0.05989608411	0.03822413245	0.01393027913	0.09984074504	0.07563632951	-0.01071356144	0.01445753269	0.007656032341	0.09720384096	0.09063244559	0.05128785412	0.02620711072	0.1366539156	0.1253500566	0.300941782	0.2635594779	0.5707260329	0.1815014683	0.1025466213	0.1592028208	0.07084679724	0.08475429614	0.08684757009	0.06164679654	0.08041210493	0.02512026668	0.03846621799	0.08674459193	-0.05795928546	0.00153727263	0.04620181939	-0.00932793782	0.09551975398	0.0669528902	0.08414959185	0.0002790707082	0.05654767767	0.006003566872	0.03796007659	-0.01114711358	-0.2810307056	-0.2039176438	0.04160738972	0.04704410798	0.09553258551	0.07802274942	-0.01436630862	0.001576486419	-0.02518600963	-0.3021017918	0.1283268141	0.1279160268
0.02832423573	0.1743293494	0.08507355288	0.07992842066	0.07799085835	0.1261081415	0.07668378036	0.08539596435	0.02575933044	-0.3325522263	-0.3147220996	-0.3224108197	-0.3132465617	-0.2599454102	-0.2675763472	-0.3210512231	-0.3239365047	-0.3078702254	-0.2313415291	-0.3263010158	0.02657150833	-0.0258217202	-0.2621828728	0.02868289877	0.05122016765	-0.2985819418	-0.2846058638	-0.2600503145	-0.2736807838	0.03589713728	-0.2697925224	0.0465966628	0.01579794039	-0.1911825884	0.009874795423	-0.2811996934	0.0853734196	0.0984670252	0.0973665865	0.06586646276	0.06029979388	0.05216818207	-0.3170628955	-0.03844721515	-0.2904806346	0.001242603555	0.0344710993	0.0653004858	0.01519831891	0.01170355515	0.03062915769	0.019406179	-0.2821854347	-0.2586866607	-0.28403871	0.03870793385	0.05171593023	0.009784634095	-0.3223883789	-0.3321286315	-0.3411500416	-0.01970405799	-0.2574524332	0.00584896811	-0.01076586208	0.02106694354	0.1055897359	0.07886430267	0.09314542725	0.1027706023	0.09595974586	0.04974263268	0.04997359261	0.1000467244	0.1173693538	0.05389582732	0.08139762196	0.05416665907	0.1372129637	0.0970476304	-0.02095532214	-0.05599970985	0.05988346864	0.06217731749	0.01063650902	0.04973139079	0.01766991724	-0.03871943441	0.01599675625	-0.02040794675	-0.02851992307	-0.03986121969	0.003451644757	0.0848130186	0.003882363028	-0.02629481325	-0.02978484428	0.01728325398	0.08215122333	0.06771122084	0.0379481477	0.08638339602	0.03677339377	0.0583402248	0.03973206603	0.02567222047	-0.0508864477	0.1333663419	0.131667083	-0.001347586336	0.04791475389	0.06829283514	0.1033757369	0.002950677774	0.04000418178	0.09697990675	-0.03037088147	0.03427806589	0.06565562586	-0.02517697285	-0.000352415194	0.1188810742	0.05857294155	0.0854881362	0.06059045691	0.1344257558	-0.3105726175	0.07138654225	-0.04855722357	-0.003755590425	0.001322238568	-0.02480290173	0.003971238479	0.01005088807	0.1352142067	-0.02100181717	-0.01235530367	-0.03087322414	0.01573185628	0.07419416022	0.02711757794	0.02515479977	-0.02186802362	0.07030605168	0.09109257132	0.07733248992	0.09657952514	-0.003654543365	0.04492524803	-0.005704895955	0.08748231579	-0.02782452223	0.03117139327	0.02027160429	-0.02828581712	0.03651747139	0.05177997981	0.01120143031	-0.02469169204	0.001996367697	-0.06653522715	0.05463445059	0.040495625	0.06061596971	0.1088765448	-0.01766572533	-0.0484239987	0.002475944886	-0.017725785	-0.01339756206	-0.0300485492	-0.05701302814	-0.002049123177	0.07025547799	0.0618753122	0.005517376911	-0.004516568263	0.0153275651	0.0627832208	0.000242173794	0.02917715504	-0.01051970544	0.03955477559	0.04720865039	0.05119540608	-0.002290315736	-0.03924910831	0.03567051154	0.07389744698	0.0553005635	0.01049592495	0.09663338279	0.1360519048	0.1454753422	0.1763847026	0.1815014683	0.5270243521	0.08872106	0.427052626	0.1603523042	0.2070827079	0.1937131393	0.0531755999	0.1121744767	0.0385297491	0.07378224946	0.1360219757	-0.02466194203	-0.01256571672	0.02353700145	-0.004071062354	0.07816337941	0.1012868681	0.02859815804	0.02713173354	0.001636933717	-0.02293722766	0.02715437118	-0.0211018688	-0.284726266	-0.2073740173	0.09711082088	0.04672912392	0.07049685034	0.07572862796	-0.002333844702	0.08422710185	-0.003969972812	-0.3052214991	0.1526577542	0.07631525528
0.02906689632	0.1685755884	0.1921789727	0.0875165978	0.06442177445	0.03217524386	0.03887418434	0.07960696028	0.08928828822	-0.3698946688	-0.3508281728	-0.3598873379	-0.3381017966	-0.3348293274	-0.3331776409	-0.3363563179	-0.3640544713	-0.3571679873	-0.3245251031	-0.3448658093	-0.02153261771	-0.04049028701	-0.3279032651	-0.04829413159	-0.02592135929	-0.3483711341	-0.3399949558	-0.3409755129	-0.3426583709	-0.03071153011	-0.3423041932	-0.03324702901	-0.03258804754	-0.2238929805	-0.04563478436	-0.3402526974	0.09169881087	0.1314282421	0.1482728067	0.1022956561	0.04190780827	0.09713033978	-0.3808897411	-0.04951977073	-0.35480665	0.03621972482	-0.006037661507	0.0107611089	-0.05273100205	-0.01273503689	-0.005188475062	-0.01504448585	-0.3335426362	-0.3345697409	-0.3248578855	-0.03133791067	-0.01923464838	-0.0557313442	-0.3768867683	-0.3573685495	-0.3555159732	0.0148204396	-0.3352708613	0.03232952028	0.02331344004	0.02172912221	0.09765584233	0.0567443995	0.1078902592	0.1048892287	0.1645273963	0.02607776397	0.03716489282	0.2351723494	0.1968158478	0.07933999351	-0.03075766012	0.05109441985	0.06408764809	0.1372779057	-0.02990061956	-0.007340870237	0.1041064362	0.002894082999	0.1126276996	0.04151589243	0.01142131783	0.04346402559	0.08449288362	-0.05161954961	-0.03479993573	0.004797283763	0.001914589715	0.145412807	0.04040687726	0.01085662083	0.02523286167	0.04978588049	0.1160426848	0.01658100212	0.08488735651	0.2525016669	0.01756115712	0.0111919546	0.01489031361	0.03371894495	0.0132364778	0.03778841126	0.02144416752	0.02792905768	0.1121793622	0.1320361143	0.08347437127	0.07173193815	0.06696003221	0.03308394985	0.03167528457	0.02210747347	0.07948531353	0.03427841417	0.03759329726	0.01337709992	0.1735212007	0.08093723724	0.1948938188	0.04851296434	-0.3724334217	0.1791142357	0.01954849455	-0.03550721779	0.02409332469	0.03746483365	0.02460182299	0.06402176357	0.06165205959	0.02731848251	0.02264770495	0.02602042869	0.06429637038	-0.01478143846	0.01783910959	0.06766193937	0.0614802816	0.07070944646	0.09272775317	0.08057346395	0.1484932753	0.04874835784	0.05683337412	0.07763645854	0.08123727177	-0.0196517963	0.09314771038	-0.02237648771	-0.01340121728	-0.009174058618	-0.04358802669	-0.06411692954	-0.02020087362	-0.03648709817	-0.04996705365	-4.096055941e-05	0.03653326687	0.0691619889	0.1189229335	0.04475432184	-0.04940018582	0.03190033817	-0.06076984403	0.03361286854	0.01849279506	-0.1279343918	0.1179898513	0.3248571252	0.148980204	0.1513019142	0.02346948516	0.2442675342	0.2237238009	0.06632013481	-0.03589085738	0.064049971	0.1387184117	0.1230257959	0.004682911121	0.02259476586	0.03009343491	0.126968349	0.07826248876	0.05353027255	0.1308852908	0.1163532419	0.07550931466	0.1183559122	0.0558907966	0.1025466213	0.08872106	0.5664833908	0.1332271036	0.09959393326	0.05904352743	0.04104254291	0.08980925266	0.07885980163	0.0500513753	0.01217822765	0.09716701322	-0.0463146753	-0.0314819087	0.001337526039	0.01096098343	0.0825829975	0.1270713319	0.03609795727	-0.01084767369	0.1143100703	0.04449206321	0.04366408869	-0.04708903209	-0.3328715371	-0.2136152369	0.1085749251	0.1146751896	0.1426941774	0.07025565237	-0.0572174092	0.07032102571	0.007953070491	-0.3545067819	0.2145693996	0.03955383021
-0.04249821524	0.1185360484	0.01510466181	0.0231654266	0.05706107249	0.1190322436	0.05024496341	0.02341983685	-0.0342897205	-0.2922227107	-0.2765729437	-0.2790028061	-0.275006805	-0.2165010256	-0.224378917	-0.2828098309	-0.2887963892	-0.2699418076	-0.1865147618	-0.287284243	0.04414399826	-0.003447644665	-0.2190260285	0.1159119002	0.1362282858	-0.2520989121	-0.2409286627	-0.2177711701	-0.2279598439	0.1215100902	-0.2249152713	0.06994657053	0.01031982961	-0.1557463228	0.01690729721	-0.243165042	0.01655309346	0.04484526461	0.01342865475	0.06794872613	0.05556226451	0.01616843182	-0.2767203765	0.008434666582	-0.2452072436	-0.02650960035	0.08974883179	0.05194504996	0.09324196469	0.03010848814	0.1094189014	0.04538090398	-0.2410076099	-0.2127676996	-0.2378559431	0.1244109211	0.1364632487	0.034069244	-0.2805128239	-0.2939324722	-0.3015072918	-0.01456029835	-0.2141803647	0.04963705924	0.05645433871	0.07530944477	0.04767796851	0.08555725887	0.01890782079	0.03049217303	0.04025439852	0.007833825889	0.007927099086	0.05953659776	0.03141937579	-0.02148986042	0.03564195719	0.1126911395	0.08079962816	0.01315335815	-0.02178481684	-0.04624609423	0.02060941416	0.0529293643	-0.002265568028	-0.01040217419	-0.02006196153	0.009060904896	0.005483145501	0.03206567441	-0.08027563678	-0.03388229652	0.05463868634	0.005335301184	0.05581788231	-0.008273733232	0.006207020842	0.0165910486	-0.005252328103	0.05820400038	0.03405651374	0.0189343176	0.007051183896	0.03485484548	-0.01477834862	0.02033096538	-0.03689161264	0.08519213699	0.1063529113	-0.04887045463	-0.03161422073	0.04573046579	0.03646364877	0.001149960375	-0.0112484334	0.05047958318	-0.007453796746	-0.02309497069	1.847568167e-05	0.009836062081	0.008908227215	0.08938122441	0.1930829033	0.254228425	0.1611438371	0.114022251	-0.2706473523	0.03799030535	-0.0349085989	-0.004176371916	-0.0001188616737	0.003628958716	0.006407984568	-0.001614895015	0.09030841622	-0.04663325025	0.002377672098	0.004064020251	0.03800475874	0.04082119558	0.001656287367	-0.02324547048	0.0015069031	-0.007246079703	0.0187996373	0.01207609673	0.01610948292	0.02013767585	0.02013759248	0.00188667983	0.05430308081	-0.006937908557	0.06454791994	0.03531822682	0.01411678519	0.03516636424	0.0963158772	0.0637959898	0.003411714249	0.0215378111	-0.05790576843	0.03479726078	0.03547844417	-0.002594171329	0.04566832578	-0.04912134469	0.001547047298	0.01219755868	0.03083711986	0.0172135492	-0.008996422341	0.002540053474	0.09720637723	0.1179918482	0.1217333465	0.1261604828	0.00922059344	0.08626727665	-0.0002504837686	-0.02656307187	0.09605834356	-0.02569311731	-0.00332087504	0.0105316975	0.02085184456	-0.06004318686	-0.04054380644	0.0001839430164	0.008918587946	-0.01988731973	0.01071421173	0.03649358128	0.09752661832	0.2186187319	0.1567627294	0.1592028208	0.427052626	0.1332271036	0.6585360994	0.07239825002	0.2007908123	0.1658510569	0.04831210871	0.05927917356	0.03107878121	0.01914280771	0.1054739677	-0.01862142598	-0.02298836376	0.04803514198	0.017720663	0.01278661852	0.03463809416	-0.02638345575	0.06167061506	-0.00861424148	-0.04139870011	0.04477624414	-0.01992220708	-0.2595136698	-0.1717365585	0.06486973647	0.04840810546	0.01586992466	0.01449050781	0.04717107042	0.08891608715	0.02409016745	-0.2729115271	0.07716146665	0.06045384575
0.1058115863	0.08893665557	0.1420820755	0.08103387174	0.05967129708	0.03154032664	0.02455854613	0.062227911	0.161180126	-0.3672011876	-0.3497248884	-0.3567926036	-0.3618014745	-0.3287594429	-0.318933289	-0.3852350024	-0.3634160281	-0.3506562955	-0.2940974574	-0.3903861867	-0.06311532622	-0.0960213331	-0.3069682001	-0.06594093571	-0.04285674442	-0.3581302447	-0.3480718604	-0.3287147339	-0.3456365854	-0.05477443622	-0.3418256482	-0.06374075347	-0.09968951281	-0.2053599992	-0.1223108004	-0.3442700913	0.0930923417	0.133127212	0.122012387	0.04665473438	-0.01991354633	0.08550332087	-0.377321708	-0.05110992236	-0.372346803	0.01092891574	-0.07846674683	-0.03597109633	-0.06375770306	-0.05819213372	-0.01951901666	-0.06366285919	-0.3439181425	-0.3346358971	-0.3646962425	-0.04955286646	-0.03730056299	-0.07499824258	-0.389761244	-0.3696641396	-0.3579241277	-0.04916597245	-0.3207532935	-0.08235534578	-0.08789205169	-0.0633175528	0.06730947417	0.00901936999	0.06668351729	0.09190309124	0.06316659565	0.1488814519	0.146077896	0.1030072414	0.2773035146	0.1333689987	0.09715246349	0.07856577707	0.1664926318	0.1387912315	0.04401504644	0.110525626	0.07946453278	0.05838718123	0.08184092469	0.05993335418	0.06007874312	0.06904336132	0.0547996686	0.04869279533	-0.01731106652	0.05123322819	0.02650656994	0.1380559572	0.1511000325	0.05781288348	0.03666217461	0.05495267703	0.1430927779	0.006838449524	0.0842866635	0.08675925405	0.02050128488	0.07222242664	0.04632948512	-0.01137339518	0.02542847212	0.07510985391	0.08104359048	0.08352610412	0.0777170999	0.1110809109	0.1566875385	0.08006782837	0.1171543532	0.1028070377	-0.0003563783648	0.1064026667	0.182407263	0.06615626387	0.03671148733	0.04084415478	-0.02651477883	0.09027976895	-0.05735352037	0.06455181356	-0.370116957	0.06045847283	0.01990169793	0.006704760666	0.03088031042	0.03339597006	0.00229798079	0.111150715	0.05514031061	0.04563017637	-0.00204413519	0.03767507885	0.08992785528	0.1875804722	-0.01208588865	0.0736562827	0.01218889297	0.2004462362	0.1771291745	0.164998405	0.108856101	0.06654113938	0.005359240714	0.02852896236	0.150682198	0.004935293991	0.03830074235	0.06563037961	0.03959152982	0.04149369072	0.06804173833	0.04517308643	0.0450093504	0.03321550792	0.03452253856	0.03793356494	-0.03504208304	0.1631621727	0.1929564818	0.06241900089	-0.08489728292	-0.02750870259	-0.03806766472	-0.04648840729	-0.05960547677	-0.05234578109	-0.01731054647	0.06980385968	0.0647591543	0.02269130124	-0.02084522863	0.06577746102	0.07179954241	0.05077032164	-0.06936374298	0.03657912063	0.06559525598	0.0699618224	0.09831240732	0.04517535114	0.0008466921988	0.08381744776	0.1324408379	0.1433669069	0.06733028364	0.136971616	0.01740307032	0.004933621462	0.1008285764	0.07084679724	0.1603523042	0.09959393326	0.07239825002	0.5433320825	0.3657319215	0.4217924365	0.2044294353	0.3324787176	-0.0111191063	0.1028157985	0.09501686869	-0.01543375993	-0.003492617641	-0.08764932594	-0.05816441315	0.1367085901	0.09578462773	0.06657417318	0.03236930811	0.04378063748	0.03227080681	0.03668796376	-0.1041963968	-0.3179247699	-0.2212494426	0.05730059548	0.01696520155	0.1156870961	0.1679916431	-0.08740759478	0.06188653992	-0.07625737224	-0.3361714626	0.1306048194	0.0570489987
0.03062650724	0.1123523662	0.06514320151	0.06042915548	0.02014401153	0.08464839971	0.05949001142	0.05368511924	0.1143404988	-0.3540400527	-0.3470983897	-0.3451426391	-0.356250838	-0.2942975574	-0.2980239402	-0.3796256096	-0.3506614393	-0.3358790699	-0.2630048259	-0.3886737881	-0.05915694038	-0.09488196778	-0.2988741637	0.0111523129	0.04249622004	-0.327350485	-0.3150027776	-0.2888665464	-0.3126085315	0.03342726681	-0.3180974138	-0.02708865721	-0.08431193635	-0.1909212218	-0.09751424114	-0.3171946216	0.04039815425	0.06267135962	0.04823503741	0.02225064296	-0.01866525054	-0.005311963274	-0.3337350525	-0.02256639207	-0.3375369787	-0.08424537066	-0.009009594015	-0.0243599732	-0.007345899576	-0.06133000687	0.02982007124	-0.03971599437	-0.324028632	-0.3099939612	-0.3337243175	0.03729880935	0.0492507211	-0.07487477849	-0.3482892103	-0.356086874	-0.3178651288	-0.1092491453	-0.2790063233	-0.04963274919	-0.05102599878	-0.02507282679	0.08450989021	0.001971556513	0.04322918661	0.03117459996	0.07162880798	0.1128035864	0.1130742419	0.0571838378	0.194101121	0.05979106283	0.1351082205	0.2520131109	0.1122423209	0.05477106902	-0.004652800793	0.01795342246	0.0128190267	0.1155181552	0.02046196214	0.01876509986	0.07716266255	0.0586881654	-0.01405426597	0.04656526998	-0.06253153172	-0.02505094944	0.07451130978	0.05309723713	0.1469286969	-0.01684979159	-0.02507337855	-0.02412786001	0.06640459249	0.05332607065	0.00777053562	0.05119220504	-0.02212203048	0.1920606044	0.0247076988	-0.07941509446	-0.04856318024	0.08106322553	0.1007373934	0.02942455235	0.01564601398	0.01957782144	0.1219722534	0.06251309082	0.06171155708	0.1010765262	-0.01405740078	0.05887609323	0.07185489718	0.04832969199	-0.02381114447	0.09488816988	0.07035229138	0.2553309096	0.08518218482	0.1062508577	-0.3281464566	0.03621820167	-0.05387385392	-0.01829506382	-0.03338208334	-0.01805451397	-0.04899327687	0.03743858503	0.06607464861	-0.04721198144	0.1163870659	-0.02662254528	0.01881026809	0.2675621543	-0.03524299859	0.01697903108	-0.02092698813	0.1090278673	0.07348196266	0.06135106267	0.04365279999	0.05558676138	-0.01785122869	-0.004842271609	0.2108274557	0.06188088457	0.1008675465	0.1356710389	0.1233974435	0.09231682061	0.168218329	0.1349776141	0.1333756046	0.1125889807	0.08836540383	0.1005729777	0.02517500721	0.08683218754	0.119544872	-0.0492069933	-0.02124488041	0.1297288971	0.09042281028	0.1193264407	0.07897899895	0.08075095666	0.09771347961	0.04040131172	0.09704110551	0.01985391451	0.1205834054	0.02885808905	0.01344300842	-0.01424819429	-0.02294672131	0.03292882111	0.01435053167	0.04145670879	0.2054278685	-0.02091733811	-0.02133343827	0.02363274666	0.0423330955	0.08557379752	-0.01531938768	0.08893065299	0.07169983904	0.09785856598	0.09875472997	0.08475429614	0.2070827079	0.05904352743	0.2007908123	0.3657319215	0.6361495124	0.5343162891	0.1855179721	0.2206785251	-0.01767740143	0.1202769922	0.07454234342	0.01314053361	0.001898218888	-0.04560553655	-0.06417945887	0.04746194608	0.04868774038	-0.02163728715	0.02825457888	-0.01712542155	-0.05453227056	0.01776569158	-0.1179906901	-0.3290822097	-0.2038361214	0.07946316021	0.04272313725	0.02108055207	0.09820342979	-0.03764251835	0.1391345923	-0.05052294333	-0.3280367738	0.08565244102	0.08031235601
0.02708562763	0.1001424242	0.06213475076	0.05232477311	0.03671762448	0.09288521092	0.03852293342	0.05258125369	0.13013118	-0.3465890774	-0.3414723438	-0.3381860334	-0.3499068684	-0.2821270868	-0.2849449341	-0.3710599016	-0.3430900367	-0.3291417452	-0.2384232473	-0.3800617892	-0.02713618318	-0.05879829553	-0.2669621211	0.01752349451	0.05065142034	-0.3146282921	-0.3026556615	-0.2836341611	-0.3055156099	0.03415219558	-0.3100407916	-0.01579348431	-0.08260851346	-0.1702876088	-0.07933136653	-0.3040371241	0.02091816815	0.05323259408	0.04791553472	0.03383752573	-0.005343187229	0.0114314326	-0.3243863747	-0.008197351309	-0.327837626	-0.05908495712	-0.02317680332	-0.02291627132	-0.0003372323399	-0.03608273025	0.02975370238	-0.04170671403	-0.3133924908	-0.3037672732	-0.3266577205	0.03832487979	0.05112719026	-0.0330601095	-0.3393914789	-0.3489120574	-0.3091748192	-0.08181334098	-0.2714020751	-0.0622465418	-0.05843256762	-0.04572824463	0.08489206601	0.01333533515	0.03356912407	0.01290467184	0.04943741203	0.08640984754	0.08687550949	0.05252649088	0.2239890885	0.06005142309	0.1308722119	0.2256134644	0.06719283716	0.05747878057	0.03957906798	0.03405646419	0.0123262756	0.1320221048	0.01623061001	0.006137945827	0.06926944401	0.03462652287	-0.0006313852294	0.07348934733	-0.07402587993	0.008845057939	0.07322885662	0.05225815797	0.141004597	0.006456321251	-0.01207545117	0.002040703518	0.06806698789	0.04764681605	0.03657756468	0.03511621658	-0.03707922497	0.1909869846	0.02989251232	-0.0554007271	-0.03049660829	0.08080560622	0.08790381016	0.01659195479	0.02196010206	0.03916833858	0.1266078243	0.030211626	0.06136453705	0.1237950761	-0.04650494379	0.04888587344	0.07560382839	0.02721308206	-0.01051999974	0.07002670894	0.02011631182	0.2830802669	0.03203150372	0.1158848996	-0.3188261866	0.01858366947	-0.03598328311	0.006196068381	-0.02467434205	-0.01805292444	-0.05360092812	0.04220050995	0.0511210639	-0.03511257575	0.1014760197	-0.01377222403	0.01700116578	0.2540509543	-0.04533318692	-0.003104686179	-0.04715193359	0.1083923243	0.08270444474	0.0705633703	0.0273531412	0.01492615865	-0.02457075698	-0.03097873905	0.2016797944	0.02653591543	0.05381203437	0.1109492933	0.08609331402	0.07671170968	0.1310052622	0.1018718037	0.09191054221	0.08488848156	0.09430058517	0.08582960521	0.06020726443	0.09574556305	0.1034353886	-0.001684992225	0.01343104556	0.09235872637	0.1088164969	0.09389429089	0.05477844467	0.1068568415	0.09198541996	0.01373306636	0.0917098382	0.0095976578	0.101549308	0.01243882156	0.004379514952	-0.02013594644	-0.04052927377	-0.01764058052	0.01173729225	0.01442588197	0.2153703878	-0.0276086782	-0.0555987735	0.003594364504	0.04921927171	0.07108751818	-0.01929773178	0.08828903685	0.04230418289	0.09764691482	0.09152379865	0.08684757009	0.1937131393	0.04104254291	0.1658510569	0.4217924365	0.5343162891	0.6569158956	0.2078276045	0.2551052282	0.004915048152	0.1174643658	0.08859699534	0.01038609826	0.003135251837	-0.05086971506	-0.0473885294	0.05374358208	0.05390659939	-0.01221950976	0.07210030547	-0.02125616842	-0.02790373877	0.007999438488	-0.08401242885	-0.3029202786	-0.1939999798	0.05759573532	0.04008286718	0.03825937727	0.08649247342	-0.03270920358	0.1079022546	-0.05783951517	-0.3019833103	0.07484916011	0.1042076115
0.03577680936	-0.004300584375	0.04789983999	0.08427163367	0.02285326304	0.06377046781	0.03062163074	0.06541861422	0.1743521408	-0.3772438866	-0.3560027275	-0.3617238769	-0.3466817782	-0.3461322286	-0.3281573588	-0.3439646662	-0.369986436	-0.3616390779	-0.3133929446	-0.3546246163	-0.0212328918	-0.04961595502	-0.3076259544	-0.05991244333	-0.03860482291	-0.3538355775	-0.3527838074	-0.3318965041	-0.3401694183	-0.03841148994	-0.3407463788	-0.04607095266	-0.06549390269	-0.2153881853	-0.07177707573	-0.3438647379	0.03804994386	0.08423596077	0.03801826805	0.03938910974	0.004364851199	0.04960039733	-0.380511121	-0.05084240228	-0.3602022528	-0.01307532566	-0.008475194409	-0.07592554823	-0.01798862901	-0.02150586246	-0.01165310553	-0.0324543485	-0.3363813263	-0.3433799393	-0.3206115296	-0.03548782427	-0.02882627755	-0.01382102939	-0.3889896108	-0.3699140014	-0.3579510385	-0.003072598479	-0.3339532807	-0.009390962412	-0.005218412654	-0.01236633775	-0.005757051814	-0.04585997681	0.008390286249	0.01601039709	0.04481706473	0.06879745561	0.06919137493	0.127776866	0.1757775323	0.1030427488	0.1028490025	0.06123754391	0.04855611136	0.04760120947	-0.01077678655	0.06284572654	0.03657758227	0.08027689262	0.1232850635	0.02936699667	0.03337063831	0.1505958543	0.1179926548	0.08409266469	-0.0517904547	0.1388195768	0.04415259544	0.06704332994	0.107098583	0.1441718025	0.1574232738	0.05903597355	0.044345282	0.05882249431	0.1207033975	0.04751301907	0.008859929399	0.06805460845	0.0568685671	0.03595700869	0.1259872466	0.0293113563	0.02097314219	0.1307764416	0.04601706753	0.0919473834	0.08054352645	0.1420348873	0.08952331431	0.1231731543	0.08583467794	0.06822789005	0.04072499123	0.1319304463	0.1313786677	0.06108871415	0.07200177173	0.1476424462	0.04121356353	0.05715033585	-0.3722504744	0.006571506383	0.09832141129	0.08745842587	0.03175040535	0.1488587636	0.01273669026	0.08079513184	0.06339079161	0.08357267758	0.03360525187	0.1559335021	0.07999483993	0.1388703289	-0.01193858414	0.05561276815	0.0479418943	0.09420120929	0.06054884002	0.04833650183	0.03110902293	0.1598063675	0.01185975755	0.0642675881	0.1281437595	0.04225442111	0.06724001186	0.05704620885	0.08088962466	0.001498630806	0.0430551572	0.0352940838	0.08473551059	0.05804044805	0.01393436985	0.07545263972	0.008450997583	0.108591561	0.09262635669	0.126768209	0.03574313676	0.03408334838	0.02244591365	0.06890295601	0.01562096	0.02875130526	-0.01707208544	0.06217548229	0.003094051247	0.09759708251	0.04293920829	0.1148462476	0.02783202126	0.05132029947	0.03695541361	0.1629754408	0.03619784781	0.07927949037	0.09884571248	0.08657399648	0.127124438	0.04107105827	0.08802735026	0.1108190377	0.05851583737	0.1270917662	-0.007774301462	0.003302161728	0.03117433484	0.06164679654	0.0531755999	0.08980925266	0.04831210871	0.2044294353	0.1855179721	0.2078276045	0.5371719402	0.2054538423	0.001636366527	0.1358605188	-0.02700206068	-0.05416792174	0.009130076742	-0.03715197455	-0.02007892283	0.0845437251	0.03498234827	0.06045719602	-0.004930063009	0.09107569811	0.06466050565	0.04137364491	-0.08538148903	-0.3396571627	-0.2347773024	-0.007882481279	0.02530763045	0.0619500664	0.1302555047	-0.03873199723	0.09876343711	-0.03453645194	-0.3393045947	0.08207124442	0.04439123193
0.1027819886	0.05623019038	0.127888309	0.08247323938	0.07339642396	-0.001021832284	0.04251206696	0.06394242991	0.149465432	-0.3829637576	-0.3655928872	-0.373787996	-0.3544913822	-0.3569086862	-0.3427339813	-0.3662255185	-0.3817896967	-0.3762370634	-0.3290544648	-0.3707321874	-0.04030542923	-0.08738283959	-0.319280736	-0.07359104841	-0.05564121655	-0.3652201562	-0.3550397369	-0.3598089047	-0.3595631117	-0.0744042535	-0.3558887218	-0.08247461186	-0.0831259666	-0.2101831305	-0.1147750021	-0.3519937399	0.1568477315	0.1106360027	0.1203807355	0.04499585653	-0.01341899901	0.09174819109	-0.3922385889	-0.04298487113	-0.3645699012	0.03135419687	-0.07610784608	-0.01230719495	-0.04318777248	-0.05174925683	-0.04845549656	-0.06897458075	-0.3517784245	-0.348787333	-0.3419295669	-0.07054533602	-0.05774875257	-0.0636742654	-0.4044364493	-0.3831704327	-0.37575824	-0.03414224423	-0.353820522	-0.07288706005	-0.08125516525	-0.05577143544	0.05694956212	-0.02241625844	0.08963567137	0.1194748428	0.07495765175	0.07746309782	0.07852979472	0.1099546099	0.2310051071	0.1145651871	0.08986629841	0.05289884719	0.2284066727	0.1268229327	0.04367027162	0.06572662242	0.07386827985	0.05444854164	0.07877941721	0.07870039316	0.06050530077	0.07326560931	0.0717233556	0.005801788024	0.03632307084	0.06984988831	-0.04158181776	0.1473960905	0.0819823257	0.0661159507	0.04486493522	0.08020238837	0.1232901951	-0.02503127229	0.1363931957	0.1058029151	0.06386283006	0.04345594717	0.05524906977	0.004567088271	0.0162794495	0.1459394737	0.06580140849	0.1162908334	0.07462389348	0.1213955639	0.1512033907	0.1051952034	0.1222137242	0.1177766341	0.009825564926	0.1034532926	0.2598253253	0.06768435834	0.05863924772	0.04893456716	0.01684855158	0.0712937155	-0.02098421073	0.1201584495	-0.383898332	0.06098069271	0.004892063631	0.01869534698	0.04453807888	0.04160123711	0.01954365348	0.1259857466	0.1038259712	0.02385258444	-0.01775838279	0.04591863761	0.08683375746	0.1541090282	0.03874263818	0.1337092931	0.03072262634	0.24310881	0.2317411801	0.2446831541	0.1308273889	0.07246890461	0.04402954511	0.04961179101	0.2069177672	-0.007441164287	0.1126446651	0.04937838017	0.02108507889	0.0122516637	-0.01750411598	-0.03724123286	0.0359240002	0.01333158627	0.02907420066	0.04856048962	0.01356213081	0.1403075928	0.1553718177	0.04780710112	-0.03384477602	0.000911346952	-0.07832135375	0.004644353742	-0.04930451866	-0.07920835982	-0.001748409795	0.09013023141	0.02936702816	-0.0007773652382	0.007002271112	0.07509050224	0.05622977882	0.04458024159	-0.06959659448	0.06000758605	0.03504539304	0.03836921428	0.08982855205	0.06264919063	-0.002698391367	0.08731777182	0.1763297133	0.138728358	0.1115242725	0.1521961332	0.01060498766	0.04893792817	0.07784769689	0.08041210493	0.1121744767	0.07885980163	0.05927917356	0.3324787176	0.2206785251	0.2551052282	0.2054538423	0.5106874748	0.005523378989	0.0665965801	0.04597433329	-0.040350274	0.01174287154	-0.06424604326	-0.02412757269	0.1856862593	0.09570403265	0.116645662	0.009039292888	0.03546007226	0.04277857785	0.04412175618	-0.08620012906	-0.3427045419	-0.2209235133	0.06123959834	0.02505316059	0.1279251019	0.1515570509	-0.05989729902	0.07971231718	-0.05323530215	-0.3417674617	0.1207227601	0.04372199275
-0.03041111625	0.03632659949	0.03107576266	0.05359805244	0.1943929381	0.05730221239	0.1241971705	0.1027388671	-0.001276625808	-0.2863419768	-0.2729642983	-0.2841674294	-0.2688425677	-0.2252518578	-0.2002565423	-0.2459003098	-0.273426905	-0.2669606799	-0.2290805559	-0.260009753	0.1090783182	0.128585444	-0.2026261633	-0.01686364974	0.008728959572	-0.247872514	-0.2253019002	-0.222357293	-0.216857396	-0.008956447393	-0.2182977439	0.07345904622	0.1520575884	-0.1131682581	0.1408526399	-0.2166429839	0.08472544196	0.1172280198	0.0954550811	0.1243088022	0.3676062819	0.1238434895	-0.2446798547	0.04244904889	-0.2375813683	0.1404737575	0.1406268203	0.1043556102	-0.03657703137	0.214776468	0.01710781301	0.1752605141	-0.2389339273	-0.1982612335	-0.2106607004	-0.01380932965	-0.009688140019	0.2273511877	-0.2733632986	-0.2919382166	-0.2278684831	0.06897683647	-0.2182646425	0.08582028248	0.09915501049	0.1756282666	0.0815245468	0.1095824046	0.1226978259	0.08686203627	0.04647345724	-0.02649352302	-0.02045675965	-0.0001419274185	0.016304802	0.04677370063	-0.02149740848	-0.03794500353	0.0354412083	0.09225653187	-0.04415613587	-0.04261304144	0.01640430818	0.0006994626569	0.01414504945	-0.01434097873	0.009406560032	-0.03895398348	-0.002810233735	-0.0853591205	-0.01506184994	-0.03798540778	-0.03746722121	0.0577227009	-0.04897797683	-0.02055587747	-0.03285518667	-0.01180365792	0.0413633248	0.01012143081	0.0007123391156	0.03515956804	0.06458202637	0.009887126614	0.04633317482	-0.0255426979	-0.03457072903	0.0787492889	0.04434788052	0.004718299682	0.05669981017	0.1238182744	0.03231370521	0.01351913228	0.03715415822	0.01284754492	-0.007748149555	0.04790481416	0.05260596908	-0.04531255033	-0.02091440813	0.005778627221	0.003950290701	-0.0215587692	0.02802007903	0.1413691947	-0.2396410795	0.02271481715	-0.03156086371	-0.05150797332	-0.0303887044	-0.02759477438	-0.01673921068	-0.02029582428	0.08612832133	-0.03168003601	-0.02849060829	-0.03179936572	-0.02816944461	0.01268617795	0.1218519424	0.04980568585	0.001396173013	0.06412666886	0.05304899765	0.05967281926	0.08812911812	-0.02432384327	0.1241626066	-0.01181882738	0.004574776546	0.1245457116	0.009398153618	0.04159247798	-0.03977770043	0.1495422425	-0.04052893431	-0.05380740958	-0.03020955315	0.0007591341004	0.06528793985	0.04705634082	-0.02202940359	0.03166673936	-0.005373516885	0.04602597151	-0.06197366163	-0.004266963541	-0.06828147259	-0.02426733005	-0.02378378082	-0.07747555118	-0.006529169932	0.03045983372	0.1111877921	-0.04450680746	-0.01744661824	-0.02231056569	0.00300772215	0.02193645479	-0.05499980292	0.01134107639	0.01295995675	-0.002131688881	-0.009612667756	0.009989790469	0.005232167503	0.03458123019	0.07733287809	0.0003551731338	-0.002457928506	0.05516314602	0.02480496948	0.09284785743	0.07348861202	0.02512026668	0.0385297491	0.0500513753	0.03107878121	-0.0111191063	-0.01767740143	0.004915048152	0.001636366527	0.005523378989	0.7095325913	-0.0511183472	0.1015274614	0.01981354485	0.09579823509	0.1502209616	0.1306574557	0.07618224044	0.1528753504	0.0004862139696	-0.0534290617	0.004575703728	-0.04345859661	-0.007764835056	0.1416309571	-0.2684064277	-0.106515296	0.02477869173	0.09544718522	0.07804872698	0.01300830634	0.04649515183	0.05775661569	0.2063304259	-0.2294638612	0.03130862172	0.09733393798
0.121453316	0.08546147779	0.05255151761	0.08229884408	0.01376953356	0.09375930652	-0.002743441305	0.0530142808	0.1332155817	-0.3227893261	-0.3098241206	-0.31220653	-0.2948538825	-0.330445724	-0.3269458538	-0.2977396789	-0.3195508002	-0.3165853156	-0.216725299	-0.306075274	0.03331043264	0.00569733721	-0.2664040907	0.01697093943	0.03282721405	-0.3505901211	-0.3461223562	-0.3198779019	-0.3377367765	0.03027260712	-0.3385974034	-0.07621490809	-0.07823557979	-0.1496754266	-0.08492726121	-0.3256868686	0.04590501483	0.05827023143	0.04630898903	0.01526378146	-0.05016482121	0.1227176832	-0.3140147982	-0.02577289046	-0.3473760257	0.08537810911	-0.05594719364	-0.0168839982	-0.0129598895	0.003562758414	0.0213492204	-0.07716491329	-0.3359475931	-0.3326586256	-0.3170215944	0.03512753652	0.04273799366	0.03763178192	-0.3120655396	-0.3162427352	-0.3110498332	0.02412662655	-0.3284804298	-0.06313015321	-0.08085371038	-0.07813603273	0.02881979258	-0.05573087149	0.02694383624	0.03889780803	0.08797191162	0.08637573952	0.08005582353	0.07829843563	0.09582731083	0.08019074955	0.08576249182	0.04094439108	0.09040073446	0.09854696722	0.09383126503	0.05667585017	0.04064304367	0.07098538457	0.08290840007	0.06546212356	0.03704953268	0.04781909781	0.05135898507	0.1193868373	0.04113565191	0.09554889236	0.1411083374	0.07117970747	0.006700848208	0.1384084534	0.09993094608	0.04587775157	0.06934182458	0.1048909016	0.03371951812	0.02271016394	-0.03899443467	0.1291081594	0.05481762474	0.01587929666	0.1225527904	0.05948126919	0.07008458922	0.04438385198	0.01868539838	0.1257069218	0.1185151328	0.0270502934	0.02112417653	0.1529440446	0.077527909	0.01769375641	0.04314342145	0.05098197401	0.1046396856	0.07662603009	0.06182206332	0.05090826112	0.04156342374	0.005618111373	-0.3069750691	0.02988667516	0.1596664376	0.1405691696	0.0583640701	0.0953133616	0.03415978855	0.005810265131	0.0725365996	0.09407255287	0.08577912568	0.09820629316	0.003442067401	0.09245472002	0.007859203435	0.03314575021	0.001201215871	0.1176563286	0.04713883701	0.03183263239	0.04112333226	0.07117102139	-0.002921100439	0.01222535526	0.2352646528	-0.04951417586	-0.01048879188	-0.02041505401	0.0157262962	-0.02962704351	-0.006748577851	-0.0406848181	-0.01161752493	0.03417402135	-0.03298174183	0.135795324	0.01110883319	0.03594907718	0.1116328104	0.1054714333	-0.03283667016	0.02766850557	0.004158121347	0.02385523328	0.02938613936	0.05857455406	-0.03696985531	0.01824665506	-0.01198362654	0.09910855105	0.03009869759	0.02244145196	0.03512339644	0.03760257486	0.0598307268	0.09145197146	0.04644692601	0.1230498704	0.1565939169	0.06718201055	0.003022417562	0.06001418891	0.1009094805	0.07491505684	0.05123205768	0.08125654799	0.0284868604	0.02332083301	0.05813048538	0.03846621799	0.07378224946	0.01217822765	0.01914280771	0.1028157985	0.1202769922	0.1174643658	0.1358605188	0.0665965801	-0.0511183472	0.6325825658	-0.01152811453	-0.04787032195	0.02367839806	-0.06085491189	0.05277972176	0.1087650895	0.01309898899	0.04164480578	0.01090801639	0.07381144281	0.05464148495	0.02551369609	-0.01803445884	-0.2186070308	-0.1619470304	0.04071412528	0.02508954249	0.1414812969	0.1047899846	-0.05464309753	0.07688329918	-0.0502034257	-0.198201742	0.04211474851	0.1424472976
0.006863611702	0.144726822	0.0998673968	0.1722603918	0.1583883689	0.1334094911	0.1838518144	0.2097112727	0.0591025026	-0.3190447638	-0.2975271421	-0.3070772994	-0.3059394498	-0.2480819411	-0.2415355849	-0.3071618463	-0.3185420982	-0.2754912928	-0.2611520436	-0.3139003527	0.01477125981	0.03404554801	-0.2698863648	-0.009989758526	0.01804286347	-0.2801245084	-0.2963790178	-0.2526665009	-0.2849985675	-0.003625902542	-0.2787428	0.02605571635	0.1600804318	-0.1858901341	0.02280391597	-0.273703904	0.1924768106	0.2123983612	0.3332289085	0.1960507833	0.1371045914	0.2075607104	-0.3207526164	-0.03864482282	-0.2804345447	0.04213465102	0.01065607749	0.1516442636	-0.04006920001	0.03968907359	0.009053744741	0.02829338995	-0.2735637657	-0.2575465163	-0.2864741255	-0.01005183335	0.002840989135	0.1101543723	-0.3130395331	-0.2938600596	-0.3202334147	0.01024103933	-0.273854983	0.04952021617	0.04475039843	0.04875818427	0.1893421284	0.3684936204	0.3656895975	0.2999120408	0.08005838528	0.05490092186	0.05587127465	0.05126554643	0.08513504169	0.08558099041	-0.004438183875	-0.003414737343	0.05223459646	0.2938847774	-0.07754195453	-0.07485838535	0.0336831039	-0.009986111919	0.03560451126	0.004045607662	0.03418417669	-0.08088019568	-0.03475354726	-0.03004757526	-0.03688320568	-0.05859254763	-0.04937151012	0.2879423983	-0.08372584496	-0.05941109734	-0.08356965846	-0.0535848277	0.08456437224	0.006953064122	-0.02247398993	0.08547164164	0.2203487284	0.02527993667	0.09278167952	-0.01265946134	-0.04141289365	0.07624184605	0.04852616019	-0.01477727344	0.08439385446	0.1191528514	0.04816128375	0.004040552818	0.033207801	0.02243583432	-0.04053670573	0.0232822333	0.08688666295	-0.08707827474	-0.06173486942	0.03374444787	0.004347891234	-0.01654109735	-0.004285361432	0.07867781761	-0.3138341105	0.05964519519	-0.03976223046	-0.04660668862	-0.07811168757	-0.08001450036	-0.04997631446	-0.02343074343	0.0641250637	-0.02320737841	-0.07142208791	-0.08096523249	-0.02903183027	0.007830531031	0.2135750476	0.03812841216	-0.04089156104	0.08708171802	0.1274666249	0.09178325774	0.3514589207	-0.04702005848	0.2534417825	-0.03153748902	0.003182702732	0.03831544923	-0.02848849683	0.05277913687	-0.09133229121	0.05145009303	-0.02371782611	-0.06452977502	-0.07916609231	-0.08947436213	-0.05236016648	0.07405784588	-0.04028602541	0.05677473577	0.07726789104	-0.02217645884	-0.1398429206	-0.05553742955	-0.05050327761	-0.09559374073	-0.09073053678	-0.1069153842	-0.04242019852	0.071400292	0.07787599629	-0.01148108456	-0.07392902528	-0.01541377338	0.05270807008	0.01743789415	-0.02506577139	0.009084593664	0.04024331368	0.05683855556	0.03660801482	-0.007580268461	-0.03131854495	0.07933717559	0.09592982903	0.05267520371	-0.01769332386	0.1154049971	0.05720375058	0.09637938991	0.08066066432	0.08674459193	0.1360219757	0.09716701322	0.1054739677	0.09501686869	0.07454234342	0.08859699534	-0.02700206068	0.04597433329	0.1015274614	-0.01152811453	0.6735777018	0.03267054615	-0.009012768055	0.05315347312	0.0733121787	0.1024858391	0.3008369256	-0.01656326226	0.0004397970695	0.03186950952	-0.07153475421	-0.01302265441	0.06529860701	-0.268217432	-0.179302541	0.06158036292	0.02467805881	0.1087612156	0.05982855524	-0.01366673601	0.06274283923	0.1546893836	-0.2987539426	0.1116113749	0.03889953262
0.06558050063	-0.06363074723	-0.008640411471	-0.01622146483	0.02740397121	-0.02087639579	0.003419181591	0.02502169639	-0.02380417357	-0.1295505005	-0.1224472617	-0.1027324627	-0.1352563883	-0.07139542018	-0.07150709722	-0.1613493392	-0.1326700232	-0.09787189214	-0.1586957614	-0.1881035914	0.09292700549	0.09273448838	-0.1193087386	0.1004218852	0.1226336276	-0.0856448263	-0.1110836361	-0.07121850904	-0.0632280069	0.132371477	-0.08936889091	0.1005637017	0.04694259616	0.01215902017	0.1211755795	-0.05739137724	-0.03351850074	-0.06204918086	-0.05969370732	0.02312599302	0.02568723007	-0.06219153492	-0.09203721176	0.1583535045	-0.07367111258	0.003879149241	0.09955870818	0.07344534182	-0.001944483571	0.1004333379	0.05995709754	0.1011360733	-0.07704512582	-0.03207909369	-0.08387409251	0.1330665999	0.1108613041	0.04691974864	-0.07926265642	-0.07716607869	-0.08439450364	0.05808533678	-0.07605058367	0.1337620033	0.09900035861	0.072876307	0.01397909547	0.02887040784	0.03573913834	-0.01695563732	-0.020693286	-0.01928786236	-0.01833144746	-0.04600116844	-0.05676648933	-0.0259453714	0.02489053615	-0.006716310766	-0.02214728022	-0.05511852265	0.04087863423	0.05040190409	-0.04162190304	0.02932577266	-0.01890677243	-0.04145163777	0.0237996805	0.01581994772	-0.03152999172	0.05153654173	0.05714520869	-0.001734855082	0.04194654152	-0.05291186794	0.05223225848	-0.01816602488	-0.02695594913	0.01102278202	-0.05770158101	-0.06025348913	-0.04793943426	-0.03999560951	0.008859949069	-0.006005394397	0.06024043069	-0.04182914878	0.009700636537	-0.01558000085	-0.04535798304	-0.01850338002	-0.05053373077	-0.04899298599	0.01052880316	-0.0134190643	-0.03621531803	-0.01938180049	0.01043109898	0.01399613203	-0.03924385992	-0.009523202877	-0.01860859933	-0.01022553893	-0.0441224783	-0.01151309525	-0.03579914068	-0.02832468342	-0.09729707633	-0.04170082574	0.01979073878	-0.001084799237	0.008541842217	-0.01813250205	0.05938077338	-0.03075658785	0.01903232118	0.0115837841	0.05557327593	-0.02363493334	-0.02777292772	0.03631594244	0.07161293222	-0.01875154555	-0.0247317196	0.0161525991	-0.03944704434	-0.04012064768	-0.02041237937	-0.02601839845	0.05134032824	-0.03429643018	-0.0324114594	0.1627887705	0.003291149105	0.07448578376	0.05211069945	0.08477255288	0.08772350724	0.07853677083	0.05982744578	0.05698152697	0.1558963529	0.05048266609	0.01546408812	-0.03357205947	-0.05090572658	-0.03438255146	0.08596142878	0.02331883337	0.01028388576	0.0334774883	0.04987530877	0.05470201513	0.04535435757	-0.0535952928	0.03195756865	-0.05233469573	0.03391020962	-0.03898254147	-0.07498323766	-0.006010463297	-0.02747338657	0.007964349696	-0.01943449482	-0.06231713636	-0.02246550551	0.07331816439	0.04328830656	-0.02198791712	-0.003927749393	-0.01166635959	0.006774082321	-0.03318043841	-0.05254692541	-0.02261521448	-0.04010786135	-0.05795928546	-0.02466194203	-0.0463146753	-0.01862142598	-0.01543375993	0.01314053361	0.01038609826	-0.05416792174	-0.040350274	0.01981354485	-0.04787032195	0.03267054615	0.9282072869	0.1895207888	0.1281265794	0.1111961656	-0.01877093725	-0.02193693237	0.009698453027	0.01258772313	-0.04051009139	0.001707922943	-0.01155271316	0.01517967502	-0.1427381096	0.02344241373	-0.05363246681	-0.03242321428	-0.05623898251	-0.02382529382	0.1162281054	0.01179780216	0.0438537495	-0.1219643246	-0.03211746756	-0.01684191019
0.07605047139	-0.003641958199	-0.01350889909	0.0007160252349	0.08568693488	0.03938894805	0.05225266504	0.02841893603	-0.004015069566	-0.2464273834	-0.2224422795	-0.2227744608	-0.2198176364	-0.1999626241	-0.2148817805	-0.2228465852	-0.2301749684	-0.2445894049	-0.2582705163	-0.2258178947	0.2691437092	0.2846033277	-0.222400242	0.0189823464	0.04556430653	-0.2157768716	-0.2084137247	-0.2142744242	-0.2088760342	0.02437424351	-0.1946126946	0.1919466641	0.1655224565	-0.114083748	0.1739563744	-0.1734845923	0.05851666803	0.0215607729	-0.00741911128	0.1163445387	0.1602767417	0.04742073883	-0.2117410671	0.01098930468	-0.2182989897	0.1226395287	0.1658458441	0.1716292488	0.0119743864	0.2298457206	0.06465796282	0.1347689057	-0.2170796701	-0.1609611555	-0.1663822906	0.0299940084	0.03267945248	0.183649096	-0.2065740905	-0.2335540637	-0.1992451467	0.1682384494	-0.1902063821	0.2646920397	0.2372057302	0.104730675	0.02596632509	0.003178596001	0.06369970182	0.03356685434	-0.02733523898	-0.02915372712	-0.03179591422	-0.002388508566	-0.001945663706	-0.01776639879	0.006683902797	-0.05971798165	0.01384672916	0.02170087526	-0.04065214651	-0.03184513689	-0.03697620461	0.04302060905	-0.03493954899	-0.02353328695	0.01601676914	-0.002412033843	0.008022293465	-0.08188449619	0.02174610039	-0.03679625299	0.08380746187	-0.02302364302	-0.02612718501	-0.009770251265	-0.03949950706	0.003160898519	-0.02168806153	0.003594954858	0.003664043173	-0.001924889711	0.06772243414	-0.02433538779	0.05501694483	-0.0344399669	-0.02607125144	0.05012638933	0.05756436436	0.01959204491	-0.02287607465	0.04996688286	0.1067778867	-0.01593980258	0.001395514037	0.02503252733	-0.005194884682	0.04304578131	-0.001784147769	-0.02957503336	0.01039886001	0.02104802124	-0.02000509083	-0.005507848441	0.01009068517	0.07470147722	-0.2079603194	-0.006964389544	-0.01589903748	-0.01382615281	-0.004971573405	-0.002891886819	0.03915387388	-0.00828193068	0.04984481483	0.04164081309	0.007907432593	-0.03995619654	-0.01876458899	0.0175263675	0.05085771599	-0.01711743201	-0.01090490794	0.03400784394	0.009723593956	-0.005874053177	0.004248051518	-0.03213299049	0.07198971547	-0.02096475846	-0.01050031352	0.1397010897	0.01121615668	0.05839904379	0.0071106708	0.07144769872	-0.03478623197	-0.04374449851	0.004027796907	0.003916905202	0.0606557901	0.04329045021	-0.01317071855	0.008359952249	0.05082590325	0.0101105748	-0.02879643913	0.02169361813	-0.08346470021	-0.00325440534	0.0164678173	-0.05580212607	0.04499688711	-0.01654584916	0.04895362924	-0.0162146409	0.02047526155	-0.009747505084	-0.01724533573	-0.01556167699	-0.03728043134	-0.01532201404	0.06807612449	0.0008717975174	-0.002489866344	0.03361107979	0.008726401583	0.02421431277	0.0509527253	0.002250638915	-0.007583200634	0.005878428064	0.01587717697	0.007028478427	0.03337030888	0.00153727263	-0.01256571672	-0.0314819087	-0.02298836376	-0.003492617641	0.001898218888	0.003135251837	0.009130076742	0.01174287154	0.09579823509	0.02367839806	-0.009012768055	0.1895207888	0.7745255178	0.242812852	0.2685130403	0.0554443756	-0.003061674707	-0.0124685542	-0.04271225788	-0.01821369685	-0.01324690334	-0.006469699787	0.1361143038	-0.259667067	-0.1042006484	0.009788237066	0.03170117414	0.06151916015	0.01769248012	0.08927169607	0.06625073136	0.1683086391	-0.2521623123	0.012757061	0.06025521271
-0.05513555091	0.01802210814	-0.01098080645	-0.01379380267	0.04052161804	0.06162688401	0.08673159176	0.05182950072	-0.07881102231	-0.2339435915	-0.2259871952	-0.2199382248	-0.2147304272	-0.1666470655	-0.1360727518	-0.1938196706	-0.2364743474	-0.2163035889	-0.1510345815	-0.2097507089	0.3931092039	0.4497486594	-0.1365122949	0.02566759458	0.06544793349	-0.1565282417	-0.1713475551	-0.1782998441	-0.1538661827	0.08935266253	-0.1704456412	0.2458025495	0.336165486	-0.04914381747	0.292926488	-0.1340906995	0.03901179844	0.008550609865	-0.01731666432	0.1058577314	0.1776147542	0.005530468402	-0.187765134	0.06859492697	-0.1485307811	0.1622149689	0.1692411384	0.2073086794	0.05679707336	0.4729176603	0.09397718377	0.2973284237	-0.152216458	-0.1166402101	-0.1212656592	0.09069206408	0.06308317583	0.3132912609	-0.1880877608	-0.2048981916	-0.2106516214	0.2277795374	-0.1617421075	0.3301115553	0.3815291362	0.2771765399	0.009370164081	0.08723720772	0.06351656353	0.01111144485	0.002035221689	-0.07214687095	-0.06624931874	-0.04433613438	-0.04844636267	-0.04442851798	-0.01690041805	-0.03412072273	-0.02361561266	-0.03765934763	-0.04667513435	-0.06491321341	-0.04681321994	-0.04342087563	-0.07161031948	-0.05836466209	-0.01536097972	-0.03547993289	-0.04622209069	-0.0002734474182	-0.0311042933	-0.04657094978	0.003523984643	-0.03958323706	-0.03743851464	-0.05792422822	-0.05632501322	-0.03035225098	-0.04429720036	-0.008683721784	-0.02270568996	-0.02808880894	0.08252162853	-0.01352069425	-0.02100653646	-0.02322779813	-0.03974069763	-0.01549065719	0.03504439483	-0.01931022479	-0.03976834101	0.02250098688	0.007560691337	-0.0651939621	-0.05928889994	-0.01634416867	-0.04757980554	-0.03702032734	-0.04393163565	-0.05465358227	-0.04825429579	0.01254363471	0.007167674981	0.02796987865	-0.00373514711	0.08198579179	-0.1857944993	0.001925670563	-0.01640969904	-0.03548994163	-0.03612544839	-0.04721565461	-0.0316366873	-0.05543296732	0.02799793728	0.02985920911	-0.03159895426	-0.0566877875	-0.06020213066	-0.01623135193	0.04451982137	0.01105090121	-0.045831494	-0.04415764705	-0.02569859593	-0.04352408962	0.006109355957	-0.05360455995	0.06594232122	-0.05641227013	-0.01090933315	0.1029446505	-0.01814909201	0.07134594748	-0.05256700454	0.1698502015	-0.006430010889	-0.01319265527	-0.05009923833	0.005327200186	0.01176999943	-0.05473813397	0.004925281973	-0.04709453837	-0.02079079496	-0.01991477104	-0.001696995047	-0.02422312508	-0.0290608663	-0.02344970391	-0.02464176727	0.001890951032	-0.01648519108	-0.02198373857	0.0775100258	0.0009016095849	-0.03475273412	-0.02809458163	-0.05368490208	-0.05843115482	0.01597255215	-0.03094360726	-0.04789118496	-0.0375312803	-0.06149179321	-0.05998122439	-0.03900104548	-0.02224102552	-0.01302326802	-0.05386516181	-0.04657023338	-0.04084793301	0.03392626301	0.0695330082	0.06905489003	0.04620181939	0.02353700145	0.001337526039	0.04803514198	-0.08764932594	-0.04560553655	-0.05086971506	-0.03715197455	-0.06424604326	0.1502209616	-0.06085491189	0.05315347312	0.1281265794	0.242812852	0.8564880662	0.3968061935	-0.01117271517	0.005930808628	-0.06879786083	0.005649871409	-0.03191424255	-0.06421133737	-0.02191092265	0.331618137	-0.1624917911	-0.05034242815	-0.01451238037	0.00856803007	-0.01264038968	-0.03408489025	0.1304625962	0.03826248577	0.2493780941	-0.1759335167	-0.02263683645	0.01521107984
-0.03764586875	0.005592980069	-0.0495311989	-0.04913242524	0.05958729342	0.03521431021	0.1371826984	0.05803758051	-0.07772514559	-0.2693057932	-0.2605380271	-0.2587697048	-0.2398164436	-0.2020185968	-0.1679790331	-0.2288626784	-0.2691082573	-0.2448927242	-0.1049415581	-0.2490496453	0.4518376952	0.4764451789	-0.1300893738	0.09325601732	0.1284492345	-0.1939763988	-0.2204231223	-0.2190477064	-0.188917733	0.1436060077	-0.2101138757	0.2222760548	0.3839471244	-0.02032260844	0.2552337785	-0.1808999273	0.04804297598	0.01049669936	-0.006193001977	0.124681104	0.1533399359	0.152159765	-0.2323363619	0.1008271279	-0.1951262337	0.2337877476	0.1279955335	0.17080513	0.1034576435	0.5636429945	0.144121207	0.2438499157	-0.2034248221	-0.1610460873	-0.1626616572	0.1477786352	0.1267382778	0.3543107034	-0.2019778347	-0.2373535503	-0.2454347221	0.3688894028	-0.1942597704	0.3534769866	0.3168843242	0.2352626558	0.03345672685	0.07250053128	0.09558611398	0.004537561852	-0.03847987157	-0.1033320394	-0.1052142143	-0.04172517324	-0.06237373082	-0.06604734479	-0.04679425787	-0.0709548821	-0.04837622547	0.006840576788	-0.01925676931	-0.01092650968	-0.09681517554	-0.0509804196	-0.0752336784	-0.05755598654	-0.06787859826	-0.02285837144	-0.02752201818	0.04767716236	-0.04763053061	-0.01941602661	0.07539155296	-0.03839830335	-0.03933827159	-0.02398461942	-0.03218337223	-0.03917513429	-0.05549650401	-0.03879793286	0.005138663946	-0.05615110297	0.03488797658	-0.0467622699	-0.01011731411	-0.009684677371	0.02000156434	-0.0004243473529	0.01673388595	-0.02823854016	-0.06866504087	0.1541015293	-0.009746386657	-0.076798199	-0.1089103174	-0.0009128164653	-0.04647392742	-0.06697525252	-0.03384686969	-0.04558146101	-0.02401784765	-0.03465567713	-0.002009993408	0.02149675788	-0.00077242384	0.0481059031	-0.2297404499	-0.03662585559	0.03064875099	0.02275635402	-0.05066530233	-0.009960452168	-0.06319652946	-0.06747973175	0.006508666699	0.019305966	-0.02063190806	-0.03045882872	-0.03284382167	-0.04347924473	0.07948186192	0.004680964863	-0.06229369514	-0.01295361809	-0.01214459298	-0.03151439692	0.004383912262	-0.07505338828	0.1124920126	-0.0673696969	0.1321993099	0.1002187051	-0.01799484746	0.08547344246	-0.05209623434	0.08672745953	-0.02042817619	-0.0297031025	-0.0485396885	-0.02125782964	-0.01550487641	0.05107814162	0.006139464965	-0.08680095491	-0.05575593849	-0.02243954115	0.03215917103	-0.01986423575	-0.01126906521	-0.01090214548	0.005818658654	-0.007114350734	-0.03539533661	-0.07236437441	0.0178358488	0.009861600872	-0.009812074881	-0.02838470666	-0.08769707461	-0.08662135991	-0.01147410677	-0.02034987611	-0.06671731572	-0.06494802774	-0.06348598531	-0.08615966684	-0.05157426129	-0.04096889271	0.01184148728	-0.07192860334	-0.02823146332	-0.07463707539	-0.00518358597	0.008575186236	0.02732838874	-0.00932793782	-0.004071062354	0.01096098343	0.017720663	-0.05816441315	-0.06417945887	-0.0473885294	-0.02007892283	-0.02412757269	0.1306574557	0.05277972176	0.0733121787	0.1111961656	0.2685130403	0.3968061935	0.936058794	0.01648863018	0.03465513452	-0.04188104048	-0.005214775295	-0.05747471767	-0.05926323613	-0.04220164877	0.4855010157	-0.1021738494	-0.02075522292	-0.04859519701	-0.02581755551	0.07854599465	-0.07411697593	0.05395596617	0.01196071459	0.2625382793	-0.117448437	-0.04212282617	0.0019944683
0.1616635353	0.09599811182	0.150016738	0.1821284699	0.07012789904	0.1216749783	0.1157829505	0.1166530069	0.1707913408	-0.3917774106	-0.3703176297	-0.3780780656	-0.3587294506	-0.3472372653	-0.348931294	-0.3532407974	-0.3888223512	-0.3753094388	-0.3361340228	-0.3611437703	-0.05261754009	-0.05910269875	-0.3484502019	-0.1127989861	-0.09042781042	-0.3649493098	-0.3644152124	-0.3329915058	-0.3586055475	-0.09425036461	-0.3470512481	-0.08486704856	-0.03087730188	-0.2385617217	-0.07213583186	-0.3490698558	0.1876263598	0.1303339929	0.1697968523	0.05215519573	0.04480710566	0.08479603917	-0.3995882681	-0.09310045505	-0.3677389079	0.0246848177	-0.06789935414	-0.009325860876	-0.1194351455	-0.04848078276	-0.08436046762	-0.03248618833	-0.3501840399	-0.3453754103	-0.3184012945	-0.1015339369	-0.08787277254	-0.06164608551	-0.4045332167	-0.3899041888	-0.3869895687	-0.04809214357	-0.358109189	-0.05153678119	-0.0470167571	-0.002028268291	0.06930701719	0.0606556654	0.1135580487	0.1468026157	0.1153231711	0.09750180552	0.09487278606	0.09649521566	0.1337940212	0.1964382934	0.01377308579	0.008083710072	0.1788558398	0.167018338	0.006014689902	0.0002130816614	0.1405611337	0.01808085857	0.08779209236	0.1575614894	0.1017801412	0.01243152052	0.06949511282	-0.06643225136	0.09911409346	0.04406626661	0.008488365071	0.2245917388	-0.002152784524	0.05814416937	0.02836487646	0.09345840314	0.1716458968	0.01968361733	0.1311568815	0.1216853586	0.104811504	0.01799140465	0.05397299529	0.06438309912	0.04856785273	0.2536264305	0.05451098443	0.1128537605	0.1448147771	0.1291007981	0.1544517804	0.1166303551	0.1427301419	0.1459455003	0.03722096357	0.1263500553	0.2310933125	0.01248662929	0.06398904298	0.05363191183	0.04314346591	-0.09536832017	-0.01491155437	0.1092480308	-0.3909136669	0.1102999603	0.08531444221	0.0287780624	0.0681977778	0.03620554584	0.08616065253	0.06866660292	0.07155466498	0.05883083907	-0.06278025669	0.02629178013	0.06621801298	0.07082328467	0.06496483392	0.1607267055	0.03475220513	0.3472640495	0.2290064046	0.2228922924	0.1596732501	0.03956315103	0.08398001854	0.05703072473	0.1185729659	-0.06177622215	-0.03207221419	-0.06000250512	-0.06724423471	-0.01390043877	-0.08358883224	-0.1296612991	-0.0563538659	-0.07147159303	-0.09366574504	0.08902967804	-0.06741909843	0.187065337	0.1615811631	0.1017988501	-0.1312592629	-0.04436284722	-0.1180623673	-0.08416555145	-0.08030511146	-0.1371452169	-0.06519278449	0.07863587013	-0.01514522911	0.0001894325228	-0.05817003841	0.005349685566	0.07885466274	0.06897774805	-0.02951406784	0.115773092	0.04876658659	0.08802169985	0.03074792042	0.06993553287	0.05907077156	0.1537363487	0.4509261439	0.1660154373	0.1193012576	0.197523821	0.01998654243	0.03883530025	0.06986014028	0.09551975398	0.07816337941	0.0825829975	0.01278661852	0.1367085901	0.04746194608	0.05374358208	0.0845437251	0.1856862593	0.07618224044	0.1087650895	0.1024858391	-0.01877093725	0.0554443756	-0.01117271517	0.01648863018	0.471892223	0.1335299848	0.1152979037	-0.02756745651	0.1118226941	0.0505194242	0.04771332616	-0.06657781303	-0.350626551	-0.2425170534	0.0632082646	0.07068966911	0.09664267936	0.1868367603	-0.07881454798	0.1481116645	-0.00592145568	-0.3622458102	0.1508334776	0.1169705264
0.04163990558	0.1341163858	0.1188733239	0.09724410743	0.1812680701	0.0414762163	0.1290416787	0.2290138081	0.07455300316	-0.3877670992	-0.3583936642	-0.3739228021	-0.3525796741	-0.3326394252	-0.3055065347	-0.3515091213	-0.3831421844	-0.3492744359	-0.3301356511	-0.3564095226	-0.02825061038	-0.05516245026	-0.326301382	-0.07577833872	-0.05430280885	-0.3307450939	-0.3470111859	-0.3316459871	-0.3360062724	-0.0888769988	-0.3359716835	-0.01881517023	0.08409158342	-0.2280042243	-0.01443607703	-0.3352220826	0.1813723795	0.1992017245	0.2511150552	0.1220897635	0.1184865521	0.1595477264	-0.3859312412	-0.08038954228	-0.3597088486	0.0455050513	-0.02654573548	0.07343537364	-0.08952329355	0.009138975604	-0.05620865119	-0.0007958903896	-0.3347493983	-0.3328878922	-0.3299181018	-0.09065915189	-0.07559126278	0.04281394497	-0.3922422604	-0.3833705226	-0.3595288167	0.01971867394	-0.3332065922	-0.0142842815	-0.0260416028	0.0217494858	0.1701942781	0.1307104053	0.3741331318	0.3068179375	0.143697693	0.03979156773	0.04475465858	0.07288522789	0.1422288093	0.1260888901	0.0390111098	0.02149831699	0.1289573993	0.2233516932	-0.05044796713	-0.02775910802	0.07057948207	0.002363348102	0.09995814152	0.06433747365	0.04627198159	-0.03422231965	0.009311740413	-0.09933518283	0.007827464577	-0.0132453251	-0.04443666322	0.2061619843	-0.04665622691	-0.0324368173	-0.04431851548	-0.01471613614	0.1510419711	0.01295755036	0.03911454467	0.153335404	0.2004056345	0.03117223949	0.1650867511	0.01070812062	-0.000571689265	0.1263389	0.0748550548	0.05748465211	0.1471591318	0.1543536388	0.09596579338	0.09733462846	0.1253732745	0.05543443741	0.01724534921	0.108168752	0.1486998395	-0.05112318672	-0.01760610165	0.06410874014	0.02332505935	-0.04258224082	0.0506913636	0.1190083146	-0.3771245376	0.0929626154	-0.00613102488	-0.01990616631	-0.03740962219	-0.04758582603	-0.009221498109	0.04443296315	0.08138571198	-0.01598780832	-0.08889725746	-0.04664809277	0.01702503302	0.05584531696	0.279826676	0.1547590623	0.03321858435	0.1321890422	0.1649872932	0.1621601072	0.3382888601	0.03816999669	0.2899315223	0.01561745927	0.07936570487	0.086325811	0.04209145548	0.08989428549	-0.02249073978	0.003084418219	-0.004062271394	-0.0669954614	-0.005514635426	-0.01223217076	-0.03397148701	0.106868	-0.06201604153	0.116149989	0.1001541095	0.03629714148	-0.1180434938	-0.05036547599	-0.1361629673	-0.08897383982	-0.09039252202	-0.1775776469	-0.02709984523	0.1124718374	0.02422951954	0.006440136874	-0.07270298376	0.02172042675	0.06601758712	0.0739325571	-0.06319318215	0.08627120245	0.06155721924	0.06474399084	0.05260953651	0.04944458627	0.04918853166	0.1251708045	0.1253215235	0.09693841237	0.01856460875	0.1509049812	0.05463566335	0.06532977371	0.1058549192	0.0669528902	0.1012868681	0.1270713319	0.03463809416	0.09578462773	0.04868774038	0.05390659939	0.03498234827	0.09570403265	0.1528753504	0.01309898899	0.3008369256	-0.02193693237	-0.003061674707	0.005930808628	0.03465513452	0.1335299848	0.5371570607	0.02178141142	-0.0535123022	0.041380305	-0.02771318351	0.005419897105	0.03603271831	-0.3549759129	-0.2180671239	0.0904705321	0.0791486081	0.1233604251	0.09530269122	-0.05058051016	0.05261856017	0.1165305695	-0.3607067685	0.135926504	0.0668673978
0.1667056664	0.00208783028	0.07761204447	0.02729188724	0.02901886365	-0.003621596579	0.003961237643	0.05706965926	0.08108375434	-0.2958248481	-0.3312806981	-0.3362727824	-0.3177505528	-0.3199010069	-0.3179413965	-0.3151673915	-0.2928991989	-0.3363250543	-0.3125325306	-0.2730088299	-0.05625791363	-0.0003136507445	-0.3116085128	0.01731831214	-0.03987290179	-0.2851441925	-0.2750219858	-0.3235519829	-0.2737915293	-0.05269136289	-0.2654817415	-0.0120886757	-0.06110310863	-0.2181798188	-0.01629697234	-0.3270614608	0.1022652169	0.06355758334	0.05205801069	0.02603002725	-0.03244335686	0.06261972847	-0.2835819687	-0.04470077034	-0.3021859424	4.656814658e-05	-0.06803532868	0.00141425644	-0.06912541265	-0.06585439544	-0.03265652124	-0.01777770035	-0.3249217531	-0.3157843433	-0.3122214223	-0.05668146875	-0.04493363047	-0.0618477013	-0.2758182834	-0.2792968127	-0.2893699263	0.02884581424	-0.3235613927	-0.06972649903	-0.08922901111	-0.09714632126	0.0300605154	0.06238115421	0.01087179271	0.05888028165	0.0476557402	0.1140263326	0.1170780566	0.07650683529	0.08626437285	0.1182470836	0.06339474269	0.05814701516	0.1242957455	0.06849409229	0.1042410434	0.1084316451	0.1733824698	0.03760745162	0.08345441039	0.2307073608	0.1611174985	0.063956043	0.08184478797	-0.01358743057	0.281481418	0.1023533408	-0.04745658645	0.08258831451	0.05472397617	0.07828577881	0.04221485065	0.1196269352	0.1934734064	0.08896954714	0.09163281148	0.07206319317	0.03513783341	-0.02442324139	0.08957985422	0.05807790231	0.06076924516	0.1174928327	0.04482519005	0.2047200616	0.09589849827	0.06548193877	0.03456932178	0.05493645114	0.1144598885	0.04329299304	0.02799756734	0.1098885337	0.1638976513	0.06221675639	0.0650877368	0.02609367229	-0.01310155797	-0.06382546109	-0.07625211455	0.007380642156	-0.2776975483	0.05326154817	0.02647160822	0.04672401444	0.1718007779	0.02774808003	0.07000897219	0.1061385877	0.003857576452	0.1425551508	0.08619553564	0.04491098136	0.132550043	0.01844829938	0.08603867427	0.1341632329	0.07541637287	0.1161446563	0.1489644463	0.1811002222	0.04023464927	0.08241062535	0.01915795401	0.0958086114	0.04001056273	-0.03296622837	-0.03486048318	-0.05177546469	-0.08880231321	-0.04017914064	-0.1070038519	-0.1368414784	-0.04077123867	-0.07596661895	-0.04212427437	0.04468489435	0.2095156759	0.1393665634	0.06961781499	0.09034737473	0.03049511025	0.05501826611	-0.007851455796	-0.008939974767	0.08091119657	-0.03466998303	-0.001402472617	0.03137872225	-0.02381332504	-0.02861142842	0.08186841279	0.07012150575	0.1659085376	0.0748615706	-0.03413342768	0.05940383211	0.1323961182	0.1175593853	0.0579685094	0.1097761909	0.03831817915	0.03885040908	0.1312799814	0.1409731294	0.1750126299	0.06410659302	0.05395832866	-0.01905690895	0.02095841995	0.08414959185	0.02859815804	0.03609795727	-0.02638345575	0.06657417318	-0.02163728715	-0.01221950976	0.06045719602	0.116645662	0.0004862139696	0.04164480578	-0.01656326226	0.009698453027	-0.0124685542	-0.06879786083	-0.04188104048	0.1152979037	0.02178141142	0.6437831029	0.06069994731	0.128242402	0.2082121212	0.07806357353	-0.01118704844	-0.3383512152	-0.2182317797	0.09069349525	0.04528901357	0.0842879082	0.07752805455	-0.04774038828	0.05284040377	-0.04447112787	-0.3435772333	0.06867950571	0.03373476645
0.08246657541	0.08515661977	-0.03886774204	-0.005574565773	-0.03715698832	0.02215604011	-0.01627012712	-0.05392269028	-0.01031396017	-0.2819288099	-0.2666395842	-0.2675784616	-0.2797757554	-0.2417948071	-0.2217012612	-0.2827741704	-0.278837419	-0.2729111647	-0.2210574382	-0.2923852608	0.01850988165	-0.04255619174	-0.2091219624	0.0312255789	0.05872910937	-0.2557704165	-0.2536214617	-0.2650416758	-0.2655104183	0.03489091729	-0.2586066373	-0.02667405357	-0.04586164504	-0.1109187415	-0.02286717758	-0.23671589	-0.05038976025	-0.06944803604	-0.06505334541	-0.06490410671	-0.03753486318	-0.05827052535	-0.2496477235	0.04158196374	-0.2612451476	-0.04480133099	0.00800797744	-0.001820140849	0.01229116198	-0.02685793127	0.03025120464	-0.04997953339	-0.2482802491	-0.23325624	-0.2649091859	0.033959081	0.04590210411	-0.02094528464	-0.2776213656	-0.2663395015	-0.2610887698	-0.02125456235	-0.2516676336	-0.02312104403	-0.04050311316	-0.04361359631	-0.02979586363	-0.02834187687	-0.06240918529	-0.0759954677	-0.01498165521	-0.02079817017	-0.0196973004	0.02005931092	0.002078180337	0.06916395507	0.137648763	0.02183031378	-0.02717765853	-0.07328255175	0.4983760393	0.3445163088	0.1415846963	0.04237016551	-0.0060983033	0.1809764969	0.05177508072	0.05199956466	0.1397769968	0.4495760667	0.1188899733	0.2025957756	0.01757641033	-0.05365280014	0.1655140663	0.1418507944	0.09528149127	0.306633802	-0.06901572152	-0.02514680452	0.165192452	-0.03840296213	0.04599051131	0.03099344951	0.02055895108	0.2443734399	0.2473398801	-0.05256218261	0.07902933527	0.03760791879	0.1198620848	-0.05308394212	-0.04978662011	0.04554346533	0.1799472176	0.1008079798	0.1028603226	0.04069868831	-0.02647028055	0.0828149383	0.1523435021	0.02048056498	-0.03364473994	0.1730831483	-0.02831574143	0.01102724917	-0.244161657	0.04008214969	0.2239418464	0.3034541923	0.291916808	0.1193748116	0.2328592962	0.2232883369	-0.01445145106	0.009116768829	-0.008264538954	0.08546783201	0.02183649357	0.1163955641	-0.02584442958	-0.03362265575	0.2159061213	-0.0285096241	-0.02696182012	-0.0387468869	-0.0767058249	0.0466240925	-0.009764356007	0.1767850054	0.03545048349	-0.08337127389	-0.04583552477	-0.02179010151	-0.07433714335	-0.02713304787	-0.005147346437	-0.006812703702	-0.05360175283	-0.04079341642	-0.06020567213	0.1036813199	0.04316010537	0.169319672	-0.03905462629	0.07012813194	0.04009685641	-0.033682572	0.04740276609	-0.02293086739	-0.04163280863	0.08836615289	0.1684998135	-0.05344067228	0.0002897949617	0.07179920323	-0.02148383999	-0.02369396966	-0.02929482933	0.03535068198	0.2609125501	-0.008591845683	-0.07180938153	-0.06395556415	0.04183998041	0.02902375628	0.07391252894	-0.02228563557	-0.009175119804	0.08194349789	0.1069603435	-0.05268049006	0.1025716249	0.06158956084	0.05370837657	0.0002790707082	0.02713173354	-0.01084767369	0.06167061506	0.03236930811	0.02825457888	0.07210030547	-0.004930063009	0.009039292888	-0.0534290617	0.01090801639	0.0004397970695	0.01258772313	-0.04271225788	0.005649871409	-0.005214775295	-0.02756745651	-0.0535123022	0.06069994731	0.7992358785	-0.03430082384	0.2874850548	0.3527852149	-0.04515708872	-0.2413721305	-0.1427311264	-0.04396446487	-0.02926321614	-0.03239972636	0.03602932561	0.02294940498	0.0267141834	-0.04515359739	-0.2180326169	-0.02276457227	0.01195229063
0.08187141623	0.06133571971	0.09523049068	0.183900095	0.04537432831	0.07909543673	0.06445242867	0.05882711969	0.1472194902	-0.3468726534	-0.3793918644	-0.3861852253	-0.363742797	-0.3569856759	-0.3591234591	-0.3618186063	-0.3411465305	-0.3868107972	-0.3526605755	-0.3181022978	-0.07165801289	0.004743770402	-0.3476178577	-0.02590571122	-0.06621000558	-0.3145663722	-0.3141933782	-0.3561747352	-0.3041474183	-0.08003567202	-0.2986762522	-0.02214404077	-0.05472263453	-0.2603460163	-0.008585542121	-0.3540891897	0.05328309206	0.06278558542	0.09213420343	-0.01651184147	-0.03412631806	0.03729578563	-0.347028358	-0.1050752185	-0.3349226254	0.0265920673	-0.07982953799	-0.02710723158	-0.1125583079	-0.07339484029	-0.04868677636	0.01958373151	-0.3553031268	-0.3595919882	-0.3441651836	-0.08739859714	-0.06923600879	-0.05852397415	-0.3577405593	-0.3396070952	-0.3422309041	0.04178728875	-0.358059315	-0.06243562763	-0.05444857155	-0.04302986465	0.03323848081	0.07443290951	0.0485568991	0.07544354784	0.1253529115	0.1620484725	0.1563648767	0.09202822426	0.04372467174	0.1316436878	0.007632056866	0.1627992473	0.07758586065	0.09867188487	-0.02614410712	0.02993337311	0.1266606964	0.03717809357	0.1057163648	0.1495666528	0.1307151815	0.06749587986	0.0938852287	-0.02187476556	0.08977081885	0.1041693884	0.0227293632	0.1212069582	0.01244573695	0.1114220297	0.08106581295	0.04989159898	0.1587586636	0.3229055649	0.03940211374	0.1877820842	0.03633058473	0.1145048715	0.01849762829	0.05976835368	0.1029378707	0.04815902618	0.05918862527	0.1333351869	0.1405269054	0.0141558731	0.05288949234	0.07239558275	0.06008169645	0.05161944179	0.1303572685	0.1188699369	0.07692616633	0.0606153811	0.1087396363	0.07589041156	0.1194242981	-0.02452389547	0.06886813042	-0.0203459236	-0.3397013659	0.1402697915	0.1102327361	0.07286544679	0.1013766928	0.09123846292	0.08333136236	0.02903549085	0.07102642976	0.2818203574	0.07742296358	0.0909686786	0.07337779488	0.006776635664	-0.003480064779	0.059363228	0.05408739035	0.07564519571	0.08234394685	0.07512369772	0.07771099246	0.07599329025	0.009359343255	0.0536739093	0.0142250718	-0.04919430756	-0.05598775143	-0.06726227028	-0.05526741607	-0.03073164314	-0.07542878412	-0.1142126149	-0.04671094916	-0.06256192743	-0.08101690447	0.01766808596	-0.01199717662	0.1051780014	0.1252770028	0.1945174967	-0.1652315822	0.06926288254	0.05405576491	-0.05690211141	0.04277710818	-0.09170679769	0.03019768991	0.1916813623	0.02178917909	0.1993958328	0.05762544313	0.1500122768	0.1938890034	0.124809221	0.01474078581	0.1021648072	0.2285580478	0.3367696866	0.09681613919	0.0936125944	0.1005324709	0.1463254169	0.1156806768	0.1252522183	0.0923664102	0.0992539712	0.080540561	0.06590836811	0.02506393026	0.05654767767	0.001636933717	0.1143100703	-0.00861424148	0.04378063748	-0.01712542155	-0.02125616842	0.09107569811	0.03546007226	0.004575703728	0.07381144281	0.03186950952	-0.04051009139	-0.01821369685	-0.03191424255	-0.05747471767	0.1118226941	0.041380305	0.128242402	-0.03430082384	0.5015676894	0.08913187912	0.04431230375	-0.02765615981	-0.3799074996	-0.262428279	0.2399899007	0.2362449836	0.02927864913	0.1741911126	-0.08682104639	0.04196048211	-0.004444503113	-0.3882182456	0.1424631136	0.06762833013
0.1808089823	-0.04463610828	0.02746068445	0.01949854078	-0.02006165462	-0.02565772131	-0.01031791317	0.02411097737	0.00630782463	-0.292884307	-0.3263755563	-0.3334248409	-0.3160854028	-0.3197302496	-0.3124998335	-0.309734123	-0.2895013117	-0.3357531008	-0.2937260437	-0.2691418738	-0.07230792555	-0.01154671608	-0.292517468	-0.01882744249	-0.07477467452	-0.284938718	-0.2751979075	-0.3267468032	-0.2760750071	-0.07933400235	-0.2699374157	-0.03865138428	-0.09633892977	-0.2174278889	-0.04082440098	-0.313317849	0.01724582954	0.01046962447	-0.001538728347	-0.01299220784	-0.05345942565	0.01797014791	-0.2846907158	-0.07694698971	-0.2926709056	-0.03063011749	-0.06169506124	-0.09330270204	-0.1002314181	-0.06937698272	-0.07740221378	-0.02843989686	-0.3202028094	-0.3169968806	-0.3093378311	-0.08525040403	-0.08574886332	-0.07305655505	-0.2966449206	-0.2753712722	-0.294247691	0.02231956365	-0.3282558869	-0.05989812066	-0.07663145784	-0.09757126076	-0.04743995999	0.009601390718	-0.02353646492	0.002584656148	0.01671553228	0.09047936075	0.09145324655	0.07895908503	0.003783482459	0.1219459606	-0.0008943412602	0.02746645989	0.04076913526	-0.009166972433	0.2475081105	0.2216573529	0.289796585	0.01743031751	0.104291076	0.3317976986	0.1010385533	0.1479234606	0.2317405261	0.07218140195	0.277758073	0.1876454913	0.07178003946	0.009956318244	0.1819440049	0.2243487889	0.2123438253	0.3257485737	0.09684746031	0.006517572415	0.3025290869	0.01620608883	0.02151154279	-0.03022668454	0.005233775929	0.3009407743	0.1179951571	-0.04225207709	-0.04350444547	0.04995814394	0.1624997155	0.02599355272	-0.01260397921	0.1392806444	0.2072469027	0.1093894954	0.133000783	0.05623296895	0.02834511572	0.1681935618	0.2515318387	0.02472657869	-0.05927731728	-0.08085025285	-0.08289773799	-0.03689608528	-0.2781420927	0.01590809834	0.123899398	0.105472988	0.386551436	0.2522935346	0.2311441988	0.2831207333	-0.02152066028	0.08785981866	0.0355201418	0.2082613462	0.2179871485	-0.01541924334	0.08297783189	0.03668439165	0.2487853324	0.002987116968	0.02569767861	0.01426858023	-0.005660162495	0.1031750633	0.1087293677	0.2634812554	-0.003336444724	-0.05284592111	-0.01259465415	-0.04870840591	-0.05665774497	-0.07988659741	-0.08230997813	-0.1050806647	-0.03165077103	-0.04981538999	-0.04898457006	0.007191669616	0.02789321045	0.2081211364	0.02377791254	0.1090921089	0.02705040174	-0.0002108652385	-0.03109613002	-0.02781274746	0.008621314492	-0.06556747885	0.08103623108	0.01369947188	-0.06366834029	-0.001335787148	0.009093222847	0.08620542328	0.1023231272	0.1000781063	0.1313969236	0.05537027537	0.04700100171	0.0466035857	0.00193685654	0.07067643661	0.09582188094	0.07102965128	0.07137270295	0.1305020294	0.2672969799	-0.00323548014	0.01459392952	-0.005038311516	0.006189305243	0.006003566872	-0.02293722766	0.04449206321	-0.04139870011	0.03227080681	-0.05453227056	-0.02790373877	0.06466050565	0.04277857785	-0.04345859661	0.05464148495	-0.07153475421	0.001707922943	-0.01324690334	-0.06421133737	-0.05926323613	0.0505194242	-0.02771318351	0.2082121212	0.2874850548	0.08913187912	0.6795282518	0.2335866766	-0.03146821563	-0.3162205319	-0.2277334754	0.008986039944	0.04084118166	0.05214727484	0.08726018603	-0.06480849602	0.02614216945	-0.05780013431	-0.3246651216	0.04752060678	0.002188982808
0.09535190118	0.03481358007	0.037388862	0.05154571003	0.004954773949	0.00987351653	-0.001112765402	0.01401823313	0.05184282895	-0.3338548112	-0.3162315525	-0.3238341025	-0.30890552	-0.3056655302	-0.300296614	-0.3070811966	-0.3309977608	-0.3274297793	-0.2934370056	-0.3150251796	-0.03432762506	-0.05851800659	-0.2887233282	-0.04766744513	-0.01619496283	-0.3174851643	-0.3097649707	-0.3059617889	-0.3080066058	-0.02605529136	-0.3070789662	-0.05015332247	-0.05286389859	-0.1993856761	-0.06231588699	-0.3045212229	0.01754001931	0.0196820624	0.02328770803	-0.006914434311	-0.01468854622	0.00204600599	-0.33450829	-0.03088106068	-0.3218964429	-0.02789403927	-0.02853519427	-0.01241606334	-0.04517293632	-0.04294588436	-0.0197418722	-0.05251913435	-0.308918506	-0.3010139405	-0.3019590733	-0.03406957137	-0.02555852436	-0.04237099195	-0.3470819233	-0.3331486946	-0.3320782883	-0.02564194701	-0.3070363391	-0.0341147246	-0.03934900542	-0.04407904047	-0.02629412589	-0.04460107786	0.009629646206	0.001489943824	0.0649916047	0.007311017497	0.008301251945	0.09364519195	0.03163805084	0.1273488917	0.02885463465	0.008679104066	0.05427314263	0.01551974063	0.2722668434	0.2369918087	0.1994969761	0.01121923541	0.1020183819	0.2125077432	0.06701085286	0.1073191121	0.113231199	0.1007419327	0.1365752497	0.1505297608	0.02544345613	0.03476750204	0.1642806571	0.1342000376	0.1240255633	0.2766832886	0.00839123333	0.003000419839	0.1866597094	0.03508131463	0.063234533	-0.001363684686	0.0357969735	0.2082363187	0.1535126935	-0.007759814615	0.01229630342	0.06268274423	0.2024340614	0.01401702655	-0.001850613743	0.1156951587	0.2035226069	0.1037409591	0.2290673909	0.1262777003	0.03424351486	0.1231930307	0.1250965656	0.0226335302	0.01367972466	0.06347312808	0.01162848079	-0.02650144343	-0.3262933394	0.114395579	0.1520172179	0.1575290572	0.278578842	0.108705518	0.2498411335	0.2347280733	0.02895612716	0.08230259743	0.01218141517	0.1226293866	0.07758659694	0.04649247835	0.0006718931757	0.02862609714	0.3811772692	0.009626841014	0.04594068937	0.03282027876	0.01824743365	0.0798899221	0.04346616331	0.3413206706	0.04012568734	-0.04379235175	-0.01733595575	-0.02553796696	-0.04705386653	-0.02550816851	-0.04245624174	-0.05760149879	-0.05845909182	-0.02882589976	-0.06377408758	0.0424792234	-0.01042512738	0.2174816363	0.02968044555	0.09216725014	-0.0621571074	-0.0007596026328	-0.0355627137	-0.01265755229	-0.0008750018988	-0.04366569871	0.1308138088	0.03590294372	-0.00471540729	0.1163789852	0.01060817515	0.07305172217	0.02121320919	0.1134975064	0.1035268766	0.04956038606	0.008464344249	0.01429176448	0.01743020359	0.07142643968	0.1174078887	0.0514147288	0.05210493898	0.1248055126	0.1247899936	0.01859013135	0.04974536063	0.05521966083	0.02309917398	0.03796007659	0.02715437118	0.04366408869	0.04477624414	0.03668796376	0.01776569158	0.007999438488	0.04137364491	0.04412175618	-0.007764835056	0.02551369609	-0.01302265441	-0.01155271316	-0.006469699787	-0.02191092265	-0.04220164877	0.04771332616	0.005419897105	0.07806357353	0.3527852149	0.04431230375	0.2335866766	0.4202076968	-0.06756075932	-0.3060768966	-0.2080278388	-0.008217389741	0.00915186563	0.01601622525	0.09582014206	-0.01151619749	0.03448603559	-0.02275633883	-0.3056998867	0.05599941655	0.001514900643
-0.1002422509	-0.01935703681	-0.0738773987	-0.07392936645	0.02477442522	0.009737815301	0.1200122051	0.06383631351	-0.1246261354	-0.07075361159	-0.1084228716	-0.112598741	-0.09168336525	-0.1285405004	-0.08603954462	-0.0805927198	-0.07551882045	-0.1060023093	-0.01025185361	-0.04515545685	0.416171361	0.5288270052	-0.04952464397	0.1282848142	0.09887285523	-0.07159007172	-0.09371075507	-0.121954463	-0.04976394107	0.1172011025	-0.06216241474	0.2719383544	0.5651801355	0.01269044155	0.3499268468	-0.1581046555	0.05547742257	0.01140215068	-0.007278802946	0.1196402311	0.1730860281	0.1595507019	-0.02477191488	0.08067494408	-0.09433462315	0.3200785955	0.1416481295	0.176204496	0.05533563308	0.4733047785	0.1366452523	0.2769262508	-0.1257952095	-0.1303784443	-0.1271859685	0.1162356451	0.0942977888	0.4070051754	0.01412080024	-0.0159878321	-0.04955712244	0.3734103089	-0.1181267385	0.2793405307	0.2978430008	0.1784556993	0.03891381715	0.1689446129	0.09687150134	0.009223615972	-0.06342762554	-0.05566298391	-0.05320075034	-0.05250179398	-0.09447864241	-0.09741575697	-0.07430458665	-0.04558650519	-0.08594539795	-0.01240280916	-0.04264528456	-0.06131256291	-0.04034255975	-0.09011230122	-0.1177623005	-0.03909517864	-0.008577374825	-0.1110751375	-0.08851001995	-0.0106530109	-0.01591498992	-0.07780968714	-0.01102767363	-0.0553012778	-0.1153030281	-0.08661267991	-0.09661704823	-0.08053624523	-0.02503836332	0.02230001402	-0.06360767704	-0.08361211537	0.05028006747	-0.08142472775	-0.02014056832	-0.04476415364	-0.04578351078	-0.0491218775	0.0488988267	-0.09892642371	-0.09251698331	0.1275173639	-0.03463754606	-0.1241511188	-0.1187631209	-0.04768026835	-0.09983305133	-0.08630690954	-0.0912332625	-0.1251621199	-0.09571244056	-0.04692619509	-0.07039465742	-0.04280785199	-0.0674908291	0.01388771052	-0.02473317102	-0.05919812367	-0.03985304403	-0.02612942976	-0.01524672912	-0.09199489207	-0.1015225262	-0.0827074707	-0.03793434659	0.02156632887	-0.000587073252	-0.09491294854	-0.006590156811	-0.06130321783	0.07068635272	-0.0832712934	-0.09473467595	-0.09455217116	-0.07874118539	-0.0894413353	-0.008676185254	-0.1213888012	0.09117712359	-0.09618244435	0.03321185644	0.04068673932	-0.07925266862	0.01074058972	-0.118576391	0.1085069649	-0.07014037581	-0.0863760606	-0.104545361	-0.05974180758	-0.05655998763	0.004646416432	0.06677248085	-0.09604279651	-0.05128976655	-0.06330956013	-0.04421844013	0.01041646834	-0.007348150347	-0.06475812535	0.03065293182	-0.07343640469	-0.07871239215	-0.08453230228	0.01923019044	-0.05680593057	0.01092606051	-0.01379131584	-0.01091352483	-0.1107868354	-0.06332782156	-0.1156635696	0.01475897235	-0.01948866303	-0.1150139523	-0.1056782816	-0.0941698661	-0.07955234467	-0.0698147674	-0.09870013599	-0.0153660684	-0.09047146889	0.06320248941	0.006995255824	-0.002845152212	-0.01114711358	-0.0211018688	-0.04708903209	-0.01992220708	-0.1041963968	-0.1179906901	-0.08401242885	-0.08538148903	-0.08620012906	0.1416309571	-0.01803445884	0.06529860701	0.01517967502	0.1361143038	0.331618137	0.4855010157	-0.06657781303	0.03603271831	-0.01118704844	-0.04515708872	-0.02765615981	-0.03146821563	-0.06756075932	1.050574707	0.01495280853	0.009610636379	-0.00823622609	0.02361715308	0.1404109427	-0.09789671539	0.08349166174	-0.03307187011	0.2871855207	0.006687741734	-0.07890666732	-0.0353421182
-0.3458961813	-0.3414573617	-0.31757459	-0.3690780939	-0.3185836101	-0.2712824888	-0.2738233022	-0.3104211435	-0.3599241414	2.671450997	2.640664369	2.676788502	2.603130462	0.9070363277	0.8807565618	2.571839225	2.633471224	2.700163878	0.887683134	2.591470907	-0.08205418977	-0.1087965208	0.8872484118	-0.07556507985	-0.09147350447	0.9069127946	0.864998799	0.8676213315	0.8416519391	-0.0708248935	0.836477672	-0.214640625	-0.09743469045	1.121671869	-0.1626008795	0.9180006724	-0.330129436	-0.3432165612	-0.3638774739	-0.2813624043	-0.2209969904	-0.2613816627	2.589117078	0.09781006473	0.9213815667	-0.1614855045	-0.1334132216	-0.1923985499	0.04209778148	-0.09639170085	-0.07111738305	-0.1817180672	0.9342609754	0.8858052739	0.8562348343	-0.0685843793	-0.08964459575	-0.1157171117	2.588087794	2.592463009	2.518033368	-0.1498355859	0.8602446755	-0.1784088951	-0.1749114718	-0.1405154425	-0.3069049288	-0.2320359362	-0.3368259573	-0.3532557957	-0.3468622191	-0.3323958836	-0.3328580371	-0.3446618775	-0.3572711018	-0.3621166519	-0.3087834435	-0.3757109127	-0.3613350122	-0.3685384228	-0.2247042038	-0.2367414504	-0.3553476795	-0.3399994438	-0.3526866687	-0.3574276318	-0.3265292658	-0.3228884941	-0.3221864503	-0.2079511139	-0.2716407194	-0.3068848637	-0.2546467287	-0.3711174153	-0.296890698	-0.3245890866	-0.3223132089	-0.3046960377	-0.3675585867	-0.3788804081	-0.3061987595	-0.3593365271	-0.2945197207	-0.3550095362	-0.3261594231	-0.2809739678	-0.2724683485	-0.3442143621	-0.3128854829	-0.3040103094	-0.3379924453	-0.2647150783	-0.3435522357	-0.3487492534	-0.3352624398	-0.3505296973	-0.3473376386	-0.3378579939	-0.3438451093	-0.3321848463	-0.3269137146	-0.3372941337	-0.3182798081	-0.2390292801	-0.275842242	-0.3097756302	2.537621466	-0.3440527773	-0.2721875443	-0.2837790122	-0.2998795092	-0.3130091244	-0.3243753215	-0.319333661	-0.3452041667	-0.3327124843	-0.2876524215	-0.321160812	-0.3324776546	-0.3155145292	-0.2956044006	-0.3339242864	-0.3283764051	-0.3631340812	-0.3610511774	-0.347791289	-0.3609783866	-0.3554342121	-0.3222108044	-0.3268937903	-0.2670014569	-0.2450765782	-0.2513184947	-0.2706594572	-0.217892379	-0.160474329	-0.1999779264	-0.0710480154	-0.2620692266	-0.1411373128	-0.1710445016	-0.3383155722	-0.2104712614	-0.3461326829	-0.3455104942	-0.315743471	0.0701451853	-0.2903777646	-0.05346756333	-0.1453432774	-0.2495277159	0.04731567312	-0.2835313123	-0.3525802403	-0.2552779606	-0.3192038602	-0.2898101794	-0.3201931066	-0.3794237978	-0.3542800526	-0.2795208083	-0.332441936	-0.3827214337	-0.3839840346	-0.3750686415	-0.3388984723	-0.3227771409	-0.3431726139	-0.3556359424	-0.3570313307	-0.3235781563	-0.3499605294	-0.3313598864	-0.296294793	-0.2983036558	-0.2810307056	-0.284726266	-0.3328715371	-0.2595136698	-0.3179247699	-0.3290822097	-0.3029202786	-0.3396571627	-0.3427045419	-0.2684064277	-0.2186070308	-0.268217432	-0.1427381096	-0.259667067	-0.1624917911	-0.1021738494	-0.350626551	-0.3549759129	-0.3383512152	-0.2413721305	-0.3799074996	-0.3162205319	-0.3060768966	0.01495280853	3.15832666	1.128550152	-0.3810527864	-0.3714029177	-0.2828446207	-0.3570109536	-0.07581207285	-0.3132720131	-0.2109608736	2.619529816	-0.3436090794	-0.3336990863
-0.219925455	-0.2139452615	-0.1951476503	-0.2474208145	-0.1796703877	-0.1848359268	-0.1697105556	-0.1807962009	-0.2266874229	1.074703122	1.055337707	1.067872981	1.040549945	0.8301809035	0.8581812648	1.037036739	1.049887782	1.038851309	0.8653329224	1.020239612	-0.01315804481	-0.02122716854	0.8438007174	-0.003015266429	0.004836693299	0.8592997018	0.8269251167	0.8239960107	0.8225176573	0.0278875366	0.8107081647	-0.07117887557	-0.03659611886	1.65382925	-0.06590857728	0.8911381589	-0.2153753954	-0.2298815997	-0.2475560182	-0.1718537432	-0.1437847329	-0.162983718	1.060495783	0.2943991116	0.8772513526	-0.09708751977	-0.06378051903	-0.06036863941	0.04165538841	-0.002778299301	-0.03392139029	-0.007603165186	0.8539570696	0.8864944186	0.8590906462	0.03980242622	0.01988748708	-0.03421034487	1.110484853	1.094026743	1.117009239	-0.04254314519	0.8271750284	-0.07663612651	-0.05889386587	0.02380448749	-0.1645334193	-0.1412853255	-0.2152795749	-0.2188102844	-0.2354614449	-0.2344700443	-0.2339774638	-0.2265336037	-0.2398250442	-0.2545047019	-0.2049704429	-0.2210454309	-0.2361611459	-0.2408962188	-0.08202801928	-0.1539781782	-0.254048343	-0.2038416165	-0.2408379498	-0.2548847524	-0.2126819501	-0.20225448	-0.2176882401	-0.1071879465	-0.1586671907	-0.2057302819	-0.165789403	-0.2541001967	-0.1761714086	-0.2217815655	-0.2168575592	-0.2182779448	-0.2641005983	-0.249192577	-0.2166412816	-0.2250833722	-0.1841334223	-0.2180549689	-0.2097097147	-0.2019019442	-0.1734407418	-0.2196282876	-0.1974065554	-0.1978905804	-0.2409165659	-0.1726927795	-0.2386372906	-0.2366136888	-0.2345223039	-0.2408856362	-0.2286213377	-0.2300007523	-0.1824659162	-0.2131904345	-0.2255301083	-0.2398883394	-0.180607096	-0.1435488712	-0.1452666046	-0.175651337	1.03683955	-0.2260351196	-0.1735232284	-0.1747431776	-0.2073623529	-0.2164776259	-0.214227724	-0.2261646036	-0.2187853597	-0.1925316451	-0.139919136	-0.2183204217	-0.2244366277	-0.157078046	-0.1736374956	-0.2217870143	-0.2259777669	-0.2369937423	-0.253042813	-0.1974625921	-0.232035281	-0.2325425638	-0.1999468888	-0.2268705711	-0.1622779154	-0.08672743148	-0.1098889592	-0.1114670249	-0.08223669564	-0.0586072454	-0.1034695876	0.003620827828	-0.1306431899	-0.02199961931	-0.008490552503	-0.1898744526	-0.07580390591	-0.2443347903	-0.229838022	-0.2253680852	0.2109159344	-0.1495521909	0.0418981603	0.005387947951	-0.09259564562	0.1271216585	-0.1584046504	-0.2174191246	-0.1438855423	-0.2134271186	-0.1485682151	-0.2192905374	-0.2528562334	-0.2443834986	-0.1591701436	-0.2196513558	-0.2650489893	-0.2681520311	-0.2421946907	-0.2274664329	-0.2115105446	-0.229509306	-0.2459029228	-0.2492152808	-0.2086493603	-0.2420546603	-0.2116521235	-0.1538576106	-0.1690118968	-0.2039176438	-0.2073740173	-0.2136152369	-0.1717365585	-0.2212494426	-0.2038361214	-0.1939999798	-0.2347773024	-0.2209235133	-0.106515296	-0.1619470304	-0.179302541	0.02344241373	-0.1042006484	-0.05034242815	-0.02075522292	-0.2425170534	-0.2180671239	-0.2182317797	-0.1427311264	-0.262428279	-0.2277334754	-0.2080278388	0.009610636379	1.128550152	1.995051209	-0.2522164913	-0.1897058717	-0.1750763765	-0.2494813934	-0.007295901974	-0.1933143605	-0.1077081999	1.357018092	-0.2283062325	-0.1771438163
0.01543160247	0.1485588201	0.06927009115	0.08598565606	0.02769733193	0.04223357302	0.03511863204	0.06208685388	0.04754654134	-0.35268458	-0.3842972492	-0.391766559	-0.3722185029	-0.3460179456	-0.3485499189	-0.3694662666	-0.343926204	-0.3911308958	-0.3164054086	-0.3263648399	-0.0366270453	0.02831037744	-0.3343826824	0.02407879487	-0.01153270527	-0.3180485442	-0.3075057306	-0.3473696448	-0.2979264323	-0.02508090354	-0.2946627122	0.0918353269	-0.03776082503	-0.2421488201	0.02231352392	-0.3581324166	0.07800124165	0.06810519108	0.09507740546	0.008010618342	0.002450352873	0.02723818053	-0.329259913	-0.07784666533	-0.3328220409	-0.007200965001	-0.03871645604	0.0307289389	-0.04793383018	-0.04455318972	-0.02090812179	0.04710580264	-0.3577699674	-0.3489655881	-0.3460878139	-0.0333321456	-0.01820833355	-0.02824463465	-0.3421231386	-0.3459223835	-0.3274664914	-0.001341156962	-0.3450763234	-0.05200862039	-0.0358926536	-0.01311601861	0.1142048181	0.08273174723	0.08506875539	0.08863766106	0.1091930047	0.1187815214	0.119564927	0.09865112032	0.05718412626	0.04205896808	0.09966478026	0.2331866255	0.1420545888	0.09018166833	-0.05790967915	-0.02982503652	0.09227555987	0.06608355289	0.04131260845	0.07546468431	0.1162067204	-0.06006449766	-0.03126511971	-0.0693594955	0.04948179783	-0.05593336605	0.03168785301	0.1149616003	-0.0571028951	-0.0362172909	-0.0549232651	-0.03114532359	0.1745331336	0.3043385302	-0.02843397134	0.1824933461	0.005573372588	0.1295935233	0.031242044	-0.03842091322	-0.03758922266	0.156777113	0.1299463402	0.0007997647066	0.1027739828	0.009800134985	0.1064141933	0.01965624394	0.0547939598	0.1471094044	0.009067977151	0.05036111206	0.08959489091	-0.05893718137	-0.04670118814	0.1678401097	0.1718278296	0.03244305347	0.2073233763	0.1043967456	-0.3223419535	0.1367471867	-0.03126134996	-0.004729201164	0.02134452684	-0.05858235298	-0.01414386646	-0.0003829029491	0.09189624099	0.115899097	0.1078659195	-0.05646018425	0.09442196395	0.05258170732	0.03686192399	0.09948707717	0.005789574102	0.08113253407	0.09199984536	0.0869210104	0.09106081236	0.00780831145	0.02100778945	-0.01828855714	0.0997587248	-0.001122037761	0.1121099364	0.03145805186	0.06634119592	0.02360492136	0.04158868257	0.003090685054	0.07143123183	0.04299357895	-0.01769830355	0.0384316061	0.116103656	0.03185060656	0.1281188957	0.008761808528	-0.05102566975	0.1118963635	0.02690297746	-0.01253264754	0.08160761008	-0.1172026199	0.1082959471	0.1774359458	0.07890468848	0.1654648796	0.09211737809	0.1707586315	0.2333932092	0.06605002357	-0.04531523014	0.02954280017	0.2604766543	0.3065575455	0.144577124	0.04963327569	0.00525501227	0.09017139825	0.06165101899	0.03696241424	0.1110154478	0.08884778121	0.1829807283	0.0836437628	0.06864452013	0.04160738972	0.09711082088	0.1085749251	0.06486973647	0.05730059548	0.07946316021	0.05759573532	-0.007882481279	0.06123959834	0.02477869173	0.04071412528	0.06158036292	-0.05363246681	0.009788237066	-0.01451238037	-0.04859519701	0.0632082646	0.0904705321	0.09069349525	-0.04396446487	0.2399899007	0.008986039944	-0.008217389741	-0.00823622609	-0.3810527864	-0.2522164913	0.5679241793	0.2709766821	0.02434711369	0.06401553511	-0.04875961097	0.06484939526	0.02625763169	-0.3850523433	0.1360764732	0.0876418566
0.05763201225	0.078953113	0.07181764375	0.1005444818	0.01852815666	0.0427032794	0.00699121114	0.02828236472	0.06191164596	-0.3470208369	-0.3750471438	-0.3831772235	-0.3642224287	-0.3323968872	-0.3296828838	-0.3616261451	-0.3337850642	-0.3801104584	-0.3278705862	-0.3191068264	-0.05583262005	0.03401417816	-0.3283286678	0.00890067729	-0.03336500917	-0.3025517855	-0.2932808752	-0.3379927959	-0.2841536942	-0.0491608648	-0.2767302122	0.06395243015	-0.02030547065	-0.2067544972	-0.00309393479	-0.3351791372	0.02626869784	0.0217618792	0.0527172434	-0.01013008103	0.0004621623313	-0.01100799191	-0.2885409178	-0.02166218715	-0.3229154519	-0.04125819058	-0.04229164697	-0.01288963202	-0.0631632508	-0.03874648401	-0.03127089261	0.1406021465	-0.3401039136	-0.335547196	-0.3301973502	-0.05109804661	-0.03308608485	-0.04650158362	-0.3158512382	-0.3357970034	-0.2787255528	0.01064912466	-0.3254512191	-0.03809002955	-0.03627362939	0.06431212766	0.05524616305	0.08702824232	0.05418951929	0.01841565332	0.1119428101	0.09471640184	0.09254986311	0.03757274365	0.05620579947	0.06371741338	0.06102938192	0.2271916555	0.0634906631	0.04478818598	-0.05315787707	-0.06489536051	0.1024054702	0.08586857185	0.0508446418	0.08649984677	0.1000370815	-0.00861250367	0.01898477025	-0.03631932525	0.06224182524	-0.00693059528	0.03785027432	0.07359714573	-0.0179304528	0.002233408439	-0.01669461995	-0.01526119736	0.1125325875	0.2930912623	0.008395155689	0.0629726174	0.02657687948	0.1521233843	0.007834870846	0.03762968722	0.02310586907	0.09360389939	0.06934982949	0.02339499219	0.07732642369	-0.002672561791	0.06827524822	0.02566683781	0.04471828766	0.09642460414	0.02923809197	0.02902543607	0.05616367145	-0.03246207503	0.02704990544	0.1093254004	0.2200901152	0.03523422724	0.2174635897	0.1615131733	-0.2814961666	0.1461071955	0.03011621737	0.02606263053	0.03903295699	0.002445708128	-0.007382434523	0.0041424335	0.2056528112	0.09065184804	0.0495956015	-0.01796117995	0.03989967085	0.0320150775	-0.00611069845	0.027702062	-0.007528796952	0.04339820327	0.04379067061	0.03243312968	0.04559919955	0.0198934979	0.01636885858	0.003075736755	0.0668422762	0.108173042	0.05723799778	0.05459310107	0.0714523763	0.02095756716	0.07996329768	0.04350349153	0.07153880108	0.07406729169	0.07255061562	0.04086605167	0.08409530597	0.03862752202	0.04703494855	0.01628216581	-0.09244374664	0.08168383026	0.05658030434	-0.04673031362	0.03319107856	-0.08014544396	0.1554030841	0.1118380512	0.08093804417	0.1992370128	0.06037358137	0.1237521092	0.1754226644	0.06678650446	-0.01341103536	0.03678080861	0.173944863	0.2356761737	0.1073545778	0.0601346083	0.02085270946	0.09433852595	0.0694183384	0.0375181382	0.0778280632	0.09803546593	0.09480833882	0.2297728577	0.1389372083	0.04704410798	0.04672912392	0.1146751896	0.04840810546	0.01696520155	0.04272313725	0.04008286718	0.02530763045	0.02505316059	0.09544718522	0.02508954249	0.02467805881	-0.03242321428	0.03170117414	0.00856803007	-0.02581755551	0.07068966911	0.0791486081	0.04528901357	-0.02926321614	0.2362449836	0.04084118166	0.00915186563	0.02361715308	-0.3714029177	-0.1897058717	0.2709766821	0.6726063429	0.001257263484	0.07508211163	-0.04933000877	0.06294084807	0.0002273790031	-0.3332590086	0.05621925625	0.1798044687
0.07407915999	0.07289711351	0.1497219917	0.1016529054	0.1521257819	0.04499652224	0.1071128712	0.1398817516	0.03706178991	-0.381512313	-0.3660802756	-0.3735805112	-0.351352619	-0.3533488893	-0.3446807722	-0.366444779	-0.3771485056	-0.3782855666	-0.2608567496	-0.3714739768	0.08659553206	0.06592001813	-0.2854384089	-0.02942015319	-0.01408870341	-0.3671590306	-0.3597647991	-0.3540558467	-0.3611998991	-0.01964307424	-0.3546553236	0.003015493725	0.03456856169	-0.1709705987	0.007240285013	-0.3536145983	0.2102238149	0.2568246643	0.2062488361	0.1654558291	0.03542050318	0.347569546	-0.3881777321	-0.03402192913	-0.3754054978	0.2749583682	-0.01391508809	0.1106332793	-0.06451083698	0.1125363983	-0.02459306256	-0.06514526218	-0.3515944301	-0.3510807705	-0.3318163399	-0.01866420349	-0.008057758454	0.1384564225	-0.3829766607	-0.3789506116	-0.3787206	0.1391029156	-0.3606299396	-0.0285518507	-0.03429660291	-0.04859371566	0.1207783538	0.06228367871	0.136736205	0.199498748	0.09821767759	0.05744162092	0.05925329329	0.1559795231	0.1560058916	0.09418449719	-0.01843702343	-0.05314105125	0.1011413965	0.206307991	0.02480307667	0.039563133	0.07626127684	-0.002885787181	0.06393642539	0.05647790513	0.02937009641	0.005377851419	0.09233947719	-0.03927598885	-0.01847603738	0.03321355577	0.04056140558	0.1520633496	-0.01370903873	0.04794714178	0.02042805533	0.06056736539	0.1128210391	0.004375181999	0.06838449091	0.1252690605	0.09108061957	-0.01883728825	0.07985909222	0.03550252521	0.02993421113	0.06857521145	0.06547432438	0.04023565934	0.06227719299	0.3344482068	0.1258902327	0.04045124422	0.06133713661	0.0519103991	-0.01236614058	0.0538013211	0.08219004148	0.005620836268	0.04659302032	0.01569663369	-0.01840580935	-0.06795193434	-0.03594492287	0.05831070058	-0.3807641332	0.09695213063	0.03816590652	0.03759327563	0.01871199964	0.02137002676	0.02978599532	0.09043195038	0.03988603452	0.0532004566	-0.02092996543	0.02105733457	0.07212870255	0.02571034371	0.08067544063	0.05334501848	0.01133318187	0.08832976758	0.1234589368	0.09693199987	0.1806589482	0.02777716766	0.1142532398	0.02410343002	0.1258809824	0.0120728339	-0.01380559296	0.002213676156	-0.07571738422	0.01694882553	-0.1010223478	-0.146868346	-0.04483540409	-0.05274078786	-0.06123336377	0.07200381995	0.02558094296	0.07801616008	0.151604466	0.06061630851	-0.06235008644	-0.01199639032	-0.1203253768	-0.03112972417	-0.02364765067	-0.1420461146	-0.05707163735	0.1389168233	0.06011074475	0.001960812774	-0.01416440149	0.0770073227	0.1534472846	0.0503512043	-0.05963098043	0.02940898071	0.1321630252	0.05930620976	0.007079794686	0.03734572595	0.008278936274	0.1003421839	0.08983011732	0.1090093335	0.07429788294	0.1141915777	0.0480684648	0.02042301182	0.04048717841	0.09553258551	0.07049685034	0.1426941774	0.01586992466	0.1156870961	0.02108055207	0.03825937727	0.0619500664	0.1279251019	0.07804872698	0.1414812969	0.1087612156	-0.05623898251	0.06151916015	-0.01264038968	0.07854599465	0.09664267936	0.1233604251	0.0842879082	-0.03239972636	0.02927864913	0.05214727484	0.01601622525	0.1404109427	-0.2828446207	-0.1750763765	0.02434711369	0.001257263484	0.5657078117	0.09303639096	-0.07813514942	0.077463331	0.04620201403	-0.2797143515	0.1223240426	0.07300074755
0.1836113363	0.0780203016	0.1201810494	0.1700045575	0.0667113069	0.07831827263	0.1224795637	0.1055644645	0.1561776388	-0.3946917939	-0.3765699015	-0.3841673215	-0.360941707	-0.3599195639	-0.3615674726	-0.3608493273	-0.3907815107	-0.3848632832	-0.35652377	-0.3677269531	-0.07166287124	-0.07851906563	-0.3510757967	-0.10112182	-0.08561519538	-0.3668296603	-0.370549234	-0.3567165169	-0.364736641	-0.08344679429	-0.3620883417	-0.09775599637	-0.05068365807	-0.2447034023	-0.09659799162	-0.3594518162	0.1221566148	0.1450733594	0.1368082607	0.03146520473	-0.03383483148	0.08587388588	-0.4012680096	-0.1080268233	-0.3780629278	0.03303308378	-0.03294763254	-0.03851193146	-0.1059506534	-0.07414134808	-0.06238667689	-0.05193074827	-0.3590878396	-0.3611366874	-0.3478352315	-0.090755406	-0.07950593659	-0.04558666859	-0.4105390824	-0.3918308386	-0.3907626194	-0.052884577	-0.3643794172	-0.03978910777	-0.060366709	-0.05797237297	0.06739644696	0.033269409	0.08002968616	0.1256718339	0.1672317663	0.1021887201	0.09816702376	0.08603032544	0.1626770423	0.2761924179	0.08630379653	0.04274396592	0.1457884366	0.1377843505	0.02014266349	0.06396820576	0.1464557045	0.08673463849	0.1023872808	0.1676889951	0.110484178	0.02272411142	0.05110666599	-0.02418909249	0.1043525051	0.06327058182	0.02501695207	0.1657462258	-0.003658560497	0.07515549402	0.05356302752	0.1049655366	0.1387651413	0.1023128438	0.0664857725	0.1464935421	0.07219440851	0.05910189064	0.0487273634	0.08743862378	0.09241647787	0.1118986374	0.09608290885	0.1188908592	0.1670557003	0.07843177255	0.1661937653	0.1903083255	0.2284670675	0.163561169	0.05582346563	0.144132378	0.1594278095	0.03326009741	0.06226931401	0.1015323043	0.02410116477	-0.04983922381	-0.01673305314	0.07910798609	-0.3926586404	0.1059328386	0.08668070731	0.05112206484	0.08882219385	0.04320961843	0.1424446745	0.1684024461	0.05635483057	0.09614217078	-0.05941800779	0.05441764448	0.03344943377	0.07899762766	0.0126759848	0.1018223114	0.08529319096	0.1623432627	0.1830453481	0.1623124845	0.1212514524	0.07131000159	0.03223091669	0.09872131206	0.06160445253	-0.02871511087	-0.03749096565	-0.03047721804	-0.04025593601	-0.0161546275	-0.04174897281	-0.1159548169	-0.02566282569	-0.0363326423	-0.07393523483	0.05769989303	-0.1003139116	0.2573319237	0.2062407203	0.1154920443	-0.1716757347	-0.07426341727	-0.120789681	-0.1052162796	-0.1039057266	-0.1223397535	-0.02330932696	0.1178702221	0.001181147011	0.06096796759	-0.09004047584	0.02937037583	0.08349026247	0.1237446626	-0.008199144743	0.1137747538	0.06347717117	0.1015221217	0.06295244994	0.119548666	0.05646272405	0.1696269419	0.1804738533	0.2908962208	0.1104840876	0.1668112252	0.03443878873	0.03072837082	0.1032003813	0.07802274942	0.07572862796	0.07025565237	0.01449050781	0.1679916431	0.09820342979	0.08649247342	0.1302555047	0.1515570509	0.01300830634	0.1047899846	0.05982855524	-0.02382529382	0.01769248012	-0.03408489025	-0.07411697593	0.1868367603	0.09530269122	0.07752805455	0.03602932561	0.1741911126	0.08726018603	0.09582014206	-0.09789671539	-0.3570109536	-0.2494813934	0.06401553511	0.07508211163	0.09303639096	0.4517552715	-0.05748329208	0.1236723812	-0.007640937433	-0.3662078615	0.1325477914	0.1377118359
-0.03108600411	-0.0301610968	-0.07255103799	-0.06150127664	-0.01567438906	-0.006165987048	-0.004926951341	-0.05555479041	-0.06187510536	-0.02983997406	-0.0258469277	-0.006218064332	-0.003221212213	0.04297653691	0.04690460577	0.004722218972	-0.03928123724	-0.01570738585	-0.01643737492	-0.02957656628	0.1313598488	0.09820846442	0.02852015655	0.182712163	0.1829086702	0.008224517193	0.04750075486	0.06375914084	0.02998933884	0.1791513823	0.02508114044	0.1108452961	0.09952456196	-6.368352734e-05	0.1513948144	0.04572889758	-0.06352320673	-0.05402981834	-0.07560666815	0.05214406226	0.1380478433	-0.07518157651	-0.02744191102	0.1384345	0.02459701124	0.0280678921	0.5139115801	0.1332091243	0.2022588287	0.09125172716	0.211980989	0.132290389	0.03952088987	0.06790354906	0.07070189975	0.1834670737	0.1910525859	0.1285598337	-0.01768419083	-0.01633322775	-0.04908368376	0.05223978066	0.06318292308	0.1485245319	0.1421647184	0.1266439202	-0.03308782359	-0.004403406685	-0.03771810614	-0.07752256548	-0.04568483247	-0.07822030396	-0.07611979257	-0.07209331154	-0.06576889408	-0.06706850711	-0.00769096787	-0.03638784759	-0.07368101334	-0.07338179077	0.004460214267	-0.07015000152	-0.07318167107	0.02574154694	-0.06320881428	-0.07626727955	-0.03401993666	-0.04668755596	-0.0716074636	0.01328435262	0.01308005243	-0.06332345648	0.02196966648	-0.08532279269	-0.05165371924	-0.05761339606	-0.05825119971	-0.05006588451	-0.09797970352	-0.04680763308	-0.04509506992	-0.07636230715	0.01118091466	-0.003425514087	-0.02159532742	-0.02272911878	-0.06150586453	-0.002460398185	0.01456826963	-0.03001481296	-0.06242464348	-0.07754549075	0.00351518997	-0.04307315884	-0.04467261874	-0.02357829078	-0.04641431878	-0.03368366506	-0.05492279125	-0.05954882662	-0.06654031563	-0.01327870011	0.000822511358	0.02453602392	-0.01968038348	0.04111694974	-0.02769725293	-0.05796751265	-0.05459143958	-0.04973676577	-0.04529496893	-0.0636552865	-0.01045579168	-0.04726288505	0.02845417425	-0.06504333979	0.001978663092	-0.05839364014	-0.05919505043	0.002440949126	0.004223728915	-0.06515792463	-0.0310056675	-0.08701747564	-0.06891781558	-0.04412754851	-0.075576998	-0.05348628718	-0.02172265364	-0.03209249174	-0.06877197741	0.04636325843	-0.01238487361	0.03040563544	0.004526000902	0.1520683326	0.03216154323	0.05033516704	0.005201596976	0.01926175344	0.0753822351	-0.02574000797	0.07587613532	-0.05804722022	-0.06077044892	-0.05466485013	0.05759145979	-0.01919417197	-0.008703304226	0.004404097476	0.003847679313	0.04000314075	0.0444159677	-0.07890904436	0.05099829627	-0.04536296738	-0.01600761547	-0.06523079825	-0.09865520735	-0.05501027358	0.025928604	-0.04102955178	-0.04779693608	-0.0855025022	-0.04146388369	-0.009854179429	-0.006140371415	-0.06476330819	-0.08562363444	-0.05170915619	-0.02765441703	-0.04378140756	-0.01545940126	0.01462153792	0.01889172233	-0.01436630862	-0.002333844702	-0.0572174092	0.04717107042	-0.08740759478	-0.03764251835	-0.03270920358	-0.03873199723	-0.05989729902	0.04649515183	-0.05464309753	-0.01366673601	0.1162281054	0.08927169607	0.1304625962	0.05395596617	-0.07881454798	-0.05058051016	-0.04774038828	0.02294940498	-0.08682104639	-0.06480849602	-0.01151619749	0.08349166174	-0.07581207285	-0.007295901974	-0.04875961097	-0.04933000877	-0.07813514942	-0.05748329208	0.8219894616	-0.009379579948	0.09412766757	-0.07366072764	-0.0743896692	-0.02160016622
0.07267199573	0.06993124539	0.07999108077	0.1624289341	0.04095535382	0.1486781385	0.09766524146	0.01951716599	0.09380837135	-0.3620392855	-0.347673542	-0.350675569	-0.3325070096	-0.3027806457	-0.315513308	-0.3285779291	-0.3537204013	-0.3416777793	-0.296940226	-0.3379080338	0.001713655865	0.01103588841	-0.3034952652	-0.006866597187	0.01768155559	-0.3178255762	-0.3182861252	-0.3124980739	-0.3189093451	0.01132146354	-0.3195718283	-0.01153444803	0.004888571425	-0.189790492	-0.0209159986	-0.313844583	0.08622380939	0.0735023205	0.08157638344	0.07876689283	0.03634547706	0.02992089585	-0.3449942793	-0.03447808997	-0.3296134214	-0.02301923389	0.03806519705	0.009954386391	0.007182548504	0.01013586996	0.01177543812	-0.006736777983	-0.3183038775	-0.309922015	-0.2951705952	0.01038659731	0.02034671808	0.0142633058	-0.3387677876	-0.353789138	-0.3340483224	-0.03684746314	-0.3133468597	0.03161775101	0.009354979692	0.006200210105	0.1263539739	0.0414498513	0.07758767124	0.07045340174	0.09111162494	0.02468369952	0.018544502	0.03943967478	0.08606816192	0.1296759574	0.07976086741	0.0749874773	0.08830262341	0.09259126544	-0.002381155187	-0.004260564646	0.03393686264	0.06962820302	0.03695521386	0.09077123818	0.05104226856	0.03211089969	0.05638948438	0.0315528056	0.01394587292	0.02343652522	0.03757379735	0.1051514862	-0.02764589075	0.03193782342	0.03690573267	0.04139843002	0.02656412997	0.06500173114	0.01793781218	0.06866640824	0.06508156428	0.1072775281	0.05598746309	-0.03012065797	0.05173383152	0.1328589349	0.05295183917	0.04003729833	0.04725372328	0.05815983096	0.1018011388	0.1502822662	0.1229965035	0.1467374837	0.02493822203	0.06401769794	0.07736250134	0.04140531055	0.02120768148	0.1053930242	0.06899424479	-0.003575650411	0.03122314423	0.1264824477	-0.3375163881	0.05762450726	0.05338908222	0.05701228776	0.003836852776	0.02722188114	0.001444505175	0.09446654541	0.03841163611	-0.003367688675	0.02921970603	0.03739437583	0.04328072605	0.06866948149	0.01109517103	0.09013127604	0.007751644719	0.1154068601	0.09734195858	0.07144640164	0.09261494928	0.07596785141	0.05559389693	0.02121269944	0.07493542442	-0.005599420334	0.02179641672	0.02759627608	-0.01747939609	0.01970092724	-0.01648180503	-0.06923522958	0.001310494957	-0.01217106329	-0.04602256558	0.0862259838	-0.01996367472	0.1346194066	0.08910083108	0.002351808146	-0.01065680526	0.02385414332	-0.02450538777	0.0142492196	0.03057587017	-0.02283890758	0.04135921554	0.0495923049	0.04488307906	0.02585060534	0.01460393874	0.007742058147	0.02553437039	0.04110578153	0.03743090748	0.1212369387	0.005230487349	0.03642796919	0.1059270727	0.03030398	0.05164105816	0.05770696617	0.1685902107	0.1537838756	0.04667464138	0.1650286276	0.07497064267	0.03465257955	0.06821479301	0.001576486419	0.08422710185	0.07032102571	0.08891608715	0.06188653992	0.1391345923	0.1079022546	0.09876343711	0.07971231718	0.05775661569	0.07688329918	0.06274283923	0.01179780216	0.06625073136	0.03826248577	0.01196071459	0.1481116645	0.05261856017	0.05284040377	0.0267141834	0.04196048211	0.02614216945	0.03448603559	-0.03307187011	-0.3132720131	-0.1933143605	0.06484939526	0.06294084807	0.077463331	0.1236723812	-0.009379579948	0.547142659	0.08227445228	-0.3196363371	0.07803383583	0.1083897997
-0.04198792766	-0.003707286292	0.006476617061	0.02215503822	0.07736703272	0.03758643014	0.1788427485	0.09075536748	-0.05251547713	-0.2588356155	-0.243557122	-0.251478679	-0.2348347876	-0.1894136506	-0.1832635019	-0.2239052054	-0.2498018672	-0.2464660285	-0.1991703723	-0.2310382606	0.183296077	0.2648245634	-0.1658213381	-0.01297253152	0.01276501442	-0.2121014991	-0.1956989761	-0.1853402101	-0.1864572369	0.01017947164	-0.1695424232	0.09878667242	0.3488347126	-0.1051104726	0.1945146919	-0.2133659738	0.1100334989	0.1253242404	0.1266152424	0.2709287625	0.1866362497	0.1270603899	-0.2337603432	0.02715461321	-0.2094887449	0.1891086034	0.08192812635	0.1413015007	0.004516582041	0.2858856215	0.03785731546	0.148905668	-0.2043471782	-0.1943775607	-0.1809952764	0.006855766942	0.01838962342	0.4004490512	-0.2304881234	-0.2488248096	-0.220835233	0.1893413306	-0.1761062899	0.2826892052	0.2505046042	0.1292915523	0.09616302077	0.1120800321	0.2023088636	0.1086636612	0.0194480795	-0.03928356741	-0.03812812591	-0.01673406171	-0.05196409082	-0.0240821871	-0.02480680682	-0.02873785126	0.008207991616	0.09535105746	-0.06376584283	-0.05588818571	-0.04002349848	-0.004561759275	-0.02364195907	-0.05327977505	-0.005309465393	-0.02640784344	-0.01691460428	-0.06583133801	-0.02763227943	-0.03863050346	0.01298289136	0.05579139569	-0.04521015437	-0.02525942579	-0.01970720446	-0.03689255858	-0.02529404251	-0.008005505996	-0.01801082716	0.02296489217	0.1067400293	-0.009745556509	0.07134569376	-0.04676895084	-0.003952826101	0.006123444361	0.01102744561	-0.03644511399	-0.01298490169	0.06155088568	0.01512703521	-0.0174283462	-0.02519987549	0.004274616336	-0.004025206319	0.004326935645	-0.01322042646	-0.02965987587	-0.02626847805	0.009173485535	0.01094576244	-0.03030761278	0.009192752581	0.03153453738	-0.2293914571	0.01656757739	-0.007363621569	-0.01384357652	-0.04024293684	-0.0259324506	-0.01952692642	-0.03931087301	-0.02813706448	-0.002201318524	-0.04691204046	-0.01948085008	0.0005147814639	-0.02573934591	0.2135383957	0.03441475125	-0.01511350865	-0.01988990521	0.007134540308	-0.009722924076	0.1061527549	0.009724048474	0.221699617	-0.02698213209	-0.05999840035	0.09661639427	0.01113660082	0.1290234823	-0.0525131491	0.1765415303	-0.05724787708	-0.06181898769	-0.04937872357	-0.02062520626	0.005926530915	0.08939074912	-0.07832724039	-0.02813429458	0.01507633702	-0.009268755851	-0.03707269457	-0.02512068219	-0.07970529123	-0.03052536039	-0.02924718057	-0.07397096065	-0.02895876052	0.02564686228	0.1227795013	-0.002499190442	-0.03637908793	-0.02327885402	-0.02369092352	0.007499851749	-0.006456345182	0.001810475158	-0.02164999044	-0.009709670807	-0.0365755847	-0.01587760217	-0.01818283478	0.02899389264	-0.006070224522	-0.02775661583	-0.0291553109	-0.01025792609	0.01878628719	-0.004585474926	0.01161462013	-0.02518600963	-0.003969972812	0.007953070491	0.02409016745	-0.07625737224	-0.05052294333	-0.05783951517	-0.03453645194	-0.05323530215	0.2063304259	-0.0502034257	0.1546893836	0.0438537495	0.1683086391	0.2493780941	0.2625382793	-0.00592145568	0.1165305695	-0.04447112787	-0.04515359739	-0.004444503113	-0.05780013431	-0.02275633883	0.2871855207	-0.2109608736	-0.1077081999	0.02625763169	0.0002273790031	0.04620201403	-0.007640937433	0.09412766757	0.08227445228	0.7849490358	-0.22874915	8.493883504e-06	0.03882743032
-0.3335905016	-0.3233310055	-0.2990377253	-0.3707261624	-0.3163190812	-0.2471969194	-0.2915065199	-0.3230634206	-0.3544598078	2.590438566	2.522407164	2.566886207	2.51101336	0.8801454696	0.8350401124	2.466864	2.549172423	2.533544963	0.9100385283	2.484579317	-0.1050326836	-0.1138240332	0.9013476421	-0.0532076119	-0.06953639541	0.8727343984	0.8667022339	0.8682322803	0.8324453253	-0.005474683009	0.839073686	-0.2023186048	-0.1204360585	1.303474778	-0.1815539815	0.8695251153	-0.3484006542	-0.3498531939	-0.3707260868	-0.2887907595	-0.2354578551	-0.2558270954	2.606427047	0.2151146013	0.9412757497	-0.1617429286	-0.1423725788	-0.1996012376	0.05392894685	-0.1072273413	-0.09574533722	-0.1376722427	0.9411790434	0.8837679799	0.8157079089	0.003514890025	-0.02073134367	-0.09610656843	2.578731478	2.50000966	2.509270276	-0.1414629045	0.8700962204	-0.191854462	-0.1812369038	-0.1003689462	-0.3098564592	-0.259677689	-0.3575232339	-0.3657567403	-0.3625135665	-0.3600731911	-0.3601325829	-0.3589641214	-0.3632614302	-0.3699788753	-0.2917453277	-0.3516888277	-0.3726291672	-0.3604287594	-0.1519581204	-0.2299240741	-0.3613169031	-0.3217100087	-0.3611760114	-0.3642569863	-0.3334805141	-0.3182358307	-0.3332840657	-0.1629382455	-0.2609187104	-0.3126750894	-0.2550933025	-0.3827140757	-0.2966837385	-0.3303698571	-0.3254457964	-0.3147900486	-0.3797618822	-0.3781954092	-0.309831621	-0.374096833	-0.303328634	-0.3344598213	-0.3446699412	-0.2844234506	-0.2573500832	-0.3388893139	-0.2925715378	-0.2928532134	-0.3418171987	-0.2636886184	-0.3498737	-0.3577746678	-0.3454251781	-0.3526773134	-0.3514642625	-0.3519308039	-0.3146725949	-0.330907229	-0.3363233389	-0.3393103011	-0.3187247118	-0.243268867	-0.2779107575	-0.2701796886	2.55678076	-0.3560258648	-0.2572340732	-0.2588782503	-0.3102588287	-0.3251591093	-0.3321632343	-0.3262033927	-0.3133920747	-0.3422970614	-0.2689535822	-0.3265013837	-0.3449967673	-0.2685312735	-0.3162405332	-0.3243354793	-0.3333782862	-0.3557533652	-0.3721730753	-0.3148746554	-0.37396506	-0.3534454204	-0.3428780861	-0.3309916732	-0.2567465622	-0.2181393461	-0.2401097816	-0.2500471273	-0.2041210563	-0.1847150002	-0.20102435	-0.08081841856	-0.2453600235	-0.1321424045	-0.1193324468	-0.314126944	-0.187395752	-0.3492470307	-0.358513916	-0.296491326	0.1329864006	-0.2777037284	-0.05212532306	-0.1316430574	-0.2278212618	0.05609937912	-0.2649536461	-0.3664978159	-0.273881045	-0.2947021797	-0.2772546262	-0.3338142462	-0.3980246526	-0.3651236741	-0.2513276	-0.3224464318	-0.3975406324	-0.3954745627	-0.359460233	-0.3497176769	-0.3326814505	-0.3567902588	-0.3670273143	-0.3657789382	-0.3380317246	-0.3669862002	-0.3133054958	-0.2556027775	-0.2661550764	-0.3021017918	-0.3052214991	-0.3545067819	-0.2729115271	-0.3361714626	-0.3280367738	-0.3019833103	-0.3393045947	-0.3417674617	-0.2294638612	-0.198201742	-0.2987539426	-0.1219643246	-0.2521623123	-0.1759335167	-0.117448437	-0.3622458102	-0.3607067685	-0.3435772333	-0.2180326169	-0.3882182456	-0.3246651216	-0.3056998867	0.006687741734	2.619529816	1.357018092	-0.3850523433	-0.3332590086	-0.2797143515	-0.3662078615	-0.07366072764	-0.3196363371	-0.22874915	3.195440263	-0.3634625075	-0.2962009112
0.06999690685	0.2180516154	0.1638641308	0.1638429634	0.08699075841	0.09153009154	0.08310693973	0.1403448262	0.1309166952	-0.3817570326	-0.3620135295	-0.3694044206	-0.3503369676	-0.341194998	-0.344967644	-0.3469249089	-0.3768288502	-0.3709671702	-0.3301471989	-0.3522859688	-0.05223752679	-0.06203943292	-0.3322290465	-0.0983309976	-0.07149454337	-0.3551831289	-0.3500642109	-0.3470280166	-0.3480060141	-0.07415557997	-0.3494314975	-0.06213412454	-0.03469571254	-0.2303658388	-0.05478263946	-0.3466584174	0.1263352304	0.1400941315	0.1721092895	0.0641528994	0.0414158062	0.09344101139	-0.3925687718	-0.08503919672	-0.3613205883	0.01701130104	-0.04698434657	0.02065864139	-0.1080971436	-0.06096924759	-0.05562064761	-0.02882075055	-0.3400192905	-0.3408115268	-0.3341659297	-0.07779039852	-0.07208871798	-0.06306567572	-0.3979434034	-0.3801145464	-0.3860216098	-0.04140689628	-0.3452296188	-0.01506027949	-0.02231476299	-0.02753301697	0.0894865574	0.0383835411	0.1456277869	0.1724047837	0.1627158577	0.0476519178	0.04839983332	0.2591954346	0.1445500318	0.1220339244	0.005098297908	0.03888495999	0.1210659982	0.1635909443	-0.03715873781	0.008349702831	0.08938975748	0.02226000469	0.08172585357	0.1093549671	0.08345684693	0.02315916357	0.1024200046	-0.07921457825	0.01963643667	0.045755705	-0.003189252721	0.167444951	0.03422587047	0.05700868747	0.03706972321	0.07078090484	0.1370575987	0.04559328785	0.07496223221	0.240779842	0.061228345	0.04678528968	0.06525991889	0.046958109	0.02649746835	0.06171936143	0.0979137242	0.07408026529	0.1548212886	0.09743579313	0.09950842654	0.04155689912	0.08221924808	0.08047304224	0.04910782863	0.09717111465	0.1130652137	0.04436618951	0.05506567405	0.06132195197	0.008701055725	-0.06195423731	0.03729435491	0.06280121611	-0.3840333603	0.1734573299	0.03199728822	-8.289416366e-06	0.0374288478	0.04675802999	0.0608420055	0.05905471557	0.08394014636	0.1176360166	0.06365315952	0.04264677484	0.0426022685	0.03308203906	0.03063585241	0.07952291532	0.06630260792	0.1002919408	0.1263494319	0.114157244	0.1751658117	0.02044094522	0.0600454004	0.08437350421	0.06899207527	-0.02774240855	0.02306907594	-0.03118024247	-0.05132769896	-0.02111572853	-0.09608723227	-0.1312419826	-0.03930487881	-0.06576996149	-0.06156517006	0.01767321259	0.009269627879	0.1350017034	0.1940770788	0.06419037958	-0.0949204386	0.06350332732	-0.0718981408	0.02869293801	0.03611259682	-0.1413052035	-0.01675871393	0.1799521075	0.04489685642	0.04167502691	0.05357530489	0.1306348562	0.1933436298	0.07174625167	-0.02650068179	0.05242095927	0.139409566	0.1382046783	0.03954429464	0.06018407972	0.04747980287	0.155726787	0.1466916813	0.1055355409	0.08668288562	0.1468574974	0.1526712216	0.07515718797	0.08561059003	0.1283268141	0.1526577542	0.2145693996	0.07716146665	0.1306048194	0.08565244102	0.07484916011	0.08207124442	0.1207227601	0.03130862172	0.04211474851	0.1116113749	-0.03211746756	0.012757061	-0.02263683645	-0.04212282617	0.1508334776	0.135926504	0.06867950571	-0.02276457227	0.1424631136	0.04752060678	0.05599941655	-0.07890666732	-0.3436090794	-0.2283062325	0.1360764732	0.05621925625	0.1223240426	0.1325477914	-0.0743896692	0.07803383583	8.493883504e-06	-0.3634625075	0.4336279535	0.06687291993
0.1270206343	0.120337741	0.09804265187	0.1013639676	0.04456450285	0.1021400491	0.05226534477	0.07086446502	0.08812890335	-0.3763282783	-0.3567126653	-0.3648863874	-0.3452193768	-0.3079359456	-0.3174278883	-0.3454751948	-0.3713664939	-0.3656010248	-0.3150739048	-0.3518396648	-0.04451537711	-0.01861340193	-0.3121571568	-0.06610296503	-0.05618867911	-0.3179558263	-0.3206197712	-0.3144737612	-0.3209104184	-0.0457863432	-0.3264290531	-0.06601819847	0.0004212563509	-0.1759677745	-0.03188451097	-0.3147932208	0.05523494287	0.07053509167	0.05131205601	0.01345299595	-0.0209052782	0.02646480268	-0.316261649	-0.0112555848	-0.3326202338	0.02378675592	-0.01755207597	0.002016110589	-0.08956015042	-0.02138764116	-0.04917445124	0.05027588252	-0.3196944543	-0.3190658799	-0.2965670597	-0.05283076284	-0.04855296405	0.02832687495	-0.3396805853	-0.3723728489	-0.3005812839	-0.04752778333	-0.302439407	0.01812666614	-0.01411747491	0.06338923513	0.09269022946	0.02466493951	0.0522088014	0.0820674917	0.1208050086	0.1049873561	0.0986727615	0.08854734385	0.1007596244	0.08528887332	0.08365865836	0.06094099843	0.09237696318	0.05765109076	-0.02755242995	-0.02746707804	0.03754219585	0.1406136559	0.02558516239	0.1004722298	0.09574645084	0.01680751052	0.03845821915	0.01713926225	0.04356462848	0.01078416249	0.05357174875	0.07930611127	-0.007120677002	0.05648272154	0.02224563255	0.01409625542	0.08437058139	0.1286827948	0.007931889596	0.06222851419	0.002455479271	0.1177761433	0.02086725675	-0.01312299888	0.04663119276	0.08282529666	0.0987585957	0.03660588105	0.03391585263	0.02226281393	0.1342559235	0.03132173845	0.05042977825	0.1913539282	0.0009218294306	0.01606585618	0.08244757778	0.01465012064	0.02823607149	0.08805424395	0.0590852466	-0.003556208403	0.007824655621	0.283560665	-0.3083540762	0.06796065808	0.06935690427	0.0578336376	-0.01302155979	0.01250480282	0.01589467059	0.005485358631	0.1888523961	0.06938839021	0.05721239914	0.02038977834	0.001812033157	0.09703529629	0.03982411963	0.04034806311	-0.04501235742	0.09519255736	0.07244157901	0.07108654142	0.03793211072	0.03638416533	0.04546391426	-0.03581774073	0.08692727558	0.08216997744	0.02451037225	0.0179346666	0.008456171795	-0.003731134984	0.002593782313	-0.07593810526	0.04465493626	0.01217349134	0.07695943729	0.09896245023	-0.007788093395	0.08381926481	0.1992424056	0.04010443848	-0.04499469667	0.03053013627	-0.01747983781	-0.003782461912	0.004547613488	0.01336315049	-0.002193019626	0.0438348861	0.03279045245	0.04569296054	0.02063280229	0.005935948991	0.1238921106	0.07328749227	0.03378856909	0.08791444594	0.1082169555	0.1166223701	0.1062615103	0.06476784936	0.007827462176	0.1408639981	0.1223757169	0.08478046782	0.02257855623	0.1416650729	0.1114098664	0.2489325826	0.242015236	0.1279160268	0.07631525528	0.03955383021	0.06045384575	0.0570489987	0.08031235601	0.1042076115	0.04439123193	0.04372199275	0.09733393798	0.1424472976	0.03889953262	-0.01684191019	0.06025521271	0.01521107984	0.0019944683	0.1169705264	0.0668673978	0.03373476645	0.01195229063	0.06762833013	0.002188982808	0.001514900643	-0.0353421182	-0.3336990863	-0.1771438163	0.0876418566	0.1798044687	0.07300074755	0.1377118359	-0.02160016622	0.1083897997	0.03882743032	-0.2962009112	0.06687291993	0.6022591999
