0.3380316714	0.0005194313125	0.09757903139	0.04750869497	0.04293230078	-0.03951566654	-0.001529657505	0.05352399473	0.02865126795	-0.1472913748	-0.1547112051	-0.1569280273	-0.1446152192	-0.1599940307	-0.1774063063	-0.1447067123	-0.1479702448	-0.1477877697	-0.1973511029	-0.1402101085	-0.06172339709	-0.05534054934	-0.1898756779	-0.0354927643	-0.04176100147	-0.160442902	-0.1484654431	-0.1546671246	-0.1608007362	-0.04264398293	-0.1561681549	-0.04202322394	-0.04697758132	-0.1408509384	-0.04078909857	-0.1577456772	0.0411034628	0.02928487148	0.04701434898	0.006378458968	-0.01931071418	0.01632530301	-0.1566092595	-0.07700100067	-0.1603295044	-0.003216088698	-0.037793696	-0.03836236699	-0.06409792028	-0.06650796562	-0.04974275931	-0.03307711698	-0.152332388	-0.1572971096	-0.152318148	-0.04579325087	-0.04321166691	-0.07011734678	-0.1596235097	-0.1596431371	-0.1497499818	-0.04457991106	-0.1483985758	-0.01108525379	-0.02227526631	-0.04790755371	-0.01457295035	-0.02592404949	0.02856386086	0.04292844539	0.0210758166	0.05148653133	0.04838965451	0.01863464849	0.02442001105	0.1729147002	-0.0156174694	0.007429249989	0.07064348733	0.0453856832	0.04634786189	0.03026704071	0.1194309563	0.0158724334	0.04686455121	0.1620534343	0.07261287609	0.02225535488	0.05333816203	-0.02117378452	0.2020678551	0.05641658066	0.02857557174	0.06506166011	0.01261800903	0.06219774795	0.02210720539	0.1073391128	0.1108694249	0.01710100804	0.0626453358	0.04115327938	0.03261754563	0.01556232167	0.0633205897	0.08121882737	0.08212973135	0.02749476032	0.006198360153	0.06567733407	0.07845428355	0.01000452259	0.05930420573	0.1002659275	0.1281844364	0.0895259106	0.02429944374	0.05072548101	0.08781600374	0.005466164816	0.07178516446	-0.01127577012	-0.03001324246	-0.09937008288	-0.03901456045	-0.020068343	-0.1542805016	0.02719321654	0.09896613499	0.06975092902	0.1109487993	0.01471514872	0.1545053508	0.1165119766	0.07203481847	0.05348290706	-0.02241435448	0.0242194155	0.0382221638	0.003852395989	-0.01144719107	0.07600573845	0.0556680297	0.06794568143	0.08236200807	0.07512199822	0.04188204812	0.04876527923	0.003360784765	0.06472545762	0.01057096743	0.002233831278	-0.04753969139	-0.02079318019	-0.01265307885	-0.0445434445	-0.02838031081	-0.05700337034	-0.01809629781	-0.02063354273	-0.0007314756114	0.02947397828	-0.02197525653	0.1296487943	0.08983711025	0.08914098813	-0.07431266064	-0.04334704582	-0.08249987155	-0.06305282189	-0.05273803863	-0.05508282304	0.01957050116	0.02521936627	-0.03306906136	0.03420515112	-0.03780382041	-0.001104009676	0.03751784466	0.09745512997	-0.00388960017	0.1074971185	0.07690506979	0.05617939714	0.02283852441	0.08235672735	0.06800045644	0.07803582654	0.08375390945	0.1691188342	0.1200363334	0.05093071353	-0.00135980458	-0.0177610091	0.01481683711	0.01590109988	-0.01531107244	-0.01500481835	-0.05561727486	0.0506969769	-0.009881707994	-0.01597089657	-0.002679498281	0.04192180611	-0.02977256374	0.05520422501	-0.007138868254	0.02896904894	0.03247685768	-0.05278929985	-0.05023595304	0.0697181711	0.02871587607	0.117549277	0.04039475342	0.0694297703	0.1195183016	0.06768042294	-0.05919016326	-0.1742718849	-0.1330974571	0.003328906791	0.02279542836	0.02415582836	0.1483182251	-0.03681538169	0.008973598561	-0.03081643861	-0.170865104	0.02503750048	0.04482689875
0.0005194313125	0.3502827985	0.05827042458	0.06991551078	0.05354593051	0.05722354434	0.03935075513	0.04735435392	0.0588878214	-0.1650682491	-0.1609206595	-0.1659877154	-0.1539567417	-0.1518734491	-0.1622755476	-0.1481458662	-0.1625713869	-0.161824528	-0.1365375473	-0.1457372583	0.006858181676	0.01306347989	-0.1466714637	-0.00504324637	-0.004963243701	-0.1582539288	-0.159612857	-0.157671806	-0.1485355261	-0.009330152501	-0.1515265609	-0.0004764420751	0.01100584612	-0.1182295437	0.006779886126	-0.1522776273	0.05902644922	0.05497206802	0.0740820877	-0.008780645516	0.02274322	0.01973351338	-0.1531719886	-0.04734812268	-0.1634240432	0.02999127524	-0.01176296171	0.06054965441	-0.009824013135	-0.018487885	-0.0284658175	0.01250227932	-0.1617767402	-0.1523658011	-0.1501524641	-0.006462032868	-0.001070537162	-0.005136870837	-0.1541737125	-0.1547761417	-0.1671023639	-0.0001847376437	-0.1495052475	0.005638688414	-0.003976282254	-0.001415773436	0.09826142051	0.08847396926	0.07793535447	0.07364855595	0.0788384597	0.01251653764	0.0107331543	0.09903257861	0.05131382213	0.01806668015	0.05388212483	0.02537991511	0.05771918988	0.06516647664	-0.02392617041	-0.03446201182	-0.001698099844	0.02712794082	-0.0112751518	0.003008019475	0.06417362544	-0.04582564465	-0.01943077282	0.03545088249	-0.01722132296	-0.04876727233	-0.003668385102	0.06930033356	-0.0662302969	-0.03121980454	-0.05978916457	-0.03916860229	0.07309477495	0.05876871708	-0.04389492901	0.09051060952	0.03726322514	0.06167525893	0.02318646185	0.002059263766	-0.01497909615	0.05027216063	0.2536057399	-0.00565251539	0.05415988457	0.01296877831	0.0550519622	-0.04805158863	-0.01150621126	0.01699681993	-0.01506749695	0.0032943575	0.04182355189	-0.05594351713	-0.04444730623	0.05094758429	0.03946871497	0.01800233183	0.06594258026	0.07160826666	-0.1497336551	0.07301693254	-0.0116174905	0.01663165155	-0.03857705141	-0.05863750843	-0.02707977897	-0.02628651009	0.04160072469	0.04746755089	0.07173923474	-0.0592116036	-0.01700025147	0.06687776839	0.01156782101	0.008488876021	-0.02527556006	0.017731535	0.04727029949	0.03817941008	0.07577370808	-0.05320640593	0.01329290663	-0.01565685388	0.03165802646	-0.04281400333	0.02035412046	-0.02090921152	-0.03217965004	0.008467775525	-0.007031114754	-0.03992710265	-0.03072378884	-0.03487536508	-0.02893988006	0.06099969179	0.04430960739	0.01362243412	0.09036974793	-0.02597479033	-0.05210144691	0.07609765213	0.003885719998	0.02959759753	0.04273057838	-0.03232287089	0.002697586213	0.06521317022	0.04615396917	0.03102818985	0.05767376696	0.04508483498	0.1157422102	0.02567673924	0.0359734487	-0.03853363169	0.07261466661	0.07599029128	0.05051037639	-0.005472217971	-0.03887897012	0.0704390707	0.03072777543	0.01726245835	0.00658873747	0.05724950344	0.1972578357	0.07948645238	0.07534219043	0.05770631451	0.09447118038	0.07691347976	0.05644566767	0.03808679101	0.05857811438	0.05102304041	-0.05038650422	0.01720201863	0.01434514095	0.04166483125	0.1051171704	-0.04673300748	0.00620227886	0.0189601088	0.003199513203	0.03540203244	0.08825423783	-0.007608460412	0.04822207711	0.02846470441	-0.04679179494	0.001544234254	0.008345491733	-0.1561290083	-0.1183406836	0.1113892224	0.06116473566	0.03368142263	0.02914016345	-0.01457716815	0.0260444712	-0.005760551425	-0.1460224976	0.1173179763	0.08203893099
0.09757903139	0.05827042458	0.3128914093	0.04577558229	0.01368679461	-0.01453641146	0.01982334657	0.07144656375	0.0250531593	-0.1515751045	-0.1605729058	-0.1641719805	-0.1525199781	-0.1582499317	-0.1642835811	-0.1525510771	-0.1508393894	-0.1504499791	-0.1634734865	-0.1478220264	-0.03187614529	-0.03103083455	-0.1527433926	-0.06268516844	-0.05663666207	-0.1557945003	-0.1414839533	-0.149997487	-0.1565138042	-0.06278124593	-0.1608313141	-0.02857664617	-0.02189983344	-0.1132473308	-0.03978560942	-0.1594189094	0.07622317548	0.06083742265	0.08382011559	0.001343763023	-0.03463051718	0.04201465072	-0.1611930907	-0.05160709041	-0.155053431	0.03897224677	-0.05905879176	-0.005187013097	-0.04259905672	-0.0334435037	-0.04802540904	-0.02022003399	-0.1471610158	-0.1562652508	-0.1490995059	-0.06334530645	-0.05686390338	-0.03730784133	-0.161925124	-0.1632690708	-0.1504967236	-0.00855576285	-0.1431726872	-0.02806103048	-0.02994509165	-0.0338363805	0.05267049724	0.008920224471	0.05419710425	0.08508340743	0.08796676098	0.046690899	0.04601855979	0.1051363417	0.09668590852	0.08150136331	-0.007874560795	0.00974541536	0.09225697744	0.07886717564	-0.01612026287	0.004732517203	0.08671618172	-0.01396861302	0.03772033672	0.07793150224	0.06570606748	0.006369322043	0.04721751458	-0.06520302232	0.07663014148	0.02196733849	-0.043916215	0.089309222	-0.009698957383	0.01525151046	-0.008182629139	0.04757661347	0.09781680086	0.01493517016	0.02560823262	0.1195791026	0.02906309743	0.02887090655	0.02095192729	-0.004828695761	0.0124853092	0.03874889272	0.03820790594	0.0652856799	0.05526134676	0.03288752416	0.0571237447	0.02571726347	0.04681320254	0.02114566319	0.0008507645403	0.04511015014	0.1058586828	-0.009557951448	0.02116259454	0.01157113045	0.01113023473	-0.07274207471	0.01560843283	0.0142101401	-0.158712848	0.1272425307	0.02333910323	0.008126565115	0.04400493407	-0.003014856833	0.03425433554	0.05612047083	0.01436651876	0.04840599015	0.0002291681215	-0.006251041494	0.05054417507	0.00831167614	0.0253815758	0.06715836783	0.01933069825	0.0830084965	0.105394284	0.09637648514	0.08941193638	0.01890215845	0.03386782158	0.02696775231	0.02169336357	-0.02301357631	-0.03149819814	-0.01428065568	-0.06983811084	-0.01641423861	-0.08417194296	-0.08956502826	-0.0527029513	-0.05599160089	-0.02754827937	-0.01688283355	0.001114567674	0.07438971452	0.1170351196	0.03598798716	-0.05667659734	0.01288540336	-0.09231054034	-0.02064381935	-0.0001755246841	-0.07669039507	-0.04005906052	0.1216844814	0.06851422356	0.04494475249	0.007145253495	0.06561984259	0.1308634009	0.06451964231	-0.03458695365	0.05265222524	0.1083802997	0.09841430455	0.003701465481	0.04005239786	0.00259151614	0.0799308472	0.07857395381	0.08515573206	0.05106818533	0.07892663945	0.04417520205	0.02475665504	0.03394738884	0.04267756327	0.05064494446	0.1119731557	-0.01468639968	0.07696533418	0.0264411614	0.01043866506	0.001489672712	0.07116293105	-0.003070769734	0.02602430671	0.04058599747	-0.007937310904	-0.01030234477	-0.01893186259	-0.0472590954	0.0782158525	0.05317679938	0.0611121236	-0.03092988809	0.07301012286	0.01799588997	0.02311585738	-0.04038750726	-0.1463237318	-0.1107645723	0.05003512036	0.0513354971	0.08573312612	0.08072808872	-0.0590313561	0.02471053208	-0.007027608402	-0.1462946626	0.09824164561	0.05084597973
0.04750869497	0.06991551078	0.04577558229	0.313083627	0.09989578823	0.08708813689	0.07704780541	0.02940323584	0.09283549303	-0.1831857644	-0.1811819886	-0.1840650338	-0.171962353	-0.175315732	-0.1840332338	-0.1710168948	-0.1817122661	-0.1822975173	-0.1798736165	-0.1694002218	-0.0572097038	-0.04043176327	-0.1676748896	-0.06291132484	-0.06012297323	-0.1737009849	-0.1691070562	-0.1774890512	-0.1774383168	-0.0558268934	-0.1665693342	-0.07061958651	-0.01660703825	-0.136578421	-0.02989997928	-0.1701652051	0.08604358793	0.07358604744	0.1373219431	0.00482345782	-0.01797588173	0.06136435882	-0.1870002984	-0.0719406795	-0.1823258895	-0.01755991834	-0.05517662579	0.001093403724	-0.07291285653	-0.05309047592	-0.07029505157	-0.03164174429	-0.1776058546	-0.1780055119	-0.1635089794	-0.06658896968	-0.06069836754	-0.04833019118	-0.1882626168	-0.1865588335	-0.17919869	-0.02225056618	-0.1754029358	-0.0423227596	-0.04158211534	-0.03464024511	0.02052187007	0.04459849979	0.08134761305	0.0991174846	0.1140938262	0.100054075	0.09472405849	0.07225228804	0.02478435129	0.09747818373	0.02504948944	0.03988700824	0.05922186845	0.1109921853	-0.03436955283	-0.02146799462	0.03088038698	0.02525562365	0.04122010492	0.05583949427	0.06647721569	0.006714714035	0.03508535656	-0.006928703329	0.01984547541	0.0534674839	0.02892015016	0.1385434009	0.01034602399	0.05250287507	0.06636857037	0.01809522207	0.05659011937	0.1012936235	0.01490239315	0.08086662153	0.0601832941	0.09349127594	0.01042763822	0.02972588284	0.04606380469	0.05259526092	0.03991619611	0.03397230139	0.1280166161	0.05570736351	0.02853842775	0.03039609581	0.03590142038	0.0621166659	0.06140585973	0.04728781027	0.03188604477	0.04737301845	0.05682413649	0.02833400276	0.01054758386	-0.04103423647	0.03927717104	0.00353771742	-0.1832474982	0.06965991551	0.04616132466	0.05285881126	0.02184523079	0.0612990716	0.04911988896	0.01327176739	0.06778885525	0.1291289456	0.01627213504	0.06277692011	-0.01634250805	0.05559946378	-0.01587656218	0.01546207671	-0.0022365525	0.04119598131	0.04284694166	0.02370034633	0.1182959687	0.01499879469	0.01253209215	0.00413986865	7.117871946e-05	-0.03389763482	-0.04658808832	-0.04910403613	-0.04867455226	-0.03277648573	-0.0664658995	-0.09771760065	-0.05493732082	-0.04885266813	-0.05204742586	0.06197978406	-0.07812929913	0.0572492663	0.09839012263	0.05948718509	-0.1095292551	0.04002038788	-0.003348360056	0.003916917119	0.01475488838	-0.06328138784	-0.01415350021	0.0584142551	-0.03158195997	0.09706182524	0.02763097852	0.05393027414	0.09000475034	0.07571656158	0.01598134255	0.04580607316	0.06816532686	0.123770867	0.0755008666	0.06155934479	0.05533292865	0.07295935607	0.08074715603	0.09529967327	-0.003468710733	0.1388226231	0.0349036405	0.03554817235	0.04858049803	0.0552824801	0.004778499743	0.03168316674	-0.01886170546	0.03899312792	0.01439394739	0.01254519285	0.006260030235	0.0364976909	0.01540529724	0.04114406846	0.09504525655	-0.0309711183	-0.008932542972	0.001339473487	-0.05604749717	0.07462575682	0.05183298986	-0.001059492385	-0.007611922836	0.1623931226	0.01275442881	0.009555439366	-0.04922407037	-0.1819208742	-0.1367359239	0.05017506079	0.06759547133	0.04258927108	0.08603489187	-0.06454160832	0.06824704756	0.03642537031	-0.1773570665	0.07870392613	0.05808324663
0.04293230078	0.05354593051	0.01368679461	0.09989578823	0.3790392975	0.002605256445	0.03872302123	0.08077578782	-0.005707048323	-0.1139005062	-0.1058227633	-0.1089320549	-0.1032108455	-0.1106444901	-0.1184022593	-0.09298226182	-0.112037899	-0.10907311	-0.1501758483	-0.08920197281	-0.005474642573	0.005134337842	-0.1438478795	-0.01985306108	-0.02236397565	-0.1021252945	-0.1071152951	-0.1130621394	-0.1133446637	-0.02806448624	-0.1052755646	0.05347855898	0.009070752982	-0.1119898457	0.07804195775	-0.1093093025	0.07900964955	0.1118387144	0.08150169615	0.1104636487	0.0881428784	0.1058899723	-0.1168693195	-0.06411474375	-0.1174021899	0.06173807888	0.04531387601	0.02005818966	-0.05698739251	0.03926850287	-0.03566005149	-0.02083207367	-0.1150957277	-0.1062550487	-0.09964381034	-0.03212953602	-0.0261433517	0.008765503191	-0.1142813283	-0.119754543	-0.111926137	0.0180819284	-0.1156269183	0.04575816564	0.04368973987	-0.03009399006	0.04384811315	0.06672210565	0.07764771419	0.1389681656	0.04798388014	0.03048287663	0.028434317	0.03150426162	0.02902149339	0.01540476843	-0.03841049143	-0.0194937386	0.04333430147	0.08196101264	-0.0537755916	-0.03832532216	-0.009391533937	0.04295571671	-0.01942096654	-0.009088436108	-0.005248747471	-0.01215733034	0.001834462262	-0.05062563179	-0.03246269396	-0.02423354438	0.05632679924	0.04574142079	0.01322527933	-0.007687874744	0.006037521031	-0.01139605829	0.03808150409	0.05578973954	0.004322157144	0.02636101056	0.0647382891	0.007528774171	0.06319266276	-0.01163851292	-0.03145648839	0.0218043894	0.05895890373	-0.0007824982446	0.03022903645	0.121258979	0.05489129469	-0.05172276881	-0.01584353575	0.0235763745	-0.01841565896	-0.01350304057	0.01132157124	0.00307504044	-0.005341438682	-0.04157760085	-0.02190173763	-0.02006542691	-0.008803845201	0.007113820321	-0.1148384907	0.03040652616	-0.02596790147	-0.03067888904	-0.009375593398	0.009710820832	0.03585951944	-0.01150734362	0.06978769793	0.07133409213	0.004206670637	0.002431467613	-0.00961089705	0.02322381897	0.03149423557	0.008457139507	-0.04126850086	0.008374541677	0.03058000709	0.01376776621	0.1172483703	-0.04894080354	0.05909688249	-0.03471928383	0.0009978011611	0.09389492152	-0.0226568558	0.01165772374	-0.01475280192	-0.03430168085	-0.03949007581	-0.05817194306	-0.02303015709	-0.02765822985	-0.01197996283	0.04105801555	-0.04805072705	-0.002969754836	0.06235561058	0.01495059863	-0.06456322361	0.03206950265	-0.01837588746	0.01125984385	0.02341399457	-0.08232602594	0.01698794622	0.03183629838	-0.01484334225	0.03992667589	0.03244803916	0.06901484079	0.07742667743	-0.001406140319	-0.03028025657	-0.04488482679	0.1012569287	0.05277249915	0.003591843091	0.03449501277	-0.002659026173	0.03074794676	0.02014326002	0.007309365669	-0.01016596935	0.0493699585	0.04334377481	0.001933155916	0.03141804228	0.05216974028	0.02609360775	0.0261126963	0.02598484046	0.04180422127	-0.009882373153	0.01479028149	-0.02366974464	0.04480865443	0.0860507142	-0.007635561695	0.07911968753	-0.005863932495	0.05654548334	0.0259616213	0.01507590678	0.01816160295	0.09130952905	0.0116715905	-0.03334794117	0.05035253919	-0.009519480624	-0.02465026314	0.01583696612	-0.1522575406	-0.09587436476	0.009472258363	-0.005622082865	0.08799471614	0.01455915754	-0.02794518289	0.000165990541	0.06983818687	-0.1443440436	0.02965512159	0.02226795535
-0.03951566654	0.05722354434	-0.01453641146	0.08708813689	0.002605256445	0.435524532	0.04347490243	0.01258894572	0.06607197596	-0.1119494651	-0.114693336	-0.1129562634	-0.1080515078	-0.1038949462	-0.1109256937	-0.09896344981	-0.1095890456	-0.1123429493	-0.09041229401	-0.09924010176	0.05061310325	0.04556865937	-0.1029716843	0.0125913163	0.01822395285	-0.1070938199	-0.1114813567	-0.1003216697	-0.1087456634	0.01100174403	-0.1049131446	0.0352344748	0.0501514594	-0.07826343105	0.03789515807	-0.102585809	0.01741990057	0.02051569429	0.01143344344	0.04066247262	0.06405866089	0.01186479755	-0.07774568694	-0.000160928016	-0.1003575174	0.009571009475	0.02962832157	0.060922966	0.0114746421	0.0255527677	0.01356824485	-0.006270420584	-0.1108791209	-0.1072819892	-0.1002992937	0.008954977063	0.02013930149	0.05125123362	-0.09320570744	-0.1050490555	-0.1093392333	0.01177100454	-0.09936564259	0.02758302082	0.02340788779	-0.000786009612	0.0004104137537	0.0257553031	-0.0002177256651	0.02154147749	-0.01903788354	-0.001494981713	-0.006149344843	0.006875197572	-0.02039686456	0.01724942521	0.05804528465	0.02789096076	0.02192191875	0.009378707413	-0.0340871718	-0.04912044913	-0.01380307789	0.0309945159	-0.0085402848	-0.01223227271	0.02788555806	-0.001722491471	0.005091497425	0.01952291141	-0.03545371682	-0.01242172232	0.02950922082	0.01905536373	-0.0621234916	0.01432034791	0.01963727423	-0.01121305617	-0.01204320489	0.07440552047	-0.01169451565	0.001055466663	0.02915204088	0.04392694018	0.01451691289	-0.01533439726	-0.01097097728	0.05794282176	0.07236609121	0.06398723022	-0.004501432196	0.0004755428311	0.02007327814	-0.02835886415	-0.04977827678	0.004967342665	0.01386011039	0.07067004991	0.03224863132	-0.000773240199	0.02613906445	0.1297676087	0.06747211632	0.08273147167	0.01855588808	0.02089640629	-0.07649690026	0.07840414442	-0.01153984809	0.01412773742	-0.004295802003	0.02711764099	-0.01278760463	-0.0594571499	-0.001873402105	0.03742139244	0.03672592271	0.01369734875	-0.0428600554	0.01764364567	-0.01219048048	-0.04805104924	-0.03653194521	0.0817603199	0.05057657576	0.03774873255	-0.004487081208	-0.02770584717	-0.009576811146	-0.03222632361	0.002644706452	-0.01555527644	-0.04121173478	-0.007390478292	-0.036194833	-0.006950836429	-0.03349448509	-0.00358049937	-0.000322755431	-0.01706612918	-0.04255780602	0.03715392096	0.007344686444	-0.001625130692	0.0098443033	0.04498187204	-0.04787490854	0.01746085538	0.036268598	-0.00564585909	0.01587997682	0.05400238852	-0.0094897048	-0.01972177258	-0.02327594157	0.008163881012	0.01058113849	-0.05040810122	0.04574808809	-0.020093089	0.08141246253	-0.01177158297	-0.01516295911	0.01656216702	0.03768453921	-0.002478061435	-0.02208108132	-0.0361949364	0.09715458274	0.01591831645	-0.04033160715	-0.002781826816	0.06032095686	0.02479415228	0.002562861136	0.02974205227	0.0896791001	-0.02660836649	0.08309507784	-0.03165210257	0.02895444953	0.01975361374	0.04722980115	-0.04886689578	0.02587384464	0.05041010299	0.04551484513	0.004066029795	0.01376705406	0.03278864835	0.03883381053	0.1278981647	-0.03477970825	0.02403975171	0.008150938469	0.03703238221	-0.04148510056	-0.00461800124	0.02949322521	-0.1027220364	-0.08597640723	0.04374961589	0.05548754381	0.003252311017	0.01673934944	0.01053405392	0.08508442127	0.01870209734	-0.09119198263	0.05053100082	0.06885543476
-0.001529657505	0.03935075513	0.01982334657	0.07704780541	0.03872302123	0.04347490243	0.3904018395	0.08512470442	0.01633044031	-0.1409896783	-0.1417916302	-0.1365111639	-0.132761692	-0.120887559	-0.1096907222	-0.1218655012	-0.1351133505	-0.1334142744	-0.1118915699	-0.1259057891	0.08175296592	0.04879797539	-0.1205875783	-0.03798070445	-0.02846647004	-0.1059488433	-0.1237346158	-0.1249000356	-0.1066144055	-0.01631100319	-0.1230180214	0.03324724415	0.1213448051	-0.08127791304	0.1004844759	-0.132698676	0.1152659185	0.1070167907	0.1233613824	0.08512225226	0.06358206913	0.09235174447	-0.1420194135	-0.01792316423	-0.1109808948	0.02996748396	0.02269786913	0.06273888825	-0.01786938888	0.05823984051	-0.03388691946	0.02371813422	-0.118586564	-0.1224467528	-0.1136709965	-0.01912911755	-0.02922795908	0.06101860118	-0.1240003624	-0.1171682031	-0.1400882348	0.01243498936	-0.1209756129	0.05242578026	0.06774739561	0.03380881308	0.06499327677	0.05700961679	0.1066777827	0.06729822653	0.03377441034	0.001178940101	0.002630080899	0.009928334615	-0.008350792699	0.03431266126	-0.02876458329	0.01527078059	0.03238051006	0.09438647661	-0.02344136632	-0.03430643366	0.01108111671	-0.01509563387	-0.03751279728	0.0359214695	0.0500197323	-0.02131801486	0.006600250716	-0.03455193633	0.00977569401	0.01700990023	-0.005885059035	0.08383024941	-0.03180095408	-0.01259510341	-0.01279061045	0.0017614026	0.01932225243	-0.0004148534647	0.007188838125	0.03589005423	0.05208434489	0.004190669278	0.03705820249	-0.01178609116	-0.00629095409	0.04130735969	0.03346750657	-0.00142321931	0.03277097998	0.06108436735	0.05741495772	-0.005902829287	0.01868927151	0.01630563865	-0.03259291579	0.03577204209	0.01194702365	-0.01963573221	-0.0005317691547	-0.0204939077	-0.008015319758	-0.04966947618	0.001095685482	0.02832143379	-0.1393144857	0.03198534754	-0.004538072464	0.02832271543	0.004302706744	-0.01175110809	0.02210616906	-0.003600992974	-0.006305500199	0.01513676179	0.01966990439	-0.0177514245	-0.01073203274	0.02506021749	0.0594272315	0.01963702766	-0.03008217764	0.0002594216151	0.03173450047	0.01681937174	0.07470047337	-0.03863696066	0.0847284145	-0.0236681814	0.03762546067	0.01444565935	-0.03782944958	0.02422231405	-0.03636792897	0.09051534812	-0.06177975334	-0.06343192264	-0.0274419123	-0.02573467276	-0.02815978834	0.05227577476	-0.03202514739	0.04674761469	0.03145663734	-0.004862126898	-0.03236328144	0.02736469348	-0.0372057399	0.003174591647	0.01743312169	-0.04521733466	-0.03443098191	-0.0003933903359	0.02410748131	-0.02065227372	0.01507135449	-0.01180843114	0.003140020461	-0.01860039777	0.009487672485	-3.211167901e-05	-0.02968487291	-0.003115622289	-0.001764829948	-0.02522179768	0.01097646789	0.02078316183	0.06157102535	0.03419255454	0.003197764812	0.04449491655	0.03302082043	-0.001175620717	0.01726279326	0.002906512491	0.03085911498	-0.007828711691	0.01318098997	-0.01771616104	0.02416469913	0.001967215931	-0.02164074833	-0.0003732960888	0.08129272662	-0.009247289903	0.0878112763	0.01804725025	0.02480043281	0.04171591891	0.0625383526	0.05231291442	0.0607020603	-0.01336908137	-0.01349795863	0.02560108098	-0.007341689961	-0.003466286556	0.0745108111	-0.1138347542	-0.07536385596	0.02012728862	-0.00546488455	0.05929688575	0.05170226473	0.001601193572	0.05007925842	0.1016735651	-0.1170741849	0.03237246595	0.02405845316
0.05352399473	0.04735435392	0.07144656375	0.02940323584	0.08077578782	0.01258894572	0.08512470442	0.354578419	0.03246058973	-0.1673832513	-0.1656149164	-0.1631463419	-0.1558732534	-0.1698777547	-0.1466827489	-0.1517477734	-0.1708145353	-0.1540298613	-0.1470673179	-0.1526712498	0.03647256009	0.0468516488	-0.1692809604	-0.06516932313	-0.06065232854	-0.1427794117	-0.1737090631	-0.170588598	-0.1513517528	-0.04701764691	-0.1684635634	0.01473216212	0.0825670909	-0.1024565399	0.04039022771	-0.1716943651	0.1250887414	0.1403324373	0.1354748939	0.06318208538	0.04628894413	0.1124378662	-0.175427621	-0.04837512769	-0.1595061347	0.05982860087	-0.04288114496	0.05304382332	-0.06226318781	0.04505993083	-0.05776328133	0.03829308602	-0.1544329632	-0.1681684974	-0.1648730955	-0.05046726363	-0.06276235717	0.03050192292	-0.1587095648	-0.1521542759	-0.1575049346	-0.003108998724	-0.1716634277	-0.019478975	0.005022222984	0.01878280084	0.07429011821	0.0817940993	0.1224240141	0.1414045089	0.07881965384	0.04933218501	0.0494706705	0.06212211562	0.04419367757	0.04352211082	-0.0183908556	-0.0007988000448	0.0350299909	0.1079029055	-0.0423164924	-0.04209537713	0.03651440577	-0.02680891522	-0.004714509334	0.03854413204	0.05629763339	-0.01167710466	0.02031912469	-0.07439317375	0.04604098219	0.01930894933	-0.01893249217	0.1096737388	-0.01911887675	0.005391709202	-0.01411026884	-0.000477714254	0.06558455347	0.0156540696	0.004241037357	0.09083354693	0.09675632102	0.001445375588	0.05791994803	0.01412955315	-0.01146533468	0.04406665513	0.04089145307	0.0006677030324	0.04931648547	0.09934391071	0.04094149967	0.0009030475957	0.03905201321	0.01686696831	-0.008702237428	0.02373017904	0.04012853714	-0.02279830253	-0.001379950615	-0.002338570601	-0.04177940799	-0.08174641101	-0.01666803797	-0.006516316185	-0.1717089517	0.03659345854	-0.007783332063	0.008986381645	0.003346117835	-0.01445279249	0.02654606788	-0.005739488544	0.01586752902	0.04082013154	0.02873520906	-0.01304785074	-0.0003083870334	0.02435634823	0.08812012582	0.03494440392	-0.01146896193	0.03388950036	0.05281531146	0.04351707908	0.1483997795	-0.007675648155	0.08468309093	-0.01008628361	0.03132870517	0.06253669101	-0.04904190298	0.04286546251	-0.04129768996	0.03050945455	-0.06902937462	-0.09162000089	-0.04280410256	-0.005040695873	-0.01512308964	0.03349825493	0.02175932989	0.02579666992	0.0851356214	0.01506219921	-0.04167554712	0.0256517217	-0.07351920311	-0.003935886763	0.002226053607	-0.07603693054	-0.05337220049	0.07082484792	0.005581856012	-0.0112214043	0.01504480207	0.01570347697	0.07609596255	0.02566573683	-0.02405977706	-0.008396434946	0.06986441387	0.06523912568	-0.006739545009	0.005631354052	0.005219877314	0.05881027271	0.07584912923	0.04422189775	0.0216003629	0.06232888632	0.06162508346	0.01384167194	0.01727422559	0.06392813499	0.03978646482	0.02482116505	0.004819755452	0.01115781922	0.00366950174	-0.006311281417	-0.001069018073	0.01270212877	0.07461628957	0.01438877529	0.135408634	0.01631197489	0.004513850223	0.01603345987	0.03744755398	0.06011147112	0.1267783475	0.02544955677	-0.04205645784	0.0353511877	0.01285770842	-0.01123792198	0.070668147	-0.1346416833	-0.0892068186	0.05190169031	0.01190641775	0.1161429682	0.03964278612	-0.04969871774	-0.007029509686	0.06061739304	-0.1440813696	0.08447623429	0.0449604961
0.02865126795	0.0588878214	0.0250531593	0.09283549303	-0.005707048323	0.06607197596	0.01633044031	0.03246058973	0.3534794437	-0.1644071793	-0.1654971564	-0.1644938865	-0.1590032986	-0.1760589903	-0.1721474266	-0.1648046256	-0.1686261318	-0.165274605	-0.1678644879	-0.1657499442	-0.05776592092	-0.05339772798	-0.1714141533	-0.06226607535	-0.05986481259	-0.1743274057	-0.1782214104	-0.1698381221	-0.1704260716	-0.05934831085	-0.1725963088	-0.06427479863	-0.05736884242	-0.1246814127	-0.06653663795	-0.1749643795	0.03350508703	0.03152763713	0.05938792103	-0.03789669357	-0.05528181991	0.009214032409	-0.1766505439	-0.03705425802	-0.1768788433	-0.009044214802	-0.06817729118	-0.02189814751	-0.03906133931	-0.06422901401	-0.04422717767	-0.03085734184	-0.1768576027	-0.17396166	-0.1620694038	-0.05996377338	-0.05293600816	-0.04238835503	-0.1785113175	-0.1700012941	-0.1591948428	-0.03176561957	-0.1732329599	-0.06357143955	-0.06823444963	-0.03298630329	0.03250387055	-0.00562881099	0.0201885397	0.0173451116	0.0622870207	0.08172768494	0.07669514137	0.0772120128	0.1350935595	0.07682983353	0.123818798	0.06527331082	0.04687246833	0.07183461818	0.03265823492	0.06305861504	-0.006654388171	0.02131503968	0.07422391472	0.04630664914	0.09115378539	0.09027943588	0.02121299985	0.0532179415	0.02167789626	0.05039339413	0.01256529355	0.07765259587	0.02044895916	0.06344993898	0.05337131535	0.01926277842	0.03241505493	0.0442014804	-0.00524016057	0.07198271423	0.05766118352	0.08667279051	0.08564935253	0.002226102706	0.06220249651	0.03591475934	0.02313542893	0.06935353429	0.04801100023	0.008986637515	0.05059664862	0.03626628695	0.02533289158	0.01442040379	0.06032895058	0.04584695508	0.03953192332	0.07882611627	0.04414119917	0.04498479397	0.0257164779	-0.0002026235731	0.01160815239	0.01342254099	-0.1731376197	0.05537895675	0.06075217039	0.03226375561	0.02028028753	0.05000630195	-0.005263287172	0.00652179429	0.01953933931	0.0762947341	0.08505356211	0.05047836661	-0.003389728442	0.04781453207	-0.00436820362	0.01582491037	0.03489399251	0.1109930746	0.03210839183	0.03156496018	0.02931720415	0.06958287931	-0.009122538997	0.04724787937	0.04081655552	-0.03326083844	-0.01259707393	0.002229964506	0.01134893514	-0.01215778671	-0.01290101136	-0.02093319223	0.02913462964	0.001835367758	0.003761355916	0.08355891607	0.01543117597	0.08054782566	0.05501770588	0.03969228353	-0.05901609018	0.04668408955	0.01303594548	0.02260465643	0.03173704825	0.01860922467	-0.006359496495	0.02128758509	-0.0154691224	0.03679476992	0.05041867541	0.01144999216	0.07407160107	0.047726479	-0.008245607492	0.04157665501	0.01995729952	0.08149684795	0.1071830847	0.0754073274	0.01719788663	0.0414524015	0.0972858708	0.08519731934	0.01297705421	0.08453943226	0.002115266124	-0.007145241535	0.009362525479	0.004433688826	0.02953193	0.01885919755	-0.03331092011	0.1011646303	0.07349549807	0.06637627547	0.0755742508	0.09324684583	-0.02573765954	0.0932208005	0.01884027625	0.0003932800042	-0.01381030556	-0.07096708962	-0.06128693544	0.1129394022	0.01803414391	0.04554917578	-0.02424326536	0.08983440085	-0.01425097517	0.03461851862	-0.0754727812	-0.1637027594	-0.1203350934	0.04413874436	0.07991261637	0.006981272571	0.08717166521	-0.04787215833	0.05675164423	-0.05441571713	-0.158739031	0.09020838103	0.07158741059
-0.1472913748	-0.1650682491	-0.1515751045	-0.1831857644	-0.1139005062	-0.1119494651	-0.1409896783	-0.1673832513	-0.1644071793	1.222680348	1.10190716	1.123684321	1.085467629	0.581537283	0.6001425341	1.070671603	1.112398545	1.092315874	0.5166269602	1.045345398	-0.06565510996	-0.07907182105	0.5446635162	-0.004491139879	-0.002048317332	0.5641468383	0.5935094028	0.5952936119	0.5658867208	-0.007705242646	0.5731247557	-0.01916851428	-0.05419375253	0.5298172759	-0.0209808695	0.5894070675	-0.1732267283	-0.1726083697	-0.1901896696	-0.08178768143	-0.04680912947	-0.1658315109	1.034728216	0.05810712931	0.5966247124	-0.1141243181	0.03484806527	-0.07896637487	-0.03553771225	-0.05182870502	-0.01504396237	-0.07813579197	0.6232428214	0.5945558481	0.5564505739	-0.00436367869	-0.001603245296	-0.0728480758	1.035571864	1.056721094	1.024331302	-0.04464744888	0.5754979854	-0.03427767569	-0.04910500359	-0.06604951738	-0.1379328837	-0.08768508205	-0.1797882454	-0.184185546	-0.1773279194	-0.1640586396	-0.1639105022	-0.1818739069	-0.1591552202	-0.1904516281	-0.1494864565	-0.1609521316	-0.1807138637	-0.1802903919	-0.09312872399	-0.1145442777	-0.1696572555	-0.1121741238	-0.1712953094	-0.1719858171	-0.1652405202	-0.1363053354	-0.1761303749	-0.09407170585	-0.1257384376	-0.1786141421	-0.1246851321	-0.1981138314	-0.1216220366	-0.1764063169	-0.1561843107	-0.1530129953	-0.1876492472	-0.1891581322	-0.1567662204	-0.1821947763	-0.1371685879	-0.1758525034	-0.1388780453	-0.1432510495	-0.1578223315	-0.1796108889	-0.1583684612	-0.1313283715	-0.1728926169	-0.1697767329	-0.1351095654	-0.1648295574	-0.1722704774	-0.1938300284	-0.1691199115	-0.1696387016	-0.158885448	-0.1399853528	-0.1758624272	-0.1622126052	-0.129024508	-0.08864792511	-0.1553830651	-0.095202682	1.015878373	-0.1728554599	-0.1582083639	-0.190747389	-0.1495665338	-0.1579849409	-0.1366089154	-0.1642462712	-0.1389918244	-0.1935159727	-0.1377540413	-0.1583461201	-0.1620408835	-0.1368211481	-0.1425762262	-0.1615105362	-0.1419177668	-0.1662327173	-0.1841739112	-0.1556376037	-0.1860685764	-0.1632942179	-0.1598814184	-0.1438378355	-0.1841067566	-0.08853942244	-0.1064490164	-0.1282544934	-0.0856378924	-0.05486590424	-0.04241506559	-0.02175840308	-0.1049244091	-0.0933405961	-0.0641855317	-0.1470539368	-0.07267537194	-0.1698080245	-0.1912752313	-0.1588520164	0.0440438384	-0.1415810048	0.01846445559	-0.09612668226	-0.1108469092	0.03373053906	-0.08558617489	-0.1716880222	-0.09399299643	-0.1536439997	-0.1349355195	-0.1582322235	-0.1900809894	-0.1917177238	-0.1153522388	-0.1494089209	-0.1586512333	-0.1967123438	-0.1778130673	-0.1381203543	-0.1437279285	-0.1890384493	-0.1794252881	-0.1907694082	-0.1538196271	-0.1828852648	-0.1464217997	-0.1195010579	-0.1382877102	-0.1295584269	-0.1225901337	-0.1238942341	-0.08735058773	-0.155436876	-0.1446285971	-0.1356085275	-0.1455070379	-0.1673062241	-0.1031644933	-0.1288454919	-0.1193345743	-0.01567758277	-0.08696478295	-0.07329550632	-0.06365624377	-0.1714655815	-0.1738353932	-0.1434476044	-0.0951532772	-0.1907771342	-0.1469885343	-0.1286478756	-0.03753284706	0.9586805472	0.541716687	-0.1941610442	-0.17677103	-0.1771428678	-0.1876442847	0.05498801663	-0.1600040409	-0.1035835294	0.9367682977	-0.1657640319	-0.1590179071
-0.1547112051	-0.1609206595	-0.1605729058	-0.1811819886	-0.1058227633	-0.114693336	-0.1417916302	-0.1656149164	-0.1654971564	1.10190716	1.199200813	1.129570365	1.080989689	0.5642721635	0.5995845378	1.061827056	1.095304042	1.046771296	0.51505669	1.067995497	-0.06236981254	-0.07895511264	0.5400238404	-0.002271491512	-0.003601535019	0.5613404443	0.5743610542	0.5742785245	0.5626767035	-0.01079517292	0.5799389668	-0.01454606904	-0.05216640574	0.5169539794	-0.01849031097	0.5695515942	-0.1690471277	-0.1680234667	-0.1854054551	-0.07852379927	-0.04507803834	-0.161318232	1.007568864	0.05076744227	0.5720384349	-0.1086922347	0.03267082803	-0.07540379775	-0.02793287091	-0.04853870998	-0.005671050154	-0.06566524065	0.5997977364	0.5985537083	0.5408029309	-0.007747465193	-0.003508393561	-0.06689320844	0.9964657225	1.037470622	0.988597784	-0.03964862055	0.5571676575	-0.02574050047	-0.04431398	-0.05393890689	-0.1388414806	-0.08263846779	-0.1739141421	-0.1784304245	-0.1747638844	-0.1602899578	-0.1601896978	-0.1744675905	-0.1607030211	-0.1866109015	-0.148762022	-0.164551182	-0.1783978203	-0.1763416062	-0.08828275895	-0.113134574	-0.1654163542	-0.1123691499	-0.1689360392	-0.1674218268	-0.1623241716	-0.1336157899	-0.1727938161	-0.08437657803	-0.1309512	-0.172961475	-0.1241381839	-0.1946171395	-0.1182722031	-0.1728392342	-0.1534722392	-0.1484831462	-0.1860150933	-0.1877619387	-0.1527373528	-0.1778155234	-0.1259345134	-0.1814059036	-0.1381330094	-0.1368702934	-0.1565048525	-0.1759231534	-0.1551945819	-0.1396774208	-0.169308319	-0.1625474392	-0.1314919366	-0.1623380717	-0.1691286034	-0.189818933	-0.1662456563	-0.1687550027	-0.1562678299	-0.1386753316	-0.1725952809	-0.1597488062	-0.1296325976	-0.08993549426	-0.1531196754	-0.0876798504	0.9903379283	-0.1688424233	-0.1567670975	-0.1789180887	-0.1457137327	-0.1548489582	-0.1327705005	-0.160189953	-0.1320536708	-0.1897410839	-0.1598101069	-0.1547808581	-0.1608558829	-0.1534376781	-0.1368675568	-0.1668248041	-0.1383586384	-0.1622197283	-0.1800459769	-0.1524117834	-0.1799860016	-0.1613057575	-0.1533157813	-0.1400785045	-0.177157266	-0.07618709614	-0.1007536376	-0.1192886837	-0.07653787713	-0.07609190573	-0.03429325743	-0.01196924074	-0.09574004076	-0.08353358721	-0.06347150554	-0.1446995849	-0.08339635882	-0.1680487735	-0.1878839554	-0.1695986879	0.03503270031	-0.1383996633	0.02129669416	-0.09078231183	-0.1061817864	0.03950138396	-0.08908488625	-0.167254809	-0.09457680977	-0.1644798834	-0.1312226781	-0.1545056242	-0.1865351126	-0.18969509	-0.1045202447	-0.156193129	-0.1574599609	-0.1949803975	-0.1839672731	-0.1355629052	-0.1390324586	-0.186733102	-0.1733520816	-0.1871373326	-0.148043748	-0.1784833338	-0.1406989619	-0.1181229133	-0.1343056714	-0.1276689464	-0.1205504039	-0.1170524075	-0.08633407051	-0.1536361142	-0.150476333	-0.142655571	-0.1417342748	-0.1641853833	-0.0990273822	-0.1273854087	-0.1149958195	-0.02440610608	-0.08452943538	-0.07451531955	-0.06607535913	-0.1654695788	-0.1648353466	-0.141829285	-0.09048790689	-0.188883617	-0.1433820181	-0.1245789842	-0.03861738753	0.9361993461	0.5298610547	-0.1905879149	-0.1720822356	-0.1763359008	-0.1855725126	0.05254192237	-0.1594189992	-0.1012771473	0.9050029197	-0.1603353924	-0.1545852277
-0.1569280273	-0.1659877154	-0.1641719805	-0.1840650338	-0.1089320549	-0.1129562634	-0.1365111639	-0.1631463419	-0.1644938865	1.123684321	1.129570365	1.218603368	1.07921469	0.5749610188	0.6016261758	1.088269021	1.10633719	1.074991056	0.5155281751	1.075235268	-0.06306434417	-0.07341644791	0.5432483067	-0.006404327314	-0.001610674522	0.5647454376	0.583716853	0.5823334335	0.5650031545	-0.00455652694	0.5756078445	-0.01078855108	-0.0497141741	0.5233724875	-0.01308130818	0.5786265037	-0.1731963359	-0.172287727	-0.1896512536	-0.08286945085	-0.04871465787	-0.1661458944	1.025866901	0.05742142488	0.5805515376	-0.1147811558	0.0409787115	-0.07185867115	-0.02722369113	-0.0473454311	-0.009754611521	-0.06163053012	0.6121844151	0.6077139784	0.5533434551	-0.001500741723	-0.0005081276744	-0.06867331447	1.019745568	1.056128491	1.008793049	-0.04227742062	0.567096434	-0.02832759111	-0.03912235374	-0.05206337986	-0.1416062918	-0.08645369044	-0.17777494	-0.1826738964	-0.1790503823	-0.1649102039	-0.1649698778	-0.1807190237	-0.1609117736	-0.1898539296	-0.1502844079	-0.1609561933	-0.1834793786	-0.1800261901	-0.09287002442	-0.115471498	-0.1708219376	-0.1138688623	-0.1754516243	-0.1711984077	-0.1627463963	-0.136459119	-0.1785840027	-0.08697284601	-0.1345682184	-0.1759449277	-0.1248876434	-0.1988053972	-0.1215491597	-0.1767250935	-0.1554577732	-0.1523028692	-0.1904907828	-0.1892817912	-0.1561653411	-0.1831228986	-0.1318819994	-0.176795024	-0.1417354678	-0.1418460832	-0.1606011574	-0.1769321751	-0.1594216351	-0.1408589494	-0.173407437	-0.1687278208	-0.1332829271	-0.1661722251	-0.1733084392	-0.1931747674	-0.1714262952	-0.1722420042	-0.1617245853	-0.1412780518	-0.177418651	-0.1630815555	-0.1313251942	-0.08804744723	-0.155900637	-0.09314023046	1.007750904	-0.1723342776	-0.1606635989	-0.1850524082	-0.1488826385	-0.158757908	-0.1361878419	-0.1653861106	-0.1383095921	-0.1935215749	-0.1393973447	-0.1578477732	-0.1645604308	-0.1372931474	-0.1419939865	-0.1702597613	-0.1434415296	-0.166505072	-0.1841873156	-0.1581780311	-0.1847042721	-0.1651150394	-0.1573521769	-0.1440224555	-0.1783731988	-0.08073560153	-0.1084664892	-0.1221387209	-0.08192931745	-0.06350294243	-0.03953116258	-0.01721662735	-0.1002419574	-0.08815885383	-0.06533484783	-0.1488548718	-0.0707013748	-0.1696307623	-0.1919951903	-0.1721595207	0.04567664989	-0.1345436239	0.02666121133	-0.08742399311	-0.1033502041	0.04626928108	-0.08597637583	-0.1737252959	-0.09787081567	-0.1624073762	-0.1278038659	-0.1591081452	-0.1888067256	-0.1944573696	-0.1077857084	-0.1581434907	-0.1604798982	-0.1974984411	-0.1797766403	-0.1416477271	-0.1431839465	-0.1928368116	-0.1780554176	-0.1899280531	-0.1535620457	-0.1827408962	-0.1461512776	-0.1215952564	-0.1392427262	-0.1305193901	-0.1247959748	-0.1224048565	-0.08714259621	-0.1571315417	-0.1466390792	-0.1382691806	-0.1430950588	-0.1689229456	-0.1071367724	-0.1267680058	-0.1186191897	-0.01408680129	-0.08327130423	-0.0704116273	-0.06325823154	-0.1700604805	-0.1729920166	-0.1444130794	-0.0941962766	-0.1924492901	-0.147923511	-0.1294327082	-0.03736344467	0.9552732925	0.5369968079	-0.1956951611	-0.1753784128	-0.1810349309	-0.1884764522	0.06066446763	-0.1608699605	-0.1048948234	0.9265822014	-0.1653850555	-0.1573987225
-0.1446152192	-0.1539567417	-0.1525199781	-0.171962353	-0.1032108455	-0.1080515078	-0.132761692	-0.1558732534	-0.1590032986	1.085467629	1.080989689	1.07921469	1.13822512	0.5512245915	0.5596799312	1.050537489	1.053219639	1.054911758	0.4909051296	1.03148665	-0.05663112828	-0.07170526663	0.5071544638	-0.007215389968	-0.005755357615	0.541719635	0.5580976972	0.5471512215	0.5347215245	-0.01106741713	0.5411325316	-0.01778728853	-0.04398189041	0.5105488073	-0.00959607763	0.5472946105	-0.1630929559	-0.1628456143	-0.1804034134	-0.07480352638	-0.04452132763	-0.1563777672	0.9831713407	0.04053901023	0.5519699828	-0.1055654507	0.04157324177	-0.0748463739	-0.04061240988	-0.05351370609	-0.01631278144	-0.06912233576	0.5770000431	0.5581926634	0.544818301	-0.008503019241	-0.007153389209	-0.06439110092	0.9910865725	1.01673337	0.969198457	-0.0425069002	0.5315789909	-0.02744368738	-0.03943902598	-0.05649667731	-0.1456081079	-0.08748130742	-0.1699971139	-0.1732593658	-0.166951018	-0.1692774383	-0.169159038	-0.1696298596	-0.1540557607	-0.1780474315	-0.1441800547	-0.1576656812	-0.173126479	-0.1715450741	-0.09814077401	-0.1185033222	-0.1601623247	-0.1119543014	-0.1618004235	-0.1622756614	-0.1579047468	-0.1266265068	-0.1661927793	-0.09778813716	-0.1262507329	-0.1671297959	-0.117218583	-0.1871956399	-0.1233143897	-0.1657056465	-0.1456857736	-0.1431314319	-0.1757942643	-0.1778975608	-0.1478788719	-0.1719716842	-0.1276531272	-0.1723911085	-0.1315012883	-0.133513564	-0.1492325825	-0.168737013	-0.1480124869	-0.1336369194	-0.1633838652	-0.1592868136	-0.131976834	-0.153463223	-0.1628973008	-0.1805381252	-0.1590133378	-0.1640005617	-0.1505880917	-0.1317211315	-0.1655982653	-0.1531694912	-0.1236431683	-0.1022736517	-0.1469463348	-0.09386364267	0.9663271612	-0.1630430353	-0.14933352	-0.1818327267	-0.1403828797	-0.1475467221	-0.1275740894	-0.1551037206	-0.1289187134	-0.1814903634	-0.1339771227	-0.1472523368	-0.1532054591	-0.1396570324	-0.1332157449	-0.1604187961	-0.133920692	-0.1616336182	-0.1765121954	-0.1485938794	-0.1749512849	-0.1548072343	-0.14984904	-0.1358194366	-0.1745360645	-0.07665337054	-0.09739034017	-0.1196405481	-0.07484916638	-0.06465836949	-0.04622684263	-0.02566288926	-0.0938722777	-0.08490748307	-0.05699156292	-0.1412049227	-0.06682666894	-0.1614227432	-0.1788384844	-0.1599645073	0.04719647228	-0.1363581334	0.0112676746	-0.09093045968	-0.1062138197	0.0210322042	-0.08467868117	-0.1608100096	-0.1003529293	-0.1548718479	-0.1295765764	-0.1460108414	-0.1811062776	-0.179621056	-0.1057553591	-0.1468467775	-0.1476687684	-0.1862427928	-0.1743175532	-0.126938092	-0.1312632082	-0.1776197913	-0.1704422431	-0.178800139	-0.1431304176	-0.1732753365	-0.1350751793	-0.1103519817	-0.1284735103	-0.1205377397	-0.1210525505	-0.1203089786	-0.08632482968	-0.1627497862	-0.1577279869	-0.1491604059	-0.1399009901	-0.160222581	-0.0986329272	-0.1270952813	-0.1200967031	-0.02841258008	-0.08213573652	-0.06837588083	-0.06305293818	-0.162934249	-0.1622989078	-0.1372674145	-0.1006579183	-0.1798802403	-0.1387702241	-0.1229857317	-0.02644142123	0.9227990611	0.5216746736	-0.1845996878	-0.1650779279	-0.1673638819	-0.1759930635	0.06154655987	-0.1512233191	-0.09511418617	0.9082706509	-0.1554277594	-0.1472225646
-0.1599940307	-0.1518734491	-0.1582499317	-0.175315732	-0.1106444901	-0.1038949462	-0.120887559	-0.1698777547	-0.1760589903	0.581537283	0.5642721635	0.5749610188	0.5512245915	1.180355155	0.9798224514	0.5481342897	0.5692998437	0.5827542441	0.938679134	0.5369876283	-0.05146886452	-0.06085373705	0.9666957514	0.03429071814	0.02869122491	1.007246962	1.02291834	1.064217289	0.990135985	0.002121314775	0.9970951314	-0.0075675734	-0.006738921157	0.4614092632	0.01665681195	1.028994126	-0.1689796758	-0.1729115344	-0.1888703912	-0.07584589254	-0.02727547509	-0.1706856671	0.5576875269	0.05828224539	1.016279306	-0.1164823922	0.0622655701	-0.06956185679	-0.01687678486	-0.05364408819	0.01937242341	-0.04339767319	1.016244735	1.005230166	1.003138004	0.009953283108	0.01414109297	-0.06068722164	0.5638658585	0.5656930782	0.5340887171	-0.07087569775	1.02359868	-0.01200038649	-0.02522433953	-0.02475246416	-0.1283138612	-0.0673025161	-0.1584241626	-0.1821857072	-0.1719163989	-0.1517472469	-0.1514252167	-0.1790543338	-0.1713330388	-0.185968223	-0.1446293848	-0.1399665757	-0.1844206119	-0.1849850899	-0.1050845031	-0.1262732437	-0.1699784181	-0.1079077146	-0.1735215245	-0.1707464702	-0.1649712266	-0.1514495042	-0.1800185238	-0.0971875733	-0.1356474455	-0.184923768	-0.1093339349	-0.1984893919	-0.1330915024	-0.1785420624	-0.1669541514	-0.1577660764	-0.1856041978	-0.1686497928	-0.1632889437	-0.1793315788	-0.1255236413	-0.1508212905	-0.143959955	-0.1330295706	-0.1683644032	-0.1564831232	-0.1451421169	-0.1517501936	-0.1718350488	-0.1730595517	-0.1440505163	-0.1595354888	-0.1699226473	-0.1732310413	-0.1727791926	-0.1752895982	-0.1781144026	-0.1562061457	-0.1791347811	-0.1512579867	-0.117013894	-0.05925237902	-0.1308003081	-0.1063063211	0.5472270492	-0.1701970754	-0.1675381394	-0.1924618809	-0.1552901513	-0.1665546242	-0.1396402929	-0.1632810565	-0.1289866227	-0.192696039	-0.1290252209	-0.1670244598	-0.1549695149	-0.1407108061	-0.121022895	-0.1693746099	-0.1450037	-0.1743782976	-0.1909018955	-0.1763841489	-0.1838826089	-0.1632601521	-0.1393655175	-0.1493402648	-0.1658688928	-0.06419452509	-0.08113192201	-0.1078548083	-0.05988516633	-0.02014263383	-0.0113425837	0.01062536724	-0.08515250389	-0.07144918779	-0.03805142254	-0.145021718	-0.04802181535	-0.1739867247	-0.1900847692	-0.1748051654	0.02815001832	-0.1299781751	0.01845090861	-0.08669525688	-0.09722591946	0.02265550199	-0.06576572139	-0.1741323767	-0.06249375868	-0.1652532064	-0.1264217347	-0.1612168127	-0.1936273958	-0.1892209311	-0.1069288975	-0.1580111815	-0.153800408	-0.1887795091	-0.1627191361	-0.1421845777	-0.1422652048	-0.1859915552	-0.1800947315	-0.1867505423	-0.1518630752	-0.1825028139	-0.1375450636	-0.1067268746	-0.1282137784	-0.1338043615	-0.09959270179	-0.145762788	-0.06180661448	-0.1590260906	-0.1264655174	-0.1167728341	-0.156211913	-0.1737666643	-0.08174069688	-0.1597534962	-0.1045254052	-0.00674952297	-0.07059813429	-0.04794975261	-0.07031441071	-0.1736767204	-0.1577490596	-0.1534882969	-0.09052440845	-0.1887182407	-0.1523597425	-0.1299219941	-0.04301311826	0.518487645	0.4635281835	-0.1773956559	-0.1542689088	-0.18210553	-0.1865645871	0.08189983021	-0.1384299337	-0.07616041057	0.4985978759	-0.1686316419	-0.1406271472
-0.1774063063	-0.1622755476	-0.1642835811	-0.1840332338	-0.1184022593	-0.1109256937	-0.1096907222	-0.1466827489	-0.1721474266	0.6001425341	0.5995845378	0.6016261758	0.5596799312	0.9798224514	1.192175827	0.5593718236	0.5935308595	0.6071010469	0.9580614064	0.5507943493	-0.02573337575	-0.03332230931	0.9661667338	0.01591589815	0.007593961252	0.9955526409	0.9736677616	0.9815771001	0.9963174493	0.0119546139	0.9819595408	0.00786788377	0.01153914199	0.490561642	0.01925461027	0.9754248288	-0.1742088899	-0.1770561093	-0.1936863222	-0.0786708463	-0.03280631696	-0.1655400882	0.5800564265	0.07770748989	0.9921817179	-0.1088586279	0.0475655399	-0.06763753178	0.001639882462	-0.01286325734	0.01808745188	-0.0266703617	0.9884170975	0.9732982105	0.9428936942	0.01566721968	-0.002114726402	-0.04878944222	0.5876901519	0.6067868987	0.5639670382	-0.04827711287	0.9749718457	-0.01992516203	-0.01281117076	-0.01456464322	-0.1336034684	-0.08037190906	-0.156967276	-0.1820207492	-0.1820249765	-0.1652154501	-0.1653008466	-0.1844524276	-0.1689648428	-0.1952221048	-0.1453231975	-0.1494314317	-0.1861764254	-0.1889006909	-0.0993657934	-0.1217818839	-0.1850538784	-0.1035094932	-0.1769192359	-0.1852514138	-0.1721143221	-0.1457796176	-0.18257211	-0.06638895579	-0.1493255568	-0.1680154832	-0.1250084619	-0.2059829752	-0.1299728541	-0.1791586532	-0.1647247859	-0.1631002048	-0.1967467339	-0.1828295211	-0.1677309916	-0.1876380897	-0.1171657496	-0.1663860227	-0.1500332491	-0.1435772357	-0.1661308626	-0.1680164973	-0.1531213906	-0.1471031085	-0.1854220894	-0.1627969095	-0.1375210039	-0.1721697996	-0.1871933459	-0.1821289764	-0.1762195434	-0.1802779986	-0.1792510451	-0.1521664682	-0.180950144	-0.1540765234	-0.1258285102	-0.06022924932	-0.1402914061	-0.08749935188	0.569039212	-0.1761050978	-0.1660724676	-0.1703276009	-0.1610319501	-0.1605862228	-0.1623314223	-0.1731273783	-0.1301036173	-0.1986448961	-0.1239180593	-0.1645643257	-0.1601559588	-0.1221499897	-0.1188769495	-0.1784914751	-0.1512625176	-0.1697330958	-0.1921495764	-0.1775440048	-0.183791333	-0.1742929673	-0.1365817103	-0.1545875701	-0.1519805956	-0.05150558691	-0.08599277024	-0.08082787688	-0.05754829401	-0.0195544843	-0.009317577845	0.01297922571	-0.07919538845	-0.05746427948	-0.02784727207	-0.1408688874	-0.03853270981	-0.1882263421	-0.2010778949	-0.1789989229	0.05599461103	-0.1169451204	0.03809918151	-0.06999604358	-0.08751029654	0.05378657781	-0.07911637359	-0.1822780777	-0.06672136343	-0.1733387369	-0.1100081241	-0.1649446354	-0.2000675344	-0.2017929308	-0.09732133695	-0.1666419714	-0.1725686814	-0.200481562	-0.1705121109	-0.1505362538	-0.142387871	-0.1985898927	-0.1823828262	-0.1961763969	-0.1560930803	-0.1880210378	-0.1447795143	-0.1024269676	-0.1252748437	-0.1378941878	-0.1085979215	-0.1385251445	-0.07093070747	-0.156941393	-0.1354644572	-0.1239673262	-0.1447516913	-0.1694633277	-0.07182376803	-0.1514239376	-0.1105244536	-0.005364721659	-0.08349357934	-0.03374798834	-0.03028465193	-0.175735111	-0.1593143395	-0.1544004283	-0.09188691851	-0.1973419382	-0.1580139153	-0.1380453315	-0.01517251461	0.5544506977	0.494758458	-0.186024993	-0.1566295699	-0.1799863437	-0.1954779408	0.07116916606	-0.1499050591	-0.08150648811	0.5162638534	-0.1782805424	-0.153625947
-0.1447067123	-0.1481458662	-0.1525510771	-0.1710168948	-0.09298226182	-0.09896344981	-0.1218655012	-0.1517477734	-0.1648046256	1.070671603	1.061827056	1.088269021	1.050537489	0.5481342897	0.5593718236	1.176292912	1.048854526	1.031037531	0.4893981166	1.118319547	-0.04254900327	-0.05943332967	0.5076261852	-0.01620196914	-0.01686521338	0.5335898901	0.5540058832	0.557244459	0.5268281053	-0.01325353175	0.5330970709	-0.009237350403	-0.03841087852	0.5044747885	0.00236529487	0.5536725189	-0.1600792352	-0.1583029457	-0.1764429949	-0.0664630651	-0.0321220902	-0.1479528146	0.9730572275	0.03151440713	0.5614301972	-0.1064419384	0.05679395788	-0.0666602473	-0.04066328947	-0.02952793281	-0.01532043254	-0.06433815252	0.5830083083	0.5659681849	0.5584473855	-0.01781970534	-0.01638438172	-0.05828626906	0.9700587034	1.006410614	0.9598332932	-0.03857786389	0.5371463721	-0.01720143458	-0.02623212313	-0.05016407023	-0.1556971734	-0.08856238475	-0.1665667612	-0.1709728211	-0.1628734376	-0.1810338646	-0.1808257914	-0.1670664162	-0.1668782295	-0.1761365391	-0.1592240258	-0.1658131177	-0.1688734142	-0.1747798242	-0.1070037618	-0.1304479945	-0.157651832	-0.107994906	-0.1639503268	-0.157097096	-0.1511993413	-0.1381310988	-0.1663132235	-0.1074337404	-0.1196042604	-0.1688658286	-0.1141526048	-0.1871129868	-0.1400061581	-0.1646558507	-0.1446705735	-0.1383609342	-0.1769740796	-0.1770764985	-0.1433239179	-0.1698926961	-0.1201584625	-0.181219486	-0.1306860561	-0.1311980261	-0.1458788612	-0.1694794676	-0.1459758787	-0.1273893851	-0.1598767367	-0.1553866481	-0.1225640144	-0.1528736207	-0.1602197838	-0.180763147	-0.1580821775	-0.1580910535	-0.147793452	-0.1444379078	-0.1643249636	-0.1526832479	-0.1208811402	-0.1126881349	-0.1425965341	-0.08592058036	0.9567587229	-0.1582756946	-0.1467324467	-0.1759109761	-0.1345176087	-0.1452421847	-0.1236154431	-0.1536007019	-0.1293005807	-0.1800290853	-0.1390247997	-0.147221842	-0.1526217961	-0.1391505711	-0.1284018858	-0.1568297553	-0.1312543003	-0.1711738572	-0.1724619894	-0.1440113896	-0.1721244427	-0.1684589033	-0.1455743436	-0.1333192562	-0.1814643145	-0.07332318732	-0.108947312	-0.1266995501	-0.08725000867	-0.07235118715	-0.06645658625	-0.04407625247	-0.1047274705	-0.09610174342	-0.07206027314	-0.1457221334	-0.06071738216	-0.1569686025	-0.1804385907	-0.1570495086	0.05197385769	-0.1424697057	-0.002255701262	-0.09733865402	-0.1075303386	0.01974996459	-0.08947675126	-0.1619640652	-0.111435519	-0.1546297758	-0.1355724716	-0.1483786737	-0.1778811292	-0.181192303	-0.1076590339	-0.1450577018	-0.1504293157	-0.1874633126	-0.1811640694	-0.126503278	-0.1330455786	-0.1787291574	-0.1636074901	-0.1767836456	-0.1392976975	-0.1731325218	-0.1341447552	-0.114780954	-0.128412581	-0.1227629651	-0.1295267404	-0.1127947816	-0.09512015079	-0.181111579	-0.1760170553	-0.1657046026	-0.1371785379	-0.1712766467	-0.08563060547	-0.122911351	-0.1205275485	-0.03912887211	-0.07863155798	-0.05637311626	-0.05186963978	-0.1562175684	-0.1613168809	-0.1321728229	-0.1027667211	-0.1789980667	-0.1344702543	-0.1213209389	-0.02483428668	0.9234082438	0.5199234041	-0.1834334944	-0.1625795318	-0.1762333975	-0.1742271142	0.06601658659	-0.1489923477	-0.09078100879	0.8957519201	-0.154784241	-0.1495221947
-0.1479702448	-0.1625713869	-0.1508393894	-0.1817122661	-0.112037899	-0.1095890456	-0.1351133505	-0.1708145353	-0.1686261318	1.112398545	1.095304042	1.10633719	1.053219639	0.5692998437	0.5935308595	1.048854526	1.210044459	1.077343161	0.5137619135	1.057003449	-0.06306420611	-0.07549598593	0.5405764298	-0.001771306151	0.002183574337	0.568431896	0.5889083533	0.5839565855	0.5664856147	-0.00476663318	0.5782034867	-0.01504852739	-0.05474583211	0.5214466182	-0.0144617438	0.5784158509	-0.1696961761	-0.1705182911	-0.1878821684	-0.07663066572	-0.0417698897	-0.1638819865	1.016929569	0.04981288471	0.5851807083	-0.1100593013	0.03258132656	-0.0716065676	-0.03265130511	-0.04940935624	-0.006191155983	-0.06916912113	0.6214293938	0.5765408694	0.545834019	-0.00327592779	-1.512861076e-05	-0.0661292481	1.01290681	1.039300456	1.005768136	-0.04805583611	0.5686763773	-0.02618863152	-0.04445103386	-0.06027130214	-0.135558042	-0.08521878456	-0.1755411818	-0.186506262	-0.176524529	-0.1657451397	-0.1656620662	-0.1819863904	-0.1610037085	-0.1874338973	-0.1496447941	-0.1593286116	-0.1807630948	-0.1794674655	-0.09235672223	-0.111906524	-0.1676046805	-0.1103709681	-0.1725135357	-0.1696533097	-0.1603285866	-0.1346999248	-0.1754841178	-0.08758424701	-0.1237122119	-0.1785441347	-0.1278994801	-0.2007904993	-0.119005005	-0.1774525173	-0.1571685649	-0.1514129072	-0.1860840836	-0.1854173435	-0.1542107925	-0.1830710484	-0.1349133037	-0.1768323466	-0.1392949364	-0.1447404363	-0.1600000609	-0.1776561267	-0.157584669	-0.1303077173	-0.1710429489	-0.1647390831	-0.1271413842	-0.162365422	-0.1715977021	-0.190632487	-0.1712587696	-0.1686013298	-0.1578356905	-0.1412914377	-0.174852268	-0.1586420498	-0.1258542928	-0.08435170496	-0.1492802996	-0.0944699395	0.9986998619	-0.1698092359	-0.1611943604	-0.1858257034	-0.1469531596	-0.1571484142	-0.1362481556	-0.1618210473	-0.1345332221	-0.1934465974	-0.1515068345	-0.1594297209	-0.1633246868	-0.1544870237	-0.1373141889	-0.1596733237	-0.1419343139	-0.1649314835	-0.1821822843	-0.1541816796	-0.1871096648	-0.1639456593	-0.1541113851	-0.143700561	-0.1706317038	-0.07883870996	-0.1035416678	-0.1228794066	-0.0814749301	-0.06956135707	-0.03849944927	-0.0104159883	-0.0981894309	-0.08988761018	-0.05986764138	-0.1514842293	-0.07994560684	-0.1698530906	-0.1901772262	-0.1598954771	0.03520058168	-0.1304835565	0.02312036013	-0.08395590324	-0.09746199156	0.04610630053	-0.08543126431	-0.1719337189	-0.09088014462	-0.1541875128	-0.1231683993	-0.1574076174	-0.1874644237	-0.191705921	-0.1086353155	-0.1493544923	-0.1593932393	-0.1979851128	-0.1785107431	-0.1377956822	-0.1432122444	-0.1891123704	-0.178643698	-0.1886349063	-0.1514169993	-0.1805960658	-0.1449583455	-0.1195832207	-0.1361602545	-0.1317418742	-0.1189932021	-0.1209417248	-0.08672677969	-0.1575019882	-0.1448028784	-0.1356845555	-0.1429847958	-0.1704176435	-0.09170930757	-0.1261603182	-0.1224171417	-0.0215273588	-0.08081846938	-0.07285840481	-0.06804359507	-0.171098747	-0.1746265637	-0.143037701	-0.09481503279	-0.1922390875	-0.1469754528	-0.12946057	-0.04079889119	0.9500485557	0.5337965636	-0.1912033429	-0.1688120951	-0.1781538715	-0.1861530637	0.052288342	-0.1568584258	-0.09884224328	0.9238845493	-0.1650699422	-0.1548841036
-0.1477877697	-0.161824528	-0.1504499791	-0.1822975173	-0.10907311	-0.1123429493	-0.1334142744	-0.1540298613	-0.165274605	1.092315874	1.046771296	1.074991056	1.054911758	0.5827542441	0.6071010469	1.031037531	1.077343161	1.213300966	0.5157864733	1.006872017	-0.06097669415	-0.07353741207	0.5445779743	0.005876919788	0.004023483486	0.5826150359	0.5983725884	0.5912587272	0.566106809	-0.01388665236	0.5732026137	-0.03238961071	-0.04982563718	0.5206153055	-0.008867697605	0.5926899868	-0.1716855105	-0.1746889024	-0.1918453532	-0.07998801145	-0.04577067868	-0.1677300962	1.026941555	0.0593382134	0.5960852353	-0.1159180446	0.03685525248	-0.06957404087	-0.03084460724	-0.05592197034	-0.001329079872	-0.07081109661	0.6238457073	0.5903118022	0.5596703259	-0.01144377901	-0.008695284504	-0.06853606554	1.018247448	1.029332264	0.9953114856	-0.05964093502	0.5791719264	-0.02970354012	-0.04061751879	-0.05889399151	-0.1276191397	-0.08201199426	-0.1668106782	-0.1771610638	-0.1733758393	-0.1575879814	-0.1576417991	-0.179962693	-0.1598993423	-0.1888246236	-0.1454348821	-0.1605261181	-0.1874830439	-0.1828800546	-0.1057540061	-0.1161824056	-0.1721834107	-0.1217269974	-0.1725958764	-0.173661494	-0.1650736671	-0.1341489114	-0.1743626804	-0.09213754736	-0.1260866705	-0.1792209368	-0.1227244878	-0.1984990996	-0.1204990438	-0.1773083066	-0.1561981568	-0.1545836327	-0.1855894483	-0.1845150405	-0.1582400791	-0.1790771942	-0.1305270525	-0.1760657066	-0.1413070408	-0.1420442973	-0.1587559955	-0.1626112715	-0.1576215697	-0.1335729813	-0.172092673	-0.1692937403	-0.1416413305	-0.162840125	-0.1730373348	-0.1897371612	-0.1691702046	-0.1653652305	-0.1767725713	-0.1400930423	-0.1753387321	-0.1523136342	-0.1302319371	-0.08660135063	-0.1510321078	-0.1082058843	1.007517803	-0.1639940726	-0.1585894582	-0.1896448756	-0.1506801504	-0.1588149137	-0.1393093067	-0.1670400637	-0.1361163791	-0.1828677133	-0.1299577706	-0.1587518016	-0.1641316668	-0.1437928299	-0.1287291753	-0.1612271203	-0.1441129511	-0.1682772054	-0.1891139511	-0.1753312835	-0.1786171205	-0.1630707245	-0.1467913414	-0.146956156	-0.1815154143	-0.0769729206	-0.1034111931	-0.1177952839	-0.0804917511	-0.0445257121	-0.03316854185	-0.01062138533	-0.08948020744	-0.08773942769	-0.06241511949	-0.1494634877	-0.05733908237	-0.1738170375	-0.191064339	-0.1577200247	0.03645503443	-0.1340961183	0.0227740544	-0.08699934842	-0.1015575807	0.03087053677	-0.08753313104	-0.1685734607	-0.0823133389	-0.1542169975	-0.1273173862	-0.1566487303	-0.1919481064	-0.1902476934	-0.1141681738	-0.1486374978	-0.1582189899	-0.1975670391	-0.1673142685	-0.1297057338	-0.1335896381	-0.1861601248	-0.1798865009	-0.1888027626	-0.1535403021	-0.1811295794	-0.1441154902	-0.1171837349	-0.1355455396	-0.129091068	-0.116918216	-0.1356204174	-0.08213977156	-0.1560453499	-0.1427104913	-0.1339166547	-0.1501746922	-0.1716909387	-0.09692200934	-0.1429338749	-0.1089487389	-0.009620451866	-0.08969495631	-0.06771775463	-0.06763244051	-0.1724403529	-0.1655757454	-0.14853303	-0.09689926532	-0.1908069286	-0.1491939444	-0.1325996408	-0.02983245669	0.9500414906	0.5213989564	-0.1825626598	-0.1710235657	-0.1781241536	-0.1876600965	0.0578240074	-0.1523582154	-0.09830593664	0.9129854544	-0.15776536	-0.1480898885
-0.1973511029	-0.1365375473	-0.1634734865	-0.1798736165	-0.1501758483	-0.09041229401	-0.1118915699	-0.1470673179	-0.1678644879	0.5166269602	0.51505669	0.5155281751	0.4909051296	0.938679134	0.9580614064	0.4893981166	0.5137619135	0.5157864733	1.17519031	0.4968611422	0.01045496147	-0.003622984656	0.9440565281	0.0472217189	0.04618774023	0.9298525286	0.9193716826	0.9644994572	0.9395888175	0.04656309966	0.9179995271	0.001039436301	0.00743878549	0.5094448205	-0.01262917417	0.9169413753	-0.1684494556	-0.1734546623	-0.1891186296	-0.1131338022	-0.0742396341	-0.1219791911	0.5081964839	0.09004928533	0.9388519922	-0.06744212785	0.006404586595	-0.06844102799	0.04688713308	0.01554711996	0.05612551176	-0.03421723618	0.928733695	0.894634148	0.8909073923	0.05054605509	0.03368929617	-0.02202889375	0.510060497	0.5244163132	0.4899244	-0.008204175132	0.9193981125	-0.05740672324	-0.05586494018	-0.01662455039	-0.1137894767	-0.07407082783	-0.1699527333	-0.1865492412	-0.1703004124	-0.1541861198	-0.1543798543	-0.166713967	-0.1766209617	-0.1915566635	-0.1245874261	-0.1276750648	-0.1836907866	-0.186831759	-0.06235595812	-0.09797384516	-0.175823989	-0.1120739379	-0.1790981817	-0.17608414	-0.1633351932	-0.148604938	-0.1679290741	-0.04198598161	-0.1359882805	-0.1572116315	-0.08853644293	-0.1992619351	-0.1365964841	-0.1678172125	-0.1518644048	-0.1489597879	-0.1876218121	-0.1555970192	-0.1507893756	-0.1791836568	-0.1239920699	-0.1421151559	-0.1560942127	-0.1177085878	-0.1427267281	-0.1358266861	-0.1322126744	-0.1419743211	-0.17753067	-0.1229581344	-0.1491879888	-0.1655806027	-0.176288027	-0.1482577204	-0.1787782766	-0.1658535124	-0.1775726544	-0.1592169577	-0.1671390034	-0.1244110613	-0.09884360106	-0.02300336142	-0.1140818929	-0.09595092743	0.4996211859	-0.1613706531	-0.1429446386	-0.1332462273	-0.1478540541	-0.1471073558	-0.1786562492	-0.1533927041	-0.1622317551	-0.1733524608	-0.1125826702	-0.1517063143	-0.1405195798	-0.115473162	-0.1323727649	-0.1732003783	-0.1515621851	-0.1705036884	-0.188833553	-0.1744852544	-0.1872887188	-0.1675024237	-0.1503595515	-0.1554234133	-0.09293200151	-0.09452633131	-0.07319621869	-0.08589016851	-0.06713832486	-0.01839776929	-0.01076888327	0.008695463182	-0.08548489257	-0.04529952056	-0.06468827717	-0.1274552497	-0.02127157899	-0.1792955471	-0.1953517676	-0.1668892317	0.07737977756	-0.09754638066	0.03949465852	-0.0562973777	-0.07282520454	0.05513864446	-0.08574774157	-0.1760145733	-0.07852263214	-0.152019003	-0.09641784056	-0.15431655	-0.1904482927	-0.194136802	-0.08700294706	-0.164029103	-0.186668226	-0.1908651904	-0.151096718	-0.1664884134	-0.1568500789	-0.1877567043	-0.1734096731	-0.1921549034	-0.1374305777	-0.1849939187	-0.1197770575	-0.1057404846	-0.1307242922	-0.1345821046	-0.08247063094	-0.135746638	-0.04315388852	-0.1456982893	-0.1150617544	-0.09363074846	-0.1327557819	-0.1631805817	-0.08679527024	-0.08943061566	-0.1144171221	-0.05434548383	-0.1134463341	-0.04129105966	-0.000914517439	-0.167263906	-0.1646011344	-0.1519190158	-0.0769576642	-0.192888343	-0.1422243026	-0.1321023686	0.02157131926	0.5556152676	0.5008791799	-0.15336967	-0.1544772413	-0.1356295298	-0.1924805851	0.03278437105	-0.1332057369	-0.09065320161	0.5436043195	-0.1620358396	-0.1446986909
-0.1402101085	-0.1457372583	-0.1478220264	-0.1694002218	-0.08920197281	-0.09924010176	-0.1259057891	-0.1526712498	-0.1657499442	1.045345398	1.067995497	1.075235268	1.03148665	0.5369876283	0.5507943493	1.118319547	1.057003449	1.006872017	0.4968611422	1.164473542	-0.04612010259	-0.0634638996	0.5071856558	-0.01783208464	-0.01626398779	0.535076866	0.5482490798	0.546234718	0.5288335347	-0.01471470367	0.5437612554	-0.01028319472	-0.04309439025	0.4984339699	-0.001576672495	0.542665616	-0.155589405	-0.1545201555	-0.1728761076	-0.06249607075	-0.03361794489	-0.144048603	0.9537944315	0.02150170068	0.5503788794	-0.1024836889	0.04647806785	-0.06387981659	-0.03823935817	-0.03385439182	-0.01499054656	-0.0656220769	0.5771270831	0.5584266021	0.5485057844	-0.02173412639	-0.01695284136	-0.05951740068	0.9521086885	0.9915716602	0.9372369926	-0.03853378268	0.527366914	-0.01598798428	-0.03100502951	-0.05435435395	-0.152511108	-0.0857107935	-0.1638114526	-0.1676843554	-0.160513353	-0.1768786662	-0.1766233233	-0.1669170996	-0.1657203527	-0.1739370786	-0.158124285	-0.1642244883	-0.1651297043	-0.1709547748	-0.1070691377	-0.1302953952	-0.1536485493	-0.1057297162	-0.1624003269	-0.1547171566	-0.1494185045	-0.1381228961	-0.1644002791	-0.1030010266	-0.1162848886	-0.1635551199	-0.1152969504	-0.1834038075	-0.1398898806	-0.1617671428	-0.141537493	-0.1368389896	-0.17306861	-0.1746155129	-0.1413740773	-0.1674091061	-0.1178793731	-0.1799183644	-0.1297062428	-0.1285253571	-0.1454572151	-0.1659376369	-0.1431520064	-0.1238022085	-0.1580730384	-0.1544239794	-0.1189806529	-0.1500591227	-0.1578858989	-0.1813903379	-0.1595168138	-0.1552557954	-0.1433963997	-0.1442250082	-0.1622895693	-0.1495316248	-0.1188517749	-0.1109009008	-0.1393301173	-0.08345232578	0.938540368	-0.1563791386	-0.1466215578	-0.1708472763	-0.1325896369	-0.1428612144	-0.1205620475	-0.1492062866	-0.1243112782	-0.177722019	-0.1613447736	-0.1440532669	-0.1482671065	-0.1572157159	-0.1250511665	-0.1546358007	-0.1315288399	-0.1655088533	-0.1673533275	-0.1392439556	-0.1687468992	-0.1641303881	-0.14208663	-0.1336088014	-0.1757309011	-0.06526973462	-0.105758028	-0.12020753	-0.08165470527	-0.08755539553	-0.0628283877	-0.0382070584	-0.09930483591	-0.09016773355	-0.06514906531	-0.1460755241	-0.08112119306	-0.1542176891	-0.177049703	-0.1553338476	0.03790034742	-0.1379177797	0.001321747629	-0.09420256766	-0.1045643402	0.02180594259	-0.09109979024	-0.1580838102	-0.1087393144	-0.1507804679	-0.1334356417	-0.1458558685	-0.1743155858	-0.1770108198	-0.1001168076	-0.1428497603	-0.1459661924	-0.1832612769	-0.1830597915	-0.1257180696	-0.1287877045	-0.175585433	-0.1608253351	-0.1743652895	-0.13690333	-0.1685394806	-0.1316007669	-0.1108745484	-0.1253611426	-0.11900753	-0.1259177828	-0.1105085204	-0.0909035907	-0.1773251828	-0.1753717662	-0.1645095134	-0.1360461566	-0.1668582706	-0.08421234175	-0.1218730906	-0.1180998672	-0.04980405704	-0.07769324024	-0.05966267978	-0.05824960136	-0.1533844356	-0.1571439127	-0.1320335015	-0.1021242337	-0.176510612	-0.1332718285	-0.1199152938	-0.02786417884	0.9181093821	0.5142860042	-0.1806225784	-0.1605238528	-0.1719689645	-0.1715383077	0.05503487312	-0.1496013934	-0.08790826042	0.8882508423	-0.1512447241	-0.1464154378
-0.06172339709	0.006858181676	-0.03187614529	-0.0572097038	-0.005474642573	0.05061310325	0.08175296592	0.03647256009	-0.05776592092	-0.06565510996	-0.06236981254	-0.06306434417	-0.05663112828	-0.05146886452	-0.02573337575	-0.04254900327	-0.06306420611	-0.06097669415	0.01045496147	-0.04612010259	0.4973572678	0.2862481073	-0.003158182422	0.06304650493	0.07361667886	-0.03017096969	-0.04557232313	-0.05930611243	-0.03655305614	0.08597914988	-0.04761597237	0.1437308929	0.1792084158	0.001301591683	0.2062483812	-0.05524292699	0.02362177266	0.01664203149	-0.006407192038	0.09837102072	0.1260343605	0.1041385291	-0.05958596909	0.06264249314	-0.02556967736	0.1439414508	0.1155815622	0.1415878163	0.1033095981	0.2445118073	0.1092896742	0.1124019256	-0.04036703505	-0.04668042889	-0.03971126021	0.08759034913	0.06791746148	0.229230267	-0.03903194193	-0.04628912965	-0.07994099509	0.1538913714	-0.05109722218	0.08800179022	0.1421630243	0.09455291288	-0.02164978564	0.04004526393	-0.01352632607	-0.03858851041	-0.0384693331	-0.06149804025	-0.06085726153	-0.03727125846	-0.0470848702	-0.0591720115	-0.008260069869	-0.04615525907	-0.04633487653	-0.00838867344	-0.009489859701	-0.03458058928	-0.06088033794	-0.03349989734	-0.05893071689	-0.05446864227	-0.05437593579	-0.03513162498	-0.02620495009	0.03786511246	-0.04661669808	-0.02491383415	0.0006753609444	-0.02613078532	-0.05694480963	-0.03200312282	-0.03809445234	-0.03414060755	-0.04907256303	-0.01265650442	-0.02337109828	-0.03043219479	0.02921737843	-0.04156744934	-0.0309633654	-0.01660037673	-0.02164881274	-0.01621527131	0.01320799738	-0.03850455487	-0.05936916662	0.09927258974	-0.0144803837	-0.06590202512	-0.06055878476	-0.03500099707	-0.05364380072	-0.04800713839	-0.05529957604	-0.05363429873	-0.03020592783	-0.008972439542	-0.02744358281	0.0339207402	-0.008034079057	0.01109305137	-0.05917614047	-0.03652166612	-0.02082883202	0.00458357673	-0.03102834934	-0.02952896217	-0.05653951556	-0.05379091872	-0.01746641501	-0.0392783169	-0.002262954501	-0.0401622329	-0.04320309272	-0.04071877207	-0.005987211471	-0.05621235606	-0.05494141549	-0.0443812193	-0.05481062588	-0.05349799815	-0.03458498233	-0.06912129314	-0.01436900947	-0.06160689058	0.0380286461	0.0246271299	-0.02048609547	0.02619212798	-0.02648620463	0.1001425711	0.007043497283	0.001089878761	-0.02683818324	0.01437993169	-0.01098638712	0.00113634129	0.05386606806	-0.05876823458	-0.05247564778	-0.01581861478	0.02420376988	-0.01244649485	-0.0003317890583	-0.01246721477	-0.007561368381	0.007560535392	-0.020074111	-0.03100262379	0.06234146778	-0.02490212571	-0.008899044774	-0.03466895366	-0.06941852331	-0.06283544207	0.004898641084	-0.06140363683	-0.04798755406	-0.05947414582	-0.03369411483	-0.0571218193	-0.04261779254	-0.05633935639	-0.02889035242	-0.06545856845	-0.02227558134	-0.05290479976	0.01858413299	0.00760509773	-0.005926533083	0.009088488151	0.03937730566	-0.03088922249	0.05183040743	-0.05343868204	-0.04034947156	-0.01883233021	-0.02269273325	-0.04107359668	0.08571465592	0.00197458154	0.03445046245	0.02591104959	0.09545200289	0.1920947943	0.2203021872	-0.03952838993	-0.02161923054	-0.03082925118	0.01752452181	-0.05345344632	-0.0324805053	-0.03596365107	0.2490503776	0.01148005991	-0.006519436918	-0.01188892844	-0.02267951075	0.06748128449	-0.06406089058	0.07637479085	0.003893722811	0.07782908608	-0.003050305492	-0.02853026348	-0.02202996064
-0.05534054934	0.01306347989	-0.03103083455	-0.04043176327	0.005134337842	0.04556865937	0.04879797539	0.0468516488	-0.05339772798	-0.07907182105	-0.07895511264	-0.07341644791	-0.07170526663	-0.06085373705	-0.03332230931	-0.05943332967	-0.07549598593	-0.07353741207	-0.003622984656	-0.0634638996	0.2862481073	0.4751795605	-0.01285133024	0.05713193456	0.06040807291	-0.04672072174	-0.0599902176	-0.06955503954	-0.04088846569	0.08645632819	-0.05815912616	0.1486846352	0.1939644247	-0.001191224609	0.1580802634	-0.07240828252	0.0144129719	0.0102830457	-0.008062124315	0.1004974213	0.1148386086	0.0950111611	-0.05849079915	0.06756376492	-0.04802162297	0.1613730774	0.1037057634	0.1019971835	0.07853241007	0.2423017036	0.07924952934	0.1542286097	-0.0632581208	-0.05290214018	-0.05990031804	0.08224610993	0.06445078469	0.2354453718	-0.03569295578	-0.05493298264	-0.07923970106	0.1164129068	-0.06164154892	0.1331999108	0.2134457526	0.1295083968	0.007726218653	0.06741437137	0.01014007829	-0.02548454187	-0.02744867602	-0.04924562284	-0.05065780409	-0.01176098401	-0.05738954653	-0.05361323266	-0.01585191625	-0.04783748977	-0.05531799227	-0.01423879325	-0.03044795933	-0.03708548691	-0.05514629332	-0.05226469401	-0.06726131595	-0.05565369454	-0.03654775619	-0.04361958034	-0.0352076629	0.01580461999	-0.04885234556	-0.03696527544	0.01349628816	-0.02011442827	-0.06567910162	-0.03768564188	-0.04453599509	-0.04317529108	-0.05166879686	-0.003087734264	-0.03805936381	-0.02795713266	0.02948993211	-0.03681295585	-0.03654987848	-0.01732792813	-0.02750958892	-0.01420550677	0.02104895646	-0.05361172613	-0.05516033535	0.06752821885	-0.02090167276	-0.06502776364	-0.05720149481	-0.002027158727	-0.04569782589	-0.05120255851	-0.06183022617	-0.06493066019	-0.04454823252	-0.01393846856	-0.02259652553	0.01158064071	-0.01324231957	0.03572229438	-0.0580279673	-0.03439957493	-0.02248057738	-0.009876732126	-0.04062780103	-0.04133320665	-0.05019007519	-0.05049382732	0.002862191752	-0.01558236109	0.003328474673	-0.04449699078	-0.03352560651	-0.0497604949	0.001059805914	-0.03736498752	-0.05302242278	-0.05009114803	-0.05841932138	-0.06119908729	-0.02268108971	-0.06467163149	0.01117308985	-0.05493255403	0.02058856424	0.03738710605	-0.02654849537	0.03305663799	-0.02596604232	0.09132373198	0.006977255089	-0.017189918	-0.02210431986	-0.006247445863	-0.003528321727	-0.02033782925	0.05828739521	-0.05685318715	-0.04553167554	-0.01854818032	0.007713707516	-0.00517857674	0.004826398015	-0.007310789432	0.007537816016	0.01223172556	-0.04411913412	-0.02923603952	0.03509571961	-0.01089405966	-0.00252362829	-0.02418830658	-0.04152240458	-0.06276625418	-0.00809961002	-0.0503284957	-0.02072246613	-0.03610665805	-0.0479793695	-0.05740741435	-0.04407679216	-0.04786295286	-0.02295198641	-0.05710853861	-0.0277675422	-0.03721344421	0.03348454834	0.03410837555	0.02458325178	0.02075431712	0.01203131904	-0.03221353439	0.02787378099	-0.06185159805	-0.05377895571	-0.02972027758	-0.0283506516	-0.06082549475	0.105106781	-0.005326736877	0.05091649794	0.03631979083	0.127817023	0.2273191998	0.2352385811	-0.0319523199	-0.02514564657	-0.03351670845	-0.01278055162	-0.04511021807	-0.02944710453	-0.03804457684	0.2781594781	-9.791226232e-05	-0.005344904731	-0.006851639995	-0.002465754747	0.07064627175	-0.05370539764	0.06309429344	0.02549881191	0.1245318911	-0.002403672255	-0.0248138322	0.01115634149
-0.1898756779	-0.1466714637	-0.1527433926	-0.1676748896	-0.1438478795	-0.1029716843	-0.1205875783	-0.1692809604	-0.1714141533	0.5446635162	0.5400238404	0.5432483067	0.5071544638	0.9666957514	0.9661667338	0.5076261852	0.5405764298	0.5445779743	0.9440565281	0.5071856558	-0.003158182422	-0.01285133024	1.159338858	0.01951513699	0.01790853136	0.947880517	0.9633180994	0.9557650082	0.9851843584	-0.008093243471	0.9882270864	-0.04647396188	0.0001731419259	0.4834533483	-0.01290764074	0.9442439236	-0.1679252823	-0.1694230911	-0.1855177268	-0.09935214828	-0.05220222991	-0.1300919377	0.5244079999	0.09507693498	0.9504503299	-0.07999848371	0.03140197699	-0.05897849019	0.03725790776	-0.00183588631	0.014365229	-0.04386593934	0.9420349789	0.9570126704	0.9339350567	-0.002606585247	-0.0005647911317	-0.01117652506	0.5277066675	0.5245094969	0.4998383175	-0.03271143783	0.9426006548	-0.03489920057	-0.04799917875	-0.0283775558	-0.1197300668	-0.07397246154	-0.1528198047	-0.1795170002	-0.1627347744	-0.1592100012	-0.158848899	-0.1573883956	-0.160485274	-0.1834934059	-0.1362331679	-0.1408952404	-0.1789983899	-0.1813201152	-0.0634253946	-0.08328315795	-0.167504811	-0.1342645089	-0.1630945061	-0.1692036601	-0.1622316406	-0.1407981215	-0.1596381524	-0.04801884002	-0.1347874464	-0.1592472261	-0.1174913672	-0.1974604434	-0.1240446771	-0.1526652965	-0.1415114245	-0.1386955682	-0.1814872414	-0.1636198542	-0.1441085341	-0.1770399428	-0.1241084112	-0.1509141575	-0.1806440745	-0.1171642786	-0.1273900043	-0.1538200223	-0.139359868	-0.1412380962	-0.1685131046	-0.1317009346	-0.1607456388	-0.1584021876	-0.1674310015	-0.1515498903	-0.1631346759	-0.1714852135	-0.1745749127	-0.1470669277	-0.1596568354	-0.144980401	-0.11881787	-0.04606606928	-0.1282244491	-0.08869951824	0.5150907243	-0.1674337657	-0.1276000972	-0.1455602948	-0.1371056475	-0.1412971515	-0.1702936162	-0.1418513675	-0.1439758138	-0.1690478073	-0.1311657941	-0.141262599	-0.1370282705	-0.1443536832	-0.1166818273	-0.1622386642	-0.136788704	-0.1679302982	-0.1850566384	-0.1717005899	-0.1800974939	-0.160303455	-0.1348191875	-0.1412676676	-0.1318235338	-0.1095041843	-0.07925260246	-0.106787837	-0.09971156758	-0.03431967936	-0.05269692753	-0.03190200562	-0.1235472045	-0.07155009932	-0.07126884784	-0.1420344409	-0.03460244424	-0.1707241028	-0.1856597887	-0.1510412646	0.04596578676	-0.1211097597	0.02489722215	-0.07555979786	-0.09187416855	0.03189477659	-0.1027478515	-0.1695633876	-0.05518543796	-0.1413579365	-0.1154975233	-0.1444174524	-0.1890763781	-0.1848453943	-0.09822925161	-0.1535180969	-0.1801586894	-0.1849422071	-0.1583461459	-0.1745467744	-0.1702532777	-0.1796172864	-0.1829395604	-0.184288986	-0.1320464009	-0.171169057	-0.1322753317	-0.09165474101	-0.1109472071	-0.1211536962	-0.1003546502	-0.1427288281	-0.06280017147	-0.1403904786	-0.1285436037	-0.1024571689	-0.129286388	-0.1492897699	-0.0688834074	-0.1224808565	-0.1133708868	-0.04244325374	-0.09254000188	-0.03624694814	-0.02574858848	-0.1761551009	-0.1558650751	-0.1499973129	-0.07176780331	-0.1837810733	-0.1332600638	-0.1216614712	0.004825402765	0.5295412244	0.4706156043	-0.1712025244	-0.1532190278	-0.1422874772	-0.1839135409	0.06207639832	-0.1399712406	-0.06428547481	0.5246012902	-0.1651107402	-0.1474024724
-0.0354927643	-0.00504324637	-0.06268516844	-0.06291132484	-0.01985306108	0.0125913163	-0.03798070445	-0.06516932313	-0.06226607535	-0.004491139879	-0.002271491512	-0.006404327314	-0.007215389968	0.03429071814	0.01591589815	-0.01620196914	-0.001771306151	0.005876919788	0.0472217189	-0.01783208464	0.06304650493	0.05713193456	0.01951513699	0.4971247238	0.3816786647	0.01867157909	0.02111857476	0.0300159581	0.03157581745	0.3030359187	0.02698129576	0.07821205726	-0.01187864926	0.01949781251	0.03812948935	0.01649077612	-0.06931375504	-0.07897224231	-0.08390502736	0.00372115241	0.03256423998	-0.03226816504	0.01399728453	0.125158334	0.004296486797	0.0209231986	0.09813310929	0.0161131735	0.1809637416	0.05338592356	0.2329913272	0.03606021958	0.009566829328	0.01662599062	0.00338610688	0.3300177224	0.3344957752	0.07486266484	0.0139346093	-0.00232282688	-0.006150581915	0.06000031655	0.03616561565	0.0655141493	0.06925157406	0.0512305983	0.01746544733	0.01745899551	-0.06150453731	-0.08444965742	-0.05368218234	-0.04739718317	-0.0456577847	-0.06396560974	-0.06279660189	-0.06550791303	0.008153036906	0.006777432848	-0.07379431587	-0.07137241637	0.04837691952	0.008514955187	-0.0554084248	0.03416487625	-0.04325599335	-0.06568041737	-0.03267131518	-0.02261777658	-0.05302106402	0.07986403912	-0.01394470798	-0.0562192918	0.08094966218	-0.0861915521	-0.01347565867	-0.04051724256	-0.03751131498	-0.04265777868	-0.05424897609	-0.0206815324	-0.04909853574	-0.06883126485	-0.04658562839	-0.009686372223	-0.0134364411	-0.02914359529	-0.01549947347	-0.01985664135	-0.007565658133	-0.01635394329	-0.07892491969	-0.03022099433	-0.03198761229	-0.02385155233	-0.06422339028	-0.02124675412	-0.03080745021	-0.05738038875	-0.04798577609	-0.03087286472	-0.04092444858	0.000956325388	0.04565842728	0.1040132801	0.02410075278	0.008548077563	0.01257848332	-0.05632639006	-0.01380894668	-0.008242041564	-0.03913729411	-0.03927925941	-0.02936424199	-0.05102375321	-0.003889064877	-0.08818161113	-0.02289762053	-0.03797197143	-0.02238516897	-0.02790578724	-0.01037117372	-0.04648491613	-0.03351108117	-0.07589427505	-0.0707183769	-0.05133969185	-0.07375740239	-0.01579191104	-0.03863371995	-0.03825032804	-0.006404157385	0.03220909208	0.001400968635	0.02789044108	0.03928129963	0.04978170896	0.08313088495	0.1079087407	0.04120847034	0.02459667646	0.02606294791	-0.01355515777	0.0669366287	-0.07600917943	-0.08917401986	-0.04684681284	0.06042879049	-0.03622182509	0.02830788197	-0.01572796868	-0.01199099021	0.05640232117	0.0572059651	-0.05347205304	0.02619821931	-0.008463466248	-0.02716292884	-0.03256012308	-0.09058693413	-0.05572049951	0.02321420855	-0.006114493333	-0.04994270973	-0.07215048221	-0.01165875809	-0.03489479034	-0.01623429833	-0.06479791607	-0.08063040725	-0.06823216506	-0.02550679857	-0.07629602903	-0.001353593829	0.01537073192	-0.007763663053	-0.02432234678	0.03194652142	-0.03033483388	0.08580718256	-0.04469475014	0.02749843823	0.03103965276	-0.01867195224	-0.05203314434	-0.008459244985	-0.005118859662	-0.006797814306	0.07487523009	0.01603596467	0.02668199756	0.06465373175	-0.07986710055	-0.05404227264	-0.02843729633	0.03688056615	-0.06825948007	-0.04421634616	-0.02016009274	0.0359369756	-0.00130088538	0.01106334533	-0.02671871062	-0.02034393958	-0.0406220521	-0.0590565761	0.1266972146	-0.0001634004452	-0.01617679967	0.004996571721	-0.07302495899	-0.0481363562
-0.04176100147	-0.004963243701	-0.05663666207	-0.06012297323	-0.02236397565	0.01822395285	-0.02846647004	-0.06065232854	-0.05986481259	-0.002048317332	-0.003601535019	-0.001610674522	-0.005755357615	0.02869122491	0.007593961252	-0.01686521338	0.002183574337	0.004023483486	0.04618774023	-0.01626398779	0.07361667886	0.06040807291	0.01790853136	0.3816786647	0.490889235	0.01121259757	0.01552483389	0.0228206933	0.02327180544	0.3024677271	0.02246367823	0.08152889301	-0.008491992485	0.01802681888	0.04992979175	0.007156117904	-0.0691045176	-0.07733536418	-0.08257302817	0.005684941498	0.03241362508	-0.03216822049	0.01426114132	0.1181043381	0.003329499581	0.02116450301	0.1003332744	0.02447326236	0.1833626284	0.06681899135	0.2350884884	0.04319792883	0.004383578577	0.01468946618	-0.003496813757	0.3250208324	0.3317215131	0.07825960814	0.01606924619	-0.004451351809	-0.004065659012	0.06883319754	0.02874582613	0.07958794206	0.07833776335	0.05584077765	0.02040406756	0.02197671197	-0.05657098127	-0.08537452416	-0.05341408716	-0.05125018468	-0.04939509376	-0.07087404359	-0.05868314926	-0.07131879737	0.01438070646	0.01096149969	-0.07436967429	-0.0688566499	0.03844655688	0.01160308683	-0.0611267962	0.03623587052	-0.04688895093	-0.06766862342	-0.03505745011	-0.02311759971	-0.05857052402	0.08309989819	-0.02049701017	-0.0480138855	0.07887028908	-0.08343070685	-0.01698214641	-0.04071262466	-0.03950229	-0.046259143	-0.06434994121	-0.02707606186	-0.05455599564	-0.0650179927	-0.04237310836	-0.003405816043	-0.01171269514	-0.03367895838	-0.0117921015	-0.01759849083	-0.00672892244	-0.01064272809	-0.07795265792	-0.03126160101	-0.03209109172	-0.02686365884	-0.06303222604	-0.02930876301	-0.02977428726	-0.05612969757	-0.04934119141	-0.0319704056	-0.04738340065	0.001964497262	0.04267778767	0.1089843049	0.02585447538	0.007449719539	0.0129618802	-0.05951270947	-0.01234346406	-0.01054948692	-0.04486877452	-0.04128340436	-0.03490751112	-0.05262614193	-0.007983518882	-0.09457533498	-0.01826798039	-0.03989672333	-0.03000173399	-0.02720519598	-0.008138012326	-0.0481328977	-0.03654882786	-0.07327000451	-0.06881502539	-0.05127464367	-0.07116585817	-0.0229127206	-0.03707684778	-0.04165250836	-0.0009368546812	0.02815402456	-0.002156201797	0.0231923753	0.03736466956	0.06120948513	0.07771627609	0.1013095343	0.03792656506	0.01538022719	0.02422115628	-0.00691510125	0.06860827991	-0.07996897602	-0.0909826774	-0.0523558911	0.05737188342	-0.03173855908	0.03044502408	-0.009904944349	-0.01078101773	0.06052628109	0.06342392211	-0.04953675126	0.0399139171	-0.01188134902	-0.02366815044	-0.03590356077	-0.09013098372	-0.05771813713	0.0246842418	-0.01636978415	-0.04835519711	-0.07541185531	-0.002890036644	-0.03582993909	-0.01603210989	-0.06807206456	-0.08025073207	-0.07362639224	-0.0307827509	-0.07542857975	-0.005365027115	0.01125506859	-0.01648918527	-0.02663189545	0.03458064134	-0.02627401178	0.08851941441	-0.047492447	0.03495921803	0.03575873368	-0.01130501838	-0.0558633932	-0.005647623646	-0.002043825768	8.145064751e-05	0.07913850708	0.0225868215	0.03132957472	0.07348986064	-0.07857714368	-0.05191331411	-0.03800663185	0.04338176358	-0.07147667635	-0.05030402735	-0.01903944943	0.04829293135	-0.004642482899	0.01102076527	-0.02509422941	-0.02401939615	-0.04229135835	-0.06899802384	0.1247507419	0.003247298676	-0.008794659814	0.002397033183	-0.06946870586	-0.05262280985
-0.160442902	-0.1582539288	-0.1557945003	-0.1737009849	-0.1021252945	-0.1070938199	-0.1059488433	-0.1427794117	-0.1743274057	0.5641468383	0.5613404443	0.5647454376	0.541719635	1.007246962	0.9955526409	0.5335898901	0.568431896	0.5826150359	0.9298525286	0.535076866	-0.03017096969	-0.04672072174	0.947880517	0.01867157909	0.01121259757	1.185136011	1.087940246	0.9930234829	0.9931957704	0.01035956571	0.9813452222	-0.002356433596	0.00506840116	0.4711225137	0.0354109675	1.033690681	-0.168181377	-0.1744906823	-0.1906064851	-0.07382211192	-0.03407384194	-0.1695473464	0.5443459153	0.06043966204	1.039798519	-0.1159065589	0.03715213362	-0.0666968523	-0.01855036107	-0.03633438309	0.01434897131	-0.02881800248	1.027727875	0.9709294168	0.9891225913	0.01464504792	-0.004064895604	-0.06910178898	0.5724211891	0.5764991109	0.5329608176	-0.0668702602	0.9773919526	-0.02323899679	-0.01121281963	-0.01564688662	-0.1310553411	-0.08300886156	-0.1579964576	-0.1776826227	-0.1721247352	-0.1641222232	-0.1636492469	-0.1797323736	-0.1651718436	-0.185871191	-0.1480184619	-0.146761808	-0.1921583945	-0.1870302893	-0.1134921608	-0.1272479504	-0.1769421537	-0.1065237066	-0.1718709609	-0.1757986683	-0.1672969844	-0.1450292343	-0.1764656992	-0.08156626961	-0.1433139814	-0.1618571883	-0.1120007715	-0.1998719913	-0.1278559302	-0.1711147993	-0.1591815165	-0.158808997	-0.1867564795	-0.1701473164	-0.1652531917	-0.1828137531	-0.1221862826	-0.1534029438	-0.1497853692	-0.1373060765	-0.1643486192	-0.157577829	-0.1546423846	-0.1438605836	-0.1742460847	-0.1677058363	-0.148944597	-0.1635849857	-0.1744405143	-0.1818661071	-0.1654928188	-0.1724744992	-0.1850652451	-0.1451854601	-0.1773959686	-0.1589698011	-0.1268711222	-0.07385781551	-0.1424942957	-0.1171133222	0.5350359653	-0.1675611304	-0.1652092736	-0.17958387	-0.156151541	-0.1605284777	-0.140240231	-0.1689498989	-0.1340367281	-0.1836041652	-0.1197248337	-0.1594055889	-0.1643605934	-0.142030741	-0.1245776451	-0.1718656736	-0.1453950622	-0.1736713147	-0.19398474	-0.1803297145	-0.177599937	-0.1626050621	-0.1419336475	-0.1486836849	-0.1591012192	-0.04615837025	-0.08639514256	-0.08824461888	-0.04465090006	-0.03191331666	-0.007756377583	0.01390970528	-0.06492840677	-0.05673827249	-0.01276053712	-0.1480808199	-0.05498253243	-0.1760225076	-0.1906512004	-0.1654923029	0.03487712641	-0.1105521057	0.04231872084	-0.06714093434	-0.08981355078	0.04059078193	-0.06915336434	-0.1762702022	-0.08096671298	-0.1655202331	-0.1062137845	-0.1581048109	-0.1999012736	-0.1927125952	-0.09473378257	-0.158526344	-0.159439659	-0.1971555478	-0.1547209787	-0.1402842684	-0.1175091993	-0.183081555	-0.1855806293	-0.1868220818	-0.1619134261	-0.1835693779	-0.1440576767	-0.1106419611	-0.1361393006	-0.1346073444	-0.1167411637	-0.1514472237	-0.07653272744	-0.1667915337	-0.138042224	-0.1275334287	-0.152284539	-0.1728032093	-0.08924972214	-0.1704966191	-0.1196144552	-0.0081974346	-0.07668441086	-0.0355127319	-0.05095497546	-0.1783474618	-0.1597170472	-0.1573884063	-0.09475494415	-0.1849066321	-0.1525234228	-0.1328348082	-0.02672665449	0.5317975226	0.4793297226	-0.1827801266	-0.1615677556	-0.1803136109	-0.1842811268	0.06144242188	-0.1427612754	-0.08292508718	0.5078515368	-0.1665273134	-0.1397366006
-0.1484654431	-0.159612857	-0.1414839533	-0.1691070562	-0.1071152951	-0.1114813567	-0.1237346158	-0.1737090631	-0.1782214104	0.5935094028	0.5743610542	0.583716853	0.5580976972	1.02291834	0.9736677616	0.5540058832	0.5889083533	0.5983725884	0.9193716826	0.5482490798	-0.04557232313	-0.0599902176	0.9633180994	0.02111857476	0.01552483389	1.087940246	1.183704266	1.021224819	0.9730399165	-0.005786736831	0.9850660085	-0.01272585494	-0.01159446549	0.4628617014	0.01466957088	1.040507958	-0.1700736823	-0.1701181874	-0.1860365524	-0.07053263907	-0.02624095069	-0.1650252801	0.5639218247	0.05578182328	1.049225101	-0.113106796	0.05646094703	-0.0624561559	-0.0141127171	-0.0490948805	0.01377910876	-0.04538908548	1.033179303	0.9897975158	1.009944802	-0.001775571426	-0.002591972577	-0.06195331999	0.5752878054	0.5703199977	0.5533495031	-0.06743301506	1.003575955	-0.02125106372	-0.03078140549	-0.03189141243	-0.1248471283	-0.0830492092	-0.1635406495	-0.1815995008	-0.1745758604	-0.1679126226	-0.167687645	-0.177614462	-0.1644240738	-0.1860831314	-0.1459197361	-0.1433861047	-0.184682109	-0.1827965437	-0.1089458302	-0.1232310022	-0.1708211697	-0.1050047122	-0.1695861996	-0.1717220699	-0.1640953353	-0.1391432896	-0.1753502259	-0.09988861891	-0.1248118889	-0.1800103068	-0.1180052115	-0.202467767	-0.1232503081	-0.1738606005	-0.1612936096	-0.1539835471	-0.1839601854	-0.1738966658	-0.1584693516	-0.184267593	-0.1282631857	-0.1545424629	-0.1441885747	-0.1388671182	-0.167775758	-0.1625562878	-0.1522432783	-0.1310410176	-0.1728055731	-0.163081548	-0.1437659236	-0.1638046211	-0.1739119758	-0.1810357804	-0.1691439018	-0.1670321117	-0.1754923926	-0.1459357369	-0.1743610869	-0.1540269974	-0.1296423961	-0.06958114077	-0.1375357153	-0.1081343061	0.55303798	-0.165118643	-0.1680831804	-0.1972440596	-0.1514611241	-0.1573690158	-0.1400182362	-0.1625305988	-0.1303817765	-0.1845624528	-0.1289301438	-0.1615803958	-0.1606144814	-0.1487604172	-0.1264374936	-0.1552279974	-0.1418635003	-0.1712187446	-0.1853090535	-0.1712865867	-0.1830171085	-0.1626813942	-0.143386328	-0.1451032693	-0.1705449783	-0.06730415105	-0.07906142953	-0.1090412582	-0.06580056724	-0.03644790336	-0.02772596835	-0.00310010738	-0.08364873749	-0.07535277406	-0.03423285575	-0.1466114758	-0.06311577869	-0.1718885203	-0.1902492118	-0.1575072875	0.02157186039	-0.1268303796	0.01924885976	-0.0831459244	-0.1025651925	0.02603492849	-0.06480598145	-0.1771211746	-0.07721803818	-0.1505830151	-0.1225584651	-0.1586146867	-0.1948950208	-0.1908706517	-0.1127496255	-0.1487192069	-0.1594600624	-0.1956046788	-0.1565974551	-0.1388820385	-0.1371186997	-0.1862418206	-0.1862965647	-0.1867500244	-0.1521628307	-0.1812869989	-0.1446160511	-0.109168742	-0.1296957577	-0.131641372	-0.1073913551	-0.1450167541	-0.07006217201	-0.1584909526	-0.1321238908	-0.1207908121	-0.1529989435	-0.1642099641	-0.08117686458	-0.1688636288	-0.124973022	-0.01987270356	-0.06907336885	-0.04962978413	-0.07360559578	-0.1799791584	-0.1653456952	-0.1511017321	-0.09384588562	-0.1881501654	-0.1496696772	-0.1294247496	-0.04563738751	0.5286455412	0.4644209834	-0.1769274863	-0.1567962451	-0.1803842577	-0.1870283108	0.0792429853	-0.1423524213	-0.07781099051	0.5116457614	-0.1663898087	-0.1420655356
-0.1546671246	-0.157671806	-0.149997487	-0.1774890512	-0.1130621394	-0.1003216697	-0.1249000356	-0.170588598	-0.1698381221	0.5952936119	0.5742785245	0.5823334335	0.5471512215	1.064217289	0.9815771001	0.557244459	0.5839565855	0.5912587272	0.9644994572	0.546234718	-0.05930611243	-0.06955503954	0.9557650082	0.0300159581	0.0228206933	0.9930234829	1.021224819	1.200410805	0.9917238041	-3.807412211e-05	1.003512035	0.003196446785	-0.007358009518	0.4673880714	0.01407365668	1.032223765	-0.1695076859	-0.1732051286	-0.1894982661	-0.07666370963	-0.03034051006	-0.1710187642	0.5868212012	0.05219763854	1.041652946	-0.1164212612	0.06007476048	-0.07181523065	-0.01734709468	-0.04468760817	0.01607974118	-0.04124169385	1.030500106	0.9923509594	0.9988087085	0.007813733983	0.01149693816	-0.0587036488	0.5789677421	0.5832414243	0.5651599553	-0.06073087861	1.04606956	-0.01726164376	-0.02983529088	-0.01692746458	-0.1179059693	-0.06818896619	-0.1576292791	-0.1839722912	-0.1766840791	-0.1469573453	-0.1466784765	-0.1836257174	-0.1709725719	-0.186396703	-0.1482227662	-0.14020685	-0.1836806869	-0.1878306765	-0.1139496338	-0.1326379174	-0.177990919	-0.09808392767	-0.1779103533	-0.1797101172	-0.1677473229	-0.1558278809	-0.1844900365	-0.1025760336	-0.128295536	-0.1905850272	-0.1118425661	-0.1974431931	-0.1372884349	-0.1827356367	-0.1738423113	-0.1673537985	-0.1911927282	-0.1677755187	-0.1728568841	-0.1880812791	-0.1304931156	-0.1505107464	-0.1384145431	-0.13234225	-0.1711480369	-0.1426334091	-0.1495038419	-0.1369150193	-0.1791869736	-0.1738632215	-0.1331213167	-0.1597303798	-0.1764909288	-0.1749443767	-0.1777507825	-0.170718604	-0.1797095022	-0.1634760999	-0.1837923982	-0.1447744963	-0.1044455346	-0.05677830286	-0.1361188676	-0.1003348867	0.5744931087	-0.1663964177	-0.1721276175	-0.1932099933	-0.1645361397	-0.1704424637	-0.1489647875	-0.1703448395	-0.1348522325	-0.1889345563	-0.1349805464	-0.1737073042	-0.1539093462	-0.1348210832	-0.1198794018	-0.1592118167	-0.1559645497	-0.1720218437	-0.1869866717	-0.172859604	-0.1850200955	-0.1662927909	-0.1380201447	-0.1601388353	-0.1681934559	-0.06402255874	-0.09076358754	-0.1117804064	-0.05835471901	-0.02435861922	-0.005532069412	0.0150529852	-0.07736899697	-0.07532366508	-0.04130543847	-0.1474255652	-0.05748473176	-0.1819094917	-0.1954805857	-0.1640354413	0.03800924537	-0.1335737626	0.01659911282	-0.09008045478	-0.1030162457	0.03364152293	-0.07050349428	-0.1812999717	-0.07574660011	-0.1550861206	-0.1298355275	-0.1669822262	-0.1940824108	-0.1953446542	-0.1159343075	-0.1442514017	-0.1559168344	-0.1873954211	-0.1558038182	-0.1384038036	-0.1393077117	-0.1888245718	-0.172639777	-0.1867032426	-0.1600242434	-0.1846099308	-0.1446751602	-0.1165375374	-0.1320735008	-0.1380226539	-0.106785801	-0.1409919769	-0.06935687897	-0.1651380696	-0.1299911115	-0.1226790435	-0.1463064832	-0.1802997002	-0.08445618568	-0.1468237024	-0.1102880978	-0.01458325807	-0.0775160034	-0.05814492446	-0.06831305851	-0.1663578059	-0.1609501742	-0.1516628948	-0.1077081106	-0.1900385982	-0.161476683	-0.141122479	-0.04231615035	0.5248124386	0.4688039142	-0.1767867489	-0.1606694208	-0.1838847982	-0.1872246937	0.07754780476	-0.1462917715	-0.07879629558	0.4984580252	-0.1728125145	-0.1422997928
-0.1608007362	-0.1485355261	-0.1565138042	-0.1774383168	-0.1133446637	-0.1087456634	-0.1066144055	-0.1513517528	-0.1704260716	0.5658867208	0.5626767035	0.5650031545	0.5347215245	0.990135985	0.9963174493	0.5268281053	0.5664856147	0.566106809	0.9395888175	0.5288335347	-0.03655305614	-0.04088846569	0.9851843584	0.03157581745	0.02327180544	0.9931957704	0.9730399165	0.9917238041	1.162648721	0.02223222482	1.030504211	0.00388792212	0.01155253172	0.4586535501	0.02262223079	0.9701741731	-0.1670196759	-0.1719327165	-0.1889450957	-0.07207145959	-0.03544244364	-0.1704135093	0.5488703673	0.07507791498	0.9929075216	-0.1155542413	0.05117268625	-0.07762345842	-0.006139517547	-0.03325814888	0.01699816819	-0.02703144438	0.9868520609	0.9774419631	0.9514856855	0.02675008178	0.008754337635	-0.05539578761	0.5629263425	0.5682786067	0.5273081812	-0.06950662618	0.9844972601	-0.01239981615	-0.005768102506	-0.01421920757	-0.1207946725	-0.0820292299	-0.1564511371	-0.1826853012	-0.1742228203	-0.1633859429	-0.1630220189	-0.1817143782	-0.1697634965	-0.1861180527	-0.1434883148	-0.145706894	-0.1849381195	-0.1849776507	-0.1028409693	-0.1247612766	-0.1711327238	-0.1042403355	-0.1714396951	-0.1713896028	-0.1623282523	-0.1437619918	-0.1844745151	-0.0754267474	-0.1370693024	-0.1665902724	-0.1143429328	-0.2026473254	-0.1291352935	-0.1769733977	-0.16609798	-0.1604647408	-0.1873236192	-0.1709347784	-0.166186771	-0.1879716997	-0.1308868514	-0.1568675348	-0.1463114448	-0.1405268991	-0.1690836263	-0.161779274	-0.1402486988	-0.1421896011	-0.1755462404	-0.1733990179	-0.1419864171	-0.1632059782	-0.1761882635	-0.1785575259	-0.174224886	-0.1754611619	-0.1792187892	-0.1548058589	-0.1811717272	-0.1508753621	-0.1198065509	-0.06686861363	-0.1337468131	-0.09794724227	0.5388084214	-0.1724040392	-0.1692852397	-0.1691178235	-0.1588341428	-0.1626301546	-0.1439667673	-0.1640994724	-0.1189115865	-0.1945859042	-0.1215417133	-0.1657180552	-0.1566516785	-0.1255699981	-0.1194259788	-0.1685718916	-0.1443985815	-0.17215196	-0.1889578204	-0.1753578626	-0.1836624628	-0.1638115055	-0.1355137527	-0.1470057043	-0.1544445582	-0.04864743672	-0.08677964602	-0.0839816022	-0.04849012909	-0.02303560959	-0.001197202393	0.02012163731	-0.06939351665	-0.05456717822	-0.02467290263	-0.1459922265	-0.04524016594	-0.1744203561	-0.1925223922	-0.1743950234	0.04185181754	-0.1098672951	0.03922793201	-0.0656077733	-0.08168520685	0.04576969357	-0.07465998434	-0.1812681029	-0.07560591937	-0.1680875973	-0.105828266	-0.1646092582	-0.196330209	-0.1923857164	-0.09053226058	-0.1572922607	-0.1577144961	-0.1933583957	-0.1666221419	-0.1438160651	-0.1268082699	-0.1887520935	-0.1826676315	-0.18714667	-0.1550075341	-0.1817169479	-0.1405408328	-0.1001734317	-0.1191709994	-0.1294547246	-0.1044939252	-0.1515684799	-0.06797667076	-0.1633968608	-0.1326008656	-0.1247796648	-0.1459881989	-0.1723302674	-0.07524877639	-0.1637605709	-0.1214508658	0.003289732787	-0.07129098124	-0.02944266233	-0.05104868916	-0.1766684391	-0.1594250969	-0.1542200283	-0.1011321496	-0.1901781856	-0.156512918	-0.1304754313	-0.02132241163	0.5104983795	0.4671985467	-0.1818334674	-0.1561389881	-0.1852512166	-0.1847599723	0.07857978358	-0.1465273418	-0.07368380073	0.5000395771	-0.1743294043	-0.1513873545
-0.04264398293	-0.009330152501	-0.06278124593	-0.0558268934	-0.02806448624	0.01100174403	-0.01631100319	-0.04701764691	-0.05934831085	-0.007705242646	-0.01079517292	-0.00455652694	-0.01106741713	0.002121314775	0.0119546139	-0.01325353175	-0.00476663318	-0.01388665236	0.04656309966	-0.01471470367	0.08597914988	0.08645632819	-0.008093243471	0.3030359187	0.3024677271	0.01035956571	-0.005786736831	-3.807412211e-05	0.02223222482	0.4938385687	-0.00608336767	0.09665243763	0.005350486184	0.01835166459	0.06055092306	-0.01535467824	-0.07607520768	-0.08066662101	-0.08385972443	0.006401598882	0.02559344335	-0.0345797567	-0.004627699801	0.1238409984	0.001542760903	0.01748224053	0.0925606809	0.01605640973	0.167010675	0.07351418057	0.2256906282	0.06180021273	-0.004376142336	-0.003863650983	-0.02294463924	0.4511346069	0.3856285467	0.07913039388	0.02757684411	0.01431779346	-0.01339878997	0.05255840037	0.005649461332	0.07317401985	0.1003239097	0.07572732462	0.007027549155	0.009958324835	-0.06516211878	-0.09285642326	-0.04737471194	-0.05187617168	-0.0502959148	-0.05838624415	-0.07284830113	-0.06995025779	0.001419298358	0.005325328967	-0.07153983497	-0.07730795433	0.04053368557	0.003685964181	-0.06363294821	0.0201903699	-0.05192962925	-0.06639115747	-0.03061545807	-0.03305799156	-0.06023283742	0.08810909615	-0.02370683882	-0.03051297522	0.08234126288	-0.08921866209	-0.02291347278	-0.03633273877	-0.03221904098	-0.04876323247	-0.06551646522	-0.02055422828	-0.05068953355	-0.06910557558	-0.04843379504	-0.007379691916	-0.01981270127	-0.03643105073	-0.0200422991	-0.01469398771	-0.01466720673	-0.01754237551	-0.0781054165	-0.03299680695	-0.02849475661	-0.0263275465	-0.06387146103	-0.01312403532	-0.03435620825	-0.0636305789	-0.04108885073	-0.04286801005	-0.05067522886	-0.005250479211	0.04331916012	0.1028869401	0.02690243787	0.01371685812	-0.005683967576	-0.05984407943	-0.01991917461	0.0002149093479	-0.04703814854	-0.04087671734	-0.03511263239	-0.05454063069	0.005489686248	-0.0816258013	-0.002406010189	-0.03231957165	-0.03272604911	-0.008909167636	-0.02469584084	-0.04370218981	-0.03898256252	-0.08043484503	-0.07422514687	-0.04204810461	-0.07679699209	-0.03193741877	-0.04651840476	-0.04268713096	0.01795818181	0.04675706029	-0.01445637445	0.02996380013	0.04211884596	0.06655634125	0.08712097389	0.1038304491	0.04365519397	0.02313357431	0.02670628661	-0.01706269316	0.08769745725	-0.07755377536	-0.09354508378	-0.05669076462	0.07338918636	-0.01077557421	0.04711653997	0.008052114554	0.01728154974	0.0736721865	0.04968443947	-0.06055573318	0.02291639825	-0.004233366491	-0.005505185925	-0.02933653812	-0.0804871062	-0.06769691086	0.02910744689	-0.005299482338	-0.03834160802	-0.06532767725	-0.01345518921	-0.03580070415	0.001684213701	-0.07318244046	-0.08253370886	-0.0744589289	-0.03123130815	-0.06849825836	-0.008891005339	0.0122974267	-0.005300311576	-0.02584451293	0.02157222188	-0.03187327746	0.07576198324	-0.05294361889	0.0255334979	0.02611808129	-0.01908838532	-0.06326681144	-0.0133932343	-0.004560742323	-0.01066243655	0.08907863329	0.01341773373	0.05851549443	0.08341902245	-0.07839505574	-0.06799754249	-0.03830837373	0.0315846639	-0.06619868368	-0.0502085052	-0.01868852319	0.06000894662	0.002156786596	0.02191495806	-0.0216101704	-0.02322766146	-0.0455187034	-0.06334337095	0.1154751284	-0.00249960877	-0.01108779876	0.02228863191	-0.07196763844	-0.04376110768
-0.1561681549	-0.1515265609	-0.1608313141	-0.1665693342	-0.1052755646	-0.1049131446	-0.1230180214	-0.1684635634	-0.1725963088	0.5731247557	0.5799389668	0.5756078445	0.5411325316	0.9970951314	0.9819595408	0.5330970709	0.5782034867	0.5732026137	0.9179995271	0.5437612554	-0.04761597237	-0.05815912616	0.9882270864	0.02698129576	0.02246367823	0.9813452222	0.9850660085	1.003512035	1.030504211	-0.00608336767	1.155234341	-0.01294592705	0.004362480648	0.453961512	0.02069358622	0.9837068249	-0.164647543	-0.1650920772	-0.1808447137	-0.06246494109	-0.01641869274	-0.1624649347	0.5572103212	0.05921829899	0.9827195725	-0.116383029	0.04905862052	-0.0619020102	-0.004459198078	-0.04132261021	0.01832499374	-0.03590965116	0.9752950358	0.9883654512	0.9573160807	0.0003313957741	0.005024377897	-0.04883477562	0.5627418245	0.5613577558	0.539873083	-0.0585461056	0.9833093253	-0.0002746735273	-0.0192948831	-0.0188590209	-0.1187195672	-0.07281142532	-0.1499189635	-0.1752687507	-0.1675087948	-0.1523053236	-0.152132275	-0.1842750613	-0.1664518425	-0.1843803183	-0.1396790049	-0.144551505	-0.1856704033	-0.176103262	-0.1056476616	-0.1262149282	-0.1733751619	-0.1074353515	-0.1708286961	-0.1718987581	-0.1649138612	-0.143887635	-0.1780484237	-0.09154478492	-0.1350361807	-0.1750128955	-0.1081374195	-0.1919778874	-0.1246427552	-0.1685439594	-0.1568107125	-0.1592014089	-0.183952637	-0.1633024997	-0.1633320267	-0.1780521992	-0.1222057801	-0.1516447284	-0.1359952049	-0.1289789093	-0.1616550563	-0.1515755229	-0.1415715136	-0.1427972467	-0.1677768884	-0.1636650487	-0.1407983889	-0.1616113575	-0.1676144367	-0.1715122444	-0.1631886282	-0.1732781279	-0.1783773263	-0.1458833817	-0.1768572466	-0.1543473276	-0.120879647	-0.07372748033	-0.1398913542	-0.0939802354	0.5466910435	-0.1720544345	-0.1612920346	-0.182674563	-0.1576671871	-0.1596729072	-0.1355481611	-0.165918075	-0.111464494	-0.1840724209	-0.1435932974	-0.1566605657	-0.1538089304	-0.1562112004	-0.1195986229	-0.1662659068	-0.1459463511	-0.1692853547	-0.1864385376	-0.1729446904	-0.1773720297	-0.1631911078	-0.1364939896	-0.1489275632	-0.1753008152	-0.06982432209	-0.07670433041	-0.1062979649	-0.05674693689	-0.04318605466	-0.01258665906	0.002404935785	-0.08912406739	-0.06907189152	-0.04143348147	-0.1372809839	-0.07532371668	-0.1752757995	-0.1880319102	-0.1652092832	0.01900893864	-0.1285287823	0.02228543253	-0.0841504072	-0.1086030355	0.02286671275	-0.06569113775	-0.1741773564	-0.06930741396	-0.1619371543	-0.1251279941	-0.1589414999	-0.1982687966	-0.1872639093	-0.1043581498	-0.1555728402	-0.150998463	-0.1834677539	-0.1576218956	-0.14290828	-0.1354040831	-0.1787208138	-0.1770790536	-0.1850952165	-0.154820106	-0.1763613849	-0.1365804912	-0.09390343639	-0.111027831	-0.1267572483	-0.1038067042	-0.1485314124	-0.05782492047	-0.1628705521	-0.1386480905	-0.1311453248	-0.1483362943	-0.1711649846	-0.06798051837	-0.163241877	-0.1110139712	-0.01792850874	-0.06054172704	-0.04304239639	-0.06059178833	-0.1701863644	-0.1522092718	-0.1510596931	-0.09088583653	-0.1803980333	-0.1470006386	-0.1309467503	-0.02965416636	0.4981968053	0.4594265464	-0.1742172047	-0.1564998911	-0.1763368607	-0.184616511	0.07230460889	-0.1413054779	-0.05961002261	0.4862839438	-0.1677499084	-0.1470025896
-0.04202322394	-0.0004764420751	-0.02857664617	-0.07061958651	0.05347855898	0.0352344748	0.03324724415	0.01473216212	-0.06427479863	-0.01916851428	-0.01454606904	-0.01078855108	-0.01778728853	-0.0075675734	0.00786788377	-0.009237350403	-0.01504852739	-0.03238961071	0.001039436301	-0.01028319472	0.1437308929	0.1486846352	-0.04647396188	0.07821205726	0.08152889301	-0.002356433596	-0.01272585494	0.003196446785	0.00388792212	0.09665243763	-0.01294592705	0.4857036877	0.1002226899	-0.02370681703	0.1880083084	-0.01232746906	-0.02296864123	-0.010258559	-0.03545936668	0.05541796161	0.1096490297	0.01570549199	0.001050050843	0.0230695598	0.01539392846	0.06070317251	0.1345386839	0.05647941592	0.08803427436	0.1873530823	0.08064071399	0.1305224128	0.01626421487	-0.00627272375	-0.01124991108	0.1025866373	0.08870163519	0.1243688258	-0.003025192621	0.006707282987	-0.02252437645	0.0906215149	0.0007334527615	0.14707711	0.1811512788	0.1165035587	0.03875400833	0.02216929229	-0.01407035877	-0.0294678688	-0.04244654117	-0.06309651498	-0.05844939827	-0.04508898396	-0.02627955988	-0.06863364625	0.01448620701	-0.01974234708	-0.06353549453	-0.03825993429	-0.03383478784	-0.06125379943	-0.07409654132	0.03024558208	-0.07060643042	-0.07131657581	-0.0467588276	-0.05076032616	-0.05927932603	0.005215371768	-0.06401971688	-0.05519695124	0.01538730224	-0.05794729524	-0.0471871209	-0.06434821877	-0.06524694606	-0.05916612492	-0.06588547165	0.01874246983	-0.06081273882	-0.05595415165	0.01741050795	-0.01692877653	0.03050458057	-0.04214351938	-0.07828075412	0.008664923945	0.01087066135	-0.05365871862	-0.07609506334	0.004100843932	0.02380213505	-0.0733153775	-0.07008286092	0.0001282782395	-0.06006699415	-0.05356694204	-0.07540707043	-0.0573933898	-0.06601960321	0.0218676565	0.02969048583	0.03515821597	0.02007392122	0.02828780281	0.0004374788259	-0.02475720525	-0.07472221417	-0.03889560065	-0.05794570744	-0.06539406251	-0.03698058546	-0.07602042169	-0.00757430154	-0.06286353482	0.01357820175	-0.06600021265	-0.04396455869	-0.003354690791	-0.0240664316	-0.05826965843	-0.05899482632	-0.06167981035	-0.06722234096	-0.07011375429	-0.03171267283	-0.05663303643	-0.01762627953	-0.06088497258	-0.008151031721	0.0982884577	0.01224997777	0.09869754632	0.06999361603	0.07248854676	0.08534664469	0.09999391711	0.07910549036	0.05809813247	0.0322754683	0.005330503615	0.08601142988	-0.06402281932	-0.06439487125	-0.05217342657	0.07394298684	0.005970169834	0.02698858571	0.007302403352	0.02317083598	0.05366613382	0.04347201093	-0.04963399272	0.03313069387	-0.0200661385	0.01035043971	-0.04307131044	-0.05330534253	-0.08222873321	0.01705457673	-0.07117919005	0.00539961963	-0.04542984935	-0.01870939856	-0.0398523322	-0.02310829943	-0.07697339463	-0.05944693931	-0.07689484392	-0.05453366176	-0.06609668557	0.01531198254	-0.00549329048	0.004710250134	-0.0051139676	0.04241615754	0.004549448589	0.05700681982	-0.05138184891	-0.00967802657	-9.841229332e-05	-0.02801663855	-0.06052940665	0.04356702228	-0.0196231807	0.01985236512	0.03095931488	0.07896994417	0.1164243793	0.1079385484	-0.05954500894	-0.01651501828	-0.03860558301	0.002345589109	-0.07628912062	-0.05267716086	-0.03411242894	0.1150205911	-0.03541218464	-0.017077194	0.009395228624	0.00222489843	-0.001683751559	-0.07170759002	0.08404412687	-0.007821273236	0.03371534218	-0.03126484872	-0.04812330535	-0.03855508436
-0.04697758132	0.01100584612	-0.02189983344	-0.01660703825	0.009070752982	0.0501514594	0.1213448051	0.0825670909	-0.05736884242	-0.05419375253	-0.05216640574	-0.0497141741	-0.04398189041	-0.006738921157	0.01153914199	-0.03841087852	-0.05474583211	-0.04982563718	0.00743878549	-0.04309439025	0.1792084158	0.1939644247	0.0001731419259	-0.01187864926	-0.008491992485	0.00506840116	-0.01159446549	-0.007358009518	0.01155253172	0.005350486184	0.004362480648	0.1002226899	0.4962586539	-0.01844229302	0.1760770154	-0.01694353453	0.08723040943	0.09512571198	0.09435699109	0.1343485094	0.1389327251	0.09108862059	-0.03381812814	0.0009043748977	-0.0009231442305	0.08706893435	0.05819849819	0.128395856	0.002938244956	0.1676105005	0.005504764484	0.1152553426	-0.003285211884	-0.004531813364	-0.003371205776	0.007033284313	-0.006982327724	0.1993984446	-0.01440322024	-0.02899823991	-0.05321114938	0.08423306141	-0.003389042161	0.1225628387	0.13371257	0.1202275197	0.03342900329	0.1135843053	0.09437102584	0.03254262297	-0.02031032805	-0.04110532367	-0.03954523699	-0.03612436679	-0.05236883339	-0.05162932531	-0.008182976871	-0.04371561841	-0.04678152751	0.06884805267	-0.08070223869	-0.09158799257	-0.04862079267	-0.06646826654	-0.07667683482	-0.04134696478	-0.02679033383	-0.05869862675	-0.06532433313	-0.02354542072	-0.04505995063	-0.04513452426	-0.04019609477	0.04106785231	-0.0814514725	-0.05376856606	-0.0604734285	-0.07322798737	-0.03113487487	0.002394067089	-0.07086228544	-0.01412728495	0.05981951461	-0.01946907189	0.003590658891	-0.02006348908	-0.04673528438	0.003734919643	0.02829667832	-0.0671102833	-0.03737648647	0.05873640067	-0.02239985208	-0.06327961255	-0.05164031608	-0.01985077942	-0.04969095943	-0.03049388863	-0.03956738039	-0.07193704399	-0.07368837818	0.006217655406	-0.02188699642	-0.04116845744	-0.02870315129	0.05068394311	-0.03349170655	-0.02139631072	-0.04966960505	-0.02757034908	-0.07158067487	-0.06370565256	-0.05240285748	-0.07573760327	-0.001373264937	-0.0334080304	8.303801694e-06	-0.05917859472	-0.04308039008	-0.046588314	0.07016372083	-0.03848715862	-0.07326381633	-0.04618090913	-0.03898818476	-0.03930503226	0.04211957015	-0.06728697611	0.07354389542	-0.07042738027	-0.05157160496	0.01448914324	-0.04679267661	-0.0008560421343	-0.05359805883	0.06117444694	-0.01229936802	-0.03612655303	-0.05941353971	-0.01001851934	-0.01575505228	0.007930462089	-0.004670557454	-0.0424869237	-0.0231317605	-0.04416741684	-0.02803163033	-0.007345689055	-0.01979196728	-0.02818205858	-0.02356403571	-0.03392579684	-0.05440846507	-0.01490263071	0.0009102356906	-0.0314965268	-0.01494643779	-0.0433909169	-0.04506817101	-0.04576748161	-0.00136332451	-0.05508915875	-0.0254294448	-0.02118297946	-0.06069772235	-0.05646908656	-0.0383787262	-0.03314355259	-0.009315823029	-0.04952938629	-0.05328553279	-0.03356750536	0.0471891772	0.04223021903	0.03735902684	0.02525736565	0.03134734671	-0.02667436964	0.03459845025	-0.0824851708	-0.05925576439	-0.06231310265	-0.06245647319	-0.07494952081	0.1122504748	-0.06490251657	0.1216175909	0.03922597561	0.07672574551	0.1667118908	0.2131034018	-0.01730804911	0.05501823005	-0.0405918402	-0.02748870011	-0.02921360324	-0.04255986292	-0.05261885726	0.3119418964	-0.0139497025	-0.007904483014	0.003993086747	-0.0002126985651	0.05433143456	-0.04613878336	0.03988305726	0.02036813745	0.176251878	-0.02305989737	-0.008708369539	0.01190335685
-0.1408509384	-0.1182295437	-0.1132473308	-0.136578421	-0.1119898457	-0.07826343105	-0.08127791304	-0.1024565399	-0.1246814127	0.5298172759	0.5169539794	0.5233724875	0.5105488073	0.4614092632	0.490561642	0.5044747885	0.5214466182	0.5206153055	0.5094448205	0.4984339699	0.001301591683	-0.001191224609	0.4834533483	0.01949781251	0.01802681888	0.4711225137	0.4628617014	0.4673880714	0.4586535501	0.01835166459	0.453961512	-0.02370681703	-0.01844229302	0.8912160696	-0.03990513816	0.4663999211	-0.1195166618	-0.1267288674	-0.1429491273	-0.07053262591	-0.06740251905	-0.08398097513	0.5445795809	0.1869943704	0.4887354731	-0.05926598111	-0.007973665616	-0.05066294061	0.007798790087	0.004608041187	0.01235072723	-0.02272991883	0.4821222601	0.4583421533	0.4420251672	0.01711627862	0.009239401457	-0.004815998875	0.5464679178	0.5418101949	0.5531533427	-0.009490139645	0.4584436469	-0.05004690759	-0.04061899859	-0.01136037252	-0.07923951305	-0.06050551568	-0.1220903709	-0.1363423569	-0.1289659691	-0.1191575429	-0.1181559889	-0.1213445001	-0.1248635346	-0.1445198248	-0.1106631652	-0.09558079134	-0.1308246369	-0.1390889315	-0.02744374781	-0.05830769147	-0.134465073	-0.08316991021	-0.1341765144	-0.1358412681	-0.1221417718	-0.09948108698	-0.120018922	-0.02150568839	-0.09288933592	-0.1074728287	-0.07933754604	-0.1467643483	-0.08868578324	-0.1146414411	-0.0991547345	-0.1094277037	-0.138453983	-0.1236324022	-0.1151390855	-0.1309550422	-0.1099307905	-0.1111179487	-0.1257496126	-0.1106210851	-0.0809244863	-0.1093129539	-0.1153987431	-0.09340616663	-0.1370622265	-0.08739304189	-0.1190338142	-0.1163447137	-0.1348128284	-0.1156915474	-0.1246251075	-0.1216163186	-0.1194025121	-0.1031978301	-0.1226579411	-0.117705308	-0.07075945763	-0.04059087454	-0.08894741156	-0.07679494406	0.5345704091	-0.1177180451	-0.08051676194	-0.08981752515	-0.1071514909	-0.1048832035	-0.1366977041	-0.1159962005	-0.1369016093	-0.1339052636	-0.0764087741	-0.09985956439	-0.1036603534	-0.06152704277	-0.08707641332	-0.1234374386	-0.1133509215	-0.1141107936	-0.1362945251	-0.1193090311	-0.1369171146	-0.1178313016	-0.1033156012	-0.1157179379	-0.07335160465	-0.04584302757	-0.04013514623	-0.05081845827	-0.0400119138	-0.001359795249	-0.02427263757	-0.00346911593	-0.06038065647	-0.02216334281	-0.02226429799	-0.09469503422	-0.002552860968	-0.1391601003	-0.141907126	-0.1153973105	0.1092546806	-0.0711922711	0.04757910617	-0.02330695922	-0.0413968053	0.06106531324	-0.06882825325	-0.1208997266	-0.05428679481	-0.100974298	-0.06883682968	-0.1045627092	-0.1371389395	-0.144245393	-0.07343503172	-0.1089421329	-0.1446629379	-0.1484959978	-0.1213326843	-0.1300749609	-0.1188044755	-0.1388064754	-0.128166592	-0.1454269894	-0.09667718604	-0.1350425345	-0.1041456966	-0.08335056566	-0.09874286368	-0.1097125373	-0.09429972718	-0.09392610126	-0.06265665019	-0.110237231	-0.09359170451	-0.07601424665	-0.0981745403	-0.1125851822	-0.05096119964	-0.06736348368	-0.09888745608	-0.003712394748	-0.07279818784	-0.03133378182	0.001736455788	-0.1221479016	-0.1231991931	-0.1002204596	-0.0587055554	-0.1449876797	-0.10548583	-0.1039224222	0.02089672908	0.5719102768	0.7505574608	-0.1292002306	-0.1046003918	-0.09354528627	-0.1425093786	0.01560891987	-0.08911649403	-0.04991909765	0.641877335	-0.1245202332	-0.09141707461
-0.04078909857	0.006779886126	-0.03978560942	-0.02989997928	0.07804195775	0.03789515807	0.1004844759	0.04039022771	-0.06653663795	-0.0209808695	-0.01849031097	-0.01308130818	-0.00959607763	0.01665681195	0.01925461027	0.00236529487	-0.0144617438	-0.008867697605	-0.01262917417	-0.001576672495	0.2062483812	0.1580802634	-0.01290764074	0.03812948935	0.04992979175	0.0354109675	0.01466957088	0.01407365668	0.02262223079	0.06055092306	0.02069358622	0.1880083084	0.1760770154	-0.03990513816	0.4857139186	0.003373808289	0.02834277263	0.01023821966	-0.004515373663	0.1121888254	0.1629688608	0.02746170079	-0.02140565951	0.0008216993309	0.01978480792	0.1038958248	0.1684660905	0.1024538132	0.04186151104	0.1876526465	0.05839281131	0.1137149497	0.02243596109	0.01704177566	0.03034934787	0.05962849324	0.04593155017	0.1504202983	0.004932772795	-0.002055663812	-0.04361400283	0.1102732568	0.00480754099	0.149164565	0.1900954593	0.1228618888	0.01007571076	0.05955696119	0.01015290869	-0.01624320475	-0.01457254493	-0.03931777358	-0.0387487294	-0.04602608502	-0.04752069741	-0.06127474887	-0.01318095088	-0.04825070658	-0.06229206627	-0.0123189321	-0.05200733883	-0.07865275303	-0.06887903516	0.004220096637	-0.07392431831	-0.05907093174	-0.05499570285	-0.06097728245	-0.05515075429	-0.003655334195	-0.06586265686	-0.04508009917	0.01135578704	-0.03456143156	-0.06596772217	-0.05794882347	-0.06237877995	-0.0583161027	-0.0576980034	0.00255515162	-0.05906839504	-0.03967903617	0.01683798262	-0.01490352416	0.03107914695	-0.03207390264	-0.069484909	-0.0190411896	0.01281615266	-0.06883168265	-0.04594651246	0.01900388279	0.01254571177	-0.08115857301	-0.06405325284	-0.01555049973	-0.0624635859	-0.05971599076	-0.0788777876	-0.06996404541	-0.06082762459	-0.01548035182	-0.0290165042	9.447935986e-05	-0.01694381117	0.02138713827	-0.02192433793	-0.04031814682	-0.06671233823	-0.03407527247	-0.05639528495	-0.0558023302	-0.0311741102	-0.08479004768	0.02542389376	-0.04076278406	0.003042314315	-0.06243413062	-0.07216108172	-0.02886652109	0.004452763155	-0.05709371121	-0.0700933251	-0.06498477466	-0.07446658407	-0.07633503049	-0.003318642715	-0.08120468942	0.006673111953	-0.07443140154	-0.02801851228	0.0653278535	-0.04359592958	0.01535557721	0.002924401914	0.09309999606	0.04390081192	0.03109103337	0.002532315418	0.009821131281	0.03958897717	0.0045538863	0.02262649171	-0.06708684558	-0.05275461058	-0.03359710649	0.002395796302	0.001333148743	0.0138607871	-0.00427058175	0.00459544464	-0.003587635115	0.02431586456	-0.04604068736	0.02867809931	-0.04061348496	0.005326245601	-0.03835873591	-0.05434542391	-0.07369279978	0.01293477857	-0.0758756679	0.006858029548	-0.03502891654	-0.03137446375	-0.02263781029	-0.01862553356	-0.05748786326	-0.04276345725	-0.0680022556	-0.06149396185	-0.03227635911	0.02309555542	0.01315795891	0.004619678936	0.0168950452	0.02342196518	-0.02179823946	0.03267473275	-0.07961260083	-0.05283001009	-0.03844494302	-0.05222668279	-0.07918252807	0.1054615373	-0.04972738627	0.03531757627	0.04937256443	0.07708043332	0.1472320924	0.1349374866	-0.04605567315	-0.005546267216	-0.04463070894	0.0005265520088	-0.04154326358	-0.04670910787	-0.04096295179	0.1791859075	-0.03636723288	-0.03134280567	-0.01277645773	-0.02813864073	0.01516418725	-0.07334424546	0.107104014	-0.006720832099	0.0983843359	-0.04645879444	-0.02847422599	-0.01684313259
-0.1577456772	-0.1522776273	-0.1594189094	-0.1701652051	-0.1093093025	-0.102585809	-0.132698676	-0.1716943651	-0.1749643795	0.5894070675	0.5695515942	0.5786265037	0.5472946105	1.028994126	0.9754248288	0.5536725189	0.5784158509	0.5926899868	0.9169413753	0.542665616	-0.05524292699	-0.07240828252	0.9442439236	0.01649077612	0.007156117904	1.033690681	1.040507958	1.032223765	0.9701741731	-0.01535467824	0.9837068249	-0.01232746906	-0.01694353453	0.4663999211	0.003373808289	1.194921274	-0.1654739868	-0.1682629543	-0.1840892687	-0.08066585342	-0.02889856879	-0.1644791108	0.5736311991	0.05445995762	1.052622581	-0.1180736899	0.0485423105	-0.06140776694	-0.0233081793	-0.05065035855	0.01039100029	-0.04449004111	1.064620772	1.007689984	1.037201686	-0.008674207903	-0.005760477136	-0.06784410528	0.566836603	0.5885171393	0.5580437114	-0.05210562588	1.011142391	-0.02722667687	-0.03557244595	-0.02716952263	-0.1277263176	-0.07294367916	-0.165778153	-0.1804244308	-0.1718523242	-0.1571376903	-0.1568785797	-0.1843079006	-0.168304733	-0.1847276064	-0.1442371104	-0.1463752266	-0.1835003818	-0.1807576537	-0.1044915373	-0.1280557156	-0.1734021523	-0.1012730489	-0.1721757918	-0.1743896429	-0.1687161599	-0.1468312256	-0.178672077	-0.08801009448	-0.1394625282	-0.1772634356	-0.1105901608	-0.1936934377	-0.1292069946	-0.1721184876	-0.1562090263	-0.1580990867	-0.1851425713	-0.1685074392	-0.1620244164	-0.1830520556	-0.1261575921	-0.1487306746	-0.1397557012	-0.1297090369	-0.1578971307	-0.1493749361	-0.1431989189	-0.1393199031	-0.1676740522	-0.1639641711	-0.1408694294	-0.1640045242	-0.1725793416	-0.1777840151	-0.1675657225	-0.1638847572	-0.1777568611	-0.1490123577	-0.1752655058	-0.1491230951	-0.1225788079	-0.07031175335	-0.1468652571	-0.1045222678	0.5616161278	-0.1615081729	-0.1584886929	-0.1839840741	-0.1536995963	-0.1580681192	-0.1366640741	-0.1664394532	-0.1284345159	-0.1765685557	-0.1264209027	-0.1586057255	-0.1555290734	-0.1346553571	-0.1341086242	-0.1741507185	-0.1509140193	-0.1673171636	-0.1863612956	-0.1724484946	-0.1820990624	-0.1673298751	-0.1514777798	-0.1540030764	-0.172482174	-0.06948551065	-0.08444991546	-0.1125491241	-0.05790249596	-0.03644701659	-0.02198985032	-0.0006087213571	-0.079865744	-0.0705050686	-0.03073009375	-0.1387527811	-0.06460539454	-0.1756352273	-0.1888614116	-0.1641157108	0.0295108446	-0.1316266066	0.02187689558	-0.08813926303	-0.1113778136	0.03220345513	-0.06744656518	-0.1757562316	-0.08291812049	-0.1647916291	-0.1269667711	-0.1614127096	-0.1955454217	-0.1881339115	-0.1025835324	-0.1587947709	-0.1526971903	-0.1854833272	-0.1478986121	-0.1316014871	-0.1285186918	-0.1817804461	-0.1773463698	-0.1850469752	-0.1599098988	-0.1801634617	-0.1396913418	-0.1115480442	-0.1306224146	-0.1322019138	-0.1166746318	-0.1400291814	-0.07576074148	-0.1659238141	-0.1432744613	-0.1303466525	-0.1527666638	-0.1720180781	-0.08080617974	-0.1492485161	-0.1140579079	-0.02247818618	-0.07478669112	-0.05182088412	-0.06343274051	-0.1715202373	-0.1588959094	-0.1540644105	-0.08608138172	-0.1807829122	-0.1461799438	-0.13436248	-0.05403138252	0.5255670132	0.4692300759	-0.1741105728	-0.1617414118	-0.1787287964	-0.1850229283	0.07378914147	-0.1462363289	-0.08764575106	0.4884521994	-0.161571946	-0.1383161158
0.0411034628	0.05902644922	0.07622317548	0.08604358793	0.07900964955	0.01741990057	0.1152659185	0.1250887414	0.03350508703	-0.1732267283	-0.1690471277	-0.1731963359	-0.1630929559	-0.1689796758	-0.1742088899	-0.1600792352	-0.1696961761	-0.1716855105	-0.1684494556	-0.155589405	0.02362177266	0.0144129719	-0.1679252823	-0.06931375504	-0.0691045176	-0.168181377	-0.1700736823	-0.1695076859	-0.1670196759	-0.07607520768	-0.164647543	-0.02296864123	0.08723040943	-0.1195166618	0.02834277263	-0.1654739868	0.3275719245	0.1815256676	0.2194625965	0.1473492666	0.04249525851	0.1760144585	-0.1800436853	-0.06024524046	-0.1821699416	0.1275526665	-0.04410671637	0.06154776678	-0.06531720068	-0.005145540819	-0.05956270048	-0.02147587239	-0.1747394416	-0.1699419844	-0.1590858711	-0.07793592078	-0.06777957764	0.04533107927	-0.1839952653	-0.1713872684	-0.1740632838	0.04181785152	-0.1713695671	-0.006823488267	-0.006895771896	-0.01608948657	0.07003783637	0.09799102878	0.1272478406	0.1672921182	0.03743961756	0.05312151667	0.05731813538	0.05313044021	0.05342519118	0.06534557127	0.004203443261	-0.02813345173	0.09806104049	0.1856616061	-0.04490357583	-0.02534130019	0.05609732916	-0.0377466564	0.01582609786	0.04831568599	0.03776655387	-0.007489707168	0.01039721655	-0.07704675422	0.03860297477	-0.003965320182	-0.04553181426	0.1822694563	-0.03006709398	0.002489353285	-0.01949710764	0.009965679183	0.1002035602	-0.01514637283	0.02512958604	0.06933627842	0.1103173174	-0.02441698623	0.07078751144	0.009288376011	-0.007895673205	0.06207989687	0.07112757406	0.02238291848	0.05827516587	0.1593944096	0.06263789415	0.01512393238	0.04344116425	0.006567266587	-0.02243380985	0.04222369191	0.09401080455	-0.02140745866	0.005090683058	0.01408261783	-0.01496652586	-0.06644523583	-0.009069529997	0.01862407097	-0.1763079026	0.04899621931	-0.009017297466	-0.01621326642	0.008826661729	-0.01170109058	0.02055954829	0.0361531497	0.01934805783	0.02500359007	-0.05031413135	-0.01917892538	0.03810024776	0.00588879577	0.07421105291	0.07351863866	-0.009390081967	0.09225638952	0.1085217113	0.08790509793	0.1796461217	0.004471079618	0.09544565568	-0.003049733189	0.02920138886	-0.007827466412	-0.02397650996	-0.01177770002	-0.07447171037	0.005217653843	-0.07898786279	-0.09490021623	-0.07006167016	-0.0384318982	-0.03036024912	0.05798503122	-0.060742939	0.05194437366	0.09958911689	0.003738788259	-0.09691793877	-0.03229946195	-0.1135772424	-0.07072727156	-0.0629781246	-0.1248358196	-0.07344213822	0.05583217613	-0.006027177873	-0.02016891806	-0.04809189977	0.01451299385	0.06397122327	0.03908795883	-0.05438742887	0.008432233684	0.03135550807	0.04370235471	-0.03256997604	0.04960919456	-0.001530892343	0.05422838172	0.1337100414	0.06821565533	0.03573064373	0.07620513227	0.04907677522	0.0003917926331	0.003421251026	0.04205996347	0.04654546334	0.04784669548	-0.00747647215	0.04755956245	0.002645558978	-0.01402633918	-0.01041495533	0.07841053466	0.06709427886	0.01159605122	0.1316297932	-0.01798621498	0.01764938041	0.01333397743	0.01803158236	0.1049163167	0.1079329438	0.05320655101	-0.04725583179	0.02543945326	0.01132184731	-0.002475950518	0.05543309441	-0.1555224688	-0.1136393627	0.06055004188	0.02137836505	0.1630660003	0.06631196483	-0.05762240591	0.03310703095	0.05706697863	-0.1645458588	0.08133757051	0.04339293699
0.02928487148	0.05497206802	0.06083742265	0.07358604744	0.1118387144	0.02051569429	0.1070167907	0.1403324373	0.03152763713	-0.1726083697	-0.1680234667	-0.172287727	-0.1628456143	-0.1729115344	-0.1770561093	-0.1583029457	-0.1705182911	-0.1746889024	-0.1734546623	-0.1545201555	0.01664203149	0.0102830457	-0.1694230911	-0.07897224231	-0.07733536418	-0.1744906823	-0.1701181874	-0.1732051286	-0.1719327165	-0.08066662101	-0.1650920772	-0.010258559	0.09512571198	-0.1267288674	0.01023821966	-0.1682629543	0.1815256676	0.3123678184	0.2396492111	0.1558585505	0.04298610893	0.2427882517	-0.1808043582	-0.06665921712	-0.1817880703	0.09502210711	-0.03422282912	0.08672181602	-0.06780557795	0.007575345109	-0.06624811067	3.034498885e-06	-0.1745604332	-0.1717595742	-0.1626362547	-0.08433029083	-0.07560002852	0.0440116756	-0.186721684	-0.17647814	-0.174983196	0.02365115454	-0.1765145038	-0.007709949554	-0.01104526317	-0.0002811516105	0.05745726261	0.1130330294	0.1142040689	0.1652372996	0.02537191785	0.06748470966	0.06867534702	0.05868442228	0.06505544062	0.05305486729	-0.00541013716	-0.02658886161	0.07137727913	0.1924092267	-0.0509677585	-0.01688953622	0.05655566885	-0.03365649165	0.03117894563	0.02270661512	0.02746507552	-0.0001672965611	0.01345690656	-0.06797056591	0.007301656671	0.002743294182	-0.02150945126	0.1769344683	-0.02425201345	0.02867882727	0.007372412475	0.004319369358	0.08514382449	0.01146857513	0.007229623842	0.06607141517	0.08945580782	-0.01631032943	0.05242283146	0.01344167698	0.002437570614	0.04004103981	0.08244948471	-0.01065264883	0.05383231866	0.2154580064	0.05601700008	0.006848862828	0.04089756103	-0.007875522573	-0.000968388067	0.03263480773	0.05058215338	0.005148007294	0.007945698531	0.009837931441	-0.02790609821	-0.08594382628	-0.01845800371	-0.001689361455	-0.1768167533	0.02500107243	0.004833500488	-0.01849322463	0.003354633906	0.002806487023	0.02590134792	0.0421463135	0.001096541247	0.04932810295	-0.02429986652	0.007719536843	0.03895581938	-0.01167100001	0.07192007238	0.0381776168	-0.0008238756989	0.03494487253	0.08004109193	0.06169661567	0.1553077411	0.0007964955034	0.08586447786	0.005644842551	0.01250066529	0.0125554339	-0.01261533945	-0.01181916463	-0.0494655915	0.0001216092717	-0.07293362563	-0.1068590309	-0.06257979776	-0.03617791745	-0.05434322245	0.0453396627	-0.07044279419	0.04370377094	0.1235595465	0.02000965201	-0.09732339836	-0.03039351332	-0.09300683255	-0.0580920953	-0.04906429678	-0.1128000795	-0.05133410741	0.08736703731	-0.007020981881	0.01158498778	-0.04745112587	0.04317389784	0.08143263471	0.05795468723	-0.03729565891	3.229606922e-06	0.06036753311	0.0626671979	-0.0238492071	0.02242205209	-0.001752230614	0.04870448322	0.07264540851	0.0615289946	0.038522778	0.07285286582	0.05495460516	0.00123822723	0.02807581784	0.05891125348	0.04202141748	0.06994281534	0.02186487605	0.06174410284	0.01812651897	-0.0123130541	0.0004737849414	0.05263955194	0.06359285586	0.0321128537	0.1425800937	-0.02960746591	0.004622605279	-0.002259408577	0.001703396882	0.04684481204	0.1155340815	0.03400795258	-0.05392627251	0.03558656268	0.01146289476	-0.008490849647	0.03868569469	-0.1587943478	-0.1186891276	0.06374403384	0.01098376439	0.193901861	0.06615899885	-0.05227515523	0.0245756715	0.07136997787	-0.1628480917	0.07841885405	0.04407870981
0.04701434898	0.0740820877	0.08382011559	0.1373219431	0.08150169615	0.01143344344	0.1233613824	0.1354748939	0.05938792103	-0.1901896696	-0.1854054551	-0.1896512536	-0.1804034134	-0.1888703912	-0.1936863222	-0.1764429949	-0.1878821684	-0.1918453532	-0.1891186296	-0.1728761076	-0.006407192038	-0.008062124315	-0.1855177268	-0.08390502736	-0.08257302817	-0.1906064851	-0.1860365524	-0.1894982661	-0.1889450957	-0.08385972443	-0.1808447137	-0.03545936668	0.09435699109	-0.1429491273	-0.004515373663	-0.1840892687	0.2194625965	0.2396492111	0.3166611215	0.1431715385	0.04706327144	0.2332210748	-0.1991737771	-0.07105109933	-0.1969834024	0.0729334256	-0.06271605675	0.08255928047	-0.07180000214	-0.018041702	-0.06666657181	-0.00903894317	-0.1907250092	-0.1884038155	-0.1788078108	-0.08756922564	-0.07778683186	0.02780631916	-0.2039797437	-0.1945770233	-0.1922908579	0.008059148411	-0.1925247013	-0.02219881929	-0.02511166066	-0.00469844883	0.09342238579	0.1263664221	0.1820476833	0.1951825907	0.06230199452	0.06486812937	0.06607589432	0.07241896977	0.0616237608	0.06952723126	0.001887306157	-0.001321886996	0.0766347616	0.2636299079	-0.05357860073	-0.03329571355	0.0550664732	-0.04212545303	0.03528479691	0.04187256074	0.04448165985	-0.0185245647	-0.001047034203	-0.07955966445	0.03276083009	0.002087961281	-0.04280376411	0.2524622596	-0.03919020422	0.003412329926	-0.01875284234	0.001496028441	0.09144270797	0.005291953583	-0.00666756738	0.09852316429	0.1230530948	0.00978447145	0.07984551117	0.01883731492	-0.002922684068	0.04658192249	0.0469258126	-0.008662382633	0.09371619533	0.1887863816	0.05518892915	0.005920437029	0.04474062656	0.01128844554	0.003261181044	0.0352482944	0.07649586486	-0.02104538199	-0.006564504688	0.005469575223	-0.01361173446	-0.1054669294	-0.003534852112	0.002107604125	-0.1950369404	0.0601015841	-0.002725107124	-0.01144778947	0.0009206480431	-0.02368527352	0.02414624763	0.03004314832	0.02934457713	0.04615410856	-0.02703611208	-0.0184470594	0.02037860014	-0.01176408426	0.06993994117	0.05023151652	0.001996219137	0.06165182949	0.09703061543	0.0763222452	0.22937749	-0.01473998736	0.09195697085	0.008392185751	0.01750541968	-0.008852993615	-0.01504415966	-0.009455913971	-0.0537896778	-0.01241050499	-0.07046705223	-0.1026546218	-0.06092112462	-0.05348873552	-0.03244553848	0.06422759757	-0.07711514507	0.04395455655	0.1124219284	-0.00316056668	-0.1196743883	-0.02152500732	-0.0966489652	-0.06012937267	-0.05189563469	-0.1360155562	-0.04004472781	0.09181926236	-0.01522821108	0.01223592592	-0.03741831587	0.04679480369	0.09054193543	0.068753129	-0.05492204359	0.01161740822	0.05487817421	0.07686470713	0.01565484949	0.03972267568	0.002144916828	0.07766886024	0.1011783406	0.07149335594	0.02272699923	0.09721244013	0.04600975663	0.02565306218	0.02932729423	0.04362929645	0.04499787048	0.08205632499	-0.002798636188	0.05844366428	0.01220602155	-0.0110705812	-0.03618114544	0.06648627539	0.05057155942	0.02489332272	0.2182341413	-0.02609753732	-0.0155396727	-0.02158669638	-0.01330739882	0.07450876426	0.1543836219	0.02499839622	-0.04890936565	0.06013919148	0.00169911619	-0.006015445052	0.02111203738	-0.176815224	-0.1344783022	0.08820645691	0.03666964682	0.1638465806	0.06503457259	-0.06840467475	0.02773916682	0.06929302978	-0.1807744873	0.107652824	0.03167143178
0.006378458968	-0.008780645516	0.001343763023	0.00482345782	0.1104636487	0.04066247262	0.08512225226	0.06318208538	-0.03789669357	-0.08178768143	-0.07852379927	-0.08286945085	-0.07480352638	-0.07584589254	-0.0786708463	-0.0664630651	-0.07663066572	-0.07998801145	-0.1131338022	-0.06249607075	0.09837102072	0.1004974213	-0.09935214828	0.00372115241	0.005684941498	-0.07382211192	-0.07053263907	-0.07666370963	-0.07207145959	0.006401598882	-0.06246494109	0.05541796161	0.1343485094	-0.07053262591	0.1121888254	-0.08066585342	0.1473492666	0.1558585505	0.1431715385	0.3969169893	0.1499719756	0.1632084426	-0.07422459306	-0.005889735231	-0.08345275866	0.0766180241	0.06162770384	0.08257055714	-0.01774352954	0.08247701996	0.01486736873	0.01173713848	-0.08722334209	-0.07549896432	-0.06381705421	-0.0003832723987	0.008508457632	0.1272650588	-0.07616735395	-0.08502796239	-0.07332855016	0.0302430817	-0.07143882742	0.1145136625	0.1155720745	0.01035244047	0.04668144692	0.06935967872	0.0819059348	0.07737456628	-0.03949633245	-0.01860206495	-0.01702344051	-0.01413233149	-0.006558715341	-0.01639922324	-0.0384524652	-0.02805113288	-0.004260695722	0.1288180151	-0.06306080901	-0.0401406152	0.007865114962	-0.009024222922	0.006382612345	-0.02975662585	-0.03287526119	0.002432699474	-0.005776814521	-0.05724703013	-0.03912588106	-0.0199541081	0.010787694	0.08042276974	-0.02605094881	-0.007373751744	-0.01523656183	-0.01817026165	0.006423928434	-0.03164671435	-0.008298140684	-0.00827924616	0.03108358667	-0.04243830046	0.05759124353	-0.02865900296	-0.0274323984	-0.01105894348	0.002511422131	-0.03913527899	-0.02402483859	0.1371002428	0.04526814445	-0.03432248557	-0.02795572025	-0.01925072439	-0.01773349755	-0.03133499124	-0.01359870818	-0.01831083401	-0.01048592884	-0.03587424935	-0.01546455671	-0.03386099979	-0.01530318211	-0.01431523193	-0.07360280831	-0.01445373308	-0.02869038484	-0.03706427532	-0.01956006438	-0.01451020971	0.01112782001	-0.0008319467642	0.01704667836	-0.02570131708	-0.04540160952	-0.01490116578	0.01319548011	-0.0631616898	0.06316848054	-0.006493800389	-0.0138425769	-0.01534241337	0.002639224499	-0.01284613389	0.08066004368	-0.01861202178	0.08138684463	-0.007145188039	-0.02036317648	0.05749544025	-0.002681496468	0.0277388207	-0.007326625267	0.0447517761	-0.02008563924	-0.0232836539	-0.01643047007	-0.02714166698	0.0111968177	0.0190096254	-0.06047239561	-0.03464225271	0.007437397308	-0.01885131565	-0.04945968984	-0.05365252373	-0.06116500756	-0.04789344791	-0.04224844749	-0.06679460962	0.003027657333	0.01679513347	0.01750166593	-0.01861811255	-0.05526289925	0.002587617026	-0.01468991562	-0.008293387839	-0.03036154783	-0.02952891792	0.009662887961	-0.02090615231	-0.03591253511	0.01527913616	0.005188832411	-0.01655375909	-0.001981640181	-0.02069394536	0.006012056597	-0.009823628321	-0.009881398442	-0.008177950007	-0.01897625701	-0.01398939455	0.02499946996	0.03375550357	0.03972978904	-0.009164037163	-0.01274326965	-0.0188533604	-0.02105374438	-0.003169780517	0.07536563729	-0.01125156887	0.09014858621	0.05000113624	0.07557319397	0.06095975352	0.08539933983	-0.009195306532	0.0293316949	0.0008815483907	-0.04677092468	-0.03147626951	-0.007301098897	-0.01320127836	0.09943576629	-0.1008674991	-0.06478749867	0.01169830447	-0.01237847882	0.1045250709	-0.0161980561	0.03853760971	0.03733289325	0.1485815502	-0.1063557579	0.02275662153	0.001449052999
-0.01931071418	0.02274322	-0.03463051718	-0.01797588173	0.0881428784	0.06405866089	0.06358206913	0.04628894413	-0.05528181991	-0.04680912947	-0.04507803834	-0.04871465787	-0.04452132763	-0.02727547509	-0.03280631696	-0.0321220902	-0.0417698897	-0.04577067868	-0.0742396341	-0.03361794489	0.1260343605	0.1148386086	-0.05220222991	0.03256423998	0.03241362508	-0.03407384194	-0.02624095069	-0.03034051006	-0.03544244364	0.02559344335	-0.01641869274	0.1096490297	0.1389327251	-0.06740251905	0.1629688608	-0.02889856879	0.04249525851	0.04298610893	0.04706327144	0.1499719756	0.4384713414	0.0467176693	-0.03917607538	-0.01991713254	-0.03503513184	0.05458143309	0.13323951	0.1129270554	0.01161534516	0.09617636945	0.05226241496	0.06415531784	-0.04922578905	-0.02177368558	-0.02127241159	0.02314956587	0.02634188202	0.1415468941	-0.0415866672	-0.04848055185	-0.06199782006	0.02748096235	-0.0210778383	0.1380746451	0.1387054581	0.0554562972	0.02575122853	0.1015623022	0.06294058585	0.03492832481	-0.02005842563	-0.05103898807	-0.0462155504	-0.005933160374	-0.03941907111	-0.06402424903	-0.01701490903	-0.0242943064	-0.04451853537	0.03533961596	-0.0685148189	-0.0748767181	-0.05260999279	-0.01519335101	-0.04310997568	-0.0555345475	-0.03483080186	-0.03481301557	-0.03989306103	-0.04271549298	-0.05970614471	-0.0522727739	0.02372948191	0.02151217176	-0.04258099496	-0.03456070664	-0.03098493849	-0.05173151208	-0.02582042664	-0.009186599023	-0.03593438548	-0.01000526906	0.04501436967	-0.02753119773	0.04914693518	-0.01403154341	-0.05304076846	-0.0003536997565	0.03054516504	-0.04567016818	-0.02211572132	0.05531130296	0.04708643586	-0.07439122527	-0.06551712571	-0.002890811796	-0.02289539623	-0.05324123398	-0.04251523177	-0.0379180783	-0.04484078667	-0.01847623903	-0.02372631109	-0.02349857587	-0.01687966081	0.01197235271	-0.03936962543	-0.02539814528	-0.04881349379	-0.0509952642	-0.0495694957	-0.02976413309	-0.01183416108	-0.06807808895	0.04326579292	-0.01247699327	0.008494960239	-0.03173242741	-0.03763858609	-0.05038828417	0.01725527576	-0.02597140729	-0.03108041839	-0.03210503684	-0.03841945802	-0.04466346809	0.04160383853	-0.07671427433	0.0265559165	-0.02676007959	-0.003073344619	0.05147030006	0.01116871634	0.01898570323	0.01558654754	0.06122412666	0.01159717433	0.008132799398	0.009194206979	-0.02081202972	0.01239145722	0.003572026416	-0.01450167841	-0.05697279135	-0.02806989907	-0.02744986257	-0.04042199407	0.004744373038	-0.002566544287	0.006675916869	0.003718764787	-0.03150541006	0.01896364062	-0.009809566829	0.01570040963	-0.03431072869	0.00673617569	-0.004312816018	-0.02822264222	-0.05292468475	-0.005303460631	-0.06270754693	0.01810085725	-0.025569589	-0.02601092752	-0.009650649701	-0.007563790243	-0.02171378922	-0.006467449514	-0.06353456114	-0.03984954403	-0.02352837309	0.03112380767	0.03254533125	0.0113472153	0.008560024718	0.03330657158	-0.004107718158	0.0514739289	-0.05032316028	-0.02960882554	-0.03134577809	-0.03705742379	-0.03591451427	0.1971348239	-0.04328154704	0.07482770817	0.0360629445	0.08970105973	0.09253009506	0.09698056356	-0.009071392436	0.03972671795	-0.03742388561	-0.0222234992	-0.03326743337	-0.02363238115	-0.02960021542	0.1373073381	-0.07410502822	-0.06496654346	0.01485426631	-0.01010256678	0.03657546416	-0.05707297285	0.07725396425	0.01987059629	0.1093248605	-0.08111799563	0.01530793515	-0.01676104189
0.01632530301	0.01973351338	0.04201465072	0.06136435882	0.1058899723	0.01186479755	0.09235174447	0.1124378662	0.009214032409	-0.1658315109	-0.161318232	-0.1661458944	-0.1563777672	-0.1706856671	-0.1655400882	-0.1479528146	-0.1638819865	-0.1677300962	-0.1219791911	-0.144048603	0.1041385291	0.0950111611	-0.1300919377	-0.03226816504	-0.03216822049	-0.1695473464	-0.1650252801	-0.1710187642	-0.1704135093	-0.0345797567	-0.1624649347	0.01570549199	0.09108862059	-0.08398097513	0.02746170079	-0.1644791108	0.1760144585	0.2427882517	0.2332210748	0.1632084426	0.0467176693	0.3727774296	-0.1737720992	-0.02274244766	-0.1768256536	0.1797074699	-0.008609614869	0.1144482576	-0.01975394928	0.09806752424	-0.01688264973	-0.00833396384	-0.172795572	-0.1699780419	-0.1582473797	-0.04061753503	-0.02989086331	0.1291993763	-0.1744478144	-0.1704985153	-0.1680187645	0.09947641907	-0.1737240654	0.005526873447	0.00448454131	-0.00357615294	0.04168271847	0.09473142383	0.1061585491	0.1622179903	-0.003536099201	0.039253216	0.04050984026	0.05075373577	0.02828883985	0.03546576631	-0.0260202326	-0.04928970395	0.03254567651	0.1905357768	-0.009934060072	0.00730425079	0.03612826787	-0.03979993917	0.02815844271	0.0002927206122	-0.01119112346	-0.002699607586	0.02563676458	-0.03894394277	-0.008541366648	0.01490349111	-0.007411915506	0.1708453672	-0.01952408344	0.03100701382	0.01302676555	0.017267306	0.04271319231	-0.01409314078	0.0195859688	0.0318772856	0.08180890118	-0.05703678115	0.05697946009	0.01836250018	0.02636999848	0.02039055078	0.0327038167	-0.02755492875	0.02321292116	0.2912504026	0.01928583052	-0.01948177717	0.007339807729	-0.006924255703	-0.004014623283	-0.0002856935318	0.03163472396	-0.005000182172	0.02051217117	-0.01975959233	-0.03489310062	-0.06794662273	-0.02906197396	-0.04026867739	-0.1704458433	-0.006402685855	0.02863271799	0.00953849978	0.01639512849	0.007407900211	0.01710277483	0.03751587035	-0.0157010408	0.04042012462	-0.03898190418	0.01340440091	0.04212997992	-0.04271950876	0.05565027019	0.01279661598	-0.002806749271	0.01789231146	0.05406822528	0.0346068939	0.1464163369	-0.01677411328	0.07989382019	0.00358204748	0.04558046116	0.0192108421	-0.006590536914	0.001196357866	-0.04304296705	0.001009237751	-0.06168599592	-0.09441611006	-0.05142529078	-0.03845696388	-0.04537487045	0.04999677132	-0.04355588058	0.0001576901941	0.07391964895	0.03098739491	-0.07345727063	-0.04007067387	-0.08368262338	-0.0519852474	-0.04330621766	-0.09766292339	-0.05534928693	0.06169145659	-0.009265930549	0.00242787824	-0.04084422618	0.03424629568	0.04534652373	0.03606386257	-0.04895686861	-0.01496910515	0.03617410025	0.01809517605	-0.03429607468	0.005170003369	-0.01063464879	0.01404563088	0.05106522427	0.02491543605	0.04333465358	0.0401785023	0.02381414029	-0.02445572989	-0.01632876765	0.04192855458	0.01278941298	0.05139445593	0.00310728312	0.04602297392	-0.02304366248	-0.02344454142	-0.006950725877	0.05442875885	0.0767264095	0.06257104276	0.1403831145	-0.02814075609	0.0117754238	-0.01059257327	0.08469705792	0.02496494881	0.09436122095	0.03519998693	-0.03936820914	0.003962254899	0.02336940568	-0.009189177543	0.1199050063	-0.1128686674	-0.08372590757	0.02149298638	-0.0166237802	0.2448130351	0.0197439775	-0.0594713909	0.0001071431501	0.06517357299	-0.1110207322	0.04038716781	0.01117715159
-0.1566092595	-0.1531719886	-0.1611930907	-0.1870002984	-0.1168693195	-0.07774568694	-0.1420194135	-0.175427621	-0.1766505439	1.034728216	1.007568864	1.025866901	0.9831713407	0.5576875269	0.5800564265	0.9730572275	1.016929569	1.026941555	0.5081964839	0.9537944315	-0.05958596909	-0.05849079915	0.5244079999	0.01399728453	0.01426114132	0.5443459153	0.5639218247	0.5868212012	0.5488703673	-0.004627699801	0.5572103212	0.001050050843	-0.03381812814	0.5445795809	-0.02140565951	0.5736311991	-0.1800436853	-0.1808043582	-0.1991737771	-0.07422459306	-0.03917607538	-0.1737720992	1.223106231	0.1042653404	0.5875314583	-0.1161359842	0.03463698632	-0.07346249635	-0.01446319778	-0.0307880381	-0.004376318257	-0.05261792154	0.6076641215	0.5669630122	0.526558905	-0.0009713383695	-0.0009438770963	-0.0551797937	1.079031505	1.036298491	1.094888202	-0.05089687029	0.568235365	-0.01605453484	-0.02578982613	-0.03651513985	-0.1197956734	-0.0906512986	-0.1769738578	-0.1955206687	-0.1895802498	-0.1739654482	-0.1744612275	-0.1924548367	-0.1748908502	-0.1980722685	-0.1367252413	-0.1419272688	-0.1904740753	-0.1913651594	-0.09133766623	-0.1182956161	-0.177948101	-0.08531272466	-0.1827736704	-0.1807727441	-0.1696719093	-0.1487104065	-0.1917753175	-0.07627951644	-0.1325674757	-0.1918746358	-0.1142766566	-0.2110502695	-0.1316617503	-0.1866458494	-0.1692987866	-0.1631393494	-0.1961206311	-0.1718888767	-0.1680566288	-0.1933468162	-0.1455363038	-0.1556672348	-0.1445841556	-0.1523477413	-0.1588173032	-0.1542179858	-0.1465736064	-0.141591879	-0.1804222933	-0.175657633	-0.1256156899	-0.1725025729	-0.1802612079	-0.1777782206	-0.1751136842	-0.1708278171	-0.1818075992	-0.1530729362	-0.1889395821	-0.1355318999	-0.110718909	-0.06791943498	-0.1361956547	-0.0680845699	1.189375102	-0.1716538058	-0.1589985997	-0.1738118566	-0.1606728121	-0.1711089405	-0.1481689987	-0.1724910148	-0.1220071544	-0.1954362024	-0.1209141316	-0.1697751394	-0.1708673892	-0.1152512182	-0.1386150184	-0.1727597258	-0.1509261756	-0.1759214799	-0.1946273123	-0.1810923851	-0.1983504734	-0.17424975	-0.156314864	-0.153895772	-0.167860316	-0.06755249845	-0.08686749421	-0.108587247	-0.06785762316	-0.05511325981	-0.02047938981	0.00081219908	-0.07590985261	-0.07301456151	-0.04273216347	-0.135791475	-0.04901362033	-0.1803968315	-0.2010616314	-0.1712746543	0.05426771562	-0.1225923471	0.03954108041	-0.0782774505	-0.09016204211	0.05464982568	-0.05988915909	-0.1811592486	-0.09883578473	-0.1558237333	-0.1159619954	-0.1654032408	-0.1990885737	-0.1987551711	-0.1030065169	-0.1581898079	-0.1660781438	-0.2042367402	-0.1505415627	-0.1363592921	-0.1457213159	-0.2011819129	-0.1901814711	-0.1987998216	-0.1661395018	-0.1960240873	-0.1357679674	-0.09952045278	-0.1154446961	-0.1425877797	-0.112542843	-0.1287483371	-0.07692752178	-0.1682513532	-0.1311150838	-0.1198358982	-0.1566922518	-0.1799884124	-0.08679625027	-0.1189769948	-0.1300612609	-0.006318200795	-0.06696827687	-0.04964507573	-0.04336940911	-0.1829781801	-0.1793834282	-0.1540951577	-0.08378937472	-0.1997115125	-0.1600754986	-0.134294463	-0.01683462552	0.9216935208	0.5427500439	-0.1693886944	-0.1511234575	-0.1892761566	-0.1956464106	0.0559221522	-0.1467959447	-0.08985536124	0.9571487333	-0.1667732858	-0.1135692049
-0.07700100067	-0.04734812268	-0.05160709041	-0.0719406795	-0.06411474375	-0.000160928016	-0.01792316423	-0.04837512769	-0.03705425802	0.05810712931	0.05076744227	0.05742142488	0.04053901023	0.05828224539	0.07770748989	0.03151440713	0.04981288471	0.0593382134	0.09004928533	0.02150170068	0.06264249314	0.06756376492	0.09507693498	0.125158334	0.1181043381	0.06043966204	0.05578182328	0.05219763854	0.07507791498	0.1238409984	0.05921829899	0.0230695598	0.0009043748977	0.1869943704	0.0008216993309	0.05445995762	-0.06024524046	-0.06665921712	-0.07105109933	-0.005889735231	-0.01991713254	-0.02274244766	0.1042653404	0.5488705708	0.07695345126	0.006714572635	0.0535104363	0.004702453971	0.1220167167	0.06777980298	0.108971989	0.06546499152	0.0594280372	0.07374954678	0.03964046843	0.1294547063	0.1213926905	0.06034758605	0.09575550981	0.07671138251	0.1164474247	0.03397302372	0.06728194934	0.01294992163	0.03550770498	0.07863718659	0.004829992625	-0.00745621866	-0.05553412031	-0.08056712145	-0.05412061077	-0.0545999359	-0.05312688838	-0.04090673731	-0.04069433835	-0.07477602369	-0.01324879745	-0.004319341222	-0.05936881139	-0.05973030037	0.05365053309	0.02954201955	-0.05904950226	-0.02015224977	-0.04540206278	-0.059468206	-0.03852284335	-0.0106947687	-0.04777288166	0.0658331772	-0.01323069237	-0.02444699258	-0.004705430898	-0.07607516581	-0.008982500822	-0.03613519808	-0.02029719614	-0.03708314039	-0.06627241769	-0.06038050454	-0.04040496199	-0.05226209935	-0.05114016135	-0.02647305108	-0.06547976262	-0.04791430733	-0.0009071913142	-0.03764918759	-0.05588091102	-0.01001104987	-0.06838000707	-0.02540770464	-0.0628420646	-0.03578392118	-0.06947059991	-0.03974264096	-0.03752397183	-0.03746093525	-0.03202103641	-0.02550134156	-0.04536784516	-0.02314195057	0.01193030356	0.05088569961	-0.006810315456	-0.0003474105704	0.1012808217	-0.02787738985	-0.002146106675	-0.009776761328	-0.03439104368	-0.02652180791	-0.06846055989	-0.04355922348	-0.04422803192	-0.07840884536	-0.01359311702	-0.02171962265	-0.02160436792	0.0111182918	-0.010208341	-0.04352093577	-0.02370971145	-0.03139775275	-0.04833974222	-0.03159944322	-0.07175789876	-0.0263625515	-0.03410061802	-0.02683544027	0.01047155592	0.01629511528	-0.01737245531	0.01900302994	-0.004123279498	0.05967640195	0.01165435099	0.04727758523	0.02098598657	0.01024013998	0.01932025953	-0.01542874584	0.06359358555	-0.06788892227	-0.08622536875	-0.05349255102	0.1005259897	-0.02715115111	0.01769806266	-0.007109700928	-0.004139646302	0.04688839319	0.01653052788	-0.04209807211	0.01489881087	-0.01769390766	-0.02317212614	-0.03867205659	-0.06804008745	-0.06931461551	-0.003706792693	-0.01955099926	-0.08205873523	-0.08333351629	-0.03460409635	-0.05559783561	-0.03686385852	-0.06970278959	-0.05358053765	-0.0794007731	-0.0187093829	-0.07134995478	-0.03752485679	0.00137812595	-0.02301237933	-0.05189553575	-0.02007251983	-0.0277451395	0.008453441611	-0.03532906411	-0.007317119037	0.009276419215	-0.02032210365	-0.03140399381	0.01543641866	-0.02890872952	-0.03625285583	0.09375703372	-0.003857251529	0.03433728833	0.06254938224	-0.04565757211	-0.06026072374	-0.02993022957	0.01870882118	-0.0700556014	-0.03996541248	-0.01951989987	0.04664475203	0.09802072471	0.170412616	-0.04519546626	-0.006750573511	-0.03600687055	-0.07114542784	0.08746222564	-0.01353241511	0.002023904823	0.1545400676	-0.06100043154	-0.02381385793
-0.1603295044	-0.1634240432	-0.155053431	-0.1823258895	-0.1174021899	-0.1003575174	-0.1109808948	-0.1595061347	-0.1768788433	0.5966247124	0.5720384349	0.5805515376	0.5519699828	1.016279306	0.9921817179	0.5614301972	0.5851807083	0.5960852353	0.9388519922	0.5503788794	-0.02556967736	-0.04802162297	0.9504503299	0.004296486797	0.003329499581	1.039798519	1.049225101	1.041652946	0.9929075216	0.001542760903	0.9827195725	0.01539392846	-0.0009231442305	0.4887354731	0.01978480792	1.052622581	-0.1821699416	-0.1817880703	-0.1969834024	-0.08345275866	-0.03503513184	-0.1768256536	0.5875314583	0.07695345126	1.216766779	-0.12698911	0.04735657629	-0.05920346224	-0.01498633307	-0.02114874646	0.005730860106	-0.03274692407	1.050018602	0.985207352	1.008374153	0.009719571895	-0.008427050219	-0.06168873727	0.5978149273	0.6052771831	0.575362436	-0.06634028797	1.005743806	-0.03340006325	-0.01818794217	-0.01600653552	-0.1255594958	-0.08134921374	-0.1668222889	-0.1892234361	-0.1829967696	-0.1782964505	-0.178094399	-0.1851893556	-0.1726682764	-0.1911649859	-0.1508998683	-0.1421405655	-0.1856610209	-0.1946170818	-0.1155316194	-0.1375806619	-0.1793414015	-0.0982369823	-0.1794554383	-0.1777618073	-0.1699916729	-0.151019426	-0.1824651718	-0.08743495724	-0.1333120056	-0.1706094037	-0.1166362008	-0.2064774479	-0.1398916729	-0.1790214643	-0.1675014998	-0.1629534328	-0.1993168521	-0.1758844129	-0.1654058257	-0.1915723666	-0.1358762321	-0.1552710627	-0.1502958837	-0.1409272261	-0.1705584088	-0.1546263765	-0.1583938685	-0.135193899	-0.1771045012	-0.175446653	-0.1414267827	-0.1682155212	-0.1836795078	-0.1838833137	-0.1772423052	-0.1670412265	-0.1799161985	-0.158172399	-0.1817566348	-0.1483216153	-0.1184369053	-0.07338497142	-0.1423810623	-0.1048836753	0.5755598087	-0.1619135765	-0.171058817	-0.179592046	-0.1572423835	-0.1643346254	-0.1464593972	-0.1731367927	-0.1407030855	-0.1866522952	-0.1139630371	-0.1700482804	-0.160041062	-0.1166608529	-0.1304394188	-0.1643512293	-0.1513912478	-0.172632143	-0.1884129514	-0.1751152061	-0.1900092667	-0.1703247669	-0.1472919544	-0.1541658866	-0.1527149376	-0.0534327919	-0.08741925517	-0.09424539479	-0.04869590189	-0.0270556318	-0.01739305324	0.009587114177	-0.06113348931	-0.06298469357	-0.02565575256	-0.1494857106	-0.04279827936	-0.1784911642	-0.2022373732	-0.1643701547	0.05063671063	-0.1155570808	0.02640508315	-0.07177942865	-0.09310167964	0.04494886548	-0.07124705637	-0.1859534095	-0.08833798245	-0.1614659424	-0.1113918245	-0.167135847	-0.1991867055	-0.20114082	-0.09752650454	-0.1541112566	-0.1666577584	-0.1992952852	-0.153349937	-0.1418549144	-0.1237994196	-0.194711331	-0.1813438157	-0.1914715712	-0.161378314	-0.1934162005	-0.1510839744	-0.1193524218	-0.1391928097	-0.143631701	-0.1127378157	-0.1419078958	-0.07510557842	-0.1767230957	-0.1458745003	-0.1361281413	-0.1530234519	-0.1721505821	-0.08811699994	-0.1538359841	-0.1189873959	-0.008077016828	-0.07747808747	-0.03343714631	-0.04165245349	-0.1748427526	-0.1706944292	-0.1539946629	-0.1035748393	-0.1929257794	-0.1578043394	-0.1388393328	-0.03521291353	0.5437206982	0.4896102161	-0.18016609	-0.1700425728	-0.1923472269	-0.1931887842	0.07096836452	-0.1538905601	-0.08425133266	0.5273926233	-0.1705230189	-0.1439809864
-0.003216088698	0.02999127524	0.03897224677	-0.01755991834	0.06173807888	0.009571009475	0.02996748396	0.05982860087	-0.009044214802	-0.1141243181	-0.1086922347	-0.1147811558	-0.1055654507	-0.1164823922	-0.1088586279	-0.1064419384	-0.1100593013	-0.1159180446	-0.06744212785	-0.1024836889	0.1439414508	0.1613730774	-0.07999848371	0.0209231986	0.02116450301	-0.1159065589	-0.113106796	-0.1164212612	-0.1155542413	0.01748224053	-0.116383029	0.06070317251	0.08706893435	-0.05926598111	0.1038958248	-0.1180736899	0.1275526665	0.09502210711	0.0729334256	0.0766180241	0.05458143309	0.1797074699	-0.1161359842	0.006714572635	-0.12698911	0.4149688656	0.02044763774	0.1018930363	0.02972329261	0.1535109161	0.03939141522	0.04224732689	-0.120912806	-0.1211460365	-0.1129995054	0.01942007783	0.0289380624	0.1744523609	-0.1174857349	-0.1106107899	-0.1379380951	0.1686794642	-0.1147042256	0.02486343634	0.04522046734	0.04371572734	0.05482794321	0.1148824506	0.01692525586	0.05876455865	-0.01154892108	0.004213107843	0.002374382114	0.03185672985	-0.004172729981	0.01164831661	-0.005490406396	-0.06194408469	0.03572301843	0.09052329008	-0.007798990864	0.01979170162	0.004216077074	-0.04216129961	0.001172410976	-0.01913050732	-0.03119442731	0.005535349818	-0.01058287917	-0.0196797465	-0.01340733468	-0.02277913337	-0.01299783463	0.03391893188	-0.02074915321	-0.01309048073	-0.01612744786	-0.002138874886	0.04120801876	-0.0109312109	-0.005534065876	0.01582686405	0.04811689102	-0.04393549483	0.01092727695	0.007035216444	-0.001894102253	0.002607051703	0.04546200763	-0.002120595952	-0.01052469758	0.181410271	0.007894862302	-0.02207877934	-0.02055037133	-0.0206032479	-0.02410990189	0.0002831408772	0.03074357492	-0.02788128598	-0.01318985769	-0.001615888765	-0.01647293958	-0.003462208051	-0.01440479142	0.008601661356	-0.1139027212	4.972571066e-05	0.006659852428	-0.01965454024	-0.007298581715	-0.01100353054	-0.02644803947	0.001019178392	0.00329435319	0.02170362348	-0.04204292143	-0.01398919904	0.01293331032	-0.03607872517	0.02645025292	0.01423948235	-0.01554278207	0.04505404459	0.03185844841	0.0324918693	0.06332586082	-0.005207709839	0.02758161056	-0.0229796507	0.01890462097	0.01233616365	-0.01717885345	-0.01050480175	-0.05935500836	0.03101407985	-0.04714616831	-0.05095398786	-0.049706021	-0.0281511895	-0.04294531613	0.03541934335	-0.002049492216	-0.01946626875	0.02712270167	0.02388315495	-0.0532521853	-0.0492467119	-0.0612038154	-0.06657936039	-0.04392086107	-0.05132792179	-0.07266524291	0.02728168121	0.008939490664	-0.01353808601	-0.04792652928	0.01231027831	0.02938675402	0.01689324038	-0.0401184672	-0.01025480836	0.02911063462	0.0004054144187	-0.04715207262	0.01648296254	-0.03467641021	0.02164447715	0.03786162465	-0.003055726881	0.005353087933	0.0007162160711	0.03254284314	-0.01158039279	-0.01146427543	0.03627264426	0.01708938961	0.03157473552	-0.01561823457	0.02022062455	-0.06172822259	-0.03996038463	-0.009123756913	0.02863447448	0.09585301236	0.03678379291	0.0443115795	0.001117274688	0.04151597914	0.05751734536	0.1275309083	0.02835184254	0.02205838687	0.01748487603	-0.03879743277	0.009760618596	-0.007648763556	-0.02293046483	0.1961541549	-0.06521868711	-0.06369323379	-0.005019847258	-0.007483722831	0.1793863402	0.0043869885	-0.01279986725	-0.02534674289	0.03748796501	-0.06466007539	0.0129310448	-0.006204269539
-0.037793696	-0.01176296171	-0.05905879176	-0.05517662579	0.04531387601	0.02962832157	0.02269786913	-0.04288114496	-0.06817729118	0.03484806527	0.03267082803	0.0409787115	0.04157324177	0.0622655701	0.0475655399	0.05679395788	0.03258132656	0.03685525248	0.006404586595	0.04647806785	0.1155815622	0.1037057634	0.03140197699	0.09813310929	0.1003332744	0.03715213362	0.05646094703	0.06007476048	0.05117268625	0.0925606809	0.04905862052	0.1345386839	0.05819849819	-0.007973665616	0.1684660905	0.0485423105	-0.04410671637	-0.03422282912	-0.06271605675	0.06162770384	0.13323951	-0.008609614869	0.03463698632	0.0535104363	0.04735657629	0.02044763774	0.4742839126	0.06753438546	0.1097704558	0.123773783	0.1090213723	0.08293074146	0.04855960801	0.06833771674	0.0665872701	0.09817801663	0.09858986815	0.09384213609	0.04133542599	0.03098305921	0.005826536749	0.06213046896	0.06281604793	0.1239575824	0.1397421896	0.08274884644	-0.02022711602	0.0160072308	-0.03220892683	-0.06181922162	-0.05580324772	-0.07175537375	-0.06988433171	-0.05054513094	-0.05112000722	-0.05821387696	-0.02016584147	-0.01827591181	-0.07266990333	-0.06276381444	-0.04397311497	-0.0621161335	-0.06318034802	0.01876980055	-0.04996149774	-0.05517096246	-0.04223078484	-0.03902180228	-0.05571488894	-0.001863518104	-0.04492355153	-0.06963490843	0.01154788825	-0.07418863461	-0.04940330399	-0.05348247561	-0.04766688695	-0.05159561806	-0.07504367669	-0.02457272499	-0.04836188786	-0.06193938288	-0.02453835787	-0.02938074366	-0.006419787995	-0.03266904132	-0.06353323542	-0.03377161333	0.008028615875	-0.04904048393	-0.07132900666	-0.006315697669	0.004158113922	-0.03359495336	-0.06263500074	-0.03645110193	-0.05219889122	-0.04648688542	-0.07821502417	-0.05490478141	-0.04818812907	-0.009510317553	-0.004329523785	0.04076153605	0.009840922527	0.03489361404	0.03260016201	-0.04682566725	-0.06065867435	-0.06653264512	-0.04649369551	-0.03772704123	-0.0351269107	-0.049699763	0.008937381369	-0.07163797881	-0.01196698676	-0.04827043709	-0.03519044174	-0.02609697537	-0.03512412758	-0.03888831544	-0.03041008581	-0.07197733346	-0.06431814414	-0.07144705972	-0.05939888765	-0.04987650591	-0.02424506391	-0.03602800785	-0.02810421232	0.07512945829	-0.01222037468	0.01990778974	0.02881010527	0.08059644615	0.05246791349	0.06550746697	0.04858719493	0.005807114128	0.04383733225	-0.03576730578	0.03862020569	-0.05752010919	-0.07591138597	-0.04422141103	0.02958249082	-0.01273655648	0.01770692908	-0.007408995331	0.01006035157	0.03097196255	0.04258709834	-0.06332595086	0.03673502439	-0.0366879068	-0.01116975526	-0.04441470935	-0.07263362669	-0.08038335565	0.01297784298	-0.03592704528	-0.02424622641	-0.07081584525	-0.041217387	-0.03870422097	-0.02339016444	-0.08903604098	-0.06977872953	-0.05435411274	-0.02790724788	-0.06495129954	-0.005070119793	0.007809198986	-0.005681547914	-0.0123662764	0.01739830943	-0.01888250159	0.05562068716	-0.07149760069	-0.009558280822	-0.01580981912	-0.01398361883	-0.07378377523	0.07633742399	-0.04952711685	-0.005048155962	0.06493036423	0.08136530612	0.08981861921	0.0809778685	-0.06838162315	-0.03676171162	-0.05068124539	0.004176633879	-0.07618878648	-0.0454350817	-0.0213048518	0.06068483828	-0.01440200571	-0.008297220987	-0.03236952501	-0.02341651666	-0.03627933903	-0.04862993453	0.3283129557	0.01372597995	0.02354792103	-0.01086741061	-0.05380455584	-0.02965456295
-0.03836236699	0.06054965441	-0.005187013097	0.001093403724	0.02005818966	0.060922966	0.06273888825	0.05304382332	-0.02189814751	-0.07896637487	-0.07540379775	-0.07185867115	-0.0748463739	-0.06956185679	-0.06763753178	-0.0666602473	-0.0716065676	-0.06957404087	-0.06844102799	-0.06387981659	0.1415878163	0.1019971835	-0.05897849019	0.0161131735	0.02447326236	-0.0666968523	-0.0624561559	-0.07181523065	-0.07762345842	0.01605640973	-0.0619020102	0.05647941592	0.128395856	-0.05066294061	0.1024538132	-0.06140776694	0.06154776678	0.08672181602	0.08255928047	0.08257055714	0.1129270554	0.1144482576	-0.07346249635	0.004702453971	-0.05920346224	0.1018930363	0.06753438546	0.4348789582	0.04365539325	0.07105917214	0.03314165218	0.06647129614	-0.06884553374	-0.06349862236	-0.05816543973	0.01546163657	0.02386773612	0.1096365028	-0.05965507585	-0.0636848636	-0.09677416855	0.03277783841	-0.07188907522	0.03634682465	0.03179370069	0.06806572176	0.03931217694	0.1293894683	0.07820193416	0.06830156349	0.01711320821	-0.0006475024499	0.0008224135007	-0.009370763357	-0.009630331966	-0.02852438174	0.02709328946	-0.01600597554	-0.002438730387	0.06550231626	-0.01917387424	-0.06269852205	-0.02124010362	-0.03137524383	-0.02595025065	-0.03957882984	-0.02633275681	-0.0721014497	-0.05669020102	-0.03488633364	-0.01111675245	-0.06074255534	-0.04862833265	0.06218195395	-0.08467949179	-0.04701490849	-0.06793097058	-0.05773583878	0.009993721259	0.03057718211	-0.05647608257	0.0266252173	0.102771453	0.003516302982	-0.01214951002	-0.01076946374	-0.06268427367	0.1027638029	0.06158657851	-0.03279368042	0.008219110341	0.09404623401	0.0170876517	-0.06449424011	-0.031019403	-0.0320715423	-0.03477447975	-0.005926456659	0.006926710021	-0.07609308887	-0.0657240745	0.05340401106	0.01092545888	0.008033033093	0.02658283333	0.009594971705	-0.07263669789	0.003779731518	-0.05854137784	-0.0493411491	-0.05614505458	-0.07484229899	-0.03609873717	-0.05665356792	-0.006813526472	-0.01135455593	-0.01490314055	-0.0684504167	-0.05755937536	-0.0291439905	0.08366460764	-0.03376653848	-0.05213105989	-0.005795529133	-0.005474638107	0.007341677784	0.03927687444	-0.05541350063	0.0477346043	-0.05835041269	-0.02857279593	-0.02001947932	0.01333563922	-0.02434581665	-0.03019318838	0.09534909749	-0.003763959873	-0.02705429809	-0.02396688144	0.01613038057	-0.03428191057	0.02439545719	0.05374536108	-0.04608984402	0.01750429215	-0.0163470258	-0.01446610635	-0.004952253018	-0.02214355123	-0.04016555557	-0.02796719326	-0.02878932585	0.008504493107	0.02843923854	0.07637103637	-0.02135540899	-0.02234046242	-0.02726923652	0.006536884058	0.004435222298	-0.01931195041	-0.04499585853	0.007848351125	-0.01243927209	0.01307909468	-0.0252039469	-0.04627915304	-0.01383640923	-0.01309338241	-0.02884739325	-0.04690359159	0.001002137079	0.05663699402	0.04322369746	0.02703105346	0.05286255319	0.0524376695	0.006862183451	0.05897409369	-0.02739713615	-0.0101232761	-0.01520390172	-0.08263250903	-0.01691444075	0.08154083123	-0.01511082353	0.1348741374	0.0181795684	0.04350353373	0.07435681419	0.06611449063	-0.02003062573	0.06050370814	-0.002340727812	-0.004335315354	-0.02275029348	-0.04890996497	-0.04275345843	0.123415125	-0.07224504584	-0.05415526129	0.06201961586	0.01573773315	0.09056785534	-0.04534751953	0.06006622523	0.005125218549	0.06252788155	-0.07668241826	0.01422561178	0.01756114031
-0.06409792028	-0.009824013135	-0.04259905672	-0.07291285653	-0.05698739251	0.0114746421	-0.01786938888	-0.06226318781	-0.03906133931	-0.03553771225	-0.02793287091	-0.02722369113	-0.04061240988	-0.01687678486	0.001639882462	-0.04066328947	-0.03265130511	-0.03084460724	0.04688713308	-0.03823935817	0.1033095981	0.07853241007	0.03725790776	0.1809637416	0.1833626284	-0.01855036107	-0.0141127171	-0.01734709468	-0.006139517547	0.167010675	-0.004459198078	0.08803427436	0.002938244956	0.007798790087	0.04186151104	-0.0233081793	-0.06531720068	-0.06780557795	-0.07180000214	-0.01774352954	0.01161534516	-0.01975394928	-0.01446319778	0.1220167167	-0.01498633307	0.02972329261	0.1097704558	0.04365539325	0.4682226692	0.09083909177	0.2096451158	0.06491161764	-0.03006811532	-0.003771040498	-0.009997761051	0.1864801054	0.1931497004	0.08140387036	-0.01894090318	-0.0426155616	-0.03498419633	0.09764260201	-0.005113113297	0.07452417544	0.06611595135	0.0791707832	0.03088025454	0.009817043508	-0.05251387473	-0.08244868243	-0.06025032749	-0.06401104187	-0.06372896664	-0.05064119644	-0.03462782905	-0.05094205191	0.03325202213	0.01946912621	-0.06606940395	-0.05850896611	0.06207734106	0.02824090567	-0.0486399742	0.004144518496	-0.02309041341	-0.05387462587	-0.03339038935	-0.0050913947	-0.02977181804	0.09092136218	-0.01266296929	-0.02671525712	0.0550344197	-0.07430827321	-0.01444060501	-0.02211827607	-0.02157687709	-0.02035908262	-0.06351766271	-0.02240402213	-0.02313128558	-0.06215639886	-0.02869287358	-0.006514245291	-0.03033007813	-0.01453826315	-0.001368953285	0.001821167859	-0.003870372272	-0.004380832327	-0.07182392237	-0.01803560827	-0.03817916483	-0.01061865008	-0.04678683989	0.004607545359	-0.01854771453	-0.04968770184	-0.03972697684	-0.02685570225	-0.0247549004	0.003246865906	0.06517150842	0.1133267056	0.04900551355	0.00962400897	-0.01481634718	-0.05689944784	-0.0005499940272	0.01457352355	-0.02109439488	-0.01489462339	-0.05988503475	-0.023501333	-0.03207362322	-0.07898833506	-0.0192042041	-0.02141564068	-0.0114451235	-0.02873776057	-0.01481829047	-0.02968305413	-0.01675472041	-0.05402349858	-0.05198984926	-0.034646468	-0.06329528666	-0.006964201594	-0.0347451177	-0.02003575169	0.02742328393	0.01631627589	0.03322472289	0.05386032843	0.03451069363	0.06871551975	0.06651597658	0.07508486881	0.03835359604	0.04995550296	0.006179244794	-0.001148907648	0.09832223723	-0.06064080716	-0.08181890616	-0.02946591625	0.0909005473	-0.02013612252	0.04538247397	0.003099979033	0.001416057821	0.07093820644	0.04201612491	-0.04518880649	0.04391709916	0.01302043313	-0.01047453416	-0.01393541257	-0.09177124888	-0.05771102942	0.02956533252	0.002868789998	-0.08321906601	-0.06971413	0.008801064307	-0.06194088341	-0.04611643171	-0.06372493116	-0.07471795745	-0.05372109156	-0.00529479466	-0.06081057814	-0.008846322301	-0.006175826815	-0.001367645597	-0.0258280897	0.0377326496	-0.02147713228	0.07558778129	-0.02470108828	0.03226428506	0.03502306328	0.01363675618	-0.01105064619	-0.007613771156	0.00718646934	-0.008462362996	0.01360724878	0.01080736552	0.04528544854	0.08931764715	-0.07581608631	-0.04379919112	-0.02450193121	0.04367035749	-0.07380385218	-0.03154082769	-0.002926159085	0.05513965796	-0.007837243234	-0.01411235897	-0.0131789817	-0.01636391129	-0.03301823474	-0.05102205526	0.1315332284	0.0183545126	-0.0007711289423	0.001564079481	-0.07269123139	-0.0541721347
-0.06650796562	-0.018487885	-0.0334435037	-0.05309047592	0.03926850287	0.0255527677	0.05823984051	0.04505993083	-0.06422901401	-0.05182870502	-0.04853870998	-0.0473454311	-0.05351370609	-0.05364408819	-0.01286325734	-0.02952793281	-0.04940935624	-0.05592197034	0.01554711996	-0.03385439182	0.2445118073	0.2423017036	-0.00183588631	0.05338592356	0.06681899135	-0.03633438309	-0.0490948805	-0.04468760817	-0.03325814888	0.07351418057	-0.04132261021	0.1873530823	0.1676105005	0.004608041187	0.1876526465	-0.05065035855	-0.005145540819	0.007575345109	-0.018041702	0.08247701996	0.09617636945	0.09806752424	-0.0307880381	0.06777980298	-0.02114874646	0.1535109161	0.123773783	0.07105917214	0.09083909177	0.4971342372	0.08851637216	0.1209409876	-0.02697837634	-0.04315949943	-0.03679851625	0.07880720292	0.0660964476	0.2242105292	-0.04216273884	-0.03756859939	-0.04674209987	0.1806341134	-0.03018778043	0.1297524772	0.1550289606	0.1157697759	0.01540777937	0.04737050603	0.02580576451	-0.01016618361	-0.04163459732	-0.07050015393	-0.06910184049	-0.02460306076	-0.04108000216	-0.05165849098	-0.03928381291	-0.05117116889	-0.05319045539	-0.01646988627	-0.02773992434	-0.03514752711	-0.06344504856	-0.03487192022	-0.05984201552	-0.05283100278	-0.04545661632	-0.03672917234	-0.02869872727	0.01126146934	-0.05974678354	-0.02664349008	0.01075119904	-0.04538237963	-0.03556320981	-0.03628921068	-0.0394890749	-0.03182442695	-0.06031729429	-0.03435344231	-0.02458543366	-0.05452624347	0.01274501095	-0.05796279391	-0.02808004948	-0.009052769394	-0.02279842471	-0.02815452036	-0.00706408838	-0.04447521091	-0.07088004955	0.09554541999	0.009391144266	-0.0692788304	-0.072214507	-0.01847874677	-0.04997224147	-0.05177880833	-0.05392448642	-0.05421212366	-0.03211580389	-0.02142105106	-0.009498887917	0.01211699686	-0.02091332011	0.0604646181	-0.03104100522	-0.03802619501	-0.02040964606	-0.01460793923	-0.0344952668	-0.03169440956	-0.06307805864	-0.05193724026	-0.01116956969	-0.04103800728	-0.008505545103	-0.03976661844	-0.02489096969	-0.04378195131	0.01685795801	-0.04205529339	-0.05251455817	-0.05945531632	-0.04555430977	-0.05091995895	-0.001421331072	-0.06610125557	0.03155946343	-0.05025879826	0.03183747294	0.0593079542	-0.03240982243	0.04157288613	-0.02291234157	0.07633388371	-0.005622836696	-0.0005091875343	-0.0153029226	0.001360343988	-0.020649058	-0.01864987718	0.03322865896	-0.06204982858	-0.05765018865	-0.03488695689	0.03667578981	-0.01846007948	-0.001951107665	-0.01650521921	-0.003156622579	0.02248143298	-0.03553940436	-0.05489371699	0.02882626077	-0.02721151655	-0.01642220519	-0.02802799577	-0.05134032972	-0.07319850101	-0.006622478957	-0.05297594422	-0.05074173106	-0.06640674965	-0.05524767059	-0.06670638939	-0.0439730345	-0.06795520007	-0.03626436443	-0.06454202258	-0.02072134548	-0.05776931179	-0.000377656038	0.00684788316	0.004981962443	0.005150578328	0.01457125118	0.02021994437	0.02373800495	-0.04363950706	-0.03525632033	-0.01902891442	-0.01083390561	-0.04042905551	0.1119928682	0.01172535412	0.02414380302	0.01575894877	0.07704790996	0.1975087781	0.283881393	-0.03747017869	-0.001672142169	-0.02892113149	-0.006785222934	-0.06282729774	-0.02576551458	-0.0313061894	0.2550472924	0.01641598303	0.003516895884	-0.03187779028	-0.01851890543	0.05860389338	-0.05988349368	0.05068034253	-0.00981171028	0.1144657127	0.006327988401	-0.04793042951	-0.02803818134
-0.04974275931	-0.0284658175	-0.04802540904	-0.07029505157	-0.03566005149	0.01356824485	-0.03388691946	-0.05776328133	-0.04422717767	-0.01504396237	-0.005671050154	-0.009754611521	-0.01631278144	0.01937242341	0.01808745188	-0.01532043254	-0.006191155983	-0.001329079872	0.05612551176	-0.01499054656	0.1092896742	0.07924952934	0.014365229	0.2329913272	0.2350884884	0.01434897131	0.01377910876	0.01607974118	0.01699816819	0.2256906282	0.01832499374	0.08064071399	0.005504764484	0.01235072723	0.05839281131	0.01039100029	-0.05956270048	-0.06624811067	-0.06666657181	0.01486736873	0.05226241496	-0.01688264973	-0.004376318257	0.108971989	0.005730860106	0.03939141522	0.1090213723	0.03314165218	0.2096451158	0.08851637216	0.493618983	0.05698045449	0.004473861868	0.02338666414	-0.0007471477043	0.233998498	0.2390649042	0.0922944122	-0.003939501979	-0.0100118382	-0.01928042886	0.09414120616	0.02025672931	0.08500099014	0.09923748444	0.07560943985	0.002242426291	0.01414690333	-0.04655633499	-0.07973037181	-0.03560624275	-0.04943426763	-0.04767489998	-0.0486530755	-0.05406025521	-0.06195545309	0.002741215056	-0.01171679269	-0.05986069381	-0.06546277813	0.03010733259	0.008743741321	-0.06691221205	0.009477817948	-0.02873645071	-0.06655195059	-0.04165666931	-0.01180300585	-0.04603167817	0.04001250217	-0.02627502713	-0.04269648257	0.08776196592	-0.07096850467	-0.005692669304	-0.03701986956	-0.01777875613	-0.03987905356	-0.06520175636	-0.0325993536	-0.04347944485	-0.03998314106	-0.02050390512	-0.03827489752	-0.001663603481	-0.03311775403	-0.01376035103	-0.02712249086	-0.02491324047	-0.006261931587	-0.05888463801	-0.01027413554	-0.019506833	-0.00776212719	-0.0560433455	-0.02580136377	-0.03122436892	-0.03663846405	-0.04365214434	-0.02078128552	-0.0386361627	-0.004785666799	0.03978950232	0.07946432986	0.03435715535	0.007257186399	-0.004986622004	-0.05294643743	-0.01031218651	-0.02206419842	-0.03941333697	-0.01875534828	-0.03419259734	-0.05006742954	0.00647278624	-0.07896292444	-0.04433085158	-0.017983571	-0.02560371794	-0.04882058227	-0.003345519779	-0.03224901385	-0.0171032491	-0.06610287855	-0.06016900171	-0.04165337897	-0.05322798899	-0.01375240554	-0.03115810463	-0.02676768057	0.01401890559	0.04138440717	-0.0008059191398	0.007483284001	0.03088120875	0.06307234293	0.06330587269	0.09216801768	0.03072864044	0.001794290515	0.0110417454	-0.02602251285	0.03960135012	-0.06396208862	-0.08011726193	-0.03858567704	0.04331109801	-0.0566860377	0.01342353175	-0.03464784776	-0.03042241679	0.03702217446	0.03975361972	-0.02947260444	0.04163495661	-0.01479285464	-0.04971893686	-0.0173721866	-0.08805942127	-0.05704426524	-0.003508084713	0.005858627057	-0.04322886325	-0.06454500459	-0.03181320432	-0.01563768313	-0.00330120493	-0.05555737482	-0.06442909118	-0.06302833729	-0.0273241139	-0.05929295932	-0.009022664861	-0.00364427554	-0.005820858827	-0.03439078318	0.02860030399	-0.01077193417	0.0638061044	-0.02393636808	0.02146259892	0.02220462543	-0.01623092801	-0.03980362147	0.01625610271	-0.01432471955	0.001691898509	0.05332928377	0.02546367964	0.04255580055	0.08928549037	-0.06439106353	-0.04619440238	-0.03636792168	0.01642930015	-0.05031840438	-0.05068176671	-0.01854606668	0.05838979595	0.01095947818	-0.0008873048948	-0.0212301594	-0.02545507727	-0.03670192262	-0.05577534985	0.1142507625	0.01217787257	0.007420544187	-0.002043122949	-0.05459559016	-0.05513373636
-0.03307711698	0.01250227932	-0.02022003399	-0.03164174429	-0.02083207367	-0.006270420584	0.02371813422	0.03829308602	-0.03085734184	-0.07813579197	-0.06566524065	-0.06163053012	-0.06912233576	-0.04339767319	-0.0266703617	-0.06433815252	-0.06916912113	-0.07081109661	-0.03421723618	-0.0656220769	0.1124019256	0.1542286097	-0.04386593934	0.03606021958	0.04319792883	-0.02881800248	-0.04538908548	-0.04124169385	-0.02703144438	0.06180021273	-0.03590965116	0.1305224128	0.1152553426	-0.02272991883	0.1137149497	-0.04449004111	-0.02147587239	3.034498885e-06	-0.00903894317	0.01173713848	0.06415531784	-0.00833396384	-0.05261792154	0.06546499152	-0.03274692407	0.04224732689	0.08293074146	0.06647129614	0.06491161764	0.1209409876	0.05698045449	0.4401164646	-0.03837908448	-0.03554232052	-0.03490402578	0.06061915199	0.04315720921	0.1154668524	-0.04359904481	-0.04899288986	-0.06681503863	0.05426512774	-0.03549714735	0.08489867658	0.1646494618	0.3725490822	0.001831327564	0.03664801225	0.01663480491	-0.01000430777	-0.005102017906	-0.008691256666	-0.008602866127	-0.03130110575	-0.0213401537	-0.03129982466	0.01086526602	0.01485947781	-0.03138366191	-0.02162790925	-0.04358656231	-0.04792278786	-0.04322818063	-0.0405905289	-0.05739635466	-0.03271067333	-0.02624786594	-0.03539780352	-0.05846606214	0.02722423237	-0.03112568363	-0.02092062826	0.0002112465452	-0.01104017245	-0.02561636225	-0.0279636217	-0.03033410094	-0.05471701072	-0.0148393094	0.0106480964	-0.05943886865	-0.01140558486	0.0394197094	0.02673721983	-0.05637515353	-0.0004146943607	-0.02705684503	-0.005870084513	0.006429891487	-0.04288611491	-0.03085304019	-0.02103126077	-0.01760614637	-0.0368046892	-0.03579428718	-1.374837711e-05	-0.03535664642	-0.0444349958	-0.0397385567	-0.02531247398	-0.05908087199	-0.006135398941	0.002003957232	0.009302603972	0.002653891354	0.07019393261	-0.05182591278	-0.01175840296	-0.01961299762	-0.01399574176	-0.05414799545	-0.05255842346	-0.04046236102	-0.05648524068	0.0448535097	-0.0391491631	0.003778308188	-0.03099680891	-0.02569927755	-0.01435243855	-0.003128082086	-0.01680610816	-0.04963803252	-0.03002942226	-0.03192509787	-0.03659399855	0.002983183632	-0.02478982904	0.003743260481	-0.05091499398	-0.01346395653	0.03910482449	-0.01513176854	0.02514175572	0.003574516319	0.07417087694	0.0264288585	0.01391334426	-0.014693628	0.03067624785	0.03204188434	-0.007876039715	0.03133782209	-0.04459419006	-0.01168392615	-0.05400710006	0.004220577777	-0.0001242712272	0.02359157426	-0.006231198908	-0.009143606308	0.02199658711	-0.006641012863	-0.01027431342	0.02740186685	-0.003636644914	-0.006616797555	-0.01799643031	-0.02574155564	-0.03641303664	0.02477883725	-0.02287719653	-0.02155539967	-0.004613791479	-0.01867563253	-0.05966966794	-0.03013112759	-0.01415428017	-0.0205588603	-0.03935375264	-0.02896602083	-0.0169400526	0.02879801643	0.07736023777	0.08944305509	0.04868922105	0.02664571926	-0.006376828144	0.05701254684	-0.03926051539	-0.01005763343	-0.01933401237	-0.01766623614	-0.04246856383	0.09154622886	-0.04370263462	0.04367550509	0.02073679351	0.03071503321	0.1377486635	0.09226523826	-0.02567439926	0.02171260991	-0.04808160918	-0.00333104357	-0.01931473958	-0.03900131497	-0.03544755961	0.1233061203	-0.04373385086	-0.01259370777	-0.000627815742	0.0276453668	-0.02768974203	-0.03254995946	0.07993212527	0.006606487007	0.07278539102	-0.02917962749	-0.01176757136	0.02137262863
-0.152332388	-0.1617767402	-0.1471610158	-0.1776058546	-0.1150957277	-0.1108791209	-0.118586564	-0.1544329632	-0.1768576027	0.6232428214	0.5997977364	0.6121844151	0.5770000431	1.016244735	0.9884170975	0.5830083083	0.6214293938	0.6238457073	0.928733695	0.5771270831	-0.04036703505	-0.0632581208	0.9420349789	0.009566829328	0.004383578577	1.027727875	1.033179303	1.030500106	0.9868520609	-0.004376142336	0.9752950358	0.01626421487	-0.003285211884	0.4821222601	0.02243596109	1.064620772	-0.1747394416	-0.1745604332	-0.1907250092	-0.08722334209	-0.04922578905	-0.172795572	0.6076641215	0.0594280372	1.050018602	-0.120912806	0.04855960801	-0.06884553374	-0.03006811532	-0.02697837634	0.004473861868	-0.03837908448	1.218489958	0.969543123	0.9930314919	0.002846549591	-0.01232597174	-0.07450021858	0.610381574	0.6287853826	0.5892137402	-0.05388947318	1.007333887	-0.03667775365	-0.02832226206	-0.02068402339	-0.1330191942	-0.08834347337	-0.1717695449	-0.1844280572	-0.1767066037	-0.164575054	-0.1642668858	-0.1838063394	-0.1698868133	-0.1901518917	-0.1605919041	-0.1547477271	-0.1861350036	-0.188505989	-0.1182830372	-0.1312149705	-0.1800236233	-0.1035610747	-0.1790467344	-0.1815381812	-0.1665743725	-0.153901111	-0.1849531916	-0.08108871838	-0.1317691881	-0.1690239284	-0.1245593224	-0.2034730001	-0.1392345261	-0.1819760776	-0.1697547942	-0.1655848023	-0.1907062045	-0.1830801822	-0.1708270738	-0.1860304852	-0.1297361194	-0.1631329397	-0.1528500105	-0.1404668139	-0.1699870525	-0.1616644036	-0.1565523537	-0.1323004664	-0.1798786202	-0.1719321027	-0.1322617127	-0.1665649342	-0.1809707476	-0.1905027052	-0.17872161	-0.1675237508	-0.1802946305	-0.1600160302	-0.1836127773	-0.153718665	-0.1253234082	-0.07476937304	-0.1471085939	-0.1068747784	0.5946509374	-0.159182998	-0.1699922661	-0.1792965452	-0.1632220215	-0.1668146921	-0.1496350003	-0.1741215053	-0.144657097	-0.1878865612	-0.1237715584	-0.1692637475	-0.167745672	-0.126493745	-0.135619993	-0.1660377129	-0.1539342699	-0.1732751735	-0.1912166763	-0.1785642558	-0.1857567337	-0.1691174243	-0.1523311325	-0.157722122	-0.1627615733	-0.05555429392	-0.09357837629	-0.09870032973	-0.05331901315	-0.02980446087	-0.01405096278	0.009122244786	-0.06491619533	-0.06317449325	-0.02867324134	-0.1576429871	-0.04943283754	-0.1828661883	-0.1961917962	-0.1636982394	0.05093142486	-0.117098211	0.02916442795	-0.07386743025	-0.09207433947	0.04753745367	-0.07885769286	-0.1793549108	-0.08538136529	-0.1563417641	-0.1128978333	-0.163080987	-0.1916022581	-0.1942918808	-0.09463719471	-0.1509575728	-0.1604918086	-0.1993896554	-0.1618014339	-0.1362412028	-0.1204993954	-0.1890627972	-0.1827977167	-0.1915041579	-0.1632605269	-0.1876404939	-0.1485926361	-0.1283298956	-0.1418200701	-0.1397865508	-0.1217076622	-0.1285795924	-0.08419765341	-0.1698594902	-0.1509521852	-0.1412402379	-0.1502085089	-0.1760481336	-0.09998952287	-0.1494948519	-0.1237598164	-0.01022795243	-0.08391040528	-0.04511090249	-0.0544626689	-0.1769303097	-0.1664896278	-0.1573839805	-0.1038701548	-0.1904369284	-0.1604170309	-0.1416424296	-0.04494300224	0.5659573924	0.486914088	-0.1852027043	-0.1681912856	-0.1854968865	-0.1899200663	0.07091107268	-0.1572027174	-0.0924599032	0.5430472174	-0.166094943	-0.1491316051
-0.1572971096	-0.1523658011	-0.1562652508	-0.1780055119	-0.1062550487	-0.1072819892	-0.1224467528	-0.1681684974	-0.17396166	0.5945558481	0.5985537083	0.6077139784	0.5581926634	1.005230166	0.9732982105	0.5659681849	0.5765408694	0.5903118022	0.894634148	0.5584266021	-0.04668042889	-0.05290214018	0.9570126704	0.01662599062	0.01468946618	0.9709294168	0.9897975158	0.9923509594	0.9774419631	-0.003863650983	0.9883654512	-0.00627272375	-0.004531813364	0.4583421533	0.01704177566	1.007689984	-0.1699419844	-0.1717595742	-0.1884038155	-0.07549896432	-0.02177368558	-0.1699780419	0.5669630122	0.07374954678	0.985207352	-0.1211460365	0.06833771674	-0.06349862236	-0.003771040498	-0.04315949943	0.02338666414	-0.03554232052	0.969543123	1.166119258	1.009297234	-0.001220220564	0.0004059181074	-0.04749183223	0.5715003072	0.5777205391	0.5480729028	-0.06726718732	0.975631333	-0.01356839073	-0.01920700784	-0.02467163946	-0.1239833469	-0.07220564903	-0.1516709406	-0.1778252344	-0.1729522807	-0.1622834183	-0.1621428123	-0.1794569869	-0.1673177772	-0.1871663949	-0.1460382027	-0.1448838093	-0.1844227934	-0.1834931085	-0.1016297759	-0.12565503	-0.167109857	-0.1054484787	-0.1741834661	-0.1681863349	-0.1612420672	-0.1411546598	-0.1768395834	-0.094791026	-0.1347098689	-0.1805657506	-0.1055030753	-0.1976033157	-0.1230369339	-0.1758469832	-0.1607952627	-0.1541572154	-0.1872175941	-0.1692675324	-0.1591311477	-0.1846175284	-0.1164105019	-0.156203788	-0.1409924105	-0.1344645405	-0.1669471572	-0.1575220012	-0.1456268887	-0.1450126677	-0.1736521875	-0.170438738	-0.1367519423	-0.1643943331	-0.173148688	-0.1733040916	-0.1738877681	-0.1736316648	-0.1723325719	-0.1479029195	-0.1758908076	-0.1520039869	-0.1189864553	-0.07260582558	-0.1356714268	-0.09064118796	0.5561104215	-0.1688015062	-0.1649969927	-0.1936566198	-0.152236825	-0.1592857981	-0.136921146	-0.1603297595	-0.114711917	-0.1903683846	-0.1268403441	-0.1603850749	-0.1510170583	-0.1391727624	-0.1183268042	-0.1700316314	-0.1465072885	-0.1699554046	-0.1849225437	-0.1712037905	-0.1802207122	-0.1658439293	-0.1327415612	-0.1465834518	-0.168900763	-0.06956943475	-0.08442611087	-0.1084079566	-0.0652698722	-0.0230544595	-0.02134472538	-0.0001101440497	-0.09011839992	-0.07095667787	-0.04250399964	-0.1465039999	-0.05068019086	-0.1728038199	-0.1884274356	-0.1757868981	0.0316332172	-0.1315477605	0.02221957442	-0.08799892147	-0.1056208429	0.02742757105	-0.06998894201	-0.1778212305	-0.06353461963	-0.1644470618	-0.1279459087	-0.1596765722	-0.1919972738	-0.1922168234	-0.1066333355	-0.1610046797	-0.1522619954	-0.188174591	-0.1679721541	-0.1444389236	-0.1428350613	-0.1869046209	-0.1775338599	-0.1862915802	-0.1493404309	-0.1789709224	-0.1380793927	-0.09621094136	-0.1133381973	-0.1264850672	-0.09924020065	-0.1436122674	-0.05815595465	-0.1594729836	-0.1338332226	-0.1273993368	-0.1576895625	-0.1683828598	-0.06950303088	-0.1617715217	-0.1065654758	-0.005883989686	-0.06405468119	-0.03933957977	-0.06204187553	-0.1711560498	-0.1595357503	-0.1512316022	-0.0877863155	-0.1882324659	-0.1496332365	-0.1290982332	-0.03749755456	0.5130021023	0.463368552	-0.178829712	-0.1565219749	-0.1812935848	-0.1873446457	0.08914796055	-0.1434166244	-0.0759194884	0.500948069	-0.1695024777	-0.149203704
-0.152318148	-0.1501524641	-0.1490995059	-0.1635089794	-0.09964381034	-0.1002992937	-0.1136709965	-0.1648730955	-0.1620694038	0.5564505739	0.5408029309	0.5533434551	0.544818301	1.003138004	0.9428936942	0.5584473855	0.545834019	0.5596703259	0.8909073923	0.5485057844	-0.03971126021	-0.05990031804	0.9339350567	0.00338610688	-0.003496813757	0.9891225913	1.009944802	0.9988087085	0.9514856855	-0.02294463924	0.9573160807	-0.01124991108	-0.003371205776	0.4420251672	0.03034934787	1.037201686	-0.1590858711	-0.1626362547	-0.1788078108	-0.06381705421	-0.02127241159	-0.1582473797	0.526558905	0.03964046843	1.008374153	-0.1129995054	0.0665872701	-0.05816543973	-0.009997761051	-0.03679851625	-0.0007471477043	-0.03490402578	0.9930314919	1.009297234	1.152797442	-0.01717305823	-0.0154507886	-0.05016946551	0.5365766306	0.5402791033	0.5176291061	-0.05347595973	0.968104829	-0.00935856068	-0.02181927882	-0.01247501817	-0.1410998386	-0.08373484666	-0.1539777845	-0.1739102488	-0.1677394838	-0.1725104536	-0.1721915969	-0.1735718195	-0.1588613338	-0.1786716976	-0.1469130663	-0.1380619055	-0.1797099829	-0.1746728745	-0.1236467156	-0.1421024987	-0.1631441664	-0.09953703003	-0.1643248723	-0.1650334333	-0.1571954109	-0.1379728504	-0.165547736	-0.1023552307	-0.1295557844	-0.1716676345	-0.09825803751	-0.185216104	-0.1362282752	-0.1668750173	-0.1520925521	-0.1488292791	-0.1789391664	-0.1621852516	-0.1539040044	-0.178640564	-0.116702951	-0.1484110523	-0.1391772827	-0.1160576524	-0.1549763672	-0.1439131841	-0.1443868962	-0.1353097186	-0.1690146645	-0.1562964451	-0.1294318958	-0.1568146452	-0.1708094411	-0.166821843	-0.1627465747	-0.1685685676	-0.1685721225	-0.1439936139	-0.1646338784	-0.1512346877	-0.1034213029	-0.08919175823	-0.1347487267	-0.09979200962	0.516883631	-0.1618541725	-0.1529876492	-0.1791625092	-0.1466292764	-0.148607824	-0.1328674903	-0.1569297138	-0.1247191734	-0.1781393743	-0.1193009796	-0.1516882201	-0.1429472474	-0.1450861857	-0.1214182248	-0.1640162445	-0.1433336026	-0.1669364818	-0.1788311	-0.1648726331	-0.1761213697	-0.1604891554	-0.1357720335	-0.1434095531	-0.1607664549	-0.0632831281	-0.08201243707	-0.1046808218	-0.0519918842	-0.04232315053	-0.03321766631	-0.008986356552	-0.07580901015	-0.06840147124	-0.03209314715	-0.1399013263	-0.04987174226	-0.1694692033	-0.1817845814	-0.1620167715	0.03474603774	-0.1164763738	0.01806794131	-0.07260867406	-0.09411828412	0.02329137892	-0.06707507257	-0.1721534034	-0.08704613549	-0.154776136	-0.111991605	-0.1497205236	-0.1864357923	-0.1867032284	-0.09739886199	-0.1517466744	-0.1509082908	-0.182245456	-0.1553664586	-0.1348336153	-0.1327207714	-0.176443571	-0.1619035132	-0.1786178146	-0.1469823423	-0.1728505576	-0.136441427	-0.101016511	-0.1214110476	-0.1256771211	-0.113448912	-0.1369930094	-0.07235419888	-0.1786526706	-0.1507636422	-0.1434525211	-0.1405327485	-0.1640405326	-0.07645355054	-0.1519421487	-0.1261686513	-0.03470821628	-0.06781545083	-0.04398455961	-0.06402786265	-0.1551883515	-0.1576959084	-0.1473381187	-0.107731338	-0.176802576	-0.1438247403	-0.130741423	-0.03531908496	0.4910476399	0.4471798433	-0.1780977218	-0.1542604554	-0.1676375453	-0.1776751093	0.09070690669	-0.1351610603	-0.06823202116	0.4782736293	-0.1638505057	-0.1365504933
-0.04579325087	-0.006462032868	-0.06334530645	-0.06658896968	-0.03212953602	0.008954977063	-0.01912911755	-0.05046726363	-0.05996377338	-0.00436367869	-0.007747465193	-0.001500741723	-0.008503019241	0.009953283108	0.01566721968	-0.01781970534	-0.00327592779	-0.01144377901	0.05054605509	-0.02173412639	0.08759034913	0.08224610993	-0.002606585247	0.3300177224	0.3250208324	0.01464504792	-0.001775571426	0.007813733983	0.02675008178	0.4511346069	0.0003313957741	0.1025866373	0.007033284313	0.01711627862	0.05962849324	-0.008674207903	-0.07793592078	-0.08433029083	-0.08756922564	-0.0003832723987	0.02314956587	-0.04061753503	-0.0009713383695	0.1294547063	0.009719571895	0.01942007783	0.09817801663	0.01546163657	0.1864801054	0.07880720292	0.233998498	0.06061915199	0.002846549591	-0.001220220564	-0.01717305823	0.5041559998	0.4361513451	0.07441973838	0.03271693884	0.01450868628	-0.01068394932	0.05736932436	0.01378515474	0.07164695299	0.09619490506	0.07444511079	0.007367078751	0.008804973198	-0.06998216322	-0.1009999903	-0.05387355566	-0.05505957222	-0.05346614817	-0.06570468826	-0.063020989	-0.07241516719	0.0004568242463	0.00848390981	-0.08061564312	-0.07406882226	0.04525748091	0.003951870654	-0.06686437402	0.02184840553	-0.05172818383	-0.06948160744	-0.02850442828	-0.02779808497	-0.06247021195	0.08950029701	-0.02632852444	-0.04022492355	0.07956643979	-0.09280205032	-0.02091344152	-0.04500233008	-0.04600711599	-0.05036111666	-0.06757953858	-0.02704896583	-0.05244468595	-0.07458909565	-0.05478603212	-0.003327460601	-0.01994264196	-0.03854354481	-0.02154573062	-0.0222169777	-0.01185144427	-0.02039783528	-0.08471179432	-0.03173574024	-0.03421447636	-0.02930272269	-0.06741742032	-0.024962397	-0.04232112094	-0.06364968278	-0.04027256725	-0.04090341614	-0.05232994148	-0.007476534696	0.04256859174	0.1080515831	0.02580029615	0.009824979742	-0.002266380316	-0.06234087018	-0.02115656717	0.002390099494	-0.04884781645	-0.04803329257	-0.03906920622	-0.058020629	-0.005638491315	-0.09261148036	0.006322593402	-0.04612353146	-0.03153806956	-0.01426407025	-0.02905544738	-0.0430478	-0.0387350596	-0.08265943275	-0.07348678292	-0.04126267842	-0.08183700668	-0.02623963989	-0.0508476859	-0.04247770701	0.02229728717	0.0459256113	-0.005964988433	0.03997601373	0.05226861903	0.0740634762	0.09664687624	0.1150269267	0.05325033666	0.03448250431	0.0369090015	-0.02141252089	0.08529258867	-0.08001766499	-0.1006157514	-0.05906824673	0.08372888609	-0.01361344714	0.04926146773	0.00840090702	0.01351029816	0.08592061886	0.05835844014	-0.06604634047	0.03127149174	-0.0114458734	-0.005322603278	-0.03694305736	-0.09031962811	-0.06664314318	0.03265399982	-0.008970069826	-0.04942060184	-0.0749993783	-0.01002010476	-0.04290807387	-0.004891995557	-0.07272385514	-0.08554665945	-0.07770756976	-0.0341527724	-0.07935295462	-0.01186378714	0.008273285163	-0.01506669341	-0.03550551204	0.02599039727	-0.02884791194	0.07943596459	-0.04853906716	0.03135557645	0.03105827632	-0.01562965354	-0.05990206065	-0.01662189159	-0.004072189785	-0.01342481755	0.08775667601	0.01182879847	0.05502300049	0.08758164655	-0.08438124187	-0.06843886032	-0.03990870236	0.03053856952	-0.07720030482	-0.05243841743	-0.02196511879	0.06083293463	-0.0009328402695	0.0231158409	-0.02721345097	-0.0233880057	-0.04713819552	-0.06490607764	0.1246415058	-0.004307669403	-0.01826514955	0.02123627122	-0.07500447566	-0.05057205489
-0.04321166691	-0.001070537162	-0.05686390338	-0.06069836754	-0.0261433517	0.02013930149	-0.02922795908	-0.06276235717	-0.05293600816	-0.001603245296	-0.003508393561	-0.0005081276744	-0.007153389209	0.01414109297	-0.002114726402	-0.01638438172	-1.512861076e-05	-0.008695284504	0.03368929617	-0.01695284136	0.06791746148	0.06445078469	-0.0005647911317	0.3344957752	0.3317215131	-0.004064895604	-0.002591972577	0.01149693816	0.008754337635	0.3856285467	0.005024377897	0.08870163519	-0.006982327724	0.009239401457	0.04593155017	-0.005760477136	-0.06777957764	-0.07560002852	-0.07778683186	0.008508457632	0.02634188202	-0.02989086331	-0.0009438770963	0.1213926905	-0.008427050219	0.0289380624	0.09858986815	0.02386773612	0.1931497004	0.0660964476	0.2390649042	0.04315720921	-0.01232597174	0.0004059181074	-0.0154507886	0.4361513451	0.491108887	0.08044395014	0.01569508525	-0.003686817	-0.01030383798	0.06920871077	0.01724789836	0.07777168016	0.07913975318	0.05996943074	0.01774381135	0.01859054808	-0.0602734638	-0.08940886762	-0.04848113687	-0.04542407069	-0.04398429605	-0.0638301109	-0.05451170765	-0.06602437841	0.01047284066	0.0112715685	-0.07098541401	-0.0643108402	0.04758509578	0.005725050234	-0.06227119769	0.02714668868	-0.04769070239	-0.06973883565	-0.0219220543	-0.02210080504	-0.05761604117	0.07542627179	-0.02801729156	-0.05603914283	0.08613714929	-0.08255728305	-0.01927206438	-0.04471458851	-0.04420494102	-0.04735960437	-0.06073833066	-0.02273106957	-0.05128101636	-0.06887591919	-0.04624159698	-0.0001467094924	-0.008910526133	-0.03759082403	-0.01711584163	-0.008089283652	-0.004138477493	-0.01429293597	-0.08163952445	-0.02385312076	-0.03177690324	-0.02569058171	-0.06504568897	-0.02070126348	-0.03808111967	-0.0575678917	-0.03378725738	-0.03764869564	-0.04771763163	0.0002820681788	0.050925618	0.1124142869	0.02952909337	0.01348950704	-0.002254610191	-0.05931845851	-0.01792334141	-0.01163709387	-0.0458360614	-0.04373127974	-0.03657877138	-0.05763430331	-0.002370757806	-0.08899597123	-0.01289071623	-0.04430430479	-0.02482235147	-0.02934507216	-0.01859513282	-0.03894619993	-0.03766603279	-0.07569761311	-0.06588820557	-0.03429563209	-0.07224301521	-0.02318929145	-0.04287758075	-0.04155544872	0.007915754792	0.0284708562	-0.009176389953	0.02625775158	0.03477550701	0.06035346808	0.07953467119	0.09779199424	0.03666957398	0.01941614167	0.01939448216	-0.009582327362	0.06419653176	-0.07715716614	-0.09230686724	-0.05184043024	0.06552336374	-0.03061632665	0.03605043106	-0.008054905409	-0.00348284018	0.07059058134	0.05823681755	-0.05790687831	0.03432873855	-0.007424852019	-0.02250276883	-0.03431542456	-0.08864136174	-0.06169988743	0.01862808459	-0.003013562406	-0.04823657598	-0.07269502193	-0.005825835639	-0.04093907795	-0.02537616139	-0.06812729028	-0.077426676	-0.07106496595	-0.03221967206	-0.07423777159	-0.005179055144	0.0146648659	-0.01118378234	-0.02718034189	0.03395426801	-0.02200053171	0.08647021125	-0.03939567411	0.03974403691	0.04036815899	-0.0119222182	-0.05061647409	-0.01321987008	0.001066770586	-0.003648460433	0.07447813278	0.01392936816	0.03524386525	0.07390568208	-0.07485805594	-0.0569700761	-0.03297229056	0.03357189183	-0.07137200637	-0.05307721546	-0.02105933554	0.04550911064	-0.01492427617	0.01119235973	-0.02257973447	-0.01768113379	-0.03857163417	-0.05694120355	0.1268552248	0.001780367294	-0.01051149789	0.006713152262	-0.06980291177	-0.04735655474
-0.07011734678	-0.005136870837	-0.03730784133	-0.04833019118	0.008765503191	0.05125123362	0.06101860118	0.03050192292	-0.04238835503	-0.0728480758	-0.06689320844	-0.06867331447	-0.06439110092	-0.06068722164	-0.04878944222	-0.05828626906	-0.0661292481	-0.06853606554	-0.02202889375	-0.05951740068	0.229230267	0.2354453718	-0.01117652506	0.07486266484	0.07825960814	-0.06910178898	-0.06195331999	-0.0587036488	-0.05539578761	0.07913039388	-0.04883477562	0.1243688258	0.1993984446	-0.004815998875	0.1504202983	-0.06784410528	0.04533107927	0.0440116756	0.02780631916	0.1272650588	0.1415468941	0.1291993763	-0.0551797937	0.06034758605	-0.06168873727	0.1744523609	0.09384213609	0.1096365028	0.08140387036	0.2242105292	0.0922944122	0.1154668524	-0.07450021858	-0.04749183223	-0.05016946551	0.07441973838	0.08044395014	0.4890035028	-0.05040011234	-0.0670259265	-0.07148024578	0.1532396408	-0.05257953958	0.1417413389	0.1581520266	0.103639333	0.02875991724	0.08904931198	0.0505170657	0.005337807884	-0.0316799381	-0.0516582585	-0.04837547922	-0.01823360298	-0.05155726061	-0.05160082331	-0.004221185672	-0.04585014354	-0.05074660283	0.02201173567	-0.02535498843	-0.03036781511	-0.06293995307	-0.04267230065	-0.06336549072	-0.052314475	-0.03100698061	-0.04034269284	-0.04203285381	-0.002656582218	-0.05692721196	-0.05047249283	-0.0007159144761	-0.006448431481	-0.06024569608	-0.03508547419	-0.02914618577	-0.04125282475	-0.05096642336	-0.01622788212	-0.04434061466	-0.03300568575	0.06239565486	-0.04093465594	0.01008554954	-0.01847190863	-0.01613837534	-0.01862252179	0.003915573002	-0.05559152145	-0.04925982849	0.09547267841	-0.01205470142	-0.05115266697	-0.05414607342	-0.005491422255	-0.04150336569	-0.03713634562	-0.05634978357	-0.05241884721	-0.04630018341	-0.007773781326	-0.01986138886	0.02011245141	-0.02370221484	0.04212167267	-0.05487144315	-0.03903704336	-0.01143211488	-0.02621730149	-0.0393966794	-0.03499472446	-0.0568041264	-0.05223122932	-0.01410806749	-0.03483424776	-0.02468183689	-0.02905805779	-0.02234912388	-0.05375539615	0.04833210164	-0.02972231993	-0.0474453943	-0.05135161712	-0.05017309155	-0.05400328299	0.002414205131	-0.04922372707	0.05238867289	-0.04956727783	0.0007855499158	0.03671663373	-0.02911809109	0.02684847767	-0.04234571378	0.07796683949	-0.009080641502	-0.01292766976	-0.03500317403	-0.009074136728	-0.01689879902	0.01946361327	0.02017627105	-0.04837680378	-0.05003173478	-0.02912763125	0.004621119981	-0.03306419801	-0.003226145457	-0.03295773737	-0.01677760922	-0.002743496025	-0.05083106236	-0.04397720049	0.02835210783	-0.02910838772	-0.0300038004	-0.03644024985	-0.05460319131	-0.06790346507	-0.02919893193	-0.04476759245	-0.03838193514	-0.04231599571	-0.05031897737	-0.04994654345	-0.05940745197	-0.06030989079	-0.02437555245	-0.05394731392	-0.0277462022	-0.04651583169	0.01508078813	0.02671092401	0.01775062343	0.008986151266	0.02672953964	-0.03439200728	0.03767386473	-0.05337953515	-0.04316352613	-0.017945662	-0.0103199403	-0.04856788924	0.1349273983	0.003110402751	0.08145629569	0.03779822081	0.0889951644	0.1449665508	0.1916653344	-0.03496537572	0.01479639807	-0.03217081031	-0.007958823431	-0.05238782659	-0.03543116593	-0.03348517269	0.2468848205	-0.02352835645	-0.01389131954	-0.009852693648	-0.008598995389	0.09305784209	-0.05546179615	0.06497503233	0.02157436717	0.151043601	-0.01523432769	-0.03791964423	0.005754998199
-0.1596235097	-0.1541737125	-0.161925124	-0.1882626168	-0.1142813283	-0.09320570744	-0.1240003624	-0.1587095648	-0.1785113175	1.035571864	0.9964657225	1.019745568	0.9910865725	0.5638658585	0.5876901519	0.9700587034	1.01290681	1.018247448	0.510060497	0.9521086885	-0.03903194193	-0.03569295578	0.5277066675	0.0139346093	0.01606924619	0.5724211891	0.5752878054	0.5789677421	0.5629263425	0.02757684411	0.5627418245	-0.003025192621	-0.01440322024	0.5464679178	0.004932772795	0.566836603	-0.1839952653	-0.186721684	-0.2039797437	-0.07616735395	-0.0415866672	-0.1744478144	1.079031505	0.09575550981	0.5978149273	-0.1174857349	0.04133542599	-0.05965507585	-0.01894090318	-0.04216273884	-0.003939501979	-0.04359904481	0.610381574	0.5715003072	0.5365766306	0.03271693884	0.01569508525	-0.05040011234	1.233574716	1.090059071	1.060034582	-0.06307729227	0.5632802657	-0.01318667736	-0.007458585703	-0.02973369404	-0.116060994	-0.08869258924	-0.172274975	-0.1965173361	-0.1887664294	-0.1797376458	-0.1800996217	-0.1911054798	-0.1790482291	-0.2000438675	-0.1437149081	-0.1457833962	-0.1977834186	-0.1895609046	-0.09312428076	-0.1257347784	-0.1815553078	-0.1094612424	-0.189453724	-0.1821328167	-0.170338932	-0.1507159651	-0.1878166559	-0.07023397633	-0.1371262082	-0.1769803168	-0.1163485566	-0.210708016	-0.1353081115	-0.1917425076	-0.1736735384	-0.1650448375	-0.2026674842	-0.1786395832	-0.1707746472	-0.1906151536	-0.1481320127	-0.1622382294	-0.1465153362	-0.1563877909	-0.1677354256	-0.1559131797	-0.1538233236	-0.1487128809	-0.186822171	-0.1776269164	-0.1566129589	-0.1762000509	-0.1864028939	-0.1845976348	-0.1786853565	-0.1769654747	-0.1763485871	-0.1574320168	-0.1885878021	-0.1477148021	-0.1194816309	-0.07462697921	-0.1387941175	-0.1012648288	1.057210237	-0.1750462613	-0.1678426418	-0.1667416734	-0.1635611796	-0.1723020187	-0.1510695182	-0.1768271149	-0.1310917053	-0.1948022524	-0.1043564228	-0.1737434855	-0.1696366684	-0.1278288214	-0.1339597733	-0.1739473388	-0.1584388421	-0.1831254804	-0.200709994	-0.1737254475	-0.1988209227	-0.1813786184	-0.150857909	-0.1604051895	-0.1568174822	-0.05785674445	-0.09393992132	-0.1001627351	-0.05995591143	-0.03839547005	-0.01309483974	0.00873978998	-0.06778894996	-0.06685452518	-0.02931695514	-0.1453022236	-0.03035629107	-0.1865050588	-0.2035589216	-0.1738661214	0.08450118235	-0.1022506144	0.05786608337	-0.05691817363	-0.06175990626	0.05862175398	-0.06822453839	-0.1800256657	-0.09316934852	-0.1628202842	-0.09492372877	-0.1657200957	-0.2013819448	-0.2051990988	-0.09283619955	-0.1622728016	-0.1668500387	-0.2055028924	-0.1566565208	-0.1386413465	-0.1295535845	-0.2003511671	-0.192634917	-0.2001346482	-0.1615996408	-0.19867441	-0.1411623031	-0.1037472663	-0.1257586274	-0.1460121602	-0.1128515428	-0.1540750267	-0.07436845539	-0.1762750607	-0.1389206805	-0.1291003989	-0.1604735169	-0.1870111124	-0.09577720734	-0.1467773496	-0.1227935229	0.006583368937	-0.06358285013	-0.03922469885	-0.03741554826	-0.1853885924	-0.1805367208	-0.1507780178	-0.09297871984	-0.2044704147	-0.1639984609	-0.1403373464	0.01281000791	0.9323024522	0.5583586677	-0.1757824582	-0.1623556746	-0.1825230497	-0.2005158896	0.05783114527	-0.1414723929	-0.0861956755	0.9465315751	-0.1710883692	-0.1285548632
-0.1596431371	-0.1547761417	-0.1632690708	-0.1865588335	-0.119754543	-0.1050490555	-0.1171682031	-0.1521542759	-0.1700012941	1.056721094	1.037470622	1.056128491	1.01673337	0.5656930782	0.6067868987	1.006410614	1.039300456	1.029332264	0.5244163132	0.9915716602	-0.04628912965	-0.05493298264	0.5245094969	-0.00232282688	-0.004451351809	0.5764991109	0.5703199977	0.5832414243	0.5682786067	0.01431779346	0.5613577558	0.006707282987	-0.02899823991	0.5418101949	-0.002055663812	0.5885171393	-0.1713872684	-0.17647814	-0.1945770233	-0.08502796239	-0.04848055185	-0.1704985153	1.036298491	0.07671138251	0.6052771831	-0.1106107899	0.03098305921	-0.0636848636	-0.0426155616	-0.03756859939	-0.0100118382	-0.04899288986	0.6287853826	0.5777205391	0.5402791033	0.01450868628	-0.003686817	-0.0670259265	1.090059071	1.225438872	1.020460501	-0.0428205921	0.5586297711	-0.02826130953	-0.01945056735	-0.0385112933	-0.133035349	-0.07513541238	-0.174785896	-0.1894177912	-0.1832342849	-0.1743489458	-0.1741767941	-0.1810886617	-0.1693509543	-0.1911627201	-0.1555268117	-0.1605114528	-0.1836647601	-0.1869890449	-0.09153823694	-0.1235542324	-0.1774451792	-0.1108173628	-0.1813692137	-0.1784016346	-0.1702502839	-0.1431052345	-0.1805506764	-0.07024160412	-0.1406076391	-0.1659202117	-0.1319978079	-0.2027159159	-0.1274542451	-0.1797663464	-0.1607588134	-0.1595062271	-0.1944766698	-0.1905057078	-0.163164429	-0.1819005441	-0.1360757735	-0.1766295178	-0.1445287852	-0.1476315216	-0.1600429467	-0.1692481518	-0.1534010607	-0.1424234404	-0.1779331855	-0.1740406622	-0.1382633359	-0.1705589305	-0.183929849	-0.1944172109	-0.1785165505	-0.161994386	-0.1587411643	-0.1474982422	-0.1798284374	-0.149903026	-0.1262873569	-0.08377194903	-0.1499653939	-0.1008672209	1.016047862	-0.1570947577	-0.1599788445	-0.1694528883	-0.15611283	-0.1623683155	-0.1449959604	-0.1719286653	-0.1418553426	-0.1873688013	-0.1235967847	-0.1622261288	-0.1635018188	-0.1166135666	-0.1389565426	-0.178208407	-0.1540590355	-0.1681036079	-0.1822255972	-0.1552788465	-0.1915363547	-0.1726652248	-0.1545755928	-0.1546367029	-0.1654188421	-0.06858159559	-0.1060539773	-0.1118580566	-0.07298973356	-0.04342284249	-0.02726047971	-0.00141230318	-0.07679322969	-0.0808867916	-0.04672005189	-0.1488504457	-0.05093647639	-0.1783225075	-0.1944678819	-0.1766012903	0.07486769886	-0.1203691768	0.03741495518	-0.07726787021	-0.09027382194	0.04899874282	-0.09138108351	-0.1730287428	-0.09787425388	-0.1691181193	-0.1154858359	-0.1603874525	-0.185783253	-0.1965674385	-0.09039502143	-0.165685928	-0.1597951292	-0.1975358228	-0.1732001425	-0.1354041316	-0.121938795	-0.1956923303	-0.1790988524	-0.1916932361	-0.1538283305	-0.1891556263	-0.1425924579	-0.1247628539	-0.1432563528	-0.1394277717	-0.1275544391	-0.1211588809	-0.09270310071	-0.1628942009	-0.1495668997	-0.1407837913	-0.1447043691	-0.173521639	-0.1055647706	-0.1259722949	-0.1139937187	-0.001548751631	-0.0842681539	-0.05102530239	-0.0477316451	-0.171524212	-0.175627426	-0.1480633298	-0.09204488196	-0.1933531922	-0.1555364994	-0.1358629201	-0.009669505069	0.9472338136	0.5564645309	-0.1884412444	-0.1751192594	-0.1806842392	-0.1893483556	0.05188315929	-0.1589871461	-0.1027929183	0.9214457224	-0.1631916691	-0.15138603
-0.1497499818	-0.1671023639	-0.1504967236	-0.17919869	-0.111926137	-0.1093392333	-0.1400882348	-0.1575049346	-0.1591948428	1.024331302	0.988597784	1.008793049	0.969198457	0.5340887171	0.5639670382	0.9598332932	1.005768136	0.9953114856	0.4899244	0.9372369926	-0.07994099509	-0.07923970106	0.4998383175	-0.006150581915	-0.004065659012	0.5329608176	0.5533495031	0.5651599553	0.5273081812	-0.01339878997	0.539873083	-0.02252437645	-0.05321114938	0.5531533427	-0.04361400283	0.5580437114	-0.1740632838	-0.174983196	-0.1922908579	-0.07332855016	-0.06199782006	-0.1680187645	1.094888202	0.1164474247	0.575362436	-0.1379380951	0.005826536749	-0.09677416855	-0.03498419633	-0.04674209987	-0.01928042886	-0.06681503863	0.5892137402	0.5480729028	0.5176291061	-0.01068394932	-0.01030383798	-0.07148024578	1.060034582	1.020460501	1.22458302	-0.06233637959	0.5515925916	-0.04117449138	-0.05210669602	-0.05149211366	-0.103153904	-0.1040235176	-0.1625408247	-0.181334085	-0.1770810518	-0.1646978249	-0.1651975458	-0.1776953857	-0.157816726	-0.189076472	-0.1526181585	-0.1336789344	-0.1830162055	-0.1846071268	-0.0744584594	-0.1089656867	-0.1738632563	-0.07436245373	-0.1736240707	-0.1735008303	-0.1579787515	-0.1328676156	-0.1750990416	-0.09380693669	-0.1232924508	-0.179489301	-0.1060014155	-0.2003226531	-0.1157021386	-0.1750270993	-0.1585458374	-0.1527818824	-0.1876392932	-0.1684936706	-0.1585041168	-0.1777397033	-0.1619448518	-0.1492215019	-0.1277165883	-0.1702668035	-0.149824211	-0.1477135873	-0.1653792429	-0.1243724997	-0.1739629528	-0.1673798896	-0.1215884439	-0.1638581538	-0.1741854587	-0.1719350778	-0.1625238275	-0.1597533675	-0.1625887426	-0.1390711971	-0.1761148864	-0.157239333	-0.1044504192	-0.0797241987	-0.1283536751	-0.08629687358	1.073208947	-0.1590432952	-0.1501492679	-0.1689775698	-0.1515401151	-0.1553327979	-0.1430345556	-0.168313436	-0.141034494	-0.183902335	-0.1015087843	-0.1581306652	-0.1625172346	-0.1040271696	-0.1242941009	-0.1616900802	-0.1418738629	-0.1630125679	-0.1840766422	-0.1590582067	-0.1834041849	-0.1643880266	-0.1421426669	-0.1446202748	-0.1585504423	-0.05301360653	-0.07268658859	-0.09449533957	-0.05761538615	-0.04628073412	-0.03776823066	-0.01331119793	-0.06517368703	-0.06348857383	-0.02929609765	-0.1179782654	-0.06201964168	-0.1757851869	-0.1917862341	-0.1598912208	0.0826952249	-0.1062926218	0.02803972267	-0.06090190185	-0.08047458282	0.03988084784	-0.06015300322	-0.1686935745	-0.09263146404	-0.1507884997	-0.09864550015	-0.1536283222	-0.1860460077	-0.1931396836	-0.1262550784	-0.1496905889	-0.1586741959	-0.1961284939	-0.1401435822	-0.131725651	-0.1376951795	-0.1898886237	-0.1785781569	-0.1889692751	-0.1517921661	-0.1872990983	-0.1516658138	-0.1151787421	-0.132610255	-0.1608618996	-0.134200834	-0.1137524121	-0.09823729513	-0.1538009656	-0.1180516295	-0.1082722202	-0.1374058704	-0.1664826089	-0.07722381541	-0.1165336655	-0.1381409358	-0.001699522458	-0.0596532428	-0.06774398865	-0.05739301205	-0.1710775302	-0.1635373116	-0.1409658359	-0.09907645981	-0.1913446195	-0.1507628414	-0.1343150048	-0.03394168304	0.8966568968	0.5608246275	-0.1656656499	-0.142427261	-0.1785026879	-0.1872778007	0.03387663594	-0.138589845	-0.07933650268	0.9088376871	-0.16124154	-0.1068390557
-0.04457991106	-0.0001847376437	-0.00855576285	-0.02225056618	0.0180819284	0.01177100454	0.01243498936	-0.003108998724	-0.03176561957	-0.04464744888	-0.03964862055	-0.04227742062	-0.0425069002	-0.07087569775	-0.04827711287	-0.03857786389	-0.04805583611	-0.05964093502	-0.008204175132	-0.03853378268	0.1538913714	0.1164129068	-0.03271143783	0.06000031655	0.06883319754	-0.0668702602	-0.06743301506	-0.06073087861	-0.06950662618	0.05255840037	-0.0585461056	0.0906215149	0.08423306141	-0.009490139645	0.1102732568	-0.05210562588	0.04181785152	0.02365115454	0.008059148411	0.0302430817	0.02748096235	0.09947641907	-0.05089687029	0.03397302372	-0.06634028797	0.1686794642	0.06213046896	0.03277783841	0.09764260201	0.1806341134	0.09414120616	0.05426512774	-0.05388947318	-0.06726718732	-0.05347595973	0.05736932436	0.06920871077	0.1532396408	-0.06307729227	-0.0428205921	-0.06233637959	0.4617679035	-0.05783503951	0.05849876656	0.05695377611	0.06260493075	0.02895021679	0.06028665359	-0.002174771086	0.02807006425	-0.009669506657	-0.0246058606	-0.02352407354	-0.004449228351	-0.02484517883	-0.03115410385	-0.01545154713	-0.07537424261	-0.01019156041	0.007840424045	0.01694989877	0.02797178509	-0.03086474366	-0.04527919672	-0.0208006117	-0.03158871456	-0.03840211595	-3.657345168e-05	-0.004006541032	0.01245505462	-0.03839064808	-0.01253456916	0.002845227942	-0.02113981792	-0.002405468133	-0.003437873417	0.01704250792	0.002410147897	-0.02283644703	-0.0338952172	-0.002927058944	-0.01893368726	0.04558169766	-0.06045183355	0.008311329168	0.01172440242	0.01622810111	-0.03250452612	-0.001409559999	0.01484609344	-0.01835217534	0.1206185299	-0.02358163992	-0.02050805596	-0.03965040666	-0.03524607384	-0.01614804916	-0.007544000293	-0.02240029104	0.0110778091	0.0007248025582	-0.02820320231	-0.01449520617	0.01411375561	-0.01532054535	0.02392929103	-0.05089238782	-0.01277835633	0.01735986909	-0.02077495874	0.00450808086	0.01440073402	-0.02601868401	-0.02324929252	-0.01481768139	-0.01154750418	-0.04831477611	0.02078749497	-0.01053861143	-0.04209407656	-0.007938524831	0.0002116329808	-0.008074983978	-0.02567190115	-0.01438218766	-0.02132173549	0.012862834	-0.02404023764	0.0008348989557	-0.01010212237	0.01839419121	0.006362379255	-0.01894421341	0.005944948938	-0.04330703328	0.02667618406	-0.01067453901	-0.01167153016	-0.0404455301	-0.02076748409	-0.02648423682	0.02292799954	-0.01501084981	-0.0334801904	-0.02092028533	0.02044761369	0.01121397224	-0.04947218698	-0.0336277761	-0.04730936573	-0.04596953738	-0.01241371931	-0.03939893909	-0.02393044244	-0.02573792598	-0.006133084653	-0.04434081122	0.0070680726	-0.03695903247	-0.03271904148	-0.01378874623	-0.01778480405	-0.03167947742	-0.03870254867	-0.05984920045	-0.02696070837	-0.02733020196	-0.02515212357	-0.02233202132	-0.03380761989	-0.01611614819	-0.02739654598	0.003118698817	-0.02541566711	-0.01191731326	0.03984058871	-0.004336165623	0.05392552987	-0.003192522771	-0.01327407901	-0.0690799783	-0.04079314081	0.01574315487	-0.006451306347	0.03854519315	0.02801228181	0.01985912564	-0.004693655341	0.06254336038	0.08996109324	0.1953617043	-0.02289338843	0.02411105262	-0.00757638021	-0.0007642016202	-0.01461789059	-0.003007704832	-0.01414936192	0.166981436	0.0007284402186	-0.01257864985	-0.06126237232	-0.0301625008	0.08518844354	-0.0307791679	0.02380612493	-0.02676571864	0.06453290372	-0.009516716213	-0.01862021762	-0.03118178744
-0.1483985758	-0.1495052475	-0.1431726872	-0.1754029358	-0.1156269183	-0.09936564259	-0.1209756129	-0.1716634277	-0.1732329599	0.5754979854	0.5571676575	0.567096434	0.5315789909	1.02359868	0.9749718457	0.5371463721	0.5686763773	0.5791719264	0.9193981125	0.527366914	-0.05109722218	-0.06164154892	0.9426006548	0.03616561565	0.02874582613	0.9773919526	1.003575955	1.04606956	0.9844972601	0.005649461332	0.9833093253	0.0007334527615	-0.003389042161	0.4584436469	0.00480754099	1.011142391	-0.1713695671	-0.1765145038	-0.1925247013	-0.07143882742	-0.0210778383	-0.1737240654	0.568235365	0.06728194934	1.005743806	-0.1147042256	0.06281604793	-0.07188907522	-0.005113113297	-0.03018778043	0.02025672931	-0.03549714735	1.007333887	0.975631333	0.968104829	0.01378515474	0.01724789836	-0.05257953958	0.5632802657	0.5586297711	0.5515925916	-0.05783503951	1.183954694	-0.00375999128	-0.02002486225	-0.0263008424	-0.1330812895	-0.0757917142	-0.1602856469	-0.1870517573	-0.1750621749	-0.1500824495	-0.1500433945	-0.1816100434	-0.1696978477	-0.185743979	-0.1444024158	-0.1344793195	-0.1826574315	-0.1903947811	-0.1012390416	-0.1258507308	-0.176272028	-0.09082257235	-0.1717496754	-0.1777512053	-0.1604920769	-0.148511556	-0.185267393	-0.0902567621	-0.1271767289	-0.1841256812	-0.1154598933	-0.2025590732	-0.1276424395	-0.1772495727	-0.1655059692	-0.1641269489	-0.188013271	-0.1713038276	-0.1691240228	-0.1840697355	-0.1336235925	-0.1472566429	-0.1470517859	-0.1445655436	-0.1661858882	-0.1584024346	-0.1401497044	-0.1268094414	-0.1764011413	-0.1744275318	-0.1302179443	-0.160808154	-0.1754677309	-0.1763735939	-0.1713398274	-0.1753255965	-0.1746687802	-0.1535247069	-0.1812510845	-0.1468412291	-0.1164276552	-0.04531705845	-0.126211452	-0.08901907682	0.5574258317	-0.1717381611	-0.1666980308	-0.1875188901	-0.1607567105	-0.1648737724	-0.146424177	-0.1685230547	-0.123624638	-0.1978676548	-0.1270472676	-0.1655114011	-0.1604158322	-0.1235499965	-0.1237490026	-0.1622876262	-0.1472999065	-0.1710777521	-0.1869259468	-0.1729040733	-0.1880164359	-0.1619399343	-0.1411897195	-0.1509486473	-0.1632573726	-0.06093741159	-0.07857394581	-0.103475834	-0.0574012559	-0.01765023395	-0.009841751651	0.01228197876	-0.08174654092	-0.0669208631	-0.03674583177	-0.1413463487	-0.05096542962	-0.1807204694	-0.1940506897	-0.1642309445	0.03699918629	-0.1247286245	0.02642478122	-0.07981975984	-0.09497827505	0.04315263043	-0.0632105439	-0.1773360188	-0.06278505928	-0.1508243664	-0.1206925421	-0.165388879	-0.1922790233	-0.1900460957	-0.109579845	-0.1438466233	-0.1561354049	-0.1916309895	-0.1531936514	-0.1456992993	-0.14332849	-0.1931610702	-0.1843632079	-0.186045508	-0.1553852226	-0.1821716855	-0.1396570097	-0.1019447032	-0.1252190172	-0.1314235968	-0.1045710922	-0.1354002761	-0.06563311582	-0.155260124	-0.1166599886	-0.109380793	-0.1464630118	-0.1712375584	-0.07982093431	-0.1477038788	-0.1160929113	-0.01058980233	-0.06314366453	-0.04947550381	-0.0524120954	-0.1798858783	-0.1602050948	-0.1505606309	-0.09554954393	-0.1903049181	-0.160187276	-0.1347195708	-0.03948862474	0.5097669078	0.4581868429	-0.1804916344	-0.1499757658	-0.1873709956	-0.1866477223	0.08366838891	-0.1468829614	-0.07412858823	0.4872472888	-0.1785851267	-0.1407599599
-0.01108525379	0.005638688414	-0.02806103048	-0.0423227596	0.04575816564	0.02758302082	0.05242578026	-0.019478975	-0.06357143955	-0.03427767569	-0.02574050047	-0.02832759111	-0.02744368738	-0.01200038649	-0.01992516203	-0.01720143458	-0.02618863152	-0.02970354012	-0.05740672324	-0.01598798428	0.08800179022	0.1331999108	-0.03489920057	0.0655141493	0.07958794206	-0.02323899679	-0.02125106372	-0.01726164376	-0.01239981615	0.07317401985	-0.0002746735273	0.14707711	0.1225628387	-0.05004690759	0.149164565	-0.02722667687	-0.006823488267	-0.007709949554	-0.02219881929	0.1145136625	0.1380746451	0.005526873447	-0.01605453484	0.01294992163	-0.03340006325	0.02486343634	0.1239575824	0.03634682465	0.07452417544	0.1297524772	0.08500099014	0.08489867658	-0.03667775365	-0.01356839073	-0.00935856068	0.07164695299	0.07777168016	0.1417413389	-0.01318667736	-0.02826130953	-0.04117449138	0.05849876656	-0.00375999128	0.4427529738	0.3463100565	0.093907411	-0.00822768878	0.03625506533	0.03189229328	-0.02426508503	-0.03655969979	-0.05170376037	-0.04812073436	-0.033780558	-0.0421544164	-0.04775557728	-0.009693839606	-0.03335730108	-0.05759149184	-0.02992178033	-0.05087867912	-0.0419750432	-0.05165712603	0.002857559495	-0.03591300465	-0.05245937153	-0.03222555438	-0.02437168308	-0.03530805207	-0.00593803771	-0.04614765352	-0.0356124574	0.02815182632	-0.04006447519	-0.03580384588	-0.02022171665	-0.01983631624	-0.03959709892	-0.0449149086	-0.02341773504	-0.03796804146	-0.0365352394	0.008617443431	-0.04299369668	0.01691618161	-0.03030437511	-0.01870360918	-0.0255422773	0.009406726327	-0.02630349324	-0.05122571308	-0.003006677957	0.004217560555	-0.02903818017	-0.04154333363	-0.003478426072	-0.009752905106	-0.04953369289	-0.05354457796	-0.02488886239	-0.03562366008	-0.01698300571	0.01387660426	0.0009604627054	0.007508610202	0.04083972829	-0.01758715616	-0.04704371552	-0.0163083099	-0.03000389652	-0.03587283204	-0.03020277974	-0.01067490261	-0.04109418245	0.03988645774	-0.03908609514	-0.02272510273	-0.02035653501	-0.01921440238	-0.05828409466	0.02531247135	-0.02202610942	-0.02909980296	-0.05293865395	-0.05247496332	-0.05408142104	-0.01785426274	-0.03249411528	0.03606831356	-0.02889594531	-0.02171702763	0.06401440585	-0.01563814388	0.02392337847	0.01809234625	0.03115396246	0.02309248334	0.02362629308	0.0140078471	-0.01484629676	0.01708383436	-0.01332640145	-0.003032500947	-0.05226347716	-0.03785337551	-0.02664250672	-0.01487345441	-0.019397313	-0.01219082545	-0.008429147056	-0.008941774846	-0.00371524596	0.02865785256	-0.01904358325	0.02708322249	-0.00438982582	-0.01494198599	-0.001610427527	-0.05720739497	-0.04824618132	0.01696542384	-0.01604388143	-0.007284442323	-0.03531713401	-0.03240628097	-0.02210741372	0.002450363469	-0.03986081628	-0.04847401323	-0.04961221379	-0.0276597821	-0.03034707123	0.0118173792	0.01469666867	0.01386037833	-0.01971368984	0.0134641752	0.01025742735	0.04306375818	-0.06552712359	-0.02153368364	-0.04173839014	0.0009454754901	-0.06046575294	0.04759469514	-0.04040105831	0.02209968763	0.03610785137	0.1104696871	0.124571763	0.1391865427	-0.04710212735	-0.01619891185	-0.03938324546	-8.456379598e-06	-0.04662508018	-0.02271530191	-0.01702936665	0.1376887382	-0.05629685211	-0.04706877227	-0.02441647318	-0.0237256299	-0.0241510534	-0.04690508481	0.08398925139	0.02108943815	0.1166355723	-0.06504523806	-0.007050307161	-0.0004025732942
-0.02227526631	-0.003976282254	-0.02994509165	-0.04158211534	0.04368973987	0.02340788779	0.06774739561	0.005022222984	-0.06823444963	-0.04910500359	-0.04431398	-0.03912235374	-0.03943902598	-0.02522433953	-0.01281117076	-0.02623212313	-0.04445103386	-0.04061751879	-0.05586494018	-0.03100502951	0.1421630243	0.2134457526	-0.04799917875	0.06925157406	0.07833776335	-0.01121281963	-0.03078140549	-0.02983529088	-0.005768102506	0.1003239097	-0.0192948831	0.1811512788	0.13371257	-0.04061899859	0.1900954593	-0.03557244595	-0.006895771896	-0.01104526317	-0.02511166066	0.1155720745	0.1387054581	0.00448454131	-0.02578982613	0.03550770498	-0.01818794217	0.04522046734	0.1397421896	0.03179370069	0.06611595135	0.1550289606	0.09923748444	0.1646494618	-0.02832226206	-0.01920700784	-0.02181927882	0.09619490506	0.07913975318	0.1581520266	-0.007458585703	-0.01945056735	-0.05210669602	0.05695377611	-0.02002486225	0.3463100565	0.462676337	0.1683543846	-0.009648063246	0.03036718945	0.01248238695	-0.02553497455	-0.04271517032	-0.05541521351	-0.05175903149	-0.0381653562	-0.04465907058	-0.05825459964	-0.01459546188	-0.03894287388	-0.05652795821	-0.03872706408	-0.07276949982	-0.05746876447	-0.06048551329	-0.008855587674	-0.04707735148	-0.06734948274	-0.04032583734	-0.03184243928	-0.04243408982	0.005265334588	-0.05286454933	-0.02862251651	0.03632777587	-0.04242420368	-0.04255390984	-0.03827932273	-0.03148677383	-0.0506449058	-0.05549887653	-0.02851480636	-0.04470711852	-0.04295423461	0.00781440661	-0.0398913705	0.009280947365	-0.04052888855	-0.04027189986	-0.03428214631	-0.003102250045	-0.04169831064	-0.05480032179	-0.005193307032	-0.002761084082	-0.03821641261	-0.05590563554	-0.01182748912	-0.02795263947	-0.06001361695	-0.05866427093	-0.0366293496	-0.04316149453	-0.02305731375	-0.003001701097	0.01165959451	0.003108519344	0.02673691082	-0.02702951712	-0.04964789131	-0.03354637977	-0.02456775876	-0.0474555667	-0.03787655239	-0.02140112717	-0.05150127897	0.0334609403	-0.04937214582	-6.052350268e-05	-0.03201254662	-0.02853572238	-0.03956934824	0.008704062533	-0.03300589142	-0.04373688381	-0.06549315313	-0.05653297567	-0.05932626386	-0.0191418394	-0.04210114861	0.01999568402	-0.04342807363	-0.005209889186	0.0943434673	-0.01421637484	0.0522654342	0.04252510023	0.05669924593	0.04685438833	0.03919692809	0.03666231324	0.0007921977963	0.03798376669	-0.02979316603	0.02152574011	-0.06415162534	-0.04144706969	-0.03436863063	0.004462688575	-0.001485668591	0.01310494113	0.009586998722	0.007664658105	0.02479779452	0.02659676402	-0.01711739805	0.02699395426	-0.002607406024	0.00298222415	0.0003719217734	-0.05495255902	-0.05330479384	0.02715407481	-0.02395605956	-0.002727195466	-0.03777027847	-0.03120137479	-0.02863709122	0.005697446334	-0.04406090468	-0.05528696174	-0.05858475724	-0.03541244307	-0.03451936087	-0.001589166785	0.0112672301	0.0160151769	-0.01447703091	-0.005876684934	-0.001809585123	0.03349203216	-0.06817346143	-0.02501641346	-0.03791511962	-0.007722659723	-0.06340232416	0.04997057854	-0.05774734168	0.01856281723	0.04414917796	0.116315765	0.1868941312	0.1494183412	-0.05575893146	-0.02812023978	-0.04724224994	-0.01682630922	-0.04794235923	-0.03414982565	-0.03438258472	0.1617876574	-0.05007856034	-0.03872989598	-0.03264013743	-0.02187738459	-0.02938963293	-0.05399951448	0.08752313584	0.00788179833	0.1101415056	-0.05754662417	-0.02790300707	-0.018835622
-0.04790755371	-0.001415773436	-0.0338363805	-0.03464024511	-0.03009399006	-0.000786009612	0.03380881308	0.01878280084	-0.03298630329	-0.06604951738	-0.05393890689	-0.05206337986	-0.05649667731	-0.02475246416	-0.01456464322	-0.05016407023	-0.06027130214	-0.05889399151	-0.01662455039	-0.05435435395	0.09455291288	0.1295083968	-0.0283775558	0.0512305983	0.05584077765	-0.01564688662	-0.03189141243	-0.01692746458	-0.01421920757	0.07572732462	-0.0188590209	0.1165035587	0.1202275197	-0.01136037252	0.1228618888	-0.02716952263	-0.01608948657	-0.0002811516105	-0.00469844883	0.01035244047	0.0554562972	-0.00357615294	-0.03651513985	0.07863718659	-0.01600653552	0.04371572734	0.08274884644	0.06806572176	0.0791707832	0.1157697759	0.07560943985	0.3725490822	-0.02068402339	-0.02467163946	-0.01247501817	0.07444511079	0.05996943074	0.103639333	-0.02973369404	-0.0385112933	-0.05149211366	0.06260493075	-0.0263008424	0.093907411	0.1683543846	0.4571729107	0.005099968559	0.03745020978	0.01398096919	-0.01336844507	-0.01222925379	-0.01465824452	-0.01473098453	-0.04257520393	-0.03759499537	-0.04191322976	0.002823129523	0.01758347622	-0.03798695746	-0.0183728765	-0.0498874979	-0.04590582864	-0.05426703012	-0.04505181214	-0.05746756457	-0.04499064482	-0.03789960685	-0.03355698305	-0.06709686275	0.02807471283	-0.03393201344	-0.02619810239	-0.007241991805	-0.009131965515	-0.02367651237	-0.03852237961	-0.03089750114	-0.06543793008	-0.02668627607	-0.0004480175663	-0.06811626546	-0.01642776388	0.0287783901	0.01318556736	-0.05201282734	0.00326173259	-0.02239224637	-0.002402444449	-0.007776272495	-0.04674715588	-0.0344072255	-0.01679682867	-0.03079113268	-0.02189062302	-0.04003754016	-0.009004378775	-0.03553791291	-0.044634685	-0.03922383341	-0.02597404479	-0.06769314689	-0.01394320335	0.02829847074	0.01842401619	0.01519647144	0.06556154131	-0.03595520946	-0.02525253402	-0.01906061065	-0.02020048149	-0.06465988844	-0.0543210622	-0.05183631783	-0.06096030515	0.03595627148	-0.0546104438	-0.002320887914	-0.03158847704	-0.02196652649	-0.02263684928	-0.005207184841	-0.01859160777	-0.05194764912	-0.04061474093	-0.03714862509	-0.03571864523	-0.0005008347182	-0.0224954439	6.00869401e-05	-0.05614202601	-0.009234387366	0.04940144209	0.0003961083067	0.02650034115	0.02516993142	0.07716692951	0.05402573956	0.04305600332	0.007295116888	0.04334357863	0.04243792394	-0.003280771891	0.02549333449	-0.05698872308	-0.02778867024	-0.06396543395	0.01997761061	-0.002719147209	0.02471293809	-0.005220075673	-0.00820845541	0.02438964245	-0.005420413684	-0.01508733414	0.01701633405	-0.002859402191	-0.008704942901	-0.01317287461	-0.04446501467	-0.03823544919	0.02100608407	-0.007459218943	-0.03266128359	-0.01878264534	-0.02572512217	-0.06139415886	-0.01578880983	-0.01930543129	-0.02271485064	-0.04795661777	-0.0280682276	-0.02457090102	0.01350345493	0.06836328041	0.0808430553	0.0386116955	0.01409643105	0.001646318732	0.0594371773	-0.05531813179	-0.01321833052	-0.03719048558	-0.01839056346	-0.04720681244	0.08689004054	-0.05864277383	0.04000461671	0.02525456918	0.01978573646	0.1303201214	0.1080658983	-0.02409646367	0.01975939157	-0.06062410751	-0.01220355963	-0.02597804259	-0.04442200065	-0.0425377095	0.1033448061	-0.02914128456	-0.002712260205	-0.008112806624	0.01576257961	-0.03263427813	-0.04865352112	0.07219064391	0.01077267626	0.06224569142	-0.01831189899	-0.02821134242	0.006748764618
-0.01457295035	0.09826142051	0.05267049724	0.02052187007	0.04384811315	0.0004104137537	0.06499327677	0.07429011821	0.03250387055	-0.1379328837	-0.1388414806	-0.1416062918	-0.1456081079	-0.1283138612	-0.1336034684	-0.1556971734	-0.135558042	-0.1276191397	-0.1137894767	-0.152511108	-0.02164978564	0.007726218653	-0.1197300668	0.01746544733	0.02040406756	-0.1310553411	-0.1248471283	-0.1179059693	-0.1207946725	0.007027549155	-0.1187195672	0.03875400833	0.03342900329	-0.07923951305	0.01007571076	-0.1277263176	0.07003783637	0.05745726261	0.09342238579	0.04668144692	0.02575122853	0.04168271847	-0.1197956734	0.004829992625	-0.1255594958	0.05482794321	-0.02022711602	0.03931217694	0.03088025454	0.01540777937	0.002242426291	0.001831327564	-0.1330191942	-0.1239833469	-0.1410998386	0.007367078751	0.01774381135	0.02875991724	-0.116060994	-0.133035349	-0.103153904	0.02895021679	-0.1330812895	-0.00822768878	-0.009648063246	0.005099968559	0.4027519363	0.1608540723	0.1153125266	0.06851497227	0.04291225182	0.004412106713	0.002706245941	0.02391127978	0.0366281073	0.002617088817	0.03808408191	0.03721167165	0.02755310614	0.1058948128	-0.009946584395	-0.01003336168	-0.008455553464	0.005689109629	-0.01059741164	-0.01799321683	0.0275251436	-0.02181817879	-0.03945040691	-0.02247095314	-0.002753892765	-0.06244945602	-0.001916025265	0.06287502854	-0.03237290195	-0.05937907677	-0.06176994098	-0.05064218734	0.02166751171	0.03913803062	-0.05595360491	0.03388936112	0.01999884823	0.06112425647	0.06770377426	-0.04475913003	-0.0358675373	0.09549120659	0.05778003851	-0.007620356408	0.003099220781	0.02671543596	0.04853416759	-0.01188485632	-0.01482436919	0.03607722043	-0.01555118784	0.0001732203081	0.04053133485	-0.04784046039	-0.0619733732	0.02893152954	0.07153431705	-0.002229583409	0.0586435427	0.03306538156	-0.1184849401	0.0521243423	-0.03795139501	-0.02475448332	-0.04758361342	-0.05383826664	-0.04961533304	-0.02463573692	-0.002402719499	0.002237008032	0.04050393524	-0.0624151475	-0.007930389423	0.02067993525	0.06760944819	0.02975827048	-0.02202846758	0.05179883331	0.03894316436	0.04004865781	0.1135109714	-0.01156831696	0.06503676966	-0.01798895875	0.02626841278	0.01007344932	0.02567276591	0.06749729412	0.001197645896	0.07421992806	0.00908225289	0.00634992814	0.02695518419	-0.002425610505	0.002237145634	0.04678732757	0.02322933875	-0.007142097783	0.02883419946	-0.05259635339	0.008993553439	0.05243628493	-0.001558504459	0.02628045713	0.04781877687	-0.0154566792	0.02351479497	0.03282233447	0.07429002098	0.01003937563	0.03588822568	0.02589165601	0.04508474317	0.004227268325	-0.0450986724	0.000751759142	0.0279079721	0.03665183543	0.0550166697	-0.0009980000122	-0.03495680034	0.04717191446	0.01830318846	0.002123679304	-0.02567868381	0.02821136835	0.04917704768	0.007816668908	0.02580617384	-0.01368479837	0.05980535676	0.05023766398	0.01349656693	0.02324225018	0.04442679683	0.04375718004	-0.03897408393	0.01529723711	0.03817915344	0.006003046716	0.09504120518	0.00480976307	0.02107238834	0.008620009583	0.024285727	0.02769239007	0.08810100607	-0.006490120651	-0.04246274727	-0.001075235185	-0.05780644514	-0.02476985099	0.04159989988	-0.1331460376	-0.08125080985	0.0883867197	0.04819495169	0.04555646874	0.01200152393	-0.01384185725	0.05748379665	0.05800258452	-0.1314105132	0.0567102246	0.04368438869
-0.02592404949	0.08847396926	0.008920224471	0.04459849979	0.06672210565	0.0257553031	0.05700961679	0.0817940993	-0.00562881099	-0.08768508205	-0.08263846779	-0.08645369044	-0.08748130742	-0.0673025161	-0.08037190906	-0.08856238475	-0.08521878456	-0.08201199426	-0.07407082783	-0.0857107935	0.04004526393	0.06741437137	-0.07397246154	0.01745899551	0.02197671197	-0.08300886156	-0.0830492092	-0.06818896619	-0.0820292299	0.009958324835	-0.07281142532	0.02216929229	0.1135843053	-0.06050551568	0.05955696119	-0.07294367916	0.09799102878	0.1130330294	0.1263664221	0.06935967872	0.1015623022	0.09473142383	-0.0906512986	-0.00745621866	-0.08134921374	0.1148824506	0.0160072308	0.1293894683	0.009817043508	0.04737050603	0.01414690333	0.03664801225	-0.08834347337	-0.07220564903	-0.08373484666	0.008804973198	0.01859054808	0.08904931198	-0.08869258924	-0.07513541238	-0.1040235176	0.06028665359	-0.0757917142	0.03625506533	0.03036718945	0.03745020978	0.1608540723	0.4239490995	0.09935352845	0.07716242528	0.007535088666	0.01662454169	0.01427356213	0.01072099917	-0.02476928636	-0.02814247572	-0.004089289341	-0.01145252916	-0.003906342222	0.1058178238	-0.06143937814	-0.05359320918	-0.02789018533	-0.05524729566	-0.01683030442	-0.04634216359	-0.007784131829	-0.04107966063	-0.06678436617	-0.01033276066	-0.03587572246	-0.0694787232	-0.03817101955	0.08477278095	-0.05436084733	-0.05229608366	-0.05697564143	-0.0696233828	0.009684445091	0.01389998463	-0.06583774193	0.02327391355	0.1011144706	0.008357838508	0.01497096679	0.002763996345	-0.03427453775	0.04361249505	0.07474462694	-0.03624143636	0.001868316319	0.0962141563	-0.01084831622	-0.05210770362	-0.03890564546	-0.03338706289	-0.01574000909	-0.03043152143	0.01309336323	-0.06045639249	-0.06848145506	0.008988860596	0.02648648271	-0.0009054218579	0.01613159941	0.02221717284	-0.08800129642	0.00854626236	-0.03548798027	-0.05545766329	-0.07057689562	-0.0616683034	-0.05012482978	-0.04971027984	0.002366558375	-0.002288422148	-0.01389293665	-0.05518077771	-0.02442523617	-0.04065107115	0.06001127504	-0.01608254809	-0.03797636852	0.009714329949	0.01137394173	0.01258477689	0.09407825422	-0.04248197321	0.05567065826	-0.03397131141	-0.04677916401	-0.008472947162	-0.001475544842	-0.01433886163	-0.0321403108	0.03712889167	0.01118943983	-0.01222300843	-0.04252771216	-0.03605329885	-0.01552243351	0.06681899732	-0.01261795467	-0.0432913257	0.02553106308	-0.03655795675	-0.05358691535	-0.002014200814	0.01131562968	-0.0272938513	-0.02083701616	-0.02537725915	-0.009877334948	0.04414556081	0.03682075581	0.01266298594	-0.01883156641	0.007652476987	0.03344408858	0.02794765792	0.0008334765373	-0.03645442265	0.02227925954	0.02164172151	-0.003846429006	-0.02575005147	-0.04375087637	0.02321701655	0.03184067702	-0.01868553875	-0.05428719007	0.01639903794	0.0557285325	0.06562339725	0.03065831837	0.0526892874	0.03491157895	0.0344943746	0.06349270769	-0.01484771556	-0.01021455811	-0.01560708159	-0.07126894412	-0.02931825184	0.08296395398	-0.04209293859	0.2515472006	0.02414280528	0.002104300311	0.06061727586	0.06456332865	0.01336112397	0.08904063793	-0.02430037229	-0.01143990893	0.002097657505	-0.04821645624	-0.03786261446	0.1103566669	-0.07656662347	-0.05373084901	0.03538438856	0.02980011719	0.06774668846	-0.01959710391	0.005973399514	0.01532305681	0.07889725333	-0.08546041529	0.02001246426	0.01535142522
0.02856386086	0.07793535447	0.05419710425	0.08134761305	0.07764771419	-0.0002177256651	0.1066777827	0.1224240141	0.0201885397	-0.1797882454	-0.1739141421	-0.17777494	-0.1699971139	-0.1584241626	-0.156967276	-0.1665667612	-0.1755411818	-0.1668106782	-0.1699527333	-0.1638114526	-0.01352632607	0.01014007829	-0.1528198047	-0.06150453731	-0.05657098127	-0.1579964576	-0.1635406495	-0.1576292791	-0.1564511371	-0.06516211878	-0.1499189635	-0.01407035877	0.09437102584	-0.1220903709	0.01015290869	-0.165778153	0.1272478406	0.1142040689	0.1820476833	0.0819059348	0.06294058585	0.1061585491	-0.1769738578	-0.05553412031	-0.1668222889	0.01692525586	-0.03220892683	0.07820193416	-0.05251387473	0.02580576451	-0.04655633499	0.01663480491	-0.1717695449	-0.1516709406	-0.1539777845	-0.06998216322	-0.0602734638	0.0505170657	-0.172274975	-0.174785896	-0.1625408247	-0.002174771086	-0.1602856469	0.03189229328	0.01248238695	0.01398096919	0.1153125266	0.09935352845	0.3456082649	0.1947611799	0.05732528394	0.01700666644	0.02114967094	0.05523443827	0.0322271938	0.0497936245	-0.01072646763	0.004084944754	0.04705212359	0.1543627457	-0.05244770101	-0.05540053164	0.02194915698	-0.03910561762	0.01095276625	0.01888061037	0.04256449836	-0.04733589785	-0.01626746219	-0.07169356851	0.02369554635	-0.01291101853	-0.02741823979	0.1518952714	-0.04649308894	-0.02115262602	-0.03645994301	-0.0232322115	0.07679005556	0.003942718211	-0.02218006988	0.06017111413	0.126628058	0.02120327366	0.09299330309	-0.002012429464	0.009889517938	0.06373159335	0.04196312157	-0.01069729713	0.07217280861	0.08044391084	0.0712829502	-0.004349573874	0.01410338785	0.02521172756	-0.001270767529	0.02393225433	0.06449072506	-0.04187153153	-0.02973712513	-0.01685363292	0.007623257727	-0.08749786307	0.0111539001	0.03348059887	-0.1736758488	0.04529013085	0.009470126733	0.007598006279	-0.01989469125	-0.05634253472	0.004359496105	-0.004966423798	0.05099983447	0.02244914871	-0.002776355615	-0.03844432697	0.01546790105	0.002304515745	0.2104202259	0.05554330363	-0.001817738002	0.02332836477	0.08513967411	0.06464782871	0.2437276015	-0.01923925856	0.2530267141	0.004606616069	0.02416303718	0.03217860217	0.007730762824	0.03062048014	-0.04391424934	0.005919427738	-0.05912754316	-0.08536147081	-0.04677337758	-0.04610508047	-0.004634958162	0.02782347118	-0.04645417736	0.02216563505	0.07021318562	-0.02500082421	-0.08739005553	0.01473708384	-0.07118679758	-0.02319824498	-0.02159829298	-0.1027061657	-0.04500512063	0.04815773545	0.008574637927	-0.009471539788	-0.0006253538793	0.03109893608	0.05668230223	0.03989084986	-0.03549159485	0.004445596921	0.04569085083	0.06190923379	0.02001471654	0.01057936374	-0.002722491008	0.07266502308	0.05035730306	0.03735147564	0.009928336497	0.05980903471	0.03762860016	0.04164848375	0.06014834818	0.01834785179	0.03657083919	0.05045904179	-0.005902219737	0.01556322308	0.008447994327	-0.004685567604	-0.04332920666	0.034176376	0.06957637363	0.006386813833	0.1993063424	0.006514627692	0.04210613911	0.02984113979	0.04129987963	0.04744391521	0.2403807369	0.007971170559	-0.03285228206	0.03477551225	-0.0136392489	-0.005314910855	0.0693501924	-0.1608319877	-0.1172798898	0.07202675345	0.03323501623	0.08919161705	0.04193663862	-0.03418527316	0.02116954794	0.1174150648	-0.1704963469	0.087047739	0.02666507743
0.04292844539	0.07364855595	0.08508340743	0.0991174846	0.1389681656	0.02154147749	0.06729822653	0.1414045089	0.0173451116	-0.184185546	-0.1784304245	-0.1826738964	-0.1732593658	-0.1821857072	-0.1820207492	-0.1709728211	-0.186506262	-0.1771610638	-0.1865492412	-0.1676843554	-0.03858851041	-0.02548454187	-0.1795170002	-0.08444965742	-0.08537452416	-0.1776826227	-0.1815995008	-0.1839722912	-0.1826853012	-0.09285642326	-0.1752687507	-0.0294678688	0.03254262297	-0.1363423569	-0.01624320475	-0.1804244308	0.1672921182	0.1652372996	0.1951825907	0.07737456628	0.03492832481	0.1622179903	-0.1955206687	-0.08056712145	-0.1892234361	0.05876455865	-0.06181922162	0.06830156349	-0.08244868243	-0.01016618361	-0.07973037181	-0.01000430777	-0.1844280572	-0.1778252344	-0.1739102488	-0.1009999903	-0.08940886762	0.005337807884	-0.1965173361	-0.1894177912	-0.181334085	0.02807006425	-0.1870517573	-0.02426508503	-0.02553497455	-0.01336844507	0.06851497227	0.07716242528	0.1947611799	0.3211257432	0.07283101179	0.08961831324	0.09345334213	0.1037298451	0.06043299854	0.06280970091	-0.008354380585	-0.0208521907	0.1160319463	0.1660785616	-0.05049722882	-0.04422873399	0.05779730151	-0.02941277531	0.01834875176	0.0353848521	0.02850100034	-0.03283441334	0.01577632598	-0.08957869373	0.0249656098	-0.005672235652	-0.01692813538	0.1654186086	-0.008922781553	0.003351655694	0.001244786927	0.00437560321	0.09845417886	0.02941207408	0.008048036775	0.08372511083	0.1287167033	0.009199558582	0.06800874841	0.009055709957	-0.01482365646	0.06581925798	0.07173613064	-0.0017693274	0.09469413595	0.1377136265	0.06281296707	0.001941229713	0.03793419912	0.03480007361	-0.01591234229	0.02807455222	0.08053702635	-0.00190093625	0.003910301005	-0.002171069638	-0.02831395413	-0.07607614492	0.002288215286	0.009432252725	-0.1914820383	0.05237265648	-0.01026601497	-0.01861260386	0.004300473156	-0.008607771235	0.02835305139	0.01994773118	0.04678682984	0.06424905356	-0.02512210649	0.001555117433	0.02031541734	0.01774844795	0.1197677511	0.05990591359	-0.01854430682	0.05605011122	0.1044001363	0.08403156973	0.2313176367	-0.01190564438	0.1422598282	-0.01216249153	0.04074100538	0.0240775259	-0.001786137695	0.0158205224	-0.05285019186	-0.01465327072	-0.07855164641	-0.1146295428	-0.05955851066	-0.03383475054	-0.04437981939	0.03770592724	-0.05835084852	0.03703319495	0.1595910626	0.01689214029	-0.09475744362	0.01244977968	-0.07877205144	-0.02539637301	-0.02441538035	-0.118099188	-0.06243446549	0.07500926851	-0.01024815038	-0.0001830078725	-0.002841577844	0.05742539276	0.115282604	0.05248197117	-0.04275177186	0.006828887435	0.08246247526	0.07608744346	-0.01320619612	0.03973363883	-0.005795130113	0.06665349503	0.07220524447	0.0679466432	0.02472662374	0.1137087231	0.08040574986	0.01135330754	0.05193204358	0.1009840204	0.03857660875	0.07355078971	-0.005860435321	0.08509179807	0.003661237324	0.0113888811	-0.03344366648	0.1027730972	0.04961171956	0.02058272711	0.1664440597	-0.04130176373	0.02380758446	-0.0007626122703	-0.02283584184	0.06911667962	0.1842545028	0.03487841099	-0.05871306872	0.05405997504	0.007345838754	-0.02051330716	0.01032728141	-0.1728193059	-0.1263764219	0.05605658948	0.005439402311	0.1333623806	0.06015324619	-0.07241151764	0.008225621645	0.06548008157	-0.1790961515	0.08205925331	0.04194811025
0.0210758166	0.0788384597	0.08796676098	0.1140938262	0.04798388014	-0.01903788354	0.03377441034	0.07881965384	0.0622870207	-0.1773279194	-0.1747638844	-0.1790503823	-0.166951018	-0.1719163989	-0.1820249765	-0.1628734376	-0.176524529	-0.1733758393	-0.1703004124	-0.160513353	-0.0384693331	-0.02744867602	-0.1627347744	-0.05368218234	-0.05341408716	-0.1721247352	-0.1745758604	-0.1766840791	-0.1742228203	-0.04737471194	-0.1675087948	-0.04244654117	-0.02031032805	-0.1289659691	-0.01457254493	-0.1718523242	0.03743961756	0.02537191785	0.06230199452	-0.03949633245	-0.02005842563	-0.003536099201	-0.1895802498	-0.05412061077	-0.1829967696	-0.01154892108	-0.05580324772	0.01711320821	-0.06025032749	-0.04163459732	-0.03560624275	-0.005102017906	-0.1767066037	-0.1729522807	-0.1677394838	-0.05387355566	-0.04848113687	-0.0316799381	-0.1887664294	-0.1832342849	-0.1770810518	-0.009669506657	-0.1750621749	-0.03655969979	-0.04271517032	-0.01222925379	0.04291225182	0.007535088666	0.05732528394	0.07283101179	0.3304099525	0.07746343055	0.08338619699	0.1120946638	0.08003610615	0.03740483269	0.004881300299	0.0293401229	0.07200555716	0.05610152021	0.001897339458	0.01902059112	0.01956790431	0.01535515924	0.01984036334	0.06535984088	0.07681426686	-0.02110340467	0.03061788474	-0.07668085712	0.03297261928	0.01458055781	0.0204937897	0.06751169236	0.02889348501	0.01518745551	0.02881780609	0.01619855054	0.07389109548	0.1151104035	0.01085412885	0.1751777721	0.04029762787	0.07475294875	0.003156511933	0.02510774774	-0.007985989983	0.05911116445	0.02493380288	0.02969605556	0.1428371954	-0.005690302687	0.03662122163	0.03279276672	0.08580351233	0.06748719525	0.04429509018	0.08961767223	0.03305533395	0.02074246123	-0.006965298492	0.01673730245	-0.0165244325	-0.04422098784	0.05180285318	0.02924436878	-0.1854690757	0.1338057338	-0.001864076976	-0.006257025654	0.01247384481	0.02396803908	0.04919886958	0.001977729637	0.05839825998	0.133953885	0.04734031684	0.02921198698	-0.02139912729	0.02044792152	0.02960479315	0.06729278706	0.02886249074	0.0498326863	0.02305956551	0.02486914032	0.08258338354	0.009224840992	-0.005134216334	0.01300768233	0.01671073031	-0.03482782155	-0.02399160931	-0.06001068213	-0.04003602347	-0.01619276353	-0.04276013484	-0.06827817494	-0.04642499597	-0.02876807873	-0.03396746359	0.003528358558	0.005935534188	0.06580042423	0.08398237431	0.0536108249	-0.04555211999	0.07612323464	-0.03483738784	0.03889134288	0.04758169439	-0.08424953312	0.02265166978	0.1212876456	0.04912971476	0.06735162753	0.05852307876	0.1124381219	0.1247147397	0.04863024178	-0.06302476644	0.03863892166	0.1545095372	0.1219946395	0.03679462768	0.07103049433	0.04742159051	0.1197805631	0.04728733397	0.0448437974	-0.008048753118	0.1411397663	0.08056970044	0.04305049964	0.07088858201	0.07576581335	0.017026496	0.06927541148	-0.01866650253	0.02199578901	-0.007967896739	0.005846353715	-0.01647841362	0.02541833309	0.03398725056	-0.0002649930898	0.0432278253	-0.03809941348	-0.01186761615	0.02734813016	-0.04503157931	0.05889719071	0.0910364291	0.01004198009	-0.01634006052	0.1370326757	0.01171073205	0.01539539607	-0.03454149958	-0.1644725847	-0.1251822236	0.08615517795	0.0520272627	0.04065871983	0.05254119527	-0.04901134158	0.04711310602	0.04192762582	-0.1743110656	0.1066715567	0.03792725862
0.05148653133	0.01251653764	0.046690899	0.100054075	0.03048287663	-0.001494981713	0.001178940101	0.04933218501	0.08172768494	-0.1640586396	-0.1602899578	-0.1649102039	-0.1692774383	-0.1517472469	-0.1652154501	-0.1810338646	-0.1657451397	-0.1575879814	-0.1541861198	-0.1768786662	-0.06149804025	-0.04924562284	-0.1592100012	-0.04739718317	-0.05125018468	-0.1641222232	-0.1679126226	-0.1469573453	-0.1633859429	-0.05187617168	-0.1523053236	-0.06309651498	-0.04110532367	-0.1191575429	-0.03931777358	-0.1571376903	0.05312151667	0.06748470966	0.06486812937	-0.01860206495	-0.05103898807	0.039253216	-0.1739654482	-0.0545999359	-0.1782964505	0.004213107843	-0.07175537375	-0.0006475024499	-0.06401104187	-0.07050015393	-0.04943426763	-0.008691256666	-0.164575054	-0.1622834183	-0.1725104536	-0.05505957222	-0.04542407069	-0.0516582585	-0.1797376458	-0.1743489458	-0.1646978249	-0.0246058606	-0.1500824495	-0.05170376037	-0.05541521351	-0.01465824452	0.004412106713	0.01662454169	0.01700666644	0.08961831324	0.07746343055	0.3368151212	0.328919805	0.04947191319	0.05941740781	0.06782240836	0.04700402749	0.03006777258	0.08098231153	0.04512729083	-0.001917996443	0.03092807408	0.0281097411	0.05290839063	0.05770313044	0.02749456486	0.03939383601	0.0443411074	0.03332723167	0.004059423117	0.03021554233	0.03938282666	0.01650664814	0.09062527358	0.07377762843	0.06239161412	0.06750555658	-0.00709705018	0.1038674415	0.08126508985	0.02365584833	0.06034343969	0.04194853548	0.09510559983	0.003803249826	0.0372437458	0.02729939262	0.06224742721	0.02403559695	0.04034334588	0.09478257426	0.02649869908	0.03829414982	0.03544809205	0.05427338313	0.04783141486	0.03991704445	0.02956274665	0.04878802252	0.07219297461	0.05439420535	0.05522826475	-0.01801611557	0.02662073121	0.02173572888	-0.01101158189	-0.1709383414	0.01634991003	0.03003370511	0.02802287522	-0.005590294882	0.05761982494	0.02579443324	0.004072376065	0.03299699048	0.07912165309	-0.002326607515	0.06570596535	0.04642440405	0.05098808085	0.02405028382	0.06620309536	-0.00223056578	0.06365562396	0.04867922655	0.04568461132	0.04939728983	0.09131558219	0.0194444482	-0.01047229974	0.02233629811	-0.02527203784	-0.01708319845	-0.01879713029	-0.0009041323055	0.02619847598	0.02056431596	-0.01685922564	-0.01339722302	0.007909066512	-0.01515983426	0.032088202	-0.04154003629	0.03344275746	0.1139313874	0.05469521852	-0.05108912845	0.006192355237	-0.01289190243	-0.02797420345	-0.01518092478	-0.05467664044	-0.01655056491	0.04458056306	0.03315836959	0.05329943017	-0.005357778375	0.03200434487	0.0886914262	0.08389708336	-0.006191738284	0.0539847796	0.06840376821	0.09674793379	0.05556675328	0.06989617705	0.030932704	0.06626898954	0.05421366145	0.07155499883	-0.007436182345	0.1054076781	0.02659765881	-0.0001882566995	0.04043484107	0.06174048248	-0.006743074204	0.01489248381	-0.02777044172	0.106404029	0.05383254604	0.04840392084	0.02327223623	0.06264008817	-0.01301303679	0.05845370123	0.04153919824	-0.01625233717	-0.005534550389	-0.02763240088	-0.07045323393	0.0451707161	0.04224175191	0.02323508973	-0.01796724591	0.09792524147	0.01347648791	-0.01303912405	-0.0614263228	-0.1528053471	-0.119124447	0.05032676351	0.02094661341	0.03997924731	0.06549250828	-0.06242349824	-0.004532696228	0.002684472856	-0.1662728209	0.01730724918	0.0697607168
0.04838965451	0.0107331543	0.04601855979	0.09472405849	0.028434317	-0.006149344843	0.002630080899	0.0494706705	0.07669514137	-0.1639105022	-0.1601896978	-0.1649698778	-0.169159038	-0.1514252167	-0.1653008466	-0.1808257914	-0.1656620662	-0.1576417991	-0.1543798543	-0.1766233233	-0.06085726153	-0.05065780409	-0.158848899	-0.0456577847	-0.04939509376	-0.1636492469	-0.167687645	-0.1466784765	-0.1630220189	-0.0502959148	-0.152132275	-0.05844939827	-0.03954523699	-0.1181559889	-0.0387487294	-0.1568785797	0.05731813538	0.06867534702	0.06607589432	-0.01702344051	-0.0462155504	0.04050984026	-0.1744612275	-0.05312688838	-0.178094399	0.002374382114	-0.06988433171	0.0008224135007	-0.06372896664	-0.06910184049	-0.04767489998	-0.008602866127	-0.1642668858	-0.1621428123	-0.1721915969	-0.05346614817	-0.04398429605	-0.04837547922	-0.1800996217	-0.1741767941	-0.1651975458	-0.02352407354	-0.1500433945	-0.04812073436	-0.05175903149	-0.01473098453	0.002706245941	0.01427356213	0.02114967094	0.09345334213	0.08338619699	0.328919805	0.335929191	0.05158765149	0.0652823566	0.06458624267	0.04898333307	0.03022667065	0.0816675581	0.04032074133	-0.0006899779248	0.03046443972	0.02899192388	0.05135104762	0.05875328604	0.02723431959	0.04074250664	0.03982587961	0.03164596136	-0.000506593578	0.03129796301	0.03779141309	0.01142976011	0.09159177696	0.07493088456	0.06045786372	0.06554526925	-0.007055245518	0.09956096681	0.07604159302	0.02349058688	0.06305192221	0.04497478576	0.08984177118	0.005169222816	0.03766983345	0.02260778617	0.05990673866	0.02220996216	0.03879559819	0.09506911926	0.02935507528	0.03636894788	0.03554303877	0.05494178705	0.04747027173	0.03535357658	0.03083748193	0.0472990995	0.06850502367	0.05259032882	0.05708275408	-0.0198540376	0.02713413899	0.02234072213	-0.009763562274	-0.1714384538	0.02078618554	0.02515736156	0.02344555222	-0.004479899897	0.05575309602	0.02644176464	0.004866344179	0.03415568914	0.0765105542	-0.006847792232	0.06378264108	0.04755943955	0.04949213022	0.02829241536	0.07027470092	-0.001027386992	0.06164209781	0.04686779884	0.04400781456	0.05356216088	0.09293877422	0.02359357631	-0.009196807799	0.02349926463	-0.02404508022	-0.01497315952	-0.01727507661	0.0008710274845	0.02694975685	0.02128615688	-0.01469882801	-0.0119917096	0.009038927895	-0.01352157893	0.02964382136	-0.0397460335	0.03430158498	0.1109220318	0.05305997482	-0.05034101054	0.004458965283	-0.01383094614	-0.02650974172	-0.01571136063	-0.05678414265	-0.01040942635	0.0472252092	0.03501180094	0.04824984601	-0.006936860093	0.03327845261	0.08807826484	0.08198453254	-0.01093515157	0.05477613309	0.06686525228	0.09156160648	0.05065585117	0.07099500099	0.03314715548	0.06410381374	0.05211445258	0.06834937198	-0.006311050558	0.1000470767	0.02709580059	0.001117262863	0.03847407706	0.0629682159	-0.005653300104	0.02105238593	-0.02691613781	0.1041870361	0.05475891478	0.0493902384	0.02407867545	0.06389664056	-0.008394769042	0.05344645563	0.04243799444	-0.01501602693	-0.00737594363	-0.02306489555	-0.07190730724	0.04332609859	0.04618003383	0.02600614187	-0.01679904221	0.09291728326	0.01424024428	-0.0116155645	-0.05960011903	-0.1530779771	-0.1184960963	0.05083765782	0.0191173224	0.04140368299	0.06220410089	-0.06059395128	-0.009201178098	0.003634560908	-0.1665475293	0.01831192783	0.06473344538
0.01863464849	0.09903257861	0.1051363417	0.07225228804	0.03150426162	0.006875197572	0.009928334615	0.06212211562	0.0772120128	-0.1818739069	-0.1744675905	-0.1807190237	-0.1696298596	-0.1790543338	-0.1844524276	-0.1670664162	-0.1819863904	-0.179962693	-0.166713967	-0.1669170996	-0.03727125846	-0.01176098401	-0.1573883956	-0.06396560974	-0.07087404359	-0.1797323736	-0.177614462	-0.1836257174	-0.1817143782	-0.05838624415	-0.1842750613	-0.04508898396	-0.03612436679	-0.1213445001	-0.04602608502	-0.1843079006	0.05313044021	0.05868442228	0.07241896977	-0.01413233149	-0.005933160374	0.05075373577	-0.1924548367	-0.04090673731	-0.1851893556	0.03185672985	-0.05054513094	-0.009370763357	-0.05064119644	-0.02460306076	-0.0486530755	-0.03130110575	-0.1838063394	-0.1794569869	-0.1735718195	-0.06570468826	-0.0638301109	-0.01823360298	-0.1911054798	-0.1810886617	-0.1776953857	-0.004449228351	-0.1816100434	-0.033780558	-0.0381653562	-0.04257520393	0.02391127978	0.01072099917	0.05523443827	0.1037298451	0.1120946638	0.04947191319	0.05158765149	0.339374207	0.1002975231	0.05284260388	-0.01807391958	-0.03099991363	0.09382747818	0.05652357685	-0.0007407505355	0.01927235601	0.03307144057	-0.01019076087	0.01752695064	0.07360263617	0.05942623334	0.005801941835	0.08908059264	-0.05826477417	0.0138367462	0.02489794662	-0.02115082925	0.06712062865	0.02658370916	0.05160443316	0.05346862434	0.07812467473	0.06513231443	0.0211449008	0.06973686623	0.1563153725	0.03504367479	-0.00446590921	0.02286224819	0.04999179869	0.02031887453	-0.01756601031	0.03711924352	0.0181504896	0.1096624325	0.05487113568	0.0455899456	-0.002887899681	0.01482706673	0.06677969936	0.01452539446	0.03216078996	0.02675887161	0.02991052837	0.05887921772	-0.006959248274	-0.02130181796	-0.0148674822	0.02748326807	0.008748088259	-0.1884523215	0.1381257732	0.02033738003	-0.01255485021	0.07020203826	0.05827122477	0.04352663036	0.03698979313	0.03608943846	0.143301913	0.06118630304	0.05174397564	0.04774647866	0.01533040392	0.002508103432	0.03082553461	0.04761783067	-0.002273835278	0.03422460446	0.02341514693	0.07470955149	-0.007041365413	0.02079330176	0.05666217679	0.06704596356	-0.01191430125	0.003308987603	-0.03260386488	-0.0498183481	-0.03118779509	-0.07211493744	-0.08334181359	-0.02311752239	-0.06049442063	-0.02937782716	-0.01834927819	0.05582161974	0.07815982044	0.1181091012	0.05026907266	-0.028273237	0.05655424765	-0.05554576526	0.04959694996	0.05377641396	-0.08708142569	-0.05520472431	0.1005414843	0.02597340954	0.03285268971	0.0606012949	0.1321496718	0.1956740847	0.02112337105	-0.05399854882	0.01026228294	0.1281737032	0.0766316814	-0.0270400435	0.05546263952	0.01680390107	0.06909282979	0.06391190914	0.06104299534	0.08288005946	0.06439668173	0.07236705297	0.005001430081	0.03602290965	0.07372071269	0.0364135419	0.1395652557	-0.02754263027	0.1129191753	0.01526905064	0.05992214061	0.06424906883	0.1120381381	-0.005236744896	0.03202467084	0.02907518489	-0.03417107358	0.003892766771	-0.0296100834	-0.03729713093	0.05082331895	0.0461066568	0.06278991605	-0.01229535324	0.07207594336	0.05177819893	0.04128255067	-0.0269243815	-0.1540577119	-0.1234234738	0.06160151534	0.03037965211	0.09338099612	0.05086168814	-0.05880988723	-0.00436114057	-0.015279531	-0.1622386184	0.1499796778	0.04369651958
0.02442001105	0.05131382213	0.09668590852	0.02478435129	0.02902149339	-0.02039686456	-0.008350792699	0.04419367757	0.1350935595	-0.1591552202	-0.1607030211	-0.1609117736	-0.1540557607	-0.1713330388	-0.1689648428	-0.1668782295	-0.1610037085	-0.1598993423	-0.1766209617	-0.1657203527	-0.0470848702	-0.05738954653	-0.160485274	-0.06279660189	-0.05868314926	-0.1651718436	-0.1644240738	-0.1709725719	-0.1697634965	-0.07284830113	-0.1664518425	-0.02627955988	-0.05236883339	-0.1248635346	-0.04752069741	-0.168304733	0.05342519118	0.06505544062	0.0616237608	-0.006558715341	-0.03941907111	0.02828883985	-0.1748908502	-0.04069433835	-0.1726682764	-0.004172729981	-0.05112000722	-0.009630331966	-0.03462782905	-0.04108000216	-0.05406025521	-0.0213401537	-0.1698868133	-0.1673177772	-0.1588613338	-0.063020989	-0.05451170765	-0.05155726061	-0.1790482291	-0.1693509543	-0.157816726	-0.02484517883	-0.1696978477	-0.0421544164	-0.04465907058	-0.03759499537	0.0366281073	-0.02476928636	0.0322271938	0.06043299854	0.08003610615	0.05941740781	0.0652823566	0.1002975231	0.3467472448	0.05566048799	0.1004824125	0.05095138424	0.07427297769	0.06554954472	0.01994378775	0.05283155998	0.02801658217	0.01409274188	0.05162634558	0.03425716116	0.07154164135	0.07362993919	0.02877629229	0.02665971387	0.001790509524	0.01624930395	-0.02659726288	0.07314520317	0.05250615431	0.0108567763	-0.003360971303	0.01004069396	0.0778576938	0.001839331141	0.005600172009	0.0906856279	0.01761560515	0.05502493322	0.06592405334	-0.02741605311	0.01067030027	0.02449955392	0.06522899237	0.0279937658	0.01696073088	0.04555063953	0.1009275334	0.01975898671	0.03550388313	0.02851713644	-0.003028035442	0.03383725422	0.06723783418	0.0564199081	0.009350337941	0.03924545241	-0.01892099181	-0.01035586158	-0.03746239029	0.04522367699	-0.171470808	0.1087286989	0.002548459936	-0.01229844185	0.01186773613	0.004428298087	-0.009175722118	0.04350463184	-2.178214618e-06	0.03049146238	0.05811234246	-0.005035459566	0.03033694677	0.08236160193	-0.006993016721	0.03169530415	0.01504778897	0.107603429	0.08240450991	0.07109886564	0.05413543065	0.04004733027	-0.0007514909712	0.02429095447	0.09776783775	-0.01317342699	-0.004971161721	0.01521640733	-0.0169120271	-0.01396938933	-0.02499477576	-0.02370254805	0.00685725709	0.002848187611	0.001153011401	0.006596685756	0.01983685765	0.07676225451	0.1254231	0.001915929126	-0.04708194641	0.01708585194	-0.04506741946	0.01006995529	0.009996294819	-0.02483247001	0.0265398099	0.0774456448	0.06009433343	0.008704248342	0.0331353657	0.06280757565	0.1059451616	0.005756221034	-0.04176044094	0.0002922729792	0.09265449199	0.06580881812	0.08071719514	0.02739871091	-0.03505303983	0.04670754488	0.04986728315	0.0766829195	0.007260539281	0.07781837746	0.03493283222	0.009162810691	0.05820355266	0.03485957789	0.0803576441	0.09703889555	0.001608326881	0.1897441455	0.1451995364	0.1422048036	0.09234570781	0.1638846242	-0.02853950809	0.07417496104	0.02188854029	-0.036342224	-0.01270309493	-0.04042307238	-0.05457948145	0.05733760524	0.06532865876	0.05714355494	0.0009711248169	0.01393757472	-0.009495291878	0.02704957178	-0.05697621696	-0.161595473	-0.126774768	0.04120404332	0.04023246571	0.08154070126	0.08595675068	-0.04744340381	0.02842957479	-0.05251198818	-0.1663341074	0.07886215031	0.06406466382
0.1729147002	0.01806668015	0.08150136331	0.09747818373	0.01540476843	0.01724942521	0.03431266126	0.04352211082	0.07682983353	-0.1904516281	-0.1866109015	-0.1898539296	-0.1780474315	-0.185968223	-0.1952221048	-0.1761365391	-0.1874338973	-0.1888246236	-0.1915566635	-0.1739370786	-0.0591720115	-0.05361323266	-0.1834934059	-0.06550791303	-0.07131879737	-0.185871191	-0.1860831314	-0.186396703	-0.1861180527	-0.06995025779	-0.1843803183	-0.06863364625	-0.05162932531	-0.1445198248	-0.06127474887	-0.1847276064	0.06534557127	0.05305486729	0.06952723126	-0.01639922324	-0.06402424903	0.03546576631	-0.1980722685	-0.07477602369	-0.1911649859	0.01164831661	-0.05821387696	-0.02852438174	-0.05094205191	-0.05165849098	-0.06195545309	-0.03129982466	-0.1901518917	-0.1871663949	-0.1786716976	-0.07241516719	-0.06602437841	-0.05160082331	-0.2000438675	-0.1911627201	-0.189076472	-0.03115410385	-0.185743979	-0.04775557728	-0.05825459964	-0.04191322976	0.002617088817	-0.02814247572	0.0497936245	0.06280970091	0.03740483269	0.06782240836	0.06458624267	0.05284260388	0.05566048799	0.2915498424	0.008743672705	0.02581068416	0.08904555249	0.05915557346	0.07482906619	0.06004688317	0.1366986957	-6.088403511e-05	0.07032790142	0.1833723972	0.09936887728	0.02610331282	0.07755724112	-0.01736311375	0.1643700825	0.05992867889	-0.02877924792	0.08914192467	0.008510988896	0.05966080886	0.03052667701	0.1328229728	0.1059058249	0.01600459107	0.08292595872	0.07010049607	0.03641219306	0.01028680502	0.04961809016	0.07133607117	0.08818519554	0.03424154549	0.03421020829	0.0851145681	0.1058812079	0.03175419577	0.03469594821	0.1619880285	0.1498596883	0.06990128439	0.03810479269	0.09875061947	0.09009450337	0.01396137516	0.1001093784	0.01985279345	-0.01435329162	-0.07225655659	-0.0152477826	-0.006541960963	-0.193933074	0.0626166213	0.08524031161	0.07125156516	0.1352771282	0.03905824111	0.1040481924	0.145771009	0.006075609019	0.04712050771	-0.05221577742	0.03084018006	0.06275624633	0.04134778659	0.01340011357	0.09352553654	0.08378423402	0.07108124319	0.1117949946	0.09614673945	0.0614320882	0.08350426568	0.04466651904	0.09000106476	0.03680633819	-0.01905644109	-0.05605911767	-0.01483636241	-0.04482604663	-0.01705514463	-0.050848938	-0.06571096757	-0.02875366046	-0.02246601163	-0.04200062869	0.02436922828	-0.03259800599	0.1674163077	0.09212049538	0.08325165502	-0.09519495857	-0.05747952675	-0.1054258532	-0.09531453632	-0.07104128138	-0.06847260672	-0.03472024045	0.03103939936	-0.01740051751	-0.001415126182	-0.06934141219	-0.009699493994	0.04844693257	0.09839865428	0.004441712808	0.1174116725	0.01068782878	0.0469745524	0.02367928759	0.0611570699	0.04074873791	0.07207558167	0.1060307442	0.250742714	0.1082486387	0.06865269994	0.0004458193134	-0.02600578037	0.01037255133	0.009855645713	0.0003084599216	0.01121206699	-0.0637609799	0.06578049805	0.0225314415	-0.000546426147	0.03144736045	0.05970468364	-0.01648603423	0.0595581628	0.008547761808	-0.01559519694	-0.01656572588	-0.04568501094	-0.06279945691	0.092064347	0.05379777365	0.1214961348	0.0390618	0.08278267037	0.08876053256	0.09071891409	-0.06927987266	-0.1760635392	-0.143264261	0.007546118603	0.04164270138	0.02580953086	0.2136980253	-0.05825150417	0.04209774126	-0.03379469842	-0.1810538442	0.04302959905	0.03422583728
-0.0156174694	0.05388212483	-0.007874560795	0.02504948944	-0.03841049143	0.05804528465	-0.02876458329	-0.0183908556	0.123818798	-0.1494864565	-0.148762022	-0.1502844079	-0.1441800547	-0.1446293848	-0.1453231975	-0.1592240258	-0.1496447941	-0.1454348821	-0.1245874261	-0.158124285	-0.008260069869	-0.01585191625	-0.1362331679	0.008153036906	0.01438070646	-0.1480184619	-0.1459197361	-0.1482227662	-0.1434883148	0.001419298358	-0.1396790049	0.01448620701	-0.008182976871	-0.1106631652	-0.01318095088	-0.1442371104	0.004203443261	-0.00541013716	0.001887306157	-0.0384524652	-0.01701490903	-0.0260202326	-0.1367252413	-0.01324879745	-0.1508998683	-0.005490406396	-0.02016584147	0.02709328946	0.03325202213	-0.03928381291	0.002741215056	0.01086526602	-0.1605919041	-0.1460382027	-0.1469130663	0.0004568242463	0.01047284066	-0.004221185672	-0.1437149081	-0.1555268117	-0.1526181585	-0.01545154713	-0.1444024158	-0.009693839606	-0.01459546188	0.002823129523	0.03808408191	-0.004089289341	-0.01072646763	-0.008354380585	0.004881300299	0.04700402749	0.04898333307	-0.01807391958	0.1004824125	0.008743672705	0.3915743989	0.09553261877	0.05179098686	0.003972140261	0.03871617846	0.05915372472	-0.02819114478	0.0683236826	0.06160220656	-0.01271857069	0.03686437524	0.02118063072	-0.04960332702	0.1049790233	-0.02030615839	0.01439336625	-0.008278946732	0.01827032081	-0.01115542479	-0.002916741203	-0.00216992621	-0.04426014363	0.01666384341	0.06350123699	-0.05900480848	0.0268667129	0.05717729596	0.09801941887	0.1139146703	-0.03900758764	0.01049359036	0.06594180036	0.06807830094	0.0240943813	0.0003912547963	-0.02183856226	0.050152532	0.02357764651	0.02712936275	0.05403244969	0.03400123341	0.03570058482	0.01695202535	0.02352992765	-0.03153768758	0.2338970172	0.01055326917	0.1011135591	0.0486765963	0.06704769929	-0.1343626312	-0.007951675478	-0.01303917718	0.04502621443	-0.04164987639	-0.0175498453	-0.05409518154	-0.007000013399	0.03478263177	-0.03140591359	0.0425082343	-0.00390808808	-0.03226135269	0.1124689989	0.004499204343	-0.004344729711	-0.009401932739	0.09705544649	-0.001844071899	0.006484135106	-0.01757838344	0.07020018422	-0.02757996029	-0.02775199485	0.05618529639	-0.03341158143	0.0511557528	0.04076320047	0.05044785534	0.01026470287	0.08766635932	0.07176106008	0.06906424849	0.07594902799	0.01965649304	0.159445287	0.05070828785	0.005243915203	0.0329036729	-0.009975728162	-0.002292884187	0.02656831977	0.03255990017	0.01249800328	0.0121857193	0.05038724984	0.07699414235	0.02283009133	0.02294971306	0.01446559586	0.03162050218	-0.01278701218	-0.008923713914	0.06969281459	0.0144495937	0.02270318378	0.004981288712	0.02302560574	0.1295145919	0.09104494114	0.02425928173	-0.002160083224	0.002642513748	0.02253532423	-0.0620979019	0.02624365052	0.05773260944	0.04003619857	0.05618921939	0.008048439599	0.08006328102	-0.03642234641	0.04562428675	0.0700653957	0.1039054798	0.09904458003	0.03610428201	0.0647043351	-0.01729630295	0.05941116534	0.01064883478	0.001788227731	0.004371585363	-0.01027825843	-0.0231512151	0.01383902799	0.02567698007	-0.002233220425	0.05138063256	0.001843359472	-0.04297447364	-0.004153365229	-0.01968093658	-0.1478300676	-0.1198237144	0.1037605004	0.07982364277	-0.02621974957	0.0169884532	-0.00500380643	0.07498266084	-0.0280356393	-0.1317377442	0.007306940197	0.06680188379
0.007429249989	0.02537991511	0.00974541536	0.03988700824	-0.0194937386	0.02789096076	0.01527078059	-0.0007988000448	0.06527331082	-0.1609521316	-0.164551182	-0.1609561933	-0.1576656812	-0.1399665757	-0.1494314317	-0.1658131177	-0.1593286116	-0.1605261181	-0.1276750648	-0.1642244883	-0.04615525907	-0.04783748977	-0.1408952404	0.006777432848	0.01096149969	-0.146761808	-0.1433861047	-0.14020685	-0.145706894	0.005325328967	-0.144551505	-0.01974234708	-0.04371561841	-0.09558079134	-0.04825070658	-0.1463752266	-0.02813345173	-0.02658886161	-0.001321886996	-0.02805113288	-0.0242943064	-0.04928970395	-0.1419272688	-0.004319341222	-0.1421405655	-0.06194408469	-0.01827591181	-0.01600597554	0.01946912621	-0.05117116889	-0.01171679269	0.01485947781	-0.1547477271	-0.1448838093	-0.1380619055	0.00848390981	0.0112715685	-0.04585014354	-0.1457833962	-0.1605114528	-0.1336789344	-0.07537424261	-0.1344793195	-0.03335730108	-0.03894287388	0.01758347622	0.03721167165	-0.01145252916	0.004084944754	-0.0208521907	0.0293401229	0.03006777258	0.03022667065	-0.03099991363	0.05095138424	0.02581068416	0.09553261877	0.393768613	-0.008232888789	-0.002198884578	0.01793461041	-0.0002381714261	0.004727445838	0.05614413965	0.01921896496	0.017732487	0.05874305208	0.05488363466	-0.01814377651	0.05495189777	-0.005143750033	0.01977214145	0.06706100058	0.02329577985	0.07939914205	0.01335516341	0.03259381941	-0.02264766599	-0.003338278649	0.1195469779	-0.02301090451	0.0202651667	-0.01965332563	0.2201945234	0.008117342369	0.01197970298	0.008318291845	0.03469656929	0.01261789328	-0.01558191689	0.001990253004	-0.04185905349	0.02450633805	0.03616755894	0.003887200727	0.0729468577	0.005178584744	-0.012219627	-0.01355149058	0.04944989514	0.009936217551	0.06339092268	0.1199296641	0.1181093751	0.1450337845	0.04272528863	-0.1392367288	0.06117030121	0.01263313996	0.04075924362	-0.02204717587	0.01106384237	-0.02378318101	0.01234646966	0.03850298233	-0.006635246292	0.0662498887	0.03079326486	0.01843740831	0.09817420189	-0.02785757845	0.009970241731	-0.02022082941	0.03659218174	-0.004130301271	-0.01691980189	-0.005228701589	0.05227354191	-0.01154925349	-0.01121919222	0.08765114618	0.005367910221	0.04894473438	0.06754873687	0.0815794269	0.01941056721	0.07692953768	0.07964110876	0.08223880156	0.07210160387	0.03044507756	0.06009859219	0.03409867807	-0.01168667	0.009441593802	-0.05408430154	0.0305796747	0.08607893571	0.07212708746	0.0921283991	0.0748417618	0.05477680358	0.1345708404	0.03561447593	0.0577295339	0.1091125621	0.08323930899	0.01970378615	0.01787210734	0.02205157247	0.04661658135	0.0251148352	0.003369245362	0.05353308711	0.1473893676	0.005929771323	-0.001869030901	0.004648753105	0.0004866778899	0.01862614645	-0.01635390506	0.03082942137	0.03810020471	0.09245719509	0.03242985155	0.01425265376	0.04852558311	0.01072399349	0.08883006784	0.02525240075	0.1572698684	0.1394109851	0.03188861121	0.01723581076	-0.01623846014	0.02758576557	0.002154399234	0.005473952029	-0.04871397983	-0.02136021707	-0.05045340958	0.004992967352	0.005249359422	-0.04299811307	0.03209296288	0.02819911836	-0.04707428685	0.003206976161	-0.05976810894	-0.1642926468	-0.1024065377	0.07293145699	0.1013110486	-0.04388088774	0.01704473304	-0.01178603553	0.06720776067	-0.009691772997	-0.1415840427	0.007139487192	0.05978849379
0.07064348733	0.05771918988	0.09225697744	0.05922186845	0.04333430147	0.02192191875	0.03238051006	0.0350299909	0.04687246833	-0.1807138637	-0.1783978203	-0.1834793786	-0.173126479	-0.1844206119	-0.1861764254	-0.1688734142	-0.1807630948	-0.1874830439	-0.1836907866	-0.1651297043	-0.04633487653	-0.05531799227	-0.1789983899	-0.07379431587	-0.07436967429	-0.1921583945	-0.184682109	-0.1836806869	-0.1849381195	-0.07153983497	-0.1856704033	-0.06353549453	-0.04678152751	-0.1308246369	-0.06229206627	-0.1835003818	0.09806104049	0.07137727913	0.0766347616	-0.004260695722	-0.04451853537	0.03254567651	-0.1904740753	-0.05936881139	-0.1856610209	0.03572301843	-0.07266990333	-0.002438730387	-0.06606940395	-0.05319045539	-0.05986069381	-0.03138366191	-0.1861350036	-0.1844227934	-0.1797099829	-0.08061564312	-0.07098541401	-0.05074660283	-0.1977834186	-0.1836647601	-0.1830162055	-0.01019156041	-0.1826574315	-0.05759149184	-0.05652795821	-0.03798695746	0.02755310614	-0.003906342222	0.04705212359	0.1160319463	0.07200555716	0.08098231153	0.0816675581	0.09382747818	0.07427297769	0.08904555249	0.05179098686	-0.008232888789	0.3484392979	0.06760826917	-0.005849147231	0.03663878955	0.06843128162	0.02285165913	0.04187755897	0.07620929761	0.04082876646	-0.008499999487	0.02637475936	-0.0569656545	0.06678269861	0.002720552915	-0.03574341901	0.09278186263	-0.002512597345	0.006226354962	0.005286259932	0.04555634521	0.1222790597	0.007250352237	0.03946672549	0.08773576899	0.04940096931	0.009746576177	0.0276381977	-0.02805573244	0.0109720506	0.09320597902	0.0591590526	0.1180494427	0.09134911503	0.03619536825	0.08603080506	0.07067903468	0.09233147867	0.04378326162	0.000850810428	0.1355822248	0.1925309556	0.001834069791	0.01863248462	0.1093704503	0.0201870513	0.02832668964	0.02409778841	0.07288089893	-0.1866754819	0.1136519062	0.006625754364	-0.01797638163	0.03729520985	0.009977549315	0.01927465805	0.06571844804	0.04742526703	0.03816055634	-0.04914655996	0.005631138603	0.03815403567	0.06083072089	0.05966033283	0.1258358985	0.02244088502	0.1729653337	0.1879431637	0.1899886676	0.07790855925	0.03739498417	0.03782292098	0.005196265739	0.08743577898	-0.04750294024	-0.005451415654	-0.05074268744	-0.06511743093	-0.01871017381	-0.07425314722	-0.08770361928	-0.04223724223	-0.04994921237	-0.04939556574	0.02945424564	-0.04512553169	0.0901399491	0.1379922874	0.03072642741	-0.07186008976	-0.03442044623	-0.1248631771	-0.06610760452	-0.04834598362	-0.1056366097	-0.03521674609	0.08514095246	0.02459414902	-0.00517896444	-0.0491260236	0.04737635638	0.1368432473	0.08605831661	-0.03908895295	0.06584689437	0.05785378662	0.05877744865	0.02080497668	0.09958113497	0.018495353	0.09373409192	0.1566689288	0.09293868107	0.05371315913	0.09629369579	0.03506782485	0.008599281827	0.05752281339	0.06236231105	0.05035648373	0.03980744643	-0.006756789736	0.1257478794	0.03216706568	0.04121680308	0.05544254434	0.1549821184	0.01097910062	0.03445378085	0.01900946936	-0.02428985186	0.002782806321	-0.01774525743	-0.05432367282	0.1499496619	0.08122947015	0.1338425931	-0.04260677395	0.05557522131	0.002845898759	0.003792927496	-0.05783244669	-0.1678011722	-0.1316794184	0.08636335768	0.04585701776	0.04471871222	0.08503375718	-0.06584142837	0.0251732246	-0.002230745452	-0.1808022967	0.06087691937	0.0518512501
0.0453856832	0.06516647664	0.07886717564	0.1109921853	0.08196101264	0.009378707413	0.09438647661	0.1079029055	0.07183461818	-0.1802903919	-0.1763416062	-0.1800261901	-0.1715450741	-0.1849850899	-0.1889006909	-0.1747798242	-0.1794674655	-0.1828800546	-0.186831759	-0.1709547748	-0.00838867344	-0.01423879325	-0.1813201152	-0.07137241637	-0.0688566499	-0.1870302893	-0.1827965437	-0.1878306765	-0.1849776507	-0.07730795433	-0.176103262	-0.03825993429	0.06884805267	-0.1390889315	-0.0123189321	-0.1807576537	0.1856616061	0.1924092267	0.2636299079	0.1288180151	0.03533961596	0.1905357768	-0.1913651594	-0.05973030037	-0.1946170818	0.09052329008	-0.06276381444	0.06550231626	-0.05850896611	-0.01646988627	-0.06546277813	-0.02162790925	-0.188505989	-0.1834931085	-0.1746728745	-0.07406882226	-0.0643108402	0.02201173567	-0.1895609046	-0.1869890449	-0.1846071268	0.007840424045	-0.1903947811	-0.02992178033	-0.03872706408	-0.0183728765	0.1058948128	0.1058178238	0.1543627457	0.1660785616	0.05610152021	0.04512729083	0.04032074133	0.05652357685	0.06554954472	0.05915557346	0.003972140261	-0.002198884578	0.06760826917	0.3257267551	-0.04877324858	-0.009380973719	0.05237455663	-0.03991134421	0.03527956698	0.04141555205	0.0345940513	0.01332107687	0.006686783463	-0.0494834435	0.02204515951	0.02046780354	-0.02766243644	0.2000177433	-0.02388498415	0.003950904193	-0.01200876713	0.008071083118	0.09862954013	0.01519876345	-0.001402409667	0.08894567794	0.0940056389	0.02174659303	0.07343975848	0.01530265856	0.01108224903	0.044695256	0.04131749638	0.01241126196	0.07321355834	0.1558686824	0.05929024119	-0.003065310317	0.04212007476	0.00257851198	0.02903221468	0.03764520796	0.08133136043	-0.00312792709	-0.004131811724	-0.009458367785	-0.0008427444204	-0.09734295792	-0.01220653655	0.001064033261	-0.1876973366	0.05909737416	0.01231447725	-0.001417336579	-0.002830212015	-0.01430120253	0.01945751248	0.02193174644	0.02982587579	0.05504430178	0.01285963075	-0.01163524236	0.01529621108	-0.01134123353	0.04517131591	0.0360638029	0.0002398548724	0.08498641807	0.1022469443	0.08152058885	0.1925302987	-0.007759874561	0.06714497581	0.006652993095	0.0231696563	-0.02312996807	-0.009316519479	-0.006099993506	-0.05305540337	-0.0166509769	-0.07824617933	-0.09646502462	-0.05417070169	-0.05001666905	-0.02611581389	0.06052288235	-0.0664861485	0.04460398766	0.1069479414	0.009282152595	-0.1072303017	6.286817793e-05	-0.07220275125	-0.04332532301	-0.03073415576	-0.1009357994	-0.04455779873	0.08224842326	-0.01081915136	0.02019523128	-0.01535853529	0.04151339557	0.08043921491	0.05753848288	-0.02421384838	0.004101069943	0.05514631942	0.0807622692	0.03316084784	0.03966094738	0.001308721499	0.08321377703	0.08865464204	0.05769901366	0.01405251087	0.08875792445	0.04228258099	0.02539582091	0.02919471444	0.03379230004	0.04987637962	0.06229555445	0.002689427093	0.07120670953	0.02067163842	0.0003068784953	-0.0126420499	0.07043491943	0.04568067398	0.04927714208	0.1660501746	-0.02098431713	0.003659807117	-0.03967665583	-0.001266998353	0.08207059433	0.1178557721	0.02142015572	-0.04596877107	0.06813967635	0.003129961331	-0.002285452438	0.01538936502	-0.1775693631	-0.1288703905	0.08787578264	0.02858410932	0.143497383	0.06810728077	-0.06663444755	0.04516339331	0.04297407813	-0.1718033449	0.111347297	0.03034614977
0.04634786189	-0.02392617041	-0.01612026287	-0.03436955283	-0.0537755916	-0.0340871718	-0.02344136632	-0.0423164924	0.03265823492	-0.09312872399	-0.08828275895	-0.09287002442	-0.09814077401	-0.1050845031	-0.0993657934	-0.1070037618	-0.09235672223	-0.1057540061	-0.06235595812	-0.1070691377	-0.009489859701	-0.03044795933	-0.0634253946	0.04837691952	0.03844655688	-0.1134921608	-0.1089458302	-0.1139496338	-0.1028409693	0.04053368557	-0.1056476616	-0.03383478784	-0.08070223869	-0.02744374781	-0.05200733883	-0.1044915373	-0.04490357583	-0.0509677585	-0.05357860073	-0.06306080901	-0.0685148189	-0.009934060072	-0.09133766623	0.05365053309	-0.1155316194	-0.007798990864	-0.04397311497	-0.01917387424	0.06207734106	-0.02773992434	0.03010733259	-0.04358656231	-0.1182830372	-0.1016297759	-0.1236467156	0.04525748091	0.04758509578	-0.02535498843	-0.09312428076	-0.09153823694	-0.0744584594	0.01694989877	-0.1012390416	-0.05087867912	-0.07276949982	-0.0498874979	-0.009946584395	-0.06143937814	-0.05244770101	-0.05049722882	0.001897339458	-0.001917996443	-0.0006899779248	-0.0007407505355	0.01994378775	0.07482906619	0.03871617846	0.01793461041	-0.005849147231	-0.04877324858	0.4602982422	0.2091212343	0.1665302695	0.009724071839	0.03979722019	0.1462134181	0.01708391907	0.04709059967	0.1072100322	0.1286780441	0.1337922392	0.04422838447	-0.03200864937	-0.04754304927	0.07188837308	0.06285877519	0.02514498984	0.2180713767	-0.01611148096	-0.0335404099	0.1466654734	-0.02858052111	-0.04764669608	-0.0142302521	0.01332823779	0.09860764218	0.07969280102	-0.01210844117	-0.03647412131	0.03274610237	0.07420990375	-0.00935231192	-0.03726429319	0.06283781276	0.1280491823	0.01389961902	0.02131855092	0.029101929	0.01262799593	0.03857018268	0.1072309216	-0.01974162349	-0.02972378702	0.01769569422	-0.02773126111	-0.06569218976	-0.08925600997	-0.01243303498	0.09853789478	0.1053926599	0.2324899725	0.05288674056	0.1676346905	0.1493450855	-0.05900533117	-0.01772078882	-0.006654229916	0.02006057914	0.0237662129	0.05634076711	0.02099501267	0.01157691918	0.1298719156	0.02129930555	-0.02085350692	0.008362545795	-0.06415727552	0.04708488366	0.002167119176	0.1270752386	0.0243710753	-0.07089726966	-0.002740004634	0.007124369267	-0.02237762303	0.0009115092969	-0.0047006146	0.008597947228	-0.01022149711	0.01058003751	-0.02054379024	0.02663444577	0.06296057372	0.1195128762	-0.04190351681	0.09367680332	0.04821353728	-0.03393254664	-0.02196396882	-0.02827896697	-0.03346749848	0.005694869061	0.1139735214	-0.02772663709	0.02839401949	-0.03343969278	-0.02125445805	-0.02732846877	-0.05153588806	0.01405634767	0.009465434665	0.01288888671	-0.0433719871	-0.04653983376	0.003628483628	-0.0004786802337	0.003140105307	0.0009367374968	0.002072482895	0.07244898564	0.1140683814	-0.04600606534	-0.02406109459	-0.04492743679	-0.05523307098	-0.03227689077	-0.01521469701	-0.02244456768	-0.03425777546	0.04271941802	0.0006698394785	0.04286296336	0.003207237673	0.03848343813	-0.03456834546	0.03155367054	-0.06454645361	0.0189804897	-0.03113784755	-0.0510208784	-0.02343281906	-0.007985287778	-0.0340342988	0.07999112873	0.2112287415	-0.01895742259	0.1465075061	0.1417566108	-0.0302880236	-0.07776109623	-0.04115381313	-0.04739756042	-0.02201012526	-0.005109117774	0.03719506586	0.004981510318	-0.01512432246	-0.05550652482	-0.04458278402	-0.0410730612	-0.04597667369
0.03026704071	-0.03446201182	0.004732517203	-0.02146799462	-0.03832532216	-0.04912044913	-0.03430643366	-0.04209537713	0.06305861504	-0.1145442777	-0.113134574	-0.115471498	-0.1185033222	-0.1262732437	-0.1217818839	-0.1304479945	-0.111906524	-0.1161824056	-0.09797384516	-0.1302953952	-0.03458058928	-0.03708548691	-0.08328315795	0.008514955187	0.01160308683	-0.1272479504	-0.1232310022	-0.1326379174	-0.1247612766	0.003685964181	-0.1262149282	-0.06125379943	-0.09158799257	-0.05830769147	-0.07865275303	-0.1280557156	-0.02534130019	-0.01688953622	-0.03329571355	-0.0401406152	-0.0748767181	0.00730425079	-0.1182956161	0.02954201955	-0.1375806619	0.01979170162	-0.0621161335	-0.06269852205	0.02824090567	-0.03514752711	0.008743741321	-0.04792278786	-0.1312149705	-0.12565503	-0.1421024987	0.003951870654	0.005725050234	-0.03036781511	-0.1257347784	-0.1235542324	-0.1089656867	0.02797178509	-0.1258507308	-0.0419750432	-0.05746876447	-0.04590582864	-0.01003336168	-0.05359320918	-0.05540053164	-0.04422873399	0.01902059112	0.03092807408	0.03046443972	0.01927235601	0.05283155998	0.06004688317	0.05915372472	-0.0002381714261	0.03663878955	-0.009380973719	0.2091212343	0.4259621753	0.07747191535	0.007016003601	0.06795124802	0.08257816815	0.04341814045	0.09518334287	0.06349830617	0.1965531604	0.0736965008	0.1330484159	-0.01076200558	-0.02935097807	0.1005827819	0.1196735719	0.08161020939	0.1315723547	0.03672229572	-0.04814206268	0.09697304116	0.03782486796	-0.0266172256	-0.01703215075	0.01794623154	0.05051233416	0.1532333972	-0.0525599714	-0.05455495119	0.1068228915	0.07450264095	0.009398919934	-0.028306216	0.08754410932	0.09584512074	-0.01486354727	0.1116818016	0.064579812	0.01743214071	0.0973493508	0.06283227994	-0.01053999663	-0.0180173861	0.05264621846	-0.02566051161	-0.06716033961	-0.116325316	0.0004133108472	0.1347826317	0.0662938403	0.1303704235	0.0867996114	0.07906467146	0.1134312353	-0.07384874165	0.01963162632	0.0008043044798	0.08797597426	0.03718196873	0.01558868003	0.02443756427	0.05179810402	0.151789256	0.05322094135	0.01739805271	0.01880837647	-0.03721338841	0.09897949464	-0.01119485158	0.1341716424	0.02426522351	-0.04837751884	0.04011089639	-0.002096465208	0.007868990346	-0.007998982621	0.005836925338	0.02133838598	0.01957583219	-0.007854519809	0.00192500047	0.0277615328	0.01551466895	0.09427449859	-0.01079549718	0.06761387198	0.009214451764	-0.04424674894	-0.02772263703	-0.02685101861	-0.0270569787	0.01362146688	0.06715543507	0.0344544586	0.01419651889	0.006903416574	-0.03565312079	0.01789631987	-0.02334334915	0.05077937232	0.009922881604	0.06579098983	-0.02152701664	-0.02783672093	0.03731762816	0.03476404792	0.07369635227	0.03463853012	-0.0007305140159	0.04581075181	0.07496237865	-0.03040310729	-0.05705820495	-0.07823628268	-0.04877581031	-0.06518958359	-0.05310430715	-0.01007704488	-0.05852479554	0.08141753968	0.03248568538	0.01876598803	0.08311602137	0.04530849442	-0.04308208224	0.03879724277	-0.06779214263	0.02187947461	-0.03329070825	-0.06111069793	-0.0135720144	-0.001165456154	-0.02183033351	0.05470484101	0.1565638627	0.02008546853	0.1118530128	0.1304612632	-0.04229116805	-0.08508462428	-0.07394844693	-0.03744099453	-0.04439582371	0.005357410844	0.05652630631	-0.04764672373	-0.01972505322	-0.05466597682	-0.0774960206	-0.007612153047	-0.04482146324
0.1194309563	-0.001698099844	0.08671618172	0.03088038698	-0.009391533937	-0.01380307789	0.01108111671	0.03651440577	-0.006654388171	-0.1696572555	-0.1654163542	-0.1708219376	-0.1601623247	-0.1699784181	-0.1850538784	-0.157651832	-0.1676046805	-0.1721834107	-0.175823989	-0.1536485493	-0.06088033794	-0.05514629332	-0.167504811	-0.0554084248	-0.0611267962	-0.1769421537	-0.1708211697	-0.177990919	-0.1711327238	-0.06363294821	-0.1733751619	-0.07409654132	-0.04862079267	-0.134465073	-0.06887903516	-0.1734021523	0.05609732916	0.05655566885	0.0550664732	0.007865114962	-0.05260999279	0.03612826787	-0.177948101	-0.05904950226	-0.1793414015	0.004216077074	-0.06318034802	-0.02124010362	-0.0486399742	-0.06344504856	-0.06691221205	-0.04322818063	-0.1800236233	-0.167109857	-0.1631441664	-0.06686437402	-0.06227119769	-0.06293995307	-0.1815553078	-0.1774451792	-0.1738632563	-0.03086474366	-0.176272028	-0.05165712603	-0.06048551329	-0.05426703012	-0.008455553464	-0.02789018533	0.02194915698	0.05779730151	0.01956790431	0.0281097411	0.02899192388	0.03307144057	0.02801658217	0.1366986957	-0.02819114478	0.004727445838	0.06843128162	0.05237455663	0.1665302695	0.07747191535	0.3111801949	-0.02147881586	0.08550921921	0.2119641252	0.06291176004	0.04332865408	0.1570342486	-0.04990409538	0.167865305	0.0649966485	-0.0197974235	0.06118057258	0.04165085293	0.05701980136	0.02298410053	0.2451428328	0.08043196654	-0.01147397274	0.1922771706	0.02115388035	0.01301430223	-0.02726063941	0.009693324722	0.1513978728	0.03794703811	0.02369375827	0.007200829729	0.009941150986	0.1256660516	0.02713212726	0.01623124348	0.1161634614	0.2000632792	0.03945962763	0.02557582695	0.07439353968	0.07568852411	0.01977066884	0.1427596467	-0.0009703920987	-0.01676657597	-0.07799089625	-0.01120366488	-0.009392542505	-0.1734787891	0.03159248614	0.05704176678	0.06024761569	0.2488797522	0.08584043765	0.239013522	0.2089716946	0.02138759728	0.02281236373	-0.04632850078	0.02310388419	0.08424953711	0.009715319829	0.04495264759	0.06769961846	0.139346068	0.06122478807	0.08146783774	0.07068940094	0.0457468147	0.0689556845	0.06840091673	0.148298452	-0.002137605083	-0.05195123031	-0.03301848611	-0.02890164613	-0.07063911236	-0.03833906515	-0.08584228539	-0.08652513639	-0.06650435331	-0.05311284486	-0.05906716505	-0.01914004076	-0.04152305262	0.1861848509	0.07486160608	0.1090402531	-0.08408049239	-0.04351334173	-0.1013157711	-0.06069042685	-0.05443095186	-0.07302636995	0.02986752539	0.05871187042	0.003706566329	-0.001251808042	-0.05491901259	0.01946113703	0.04924705015	0.08758446428	0.006939459482	0.06149711205	0.01957022464	0.03238363552	-0.03272279254	0.03381885429	0.03962356946	0.07667800071	0.06903498024	0.1347906071	0.1740568794	0.0411842448	0.009319120853	0.02216559927	0.01035230995	0.05234705099	0.03280984589	0.05640504356	0.001492344836	0.04434463181	0.0008153896225	-0.01381450371	0.0004783794525	0.04971612082	-0.01941126532	0.02115142006	-0.01118778861	-0.01744237351	-0.02021294448	-0.03491354394	-0.07028051706	0.07226180885	0.01576593839	0.08362678177	0.0786855069	0.03617656401	0.1701443097	0.1444071471	-0.06695164608	-0.1570652823	-0.1304846948	0.01239037234	0.02225471631	0.0510768778	0.1186586515	-0.04781930046	0.01111904234	-0.0253318387	-0.1613610167	0.05304176164	0.01124454855
0.0158724334	0.02712794082	-0.01396861302	0.02525562365	0.04295571671	0.0309945159	-0.01509563387	-0.02680891522	0.02131503968	-0.1121741238	-0.1123691499	-0.1138688623	-0.1119543014	-0.1079077146	-0.1035094932	-0.107994906	-0.1103709681	-0.1217269974	-0.1120739379	-0.1057297162	-0.03349989734	-0.05226469401	-0.1342645089	0.03416487625	0.03623587052	-0.1065237066	-0.1050047122	-0.09808392767	-0.1042403355	0.0201903699	-0.1074353515	0.03024558208	-0.06646826654	-0.08316991021	0.004220096637	-0.1012730489	-0.0377466564	-0.03365649165	-0.04212545303	-0.009024222922	-0.01519335101	-0.03979993917	-0.08531272466	-0.02015224977	-0.0982369823	-0.04216129961	0.01876980055	-0.03137524383	0.004144518496	-0.03487192022	0.009477817948	-0.0405905289	-0.1035610747	-0.1054484787	-0.09953703003	0.02184840553	0.02714668868	-0.04267230065	-0.1094612424	-0.1108173628	-0.07436245373	-0.04527919672	-0.09082257235	0.002857559495	-0.008855587674	-0.04505181214	0.005689109629	-0.05524729566	-0.03910561762	-0.02941277531	0.01535515924	0.05290839063	0.05135104762	-0.01019076087	0.01409274188	-6.088403511e-05	0.0683236826	0.05614413965	0.02285165913	-0.03991134421	0.009724071839	0.007016003601	-0.02147881586	0.412215045	0.04215574851	-0.0204659798	0.0362495087	0.06119398603	0.01803379743	0.03240396936	-0.006230642858	0.02100212716	0.07312724546	-0.03096240547	0.05514258215	0.04428428901	0.07773467966	-0.01493175347	0.03066569745	0.07872566989	0.01361432405	-0.008011276747	-0.04854497116	0.06831789763	0.06498182009	-0.04638967795	0.01798431274	0.03071111629	0.03456704249	0.02386086059	-0.01526554791	-0.03859876858	0.04248474015	-0.002999654951	-0.00965962336	0.05255675668	0.04123325909	0.009109635188	0.002048755859	0.09647535867	0.01807136424	0.1087188149	0.01508056592	0.07457836447	0.03325179926	0.01273005844	-0.08423209212	-0.02265565397	0.0114986563	0.05050310989	-0.01672162372	0.05089781777	-0.002827733466	-0.01993167081	0.0540490869	0.02213551431	0.05466021423	0.07918292293	0.02231155086	0.1196142108	0.0233987459	0.01541197895	0.01114886174	0.00100405614	0.004033979195	0.001242822237	-0.04360482773	0.07168590965	0.003872507485	0.001290595061	0.0105280212	0.04696745382	0.03664726766	0.04270935081	0.08319267448	0.007994686629	0.05025204266	0.05612354925	0.09080615616	0.0497664264	0.0849151637	0.07897274495	-0.003889153653	-0.0194643068	-0.008969549655	0.004465063067	0.01079901893	0.06381661173	0.03743047274	0.05432090232	0.05850153507	0.04373694272	0.09152390749	-0.01446031428	0.02014174733	0.01263536209	0.0729373462	0.007681109169	0.02028826931	0.0398711334	0.06265262155	0.01862120406	0.05779154914	0.03299589946	0.09058189638	0.06929108052	0.01881789676	-0.02110098081	-0.03124472742	-0.0120752951	-0.0203735778	0.02457723615	0.02939739101	0.001717129761	0.003998824313	-0.003347599977	0.0133455529	-0.03003952183	0.005938404167	0.01780406936	0.06222208753	0.07130186221	0.0277101351	0.01756936759	-0.01721876062	0.05752954099	-0.05215305546	0.02237269486	0.03756490482	-0.02215904586	-0.03934533743	-0.02582996287	-0.03571899612	0.0214641656	0.0144637993	0.02892972114	-0.02144870006	0.004744630804	-0.0676975993	-0.1398788618	-0.08997140554	0.02512998101	0.03271939304	-0.04323812456	-0.005055831345	0.02211145919	0.02406961097	-0.001052519974	-0.136124847	-0.03675514429	0.04796082091
0.04686455121	-0.0112751518	0.03772033672	0.04122010492	-0.01942096654	-0.0085402848	-0.03751279728	-0.004714509334	0.07422391472	-0.1712953094	-0.1689360392	-0.1754516243	-0.1618004235	-0.1735215245	-0.1769192359	-0.1639503268	-0.1725135357	-0.1725958764	-0.1790981817	-0.1624003269	-0.05893071689	-0.06726131595	-0.1630945061	-0.04325599335	-0.04688895093	-0.1718709609	-0.1695861996	-0.1779103533	-0.1714396951	-0.05192962925	-0.1708286961	-0.07060643042	-0.07667683482	-0.1341765144	-0.07392431831	-0.1721757918	0.01582609786	0.03117894563	0.03528479691	0.006382612345	-0.04310997568	0.02815844271	-0.1827736704	-0.04540206278	-0.1794554383	0.001172410976	-0.04996149774	-0.02595025065	-0.02309041341	-0.05984201552	-0.02873645071	-0.05739635466	-0.1790467344	-0.1741834661	-0.1643248723	-0.05172818383	-0.04769070239	-0.06336549072	-0.189453724	-0.1813692137	-0.1736240707	-0.0208006117	-0.1717496754	-0.03591300465	-0.04707735148	-0.05746756457	-0.01059741164	-0.01683030442	0.01095276625	0.01834875176	0.01984036334	0.05770313044	0.05875328604	0.01752695064	0.05162634558	0.07032790142	0.06160220656	0.01921896496	0.04187755897	0.03527956698	0.03979722019	0.06795124802	0.08550921921	0.04215574851	0.3280518821	0.03223490322	0.05047074913	0.1124767867	0.1051378734	0.0006128579799	0.03900053495	0.1038260088	0.01042443227	0.06076126298	0.08680467808	0.1069474782	0.1035942034	0.05420941727	0.0678170038	0.01627366023	0.09302652213	0.0262054725	-0.001266400301	0.002108480191	0.03458881315	0.07564802204	0.07406622875	0.01372254592	-0.008958440919	0.06009314362	0.03995766886	0.03395008924	0.006596023061	0.1245758345	0.06835626104	-0.02299036015	0.2126585401	0.09636166195	0.0604219245	0.08986711738	0.1239355182	0.08159211855	0.0141247901	0.01033748626	0.04820664679	-0.04240459353	-0.1793458973	-0.01104226479	0.07115451279	0.08104443191	0.05265048652	0.09931613289	0.04136629804	0.1170052918	-0.001595015534	0.03944974232	-0.01421871369	0.107381893	0.1168266772	-0.00333157336	0.06178313446	0.06287870564	0.2031494533	0.06056151928	0.05142040764	0.05709193601	0.02800306206	0.1949671343	0.04750866015	0.1845003962	-0.009214061112	-0.02976969381	0.04305741124	0.01109094976	0.03769587534	-0.03119014186	0.02992564574	0.02351037119	0.04339879944	0.01706520744	0.01089867432	0.04574495811	-0.0388935019	0.03871998452	0.02817914609	0.1092397613	-0.0588179747	-0.03792670074	-0.02829265023	-0.02809110784	-0.02258018915	-0.007657203475	0.01642314058	0.0730273199	0.01456520924	0.04282551902	-0.02985409985	0.03809968388	0.01772540572	0.2119751208	0.06258083329	0.1152203109	0.009746475079	0.03390224281	0.07849525219	0.1162878867	0.1228285379	0.08105540136	0.01644660271	0.06723704881	0.05979631495	0.0314027577	-0.03380480044	-0.01937181623	-0.05294337421	-0.009322990287	-0.02318291546	0.05067478561	-0.03969679954	0.04333612853	0.005607323344	-0.01391311923	0.05594737948	0.04941413811	-0.02411078927	0.04643063396	-0.020883659	-0.01724410707	-0.03318555365	-0.07239254738	-0.06203062733	0.01749353852	0.03707991727	0.06387040945	-0.02250454891	0.05638213676	0.07231792615	0.1004264148	-0.07879311612	-0.1656619001	-0.1328399912	0.01632654189	0.02924157585	0.02231113534	0.06653497451	-0.04395145512	-0.003679522606	-0.03629396334	-0.1694510662	0.01658989024	-0.01761787738
0.1620534343	0.003008019475	0.07793150224	0.05583949427	-0.009088436108	-0.01223227271	0.0359214695	0.03854413204	0.04630664914	-0.1719858171	-0.1674218268	-0.1711984077	-0.1622756614	-0.1707464702	-0.1852514138	-0.157097096	-0.1696533097	-0.173661494	-0.17608414	-0.1547171566	-0.05446864227	-0.05565369454	-0.1692036601	-0.06568041737	-0.06766862342	-0.1757986683	-0.1717220699	-0.1797101172	-0.1713896028	-0.06639115747	-0.1718987581	-0.07131657581	-0.04134696478	-0.1358412681	-0.05907093174	-0.1743896429	0.04831568599	0.02270661512	0.04187256074	-0.02975662585	-0.0555345475	0.0002927206122	-0.1807727441	-0.059468206	-0.1777618073	-0.01913050732	-0.05517096246	-0.03957882984	-0.05387462587	-0.05283100278	-0.06655195059	-0.03271067333	-0.1815381812	-0.1681863349	-0.1650334333	-0.06948160744	-0.06973883565	-0.052314475	-0.1821328167	-0.1784016346	-0.1735008303	-0.03158871456	-0.1777512053	-0.05245937153	-0.06734948274	-0.04499064482	-0.01799321683	-0.04634216359	0.01888061037	0.0353848521	0.06535984088	0.02749456486	0.02723431959	0.07360263617	0.03425716116	0.1833723972	-0.01271857069	0.017732487	0.07620929761	0.04141555205	0.1462134181	0.08257816815	0.2119641252	-0.0204659798	0.03223490322	0.3144508406	0.09581953374	0.03904289112	0.124444594	-0.05287130495	0.2179548641	0.06412647937	-0.03599336888	0.04801417566	0.03763224954	0.05885651561	0.02301217549	0.2247499594	0.07220045108	0.001271349665	0.1677232529	0.06754937672	0.03443264099	-0.008227794153	0.0313767707	0.1329027645	0.04380663292	-0.0008299047153	-0.00769607195	0.05801329941	0.1614617123	-0.004693206071	0.01139381961	0.1242848618	0.2067159601	0.08390617666	0.01600964483	0.1110536691	0.07607094717	0.01775686964	0.1101830911	-0.00130723022	-0.0412432565	-0.09711445735	-0.03468168616	0.0129243524	-0.1761773125	0.09107137841	0.05513370465	0.04523411932	0.220195395	0.0575603019	0.1939358582	0.1919339175	0.02625324043	0.05223155311	-0.02726357132	0.02200958434	0.04781104569	0.02117142598	0.005178911801	0.08704525599	0.1308745134	0.05369010585	0.0769961932	0.069780099	0.03257475611	0.04258586118	0.02944976561	0.1398929804	0.02429124296	-0.04908870631	-0.06516598417	-0.04156936654	-0.09099271629	-0.03926882167	-0.0963865232	-0.09920280103	-0.07522823506	-0.0509604696	-0.06321145542	0.01360907203	-0.0111790236	0.2435245392	0.06385720124	0.08715684562	-0.07001644178	-0.03689043598	-0.1121942947	-0.05918057364	-0.04519949425	-0.0763755387	0.01222399899	0.02204225516	-0.02394702062	-0.02267369693	-0.04248146132	-0.009132345419	0.04488954759	0.04955337528	-0.01916483806	0.07486646542	0.007982982021	0.0267789627	-0.02654074123	0.04338438704	0.03029692068	0.07512035017	0.1166190039	0.1848471351	0.1348565786	0.04782986993	0.005478425795	0.01616537448	0.03695255428	0.04016869335	0.02520076267	0.01344784703	-0.03469436839	0.04253068431	0.001822732987	-0.005354665586	0.007803514613	0.050143258	-0.01567130065	0.01960950339	-0.01547567221	-0.01057305682	-0.01810798347	-0.02773377335	-0.04926188452	0.1020612797	0.03116163773	0.1167139447	0.09575682263	0.06618292866	0.1781352422	0.149758402	-0.06122388013	-0.1587348616	-0.1309213152	0.003739163984	0.02266042667	0.01683376967	0.1451367343	-0.04903733845	0.04090237682	-0.03180125261	-0.1616741805	0.07667553795	0.0352591047
0.07261287609	0.06417362544	0.06570606748	0.06647721569	-0.005248747471	0.02788555806	0.0500197323	0.05629763339	0.09115378539	-0.1652405202	-0.1623241716	-0.1627463963	-0.1579047468	-0.1649712266	-0.1721143221	-0.1511993413	-0.1603285866	-0.1650736671	-0.1633351932	-0.1494185045	-0.05437593579	-0.03654775619	-0.1622316406	-0.03267131518	-0.03505745011	-0.1672969844	-0.1640953353	-0.1677473229	-0.1623282523	-0.03061545807	-0.1649138612	-0.0467588276	-0.02679033383	-0.1221417718	-0.05499570285	-0.1687161599	0.03776655387	0.02746507552	0.04448165985	-0.03287526119	-0.03483080186	-0.01119112346	-0.1696719093	-0.03852284335	-0.1699916729	-0.03119442731	-0.04223078484	-0.02633275681	-0.03339038935	-0.04545661632	-0.04165666931	-0.02624786594	-0.1665743725	-0.1612420672	-0.1571954109	-0.02850442828	-0.0219220543	-0.03100698061	-0.170338932	-0.1702502839	-0.1579787515	-0.03840211595	-0.1604920769	-0.03222555438	-0.04032583734	-0.03789960685	0.0275251436	-0.007784131829	0.04256449836	0.02850100034	0.07681426686	0.03939383601	0.04074250664	0.05942623334	0.07154164135	0.09936887728	0.03686437524	0.05874305208	0.04082876646	0.0345940513	0.01708391907	0.04341814045	0.06291176004	0.0362495087	0.05047074913	0.09581953374	0.3131164991	-0.008237414366	0.03287216855	0.003910260212	0.1137500491	0.02523309775	-0.0110066797	0.05179309619	-0.027873538	0.04519544305	0.01628746733	0.04848497477	0.1087014078	0.02809528228	0.03728196629	0.06311329527	0.03795640988	0.04920587932	0.04942554055	0.02135859328	0.05340534149	0.03156686323	0.05923256971	0.05810527951	0.0501720152	-0.02234885082	0.04027771182	0.08055141976	0.07488511752	0.03898780771	0.02635719448	0.1338824773	0.08015960562	0.007749289677	0.03712396644	0.04698064861	-0.001332089539	-0.05487336894	-0.003991774098	0.04136746958	-0.1663147589	0.07456112529	0.04068488277	0.05802861699	0.05630568339	0.01321081268	0.05093744725	0.06051638066	0.003384650424	0.0522064179	0.0398850708	0.01497246098	0.04255988023	0.0506505404	0.02512782792	0.08203797972	0.05410029029	0.03803597694	0.08470466105	0.07669907826	0.04297779612	0.03670508382	0.01817501387	0.06317173719	0.02278693437	-0.02372600445	-0.03048726485	0.007132312225	-0.041295924	-0.01476243418	-0.03975793196	-0.05224997209	-0.0171666395	-0.01748726089	0.004620383919	0.02620644231	0.0172620407	0.1276718017	0.07301093288	0.02318363367	-0.05871690772	0.01031987561	-0.06555554064	-0.01780505479	0.001106756316	-0.03278260398	-0.02582152206	0.01266268004	-0.004164264937	0.01793793063	0.002799759698	-0.005890039745	0.05103613344	0.05074493081	-0.009478588606	0.07325122294	0.03060390431	0.05337671411	0.02056572734	0.03835169224	0.01098974139	0.07387877757	0.07702539754	0.1038709172	0.0501766895	0.05542678876	0.03966174346	0.03614740005	0.05888559657	0.03232604638	0.02265058419	0.005311602066	-0.02082089582	0.05049718373	0.07186574877	0.05907917282	0.02674185824	0.04553392401	-0.000947919653	0.03466986304	0.02833526551	0.01097113158	0.009510342986	-0.0248663232	-0.05859485586	0.08000617655	0.04544449276	0.0770307277	0.03381264603	0.05221878386	0.02565414072	0.06902914195	-0.05769363052	-0.1597621843	-0.1217947168	0.03835592845	0.0455550513	0.002549884141	0.1335096488	-0.0385893685	0.02479877439	-0.01761794082	-0.1592661062	0.0615088633	0.06521651787
0.02225535488	-0.04582564465	0.006369322043	0.006714714035	-0.01215733034	-0.001722491471	-0.02131801486	-0.01167710466	0.09027943588	-0.1363053354	-0.1336157899	-0.136459119	-0.1266265068	-0.1514495042	-0.1457796176	-0.1381310988	-0.1346999248	-0.1341489114	-0.148604938	-0.1381228961	-0.03513162498	-0.04361958034	-0.1407981215	-0.02261777658	-0.02311759971	-0.1450292343	-0.1391432896	-0.1558278809	-0.1437619918	-0.03305799156	-0.143887635	-0.05076032616	-0.05869862675	-0.09948108698	-0.06097728245	-0.1468312256	-0.007489707168	-0.0001672965611	-0.0185245647	0.002432699474	-0.03481301557	-0.002699607586	-0.1487104065	-0.0106947687	-0.151019426	0.005535349818	-0.03902180228	-0.0721014497	-0.0050913947	-0.03672917234	-0.01180300585	-0.03539780352	-0.153901111	-0.1411546598	-0.1379728504	-0.02779808497	-0.02210080504	-0.04034269284	-0.1507159651	-0.1431052345	-0.1328676156	-3.657345168e-05	-0.148511556	-0.02437168308	-0.03184243928	-0.03355698305	-0.02181817879	-0.04107966063	-0.04733589785	-0.03283441334	-0.02110340467	0.0443411074	0.03982587961	0.005801941835	0.07362993919	0.02610331282	0.02118063072	0.05488363466	-0.008499999487	0.01332107687	0.04709059967	0.09518334287	0.04332865408	0.06119398603	0.1124767867	0.03904289112	-0.008237414366	0.3846819497	0.1394947088	0.08202861232	0.009613926701	0.1040537442	0.07211505939	-0.008813321232	0.273039207	0.09597689146	0.1553604116	0.06776792772	0.02769710789	-0.007336102243	0.1192180309	-0.007370952665	-0.002810541374	0.01378630648	0.04758828973	0.05410583182	0.09262986112	-0.05397938939	-0.05007583763	0.06763028208	-0.01152582374	0.01506594394	-0.02706740798	0.05840608338	0.001352334458	-0.01898321187	0.1288849836	0.02286119252	0.0120578949	0.2356300379	0.1344105422	0.01159672214	0.004626885393	0.01018750351	-0.03396226531	-0.0414596133	-0.1458113515	0.01275326384	0.09112592732	0.05480994774	0.05889388127	0.1674319538	0.03436144399	0.0644525415	-0.01204353714	0.05167671913	0.05327673149	0.158415682	0.1099729437	0.02744450126	-0.007623786073	0.0525336258	0.1112111965	0.05241844434	0.01817141191	0.01066424915	-0.02335715871	0.1339965817	0.01783492333	0.1203282259	0.009438701776	-0.01456913375	0.02042292781	0.01742672102	0.008866920177	-0.02146695532	-0.01923119957	0.001748056788	0.01151844922	0.003027552004	0.0050050255	0.01345661898	-0.02330470624	0.0253957223	-0.003258419032	0.07243974964	-0.001721545923	0.01069696949	0.036220554	0.03912390145	0.02824305301	0.07523161892	0.01751728075	0.01391516826	-0.01421491244	0.03272898202	0.03240418101	0.03550364671	-0.002127927897	0.06818717029	0.1062639388	0.06717598119	-0.01378545628	0.008649507826	0.03837221447	0.04662735938	0.08655431193	0.04606381882	0.02669637569	0.01959365526	0.052469128	0.001585289222	-0.03723068588	-0.01026452464	-0.03207020354	-0.003186364076	-0.02030188041	0.03480803749	-0.007814999578	0.05310214866	0.0236289991	0.01551788129	0.1112630703	0.04532069471	-0.03160426508	0.02257964757	-0.06499645823	0.009410755951	-0.02343963211	-0.03884965671	-0.01352319091	0.03376033928	-0.04118972925	0.03849363365	-6.671819384e-05	0.05131414964	0.1005164404	0.06385582367	-0.06271879619	-0.1370483967	-0.09615947156	-0.04334569759	0.007452155628	0.001640841191	0.008131398106	-0.03204355059	0.03649192831	-0.03147319293	-0.133639689	0.03134005995	0.007872121395
0.05333816203	-0.01943077282	0.04721751458	0.03508535656	0.001834462262	0.005091497425	0.006600250716	0.02031912469	0.02121299985	-0.1761303749	-0.1727938161	-0.1785840027	-0.1661927793	-0.1800185238	-0.18257211	-0.1663132235	-0.1754841178	-0.1743626804	-0.1679290741	-0.1644002791	-0.02620495009	-0.0352076629	-0.1596381524	-0.05302106402	-0.05857052402	-0.1764656992	-0.1753502259	-0.1844900365	-0.1844745151	-0.06023283742	-0.1780484237	-0.05927932603	-0.06532433313	-0.120018922	-0.05515075429	-0.178672077	0.01039721655	0.01345690656	-0.001047034203	-0.005776814521	-0.03989306103	0.02563676458	-0.1917753175	-0.04777288166	-0.1824651718	-0.01058287917	-0.05571488894	-0.05669020102	-0.02977181804	-0.02869872727	-0.04603167817	-0.05846606214	-0.1849531916	-0.1768395834	-0.165547736	-0.06247021195	-0.05761604117	-0.04203285381	-0.1878166559	-0.1805506764	-0.1750990416	-0.004006541032	-0.185267393	-0.03530805207	-0.04243408982	-0.06709686275	-0.03945040691	-0.06678436617	-0.01626746219	0.01577632598	0.03061788474	0.03332723167	0.03164596136	0.08908059264	0.02877629229	0.07755724112	-0.04960332702	-0.01814377651	0.02637475936	0.006686783463	0.1072100322	0.06349830617	0.1570342486	0.01803379743	0.1051378734	0.124444594	0.03287216855	0.1394947088	0.3349793847	0.003129142552	0.06926068397	0.1607352939	0.01684049222	0.01160602431	0.1204115849	0.1695961357	0.139481364	0.2105451528	0.03627371997	-0.008363197736	0.2658825967	0.03339141506	0.01948513867	-0.03874814426	0.03245165321	0.1762058957	0.08701943296	-0.0254778712	-0.0306683033	0.05055455973	0.04368152185	0.03933946243	-0.01208240947	0.07980695564	0.08299956595	0.01027141883	0.09061278197	0.06255451653	0.02416428526	0.1259492601	0.2949262058	-0.01609516883	-0.03652288578	-0.03084740307	-0.0307811063	-0.0500098309	-0.1876597188	0.04444180829	0.09134184331	0.09951164855	0.1981300185	0.2359844177	0.1542261343	0.1358625559	-0.006747196355	0.1027190032	0.02177935123	0.1423073136	0.1319838284	-0.01356473177	0.03611349267	0.06702780457	0.09962915128	0.00897215543	0.03546320841	0.01744447394	-0.003635009725	0.09105972801	0.070993636	0.1085513569	0.02829778876	-0.03608710234	-0.03079515996	-0.02488542417	-0.05076440676	-0.06151316568	-0.08077255535	-0.06624337371	-0.05100125486	-0.05015134251	-0.04814239859	-0.02503182937	0.004573298047	0.09767201662	0.02836179311	0.1862557231	-0.005272691346	-0.002796836374	-0.04742455934	0.009222259842	0.006304037277	-0.02765530482	-0.01805960785	0.03583599021	-0.009510756365	0.03661888879	0.001741668663	0.05603995236	0.03450334118	0.06776557772	0.06008823803	0.07048856987	0.01289246011	0.02805217114	-0.01551623482	0.0370113732	0.07945474808	0.09616086159	0.05185333605	0.07417087998	0.152221308	0.02819600737	-0.005901381686	-0.01652218497	-0.03249537528	0.02223128462	-0.002558502723	0.05121782903	-0.0106663241	0.0423970175	-0.01968163239	-0.007627199016	0.08451869151	0.05241362529	-0.02703100068	0.02709054791	-0.0467042327	-0.03447559427	-0.00913653622	-0.04509417179	-0.02660725698	0.04750766486	-0.01249135448	0.07235497163	0.04880175609	0.05986926123	0.1735233197	0.09538510638	-0.0589327057	-0.1521186112	-0.1239351941	-0.03593410731	0.004251807303	0.05104808424	0.05243692026	-0.06153527588	0.02649739172	-0.02663539263	-0.160484154	0.06151114769	-0.004565116551
-0.02117378452	0.03545088249	-0.06520302232	-0.006928703329	-0.05062563179	0.01952291141	-0.03455193633	-0.07439317375	0.0532179415	-0.09407170585	-0.08437657803	-0.08697284601	-0.09778813716	-0.0971875733	-0.06638895579	-0.1074337404	-0.08758424701	-0.09213754736	-0.04198598161	-0.1030010266	0.03786511246	0.01580461999	-0.04801884002	0.07986403912	0.08309989819	-0.08156626961	-0.09988861891	-0.1025760336	-0.0754267474	0.08810909615	-0.09154478492	0.005215371768	-0.02354542072	-0.02150568839	-0.003655334195	-0.08801009448	-0.07704675422	-0.06797056591	-0.07955966445	-0.05724703013	-0.04271549298	-0.03894394277	-0.07627951644	0.0658331772	-0.08743495724	-0.0196797465	-0.001863518104	-0.03488633364	0.09092136218	0.01126146934	0.04001250217	0.02722423237	-0.08108871838	-0.094791026	-0.1023552307	0.08950029701	0.07542627179	-0.002656582218	-0.07023397633	-0.07024160412	-0.09380693669	0.01245505462	-0.0902567621	-0.00593803771	0.005265334588	0.02807471283	-0.02247095314	-0.01033276066	-0.07169356851	-0.08957869373	-0.07668085712	0.004059423117	-0.000506593578	-0.05826477417	0.02665971387	-0.01736311375	0.1049790233	0.05495189777	-0.0569656545	-0.0494834435	0.1286780441	0.1965531604	-0.04990409538	0.03240396936	0.0006128579799	-0.05287130495	0.003910260212	0.08202861232	0.003129142552	0.4900185487	-0.05701201844	0.135840682	0.06628258621	-0.05342488569	0.06693544418	0.09575572751	0.08375526644	-0.01129457954	-0.02767651476	0.02047316697	-0.02442313485	-0.08799531403	-0.03778854587	0.08974262048	0.002752528929	0.007474758662	0.2391366547	-0.05433258928	0.03503437232	0.02511904744	-0.08772889095	-0.04559014177	-0.03856754318	0.0242738458	-0.05155040697	0.002250422481	0.07889006246	-0.0675498468	-0.05193732228	0.0869034468	0.0293298898	0.009321006129	0.04684135502	0.1098313187	-0.02145629162	-0.02770686429	-0.07551290776	-0.05749497385	0.2069077492	0.210926935	-0.008555828088	0.06339304262	-0.04196440267	-0.02286550347	-0.0337110905	-0.00660737617	0.06901292858	0.08052439293	0.007653310218	0.06309722397	-0.04478251875	-0.05317811819	-0.01411091495	-0.02871076723	-0.04795356301	-0.04616409085	-0.07678491754	0.04404743836	-0.0536243607	-0.004758084293	0.03838877984	-0.02418333911	0.01426922012	0.03998494548	0.06111360527	0.006158635729	0.1024486834	0.1030141584	0.05295789909	0.05996901959	0.02377230074	0.05439693628	0.07123049979	-0.03620563934	-0.04109290783	0.005475475398	0.05335724923	0.02268578475	0.151173038	0.05375593695	0.03911059989	0.1792659289	0.01689524157	-0.07419818632	-0.006216834681	0.05069801871	0.04625109322	-0.03114536184	-0.08442456227	-0.01440430254	0.246195274	0.01583274099	-0.06522697862	-0.01550964905	0.07787442111	-0.00540567898	0.06678805524	-0.02697903401	-0.04844985519	-0.03707550073	-0.00723443809	-0.04952880072	0.02526888054	-0.007263727593	-0.0007332469823	-0.04480363783	-0.01904270955	-0.05066313257	0.02521795188	0.02645780032	0.06035324251	0.0559827363	0.09400428293	-0.01039456021	-0.06683812805	0.07314634358	-0.02281058508	0.02508369592	-0.06349089592	-0.003259894724	0.03881172717	-0.05872878173	-0.06889823209	-0.03990685832	0.2326544015	-0.01176133498	0.00667778018	0.03928623585	0.008509021003	-0.06236563227	-0.04168524031	-0.05403603159	-0.01903777915	-0.05079221316	-0.01213656364	0.01124939292	0.02459103387	-0.05308225921	-0.03290461488	-0.06961356179	-0.0009746006438
0.2020678551	-0.01722132296	0.07663014148	0.01984547541	-0.03246269396	-0.03545371682	0.00977569401	0.04604098219	0.02167789626	-0.1257384376	-0.1309512	-0.1345682184	-0.1262507329	-0.1356474455	-0.1493255568	-0.1196042604	-0.1237122119	-0.1260866705	-0.1359882805	-0.1162848886	-0.04661669808	-0.04885234556	-0.1347874464	-0.01394470798	-0.02049701017	-0.1433139814	-0.1248118889	-0.128295536	-0.1370693024	-0.02370683882	-0.1350361807	-0.06401971688	-0.04505995063	-0.09288933592	-0.06586265686	-0.1394625282	0.03860297477	0.007301656671	0.03276083009	-0.03912588106	-0.05970614471	-0.008541366648	-0.1325674757	-0.01323069237	-0.1333120056	-0.01340733468	-0.04492355153	-0.01111675245	-0.01266296929	-0.05974678354	-0.02627502713	-0.03112568363	-0.1317691881	-0.1347098689	-0.1295557844	-0.02632852444	-0.02801729156	-0.05692721196	-0.1371262082	-0.1406076391	-0.1232924508	-0.03839064808	-0.1271767289	-0.04614765352	-0.05286454933	-0.03393201344	-0.002753892765	-0.03587572246	0.02369554635	0.0249656098	0.03297261928	0.03021554233	0.03129796301	0.0138367462	0.001790509524	0.1643700825	-0.02030615839	-0.005143750033	0.06678269861	0.02204515951	0.1337922392	0.0736965008	0.167865305	-0.006230642858	0.03900053495	0.2179548641	0.1137500491	0.009613926701	0.06926068397	-0.05701201844	0.3715144682	0.02417429328	-0.0529541236	0.03990671991	0.001156286577	0.02871259672	-0.007901985449	0.1503043457	0.09873361799	-0.03093588402	0.1085322749	0.04692535327	0.04349437759	-0.03000276349	0.03438750692	0.09049832758	0.03540381251	0.03997320198	-0.0220568697	0.1181166499	0.1178996301	-0.02174652443	-0.006996163831	0.145513307	0.1787345964	0.04268494331	0.002214021727	0.1064772047	0.1145802898	-0.01544947539	0.07587619675	-0.004053053363	-0.02500527377	-0.09178716017	-0.03290557186	-0.009282543346	-0.1301709811	0.03420514154	0.03936148891	0.0302390271	0.1624976545	0.01715639037	0.1249736105	0.1610924901	-0.008334411019	0.007900738678	-0.05361241645	-0.005998408463	0.03925321246	0.01749683708	0.06931889991	0.1131143453	0.1176986704	0.06025321539	0.09226096241	0.1171741661	0.02817253777	0.06601683821	0.03799279987	0.1156376196	-0.006921999525	-0.02858647416	-0.03471671231	-0.01800942271	-0.06044759686	-0.0180232103	-0.06878224207	-0.07032065291	-0.04090357113	-0.03187349476	-0.01836475844	0.02339052287	0.05122970039	0.1766767768	0.02997600502	0.06518214246	-0.02857786445	-0.05515734025	-0.1259495029	-0.07979189521	-0.06253685179	-0.07081067875	0.01872216081	0.01160650326	-0.02019469653	-0.02303427051	-0.06169608848	-0.0247839896	0.01303029907	0.06201717193	-0.04176897129	0.1359045957	-0.01330774835	0.00957869858	-0.02747428325	0.05596728258	0.0161189594	0.06013099603	0.08304168368	0.1606569375	0.1571161275	0.03961176281	-0.02119027869	-0.03501785925	-0.001731914251	-0.002391570166	-0.009856354705	-0.02273452042	-0.06427413909	0.007219889534	-0.02827918715	-0.037443843	-0.02012720777	0.03740193016	-0.007636360153	0.003839256673	-0.01429606748	0.03182607922	0.006721789088	-0.03334842329	-0.05514084104	0.07604821828	0.03083741631	0.1619117411	0.05368939824	0.0301165247	0.1208189845	0.1047879357	-0.06179720889	-0.1176103458	-0.09034518155	-0.01069130205	0.01209475809	-0.009604072524	0.136336235	-0.009032114385	0.004200072489	-0.02753469003	-0.1175687456	0.01893460557	0.006327612107
0.05641658066	-0.04876727233	0.02196733849	0.0534674839	-0.02423354438	-0.01242172232	0.01700990023	0.01930894933	0.05039339413	-0.1786141421	-0.172961475	-0.1759449277	-0.1671297959	-0.184923768	-0.1680154832	-0.1688658286	-0.1785441347	-0.1792209368	-0.1572116315	-0.1635551199	-0.02491383415	-0.03696527544	-0.1592472261	-0.0562192918	-0.0480138855	-0.1618571883	-0.1800103068	-0.1905850272	-0.1665902724	-0.03051297522	-0.1750128955	-0.05519695124	-0.04513452426	-0.1074728287	-0.04508009917	-0.1772634356	-0.003965320182	0.002743294182	0.002087961281	-0.0199541081	-0.0522727739	0.01490349111	-0.1918746358	-0.02444699258	-0.1706094037	-0.02277913337	-0.06963490843	-0.06074255534	-0.02671525712	-0.02664349008	-0.04269648257	-0.02092062826	-0.1690239284	-0.1805657506	-0.1716676345	-0.04022492355	-0.05603914283	-0.05047249283	-0.1769803168	-0.1659202117	-0.179489301	-0.01253456916	-0.1841256812	-0.0356124574	-0.02862251651	-0.02619810239	-0.06244945602	-0.0694787232	-0.01291101853	-0.005672235652	0.01458055781	0.03938282666	0.03779141309	0.02489794662	0.01624930395	0.05992867889	0.01439336625	0.01977214145	0.002720552915	0.02046780354	0.04422838447	0.1330484159	0.0649966485	0.02100212716	0.1038260088	0.06412647937	0.02523309775	0.1040537442	0.1607352939	0.135840682	0.02417429328	0.347785068	0.02374581993	0.02335911902	0.09381040591	0.234884612	0.1795955012	0.1121379114	0.02351236205	0.009698533504	0.1259821252	0.0344635619	0.01305127251	0.002138100951	0.03040374305	0.1222759861	0.1719214854	-0.02198557051	-0.04969351522	0.1265289591	0.03749230417	0.02237273195	-0.006378797993	0.0760076195	0.06128338805	0.01928129844	0.1673311159	0.0597087511	0.02344049707	0.1242704563	0.173161117	-0.02177639212	0.01289008681	0.005391578005	-0.009677902089	-0.04887444918	-0.1881001987	0.003441892661	0.153837177	0.1994280369	0.1002851329	0.1701180701	0.09490620353	0.08180888957	0.01126429675	0.08915855022	0.014660075	0.1861609594	0.05787506788	0.01482713578	0.004051980708	0.03087357581	0.06926319595	0.01472858395	0.04768955286	0.03413212182	-0.0005470261099	0.1031239128	0.01884615156	0.07839432131	0.03211384222	-0.009744341602	-0.01184418181	0.0002433879347	0.02179822493	-0.04338250516	-0.02322979344	-0.02156025044	0.005041277699	0.007316158575	-0.01274759658	0.02067860797	-0.01402130785	0.05632825803	0.02003687193	0.1285519695	-0.004066644517	-0.01070489841	-0.0007124932163	0.00971474162	-0.002234058702	0.02003544912	-0.03343748323	0.02952225827	-0.04539261909	0.06449073792	0.002161822465	0.02722497902	-0.01396414683	0.07637203385	0.1402966782	0.07488649492	-0.01223874396	0.03796141413	0.05345053127	0.04708674291	0.1743875067	0.05111166461	0.03575190617	0.05537179647	0.07460345531	0.03290308987	-0.0381291426	-0.01233255233	-0.0260952223	-0.0006832311411	-0.04325896136	-0.002203280187	-0.03021422673	0.02964561055	0.001781948403	-0.007928171886	0.1224827068	0.03823309483	-0.03411034354	0.06496026518	-0.04470449588	-0.01308685319	-0.03988346413	-0.04866485581	-0.01428165601	0.03367580937	-0.003308448865	0.04631999464	0.1103343139	0.09193616386	0.1183208234	0.09674291016	-0.04065507105	-0.1394814377	-0.108893418	-0.04456487475	-0.008267567286	0.01375679679	0.04347164423	-0.06050160422	0.01381714942	-0.03786141722	-0.1391460107	0.0310330872	-0.0162016006
0.02857557174	-0.003668385102	-0.043916215	0.02892015016	0.05632679924	0.02950922082	-0.005885059035	-0.01893249217	0.01256529355	-0.1246851321	-0.1241381839	-0.1248876434	-0.117218583	-0.1093339349	-0.1250084619	-0.1141526048	-0.1278994801	-0.1227244878	-0.08853644293	-0.1152969504	0.0006753609444	0.01349628816	-0.1174913672	0.08094966218	0.07887028908	-0.1120007715	-0.1180052115	-0.1118425661	-0.1143429328	0.08234126288	-0.1081374195	0.01538730224	-0.04019609477	-0.07933754604	0.01135578704	-0.1105901608	-0.04553181426	-0.02150945126	-0.04280376411	0.010787694	0.02372948191	-0.007411915506	-0.1142766566	-0.004705430898	-0.1166362008	-0.01299783463	0.01154788825	-0.04862833265	0.0550344197	0.01075119904	0.08776196592	0.0002112465452	-0.1245593224	-0.1055030753	-0.09825803751	0.07956643979	0.08613714929	-0.0007159144761	-0.1163485566	-0.1319978079	-0.1060014155	0.002845227942	-0.1154598933	0.02815182632	0.03632777587	-0.007241991805	-0.001916025265	-0.03817101955	-0.02741823979	-0.01692813538	0.0204937897	0.01650664814	0.01142976011	-0.02115082925	-0.02659726288	-0.02877924792	-0.008278946732	0.06706100058	-0.03574341901	-0.02766243644	-0.03200864937	-0.01076200558	-0.0197974235	0.07312724546	0.01042443227	-0.03599336888	-0.0110066797	0.07211505939	0.01684049222	0.06628258621	-0.0529541236	0.02374581993	0.4274014681	-0.02590028209	0.1319819358	0.03327384912	0.1145687917	-0.01705649789	-0.01284800213	0.1175961542	0.02462613995	-0.04180930524	-0.03200796684	0.07922394544	0.03150915953	0.01692327876	0.06499353015	0.03178527592	0.001043603242	-0.02767683328	-0.02804109339	0.007380836369	0.05541874622	0.02515809363	-0.03429138161	0.1023440883	0.04946618344	-0.04185482766	-0.06173583219	0.09947963517	0.03045423514	-0.002993856395	0.061939461	0.02256024582	0.05777629533	-0.005467565691	-0.1126988637	-0.03846123851	0.07445284006	0.06781552316	-0.02262407552	0.1024088642	0.02477354452	0.001762992601	0.07566629507	0.06719565575	0.05117684219	0.1141965111	0.06150448617	0.009299575518	-0.01727829621	-0.02816593304	-0.001195710685	-0.04256808869	-0.04934245819	-0.06218845255	-0.02246234594	0.003644969096	-0.005417025148	0.008138834748	0.0563640539	0.05304567204	-0.004711776676	0.02031883044	0.07295453219	-0.01636413915	0.01836311059	0.02221087993	0.05335533546	0.04364207235	0.007545854302	0.008134303444	-0.02979622251	-0.03003053341	0.01255174582	0.01579842037	0.01634790276	0.04041186935	0.06419538036	0.05576966368	0.05878405214	0.01647718655	0.04460133868	-0.02131724764	-0.02494852968	0.1030599068	0.04890815117	0.0654135135	0.01608201544	-0.003070893237	0.1083343658	0.003439992517	0.06445100493	0.0626025966	0.0344030395	0.03064446866	0.03225854711	0.02701139349	-0.01323357127	-0.03265444412	-0.001633134425	0.0296419826	0.01903208614	0.001471132122	0.04224701677	0.006438655363	-0.01002793178	-0.007120637491	0.03224757127	5.918313434e-05	0.02720977597	0.04088600749	0.01797137467	-0.04053198721	-0.02946519033	0.07264347891	-0.04713638712	0.005632170438	0.04874984363	0.02284760592	0.03088839978	-0.006487391494	-0.04329989649	-0.06129341718	-0.01386677945	0.05456893523	0.03927349419	-0.01462603357	-0.01247355413	-0.110117226	-0.0803977032	0.03095410144	0.01976644351	-0.004742842261	-0.005480608062	0.007725728381	0.02702605392	0.03176023589	-0.10477246	-0.01258901152	0.02494233729
0.06506166011	0.06930033356	0.089309222	0.1385434009	0.04574142079	0.01905536373	0.08383024941	0.1096737388	0.07765259587	-0.1981138314	-0.1946171395	-0.1988053972	-0.1871956399	-0.1984893919	-0.2059829752	-0.1871129868	-0.2007904993	-0.1984990996	-0.1992619351	-0.1834038075	-0.02613078532	-0.02011442827	-0.1974604434	-0.0861915521	-0.08343070685	-0.1998719913	-0.202467767	-0.1974431931	-0.2026473254	-0.08921866209	-0.1919778874	-0.05794729524	0.04106785231	-0.1467643483	-0.03456143156	-0.1936934377	0.1822694563	0.1769344683	0.2524622596	0.08042276974	0.02151217176	0.1708453672	-0.2110502695	-0.07607516581	-0.2064774479	0.03391893188	-0.07418863461	0.06218195395	-0.07430827321	-0.04538237963	-0.07096850467	-0.01104017245	-0.2034730001	-0.1976033157	-0.185216104	-0.09280205032	-0.08255728305	-0.006448431481	-0.210708016	-0.2027159159	-0.2003226531	-0.02113981792	-0.2025590732	-0.04006447519	-0.04242420368	-0.009131965515	0.06287502854	0.08477278095	0.1518952714	0.1654186086	0.06751169236	0.09062527358	0.09159177696	0.06712062865	0.07314520317	0.08914192467	0.01827032081	0.02329577985	0.09278186263	0.2000177433	-0.04754304927	-0.02935097807	0.06118057258	-0.03096240547	0.06076126298	0.04801417566	0.05179309619	-0.008813321232	0.01160602431	-0.05342488569	0.03990671991	0.02335911902	-0.02590028209	0.2919620776	-0.0275656725	0.0247817605	0.002564854983	0.007625687855	0.09780168132	0.02788800258	-0.002964971667	0.09323596246	0.09888999232	0.03333170123	0.04453930442	0.03588937276	0.02308916949	0.08568041398	0.05095686769	0.008927314479	0.08808164271	0.124937364	0.07975192427	0.03306011069	0.05083250759	0.0431152884	0.0290844824	0.04695483257	0.09315142366	-0.01113752751	0.01818529528	0.02177343941	0.003073845454	-0.09583319083	0.004587801587	0.009059218217	-0.2068795846	0.06505623023	0.02340058229	0.0134647065	0.007040037888	-0.002380402584	0.02797799725	0.03593294567	0.02680303998	0.07336194194	-0.02578143042	0.002904652906	0.04441636056	-0.003075640505	0.0460146896	0.06636741561	0.008155344907	0.09683952957	0.1134262743	0.09393403297	0.1992605281	0.01038429025	0.06676167265	0.0145566031	0.03441718204	-0.03804402223	-0.02015320565	-0.03664049767	-0.03698915723	-0.03021512478	-0.04742598741	-0.08393698935	-0.04416925958	-0.04152426615	-0.03050009553	0.04171647181	-0.0761358083	0.04950328347	0.1290121896	0.01933913057	-0.1179793148	-0.02030423865	-0.08503631316	-0.05879827985	-0.05060770347	-0.1177550991	-0.03385172138	0.09094589032	-0.008797477825	0.03055673074	-0.03625801859	0.04886780333	0.08882957793	0.08504604148	-0.03363031258	0.03668544778	0.05980464773	0.1028843466	0.03938221763	0.0655154691	0.02812114317	0.0952102495	0.1405011893	0.09117338116	0.03223518533	0.105933992	0.04219073971	0.03497425087	0.03228776857	0.04572638102	0.03278685638	0.07676608402	-0.01174169063	0.06780017836	0.01427647738	-0.009393489811	-0.01342896712	0.08298152689	0.02575555093	0.04461426728	0.1881322416	-0.02282809904	-0.02811677308	-0.03709591217	-0.03550452619	0.1132709411	0.1243995988	0.04498516575	-0.04279741255	0.08275882616	0.007863675754	0.000102430261	-0.006376192485	-0.1854942742	-0.1421137059	0.09846317161	0.05238908657	0.1324342622	0.08751158626	-0.07900305349	0.04269296004	0.02737227081	-0.1939644423	0.101394699	0.0537230198
0.01261800903	-0.0662302969	-0.009698957383	0.01034602399	0.01322527933	-0.0621234916	-0.03180095408	-0.01911887675	0.02044895916	-0.1216220366	-0.1182722031	-0.1215491597	-0.1233143897	-0.1330915024	-0.1299728541	-0.1400061581	-0.119005005	-0.1204990438	-0.1365964841	-0.1398898806	-0.05694480963	-0.06567910162	-0.1240446771	-0.01347565867	-0.01698214641	-0.1278559302	-0.1232503081	-0.1372884349	-0.1291352935	-0.02291347278	-0.1246427552	-0.0471871209	-0.0814514725	-0.08868578324	-0.06596772217	-0.1292069946	-0.03006709398	-0.02425201345	-0.03919020422	-0.02605094881	-0.04258099496	-0.01952408344	-0.1316617503	-0.008982500822	-0.1398916729	-0.02074915321	-0.04940330399	-0.08467949179	-0.01444060501	-0.03556320981	-0.005692669304	-0.02561636225	-0.1392345261	-0.1230369339	-0.1362282752	-0.02091344152	-0.01927206438	-0.06024569608	-0.1353081115	-0.1274542451	-0.1157021386	-0.002405468133	-0.1276424395	-0.03580384588	-0.04255390984	-0.02367651237	-0.03237290195	-0.05436084733	-0.04649308894	-0.008922781553	0.02889348501	0.07377762843	0.07493088456	0.02658370916	0.05250615431	0.008510988896	-0.01115542479	0.07939914205	-0.002512597345	-0.02388498415	0.07188837308	0.1005827819	0.04165085293	0.05514258215	0.08680467808	0.03763224954	-0.027873538	0.273039207	0.1204115849	0.06693544418	0.001156286577	0.09381040591	0.1319819358	-0.0275656725	0.4210926487	0.08104391498	0.1762632043	0.06351086948	0.01208656867	0.004742889168	0.1268553471	-0.01386329706	-0.01350859988	0.008616061983	0.004032704812	0.07451573668	0.05386513206	-0.05500916367	-0.07451994943	0.03121963063	0.0199438301	0.002036228538	-0.03799144016	0.066809631	0.008232162201	0.02818976698	0.107369881	0.0147506118	-0.0134473898	0.2481330703	0.1145895867	-0.03588430524	-0.02035813027	0.04544433235	-0.003529861603	-0.03475545945	-0.1292450991	-0.01305207011	0.05540806925	0.02724641529	0.05413748785	0.1774336394	0.0477319306	0.06133097929	0.0376850243	0.05513821438	0.02102200986	0.1793203765	0.1205079737	0.0831006436	-0.0199777342	0.04036451044	0.1073568581	0.03044867823	-0.007552609185	-0.01597101835	-0.01934463903	0.1203770829	0.007241007141	0.1164421899	0.02239540254	0.004643688701	0.02390273594	0.01664407834	0.03068043515	-0.01709269613	0.007427290083	0.02936611911	0.01488261462	0.01533898533	0.01317990993	-0.01516797751	-0.0280710447	0.01160305991	0.007208863567	0.03526885453	0.01931191483	0.02966984884	0.07684199725	0.07375450635	0.04844184374	0.05635253406	0.01939267165	0.006018611855	0.001442676013	0.02686449866	0.04954416056	0.08613342921	0.02224460324	0.04111154846	0.07765983849	0.01959020424	0.01430177191	0.01398118269	-0.0008950691555	0.0306193128	0.07764406322	0.04240632645	-0.0002355974359	0.005252168402	0.03925978053	0.02639895953	-0.02963143128	0.00120110588	0.007721243231	0.05802413087	-0.01677517698	0.0377862888	0.01180677274	0.09554521951	0.06175517955	0.07582114439	0.07984148138	0.06236065835	-0.03294737999	-0.03137618234	-0.07277707776	0.01382793874	-0.02974510281	-0.0150233373	-0.03557790183	0.004198786251	-0.03940575942	0.02662310589	0.03469636489	0.04931117754	0.1151249435	0.05972371842	-0.07553391084	-0.123104408	-0.08428248495	-0.05638512137	-0.0262886364	-0.01674451695	-0.01319968788	-0.04351485812	-0.01979681462	-0.01127211362	-0.1241225592	0.01835437969	-0.03097158526
0.06219774795	-0.03121980454	0.01525151046	0.05250287507	-0.007687874744	0.01432034791	-0.01259510341	0.005391709202	0.06344993898	-0.1764063169	-0.1728392342	-0.1767250935	-0.1657056465	-0.1785420624	-0.1791586532	-0.1646558507	-0.1774525173	-0.1773083066	-0.1678172125	-0.1617671428	-0.03200312282	-0.03768564188	-0.1526652965	-0.04051724256	-0.04071262466	-0.1711147993	-0.1738606005	-0.1827356367	-0.1769733977	-0.03633273877	-0.1685439594	-0.06434821877	-0.05376856606	-0.1146414411	-0.05794882347	-0.1721184876	0.002489353285	0.02867882727	0.003412329926	-0.007373751744	-0.03456070664	0.03100701382	-0.1866458494	-0.03613519808	-0.1790214643	-0.01309048073	-0.05348247561	-0.04701490849	-0.02211827607	-0.03628921068	-0.03701986956	-0.0279636217	-0.1819760776	-0.1758469832	-0.1668750173	-0.04500233008	-0.04471458851	-0.03508547419	-0.1917425076	-0.1797663464	-0.1750270993	-0.003437873417	-0.1772495727	-0.02022171665	-0.03827932273	-0.03852237961	-0.05937907677	-0.05229608366	-0.02115262602	0.003351655694	0.01518745551	0.06239161412	0.06045786372	0.05160443316	0.0108567763	0.05966080886	-0.002916741203	0.01335516341	0.006226354962	0.003950904193	0.06285877519	0.1196735719	0.05701980136	0.04428428901	0.1069474782	0.05885651561	0.04519544305	0.09597689146	0.1695961357	0.09575572751	0.02871259672	0.234884612	0.03327384912	0.0247817605	0.08104391498	0.3278899564	0.2217186073	0.1131927856	0.04215960462	0.03512065552	0.13107076	0.02764865062	-0.006686360104	0.009572580653	0.009750061568	0.1223039634	0.1364043358	-0.02429809604	-0.02349919726	0.09076808971	0.02354634648	0.04083188416	0.002287177954	0.07077257929	0.04483857278	0.02792214776	0.1639815231	0.02808740204	-0.004004140852	0.166304099	0.1950300274	0.006261801366	0.006183395448	0.001028713013	-0.006150060643	-0.05697064269	-0.1826985507	0.001800045185	0.1396603568	0.1159524795	0.1085652018	0.2023552658	0.09218164372	0.06378846753	-0.001548583795	0.1110649205	-0.0001075272134	0.2283577163	0.07613913261	-0.0251109983	0.02839476772	0.03078317522	0.09516941989	0.0101017662	0.009287793622	-0.004308015801	0.0006208568296	0.09333946933	0.03591378378	0.1045190152	0.001848187258	-0.01131349894	0.001498973006	-0.002943411544	0.01931263664	-0.04870051643	-0.02026018028	-0.02098222136	-0.006027904479	0.009397222694	-0.005124096263	0.01875533023	-0.001809311169	0.05101379887	0.03391430319	0.1386992547	0.002296270002	-0.03784766961	-0.03138036314	-0.01799029244	-0.03234445122	-0.01544698774	-0.03644194533	0.02867125222	-0.0210076306	0.07547848633	-0.0260144675	0.04335485015	0.001808495668	0.0915026877	0.0999855528	0.0800806459	0.01183754644	0.05556289544	0.02643712011	0.04672502609	0.1132020205	0.0521260252	0.03391957627	0.04860835237	0.08645316896	0.02430245951	-0.02411912236	-0.02165205939	-0.02844908598	0.005182197866	-0.03987295195	-0.003781182003	-0.01861909642	0.03387993391	-0.003200896271	-0.008424900361	0.1277130753	0.03218325915	-0.01971040453	0.0883827847	-0.04333090826	-0.02252654559	-0.02050902033	-0.0563426839	-0.02336641982	0.02934607346	-0.01844180503	0.05315720137	0.07561354282	0.09420914392	0.1299939144	0.08868590349	-0.04742510799	-0.152805952	-0.1218114805	-0.03589211711	0.0004011186318	0.0328043805	0.06622695787	-0.0527044252	0.008797799176	-0.02369817407	-0.1529267662	0.02920147257	0.01683933181
0.02210720539	-0.05978916457	-0.008182629139	0.06636857037	0.006037521031	0.01963727423	-0.01279061045	-0.01411026884	0.05337131535	-0.1561843107	-0.1534722392	-0.1554577732	-0.1456857736	-0.1669541514	-0.1647247859	-0.1446705735	-0.1571685649	-0.1561981568	-0.1518644048	-0.141537493	-0.03809445234	-0.04453599509	-0.1415114245	-0.03751131498	-0.03950229	-0.1591815165	-0.1612936096	-0.1738423113	-0.16609798	-0.03221904098	-0.1568107125	-0.06524694606	-0.0604734285	-0.0991547345	-0.06237877995	-0.1562090263	-0.01949710764	0.007372412475	-0.01875284234	-0.01523656183	-0.03098493849	0.01302676555	-0.1692987866	-0.02029719614	-0.1675014998	-0.01612744786	-0.04766688695	-0.06793097058	-0.02157687709	-0.0394890749	-0.01777875613	-0.03033410094	-0.1697547942	-0.1607952627	-0.1520925521	-0.04600711599	-0.04420494102	-0.02914618577	-0.1736735384	-0.1607588134	-0.1585458374	0.01704250792	-0.1655059692	-0.01983631624	-0.03148677383	-0.03089750114	-0.06176994098	-0.05697564143	-0.03645994301	0.001244786927	0.02881780609	0.06750555658	0.06554526925	0.05346862434	-0.003360971303	0.03052667701	-0.00216992621	0.03259381941	0.005286259932	-0.01200876713	0.02514498984	0.08161020939	0.02298410053	0.07773467966	0.1035942034	0.02301217549	0.01628746733	0.1553604116	0.139481364	0.08375526644	-0.007901985449	0.1795955012	0.1145687917	0.002564854983	0.1762632043	0.2217186073	0.3712169818	0.08805146782	0.0282646286	0.04656024673	0.1312571446	0.02367187938	-0.009825374228	0.02842520835	-0.00166939082	0.07785585646	0.1424474336	-0.035105121	-0.05065878383	0.05808564126	0.028346861	0.0237865024	-0.01582228114	0.1011571643	0.007683712398	0.04701246614	0.1559739377	-0.00252204141	-0.0220037561	0.304625708	0.1733248278	0.02252165573	-0.003227265581	0.01301980583	0.01048924436	-0.05765229375	-0.1654928488	-0.002859249465	0.148056051	0.07894612777	0.08336946486	0.266335906	0.06326270962	0.06945507055	0.01216450542	0.1179225216	-0.00484597983	0.3633524526	0.1357734802	-0.01599153989	-0.006151234772	0.02635894809	0.1201022161	-0.007746915974	-0.01354837402	-0.0271657757	-0.01494774323	0.1231147167	0.005966503691	0.1294090954	-0.0001399566502	0.0006986469216	-0.005665322414	-0.02092189889	0.008291422593	-0.05386100962	-0.03970682033	-0.03184866911	-0.01172613526	0.0003211183686	-0.02752651402	-0.001327508836	-0.0620269007	0.03008712183	0.01983312468	0.1034709621	0.006076576676	-0.01031017164	0.00935981813	0.02410252648	0.006090860149	-0.01131545549	-0.04358821371	0.03170804125	-0.04289656894	0.1133349129	0.001617921706	0.08287370989	0.0183687728	0.07353405687	0.1399662594	0.07726385019	0.02741694064	0.0674942215	-0.007629084882	0.05179221823	0.1021560473	0.02095858888	0.01365733584	0.0148257677	0.04832510474	0.03735678607	-0.01970130208	-0.02533347355	-0.01187712456	0.02572849777	-0.04257446176	0.01231327312	-0.006277691585	0.02408903793	-0.03243484632	-0.01480317699	0.1243093946	0.02232611841	-0.02653395316	0.04347237532	-0.06680388344	-0.02327973147	-0.03109530845	-0.02807878597	-0.02781319853	0.01484136223	-0.03382637005	0.0141263613	0.02582222013	0.1084211105	0.109143005	0.05726250264	-0.05301283176	-0.1364325724	-0.103728044	-0.0438690001	-0.01214153169	0.007918812909	0.039011047	-0.05226224765	0.02406564182	-0.0002163769115	-0.1344613897	0.0203980488	-0.002264076572
0.1073391128	-0.03916860229	0.04757661347	0.01809522207	-0.01139605829	-0.01121305617	0.0017614026	-0.000477714254	0.01926277842	-0.1530129953	-0.1484831462	-0.1523028692	-0.1431314319	-0.1577660764	-0.1631002048	-0.1383609342	-0.1514129072	-0.1545836327	-0.1489597879	-0.1368389896	-0.03414060755	-0.04317529108	-0.1386955682	-0.04265777868	-0.046259143	-0.158808997	-0.1539835471	-0.1673537985	-0.1604647408	-0.04876323247	-0.1592014089	-0.05916612492	-0.07322798737	-0.1094277037	-0.0583161027	-0.1580990867	0.009965679183	0.004319369358	0.001496028441	-0.01817026165	-0.05173151208	0.017267306	-0.1631393494	-0.03708314039	-0.1629534328	-0.002138874886	-0.05159561806	-0.05773583878	-0.02035908262	-0.03182442695	-0.03987905356	-0.05471701072	-0.1655848023	-0.1541572154	-0.1488292791	-0.05036111666	-0.04735960437	-0.04125282475	-0.1650448375	-0.1595062271	-0.1527818824	0.002410147897	-0.1641269489	-0.03959709892	-0.0506449058	-0.06543793008	-0.05064218734	-0.0696233828	-0.0232322115	0.00437560321	0.01619855054	-0.00709705018	-0.007055245518	0.07812467473	0.01004069396	0.1328229728	-0.04426014363	-0.02264766599	0.04555634521	0.008071083118	0.2180713767	0.1315723547	0.2451428328	-0.01493175347	0.05420941727	0.2247499594	0.04848497477	0.06776792772	0.2105451528	-0.01129457954	0.1503043457	0.1121379114	-0.01705649789	0.007625687855	0.06351086948	0.1131927856	0.08805146782	0.3426337256	0.03506683886	-0.03547570309	0.2502192128	0.02006575171	-0.004817273352	-0.06509420943	0.01714864435	0.1679022369	0.07664420188	-0.02298491298	-0.04631091174	0.04215687804	0.1157686606	0.02830201429	-0.01316406436	0.1050847436	0.1795009767	0.0542415387	0.03850959339	0.06995441705	0.03409901596	0.06904039296	0.2037149605	-0.03484025949	-0.05180736289	-0.05513024009	-0.04559912902	-0.04437446286	-0.1591422068	0.03496301342	0.09680317719	0.0774652801	0.3164065448	0.141826003	0.23702459	0.2130695101	-0.006276760448	0.05728605629	-0.01998784204	0.08691433469	0.08147160686	-0.01244464951	0.008115137504	0.04220932565	0.1533519801	0.0173640737	0.03507522966	0.02752635278	-0.008961589072	0.04523741605	0.03239923832	0.1622894536	0.01876839697	-0.04466299415	-0.03911251015	-0.03175850376	-0.06515882941	-0.06410954357	-0.1023918619	-0.08069537594	-0.06144825404	-0.05172200384	-0.05442624781	-0.02623339588	-0.01364579068	0.193550441	0.02690469945	0.1631112683	-0.03039995567	-0.04508009342	-0.08416999136	-0.03691144672	-0.03933507652	-0.05411811992	0.03721524436	0.02001522289	-0.02824238653	0.003199301247	-0.03517751659	0.03063621926	0.01277292917	0.04984534492	0.002559987808	0.04538455538	-0.008835773807	-0.002743650754	-0.03934741711	0.02386375088	0.04186056336	0.05225852582	0.07273541141	0.1295448664	0.1844392187	-0.0009438234895	-0.02894111277	-0.009233160077	-0.02349043471	0.01564499526	0.0008119016957	0.03000304651	-0.02143990793	0.05307015754	-0.02270871507	0.007195537682	0.04358989709	0.06545450287	-0.03183441573	0.01746379075	-0.05696566416	-0.002866839917	-0.008890467651	-0.03933874659	-0.0424718042	0.0580353406	-0.0282429487	0.09984778774	0.1511254023	0.03866328122	0.2313199589	0.1716588632	-0.05792032381	-0.1295499363	-0.1154813456	-0.0320617741	-0.002061120246	0.0281678627	0.09568268784	-0.04552010903	0.01168346704	-0.04449402526	-0.1342504778	0.04296352722	-0.0173027431
0.1108694249	0.07309477495	0.09781680086	0.05659011937	0.03808150409	-0.01204320489	0.01932225243	0.06558455347	0.03241505493	-0.1876492472	-0.1860150933	-0.1904907828	-0.1757942643	-0.1856041978	-0.1967467339	-0.1769740796	-0.1860840836	-0.1855894483	-0.1876218121	-0.17306861	-0.04907256303	-0.05166879686	-0.1814872414	-0.05424897609	-0.06434994121	-0.1867564795	-0.1839601854	-0.1911927282	-0.1873236192	-0.06551646522	-0.183952637	-0.06588547165	-0.03113487487	-0.138453983	-0.0576980034	-0.1851425713	0.1002035602	0.08514382449	0.09144270797	0.006423928434	-0.02582042664	0.04271319231	-0.1961206311	-0.06627241769	-0.1993168521	0.04120801876	-0.07504367669	0.009993721259	-0.06351766271	-0.06031729429	-0.06520175636	-0.0148393094	-0.1907062045	-0.1872175941	-0.1789391664	-0.06757953858	-0.06073833066	-0.05096642336	-0.2026674842	-0.1944766698	-0.1876392932	-0.02283644703	-0.188013271	-0.0449149086	-0.05549887653	-0.02668627607	0.02166751171	0.009684445091	0.07679005556	0.09845417886	0.07389109548	0.1038674415	0.09956096681	0.06513231443	0.0778576938	0.1059058249	0.01666384341	-0.003338278649	0.1222790597	0.09862954013	-0.01611148096	0.03672229572	0.08043196654	0.03066569745	0.0678170038	0.07220045108	0.1087014078	0.02769710789	0.03627371997	-0.02767651476	0.09873361799	0.02351236205	-0.01284800213	0.09780168132	0.01208656867	0.04215960462	0.0282646286	0.03506683886	0.2969385765	0.03134659381	0.04911421227	0.09746266156	0.04294526371	0.03244340552	0.02051502943	0.02417311318	0.04779151565	0.06107825287	0.06797030742	0.07438150375	0.08158038238	0.04316362964	0.07742827007	0.0667897699	0.0852346927	0.02006662252	0.03271565727	0.08745528617	0.1299535117	0.03585732364	0.04151585485	0.03497434585	-0.007134854463	-0.05183485459	0.01476920631	0.02206161847	-0.1923442135	0.07212145535	0.0469254651	0.03600400877	0.03082060693	0.003423548411	0.04589213747	0.05092641674	0.03823439953	0.0561286721	-0.01389626068	0.02857464536	0.06607573849	0.0334839501	0.05749874818	0.1241324571	0.04728681968	0.09193841786	0.1278376954	0.1253719996	0.0999301749	0.07987648583	0.03582605628	0.03430003181	0.02729594619	-0.04151671181	0.002296673666	-0.03751628579	-0.04983742374	-0.02335721556	-0.06703975796	-0.0830288134	-0.04956581199	-0.02839276504	-0.01920914926	0.02205927517	-0.03986593455	0.08290354931	0.1333629235	0.05709416466	-0.09457771774	-0.02722481708	-0.1138669634	-0.06773495082	-0.05422028322	-0.1028449862	-0.04779867618	0.08403477498	0.009292057693	0.03031060049	-0.03969276484	0.04779389181	0.09179146229	0.09938349583	-0.01775796065	0.06492601482	0.08148023203	0.08907578768	0.02344634613	0.06205147814	0.02219312874	0.1154860301	0.07806357015	0.08997550923	0.05719491399	0.0730902973	0.05020897669	0.01369385974	0.04827239266	0.05893948381	0.0398062602	0.04667029525	-0.0182143865	0.08750991507	0.03708263915	0.02522782572	-0.002059834672	0.07349046701	0.01053905445	0.05722559295	0.03327938601	-0.02772701182	-0.004500181402	-0.02905108972	-0.04411700523	0.08234654018	0.09702893589	0.08360709376	-0.0263207504	0.07245894092	0.03139332367	0.01626441398	-0.04993553761	-0.1727986519	-0.1381812293	0.08221669848	0.02144823645	0.07562031873	0.1364884845	-0.07077345925	-8.16717414e-05	-0.004920421172	-0.1806715586	0.07953522124	0.04972746377
0.01710100804	0.05876871708	0.01493517016	0.1012936235	0.05578973954	0.07440552047	-0.0004148534647	0.0156540696	0.0442014804	-0.1891581322	-0.1877619387	-0.1892817912	-0.1778975608	-0.1686497928	-0.1828295211	-0.1770764985	-0.1854173435	-0.1845150405	-0.1555970192	-0.1746155129	-0.01265650442	-0.003087734264	-0.1636198542	-0.0206815324	-0.02707606186	-0.1701473164	-0.1738966658	-0.1677755187	-0.1709347784	-0.02055422828	-0.1633024997	0.01874246983	0.002394067089	-0.1236324022	0.00255515162	-0.1685074392	-0.01514637283	0.01146857513	0.005291953583	-0.03164671435	-0.009186599023	-0.01409314078	-0.1718888767	-0.06038050454	-0.1758844129	-0.0109312109	-0.02457272499	0.03057718211	-0.02240402213	-0.03435344231	-0.0325993536	0.0106480964	-0.1830801822	-0.1692675324	-0.1621852516	-0.02704896583	-0.02273106957	-0.01622788212	-0.1786395832	-0.1905057078	-0.1684936706	-0.0338952172	-0.1713038276	-0.02341773504	-0.02851480636	-0.0004480175663	0.03913803062	0.01389998463	0.003942718211	0.02941207408	0.1151104035	0.08126508985	0.07604159302	0.0211449008	0.001839331141	0.01600459107	0.06350123699	0.1195469779	0.007250352237	0.01519876345	-0.0335404099	-0.04814206268	-0.01147397274	0.07872566989	0.01627366023	0.001271349665	0.02809528228	-0.007336102243	-0.008363197736	0.02047316697	-0.03093588402	0.009698533504	0.1175961542	0.02788800258	0.004742889168	0.03512065552	0.04656024673	-0.03547570309	0.03134659381	0.3498967945	-0.03770133112	0.02392088409	-0.01902929814	0.2095989886	-0.006887146324	0.01512661187	0.01853325254	0.09066591053	0.07097711354	0.0006588673669	0.04230030047	-0.02908181898	0.03971682849	-0.003785467605	0.00146082366	0.1230063034	0.04517591192	0.01115634805	-0.01756356009	0.02269452406	0.01172193555	0.08997418877	0.1394479915	0.04026430282	0.1463216719	0.01062837025	-0.168472482	0.06790570197	0.02747564881	0.05447766739	-0.03737524047	0.03794086909	-0.001619726358	-0.04661147013	0.08182262322	0.1745501877	0.100392032	0.04825840154	-0.02546979751	0.03736497437	-0.02487810174	-0.01303519789	-0.0451638206	-0.008586803726	-0.01627457503	-0.02295811235	0.0128214037	0.0114551783	-0.03134913553	-0.04516270436	0.005645812457	0.02365911622	0.004916329146	0.01464815747	0.03472506717	0.008359605311	0.02813613631	0.006541667474	0.03492715792	0.05480852696	-0.03252454163	0.01920533191	0.0201320943	0.006583677532	0.0637402453	0.08289316752	-0.02169158722	0.1107193984	0.08510311152	0.07514805465	0.09101876866	0.0227630745	0.05716230783	0.01973731955	0.03956060474	0.1921149379	0.102197925	0.04993103759	0.08402463474	0.04953234245	0.03060291764	0.01706887116	0.1558299677	0.1771315582	0.1181774771	0.05359552673	0.007730934426	0.05183025863	-0.006488877673	0.02154213381	-0.05354598119	0.07271447558	0.07499794919	0.06478122195	0.0712381826	0.08097312238	0.03188101158	-0.01060481436	0.0328556442	-0.005029527041	0.02088934005	0.03770775644	0.01253827624	-0.03652682773	0.01315422205	0.06660561124	0.001201297379	-0.0422340452	0.01688634851	0.03287071577	-0.02694768452	-0.002370764307	0.00154013311	-0.01273085559	-0.01044037118	0.1772518456	-0.03541682373	-0.02232131774	-0.01520206279	-0.1695722614	-0.1262040347	0.1170028772	0.1223698851	-0.010857556	0.04588725473	-0.03461686975	0.05529279349	0.03375314448	-0.1668269146	0.01174986143	0.09614529124
0.0626453358	-0.04389492901	0.02560823262	0.01490239315	0.004322157144	-0.01169451565	0.007188838125	0.004241037357	-0.00524016057	-0.1567662204	-0.1527373528	-0.1561653411	-0.1478788719	-0.1632889437	-0.1677309916	-0.1433239179	-0.1542107925	-0.1582400791	-0.1507893756	-0.1413740773	-0.02337109828	-0.03805936381	-0.1441085341	-0.04909853574	-0.05455599564	-0.1652531917	-0.1584693516	-0.1728568841	-0.166186771	-0.05068953355	-0.1633320267	-0.06081273882	-0.07086228544	-0.1151390855	-0.05906839504	-0.1620244164	0.02512958604	0.007229623842	-0.00666756738	-0.008298140684	-0.03593438548	0.0195859688	-0.1680566288	-0.04040496199	-0.1654058257	-0.005534065876	-0.04836188786	-0.05647608257	-0.02313128558	-0.02458543366	-0.04347944485	-0.05943886865	-0.1708270738	-0.1591311477	-0.1539040044	-0.05244468595	-0.05128101636	-0.04434061466	-0.1707746472	-0.163164429	-0.1585041168	-0.002927058944	-0.1691240228	-0.03796804146	-0.04470711852	-0.06811626546	-0.05595360491	-0.06583774193	-0.02218006988	0.008048036775	0.01085412885	0.02365584833	0.02349058688	0.06973686623	0.005600172009	0.08292595872	-0.05900480848	-0.02301090451	0.03946672549	-0.001402409667	0.1466654734	0.09697304116	0.1922771706	0.01361432405	0.09302652213	0.1677232529	0.03728196629	0.1192180309	0.2658825967	-0.02442313485	0.1085322749	0.1259821252	0.02462613995	-0.002964971667	0.1268553471	0.13107076	0.1312571446	0.2502192128	0.04911421227	-0.03770133112	0.3552059225	0.01005503935	0.02482953154	-0.06762710976	0.0157043791	0.196467671	0.05760735496	-0.01596861432	-0.04118913522	0.04491698359	0.09776682613	0.04098402236	-0.009816142619	0.07683298495	0.1305643932	0.0127602413	0.06915036681	0.05585193355	0.04074926284	0.1047571563	0.254225549	-0.01277337697	-0.04268801503	-0.0287268016	-0.0319961826	-0.05115648445	-0.1638607538	0.02615826977	0.05966036129	0.07224097357	0.2457067341	0.1953090044	0.1977877724	0.1916879632	-0.008535857663	0.05731333655	-0.01896041043	0.123904763	0.1354679857	-0.008797297095	0.03932242571	0.0829195213	0.1533543001	0.01456380851	0.04639573151	0.02832470734	-0.01172139814	0.08134923583	0.07423490081	0.1622925262	0.04313205631	-0.03787506198	-0.01263939622	-0.02259289336	-0.04960722687	-0.05418041711	-0.08266948684	-0.06512856552	-0.05173385371	-0.04412826533	-0.04947871404	-0.02877851551	-0.01530788095	0.1513680287	0.01514705536	0.1485692818	-0.02487086893	-0.03673292805	-0.06778257797	-0.02374528393	-0.02625627072	-0.04940739335	0.02814779018	0.01365222714	-0.02966506334	0.01257679141	-0.03113802501	0.0365850871	0.01417755589	0.06519769579	0.04649540576	0.04543593007	-0.00954269374	-0.012375051	-0.04285703216	0.02727933969	0.04595563846	0.06811698858	0.06034849577	0.08058336114	0.1458006882	-0.009198792653	-0.02940327366	-0.01175652571	-0.03065057157	0.01796003992	-0.00248213593	0.0317457751	-0.00877231752	0.04147436676	-0.01698095652	-0.002368110694	0.06362880212	0.06904705263	-0.02534853091	-0.0008694261016	-0.06389836328	-0.03033763927	-0.006267291086	-0.0321725643	-0.01476928979	0.0560037006	-0.01674491271	0.08589282275	0.09966075846	0.02445524603	0.2288036676	0.1442786187	-0.05266818978	-0.1350274837	-0.119095575	-0.03628727511	-0.001229603242	0.03093111616	0.05892308089	-0.05015221952	-0.01693833057	-0.03345800952	-0.1377510591	0.03525452413	-0.02837295173
0.04115327938	0.09051060952	0.1195791026	0.08086662153	0.02636101056	0.001055466663	0.03589005423	0.09083354693	0.07198271423	-0.1821947763	-0.1778155234	-0.1831228986	-0.1719716842	-0.1793315788	-0.1876380897	-0.1698926961	-0.1830710484	-0.1790771942	-0.1791836568	-0.1674091061	-0.03043219479	-0.02795713266	-0.1770399428	-0.06883126485	-0.0650179927	-0.1828137531	-0.184267593	-0.1880812791	-0.1879716997	-0.06910557558	-0.1780521992	-0.05595415165	-0.01412728495	-0.1309550422	-0.03967903617	-0.1830520556	0.06933627842	0.06607141517	0.09852316429	-0.00827924616	-0.01000526906	0.0318772856	-0.1933468162	-0.05226209935	-0.1915723666	0.01582686405	-0.06193938288	0.0266252173	-0.06215639886	-0.05452624347	-0.03998314106	-0.01140558486	-0.1860304852	-0.1846175284	-0.178640564	-0.07458909565	-0.06887591919	-0.03300568575	-0.1906151536	-0.1819005441	-0.1777397033	-0.01893368726	-0.1840697355	-0.0365352394	-0.04295423461	-0.01642776388	0.03388936112	0.02327391355	0.06017111413	0.08372511083	0.1751777721	0.06034343969	0.06305192221	0.1563153725	0.0906856279	0.07010049607	0.0268667129	0.0202651667	0.08773576899	0.08894567794	-0.02858052111	0.03782486796	0.02115388035	-0.008011276747	0.0262054725	0.06754937672	0.06311329527	-0.007370952665	0.03339141506	-0.08799531403	0.04692535327	0.0344635619	-0.04180930524	0.09323596246	-0.01386329706	0.02764865062	0.02367187938	0.02006575171	0.09746266156	0.02392088409	0.01005503935	0.3178114292	0.08312628726	0.02507949278	0.02749564201	0.01740938325	0.008427345595	0.03900675085	0.03622777515	0.04944755718	0.1320831765	0.03637032877	0.03448723687	0.03943686347	0.08320096309	0.02237717372	0.04551986379	0.09995866055	0.05755527987	0.01552424092	0.00441469506	0.0418218715	-0.02877793884	-0.0246449511	0.06123847241	0.03206033737	-0.1893464498	0.1743084952	0.009914582299	-0.006927151286	0.01233846602	0.002842524773	0.04182508186	0.01636492708	0.01679607793	0.08095147592	0.02789079082	0.02746836043	-0.002046358542	0.005510610572	0.02221521897	0.07235569536	0.03611773015	0.06423295834	0.05970746511	0.05744360506	0.08821843614	0.01841923871	0.005096104487	0.01827183878	0.03097893139	-0.0342176076	0.02250140876	-0.04871352475	-0.02623359078	-0.02229966893	-0.06380962959	-0.08183692534	-0.03102759416	-0.02441975941	-0.02356553356	0.04773676896	0.01923738	0.06217039565	0.08950586859	0.04651182391	-0.04778244229	0.04504609455	-0.0845649676	0.01508581532	0.01478556999	-0.1366070325	0.01105552873	0.219152553	0.04820496859	0.03028868461	0.02670286175	0.1054680995	0.1412796766	0.07207088152	-0.06253844387	0.04666105273	0.1099579179	0.08714572636	0.04354048296	0.05213268367	0.05342742713	0.11210779	0.06141438902	0.0746084661	0.03634764283	0.09410325362	0.09015203606	0.0366429516	0.02236257972	0.04338283747	0.03587316714	0.1088033847	-0.00623112985	0.03447179085	0.0004072724412	-0.01703035321	-0.01153461221	0.04555379933	0.02661849945	-0.01008746304	0.06061111025	-0.0284532946	-0.01099401197	-0.03252510664	-0.04414022168	0.07215061654	0.1034481187	0.0314009403	-0.02569009039	0.1141176109	0.008688649229	0.006039985407	-0.03537708816	-0.1678967722	-0.1235400047	0.1042780744	0.0412701291	0.07565050631	0.06451227121	-0.06373486854	0.03989729761	0.01254730996	-0.177014918	0.1512062916	0.03428248643
0.03261754563	0.03726322514	0.02906309743	0.0601832941	0.0647382891	0.02915204088	0.05208434489	0.09675632102	0.05766118352	-0.1371685879	-0.1259345134	-0.1318819994	-0.1276531272	-0.1255236413	-0.1171657496	-0.1201584625	-0.1349133037	-0.1305270525	-0.1239920699	-0.1178793731	0.02921737843	0.02948993211	-0.1241084112	-0.04658562839	-0.04237310836	-0.1221862826	-0.1282631857	-0.1304931156	-0.1308868514	-0.04843379504	-0.1222057801	0.01741050795	0.05981951461	-0.1099307905	0.01683798262	-0.1261575921	0.1103173174	0.08945580782	0.1230530948	0.03108358667	0.04501436967	0.08180890118	-0.1455363038	-0.05114016135	-0.1358762321	0.04811689102	-0.02453835787	0.102771453	-0.02869287358	0.01274501095	-0.02050390512	0.0394197094	-0.1297361194	-0.1164105019	-0.116702951	-0.05478603212	-0.04624159698	0.06239565486	-0.1481320127	-0.1360757735	-0.1619448518	0.04558169766	-0.1336235925	0.008617443431	0.00781440661	0.0287783901	0.01999884823	0.1011144706	0.126628058	0.1287167033	0.04029762787	0.04194853548	0.04497478576	0.03504367479	0.01761560515	0.03641219306	0.05717729596	-0.01965332563	0.04940096931	0.0940056389	-0.04764669608	-0.0266172256	0.01301430223	-0.04854497116	-0.001266400301	0.03443264099	0.03795640988	-0.002810541374	0.01948513867	-0.03778854587	0.04349437759	0.01305127251	-0.03200796684	0.09888999232	-0.01350859988	-0.006686360104	-0.009825374228	-0.004817273352	0.04294526371	-0.01902929814	0.02482953154	0.08312628726	0.3728488503	-0.03431669915	0.08813622938	0.06120759159	0.007637955275	0.02827522467	0.0264597915	0.02366997524	0.06668470468	0.07719198157	0.0193763844	0.009080080869	0.03925116668	-0.007416726748	-0.002101046996	0.05326940275	0.06916380459	-0.01766910914	0.01033461384	0.04565407185	-0.04026309512	-0.06582783092	-0.03760388032	0.02964398445	-0.1421843959	0.05350559007	-0.005967219931	-0.008108289008	8.264493926e-05	-0.003865375371	0.0246094106	0.01344522085	0.02849557322	0.01956320531	-0.04380553309	-0.009674096209	0.007204000816	0.006581555909	0.07457194834	0.05230369413	-0.009023137987	0.0424193689	0.06282421172	0.05195982155	0.1216129437	-0.007196150801	0.09578191109	-0.00369219649	-0.006927947442	-0.01046628392	-0.0299847323	-0.01125916845	-0.06875828543	4.761682667e-06	-0.05274265632	-0.07399062585	-0.07399998559	-0.04922485588	-0.04778438255	0.08840828221	-0.01147550016	0.04668070698	0.0597366356	-0.01022793117	-0.06976148106	-0.02725499632	-0.05027238132	-0.05170960712	-0.04816263044	-0.08345355194	-0.02961066482	0.04253471674	-0.02165433547	-0.01859477329	-0.03886859622	-0.001021216032	0.03468020352	0.03367584314	-0.01287244224	0.01052014041	0.001907814845	0.01339126238	-0.02651811571	0.02095567305	0.01615764383	0.05832751412	0.0733693936	0.0547405482	0.02002702488	0.04260193975	0.03770161775	0.03853393898	0.03957888139	0.05669762085	0.03516126476	0.003574741167	0.02508131114	0.007960052587	-0.03219838911	-0.04607634686	-0.03809359233	0.03792648923	0.03454246516	-0.03018008691	0.15191796	-0.01823345642	0.01388273552	0.03300281006	0.008590822428	0.08223615339	0.1249895452	0.01659436468	0.008638661569	0.03243034572	0.009115486409	0.007446396439	0.03614858566	-0.1257890208	-0.09750784506	0.03316940385	0.04110131384	0.06245101182	0.03226221794	-0.01642147897	0.04456873778	0.05651812744	-0.1286000072	0.05983180007	0.01692852188
0.01556232167	0.06167525893	0.02887090655	0.09349127594	0.007528774171	0.04392694018	0.004190669278	0.001445375588	0.08667279051	-0.1758525034	-0.1814059036	-0.176795024	-0.1723911085	-0.1508212905	-0.1663860227	-0.181219486	-0.1768323466	-0.1760657066	-0.1421151559	-0.1799183644	-0.04156744934	-0.03681295585	-0.1509141575	-0.009686372223	-0.003405816043	-0.1534029438	-0.1545424629	-0.1505107464	-0.1568675348	-0.007379691916	-0.1516447284	-0.01692877653	-0.01946907189	-0.1111179487	-0.01490352416	-0.1487306746	-0.02441698623	-0.01631032943	0.00978447145	-0.04243830046	-0.02753119773	-0.05703678115	-0.1556672348	-0.02647305108	-0.1552710627	-0.04393549483	-0.02938074366	0.003516302982	-0.006514245291	-0.05796279391	-0.03827489752	0.02673721983	-0.1631329397	-0.156203788	-0.1484110523	-0.003327460601	-0.0001467094924	-0.04093465594	-0.1622382294	-0.1766295178	-0.1492215019	-0.06045183355	-0.1472566429	-0.04299369668	-0.0398913705	0.01318556736	0.06112425647	0.008357838508	0.02120327366	0.009199558582	0.07475294875	0.09510559983	0.08984177118	-0.00446590921	0.05502493322	0.01028680502	0.09801941887	0.2201945234	0.009746576177	0.02174659303	-0.0142302521	-0.01703215075	-0.02726063941	0.06831789763	0.002108480191	-0.008227794153	0.04920587932	0.01378630648	-0.03874814426	0.08974262048	-0.03000276349	0.002138100951	0.07922394544	0.03333170123	0.008616061983	0.009572580653	0.02842520835	-0.06509420943	0.03244340552	0.2095989886	-0.06762710976	0.02507949278	-0.03431669915	0.3758331284	-0.019202272	-0.01586836352	0.02889277984	0.06231559542	0.04586779352	-0.01261330298	0.04178345446	-0.06570783359	0.04768310676	0.008067693006	-0.0120886566	0.08991559248	0.03560310376	-0.02428204504	-0.008046432821	0.04433607286	-0.01476314716	0.05659865286	0.1157839141	0.1111489953	0.1490278819	0.0262579984	-0.1530425073	0.06792174698	0.03488436376	0.04315960881	-0.06327258887	0.01887315738	-0.03826789661	-0.04468727896	0.04008475064	0.06375360558	0.1296946174	0.03006862007	-0.02066849908	0.07992625645	-0.03472511087	-0.01524124207	-0.04693723258	0.02763292907	-0.004972136055	-0.01320323206	0.01609796005	0.03885077762	-0.03536358237	-0.04571141651	0.04681745076	-0.01638673109	0.03699719566	0.03761336213	0.06028041252	0.02596243854	0.05657169837	0.03586639385	0.04818156479	0.07586439789	0.02733018513	0.04116359192	0.005561745021	-0.005857316231	0.05991712544	0.004775877178	0.005928476053	0.1348277709	0.117510874	0.1083790126	0.1080346657	0.07010466996	0.1173966052	0.006149284882	0.04733017394	0.1466395291	0.1264040938	0.01453799653	0.04668457626	0.03164028815	0.04590296704	0.01886886082	0.07886358454	0.1395857796	0.2197957274	0.02010161681	-0.004686087206	0.03266312541	-0.01405109839	0.01657721752	-0.07157110733	0.06192739848	0.05050741294	0.05423658581	0.06081745521	0.006345765958	0.02304522287	-0.01483068563	0.02116941746	0.05139185186	0.1182706711	0.1419819487	0.02199989302	0.01946953898	-0.008520001773	0.07339229658	0.01798535421	-0.01477332857	-0.004678855322	-0.0006624515396	-0.0454528044	-0.01735206513	0.01828456628	-0.05848573941	-0.0003974245585	0.1139772086	-0.04188295234	-0.03967792464	-0.04418020068	-0.1783568241	-0.1179828815	0.09230872226	0.09489071878	-0.04127597023	0.02772712251	-0.01819499153	0.06103849931	0.01051280372	-0.1573509715	0.004722345881	0.07633921329
0.0633205897	0.02318646185	0.02095192729	0.01042763822	0.06319266276	0.01451691289	0.03705820249	0.05791994803	0.08564935253	-0.1388780453	-0.1381330094	-0.1417354678	-0.1315012883	-0.143959955	-0.1500332491	-0.1306860561	-0.1392949364	-0.1413070408	-0.1560942127	-0.1297062428	-0.0309633654	-0.03654987848	-0.1806440745	-0.0134364411	-0.01171269514	-0.1497853692	-0.1441885747	-0.1384145431	-0.1463114448	-0.01981270127	-0.1359952049	0.03050458057	0.003590658891	-0.1257496126	0.03107914695	-0.1397557012	0.07078751144	0.05242283146	0.07984551117	0.05759124353	0.04914693518	0.05697946009	-0.1445841556	-0.06547976262	-0.1502958837	0.01092727695	-0.006419787995	-0.01214951002	-0.03033007813	-0.02808004948	-0.001663603481	-0.05637515353	-0.1528500105	-0.1409924105	-0.1391772827	-0.01994264196	-0.008910526133	0.01008554954	-0.1465153362	-0.1445287852	-0.1277165883	0.008311329168	-0.1470517859	0.01691618161	0.009280947365	-0.05201282734	0.06770377426	0.01497096679	0.09299330309	0.06800874841	0.003156511933	0.003803249826	0.005169222816	0.02286224819	0.06592405334	0.04961809016	0.1139146703	0.008117342369	0.0276381977	0.07343975848	0.01332823779	0.01794623154	0.009693324722	0.06498182009	0.03458881315	0.0313767707	0.04942554055	0.04758828973	0.03245165321	0.002752528929	0.03438750692	0.03040374305	0.03150915953	0.04453930442	0.004032704812	0.009750061568	-0.00166939082	0.01714864435	0.02051502943	-0.006887146324	0.0157043791	0.02749564201	0.08813622938	-0.019202272	0.3834208584	-0.02842122876	0.04609384138	0.03582667192	0.01928483794	0.0432168137	0.006710695019	0.06256902178	0.06249682544	0.0258957431	0.02564033464	0.04128132523	-0.00416857959	0.03432903672	0.02513520517	0.01524773149	0.02149131035	0.05464782458	-0.02274056713	-0.02664364351	-0.0264142806	-0.007277653102	-0.1425102162	0.01117178966	0.0188811449	0.06612770402	0.02423294748	0.01105921927	0.02692199896	0.0245129323	0.05274583726	-0.001830654155	0.01992555591	-0.00350335391	0.01706073903	0.02366795559	0.07833147907	0.04354993667	-8.993024077e-05	0.01987924836	0.03481557355	0.03589621366	0.07399514878	0.01080655518	0.08402317549	0.009657896656	0.05033784732	0.06583524925	-0.01080545967	0.04174221897	0.01055085757	-0.01705600969	-0.009060559657	-0.003117700689	0.02643459363	-0.01057225958	0.03183438801	0.1574830414	0.005335500654	0.03830860729	0.02046982306	0.002056140943	-0.03588706542	0.004454593707	-0.04239197686	-0.004526577971	0.0006464425951	-0.03810576831	0.01883394274	-0.00212147743	-0.04449092394	-0.03371460626	0.01931884235	0.002277021172	0.01283717006	0.02958572376	-0.01479456525	0.02694001058	0.04214224616	0.0245547954	0.03122206536	0.09871908522	0.03604095337	0.01212384013	0.03601706095	0.03954581325	0.02189772494	0.05051018669	0.024254999	-0.02126834641	0.009772654633	-0.0131749443	0.03905278644	-0.007881680481	-0.009310286778	0.0297432934	0.008941157201	0.02161552554	0.01016043174	0.03581662514	0.01296760452	0.04520387302	0.04298415457	0.02933921584	0.03797697599	-0.04098149178	-0.02105012248	0.04490313218	0.08930157693	0.06511631479	0.01330306527	-0.00534553122	0.009421906447	0.02583298783	-0.0132515224	-0.1631963436	-0.1196282542	0.03688349433	0.03186778751	0.0517153649	0.03294886221	-0.01698965164	0.04792903743	0.01419721575	-0.1744018292	0.0458114253	0.03977216564
0.08121882737	0.002059263766	-0.004828695761	0.02972588284	-0.01163851292	-0.01533439726	-0.01178609116	0.01412955315	0.002226102706	-0.1432510495	-0.1368702934	-0.1418460832	-0.133513564	-0.1330295706	-0.1435772357	-0.1311980261	-0.1447404363	-0.1420442973	-0.1177085878	-0.1285253571	-0.01660037673	-0.01732792813	-0.1171642786	-0.02914359529	-0.03367895838	-0.1373060765	-0.1388671182	-0.13234225	-0.1405268991	-0.03643105073	-0.1289789093	-0.04214351938	-0.02006348908	-0.1106210851	-0.03207390264	-0.1297090369	0.009288376011	0.01344167698	0.01883731492	-0.02865900296	-0.01403154341	0.01836250018	-0.1523477413	-0.04791430733	-0.1409272261	0.007035216444	-0.03266904132	-0.01076946374	-0.01453826315	-0.009052769394	-0.03311775403	-0.0004146943607	-0.1404668139	-0.1344645405	-0.1160576524	-0.03854354481	-0.03759082403	-0.01847190863	-0.1563877909	-0.1476315216	-0.1702668035	0.01172440242	-0.1445655436	-0.03030437511	-0.04052888855	0.00326173259	-0.04475913003	0.002763996345	-0.002012429464	0.009055709957	0.02510774774	0.0372437458	0.03766983345	0.04999179869	-0.02741605311	0.07133607117	-0.03900758764	0.01197970298	-0.02805573244	0.01530265856	0.09860764218	0.05051233416	0.1513978728	-0.04638967795	0.07564802204	0.1329027645	0.02135859328	0.05410583182	0.1762058957	0.007474758662	0.09049832758	0.1222759861	0.01692327876	0.03588937276	0.07451573668	0.1223039634	0.07785585646	0.1679022369	0.02417311318	0.01512661187	0.196467671	0.01740938325	0.06120759159	-0.01586836352	-0.02842122876	0.3612165395	0.06411894316	-0.01847481116	-0.008849828948	0.00142132839	0.1141888974	0.02213228119	-0.03323018014	0.06011921392	0.1257796482	0.03561102074	0.07894222414	0.04170529231	-0.01540373284	0.04709792253	0.179930456	-0.01320245696	0.0005824013813	-0.02334361768	-0.005947641927	-0.02994030808	-0.1486525014	0.03113169456	0.06951672874	0.08048545422	0.1704641151	0.1200410007	0.185529461	0.1441366208	0.02791386331	0.09060971412	-0.0227413429	0.08067759844	0.09792120526	-0.05291503598	-0.007588120477	0.02785805421	0.1352592973	-0.02863465897	0.003662136818	-0.01440154718	0.01092429207	0.04781715571	0.02824256273	0.1441683519	-0.03242859585	-0.07586924526	-0.02669893589	-0.05541449689	-0.0229327895	-0.0607816732	2.818245132e-05	-0.006686162993	-0.04845881488	-0.02414711684	-0.05264376475	-0.03139266211	-0.01343754461	0.1134115417	0.01419545174	0.1105814307	-0.0370997848	-0.04082599161	-0.005282550512	-0.03445610888	-0.03989114262	-0.04891520347	0.04643434617	0.01278707089	-0.05312413142	0.06375311645	-0.03731548446	0.02424562313	0.01245144417	0.07068880094	0.04404255404	0.01911831373	-0.004653865869	0.01965727997	-0.0369543578	0.02830492782	0.07528177821	0.0847401338	0.03988046907	0.07276403955	0.1364012751	0.005988280206	0.002924845044	0.04702403914	0.01124543922	0.06201626786	-0.001044483284	0.01819578856	0.01668108907	-0.01696825851	-0.07829880967	-0.05630052449	0.01467168828	-0.01043920114	-0.03105384141	-0.0299601873	-0.003565355562	-0.04938889358	-0.03807015177	-0.01872514805	-0.007657256042	0.03505580459	0.01053786444	0.03421249053	0.1223042599	0.05860484226	0.1931842982	0.1293574821	-0.005274102939	-0.1187062615	-0.1113102887	-0.02749405053	0.009562268653	0.02344107065	0.05748455386	-0.02853126106	-0.03524174238	-0.03245295961	-0.1195583811	0.02929878118	-0.03498911066
0.08212973135	-0.01497909615	0.0124853092	0.04606380469	-0.03145648839	-0.01097097728	-0.00629095409	-0.01146533468	0.06220249651	-0.1578223315	-0.1565048525	-0.1606011574	-0.1492325825	-0.1683644032	-0.1661308626	-0.1458788612	-0.1600000609	-0.1587559955	-0.1427267281	-0.1454572151	-0.02164881274	-0.02750958892	-0.1273900043	-0.01549947347	-0.0117921015	-0.1643486192	-0.167775758	-0.1711480369	-0.1690836263	-0.0200422991	-0.1616550563	-0.07828075412	-0.04673528438	-0.0809244863	-0.069484909	-0.1578971307	-0.007895673205	0.002437570614	-0.002922684068	-0.0274323984	-0.05304076846	0.02636999848	-0.1588173032	-0.0009071913142	-0.1705584088	-0.001894102253	-0.06353323542	-0.06268427367	-0.001368953285	-0.02279842471	-0.01376035103	-0.02705684503	-0.1699870525	-0.1669471572	-0.1549763672	-0.02154573062	-0.01711584163	-0.01613837534	-0.1677354256	-0.1600429467	-0.149824211	0.01622810111	-0.1661858882	-0.01870360918	-0.04027189986	-0.02239224637	-0.0358675373	-0.03427453775	0.009889517938	-0.01482365646	-0.007985989983	0.02729939262	0.02260778617	0.02031887453	0.01067030027	0.08818519554	0.01049359036	0.008318291845	0.0109720506	0.01108224903	0.07969280102	0.1532333972	0.03794703811	0.01798431274	0.07406622875	0.04380663292	0.05340534149	0.09262986112	0.08701943296	0.2391366547	0.03540381251	0.1719214854	0.06499353015	0.02308916949	0.05386513206	0.1364043358	0.1424474336	0.07664420188	0.04779151565	0.01853325254	0.05760735496	0.008427345595	0.007637955275	0.02889277984	0.04609384138	0.06411894316	0.3692835981	-0.01518766994	-0.01054205833	0.08695528374	0.01632807726	0.01835174101	-0.0008995514514	0.127272098	0.05405089761	0.04740551225	0.1322124284	0.04477385012	0.03608147975	0.1083451549	0.1113436806	-0.01359025899	0.03289226967	-0.02643158205	-0.01979449009	-0.05690913673	-0.1558078452	0.005184769011	0.3296783882	0.2346684729	0.07950949871	0.1076273102	0.06572416312	0.06862181983	0.005070560565	0.07568700467	0.006506142708	0.1389339288	0.08961432168	0.004897610497	0.01529709629	0.03395612297	0.0726667849	-0.01997618308	0.03966437736	0.04065351625	8.751858777e-05	0.09854243227	0.02910631595	0.08185182125	0.0171916238	-0.03997008267	-0.03339522913	-0.04002766976	-0.01638075732	-0.05845813377	-0.04187879104	-0.05155729003	-0.03114371242	-0.02461785513	-0.04555409146	0.04690809463	-0.04332720203	0.05576922842	0.02837066648	0.0935087861	-0.01371755535	-0.04793255241	-0.01799914058	-0.02502387023	-0.02210633067	0.006431910978	-0.04420562078	0.008032604392	-0.04946351106	0.07755726091	-0.03169705559	0.01585398786	-0.0105608846	0.09376162999	0.1536050473	0.1131988118	-0.00263034439	0.04631790604	0.03858089434	0.051031479	0.1393193783	0.05816502162	0.03211687565	0.06500087414	0.08038715268	0.02894649667	-0.01613938292	-0.03213853402	-0.005616521711	-0.0219679589	-0.05784164683	-0.01024846784	-0.04173529452	0.003236376943	-0.03172335088	-0.03879506004	0.1090305103	-0.004920095787	-0.03959289978	0.0778735047	-0.04230553319	-0.007701239884	-0.03376994303	-0.05237085303	-0.009899638099	0.02159650707	0.005189043318	0.04720636205	0.1323562054	0.08118878336	0.1007811685	0.08102075749	-0.0353574872	-0.1217061162	-0.09652849072	-0.04070546872	0.0009689368554	0.01614274859	0.07510064183	-0.05646022049	0.03439942471	-0.01562845836	-0.1173050767	0.001084429962	0.02196189188
0.02749476032	0.05027216063	0.03874889272	0.05259526092	0.0218043894	0.05794282176	0.04130735969	0.04406665513	0.03591475934	-0.1796108889	-0.1759231534	-0.1769321751	-0.168737013	-0.1564831232	-0.1680164973	-0.1694794676	-0.1776561267	-0.1626112715	-0.1358266861	-0.1659376369	-0.01621527131	-0.01420550677	-0.1538200223	-0.01985664135	-0.01759849083	-0.157577829	-0.1625562878	-0.1426334091	-0.161779274	-0.01469398771	-0.1515755229	0.008664923945	0.003734919643	-0.1093129539	-0.0190411896	-0.1493749361	0.06207989687	0.04004103981	0.04658192249	-0.01105894348	-0.0003536997565	0.02039055078	-0.1542179858	-0.03764918759	-0.1546263765	0.002607051703	-0.03377161333	0.1027638029	0.001821167859	-0.02815452036	-0.02712249086	-0.005870084513	-0.1616644036	-0.1575220012	-0.1439131841	-0.0222169777	-0.008089283652	-0.01862252179	-0.1559131797	-0.1692481518	-0.1477135873	-0.03250452612	-0.1584024346	-0.0255422773	-0.03428214631	-0.002402444449	0.09549120659	0.04361249505	0.06373159335	0.06581925798	0.05911116445	0.06224742721	0.05990673866	-0.01756601031	0.02449955392	0.03424154549	0.06594180036	0.03469656929	0.09320597902	0.044695256	-0.01210844117	-0.0525599714	0.02369375827	0.03071111629	0.01372254592	-0.0008299047153	0.03156686323	-0.05397938939	-0.0254778712	-0.05433258928	0.03997320198	-0.02198557051	0.03178527592	0.08568041398	-0.05500916367	-0.02429809604	-0.035105121	-0.02298491298	0.06107825287	0.09066591053	-0.01596861432	0.03900675085	0.02827522467	0.06231559542	0.03582667192	-0.01847481116	-0.01518766994	0.3564734109	0.08413826382	0.02384058888	0.02716018784	0.02336584217	0.09207413441	0.03028019592	0.04530391465	0.09866828774	0.01656841105	0.05113553545	0.1042521801	-0.05463396415	-0.02286352323	0.09684834012	0.08870442426	-0.01228502429	0.06574600064	0.05934092768	-0.1519568391	0.02094943135	-0.01575345629	0.02320553962	-0.02788912284	-0.03638126017	-0.006634224143	-0.002185166674	0.02560529222	0.03517692706	0.0175179229	-0.03358741521	0.01564133681	0.04531909573	0.06761965239	0.06445599352	-0.03813781196	0.1147594598	0.09881240317	0.1141542311	0.05163389164	0.003249400852	0.0339954697	-0.04436054065	0.06222091453	-0.01727591239	0.04512989572	0.002338144001	0.0253332516	0.007149031422	0.0124667026	-0.01585464888	0.03466709716	0.03892810554	-0.009255134924	0.05678708975	0.02353374532	0.009501006448	0.07114013183	0.01620936698	-0.0149591068	0.04414174985	-0.03508775657	0.002082400257	0.01314208188	-0.0432784774	0.01944750862	0.04321456251	0.01472358702	0.02525406843	0.027715025	-0.00150757274	0.03295668925	0.0459538534	-0.00509263676	0.02825591658	0.05770295876	0.08043840304	0.07947655791	0.03216211404	-0.0015900417	0.04319609416	0.1007401628	0.04436318574	-0.005895073009	0.09293767893	0.04716434727	0.03663996069	0.0573091965	0.03918153626	0.06504444121	-0.01447081656	0.05141760398	0.01329959351	0.0333234162	0.02528564702	-0.04771138066	0.06084214242	0.0314977016	0.02695263066	0.02763244518	-0.01686484229	0.04001222761	-0.003403819637	-0.01437906297	0.1156273241	0.06039289387	0.03718350461	-0.03710072109	0.03492512795	-0.03295496075	-0.03364122759	-0.009912238724	-0.161706052	-0.1140467382	0.1488126901	0.07156035541	0.03527696192	0.03296704588	-0.01513821462	0.07014567909	0.01919605155	-0.159055467	0.0334342204	0.0762707486
0.006198360153	0.2536057399	0.03820790594	0.03991619611	0.05895890373	0.07236609121	0.03346750657	0.04089145307	0.02313542893	-0.1583684612	-0.1551945819	-0.1594216351	-0.1480124869	-0.1451421169	-0.1531213906	-0.1459758787	-0.157584669	-0.1576215697	-0.1322126744	-0.1431520064	0.01320799738	0.02104895646	-0.139359868	-0.007565658133	-0.00672892244	-0.1546423846	-0.1522432783	-0.1495038419	-0.1402486988	-0.01466720673	-0.1415715136	0.01087066135	0.02829667832	-0.1153987431	0.01281615266	-0.1431989189	0.07112757406	0.08244948471	0.0469258126	0.002511422131	0.03054516504	0.0327038167	-0.1465736064	-0.05588091102	-0.1583938685	0.04546200763	0.008028615875	0.06158657851	-0.003870372272	-0.00706408838	-0.02491324047	0.006429891487	-0.1565523537	-0.1456268887	-0.1443868962	-0.01185144427	-0.004138477493	0.003915573002	-0.1538233236	-0.1534010607	-0.1653792429	-0.001409559999	-0.1401497044	0.009406726327	-0.003102250045	-0.007776272495	0.05778003851	0.07474462694	0.04196312157	0.07173613064	0.02493380288	0.02403559695	0.02220996216	0.03711924352	0.06522899237	0.03421020829	0.06807830094	0.01261789328	0.0591590526	0.04131749638	-0.03647412131	-0.05455495119	0.007200829729	0.03456704249	-0.008958440919	-0.00769607195	0.05923256971	-0.05007583763	-0.0306683033	0.03503437232	-0.0220568697	-0.04969351522	0.001043603242	0.05095686769	-0.07451994943	-0.02349919726	-0.05065878383	-0.04631091174	0.06797030742	0.07097711354	-0.04118913522	0.03622777515	0.0264597915	0.04586779352	0.01928483794	-0.008849828948	-0.01054205833	0.08413826382	0.3428957681	-0.01323868397	0.01287299172	0.03469327797	0.08098191306	-0.009259091359	0.01891534434	0.02997627433	-0.02666094434	0.03136674624	0.05357251841	-0.05796471295	-0.03688710723	0.07795607627	0.01872489421	0.02020037118	0.02931765883	0.1067057673	-0.1433361627	0.02472744568	-0.01478623427	0.02410608733	-0.0465814485	-0.05011283157	-0.03390946123	0.007805475185	0.03814536359	0.04102058128	0.04173818148	-0.05149604908	0.01380537256	0.08640834407	0.0162121562	0.01162122599	-0.04621285892	0.03418454931	0.06747898274	0.0584025127	0.0496414189	-0.02785938416	0.01737475518	-0.03658737512	0.04434944611	-0.01076740747	0.0006435339836	-0.01549162803	-0.02376484747	0.01885676827	0.0008098060493	-0.03273097777	-0.01230920676	-0.005846030838	-0.03074482368	0.05288248826	0.03009467666	0.02834105561	0.1070450256	-0.0004973676225	-0.06034509985	0.04883673345	-0.003986425669	0.001897358967	0.01520316332	-0.01653522642	-0.01930419236	0.0328429955	0.03781598126	0.01288724484	0.0294688183	0.006593118199	0.06591700376	0.02352749575	0.0521466493	-0.02221653291	0.06920069769	0.06757840983	0.03043845533	-0.0004522938723	-0.05046758045	0.02111370581	0.03204823839	0.05217874317	-0.007650244899	0.08143733893	0.1798628113	0.05754913127	0.08206051222	0.08875506717	0.09488496897	0.02082695348	0.06743584037	0.05986839819	0.08090563339	0.06789274854	-2.581069364e-05	0.04536934666	0.02955134532	0.05438094361	0.06068318528	-0.05011835444	0.03510478684	0.01798572315	0.00359498238	0.03687713688	0.07153834655	0.02437474535	0.03417314801	0.007006927994	-0.04766491605	-0.01246860943	0.02177850009	-0.1511308351	-0.1220069279	0.08248214135	0.04998057411	0.05830225061	0.06650126256	-0.00610793591	0.03834080615	-0.004746632582	-0.1390384136	0.05277422785	0.08826292294
0.06567733407	-0.00565251539	0.0652856799	0.03397230139	-0.0007824982446	0.06398723022	-0.00142321931	0.0006677030324	0.06935353429	-0.1313283715	-0.1396774208	-0.1408589494	-0.1336369194	-0.1517501936	-0.1471031085	-0.1273893851	-0.1303077173	-0.1335729813	-0.1419743211	-0.1238022085	-0.03850455487	-0.05361172613	-0.1412380962	-0.01635394329	-0.01064272809	-0.1438605836	-0.1310410176	-0.1369150193	-0.1421896011	-0.01754237551	-0.1427972467	-0.05365871862	-0.0671102833	-0.09340616663	-0.06883168265	-0.1393199031	0.02238291848	-0.01065264883	-0.008662382633	-0.03913527899	-0.04567016818	-0.02755492875	-0.141591879	-0.01001104987	-0.135193899	-0.002120595952	-0.04904048393	-0.03279368042	-0.004380832327	-0.04447521091	-0.006261931587	-0.04288611491	-0.1323004664	-0.1450126677	-0.1353097186	-0.02039783528	-0.01429293597	-0.05559152145	-0.1487128809	-0.1424234404	-0.1243724997	0.01484609344	-0.1268094414	-0.02630349324	-0.04169831064	-0.04674715588	-0.007620356408	-0.03624143636	-0.01069729713	-0.0017693274	0.02969605556	0.04034334588	0.03879559819	0.0181504896	0.0279937658	0.0851145681	0.0240943813	-0.01558191689	0.1180494427	0.01241126196	0.03274610237	0.1068228915	0.009941150986	0.02386086059	0.06009314362	0.05801329941	0.05810527951	0.06763028208	0.05055455973	0.02511904744	0.1181166499	0.1265289591	-0.02767683328	0.008927314479	0.03121963063	0.09076808971	0.05808564126	0.04215687804	0.07438150375	0.0006588673669	0.04491698359	0.04944755718	0.02366997524	-0.01261330298	0.0432168137	0.00142132839	0.08695528374	0.02384058888	-0.01323868397	0.4055065704	0.04495356719	0.002922757095	0.0153736465	0.06224858507	0.03389364864	-0.02052849226	0.1047022781	0.1435994433	0.1396054568	0.05227721757	0.07515940688	0.04610650963	0.086894589	0.07796201331	-0.0004831741987	-0.03085643154	-0.1394333332	0.1023700648	0.05974968049	0.04111997423	0.04210315282	0.05644619979	0.01194493421	0.02536343353	-0.002690586174	0.04657998921	-0.01649669841	0.06234798724	0.008421431047	0.04689024093	0.02893329349	0.097226028	0.05964846734	0.1125700443	0.1367232536	0.1553154991	0.003699951108	0.07918086103	-0.004834038745	0.05537716991	0.01661398935	-0.0117017277	-0.01408136133	-0.005080774927	-0.03017194536	-0.02683085527	-0.0647015894	-0.03205839053	-0.00334773154	-0.01289156168	-0.01537405235	0.0424784517	0.009266733872	0.05821552204	0.0143574676	0.09888515362	-0.01446212954	-0.02421722163	-0.06224569194	-0.04080896617	-0.03094078111	-0.01860878062	-0.03349184557	0.005397765249	-0.03196013953	0.02940115868	-0.02803941456	0.0006073624808	0.05056968908	0.04313319202	0.02404926852	0.09361351399	-0.020505888	0.01423018228	0.04531963302	0.06676700321	0.08150693591	0.04352373618	0.1137404698	0.07964005657	0.03214223357	0.02205703925	-0.03846011234	-0.04853899747	-0.02148429919	-0.02110883635	-0.0296486097	-0.007741944494	-0.0639527468	0.033631995	0.02334122604	-0.0185040639	0.1619401439	0.04950589345	-0.02039575571	0.03911214658	-0.04804973398	-0.005996648333	-0.0001769176858	-0.02289970323	-0.01478394252	0.1160676232	0.01639457936	0.1591268127	0.02474577332	0.08077029553	0.01540651569	0.05033005201	-0.06450104344	-0.1239020915	-0.09727068021	-0.02611379769	0.01227402519	-0.02070677984	0.0804812083	-0.03002426051	-0.009323331972	-0.04133337737	-0.1303439095	0.02886471692	-0.01451604702
0.07845428355	0.05415988457	0.05526134676	0.1280166161	0.03022903645	-0.004501432196	0.03277097998	0.04931648547	0.04801100023	-0.1728926169	-0.169308319	-0.173407437	-0.1633838652	-0.1718350488	-0.1854220894	-0.1598767367	-0.1710429489	-0.172092673	-0.17753067	-0.1580730384	-0.05936916662	-0.05516033535	-0.1685131046	-0.07892491969	-0.07795265792	-0.1742460847	-0.1728055731	-0.1791869736	-0.1755462404	-0.0781054165	-0.1677768884	-0.07609506334	-0.03737648647	-0.1370622265	-0.04594651246	-0.1676740522	0.05827516587	0.05383231866	0.09371619533	-0.02402483859	-0.02211572132	0.02321292116	-0.1804222933	-0.06838000707	-0.1771045012	-0.01052469758	-0.07132900666	0.008219110341	-0.07182392237	-0.07088004955	-0.05888463801	-0.03085304019	-0.1798786202	-0.1736521875	-0.1690146645	-0.08471179432	-0.08163952445	-0.04925982849	-0.186822171	-0.1779331855	-0.1739629528	-0.01835217534	-0.1764011413	-0.05122571308	-0.05480032179	-0.0344072255	0.003099220781	0.001868316319	0.07217280861	0.09469413595	0.1428371954	0.09478257426	0.09506911926	0.1096624325	0.01696073088	0.1058812079	0.0003912547963	0.001990253004	0.09134911503	0.07321355834	0.07420990375	0.07450264095	0.1256660516	-0.01526554791	0.03995766886	0.1614617123	0.0501720152	-0.01152582374	0.04368152185	-0.08772889095	0.1178996301	0.03749230417	-0.02804109339	0.08808164271	0.0199438301	0.02354634648	0.028346861	0.1157686606	0.08158038238	0.04230030047	0.09776682613	0.1320831765	0.06668470468	0.04178345446	0.006710695019	0.1141888974	0.01632807726	0.02716018784	0.01287299172	0.04495356719	0.3123257812	0.02500558619	0.01948374008	0.06442993522	0.1718692691	0.06241845489	0.05663081623	0.09062596056	0.05363311046	0.01756007803	0.03698810811	-0.002527648207	-0.03476822019	-0.05997549175	0.0520374242	-0.009193934127	-0.1760975859	0.08380797177	0.02432123727	0.01147245022	0.1299383903	0.0126754458	0.1608944432	0.09948802465	0.04658677485	0.09013354928	-0.01872843825	0.02092427806	-0.01220123227	0.04604138868	0.005894003287	0.07855527597	0.1286612	0.03110871353	0.04792883495	0.04595810938	0.08551148386	0.02698262841	0.0109429382	0.1195522638	0.01379606088	-0.05433817463	-0.01218507054	-0.0585905429	-0.04897833575	-0.03204727731	-0.07735536763	-0.09790113712	-0.06347061744	-0.05613127232	-0.04668068138	0.03066440653	-0.05027896779	0.1534275071	0.09764405668	0.0674694183	-0.07633259948	0.01834462272	-0.06806650767	-0.01913785249	-0.01245708253	-0.1291526813	0.05630090216	0.09379865542	-0.02008112044	0.02917819563	-0.0009332005929	0.06091452838	0.09170698173	0.08084550478	-0.04093814724	0.04078308683	0.06918748859	0.08173144522	0.03353357247	0.05641686844	0.05728441898	0.09605945474	0.05665688886	0.1183057065	0.04729262073	0.08813948191	0.0270024709	0.03198866255	0.03206822452	0.05553401221	-0.01096417329	0.04954206299	-0.05188419427	0.04288039128	-0.01637362665	-0.006098372827	-0.02431261489	0.04799932599	0.01371141936	-0.001389056688	0.03742665351	-0.04365706926	6.049743563e-05	-0.01418854975	-0.06549659095	0.05095928558	0.08699928356	0.04792534822	0.06138404547	0.1244870805	0.1085676394	0.1006503488	-0.05369577646	-0.1621374914	-0.1348210677	0.07026006718	0.03480918042	0.03541267716	0.08534081657	-0.06312794428	0.002723022251	0.008031624391	-0.1646756086	0.086412337	0.008808140554
0.01000452259	0.01296877831	0.03288752416	0.05570736351	0.121258979	0.0004755428311	0.06108436735	0.09934391071	0.008986637515	-0.1697767329	-0.1625474392	-0.1687278208	-0.1592868136	-0.1730595517	-0.1627969095	-0.1553866481	-0.1647390831	-0.1692937403	-0.1229581344	-0.1544239794	0.09927258974	0.06752821885	-0.1317009346	-0.03022099433	-0.03126160101	-0.1677058363	-0.163081548	-0.1738632215	-0.1733990179	-0.03299680695	-0.1636650487	0.004100843932	0.05873640067	-0.08739304189	0.01900388279	-0.1639641711	0.1593944096	0.2154580064	0.1887863816	0.1371002428	0.05531130296	0.2912504026	-0.175657633	-0.02540770464	-0.175446653	0.181410271	-0.006315697669	0.09404623401	-0.01803560827	0.09554541999	-0.01027413554	-0.02103126077	-0.1719321027	-0.170438738	-0.1562964451	-0.03173574024	-0.02385312076	0.09547267841	-0.1776269164	-0.1740406622	-0.1673798896	0.1206185299	-0.1744275318	-0.003006677957	-0.005193307032	-0.01679682867	0.02671543596	0.0962141563	0.08044391084	0.1377136265	-0.005690302687	0.02649869908	0.02935507528	0.05487113568	0.04555063953	0.03175419577	-0.02183856226	-0.04185905349	0.03619536825	0.1558686824	-0.00935231192	0.009398919934	0.02713212726	-0.03859876858	0.03395008924	-0.004693206071	-0.02234885082	0.01506594394	0.03933946243	-0.04559014177	-0.02174652443	0.02237273195	0.007380836369	0.124937364	0.002036228538	0.04083188416	0.0237865024	0.02830201429	0.04316362964	-0.02908181898	0.04098402236	0.03637032877	0.07719198157	-0.06570783359	0.06256902178	0.02213228119	0.01835174101	0.02336584217	0.03469327797	0.002922757095	0.02500558619	0.3694874748	0.03371631333	-0.02266890906	0.0003157567423	-0.008699972402	-0.001001668395	-0.01313870803	0.0251876345	0.01885241383	0.03495394087	-0.026799541	-0.03295651982	-0.0342757111	-0.021727284	-0.03503181055	-0.1724016234	-0.0004687242802	0.0241105505	0.005897005977	0.02661268114	0.02545752293	0.01259941009	0.03916781896	-0.002488987094	0.03257129677	-0.02578968565	0.02418390547	0.04552441045	-0.03847377354	0.03951191478	0.02090284252	0.004285959165	0.03422333187	0.04300569354	0.02858804484	0.1241179636	-0.0181818923	0.06014088476	0.01159552163	0.0827559384	0.04302856411	0.01347554579	0.01200271135	-0.03181767628	-0.00641934529	-0.0714014745	-0.08819096227	-0.04027512253	-0.01955694128	-0.04152927303	0.0534298629	-0.04074781202	-0.008669279749	0.06625233676	0.03538918779	-0.0580077613	-0.02766929245	-0.07490843579	-0.02778637248	-0.02988752226	-0.09275895674	-0.02860120548	0.0596420277	-0.0230275499	0.006868052818	-0.02251848404	0.05913971048	0.04450828107	0.02834686457	-0.04688619289	-0.0221174321	0.03476699631	0.01249059535	-0.0228001991	0.006303743902	-0.01021933025	0.01648794674	0.06768734971	0.02062778485	0.03828384312	0.04329788077	0.01566479639	-0.0207380018	-0.02519767853	0.03403947447	0.01885002175	0.07402468682	0.01919451577	0.05486735412	-0.005541330055	-0.01273738901	0.01682280252	0.07167871537	0.0674730277	0.06263679273	0.09102461057	-0.02564968382	0.02665071857	0.00258051151	0.09296559719	0.03710118966	0.08971452074	0.0378057573	-0.03475412216	-0.002248758725	0.03306046363	-0.004961324266	0.1041375979	-0.1153915235	-0.08895969421	0.01799209153	-0.006866388803	0.238016609	0.01343601415	-0.06922463951	0.006582503159	0.03603688013	-0.1159833375	0.04945386915	0.001982826952
0.05930420573	0.0550519622	0.0571237447	0.02853842775	0.05489129469	0.02007327814	0.05741495772	0.04094149967	0.05059664862	-0.1351095654	-0.1314919366	-0.1332829271	-0.131976834	-0.1440505163	-0.1375210039	-0.1225640144	-0.1271413842	-0.1416413305	-0.1491879888	-0.1189806529	-0.0144803837	-0.02090167276	-0.1607456388	-0.03198761229	-0.03209109172	-0.148944597	-0.1437659236	-0.1331213167	-0.1419864171	-0.02849475661	-0.1407983889	0.02380213505	-0.02239985208	-0.1190338142	0.01254571177	-0.1408694294	0.06263789415	0.05601700008	0.05518892915	0.04526814445	0.04708643586	0.01928583052	-0.1256156899	-0.0628420646	-0.1414267827	0.007894862302	0.004158113922	0.0170876517	-0.03817916483	0.009391144266	-0.019506833	-0.01760614637	-0.1322617127	-0.1367519423	-0.1294318958	-0.03421447636	-0.03177690324	-0.01205470142	-0.1566129589	-0.1382633359	-0.1215884439	-0.02358163992	-0.1302179443	0.004217560555	-0.002761084082	-0.03079113268	0.04853416759	-0.01084831622	0.0712829502	0.06281296707	0.03662122163	0.03829414982	0.03636894788	0.0455899456	0.1009275334	0.03469594821	0.050152532	0.02450633805	0.08603080506	0.05929024119	-0.03726429319	-0.028306216	0.01623124348	0.04248474015	0.006596023061	0.01139381961	0.04027771182	-0.02706740798	-0.01208240947	-0.03856754318	-0.006996163831	-0.006378797993	0.05541874622	0.07975192427	-0.03799144016	0.002287177954	-0.01582228114	-0.01316406436	0.07742827007	0.03971682849	-0.009816142619	0.03448723687	0.0193763844	0.04768310676	0.06249682544	-0.03323018014	-0.0008995514514	0.09207413441	0.08098191306	0.0153736465	0.01948374008	0.03371631333	0.3456614516	0.006869437243	0.02555698381	0.07477992322	-0.0193190934	0.02196527034	0.0778699615	-0.02786969055	-0.004976135243	0.04510423846	0.02243341586	-0.0319634491	0.009674230603	0.08883174731	-0.124198579	0.04082380817	0.001289402493	0.01092369004	-0.01315123955	-0.01722101411	0.01677664398	0.01915257972	0.06840770228	0.03170188284	0.008710361798	-0.01764428243	0.0183126283	0.05340688199	0.03473951265	0.03224847518	-0.03549395396	0.0733740475	0.08104694084	0.07282873096	0.05732102822	-0.03045699013	0.03646163394	-0.03156741279	0.09435955719	0.003978943173	-0.02627327421	-0.02300651216	-0.01929315225	0.003121502337	-0.04800234595	-0.05269808726	-0.01055634686	-0.01412892758	-0.02331760073	0.01747599567	-0.02233037855	0.04480313608	0.1248332328	-0.00372669872	-0.05518378558	-0.003688042886	-0.06633436956	-0.02659325361	-0.009174662068	-0.05275021306	-0.005302355096	0.02701466443	0.02639008377	0.008950497572	-0.001260046318	0.02586384836	0.07277314743	0.01430352364	-0.0295088668	-0.0004476946475	0.08886321037	0.06334320441	0.04731061083	0.05031534085	-0.001588953947	0.04932425205	0.08448836484	0.05331540752	-0.0002957693128	0.06775402011	0.03666714511	0.01799623586	0.06642460378	0.0266352931	0.04249995529	0.05230154525	-0.004633237727	0.09476961883	0.0653218389	0.07603336705	0.01337915586	0.09120219641	0.01312138222	0.107476181	0.01462560322	0.009192794479	0.05729955361	-0.01150006631	-0.001303230355	0.07681197135	0.04338588934	0.008147419091	-0.04569928628	0.01928143959	-0.02300239353	-0.02077707908	-0.01585721325	-0.1486405483	-0.1234662626	0.07116688827	0.03102153438	0.07304751912	0.07363573538	-0.00282278232	0.03370233813	-0.004668454328	-0.1616477623	0.03533239672	0.07361048111
0.1002659275	-0.04805158863	0.02571726347	0.03039609581	-0.05172276881	-0.02835886415	-0.005902829287	0.0009030475957	0.03626628695	-0.1648295574	-0.1623380717	-0.1661722251	-0.153463223	-0.1595354888	-0.1721697996	-0.1528736207	-0.162365422	-0.162840125	-0.1655806027	-0.1500591227	-0.06590202512	-0.06502776364	-0.1584021876	-0.02385155233	-0.02686365884	-0.1635849857	-0.1638046211	-0.1597303798	-0.1632059782	-0.0263275465	-0.1616113575	-0.0733153775	-0.06327961255	-0.1163447137	-0.08115857301	-0.1640045242	0.01512393238	0.006848862828	0.005920437029	-0.03432248557	-0.07439122527	-0.01948177717	-0.1725025729	-0.03578392118	-0.1682155212	-0.02207877934	-0.03359495336	-0.06449424011	-0.01061865008	-0.0692788304	-0.00776212719	-0.0368046892	-0.1665649342	-0.1643943331	-0.1568146452	-0.02930272269	-0.02569058171	-0.05115266697	-0.1762000509	-0.1705589305	-0.1638581538	-0.02050805596	-0.160808154	-0.02903818017	-0.03821641261	-0.02189062302	-0.01188485632	-0.05210770362	-0.004349573874	0.001941229713	0.03279276672	0.03544809205	0.03554303877	-0.002887899681	0.01975898671	0.1619880285	0.02357764651	0.03616755894	0.07067903468	-0.003065310317	0.06283781276	0.08754410932	0.1161634614	-0.002999654951	0.1245758345	0.1242848618	0.08055141976	0.05840608338	0.07980695564	0.0242738458	0.145513307	0.0760076195	0.02515809363	0.03306011069	0.066809631	0.07077257929	0.1011571643	0.1050847436	0.0667897699	-0.003785467605	0.07683298495	0.03943686347	0.009080080869	0.008067693006	0.0258957431	0.06011921392	0.127272098	0.03028019592	-0.009259091359	0.06224858507	0.06442993522	-0.02266890906	0.006869437243	0.3481087991	0.1879315133	0.03633263403	0.1044582201	0.1198688375	0.07074859614	0.0753643807	0.1070830299	0.03914571759	0.02053303621	-0.01064757589	0.04436226141	0.006782853924	-0.1688081172	0.002433090879	0.1165911516	0.06368809949	0.1130861367	0.1058357954	0.07651053929	0.1823256306	-0.01415086022	-0.001242005322	-0.07547454689	0.1029904525	0.128359764	0.02249771767	0.03651227867	0.1385497847	0.1486153509	0.04443919991	0.07042725863	0.07598669029	0.009473620621	0.1861751738	0.02918575568	0.1295981445	0.01535149854	-0.01273720084	0.001632196535	-0.00597416676	0.02669329349	-0.02594387805	0.008324706299	0.01153178024	0.02639567933	0.01125417027	-0.01769970223	0.03198737003	-0.04520889373	0.1345444498	0.04282298319	0.08136027849	-0.04247379653	-0.075894871	-0.08078165446	-0.06990758045	-0.06319098445	-0.04729973496	-0.00608410104	0.04541271629	-0.01648006149	0.01814314151	-0.08669083832	0.01431044998	-0.008218791262	0.1186479009	0.05622915051	0.2035909753	-0.02593414164	0.01438763157	0.0104523064	0.06817187241	0.107587667	0.07405081313	0.05089555565	0.1713672312	0.116518189	0.04644618691	-0.03056674322	-0.04611204982	-0.01568201089	-0.01978881612	-0.04120639712	0.01676912078	-0.04751386149	0.01663574243	0.00925751492	-0.02306982425	0.0686273799	0.03625466954	-0.02049662336	-0.001623040542	-0.04801219011	0.0008269717828	-0.02091753219	-0.04656353162	-0.06422398443	0.03962459608	0.03081276936	0.05209170207	0.01388205077	0.04467107491	0.08777598077	0.07616994276	-0.08442869152	-0.1522007678	-0.1169705466	-0.008142267683	0.01694892041	-0.02153938261	0.1556467976	-0.03082396095	0.05352963273	-0.02048461643	-0.1592805602	-0.01122667043	-0.01857262324
0.1281844364	-0.01150621126	0.04681320254	0.03590142038	-0.01584353575	-0.04977827678	0.01868927151	0.03905201321	0.02533289158	-0.1722704774	-0.1691286034	-0.1733084392	-0.1628973008	-0.1699226473	-0.1871933459	-0.1602197838	-0.1715977021	-0.1730373348	-0.176288027	-0.1578858989	-0.06055878476	-0.05720149481	-0.1674310015	-0.06422339028	-0.06303222604	-0.1744405143	-0.1739119758	-0.1764909288	-0.1761882635	-0.06387146103	-0.1676144367	-0.07008286092	-0.05164031608	-0.1348128284	-0.06405325284	-0.1725793416	0.04344116425	0.04089756103	0.04474062656	-0.02795572025	-0.06551712571	0.007339807729	-0.1802612079	-0.06947059991	-0.1836795078	-0.02055037133	-0.06263500074	-0.031019403	-0.04678683989	-0.072214507	-0.0560433455	-0.03579428718	-0.1809707476	-0.173148688	-0.1708094411	-0.06741742032	-0.06504568897	-0.05414607342	-0.1864028939	-0.183929849	-0.1741854587	-0.03965040666	-0.1754677309	-0.04154333363	-0.05590563554	-0.04003754016	-0.01482436919	-0.03890564546	0.01410338785	0.03793419912	0.08580351233	0.05427338313	0.05494178705	0.01482706673	0.03550388313	0.1498596883	0.02712936275	0.003887200727	0.09233147867	0.04212007476	0.1280491823	0.09584512074	0.2000632792	-0.00965962336	0.06835626104	0.2067159601	0.07488511752	0.001352334458	0.08299956595	-0.05155040697	0.1787345964	0.06128338805	-0.03429138161	0.05083250759	0.008232162201	0.04483857278	0.007683712398	0.1795009767	0.0852346927	0.00146082366	0.1305643932	0.08320096309	0.03925116668	-0.0120886566	0.02564033464	0.1257796482	0.05405089761	0.04530391465	0.01891534434	0.03389364864	0.1718692691	0.0003157567423	0.02555698381	0.1879315133	0.3196574177	0.06526638747	0.04838823378	0.1333329784	0.07483878265	0.00266471493	0.06874576718	0.0244097406	-0.04790317763	-0.06780718553	-0.0056800772	0.02769199162	-0.1758337112	0.02835166893	0.04968705446	0.06363794677	0.1859036611	0.01532735544	0.1913138677	0.2131501965	0.02243272207	0.02262923844	-0.03806347698	0.006129189448	0.04075826822	0.03145753666	0.02067830324	0.109490769	0.146041421	0.05613388393	0.07277872812	0.07558172916	0.03543606658	0.09019825018	0.01404854282	0.1283942746	-0.001585273763	-0.05283212986	-0.008531271806	-0.03544126744	-0.02750753309	-0.03410257095	-0.04910010584	-0.06752898719	-0.03778535813	-0.01728862222	-0.02694107104	0.03709292473	-0.04040575703	0.223351514	0.07636973026	0.09230850243	-0.07444766508	-0.03709570185	-0.1053583464	-0.05620610983	-0.05614885452	-0.09522914742	0.06298574654	0.07003853614	-0.002724722248	-0.01481392612	-0.05021948488	0.01611282161	0.026353548	0.1080803377	-0.01449383042	0.1038646913	0.01550458172	0.02481582397	0.01197109323	0.06022945503	0.06918386402	0.09599182843	0.06140567254	0.1714308438	0.1149728566	0.08586698929	0.01689527746	0.001254210958	0.03199163093	0.02419696958	-0.01091032892	-0.0006803802137	-0.0299033823	0.03702100795	0.00407520028	-0.01045798343	0.006095768865	0.05162180865	-0.0002063304951	-0.01519380571	-0.01645020585	-0.0305456699	-0.004601420259	-0.04264696921	-0.08899434489	0.05199110817	0.05467005095	0.07774316828	0.09361308131	0.04474327932	0.1634588479	0.1286548128	-0.07085817537	-0.1595928702	-0.1302574151	0.0451688321	0.0120005979	0.02669553919	0.1426271567	-0.04504306515	0.05910093007	-0.01257572939	-0.1648863083	0.03246799541	0.005774487114
0.0895259106	0.01699681993	0.02114566319	0.0621166659	0.0235763745	0.004967342665	0.01630563865	0.01686696831	0.01442040379	-0.1938300284	-0.189818933	-0.1931747674	-0.1805381252	-0.1732310413	-0.1821289764	-0.180763147	-0.190632487	-0.1897371612	-0.1482577204	-0.1813903379	-0.03500099707	-0.002027158727	-0.1515498903	-0.02124675412	-0.02930876301	-0.1818661071	-0.1810357804	-0.1749443767	-0.1785575259	-0.01312403532	-0.1715122444	0.0001282782395	-0.01985077942	-0.1156915474	-0.01555049973	-0.1777840151	0.006567266587	-0.007875522573	0.01128844554	-0.01925072439	-0.002890811796	-0.006924255703	-0.1777782206	-0.03974264096	-0.1838833137	-0.0206032479	-0.03645110193	-0.0320715423	0.004607545359	-0.01847874677	-0.02580136377	-1.374837711e-05	-0.1905027052	-0.1733040916	-0.166821843	-0.024962397	-0.02070126348	-0.005491422255	-0.1845976348	-0.1944172109	-0.1719350778	-0.03524607384	-0.1763735939	-0.003478426072	-0.01182748912	-0.009004378775	0.03607722043	-0.03338706289	0.02521172756	0.03480007361	0.06748719525	0.04783141486	0.04747027173	0.06677969936	0.02851713644	0.06990128439	0.05403244969	0.0729468577	0.04378326162	0.00257851198	0.01389961902	-0.01486354727	0.03945962763	0.05255675668	-0.02299036015	0.08390617666	0.03898780771	-0.01898321187	0.01027141883	0.002250422481	0.04268494331	0.01928129844	0.1023440883	0.0431152884	0.02818976698	0.02792214776	0.04701246614	0.0542415387	0.02006662252	0.1230063034	0.0127602413	0.02237717372	-0.007416726748	0.08991559248	0.04128132523	0.03561102074	0.04740551225	0.09866828774	0.02997627433	-0.02052849226	0.06241845489	-0.008699972402	0.07477992322	0.03633263403	0.06526638747	0.3416689953	0.000922916638	0.006278681555	0.02090316572	0.01277399283	0.01196918597	0.04162132039	0.04536328069	-0.00410118129	0.04085770427	0.07399245766	-0.1742135128	0.0332723563	0.05606420662	0.05793829914	0.05170925168	0.03424946759	0.04892123121	0.05309074452	0.1011120851	0.09397396972	0.02953719248	0.04535119167	0.04836377136	0.05056815449	-0.02210487507	0.04053154148	-0.005460617502	0.02325145008	0.02155766351	0.01604879786	0.02761780467	-0.01158019421	0.002819996884	0.003756887281	0.08531644075	0.008338218858	-0.0008404586432	0.008641734512	0.003647213006	-0.01523119862	-0.01514926674	-0.04100226524	-0.00189793169	0.025834127	-0.03229004124	0.04169848842	0.01280290742	0.06394314718	0.06722392846	0.02096023289	0.001024446921	0.05042360146	0.002996673578	0.04075106406	0.04773949123	-0.0303759639	0.02587653316	-0.0121241366	-0.02279551944	0.0802027676	0.05645275246	0.06226672363	0.05487744099	-0.002157129376	0.007271826144	0.0523431753	0.06635040364	0.09448724868	0.05525069297	0.02140695094	-0.003142377461	0.02776106062	0.05294467594	0.06982509333	0.05274262043	0.110730747	0.06051751399	0.04888362717	0.1243295918	0.06104232117	0.02186114846	-0.0158382108	0.002545582981	0.04492647191	0.03782530204	0.07075749535	0.02482955673	0.0515189546	-0.0004969599149	0.0666201912	-0.01251369216	-0.02154938318	0.02190591079	0.02169031726	-0.01778941608	0.04752714037	0.009647715973	0.006492280296	0.05883816264	0.06671858976	0.06464003156	0.03354278107	-0.01230700928	-0.1644920996	-0.1261069073	0.1022624077	0.05731023809	0.01252112783	0.07152395735	-0.03169178216	0.08002642285	0.04008001382	-0.1622982004	0.02303367069	0.105843486
0.02429944374	-0.01506749695	0.0008507645403	0.06140585973	-0.01841565896	0.01386011039	-0.03259291579	-0.008702237428	0.06032895058	-0.1691199115	-0.1662456563	-0.1714262952	-0.1590133378	-0.1727791926	-0.1762195434	-0.1580821775	-0.1712587696	-0.1691702046	-0.1787782766	-0.1595168138	-0.05364380072	-0.04569782589	-0.1631346759	-0.03080745021	-0.02977428726	-0.1654928188	-0.1691439018	-0.1777507825	-0.174224886	-0.03435620825	-0.1631886282	-0.06006699415	-0.04969095943	-0.1246251075	-0.0624635859	-0.1675657225	-0.02243380985	-0.000968388067	0.003261181044	-0.01773349755	-0.02289539623	-0.004014623283	-0.1751136842	-0.03752397183	-0.1772423052	-0.02410990189	-0.05219889122	-0.03477447975	-0.01854771453	-0.04997224147	-0.03122436892	-0.03535664642	-0.17872161	-0.1738877681	-0.1627465747	-0.04232112094	-0.03808111967	-0.04150336569	-0.1786853565	-0.1785165505	-0.1625238275	-0.01614804916	-0.1713398274	-0.009752905106	-0.02795263947	-0.03553791291	-0.01555118784	-0.01574000909	-0.001270767529	-0.01591234229	0.04429509018	0.03991704445	0.03535357658	0.01452539446	-0.003028035442	0.03810479269	0.03400123341	0.005178584744	0.000850810428	0.02903221468	0.02131855092	0.1116818016	0.02557582695	0.04123325909	0.2126585401	0.01600964483	0.02635719448	0.1288849836	0.09061278197	0.07889006246	0.002214021727	0.1673311159	0.04946618344	0.0290844824	0.107369881	0.1639815231	0.1559739377	0.03850959339	0.03271565727	0.04517591192	0.06915036681	0.04551986379	-0.002101046996	0.03560310376	-0.00416857959	0.07894222414	0.1322124284	0.01656841105	-0.02666094434	0.1047022781	0.05663081623	-0.001001668395	-0.0193190934	0.1044582201	0.04838823378	0.000922916638	0.353444039	0.07359647288	0.02397665137	0.1444274048	0.1088135548	0.03837357161	0.03764983669	-0.004703064783	0.03076582426	-0.04737547352	-0.1717765904	-0.008585881774	0.1249263971	0.09586132577	0.03347394757	0.1149975308	0.04664698021	0.05289962835	-0.01404610522	0.08140540298	0.03848874038	0.1624593948	0.06005100315	-0.003921274082	0.02567349886	0.04535240962	0.1959297188	0.03101939645	0.01535634674	0.02109448032	0.008505281093	0.1477117347	0.0127855446	0.1767315138	-0.04066311786	-0.01611115698	0.06323342158	-0.004503158396	0.07266880948	-0.04419050377	0.03536075969	0.03445335944	0.05781200212	0.03162252464	0.01699836843	0.04409986044	-0.02895974391	0.009009402059	0.0006584267454	0.1193739095	-0.01231897497	0.005711195821	0.02454254586	0.02143738927	0.02078438663	0.01813605687	0.01712478538	0.05928903155	-0.01753655678	0.0637313684	0.01459363664	0.03391199527	-0.01766991411	0.152261696	0.1559928926	0.10417879	0.00384386608	0.03376284892	0.1118686749	0.08018667382	0.1761152203	0.07391904955	0.008096327197	0.0331824553	0.01020705847	0.01316052517	-0.02586275241	-0.009380551585	-0.03402479401	-0.01592876638	-0.06162653006	0.005064989441	-0.03801958278	-0.02226738242	-0.02337441382	-0.0584389421	0.08843812388	-0.01860565084	-0.01223763899	0.04037507467	-0.03543378455	-0.0149074186	-0.01327920118	-0.05150678578	-0.03517419979	0.01930808452	0.01645581628	0.01851825342	0.04767255715	0.102833472	0.0961497943	0.103028694	-0.05776671674	-0.1646881454	-0.1231519567	0.004628646043	0.01654357978	-0.008465844861	0.03658596093	-0.04612175783	0.01813706539	-0.008042213913	-0.1620631115	0.02889189836	-0.01245981916
0.05072548101	0.0032943575	0.04511015014	0.04728781027	-0.01350304057	0.07067004991	0.03577204209	0.02373017904	0.04584695508	-0.1696387016	-0.1687550027	-0.1722420042	-0.1640005617	-0.1752895982	-0.1802779986	-0.1580910535	-0.1686013298	-0.1653652305	-0.1658535124	-0.1552557954	-0.04800713839	-0.05120255851	-0.1714852135	-0.05738038875	-0.05612969757	-0.1724744992	-0.1670321117	-0.170718604	-0.1754611619	-0.0636305789	-0.1732781279	-0.05356694204	-0.03049388863	-0.1216163186	-0.05971599076	-0.1638847572	0.04222369191	0.03263480773	0.0352482944	-0.03133499124	-0.05324123398	-0.0002856935318	-0.1708278171	-0.03746093525	-0.1670412265	0.0002831408772	-0.04648688542	-0.005926456659	-0.04968770184	-0.05177880833	-0.03663846405	-0.0444349958	-0.1675237508	-0.1736316648	-0.1685685676	-0.06364968278	-0.0575678917	-0.03713634562	-0.1769654747	-0.161994386	-0.1597533675	-0.007544000293	-0.1753255965	-0.04953369289	-0.06001361695	-0.044634685	0.0001732203081	-0.03043152143	0.02393225433	0.02807455222	0.08961767223	0.02956274665	0.03083748193	0.03216078996	0.03383725422	0.09875061947	0.03570058482	-0.012219627	0.1355822248	0.03764520796	0.029101929	0.064579812	0.07439353968	0.009109635188	0.09636166195	0.1110536691	0.1338824773	0.02286119252	0.06255451653	-0.0675498468	0.1064772047	0.0597087511	-0.04185482766	0.04695483257	0.0147506118	0.02808740204	-0.00252204141	0.06995441705	0.08745528617	0.01115634805	0.05585193355	0.09995866055	0.05326940275	-0.02428204504	0.03432903672	0.04170529231	0.04477385012	0.05113553545	0.03136674624	0.1435994433	0.09062596056	-0.01313870803	0.02196527034	0.1198688375	0.1333329784	0.006278681555	0.07359647288	0.3761063587	0.1656112786	-0.004522271267	0.05879548484	0.1197648695	0.006439032809	-0.01799826637	-0.01042589196	0.03238867118	-0.1681355121	0.1461706646	0.02913658391	0.04476544176	0.06365457934	0.02248992933	0.07269965256	0.09032282333	-0.00252891268	0.07673105411	-0.005954061503	0.003666068774	0.04361994163	0.06726415411	0.04549853888	0.1147251529	0.08394843349	0.1355735368	0.1708284407	0.178454772	0.038366358	0.07769688248	0.02960627782	0.06639805702	-0.01332834051	-0.03525756803	-0.01439638837	-0.03149386878	-0.04040348565	-0.02973811519	-0.04558395504	-0.03084099679	0.02662758349	-0.01601077145	-0.0156211317	0.02279390222	-0.02401198638	0.1339479261	0.05613996397	0.1014276668	-0.08383907649	-0.02831938393	-0.1073738125	-0.06793381136	-0.04212207798	-0.05735057741	-0.04101372025	0.04594940199	-0.02628261554	-0.02464582246	-0.04360984571	-0.006598558165	0.07752502862	0.1002791693	-0.02496986342	0.09483046435	0.01615414139	0.02548251884	0.02252099494	0.09608301186	0.09909335602	0.1028548399	0.1480182363	0.1191175245	0.05098680535	0.06254111231	-0.003851889991	-0.02037879791	0.01445175624	0.02966425604	-0.01020963125	-0.004117458557	-0.05882133964	0.04291523019	0.004373698095	-0.007197288253	0.07065486291	0.04563839893	0.008247329711	-0.004663756803	-0.01146848877	0.0003990657816	0.00753149515	-0.04496578873	-0.05606402531	0.1524676477	0.05810650634	0.1312715351	-0.009108859737	0.08701552198	0.0502711847	0.05792002437	-0.06297395843	-0.1555887087	-0.1227463289	0.03349228939	0.02118682125	0.01426097414	0.1109186192	-0.04056382677	0.02653578345	-0.01515704721	-0.1665313442	0.06534813356	0.004086805576
0.08781600374	0.04182355189	0.1058586828	0.03188604477	0.01132157124	0.03224863132	0.01194702365	0.04012853714	0.03953192332	-0.158885448	-0.1562678299	-0.1617245853	-0.1505880917	-0.1781144026	-0.1792510451	-0.147793452	-0.1578356905	-0.1767725713	-0.1775726544	-0.1433963997	-0.05529957604	-0.06183022617	-0.1745749127	-0.04798577609	-0.04934119141	-0.1850652451	-0.1754923926	-0.1797095022	-0.1792187892	-0.04108885073	-0.1783773263	-0.07540707043	-0.03956738039	-0.1194025121	-0.0788777876	-0.1777568611	0.09401080455	0.05058215338	0.07649586486	-0.01359870818	-0.04251523177	0.03163472396	-0.1818075992	-0.03202103641	-0.1799161985	0.03074357492	-0.07821502417	0.006926710021	-0.03972697684	-0.05392448642	-0.04365214434	-0.0397385567	-0.1802946305	-0.1723325719	-0.1685721225	-0.04027256725	-0.03378725738	-0.05634978357	-0.1763485871	-0.1587411643	-0.1625887426	-0.02240029104	-0.1746687802	-0.05354457796	-0.05866427093	-0.03922383341	0.04053133485	0.01309336323	0.06449072506	0.08053702635	0.03305533395	0.04878802252	0.0472990995	0.02675887161	0.06723783418	0.09009450337	0.01695202535	-0.01355149058	0.1925309556	0.08133136043	0.01262799593	0.01743214071	0.07568852411	0.002048755859	0.0604219245	0.07607094717	0.08015960562	0.0120578949	0.02416428526	-0.05193732228	0.1145802898	0.02344049707	-0.06173583219	0.09315142366	-0.0134473898	-0.004004140852	-0.0220037561	0.03409901596	0.1299535117	-0.01756356009	0.04074926284	0.05755527987	0.06916380459	-0.008046432821	0.02513520517	-0.01540373284	0.03608147975	0.1042521801	0.05357251841	0.1396054568	0.05363311046	0.0251876345	0.0778699615	0.07074859614	0.07483878265	0.02090316572	0.02397665137	0.1656112786	0.3675314821	-0.02388179295	0.02355684253	0.09708508431	0.06465338035	-0.03161732859	-0.01990443766	0.04607254963	-0.1785814736	0.1228689114	0.02743960912	0.01293772666	0.03163175921	-0.02489803876	0.02066292378	0.07548992918	0.01650879581	0.01129892266	-0.03644724142	-0.02033198542	0.07372326566	0.05423907493	0.0773632008	0.1422559657	0.03386951234	0.181234823	0.2814871323	0.3345212364	0.08043833869	0.04952385322	0.05573933038	0.03322455867	0.05000156826	-0.03426003157	0.008755825443	-0.02690715943	-0.05751868128	-0.02508649712	-0.06526200594	-0.05721911885	-0.01957842144	-0.0362053025	-0.01890761871	0.004481126314	-0.01262165896	0.08445922442	0.09784325177	0.01828865769	-0.05056814536	-0.04364358827	-0.130258905	-0.07955213906	-0.06036479345	-0.06153012674	-0.0523449546	0.04982895903	-0.00183035854	-0.01492584054	-0.05208277758	-0.003657162294	0.1185397482	0.09334232177	-0.02909068749	0.07554277892	0.03500489545	0.03959536412	0.01325976595	0.04599262424	0.014709941	0.08174266566	0.1707459476	0.1056347509	0.06205474031	0.0690065056	0.003880031091	-0.003815693868	0.0314877785	0.02758604634	0.01458034491	0.02850334874	-0.04080124122	0.08791650965	0.02867365258	0.008484302923	0.03484274931	0.1360813812	-4.623032548e-06	0.02304716302	0.02268055968	-0.02272086024	-0.008093297445	-0.04307074795	-0.04146038454	0.1688127053	0.07509104171	0.1507201602	-0.03019331782	0.04073968291	0.00738643725	0.01484010777	-0.05858011892	-0.1585897672	-0.1135803484	0.04609323919	0.02217197356	0.03584314373	0.100268122	-0.05004193783	0.008524741536	-0.02229495591	-0.1569517459	0.04278695402	0.03140519797
0.005466164816	-0.05594351713	-0.009557951448	0.04737301845	0.00307504044	-0.000773240199	-0.01963573221	-0.02279830253	0.07882611627	-0.1399853528	-0.1386753316	-0.1412780518	-0.1317211315	-0.1562061457	-0.1521664682	-0.1444379078	-0.1412914377	-0.1400930423	-0.1592169577	-0.1442250082	-0.05363429873	-0.06493066019	-0.1470669277	-0.03087286472	-0.0319704056	-0.1451854601	-0.1459357369	-0.1634760999	-0.1548058589	-0.04286801005	-0.1458833817	-0.0573933898	-0.07193704399	-0.1031978301	-0.06996404541	-0.1490123577	-0.02140745866	0.005148007294	-0.02104538199	-0.01831083401	-0.0379180783	-0.005000182172	-0.1530729362	-0.02550134156	-0.158172399	-0.02788128598	-0.05490478141	-0.07609308887	-0.02685570225	-0.05421212366	-0.02078128552	-0.02531247398	-0.1600160302	-0.1479029195	-0.1439936139	-0.04090341614	-0.03764869564	-0.05241884721	-0.1574320168	-0.1474982422	-0.1390711971	0.0110778091	-0.1535247069	-0.02488886239	-0.0366293496	-0.02597404479	-0.04784046039	-0.06045639249	-0.04187153153	-0.00190093625	0.02074246123	0.07219297461	0.06850502367	0.02991052837	0.0564199081	0.01396137516	0.02352992765	0.04944989514	0.001834069791	-0.00312792709	0.03857018268	0.0973493508	0.01977066884	0.09647535867	0.08986711738	0.01775686964	0.007749289677	0.2356300379	0.1259492601	0.0869034468	-0.01544947539	0.1242704563	0.09947963517	-0.01113752751	0.2481330703	0.166304099	0.304625708	0.06904039296	0.03585732364	0.02269452406	0.1047571563	0.01552424092	-0.01766910914	0.04433607286	0.01524773149	0.04709792253	0.1083451549	-0.05463396415	-0.05796471295	0.05227721757	0.01756007803	0.01885241383	-0.02786969055	0.0753643807	0.00266471493	0.01277399283	0.1444274048	-0.004522271267	-0.02388179295	0.3855868497	0.1408357591	0.001057065215	-0.02616581792	0.008050410808	-0.01960454608	-0.06264471958	-0.149890281	-0.004278611542	0.1142340216	0.04562406194	0.06007981746	0.2235844968	0.05272986647	0.04755585379	0.002948324822	0.08448049392	0.05574003955	0.3077341234	0.1111189447	0.02744746151	-0.01690713194	0.0259149086	0.1279824045	0.01632797799	-0.01360351407	-0.02719968246	-0.01814897647	0.1367730616	0.0005853031159	0.1373119853	-0.002086644073	-0.007882928997	0.03217482114	0.009980781036	0.02530670774	-0.03376565897	-0.02746935235	-0.01404849882	0.005819791032	0.01258006558	0.01603142233	0.001388824459	-0.04875113282	0.01988563746	0.01640208273	0.06928105075	0.01455898933	0.03912974586	0.0533454498	0.07772658885	0.04553194352	0.03632496147	0.004199571854	0.02358840711	-0.01884564883	0.0731522984	0.06087818277	0.07614879211	0.02040709686	0.05414079468	0.1310139021	0.05168772266	0.02387011111	0.04884232665	0.02678229894	0.03600363369	0.08377259294	0.02238454491	0.001223994802	-0.006913634377	0.02795949138	0.03461439043	-0.02073544468	-0.02465655376	-0.01108741744	0.02951241265	-0.0357618354	0.0212015945	-0.0003715408457	0.04962818414	0.01871361833	0.01386473172	0.1079836333	0.04332979758	-0.03613587657	0.01715107425	-0.07018146178	-0.01498705614	-0.02398090484	-0.02645748513	-0.03839966536	0.002466948727	-0.03925647565	0.02138225941	0.02091968547	0.08926201189	0.09287418702	0.05611635349	-0.07551738497	-0.1457327417	-0.1005382229	-0.04720155334	-0.02567484737	-0.002807384674	0.02176646278	-0.05169399506	0.0283935794	-0.007547976702	-0.1397499512	0.02685102078	-0.008907804125
0.07178516446	-0.04444730623	0.02116259454	0.05682413649	-0.005341438682	0.02613906445	-0.0005317691547	-0.001379950615	0.04414119917	-0.1758624272	-0.1725952809	-0.177418651	-0.1655982653	-0.1791347811	-0.180950144	-0.1643249636	-0.174852268	-0.1753387321	-0.1671390034	-0.1622895693	-0.03020592783	-0.04454823252	-0.1596568354	-0.04092444858	-0.04738340065	-0.1773959686	-0.1743610869	-0.1837923982	-0.1811717272	-0.05067522886	-0.1768572466	-0.06601960321	-0.07368837818	-0.1226579411	-0.06082762459	-0.1752655058	0.005090683058	0.007945698531	-0.006564504688	-0.01048592884	-0.04484078667	0.02051217117	-0.1889395821	-0.04536784516	-0.1817566348	-0.01318985769	-0.04818812907	-0.0657240745	-0.0247549004	-0.03211580389	-0.0386361627	-0.05908087199	-0.1836127773	-0.1758908076	-0.1646338784	-0.05232994148	-0.04771763163	-0.04630018341	-0.1885878021	-0.1798284374	-0.1761148864	0.0007248025582	-0.1812510845	-0.03562366008	-0.04316149453	-0.06769314689	-0.0619733732	-0.06848145506	-0.02973712513	0.003910301005	-0.006965298492	0.05439420535	0.05259032882	0.05887921772	0.009350337941	0.1001093784	-0.03153768758	0.009936217551	0.01863248462	-0.004131811724	0.1072309216	0.06283227994	0.1427596467	0.01807136424	0.1239355182	0.1101830911	0.03712396644	0.1344105422	0.2949262058	0.0293298898	0.07587619675	0.173161117	0.03045423514	0.01818529528	0.1145895867	0.1950300274	0.1733248278	0.2037149605	0.04151585485	0.01172193555	0.254225549	0.00441469506	0.01033461384	-0.01476314716	0.02149131035	0.179930456	0.1113436806	-0.02286352323	-0.03688710723	0.07515940688	0.03698810811	0.03495394087	-0.004976135243	0.1070830299	0.06874576718	0.01196918597	0.1088135548	0.05879548484	0.02355684253	0.1408357591	0.3322449156	0.000157197687	-0.01361605181	-0.005411223185	-0.007355466155	-0.06159131421	-0.1850429886	0.01749178416	0.11562542	0.114006735	0.1983151684	0.2490629425	0.1392016348	0.136621943	-0.006175010513	0.09420597172	-0.01456357985	0.1761311256	0.1391147375	-0.01017983937	0.02266422527	0.06984369035	0.1049466117	0.006509437569	0.03575809612	0.01773710578	-0.01725739557	0.1219169198	0.05759781671	0.1138613657	0.02934994029	-0.03095838147	-0.04191290817	-0.0192020266	-0.02533868617	-0.06195899276	-0.05974268826	-0.03459143103	-0.02448606535	-0.0231245732	-0.04072395937	-0.009977300489	-0.02036773155	0.08386907396	0.0221036095	0.20158435	-0.02636899422	-0.03802105928	-0.033546071	-0.0254526298	-0.02798362241	-0.01721894985	-0.02379159987	0.006956246848	-0.03957868821	0.05946285283	-0.03282425503	0.02877281155	0.005423612898	0.0846409149	0.0761488211	0.1005487535	-0.01727507069	0.03095219604	0.006896110624	0.05176123992	0.09205507372	0.06872370826	0.05318014782	0.09579842736	0.1450171181	0.01333938981	-0.03902738785	-0.02853711346	-0.04615394446	0.01709069993	-0.0161591847	0.02480565447	-0.02423175118	0.03800897204	-0.01895293961	-0.0008491139033	0.1129457797	0.04735368895	-0.03414295266	0.05022819011	-0.05860697166	-0.01998358546	-0.009762821492	-0.04940052645	-0.02910379206	0.04521109567	-0.0243044456	0.06718923757	0.05066796979	0.08123793422	0.16204692	0.08546502318	-0.0670246924	-0.1522749812	-0.1282616839	-0.04989232828	0.02042612511	0.02011974684	0.07885193603	-0.05484313486	-0.005759876012	-0.03811465992	-0.1574517194	0.02541091711	-0.009984224932
-0.01127577012	0.05094758429	0.01157113045	0.02833400276	-0.04157760085	0.1297676087	-0.0204939077	-0.002338570601	0.04498479397	-0.1622126052	-0.1597488062	-0.1630815555	-0.1531694912	-0.1512579867	-0.1540765234	-0.1526832479	-0.1586420498	-0.1523136342	-0.1244110613	-0.1495316248	-0.008972439542	-0.01393846856	-0.144980401	0.000956325388	0.001964497262	-0.1589698011	-0.1540269974	-0.1447744963	-0.1508753621	-0.005250479211	-0.1543473276	0.0218676565	0.006217655406	-0.117705308	-0.01548035182	-0.1491230951	0.01408261783	0.009837931441	0.005469575223	-0.03587424935	-0.01847623903	-0.01975959233	-0.1355318999	-0.02314195057	-0.1483216153	-0.001615888765	-0.009510317553	0.05340401106	0.003246865906	-0.02142105106	-0.004785666799	-0.006135398941	-0.153718665	-0.1520039869	-0.1512346877	-0.007476534696	0.0002820681788	-0.007773781326	-0.1477148021	-0.149903026	-0.157239333	-0.02820320231	-0.1468412291	-0.01698300571	-0.02305731375	-0.01394320335	0.02893152954	0.008988860596	-0.01685363292	-0.002171069638	0.01673730245	0.05522826475	0.05708275408	-0.006959248274	0.03924545241	0.01985279345	0.2338970172	0.06339092268	0.1093704503	-0.009458367785	-0.01974162349	-0.01053999663	-0.0009703920987	0.1087188149	0.08159211855	-0.00130723022	0.04698064861	0.01159672214	-0.01609516883	0.009321006129	-0.004053053363	-0.02177639212	-0.002993856395	0.02177343941	-0.03588430524	0.006261801366	0.02252165573	-0.03484025949	0.03497434585	0.08997418877	-0.01277337697	0.0418218715	0.04565407185	0.05659865286	0.05464782458	-0.01320245696	-0.01359025899	0.09684834012	0.07795607627	0.04610650963	-0.002527648207	-0.026799541	0.04510423846	0.03914571759	0.0244097406	0.04162132039	0.03837357161	0.1197648695	0.09708508431	0.001057065215	0.000157197687	0.4071286719	0.09314836308	0.1168830186	0.09126912122	0.07497361952	-0.1336602275	0.08771081574	-0.02060493284	0.0123075578	-0.03531309971	0.008413736932	-0.04685296384	0.01320547566	0.03681551478	-0.002147513538	-0.01708900986	0.02406298147	0.02424023418	0.05840109397	0.05228166962	0.01474793357	0.002451333647	0.09873625495	0.06870764142	0.07663614386	-0.01952548081	0.06406807578	0.01213358323	-0.01562504875	0.01967046834	-0.02369071815	0.01193131506	0.01149628844	0.01006015135	0.0003457366408	0.05650625254	0.05990936726	0.06572715631	0.05307023202	-0.02151400522	0.07688354175	0.02778501555	0.008132694168	0.02893016842	0.0005824384133	-0.02156112766	-0.00855074355	-0.02525434079	-0.0367679881	-0.02092224437	0.003635071916	0.02832733632	0.05110433499	0.02146214968	0.03679405076	-0.0178206576	-0.02934633395	0.07077216113	0.1211738642	0.0354655873	0.03515680128	0.02375975861	0.04060982819	0.08203157355	0.09498356085	0.03253705658	-0.004868790334	0.07190902207	0.03207287218	-0.03951656719	0.01974612931	0.0632146573	0.06680553748	0.03860833523	0.02561396988	0.07135183159	-0.02306171027	0.04071985337	-0.001629846682	0.04764816266	0.02615965612	0.04718884929	-0.000216679257	-0.006888957373	0.05005810137	0.008836214192	-0.01591514756	-0.007577440007	-0.003799064635	-0.02545359524	0.07380843305	0.01535500623	0.03969214338	-0.001470207599	0.01723982933	-0.02973899149	-0.005003857599	-0.01913919645	-0.1426728584	-0.1276658857	0.1156983191	0.09974199816	-0.02073625252	0.0243580804	-0.004286375595	0.05319571697	-0.01567369258	-0.1447067781	0.0006420929411	0.07217363375
-0.03001324246	0.03946871497	0.01113023473	0.01054758386	-0.02190173763	0.06747211632	-0.008015319758	-0.04177940799	0.0257164779	-0.129024508	-0.1296325976	-0.1313251942	-0.1236431683	-0.117013894	-0.1258285102	-0.1208811402	-0.1258542928	-0.1302319371	-0.09884360106	-0.1188517749	-0.02744358281	-0.02259652553	-0.11881787	0.04565842728	0.04267778767	-0.1268711222	-0.1296423961	-0.1044455346	-0.1198065509	0.04331916012	-0.120879647	0.02969048583	-0.02188699642	-0.07075945763	-0.0290165042	-0.1225788079	-0.01496652586	-0.02790609821	-0.01361173446	-0.01546455671	-0.02372631109	-0.03489310062	-0.110718909	0.01193030356	-0.1184369053	-0.01647293958	-0.004329523785	0.01092545888	0.06517150842	-0.009498887917	0.03978950232	0.002003957232	-0.1253234082	-0.1189864553	-0.1034213029	0.04256859174	0.050925618	-0.01986138886	-0.1194816309	-0.1262873569	-0.1044504192	-0.01449520617	-0.1164276552	0.01387660426	-0.003001701097	0.02829847074	0.07153431705	0.02648648271	0.007623257727	-0.02831395413	-0.0165244325	-0.01801611557	-0.0198540376	-0.02130181796	-0.01892099181	-0.01435329162	0.01055326917	0.1199296641	0.0201870513	-0.0008427444204	-0.02972378702	-0.0180173861	-0.01676657597	0.01508056592	0.0141247901	-0.0412432565	-0.001332089539	0.004626885393	-0.03652288578	0.04684135502	-0.02500527377	0.01289008681	0.061939461	0.003073845454	-0.02035813027	0.006183395448	-0.003227265581	-0.05180736289	-0.007134854463	0.1394479915	-0.04268801503	-0.02877793884	-0.04026309512	0.1157839141	-0.02274056713	0.0005824013813	0.03289226967	0.08870442426	0.01872489421	0.086894589	-0.03476822019	-0.03295651982	0.02243341586	0.02053303621	-0.04790317763	0.04536328069	0.03764983669	0.006439032809	0.06465338035	-0.02616581792	-0.01361605181	0.09314836308	0.4641316464	0.153605213	0.2561680025	0.02457881529	-0.1090345011	0.08893157241	0.03084547327	0.0125403937	-0.0498479424	-0.01170463706	-0.05083322897	-0.02411020384	0.02774037592	-0.007258502928	0.01568613345	-0.001660244424	0.02265240872	-0.00935127351	0.01401675949	-0.009675338173	-0.04091976634	0.01552845752	0.05511465119	0.0691397064	0.002135295015	0.01541354163	-0.002738921715	-0.02911733738	0.02237739261	0.01243849482	0.08117813775	0.06537444983	0.08782246588	0.02404667775	0.09004880142	0.09916185422	0.09710885367	0.05681725579	0.006675131908	-0.0004889431698	0.02805836861	-0.04001993454	-0.02080099951	-0.02648063358	0.05284825411	0.03454101544	0.04793809256	0.03190941029	0.04140531544	0.06324140128	0.06591491845	0.05402616232	0.0524502692	0.1709600987	0.02874294543	0.04167528685	0.05767667336	0.02491043647	0.05422438318	0.03780710496	0.01597097973	0.08843559987	0.07569704594	-0.00601069236	0.01426481838	0.0005569882649	0.04397381542	-0.01448981777	-0.008297659489	-0.0001029353605	-0.00970905809	0.04614192687	-0.005950067865	-0.03490288263	0.006653411058	0.08540524903	0.06680745732	-0.05278576608	0.04769135128	-0.002423629976	0.08958734928	-0.0368958394	-0.003805894111	0.03682895106	-0.01986742949	-0.0256547729	-0.02561447426	0.00190616918	0.01377009287	0.04139216664	-0.008209926985	0.01043195401	-0.007079032566	0.0509877935	-0.05946473212	-0.01663419052	-0.03091314464	-0.1131849668	-0.0704790876	0.07356266018	0.1262143706	-0.04323246536	-0.007382238972	0.005282384706	0.02322963192	-0.0007480640022	-0.1120902563	-0.02214125482	0.02070915861
-0.09937008288	0.01800233183	-0.07274207471	-0.04103423647	-0.02006542691	0.08273147167	-0.04966947618	-0.08174641101	-0.0002026235731	-0.08864792511	-0.08993549426	-0.08804744723	-0.1022736517	-0.05925237902	-0.06022924932	-0.1126881349	-0.08435170496	-0.08660135063	-0.02300336142	-0.1109009008	0.0339207402	0.01158064071	-0.04606606928	0.1040132801	0.1089843049	-0.07385781551	-0.06958114077	-0.05677830286	-0.06686861363	0.1028869401	-0.07372748033	0.03515821597	-0.04116845744	-0.04059087454	9.447935986e-05	-0.07031175335	-0.06644523583	-0.08594382628	-0.1054669294	-0.03386099979	-0.02349857587	-0.06794662273	-0.06791943498	0.05088569961	-0.07338497142	-0.003462208051	0.04076153605	0.008033033093	0.1133267056	0.01211699686	0.07946432986	0.009302603972	-0.07476937304	-0.07260582558	-0.08919175823	0.1080515831	0.1124142869	0.02011245141	-0.07462697921	-0.08377194903	-0.0797241987	0.01411375561	-0.04531705845	0.0009604627054	0.01165959451	0.01842401619	-0.002229583409	-0.0009054218579	-0.08749786307	-0.07607614492	-0.04422098784	0.02662073121	0.02713413899	-0.0148674822	-0.01035586158	-0.07225655659	0.1011135591	0.1181093751	0.02832668964	-0.09734295792	0.01769569422	0.05264621846	-0.07799089625	0.07457836447	0.01033748626	-0.09711445735	-0.05487336894	0.01018750351	-0.03084740307	0.1098313187	-0.09178716017	0.005391578005	0.02256024582	-0.09583319083	0.04544433235	0.001028713013	0.01301980583	-0.05513024009	-0.05183485459	0.04026430282	-0.0287268016	-0.0246449511	-0.06582783092	0.1111489953	-0.02664364351	-0.02334361768	-0.02643158205	-0.01228502429	0.02020037118	0.07796201331	-0.05997549175	-0.0342757111	-0.0319634491	-0.01064757589	-0.06780718553	-0.00410118129	-0.004703064783	-0.01799826637	-0.03161732859	0.008050410808	-0.005411223185	0.1168830186	0.153605213	0.5486800245	0.2311564144	0.0284806784	-0.06717592299	-0.004673095096	-0.05216390079	-0.005998336868	-0.05832074867	0.01947585699	-0.1035338682	-0.03736771084	0.01484353455	-0.04215973888	0.03878553037	0.01472467683	-0.02218639715	0.06317141207	-0.01454004515	-0.04938612787	-0.03945699345	0.03139048813	-0.02059836143	-0.01895509077	-0.09041010794	0.05736006237	-0.05353988048	-0.05408247998	0.06850214514	0.005750577564	0.09873149053	0.05133515942	0.08027386024	0.04179868904	0.1298688637	0.1684343019	0.09167953443	0.08464511977	0.04180520113	0.04179613796	0.1013334421	-0.1070421074	-0.0841406955	-0.002323563411	0.1126008765	0.07122213326	0.1362642039	0.0905838967	0.06145061836	0.1384570571	0.1068462437	0.02171586014	0.07700312721	0.09923599143	0.07612553111	0.05543003962	0.005652182164	-0.01958778361	0.02175412101	-0.01582422338	-0.05035330687	-0.01800845736	0.1085628356	-0.01877130754	-0.02577595458	-0.08003873116	-0.04516528492	-0.07456516126	-0.02606428502	-0.04086164142	0.009069104409	0.04200371466	-0.01780747858	0.001776799752	0.03947598884	0.01310444784	0.1257443132	0.04379107825	0.1352338808	0.1763085803	0.1426639175	0.03670916457	-0.02826661112	0.01072606115	-0.0310385678	-0.01154083006	-0.008356102282	0.02511935546	0.02258125841	-0.0418133682	-0.04843171453	-0.0065082016	0.05957616656	-0.03409601037	-0.06653435815	-0.02950696727	-0.01580863645	-0.07287636009	-0.05891357942	0.003431665288	0.01853876145	-0.06674247164	-0.05905599696	0.03176622494	-0.02047470081	-0.02570413552	-0.07154820132	-0.08433090187	-0.02604469371
-0.03901456045	0.06594258026	0.01560843283	0.03927717104	-0.008803845201	0.01855588808	0.001095685482	-0.01666803797	0.01160815239	-0.1553830651	-0.1531196754	-0.155900637	-0.1469463348	-0.1308003081	-0.1402914061	-0.1425965341	-0.1492802996	-0.1510321078	-0.1140818929	-0.1393301173	-0.008034079057	-0.01324231957	-0.1282244491	0.02410075278	0.02585447538	-0.1424942957	-0.1375357153	-0.1361188676	-0.1337468131	0.02690243787	-0.1398913542	0.02007392122	-0.02870315129	-0.08894741156	-0.01694381117	-0.1468652571	-0.009069529997	-0.01845800371	-0.003534852112	-0.01530318211	-0.01687966081	-0.02906197396	-0.1361956547	-0.006810315456	-0.1423810623	-0.01440479142	0.009840922527	0.02658283333	0.04900551355	-0.02091332011	0.03435715535	0.002653891354	-0.1471085939	-0.1356714268	-0.1347487267	0.02580029615	0.02952909337	-0.02370221484	-0.1387941175	-0.1499653939	-0.1283536751	-0.01532054535	-0.126211452	0.007508610202	0.003108519344	0.01519647144	0.0586435427	0.01613159941	0.0111539001	0.002288215286	0.05180285318	0.02173572888	0.02234072213	0.02748326807	-0.03746239029	-0.0152477826	0.0486765963	0.1450337845	0.02409778841	-0.01220653655	-0.02773126111	-0.02566051161	-0.01120366488	0.03325179926	0.04820664679	-0.03468168616	-0.003991774098	-0.03396226531	-0.0307811063	-0.02145629162	-0.03290557186	-0.009677902089	0.05777629533	0.004587801587	-0.003529861603	-0.006150060643	0.01048924436	-0.04559912902	0.01476920631	0.1463216719	-0.0319961826	0.06123847241	-0.03760388032	0.1490278819	-0.0264142806	-0.005947641927	-0.01979449009	0.06574600064	0.02931765883	-0.0004831741987	0.0520374242	-0.021727284	0.009674230603	0.04436226141	-0.0056800772	0.04085770427	0.03076582426	-0.01042589196	-0.01990443766	-0.01960454608	-0.007355466155	0.09126912122	0.2561680025	0.2311564144	0.4076129847	0.03408668756	-0.1336196445	0.04352695671	-0.0125344508	0.002881282324	-0.04860460927	0.004954957182	-0.04312456824	-0.01445959452	0.05820020958	-6.968565659e-05	-2.340671881e-05	0.01200019245	-0.002987614015	0.02108931747	0.01395270018	0.00751063308	-0.009003268889	-0.01381504688	-0.02174982125	-0.02227958257	0.0114371328	0.0443111076	-0.009533438031	-0.02368765707	0.05254862527	0.009965299529	0.1180664961	0.05311393502	0.09917781023	0.02784678224	0.08873512333	0.09488147596	0.09692319732	0.07157179352	0.00316859862	0.02897802071	0.04033015868	-0.04915356721	-0.005326705298	-0.005887465687	0.0716808217	0.07491617187	0.04363974958	0.07302822592	0.06202903765	0.001778708817	0.1050019212	0.1215088795	0.0825583206	0.1870678265	0.05847355382	0.08938290473	0.04662375354	0.05855197218	-0.00343918951	0.04090076564	0.03361590078	0.09656945253	0.09476872606	0.01267440901	0.02184501605	0.008923642053	-0.03091976173	-0.01344648468	0.00348013466	0.03091164764	0.03211334152	0.06629428926	-0.01082432261	0.004224988069	0.02866910562	0.09898864357	0.07188317947	-0.03912030709	0.05029516783	0.03866571178	0.01148484502	-0.02142346445	0.01626833879	0.01408813067	-0.004752309661	-0.03408669094	0.005441058159	0.01715148077	-0.003128128125	-0.02810257489	0.03588774907	-0.06174562805	-0.03435814435	0.05812721319	-0.06368072748	-0.02769970892	-0.03060406764	-0.1357073527	-0.09180765133	0.1264567591	0.139366903	-0.03646098866	-0.01546347631	-0.009465189744	0.01829896489	0.0197266897	-0.1335139121	0.003595314896	-0.001165164575
-0.020068343	0.07160826666	0.0142101401	0.00353771742	0.007113820321	0.02089640629	0.02832143379	-0.006516316185	0.01342254099	-0.095202682	-0.0876798504	-0.09314023046	-0.09386364267	-0.1063063211	-0.08749935188	-0.08592058036	-0.0944699395	-0.1082058843	-0.09595092743	-0.08345232578	0.01109305137	0.03572229438	-0.08869951824	0.008548077563	0.007449719539	-0.1171133222	-0.1081343061	-0.1003348867	-0.09794724227	0.01371685812	-0.0939802354	0.02828780281	0.05068394311	-0.07679494406	0.02138713827	-0.1045222678	0.01862407097	-0.001689361455	0.002107604125	-0.01431523193	0.01197235271	-0.04026867739	-0.0680845699	-0.0003474105704	-0.1048836753	0.008601661356	0.03489361404	0.009594971705	0.00962400897	0.0604646181	0.007257186399	0.07019393261	-0.1068747784	-0.09064118796	-0.09979200962	0.009824979742	0.01348950704	0.04212167267	-0.1012648288	-0.1008672209	-0.08629687358	0.02392929103	-0.08901907682	0.04083972829	0.02673691082	0.06556154131	0.03306538156	0.02221717284	0.03348059887	0.009432252725	0.02924436878	-0.01101158189	-0.009763562274	0.008748088259	0.04522367699	-0.006541960963	0.06704769929	0.04272528863	0.07288089893	0.001064033261	-0.06569218976	-0.06716033961	-0.009392542505	0.01273005844	-0.04240459353	0.0129243524	0.04136746958	-0.0414596133	-0.0500098309	-0.02770686429	-0.009282543346	-0.04887444918	-0.005467565691	0.009059218217	-0.03475545945	-0.05697064269	-0.05765229375	-0.04437446286	0.02206161847	0.01062837025	-0.05115648445	0.03206033737	0.02964398445	0.0262579984	-0.007277653102	-0.02994030808	-0.05690913673	0.05934092768	0.1067057673	-0.03085643154	-0.009193934127	-0.03503181055	0.08883174731	0.006782853924	0.02769199162	0.07399245766	-0.04737547352	0.03238867118	0.04607254963	-0.06264471958	-0.06159131421	0.07497361952	0.02457881529	0.0284806784	0.03408668756	0.4161593839	-0.06696222507	0.03176036218	-0.04924061156	-0.03319859762	-0.05062166574	-0.05804695896	-0.04456076737	-0.004479644838	0.1593250278	-0.0326762701	-0.01070133311	-0.05940169473	0.003845928001	0.04832727033	0.01528492389	0.05045497061	-0.05231068675	0.06480993856	0.04817202699	0.04789533095	0.02520961068	-0.02442372427	0.02395092539	-0.05238273375	0.02363162175	0.01485624466	0.002703127943	-0.004643793296	-0.02708686658	0.005318278214	0.006770592498	-0.005704607949	-0.007913460897	-0.002414767415	0.01989035765	0.01375011939	0.01005726809	0.01645000893	0.02982778889	-0.06735391363	-0.01591480492	0.005543897511	-0.02715385867	-0.01573580016	-0.01184142505	0.0004716799921	-0.030311454	0.009573940746	0.02348373749	-0.0198126621	-0.01051844287	0.009506181162	0.01510573225	-0.02184052423	-0.01123761392	0.001818529837	-0.009181044787	0.008794727845	-0.003082686401	-0.002211486085	-0.04200030837	0.02313914878	0.0397311437	0.006442810987	-0.009793538163	0.07341385051	0.09331392961	0.1933379985	0.1789959386	0.1014203738	0.09513128633	0.03720515819	0.07881884375	0.00158096496	0.04836422795	0.0441962308	-0.01336828852	0.03804115481	0.06247603963	0.009549602087	0.03130379234	-0.008364985052	0.03062423591	0.05930602823	0.05084803052	0.06293939125	0.04876380283	-0.02876421361	-0.01304878054	-0.03191505378	-0.0580534163	-0.02644384908	0.0320548777	-0.1022464498	-0.07464120822	0.0855866825	0.1009402762	-0.0134383759	0.01695758802	0.03898407346	0.06842684885	0.02229656148	-0.09047169566	0.04894911496	0.1426460334
-0.1542805016	-0.1497336551	-0.158712848	-0.1832474982	-0.1148384907	-0.07649690026	-0.1393144857	-0.1717089517	-0.1731376197	1.015878373	0.9903379283	1.007750904	0.9663271612	0.5472270492	0.569039212	0.9567587229	0.9986998619	1.007517803	0.4996211859	0.938540368	-0.05917614047	-0.0580279673	0.5150907243	0.01257848332	0.0129618802	0.5350359653	0.55303798	0.5744931087	0.5388084214	-0.005683967576	0.5466910435	0.0004374788259	-0.03349170655	0.5345704091	-0.02192433793	0.5616161278	-0.1763079026	-0.1768167533	-0.1950369404	-0.07360280831	-0.03936962543	-0.1704458433	1.189375102	0.1012808217	0.5755598087	-0.1139027212	0.03260016201	-0.07263669789	-0.01481634718	-0.03104100522	-0.004986622004	-0.05182591278	0.5946509374	0.5561104215	0.516883631	-0.002266380316	-0.002254610191	-0.05487144315	1.057210237	1.016047862	1.073208947	-0.05089238782	0.5574258317	-0.01758715616	-0.02702951712	-0.03595520946	-0.1184849401	-0.08800129642	-0.1736758488	-0.1914820383	-0.1854690757	-0.1709383414	-0.1714384538	-0.1884523215	-0.171470808	-0.193933074	-0.1343626312	-0.1392367288	-0.1866754819	-0.1876973366	-0.08925600997	-0.116325316	-0.1734787891	-0.08423209212	-0.1793458973	-0.1761773125	-0.1663147589	-0.1458113515	-0.1876597188	-0.07551290776	-0.1301709811	-0.1881001987	-0.1126988637	-0.2068795846	-0.1292450991	-0.1826985507	-0.1654928488	-0.1591422068	-0.1923442135	-0.168472482	-0.1638607538	-0.1893464498	-0.1421843959	-0.1530425073	-0.1425102162	-0.1486525014	-0.1558078452	-0.1519568391	-0.1433361627	-0.1394333332	-0.1760975859	-0.1724016234	-0.124198579	-0.1688081172	-0.1758337112	-0.1742135128	-0.1717765904	-0.1681355121	-0.1785814736	-0.149890281	-0.1850429886	-0.1336602275	-0.1090345011	-0.06717592299	-0.1336196445	-0.06696222507	1.196688655	-0.1688212955	-0.1558627622	-0.1710034768	-0.1566409512	-0.1672858434	-0.1443509462	-0.1684539082	-0.1201658942	-0.1923324217	-0.1199280108	-0.1661423887	-0.1674562547	-0.1136076107	-0.1357305731	-0.1697912867	-0.1474977832	-0.1723931999	-0.1911703759	-0.1779171799	-0.1943735092	-0.1705270764	-0.1530775549	-0.1503920223	-0.1656336617	-0.06707365812	-0.08490033777	-0.1069137884	-0.06723560603	-0.05531472024	-0.02107392297	-0.0003273773711	-0.07661513364	-0.07158216598	-0.04250206493	-0.1333284958	-0.04888213575	-0.1760609729	-0.1967692543	-0.1682293768	0.05279204346	-0.1210058714	0.03904017951	-0.07691683265	-0.08892989398	0.05424111071	-0.05922233854	-0.1773706554	-0.09755984706	-0.1530879129	-0.114538991	-0.1619214476	-0.1951602164	-0.1945620012	-0.1007184513	-0.1556189156	-0.1629993437	-0.2001351299	-0.148952981	-0.1350684253	-0.1439724957	-0.1967675612	-0.1864471186	-0.1945793773	-0.162852959	-0.1919228043	-0.1326300082	-0.09705081818	-0.1128759147	-0.1392053514	-0.1105340187	-0.1264467625	-0.07524819044	-0.1653929631	-0.1292533871	-0.1183058178	-0.1540920396	-0.1765669579	-0.08526275418	-0.1170591415	-0.1270990583	-0.008964169776	-0.06629029816	-0.04923970961	-0.04361592163	-0.1792785707	-0.1754054538	-0.1507798089	-0.08177425632	-0.1957531013	-0.1560702974	-0.1306053336	-0.01702796411	0.9057603492	0.5325070388	-0.1668859131	-0.147769099	-0.1859158088	-0.1919006151	0.05437483275	-0.1435475172	-0.08833035943	0.9403419423	-0.1646921712	-0.112911968
0.02719321654	0.07301693254	0.1272425307	0.06965991551	0.03040652616	0.07840414442	0.03198534754	0.03659345854	0.05537895675	-0.1728554599	-0.1688424233	-0.1723342776	-0.1630430353	-0.1701970754	-0.1761050978	-0.1582756946	-0.1698092359	-0.1639940726	-0.1613706531	-0.1563791386	-0.03652166612	-0.03439957493	-0.1674337657	-0.05632639006	-0.05951270947	-0.1675611304	-0.165118643	-0.1663964177	-0.1724040392	-0.05984407943	-0.1720544345	-0.02475720525	-0.02139631072	-0.1177180451	-0.04031814682	-0.1615081729	0.04899621931	0.02500107243	0.0601015841	-0.01445373308	-0.02539814528	-0.006402685855	-0.1716538058	-0.02787738985	-0.1619135765	4.972571066e-05	-0.04682566725	0.003779731518	-0.05689944784	-0.03802619501	-0.05294643743	-0.01175840296	-0.159182998	-0.1688015062	-0.1618541725	-0.06234087018	-0.05931845851	-0.03903704336	-0.1750462613	-0.1570947577	-0.1590432952	-0.01277835633	-0.1717381611	-0.04704371552	-0.04964789131	-0.02525253402	0.0521243423	0.00854626236	0.04529013085	0.05237265648	0.1338057338	0.01634991003	0.02078618554	0.1381257732	0.1087286989	0.0626166213	-0.007951675478	0.06117030121	0.1136519062	0.05909737416	-0.01243303498	0.0004133108472	0.03159248614	-0.02265565397	-0.01104226479	0.09107137841	0.07456112529	0.01275326384	0.04444180829	-0.05749497385	0.03420514154	0.003441892661	-0.03846123851	0.06505623023	-0.01305207011	0.001800045185	-0.002859249465	0.03496301342	0.07212145535	0.06790570197	0.02615826977	0.1743084952	0.05350559007	0.06792174698	0.01117178966	0.03113169456	0.005184769011	0.02094943135	0.02472744568	0.1023700648	0.08380797177	-0.0004687242802	0.04082380817	0.002433090879	0.02835166893	0.0332723563	-0.008585881774	0.1461706646	0.1228689114	-0.004278611542	0.01749178416	0.08771081574	0.08893157241	-0.004673095096	0.04352695671	0.03176036218	-0.1688212955	0.3834968057	0.005103397446	-0.02286592796	0.03675506612	-0.004326991681	0.03856210118	0.01685807868	0.003569934385	0.0986339142	0.01448551477	-0.004681029188	0.01590899307	0.02574665971	-0.008350691598	0.06350419803	0.0185900833	0.1053597043	0.1356351736	0.1253134332	0.0697484229	-0.02370275142	0.01276660211	0.02775091333	0.02086598661	-0.02899518358	-0.03737989	-0.03972273952	-0.08031900625	-0.02045681195	-0.07353054902	-0.05251256256	-0.02401008382	-0.04998836383	-0.06158488366	-0.02179590643	0.009292323016	0.08432521196	0.07822349543	0.01133028267	-0.04412011803	0.01898736988	-0.07925645605	-0.01212658426	0.004846005343	-0.08618770513	0.01328003708	0.1049365003	0.03879259069	0.07877169625	0.01100633523	0.06096250596	0.1830807097	0.01308791413	-0.04677866455	0.01065534742	0.08997491528	0.08065711454	0.02167384444	0.04019040079	0.01725941161	0.09189628051	0.1510692187	0.06293031777	0.02206759321	0.0516402808	0.04615652126	0.04750533216	0.04018612073	0.03789587366	0.04034890052	0.1079904954	-0.0004622238455	0.03993768541	-0.00261090966	0.007916607811	0.04237958061	0.03585170045	-0.0002634768929	-0.004970608246	0.03492702013	-0.03514437048	-0.02629610534	-0.005906228283	-0.03738271075	0.157219748	0.05675940148	0.08945475395	-0.005141025227	0.1038697728	0.003785195979	0.03202748878	-0.04142615355	-0.1558291097	-0.1211707326	0.09108787203	0.09391590353	0.04796400864	0.07117757307	-0.05060131371	0.0395638973	-0.002957210845	-0.1678173511	0.1333574476	0.06200964548
0.09896613499	-0.0116174905	0.02333910323	0.04616132466	-0.02596790147	-0.01153984809	-0.004538072464	-0.007783332063	0.06075217039	-0.1582083639	-0.1567670975	-0.1606635989	-0.14933352	-0.1675381394	-0.1660724676	-0.1467324467	-0.1611943604	-0.1585894582	-0.1429446386	-0.1466215578	-0.02082883202	-0.02248057738	-0.1276000972	-0.01380894668	-0.01234346406	-0.1652092736	-0.1680831804	-0.1721276175	-0.1692852397	-0.01991917461	-0.1612920346	-0.07472221417	-0.04966960505	-0.08051676194	-0.06671233823	-0.1584886929	-0.009017297466	0.004833500488	-0.002725107124	-0.02869038484	-0.04881349379	0.02863271799	-0.1589985997	-0.002146106675	-0.171058817	0.006659852428	-0.06065867435	-0.05854137784	-0.0005499940272	-0.02040964606	-0.01031218651	-0.01961299762	-0.1699922661	-0.1649969927	-0.1529876492	-0.02115656717	-0.01792334141	-0.01143211488	-0.1678426418	-0.1599788445	-0.1501492679	0.01735986909	-0.1666980308	-0.0163083099	-0.03354637977	-0.01906061065	-0.03795139501	-0.03548798027	0.009470126733	-0.01026601497	-0.001864076976	0.03003370511	0.02515736156	0.02033738003	0.002548459936	0.08524031161	-0.01303917718	0.01263313996	0.006625754364	0.01231447725	0.09853789478	0.1347826317	0.05704176678	0.0114986563	0.07115451279	0.05513370465	0.04068488277	0.09112592732	0.09134184331	0.2069077492	0.03936148891	0.153837177	0.07445284006	0.02340058229	0.05540806925	0.1396603568	0.148056051	0.09680317719	0.0469254651	0.02747564881	0.05966036129	0.009914582299	-0.005967219931	0.03488436376	0.0188811449	0.06951672874	0.3296783882	-0.01575345629	-0.01478623427	0.05974968049	0.02432123727	0.0241105505	0.001289402493	0.1165911516	0.04968705446	0.05606420662	0.1249263971	0.02913658391	0.02743960912	0.1142340216	0.11562542	-0.02060493284	0.03084547327	-0.05216390079	-0.0125344508	-0.04924061156	-0.1558627622	0.005103397446	0.3621142583	0.2108454372	0.09899160203	0.1113209019	0.08671097134	0.0646661666	0.009797197203	0.08094453836	0.008551181976	0.1446334648	0.09043725616	-0.01474773843	-0.003098439355	0.03072801209	0.07302946941	-0.003518518937	0.03023726467	0.0231136546	-0.0003890166802	0.08397910539	0.02949126665	0.08226021501	0.01190487435	-0.03772425503	-0.03674980891	-0.03821256173	-0.019743555	-0.05705131947	-0.05159161099	-0.06614862962	-0.03904890943	-0.02726782034	-0.05769427943	0.0303606397	-0.04370096555	0.05169705454	0.03378356334	0.1116124562	-0.02029438285	-0.04215418591	-0.01603190081	-0.02301665308	-0.02127987108	-0.0010238461	-0.03909884028	0.01479677308	-0.04582235489	0.08644045567	-0.02960428855	0.02305087809	-0.003154716802	0.0906865515	0.1501283749	0.1068684997	0.005474140994	0.05448111591	0.0381361041	0.03347837041	0.1247974859	0.05717304961	0.04723107938	0.06129209112	0.09913142408	0.02704243968	-0.00915481911	-0.02522601144	-0.009080689488	-0.01914140072	-0.05568540342	-0.003521811814	-0.03899417907	-0.0001330686429	-0.03504344278	-0.04214654872	0.09021148123	-0.01280842334	-0.03819539682	0.09268452262	-0.04204421671	-0.005677569897	-0.0268012882	-0.04045369151	-0.003903212292	0.03611409812	0.0007064912247	0.03181096824	0.1185979286	0.09011468005	0.1052397585	0.07715201723	-0.02834244895	-0.1227762493	-0.09703309543	-0.0370595187	0.004528190979	0.02223364219	0.06996778467	-0.05340451355	0.03543015521	-0.01788771952	-0.1183604224	0.004264799003	0.03258239274
0.06975092902	0.01663165155	0.008126565115	0.05285881126	-0.03067888904	0.01412773742	0.02832271543	0.008986381645	0.03226375561	-0.190747389	-0.1789180887	-0.1850524082	-0.1818327267	-0.1924618809	-0.1703276009	-0.1759109761	-0.1858257034	-0.1896448756	-0.1332462273	-0.1708472763	0.00458357673	-0.009876732126	-0.1455602948	-0.008242041564	-0.01054948692	-0.17958387	-0.1972440596	-0.1932099933	-0.1691178235	0.0002149093479	-0.182674563	-0.03889560065	-0.02757034908	-0.08981752515	-0.03407527247	-0.1839840741	-0.01621326642	-0.01849322463	-0.01144778947	-0.03706427532	-0.0509952642	0.00953849978	-0.1738118566	-0.009776761328	-0.179592046	-0.01965454024	-0.06653264512	-0.0493411491	0.01457352355	-0.01460793923	-0.02206419842	-0.01399574176	-0.1792965452	-0.1936566198	-0.1791625092	0.002390099494	-0.01163709387	-0.02621730149	-0.1667416734	-0.1694528883	-0.1689775698	-0.02077495874	-0.1875188901	-0.03000389652	-0.02456775876	-0.02020048149	-0.02475448332	-0.05545766329	0.007598006279	-0.01861260386	-0.006257025654	0.02802287522	0.02344555222	-0.01255485021	-0.01229844185	0.07125156516	0.04502621443	0.04075924362	-0.01797638163	-0.001417336579	0.1053926599	0.0662938403	0.06024761569	0.05050310989	0.08104443191	0.04523411932	0.05802861699	0.05480994774	0.09951164855	0.210926935	0.0302390271	0.1994280369	0.06781552316	0.0134647065	0.02724641529	0.1159524795	0.07894612777	0.0774652801	0.03600400877	0.05447766739	0.07224097357	-0.006927151286	-0.008108289008	0.04315960881	0.06612770402	0.08048545422	0.2346684729	0.02320553962	0.02410608733	0.04111997423	0.01147245022	0.005897005977	0.01092369004	0.06368809949	0.06363794677	0.05793829914	0.09586132577	0.04476544176	0.01293772666	0.04562406194	0.114006735	0.0123075578	0.0125403937	-0.005998336868	0.002881282324	-0.03319859762	-0.1710034768	-0.02286592796	0.2108454372	0.3679803982	0.07784945622	0.06942484664	0.08125850991	0.06589728438	0.02559768407	0.06465023931	0.05751754193	0.07550416478	0.0558746398	0.06243380753	0.01629712524	0.006206854861	0.0339587752	-0.01742846225	0.02603936215	0.02063532941	-0.01243834382	0.08191760623	0.03214616002	0.04309058958	0.05365132734	-0.03172768902	-0.02008958618	0.01951931498	0.02496484841	-0.03288419536	-0.007230689735	-0.01395305526	0.0009809170553	0.02618664066	-0.01959331462	0.08266425811	0.01064881819	0.04627226251	0.01678780531	0.09500910849	0.008312705046	0.02511428752	0.04023459769	0.03508455321	0.0365642596	0.05603731065	-0.0105049657	-0.007195735737	-0.03283928437	0.05790902453	0.04681736663	-0.008257402497	-0.02272848761	0.09114053581	0.1709751077	0.07106661844	-0.007852058457	0.04336185873	0.06465331793	0.05009905602	0.1234353106	0.06605608317	0.02291032459	0.05370106317	0.06654047311	0.02923284579	0.02205982584	0.003639421827	-0.002617440226	-0.02099131544	-0.01401136091	-0.04139583569	-0.01309533552	-0.00554836231	-0.02183952986	-0.001284644813	0.05395305538	-0.004327005281	-0.04147346697	0.08766141926	-0.03744994431	-0.0145718673	-0.02003112332	-0.04751524738	-0.002377812365	0.01894372898	-0.003822753393	0.03318891256	0.1438930469	0.06091218936	0.0947415435	0.08254471027	-0.0145518584	-0.1411460727	-0.1032195801	-0.002754627983	0.01893393587	0.01210471604	0.05262530061	-0.04943362373	0.04206944483	-0.01968974232	-0.1262953231	-0.005683073835	0.02554568987
0.1109487993	-0.03857705141	0.04400493407	0.02184523079	-0.009375593398	-0.004295802003	0.004302706744	0.003346117835	0.02028028753	-0.1495665338	-0.1457137327	-0.1488826385	-0.1403828797	-0.1552901513	-0.1610319501	-0.1345176087	-0.1469531596	-0.1506801504	-0.1478540541	-0.1325896369	-0.03102834934	-0.04062780103	-0.1371056475	-0.03913729411	-0.04486877452	-0.156151541	-0.1514611241	-0.1645361397	-0.1588341428	-0.04703814854	-0.1576671871	-0.05794570744	-0.07158067487	-0.1071514909	-0.05639528495	-0.1536995963	0.008826661729	0.003354633906	0.0009206480431	-0.01956006438	-0.0495694957	0.01639512849	-0.1606728121	-0.03439104368	-0.1572423835	-0.007298581715	-0.04649369551	-0.05614505458	-0.02109439488	-0.0344952668	-0.03941333697	-0.05414799545	-0.1632220215	-0.152236825	-0.1466292764	-0.04884781645	-0.0458360614	-0.0393966794	-0.1635611796	-0.15611283	-0.1515401151	0.00450808086	-0.1607567105	-0.03587283204	-0.0474555667	-0.06465988844	-0.04758361342	-0.07057689562	-0.01989469125	0.004300473156	0.01247384481	-0.005590294882	-0.004479899897	0.07020203826	0.01186773613	0.1352771282	-0.04164987639	-0.02204717587	0.03729520985	-0.002830212015	0.2324899725	0.1303704235	0.2488797522	-0.01672162372	0.05265048652	0.220195395	0.05630568339	0.05889388127	0.1981300185	-0.008555828088	0.1624976545	0.1002851329	-0.02262407552	0.007040037888	0.05413748785	0.1085652018	0.08336946486	0.3164065448	0.03082060693	-0.03737524047	0.2457067341	0.01233846602	8.264493926e-05	-0.06327258887	0.02423294748	0.1704641151	0.07950949871	-0.02788912284	-0.0465814485	0.04210315282	0.1299383903	0.02661268114	-0.01315123955	0.1130861367	0.1859036611	0.05170925168	0.03347394757	0.06365457934	0.03163175921	0.06007981746	0.1983151684	-0.03531309971	-0.0498479424	-0.05832074867	-0.04860460927	-0.05062166574	-0.1566409512	0.03675506612	0.09899160203	0.07784945622	0.3427569689	0.129393696	0.2496740099	0.219684278	-0.01426959705	0.05157161366	-0.02663282914	0.07602416712	0.08212621555	-0.008536082575	0.01142890279	0.05075561742	0.1657731918	0.00876041831	0.03337017291	0.02583882701	-0.009213620691	0.04356705143	0.03575787692	0.1746930396	0.01609008427	-0.04833980407	-0.04375935043	-0.02788910497	-0.0641497127	-0.05906991391	-0.09816775674	-0.07574400909	-0.05986417369	-0.04573161676	-0.04849681192	-0.01928614973	-0.009060509245	0.2022292933	0.02202402006	0.1604828299	-0.02862554546	-0.05157881931	-0.09110408739	-0.04768637094	-0.04523367122	-0.0592978999	0.03996196326	0.01264904272	-0.03098395942	0.003495663327	-0.0420846757	0.02631697955	0.009120851703	0.05030432791	0.001161018257	0.04676812464	-0.008833256437	-0.003176101032	-0.0394785033	0.01750817072	0.03742115981	0.05018877252	0.06770457722	0.1330842423	0.1941663016	-0.001570838303	-0.0350786866	-0.01680539663	-0.02548921225	0.0116483408	-0.006778094799	0.02747656303	-0.02632790793	0.04377265741	-0.03161572891	0.000443417053	0.04023373095	0.05135351511	-0.02785713588	0.01786750256	-0.05522273791	0.00364980237	-0.007513690096	-0.0356568819	-0.04261956093	0.05216511456	-0.02490442523	0.1062508046	0.1630646692	0.03600819966	0.2348017492	0.175597021	-0.0547173959	-0.1284782734	-0.1143406582	-0.0393449519	-0.006765673687	0.0256484868	0.09821942426	-0.03992493494	-0.0002095101454	-0.0409103369	-0.1328379478	0.03149373653	-0.01614615453
0.01471514872	-0.05863750843	-0.003014856833	0.0612990716	0.009710820832	0.02711764099	-0.01175110809	-0.01445279249	0.05000630195	-0.1579849409	-0.1548489582	-0.158757908	-0.1475467221	-0.1665546242	-0.1605862228	-0.1452421847	-0.1571484142	-0.1588149137	-0.1471073558	-0.1428612144	-0.02952896217	-0.04133320665	-0.1412971515	-0.03927925941	-0.04128340436	-0.1605284777	-0.1573690158	-0.1704424637	-0.1626301546	-0.04087671734	-0.1596729072	-0.06539406251	-0.06370565256	-0.1048832035	-0.0558023302	-0.1580681192	-0.01170109058	0.002806487023	-0.02368527352	-0.01451020971	-0.02976413309	0.007407900211	-0.1711089405	-0.02652180791	-0.1643346254	-0.01100353054	-0.03772704123	-0.07484229899	-0.01489462339	-0.03169440956	-0.01875534828	-0.05255842346	-0.1668146921	-0.1592857981	-0.148607824	-0.04803329257	-0.04373127974	-0.03499472446	-0.1723020187	-0.1623683155	-0.1553327979	0.01440073402	-0.1648737724	-0.03020277974	-0.03787655239	-0.0543210622	-0.05383826664	-0.0616683034	-0.05634253472	-0.008607771235	0.02396803908	0.05761982494	0.05575309602	0.05827122477	0.004428298087	0.03905824111	-0.0175498453	0.01106384237	0.009977549315	-0.01430120253	0.05288674056	0.0867996114	0.08584043765	0.05089781777	0.09931613289	0.0575603019	0.01321081268	0.1674319538	0.2359844177	0.06339304262	0.01715639037	0.1701180701	0.1024088642	-0.002380402584	0.1774336394	0.2023552658	0.266335906	0.141826003	0.003423548411	0.03794086909	0.1953090044	0.002842524773	-0.003865375371	0.01887315738	0.01105921927	0.1200410007	0.1076273102	-0.03638126017	-0.05011283157	0.05644619979	0.0126754458	0.02545752293	-0.01722101411	0.1058357954	0.01532735544	0.03424946759	0.1149975308	0.02248992933	-0.02489803876	0.2235844968	0.2490629425	0.008413736932	-0.01170463706	0.01947585699	0.004954957182	-0.05804695896	-0.1672858434	-0.004326991681	0.1113209019	0.06942484664	0.129393696	0.3678023961	0.08303995301	0.0765479842	0.003214654817	0.1235002229	-0.002047070901	0.2730615284	0.1363638218	-0.01122058932	0.01037682164	0.03120233913	0.08819910744	0.01636377249	-0.01261391355	-0.02831703354	-0.02411320213	0.09595894047	0.02370391721	0.09755572165	0.02083899401	0.003215786527	-0.02601152233	-0.01827415493	-0.01519731416	-0.05217505193	-0.04844270873	-0.03149819687	-0.01625614654	-0.01432954742	-0.04502001037	-0.01047690519	-0.05941217021	0.0468872656	0.01367177864	0.1595963788	-0.006681502998	-0.001708506027	0.01337213127	0.02708256024	0.01649709675	-0.004449526529	-0.02865592841	0.01032466858	-0.0410771926	0.09780813487	0.005484668905	0.07185138255	0.01807643611	0.04100533282	0.09471765854	0.07542493849	0.008283277761	0.05243795082	-0.01326059366	0.06487857639	0.09265465741	0.04349246926	0.03710600059	0.03984577549	0.09117711043	0.02340948781	-0.02903526971	-0.03604563789	-0.01993162415	0.02164966179	-0.02532616198	0.02672168511	-0.01961494611	0.04039216975	-0.01798324848	-0.006575512126	0.1212675279	0.03862758347	-0.02838923341	0.03680670866	-0.07038528173	-0.0152202033	-0.01518358388	-0.02062063518	-0.009687857011	0.03857017354	-0.05260405373	0.01675733516	0.00290875928	0.09404888863	0.1381393454	0.05795809507	-0.05864168983	-0.1312535721	-0.1098733128	-0.04855808972	0.005910960271	0.005503395339	0.03747442568	-0.0542547542	0.02050908793	-0.01260325327	-0.138799342	0.03380117132	-0.0122568116
0.1545053508	-0.02707977897	0.03425433554	0.04911988896	0.03585951944	-0.01278760463	0.02210616906	0.02654606788	-0.005263287172	-0.1366089154	-0.1327705005	-0.1361878419	-0.1275740894	-0.1396402929	-0.1623314223	-0.1236154431	-0.1362481556	-0.1393093067	-0.1786562492	-0.1205620475	-0.05653951556	-0.05019007519	-0.1702936162	-0.02936424199	-0.03490751112	-0.140240231	-0.1400182362	-0.1489647875	-0.1439667673	-0.03511263239	-0.1355481611	-0.03698058546	-0.05240285748	-0.1366977041	-0.0311741102	-0.1366640741	0.02055954829	0.02590134792	0.02414624763	0.01112782001	-0.01183416108	0.01710277483	-0.1481689987	-0.06846055989	-0.1464593972	-0.02644803947	-0.0351269107	-0.03609873717	-0.05988503475	-0.06307805864	-0.03419259734	-0.04046236102	-0.1496350003	-0.136921146	-0.1328674903	-0.03906920622	-0.03657877138	-0.0568041264	-0.1510695182	-0.1449959604	-0.1430345556	-0.02601868401	-0.146424177	-0.01067490261	-0.02140112717	-0.05183631783	-0.04961533304	-0.05012482978	0.004359496105	0.02835305139	0.04919886958	0.02579443324	0.02644176464	0.04352663036	-0.009175722118	0.1040481924	-0.05409518154	-0.02378318101	0.01927465805	0.01945751248	0.1676346905	0.07906467146	0.239013522	-0.002827733466	0.04136629804	0.1939358582	0.05093744725	0.03436144399	0.1542261343	-0.04196440267	0.1249736105	0.09490620353	0.02477354452	0.02797799725	0.0477319306	0.09218164372	0.06326270962	0.23702459	0.04589213747	-0.001619726358	0.1977877724	0.04182508186	0.0246094106	-0.03826789661	0.02692199896	0.185529461	0.06572416312	-0.006634224143	-0.03390946123	0.01194493421	0.1608944432	0.01259941009	0.01677664398	0.07651053929	0.1913138677	0.04892123121	0.04664698021	0.07269965256	0.02066292378	0.05272986647	0.1392016348	-0.04685296384	-0.05083322897	-0.1035338682	-0.04312456824	-0.04456076737	-0.1443509462	0.03856210118	0.08671097134	0.08125850991	0.2496740099	0.08303995301	0.3366743878	0.1583181135	0.05116834805	0.06836346557	-0.01960730832	0.05596208114	0.04695842403	-0.01621804532	-0.002322819179	0.04578158375	0.1364966396	0.008030833466	0.02954992201	0.01471932937	0.01481930055	0.03888895902	0.03119783668	0.1454228161	-0.03046212688	-0.03577213157	-0.04149719251	-0.04994109844	-0.03358190255	-0.05849146293	-0.05789775377	-0.0774904261	-0.05459015179	-0.05238644519	-0.03432787526	-0.0188571494	-0.05683888139	0.1843259948	0.04608204677	0.1378261668	-0.08537702183	-0.03648887902	-0.08090192702	-0.04064705742	-0.04531721277	-0.08440944588	0.06693582236	0.03916763649	-0.03253187998	0.01094279959	-0.03528443952	0.01947959883	0.01689519972	0.06286013973	0.01245488147	0.03634289923	0.05624010153	0.01960473374	-0.03700977464	0.04013724637	0.1040778994	0.08279132455	0.05652433711	0.10421051	0.1404394232	0.02038201606	-0.003474555823	0.009013776352	-0.005088191436	0.03591524403	-0.01673150234	0.007701114036	-0.01463714521	0.001147682348	-0.05017746698	-0.04634769743	-0.002919587301	0.007760387954	-0.01912075183	-0.006123885212	-0.03209339166	0.005471024974	0.01072486001	-0.03942921789	-0.06185007379	0.05233459172	-0.001742844998	0.0663695222	0.1129008927	0.06780557032	0.1952705937	0.1486488456	-0.06081956749	-0.1610840228	-0.1290928819	-0.01091753617	-0.01024519503	0.03087131161	0.09261528356	-0.02495658752	-0.0004379506365	-0.01790429295	-0.1619109292	0.04395726292	-0.006198854439
0.1165119766	-0.02628651009	0.05612047083	0.01327176739	-0.01150734362	-0.0594571499	-0.003600992974	-0.005739488544	0.00652179429	-0.1642462712	-0.160189953	-0.1653861106	-0.1551037206	-0.1632810565	-0.1731273783	-0.1536007019	-0.1618210473	-0.1670400637	-0.1533927041	-0.1492062866	-0.05379091872	-0.05049382732	-0.1418513675	-0.05102375321	-0.05262614193	-0.1689498989	-0.1625305988	-0.1703448395	-0.1640994724	-0.05454063069	-0.165918075	-0.07602042169	-0.07573760327	-0.1159962005	-0.08479004768	-0.1664394532	0.0361531497	0.0421463135	0.03004314832	-0.0008319467642	-0.06807808895	0.03751587035	-0.1724910148	-0.04355922348	-0.1731367927	0.001019178392	-0.049699763	-0.05665356792	-0.023501333	-0.05193724026	-0.05006742954	-0.05648524068	-0.1741215053	-0.1603297595	-0.1569297138	-0.058020629	-0.05763430331	-0.05223122932	-0.1768271149	-0.1719286653	-0.168313436	-0.02324929252	-0.1685230547	-0.04109418245	-0.05150127897	-0.06096030515	-0.02463573692	-0.04971027984	-0.004966423798	0.01994773118	0.001977729637	0.004072376065	0.004866344179	0.03698979313	0.04350463184	0.145771009	-0.007000013399	0.01234646966	0.06571844804	0.02193174644	0.1493450855	0.1134312353	0.2089716946	-0.01993167081	0.1170052918	0.1919339175	0.06051638066	0.0644525415	0.1358625559	-0.02286550347	0.1610924901	0.08180888957	0.001762992601	0.03593294567	0.06133097929	0.06378846753	0.06945507055	0.2130695101	0.05092641674	-0.04661147013	0.1916879632	0.01636492708	0.01344522085	-0.04468727896	0.0245129323	0.1441366208	0.06862181983	-0.002185166674	0.007805475185	0.02536343353	0.09948802465	0.03916781896	0.01915257972	0.1823256306	0.2131501965	0.05309074452	0.05289962835	0.09032282333	0.07548992918	0.04755585379	0.136621943	0.01320547566	-0.02411020384	-0.03736771084	-0.01445959452	-0.004479644838	-0.1684539082	0.01685807868	0.0646661666	0.06589728438	0.219684278	0.0765479842	0.1583181135	0.3457699568	-0.001045104457	0.02043167485	-0.06614824726	0.06970948704	0.1628398619	0.004407235662	0.01826854844	0.08627670338	0.1755399359	0.03064490775	0.08460019097	0.07681675168	0.01904348863	0.1049812293	0.04295416127	0.1855366438	0.02879326655	-0.05423182787	-0.02110308926	-0.02812556012	-0.05811851296	-0.05246074811	-0.06566340911	-0.0610912123	-0.04848585488	-0.04660657536	-0.0451093764	-0.01475598064	-0.03238349096	0.1995760103	0.0608418362	0.07304353833	-0.04810088242	-0.07481520247	-0.1096534771	-0.07202347392	-0.06402097288	-0.07737025955	0.04445364764	0.0470286408	-0.01712126968	0.02839848606	-0.07603287051	0.03601689911	0.01694002259	0.09651968998	0.01552799044	0.08557434141	-0.003720053228	0.003846443976	-0.03010225144	0.04191294364	0.0432931377	0.05419333619	0.04650490211	0.1658219431	0.1766683238	0.05065733328	-0.02295841197	-0.01827012617	3.079803675e-05	-0.004571317419	-0.003807071687	0.03539409286	-0.01529639323	0.07705365955	0.01242308059	0.01935764098	0.04750724125	0.08749902943	-0.04421824226	0.00160622171	-0.03616384384	-0.02226753611	-0.01957820493	-0.05292765867	-0.06171476267	0.03508380222	0.01474811427	0.07829938785	0.1027903097	0.00692286089	0.190384535	0.1491604023	-0.05766363915	-0.1410419768	-0.1201719465	-0.01744996149	0.001945782101	0.04491495888	0.133285161	-0.04167533549	0.03879917493	-0.04186625266	-0.1437017936	0.01054036201	-0.02333256191
0.07203481847	0.04160072469	0.01436651876	0.06778885525	0.06978769793	-0.001873402105	-0.006305500199	0.01586752902	0.01953933931	-0.1389918244	-0.1320536708	-0.1383095921	-0.1289187134	-0.1289866227	-0.1301036173	-0.1293005807	-0.1345332221	-0.1361163791	-0.1622317551	-0.1243112782	-0.01746641501	0.002862191752	-0.1439758138	-0.003889064877	-0.007983518882	-0.1340367281	-0.1303817765	-0.1348522325	-0.1189115865	0.005489686248	-0.111464494	-0.00757430154	-0.001373264937	-0.1369016093	0.02542389376	-0.1284345159	0.01934805783	0.001096541247	0.02934457713	0.01704667836	0.04326579292	-0.0157010408	-0.1220071544	-0.04422803192	-0.1407030855	0.00329435319	0.008937381369	-0.006813526472	-0.03207362322	-0.01116956969	0.00647278624	0.0448535097	-0.144657097	-0.114711917	-0.1247191734	-0.005638491315	-0.002370757806	-0.01410806749	-0.1310917053	-0.1418553426	-0.141034494	-0.01481768139	-0.123624638	0.03988645774	0.0334609403	0.03595627148	-0.002402719499	0.002366558375	0.05099983447	0.04678682984	0.05839825998	0.03299699048	0.03415568914	0.03608943846	-2.178214618e-06	0.006075609019	0.03478263177	0.03850298233	0.04742526703	0.02982587579	-0.05900533117	-0.07384874165	0.02138759728	0.0540490869	-0.001595015534	0.02625324043	0.003384650424	-0.01204353714	-0.006747196355	-0.0337110905	-0.008334411019	0.01126429675	0.07566629507	0.02680303998	0.0376850243	-0.001548583795	0.01216450542	-0.006276760448	0.03823439953	0.08182262322	-0.008535857663	0.01679607793	0.02849557322	0.04008475064	0.05274583726	0.02791386331	0.005070560565	0.02560529222	0.03814536359	-0.002690586174	0.04658677485	-0.002488987094	0.06840770228	-0.01415086022	0.02243272207	0.1011120851	-0.01404610522	-0.00252891268	0.01650879581	0.002948324822	-0.006175010513	0.03681551478	0.02774037592	0.01484353455	0.05820020958	0.1593250278	-0.1201658942	0.003569934385	0.009797197203	0.02559768407	-0.01426959705	0.003214654817	0.05116834805	-0.001045104457	0.3687975053	0.07244241415	0.0008516452707	0.01034409832	-0.01600151553	0.02793358942	-0.002093592634	0.01273100382	-0.04785475783	-0.001516282387	0.02118717163	0.01571356224	0.05061311185	-0.02527701448	0.01211471352	-0.03875047422	0.02316041652	0.06319718242	-0.01476730141	-0.01721351808	0.007988090057	-0.04160122638	0.01803884633	-0.005619859257	0.003225087463	-0.01576973834	0.03846635049	0.01222591225	-0.01537336217	0.00912821273	0.03990352274	-0.01172684553	-0.08318196428	0.03348792536	0.01719433443	0.02576224113	0.01757493338	-0.03816481065	-0.0003044518502	0.01650304551	-0.02595475268	0.05287545272	0.03724766452	0.05664472209	0.0714227109	0.02194974465	-0.001346237482	-0.01374910236	0.1137417895	0.1033888285	0.02197808261	0.07795686352	0.04233365855	0.02811112771	0.009882098908	0.003139401306	-0.003165528236	0.1176068341	0.05053601878	0.1826165171	0.1854399739	0.1491789981	0.0557772066	-0.005824932236	0.03096953683	0.004718449037	-0.002233656791	0.006066204915	-0.01207856508	0.03276832343	0.02191866513	0.005922949988	0.02047859473	0.004498682531	0.04316037774	0.04911696925	-0.01238933054	0.01464573243	0.02088063287	-0.02452668113	-0.01163583585	0.08361180774	-0.01256002795	-0.00971518958	-0.01203973441	-0.1598960118	-0.130549464	0.06159186022	0.09718503772	0.003741477338	0.005760514875	0.009542982715	0.0064665	0.01113508907	-0.1498340513	0.04053518481	0.07183545736
0.05348290706	0.04746755089	0.04840599015	0.1291289456	0.07133409213	0.03742139244	0.01513676179	0.04082013154	0.0762947341	-0.1935159727	-0.1897410839	-0.1935215749	-0.1814903634	-0.192696039	-0.1986448961	-0.1800290853	-0.1934465974	-0.1828677133	-0.1733524608	-0.177722019	-0.0392783169	-0.01558236109	-0.1690478073	-0.08818161113	-0.09457533498	-0.1836041652	-0.1845624528	-0.1889345563	-0.1945859042	-0.0816258013	-0.1840724209	-0.06286353482	-0.0334080304	-0.1339052636	-0.04076278406	-0.1765685557	0.02500359007	0.04932810295	0.04615410856	-0.02570131708	-0.01247699327	0.04042012462	-0.1954362024	-0.07840884536	-0.1866522952	0.02170362348	-0.07163797881	-0.01135455593	-0.07898833506	-0.04103800728	-0.07896292444	-0.0391491631	-0.1878865612	-0.1903683846	-0.1781393743	-0.09261148036	-0.08899597123	-0.03483424776	-0.1948022524	-0.1873688013	-0.183902335	-0.01154750418	-0.1978676548	-0.03908609514	-0.04937214582	-0.0546104438	0.002237008032	-0.002288422148	0.02244914871	0.06424905356	0.133953885	0.07912165309	0.0765105542	0.143301913	0.03049146238	0.04712050771	-0.03140591359	-0.006635246292	0.03816055634	0.05504430178	-0.01772078882	0.01963162632	0.02281236373	0.02213551431	0.03944974232	0.05223155311	0.0522064179	0.05167671913	0.1027190032	-0.00660737617	0.007900738678	0.08915855022	0.06719565575	0.07336194194	0.05513821438	0.1110649205	0.1179225216	0.05728605629	0.0561286721	0.1745501877	0.05731333655	0.08095147592	0.01956320531	0.06375360558	-0.001830654155	0.09060971412	0.07568700467	0.03517692706	0.04102058128	0.04657998921	0.09013354928	0.03257129677	0.03170188284	-0.001242005322	0.02262923844	0.09397396972	0.08140540298	0.07673105411	0.01129892266	0.08448049392	0.09420597172	-0.002147513538	-0.007258502928	-0.04215973888	-6.968565659e-05	-0.0326762701	-0.1923324217	0.0986339142	0.08094453836	0.06465023931	0.05157161366	0.1235002229	0.06836346557	0.02043167485	0.07244241415	0.3237128181	0.1034060612	0.1218995681	0.03363387217	-0.004346544052	-0.01988694833	0.01390706516	0.01489107513	0.02805895254	0.01975913609	0.008903588138	0.05831243443	0.006582511903	-0.01590999571	0.02420689712	0.009743602097	-0.01882376576	-0.04623932913	-0.06520062653	-0.05439556232	-0.0594424418	-0.08572409886	-0.1090459148	-0.0383333991	-0.05817105048	-0.05742095699	-0.0238607375	-0.01314876533	0.06564776449	0.1012751865	0.1569421767	-0.06723695841	0.09134110692	0.03303565799	0.07006163236	0.08445353496	-0.03715363459	-0.04186368657	0.04999771327	-0.01941911061	0.150348132	0.09593683881	0.1164173661	0.1257158742	0.05632256959	0.002487534336	0.02589365029	0.1476488738	0.1752909663	0.04110844674	0.09694126014	0.07569698286	0.1035114052	0.06169758612	0.05643829131	0.03655180754	0.1041614283	0.04304384341	0.02524489605	0.0496030007	0.09065275482	-0.01887201045	0.01964503905	-0.03173252144	0.0560046684	-0.05424994005	-0.01434178557	0.0613995739	0.0339635298	-0.004602073366	0.05899213917	0.002284631484	-0.04942448264	-0.002654071785	-0.01599535055	-0.04029685594	0.06663626725	0.006730390624	0.05874024847	-0.009672355795	0.2048867175	0.06122857874	0.02379824845	-0.03457012176	-0.16822266	-0.1386567363	0.05316524382	0.0219508288	0.06335634994	0.0757693168	-0.07870027976	0.01386648086	0.007757659569	-0.1736662218	0.1147117374	0.07243039243
-0.02241435448	0.07173923474	0.0002291681215	0.01627213504	0.004206670637	0.03672592271	0.01966990439	0.02873520906	0.08505356211	-0.1377540413	-0.1598101069	-0.1393973447	-0.1339771227	-0.1290252209	-0.1239180593	-0.1390247997	-0.1515068345	-0.1299577706	-0.1125826702	-0.1613447736	-0.002262954501	0.003328474673	-0.1311657941	-0.02289762053	-0.01826798039	-0.1197248337	-0.1289301438	-0.1349805464	-0.1215417133	-0.002406010189	-0.1435932974	0.01357820175	8.303801694e-06	-0.0764087741	0.003042314315	-0.1264209027	-0.05031413135	-0.02429986652	-0.02703611208	-0.04540160952	0.008494960239	-0.03898190418	-0.1209141316	-0.01359311702	-0.1139630371	-0.04204292143	-0.01196698676	-0.01490314055	-0.0192042041	-0.008505545103	-0.04433085158	0.003778308188	-0.1237715584	-0.1268403441	-0.1193009796	0.006322593402	-0.01289071623	-0.02468183689	-0.1043564228	-0.1235967847	-0.1015087843	-0.04831477611	-0.1270472676	-0.02272510273	-6.052350268e-05	-0.002320887914	0.04050393524	-0.01389293665	-0.002776355615	-0.02512210649	0.04734031684	-0.002326607515	-0.006847792232	0.06118630304	0.05811234246	-0.05221577742	0.0425082343	0.0662498887	-0.04914655996	0.01285963075	-0.006654229916	0.0008043044798	-0.04632850078	0.05466021423	-0.01421871369	-0.02726357132	0.0398850708	0.05327673149	0.02177935123	0.06901292858	-0.05361241645	0.014660075	0.05117684219	-0.02578143042	0.02102200986	-0.0001075272134	-0.00484597983	-0.01998784204	-0.01389626068	0.100392032	-0.01896041043	0.02789079082	-0.04380553309	0.1296946174	0.01992555591	-0.0227413429	0.006506142708	0.0175179229	0.04173818148	-0.01649669841	-0.01872843825	-0.02578968565	0.008710361798	-0.07547454689	-0.03806347698	0.02953719248	0.03848874038	-0.005954061503	-0.03644724142	0.05574003955	-0.01456357985	-0.01708900986	0.01568613345	0.03878553037	-2.340671881e-05	-0.01070133311	-0.1199280108	0.01448551477	0.008551181976	0.05751754193	-0.02663282914	-0.002047070901	-0.01960730832	-0.06614824726	0.0008516452707	0.1034060612	0.4355579345	-0.004589430347	-0.02792302946	0.05757766008	-0.03832733934	-0.04204933333	-0.01763346141	-0.01208948754	-0.0379083174	-0.04087510057	-0.0173742573	-0.02027691418	-0.03294434183	-0.008323450866	0.0466045147	0.02803755236	0.09784162236	0.07348588731	0.0849126395	0.03476454182	0.02547113017	0.02599389877	0.0900803057	0.07687919698	0.09379773813	0.02017321451	0.1437530491	-0.009555246307	-0.005555779154	0.02683746931	0.08962721177	0.3070531426	0.2063195013	0.3121463061	0.2994985389	0.1738863899	0.08242389337	-0.00846496842	0.03190372923	0.03206356757	0.3386600881	0.06498977094	0.06403321035	-0.0127116443	0.03883728864	-0.04275508065	0.08452964391	0.06635110565	0.1460575143	-0.01081512381	-0.01530048683	0.04287880898	-0.03347678154	-0.04443145309	-0.0218460476	0.01384911216	0.06249737576	0.01301509395	0.002371444112	-0.01022258479	-0.003953393251	0.01221488947	0.01467343005	0.005916366039	0.07564365301	0.07650801792	0.03049432074	-0.009917182575	-0.003929505545	0.02532303958	-0.02531417957	0.02993371098	0.03508341437	-0.007385734643	0.004194658691	-0.03194394768	-0.04204240933	0.0158384114	0.004631750487	0.03725755113	0.005098560472	-0.01309841422	-0.01047253018	-0.134508288	-0.07133099434	0.05103172484	5.374548843e-06	0.003443941817	-0.03667659901	-0.01597215696	0.05121489066	-0.02008612675	-0.1181492364	0.05280331744	0.04892396685
0.0242194155	-0.0592116036	-0.006251041494	0.06277692011	0.002431467613	0.01369734875	-0.0177514245	-0.01304785074	0.05047836661	-0.1583461201	-0.1547808581	-0.1578477732	-0.1472523368	-0.1670244598	-0.1645643257	-0.147221842	-0.1594297209	-0.1587518016	-0.1517063143	-0.1440532669	-0.0401622329	-0.04449699078	-0.141262599	-0.03797197143	-0.03989672333	-0.1594055889	-0.1615803958	-0.1737073042	-0.1657180552	-0.03231957165	-0.1566605657	-0.06600021265	-0.05917859472	-0.09985956439	-0.06243413062	-0.1586057255	-0.01917892538	0.007719536843	-0.0184470594	-0.01490116578	-0.03173242741	0.01340440091	-0.1697751394	-0.02171962265	-0.1700482804	-0.01398919904	-0.04827043709	-0.0684504167	-0.02141564068	-0.03976661844	-0.017983571	-0.03099680891	-0.1692637475	-0.1603850749	-0.1516882201	-0.04612353146	-0.04430430479	-0.02905805779	-0.1737434855	-0.1622261288	-0.1581306652	0.02078749497	-0.1655114011	-0.02035653501	-0.03201254662	-0.03158847704	-0.0624151475	-0.05518077771	-0.03844432697	0.001555117433	0.02921198698	0.06570596535	0.06378264108	0.05174397564	-0.005035459566	0.03084018006	-0.00390808808	0.03079326486	0.005631138603	-0.01163524236	0.02006057914	0.08797597426	0.02310388419	0.07918292293	0.107381893	0.02200958434	0.01497246098	0.158415682	0.1423073136	0.08052439293	-0.005998408463	0.1861609594	0.1141965111	0.002904652906	0.1793203765	0.2283577163	0.3633524526	0.08691433469	0.02857464536	0.04825840154	0.123904763	0.02746836043	-0.009674096209	0.03006862007	-0.00350335391	0.08067759844	0.1389339288	-0.03358741521	-0.05149604908	0.06234798724	0.02092427806	0.02418390547	-0.01764428243	0.1029904525	0.006129189448	0.04535119167	0.1624593948	0.003666068774	-0.02033198542	0.3077341234	0.1761311256	0.02406298147	-0.001660244424	0.01472467683	0.01200019245	-0.05940169473	-0.1661423887	-0.004681029188	0.1446334648	0.07550416478	0.07602416712	0.2730615284	0.05596208114	0.06970948704	0.01034409832	0.1218995681	-0.004589430347	0.3703286703	0.1361234885	-0.01780308367	-0.004765824439	0.02464586237	0.1229997623	-0.005547732337	-0.01192808962	-0.02556402853	-0.01468118446	0.1250777155	0.003970909212	0.1323419265	-0.001901913326	0.0002593888822	-0.001850635973	-0.0212332708	0.009981942961	-0.05356684286	-0.0380008084	-0.03028915298	-0.0100691297	0.002111750798	-0.02764701851	-0.002991530209	-0.0623113785	0.02269852702	0.02023052986	0.1097869359	0.006040474631	-0.01026724513	0.00957350731	0.02429087519	0.006163235443	-0.01119710538	-0.04389537517	0.03549673903	-0.04266813673	0.1131527076	0.001804726038	0.08257046994	0.01674396874	0.0772170208	0.1363609982	0.07734772309	0.02903953386	0.06903029102	-0.00759651679	0.05213900139	0.1049465769	0.02387508426	0.01265492682	0.01680334467	0.04865572931	0.03545515597	-0.02048556209	-0.024528515	-0.01109347185	0.02646457007	-0.04360483817	0.01261242099	-0.008213504888	0.02460427589	-0.03429448995	-0.01680322209	0.1224416062	0.02284815014	-0.02549642753	0.04148726514	-0.06522109103	-0.02106070619	-0.03191470065	-0.02874175965	-0.02629030811	0.01392266418	-0.03577266146	0.01627682635	0.02061149033	0.1147175298	0.1082037258	0.05605980822	-0.05157086056	-0.1357222924	-0.1043126571	-0.04569636342	-0.01376864497	0.008250792095	0.03939007995	-0.05266737796	0.02417046148	-4.289977875e-05	-0.1345753405	0.02327757032	-0.00435852069
0.0382221638	-0.01700025147	0.05054417507	-0.01634250805	-0.00961089705	-0.0428600554	-0.01073203274	-0.0003083870334	-0.003389728442	-0.1620408835	-0.1608558829	-0.1645604308	-0.1532054591	-0.1549695149	-0.1601559588	-0.1526217961	-0.1633246868	-0.1641316668	-0.1405195798	-0.1482671065	-0.04320309272	-0.03352560651	-0.1370282705	-0.02238516897	-0.03000173399	-0.1643605934	-0.1606144814	-0.1539093462	-0.1566516785	-0.03272604911	-0.1538089304	-0.04396455869	-0.04308039008	-0.1036603534	-0.07216108172	-0.1555290734	0.03810024776	0.03895581938	0.02037860014	0.01319548011	-0.03763858609	0.04212997992	-0.1708673892	-0.02160436792	-0.160041062	0.01293331032	-0.03519044174	-0.05755937536	-0.0114451235	-0.02489096969	-0.02560371794	-0.02569927755	-0.167745672	-0.1510170583	-0.1429472474	-0.03153806956	-0.02482235147	-0.02234912388	-0.1696366684	-0.1635018188	-0.1625172346	-0.01053861143	-0.1604158322	-0.01921440238	-0.02853572238	-0.02196652649	-0.007930389423	-0.02442523617	0.01546790105	0.02031541734	-0.02139912729	0.04642440405	0.04755943955	0.04774647866	0.03033694677	0.06275624633	-0.03226135269	0.01843740831	0.03815403567	0.01529621108	0.0237662129	0.03718196873	0.08424953711	0.02231155086	0.1168266772	0.04781104569	0.04255988023	0.1099729437	0.1319838284	0.007653310218	0.03925321246	0.05787506788	0.06150448617	0.04441636056	0.1205079737	0.07613913261	0.1357734802	0.08147160686	0.06607573849	-0.02546979751	0.1354679857	-0.002046358542	0.007204000816	-0.02066849908	0.01706073903	0.09792120526	0.08961432168	0.01564133681	0.01380537256	0.008421431047	-0.01220123227	0.04552441045	0.0183126283	0.128359764	0.04075826822	0.04836377136	0.06005100315	0.04361994163	0.07372326566	0.1111189447	0.1391147375	0.02424023418	0.02265240872	-0.02218639715	-0.002987614015	0.003845928001	-0.1674562547	0.01590899307	0.09043725616	0.0558746398	0.08212621555	0.1363638218	0.04695842403	0.1628398619	-0.01600151553	0.03363387217	-0.02792302946	0.1361234885	0.3555029391	-0.01851475815	0.05508400303	0.1099284253	0.1158579886	0.0236824453	0.07744873278	0.06346887402	0.02406299722	0.1218181403	0.09296199819	0.1247512277	0.03018493351	-0.00971576446	0.0115552578	0.006861103001	0.0009347669779	-0.02407692762	-0.01285414151	-0.005078889041	1.492091413e-05	-0.008453716615	-0.00683278379	-0.03143239551	-0.0273422818	0.05294109824	0.04894103763	0.05132736558	0.004342515424	-0.04894847067	-0.06564968008	-0.02906473785	-0.02374723544	-0.04390489845	-0.04735931253	0.02471519529	-0.009758313157	0.04646176651	-0.04316428202	0.04539444865	0.02577215226	0.09361981517	0.07137351149	0.0859676962	0.01348386278	0.02502711896	-0.03731653995	0.0143498256	0.04263884038	0.06094912235	0.05210801861	0.06771901736	0.1294536049	0.006951440562	-0.0007210436036	-0.02558673521	-0.005136262951	0.0003130217577	0.007735380928	0.05503699793	0.007209345342	0.05849838649	0.01085276304	0.005830481744	0.06900855875	0.05635771468	-0.0287640453	0.01431471758	-0.0227838239	-0.005783669277	-0.01959791704	-0.04858816727	-0.01964577762	0.04345808005	0.02246567285	0.06639920019	-0.00463849895	0.0003216111123	0.1019099941	0.05206750127	-0.03842725781	-0.1372975191	-0.1065640938	0.01365286806	-0.01204618124	0.04867355903	0.06484920384	-0.03277564697	0.0135346485	-0.004359481078	-0.1438155125	0.02052712414	-0.00855213832
0.003852395989	0.06687776839	0.00831167614	0.05559946378	0.02322381897	0.01764364567	0.02506021749	0.02435634823	0.04781453207	-0.1368211481	-0.1534376781	-0.1372931474	-0.1396570324	-0.1407108061	-0.1221499897	-0.1391505711	-0.1544870237	-0.1437928299	-0.115473162	-0.1572157159	-0.04071877207	-0.0497604949	-0.1443536832	-0.02790578724	-0.02720519598	-0.142030741	-0.1487604172	-0.1348210832	-0.1255699981	-0.008909167636	-0.1562112004	-0.003354690791	-0.046588314	-0.06152704277	-0.02886652109	-0.1346553571	0.00588879577	-0.01167100001	-0.01176408426	-0.0631616898	-0.05038828417	-0.04271950876	-0.1152512182	0.0111182918	-0.1166608529	-0.03607872517	-0.02609697537	-0.0291439905	-0.02873776057	-0.04378195131	-0.04882058227	-0.01435243855	-0.126493745	-0.1391727624	-0.1450861857	-0.01426407025	-0.02934507216	-0.05375539615	-0.1278288214	-0.1166135666	-0.1040271696	-0.04209407656	-0.1235499965	-0.05828409466	-0.03956934824	-0.02263684928	0.02067993525	-0.04065107115	0.002304515745	0.01774844795	0.02044792152	0.05098808085	0.04949213022	0.01533040392	0.08236160193	0.04134778659	0.1124689989	0.09817420189	0.06083072089	-0.01134123353	0.05634076711	0.01558868003	0.009715319829	0.1196142108	-0.00333157336	0.02117142598	0.0506505404	0.02744450126	-0.01356473177	0.06309722397	0.01749683708	0.01482713578	0.009299575518	-0.003075640505	0.0831006436	-0.0251109983	-0.01599153989	-0.01244464951	0.0334839501	0.03736497437	-0.008797297095	0.005510610572	0.006581555909	0.07992625645	0.02366795559	-0.05291503598	0.004897610497	0.04531909573	0.08640834407	0.04689024093	0.04604138868	-0.03847377354	0.05340688199	0.02249771767	0.03145753666	0.05056815449	-0.003921274082	0.06726415411	0.05423907493	0.02744746151	-0.01017983937	0.05840109397	-0.00935127351	0.06317141207	0.02108931747	0.04832727033	-0.1136076107	0.02574665971	-0.01474773843	0.06243380753	-0.008536082575	-0.01122058932	-0.01621804532	0.004407235662	0.02793358942	-0.004346544052	0.05757766008	-0.01780308367	-0.01851475815	0.4275777083	-0.009610313335	0.02200009678	-0.01262639099	0.0915895514	0.06252833554	0.05697618636	-0.00552309	0.04072155496	-0.00155019331	-0.01639384949	0.08700589592	0.007928741894	0.007274451584	0.05472898313	0.02756757261	0.03489825929	0.02548404166	0.02863328677	0.063637176	0.02477957112	0.04668729416	0.1040244131	0.04831102979	0.03370142147	0.05592774135	-0.02050116325	0.02577679903	0.0925187013	0.03181643229	0.05767210936	0.05922919132	0.02497528952	0.03812403858	-0.01199896503	0.0120178431	-0.01685785603	0.08057675778	-0.006550499262	0.07098738528	0.0009836516302	0.04318252651	-0.006261334859	0.02913894353	0.03863336274	0.08122507361	0.009582092793	-0.006590814899	0.006141400415	0.0435302661	0.06151511648	-0.02558228076	0.05425448564	0.04656750905	0.0169295609	0.03771502001	0.02797577994	0.01490103909	-0.02048820915	-0.02454557857	0.1048677395	0.1498376335	0.1497944388	0.05842924794	0.09534324489	-0.007257096268	0.06449232409	-0.02157250535	0.01148852835	0.01178970939	-0.002627441994	-0.03591758037	0.04016912654	0.02076668251	0.01997704463	0.04069042493	0.02473735206	-0.03144310788	0.00876317418	-0.05100393148	-0.1354623408	-0.07019652592	0.03516796086	0.03668139753	-0.01802050974	0.03427850391	-0.01450980502	0.01413522891	-0.01132737019	-0.1131916739	-0.01437798209	0.04721755766
-0.01144719107	0.01156782101	0.0253815758	-0.01587656218	0.03149423557	-0.01219048048	0.0594272315	0.08812012582	-0.00436820362	-0.1425762262	-0.1368675568	-0.1419939865	-0.1332157449	-0.121022895	-0.1188769495	-0.1284018858	-0.1373141889	-0.1287291753	-0.1323727649	-0.1250511665	-0.005987211471	0.001059805914	-0.1166818273	-0.01037117372	-0.008138012326	-0.1245776451	-0.1264374936	-0.1198794018	-0.1194259788	-0.02469584084	-0.1195986229	-0.0240664316	0.07016372083	-0.08707641332	0.004452763155	-0.1341086242	0.07421105291	0.07192007238	0.06993994117	0.06316848054	0.01725527576	0.05565027019	-0.1386150184	-0.010208341	-0.1304394188	0.02645025292	-0.03512412758	0.08366460764	-0.01481829047	0.01685795801	-0.003345519779	-0.003128082086	-0.135619993	-0.1183268042	-0.1214182248	-0.02905544738	-0.01859513282	0.04833210164	-0.1339597733	-0.1389565426	-0.1242941009	-0.007938524831	-0.1237490026	0.02531247135	0.008704062533	-0.005207184841	0.06760944819	0.06001127504	0.2104202259	0.1197677511	0.02960479315	0.02405028382	0.02829241536	0.002508103432	-0.006993016721	0.01340011357	0.004499204343	-0.02785757845	0.05966033283	0.04517131591	0.02099501267	0.02443756427	0.04495264759	0.0233987459	0.06178313446	0.005178911801	0.02512782792	-0.007623786073	0.03611349267	-0.04478251875	0.06931889991	0.004051980708	-0.01727829621	0.0460146896	-0.0199777342	0.02839476772	-0.006151234772	0.008115137504	0.05749874818	-0.02487810174	0.03932242571	0.02221521897	0.07457194834	-0.03472511087	0.07833147907	-0.007588120477	0.01529709629	0.06761965239	0.0162121562	0.02893329349	0.005894003287	0.03951191478	0.03473951265	0.03651227867	0.02067830324	-0.02210487507	0.02567349886	0.04549853888	0.0773632008	-0.01690713194	0.02266422527	0.05228166962	0.01401675949	-0.01454004515	0.01395270018	0.01528492389	-0.1357305731	-0.008350691598	-0.003098439355	0.01629712524	0.01142890279	0.01037682164	-0.002322819179	0.01826854844	-0.002093592634	-0.01988694833	-0.03832733934	-0.004765824439	0.05508400303	-0.009610313335	0.4035056991	0.0606116846	0.03246325097	0.03183052228	0.05760459397	0.08361363576	0.1198408022	0.05825453178	0.3094834761	0.01590614446	-0.007916877021	0.02864132232	0.02588746301	0.02928554165	-0.02564721154	0.02528516577	-0.03688362864	-0.03858831874	-0.02061638678	-0.01521830031	-0.009227013295	0.03608581664	0.01504201618	-0.002319736287	0.00976767015	0.01258822067	0.00489823684	-0.03145964163	-0.09361427058	-0.05167994723	-0.04694165218	-0.06722461999	-0.03293994281	0.038002153	0.03669440861	-0.03586965022	-0.04328259927	-0.007867431727	0.01628602321	0.08175798775	-0.0185171039	0.05028537863	0.007969679229	0.003689425484	-0.02699684526	0.02798089679	0.01802915303	0.04760277685	0.03452224354	0.007456635451	0.05047153256	0.0205064565	-0.005396471395	-0.01124860637	0.001737698242	-0.009421475917	0.005111820449	8.346196534e-05	-0.01588945178	-0.02489788105	-0.03186341114	-0.04523301815	-0.03779943609	0.009522696793	0.07124624717	-0.01591354607	0.09559472734	0.03353256624	0.03860753948	0.02006882516	0.03567254081	0.02893433526	0.1687580015	0.05651343515	-0.03273340084	-0.01466156798	0.01693845033	0.003855699217	0.05027047425	-0.1239733606	-0.08428424374	0.02588976817	0.003817420742	0.05051340766	0.008091613499	0.005523575541	-0.02124433287	0.1226865265	-0.1357472114	0.00161229436	0.01488734636
0.07600573845	0.008488876021	0.06715836783	0.01546207671	0.008457139507	-0.04805104924	0.01963702766	0.03494440392	0.01582491037	-0.1615105362	-0.1668248041	-0.1702597613	-0.1604187961	-0.1693746099	-0.1784914751	-0.1568297553	-0.1596733237	-0.1612271203	-0.1732003783	-0.1546358007	-0.05621235606	-0.03736498752	-0.1622386642	-0.04648491613	-0.0481328977	-0.1718656736	-0.1552279974	-0.1592118167	-0.1685718916	-0.04370218981	-0.1662659068	-0.05826965843	-0.03848715862	-0.1234374386	-0.05709371121	-0.1741507185	0.07351863866	0.0381776168	0.05023151652	-0.006493800389	-0.02597140729	0.01279661598	-0.1727597258	-0.04352093577	-0.1643512293	0.01423948235	-0.03888831544	-0.03376653848	-0.02968305413	-0.04205529339	-0.03224901385	-0.01680610816	-0.1660377129	-0.1700316314	-0.1640162445	-0.0430478	-0.03894619993	-0.02972231993	-0.1739473388	-0.178208407	-0.1616900802	0.0002116329808	-0.1622876262	-0.02202610942	-0.03300589142	-0.01859160777	0.02975827048	-0.01608254809	0.05554330363	0.05990591359	0.06729278706	0.06620309536	0.07027470092	0.03082553461	0.03169530415	0.09352553654	-0.004344729711	0.009970241731	0.1258358985	0.0360638029	0.01157691918	0.05179810402	0.06769961846	0.01541197895	0.06287870564	0.08704525599	0.08203797972	0.0525336258	0.06702780457	-0.05317811819	0.1131143453	0.03087357581	-0.02816593304	0.06636741561	0.04036451044	0.03078317522	0.02635894809	0.04220932565	0.1241324571	-0.01303519789	0.0829195213	0.07235569536	0.05230369413	-0.01524124207	0.04354993667	0.02785805421	0.03395612297	0.06445599352	0.01162122599	0.097226028	0.07855527597	0.02090284252	0.03224847518	0.1385497847	0.109490769	0.04053154148	0.04535240962	0.1147251529	0.1422559657	0.0259149086	0.06984369035	0.01474793357	-0.009675338173	-0.04938612787	0.00751063308	0.05045497061	-0.1697912867	0.06350419803	0.03072801209	0.006206854861	0.05075561742	0.03120233913	0.04578158375	0.08627670338	0.01273100382	0.01390706516	-0.04204933333	0.02464586237	0.1099284253	0.02200009678	0.0606116846	0.3379159905	0.08873747963	0.09110405093	0.1570053512	0.1488866677	0.07252793078	0.1340871278	0.06885828275	0.0709375376	0.05443794426	-0.002200976953	0.02528573566	0.0005974530045	-0.005985630156	-0.009891065048	-0.01243588541	-0.01071730305	0.01999380253	-0.002704434172	0.02560913989	0.01731623181	-0.01620293109	0.07786580529	0.04733675666	0.06114555037	-0.03875270661	-0.03111265054	-0.1035540024	-0.05333409912	-0.04022485494	-0.06669546617	-0.03713717622	0.03555062759	-0.02002511443	-0.001439471561	-0.04942084499	0.02615161539	0.04012326536	0.05753717619	-0.01037700137	0.1713723274	0.005650548886	0.02342143155	-0.001127035992	0.04679306337	0.0435405664	0.09148289055	0.08378385169	0.08773216017	0.07308620279	0.0537268128	0.01258118281	-0.02700207156	0.01149303363	0.01033170429	-0.004791498666	0.03300917398	-0.04535843172	0.02719913629	-0.001657266165	-0.02968048318	0.01774682773	0.06539828429	0.01402065776	-0.004233822099	-0.004121582463	-0.01081582153	-0.01637047678	-0.006875153144	-0.02208885705	0.08441631551	0.09285435923	0.08698076928	-0.03363001629	0.03472764446	0.01613924022	0.02846605612	-0.04924863953	-0.156139082	-0.1207060145	0.05278568005	0.02013575792	0.01655907888	0.0811485096	-0.04538133805	0.0316360023	0.006293072358	-0.1581391431	0.03747056191	0.004981309853
0.0556680297	-0.02527556006	0.01933069825	-0.0022365525	-0.04126850086	-0.03653194521	-0.03008217764	-0.01146896193	0.03489399251	-0.1419177668	-0.1383586384	-0.1434415296	-0.133920692	-0.1450037	-0.1512625176	-0.1312543003	-0.1419343139	-0.1441129511	-0.1515621851	-0.1315288399	-0.05494141549	-0.05302242278	-0.136788704	-0.03351108117	-0.03654882786	-0.1453950622	-0.1418635003	-0.1559645497	-0.1443985815	-0.03898256252	-0.1459463511	-0.05899482632	-0.07326381633	-0.1133509215	-0.0700933251	-0.1509140193	-0.009390081967	-0.0008238756989	0.001996219137	-0.0138425769	-0.03108041839	-0.002806749271	-0.1509261756	-0.02370971145	-0.1513912478	-0.01554278207	-0.03041008581	-0.05213105989	-0.01675472041	-0.05251455817	-0.0171032491	-0.04963803252	-0.1539342699	-0.1465072885	-0.1433336026	-0.0387350596	-0.03766603279	-0.0474453943	-0.1584388421	-0.1540590355	-0.1418738629	-0.008074983978	-0.1472999065	-0.02909980296	-0.04373688381	-0.05194764912	-0.02202846758	-0.03797636852	-0.001817738002	-0.01854430682	0.02886249074	-0.00223056578	-0.001027386992	0.04761783067	0.01504778897	0.08378423402	-0.009401932739	-0.02022082941	0.02244088502	0.0002398548724	0.1298719156	0.151789256	0.139346068	0.01114886174	0.2031494533	0.1308745134	0.05410029029	0.1112111965	0.09962915128	-0.01411091495	0.1176986704	0.06926319595	-0.001195710685	0.008155344907	0.1073568581	0.09516941989	0.1201022161	0.1533519801	0.04728681968	-0.0451638206	0.1533543001	0.03611773015	-0.009023137987	-0.04693723258	-8.993024077e-05	0.1352592973	0.0726667849	-0.03813781196	-0.04621285892	0.05964846734	0.1286612	0.004285959165	-0.03549395396	0.1486153509	0.146041421	-0.005460617502	0.1959297188	0.08394843349	0.03386951234	0.1279824045	0.1049466117	0.002451333647	-0.04091976634	-0.03945699345	-0.009003268889	-0.05231068675	-0.1474977832	0.0185900833	0.07302946941	0.0339587752	0.1657731918	0.08819910744	0.1364966396	0.1755399359	-0.04785475783	0.01489107513	-0.01763346141	0.1229997623	0.1158579886	-0.01262639099	0.03246325097	0.08873747963	0.3704873412	0.01761165051	0.02653040534	0.02662469003	0.002537217466	0.1579984291	0.03646084341	0.3508695475	-0.03307789796	-0.02910353616	0.03517360751	-0.005354445643	0.01623055944	-0.03397283364	-0.009340553117	0.008240017637	0.01916604922	-0.009690663915	0.01391157239	0.01211459271	-0.02872967751	0.1342835635	-0.01380869078	0.07243713033	-0.01992682555	-0.04704983378	-0.06267589973	-0.02601047528	-0.02189492371	-0.04201253644	0.0804474398	0.05360377235	-0.004391194706	-0.01483478524	-0.03793666856	0.03298254289	-0.007859438412	0.1299189119	0.05555454235	0.08991885632	-0.01593273578	-0.02948894508	0.004674945014	0.04796393882	0.1009700332	0.07195143106	0.005383867626	0.06919926708	0.1002226183	-0.02558424784	-0.043452103	-0.0262911517	-0.05251195326	-0.02592124038	-0.03643433332	0.03554438047	-0.0481633792	0.008145802003	-0.02999751919	-0.03718068299	0.03712011698	0.02044781801	-0.0171905743	-0.01870641608	-0.05116258044	-0.005460696528	-0.01862153846	-0.05395001512	-0.05499693061	0.0132351094	0.0195130018	0.07966839473	0.08659142154	0.02678862872	0.1742090736	0.2101482284	-0.06793042443	-0.1358700536	-0.1124892146	-0.01518748338	-0.004612973198	-0.004068852638	0.08273786984	-0.02275989864	-0.00853941743	-0.0316977603	-0.1369878846	0.03073111462	-0.05145524375
0.06794568143	0.017731535	0.0830084965	0.04119598131	0.008374541677	0.0817603199	0.0002594216151	0.03388950036	0.1109930746	-0.1662327173	-0.1622197283	-0.166505072	-0.1616336182	-0.1743782976	-0.1697330958	-0.1711738572	-0.1649314835	-0.1682772054	-0.1705036884	-0.1655088533	-0.0443812193	-0.05009114803	-0.1679302982	-0.07589427505	-0.07327000451	-0.1736713147	-0.1712187446	-0.1720218437	-0.17215196	-0.08043484503	-0.1692853547	-0.06167981035	-0.04618090913	-0.1141107936	-0.06498477466	-0.1673171636	0.09225638952	0.03494487253	0.06165182949	-0.01534241337	-0.03210503684	0.01789231146	-0.1759214799	-0.03139775275	-0.172632143	0.04505404459	-0.07197733346	-0.005795529133	-0.05402349858	-0.05945531632	-0.06610287855	-0.03002942226	-0.1732751735	-0.1699554046	-0.1669364818	-0.08265943275	-0.07569761311	-0.05135161712	-0.1831254804	-0.1681036079	-0.1630125679	-0.02567190115	-0.1710777521	-0.05293865395	-0.06549315313	-0.04061474093	0.05179883331	0.009714329949	0.02332836477	0.05605011122	0.0498326863	0.06365562396	0.06164209781	-0.002273835278	0.107603429	0.07108124319	0.09705544649	0.03659218174	0.1729653337	0.08498641807	0.02129930555	0.05322094135	0.06122478807	0.00100405614	0.06056151928	0.05369010585	0.03803597694	0.05241844434	0.00897215543	-0.02871076723	0.06025321539	0.01472858395	-0.04256808869	0.09683952957	0.03044867823	0.0101017662	-0.007746915974	0.0173640737	0.09193841786	-0.008586803726	0.01456380851	0.06423295834	0.0424193689	0.02763292907	0.01987924836	-0.02863465897	-0.01997618308	0.1147594598	0.03418454931	0.1125700443	0.03110871353	0.03422333187	0.0733740475	0.04443919991	0.05613388393	0.02325145008	0.03101939645	0.1355735368	0.181234823	0.01632797799	0.006509437569	0.09873625495	0.01552845752	0.03139048813	-0.01381504688	0.06480993856	-0.1723931999	0.1053597043	-0.003518518937	-0.01742846225	0.00876041831	0.01636377249	0.008030833466	0.03064490775	-0.001516282387	0.02805895254	-0.01208948754	-0.005547732337	0.0236824453	0.0915895514	0.03183052228	0.09110405093	0.01761165051	0.4025505471	0.1806405446	0.1753628567	0.06619615834	0.06793028771	0.01490918217	0.006473826397	0.05094860779	-0.05235315316	0.01714768147	-0.01449497257	-0.02269802345	-0.00966151889	-0.03660576527	-0.01960203934	0.01789650484	-0.01829053839	-0.006529184663	0.05605188041	-0.02797494357	0.04675306555	0.07840117618	0.03748686536	-0.06692244147	0.007754316691	-0.06443018984	-0.03590925956	-0.03092519052	-0.02579245818	-0.001626954191	0.06170425341	0.02408517156	-0.02640885597	-0.01086771657	-0.002701942129	0.09289762266	0.04231440958	-0.04398624563	0.06183240898	0.01446350154	0.03998519688	0.04898002213	0.0664586305	0.0077076723	0.07253177504	0.2373328856	0.08030668971	0.01893776711	0.06792044175	0.009314866427	-0.006865108938	-0.007950192813	0.003808995124	0.05892385749	0.01035957773	-0.006187551411	0.09916549637	0.04243127041	0.02198697375	0.07108059726	0.1288634782	0.01812703189	0.04572111017	0.01383249501	0.008283242816	0.001353179506	-0.04765282537	-0.0256392117	0.2787370138	0.04296331518	0.09731330405	-0.05450838202	0.04069000345	-0.01831389292	-0.001127009447	-0.05050159874	-0.1640257517	-0.1206511258	0.0700896473	0.05473944494	0.04215457	0.08094337468	-0.06372068563	0.06338513471	-0.02726203238	-0.1626007049	0.08348915872	0.05598705093
0.08236200807	0.04727029949	0.105394284	0.04284694166	0.03058000709	0.05057657576	0.03173450047	0.05281531146	0.03210839183	-0.1841739112	-0.1800459769	-0.1841873156	-0.1765121954	-0.1909018955	-0.1921495764	-0.1724619894	-0.1821822843	-0.1891139511	-0.188833553	-0.1673533275	-0.05481062588	-0.05841932138	-0.1850566384	-0.0707183769	-0.06881502539	-0.19398474	-0.1853090535	-0.1869866717	-0.1889578204	-0.07422514687	-0.1864385376	-0.06722234096	-0.03898818476	-0.1362945251	-0.07446658407	-0.1863612956	0.1085217113	0.08004109193	0.09703061543	0.002639224499	-0.03841945802	0.05406822528	-0.1946273123	-0.04833974222	-0.1884129514	0.03185844841	-0.06431814414	-0.005474638107	-0.05198984926	-0.04555430977	-0.06016900171	-0.03192509787	-0.1912166763	-0.1849225437	-0.1788311	-0.07348678292	-0.06588820557	-0.05017309155	-0.200709994	-0.1822255972	-0.1840766422	-0.01438218766	-0.1869259468	-0.05247496332	-0.05653297567	-0.03714862509	0.03894316436	0.01137394173	0.08513967411	0.1044001363	0.02305956551	0.04867922655	0.04686779884	0.03422460446	0.08240450991	0.1117949946	-0.001844071899	-0.004130301271	0.1879431637	0.1022469443	-0.02085350692	0.01739805271	0.08146783774	0.004033979195	0.05142040764	0.0769961932	0.08470466105	0.01817141191	0.03546320841	-0.04795356301	0.09226096241	0.04768955286	-0.04934245819	0.1134262743	-0.007552609185	0.009287793622	-0.01354837402	0.03507522966	0.1278376954	-0.01627457503	0.04639573151	0.05970746511	0.06282421172	-0.004972136055	0.03481557355	0.003662136818	0.03966437736	0.09881240317	0.06747898274	0.1367232536	0.04792883495	0.04300569354	0.08104694084	0.07042725863	0.07277872812	0.02155766351	0.01535634674	0.1708284407	0.2814871323	-0.01360351407	0.03575809612	0.06870764142	0.05511465119	-0.02059836143	-0.02174982125	0.04817202699	-0.1911703759	0.1356351736	0.03023726467	0.02603936215	0.03337017291	-0.01261391355	0.02954992201	0.08460019097	0.02118717163	0.01975913609	-0.0379083174	-0.01192808962	0.07744873278	0.06252833554	0.05760459397	0.1570053512	0.02653040534	0.1806405446	0.3503816843	0.3201270338	0.1009511127	0.04487700851	0.08694251264	0.03287919115	0.05450380161	-0.02943210788	0.002544680283	-0.02047322075	-0.06198848264	-0.02955780318	-0.0684668284	-0.06004767649	-0.02244924782	-0.04392337372	-0.01508573894	0.005693033238	-0.03708566228	0.08987878285	0.1032233961	0.01701435179	-0.08641078427	-0.03662143671	-0.1208169227	-0.08025726968	-0.06051442952	-0.05863892814	-0.07055723339	0.04764497931	-0.01107617707	-0.008063525542	-0.05248794279	-0.002342908691	0.1342052749	0.07707379271	-0.01205376475	0.07424624393	0.03427213748	0.05000490939	0.01279284827	0.03275792004	0.0005080051763	0.07315834762	0.1776962655	0.1260875135	0.0701071656	0.08380230332	0.0108522744	-0.004769061959	0.05235999392	0.03786130261	0.03112522519	0.03725868073	-0.02990258638	0.09248871739	0.03800719449	0.01957535799	0.05395109583	0.1283013014	-0.002499760892	0.03047785643	0.04326886561	-0.02761874181	-0.006924658091	-0.040580716	-0.03510222619	0.1734749719	0.0836123922	0.1473820122	-0.0228721379	0.04199471856	0.008100540158	0.01792091298	-0.05294118964	-0.1700941448	-0.1394912925	0.04440357973	0.01852163405	0.06101556329	0.1186585697	-0.0588946767	0.0128696786	-0.02153981977	-0.1818373017	0.05073228831	0.02852287748
0.07512199822	0.03817941008	0.09637648514	0.02370034633	0.01376776621	0.03774873255	0.01681937174	0.04351707908	0.03156496018	-0.1556376037	-0.1524117834	-0.1581780311	-0.1485938794	-0.1763841489	-0.1775440048	-0.1440113896	-0.1541816796	-0.1753312835	-0.1744852544	-0.1392439556	-0.05349799815	-0.06119908729	-0.1717005899	-0.05133969185	-0.05127464367	-0.1803297145	-0.1712865867	-0.172859604	-0.1753578626	-0.04204810461	-0.1729446904	-0.07011375429	-0.03930503226	-0.1193090311	-0.07633503049	-0.1724484946	0.08790509793	0.06169661567	0.0763222452	-0.01284613389	-0.04466346809	0.0346068939	-0.1810923851	-0.03159944322	-0.1751152061	0.0324918693	-0.07144705972	0.007341677784	-0.034646468	-0.05091995895	-0.04165337897	-0.03659399855	-0.1785642558	-0.1712037905	-0.1648726331	-0.04126267842	-0.03429563209	-0.05400328299	-0.1737254475	-0.1552788465	-0.1590582067	-0.02132173549	-0.1729040733	-0.05408142104	-0.05932626386	-0.03571864523	0.04004865781	0.01258477689	0.06464782871	0.08403156973	0.02486914032	0.04568461132	0.04400781456	0.02341514693	0.07109886564	0.09614673945	0.006484135106	-0.01691980189	0.1899886676	0.08152058885	0.008362545795	0.01880837647	0.07068940094	0.001242822237	0.05709193601	0.069780099	0.07669907826	0.01066424915	0.01744447394	-0.04616409085	0.1171741661	0.03413212182	-0.06218845255	0.09393403297	-0.01597101835	-0.004308015801	-0.0271657757	0.02752635278	0.1253719996	-0.02295811235	0.02832470734	0.05744360506	0.05195982155	-0.01320323206	0.03589621366	-0.01440154718	0.04065351625	0.1141542311	0.0584025127	0.1553154991	0.04595810938	0.02858804484	0.07282873096	0.07598669029	0.07558172916	0.01604879786	0.02109448032	0.178454772	0.3345212364	-0.02719968246	0.01773710578	0.07663614386	0.0691397064	-0.01895509077	-0.02227958257	0.04789533095	-0.1779171799	0.1253134332	0.0231136546	0.02063532941	0.02583882701	-0.02831703354	0.01471932937	0.07681675168	0.01571356224	0.008903588138	-0.04087510057	-0.02556402853	0.06346887402	0.05697618636	0.08361363576	0.1488866677	0.02662469003	0.1753628567	0.3201270338	0.3764649694	0.08046234625	0.04565704891	0.05764693689	0.02598825884	0.04406424072	-0.03148590025	0.006490216939	-0.02462453039	-0.05795762743	-0.02838272498	-0.06445647039	-0.0561543456	-0.01844402571	-0.03630869579	-0.01181011583	0.01031423775	-0.01300440506	0.08238403493	0.09209206119	0.01503813418	-0.04975154515	-0.04691413108	-0.1271602149	-0.08326012485	-0.06473461826	-0.0573239426	-0.06126044861	0.04741217457	-0.008861805566	-0.01861290743	-0.05552166975	-0.007856342688	0.1192058804	0.08547293213	-0.02560914964	0.07790049513	0.02712511906	0.03835744587	0.008815760474	0.04097811349	0.009774816909	0.07692319262	0.1691445517	0.111355205	0.06624519439	0.08366748395	0.002856915776	-0.01036995214	0.04680311542	0.03008213856	0.01976845898	0.02587217148	-0.03583668007	0.08118458207	0.02673749333	0.008277217402	0.04244987896	0.1308952418	0.002262878613	0.01996425699	0.02267484905	-0.02173903758	-0.0107328863	-0.04511811333	-0.04149099017	0.1670373405	0.08081256623	0.1597500278	-0.03081307151	0.03548287483	0.0009395378095	0.009426519621	-0.05937115711	-0.1567832843	-0.1137448661	0.04120538393	0.008281211804	0.04296275647	0.1037813389	-0.04228416237	0.001842435134	-0.02168154625	-0.1553352051	0.03944382987	0.02360975755
0.04188204812	0.07577370808	0.08941193638	0.1182959687	0.1172483703	-0.004487081208	0.07470047337	0.1483997795	0.02931720415	-0.1860685764	-0.1799860016	-0.1847042721	-0.1749512849	-0.1838826089	-0.183791333	-0.1721244427	-0.1871096648	-0.1786171205	-0.1872887188	-0.1687468992	-0.03458498233	-0.02268108971	-0.1800974939	-0.07375740239	-0.07116585817	-0.177599937	-0.1830171085	-0.1850200955	-0.1836624628	-0.07679699209	-0.1773720297	-0.03171267283	0.04211957015	-0.1369171146	-0.003318642715	-0.1820990624	0.1796461217	0.1553077411	0.22937749	0.08066004368	0.04160383853	0.1464163369	-0.1983504734	-0.07175789876	-0.1900092667	0.06332586082	-0.05939888765	0.03927687444	-0.06329528666	-0.001421331072	-0.05322798899	0.002983183632	-0.1857567337	-0.1802207122	-0.1761213697	-0.08183700668	-0.07224301521	0.002414205131	-0.1988209227	-0.1915363547	-0.1834041849	0.012862834	-0.1880164359	-0.01785426274	-0.0191418394	-0.0005008347182	0.1135109714	0.09407825422	0.2437276015	0.2313176367	0.08258338354	0.04939728983	0.05356216088	0.07470955149	0.05413543065	0.0614320882	-0.01757838344	-0.005228701589	0.07790855925	0.1925302987	-0.06415727552	-0.03721338841	0.0457468147	-0.04360482773	0.02800306206	0.03257475611	0.04297779612	-0.02335715871	-0.003635009725	-0.07678491754	0.02817253777	-0.0005470261099	-0.02246234594	0.1992605281	-0.01934463903	0.0006208568296	-0.01494774323	-0.008961589072	0.0999301749	0.0128214037	-0.01172139814	0.08821843614	0.1216129437	0.01609796005	0.07399514878	0.01092429207	8.751858777e-05	0.05163389164	0.0496414189	0.003699951108	0.08551148386	0.1241179636	0.05732102822	0.009473620621	0.03543606658	0.02761780467	0.008505281093	0.038366358	0.08043833869	-0.01814897647	-0.01725739557	-0.01952548081	0.002135295015	-0.09041010794	0.0114371328	0.02520961068	-0.1943735092	0.0697484229	-0.0003890166802	-0.01243834382	-0.009213620691	-0.02411320213	0.01481930055	0.01904348863	0.05061311185	0.05831243443	-0.0173742573	-0.01468118446	0.02406299722	-0.00552309	0.1198408022	0.07252793078	0.002537217466	0.06619615834	0.1009511127	0.08046234625	0.3200815593	-0.007979384808	0.1528623989	0.008948946442	0.01098001081	0.03058752249	0.001597970492	0.02206183453	-0.05113501477	-0.01908281266	-0.07158953419	-0.09351051568	-0.05531727328	-0.04824898654	-0.02273359449	0.02291254712	-0.06991210787	0.03454606697	0.1011816079	-0.01221591533	-0.1001124435	0.005977870879	-0.08347564488	-0.0321452146	-0.03038408694	-0.1206184897	-0.0561660245	0.08172321774	-0.01505517505	0.01381327797	-0.009602406618	0.06766842058	0.08925174086	0.05597596719	-0.05003812119	0.01887540952	0.06823748749	0.08428514413	0.002083411964	0.05036575436	0.01344288901	0.09835752868	0.0872926325	0.05361936234	0.02637195125	0.09693451049	0.0513569219	0.02410753567	0.0438182644	0.04356099688	0.03638210954	0.0813367481	-0.01134391791	0.04693738087	-0.0005435627603	-0.01978628272	-0.02549919014	0.06458319719	0.04638912973	0.008951190136	0.2004673174	-0.03071145848	-0.003849028482	0.001706990279	-0.01036156654	0.07884038155	0.1974540622	0.0161353518	-0.05248161545	0.06907362205	-0.00148543598	-0.007675205887	0.01657783508	-0.1737909212	-0.1270517654	0.07136755486	0.02388316682	0.1319691427	0.06442665347	-0.06590380625	0.02659504558	0.07648851375	-0.1809233581	0.1121753424	0.01295509592
0.04876527923	-0.05320640593	0.01890215845	0.01499879469	-0.04894080354	-0.02770584717	-0.03863696066	-0.007675648155	0.06958287931	-0.1632942179	-0.1613057575	-0.1651150394	-0.1548072343	-0.1632601521	-0.1742929673	-0.1684589033	-0.1639456593	-0.1630707245	-0.1675024237	-0.1641303881	-0.06912129314	-0.06467163149	-0.160303455	-0.01579191104	-0.0229127206	-0.1626050621	-0.1626813942	-0.1662927909	-0.1638115055	-0.03193741877	-0.1631911078	-0.05663303643	-0.06728697611	-0.1178313016	-0.08120468942	-0.1673298751	0.004471079618	0.0007964955034	-0.01473998736	-0.01861202178	-0.07671427433	-0.01677411328	-0.17424975	-0.0263625515	-0.1703247669	-0.005207709839	-0.04987650591	-0.05541350063	-0.006964201594	-0.06610125557	-0.01375240554	-0.02478982904	-0.1691174243	-0.1658439293	-0.1604891554	-0.02623963989	-0.02318929145	-0.04922372707	-0.1813786184	-0.1726652248	-0.1643880266	-0.02404023764	-0.1619399343	-0.03249411528	-0.04210114861	-0.0224954439	-0.01156831696	-0.04248197321	-0.01923925856	-0.01190564438	0.009224840992	0.09131558219	0.09293877422	-0.007041365413	0.04004733027	0.08350426568	0.07020018422	0.05227354191	0.03739498417	-0.007759874561	0.04708488366	0.09897949464	0.0689556845	0.07168590965	0.1949671343	0.04258586118	0.03670508382	0.1339965817	0.09105972801	0.04404743836	0.06601683821	0.1031239128	0.003644969096	0.01038429025	0.1203770829	0.09333946933	0.1231147167	0.04523741605	0.07987648583	0.0114551783	0.08134923583	0.01841923871	-0.007196150801	0.03885077762	0.01080655518	0.04781715571	0.09854243227	0.003249400852	-0.02785938416	0.07918086103	0.02698262841	-0.0181818923	-0.03045699013	0.1861751738	0.09019825018	-0.01158019421	0.1477117347	0.07769688248	0.04952385322	0.1367730616	0.1219169198	0.06406807578	0.01541354163	0.05736006237	0.0443111076	-0.02442372427	-0.1705270764	-0.02370275142	0.08397910539	0.08191760623	0.04356705143	0.09595894047	0.03888895902	0.1049812293	-0.02527701448	0.006582511903	-0.02027691418	0.1250777155	0.1218181403	0.04072155496	0.05825453178	0.1340871278	0.1579984291	0.06793028771	0.04487700851	0.04565704891	-0.007979384808	0.369334911	0.05194961143	0.1402823306	-0.01263099706	-0.02207733297	0.04099918971	0.03606889341	0.06865036394	0.008588612705	0.04880490418	0.05728226173	0.06226313849	0.04576410352	0.03156687569	0.0323443349	-0.02364339813	0.04281086823	0.00688295894	0.08542529264	-0.01298462928	-0.01550766898	-0.01542188958	-0.01548991124	-0.0219855523	0.01496446421	0.01565394295	0.04208206018	0.02689194995	0.0279232037	-0.02829297732	0.01177540796	-0.006263735794	0.1519673048	0.07526084621	0.1889453738	-0.02170542839	0.02048803486	0.06139908916	0.07431142041	0.1156315411	0.05252369507	0.001442824812	0.06750005986	0.05952687166	0.01763623703	-0.02911435616	-0.04874694133	-0.04840276783	-0.01369043083	-0.02964754829	0.01190325832	-0.03851583325	0.04202689414	0.03583150617	0.003145771708	0.1023815122	0.04607045563	-0.02842486312	0.02994082692	-0.06675664639	-0.0108929729	-0.03299681198	-0.05315753614	-0.06489837095	0.001853255346	0.01100046	0.05411338095	-0.003295367544	0.04715935883	0.0521967366	0.06922211028	-0.08580585319	-0.1603252963	-0.1195800915	-0.01318941335	0.01696133303	-0.02189286519	0.07719070171	-0.03369588405	0.02253890022	-0.01080191138	-0.1563566396	-0.02170653739	-0.01837752535
0.003360784765	0.01329290663	0.03386782158	0.01253209215	0.05909688249	-0.009576811146	0.0847284145	0.08468309093	-0.009122538997	-0.1598814184	-0.1533157813	-0.1573521769	-0.14984904	-0.1393655175	-0.1365817103	-0.1455743436	-0.1541113851	-0.1467913414	-0.1503595515	-0.14208663	-0.01436900947	0.01117308985	-0.1348191875	-0.03863371995	-0.03707684778	-0.1419336475	-0.143386328	-0.1380201447	-0.1355137527	-0.04651840476	-0.1364939896	-0.01762627953	0.07354389542	-0.1033156012	0.006673111953	-0.1514777798	0.09544565568	0.08586447786	0.09195697085	0.08138684463	0.0265559165	0.07989382019	-0.156314864	-0.03410061802	-0.1472919544	0.02758161056	-0.02424506391	0.0477346043	-0.0347451177	0.03155946343	-0.03115810463	0.003743260481	-0.1523311325	-0.1327415612	-0.1357720335	-0.0508476859	-0.04287758075	0.05238867289	-0.150857909	-0.1545755928	-0.1421426669	0.0008348989557	-0.1411897195	0.03606831356	0.01999568402	6.00869401e-05	0.06503676966	0.05567065826	0.2530267141	0.1422598282	-0.005134216334	0.0194444482	0.02359357631	0.02079330176	-0.0007514909712	0.04466651904	-0.02757996029	-0.01154925349	0.03782292098	0.06714497581	0.002167119176	-0.01119485158	0.06840091673	0.003872507485	0.04750866015	0.02944976561	0.01817501387	0.01783492333	0.070993636	-0.0536243607	0.03799279987	0.01884615156	-0.005417025148	0.06676167265	0.007241007141	0.03591378378	0.005966503691	0.03239923832	0.03582605628	-0.03134913553	0.07423490081	0.005096104487	0.09578191109	-0.03536358237	0.08402317549	0.02824256273	0.02910631595	0.0339954697	0.01737475518	-0.004834038745	0.0109429382	0.06014088476	0.03646163394	0.02918575568	0.01404854282	0.002819996884	0.0127855446	0.02960627782	0.05573933038	0.0005853031159	0.05759781671	0.01213358323	-0.002738921715	-0.05353988048	-0.009533438031	0.02395092539	-0.1530775549	0.01276660211	0.02949126665	0.03214616002	0.03575787692	0.02370391721	0.03119783668	0.04295416127	0.01211471352	-0.01590999571	-0.03294434183	0.003970909212	0.09296199819	-0.00155019331	0.3094834761	0.06885828275	0.03646084341	0.01490918217	0.08694251264	0.05764693689	0.1528623989	0.05194961143	0.3747406326	0.04279535094	0.006711474487	0.03518875666	0.003038952155	0.04051807759	-0.04840941745	0.01826155441	-0.05968931808	-0.06188767469	-0.04341116963	-0.04101435453	-0.01918501548	0.01376940837	-0.01485933816	0.01610755914	0.01633237408	0.004196739064	-0.0296723542	-0.01236917587	-0.07782975033	-0.03778400649	-0.03456892844	-0.06829550739	-0.06041028405	0.01379251957	0.02118761691	-0.03484776367	-0.02800081455	-0.002032344334	0.02927423144	0.06176530711	0.01566143837	0.04617948365	-0.003165250924	0.003391904888	-0.0309491825	-0.000418087633	0.006436693494	0.04084666383	0.04543726868	0.02900475189	0.06432891034	0.01943991225	0.004090346924	0.00249857708	0.02106748926	0.003572908992	0.01439385878	0.02462422471	-0.008425018601	-0.0185118048	-0.0254844669	-0.03600656248	-0.02154617775	0.01299850556	0.06222372887	-0.009737266337	0.1093220996	0.02107752883	0.04794695029	0.03012080678	0.04966417228	0.0355245394	0.1689020652	0.03138270992	-0.01006144066	-0.01172058015	0.05381091552	0.03049705814	0.05847237146	-0.1400465747	-0.1002151915	0.007479826551	0.01501689343	0.06794147413	0.02135010641	-0.01065342087	0.004385037596	0.1240525106	-0.1510349632	0.0184797515	0.02051169703
0.06472545762	-0.01565685388	0.02696775231	0.00413986865	-0.03471928383	-0.03222632361	-0.0236681814	-0.01008628361	0.04724787937	-0.1438378355	-0.1400785045	-0.1440224555	-0.1358194366	-0.1493402648	-0.1545875701	-0.1333192562	-0.143700561	-0.146956156	-0.1554234133	-0.1336088014	-0.06160689058	-0.05493255403	-0.1412676676	-0.03825032804	-0.04165250836	-0.1486836849	-0.1451032693	-0.1601388353	-0.1470057043	-0.04268713096	-0.1489275632	-0.06088497258	-0.07042738027	-0.1157179379	-0.07443140154	-0.1540030764	-0.003049733189	0.005644842551	0.008392185751	-0.007145188039	-0.02676007959	0.00358204748	-0.153895772	-0.02683544027	-0.1541658866	-0.0229796507	-0.03602800785	-0.05835041269	-0.02003575169	-0.05025879826	-0.02676768057	-0.05091499398	-0.157722122	-0.1465834518	-0.1434095531	-0.04247770701	-0.04155544872	-0.04956727783	-0.1604051895	-0.1546367029	-0.1446202748	-0.01010212237	-0.1509486473	-0.02889594531	-0.04342807363	-0.05614202601	-0.01798895875	-0.03397131141	0.004606616069	-0.01216249153	0.01300768233	-0.01047229974	-0.009196807799	0.05666217679	0.02429095447	0.09000106476	-0.02775199485	-0.01121919222	0.005196265739	0.006652993095	0.1270752386	0.1341716424	0.148298452	0.001290595061	0.1845003962	0.1398929804	0.06317173719	0.1203282259	0.1085513569	-0.004758084293	0.1156376196	0.07839432131	0.008138834748	0.0145566031	0.1164421899	0.1045190152	0.1294090954	0.1622894536	0.03430003181	-0.04516270436	0.1622925262	0.01827183878	-0.00369219649	-0.04571141651	0.009657896656	0.1441683519	0.08185182125	-0.04436054065	-0.03658737512	0.05537716991	0.1195522638	0.01159552163	-0.03156741279	0.1295981445	0.1283942746	0.003756887281	0.1767315138	0.06639805702	0.03322455867	0.1373119853	0.1138613657	-0.01562504875	-0.02911733738	-0.05408247998	-0.02368765707	-0.05238273375	-0.1503920223	0.02775091333	0.08226021501	0.04309058958	0.1746930396	0.09755572165	0.1454228161	0.1855366438	-0.03875047422	0.02420689712	-0.008323450866	0.1323419265	0.1247512277	-0.01639384949	0.01590614446	0.0709375376	0.3508695475	0.006473826397	0.03287919115	0.02598825884	0.008948946442	0.1402823306	0.04279535094	0.3648410391	-0.02446636948	-0.02643787702	0.01769132476	-0.002654895698	-0.001226378792	-0.04205961211	-0.02681974846	-0.009148659369	0.001715191713	-0.02657623379	0.006273098745	-0.007030057696	-0.03076668976	0.1433644043	-0.004479701224	0.05382494946	-0.02433024369	-0.03761693991	-0.05350220125	-0.01684798149	-0.01696130963	-0.02980364689	0.06181120084	0.03615311231	-0.01787259289	-0.006114008508	-0.02883763246	0.03805605642	0.001398028814	0.111484203	0.06466920779	0.07229378455	-0.01557245963	-0.01994800534	-0.01394222281	0.03674301575	0.08319775731	0.0569168802	0.01439146331	0.07569218663	0.1118872747	-0.01513522046	-0.03851533593	-0.01716868079	-0.04313373626	-0.01680688241	-0.02731069573	0.04465786216	-0.03863801381	0.01739804949	-0.02092274846	-0.02808644128	0.04633565448	0.03134978266	-0.03027458399	-0.01010124298	-0.04809453296	-0.009169394686	-0.02155311071	-0.05461231281	-0.05435363895	0.02607088135	0.0005220455641	0.09203964472	0.09549962159	0.02703064794	0.1831398724	0.2191162463	-0.06665239713	-0.1372505979	-0.1138538362	-0.0339324175	0.005612216105	0.002250299511	0.08922230218	-0.02576473257	-0.00209712265	-0.03942025466	-0.1375387118	0.03981517703	-0.04207138567
0.01057096743	0.03165802646	0.02169336357	7.117871946e-05	0.0009978011611	0.002644706452	0.03762546067	0.03132870517	0.04081655552	-0.1841067566	-0.177157266	-0.1783731988	-0.1745360645	-0.1658688928	-0.1519805956	-0.1814643145	-0.1706317038	-0.1815154143	-0.09293200151	-0.1757309011	0.0380286461	0.02058856424	-0.1318235338	-0.006404157385	-0.0009368546812	-0.1591012192	-0.1705449783	-0.1681934559	-0.1544445582	0.01795818181	-0.1753008152	-0.008151031721	-0.05157160496	-0.07335160465	-0.02801851228	-0.172482174	0.02920138886	0.01250066529	0.01750541968	-0.02036317648	-0.003073344619	0.04558046116	-0.167860316	0.01047155592	-0.1527149376	0.01890462097	-0.02810421232	-0.02857279593	0.02742328393	0.03183747294	0.01401890559	-0.01346395653	-0.1627615733	-0.168900763	-0.1607664549	0.02229728717	0.007915754792	0.0007855499158	-0.1568174822	-0.1654188421	-0.1585504423	0.01839419121	-0.1632573726	-0.02171702763	-0.005209889186	-0.009234387366	0.02626841278	-0.04677916401	0.02416303718	0.04074100538	0.01671073031	0.02233629811	0.02349926463	0.06704596356	0.09776783775	0.03680633819	0.05618529639	0.08765114618	0.08743577898	0.0231696563	0.0243710753	0.02426522351	-0.002137605083	0.0105280212	-0.009214061112	0.02429124296	0.02278693437	0.009438701776	0.02829778876	0.03838877984	-0.006921999525	0.03211384222	0.0563640539	0.03441718204	0.02239540254	0.001848187258	-0.0001399566502	0.01876839697	0.02729594619	0.005645812457	0.04313205631	0.03097893139	-0.006927947442	0.04681745076	0.05033784732	-0.03242859585	0.0171916238	0.06222091453	0.04434944611	0.01661398935	0.01379606088	0.0827559384	0.09435955719	0.01535149854	-0.001585273763	0.08531644075	-0.04066311786	-0.01332834051	0.05000156826	-0.002086644073	0.02934994029	0.01967046834	0.02237739261	0.06850214514	0.05254862527	0.02363162175	-0.1656336617	0.02086598661	0.01190487435	0.05365132734	0.01609008427	0.02083899401	-0.03046212688	0.02879326655	0.02316041652	0.009743602097	0.0466045147	-0.001901913326	0.03018493351	0.08700589592	-0.007916877021	0.05443794426	-0.03307789796	0.05094860779	0.05450380161	0.04406424072	0.01098001081	-0.01263099706	0.006711474487	-0.02446636948	0.400781033	0.02724621593	0.01900234598	0.0396627121	0.02580755769	0.009966260671	-0.003155286608	0.003594923806	0.04793492128	0.01890831473	0.002870376949	0.03575916107	0.03665260756	0.01708474403	0.06650064396	-0.00788242957	0.01941015425	0.05951836142	-0.006571146759	0.06317830481	0.06054381808	0.01699686018	0.02735500111	0.01804014008	0.01560494962	0.00642596933	0.06332462714	0.04716656366	0.03305687312	-0.02939197577	-0.004388760261	0.01464086409	0.02734275456	0.03743664218	0.06947324512	-0.0003662840567	-0.006413137599	0.004192283923	0.04788373047	0.04403072509	0.02033720726	0.04724061609	0.009630084006	-0.006129211625	0.01892296824	-0.01117627701	0.0420992055	0.04873931931	0.009815070483	0.1120711294	0.1317547069	0.1379089857	0.0590258077	0.1391959089	-0.01985597877	0.1532943002	-0.01820981265	-0.02075175641	-0.01001507603	-0.004500402989	0.05821873553	0.04271389213	0.03525036623	0.01722338471	-0.002462731601	-0.01097392852	-0.01177851529	-0.01456726484	0.01686169969	-0.111334796	-0.08808151159	0.06469221351	0.03738363577	0.04995382913	0.0205097701	-0.05428460992	0.02558686867	-0.04682847031	-0.1037154731	0.02804293236	0.05707008149
0.002233831278	-0.04281400333	-0.02301357631	-0.03389763482	0.09389492152	-0.01555527644	0.01444565935	0.06253669101	-0.03326083844	-0.08853942244	-0.07618709614	-0.08073560153	-0.07665337054	-0.06419452509	-0.05150558691	-0.07332318732	-0.07883870996	-0.0769729206	-0.09452633131	-0.06526973462	0.0246271299	0.03738710605	-0.1095041843	0.03220909208	0.02815402456	-0.04615837025	-0.06730415105	-0.06402255874	-0.04864743672	0.04675706029	-0.06982432209	0.0982884577	0.01448914324	-0.04584302757	0.0653278535	-0.06948551065	-0.007827466412	0.0125554339	-0.008852993615	0.05749544025	0.05147030006	0.0192108421	-0.06755249845	0.01629511528	-0.0534327919	0.01233616365	0.07512945829	-0.02001947932	0.01631627589	0.0593079542	0.04138440717	0.03910482449	-0.05555429392	-0.06956943475	-0.0632831281	0.0459256113	0.0284708562	0.03671663373	-0.05785674445	-0.06858159559	-0.05301360653	0.006362379255	-0.06093741159	0.06401440585	0.0943434673	0.04940144209	0.01007344932	-0.008472947162	0.03217860217	0.0240775259	-0.03482782155	-0.02527203784	-0.02404508022	-0.01191430125	-0.01317342699	-0.01905644109	-0.03341158143	0.005367910221	-0.04750294024	-0.02312996807	-0.07089726966	-0.04837751884	-0.05195123031	0.04696745382	-0.02976969381	-0.04908870631	-0.02372600445	-0.01456913375	-0.03608710234	-0.02418333911	-0.02858647416	-0.009744341602	0.05304567204	-0.03804402223	0.004643688701	-0.01131349894	0.0006986469216	-0.04466299415	-0.04151671181	0.02365911622	-0.03787506198	-0.0342176076	-0.01046628392	-0.01638673109	0.06583524925	-0.07586924526	-0.03997008267	-0.01727591239	-0.01076740747	-0.0117017277	-0.05433817463	0.04302856411	0.003978943173	-0.01273720084	-0.05283212986	0.008338218858	-0.01611115698	-0.03525756803	-0.03426003157	-0.007882928997	-0.03095838147	-0.02369071815	0.01243849482	0.005750577564	0.009965299529	0.01485624466	-0.06707365812	-0.02899518358	-0.03772425503	-0.03172768902	-0.04833980407	0.003215786527	-0.03577213157	-0.05423182787	0.06319718242	-0.01882376576	0.02803755236	0.0002593888822	-0.00971576446	0.007928741894	0.02864132232	-0.002200976953	-0.02910353616	-0.05235315316	-0.02943210788	-0.03148590025	0.03058752249	-0.02207733297	0.03518875666	-0.02643787702	0.02724621593	0.4902016831	0.1007487295	0.2745417285	0.2069462401	0.07281545879	0.1666126992	0.1754227549	0.2361062268	0.1751410062	0.2092671829	-0.005412781128	0.02831954961	-0.05600948578	-0.04740331472	-0.019369906	0.06873305907	0.05677079924	0.03298583206	0.06964148653	0.06951374989	0.0210000041	0.02099620926	-0.03405775682	0.01003395131	0.001420637635	0.0648147775	0.01376223294	-0.006363057165	-0.04780173011	-0.006185238769	0.002664931424	0.04416024852	-0.01705158422	-0.006908848942	0.004648568981	0.01711853755	-0.06108118618	-0.05226629844	-0.03330896234	-0.03137179155	-0.02927840006	-0.02546603571	-0.01341748471	0.01134698805	-0.00382910283	-0.01854586565	-0.01185411052	-0.01663662232	-0.01383912491	0.03963462283	0.007078398001	0.02621617785	-0.01178134092	0.03925828736	-0.01277843054	0.00279163758	0.07258315749	0.05570138843	0.04766804373	0.03056497438	-0.05100539686	0.03195618725	-0.006026713019	-0.06894941567	-0.03207869037	-0.03428587527	-0.04002879183	0.01015774991	-0.08426774944	-0.03894487491	-0.0111955371	0.04534809739	0.003928023306	-0.02609502554	0.03251524045	-0.009548421822	0.04415980521	-0.08057182023	-0.03134449162	0.01964281464
-0.04753969139	0.02035412046	-0.03149819814	-0.04658808832	-0.0226568558	-0.04121173478	-0.03782944958	-0.04904190298	-0.01259707393	-0.1064490164	-0.1007536376	-0.1084664892	-0.09739034017	-0.08113192201	-0.08599277024	-0.108947312	-0.1035416678	-0.1034111931	-0.07319621869	-0.105758028	-0.02048609547	-0.02654849537	-0.07925260246	0.001400968635	-0.002156201797	-0.08639514256	-0.07906142953	-0.09076358754	-0.08677964602	-0.01445637445	-0.07670433041	0.01224997777	-0.04679267661	-0.04013514623	-0.04359592958	-0.08444991546	-0.02397650996	-0.01261533945	-0.01504415966	-0.002681496468	0.01116871634	-0.006590536914	-0.08686749421	-0.01737245531	-0.08741925517	-0.01717885345	-0.01222037468	0.01333563922	0.03322472289	-0.03240982243	-0.0008059191398	-0.01513176854	-0.09357837629	-0.08442611087	-0.08201243707	-0.005964988433	-0.009176389953	-0.02911809109	-0.09393992132	-0.1060539773	-0.07268658859	-0.01894421341	-0.07857394581	-0.01563814388	-0.01421637484	0.0003961083067	0.02567276591	-0.001475544842	0.007730762824	-0.001786137695	-0.02399160931	-0.01708319845	-0.01497315952	0.003308987603	-0.004971161721	-0.05605911767	0.0511557528	0.04894473438	-0.005451415654	-0.009316519479	-0.002740004634	0.04011089639	-0.03301848611	0.03664726766	0.04305741124	-0.06516598417	-0.03048726485	0.02042292781	-0.03079515996	0.01426922012	-0.03471671231	-0.01184418181	-0.004711776676	-0.02015320565	0.02390273594	0.001498973006	-0.005665322414	-0.03911251015	0.002296673666	0.004916329146	-0.01263939622	0.02250140876	-0.0299847323	0.03699719566	-0.01080545967	-0.02669893589	-0.03339522913	0.04512989572	0.0006435339836	-0.01408136133	-0.01218507054	0.01347554579	-0.02627327421	0.001632196535	-0.008531271806	-0.0008404586432	0.06323342158	-0.01439638837	0.008755825443	0.03217482114	-0.04191290817	0.01193131506	0.08117813775	0.09873149053	0.1180664961	0.002703127943	-0.08490033777	-0.03737989	-0.03674980891	-0.02008958618	-0.04375935043	-0.02601152233	-0.04149719251	-0.02110308926	-0.01476730141	-0.04623932913	0.09784162236	-0.001850635973	0.0115552578	0.007274451584	0.02588746301	0.02528573566	0.03517360751	0.01714768147	0.002544680283	0.006490216939	0.001597970492	0.04099918971	0.003038952155	0.01769132476	0.01900234598	0.1007487295	0.4635560582	0.1960407301	0.3259337953	0.02494802701	0.2759406476	0.2764924266	0.2804591286	0.2456470354	0.2117415632	0.02122079176	0.06266332797	-0.06457059911	-0.03712653391	-0.02485804188	0.1526763573	0.1111014333	0.09759091194	0.1418048855	0.09875341004	0.09174822554	0.08119282635	0.04505593181	0.03177557581	-0.001531348078	0.1188142219	0.04799998455	0.004814396814	0.03968378757	0.005603617278	-0.0003250249785	-0.002291669507	-0.03262077707	0.07825150347	-0.006327136472	0.01688013297	0.01349736671	-0.06377141266	-0.05724207034	0.009927323734	-0.01655907568	0.007238315866	0.008444997799	-0.005894398863	-0.04488370794	-0.01694059496	0.03282262016	0.02650964368	-0.007663560681	0.04967115439	0.01087912174	0.006055234416	0.03975098878	0.01422552839	-0.02987904011	-0.02359481249	-0.01478390933	0.00217401129	-0.02086988155	-0.01570864696	-0.06743286017	0.02797078418	-0.02155684962	-0.008568668996	-0.05273980938	0.002423716263	-0.01349078833	-0.0341737671	-0.1034210481	-0.04575371488	0.07258765993	0.009144910473	-0.009202911058	-0.06350774576	-0.02207176691	0.004056076063	-0.001517813124	-0.08891084044	-0.01373049273	-0.02191449091
-0.02079318019	-0.02090921152	-0.01428065568	-0.04910403613	0.01165772374	-0.007390478292	0.02422231405	0.04286546251	0.002229964506	-0.1282544934	-0.1192886837	-0.1221387209	-0.1196405481	-0.1078548083	-0.08082787688	-0.1266995501	-0.1228794066	-0.1177952839	-0.08589016851	-0.12020753	0.02619212798	0.03305663799	-0.106787837	0.02789044108	0.0231923753	-0.08824461888	-0.1090412582	-0.1117804064	-0.0839816022	0.02996380013	-0.1062979649	0.09869754632	-0.0008560421343	-0.05081845827	0.01535557721	-0.1125491241	-0.01177770002	-0.01181916463	-0.009455913971	0.0277388207	0.01898570323	0.001196357866	-0.108587247	0.01900302994	-0.09424539479	-0.01050480175	0.01990778974	-0.02434581665	0.05386032843	0.04157288613	0.007483284001	0.02514175572	-0.09870032973	-0.1084079566	-0.1046808218	0.03997601373	0.02625775158	0.02684847767	-0.1001627351	-0.1118580566	-0.09449533957	0.005944948938	-0.103475834	0.02392337847	0.0522654342	0.02650034115	0.06749729412	-0.01433886163	0.03062048014	0.0158205224	-0.06001068213	-0.01879713029	-0.01727507661	-0.03260386488	0.01521640733	-0.01483636241	0.04076320047	0.06754873687	-0.05074268744	-0.006099993506	0.007124369267	-0.002096465208	-0.02890164613	0.04270935081	0.01109094976	-0.04156936654	0.007132312225	0.01742672102	-0.02488542417	0.03998494548	-0.01800942271	0.0002433879347	0.02031883044	-0.03664049767	0.01664407834	-0.002943411544	-0.02092189889	-0.03175850376	-0.03751628579	0.01464815747	-0.02259289336	-0.04871352475	-0.01125916845	0.03761336213	0.04174221897	-0.05541449689	-0.04002766976	0.002338144001	-0.01549162803	-0.005080774927	-0.0585905429	0.01200271135	-0.02300651216	-0.00597416676	-0.03544126744	0.008641734512	-0.004503158396	-0.03149386878	-0.02690715943	0.009980781036	-0.0192020266	0.01149628844	0.06537444983	0.05133515942	0.05311393502	-0.004643793296	-0.1069137884	-0.03972273952	-0.03821256173	0.01951931498	-0.02788910497	-0.01827415493	-0.04994109844	-0.02812556012	-0.01721351808	-0.06520062653	0.07348588731	-0.0212332708	0.006861103001	0.05472898313	0.02928554165	0.0005974530045	-0.005354445643	-0.01449497257	-0.02047322075	-0.02462453039	0.02206183453	0.03606889341	0.04051807759	-0.002654895698	0.0396627121	0.2745417285	0.1960407301	0.4564601803	0.2432233373	0.1320888472	0.2168194016	0.2298932675	0.2616945118	0.2282849847	0.2039421593	0.03460898266	0.07017437219	-0.04265192807	-0.05896811192	-0.02361149325	0.1136236383	0.09183467047	0.07613680473	0.09967715073	0.08366021013	0.1037978084	0.04444396167	-0.03551524932	0.07034994644	-0.008936914162	0.100457395	-0.01365890524	-0.03637235751	-0.01287289858	0.02688849708	0.004148250253	-0.03707888692	-0.04610846996	0.06824431354	-0.0242329742	-0.004719898826	-0.03524657903	-0.06265355742	-0.024057509	-0.02063999412	-0.04475333582	-0.0180854815	-0.02527363887	-0.02608473956	-0.05513822546	0.006258408905	-0.02295131803	0.009806168798	0.0165097204	0.08791470542	0.06329348902	0.03524657124	0.01754508141	0.01065111529	-0.0007977974432	0.00465094828	0.02507215706	0.02137924168	0.0126364231	0.02428577341	-0.05933309588	0.02771467642	-0.01307868299	-0.01835998093	-0.05525859041	-0.02189099066	-0.01192011081	-0.002462211533	-0.1084489311	-0.04928937004	0.01869087562	0.02882576271	-0.01716995227	-0.01970503097	0.01489452955	0.008012452762	0.03230467398	-0.09116818825	-0.03942924646	-0.01650410203
-0.01265307885	-0.03217965004	-0.06983811084	-0.04867455226	-0.01475280192	-0.036194833	-0.03636792897	-0.04129768996	0.01134893514	-0.0856378924	-0.07653787713	-0.08192931745	-0.07484916638	-0.05988516633	-0.05754829401	-0.08725000867	-0.0814749301	-0.0804917511	-0.06713832486	-0.08165470527	-0.02648620463	-0.02596604232	-0.09971156758	0.03928129963	0.03736466956	-0.04465090006	-0.06580056724	-0.05835471901	-0.04849012909	0.04211884596	-0.05674693689	0.06999361603	-0.05359805883	-0.0400119138	0.002924401914	-0.05790249596	-0.07447171037	-0.0494655915	-0.0537896778	-0.007326625267	0.01558654754	-0.04304296705	-0.06785762316	-0.004123279498	-0.04869590189	-0.05935500836	0.02881010527	-0.03019318838	0.03451069363	-0.02291234157	0.03088120875	0.003574516319	-0.05331901315	-0.0652698722	-0.0519918842	0.05226861903	0.03477550701	-0.04234571378	-0.05995591143	-0.07298973356	-0.05761538615	-0.04330703328	-0.0574012559	0.01809234625	0.04252510023	0.02516993142	0.001197645896	-0.0321403108	-0.04391424934	-0.05285019186	-0.04003602347	-0.0009041323055	0.0008710274845	-0.0498183481	-0.0169120271	-0.04482604663	0.05044785534	0.0815794269	-0.06511743093	-0.05305540337	-0.02237762303	0.007868990346	-0.07063911236	0.08319267448	0.03769587534	-0.09099271629	-0.041295924	0.008866920177	-0.05076440676	0.06111360527	-0.06044759686	0.02179822493	0.07295453219	-0.03698915723	0.03068043515	0.01931263664	0.008291422593	-0.06515882941	-0.04983742374	0.03472506717	-0.04960722687	-0.02623359078	-0.06875828543	0.06028041252	0.01055085757	-0.0229327895	-0.01638075732	0.0253332516	-0.02376484747	-0.03017194536	-0.04897833575	-0.03181767628	-0.01929315225	0.02669329349	-0.02750753309	0.003647213006	0.07266880948	-0.04040348565	-0.05751868128	0.02530670774	-0.02533868617	0.01006015135	0.08782246588	0.08027386024	0.09917781023	-0.02708686658	-0.06723560603	-0.08031900625	-0.019743555	0.02496484841	-0.0641497127	-0.01519731416	-0.03358190255	-0.05811851296	0.007988090057	-0.05439556232	0.0849126395	0.009981942961	0.0009347669779	0.02756757261	-0.02564721154	-0.005985630156	0.01623055944	-0.02269802345	-0.06198848264	-0.05795762743	-0.05113501477	0.06865036394	-0.04840941745	-0.001226378792	0.02580755769	0.2069462401	0.3259337953	0.2432233373	0.4914481995	0.03869241792	0.3934775235	0.4069622498	0.4091542748	0.3257027122	0.2928145231	0.02885099934	0.05241540384	-0.09050908982	-0.06815373492	-0.01683303582	0.1551843651	0.09733805491	0.1436667148	0.1289964387	0.09720377429	0.1329314736	0.1097968925	-0.002569584644	0.0167114279	0.005564057094	0.1062840494	0.01690387619	-0.04235698287	0.03150412946	0.0478769958	0.02657645195	0.006616661912	-0.03258113784	0.09912071299	0.02556420114	0.08428539615	-0.02450521375	-0.08797652147	-0.05130581755	-0.03326845571	-0.04420278011	-0.03120552624	-0.03416667065	-0.05410158413	-0.06917536441	-0.05848527283	-0.02898987341	-0.01570282114	-0.02220903113	0.05470068073	0.01964813359	0.03114781573	-0.02126909045	-0.0202312574	-0.004340051006	-0.06402921941	0.03496372642	0.02048992478	-0.03454731541	-0.02500361924	-0.08802080872	-0.01708635855	-0.05056047599	-0.02732723317	-0.04538017491	-0.0305395743	-0.0376784899	-0.05196990894	-0.1006373577	-0.04112238281	0.03735874263	0.02953157872	-0.06219519739	-0.05468756076	0.01027535123	-0.01948533087	-0.03311067224	-0.08474210082	-0.06613419361	-0.03497718562
-0.0445434445	0.008467775525	-0.01641423861	-0.03277648573	-0.03430168085	-0.006950836429	0.09051534812	0.03050945455	-0.01215778671	-0.05486590424	-0.07609190573	-0.06350294243	-0.06465836949	-0.02014263383	-0.0195544843	-0.07235118715	-0.06956135707	-0.0445257121	-0.01839776929	-0.08755539553	0.1001425711	0.09132373198	-0.03431967936	0.04978170896	0.06120948513	-0.03191331666	-0.03644790336	-0.02435861922	-0.02303560959	0.06655634125	-0.04318605466	0.07248854676	0.06117444694	-0.001359795249	0.09309999606	-0.03644701659	0.005217653843	0.0001216092717	-0.01241050499	0.0447517761	0.06122412666	0.001009237751	-0.05511325981	0.05967640195	-0.0270556318	0.03101407985	0.08059644615	0.09534909749	0.06871551975	0.07633388371	0.06307234293	0.07417087694	-0.02980446087	-0.0230544595	-0.04232315053	0.0740634762	0.06035346808	0.07796683949	-0.03839547005	-0.04342284249	-0.04628073412	0.02667618406	-0.01765023395	0.03115396246	0.05669924593	0.07716692951	0.07421992806	0.03712889167	0.005919427738	-0.01465327072	-0.01619276353	0.02619847598	0.02694975685	-0.03118779509	-0.01396938933	-0.01705514463	0.01026470287	0.01941056721	-0.01871017381	-0.0166509769	0.0009115092969	-0.007998982621	-0.03833906515	0.007994686629	-0.03119014186	-0.03926882167	-0.01476243418	-0.02146695532	-0.06151316568	0.006158635729	-0.0180232103	-0.04338250516	-0.01636413915	-0.03021512478	-0.01709269613	-0.04870051643	-0.05386100962	-0.06410954357	-0.02335721556	0.008359605311	-0.05418041711	-0.02229966893	4.761682667e-06	0.02596243854	-0.01705600969	-0.0607816732	-0.05845813377	0.007149031422	0.01885676827	-0.02683085527	-0.03204727731	-0.00641934529	0.003121502337	-0.02594387805	-0.03410257095	-0.01523119862	-0.04419050377	-0.02973811519	-0.02508649712	-0.03376565897	-0.06195899276	0.0003457366408	0.02404667775	0.04179868904	0.02784678224	0.005318278214	-0.05531472024	-0.02045681195	-0.05705131947	-0.03288419536	-0.05906991391	-0.05217505193	-0.05849146293	-0.05246074811	-0.04160122638	-0.0594424418	0.03476454182	-0.05356684286	-0.02407692762	0.03489825929	0.02528516577	-0.009891065048	-0.03397283364	-0.00966151889	-0.02955780318	-0.02838272498	-0.01908281266	0.008588612705	0.01826155441	-0.04205961211	0.009966260671	0.07281545879	0.02494802701	0.1320888472	0.03869241792	0.4494597358	0.0617941665	0.05781079332	0.04357822752	0.083920343	0.03650356765	0.01763803821	0.04388985429	-0.04212696607	-0.03703486663	-0.04635836975	0.03528695982	0.02507069668	0.01704357158	0.01079925797	0.01793282057	0.02974670413	0.01739865445	-0.02756642323	0.2028040715	-0.03001737914	0.01420132572	-0.0437245708	-0.02733906948	-0.02561409045	-0.01517937363	-0.01225769126	-0.03591893239	-0.03744804342	0.007610851527	-0.04874521529	-0.02951335878	-0.03551799658	-0.03473938903	-0.02964774378	-0.0301268528	-0.03313515294	0.00040290924	-0.03144560757	-0.0275813756	-0.03445278789	0.006398146829	-0.01308429618	0.007745489941	-0.003369505981	0.0493358963	0.03210354741	-0.02115148004	-0.01724174202	0.07087597103	-0.01568003129	0.0142855407	0.05806386068	0.03650671348	0.09257073082	0.04435741066	-0.03331253203	-0.007915891786	-0.02736176119	-0.03044044865	-0.04671377799	-0.05422517245	-0.03328571403	0.06712965613	-0.0311231476	-0.005745248605	0.01294691346	0.008758223731	-0.01040792312	-0.02622052311	0.09603355492	0.01002672063	0.07648756749	-0.04111080934	-0.03971948132	-0.001509566931
-0.02838031081	-0.007031114754	-0.08417194296	-0.0664658995	-0.03949007581	-0.03349448509	-0.06177975334	-0.06902937462	-0.01290101136	-0.04241506559	-0.03429325743	-0.03953116258	-0.04622684263	-0.0113425837	-0.009317577845	-0.06645658625	-0.03849944927	-0.03316854185	-0.01076888327	-0.0628283877	0.007043497283	0.006977255089	-0.05269692753	0.08313088495	0.07771627609	-0.007756377583	-0.02772596835	-0.005532069412	-0.001197202393	0.08712097389	-0.01258665906	0.08534664469	-0.01229936802	-0.02427263757	0.04390081192	-0.02198985032	-0.07898786279	-0.07293362563	-0.07046705223	-0.02008563924	0.01159717433	-0.06168599592	-0.02047938981	0.01165435099	-0.01739305324	-0.04714616831	0.05246791349	-0.003763959873	0.06651597658	-0.005622836696	0.06330587269	0.0264288585	-0.01405096278	-0.02134472538	-0.03321766631	0.09664687624	0.07953467119	-0.009080641502	-0.01309483974	-0.02726047971	-0.03776823066	-0.01067453901	-0.009841751651	0.02309248334	0.04685438833	0.05402573956	0.00908225289	0.01118943983	-0.05912754316	-0.07855164641	-0.04276013484	0.02056431596	0.02128615688	-0.07211493744	-0.02499477576	-0.050848938	0.08766635932	0.07692953768	-0.07425314722	-0.07824617933	-0.0047006146	0.005836925338	-0.08584228539	0.05025204266	0.02992564574	-0.0963865232	-0.03975793196	-0.01923119957	-0.08077255535	0.1024486834	-0.06878224207	-0.02322979344	0.01836311059	-0.04742598741	0.007427290083	-0.02026018028	-0.03970682033	-0.1023918619	-0.06703975796	0.02813613631	-0.08266948684	-0.06380962959	-0.05274265632	0.05657169837	-0.009060559657	2.818245132e-05	-0.04187879104	0.0124667026	0.0008098060493	-0.0647015894	-0.07735536763	-0.0714014745	-0.04800234595	0.008324706299	-0.04910010584	-0.01514926674	0.03536075969	-0.04558395504	-0.06526200594	-0.02746935235	-0.05974268826	0.05650625254	0.09004880142	0.1298688637	0.08873512333	0.006770592498	-0.02107392297	-0.07353054902	-0.05159161099	-0.007230689735	-0.09816775674	-0.04844270873	-0.05789775377	-0.06566340911	0.01803884633	-0.08572409886	0.02547113017	-0.0380008084	-0.01285414151	0.02548404166	-0.03688362864	-0.01243588541	-0.009340553117	-0.03660576527	-0.0684668284	-0.06445647039	-0.07158953419	0.04880490418	-0.05968931808	-0.02681974846	-0.003155286608	0.1666126992	0.2759406476	0.2168194016	0.3934775235	0.0617941665	0.5388043475	0.4582376141	0.3655231995	0.2980634526	0.2750691192	0.0098482945	0.07223911976	-0.1019641857	-0.08863924536	-0.04988484911	0.1300332451	0.04687528144	0.1537571036	0.06960438708	0.04278649581	0.1582965739	0.08995552111	-0.04152926323	0.03555347671	-0.003634152618	0.05136295269	-0.04343446538	-0.08043026333	0.01672748644	0.0373719511	0.01254323976	-0.02108682893	-0.05929995049	0.0640270046	0.01710375207	0.06535105153	-0.04956787398	-0.0973341456	-0.05321837861	-0.06277270102	-0.06609061098	-0.0222523879	-0.002056352662	-0.02425422562	-0.041512156	-0.005270114986	-0.05078522756	0.02304126731	-0.01141541946	0.07491557658	0.04179901485	-0.004840662836	-0.04555504055	-0.03085850795	-0.016266215	-0.02016276936	0.04253002871	-0.01877753906	-0.000745256039	-0.0003941829928	-0.101723153	-0.00797392639	-0.05869132704	-0.003796857323	-0.07438980722	-0.06318456757	-0.04190153167	-0.01453305256	-0.05185767417	-0.02668940727	0.01621912027	0.03950167513	-0.08485416804	-0.06404508872	0.03820032778	-0.02149348928	-0.04031291689	-0.04451727229	-0.1048784461	-0.03834583223
-0.05700337034	-0.03992710265	-0.08956502826	-0.09771760065	-0.05817194306	-0.00358049937	-0.06343192264	-0.09162000089	-0.02093319223	-0.02175840308	-0.01196924074	-0.01721662735	-0.02566288926	0.01062536724	0.01297922571	-0.04407625247	-0.0104159883	-0.01062138533	0.008695463182	-0.0382070584	0.001089878761	-0.017189918	-0.03190200562	0.1079087407	0.1013095343	0.01390970528	-0.00310010738	0.0150529852	0.02012163731	0.1038304491	0.002404935785	0.09999391711	-0.03612655303	-0.00346911593	0.03109103337	-0.0006087213571	-0.09490021623	-0.1068590309	-0.1026546218	-0.0232836539	0.008132799398	-0.09441611006	0.00081219908	0.04727758523	0.009587114177	-0.05095398786	0.06550746697	-0.02705429809	0.07508486881	-0.0005091875343	0.09216801768	0.01391334426	0.009122244786	-0.0001101440497	-0.008986356552	0.1150269267	0.09779199424	-0.01292766976	0.00873978998	-0.00141230318	-0.01331119793	-0.01167153016	0.01228197876	0.02362629308	0.03919692809	0.04305600332	0.00634992814	-0.01222300843	-0.08536147081	-0.1146295428	-0.06827817494	-0.01685922564	-0.01469882801	-0.08334181359	-0.02370254805	-0.06571096757	0.07176106008	0.07964110876	-0.08770361928	-0.09646502462	0.008597947228	0.02133838598	-0.08652513639	0.05612354925	0.02351037119	-0.09920280103	-0.05224997209	0.001748056788	-0.06624337371	0.1030141584	-0.07032065291	-0.02156025044	0.02221087993	-0.08393698935	0.02936611911	-0.02098222136	-0.03184866911	-0.08069537594	-0.0830288134	0.006541667474	-0.06512856552	-0.08183692534	-0.07399062585	0.03586639385	-0.003117700689	-0.006686162993	-0.05155729003	-0.01585464888	-0.03273097777	-0.03205839053	-0.09790113712	-0.08819096227	-0.05269808726	0.01153178024	-0.06752898719	-0.04100226524	0.03445335944	-0.03084099679	-0.05721911885	-0.01404849882	-0.03459143103	0.05990936726	0.09916185422	0.1684343019	0.09488147596	-0.005704607949	-0.0003273773711	-0.05251256256	-0.06614862962	-0.01395305526	-0.07574400909	-0.03149819687	-0.0774904261	-0.0610912123	-0.005619859257	-0.1090459148	0.02599389877	-0.03028915298	-0.005078889041	0.02863328677	-0.03858831874	-0.01071730305	0.008240017637	-0.01960203934	-0.06004767649	-0.0561543456	-0.09351051568	0.05728226173	-0.06188767469	-0.009148659369	0.003594923806	0.1754227549	0.2764924266	0.2298932675	0.4069622498	0.05781079332	0.4582376141	0.5676297837	0.4042913149	0.3106433587	0.289396108	-0.00942069625	0.08383307468	-0.1097716154	-0.1272454101	-0.05573746852	0.174444451	0.0439775372	0.1597612202	0.07492736281	0.05185074571	0.1802575554	0.08606865833	-0.05591013766	0.02918337397	-0.0193256263	0.05212808143	-0.04288487812	-0.07996739854	-0.01681388057	0.0496481041	0.01502146178	-0.05086541768	-0.07981166392	0.05082152566	0.02049106337	0.05683188551	-0.07151164905	-0.08654878193	-0.07175227473	-0.05065402761	-0.09162491912	-0.04988286633	-0.02771486697	-0.05125543486	-0.06959213118	-0.0001049532592	-0.04360899006	0.02563706986	-0.01303470536	0.06635994675	0.04640870663	0.03301874223	-0.04574508334	-0.04552803384	-0.02811120391	-0.04932177025	0.05154379883	-0.01774881332	-0.00857529656	-0.002822332892	-0.08594649497	-0.05035521728	-0.06704727916	0.01491982712	-0.09304370735	-0.06524639893	-0.02959109519	-0.03888657439	-0.02683163634	-0.01262132205	-0.007412631912	0.029137391	-0.1102345626	-0.07039545864	0.04804704834	-0.0433346553	-0.05414228874	-0.02372372383	-0.1084090811	-0.0694715173
-0.01809629781	-0.03072378884	-0.0527029513	-0.05493732082	-0.02303015709	-0.000322755431	-0.0274419123	-0.04280410256	0.02913462964	-0.1049244091	-0.09574004076	-0.1002419574	-0.0938722777	-0.08515250389	-0.07919538845	-0.1047274705	-0.0981894309	-0.08948020744	-0.08548489257	-0.09930483591	-0.02683818324	-0.02210431986	-0.1235472045	0.04120847034	0.03792656506	-0.06492840677	-0.08364873749	-0.07736899697	-0.06939351665	0.04365519397	-0.08912406739	0.07910549036	-0.05941353971	-0.06038065647	0.002532315418	-0.079865744	-0.07006167016	-0.06257979776	-0.06092112462	-0.01643047007	0.009194206979	-0.05142529078	-0.07590985261	0.02098598657	-0.06113348931	-0.049706021	0.04858719493	-0.02396688144	0.03835359604	-0.0153029226	0.03072864044	-0.014693628	-0.06491619533	-0.09011839992	-0.07580901015	0.05325033666	0.03666957398	-0.03500317403	-0.06778894996	-0.07679322969	-0.06517368703	-0.0404455301	-0.08174654092	0.0140078471	0.03666231324	0.007295116888	0.02695518419	-0.04252771216	-0.04677337758	-0.05955851066	-0.04642499597	-0.01339722302	-0.0119917096	-0.02311752239	0.00685725709	-0.02875366046	0.06906424849	0.08223880156	-0.04223724223	-0.05417070169	-0.01022149711	0.01957583219	-0.06650435331	0.09080615616	0.04339879944	-0.07522823506	-0.0171666395	0.01151844922	-0.05100125486	0.05295789909	-0.04090357113	0.005041277699	0.05335533546	-0.04416925958	0.01488261462	-0.006027904479	-0.01172613526	-0.06144825404	-0.04956581199	0.03492715792	-0.05173385371	-0.03102759416	-0.07399998559	0.04818156479	0.02643459363	-0.04845881488	-0.03114371242	0.03466709716	-0.01230920676	-0.00334773154	-0.06347061744	-0.04027512253	-0.01055634686	0.02639567933	-0.03778535813	-0.00189793169	0.05781200212	0.02662758349	-0.01957842144	0.005819791032	-0.02448606535	0.06572715631	0.09710885367	0.09167953443	0.09692319732	-0.007913460897	-0.07661513364	-0.02401008382	-0.03904890943	0.0009809170553	-0.05986417369	-0.01625614654	-0.05459015179	-0.04848585488	0.003225087463	-0.0383333991	0.0900803057	-0.0100691297	1.492091413e-05	0.063637176	-0.02061638678	0.01999380253	0.01916604922	0.01789650484	-0.02244924782	-0.01844402571	-0.05531727328	0.06226313849	-0.04341116963	0.001715191713	0.04793492128	0.2361062268	0.2804591286	0.2616945118	0.4091542748	0.04357822752	0.3655231995	0.4042913149	0.5046264732	0.2879982586	0.2890035558	0.01797974415	0.08157259816	-0.07316039408	-0.0794638843	-0.01412189923	0.1278655943	0.1038841139	0.1002341402	0.121639183	0.1119031715	0.134792429	0.09153617634	-0.02342225888	0.01400915732	-0.01474363893	0.1123044119	-0.007202005369	-0.02008900468	0.005026823405	0.03981368115	0.0304292078	0.007238103412	-0.03926605394	0.1116288786	0.06868139041	0.08666702139	-0.04764479748	-0.05136442075	-0.03251507053	-0.03012600777	-0.05050772692	-0.03810943576	-0.04953331146	-0.06258746345	-0.06606429018	-0.03774832961	-0.02648828389	-0.03002227018	-0.007170310045	0.07707770569	0.03388082864	0.05592467255	-0.001537183782	-0.02535191369	-0.00719694835	-0.07098017046	0.05373175925	0.01696170807	-0.03965047489	-0.02081473458	-0.04960000756	-0.01866177432	-0.02755264738	-0.03914812627	-0.05126561903	-0.04933618518	-0.03131949148	-0.05583065307	-0.120007907	-0.06756324143	0.04680624875	0.04801505854	-0.06883664161	-0.03760342724	0.01638968242	-0.02071761464	-0.04487685404	-0.1024344648	-0.04414136951	-0.01648909233
-0.02063354273	-0.03487536508	-0.05599160089	-0.04885266813	-0.02765822985	-0.01706612918	-0.02573467276	-0.005040695873	0.001835367758	-0.0933405961	-0.08353358721	-0.08815885383	-0.08490748307	-0.07144918779	-0.05746427948	-0.09610174342	-0.08988761018	-0.08773942769	-0.04529952056	-0.09016773355	0.01437993169	-0.006247445863	-0.07155009932	0.02459667646	0.01538022719	-0.05673827249	-0.07535277406	-0.07532366508	-0.05456717822	0.02313357431	-0.06907189152	0.05809813247	-0.01001851934	-0.02216334281	0.009821131281	-0.0705050686	-0.0384318982	-0.03617791745	-0.05348873552	-0.02714166698	-0.02081202972	-0.03845696388	-0.07301456151	0.01024013998	-0.06298469357	-0.0281511895	0.005807114128	0.01613038057	0.04995550296	0.001360343988	0.001794290515	0.03067624785	-0.06317449325	-0.07095667787	-0.06840147124	0.03448250431	0.01941614167	-0.009074136728	-0.06685452518	-0.0808867916	-0.06348857383	-0.02076748409	-0.0669208631	-0.01484629676	0.0007921977963	0.04334357863	-0.002425610505	-0.03605329885	-0.04610508047	-0.03383475054	-0.02876807873	0.007909066512	0.009038927895	-0.06049442063	0.002848187611	-0.02246601163	0.07594902799	0.07210160387	-0.04994921237	-0.05001666905	0.01058003751	-0.007854519809	-0.05311284486	0.0497664264	0.01706520744	-0.0509604696	-0.01748726089	0.003027552004	-0.05015134251	0.05996901959	-0.03187349476	0.007316158575	0.04364207235	-0.04152426615	0.01533898533	0.009397222694	0.0003211183686	-0.05172200384	-0.02839276504	0.05480852696	-0.04412826533	-0.02441975941	-0.04922485588	0.07586439789	-0.01057225958	-0.02414711684	-0.02461785513	0.03892810554	-0.005846030838	-0.01289156168	-0.05613127232	-0.01955694128	-0.01412892758	0.01125417027	-0.01728862222	0.025834127	0.03162252464	-0.01601077145	-0.0362053025	0.01258006558	-0.0231245732	0.05307023202	0.05681725579	0.08464511977	0.07157179352	-0.002414767415	-0.07158216598	-0.04998836383	-0.02726782034	0.02618664066	-0.04573161676	-0.01432954742	-0.05238644519	-0.04660657536	-0.01576973834	-0.05817105048	0.07687919698	0.002111750798	-0.008453716615	0.02477957112	-0.01521830031	-0.002704434172	-0.009690663915	-0.01829053839	-0.04392337372	-0.03630869579	-0.04824898654	0.04576410352	-0.04101435453	-0.02657623379	0.01890831473	0.1751410062	0.2456470354	0.2282849847	0.3257027122	0.083920343	0.2980634526	0.3106433587	0.2879982586	0.4618682222	0.2144425474	0.04531940471	0.07232152095	-0.05976220221	-0.04397949498	-0.003696062409	0.1454195725	0.06912627063	0.1060371633	0.08833667736	0.06058672722	0.1080606062	0.06420224855	-0.02926520749	0.02718035433	0.01428159644	0.07999059311	-0.01156809759	-0.05056371227	0.01442087979	0.03263847344	0.01536627322	-0.03388599314	-0.03238647594	0.08224420589	-0.004912991031	0.02334939643	-0.03060179473	-0.06845141125	-0.0322145377	-0.03398222007	-0.03479088993	-0.006114329633	-0.006591192126	-0.0138049628	-0.02764808485	-0.01776265441	-0.03375227372	0.006632998401	-0.00858838442	0.06206835244	0.0419213544	0.0280836367	-0.008098065718	0.003875166077	0.01032260614	-0.05563373479	0.03800375419	0.00111191644	-0.0007379704566	-0.00751837427	-0.07261077081	-0.002968455491	-0.03360870246	-0.009834365479	-0.04434575579	-0.008357527877	-0.03646615518	-0.01709267021	-0.07242433674	-0.0239348337	0.03170793756	0.03880418188	-0.03501776132	-0.03468430396	0.009817946997	-0.00197010096	-0.01252845739	-0.0604260237	-0.06493629626	-0.00693033653
-0.0007314756114	-0.02893988006	-0.02754827937	-0.05204742586	-0.01197996283	-0.04255780602	-0.02815978834	-0.01512308964	0.003761355916	-0.0641855317	-0.06347150554	-0.06533484783	-0.05699156292	-0.03805142254	-0.02784727207	-0.07206027314	-0.05986764138	-0.06241511949	-0.06468827717	-0.06514906531	-0.01098638712	-0.003528321727	-0.07126884784	0.02606294791	0.02422115628	-0.01276053712	-0.03423285575	-0.04130543847	-0.02467290263	0.02670628661	-0.04143348147	0.0322754683	-0.01575505228	-0.02226429799	0.03958897717	-0.03073009375	-0.03036024912	-0.05434322245	-0.03244553848	0.0111968177	0.01239145722	-0.04537487045	-0.04273216347	0.01932025953	-0.02565575256	-0.04294531613	0.04383733225	-0.03428191057	0.006179244794	-0.020649058	0.0110417454	0.03204188434	-0.02867324134	-0.04250399964	-0.03209314715	0.0369090015	0.01939448216	-0.01689879902	-0.02931695514	-0.04672005189	-0.02929609765	-0.02648423682	-0.03674583177	0.01708383436	0.03798376669	0.04243792394	0.002237145634	-0.01552243351	-0.004634958162	-0.04437981939	-0.03396746359	-0.01515983426	-0.01352157893	-0.02937782716	0.001153011401	-0.04200062869	0.01965649304	0.03044507756	-0.04939556574	-0.02611581389	-0.02054379024	0.00192500047	-0.05906716505	0.0849151637	0.01089867432	-0.06321145542	0.004620383919	0.0050050255	-0.04814239859	0.02377230074	-0.01836475844	-0.01274759658	0.007545854302	-0.03050009553	0.01317990993	-0.005124096263	-0.02752651402	-0.05442624781	-0.01920914926	-0.03252454163	-0.04947871404	-0.02356553356	-0.04778438255	0.02733018513	0.03183438801	-0.05264376475	-0.04555409146	-0.009255134924	-0.03074482368	-0.01537405235	-0.04668068138	-0.04152927303	-0.02331760073	-0.01769970223	-0.02694107104	-0.03229004124	0.01699836843	-0.0156211317	-0.01890761871	0.01603142233	-0.04072395937	-0.02151400522	0.006675131908	0.04180520113	0.00316859862	0.01989035765	-0.04250206493	-0.06158488366	-0.05769427943	-0.01959331462	-0.04849681192	-0.04502001037	-0.03432787526	-0.0451093764	0.03846635049	-0.05742095699	0.09379773813	-0.02764701851	-0.00683278379	0.04668729416	-0.009227013295	0.02560913989	0.01391157239	-0.006529184663	-0.01508573894	-0.01181011583	-0.02273359449	0.03156687569	-0.01918501548	0.006273098745	0.002870376949	0.2092671829	0.2117415632	0.2039421593	0.2928145231	0.03650356765	0.2750691192	0.289396108	0.2890035558	0.2144425474	0.5024640226	0.008613411504	0.04797323606	-0.05970931932	-0.06650363689	-0.02797365082	0.1136099516	0.1099249801	0.1067392044	0.1102418277	0.09153287078	0.09547483365	0.06551564532	-0.0211232406	0.01248477435	-0.05445889397	0.1186685801	-0.007462033571	-0.03952683592	0.00489212767	0.006028823894	-0.003772221875	0.009643301152	-0.03145738907	0.05995319689	0.03817359804	0.02848087702	-0.03075049405	-0.07740188538	-0.04832718854	-0.03399779148	-0.02497177575	-0.0380983432	0.006533123436	-0.02563468312	-0.05169577921	-0.05060962067	-0.04629428377	-0.04019505805	0.0001822085178	0.05103680855	0.05069134254	0.01152110688	0.009350204904	0.02233183519	-0.01628423875	-0.02570570165	0.08824795688	0.04499519537	-0.01130621841	-0.0177056903	-0.0761637547	-0.0144484557	-0.01405811438	-0.03085173983	-0.05688948638	-0.02003171995	-0.02934956993	-0.02910115465	-0.0786779324	-0.01392421681	0.0006448728266	0.02596319343	-0.04378163347	-0.04179075509	0.03718118765	-0.03151761212	-0.01561036279	-0.05460712978	-0.04616223669	0.005451378644
0.02947397828	0.06099969179	-0.01688283355	0.06197978406	0.04105801555	0.03715392096	0.05227577476	0.03349825493	0.08355891607	-0.1470539368	-0.1446995849	-0.1488548718	-0.1412049227	-0.145021718	-0.1408688874	-0.1457221334	-0.1514842293	-0.1494634877	-0.1274552497	-0.1460755241	0.00113634129	-0.02033782925	-0.1420344409	-0.01355515777	-0.00691510125	-0.1480808199	-0.1466114758	-0.1474255652	-0.1459922265	-0.01706269316	-0.1372809839	0.005330503615	0.007930462089	-0.09469503422	0.0045538863	-0.1387527811	0.05798503122	0.0453396627	0.06422759757	0.0190096254	0.003572026416	0.04999677132	-0.135791475	-0.01542874584	-0.1494857106	0.03541934335	-0.03576730578	0.02439545719	-0.001148907648	-0.01864987718	-0.02602251285	-0.007876039715	-0.1576429871	-0.1465039999	-0.1399013263	-0.02141252089	-0.009582327362	0.01946361327	-0.1453022236	-0.1488504457	-0.1179782654	0.02292799954	-0.1413463487	-0.01332640145	-0.02979316603	-0.003280771891	0.04678732757	0.06681899732	0.02782347118	0.03770592724	0.003528358558	0.032088202	0.02964382136	-0.01834927819	0.006596685756	0.02436922828	0.159445287	0.06009859219	0.02945424564	0.06052288235	0.02663444577	0.0277615328	-0.01914004076	0.07897274495	0.04574495811	0.01360907203	0.02620644231	0.01345661898	-0.02503182937	0.05439693628	0.02339052287	0.02067860797	0.008134303444	0.04171647181	-0.01516797751	0.01875533023	-0.001327508836	-0.02623339588	0.02205927517	0.01920533191	-0.02877851551	0.04773676896	0.08840828221	0.04116359192	0.1574830414	-0.03139266211	0.04690809463	0.05678708975	0.05288248826	0.0424784517	0.03066440653	0.0534298629	0.01747599567	0.03198737003	0.03709292473	0.04169848842	0.04409986044	0.02279390222	0.004481126314	0.001388824459	-0.009977300489	0.07688354175	-0.0004889431698	0.04179613796	0.02897802071	0.01375011939	-0.1333284958	-0.02179590643	0.0303606397	0.08266425811	-0.01928614973	-0.01047690519	-0.0188571494	-0.01475598064	0.01222591225	-0.0238607375	0.02017321451	-0.002991530209	-0.03143239551	0.1040244131	0.03608581664	0.01731623181	0.01211459271	0.05605188041	0.005693033238	0.01031423775	0.02291254712	0.0323443349	0.01376940837	-0.007030057696	0.03575916107	-0.005412781128	0.02122079176	0.03460898266	0.02885099934	0.01763803821	0.0098482945	-0.00942069625	0.01797974415	0.04531940471	0.008613411504	0.4125203055	-0.007930153767	-0.003451779538	0.01635512533	0.0006813941002	-0.02186183397	0.01930758988	0.006410996176	0.009046399221	0.0122642593	-0.01835227296	0.05733798315	0.02493522963	-0.01578567857	-0.0160335309	0.02197369246	-0.01437411376	-0.01062406639	0.06160322936	0.03256530449	0.04061376352	-0.02318708252	-0.002425770856	0.09323671273	0.05460307322	0.0152319628	0.01075155608	0.03508360869	0.02594170267	-0.01678822106	0.03333234641	0.057118373	0.0004401562624	-0.008045269475	-0.02172980795	0.02523823982	-0.02447049262	0.0229178246	0.01022153259	0.0470356818	0.03993376823	-0.003864798391	0.01717564051	0.03621029073	0.05359812621	0.0527164292	0.03066007331	0.01442366037	-0.04522364157	0.01512019868	0.0389450934	0.06713730212	0.00648030633	0.04001719312	0.008042404361	-0.01011950911	0.00215313087	0.01239975216	-0.1555628038	-0.09358206705	0.06561441319	0.05278977613	0.03945431138	0.008368071408	-0.02589778767	0.06062768941	0.05421752952	-0.1362620616	0.007055110476	0.06567349652
-0.02197525653	0.04430960739	0.001114567674	-0.07812929913	-0.04805072705	0.007344686444	-0.03202514739	0.02175932989	0.01543117597	-0.07267537194	-0.08339635882	-0.0707013748	-0.06682666894	-0.04802181535	-0.03853270981	-0.06071738216	-0.07994560684	-0.05733908237	-0.02127157899	-0.08112119306	0.05386606806	0.05828739521	-0.03460244424	0.0669366287	0.06860827991	-0.05498253243	-0.06311577869	-0.05748473176	-0.04524016594	0.08769745725	-0.07532371668	0.08601142988	-0.004670557454	-0.002552860968	0.02262649171	-0.06460539454	-0.060742939	-0.07044279419	-0.07711514507	-0.06047239561	-0.01450167841	-0.04355588058	-0.04901362033	0.06359358555	-0.04279827936	-0.002049492216	0.03862020569	0.05374536108	0.09832223723	0.03322865896	0.03960135012	0.03133782209	-0.04943283754	-0.05068019086	-0.04987174226	0.08529258867	0.06419653176	0.02017627105	-0.03035629107	-0.05093647639	-0.06201964168	-0.01501084981	-0.05096542962	-0.003032500947	0.02152574011	0.02549333449	0.02322933875	-0.01261795467	-0.04645417736	-0.05835084852	0.005935534188	-0.04154003629	-0.0397460335	0.05582161974	0.01983685765	-0.03259800599	0.05070828785	0.03409867807	-0.04512553169	-0.0664861485	0.06296057372	0.01551466895	-0.04152305262	-0.003889153653	-0.0388935019	-0.0111790236	0.0172620407	-0.02330470624	0.004573298047	0.07123049979	0.05122970039	-0.01402130785	-0.02979622251	-0.0761358083	-0.0280710447	-0.001809311169	-0.0620269007	-0.01364579068	-0.03986593455	0.0201320943	-0.01530788095	0.01923738	-0.01147550016	0.005561745021	0.005335500654	-0.01343754461	-0.04332720203	0.02353374532	0.03009467666	0.009266733872	-0.05027896779	-0.04074781202	-0.02233037855	-0.04520889373	-0.04040575703	0.01280290742	-0.02895974391	-0.02401198638	-0.01262165896	-0.04875113282	-0.02036773155	0.02778501555	0.02805836861	0.1013334421	0.04033015868	0.01005726809	-0.04888213575	0.009292323016	-0.04370096555	0.01064881819	-0.009060509245	-0.05941217021	-0.05683888139	-0.03238349096	-0.01537336217	-0.01314876533	0.1437530491	-0.0623113785	-0.0273422818	0.04831102979	0.01504201618	-0.01620293109	-0.02872967751	-0.02797494357	-0.03708566228	-0.01300440506	-0.06991210787	-0.02364339813	-0.01485933816	-0.03076668976	0.03665260756	0.02831954961	0.06266332797	0.07017437219	0.05241540384	0.04388985429	0.07223911976	0.08383307468	0.08157259816	0.07232152095	0.04797323606	-0.007930153767	0.5105549011	-0.04596532583	-0.06312551414	-0.01039718704	0.2330780488	0.1080001487	0.07420557532	0.1132018472	0.1298497796	0.1143852229	0.02670780596	-0.006716709023	0.06001026726	-0.02247986672	0.1246522171	-0.002367151291	0.02444540574	-0.0504361471	0.01878812666	-0.03247707242	0.01426165002	-0.04075839804	0.05378502662	-0.05063652506	-0.0473500177	-0.04878450721	-0.05892735637	-0.03481267204	0.02474434589	-0.03912578766	0.03944082196	0.01610467232	-0.003390113648	0.0338024461	0.03017356521	-0.01852618675	0.02120533805	-0.03459451988	0.02429241484	0.04280220527	0.01071982024	0.0003160539514	-0.0240560633	0.01421468459	-0.02799345189	0.0191686582	0.004361063927	0.01056236253	0.02859147847	-0.05660205061	-0.04450452281	0.07535098099	0.05706318146	-0.07349227461	-0.03005156845	0.00632033422	0.02661796497	-0.04546199431	-0.008931931159	0.02325883632	0.01037604917	0.000597574477	-0.05306910804	0.0648934949	-0.01477666029	-0.04610279893	-0.02988110525	-0.02093887487	-0.009147874454
0.1296487943	0.01362243412	0.07438971452	0.0572492663	-0.002969754836	-0.001625130692	0.04674761469	0.02579666992	0.08054782566	-0.1698080245	-0.1680487735	-0.1696307623	-0.1614227432	-0.1739867247	-0.1882263421	-0.1569686025	-0.1698530906	-0.1738170375	-0.1792955471	-0.1542176891	-0.05876823458	-0.05685318715	-0.1707241028	-0.07600917943	-0.07996897602	-0.1760225076	-0.1718885203	-0.1819094917	-0.1744203561	-0.07755377536	-0.1752757995	-0.06402281932	-0.0424869237	-0.1391601003	-0.06708684558	-0.1756352273	0.05194437366	0.04370377094	0.04395455655	-0.03464225271	-0.05697279135	0.0001576901941	-0.1803968315	-0.06788892227	-0.1784911642	-0.01946626875	-0.05752010919	-0.04608984402	-0.06064080716	-0.06204982858	-0.06396208862	-0.04459419006	-0.1828661883	-0.1728038199	-0.1694692033	-0.08001766499	-0.07715716614	-0.04837680378	-0.1865050588	-0.1783225075	-0.1757851869	-0.0334801904	-0.1807204694	-0.05226347716	-0.06415162534	-0.05698872308	-0.007142097783	-0.0432913257	0.02216563505	0.03703319495	0.06580042423	0.03344275746	0.03430158498	0.07815982044	0.07676225451	0.1674163077	0.005243915203	-0.01168667	0.0901399491	0.04460398766	0.1195128762	0.09427449859	0.1861848509	-0.0194643068	0.03871998452	0.2435245392	0.1276718017	0.0253957223	0.09767201662	-0.03620563934	0.1766767768	0.05632825803	-0.03003053341	0.04950328347	0.01160305991	0.05101379887	0.03008712183	0.193550441	0.08290354931	0.006583677532	0.1513680287	0.06217039565	0.04668070698	-0.005857316231	0.03830860729	0.1134115417	0.05576922842	0.009501006448	0.02834105561	0.05821552204	0.1534275071	-0.008669279749	0.04480313608	0.1345444498	0.223351514	0.06394314718	0.009009402059	0.1339479261	0.08445922442	0.01988563746	0.08386907396	0.008132694168	-0.04001993454	-0.1070421074	-0.04915356721	0.01645000893	-0.1760609729	0.08432521196	0.05169705454	0.04627226251	0.2022292933	0.0468872656	0.1843259948	0.1995760103	0.00912821273	0.06564776449	-0.009555246307	0.02269852702	0.05294109824	0.03370142147	-0.002319736287	0.07786580529	0.1342835635	0.04675306555	0.08987878285	0.08238403493	0.03454606697	0.04281086823	0.01610755914	0.1433644043	0.01708474403	-0.05600948578	-0.06457059911	-0.04265192807	-0.09050908982	-0.04212696607	-0.1019641857	-0.1097716154	-0.07316039408	-0.05976220221	-0.05970931932	-0.003451779538	-0.04596532583	0.3092575765	0.09669601458	0.08053374365	-0.09471684132	-0.03293820731	-0.104982985	-0.06109221721	-0.04168930811	-0.07625431346	0.00756707667	0.01835755084	-0.02264716548	-0.01713427428	-0.03855245515	-0.002118740708	0.05186651924	0.05289247739	-0.01635126743	0.05573243815	0.02053418081	0.03955376821	-0.02580958403	0.04929227259	0.02418248735	0.08513533275	0.1110623053	0.1882222665	0.1169544688	0.06670639526	0.01132774853	-0.0001333164829	0.05455268317	0.02423491121	0.02301621291	0.00388088694	-0.04058222292	0.08920519638	0.03734755661	0.03189602713	0.02737119851	0.07965567329	-0.01505183609	0.01007943909	-0.01223726395	-0.01362165707	-0.001117097726	-0.0359250839	-0.07210175831	0.09683399399	0.03187164233	0.109566342	0.08996707747	0.06878104635	0.1609414924	0.1543738192	-0.06442514968	-0.1591987983	-0.1345679968	0.01008414047	0.01672765345	0.02562901618	0.1805357655	-0.0503864603	0.05965614426	-0.03027592392	-0.1617757581	0.07049623817	0.03040235587
0.08983711025	0.09036974793	0.1170351196	0.09839012263	0.06235561058	0.0098443033	0.03145663734	0.0851356214	0.05501770588	-0.1912752313	-0.1878839554	-0.1919951903	-0.1788384844	-0.1900847692	-0.2010778949	-0.1804385907	-0.1901772262	-0.191064339	-0.1953517676	-0.177049703	-0.05247564778	-0.04553167554	-0.1856597887	-0.08917401986	-0.0909826774	-0.1906512004	-0.1902492118	-0.1954805857	-0.1925223922	-0.09354508378	-0.1880319102	-0.06439487125	-0.0231317605	-0.141907126	-0.05275461058	-0.1888614116	0.09958911689	0.1235595465	0.1124219284	0.007437397308	-0.02806989907	0.07391964895	-0.2010616314	-0.08622536875	-0.2022373732	0.02712270167	-0.07591138597	0.01750429215	-0.08181890616	-0.05765018865	-0.08011726193	-0.01168392615	-0.1961917962	-0.1884274356	-0.1817845814	-0.1006157514	-0.09230686724	-0.05003173478	-0.2035589216	-0.1944678819	-0.1917862341	-0.02092028533	-0.1940506897	-0.03785337551	-0.04144706969	-0.02778867024	0.02883419946	0.02553106308	0.07021318562	0.1595910626	0.08398237431	0.1139313874	0.1109220318	0.1181091012	0.1254231	0.09212049538	0.0329036729	0.009441593802	0.1379922874	0.1069479414	-0.04190351681	-0.01079549718	0.07486160608	-0.008969549655	0.02817914609	0.06385720124	0.07301093288	-0.003258419032	0.02836179311	-0.04109290783	0.02997600502	0.02003687193	0.01255174582	0.1290121896	0.007208863567	0.03391430319	0.01983312468	0.02690469945	0.1333629235	0.0637402453	0.01514705536	0.08950586859	0.0597366356	0.05991712544	0.02046982306	0.01419545174	0.02837066648	0.07114013183	0.1070450256	0.0143574676	0.09764405668	0.06625233676	0.1248332328	0.04282298319	0.07636973026	0.06722392846	0.0006584267454	0.05613996397	0.09784325177	0.01640208273	0.0221036095	0.02893016842	-0.02080099951	-0.0841406955	-0.005326705298	0.02982778889	-0.1967692543	0.07822349543	0.03378356334	0.01678780531	0.02202402006	0.01367177864	0.04608204677	0.0608418362	0.03990352274	0.1012751865	-0.005555779154	0.02023052986	0.04894103763	0.05592774135	0.00976767015	0.04733675666	-0.01380869078	0.07840117618	0.1032233961	0.09209206119	0.1011816079	0.00688295894	0.01633237408	-0.004479701224	0.06650064396	-0.04740331472	-0.03712653391	-0.05896811192	-0.06815373492	-0.03703486663	-0.08863924536	-0.1272454101	-0.0794638843	-0.04397949498	-0.06650363689	0.01635512533	-0.06312551414	0.09669601458	0.2798737804	0.03445864704	-0.101326495	-0.002326891721	-0.08296976923	-0.04122278927	-0.02692280989	-0.09821730033	-0.05428682869	0.09108630947	0.008216318466	0.0435528296	-0.01340246139	0.07075544635	0.137219765	0.0755675965	-0.01937672666	0.0306857854	0.1174045023	0.1269349196	0.02103496045	0.04927870499	0.002816463912	0.1132396545	0.0942561824	0.1182786206	0.03329856548	0.1312460681	0.08962313237	0.03353003605	0.1025435854	0.103808642	0.0449221746	0.0808540972	-0.004192963788	0.1651565061	0.07111077818	0.08288350894	0.02151226306	0.1321429546	-0.006884543597	0.07166277665	0.05964046216	-0.05201470912	0.02585691632	-0.02860281175	-0.06126417782	0.08789987377	0.07850490802	0.04691248217	-0.03573620604	0.09158497936	0.024210004	-0.004355928526	-0.03749731726	-0.1767386235	-0.1401835161	0.08250810203	0.02894707269	0.1036966367	0.1221153036	-0.07564353346	0.0342312475	-0.002261030022	-0.1845780542	0.09877985114	0.1061549781
0.08914098813	-0.02597479033	0.03598798716	0.05948718509	0.01495059863	0.04498187204	-0.004862126898	0.01506219921	0.03969228353	-0.1588520164	-0.1695986879	-0.1721595207	-0.1599645073	-0.1748051654	-0.1789989229	-0.1570495086	-0.1598954771	-0.1577200247	-0.1668892317	-0.1553338476	-0.01581861478	-0.01854818032	-0.1510412646	-0.04684681284	-0.0523558911	-0.1654923029	-0.1575072875	-0.1640354413	-0.1743950234	-0.05669076462	-0.1652092832	-0.05217342657	-0.04416741684	-0.1153973105	-0.03359710649	-0.1641157108	0.003738788259	0.02000965201	-0.00316056668	-0.01885131565	-0.02744986257	0.03098739491	-0.1712746543	-0.05349255102	-0.1643701547	0.02388315495	-0.04422141103	-0.0163470258	-0.02946591625	-0.03488695689	-0.03858567704	-0.05400710006	-0.1636982394	-0.1757868981	-0.1620167715	-0.05906824673	-0.05184043024	-0.02912763125	-0.1738661214	-0.1766012903	-0.1598912208	0.02044761369	-0.1642309445	-0.02664250672	-0.03436863063	-0.06396543395	-0.05259635339	-0.03655795675	-0.02500082421	0.01689214029	0.0536108249	0.05469521852	0.05305997482	0.05026907266	0.001915929126	0.08325165502	-0.009975728162	-0.05408430154	0.03072642741	0.009282152595	0.09367680332	0.06761387198	0.1090402531	0.004465063067	0.1092397613	0.08715684562	0.02318363367	0.07243974964	0.1862557231	0.005475475398	0.06518214246	0.1285519695	0.01579842037	0.01933913057	0.03526885453	0.1386992547	0.1034709621	0.1631112683	0.05709416466	0.08289316752	0.1485692818	0.04651182391	-0.01022793117	0.004775877178	0.002056140943	0.1105814307	0.0935087861	0.01620936698	-0.0004973676225	0.09888515362	0.0674694183	0.03538918779	-0.00372669872	0.08136027849	0.09230850243	0.02096023289	0.1193739095	0.1014276668	0.01828865769	0.06928105075	0.20158435	0.0005824384133	-0.02648063358	-0.002323563411	-0.005887465687	-0.06735391363	-0.1682293768	0.01133028267	0.1116124562	0.09500910849	0.1604828299	0.1595963788	0.1378261668	0.07304353833	-0.01172684553	0.1569421767	0.02683746931	0.1097869359	0.05132736558	-0.02050116325	0.01258822067	0.06114555037	0.07243713033	0.03748686536	0.01701435179	0.01503813418	-0.01221591533	0.08542529264	0.004196739064	0.05382494946	-0.00788242957	-0.019369906	-0.02485804188	-0.02361149325	-0.01683303582	-0.04635836975	-0.04988484911	-0.05573746852	-0.01412189923	-0.003696062409	-0.02797365082	0.0006813941002	-0.01039718704	0.08053374365	0.03445864704	0.3465723013	-0.06230474887	-0.008263081252	-0.0249784359	-0.0202721958	-0.01813517074	-0.01751584897	-0.01190879902	0.03988638478	-0.01972535198	0.09739657227	-0.00489593933	0.03667683096	0.004045636397	0.1023521385	0.03278569393	0.1002975965	0.0355582806	0.05650993243	0.05198642395	0.06388555475	0.09839530481	0.09046704079	0.04281274815	0.0878330893	0.079297831	0.02049434707	-0.01757681583	-0.0359107079	-0.03794673151	0.0291912213	-0.04310704389	-0.004345817713	-0.05204226995	0.02936379996	-0.05973163515	-0.02538663635	0.06847799354	0.01824669017	0.0050108734	0.06475454684	-0.04405620328	-0.02809529072	0.006807617566	-0.03151936077	-0.01881651481	0.0402266088	0.001562124604	0.08064896256	0.02445478494	0.1285790569	0.1306082425	0.05348876779	-0.03388064323	-0.145483924	-0.1226162723	-0.0076129864	-0.007431287484	0.03915783151	0.08726866259	-0.05033542683	-0.00858499151	-0.01687724491	-0.1426493055	0.02534631959	0.008603615267
-0.07431266064	-0.05210144691	-0.05667659734	-0.1095292551	-0.06456322361	-0.04787490854	-0.03236328144	-0.04167554712	-0.05901609018	0.0440438384	0.03503270031	0.04567664989	0.04719647228	0.02815001832	0.05599461103	0.05197385769	0.03520058168	0.03645503443	0.07737977756	0.03790034742	0.02420376988	0.007713707516	0.04596578676	0.06042879049	0.05737188342	0.03487712641	0.02157186039	0.03800924537	0.04185181754	0.07338918636	0.01900893864	0.07394298684	-0.02803163033	0.1092546806	0.002395796302	0.0295108446	-0.09691793877	-0.09732339836	-0.1196743883	-0.04945968984	-0.04042199407	-0.07345727063	0.05426771562	0.1005259897	0.05063671063	-0.0532521853	0.02958249082	-0.01446610635	0.0909005473	0.03667578981	0.04331109801	0.004220577777	0.05093142486	0.0316332172	0.03474603774	0.08372888609	0.06552336374	0.004621119981	0.08450118235	0.07486769886	0.0826952249	0.01121397224	0.03699918629	-0.01487345441	0.004462688575	0.01997761061	0.008993553439	-0.05358691535	-0.08739005553	-0.09475744362	-0.04555211999	-0.05108912845	-0.05034101054	-0.028273237	-0.04708194641	-0.09519495857	-0.002292884187	0.0305796747	-0.07186008976	-0.1072303017	0.04821353728	0.009214451764	-0.08408049239	0.01079901893	-0.0588179747	-0.07001644178	-0.05871690772	-0.001721545923	-0.005272691346	0.05335724923	-0.02857786445	-0.004066644517	0.01634790276	-0.1179793148	0.01931191483	0.002296270002	0.006076576676	-0.03039995567	-0.09457771774	-0.02169158722	-0.02487086893	-0.04778244229	-0.06976148106	0.005928476053	-0.03588706542	-0.0370997848	-0.01371755535	-0.0149591068	-0.06034509985	-0.01446212954	-0.07633259948	-0.0580077613	-0.05518378558	-0.04247379653	-0.07444766508	0.001024446921	-0.01231897497	-0.08383907649	-0.05056814536	0.01455898933	-0.02636899422	-0.02156112766	0.05284825411	0.1126008765	0.0716808217	-0.01591480492	0.05279204346	-0.04412011803	-0.02029438285	0.008312705046	-0.02862554546	-0.006681502998	-0.08537702183	-0.04810088242	-0.08318196428	-0.06723695841	0.08962721177	0.006040474631	0.004342515424	0.02577679903	0.00489823684	-0.03875270661	-0.01992682555	-0.06692244147	-0.08641078427	-0.04975154515	-0.1001124435	-0.01298462928	-0.0296723542	-0.02433024369	0.01941015425	0.06873305907	0.1526763573	0.1136236383	0.1551843651	0.03528695982	0.1300332451	0.174444451	0.1278655943	0.1454195725	0.1136099516	-0.02186183397	0.2330780488	-0.09471684132	-0.101326495	-0.06230474887	0.61255954	0.09621367802	0.151614656	0.1368050557	0.1351168197	0.1617490991	0.04091602706	-0.03148679811	0.02186288204	-0.003030949176	0.1096521939	0.006920329586	-0.05883301056	-0.06888441974	0.01960695904	-0.02433395253	-0.05979701245	-0.07891647438	-0.0190838611	-0.07321976941	-0.02931394494	-0.06756426519	-0.08765035147	-0.09683157345	-0.004320954498	-0.074676162	-0.03046493094	-0.03134599662	-0.04889153177	-0.03819846286	-0.02838579587	-0.01205471769	0.01702141912	-0.0584206047	-0.008415878205	0.02102562517	0.03161679412	-0.02885560982	-0.03532773879	-0.007814757693	-0.09197409163	0.04123467408	-0.003623312484	0.00425801147	0.04310368243	-0.09046350157	-0.06782339927	0.001112419748	0.03796396901	-0.1007034572	0.008265806963	-0.02629588924	-0.01213218442	0.05955520431	0.1137801899	-0.03080960247	-0.04818866883	-0.05149634825	-0.1104880232	0.03443193795	-0.003384628013	-0.009182458945	0.079565269	-0.07400567515	-0.04961688807
-0.04334704582	0.07609765213	0.01288540336	0.04002038788	0.03206950265	0.01746085538	0.02736469348	0.0256517217	0.04668408955	-0.1415810048	-0.1383996633	-0.1345436239	-0.1363581334	-0.1299781751	-0.1169451204	-0.1424697057	-0.1304835565	-0.1340961183	-0.09754638066	-0.1379177797	-0.01244649485	-0.00517857674	-0.1211097597	-0.03622182509	-0.03173855908	-0.1105521057	-0.1268303796	-0.1335737626	-0.1098672951	-0.01077557421	-0.1285287823	0.005970169834	-0.007345689055	-0.0711922711	0.001333148743	-0.1316266066	-0.03229946195	-0.03039351332	-0.02152500732	-0.05365252373	0.004744373038	-0.04007067387	-0.1225923471	-0.02715115111	-0.1155570808	-0.0492467119	-0.01273655648	-0.004952253018	-0.02013612252	-0.01846007948	-0.0566860377	-0.0001242712272	-0.117098211	-0.1315477605	-0.1164763738	-0.01361344714	-0.03061632665	-0.03306419801	-0.1022506144	-0.1203691768	-0.1062926218	-0.04947218698	-0.1247286245	-0.019397313	-0.001485668591	-0.002719147209	0.05243628493	-0.002014200814	0.01473708384	0.01244977968	0.07612323464	0.006192355237	0.004458965283	0.05655424765	0.01708585194	-0.05747952675	0.02656831977	0.08607893571	-0.03442044623	6.286817793e-05	-0.03393254664	-0.04424674894	-0.04351334173	0.06381661173	-0.03792670074	-0.03689043598	0.01031987561	0.01069696949	-0.002796836374	0.02268578475	-0.05515734025	-0.01070489841	0.04041186935	-0.02030423865	0.02966984884	-0.03784766961	-0.01031017164	-0.04508009342	-0.02722481708	0.1107193984	-0.03673292805	0.04504609455	-0.02725499632	0.1348277709	0.004454593707	-0.04082599161	-0.04793255241	0.04414174985	0.04883673345	-0.02421722163	0.01834462272	-0.02766929245	-0.003688042886	-0.075894871	-0.03709570185	0.05042360146	0.005711195821	-0.02831938393	-0.04364358827	0.03912974586	-0.03802105928	-0.00855074355	0.03454101544	0.07122213326	0.07491617187	0.005543897511	-0.1210058714	0.01898736988	-0.04215418591	0.02511428752	-0.05157881931	-0.001708506027	-0.03648887902	-0.07481520247	0.03348792536	0.09134110692	0.3070531426	-0.01026724513	-0.04894847067	0.0925187013	-0.03145964163	-0.03111265054	-0.04704983378	0.007754316691	-0.03662143671	-0.04691413108	0.005977870879	-0.01550766898	-0.01236917587	-0.03761693991	0.05951836142	0.05677079924	0.1111014333	0.09183467047	0.09733805491	0.02507069668	0.04687528144	0.0439775372	0.1038841139	0.06912627063	0.1099249801	0.01930758988	0.1080001487	-0.03293820731	-0.002326891721	-0.008263081252	0.09621367802	0.4287437318	0.2557409718	0.3754553943	0.346966957	0.1557384675	0.07594417979	0.0240176278	0.03554360631	0.03597918962	0.4075141937	0.08617836181	0.09038213725	-0.02422790418	0.0322361331	-0.04188527581	0.08046809025	0.07770612797	0.1254327557	-0.03663242597	-0.01947738762	0.0161647918	-0.02954156144	-0.05028831877	-0.04102144603	0.05484081482	0.07418867312	0.04356181291	0.02820445409	0.03533680153	-0.001126865059	0.0143435801	0.01181506973	-0.009885569232	0.07433716896	0.07538758926	0.01011215427	0.007759692714	0.01687602421	-0.00509656965	-0.0201151971	0.003648011058	0.0468545853	0.02350075688	-0.00639724835	-0.0255666194	-0.01960044838	-0.02097777726	-0.02301265548	0.04389056704	-0.02304370754	-0.03049967076	-0.01777775697	-0.128735744	-0.06649892186	0.05340042967	0.02048433338	0.001078602007	-0.05559415718	-0.02613020565	0.04356389906	0.02108565037	-0.113464345	0.04486773853	0.03179138251
-0.08249987155	0.003885719998	-0.09231054034	-0.003348360056	-0.01837588746	0.036268598	-0.0372057399	-0.07351920311	0.01303594548	0.01846445559	0.02129669416	0.02666121133	0.0112676746	0.01845090861	0.03809918151	-0.002255701262	0.02312036013	0.0227740544	0.03949465852	0.001321747629	-0.0003317890583	0.004826398015	0.02489722215	0.02830788197	0.03044502408	0.04231872084	0.01924885976	0.01659911282	0.03922793201	0.04711653997	0.02228543253	0.02698858571	-0.01979196728	0.04757910617	0.0138607871	0.02187689558	-0.1135772424	-0.09300683255	-0.0966489652	-0.06116500756	-0.002566544287	-0.08368262338	0.03954108041	0.01769806266	0.02640508315	-0.0612038154	0.01770692908	-0.02214355123	0.04538247397	-0.001951107665	0.01342353175	0.02359157426	0.02916442795	0.02221957442	0.01806794131	0.04926146773	0.03605043106	-0.003226145457	0.05786608337	0.03741495518	0.02803972267	-0.0336277761	0.02642478122	-0.01219082545	0.01310494113	0.02471293809	-0.001558504459	0.01131562968	-0.07118679758	-0.07877205144	-0.03483738784	-0.01289190243	-0.01383094614	-0.05554576526	-0.04506741946	-0.1054258532	0.03255990017	0.07212708746	-0.1248631771	-0.07220275125	-0.02196396882	-0.02772263703	-0.1013157711	0.03743047274	-0.02829265023	-0.1121942947	-0.06555554064	0.036220554	-0.04742455934	0.151173038	-0.1259495029	-0.0007124932163	0.06419538036	-0.08503631316	0.07684199725	-0.03138036314	0.00935981813	-0.08416999136	-0.1138669634	0.08510311152	-0.06778257797	-0.0845649676	-0.05027238132	0.117510874	-0.04239197686	-0.005282550512	-0.01799914058	-0.03508775657	-0.003986425669	-0.06224569194	-0.06806650767	-0.07490843579	-0.06633436956	-0.08078165446	-0.1053583464	0.002996673578	0.02454254586	-0.1073738125	-0.130258905	0.0533454498	-0.033546071	-0.02525434079	0.04793809256	0.1362642039	0.04363974958	-0.02715385867	0.03904017951	-0.07925645605	-0.01603190081	0.04023459769	-0.09110408739	0.01337213127	-0.08090192702	-0.1096534771	0.01719433443	0.03303565799	0.2063195013	0.00957350731	-0.06564968008	0.03181643229	-0.09361427058	-0.1035540024	-0.06267589973	-0.06443018984	-0.1208169227	-0.1271602149	-0.08347564488	-0.01542188958	-0.07782975033	-0.05350220125	-0.006571146759	0.03298583206	0.09759091194	0.07613680473	0.1436667148	0.01704357158	0.1537571036	0.1597612202	0.1002341402	0.1060371633	0.1067392044	0.006410996176	0.07420557532	-0.104982985	-0.08296976923	-0.0249784359	0.151614656	0.2557409718	0.568984124	0.334879521	0.3009716991	0.3944908838	0.07074376018	-0.06689000762	-0.02057534629	0.04387428243	0.2824391768	0.002140897761	-0.02902671902	-0.04615084616	0.1006369952	-0.04352585438	-0.02805681036	0.002586863457	0.1065735426	-0.06576108531	-0.02141506707	-0.0636059909	-0.1000957849	-0.09934329724	-0.09384360499	-0.03211761575	0.01010680804	0.04278563339	0.00836169803	0.02518097428	-0.0334143001	-0.05635848043	0.02602123901	-0.03956515992	0.02805781639	0.06613147735	0.001517738629	-0.06682339391	-0.03642997578	-0.02159071373	-0.03537381561	0.004327988005	-0.02635574868	0.03468531435	0.01295871795	-0.09741965347	-0.102804634	-0.08253747693	0.03741704271	0.003744196134	-0.04869563971	-0.03794628504	-0.01691938499	0.0251802568	0.05263251678	-0.04050524691	-0.02666294926	-0.08895390173	-0.1044909106	0.01590747272	-0.003267400051	-0.004607579782	0.03688294204	-0.0705968051	-0.01973786365
-0.06305282189	0.02959759753	-0.02064381935	0.003916917119	0.01125984385	-0.00564585909	0.003174591647	-0.003935886763	0.02260465643	-0.09612668226	-0.09078231183	-0.08742399311	-0.09093045968	-0.08669525688	-0.06999604358	-0.09733865402	-0.08395590324	-0.08699934842	-0.0562973777	-0.09420256766	-0.01246721477	-0.007310789432	-0.07555979786	-0.01572796868	-0.009904944349	-0.06714093434	-0.0831459244	-0.09008045478	-0.0656077733	0.008052114554	-0.0841504072	0.007302403352	-0.02818205858	-0.02330695922	-0.00427058175	-0.08813926303	-0.07072727156	-0.0580920953	-0.06012937267	-0.04789344791	0.006675916869	-0.0519852474	-0.0782774505	-0.007109700928	-0.07177942865	-0.06657936039	-0.007408995331	-0.04016555557	0.003099979033	-0.01650521921	-0.03464784776	-0.006231198908	-0.07386743025	-0.08799892147	-0.07260867406	0.00840090702	-0.008054905409	-0.03295773737	-0.05691817363	-0.07726787021	-0.06090190185	-0.04730936573	-0.07981975984	-0.008429147056	0.009586998722	-0.005220075673	0.02628045713	-0.0272938513	-0.02319824498	-0.02539637301	0.03889134288	-0.02797420345	-0.02650974172	0.04959694996	0.01006995529	-0.09531453632	0.01249800328	0.0921283991	-0.06610760452	-0.04332532301	-0.02827896697	-0.02685101861	-0.06069042685	0.05432090232	-0.02809110784	-0.05918057364	-0.01780505479	0.03912390145	0.009222259842	0.05375593695	-0.07979189521	0.00971474162	0.05576966368	-0.05879827985	0.07375450635	-0.01799029244	0.02410252648	-0.03691144672	-0.06773495082	0.07514805465	-0.02374528393	0.01508581532	-0.05170960712	0.1083790126	-0.004526577971	-0.03445610888	-0.02502387023	0.002082400257	0.001897358967	-0.04080896617	-0.01913785249	-0.02778637248	-0.02659325361	-0.06990758045	-0.05620610983	0.04075106406	0.02143738927	-0.06793381136	-0.07955213906	0.07772658885	-0.0254526298	-0.0367679881	0.03190941029	0.0905838967	0.07302822592	-0.01573580016	-0.07691683265	-0.01212658426	-0.02301665308	0.03508455321	-0.04768637094	0.02708256024	-0.04064705742	-0.07202347392	0.02576224113	0.07006163236	0.3121463061	0.02429087519	-0.02906473785	0.05767210936	-0.05167994723	-0.05333409912	-0.02601047528	-0.03590925956	-0.08025726968	-0.08326012485	-0.0321452146	-0.01548991124	-0.03778400649	-0.01684798149	0.06317830481	0.06964148653	0.1418048855	0.09967715073	0.1289964387	0.01079925797	0.06960438708	0.07492736281	0.121639183	0.08833667736	0.1102418277	0.009046399221	0.1132018472	-0.06109221721	-0.04122278927	-0.0202721958	0.1368050557	0.3754553943	0.334879521	0.4830470125	0.4066960613	0.2351635473	0.08285817872	0.01310617693	0.02579218348	0.03824715215	0.409086944	0.09350833097	0.05326135823	-0.04461562792	0.04005655329	-0.04362478894	0.05425134517	0.0413417557	0.1082406429	-0.0517468077	-0.0143458021	-0.005941400284	-0.06503698862	-0.08590346352	-0.02736681058	0.01592860507	0.04460037975	0.02741109053	-0.005909117707	0.01415894901	-0.01880993372	0.01702779833	0.0230330008	-0.02930486924	0.06508031154	0.06985631187	0.03559386584	0.002987577037	-0.003476825375	-0.03156280258	-0.05787890879	0.005021021673	0.02128452351	0.01656991009	4.951878464e-05	-0.06350806523	-0.05567378488	-0.02333412336	-0.01865512287	0.007251801966	-0.009749438605	-0.02122010584	-0.02304816479	-0.08939313022	-0.01903711193	0.0149235643	-0.02332565995	-0.01798574451	-0.09701718999	-0.01654621893	0.03419230732	0.01466953536	-0.07357637957	0.02377954054	-0.00446535745
-0.05273803863	0.04273057838	-0.0001755246841	0.01475488838	0.02341399457	0.01587997682	0.01743312169	0.002226053607	0.03173704825	-0.1108469092	-0.1061817864	-0.1033502041	-0.1062138197	-0.09722591946	-0.08751029654	-0.1075303386	-0.09746199156	-0.1015575807	-0.07282520454	-0.1045643402	-0.007561368381	0.007537816016	-0.09187416855	-0.01199099021	-0.01078101773	-0.08981355078	-0.1025651925	-0.1030162457	-0.08168520685	0.01728154974	-0.1086030355	0.02317083598	-0.02356403571	-0.0413968053	0.00459544464	-0.1113778136	-0.0629781246	-0.04906429678	-0.05189563469	-0.04224844749	0.003718764787	-0.04330621766	-0.09016204211	-0.004139646302	-0.09310167964	-0.04392086107	0.01006035157	-0.02796719326	0.001416057821	-0.003156622579	-0.03042241679	-0.009143606308	-0.09207433947	-0.1056208429	-0.09411828412	0.01351029816	-0.00348284018	-0.01677760922	-0.06175990626	-0.09027382194	-0.08047458282	-0.04596953738	-0.09497827505	-0.008941774846	0.007664658105	-0.00820845541	0.04781877687	-0.02083701616	-0.02159829298	-0.02441538035	0.04758169439	-0.01518092478	-0.01571136063	0.05377641396	0.009996294819	-0.07104128138	0.0121857193	0.0748417618	-0.04834598362	-0.03073415576	-0.03346749848	-0.0270569787	-0.05443095186	0.05850153507	-0.02258018915	-0.04519949425	0.001106756316	0.02824305301	0.006304037277	0.03911059989	-0.06253685179	-0.002234058702	0.05878405214	-0.05060770347	0.04844184374	-0.03234445122	0.006090860149	-0.03933507652	-0.05422028322	0.09101876866	-0.02625627072	0.01478556999	-0.04816263044	0.1080346657	0.0006464425951	-0.03989114262	-0.02210633067	0.01314208188	0.01520316332	-0.03094078111	-0.01245708253	-0.02988752226	-0.009174662068	-0.06319098445	-0.05614885452	0.04773949123	0.02078438663	-0.04212207798	-0.06036479345	0.04553194352	-0.02798362241	-0.02092224437	0.04140531544	0.06145061836	0.06202903765	-0.01184142505	-0.08892989398	0.004846005343	-0.02127987108	0.0365642596	-0.04523367122	0.01649709675	-0.04531721277	-0.06402097288	0.01757493338	0.08445353496	0.2994985389	0.006163235443	-0.02374723544	0.05922919132	-0.04694165218	-0.04022485494	-0.02189492371	-0.03092519052	-0.06051442952	-0.06473461826	-0.03038408694	-0.0219855523	-0.03456892844	-0.01696130963	0.06054381808	0.06951374989	0.09875341004	0.08366021013	0.09720377429	0.01793282057	0.04278649581	0.05185074571	0.1119031715	0.06058672722	0.09153287078	0.0122642593	0.1298497796	-0.04168930811	-0.02692280989	-0.01813517074	0.1351168197	0.346966957	0.3009716991	0.4066960613	0.4613477656	0.2035737071	0.0609469677	0.007324298283	0.02073840319	0.03791313501	0.378779077	0.08040101679	0.07735642125	-0.03910728339	0.04016773558	-0.0351683237	0.06959093412	0.05433148234	0.1040675143	-0.02088432004	-0.01368426484	-0.004200428666	-0.0450152526	-0.06311557493	-0.01973732582	0.02468628481	0.04733753789	0.01847287956	0.007742775144	0.01125172452	-0.01750110644	0.017074813	-0.0001158231391	-0.02424967453	0.04479964832	0.0569799608	0.01327838682	-0.01903381831	0.0007658324681	-0.004543707521	-0.04932509955	0.02192279543	0.03325472752	0.01551772983	0.005206262758	-0.04372999952	-0.05144663174	0.0007319381507	-0.02271964587	0.02205932959	-0.01442752389	-0.01460488055	-0.0194837492	-0.1034413145	-0.03890234179	0.02884863816	-0.009460500624	-0.01102137618	-0.07145932242	-0.01149920777	0.04429225899	0.01136159002	-0.08464279597	0.0256171789	0.01447254862
-0.05508282304	-0.03232287089	-0.07669039507	-0.06328138784	-0.08232602594	0.05400238852	-0.04521733466	-0.07603693054	0.01860922467	0.03373053906	0.03950138396	0.04626928108	0.0210322042	0.02265550199	0.05378657781	0.01974996459	0.04610630053	0.03087053677	0.05513864446	0.02180594259	0.007560535392	0.01223172556	0.03189477659	0.05640232117	0.06052628109	0.04059078193	0.02603492849	0.03364152293	0.04576969357	0.0736721865	0.02286671275	0.05366613382	-0.03392579684	0.06106531324	-0.003587635115	0.03220345513	-0.1248358196	-0.1128000795	-0.1360155562	-0.06679460962	-0.03150541006	-0.09766292339	0.05464982568	0.04688839319	0.04494886548	-0.05132792179	0.03097196255	-0.02878932585	0.07093820644	0.02248143298	0.03702217446	0.02199658711	0.04753745367	0.02742757105	0.02329137892	0.08592061886	0.07059058134	-0.002743496025	0.05862175398	0.04899874282	0.03988084784	-0.01241371931	0.04315263043	-0.00371524596	0.02479779452	0.02438964245	-0.0154566792	-0.02537725915	-0.1027061657	-0.118099188	-0.08424953312	-0.05467664044	-0.05678414265	-0.08708142569	-0.02483247001	-0.06847260672	0.05038724984	0.05477680358	-0.1056366097	-0.1009357994	0.005694869061	0.01362146688	-0.07302636995	0.04373694272	-0.007657203475	-0.0763755387	-0.03278260398	0.07523161892	-0.02765530482	0.1792659289	-0.07081067875	0.02003544912	0.01647718655	-0.1177550991	0.05635253406	-0.01544698774	-0.01131545549	-0.05411811992	-0.1028449862	0.0227630745	-0.04940739335	-0.1366070325	-0.08345355194	0.07010466996	-0.03810576831	-0.04891520347	0.006431910978	-0.0432784774	-0.01653522642	-0.01860878062	-0.1291526813	-0.09275895674	-0.05275021306	-0.04729973496	-0.09522914742	-0.0303759639	0.01813605687	-0.05735057741	-0.06153012674	0.03632496147	-0.01721894985	0.003635071916	0.06324140128	0.1384570571	0.001778708817	0.0004716799921	0.05424111071	-0.08618770513	-0.0010238461	0.05603731065	-0.0592978999	-0.004449526529	-0.08440944588	-0.07737025955	-0.03816481065	-0.03715363459	0.1738863899	-0.01119710538	-0.04390489845	0.02497528952	-0.06722461999	-0.06669546617	-0.04201253644	-0.02579245818	-0.05863892814	-0.0573239426	-0.1206184897	0.01496446421	-0.06829550739	-0.02980364689	0.01699686018	0.0210000041	0.09174822554	0.1037978084	0.1329314736	0.02974670413	0.1582965739	0.1802575554	0.134792429	0.1080606062	0.09547483365	-0.01835227296	0.1143852229	-0.07625431346	-0.09821730033	-0.01751584897	0.1617490991	0.1557384675	0.3944908838	0.2351635473	0.2035737071	0.5740819082	0.02751528707	-0.1077195171	-0.001599120485	-0.02382913634	0.1827102304	-0.06823504554	-0.08862550736	-0.04381381633	0.1259655794	0.0005587927348	-0.06874924111	-0.06006232551	0.09137279604	-0.04524471307	-0.01242523244	-0.07357642826	-0.07726981998	-0.06614698443	-0.06469777191	-0.08235266473	-0.02569809806	-0.0008968460756	-0.03236478234	-0.03349194441	-0.0333448435	-0.06725584107	0.01003121836	-0.04135964768	0.05991450013	0.06970779498	0.04682319509	-0.06263908989	-0.0513563658	0.03196346016	-0.07383136057	0.03373679577	-0.02864364841	0.006111861144	0.03303511461	-0.07470762013	-0.1281405475	-0.0257616302	0.04793267972	-0.05041335662	-0.04392049165	-0.01388346709	-0.02632308838	0.03697500729	0.05866834679	-0.06932780374	-0.0248422889	-0.1097902864	-0.07368391976	0.03588406228	0.005239087193	-0.05687106288	0.04354982621	-0.0936259803	-0.0007263151229
0.01957050116	0.002697586213	-0.04005906052	-0.01415350021	0.01698794622	-0.0094897048	-0.03443098191	-0.05337220049	-0.006359496495	-0.08558617489	-0.08908488625	-0.08597637583	-0.08467868117	-0.06576572139	-0.07911637359	-0.08947675126	-0.08543126431	-0.08753313104	-0.08574774157	-0.09109979024	-0.020074111	-0.04411913412	-0.1027478515	0.0572059651	0.06342392211	-0.06915336434	-0.06480598145	-0.07050349428	-0.07465998434	0.04968443947	-0.06569113775	0.04347201093	-0.05440846507	-0.06882825325	0.02431586456	-0.06744656518	-0.07344213822	-0.05133410741	-0.04004472781	0.003027657333	0.01896364062	-0.05534928693	-0.05988915909	0.01653052788	-0.07124705637	-0.07266524291	0.04258709834	0.008504493107	0.04201612491	-0.03553940436	0.03975361972	-0.006641012863	-0.07885769286	-0.06998894201	-0.06707507257	0.05835844014	0.05823681755	-0.05083106236	-0.06822453839	-0.09138108351	-0.06015300322	-0.03939893909	-0.0632105439	0.02865785256	0.02659676402	-0.005420413684	0.02351479497	-0.009877334948	-0.04500512063	-0.06243446549	0.02265166978	-0.01655056491	-0.01040942635	-0.05520472431	0.0265398099	-0.03472024045	0.07699414235	0.1345708404	-0.03521674609	-0.04455779873	0.1139735214	0.06715543507	0.02986752539	0.09152390749	0.01642314058	0.01222399899	-0.02582152206	0.01751728075	-0.01805960785	0.01689524157	0.01872216081	-0.03343748323	0.04460133868	-0.03385172138	0.01939267165	-0.03644194533	-0.04358821371	0.03721524436	-0.04779867618	0.05716230783	0.02814779018	0.01105552873	-0.02961066482	0.1173966052	0.01883394274	0.04643434617	-0.04420562078	0.01944750862	-0.01930419236	-0.03349184557	0.05630090216	-0.02860120548	-0.005302355096	-0.00608410104	0.06298574654	0.02587653316	0.01712478538	-0.04101372025	-0.0523449546	0.004199571854	-0.02379159987	0.02832733632	0.06591491845	0.1068462437	0.1050019212	-0.030311454	-0.05922233854	0.01328003708	-0.03909884028	-0.0105049657	0.03996196326	-0.02865592841	0.06693582236	0.04445364764	-0.0003044518502	-0.04186368657	0.08242389337	-0.04389537517	-0.04735931253	0.03812403858	-0.03293994281	-0.03713717622	0.0804474398	-0.001626954191	-0.07055723339	-0.06126044861	-0.0561660245	0.01565394295	-0.06041028405	0.06181120084	0.02735500111	0.02099620926	0.08119282635	0.04444396167	0.1097968925	0.01739865445	0.08995552111	0.08606865833	0.09153617634	0.06420224855	0.06551564532	0.05733798315	0.02670780596	0.00756707667	-0.05428682869	-0.01190879902	0.04091602706	0.07594417979	0.07074376018	0.08285817872	0.0609469677	0.02751528707	0.4690913639	0.06622423693	0.07263735411	0.08197698074	0.07918276766	0.03788956176	-0.03835204713	0.007925112565	-0.009958881299	-0.02413031482	0.02437341515	-0.008886766793	0.1492534313	0.02236366325	0.01545365554	0.009700078547	-0.0797623999	-0.02931052042	-0.01301912008	-0.04563154546	-0.001257407212	0.04399949036	-0.03981356494	-0.05623287729	-0.0116474212	0.04216808472	0.06618504891	-0.01831355983	0.06152265108	0.06120892255	-0.03379332311	-0.01179336764	-0.01133516908	-0.03035737825	-0.02625831196	0.02271672079	0.03379663863	-0.01152169496	-0.03203351317	-0.06815341181	-0.02103116963	-0.03049984637	0.0868343716	-0.0005782948852	0.04135407298	0.05897958365	-0.04082875393	-0.1217141554	-0.07104734704	0.0696807926	0.08994933761	-0.05986066097	-0.04726086983	0.03609609442	0.02838791875	-0.01543346345	-0.102813083	-0.04033184324	-0.004780795471
0.02521936627	0.06521317022	0.1216844814	0.0584142551	0.03183629838	-0.01972177258	-0.0003933903359	0.07082484792	0.02128758509	-0.1716880222	-0.167254809	-0.1737252959	-0.1608100096	-0.1741323767	-0.1822780777	-0.1619640652	-0.1719337189	-0.1685734607	-0.1760145733	-0.1580838102	-0.03100262379	-0.02923603952	-0.1695633876	-0.05347205304	-0.04953675126	-0.1762702022	-0.1771211746	-0.1812999717	-0.1812681029	-0.06055573318	-0.1741773564	-0.04963399272	-0.01490263071	-0.1208997266	-0.04604068736	-0.1757562316	0.05583217613	0.08736703731	0.09181926236	0.01679513347	-0.009809566829	0.06169145659	-0.1811592486	-0.04209807211	-0.1859534095	0.02728168121	-0.06332595086	0.02843923854	-0.04518880649	-0.05489371699	-0.02947260444	-0.01027431342	-0.1793549108	-0.1778212305	-0.1721534034	-0.06604634047	-0.05790687831	-0.04397720049	-0.1800256657	-0.1730287428	-0.1686935745	-0.02393044244	-0.1773360188	-0.01904358325	-0.01711739805	-0.01508733414	0.03282233447	0.04414556081	0.04815773545	0.07500926851	0.1212876456	0.04458056306	0.0472252092	0.1005414843	0.0774456448	0.03103939936	0.02283009133	0.03561447593	0.08514095246	0.08224842326	-0.02772663709	0.0344544586	0.05871187042	-0.01446031428	0.0730273199	0.02204225516	0.01266268004	0.01391516826	0.03583599021	-0.07419818632	0.01160650326	0.02952225827	-0.02131724764	0.09094589032	0.006018611855	0.02867125222	0.03170804125	0.02001522289	0.08403477498	0.01973731955	0.01365222714	0.219152553	0.04253471674	0.006149284882	-0.00212147743	0.01278707089	0.008032604392	0.04321456251	0.0328429955	0.005397765249	0.09379865542	0.0596420277	0.02701466443	0.04541271629	0.07003853614	-0.0121241366	0.05928903155	0.04594940199	0.04982895903	0.02358840711	0.006956246848	0.05110433499	0.05402616232	0.02171586014	0.1215088795	0.009573940746	-0.1773706554	0.1049365003	0.01479677308	-0.007195735737	0.01264904272	0.01032466858	0.03916763649	0.0470286408	0.01650304551	0.04999771327	-0.00846496842	0.03549673903	0.02471519529	-0.01199896503	0.038002153	0.03555062759	0.05360377235	0.06170425341	0.04764497931	0.04741217457	0.08172321774	0.04208206018	0.01379251957	0.03615311231	0.01804014008	-0.03405775682	0.04505593181	-0.03551524932	-0.002569584644	-0.02756642323	-0.04152926323	-0.05591013766	-0.02342225888	-0.02926520749	-0.0211232406	0.02493522963	-0.006716709023	0.01835755084	0.09108630947	0.03988638478	-0.03148679811	0.0240176278	-0.06689000762	0.01310617693	0.007324298283	-0.1077195171	0.06622423693	0.3359461952	0.1049667105	0.08732010088	0.008270398124	0.1503239688	0.1231849843	0.1101223962	-0.03510169282	0.03573270606	0.1161746704	0.09916919398	0.03439528222	0.04661863957	0.05533455326	0.1112041739	0.01912945706	0.03293257989	0.04777815411	0.07216399919	0.05909812557	0.07945971454	0.006963056688	0.0429611085	0.02477680279	0.1537210973	0.05574275275	0.02427227039	-0.004114671047	-0.03037094478	-0.00265513805	0.03762424279	0.02198989794	-0.01014192366	0.05145826181	-0.03951010862	-0.0200813303	-0.0258130867	-0.05300040652	0.03756910739	0.07357933721	0.003373944138	-0.03727986724	0.09747479862	0.0127118764	0.006129387047	-0.03509241094	-0.1582530463	-0.1137399326	0.09320771992	0.05791010879	0.09237050172	0.03936007984	-0.06378183834	0.02796155729	0.01487266074	-0.1668094901	0.1084517698	0.02446177068
-0.03306906136	0.04615396917	0.06851422356	-0.03158195997	-0.01484334225	-0.02327594157	0.02410748131	0.005581856012	-0.0154691224	-0.09399299643	-0.09457680977	-0.09787081567	-0.1003529293	-0.06249375868	-0.06672136343	-0.111435519	-0.09088014462	-0.0823133389	-0.07852263214	-0.1087393144	0.06234146778	0.03509571961	-0.05518543796	0.02619821931	0.0399139171	-0.08096671298	-0.07721803818	-0.07574660011	-0.07560591937	0.02291639825	-0.06930741396	0.03313069387	0.0009102356906	-0.05428679481	0.02867809931	-0.08291812049	-0.006027177873	-0.007020981881	-0.01522821108	0.01750166593	0.01570040963	-0.009265930549	-0.09883578473	0.01489881087	-0.08833798245	0.008939490664	0.03673502439	0.07637103637	0.04391709916	0.02882626077	0.04163495661	0.02740186685	-0.08538136529	-0.06353461963	-0.08704613549	0.03127149174	0.03432873855	0.02835210783	-0.09316934852	-0.09787425388	-0.09263146404	-0.02573792598	-0.06278505928	0.02708322249	0.02699395426	0.01701633405	0.07429002098	0.03682075581	0.008574637927	-0.01024815038	0.04912971476	0.03315836959	0.03501180094	0.02597340954	0.06009433343	-0.01740051751	0.02294971306	0.0577295339	0.02459414902	-0.01081915136	0.02839401949	0.01419651889	0.003706566329	0.02014174733	0.01456520924	-0.02394702062	-0.004164264937	-0.01421491244	-0.009510756365	-0.006216834681	-0.02019469653	-0.04539261909	-0.02494852968	-0.008797477825	0.001442676013	-0.0210076306	-0.04289656894	-0.02824238653	0.009292057693	0.03956060474	-0.02966506334	0.04820496859	-0.02165433547	0.04733017394	-0.04449092394	-0.05312413142	-0.04946351106	0.01472358702	0.03781598126	-0.03196013953	-0.02008112044	-0.0230275499	0.02639008377	-0.01648006149	-0.002724722248	-0.02279551944	-0.01753655678	-0.02628261554	-0.00183035854	-0.01884564883	-0.03957868821	0.02146214968	0.0524502692	0.07700312721	0.0825583206	0.02348373749	-0.09755984706	0.03879259069	-0.04582235489	-0.03283928437	-0.03098395942	-0.0410771926	-0.03253187998	-0.01712126968	-0.02595475268	-0.01941911061	0.03190372923	-0.04266813673	-0.009758313157	0.0120178431	0.03669440861	-0.02002511443	-0.004391194706	0.02408517156	-0.01107617707	-0.008861805566	-0.01505517505	0.02689194995	0.02118761691	-0.01787259289	0.01560494962	0.01003395131	0.03177557581	0.07034994644	0.0167114279	0.2028040715	0.03555347671	0.02918337397	0.01400915732	0.02718035433	0.01248477435	-0.01578567857	0.06001026726	-0.02264716548	0.008216318466	-0.01972535198	0.02186288204	0.03554360631	-0.02057534629	0.02579218348	0.02073840319	-0.001599120485	0.07263735411	0.1049667105	0.4165577794	0.02612098557	0.02497133914	0.05325118466	0.04824646842	0.02845164791	-0.03010491124	-0.01299149309	0.06160626775	0.01860955752	0.03866343857	-0.02042211942	-0.03285107274	0.03489454399	-0.03531415838	-0.0234873519	-0.01864357193	-0.01088969813	0.01993505957	0.03869788448	-0.002438140371	-0.00547078552	0.03046228821	0.06800761968	0.06307305618	0.02915603026	0.06512384674	0.05244340102	-0.01940776661	0.009633485318	0.05168640519	0.0001962288846	0.0332783689	0.01400677498	0.02039056518	0.02576223115	-0.01160300485	-0.03278948962	0.006689495796	-0.01202202329	-0.0105977159	-0.01711749249	-0.04500918485	-0.009499423346	0.004543619605	-0.0931344836	-0.05895820995	0.04842060317	0.04837402278	0.02014331742	-0.01934855	0.03464335544	0.02347176581	0.04461420649	-0.1043390283	0.002177106328	0.02268425663
0.03420515112	0.03102818985	0.04494475249	0.09706182524	0.03992667589	0.008163881012	-0.02065227372	-0.0112214043	0.03679476992	-0.1536439997	-0.1644798834	-0.1624073762	-0.1548718479	-0.1652532064	-0.1733387369	-0.1546297758	-0.1541875128	-0.1542169975	-0.152019003	-0.1507804679	-0.02490212571	-0.01089405966	-0.1413579365	-0.008463466248	-0.01188134902	-0.1655202331	-0.1505830151	-0.1550861206	-0.1680875973	-0.004233366491	-0.1619371543	-0.0200661385	-0.0314965268	-0.100974298	-0.04061348496	-0.1647916291	-0.02016891806	0.01158498778	0.01223592592	-0.01861811255	-0.03431072869	0.00242787824	-0.1558237333	-0.01769390766	-0.1614659424	-0.01353808601	-0.0366879068	-0.02135540899	0.01302043313	-0.02721151655	-0.01479285464	-0.003636644914	-0.1563417641	-0.1644470618	-0.154776136	-0.0114458734	-0.007424852019	-0.02910838772	-0.1628202842	-0.1691181193	-0.1507884997	-0.006133084653	-0.1508243664	-0.00438982582	-0.002607406024	-0.002859402191	0.01003937563	0.01266298594	-0.009471539788	-0.0001830078725	0.06735162753	0.05329943017	0.04824984601	0.03285268971	0.008704248342	-0.001415126182	0.01446559586	0.1091125621	-0.00517896444	0.02019523128	-0.03343969278	0.006903416574	-0.001251808042	0.01263536209	0.04282551902	-0.02267369693	0.01793793063	0.03272898202	0.03661888879	0.05069801871	-0.02303427051	0.06449073792	0.1030599068	0.03055673074	0.02686449866	0.07547848633	0.1133349129	0.003199301247	0.03031060049	0.1921149379	0.01257679141	0.03028868461	-0.01859477329	0.1466395291	-0.03371460626	0.06375311645	0.07755726091	0.02525406843	0.01288724484	0.02940115868	0.02917819563	0.006868052818	0.008950497572	0.01814314151	-0.01481392612	0.0802027676	0.0637313684	-0.02464582246	-0.01492584054	0.0731522984	0.05946285283	0.03679405076	0.1709600987	0.09923599143	0.1870678265	-0.0198126621	-0.1530879129	0.07877169625	0.08644045567	0.05790902453	0.003495663327	0.09780813487	0.01094279959	0.02839848606	0.05287545272	0.150348132	0.03206356757	0.1131527076	0.04646176651	-0.01685785603	-0.03586965022	-0.001439471561	-0.01483478524	-0.02640885597	-0.008063525542	-0.01861290743	0.01381327797	0.0279232037	-0.03484776367	-0.006114008508	0.00642596933	0.001420637635	-0.001531348078	-0.008936914162	0.005564057094	-0.03001737914	-0.003634152618	-0.0193256263	-0.01474363893	0.01428159644	-0.05445889397	-0.0160335309	-0.02247986672	-0.01713427428	0.0435528296	0.09739657227	-0.003030949176	0.03597918962	0.04387428243	0.03824715215	0.03791313501	-0.02382913634	0.08197698074	0.08732010088	0.02612098557	0.3805818016	0.03788835113	0.1405418733	0.06583556927	0.05678421601	0.02806045571	0.06061768213	0.09959585359	0.1732926526	0.07753941136	0.02747904092	0.04287180749	0.03880172701	-0.02029745782	-0.0001763533576	0.0220118195	0.06404139748	0.02011088175	0.05877669195	0.03313556502	0.03191923675	-0.0265701832	0.072229694	0.04331718785	0.01348428891	-0.008915497894	0.01002111873	0.0564805322	-0.01225973907	-0.04354365247	0.0487601534	-0.006107183691	-0.05364237388	-0.01443460546	0.01306774228	-0.004894160107	-0.01749882573	0.005944686222	-0.03123910148	0.003846860545	0.1550460151	0.007960531788	-0.006656009596	-0.02821532133	-0.1379480186	-0.108675945	0.07943697467	0.1058497051	0.001662120777	0.02502715696	-0.04425325575	0.01744543626	0.017036782	-0.1312002739	0.01201528135	0.0327685038
-0.03780382041	0.05767376696	0.007145253495	0.02763097852	0.03244803916	0.01058113849	0.01507135449	0.01504480207	0.05041867541	-0.1349355195	-0.1312226781	-0.1278038659	-0.1295765764	-0.1264217347	-0.1100081241	-0.1355724716	-0.1231683993	-0.1273173862	-0.09641784056	-0.1334356417	-0.008899044774	-0.00252362829	-0.1154975233	-0.02716292884	-0.02366815044	-0.1062137845	-0.1225584651	-0.1298355275	-0.105828266	-0.005505185925	-0.1251279941	0.01035043971	-0.01494643779	-0.06883682968	0.005326245601	-0.1269667711	-0.04809189977	-0.04745112587	-0.03741831587	-0.05526289925	0.00673617569	-0.04084422618	-0.1159619954	-0.02317212614	-0.1113918245	-0.04792652928	-0.01116975526	-0.02234046242	-0.01047453416	-0.01642220519	-0.04971893686	-0.006616797555	-0.1128978333	-0.1279459087	-0.111991605	-0.005322603278	-0.02250276883	-0.0300038004	-0.09492372877	-0.1154858359	-0.09864550015	-0.04434081122	-0.1206925421	-0.01494198599	0.00298222415	-0.008704942901	0.03588822568	-0.01883156641	-0.0006253538793	-0.002841577844	0.05852307876	-0.005357778375	-0.006936860093	0.0606012949	0.0331353657	-0.06934141219	0.03162050218	0.08323930899	-0.0491260236	-0.01535853529	-0.02125445805	-0.03565312079	-0.05491901259	0.0729373462	-0.02985409985	-0.04248146132	0.002799759698	0.03240418101	0.001741668663	0.04625109322	-0.06169608848	0.002161822465	0.04890815117	-0.03625801859	0.04954416056	-0.0260144675	0.001617921706	-0.03517751659	-0.03969276484	0.102197925	-0.03113802501	0.02670286175	-0.03886859622	0.1264040938	0.01931884235	-0.03731548446	-0.03169705559	0.027715025	0.0294688183	-0.02803941456	-0.0009332005929	-0.02251848404	-0.001260046318	-0.08669083832	-0.05021948488	0.05645275246	0.01459363664	-0.04360984571	-0.05208277758	0.06087818277	-0.03282425503	-0.0178206576	0.02874294543	0.07612553111	0.05847355382	-0.01051844287	-0.114538991	0.01100633523	-0.02960428855	0.04681736663	-0.0420846757	0.005484668905	-0.03528443952	-0.07603287051	0.03724766452	0.09593683881	0.3386600881	0.001804726038	-0.04316428202	0.08057675778	-0.04328259927	-0.04942084499	-0.03793666856	-0.01086771657	-0.05248794279	-0.05552166975	-0.009602406618	-0.02829297732	-0.02800081455	-0.02883763246	0.06332462714	0.0648147775	0.1188142219	0.100457395	0.1062840494	0.01420132572	0.05136295269	0.05212808143	0.1123044119	0.07999059311	0.1186685801	0.02197369246	0.1246522171	-0.03855245515	-0.01340246139	-0.00489593933	0.1096521939	0.4075141937	0.2824391768	0.409086944	0.378779077	0.1827102304	0.07918276766	0.008270398124	0.02497133914	0.03788835113	0.4440052389	0.08996383881	0.08052070878	-0.03355416474	0.03322721916	-0.05528468929	0.08145296747	0.06853749488	0.1355028339	-0.02975536256	-0.02075476187	0.009073256569	-0.03840708103	-0.06212525329	-0.03253127834	0.03953684543	0.06083326845	0.03651326523	0.02092730493	0.02527012159	-0.006947250408	0.006725029138	0.009945336592	-0.002660578547	0.06495420338	0.08412505305	0.01871639487	0.01429268208	0.006391731429	-0.003339396233	-0.0356764324	0.0130194887	0.0474120517	0.01513648994	0.002210671482	-0.03699635104	-0.03875227238	-0.002695976749	-0.01127055535	0.03430270447	-0.0124715119	-0.02138091996	-0.01647825561	-0.1269472067	-0.06459264949	0.03565961803	0.001512221086	0.000303892929	-0.06920322717	-0.02203699886	0.03569513039	0.0120288069	-0.1118721765	0.03630095217	0.02346083908
-0.001104009676	0.04508483498	0.06561984259	0.05393027414	0.06901484079	-0.05040810122	-0.01180843114	0.01570347697	0.01144999216	-0.1582322235	-0.1545056242	-0.1591081452	-0.1460108414	-0.1612168127	-0.1649446354	-0.1483786737	-0.1574076174	-0.1566487303	-0.15431655	-0.1458558685	-0.03466895366	-0.02418830658	-0.1444174524	-0.03256012308	-0.03590356077	-0.1581048109	-0.1586146867	-0.1669822262	-0.1646092582	-0.02933653812	-0.1589414999	-0.04307131044	-0.0433909169	-0.1045627092	-0.03835873591	-0.1614127096	0.01451299385	0.04317389784	0.04679480369	0.002587617026	-0.004312816018	0.03424629568	-0.1654032408	-0.03867205659	-0.167135847	0.01231027831	-0.04441470935	-0.02726923652	-0.01393541257	-0.02802799577	-0.0173721866	-0.01799643031	-0.163080987	-0.1596765722	-0.1497205236	-0.03694305736	-0.03431542456	-0.03644024985	-0.1657200957	-0.1603874525	-0.1536283222	0.0070680726	-0.165388879	-0.001610427527	0.0003719217734	-0.01317287461	0.02589165601	0.007652476987	0.03109893608	0.05742539276	0.1124381219	0.03200434487	0.03327845261	0.1321496718	0.06280757565	-0.009699493994	-0.01278701218	0.01970378615	0.04737635638	0.04151339557	-0.02732846877	0.01789631987	0.01946113703	0.007681109169	0.03809968388	-0.009132345419	-0.005890039745	0.03550364671	0.05603995236	-0.03114536184	-0.0247839896	0.02722497902	0.0654135135	0.04886780333	0.08613342921	0.04335485015	0.08287370989	0.03063621926	0.04779389181	0.04993103759	0.0365850871	0.1054680995	-0.001021216032	0.01453799653	0.002277021172	0.02424562313	0.01585398786	-0.00150757274	0.006593118199	0.0006073624808	0.06091452838	0.05913971048	0.02586384836	0.01431044998	0.01611282161	0.06226672363	0.03391199527	-0.006598558165	-0.003657162294	0.07614879211	0.02877281155	-0.02934633395	0.04167528685	0.05543003962	0.08938290473	0.009506181162	-0.1619214476	0.06096250596	0.02305087809	-0.008257402497	0.02631697955	0.07185138255	0.01947959883	0.03601689911	0.05664472209	0.1164173661	0.06498977094	0.08257046994	0.04539444865	-0.006550499262	-0.007867431727	0.02615161539	0.03298254289	-0.002701942129	-0.002342908691	-0.007856342688	0.06766842058	0.01177540796	-0.002032344334	0.03805605642	0.04716656366	0.01376223294	0.04799998455	-0.01365890524	0.01690387619	-0.0437245708	-0.04343446538	-0.04288487812	-0.007202005369	-0.01156809759	-0.007462033571	-0.01437411376	-0.002367151291	-0.002118740708	0.07075544635	0.03667683096	0.006920329586	0.08617836181	0.002140897761	0.09350833097	0.08040101679	-0.06823504554	0.03788956176	0.1503239688	0.05325118466	0.1405418733	0.08996383881	0.3201633219	0.1405966466	0.04726115028	-0.03112857061	0.01996195191	0.1272675412	0.1203601926	0.01187810551	0.03956949831	0.0307760877	0.08509941938	-0.01447330199	-0.01311154764	0.04539882172	0.08836318013	0.05578788936	0.0319569751	0.04527139762	0.05327895804	-0.009456730356	0.1562693762	0.0328646021	0.05944334454	-0.00459932713	0.007976646413	0.05694136961	0.06280190273	-0.01341207431	-0.0004899829767	0.000925113939	-0.04136288647	0.006615931501	0.006590497533	-0.01997513782	-0.004627787995	0.03039594636	0.005628476067	-0.02616674567	0.08840392989	0.04310832169	0.006184413444	-0.04064418112	-0.1425089524	-0.10921852	0.06638182435	0.02149179829	0.06560165305	0.009787099887	-0.05686642348	0.008664200078	0.02262657751	-0.150074736	0.08806261333	0.005074526097
0.03751784466	0.1157422102	0.1308634009	0.09000475034	0.07742667743	0.04574808809	0.003140020461	0.07609596255	0.07407160107	-0.1900809894	-0.1865351126	-0.1888067256	-0.1811062776	-0.1936273958	-0.2000675344	-0.1778811292	-0.1874644237	-0.1919481064	-0.1904482927	-0.1743155858	-0.06941852331	-0.04152240458	-0.1890763781	-0.09058693413	-0.09013098372	-0.1999012736	-0.1948950208	-0.1940824108	-0.196330209	-0.0804871062	-0.1982687966	-0.05330534253	-0.04506817101	-0.1371389395	-0.05434542391	-0.1955454217	0.06397122327	0.08143263471	0.09054193543	-0.01468991562	-0.02822264222	0.04534652373	-0.1990885737	-0.06804008745	-0.1991867055	0.02938675402	-0.07263362669	0.006536884058	-0.09177124888	-0.05134032972	-0.08805942127	-0.02574155564	-0.1916022581	-0.1919972738	-0.1864357923	-0.09031962811	-0.08864136174	-0.05460319131	-0.2013819448	-0.185783253	-0.1860460077	-0.03695903247	-0.1922790233	-0.05720739497	-0.05495255902	-0.04446501467	0.04508474317	0.03344408858	0.05668230223	0.115282604	0.1247147397	0.0886914262	0.08807826484	0.1956740847	0.1059451616	0.04844693257	-0.008923713914	0.01787210734	0.1368432473	0.08043921491	-0.05153588806	-0.02334334915	0.04924705015	0.02028826931	0.01772540572	0.04488954759	0.05103613344	-0.002127927897	0.03450334118	-0.08442456227	0.01303029907	-0.01396414683	0.01608201544	0.08882957793	0.02224460324	0.001808495668	0.0183687728	0.01277292917	0.09179146229	0.08402463474	0.01417755589	0.1412796766	0.03468020352	0.04668457626	0.01283717006	0.01245144417	-0.0105608846	0.03295668925	0.06591700376	0.05056968908	0.09170698173	0.04450828107	0.07277314743	-0.008218791262	0.026353548	0.05487744099	-0.01766991411	0.07752502862	0.1185397482	0.02040709686	0.005423612898	0.07077216113	0.05767667336	0.005652182164	0.04662375354	0.01510573225	-0.1951602164	0.1830807097	-0.003154716802	-0.02272848761	0.009120851703	0.01807643611	0.01689519972	0.01694002259	0.0714227109	0.1257158742	0.06403321035	0.01674396874	0.02577215226	0.07098738528	0.01628602321	0.04012326536	-0.007859438412	0.09289762266	0.1342052749	0.1192058804	0.08925174086	-0.006263735794	0.02927423144	0.001398028814	0.03305687312	-0.006363057165	0.004814396814	-0.03637235751	-0.04235698287	-0.02733906948	-0.08043026333	-0.07996739854	-0.02008900468	-0.05056371227	-0.03952683592	-0.01062406639	0.02444540574	0.05186651924	0.137219765	0.004045636397	-0.05883301056	0.09038213725	-0.02902671902	0.05326135823	0.07735642125	-0.08862550736	-0.03835204713	0.1231849843	0.04824646842	0.06583556927	0.08052070878	0.1405966466	0.3589252869	0.05771782575	-0.04818438428	0.001421826255	0.1925247587	0.1486852751	0.0144830121	0.04329134114	-0.01802910507	0.08671632758	0.1177049406	0.05214944288	0.04738742723	0.1270008106	0.08229408767	0.02864350244	0.07778490102	0.1116931146	0.02699921334	0.1472307207	-0.01972902904	0.08167361174	0.01071368843	0.01725008243	0.04666412221	0.06328606984	-0.008401082081	0.0359127812	0.04292960627	-0.05859546232	-0.008544454499	-0.01857485428	-0.07327166298	0.1080876821	0.05220894824	0.0959733469	-0.06199423579	0.09455052194	0.001122854774	-0.006294738548	-0.05767113377	-0.1739984759	-0.1368248987	0.09111255968	0.05382484347	0.09056687197	0.04986685193	-0.08120241969	-0.008913354976	0.006546700234	-0.1883947433	0.1180928639	0.07639393111
0.09745512997	0.02567673924	0.06451964231	0.07571656158	-0.001406140319	-0.020093089	-0.01860039777	0.02566573683	0.047726479	-0.1917177238	-0.18969509	-0.1944573696	-0.179621056	-0.1892209311	-0.2017929308	-0.181192303	-0.191705921	-0.1902476934	-0.194136802	-0.1770108198	-0.06283544207	-0.06276625418	-0.1848453943	-0.05572049951	-0.05771813713	-0.1927125952	-0.1908706517	-0.1953446542	-0.1923857164	-0.06769691086	-0.1872639093	-0.08222873321	-0.04576748161	-0.144245393	-0.07369279978	-0.1881339115	0.03908795883	0.05795468723	0.068753129	-0.008293387839	-0.05292468475	0.03606386257	-0.1987551711	-0.06931461551	-0.20114082	0.01689324038	-0.08038335565	0.004435222298	-0.05771102942	-0.07319850101	-0.05704426524	-0.03641303664	-0.1942918808	-0.1922168234	-0.1867032284	-0.06664314318	-0.06169988743	-0.06790346507	-0.2051990988	-0.1965674385	-0.1931396836	-0.03271904148	-0.1900460957	-0.04824618132	-0.05330479384	-0.03823544919	0.004227268325	0.02794765792	0.03989084986	0.05248197117	0.04863024178	0.08389708336	0.08198453254	0.02112337105	0.005756221034	0.09839865428	0.06969281459	0.02205157247	0.08605831661	0.05753848288	0.01405634767	0.05077937232	0.08758446428	0.0398711334	0.2119751208	0.04955337528	0.05074493081	0.06818717029	0.06776557772	-0.01440430254	0.06201717193	0.07637203385	-0.003070893237	0.08504604148	0.04111154846	0.0915026877	0.07353405687	0.04984534492	0.09938349583	0.04953234245	0.06519769579	0.07207088152	0.03367584314	0.03164028815	0.02958572376	0.07068880094	0.09376162999	0.0459538534	0.02352749575	0.04313319202	0.08084550478	0.02834686457	0.01430352364	0.1186479009	0.1080803377	-0.002157129376	0.152261696	0.1002791693	0.09334232177	0.05414079468	0.0846409149	0.1211738642	0.02491043647	-0.01958778361	0.05855197218	-0.02184052423	-0.1945620012	0.01308791413	0.0906865515	0.09114053581	0.05030432791	0.04100533282	0.06286013973	0.09651968998	0.02194974465	0.05632256959	-0.0127116443	0.0772170208	0.09361981517	0.0009836516302	0.08175798775	0.05753717619	0.1299189119	0.04231440958	0.07707379271	0.08547293213	0.05597596719	0.1519673048	0.06176530711	0.111484203	-0.02939197577	-0.04780173011	0.03968378757	-0.01287289858	0.03150412946	-0.02561409045	0.01672748644	-0.01681388057	0.005026823405	0.01442087979	0.00489212767	0.06160322936	-0.0504361471	0.05289247739	0.0755675965	0.1023521385	-0.06888441974	-0.02422790418	-0.04615084616	-0.04461562792	-0.03910728339	-0.04381381633	0.007925112565	0.1101223962	0.02845164791	0.05678421601	-0.03355416474	0.04726115028	0.05771782575	0.3019290362	0.06163980169	0.1129015161	0.0538638438	0.07266373624	0.07754345297	0.09833112893	0.1114988238	0.1288416875	0.0263507266	0.09779673494	0.0508874743	0.06242999606	-0.001354813735	0.0152538942	-0.005532031121	0.02207376944	-0.03354904991	0.03496155925	-0.02967936742	0.02100335142	-0.02375554409	-0.04498682761	0.003073036061	0.01588853153	-0.003790946324	0.03107921499	0.01310449553	-0.02557776231	-0.01920526393	-0.06007743138	-0.07645013413	0.01790583234	0.0643628804	0.06223410902	-0.002491624783	0.09477215086	0.0826654536	0.05628854594	-0.06966723923	-0.1791130781	-0.1421153771	0.05057383606	0.04499294364	0.03073554588	0.0803041073	-0.06093199632	0.00227995703	-0.00280430663	-0.1844847271	0.02283830827	0.02019027274
-0.00388960017	0.0359734487	-0.03458695365	0.01598134255	-0.03028025657	0.08141246253	0.009487672485	-0.02405977706	-0.008245607492	-0.1153522388	-0.1045202447	-0.1077857084	-0.1057553591	-0.1069288975	-0.09732133695	-0.1076590339	-0.1086353155	-0.1141681738	-0.08700294706	-0.1001168076	0.004898641084	-0.00809961002	-0.09822925161	0.02321420855	0.0246842418	-0.09473378257	-0.1127496255	-0.1159343075	-0.09053226058	0.02910744689	-0.1043581498	0.01705457673	-0.00136332451	-0.07343503172	0.01293477857	-0.1025835324	-0.05438742887	-0.03729565891	-0.05492204359	-0.03036154783	-0.005303460631	-0.04895686861	-0.1030065169	-0.003706792693	-0.09752650454	-0.0401184672	0.01297784298	-0.01931195041	0.02956533252	-0.006622478957	-0.003508084713	0.02477883725	-0.09463719471	-0.1066333355	-0.09739886199	0.03265399982	0.01862808459	-0.02919893193	-0.09283619955	-0.09039502143	-0.1262550784	-0.01378874623	-0.109579845	0.01696542384	0.02715407481	0.02100608407	-0.0450986724	0.0008334765373	-0.03549159485	-0.04275177186	-0.06302476644	-0.006191738284	-0.01093515157	-0.05399854882	-0.04176044094	0.004441712808	0.0144495937	0.04661658135	-0.03908895295	-0.02421384838	0.009465434665	0.009922881604	0.006939459482	0.06265262155	0.06258083329	-0.01916483806	-0.009478588606	0.1062639388	0.06008823803	0.246195274	-0.04176897129	0.1402966782	0.1083343658	-0.03363031258	0.07765983849	0.0999855528	0.1399662594	0.002559987808	-0.01775796065	0.03060291764	0.04649540576	-0.06253844387	-0.01287244224	0.04590296704	-0.01479456525	0.04404255404	0.1536050473	-0.00509263676	0.0521466493	0.02404926852	-0.04093814724	-0.04688619289	-0.0295088668	0.05622915051	-0.01449383042	0.007271826144	0.1559928926	-0.02496986342	-0.02909068749	0.1310139021	0.0761488211	0.0354655873	0.05422438318	0.02175412101	-0.00343918951	-0.01123761392	-0.1007184513	-0.04677866455	0.1501283749	0.1709751077	0.001161018257	0.09471765854	0.01245488147	0.01552799044	-0.001346237482	0.002487534336	0.03883728864	0.1363609982	0.07137351149	0.04318252651	-0.0185171039	-0.01037700137	0.05555454235	-0.04398624563	-0.01205376475	-0.02560914964	-0.05003812119	0.07526084621	0.01566143837	0.06466920779	-0.004388760261	-0.006185238769	0.005603617278	0.02688849708	0.0478769958	-0.01517937363	0.0373719511	0.0496481041	0.03981368115	0.03263847344	0.006028823894	0.03256530449	0.01878812666	-0.01635126743	-0.01937672666	0.03278569393	0.01960695904	0.0322361331	0.1006369952	0.04005655329	0.04016773558	0.1259655794	-0.009958881299	-0.03510169282	-0.03010491124	0.02806045571	0.03322721916	-0.03112857061	-0.04818438428	0.06163980169	0.427003187	0.03602034458	-0.04454663242	0.003081284906	0.06406884927	-0.01361017934	0.09891487811	-0.008098467157	-0.02260441249	-0.01060001842	-0.01687982347	-0.02344101584	0.05592526613	0.0245323878	0.004627671342	0.01047736247	0.0113622151	-0.03461120413	0.07147295878	-0.06125201304	0.01248810614	-0.03221303149	0.06564625685	-0.06970496091	-0.03882254278	0.04085166753	-0.01662854319	-0.02741543376	-0.03651062453	0.009261724978	0.001664907119	-0.02350067637	-0.0404890153	-0.0438523649	0.1467776676	0.0186940209	0.05321586972	0.06475477644	-0.02282671697	-0.1094911859	-0.07353193061	-0.02510297059	-0.0002234588068	-0.05367009451	-0.008170525788	0.01454702062	0.03226503269	-0.009191868445	-0.08763260594	-0.02580449009	0.009818340639
0.1074971185	-0.03853363169	0.05265222524	0.04580607316	-0.04488482679	-0.01177158297	-3.211167901e-05	-0.008396434946	0.04157665501	-0.1494089209	-0.156193129	-0.1581434907	-0.1468467775	-0.1580111815	-0.1666419714	-0.1450577018	-0.1493544923	-0.1486374978	-0.164029103	-0.1428497603	-0.06140363683	-0.0503284957	-0.1535180969	-0.006114493333	-0.01636978415	-0.158526344	-0.1487192069	-0.1442514017	-0.1572922607	-0.005299482338	-0.1555728402	-0.07117919005	-0.05508915875	-0.1089421329	-0.0758756679	-0.1587947709	0.008432233684	3.229606922e-06	0.01161740822	-0.02952891792	-0.06270754693	-0.01496910515	-0.1581898079	-0.01955099926	-0.1541112566	-0.01025480836	-0.03592704528	-0.04499585853	0.002868789998	-0.05297594422	0.005858627057	-0.02287719653	-0.1509575728	-0.1610046797	-0.1517466744	-0.008970069826	-0.003013562406	-0.04476759245	-0.1622728016	-0.165685928	-0.1496905889	-0.01778480405	-0.1438466233	-0.01604388143	-0.02395605956	-0.007459218943	0.000751759142	-0.03645442265	0.004445596921	0.006828887435	0.03863892166	0.0539847796	0.05477613309	0.01026228294	0.0002922729792	0.1174116725	0.02270318378	0.0251148352	0.06584689437	0.004101069943	0.01288888671	0.06579098983	0.06149711205	0.01862120406	0.1152203109	0.07486646542	0.07325122294	0.06717598119	0.07048856987	0.01583274099	0.1359045957	0.07488649492	0.003439992517	0.03668544778	0.01959020424	0.0800806459	0.07726385019	0.04538455538	0.06492601482	0.01706887116	0.04543593007	0.04666105273	0.01052014041	0.01886886082	0.02694001058	0.01911831373	0.1131988118	0.02825591658	-0.02221653291	0.09361351399	0.04078308683	-0.0221174321	-0.0004476946475	0.2035909753	0.1038646913	0.0523431753	0.10417879	0.09483046435	0.07554277892	0.05168772266	0.1005487535	0.03515680128	0.03780710496	-0.01582422338	0.04090076564	0.001818529837	-0.1556189156	0.01065534742	0.1068684997	0.07106661844	0.04676812464	0.07542493849	0.03634289923	0.08557434141	-0.01374910236	0.02589365029	-0.04275508065	0.07734772309	0.0859676962	-0.006261334859	0.05028537863	0.1713723274	0.08991885632	0.06183240898	0.07424624393	0.07790049513	0.01887540952	0.1889453738	0.04617948365	0.07229378455	0.01464086409	0.002664931424	-0.0003250249785	0.004148250253	0.02657645195	-0.01225769126	0.01254323976	0.01502146178	0.0304292078	0.01536627322	-0.003772221875	0.04061376352	-0.03247707242	0.05573243815	0.0306857854	0.1002975965	-0.02433395253	-0.04188527581	-0.04352585438	-0.04362478894	-0.0351683237	0.0005587927348	-0.02413031482	0.03573270606	-0.01299149309	0.06061768213	-0.05528468929	0.01996195191	0.001421826255	0.1129015161	0.03602034458	0.3637239736	-0.02129405402	0.03190537484	0.03786106427	0.06712246323	0.1117907326	0.07699902298	0.03645402855	0.1101989963	0.07225240353	0.04764542003	-0.02367493672	-0.05057813331	-0.01399581617	-0.02622608112	-0.05388543724	0.01674687809	-0.06678849205	0.004314553305	-0.009072694289	-0.03711770909	0.0789418134	0.01796555858	-0.01725419583	0.04446173658	-0.03681225709	0.006452738929	-0.02003287434	-0.03209698148	-0.03577127549	0.0355076386	0.03388297914	0.04583944539	-0.01993272862	0.06777903164	0.03263028285	0.03289761491	-0.08024943118	-0.1443736939	-0.1098364043	-0.002367415525	0.02302407473	-0.0282716672	0.09997480524	-0.03008293888	0.03705413673	-0.004397167537	-0.1439391469	-0.007444994959	0.008953641212
0.07690506979	0.07261466661	0.1083802997	0.06816532686	0.1012569287	-0.01516295911	-0.02968487291	0.06986441387	0.01995729952	-0.1586512333	-0.1574599609	-0.1604798982	-0.1476687684	-0.153800408	-0.1725686814	-0.1504293157	-0.1593932393	-0.1582189899	-0.186668226	-0.1459661924	-0.04798755406	-0.02072246613	-0.1801586894	-0.04994270973	-0.04835519711	-0.159439659	-0.1594600624	-0.1559168344	-0.1577144961	-0.03834160802	-0.150998463	0.00539961963	-0.0254294448	-0.1446629379	0.006858029548	-0.1526971903	0.03135550807	0.06036753311	0.05487817421	0.009662887961	0.01810085725	0.03617410025	-0.1660781438	-0.08205873523	-0.1666577584	0.02911063462	-0.02424622641	0.007848351125	-0.08321906601	-0.05074173106	-0.04322886325	-0.02155539967	-0.1604918086	-0.1522619954	-0.1509082908	-0.04942060184	-0.04823657598	-0.03838193514	-0.1668500387	-0.1597951292	-0.1586741959	-0.03167947742	-0.1561354049	-0.007284442323	-0.002727195466	-0.03266128359	0.0279079721	0.02227925954	0.04569085083	0.08246247526	0.1545095372	0.06840376821	0.06686525228	0.1281737032	0.09265449199	0.01068782878	0.004981288712	0.003369245362	0.05785378662	0.05514631942	-0.0433719871	-0.02152701664	0.01957022464	0.05779154914	0.009746475079	0.007982982021	0.03060390431	-0.01378545628	0.01289246011	-0.06522697862	-0.01330774835	-0.01223874396	0.06445100493	0.05980464773	0.01430177191	0.01183754644	0.02741694064	-0.008835773807	0.08148023203	0.1558299677	-0.00954269374	0.1099579179	0.001907814845	0.07886358454	0.04214224616	-0.004653865869	-0.00263034439	0.05770295876	0.06920069769	-0.020505888	0.06918748859	0.03476699631	0.08886321037	-0.02593414164	0.01550458172	0.06635040364	0.00384386608	0.01615414139	0.03500489545	0.02387011111	-0.01727507069	0.02375975861	0.01597097973	-0.05035330687	0.03361590078	-0.009181044787	-0.1629993437	0.08997491528	0.005474140994	-0.007852058457	-0.008833256437	0.008283277761	0.05624010153	-0.003720053228	0.1137417895	0.1476488738	0.08452964391	0.02903953386	0.01348386278	0.02913894353	0.007969679229	0.005650548886	-0.01593273578	0.01446350154	0.03427213748	0.02712511906	0.06823748749	-0.02170542839	-0.003165250924	-0.01557245963	0.02734275456	0.04416024852	-0.002291669507	-0.03707888692	0.006616661912	-0.03591893239	-0.02108682893	-0.05086541768	0.007238103412	-0.03388599314	0.009643301152	-0.02318708252	0.01426165002	0.02053418081	0.1174045023	0.0355582806	-0.05979701245	0.08046809025	-0.02805681036	0.05425134517	0.06959093412	-0.06874924111	0.02437341515	0.1161746704	0.06160626775	0.09959585359	0.08145296747	0.1272675412	0.1925247587	0.0538638438	-0.04454663242	-0.02129405402	0.3345429736	0.1911504648	0.041856821	0.08693697351	0.04377168069	0.08442065563	0.008997089128	0.01895884575	-0.005918373576	0.09595665935	0.0647424683	0.02998353375	0.07014686476	0.0982041602	0.01258219933	0.06961308882	-0.009711748637	0.0506700772	-0.005087372616	0.008042526762	-0.002215712031	0.02209495053	5.097806071e-05	0.03709656685	0.02629875734	-0.02200027128	0.05429837243	-0.002476646372	-0.05596598908	0.01321026581	0.04494599931	0.03211545484	-0.04868928331	0.1297650085	-0.002202865457	-0.01951739347	-0.02530031529	-0.1790194276	-0.1427230028	0.09439188455	0.03575609903	0.0846814652	0.02354363967	-0.04748815017	-0.008778022858	0.01082650417	-0.1886952988	0.07854144856	0.07631329311
0.05617939714	0.07599029128	0.09841430455	0.123770867	0.05277249915	0.01656216702	-0.003115622289	0.06523912568	0.08149684795	-0.1967123438	-0.1949803975	-0.1974984411	-0.1862427928	-0.1887795091	-0.200481562	-0.1874633126	-0.1979851128	-0.1975670391	-0.1908651904	-0.1832612769	-0.05947414582	-0.03610665805	-0.1849422071	-0.07215048221	-0.07541185531	-0.1971555478	-0.1956046788	-0.1873954211	-0.1933583957	-0.06532767725	-0.1834677539	-0.04542984935	-0.02118297946	-0.1484959978	-0.03502891654	-0.1854833272	0.04370235471	0.0626671979	0.07686470713	-0.02090615231	-0.025569589	0.01809517605	-0.2042367402	-0.08333351629	-0.1992952852	0.0004054144187	-0.07081584525	-0.01243927209	-0.06971413	-0.06640674965	-0.06454500459	-0.004613791479	-0.1993896554	-0.188174591	-0.182245456	-0.0749993783	-0.07269502193	-0.04231599571	-0.2055028924	-0.1975358228	-0.1961284939	-0.03870254867	-0.1916309895	-0.03531713401	-0.03777027847	-0.01878264534	0.03665183543	0.02164172151	0.06190923379	0.07608744346	0.1219946395	0.09674793379	0.09156160648	0.0766316814	0.06580881812	0.0469745524	0.02302560574	0.05353308711	0.05877744865	0.0807622692	-0.04653983376	-0.02783672093	0.03238363552	0.03299589946	0.03390224281	0.0267789627	0.05337671411	0.008649507826	0.02805217114	-0.01550964905	0.00957869858	0.03796141413	0.0626025966	0.1028843466	0.01398118269	0.05556289544	0.0674942215	-0.002743650754	0.08907578768	0.1771315582	-0.012375051	0.08714572636	0.01339126238	0.1395857796	0.0245547954	0.01965727997	0.04631790604	0.08043840304	0.06757840983	0.01423018228	0.08173144522	0.01249059535	0.06334320441	0.01438763157	0.02481582397	0.09448724868	0.03376284892	0.02548251884	0.03959536412	0.04884232665	0.03095219604	0.04060982819	0.08843559987	-0.01800845736	0.09656945253	0.008794727845	-0.2001351299	0.08065711454	0.05448111591	0.04336185873	-0.003176101032	0.05243795082	0.01960473374	0.003846443976	0.1033888285	0.1752909663	0.06635110565	0.06903029102	0.02502711896	0.03863336274	0.003689425484	0.02342143155	-0.02948894508	0.03998519688	0.05000490939	0.03835744587	0.08428514413	0.02048803486	0.003391904888	-0.01994800534	0.03743664218	-0.01705158422	-0.03262077707	-0.04610846996	-0.03258113784	-0.03744804342	-0.05929995049	-0.07981166392	-0.03926605394	-0.03238647594	-0.03145738907	-0.002425770856	-0.04075839804	0.03955376821	0.1269349196	0.05650993243	-0.07891647438	0.07770612797	0.002586863457	0.0413417557	0.05433148234	-0.06006232551	-0.008886766793	0.09916919398	0.01860955752	0.1732926526	0.06853749488	0.1203601926	0.1486852751	0.07266373624	0.003081284906	0.03190537484	0.1911504648	0.2968318164	0.0769753665	0.06108623334	0.01956284977	0.08614900779	0.04978796272	0.05654150274	0.00334537949	0.1450737999	0.05435744594	0.06078494861	0.08456524585	0.0803915692	0.02039581971	0.06662093379	-0.001118402513	0.05553735701	0.006895654388	0.01127398948	0.03415592108	0.02460511377	-0.008102179797	0.08150256799	0.0430595093	-0.04854543495	0.005768374148	-0.001529854469	-0.05636539383	0.05002086962	0.0478313339	0.01922706726	-0.04619553244	0.1911466824	-0.004193703989	-0.01808622053	-0.04828165444	-0.1835108981	-0.1486404728	0.116158402	0.08018394407	0.04191296648	0.06232778174	-0.07215385858	0.02220733368	0.019691007	-0.1915896922	0.08330401243	0.08444010619
0.02283852441	0.05051037639	0.003701465481	0.0755008666	0.003591843091	0.03768453921	-0.001764829948	-0.006739545009	0.1071830847	-0.1778130673	-0.1839672731	-0.1797766403	-0.1743175532	-0.1627191361	-0.1705121109	-0.1811640694	-0.1785107431	-0.1673142685	-0.151096718	-0.1830597915	-0.03369411483	-0.0479793695	-0.1583461459	-0.01165875809	-0.002890036644	-0.1547209787	-0.1565974551	-0.1558038182	-0.1666221419	-0.01345518921	-0.1576218956	-0.01870939856	-0.06069772235	-0.1213326843	-0.03137446375	-0.1478986121	-0.03256997604	-0.0238492071	0.01565484949	-0.03591253511	-0.02601092752	-0.03429607468	-0.1505415627	-0.03460409635	-0.153349937	-0.04715207262	-0.041217387	0.01307909468	0.008801064307	-0.05524767059	-0.03181320432	-0.01867563253	-0.1618014339	-0.1679721541	-0.1553664586	-0.01002010476	-0.005825835639	-0.05031897737	-0.1566565208	-0.1732001425	-0.1401435822	-0.05984920045	-0.1531936514	-0.03240628097	-0.03120137479	-0.02572512217	0.0550166697	-0.003846429006	0.02001471654	-0.01320619612	0.03679462768	0.05556675328	0.05065585117	-0.0270400435	0.08071719514	0.02367928759	0.1295145919	0.1473893676	0.02080497668	0.03316084784	0.003628483628	0.03731762816	-0.03272279254	0.09058189638	0.07849525219	-0.02654074123	0.02056572734	0.03837221447	-0.01551623482	0.07787442111	-0.02747428325	0.05345053127	0.0344030395	0.03938221763	-0.0008950691555	0.02643712011	-0.007629084882	-0.03934741711	0.02344634613	0.1181774771	-0.04285703216	0.04354048296	-0.02651811571	0.2197957274	0.03122206536	-0.0369543578	0.03858089434	0.07947655791	0.03043845533	0.04531963302	0.03353357247	-0.0228001991	0.04731061083	0.0104523064	0.01197109323	0.05525069297	0.1118686749	0.02252099494	0.01325976595	0.02678229894	0.006896110624	0.08203157355	0.07569704594	0.1085628356	0.09476872606	-0.003082686401	-0.148952981	0.02167384444	0.0381361041	0.06465331793	-0.0394785033	-0.01326059366	-0.03700977464	-0.03010225144	0.02197808261	0.04110844674	0.1460575143	-0.00759651679	-0.03731653995	0.08122507361	-0.02699684526	-0.001127035992	0.004674945014	0.04898002213	0.01279284827	0.008815760474	0.002083411964	0.06139908916	-0.0309491825	-0.01394222281	0.06947324512	-0.006908848942	0.07825150347	0.06824431354	0.09912071299	0.007610851527	0.0640270046	0.05082152566	0.1116288786	0.08224420589	0.05995319689	0.09323671273	0.05378502662	-0.02580958403	0.02103496045	0.05198642395	-0.0190838611	0.1254327557	0.1065735426	0.1082406429	0.1040675143	0.09137279604	0.1492534313	0.03439528222	0.03866343857	0.07753941136	0.1355028339	0.01187810551	0.0144830121	0.07754345297	0.06406884927	0.03786106427	0.041856821	0.0769753665	0.3790695824	0.05413251009	0.0629797639	0.03221655037	-0.02692930459	0.02491083421	-0.06972759631	0.03693750384	0.01501354554	0.02619810724	-0.0003355770788	-0.03827498351	-0.005261935666	-0.03828738277	-0.006264463051	0.04568243074	0.1422379247	0.1275002928	0.05263098557	0.03433603394	-0.01589605983	0.109636955	0.0172932821	-0.01674743896	0.004788605573	-0.05116453668	-0.04507969015	-0.02767358809	0.02591529928	-0.01365998581	0.03473877563	0.06583868724	-0.03410121703	-0.0005331173606	-0.06530851201	-0.1872109811	-0.13156329	0.1150390199	0.06641086444	-0.03338129019	0.007683265745	-0.03219331967	0.03946955995	-0.02433976769	-0.1686876086	-0.0003665632106	0.06039449702
0.08235672735	-0.005472217971	0.04005239786	0.06155934479	0.03449501277	-0.002478061435	-0.02522179768	0.005631354052	0.0754073274	-0.1381203543	-0.1355629052	-0.1416477271	-0.126938092	-0.1421845777	-0.1505362538	-0.126503278	-0.1377956822	-0.1297057338	-0.1664884134	-0.1257180696	-0.0571218193	-0.05740741435	-0.1745467744	-0.03489479034	-0.03582993909	-0.1402842684	-0.1388820385	-0.1384038036	-0.1438160651	-0.03580070415	-0.14290828	-0.0398523322	-0.05646908656	-0.1300749609	-0.02263781029	-0.1316014871	0.04960919456	0.02242205209	0.03972267568	0.01527913616	-0.009650649701	0.005170003369	-0.1363592921	-0.05559783561	-0.1418549144	0.01648296254	-0.03870422097	-0.0252039469	-0.06194088341	-0.06670638939	-0.01563768313	-0.05966966794	-0.1362412028	-0.1444389236	-0.1348336153	-0.04290807387	-0.04093907795	-0.04994654345	-0.1386413465	-0.1354041316	-0.131725651	-0.02696070837	-0.1456992993	-0.02210741372	-0.02863709122	-0.06139415886	-0.0009980000122	-0.02575005147	0.01057936374	0.03973363883	0.07103049433	0.06989617705	0.07099500099	0.05546263952	0.02739871091	0.0611570699	0.09104494114	0.005929771323	0.09958113497	0.03966094738	-0.0004786802337	0.03476404792	0.03381885429	0.06929108052	0.1162878867	0.04338438704	0.03835169224	0.04662735938	0.0370113732	-0.00540567898	0.05596728258	0.04708674291	0.03064446866	0.0655154691	0.0306193128	0.04672502609	0.05179221823	0.02386375088	0.06205147814	0.05359552673	0.02727933969	0.05213268367	0.02095567305	0.02010161681	0.09871908522	0.02830492782	0.051031479	0.03216211404	-0.0004522938723	0.06676700321	0.05641686844	0.006303743902	0.05031534085	0.06817187241	0.06022945503	0.02140695094	0.08018667382	0.09608301186	0.04599262424	0.03600363369	0.05176123992	0.09498356085	-0.00601069236	-0.01877130754	0.01267440901	-0.002211486085	-0.1350684253	0.04019040079	0.03347837041	0.05009905602	0.01750817072	0.06487857639	0.04013724637	0.04191294364	0.07795686352	0.09694126014	-0.01081512381	0.05213900139	0.0143498256	0.009582092793	0.02798089679	0.04679306337	0.04796393882	0.0664586305	0.03275792004	0.04097811349	0.05036575436	0.07431142041	-0.000418087633	0.03674301575	-0.0003662840567	0.004648568981	-0.006327136472	-0.0242329742	0.02556420114	-0.04874521529	0.01710375207	0.02049106337	0.06868139041	-0.004912991031	0.03817359804	0.05460307322	-0.05063652506	0.04929227259	0.04927870499	0.06388555475	-0.07321976941	-0.03663242597	-0.06576108531	-0.0517468077	-0.02088432004	-0.04524471307	0.02236366325	0.04661863957	-0.02042211942	0.02747904092	-0.02975536256	0.03956949831	0.04329134114	0.09833112893	-0.01361017934	0.06712246323	0.08693697351	0.06108623334	0.05413251009	0.3500144039	0.1554892298	0.08742211281	0.05411279082	0.05823503721	0.02689661183	0.06338938915	0.009092323415	-0.01747183605	-0.01065951098	0.002657736204	-0.01393753086	0.001701998375	-0.05817287511	0.03236135037	-0.04073304057	-0.03167356042	0.04540689972	0.04060062034	-0.01616069365	0.04000999739	-0.02104984731	0.03139928932	0.01654034907	-0.04970325961	-0.07493042265	0.05634443601	0.01873035588	0.05210566178	-0.03649091177	0.08884014753	0.03967461741	0.02228793055	-0.07064385942	-0.1588008595	-0.1275707202	0.05624781693	0.05040731297	0.01337314956	0.0642939157	-0.03479806283	0.01545149159	-0.02615015635	-0.1664367525	0.05743684907	0.03162569434
0.06800045644	-0.03887897012	0.00259151614	0.05533292865	-0.002659026173	-0.02208108132	0.01097646789	0.005219877314	0.01719788663	-0.1437279285	-0.1390324586	-0.1431839465	-0.1312632082	-0.1422652048	-0.142387871	-0.1330455786	-0.1432122444	-0.1335896381	-0.1568500789	-0.1287877045	-0.04261779254	-0.04407679216	-0.1702532777	-0.01623429833	-0.01603210989	-0.1175091993	-0.1371186997	-0.1393077117	-0.1268082699	0.001684213701	-0.1354040831	-0.02310829943	-0.0383787262	-0.1188044755	-0.01862553356	-0.1285186918	-0.001530892343	-0.001752230614	0.002144916828	0.005188832411	-0.007563790243	-0.01063464879	-0.1457213159	-0.03686385852	-0.1237994196	-0.03467641021	-0.02339016444	-0.04627915304	-0.04611643171	-0.0439730345	-0.00330120493	-0.03013112759	-0.1204993954	-0.1428350613	-0.1327207714	-0.004891995557	-0.02537616139	-0.05940745197	-0.1295535845	-0.121938795	-0.1376951795	-0.02733020196	-0.14332849	0.002450363469	0.005697446334	-0.01578880983	-0.03495680034	-0.04375087637	-0.002722491008	-0.005795130113	0.04742159051	0.030932704	0.03314715548	0.01680390107	-0.03505303983	0.04074873791	0.02425928173	-0.001869030901	0.018495353	0.001308721499	0.003140105307	0.07369635227	0.03962356946	0.01881789676	0.1228285379	0.03029692068	0.01098974139	0.08655431193	0.07945474808	0.06678805524	0.0161189594	0.1743875067	0.03225854711	0.02812114317	0.07764406322	0.1132020205	0.1021560473	0.04186056336	0.02219312874	0.007730934426	0.04595563846	0.05342742713	0.01615764383	-0.004686087206	0.03604095337	0.07528177821	0.1393193783	-0.0015900417	-0.05046758045	0.08150693591	0.05728441898	-0.01021933025	-0.001588953947	0.107587667	0.06918386402	-0.003142377461	0.1761152203	0.09909335602	0.014709941	0.08377259294	0.09205507372	0.03253705658	0.01426481838	-0.02577595458	0.02184501605	-0.04200030837	-0.1439724957	0.01725941161	0.1247974859	0.1234353106	0.03742115981	0.09265465741	0.1040778994	0.0432931377	0.04233365855	0.07569698286	-0.01530048683	0.1049465769	0.04263884038	-0.006590814899	0.01802915303	0.0435405664	0.1009700332	0.0077076723	0.0005080051763	0.009774816909	0.01344288901	0.1156315411	0.006436693494	0.08319775731	-0.006413137599	0.01711853755	0.01688013297	-0.004719898826	0.08428539615	-0.02951335878	0.06535105153	0.05683188551	0.08666702139	0.02334939643	0.02848087702	0.0152319628	-0.0473500177	0.02418248735	0.002816463912	0.09839530481	-0.02931394494	-0.01947738762	-0.02141506707	-0.0143458021	-0.01368426484	-0.01242523244	0.01545365554	0.05533455326	-0.03285107274	0.04287180749	-0.02075476187	0.0307760877	-0.01802910507	0.1114988238	0.09891487811	0.1117907326	0.04377168069	0.01956284977	0.0629797639	0.1554892298	0.3788014148	0.07765023524	0.01689398037	0.03179815701	0.03828454609	0.02962027328	-0.0336131047	-0.02414422436	-0.03603032371	-0.01190112612	-0.06724319837	-0.007986609309	-0.03952373831	-0.03807213119	-0.03820307686	-0.0842180669	0.07868721327	-0.035759597	-0.02073182116	0.007624306162	-0.04539573313	0.01564939511	-0.004163357402	-0.0415501679	-0.04476462302	0.02244185373	0.02639528688	0.001373969442	0.03281518559	0.08890836562	0.07654590948	0.06344927133	-0.06010984451	-0.1501430335	-0.1108012877	0.01067708745	-0.001627197205	-0.01828969597	0.03212499632	-0.03010056458	0.02116662928	-0.01398589536	-0.1538572955	0.03423179303	-0.01171993702
0.07803582654	0.0704390707	0.0799308472	0.07295935607	0.03074794676	-0.0361949364	0.02078316183	0.05881027271	0.0414524015	-0.1890384493	-0.186733102	-0.1928368116	-0.1776197913	-0.1859915552	-0.1985898927	-0.1787291574	-0.1891123704	-0.1861601248	-0.1877567043	-0.175585433	-0.05633935639	-0.04786295286	-0.1796172864	-0.06479791607	-0.06807206456	-0.183081555	-0.1862418206	-0.1888245718	-0.1887520935	-0.07318244046	-0.1787208138	-0.07697339463	-0.03314355259	-0.1388064754	-0.05748786326	-0.1817804461	0.05422838172	0.04870448322	0.07766886024	-0.01655375909	-0.02171378922	0.01404563088	-0.2011819129	-0.06970278959	-0.194711331	0.02164447715	-0.08903604098	-0.01383640923	-0.06372493116	-0.06795520007	-0.05555737482	-0.01415428017	-0.1890627972	-0.1869046209	-0.176443571	-0.07272385514	-0.06812729028	-0.06030989079	-0.2003511671	-0.1956923303	-0.1898886237	-0.02515212357	-0.1931610702	-0.03986081628	-0.04406090468	-0.01930543129	0.04717191446	0.02321701655	0.07266502308	0.06665349503	0.1197805631	0.06626898954	0.06410381374	0.06909282979	0.04670754488	0.07207558167	-0.002160083224	0.004648753105	0.09373409192	0.08321377703	0.0009367374968	0.03463853012	0.07667800071	-0.02110098081	0.08105540136	0.07512035017	0.07387877757	0.04606381882	0.09616086159	-0.02697903401	0.06013099603	0.05111166461	0.02701139349	0.0952102495	0.04240632645	0.0521260252	0.02095858888	0.05225852582	0.1154860301	0.05183025863	0.06811698858	0.11210779	0.05832751412	0.03266312541	0.01212384013	0.0847401338	0.05816502162	0.04319609416	0.02111370581	0.04352373618	0.09605945474	0.01648794674	0.04932425205	0.07405081313	0.09599182843	0.02776106062	0.07391904955	0.1028548399	0.08174266566	0.02238454491	0.06872370826	-0.004868790334	0.0005569882649	-0.08003873116	0.008923642053	0.02313914878	-0.1967675612	0.09189628051	0.05717304961	0.06605608317	0.05018877252	0.04349246926	0.08279132455	0.05419333619	0.02811112771	0.1035114052	0.04287880898	0.02387508426	0.06094912235	0.006141400415	0.04760277685	0.09148289055	0.07195143106	0.07253177504	0.07315834762	0.07692319262	0.09835752868	0.05252369507	0.04084666383	0.0569168802	0.004192283923	-0.06108118618	0.01349736671	-0.03524657903	-0.02450521375	-0.03551799658	-0.04956787398	-0.07151164905	-0.04764479748	-0.03060179473	-0.03075049405	0.01075155608	-0.04878450721	0.08513533275	0.1132396545	0.09046704079	-0.06756426519	0.0161647918	-0.0636059909	-0.005941400284	-0.004200428666	-0.07357642826	0.009700078547	0.1112041739	0.03489454399	0.03880172701	0.009073256569	0.08509941938	0.08671632758	0.1288416875	-0.008098467157	0.07699902298	0.08442065563	0.08614900779	0.03221655037	0.08742211281	0.07765023524	0.2938424782	0.08621110627	0.06470138413	0.05996563219	0.07124052509	0.04482304562	0.04838568779	0.05646484314	0.03498723277	-0.01019800666	0.05897644126	-0.01959364704	0.03212452772	-0.03003390205	-0.03974078121	-0.01406046358	0.03324140152	0.01654781843	0.003853115716	0.03938770016	-0.02832530546	0.002956471351	-0.02726674233	-0.04439797065	0.08717702475	0.08102924488	0.02344397002	-0.01764559037	0.1132465888	0.07514791513	0.03380144269	-0.04653406528	-0.1740641362	-0.1326697603	0.06413847204	0.03585214694	0.05272335845	0.08029064218	-0.06883349435	0.02449928344	0.01797644244	-0.1823157684	0.09621464036	0.0457137337
0.08375390945	0.03072777543	0.07857395381	0.08074715603	0.02014326002	0.09715458274	0.06157102535	0.07584912923	0.0972858708	-0.1794252881	-0.1733520816	-0.1780554176	-0.1704422431	-0.1800947315	-0.1823828262	-0.1636074901	-0.178643698	-0.1798865009	-0.1734096731	-0.1608253351	-0.02889035242	-0.02295198641	-0.1829395604	-0.08063040725	-0.08025073207	-0.1855806293	-0.1862965647	-0.172639777	-0.1826676315	-0.08253370886	-0.1770790536	-0.05944693931	-0.009315823029	-0.128166592	-0.04276345725	-0.1773463698	0.1337100414	0.07264540851	0.1011783406	-0.001981640181	-0.006467449514	0.05106522427	-0.1901814711	-0.05358053765	-0.1813438157	0.03786162465	-0.06977872953	-0.01309338241	-0.07471795745	-0.03626436443	-0.06442909118	-0.0205588603	-0.1827977167	-0.1775338599	-0.1619035132	-0.08554665945	-0.077426676	-0.02437555245	-0.192634917	-0.1790988524	-0.1785781569	-0.02233202132	-0.1843632079	-0.04847401323	-0.05528696174	-0.02271485064	0.01830318846	0.03184067702	0.05035730306	0.07220524447	0.04728733397	0.05421366145	0.05211445258	0.06391190914	0.04986728315	0.1060307442	0.002642513748	0.0004866778899	0.1566689288	0.08865464204	0.002072482895	-0.0007305140159	0.06903498024	-0.03124472742	0.01644660271	0.1166190039	0.07702539754	0.02669637569	0.05185333605	-0.04844985519	0.08304168368	0.03575190617	-0.01323357127	0.1405011893	-0.0002355974359	0.03391957627	0.01365733584	0.07273541141	0.07806357015	-0.006488877673	0.06034849577	0.06141438902	0.0733693936	-0.01405109839	0.03601706095	0.03988046907	0.03211687565	0.1007401628	0.03204823839	0.1137404698	0.05665688886	0.06768734971	0.08448836484	0.05089555565	0.06140567254	0.05294467594	0.008096327197	0.1480182363	0.1707459476	0.001223994802	0.05318014782	0.07190902207	0.04397381542	-0.04516528492	-0.03091976173	0.0397311437	-0.1864471186	0.1510692187	0.04723107938	0.02291032459	0.06770457722	0.03710600059	0.05652433711	0.04650490211	0.009882098908	0.06169758612	-0.03347678154	0.01265492682	0.05210801861	0.0435302661	0.03452224354	0.08378385169	0.005383867626	0.2373328856	0.1776962655	0.1691445517	0.0872926325	0.001442824812	0.04543726868	0.01439146331	0.04788373047	-0.05226629844	-0.06377141266	-0.06265355742	-0.08797652147	-0.03473938903	-0.0973341456	-0.08654878193	-0.05136442075	-0.06845141125	-0.07740188538	0.03508360869	-0.05892735637	0.1110623053	0.0942561824	0.04281274815	-0.08765035147	-0.02954156144	-0.1000957849	-0.06503698862	-0.0450152526	-0.07726981998	-0.0797623999	0.01912945706	-0.03531415838	-0.02029745782	-0.03840708103	-0.01447330199	0.1177049406	0.0263507266	-0.02260441249	0.03645402855	0.008997089128	0.04978796272	-0.02692930459	0.05411279082	0.01689398037	0.08621110627	0.3665925365	0.1095831262	0.06718209159	0.07583965119	0.01273912338	0.008061824928	0.02305315069	0.03195920252	0.02497159278	0.0217084137	-0.03116491908	0.05513496746	-0.00286720623	-0.01443839543	0.06246559674	0.0840514353	0.03223217768	0.04331793951	0.05072844509	0.01234807546	0.007511572669	-0.02521006992	-0.001358820673	0.3133391082	0.04661871895	0.119770651	-0.02461120746	0.06402301583	0.03957658664	0.02968494905	-0.02274630075	-0.1623434969	-0.1277671219	0.04224777367	0.04674298869	0.07328396367	0.09829058291	-0.07124857724	0.07018280588	-0.01285199236	-0.1741293887	0.08554321798	0.06432232328
0.1691188342	0.01726245835	0.08515573206	0.09529967327	0.007309365669	0.01591831645	0.03419255454	0.04422189775	0.08519731934	-0.1907694082	-0.1871373326	-0.1899280531	-0.178800139	-0.1867505423	-0.1961763969	-0.1767836456	-0.1886349063	-0.1888027626	-0.1921549034	-0.1743652895	-0.06545856845	-0.05710853861	-0.184288986	-0.06823216506	-0.07362639224	-0.1868220818	-0.1867500244	-0.1867032426	-0.18714667	-0.0744589289	-0.1850952165	-0.07689484392	-0.04952938629	-0.1454269894	-0.0680022556	-0.1850469752	0.06821565533	0.0615289946	0.07149335594	-0.02069394536	-0.06353456114	0.02491543605	-0.1987998216	-0.0794007731	-0.1914715712	-0.003055726881	-0.05435411274	-0.02884739325	-0.05372109156	-0.06454202258	-0.06302833729	-0.03935375264	-0.1915041579	-0.1862915802	-0.1786178146	-0.07770756976	-0.07106496595	-0.05394731392	-0.2001346482	-0.1916932361	-0.1889692751	-0.03380761989	-0.186045508	-0.04961221379	-0.05858475724	-0.04795661777	0.002123679304	-0.01868553875	0.03735147564	0.0679466432	0.0448437974	0.07155499883	0.06834937198	0.06104299534	0.0766829195	0.250742714	0.02253532423	0.01862614645	0.09293868107	0.05769901366	0.07244898564	0.04581075181	0.1347906071	-0.0120752951	0.06723704881	0.1848471351	0.1038709172	0.01959365526	0.07417087998	-0.03707550073	0.1606569375	0.05537179647	-0.03265444412	0.09117338116	0.005252168402	0.04860835237	0.0148257677	0.1295448664	0.08997550923	0.02154213381	0.08058336114	0.0746084661	0.0547405482	0.01657721752	0.03954581325	0.07276403955	0.06500087414	0.04436318574	0.05217874317	0.07964005657	0.1183057065	0.02062778485	0.05331540752	0.1713672312	0.1714308438	0.06982509333	0.0331824553	0.1191175245	0.1056347509	-0.006913634377	0.09579842736	0.03207287218	-0.01448981777	-0.07456516126	-0.01344648468	0.006442810987	-0.1945793773	0.06293031777	0.06129209112	0.05370106317	0.1330842423	0.03984577549	0.10421051	0.1658219431	0.003139401306	0.05643829131	-0.04443145309	0.01680334467	0.06771901736	0.06151511648	0.007456635451	0.08773216017	0.06919926708	0.08030668971	0.1260875135	0.111355205	0.05361936234	0.06750005986	0.02900475189	0.07569218663	0.04403072509	-0.03330896234	-0.05724207034	-0.024057509	-0.05130581755	-0.02964774378	-0.05321837861	-0.07175227473	-0.03251507053	-0.0322145377	-0.04832718854	0.02594170267	-0.03481267204	0.1882222665	0.1182786206	0.0878330893	-0.09683157345	-0.05028831877	-0.09934329724	-0.08590346352	-0.06311557493	-0.06614698443	-0.02931052042	0.03293257989	-0.0234873519	-0.0001763533576	-0.06212525329	-0.01311154764	0.05214944288	0.09779673494	-0.01060001842	0.1101989963	0.01895884575	0.05654150274	0.02491083421	0.05823503721	0.03179815701	0.06470138413	0.1095831262	0.2983939048	0.09884323169	0.07782943275	0.0006813852804	-0.02914497749	0.01986041483	0.01285303646	0.004461983582	0.01552578382	-0.06598024537	0.09305531396	0.04514643931	0.02490471292	0.04283414908	0.08414090878	-0.02087664454	0.05181818331	0.01569710109	-0.01506811856	-0.009051928229	-0.04871337053	-0.06465221155	0.08817102317	0.05122716512	0.1215364966	0.02078897711	0.08635328063	0.08766406467	0.07478325501	-0.06803428573	-0.1770412764	-0.1444440217	0.01483195617	0.03322910721	0.03022864049	0.218330654	-0.05650085382	0.05128204482	-0.03506163251	-0.1814767306	0.04081211788	0.03047630125
0.1200363334	0.00658873747	0.05106818533	-0.003468710733	-0.01016596935	-0.04033160715	0.003197764812	0.0216003629	0.01297705421	-0.1538196271	-0.148043748	-0.1535620457	-0.1431304176	-0.1518630752	-0.1560930803	-0.1392976975	-0.1514169993	-0.1535403021	-0.1374305777	-0.13690333	-0.02227558134	-0.0277675422	-0.1320464009	-0.02550679857	-0.0307827509	-0.1619134261	-0.1521628307	-0.1600242434	-0.1550075341	-0.03123130815	-0.154820106	-0.05453366176	-0.05328553279	-0.09667718604	-0.06149396185	-0.1599098988	0.03573064373	0.038522778	0.02272699923	0.006012056597	-0.03984954403	0.04333465358	-0.1661395018	-0.0187093829	-0.161378314	0.005353087933	-0.02790724788	-0.04690359159	-0.00529479466	-0.02072134548	-0.0273241139	-0.02896602083	-0.1632605269	-0.1493404309	-0.1469823423	-0.0341527724	-0.03221967206	-0.0277462022	-0.1615996408	-0.1538283305	-0.1517921661	-0.01611614819	-0.1553852226	-0.0276597821	-0.03541244307	-0.0280682276	-0.02567868381	-0.05428719007	0.009928336497	0.02472662374	-0.008048753118	-0.007436182345	-0.006311050558	0.08288005946	0.007260539281	0.1082486387	-0.0620979019	-0.01635390506	0.05371315913	0.01405251087	0.1140683814	0.07496237865	0.1740568794	-0.0203735778	0.05979631495	0.1348565786	0.0501766895	0.052469128	0.152221308	-0.00723443809	0.1571161275	0.07460345531	-0.001633134425	0.03223518533	0.03925978053	0.08645316896	0.04832510474	0.1844392187	0.05719491399	-0.05354598119	0.1458006882	0.03634764283	0.02002702488	-0.07157110733	0.02189772494	0.1364012751	0.08038715268	-0.005895073009	-0.007650244899	0.03214223357	0.04729262073	0.03828384312	-0.0002957693128	0.116518189	0.1149728566	0.05274262043	0.01020705847	0.05098680535	0.06205474031	0.02795949138	0.1450171181	-0.03951656719	-0.008297659489	-0.02606428502	0.00348013466	-0.009793538163	-0.162852959	0.02206759321	0.09913142408	0.06654047311	0.1941663016	0.09117711043	0.1404394232	0.1766683238	-0.003165528236	0.03655180754	-0.0218460476	0.04865572931	0.1294536049	-0.02558228076	0.05047153256	0.07308620279	0.1002226183	0.01893776711	0.0701071656	0.06624519439	0.02637195125	0.05952687166	0.06432891034	0.1118872747	0.02033720726	-0.03137179155	0.009927323734	-0.02063999412	-0.03326845571	-0.0301268528	-0.06277270102	-0.05065402761	-0.03012600777	-0.03398222007	-0.03399779148	-0.01678822106	0.02474434589	0.1169544688	0.03329856548	0.079297831	-0.004320954498	-0.04102144603	-0.09384360499	-0.02736681058	-0.01973732582	-0.06469777191	-0.01301912008	0.04777815411	-0.01864357193	0.0220118195	-0.03253127834	0.04539882172	0.04738742723	0.0508874743	-0.01687982347	0.07225240353	-0.005918373576	0.00334537949	-0.06972759631	0.02689661183	0.03828454609	0.05996563219	0.06718209159	0.09884323169	0.3541281694	0.02774215314	-0.001191826088	-0.03855380805	-0.02232790049	0.001120548612	-0.005316096319	0.06076278128	-0.01266362261	0.03835405764	-0.02775574391	-0.02650191057	0.03476554394	0.06274624956	-0.01375744433	0.01466003983	-0.03219750406	0.008002608162	-0.008078410075	-0.03628135565	-0.02369340344	0.05938589494	0.004299197527	0.09758146853	0.06515420536	0.0006469513663	0.13527574	0.09773193319	-0.04296142568	-0.1261525291	-0.09637627748	-0.001389092447	-0.0008677601235	0.04668206674	0.09774235904	-0.01222298718	0.009557828948	-0.01617295424	-0.1345569743	0.03983091839	-0.008463348579
0.05093071353	0.05724950344	0.07892663945	0.1388226231	0.0493699585	-0.002781826816	0.04449491655	0.06232888632	0.08453943226	-0.1828852648	-0.1784833338	-0.1827408962	-0.1732753365	-0.1825028139	-0.1880210378	-0.1731325218	-0.1805960658	-0.1811295794	-0.1849939187	-0.1685394806	-0.05290479976	-0.03721344421	-0.171169057	-0.07629602903	-0.07542857975	-0.1835693779	-0.1812869989	-0.1846099308	-0.1817169479	-0.06849825836	-0.1763613849	-0.06609668557	-0.03356750536	-0.1350425345	-0.03227635911	-0.1801634617	0.07620513227	0.07285286582	0.09721244013	-0.009823628321	-0.02352837309	0.0401785023	-0.1960240873	-0.07134995478	-0.1934162005	0.0007162160711	-0.06495129954	0.001002137079	-0.06081057814	-0.05776931179	-0.05929295932	-0.0169400526	-0.1876404939	-0.1789709224	-0.1728505576	-0.07935295462	-0.07423777159	-0.04651583169	-0.19867441	-0.1891556263	-0.1872990983	-0.02739654598	-0.1821716855	-0.03034707123	-0.03451936087	-0.02457090102	0.02821136835	0.01639903794	0.05980903471	0.1137087231	0.1411397663	0.1054076781	0.1000470767	0.06439668173	0.07781837746	0.06865269994	0.02624365052	0.03082942137	0.09629369579	0.08875792445	-0.04600606534	-0.03040310729	0.0411842448	0.02457723615	0.0314027577	0.04782986993	0.05542678876	0.001585289222	0.02819600737	-0.04952880072	0.03961176281	0.03290308987	0.0296419826	0.105933992	0.02639895953	0.02430245951	0.03735678607	-0.0009438234895	0.0730902973	0.07271447558	-0.009198792653	0.09410325362	0.04260193975	0.06192739848	0.05051018669	0.005988280206	0.02894649667	0.09293767893	0.08143733893	0.02205703925	0.08813948191	0.04329788077	0.06775402011	0.04644618691	0.08586698929	0.110730747	0.01316052517	0.06254111231	0.0690065056	0.03461439043	0.01333938981	0.01974612931	-0.0001029353605	-0.04086164142	0.03091164764	0.07341385051	-0.1919228043	0.0516402808	0.02704243968	0.02923284579	-0.001570838303	0.02340948781	0.02038201606	0.05065733328	0.1176068341	0.1041614283	0.01384911216	0.03545515597	0.006951440562	0.05425448564	0.0205064565	0.0537268128	-0.02558424784	0.06792044175	0.08380230332	0.08366748395	0.09693451049	0.01763623703	0.01943991225	-0.01513522046	0.04724061609	-0.02927840006	-0.01655907568	-0.04475333582	-0.04420278011	-0.03313515294	-0.06609061098	-0.09162491912	-0.05050772692	-0.03479088993	-0.02497177575	0.03333234641	-0.03912578766	0.06670639526	0.1312460681	0.02049434707	-0.074676162	0.05484081482	-0.03211761575	0.01592860507	0.02468628481	-0.08235266473	-0.04563154546	0.07216399919	-0.01088969813	0.06404139748	0.03953684543	0.08836318013	0.1270008106	0.06242999606	-0.02344101584	0.04764542003	0.09595665935	0.1450737999	0.03693750384	0.06338938915	0.02962027328	0.07124052509	0.07583965119	0.07782943275	0.02774215314	0.3027840549	0.06601030703	0.04431420504	0.1305771432	0.1250265507	0.02073680164	0.0428928684	-0.0088893277	0.06666393102	0.02437613489	0.02193641358	0.01991135616	0.08349608999	0.007923189514	0.03781104749	0.04292779263	-0.0439008889	0.007453677913	-0.004179472341	-0.07423309375	0.07372932295	0.07582996031	0.02103661057	-0.0432015346	0.1032151531	0.001631030789	-0.0126795673	-0.05264213736	-0.1699317669	-0.1327405652	0.07127463846	0.04951202686	0.06513904707	0.07556714521	-0.05524022319	0.07421917158	0.02594639545	-0.1819963182	0.07458063665	0.0796696292
-0.00135980458	0.1972578357	0.04417520205	0.0349036405	0.04334377481	0.06032095686	0.03302082043	0.06162508346	0.002115266124	-0.1464217997	-0.1406989619	-0.1461512776	-0.1350751793	-0.1375450636	-0.1447795143	-0.1341447552	-0.1449583455	-0.1441154902	-0.1197770575	-0.1316007669	0.01858413299	0.03348454834	-0.1322753317	-0.001353593829	-0.005365027115	-0.1440576767	-0.1446160511	-0.1446751602	-0.1405408328	-0.008891005339	-0.1365804912	0.01531198254	0.0471891772	-0.1041456966	0.02309555542	-0.1396913418	0.04907677522	0.05495460516	0.04600975663	-0.009881398442	0.03112380767	0.02381414029	-0.1357679674	-0.03752485679	-0.1510839744	0.03254284314	-0.005070119793	0.05663699402	-0.008846322301	-0.000377656038	-0.009022664861	0.02879801643	-0.1485926361	-0.1380793927	-0.136441427	-0.01186378714	-0.005179055144	0.01508078813	-0.1411623031	-0.1425924579	-0.1516658138	0.003118698817	-0.1396570097	0.0118173792	-0.001589166785	0.01350345493	0.04917704768	0.0557285325	0.03762860016	0.08040574986	0.08056970044	0.02659765881	0.02709580059	0.07236705297	0.03493283222	0.0004458193134	0.05773260944	0.03810020471	0.03506782485	0.04228258099	-0.02406109459	-0.05705820495	0.009319120853	0.02939739101	-0.03380480044	0.005478425795	0.03966174346	-0.03723068588	-0.005901381686	0.02526888054	-0.02119027869	-0.0381291426	0.01903208614	0.04219073971	-0.02963143128	-0.02411912236	-0.01970130208	-0.02894111277	0.05020897669	0.07499794919	-0.02940327366	0.09015203606	0.03770161775	0.05050741294	0.024254999	0.002924845044	-0.01613938292	0.04716434727	0.1798628113	-0.03846011234	0.0270024709	0.01566479639	0.03666714511	-0.03056674322	0.01689527746	0.06051751399	-0.02586275241	-0.003851889991	0.003880031091	-0.02073544468	-0.03902738785	0.0632146573	-0.00970905809	0.009069104409	0.03211334152	0.09331392961	-0.1326300082	0.04615652126	-0.00915481911	0.02205982584	-0.0350786866	-0.02903526971	-0.003474555823	-0.02295841197	0.05053601878	0.04304384341	0.06249737576	-0.02048556209	-0.0007210436036	0.04656750905	-0.005396471395	0.01258118281	-0.043452103	0.009314866427	0.0108522744	0.002856915776	0.0513569219	-0.02911435616	0.004090346924	-0.03851533593	0.009630084006	-0.02546603571	0.007238315866	-0.0180854815	-0.03120552624	0.00040290924	-0.0222523879	-0.04988286633	-0.03810943576	-0.006114329633	-0.0380983432	0.057118373	0.03944082196	0.01132774853	0.08962313237	-0.01757681583	-0.03046493094	0.07418867312	0.01010680804	0.04460037975	0.04733753789	-0.02569809806	-0.001257407212	0.05909812557	0.01993505957	0.02011088175	0.06083326845	0.05578788936	0.08229408767	-0.001354813735	0.05592526613	-0.02367493672	0.0647424683	0.05435744594	0.01501354554	0.009092323415	-0.0336131047	0.04482304562	0.01273912338	0.0006813852804	-0.001191826088	0.06601030703	0.287263787	0.08290605987	0.0814823064	0.09444167779	0.1037134792	0.0397485475	0.08593999124	0.006777612367	0.03739322917	0.03168583736	-0.02935627686	0.0004086778447	0.0346415196	0.007257809383	0.07002564878	-0.03566417585	0.009268047589	0.02678430178	0.002756729133	0.01797246166	0.05063411333	-0.01665764847	0.05341636357	0.01217747166	-0.01929402816	-0.007444608536	0.02819625582	-0.1386841765	-0.1040225102	0.1086760926	0.02376480645	0.05300108589	0.0177808687	-0.005353999524	0.06996194407	0.0298680793	-0.1269223304	0.1049490739	0.1014401648
-0.0177610091	0.07948645238	0.02475665504	0.03554817235	0.001933155916	0.02479415228	-0.001175620717	0.01384167194	-0.007145241535	-0.1195010579	-0.1181229133	-0.1215952564	-0.1103519817	-0.1067268746	-0.1024269676	-0.114780954	-0.1195832207	-0.1171837349	-0.1057404846	-0.1108745484	0.00760509773	0.03410837555	-0.09165474101	0.01537073192	0.01125506859	-0.1106419611	-0.109168742	-0.1165375374	-0.1001734317	0.0122974267	-0.09390343639	-0.00549329048	0.04223021903	-0.08335056566	0.01315795891	-0.1115480442	0.0003917926331	0.00123822723	0.02565306218	-0.008177950007	0.03254533125	-0.02445572989	-0.09952045278	0.00137812595	-0.1193524218	-0.01158039279	0.007809198986	0.04322369746	-0.006175826815	0.00684788316	-0.00364427554	0.07736023777	-0.1283298956	-0.09621094136	-0.101016511	0.008273285163	0.0146648659	0.02671092401	-0.1037472663	-0.1247628539	-0.1151787421	-0.02541566711	-0.1019447032	0.01469666867	0.0112672301	0.06836328041	0.007816668908	0.06562339725	0.04164848375	0.01135330754	0.04305049964	-0.0001882566995	0.001117262863	0.005001430081	0.009162810691	-0.02600578037	0.04003619857	0.09245719509	0.008599281827	0.02539582091	-0.04492743679	-0.07823628268	0.02216559927	0.001717129761	-0.01937181623	0.01616537448	0.03614740005	-0.01026452464	-0.01652218497	-0.007263727593	-0.03501785925	-0.01233255233	0.001471132122	0.03497425087	0.00120110588	-0.02165205939	-0.02533347355	-0.009233160077	0.01369385974	0.06478122195	-0.01175652571	0.0366429516	0.03853393898	0.05423658581	-0.02126834641	0.04702403914	-0.03213853402	0.03663996069	0.05754913127	-0.04853899747	0.03198866255	-0.0207380018	0.01799623586	-0.04611204982	0.001254210958	0.04888362717	-0.009380551585	-0.02037879791	-0.003815693868	-0.02465655376	-0.02853711346	0.06680553748	0.04614192687	0.04200371466	0.06629428926	0.1933379985	-0.09705081818	0.04750533216	-0.02522601144	0.003639421827	-0.01680539663	-0.03604563789	0.009013776352	-0.01827012617	0.1826165171	0.02524489605	0.01301509395	-0.024528515	-0.02558673521	0.0169295609	-0.01124860637	-0.02700207156	-0.0262911517	-0.006865108938	-0.004769061959	-0.01036995214	0.02410753567	-0.04874694133	0.00249857708	-0.01716868079	-0.006129211625	-0.01341748471	0.008444997799	-0.02527363887	-0.03416667065	-0.03144560757	-0.002056352662	-0.02771486697	-0.04953331146	-0.006591192126	0.006533123436	0.0004401562624	0.01610467232	-0.0001333164829	0.03353003605	-0.0359107079	-0.03134599662	0.04356181291	0.04278563339	0.02741109053	0.01847287956	-0.0008968460756	0.04399949036	0.07945971454	0.03869788448	0.05877669195	0.03651326523	0.0319569751	0.02864350244	0.0152538942	0.0245323878	-0.05057813331	0.02998353375	0.06078494861	0.02619810724	-0.01747183605	-0.02414422436	0.04838568779	0.008061824928	-0.02914497749	-0.03855380805	0.04431420504	0.08290605987	0.3913269472	0.2174766439	0.1730335697	0.08118765983	0.02797044904	0.1348279448	-0.03432412911	0.02879829077	0.03863329474	-0.04904877555	-0.007473287705	0.05254285675	-0.03554739842	0.07421797396	-0.01387278527	-0.007033294793	0.05225325153	0.005335524063	0.01688558584	0.02321944378	-0.04840299711	0.04673570095	0.04074494811	-0.01282023492	0.01280078581	0.03556633304	-0.1183317475	-0.07983831307	0.08400401948	0.1331906985	0.007928536726	-0.02127135464	0.01269475009	0.0340498116	0.009383297935	-0.1017152909	0.05287598127	0.1350593559
0.01481683711	0.07534219043	0.03394738884	0.04858049803	0.03141804228	0.002562861136	0.01726279326	0.01727422559	0.009362525479	-0.1382877102	-0.1343056714	-0.1392427262	-0.1284735103	-0.1282137784	-0.1252748437	-0.128412581	-0.1361602545	-0.1355455396	-0.1307242922	-0.1253611426	-0.005926533083	0.02458325178	-0.1109472071	-0.007763663053	-0.01648918527	-0.1361393006	-0.1296957577	-0.1320735008	-0.1191709994	-0.005300311576	-0.111027831	0.004710250134	0.03735902684	-0.09874286368	0.004619678936	-0.1306224146	0.003421251026	0.02807581784	0.02932729423	-0.01897625701	0.0113472153	-0.01632876765	-0.1154446961	-0.02301237933	-0.1391928097	-0.01146427543	-0.005681547914	0.02703105346	-0.001367645597	0.004981962443	-0.005820858827	0.08944305509	-0.1418200701	-0.1133381973	-0.1214110476	-0.01506669341	-0.01118378234	0.01775062343	-0.1257586274	-0.1432563528	-0.132610255	-0.01191731326	-0.1252190172	0.01386037833	0.0160151769	0.0808430553	0.02580617384	0.03065831837	0.06014834818	0.05193204358	0.07088858201	0.04043484107	0.03847407706	0.03602290965	0.05820355266	0.01037255133	0.05618921939	0.03242985155	0.05752281339	0.02919471444	-0.05523307098	-0.04877581031	0.01035230995	0.003998824313	-0.05294337421	0.03695255428	0.05888559657	-0.03207020354	-0.03249537528	-0.0007332469823	-0.001731914251	-0.0260952223	0.04224701677	0.03228776857	0.007721243231	-0.02844908598	-0.01187712456	-0.02349043471	0.04827239266	0.0712381826	-0.03065057157	0.02236257972	0.03957888139	0.06081745521	0.009772654633	0.01124543922	-0.005616521711	0.0573091965	0.08206051222	-0.02148429919	0.03206822452	-0.02519767853	0.06642460378	-0.01568201089	0.03199163093	0.1243295918	-0.03402479401	0.01445175624	0.0314877785	-0.01108741744	-0.04615394446	0.03860833523	-0.005950067865	-0.01780747858	-0.01082432261	0.1789959386	-0.1128759147	0.04018612073	-0.009080689488	-0.002617440226	-0.02548921225	-0.01993162415	-0.005088191436	3.079803675e-05	0.1854399739	0.0496030007	0.002371444112	-0.01109347185	-0.005136262951	0.03771502001	0.001737698242	0.01149303363	-0.05251195326	-0.007950192813	0.05235999392	0.04680311542	0.0438182644	-0.04840276783	0.02106748926	-0.04313373626	0.01892296824	0.01134698805	-0.005894398863	-0.02608473956	-0.05410158413	-0.0275813756	-0.02425422562	-0.05125543486	-0.06258746345	-0.0138049628	-0.02563468312	-0.008045269475	-0.003390113648	0.05455268317	0.1025435854	-0.03794673151	-0.04889153177	0.02820445409	0.00836169803	-0.005909117707	0.007742775144	-0.03236478234	-0.03981356494	0.006963056688	-0.002438140371	0.03313556502	0.02092730493	0.04527139762	0.07778490102	-0.005532031121	0.004627671342	-0.01399581617	0.07014686476	0.08456524585	-0.0003355770788	-0.01065951098	-0.03603032371	0.05646484314	0.02305315069	0.01986041483	-0.02232790049	0.1305771432	0.0814823064	0.2174766439	0.3772085498	0.1965567269	0.08536738592	0.00927375482	0.07560476439	0.05326808952	0.03774423329	0.05071666397	-0.03271602372	0.03423721378	0.02357786203	-0.0001390487749	0.05276085902	-0.04483121611	0.01955853224	0.08116716462	0.004809000852	0.02192757528	0.0610988598	-0.01812701331	0.0234944093	0.04927756854	-0.01121453414	-0.01240728681	0.01409144236	-0.1248019118	-0.0989177381	0.0651994414	0.05874755635	0.009304150792	0.03476806113	-0.0003409439634	0.03332039958	0.04785946715	-0.11457884	0.04021491958	0.1179442918
0.01590109988	0.05770631451	0.04267756327	0.0552824801	0.05216974028	0.02974205227	0.002906512491	0.06392813499	0.004433688826	-0.1295584269	-0.1276689464	-0.1305193901	-0.1205377397	-0.1338043615	-0.1378941878	-0.1227629651	-0.1317418742	-0.129091068	-0.1345821046	-0.11900753	0.009088488151	0.02075431712	-0.1211536962	-0.02432234678	-0.02663189545	-0.1346073444	-0.131641372	-0.1380226539	-0.1294547246	-0.02584451293	-0.1267572483	-0.0051139676	0.02525736565	-0.1097125373	0.0168950452	-0.1322019138	0.04205996347	0.05891125348	0.04362929645	-0.01398939455	0.008560024718	0.04192855458	-0.1425877797	-0.05189553575	-0.143631701	0.03627264426	-0.0123662764	0.05286255319	-0.0258280897	0.005150578328	-0.03439078318	0.04868922105	-0.1397865508	-0.1264850672	-0.1256771211	-0.03550551204	-0.02718034189	0.008986151266	-0.1460121602	-0.1394277717	-0.1608618996	0.03984058871	-0.1314235968	-0.01971368984	-0.01447703091	0.0386116955	-0.01368479837	0.0526892874	0.01834785179	0.1009840204	0.07576581335	0.06174048248	0.0629682159	0.07372071269	0.03485957789	0.009855645713	0.008048439599	0.01425265376	0.06236231105	0.03379230004	-0.03227689077	-0.06518958359	0.05234705099	-0.003347599977	-0.009322990287	0.04016869335	0.03232604638	-0.003186364076	0.02223128462	-0.04480363783	-0.002391570166	-0.0006832311411	0.006438655363	0.04572638102	0.05802413087	0.005182197866	0.02572849777	0.01564499526	0.05893948381	0.08097312238	0.01796003992	0.04338283747	0.05669762085	0.006345765958	-0.0131749443	0.06201626786	-0.0219679589	0.03918153626	0.08875506717	-0.02110883635	0.05553401221	0.03403947447	0.0266352931	-0.01978881612	0.02419696958	0.06104232117	-0.01592876638	0.02966425604	0.02758604634	0.02951241265	0.01709069993	0.02561396988	-0.03490288263	0.001776799752	0.004224988069	0.1014203738	-0.1392053514	0.03789587366	-0.01914140072	-0.02099131544	0.0116483408	0.02164966179	0.03591524403	-0.004571317419	0.1491789981	0.09065275482	-0.01022258479	0.02646457007	0.0003130217577	0.02797577994	-0.009421475917	0.01033170429	-0.02592124038	0.003808995124	0.03786130261	0.03008213856	0.04356099688	-0.01369043083	0.003572908992	-0.01680688241	-0.01117627701	-0.00382910283	-0.04488370794	-0.05513822546	-0.06917536441	-0.03445278789	-0.041512156	-0.06959213118	-0.06606429018	-0.02764808485	-0.05169577921	-0.02172980795	0.0338024461	0.02423491121	0.103808642	0.0291912213	-0.03819846286	0.03533680153	0.02518097428	0.01415894901	0.01125172452	-0.03349194441	-0.05623287729	0.0429611085	-0.00547078552	0.03191923675	0.02527012159	0.05327895804	0.1116931146	0.02207376944	0.01047736247	-0.02622608112	0.0982041602	0.0803915692	-0.03827498351	0.002657736204	-0.01190112612	0.03498723277	0.03195920252	0.01285303646	0.001120548612	0.1250265507	0.09444167779	0.1730335697	0.1965567269	0.3515815538	0.07573920302	0.04135070861	0.07468381109	0.02536448784	0.003899810753	0.02686635858	-0.008819663874	0.03987582136	0.007237202681	-0.01031661834	0.04629131668	-0.05819771949	-0.001950340441	0.05891688358	-0.01912165288	0.03319548611	0.03195180148	0.02598283266	5.224970682e-05	0.06978654628	0.007690177538	-0.0007636033321	0.005106219875	-0.1157287542	-0.1064371098	0.03351601524	0.01747616611	0.05694940125	0.01511597297	-0.02152607805	-0.02393030253	0.01452645642	-0.1279122617	0.06457691509	0.06444508576
-0.01531107244	0.09447118038	0.05064494446	0.004778499743	0.02609360775	0.0896791001	0.03085911498	0.03978646482	0.02953193	-0.1225901337	-0.1205504039	-0.1247959748	-0.1210525505	-0.09959270179	-0.1085979215	-0.1295267404	-0.1189932021	-0.116918216	-0.08247063094	-0.1259177828	0.03937730566	0.01203131904	-0.1003546502	0.03194652142	0.03458064134	-0.1167411637	-0.1073913551	-0.106785801	-0.1044939252	0.02157222188	-0.1038067042	0.04241615754	0.03134734671	-0.09429972718	0.02342196518	-0.1166746318	0.04654546334	0.04202141748	0.04499787048	0.02499946996	0.03330657158	0.01278941298	-0.112542843	-0.02007251983	-0.1127378157	0.01708938961	0.01739830943	0.0524376695	0.0377326496	0.01457125118	0.02860030399	0.02664571926	-0.1217076622	-0.09924020065	-0.113448912	0.02599039727	0.03395426801	0.02672953964	-0.1128515428	-0.1275544391	-0.134200834	-0.004336165623	-0.1045710922	0.0134641752	-0.005876684934	0.01409643105	0.05980535676	0.03491157895	0.03657083919	0.03857660875	0.017026496	-0.006743074204	-0.005653300104	0.0364135419	0.0803576441	0.0003084599216	0.08006328102	0.04852558311	0.05035648373	0.04987637962	-0.01521469701	-0.05310430715	0.03280984589	0.0133455529	-0.02318291546	0.02520076267	0.02265058419	-0.02030188041	-0.002558502723	-0.01904270955	-0.009856354705	-0.04325896136	-0.01002793178	0.03278685638	-0.01677517698	-0.03987295195	-0.04257446176	0.0008119016957	0.0398062602	0.03188101158	-0.00248213593	0.03587316714	0.03516126476	0.02304522287	0.03905278644	-0.001044483284	-0.05784164683	0.06504444121	0.09488496897	-0.0296486097	-0.01096417329	0.01885002175	0.04249995529	-0.04120639712	-0.01091032892	0.02186114846	-0.06162653006	-0.01020963125	0.01458034491	-0.0357618354	-0.0161591847	0.07135183159	0.006653411058	0.03947598884	0.02866910562	0.09513128633	-0.1105340187	0.04034890052	-0.05568540342	-0.01401136091	-0.006778094799	-0.02532616198	-0.01673150234	-0.003807071687	0.0557772066	-0.01887201045	-0.003953393251	-0.04360483817	0.007735380928	0.01490103909	0.005111820449	-0.004791498666	-0.03643433332	0.05892385749	0.03112522519	0.01976845898	0.03638210954	-0.02964754829	0.01439385878	-0.02731069573	0.0420992055	-0.01854586565	-0.01694059496	0.006258408905	-0.05848527283	0.006398146829	-0.005270114986	-0.0001049532592	-0.03774832961	-0.01776265441	-0.05060962067	0.02523823982	0.03017356521	0.02301621291	0.0449221746	-0.04310704389	-0.02838579587	-0.001126865059	-0.0334143001	-0.01880993372	-0.01750110644	-0.0333448435	-0.0116474212	0.02477680279	0.03046228821	-0.0265701832	-0.006947250408	-0.009456730356	0.02699921334	-0.03354904991	0.0113622151	-0.05388543724	0.01258219933	0.02039581971	-0.005261935666	-0.01393753086	-0.06724319837	-0.01019800666	0.02497159278	0.004461983582	-0.005316096319	0.02073680164	0.1037134792	0.08118765983	0.08536738592	0.07573920302	0.373451807	0.03122980202	0.2825460783	0.07763500307	0.1100851376	0.1062435824	-0.006320482213	0.0522435683	0.01369603841	0.01643371136	0.06993046573	-0.006254265629	-0.0123038692	0.02266389391	0.01209560379	0.0633922295	0.03504232122	-0.00272012425	0.01908746215	-0.01800159905	-0.0345545182	0.00498349599	0.01783424284	-0.102953	-0.09899639191	0.08711047351	0.06456626199	0.02530609949	0.02349897103	0.005572458607	0.06120849904	-0.0094814579	-0.1123360935	0.1174709635	0.05982082079
-0.01500481835	0.07691347976	0.1119731557	0.03168316674	0.0261126963	-0.02660836649	-0.007828711691	0.02482116505	0.01885919755	-0.1238942341	-0.1170524075	-0.1224048565	-0.1203089786	-0.145762788	-0.1385251445	-0.1127947816	-0.1209417248	-0.1356204174	-0.135746638	-0.1105085204	-0.03088922249	-0.03221353439	-0.1427288281	-0.03033483388	-0.02627401178	-0.1514472237	-0.1450167541	-0.1409919769	-0.1515684799	-0.03187327746	-0.1485314124	0.004549448589	-0.02667436964	-0.09392610126	-0.02179823946	-0.1400291814	0.04784669548	0.06994281534	0.08205632499	0.03375550357	-0.004107718158	0.05139445593	-0.1287483371	-0.0277451395	-0.1419078958	0.03157473552	-0.01888250159	0.006862183451	-0.02147713228	0.02021994437	-0.01077193417	-0.006376828144	-0.1285795924	-0.1436122674	-0.1369930094	-0.02884791194	-0.02200053171	-0.03439200728	-0.1540750267	-0.1211588809	-0.1137524121	0.05392552987	-0.1354002761	0.01025742735	-0.001809585123	0.001646318732	0.05023766398	0.0344943746	0.05045904179	0.07355078971	0.06927541148	0.01489248381	0.02105238593	0.1395652557	0.09703889555	0.01121206699	-0.03642234641	0.01072399349	0.03980744643	0.06229555445	-0.02244456768	-0.01007704488	0.05640504356	-0.03003952183	0.05067478561	0.01344784703	0.005311602066	0.03480803749	0.05121782903	-0.05066313257	-0.02273452042	-0.002203280187	-0.007120637491	0.07676608402	0.0377862888	-0.003781182003	0.01231327312	0.03000304651	0.04667029525	-0.01060481436	0.0317457751	0.1088033847	0.003574741167	-0.01483068563	-0.007881680481	0.01819578856	-0.01024846784	-0.01447081656	0.02082695348	-0.007741944494	0.04954206299	0.07402468682	0.05230154525	0.01676912078	-0.0006803802137	-0.0158382108	0.005064989441	-0.004117458557	0.02850334874	0.0212015945	0.02480565447	-0.02306171027	0.08540524903	0.01310444784	0.09898864357	0.03720515819	-0.1264467625	0.1079904954	-0.003521811814	-0.04139583569	0.02747656303	0.02672168511	0.007701114036	0.03539409286	-0.005824932236	0.01964503905	0.01221488947	0.01261242099	0.05503699793	-0.02048820915	8.346196534e-05	0.03300917398	0.03554438047	0.01035957773	0.03725868073	0.02587217148	0.0813367481	0.01190325832	0.02462422471	0.04465786216	0.04873931931	-0.01185411052	0.03282262016	-0.02295131803	-0.02898987341	-0.01308429618	-0.05078522756	-0.04360899006	-0.02648828389	-0.03375227372	-0.04629428377	-0.02447049262	-0.01852618675	0.00388088694	0.0808540972	-0.004345817713	-0.01205471769	0.0143435801	-0.05635848043	0.01702779833	0.017074813	-0.06725584107	0.04216808472	0.1537210973	0.06800761968	0.072229694	0.006725029138	0.1562693762	0.1472307207	0.03496155925	-0.03461120413	0.01674687809	0.06961308882	0.06662093379	-0.03828738277	0.001701998375	-0.007986609309	0.05897644126	0.0217084137	0.01552578382	0.06076278128	0.0428928684	0.0397485475	0.02797044904	0.00927375482	0.04135070861	0.03122980202	0.3706290956	0.04404852898	0.0635398004	0.02221090545	0.005049319514	0.02196368714	0.05225699826	-0.0007838717379	0.03666335192	0.03988927365	-0.03322072059	-0.02886520688	0.001136055249	0.01474079549	0.01655716701	0.06078944243	0.01847405515	-0.02629708831	0.04335092867	0.02609189688	0.01667800813	-0.02754915613	-0.1188279144	-0.0892742438	0.05485427868	0.05086432706	0.07904289286	0.005345283831	-0.04589144666	0.009535045075	-0.009259782514	-0.1366099095	0.1201223315	0.01094156951
-0.05561727486	0.05644566767	-0.01468639968	-0.01886170546	0.02598484046	0.08309507784	0.01318098997	0.004819755452	-0.03331092011	-0.08735058773	-0.08633407051	-0.08714259621	-0.08632482968	-0.06180661448	-0.07093070747	-0.09512015079	-0.08672677969	-0.08213977156	-0.04315388852	-0.0909035907	0.05183040743	0.02787378099	-0.06280017147	0.08580718256	0.08851941441	-0.07653272744	-0.07006217201	-0.06935687897	-0.06797667076	0.07576198324	-0.05782492047	0.05700681982	0.03459845025	-0.06265665019	0.03267473275	-0.07576074148	-0.00747647215	0.02186487605	-0.002798636188	0.03972978904	0.0514739289	0.00310728312	-0.07692752178	0.008453441611	-0.07510557842	-0.01561823457	0.05562068716	0.05897409369	0.07558778129	0.02373800495	0.0638061044	0.05701254684	-0.08419765341	-0.05815595465	-0.07235419888	0.07943596459	0.08647021125	0.03767386473	-0.07436845539	-0.09270310071	-0.09823729513	-0.003192522771	-0.06563311582	0.04306375818	0.03349203216	0.0594371773	0.01349656693	0.06349270769	-0.005902219737	-0.005860435321	-0.01866650253	-0.02777044172	-0.02691613781	-0.02754263027	0.001608326881	-0.0637609799	0.04562428675	0.08883006784	-0.006756789736	0.002689427093	-0.03425777546	-0.05852479554	0.001492344836	0.005938404167	-0.03969679954	-0.03469436839	-0.02082089582	-0.007814999578	-0.0106663241	0.02521795188	-0.06427413909	-0.03021422673	0.03224757127	-0.01174169063	0.01180677274	-0.01861909642	-0.006277691585	-0.02143990793	-0.0182143865	0.0328556442	-0.00877231752	-0.00623112985	0.02508131114	0.02116941746	-0.009310286778	0.01668108907	-0.04173529452	0.05141760398	0.06743584037	-0.0639527468	-0.05188419427	0.01919451577	-0.004633237727	-0.04751386149	-0.0299033823	0.002545582981	-0.03801958278	-0.05882133964	-0.04080124122	-0.0003715408457	-0.02423175118	0.04071985337	0.06680745732	0.1257443132	0.07188317947	0.07881884375	-0.07524819044	-0.0004622238455	-0.03899417907	-0.01309533552	-0.02632790793	-0.01961494611	-0.01463714521	-0.01529639323	0.03096953683	-0.03173252144	0.01467343005	-0.008213504888	0.007209345342	-0.02454557857	-0.01588945178	-0.04535843172	-0.0481633792	-0.006187551411	-0.02990258638	-0.03583668007	-0.01134391791	-0.03851583325	-0.008425018601	-0.03863801381	0.009815070483	-0.01663662232	0.02650964368	0.009806168798	-0.01570282114	0.007745489941	0.02304126731	0.02563706986	-0.03002227018	0.006632998401	-0.04019505805	0.0229178246	0.02120533805	-0.04058222292	-0.004192963788	-0.05204226995	0.01702141912	0.01181506973	0.02602123901	0.0230330008	-0.0001158231391	0.01003121836	0.06618504891	0.05574275275	0.06307305618	0.04331718785	0.009945336592	0.0328646021	-0.01972902904	-0.02967936742	0.07147295878	-0.06678849205	-0.009711748637	-0.001118402513	-0.006264463051	-0.05817287511	-0.03952373831	-0.01959364704	-0.03116491908	-0.06598024537	-0.01266362261	-0.0088893277	0.08593999124	0.1348279448	0.07560476439	0.07468381109	0.2825460783	0.04404852898	0.4171873977	-0.005857076877	0.08675300214	0.06906049565	-0.0105791361	-0.01131428769	0.02387947071	-0.03930318999	0.06523866709	-0.01366631476	-0.02090235979	0.04302742464	0.02234152561	0.006415740796	0.0001007081554	-0.05110397457	0.05605921922	-0.02802542512	-0.0305799947	-0.009621215232	0.02621947892	-0.08206495268	-0.06596493582	0.06476700609	0.04576728187	0.003050562399	-0.03942231309	0.03743151148	0.07217213561	0.02114857506	-0.08371065289	0.06601902279	0.05376310402
0.0506969769	0.03808679101	0.07696533418	0.03899312792	0.04180422127	-0.03165210257	-0.01771616104	0.01115781922	0.1011646303	-0.155436876	-0.1536361142	-0.1571315417	-0.1627497862	-0.1590260906	-0.156941393	-0.181111579	-0.1575019882	-0.1560453499	-0.1456982893	-0.1773251828	-0.05343868204	-0.06185159805	-0.1403904786	-0.04469475014	-0.047492447	-0.1667915337	-0.1584909526	-0.1651380696	-0.1633968608	-0.05294361889	-0.1628705521	-0.05138184891	-0.0824851708	-0.110237231	-0.07961260083	-0.1659238141	0.04755956245	0.06174410284	0.05844366428	-0.009164037163	-0.05032316028	0.04602297392	-0.1682513532	-0.03532906411	-0.1767230957	0.02022062455	-0.07149760069	-0.02739713615	-0.02470108828	-0.04363950706	-0.02393636808	-0.03926051539	-0.1698594902	-0.1594729836	-0.1786526706	-0.04853906716	-0.03939567411	-0.05337953515	-0.1762750607	-0.1628942009	-0.1538009656	-0.01327407901	-0.155260124	-0.06552712359	-0.06817346143	-0.05531813179	0.02324225018	-0.01484771556	0.01556322308	0.08509179807	0.02199578901	0.106404029	0.1041870361	0.1129191753	0.1897441455	0.06578049805	0.0700653957	0.02525240075	0.1257478794	0.07120670953	0.04271941802	0.08141753968	0.04434463181	0.01780406936	0.04333612853	0.04253068431	0.05049718373	0.05310214866	0.0423970175	0.02645780032	0.007219889534	0.02964561055	5.918313434e-05	0.06780017836	0.09554521951	0.03387993391	0.02408903793	0.05307015754	0.08750991507	-0.005029527041	0.04147436676	0.03447179085	0.007960052587	0.05139185186	0.0297432934	-0.01696825851	0.003236376943	0.01329959351	0.05986839819	0.033631995	0.04288039128	0.05486735412	0.09476961883	0.01663574243	0.03702100795	0.04492647191	-0.02226738242	0.04291523019	0.08791650965	0.04962818414	0.03800897204	-0.001629846682	-0.05278576608	0.04379107825	-0.03912030709	0.00158096496	-0.1653929631	0.03993768541	-0.0001330686429	-0.00554836231	0.04377265741	0.04039216975	0.001147682348	0.07705365955	0.004718449037	0.0560046684	0.005916366039	0.02460427589	0.05849838649	0.1048677395	-0.02489788105	0.02719913629	0.008145802003	0.09916549637	0.09248871739	0.08118458207	0.04693738087	0.04202689414	-0.0185118048	0.01739804949	0.1120711294	-0.01383912491	-0.007663560681	0.0165097204	-0.02220903113	-0.003369505981	-0.01141541946	-0.01303470536	-0.007170310045	-0.00858838442	0.0001822085178	0.01022153259	-0.03459451988	0.08920519638	0.1651565061	0.02936379996	-0.0584206047	-0.009885569232	-0.03956515992	-0.02930486924	-0.02424967453	-0.04135964768	-0.01831355983	0.02427227039	0.02915603026	0.01348428891	-0.002660578547	0.05944334454	0.08167361174	0.02100335142	-0.06125201304	0.004314553305	0.0506700772	0.05553735701	0.04568243074	0.03236135037	-0.03807213119	0.03212452772	0.05513496746	0.09305531396	0.03835405764	0.06666393102	0.006777612367	-0.03432412911	0.05326808952	0.02536448784	0.07763500307	0.0635398004	-0.005857076877	0.368912638	0.2132668343	0.2705969562	0.08536702115	0.2629839075	-0.04394605764	0.08254368158	0.027271219	-0.01340147604	0.005490394584	-0.06274681958	-0.05053370079	0.04901813502	0.03419269203	0.04902497653	0.008866674853	0.02894214517	0.02374210957	0.02420257909	-0.06813384856	-0.1382390249	-0.1212560625	0.03109609181	0.002413603285	0.06499721742	0.09866456928	-0.07000850098	0.006182746508	-0.06228129895	-0.1483597926	0.05485917021	0.02052033647
-0.009881707994	0.05857811438	0.0264411614	0.01439394739	-0.009882373153	0.02895444953	0.02416469913	0.00366950174	0.07349549807	-0.1446285971	-0.150476333	-0.1466390792	-0.1577279869	-0.1264655174	-0.1354644572	-0.1760170553	-0.1448028784	-0.1427104913	-0.1150617544	-0.1753717662	-0.04034947156	-0.05377895571	-0.1285436037	0.02749843823	0.03495921803	-0.138042224	-0.1321238908	-0.1299911115	-0.1326008656	0.0255334979	-0.1386480905	-0.00967802657	-0.05925576439	-0.09359170451	-0.05283001009	-0.1432744613	0.002645558978	0.01812651897	0.01220602155	-0.01274326965	-0.02960882554	-0.02304366248	-0.1311150838	-0.007317119037	-0.1458745003	-0.06172822259	-0.009558280822	-0.0101232761	0.03226428506	-0.03525632033	0.02146259892	-0.01005763343	-0.1509521852	-0.1338332226	-0.1507636422	0.03135557645	0.03974403691	-0.04316352613	-0.1389206805	-0.1495668997	-0.1180516295	-0.0690799783	-0.1166599886	-0.02153368364	-0.02501641346	-0.01321833052	0.04442679683	-0.01021455811	0.008447994327	0.003661237324	-0.007967896739	0.05383254604	0.05475891478	0.01526905064	0.1451995364	0.0225314415	0.1039054798	0.1572698684	0.03216706568	0.02067163842	0.0006698394785	0.03248568538	0.0008153896225	0.06222208753	0.005607323344	0.001822732987	0.07186574877	0.0236289991	-0.01968163239	0.06035324251	-0.02827918715	0.001781948403	0.02720977597	0.01427647738	0.06175517955	-0.003200896271	-0.03243484632	-0.02270871507	0.03708263915	0.02088934005	-0.01698095652	0.0004072724412	-0.03219838911	0.1182706711	0.008941157201	-0.07829880967	-0.03172335088	0.0333234162	0.08090563339	0.02334122604	-0.01637362665	-0.005541330055	0.0653218389	0.00925751492	0.00407520028	0.03782530204	-0.02337441382	0.004373698095	0.02867365258	0.01871361833	-0.01895293961	0.04764816266	0.04769135128	0.1352338808	0.05029516783	0.04836422795	-0.1292533871	-0.00261090966	-0.03504344278	-0.02183952986	-0.03161572891	-0.01798324848	-0.05017746698	0.01242308059	-0.002233656791	-0.05424994005	0.07564365301	-0.03429448995	0.01085276304	0.1498376335	-0.03186341114	-0.001657266165	-0.02999751919	0.04243127041	0.03800719449	0.02673749333	-0.0005435627603	0.03583150617	-0.0254844669	-0.02092274846	0.1317547069	0.03963462283	0.04967115439	0.08791470542	0.05470068073	0.0493358963	0.07491557658	0.06635994675	0.07707770569	0.06206835244	0.05103680855	0.0470356818	0.02429241484	0.03734755661	0.07111077818	-0.05973163515	-0.008415878205	0.07433716896	0.02805781639	0.06508031154	0.04479964832	0.05991450013	0.06152265108	-0.004114671047	0.06512384674	-0.008915497894	0.06495420338	-0.00459932713	0.01071368843	-0.02375554409	0.01248810614	-0.009072694289	-0.005087372616	0.006895654388	0.1422379247	-0.04073304057	-0.03820307686	-0.03003390205	-0.00286720623	0.04514643931	-0.02775574391	0.02437613489	0.03739322917	0.02879829077	0.03774423329	0.003899810753	0.1100851376	0.02221090545	0.08675300214	0.2132668343	0.4160446259	0.3246915483	0.107476106	0.1426498531	-0.0285671144	0.08217900656	0.02812201743	0.01482179924	-0.003899729447	-0.03035210072	-0.03673184855	-0.006611960613	0.0159422	-0.02141825066	0.04130685174	-0.03529655893	-0.05500789228	0.01052160458	-0.06802763455	-0.1459120386	-0.103624534	0.05871193083	0.03617344192	-0.01262299896	0.04661557529	-0.02390187213	0.07297753132	-0.04551056446	-0.137845006	0.02054422017	0.04797944331
-0.01597089657	0.05102304041	0.01043866506	0.01254519285	0.01479028149	0.01975361374	0.001967215931	-0.006311281417	0.06637627547	-0.1356085275	-0.142655571	-0.1382691806	-0.1491604059	-0.1167728341	-0.1239673262	-0.1657046026	-0.1356845555	-0.1339166547	-0.09363074846	-0.1645095134	-0.01883233021	-0.02972027758	-0.1024571689	0.03103965276	0.03575873368	-0.1275334287	-0.1207908121	-0.1226790435	-0.1247796648	0.02611808129	-0.1311453248	-9.841229332e-05	-0.06231310265	-0.07601424665	-0.03844494302	-0.1303466525	-0.01402633918	-0.0123130541	-0.0110705812	-0.0188533604	-0.03134577809	-0.02344454142	-0.1198358982	0.009276419215	-0.1361281413	-0.03996038463	-0.01580981912	-0.01520390172	0.03502306328	-0.01902891442	0.02220462543	-0.01933401237	-0.1412402379	-0.1273993368	-0.1434525211	0.03105827632	0.04036815899	-0.017945662	-0.1291003989	-0.1407837913	-0.1082722202	-0.04079314081	-0.109380793	-0.04173839014	-0.03791511962	-0.03719048558	0.04375718004	-0.01560708159	-0.004685567604	0.0113888811	0.005846353715	0.04840392084	0.0493902384	0.05992214061	0.1422048036	-0.000546426147	0.09904458003	0.1394109851	0.04121680308	0.0003068784953	0.04286296336	0.01876598803	-0.01381450371	0.07130186221	-0.01391311923	-0.005354665586	0.05907917282	0.01551788129	-0.007627199016	0.0559827363	-0.037443843	-0.007928171886	0.04088600749	-0.009393489811	0.07582114439	-0.008424900361	-0.01480317699	0.007195537682	0.02522782572	0.03770775644	-0.002368110694	-0.01703035321	-0.04607634686	0.1419819487	0.02161552554	-0.05630052449	-0.03879506004	0.02528564702	0.06789274854	-0.0185040639	-0.006098372827	-0.01273738901	0.07603336705	-0.02306982425	-0.01045798343	0.07075749535	-0.0584389421	-0.007197288253	0.008484302923	0.01386473172	-0.0008491139033	0.02615965612	-0.002423629976	0.1763085803	0.03866571178	0.0441962308	-0.1183058178	0.007916607811	-0.04214654872	-0.001284644813	0.000443417053	-0.006575512126	-0.04634769743	0.01935764098	0.006066204915	-0.01434178557	0.07650801792	-0.01680322209	0.005830481744	0.1497944388	-0.04523301815	-0.02968048318	-0.03718068299	0.02198697375	0.01957535799	0.008277217402	-0.01978628272	0.003145771708	-0.03600656248	-0.02808644128	0.1379089857	0.007078398001	0.01087912174	0.06329348902	0.01964813359	0.03210354741	0.04179901485	0.04640870663	0.03388082864	0.0419213544	0.05069134254	0.03993376823	0.04280220527	0.03189602713	0.08288350894	-0.02538663635	0.02102562517	0.07538758926	0.06613147735	0.06985631187	0.0569799608	0.06970779498	0.06120892255	-0.03037094478	0.05244340102	0.01002111873	0.08412505305	0.007976646413	0.01725008243	-0.04498682761	-0.03221303149	-0.03711770909	0.008042526762	0.01127398948	0.1275002928	-0.03167356042	-0.0842180669	-0.03974078121	-0.01443839543	0.02490471292	-0.02650191057	0.02193641358	0.03168583736	0.03863329474	0.05071666397	0.02686635858	0.1062435824	0.005049319514	0.06906049565	0.2705969562	0.3246915483	0.4296640991	0.0845664169	0.1936401239	-0.02637128451	0.08332644421	0.01669908086	0.01597483685	0.01845267528	-0.02762197182	-0.03336617486	-0.01958064537	-0.003869460996	-0.02123040306	0.05240937805	-0.02553645834	-0.02846016358	0.004457855477	-0.04585713243	-0.1239623329	-0.09369867556	0.04462043063	0.02744483995	-0.003187710888	0.035482108	-0.01546026304	0.04461356656	-0.04168871911	-0.1166218878	0.006136345839	0.05464970244
-0.002679498281	-0.05038650422	0.001489672712	0.006260030235	-0.02366974464	0.04722980115	-0.02164074833	-0.001069018073	0.0755742508	-0.1455070379	-0.1417342748	-0.1430950588	-0.1399009901	-0.156211913	-0.1447516913	-0.1371785379	-0.1429847958	-0.1501746922	-0.1327557819	-0.1360461566	-0.02269273325	-0.0283506516	-0.129286388	-0.01867195224	-0.01130501838	-0.152284539	-0.1529989435	-0.1463064832	-0.1459881989	-0.01908838532	-0.1483362943	-0.02801663855	-0.06245647319	-0.0981745403	-0.05222668279	-0.1527666638	-0.01041495533	0.0004737849414	-0.03618114544	-0.02105374438	-0.03705742379	-0.006950725877	-0.1566922518	-0.02032210365	-0.1530234519	-0.009123756913	-0.01398361883	-0.08263250903	0.01363675618	-0.01083390561	-0.01623092801	-0.01766623614	-0.1502085089	-0.1576895625	-0.1405327485	-0.01562965354	-0.0119222182	-0.0103199403	-0.1604735169	-0.1447043691	-0.1374058704	0.01574315487	-0.1464630118	0.0009454754901	-0.007722659723	-0.01839056346	-0.03897408393	-0.07126894412	-0.04332920666	-0.03344366648	-0.01647841362	0.02327223623	0.02407867545	0.06424906883	0.09234570781	0.03144736045	0.03610428201	0.03188861121	0.05544254434	-0.0126420499	0.003207237673	0.08311602137	0.0004783794525	0.0277101351	0.05594737948	0.007803514613	0.02674185824	0.1112630703	0.08451869151	0.09400428293	-0.02012720777	0.1224827068	0.01797137467	-0.01342896712	0.07984148138	0.1277130753	0.1243093946	0.04358989709	-0.002059834672	0.01253827624	0.06362880212	-0.01153461221	-0.03809359233	0.02199989302	0.01016043174	0.01467168828	0.1090305103	-0.04771138066	-2.581069364e-05	0.1619401439	-0.02431261489	0.01682280252	0.01337915586	0.0686273799	0.006095768865	0.02482955673	0.08843812388	0.07065486291	0.03484274931	0.1079836333	0.1129457797	0.04718884929	0.08958734928	0.1426639175	0.01148484502	-0.01336828852	-0.1540920396	0.04237958061	0.09021148123	0.05395305538	0.04023373095	0.1212675279	-0.002919587301	0.04750724125	-0.01207856508	0.0613995739	0.03049432074	0.1224416062	0.06900855875	0.05842924794	-0.03779943609	0.01774682773	0.03712011698	0.07108059726	0.05395109583	0.04244987896	-0.02549919014	0.1023815122	-0.02154617775	0.04633565448	0.0590258077	0.02621617785	0.006055234416	0.03524657124	0.03114781573	-0.02115148004	-0.004840662836	0.03301874223	0.05592467255	0.0280836367	0.01152110688	-0.003864798391	0.01071982024	0.02737119851	0.02151226306	0.06847799354	0.03161679412	0.01011215427	0.001517738629	0.03559386584	0.01327838682	0.04682319509	-0.03379332311	-0.00265513805	-0.01940776661	0.0564805322	0.01871639487	0.05694136961	0.04666412221	0.003073036061	0.06564625685	0.0789418134	-0.002215712031	0.03415592108	0.05263098557	0.04540689972	0.07868721327	-0.01406046358	0.06246559674	0.04283414908	0.03476554394	0.01991135616	-0.02935627686	-0.04904877555	-0.03271602372	-0.008819663874	-0.006320482213	0.02196368714	-0.0105791361	0.08536702115	0.107476106	0.0845664169	0.4176512368	0.09113917861	-0.04088799489	0.09684244033	-0.0864795517	-0.02836166345	-0.002862550892	-0.03631536835	-0.01114848413	0.06253181822	-0.03497635812	0.07883089389	0.01671353729	0.04598846235	0.04385594521	0.03376861564	-0.05481609529	-0.132127047	-0.1099383281	-0.0385841199	0.006127357736	0.003907660643	0.06291193214	-0.0308197001	0.01733617725	-0.04755608452	-0.1372707166	0.01674432767	-0.009019376425
0.04192180611	0.01720201863	0.07116293105	0.0364976909	0.04480865443	-0.04886689578	-0.0003732960888	0.01270212877	0.09324684583	-0.1673062241	-0.1641853833	-0.1689229456	-0.160222581	-0.1737666643	-0.1694633277	-0.1712766467	-0.1704176435	-0.1716909387	-0.1631805817	-0.1668582706	-0.04107359668	-0.06082549475	-0.1492897699	-0.05203314434	-0.0558633932	-0.1728032093	-0.1642099641	-0.1802997002	-0.1723302674	-0.06326681144	-0.1711649846	-0.06052940665	-0.07494952081	-0.1125851822	-0.07918252807	-0.1720180781	0.07841053466	0.05263955194	0.06648627539	-0.003169780517	-0.03591451427	0.05442875885	-0.1799884124	-0.03140399381	-0.1721505821	0.02863447448	-0.07378377523	-0.01691444075	-0.01105064619	-0.04042905551	-0.03980362147	-0.04246856383	-0.1760481336	-0.1683828598	-0.1640405326	-0.05990206065	-0.05061647409	-0.04856788924	-0.1870111124	-0.173521639	-0.1664826089	-0.006451306347	-0.1712375584	-0.06046575294	-0.06340232416	-0.04720681244	0.01529723711	-0.02931825184	0.034176376	0.1027730972	0.02541833309	0.06264008817	0.06389664056	0.1120381381	0.1638846242	0.05970468364	0.0647043351	0.01723581076	0.1549821184	0.07043491943	0.03848343813	0.04530849442	0.04971612082	0.01756936759	0.04941413811	0.050143258	0.04553392401	0.04532069471	0.05241362529	-0.01039456021	0.03740193016	0.03823309483	-0.04053198721	0.08298152689	0.06236065835	0.03218325915	0.02232611841	0.06545450287	0.07349046701	-0.03652682773	0.06904705263	0.04555379933	0.03792648923	0.01946953898	0.03581662514	-0.01043920114	-0.004920095787	0.06084214242	0.04536934666	0.04950589345	0.04799932599	0.07167871537	0.09120219641	0.03625466954	0.05162180865	0.0515189546	-0.01860565084	0.04563839893	0.1360813812	0.04332979758	0.04735368895	-0.000216679257	-0.0368958394	0.03670916457	-0.02142346445	0.03804115481	-0.1765669579	0.03585170045	-0.01280842334	-0.004327005281	0.05135351511	0.03862758347	0.007760387954	0.08749902943	0.03276832343	0.0339635298	-0.009917182575	0.02284815014	0.05635771468	0.09534324489	0.009522696793	0.06539828429	0.02044781801	0.1288634782	0.1283013014	0.1308952418	0.06458319719	0.04607045563	0.01299850556	0.03134978266	0.1391959089	-0.01178134092	0.03975098878	0.01754508141	-0.02126909045	-0.01724174202	-0.04555504055	-0.04574508334	-0.001537183782	-0.008098065718	0.009350204904	0.01717564051	0.0003160539514	0.07965567329	0.1321429546	0.01824669017	-0.02885560982	0.007759692714	-0.06682339391	0.002987577037	-0.01903381831	-0.06263908989	-0.01179336764	0.03762424279	0.009633485318	-0.01225973907	0.01429268208	0.06280190273	0.06328606984	0.01588853153	-0.06970496091	0.01796555858	0.02209495053	0.02460511377	0.03433603394	0.04060062034	-0.035759597	0.03324140152	0.0840514353	0.08414090878	0.06274624956	0.08349608999	0.0004086778447	-0.007473287705	0.03423721378	0.03987582136	0.0522435683	0.05225699826	-0.01131428769	0.2629839075	0.1426498531	0.1936401239	0.09113917861	0.3547571576	-0.02230484214	0.04856701431	0.009523003957	-0.02660114548	0.01115031703	-0.04877365357	-0.03678665613	0.08163428797	0.04412445942	0.07247572069	-0.008920870281	0.01692062357	0.02526854475	0.0275518484	-0.05853049424	-0.1539723976	-0.1210232477	0.02474981878	0.0110403307	0.06868602317	0.08558033993	-0.05625059697	0.01539730598	-0.04902171019	-0.1517289472	0.05144993696	0.004391692818
-0.02977256374	0.01434514095	-0.003070769734	0.01540529724	0.0860507142	0.02587384464	0.08129272662	0.07461628957	-0.02573765954	-0.1031644933	-0.0990273822	-0.1071367724	-0.0986329272	-0.08174069688	-0.07182376803	-0.08563060547	-0.09170930757	-0.09692200934	-0.08679527024	-0.08421234175	0.08571465592	0.105106781	-0.0688834074	-0.008459244985	-0.005647623646	-0.08924972214	-0.08117686458	-0.08445618568	-0.07524877639	-0.0133932343	-0.06798051837	0.04356702228	0.1122504748	-0.05096119964	0.1054615373	-0.08080617974	0.06709427886	0.06359285586	0.05057155942	0.07536563729	0.1971348239	0.0767264095	-0.08679625027	0.01543641866	-0.08811699994	0.09585301236	0.07633742399	0.08154083123	-0.007613771156	0.1119928682	0.01625610271	0.09154622886	-0.09998952287	-0.06950303088	-0.07645355054	-0.01662189159	-0.01321987008	0.1349273983	-0.09577720734	-0.1055647706	-0.07722381541	0.03854519315	-0.07982093431	0.04759469514	0.04997057854	0.08689004054	0.03817915344	0.08296395398	0.06957637363	0.04961171956	0.03398725056	-0.01301303679	-0.008394769042	-0.005236744896	-0.02853950809	-0.01648603423	-0.01729630295	-0.01623846014	0.01097910062	0.04568067398	-0.03456834546	-0.04308208224	-0.01941126532	-0.01721876062	-0.02411078927	-0.01567130065	-0.000947919653	-0.03160426508	-0.02703100068	-0.06683812805	-0.007636360153	-0.03411034354	-0.02946519033	0.02575555093	-0.03294737999	-0.01971040453	-0.02653395316	-0.03183441573	0.01053905445	0.01315422205	-0.02534853091	0.02661849945	0.03454246516	-0.008520001773	0.01296760452	-0.03105384141	-0.03959289978	0.0314977016	0.02955134532	-0.02039575571	0.01371141936	0.0674730277	0.01312138222	-0.02049662336	-0.0002063304951	-0.0004969599149	-0.01223763899	0.008247329711	-4.623032548e-06	-0.03613587657	-0.03414295266	-0.006888957373	-0.003805894111	-0.02826661112	0.01626833879	0.06247603963	-0.08526275418	-0.0002634768929	-0.03819539682	-0.04147346697	-0.02785713588	-0.02838923341	-0.01912075183	-0.04421824226	0.02191866513	-0.004602073366	-0.003929505545	-0.02549642753	-0.0287640453	-0.007257096268	0.07124624717	0.01402065776	-0.0171905743	0.01812703189	-0.002499760892	0.002262878613	0.04638912973	-0.02842486312	0.06222372887	-0.03027458399	-0.01985597877	0.03925828736	0.01422552839	0.01065111529	-0.0202312574	0.07087597103	-0.03085850795	-0.04552803384	-0.02535191369	0.003875166077	0.02233183519	0.03621029073	-0.0240560633	-0.01505183609	-0.006884543597	0.0050108734	-0.03532773879	0.01687602421	-0.03642997578	-0.003476825375	0.0007658324681	-0.0513563658	-0.01133516908	0.02198989794	0.05168640519	-0.04354365247	0.006391731429	-0.01341207431	-0.008401082081	-0.003790946324	-0.03882254278	-0.01725419583	5.097806071e-05	-0.008102179797	-0.01589605983	-0.01616069365	-0.02073182116	0.01654781843	0.03223217768	-0.02087664454	-0.01375744433	0.007923189514	0.0346415196	0.05254285675	0.02357786203	0.007237202681	0.01369603841	-0.0007838717379	0.02387947071	-0.04394605764	-0.0285671144	-0.02637128451	-0.04088799489	-0.02230484214	0.4024607367	-0.04260583997	0.05497218682	0.03624554318	0.05910630308	0.07271075941	0.08412901172	0.02326295754	0.06939607785	-0.008711558266	-0.0402992034	-0.002230379035	-0.01656507617	-0.02470251217	0.1170013829	-0.1053408316	-0.04693090318	0.03308522262	0.0412420832	0.06110211966	-0.01858524014	0.02331598827	0.03683417448	0.1368045842	-0.08905519433	0.01036683183	0.04679681285
0.05520422501	0.04166483125	0.02602430671	0.04114406846	-0.007635561695	0.05041010299	-0.009247289903	0.01438877529	0.0932208005	-0.1288454919	-0.1273854087	-0.1267680058	-0.1270952813	-0.1597534962	-0.1514239376	-0.122911351	-0.1261603182	-0.1429338749	-0.08943061566	-0.1218730906	0.00197458154	-0.005326736877	-0.1224808565	-0.005118859662	-0.002043825768	-0.1704966191	-0.1688636288	-0.1468237024	-0.1637605709	-0.004560742323	-0.163241877	-0.0196231807	-0.06490251657	-0.06736348368	-0.04972738627	-0.1492485161	0.01159605122	0.0321128537	0.02489332272	-0.01125156887	-0.04328154704	0.06257104276	-0.1189769948	-0.02890872952	-0.1538359841	0.03678379291	-0.04952711685	-0.01511082353	0.00718646934	0.01172535412	-0.01432471955	-0.04370263462	-0.1494948519	-0.1617715217	-0.1519421487	-0.004072189785	0.001066770586	0.003110402751	-0.1467773496	-0.1259722949	-0.1165336655	0.02801228181	-0.1477038788	-0.04040105831	-0.05774734168	-0.05864277383	0.006003046716	-0.04209293859	0.006386813833	0.02058272711	-0.0002649930898	0.05845370123	0.05344645563	0.03202467084	0.07417496104	0.0595581628	0.05941116534	0.02758576557	0.03445378085	0.04927714208	0.03155367054	0.03879724277	0.02115142006	0.05752954099	0.04643063396	0.01960950339	0.03466986304	0.02257964757	0.02709054791	0.07314634358	0.003839256673	0.06496026518	0.07264347891	0.04461426728	-0.03137618234	0.0883827847	0.04347237532	0.01746379075	0.05722559295	0.06660561124	-0.0008694261016	-0.01008746304	-0.03018008691	0.07339229658	0.04520387302	-0.0299601873	0.0778735047	0.02695263066	0.05438094361	0.03911214658	-0.001389056688	0.06263679273	0.107476181	-0.001623040542	-0.01519380571	0.0666201912	0.04037507467	-0.004663756803	0.02304716302	0.01715107425	0.05022819011	0.05005810137	0.03682895106	0.01072606115	0.01408813067	0.009549602087	-0.1170591415	-0.004970608246	0.09268452262	0.08766141926	0.01786750256	0.03680670866	-0.006123885212	0.00160622171	0.005922949988	0.05899213917	0.02532303958	0.04148726514	0.01431471758	0.06449232409	-0.01591354607	-0.004233822099	-0.01870641608	0.04572111017	0.03047785643	0.01996425699	0.008951190136	0.02994082692	-0.009737266337	-0.01010124298	0.1532943002	-0.01277843054	-0.02987904011	-0.0007977974432	-0.004340051006	-0.01568003129	-0.016266215	-0.02811120391	-0.00719694835	0.01032260614	-0.01628423875	0.05359812621	0.01421468459	0.01007943909	0.07166277665	0.06475454684	-0.007814757693	-0.00509656965	-0.02159071373	-0.03156280258	-0.004543707521	0.03196346016	-0.03035737825	-0.01014192366	0.0001962288846	0.0487601534	-0.003339396233	-0.0004899829767	0.0359127812	0.03107921499	0.04085166753	0.04446173658	0.03709656685	0.08150256799	0.109636955	0.04000999739	0.007624306162	0.003853115716	0.04331793951	0.05181818331	0.01466003983	0.03781104749	0.007257809383	-0.03554739842	-0.0001390487749	-0.01031661834	0.01643371136	0.03666335192	-0.03930318999	0.08254368158	0.08217900656	0.08332644421	0.09684244033	0.04856701431	-0.04260583997	0.4000199782	-0.01799273769	-0.0385327763	0.0033319954	-0.06472429243	0.02820357801	0.04158099133	0.004294426086	0.03974648019	-0.0005345724747	0.05005864233	-0.005179091536	0.006168655815	-0.02574895797	-0.09007022377	-0.07845425052	0.0305223335	0.03519745984	0.06738826456	0.06597177431	-0.0457359918	0.01907467788	-0.05464514083	-0.08083515121	0.01093754676	0.07728682759
-0.007138868254	0.1051171704	0.04058599747	0.09504525655	0.07911968753	0.04551484513	0.0878112763	0.135408634	0.01884027625	-0.1193345743	-0.1149958195	-0.1186191897	-0.1200967031	-0.1045254052	-0.1105244536	-0.1205275485	-0.1224171417	-0.1089487389	-0.1144171221	-0.1180998672	0.03445046245	0.05091649794	-0.1133708868	-0.006797814306	8.145064751e-05	-0.1196144552	-0.124973022	-0.1102880978	-0.1214508658	-0.01066243655	-0.1110139712	0.01985236512	0.1216175909	-0.09888745608	0.03531757627	-0.1140579079	0.1316297932	0.1425800937	0.2182341413	0.09014858621	0.07482770817	0.1403831145	-0.1300612609	-0.03625285583	-0.1189873959	0.0443115795	-0.005048155962	0.1348741374	-0.008462362996	0.02414380302	0.001691898509	0.04367550509	-0.1237598164	-0.1065654758	-0.1261686513	-0.01342481755	-0.003648460433	0.08145629569	-0.1227935229	-0.1139937187	-0.1381409358	0.01985912564	-0.1160929113	0.02209968763	0.01856281723	0.04000461671	0.09504120518	0.2515472006	0.1993063424	0.1664440597	0.0432278253	0.04153919824	0.04243799444	0.02907518489	0.02188854029	0.008547761808	0.01064883478	0.002154399234	0.01900946936	0.1660501746	-0.06454645361	-0.06779214263	-0.01118778861	-0.05215305546	-0.020883659	-0.01547567221	0.02833526551	-0.06499645823	-0.0467042327	-0.02281058508	-0.01429606748	-0.04470449588	-0.04713638712	0.1881322416	-0.07277707776	-0.04333090826	-0.06680388344	-0.05696566416	0.03327938601	0.001201297379	-0.06389836328	0.06061111025	0.15191796	0.01798535421	0.04298415457	-0.003565355562	-0.04230553319	0.02763244518	0.06068318528	-0.04804973398	0.03742665351	0.09102461057	0.01462560322	-0.04801219011	-0.01645020585	-0.01251369216	-0.03543378455	-0.01146848877	0.02268055968	-0.07018146178	-0.05860697166	0.008836214192	-0.01986742949	-0.0310385678	-0.004752309661	0.03130379234	-0.1270990583	0.03492702013	-0.04204421671	-0.03744994431	-0.05522273791	-0.07038528173	-0.03209339166	-0.03616384384	0.02047859473	0.002284631484	-0.02531417957	-0.06522109103	-0.0227838239	-0.02157250535	0.09559472734	-0.004121582463	-0.05116258044	0.01383249501	0.04326886561	0.02267484905	0.2004673174	-0.06675664639	0.1093220996	-0.04809453296	-0.01820981265	0.00279163758	-0.02359481249	0.00465094828	-0.06402921941	0.0142855407	-0.02016276936	-0.04932177025	-0.07098017046	-0.05563373479	-0.02570570165	0.0527164292	-0.02799345189	-0.01223726395	0.05964046216	-0.04405620328	-0.09197409163	-0.0201151971	-0.03537381561	-0.05787890879	-0.04932509955	-0.07383136057	-0.02625831196	0.05145826181	0.0332783689	-0.006107183691	-0.0356764324	0.000925113939	0.04292960627	0.01310449553	-0.01662854319	-0.03681225709	0.02629875734	0.0430595093	0.0172932821	-0.02104984731	-0.04539573313	0.03938770016	0.05072844509	0.01569710109	-0.03219750406	0.04292779263	0.07002564878	0.07421797396	0.05276085902	0.04629131668	0.06993046573	0.03988927365	0.06523866709	0.027271219	0.02812201743	0.01669908086	-0.0864795517	0.009523003957	0.05497218682	-0.01799273769	0.4037680772	0.0230412056	-0.01514058754	0.03484176922	0.04507881561	0.024253413	0.1621829794	-0.02656972408	0.00446306593	0.01381997326	-0.05376373838	-0.03043717159	0.07472129413	-0.110941073	-0.09169008198	0.06961187338	0.01957055133	0.09494275622	0.003985981665	-0.01152339893	0.01657714862	0.08819608548	-0.1237722945	0.06075045453	0.02470505478
0.02896904894	-0.04673300748	-0.007937310904	-0.0309711183	-0.005863932495	0.004066029795	0.01804725025	0.01631197489	0.0003932800042	-0.01567758277	-0.02440610608	-0.01408680129	-0.02841258008	-0.00674952297	-0.005364721659	-0.03912887211	-0.0215273588	-0.009620451866	-0.05434548383	-0.04980405704	0.02591104959	0.03631979083	-0.04244325374	0.07487523009	0.07913850708	-0.0081974346	-0.01987270356	-0.01458325807	0.003289732787	0.08907863329	-0.01792850874	0.03095931488	0.03922597561	-0.003712394748	0.04937256443	-0.02247818618	-0.01798621498	-0.02960746591	-0.02609753732	0.05000113624	0.0360629445	-0.02814075609	-0.006318200795	0.09375703372	-0.008077016828	0.001117274688	0.06493036423	0.0181795684	0.01360724878	0.01575894877	0.05332928377	0.02073679351	-0.01022795243	-0.005883989686	-0.03470821628	0.08775667601	0.07447813278	0.03779822081	0.006583368937	-0.001548751631	-0.001699522458	-0.004693655341	-0.01058980233	0.03610785137	0.04414917796	0.02525456918	0.00480976307	0.02414280528	0.006514627692	-0.04130176373	-0.03809941348	-0.01625233717	-0.01501602693	-0.03417107358	-0.036342224	-0.01559519694	0.001788227731	0.005473952029	-0.02428985186	-0.02098431713	0.0189804897	0.02187947461	-0.01744237351	0.02237269486	-0.01724410707	-0.01057305682	0.01097113158	0.009410755951	-0.03447559427	0.02508369592	0.03182607922	-0.01308685319	0.005632170438	-0.02282809904	0.01382793874	-0.02252654559	-0.02327973147	-0.002866839917	-0.02772701182	-0.0422340452	-0.03033763927	-0.0284532946	-0.01823345642	-0.01477332857	0.02933921584	-0.04938889358	-0.007701239884	-0.01686484229	-0.05011835444	-0.005996648333	-0.04365706926	-0.02564968382	0.009192794479	0.0008269717828	-0.0305456699	-0.02154938318	-0.0149074186	0.0003990657816	-0.02272086024	-0.01498705614	-0.01998358546	-0.01591514756	-0.0256547729	-0.01154083006	-0.03408669094	-0.008364985052	-0.008964169776	-0.03514437048	-0.005677569897	-0.0145718673	0.00364980237	-0.0152202033	0.005471024974	-0.02226753611	0.004498682531	-0.04942448264	0.02993371098	-0.02106070619	-0.005783669277	0.01148852835	0.03353256624	-0.01081582153	-0.005460696528	0.008283242816	-0.02761874181	-0.02173903758	-0.03071145848	-0.0108929729	0.02107752883	-0.009169394686	-0.02075175641	0.07258315749	-0.01478390933	0.02507215706	0.03496372642	0.05806386068	0.04253002871	0.05154379883	0.05373175925	0.03800375419	0.08824795688	0.03066007331	0.0191686582	-0.01362165707	-0.05201470912	-0.02809529072	0.04123467408	0.003648011058	0.004327988005	0.005021021673	0.02192279543	0.03373679577	0.02271672079	-0.03951010862	0.01400677498	-0.05364237388	0.0130194887	-0.04136288647	-0.05859546232	-0.02557776231	-0.02741543376	0.006452738929	-0.02200027128	-0.04854543495	-0.01674743896	0.03139928932	0.01564939511	-0.02832530546	0.01234807546	-0.01506811856	0.008002608162	-0.0439008889	-0.03566417585	-0.01387278527	-0.04483121611	-0.05819771949	-0.006254265629	-0.03322072059	-0.01366631476	-0.01340147604	0.01482179924	0.01597483685	-0.02836166345	-0.02660114548	0.03624554318	-0.0385327763	0.0230412056	0.462848924	0.06062287857	0.02009900807	0.04151031212	-0.005521733735	-0.02928447118	0.00804200801	-0.001351127766	-0.03182058999	0.0005189934412	-0.006274785777	0.03381829587	-0.04941779357	-0.002689422186	-0.02694167661	0.004977453938	-0.02522208344	-0.0243256311	0.06841044447	0.007022353188	0.005709090498	-0.03549062137	-0.02311554778	-0.005960080677
0.03247685768	0.00620227886	-0.01030234477	-0.008932542972	0.05654548334	0.01376705406	0.02480043281	0.004513850223	-0.01381030556	-0.08696478295	-0.08452943538	-0.08327130423	-0.08213573652	-0.07059813429	-0.08349357934	-0.07863155798	-0.08081846938	-0.08969495631	-0.1134463341	-0.07769324024	0.09545200289	0.127817023	-0.09254000188	0.01603596467	0.0225868215	-0.07668441086	-0.06907336885	-0.0775160034	-0.07129098124	0.01341773373	-0.06054172704	0.07896994417	0.07672574551	-0.07279818784	0.07708043332	-0.07478669112	0.01764938041	0.004622605279	-0.0155396727	0.07557319397	0.08970105973	0.0117754238	-0.06696827687	-0.003857251529	-0.07747808747	0.04151597914	0.08136530612	0.04350353373	0.01080736552	0.07704790996	0.02546367964	0.03071503321	-0.08391040528	-0.06405468119	-0.06781545083	0.01182879847	0.01392936816	0.0889951644	-0.06358285013	-0.0842681539	-0.0596532428	0.06254336038	-0.06314366453	0.1104696871	0.116315765	0.01978573646	0.02107238834	0.002104300311	0.04210613911	0.02380758446	-0.01186761615	-0.005534550389	-0.00737594363	0.003892766771	-0.01270309493	-0.01656572588	0.004371585363	-0.04871397983	0.002782806321	0.003659807117	-0.03113784755	-0.03329070825	-0.02021294448	0.03756490482	-0.03318555365	-0.01810798347	0.009510342986	-0.02343963211	-0.00913653622	-0.06349089592	0.006721789088	-0.03988346413	0.04874984363	-0.02811677308	-0.02974510281	-0.02050902033	-0.03109530845	-0.008890467651	-0.004500181402	0.01688634851	-0.006267291086	-0.01099401197	0.01388273552	-0.004678855322	0.03797697599	-0.03807015177	-0.03376994303	0.04001222761	0.03510478684	-0.0001769176858	6.049743563e-05	0.02665071857	0.05729955361	-0.02091753219	-0.004601420259	0.02190591079	-0.01327920118	0.00753149515	-0.008093297445	-0.02398090484	-0.009762821492	-0.007577440007	-0.02561447426	-0.008356102282	0.005441058159	0.03062423591	-0.06629029816	-0.02629610534	-0.0268012882	-0.02003112332	-0.007513690096	-0.01518358388	0.01072486001	-0.01957820493	0.04316037774	-0.002654071785	0.03508341437	-0.03191470065	-0.01959791704	0.01178970939	0.03860753948	-0.01637047678	-0.01862153846	0.001353179506	-0.006924658091	-0.0107328863	-0.003849028482	-0.03299681198	0.04794695029	-0.02155311071	-0.01001507603	0.05570138843	0.00217401129	0.02137924168	0.02048992478	0.03650671348	-0.01877753906	-0.01774881332	0.01696170807	0.00111191644	0.04499519537	0.01442366037	0.004361063927	-0.001117097726	0.02585691632	0.006807617566	-0.003623312484	0.0468545853	-0.02635574868	0.02128452351	0.03325472752	-0.02864364841	0.03379663863	-0.0200813303	0.02039056518	-0.01443460546	0.0474120517	0.006615931501	-0.008544454499	-0.01920526393	-0.03651062453	-0.02003287434	0.05429837243	0.005768374148	0.004788605573	0.01654034907	-0.004163357402	0.002956471351	0.007511572669	-0.009051928229	-0.008078410075	0.007453677913	0.009268047589	-0.007033294793	0.01955853224	-0.001950340441	-0.0123038692	-0.02886520688	-0.02090235979	0.005490394584	-0.003899729447	0.01845267528	-0.002862550892	0.01115031703	0.05910630308	0.0033319954	-0.01514058754	0.06062287857	0.4067358036	0.1092561441	0.0988111004	0.01536257419	-0.0002916410251	0.001288746237	-0.03547038993	-0.004719743719	-0.001151464375	-0.01949432413	0.07575860838	-0.11308638	-0.06923337183	0.003084472659	0.02462387036	0.02621697531	0.00460129149	0.04829297729	0.02762193483	0.07968646933	-0.1103593435	-0.004472825686	0.03159580478
-0.05278929985	0.0189601088	-0.01893186259	0.001339473487	0.0259616213	0.03278864835	0.04171591891	0.01603345987	-0.07096708962	-0.07329550632	-0.07451531955	-0.0704116273	-0.06837588083	-0.04794975261	-0.03374798834	-0.05637311626	-0.07285840481	-0.06771775463	-0.04129105966	-0.05966267978	0.1920947943	0.2273191998	-0.03624694814	0.02668199756	0.03132957472	-0.0355127319	-0.04962978413	-0.05814492446	-0.02944266233	0.05851549443	-0.04304239639	0.1164243793	0.1667118908	-0.03133378182	0.1472320924	-0.05182088412	0.01333397743	-0.002259408577	-0.02158669638	0.06095975352	0.09253009506	-0.01059257327	-0.04964507573	0.03433728833	-0.03343714631	0.05751734536	0.08981861921	0.07435681419	0.04528544854	0.1975087781	0.04255580055	0.1377486635	-0.04511090249	-0.03933957977	-0.04398455961	0.05502300049	0.03524386525	0.1449665508	-0.03922469885	-0.05102530239	-0.06774398865	0.08996109324	-0.04947550381	0.124571763	0.1868941312	0.1303201214	0.008620009583	0.06061727586	0.02984113979	-0.0007626122703	0.02734813016	-0.02763240088	-0.02306489555	-0.0296100834	-0.04042307238	-0.04568501094	-0.01027825843	-0.02136021707	-0.01774525743	-0.03967665583	-0.0510208784	-0.06111069793	-0.03491354394	-0.02215904586	-0.07239254738	-0.02773377335	-0.0248663232	-0.03884965671	-0.04509417179	-0.003259894724	-0.03334842329	-0.04866485581	0.02284760592	-0.03709591217	-0.0150233373	-0.0563426839	-0.02807878597	-0.03933874659	-0.02905108972	0.03287071577	-0.0321725643	-0.03252510664	0.03300281006	-0.0006624515396	-0.04098149178	-0.01872514805	-0.05237085303	-0.003403819637	0.01798572315	-0.02289970323	-0.01418854975	0.00258051151	-0.01150006631	-0.04656353162	-0.04264696921	0.02169031726	-0.05150678578	-0.04496578873	-0.04307074795	-0.02645748513	-0.04940052645	-0.003799064635	0.00190616918	0.02511935546	0.01715148077	0.05930602823	-0.04923970961	-0.005906228283	-0.04045369151	-0.04751524738	-0.0356568819	-0.02062063518	-0.03942921789	-0.05292765867	0.04911696925	-0.01599535055	-0.007385734643	-0.02874175965	-0.04858816727	-0.002627441994	0.02006882516	-0.006875153144	-0.05395001512	-0.04765282537	-0.040580716	-0.04511811333	0.001706990279	-0.05315753614	0.03012080678	-0.05461231281	-0.004500402989	0.04766804373	-0.02086988155	0.0126364231	-0.03454731541	0.09257073082	-0.000745256039	-0.00857529656	-0.03965047489	-0.0007379704566	-0.01130621841	-0.04522364157	0.01056236253	-0.0359250839	-0.02860281175	-0.03151936077	0.00425801147	0.02350075688	0.03468531435	0.01656991009	0.01551772983	0.006111861144	-0.01152169496	-0.0258130867	0.02576223115	0.01306774228	0.01513648994	0.006590497533	-0.01857485428	-0.06007743138	0.009261724978	-0.03209698148	-0.002476646372	-0.001529854469	-0.05116453668	-0.04970325961	-0.0415501679	-0.02726674233	-0.02521006992	-0.04871337053	-0.03628135565	-0.004179472341	0.02678430178	0.05225325153	0.08116716462	0.05891688358	0.02266389391	0.001136055249	0.04302742464	-0.06274681958	-0.03035210072	-0.02762197182	-0.03631536835	-0.04877365357	0.07271075941	-0.06472429243	0.03484176922	0.02009900807	0.1092561441	0.4432809279	0.1736997337	-0.02166009875	0.001215015781	-0.04626046103	0.0003999094549	-0.0008069882053	-0.02887951717	-0.03244766893	0.1804881814	-0.03467631963	-0.03235809217	-0.01415742947	0.01356408689	-0.01413400825	-0.04091002483	0.06413554191	0.02237677001	0.1256472866	-0.04824509731	-0.02175249659	0.002623854282
-0.05023595304	0.003199513203	-0.0472590954	-0.05604749717	0.01507590678	0.03883381053	0.0625383526	0.03744755398	-0.06128693544	-0.06365624377	-0.06607535913	-0.06325823154	-0.06305293818	-0.07031441071	-0.03028465193	-0.05186963978	-0.06804359507	-0.06763244051	-0.000914517439	-0.05824960136	0.2203021872	0.2352385811	-0.02574858848	0.06465373175	0.07348986064	-0.05095497546	-0.07360559578	-0.06831305851	-0.05104868916	0.08341902245	-0.06059178833	0.1079385484	0.2131034018	0.001736455788	0.1349374866	-0.06343274051	0.01803158236	0.001703396882	-0.01330739882	0.08539933983	0.09698056356	0.08469705792	-0.04336940911	0.06254938224	-0.04165245349	0.1275309083	0.0809778685	0.06611449063	0.08931764715	0.283881393	0.08928549037	0.09226523826	-0.0544626689	-0.06204187553	-0.06402786265	0.08758164655	0.07390568208	0.1916653344	-0.03741554826	-0.0477316451	-0.05739301205	0.1953617043	-0.0524120954	0.1391865427	0.1494183412	0.1080658983	0.024285727	0.06456332865	0.04129987963	-0.02283584184	-0.04503157931	-0.07045323393	-0.07190730724	-0.03729713093	-0.05457948145	-0.06279945691	-0.0231512151	-0.05045340958	-0.05432367282	-0.001266998353	-0.02343281906	-0.0135720144	-0.07028051706	-0.03934533743	-0.06203062733	-0.04926188452	-0.05859485586	-0.01352319091	-0.02660725698	0.03881172717	-0.05514084104	-0.01428165601	0.03088839978	-0.03550452619	-0.03557790183	-0.02336641982	-0.02781319853	-0.0424718042	-0.04411700523	-0.02694768452	-0.01476928979	-0.04414022168	0.008590822428	-0.0454528044	-0.02105012248	-0.007657256042	-0.009899638099	-0.01437906297	0.00359498238	-0.01478394252	-0.06549659095	0.09296559719	-0.001303230355	-0.06422398443	-0.08899434489	-0.01778941608	-0.03517419979	-0.05606402531	-0.04146038454	-0.03839966536	-0.02910379206	-0.02545359524	0.01377009287	0.02258125841	-0.003128128125	0.05084803052	-0.04361592163	-0.03738271075	-0.003903212292	-0.002377812365	-0.04261956093	-0.009687857011	-0.06185007379	-0.06171476267	-0.01238933054	-0.04029685594	0.004194658691	-0.02629030811	-0.01964577762	-0.03591758037	0.03567254081	-0.02208885705	-0.05499693061	-0.0256392117	-0.03510222619	-0.04149099017	-0.01036156654	-0.06489837095	0.04966417228	-0.05435363895	0.05821873553	0.03056497438	-0.01570864696	0.02428577341	-0.02500361924	0.04435741066	-0.0003941829928	-0.002822332892	-0.02081473458	-0.00751837427	-0.0177056903	0.01512019868	0.02859147847	-0.07210175831	-0.06126417782	-0.01881651481	0.04310368243	-0.00639724835	0.01295871795	4.951878464e-05	0.005206262758	0.03303511461	-0.03203351317	-0.05300040652	-0.01160300485	-0.004894160107	0.002210671482	-0.01997513782	-0.07327166298	-0.07645013413	0.001664907119	-0.03577127549	-0.05596598908	-0.05636539383	-0.04507969015	-0.07493042265	-0.04476462302	-0.04439797065	-0.001358820673	-0.06465221155	-0.02369340344	-0.07423309375	0.002756729133	0.005335524063	0.004809000852	-0.01912165288	0.01209560379	0.01474079549	0.02234152561	-0.05053370079	-0.03673184855	-0.03336617486	-0.01114848413	-0.03678665613	0.08412901172	0.02820357801	0.04507881561	0.04151031212	0.0988111004	0.1736997337	0.4988697269	-0.005139001634	0.01142181043	-0.02711728448	-0.003446784771	-0.04977654977	-0.02564819655	-0.03649200508	0.2832482919	0.01202539448	-0.001134558622	-0.03339769665	-0.01455733381	0.04995380618	-0.06946299613	0.02562839566	0.001904129017	0.1123164716	6.177588156e-05	-0.03309221327	-0.01092614989
0.0697181711	0.03540203244	0.0782158525	0.07462575682	0.01816160295	0.1278981647	0.05231291442	0.06011147112	0.1129394022	-0.1714655815	-0.1654695788	-0.1700604805	-0.162934249	-0.1736767204	-0.175735111	-0.1562175684	-0.171098747	-0.1724403529	-0.167263906	-0.1533844356	-0.03952838993	-0.0319523199	-0.1761551009	-0.07986710055	-0.07857714368	-0.1783474618	-0.1799791584	-0.1663578059	-0.1766684391	-0.07839505574	-0.1701863644	-0.05954500894	-0.01730804911	-0.1221479016	-0.04605567315	-0.1715202373	0.1049163167	0.04684481204	0.07450876426	-0.009195306532	-0.009071392436	0.02496494881	-0.1829781801	-0.04565757211	-0.1748427526	0.02835184254	-0.06838162315	-0.02003062573	-0.07581608631	-0.03747017869	-0.06439106353	-0.02567439926	-0.1769303097	-0.1711560498	-0.1551883515	-0.08438124187	-0.07485805594	-0.03496537572	-0.1853885924	-0.171524212	-0.1710775302	-0.02289338843	-0.1798858783	-0.04710212735	-0.05575893146	-0.02409646367	0.02769239007	0.01336112397	0.04744391521	0.06911667962	0.05889719071	0.0451707161	0.04332609859	0.05082331895	0.05733760524	0.092064347	0.01383902799	0.004992967352	0.1499496619	0.08207059433	-0.007985287778	-0.001165456154	0.07226180885	-0.02582996287	0.01749353852	0.1020612797	0.08000617655	0.03376033928	0.04750766486	-0.05872878173	0.07604821828	0.03367580937	-0.006487391494	0.1132709411	0.004198786251	0.02934607346	0.01484136223	0.0580353406	0.08234654018	-0.002370764307	0.0560037006	0.07215061654	0.08223615339	-0.01735206513	0.04490313218	0.03505580459	0.02159650707	0.1156273241	0.03687713688	0.1160676232	0.05095928558	0.03710118966	0.07681197135	0.03962459608	0.05199110817	0.04752714037	0.01930808452	0.1524676477	0.1688127053	0.002466948727	0.04521109567	0.07380843305	0.04139216664	-0.0418133682	-0.02810257489	0.06293939125	-0.1792785707	0.157219748	0.03611409812	0.01894372898	0.05216511456	0.03857017354	0.05233459172	0.03508380222	0.01464573243	0.06663626725	-0.03194394768	0.01392266418	0.04345808005	0.04016912654	0.02893433526	0.08441631551	0.0132351094	0.2787370138	0.1734749719	0.1670373405	0.07884038155	0.001853255346	0.0355245394	0.02607088135	0.04271389213	-0.05100539686	-0.06743286017	-0.05933309588	-0.08802080872	-0.03331253203	-0.101723153	-0.08594649497	-0.04960000756	-0.07261077081	-0.0761637547	0.0389450934	-0.05660205061	0.09683399399	0.08789987377	0.0402266088	-0.09046350157	-0.0255666194	-0.09741965347	-0.06350806523	-0.04372999952	-0.07470762013	-0.06815341181	0.03756910739	-0.03278948962	-0.01749882573	-0.03699635104	-0.004627787995	0.1080876821	0.01790583234	-0.02350067637	0.0355076386	0.01321026581	0.05002086962	-0.02767358809	0.05634443601	0.02244185373	0.08717702475	0.3133391082	0.08817102317	0.05938589494	0.07372932295	0.01797246166	0.01688558584	0.02192757528	0.03319548611	0.0633922295	0.01655716701	0.006415740796	0.04901813502	-0.006611960613	-0.01958064537	0.06253181822	0.08163428797	0.02326295754	0.04158099133	0.024253413	-0.005521733735	0.01536257419	-0.02166009875	-0.005139001634	0.3645438234	0.04249426107	0.1037464937	-0.03522836929	0.07054255457	0.02567760763	0.02798296898	-0.03271391316	-0.1546867899	-0.1212830195	0.0526423489	0.07385414433	0.04721651437	0.1032607311	-0.06427764087	0.08467356134	-0.01351711514	-0.1664548966	0.1235970741	0.07520286945
0.02871587607	0.08825423783	0.05317679938	0.05183298986	0.09130952905	-0.03477970825	0.0607020603	0.1267783475	0.01803414391	-0.1738353932	-0.1648353466	-0.1729920166	-0.1622989078	-0.1577490596	-0.1593143395	-0.1613168809	-0.1746265637	-0.1655757454	-0.1646011344	-0.1571439127	-0.02161923054	-0.02514564657	-0.1558650751	-0.05404227264	-0.05191331411	-0.1597170472	-0.1653456952	-0.1609501742	-0.1594250969	-0.06799754249	-0.1522092718	-0.01651501828	0.05501823005	-0.1231991931	-0.005546267216	-0.1588959094	0.1079329438	0.1155340815	0.1543836219	0.0293316949	0.03972671795	0.09436122095	-0.1793834282	-0.06026072374	-0.1706944292	0.02205838687	-0.03676171162	0.06050370814	-0.04379919112	-0.001672142169	-0.04619440238	0.02171260991	-0.1664896278	-0.1595357503	-0.1576959084	-0.06843886032	-0.0569700761	0.01479639807	-0.1805367208	-0.175627426	-0.1635373116	0.02411105262	-0.1602050948	-0.01619891185	-0.02812023978	0.01975939157	0.08810100607	0.08904063793	0.2403807369	0.1842545028	0.0910364291	0.04224175191	0.04618003383	0.0461066568	0.06532865876	0.05379777365	0.02567698007	0.005249359422	0.08122947015	0.1178557721	-0.0340342988	-0.02183033351	0.01576593839	-0.03571899612	0.03707991727	0.03116163773	0.04544449276	-0.04118972925	-0.01249135448	-0.06889823209	0.03083741631	-0.003308448865	-0.04329989649	0.1243995988	-0.03940575942	-0.01844180503	-0.03382637005	-0.0282429487	0.09702893589	0.00154013311	-0.01674491271	0.1034481187	0.1249895452	0.01828456628	0.08930157693	0.01053786444	0.005189043318	0.06039289387	0.07153834655	0.01639457936	0.08699928356	0.08971452074	0.04338588934	0.03081276936	0.05467005095	0.009647715973	0.01645581628	0.05810650634	0.07509104171	-0.03925647565	-0.0243044456	0.01535500623	-0.008209926985	-0.04843171453	0.03588774907	0.04876380283	-0.1754054538	0.05675940148	0.0007064912247	-0.003822753393	-0.02490442523	-0.05260405373	-0.001742844998	0.01474811427	0.02088063287	0.006730390624	-0.04204240933	-0.03577266146	0.02246567285	0.02076668251	0.1687580015	0.09285435923	0.0195130018	0.04296331518	0.0836123922	0.08081256623	0.1974540622	0.01100046	0.1689020652	0.0005220455641	0.03525036623	0.03195618725	0.02797078418	0.02771467642	-0.01708635855	-0.007915891786	-0.00797392639	-0.05035521728	-0.01866177432	-0.002968455491	-0.0144484557	0.06713730212	-0.04450452281	0.03187164233	0.07850490802	0.001562124604	-0.06782339927	-0.01960044838	-0.102804634	-0.05567378488	-0.05144663174	-0.1281405475	-0.02103116963	0.07357933721	0.006689495796	0.005944686222	-0.03875227238	0.03039594636	0.05220894824	0.0643628804	-0.0404890153	0.03388297914	0.04494599931	0.0478313339	0.02591529928	0.01873035588	0.02639528688	0.08102924488	0.04661871895	0.05122716512	0.004299197527	0.07582996031	0.05063411333	0.02321944378	0.0610988598	0.03195180148	0.03504232122	0.06078944243	0.0001007081554	0.03419269203	0.0159422	-0.003869460996	-0.03497635812	0.04412445942	0.06939607785	0.004294426086	0.1621829794	-0.02928447118	-0.0002916410251	0.001215015781	0.01142181043	0.04249426107	0.3422184735	0.01294404838	-0.02660505977	0.02312526957	-0.01882132397	-0.01019297449	0.03344381007	-0.1658960101	-0.1156136699	0.07265191102	0.03686598863	0.07851681959	0.04259755037	-0.04356412246	-5.572132867e-05	0.07837854937	-0.1694164706	0.06766772425	0.02121795211
0.117549277	-0.007608460412	0.0611121236	-0.001059492385	0.0116715905	0.02403975171	-0.01336908137	0.02544955677	0.04554917578	-0.1434476044	-0.141829285	-0.1444130794	-0.1372674145	-0.1534882969	-0.1544004283	-0.1321728229	-0.143037701	-0.14853303	-0.1519190158	-0.1320335015	-0.03082925118	-0.03351670845	-0.1499973129	-0.02843729633	-0.03800663185	-0.1573884063	-0.1511017321	-0.1516628948	-0.1542200283	-0.03830837373	-0.1510596931	-0.03860558301	-0.0405918402	-0.1002204596	-0.04463070894	-0.1540644105	0.05320655101	0.03400795258	0.02499839622	0.0008815483907	-0.03742388561	0.03519998693	-0.1540951577	-0.02993022957	-0.1539946629	0.01748487603	-0.05068124539	-0.002340727812	-0.02450193121	-0.02892113149	-0.03636792168	-0.04808160918	-0.1573839805	-0.1512316022	-0.1473381187	-0.03990870236	-0.03297229056	-0.03217081031	-0.1507780178	-0.1480633298	-0.1409658359	-0.00757638021	-0.1505606309	-0.03938324546	-0.04724224994	-0.06062410751	-0.006490120651	-0.02430037229	0.007971170559	0.03487841099	0.01004198009	0.02323508973	0.02600614187	0.06278991605	0.05714355494	0.1214961348	-0.002233220425	-0.04299811307	0.1338425931	0.02142015572	0.07999112873	0.05470484101	0.08362678177	0.0214641656	0.06387040945	0.1167139447	0.0770307277	0.03849363365	0.07235497163	-0.03990685832	0.1619117411	0.04631999464	-0.06129341718	0.04498516575	0.02662310589	0.05315720137	0.0141263613	0.09984778774	0.08360709376	-0.01273085559	0.08589282275	0.0314009403	0.01659436468	-0.05848573941	0.06511631479	0.03421249053	0.04720636205	0.03718350461	0.02437474535	0.1591268127	0.04792534822	0.0378057573	0.008147419091	0.05209170207	0.07774316828	0.006492280296	0.01851825342	0.1312715351	0.1507201602	0.02138225941	0.06718923757	0.03969214338	0.01043195401	-0.0065082016	-0.06174562805	-0.02876421361	-0.1507798089	0.08945475395	0.03181096824	0.03318891256	0.1062508046	0.01675733516	0.0663695222	0.07829938785	-0.02452668113	0.05874024847	0.0158384114	0.01627682635	0.06639920019	0.01997704463	0.05651343515	0.08698076928	0.07966839473	0.09731330405	0.1473820122	0.1597500278	0.0161353518	0.05411338095	0.03138270992	0.09203964472	0.01722338471	-0.006026713019	-0.02155684962	-0.01307868299	-0.05056047599	-0.02736176119	-0.05869132704	-0.06704727916	-0.02755264738	-0.03360870246	-0.01405811438	0.00648030633	0.07535098099	0.109566342	0.04691248217	0.08064896256	0.001112419748	-0.02097777726	-0.08253747693	-0.02333412336	0.0007319381507	-0.0257616302	-0.03049984637	0.003373944138	-0.01202202329	-0.03123910148	-0.002695976749	0.005628476067	0.0959733469	0.06223410902	-0.0438523649	0.04583944539	0.03211545484	0.01922706726	-0.01365998581	0.05210566178	0.001373969442	0.02344397002	0.119770651	0.1215364966	0.09758146853	0.02103661057	-0.01665764847	-0.04840299711	-0.01812701331	0.02598283266	-0.00272012425	0.01847405515	-0.05110397457	0.04902497653	-0.02141825066	-0.02123040306	0.07883089389	0.07247572069	-0.008711558266	0.03974648019	-0.02656972408	0.00804200801	0.001288746237	-0.04626046103	-0.02711728448	0.1037464937	0.01294404838	0.3976257353	0.01941323957	0.02690690903	0.07931464867	0.07661271915	-0.04360625378	-0.1379949193	-0.1010048056	-0.009413018858	-0.01547454351	0.03736214362	0.08621333156	-0.03196808492	-0.005836106407	-0.03322437563	-0.1463974381	0.02352731439	0.003116627672
0.04039475342	0.04822207711	-0.03092988809	-0.007611922836	-0.03334794117	0.008150938469	-0.01349795863	-0.04205645784	-0.02424326536	-0.0951532772	-0.09048790689	-0.0941962766	-0.1006579183	-0.09052440845	-0.09188691851	-0.1027667211	-0.09481503279	-0.09689926532	-0.0769576642	-0.1021242337	0.01752452181	-0.01278055162	-0.07176780331	0.03688056615	0.04338176358	-0.09475494415	-0.09384588562	-0.1077081106	-0.1011321496	0.0315846639	-0.09088583653	0.002345589109	-0.02748870011	-0.0587055554	0.0005265520088	-0.08608138172	-0.04725583179	-0.05392627251	-0.04890936565	-0.04677092468	-0.0222234992	-0.03936820914	-0.08378937472	0.01870882118	-0.1035748393	-0.03879743277	0.004176633879	-0.004335315354	0.04367035749	-0.006785222934	0.01642930015	-0.00333104357	-0.1038701548	-0.0877863155	-0.107731338	0.03053856952	0.03357189183	-0.007958823431	-0.09297871984	-0.09204488196	-0.09907645981	-0.0007642016202	-0.09554954393	-8.456379598e-06	-0.01682630922	-0.01220355963	-0.04246274727	-0.01143990893	-0.03285228206	-0.05871306872	-0.01634006052	-0.01796724591	-0.01679904221	-0.01229535324	0.0009711248169	0.0390618	0.05138063256	0.03209296288	-0.04260677395	-0.04596877107	0.2112287415	0.1565638627	0.0786855069	0.0144637993	-0.02250454891	0.09575682263	0.03381264603	-6.671819384e-05	0.04880175609	0.2326544015	0.05368939824	0.1103343139	-0.01386677945	-0.04279741255	0.03469636489	0.07561354282	0.02582222013	0.1511254023	-0.0263207504	-0.01044037118	0.09966075846	-0.02569009039	0.008638661569	-0.0003974245585	0.01330306527	0.1223042599	0.1323562054	-0.03710072109	0.03417314801	0.02474577332	0.06138404547	-0.03475412216	-0.04569928628	0.01388205077	0.09361308131	0.05883816264	0.04767255715	-0.009108859737	-0.03019331782	0.02091968547	0.05066796979	-0.001470207599	-0.007079032566	0.05957616656	-0.03435814435	-0.01304878054	-0.08177425632	-0.005141025227	0.1185979286	0.1438930469	0.1630646692	0.00290875928	0.1129008927	0.1027903097	-0.01163583585	-0.009672355795	0.004631750487	0.02061149033	-0.00463849895	0.04069042493	-0.03273340084	-0.03363001629	0.08659142154	-0.05450838202	-0.0228721379	-0.03081307151	-0.05248161545	-0.003295367544	-0.01006144066	0.09549962159	-0.002462731601	-0.06894941567	-0.008568668996	-0.01835998093	-0.02732723317	-0.03044044865	-0.003796857323	0.01491982712	-0.03914812627	-0.009834365479	-0.03085173983	0.04001719312	0.05706318146	0.08996707747	-0.03573620604	0.02445478494	0.03796396901	-0.02301265548	0.03741704271	-0.01865512287	-0.02271964587	0.04793267972	0.0868343716	-0.03727986724	-0.0105977159	0.003846860545	-0.01127055535	-0.02616674567	-0.06199423579	-0.002491624783	0.1467776676	-0.01993272862	-0.04868928331	-0.04619553244	0.03473877563	-0.03649091177	0.03281518559	-0.01764559037	-0.02461120746	0.02078897711	0.06515420536	-0.0432015346	0.05341636357	0.04673570095	0.0234944093	5.224970682e-05	0.01908746215	-0.02629708831	0.05605921922	0.008866674853	0.04130685174	0.05240937805	0.01671353729	-0.008920870281	-0.0402992034	-0.0005345724747	0.00446306593	-0.001351127766	-0.03547038993	0.0003999094549	-0.003446784771	-0.03522836929	-0.02660505977	0.01941323957	0.4436692639	-0.01940379958	0.1580947836	0.1920484725	-0.01271286759	-0.08605763639	-0.07439346645	-0.03063509063	-0.01821932294	-0.03511187723	0.01583670012	0.0118667311	0.01324404748	-0.03422842446	-0.06890152398	-0.0262830711	-0.00934348945
0.0694297703	0.02846470441	0.07301012286	0.1623931226	0.05035253919	0.03703238221	0.02560108098	0.0353511877	0.08983440085	-0.1907771342	-0.188883617	-0.1924492901	-0.1798802403	-0.1887182407	-0.1973419382	-0.1789980667	-0.1922390875	-0.1908069286	-0.192888343	-0.176510612	-0.05345344632	-0.04511021807	-0.1837810733	-0.06825948007	-0.07147667635	-0.1849066321	-0.1881501654	-0.1900385982	-0.1901781856	-0.06619868368	-0.1803980333	-0.07628912062	-0.02921360324	-0.1449876797	-0.04154326358	-0.1807829122	0.02543945326	0.03558656268	0.06013919148	-0.03147626951	-0.03326743337	0.003962254899	-0.1997115125	-0.0700556014	-0.1929257794	0.009760618596	-0.07618878648	-0.02275029348	-0.07380385218	-0.06282729774	-0.05031840438	-0.01931473958	-0.1904369284	-0.1882324659	-0.176802576	-0.07720030482	-0.07137200637	-0.05238782659	-0.2044704147	-0.1933531922	-0.1913446195	-0.01461789059	-0.1903049181	-0.04662508018	-0.04794235923	-0.02597804259	-0.001075235185	0.002097657505	0.03477551225	0.05405997504	0.1370326757	0.09792524147	0.09291728326	0.07207594336	0.01393757472	0.08278267037	0.001843359472	0.02819911836	0.05557522131	0.06813967635	-0.01895742259	0.02008546853	0.03617656401	0.02892972114	0.05638213676	0.06618292866	0.05221878386	0.05131414964	0.05986926123	-0.01176133498	0.0301165247	0.09193616386	0.05456893523	0.08275882616	0.04931117754	0.09420914392	0.1084211105	0.03866328122	0.07245894092	0.1772518456	0.02445524603	0.1141176109	0.03243034572	0.1139772086	-0.00534553122	0.05860484226	0.08118878336	0.03492512795	0.007006927994	0.08077029553	0.1244870805	-0.002248758725	0.01928143959	0.04467107491	0.04474327932	0.06671858976	0.102833472	0.08701552198	0.04073968291	0.08926201189	0.08123793422	0.01723982933	0.0509877935	-0.03409601037	0.05812721319	-0.03191505378	-0.1957531013	0.1038697728	0.09011468005	0.06091218936	0.03600819966	0.09404888863	0.06780557032	0.00692286089	0.08361180774	0.2048867175	0.03725755113	0.1147175298	0.0003216111123	0.02473735206	-0.01466156798	0.03472764446	0.02678862872	0.04069000345	0.04199471856	0.03548287483	0.06907362205	0.04715935883	-0.01172058015	0.02703064794	-0.01097392852	-0.03207869037	-0.05273980938	-0.05525859041	-0.04538017491	-0.04671377799	-0.07438980722	-0.09304370735	-0.05126561903	-0.04434575579	-0.05688948638	0.008042404361	-0.07349227461	0.06878104635	0.09158497936	0.1285790569	-0.1007034572	0.04389056704	0.003744196134	0.007251801966	0.02205932959	-0.05041335662	-0.0005782948852	0.09747479862	-0.01711749249	0.1550460151	0.03430270447	0.08840392989	0.09455052194	0.09477215086	0.0186940209	0.06777903164	0.1297650085	0.1911466824	0.06583868724	0.08884014753	0.08890836562	0.1132465888	0.06402301583	0.08635328063	0.0006469513663	0.1032151531	0.01217747166	0.04074494811	0.04927756854	0.06978654628	-0.01800159905	0.04335092867	-0.02802542512	0.02894214517	-0.03529655893	-0.02553645834	0.04598846235	0.01692062357	-0.002230379035	0.05005864233	0.01381997326	-0.03182058999	-0.004719743719	-0.0008069882053	-0.04977654977	0.07054255457	0.02312526957	0.02690690903	-0.01940379958	0.2986433592	0.03308231864	0.01627565661	-0.05691724347	-0.1781547668	-0.1439508391	0.05071638147	0.07105110551	0.01559243897	0.1020525951	-0.0748668962	0.02744083095	0.02119193607	-0.1821050294	0.08406374459	0.04225089905
0.1195183016	-0.04679179494	0.01799588997	0.01275442881	-0.009519480624	-0.04148510056	-0.007341689961	0.01285770842	-0.01425097517	-0.1469885343	-0.1433820181	-0.147923511	-0.1387702241	-0.1523597425	-0.1580139153	-0.1344702543	-0.1469754528	-0.1491939444	-0.1422243026	-0.1332718285	-0.0324805053	-0.02944710453	-0.1332600638	-0.04421634616	-0.05030402735	-0.1525234228	-0.1496696772	-0.161476683	-0.156512918	-0.0502085052	-0.1470006386	-0.05267716086	-0.04255986292	-0.10548583	-0.04670910787	-0.1461799438	0.01132184731	0.01146289476	0.00169911619	-0.007301098897	-0.02363238115	0.02336940568	-0.1600754986	-0.03996541248	-0.1578043394	-0.007648763556	-0.0454350817	-0.04890996497	-0.03154082769	-0.02576551458	-0.05068176671	-0.03900131497	-0.1604170309	-0.1496332365	-0.1438247403	-0.05243841743	-0.05307721546	-0.03543116593	-0.1639984609	-0.1555364994	-0.1507628414	-0.003007704832	-0.160187276	-0.02271530191	-0.03414982565	-0.04442200065	-0.05780644514	-0.04821645624	-0.0136392489	0.007345838754	0.01171073205	0.01347648791	0.01424024428	0.05177819893	-0.009495291878	0.08876053256	-0.04297447364	-0.04707428685	0.002845898759	0.003129961331	0.1465075061	0.1118530128	0.1701443097	-0.02144870006	0.07231792615	0.1781352422	0.02565414072	0.1005164404	0.1735233197	0.00667778018	0.1208189845	0.1183208234	0.03927349419	0.007863675754	0.1151249435	0.1299939144	0.109143005	0.2313199589	0.03139332367	-0.03541682373	0.2288036676	0.008688649229	0.009115486409	-0.04188295234	0.009421906447	0.1931842982	0.1007811685	-0.03295496075	-0.04766491605	0.01540651569	0.1085676394	0.03306046363	-0.02300239353	0.08777598077	0.1634588479	0.06464003156	0.0961497943	0.0502711847	0.00738643725	0.09287418702	0.16204692	-0.02973899149	-0.05946473212	-0.06653435815	-0.06368072748	-0.0580534163	-0.1560702974	0.003785195979	0.1052397585	0.0947415435	0.2348017492	0.1381393454	0.1952705937	0.190384535	-0.01256002795	0.06122857874	0.005098560472	0.1082037258	0.1019099941	-0.03144310788	0.01693845033	0.01613924022	0.1742090736	-0.01831389292	0.008100540158	0.0009395378095	-0.00148543598	0.0521967366	0.05381091552	0.1831398724	-0.01177851529	-0.03428587527	0.002423716263	-0.02189099066	-0.0305395743	-0.05422517245	-0.06318456757	-0.06524639893	-0.04933618518	-0.008357527877	-0.02003171995	-0.01011950911	-0.03005156845	0.1609414924	0.024210004	0.1306082425	0.008265806963	-0.02304370754	-0.04869563971	-0.009749438605	-0.01442752389	-0.04392049165	0.04135407298	0.0127118764	-0.04500918485	0.007960531788	-0.0124715119	0.04310832169	0.001122854774	0.0826654536	0.05321586972	0.03263028285	-0.002202865457	-0.004193703989	-0.03410121703	0.03967461741	0.07654590948	0.07514791513	0.03957658664	0.08766406467	0.13527574	0.001631030789	-0.01929402816	-0.01282023492	-0.01121453414	0.007690177538	-0.0345545182	0.02609189688	-0.0305799947	0.02374210957	-0.05500789228	-0.02846016358	0.04385594521	0.02526854475	-0.01656507617	-0.005179091536	-0.05376373838	0.0005189934412	-0.001151464375	-0.02887951717	-0.02564819655	0.02567760763	-0.01882132397	0.07931464867	0.1580947836	0.03308231864	0.3605362213	0.168309921	-0.03494994976	-0.1262095192	-0.1077961393	-0.03511737143	-0.02935517094	0.03819680629	0.06153786555	-0.03995215479	0.0068699816	-0.01858113525	-0.1302960676	0.03942871407	-0.02269098289
0.06768042294	0.001544234254	0.02311585738	0.009555439366	-0.02465026314	-0.00461800124	-0.003466286556	-0.01123792198	0.03461851862	-0.1286478756	-0.1245789842	-0.1294327082	-0.1229857317	-0.1299219941	-0.1380453315	-0.1213209389	-0.12946057	-0.1325996408	-0.1321023686	-0.1199152938	-0.03596365107	-0.03804457684	-0.1216614712	-0.02016009274	-0.01903944943	-0.1328348082	-0.1294247496	-0.141122479	-0.1304754313	-0.01868852319	-0.1309467503	-0.03411242894	-0.05261885726	-0.1039224222	-0.04096295179	-0.13436248	-0.002475950518	-0.008490849647	-0.006015445052	-0.01320127836	-0.02960021542	-0.009189177543	-0.134294463	-0.01951989987	-0.1388393328	-0.02293046483	-0.0213048518	-0.04275345843	-0.002926159085	-0.0313061894	-0.01854606668	-0.03544755961	-0.1416424296	-0.1290982332	-0.130741423	-0.02196511879	-0.02105933554	-0.03348517269	-0.1403373464	-0.1358629201	-0.1343150048	-0.01414936192	-0.1347195708	-0.01702936665	-0.03438258472	-0.0425377095	-0.02476985099	-0.03786261446	-0.005314910855	-0.02051330716	0.01539539607	-0.01303912405	-0.0116155645	0.04128255067	0.02704957178	0.09071891409	-0.004153365229	0.003206976161	0.003792927496	-0.002285452438	0.1417566108	0.1304612632	0.1444071471	0.004744630804	0.1004264148	0.149758402	0.06902914195	0.06385582367	0.09538510638	0.03928623585	0.1047879357	0.09674291016	-0.01462603357	0.000102430261	0.05972371842	0.08868590349	0.05726250264	0.1716588632	0.01626441398	-0.02232131774	0.1442786187	0.006039985407	0.007446396439	-0.03967792464	0.02583298783	0.1293574821	0.08102075749	-0.03364122759	-0.01246860943	0.05033005201	0.1006503488	-0.004961324266	-0.02077707908	0.07616994276	0.1286548128	0.03354278107	0.103028694	0.05792002437	0.01484010777	0.05611635349	0.08546502318	-0.005003857599	-0.01663419052	-0.02950696727	-0.02769970892	-0.02644384908	-0.1306053336	0.03202748878	0.07715201723	0.08254471027	0.175597021	0.05795809507	0.1486488456	0.1491604023	-0.00971518958	0.02379824845	-0.01309841422	0.05605980822	0.05206750127	0.00876317418	0.003855699217	0.02846605612	0.2101482284	-0.001127009447	0.01792091298	0.009426519621	-0.007675205887	0.06922211028	0.03049705814	0.2191162463	-0.01456726484	-0.04002879183	-0.01349078833	-0.01192011081	-0.0376784899	-0.03328571403	-0.04190153167	-0.02959109519	-0.03131949148	-0.03646615518	-0.02934956993	0.00215313087	0.00632033422	0.1543738192	-0.004355928526	0.05348876779	-0.02629588924	-0.03049967076	-0.03794628504	-0.02122010584	-0.01460488055	-0.01388346709	0.05897958365	0.006129387047	-0.009499423346	-0.006656009596	-0.02138091996	0.006184413444	-0.006294738548	0.05628854594	0.06475477644	0.03289761491	-0.01951739347	-0.01808622053	-0.0005331173606	0.02228793055	0.06344927133	0.03380144269	0.02968494905	0.07478325501	0.09773193319	-0.0126795673	-0.007444608536	0.01280078581	-0.01240728681	-0.0007636033321	0.00498349599	0.01667800813	-0.009621215232	0.02420257909	0.01052160458	0.004457855477	0.03376861564	0.0275518484	-0.02470251217	0.006168655815	-0.03043717159	-0.006274785777	-0.01949432413	-0.03244766893	-0.03649200508	0.02798296898	-0.01019297449	0.07661271915	0.1920484725	0.01627565661	0.168309921	0.2555949767	-0.04919609263	-0.1243198152	-0.1039674866	-0.02210708116	0.008570714029	-0.002554541834	0.07766281138	-0.01273085869	0.01841180635	-0.03572751471	-0.1209228607	0.02729595525	-0.01274694786
-0.05919016326	0.008345491733	-0.04038750726	-0.04922407037	0.01583696612	0.02949322521	0.0745108111	0.070668147	-0.0754727812	-0.03753284706	-0.03861738753	-0.03736344467	-0.02644142123	-0.04301311826	-0.01517251461	-0.02483428668	-0.04079889119	-0.02983245669	0.02157131926	-0.02786417884	0.2490503776	0.2781594781	0.004825402765	0.0359369756	0.04829293135	-0.02672665449	-0.04563738751	-0.04231615035	-0.02132241163	0.06000894662	-0.02965416636	0.1150205911	0.3119418964	0.02089672908	0.1791859075	-0.05403138252	0.05543309441	0.03868569469	0.02111203738	0.09943576629	0.1373073381	0.1199050063	-0.01683462552	0.04664475203	-0.03521291353	0.1961541549	0.06068483828	0.123415125	0.05513965796	0.2550472924	0.05838979595	0.1233061203	-0.04494300224	-0.03749755456	-0.03531908496	0.06083293463	0.04550911064	0.2468848205	0.01281000791	-0.009669505069	-0.03394168304	0.166981436	-0.03948862474	0.1376887382	0.1617876574	0.1033448061	0.04159989988	0.1103566669	0.0693501924	0.01032728141	-0.03454149958	-0.0614263228	-0.05960011903	-0.0269243815	-0.05697621696	-0.06927987266	-0.01968093658	-0.05976810894	-0.05783244669	0.01538936502	-0.0302880236	-0.04229116805	-0.06695164608	-0.0676975993	-0.07879311612	-0.06122388013	-0.05769363052	-0.06271879619	-0.0589327057	0.008509021003	-0.06179720889	-0.04065507105	-0.01247355413	-0.006376192485	-0.07553391084	-0.04742510799	-0.05301283176	-0.05792032381	-0.04993553761	-0.01520206279	-0.05266818978	-0.03537708816	0.03614858566	-0.04418020068	-0.0132515224	-0.005274102939	-0.0353574872	-0.009912238724	0.02177850009	-0.06450104344	-0.05369577646	0.1041375979	-0.01585721325	-0.08442869152	-0.07085817537	-0.01230700928	-0.05776671674	-0.06297395843	-0.05858011892	-0.07551738497	-0.0670246924	-0.01913919645	-0.03091314464	-0.01580863645	-0.03060406764	0.0320548777	-0.01702796411	-0.04142615355	-0.02834244895	-0.0145518584	-0.0547173959	-0.05864168983	-0.06081956749	-0.05766363915	-0.01203973441	-0.03457012176	-0.01047253018	-0.05157086056	-0.03842725781	-0.05100393148	0.05027047425	-0.04924863953	-0.06793042443	-0.05050159874	-0.05294118964	-0.05937115711	0.01657783508	-0.08580585319	0.05847237146	-0.06665239713	0.01686169969	0.01015774991	-0.0341737671	-0.002462211533	-0.05196990894	0.06712965613	-0.01453305256	-0.03888657439	-0.05583065307	-0.01709267021	-0.02910115465	0.01239975216	0.02661796497	-0.06442514968	-0.03749731726	-0.03388064323	-0.01213218442	-0.01777775697	-0.01691938499	-0.02304816479	-0.0194837492	-0.02632308838	-0.04082875393	-0.03509241094	0.004543619605	-0.02821532133	-0.01647825561	-0.04064418112	-0.05767113377	-0.06966723923	-0.02282671697	-0.08024943118	-0.02530031529	-0.04828165444	-0.06530851201	-0.07064385942	-0.06010984451	-0.04653406528	-0.02274630075	-0.06803428573	-0.04296142568	-0.05264213736	0.02819625582	0.03556633304	0.01409144236	0.005106219875	0.01783424284	-0.02754915613	0.02621947892	-0.06813384856	-0.06802763455	-0.04585713243	-0.05481609529	-0.05853049424	0.1170013829	-0.02574895797	0.07472129413	0.03381829587	0.07575860838	0.1804881814	0.2832482919	-0.03271391316	0.03344381007	-0.04360625378	-0.01271286759	-0.05691724347	-0.03494994976	-0.04919609263	0.5259776347	0.04395285068	0.01724115301	-0.02545115892	-0.014775177	0.1220588303	-0.06903616567	0.02596933365	0.003611242323	0.1475920115	0.03684247574	-0.0356483014	-0.007208587549
-0.1742718849	-0.1561290083	-0.1463237318	-0.1819208742	-0.1522575406	-0.1027220364	-0.1138347542	-0.1346416833	-0.1637027594	0.9586805472	0.9361993461	0.9552732925	0.9227990611	0.518487645	0.5544506977	0.9234082438	0.9500485557	0.9500414906	0.5556152676	0.9181093821	0.01148005991	-9.791226232e-05	0.5295412244	-0.00130088538	-0.004642482899	0.5317975226	0.5286455412	0.5248124386	0.5104983795	0.002156786596	0.4981968053	-0.03541218464	-0.0139497025	0.5719102768	-0.03636723288	0.5255670132	-0.1555224688	-0.1587943478	-0.176815224	-0.1008674991	-0.07410502822	-0.1128686674	0.9216935208	0.09802072471	0.5437206982	-0.06521868711	-0.01440200571	-0.07224504584	-0.007837243234	0.01641598303	0.01095947818	-0.04373385086	0.5659573924	0.5130021023	0.4910476399	-0.0009328402695	-0.01492427617	-0.02352835645	0.9323024522	0.9472338136	0.8966568968	0.0007284402186	0.5097669078	-0.05629685211	-0.05007856034	-0.02914128456	-0.1331460376	-0.07656662347	-0.1608319877	-0.1728193059	-0.1644725847	-0.1528053471	-0.1530779771	-0.1540577119	-0.161595473	-0.1760635392	-0.1478300676	-0.1642926468	-0.1678011722	-0.1775693631	-0.07776109623	-0.08508462428	-0.1570652823	-0.1398788618	-0.1656619001	-0.1587348616	-0.1597621843	-0.1370483967	-0.1521186112	-0.06236563227	-0.1176103458	-0.1394814377	-0.110117226	-0.1854942742	-0.123104408	-0.152805952	-0.1364325724	-0.1295499363	-0.1727986519	-0.1695722614	-0.1350274837	-0.1678967722	-0.1257890208	-0.1783568241	-0.1631963436	-0.1187062615	-0.1217061162	-0.161706052	-0.1511308351	-0.1239020915	-0.1621374914	-0.1153915235	-0.1486405483	-0.1522007678	-0.1595928702	-0.1644920996	-0.1646881454	-0.1555887087	-0.1585897672	-0.1457327417	-0.1522749812	-0.1426728584	-0.1131849668	-0.07287636009	-0.1357073527	-0.1022464498	0.9057603492	-0.1558291097	-0.1227762493	-0.1411460727	-0.1284782734	-0.1312535721	-0.1610840228	-0.1410419768	-0.1598960118	-0.16822266	-0.134508288	-0.1357222924	-0.1372975191	-0.1354623408	-0.1239733606	-0.156139082	-0.1358700536	-0.1640257517	-0.1700941448	-0.1567832843	-0.1737909212	-0.1603252963	-0.1400465747	-0.1372505979	-0.111334796	-0.08426774944	-0.1034210481	-0.1084489311	-0.1006373577	-0.0311231476	-0.05185767417	-0.02683163634	-0.120007907	-0.07242433674	-0.0786779324	-0.1555628038	-0.04546199431	-0.1591987983	-0.1767386235	-0.145483924	0.05955520431	-0.128735744	0.0251802568	-0.08939313022	-0.1034413145	0.03697500729	-0.1217141554	-0.1582530463	-0.0931344836	-0.1379480186	-0.1269472067	-0.1425089524	-0.1739984759	-0.1791130781	-0.1094911859	-0.1443736939	-0.1790194276	-0.1835108981	-0.1872109811	-0.1588008595	-0.1501430335	-0.1740641362	-0.1623434969	-0.1770412764	-0.1261525291	-0.1699317669	-0.1386841765	-0.1183317475	-0.1248019118	-0.1157287542	-0.102953	-0.1188279144	-0.08206495268	-0.1382390249	-0.1459120386	-0.1239623329	-0.132127047	-0.1539723976	-0.1053408316	-0.09007022377	-0.110941073	-0.04941779357	-0.11308638	-0.03467631963	0.01202539448	-0.1546867899	-0.1658960101	-0.1379949193	-0.08605763639	-0.1781547668	-0.1262095192	-0.1243198152	0.04395285068	1.173802587	0.5690768554	-0.1754682389	-0.1567386345	-0.1311913412	-0.1741753847	0.004313328992	-0.1374641861	-0.08517339112	0.9606073569	-0.1546100454	-0.1457285145
-0.1330974571	-0.1183406836	-0.1107645723	-0.1367359239	-0.09587436476	-0.08597640723	-0.07536385596	-0.0892068186	-0.1203350934	0.541716687	0.5298610547	0.5369968079	0.5216746736	0.4635281835	0.494758458	0.5199234041	0.5337965636	0.5213989564	0.5008791799	0.5142860042	-0.006519436918	-0.005344904731	0.4706156043	0.01106334533	0.01102076527	0.4793297226	0.4644209834	0.4688039142	0.4671985467	0.02191495806	0.4594265464	-0.017077194	-0.007904483014	0.7505574608	-0.03134280567	0.4692300759	-0.1136393627	-0.1186891276	-0.1344783022	-0.06478749867	-0.06496654346	-0.08372590757	0.5427500439	0.170412616	0.4896102161	-0.06369323379	-0.008297220987	-0.05415526129	-0.01411235897	0.003516895884	-0.0008873048948	-0.01259370777	0.486914088	0.463368552	0.4471798433	0.0231158409	0.01119235973	-0.01389131954	0.5583586677	0.5564645309	0.5608246275	-0.01257864985	0.4581868429	-0.04706877227	-0.03872989598	-0.002712260205	-0.08125080985	-0.05373084901	-0.1172798898	-0.1263764219	-0.1251822236	-0.119124447	-0.1184960963	-0.1234234738	-0.126774768	-0.143264261	-0.1198237144	-0.1024065377	-0.1316794184	-0.1288703905	-0.04115381313	-0.07394844693	-0.1304846948	-0.08997140554	-0.1328399912	-0.1309213152	-0.1217947168	-0.09615947156	-0.1239351941	-0.04168524031	-0.09034518155	-0.108893418	-0.0803977032	-0.1421137059	-0.08428248495	-0.1218114805	-0.103728044	-0.1154813456	-0.1381812293	-0.1262040347	-0.119095575	-0.1235400047	-0.09750784506	-0.1179828815	-0.1196282542	-0.1113102887	-0.09652849072	-0.1140467382	-0.1220069279	-0.09727068021	-0.1348210677	-0.08895969421	-0.1234662626	-0.1169705466	-0.1302574151	-0.1261069073	-0.1231519567	-0.1227463289	-0.1135803484	-0.1005382229	-0.1282616839	-0.1276658857	-0.0704790876	-0.05891357942	-0.09180765133	-0.07464120822	0.5325070388	-0.1211707326	-0.09703309543	-0.1032195801	-0.1143406582	-0.1098733128	-0.1290928819	-0.1201719465	-0.130549464	-0.1386567363	-0.07133099434	-0.1043126571	-0.1065640938	-0.07019652592	-0.08428424374	-0.1207060145	-0.1124892146	-0.1206511258	-0.1394912925	-0.1137448661	-0.1270517654	-0.1195800915	-0.1002151915	-0.1138538362	-0.08808151159	-0.03894487491	-0.04575371488	-0.04928937004	-0.04112238281	-0.005745248605	-0.02668940727	-0.01262132205	-0.06756324143	-0.0239348337	-0.01392421681	-0.09358206705	-0.008931931159	-0.1345679968	-0.1401835161	-0.1226162723	0.1137801899	-0.06649892186	0.05263251678	-0.01903711193	-0.03890234179	0.05866834679	-0.07104734704	-0.1137399326	-0.05895820995	-0.108675945	-0.06459264949	-0.10921852	-0.1368248987	-0.1421153771	-0.07353193061	-0.1098364043	-0.1427230028	-0.1486404728	-0.13156329	-0.1275707202	-0.1108012877	-0.1326697603	-0.1277671219	-0.1444440217	-0.09637627748	-0.1327405652	-0.1040225102	-0.07983831307	-0.0989177381	-0.1064371098	-0.09899639191	-0.0892742438	-0.06596493582	-0.1212560625	-0.103624534	-0.09369867556	-0.1099383281	-0.1210232477	-0.04693090318	-0.07845425052	-0.09169008198	-0.002689422186	-0.06923337183	-0.03235809217	-0.001134558622	-0.1212830195	-0.1156136699	-0.1010048056	-0.07439346645	-0.1439508391	-0.1077961393	-0.1039674866	0.01724115301	0.5690768554	0.896077	-0.132240766	-0.101307219	-0.09675413928	-0.142447815	0.01508862946	-0.08528025887	-0.04882849165	0.659408152	-0.1174371362	-0.09438806009
0.003328906791	0.1113892224	0.05003512036	0.05017506079	0.009472258363	0.04374961589	0.02012728862	0.05190169031	0.04413874436	-0.1941610442	-0.1905879149	-0.1956951611	-0.1845996878	-0.1773956559	-0.186024993	-0.1834334944	-0.1912033429	-0.1825626598	-0.15336967	-0.1806225784	-0.01188892844	-0.006851639995	-0.1712025244	-0.02671871062	-0.02509422941	-0.1827801266	-0.1769274863	-0.1767867489	-0.1818334674	-0.0216101704	-0.1742172047	0.009395228624	0.003993086747	-0.1292002306	-0.01277645773	-0.1741105728	0.06055004188	0.06374403384	0.08820645691	0.01169830447	0.01485426631	0.02149298638	-0.1693886944	-0.04519546626	-0.18016609	-0.005019847258	-0.03236952501	0.06201961586	-0.0131789817	-0.03187779028	-0.0212301594	-0.000627815742	-0.1852027043	-0.178829712	-0.1780977218	-0.02721345097	-0.02257973447	-0.009852693648	-0.1757824582	-0.1884412444	-0.1656656499	-0.06126237232	-0.1804916344	-0.02441647318	-0.03264013743	-0.008112806624	0.0883867197	0.03538438856	0.07202675345	0.05605658948	0.08615517795	0.05032676351	0.05083765782	0.06160151534	0.04120404332	0.007546118603	0.1037605004	0.07293145699	0.08636335768	0.08787578264	-0.04739756042	-0.03744099453	0.01239037234	0.02512998101	0.01632654189	0.003739163984	0.03835592845	-0.04334569759	-0.03593410731	-0.05403603159	-0.01069130205	-0.04456487475	0.03095410144	0.09846317161	-0.05638512137	-0.03589211711	-0.0438690001	-0.0320617741	0.08221669848	0.1170028772	-0.03628727511	0.1042780744	0.03316940385	0.09230872226	0.03688349433	-0.02749405053	-0.04070546872	0.1488126901	0.08248214135	-0.02611379769	0.07026006718	0.01799209153	0.07116688827	-0.008142267683	0.0451688321	0.1022624077	0.004628646043	0.03349228939	0.04609323919	-0.04720155334	-0.04989232828	0.1156983191	0.07356266018	0.003431665288	0.1264567591	0.0855866825	-0.1668859131	0.09108787203	-0.0370595187	-0.002754627983	-0.0393449519	-0.04855808972	-0.01091753617	-0.01744996149	0.06159186022	0.05316524382	0.05103172484	-0.04569636342	0.01365286806	0.03516796086	0.02588976817	0.05278568005	-0.01518748338	0.0700896473	0.04440357973	0.04120538393	0.07136755486	-0.01318941335	0.007479826551	-0.0339324175	0.06469221351	-0.0111955371	0.07258765993	0.01869087562	0.03735874263	0.01294691346	0.01621912027	-0.007412631912	0.04680624875	0.03170793756	0.0006448728266	0.06561441319	0.02325883632	0.01008414047	0.08250810203	-0.0076129864	-0.03080960247	0.05340042967	-0.04050524691	0.0149235643	0.02884863816	-0.06932780374	0.0696807926	0.09320771992	0.04842060317	0.07943697467	0.03565961803	0.06638182435	0.09111255968	0.05057383606	-0.02510297059	-0.002367415525	0.09439188455	0.116158402	0.1150390199	0.05624781693	0.01067708745	0.06413847204	0.04224777367	0.01483195617	-0.001389092447	0.07127463846	0.1086760926	0.08400401948	0.0651994414	0.03351601524	0.08711047351	0.05485427868	0.06476700609	0.03109609181	0.05871193083	0.04462043063	-0.0385841199	0.02474981878	0.03308522262	0.0305223335	0.06961187338	-0.02694167661	0.003084472659	-0.01415742947	-0.03339769665	0.0526423489	0.07265191102	-0.009413018858	-0.03063509063	0.05071638147	-0.03511737143	-0.02210708116	-0.02545115892	-0.1754682389	-0.132240766	0.3393393273	0.12668225	0.0365885004	0.01851029314	-0.03351327809	0.08023771799	0.02320131359	-0.1767251555	0.1222553055	0.1130346586
0.02279542836	0.06116473566	0.0513354971	0.06759547133	-0.005622082865	0.05548754381	-0.00546488455	0.01190641775	0.07991261637	-0.17677103	-0.1720822356	-0.1753784128	-0.1650779279	-0.1542689088	-0.1566295699	-0.1625795318	-0.1688120951	-0.1710235657	-0.1544772413	-0.1605238528	-0.02267951075	-0.002465754747	-0.1532190278	-0.02034393958	-0.02401939615	-0.1615677556	-0.1567962451	-0.1606694208	-0.1561389881	-0.02322766146	-0.1564998911	0.00222489843	-0.0002126985651	-0.1046003918	-0.02813864073	-0.1617414118	0.02137836505	0.01098376439	0.03666964682	-0.01237847882	-0.01010256678	-0.0166237802	-0.1511234575	-0.006750573511	-0.1700425728	-0.007483722831	-0.02341651666	0.01573773315	-0.01636391129	-0.01851890543	-0.02545507727	0.0276453668	-0.1681912856	-0.1565219749	-0.1542604554	-0.0233880057	-0.01768113379	-0.008598995389	-0.1623556746	-0.1751192594	-0.142427261	-0.0301625008	-0.1499757658	-0.0237256299	-0.02187738459	0.01576257961	0.04819495169	0.02980011719	0.03323501623	0.005439402311	0.0520272627	0.02094661341	0.0191173224	0.03037965211	0.04023246571	0.04164270138	0.07982364277	0.1013110486	0.04585701776	0.02858410932	-0.02201012526	-0.04439582371	0.02225471631	0.03271939304	0.02924157585	0.02266042667	0.0455550513	0.007452155628	0.004251807303	-0.01903777915	0.01209475809	-0.008267567286	0.01976644351	0.05238908657	-0.0262886364	0.0004011186318	-0.01214153169	-0.002061120246	0.02144823645	0.1223698851	-0.001229603242	0.0412701291	0.04110131384	0.09489071878	0.03186778751	0.009562268653	0.0009689368554	0.07156035541	0.04998057411	0.01227402519	0.03480918042	-0.006866388803	0.03102153438	0.01694892041	0.0120005979	0.05731023809	0.01654357978	0.02118682125	0.02217197356	-0.02567484737	0.02042612511	0.09974199816	0.1262143706	0.01853876145	0.139366903	0.1009402762	-0.147769099	0.09391590353	0.004528190979	0.01893393587	-0.006765673687	0.005910960271	-0.01024519503	0.001945782101	0.09718503772	0.0219508288	5.374548843e-06	-0.01376864497	-0.01204618124	0.03668139753	0.003817420742	0.02013575792	-0.004612973198	0.05473944494	0.01852163405	0.008281211804	0.02388316682	0.01696133303	0.01501689343	0.005612216105	0.03738363577	0.04534809739	0.009144910473	0.02882576271	0.02953157872	0.008758223731	0.03950167513	0.029137391	0.04801505854	0.03880418188	0.02596319343	0.05278977613	0.01037604917	0.01672765345	0.02894707269	-0.007431287484	-0.04818866883	0.02048433338	-0.02666294926	-0.02332565995	-0.009460500624	-0.0248422889	0.08994933761	0.05791010879	0.04837402278	0.1058497051	0.001512221086	0.02149179829	0.05382484347	0.04499294364	-0.0002234588068	0.02302407473	0.03575609903	0.08018394407	0.06641086444	0.05040731297	-0.001627197205	0.03585214694	0.04674298869	0.03322910721	-0.0008677601235	0.04951202686	0.02376480645	0.1331906985	0.05874755635	0.01747616611	0.06456626199	0.05086432706	0.04576728187	0.002413603285	0.03617344192	0.02744483995	0.006127357736	0.0110403307	0.0412420832	0.03519745984	0.01957055133	0.004977453938	0.02462387036	0.01356408689	-0.01455733381	0.07385414433	0.03686598863	-0.01547454351	-0.01821932294	0.07105110551	-0.02935517094	0.008570714029	-0.014775177	-0.1567386345	-0.101307219	0.12668225	0.3696303198	-0.001085238656	0.03803461745	-0.02242117208	0.08056148535	-0.00013671552	-0.1433361112	0.05006338911	0.12144631
0.02415582836	0.03368142263	0.08573312612	0.04258927108	0.08799471614	0.003252311017	0.05929688575	0.1161429682	0.006981272571	-0.1771428678	-0.1763359008	-0.1810349309	-0.1673638819	-0.18210553	-0.1799863437	-0.1762333975	-0.1781538715	-0.1781241536	-0.1356295298	-0.1719689645	0.06748128449	0.07064627175	-0.1422874772	-0.0406220521	-0.04229135835	-0.1803136109	-0.1803842577	-0.1838847982	-0.1852512166	-0.0455187034	-0.1763368607	-0.001683751559	0.05433143456	-0.09354528627	0.01516418725	-0.1787287964	0.1630660003	0.193901861	0.1638465806	0.1045250709	0.03657546416	0.2448130351	-0.1892761566	-0.03600687055	-0.1923472269	0.1793863402	-0.03627933903	0.09056785534	-0.03301823474	0.05860389338	-0.03670192262	-0.02768974203	-0.1854968865	-0.1812935848	-0.1676375453	-0.04713819552	-0.03857163417	0.09305784209	-0.1825230497	-0.1806842392	-0.1785026879	0.08518844354	-0.1873709956	-0.0241510534	-0.02938963293	-0.03263427813	0.04555646874	0.06774668846	0.08919161705	0.1333623806	0.04065871983	0.03997924731	0.04140368299	0.09338099612	0.08154070126	0.02580953086	-0.02621974957	-0.04388088774	0.04471871222	0.143497383	-0.005109117774	0.005357410844	0.0510768778	-0.04323812456	0.02231113534	0.01683376967	0.002549884141	0.001640841191	0.05104808424	-0.05079221316	-0.009604072524	0.01375679679	-0.004742842261	0.1324342622	-0.01674451695	0.0328043805	0.007918812909	0.0281678627	0.07562031873	-0.010857556	0.03093111616	0.07565050631	0.06245101182	-0.04127597023	0.0517153649	0.02344107065	0.01614274859	0.03527696192	0.05830225061	-0.02070677984	0.03541267716	0.238016609	0.07304751912	-0.02153938261	0.02669553919	0.01252112783	-0.008465844861	0.01426097414	0.03584314373	-0.002807384674	0.02011974684	-0.02073625252	-0.04323246536	-0.06674247164	-0.03646098866	-0.0134383759	-0.1859158088	0.04796400864	0.02223364219	0.01210471604	0.0256484868	0.005503395339	0.03087131161	0.04491495888	0.003741477338	0.06335634994	0.003443941817	0.008250792095	0.04867355903	-0.01802050974	0.05051340766	0.01655907888	-0.004068852638	0.04215457	0.06101556329	0.04296275647	0.1319691427	-0.02189286519	0.06794147413	0.002250299511	0.04995382913	0.003928023306	-0.009202911058	-0.01716995227	-0.06219519739	-0.01040792312	-0.08485416804	-0.1102345626	-0.06883664161	-0.03501776132	-0.04378163347	0.03945431138	0.000597574477	0.02562901618	0.1036966367	0.03915783151	-0.05149634825	0.001078602007	-0.08895390173	-0.01798574451	-0.01102137618	-0.1097902864	-0.05986066097	0.09237050172	0.02014331742	0.001662120777	0.000303892929	0.06560165305	0.09056687197	0.03073554588	-0.05367009451	-0.0282716672	0.0846814652	0.04191296648	-0.03338129019	0.01337314956	-0.01828969597	0.05272335845	0.07328396367	0.03022864049	0.04668206674	0.06513904707	0.05300108589	0.007928536726	0.009304150792	0.05694940125	0.02530609949	0.07904289286	0.003050562399	0.06499721742	-0.01262299896	-0.003187710888	0.003907660643	0.06868602317	0.06110211966	0.06738826456	0.09494275622	-0.02522208344	0.02621697531	-0.01413400825	0.04995380618	0.04721651437	0.07851681959	0.03736214362	-0.03511187723	0.01559243897	0.03819680629	-0.002554541834	0.1220588303	-0.1311913412	-0.09675413928	0.0365885004	-0.001085238656	0.3562017149	0.03628110602	-0.06685742144	0.02409193262	0.03047846888	-0.1312594523	0.07838034422	0.03563768881
0.1483182251	0.02914016345	0.08072808872	0.08603489187	0.01455915754	0.01673934944	0.05170226473	0.03964278612	0.08717166521	-0.1876442847	-0.1855725126	-0.1884764522	-0.1759930635	-0.1865645871	-0.1954779408	-0.1742271142	-0.1861530637	-0.1876600965	-0.1924805851	-0.1715383077	-0.06406089058	-0.05370539764	-0.1839135409	-0.0590565761	-0.06899802384	-0.1842811268	-0.1870283108	-0.1872246937	-0.1847599723	-0.06334337095	-0.184616511	-0.07170759002	-0.04613878336	-0.1425093786	-0.07334424546	-0.1850229283	0.06631196483	0.06615899885	0.06503457259	-0.0161980561	-0.05707297285	0.0197439775	-0.1956464106	-0.07114542784	-0.1931887842	0.0043869885	-0.04862993453	-0.04534751953	-0.05102205526	-0.05988349368	-0.05577534985	-0.03254995946	-0.1899200663	-0.1873446457	-0.1776751093	-0.06490607764	-0.05694120355	-0.05546179615	-0.2005158896	-0.1893483556	-0.1872778007	-0.0307791679	-0.1866477223	-0.04690508481	-0.05399951448	-0.04865352112	0.01200152393	-0.01959710391	0.04193663862	0.06015324619	0.05254119527	0.06549250828	0.06220410089	0.05086168814	0.08595675068	0.2136980253	0.0169884532	0.01704473304	0.08503375718	0.06810728077	0.03719506586	0.05652630631	0.1186586515	-0.005055831345	0.06653497451	0.1451367343	0.1335096488	0.008131398106	0.05243692026	-0.01213656364	0.136336235	0.04347164423	-0.005480608062	0.08751158626	-0.01319968788	0.06622695787	0.039011047	0.09568268784	0.1364884845	0.04588725473	0.05892308089	0.06451227121	0.03226221794	0.02772712251	0.03294886221	0.05748455386	0.07510064183	0.03296704588	0.06650126256	0.0804812083	0.08534081657	0.01343601415	0.07363573538	0.1556467976	0.1426271567	0.07152395735	0.03658596093	0.1109186192	0.100268122	0.02176646278	0.07885193603	0.0243580804	-0.007382238972	-0.05905599696	-0.01546347631	0.01695758802	-0.1919006151	0.07117757307	0.06996778467	0.05262530061	0.09821942426	0.03747442568	0.09261528356	0.133285161	0.005760514875	0.0757693168	-0.03667659901	0.03939007995	0.06484920384	0.03427850391	0.008091613499	0.0811485096	0.08273786984	0.08094337468	0.1186585697	0.1037813389	0.06442665347	0.07719070171	0.02135010641	0.08922230218	0.0205097701	-0.02609502554	-0.06350774576	-0.01970503097	-0.05468756076	-0.02622052311	-0.06404508872	-0.07039545864	-0.03760342724	-0.03468430396	-0.04179075509	0.008368071408	-0.05306910804	0.1805357655	0.1221153036	0.08726866259	-0.1104880232	-0.05559415718	-0.1044909106	-0.09701718999	-0.07145932242	-0.07368391976	-0.04726086983	0.03936007984	-0.01934855	0.02502715696	-0.06920322717	0.009787099887	0.04986685193	0.0803041073	-0.008170525788	0.09997480524	0.02354363967	0.06232778174	0.007683265745	0.0642939157	0.03212499632	0.08029064218	0.09829058291	0.218330654	0.09774235904	0.07556714521	0.0177808687	-0.02127135464	0.03476806113	0.01511597297	0.02349897103	0.005345283831	-0.03942231309	0.09866456928	0.04661557529	0.035482108	0.06291193214	0.08558033993	-0.01858524014	0.06597177431	0.003985981665	-0.0243256311	0.00460129149	-0.04091002483	-0.06946299613	0.1032607311	0.04259755037	0.08621333156	0.01583670012	0.1020525951	0.06153786555	0.07766281138	-0.06903616567	-0.1741753847	-0.142447815	0.01851029314	0.03803461745	0.03628110602	0.2950746142	-0.05492968198	0.04831111672	-0.02889584311	-0.1782734053	0.05644602312	0.04485810619
-0.03681538169	-0.01457716815	-0.0590313561	-0.06454160832	-0.02794518289	0.01053405392	0.001601193572	-0.04969871774	-0.04787215833	0.05498801663	0.05254192237	0.06066446763	0.06154655987	0.08189983021	0.07116916606	0.06601658659	0.052288342	0.0578240074	0.03278437105	0.05503487312	0.07637479085	0.06309429344	0.06207639832	0.1266972146	0.1247507419	0.06144242188	0.0792429853	0.07754780476	0.07857978358	0.1154751284	0.07230460889	0.08404412687	0.03988305726	0.01560891987	0.107104014	0.07378914147	-0.05762240591	-0.05227515523	-0.06840467475	0.03853760971	0.07725396425	-0.0594713909	0.0559221522	0.08746222564	0.07096836452	-0.01279986725	0.3283129557	0.06006622523	0.1315332284	0.05068034253	0.1142507625	0.07993212527	0.07091107268	0.08914796055	0.09070690669	0.1246415058	0.1268552248	0.06497503233	0.05783114527	0.05188315929	0.03387663594	0.02380612493	0.08366838891	0.08398925139	0.08752313584	0.07219064391	-0.01384185725	0.005973399514	-0.03418527316	-0.07241151764	-0.04901134158	-0.06242349824	-0.06059395128	-0.05880988723	-0.04744340381	-0.05825150417	-0.00500380643	-0.01178603553	-0.06584142837	-0.06663444755	0.004981510318	-0.04764672373	-0.04781930046	0.02211145919	-0.04395145512	-0.04903733845	-0.0385893685	-0.03204355059	-0.06153527588	0.01124939292	-0.009032114385	-0.06050160422	0.007725728381	-0.07900305349	-0.04351485812	-0.0527044252	-0.05226224765	-0.04552010903	-0.07077345925	-0.03461686975	-0.05015221952	-0.06373486854	-0.01642147897	-0.01819499153	-0.01698965164	-0.02853126106	-0.05646022049	-0.01513821462	-0.00610793591	-0.03002426051	-0.06312794428	-0.06922463951	-0.00282278232	-0.03082396095	-0.04504306515	-0.03169178216	-0.04612175783	-0.04056382677	-0.05004193783	-0.05169399506	-0.05484313486	-0.004286375595	0.005282384706	0.03176622494	-0.009465189744	0.03898407346	0.05437483275	-0.05060131371	-0.05340451355	-0.04943362373	-0.03992493494	-0.0542547542	-0.02495658752	-0.04167533549	0.009542982715	-0.07870027976	-0.01597215696	-0.05266737796	-0.03277564697	-0.01450980502	0.005523575541	-0.04538133805	-0.02275989864	-0.06372068563	-0.0588946767	-0.04228416237	-0.06590380625	-0.03369588405	-0.01065342087	-0.02576473257	-0.05428460992	0.03251524045	-0.02207176691	0.01489452955	0.01027535123	0.09603355492	0.03820032778	0.04804704834	0.01638968242	0.009817946997	0.03718118765	-0.02589778767	0.0648934949	-0.0503864603	-0.07564353346	-0.05033542683	0.03443193795	-0.02613020565	0.01590747272	-0.01654621893	-0.01149920777	0.03588406228	0.03609609442	-0.06378183834	0.03464335544	-0.04425325575	-0.02203699886	-0.05686642348	-0.08120241969	-0.06093199632	0.01454702062	-0.03008293888	-0.04748815017	-0.07215385858	-0.03219331967	-0.03479806283	-0.03010056458	-0.06883349435	-0.07124857724	-0.05650085382	-0.01222298718	-0.05524022319	-0.005353999524	0.01269475009	-0.0003409439634	-0.02152607805	0.005572458607	-0.04589144666	0.03743151148	-0.07000850098	-0.02390187213	-0.01546026304	-0.0308197001	-0.05625059697	0.02331598827	-0.0457359918	-0.01152339893	0.06841044447	0.04829297729	0.06413554191	0.02562839566	-0.06427764087	-0.04356412246	-0.03196808492	0.0118667311	-0.0748668962	-0.03995215479	-0.01273085869	0.02596933365	0.004313328992	0.01508862946	-0.03351327809	-0.02242117208	-0.06685742144	-0.05492968198	0.458545055	-0.009159904781	0.02826858529	0.01422819401	-0.06584540437	-0.02995496729
0.008973598561	0.0260444712	0.02471053208	0.06824704756	0.000165990541	0.08508442127	0.05007925842	-0.007029509686	0.05675164423	-0.1600040409	-0.1594189992	-0.1608699605	-0.1512233191	-0.1384299337	-0.1499050591	-0.1489923477	-0.1568584258	-0.1523582154	-0.1332057369	-0.1496013934	0.003893722811	0.02549881191	-0.1399712406	-0.0001634004452	0.003247298676	-0.1427612754	-0.1423524213	-0.1462917715	-0.1465273418	-0.00249960877	-0.1413054779	-0.007821273236	0.02036813745	-0.08911649403	-0.006720832099	-0.1462363289	0.03310703095	0.0245756715	0.02773916682	0.03733289325	0.01987059629	0.0001071431501	-0.1467959447	-0.01353241511	-0.1538905601	-0.02534674289	0.01372597995	0.005125218549	0.0183545126	-0.00981171028	0.01217787257	0.006606487007	-0.1572027174	-0.1434166244	-0.1351610603	-0.004307669403	0.001780367294	0.02157436717	-0.1414723929	-0.1589871461	-0.138589845	-0.02676571864	-0.1468829614	0.02108943815	0.00788179833	0.01077267626	0.05748379665	0.01532305681	0.02116954794	0.008225621645	0.04711310602	-0.004532696228	-0.009201178098	-0.00436114057	0.02842957479	0.04209774126	0.07498266084	0.06720776067	0.0251732246	0.04516339331	-0.01512432246	-0.01972505322	0.01111904234	0.02406961097	-0.003679522606	0.04090237682	0.02479877439	0.03649192831	0.02649739172	0.02459103387	0.004200072489	0.01381714942	0.02702605392	0.04269296004	-0.01979681462	0.008797799176	0.02406564182	0.01168346704	-8.16717414e-05	0.05529279349	-0.01693833057	0.03989729761	0.04456873778	0.06103849931	0.04792903743	-0.03524174238	0.03439942471	0.07014567909	0.03834080615	-0.009323331972	0.002723022251	0.006582503159	0.03370233813	0.05352963273	0.05910093007	0.08002642285	0.01813706539	0.02653578345	0.008524741536	0.0283935794	-0.005759876012	0.05319571697	0.02322963192	-0.02047470081	0.01829896489	0.06842684885	-0.1435475172	0.0395638973	0.03543015521	0.04206944483	-0.0002095101454	0.02050908793	-0.0004379506365	0.03879917493	0.0064665	0.01386648086	0.05121489066	0.02417046148	0.0135346485	0.01413522891	-0.02124433287	0.0316360023	-0.00853941743	0.06338513471	0.0128696786	0.001842435134	0.02659504558	0.02253890022	0.004385037596	-0.00209712265	0.02558686867	-0.009548421822	0.004056076063	0.008012452762	-0.01948533087	0.01002672063	-0.02149348928	-0.0433346553	-0.02071761464	-0.00197010096	-0.03151761212	0.06062768941	-0.01477666029	0.05965614426	0.0342312475	-0.00858499151	-0.003384628013	0.04356389906	-0.003267400051	0.03419230732	0.04429225899	0.005239087193	0.02838791875	0.02796155729	0.02347176581	0.01744543626	0.03569513039	0.008664200078	-0.008913354976	0.00227995703	0.03226503269	0.03705413673	-0.008778022858	0.02220733368	0.03946955995	0.01545149159	0.02116662928	0.02449928344	0.07018280588	0.05128204482	0.009557828948	0.07421917158	0.06996194407	0.0340498116	0.03332039958	-0.02393030253	0.06120849904	0.009535045075	0.07217213561	0.006182746508	0.07297753132	0.04461356656	0.01733617725	0.01539730598	0.03683417448	0.01907467788	0.01657714862	0.007022353188	0.02762193483	0.02237677001	0.001904129017	0.08467356134	-5.572132867e-05	-0.005836106407	0.01324404748	0.02744083095	0.0068699816	0.01841180635	0.003611242323	-0.1374641861	-0.08528025887	0.08023771799	0.08056148535	0.02409193262	0.04831111672	-0.009159904781	0.3636360493	0.05729729793	-0.1387740374	0.06548918435	0.08258770383
-0.03081643861	-0.005760551425	-0.007027608402	0.03642537031	0.06983818687	0.01870209734	0.1016735651	0.06061739304	-0.05441571713	-0.1035835294	-0.1012771473	-0.1048948234	-0.09511418617	-0.07616041057	-0.08150648811	-0.09078100879	-0.09884224328	-0.09830593664	-0.09065320161	-0.08790826042	0.07782908608	0.1245318911	-0.06428547481	-0.01617679967	-0.008794659814	-0.08292508718	-0.07781099051	-0.07879629558	-0.07368380073	-0.01108779876	-0.05961002261	0.03371534218	0.176251878	-0.04991909765	0.0983843359	-0.08764575106	0.05706697863	0.07136997787	0.06929302978	0.1485815502	0.1093248605	0.06517357299	-0.08985536124	0.002023904823	-0.08425133266	0.03748796501	0.02354792103	0.06252788155	-0.0007711289423	0.1144657127	0.007420544187	0.07278539102	-0.0924599032	-0.0759194884	-0.06823202116	-0.01826514955	-0.01051149789	0.151043601	-0.0861956755	-0.1027929183	-0.07933650268	0.06453290372	-0.07412858823	0.1166355723	0.1101415056	0.06224569142	0.05800258452	0.07889725333	0.1174150648	0.06548008157	0.04192762582	0.002684472856	0.003634560908	-0.015279531	-0.05251198818	-0.03379469842	-0.0280356393	-0.009691772997	-0.002230745452	0.04297407813	-0.05550652482	-0.05466597682	-0.0253318387	-0.001052519974	-0.03629396334	-0.03180125261	-0.01761794082	-0.03147319293	-0.02663539263	-0.05308225921	-0.02753469003	-0.03786141722	0.03176023589	0.02737227081	-0.01127211362	-0.02369817407	-0.0002163769115	-0.04449402526	-0.004920421172	0.03375314448	-0.03345800952	0.01254730996	0.05651812744	0.01051280372	0.01419721575	-0.03245295961	-0.01562845836	0.01919605155	-0.004746632582	-0.04133337737	0.008031624391	0.03603688013	-0.004668454328	-0.02048461643	-0.01257572939	0.04008001382	-0.008042213913	-0.01515704721	-0.02229495591	-0.007547976702	-0.03811465992	-0.01567369258	-0.0007480640022	-0.02570413552	0.0197266897	0.02229656148	-0.08833035943	-0.002957210845	-0.01788771952	-0.01968974232	-0.0409103369	-0.01260325327	-0.01790429295	-0.04186625266	0.01113508907	0.007757659569	-0.02008612675	-4.289977875e-05	-0.004359481078	-0.01132737019	0.1226865265	0.006293072358	-0.0316977603	-0.02726203238	-0.02153981977	-0.02168154625	0.07648851375	-0.01080191138	0.1240525106	-0.03942025466	-0.04682847031	0.04415980521	-0.001517813124	0.03230467398	-0.03311067224	0.07648756749	-0.04031291689	-0.05414228874	-0.04487685404	-0.01252845739	-0.01561036279	0.05421752952	-0.04610279893	-0.03027592392	-0.002261030022	-0.01687724491	-0.009182458945	0.02108565037	-0.004607579782	0.01466953536	0.01136159002	-0.05687106288	-0.01543346345	0.01487266074	0.04461420649	0.017036782	0.0120288069	0.02262657751	0.006546700234	-0.00280430663	-0.009191868445	-0.004397167537	0.01082650417	0.019691007	-0.02433976769	-0.02615015635	-0.01398589536	0.01797644244	-0.01285199236	-0.03506163251	-0.01617295424	0.02594639545	0.0298680793	0.009383297935	0.04785946715	0.01452645642	-0.0094814579	-0.009259782514	0.02114857506	-0.06228129895	-0.04551056446	-0.04168871911	-0.04755608452	-0.04902171019	0.1368045842	-0.05464514083	0.08819608548	0.005709090498	0.07968646933	0.1256472866	0.1123164716	-0.01351711514	0.07837854937	-0.03322437563	-0.03422842446	0.02119193607	-0.01858113525	-0.03572751471	0.1475920115	-0.08517339112	-0.04882849165	0.02320131359	-0.00013671552	0.03047846888	-0.02889584311	0.02826858529	0.05729729793	0.4152340736	-0.09504871473	-0.008499869876	0.01696992779
-0.170865104	-0.1460224976	-0.1462946626	-0.1773570665	-0.1443440436	-0.09119198263	-0.1170741849	-0.1440813696	-0.158739031	0.9367682977	0.9050029197	0.9265822014	0.9082706509	0.4985978759	0.5162638534	0.8957519201	0.9238845493	0.9129854544	0.5436043195	0.8882508423	-0.003050305492	-0.002403672255	0.5246012902	0.004996571721	0.002397033183	0.5078515368	0.5116457614	0.4984580252	0.5000395771	0.02228863191	0.4862839438	-0.03126484872	-0.02305989737	0.641877335	-0.04645879444	0.4884521994	-0.1645458588	-0.1628480917	-0.1807744873	-0.1063557579	-0.08111799563	-0.1110207322	0.9571487333	0.1545400676	0.5273926233	-0.06466007539	-0.01086741061	-0.07668241826	0.001564079481	0.006327988401	-0.002043122949	-0.02917962749	0.5430472174	0.500948069	0.4782736293	0.02123627122	0.006713152262	-0.01523432769	0.9465315751	0.9214457224	0.9088376871	-0.009516716213	0.4872472888	-0.06504523806	-0.05754662417	-0.01831189899	-0.1314105132	-0.08546041529	-0.1704963469	-0.1790961515	-0.1743110656	-0.1662728209	-0.1665475293	-0.1622386184	-0.1663341074	-0.1810538442	-0.1317377442	-0.1415840427	-0.1808022967	-0.1718033449	-0.04458278402	-0.0774960206	-0.1613610167	-0.136124847	-0.1694510662	-0.1616741805	-0.1592661062	-0.133639689	-0.160484154	-0.03290461488	-0.1175687456	-0.1391460107	-0.10477246	-0.1939644423	-0.1241225592	-0.1529267662	-0.1344613897	-0.1342504778	-0.1806715586	-0.1668269146	-0.1377510591	-0.177014918	-0.1286000072	-0.1573509715	-0.1744018292	-0.1195583811	-0.1173050767	-0.159055467	-0.1390384136	-0.1303439095	-0.1646756086	-0.1159833375	-0.1616477623	-0.1592805602	-0.1648863083	-0.1622982004	-0.1620631115	-0.1665313442	-0.1569517459	-0.1397499512	-0.1574517194	-0.1447067781	-0.1120902563	-0.07154820132	-0.1335139121	-0.09047169566	0.9403419423	-0.1678173511	-0.1183604224	-0.1262953231	-0.1328379478	-0.138799342	-0.1619109292	-0.1437017936	-0.1498340513	-0.1736662218	-0.1181492364	-0.1345753405	-0.1438155125	-0.1131916739	-0.1357472114	-0.1581391431	-0.1369878846	-0.1626007049	-0.1818373017	-0.1553352051	-0.1809233581	-0.1563566396	-0.1510349632	-0.1375387118	-0.1037154731	-0.08057182023	-0.08891084044	-0.09116818825	-0.08474210082	-0.04111080934	-0.04451727229	-0.02372372383	-0.1024344648	-0.0604260237	-0.05460712978	-0.1362620616	-0.02988110525	-0.1617757581	-0.1845780542	-0.1426493055	0.079565269	-0.113464345	0.03688294204	-0.07357637957	-0.08464279597	0.04354982621	-0.102813083	-0.1668094901	-0.1043390283	-0.1312002739	-0.1118721765	-0.150074736	-0.1883947433	-0.1844847271	-0.08763260594	-0.1439391469	-0.1886952988	-0.1915896922	-0.1686876086	-0.1664367525	-0.1538572955	-0.1823157684	-0.1741293887	-0.1814767306	-0.1345569743	-0.1819963182	-0.1269223304	-0.1017152909	-0.11457884	-0.1279122617	-0.1123360935	-0.1366099095	-0.08371065289	-0.1483597926	-0.137845006	-0.1166218878	-0.1372707166	-0.1517289472	-0.08905519433	-0.08083515121	-0.1237722945	-0.03549062137	-0.1103593435	-0.04824509731	6.177588156e-05	-0.1664548966	-0.1694164706	-0.1463974381	-0.06890152398	-0.1821050294	-0.1302960676	-0.1209228607	0.03684247574	0.9606073569	0.659408152	-0.1767251555	-0.1433361112	-0.1312594523	-0.1782734053	0.01422819401	-0.1387740374	-0.09504871473	1.184943177	-0.1669423537	-0.1297282842
0.02503750048	0.1173179763	0.09824164561	0.07870392613	0.02965512159	0.05053100082	0.03237246595	0.08447623429	0.09020838103	-0.1657640319	-0.1603353924	-0.1653850555	-0.1554277594	-0.1686316419	-0.1782805424	-0.154784241	-0.1650699422	-0.15776536	-0.1620358396	-0.1512447241	-0.02853026348	-0.0248138322	-0.1651107402	-0.07302495899	-0.06946870586	-0.1665273134	-0.1663898087	-0.1728125145	-0.1743294043	-0.07196763844	-0.1677499084	-0.04812330535	-0.008708369539	-0.1245202332	-0.02847422599	-0.161571946	0.08133757051	0.07841885405	0.107652824	0.02275662153	0.01530793515	0.04038716781	-0.1667732858	-0.06100043154	-0.1705230189	0.0129310448	-0.05380455584	0.01422561178	-0.07269123139	-0.04793042951	-0.05459559016	-0.01176757136	-0.166094943	-0.1695024777	-0.1638505057	-0.07500447566	-0.06980291177	-0.03791964423	-0.1710883692	-0.1631916691	-0.16124154	-0.01862021762	-0.1785851267	-0.007050307161	-0.02790300707	-0.02821134242	0.0567102246	0.02001246426	0.087047739	0.08205925331	0.1066715567	0.01730724918	0.01831192783	0.1499796778	0.07886215031	0.04302959905	0.007306940197	0.007139487192	0.06087691937	0.111347297	-0.0410730612	-0.007612153047	0.05304176164	-0.03675514429	0.01658989024	0.07667553795	0.0615088633	0.03134005995	0.06151114769	-0.06961356179	0.01893460557	0.0310330872	-0.01258901152	0.101394699	0.01835437969	0.02920147257	0.0203980488	0.04296352722	0.07953522124	0.01174986143	0.03525452413	0.1512062916	0.05983180007	0.004722345881	0.0458114253	0.02929878118	0.001084429962	0.0334342204	0.05277422785	0.02886471692	0.086412337	0.04945386915	0.03533239672	-0.01122667043	0.03246799541	0.02303367069	0.02889189836	0.06534813356	0.04278695402	0.02685102078	0.02541091711	0.0006420929411	-0.02214125482	-0.08433090187	0.003595314896	0.04894911496	-0.1646921712	0.1333574476	0.004264799003	-0.005683073835	0.03149373653	0.03380117132	0.04395726292	0.01054036201	0.04053518481	0.1147117374	0.05280331744	0.02327757032	0.02052712414	-0.01437798209	0.00161229436	0.03747056191	0.03073111462	0.08348915872	0.05073228831	0.03944382987	0.1121753424	-0.02170653739	0.0184797515	0.03981517703	0.02804293236	-0.03134449162	-0.01373049273	-0.03942924646	-0.06613419361	-0.03971948132	-0.1048784461	-0.1084090811	-0.04414136951	-0.06493629626	-0.04616223669	0.007055110476	-0.02093887487	0.07049623817	0.09877985114	0.02534631959	-0.07400567515	0.04486773853	-0.0705968051	0.02377954054	0.0256171789	-0.0936259803	-0.04033184324	0.1084517698	0.002177106328	0.01201528135	0.03630095217	0.08806261333	0.1180928639	0.02283830827	-0.02580449009	-0.007444994959	0.07854144856	0.08330401243	-0.0003665632106	0.05743684907	0.03423179303	0.09621464036	0.08554321798	0.04081211788	0.03983091839	0.07458063665	0.1049490739	0.05287598127	0.04021491958	0.06457691509	0.1174709635	0.1201223315	0.06601902279	0.05485917021	0.02054422017	0.006136345839	0.01674432767	0.05144993696	0.01036683183	0.01093754676	0.06075045453	-0.02311554778	-0.004472825686	-0.02175249659	-0.03309221327	0.1235970741	0.06766772425	0.02352731439	-0.0262830711	0.08406374459	0.03942871407	0.02729595525	-0.0356483014	-0.1546100454	-0.1174371362	0.1222553055	0.05006338911	0.07838034422	0.05644602312	-0.06584540437	0.06548918435	-0.008499869876	-0.1669423537	0.3175637867	0.08415141918
0.04482689875	0.08203893099	0.05084597973	0.05808324663	0.02226795535	0.06885543476	0.02405845316	0.0449604961	0.07158741059	-0.1590179071	-0.1545852277	-0.1573987225	-0.1472225646	-0.1406271472	-0.153625947	-0.1495221947	-0.1548841036	-0.1480898885	-0.1446986909	-0.1464154378	-0.02202996064	0.01115634149	-0.1474024724	-0.0481363562	-0.05262280985	-0.1397366006	-0.1420655356	-0.1422997928	-0.1513873545	-0.04376110768	-0.1470025896	-0.03855508436	0.01190335685	-0.09141707461	-0.01684313259	-0.1383161158	0.04339293699	0.04407870981	0.03167143178	0.001449052999	-0.01676104189	0.01117715159	-0.1135692049	-0.02381385793	-0.1439809864	-0.006204269539	-0.02965456295	0.01756114031	-0.0541721347	-0.02803818134	-0.05513373636	0.02137262863	-0.1491316051	-0.149203704	-0.1365504933	-0.05057205489	-0.04735655474	0.005754998199	-0.1285548632	-0.15138603	-0.1068390557	-0.03118178744	-0.1407599599	-0.0004025732942	-0.018835622	0.006748764618	0.04368438869	0.01535142522	0.02666507743	0.04194811025	0.03792725862	0.0697607168	0.06473344538	0.04369651958	0.06406466382	0.03422583728	0.06680188379	0.05978849379	0.0518512501	0.03034614977	-0.04597667369	-0.04482146324	0.01124454855	0.04796082091	-0.01761787738	0.0352591047	0.06521651787	0.007872121395	-0.004565116551	-0.0009746006438	0.006327612107	-0.0162016006	0.02494233729	0.0537230198	-0.03097158526	0.01683933181	-0.002264076572	-0.0173027431	0.04972746377	0.09614529124	-0.02837295173	0.03428248643	0.01692852188	0.07633921329	0.03977216564	-0.03498911066	0.02196189188	0.0762707486	0.08826292294	-0.01451604702	0.008808140554	0.001982826952	0.07361048111	-0.01857262324	0.005774487114	0.105843486	-0.01245981916	0.004086805576	0.03140519797	-0.008907804125	-0.009984224932	0.07217363375	0.02070915861	-0.02604469371	-0.001165164575	0.1426460334	-0.112911968	0.06200964548	0.03258239274	0.02554568987	-0.01614615453	-0.0122568116	-0.006198854439	-0.02333256191	0.07183545736	0.07243039243	0.04892396685	-0.00435852069	-0.00855213832	0.04721755766	0.01488734636	0.004981309853	-0.05145524375	0.05598705093	0.02852287748	0.02360975755	0.01295509592	-0.01837752535	0.02051169703	-0.04207138567	0.05707008149	0.01964281464	-0.02191449091	-0.01650410203	-0.03497718562	-0.001509566931	-0.03834583223	-0.0694715173	-0.01648909233	-0.00693033653	0.005451378644	0.06567349652	-0.009147874454	0.03040235587	0.1061549781	0.008603615267	-0.04961688807	0.03179138251	-0.01973786365	-0.00446535745	0.01447254862	-0.0007263151229	-0.004780795471	0.02446177068	0.02268425663	0.0327685038	0.02346083908	0.005074526097	0.07639393111	0.02019027274	0.009818340639	0.008953641212	0.07631329311	0.08444010619	0.06039449702	0.03162569434	-0.01171993702	0.0457137337	0.06432232328	0.03047630125	-0.008463348579	0.0796696292	0.1014401648	0.1350593559	0.1179442918	0.06444508576	0.05982082079	0.01094156951	0.05376310402	0.02052033647	0.04797944331	0.05464970244	-0.009019376425	0.004391692818	0.04679681285	0.07728682759	0.02470505478	-0.005960080677	0.03159580478	0.002623854282	-0.01092614989	0.07520286945	0.02121795211	0.003116627672	-0.00934348945	0.04225089905	-0.02269098289	-0.01274694786	-0.007208587549	-0.1457285145	-0.09438806009	0.1130346586	0.12144631	0.03563768881	0.04485810619	-0.02995496729	0.08258770383	0.01696992779	-0.1297282842	0.08415141918	0.3704158382
