0.316621811	0.01921417624	0.07659639945	0.0631776727	0.04734932438	-0.02217700715	0.01575582223	0.06526384151	0.03582345974	-0.1692581539	-0.1615806779	-0.1653765411	-0.1518940586	-0.1559892417	-0.1722248709	-0.1525184394	-0.1690304834	-0.1626686999	-0.1918551266	-0.1561350036	-0.0627322809	-0.06849393389	-0.185992284	-0.04365903951	-0.03822368643	-0.1678930017	-0.1642012636	-0.1633412639	-0.1659471851	-0.04029222891	-0.1636481398	-0.05901231688	-0.05471558389	-0.1420674294	-0.05481021239	-0.1569663318	0.05768851279	0.0428240165	0.06252963556	0.02178546506	-0.02256358678	0.03536598081	-0.1780565662	-0.07504747993	-0.1753383126	-0.004203277459	-0.02992195507	-0.02972350889	-0.07658957651	-0.07252359666	-0.04211060011	-0.05160264201	-0.1577430988	-0.1556162998	-0.1507937958	-0.04323553097	-0.03988757072	-0.07192517388	-0.1818590463	-0.1731501422	-0.1715833239	-0.05975842911	-0.1578727129	-0.02061321053	-0.02657171397	-0.04517576984	0.009402827626	-0.02391644373	0.04551332664	0.06165409883	0.04430009957	0.05948545367	0.05640744601	0.02273691203	0.03321501645	0.1629496226	0.01036354173	-0.007432244322	0.08176911711	0.06097092491	0.05278780909	0.03592071913	0.1010005415	0.03151603768	0.07127391065	0.1417190226	0.05941850152	0.0119245224	0.05884104963	-0.02339454534	0.1614380175	0.05674153756	0.0268228236	0.07632175221	0.005447514908	0.05670774541	0.01998550667	0.08930209724	0.1077465922	0.005107322487	0.07265236157	0.06565805707	0.04195267809	0.02417658017	0.05655666774	0.08618422883	0.05699581448	0.04596215401	-0.00154138995	0.07232736441	0.09153967609	0.02219734253	0.073263755	0.1142002725	0.1298667175	0.09213104561	0.02550135298	0.05620228383	0.1013848888	0.006113777517	0.07207217303	0.01228210934	-0.01826993675	-0.09038812856	-0.03596660461	0.0161835626	-0.1746720267	0.01488866862	0.06979113136	0.06045321004	0.07051290867	0.01527775572	0.1394667036	0.1092304705	0.07631523586	0.01525787241	-0.06134685949	0.02146964938	0.02022164388	0.01822410268	0.008613367117	0.07778614964	0.0484921755	0.07450484481	0.09166549525	0.09208712098	0.05800819899	0.08720233658	0.01506270118	0.05354694173	0.01629941788	-0.0008244940205	-0.02190462937	-0.01159928523	0.003067575916	-0.0380410166	-0.008765773768	-0.06050444378	0.008852081497	-0.02208031611	0.007605844379	0.04528067594	-0.03248053205	0.1166502293	0.09300193126	0.07276360474	-0.0769105101	-0.0734298993	-0.09822257319	-0.08704107525	-0.08311434758	-0.08074734227	0.02681866738	0.04759989621	-0.02994164127	0.004091222983	-0.07382277511	-0.01773851083	0.04036973227	0.09999631461	-0.003659380216	0.1067951085	0.06301114874	0.0381310168	0.06239386878	0.08453704363	0.0824259374	0.0939622914	0.07766139739	0.1673463674	0.1022172164	0.06420568647	-0.01472387036	-0.001727289374	0.03353560248	0.02444269412	-0.00321197875	-0.001243024551	-0.04500330006	0.05767910058	0.0007204052515	-0.004327474056	0.005820810565	0.0603788335	-0.02546679718	0.06202768615	0.009778873127	0.004558926022	0.02981973659	-0.05586816474	-0.05398495578	0.07734756759	0.05156734773	0.09889579971	0.0313297285	0.05699328516	0.1054841117	0.04345289277	-0.07628101232	-0.1785589929	-0.1346612395	0.008435426363	0.01758511491	0.05270252309	0.1579807767	-0.03581376735	0.02029607898	-0.0319394661	-0.1807646441	0.03356468045	0.0557507532
0.01921417624	0.3449858908	0.07149084198	0.07410092932	0.0461925089	0.0605575972	0.05022609466	0.05301495391	0.07110592909	-0.174538991	-0.16463265	-0.1694008845	-0.1577741618	-0.1508644913	-0.1575688743	-0.1518806634	-0.172507902	-0.1651771787	-0.1359177259	-0.1565289794	0.0050666955	-0.004507586201	-0.1457299582	-0.01560899443	-0.004310346271	-0.1654276642	-0.1622338472	-0.1518964895	-0.1530175899	-0.003955237423	-0.1580828751	-0.0150920191	-0.00146395927	-0.1149940252	-0.01523932239	-0.1505883357	0.05580171725	0.05036408472	0.07084708291	-0.004590070221	0.01450655536	0.02472314379	-0.1642450592	-0.03617884265	-0.1666508962	0.02056431535	-0.009236229587	0.04261011204	-0.02388542129	-0.02621544232	-0.02231436389	-0.003404840396	-0.1584866185	-0.1521510633	-0.1505062718	-0.001264035085	0.003104071162	-0.01367809531	-0.1646770175	-0.1659834399	-0.176400837	-0.02153038959	-0.1462275616	-0.002245961734	-0.008913337129	-0.003366517889	0.1010465915	0.07451475077	0.07616840851	0.07544314372	0.09385764179	0.02006526899	0.01832341982	0.1089561855	0.05057948839	0.02973927307	0.05285762779	0.01639663745	0.07998728071	0.06247461815	-0.02441400382	-0.04128209885	-0.01087756662	0.05228190854	0.004993840405	-0.001122407369	0.03528729471	-0.05551411038	-0.02697177235	0.02323684874	-0.02035944797	-0.05577531558	-0.01666359536	0.06999033807	-0.07460434362	-0.04123131131	-0.06908823264	-0.0467395165	0.05629592498	0.05612065082	-0.03438925442	0.0951879762	0.03731339348	0.05468742338	0.03163356403	-0.00891138639	-0.01447064666	0.07225572138	0.2024843529	0.01595012887	0.05026331991	0.01488655698	0.05919496569	-0.02311238053	0.008199577803	0.03589132967	-0.01299190442	0.006732938465	0.06280437813	-0.06763130292	-0.05792270026	0.07737345406	0.06849137758	0.01725315704	0.05453844935	0.07586518825	-0.1606265027	0.0655453202	-0.01391835474	0.005662765378	-0.04640451977	-0.06830393657	-0.03936373416	-0.02391734	0.06048586475	0.02895169317	0.06441110151	-0.06742292665	-0.03942956952	0.07385495833	0.03398414825	0.01919742352	-0.0262025123	0.03251332505	0.0614820069	0.06191552515	0.07418424422	-0.04264932026	0.02579092391	-0.02079801945	0.02728140091	-0.04544170778	0.03807013642	-0.0166396022	-0.01640416191	0.02533062798	0.01352966744	-0.04264362191	-0.01939081893	-0.02765031129	-0.03477895296	0.07728536409	0.06140603722	0.03340646464	0.08223956525	-0.01452099882	-0.04976400366	0.06380863978	0.01942662702	0.02134241506	0.03870649125	-0.04035328771	0.008125208392	0.07027012655	0.05411067775	0.03259298111	0.05495319443	0.02889389835	0.09342803991	0.02657317308	0.0172283514	-0.01410151836	0.05790912541	0.06492451319	0.06116651489	-0.005238248704	-0.03899259344	0.08772758007	0.04825888574	0.02397946241	0.008692544306	0.06504720644	0.1742756991	0.09280821047	0.0819898223	0.07505962643	0.09586542377	0.07490162575	0.06538098301	0.04109990656	0.06586575905	0.05184707838	-0.03146860816	0.02880101759	0.02197010411	0.03850901962	0.1062306006	-0.03896185114	-0.003660316827	0.01183590107	-0.00549206946	0.04430942981	0.08406221524	0.005333105399	0.03323531376	0.02591504435	-0.05206408512	0.0003880935256	-0.01520200663	-0.1567594325	-0.1154338894	0.08930470666	0.04315553977	0.03198129263	0.03600266231	-0.01374651605	0.04020454222	-0.009277112796	-0.1462497732	0.1132484153	0.0830621322
0.07659639945	0.07149084198	0.2919651869	0.06584594732	0.0196179783	0.01205980917	0.04395419439	0.07558400333	0.05295455644	-0.1768431939	-0.1682240358	-0.1731322471	-0.1603438575	-0.1575176457	-0.1614492895	-0.1613747133	-0.1764276186	-0.1690084784	-0.1626456354	-0.1643105315	-0.03278173047	-0.04682728834	-0.152601695	-0.07710335411	-0.06217766022	-0.1663269506	-0.1603283696	-0.1611491223	-0.1640532192	-0.06920598863	-0.1686127989	-0.04147805517	-0.03167320479	-0.1179423944	-0.05196572284	-0.1614518064	0.09007510267	0.08513350495	0.1101312055	0.02988016548	-0.0252581116	0.05803570333	-0.1867555482	-0.05366485231	-0.1742750415	0.03478956729	-0.05964134909	-0.004940047363	-0.05948195526	-0.03670438807	-0.04843612376	-0.03958583987	-0.1587509926	-0.1561986989	-0.1493902256	-0.06981490322	-0.06390803343	-0.04068374526	-0.1859546259	-0.1791267295	-0.1768625042	-0.0302650491	-0.15493813	-0.03464192435	-0.03488386848	-0.03216709373	0.064074104	0.008987104239	0.0762117971	0.09622933722	0.1005152572	0.04781485674	0.04714225967	0.101321012	0.1150483449	0.108088574	0.004163000338	-0.004103741029	0.1061825954	0.1054953329	-0.01654950358	-0.000938310301	0.08919525628	0.006379613138	0.0688494544	0.0676187552	0.04192933154	-0.01214923913	0.03319110655	-0.07614956982	0.04631608091	0.001932288437	-0.05762874697	0.1157196361	-0.02775173541	-0.00626668168	-0.02774925627	0.03550248217	0.1087017413	0.001954623079	0.04495965317	0.1334633469	0.03650752289	0.01243862332	0.02963667825	-0.01728128343	0.008186272941	0.07478589272	0.01948757443	0.05440623549	0.08733023386	0.06721988773	0.07425580262	0.05891022954	0.08433965586	0.03662648671	-0.004029251052	0.05680318541	0.1323077207	-0.02712731455	0.004659951224	0.03223316917	0.01886085402	-0.06877512897	0.01211577772	0.03392276506	-0.1827472453	0.1062351518	0.01576437391	-0.007666345277	0.01404699237	-0.0220008734	0.01929961513	0.04822462511	0.0292572408	0.02346693752	-0.03019363104	-0.02636035095	0.02932489236	0.02805653731	0.05280054696	0.07710251639	0.02031495732	0.1099629491	0.1296057041	0.1263511574	0.1092022244	0.03583638992	0.05765525718	0.0227561082	0.03218302953	-0.02912669254	-0.01023447568	-0.01897768607	-0.05267431909	-0.01313818841	-0.06324571227	-0.08692953881	-0.0381617995	-0.05262480188	-0.03265355898	0.008850315172	-0.01051858968	0.0984426733	0.1125259748	0.02930686073	-0.06520468867	-0.01024604432	-0.1044267904	-0.04280891063	-0.02911334654	-0.0997791105	-0.04406588206	0.1290439898	0.06675577436	0.006934799504	-0.02019253109	0.04866997874	0.1028447704	0.06831342938	-0.05206907605	0.06351729682	0.09175420615	0.07622717233	0.01686793215	0.04858118072	0.01782990602	0.09684269505	0.1058770059	0.1007410524	0.04605737538	0.1107703442	0.0301514759	0.02486686411	0.03380218266	0.04767423591	0.05495309721	0.1231277851	-0.007454788184	0.09176584459	0.0320339164	0.02891108532	0.02323556713	0.08960770896	0.01730650471	0.02466434225	0.06640160141	-0.01553368153	-0.01169934137	-0.02677154962	-0.04739462999	0.1045377393	0.08630270783	0.047023762	-0.04517166652	0.06018715656	0.001332338664	0.01431537537	-0.0623029322	-0.1541642425	-0.1162105011	0.04835756665	0.05249742243	0.09078641856	0.09251527268	-0.05701058767	0.05036842574	-0.009174540701	-0.1598407396	0.1014403299	0.0551712426
0.0631776727	0.07410092932	0.06584594732	0.300313533	0.08465499904	0.08912039194	0.07594952383	0.04970139188	0.1108086213	-0.1949062163	-0.1870885632	-0.1894884049	-0.17806875	-0.1745394704	-0.1816556697	-0.1766642779	-0.1938204709	-0.1879780887	-0.1800948811	-0.182277523	-0.05895879839	-0.05975635725	-0.1677695974	-0.07570172526	-0.06110697117	-0.1818616871	-0.1750480773	-0.1761898346	-0.1839174639	-0.05468395482	-0.1749809889	-0.08107422445	-0.02445389273	-0.1332886362	-0.04427599182	-0.1698876814	0.08002619869	0.07720046229	0.1282271714	0.01213201975	-0.009813514459	0.05438250593	-0.1990675279	-0.06595754935	-0.1864640508	-0.01797444969	-0.05576425263	0.01408251317	-0.08508707046	-0.05881616689	-0.06777603607	-0.04912879185	-0.1758182268	-0.1784082768	-0.1649276247	-0.06476307649	-0.05831884915	-0.0545495136	-0.2001540088	-0.1992227035	-0.1913501409	-0.0400504183	-0.1737782369	-0.04878397734	-0.04531079668	-0.03653884947	0.03755701022	0.05197493348	0.07863406098	0.101415552	0.1156924514	0.09267509795	0.08759680525	0.06707714227	0.0375016239	0.100718247	0.02929117917	0.03842248573	0.07440723232	0.1034869698	-0.03259174219	-0.02427810941	0.03462914479	0.04833598544	0.06410288412	0.055977704	0.05128649709	-0.00469711893	0.02272298174	-0.0201798108	0.009920546264	0.03862556213	0.01517454258	0.1330089005	-0.003542808173	0.04038216472	0.0523946078	0.01412003305	0.05800604394	0.0895776127	0.02333109633	0.09459775879	0.05197260044	0.08698373935	0.01622612009	0.01647863228	0.03453082372	0.08538592623	0.01907735291	0.0547194849	0.1315349669	0.05282224495	0.04262857089	0.05699063393	0.06096547085	0.08301439428	0.05917541692	0.04868786532	0.0595564656	0.03241748129	0.03655190249	0.0685837234	0.02197546974	-0.04459539202	0.03013700163	0.02228483496	-0.1947667291	0.04198113659	0.03483552848	0.03646693602	-0.001389941568	0.04282734657	0.03106865221	0.01110637899	0.08568276702	0.08254872392	-0.01192149515	0.05015158156	-0.03492438377	0.06561597079	0.01181584272	0.0293349492	0.001024389494	0.07107686628	0.05346082467	0.05460184228	0.1133413894	0.02460966349	0.0122212769	0.00591224563	0.007563500888	-0.03852540958	-0.02883318221	-0.04826603987	-0.03564826486	-0.02478536876	-0.04810368403	-0.09974273539	-0.04266533188	-0.04828214827	-0.05406787821	0.07821011689	-0.07158050124	0.07747632946	0.1083290552	0.06477707266	-0.104478926	0.01273334569	-0.008888929066	-0.01361675129	-0.01255476701	-0.07448239278	-0.005151720413	0.07383969156	-0.01739621878	0.07900402028	0.002557299507	0.02841192118	0.07603501402	0.08466122614	0.002826976949	0.07022023254	0.07074816949	0.1131255984	0.08969068469	0.06083883592	0.06314904439	0.07978195696	0.1001861181	0.09691591163	-0.001374233139	0.1535341722	0.01226892481	0.04600587956	0.05888321325	0.06695995663	0.01648850186	0.04288505923	-0.007198699502	0.05126756251	0.02458530722	0.02573673744	0.02180422868	0.05425821444	0.02675523195	0.03530345068	0.09488493616	-0.029327185	-0.009587991999	-0.00678811567	-0.06280530025	0.09506994822	0.07059557462	0.00962478277	-0.01823084775	0.1503842063	0.005879985068	0.004911908367	-0.06463288173	-0.1845255193	-0.1342291884	0.04665512811	0.05943601114	0.0515016434	0.08187002585	-0.06214550667	0.07714976904	0.02981241086	-0.1790386064	0.08869299466	0.06816210289
0.04734932438	0.0461925089	0.0196179783	0.08465499904	0.3738489708	0.005737417633	0.02318280523	0.08619607642	0.00349525093	-0.1148438731	-0.1008094524	-0.1029317175	-0.09816686223	-0.100775602	-0.1061911324	-0.08842061867	-0.1129299655	-0.1037438354	-0.1378133968	-0.09168920003	-0.004327197552	-0.008530775469	-0.1337455945	-0.0256836831	-0.0156425363	-0.1010428902	-0.1023597052	-0.1011871001	-0.1108878875	-0.01896558688	-0.1045853916	0.0416372858	0.01471475842	-0.09908656081	0.06238245925	-0.09902989959	0.07925570005	0.09580665586	0.07007415662	0.0985557498	0.09946327044	0.09123984811	-0.1180289441	-0.05141912443	-0.1122884207	0.05585083514	0.04499190913	0.02908291385	-0.05856343381	0.04176179647	-0.02676933828	-0.03031850458	-0.1020984683	-0.09761111975	-0.09139799297	-0.02278790564	-0.01827767868	0.01334056476	-0.1156271887	-0.1206102664	-0.1128409677	0.002041626476	-0.1032911446	0.03885708838	0.03411023666	-0.02624416789	0.04816111363	0.06097204641	0.06904251318	0.126954656	0.04998142735	0.01797281228	0.01610685791	0.02224239513	0.02581247714	0.004934061333	-0.02615172339	-0.02030406522	0.04997733184	0.0704877111	-0.04666721551	-0.03562893132	-0.01157006809	0.05354528609	-0.007904500121	-0.01342362001	-0.0110897058	-0.01681041915	-0.007865168638	-0.05077554781	-0.02952966323	-0.02954221043	0.04597459154	0.04003091179	0.005145052318	-0.0103801294	0.001504525097	-0.009082028545	0.0297332066	0.04387237317	-0.0007834867414	0.02853885568	0.06036308077	0.01290160998	0.06522337228	-0.01771139939	-0.03125172539	0.04391557353	0.04262622662	0.01592535893	0.02839017247	0.09845550209	0.05593451858	-0.02800199287	-0.005838733654	0.03001131293	-0.01032120598	-0.002228879474	0.02765811209	-0.003421892566	-0.01711986078	-0.01870326511	-0.01234819952	-0.02103492531	-0.003984343813	0.01023236679	-0.1160535293	0.01354923301	-0.02882139977	-0.03521079655	-0.02660386189	0.0001685956893	0.02084371226	-0.01114448625	0.07439540351	0.02810281786	-0.01663407446	-0.0007610742953	-0.02749875037	0.02602927614	0.05152666198	0.01314878827	-0.0334358418	0.02179994884	0.03273981786	0.0325899917	0.1061554184	-0.04346498013	0.05385728832	-0.02925115868	0.004813682998	0.08706597437	-0.01211406325	0.005108272511	-0.004729614326	-0.02144196463	-0.02469169635	-0.04867033804	-0.01289746964	-0.01785455444	-0.004196936139	0.04418375169	-0.03864453048	0.002557304985	0.05635325821	0.01690063322	-0.05551168276	0.01004595879	-0.02138864504	0.0009322881985	0.002114383766	-0.08095541848	0.02589783519	0.03257346666	0.000177971359	0.02821204866	0.01321209845	0.04720752449	0.06469297956	0.01037598192	-0.03487039992	-0.02346700814	0.1004302767	0.04639263569	0.008391004036	0.04076327625	0.01002102532	0.02778581454	0.02601414421	0.003177202062	-0.00186876055	0.05244851015	0.01941364891	0.004659060966	0.03318432111	0.05144536359	0.02398525066	0.02382278382	0.02622200736	0.03846046604	-0.009272247999	0.01281699013	-0.02685236674	0.05231070155	0.1043227536	-0.01726551663	0.07407990608	0.003904589937	0.05502490025	0.02629908537	0.01667168975	0.02501425136	0.0903700577	0.01091492209	-0.03767561495	0.04046966051	-0.02141038123	-0.02498552888	0.002950990726	-0.1410593683	-0.08391344844	0.00792656657	-0.007369690106	0.07843557338	-0.0009883584725	-0.0167812074	0.001555740592	0.06382153583	-0.1330219554	0.0319796857	0.01493039796
-0.02217700715	0.0605575972	0.01205980917	0.08912039194	0.005737417633	0.4150472906	0.06481636862	0.0155971179	0.1006971103	-0.1282633422	-0.1247575263	-0.1233984052	-0.118210175	-0.1082106504	-0.111693143	-0.1093236579	-0.1260412559	-0.1226731439	-0.09636181059	-0.116542888	0.0385441531	0.0205028908	-0.1073343273	-0.005729790383	0.009781309751	-0.1204424477	-0.1204891021	-0.1049426491	-0.1249427016	0.00362990397	-0.1171812782	0.01254669867	0.02858422807	-0.08271575561	0.01143755616	-0.1074400239	0.01334982157	0.04191945605	0.02484703798	0.05963631542	0.07049798109	0.01767433922	-0.09912058312	-0.008285705796	-0.1103092594	-0.00278022715	0.02354231958	0.0397755338	-0.01483375995	0.008417821674	0.004733922358	-0.02743893286	-0.1131309189	-0.1120775727	-0.1042177891	0.001769061912	0.01234923198	0.03170770123	-0.1104112911	-0.1229545653	-0.1274386114	-0.01523205259	-0.1031834489	0.01042247775	0.0135549052	-0.01045054957	0.01263613871	0.02737992709	-0.000118579518	0.01207281822	-0.008201487426	0.003646280299	-0.0009022639735	0.003667128225	0.00644909224	0.05293416431	0.0655686496	0.02021087226	0.04072629492	0.02292602139	-0.03093346478	-0.04991647879	0.0007234440579	0.05939290858	0.02411059079	-0.008179913835	0.00178550619	-0.01406438494	0.003357537027	0.005350083887	-0.05066343286	-0.02210060794	0.01194878806	0.03564533187	-0.07245149758	0.0007578541069	0.005998300526	-0.01391715823	0.0003036921246	0.06025023574	0.01508117083	0.01615868502	0.02504647657	0.03297588893	0.02248509122	-0.02193605575	-0.009587931363	0.09500921275	0.0362327931	0.07886567395	0.02394174277	0.0258935524	0.03064060321	0.006672266675	0.002113679262	0.03092039978	0.001357887789	0.07184968078	0.06531189182	-0.01265174827	0.01164734278	0.1472912827	0.07116932664	0.07067798499	0.003395189304	0.04517654698	-0.0970501131	0.05753584226	-0.009856403442	0.004171955399	-0.02444745892	0.01146679795	-0.02316942259	-0.05067067191	0.02114488468	0.0003951837444	0.009183375042	0.0002851214911	-0.05538050752	0.0259846898	0.01011663701	-0.0193186195	-0.03818227133	0.1144237151	0.06880609454	0.07165128687	-0.004041196482	-0.01435674152	0.004023788121	-0.0329622032	0.01192307502	-0.02776900999	-0.02515651157	-0.01575805222	-0.02730835355	-0.0002819764619	-0.01903695197	-0.01610690726	0.006261208332	-0.02429576355	-0.05214946305	0.06050495724	0.0007152166409	0.04151451367	0.002879655411	0.0578866408	-0.05520034706	-0.007857530057	0.02784001178	-0.02036989273	-0.01225355793	0.03032339512	-0.008800637783	-0.006558987582	-0.01340093074	-0.01042668003	-0.01339233251	-0.06890916934	0.02898700101	-0.00326075581	0.06263312613	0.01798155472	-0.02168240057	0.003321429218	0.05405221079	0.005109516116	-0.00576345313	-0.01202651885	0.1323086872	0.02867739322	-0.0368976197	0.04141439	0.03506971229	0.0302026761	0.009271142553	0.04056661616	0.0883348492	-0.00750713322	0.08213758454	-0.01054385259	0.03233788353	0.03763316398	0.07302157386	-0.02793122559	0.04814723657	0.03821328731	0.05822042471	-0.007571169754	0.002963700979	0.01362264462	0.01808505805	0.1507672199	-0.003427181906	0.0314892074	-0.0008720951838	0.03048480954	-0.04403192311	-0.008874235058	-0.00212680558	-0.1105093525	-0.09163748781	0.03262622182	0.05624708794	0.008393783703	0.03187355957	0.0003057470059	0.1046881063	0.008638272881	-0.09799841055	0.05501908617	0.08099382838
0.01575582223	0.05022609466	0.04395419439	0.07594952383	0.02318280523	0.06481636862	0.3772797372	0.1052134027	0.03465199177	-0.1524591647	-0.1472666686	-0.1422610947	-0.1383382975	-0.119990067	-0.1080187705	-0.1274630541	-0.147145561	-0.1389181888	-0.1120050302	-0.1386023908	0.07544460395	0.02483232471	-0.1211396755	-0.04889758505	-0.026741746	-0.1146437674	-0.1283771822	-0.1225645393	-0.1142250525	-0.01509839311	-0.1301463991	0.01486678289	0.1083449581	-0.08076659639	0.07378796082	-0.1312942463	0.1147614337	0.1150508091	0.1322142124	0.09824081872	0.07089067497	0.1002431494	-0.1547201073	-0.0141739584	-0.1175554503	0.02219266477	0.01872721278	0.06352056069	-0.03261954791	0.0464090373	-0.02618374077	0.006455345041	-0.1159252814	-0.1227926296	-0.1151171455	-0.01773492955	-0.0260721683	0.0467798499	-0.1362008163	-0.1315914593	-0.1520063993	-0.009447873181	-0.1186416007	0.04424850609	0.06102305932	0.03747030284	0.0759149423	0.05632261134	0.1074899539	0.06906552481	0.04213051974	-0.001306440165	6.95193855e-05	0.01258817133	0.01425176802	0.04687393204	-0.02048716344	0.008988100354	0.0436807617	0.1049659169	-0.02535133525	-0.04080592689	0.0153183647	0.01687111799	-0.007619030658	0.03039147878	0.02703088039	-0.03339231263	-0.0009456123368	-0.0456264073	0.0009609011976	0.001445456389	-0.02179839343	0.09591532701	-0.04463611933	-0.02546448302	-0.02666345513	-0.007528730347	0.02945863681	-0.01521876459	0.01398576397	0.05612631491	0.04268124689	0.002146278779	0.0364510426	-0.02385729853	-0.00523229527	0.0781958648	0.00866945188	0.01436500876	0.0479407748	0.06465687944	0.07304166709	0.01690449813	0.04506896866	0.02788005771	-0.03573777857	0.03289220428	0.04446359645	-0.03521049611	-0.01864259399	0.006028419292	0.005460379893	-0.06438042819	-0.005623856421	0.03809653009	-0.1517247619	0.01467328926	-0.005596299911	0.01300544353	-0.02185431891	-0.02786759578	0.0004543160147	-0.004235633313	0.004082506116	-0.02760855305	-0.01035191134	-0.03019173671	-0.03589468576	0.0340157631	0.07870743187	0.03028352179	-0.03527280007	0.03161826178	0.04904478666	0.05200551565	0.07742215859	-0.02862049154	0.08105626928	-0.03031482454	0.04284020906	0.01079620336	-0.01709011289	0.01412166165	-0.02255205265	0.1000706664	-0.04207167477	-0.06569972497	-0.01573173888	-0.02521681385	-0.02804456041	0.0671168015	-0.02580074196	0.06864648266	0.03312837834	-0.0009658219826	-0.03533957942	-0.00139030104	-0.04276240025	-0.01621038692	-0.01219133497	-0.05855916439	-0.02880382241	0.01592966243	0.03849856936	-0.03830252817	-0.01128849248	-0.0436349666	-0.007302076703	-0.009663872481	-0.007900328485	0.02312720337	-0.02617042855	-0.006727715065	0.01721827858	-0.02173722657	0.01508707821	0.03323651942	0.08262120596	0.0375970017	0.0004590720664	0.06685925393	0.008719482704	0.003958964981	0.02125964799	0.01577584016	0.03782655144	0.01340886982	0.01498629753	0.0019844817	0.03560089587	0.01958735572	-0.00561452552	0.0109140138	0.0917376147	-0.01113802058	0.1050753722	0.01501144376	0.01372148091	0.02741361993	0.05501163462	0.07265174588	0.08536781175	0.0006871459381	-0.02619310911	0.01408742871	-0.01578637765	-0.01587636778	0.05789525843	-0.1172169614	-0.07584166939	0.01773968108	-0.001805063765	0.05991263637	0.04290873555	-0.001777861119	0.05181861426	0.08710561408	-0.117219797	0.04828769991	0.02633424006
0.06526384151	0.05301495391	0.07558400333	0.04970139188	0.08619607642	0.0155971179	0.1052134027	0.3370230408	0.06750557324	-0.1814034155	-0.174357141	-0.1725039397	-0.1648453388	-0.17141989	-0.1478153086	-0.1604615844	-0.1853005894	-0.1634563699	-0.1504514136	-0.1688191951	0.02442899366	0.02017432738	-0.1710076513	-0.07735259764	-0.06439052806	-0.1545180094	-0.1805788969	-0.1717964811	-0.1594169974	-0.04982995177	-0.1778614941	-0.01218990578	0.05786357104	-0.106647101	0.02048306331	-0.1725717352	0.138108441	0.1430462533	0.1407758725	0.07236217851	0.030224063	0.1234262781	-0.1924833143	-0.05009909875	-0.1665782266	0.05066620786	-0.03980281052	0.0356601961	-0.07852809014	0.03299787832	-0.05730996836	0.00557343219	-0.1548549637	-0.1693554029	-0.1660529402	-0.05303327019	-0.06418911256	0.02127765809	-0.174120951	-0.1693270303	-0.1745146438	-0.03150072925	-0.1721624833	-0.03282503941	-0.006377588535	0.008678051084	0.07528209055	0.07315648299	0.1238989045	0.143892334	0.08776535841	0.05174624088	0.05167090868	0.06205381211	0.05319658627	0.0654061945	-0.00697600882	0.00185169308	0.05815732465	0.1148964704	-0.03930952613	-0.04561718013	0.03319970932	0.001964901524	0.01507835166	0.039555745	0.02812891472	-0.01853281857	0.02031484113	-0.07344925516	0.03012764703	0.005174690507	-0.02326249898	0.1200677391	-0.02708781685	-0.00972292122	-0.02591690048	-0.002349121658	0.05852489648	0.006921177134	0.02086635364	0.1036701605	0.0914625988	-0.006286275056	0.06861861884	0.009813447024	-0.009135263217	0.06449304277	0.0152869409	0.01518732311	0.06264501555	0.106981376	0.05488126375	0.03102489419	0.06878633254	0.03844756087	-0.02015014292	0.02531515423	0.06297591447	-0.0301223675	-0.01004502096	0.0261182377	-0.02338636346	-0.08315111785	-0.02831272021	0.0214903027	-0.1883606402	0.02585962929	-0.008269510635	0.005770093894	-0.01263485172	-0.02959230131	0.02033788743	0.006828644723	0.03536233463	0.007329978201	0.004038954004	-0.02683806651	-0.01670035167	0.03248346809	0.09923220372	0.0529383009	-0.01466456091	0.05393418533	0.06555722197	0.06871193715	0.1482955816	0.006967423902	0.09811683492	-0.009289397554	0.03841629254	0.0572944098	-0.02589740348	0.0354480447	-0.02545978027	0.03138787294	-0.04747539669	-0.09255417427	-0.0298470405	-0.006473709835	-0.01939769227	0.05930268841	0.01789598147	0.05294393074	0.08105637927	0.01218128928	-0.04883702115	0.004112865993	-0.07115483936	-0.01755153685	-0.02159603403	-0.08859329317	-0.04419367263	0.07921923584	0.01534881415	-0.02052895991	-0.005421774456	-0.001025203586	0.06309332077	0.02807144727	-0.03277467702	0.01933783671	0.05686294476	0.05099650984	0.01205070113	0.01825433789	0.0168666442	0.08036269789	0.09848791419	0.05462828435	0.02900478815	0.09081075982	0.04128503108	0.02502460625	0.02755655468	0.07243108411	0.04420493701	0.03222191916	0.01349037362	0.01988020178	0.01155093444	0.003418481752	0.01841654709	0.03577945097	0.07265217933	0.01004145453	0.1295861568	0.0115130839	-0.005313025941	-0.001795328726	0.0140973829	0.07902548281	0.133976948	0.03235376857	-0.04496438522	0.03053289083	0.01062378812	-0.01343413976	0.02850218787	-0.1421219247	-0.09494588305	0.04908343622	0.01891942238	0.1159361176	0.05630442942	-0.05328858986	0.02078180881	0.05292093037	-0.1488289685	0.08844589033	0.05804708272
0.03582345974	0.07110592909	0.05295455644	0.1108086213	0.00349525093	0.1006971103	0.03465199177	0.06750557324	0.3356300208	-0.1826444328	-0.1778540691	-0.1767560649	-0.1715015814	-0.1788997708	-0.1741591978	-0.1765597642	-0.1867462153	-0.1771488587	-0.1726061762	-0.184491711	-0.0512848998	-0.06687543536	-0.1742286328	-0.07722749119	-0.06354822097	-0.1863810547	-0.1875748488	-0.1723857185	-0.18074498	-0.06029204078	-0.1841648379	-0.07410640699	-0.05612562895	-0.12914172	-0.0755256722	-0.1789740989	0.04743795556	0.06255184456	0.08867074408	-0.002111630441	-0.02798513466	0.02810287359	-0.195315792	-0.03757517452	-0.1855891882	-0.009019806107	-0.0580537754	-0.01659319368	-0.05594902457	-0.06470875244	-0.04367353429	-0.04265597469	-0.1780224451	-0.1785403321	-0.166982811	-0.0608488359	-0.05351569633	-0.04309784622	-0.1954009964	-0.1892110614	-0.1778186014	-0.0475633577	-0.1752686331	-0.06557694603	-0.06540648227	-0.03244742698	0.05158154184	0.00922532866	0.041246195	0.03272358136	0.06953860345	0.08386105951	0.07902169271	0.07932291832	0.1616152267	0.09635096235	0.1121695448	0.05092271067	0.04758914452	0.1003689798	0.01239252656	0.04605745727	0.004389075004	0.0398108903	0.09979340651	0.03418243025	0.06865348662	0.06309059435	0.01179580872	0.01760554713	-0.007057241524	0.02794976313	-0.001316778899	0.1035486902	-0.002768022577	0.03867646074	0.02819145004	-0.001703273548	0.05781474519	0.03842050897	0.0135882996	0.09896041459	0.05284627881	0.08339629524	0.06915904417	-0.01173768423	0.03534519724	0.06984651953	0.002609355944	0.08385371543	0.07432594409	0.03685319415	0.06996862225	0.05777196832	0.04691491073	0.03065127507	0.04978383887	0.04718266684	0.06928584991	0.04996985535	0.02225783962	0.05961301018	0.02814150241	-0.00692229041	0.005978252536	0.02532006371	-0.1912826291	0.04199989809	0.03438727749	0.006850110939	-0.01936305509	0.02915758101	-0.01927765589	-0.0108384958	0.03213628026	0.04053709965	0.04459737188	0.02661211784	-0.02437830365	0.06821080002	0.009201608862	0.0328589618	0.02821977911	0.1434032552	0.06166014552	0.06475022429	0.04979324534	0.07093507773	0.003114207604	0.03354852651	0.05906996407	-0.03160089583	-0.001821270016	0.0004013354689	0.01379700162	0.004289755163	-0.004649293025	-0.0358106841	0.02900643349	-0.01194487956	-0.007990211376	0.09403275112	-0.0009064941854	0.0966359451	0.06335500182	0.06014474505	-0.08204740077	0.01236225629	0.0009020425009	-0.003782079897	-0.004116025088	-0.0233787563	-0.00414435929	0.04559936877	0.002121252903	0.02757741228	0.01562249286	-0.014296016	0.05800907518	0.04881650182	-0.03133607771	0.06623761192	0.02934588897	0.07709934007	0.1238193751	0.05345556934	0.02382262523	0.05628533779	0.1144181112	0.09486944822	-0.0004673647056	0.09601536695	-0.01390341179	-0.003712438108	0.01210965912	0.01417465399	0.04900033985	0.04622600523	-0.02241133739	0.1283692653	0.09138271255	0.09579184488	0.1029943587	0.1041121549	0.001882998693	0.09416662873	0.05669054862	-0.01745966766	-0.01782149556	-0.07001019809	-0.05400072283	0.133229986	0.05787079302	0.03690778416	-0.04954523857	0.08940186479	-0.03262491599	0.01589736198	-0.08262344482	-0.1729875595	-0.1270414694	0.04605524501	0.06648727341	0.02807579111	0.09797376251	-0.05021352874	0.06067586869	-0.04978948623	-0.1651920875	0.1084067248	0.07321684124
-0.1692581539	-0.174538991	-0.1768431939	-0.1949062163	-0.1148438731	-0.1282633422	-0.1524591647	-0.1814034155	-0.1826444328	1.244820103	1.108722392	1.130544496	1.09506583	0.5589695511	0.563527658	1.076623741	1.129967461	1.106214893	0.5001293724	1.081212459	-0.07526804258	-0.04650159276	0.5226660619	0.03048806682	-0.01578542328	0.5697049065	0.5750011897	0.5596638908	0.5650528798	-0.02533309557	0.5755336584	0.00538572281	-0.05228311218	0.5021456361	0.01867357797	0.5619813208	-0.1807047157	-0.1840049078	-0.2032263224	-0.1019294949	-0.06339813901	-0.1757926397	1.073129492	0.04561639105	0.586188316	-0.0978996639	0.02815677632	-0.08690188988	0.02636753892	-0.04951628386	-0.03034188007	-0.04510032462	0.5661821177	0.5637709709	0.5327802292	-0.02220425392	-0.0206157828	-0.06337708194	1.057441987	1.080932712	1.05447296	-0.007544924198	0.5428775348	-0.03189945175	-0.05239496096	-0.07181433088	-0.1576107338	-0.07070759469	-0.1908822195	-0.1915726147	-0.192329588	-0.1410779332	-0.1409523487	-0.1894470493	-0.1706170351	-0.2030792161	-0.1441871106	-0.1290577701	-0.1941844858	-0.1939126174	-0.1243602579	-0.1176029934	-0.1377062321	-0.127592775	-0.1819679764	-0.144737473	-0.1123166223	-0.1318570894	-0.167914133	-0.09773313928	-0.1092108898	-0.1727500063	-0.1215526287	-0.2094967212	-0.1208198833	-0.1725546911	-0.1532377112	-0.153469256	-0.1608257455	-0.1624135399	-0.1555584875	-0.1943335488	-0.1422478802	-0.1757927888	-0.1330786092	-0.1392087336	-0.1536694344	-0.2115567314	-0.125258275	-0.1762594141	-0.185240553	-0.1791099038	-0.1488068287	-0.1850067645	-0.1844142834	-0.2047976829	-0.1722799339	-0.1789277396	-0.1979652491	-0.1363342212	-0.1683153585	-0.1759812965	-0.1586093626	-0.09789378676	-0.1361188578	-0.1108672163	1.052931033	-0.1716393801	-0.1518126979	-0.1844576341	-0.09997981319	-0.1535019571	-0.1301858863	-0.1649831576	-0.1538165845	-0.1287766219	-0.08512616444	-0.1556348747	-0.1252020156	-0.1487817151	-0.1641855414	-0.1806124176	-0.1490589001	-0.1843562025	-0.1987678376	-0.2003554078	-0.1967462515	-0.1720810011	-0.1680153398	-0.1492536969	-0.1935715404	-0.09446570002	-0.1129806665	-0.1306519639	-0.07850413156	-0.07603975034	-0.06432342603	0.01323186575	-0.09462839347	-0.07858817476	-0.05461103795	-0.1617054411	-0.06907001482	-0.1816887277	-0.1887243894	-0.1825653207	0.053764618	-0.09174684873	0.03524991486	-0.05673055243	-0.05515710592	0.06616519702	-0.09123984841	-0.1852366829	-0.1080051775	-0.1736545531	-0.08586320827	-0.1152594214	-0.1561543329	-0.1967040174	-0.1135614362	-0.1836071175	-0.1327716075	-0.1649365484	-0.1898549824	-0.1447702869	-0.1491761103	-0.192584723	-0.1911197021	-0.2007750173	-0.1288258792	-0.1989027248	-0.1057547933	-0.130865078	-0.1492617142	-0.1367132022	-0.1358094479	-0.1356661436	-0.104055762	-0.1675259887	-0.1560442396	-0.1488502352	-0.1593151329	-0.1850011071	-0.1213444833	-0.1312346294	-0.1426034625	-0.0174365351	-0.08520713934	-0.06996679539	-0.06460265515	-0.1851767704	-0.1880678457	-0.1337278564	-0.09404955455	-0.1627447929	-0.1149009635	-0.1342589904	0.002937918625	0.9808972716	0.5059245919	-0.1648299764	-0.1444413414	-0.1854839333	-0.1932233639	0.0443702765	-0.1675738302	-0.09296636406	0.9274401133	-0.172717814	-0.1590449689
-0.1615806779	-0.16463265	-0.1682240358	-0.1870885632	-0.1008094524	-0.1247575263	-0.1472666686	-0.174357141	-0.1778540691	1.108722392	1.217976182	1.150642823	1.104472063	0.553921045	0.5690559683	1.085667061	1.103614572	1.09404322	0.5042809252	1.087533385	-0.06395631476	-0.07117058118	0.5283590848	0.005775914552	-0.01222213352	0.5427296046	0.5401554249	0.5561533379	0.5382949615	-0.02153860199	0.5579202652	-0.01716096533	-0.04176980806	0.4960180501	-0.003855152675	0.5534556951	-0.170643005	-0.1736158438	-0.1926476973	-0.09274692588	-0.05610267161	-0.1658001194	1.031082889	0.04696112923	0.55418148	-0.08674889876	0.03325297873	-0.078897411	0.04104280546	-0.04001092867	-0.01470867181	-0.0587234952	0.5610436625	0.5726836781	0.5242458751	-0.0187756883	-0.01627587304	-0.05217020257	1.008332348	1.043327217	1.007974485	-0.03054867339	0.5456483984	-0.0170452185	-0.04090052035	-0.05381369143	-0.1519543438	-0.09302144749	-0.1792404157	-0.1803742414	-0.1833609434	-0.1635947322	-0.1636033154	-0.1765962329	-0.166138134	-0.1935244728	-0.1385543871	-0.1606315421	-0.185282293	-0.1841404379	-0.1143504116	-0.1122686874	-0.1615497756	-0.1221462024	-0.1744736193	-0.1677529055	-0.1388104792	-0.1244925744	-0.1592810499	-0.08445610092	-0.1339471653	-0.1625859685	-0.1155951881	-0.200188742	-0.1143429248	-0.1637943139	-0.1457965369	-0.1432492273	-0.1869102	-0.1885854013	-0.146316508	-0.1838613307	-0.1269140902	-0.1767461563	-0.1272605541	-0.1277027351	-0.1479844273	-0.2022735179	-0.1369556075	-0.1677610939	-0.1758458651	-0.1663838748	-0.1397075206	-0.1765460175	-0.1761744472	-0.1952831239	-0.1655009203	-0.1718806156	-0.1897861248	-0.130224456	-0.1597488853	-0.1679760458	-0.1536864908	-0.09359942319	-0.128404674	-0.09728573153	1.012677914	-0.1623130503	-0.1459935138	-0.1694549417	-0.1246720168	-0.1455610724	-0.1216881211	-0.1550841888	-0.141492012	-0.1527070066	-0.1333119124	-0.1473831511	-0.1523429933	-0.1577510337	-0.1528718387	-0.1708579037	-0.1408029095	-0.17467123	-0.189317458	-0.1908761415	-0.1849110832	-0.1644359104	-0.156016178	-0.1398558136	-0.1812672426	-0.07620926946	-0.1010685139	-0.1155465654	-0.063589105	-0.09019318785	-0.05039254176	0.02672000301	-0.08021034295	-0.06383116358	-0.04868159514	-0.1532423535	-0.1076604561	-0.1742236324	-0.179809743	-0.1752643592	0.049968314	-0.1158586663	0.01013866807	-0.04762384685	-0.07850371989	0.07589217571	-0.089779778	-0.1747289091	-0.1037999449	-0.16781275	-0.1100948771	-0.1399848553	-0.1799369436	-0.1892954236	-0.09848644431	-0.1754610331	-0.1593167766	-0.1907352101	-0.1895893652	-0.1383965736	-0.1405361342	-0.1841603196	-0.1795134937	-0.1913818323	-0.1515705858	-0.1889478797	-0.1275752983	-0.1230965444	-0.1389843604	-0.12917401	-0.127836152	-0.12334435	-0.09764409363	-0.1598725341	-0.1555655006	-0.1495044644	-0.1498550149	-0.1766606259	-0.1126372067	-0.1235750546	-0.1324420017	-0.01785340041	-0.07334178606	-0.06618866468	-0.06082669653	-0.1737534158	-0.1733827514	-0.1601937893	-0.08550494618	-0.1884363516	-0.1389160848	-0.1258261339	-0.02490000949	0.9691389911	0.5014275582	-0.1878973797	-0.1667589765	-0.178538649	-0.1850839094	0.04730741586	-0.1607321706	-0.08629806281	0.9170469183	-0.1617228733	-0.1490621721
-0.1653765411	-0.1694008845	-0.1731322471	-0.1894884049	-0.1029317175	-0.1233984052	-0.1422610947	-0.1725039397	-0.1767560649	1.130544496	1.150642823	1.230969746	1.103535744	0.5624634854	0.5689950569	1.100603343	1.113565678	1.113144772	0.5062261715	1.082358249	-0.0641133949	-0.06676477785	0.5282009207	0.003429339971	-0.008690912031	0.545502843	0.5476674941	0.5642780678	0.5398925507	-0.01433925937	0.552286442	-0.01471795792	-0.03980914993	0.5006006237	0.0002227470227	0.5625716319	-0.1743654392	-0.1773151516	-0.1963874679	-0.09656165094	-0.05997917379	-0.1702609847	1.045561404	0.05215951207	0.5620545407	-0.0918353228	0.0419060361	-0.07782514614	0.04122971729	-0.03737593646	-0.01767967809	-0.05753128218	0.5708572907	0.5790882708	0.5325572954	-0.01148532822	-0.01242899731	-0.05594414452	1.025119567	1.055160981	1.024142198	-0.0342875579	0.5525705103	-0.02062042247	-0.03764058543	-0.05368032957	-0.1550042658	-0.09688667532	-0.1825403536	-0.1840776699	-0.1869060819	-0.1666107046	-0.1667667402	-0.1823506762	-0.1660863483	-0.1963222288	-0.1376014088	-0.1564568616	-0.1894323143	-0.1873489982	-0.1183751922	-0.1121801961	-0.1663658753	-0.1228517094	-0.1785784952	-0.1712252411	-0.1387349092	-0.1261672661	-0.1639373818	-0.0861607705	-0.1377373031	-0.1645257087	-0.1159454456	-0.2039282606	-0.1161849433	-0.1669247752	-0.1466928285	-0.1461948762	-0.1895819157	-0.1881590722	-0.1492948555	-0.1878427944	-0.1321921032	-0.1709829479	-0.1295294438	-0.1315465885	-0.1507808141	-0.2051600479	-0.14000721	-0.170499469	-0.1780643082	-0.1719428392	-0.1419473163	-0.1789799127	-0.178267007	-0.1982250695	-0.1679236853	-0.1732478399	-0.1927304135	-0.1317958575	-0.1634493225	-0.1696851843	-0.1555891575	-0.09081625996	-0.130062575	-0.1028583821	1.026484841	-0.1646009638	-0.1489289604	-0.1743363818	-0.1263686938	-0.1484406067	-0.1236277646	-0.159327481	-0.1473026759	-0.1561328353	-0.1140079945	-0.1493711858	-0.1551056054	-0.1430567518	-0.1558942839	-0.1733909995	-0.1439425727	-0.1786340373	-0.1930535705	-0.1946047269	-0.1890458816	-0.1668458109	-0.1594300374	-0.1429571725	-0.1822629446	-0.08192041057	-0.1075660593	-0.1188090213	-0.06755130665	-0.07682535343	-0.05419573883	0.02358357072	-0.08254897215	-0.06673402873	-0.05198063915	-0.156085219	-0.0945062939	-0.1755690745	-0.1834947595	-0.1779143813	0.05962720757	-0.1121476275	0.01554611147	-0.0442874281	-0.07561228772	0.08201754935	-0.0857650275	-0.179118263	-0.1044448008	-0.1672500526	-0.106490189	-0.1439296196	-0.1808519675	-0.1918373655	-0.1006621319	-0.1778144976	-0.1599741148	-0.1922023884	-0.1842266768	-0.1425462854	-0.1424597336	-0.1894004882	-0.1839700418	-0.1941032599	-0.1566619733	-0.1926970201	-0.1323251946	-0.126842256	-0.1441214674	-0.1319624076	-0.131880852	-0.1282711176	-0.09865766563	-0.1629660582	-0.1519803561	-0.1451802129	-0.1508991132	-0.1814102616	-0.1184464184	-0.1232993499	-0.1358138514	-0.008730875218	-0.07352002159	-0.06118081829	-0.05859166343	-0.1779915363	-0.1796991576	-0.1634469674	-0.08786391156	-0.1898784804	-0.143247611	-0.1297671837	-0.0246189974	0.981924483	0.5070690873	-0.190688614	-0.1697260903	-0.1825712489	-0.188128695	0.05684039262	-0.1619221773	-0.08799537273	0.928209279	-0.1656393653	-0.1521680135
-0.1518940586	-0.1577741618	-0.1603438575	-0.17806875	-0.09816686223	-0.118210175	-0.1383382975	-0.1648453388	-0.1715015814	1.09506583	1.104472063	1.103535744	1.16053191	0.5396982027	0.5306245196	1.075561755	1.065069227	1.099109512	0.4820076112	1.049333251	-0.05853863691	-0.06481579544	0.4964883453	0.001213479284	-0.01407527783	0.5222412423	0.5249344128	0.5298209871	0.5123901777	-0.02138516607	0.5212693631	-0.02053840362	-0.03452504641	0.4877510276	0.004109817186	0.531321333	-0.1649296628	-0.168460334	-0.1876577645	-0.08899832426	-0.05555885973	-0.1612391788	1.009136066	0.0386237819	0.534260816	-0.08406520433	0.04106473443	-0.07810872257	0.02936817876	-0.04430090045	-0.02495076486	-0.06212529924	0.5389612833	0.5339632345	0.5275901629	-0.01908405854	-0.01934597648	-0.04979528636	1.004673703	1.025394261	0.988686211	-0.03274111481	0.5204161668	-0.01896018843	-0.03654393328	-0.05618013698	-0.1586126354	-0.0977457537	-0.1753143097	-0.1751535155	-0.1766630291	-0.1722855373	-0.1722692342	-0.1716883791	-0.1594750174	-0.1852703941	-0.1341620158	-0.1540045294	-0.18081446	-0.179334909	-0.1241353853	-0.1174728646	-0.1563204859	-0.1221630382	-0.1676406691	-0.1627718752	-0.1343929891	-0.1173566004	-0.1528699854	-0.09712651683	-0.129628187	-0.1569501153	-0.1089600802	-0.1929709775	-0.1185187497	-0.1572023658	-0.1382606665	-0.1380059052	-0.1771462966	-0.1791853704	-0.1412722153	-0.1783822817	-0.1283367943	-0.1680558545	-0.120573088	-0.1243023365	-0.1405905093	-0.1953303386	-0.1299250508	-0.1630173072	-0.1699233855	-0.1630558063	-0.1398690089	-0.1680307485	-0.1700987772	-0.1861121945	-0.1585702178	-0.1672286443	-0.18425614	-0.1233790731	-0.1529012362	-0.1614584721	-0.1477732953	-0.1070973772	-0.1245691536	-0.1035156843	0.9914261107	-0.1561913461	-0.1384987308	-0.1716781825	-0.119701703	-0.1384198942	-0.1165560647	-0.1503041579	-0.1380586902	-0.1448271769	-0.1093360671	-0.140106309	-0.1449572759	-0.1447152061	-0.1494623113	-0.1642374115	-0.1363881941	-0.1745879455	-0.1856383304	-0.1871336419	-0.1799483726	-0.1584147651	-0.1524495222	-0.1354081401	-0.1784405418	-0.07625290249	-0.09879899823	-0.1159374105	-0.06270636066	-0.07856803074	-0.06242410957	0.01360928135	-0.07883078001	-0.06488518117	-0.04389104193	-0.1504184407	-0.09190794096	-0.1676670693	-0.1708821466	-0.1662884385	0.06111594215	-0.1140755463	0.000744744477	-0.04800580098	-0.07865199443	0.05829299809	-0.08567843838	-0.168585196	-0.1080309812	-0.1588386687	-0.1085230267	-0.1318182015	-0.1745985253	-0.179734088	-0.09940695436	-0.1662648264	-0.1496996377	-0.1824606932	-0.1804843869	-0.1303204888	-0.1330603661	-0.1760313528	-0.1764860121	-0.1834424041	-0.1464005578	-0.1836727055	-0.1221198388	-0.1158923144	-0.1336987353	-0.122231298	-0.1280400793	-0.1259624626	-0.09714211769	-0.1680695756	-0.1620480215	-0.1552215536	-0.1477620506	-0.1723789447	-0.1117920797	-0.1233999433	-0.1370280378	-0.0224169091	-0.07151657676	-0.06059976817	-0.05796319283	-0.1709553354	-0.1707695958	-0.1563081625	-0.09503566896	-0.1798536475	-0.1348673128	-0.1239261822	-0.01366644642	0.9567341576	0.4920469039	-0.1823371138	-0.1608000121	-0.1701983394	-0.1764232162	0.05551712818	-0.1528634374	-0.08058862353	0.9196145247	-0.1566719186	-0.1424870491
-0.1559892417	-0.1508644913	-0.1575176457	-0.1745394704	-0.100775602	-0.1082106504	-0.119990067	-0.17141989	-0.1788997708	0.5589695511	0.553921045	0.5624634854	0.5396982027	1.1354694	0.9123257869	0.5355164575	0.5503264544	0.5688457978	0.8893076176	0.5196058298	-0.0477140185	-0.04843893248	0.9141435276	0.04260466974	0.02800096083	0.9533074789	0.9550522015	1.001598749	0.9179766072	0.01293230625	0.9368028886	-0.007613579337	0.007253758838	0.422984836	0.02404938345	0.9639267021	-0.1637719315	-0.1700759661	-0.187579748	-0.08214605879	-0.03222927973	-0.1671866319	0.5372338767	0.05106390754	0.9595319079	-0.09319346024	0.06665773078	-0.07103442892	0.09929375854	-0.0371165118	0.01528109525	-0.03130788152	0.9660501723	0.9450062472	0.9357295006	0.02033083263	0.02250759965	-0.04161257225	0.5444066476	0.5431485261	0.5186404175	-0.0505260477	0.9702411549	-0.0001138281345	-0.01798709768	-0.02493594308	-0.1352500716	-0.07103946837	-0.1583830114	-0.1773635919	-0.177755869	-0.156186216	-0.1558262387	-0.175846149	-0.168088592	-0.1853492886	-0.1322991453	-0.1297243648	-0.1865220452	-0.1839128057	-0.1161043212	-0.1208427259	-0.1572244266	-0.1130149046	-0.171510832	-0.1649898875	-0.1351716674	-0.1330555725	-0.156547866	-0.09009183877	-0.1297621888	-0.1667426308	-0.09522231212	-0.1956267153	-0.1212595546	-0.162978754	-0.1520360805	-0.1456357795	-0.1798669054	-0.1647827035	-0.1465531635	-0.1804165648	-0.1199557161	-0.1421686757	-0.1298643313	-0.1161418889	-0.1524655459	-0.1778244246	-0.121855478	-0.1705118804	-0.1715502933	-0.168252531	-0.1421136928	-0.1681220071	-0.1710091905	-0.1732429021	-0.1683148629	-0.174793118	-0.1895737219	-0.1393597989	-0.1576155888	-0.1551992062	-0.1355313347	-0.06253820256	-0.113975346	-0.1071415838	0.5264316056	-0.1595830809	-0.1503703218	-0.1754425357	-0.1290873799	-0.1498711424	-0.1214993387	-0.1523457585	-0.1321547456	-0.1551883906	-0.1051120415	-0.1523460893	-0.140335292	-0.1415105222	-0.1331265909	-0.1619700488	-0.1452497369	-0.1791122349	-0.1906654688	-0.191792623	-0.1822760252	-0.1605753702	-0.1352919484	-0.1446791884	-0.1645235181	-0.05962069991	-0.07712499361	-0.09900960597	-0.04958561391	-0.03326655924	-0.02404753606	0.03867782186	-0.07187814052	-0.05710149834	-0.02531474012	-0.1495771734	-0.0697405716	-0.1719765014	-0.1755041742	-0.1755571397	0.04726582973	-0.108752236	0.01355153316	-0.0460821435	-0.07146138341	0.0557523765	-0.06852813009	-0.1761744478	-0.06853745645	-0.1614672102	-0.1063641377	-0.1458538669	-0.1787298225	-0.1856500598	-0.0940229645	-0.168859623	-0.1504619637	-0.1783500876	-0.1643736568	-0.1398282289	-0.1390768846	-0.1784216054	-0.1780568393	-0.1850422854	-0.148152566	-0.1842840848	-0.1254616481	-0.1048430331	-0.1248111268	-0.1292497371	-0.1022520379	-0.1440451463	-0.06839083312	-0.1570109348	-0.1277811486	-0.1169478517	-0.1553513008	-0.1789858704	-0.09124240924	-0.1490216526	-0.1146263451	0.003100121128	-0.0548750899	-0.03547160336	-0.0587421336	-0.1733020456	-0.1609096304	-0.1636772355	-0.07951961155	-0.182279533	-0.1409930144	-0.1268562571	-0.02029409008	0.4958836784	0.4259757975	-0.1705409942	-0.1431576244	-0.1781085237	-0.1793897092	0.0758061287	-0.1350857755	-0.0567034316	0.4925161979	-0.1635117729	-0.1288866659
-0.1722248709	-0.1575688743	-0.1614492895	-0.1816556697	-0.1061911324	-0.111693143	-0.1080187705	-0.1478153086	-0.1741591978	0.563527658	0.5690559683	0.5689950569	0.5306245196	0.9123257869	1.131586053	0.530884394	0.554481187	0.5743647946	0.9066319471	0.514529731	-0.02403703322	-0.0233782524	0.9066126393	0.02560838353	0.00799950205	0.9270391435	0.9057220156	0.925773416	0.9147074453	0.01404743157	0.9119351534	0.009460199105	0.02511676559	0.4524521463	0.02836092693	0.9033081783	-0.1666768018	-0.1725298001	-0.1906827556	-0.08325310615	-0.03463226404	-0.1602431927	0.5428501697	0.07657201475	0.9248336894	-0.08220727512	0.05294549976	-0.06662464198	0.1061483022	0.002046015416	0.01337931479	-0.01652695449	0.9417901696	0.9046957798	0.8712416713	0.01762897953	-0.000310651713	-0.02769346051	0.5502365754	0.5657297814	0.5303570566	-0.02728988742	0.9149963247	-0.008195620424	-0.004337723904	-0.0105983251	-0.1391699184	-0.08220249142	-0.1551701634	-0.1753905168	-0.1843725332	-0.1679229565	-0.1679134136	-0.1781390633	-0.1642960509	-0.1926746891	-0.1300094327	-0.1372138726	-0.1863497572	-0.1861868731	-0.1080439004	-0.1134587815	-0.1698669332	-0.1068053317	-0.1725293939	-0.1776310783	-0.1383964731	-0.1266768699	-0.1583885911	-0.0587542123	-0.1384405238	-0.1493524787	-0.1090800609	-0.2012628587	-0.1164718051	-0.1618918056	-0.1482950108	-0.1494231165	-0.1882271777	-0.1764201685	-0.1484844861	-0.1859327147	-0.1096460608	-0.1541977732	-0.1319016216	-0.1256396464	-0.1478999595	-0.1878893352	-0.1255367381	-0.1665153326	-0.1825838815	-0.1563477555	-0.1342311935	-0.1781850237	-0.1846414586	-0.1804129892	-0.1668797825	-0.1768214569	-0.1893571374	-0.1339178707	-0.1585326164	-0.1550808022	-0.1421475175	-0.06113285617	-0.118101686	-0.08918400962	0.5320452	-0.1633901678	-0.1464113998	-0.1528546918	-0.1296292046	-0.1426435912	-0.1405040724	-0.1595447477	-0.1320370959	-0.1568990994	-0.09638402456	-0.1483684865	-0.143993142	-0.1223661492	-0.1288585658	-0.1687738724	-0.1464341227	-0.1731684435	-0.1905367108	-0.1917386528	-0.1803417778	-0.1691929677	-0.1309437203	-0.1473769914	-0.1495195073	-0.04560242311	-0.08047437766	-0.07249573708	-0.04554282962	-0.0307884524	-0.01991654641	0.04583262117	-0.06398951972	-0.04106440344	-0.01222007454	-0.1430858645	-0.05620996932	-0.1838655078	-0.183761808	-0.1770487136	0.07745103746	-0.09246573647	0.03402907924	-0.02924791003	-0.05754354789	0.08669532602	-0.07613226433	-0.1814793334	-0.07093288549	-0.1655956888	-0.08704883916	-0.1448399016	-0.1839405833	-0.1942146618	-0.08341795539	-0.1761881202	-0.1657111058	-0.1871391026	-0.1703195579	-0.1448971407	-0.1357393317	-0.1880405691	-0.1786328143	-0.192405015	-0.1506126979	-0.1881392396	-0.1288289331	-0.1001268578	-0.1222557291	-0.1308206729	-0.1093666345	-0.1358189569	-0.07602079315	-0.153478098	-0.1341644346	-0.1221382096	-0.1432006577	-0.1737484984	-0.07786341999	-0.1381908981	-0.1185977758	0.004150911285	-0.06777252632	-0.01672474381	-0.01866224106	-0.1738556148	-0.1599986456	-0.1643256359	-0.07817415245	-0.1885382116	-0.1453700252	-0.1307184985	0.0071698684	0.515494777	0.4570926648	-0.1761656919	-0.1438985661	-0.1748671941	-0.1867094321	0.06891155702	-0.1473415536	-0.05987477191	0.4896404855	-0.1709490788	-0.1402627139
-0.1525184394	-0.1518806634	-0.1613747133	-0.1766642779	-0.08842061867	-0.1093236579	-0.1274630541	-0.1604615844	-0.1765597642	1.076623741	1.085667061	1.100603343	1.075561755	0.5355164575	0.530884394	1.190353143	1.062305721	1.067743969	0.4814753163	1.122749606	-0.04713644544	-0.05460418956	0.4965969536	-0.008106126775	-0.02450886213	0.5148257234	0.5202609788	0.5398230306	0.5016042496	-0.02337234662	0.5123755737	-0.01175487132	-0.0311060861	0.4824918861	0.01341582544	0.5346011668	-0.1616848503	-0.1636738297	-0.1834921462	-0.08076981924	-0.04417265134	-0.1523800504	0.9996408377	0.02842390452	0.5424025156	-0.08450058814	0.05496654765	-0.07099737392	0.02718145624	-0.02180831497	-0.02432277412	-0.05902515547	0.5450497949	0.5414795897	0.5408533748	-0.02761623919	-0.02817472748	-0.04394410308	0.9809329764	1.010592349	0.9768282364	-0.02850665788	0.5253822639	-0.009464541819	-0.0257611	-0.05226918128	-0.1675607834	-0.09807231026	-0.1714356212	-0.1723694332	-0.1722598708	-0.1826687161	-0.1825728978	-0.1688638435	-0.1711496506	-0.1829128313	-0.1478250011	-0.1606404073	-0.1764212309	-0.1819216576	-0.1321522249	-0.1284370917	-0.153496564	-0.1177357618	-0.1692173471	-0.1574166758	-0.1277387299	-0.1268471835	-0.1518216729	-0.1056054063	-0.1240191929	-0.1574860895	-0.1051177519	-0.1923614432	-0.1327346981	-0.1552774356	-0.1362975918	-0.1330676604	-0.1778700249	-0.1778037137	-0.1361229147	-0.175940727	-0.120487593	-0.1760545015	-0.1191419318	-0.1211731994	-0.1366546394	-0.1952626302	-0.1275147121	-0.1578538945	-0.1662502051	-0.1591075555	-0.1304891329	-0.167191577	-0.1674424414	-0.1858381484	-0.157232301	-0.1612836006	-0.1812937021	-0.1344017281	-0.1507599673	-0.1604425377	-0.1442522281	-0.1150326636	-0.1184590435	-0.09553480383	0.9820382044	-0.151283975	-0.1353347504	-0.1650399935	-0.1135194663	-0.1352377921	-0.1118249302	-0.1483234428	-0.1379633205	-0.1431952194	-0.1131942175	-0.1390126653	-0.1433929275	-0.1444473289	-0.1441848835	-0.1608947438	-0.1336012261	-0.1826557477	-0.1808765088	-0.1824972209	-0.1766106754	-0.1700893854	-0.1473017218	-0.13260035	-0.1844496877	-0.07355411452	-0.1090252404	-0.1223992934	-0.0734055969	-0.08613376913	-0.08029583678	-0.002510141665	-0.08777183989	-0.07489556475	-0.05738316373	-0.1537360196	-0.08615294017	-0.1630282783	-0.1719273339	-0.1644465453	0.06588376975	-0.1190926549	-0.01067746197	-0.05293574213	-0.07946201786	0.05796005648	-0.09000884765	-0.1693037411	-0.1179806731	-0.1592407366	-0.1135525165	-0.1334553497	-0.1710399375	-0.180566304	-0.1002185536	-0.1651332368	-0.1518713493	-0.1829443347	-0.1866872481	-0.1292493544	-0.1342203141	-0.1766921558	-0.1697921399	-0.1815064674	-0.1425414675	-0.1829609208	-0.120494037	-0.1196710151	-0.1332436944	-0.1240329392	-0.1356561449	-0.1185453296	-0.1048547424	-0.184897673	-0.1788917567	-0.170375077	-0.1447364746	-0.1821312818	-0.09931205721	-0.1190808867	-0.1371156342	-0.03356271287	-0.07036440149	-0.04842026192	-0.04660063367	-0.1643950259	-0.1695777611	-0.1509127218	-0.09678241748	-0.1784646208	-0.1301818801	-0.1219250706	-0.01238843782	0.9504183343	0.4926999195	-0.1807865099	-0.1575040906	-0.1775995724	-0.1743830869	0.05942079212	-0.1507138929	-0.07528832563	0.8985578694	-0.1557370836	-0.1440173516
-0.1690304834	-0.172507902	-0.1764276186	-0.1938204709	-0.1129299655	-0.1260412559	-0.147145561	-0.1853005894	-0.1867462153	1.129967461	1.103614572	1.113565678	1.065069227	0.5503264544	0.554481187	1.062305721	1.231801167	1.091983638	0.4957128298	1.091133167	-0.07056089142	-0.04033412335	0.5189218745	0.03348228675	-0.009807713486	0.5761543275	0.5710149236	0.5453982511	0.5664172557	-0.02075621271	0.580195545	0.01022049203	-0.05028500186	0.4919117203	0.02700212119	0.5517219018	-0.1777080206	-0.1822720588	-0.2013295473	-0.09728799743	-0.05913029332	-0.1736069889	1.058717828	0.03765652475	0.5790126618	-0.09454882105	0.02587966733	-0.08287455629	0.03092385678	-0.04638777722	-0.02189177939	-0.03485853591	0.5634800515	0.5430635379	0.5217305807	-0.01944674228	-0.01743767441	-0.0578175172	1.041146328	1.068335831	1.041173802	-0.009296756684	0.5367689722	-0.02339549216	-0.04927615382	-0.067849982	-0.1547244717	-0.06811637351	-0.1869429848	-0.1939828417	-0.1919001354	-0.1436121166	-0.1435397174	-0.1897355408	-0.1725931671	-0.2006145412	-0.1446302969	-0.1269287763	-0.193631319	-0.1934157901	-0.1243314022	-0.1162072078	-0.1358290361	-0.1265371709	-0.1838194475	-0.1427838257	-0.1091358049	-0.129617997	-0.1661910184	-0.09241342687	-0.1070190472	-0.1728181995	-0.1247203053	-0.2123917999	-0.1184507009	-0.1736294421	-0.1541874028	-0.151632054	-0.1593798088	-0.1577767667	-0.1534315442	-0.1947683399	-0.1414511274	-0.1778148054	-0.1333202715	-0.1403270319	-0.1553789288	-0.209721047	-0.1250738852	-0.1745649426	-0.1836242074	-0.1750460068	-0.1417877631	-0.1825425961	-0.1845125526	-0.202017045	-0.1753086494	-0.1771142706	-0.1972620483	-0.1376311282	-0.1671255284	-0.1726973334	-0.1558188091	-0.09369339504	-0.1297145654	-0.1099204754	1.039154051	-0.1675566831	-0.1542675801	-0.1799632354	-0.09881959567	-0.1526435728	-0.1303456198	-0.162467765	-0.1499100706	-0.1309970149	-0.09978865107	-0.156684324	-0.1262107503	-0.1657864997	-0.1583754299	-0.1776549167	-0.1493705484	-0.1834833614	-0.1972005676	-0.1987844896	-0.1977352274	-0.1729027087	-0.1626781711	-0.1485774846	-0.181212605	-0.08526561752	-0.1108394202	-0.1248428357	-0.07467711939	-0.08930065156	-0.06081197352	0.02275628178	-0.08839691126	-0.07588762082	-0.05179776764	-0.1659083448	-0.07682441159	-0.181903103	-0.187950196	-0.1829071681	0.04495285044	-0.08313662269	0.04014174365	-0.0461353091	-0.04462424604	0.07725454308	-0.09061607836	-0.1845572024	-0.1048176885	-0.1744010787	-0.07669433146	-0.1153231129	-0.1531704004	-0.1965166943	-0.1072504825	-0.182696436	-0.13260294	-0.1649576402	-0.1907316548	-0.1459245642	-0.1493909307	-0.1932181795	-0.1904692342	-0.1994076845	-0.1268926618	-0.1970883485	-0.1066006706	-0.1303906211	-0.1468677197	-0.1393123562	-0.1326913998	-0.1333022799	-0.1038895636	-0.1697056372	-0.156538364	-0.1491694328	-0.1571302946	-0.1883414905	-0.1117975903	-0.1293378803	-0.1459753198	-0.02019295628	-0.07596457286	-0.07020043057	-0.06910950313	-0.184877883	-0.1889466389	-0.1336936454	-0.09521362773	-0.1631669416	-0.1152626142	-0.1355437599	0.000268723232	0.9689025517	0.4985686514	-0.1606649932	-0.1368083583	-0.1866498618	-0.1925339963	0.04100068392	-0.164205253	-0.08885613409	0.9114485464	-0.171664166	-0.1557616437
-0.1626686999	-0.1651771787	-0.1690084784	-0.1879780887	-0.1037438354	-0.1226731439	-0.1389181888	-0.1634563699	-0.1771488587	1.106214893	1.09404322	1.113144772	1.099109512	0.5688457978	0.5743647946	1.067743969	1.091983638	1.232659638	0.5047714679	1.041957414	-0.06266622446	-0.06512200738	0.5288238028	0.01059419789	-0.00457811698	0.5580826668	0.5508664107	0.56025616	0.5369503609	-0.01141358721	0.5467390044	-0.03303723506	-0.03898358247	0.5029167396	0.004413470794	0.570661657	-0.1728938019	-0.1794893464	-0.1983294602	-0.09374677444	-0.05698855662	-0.1714537306	1.039103734	0.05300968898	0.5662379306	-0.09382178044	0.0347646832	-0.07420218426	0.03741368045	-0.04599715758	-0.01294948108	-0.0635603903	0.5706957563	0.5643027447	0.5424207724	-0.009034753984	-0.008510259369	-0.05395480216	1.032041247	1.04710662	1.013455557	-0.04891746588	0.5529979083	-0.02026731279	-0.03726220517	-0.05941003222	-0.1418601721	-0.09280626324	-0.1721624895	-0.1789412888	-0.1835590737	-0.1633776385	-0.1635755421	-0.1812409738	-0.1646930229	-0.1953072591	-0.1358891699	-0.1561223284	-0.1951270515	-0.1899080028	-0.1217248148	-0.1164175327	-0.1672103557	-0.1316339321	-0.1784440438	-0.1730691697	-0.1406688186	-0.1237533193	-0.1599322821	-0.09171601716	-0.1378820946	-0.1675539076	-0.1135723429	-0.2034706223	-0.1150536683	-0.1675992853	-0.1473876917	-0.1485561827	-0.1869063355	-0.1853842022	-0.1503921851	-0.1860838992	-0.130936795	-0.1714438323	-0.1297662365	-0.1317175289	-0.1495238358	-0.1906867864	-0.1388663479	-0.173608136	-0.1788736373	-0.1723870534	-0.1490014933	-0.177689532	-0.1806286732	-0.194320261	-0.1689255888	-0.169214348	-0.196658555	-0.1305619508	-0.1614756307	-0.1616838304	-0.1534590608	-0.09198424944	-0.1279023752	-0.1167170256	1.019205145	-0.1573065248	-0.1473038903	-0.1786287127	-0.1290570531	-0.1484124218	-0.1270484071	-0.1613965034	-0.1443705741	-0.1464884768	-0.1050777956	-0.1501503836	-0.1544008445	-0.1499611632	-0.1457346355	-0.1735445682	-0.1468836595	-0.181029635	-0.1971746997	-0.1986762739	-0.1832187876	-0.1664656256	-0.1491246471	-0.1458526316	-0.1848041166	-0.07685562308	-0.1045699699	-0.1140286274	-0.06827200141	-0.06106674716	-0.05035615657	0.02756033184	-0.07472344937	-0.06841928106	-0.04854506196	-0.1585413005	-0.08408044014	-0.1790517405	-0.1822747931	-0.1763188093	0.06078119891	-0.1114907524	0.01217217235	-0.04358913217	-0.07492342195	0.06791439307	-0.08987824078	-0.1770085412	-0.09213945918	-0.1694360039	-0.1059712734	-0.1417234797	-0.1844208542	-0.1903162531	-0.1065414316	-0.1766618259	-0.1595373561	-0.1928232636	-0.1746083552	-0.1333114123	-0.1357791617	-0.1848014327	-0.1852637158	-0.1930980068	-0.1560917904	-0.1908352724	-0.1306722204	-0.1223252025	-0.1402941981	-0.1300636967	-0.123871999	-0.1401167938	-0.09284067841	-0.1614733842	-0.1476934781	-0.140584181	-0.1571023873	-0.1826762451	-0.1106077768	-0.1383068833	-0.1265997004	-0.00388978417	-0.07897443928	-0.05915945435	-0.06132762926	-0.1797922007	-0.1745969829	-0.1662487924	-0.0917674695	-0.1900729824	-0.1443890727	-0.1328732802	-0.01650983032	0.9816801155	0.5052411814	-0.1812508808	-0.1660196149	-0.1800903336	-0.1875941097	0.05052088296	-0.1539661359	-0.08321615579	0.928853169	-0.1588152587	-0.142993962
-0.1918551266	-0.1359177259	-0.1626456354	-0.1800948811	-0.1378133968	-0.09636181059	-0.1120050302	-0.1504514136	-0.1726061762	0.5001293724	0.5042809252	0.5062261715	0.4820076112	0.8893076176	0.9066319471	0.4814753163	0.4957128298	0.5047714679	1.135179485	0.4761611461	0.007632907022	0.003150341193	0.8996615484	0.05757413264	0.04367129033	0.8819811582	0.8726300803	0.9176128907	0.8789850931	0.04755934427	0.8671690067	0.001012568843	0.01921152213	0.4785186981	2.816616303e-05	0.8643731532	-0.1646458156	-0.1717884694	-0.1890580117	-0.1185127713	-0.07534841028	-0.1227813473	0.4855917582	0.09140735995	0.8926304734	-0.04646015821	0.01124176379	-0.07044267734	0.1572786142	0.02634383453	0.04674736115	-0.02464903434	0.89684812	0.8485561674	0.8383282096	0.05136113313	0.03279547659	-0.005779438881	0.4908064007	0.5019792113	0.4735542795	0.007500295363	0.8833001769	-0.04471917572	-0.04817337683	-0.0156865335	-0.1246272055	-0.08051316696	-0.1701096144	-0.1820995789	-0.1766449106	-0.1580824795	-0.1581995892	-0.1635664986	-0.1742146836	-0.1917318947	-0.1137983481	-0.1198966013	-0.186409423	-0.1868993674	-0.07616276296	-0.09414643447	-0.1641943503	-0.1185009038	-0.178016905	-0.1710196307	-0.1334046804	-0.1313525222	-0.1482048729	-0.03780912341	-0.1290342426	-0.1418431058	-0.07586244903	-0.1975954627	-0.1232301838	-0.1536872377	-0.1387639652	-0.1381075027	-0.1831457441	-0.1534668763	-0.1362829744	-0.1822392706	-0.1178381186	-0.1331630239	-0.140420937	-0.102960262	-0.1282260259	-0.1613388519	-0.1081085237	-0.1643899996	-0.1788662647	-0.1222947702	-0.1482482654	-0.1750533083	-0.1782293793	-0.1499784526	-0.1722483199	-0.1658886089	-0.1907555397	-0.1435066478	-0.1477137116	-0.1303888344	-0.119107149	-0.03094416341	-0.09743380966	-0.09964246028	0.477023466	-0.1511112577	-0.1270071195	-0.1197886771	-0.1207866235	-0.1327070292	-0.1593653542	-0.1429212105	-0.1637546576	-0.1347322399	-0.08461349224	-0.1388259776	-0.1273651361	-0.1178088639	-0.145597533	-0.1664332453	-0.1491790014	-0.1774040345	-0.1902413576	-0.1914376197	-0.1864040018	-0.1659463489	-0.147384205	-0.1496215689	-0.09693353082	-0.08875439493	-0.07160030665	-0.07875306243	-0.05768464055	-0.03125136428	-0.02456182282	0.04005143616	-0.07293287303	-0.03229139059	-0.04686691651	-0.1338262729	-0.04221920344	-0.1780031275	-0.1805754125	-0.1677235504	0.09518359428	-0.07328523816	0.03287985967	-0.01716189482	-0.0434360314	0.08656142597	-0.08517267769	-0.1789919087	-0.08256175975	-0.1474725904	-0.07312010491	-0.1367820913	-0.1770933377	-0.1903035442	-0.07614128281	-0.1748041938	-0.1819695489	-0.1815527955	-0.155109158	-0.1606874211	-0.151322286	-0.180803943	-0.1730124867	-0.1911021041	-0.1360204019	-0.1877872523	-0.1048175626	-0.1050709908	-0.1292563924	-0.1303037495	-0.08670733389	-0.1353880687	-0.0514783426	-0.1453376363	-0.1165096108	-0.09603243866	-0.1342840309	-0.1699668925	-0.09404537013	-0.08257529002	-0.1249308029	-0.04589879996	-0.09965422572	-0.02754725147	0.005667282849	-0.1684706219	-0.1681342927	-0.1648963311	-0.06681729392	-0.1875231805	-0.132865964	-0.1269655775	0.03891810395	0.5301760844	0.4714381613	-0.1496675641	-0.1446954806	-0.1354110875	-0.1868538621	0.03112813532	-0.1333679636	-0.07096553892	0.5272529734	-0.1573419789	-0.1339105383
-0.1561350036	-0.1565289794	-0.1643105315	-0.182277523	-0.09168920003	-0.116542888	-0.1386023908	-0.1688191951	-0.184491711	1.081212459	1.087533385	1.082358249	1.049333251	0.5196058298	0.514529731	1.122749606	1.091133167	1.041957414	0.4761611461	1.198423826	-0.05607067388	-0.03075563661	0.4885789628	0.01362943684	-0.03081173011	0.5442148785	0.5409988727	0.5195763002	0.5310344268	-0.03233185386	0.5488281	0.01298094315	-0.04081506851	0.4709043849	0.03524188416	0.5201122368	-0.1644394894	-0.1671042704	-0.1870890816	-0.08393970145	-0.05294247241	-0.1554992137	1.00969585	0.007336180463	0.5531712695	-0.08777411197	0.0381236579	-0.07470709898	0.02360407127	-0.0329745015	-0.03245814729	-0.03261584735	0.5295623161	0.5272709452	0.5246467476	-0.0390702076	-0.03607184826	-0.05299239548	0.9929903648	1.026256164	0.9869834901	-0.003287880512	0.5043456525	-0.0153922912	-0.0364657081	-0.06150224941	-0.1717761888	-0.06945036039	-0.175919857	-0.176487349	-0.1773353804	-0.1584425999	-0.1580955334	-0.1755345532	-0.1768667242	-0.1879377861	-0.1541538721	-0.1327768023	-0.1800760343	-0.1852532622	-0.1393790882	-0.1349177294	-0.1227934287	-0.123258832	-0.1751196985	-0.1287820958	-0.09973626691	-0.134903782	-0.1574042281	-0.1079400667	-0.09475062671	-0.1601810787	-0.1136399277	-0.1959483967	-0.1402617624	-0.1602528523	-0.1409463118	-0.1387224477	-0.1471240706	-0.1491560707	-0.1418084067	-0.1807288977	-0.1258321229	-0.181923791	-0.1258784618	-0.1260532849	-0.1439901867	-0.1997084433	-0.1124379827	-0.1625407532	-0.1716520298	-0.1649156758	-0.1347198861	-0.1720053869	-0.1725009667	-0.193462688	-0.1656070511	-0.1659587799	-0.1846222477	-0.1417535722	-0.1562510132	-0.1653093375	-0.1497968593	-0.1202957645	-0.1219395606	-0.1003872264	0.9921996845	-0.1566485236	-0.1429652467	-0.1684067247	-0.08583004355	-0.1407127971	-0.1162276638	-0.1513657209	-0.1403532563	-0.1196672469	-0.1132938107	-0.1437321187	-0.1129684709	-0.1681918709	-0.1477981493	-0.1666074264	-0.1407819105	-0.1857590091	-0.1837451418	-0.1853079999	-0.180545442	-0.1739611392	-0.1517095521	-0.1400866865	-0.1858050817	-0.07405248073	-0.11319746	-0.1242270802	-0.07569201569	-0.1087710712	-0.0845083026	-0.003806288239	-0.09023027667	-0.07671514799	-0.05795413014	-0.1612295461	-0.07898417724	-0.1675470854	-0.1758158289	-0.1701735535	0.04511994426	-0.09384021075	0.01763753413	-0.05795607296	-0.05558247103	0.05273772436	-0.09831890365	-0.1727645643	-0.1234537848	-0.1626459179	-0.09026097464	-0.10523952	-0.1417914335	-0.1842122341	-0.1006765001	-0.1715680571	-0.1213286479	-0.1524936579	-0.1955786347	-0.1355938303	-0.1371227946	-0.1808101704	-0.1741846708	-0.1861473509	-0.1132271134	-0.1858676096	-0.09678502603	-0.1230145631	-0.1374473077	-0.1274423177	-0.1389989428	-0.1231943235	-0.1081895958	-0.1881432658	-0.1849272811	-0.176045652	-0.1504712971	-0.1854725048	-0.1053376388	-0.1249544601	-0.1417957217	-0.04836299144	-0.07473854638	-0.05950684819	-0.06050346583	-0.1687058527	-0.1726429482	-0.1246148043	-0.1030993652	-0.1498628155	-0.1023423606	-0.1274348506	0.01116181884	0.9449277342	0.4797177263	-0.152238205	-0.1301844612	-0.1805069416	-0.1788781713	0.0419494406	-0.1580246255	-0.08110437848	0.8919227077	-0.1591994754	-0.148333562
-0.0627322809	0.0050666955	-0.03278173047	-0.05895879839	-0.004327197552	0.0385441531	0.07544460395	0.02442899366	-0.0512848998	-0.07526804258	-0.06395631476	-0.0641133949	-0.05853863691	-0.0477140185	-0.02403703322	-0.04713644544	-0.07056089142	-0.06266622446	0.007632907022	-0.05607067388	0.4992489287	0.2908035929	-0.004151203504	0.05458061251	0.07463162205	-0.03677198028	-0.04894565922	-0.05563077689	-0.041005044	0.08411634955	-0.05566523753	0.1428218058	0.181465962	0.01305727225	0.2031279164	-0.04009578108	0.02971028666	0.01634223275	-0.006827332519	0.08816106285	0.1087173753	0.09736156626	-0.07021549445	0.0677490123	-0.02810386646	0.1325799344	0.1111898228	0.1644071147	0.09413531547	0.2572838872	0.1125002714	0.1273762001	-0.03745127487	-0.03477683211	-0.02730924281	0.08552275115	0.06787008936	0.2208718677	-0.04797258328	-0.05475197676	-0.0870061116	0.163227682	-0.0483545897	0.1139160786	0.1492858088	0.1142568599	-0.02604461222	0.01686206442	-0.01049274741	-0.03434560525	-0.04356996276	-0.0791601198	-0.07863738726	-0.03386337795	-0.04440952775	-0.05644333056	-0.01390593694	-0.05182326078	-0.05061381988	-0.008699818375	-0.002218735949	-0.03131531311	-0.06514084563	-0.03666595009	-0.05997429687	-0.06553198734	-0.05163228035	-0.02516836764	-0.02162207687	0.04186627474	-0.05134150878	-0.01978814109	0.01125340023	-0.02338571612	-0.04709574406	-0.02736462315	-0.03230101204	-0.02118040761	-0.06424787998	-0.02758649261	-0.007837209079	-0.03686211022	0.03540213737	-0.04059180204	-0.01770649252	-0.01242500323	-0.009278629813	-0.01881089252	0.02413384725	-0.04401011294	-0.05934980022	0.09279474601	-0.01165609826	-0.06977536936	-0.06303151825	-0.03415955778	-0.04627093894	-0.04321289829	-0.05707092296	-0.04450593277	-0.02079362165	-0.01389179819	-0.02402977912	0.02758067032	-0.01151999453	0.005297796554	-0.06939260011	-0.03239781048	-0.00831830159	0.01224946845	-0.02676288066	-0.02425676568	-0.04322104563	-0.04337829882	-0.01797842602	-0.01472767246	-0.01087537258	-0.03494484905	-0.0412121685	-0.04359960654	-0.007067228368	-0.05311314122	-0.0433892271	-0.04848918848	-0.04836873374	-0.0529995807	-0.03022668155	-0.06841028554	-0.006554587231	-0.04755689478	0.03270424332	0.0454930754	-0.01679336109	0.03672196532	-0.03147915398	0.0822188713	0.003248502826	-0.0002239983569	-0.03448129896	0.01842080569	-0.006902370707	-0.004727386405	0.04092762812	-0.05359574678	-0.04746724132	-0.01648341612	0.02855119291	-0.01622587605	-0.01233758342	-0.01022177773	-0.002898376902	0.004156880938	-0.02238721004	-0.04109208674	0.04030470287	-0.01813381711	-0.01372416617	-0.03864331247	-0.08025893151	-0.06121600091	0.01037856156	-0.06644069349	-0.06264647432	-0.06875674146	-0.04494513117	-0.05125417283	-0.03943929175	-0.05817772631	-0.0260885919	-0.06616437384	-0.03179886301	-0.04547120616	0.01222353602	0.004355001827	-0.008112565801	0.005522079425	0.03473140788	-0.0271115318	0.05138554608	-0.05333386761	-0.04059822687	-0.01964615161	-0.02711759962	-0.03713904051	0.05967071927	-0.004175418081	0.02278310533	0.06226682795	0.1319793708	0.194804633	0.2446208796	-0.03584726307	-0.0243399872	-0.04626148601	0.02367849972	-0.06589334178	-0.04969713064	-0.02114374575	0.2237846956	0.008656086059	0.008713877388	-0.02625371905	-0.02739221505	0.05759614495	-0.06791556327	0.07736594076	0.009030479436	0.0803870117	-0.002409169487	-0.0286918862	-0.0232187395
-0.06849393389	-0.004507586201	-0.04682728834	-0.05975635725	-0.008530775469	0.0205028908	0.02483232471	0.02017432738	-0.06687543536	-0.04650159276	-0.07117058118	-0.06676477785	-0.06481579544	-0.04843893248	-0.0233782524	-0.05460418956	-0.04033412335	-0.06512200738	0.003150341193	-0.03075563661	0.2908035929	0.5122825025	-0.003225816928	0.09154476328	0.0574742926	-0.009069087566	-0.01924442767	-0.05553453294	-0.0003338330962	0.07864430563	-0.02007587744	0.1859610017	0.1785857861	0.004730855529	0.1941489643	-0.0470449719	0.00445222826	-0.008613037857	-0.02513452658	0.07497951953	0.08810143085	0.07433669285	-0.02441568714	0.05887075973	-0.01448603	0.1363664774	0.08416874475	0.1111349876	0.06207514524	0.2492166306	0.07600532761	0.2264674592	-0.04806736184	-0.03072089368	-0.03761433912	0.07453832614	0.05923165126	0.2137522734	-0.001911163834	-0.02059337811	-0.04388932612	0.1750401602	-0.0477663129	0.1366442597	0.1834770984	0.1234267376	-0.011532961	0.07951755792	-0.004559889439	-0.03425376061	-0.04444176888	-0.03128339714	-0.03243590403	-0.0243121359	-0.07223962349	-0.06900082513	-0.02968472454	-0.01253533808	-0.06945817546	-0.03092800974	-0.03643489819	-0.04331950165	-0.02616257883	-0.06263250753	-0.07753356406	-0.03333076352	0.005428393394	-0.04977990596	-0.04670823077	0.01017055408	-0.006328495468	-0.04227501092	0.006461441889	-0.03577988424	-0.06928857259	-0.04418566757	-0.05024946225	-0.0494071209	-0.02744824534	0.02433264486	-0.0403238779	-0.04256983731	0.0167286082	-0.04593742205	-0.03653563574	-0.02851415769	-0.02853199715	-0.02943140046	0.04133596294	-0.06954538196	-0.06818459225	0.04618576215	-0.03632534382	-0.07820124298	-0.07201922975	-0.02211787595	-0.0488226159	-0.05618120114	-0.07362806132	-0.06857193889	-0.0495166331	-0.02750573253	-0.02878091748	-0.004424394749	-0.02320746132	0.01281786178	-0.02451622337	-0.0459794331	-0.02586407894	-0.01520288128	0.001767276018	-0.04704225953	-0.05538328907	-0.0563301201	-0.01778954892	0.04312937119	0.03757203392	-0.05019173188	-0.001272986352	-0.06812323372	-0.005304862271	-0.04537418948	-0.05699634296	-0.06485128861	-0.06671186815	-0.07123337736	-0.03533237748	-0.07184260679	0.000943131105	-0.06119060843	0.0002454394285	0.03663113799	-0.0287355532	0.02750370267	-0.03639607977	0.06524544379	-0.001750403865	-0.0199417233	-0.03513324683	-0.01246410602	-0.004524922993	-0.03523811462	0.0843880026	-0.06973414204	-0.05541083355	-0.03002336437	0.005433907193	0.03115809886	0.0350107318	-0.01351844904	0.0515093998	0.001774036701	-0.05193498243	-0.04762060639	0.009808973498	-0.01963951857	0.03368293432	0.00252856942	-0.01402941849	-0.07334158855	-0.0147272256	-0.06440336586	0.003233883505	-0.003087097706	-0.06757988787	-0.05827255478	-0.04992585999	-0.06114126607	-0.03778897045	-0.07405587723	0.001418668307	-0.0500170147	0.05888726984	0.01416438187	0.005429869192	0.001901336533	-0.007584118284	-0.04649918596	0.008804080148	-0.07935311863	-0.07111864404	-0.04792827429	-0.05205136686	-0.07292627359	0.07429741099	-0.02535368458	0.01961806572	0.0649669401	0.1365578032	0.2155466753	0.2481838445	-0.04701031252	-0.04206363212	-0.008720245287	-0.02016372444	-0.01554017204	-0.008343058873	-0.04232240574	0.2935450277	-0.008596673456	0.004501780146	0.02221161334	0.02815771712	0.04400848651	-0.07671369782	0.05754067128	0.01183460601	0.1188385157	-0.01005304184	-0.04203527007	-0.007709355999
-0.185992284	-0.1457299582	-0.152601695	-0.1677695974	-0.1337455945	-0.1073343273	-0.1211396755	-0.1710076513	-0.1742286328	0.5226660619	0.5283590848	0.5282009207	0.4964883453	0.9141435276	0.9066126393	0.4965969536	0.5189218745	0.5288238028	0.8996615484	0.4885789628	-0.004151203504	-0.003225816928	1.110391762	0.0313799603	0.01976450789	0.8943584698	0.9000895901	0.8995048613	0.9153692821	0.004394491847	0.929791295	-0.04181084626	0.01442431917	0.4461884877	-0.005051648077	0.8854320363	-0.1628837196	-0.1675344577	-0.1851965143	-0.1048711256	-0.05393379424	-0.1293749712	0.5014566938	0.08849611715	0.8950476505	-0.05595142774	0.03528388017	-0.06060161982	0.1487211785	0.01418582898	0.007678482048	-0.03262557068	0.8957398354	0.901468312	0.8709064559	0.009564802909	0.00991249858	0.004637815077	0.5055252073	0.4998225868	0.4815742172	-0.01524547636	0.8911594836	-0.01931032952	-0.0389731371	-0.02889711868	-0.127686804	-0.07838882705	-0.1539068842	-0.1751778504	-0.1704631505	-0.1636458959	-0.1632096528	-0.1549384767	-0.1579197024	-0.1836183813	-0.1231921087	-0.1295879801	-0.1837975224	-0.1812343825	-0.07553584891	-0.08016465362	-0.1547514317	-0.137629562	-0.1621954014	-0.1634676495	-0.1291735996	-0.1232634646	-0.1385725214	-0.0422686932	-0.1272754049	-0.1417001272	-0.103938156	-0.1952777292	-0.1108985824	-0.1380621041	-0.1273331202	-0.1273819113	-0.1767693925	-0.1596276652	-0.1274399593	-0.1780180614	-0.1157597694	-0.1414949412	-0.162524647	-0.1008166508	-0.1126908008	-0.1778496383	-0.1146546457	-0.1654715424	-0.1693909004	-0.1289822816	-0.1593527313	-0.1676764551	-0.1688508578	-0.152795846	-0.1573619946	-0.1704227855	-0.1854692995	-0.1307417101	-0.1388193554	-0.1489680144	-0.1367935184	-0.05250375682	-0.111208249	-0.09352255149	0.4916789427	-0.1566143076	-0.1114588965	-0.1303473565	-0.1090636124	-0.1254224339	-0.1495491249	-0.1316625484	-0.1464613254	-0.1303855556	-0.1039100436	-0.1273289984	-0.1232137841	-0.1450490461	-0.1301438695	-0.1580734022	-0.1355644244	-0.1738148094	-0.1855374925	-0.1866852645	-0.1794840524	-0.1584823785	-0.1315448899	-0.1359751944	-0.1326755778	-0.1032806038	-0.0771549694	-0.09950805279	-0.08829672641	-0.04649622965	-0.06383476447	0.001153954051	-0.1090284711	-0.05585730682	-0.0564610803	-0.1463010632	-0.05416403131	-0.1685914305	-0.1706401481	-0.1551628111	0.06747528248	-0.09747567982	0.01968242613	-0.03362047366	-0.06298161532	0.06654215131	-0.100242161	-0.1714303733	-0.06358293336	-0.1392421767	-0.09289213291	-0.1286816485	-0.1749322657	-0.180515908	-0.08517492918	-0.1669246406	-0.1743570338	-0.1737745578	-0.1614857923	-0.1694668789	-0.1642212152	-0.1734256408	-0.1803369608	-0.1821288625	-0.1293737149	-0.1748181298	-0.119506821	-0.09256255035	-0.110553752	-0.1180547408	-0.1024932685	-0.1413840456	-0.06946456036	-0.1393498249	-0.1293191692	-0.1031074302	-0.1294829937	-0.1556716005	-0.0774619453	-0.1129953606	-0.1238427478	-0.02918579217	-0.07770518357	-0.01980913574	-0.01579885666	-0.1754447001	-0.1597942487	-0.1605048982	-0.06034784895	-0.1773827565	-0.1229308578	-0.1167104932	0.02382193729	0.5048059119	0.4342923415	-0.1644358663	-0.1423709175	-0.1401780212	-0.1789877145	0.06205798595	-0.1371205409	-0.04718554202	0.5095284828	-0.1605226703	-0.1355607942
-0.04365903951	-0.01560899443	-0.07710335411	-0.07570172526	-0.0256836831	-0.005729790383	-0.04889758505	-0.07735259764	-0.07722749119	0.03048806682	0.005775914552	0.003429339971	0.001213479284	0.04260466974	0.02560838353	-0.008106126775	0.03348228675	0.01059419789	0.05757413264	0.01362943684	0.05458061251	0.09154476328	0.0313799603	0.5184240377	0.357070422	0.05613403673	0.06202795255	0.04175945169	0.05476745003	0.2746170616	0.06219351482	0.1084671386	-0.006948443517	0.007276007604	0.07809381105	0.01420325804	-0.07593564421	-0.08671916939	-0.09512233583	-0.01331228286	0.02123456259	-0.0425186164	0.04335770344	0.1074161336	0.03476253351	0.02065627619	0.08691198695	-0.005740848101	0.1385679046	0.05032702068	0.192609569	0.07239822189	0.0242660385	0.01982747427	0.001367222189	0.3000087798	0.3076864442	0.07574666707	0.04426240616	0.02961158177	0.0265403309	0.09296043468	0.04866014418	0.06007790398	0.06223203017	0.04114577138	-0.007974440339	0.03272440201	-0.07358446838	-0.09247074205	-0.07365605678	-0.02549455587	-0.02385870109	-0.06920870299	-0.07147190751	-0.07488589842	-0.002391975842	0.0384257473	-0.08286463421	-0.08329708397	0.0256299971	0.006112721344	-0.02364299021	0.01743624611	-0.05477410903	-0.03470709582	0.00967826433	-0.0144769737	-0.04534124859	0.07831335411	0.0003918865537	-0.05093549661	0.08020290555	-0.09640772238	-0.008087043542	-0.0369183336	-0.03467069737	-0.03857021883	-0.02911361994	0.005447666512	-0.04496935054	-0.08150712531	-0.04975919136	-0.01631770516	-0.01815003407	-0.02230717172	-0.008115233845	-0.06185807215	0.02175135649	-0.05707315535	-0.09082701495	-0.04134495108	-0.0430069507	-0.04612662864	-0.07587120022	-0.03204669116	-0.03211685405	-0.06416819735	-0.07935478795	-0.02655073145	-0.03179117135	-0.01547831475	0.007638289281	0.08902607014	0.01280111646	-0.005186142369	0.04048633112	-0.05389953569	-0.004989887172	-0.004177169224	0.01153786691	-0.03492424339	-0.0184257962	-0.04763562314	-0.01560065024	-0.03554185359	0.02116768007	-0.03541250591	0.01705976718	-0.04122207143	-0.0478667156	-0.05509552867	-0.03570783045	-0.09303080218	-0.08641383721	-0.08589013028	-0.08507144204	-0.02904710882	-0.0490945933	-0.03785817192	-0.01761982553	0.02517429499	-0.007034527517	0.01749756096	0.01808094461	0.02763691309	0.06131818902	0.08850308484	0.01788627513	0.008644541039	0.01807896601	-0.02732097276	0.0634763095	-0.08268528033	-0.08841324797	-0.05747665027	0.03162677299	0.006567856253	0.05340531948	-0.0153275493	0.03492601747	0.04006894724	0.03605893477	-0.06630942117	0.008599108744	-0.01370280306	0.01389843222	0.002004788579	-0.0541850785	-0.06094649457	0.02447427324	-0.03437692066	-0.02233601496	-0.04104723286	-0.02907213991	-0.0467358418	-0.02908806618	-0.07083727426	-0.08830943745	-0.07927287445	0.00141325572	-0.0923649484	0.03747167199	0.006868880896	-0.01441285189	-0.03012149846	0.02072416675	-0.03900159186	0.06822480686	-0.05388180928	0.01484802898	0.01804154633	-0.03072326295	-0.07251180315	-0.02177614673	-0.008265384507	-0.02797667103	0.06560031524	0.01503234181	0.02558364253	0.05629122053	-0.08992307157	-0.06901573478	-0.02612734187	0.04192851425	-0.04082404187	-0.008744392507	-0.01736151605	0.0758651732	-0.008328768177	0.005301907209	0.0001607876776	0.01137795687	-0.05017692382	-0.06349667988	0.09867755105	-0.01135922524	-0.01432480578	0.006823902112	-0.07916191741	-0.05058673955
-0.03822368643	-0.004310346271	-0.06217766022	-0.06110697117	-0.0156425363	0.009781309751	-0.026741746	-0.06439052806	-0.06354822097	-0.01578542328	-0.01222213352	-0.008690912031	-0.01407527783	0.02800096083	0.00799950205	-0.02450886213	-0.009807713486	-0.00457811698	0.04367129033	-0.03081173011	0.07463162205	0.0574742926	0.01976450789	0.357070422	0.4809954163	0.006432363468	0.01265011204	0.02494131958	0.004148753733	0.2894556839	0.01355300228	0.07580485291	0.009639536495	0.01659239556	0.04642357582	0.00747899216	-0.06459376099	-0.07242410558	-0.0812694422	0.001258478361	0.03383098078	-0.03080314059	-0.003701101299	0.09994633434	-9.706160071e-05	0.02867057631	0.09621464574	0.01778949879	0.1415443294	0.07031138856	0.2054518346	0.04039291449	0.008318957203	0.01660246901	-0.004596727197	0.3106485703	0.3188920567	0.08732221956	0.001547503204	-0.01784741001	-0.01793269301	0.06161905101	0.02915337266	0.08559661021	0.08788690448	0.06299034669	0.00829182596	-0.003319106437	-0.05669065949	-0.08209832172	-0.06177800271	-0.06781972297	-0.06611877614	-0.06232113643	-0.05421212527	-0.0678227462	0.01230707952	0.01356159027	-0.07404588914	-0.06838711647	0.0351426978	0.02449013974	-0.0638134015	0.03197945224	-0.04707806919	-0.07294594825	-0.02595676358	0.0001075370273	-0.03534407348	0.09751529548	-0.04027277844	-0.02489361345	0.09300557135	-0.08176896862	0.007742424339	-0.01890109365	-0.01715832926	-0.02804182357	-0.0737833425	-0.02787181692	-0.03723180904	-0.06576642091	-0.03110048434	0.0005216297107	-0.008113708506	-0.01343830918	0.01147006015	-0.04791753674	0.01161503458	-0.03928718566	-0.07596052754	-0.028565018	-0.03243297315	-0.03772830053	-0.06350984139	-0.02620739021	-0.01470207288	-0.04934489703	-0.06688149554	-0.008341071684	-0.02334199832	-0.005052011107	0.02154362115	0.110487957	0.02296854763	0.005794866761	-0.004547191584	-0.03931834294	0.01267406815	0.01163419027	-0.0271346218	-0.01835107732	-0.009981244198	-0.03656517372	-0.006554212137	-0.07860262834	-0.0188238595	-0.01789362475	-0.02390735619	-0.0299934265	-0.03442533437	-0.0445309535	-0.02214384246	-0.07928871018	-0.07230902183	-0.07219558268	-0.07033363008	-0.02331154123	-0.03399838354	-0.02632802026	0.003592250496	0.03485504374	-0.003703689673	0.0250477917	0.02600364753	0.04908362087	0.06755195353	0.08911343114	0.02605004592	0.01635063089	0.01782625682	-0.008828416604	0.03228527933	-0.07422307937	-0.07949461422	-0.04608023257	0.04058610728	-0.03367301623	0.02452768145	-0.0007930848469	-0.007014369805	0.05180596345	0.05341491124	-0.04939040356	0.03362376087	0.001181607352	-0.02693635683	-0.03631574783	-0.08375342326	-0.04754257889	0.04367072251	-0.03086703551	-0.05263233566	-0.0706298623	-0.01107578625	-0.03278062217	-0.01356806105	-0.06148568556	-0.07517189275	-0.07218369528	-0.04015749991	-0.07818066173	-0.0064232023	0.01391345109	-0.01190615746	-0.01979109405	0.03409594353	-0.02116834576	0.08575974184	-0.04400296753	0.03519922143	0.03539707508	-0.01081005653	-0.06045036558	-0.007665208918	0.004729045669	-0.009197744243	0.07874446569	0.03246317587	0.04118818006	0.07711217614	-0.07512410364	-0.05486229738	-0.06851951346	0.0633381603	-0.07008293704	-0.05273981159	0.0004951431215	0.04716593504	-0.008882574833	0.01332701854	-0.02651291851	-0.01987239367	-0.03996150899	-0.06090959439	0.1104619095	0.004464649555	-0.0001455579365	0.005785585264	-0.060359936	-0.04190192201
-0.1678930017	-0.1654276642	-0.1663269506	-0.1818616871	-0.1010428902	-0.1204424477	-0.1146437674	-0.1545180094	-0.1863810547	0.5697049065	0.5427296046	0.545502843	0.5222412423	0.9533074789	0.9270391435	0.5148257234	0.5761543275	0.5580826668	0.8819811582	0.5442148785	-0.03677198028	-0.009069087566	0.8943584698	0.05613403673	0.006432363468	1.164424063	1.050900656	0.9305835968	0.9535522788	0.01573254135	0.9535966542	0.02531402941	0.0115441088	0.4322341385	0.06958758308	0.969331588	-0.1712576211	-0.1807129998	-0.1984592325	-0.08967759269	-0.04601492557	-0.1751380445	0.5485369529	0.05137082767	1.011363791	-0.09923965182	0.0339213581	-0.07590047353	0.09577509422	-0.02537471696	0.001885606726	0.009049673698	0.981049164	0.9176763406	0.9230827586	0.01980021174	0.001378972986	-0.05609962932	0.5776692213	0.5784796059	0.5449021995	-0.02029225905	0.9147221611	-0.01888223468	-0.01262592048	-0.02061141549	-0.147280167	-0.06216101245	-0.1670780954	-0.1805809811	-0.1855755877	-0.142790508	-0.1421842809	-0.1847970704	-0.1713812987	-0.1940058111	-0.1452537514	-0.110429368	-0.2013914215	-0.195080177	-0.1299599026	-0.1269175166	-0.1394251451	-0.1197087962	-0.1774630245	-0.1456250033	-0.1103900547	-0.1353557286	-0.1635579098	-0.08132755003	-0.1119550573	-0.1524221513	-0.1066486248	-0.2060838787	-0.1222762921	-0.1628474088	-0.151758743	-0.154334156	-0.1561698305	-0.1402682781	-0.1566880312	-0.1913835057	-0.124114152	-0.1530678766	-0.1433561004	-0.1297465102	-0.1558581662	-0.1886909809	-0.1174444193	-0.1750245454	-0.1824558687	-0.1725120637	-0.1560864752	-0.1793284132	-0.1825365014	-0.1899153256	-0.1660104953	-0.1789497162	-0.2041152451	-0.1368774675	-0.1650357729	-0.1680278378	-0.1537100182	-0.08126854028	-0.130256231	-0.1258601994	0.5382029098	-0.1647043991	-0.1551088869	-0.1704220485	-0.1024360787	-0.1515420773	-0.1281169892	-0.1652624789	-0.1453936843	-0.1216553509	-0.07043239492	-0.1522197008	-0.1239354771	-0.1515906988	-0.1452895232	-0.1760990893	-0.1508850872	-0.1870850086	-0.2028518663	-0.2039803278	-0.1854512737	-0.1687160017	-0.1474746966	-0.1517502532	-0.1662935661	-0.05036289313	-0.08998593254	-0.0885396265	-0.04230719698	-0.05117064431	-0.02693272993	0.03662964729	-0.05985683297	-0.04914385905	-0.008022254669	-0.1600311134	-0.05019152128	-0.1822838344	-0.1831735738	-0.1760777758	0.04587056217	-0.06452545101	0.06098417831	-0.03652705014	-0.03747517502	0.06251958436	-0.07750072836	-0.1853607936	-0.09221402022	-0.1707508945	-0.06099517986	-0.1171946643	-0.1610694907	-0.194735374	-0.08979374701	-0.1800542228	-0.1293970328	-0.16149759	-0.1661642849	-0.1446040912	-0.1226320696	-0.1847212817	-0.1915250186	-0.1939465117	-0.1319620855	-0.1943936641	-0.1057186859	-0.1176627259	-0.1416537021	-0.1391941932	-0.1272555519	-0.1585392599	-0.0897628849	-0.1732686214	-0.1474226781	-0.1360426646	-0.1605802868	-0.1868354621	-0.1032885804	-0.1676777463	-0.1375456997	-0.005926900293	-0.06735023986	-0.02797751011	-0.04723959114	-0.1865766468	-0.1711276621	-0.1440671161	-0.08967870563	-0.1529298529	-0.1168556401	-0.1353878196	0.01897369592	0.5054061113	0.4412343087	-0.1499372582	-0.1253407666	-0.185662838	-0.1852109434	0.05045032479	-0.1474126593	-0.07084431203	0.4907322352	-0.1696802536	-0.1362346501
-0.1642012636	-0.1622338472	-0.1603283696	-0.1750480773	-0.1023597052	-0.1204891021	-0.1283771822	-0.1805788969	-0.1875748488	0.5750011897	0.5401554249	0.5476674941	0.5249344128	0.9550522015	0.9057220156	0.5202609788	0.5710149236	0.5508664107	0.8726300803	0.5409988727	-0.04894565922	-0.01924442767	0.9000895901	0.06202795255	0.01265011204	1.050900656	1.138664917	0.9465985064	0.9251991499	-0.004962411087	0.9499013826	0.01888486141	-0.003077000774	0.4181920032	0.04856506112	0.9626928387	-0.1705994058	-0.1731311221	-0.1905868162	-0.08287420326	-0.03362145147	-0.1668696922	0.5455708019	0.04945089626	0.9938834972	-0.09287101764	0.05390127073	-0.06743052737	0.0940646622	-0.03826621568	0.003651165212	-0.005073057566	0.9708731414	0.9246198717	0.9341774365	-0.001129200404	-0.003871601704	-0.04598597667	0.5598392843	0.5629270904	0.5419991431	-0.01851581352	0.9302143223	-0.01319024523	-0.02772737999	-0.03380385635	-0.138969113	-0.06014515734	-0.1685504056	-0.183094994	-0.1842376575	-0.1451142576	-0.144731604	-0.1786876771	-0.167143547	-0.1913239901	-0.1402987223	-0.105289046	-0.1919820124	-0.1875196236	-0.1244060849	-0.1219043901	-0.130605236	-0.1151997865	-0.1731842662	-0.1397011026	-0.1042372003	-0.1290477844	-0.1606121963	-0.09700737736	-0.1010990227	-0.1674498015	-0.1090637091	-0.2050425972	-0.1166895426	-0.1636648809	-0.1517300286	-0.1480831931	-0.1501132804	-0.1405710221	-0.1475237911	-0.1901752905	-0.1274876042	-0.1503114152	-0.1366934263	-0.1281106716	-0.1575339099	-0.1888448689	-0.111681409	-0.1720823435	-0.177648676	-0.1638366446	-0.1477217119	-0.1778121962	-0.1799363223	-0.1849759599	-0.1663230376	-0.1698708732	-0.1933142465	-0.1354868256	-0.1593410895	-0.1629004765	-0.1517352692	-0.07816678033	-0.1261286495	-0.1163631588	0.5351218689	-0.1593839308	-0.156241386	-0.1865808368	-0.09560311112	-0.1463883122	-0.127931202	-0.157725274	-0.1382227841	-0.1169096905	-0.07360889501	-0.1522467351	-0.1183646346	-0.1538954095	-0.1437578197	-0.1669145231	-0.1430689235	-0.1820239373	-0.1915453884	-0.1926277605	-0.1868460202	-0.1657025101	-0.1457767587	-0.1436032225	-0.1745095127	-0.06884929716	-0.08155207381	-0.1037565648	-0.06087537762	-0.05142159622	-0.04458060233	0.02426341243	-0.07666184705	-0.06435937712	-0.02670350059	-0.1558163427	-0.05310072949	-0.1757860994	-0.1814117085	-0.175607253	0.03760528081	-0.0742601394	0.04322389613	-0.0466034781	-0.0441008755	0.05419750225	-0.07107530572	-0.1828538286	-0.08645739302	-0.1634584208	-0.07082155151	-0.1133989646	-0.1534580696	-0.1913830977	-0.1047228019	-0.1776458715	-0.1270800802	-0.155838097	-0.1647908275	-0.1399530124	-0.1374075906	-0.1837902774	-0.1893798336	-0.1910273398	-0.1215293317	-0.1885766049	-0.102207257	-0.1129363011	-0.1329628096	-0.1315452659	-0.1144067659	-0.147918491	-0.08127133744	-0.1621143085	-0.1370311154	-0.1260758338	-0.1580831758	-0.175475852	-0.09156741513	-0.1616263871	-0.1388642068	-0.01477427493	-0.06126061795	-0.03853249342	-0.06669523997	-0.1846338302	-0.1724618952	-0.1360786409	-0.08765345676	-0.1534652507	-0.1123313072	-0.1282021335	0.004060903595	0.4867450806	0.4206158071	-0.1417460512	-0.1173593726	-0.182954247	-0.1868957682	0.07325428311	-0.1476590044	-0.06168857064	0.4707873855	-0.1667347832	-0.1374565033
-0.1633412639	-0.1518964895	-0.1611491223	-0.1761898346	-0.1011871001	-0.1049426491	-0.1225645393	-0.1717964811	-0.1723857185	0.5596638908	0.5561533379	0.5642780678	0.5298209871	1.001598749	0.925773416	0.5398230306	0.5453982511	0.56025616	0.9176128907	0.5195763002	-0.05563077689	-0.05553453294	0.8995048613	0.04175945169	0.02494131958	0.9305835968	0.9465985064	1.142434223	0.9173867279	0.008749212275	0.9362959969	0.009030952175	0.008481948424	0.4289269579	0.0248180966	0.95761509	-0.1646075252	-0.1697891096	-0.1877853362	-0.08254623419	-0.03267270682	-0.1675856818	0.5455842988	0.0559374855	0.9647158012	-0.08838232552	0.06473415177	-0.0717580508	0.09418747914	-0.02709490405	0.01483441065	-0.02834080487	0.9692263699	0.9289515654	0.9301728978	0.01619131413	0.01679685666	-0.0362296515	0.5411941426	0.5532070507	0.5299953129	-0.03950554985	0.9788500185	-0.003041887264	-0.02112486623	-0.01458534024	-0.127647692	-0.07290383076	-0.1548076958	-0.1776729087	-0.1779783978	-0.1487690479	-0.1486363357	-0.1754105982	-0.167223467	-0.1852274333	-0.1337848058	-0.1296657355	-0.1831372062	-0.1862076213	-0.1229611132	-0.126127859	-0.1647259361	-0.1022951099	-0.1751667189	-0.1747524786	-0.1358740719	-0.1395552122	-0.1636580481	-0.09342005233	-0.1321603	-0.1724688642	-0.09821960383	-0.1942690466	-0.1246305113	-0.1667930132	-0.1584272747	-0.1551817485	-0.1852797738	-0.1614754445	-0.1546522595	-0.188313176	-0.1238174798	-0.1414210184	-0.119128777	-0.1163390239	-0.1538416618	-0.1653092186	-0.1208175671	-0.1722125399	-0.1788569844	-0.1669799257	-0.1301530032	-0.1690857479	-0.1771383653	-0.171709035	-0.1669343831	-0.167007008	-0.1905641706	-0.1467149214	-0.1626668415	-0.1475366378	-0.1200297031	-0.05874284418	-0.1150625995	-0.1037465586	0.5339755102	-0.1530554076	-0.1532854861	-0.1767387296	-0.1322958598	-0.1533140885	-0.1298671931	-0.1588070483	-0.1344953659	-0.1436716976	-0.1005856612	-0.1584782433	-0.1398534666	-0.1329088426	-0.1294026614	-0.1620182404	-0.1491716295	-0.1761810348	-0.1863229456	-0.1875281025	-0.1805189824	-0.1641850452	-0.1316032764	-0.1503009719	-0.1655026197	-0.05839749795	-0.08311022701	-0.09893278968	-0.04524211246	-0.0320590552	-0.01486472123	0.04973309748	-0.06401463639	-0.057178588	-0.02356043125	-0.148986211	-0.07295582038	-0.1788911074	-0.1789590439	-0.1787228507	0.06010238714	-0.1017531907	0.01690875763	-0.04449935125	-0.06591704662	0.07107036621	-0.06993403045	-0.180232972	-0.07882951897	-0.1601304943	-0.09912001889	-0.1450124524	-0.1794997827	-0.1912186764	-0.1022488651	-0.1680542836	-0.1507758018	-0.1756573609	-0.1588069258	-0.1355501691	-0.1355104914	-0.1793471755	-0.1706121317	-0.1848405791	-0.1554088376	-0.1857959161	-0.1244576669	-0.1114902107	-0.1266818042	-0.1304933683	-0.1058973033	-0.1391048603	-0.07213077286	-0.1599024362	-0.1270923096	-0.1208390058	-0.1433707267	-0.1840853308	-0.09088110927	-0.1318701149	-0.1193281551	-0.001968070533	-0.06284109372	-0.0396722597	-0.05331170459	-0.1659641521	-0.1634080429	-0.1637281197	-0.09494603041	-0.1825264741	-0.15073948	-0.1311368384	-0.01746454363	0.4943756604	0.4331699895	-0.1690707519	-0.1477333298	-0.1808675981	-0.1794070602	0.07936472014	-0.1453638396	-0.05555015564	0.471549358	-0.1659648183	-0.1309328311
-0.1659471851	-0.1530175899	-0.1640532192	-0.1839174639	-0.1108878875	-0.1249427016	-0.1142250525	-0.1594169974	-0.18074498	0.5650528798	0.5382949615	0.5398925507	0.5123901777	0.9179766072	0.9147074453	0.5016042496	0.5664172557	0.5369503609	0.8789850931	0.5310344268	-0.041005044	-0.0003338330962	0.9153692821	0.05476745003	0.004148753733	0.9535522788	0.9251991499	0.9173867279	1.126998847	0.0148427115	0.9909507865	0.03294289478	0.01759066584	0.4139917954	0.05911237664	0.8944001716	-0.1699125698	-0.1762756117	-0.1948472915	-0.08565468521	-0.04550888946	-0.173548399	0.5472740795	0.06348060424	0.9429768479	-0.09790184434	0.04626015663	-0.08693628203	0.1066728969	-0.02458041869	0.004039074245	0.01304505452	0.919814879	0.907527062	0.8780233039	0.01912162342	-0.0001225115054	-0.04336723695	0.5661767816	0.5678385451	0.5323606263	-0.01997101213	0.9066542629	-0.008092434373	-0.00932834702	-0.02237325556	-0.1360866277	-0.05783488821	-0.1637536357	-0.1841673802	-0.1865538014	-0.1374058779	-0.1370412482	-0.183501413	-0.1734718231	-0.192532268	-0.136560648	-0.1065791957	-0.1935167215	-0.191106943	-0.1185663096	-0.1250913689	-0.1296549957	-0.1164045119	-0.1765146916	-0.1378667668	-0.1030254226	-0.1343490857	-0.1701755346	-0.07553310898	-0.103060399	-0.1559047166	-0.1065046669	-0.2066027329	-0.1235770888	-0.1677461918	-0.1573018792	-0.1536738966	-0.1528540495	-0.1366684555	-0.1570440178	-0.194057979	-0.1297811624	-0.1524261261	-0.1369386402	-0.1301632135	-0.160426279	-0.1896421637	-0.1035030262	-0.171983903	-0.1812844378	-0.1743207832	-0.1476379515	-0.1767693592	-0.1841409538	-0.185968357	-0.1730597984	-0.178281351	-0.1987217253	-0.1453317004	-0.1663587448	-0.1590795108	-0.144810116	-0.0771645574	-0.1196381335	-0.1088405242	0.536538694	-0.1666233694	-0.1591057229	-0.161240832	-0.1048536354	-0.1523240025	-0.1329522845	-0.1579907554	-0.1303094931	-0.1257538358	-0.06521237893	-0.1571602534	-0.1131465002	-0.1340323292	-0.1374879336	-0.169450639	-0.1464261756	-0.1837745604	-0.1955496818	-0.196698223	-0.1892870274	-0.1671022877	-0.138367642	-0.1463345814	-0.1605952221	-0.05395434427	-0.08796756898	-0.08509729684	-0.04411496009	-0.04120008101	-0.0209786762	0.04642517417	-0.06357448719	-0.04447095988	-0.01529165669	-0.1570198957	-0.03515396699	-0.1788012171	-0.1836549066	-0.1818254734	0.05631207736	-0.05541783501	0.06445070424	-0.03239992277	-0.02329140696	0.07144263656	-0.07805191488	-0.1880730662	-0.08670294698	-0.170402908	-0.05224009074	-0.116402148	-0.1521220646	-0.1937488023	-0.08484831889	-0.1758618332	-0.1231844918	-0.1520011515	-0.1736954996	-0.1473519098	-0.1284327922	-0.188236609	-0.1868111749	-0.1916270284	-0.1227743777	-0.1914756031	-0.09574826427	-0.1069245748	-0.1254705234	-0.1313799944	-0.1134222328	-0.1562328186	-0.08149969218	-0.1678378715	-0.1391917933	-0.1311911305	-0.1525853285	-0.1853609748	-0.08944576756	-0.1591406846	-0.136640728	0.005883365275	-0.06251830516	-0.02254542284	-0.04566499192	-0.1826642011	-0.1679477623	-0.1367590817	-0.09643099014	-0.1538392968	-0.1181104463	-0.1305665731	0.02806395744	0.4776747351	0.4206133803	-0.143909134	-0.1154148509	-0.1886804423	-0.1878490789	0.06857416816	-0.1494352201	-0.06038153819	0.4720486592	-0.1750102669	-0.1485389099
-0.04029222891	-0.003955237423	-0.06920598863	-0.05468395482	-0.01896558688	0.00362990397	-0.01509839311	-0.04982995177	-0.06029204078	-0.02533309557	-0.02153860199	-0.01433925937	-0.02138516607	0.01293230625	0.01404743157	-0.02337234662	-0.02075621271	-0.01141358721	0.04755934427	-0.03233185386	0.08411634955	0.07864430563	0.004394491847	0.2746170616	0.2894556839	0.01573254135	-0.004962411087	0.008749212275	0.0148427115	0.4725353049	-0.002470511632	0.08803330503	0.02334681247	0.01353380377	0.05209291327	-0.006592954665	-0.06845330389	-0.07528384645	-0.08211452937	0.002137893979	0.02564423847	-0.03171326086	-0.01295815436	0.1064675758	0.007096029052	0.0289830782	0.094099162	0.004740323483	0.1385241029	0.08194044853	0.2057687238	0.0572312131	0.003159844457	0.005077633006	-0.01824560457	0.4325127408	0.3662556268	0.08909858691	0.006338583426	-0.005284130678	-0.02937410381	0.04664780573	0.010697404	0.07853554465	0.09678711592	0.07214460509	-0.002252140077	-0.01057307593	-0.06195520752	-0.087070814	-0.05221074693	-0.0668096943	-0.06526712387	-0.05034317435	-0.06815706882	-0.06637114849	0.005757873446	0.003289794944	-0.06675017207	-0.07593877558	0.01916699273	0.01424967133	-0.06669592903	0.02020158033	-0.04751126342	-0.0730742666	-0.02511901582	-0.01140064242	-0.03886838954	0.09661436927	-0.04272985352	-0.01260057136	0.09237215829	-0.08632953379	-0.005986129837	-0.02088179891	-0.01618405141	-0.03196696213	-0.07447721613	-0.02796529542	-0.03818893899	-0.06705006232	-0.03977647368	-0.004502263461	-0.01055257725	-0.01817980612	0.001616973879	-0.04388901323	0.003023156843	-0.04566908891	-0.07629608668	-0.03077301997	-0.02785948842	-0.03363036694	-0.06082090696	-0.01254547093	-0.01771674289	-0.0535920268	-0.07132769287	-0.02459960866	-0.02797724051	-0.007275486419	0.01993195284	0.1006290428	0.02719593607	0.008813925437	-0.01372756552	-0.04097155474	0.002929363397	0.01734717369	-0.02893088555	-0.0214688179	-0.01181184957	-0.03788306	0.003754584582	-0.07223935429	0.0004904973657	-0.01660819016	-0.03059290491	-0.01168090855	-0.0421019177	-0.03410228965	-0.02391605253	-0.08289208672	-0.07745624229	-0.07694291378	-0.07287551556	-0.02827605503	-0.03988569071	-0.02587935016	0.01862580342	0.04954007232	-0.008978728304	0.03056101018	0.03361556709	0.05771559991	0.07903206239	0.09559389333	0.03119413661	0.02153530328	0.02499563163	-0.01324195499	0.05000434956	-0.07185221463	-0.0805284747	-0.05257874905	0.04225531166	-0.009670489149	0.03955879579	0.02051868526	0.02169622917	0.06799312965	0.03959785285	-0.05478067064	0.01579543433	0.004236736916	-0.005596569362	-0.03143871885	-0.08206878764	-0.0562917457	0.04467797974	-0.01860812439	-0.04946665615	-0.06968357035	-0.01793629406	-0.03114161273	0.001990370307	-0.06345560257	-0.07735055068	-0.07315571985	-0.04226228683	-0.07404894183	-0.01040227417	0.01500980812	-0.001133624312	-0.01612776906	0.02598860381	-0.02723557691	0.07314183161	-0.04604250974	0.02892900855	0.0274689894	-0.0175406997	-0.06659562858	-0.01710565395	0.005320945488	-0.01924519891	0.08893351542	0.02612140776	0.06168029227	0.08593535559	-0.07450547744	-0.06765295983	-0.06823133697	0.04751231784	-0.07208422009	-0.05352793431	-0.001546269586	0.05544612316	0.006968952604	0.01013719188	-0.02779241259	-0.02390052481	-0.04297195643	-0.05497609184	0.1001921256	0.002083347522	0.001266656335	0.02032072069	-0.06100978225	-0.03676164992
-0.1636481398	-0.1580828751	-0.1686127989	-0.1749809889	-0.1045853916	-0.1171812782	-0.1301463991	-0.1778614941	-0.1841648379	0.5755336584	0.5579202652	0.552286442	0.5212693631	0.9368028886	0.9119351534	0.5123755737	0.580195545	0.5467390044	0.8671690067	0.5488281	-0.05566523753	-0.02007587744	0.929791295	0.06219351482	0.01355300228	0.9535966542	0.9499013826	0.9362959969	0.9909507865	-0.002470511632	1.130531599	0.01582355162	0.008005636305	0.4124020492	0.05488934394	0.91479312	-0.1692274117	-0.1709776587	-0.1883620221	-0.07771724577	-0.02891366489	-0.1680696921	0.5609152423	0.04829507299	0.9449556016	-0.09884910963	0.04274571008	-0.07213380248	0.1059184856	-0.0346863747	0.001959664216	0.001108160355	0.9231557869	0.9276326841	0.8886935872	0.003576613065	0.005953166444	-0.03843688802	0.5689280654	0.5650795198	0.5468675243	-0.01206057199	0.9194715451	0.001873043491	-0.02277411437	-0.02686290862	-0.1349727246	-0.04846593421	-0.1588056918	-0.179323754	-0.1803289653	-0.1268693648	-0.1266062566	-0.1876783967	-0.1713749839	-0.192114486	-0.1358299471	-0.1071072698	-0.194536852	-0.1838922212	-0.1229159916	-0.1269695381	-0.132522284	-0.1200134477	-0.1767617221	-0.1390175434	-0.1065509449	-0.1343523056	-0.164471393	-0.09101809614	-0.1020471584	-0.1650035696	-0.102956	-0.1978999494	-0.1197579649	-0.1605873998	-0.1497488382	-0.1549571222	-0.1502359772	-0.1301666219	-0.1559381138	-0.1876330883	-0.1236838044	-0.150109856	-0.1305768286	-0.1212610336	-0.153246789	-0.1817345348	-0.1071305981	-0.1724370661	-0.1753573031	-0.1665744185	-0.1484830702	-0.1775279106	-0.1761395176	-0.1794706328	-0.1640445691	-0.1789900849	-0.1972737136	-0.1376183331	-0.1643210757	-0.1655419369	-0.1471084359	-0.08409227363	-0.1280675689	-0.1049257111	0.5495609794	-0.1674792092	-0.1514110127	-0.1741034449	-0.1023784795	-0.1507772272	-0.1252398086	-0.16307803	-0.1234654044	-0.1167776605	-0.08580341886	-0.14982662	-0.1112673129	-0.1639001615	-0.138798111	-0.169424412	-0.1504804212	-0.1830695482	-0.1950492497	-0.1961613412	-0.1845613219	-0.169744659	-0.1417397075	-0.150395741	-0.1816111779	-0.07491682251	-0.08124454427	-0.1071039936	-0.05426605274	-0.06169883751	-0.03226449245	0.0264738707	-0.08321823772	-0.06098892603	-0.03432402601	-0.1489702209	-0.06566354106	-0.1812003454	-0.1815929456	-0.1745645156	0.03199933512	-0.07513683293	0.04632914684	-0.05056502418	-0.04964419345	0.04857140867	-0.07315698592	-0.1840923367	-0.08138159585	-0.1666472893	-0.07204932526	-0.1124733316	-0.155259035	-0.1897004169	-0.09897169794	-0.177053686	-0.117277559	-0.1435735355	-0.168260165	-0.1479221965	-0.1391585806	-0.1794748509	-0.1831197331	-0.1909246529	-0.1232872038	-0.187025669	-0.09339605249	-0.1010048109	-0.1177795443	-0.1299618798	-0.1142527191	-0.1545917325	-0.07297033534	-0.1683729285	-0.1461053343	-0.1382204364	-0.1557606707	-0.1850405488	-0.08433509587	-0.159176632	-0.1284698804	-0.01565149314	-0.0558267933	-0.03760334373	-0.05815764215	-0.1780508262	-0.1629105169	-0.1355150905	-0.0873429745	-0.1454173089	-0.1088770258	-0.1331233442	0.01736437844	0.4686303573	0.4174354783	-0.138660543	-0.1172341792	-0.1814622185	-0.1871507766	0.06187237845	-0.1464272628	-0.04905801686	0.4691377233	-0.1703399746	-0.143626371
-0.05901231688	-0.0150920191	-0.04147805517	-0.08107422445	0.0416372858	0.01254669867	0.01486678289	-0.01218990578	-0.07410640699	0.00538572281	-0.01716096533	-0.01471795792	-0.02053840362	-0.007613579337	0.009460199105	-0.01175487132	0.01022049203	-0.03303723506	0.001012568843	0.01298094315	0.1428218058	0.1859610017	-0.04181084626	0.1084671386	0.07580485291	0.02531402941	0.01888486141	0.009030952175	0.03294289478	0.08803330503	0.01582355162	0.5186437355	0.0837872445	-0.02196824311	0.2188074205	0.001553242921	-0.03248908244	-0.0260959188	-0.04909980792	0.03222412271	0.08440201172	-0.0007239253319	0.02801850358	0.02299023473	0.03605638365	0.05095073676	0.1143497152	0.07104830324	0.07690444699	0.2030076925	0.07700942443	0.1833038546	0.01910258319	0.007090782596	0.004663601079	0.09360883181	0.08195810649	0.1157558484	0.02224662784	0.03075995195	0.002899150034	0.147702603	0.003734074255	0.144528602	0.1642460273	0.1139898588	0.01836800173	0.03736959276	-0.01072673224	-0.03613226507	-0.05438376271	-0.04053158142	-0.03601004784	-0.05777410022	-0.04109891803	-0.08370501084	-0.005339580271	0.01483415275	-0.0758003103	-0.05172657711	-0.04481669597	-0.06977082622	-0.03968758227	0.01279372786	-0.08089458749	-0.04758258724	0.0001064447568	-0.05964658771	-0.06972425508	-0.005618431532	-0.02330968871	-0.06532272862	0.005317498729	-0.06798970476	-0.05686193933	-0.07543159535	-0.07619827956	-0.06476708506	-0.03866001046	0.04946852191	-0.05859053072	-0.0672605606	0.009198290806	-0.0259124791	0.03916115927	-0.05388658746	-0.07906163923	-0.003999050246	0.03114493495	-0.0706460489	-0.08420213112	-0.01520415779	0.01119613754	-0.08364995343	-0.08393170124	-0.01360828515	-0.06098993139	-0.04946600896	-0.08302367006	-0.06738187965	-0.07323963926	0.007023585005	0.02114198246	0.01911157943	0.007252302559	0.004269798401	0.02682918038	-0.03285007914	-0.07778663782	-0.04572870993	-0.01385434705	-0.07369730566	-0.04317226864	-0.08364618154	-0.02112054328	-0.001839442683	0.04672895576	-0.07686680975	-0.008666307263	-0.01938303715	-0.01348512116	-0.05503144771	-0.05694007161	-0.07398308241	-0.06972195069	-0.07562369655	-0.02729532678	-0.06768132594	-0.007285116419	-0.05964302783	-0.02365412935	0.09702783431	0.004474923532	0.09314950642	0.05256545987	0.05427176369	0.06991345408	0.09088256962	0.0559678367	0.04571830106	0.02402150798	-0.009862534027	0.1114894994	-0.07463346438	-0.07277414924	-0.06069205441	0.06449633275	0.0432895297	0.05726264176	-0.0005465857699	0.06738064203	0.03945576243	0.03157355803	-0.06099439939	0.01115214187	-0.02345271097	0.04703017628	-0.008957199325	-0.02714131987	-0.09204220809	0.002806436398	-0.07785651415	0.03517592172	-0.01495056763	-0.04068892712	-0.04627259981	-0.02723700277	-0.09077556011	-0.0702855584	-0.09415430785	-0.02103522566	-0.0751621486	0.04478981466	-0.02138108298	-0.01156511587	-0.0177505401	0.0246281225	-0.0131821073	0.04247487434	-0.06212297716	-0.02559508322	-0.01631948353	-0.04393550619	-0.06674178634	0.02321142435	-0.03946495174	-0.007758418821	0.04991053014	0.08224523254	0.105752134	0.1252871414	-0.06907598255	-0.0321844966	-0.01716794281	-0.009400293488	-0.04279419449	-0.03490021282	-0.03451099226	0.1373869376	-0.04801613025	-0.01297092896	0.03889859868	0.03421388158	-0.02227534525	-0.08994388416	0.07783493117	-0.01702194054	0.03686238296	-0.04331009453	-0.06109367691	-0.05797279815
-0.05471558389	-0.00146395927	-0.03167320479	-0.02445389273	0.01471475842	0.02858422807	0.1083449581	0.05786357104	-0.05612562895	-0.05228311218	-0.04176980806	-0.03980914993	-0.03452504641	0.007253758838	0.02511676559	-0.0311060861	-0.05028500186	-0.03898358247	0.01921152213	-0.04081506851	0.181465962	0.1785857861	0.01442431917	-0.006948443517	0.009639536495	0.0115441088	-0.003077000774	0.008481948424	0.01759066584	0.02334681247	0.008005636305	0.0837872445	0.4943869765	-0.004578768944	0.1668763641	-0.00363388221	0.08209437787	0.08022265905	0.08029306251	0.117103413	0.1260229772	0.07472145142	-0.03335418224	0.02202684761	0.008400399351	0.08633594945	0.06764689026	0.1359739391	0.01409504457	0.1789857452	0.04125534726	0.1061407747	0.01104760446	0.005139671236	0.006525873364	0.0249232078	0.01385440071	0.203908212	-0.01253201906	-0.02752041772	-0.04952208283	0.07890670415	0.01146447793	0.1266436536	0.1335674615	0.1222761877	0.01217270575	0.07842342338	0.0803621858	0.02196409575	-0.0232838482	-0.05942164216	-0.05791463846	-0.04168203433	-0.05935210477	-0.05567475271	-0.006905208362	-0.0522475908	-0.04523133997	0.05634657056	-0.06499594189	-0.07951261497	-0.05969577567	-0.06650240861	-0.07937336169	-0.05679903069	-0.0242145174	-0.04887251304	-0.05903722583	-0.01726717037	-0.03727882678	-0.04444203881	-0.02897826699	0.033210112	-0.07236624669	-0.05260439873	-0.05710257655	-0.05861618171	-0.04777150133	-0.01275872579	-0.05563438648	-0.02353794764	0.06285563264	-0.01945817237	0.005665949977	-0.01585477994	-0.03607984561	-0.003360127851	0.03401833148	-0.07050807948	-0.03654030709	0.04307085218	-0.02291883852	-0.06110256015	-0.05079185328	-0.02433325134	-0.04220726349	-0.02274280539	-0.04649201648	-0.06387563799	-0.06302434758	0.001981173966	-0.02529806578	-0.03755238002	-0.02689216249	0.03835953507	-0.03269941319	-0.02143639309	-0.03837027779	-0.01965815038	-0.06759936243	-0.06157039304	-0.04167831137	-0.06478653914	-0.006262911317	-0.03140618382	-0.01040081852	-0.05773768732	-0.04467063345	-0.04216093892	0.06370402288	-0.03273408732	-0.05616826339	-0.05226918988	-0.04300293296	-0.0440682096	0.03129463286	-0.06314766947	0.07319591703	-0.0583134465	-0.05609356626	0.02918388822	-0.03750056363	0.007531976895	-0.04943851042	0.05470641743	-0.01205730597	-0.02247661622	-0.0574465853	0.003224705986	-0.00852507304	0.006734522399	-0.007863895269	-0.04418546375	-0.02549256494	-0.04406352203	-0.01208127148	-0.01135477202	-0.03370232063	-0.02182179124	-0.01847382739	-0.02990594753	-0.044511629	-0.02792507028	-0.0003214631315	-0.0277840001	-0.021185193	-0.04677906735	-0.0572628534	-0.04309050119	0.002488319371	-0.05134384691	-0.03960607885	-0.03807379415	-0.06702191935	-0.04349103369	-0.02866387487	-0.02893934622	-0.01353840826	-0.05554903178	-0.06025112902	-0.03132634097	0.03331545332	0.03393158967	0.02903553245	0.01363915085	0.01578781062	-0.03623457886	0.02658565334	-0.09026461558	-0.06843780242	-0.07081771861	-0.06992891526	-0.07412069211	0.1021083114	-0.06974474003	0.09826103227	0.05036893117	0.07906409328	0.1699472854	0.2085961476	-0.02505033227	0.04587712242	-0.06005109893	-0.02058815796	-0.04328434081	-0.06204692541	-0.03984289011	0.3118708962	-0.003265730338	0.005743134685	-0.005643296489	-0.002887802651	0.03785926666	-0.05530924524	0.0632218513	0.01752141752	0.1807451824	-0.009026570596	-0.01910658852	0.009449178369
-0.1420674294	-0.1149940252	-0.1179423944	-0.1332886362	-0.09908656081	-0.08271575561	-0.08076659639	-0.106647101	-0.12914172	0.5021456361	0.4960180501	0.5006006237	0.4877510276	0.422984836	0.4524521463	0.4824918861	0.4919117203	0.5029167396	0.4785186981	0.4709043849	0.01305727225	0.004730855529	0.4461884877	0.007276007604	0.01659239556	0.4322341385	0.4181920032	0.4289269579	0.4139917954	0.01353380377	0.4124020492	-0.02196824311	-0.004578768944	0.8751986861	-0.02269956432	0.4489123241	-0.1149534842	-0.1239657914	-0.1418031387	-0.07427794504	-0.06653783588	-0.08278568281	0.518220482	0.1686950318	0.4481453686	-0.03658120937	-0.002426151105	-0.03367887168	0.05885169804	0.02826006472	0.007407837959	-0.01578810096	0.4427261099	0.4367348214	0.4235318691	0.01236086425	0.003351315134	0.01059599062	0.5143960049	0.5111314601	0.5256921725	0.004094719565	0.4223357521	-0.02303206622	-0.01661302674	0.007116800705	-0.08762988262	-0.07749815256	-0.1205982857	-0.1288274126	-0.131546011	-0.137619573	-0.1367004182	-0.1161824136	-0.121657363	-0.1438207549	-0.09566117714	-0.09777269475	-0.1337567377	-0.1381676516	-0.03994818802	-0.04930982845	-0.136971505	-0.08739730687	-0.131369867	-0.1445646928	-0.1056792	-0.08212888838	-0.1008421008	-0.01380907392	-0.1055084961	-0.09117431338	-0.06477827046	-0.1462301506	-0.07435886372	-0.1000317706	-0.08521609628	-0.09746246225	-0.1449084291	-0.1299081746	-0.1022120161	-0.1282417936	-0.09997582048	-0.1026731479	-0.107552307	-0.09375014659	-0.06657507842	-0.1321086478	-0.08965321019	-0.1201948813	-0.1348428011	-0.08514925038	-0.1208870298	-0.1246945999	-0.1344111189	-0.1169279882	-0.1135168307	-0.1188488595	-0.1346406835	-0.08765706872	-0.1025381907	-0.1182261958	-0.08560447999	-0.03567764316	-0.0589918687	-0.07889097367	0.5088122898	-0.1034117138	-0.06479785952	-0.07536145962	-0.09151613958	-0.08926785831	-0.1130731697	-0.1055026959	-0.13741301	-0.09923284641	-0.06633261074	-0.08610636147	-0.1023513703	-0.06543449075	-0.09680118094	-0.1203439337	-0.1065295737	-0.1205205217	-0.1385111649	-0.140004411	-0.134542261	-0.115054318	-0.1001941618	-0.1084689121	-0.07289575725	-0.03838010707	-0.03847495399	-0.04337036388	-0.02230239123	-0.01061986087	-0.03131286386	0.03969080632	-0.03974143786	0.00348837558	-0.006355705956	-0.09748383896	-0.0366477582	-0.1382416808	-0.1230904146	-0.116612832	0.1294983368	-0.06413853697	0.0295326216	0.02132216629	-0.03063353055	0.1004129558	-0.06373038373	-0.1188641793	-0.05575348961	-0.09605507143	-0.06276629289	-0.09834838081	-0.1386437546	-0.1381458317	-0.05988237052	-0.1246371941	-0.1483505055	-0.1480910819	-0.1238853524	-0.1241417358	-0.1118344307	-0.1313994199	-0.1280957569	-0.1428811371	-0.1082640773	-0.1387661679	-0.101917263	-0.08195158891	-0.0972510499	-0.1046862128	-0.09324468841	-0.09161404759	-0.06308411347	-0.1078979295	-0.09201573978	-0.07569841312	-0.09764009136	-0.1189197851	-0.05532600624	-0.0574490953	-0.1072049771	0.0131702125	-0.04714168609	-0.005047165067	0.02503978084	-0.1235475546	-0.1239040493	-0.1279267817	-0.04401818096	-0.147956291	-0.1101691405	-0.0953595179	0.02124222703	0.5590369202	0.7456633862	-0.1313516449	-0.1086183667	-0.09168677869	-0.1342500434	0.01372167608	-0.08910081116	-0.03351258141	0.6181868525	-0.1172843328	-0.08019395802
-0.05481021239	-0.01523932239	-0.05196572284	-0.04427599182	0.06238245925	0.01143755616	0.07378796082	0.02048306331	-0.0755256722	0.01867357797	-0.003855152675	0.0002227470227	0.004109817186	0.02404938345	0.02836092693	0.01341582544	0.02700212119	0.004413470794	2.816616303e-05	0.03524188416	0.2031279164	0.1941489643	-0.005051648077	0.07809381105	0.04642357582	0.06958758308	0.04856506112	0.0248180966	0.05911237664	0.05209291327	0.05488934394	0.2188074205	0.1668763641	-0.02269956432	0.5204977491	0.02539219624	0.01504697897	-0.01194338708	-0.02344396842	0.08309345404	0.1342281027	0.008284970953	0.01420752011	0.002166119679	0.0505044145	0.09148104077	0.1438352214	0.1169019659	0.03375547298	0.1884127053	0.06260832238	0.1525181784	0.03404045649	0.03550809461	0.04834497674	0.05110756492	0.04048381203	0.1401279909	0.0388879555	0.03323380575	-0.003981633338	0.1593008498	0.01773339054	0.1512143349	0.1836884282	0.1136440365	-0.004878507276	0.08119737173	-0.003501107022	-0.02578723509	-0.03877374597	-0.01863204209	-0.01805048598	-0.06344747321	-0.06668575358	-0.07912963522	-0.02995555447	-0.01654129481	-0.07970046159	-0.03077513741	-0.06173114441	-0.08682172725	-0.04003125878	-0.01548184145	-0.08969339219	-0.03807926409	-0.01199618389	-0.06431406467	-0.06064906546	-0.009567480449	-0.02339939179	-0.05418463155	0.01033253783	-0.05067900306	-0.07306098736	-0.06739170348	-0.07052486618	-0.05970604355	-0.041240823	0.01845353422	-0.06044638088	-0.05945638424	0.0148590673	-0.03560628055	0.02828326572	-0.03982054136	-0.06787793027	-0.0334978548	0.02779590802	-0.08074373684	-0.06543803083	-0.006182438419	-0.001799723303	-0.09504222915	-0.08268095684	-0.03425996578	-0.0683527331	-0.06273070219	-0.0903567612	-0.07524220161	-0.06248781206	-0.03150979566	-0.03932615894	-0.01555601893	-0.02819363475	0.000862106482	0.01297102956	-0.05154628274	-0.06834558232	-0.03650696655	-0.02052567839	-0.06260245184	-0.03101855973	-0.087540755	0.004038856784	0.02322578722	0.03962909652	-0.07131961587	-0.03206360347	-0.04736139673	-0.001590724542	-0.06606228312	-0.07333986752	-0.07998797751	-0.08206074176	-0.08555683165	-0.01613555754	-0.09269314113	0.0005368094052	-0.07602979419	-0.04711949071	0.06868613295	-0.04709788947	0.009275857748	-0.007874131398	0.06340690479	0.02593460015	0.02624769005	-0.01168609167	0.002151256373	0.03635513686	-0.01480868942	0.05268132454	-0.08153857567	-0.05473719397	-0.04475412154	0.003411075954	0.04024462439	0.0380520816	-0.009934328741	0.04844444549	-0.004905232338	0.0182309848	-0.0675118822	0.004575280527	-0.04491049385	0.04428813063	-0.003627331937	-0.03270080013	-0.08412071866	0.002547558921	-0.08182410537	0.01893881828	-0.01457150166	-0.05712745695	-0.03218639793	-0.02959129129	-0.07218199346	-0.05745622612	-0.08876110516	-0.02865382216	-0.04740789504	0.05530067749	-0.007290154834	-0.01519212112	-0.002179695142	0.001834844553	-0.04232410747	0.01387772344	-0.09737304846	-0.07224509871	-0.05883865159	-0.07175170386	-0.08504464718	0.06835915841	-0.0686611366	0.009688308714	0.06986650983	0.09558144389	0.1425495018	0.1386041292	-0.05979629747	-0.02967873264	-0.02047954261	-0.008986258334	-0.02040105905	-0.03017977024	-0.04396808203	0.1992658584	-0.03581198549	-0.01229808603	0.007591745279	-0.0007900105611	-0.005287242956	-0.09079776983	0.09763151653	-0.01426148494	0.1059390157	-0.04378764195	-0.04533187116	-0.02620557252
-0.1569663318	-0.1505883357	-0.1614518064	-0.1698876814	-0.09902989959	-0.1074400239	-0.1312942463	-0.1725717352	-0.1789740989	0.5619813208	0.5534556951	0.5625716319	0.531321333	0.9639267021	0.9033081783	0.5346011668	0.5517219018	0.570661657	0.8643731532	0.5201122368	-0.04009578108	-0.0470449719	0.8854320363	0.01420325804	0.00747899216	0.969331588	0.9626928387	0.95761509	0.8944001716	-0.006592954665	0.91479312	0.001553242921	-0.00363388221	0.4489123241	0.02539219624	1.152237967	-0.1602798519	-0.1665506047	-0.183981021	-0.08788865887	-0.03257626804	-0.1627530309	0.5412806222	0.04147530131	0.991226659	-0.09618049216	0.04909759286	-0.04903180369	0.08619487551	-0.02073255556	0.001589058665	-0.02007862397	0.999666562	0.9794848903	0.9947635778	-0.0002497628227	0.00079157079	-0.049901664	0.5401438353	0.5566218573	0.5338518356	-0.02163806757	0.940752079	-0.00361692599	-0.01564454119	-0.01222349025	-0.1361470571	-0.07730521481	-0.1659501749	-0.1757138497	-0.1777129503	-0.1626503733	-0.16233716	-0.1806233745	-0.1663383283	-0.1844930101	-0.1322758468	-0.1368069009	-0.185315929	-0.1808330719	-0.1146105427	-0.1211173361	-0.1617232163	-0.1073335291	-0.1704795639	-0.1686737073	-0.1372994664	-0.1296081798	-0.1583233478	-0.08096553504	-0.1342470223	-0.1601816792	-0.09755051655	-0.1920121372	-0.1173693887	-0.1575766199	-0.1424429567	-0.1467818022	-0.1798513759	-0.1655770706	-0.145885013	-0.1841281957	-0.1199641381	-0.1402403703	-0.1258361239	-0.1149145274	-0.1424282744	-0.1720903893	-0.1180807757	-0.1637368161	-0.1688110053	-0.1607549502	-0.1405465913	-0.1715436338	-0.1727551459	-0.1779210796	-0.1614908467	-0.1642483659	-0.1897252949	-0.1336737764	-0.1557837675	-0.1515550868	-0.1416111776	-0.07196357708	-0.1253976737	-0.1068476942	0.5292503262	-0.1521476917	-0.1413850163	-0.1671783912	-0.1249628037	-0.1428403937	-0.119294006	-0.1559523704	-0.1320380228	-0.1288800383	-0.1021902463	-0.1449276713	-0.1419026357	-0.1359370597	-0.1455323393	-0.1696792031	-0.1484694072	-0.1730290699	-0.1871428198	-0.1884183011	-0.1812701311	-0.1646002703	-0.1479135101	-0.1489824954	-0.1713533466	-0.06410458114	-0.08415581996	-0.1033238861	-0.04814580749	-0.04739388951	-0.03440049027	0.03044405377	-0.06689376385	-0.05560502243	-0.02064683177	-0.1429209335	-0.08410874794	-0.1740384658	-0.1741355038	-0.1679958322	0.04932882879	-0.1094291356	0.01602606865	-0.04789224346	-0.08283311184	0.06283311093	-0.06817203619	-0.1776755969	-0.08550018478	-0.1628346871	-0.1060827187	-0.1439766342	-0.1819632309	-0.1840800773	-0.09079247415	-0.1713883418	-0.1494836169	-0.1758959077	-0.1506996665	-0.1281297441	-0.1247886497	-0.174706352	-0.1759578283	-0.1835345371	-0.1565731013	-0.1828777767	-0.1260137042	-0.1111603035	-0.1297358854	-0.1275112375	-0.1186169319	-0.1393905722	-0.08190345441	-0.1643754916	-0.1432181543	-0.1305729028	-0.1529657188	-0.1779902526	-0.08746278499	-0.1387302052	-0.1240929553	-0.001171035084	-0.04780592135	-0.02472134359	-0.0397591254	-0.1720695091	-0.1618137822	-0.1659608284	-0.07497116384	-0.1755558791	-0.1357278122	-0.1295709564	-0.03405238388	0.5015669348	0.4501579348	-0.1678304188	-0.1513514006	-0.1750391941	-0.1795331872	0.06620954013	-0.1425121521	-0.06856930923	0.4707269739	-0.1573914992	-0.128188328
0.05768851279	0.05580171725	0.09007510267	0.08002619869	0.07925570005	0.01334982157	0.1147614337	0.138108441	0.04743795556	-0.1807047157	-0.170643005	-0.1743654392	-0.1649296628	-0.1637719315	-0.1666768018	-0.1616848503	-0.1777080206	-0.1728938019	-0.1646458156	-0.1644394894	0.02971028666	0.00445222826	-0.1628837196	-0.07593564421	-0.06459376099	-0.1712576211	-0.1705994058	-0.1646075252	-0.1699125698	-0.06845330389	-0.1692274117	-0.03248908244	0.08209437787	-0.1149534842	0.01504697897	-0.1602798519	0.3199931042	0.1681207024	0.1948468361	0.1346838292	0.03651840455	0.1577194373	-0.1878650363	-0.05183512782	-0.1809749437	0.1221732577	-0.03837752251	0.06158031455	-0.07476977734	-0.005487465921	-0.05074366938	-0.02971409084	-0.1668957962	-0.1652619781	-0.1552478321	-0.07017438906	-0.06056175651	0.03528674325	-0.1912181504	-0.1802980585	-0.1814473167	0.02865611647	-0.1653536044	-0.005994744049	-0.00519470659	-0.01515883806	0.07601483272	0.09359472602	0.11115202	0.1505148592	0.04876846515	0.05505723124	0.05892002258	0.04923726784	0.05378438785	0.06262737539	0.0110662096	-0.03213689595	0.1113383815	0.1631225139	-0.04054018514	-0.02236899663	0.04769107485	-0.01325550005	0.03207830056	0.04746779662	0.02310851285	-0.01533436269	0.00180593303	-0.08489839363	0.03167282584	-0.008745646618	-0.05019525812	0.1635249378	-0.03847003913	-0.004010978781	-0.02565211724	0.007423409198	0.08855390489	-0.01991927094	0.03948439581	0.08087707087	0.09548409454	-0.02374516272	0.06803053901	0.003390763292	-0.01296673294	0.08342736023	0.0486265843	0.04447530316	0.06018271856	0.1438158803	0.06742450295	0.03806880976	0.06007742059	0.02317562535	-0.0212898142	0.04547266572	0.1100928164	-0.02953906139	-0.0055862458	0.04403754324	-0.0007788121904	-0.06251600091	-0.01548529276	0.03273312142	-0.1837978254	0.03350180115	-0.01381000567	-0.02190273196	-0.01054311299	-0.01913620885	0.0113319976	0.03009499861	0.03646879743	-0.002659241925	-0.06678540377	-0.02423549816	0.02083165528	0.01548445258	0.08830255913	0.08118662641	-0.007501321222	0.1083312199	0.1064079344	0.1069994075	0.1603667029	0.02119990758	0.08719927832	-0.002901433717	0.02693960407	2.857678564e-05	-0.006532936416	-0.006538224406	-0.0580812005	0.01182625276	-0.05914530297	-0.09520608674	-0.05497495931	-0.03766170203	-0.03164973539	0.06947171223	-0.05854441483	0.06462838478	0.09858707016	0.01051230503	-0.08891592181	-0.05090295577	-0.1121382065	-0.07564862341	-0.07456633399	-0.1294509167	-0.06132603293	0.06902115986	0.003961381285	-0.02345916557	-0.06139123395	-0.006898459695	0.04485291234	0.04307491167	-0.06185448112	0.03444609019	0.02624504002	0.03245076829	-0.01443918434	0.04417010602	0.003316794458	0.06577826167	0.139021336	0.06823680546	0.03209048341	0.08737259458	0.02423524661	0.01419113127	0.01729159539	0.04678145878	0.04704843995	0.04938227763	0.004350749619	0.04800227581	0.006948271477	-0.009945670757	-0.0009156323979	0.08606329308	0.06813482511	0.00599793456	0.1186542694	-0.009118596495	0.02418425263	0.01347838843	0.0184584568	0.1130902647	0.1126899057	0.0561305032	-0.05319114759	0.02213069491	0.005385971106	-0.007367324054	0.04180161315	-0.1547306608	-0.1083533774	0.04756321271	0.01201362874	0.157206052	0.06274222216	-0.05019147322	0.04142856073	0.05531065888	-0.1625274909	0.08149329655	0.04588767669
0.0428240165	0.05036408472	0.08513350495	0.07720046229	0.09580665586	0.04191945605	0.1150508091	0.1430462533	0.06255184456	-0.1840049078	-0.1736158438	-0.1773151516	-0.168460334	-0.1700759661	-0.1725298001	-0.1636738297	-0.1822720588	-0.1794893464	-0.1717884694	-0.1671042704	0.01634223275	-0.008613037857	-0.1675344577	-0.08671916939	-0.07242410558	-0.1807129998	-0.1731311221	-0.1697891096	-0.1762756117	-0.07528384645	-0.1709776587	-0.0260959188	0.08022265905	-0.1239657914	-0.01194338708	-0.1665506047	0.1681207024	0.305412863	0.2400551032	0.1635020555	0.0521741499	0.2354365301	-0.1927821671	-0.06020026608	-0.1845569902	0.08301296378	-0.03751474075	0.0758618145	-0.07964991441	-0.004115808998	-0.06047862051	-0.01749840909	-0.1701091152	-0.1704081409	-0.1618873883	-0.07873288753	-0.07121099462	0.03045424554	-0.1966798559	-0.1888636486	-0.1865091055	-0.003599089921	-0.172325143	-0.01705635536	-0.01030560262	0.002402773235	0.06315302686	0.1080061826	0.107615376	0.1471781448	0.03232380224	0.06607026123	0.0671516137	0.04722991986	0.08091882309	0.07258605855	0.0009289695629	-0.0342239997	0.08133836457	0.1956972509	-0.05096772878	-0.02171037915	0.06260838085	-0.002774589267	0.05926846532	0.02044717202	0.005024797179	-0.01768161693	0.005918583927	-0.07600931577	0.0009375786894	-0.009315179237	-0.03620825677	0.1847097348	-0.04176060139	0.01282623139	-0.008163039226	-0.002883711428	0.08870650574	0.003387173781	0.02709969058	0.07498592515	0.08540963169	-0.02143882482	0.05272876587	0.0002060706911	9.188749458e-05	0.08366269518	0.03968202198	0.0164722856	0.07281273667	0.2142068563	0.06217711738	0.04188653939	0.07955569463	0.01338757441	-0.01209973698	0.03902459774	0.08939796085	-0.01236026716	-0.01023399964	0.0333373706	-0.01362654511	-0.08696317232	-0.03048008303	0.01632957297	-0.1884438911	0.003944093517	-0.0001718372621	-0.0300298154	-0.0223719945	-0.01271222772	0.008312885805	0.03789355548	0.01846290935	0.01191414762	-0.04828792341	-0.00674090071	0.01775858207	-0.003101723834	0.09501848562	0.05649185508	-0.008987524752	0.06897832469	0.09979817069	0.1027934726	0.1461426538	0.01114840975	0.08959628543	-0.003997690177	0.0157642509	0.005149543112	0.00551969947	-0.01449322279	-0.03585792239	0.01270597958	-0.05352101577	-0.1073743469	-0.04963929502	-0.03569368558	-0.05339101234	0.06303545156	-0.06158104149	0.07832600501	0.1044900887	0.04010351942	-0.09619165873	-0.05595671702	-0.0930448284	-0.06989742354	-0.07127544852	-0.1219116155	-0.04319601137	0.09188789595	0.006395776144	-0.0006872801988	-0.06670820274	0.01463123697	0.05874548392	0.06861843769	-0.05361459368	0.03493377693	0.05111712833	0.04679448758	-0.007234546434	0.0276015109	0.01111822834	0.06464127727	0.1046075417	0.06201573459	0.03909180356	0.1051069095	0.02562929415	0.002998011394	0.02812435078	0.06353597177	0.03826958233	0.07766842531	0.01997567588	0.07159729885	0.01702390508	0.001954797805	0.02322091138	0.06409554352	0.08855019552	0.01309700727	0.1551360443	-0.02775800326	-0.006158898151	-0.01393781064	-0.005961991491	0.07391614009	0.1342320836	0.04324385684	-0.06422630039	0.03123734646	0.000202225477	-0.01809230049	0.0153485482	-0.1616993299	-0.1173865595	0.04690043921	0.008052711883	0.1803296646	0.06431296352	-0.04971103692	0.03553403002	0.06224240331	-0.1625963509	0.0759816091	0.05092683979
0.06252963556	0.07084708291	0.1101312055	0.1282271714	0.07007415662	0.02484703798	0.1322142124	0.1407758725	0.08867074408	-0.2032263224	-0.1926476973	-0.1963874679	-0.1876577645	-0.187579748	-0.1906827556	-0.1834921462	-0.2013295473	-0.1983294602	-0.1890580117	-0.1870890816	-0.006827332519	-0.02513452658	-0.1851965143	-0.09512233583	-0.0812694422	-0.1984592325	-0.1905868162	-0.1877853362	-0.1948472915	-0.08211452937	-0.1883620221	-0.04909980792	0.08029306251	-0.1418031387	-0.02344396842	-0.183981021	0.1948468361	0.2400551032	0.3036373761	0.1502258581	0.05815612969	0.2175496073	-0.2127246636	-0.06770093723	-0.2013976009	0.06387588233	-0.06328246445	0.06597035059	-0.08670073079	-0.02718894729	-0.0640693891	-0.02465412974	-0.1878552983	-0.1885767768	-0.1796429699	-0.08557424763	-0.07709569156	0.01342625049	-0.2156695258	-0.2086414682	-0.2055443702	-0.01642167848	-0.1899132331	-0.02971420473	-0.0227854058	-0.004900015801	0.0979357258	0.1217083059	0.1632126052	0.1670363254	0.06734939771	0.06658024689	0.0676269118	0.06265267233	0.08089449461	0.09147007996	0.009386034338	-0.008301796276	0.08909703051	0.253844882	-0.05096871777	-0.03455623339	0.06433878107	-0.00941684054	0.0650882586	0.04155640647	0.02038676067	-0.03265699762	-0.005257275903	-0.09021013888	0.02140317095	-0.0075585998	-0.05386996102	0.2470091797	-0.05352059893	-0.008558884525	-0.03038713661	-0.002811808495	0.09771763548	-2.362199297e-05	0.01734293534	0.1081443796	0.1102644173	0.005489284548	0.07956526115	0.007706595801	-0.005074771591	0.08722973375	0.008414695231	0.02119263938	0.1134722319	0.1923617071	0.06399659628	0.03886572439	0.08626026725	0.03438374897	-0.006724822212	0.04045832356	0.1110018755	-0.03466848645	-0.02149492371	0.03103357517	-0.003414266777	-0.1041150823	-0.01543524553	0.02265975979	-0.2081157475	0.03930269179	-0.004644615265	-0.02289092511	-0.02217503068	-0.03531023388	0.009044158641	0.02912543393	0.04797034157	0.01124393116	-0.04961502753	-0.02896807591	0.003062900128	-0.001753498595	0.08986537577	0.07043916959	-0.003832972346	0.09727034233	0.11095594	0.1138904388	0.2076750891	-0.001788963414	0.09022701456	0.001065226446	0.02328316298	-0.01583345051	3.276192494e-05	-0.01308502939	-0.04319368511	0.0002088572258	-0.05452364714	-0.1068799724	-0.05140911493	-0.05535016406	-0.03630288926	0.08097935676	-0.06938739787	0.08188529681	0.09656676702	0.02122640885	-0.1150372021	-0.04528163116	-0.09508252878	-0.07053408934	-0.07252524098	-0.1451619676	-0.02993467421	0.09865696918	-0.0002630344171	0.002265978732	-0.05597402306	0.01922479495	0.06985274666	0.08065504035	-0.0679484714	0.04295565889	0.04869818928	0.06275944126	0.03259106448	0.04123645559	0.01551935382	0.09327359222	0.133556955	0.07436030115	0.02122606761	0.1300297673	0.01958303158	0.02844180722	0.03180315748	0.05174454482	0.04366964034	0.09194401224	-0.0009198804463	0.07151250149	0.01405039046	0.006135674198	-0.007761544737	0.07391117681	0.07690660288	0.008584614278	0.2176319291	-0.02771612198	-0.02343318146	-0.0299476337	-0.02004248396	0.1017693996	0.1738795692	0.03705494886	-0.05704093526	0.05673882814	-0.006126540592	-0.01311870613	0.001021376741	-0.1813500796	-0.1351252531	0.07244125504	0.03481347849	0.1547084948	0.06473231425	-0.0677826824	0.0397658548	0.06023003853	-0.1821439451	0.1060839808	0.04207167363
0.02178546506	-0.004590070221	0.02988016548	0.01213201975	0.0985557498	0.05963631542	0.09824081872	0.07236217851	-0.002111630441	-0.1019294949	-0.09274692588	-0.09656165094	-0.08899832426	-0.08214605879	-0.08325310615	-0.08076981924	-0.09728799743	-0.09374677444	-0.1185127713	-0.08393970145	0.08816106285	0.07497951953	-0.1048711256	-0.01331228286	0.001258478361	-0.08967759269	-0.08287420326	-0.08254623419	-0.08565468521	0.002137893979	-0.07771724577	0.03222412271	0.117103413	-0.07427794504	0.08309345404	-0.08788865887	0.1346838292	0.1635020555	0.1502258581	0.3816099476	0.1542421645	0.1616058631	-0.09586941465	-0.006604318327	-0.09556687361	0.06566985793	0.05404287653	0.07241868142	-0.03531713052	0.06530202751	0.0128230205	-0.007122464282	-0.09121818853	-0.08332253941	-0.07270097348	-0.004230485242	0.003666837277	0.1071015276	-0.0962226521	-0.1063098946	-0.0943486161	0.005153885504	-0.07676690082	0.09550618608	0.1073281537	0.007201429691	0.05597916715	0.0699859599	0.07768217685	0.06520302381	-0.02509009131	-0.01192268244	-0.01052768296	-0.02041309965	0.01561630868	0.009668290414	-0.02922079703	-0.03608522282	0.01208624574	0.1367270311	-0.06145597661	-0.04144504809	0.01998018594	0.02016574487	0.03962445742	-0.02829840024	-0.05213411336	-0.01519846662	-0.01029539878	-0.06967769051	-0.04653515429	-0.0307281442	-0.004112763479	0.0948770498	-0.04359786869	-0.02115636811	-0.02950236635	-0.02370320038	0.0180599378	-0.03559168085	0.01424969028	0.008468947838	0.03038608846	-0.04458014284	0.05761419008	-0.03749258667	-0.03098080975	0.03555412563	-0.03050893377	-0.009354982709	0.00308542277	0.1457345923	0.05572566912	0.0008213123012	0.01569980901	0.002504987342	-0.0239400253	-0.02176653019	0.02909235366	-0.03447104678	-0.0256838398	-0.008803471451	-0.006607280341	-0.03729448181	-0.02665281122	0.005850650671	-0.09451985763	-0.03104934247	-0.03163911744	-0.04971201327	-0.0437967505	-0.02759915603	-0.003738412824	-0.0006528322845	0.03328424457	-0.05698910015	-0.06805494503	-0.02810984769	-0.004550730442	-0.05149721221	0.0847059268	0.01772962461	-0.01619582043	0.02619661107	0.02985138127	0.03277917759	0.07649276466	-0.005013900055	0.08690620136	-0.0113222023	-0.01328296422	0.04356501432	0.01230054524	0.0189212301	0.001133450202	0.05207910842	-0.006479500772	-0.03147767215	-0.008898497026	-0.03056211174	0.005609858642	0.03745155912	-0.05319406213	0.004785301289	-0.001128692045	0.005003493188	-0.05099543175	-0.07446384216	-0.06251654926	-0.06032601425	-0.06485461901	-0.07927116339	0.01151292047	0.03002376082	0.03079968123	-0.0274793591	-0.0739821175	-0.02197430232	-0.02956244095	0.007129732963	-0.04731835204	0.006211767475	0.004803887164	-0.03187036275	-0.01517226199	0.01933231002	0.01715695149	0.004088208135	0.03329823257	-0.01283078651	0.004337752749	0.02891583857	-0.03228629992	-0.00456161008	-0.01473260349	-0.001891525132	0.02581234786	0.04711692728	0.0378516044	0.008409670815	-0.008437709163	-0.0007914459655	0.004838953555	0.0121131309	0.09746376048	-0.02416289317	0.1066125565	0.04265443024	0.06397501908	0.04580867727	0.07165522452	0.02268596356	0.05831779422	0.01267204555	-0.05721786378	-0.03089254203	-0.01694125001	-0.02051847976	0.07351520482	-0.1104747702	-0.07022415626	0.001872986008	-0.01097743603	0.0997901343	-0.009285054741	0.03249335663	0.04764479484	0.1324596334	-0.1127972343	0.02715823812	0.01071185957
-0.02256358678	0.01450655536	-0.0252581116	-0.009813514459	0.09946327044	0.07049798109	0.07089067497	0.030224063	-0.02798513466	-0.06339813901	-0.05610267161	-0.05997917379	-0.05555885973	-0.03222927973	-0.03463226404	-0.04417265134	-0.05913029332	-0.05698855662	-0.07534841028	-0.05294247241	0.1087173753	0.08810143085	-0.05393379424	0.02123456259	0.03383098078	-0.04601492557	-0.03362145147	-0.03267270682	-0.04550888946	0.02564423847	-0.02891366489	0.08440201172	0.1260229772	-0.06653783588	0.1342281027	-0.03257626804	0.03651840455	0.0521741499	0.05815612969	0.1542421645	0.4259634303	0.0467841718	-0.05796020376	-0.01480021206	-0.04328336225	0.04411207099	0.1214962036	0.1049724823	0.002319093925	0.09543431009	0.05281392226	0.04437310229	-0.04897793541	-0.02594520633	-0.02573275871	0.02337074987	0.02448083129	0.1315434895	-0.05926761976	-0.06730701243	-0.07883851301	0.01254183815	-0.0240712594	0.1230361482	0.1239750451	0.05243104322	0.0159550726	0.08232769879	0.05797924035	0.02449497839	-0.02248065816	-0.05930854612	-0.05482700071	-0.02062187823	-0.02526456059	-0.03826871027	-0.008320452105	-0.02996845928	-0.03894580654	0.04716939264	-0.05710358959	-0.06578164752	-0.04191623994	0.0004824825008	-0.02377109905	-0.06254108245	-0.04409279047	-0.03470823281	-0.02832766568	-0.03830107628	-0.06047285893	-0.0493267373	0.02227371478	0.03649494523	-0.04382702982	-0.03488739281	-0.03167159635	-0.04109768392	-0.02143360729	-0.01639444308	-0.02557992358	-0.008870893621	0.05735450258	-0.0187905041	0.05676316398	-0.01031132596	-0.03833608493	0.02266989367	0.0134282557	-0.03033327858	3.655248359e-05	0.06354151124	0.04643612094	-0.04925248799	-0.0326823121	0.005780783323	-0.02309485078	-0.03146208381	-0.01700886787	-0.03633492965	-0.0439922554	-0.0101533509	-0.02660371781	-0.01844224705	-0.01467828754	0.01755717005	-0.0576956907	-0.02750637177	-0.03601629336	-0.04738691197	-0.05594566759	-0.03175553855	-0.01141810015	-0.04912621953	0.0457538189	-0.03473926628	-0.00764665836	-0.03216910801	-0.04207195149	-0.05302014118	0.03128724015	-0.007612445925	-0.02313624904	-0.0123247333	-0.01947444711	-0.01654331925	0.03792333678	-0.07441056236	0.03922883298	-0.02037760349	0.003030957526	0.03712249178	0.01073754561	0.006807902798	0.01008962929	0.06915263681	0.01348118636	0.01289691281	0.002707584325	-0.01896303732	0.01674333942	0.0124598901	-0.004520132698	-0.02817099954	-0.04538483671	-0.001928980798	-0.03563629197	-0.009306341311	-0.01125058975	0.000715109853	-0.01040658665	-0.03572062776	0.03151901517	-0.01131354764	0.03011771731	-0.03592209664	-0.005895257893	-0.01465847872	-0.04068916815	-0.02825507269	-0.007257240473	-0.04281159553	0.01184836269	-0.03494968512	-0.02535134864	0.01475593176	0.02000691633	-0.0141618734	0.01719440531	-0.05920919436	-0.0355426621	0.004264706614	0.01352686484	0.02103188283	0.001075094344	0.007213420208	0.02169021504	-0.0002606533214	0.03378846706	-0.04193600065	-0.03653139809	-0.02419969942	-0.02403141894	-0.02895193294	0.2315100516	-0.06515012278	0.07755962076	0.03586740505	0.07627627339	0.08274034269	0.09067265592	0.007357734679	0.05365323974	-0.03968720796	-0.01875334101	-0.03408193113	-0.04076649563	-0.02231960933	0.1018677165	-0.07899449667	-0.06408524434	0.007023444736	-0.00600673652	0.02493311776	-0.05314752348	0.07533186499	0.02717483229	0.09672404368	-0.083986634	0.0133429348	-0.01722682147
0.03536598081	0.02472314379	0.05803570333	0.05438250593	0.09123984811	0.01767433922	0.1002431494	0.1234262781	0.02810287359	-0.1757926397	-0.1658001194	-0.1702609847	-0.1612391788	-0.1671866319	-0.1602431927	-0.1523800504	-0.1736069889	-0.1714537306	-0.1227813473	-0.1554992137	0.09736156626	0.07433669285	-0.1293749712	-0.0425186164	-0.03080314059	-0.1751380445	-0.1668696922	-0.1675856818	-0.173548399	-0.03171326086	-0.1680696921	-0.0007239253319	0.07472145142	-0.08278568281	0.008284970953	-0.1627530309	0.1577194373	0.2354365301	0.2175496073	0.1616058631	0.0467841718	0.3630275122	-0.1836804469	-0.0229967701	-0.179298569	0.1690078177	-0.007542905654	0.09982749033	-0.03886941398	0.08021311637	-0.01321588117	-0.02176511548	-0.1656285304	-0.1693586222	-0.1575625541	-0.03735371121	-0.02777414589	0.1108029863	-0.1848694047	-0.1820028447	-0.1785069256	0.07547022435	-0.1698702722	-0.001076619307	0.003996340999	-0.001704978369	0.05131903936	0.08654478875	0.08855215164	0.1460153508	0.01499461461	0.04339780055	0.04445351548	0.0479583759	0.04186258366	0.0473815042	-0.01515246108	-0.04543336882	0.05153772791	0.1774907903	-0.008684949351	0.004972788481	0.03568121712	-0.00265150923	0.05527051571	-0.004434702877	-0.03730402752	-0.01321162083	0.02373776268	-0.05059405909	-0.01582549548	0.006038526382	-0.01522953206	0.1613450569	-0.02987095187	0.01875663313	0.001033415373	0.006670410855	0.04425388002	-0.008427079048	0.02984215827	0.05941429161	0.06516902711	-0.05301985849	0.05780976966	0.01055658712	0.02663141434	0.05149221875	0.005401705083	0.003760855292	0.03957449907	0.2806111644	0.03430131943	0.001437707227	0.0397448897	0.007545227039	-0.01045846119	0.001448290385	0.05625148599	-0.01802832311	0.007240116023	0.01212555477	-0.02042079017	-0.06571817308	-0.03369615715	-0.01663976705	-0.1798749761	-0.01869638948	0.02873922743	0.001000112401	-0.006831434005	-0.003606729105	0.005303848153	0.03705183697	-0.002996851418	0.009977972971	-0.05967563572	0.002494691934	0.01515719468	-0.03591811094	0.07190635062	0.03017382643	-0.01529942194	0.04775501514	0.0585237421	0.06147632637	0.1264012738	-0.00147412166	0.07106192906	-0.01040402876	0.04571858158	0.01403612819	0.01221388176	-0.0002700395464	-0.02888816064	0.0128800195	-0.04493940973	-0.09967031774	-0.04133723414	-0.03721024588	-0.04350747162	0.06331533447	-0.0381201955	0.02752643174	0.07053734608	0.05059507477	-0.07084058718	-0.060028174	-0.08172384083	-0.06217791956	-0.06390172636	-0.1077155211	-0.04349318193	0.0784391973	0.002889472725	-0.0008435115732	-0.05864677402	0.006216720889	0.03118864448	0.04252040504	-0.06077438462	0.007774866412	0.03472085738	0.01607977359	-0.01065150293	0.004467480666	-0.006209752392	0.03571463085	0.07535189904	0.02555432021	0.03306304406	0.0636650068	0.0008649119722	-0.0135649958	-0.005898832298	0.05316950677	0.01537356173	0.06244288525	0.003606852372	0.05211363367	-0.01862658857	-0.01322389625	0.007579851466	0.054243974	0.08628347243	0.05077682346	0.1367526392	-0.02647182915	0.009266986205	-0.01673893537	0.0732313853	0.04436007654	0.1097684195	0.04775200578	-0.04654502431	0.01398642474	0.01554100679	-0.02326284762	0.0917405828	-0.116998477	-0.0822071479	0.02217840928	-0.01052664247	0.229411015	0.02434703755	-0.06247485411	0.006124189524	0.05902178749	-0.1117287921	0.04862535683	0.02098213351
-0.1780565662	-0.1642450592	-0.1867555482	-0.1990675279	-0.1180289441	-0.09912058312	-0.1547201073	-0.1924833143	-0.195315792	1.073129492	1.031082889	1.045561404	1.009136066	0.5372338767	0.5428501697	0.9996408377	1.058717828	1.039103734	0.4855917582	1.00969585	-0.07021549445	-0.02441568714	0.5014566938	0.04335770344	-0.003701101299	0.5485369529	0.5455708019	0.5455842988	0.5472740795	-0.01295815436	0.5609152423	0.02801850358	-0.03335418224	0.518220482	0.01420752011	0.5412806222	-0.1878650363	-0.1927821671	-0.2127246636	-0.09586941465	-0.05796020376	-0.1836804469	1.257679217	0.08280324305	0.5760978282	-0.1013350273	0.0278257177	-0.08640721317	0.04284359401	-0.03130029743	-0.02222995274	-0.01723811975	0.5492547047	0.532175333	0.5028541379	-0.009425432061	-0.009101334491	-0.0458410932	1.120138368	1.089636821	1.128626389	-0.009173918331	0.5332088131	-0.01501387263	-0.03147969127	-0.04667441078	-0.1405016714	-0.07065940268	-0.1891615806	-0.2030976414	-0.2055370521	-0.152234654	-0.1525655497	-0.2002898266	-0.1865040623	-0.2115298922	-0.1348807642	-0.1048843324	-0.2043842977	-0.2053763444	-0.1145249055	-0.1246775721	-0.1397594906	-0.1053402065	-0.1956089898	-0.1467563186	-0.1119161451	-0.1437756499	-0.1826887813	-0.08298706794	-0.1118686247	-0.1867922144	-0.1133082719	-0.2229145943	-0.1316281414	-0.1841817887	-0.1674918021	-0.1640302009	-0.1628382052	-0.1448323036	-0.1671009371	-0.2058087015	-0.1524578703	-0.1598591921	-0.140689943	-0.1487222095	-0.1562299171	-0.1900346168	-0.116279776	-0.1883558227	-0.194200186	-0.1860619955	-0.1427277856	-0.1940020316	-0.194599857	-0.1905305729	-0.1815678309	-0.182519357	-0.2084710862	-0.1506601907	-0.181456067	-0.152892759	-0.1417592743	-0.08016865406	-0.1198679446	-0.08511341955	1.22342879	-0.1714970375	-0.154325608	-0.1699211296	-0.1059722666	-0.1677019303	-0.1423790292	-0.1740663247	-0.1386714339	-0.134441231	-0.07362395292	-0.1683287854	-0.1280129695	-0.1304232543	-0.1623220802	-0.19258263	-0.1604674436	-0.1955596425	-0.2101913008	-0.2117206305	-0.2091858176	-0.1842113437	-0.165755506	-0.1604509504	-0.1789402654	-0.07527111088	-0.09598344577	-0.1124462996	-0.06337406699	-0.07754059242	-0.04557905023	0.0310866381	-0.06928342252	-0.06104771952	-0.03511871008	-0.1526243463	-0.04485770733	-0.1930594751	-0.1987655001	-0.1965650107	0.07069519986	-0.07793193746	0.05610709984	-0.0427403725	-0.04201824991	0.08328062591	-0.0707659853	-0.195347567	-0.1157050296	-0.1768662909	-0.07221450634	-0.1217552616	-0.1635645392	-0.2061873725	-0.1038991221	-0.1931158645	-0.1389103748	-0.1701605209	-0.1663356708	-0.1466059129	-0.1539802	-0.2056904229	-0.2025509065	-0.2092113454	-0.134406438	-0.2125801437	-0.09925982911	-0.1119396323	-0.1277084174	-0.1511097504	-0.1270724145	-0.1413290129	-0.09524423948	-0.1806046846	-0.1441569452	-0.134752574	-0.1704595217	-0.197835618	-0.1089325132	-0.1226242735	-0.1542553453	-0.01157224974	-0.06618402721	-0.05073461593	-0.04612779812	-0.197235904	-0.1951605125	-0.1381831892	-0.08624158115	-0.1699137119	-0.1208780327	-0.1416920345	0.0234978855	0.9397799513	0.519915271	-0.1404124898	-0.119693193	-0.1968467073	-0.2021070085	0.04295569889	-0.1562989783	-0.08206129821	0.9558683141	-0.1748346105	-0.1174439725
-0.07504747993	-0.03617884265	-0.05366485231	-0.06595754935	-0.05141912443	-0.008285705796	-0.0141739584	-0.05009909875	-0.03757517452	0.04561639105	0.04696112923	0.05215951207	0.0386237819	0.05106390754	0.07657201475	0.02842390452	0.03765652475	0.05300968898	0.09140735995	0.007336180463	0.0677490123	0.05887075973	0.08849611715	0.1074161336	0.09994633434	0.05137082767	0.04945089626	0.0559374855	0.06348060424	0.1064675758	0.04829507299	0.02299023473	0.02202684761	0.1686950318	0.002166119679	0.04147530131	-0.05183512782	-0.06020026608	-0.06770093723	-0.006604318327	-0.01480021206	-0.0229967701	0.08280324305	0.5361211488	0.07052308154	0.017192055	0.05913275128	0.003993635961	0.1110813515	0.07725547435	0.09789543469	0.05921245473	0.05886842298	0.05968652572	0.03041364399	0.1117400688	0.1053594639	0.07134891207	0.07599211863	0.05816164428	0.09601757183	0.02844583156	0.06537941768	0.02175926344	0.04840749101	0.08343648364	-0.01236043737	-0.03395952623	-0.0487753559	-0.07520579997	-0.05849490761	-0.06354113473	-0.06234522854	-0.0309266365	-0.03470463512	-0.06805788691	-0.01380286896	-0.008878411491	-0.05497623176	-0.05706723084	0.03428701097	0.03023145022	-0.06217953668	-0.02655514226	-0.04661136722	-0.06558639437	-0.02576349911	-6.038006439e-05	-0.03483555158	0.06668125431	-0.04020484996	-0.01150992614	0.008997375425	-0.07388974113	-0.001281834814	-0.02521619637	-0.008987995914	-0.02049435615	-0.07248391788	-0.06498256287	-0.02250838284	-0.0496321503	-0.04095494078	-0.0221600524	-0.05220707961	-0.03559704993	0.010849152	-0.06216983624	-0.0346521794	-0.04046905818	-0.06133980307	-0.02225289111	-0.06161022271	-0.04276779463	-0.07263379382	-0.03525185459	-0.02348256661	-0.02632655842	-0.05418988175	-0.01234633711	-0.0316864161	-0.02491773138	-0.005844700457	0.05334870605	-0.002841059917	-0.005865399394	0.08004745198	-0.005870836747	0.01175029531	-0.000612970042	-0.01955353015	-0.01368073819	-0.04992881772	-0.03033424116	-0.03810842129	-0.05235661047	-0.008081811033	-0.01056464381	-0.01847847055	0.008845937839	-0.03585281337	-0.04640082542	-0.006764112523	-0.03805553011	-0.0506877192	-0.05162632533	-0.0639611126	-0.02898667055	-0.02644575057	-0.006855060635	0.01513755384	0.02438909513	-0.01434955067	0.02224932541	-0.009910962818	0.05472668465	0.002636313812	0.04985569449	0.00893992739	0.01877177944	0.02256587366	-0.01834570827	0.03131996981	-0.06117668045	-0.07138639924	-0.0471646929	0.08815640793	-0.01650968696	0.01049580751	0.006153921614	0.01064748269	0.04388338193	0.009080701305	-0.03881322954	0.006781262849	-0.004299142289	-0.01421692031	-0.0352912717	-0.07440783237	-0.06165920658	0.007158408147	-0.03534656664	-0.08584446845	-0.08464938752	-0.04042892287	-0.06181021063	-0.03344250565	-0.06717249347	-0.04846447572	-0.07417518956	-0.02938442874	-0.07275952934	-0.0260668874	0.005218002463	-0.01995277064	-0.03715684931	-0.0113229552	-0.02157630336	0.01586075902	-0.02746030762	0.002268664736	0.01373091831	-0.01426548562	-0.03879333525	0.01284111671	-0.02163941012	-0.0401919162	0.08587585581	0.005115584535	0.04446223807	0.07215559173	-0.04405536674	-0.0582901249	-0.06298693777	0.02782757208	-0.07490089668	-0.05215793078	0.001443178809	0.05110973695	0.09126100035	0.1498745581	-0.05166130496	-0.0115068781	-0.03406472842	-0.06775912076	0.08065833033	-0.01099301876	0.01574676885	0.1423840059	-0.05142861532	-0.02328002776
-0.1753383126	-0.1666508962	-0.1742750415	-0.1864640508	-0.1122884207	-0.1103092594	-0.1175554503	-0.1665782266	-0.1855891882	0.586188316	0.55418148	0.5620545407	0.534260816	0.9595319079	0.9248336894	0.5424025156	0.5790126618	0.5662379306	0.8926304734	0.5531712695	-0.02810386646	-0.01448603	0.8950476505	0.03476253351	-9.706160071e-05	1.011363791	0.9938834972	0.9647158012	0.9429768479	0.007096029052	0.9449556016	0.03605638365	0.008400399351	0.4481453686	0.0505044145	0.991226659	-0.1809749437	-0.1845569902	-0.2013976009	-0.09556687361	-0.04328336225	-0.179298569	0.5760978282	0.07052308154	1.177578856	-0.106698436	0.0454853492	-0.06402719324	0.1015093115	-0.009560627964	-0.004907888003	0.0004020619567	0.9896684337	0.9298171187	0.9420603478	0.0148277457	-0.003997484116	-0.04649777648	0.5898933655	0.6020216797	0.5722164568	-0.0249452873	0.9310253645	-0.02545357074	-0.01685593202	-0.02068142104	-0.1395242693	-0.0642600062	-0.1720177679	-0.1891795235	-0.1931649893	-0.1619260743	-0.161591594	-0.1865624869	-0.1757574055	-0.1963695586	-0.1431359085	-0.1119032376	-0.1938338134	-0.1991381667	-0.1295331003	-0.134953333	-0.1461372974	-0.1094811552	-0.1828419108	-0.1516735088	-0.1172100666	-0.1380260081	-0.1658810249	-0.08505270172	-0.1157468428	-0.1578525839	-0.1093177561	-0.2091507715	-0.131757732	-0.1678916448	-0.1568440315	-0.1555088099	-0.1719413909	-0.1522750521	-0.1543454642	-0.1971607463	-0.1336147788	-0.1507421765	-0.1400017649	-0.1297897658	-0.1593017609	-0.1820750037	-0.1238253817	-0.1748639633	-0.1817893556	-0.177384092	-0.1471213874	-0.1808822528	-0.1887502032	-0.1894443484	-0.1746050209	-0.1703354485	-0.1966549313	-0.146277803	-0.1657419488	-0.1561722535	-0.1434686322	-0.08142742529	-0.1259805928	-0.1138475648	0.5643754754	-0.1560729247	-0.1581861742	-0.168089414	-0.1077455505	-0.1521965056	-0.132234359	-0.167017556	-0.1494220373	-0.1296717406	-0.06873196314	-0.1594802981	-0.1245585713	-0.1240538864	-0.1457470706	-0.1749465634	-0.1522121009	-0.1838389479	-0.1945708015	-0.195830836	-0.1937700804	-0.1729538551	-0.1487719856	-0.1525147069	-0.1574459015	-0.05590382007	-0.08970922126	-0.09231319861	-0.04433937293	-0.04464304404	-0.03478582288	0.03791966898	-0.05438123395	-0.05271683857	-0.01553049646	-0.1579417367	-0.04053120611	-0.1823031948	-0.191823913	-0.1834895482	0.06755031773	-0.07349063396	0.04151853641	-0.03698446	-0.04463256087	0.07363214496	-0.07319581775	-0.1922264017	-0.09843194524	-0.1756489241	-0.07004419632	-0.127678952	-0.1661439793	-0.1996395446	-0.08968858059	-0.1814996587	-0.1412693327	-0.1682159718	-0.1619341502	-0.1424945381	-0.1241176572	-0.1917106541	-0.1853190273	-0.1955010492	-0.1366323701	-0.201712525	-0.1161150933	-0.1246941706	-0.1441702075	-0.1443381937	-0.1204048812	-0.1461132567	-0.08710670466	-0.1797324065	-0.1506958967	-0.1411613987	-0.1584841576	-0.1837571778	-0.09937174047	-0.1485453807	-0.1339851805	-0.002352912462	-0.06584406731	-0.0250608016	-0.03610481132	-0.1804282881	-0.1779328619	-0.146160201	-0.09703794155	-0.1668344734	-0.1267000495	-0.1377139747	0.006565851503	0.5182798645	0.4521047929	-0.1528301997	-0.1388906292	-0.193653152	-0.1928105429	0.062882601	-0.155259005	-0.0691192507	0.4992324964	-0.170132153	-0.1391134062
-0.004203277459	0.02056431535	0.03478956729	-0.01797444969	0.05585083514	-0.00278022715	0.02219266477	0.05066620786	-0.009019806107	-0.0978996639	-0.08674889876	-0.0918353228	-0.08406520433	-0.09319346024	-0.08220727512	-0.08450058814	-0.09454882105	-0.09382178044	-0.04646015821	-0.08777411197	0.1325799344	0.1363664774	-0.05595142774	0.02065627619	0.02867057631	-0.09923965182	-0.09287101764	-0.08838232552	-0.09790184434	0.0289830782	-0.09884910963	0.05095073676	0.08633594945	-0.03658120937	0.09148104077	-0.09618049216	0.1221732577	0.08301296378	0.06387588233	0.06566985793	0.04411207099	0.1690078177	-0.1013350273	0.017192055	-0.106698436	0.4290229624	0.01712606471	0.1232920567	0.0364821171	0.1497789783	0.05085000084	0.0323157984	-0.09427411124	-0.09595685677	-0.08717203401	0.03074920097	0.04103458047	0.1952482426	-0.1013501852	-0.09460805825	-0.1214077246	0.1624272783	-0.08640787379	0.04737304308	0.04246739835	0.04477025799	0.0546139288	0.09826571256	0.01642746138	0.06183701887	-0.01569217369	-0.02365966793	-0.02524359479	0.02209584275	-0.01199179908	0.002193791322	-0.003827205611	-0.06295666383	0.02089287956	0.08038705683	-0.00589299551	0.01185517035	-0.0121365222	-0.0343238225	-0.008254116969	-0.04048941012	-0.02909057204	0.01024395633	-0.005867966483	-0.0143136887	-0.00721189821	-0.01864860387	-0.008808704342	0.02792902385	-0.01668158539	-0.01321466246	-0.01516332715	-0.002495625909	0.00906803085	-0.03282695536	-0.001411510732	0.01161423116	0.05436934134	-0.04846764539	0.01697625423	0.008682252686	0.009253789757	-0.002664822813	0.04848224847	-0.009395675606	-0.02478450851	0.1623934264	0.003598090246	-0.03470479436	-0.03041656655	-0.02685674754	-0.02824131305	-0.005903122564	0.02312534116	-0.02458193195	-0.008547626276	-0.007074848185	-0.01767740327	-0.01962533658	-0.02448210951	-0.0002040722292	-0.09921271984	-0.00546775706	0.01533435351	-0.01111569489	-0.01006860308	-0.01010374863	-0.02048915008	0.0007276492445	-0.004882187924	0.02248679392	-0.03712409588	-0.01361844516	-0.001065240508	-0.04421434349	0.02277276902	0.01019035392	-0.0221053798	0.03051601307	0.02613735865	0.02294027916	0.05997577915	-0.0133872316	0.02570932334	-0.02108579538	0.008788592566	0.02201437308	-0.005386805519	-0.006031952872	-0.05737162838	0.0201369009	-0.04741025543	-0.04444223325	-0.04646053534	-0.02218941209	-0.02253299304	0.02511164006	-0.01266059675	-0.02448310901	0.03644587254	0.01400772346	-0.04033962847	-0.04772221032	-0.07305478358	-0.04621572217	-0.03812266606	-0.03380459802	-0.07658595877	0.01557958504	-0.001662840003	-0.01528010962	-0.04571229483	-0.006671280718	0.007783956656	0.01488174174	-0.03585139599	-0.01729801454	0.008452214847	-0.01054034702	-0.0614792853	0.0208721665	-0.03611742176	0.01856743884	0.02969085503	-0.00966399684	-0.005712200121	-0.005376142936	0.0129131701	-0.0170394197	-0.01672807694	0.02773751025	0.00955512345	0.02452084026	-0.02011601363	0.01011229834	-0.06537890954	-0.04650831356	-0.02151125912	0.02447515189	0.06198080609	0.03409533814	0.03190461616	0.02229990755	0.0519071158	0.05759258162	0.130398074	0.01970764725	0.007740668213	-5.494577417e-05	-0.03398582033	-0.006775718078	-0.02643754479	-0.02250320999	0.1768955116	-0.04337652836	-0.03963842618	-0.01828782382	-0.01940808547	0.1619484215	0.003967841203	0.01157284175	-0.02313288026	0.06712737667	-0.03959868065	0.011137888	0.005545637651
-0.02992195507	-0.009236229587	-0.05964134909	-0.05576425263	0.04499190913	0.02354231958	0.01872721278	-0.03980281052	-0.0580537754	0.02815677632	0.03325297873	0.0419060361	0.04106473443	0.06665773078	0.05294549976	0.05496654765	0.02587966733	0.0347646832	0.01124176379	0.0381236579	0.1111898228	0.08416874475	0.03528388017	0.08691198695	0.09621464574	0.0339213581	0.05390127073	0.06473415177	0.04626015663	0.094099162	0.04274571008	0.1143497152	0.06764689026	-0.002426151105	0.1438352214	0.04909759286	-0.03837752251	-0.03751474075	-0.06328246445	0.05404287653	0.1214962036	-0.007542905654	0.0278257177	0.05913275128	0.0454853492	0.01712606471	0.4671275824	0.06779873554	0.1023460862	0.1172404764	0.1281143529	0.05931173492	0.05360134221	0.06897065325	0.06772394619	0.09929540119	0.09886003869	0.09013859705	0.03412961677	0.02490947881	0.001515593172	0.05019511797	0.06629275085	0.1300331252	0.1330021213	0.07944654691	-0.02401136124	0.0007187248727	-0.03333400349	-0.06022563026	-0.05539254281	-0.0754232745	-0.0738754124	-0.04821079518	-0.04725462472	-0.05747749012	-0.02007873164	-0.01990455325	-0.05786013205	-0.06333601736	-0.04074533051	-0.062904501	-0.0628552015	0.01701107236	-0.04634817344	-0.05833566964	-0.04104091877	-0.03469929175	-0.04735495318	-0.0008738381232	-0.04554799968	-0.0667304629	0.01585086552	-0.07250600983	-0.04742063453	-0.05225295358	-0.04776813926	-0.04576723779	-0.08253855323	-0.03304998975	-0.02463631088	-0.06119596543	-0.02660705085	-0.03373158569	0.003048484773	-0.02699799577	-0.05393255305	-0.0338742649	0.009358249754	-0.03729475264	-0.06771071138	-0.01556281723	0.006913562508	-0.03273884664	-0.05848047298	-0.02858680705	-0.05272726516	-0.04275353497	-0.07106267512	-0.05262501113	-0.04387019363	-0.004965082101	0.0005783823936	0.03569594237	0.0001366242468	0.04518369992	0.02615042271	-0.04521475877	-0.05134441497	-0.0605256677	-0.0438445618	-0.03790914623	-0.0294325934	-0.0419199577	0.01453552332	-0.06899329261	-0.02572969846	-0.04855424058	-0.04409840012	-0.02411498259	-0.02357382653	-0.03251732874	-0.03000935669	-0.06843293171	-0.06262343971	-0.06278298951	-0.05887204557	-0.04993376363	-0.01576303209	-0.02925457188	-0.02445512991	0.08363527523	0.005495772018	0.02142033843	0.0325393382	0.05990625539	0.0461502888	0.05712258518	0.04239654719	0.01650314354	0.04574003297	-0.03574274284	0.02809840058	-0.04719686756	-0.06382418061	-0.04275377462	0.02993599117	-0.02700724915	0.009796944399	-0.007908268103	0.005501052482	0.02433624551	0.03465069912	-0.06125118249	0.0111819268	-0.03747345434	-0.02353121307	-0.05558717583	-0.07718964492	-0.07930078894	0.01072564282	-0.03997548681	-0.03866627884	-0.07605825366	-0.04280718342	-0.03583851263	-0.02692871282	-0.07898617246	-0.06027773168	-0.06201302963	-0.0277724044	-0.05316621961	-0.01603379977	0.02182715227	0.009198823942	-0.001211559299	0.01945088635	-0.01486020432	0.05659289259	-0.06732343333	-0.006124854506	-0.01463246705	-0.01134545598	-0.06424037571	0.05257611245	-0.04245540818	-0.01587331354	0.0686283246	0.0897730479	0.08400782996	0.07896504826	-0.05729164363	-0.03880582987	-0.05484579567	0.005359420488	-0.08055813866	-0.05046392849	-0.01782827541	0.06550753653	-0.007506142297	0.001611362512	-0.04414137977	-0.0253304916	-0.03494810396	-0.05005279602	0.3258871637	0.01416865272	0.02697923598	-0.00267549687	-0.04921476451	-0.02163281396
-0.02972350889	0.04261011204	-0.004940047363	0.01408251317	0.02908291385	0.0397755338	0.06352056069	0.0356601961	-0.01659319368	-0.08690188988	-0.078897411	-0.07782514614	-0.07810872257	-0.07103442892	-0.06662464198	-0.07099737392	-0.08287455629	-0.07420218426	-0.07044267734	-0.07470709898	0.1644071147	0.1111349876	-0.06060161982	-0.005740848101	0.01778949879	-0.07590047353	-0.06743052737	-0.0717580508	-0.08693628203	0.004740323483	-0.07213380248	0.07104830324	0.1359739391	-0.03367887168	0.1169019659	-0.04903180369	0.06158031455	0.0758618145	0.06597035059	0.07241868142	0.1049724823	0.09982749033	-0.08640721317	0.003993635961	-0.06402719324	0.1232920567	0.06779873554	0.4327867948	0.02293530374	0.1089331647	0.02543423384	0.07731386741	-0.06663058981	-0.05152992263	-0.04608997623	0.004250005878	0.009290484298	0.121196365	-0.07566360913	-0.07826987909	-0.1073682452	0.05085394407	-0.07293715988	0.06431982135	0.07211366112	0.1039490815	0.01233864048	0.08586677211	0.06782188974	0.06475974037	-0.01756593328	-0.02245684505	-0.02113005811	-0.008888633863	-0.01161167398	-0.02123450176	0.02010378986	-0.0135152498	-0.00808446358	0.04998748619	-0.02044783848	-0.05673116044	-0.02753554837	-0.03740417638	-0.04157315348	-0.03853833227	-0.01350047675	-0.05143648983	-0.04120547315	-0.01605354923	-0.02308796637	-0.04605047133	-0.031027151	0.05047705173	-0.06222939494	-0.0341587881	-0.05170159934	-0.02772924255	-0.01684587198	0.01324101109	-0.02788486064	0.01073773345	0.1370571421	0.001188617753	0.0004410140146	0.001528858953	-0.03577142166	0.04793074725	0.06208763928	-0.05265052632	-0.004562553093	0.08452064968	0.01206443062	-0.06385441605	-0.03016097986	-0.01558876766	-0.0410135183	-0.01002273777	-0.01150767893	-0.05569460904	-0.04632304119	0.05681577533	-0.005936253587	0.005246493485	0.01147819194	0.009989457636	-0.08524850133	0.008397920909	-0.03155398963	-0.02514091019	-0.03728738224	-0.06159982611	-0.01626680358	-0.04274982068	0.007028541731	0.01027921945	-0.02042756346	-0.05416817995	-0.04367304103	-0.02655119332	0.05099283258	-0.03961417493	-0.04097614332	-0.01928876144	-0.007570793274	-0.008806167918	0.03134485554	-0.05940096162	0.05292203191	-0.04833656594	-0.02878222884	0.005126333136	0.004222036071	-0.0009911047726	-0.04233456325	0.08784777328	-0.01848194898	-0.03314982529	-0.03757848605	0.01043938343	-0.03582519738	0.01949310298	0.02853398836	-0.02811985133	0.02970455674	-0.01900603309	-0.01843001562	-0.01453612015	-0.03267970359	-0.02942252983	-0.01945618387	-0.03026059269	0.001267158784	0.01082231496	0.0755024122	-0.01106595201	-0.02421913119	-0.02731627033	-0.004232228689	0.001585130307	-0.003903562853	-0.050285616	-0.00414635357	-0.02361113738	-0.003157190508	-0.02606272513	-0.03982517651	-0.01508669718	0.0006584169386	-0.02644409007	-0.04336800994	-0.0001971281341	0.04618733039	0.04177286933	0.0267143531	0.04750358496	0.04219135007	0.002454711375	0.06139526876	-0.02973832254	-0.01557757098	-0.01891321234	-0.07128158552	-0.01853560101	0.08325023004	-0.02557763692	0.1101615402	0.03699294957	0.07375392915	0.1114788367	0.08836266386	-0.01551030841	0.04167831291	-0.03097688849	0.01616973917	-0.03431374417	-0.05677628918	-0.01641125757	0.1220406455	-0.07086732728	-0.03616279193	0.03858264259	0.0050628681	0.08301485633	-0.04744244078	0.05721444125	0.0199932402	0.08284694919	-0.07625889825	0.01497210976	0.03223784919
-0.07658957651	-0.02388542129	-0.05948195526	-0.08508707046	-0.05856343381	-0.01483375995	-0.03261954791	-0.07852809014	-0.05594902457	0.02636753892	0.04104280546	0.04122971729	0.02936817876	0.09929375854	0.1061483022	0.02718145624	0.03092385678	0.03741368045	0.1572786142	0.02360407127	0.09413531547	0.06207514524	0.1487211785	0.1385679046	0.1415443294	0.09577509422	0.0940646622	0.09418747914	0.1066728969	0.1385241029	0.1059184856	0.07690444699	0.01409504457	0.05885169804	0.03375547298	0.08619487551	-0.07476977734	-0.07964991441	-0.08670073079	-0.03531713052	0.002319093925	-0.03886941398	0.04284359401	0.1110813515	0.1015093115	0.0364821171	0.1023460862	0.02293530374	0.5460911856	0.09998387164	0.1716962364	0.05097270992	0.08385848915	0.1027316746	0.0955496124	0.1566869966	0.1597779845	0.086263315	0.04131828565	0.0200363095	0.02851499603	0.07869309987	0.1017525018	0.07014163835	0.05632153821	0.07126841232	-0.00397837575	-0.03547443124	-0.06143123633	-0.09395784217	-0.08336372451	-0.09522951707	-0.09488546941	-0.05771353251	-0.04618447621	-0.0641222644	0.01366839468	-0.003346444247	-0.08200088542	-0.0742044736	0.0251103452	0.007433932509	-0.0661660359	-0.01955246073	-0.04386193973	-0.0765827639	-0.03578587544	-0.01130526713	-0.03309382002	0.07359044442	-0.04716658785	-0.03417368845	0.04610491063	-0.08831282567	-0.02187229557	-0.03230276817	-0.0310912722	-0.02282088199	-0.0883757227	-0.0443379437	-0.02100189619	-0.08022966658	-0.03531293079	-0.01566982429	-0.02937219802	-0.02051700761	-0.005343472049	-0.04522220075	-0.00127708325	-0.05090629665	-0.08618993614	-0.03264949832	-0.05229303008	-0.03741589771	-0.06929919143	-0.00703403362	-0.02874087819	-0.05887953756	-0.07889233013	-0.03381269651	-0.02829306706	-0.01964122927	0.02725609805	0.08749317554	0.04169994996	-0.01466553243	0.04124380096	-0.05704857876	-0.003447837435	0.005381710362	-0.02328920435	-0.02343884477	-0.05810040653	-0.0313773303	-0.04165688296	-0.07131938409	-0.02690580082	-0.03110615808	-0.02844839867	-0.03706995486	-0.051116566	-0.04143140519	-0.02414138921	-0.07747499053	-0.07191739725	-0.07297386843	-0.07154453129	-0.02964573497	-0.03849590646	-0.02619408375	0.01539337857	0.005838255359	0.02118851812	0.04326884413	0.03008444572	0.04603810406	0.03800204702	0.09160232505	0.02697469797	0.06350052858	0.002451066883	-0.02195350159	0.04734248021	-0.06945332508	-0.08157813277	-0.04806175206	0.08994586509	-0.02691534562	0.02010369858	0.02940564384	0.00125763214	0.08550640004	0.012064255	-0.06298475733	0.02178089479	0.001359394649	-0.01694704847	-0.03058541689	-0.1105982507	-0.07480237772	0.01721579796	-0.02832791844	-0.1037683848	-0.08732615111	-0.01932544073	-0.07360301639	-0.05434869165	-0.07525998666	-0.08391989956	-0.06784832649	-0.03054914091	-0.08159849759	-0.02575147237	-0.01868341979	-0.01441515634	-0.03304061435	0.02482160543	-0.03274028537	0.0569062962	-0.03323936405	0.02090201965	0.02179035649	0.001969619324	-0.03766571245	-0.01897484692	-0.002037526047	-0.03378377623	0.008974708022	0.00861834085	0.04719913222	0.08669202087	-0.08789406964	-0.06272605201	-0.07463012633	0.03473852833	-0.09448927962	-0.05903537165	-0.003727587051	0.04980476105	0.06360742692	0.03765253867	-0.03999677474	-0.03668264236	-0.04874185838	-0.06718888543	0.1198288575	0.005720446393	0.005752050959	0.07430270097	-0.07854062603	-0.06151970596
-0.07252359666	-0.02621544232	-0.03670438807	-0.05881616689	0.04176179647	0.008417821674	0.0464090373	0.03299787832	-0.06470875244	-0.04951628386	-0.04001092867	-0.03737593646	-0.04430090045	-0.0371165118	0.002046015416	-0.02180831497	-0.04638777722	-0.04599715758	0.02634383453	-0.0329745015	0.2572838872	0.2492166306	0.01418582898	0.05032702068	0.07031138856	-0.02537471696	-0.03826621568	-0.02709490405	-0.02458041869	0.08194044853	-0.0346863747	0.2030076925	0.1789857452	0.02826006472	0.1884127053	-0.02073255556	-0.005487465921	-0.004115808998	-0.02718894729	0.06530202751	0.09543431009	0.08021311637	-0.03130029743	0.07725547435	-0.009560627964	0.1497789783	0.1172404764	0.1089331647	0.09998387164	0.5137883304	0.1054525928	0.1334007557	-0.01014996201	-0.01539511649	-0.008014855962	0.08686772369	0.07516022141	0.2272280247	-0.03874820812	-0.03608644497	-0.04624258068	0.2021272418	-0.01350958895	0.1668668823	0.1653618619	0.1258400203	0.004550655197	0.02317277413	0.0199524262	-0.01235062405	-0.04638477507	-0.09062739136	-0.08926803093	-0.03198422658	-0.04881457211	-0.06119886856	-0.04110986487	-0.05629061051	-0.05722544184	-0.02572422713	-0.02726474233	-0.03537395917	-0.07549948518	-0.03761922412	-0.06098656882	-0.07389240996	-0.04119265313	-0.03464099296	-0.03323073364	0.004535800079	-0.05591389524	-0.02951796046	0.01197646388	-0.05214261741	-0.03748211806	-0.04051429982	-0.04343043104	-0.02976852966	-0.07533578397	-0.04613181817	-0.01640570439	-0.05380702538	0.01308722064	-0.05792197404	-0.01872416228	-0.01505819469	-0.02101542126	-0.02804302365	0.004221551031	-0.05034522349	-0.06990429342	0.07683182096	-0.0004608315781	-0.07031204934	-0.07572372116	-0.02853678965	-0.04342146855	-0.0438142284	-0.0589404124	-0.05569620278	-0.03307978446	-0.02039183446	-0.01216906535	0.008240952164	-0.0177223419	0.04489532414	-0.03163648912	-0.04020544289	-0.01937811529	-0.01554523402	-0.03604191358	-0.03538955987	-0.05880809695	-0.05268580504	-0.0214064505	-0.01802370307	-0.01403713533	-0.04366992062	-0.0362203945	-0.04969438342	0.02164283169	-0.03384613612	-0.04451143896	-0.06405712721	-0.04795579453	-0.05378033152	-0.005634533942	-0.06478991527	0.0316402389	-0.04633356518	0.01945055123	0.07475653627	-0.02321700421	0.05173009582	-0.02060620443	0.06890497707	-0.006943705015	0.01012057308	-0.01652909919	0.008022033218	-0.009686530495	-0.02349723706	0.02143026643	-0.06762141939	-0.04972193818	-0.03211526611	0.05026093846	-0.02131513388	-0.0142718242	-0.009324376839	0.004819292451	0.02454965027	-0.03568519365	-0.05538257523	0.01686423749	-0.0228105862	-0.01829394096	-0.03645308478	-0.0692423957	-0.07110010306	-0.0111669537	-0.05275697309	-0.06360644544	-0.07521803085	-0.06605321756	-0.06127893908	-0.03706707724	-0.07054656691	-0.04243751826	-0.0752044999	-0.03572685566	-0.05989444013	-0.0135702942	-0.004631957614	-0.005945619273	-0.005053938796	0.002413741197	0.0076694678	0.01666705697	-0.05096224146	-0.04449432117	-0.02864907238	-0.02221371296	-0.04559481157	0.09345196772	0.0006858299497	0.004648829237	0.04907660669	0.09831049132	0.2077379195	0.3067079117	-0.04329188507	-0.007369346362	-0.04933618467	-0.01224286121	-0.07192485643	-0.05368312133	-0.02917392979	0.2363953699	0.02323833311	0.02955473065	-0.03716987678	-0.02831109488	0.03970136977	-0.07331444978	0.06790659197	-0.01290803891	0.1321843849	0.01930655562	-0.05406302755	-0.03172361566
-0.04211060011	-0.02231436389	-0.04843612376	-0.06777603607	-0.02676933828	0.004733922358	-0.02618374077	-0.05730996836	-0.04367353429	-0.03034188007	-0.01470867181	-0.01767967809	-0.02495076486	0.01528109525	0.01337931479	-0.02432277412	-0.02189177939	-0.01294948108	0.04674736115	-0.03245814729	0.1125002714	0.07600532761	0.007678482048	0.192609569	0.2054518346	0.001885606726	0.003651165212	0.01483441065	0.004039074245	0.2057687238	0.001959664216	0.07700942443	0.04125534726	0.007407837959	0.06260832238	0.001589058665	-0.05074366938	-0.06047862051	-0.0640693891	0.0128230205	0.05281392226	-0.01321588117	-0.02222995274	0.09789543469	-0.004907888003	0.05085000084	0.1281143529	0.02543423384	0.1716962364	0.1054525928	0.4767674862	0.05626939897	0.001025860293	0.01566826266	-0.006871358898	0.2135263959	0.2164122767	0.1069411532	-0.01895562143	-0.02453638794	-0.03443370939	0.09114708616	0.0151453352	0.1025821624	0.1187453229	0.091073375	-0.009064361271	-0.01031502864	-0.04331499948	-0.07154699852	-0.04981333249	-0.06723672047	-0.06561868209	-0.03525709899	-0.04732912011	-0.05835301449	-0.004000880396	-0.01055499121	-0.06141117628	-0.06289573669	0.0200582756	0.009575247386	-0.06823506629	0.006011941771	-0.035205821	-0.07230825539	-0.03140286853	0.010060464	-0.02841566762	0.05336185488	-0.04763343035	-0.02523917199	0.1001616953	-0.06726448064	0.01643619372	-0.02016994277	-0.001851308513	-0.02035969557	-0.07960455089	-0.04055458828	-0.02371642152	-0.04675358982	-0.01157314827	-0.03539655525	0.01006884321	-0.01732049289	0.01179047581	-0.05724037909	-0.002316244559	-0.03669601231	-0.06402483487	-0.007838215987	-0.01245782414	-0.02313366618	-0.06446907063	-0.02100232622	-0.0231513807	-0.03357206912	-0.06493833829	-0.002346685116	-0.01842646113	-0.01145462238	0.01999431957	0.07682039687	0.0268791651	0.004214743203	-0.02226891311	-0.02699961299	0.01628133784	-0.0009661279524	-0.02444618979	-0.002911834487	-0.01474769818	-0.03125348993	0.008632558906	-0.05735547508	-0.03957428155	-0.002574637443	-0.0216536334	-0.04537443446	-0.03682839617	-0.0336435083	-0.006806100413	-0.07279711407	-0.06132905624	-0.06142293215	-0.04956211322	-0.02080387232	-0.02651058443	-0.009656499644	0.01531564491	0.06097880916	0.005460630816	0.01761963788	0.02373857327	0.04779099272	0.04939461818	0.07978659543	0.01289647756	0.00655059974	0.01503796109	-0.0307498358	0.008305850856	-0.05614410755	-0.05740190938	-0.04217615487	0.02888367634	-0.05008339557	0.008057353255	-0.01909175592	-0.01750669025	0.03621617594	0.02506750964	-0.03242396618	0.02767869638	-0.00137975413	-0.04359300476	-0.01899485527	-0.08550262644	-0.05515085159	0.01401564859	-0.01540630908	-0.05401718092	-0.06637057356	-0.04323537129	-0.02288002729	-0.007963443804	-0.05202626124	-0.05709805767	-0.0616951778	-0.03761694683	-0.06412600506	-0.007619355016	0.005699757791	0.004257833258	-0.02355130365	0.03283119544	-0.006406826272	0.0662265541	-0.01578962305	0.02634993427	0.02699373964	-0.01024055947	-0.04592289484	0.007866375437	-0.004998467973	-0.005875068077	0.05635056137	0.04116802908	0.06220635089	0.1016015894	-0.05885111941	-0.05249105329	-0.06754205954	0.03540109917	-0.05866180754	-0.05641236245	0.003373072794	0.08790512577	0.004235098028	-0.001707120922	-0.03134447282	-0.02265700754	-0.03383796965	-0.04810200375	0.1114080184	0.01284924349	0.01607220968	-0.002800069585	-0.04051391197	-0.03816796401
-0.05160264201	-0.003404840396	-0.03958583987	-0.04912879185	-0.03031850458	-0.02743893286	0.006455345041	0.00557343219	-0.04265597469	-0.04510032462	-0.0587234952	-0.05753128218	-0.06212529924	-0.03130788152	-0.01652695449	-0.05902515547	-0.03485853591	-0.0635603903	-0.02464903434	-0.03261584735	0.1273762001	0.2264674592	-0.03262557068	0.07239822189	0.04039291449	0.009049673698	-0.005073057566	-0.02834080487	0.01304505452	0.0572312131	0.001108160355	0.1833038546	0.1061407747	-0.01578810096	0.1525181784	-0.02007862397	-0.02971409084	-0.01749840909	-0.02465412974	-0.007122464282	0.04437310229	-0.02176511548	-0.01723811975	0.05921245473	0.0004020619567	0.0323157984	0.05931173492	0.07731386741	0.05097270992	0.1334007557	0.05626939897	0.479467664	-0.0249369334	-0.01650205114	-0.01517521382	0.05599220928	0.04109222687	0.09317086076	-0.009885569753	-0.01553033068	-0.03122810824	0.1119228908	-0.02349002956	0.1049821585	0.1557673709	0.3492549355	-0.01602045741	0.05425096969	0.002292357184	-0.01902303979	-0.02122323947	0.007451242354	0.007598123571	-0.04584846589	-0.04109155905	-0.04841291376	-0.001885726921	0.04473630003	-0.04570580459	-0.03647207042	-0.04785342539	-0.05408000358	-0.01701005193	-0.05126262396	-0.06559648232	-0.01615013205	0.01167091493	-0.0456195726	-0.07240289129	0.01607862397	0.008950610925	-0.03131854142	-0.006860488501	-0.02499367035	-0.0353119571	-0.03985465661	-0.04172355694	-0.06512522755	0.006407726973	0.03852002455	-0.06488907293	-0.02454937565	0.02670252947	0.009912330631	-0.05455365322	-0.01673568017	-0.02929807703	-0.02249753727	0.02815673869	-0.05698242702	-0.04384746618	-0.03566569442	-0.03391347968	-0.05187831289	-0.05074560971	-0.02264102631	-0.03677776129	-0.04833336185	-0.05144110543	-0.03619764723	-0.06727014317	-0.01807643815	-0.00831730673	-0.0003765670865	-0.006225545834	0.04701834051	-0.01717558648	-0.02662987016	-0.02497334541	-0.02288109648	-0.01437570232	-0.06189045225	-0.04854294137	-0.06319290999	0.01925623609	0.02210535233	0.03621688382	-0.04233769457	0.002134848214	-0.03696008065	-0.007899232433	-0.02478335237	-0.05262941051	-0.04541313583	-0.04202263704	-0.04661767627	-0.01051882174	-0.03369297044	-0.006799025791	-0.05684103484	-0.03271995257	0.04860597433	-0.01735587267	0.02888219563	-0.007984545159	0.05356748606	0.01717806488	0.009966664694	-0.02872686505	0.02308571883	0.02480331662	-0.02095902865	0.06112370991	-0.06144334737	-0.02686869421	-0.06000015345	0.002184262069	0.03576080077	0.05148637277	-0.01444943298	0.03425472467	0.008569396463	-0.01661082853	-0.02414514142	0.002381491235	-0.01060155944	0.02812574055	0.01391554538	-0.003355837575	-0.0458767927	0.01131071742	-0.03911270857	0.001321032863	0.0246889935	-0.04036492363	-0.06093966095	-0.03473840325	-0.0271289196	-0.03811357632	-0.05859307164	-0.004899754585	-0.02960702606	0.05587678532	0.05233244875	0.06388861202	0.02766459642	0.003008202971	-0.02496772412	0.03445981564	-0.05988903278	-0.03317687865	-0.04010807035	-0.04142731442	-0.05600753871	0.05733543393	-0.06064090573	0.01423455332	0.0454640516	0.05137220442	0.1374888684	0.1157803143	-0.03976313896	0.003499058583	-0.0250720033	-0.01564369875	0.01154955541	-0.02161813727	-0.04124493302	0.1458200699	-0.05037139293	-0.0009379964096	0.03088157759	0.0588511909	-0.04934859798	-0.05002168548	0.07468122056	-0.005985479101	0.07308980847	-0.03686651454	-0.03132018933	-0.0001828102582
-0.1577430988	-0.1584866185	-0.1587509926	-0.1758182268	-0.1020984683	-0.1131309189	-0.1159252814	-0.1548549637	-0.1780224451	0.5661821177	0.5610436625	0.5708572907	0.5389612833	0.9660501723	0.9417901696	0.5450497949	0.5634800515	0.5706957563	0.89684812	0.5295623161	-0.03745127487	-0.04806736184	0.8957398354	0.0242660385	0.008318957203	0.981049164	0.9708731414	0.9692263699	0.919814879	0.003159844457	0.9231557869	0.01910258319	0.01104760446	0.4427261099	0.03404045649	0.999666562	-0.1668957962	-0.1701091152	-0.1878552983	-0.09121818853	-0.04897793541	-0.1656285304	0.5492547047	0.05886842298	0.9896684337	-0.09427411124	0.05360134221	-0.06663058981	0.08385848915	-0.01014996201	0.001025860293	-0.0249369334	1.150757321	0.9193423111	0.9357190427	0.009963668828	-0.006421499076	-0.052274975	0.5549681346	0.5783589606	0.5369525176	-0.03282886134	0.9456548197	-0.02232923552	-0.01703417436	-0.01644165368	-0.1367230735	-0.08859144686	-0.169587956	-0.1786188896	-0.1799303936	-0.1673604405	-0.1669943587	-0.178722765	-0.1649041221	-0.1876038708	-0.1439356005	-0.1423440472	-0.1868582655	-0.185759875	-0.1226559294	-0.1209350771	-0.1655464383	-0.1074136384	-0.1751003261	-0.1726122573	-0.1321074947	-0.1321217849	-0.1586905774	-0.06983446465	-0.1319122279	-0.1472454358	-0.1062453744	-0.1987222131	-0.1220382916	-0.1617539647	-0.1498187835	-0.1493159716	-0.1830571175	-0.1762494027	-0.1519959995	-0.1850438263	-0.1206679924	-0.1501634415	-0.1353907974	-0.1205029872	-0.1507829144	-0.1809502899	-0.128680732	-0.1624738206	-0.1777284717	-0.1655141635	-0.1296214129	-0.1725142459	-0.1793766325	-0.187217302	-0.1697856259	-0.1645248731	-0.1890292434	-0.1391278854	-0.1587222864	-0.1557105389	-0.1418392637	-0.07598313554	-0.1266025792	-0.1050200073	0.5378225999	-0.1470509584	-0.149466049	-0.1594168646	-0.1322011623	-0.1456200552	-0.1281211634	-0.158827282	-0.1449187323	-0.1472439485	-0.09626011246	-0.1498039827	-0.1497674631	-0.1267651097	-0.1446318445	-0.1697364712	-0.1496205601	-0.1775464356	-0.1899295591	-0.191277377	-0.18272347	-0.164334778	-0.1471594393	-0.1501460901	-0.1593720814	-0.04723955623	-0.08856640994	-0.08708064036	-0.04194625161	-0.0387577979	-0.02465338374	0.04209255499	-0.04990024269	-0.0467122006	-0.01073858455	-0.1591973734	-0.06695033816	-0.1786407872	-0.1799177101	-0.1754375013	0.07602022081	-0.09287621903	0.02484331819	-0.03187435095	-0.06272805544	0.08219521414	-0.07386948311	-0.1788557557	-0.08508554507	-0.162856161	-0.08983227137	-0.1434225318	-0.174240273	-0.1853550404	-0.07806623302	-0.1718026812	-0.1544952868	-0.1860994157	-0.1608047801	-0.1299383885	-0.1138430441	-0.1801121175	-0.17890638	-0.1869639896	-0.1575934619	-0.1870327977	-0.1325270921	-0.1243210219	-0.1366955507	-0.1335791104	-0.1216332013	-0.1262362782	-0.0884286706	-0.1653438861	-0.1492685864	-0.1380819618	-0.1477764098	-0.1797816669	-0.1047127869	-0.137329809	-0.1311896821	0.0001858065955	-0.06744919206	-0.02564305554	-0.03908597422	-0.1748901824	-0.1670657544	-0.1655531726	-0.08818722705	-0.1814905833	-0.1457709645	-0.1341435706	-0.02137344141	0.5157636849	0.4491495361	-0.1757405537	-0.1549823701	-0.1785169093	-0.1807108084	0.06877309809	-0.152785565	-0.07035062738	0.5004981682	-0.1584159585	-0.1340117881
-0.1556162998	-0.1521510633	-0.1561986989	-0.1784082768	-0.09761111975	-0.1120775727	-0.1227926296	-0.1693554029	-0.1785403321	0.5637709709	0.5726836781	0.5790882708	0.5339632345	0.9450062472	0.9046957798	0.5414795897	0.5430635379	0.5643027447	0.8485561674	0.5272709452	-0.03477683211	-0.03072089368	0.901468312	0.01982747427	0.01660246901	0.9176763406	0.9246198717	0.9289515654	0.907527062	0.005077633006	0.9276326841	0.007090782596	0.005139671236	0.4367348214	0.03550809461	0.9794848903	-0.1652619781	-0.1704081409	-0.1885767768	-0.08332253941	-0.02594520633	-0.1693586222	0.532175333	0.05968652572	0.9298171187	-0.09595685677	0.06897065325	-0.05152992263	0.1027316746	-0.01539511649	0.01566826266	-0.01650205114	0.9193423111	1.124673962	0.9805540371	0.007639266818	0.008024063259	-0.03187238962	0.5365649106	0.5373945442	0.5200720661	-0.0378081637	0.9141350431	0.01047586316	0.0004478235558	-0.01089039316	-0.1323388537	-0.07684810361	-0.1533594832	-0.1740049206	-0.1772222475	-0.1638916927	-0.1636501311	-0.1771802842	-0.1656561495	-0.1879336742	-0.1314139582	-0.136369657	-0.1851820063	-0.1839510124	-0.1106788879	-0.1172525419	-0.1564010085	-0.1097278307	-0.170195309	-0.16389805	-0.1303681149	-0.1247089205	-0.1569393091	-0.08814347327	-0.1281628176	-0.1638319731	-0.0929532173	-0.1962715097	-0.1118125701	-0.1619612019	-0.1476070009	-0.1439795398	-0.1801596928	-0.1657467055	-0.1436646107	-0.1834351949	-0.1112696369	-0.1464301738	-0.1281147805	-0.1196300085	-0.1522990744	-0.1793892698	-0.120858807	-0.165866401	-0.172705342	-0.1665128613	-0.1376255854	-0.1704706567	-0.1717402208	-0.174374417	-0.1661801108	-0.1712231516	-0.1852656686	-0.1333962242	-0.1565730964	-0.1533448835	-0.1397489367	-0.07498437035	-0.1154157216	-0.09362737551	0.5217934838	-0.1601710151	-0.1489517329	-0.1774329802	-0.1255788497	-0.1443692285	-0.1200255709	-0.150990619	-0.119956366	-0.1430673029	-0.1034087695	-0.1474528344	-0.1381346975	-0.1396752734	-0.1286951908	-0.16170283	-0.1432047886	-0.1742949461	-0.1867587159	-0.1878817961	-0.1801629557	-0.1608857379	-0.1311118245	-0.1438128859	-0.1686750259	-0.06358373629	-0.08179957469	-0.09913806799	-0.05297986122	-0.03301538755	-0.03169071428	0.03373588068	-0.0744927354	-0.05327788218	-0.02985708293	-0.1486730418	-0.07265838814	-0.1724573135	-0.174442226	-0.1749187865	0.05321873479	-0.1100847851	0.014787122	-0.04752251241	-0.07759191982	0.05845936375	-0.06861384914	-0.1778690631	-0.06592486703	-0.1616639105	-0.1078703521	-0.1436037554	-0.1789372416	-0.1864853008	-0.09514038897	-0.1697728573	-0.148840679	-0.1800975778	-0.1672239323	-0.1389397094	-0.1354883282	-0.178317688	-0.177255068	-0.1851969059	-0.1476609511	-0.182458996	-0.1257845254	-0.09807279263	-0.1140249395	-0.1235273057	-0.1028698473	-0.1434310619	-0.06622673851	-0.1585447739	-0.1358018175	-0.1280811636	-0.1579458693	-0.1753418879	-0.07610105849	-0.1516839864	-0.1173385329	0.01435664279	-0.04089872659	-0.01268195311	-0.03861130858	-0.1724825678	-0.1600918969	-0.1644845776	-0.07755017386	-0.1821511849	-0.1397113416	-0.1265263021	-0.01887790476	0.4820192275	0.4408911445	-0.1698930381	-0.1473788418	-0.1783376996	-0.1824525513	0.08552927503	-0.1417928175	-0.05848108474	0.4778476597	-0.1653654523	-0.1387160252
-0.1507937958	-0.1505062718	-0.1493902256	-0.1649276247	-0.09139799297	-0.1042177891	-0.1151171455	-0.1660529402	-0.166982811	0.5327802292	0.5242458751	0.5325572954	0.5275901629	0.9357295006	0.8712416713	0.5408533748	0.5217305807	0.5424207724	0.8383282096	0.5246467476	-0.02730924281	-0.03761433912	0.8709064559	0.001367222189	-0.004596727197	0.9230827586	0.9341774365	0.9301728978	0.8780233039	-0.01824560457	0.8886935872	0.004663601079	0.006525873364	0.4235318691	0.04834497674	0.9947635778	-0.1552478321	-0.1618873883	-0.1796429699	-0.07270097348	-0.02573275871	-0.1575625541	0.5028541379	0.03041364399	0.9420603478	-0.08717203401	0.06772394619	-0.04608997623	0.0955496124	-0.008014855962	-0.006871358898	-0.01517521382	0.9357190427	0.9805540371	1.109732527	-0.01272712796	-0.01209739481	-0.03275488295	0.511681933	0.5112132883	0.5004192437	-0.0239132345	0.9009473779	0.01490924189	-0.001400159721	0.002587570963	-0.1479906412	-0.08700870319	-0.1556239571	-0.1707442263	-0.1728197745	-0.1735011717	-0.1731135201	-0.1720675106	-0.1579284896	-0.1794503064	-0.1312377641	-0.1295109464	-0.1811435689	-0.1757457376	-0.1309640519	-0.1323164005	-0.1523101723	-0.1033875245	-0.1607687416	-0.1603271839	-0.1256983099	-0.1214014858	-0.1461513769	-0.09488331784	-0.1221854875	-0.1550694107	-0.08742338253	-0.1845920871	-0.1240870128	-0.153225994	-0.1391256151	-0.1381174654	-0.172436801	-0.1600873404	-0.1383487516	-0.1781263002	-0.1112015342	-0.1392411614	-0.1257139362	-0.1024431206	-0.1403012249	-0.1663039129	-0.1199886502	-0.1576604036	-0.1685011684	-0.1537203958	-0.131901061	-0.1623188549	-0.1686600672	-0.1689319433	-0.1555348988	-0.1664795326	-0.1814588202	-0.1296228916	-0.1461059624	-0.1519323553	-0.1258701054	-0.09123829562	-0.114248753	-0.1028287133	0.4934816525	-0.153751055	-0.1368139874	-0.1629058725	-0.1194320293	-0.1344735114	-0.1158509881	-0.147218074	-0.1300239272	-0.1315930051	-0.09592553378	-0.138945174	-0.1302673347	-0.1450158178	-0.1315139197	-0.1562687459	-0.1398636803	-0.1711587687	-0.1805012691	-0.1815928613	-0.1764071425	-0.1555783603	-0.1335803678	-0.1404575477	-0.1609272195	-0.05922334996	-0.07899368943	-0.09717475419	-0.03994851159	-0.05324977354	-0.04221560888	0.02577745127	-0.06037137768	-0.05029499958	-0.01984868242	-0.1413738678	-0.07145633997	-0.1684806714	-0.1684849201	-0.1630836054	0.05638308637	-0.09583359213	0.01102501086	-0.03276640694	-0.06653823434	0.05474446422	-0.06519468407	-0.1725037325	-0.08965384988	-0.1536068372	-0.09263528136	-0.1351422306	-0.1742415703	-0.1798571922	-0.08627348026	-0.1607147357	-0.1475889908	-0.174406369	-0.1558927809	-0.1286317844	-0.1256083431	-0.1679133236	-0.1616520263	-0.1771135714	-0.1447803465	-0.1773965669	-0.1244070526	-0.103303036	-0.1223104052	-0.1241148886	-0.1164900432	-0.1372588232	-0.07993514419	-0.1766056132	-0.1517313235	-0.143199488	-0.1418719763	-0.1719155392	-0.08137885266	-0.143003305	-0.1353391063	-0.01061115694	-0.04290883664	-0.01745158676	-0.03980444494	-0.1570863647	-0.1584114581	-0.160361302	-0.09588376322	-0.1724250116	-0.1341387481	-0.1274552978	-0.01627064644	0.4682487423	0.4277663668	-0.169530346	-0.1449774311	-0.1650054567	-0.1737124725	0.08539707518	-0.1330999841	-0.05126010539	0.4523817485	-0.1601187747	-0.1270879482
-0.04323553097	-0.001264035085	-0.06981490322	-0.06476307649	-0.02278790564	0.001769061912	-0.01773492955	-0.05303327019	-0.0608488359	-0.02220425392	-0.0187756883	-0.01148532822	-0.01908405854	0.02033083263	0.01762897953	-0.02761623919	-0.01944674228	-0.009034753984	0.05136113313	-0.0390702076	0.08552275115	0.07453832614	0.009564802909	0.3000087798	0.3106485703	0.01980021174	-0.001129200404	0.01619131413	0.01912162342	0.4325127408	0.003576613065	0.09360883181	0.0249232078	0.01236086425	0.05110756492	-0.0002497628227	-0.07017438906	-0.07873288753	-0.08557424763	-0.004230485242	0.02337074987	-0.03735371121	-0.009425432061	0.1117400688	0.0148277457	0.03074920097	0.09929540119	0.004250005878	0.1566869966	0.08686772369	0.2135263959	0.05599220928	0.009963668828	0.007639266818	-0.01272712796	0.4821029947	0.4136054931	0.08453388114	0.0110531859	-0.005273602071	-0.02685586386	0.05105934046	0.0184090307	0.07705093859	0.09279746844	0.07089780411	-0.001933219238	-0.01166290955	-0.06640958843	-0.09470737905	-0.05825869844	-0.0697628341	-0.0682074197	-0.05719687416	-0.05892001739	-0.06869335411	0.004848769033	0.006281083628	-0.07527109666	-0.07287479861	0.02353411374	0.01445414508	-0.06972464472	0.02177769395	-0.04735336553	-0.07595390762	-0.02312558961	-0.006408926215	-0.04096740348	0.09795111359	-0.04511904217	-0.02172012443	0.08979330528	-0.08967087388	-0.004061060228	-0.02901660546	-0.02912432492	-0.03346640992	-0.07641760194	-0.03400741021	-0.03985159692	-0.07222144304	-0.04573150866	-0.0007775141622	-0.01065555967	-0.02015250742	0.0002276654722	-0.0508684395	0.005657711544	-0.04830574789	-0.08251775597	-0.02959892872	-0.03319902471	-0.03642334022	-0.06416329676	-0.02364454861	-0.02520729886	-0.05359731913	-0.0706521959	-0.02273684017	-0.02952088504	-0.009414781685	0.01927382305	0.1054728126	0.02616559066	0.005138102938	-0.01040941108	-0.04326735651	0.001783102965	0.01941996782	-0.0306126454	-0.02819024119	-0.01552518081	-0.04118155077	-0.006670429434	-0.08252247949	0.008711395847	-0.02956337704	-0.0294469998	-0.01665092315	-0.0461386147	-0.03349208792	-0.02370454361	-0.0850137221	-0.07676383017	-0.07630693288	-0.07754690814	-0.02293624438	-0.04391922288	-0.02570023307	0.02270634763	0.04867979659	-0.0009814066593	0.03989436577	0.04317765528	0.06471305539	0.08801679319	0.1061393134	0.04022880817	0.03220191287	0.03463158641	-0.01734956721	0.04781023097	-0.07416983976	-0.08716909756	-0.05480783661	0.05194974635	-0.01232640953	0.04160729863	0.02086675401	0.01817480067	0.07952311033	0.0475898329	-0.05995811342	0.0235311568	-0.002525312795	-0.005406229785	-0.03857573029	-0.09136486552	-0.05533570713	0.04802628245	-0.02202417683	-0.05993546032	-0.07874718512	-0.01483067336	-0.03777197106	-0.00418725251	-0.06302814531	-0.08017445167	-0.07620766126	-0.04495532413	-0.08425910401	-0.01318482851	0.01125301995	-0.0102852842	-0.02516029551	0.03016789563	-0.02436855953	0.07664355408	-0.04188743688	0.03442996533	0.03213591644	-0.01427456823	-0.06335121802	-0.0202474614	0.005808087678	-0.02181609294	0.08780415507	0.02455958812	0.05841485359	0.08987321079	-0.08013931825	-0.06806956937	-0.06971822815	0.04651845665	-0.08236861129	-0.05559711814	-0.004621044235	0.05615561938	0.004203885507	0.0111804021	-0.0330659296	-0.0240647657	-0.04448528963	-0.05644181174	0.1088827126	0.0004021414533	-0.005576392913	0.01920190747	-0.06385941889	-0.04315021559
-0.03988757072	0.003104071162	-0.06390803343	-0.05831884915	-0.01827767868	0.01234923198	-0.0260721683	-0.06418911256	-0.05351569633	-0.0206157828	-0.01627587304	-0.01242899731	-0.01934597648	0.02250759965	-0.000310651713	-0.02817472748	-0.01743767441	-0.008510259369	0.03279547659	-0.03607184826	0.06787008936	0.05923165126	0.00991249858	0.3076864442	0.3188920567	0.001378972986	-0.003871601704	0.01679685666	-0.0001225115054	0.3662556268	0.005953166444	0.08195810649	0.01385440071	0.003351315134	0.04048381203	0.00079157079	-0.06056175651	-0.07121099462	-0.07709569156	0.003666837277	0.02448083129	-0.02777414589	-0.009101334491	0.1053594639	-0.003997484116	0.04103458047	0.09886003869	0.009290484298	0.1597779845	0.07516022141	0.2164122767	0.04109222687	-0.006421499076	0.008024063259	-0.01209739481	0.4136054931	0.4726510794	0.09133588442	-0.005919688901	-0.02358793507	-0.02668131963	0.06217623873	0.01923679894	0.08108297773	0.07782855762	0.05774980005	0.007206452313	-0.002871780942	-0.05801547227	-0.08454017538	-0.05326695293	-0.06095395796	-0.05951186749	-0.05303872998	-0.05158376202	-0.06186948191	0.01196376483	0.008978612074	-0.06549973496	-0.06443209458	0.02776648055	0.01586689244	-0.06682666544	0.0267412456	-0.04418961089	-0.0754201554	-0.0196985245	-0.002865727172	-0.03744346514	0.0844500167	-0.04715667806	-0.03688820869	0.09361019128	-0.08076086083	-1.820950942e-05	-0.02702751186	-0.02572817094	-0.03136241886	-0.0709039852	-0.02780142494	-0.0379085783	-0.06653803715	-0.03754512877	0.002106554453	-0.002273430057	-0.02024198307	0.003349901327	-0.03875590391	0.01184793059	-0.04155445177	-0.07901841141	-0.0211775768	-0.03093630054	-0.03213042055	-0.06105684564	-0.01748956643	-0.02158498037	-0.04924199301	-0.06451702183	-0.01801227799	-0.02620527053	-0.002100800065	0.02884996155	0.1116184778	0.02886049357	0.01128165622	-0.009956490378	-0.04140262298	0.003791248861	0.005460459864	-0.02898354926	-0.02518523973	-0.01414200137	-0.04198463197	-0.001426474584	-0.08055094491	-0.01112590041	-0.02617198367	-0.02337004881	-0.02905152234	-0.03751208477	-0.03034551712	-0.02305273342	-0.07913959563	-0.070110314	-0.06963662369	-0.06925353888	-0.01947977516	-0.03697482141	-0.02740510357	0.01204731251	0.03554144135	-0.001562706451	0.02850553327	0.02951760258	0.05240739103	0.07471668833	0.09061576269	0.02743717664	0.02014987552	0.01842109204	-0.006264112451	0.03049001127	-0.07035813494	-0.0800471308	-0.04949297785	0.03523183561	-0.03030860567	0.03149553984	0.005629731184	0.0001558422114	0.0669858561	0.04609049331	-0.05525732869	0.02736861839	0.002348130857	-0.02335191264	-0.03726042338	-0.08609090481	-0.05262071696	0.03326821398	-0.01581889117	-0.05506565946	-0.07278061104	-0.01009991647	-0.03363523072	-0.01962550974	-0.05832618402	-0.07171261749	-0.06909783002	-0.04186147385	-0.07762680243	-0.007475832976	0.01667793316	-0.006883765252	-0.01773216698	0.03691816135	-0.01867176295	0.08291044959	-0.03402817445	0.04156764803	0.04016174674	-0.008977174833	-0.055713105	-0.01737185972	0.009934081905	-0.01314377878	0.07615771724	0.02670122482	0.04122015984	0.07630048286	-0.07179666485	-0.05819905151	-0.06221529585	0.05093659346	-0.07475781019	-0.05541547247	-0.002707305335	0.04505409709	-0.01019700212	-0.0003877592849	-0.025688055	-0.01521686951	-0.03713453709	-0.04938897946	0.111797672	0.007126299582	0.002602893646	0.004508135536	-0.06136941114	-0.03800067405
-0.07192517388	-0.01367809531	-0.04068374526	-0.0545495136	0.01334056476	0.03170770123	0.0467798499	0.02127765809	-0.04309784622	-0.06337708194	-0.05217020257	-0.05594414452	-0.04979528636	-0.04161257225	-0.02769346051	-0.04394410308	-0.0578175172	-0.05395480216	-0.005779438881	-0.05299239548	0.2208718677	0.2137522734	0.004637815077	0.07574666707	0.08732221956	-0.05609962932	-0.04598597667	-0.0362296515	-0.04336723695	0.08909858691	-0.03843688802	0.1157558484	0.203908212	0.01059599062	0.1401279909	-0.049901664	0.03528674325	0.03045424554	0.01342625049	0.1071015276	0.1315434895	0.1108029863	-0.0458410932	0.07134891207	-0.04649777648	0.1952482426	0.09013859705	0.121196365	0.086263315	0.2272280247	0.1069411532	0.09317086076	-0.052274975	-0.03187238962	-0.03275488295	0.08453388114	0.09133588442	0.4969518999	-0.04411866841	-0.06079787048	-0.06135072145	0.1520094846	-0.03020201512	0.1595091974	0.1511621207	0.100089619	0.02646069821	0.07398391711	0.04477137927	0.004779331357	-0.03127474147	-0.07268027994	-0.06956756657	-0.02728267388	-0.05929827333	-0.06077490912	-0.001290385984	-0.04887508601	-0.0570842672	0.007969944271	-0.01796686536	-0.02712305354	-0.07505395684	-0.03570522323	-0.06721106332	-0.0714377959	-0.03322361841	-0.02919254904	-0.03332697137	0.002330932033	-0.04962672049	-0.04321582414	0.008275240636	-0.01719263419	-0.05063928291	-0.03112249394	-0.02459715448	-0.03603188041	-0.0727507451	-0.02996377164	-0.04037911005	-0.03414495173	0.05969859885	-0.04268204646	0.01818969009	-0.01181505653	-0.003708198717	-0.02540190109	0.006735928956	-0.05534367609	-0.05549045491	0.07757815296	-0.01694452782	-0.06042241986	-0.05937822774	-0.0150035267	-0.03735660144	-0.03635996283	-0.05918851924	-0.04482498366	-0.0361993653	-0.01226728577	-0.02380634996	0.0143150673	-0.02734291789	0.02746458814	-0.04550155766	-0.03998744817	0.0004526860873	-0.01664618077	-0.04009605215	-0.02992023982	-0.04402677773	-0.04913570606	-0.0234062204	-0.02699470878	-0.0267452028	-0.02502552534	-0.03196310552	-0.05942831464	0.05197954978	-0.01865013262	-0.04309889371	-0.06030279962	-0.05297083077	-0.05875536916	-0.0003905912793	-0.05340760071	0.05321786535	-0.04658155559	-0.008758020954	0.0508430962	-0.01948912361	0.03231945559	-0.04293921548	0.0681546707	-0.01033847574	-0.008754930533	-0.03448634801	-0.0008614116394	-0.003278367834	0.0116753398	0.01038436376	-0.05476891031	-0.041450304	-0.02765488084	0.01482103557	-0.03685648326	-0.01960980621	-0.01961790692	-0.01666994092	0.007468042284	-0.0502030445	-0.04826702327	0.01570944266	-0.02279197746	-0.03480354481	-0.04922796684	-0.0707010065	-0.06003451978	-0.0227823273	-0.04996490049	-0.05070958144	-0.05108508771	-0.06408121459	-0.04058510731	-0.0586588114	-0.05618527214	-0.03307239339	-0.06459817505	-0.0403416417	-0.0507540345	-0.0004786674612	0.01659131414	0.008390210246	0.00231238894	0.01588101542	-0.04139609478	0.02808120958	-0.06141245916	-0.05207539511	-0.02841539177	-0.02267325345	-0.05182103424	0.1053842369	-0.001174587113	0.05964523136	0.05739464467	0.09794800248	0.1565252582	0.2009107523	-0.04385397027	0.002286773205	-0.04782729867	-0.00372862675	-0.05878383784	-0.05247728255	-0.02974754445	0.2225140487	-0.007553505273	0.003598952763	-0.01777944595	-0.0191784435	0.07519008336	-0.05367860076	0.08485872329	0.01582835136	0.185462425	-0.0006749631138	-0.04265556394	0.01207054109
-0.1818590463	-0.1646770175	-0.1859546259	-0.2001540088	-0.1156271887	-0.1104112911	-0.1362008163	-0.174120951	-0.1954009964	1.057441987	1.008332348	1.025119567	1.004673703	0.5444066476	0.5502365754	0.9809329764	1.041146328	1.032041247	0.4908064007	0.9929903648	-0.04797258328	-0.001911163834	0.5055252073	0.04426240616	0.001547503204	0.5776692213	0.5598392843	0.5411941426	0.5661767816	0.006338583426	0.5689280654	0.02224662784	-0.01253201906	0.5143960049	0.0388879555	0.5401438353	-0.1912181504	-0.1966798559	-0.2156695258	-0.0962226521	-0.05926761976	-0.1848694047	1.120138368	0.07599211863	0.5898933655	-0.1013501852	0.03412961677	-0.07566360913	0.04131828565	-0.03874820812	-0.01895562143	-0.009885569753	0.5549681346	0.5365649106	0.511681933	0.0110531859	-0.005919688901	-0.04411866841	1.253135018	1.125566507	1.088969452	-0.02403095943	0.530756701	-0.01182250012	-0.01461769455	-0.0411138354	-0.1376926709	-0.06746244303	-0.1843257351	-0.2037302616	-0.2030808981	-0.1581814277	-0.1584301354	-0.1986157177	-0.1888544383	-0.2117980454	-0.1402006933	-0.1077259313	-0.2108596366	-0.2021088548	-0.1263656465	-0.129112844	-0.1413878113	-0.1259327703	-0.1992859563	-0.1479626328	-0.1119666602	-0.1453364263	-0.1782446084	-0.0759766265	-0.1130934285	-0.1714823981	-0.1138952514	-0.2209960021	-0.1346248859	-0.1870985799	-0.1699867272	-0.1645251894	-0.1667168991	-0.1494324669	-0.1678187698	-0.2023489654	-0.153702478	-0.164781632	-0.1419252871	-0.1509159484	-0.1636959457	-0.1923101663	-0.1222322068	-0.1944722332	-0.1976625789	-0.1861301506	-0.1682317956	-0.1952873773	-0.1978009156	-0.1966866813	-0.1824386892	-0.1856497111	-0.2127270941	-0.1531410366	-0.1795549463	-0.1630822707	-0.1503856529	-0.08601792312	-0.1226724301	-0.1174406596	1.097176767	-0.1739065749	-0.1616116898	-0.1627862416	-0.1073719896	-0.1669078511	-0.1435575214	-0.1766333222	-0.1470168522	-0.1332648542	-0.05687035289	-0.1703192491	-0.1255264354	-0.1412988421	-0.1563984931	-0.190526839	-0.1651108512	-0.1999573811	-0.2137587646	-0.2151973469	-0.2092107923	-0.1893039148	-0.1597546607	-0.1649656541	-0.1684142432	-0.06625970811	-0.1013589419	-0.104909551	-0.05474346801	-0.06047721782	-0.03699764828	0.04054130236	-0.0600915256	-0.05388449512	-0.02463536431	-0.16000911	-0.02332623992	-0.1970692821	-0.2008296732	-0.1966089435	0.08758368575	-0.0573271899	0.07406719694	-0.02209671906	-0.01437757834	0.08723291639	-0.07667421423	-0.1924395136	-0.107334859	-0.1822418892	-0.05127675929	-0.1217703282	-0.1646093325	-0.2097373491	-0.09272614099	-0.1961098523	-0.1372233336	-0.1706353127	-0.1707044026	-0.1468961532	-0.1374437459	-0.2032481956	-0.2031290147	-0.2106870433	-0.1301502723	-0.2135587649	-0.1036601939	-0.1167253599	-0.1380570378	-0.1538965637	-0.1270724978	-0.1645492732	-0.09250731541	-0.1868414482	-0.1511219198	-0.1420932135	-0.172685338	-0.2041269126	-0.1143375915	-0.1482413343	-0.1457611719	0.003350284456	-0.0619014902	-0.03766531554	-0.04016913974	-0.1978471332	-0.1937976719	-0.1353647804	-0.09337235983	-0.1725517067	-0.1243400439	-0.1458312036	0.05288437344	0.9493301923	0.5197354623	-0.1449561518	-0.128729304	-0.1911130952	-0.2061524426	0.04638297771	-0.1506464409	-0.07685562229	0.9303137999	-0.1778566451	-0.1313730456
-0.1731501422	-0.1659834399	-0.1791267295	-0.1992227035	-0.1206102664	-0.1229545653	-0.1315914593	-0.1693270303	-0.1892110614	1.080932712	1.043327217	1.055160981	1.025394261	0.5431485261	0.5657297814	1.010592349	1.068335831	1.04710662	0.5019792113	1.026256164	-0.05475197676	-0.02059337811	0.4998225868	0.02961158177	-0.01784741001	0.5784796059	0.5629270904	0.5532070507	0.5678385451	-0.005284130678	0.5650795198	0.03075995195	-0.02752041772	0.5111314601	0.03323380575	0.5566218573	-0.1802980585	-0.1888636486	-0.2086414682	-0.1063098946	-0.06730701243	-0.1820028447	1.089636821	0.05816164428	0.6020216797	-0.09460805825	0.02490947881	-0.07826987909	0.0200363095	-0.03608644497	-0.02453638794	-0.01553033068	0.5783589606	0.5373945442	0.5112132883	-0.005273602071	-0.02358793507	-0.06079787048	1.125566507	1.25124848	1.059235359	-0.005086928901	0.53364765	-0.02770091929	-0.02744633866	-0.04967151343	-0.1539886437	-0.05631405786	-0.1874642117	-0.1977770284	-0.1974996446	-0.15188113	-0.1516573227	-0.1898956053	-0.1815344745	-0.2052349336	-0.1511033942	-0.1224706511	-0.1968733923	-0.2014933238	-0.1240666574	-0.1269104053	-0.1392758404	-0.1266153745	-0.1923206711	-0.145161535	-0.1122457184	-0.1390643194	-0.1724409742	-0.0768419917	-0.1078141096	-0.1618031035	-0.1296019286	-0.2152053758	-0.1281349461	-0.1769198191	-0.1588026303	-0.1602057848	-0.1600602563	-0.1608384385	-0.1623964566	-0.194104361	-0.1437833612	-0.1786584187	-0.1408758896	-0.1436976014	-0.1576385775	-0.204624453	-0.1223095817	-0.1781023073	-0.1904823888	-0.1844613859	-0.1528217137	-0.1903299883	-0.1958629648	-0.2064043997	-0.1818830653	-0.1710808532	-0.1980080689	-0.1447163403	-0.1723486838	-0.1646194648	-0.157530026	-0.09442398606	-0.132958733	-0.1174223821	1.067333696	-0.1579115625	-0.1554150393	-0.1663020092	-0.1009023118	-0.1587240011	-0.1385087136	-0.1729004931	-0.1576422124	-0.1271608585	-0.07478927654	-0.1605679453	-0.1205832012	-0.1305503133	-0.1606635322	-0.1864784073	-0.160360929	-0.1862328289	-0.1982537594	-0.1998361925	-0.2031514296	-0.1809289173	-0.1640505396	-0.1602003531	-0.1772118612	-0.07732454025	-0.1121167921	-0.115913469	-0.06642754919	-0.06425276695	-0.04975734097	0.03124190631	-0.06822155772	-0.06632311565	-0.04118527897	-0.1628260068	-0.04310825356	-0.1910554105	-0.1929917581	-0.189056368	0.07941475935	-0.07437905693	0.05504041719	-0.04106556201	-0.03917429616	0.07814309717	-0.09857983234	-0.1857596062	-0.1112356313	-0.1794094594	-0.07042641439	-0.1177056455	-0.1507982335	-0.2014137301	-0.09131899367	-0.1897626951	-0.1310102635	-0.1641966312	-0.1859020322	-0.1433051461	-0.1293868445	-0.1982279119	-0.1921445326	-0.2032154817	-0.1231664996	-0.2062420688	-0.1058471526	-0.1369148911	-0.1550585289	-0.148369697	-0.1415887082	-0.1345210418	-0.1103501242	-0.1758111711	-0.1617940857	-0.1546580193	-0.1593922126	-0.192108749	-0.1242696293	-0.1293779163	-0.139013525	-0.003263433528	-0.08149956796	-0.05009274266	-0.05116380704	-0.1865343527	-0.1897037671	-0.1328756356	-0.0933967994	-0.162619428	-0.1170830125	-0.1422766517	0.03068983373	0.9606847241	0.5171531489	-0.1564748747	-0.1416651251	-0.1900429261	-0.1965164353	0.04139881438	-0.1678894456	-0.0929756387	0.908703569	-0.1712807218	-0.153511124
-0.1715833239	-0.176400837	-0.1768625042	-0.1913501409	-0.1128409677	-0.1274386114	-0.1520063993	-0.1745146438	-0.1778186014	1.05447296	1.007974485	1.024142198	0.988686211	0.5186404175	0.5303570566	0.9768282364	1.041173802	1.013455557	0.4735542795	0.9869834901	-0.0870061116	-0.04388932612	0.4815742172	0.0265403309	-0.01793269301	0.5449021995	0.5419991431	0.5299953129	0.5323606263	-0.02937410381	0.5468675243	0.002899150034	-0.04952208283	0.5256921725	-0.003981633338	0.5338518356	-0.1814473167	-0.1865091055	-0.2055443702	-0.0943486161	-0.07883851301	-0.1785069256	1.128626389	0.09601757183	0.5722164568	-0.1214077246	0.001515593172	-0.1073682452	0.02851499603	-0.04624258068	-0.03443370939	-0.03122810824	0.5369525176	0.5200720661	0.5004192437	-0.02685586386	-0.02668131963	-0.06135072145	1.088969452	1.059235359	1.246248287	-0.02249776094	0.520427735	-0.03779025883	-0.05592966325	-0.0602679977	-0.1250237034	-0.08619541049	-0.1752982559	-0.1893079345	-0.1926147318	-0.1448116821	-0.1451625957	-0.1856494208	-0.1697353467	-0.2021587629	-0.148417719	-0.1028590308	-0.1971025175	-0.1983011023	-0.1048237144	-0.1136401587	-0.1421256301	-0.09318389707	-0.1858301098	-0.146351155	-0.1065384278	-0.1282930949	-0.166235442	-0.09770502472	-0.1085695865	-0.1729209363	-0.1042562361	-0.2119874848	-0.1155001997	-0.1704953347	-0.1547306491	-0.1530479488	-0.1614836685	-0.1427102678	-0.1570424354	-0.1908916086	-0.1670417868	-0.1522310006	-0.1240228302	-0.1639593005	-0.1465003476	-0.1823734134	-0.1327745457	-0.172050112	-0.1867949465	-0.177427231	-0.1369219991	-0.1847435759	-0.1875666674	-0.1845151276	-0.1677069148	-0.1693821108	-0.1989211637	-0.1348052041	-0.1678408124	-0.1723845776	-0.1358524428	-0.09033290982	-0.1119642243	-0.1025327244	1.105445204	-0.1577341814	-0.1446301759	-0.1641134489	-0.1025542976	-0.1501175407	-0.1356985165	-0.1685825589	-0.1557722325	-0.1258341269	-0.05566821526	-0.1547386926	-0.1250657143	-0.1188344398	-0.1479975644	-0.1808449936	-0.1499303941	-0.1825565108	-0.199183833	-0.2003959333	-0.1948366281	-0.1734251891	-0.1518746996	-0.1491364455	-0.1694695294	-0.06080726754	-0.08148643718	-0.09757619227	-0.05271808203	-0.06638014668	-0.06043800231	0.01947552802	-0.0577712119	-0.05129273968	-0.02238324017	-0.134619101	-0.0615544594	-0.1876602284	-0.1894062284	-0.1840084721	0.09069059872	-0.06281450394	0.04458741053	-0.02498352937	-0.03189184727	0.07055217118	-0.06932039871	-0.1825770346	-0.1066903703	-0.1711517754	-0.05634574565	-0.1125042864	-0.1518831378	-0.1982989074	-0.1230187475	-0.1840906264	-0.1322440399	-0.1639991183	-0.1551401687	-0.1409126061	-0.1453210043	-0.194048764	-0.1906625403	-0.1996049281	-0.1273447093	-0.2032362942	-0.1158500347	-0.1267966953	-0.1439288846	-0.166537161	-0.1467239535	-0.12654513	-0.1142886502	-0.1663279384	-0.1311758424	-0.1232353224	-0.1515602878	-0.1843918163	-0.09933352383	-0.1194684466	-0.1609667638	-0.003889462415	-0.05712879463	-0.06761117487	-0.05970236874	-0.1850402265	-0.1794459531	-0.132296868	-0.09851737315	-0.16303592	-0.1183972234	-0.1398762194	0.005493217638	0.9193928465	0.52917619	-0.1380733419	-0.1117291525	-0.186712689	-0.1930321036	0.02531069618	-0.1475844353	-0.07104816204	0.9029442824	-0.1681098002	-0.1102725666
-0.05975842911	-0.02153038959	-0.0302650491	-0.0400504183	0.002041626476	-0.01523205259	-0.009447873181	-0.03150072925	-0.0475633577	-0.007544924198	-0.03054867339	-0.0342875579	-0.03274111481	-0.0505260477	-0.02728988742	-0.02850665788	-0.009296756684	-0.04891746588	0.007500295363	-0.003287880512	0.163227682	0.1750401602	-0.01524547636	0.09296043468	0.06161905101	-0.02029225905	-0.01851581352	-0.03950554985	-0.01997101213	0.04664780573	-0.01206057199	0.147702603	0.07890670415	0.004094719565	0.1593008498	-0.02163806757	0.02865611647	-0.003599089921	-0.01642167848	0.005153885504	0.01254183815	0.07547022435	-0.009173918331	0.02844583156	-0.0249452873	0.1624272783	0.05019511797	0.05085394407	0.07869309987	0.2021272418	0.09114708616	0.1119228908	-0.03282886134	-0.0378081637	-0.0239132345	0.05105934046	0.06217623873	0.1520094846	-0.02403095943	-0.005086928901	-0.02249776094	0.5062794948	-0.03699122364	0.08782264665	0.06566054454	0.07442583746	0.0006178125146	0.06572597434	-0.01587349651	0.01714042869	-0.03597320474	-0.008668811449	-0.007458561233	-0.01705524445	-0.04384976926	-0.05388429282	-0.03450868146	-0.03293999541	-0.03206725678	-0.01663199298	0.007482080782	0.005356981396	-0.007659640541	-0.06185960283	-0.046974689	-0.01093409041	0.009483598115	-0.001958409487	-0.01437160785	0.007292905554	0.009419018199	-0.02499216306	-0.001258222963	-0.04542811872	-0.005764105587	-0.0181599186	0.003349641384	-0.005109551974	-0.005366548196	-0.001630166839	-0.01009068185	-0.03829193807	0.03143585949	-0.07262830951	0.006888206698	0.0005577747233	0.02089822311	-0.06098366309	0.01981321728	-0.008313658225	-0.04078032282	0.08610846206	-0.04076404205	-0.04874749451	-0.06497700428	-0.05407043993	-0.03153156923	-0.02642490225	-0.04720604753	0.001344840329	-0.006336642556	-0.04728826288	-0.02248842555	-0.004044636504	-0.03069397189	-0.003813509897	-0.009866294583	-0.01733199527	0.02003264188	-0.01938644884	0.046309839	-0.0006164607291	-0.03210489001	-0.03495910845	-0.03519938587	0.06100269088	-0.006974507936	0.004943489998	0.02110119192	-0.06177471516	-0.01788508386	-0.01397994315	-0.02270778415	-0.05606056462	-0.03840695294	-0.04429781286	-0.001763012671	-0.04454795339	-0.0118043705	-0.02793106246	-0.004920990104	0.0160694386	-0.03054574246	0.0149351477	-0.05917006728	0.006707376661	-0.03228249869	-0.02253295258	-0.06039564046	-0.02949376524	-0.03517960744	-0.003544026177	0.01490485414	-0.05229968388	-0.01930454101	3.011723794e-05	0.01187480736	-0.01075343729	-0.00361492025	-0.04799968317	0.005677508061	-0.01700909748	-0.05820353997	-0.04380670055	-0.03762766569	-0.01266415429	-0.002034207738	0.03500094851	-0.01053161243	-0.05435183752	-0.02225551846	-0.04375169493	-0.005005519339	-0.004256759655	-0.09011253477	-0.03540177715	-0.04045826138	-0.04024309047	-0.0404266516	-0.05736064996	0.01304052293	-0.05087836679	0.03148190987	-0.04203128656	-0.02882928663	0.02103252059	-0.0229798497	0.0316402832	-0.01861658264	-0.03346719077	-0.08609406676	-0.05893090779	-0.006889895438	-0.0262379151	0.02031474725	0.007551293992	-0.01150083155	0.02045215714	0.07071455226	0.1130278702	0.2055574334	-0.04243833392	-0.003839381047	0.01457171382	-0.01038397973	0.01820541509	0.0155824567	-0.02384244771	0.1918893743	-0.003397508592	0.004579649101	-0.02691625403	-0.002682743965	0.05757485388	-0.05460827381	0.03014174192	-0.04352627756	0.07374509539	-0.01254119124	-0.03140513418	-0.03886907163
-0.1578727129	-0.1462275616	-0.15493813	-0.1737782369	-0.1032911446	-0.1031834489	-0.1186416007	-0.1721624833	-0.1752686331	0.5428775348	0.5456483984	0.5525705103	0.5204161668	0.9702411549	0.9149963247	0.5253822639	0.5367689722	0.5529979083	0.8833001769	0.5043456525	-0.0483545897	-0.0477663129	0.8911594836	0.04866014418	0.02915337266	0.9147221611	0.9302143223	0.9788500185	0.9066542629	0.010697404	0.9194715451	0.003734074255	0.01146447793	0.4223357521	0.01773339054	0.940752079	-0.1653536044	-0.172325143	-0.1899132331	-0.07676690082	-0.0240712594	-0.1698702722	0.5332088131	0.06537941768	0.9310253645	-0.08640787379	0.06629275085	-0.07293715988	0.1017525018	-0.01350958895	0.0151453352	-0.02349002956	0.9456548197	0.9141350431	0.9009473779	0.0184090307	0.01923679894	-0.03020201512	0.530756701	0.53364765	0.520427735	-0.03699122364	1.126303574	0.007403876851	-0.012200091	-0.02332464283	-0.1392496295	-0.07744960899	-0.1589700596	-0.180671598	-0.1792320017	-0.1521188275	-0.1522483564	-0.175735125	-0.1654776443	-0.1839711232	-0.1295306426	-0.1231634905	-0.1842357148	-0.187901199	-0.1105886207	-0.118963666	-0.1620070152	-0.09660696066	-0.1687382233	-0.1708873313	-0.1285293179	-0.1302370075	-0.162457863	-0.08174178556	-0.1322002044	-0.1647219174	-0.1001313678	-0.1983374403	-0.1143407207	-0.1601830282	-0.1489622317	-0.1505153947	-0.1811205347	-0.1648011829	-0.1508250568	-0.1835153535	-0.1263205573	-0.1385878675	-0.129863712	-0.1261997433	-0.1493587492	-0.1798440856	-0.1151323719	-0.1617873424	-0.1748972686	-0.1673099561	-0.1289183598	-0.1677982012	-0.1749732814	-0.1747407595	-0.1637194759	-0.1721547986	-0.1850554614	-0.1359409198	-0.1587613329	-0.1490465553	-0.1332240353	-0.04887077575	-0.1081106486	-0.09228832841	0.5228466306	-0.1591945299	-0.1484893493	-0.1701577763	-0.1313116837	-0.1465744098	-0.12657507	-0.1557683199	-0.1259286194	-0.1524775065	-0.09611726424	-0.1492144096	-0.1438136329	-0.1243372996	-0.1338306811	-0.1666242703	-0.1436046034	-0.1758032764	-0.1860063816	-0.1870980858	-0.1850053689	-0.1587467006	-0.1361857936	-0.1433654225	-0.1607761056	-0.05589682783	-0.07343377268	-0.09339146755	-0.04674982099	-0.02740355022	-0.02113185399	0.04417525614	-0.06722425724	-0.05058070567	-0.02053927795	-0.1440042906	-0.06946967961	-0.1770883888	-0.1774214647	-0.1770101329	0.05799668499	-0.09706607522	0.02371256114	-0.03902280878	-0.06193534797	0.07593907774	-0.06213315783	-0.1770623475	-0.06568233843	-0.1589124614	-0.09408131411	-0.1458489764	-0.1768573724	-0.183989571	-0.09482487652	-0.1668618473	-0.1502104279	-0.1785472424	-0.1550806204	-0.1426039839	-0.1389249974	-0.1845782242	-0.1808343898	-0.1828476034	-0.1509928398	-0.1830187958	-0.1216845988	-0.1008616531	-0.1234251191	-0.1253933449	-0.1055753866	-0.1332403113	-0.07069053079	-0.1522007684	-0.116274766	-0.1087506426	-0.1448594808	-0.1756213315	-0.08655517185	-0.1350913642	-0.1241894508	0.002138031772	-0.0502150931	-0.03260159631	-0.03883994081	-0.1780592612	-0.1616341686	-0.1618768954	-0.08328240728	-0.1814617051	-0.1477757448	-0.1279761155	-0.01574675379	0.482945383	0.4231577549	-0.1711835169	-0.1379914208	-0.1825061334	-0.1800198346	0.08335345241	-0.1441789989	-0.05129698941	0.4624749522	-0.1709037448	-0.1292604889
-0.02061321053	-0.002245961734	-0.03464192435	-0.04878397734	0.03885708838	0.01042247775	0.04424850609	-0.03282503941	-0.06557694603	-0.03189945175	-0.0170452185	-0.02062042247	-0.01896018843	-0.0001138281345	-0.008195620424	-0.009464541819	-0.02339549216	-0.02026731279	-0.04471917572	-0.0153922912	0.1139160786	0.1366442597	-0.01931032952	0.06007790398	0.08559661021	-0.01888223468	-0.01319024523	-0.003041887264	-0.008092434373	0.07853554465	0.001873043491	0.144528602	0.1266436536	-0.02303206622	0.1512143349	-0.00361692599	-0.005994744049	-0.01705635536	-0.02971420473	0.09550618608	0.1230361482	-0.001076619307	-0.01501387263	0.02175926344	-0.02545357074	0.04737304308	0.1300331252	0.06431982135	0.07014163835	0.1668668823	0.1025821624	0.1049821585	-0.02232923552	0.01047586316	0.01490924189	0.07705093859	0.08108297773	0.1595091974	-0.01182250012	-0.02770091929	-0.03779025883	0.08782264665	0.007403876851	0.4666789203	0.332984302	0.1166552607	-0.01028575879	0.01644247683	0.02591317222	-0.02504671416	-0.03408618273	-0.07107810636	-0.06769729495	-0.04196194143	-0.04937146129	-0.05643617945	-0.006269000581	-0.04715540477	-0.05866021033	-0.03695900817	-0.04563400863	-0.03926244979	-0.06673989609	0.00814733549	-0.0370295795	-0.07436986299	-0.03004908875	-0.02119587681	-0.02971022412	-0.003435982727	-0.03942021749	-0.03286503115	0.02458081894	-0.04546997507	-0.0353851276	-0.02056604445	-0.01980148468	-0.03950560456	-0.06576345722	-0.04320088969	-0.02900617241	-0.04190711105	0.009823335853	-0.04281049904	0.01972989301	-0.02689033055	-0.007175448229	-0.03227250967	0.01714597229	-0.03596935805	-0.05865253068	-0.0133020607	-0.0005426486782	-0.0359813396	-0.04337458828	-0.01657771093	-0.008517468565	-0.04688954264	-0.05800228699	-0.02186635681	-0.03015789932	-0.02183780522	0.00558688839	-0.001857945722	0.003372290902	0.02771797558	-0.01648005249	-0.04650387419	-0.006056033145	-0.02322084521	-0.0344100576	-0.0282753676	-0.006262191721	-0.04059298343	0.0237154873	-0.0145118633	-0.02399905092	-0.02045367376	-0.03316141094	-0.06395480478	0.02824256072	-0.01480345597	-0.02760736235	-0.06247271192	-0.05580813887	-0.06041884863	-0.02080660949	-0.03280892361	0.03403330637	-0.02740697582	-0.0343818674	0.07254698883	-0.005865837854	0.03116595968	0.01641898157	0.02274754009	0.0211730161	0.02900718485	0.01353958897	-0.009464308251	0.02648701309	-0.01601001657	-0.01624494638	-0.05724478273	-0.0344115808	-0.02984366816	-0.00410323254	-0.02234359422	-0.03281598776	0.0002343186413	-0.003338351734	0.001318105018	0.02280073683	-0.02442684451	0.02026160305	-0.01142609258	-0.01886121136	-0.01860376275	-0.07302052922	-0.04378839667	0.01695938092	-0.02299964694	-0.0294824444	-0.05435038008	-0.04005239174	-0.01137169786	0.003343022349	-0.03422878239	-0.0543658261	-0.06173229831	-0.04457740874	-0.03662940331	-0.004629264601	0.006594979672	0.00668502705	-0.02594272536	0.001694041292	0.0004090835015	0.02814019192	-0.07230223304	-0.03156159283	-0.04920852529	-0.01119523964	-0.06503521726	0.04303433222	-0.04266073002	0.007882056819	0.07019993791	0.1327156842	0.1548077762	0.1641622548	-0.05232309231	-0.02321085064	-0.06020641187	0.001628249685	-0.06394580882	-0.04345432448	-0.01813758175	0.1284789404	-0.04199941601	-0.01767541034	-0.03946371853	-0.03313237756	-0.03462777838	-0.04604455944	0.09445375351	0.01665042955	0.1323512226	-0.04754408821	-0.01421246464	0.00432194947
-0.02657171397	-0.008913337129	-0.03488386848	-0.04531079668	0.03411023666	0.0135549052	0.06102305932	-0.006377588535	-0.06540648227	-0.05239496096	-0.04090052035	-0.03764058543	-0.03654393328	-0.01798709768	-0.004337723904	-0.0257611	-0.04927615382	-0.03726220517	-0.04817337683	-0.0364657081	0.1492858088	0.1834770984	-0.0389731371	0.06223203017	0.08788690448	-0.01262592048	-0.02772737999	-0.02112486623	-0.00932834702	0.09678711592	-0.02277411437	0.1642460273	0.1335674615	-0.01661302674	0.1836884282	-0.01564454119	-0.00519470659	-0.01030560262	-0.0227854058	0.1073281537	0.1239750451	0.003996340999	-0.03147969127	0.04840749101	-0.01685593202	0.04246739835	0.1330021213	0.07211366112	0.05632153821	0.1653618619	0.1187453229	0.1557673709	-0.01703417436	0.0004478235558	-0.001400159721	0.09279746844	0.07782855762	0.1511621207	-0.01461769455	-0.02744633866	-0.05592966325	0.06566054454	-0.012200091	0.332984302	0.475584065	0.2311386927	-0.0131621108	0.006479140205	0.01153488118	-0.02463579841	-0.04839873384	-0.07822518922	-0.0746719872	-0.0392693047	-0.04300872695	-0.05630220691	-0.01792335107	-0.04087922317	-0.05826990235	-0.03554751648	-0.06372241818	-0.05018318627	-0.0672408922	-0.008118148408	-0.04357664455	-0.08480288045	-0.03771390478	-0.02430835095	-0.03965908234	0.009680102503	-0.05011838382	-0.02439725164	0.03575248868	-0.03842818095	-0.03609669249	-0.03564093376	-0.0289692691	-0.04152545728	-0.06772840974	-0.0406797213	-0.02683245143	-0.03758571504	0.01783638329	-0.04114506128	0.01556716439	-0.03914481755	-0.02391513506	-0.03157154178	0.007079613771	-0.0506614958	-0.05183370548	-0.00882783767	-0.00419163696	-0.03797542397	-0.05313765926	-0.01835556202	-0.02194333709	-0.05098115098	-0.05847875685	-0.03160357617	-0.03740815979	-0.02240037109	0.002217666066	0.006752072539	0.001029617254	0.01519573982	-0.03255545371	-0.04520751485	-0.01960189452	-0.01431136621	-0.0469797817	-0.03494824847	-0.01760020616	-0.04448231515	0.02359351517	-0.02822928311	-0.009131760405	-0.02963767478	-0.03401943639	-0.04232971908	0.008525390426	-0.02932310005	-0.03380684273	-0.06684775602	-0.05655079309	-0.05684241598	-0.01812522548	-0.04067707134	0.02002572604	-0.03512782062	-0.01380254121	0.09899822954	-0.007983188935	0.04190373844	0.04307668799	0.04378449304	0.04323452314	0.04319675495	0.03566631757	0.01537175183	0.03718985206	-0.03070769462	0.009523270514	-0.05939362954	-0.03050586954	-0.03001625781	0.01464325589	-0.006746988142	-0.003888017237	0.01029545157	0.01208527772	0.02129859883	0.02387131131	-0.01785865915	0.01289359586	0.0001629726878	-0.003021005742	-0.0129424841	-0.06926094818	-0.05154192201	0.02817825523	-0.0270471598	-0.02138901546	-0.04595798939	-0.03923934234	-0.02494932744	0.007030992301	-0.04653207466	-0.05091588371	-0.06503475003	-0.04720010186	-0.03026700195	-0.0135007622	0.004086008291	0.009089788349	-0.02144622503	-0.01275048822	-0.0022316817	0.02905322057	-0.068917464	-0.03096394638	-0.04062161681	-0.017652598	-0.06226851339	0.03535103736	-0.06209099435	0.01424687252	0.05831214792	0.1294159096	0.1884416113	0.1601073365	-0.05238885464	-0.02439803757	-0.0666537531	-0.01161399	-0.05832198303	-0.05704169626	-0.02620320102	0.146017548	-0.0435110973	-0.01434264294	-0.03632863667	-0.02865950969	-0.03578722106	-0.06354202602	0.09134998787	0.004195050651	0.1145716877	-0.04810876263	-0.02788747891	-0.01762608063
-0.04517576984	-0.003366517889	-0.03216709373	-0.03653884947	-0.02624416789	-0.01045054957	0.03747030284	0.008678051084	-0.03244742698	-0.07181433088	-0.05381369143	-0.05368032957	-0.05618013698	-0.02493594308	-0.0105983251	-0.05226918128	-0.067849982	-0.05941003222	-0.0156865335	-0.06150224941	0.1142568599	0.1234267376	-0.02889711868	0.04114577138	0.06299034669	-0.02061141549	-0.03380385635	-0.01458534024	-0.02237325556	0.07214460509	-0.02686290862	0.1139898588	0.1222761877	0.007116800705	0.1136440365	-0.01222349025	-0.01515883806	0.002402773235	-0.004900015801	0.007201429691	0.05243104322	-0.001704978369	-0.04667441078	0.08343648364	-0.02068142104	0.04477025799	0.07944654691	0.1039490815	0.07126841232	0.1258400203	0.091073375	0.3492549355	-0.01644165368	-0.01089039316	0.002587570963	0.07089780411	0.05774980005	0.100089619	-0.0411138354	-0.04967151343	-0.0602679977	0.07442583746	-0.02332464283	0.1166552607	0.2311386927	0.4649464429	0.001868274846	0.01421370702	0.01107292202	-0.01504633364	-0.02227930624	-0.03873694496	-0.03870243441	-0.04340764171	-0.03521732665	-0.03825281254	-0.004486760936	0.01245855207	-0.04286095254	-0.01770457462	-0.04310182485	-0.04075999888	-0.05981880419	-0.04755348502	-0.05335147599	-0.06261899434	-0.03457139619	-0.02409992363	-0.06072982871	0.0258498381	-0.03577091166	-0.0213078493	0.0009143776804	-0.00845144548	-0.01719097829	-0.0350526324	-0.02782424834	-0.05538187764	-0.04147903972	-0.0115156295	-0.04674824017	-0.01349247525	0.03345329911	0.009627073557	-0.04229501291	0.004033672004	-0.009961662341	-0.005341534795	0.005840496927	-0.04994842298	-0.03313136678	-0.01581944882	-0.02939597546	-0.02886943062	-0.04167922547	-0.01493307111	-0.02861432107	-0.04030177422	-0.04026719262	-0.02167849845	-0.05836629779	-0.01548440087	0.02742358637	0.01826028904	0.01114861575	0.0548481812	-0.04600144592	-0.0178582562	-0.005350793642	-0.01207425403	-0.06309329554	-0.04794814183	-0.04275741524	-0.05223419023	0.02671672218	-0.02577180671	-0.00662383693	-0.02842944935	-0.02529343937	-0.02818365363	-0.0103825027	-0.01673013764	-0.04228729626	-0.03834205511	-0.03438151533	-0.03465400196	-0.00250246975	-0.0226689081	0.0007341008073	-0.04353911809	-0.01398131295	0.06740968505	-0.00020007545	0.02738893081	0.02084963992	0.05978185473	0.04399596516	0.04087410604	0.002172619316	0.04974368752	0.03338395036	-0.009728145396	0.01331512183	-0.05258482041	-0.01663812794	-0.05361091269	0.02986432703	-0.001442862413	0.01275229246	0.0008643285231	-0.0007474291096	0.02158501688	-0.002609446828	-0.01043319191	0.006182322473	0.01028936904	-0.009371691744	-0.01858025275	-0.05651685328	-0.03910967861	0.0224546072	-0.01430526375	-0.05023930525	-0.02633018031	-0.03297401163	-0.06329045734	-0.01753766962	-0.02366861051	-0.02126886285	-0.05161107707	-0.04597435593	-0.02036788944	0.005424703214	0.05830930413	0.07055061211	0.03121015286	0.006975646028	0.002009821815	0.05389473673	-0.05586211349	-0.0188865795	-0.03894164632	-0.02285883232	-0.0503675617	0.06619854509	-0.05888359812	0.02609323212	0.03596700723	0.04042907042	0.1376990332	0.1182226837	-0.02295806291	0.01880445585	-0.07544989633	-0.007132897782	-0.03473726558	-0.06548898924	-0.03239936847	0.1043410559	-0.0289503505	0.01709007752	-0.0146086719	0.01025051744	-0.03389455956	-0.04918457857	0.07385292324	0.006850116498	0.07184871045	-0.01552242039	-0.02721622883	0.007397186607
0.009402827626	0.1010465915	0.064074104	0.03755701022	0.04816111363	0.01263613871	0.0759149423	0.07528209055	0.05158154184	-0.1576107338	-0.1519543438	-0.1550042658	-0.1586126354	-0.1352500716	-0.1391699184	-0.1675607834	-0.1547244717	-0.1418601721	-0.1246272055	-0.1717761888	-0.02604461222	-0.011532961	-0.127686804	-0.007974440339	0.00829182596	-0.147280167	-0.138969113	-0.127647692	-0.1360866277	-0.002252140077	-0.1349727246	0.01836800173	0.01217270575	-0.08762988262	-0.004878507276	-0.1361470571	0.07601483272	0.06315302686	0.0979357258	0.05597916715	0.0159550726	0.05131903936	-0.1405016714	-0.01236043737	-0.1395242693	0.0546139288	-0.02401136124	0.01233864048	-0.00397837575	0.004550655197	-0.009064361271	-0.01602045741	-0.1367230735	-0.1323388537	-0.1479906412	-0.001933219238	0.007206452313	0.02646069821	-0.1376926709	-0.1539886437	-0.1250237034	0.0006178125146	-0.1392496295	-0.01028575879	-0.0131621108	0.001868274846	0.3829913122	0.1127649822	0.1205483453	0.0779101222	0.05903379684	0.01375394322	0.01205742635	0.03548396903	0.05213588279	0.02273859434	0.05020451508	0.04133975613	0.04104386223	0.1096290265	-0.008050558696	-0.01078415823	-0.01233534478	0.030894643	0.0003730266559	-0.003486294634	0.005876950146	-0.01388972249	-0.02447796609	-0.0162518205	-0.02068542645	-0.05588852745	-0.002536260039	0.06688828706	-0.02492762248	-0.05387015101	-0.05560625259	-0.04303037279	0.02223663468	0.04235066611	-0.03705525719	0.05352564531	0.01823583148	0.07009555299	0.06991020393	-0.03111532329	-0.03312489153	0.09104425677	0.03100861347	0.005708776524	0.01681967508	0.03918687652	0.0567757002	0.01300106488	0.00974733553	0.05616943764	-0.03359032613	-0.006023243135	0.04822907629	-0.0383654856	-0.05260632364	0.04186443402	0.08484620231	-0.01152125824	0.04157003145	0.05667720165	-0.1385109146	0.04902348168	-0.0329733555	-0.01424542998	-0.05923414518	-0.04973371586	-0.04526518417	-0.01418929408	0.01948083907	-0.0138267877	0.01531804377	-0.05633501529	-0.01179080612	0.03513606665	0.07112544103	0.04651162271	-0.03489174015	0.05872730881	0.04924218297	0.04640012124	0.1188225586	0.004910605039	0.07533790419	-0.02968154688	0.03789242192	0.006991371157	0.03276484747	0.06893971667	0.003759301574	0.07076747153	0.02339140399	-0.01244478141	0.04336081652	-0.01077999014	-0.007096984144	0.0635653152	0.004586666345	0.0176660188	0.03617947787	-0.04226881076	-0.009107703017	0.02034815574	-0.009777136492	0.01035404994	0.01841863661	-0.0323758107	0.02329217983	0.04653205112	0.07642072725	0.005779258212	0.01027897515	0.002139284239	0.04698320717	0.01505074957	-0.03751907104	0.02084928931	0.0214618713	0.03555187836	0.07449683024	0.01330394761	-0.02775848321	0.0683322927	0.03921878462	0.02336340611	-0.02047219137	0.04498530382	0.03079637798	0.01991292968	0.03808608948	-0.003757132683	0.07075396223	0.06131873341	0.02250531859	0.03717670053	0.0544326619	0.05657421883	-0.01484851565	0.03300251435	0.04106499684	0.01229737472	0.09198530381	0.000626830008	0.005373106999	-0.0009404081877	0.008483368039	0.04002994112	0.09510153542	-0.0008196700344	-0.0343888727	0.006439595714	-0.04066109048	-0.03182233017	0.008716343178	-0.1443907189	-0.08945284022	0.08392016595	0.03514246287	0.06265079909	0.02924880695	-0.02701570006	0.08196301704	0.04657440629	-0.1399308767	0.06548973744	0.07472933724
-0.02391644373	0.07451475077	0.008987104239	0.05197493348	0.06097204641	0.02737992709	0.05632261134	0.07315648299	0.00922532866	-0.07070759469	-0.09302144749	-0.09688667532	-0.0977457537	-0.07103946837	-0.08220249142	-0.09807231026	-0.06811637351	-0.09280626324	-0.08051316696	-0.06945036039	0.01686206442	0.07951755792	-0.07838882705	0.03272440201	-0.003319106437	-0.06216101245	-0.06014515734	-0.07290383076	-0.05783488821	-0.01057307593	-0.04846593421	0.03736959276	0.07842342338	-0.07749815256	0.08119737173	-0.07730521481	0.09359472602	0.1080061826	0.1217083059	0.0699859599	0.08232769879	0.08654478875	-0.07065940268	-0.03395952623	-0.0642600062	0.09826571256	0.0007187248727	0.08586677211	-0.03547443124	0.02317277413	-0.01031502864	0.05425096969	-0.08859144686	-0.07684810361	-0.08700870319	-0.01166290955	-0.002871780942	0.07398391711	-0.06746244303	-0.05631405786	-0.08619541049	0.06572597434	-0.07744960899	0.01644247683	0.006479140205	0.01421370702	0.1127649822	0.4313940548	0.09134394915	0.06983983131	0.01227346859	0.06333043347	0.06101265315	0.006493328987	-0.01452965571	-0.01500157178	-0.00613289717	0.03565696929	-0.002326431355	0.1024089445	-0.07289345784	-0.06840872887	0.01959043743	-0.03760863121	-0.01533860721	0.006422189099	0.01090816957	-0.04799537555	-0.06582688155	-0.02090806933	-0.01038769842	-0.07799033217	-0.05199419961	0.08026498316	-0.0631017068	-0.06280214192	-0.06727103015	-0.07639585929	0.06129105352	0.05001962004	-0.05525075151	0.02395348358	0.07453038435	-0.001170017656	0.007089536208	-0.002752565679	-0.04179721922	0.03323155779	0.05750985367	-0.03501290974	0.01493230419	0.09484294283	-0.009851045472	-0.03977510838	-0.02096054897	-0.02131723376	-0.04357565523	-0.04213295378	0.01365299261	-0.06680866501	-0.07500209164	0.009567314562	0.0179287451	-0.01964124816	-0.00266078799	0.02711829772	-0.06853082124	-0.002232635154	-0.04084361031	-0.06236951234	-0.03744542854	-0.07325658892	-0.0574680319	-0.05605990039	0.009029840947	0.01043022641	0.008370754411	-0.06572043341	0.01013892445	-0.03544500069	0.06118731663	-0.004672137313	-0.05900607452	0.009603933605	0.01001250809	0.01144700759	0.08638604586	-0.0453147009	0.05650611018	-0.05398365021	-0.040160074	-0.02218191223	-0.008864429182	-0.03080736411	-0.04038529495	0.02088377211	0.01160370913	-0.03430921799	-0.04286356143	-0.05485250673	-0.03493129103	0.06585996096	0.01351180622	-0.02540931265	0.01873826168	-0.03965881844	-0.07923008218	0.01052884197	0.04255520266	-0.04820733362	-0.004395859208	-0.04516205693	-0.02278827	0.03694162777	0.02971011169	-0.01151632112	0.0006616857565	0.02865008972	0.06782677493	0.02303585349	-0.01051931821	-0.03347054048	0.06346732655	0.06007135364	-0.005785963579	-0.02262230416	-0.05246792242	0.03549920035	0.04287801198	-0.01675956162	-0.001207008074	0.02477602733	0.07677606871	0.05961539576	0.02766590138	0.04930844935	0.03404627934	0.03421863036	0.05337481233	-0.008569533644	-0.01090643022	-0.00947940052	-0.05498510416	-0.02238832661	0.078753633	-0.04687627416	0.2316963355	0.008618319953	-0.02273103916	0.03555833205	0.03566618047	0.01750227676	0.08848408207	0.01674129992	-0.02304585989	0.04395509799	0.005035574143	-0.05322922555	0.1130653765	-0.0995688855	-0.07255824418	0.06998030968	0.05871545592	0.06447194686	-0.01176660483	-0.01832455438	0.01494123908	0.05465542811	-0.1040041157	0.018077251	0.02558306399
0.04551332664	0.07616840851	0.0762117971	0.07863406098	0.06904251318	-0.000118579518	0.1074899539	0.1238989045	0.041246195	-0.1908822195	-0.1792404157	-0.1825403536	-0.1753143097	-0.1583830114	-0.1551701634	-0.1714356212	-0.1869429848	-0.1721624895	-0.1701096144	-0.175919857	-0.01049274741	-0.004559889439	-0.1539068842	-0.07358446838	-0.05669065949	-0.1670780954	-0.1685504056	-0.1548076958	-0.1637536357	-0.06195520752	-0.1588056918	-0.01072673224	0.0803621858	-0.1205982857	-0.003501107022	-0.1659501749	0.11115202	0.107615376	0.1632126052	0.07768217685	0.05797924035	0.08855215164	-0.1891615806	-0.0487753559	-0.1720177679	0.01642746138	-0.03333400349	0.06782188974	-0.06143123633	0.0199524262	-0.04331499948	0.002292357184	-0.169587956	-0.1533594832	-0.1556239571	-0.06640958843	-0.05801547227	0.04477137927	-0.1843257351	-0.1874642117	-0.1752982559	-0.01587349651	-0.1589700596	0.02591317222	0.01153488118	0.01107292202	0.1205483453	0.09134394915	0.3337471947	0.1745262014	0.06885661802	0.02365278996	0.02741152369	0.05269128456	0.03823523575	0.05814144104	-0.007068041027	-0.002929152134	0.06744525358	0.1372194768	-0.0496516107	-0.05342066092	0.0181844303	-0.01396947618	0.02761535539	0.02183935648	0.01852562722	-0.05747223433	-0.02303462637	-0.08154332041	0.01358894853	-0.02135965575	-0.03766441271	0.1385363006	-0.05812331129	-0.02973729634	-0.04510563272	-0.02412607369	0.06888698802	0.0024652399	-0.004435482031	0.07120884751	0.1151125986	0.01848541335	0.1097283825	-0.00994699671	0.002176714355	0.08768648817	0.008253194101	0.01563105252	0.082423379	0.07554101212	0.07453127173	0.02579287574	0.04241488516	0.04981824655	-0.004797575304	0.03454476475	0.08412769961	-0.05237151857	-0.04133874622	0.01350465975	0.0216833434	-0.08385494016	0.001781644732	0.0487388399	-0.1853624031	0.03151055041	0.002642693578	-0.003747279444	-0.03561830389	-0.06404766502	-0.006351911992	-0.007025895152	0.07333920482	-0.003948926109	-0.02028209682	-0.04584549559	-0.0005736682941	0.01549062595	0.2399794679	0.08602013232	-0.001260439103	0.04624824338	0.0932219164	0.08713071543	0.2381730575	-0.003602077258	0.2592757887	0.003671034905	0.02673172191	0.03109591658	0.02334778013	0.03691744355	-0.02878472963	0.01719612826	-0.03914770094	-0.08548690111	-0.03647907901	-0.04324520818	-0.01199663109	0.04579679522	-0.04022504932	0.04665285062	0.06052003139	-0.01017732376	-0.08387424421	-0.005070399501	-0.06623056085	-0.03029845463	-0.03762704187	-0.1089209574	-0.03400416377	0.05926269331	0.01814803631	-0.01197485157	-0.0150088178	0.01073274402	0.03862153977	0.04682339734	-0.04781371477	0.03511992567	0.04039961144	0.04824773682	0.03451713394	0.01070662756	0.006249389504	0.08346241938	0.07088258476	0.04222868677	0.01142489512	0.07982831579	0.01836686473	0.04959511237	0.06670765955	0.02601860594	0.03892297507	0.05165976628	0.002322596948	0.0233090191	0.01211469969	0.001956946509	-0.02238267545	0.04341539538	0.07831254287	-0.002628558664	0.185798417	0.009830774782	0.0362986919	0.02565056835	0.03582412867	0.06189288278	0.2395398467	0.01585612701	-0.04144242577	0.02880162557	-0.01864896992	-0.006402358535	0.04635584477	-0.1635606689	-0.1166891497	0.05752741542	0.02423501488	0.08397251929	0.03606215398	-0.03279020374	0.03803300251	0.1132352343	-0.1712348007	0.08061925122	0.03285922721
0.06165409883	0.07544314372	0.09622933722	0.101415552	0.126954656	0.01207281822	0.06906552481	0.143892334	0.03272358136	-0.1915726147	-0.1803742414	-0.1840776699	-0.1751535155	-0.1773635919	-0.1753905168	-0.1723694332	-0.1939828417	-0.1789412888	-0.1820995789	-0.176487349	-0.03434560525	-0.03425376061	-0.1751778504	-0.09247074205	-0.08209832172	-0.1805809811	-0.183094994	-0.1776729087	-0.1841673802	-0.087070814	-0.179323754	-0.03613226507	0.02196409575	-0.1288274126	-0.02578723509	-0.1757138497	0.1505148592	0.1471781448	0.1670363254	0.06520302381	0.02449497839	0.1460153508	-0.2030976414	-0.07520579997	-0.1891795235	0.06183701887	-0.06022563026	0.06475974037	-0.09395784217	-0.01235062405	-0.07154699852	-0.01902303979	-0.1786188896	-0.1740049206	-0.1707442263	-0.09470737905	-0.08454017538	0.004779331357	-0.2037302616	-0.1977770284	-0.1893079345	0.01714042869	-0.180671598	-0.02504671416	-0.02463579841	-0.01504633364	0.0779101222	0.06983983131	0.1745262014	0.3186320763	0.08157710453	0.08770395935	0.09124484377	0.1047466357	0.05617950277	0.06179708082	-0.001629768272	-0.01455898197	0.1297352319	0.1397029377	-0.04430772829	-0.039961916	0.04323075808	-0.004348160949	0.03336580451	0.03249626768	0.001013740875	-0.03995680973	0.008087120142	-0.09489628254	0.01678280493	-0.01128348701	-0.0243510765	0.1426232119	-0.01752391598	-0.003312998195	-0.006658260681	-0.0008414022266	0.08079765903	0.0327799168	0.01511207943	0.1053363752	0.1146926381	0.0116815538	0.08555234368	0.003100611377	-0.01886010712	0.080860507	0.05338307854	0.0229769811	0.0955851049	0.1239511913	0.06563234443	0.02463172973	0.05725195164	0.04869881096	-0.02061173807	0.02932086383	0.09088609693	-0.01175161442	-0.007014080159	0.05087144564	-0.0129353077	-0.07239109136	-0.006326719177	0.02429727269	-0.1986973008	0.0380122442	-0.01369383639	-0.02405775454	-0.01620935347	-0.01620589765	0.01995347101	0.02618899501	0.05941034949	0.03634935712	-0.03484858079	-0.005251703686	-0.0008028477738	0.02064480766	0.1398260712	0.08012069056	-0.02631014433	0.07166362441	0.1025516994	0.09654772119	0.2088593028	0.005738808934	0.1373976691	-0.02137111079	0.03537298366	0.02758165634	0.01523634105	0.01876533335	-0.03636546075	-0.002699378465	-0.05415751261	-0.1111339911	-0.04128101178	-0.030677337	-0.04474643626	0.04898039791	-0.04892048251	0.05198179012	0.1694386408	0.02588241565	-0.08437563516	-0.0002795178969	-0.066513874	-0.03361875491	-0.03336823872	-0.1225245342	-0.04263959443	0.0928810637	0.005730330945	-0.002569340225	-0.01014837148	0.03473480677	0.09801171322	0.05481365084	-0.05150587933	0.03081945941	0.07941219256	0.06884212402	0.00756345324	0.03556885652	-0.002848955691	0.07836849409	0.08263629821	0.06636428446	0.02273931095	0.121607863	0.06214654383	0.01889325619	0.05704236739	0.1003206688	0.03535882356	0.06819744908	0.0008200308066	0.07797481951	0.0006361493508	0.008140746611	-0.02312913308	0.1010834036	0.05089273254	0.009373590999	0.1463780671	-0.03129811488	0.02505045359	0.002307533766	-0.02345188058	0.07383568191	0.178238886	0.04617858402	-0.06317399918	0.05907279792	0.004415080821	-0.03001676105	-0.007217652331	-0.1717956341	-0.1200978545	0.0545920321	-0.003077644853	0.123441552	0.05743019644	-0.07112619942	0.0212895934	0.06687827748	-0.1764030026	0.08558674946	0.04893655835
0.04430009957	0.09385764179	0.1005152572	0.1156924514	0.04998142735	-0.008201487426	0.04213051974	0.08776535841	0.06953860345	-0.192329588	-0.1833609434	-0.1869060819	-0.1766630291	-0.177755869	-0.1843725332	-0.1722598708	-0.1919001354	-0.1835590737	-0.1766449106	-0.1773353804	-0.04356996276	-0.04444176888	-0.1704631505	-0.07365605678	-0.06177800271	-0.1855755877	-0.1842376575	-0.1779783978	-0.1865538014	-0.05221074693	-0.1803289653	-0.05438376271	-0.0232838482	-0.131546011	-0.03877374597	-0.1777129503	0.04876846515	0.03232380224	0.06734939771	-0.02509009131	-0.02248065816	0.01499461461	-0.2055370521	-0.05849490761	-0.1931649893	-0.01569217369	-0.05539254281	-0.01756593328	-0.08336372451	-0.04638477507	-0.04981333249	-0.02122323947	-0.1799303936	-0.1772222475	-0.1728197745	-0.05825869844	-0.05326695293	-0.03127474147	-0.2030808981	-0.1974996446	-0.1926147318	-0.03597320474	-0.1792320017	-0.03408618273	-0.04839873384	-0.02227930624	0.05903379684	0.01227346859	0.06885661802	0.08157710453	0.3159912253	0.077423022	0.08287165319	0.1378838994	0.08804677219	0.05050972711	0.005017530145	0.03274988721	0.09003806573	0.06153585713	-0.0007825761382	-0.00392131099	0.01878802602	0.04220857874	0.01586076823	0.07439731323	0.05677886036	-0.003060681547	0.03220306883	-0.05920515222	0.01798640569	0.01279381908	0.01734033208	0.07408971763	0.04108925946	0.02011450394	0.03468373631	0.02266844323	0.04943303975	0.0968884722	0.02375406429	0.1482254214	0.03203512506	0.06468444086	0.01869629908	0.03405248561	0.007277270542	0.05200728304	0.01263748342	0.02631959761	0.1144423766	0.002447682441	0.05849842696	0.03335895905	0.08189598637	0.09604647269	0.03404085671	0.06873112637	0.04626694552	0.03051283576	-0.001367573074	0.01683553179	0.01384642003	-0.05766192472	0.02866314682	0.03565523018	-0.2010568424	0.1405254204	0.01042313	0.007362952349	0.02407049828	0.02105292319	0.05209268458	0.004103653956	0.09268299117	0.104842779	0.04916018701	0.03299918544	-0.03131739108	0.03983417721	0.01998974768	0.05958990074	0.02469408179	0.04703856258	0.03727099421	0.03697613356	0.09258368089	0.001961730604	0.006461767448	0.02979245071	0.02526017964	-0.0354836145	-0.02289436847	-0.0488763484	-0.03783262169	-0.01729477082	-0.03230970802	-0.08902618667	-0.04959122053	-0.03722212361	-0.04789196364	0.01735368597	-0.0009564889705	0.08491608142	0.09412216752	0.0206545388	-0.06168240009	0.06447503572	-0.021497728	0.04334979862	0.03874299166	-0.07817339476	0.001319274567	0.1079780352	0.03730734795	0.07076356688	0.05616985311	0.09567240147	0.1180690145	0.03272713736	-0.04797846855	0.03079951634	0.1286745983	0.1073355331	0.02641346721	0.05832856823	0.02205745733	0.1320071129	0.06632633742	0.05227614775	6.892741599e-05	0.1368707798	0.07039152905	0.08931771813	0.1091505252	0.1036196472	0.04693864974	0.08047279788	0.02063285981	0.03838142547	0.0241849526	0.02305919192	0.005831106184	0.04355374472	0.0183064728	0.03535604373	0.04776773575	-0.03708285371	-0.01803590568	0.01707484866	-0.05758533639	0.07432946283	0.07372126077	0.01274363175	-0.006850343405	0.1081809908	0.02875025073	0.03383851551	-0.05246368923	-0.1701945304	-0.1270067592	0.05390203694	0.04891416862	0.05475065782	0.08295135231	-0.05742131448	0.06735692178	0.02976075907	-0.1773667939	0.1128994947	0.06804661639
0.05948545367	0.02006526899	0.04781485674	0.09267509795	0.01797281228	0.003646280299	-0.001306440165	0.05174624088	0.08386105951	-0.1410779332	-0.1635947322	-0.1666107046	-0.1722855373	-0.156186216	-0.1679229565	-0.1826687161	-0.1436121166	-0.1633776385	-0.1580824795	-0.1584425999	-0.0791601198	-0.03128339714	-0.1636458959	-0.02549455587	-0.06781972297	-0.142790508	-0.1451142576	-0.1487690479	-0.1374058779	-0.0668096943	-0.1268693648	-0.04053158142	-0.05942164216	-0.137619573	-0.01863204209	-0.1626503733	0.05505723124	0.06607026123	0.06658024689	-0.01192268244	-0.05930854612	0.04339780055	-0.152234654	-0.06354113473	-0.1619260743	-0.02365966793	-0.0754232745	-0.02245684505	-0.09522951707	-0.09062739136	-0.06723672047	0.007451242354	-0.1673604405	-0.1638916927	-0.1735011717	-0.0697628341	-0.06095395796	-0.07268027994	-0.1581814277	-0.15188113	-0.1448116821	-0.008668811449	-0.1521188275	-0.07107810636	-0.07822518922	-0.03873694496	0.01375394322	0.06333043347	0.02365278996	0.08770395935	0.077423022	0.3562044912	0.3485601035	0.05258828357	0.0598170497	0.0666608657	0.03437959939	0.05824989752	0.0879429372	0.04804092796	-0.01647004668	0.01210254591	0.06575364434	0.04631204351	0.05103112445	0.07549406408	0.06784520287	0.02072654215	0.01495837419	-0.002983397883	0.05497789408	0.02069122001	0.005860313944	0.08973020344	0.044536501	0.04737810879	0.04984997511	-0.01747167872	0.1346144454	0.10705207	0.01252366113	0.04982911784	0.02668461723	0.07999073708	-0.001278927009	0.01966604018	0.01540194155	0.06215733979	0.02280364946	0.04324667908	0.08018749511	0.02360418741	0.03610804592	0.03926668571	0.04697005915	0.04767101687	0.02441288444	0.01514847161	0.05203150042	0.05241101288	0.0303798491	0.05165444287	-0.002675903234	0.01735147762	0.01182928645	-0.0007986501936	-0.149690131	0.006135091177	0.01482004687	0.01311842607	0.02152126784	0.03551756138	0.004393882122	-0.002685795456	0.0384320076	0.1003175037	0.02918289611	0.04927176859	0.06404378638	0.0453252705	0.02895337047	0.04568818342	-0.01886572619	0.0596206667	0.04999587005	0.05106906103	0.0540395609	0.07860459999	0.0115337839	-0.01395498817	0.01964077186	-0.04374517304	-0.01744749416	-0.02672319788	-0.005228140536	0.006492083762	0.01283449319	-0.04013166365	-0.02085192356	-0.009831953581	-0.02950960643	0.02647510759	-0.002503504853	0.03495334686	0.1066805156	0.03480014585	-0.07091523959	0.0366231358	0.02455955626	-0.05101487331	0.01099811868	-0.06579906885	-0.02911527162	0.03761673437	0.01145317303	0.03831893169	0.02757653865	0.06248609255	0.1198892114	0.06789650822	-0.02156906431	0.05153301528	0.09959733022	0.1314533998	0.05056970552	0.05043673269	0.01390330813	0.05350512833	0.05535428755	0.07736702153	0.03808861976	0.09978412594	0.06304538477	0.01620006706	0.05096305875	0.06977024401	0.004335590719	0.01860719465	-0.02362110572	0.1052873209	0.06021021121	0.04981189273	0.02516050572	0.06431766249	-0.02456775801	0.05966820798	0.04636823777	-0.03235796394	-0.02099315432	-0.0526441683	-0.09313061753	0.04627044847	0.03572410311	0.07871380051	-0.02816383142	0.1229079029	0.06183308874	-0.02159569016	-0.04369952728	-0.1727312652	-0.1349794712	0.07299853489	0.05410548428	0.04614566991	0.06397921712	-0.08459448271	0.001043993183	-0.02415170219	-0.1818891077	0.01595027041	0.06471952877
0.05640744601	0.01832341982	0.04714225967	0.08759680525	0.01610685791	-0.0009022639735	6.95193855e-05	0.05167090868	0.07902169271	-0.1409523487	-0.1636033154	-0.1667667402	-0.1722692342	-0.1558262387	-0.1679134136	-0.1825728978	-0.1435397174	-0.1635755421	-0.1581995892	-0.1580955334	-0.07863738726	-0.03243590403	-0.1632096528	-0.02385870109	-0.06611877614	-0.1421842809	-0.144731604	-0.1486363357	-0.1370412482	-0.06526712387	-0.1266062566	-0.03601004784	-0.05791463846	-0.1367004182	-0.01805048598	-0.16233716	0.05892002258	0.0671516137	0.0676269118	-0.01052768296	-0.05482700071	0.04445351548	-0.1525655497	-0.06234522854	-0.161591594	-0.02524359479	-0.0738754124	-0.02113005811	-0.09488546941	-0.08926803093	-0.06561868209	0.007598123571	-0.1669943587	-0.1636501311	-0.1731135201	-0.0682074197	-0.05951186749	-0.06956756657	-0.1584301354	-0.1516573227	-0.1451625957	-0.007458561233	-0.1522483564	-0.06769729495	-0.0746719872	-0.03870243441	0.01205742635	0.06101265315	0.02741152369	0.09124484377	0.08287165319	0.3485601035	0.3552494555	0.05447042274	0.06525872422	0.06356734402	0.03630422852	0.05855597117	0.08834710745	0.04344124103	-0.01526156475	0.01176407719	0.06658651716	0.04490565552	0.05206387358	0.07521884821	0.06910215945	0.01672315565	0.0134992254	-0.007339307756	0.055961597	0.01930567171	0.001088203011	0.09054734863	0.04588172926	0.04565734741	0.04811245818	-0.01739110378	0.1306907671	0.1022546721	0.0123780996	0.05243830771	0.02949962641	0.07508945931	-4.515768855e-05	0.02018156658	0.0109669048	0.05978004444	0.02127549902	0.04158601674	0.08050799072	0.0262541763	0.03411087503	0.03926267613	0.04762776066	0.04729639013	0.02011968468	0.01631906728	0.0504807832	0.04906733387	0.02883487488	0.05340438759	-0.00459159066	0.01777978299	0.01244831781	0.0002212907831	-0.1500632911	0.01024770504	0.01029704818	0.008839168439	0.02255628285	0.03388283745	0.005182273389	-0.001863118429	0.03940047793	0.09782548131	0.02483260424	0.04756016508	0.06526111148	0.04376089437	0.03279694303	0.0496722292	-0.0177114575	0.05774253409	0.04824773009	0.04930643313	0.05781910777	0.080121848	0.01545405422	-0.01281316265	0.02075120873	-0.04261247187	-0.01556922222	-0.02541601658	-0.003624873741	0.007322447973	0.01361247359	-0.03792687915	-0.01944634316	-0.008775764237	-0.02796940879	0.02412039489	-0.000806516453	0.03567903915	0.103881541	0.03333637873	-0.07015453412	0.03494308945	0.02370508334	-0.04959188727	0.01042990557	-0.06780698959	-0.0232190008	0.0401671841	0.01334486514	0.03358011681	0.0260411111	0.06378906324	0.1194296239	0.06612564264	-0.02590515607	0.05218256493	0.09826193458	0.1266354747	0.04597668456	0.05156893403	0.0160902074	0.05147663587	0.05327227036	0.07421716467	0.03916712079	0.09475251089	0.06352050253	0.01714244259	0.04893269032	0.07073761996	0.005190576432	0.0243484271	-0.02285148215	0.1031529071	0.06094215217	0.0506871686	0.02588323441	0.06547065067	-0.02022544877	0.05489592295	0.04708748032	-0.03125668261	-0.02282502703	-0.04826292831	-0.09445712128	0.0444552456	0.03946612711	0.08124716405	-0.027022473	0.1183606757	0.06256687894	-0.02034906873	-0.04187091284	-0.1729499297	-0.1343927222	0.07375920737	0.05253455964	0.04739671644	0.06089803163	-0.08287183762	-0.003441860852	-0.02318787692	-0.1821671752	0.0168951165	0.05997095907
0.02273691203	0.1089561855	0.101321012	0.06707714227	0.02224239513	0.003667128225	0.01258817133	0.06205381211	0.07932291832	-0.1894470493	-0.1765962329	-0.1823506762	-0.1716883791	-0.175846149	-0.1781390633	-0.1688638435	-0.1897355408	-0.1812409738	-0.1635664986	-0.1755345532	-0.03386337795	-0.0243121359	-0.1549384767	-0.06920870299	-0.06232113643	-0.1847970704	-0.1786876771	-0.1754105982	-0.183501413	-0.05034317435	-0.1876783967	-0.05777410022	-0.04168203433	-0.1161824136	-0.06344747321	-0.1806233745	0.04923726784	0.04722991986	0.06265267233	-0.02041309965	-0.02062187823	0.0479583759	-0.2002898266	-0.0309266365	-0.1865624869	0.02209584275	-0.04821079518	-0.008888633863	-0.05771353251	-0.03198422658	-0.03525709899	-0.04584846589	-0.178722765	-0.1771802842	-0.1720675106	-0.05719687416	-0.05303872998	-0.02728267388	-0.1986157177	-0.1898956053	-0.1856494208	-0.01705524445	-0.175735125	-0.04196194143	-0.0392693047	-0.04340764171	0.03548396903	0.006493328987	0.05269128456	0.1047466357	0.1378838994	0.05258828357	0.05447042274	0.3405639261	0.07917540624	0.04794799978	-0.008785676587	-0.04749578033	0.1257315005	0.0477342484	0.008883216361	0.03209656513	0.008160928767	0.004336632365	0.03302035396	0.05705327557	0.02999676493	0.002620362573	0.06202201968	-0.05631308083	0.01023838297	0.01572255049	-0.02401183523	0.06130130419	0.01661025624	0.04224051056	0.04256761755	0.0699000376	0.04104873518	0.01584206353	0.06319932189	0.1583401641	0.03206235318	-0.01014616548	0.02924383263	0.03161942732	0.01745377955	0.007632486212	0.02877867447	0.03013723978	0.09958934183	0.04597527486	0.04687262977	0.02250732869	0.0269040896	0.06526656002	0.04405184973	0.04530130658	0.04299371578	0.01831077812	0.04776396883	0.02573801747	0.01558706337	0.005930960878	0.03737608692	0.01081590184	-0.1962432323	0.1263726583	0.01487088553	-0.01216035284	0.06104728809	0.05016101321	0.03552868326	0.03052767816	0.04170102597	0.1169654061	0.0615800771	0.04211247217	0.02938689767	0.02382850352	0.02270542333	0.03960300605	0.0720001154	0.01604430623	0.04304688591	0.04272523726	0.07100266806	0.02491311454	0.02459944565	0.06360361583	0.04680379288	-0.01110143421	0.02824203741	-0.02373858944	-0.01952816896	-0.01827949751	-0.02841918564	-0.0687048756	-0.0005964519504	-0.03880487857	-0.03181964475	0.01021339696	0.06373988119	0.07259019262	0.1145070898	0.04483473992	-0.02183737175	0.06085284782	-0.03807312586	0.04332617146	0.05331676584	-0.08593064104	-0.03802698519	0.1104978647	0.0290986871	0.05083629253	0.06432860823	0.1267881624	0.1566046638	0.01790128376	-0.05949796442	0.03892768188	0.09506350223	0.05045412952	-0.008794150907	0.05674995947	0.006851594459	0.0783277984	0.05842132191	0.06014439366	0.06653980821	0.05956316531	0.06629438501	0.0244633838	0.04753294675	0.0773595055	0.03747253231	0.1213273495	1.549644352e-05	0.09754582265	0.02032780917	0.04763278683	0.05253010201	0.1165002395	-0.009446255537	0.04183053305	0.02810254088	-0.02711445207	0.00763420101	-0.03575174329	-0.04338626594	0.04968808337	0.0441745343	0.05451161341	-0.01907386134	0.05468881539	0.03405300519	0.05158803971	-0.04592903218	-0.1540679752	-0.1184101162	0.04017029185	0.008580439247	0.08339217066	0.05010688778	-0.05527402248	0.004154579033	-0.01421103699	-0.1610219213	0.1329831784	0.03129390169
0.03321501645	0.05057948839	0.1150483449	0.0375016239	0.02581247714	0.00644909224	0.01425176802	0.05319658627	0.1616152267	-0.1706170351	-0.166138134	-0.1660863483	-0.1594750174	-0.168088592	-0.1642960509	-0.1711496506	-0.1725931671	-0.1646930229	-0.1742146836	-0.1768667242	-0.04440952775	-0.07223962349	-0.1579197024	-0.07147190751	-0.05421212527	-0.1713812987	-0.167143547	-0.167223467	-0.1734718231	-0.06815706882	-0.1713749839	-0.04109891803	-0.05935210477	-0.121657363	-0.06668575358	-0.1663383283	0.05378438785	0.08091882309	0.08089449461	0.01561630868	-0.02526456059	0.04186258366	-0.1865040623	-0.03470463512	-0.1757574055	-0.01199179908	-0.04725462472	-0.01161167398	-0.04618447621	-0.04881457211	-0.04732912011	-0.04109155905	-0.1649041221	-0.1656561495	-0.1579284896	-0.05892001739	-0.05158376202	-0.05929827333	-0.1888544383	-0.1815344745	-0.1697353467	-0.04384976926	-0.1654776443	-0.04937146129	-0.04300872695	-0.03521732665	0.05213588279	-0.01452965571	0.03823523575	0.05617950277	0.08804677219	0.0598170497	0.06525872422	0.07917540624	0.3389467189	0.0841513444	0.1037150459	0.03242938313	0.08842892144	0.08458997911	0.01606302216	0.04670167985	0.03181190752	0.04226971662	0.08491383039	0.02477134643	0.04187372712	0.0448988422	0.01357874634	0.006060526837	-0.004469640252	-0.003004511455	-0.04706660285	0.09536679237	0.02192026019	-0.01041743513	-0.02480356087	-0.004286981884	0.08135973001	-0.01122625856	0.02132177579	0.1025465756	0.02333106999	0.04053967216	0.06471233504	-0.0449011261	0.001425923182	0.07554205785	0.02510373812	0.05394902383	0.04150760827	0.06342022873	0.1070679686	0.0588558696	0.07951455659	0.04141107626	-0.009571950313	0.04351423493	0.1098164981	0.02919232404	-0.01575310782	0.06549962995	-0.01162975535	-0.01469596471	-0.04728979864	0.06250835148	-0.1827103099	0.07573506229	-0.008820099521	-0.03076203062	-0.02118404119	-0.01772949569	-0.0314288297	0.03885345723	0.01128350546	-0.01238848848	0.02262379298	-0.02523331031	0.003366933963	0.08421122912	0.02171375463	0.05320727382	0.01060030377	0.1440876207	0.1135165975	0.1166702822	0.05879872236	0.05262857286	0.01576164696	0.01599858101	0.0917115192	-0.01833018276	0.01583481267	0.01268334774	-0.002262161409	0.000122367286	-0.00549032797	-0.027925377	0.01855291713	0.003259035507	5.907699596e-05	0.03128444731	0.02446807419	0.105009103	0.1028227305	0.02150851323	-0.04936008195	-0.01246145744	-0.05310377527	-0.01223702781	-0.02125092017	-0.04471284576	0.03332773945	0.08889202726	0.07012855746	-0.00826492141	0.0026730401	0.03281234061	0.07369164625	0.02281165501	-0.06429574979	0.04042786845	0.07433919	0.04168199897	0.09593027031	0.03515497272	-0.01812334917	0.0616948282	0.07869461366	0.08479272664	0.003768691632	0.1108730094	0.005702993052	0.007382253138	0.05332363351	0.03715430027	0.07083681901	0.09998543157	-0.002039869854	0.1886983933	0.1328513036	0.1439791628	0.1036821543	0.171436179	0.00177934671	0.05297853789	0.04969871112	-0.03771376054	-0.01787238749	-0.04928937119	-0.06073253159	0.08340072564	0.09061851498	0.05914126716	-0.01952173735	0.005643940976	-0.02612859519	0.0124902879	-0.07388122356	-0.1635611237	-0.1244234451	0.02667452303	0.03438190687	0.0782248417	0.09381759428	-0.04421479353	0.0484902184	-0.0544290587	-0.1652827765	0.07302567998	0.063322254
0.1629496226	0.02973927307	0.108088574	0.100718247	0.004934061333	0.05293416431	0.04687393204	0.0654061945	0.09635096235	-0.2030792161	-0.1935244728	-0.1963222288	-0.1852703941	-0.1853492886	-0.1926746891	-0.1829128313	-0.2006145412	-0.1953072591	-0.1917318947	-0.1879377861	-0.05644333056	-0.06900082513	-0.1836183813	-0.07488589842	-0.0678227462	-0.1940058111	-0.1913239901	-0.1852274333	-0.192532268	-0.06637114849	-0.192114486	-0.08370501084	-0.05567475271	-0.1438207549	-0.07912963522	-0.1844930101	0.06262737539	0.07258605855	0.09147007996	0.009668290414	-0.03826871027	0.0473815042	-0.2115298922	-0.06805788691	-0.1963695586	0.002193791322	-0.05747749012	-0.02123450176	-0.0641222644	-0.06119886856	-0.05835301449	-0.04841291376	-0.1876038708	-0.1879336742	-0.1794503064	-0.06869335411	-0.06186948191	-0.06077490912	-0.2117980454	-0.2052349336	-0.2021587629	-0.05388429282	-0.1839711232	-0.05643617945	-0.05630220691	-0.03825281254	0.02273859434	-0.01500157178	0.05814144104	0.06179708082	0.05050972711	0.0666608657	0.06356734402	0.04794799978	0.0841513444	0.2828677134	0.009000388314	0.01072896887	0.08692783107	0.0817217522	0.05152788669	0.04022146576	0.1456351688	0.02585414522	0.1057341907	0.1552486541	0.08035001039	0.00340504693	0.06638199456	-0.04125781927	0.1326960554	0.03869674718	-0.04054285856	0.1134410068	-0.01227944457	0.03723152195	0.008886607982	0.1015796173	0.1208495799	0.008886333377	0.1000512683	0.08570640563	0.03370126524	0.007176215694	0.04502736181	0.05479401437	0.06802852306	0.08505402114	0.007369612547	0.1004635661	0.1273089036	0.05019244524	0.05605624157	0.1733605887	0.1671876321	0.08537287886	0.0332279109	0.102928467	0.1323146005	-0.008764569392	0.0765784711	0.03802456766	-0.0007097199556	-0.07465794245	-0.02215059331	0.01063138158	-0.2070106606	0.04217575645	0.0624383765	0.04610766357	0.08536711756	0.02075852641	0.08290296227	0.1188516551	0.0221774987	0.01181178685	-0.07874310579	0.01029108207	0.03766745552	0.05263174911	0.04129488066	0.1085529406	0.07214488919	0.1104002686	0.1381649983	0.1411056916	0.06896785567	0.08854356281	0.05116098538	0.07726591013	0.04444749864	-0.02472795108	-0.03746088772	-0.01700949002	-0.03371524302	-0.004858597231	-0.03500685699	-0.0720260572	-0.02001719463	-0.02820002713	-0.04505116024	0.03912806035	-0.03145192759	0.1801263147	0.08879196937	0.1008942885	-0.105423798	-0.08029949374	-0.1070609499	-0.1092772048	-0.09620144467	-0.08530953968	-0.03265469461	0.04666266238	-0.006005505144	-0.01150213415	-0.09142926142	-0.03293601917	0.03004637233	0.1005311751	-0.0186767845	0.1448473635	0.01070367667	0.03547596161	0.03964479329	0.0524283381	0.05131943746	0.08810303856	0.1272106376	0.2302246694	0.09593478724	0.1002592677	-0.02036806116	-0.01816553729	0.01628116927	0.02609977513	0.01307347774	0.03660264985	-0.05318972359	0.0894766854	0.03517051198	0.02707159638	0.05627429664	0.08024066464	0.01193797189	0.05271468484	0.04031616075	-0.0263375471	-0.02384975457	-0.05599228687	-0.06225133745	0.1236072291	0.08727745527	0.1092602277	0.009146544817	0.07685250819	0.05662575482	0.06866164456	-0.08626834068	-0.1805479153	-0.1435034374	0.0008046968296	0.03943178454	0.03094907017	0.2105880419	-0.05678916383	0.03750136311	-0.03814382014	-0.1819948886	0.05680653728	0.04090347446
0.01036354173	0.05285762779	0.004163000338	0.02929117917	-0.02615172339	0.0655686496	-0.02048716344	-0.00697600882	0.1121695448	-0.1441871106	-0.1385543871	-0.1376014088	-0.1341620158	-0.1322991453	-0.1300094327	-0.1478250011	-0.1446302969	-0.1358891699	-0.1137983481	-0.1541538721	-0.01390593694	-0.02968472454	-0.1231921087	-0.002391975842	0.01230707952	-0.1452537514	-0.1402987223	-0.1337848058	-0.136560648	0.005757873446	-0.1358299471	-0.005339580271	-0.006905208362	-0.09566117714	-0.02995555447	-0.1322758468	0.0110662096	0.0009289695629	0.009386034338	-0.02922079703	-0.008320452105	-0.01515246108	-0.1348807642	-0.01380286896	-0.1431359085	-0.003827205611	-0.02007873164	0.02010378986	0.01366839468	-0.04110986487	-0.004000880396	-0.001885726921	-0.1439356005	-0.1314139582	-0.1312377641	0.004848769033	0.01196376483	-0.001290385984	-0.1402006933	-0.1511033942	-0.148417719	-0.03450868146	-0.1295306426	-0.006269000581	-0.01792335107	-0.004486760936	0.05020451508	-0.00613289717	-0.007068041027	-0.001629768272	0.005017530145	0.03437959939	0.03630422852	-0.008785676587	0.1037150459	0.009000388314	0.3988901915	0.07793962878	0.02504795075	0.0113384154	0.04980519173	0.04729566473	-0.03398234838	0.06345776379	0.04013662817	-0.013813285	0.03585587135	0.02741308042	-0.02210235622	0.1081209124	-0.01325694826	0.03414362506	0.006374471437	0.02248908826	0.0009558738973	0.01544993197	0.01562435951	-0.03266268278	-0.004270415122	0.05335822971	-0.05852230696	0.01293485566	0.06042465337	0.1105377416	0.1132667569	-0.01205317621	0.003405492515	0.06075439424	0.05774648942	0.03601372047	-0.01366627005	-0.01070397984	0.04816701414	0.002841319486	0.00321230198	0.05050465012	0.006575360407	0.007485508602	0.01558426574	0.04027273314	-0.006628403279	0.1842322393	0.02281135458	0.07462835272	0.04592613803	0.06514656469	-0.1326422383	-0.002332096222	-0.01455379856	0.04769832942	-0.05647159517	0.005320546895	-0.04212956282	0.0004632783448	0.0337234385	-0.04146765529	0.02720474971	0.0150082373	-0.03327176178	0.1048292216	-0.006236593474	-0.01486556719	-0.03730081332	0.08315586591	0.001962188137	0.003996023896	-0.01350384694	0.06450592223	-0.02664641289	-0.03510702238	0.06112170691	-0.03108001659	0.0244832573	0.04351881903	0.02730345974	0.0127275161	0.07336144048	0.05638855342	0.06149603329	0.05327548317	0.03225620447	0.1237515341	0.03221867685	0.004021443942	0.0386853078	-0.0197092551	0.0119328606	0.01074782642	0.01799721781	0.01568760492	-0.006066838694	0.07273497171	0.07566099883	0.00633624236	0.02146685471	0.01875535799	0.0137366368	-0.01623677025	0.006089750332	0.04508670431	0.02883556866	0.01024714311	0.0005105337293	0.02139177095	0.1252815796	0.08611824374	0.002680328042	-0.00621573261	0.003203789514	0.03684380621	-0.06691063709	0.02161334601	0.03834385891	0.04572409606	0.0653648234	0.01206316354	0.08281772728	-0.02260116087	0.04746874886	0.07491001617	0.1053940107	0.1031788688	0.04229478408	0.06767583817	-0.02186021081	0.06714259908	0.01819567984	-0.0009494570862	-0.007603144358	-0.009228615588	-0.02121387084	0.01587049491	0.009980915448	0.01671778755	0.06209832973	-0.0001816518899	-0.03047037825	-0.01363299421	-0.02945359317	-0.1335778649	-0.1042443787	0.07260986313	0.06393958431	-0.008164142908	0.03172976031	-0.002047605131	0.06935268839	-0.03483275657	-0.1162655621	0.01990202016	0.08040628674
-0.007432244322	0.01639663745	-0.004103741029	0.03842248573	-0.02030406522	0.02021087226	0.008988100354	0.00185169308	0.05092271067	-0.1290577701	-0.1606315421	-0.1564568616	-0.1540045294	-0.1297243648	-0.1372138726	-0.1606404073	-0.1269287763	-0.1561223284	-0.1198966013	-0.1327768023	-0.05182326078	-0.01253533808	-0.1295879801	0.0384257473	0.01356159027	-0.110429368	-0.105289046	-0.1296657355	-0.1065791957	0.003289794944	-0.1071072698	0.01483415275	-0.0522475908	-0.09777269475	-0.01654129481	-0.1368069009	-0.03213689595	-0.0342239997	-0.008301796276	-0.03608522282	-0.02996845928	-0.04543336882	-0.1048843324	-0.008878411491	-0.1119032376	-0.06295666383	-0.01990455325	-0.0135152498	-0.003346444247	-0.05629061051	-0.01055499121	0.04473630003	-0.1423440472	-0.136369657	-0.1295109464	0.006281083628	0.008978612074	-0.04887508601	-0.1077259313	-0.1224706511	-0.1028590308	-0.03293999541	-0.1231634905	-0.04715540477	-0.04087922317	0.01245855207	0.04133975613	0.03565696929	-0.002929152134	-0.01455898197	0.03274988721	0.05824989752	0.05855597117	-0.04749578033	0.03242938313	0.01072896887	0.07793962878	0.4244620689	-0.01693396071	-0.009114853964	0.007861919636	-0.009003980016	0.03596424976	0.03801280613	0.01893797744	0.03854265781	0.07520310058	0.01798501047	-0.04432316709	0.02532623628	0.03331498812	-0.01343808564	0.03989486693	0.01379834754	0.0485206436	-0.02105080725	-0.003628076075	-0.04932781963	0.03835538923	0.1795149622	-0.05018223521	0.05256248436	-0.02730763187	0.1968686407	-0.006300788534	-0.01788619241	-0.01364192661	0.03997682687	0.01765266007	-0.005455094852	0.008188047597	-0.04967965265	0.01769298762	0.02987544085	-0.004252963446	0.05036159347	0.001105455702	-0.01095933084	-0.01327538947	0.01001010213	-0.022261686	0.07019324034	0.1123259787	0.1092703336	0.1320613595	0.03125077056	-0.1032123657	0.04481839643	-0.01076119416	0.01157512947	-0.005512263031	-0.01855625958	-0.04549402337	-0.003837778097	0.01572442005	0.01545570472	0.07576179276	-0.004254635382	0.02829580647	0.07809555642	-0.01995583158	0.005122351316	-0.02844693405	0.03404439354	-0.01545135648	-0.013824599	-0.01165463979	0.04154774058	-0.02166373525	-0.02691942915	0.07531622693	-0.00163720318	0.03928146224	0.04211196565	0.06704907918	0.02233823637	0.06724199722	0.0571688262	0.06510047274	0.05523020025	0.01419109926	0.04726218175	0.08129942101	-0.03016206523	0.002459654186	-0.03976629725	0.01419762072	0.1034807457	0.1113563958	0.05439492187	0.08464759358	0.02158629038	0.1366276537	0.06703775472	0.06095366926	0.1035183072	0.09543056135	0.04402097214	0.05167791321	0.014033624	0.00366513296	0.02610760784	0.06849931565	0.1134264783	0.1399957238	-0.005192422004	-0.005639265882	-0.001463407068	-0.01838338771	0.006728839897	0.01893514292	0.01873343939	0.06273136671	0.06529183866	0.009537215887	-0.001980881986	0.03189224527	-0.002900985092	0.06904550632	0.006911087596	0.1320833499	0.1139448477	0.01309169491	0.006686163655	-0.01569299504	0.005022551059	0.0009960497517	-0.008278026574	-0.05327147334	-0.02582617098	-0.05358915775	-0.00950302225	0.004620382714	-0.0007627405349	0.002098501917	0.1004473182	-0.02378373472	-0.02092066011	-0.02510294351	-0.1721080426	-0.1028939249	0.1500198929	0.1418479981	-0.05326270356	0.01221028669	-0.01842808637	0.04629360769	-0.01299944663	-0.1486607431	0.002417524234	0.03428248125
0.08176911711	0.07998728071	0.1061825954	0.07440723232	0.04997733184	0.04072629492	0.0436807617	0.05815732465	0.04758914452	-0.1941844858	-0.185282293	-0.1894323143	-0.18081446	-0.1865220452	-0.1863497572	-0.1764212309	-0.193631319	-0.1951270515	-0.186409423	-0.1800760343	-0.05061381988	-0.06945817546	-0.1837975224	-0.08286463421	-0.07404588914	-0.2013914215	-0.1919820124	-0.1831372062	-0.1935167215	-0.06675017207	-0.194536852	-0.0758003103	-0.04523133997	-0.1337567377	-0.07970046159	-0.185315929	0.1113383815	0.08133836457	0.08909703051	0.01208624574	-0.03894580654	0.05153772791	-0.2043842977	-0.05497623176	-0.1938338134	0.02089287956	-0.05786013205	-0.00808446358	-0.08200088542	-0.05722544184	-0.06141117628	-0.04570580459	-0.1868582655	-0.1851820063	-0.1811435689	-0.07527109666	-0.06549973496	-0.0570842672	-0.2108596366	-0.1968733923	-0.1971025175	-0.03206725678	-0.1842357148	-0.05866021033	-0.05826990235	-0.04286095254	0.04104386223	-0.002326431355	0.06744525358	0.1297352319	0.09003806573	0.0879429372	0.08834710745	0.1257315005	0.08842892144	0.08692783107	0.02504795075	-0.01693396071	0.3358130225	0.08061035361	-0.02278936846	0.007987481231	0.06097324568	0.02518691294	0.03961062783	0.06869651501	0.02454653062	-0.005299832271	0.022210887	-0.06351708083	0.04245243408	-0.004270644127	-0.03064455156	0.1027995075	-0.0001434730897	0.003914958133	0.0007964043583	0.03236936811	0.1010669576	0.0116821453	0.04998695805	0.08392427148	0.04663840237	0.01599069926	0.0251622415	-0.0231925878	0.001396335441	0.1009371528	0.04963456507	0.1196193517	0.07877156631	0.04613379654	0.09966443392	0.05992832674	0.0663219931	0.06201646602	0.002596039628	0.118801938	0.195427189	-0.004308543965	0.01612421156	0.09737685392	0.06615139745	0.03196982184	0.02543500035	0.07260979817	-0.2002082901	0.1299892712	-0.002516537448	-0.0182843524	0.02658082607	0.008968259434	0.02256405782	0.04524554651	0.07066128325	0.02890226951	-0.04500679209	0.002220685464	0.02184745993	0.07970274241	0.05578020887	0.1079834788	0.01165946133	0.1663291466	0.1955078022	0.1950624256	0.09641843358	0.02994543576	0.04812213506	0.01613955292	0.0972582567	-0.04105294932	0.000589324868	-0.04076919985	-0.05475355998	-0.01447618678	-0.06604587867	-0.1023493744	-0.04849109299	-0.05114663512	-0.06144110867	0.02378014971	-0.04283481382	0.09007607	0.1500314247	0.01635450688	-0.09223592794	-0.03308053752	-0.1030312311	-0.0547540521	-0.05062187643	-0.100137726	-0.05174469844	0.08112239895	0.01455162836	0.01682930507	-0.04362335311	0.03974656439	0.1258539931	0.0514785811	-0.0444490521	0.0633998086	0.051982697	0.06451228591	0.01684421065	0.06200347317	-0.01149897111	0.09208242232	0.15544729	0.09632256952	0.04971524823	0.0919103745	0.03121971037	0.04930536984	0.08856507458	0.08838919746	0.08373391028	0.05856942761	0.02851817852	0.1418737152	0.06974815578	0.06232441035	0.07545714531	0.1721752151	-0.0006029925466	0.07172316041	0.03797970375	-0.03463477354	0.000811805229	-0.02579713866	-0.05438738777	0.1566403549	0.07061906773	0.1262018377	-0.05268771869	0.0477705638	-0.001373077455	0.01161425621	-0.0724583224	-0.1717716389	-0.1341191699	0.05687038492	0.03070104549	0.06195191659	0.09713920233	-0.06771145074	0.02821230921	-0.01396292133	-0.1815432118	0.07514222518	0.05400372455
0.06097092491	0.06247461815	0.1054953329	0.1034869698	0.0704877111	0.02292602139	0.1049659169	0.1148964704	0.1003689798	-0.1939126174	-0.1841404379	-0.1873489982	-0.179334909	-0.1839128057	-0.1861868731	-0.1819216576	-0.1934157901	-0.1899080028	-0.1868993674	-0.1852532622	-0.008699818375	-0.03092800974	-0.1812343825	-0.08329708397	-0.06838711647	-0.195080177	-0.1875196236	-0.1862076213	-0.191106943	-0.07593877558	-0.1838922212	-0.05172657711	0.05634657056	-0.1381676516	-0.03077513741	-0.1808330719	0.1631225139	0.1956972509	0.253844882	0.1367270311	0.04716939264	0.1774907903	-0.2053763444	-0.05706723084	-0.1991381667	0.08038705683	-0.06333601736	0.04998748619	-0.0742044736	-0.02572422713	-0.06289573669	-0.03647207042	-0.185759875	-0.1839510124	-0.1757457376	-0.07287479861	-0.06443209458	0.007969944271	-0.2021088548	-0.2014933238	-0.1983011023	-0.01663199298	-0.187901199	-0.03695900817	-0.03554751648	-0.01770457462	0.1096290265	0.1024089445	0.1372194768	0.1397029377	0.06153585713	0.04804092796	0.04344124103	0.0477342484	0.08458997911	0.0817217522	0.0113384154	-0.009114853964	0.08061035361	0.3121606382	-0.04648482876	-0.01212964769	0.06181589518	-0.007312715557	0.06509651192	0.04109758033	0.01109365136	-0.00279193516	0.002000484127	-0.0619812286	0.01137086619	0.009673726246	-0.03968042221	0.1977558974	-0.03918272133	-0.008076758122	-0.02407723726	0.003321853679	0.1044814767	0.009275353638	0.02229069917	0.09916743373	0.08296836883	0.01671349863	0.07354748681	0.004362330023	0.008068295347	0.08548508296	0.003138817226	0.04097758501	0.09422713264	0.1614557504	0.06786457476	0.0304228825	0.08381738345	0.02619603292	0.01744571699	0.04270829375	0.1155655723	-0.01786893957	-0.01922939974	0.01703206567	0.00859109332	-0.09649682834	-0.02358966505	0.0216971748	-0.2012088128	0.03833330369	0.009458738333	-0.01350001847	-0.02570408107	-0.02651774598	0.004629182181	0.02149686575	0.04839719583	0.01959575093	-0.0121536005	-0.02259634185	-0.001726473014	-0.00137282302	0.0666204248	0.05713438165	-0.005518222394	0.1192009764	0.1158465079	0.1187972797	0.173066323	0.004765210938	0.06689393919	-0.0006045932049	0.02857702401	-0.02923432145	0.005445893639	-0.009928244515	-0.04249704249	-0.00374781253	-0.06181273345	-0.1010754018	-0.04506065355	-0.05207991916	-0.03033292474	0.07749709004	-0.05938278319	0.08249586619	0.09142233185	0.03292642988	-0.1033698027	-0.02500638948	-0.07212586133	-0.05477611476	-0.05263834	-0.1122373319	-0.03418096378	0.08968131027	0.003893491279	0.0097306595	-0.0352578144	0.01426200345	0.06036907594	0.07011856989	-0.03914648154	0.0359135918	0.04893292722	0.06641865868	0.04904382922	0.04117919187	0.01473273813	0.09850902746	0.1218070645	0.06139051519	0.01308805953	0.1221112525	0.01607035811	0.02818590118	0.03166858284	0.04250335673	0.04824722562	0.07339512127	0.004223796925	0.08348132601	0.02198462222	0.01681315609	0.01433872266	0.07763926001	0.07232869488	0.0314632255	0.1685987894	-0.0229303395	-0.005419082233	-0.04695497207	-0.008744332147	0.1088733233	0.1395851608	0.03369768492	-0.05431306058	0.06425374023	-0.004812963075	-0.009652843448	-0.004337028699	-0.1820686088	-0.1298504089	0.07213134637	0.02721641353	0.1356128107	0.06760821662	-0.06609976888	0.05609799005	0.03550938975	-0.1737184891	0.1095464084	0.04083348013
0.05278780909	-0.02441400382	-0.01654950358	-0.03259174219	-0.04666721551	-0.03093346478	-0.02535133525	-0.03930952613	0.01239252656	-0.1243602579	-0.1143504116	-0.1183751922	-0.1241353853	-0.1161043212	-0.1080439004	-0.1321522249	-0.1243314022	-0.1217248148	-0.07616276296	-0.1393790882	-0.002218735949	-0.03643489819	-0.07553584891	0.0256299971	0.0351426978	-0.1299599026	-0.1244060849	-0.1229611132	-0.1185663096	0.01916699273	-0.1229159916	-0.04481669597	-0.06499594189	-0.03994818802	-0.06173114441	-0.1146105427	-0.04054018514	-0.05096772878	-0.05096871777	-0.06145597661	-0.05710358959	-0.008684949351	-0.1145249055	0.03428701097	-0.1295331003	-0.00589299551	-0.04074533051	-0.02044783848	0.0251103452	-0.02726474233	0.0200582756	-0.04785342539	-0.1226559294	-0.1106788879	-0.1309640519	0.02353411374	0.02776648055	-0.01796686536	-0.1263656465	-0.1240666574	-0.1048237144	0.007482080782	-0.1105886207	-0.04563400863	-0.06372241818	-0.04310182485	-0.008050558696	-0.07289345784	-0.0496516107	-0.04430772829	-0.0007825761382	-0.01647004668	-0.01526156475	0.008883216361	0.01606302216	0.05152788669	0.04980519173	0.007861919636	-0.02278936846	-0.04648482876	0.4473775872	0.2472959149	0.1362797237	0.00524011077	0.03165464009	0.1212400583	0.02332276215	0.07291505174	0.1316326639	0.1848891361	0.1031769526	0.1051986188	0.004481583898	-0.04862824936	0.129958897	0.1192332598	0.08098928272	0.2217503374	-0.03117895023	-0.03871490762	0.1267663612	-0.03011820772	-0.02284501159	0.01255069631	0.004252889858	0.1329050882	0.1070322185	-0.03705776971	-0.02818754537	0.02469823259	0.06413739995	-0.01294130091	-0.04143680438	0.04494035873	0.09710052519	0.004231634837	0.05956084816	0.04204869836	-0.01430566109	0.08674519934	0.1488146696	-0.02965774501	-0.03368932791	0.05713409376	-0.01525042258	-0.05519162543	-0.1121351854	0.01091219117	0.1216160513	0.1452863838	0.2046939495	0.1109073731	0.1857943155	0.1473281437	-0.06232184316	-0.01029170802	0.004770073731	0.07741772139	0.04007279296	0.0468028672	0.001506686415	0.01585190585	0.1498887431	0.01442918987	-0.02484594406	-0.02445049215	-0.06063691132	0.06554198472	-0.003584915116	0.1261160538	0.03346241493	-0.05209860398	-0.01334397061	0.0194436038	-0.02906808651	0.004122100892	0.003952919883	0.003007606145	-0.002758913527	0.007257815811	-0.009464782421	0.02202110198	0.03234450437	0.08853860825	-0.03378440227	0.106583196	0.01060439357	-0.02968542203	-0.02768758226	-0.01167427663	-0.04026714631	0.02145952541	0.1081481696	-0.02739570393	0.03009387474	0.0157966374	-0.01872200943	-0.02121036383	-0.03388140196	0.0326752067	0.06486396643	0.01447356129	-0.04435269428	-0.04642790878	0.01547787308	0.004827797786	0.02191472948	0.0001891440897	-0.01757522224	0.07075549055	0.08677793598	-0.05669065881	-0.01845257613	-0.04001425019	-0.04527131765	-0.0339085502	-0.01622930926	-0.02146172334	-0.02618291026	0.03726488496	-0.002336254235	0.03801406241	-0.001704734819	0.02922977735	-0.03140512276	0.04547521508	-0.06092725292	0.01559958342	-0.0258730068	-0.0384723156	-0.01346341599	-0.02077651297	-0.03930200321	0.04729003268	0.253468448	-0.02247069065	0.1442816643	0.1607699173	-0.03334958936	-0.09009103961	-0.0585300542	-0.05181161482	-0.02954766782	0.009120989644	0.0379263898	-0.00758161974	-0.02946298491	-0.04631946255	-0.06843255323	-0.03470575703	-0.03429886234
0.03592071913	-0.04128209885	-0.000938310301	-0.02427810941	-0.03562893132	-0.04991647879	-0.04080592689	-0.04561718013	0.04605745727	-0.1176029934	-0.1122686874	-0.1121801961	-0.1174728646	-0.1208427259	-0.1134587815	-0.1284370917	-0.1162072078	-0.1164175327	-0.09414643447	-0.1349177294	-0.03131531311	-0.04331950165	-0.08016465362	0.006112721344	0.02449013974	-0.1269175166	-0.1219043901	-0.126127859	-0.1250913689	0.01424967133	-0.1269695381	-0.06977082622	-0.07951261497	-0.04930982845	-0.08682172725	-0.1211173361	-0.02236899663	-0.02171037915	-0.03455623339	-0.04144504809	-0.06578164752	0.004972788481	-0.1246775721	0.03023145022	-0.134953333	0.01185517035	-0.062904501	-0.05673116044	0.007433932509	-0.03537395917	0.009575247386	-0.05408000358	-0.1209350771	-0.1172525419	-0.1323164005	0.01445414508	0.01586689244	-0.02712305354	-0.129112844	-0.1269104053	-0.1136401587	0.005356981396	-0.118963666	-0.03926244979	-0.05018318627	-0.04075999888	-0.01078415823	-0.06840872887	-0.05342066092	-0.039961916	-0.00392131099	0.01210254591	0.01176407719	0.03209656513	0.04670167985	0.04022146576	0.04729566473	-0.009003980016	0.007987481231	-0.01212964769	0.2472959149	0.4302929667	0.05264691617	-0.01736367948	0.03606905577	0.07310500973	0.04298436356	0.1212489419	0.08855799777	0.2536613639	0.07071869512	0.165109479	0.02546268039	-0.03424131537	0.1518123019	0.160932417	0.1254397073	0.1510868631	0.006694205947	-0.05840770265	0.07926152219	0.001989779835	-0.00965652502	0.004438127617	0.005278205486	0.08367419694	0.1800914246	-0.07224468436	-0.04740697342	0.1074390988	0.04806419758	0.001803797007	-0.02906351859	0.05157177654	0.05654198008	-0.01882686233	0.1235676962	0.0513247545	0.01150340986	0.1436936034	0.1031175481	-0.04720768102	-0.003591097753	0.06621452257	-0.03224056648	-0.07103485073	-0.1224451624	0.02427506389	0.1595919083	0.1100901494	0.122344032	0.1285175481	0.1079253843	0.1143683732	-0.07158380266	0.02082151669	0.005737026525	0.1294359785	0.05621858493	0.01109256039	0.005659154268	0.02880613545	0.1527809754	0.02497137178	0.006290408537	0.005955734418	-0.03637437143	0.08758743927	-0.0200467544	0.1320004274	0.03069711045	-0.03142179457	0.004946012175	0.01120616645	-0.02104102757	-0.01178829363	-0.007583808091	-0.004139917744	0.004347908066	-0.0216462372	-6.207771936e-05	0.001720529056	0.006512637331	0.06936015351	-0.003976117756	0.05458253358	0.01096711305	-0.04419624456	-0.03580281134	-0.01728333965	-0.03565502139	0.03083324356	0.05358233229	0.003726744764	0.01127676913	0.0464590229	-0.03348265851	0.01974678642	-0.003235613022	0.03699853497	0.06181519521	0.04573284613	-0.03019754628	-0.03505372644	0.02194686247	0.02994976859	0.06314244212	0.01314312069	-0.01537448626	0.04226843331	0.05903093014	-0.04388778772	-0.05125082551	-0.06715376275	-0.0349723535	-0.06602418163	-0.04812227103	-0.0104373231	-0.04461215731	0.07297020526	0.02973199798	0.01473677064	0.07315664027	0.0441205568	-0.05151358621	0.04944483198	-0.06867923188	0.02202419368	-0.03293794901	-0.05152514936	-0.01349921676	-0.01268928391	-0.04636191979	0.05218122583	0.2056322562	0.003122380411	0.1160822639	0.1504664509	-0.04830709961	-0.08064422565	-0.062495756	-0.05948190056	-0.05621915026	0.01505652208	0.05148108872	-0.04184667006	-0.02959247959	-0.05978759733	-0.07240445829	-0.003831498511	-0.0347227931
0.1010005415	-0.01087756662	0.08919525628	0.03462914479	-0.01157006809	0.0007234440579	0.0153183647	0.03319970932	0.004389075004	-0.1377062321	-0.1615497756	-0.1663658753	-0.1563204859	-0.1572244266	-0.1698669332	-0.153496564	-0.1358290361	-0.1672103557	-0.1641943503	-0.1227934287	-0.06514084563	-0.02616257883	-0.1547514317	-0.02364299021	-0.0638134015	-0.1394251451	-0.130605236	-0.1647259361	-0.1296549957	-0.06669592903	-0.132522284	-0.03968758227	-0.05969577567	-0.136971505	-0.04003125878	-0.1617232163	0.04769107485	0.06260838085	0.06433878107	0.01998018594	-0.04191623994	0.03568121712	-0.1397594906	-0.06217953668	-0.1461372974	-0.0121365222	-0.0628552015	-0.02753554837	-0.0661660359	-0.07549948518	-0.06823506629	-0.01701005193	-0.1655464383	-0.1564010085	-0.1523101723	-0.06972464472	-0.06682666544	-0.07505395684	-0.1413878113	-0.1392758404	-0.1421256301	-0.007659640541	-0.1620070152	-0.06673989609	-0.0672408922	-0.05981880419	-0.01233534478	0.01959043743	0.0181844303	0.04323075808	0.01878802602	0.06575364434	0.06658651716	0.008160928767	0.03181190752	0.1456351688	-0.03398234838	0.03596424976	0.06097324568	0.06181589518	0.1362797237	0.05264691617	0.3399017288	-0.01497355916	0.09041834917	0.2314322832	0.07904804605	0.005092932395	0.1180844984	-0.07995115799	0.1959043733	0.03033323168	-0.05117250489	0.06671190502	0.003461569167	0.02061670537	-0.01248974665	0.1972624351	0.1373807547	0.02062266972	0.171626594	0.02738079992	0.002952892521	-0.04302811241	-0.004865334123	0.1070882464	0.01138792033	0.04533061505	-0.009933118254	0.02751177653	0.1418276957	0.0349288655	0.007577784524	0.1220611253	0.2062866616	0.03072257709	0.0008020598888	0.06756937982	0.09105600995	-0.01752120757	0.09361316694	0.003119548414	-0.02603325803	-0.08341572196	-0.01925401879	-0.009664944484	-0.136402741	0.003242173932	0.02679463151	0.02240382638	0.2441196602	0.04636567613	0.1872666129	0.175203542	0.01042961329	0.02483154968	-0.03918254518	-0.01112507092	0.09894905299	0.00303118866	0.0561693961	0.07132338333	0.1075249869	0.07348671608	0.0862993484	0.08937652351	0.04049958334	0.05493560269	0.06500575453	0.1120138304	0.000247175924	-0.06600117552	-0.03171937647	-0.04951771026	-0.07195700066	-0.03318070183	-0.08166040659	-0.09476188635	-0.06956688525	-0.0661089587	-0.06437287134	-0.01892831978	0.01301847515	0.1797979208	0.04370116679	0.1162043589	-0.09631979422	-0.03313050773	-0.06907044414	-0.09449542844	-0.04461885036	-0.1021287063	0.02107627504	0.05635117207	0.006998251988	-0.02447485899	-0.04361213454	0.03879305741	0.06567616724	0.08619607581	-0.03104269055	0.07301747915	0.05745197216	0.06192916337	-0.02867792628	0.02806907179	0.03898698079	0.06655748627	0.06915251739	0.1292565818	0.2073978373	0.05594278175	0.02702944955	-0.004986956308	-0.01615302693	0.03371704696	0.01468501303	0.05034609696	-0.02216950826	0.04070761885	-0.01419683646	-0.01399404071	0.00401245509	0.04182213402	0.004852559638	-0.008308385662	0.008232059076	-0.03367906681	-0.04417085412	-0.05058801824	-0.07857111683	0.068083235	0.03394120416	0.1241737237	0.03549210779	0.07076933103	0.1822172044	0.1045164959	-0.03675853357	-0.1649955801	-0.1342070614	0.05053782722	0.05543632028	0.03549049015	0.1055705595	-0.05265366348	0.004543148527	-0.04083698985	-0.1661688861	0.03732890379	-0.006971836356
0.03151603768	0.05228190854	0.006379613138	0.04833598544	0.05354528609	0.05939290858	0.01687111799	0.001964901524	0.0398108903	-0.127592775	-0.1221462024	-0.1228517094	-0.1221630382	-0.1130149046	-0.1068053317	-0.1177357618	-0.1265371709	-0.1316339321	-0.1185009038	-0.123258832	-0.03666595009	-0.06263250753	-0.137629562	0.01743624611	0.03197945224	-0.1197087962	-0.1151997865	-0.1022951099	-0.1164045119	0.02020158033	-0.1200134477	0.01279372786	-0.06650240861	-0.08739730687	-0.01548184145	-0.1073335291	-0.01325550005	-0.002774589267	-0.00941684054	0.02016574487	0.0004824825008	-0.00265150923	-0.1053402065	-0.02655514226	-0.1094811552	-0.0343238225	0.01701107236	-0.03740417638	-0.01955246073	-0.03761922412	0.006011941771	-0.05126262396	-0.1074136384	-0.1097278307	-0.1033875245	0.02177769395	0.0267412456	-0.03570522323	-0.1259327703	-0.1266153745	-0.09318389707	-0.06185960283	-0.09660696066	0.00814733549	-0.008118148408	-0.04755348502	0.030894643	-0.03760863121	-0.01396947618	-0.004348160949	0.04220857874	0.04631204351	0.04490565552	0.004336632365	0.04226971662	0.02585414522	0.06345776379	0.03801280613	0.02518691294	-0.007312715557	0.00524011077	-0.01736367948	-0.01497355916	0.3969909236	0.05358496045	-0.02263777397	0.005870154305	0.04453473833	0.0175665224	0.01938879995	-0.02341688373	-0.001592709932	0.06345486749	7.390321889e-05	0.04305761286	0.01866724323	0.05185991746	-0.02762114406	0.03510845745	0.06666093289	0.01828674846	0.008959479156	-0.04775291367	0.05746692519	0.05847364235	-0.04841824264	0.02159776954	0.04844240142	0.02079424359	0.03568291497	0.0008298453951	-0.008946124256	0.07275891544	-0.006755356847	0.004054795373	0.06575070493	0.01892169334	-0.01183724164	0.02796618947	0.07149882348	0.00676804339	0.1019871221	0.02738898547	0.0520928353	0.01190199706	0.03032148982	-0.103579354	-0.02103048439	0.01701203808	0.03486403972	-0.03597999884	0.02893510078	-0.009112761978	-0.01966754848	0.06533538033	-0.003079846846	0.0244065497	0.05115043251	-0.007668577352	0.1254898341	0.02515221357	0.01591621847	-0.008823305506	0.01672836113	0.02276690919	0.02586321453	-0.01822713665	0.05954039115	0.01275707813	-0.003394327531	0.02804550687	0.04418357281	0.02417558189	0.0386332304	0.06096156122	0.01203651428	0.03967055173	0.01086721993	0.06882174317	0.01689310689	0.05634496652	0.07908955534	-0.01020495085	0.00342271622	0.008031267246	0.007269093398	-0.01171536735	0.03327024968	0.02515028231	0.03431571675	0.01897752473	0.02177786056	0.075787007	-0.002530149218	0.02070546474	0.01180614287	0.03847721204	-0.0102152366	0.01204821727	0.02834973629	0.03626650247	0.0181694519	0.04787580899	0.02942648053	0.09426484294	0.06251292241	0.004331618492	0.01215952148	-0.007391923055	0.00290768341	-0.02682860415	0.05069387154	0.01936111366	0.01953119271	0.02133211318	0.02206354661	0.036296843	0.003718431397	0.01740188236	0.04332263332	0.08218256006	0.09255515607	0.05104496255	0.03586816883	-0.01376525091	0.07683638275	-0.01880812575	0.01164262792	0.02895488625	-0.0226114518	-0.03785508632	0.0003447041827	-0.01387754292	0.03017095096	0.004050203666	0.02563169801	-0.01879434702	-0.007844812207	-0.07593927272	-0.1446633314	-0.09228608761	0.01963321231	0.04711680369	-0.01914892714	0.04307641377	0.01320508067	0.03228856015	-0.005438442314	-0.1381034442	-0.006720072764	0.07354843181
0.07127391065	0.004993840405	0.0688494544	0.06410288412	-0.007904500121	0.02411059079	-0.007619030658	0.01507835166	0.09979340651	-0.1819679764	-0.1744736193	-0.1785784952	-0.1676406691	-0.171510832	-0.1725293939	-0.1692173471	-0.1838194475	-0.1784440438	-0.178016905	-0.1751196985	-0.05997429687	-0.07753356406	-0.1621954014	-0.05477410903	-0.04707806919	-0.1774630245	-0.1731842662	-0.1751667189	-0.1765146916	-0.04751126342	-0.1767617221	-0.08089458749	-0.07937336169	-0.131369867	-0.08969339219	-0.1704795639	0.03207830056	0.05926846532	0.0650882586	0.03962445742	-0.02377109905	0.05527051571	-0.1956089898	-0.04661136722	-0.1828419108	-0.008254116969	-0.04634817344	-0.04157315348	-0.04386193973	-0.06098656882	-0.035205821	-0.06559648232	-0.1751003261	-0.170195309	-0.1607687416	-0.04735336553	-0.04418961089	-0.06721106332	-0.1992859563	-0.1923206711	-0.1858301098	-0.046974689	-0.1687382233	-0.0370295795	-0.04357664455	-0.05335147599	0.0003730266559	-0.01533860721	0.02761535539	0.03336580451	0.01586076823	0.05103112445	0.05206387358	0.03302035396	0.08491383039	0.1057341907	0.04013662817	0.01893797744	0.03961062783	0.06509651192	0.03165464009	0.03606905577	0.09041834917	0.05358496045	0.3165756222	0.03489647888	0.02247196754	0.1011131705	0.1012228679	-0.006824612842	0.02273075713	0.09089366071	0.005326680307	0.0868270517	0.07631538695	0.09105161253	0.09094089873	0.0449966347	0.06599446038	0.009171238556	0.110053432	0.0258888061	-0.008124943312	-0.001687478674	0.03477743958	0.07023032717	0.07113052031	0.03390553439	-0.03000077116	0.07216767537	0.05149348781	0.06656638195	0.02638460012	0.1175690332	0.08480745377	0.001281699723	0.1653155158	0.06084573282	0.08492582489	0.07933389769	0.1103647233	0.06814261598	0.03303278347	-0.01323254509	0.01900824892	-0.02919786739	-0.1917578077	-0.008159141262	0.07091919893	0.07226056468	0.03829303663	0.08361483213	0.03891959245	0.1116404617	0.01815176169	0.01460043703	-0.03454928381	0.09247229528	0.09491627468	0.006358329349	0.05269313845	0.06210576041	0.154191691	0.07338361237	0.07639334983	0.07947832516	0.04359653379	0.1670726257	0.05846410684	0.1593654924	0.008961006788	-0.02866783221	0.03177655276	0.009642230172	0.01995937372	-0.02630059091	0.01784762071	-0.01433589675	0.02427031828	-0.009564955745	-0.007402595011	0.04174933202	-0.04329473801	0.07514602686	0.03852276001	0.1011610091	-0.07716817592	-0.06215525546	-0.0318358699	-0.03304218816	-0.04899610051	-0.02160780991	-0.005522119074	0.06351119819	0.01484389948	0.03778203551	-0.04993336299	0.01093056105	0.01390677148	0.1755508113	0.05259212008	0.1114710679	0.004985281198	0.03640416936	0.0712034586	0.095298902	0.09428112541	0.08444240636	0.05167547241	0.08436499888	0.05745281226	0.06136423105	-0.04897488496	-0.007448308989	-0.03903948289	0.01238871772	-0.001252552187	0.07673944487	-0.02777585907	0.07095612066	0.02604772508	0.01708374443	0.0868866918	0.0657904112	-0.01247787662	0.05555619827	0.01327135963	-0.0258263344	-0.04825298786	-0.0725215244	-0.06344510114	0.04533666845	0.04541761921	0.07971865507	-0.02159792638	0.05179123661	0.07324166523	0.08400276106	-0.09239065341	-0.1671770183	-0.1305694073	-0.00520817508	0.02506631822	0.03560441477	0.08715886522	-0.04710954135	0.01509427279	-0.04791087377	-0.1670195095	0.03813313981	0.002045071604
0.1417190226	-0.001122407369	0.0676187552	0.055977704	-0.01342362001	-0.008179913835	0.03039147878	0.039555745	0.03418243025	-0.144737473	-0.1677529055	-0.1712252411	-0.1627718752	-0.1649898875	-0.1776310783	-0.1574166758	-0.1427838257	-0.1730691697	-0.1710196307	-0.1287820958	-0.06553198734	-0.03333076352	-0.1634676495	-0.03470709582	-0.07294594825	-0.1456250033	-0.1397011026	-0.1747524786	-0.1378667668	-0.0730742666	-0.1390175434	-0.04758258724	-0.05679903069	-0.1445646928	-0.03807926409	-0.1686737073	0.04746779662	0.02044717202	0.04155640647	-0.02829840024	-0.06254108245	-0.004434702877	-0.1467563186	-0.06558639437	-0.1516735088	-0.04048941012	-0.05833566964	-0.03853833227	-0.0765827639	-0.07389240996	-0.07230825539	-0.01615013205	-0.1726122573	-0.16389805	-0.1603271839	-0.07595390762	-0.0754201554	-0.0714377959	-0.1479626328	-0.145161535	-0.146351155	-0.01093409041	-0.1708873313	-0.07436986299	-0.08480288045	-0.06261899434	-0.003486294634	0.006422189099	0.02183935648	0.03249626768	0.07439731323	0.07549406408	0.07521884821	0.05705327557	0.02477134643	0.1552486541	-0.013813285	0.03854265781	0.06869651501	0.04109758033	0.1212400583	0.07310500973	0.2314322832	-0.02263777397	0.03489647888	0.3365404111	0.1260629055	0.01438727009	0.1021086383	-0.07098479781	0.2361617847	0.04250303017	-0.04883018345	0.04392817232	0.01409160012	0.04180186814	0.007089420383	0.1891593288	0.1157126086	0.03164431208	0.1477807587	0.0707406228	0.03350556766	-0.007336866985	0.004917118868	0.116650211	0.002380480971	0.01494531175	-0.01083061608	0.0722263146	0.1591281458	-0.01194977882	0.008020214411	0.1263732388	0.1830382799	0.07283256264	0.0104535645	0.108577231	0.08137983936	-1.232749021e-06	0.08993361155	0.003749574204	-0.03894855847	-0.09576905021	-0.03497807358	0.02127746623	-0.1429839351	0.06288425359	0.009993999182	0.02331449075	0.2051313087	0.04346736717	0.1627934325	0.1579760588	0.0212978142	0.0507075353	-0.01629010424	0.007302644626	0.07993649047	0.02369804428	0.01883874576	0.08389921636	0.1131148405	0.05935019258	0.07873978917	0.07841230057	0.03468399591	0.05745651646	0.02796823683	0.1175733426	0.01720374261	-0.06452155514	-0.05844686976	-0.04678806044	-0.08264949428	-0.04406583878	-0.08479731927	-0.1027407467	-0.05573659313	-0.06015823198	-0.05860028874	0.009729678336	0.02929773571	0.2053115475	0.0471814485	0.07851118762	-0.07910051836	-0.01663032988	-0.07794098895	-0.08510371746	-0.03272826955	-0.09663272237	0.01722223711	0.02511479303	-0.03020126659	-0.03783893814	-0.02696480101	0.01742978434	0.07504643499	0.0466847708	-0.03561422738	0.100274768	0.04206097561	0.04957683278	-0.007176877421	0.03315982795	0.03263279562	0.06356307286	0.09025741943	0.1745530892	0.1612985664	0.0430205831	0.02665166431	0.005976229288	0.03007203382	0.02673794874	0.01825264519	0.00622924041	-0.03883232701	0.03237883231	-0.003968087888	-0.01200191718	-0.001935935007	0.05214668121	-0.01873765438	0.009134046661	-0.006205860222	-0.0355619425	-0.03415560071	-0.0512724528	-0.06269980585	0.08949040368	0.03767694642	0.1485313475	0.05886792828	0.09010593701	0.1985316264	0.1145009621	-0.03889074602	-0.1707838001	-0.1397129038	0.03855914582	0.04852778683	0.02452775632	0.1288985866	-0.05707187672	0.03113943238	-0.05092703202	-0.1723816828	0.06087329903	0.02191646996
0.05941850152	0.03528729471	0.04192933154	0.05128649709	-0.0110897058	0.00178550619	0.02703088039	0.02812891472	0.06865348662	-0.1123166223	-0.1388104792	-0.1387349092	-0.1343929891	-0.1351716674	-0.1383964731	-0.1277387299	-0.1091358049	-0.1406688186	-0.1334046804	-0.09973626691	-0.05163228035	0.005428393394	-0.1291735996	0.00967826433	-0.02595676358	-0.1103900547	-0.1042372003	-0.1358740719	-0.1030254226	-0.02511901582	-0.1065509449	0.0001064447568	-0.0242145174	-0.1056792	-0.01199618389	-0.1372994664	0.02310851285	0.005024797179	0.02038676067	-0.05213411336	-0.04409279047	-0.03730402752	-0.1119161451	-0.02576349911	-0.1172100666	-0.02909057204	-0.04104091877	-0.01350047675	-0.03578587544	-0.04119265313	-0.03140286853	0.01167091493	-0.1321074947	-0.1303681149	-0.1256983099	-0.02312558961	-0.0196985245	-0.03322361841	-0.1119666602	-0.1122457184	-0.1065384278	0.009483598115	-0.1285293179	-0.03004908875	-0.03771390478	-0.03457139619	0.005876950146	0.01090816957	0.01852562722	0.001013740875	0.05677886036	0.06784520287	0.06910215945	0.02999676493	0.04187372712	0.08035001039	0.03585587135	0.07520310058	0.02454653062	0.01109365136	0.02332276215	0.04298436356	0.07904804605	0.005870154305	0.02247196754	0.1260629055	0.3558032944	-0.0221945234	0.01498674912	-0.01285014297	0.1834189993	0.01248375914	-0.02218650947	0.02583491138	-0.04060847103	0.02641079288	-0.0002173502011	0.04085014675	0.1323195634	0.04430373024	0.02911636049	0.04643687041	0.03565390481	0.03864113795	0.02266944655	0.003198737599	0.0230401942	0.01035729065	0.07260157047	0.06198234061	0.0425121532	-0.03603329859	0.007305273212	0.06919566665	0.05736711599	0.01353826907	0.005932429137	0.1171420322	0.05084219913	-0.006513785099	0.01873212076	0.0268964233	-0.02799413854	-0.05470837659	-0.005057168753	0.03593864538	-0.1098216156	0.05183952038	0.01550817029	0.03381195992	0.100754417	-0.004977328982	0.02970512108	0.05052878512	-0.01909672299	0.07450636804	0.05020388907	-0.001892713914	0.07951194838	0.04076352446	0.006170500356	0.06196731705	0.04363059534	0.008482412096	0.05015301985	0.0499361254	0.01891346358	0.0253906444	-0.001665793709	0.04339428864	0.008061263504	-0.03020505412	-0.03967439316	0.006039663618	-0.0561705974	-0.0189667571	-0.05625705942	-0.04996487397	-0.02286246234	-0.02618252388	0.02048625991	0.006112187656	0.05942935112	0.0970264083	0.0427987141	0.01954746382	-0.03675125328	0.02830815386	-0.05649182189	-0.0405322929	0.03516263421	-0.04799037268	-0.02054048573	-0.002419119701	-0.009439595333	-0.000429939804	0.01883721485	0.02430479873	0.07258432863	0.04834737459	-0.0241731191	0.05640459068	0.0537381996	0.06840411326	0.01109663733	0.03907468532	0.02033456053	0.0507441105	0.0441717826	0.09724970769	0.0788509121	0.03726999851	0.06026641753	-0.001045029736	0.02282239048	-0.00525582298	-0.007973253138	-0.02258245923	-0.04934766678	0.01985432274	0.03805466752	0.0285441716	0.00313579916	0.01977891479	-0.002619535579	0.009242429029	0.006949109979	-0.00380804519	-0.002034648067	-0.02066004755	-0.05443194056	0.04369191896	0.03079008256	0.1035170442	0.02274463822	0.06886124707	0.05136092258	0.05040258413	-0.009664765453	-0.147080217	-0.1035268018	0.06817242538	0.05880636392	-0.00669263678	0.09717059589	-0.02160337732	0.01055533053	-0.01823258788	-0.145369577	0.03130489664	0.04557986293
0.0119245224	-0.05551411038	-0.01214923913	-0.00469711893	-0.01681041915	-0.01406438494	-0.03339231263	-0.01853281857	0.06309059435	-0.1318570894	-0.1244925744	-0.1261672661	-0.1173566004	-0.1330555725	-0.1266768699	-0.1268471835	-0.129617997	-0.1237533193	-0.1313525222	-0.134903782	-0.02516836764	-0.04977990596	-0.1232634646	-0.0144769737	0.0001075370273	-0.1353557286	-0.1290477844	-0.1395552122	-0.1343490857	-0.01140064242	-0.1343523056	-0.05964658771	-0.04887251304	-0.08212888838	-0.06431406467	-0.1296081798	-0.01533436269	-0.01768161693	-0.03265699762	-0.01519846662	-0.03470823281	-0.01321162083	-0.1437756499	-6.038006439e-05	-0.1380260081	0.01024395633	-0.03469929175	-0.05143648983	-0.01130526713	-0.03464099296	0.010060464	-0.0456195726	-0.1321217849	-0.1247089205	-0.1214014858	-0.006408926215	-0.002865727172	-0.02919254904	-0.1453364263	-0.1390643194	-0.1282930949	-0.001958409487	-0.1302370075	-0.02119587681	-0.02430835095	-0.02409992363	-0.01388972249	-0.04799537555	-0.05747223433	-0.03995680973	-0.003060681547	0.02072654215	0.01672315565	0.002620362573	0.0448988422	0.00340504693	0.02741308042	0.01798501047	-0.005299832271	-0.00279193516	0.07291505174	0.1212489419	0.005092932395	0.04453473833	0.1011131705	0.01438727009	-0.0221945234	0.403958133	0.1635374804	0.09265254236	0.01881215423	0.1150735555	0.09930590612	-0.02459031729	0.2742837582	0.1106795255	0.1651024513	0.09801342778	0.001536467325	-0.01633343091	0.08449220982	-0.00268805994	0.009562766036	0.02105791053	0.02611421112	0.07977661687	0.1051951405	-0.04952437699	-0.04723496918	0.07233381272	-0.01753180078	-0.005752745445	-0.04012857382	0.05593940264	-0.006307437095	-0.04100997544	0.1509369524	0.0415597101	0.005818417546	0.2403902704	0.1662965555	0.006678967662	0.0103294759	0.0417340809	-0.003773534902	-0.0480222976	-0.1409471931	0.0257237969	0.1015200766	0.08080121573	0.046391594	0.1818372867	0.06723369652	0.07835689073	-0.03183993613	0.03160735202	0.043899824	0.1691313932	0.112791254	0.02219545471	0.003745206482	0.05966917293	0.126215955	0.03992956399	0.001471676588	0.001159806026	-0.03490725717	0.1466046705	0.01296961281	0.1182913922	-0.002759081929	-0.003239467209	0.01654083668	0.022211783	0.01095327933	-0.009782052224	-0.002948651583	0.006421862161	0.01785898352	0.0113258459	0.01237524809	0.01632362272	-0.02039889796	-0.004089534997	-0.01659199857	0.07572959693	0.007419686945	0.004376746697	0.01849053404	0.0386610027	0.01221875063	0.0761717717	0.04089933883	0.01720687064	0.0007583086068	0.05160470843	0.02014506086	0.03500891157	-0.02050078646	0.07812420154	0.1130749913	0.07691076099	-0.02981367846	-0.01144523187	0.04203723916	0.06246001127	0.08599915818	0.03648335625	-0.0001381593021	0.01269573884	0.02172594234	-0.02059294924	-0.04583803244	-0.02525307439	-0.04291465444	-0.02576564296	-0.03376079404	0.01011977271	-0.01379131064	0.02740711355	0.006680343371	-0.006439915413	0.08253216011	0.0266296531	-0.02544922866	0.01841405037	-0.07015343393	0.02258017216	-0.009169203128	-0.03326439742	-0.006516967148	0.01134775085	-0.04740258165	0.01874980716	0.01198227794	0.03255715336	0.07669371228	0.06718338255	-0.06582396963	-0.1241890157	-0.07902444484	-0.04738843382	-0.01363726443	-0.006787494622	-0.0048325601	-0.02096466045	0.02180703102	-0.02473923069	-0.1187130943	0.0118137748	-0.01044076638
0.05884104963	-0.02697177235	0.03319110655	0.02272298174	-0.007865168638	0.003357537027	-0.0009456123368	0.02031484113	0.01179580872	-0.167914133	-0.1592810499	-0.1639373818	-0.1528699854	-0.156547866	-0.1583885911	-0.1518216729	-0.1661910184	-0.1599322821	-0.1482048729	-0.1574042281	-0.02162207687	-0.04670823077	-0.1385725214	-0.04534124859	-0.03534407348	-0.1635579098	-0.1606121963	-0.1636580481	-0.1701755346	-0.03886838954	-0.164471393	-0.06972425508	-0.05903722583	-0.1008421008	-0.06064906546	-0.1583233478	0.00180593303	0.005918583927	-0.005257275903	-0.01029539878	-0.02832766568	0.02373776268	-0.1826887813	-0.03483555158	-0.1658810249	-0.005867966483	-0.04735495318	-0.04120547315	-0.03309382002	-0.03323073364	-0.02841566762	-0.07240289129	-0.1586905774	-0.1569393091	-0.1461513769	-0.04096740348	-0.03744346514	-0.03332697137	-0.1782446084	-0.1724409742	-0.166235442	-0.01437160785	-0.162457863	-0.02971022412	-0.03965908234	-0.06072982871	-0.02447796609	-0.06582688155	-0.02303462637	0.008087120142	0.03220306883	0.01495837419	0.0134992254	0.06202201968	0.01357874634	0.06638199456	-0.02210235622	-0.04432316709	0.022210887	0.002000484127	0.1316326639	0.08855799777	0.1180844984	0.0175665224	0.1012228679	0.1021086383	0.01498674912	0.1635374804	0.3553253909	0.0188582157	0.08028316834	0.1676036426	0.03719478084	0.005532342055	0.1152058222	0.1789160821	0.1491038414	0.2280899999	0.0204748781	-0.02923006822	0.2095729913	0.03279991268	0.02618562953	-0.02654514206	0.0182027308	0.1899255377	0.08539574014	-0.01525513119	-0.04465770975	0.06907882817	0.034648816	0.02607349355	-0.02152478883	0.08122794296	0.08265397432	-0.007772465705	0.09311016578	0.06282426525	0.03105951295	0.1365847115	0.3004933592	-0.01290316618	-0.04435847634	-0.01386601114	-0.02046144122	-0.03853158385	-0.1788103074	0.03477461491	0.08696774281	0.1024080926	0.1613984447	0.2337307615	0.1591892326	0.1642226137	-0.02588022173	0.06559206749	-0.008048903378	0.1531045632	0.1157437426	-0.02676673016	0.04514795088	0.06681042401	0.09519273288	0.00794827427	0.01840651135	0.02153412541	-0.01115441772	0.09130355168	0.05356135707	0.09933576329	0.02032080352	-0.03110259577	-0.03309884965	-0.01749166295	-0.05561921661	-0.03979799944	-0.0741114086	-0.06726956712	-0.04131565955	-0.04892025083	-0.02758652392	-0.02025989902	0.01400686814	0.07513081413	0.004579862773	0.1881313519	0.009240852878	-0.03390616697	-0.07318598673	-0.009481436578	-0.02832557102	-0.02490694575	0.008151226173	0.04185688591	0.01307940702	0.02811992074	-0.0308587695	0.03634140836	0.02298395717	0.09459778017	0.07251579618	0.07562164079	-0.002047636721	0.006320826012	0.003606448804	0.06284807652	0.09181072923	0.08590254852	0.03190908889	0.07441208194	0.120549261	0.0194635193	-0.02294682466	-0.02852816694	-0.03881005638	0.006760742731	-0.01741700331	0.03673781576	-0.03143634575	0.02588530964	-0.03235596683	-0.02046073987	0.06289743216	0.04127046329	-0.009032906623	0.01300488611	-0.04204220142	-0.02297408474	-0.006041461272	-0.04163820078	-0.03019449085	0.03150523017	-0.009513219615	0.07630612209	0.05931911578	0.03894734365	0.1591463738	0.07808227612	-0.06493506148	-0.1366516799	-0.1037712025	-0.04128637001	-0.01585075925	0.04903158049	0.05040425605	-0.0469733935	0.02009290569	-0.02531273615	-0.1424843282	0.0494900342	-0.01002223085
-0.02339454534	0.02323684874	-0.07614956982	-0.0201798108	-0.05077554781	0.005350083887	-0.0456264073	-0.07344925516	0.01760554713	-0.09773313928	-0.08445610092	-0.0861607705	-0.09712651683	-0.09009183877	-0.0587542123	-0.1056054063	-0.09241342687	-0.09171601716	-0.03780912341	-0.1079400667	0.04186627474	0.01017055408	-0.0422686932	0.07831335411	0.09751529548	-0.08132755003	-0.09700737736	-0.09342005233	-0.07553310898	0.09661436927	-0.09101809614	-0.005618431532	-0.01726717037	-0.01380907392	-0.009567480449	-0.08096553504	-0.08489839363	-0.07600931577	-0.09021013888	-0.06967769051	-0.03830107628	-0.05059405909	-0.08298706794	0.06668125431	-0.08505270172	-0.0143136887	-0.0008738381232	-0.01605354923	0.07359044442	0.004535800079	0.05336185488	0.01607862397	-0.06983446465	-0.08814347327	-0.09488331784	0.09795111359	0.0844500167	0.002330932033	-0.0759766265	-0.0768419917	-0.09770502472	0.007292905554	-0.08174178556	-0.003435982727	0.009680102503	0.0258498381	-0.0162518205	-0.02090806933	-0.08154332041	-0.09489628254	-0.05920515222	-0.002983397883	-0.007339307756	-0.05631308083	0.006060526837	-0.04125781927	0.1081209124	0.02532623628	-0.06351708083	-0.0619812286	0.1848891361	0.2536613639	-0.07995115799	0.01938879995	-0.006824612842	-0.07098479781	-0.01285014297	0.09265254236	0.0188582157	0.4977416873	-0.04857921751	0.1714021602	0.08515922368	-0.06796410859	0.1097195626	0.1398069724	0.1256476874	0.0005961059588	-0.04376212896	0.01030570599	-0.0486255138	-0.07936471053	-0.03000699968	0.1069575858	-0.02816649678	0.0366924655	0.225595644	-0.05774394917	0.03568271989	0.04371288427	-0.08333716779	-0.0566001464	-0.04854194055	0.01057395809	-0.06298376997	-0.02076886114	0.1159268987	-0.05144479795	-0.06224209044	0.1199152161	0.06508330054	-0.005125560292	0.04206054805	0.1531151569	0.003903368843	-0.02701584531	-0.08200516757	-0.0434023423	0.2048858347	0.2239499122	-0.02758747342	0.1099295341	-0.02087983313	-0.01923090209	-0.0518557117	-0.01181465826	0.05892268075	0.1237214172	0.01437658601	0.05115119891	-0.04091192167	-0.04035145463	0.02397889002	-0.02669149917	-0.0616730123	-0.06197099656	-0.08630297853	0.06710270051	-0.06933017774	0.003146596379	0.03350461626	-0.01057433251	0.0009663543158	0.04778901225	0.04921497917	0.01328078976	0.1040476767	0.0923228139	0.05668429625	0.0534125687	0.02885166356	0.04612024198	0.05920314666	-0.06954233024	-0.04780577579	0.02558827445	0.05380744959	0.01529801753	0.1186033919	0.04808388361	0.01464856273	0.1724766576	0.04087057525	-0.06357913331	0.006816097176	0.08558396112	0.02773828128	-0.02423841344	-0.07734783811	0.001394315466	0.2743049945	0.0181788703	-0.0706851455	-0.02944277901	0.09217566693	-0.004164767966	0.07293607357	-0.03594747805	-0.07976117054	-0.03991948057	-0.04357672887	-0.06625325901	0.02362065266	-0.01767622243	-0.007044584726	-0.06414574662	-0.03185512542	-0.0642224953	0.01809389957	0.005701515539	0.0402547139	0.03405315932	0.06749066369	-0.02659838591	-0.06123297741	0.07949000574	-0.03082496576	0.01554087911	-0.04965979488	0.005326505317	0.04228990568	-0.07713866425	-0.0678471228	-0.04711805611	0.2541903403	-0.02203463251	0.008421934269	0.05397773185	0.004304370021	-0.05949451967	-0.03256196479	-0.05264437101	-0.03618582182	-0.04765637668	-0.01808553774	0.01935577053	0.0008697449521	-0.04739974619	-0.03010830619	-0.07768846877	-0.009212437934
0.1614380175	-0.02035944797	0.04631608091	0.009920546264	-0.02952966323	-0.05066343286	0.0009609011976	0.03012764703	-0.007057241524	-0.1092108898	-0.1339471653	-0.1377373031	-0.129628187	-0.1297621888	-0.1384405238	-0.1240191929	-0.1070190472	-0.1378820946	-0.1290342426	-0.09475062671	-0.05134150878	-0.006328495468	-0.1272754049	0.0003918865537	-0.04027277844	-0.1119550573	-0.1010990227	-0.1321603	-0.103060399	-0.04272985352	-0.1020471584	-0.02330968871	-0.03727882678	-0.1055084961	-0.02339939179	-0.1342470223	0.03167282584	0.0009375786894	0.02140317095	-0.04653515429	-0.06047285893	-0.01582549548	-0.1118686247	-0.04020484996	-0.1157468428	-0.00721189821	-0.04554799968	-0.02308796637	-0.04716658785	-0.05591389524	-0.04763343035	0.008950610925	-0.1319122279	-0.1281628176	-0.1221854875	-0.04511904217	-0.04715667806	-0.04962672049	-0.1130934285	-0.1078141096	-0.1085695865	0.009419018199	-0.1322002044	-0.03942021749	-0.05011838382	-0.03577091166	-0.02068542645	-0.01038769842	0.01358894853	0.01678280493	0.01798640569	0.05497789408	0.055961597	0.01023838297	-0.004469640252	0.1326960554	-0.01325694826	0.03331498812	0.04245243408	0.01137086619	0.1031769526	0.07071869512	0.1959043733	-0.02341688373	0.02273075713	0.2361617847	0.1834189993	0.01881215423	0.08028316834	-0.04857921751	0.3751652891	0.03784624683	-0.04036601936	0.02472207279	0.01906195382	0.04334491268	0.009308121282	0.1352476243	0.132593553	0.005222251469	0.1144825125	0.03380085269	0.03757305781	-0.02165556116	0.01843026228	0.1059037887	0.02152406881	-0.0113352763	0.01954974711	0.06017482231	0.1022985756	-0.02366633478	-0.01821511292	0.09802919468	0.1389298064	0.03021531763	-0.002661062035	0.08856777801	0.07027896946	-0.001761565832	0.09304284825	-0.02471607048	-0.05462830163	-0.0895944205	-0.03209828623	-0.0117180526	-0.1095684808	0.03602595059	0.02863441916	0.02865688124	0.2124766466	0.03517853141	0.1255525354	0.1438266879	-0.01690647453	0.05499494029	-0.009490397587	0.01070277281	0.08537389395	0.0121829472	0.03016121937	0.08991750636	0.1001874575	0.02791983292	0.0676733844	0.06728597503	0.01778110292	0.06339912772	0.02333449725	0.0997437166	-0.00888868268	-0.03144724398	-0.04525110196	-0.01508687819	-0.07553710441	-0.02960253505	-0.08276779262	-0.07251210413	-0.04774224585	-0.04555213323	-0.01373346928	0.00921919328	0.04102024568	0.1380865247	0.03065083065	0.0407932258	-0.04418983337	-0.01691414845	-0.0950628151	-0.06857026571	-0.01246619375	-0.06765797599	0.0001259463585	0.002951347588	-0.02976342082	-0.03603410834	-0.027258665	0.01369663333	0.06344629717	0.05093305521	-0.02168460482	0.07916811264	0.02272473661	0.0452288184	-0.02672585835	0.03975136203	0.009259805779	0.04774409955	0.05009085297	0.1346798634	0.1826079896	0.01787093472	0.01961028456	-0.03415320398	0.001766236862	-0.007827977421	-0.01206664827	-0.02495702737	-0.06678213969	0.001565937214	-0.03068153147	-0.03964571872	-0.02590712625	0.0186465508	-0.01809868634	0.01902771585	-0.02773608389	0.003017066366	-0.003050459397	-0.03039728032	-0.0499951142	0.04977373114	0.01946720588	0.1506412136	0.05495554221	0.06098397799	0.1599606808	0.08949805783	-0.01753203294	-0.1340450605	-0.1002976009	0.02673107812	0.04397417775	-0.006627700932	0.1266536322	-0.02259095567	-0.02247304235	-0.02479895429	-0.1378546124	0.01695103098	0.008852245229
0.05674153756	-0.05577531558	0.001932288437	0.03862556213	-0.02954221043	-0.02210060794	0.001445456389	0.005174690507	0.02794976313	-0.1727500063	-0.1625859685	-0.1645257087	-0.1569501153	-0.1667426308	-0.1493524787	-0.1574860895	-0.1728181995	-0.1675539076	-0.1418431058	-0.1601810787	-0.01978814109	-0.04227501092	-0.1417001272	-0.05093549661	-0.02489361345	-0.1524221513	-0.1674498015	-0.1724688642	-0.1559047166	-0.01260057136	-0.1650035696	-0.06532272862	-0.04444203881	-0.09117431338	-0.05418463155	-0.1601816792	-0.008745646618	-0.009315179237	-0.0075585998	-0.0307281442	-0.0493267373	0.006038526382	-0.1867922144	-0.01150992614	-0.1578525839	-0.01864860387	-0.0667304629	-0.04605047133	-0.03417368845	-0.02951796046	-0.02523917199	-0.03131854142	-0.1472454358	-0.1638319731	-0.1550694107	-0.02172012443	-0.03688820869	-0.04321582414	-0.1714823981	-0.1618031035	-0.1729209363	-0.02499216306	-0.1647219174	-0.03286503115	-0.02439725164	-0.0213078493	-0.05588852745	-0.07799033217	-0.02135965575	-0.01128348701	0.01279381908	0.02069122001	0.01930567171	0.01572255049	-0.003004511455	0.03869674718	0.03414362506	-0.01343808564	-0.004270644127	0.009673726246	0.1051986188	0.165109479	0.03033323168	-0.001592709932	0.09089366071	0.04250303017	0.01248375914	0.1150735555	0.1676036426	0.1714021602	0.03784624683	0.3745851034	0.04169678491	0.0113783234	0.1178645079	0.2651187988	0.216332148	0.1291094885	0.004791665293	-0.01592895717	0.0836139585	0.02268677351	0.01996751501	0.008241914088	0.01082666323	0.139109521	0.1742242297	-0.02660928846	-0.04915025169	0.1417338955	0.03749613324	0.007255636115	-0.02033234234	0.06613867405	0.0513357954	-0.005553326822	0.1836890732	0.0804387603	0.01844279657	0.1630724734	0.1979082218	-0.03320819643	0.004329886714	0.03017236948	0.001740983811	-0.04333331878	-0.1832786947	0.02027464602	0.1552778965	0.2048550475	0.07936180581	0.2070585341	0.1055800567	0.08985501107	-0.01104146316	0.06298140415	0.004286136557	0.2204131678	0.04782595511	0.00626726064	0.0112977875	0.03206714603	0.09039436975	0.003867697891	0.02310729375	0.02355813751	-0.009723788939	0.113779463	-0.004190000211	0.09229125061	0.0281619309	-0.0007324768238	-0.03064715387	0.004583883658	0.003705557628	-0.03447878813	-0.02457391982	-0.03177693986	0.003240499968	0.001648738618	-0.006742672161	0.02546876387	-0.01459459024	0.02632017439	0.008179124316	0.1430138548	0.007109164644	-0.02428907616	-0.0296151409	0.003808304833	-0.0279242902	0.02571806855	-0.01380527947	0.02351307696	-0.03026466685	0.07607715583	-0.01724627656	0.02236236022	-0.01700699275	0.1038536285	0.1854330391	0.07245049208	-0.0303926388	0.009814061981	0.0576268389	0.06378041731	0.1860407985	0.04520975486	0.008426873834	0.05227285742	0.04424165684	0.01631875703	-0.04631094923	-0.02566732991	-0.03397898946	-0.01263740944	-0.05777794018	-0.01836525521	-0.03877817861	0.009015148356	-0.01723822323	-0.02563502684	0.09512139917	0.02483482525	-0.02927615948	0.06540897495	-0.05017904138	-0.008325058699	-0.03235317717	-0.04149528898	-0.01680793611	0.01275986949	-0.006008550934	0.03867707469	0.1418637122	0.06441030269	0.1151392648	0.1007607351	-0.05061270747	-0.1280571612	-0.09098234091	-0.04494200859	-0.02694905484	0.01616444458	0.03507253639	-0.04579288857	0.0007199002436	-0.03418022225	-0.1258160282	0.017957619	-0.02101052476
0.0268228236	-0.01666359536	-0.05762874697	0.01517454258	0.04597459154	0.01194878806	-0.02179839343	-0.02326249898	-0.001316778899	-0.1215526287	-0.1155951881	-0.1159454456	-0.1089600802	-0.09522231212	-0.1090800609	-0.1051177519	-0.1247203053	-0.1135723429	-0.07586244903	-0.1136399277	0.01125340023	0.006461441889	-0.103938156	0.08020290555	0.09300557135	-0.1066486248	-0.1090637091	-0.09821960383	-0.1065046669	0.09237215829	-0.102956	0.005317498729	-0.02897826699	-0.06477827046	0.01033253783	-0.09755051655	-0.05019525812	-0.03620825677	-0.05386996102	-0.004112763479	0.02227371478	-0.01522953206	-0.1133082719	0.008997375425	-0.1093177561	-0.008808704342	0.01585086552	-0.031027151	0.04610491063	0.01197646388	0.1001616953	-0.006860488501	-0.1062453744	-0.0929532173	-0.08742338253	0.08979330528	0.09361019128	0.008275240636	-0.1138952514	-0.1296019286	-0.1042562361	-0.001258222963	-0.1001313678	0.02458081894	0.03575248868	0.0009143776804	-0.002536260039	-0.05199419961	-0.03766441271	-0.0243510765	0.01734033208	0.005860313944	0.001088203011	-0.02401183523	-0.04706660285	-0.04054285856	0.006374471437	0.03989486693	-0.03064455156	-0.03968042221	0.004481583898	0.02546268039	-0.05117250489	0.06345486749	0.005326680307	-0.04883018345	-0.02218650947	0.09930590612	0.03719478084	0.08515922368	-0.04036601936	0.04169678491	0.4386078427	-0.03907844793	0.1369175182	0.05266347555	0.12968613	0.02312662675	-0.03430197306	0.08312391209	0.0008312359122	-0.0417969249	-0.0179186286	0.08248531383	0.02132631507	0.04181202572	0.07566254992	0.03065176944	-0.00555381418	-0.01933932945	-0.03382701637	-0.008142401061	0.03916536071	0.0331926095	-0.03655207461	0.07528281219	0.07047459294	-0.02640166284	-0.06254543412	0.1141035103	0.06235991285	0.0003905413702	0.06152333306	0.04105042741	0.07210531898	-0.006299077482	-0.1117021158	-0.03720686262	0.0811516761	0.08420267413	-0.03063902851	0.113682097	0.05236659178	0.0302949448	0.05317853044	0.03173683097	0.03328997932	0.1288973094	0.07381720504	0.0007121869139	-0.009489618893	-0.01870831341	0.02005602726	-0.04605693241	-0.06083080612	-0.06114005356	-0.03295804504	0.02090680948	-0.007471593407	0.009930772176	0.03890746598	0.06331822542	0.002832403186	0.0301275783	0.07741938234	-0.002292162779	0.03726865475	0.03084234803	0.06585286847	0.0551853025	0.02867733051	0.00867791429	-0.02231070136	-0.04670718282	-0.001554312853	0.01467575674	0.03072967397	0.0247339503	0.04116069873	0.04296975545	0.04035429795	0.01196512688	0.06518188171	-0.02190307007	-0.01223115138	0.09988392542	0.03249942335	0.05200649826	0.0003102729576	0.01498123591	0.1202465636	0.01773976387	0.04266066663	0.03788484972	0.03898315496	0.04445541924	0.04409280391	0.01453015356	-0.03160321746	-0.0303594043	-0.01842957021	0.0133686868	0.003799471185	-0.01334159647	0.02563538782	-0.01456960961	-0.02653150754	-0.02566715304	0.02280344526	-0.02252102183	0.005423491093	0.01641487463	-0.01016441569	-0.05081577607	-0.02244927944	0.05451502646	-0.05444577418	0.01882700467	0.061917633	0.02245554864	0.03177212065	-0.02339665123	-0.04778414458	-0.06710833979	0.003609607129	0.02347115864	0.02224167566	-0.00537482959	-0.01756716583	-0.09889397726	-0.06582267399	0.02059173093	0.001142789718	-0.009225248592	-0.02442956972	0.01696427327	0.02475627646	0.03912059954	-0.09387796215	-0.02800907451	0.01112225978
0.07632175221	0.06999033807	0.1157196361	0.1330089005	0.04003091179	0.03564533187	0.09591532701	0.1200677391	0.1035486902	-0.2094967212	-0.200188742	-0.2039282606	-0.1929709775	-0.1956267153	-0.2012628587	-0.1923614432	-0.2123917999	-0.2034706223	-0.1975954627	-0.1959483967	-0.02338571612	-0.03577988424	-0.1952777292	-0.09640772238	-0.08176896862	-0.2060838787	-0.2050425972	-0.1942690466	-0.2066027329	-0.08632953379	-0.1978999494	-0.06798970476	0.033210112	-0.1462301506	-0.05067900306	-0.1920121372	0.1635249378	0.1847097348	0.2470091797	0.0948770498	0.03649494523	0.1613450569	-0.2229145943	-0.07388974113	-0.2091507715	0.02792902385	-0.07250600983	0.05047705173	-0.08831282567	-0.05214261741	-0.06726448064	-0.02499367035	-0.1987222131	-0.1962715097	-0.1845920871	-0.08967087388	-0.08076086083	-0.01719263419	-0.2209960021	-0.2152053758	-0.2119874848	-0.04542811872	-0.1983374403	-0.04546997507	-0.03842818095	-0.00845144548	0.06688828706	0.08026498316	0.1385363006	0.1426232119	0.07408971763	0.08973020344	0.09054734863	0.06130130419	0.09536679237	0.1134410068	0.02248908826	0.01379834754	0.1027995075	0.1977558974	-0.04862824936	-0.03424131537	0.06671190502	7.390321889e-05	0.0868270517	0.04392817232	0.02583491138	-0.02459031729	0.005532342055	-0.06796410859	0.02472207279	0.0113783234	-0.03907844793	0.2806910577	-0.04363527028	0.01047033835	-0.01140651992	-0.0004543917886	0.1073105962	0.02207900746	0.01972784431	0.1068250281	0.08529495729	0.02758722899	0.04415642769	0.02260352961	0.01706644611	0.1205711902	0.01581884886	0.03632139072	0.1118355062	0.1360600452	0.08561055044	0.06098544789	0.08864175153	0.06281145175	0.0152169302	0.04917468973	0.1244319739	-0.02640266996	0.0006258782574	0.04408267157	0.01293346934	-0.09419037728	-0.005784736789	0.02777776314	-0.2183074192	0.04597749558	0.01748111199	-0.0009121086268	-0.01982768936	-0.0163464432	0.01143169417	0.03128344813	0.04412255029	0.03765904494	-0.05071963537	-0.009955524401	0.02461116872	0.006461771625	0.06510890819	0.08449825065	-0.001454493084	0.1290602865	0.1252378573	0.128159939	0.1830195413	0.02040610318	0.06544511874	0.00345175075	0.04278262364	-0.04240762661	-0.005793599303	-0.03976038959	-0.0284773139	-0.01565654863	-0.03394059059	-0.0903669956	-0.03673545917	-0.04514207933	-0.0355078603	0.05672964376	-0.07071754832	0.08382768306	0.1157299706	0.04322902417	-0.1157429852	-0.04637006738	-0.0855600378	-0.0715813605	-0.07357535816	-0.1303281534	-0.02748318544	0.1009631999	0.006589533295	0.02034421456	-0.05714747873	0.02164270081	0.06857016275	0.09369334871	-0.04899623956	0.06511009923	0.0553589634	0.08921665598	0.05486431958	0.06316566431	0.03763844067	0.1074969942	0.1671342086	0.09640039372	0.02776089479	0.1367690739	0.01768842704	0.03571954647	0.03311406119	0.05224771741	0.03583137802	0.09062427972	-0.008685087227	0.08392282256	0.01961519681	0.01134649662	0.01489142203	0.08760576316	0.05519290079	0.03072014917	0.1929703372	-0.02683173804	-0.03861302036	-0.04343581411	-0.03867130682	0.1348881367	0.1493708671	0.05244269401	-0.0546860162	0.07886928259	-0.00373323326	-0.01078050275	-0.02264111802	-0.188329025	-0.1431192988	0.08410105736	0.04819328473	0.1275460916	0.08664314515	-0.07687743219	0.05043742865	0.02006642823	-0.1935494891	0.1038371521	0.06133500608
0.005447514908	-0.07460434362	-0.02775173541	-0.003542808173	0.005145052318	-0.07245149758	-0.04463611933	-0.02708781685	-0.002768022577	-0.1208198833	-0.1143429248	-0.1161849433	-0.1185187497	-0.1212595546	-0.1164718051	-0.1327346981	-0.1184507009	-0.1150536683	-0.1232301838	-0.1402617624	-0.04709574406	-0.06928857259	-0.1108985824	-0.008087043542	0.007742424339	-0.1222762921	-0.1166895426	-0.1246305113	-0.1235770888	-0.005986129837	-0.1197579649	-0.05686193933	-0.07236624669	-0.07435886372	-0.07306098736	-0.1173693887	-0.03847003913	-0.04176060139	-0.05352059893	-0.04359786869	-0.04382702982	-0.02987095187	-0.1316281414	-0.001281834814	-0.131757732	-0.01668158539	-0.04742063453	-0.06222939494	-0.02187229557	-0.03748211806	0.01643619372	-0.0353119571	-0.1220382916	-0.1118125701	-0.1240870128	-0.004061060228	-1.820950942e-05	-0.05063928291	-0.1346248859	-0.1281349461	-0.1155001997	-0.005764105587	-0.1143407207	-0.0353851276	-0.03609669249	-0.01719097829	-0.02492762248	-0.0631017068	-0.05812331129	-0.01752391598	0.04108925946	0.044536501	0.04588172926	0.01661025624	0.02192026019	-0.01227944457	0.0009558738973	0.0485206436	-0.0001434730897	-0.03918272133	0.129958897	0.1518123019	0.003461569167	0.04305761286	0.07631538695	0.01409160012	-0.04060847103	0.2742837582	0.1152058222	0.1097195626	0.01906195382	0.1178645079	0.1369175182	-0.04363527028	0.4379644052	0.1072516989	0.1953277636	0.07074682783	-0.01428991525	-0.003525332594	0.0892061664	-0.01112154611	-0.0002601741833	0.01961042762	-0.01142103512	0.08411801202	0.08464306759	-0.05155894359	-0.06731445952	0.04550937047	0.01269816621	-0.01907028108	-0.05182386855	0.06479543826	0.002112988156	-0.007230822684	0.1535282806	0.040578286	-0.01626724108	0.2541052203	0.1295989623	-0.03426115254	-0.0220985983	0.08925594603	0.01257433005	-0.05105575529	-0.1290947275	0.007112453791	0.08417396154	0.07075415155	0.04505019091	0.2004438942	0.05354066619	0.06129210764	0.004376626706	0.04632663884	0.02744475219	0.1993245887	0.1114173408	0.06528315614	-0.006002339135	0.04188641133	0.1473110887	0.01991783078	-0.02353388892	-0.02380923795	-0.03260926196	0.1346567846	-0.01071038152	0.1231502333	0.01337812735	0.01704922864	0.01612260559	0.01912735618	0.02677816947	-0.006430493749	0.02056381	0.02820387632	0.01730563878	0.02804755898	0.01484826671	-0.002175176844	-0.02465093548	-0.01612409233	-0.006758392747	0.0476460296	0.02745934845	0.02785599282	0.06037290131	0.07952414539	0.03670963331	0.06208759124	0.0428137257	0.01002002018	0.01402688354	0.06823869845	0.04425043187	0.08076524379	0.0003603980601	0.06393815601	0.1014609738	0.03000425031	-0.007511772311	-0.01098817251	0.004416983063	0.05193323051	0.08343970401	0.02872039952	-0.02670677228	0.0001845626403	0.0114502906	-0.007803756372	-0.02975009941	-0.01902200321	-0.009462435673	0.02926017032	-0.0313416986	0.01163744705	0.002026601304	0.06597217675	0.04016858679	0.04892180169	0.04525449129	0.04092843045	-0.03015233903	-0.02532504623	-0.0789719434	0.02355493205	-0.01658911792	-0.007318503432	-0.02969163261	-0.0177006807	-0.04719308678	0.009784590957	0.07104681075	0.03212913309	0.100631296	0.08637481099	-0.0773717051	-0.1140802001	-0.07054264838	-0.06359176141	-0.04986361251	-0.02521781138	-0.02573413022	-0.03014785111	-0.03011204933	-0.006361766118	-0.1123637251	-9.979949216e-05	-0.05729685227
0.05670774541	-0.04123131131	-0.00626668168	0.04038216472	-0.0103801294	0.0007578541069	-0.02546448302	-0.00972292122	0.03867646074	-0.1725546911	-0.1637943139	-0.1669247752	-0.1572023658	-0.162978754	-0.1618918056	-0.1552774356	-0.1736294421	-0.1675992853	-0.1536872377	-0.1602528523	-0.02736462315	-0.04418566757	-0.1380621041	-0.0369183336	-0.01890109365	-0.1628474088	-0.1636648809	-0.1667930132	-0.1677461918	-0.02088179891	-0.1605873998	-0.07543159535	-0.05260439873	-0.1000317706	-0.06739170348	-0.1575766199	-0.004010978781	0.01282623139	-0.008558884525	-0.02115636811	-0.03488739281	0.01875663313	-0.1841817887	-0.02521619637	-0.1678916448	-0.01321466246	-0.05225295358	-0.0341587881	-0.03230276817	-0.04051429982	-0.02016994277	-0.03985465661	-0.1617539647	-0.1619612019	-0.153225994	-0.02901660546	-0.02702751186	-0.03112249394	-0.1870985799	-0.1769198191	-0.1704953347	-0.0181599186	-0.1601830282	-0.02056604445	-0.03564093376	-0.0350526324	-0.05387015101	-0.06280214192	-0.02973729634	-0.003312998195	0.02011450394	0.04737810879	0.04565734741	0.04224051056	-0.01041743513	0.03723152195	0.01544993197	-0.02105080725	0.003914958133	-0.008076758122	0.1192332598	0.160932417	0.02061670537	0.01866724323	0.09105161253	0.04180186814	0.02641079288	0.1106795255	0.1789160821	0.1398069724	0.04334491268	0.2651187988	0.05266347555	0.01047033835	0.1072516989	0.3555639231	0.2561791512	0.1343001159	0.02006470622	0.01372376568	0.09223381097	0.01783368091	0.00484698985	0.01943286381	-0.008579865908	0.1451197942	0.1404227125	-0.03102352013	-0.0215047575	0.1081736118	0.02710727629	0.02227058638	-0.01011968453	0.06304233836	0.03461764842	0.002935969678	0.1822273035	0.05693851481	-0.00955647646	0.2027926544	0.224412244	-0.007094707294	-0.001249767138	0.02828092308	0.007276077486	-0.05524502797	-0.1803617088	0.02549156568	0.1415184947	0.1329400076	0.09029678352	0.2433295367	0.1094541219	0.07337123334	-0.02204423108	0.08575523365	-0.003703825397	0.2603301881	0.07156391784	-0.03045709969	0.03373154568	0.03463652304	0.1173494181	-0.0009910088443	-0.01447009955	-0.01475968921	-0.009276385093	0.1093307072	0.01494984545	0.1194834174	-0.003372885555	-0.002028069603	-0.01848982585	0.002349183515	0.002517222113	-0.04173612936	-0.0207693683	-0.02993617609	-0.006164126014	0.005758029241	-0.001338800303	0.02342792083	-0.008664434402	0.02008931283	0.02072451445	0.1537697345	0.01450414679	-0.04407665128	-0.05286300782	-0.01723156058	-0.05033746847	-0.006541644858	-0.01274143961	0.02074364376	-0.009132051009	0.09247111677	-0.03788995809	0.03859956038	-0.002920990993	0.1161127721	0.1500770465	0.08403659971	-0.01096026186	0.02451043409	0.03467197755	0.06433678946	0.1219393316	0.0452617776	0.005486879713	0.04109132809	0.05573544342	0.004381497959	-0.03100410513	-0.03040389539	-0.03218434175	-0.01034216144	-0.05334843343	-0.02207902947	-0.02523520982	0.01075578321	-0.02131194051	-0.02833612017	0.09618250469	0.0188453197	-0.0186653737	0.09188126758	-0.05114802269	-0.01617054659	-0.01315952457	-0.05179367205	-0.02289402694	0.006493036513	-0.02246799918	0.04306288404	0.1093531335	0.06715363444	0.1321464814	0.0962225527	-0.05869469283	-0.142094309	-0.1050008863	-0.04026287499	-0.02221033945	0.02858838087	0.05460969977	-0.0409573271	-0.003851193711	-0.021737407	-0.14067864	0.01405139423	0.007043629442
0.01998550667	-0.06908823264	-0.02774925627	0.0523946078	0.001504525097	0.005998300526	-0.02666345513	-0.02591690048	0.02819145004	-0.1532377112	-0.1457965369	-0.1466928285	-0.1382606665	-0.1520360805	-0.1482950108	-0.1362975918	-0.1541874028	-0.1473876917	-0.1387639652	-0.1409463118	-0.03230101204	-0.05024946225	-0.1273331202	-0.03467069737	-0.01715832926	-0.151758743	-0.1517300286	-0.1584272747	-0.1573018792	-0.01618405141	-0.1497488382	-0.07619827956	-0.05710257655	-0.08521609628	-0.07052486618	-0.1424429567	-0.02565211724	-0.008163039226	-0.03038713661	-0.02950236635	-0.03167159635	0.001033415373	-0.1674918021	-0.008987995914	-0.1568440315	-0.01516332715	-0.04776813926	-0.05170159934	-0.0310912722	-0.04343043104	-0.001851308513	-0.04172355694	-0.1498187835	-0.1476070009	-0.1391256151	-0.02912432492	-0.02572817094	-0.02459715448	-0.1699867272	-0.1588026303	-0.1547306491	0.003349641384	-0.1489622317	-0.01980148468	-0.0289692691	-0.02782424834	-0.05560625259	-0.06727103015	-0.04510563272	-0.006658260681	0.03468373631	0.04984997511	0.04811245818	0.04256761755	-0.02480356087	0.008886607982	0.01562435951	-0.003628076075	0.0007964043583	-0.02407723726	0.08098928272	0.1254397073	-0.01248974665	0.05185991746	0.09094089873	0.007089420383	-0.0002173502011	0.1651024513	0.1491038414	0.1256476874	0.009308121282	0.216332148	0.12968613	-0.01140651992	0.1953277636	0.2561791512	0.3964154024	0.1095501575	0.005986167618	0.02700555707	0.09127419099	0.01658560064	0.002548347592	0.03973441297	-0.02067135289	0.1030857894	0.1447579173	-0.03906373459	-0.04839378661	0.07674940792	0.03061564864	0.005252805952	-0.02843047866	0.09376522809	-0.001291461524	0.01991474321	0.1778440211	0.03041109929	-0.02623979178	0.3326300212	0.2037218287	0.009938150687	-0.007613210449	0.04054109851	0.02385415215	-0.05817476345	-0.163854232	0.01979904242	0.1480598434	0.09686274578	0.06583452558	0.3065274512	0.08150981576	0.07720171461	-0.01014374876	0.09316428873	-0.007917599729	0.3902046204	0.1265345538	-0.02290283743	0.003416514434	0.02983808744	0.1397589122	-0.01882375995	-0.03555899128	-0.03589307052	-0.02488397495	0.1392691301	-0.0141361575	0.1419085438	-0.006295275878	0.009488590927	-0.02314006539	-0.01434860296	-0.00569534539	-0.04546181665	-0.03725484578	-0.03820767508	-0.009589729078	-0.0001604508713	-0.02194550061	0.003434342062	-0.06493185844	-0.000687527387	0.006158073209	0.1231254933	0.01827041722	-0.01794421965	-0.01431089316	0.02341939159	-0.01395555843	-0.002545887123	-0.01887986568	0.02605807239	-0.02941954203	0.1286757712	-0.01160896692	0.07474288155	0.01200305415	0.1013945696	0.1875646451	0.0820495223	0.005903323458	0.03815489536	0.003703376442	0.06805532584	0.1105670073	0.0146136025	-0.01457061002	0.009959619423	0.0189023045	0.01562507745	-0.02805979755	-0.03616781975	-0.01895469857	0.008929469278	-0.05615958842	-0.008012198681	-0.01466821558	0.0005285276759	-0.0498124025	-0.03536812646	0.09202578436	0.008593041531	-0.02346161393	0.04677199114	-0.07305861486	-0.01668749403	-0.02438942626	-0.02492943389	-0.02514679241	-0.008131917558	-0.03792308154	0.007482731197	0.05951336443	0.08296660387	0.1094637851	0.06568171708	-0.06214438307	-0.1266187218	-0.08803448216	-0.04847162244	-0.03537416666	0.003882362267	0.02767307317	-0.04018639473	0.009478573385	0.001738748599	-0.1229110079	0.004704426324	-0.01230150112
0.08930209724	-0.0467395165	0.03550248217	0.01412003305	-0.009082028545	-0.01391715823	-0.007528730347	-0.002349121658	-0.001703273548	-0.153469256	-0.1432492273	-0.1461948762	-0.1380059052	-0.1456357795	-0.1494231165	-0.1330676604	-0.151632054	-0.1485561827	-0.1381075027	-0.1387224477	-0.02118040761	-0.0494071209	-0.1273819113	-0.03857021883	-0.02804182357	-0.154334156	-0.1480831931	-0.1551817485	-0.1536738966	-0.03196696213	-0.1549571222	-0.06476708506	-0.05861618171	-0.09746246225	-0.05970604355	-0.1467818022	0.007423409198	-0.002883711428	-0.002811808495	-0.02370320038	-0.04109768392	0.006670410855	-0.1640302009	-0.02049435615	-0.1555088099	-0.002495625909	-0.04576723779	-0.02772924255	-0.02282088199	-0.02976852966	-0.02035969557	-0.06512522755	-0.1493159716	-0.1439795398	-0.1381174654	-0.03346640992	-0.03136241886	-0.03603188041	-0.1645251894	-0.1602057848	-0.1530479488	-0.005109551974	-0.1505153947	-0.03950560456	-0.04152545728	-0.05538187764	-0.04303037279	-0.07639585929	-0.02412607369	-0.0008414022266	0.02266844323	-0.01747167872	-0.01739110378	0.0699000376	-0.004286981884	0.1015796173	-0.03266268278	-0.04932781963	0.03236936811	0.003321853679	0.2217503374	0.1510868631	0.1972624351	-0.02762114406	0.0449966347	0.1891593288	0.04085014675	0.09801342778	0.2280899999	0.0005961059588	0.1352476243	0.1291094885	0.02312662675	-0.0004543917886	0.07074682783	0.1343001159	0.1095501575	0.3572878798	0.01937420036	-0.04695674462	0.214828744	0.02164124933	0.01615780773	-0.04486664184	-0.003449407522	0.1904916918	0.06325491404	-0.01802463919	-0.0441478956	0.05316838801	0.1104820668	0.01540875101	-0.02296629413	0.09634231684	0.1453604265	0.03509740565	0.05991020879	0.08436935456	0.03031395924	0.08968535911	0.2350860192	-0.03743880367	-0.04395802005	-0.02406106379	-0.01649527974	-0.04204888032	-0.1601337967	0.034236096	0.07897045992	0.08325265881	0.2620134544	0.1640316563	0.2567342699	0.2131379692	-0.01909276121	0.03329693516	-0.03865135178	0.1097613475	0.09959853927	-0.01024738725	0.01609693077	0.04494854365	0.1618439042	0.0136354744	0.02725733509	0.02687717419	-0.01072419473	0.06699629843	0.03387016639	0.1539998379	0.01112363952	-0.03201383066	-0.03818175752	-0.01623921608	-0.05736792466	-0.04851997064	-0.08171879963	-0.06605722987	-0.04173365063	-0.04254161535	-0.03300263927	-0.03200262035	-0.01398635292	0.1459931395	0.01553198664	0.1673349974	-0.01967917764	-0.05359643131	-0.09972547795	-0.04561839568	-0.05752502234	-0.05274057229	0.05590627857	0.02308321549	-0.01536367433	0.01969608603	-0.04954993284	0.03127075343	0.007040244095	0.06100578113	0.02623338731	0.06438516811	-0.01620021065	-0.02172807751	-0.02001709979	0.03486350286	0.05432234743	0.03787817551	0.03713508347	0.1190744544	0.1461526506	-0.01222922141	-0.03739773754	-0.02143038419	-0.03025532779	-0.006317737855	-0.01090908339	0.01679298015	-0.02106509074	0.03593451907	-0.03251269007	-0.006542728122	0.02513206214	0.05758911835	-0.01804041654	0.005620635889	-0.05162868299	-0.004432603357	-0.002411770238	-0.03613959655	-0.03048171494	0.03650850886	-0.02428913346	0.07519196886	0.1438228583	0.02018200885	0.1907140082	0.162500874	-0.05963203309	-0.1223406185	-0.1028757986	-0.03661214441	-0.02242954916	0.02893285213	0.07617100045	-0.03201072841	-0.007295931856	-0.03675953279	-0.1260437565	0.03013920462	-0.03057811334
0.1077465922	0.05629592498	0.1087017413	0.05800604394	0.0297332066	0.0003036921246	0.02945863681	0.05852489648	0.05781474519	-0.1608257455	-0.1869102	-0.1895819157	-0.1771462966	-0.1798669054	-0.1882271777	-0.1778700249	-0.1593798088	-0.1869063355	-0.1831457441	-0.1471240706	-0.06424787998	-0.02744824534	-0.1767693925	-0.02911361994	-0.0737833425	-0.1561698305	-0.1501132804	-0.1852797738	-0.1528540495	-0.07447721613	-0.1502359772	-0.03866001046	-0.04777150133	-0.1449084291	-0.041240823	-0.1798513759	0.08855390489	0.08870650574	0.09771763548	0.0180599378	-0.02143360729	0.04425388002	-0.1628382052	-0.07248391788	-0.1719413909	0.00906803085	-0.08253855323	-0.01684587198	-0.0883757227	-0.07533578397	-0.07960455089	0.006407726973	-0.1830571175	-0.1801596928	-0.172436801	-0.07641760194	-0.0709039852	-0.0727507451	-0.1667168991	-0.1600602563	-0.1614836685	-0.005366548196	-0.1811205347	-0.06576345722	-0.06772840974	-0.04147903972	0.02223663468	0.06129105352	0.06888698802	0.08079765903	0.04943303975	0.1346144454	0.1306907671	0.04104873518	0.08135973001	0.1208495799	-0.004270415122	0.03835538923	0.1010669576	0.1044814767	-0.03117895023	0.006694205947	0.1373807547	0.03510845745	0.06599446038	0.1157126086	0.1323195634	0.001536467325	0.0204748781	-0.04376212896	0.132593553	0.004791665293	-0.03430197306	0.1073105962	-0.01428991525	0.02006470622	0.005986167618	0.01937420036	0.3177512338	0.05991207205	0.05523496349	0.07602785973	0.03858762485	0.0115402077	0.01854890399	0.003392322078	0.0360658724	0.08527353829	0.04078789713	0.08431421162	0.07732916096	0.04991387886	0.07078290495	0.07050605614	0.09369287175	0.0282665491	-0.003716669593	0.06913613045	0.1479023736	0.01098836608	0.01431333603	0.02924539184	-0.005703598428	-0.07788652323	-0.02059988212	0.0207053266	-0.1599944115	0.04248127403	0.03265858745	0.01430804848	0.05370868518	-0.01760482644	0.02014781724	0.0439420772	0.04194341066	0.06314311238	0.006838154846	0.007420436506	0.09379655182	0.01914357383	0.05828906026	0.1139625693	0.01312700249	0.09538543432	0.1435231606	0.1466953295	0.090611779	0.05718048835	0.04607782643	0.0178719745	0.02378108013	-0.05658076361	-0.008309431108	-0.05279136937	-0.06233962386	-0.02907964786	-0.07393807631	-0.1057713744	-0.06359101064	-0.05143436799	-0.03461436141	0.01310507252	0.01249401916	0.1040475372	0.1015619286	0.0486789452	-0.1063877562	-0.004028714331	-0.06802730693	-0.08577093798	-0.03258259827	-0.1160945368	-0.06102258563	0.06036561553	-0.001601498957	0.008062723245	-0.01379681615	0.06054671004	0.1120707096	0.08604233388	-0.04082066559	0.06827326845	0.1090230922	0.1162892743	0.008894241981	0.0420952503	0.01111817254	0.09521917322	0.098571876	0.08694112286	0.1089619119	0.0945849976	0.06182236904	0.002837545852	0.03523442675	0.05565886965	0.02403676081	0.04394952162	-0.02937754152	0.08401415034	0.02261297802	0.02542311314	0.009597504593	0.07785797916	0.01599438284	0.02482633003	0.04918912149	-0.04194820514	-0.02661525073	-0.04965676429	-0.05888474968	0.09689616777	0.08716810662	0.1398559082	-0.0448456053	0.1038678477	0.06802993527	0.001484432119	-0.02516602382	-0.1854217421	-0.1442207697	0.09125608173	0.06363495567	0.06154195724	0.1287406864	-0.08109749711	0.01127260346	-0.03433823807	-0.1892433038	0.06497769818	0.04466602198
0.005107322487	0.05612065082	0.001954623079	0.0895776127	0.04387237317	0.06025023574	-0.01521876459	0.006921177134	0.03842050897	-0.1624135399	-0.1885854013	-0.1881590722	-0.1791853704	-0.1647827035	-0.1764201685	-0.1778037137	-0.1577767667	-0.1853842022	-0.1534668763	-0.1491560707	-0.02758649261	0.02433264486	-0.1596276652	0.005447666512	-0.02787181692	-0.1402682781	-0.1405710221	-0.1614754445	-0.1366684555	-0.02796529542	-0.1301666219	0.04946852191	-0.01275872579	-0.1299081746	0.01845353422	-0.1655770706	-0.01991927094	0.003387173781	-2.362199297e-05	-0.03559168085	-0.01639444308	-0.008427079048	-0.1448323036	-0.06498256287	-0.1522750521	-0.03282695536	-0.03304998975	0.01324101109	-0.0443379437	-0.04613181817	-0.04055458828	0.03852002455	-0.1762494027	-0.1657467055	-0.1600873404	-0.03400741021	-0.02780142494	-0.02996377164	-0.1494324669	-0.1608384385	-0.1427102678	-0.001630166839	-0.1648011829	-0.04320088969	-0.0406797213	-0.0115156295	0.04235066611	0.05001962004	0.0024652399	0.0327799168	0.0968884722	0.10705207	0.1022546721	0.01584206353	-0.01122625856	0.008886333377	0.05335822971	0.1795149622	0.0116821453	0.009275353638	-0.03871490762	-0.05840770265	0.02062266972	0.06666093289	0.009171238556	0.03164431208	0.04430373024	-0.01633343091	-0.02923006822	0.01030570599	0.005222251469	-0.01592895717	0.08312391209	0.02207900746	-0.003525332594	0.01372376568	0.02700555707	-0.04695674462	0.05991207205	0.3747401587	-0.05744149811	0.02789014154	-0.0336290983	0.1719242974	-0.002110461842	-0.006315985158	0.009000744917	0.08324957238	0.08397676342	-0.00620829347	0.03042127399	-0.03484606283	0.03531204039	-0.006595605887	-0.002890161563	0.1133773823	0.03845762157	0.006469705723	-0.01946698543	0.00753577658	-0.01197820451	0.09091694383	0.1346657834	0.02372713806	0.1270826031	0.004743520292	-0.142056228	0.05791771907	0.01418820658	0.04146018627	-0.004486758642	0.009586180335	-0.02381825039	-0.04735930523	0.07325335491	0.1744120111	0.1184099997	0.0264656315	-0.004578120508	0.02973800566	-0.02534848238	-0.01791161451	-0.04130530689	-0.01314998694	-0.02322598667	-0.02198159744	0.01077664462	-0.003230881347	-0.03315444537	-0.04138720691	0.006021872332	0.006415973949	0.008256254529	-0.005818091056	0.0343340619	0.005681391801	0.0323503754	-0.001955421228	0.02518380751	0.04822233194	-0.03865555948	0.0226515373	0.06347410288	-0.002609520388	0.05394431829	0.05582012105	-0.03486052237	0.1323018914	0.1347515217	0.04621955287	0.1073240193	0.00437979883	0.05399204518	0.03224140695	0.03063253747	0.169350164	0.1236992732	0.07684739068	0.1306958325	0.03722371317	0.01485795041	0.01138370738	0.1887604982	0.216540723	0.1038384555	0.04976484094	0.001623044541	0.03006219276	-0.01539209096	0.009159115905	-0.006294180735	0.06544765672	0.1048006846	0.05709575732	0.06396750655	0.06836770017	0.02907192029	-0.0203300415	0.03149977772	-0.01390465916	0.01617348326	0.02703555125	-0.002714236447	-0.03540918026	0.002258038141	0.05506891713	-0.00324842239	-0.05201101268	0.005343514889	0.01130123258	-0.05076562661	-0.008117104831	-0.004788891229	0.02483922219	-0.02376653616	0.2025401675	-0.004515988458	-0.02381308427	0.01185222558	-0.1835883835	-0.1297254251	0.1819595251	0.1723752168	-0.01971137476	0.03159753919	-0.04536062803	0.04803041084	0.01600479354	-0.1781422167	0.006894412517	0.07465750345
0.07265236157	-0.03438925442	0.04495965317	0.02333109633	-0.0007834867414	0.01508117083	0.01398576397	0.02086635364	0.0135882996	-0.1555584875	-0.146316508	-0.1492948555	-0.1412722153	-0.1465531635	-0.1484844861	-0.1361229147	-0.1534315442	-0.1503921851	-0.1362829744	-0.1418084067	-0.007837209079	-0.0403238779	-0.1274399593	-0.04496935054	-0.03723180904	-0.1566880312	-0.1475237911	-0.1546522595	-0.1570440178	-0.03818893899	-0.1559381138	-0.05859053072	-0.05563438648	-0.1022120161	-0.06044638088	-0.145885013	0.03948439581	0.02709969058	0.01734293534	0.01424969028	-0.02557992358	0.02984215827	-0.1671009371	-0.02250838284	-0.1543454642	-0.001411510732	-0.02463631088	-0.02788486064	-0.02100189619	-0.01640570439	-0.02371642152	-0.06488907293	-0.1519959995	-0.1436646107	-0.1383487516	-0.03985159692	-0.0379085783	-0.04037911005	-0.1678187698	-0.1623964566	-0.1570424354	-0.01009068185	-0.1508250568	-0.02900617241	-0.02683245143	-0.04674824017	-0.03705525719	-0.05525075151	-0.004435482031	0.01511207943	0.02375406429	0.01252366113	0.0123780996	0.06319932189	0.02132177579	0.1000512683	-0.05852230696	-0.05018223521	0.04998695805	0.02229069917	0.1267663612	0.07926152219	0.171626594	0.01828674846	0.110053432	0.1477807587	0.02911636049	0.08449220982	0.2095729913	-0.0486255138	0.1144825125	0.0836139585	0.0008312359122	0.01972784431	0.0892061664	0.09223381097	0.09127419099	0.214828744	0.05523496349	-0.05744149811	0.3565434983	0.02332766943	0.01476629518	-0.0780123382	0.006618549638	0.1455166895	0.03123970031	0.02319492115	-0.04196368811	0.0526390678	0.1110016614	0.0556684425	7.665288957e-05	0.1036315207	0.1483845901	0.0195019004	0.05835435374	0.05226803886	0.06981535673	0.06435372338	0.1964486805	0.005345417647	-0.03136619323	-0.02821481495	-0.03205575229	-0.04030644078	-0.1628707565	-0.002073953597	0.03066762975	0.03778234783	0.2046922388	0.1454474972	0.1499870003	0.1631055482	-0.0008331282168	0.02288484577	-0.06007258432	0.085610721	0.08885863697	0.0144433071	0.05139776102	0.07742766566	0.1392994717	0.04017075489	0.06168522648	0.06126193172	0.005340274334	0.07822380075	0.06234634612	0.1423933015	0.04422588317	-0.02950537936	0.009109373505	-0.01366242483	-0.03274493866	-0.04823914441	-0.06711747825	-0.06554444202	-0.03523229856	-0.04074901868	-0.04599859446	-0.01456192143	-0.02506338175	0.1543912047	0.01628799136	0.1412537544	-0.01360575502	-0.07195586059	-0.09270867316	-0.04836500291	-0.04632916096	-0.06594629435	0.02013593782	0.031031274	-0.02297973196	-0.008337051596	-0.06799985646	0.01036178067	-0.0171672016	0.06306522104	0.009581116182	0.06657356118	-0.0182327286	-0.03145207021	-0.03119032809	0.02153272146	0.04562372834	0.06211805995	0.06930352813	0.09170145001	0.1266594343	0.01383040142	-0.05425667821	-0.01362079542	-0.03083385842	0.009106638395	0.002224348703	0.03957444488	-0.006719312602	0.05084088247	-0.0124214111	0.01112865076	0.06922276791	0.08203204896	-0.007040404137	0.006124622825	-0.03034163872	-0.03076930724	-0.008165351022	-0.02595013068	-0.01384976789	0.06802168318	0.01435595478	0.07462710372	0.06475375707	0.00143000203	0.1947308853	0.1179061228	-0.04934144263	-0.1262215549	-0.105081501	-0.04243311976	-0.02235809933	0.03546119153	0.06056138316	-0.0306107268	-0.003905730289	-0.02975590591	-0.1258824434	0.03294720494	-0.02783487803
0.06565805707	0.0951879762	0.1334633469	0.09459775879	0.02853885568	0.01615868502	0.05612631491	0.1036701605	0.09896041459	-0.1943335488	-0.1838613307	-0.1878427944	-0.1783822817	-0.1804165648	-0.1859327147	-0.175940727	-0.1947683399	-0.1860838992	-0.1822392706	-0.1807288977	-0.03686211022	-0.04256983731	-0.1780180614	-0.08150712531	-0.06576642091	-0.1913835057	-0.1901752905	-0.188313176	-0.194057979	-0.06705006232	-0.1876330883	-0.0672605606	-0.02353794764	-0.1282417936	-0.05945638424	-0.1841281957	0.08087707087	0.07498592515	0.1081443796	0.008468947838	-0.008870893621	0.05941429161	-0.2058087015	-0.0496321503	-0.1971607463	0.01161423116	-0.06119596543	0.01073773345	-0.08022966658	-0.05380702538	-0.04675358982	-0.02454937565	-0.1850438263	-0.1834351949	-0.1781263002	-0.07222144304	-0.06653803715	-0.03414495173	-0.2023489654	-0.194104361	-0.1908916086	-0.03829193807	-0.1835153535	-0.04190711105	-0.03758571504	-0.01349247525	0.05352564531	0.02395348358	0.07120884751	0.1053363752	0.1482254214	0.04982911784	0.05243830771	0.1583401641	0.1025465756	0.08570640563	0.01293485566	0.05256248436	0.08392427148	0.09916743373	-0.03011820772	0.001989779835	0.02738079992	0.008959479156	0.0258888061	0.0707406228	0.04643687041	-0.00268805994	0.03279991268	-0.07936471053	0.03380085269	0.02268677351	-0.0417969249	0.1068250281	-0.01112154611	0.01783368091	0.01658560064	0.02164124933	0.07602785973	0.02789014154	0.02332766943	0.3081708709	0.07714478817	0.01774451816	0.04485775777	0.014907708	0.01883271541	0.05379497675	0.01976368738	0.05712660003	0.1117445876	0.047408701	0.0575107846	0.03917665332	0.08246656111	0.04949670452	0.01505131812	0.06656052538	0.07990631216	0.0140901942	-0.00264029757	0.05367090435	0.004861770902	-0.05389339543	0.01894047256	0.04373875929	-0.201385895	0.1586113753	0.0177039431	-0.002354722057	0.0007321054937	-0.01208021482	0.03747688912	0.02456078765	0.04165099883	0.05497958773	0.008067547043	0.01806524469	-0.01913742132	0.0111859693	0.01795374061	0.05781932788	0.01106831284	0.06887065986	0.07971149982	0.08258776437	0.09753712934	0.003342545899	0.01802707275	0.0163470397	0.036051161	-0.02945834886	0.02098173158	-0.04272735522	-0.03052398293	-0.01872275613	-0.06112097332	-0.1036479878	-0.03770736628	-0.03760603558	-0.03307681018	0.04758264187	0.01744333242	0.08862275404	0.1063766622	0.027276205	-0.05641395017	0.01985271818	-0.07808155105	0.004428536541	-0.006773107239	-0.1347881713	-0.001131506756	0.2211645254	0.04793185439	0.03054157978	0.0104857353	0.07535400159	0.1333049752	0.0465819323	-0.05931208542	0.04398916698	0.1070872591	0.09200177143	0.03309767023	0.03738252566	0.03629133093	0.1111733703	0.08667350804	0.08099725037	0.04973533426	0.1104666849	0.06609102043	0.06004232962	0.04747616734	0.06517229889	0.05187308529	0.1221578166	0.02011541948	0.04848003626	0.01774480893	1.127045343e-05	0.009485458448	0.07210455722	0.01739825104	-0.0042529286	0.0708022654	-0.0277064681	-0.01398467058	-0.03025307631	-0.0572166665	0.09551945813	0.08983959646	0.04838982067	-0.02359875798	0.1200024182	0.0133383795	0.004690763996	-0.05455436993	-0.1712676483	-0.1196911035	0.09799489124	0.04013177593	0.0880874776	0.09032470628	-0.06655708619	0.06297541827	0.00615964583	-0.1767619483	0.1656639586	0.05433001893
0.04195267809	0.03731339348	0.03650752289	0.05197260044	0.06036308077	0.02504647657	0.04268124689	0.0914625988	0.05284627881	-0.1422478802	-0.1269140902	-0.1321921032	-0.1283367943	-0.1199557161	-0.1096460608	-0.120487593	-0.1414511274	-0.130936795	-0.1178381186	-0.1258321229	0.03540213737	0.0167286082	-0.1157597694	-0.04975919136	-0.03110048434	-0.124114152	-0.1274876042	-0.1238174798	-0.1297811624	-0.03977647368	-0.1236838044	0.009198290806	0.06285563264	-0.09997582048	0.0148590673	-0.1199641381	0.09548409454	0.08540963169	0.1102644173	0.03038608846	0.05735450258	0.06516902711	-0.1524578703	-0.04095494078	-0.1336147788	0.05436934134	-0.02660705085	0.1370571421	-0.03531293079	0.01308722064	-0.01157314827	0.02670252947	-0.1206679924	-0.1112696369	-0.1112015342	-0.04573150866	-0.03754512877	0.05969859885	-0.153702478	-0.1437833612	-0.1670417868	0.03143585949	-0.1263205573	0.009823335853	0.01783638329	0.03345329911	0.01823583148	0.07453038435	0.1151125986	0.1146926381	0.03203512506	0.02668461723	0.02949962641	0.03206235318	0.02333106999	0.03370126524	0.06042465337	-0.02730763187	0.04663840237	0.08296836883	-0.02284501159	-0.00965652502	0.002952892521	-0.04775291367	-0.008124943312	0.03350556766	0.03565390481	0.009562766036	0.02618562953	-0.03000699968	0.03757305781	0.01996751501	-0.0179186286	0.08529495729	-0.0002601741833	0.00484698985	0.002548347592	0.01615780773	0.03858762485	-0.0336290983	0.01476629518	0.07714478817	0.3660189751	-0.01574956889	0.07794987389	0.06483082343	0.00544780212	0.03079810503	0.02380530398	0.03611671534	0.06815337154	0.0703999375	0.01582597391	0.01427781922	0.0402427238	-0.004131094382	7.182819636e-05	0.04741192536	0.05835257173	-0.002959887517	0.01608078543	0.04224455753	-0.04272242014	-0.04745014417	-0.02571062411	0.03690608079	-0.1488377875	0.05272452861	-0.0004895183671	0.002194403869	-0.01013160497	0.0004081892738	0.02594761228	0.02486913609	0.02868301979	0.0004301363627	-0.06875051107	0.002154596789	0.01230401833	0.006702414392	0.06428734956	0.04405176365	0.007953404077	0.04280269259	0.0457776982	0.04453834512	0.110361086	-0.005155864818	0.07291621581	0.005283866808	-0.0004814672706	-0.005677742009	-0.03764697043	-0.0009451366684	-0.07767447349	0.01193045198	-0.05535142558	-0.07604323116	-0.07217353071	-0.05397735057	-0.0385290672	0.08153731065	-0.01153028207	0.04567139912	0.05887162308	0.00267759755	-0.05706628078	-0.05041632133	-0.07051194154	-0.0659038365	-0.06941481625	-0.09203770141	-0.01017704216	0.04507288943	-0.00488357793	-0.01407983308	-0.06077578657	-0.002333465333	0.03298292277	0.0463083702	0.001386097566	0.01640831758	0.001109754476	0.00308206385	-0.01669619573	0.03485409278	0.03153553561	0.04522906647	0.06913938633	0.06033612644	0.008478954053	0.04244168819	0.03425154353	0.0301473527	0.03446919023	0.04600945612	0.03730932257	0.01004957835	0.02349790721	0.01378903068	-0.02626027964	-0.03633550652	-0.03232684224	0.03584016264	0.04882947717	-0.03672331935	0.1335069204	-0.01896904344	0.0150996583	0.03902029331	0.008362357178	0.07851062907	0.1307698914	0.01461930145	0.02417985	0.0151830554	-0.0001050688293	0.01825654197	0.03152476855	-0.122704312	-0.08898889191	0.02859757898	0.02586116825	0.07133020467	0.02146925553	-0.004881346395	0.04416029111	0.05827763017	-0.1237687524	0.06215573003	0.01898136657
0.02417658017	0.05468742338	0.01243862332	0.08698373935	0.01290160998	0.03297588893	0.002146278779	-0.006286275056	0.08339629524	-0.1757927888	-0.1767461563	-0.1709829479	-0.1680558545	-0.1421686757	-0.1541977732	-0.1760545015	-0.1778148054	-0.1714438323	-0.1331630239	-0.181923791	-0.04059180204	-0.04593742205	-0.1414949412	-0.01631770516	0.0005216297107	-0.1530678766	-0.1503114152	-0.1414210184	-0.1524261261	-0.004502263461	-0.150109856	-0.0259124791	-0.01945817237	-0.1026731479	-0.03560628055	-0.1402403703	-0.02374516272	-0.02143882482	0.005489284548	-0.04458014284	-0.0187905041	-0.05301985849	-0.1598591921	-0.0221600524	-0.1507421765	-0.04846764539	-0.03373158569	0.001188617753	-0.01566982429	-0.05792197404	-0.03539655525	0.009912330631	-0.1501634415	-0.1464301738	-0.1392411614	-0.0007775141622	0.002106554453	-0.04268204646	-0.164781632	-0.1786584187	-0.1522310006	-0.07262830951	-0.1385878675	-0.04281049904	-0.04114506128	0.009627073557	0.07009555299	-0.001170017656	0.01848541335	0.0116815538	0.06468444086	0.07999073708	0.07508945931	-0.01014616548	0.04053967216	0.007176215694	0.1105377416	0.1968686407	0.01599069926	0.01671349863	0.01255069631	0.004438127617	-0.04302811241	0.05746692519	-0.001687478674	-0.007336866985	0.03864113795	0.02105791053	-0.02654514206	0.1069575858	-0.02165556116	0.008241914088	0.08248531383	0.02758722899	0.01961042762	0.01943286381	0.03973441297	-0.04486664184	0.0115402077	0.1719242974	-0.0780123382	0.01774451816	-0.01574956889	0.3759532107	-0.01121360136	0.0001165055464	0.03337242191	0.05992463136	0.05559251891	0.005602062985	0.03442246848	-0.06940149015	0.04338168459	0.02222762572	-0.01045967328	0.08351648197	0.03902402336	-0.01597912924	-0.006782245049	0.05761037231	-0.004000933642	0.05998605448	0.1075674935	0.115245329	0.1413322689	0.03987990311	-0.1571501786	0.06123862327	0.03576980325	0.05811537066	-0.07003923315	0.02414078952	-0.03379288179	-0.01907268586	0.03872292037	0.03526667925	0.114823535	0.03915872716	-0.02194569903	0.06841766013	-0.03263124326	-0.01153429132	-0.03063373406	0.02376723703	-0.008812532175	-0.009099731338	0.01371375482	0.04570871484	-0.03395408054	-0.03024250321	0.04224328109	-0.01650329792	0.02982809183	0.03798193441	0.0522169708	0.03237335095	0.05542650137	0.0423396326	0.05161688259	0.0712998124	0.0516407186	0.04051590583	0.009782851907	-0.009594427172	0.04669325473	0.008177345785	0.02702803431	0.1225679232	0.09944946426	0.1110959044	0.09289484508	0.07670018137	0.1327281009	0.006523769314	0.05355780757	0.1429983791	0.1151127653	0.01467883922	0.0421658237	0.04329948832	0.05904721755	0.03283065153	0.03951711363	0.1080102226	0.2114150602	0.05011252638	0.02660251053	0.02402147276	-0.01877981762	0.0224476656	-0.07182416334	0.06033781899	0.04159706114	0.05152956985	0.06219734862	-0.000729448267	0.01525125235	-0.02196661696	0.01594336594	0.03624296547	0.1028511713	0.1218813542	0.01034415018	0.02362654084	-0.00133266587	0.06172516581	0.0138423781	-0.01086442649	0.0001261240841	0.0005128755815	-0.04952101911	-0.01918961847	0.01289845827	-0.04986256929	0.01645642439	0.07886476805	-0.03927264137	-0.02977718886	-0.05990841665	-0.1692263953	-0.1074036572	0.07844258818	0.07840555071	-0.03162274264	0.02649452108	-0.008588504504	0.06950611156	0.004680292669	-0.1474759762	-0.0002878138578	0.07091893933
0.05655666774	0.03163356403	0.02963667825	0.01622612009	0.06522337228	0.02248509122	0.0364510426	0.06861861884	0.06915904417	-0.1330786092	-0.1272605541	-0.1295294438	-0.120573088	-0.1298643313	-0.1319016216	-0.1191419318	-0.1333202715	-0.1297662365	-0.140420937	-0.1258784618	-0.01770649252	-0.03653563574	-0.162524647	-0.01815003407	-0.008113708506	-0.1433561004	-0.1366934263	-0.119128777	-0.1369386402	-0.01055257725	-0.1305768286	0.03916115927	0.005665949977	-0.107552307	0.02828326572	-0.1258361239	0.06803053901	0.05272876587	0.07956526115	0.05761419008	0.05676316398	0.05780976966	-0.140689943	-0.05220707961	-0.1400017649	0.01697625423	0.003048484773	0.0004410140146	-0.02937219802	-0.01872416228	0.01006884321	-0.05455365322	-0.1353907974	-0.1281147805	-0.1257139362	-0.01065555967	-0.002273430057	0.01818969009	-0.1419252871	-0.1408758896	-0.1240228302	0.006888206698	-0.129863712	0.01972989301	0.01556716439	-0.04229501291	0.06991020393	0.007089536208	0.1097283825	0.08555234368	0.01869629908	-0.001278927009	-4.515768855e-05	0.02924383263	0.06471233504	0.04502736181	0.1132667569	-0.006300788534	0.0251622415	0.07354748681	0.004252889858	0.005278205486	-0.004865334123	0.05847364235	0.03477743958	0.004917118868	0.02266944655	0.02611421112	0.0182027308	-0.02816649678	0.01843026228	0.01082666323	0.02132631507	0.04415642769	-0.01142103512	-0.008579865908	-0.02067135289	-0.003449407522	0.01854890399	-0.002110461842	0.006618549638	0.04485775777	0.07794987389	-0.01121360136	0.3934896811	-0.03947257426	0.01808892677	0.04660412517	0.01961228448	0.05144385664	0.01584177996	0.06296985474	0.06482043365	0.02461815064	0.02145879145	0.03748831679	-0.00891748644	0.03259838512	0.02454918795	-0.006967432079	0.004221686433	0.05609102682	-0.01454795682	-0.02434559733	-0.00182198895	-0.01247208057	-0.138823379	0.009459096144	-0.001934521906	0.03681001736	-0.006060307965	-0.004427478082	0.01464199674	0.01222078913	0.04766706619	-0.01510729089	-0.0009021623215	-0.02126586037	-0.008337262085	0.02649759865	0.1026904396	0.06127391241	-0.00567425183	0.030116854	0.04317699133	0.03720379133	0.09184400869	0.007883199957	0.09831389973	-0.001056957188	0.05111386455	0.07194584396	-0.01173494729	0.04569924287	0.01172113254	0.00477101191	-2.866656428e-05	0.00680303899	0.02328353507	-0.0128736144	0.03775938662	0.1365611458	0.0047685038	0.02863200344	0.02992266609	0.01796955987	-0.02868996458	-0.009241689117	-0.04493830593	-0.02437542252	-0.01162898649	-0.04165497946	0.04189307044	0.0177009905	-0.02427693769	-0.02675803898	0.001982213156	0.006690687428	-0.001261906003	0.008662978592	-0.03825642163	0.03400735725	0.04183637065	0.01847849894	0.03693494985	0.0861895797	0.02946279807	0.01383441158	0.02790705748	0.03609721465	0.00432473424	0.04431369685	0.01949477482	-0.02509651861	0.004067160314	-0.0154486934	0.04194877012	-0.005022185941	-0.009270347778	0.03346018902	0.01097129312	0.02348164152	0.01251010169	0.03484440888	0.02496776574	0.03956222931	0.05105631513	0.03031064721	0.03683967976	-0.02644224228	-0.008882693631	0.03972258556	0.09433480365	0.04966542536	-0.01230762466	-0.003111728616	-0.0182344237	0.0066970343	-0.01854204736	-0.1470591248	-0.1031429624	0.03870465871	0.01474960318	0.0509796762	0.03126346101	-0.009159463025	0.03775169935	0.02419922863	-0.1558118941	0.05190166258	0.02426212784
0.08618422883	-0.00891138639	-0.01728128343	0.01647863228	-0.01771139939	-0.02193605575	-0.02385729853	0.009813447024	-0.01173768423	-0.1392087336	-0.1277027351	-0.1315465885	-0.1243023365	-0.1161418889	-0.1256396464	-0.1211731994	-0.1403270319	-0.1317175289	-0.102960262	-0.1260532849	-0.01242500323	-0.02851415769	-0.1008166508	-0.02230717172	-0.01343830918	-0.1297465102	-0.1281106716	-0.1163390239	-0.1301632135	-0.01817980612	-0.1212610336	-0.05388658746	-0.01585477994	-0.09375014659	-0.03982054136	-0.1149145274	0.003390763292	0.0002060706911	0.007706595801	-0.03749258667	-0.01031132596	0.01055658712	-0.1487222095	-0.03559704993	-0.1297897658	0.008682252686	-0.02699799577	0.001528858953	-0.02051700761	-0.01505819469	-0.01732049289	-0.01673568017	-0.1205029872	-0.1196300085	-0.1024431206	-0.02015250742	-0.02024198307	-0.01181505653	-0.1509159484	-0.1436976014	-0.1639593005	0.0005577747233	-0.1261997433	-0.02689033055	-0.03914481755	0.004033672004	-0.03111532329	-0.002752565679	-0.00994699671	0.003100611377	0.03405248561	0.01966604018	0.02018156658	0.03161942732	-0.0449011261	0.05479401437	-0.01205317621	-0.01788619241	-0.0231925878	0.004362330023	0.1329050882	0.08367419694	0.1070882464	-0.04841824264	0.07023032717	0.116650211	0.003198737599	0.07977661687	0.1899255377	0.0366924655	0.1059037887	0.139109521	0.04181202572	0.02260352961	0.08411801202	0.1451197942	0.1030857894	0.1904916918	0.003392322078	-0.006315985158	0.1455166895	0.014907708	0.06483082343	0.0001165055464	-0.03947257426	0.3815023017	0.05860473256	-0.0144095964	-0.01809441503	0.01655602756	0.09862834061	0.005058408917	-0.04175167955	0.06758892249	0.1180158941	0.01620697427	0.09032504198	0.05111182557	-0.01020672316	0.06578466846	0.2056620204	-0.00856628117	-0.003476565377	-0.002332432858	0.006807664637	-0.02589195335	-0.1452118849	0.02469910903	0.06118442678	0.08407039613	0.1390669336	0.1367189154	0.1920377789	0.1675484005	0.01165924629	0.05251432999	-0.03797939819	0.1070646214	0.08931308808	-0.05715042358	0.01054845698	0.03721966577	0.1341471013	-0.03231141008	-0.01371174046	-0.01408188605	0.002220631245	0.05842897311	0.01326635501	0.138040772	-0.04222482192	-0.06799344995	-0.02948124359	-0.04612574551	-0.02260746308	-0.04549312442	0.006320133465	-0.006013664141	-0.03221736336	-0.01768910205	-0.03581269719	-0.02514856573	-0.0083643935	0.08422841949	-0.003767765303	0.1118248154	-0.0208730117	-0.06364322358	-0.03225142447	-0.03784887102	-0.0665622408	-0.03376559031	0.06816176942	0.0182795426	-0.03288340533	0.05940541551	-0.0614474239	0.01152516988	0.00462487401	0.09174126793	0.06929948211	0.02881935838	-0.0206725483	-0.003358499524	-0.01717637532	0.04974089048	0.0810436911	0.06862383704	0.01496221191	0.07315929309	0.1058385956	-0.007127006187	-0.01441346255	0.03671785326	0.007950154657	0.04068033557	-0.01365477065	-3.993140902e-05	0.0007640458191	-0.03558269927	-0.09043855947	-0.07187774737	-0.008391283392	-0.01842989705	-0.0191312506	-0.0254992649	-0.007253846491	-0.03830688159	-0.03457899991	-0.01611326275	-0.01311190582	0.01420167606	0.006361876834	0.03633783671	0.1310150648	0.03227400923	0.1924092912	0.1152299834	-0.01631394333	-0.1074675297	-0.09427195686	-0.03511788446	-0.01670495593	0.02136301084	0.04968784001	-0.01685246218	-0.03764087135	-0.03166775679	-0.1066483146	0.01348991249	-0.04258685927
0.05699581448	-0.01447064666	0.008186272941	0.03453082372	-0.03125172539	-0.009587931363	-0.00523229527	-0.009135263217	0.03534519724	-0.1536694344	-0.1479844273	-0.1507808141	-0.1405905093	-0.1524655459	-0.1478999595	-0.1366546394	-0.1553789288	-0.1495238358	-0.1282260259	-0.1439901867	-0.009278629813	-0.02853199715	-0.1126908008	-0.008115233845	0.01147006015	-0.1558581662	-0.1575339099	-0.1538416618	-0.160426279	0.001616973879	-0.153246789	-0.07906163923	-0.03607984561	-0.06657507842	-0.06787793027	-0.1424282744	-0.01296673294	9.188749458e-05	-0.005074771591	-0.03098080975	-0.03833608493	0.02663141434	-0.1562299171	0.010849152	-0.1593017609	0.009253789757	-0.05393255305	-0.03577142166	-0.005343472049	-0.02101542126	0.01179047581	-0.02929807703	-0.1507829144	-0.1522990744	-0.1403012249	0.0002276654722	0.003349901327	-0.003708198717	-0.1636959457	-0.1576385775	-0.1465003476	0.02089822311	-0.1493587492	-0.007175448229	-0.02391513506	-0.009961662341	-0.03312489153	-0.04179721922	0.002176714355	-0.01886010712	0.007277270542	0.01540194155	0.0109669048	0.01745377955	0.001425923182	0.06802852306	0.003405492515	-0.01364192661	0.001396335441	0.008068295347	0.1070322185	0.1800914246	0.01138792033	0.02159776954	0.07113052031	0.002380480971	0.0230401942	0.1051951405	0.08539574014	0.225595644	0.02152406881	0.1742242297	0.07566254992	0.01706644611	0.08464306759	0.1404227125	0.1447579173	0.06325491404	0.0360658724	0.009000744917	0.03123970031	0.01883271541	0.00544780212	0.03337242191	0.01808892677	0.05860473256	0.3795661856	-0.006854678027	-0.009043817218	0.09073099623	0.0210738642	0.01272200606	-0.004471640497	0.1015328722	0.04528160314	0.02122960882	0.1616602048	0.05112611854	0.03259448167	0.1126775147	0.1108436814	-0.023649336	0.03565354498	0.02110477882	0.002832003355	-0.06339145143	-0.1531367209	0.02328047123	0.3519650985	0.2468735023	0.05380685289	0.1155722383	0.07351252479	0.05181132791	-0.01587632615	0.07209699746	-0.007672946801	0.1425783508	0.07624050963	-0.003799231339	0.01481880976	0.03476748608	0.1017900264	-0.0121056864	0.03299544962	0.033619124	-0.007031329206	0.09629739217	0.01551441196	0.081532069	0.01286196274	-0.02028273613	-0.0371003962	-0.03596208146	-0.01885527031	-0.03878591182	-0.02769392028	-0.05064239338	-0.03379524351	-0.02233326196	-0.04477106864	0.03497476208	-0.04296388225	0.02697490168	0.02089918	0.1171389514	-0.027882484	-0.053152702	-0.04274483815	-0.03411341738	-0.04468341303	-0.008031237985	-0.03034391805	0.0214718733	-0.02703014168	0.110574802	-0.04756874808	0.02054219226	-0.03356236788	0.09515141274	0.151382553	0.1011801384	-0.009942996634	0.03197888427	0.03344369062	0.03939620468	0.1311539101	0.0510031775	0.006208673654	0.04650088395	0.03962569312	0.01937664722	-0.01354948704	-0.04484375645	-0.02046057885	-0.03250592824	-0.06802006135	-0.01478944955	-0.04239795564	-0.007530601806	-0.0434694508	-0.04796112692	0.08870405869	-0.01693880926	-0.02574145823	0.06989510833	-0.03597308229	-0.01332098353	-0.01905712108	-0.03586571693	0.003859525606	0.008294445196	0.01193449952	0.01735497156	0.1334138404	0.07245232603	0.06042062293	0.08952796626	-0.03286972312	-0.1111463774	-0.0814998244	-0.03514256763	-0.003573010062	0.006338967493	0.07327630667	-0.03998713877	0.003814290759	-0.006473944602	-0.1039263437	-0.0006017533479	0.003598456154
0.04596215401	0.07225572138	0.07478589272	0.08538592623	0.04391557353	0.09500921275	0.0781958648	0.06449304277	0.06984651953	-0.2115567314	-0.2022735179	-0.2051600479	-0.1953303386	-0.1778244246	-0.1878893352	-0.1952626302	-0.209721047	-0.1906867864	-0.1613388519	-0.1997084433	-0.01881089252	-0.02943140046	-0.1778496383	-0.06185807215	-0.04791753674	-0.1886909809	-0.1888448689	-0.1653092186	-0.1896421637	-0.04388901323	-0.1817345348	-0.003999050246	-0.003360127851	-0.1321086478	-0.0334978548	-0.1720903893	0.08342736023	0.08366269518	0.08722973375	0.03555412563	0.02266989367	0.05149221875	-0.1900346168	-0.06216983624	-0.1820750037	-0.002664822813	-0.0338742649	0.04793074725	-0.04522220075	-0.02804302365	-0.05724037909	-0.02249753727	-0.1809502899	-0.1793892698	-0.1663039129	-0.0508684395	-0.03875590391	-0.02540190109	-0.1923101663	-0.204624453	-0.1823734134	-0.06098366309	-0.1798440856	-0.03227250967	-0.03157154178	-0.005341534795	0.09104425677	0.03323155779	0.08768648817	0.080860507	0.05200728304	0.06215733979	0.05978004444	0.007632486212	0.07554205785	0.08505402114	0.06075439424	0.03997682687	0.1009371528	0.08548508296	-0.03705776971	-0.07224468436	0.04533061505	0.04844240142	0.03390553439	0.01494531175	0.01035729065	-0.04952437699	-0.01525513119	-0.05774394917	-0.0113352763	-0.02660928846	0.03065176944	0.1205711902	-0.05155894359	-0.03102352013	-0.03906373459	-0.01802463919	0.08527353829	0.08324957238	0.02319492115	0.05379497675	0.03079810503	0.05992463136	0.04660412517	-0.0144095964	-0.006854678027	0.3160225425	0.06551548838	0.02333296272	0.06211768308	0.07041511334	0.1173563896	0.04310399945	0.07426079346	0.1323232621	-0.01231760267	0.03946638736	0.118159857	-0.05372353892	-0.02389540165	0.101976384	0.08112250082	-0.02662932868	0.04532811535	0.08235774828	-0.1867438776	0.02887687735	-0.006435543089	0.01820128313	-0.04121003516	-0.04369010104	-0.005365891876	0.003740994127	0.06033860948	0.01456434317	-0.008290446463	-0.03963837167	0.01444245071	0.06481641936	0.05001555348	0.07505585035	-0.05113628312	0.1325848234	0.1270319651	0.1301638	0.07625683843	-0.0006902979501	0.05674361493	-0.04590927779	0.09179325587	-0.02310595806	0.03773063583	-0.003046564048	0.01229460761	0.006666698961	0.004545408472	-0.04563528909	0.01954124408	0.01331117912	-0.03412182642	0.06692893914	-0.005878072988	0.0590667114	0.08741239728	0.02938246302	-0.05253700246	0.01446146803	-0.03728935231	-0.01333591677	-0.01471562296	-0.06930391501	-0.001408721725	0.05126817399	0.01729681577	0.02039556386	0.004718315402	-0.01661469072	0.03613690994	0.04275048287	-0.008940816762	0.03412729053	0.06035639191	0.08184322389	0.08742856985	0.02255841576	0.001862526675	0.06134149538	0.1395284657	0.07312071032	-0.000376511744	0.1282092702	0.03771134961	0.05513095006	0.07446408655	0.06322701159	0.09247670728	0.03130335683	0.06954413803	0.05909236959	0.06383818778	0.07023815374	0.005371412167	0.07914856055	0.05441920607	0.03898920439	0.06440820861	-0.03819094265	0.01827906568	-0.008572822694	-0.01900229043	0.1440549866	0.09415070052	0.02999311631	-0.03748928361	0.03595730001	-0.0252407133	-0.03104402088	-0.02683445736	-0.1850352789	-0.1366055191	0.1374702238	0.07414228406	0.06134713553	0.0610623399	-0.04224870054	0.09066453155	0.009462165134	-0.181629651	0.06637934523	0.1000782993
-0.00154138995	0.2024843529	0.01948757443	0.01907735291	0.04262622662	0.0362327931	0.00866945188	0.0152869409	0.002609355944	-0.125258275	-0.1369556075	-0.14000721	-0.1299250508	-0.121855478	-0.1255367381	-0.1275147121	-0.1250738852	-0.1388663479	-0.1081085237	-0.1124379827	0.02413384725	0.04133596294	-0.1146546457	0.02175135649	0.01161503458	-0.1174444193	-0.111681409	-0.1208175671	-0.1035030262	0.003023156843	-0.1071305981	0.03114493495	0.03401833148	-0.08965321019	0.02779590802	-0.1180807757	0.0486265843	0.03968202198	0.008414695231	-0.03050893377	0.0134282557	0.005401705083	-0.116279776	-0.0346521794	-0.1238253817	0.04848224847	0.009358249754	0.06208763928	-0.00127708325	0.004221551031	-0.002316244559	0.02815673869	-0.128680732	-0.120858807	-0.1199886502	0.005657711544	0.01184793059	0.006735928956	-0.1222322068	-0.1223095817	-0.1327745457	0.01981321728	-0.1151323719	0.01714597229	0.007079613771	0.005840496927	0.03100861347	0.05750985367	0.008253194101	0.05338307854	0.01263748342	0.02280364946	0.02127549902	0.02877867447	0.02510373812	0.007369612547	0.05774648942	0.01765266007	0.04963456507	0.003138817226	-0.02818754537	-0.04740697342	-0.009933118254	0.02079424359	-0.03000077116	-0.01083061608	0.07260157047	-0.04723496918	-0.04465770975	0.03568271989	0.01954974711	-0.04915025169	-0.00555381418	0.01581884886	-0.06731445952	-0.0215047575	-0.04839378661	-0.0441478956	0.04078789713	0.08397676342	-0.04196368811	0.01976368738	0.02380530398	0.05559251891	0.01961228448	-0.01809441503	-0.009043817218	0.06551548838	0.3759254859	-0.01403424583	-0.01800614841	0.00206502251	0.05332542623	-0.01224570789	-0.001769627587	0.01841926388	-0.02140605363	0.03352909569	0.0356122547	-0.05741349991	-0.04085977892	0.08157675237	0.02442015228	0.02718664291	0.03251136492	0.0751031527	-0.1136620428	0.01789503508	-0.01562572283	0.02667932182	-0.02322435293	-0.04819647034	-0.03394932762	-0.0006829964845	0.02858120161	0.05569610882	0.07674507407	-0.04805660828	0.01877491143	0.07692149852	0.01216225875	-0.004788748244	-0.04332658974	0.01010415443	0.04265243858	0.04236905959	0.0155223258	-0.03005471921	0.00127726287	-0.04735537822	0.01863381825	0.002601827921	0.007950561672	-0.003411905795	-0.01424461481	0.02615198102	0.01003065392	0.0003747756918	-0.009547321804	0.01647831952	-0.006624731647	0.04080216667	0.05081637657	0.008926288932	0.09323253239	-0.003222826823	-0.01814975506	0.07834270397	0.01340962403	0.02832969617	0.06925415049	0.009320199308	-0.01107128721	0.01699403444	0.04273149994	0.02006699149	0.06888522344	0.01756585605	0.0555790376	0.01543214382	0.04446569914	-0.02105007553	0.06754709061	0.06072888316	0.01249220358	0.01284269381	-0.03923405633	0.008915031604	0.01103045553	0.03060177469	-8.791748907e-05	0.04919258343	0.1680445027	0.04197882173	0.06502909029	0.05870712283	0.06233411812	-0.01690706517	0.05625757379	0.02208348007	0.04633194217	0.03040538381	-0.02243344321	0.02417249199	0.027802665	0.02813633925	0.02758144354	-0.02511733152	0.03745455414	0.02962091787	0.009329465237	0.007730746591	0.03142296028	0.02572309892	0.030478099	0.01720021976	-0.05022135814	-0.009867931012	0.0398821291	-0.1308848978	-0.09393511015	0.07541607813	0.03146797667	0.02502545446	0.03732564064	0.01679633078	0.0213078388	0.004236388277	-0.1186013886	0.02488697916	0.06755082991
0.07232736441	0.01595012887	0.05440623549	0.0547194849	0.01592535893	0.07886567395	0.01436500876	0.01518732311	0.08385371543	-0.1762594141	-0.1677610939	-0.170499469	-0.1630173072	-0.1705118804	-0.1665153326	-0.1578538945	-0.1745649426	-0.173608136	-0.1643899996	-0.1625407532	-0.04401011294	-0.06954538196	-0.1654715424	-0.05707315535	-0.03928718566	-0.1750245454	-0.1720823435	-0.1722125399	-0.171983903	-0.04566908891	-0.1724370661	-0.0706460489	-0.07050807948	-0.1201948813	-0.08074373684	-0.1637368161	0.04447530316	0.0164722856	0.02119263938	-0.009354982709	-0.03033327858	0.003760855292	-0.1883558227	-0.04046905818	-0.1748639633	-0.009395675606	-0.03729475264	-0.05265052632	-0.05090629665	-0.05034522349	-0.03669601231	-0.05698242702	-0.1624738206	-0.165866401	-0.1576604036	-0.04830574789	-0.04155445177	-0.05534367609	-0.1944722332	-0.1781023073	-0.172050112	-0.008313658225	-0.1617873424	-0.03596935805	-0.0506614958	-0.04994842298	0.005708776524	-0.03501290974	0.01563105252	0.0229769811	0.02631959761	0.04324667908	0.04158601674	0.03013723978	0.05394902383	0.1004635661	0.03601372047	-0.005455094852	0.1196193517	0.04097758501	0.02469823259	0.1074390988	0.02751177653	0.03568291497	0.07216767537	0.0722263146	0.06198234061	0.07233381272	0.06907882817	0.04371288427	0.06017482231	0.1417338955	-0.01933932945	0.03632139072	0.04550937047	0.1081736118	0.07674940792	0.05316838801	0.08431421162	-0.00620829347	0.0526390678	0.05712660003	0.03611671534	0.005602062985	0.05144385664	0.01655602756	0.09073099623	0.02333296272	-0.01403424583	0.3613727611	0.06659218257	0.02515762145	0.02913398835	0.07855607606	0.04585982208	-0.002121093825	0.10153536	0.1484580698	0.1312654584	0.07391502938	0.08043946194	0.05152553662	0.07828525014	0.0813898884	0.001315844168	0.0100801677	-0.1848837514	0.1156768993	0.0647599032	0.05450971733	0.02930405955	0.0715233252	0.01717165201	0.04734457257	0.01243983606	0.0213813632	-0.03683454218	0.08027293051	0.007982125488	0.0546712124	0.02201659652	0.08815080884	0.06238153344	0.1214418736	0.1445068744	0.1475893288	0.0291358202	0.08577668037	0.01479396654	0.06997163393	0.05191196357	-0.01229279494	-0.005112915012	-0.008222550298	-0.02500270778	-0.02655324888	-0.05830068492	-0.04332024503	0.005654391122	-0.0150082969	-0.01092726886	0.05376208611	-0.02798912168	0.07671491256	0.03020849005	0.09056649781	-0.04577238442	-0.0415864071	-0.06249332911	-0.0535998972	-0.05656557854	-0.03267946325	-0.03140953711	0.01646012163	-0.03141691909	0.007642188698	-0.04600212	-0.01298346862	0.06921960206	0.06794252662	0.04689754872	0.08585529022	-0.01158909629	0.02137442109	0.06393418756	0.07044018065	0.1047292327	0.05068054467	0.1316906925	0.1021076471	0.04481706932	0.03704548943	-0.0400760515	-0.02593487837	0.002861423128	0.008772310692	-0.001299296459	0.01992255136	-0.04867994893	0.05882252241	0.04710915452	0.01046601023	0.1769491629	0.06849314983	-0.00710797181	0.04927188969	-0.02237313357	-0.02085099189	0.002489098577	-0.03427241504	-0.02581618585	0.1329041856	0.03638068335	0.1432719791	0.04505870015	0.07354583726	0.02917354153	0.05799130503	-0.08532547541	-0.1523226995	-0.1231483866	-0.01865572939	0.02177933461	0.0213515358	0.09515613841	-0.05629822004	0.01657078326	-0.04526363666	-0.1629488234	0.05028486207	0.01077253208
0.09153967609	0.05026331991	0.08733023386	0.1315349669	0.02839017247	0.02394174277	0.0479407748	0.06264501555	0.07432594409	-0.185240553	-0.1758458651	-0.1780643082	-0.1699233855	-0.1715502933	-0.1825838815	-0.1662502051	-0.1836242074	-0.1788736373	-0.1788662647	-0.1716520298	-0.05934980022	-0.06818459225	-0.1693909004	-0.09082701495	-0.07596052754	-0.1824558687	-0.177648676	-0.1788569844	-0.1812844378	-0.07629608668	-0.1753573031	-0.08420213112	-0.03654030709	-0.1348428011	-0.06543803083	-0.1688110053	0.06018271856	0.07281273667	0.1134722319	0.00308542277	3.655248359e-05	0.03957449907	-0.194200186	-0.06133980307	-0.1817893556	-0.02478450851	-0.06771071138	-0.004562553093	-0.08618993614	-0.06990429342	-0.06402483487	-0.04384746618	-0.1777284717	-0.172705342	-0.1685011684	-0.08251775597	-0.07901841141	-0.05549045491	-0.1976625789	-0.1904823888	-0.1867949465	-0.04078032282	-0.1748972686	-0.05865253068	-0.05183370548	-0.03313136678	0.01681967508	0.01493230419	0.082423379	0.0955851049	0.1144423766	0.08018749511	0.08050799072	0.09958934183	0.04150760827	0.1273089036	-0.01366627005	0.008188047597	0.07877156631	0.09422713264	0.06413739995	0.04806419758	0.1418276957	0.0008298453951	0.05149348781	0.1591281458	0.0425121532	-0.01753180078	0.034648816	-0.08333716779	0.1022985756	0.03749613324	-0.03382701637	0.1118355062	0.01269816621	0.02710727629	0.03061564864	0.1104820668	0.07732916096	0.03042127399	0.1110016614	0.1117445876	0.06815337154	0.03442246848	0.01584177996	0.09862834061	0.0210738642	0.06211768308	-0.01800614841	0.06659218257	0.3035648748	0.04264804036	0.03642267096	0.07688152886	0.1780142473	0.08420206704	0.03711133448	0.0820852442	0.08925957275	0.0183206892	0.02078610452	0.004197739484	-0.01776320574	-0.07747871797	0.01821725349	-0.005415535359	-0.1895391196	0.07249134786	0.02597151499	0.004798523793	0.1064187596	0.009980855345	0.1388546354	0.09298371831	0.06616826163	0.05357325856	-0.03761967405	0.02478392581	-0.0246519667	0.04631876135	0.01883438731	0.0741765404	0.107879073	0.04863275841	0.08363938929	0.08518612898	0.09493446291	0.00941630944	0.0288915612	0.1151038532	0.02522812938	-0.05315071223	-0.01570407207	-0.05843260869	-0.05329125664	-0.02818355122	-0.07545273074	-0.1126646462	-0.06830399862	-0.06515396695	-0.05524879998	0.02778015828	-0.04760034647	0.1820589692	0.09152520335	0.07282047323	-0.08241034093	-0.007305610493	-0.06516310774	-0.0282742092	-0.03352798092	-0.1300350101	0.04141084173	0.08474383919	-0.01902896922	0.02019085584	-0.01756259207	0.0279824477	0.07923140309	0.08247384151	-0.03675412441	0.04770396623	0.06573028353	0.07517344512	0.02196130913	0.04071355927	0.0524442357	0.08445542684	0.09046616954	0.1222872138	0.05594164555	0.111190305	0.001975091496	0.04168238709	0.04231373477	0.07623187119	-0.001010220987	0.06583837188	-0.03898190312	0.06128071879	-0.007303705635	0.01516755444	0.0009364496082	0.0694220956	0.02877004545	-0.009636131999	0.06656382314	-0.04413540242	-0.008260950869	-0.01994201733	-0.06876066311	0.08063936676	0.08939043038	0.05803002225	0.05455107417	0.10910063	0.09944722696	0.09810416415	-0.06519401396	-0.1652472573	-0.1320269705	0.04231153599	0.0306017872	0.04356942027	0.09415192047	-0.06245662186	0.02319554609	-0.006763886288	-0.1639805157	0.09059988036	0.02005029051
0.02219734253	0.01488655698	0.06721988773	0.05282224495	0.09845550209	0.0258935524	0.06465687944	0.106981376	0.03685319415	-0.1791099038	-0.1663838748	-0.1719428392	-0.1630558063	-0.168252531	-0.1563477555	-0.1591075555	-0.1750460068	-0.1723870534	-0.1222947702	-0.1649156758	0.09279474601	0.04618576215	-0.1289822816	-0.04134495108	-0.028565018	-0.1725120637	-0.1638366446	-0.1669799257	-0.1743207832	-0.03077301997	-0.1665744185	-0.01520415779	0.04307085218	-0.08514925038	-0.006182438419	-0.1607549502	0.1438158803	0.2142068563	0.1923617071	0.1457345923	0.06354151124	0.2806111644	-0.1860619955	-0.02225289111	-0.177384092	0.1623934264	-0.01556281723	0.08452064968	-0.03264949832	0.07683182096	-0.007838215987	-0.03566569442	-0.1655141635	-0.1665128613	-0.1537203958	-0.02959892872	-0.0211775768	0.07757815296	-0.1861301506	-0.1844613859	-0.177427231	0.08610846206	-0.1673099561	-0.0133020607	-0.00882783767	-0.01581944882	0.03918687652	0.09484294283	0.07554101212	0.1239511913	0.002447682441	0.02360418741	0.0262541763	0.04597527486	0.06342022873	0.05019244524	-0.01070397984	-0.04967965265	0.04613379654	0.1614557504	-0.01294130091	0.001803797007	0.0349288655	-0.008946124256	0.06656638195	-0.01194977882	-0.03603329859	-0.005752745445	0.02607349355	-0.0566001464	-0.02366633478	0.007255636115	-0.008142401061	0.1360600452	-0.01907028108	0.02227058638	0.005252805952	0.01540875101	0.04991387886	-0.03484606283	0.0556684425	0.047408701	0.0703999375	-0.06940149015	0.06296985474	0.005058408917	0.01272200606	0.07041511334	0.00206502251	0.02515762145	0.04264804036	0.36426229	0.04430179235	0.01046171647	0.03940731166	0.00767318914	-0.00655037318	-0.005892416474	0.0640650117	-0.001500713457	0.01462200254	-0.000774433796	-0.01833492312	-0.04027250125	-0.03314216113	-0.01836782574	-0.1823404664	-0.02455188632	0.01550777551	-0.009939176587	-0.003135952098	0.008075255659	-0.005478286997	0.03112566333	0.01018007651	0.002603718663	-0.04350613359	0.006762649487	0.02024948621	-0.02767183944	0.06439754018	0.0384816346	-0.002996685247	0.07233349857	0.0674299457	0.070415237	0.1165234796	-0.003000898301	0.06209525075	-0.0006333427615	0.07781035804	0.03126515227	0.03367664597	0.008534282124	-0.01713712221	0.002771368036	-0.05003423754	-0.08663987233	-0.02553880869	-0.0153926296	-0.03673168317	0.0706871741	-0.03666928384	0.02450175606	0.05787533823	0.05279638482	-0.05488947529	-0.04534675781	-0.07640588849	-0.03863611801	-0.04653799186	-0.1004270997	-0.0254115439	0.06633062054	-0.01085589461	-0.005525134737	-0.0374621206	0.02794419185	0.02479685532	0.03750752351	-0.06328990644	0.01197561838	0.02616998363	-0.0005527614449	-0.005553813267	0.01179259245	0.0007055771682	0.03571914111	0.09790246014	0.02943408412	0.03180677054	0.07284305511	-0.01174924599	-0.01751034946	-0.02173746011	0.04192798833	0.01846562865	0.08250392605	0.01819790326	0.06621643966	-0.00454344011	0.002639464104	0.03564924403	0.08141849249	0.08650957103	0.04671625718	0.1067237617	-0.02286317909	0.01209500651	-0.007312110686	0.08027784542	0.06606254946	0.1091645047	0.04339191606	-0.04798559135	-0.004272244093	0.01603548763	-0.01751127231	0.07552956001	-0.1189501251	-0.08737691852	0.005284491777	-0.01032377911	0.2223205925	0.01522831048	-0.06423971815	0.01559014049	0.0272072955	-0.1159617534	0.04951863626	0.01116827308
0.073263755	0.05919496569	0.07425580262	0.04262857089	0.05593451858	0.03064060321	0.07304166709	0.05488126375	0.06996862225	-0.1488068287	-0.1397075206	-0.1419473163	-0.1398690089	-0.1421136928	-0.1342311935	-0.1304891329	-0.1417877631	-0.1490014933	-0.1482482654	-0.1347198861	-0.01165609826	-0.03632534382	-0.1593527313	-0.0430069507	-0.03243297315	-0.1560864752	-0.1477217119	-0.1301530032	-0.1476379515	-0.02785948842	-0.1484830702	0.01119613754	-0.02291883852	-0.1208870298	-0.001799723303	-0.1405465913	0.06742450295	0.06217711738	0.06399659628	0.05572566912	0.04643612094	0.03430131943	-0.1427277856	-0.06161022271	-0.1471213874	0.003598090246	0.006913562508	0.01206443062	-0.05229303008	-0.0004608315781	-0.01245782414	-0.03391347968	-0.1296214129	-0.1376255854	-0.131901061	-0.03319902471	-0.03093630054	-0.01694452782	-0.1682317956	-0.1528217137	-0.1369219991	-0.04076404205	-0.1289183598	-0.0005426486782	-0.00419163696	-0.02939597546	0.0567757002	-0.009851045472	0.07453127173	0.06563234443	0.05849842696	0.03610804592	0.03411087503	0.04687262977	0.1070679686	0.05605624157	0.04816701414	0.01769298762	0.09966443392	0.06786457476	-0.04143680438	-0.02906351859	0.007577784524	0.07275891544	0.02638460012	0.008020214411	0.007305273212	-0.04012857382	-0.02152478883	-0.04854194055	-0.01821511292	-0.02033234234	0.03916536071	0.08561055044	-0.05182386855	-0.01011968453	-0.02843047866	-0.02296629413	0.07078290495	0.03531204039	7.665288957e-05	0.0575107846	0.01582597391	0.04338168459	0.06482043365	-0.04175167955	-0.004471640497	0.1173563896	0.05332542623	0.02913398835	0.03642267096	0.04430179235	0.3361537418	0.0364174421	0.05158354998	0.08416880553	-0.02821396368	0.02429211505	0.09873626738	-0.04189264547	-0.0205867586	0.06892846128	0.03993415348	-0.03023290148	0.005171689329	0.09607233664	-0.1407257922	0.02960992732	-0.003655592014	-7.507923425e-05	-0.03520901901	-0.03002393481	0.001613473858	0.01651901324	0.07648714063	-0.002076638142	-0.01523690775	-0.02900507501	-0.005238461835	0.05735310973	0.05172485087	0.04716933682	-0.04382257308	0.09386202337	0.09477748957	0.09664796836	0.06143455109	-0.014519874	0.04440389174	-0.03838708866	0.09103238513	0.004953831967	-0.00136325477	-0.02184942443	0.0003938370306	0.013105802	-0.02373333109	-0.05204670004	0.003802410674	-0.01157364136	-0.02246394513	0.03524781076	-0.02583561689	0.06433656018	0.1161662072	0.007246241205	-0.06221350129	-0.02544669467	-0.06525876139	-0.03922008785	-0.03219497905	-0.06450871941	0.002570597409	0.04731530095	0.03863086426	0.004216985815	-0.02121465386	0.003254805846	0.05757227516	0.01521533737	-0.04487499993	0.02984207829	0.07844976654	0.05325186939	0.06726053651	0.04851074917	-0.001528132126	0.06578512057	0.09985476665	0.062766619	-0.005421963712	0.08751853099	0.01452778299	0.0227260208	0.06770001724	0.02662773334	0.04654302367	0.05729881088	-0.00188980028	0.09714109263	0.06573805805	0.07858338341	0.02789605691	0.09604733848	0.02672676142	0.09787436267	0.0320923505	0.004330617439	0.04802467977	-0.02070849524	-0.003755194892	0.08688721536	0.05753328992	0.01663591215	-0.05782268113	0.01522115609	-0.02723540092	-0.03151662319	-0.03200872829	-0.1525963631	-0.1250114268	0.06379377868	0.0296756385	0.07062954479	0.08275239092	-0.007809594348	0.04699447326	-0.007147865254	-0.1607995427	0.03815823375	0.07571930294
0.1142002725	-0.02311238053	0.05891022954	0.05699063393	-0.02800199287	0.006672266675	0.01690449813	0.03102489419	0.05777196832	-0.1850067645	-0.1765460175	-0.1789799127	-0.1680307485	-0.1681220071	-0.1781850237	-0.167191577	-0.1825425961	-0.177689532	-0.1750533083	-0.1720053869	-0.06977536936	-0.07820124298	-0.1676764551	-0.04612662864	-0.03772830053	-0.1793284132	-0.1778121962	-0.1690857479	-0.1767693592	-0.03363036694	-0.1775279106	-0.08364995343	-0.06110256015	-0.1246945999	-0.09504222915	-0.1715436338	0.03806880976	0.04188653939	0.03886572439	0.0008213123012	-0.04925248799	0.001437707227	-0.1940020316	-0.04276779463	-0.1808822528	-0.03470479436	-0.03273884664	-0.06385441605	-0.03741589771	-0.07031204934	-0.02313366618	-0.05187831289	-0.1725142459	-0.1704706567	-0.1623188549	-0.03642334022	-0.03213042055	-0.06042241986	-0.1952873773	-0.1903299883	-0.1847435759	-0.04874749451	-0.1677982012	-0.0359813396	-0.03797542397	-0.02886943062	0.01300106488	-0.03977510838	0.02579287574	0.02463172973	0.03335895905	0.03926668571	0.03926267613	0.02250732869	0.0588558696	0.1733605887	0.002841319486	0.02987544085	0.05992832674	0.0304228825	0.04494035873	0.05157177654	0.1220611253	-0.006755356847	0.1175690332	0.1263732388	0.06919566665	0.05593940264	0.08122794296	0.01057395809	0.09802919468	0.06613867405	0.0331926095	0.06098544789	0.06479543826	0.06304233836	0.09376522809	0.09634231684	0.07050605614	-0.006595605887	0.1036315207	0.03917665332	0.01427781922	0.02222762572	0.02461815064	0.06758892249	0.1015328722	0.04310399945	-0.01224570789	0.07855607606	0.07688152886	0.01046171647	0.0364174421	0.3226288846	0.1668567406	0.0677154822	0.0735324806	0.09594058106	0.08948942626	0.07118462467	0.1063000181	0.02889224932	0.03938466173	-0.03158682173	0.02219291151	0.02599551526	-0.1895941212	0.01079646256	0.0946692022	0.05428890885	0.07729695183	0.09888399484	0.07866315607	0.1613566167	0.02153371566	-0.02301177003	-0.09057265381	0.09341194389	0.1252156926	0.04370164115	0.02849785032	0.1311098046	0.1186361495	0.05772716128	0.09756295716	0.09726300824	0.03870144356	0.1693682007	0.04647421774	0.1238709529	0.04035522377	-0.0154721782	-0.01552145576	-0.003195160784	0.006880975749	-0.02888018879	-0.007660639243	-0.02655748961	0.01117985329	-0.01887693279	-0.03781521226	0.01566239698	-0.05675719767	0.1449065752	0.06640958079	0.06760832293	-0.06066546643	-0.08679962419	-0.0770206634	-0.07556514346	-0.08150240944	-0.05830063547	-0.01993703042	0.04143432737	-0.0205374738	0.02144359471	-0.09769880809	-0.001550791447	0.003909222317	0.08992179906	0.05226988888	0.2028728183	-0.02041660634	0.01589087131	0.01702389257	0.03750593856	0.0941351958	0.07224526303	0.06666681376	0.1862332193	0.1087112233	0.07210801918	-0.03875963354	-0.01888487178	0.009990332336	0.001135702186	-0.00351338048	0.05004159166	-0.01812453985	0.05559300696	0.04197439919	0.01904277877	0.1021765804	0.06584982505	-0.01823378674	0.02076213845	-0.01083840776	-0.02337229253	-0.03535210957	-0.05088554691	-0.0628413419	0.06510546371	0.04545761346	0.05529795494	0.002211359852	0.03686622911	0.08221044452	0.06859582466	-0.09496452035	-0.1637120782	-0.1251709819	-0.02512712002	0.008796149578	0.01839014761	0.1647126633	-0.03757114424	0.0615073092	-0.03618807255	-0.166249369	0.01760549313	0.006548614926
0.1298667175	0.008199577803	0.08433965586	0.06096547085	-0.005838733654	0.002113679262	0.04506896866	0.06878633254	0.04691491073	-0.1844142834	-0.1761744472	-0.178267007	-0.1700987772	-0.1710091905	-0.1846414586	-0.1674424414	-0.1845125526	-0.1806286732	-0.1782293793	-0.1725009667	-0.06303151825	-0.07201922975	-0.1688508578	-0.07587120022	-0.06350984139	-0.1825365014	-0.1799363223	-0.1771383653	-0.1841409538	-0.06082090696	-0.1761395176	-0.08393170124	-0.05079185328	-0.1344111189	-0.08268095684	-0.1727551459	0.06007742059	0.07955569463	0.08626026725	0.01569980901	-0.0326823121	0.0397448897	-0.194599857	-0.07263379382	-0.1887502032	-0.03041656655	-0.05848047298	-0.03016097986	-0.06929919143	-0.07572372116	-0.06446907063	-0.05074560971	-0.1793766325	-0.1717402208	-0.1686600672	-0.06416329676	-0.06105684564	-0.05937822774	-0.1978009156	-0.1958629648	-0.1875666674	-0.06497700428	-0.1749732814	-0.04337458828	-0.05313765926	-0.04167922547	0.00974733553	-0.02096054897	0.04241488516	0.05725195164	0.08189598637	0.04697005915	0.04762776066	0.0269040896	0.07951455659	0.1671876321	0.00321230198	-0.004252963446	0.0663219931	0.08381738345	0.09710052519	0.05654198008	0.2062866616	0.004054795373	0.08480745377	0.1830382799	0.05736711599	-0.006307437095	0.08265397432	-0.06298376997	0.1389298064	0.0513357954	-0.03655207461	0.08864175153	0.002112988156	0.03461764842	-0.001291461524	0.1453604265	0.09369287175	-0.002890161563	0.1483845901	0.08246656111	0.0402427238	-0.01045967328	0.02145879145	0.1180158941	0.04528160314	0.07426079346	-0.001769627587	0.04585982208	0.1780142473	0.03940731166	0.05158354998	0.1668567406	0.3054316908	0.08583948441	0.02256325124	0.1057464851	0.1182266257	-0.009836441102	0.0591475177	0.01525572522	-0.02556010711	-0.09035693428	-0.03227407989	0.0340621609	-0.1896803891	0.02461672842	0.03843799292	0.04698804832	0.1455619293	0.00990474159	0.1806210155	0.1795646539	0.04225982322	-0.002247586383	-0.05554717162	-0.001568281206	0.02306979139	0.04316503301	0.02919054309	0.1060044739	0.1016809311	0.07621118863	0.1097074313	0.1127888173	0.06238050057	0.06638339407	0.03001116649	0.1069074969	0.02072732914	-0.05314506294	-0.01857217299	-0.03530656814	-0.0432656219	-0.03036363319	-0.05714401168	-0.1024286527	-0.05234066145	-0.04501453455	-0.04816084688	0.03046825217	-0.05021978454	0.2336797326	0.08890805892	0.09181149808	-0.1012482682	-0.06114960648	-0.1041408856	-0.06217382317	-0.08337806073	-0.1021692594	0.03067151053	0.06679818858	-0.001849455308	-0.01813729348	-0.07173293909	-0.01281196755	0.02070033155	0.08673764555	-0.02514692354	0.1003981601	0.01931359902	0.02756871188	0.01049690057	0.03306612343	0.04814027051	0.09760124661	0.08352130843	0.1729915849	0.1022833807	0.1130745715	-0.002381033946	0.01473516626	0.04390696262	0.04615363957	0.01730625354	0.03954454933	-0.01526125144	0.07663270809	0.03166162159	0.03194234561	0.04428117753	0.07775863405	0.01316050648	0.004290657552	0.03171807296	-0.04555942504	-0.0236506128	-0.05019988159	-0.08379862687	0.08244875133	0.07308552537	0.07432232156	0.07300654162	0.04305439113	0.1421148963	0.1038309679	-0.08242491824	-0.1631164504	-0.1300322576	0.02033572878	0.004922757068	0.04909990762	0.162856083	-0.04687851671	0.05589921488	-0.02700361566	-0.1643578908	0.06072510883	0.02482093014
0.09213104561	0.03589132967	0.03662648671	0.08301439428	0.03001131293	0.03092039978	0.02788005771	0.03844756087	0.03065127507	-0.2047976829	-0.1952831239	-0.1982250695	-0.1861121945	-0.1732429021	-0.1804129892	-0.1858381484	-0.202017045	-0.194320261	-0.1499784526	-0.193462688	-0.03415955778	-0.02211787595	-0.152795846	-0.03204669116	-0.02620739021	-0.1899153256	-0.1849759599	-0.171709035	-0.185968357	-0.01254547093	-0.1794706328	-0.01360828515	-0.02433325134	-0.1169279882	-0.03425996578	-0.1779210796	0.02317562535	0.01338757441	0.03438374897	0.002504987342	0.005780783323	0.007545227039	-0.1905305729	-0.03525185459	-0.1894443484	-0.02685674754	-0.02858680705	-0.01558876766	-0.00703403362	-0.02853678965	-0.02100232622	-0.02264102631	-0.187217302	-0.174374417	-0.1689319433	-0.02364454861	-0.01748956643	-0.0150035267	-0.1966866813	-0.2064043997	-0.1845151276	-0.05407043993	-0.1747407595	-0.01657771093	-0.01835556202	-0.01493307111	0.05616943764	-0.02131723376	0.04981824655	0.04869881096	0.09604647269	0.04767101687	0.04729639013	0.06526656002	0.04141107626	0.08537287886	0.05050465012	0.05036159347	0.06201646602	0.02619603292	0.004231634837	-0.01882686233	0.03072257709	0.06575070493	0.001281699723	0.07283256264	0.01353826907	-0.04100997544	-0.007772465705	-0.02076886114	0.03021531763	-0.005553326822	0.07528281219	0.06281145175	-0.007230822684	0.002935969678	0.01991474321	0.03509740565	0.0282665491	0.1133773823	0.0195019004	0.04949670452	-0.004131094382	0.08351648197	0.03748831679	0.01620697427	0.02122960882	0.1323232621	0.01841926388	-0.002121093825	0.08420206704	0.00767318914	0.08416880553	0.0677154822	0.08583948441	0.3289023276	0.006577111406	0.02577591744	0.04819174713	-0.0144734868	-0.01133929202	0.06273573829	0.05012453633	-0.005967299	0.03852289823	0.06988309061	-0.1866194695	0.02445278507	0.02806202628	0.03391297402	0.02158021822	0.01201242597	0.02912568647	0.039975411	0.09819359937	0.05422992007	0.001217234694	0.01943592212	0.02275154442	0.06632008878	0.00646430275	0.05704643669	0.003905488245	0.05295530934	0.04514246241	0.04661988314	0.05205657611	0.004649759213	0.01940794172	0.009145929719	0.09004816866	9.4766558e-05	0.02205712677	0.007141757761	0.02178023561	-0.001224482279	0.008061302465	-0.03944761558	0.005668157943	0.03121023683	-0.03938467294	0.06633077942	0.01069911858	0.07211118145	0.06534423334	0.02955973261	-0.008579244306	0.0267961917	-0.0009907802151	0.023686173	0.01946402882	-0.0476024954	0.03375316474	0.01642046778	-0.01299831728	0.07102930959	0.02986558462	0.04041208978	0.03059424657	0.00579617979	-0.01866306023	0.08874428796	0.05628698839	0.072867668	0.07707834917	0.02544139224	-8.608196031e-05	0.03372713167	0.062693477	0.08466594627	0.04506865622	0.108694426	0.044412108	0.04392181587	0.1152088533	0.05607160328	0.04322210268	-0.001122718789	0.01036509419	0.06318178575	0.05663159559	0.0873540654	0.03805322061	0.07160639007	0.01413502912	0.07370464296	0.01812937049	-0.02703913981	0.015108531	0.006711145028	-0.02252644348	0.06179720651	0.0394127705	0.004983918197	0.03040768017	0.05273364621	0.04472515081	0.0262337468	-0.02979027286	-0.1679071306	-0.1277369469	0.09086092629	0.03646400951	0.02556008865	0.0772980557	-0.02975428378	0.09116028893	0.03089899892	-0.1648149787	0.02973844425	0.08198735049
0.02550135298	-0.01299190442	-0.004029251052	0.05917541692	-0.01032120598	0.001357887789	-0.03573777857	-0.02015014292	0.04978383887	-0.1722799339	-0.1655009203	-0.1679236853	-0.1585702178	-0.1683148629	-0.1668797825	-0.157232301	-0.1753086494	-0.1689255888	-0.1722483199	-0.1656070511	-0.04627093894	-0.0488226159	-0.1573619946	-0.03211685405	-0.01470207288	-0.1660104953	-0.1663230376	-0.1669343831	-0.1730597984	-0.01771674289	-0.1640445691	-0.06098993139	-0.04220726349	-0.1135168307	-0.0683527331	-0.1614908467	-0.0212898142	-0.01209973698	-0.006724822212	-0.0239400253	-0.02309485078	-0.01045846119	-0.1815678309	-0.02348256661	-0.1746050209	-0.02824131305	-0.05272726516	-0.0410135183	-0.02874087819	-0.04342146855	-0.0231513807	-0.03677776129	-0.1697856259	-0.1661801108	-0.1555348988	-0.02520729886	-0.02158498037	-0.03735660144	-0.1824386892	-0.1818830653	-0.1677069148	-0.03153156923	-0.1637194759	-0.008517468565	-0.02194333709	-0.02861432107	-0.03359032613	-0.04357565523	-0.004797575304	-0.02061173807	0.03404085671	0.02441288444	0.02011968468	0.04405184973	-0.009571950313	0.0332279109	0.006575360407	0.001105455702	0.002596039628	0.01744571699	0.05956084816	0.1235676962	0.0008020598888	0.01892169334	0.1653155158	0.0104535645	0.005932429137	0.1509369524	0.09311016578	0.1159268987	-0.002661062035	0.1836890732	0.07047459294	0.0152169302	0.1535282806	0.1822273035	0.1778440211	0.05991020879	-0.003716669593	0.03845762157	0.05835435374	0.01505131812	7.182819636e-05	0.03902402336	-0.00891748644	0.09032504198	0.1616602048	-0.01231760267	-0.02140605363	0.10153536	0.03711133448	-0.00655037318	-0.02821396368	0.0735324806	0.02256325124	0.006577111406	0.3597073261	0.06870429465	0.003682751186	0.1704654761	0.1256776259	0.002303877924	0.06444414764	0.03408944577	0.03499477872	-0.06073305791	-0.1780375436	0.03834704326	0.1574106501	0.1331545303	0.05766547291	0.1359059318	0.07432701656	0.05549513455	-0.002321461924	0.0957294521	0.0544453024	0.1818723137	0.07150535691	0.001069692525	0.0001250317006	0.02509952252	0.2147069671	-0.001887291018	-0.001673950294	-0.001985020232	0.00439381776	0.1204944963	0.01225655413	0.1914337467	-0.02038245155	-0.001048599711	0.03672168772	0.001498232608	0.04990890699	-0.0376226258	0.02706670802	0.01652768653	0.02736784547	0.02584961873	0.003996478654	0.02867086867	-0.02068983853	0.004603187466	0.0004472768583	0.1118871065	-0.02285859741	0.01700315491	0.02912587237	0.03708145915	0.02638732302	0.02497130986	0.002959951304	0.02916138324	-0.02147336514	0.1213161434	0.03093326505	0.05084457717	-0.01841730085	0.1268796932	0.1800615515	0.07594859329	-0.009050134058	0.03299003494	0.07678028308	0.07574219826	0.1503226619	0.05564241541	0.0007207602875	0.0293653204	0.005665905747	0.001015652944	-0.008699634055	0.003694096137	-0.0262990749	-0.008688966279	-0.04863881131	-0.001589225756	-0.01514835226	-0.02468461308	-0.01004314653	-0.05880495728	0.08572463859	-0.01974524745	-0.01929970578	0.0546248693	-0.04468666293	-0.01111905803	-0.01456318033	-0.03974621835	-0.02977418542	0.004408187063	-0.01633701216	0.01067227463	0.09268393399	0.08345895756	0.08648187762	0.1526984551	-0.06207787567	-0.1587636267	-0.1123839744	-0.02089621056	0.001934481228	-0.01535052345	0.02720676071	-0.03685011904	0.01113208008	-0.01155679768	-0.1544268226	0.02426510922	-0.01546554075
0.05620228383	0.006732938465	0.05680318541	0.04868786532	-0.002228879474	0.07184968078	0.03289220428	0.02531515423	0.04718266684	-0.1789277396	-0.1718806156	-0.1732478399	-0.1672286443	-0.174793118	-0.1768214569	-0.1612836006	-0.1771142706	-0.169214348	-0.1658886089	-0.1659587799	-0.04321289829	-0.05618120114	-0.1704227855	-0.06416819735	-0.04934489703	-0.1789497162	-0.1698708732	-0.167007008	-0.178281351	-0.0535920268	-0.1789900849	-0.04946600896	-0.02274280539	-0.1188488595	-0.06273070219	-0.1642483659	0.04547266572	0.03902459774	0.04045832356	-0.02176653019	-0.03146208381	0.001448290385	-0.182519357	-0.02632655842	-0.1703354485	-0.005903122564	-0.04275353497	-0.01002273777	-0.05887953756	-0.0438142284	-0.03357206912	-0.04833336185	-0.1645248731	-0.1712231516	-0.1664795326	-0.05359731913	-0.04924199301	-0.03635996283	-0.1856497111	-0.1710808532	-0.1693821108	-0.02642490225	-0.1721547986	-0.04688954264	-0.05098115098	-0.04030177422	-0.006023243135	-0.04213295378	0.03454476475	0.02932086383	0.06873112637	0.01514847161	0.01631906728	0.04530130658	0.04351423493	0.102928467	0.007485508602	-0.01095933084	0.118801938	0.04270829375	0.04204869836	0.0513247545	0.06756937982	-0.01183724164	0.06084573282	0.108577231	0.1171420322	0.0415597101	0.06282426525	-0.05144479795	0.08856777801	0.0804387603	-0.02640166284	0.04917468973	0.040578286	0.05693851481	0.03041109929	0.08436935456	0.06913613045	0.006469705723	0.05226803886	0.06656052538	0.04741192536	-0.01597912924	0.03259838512	0.05111182557	0.05112611854	0.03946638736	0.03352909569	0.1484580698	0.0820852442	-0.005892416474	0.02429211505	0.09594058106	0.1057464851	0.02577591744	0.06870429465	0.367427333	0.1513912817	0.03019529625	0.06202805329	0.08627798802	0.02014379209	-0.01034618624	-0.01898427257	0.0185970534	-0.1793931737	0.1862992235	0.04387705249	0.05582312942	0.06349551034	0.04466907842	0.07872196235	0.09784807497	0.01977404253	0.07199975565	-0.005974079163	0.03416108285	0.04763382955	0.07151000445	0.02345381598	0.08768836884	0.09215517046	0.1171726625	0.1663145024	0.1658833757	0.04806760085	0.03594757244	0.03293855456	0.1078592858	0.01397650043	-0.02512019988	-0.04208906544	-0.02876764578	-0.06487773361	-0.02046826344	-0.06577055996	-0.05000371014	-0.01217138038	-0.02800181557	-0.03417429353	0.002116054309	-0.02143460369	0.1347620634	0.05802125853	0.1168940563	-0.08876805273	-0.02822081017	-0.1042431794	-0.06240252819	-0.04537812689	-0.0511957757	-0.04701645535	0.02816177608	-0.02373105636	0.007289368819	-0.03824311445	-0.004760194742	0.07241899168	0.1036115335	0.01080877002	0.07120222752	0.01186413198	0.02115479231	-0.003630787035	0.08147376279	0.08402592384	0.06983490461	0.1447889236	0.1210070713	0.04938169187	0.05991293863	0.0005667259002	-0.003241223237	0.0292086948	0.04145806746	0.01348494231	0.004967295015	-0.0381687549	0.05680988998	0.02166857986	0.009594823499	0.08272383187	0.05668301325	0.01284256743	0.00621985284	-0.002469208648	-0.006306692326	0.002500218702	-0.03787568083	-0.05729643744	0.1478502201	0.04315338231	0.1236575755	0.01129710979	0.06825063762	0.04398850036	0.08922853876	-0.06589343185	-0.1559484637	-0.120172046	0.007810115207	0.00378928993	0.02281262477	0.1048730518	-0.03419054627	0.02716841239	-0.02378040995	-0.1641841274	0.07206732639	0.001329277166
0.1013848888	0.06280437813	0.1323077207	0.0595564656	0.02765811209	0.06531189182	0.04446359645	0.06297591447	0.06928584991	-0.1979652491	-0.1897861248	-0.1927304135	-0.18425614	-0.1895737219	-0.1893571374	-0.1812937021	-0.1972620483	-0.196658555	-0.1907555397	-0.1846222477	-0.05707092296	-0.07362806132	-0.1854692995	-0.07935478795	-0.06688149554	-0.2041152451	-0.1933142465	-0.1905641706	-0.1987217253	-0.07132769287	-0.1972737136	-0.08302367006	-0.04649201648	-0.1346406835	-0.0903567612	-0.1897252949	0.1100928164	0.08939796085	0.1110018755	0.02909235366	-0.01700886787	0.05625148599	-0.2084710862	-0.05418988175	-0.1966549313	0.02312534116	-0.07106267512	-0.01150767893	-0.07889233013	-0.0589404124	-0.06493833829	-0.05144110543	-0.1890292434	-0.1852656686	-0.1814588202	-0.0706521959	-0.06451702183	-0.05918851924	-0.2127270941	-0.1980080689	-0.1989211637	-0.04720604753	-0.1850554614	-0.05800228699	-0.05847875685	-0.04026719262	0.04822907629	0.01365299261	0.08412769961	0.09088609693	0.04626694552	0.05203150042	0.0504807832	0.04299371578	0.1098164981	0.1323146005	0.01558426574	-0.01327538947	0.195427189	0.1155655723	-0.01430566109	0.01150340986	0.09105600995	0.02796618947	0.08492582489	0.08137983936	0.05084219913	0.005818417546	0.03105951295	-0.06224209044	0.07027896946	0.01844279657	-0.06254543412	0.1244319739	-0.01626724108	-0.00955647646	-0.02623979178	0.03031395924	0.1479023736	-0.01946698543	0.06981535673	0.07990631216	0.05835257173	-0.006782245049	0.02454918795	-0.01020672316	0.03259448167	0.118159857	0.0356122547	0.1312654584	0.08925957275	0.0640650117	0.09873626738	0.08948942626	0.1182266257	0.04819174713	0.003682751186	0.1513912817	0.3281945566	-0.02786715748	0.02108418927	0.1021519291	0.05348288363	-0.03594309731	-0.02369987045	0.06455694916	-0.2046041889	0.1169575213	0.03128680495	0.006128984119	0.01886848029	-0.02802277264	0.02365234852	0.07485814865	0.04068623931	-0.01356510368	-0.05875979856	-0.02476549793	0.05999682173	0.07346591527	0.06877722542	0.161651319	0.02237101345	0.2011132232	0.2876569554	0.2906518549	0.09905286964	0.05317603575	0.07238066817	0.02754010487	0.07533861599	-0.04264222741	0.006997083676	-0.03476709035	-0.06203100375	-0.01793377108	-0.06177966227	-0.08138472644	-0.0247280724	-0.05790199822	-0.04299480974	0.02545913281	-0.04538023779	0.1236488737	0.1068912012	0.03784859465	-0.09692756562	-0.06625968129	-0.1307635579	-0.08972155681	-0.08687962104	-0.08206274655	-0.06635772303	0.06293734073	0.007046841539	-0.02312531712	-0.07718282227	-0.01887010651	0.1111033352	0.09151338954	-0.03242683451	0.08707497544	0.03836409581	0.04010578463	0.03354095208	0.0407161089	0.0151714193	0.09765258593	0.2060704166	0.123669215	0.05858154573	0.1033582582	-0.006136571928	0.006592429358	0.03965234771	0.04471812131	0.03933520581	0.06543379411	-0.02721106018	0.1229268735	0.05346548963	0.0482774483	0.07597842832	0.1400390996	0.02239193715	0.03761699588	0.06005387341	-0.03642901971	-0.02057868661	-0.04741600144	-0.04222961017	0.1956664863	0.1121029922	0.135281561	-0.02715433058	0.04048023882	0.01447606563	0.01016404621	-0.07053709474	-0.1763073524	-0.1378965087	0.04607802589	0.02712194742	0.05794853957	0.1221912738	-0.06752517872	0.03061791497	-0.03248908426	-0.1824473918	0.06914804654	0.05080084539
0.006113777517	-0.06763130292	-0.02712731455	0.03241748129	-0.003421892566	-0.01265174827	-0.03521049611	-0.0301223675	0.04996985535	-0.1363342212	-0.130224456	-0.1317958575	-0.1233790731	-0.1393597989	-0.1339178707	-0.1344017281	-0.1376311282	-0.1305619508	-0.1435066478	-0.1417535722	-0.04450593277	-0.06857193889	-0.1307417101	-0.02655073145	-0.008341071684	-0.1368774675	-0.1354868256	-0.1467149214	-0.1453317004	-0.02459960866	-0.1376183331	-0.06738187965	-0.06387563799	-0.08765706872	-0.07524220161	-0.1336737764	-0.02953906139	-0.01236026716	-0.03466848645	-0.03447104678	-0.03633492965	-0.01802832311	-0.1506601907	-0.01234633711	-0.146277803	-0.02458193195	-0.05262501113	-0.05569460904	-0.03381269651	-0.05569620278	-0.002346685116	-0.03619764723	-0.1391278854	-0.1333962242	-0.1296228916	-0.02273684017	-0.01801227799	-0.04482498366	-0.1531410366	-0.1447163403	-0.1348052041	0.001344840329	-0.1359409198	-0.02186635681	-0.03160357617	-0.02167849845	-0.0383654856	-0.06680866501	-0.05237151857	-0.01175161442	0.03051283576	0.05241101288	0.04906733387	0.01831077812	0.02919232404	-0.008764569392	0.04027273314	0.01001010213	-0.004308543965	-0.01786893957	0.08674519934	0.1436936034	-0.01752120757	0.07149882348	0.07933389769	-1.232749021e-06	-0.006513785099	0.2403902704	0.1365847115	0.1199152161	-0.001761565832	0.1630724734	0.1141035103	-0.02640266996	0.2541052203	0.2027926544	0.3326300212	0.08968535911	0.01098836608	0.00753577658	0.06435372338	0.0140901942	-0.002959887517	0.05761037231	-0.006967432079	0.06578466846	0.1126775147	-0.05372353892	-0.05741349991	0.07391502938	0.0183206892	-0.001500713457	-0.04189264547	0.07118462467	-0.009836441102	-0.0144734868	0.1704654761	0.03019529625	-0.02786715748	0.4086700436	0.1648260076	-0.005038219462	-0.0261140316	0.04135138228	0.0008240943144	-0.06471378733	-0.1476711764	0.01653298403	0.1162453658	0.06548236907	0.04026969417	0.2651030747	0.06791597316	0.05456423688	-0.02101764408	0.06264245515	0.04417143806	0.336652576	0.1012919352	0.01570743853	-0.009458722526	0.02155126456	0.1450102369	0.005500074147	-0.03376006522	-0.03407140113	-0.03006441676	0.1522525279	-0.02135958177	0.147077621	-0.01025543411	0.003326619612	0.01640165865	0.01669330567	0.01422800386	-0.02444913531	-0.02180262751	-0.01782944093	0.01081375518	0.01530036434	0.02183105677	-0.001852288523	-0.0507234061	-0.01223492307	0.0007605544293	0.09609904122	0.02802489017	0.02935440603	0.0278383149	0.06974494435	0.02390884691	0.03828662038	0.02752180085	0.02358927954	-0.005231323588	0.09274868257	0.0448732456	0.06652392575	0.01177136832	0.08811383605	0.1704369026	0.05973350194	0.005503226418	0.02351270649	0.04119527798	0.05087593799	0.09248691614	0.01407564978	-0.02835432452	-0.008704215132	-0.002365834297	0.01091726765	-0.03120558251	-0.03744481006	-0.02013014371	0.01064478028	-0.05191478766	-0.001806714379	-0.01129308482	0.02237396584	-0.003920257453	-0.01059859103	0.07447128846	0.02611970658	-0.03070424587	0.01345870217	-0.07472857505	-0.006955740391	-0.01589794955	-0.02254473453	-0.03108747379	-0.02182359469	-0.04514719982	0.0160543628	0.05121557352	0.06800820674	0.08574231908	0.06249365406	-0.07924960671	-0.1335485489	-0.08350816763	-0.05377927825	-0.05020620418	-0.008291703264	0.009187893662	-0.03893080111	0.01141153158	-0.003914908017	-0.1262097268	0.008631593564	-0.02093851934
0.07207217303	-0.05792270026	0.004659951224	0.03655190249	-0.01711986078	0.01164734278	-0.01864259399	-0.01004502096	0.02225783962	-0.1683153585	-0.1597488853	-0.1634493225	-0.1529012362	-0.1576155888	-0.1585326164	-0.1507599673	-0.1671255284	-0.1614756307	-0.1477137116	-0.1562510132	-0.02079362165	-0.0495166331	-0.1388193554	-0.03179117135	-0.02334199832	-0.1650357729	-0.1593410895	-0.1626668415	-0.1663587448	-0.02797724051	-0.1643210757	-0.07323963926	-0.06302434758	-0.1025381907	-0.06248781206	-0.1557837675	-0.0055862458	-0.01023399964	-0.02149492371	-0.0256838398	-0.0439922554	0.007240116023	-0.181456067	-0.0316864161	-0.1657419488	-0.008547626276	-0.04387019363	-0.04632304119	-0.02829306706	-0.03307978446	-0.01842646113	-0.06727014317	-0.1587222864	-0.1565730964	-0.1461059624	-0.02952088504	-0.02620527053	-0.0361993653	-0.1795549463	-0.1723486838	-0.1678408124	-0.006336642556	-0.1587613329	-0.03015789932	-0.03740815979	-0.05836629779	-0.05260632364	-0.07500209164	-0.04133874622	-0.007014080159	-0.001367573074	0.0303798491	0.02883487488	0.04776396883	-0.01575310782	0.0765784711	-0.006628403279	-0.022261686	0.01612421156	-0.01922939974	0.1488146696	0.1031175481	0.09361316694	0.00676804339	0.1103647233	0.08993361155	0.01873212076	0.1662965555	0.3004933592	0.06508330054	0.09304284825	0.1979082218	0.06235991285	0.0006258782574	0.1295989623	0.224412244	0.2037218287	0.2350860192	0.01431333603	-0.01197820451	0.1964486805	-0.00264029757	0.01608078543	-0.004000933642	0.004221686433	0.2056620204	0.1108436814	-0.02389540165	-0.04085977892	0.08043946194	0.02078610452	0.01462200254	-0.0205867586	0.1063000181	0.0591475177	-0.01133929202	0.1256776259	0.06202805329	0.02108418927	0.1648260076	0.3598761008	-0.001337097136	-0.00923733471	0.0223062777	0.01437233057	-0.06087475675	-0.1777870329	0.009384526135	0.1123649216	0.1233638901	0.1729009934	0.2688670955	0.1595967703	0.1549702735	-0.02570894692	0.05858325548	-0.02594450818	0.2077105311	0.135733359	-0.01864193495	0.03366781247	0.07133095238	0.1135672988	-0.004639551446	0.01105495274	0.01072369747	-0.0295969995	0.135720215	0.03543285307	0.1056933151	0.01059551562	-0.01974805435	-0.043479657	-0.006509778993	-0.02264358838	-0.05010600391	-0.04192797883	-0.02855399725	-0.007509642169	-0.01486508172	-0.02280979049	-0.002713718207	-0.01918906855	0.0511419132	0.005640365782	0.1917723591	-0.007734248199	-0.05671634841	-0.06123368884	-0.0263778277	-0.05245254405	-0.0002839417306	-0.002156196287	0.007461604204	-0.02367937238	0.0631766145	-0.05295098093	0.02108273355	-0.004504403364	0.09934744242	0.1104544893	0.1014068848	-0.03497969963	0.004787086963	0.01858537355	0.07067449644	0.09412083074	0.05099014832	0.02208370136	0.09228088472	0.1085864925	-0.005584939331	-0.05509755166	-0.03851743012	-0.05023845877	-0.006878097751	-0.03320318632	0.000804062433	-0.03089436321	0.0106822268	-0.04006487918	-0.02516763936	0.07851947198	0.03046584365	-0.02678989462	0.04823509265	-0.06428018379	-0.006054081881	-0.001998302373	-0.0427619797	-0.02878761949	0.01845404755	-0.03169776906	0.06191493558	0.07208206132	0.05105332766	0.1578493106	0.08214880535	-0.07111544816	-0.1374351828	-0.1069943438	-0.05856613905	-0.008981824102	0.01287546762	0.06446888612	-0.04012712195	-0.01534433495	-0.03318040796	-0.1406635031	0.004490307617	-0.01775456612
0.01228210934	0.07737345406	0.03223316917	0.0685837234	-0.01870326511	0.1472912827	0.006028419292	0.0261182377	0.05961301018	-0.1759812965	-0.1679760458	-0.1696851843	-0.1614584721	-0.1551992062	-0.1550808022	-0.1604425377	-0.1726973334	-0.1616838304	-0.1303888344	-0.1653093375	-0.01389179819	-0.02750573253	-0.1489680144	-0.01547831475	-0.005052011107	-0.1680278378	-0.1629004765	-0.1475366378	-0.1590795108	-0.007275486419	-0.1655419369	0.007023585005	0.001981173966	-0.1182261958	-0.03150979566	-0.1515550868	0.04403754324	0.0333373706	0.03103357517	-0.008803471451	-0.0101533509	0.01212555477	-0.152892759	-0.02491773138	-0.1561722535	-0.007074848185	-0.004965082101	0.05681577533	-0.01964122927	-0.02039183446	-0.01145462238	-0.01807643815	-0.1557105389	-0.1533448835	-0.1519323553	-0.009414781685	-0.002100800065	-0.01226728577	-0.1630822707	-0.1646194648	-0.1723845776	-0.04728826288	-0.1490465553	-0.02183780522	-0.02240037109	-0.01548440087	0.04186443402	0.009567314562	0.01350465975	0.05087144564	0.01683553179	0.05165444287	0.05340438759	0.02573801747	0.06549962995	0.03802456766	0.1842322393	0.07019324034	0.09737685392	0.01703206567	-0.02965774501	-0.04720768102	0.003119548414	0.1019871221	0.06814261598	0.003749574204	0.0268964233	0.006678967662	-0.01290316618	-0.005125560292	-0.02471607048	-0.03320819643	0.0003905413702	0.04408267157	-0.03426115254	-0.007094707294	0.009938150687	-0.03743880367	0.02924539184	0.09091694383	0.005345417647	0.05367090435	0.04224455753	0.05998605448	0.05609102682	-0.00856628117	-0.023649336	0.101976384	0.08157675237	0.05152553662	0.004197739484	-0.000774433796	0.06892846128	0.02889224932	0.01525572522	0.06273573829	0.002303877924	0.08627798802	0.1021519291	-0.005038219462	-0.001337097136	0.3902867238	0.1112420183	0.08212993138	0.0591254752	0.07930708841	-0.1504381187	0.09224590866	-0.02616424404	0.00314492918	-0.05379001882	-0.002297248338	-0.03892169252	0.01572521451	0.0576186361	-0.01895076703	-0.03384677762	0.009357693688	0.01151081567	0.07127025484	0.03901964068	0.01009711337	-0.02447091368	0.09969576382	0.08534988577	0.08558532945	0.01096907953	0.04640662557	0.03081232942	-0.01923554157	0.0377793749	-0.01858171201	-0.001865445421	0.01074544608	-0.006579706791	0.002440934709	0.0427890459	0.02230909328	0.04633223812	0.02282808012	-0.04370987873	0.05575929951	0.0147597061	0.02593875226	0.07768954382	-0.0112648351	-0.04264520132	-0.02075533511	-0.02043380675	-0.05141493401	-0.03999548129	-0.0152940434	0.01404531978	0.05609316261	0.02319414077	0.03992477014	-0.03105127959	-0.0425840318	0.07242856452	0.06881753665	0.02418499049	0.03387757023	0.03241884909	0.04840393361	0.07606854505	0.06445070189	0.004496799796	-0.003892290006	0.08753638645	0.04744809171	-0.03069070988	0.03491251737	0.05583769468	0.08369830257	0.05772745726	0.04595668302	0.09673738621	0.01016796497	0.06413473976	0.02769263828	0.07372127895	0.05313267663	0.07170808407	0.0301809699	-0.01346476982	0.06730663022	0.03245807131	-0.02779312961	-0.01556364105	-0.002793223564	-0.02545911958	0.0912227542	0.01890761036	0.05035036548	-0.01174427511	0.02534923059	-0.02497997727	-0.01313531023	-0.03223924018	-0.1484998594	-0.1276200956	0.1066175561	0.08952005524	0.008125736596	0.05001770861	-0.01068771356	0.06388607981	-0.02473005962	-0.1478547609	0.04176228072	0.08425167921
-0.01826993675	0.06849137758	0.01886085402	0.02197546974	-0.01234819952	0.07116932664	0.005460379893	-0.02338636346	0.02814150241	-0.1586093626	-0.1536864908	-0.1555891575	-0.1477732953	-0.1355313347	-0.1421475175	-0.1442522281	-0.1558188091	-0.1534590608	-0.119107149	-0.1497968593	-0.02402977912	-0.02878091748	-0.1367935184	0.007638289281	0.02154362115	-0.1537100182	-0.1517352692	-0.1200297031	-0.144810116	0.01993195284	-0.1471084359	0.02114198246	-0.02529806578	-0.08560447999	-0.03932615894	-0.1416111776	-0.0007788121904	-0.01362654511	-0.003414266777	-0.006607280341	-0.02660371781	-0.02042079017	-0.1417592743	-0.005844700457	-0.1434686322	-0.01767740327	0.0005783823936	-0.005936253587	0.02725609805	-0.01216906535	0.01999431957	-0.00831730673	-0.1418392637	-0.1397489367	-0.1258701054	0.01927382305	0.02884996155	-0.02380634996	-0.1503856529	-0.157530026	-0.1358524428	-0.02248842555	-0.1332240353	0.00558688839	0.002217666066	0.02742358637	0.08484620231	0.0179287451	0.0216833434	-0.0129353077	0.01384642003	-0.002675903234	-0.00459159066	0.01558706337	-0.01162975535	-0.0007097199556	0.02281135458	0.1123259787	0.06615139745	0.00859109332	-0.03368932791	-0.003591097753	-0.02603325803	0.02738898547	0.03303278347	-0.03894855847	-0.02799413854	0.0103294759	-0.04435847634	0.04206054805	-0.05462830163	0.004329886714	0.06152333306	0.01293346934	-0.0220985983	-0.001249767138	-0.007613210449	-0.04395802005	-0.005703598428	0.1346657834	-0.03136619323	0.004861770902	-0.04272242014	0.1075674935	-0.01454795682	-0.003476565377	0.03565354498	0.08112250082	0.02442015228	0.07828525014	-0.01776320574	-0.01833492312	0.03993415348	0.03938466173	-0.02556010711	0.05012453633	0.06444414764	0.02014379209	0.05348288363	-0.0261140316	-0.00923733471	0.1112420183	0.4353492299	0.1606678975	0.257458868	0.02990099477	-0.1393592943	0.1000516873	0.03591100216	0.01853561501	-0.0413617241	-0.01465595049	-0.04156232534	-0.02461891817	0.03887357394	-0.01502010735	0.01214156569	-0.008191230637	0.01687252703	0.0145745652	0.003264944638	0.01217505285	-0.0012378334	0.03525826265	0.06060135456	0.06013470894	0.01650060037	0.04582596534	0.008479006024	-0.009410015338	0.02420776603	0.009341817916	0.08928348712	0.06606193353	0.09763572984	0.02888932821	0.1094172405	0.08758856751	0.0973166888	0.0600528684	-0.006528896828	0.0334068321	0.008241105032	-0.02931254436	-0.001639455083	-0.02050518963	0.03274906566	0.037097915	0.05274710422	0.02722443459	0.0352401983	0.04314559218	0.06844871319	0.08175036036	0.05330219017	0.1910598788	0.02775874816	0.04525600802	0.04278767482	0.01994429817	0.05028496725	0.05682372765	-0.003444334577	0.07402872887	0.0953787433	-0.006179441867	0.009068574577	0.02430795454	0.04833031914	-0.0008846783985	-0.02060863918	-0.005618582967	-0.003421175415	0.0687637894	0.01395976482	-0.01346955363	0.03190666129	0.0902709606	0.09164893287	-0.03687823174	0.07226742099	0.01022571669	0.09010848534	-0.03668162568	-0.008655183747	0.06776153102	-0.007620093654	-0.02822464668	-0.01517774683	6.887894191e-05	0.009090716483	0.0479342515	0.01413035655	-0.01393286158	-0.005607009981	0.04217674647	-0.0594077041	0.00670072613	-0.04444630823	-0.1354151781	-0.0847239104	0.07916972511	0.110442175	-0.0272034114	0.006008091986	-0.01915821982	0.03554289558	0.0008967015186	-0.1314617661	-0.01257233898	0.01564142338
-0.09038812856	0.01725315704	-0.06877512897	-0.04459539202	-0.02103492531	0.07067798499	-0.06438042819	-0.08315111785	-0.00692229041	-0.09789378676	-0.09359942319	-0.09081625996	-0.1070973772	-0.06253820256	-0.06113285617	-0.1150326636	-0.09369339504	-0.09198424944	-0.03094416341	-0.1202957645	0.02758067032	-0.004424394749	-0.05250375682	0.08902607014	0.110487957	-0.08126854028	-0.07816678033	-0.05874284418	-0.0771645574	0.1006290428	-0.08409227363	0.01911157943	-0.03755238002	-0.03567764316	-0.01555601893	-0.07196357708	-0.06251600091	-0.08696317232	-0.1041150823	-0.03729448181	-0.01844224705	-0.06571817308	-0.08016865406	0.05334870605	-0.08142742529	-0.01962533658	0.03569594237	0.005246493485	0.08749317554	0.008240952164	0.07682039687	-0.0003765670865	-0.07598313554	-0.07498437035	-0.09123829562	0.1054728126	0.1116184778	0.0143150673	-0.08601792312	-0.09442398606	-0.09033290982	-0.004044636504	-0.04887077575	-0.001857945722	0.006752072539	0.01826028904	-0.01152125824	-0.01964124816	-0.08385494016	-0.07239109136	-0.05766192472	0.01735147762	0.01777978299	0.005930960878	-0.01469596471	-0.07465794245	0.07462835272	0.1092703336	0.03196982184	-0.09649682834	0.05713409376	0.06621452257	-0.08341572196	0.0520928353	-0.01323254509	-0.09576905021	-0.05470837659	0.0417340809	-0.01386601114	0.1531151569	-0.0895944205	0.03017236948	0.04105042741	-0.09419037728	0.08925594603	0.02828092308	0.04054109851	-0.02406106379	-0.07788652323	0.02372713806	-0.02821481495	-0.05389339543	-0.04745014417	0.115245329	-0.02434559733	-0.002332432858	0.02110477882	-0.02662932868	0.02718664291	0.0813898884	-0.07747871797	-0.04027250125	-0.03023290148	-0.03158682173	-0.09035693428	-0.005967299	0.03408944577	-0.01034618624	-0.03594309731	0.04135138228	0.0223062777	0.08212993138	0.1606678975	0.5393251379	0.2190737815	0.0134494691	-0.07912319265	0.03383771058	-0.004865980718	0.04292636875	-0.03387130205	0.04653821009	-0.07193035305	-0.02685569254	0.01494265333	-0.03206373065	0.05768587362	0.04009539554	-0.001701962511	0.05564441278	-0.03387730517	-0.06466273711	0.0015975164	0.01068530446	-0.02173377482	-0.02228964248	-0.08658131674	0.03983259541	-0.0475273122	-0.02236130396	0.07319834324	0.01953597055	0.07316120003	0.05724745355	0.06007828012	0.03370204896	0.1139963106	0.1412053202	0.05868050792	0.08560562616	0.03186261237	0.02487090648	0.1025536852	-0.1017094784	-0.07362465388	-0.01539259916	0.1017965723	0.08465222091	0.1389000666	0.1051811737	0.06975753932	0.1392145074	0.09549772694	-0.01387832654	0.06094149494	0.1434103289	0.09394541954	0.04987226159	0.001163166015	-0.02876049459	0.05479613012	-0.02958074868	-0.06429965243	-0.02062639751	0.07475455814	-0.01914259407	-0.03443433093	-0.08553656758	-0.0439442954	-0.07426513119	-0.02744892723	-0.05759620564	0.01900399251	0.06089978659	-6.611899673e-05	0.01561978107	0.04702800269	0.01043404093	0.13754683	0.04116729179	0.1399497197	0.1668078287	0.1242815794	0.03659488604	-0.0406150721	0.02595182168	-0.03600779158	-0.002251855976	0.004018690108	0.02220903149	0.02259945746	-0.04438049147	-0.07204300243	-0.01493122063	0.1037553875	-0.05398959551	-0.06818473325	0.03015534227	-0.02681248749	-0.07286558676	-0.05158592303	-0.02750040192	0.003439832541	-0.06237165551	-0.07278918352	0.02756457051	-0.02216533985	-0.03202250396	-0.06957211071	-0.07665321679	-0.03301627662
-0.03596660461	0.05453844935	0.01211577772	0.03013700163	-0.003984343813	0.003395189304	-0.005623856421	-0.02831272021	0.005978252536	-0.1361188578	-0.128404674	-0.130062575	-0.1245691536	-0.113975346	-0.118101686	-0.1184590435	-0.1297145654	-0.1279023752	-0.09743380966	-0.1219395606	-0.01151999453	-0.02320746132	-0.111208249	0.01280111646	0.02296854763	-0.130256231	-0.1261286495	-0.1150625995	-0.1196381335	0.02719593607	-0.1280675689	0.007252302559	-0.02689216249	-0.0589918687	-0.02819363475	-0.1253976737	-0.01548529276	-0.03048008303	-0.01543524553	-0.02665281122	-0.01467828754	-0.03369615715	-0.1198679446	-0.002841059917	-0.1259805928	-0.02448210951	0.0001366242468	0.01147819194	0.04169994996	-0.0177223419	0.0268791651	-0.006225545834	-0.1266025792	-0.1154157216	-0.114248753	0.02616559066	0.02886049357	-0.02734291789	-0.1226724301	-0.132958733	-0.1119642243	-0.03069397189	-0.1081106486	0.003372290902	0.001029617254	0.01114861575	0.04157003145	-0.00266078799	0.001781644732	-0.006326719177	0.02866314682	0.01182928645	0.01244831781	0.03737608692	-0.04728979864	-0.02215059331	0.04592613803	0.1320613595	0.02543500035	-0.02358966505	-0.01525042258	-0.03224056648	-0.01925401879	0.01190199706	0.01900824892	-0.03497807358	-0.005057168753	-0.003773534902	-0.02046144122	0.003903368843	-0.03209828623	0.001740983811	0.07210531898	-0.005784736789	0.01257433005	0.007276077486	0.02385415215	-0.01649527974	-0.02059988212	0.1270826031	-0.03205575229	0.01894047256	-0.02571062411	0.1413322689	-0.00182198895	0.006807664637	0.002832003355	0.04532811535	0.03251136492	0.001315844168	0.01821725349	-0.03314216113	0.005171689329	0.02219291151	-0.03227407989	0.03852289823	0.03499477872	-0.01898427257	-0.02369987045	0.0008240943144	0.01437233057	0.0591254752	0.257458868	0.2190737815	0.4173243275	0.01614442776	-0.1180577342	0.06021648419	0.007984366367	0.02679602942	-0.02187508948	0.01739573747	-0.01742083528	-0.008640481168	0.05792633189	-0.0001842760098	0.01797752765	0.02327166652	0.01020306552	0.01015657994	0.00162361575	-0.01305341708	0.001590225225	-0.03411442816	-0.02351196459	-0.02383044432	0.00206517864	0.02531283246	-0.005474165341	-0.006189863943	0.03880233567	0.01571543734	0.08698618966	0.05815796702	0.07838863271	0.02537689366	0.07760051028	0.09883350747	0.06820704577	0.06210213726	0.01757099785	0.01400713521	0.0423254521	-0.04564842767	-0.007208078723	-0.02527674896	0.089219949	0.08421420994	0.04766010059	0.08889452326	0.07677347386	0.0358975586	0.1074266319	0.0818689845	0.06973572839	0.2038169718	0.07595131474	0.1009405697	0.03063280634	0.03038760839	0.01689299369	0.02429339807	0.002360750326	0.07457699042	0.05604507726	0.01183328849	0.001949963699	-0.001721197881	-0.03183354457	-0.02041950927	0.005198952815	0.01172886267	0.0290691345	0.08126510072	0.004078867228	0.01652330578	0.03003955582	0.08397165199	0.08933337135	-0.0437554972	0.05317613193	0.03048822841	0.002099371485	-0.01661179423	0.004829840813	0.01973460545	-0.01836364277	-0.01780359042	0.0153183192	0.0130370208	-0.005370766548	-0.03266921147	0.0001139867638	-0.06527713092	-0.0118566297	0.03650982511	-0.06567681572	0.005687252943	-0.04454255669	-0.1068028708	-0.06016907157	0.07519767038	0.1109136046	-0.03886757247	-0.02183731641	-0.008840674744	0.01594100304	0.01470830415	-0.1025940024	-0.003949448516	-0.009273145188
0.0161835626	0.07586518825	0.03392276506	0.02228483496	0.01023236679	0.04517654698	0.03809653009	0.0214903027	0.02532006371	-0.1108672163	-0.09728573153	-0.1028583821	-0.1035156843	-0.1071415838	-0.08918400962	-0.09553480383	-0.1099204754	-0.1167170256	-0.09964246028	-0.1003872264	0.005297796554	0.01281786178	-0.09352255149	-0.005186142369	0.005794866761	-0.1258601994	-0.1163631588	-0.1037465586	-0.1088405242	0.008813925437	-0.1049257111	0.004269798401	0.03835953507	-0.07889097367	0.000862106482	-0.1068476942	0.03273312142	0.01632957297	0.02265975979	0.005850650671	0.01755717005	-0.01663976705	-0.08511341955	-0.005865399394	-0.1138475648	-0.0002040722292	0.04518369992	0.009989457636	-0.01466553243	0.04489532414	0.004214743203	0.04701834051	-0.1050200073	-0.09362737551	-0.1028287133	0.005138102938	0.01128165622	0.02746458814	-0.1174406596	-0.1174223821	-0.1025327244	-0.003813509897	-0.09228832841	0.02771797558	0.01519573982	0.0548481812	0.05667720165	0.02711829772	0.0487388399	0.02429727269	0.03565523018	-0.0007986501936	0.0002212907831	0.01081590184	0.06250835148	0.01063138158	0.06514656469	0.03125077056	0.07260979817	0.0216971748	-0.05519162543	-0.07103485073	-0.009664944484	0.03032148982	-0.02919786739	0.02127746623	0.03593864538	-0.0480222976	-0.03853158385	-0.02701584531	-0.0117180526	-0.04333331878	-0.006299077482	0.02777776314	-0.05105575529	-0.05524502797	-0.05817476345	-0.04204888032	0.0207053266	0.004743520292	-0.04030644078	0.04373875929	0.03690608079	0.03987990311	-0.01247208057	-0.02589195335	-0.06339145143	0.08235774828	0.0751031527	0.0100801677	-0.005415535359	-0.01836782574	0.09607233664	0.02599551526	0.0340621609	0.06988309061	-0.06073305791	0.0185970534	0.06455694916	-0.06471378733	-0.06087475675	0.07930708841	0.02990099477	0.0134494691	0.01614442776	0.4017524251	-0.08350940354	0.02301198335	-0.05748966911	-0.03268733827	-0.07419225871	-0.05556204003	-0.04962855197	-0.0001338868666	0.1479006274	-0.06209773349	-0.03492633074	-0.05874191222	-0.007409839128	0.05123156679	0.02479250665	0.04628114161	-0.06671795637	0.07731982624	0.06530344718	0.06838330817	0.04097251929	-0.01065949399	0.02905397503	-0.06153009133	0.02910517298	0.01049558792	0.007602899067	0.004474502621	-0.02722804758	0.00971835891	0.003570719613	-0.03330640306	-0.00371693195	-0.01121823105	0.01797023086	0.02013880441	0.00619228835	0.03291218881	0.03824021457	-0.06021200729	-0.02091958578	-0.02299527508	-0.03143383712	-0.02809108243	-0.03655813521	-0.01710220663	-0.02439628162	0.01995069296	0.02420836219	-0.02976679967	-0.03320256818	-0.03076296666	0.01420220906	-0.01683805144	-0.0152918064	0.02367800719	-0.009048751656	0.0007211109778	0.02106407957	-0.005715023565	-0.04043760812	0.032597537	0.05562095783	0.03723248013	-0.01168030118	0.06506109937	0.06203056717	0.1878976079	0.1785963471	0.1045475431	0.109858784	0.05654497014	0.07716132772	0.02275086477	0.06498686937	0.06334090509	0.003152842627	0.05479284095	0.06352079596	0.01611237049	0.05607594505	-0.01270238737	0.02415010504	0.04550257948	0.03912969721	0.07733676269	0.05930508111	-0.004945469363	-0.01291402008	-0.03075160191	-0.0490060929	-0.03846719541	0.009772148328	-0.1074199529	-0.07712228112	0.06373624125	0.07447439005	0.02097876147	0.03059124809	0.03299880205	0.08366498907	0.007370326133	-0.09517682245	0.0630476561	0.1405377082
-0.1746720267	-0.1606265027	-0.1827472453	-0.1947667291	-0.1160535293	-0.0970501131	-0.1517247619	-0.1883606402	-0.1912826291	1.052931033	1.012677914	1.026484841	0.9914261107	0.5264316056	0.5320452	0.9820382044	1.039154051	1.019205145	0.477023466	0.9921996845	-0.06939260011	-0.02451622337	0.4916789427	0.04048633112	-0.004547191584	0.5382029098	0.5351218689	0.5339755102	0.536538694	-0.01372756552	0.5495609794	0.02682918038	-0.03269941319	0.5088122898	0.01297102956	0.5292503262	-0.1837978254	-0.1884438911	-0.2081157475	-0.09451985763	-0.0576956907	-0.1798749761	1.22342879	0.08004745198	0.5643754754	-0.09921271984	0.02615042271	-0.08524850133	0.04124380096	-0.03163648912	-0.02226891311	-0.01717558648	0.5378225999	0.5217934838	0.4934816525	-0.01040941108	-0.009956490378	-0.04550155766	1.097176767	1.067333696	1.105445204	-0.009866294583	0.5228466306	-0.01648005249	-0.03255545371	-0.04600144592	-0.1385109146	-0.06853082124	-0.1853624031	-0.1986973008	-0.2010568424	-0.149690131	-0.1500632911	-0.1962432323	-0.1827103099	-0.2070106606	-0.1326422383	-0.1032123657	-0.2002082901	-0.2012088128	-0.1121351854	-0.1224451624	-0.136402741	-0.103579354	-0.1917578077	-0.1429839351	-0.1098216156	-0.1409471931	-0.1788103074	-0.08200516757	-0.1095684808	-0.1832786947	-0.1117021158	-0.2183074192	-0.1290947275	-0.1803617088	-0.163854232	-0.1601337967	-0.1599944115	-0.142056228	-0.1628707565	-0.201385895	-0.1488377875	-0.1571501786	-0.138823379	-0.1452118849	-0.1531367209	-0.1867438776	-0.1136620428	-0.1848837514	-0.1895391196	-0.1823404664	-0.1407257922	-0.1895941212	-0.1896803891	-0.1866194695	-0.1780375436	-0.1793931737	-0.2046041889	-0.1476711764	-0.1777870329	-0.1504381187	-0.1393592943	-0.07912319265	-0.1180577342	-0.08350940354	1.230138249	-0.1687863797	-0.1512214927	-0.1670394963	-0.103285761	-0.164035691	-0.1387527732	-0.1701335412	-0.1363405383	-0.1326255847	-0.07390085768	-0.1648286667	-0.1257788506	-0.1282580604	-0.1589363396	-0.1886366607	-0.1569098744	-0.1914207617	-0.2061381241	-0.2077004913	-0.2047528656	-0.1802473969	-0.1622452201	-0.1570073213	-0.1763422952	-0.07449574119	-0.09343043099	-0.1105115734	-0.06222533067	-0.07731886938	-0.04535916454	0.02962256245	-0.06949167758	-0.05940216351	-0.03504443334	-0.1496025908	-0.04529097746	-0.1883789753	-0.194383036	-0.192459807	0.06896632204	-0.07751775962	0.05489151225	-0.04171967598	-0.04217585836	0.08238180385	-0.07016256031	-0.1910564219	-0.1141518347	-0.1731209407	-0.07205786209	-0.1197467187	-0.1604208398	-0.2017406032	-0.1017249203	-0.1888464864	-0.1364547935	-0.1669896853	-0.1641711757	-0.1449397881	-0.151969097	-0.2013925546	-0.198398887	-0.2047018661	-0.1319213905	-0.2079862824	-0.09709687235	-0.1092371524	-0.1247705047	-0.1476865305	-0.124696514	-0.1387366695	-0.09303928461	-0.1773311287	-0.142054478	-0.1327524252	-0.1673894878	-0.1938688839	-0.1069649225	-0.120584822	-0.1506563693	-0.01397886901	-0.06542100111	-0.05023205246	-0.04628371285	-0.1931759355	-0.1907333632	-0.1356165004	-0.08414911696	-0.166653588	-0.1179990834	-0.1379332805	0.02261137839	0.9225234623	0.5103071619	-0.1384371306	-0.1171127154	-0.1932136279	-0.1980994173	0.04171397711	-0.1528128789	-0.08043523345	0.9393252278	-0.1724696346	-0.1164594777
0.01488866862	0.0655453202	0.1062351518	0.04198113659	0.01354923301	0.05753584226	0.01467328926	0.02585962929	0.04199989809	-0.1716393801	-0.1623130503	-0.1646009638	-0.1561913461	-0.1595830809	-0.1633901678	-0.151283975	-0.1675566831	-0.1573065248	-0.1511112577	-0.1566485236	-0.03239781048	-0.0459794331	-0.1566143076	-0.05389953569	-0.03931834294	-0.1647043991	-0.1593839308	-0.1530554076	-0.1666233694	-0.04097155474	-0.1674792092	-0.03285007914	-0.02143639309	-0.1034117138	-0.05154628274	-0.1521476917	0.03350180115	0.003944093517	0.03930269179	-0.03104934247	-0.02750637177	-0.01869638948	-0.1714970375	-0.005870836747	-0.1560729247	-0.00546775706	-0.04521475877	0.008397920909	-0.05704857876	-0.04020544289	-0.02699961299	-0.02662987016	-0.1470509584	-0.1601710151	-0.153751055	-0.04326735651	-0.04140262298	-0.03998744817	-0.1739065749	-0.1579115625	-0.1577341814	-0.01733199527	-0.1591945299	-0.04650387419	-0.04520751485	-0.0178582562	0.04902348168	-0.002232635154	0.03151055041	0.0380122442	0.1405254204	0.006135091177	0.01024770504	0.1263726583	0.07573506229	0.04217575645	-0.002332096222	0.04481839643	0.1299892712	0.03833330369	0.01091219117	0.02427506389	0.003242173932	-0.02103048439	-0.008159141262	0.06288425359	0.05183952038	0.0257237969	0.03477461491	-0.0434023423	0.03602595059	0.02027464602	-0.03720686262	0.04597749558	0.007112453791	0.02549156568	0.01979904242	0.034236096	0.04248127403	0.05791771907	-0.002073953597	0.1586113753	0.05272452861	0.06123862327	0.009459096144	0.02469910903	0.02328047123	0.02887687735	0.01789503508	0.1156768993	0.07249134786	-0.02455188632	0.02960992732	0.01079646256	0.02461672842	0.02445278507	0.03834704326	0.1862992235	0.1169575213	0.01653298403	0.009384526135	0.09224590866	0.1000516873	0.03383771058	0.06021648419	0.02301198335	-0.1687863797	0.397531794	0.02069815663	-0.005010692004	0.03274183367	0.01364681063	0.03316088165	0.02311081762	0.001833513016	0.08473444903	0.01664250869	0.01920756707	-0.001941373554	0.02044589394	0.0059198913	0.05777971583	0.05698917394	0.1009826495	0.1221107032	0.1215705622	0.05453823272	-0.0213261438	0.003876114914	0.07020373807	0.01553945483	-0.02035499948	-0.02020940539	-0.03680901728	-0.05826726918	-0.003715328296	-0.05044409879	-0.0299840038	-0.01695985424	-0.02060205258	-0.04625549853	-0.01183060516	0.03098894755	0.06179677257	0.05387268769	0.04135318102	-0.03582539612	0.02444764281	-0.07311904461	-0.01488516214	0.004157230212	-0.07803317037	0.03185886715	0.1032315048	0.0468942374	0.1031323902	0.01514726512	0.06596716955	0.1511957093	0.0515966231	-0.02377643512	0.0180144854	0.06718283891	0.05917569851	0.01579286073	0.05416012917	0.03171534219	0.08038720421	0.1254733479	0.04630967854	0.00723576957	0.03824599215	0.04586841087	0.05204426759	0.03875886593	0.03975034181	0.0275945851	0.07772011611	0.002493082344	0.01588861255	-0.009714277108	-0.01427438557	0.01977839192	0.02881967108	0.003286314909	-0.009242043233	0.02177560678	-0.02549588572	-0.0173875351	-0.007603888059	-0.04285272145	0.1348506377	0.04248877412	0.06675151208	0.001682053427	0.08271124627	-0.02078428502	0.05599285001	-0.05255176431	-0.1465071079	-0.1065638376	0.07795770563	0.0770247421	0.02857598363	0.05223909605	-0.03834217476	0.02875067405	-0.001798878438	-0.1562258407	0.1074073658	0.03806747937
0.06979113136	-0.01391835474	0.01576437391	0.03483552848	-0.02882139977	-0.009856403442	-0.005596299911	-0.008269510635	0.03438727749	-0.1518126979	-0.1459935138	-0.1489289604	-0.1384987308	-0.1503703218	-0.1464113998	-0.1353347504	-0.1542675801	-0.1473038903	-0.1270071195	-0.1429652467	-0.00831830159	-0.02586407894	-0.1114588965	-0.004989887172	0.01267406815	-0.1551088869	-0.156241386	-0.1532854861	-0.1591057229	0.002929363397	-0.1514110127	-0.07778663782	-0.03837027779	-0.06479785952	-0.06834558232	-0.1413850163	-0.01381000567	-0.0001718372621	-0.004644615265	-0.03163911744	-0.03601629336	0.02873922743	-0.154325608	0.01175029531	-0.1581861742	0.01533435351	-0.05134441497	-0.03155398963	-0.003447837435	-0.01937811529	0.01628133784	-0.02497334541	-0.149466049	-0.1489517329	-0.1368139874	0.001783102965	0.003791248861	0.0004526860873	-0.1616116898	-0.1554150393	-0.1446301759	0.02003264188	-0.1484893493	-0.006056033145	-0.01960189452	-0.005350793642	-0.0329733555	-0.04084361031	0.002642693578	-0.01369383639	0.01042313	0.01482004687	0.01029704818	0.01487088553	-0.008820099521	0.0624383765	-0.01455379856	-0.01076119416	-0.002516537448	0.009458738333	0.1216160513	0.1595919083	0.02679463151	0.01701203808	0.07091919893	0.009993999182	0.01550817029	0.1015200766	0.08696774281	0.2048858347	0.02863441916	0.1552778965	0.0811516761	0.01748111199	0.08417396154	0.1415184947	0.1480598434	0.07897045992	0.03265858745	0.01418820658	0.03066762975	0.0177039431	-0.0004895183671	0.03576980325	-0.001934521906	0.06118442678	0.3519650985	-0.006435543089	-0.01562572283	0.0647599032	0.02597151499	0.01550777551	-0.003655592014	0.0946692022	0.03843799292	0.02806202628	0.1574106501	0.04387705249	0.03128680495	0.1162453658	0.1123649216	-0.02616424404	0.03591100216	-0.004865980718	0.007984366367	-0.05748966911	-0.1512214927	0.02069815663	0.377233498	0.227634915	0.06891491836	0.1170934757	0.09027264237	0.04489763112	-0.01272727339	0.07380097574	-0.002915851755	0.1459754522	0.0748551881	-0.02050018606	0.005085416024	0.03010923755	0.09892495314	0.0001238042731	0.0235113131	0.02413514271	-0.006606392778	0.08283561707	0.01527283688	0.07869427065	0.005241576091	-0.01738576678	-0.03489283435	-0.03344502279	-0.01664982861	-0.03667620311	-0.03144928807	-0.05899028159	-0.03583091154	-0.01755797865	-0.05077533752	0.02261544408	-0.04028728154	0.0200435649	0.02344253503	0.1308929625	-0.03246393321	-0.04861409736	-0.03808997776	-0.02939300437	-0.04130525244	-0.01139808733	-0.0287268556	0.02521282912	-0.02476736792	0.1156458347	-0.04283635722	0.02561793991	-0.02893794086	0.09639120952	0.1461695063	0.09991777762	-0.004855688804	0.03711339561	0.03141720239	0.02820426855	0.1225743589	0.05303409997	0.01891306522	0.03968934305	0.05671474578	0.01684524529	-0.009873689259	-0.03967358756	-0.02499392428	-0.0311442283	-0.0686098243	-0.01109183866	-0.04193174689	-0.01331485862	-0.04920732334	-0.05372852497	0.06832153515	-0.0226654845	-0.02359421378	0.08118095446	-0.03549290762	-0.004954662296	-0.01349890129	-0.02730555419	0.007986980412	0.02051483909	0.005115501112	-0.0001083719269	0.118135406	0.07762530302	0.06159816797	0.08313950841	-0.02939236615	-0.109920517	-0.08004076383	-0.03426390368	-0.003103788882	0.009347305464	0.06647555832	-0.03608186415	0.004984508419	-0.007383562996	-0.102979025	-0.0002134103708	0.01200261192
0.06045321004	0.005662765378	-0.007666345277	0.03646693602	-0.03521079655	0.004171955399	0.01300544353	0.005770093894	0.006850110939	-0.1844576341	-0.1694549417	-0.1743363818	-0.1716781825	-0.1754425357	-0.1528546918	-0.1650399935	-0.1799632354	-0.1786287127	-0.1197886771	-0.1684067247	0.01224946845	-0.01520288128	-0.1303473565	-0.004177169224	0.01163419027	-0.1704220485	-0.1865808368	-0.1767387296	-0.161240832	0.01734717369	-0.1741034449	-0.04572870993	-0.01965815038	-0.07536145962	-0.03650696655	-0.1671783912	-0.02190273196	-0.0300298154	-0.02289092511	-0.04971201327	-0.04738691197	0.001000112401	-0.1699211296	-0.000612970042	-0.168089414	-0.01111569489	-0.0605256677	-0.02514091019	0.005381710362	-0.01554523402	-0.0009661279524	-0.02288109648	-0.1594168646	-0.1774329802	-0.1629058725	0.01941996782	0.005460459864	-0.01664618077	-0.1627862416	-0.1663020092	-0.1641134489	-0.01938644884	-0.1701577763	-0.02322084521	-0.01431136621	-0.01207425403	-0.01424542998	-0.06236951234	-0.003747279444	-0.02405775454	0.007362952349	0.01311842607	0.008839168439	-0.01216035284	-0.03076203062	0.04610766357	0.04769832942	0.01157512947	-0.0182843524	-0.01350001847	0.1452863838	0.1100901494	0.02240382638	0.03486403972	0.07226056468	0.02331449075	0.03381195992	0.08080121573	0.1024080926	0.2239499122	0.02865688124	0.2048550475	0.08420267413	-0.0009121086268	0.07075415155	0.1329400076	0.09686274578	0.08325265881	0.01430804848	0.04146018627	0.03778234783	-0.002354722057	0.002194403869	0.05811537066	0.03681001736	0.08407039613	0.2468735023	0.01820128313	0.02667932182	0.05450971733	0.004798523793	-0.009939176587	-7.507923425e-05	0.05428890885	0.04698804832	0.03391297402	0.1331545303	0.05582312942	0.006128984119	0.06548236907	0.1233638901	0.00314492918	0.01853561501	0.04292636875	0.02679602942	-0.03268733827	-0.1670394963	-0.005010692004	0.227634915	0.3803549067	0.05880506305	0.08885284274	0.09013962065	0.06392845776	0.00620786739	0.05424770821	0.03969779317	0.09475426418	0.05333997765	0.05306382817	0.01744511253	0.0007007165024	0.06712448801	-0.02086152396	0.01037963304	0.01005569536	-0.02251990154	0.08777064914	0.01073904568	0.04703694545	0.04554326542	-0.01668011956	-0.02273851644	0.02584436077	0.02371717681	-0.0220023851	0.008117077551	-0.01171309076	0.01243630303	0.03155323391	-0.007338178154	0.07079239229	0.008187849318	0.01280756269	0.007589779221	0.1035513444	0.01126787507	0.01369614766	0.009755209881	0.02432958934	0.009938606649	0.04918433761	0.01365247424	0.003116397838	-0.01719413311	0.089937714	0.02557406481	-0.001567470843	-0.0312289841	0.1023247175	0.1801902667	0.06636592765	-0.01834427695	0.02379539407	0.06748649551	0.05642656752	0.1268369801	0.0501094732	-0.01000605729	0.04911258808	0.03013594904	0.01060998385	0.01955309245	-0.008641919883	-0.01049495819	-0.03986588448	-0.02594618879	-0.05607875046	-0.01523976632	-0.02470127906	-0.03513325381	-0.02007170388	0.02963140674	-0.01657380433	-0.03666104078	0.0803473311	-0.04125585131	-0.01217461734	-0.009628917026	-0.035133909	0.002354276135	-0.005962847749	-0.00723679593	0.01671990434	0.1603400936	0.04470740134	0.07438283124	0.09374321499	-0.01646179973	-0.130038186	-0.08726983922	-0.002969960417	-0.005686194266	0.01121240691	0.04193645826	-0.03519106169	0.02083539256	-0.01549763367	-0.1130470248	-0.01618972073	0.01547423985
0.07051290867	-0.04640451977	0.01404699237	-0.001389941568	-0.02660386189	-0.02444745892	-0.02185431891	-0.01263485172	-0.01936305509	-0.09997981319	-0.1246720168	-0.1263686938	-0.119701703	-0.1290873799	-0.1296292046	-0.1135194663	-0.09881959567	-0.1290570531	-0.1207866235	-0.08583004355	-0.02676288066	0.001767276018	-0.1090636124	0.01153786691	-0.0271346218	-0.1024360787	-0.09560311112	-0.1322958598	-0.1048536354	-0.02893088555	-0.1023784795	-0.01385434705	-0.06759936243	-0.09151613958	-0.02052567839	-0.1249628037	-0.01054311299	-0.0223719945	-0.02217503068	-0.0437967505	-0.05594566759	-0.006831434005	-0.1059722666	-0.01955353015	-0.1077455505	-0.01006860308	-0.0438445618	-0.03728738224	-0.02328920435	-0.03604191358	-0.02444618979	-0.01437570232	-0.1322011623	-0.1255788497	-0.1194320293	-0.0306126454	-0.02898354926	-0.04009605215	-0.1073719896	-0.1009023118	-0.1025542976	0.046309839	-0.1313116837	-0.0344100576	-0.0469797817	-0.06309329554	-0.05923414518	-0.03744542854	-0.03561830389	-0.01620935347	0.02407049828	0.02152126784	0.02255628285	0.06104728809	-0.02118404119	0.08536711756	-0.05647159517	-0.005512263031	0.02658082607	-0.02570408107	0.2046939495	0.122344032	0.2441196602	-0.03597999884	0.03829303663	0.2051313087	0.100754417	0.046391594	0.1613984447	-0.02758747342	0.2124766466	0.07936180581	-0.03063902851	-0.01982768936	0.04505019091	0.09029678352	0.06583452558	0.2620134544	0.05370868518	-0.004486758642	0.2046922388	0.0007321054937	-0.01013160497	-0.07003923315	-0.006060307965	0.1390669336	0.05380685289	-0.04121003516	-0.02322435293	0.02930405955	0.1064187596	-0.003135952098	-0.03520901901	0.07729695183	0.1455619293	0.02158021822	0.05766547291	0.06349551034	0.01886848029	0.04026969417	0.1729009934	-0.05379001882	-0.0413617241	-0.03387130205	-0.02187508948	-0.07419225871	-0.103285761	0.03274183367	0.06891491836	0.05880506305	0.3897635234	0.1132457649	0.2334748015	0.1636919971	-0.03631359198	0.08388962377	0.01227786566	0.06034130245	0.1030637478	-0.0207092233	0.0123796058	0.03961582257	0.1629560702	-0.01083245988	0.007042482278	0.006676136069	-0.02558162854	0.03412384369	0.01121513094	0.1548243788	-0.003924771394	-0.04376769204	-0.03897738574	-0.02326887043	-0.06170942698	-0.05217125806	-0.08147601519	-0.06686756479	-0.06554983077	-0.04622923764	-0.04333727537	-0.02237245006	0.04542989486	0.135635355	-0.005855661703	0.1451210642	-0.03263018102	-0.01148765719	-0.05502420389	-0.05618432663	0.0001042081687	-0.06651703495	0.02828998811	0.00569443484	-0.02954800429	0.01561281251	-0.007201893583	0.07279352168	0.02325516535	0.0342660232	-0.01422817138	0.03640711892	0.01572856039	0.02189368121	-0.05116349456	0.007055942921	0.02272164263	0.03267053397	0.01384402937	0.09132384276	0.2015053203	-0.03142455139	0.004326243003	-0.03239971454	-0.04701957797	-0.00737836058	-0.02181431187	-0.00403588598	-0.03324438031	0.01379255173	-0.04274423204	-0.02701356354	0.009386794306	0.02781489209	-0.03255454054	0.01376135841	-0.06881253987	0.002626396281	-0.00728468396	-0.03918535128	-0.03835017895	0.01257337362	-0.03996373803	0.1064572428	0.1290639734	0.05541180153	0.2225245949	0.1565083936	-0.01553599614	-0.1182917258	-0.09669529596	-0.006454607174	0.01056973514	-0.002424424334	0.07092578406	-0.02681963025	-0.04449483523	-0.03892405349	-0.121750185	0.002153286387	-0.04842417939
0.01527775572	-0.06830393657	-0.0220008734	0.04282734657	0.0001685956893	0.01146679795	-0.02786759578	-0.02959230131	0.02915758101	-0.1535019571	-0.1455610724	-0.1484406067	-0.1384198942	-0.1498711424	-0.1426435912	-0.1352377921	-0.1526435728	-0.1484124218	-0.1327070292	-0.1407127971	-0.02425676568	-0.04704225953	-0.1254224339	-0.03492424339	-0.01835107732	-0.1515420773	-0.1463883122	-0.1533140885	-0.1523240025	-0.0214688179	-0.1507772272	-0.07369730566	-0.06157039304	-0.08926785831	-0.06260245184	-0.1428403937	-0.01913620885	-0.01271222772	-0.03531023388	-0.02759915603	-0.03175553855	-0.003606729105	-0.1677019303	-0.01368073819	-0.1521965056	-0.01010374863	-0.03790914623	-0.06159982611	-0.02343884477	-0.03538955987	-0.002911834487	-0.06189045225	-0.1456200552	-0.1443692285	-0.1344735114	-0.02819024119	-0.02518523973	-0.02992023982	-0.1669078511	-0.1587240011	-0.1501175407	-0.0006164607291	-0.1465744098	-0.0282753676	-0.03494824847	-0.04794814183	-0.04973371586	-0.07325658892	-0.06404766502	-0.01620589765	0.02105292319	0.03551756138	0.03388283745	0.05016101321	-0.01772949569	0.02075852641	0.005320546895	-0.01855625958	0.008968259434	-0.02651774598	0.1109073731	0.1285175481	0.04636567613	0.02893510078	0.08361483213	0.04346736717	-0.004977328982	0.1818372867	0.2337307615	0.1099295341	0.03517853141	0.2070585341	0.113682097	-0.0163464432	0.2004438942	0.2433295367	0.3065274512	0.1640316563	-0.01760482644	0.009586180335	0.1454474972	-0.01208021482	0.0004081892738	0.02414078952	-0.004427478082	0.1367189154	0.1155722383	-0.04369010104	-0.04819647034	0.0715233252	0.009980855345	0.008075255659	-0.03002393481	0.09888399484	0.00990474159	0.01201242597	0.1359059318	0.04466907842	-0.02802277264	0.2651030747	0.2688670955	-0.002297248338	-0.01465595049	0.04653821009	0.01739573747	-0.05556204003	-0.164035691	0.01364681063	0.1170934757	0.08885284274	0.1132457649	0.3926059639	0.09420405613	0.08783982649	-0.01445050474	0.0906330853	-0.009842970482	0.3108090153	0.1231610426	-0.01698889073	0.01408789646	0.02836723541	0.1106561724	0.00183622044	-0.03586951908	-0.03618817721	-0.03379352397	0.1046960239	-0.003574143787	0.112817348	0.0148517575	0.01213449642	-0.03821648721	-0.01094198549	-0.02372589016	-0.04435903284	-0.04139741976	-0.03381823268	-0.009880624837	-0.01163326812	-0.03272639139	-0.0007571295341	-0.05750719666	0.01913521587	7.756508954e-05	0.1666763513	0.007587195478	-0.01704020594	-0.01754997385	0.02160967425	-0.00880552991	0.009045453312	-0.008614972331	0.003189244579	-0.02718553816	0.1066202214	-0.01262376198	0.06464075309	0.01299742804	0.07188616407	0.1504249483	0.07285102667	-0.01403452099	0.02217680805	-0.006648045937	0.08392412004	0.1050146782	0.02968112291	0.008863644125	0.03572971561	0.06320555403	0.006662377825	-0.03888798331	-0.0436901004	-0.02377014011	0.004798273666	-0.04021958875	0.005256251099	-0.02522253987	0.01557273876	-0.03648542433	-0.02789404665	0.08918540778	0.02360554246	-0.02596214426	0.04033067007	-0.07785497777	-0.007497767291	-0.009577408995	-0.01736699	-0.0159167553	0.01393655204	-0.05582028316	0.0122010538	0.04162047616	0.06018445168	0.140818112	0.0691214469	-0.06867483692	-0.1203175496	-0.0924053035	-0.05184407694	-0.01753095171	0.001338948222	0.02719899766	-0.04022051374	0.01004324658	-0.01167591918	-0.1254758441	0.01703166271	-0.01766012779
0.1394667036	-0.03936373416	0.01929961513	0.03106865221	0.02084371226	-0.02316942259	0.0004543160147	0.02033788743	-0.01927765589	-0.1301858863	-0.1216881211	-0.1236277646	-0.1165560647	-0.1214993387	-0.1405040724	-0.1118249302	-0.1303456198	-0.1270484071	-0.1593653542	-0.1162276638	-0.04322104563	-0.05538328907	-0.1495491249	-0.0184257962	-0.009981244198	-0.1281169892	-0.127931202	-0.1298671931	-0.1329522845	-0.01181184957	-0.1252398086	-0.04317226864	-0.04167831137	-0.1130731697	-0.03101855973	-0.119294006	0.0113319976	0.008312885805	0.009044158641	-0.003738412824	-0.01141810015	0.005303848153	-0.1423790292	-0.04992881772	-0.132234359	-0.02048915008	-0.0294325934	-0.01626680358	-0.05810040653	-0.05880809695	-0.01474769818	-0.04854294137	-0.1281211634	-0.1200255709	-0.1158509881	-0.01552518081	-0.01414200137	-0.04402677773	-0.1435575214	-0.1385087136	-0.1356985165	-0.03210489001	-0.12657507	-0.006262191721	-0.01760020616	-0.04275741524	-0.04526518417	-0.0574680319	-0.006351911992	0.01995347101	0.05209268458	0.004393882122	0.005182273389	0.03552868326	-0.0314288297	0.08290296227	-0.04212956282	-0.04549402337	0.02256405782	0.004629182181	0.1857943155	0.1079253843	0.1872666129	-0.009112761978	0.03891959245	0.1627934325	0.02970512108	0.06723369652	0.1591892326	-0.02087983313	0.1255525354	0.1055800567	0.05236659178	0.01143169417	0.05354066619	0.1094541219	0.08150981576	0.2567342699	0.02014781724	-0.02381825039	0.1499870003	0.03747688912	0.02594761228	-0.03379288179	0.01464199674	0.1920377789	0.07351252479	-0.005365891876	-0.03394932762	0.01717165201	0.1388546354	-0.005478286997	0.001613473858	0.07866315607	0.1806210155	0.02912568647	0.07432701656	0.07872196235	0.02365234852	0.06791597316	0.1595967703	-0.03892169252	-0.04156232534	-0.07193035305	-0.01742083528	-0.04962855197	-0.1387527732	0.03316088165	0.09027264237	0.09013962065	0.2334748015	0.09420405613	0.3588980914	0.1652241906	0.03294089982	0.03233087	-0.0302013086	0.0760586815	0.04774849745	-0.02216336887	0.01072201022	0.04734202428	0.1470122454	-0.001988377546	0.01170467163	0.01133720828	0.003509990774	0.04733505819	0.01838779494	0.1391387891	-0.04135429151	-0.02191380072	-0.02906585032	-0.0358245627	-0.01632114942	-0.04395086722	-0.02684725287	-0.0549306356	-0.03578746683	-0.02944141503	-0.01595839144	-0.01019983988	-0.04807005704	0.1484065813	0.032340994	0.1304997685	-0.07334929874	-0.05006309054	-0.1002194284	-0.04101798864	-0.06324984863	-0.07627413706	0.07804808285	0.03934436194	-0.01369919856	0.016341385	-0.04990657598	0.01238156115	-0.004834987029	0.07498120843	0.03176411338	0.04235892601	0.03949563539	-0.003555876387	-0.0344350388	0.05275540403	0.1037175225	0.06598827004	0.02849100606	0.09486701196	0.1162976964	0.004515639265	-0.01970174984	-0.003505769385	-0.01671091816	0.01378164643	-0.03236812591	-0.01175703974	-0.01649627966	-0.02138335432	-0.0658133238	-0.06624438439	-0.03110160451	-0.003948702581	-0.01091565391	-0.01127235136	-0.03766645176	0.02637527886	0.02077216749	-0.03431052597	-0.05706229651	0.02831242838	-0.008791723391	0.04848096879	0.1206023431	0.03983333319	0.1683041455	0.1454534049	-0.06429540586	-0.1439601994	-0.1055231173	-0.01704125105	-0.03267794539	0.01732913681	0.08204471131	-0.01047846489	-0.01136766979	-0.0129403951	-0.1446711559	0.02569569135	-0.01862280618
0.1092304705	-0.02391734	0.04822462511	0.01110637899	-0.01114448625	-0.05067067191	-0.004235633313	0.006828644723	-0.0108384958	-0.1649831576	-0.1550841888	-0.159327481	-0.1503041579	-0.1523457585	-0.1595447477	-0.1483234428	-0.162467765	-0.1613965034	-0.1429212105	-0.1513657209	-0.04337829882	-0.0563301201	-0.1316625484	-0.04763562314	-0.03656517372	-0.1652624789	-0.157725274	-0.1588070483	-0.1579907554	-0.03788306	-0.16307803	-0.08364618154	-0.06478653914	-0.1055026959	-0.087540755	-0.1559523704	0.03009499861	0.03789355548	0.02912543393	-0.0006528322845	-0.04912621953	0.03705183697	-0.1740663247	-0.03033424116	-0.167017556	0.0007276492445	-0.0419199577	-0.04274982068	-0.0313773303	-0.05268580504	-0.03125348993	-0.06319290999	-0.158827282	-0.150990619	-0.147218074	-0.04118155077	-0.04198463197	-0.04913570606	-0.1766333222	-0.1729004931	-0.1685825589	-0.03495910845	-0.1557683199	-0.04059298343	-0.04448231515	-0.05223419023	-0.01418929408	-0.05605990039	-0.007025895152	0.02618899501	0.004103653956	-0.002685795456	-0.001863118429	0.03052767816	0.03885345723	0.1188516551	0.0004632783448	-0.003837778097	0.04524554651	0.02149686575	0.1473281437	0.1143683732	0.175203542	-0.01966754848	0.1116404617	0.1579760588	0.05052878512	0.07835689073	0.1642226137	-0.01923090209	0.1438266879	0.08985501107	0.0302949448	0.03128344813	0.06129210764	0.07337123334	0.07720171461	0.2131379692	0.0439420772	-0.04735930523	0.1631055482	0.02456078765	0.02486913609	-0.01907268586	0.01222078913	0.1675484005	0.05181132791	0.003740994127	-0.0006829964845	0.04734457257	0.09298371831	0.03112566333	0.01651901324	0.1613566167	0.1795646539	0.039975411	0.05549513455	0.09784807497	0.07485814865	0.05456423688	0.1549702735	0.01572521451	-0.02461891817	-0.02685569254	-0.008640481168	-0.0001338868666	-0.1701335412	0.02311081762	0.04489763112	0.06392845776	0.1636919971	0.08783982649	0.1652241906	0.3555791785	-0.01294431547	0.004663921233	-0.07896177801	0.07864230679	0.1603193815	-0.0009545947621	0.02764340059	0.08795241063	0.1581507962	0.03080818267	0.0754565843	0.07852669639	0.01554528673	0.1039557179	0.04370141495	0.1660386998	0.02867945812	-0.04553419105	-0.02538830364	-0.02028183737	-0.06391378417	-0.02844909644	-0.06266589225	-0.06134301007	-0.03895223911	-0.04623925225	-0.02814640473	-0.02487692593	-0.0171408304	0.1635907405	0.05486817041	0.09838483203	-0.03536449397	-0.08579944102	-0.10933349	-0.08105413479	-0.07475947882	-0.08021076645	0.06648835246	0.05377511937	0.003529981735	0.03292202719	-0.08431405392	0.02263426018	0.02086447756	0.1104179338	0.02346381794	0.09339023394	-0.006140725323	-0.003836584557	-0.004925720926	0.04892806753	0.05425632326	0.05316876404	0.02422738996	0.1498153111	0.1448802504	0.03746110338	-0.02725728477	-0.02658277133	-0.00481500406	-0.008317043461	-0.005423756448	0.03358194677	-0.02573051239	0.07016987406	0.01051762082	0.01660810221	0.04051569999	0.08025848819	-0.02568958047	-0.01051209248	-0.02696641171	-0.02301454208	-0.02081331237	-0.04690827692	-0.05354555333	0.02305393456	0.01833506136	0.07304949798	0.09327710868	0.006966240056	0.1580987391	0.1223175541	-0.0615456991	-0.1342611617	-0.1099407921	-0.01940292075	-0.01633556458	0.05197600927	0.1223852263	-0.03233235578	0.01802559673	-0.03935231976	-0.1359628204	0.01830192674	-0.02811042496
0.07631523586	0.06048586475	0.0292572408	0.08568276702	0.07439540351	0.02114488468	0.004082506116	0.03536233463	0.03213628026	-0.1538165845	-0.141492012	-0.1473026759	-0.1380586902	-0.1321547456	-0.1320370959	-0.1379633205	-0.1499100706	-0.1443705741	-0.1637546576	-0.1403532563	-0.01797842602	-0.01778954892	-0.1464613254	-0.01560065024	-0.006554212137	-0.1453936843	-0.1382227841	-0.1344953659	-0.1303094931	0.003754584582	-0.1234654044	-0.02112054328	-0.006262911317	-0.13741301	0.004038856784	-0.1320380228	0.03646879743	0.01846290935	0.04797034157	0.03328424457	0.0457538189	-0.002996851418	-0.1386714339	-0.03810842129	-0.1494220373	-0.004882187924	0.01453552332	0.007028541731	-0.04165688296	-0.0214064505	0.008632558906	0.01925623609	-0.1449187323	-0.119956366	-0.1300239272	-0.006670429434	-0.001426474584	-0.0234062204	-0.1470168522	-0.1576422124	-0.1557722325	-0.03519938587	-0.1259286194	0.0237154873	0.02359351517	0.02671672218	0.01948083907	0.009029840947	0.07333920482	0.05941034949	0.09268299117	0.0384320076	0.03940047793	0.04170102597	0.01128350546	0.0221774987	0.0337234385	0.01572442005	0.07066128325	0.04839719583	-0.06232184316	-0.07158380266	0.01042961329	0.06533538033	0.01815176169	0.0212978142	-0.01909672299	-0.03183993613	-0.02588022173	-0.0518557117	-0.01690647453	-0.01104146316	0.05317853044	0.04412255029	0.004376626706	-0.02204423108	-0.01014374876	-0.01909276121	0.04194341066	0.07325335491	-0.0008331282168	0.04165099883	0.02868301979	0.03872292037	0.04766706619	0.01165924629	-0.01587632615	0.06033860948	0.02858120161	0.01243983606	0.06616826163	0.01018007651	0.07648714063	0.02153371566	0.04225982322	0.09819359937	-0.002321461924	0.01977404253	0.04068623931	-0.02101764408	-0.02570894692	0.0576186361	0.03887357394	0.01494265333	0.05792633189	0.1479006274	-0.1363405383	0.001833513016	-0.01272727339	0.00620786739	-0.03631359198	-0.01445050474	0.03294089982	-0.01294431547	0.3548245067	0.03668376884	-0.02042317015	-0.01075391536	-0.03508700851	0.04807291228	0.02457643022	0.02931467322	-0.03080939782	0.02635044654	0.04316521317	0.04285700746	0.07295590799	-0.00561374438	0.02746906143	-0.02558775683	0.02989621561	0.05114363043	0.007204665501	-0.01745486536	0.02748399882	-0.02628152214	0.03965820865	-0.004570198279	0.01306793034	-0.006206672047	0.02625740857	0.03737823224	-0.01534149258	0.01735318888	0.04108936624	-0.00288323372	-0.08689509595	0.01600938062	0.01323183493	0.01133096639	-0.003631280491	-0.05264286948	0.007369185581	0.04083974049	-0.01768693683	0.0506288273	0.01706215084	0.04002624939	0.0443660447	0.02621559999	-0.02404781441	0.02582441222	0.09836948993	0.07889821351	0.04364605925	0.07634854758	0.03917950204	0.03190612965	0.01892358401	0.02325768616	-0.007918840659	0.1117930417	0.03740952437	0.1748146078	0.1765379609	0.1393710539	0.07577726935	0.006542468368	0.04223261671	0.0222130025	0.01945565037	0.02325850022	0.0002364236311	0.05275219475	0.03180635753	0.02191336354	0.04572106035	-0.00318836834	0.0343155476	0.03193842108	-0.01778362347	0.02760228242	0.04653719755	-0.02623499324	-0.03374732709	0.06604455518	-0.0250718887	-0.009248650455	-0.03022520427	-0.164026129	-0.1326173265	0.05026284049	0.07215714087	0.01730593811	0.01256296162	0.009415731298	0.02135548277	0.003421546811	-0.1538226218	0.04385033056	0.04784825137
0.01525787241	0.02895169317	0.02346693752	0.08254872392	0.02810281786	0.0003951837444	-0.02760855305	0.007329978201	0.04053709965	-0.1287766219	-0.1527070066	-0.1561328353	-0.1448271769	-0.1551883906	-0.1568990994	-0.1431952194	-0.1309970149	-0.1464884768	-0.1347322399	-0.1196672469	-0.01472767246	0.04312937119	-0.1303855556	-0.03554185359	-0.07860262834	-0.1216553509	-0.1169096905	-0.1436716976	-0.1257538358	-0.07223935429	-0.1167776605	-0.001839442683	-0.03140618382	-0.09923284641	0.02322578722	-0.1288800383	-0.002659241925	0.01191414762	0.01124393116	-0.05698910015	-0.03473926628	0.009977972971	-0.134441231	-0.05235661047	-0.1296717406	0.02248679392	-0.06899329261	0.01027921945	-0.07131938409	-0.01802370307	-0.05735547508	0.02210535233	-0.1472439485	-0.1430673029	-0.1315930051	-0.08252247949	-0.08055094491	-0.02699470878	-0.1332648542	-0.1271608585	-0.1258341269	0.06100269088	-0.1524775065	-0.0145118633	-0.02822928311	-0.02577180671	-0.0138267877	0.01043022641	-0.003948926109	0.03634935712	0.104842779	0.1003175037	0.09782548131	0.1169654061	-0.01238848848	0.01181178685	-0.04146765529	0.01545570472	0.02890226951	0.01959575093	-0.01029170802	0.02082151669	0.02483154968	-0.003079846846	0.01460043703	0.0507075353	0.07450636804	0.03160735202	0.06559206749	-0.01181465826	0.05499494029	0.06298140415	0.03173683097	0.03765904494	0.04632663884	0.08575523365	0.09316428873	0.03329693516	0.06314311238	0.1744120111	0.02288484577	0.05497958773	0.0004301363627	0.03526667925	-0.01510729089	0.05251432999	0.07209699746	0.01456434317	0.05569610882	0.0213813632	0.05357325856	0.002603718663	-0.002076638142	-0.02301177003	-0.002247586383	0.05422992007	0.0957294521	0.07199975565	-0.01356510368	0.06264245515	0.05858325548	-0.01895076703	-0.01502010735	-0.03206373065	-0.0001842760098	-0.06209773349	-0.1326255847	0.08473444903	0.07380097574	0.05424770821	0.08388962377	0.0906330853	0.03233087	0.004663921233	0.03668376884	0.3995022025	0.1475997002	0.09635183373	0.04527658087	-0.02163332099	-0.03213275545	-0.007848697762	0.03477691972	-0.002758903129	-0.01014418295	-0.01338633385	0.02972024084	-0.01731485995	-0.04186719498	0.024475051	-0.01469520454	-0.01702419641	-0.0391734414	-0.0620949621	-0.05438800588	-0.06009744842	-0.08696383645	-0.09304785964	-0.04689059235	-0.04478670691	-0.0415373679	-0.03470205158	0.03410412377	0.02493415072	0.06883064394	0.1307829105	-0.05626975259	0.1392121699	0.05101828301	0.04292341202	0.1393864939	-0.04766171809	-0.04135521232	0.03309983718	-0.02932390542	0.1414685167	0.1436177098	0.1468363401	0.1283865487	0.04834593989	-0.0144782688	-0.002547278625	0.1485964305	0.1824333238	0.01240349848	0.08414681593	0.06487340797	0.0697374922	0.0206052438	0.02045854389	0.04911463068	0.06695892353	0.09467396131	-0.001185529828	0.01538043743	0.05881427659	-0.04673558732	-0.01899465395	-0.05297839194	0.01535333159	-0.07606753801	-0.04985322113	0.01509655459	0.001818361507	-0.02057421884	0.03748787895	-0.02731356731	-0.02991534223	0.015375316	0.00969094094	-0.02638844837	0.02873608217	-0.01921395968	0.06242917232	-0.0164608167	0.1973394863	0.05713254168	0.03035197445	0.01226197769	-0.1481826219	-0.1004158402	0.08224422307	0.04086279872	0.02385344075	0.02965524972	-0.05988255079	-0.01099458865	0.01592479223	-0.1520587408	0.07569734125	0.03481598767
-0.06134685949	0.06441110151	-0.03019363104	-0.01192149515	-0.01663407446	0.009183375042	-0.01035191134	0.004038954004	0.04459737188	-0.08512616444	-0.1333119124	-0.1140079945	-0.1093360671	-0.1051120415	-0.09638402456	-0.1131942175	-0.09978865107	-0.1050777956	-0.08461349224	-0.1132938107	-0.01087537258	0.03757203392	-0.1039100436	0.02116768007	-0.0188238595	-0.07043239492	-0.07360889501	-0.1005856612	-0.06521237893	0.0004904973657	-0.08580341886	0.04672895576	-0.01040081852	-0.06633261074	0.03962909652	-0.1021902463	-0.06678540377	-0.04828792341	-0.04961502753	-0.06805494503	-0.00764665836	-0.05967563572	-0.07362395292	-0.008081811033	-0.06873196314	-0.03712409588	-0.02572969846	-0.02042756346	-0.02690580082	-0.01403713533	-0.03957428155	0.03621688382	-0.09626011246	-0.1034087695	-0.09592553378	0.008711395847	-0.01112590041	-0.0267452028	-0.05687035289	-0.07478927654	-0.05566821526	-0.006974507936	-0.09611726424	-0.02399905092	-0.009131760405	-0.00662383693	0.01531804377	0.008370754411	-0.02028209682	-0.03484858079	0.04916018701	0.02918289611	0.02483260424	0.0615800771	0.02262379298	-0.07874310579	0.02720474971	0.07576179276	-0.04500679209	-0.0121536005	0.004770073731	0.005737026525	-0.03918254518	0.0244065497	-0.03454928381	-0.01629010424	0.05020388907	0.043899824	-0.008048903378	0.05892268075	-0.009490397587	0.004286136557	0.03328997932	-0.05071963537	0.02744475219	-0.003703825397	-0.007917599729	-0.03865135178	0.006838154846	0.1184099997	-0.06007258432	0.008067547043	-0.06875051107	0.114823535	-0.0009021623215	-0.03797939819	-0.007672946801	-0.008290446463	0.07674507407	-0.03683454218	-0.03761967405	-0.04350613359	-0.01523690775	-0.09057265381	-0.05554717162	0.001217234694	0.0544453024	-0.005974079163	-0.05875979856	0.04417143806	-0.02594450818	-0.03384677762	0.01214156569	0.05768587362	0.01797752765	-0.03492633074	-0.07390085768	0.01664250869	-0.002915851755	0.03969779317	0.01227786566	-0.009842970482	-0.0302013086	-0.07896177801	-0.02042317015	0.1475997002	0.4857896216	-0.008149733771	-0.009073996302	0.04852494876	-0.04002647337	-0.04945378461	-0.0001221161873	-0.04068050299	-0.06766057969	-0.06795016957	-0.0339769973	-0.03193427459	-0.05814046654	-0.001810553115	0.02907293639	0.01185215091	0.07992658941	0.0493157874	0.0724702351	0.03052091965	0.02273475889	0.04305553948	0.07467237856	0.0751152936	0.09258967253	0.01373844536	0.1738727515	-0.04988778841	-0.01402073039	0.01645948062	0.08251037402	0.3629310852	0.2105102042	0.2830739571	0.3385936798	0.1657001497	0.07281659654	-0.01653848184	0.02611178699	0.03555960599	0.3837358458	0.1174716106	0.07983769358	-0.02328331658	0.03393354079	-0.06754518421	0.1012437199	0.08425056328	0.1168061646	0.0008515420167	-0.01084191713	0.02401529159	-0.07089872698	-0.06634105528	-0.008890660493	-0.01552233756	0.1182969368	-0.0005705315288	-0.01680836237	-0.02843560436	-0.01969769739	-0.01693793251	0.005157329529	-0.02160813813	0.05741795467	0.04447091976	-0.000215609674	-0.03144073236	-0.0142136348	0.03347519017	-0.04672640987	0.01498152243	0.01932846218	-0.01346349333	-0.01307152891	-0.06525360515	-0.05594740247	0.01998521776	-0.00573525205	0.05119903207	0.02534107056	-0.01042566922	0.02197672067	-0.1256904592	-0.06142204564	0.08376161936	0.01820947239	-0.02073656598	-0.05497186297	-0.005144137071	0.01389304749	-0.02390100797	-0.1083509469	0.02958548096	0.02237121181
0.02146964938	-0.06742292665	-0.02636035095	0.05015158156	-0.0007610742953	0.0002851214911	-0.03019173671	-0.02683806651	0.02661211784	-0.1556348747	-0.1473831511	-0.1493711858	-0.140106309	-0.1523460893	-0.1483684865	-0.1390126653	-0.156684324	-0.1501503836	-0.1388259776	-0.1437321187	-0.03494484905	-0.05019173188	-0.1273289984	-0.03541250591	-0.01789362475	-0.1522197008	-0.1522467351	-0.1584782433	-0.1571602534	-0.01660819016	-0.14982662	-0.07686680975	-0.05773768732	-0.08610636147	-0.07131961587	-0.1449276713	-0.02423549816	-0.00674090071	-0.02896807591	-0.02810984769	-0.03216910801	0.002494691934	-0.1683287854	-0.01056464381	-0.1594802981	-0.01361844516	-0.04855424058	-0.05416817995	-0.03110615808	-0.04366992062	-0.002574637443	-0.04233769457	-0.1498039827	-0.1474528344	-0.138945174	-0.02956337704	-0.02617198367	-0.02502552534	-0.1703192491	-0.1605679453	-0.1547386926	0.004943489998	-0.1492144096	-0.02045367376	-0.02963767478	-0.02842944935	-0.05633501529	-0.06572043341	-0.04584549559	-0.005251703686	0.03299918544	0.04927176859	0.04756016508	0.04211247217	-0.02523331031	0.01029108207	0.0150082373	-0.004254635382	0.002220685464	-0.02259634185	0.07741772139	0.1294359785	-0.01112507092	0.05115043251	0.09247229528	0.007302644626	-0.001892713914	0.1691313932	0.1531045632	0.1237214172	0.01070277281	0.2204131678	0.1288973094	-0.009955524401	0.1993245887	0.2603301881	0.3902046204	0.1097613475	0.007420436506	0.0264656315	0.085610721	0.01806524469	0.002154596789	0.03915872716	-0.02126586037	0.1070646214	0.1425783508	-0.03963837167	-0.04805660828	0.08027293051	0.02478392581	0.006762649487	-0.02900507501	0.09341194389	-0.001568281206	0.01943592212	0.1818723137	0.03416108285	-0.02476549793	0.336652576	0.2077105311	0.009357693688	-0.008191230637	0.04009539554	0.02327166652	-0.05874191222	-0.1648286667	0.01920756707	0.1459754522	0.09475426418	0.06034130245	0.3108090153	0.0760586815	0.07864230679	-0.01075391536	0.09635183373	-0.008149733771	0.3948069779	0.1279999191	-0.02345796797	0.002754249003	0.02940161642	0.1436100261	-0.01729855762	-0.0342640801	-0.03460710736	-0.02351742097	0.1390182889	-0.01491310734	0.1457661944	-0.006771816812	0.008870203101	-0.0216417167	-0.01482491736	-0.006204046166	-0.04618796262	-0.0376914324	-0.0387882612	-0.01010512079	-0.0005928615203	-0.02244395314	0.00310093292	-0.0656858364	-0.006383329805	0.007598423812	0.1270425942	0.01774608773	-0.01843701271	-0.01469669729	0.0231288797	-0.01443715782	-0.002868290648	-0.01938044587	0.02754534984	-0.02935120994	0.1282677493	-0.01201447579	0.07552757629	0.0115934281	0.1028276795	0.1852965683	0.0816180171	0.005310965522	0.03756760534	0.003173271945	0.06956387481	0.1143533275	0.01847086625	-0.01436808859	0.01134045524	0.02039500478	0.01498812123	-0.0276661323	-0.03436487093	-0.01715542815	0.01070724062	-0.05597836561	-0.006583480221	-0.01536792511	0.002151854387	-0.05040561547	-0.03609758857	0.09136161229	0.0102067245	-0.02395198526	0.04608685315	-0.07156944172	-0.01507984513	-0.02513305482	-0.02554262517	-0.02557488943	-0.007882237714	-0.03861769885	0.008914287431	0.05595167	0.08678832951	0.109924904	0.06572753018	-0.06265712348	-0.1264085265	-0.08871750272	-0.04903126032	-0.03577387676	0.005344435505	0.02915857235	-0.04075990404	0.01068799607	0.0009178915191	-0.1234207161	0.00853846539	-0.01313260231
0.02022164388	-0.03942956952	0.02932489236	-0.03492438377	-0.02749875037	-0.05538050752	-0.03589468576	-0.01670035167	-0.02437830365	-0.1252020156	-0.1523429933	-0.1551056054	-0.1449572759	-0.140335292	-0.143993142	-0.1433929275	-0.1262107503	-0.1544008445	-0.1273651361	-0.1129684709	-0.0412121685	-0.001272986352	-0.1232137841	0.01705976718	-0.02390735619	-0.1239354771	-0.1183646346	-0.1398534666	-0.1131465002	-0.03059290491	-0.1112673129	-0.008666307263	-0.04467063345	-0.1023513703	-0.03206360347	-0.1419026357	0.02083165528	0.01775858207	0.003062900128	-0.004550730442	-0.04207195149	0.01515719468	-0.1280129695	-0.01847847055	-0.1245585713	-0.001065240508	-0.04409840012	-0.04367304103	-0.02844839867	-0.0362203945	-0.0216536334	0.002134848214	-0.1497674631	-0.1381346975	-0.1302673347	-0.0294469998	-0.02337004881	-0.03196310552	-0.1255264354	-0.1205832012	-0.1250657143	0.02110119192	-0.1438136329	-0.03316141094	-0.03401943639	-0.02529343937	-0.01179080612	0.01013892445	-0.0005736682941	-0.0008028477738	-0.03131739108	0.06404378638	0.06526111148	0.02938689767	0.003366933963	0.03766745552	-0.03327176178	0.02829580647	0.02184745993	-0.001726473014	0.04007279296	0.05621858493	0.09894905299	-0.007668577352	0.09491627468	0.07993649047	0.07951194838	0.112791254	0.1157437426	0.01437658601	0.08537389395	0.04782595511	0.07381720504	0.02461116872	0.1114173408	0.07156391784	0.1265345538	0.09959853927	0.09379655182	-0.004578120508	0.08885863697	-0.01913742132	0.01230401833	-0.02194569903	-0.008337262085	0.08931308808	0.07624050963	0.01444245071	0.01877491143	0.007982125488	-0.0246519667	0.02024948621	-0.005238461835	0.1252156926	0.02306979139	0.02275154442	0.07150535691	0.04763382955	0.05999682173	0.1012919352	0.135733359	0.01151081567	0.01687252703	-0.001701962511	0.01020306552	-0.007409839128	-0.1257788506	-0.001941373554	0.0748551881	0.05333997765	0.1030637478	0.1231610426	0.04774849745	0.1603193815	-0.03508700851	0.04527658087	-0.009073996302	0.1279999191	0.393333346	-0.027840834	0.05169813189	0.08576420457	0.1253885876	0.009378052188	0.0532578951	0.05300409665	0.007496550571	0.1158234652	0.06697652715	0.1153485086	0.0112139517	-0.01242705012	-0.006442364386	0.00256985417	-0.01125106586	-0.02484836143	-0.01146939021	-0.01060552839	-0.002227409308	-0.01408125704	-0.006012597023	-0.03884823219	0.0221114826	0.02200467452	0.02152397421	0.04869331348	0.004446693417	-0.02190040919	-0.04737686467	-0.05548288571	-0.006007068047	-0.05666813247	-0.03135849725	0.01223542931	-0.009890567772	0.0453023875	-0.0199492484	0.08662654344	0.04550734966	0.1002023823	0.06381917352	0.08735655433	0.04068090556	0.04207898337	-0.04247016981	0.01782882216	0.04805903345	0.02949413057	0.02358101027	0.06103778439	0.1489192311	-0.01222621649	0.0281509871	-0.05024901007	-0.02831455759	-0.03132645031	-0.01606870839	0.02550279024	-0.006485697604	0.02934692071	-0.01494841481	-0.01949958569	0.03734140864	0.03898790396	-0.02582204881	-0.0111211039	-0.03154191495	-0.01071488912	-0.02196907846	-0.0555798388	-0.02875318944	0.01888377294	0.01120861911	0.09645965678	-0.005194122709	0.01691263853	0.1219071406	0.05033403875	-0.002978839221	-0.1416002691	-0.1053270799	0.04068350503	0.00595176899	0.03530473364	0.03432573643	-0.03375403923	0.0009495152995	-0.01378921431	-0.1463826158	-0.006045235408	-0.02941496315
0.01822410268	0.07385495833	0.02805653731	0.06561597079	0.02602927614	0.0259846898	0.0340157631	0.03248346809	0.06821080002	-0.1487817151	-0.1577510337	-0.1430567518	-0.1447152061	-0.1415105222	-0.1223661492	-0.1444473289	-0.1657864997	-0.1499611632	-0.1178088639	-0.1681918709	-0.04359960654	-0.06812323372	-0.1450490461	-0.04122207143	-0.0299934265	-0.1515906988	-0.1538954095	-0.1329088426	-0.1340323292	-0.01168090855	-0.1639001615	-0.01938303715	-0.04216093892	-0.06543449075	-0.04736139673	-0.1359370597	0.01548445258	-0.003101723834	-0.001753498595	-0.05149721221	-0.05302014118	-0.03591811094	-0.1304232543	0.008845937839	-0.1240538864	-0.04421434349	-0.02411498259	-0.02655119332	-0.03706995486	-0.04969438342	-0.04537443446	-0.03696008065	-0.1267651097	-0.1396752734	-0.1450158178	-0.01665092315	-0.02905152234	-0.05942831464	-0.1412988421	-0.1305503133	-0.1188344398	-0.06177471516	-0.1243372996	-0.06395480478	-0.04232971908	-0.02818365363	0.03513606665	-0.03544500069	0.01549062595	0.02064480766	0.03983417721	0.0453252705	0.04376089437	0.02382850352	0.08421122912	0.05263174911	0.1048292216	0.07809555642	0.07970274241	-0.00137282302	0.0468028672	0.01109256039	0.00303118866	0.1254898341	0.006358329349	0.02369804428	0.04076352446	0.02219545471	-0.02676673016	0.05115119891	0.0121829472	0.00626726064	0.0007121869139	0.006461771625	0.06528315614	-0.03045709969	-0.02290283743	-0.01024738725	0.01914357383	0.02973800566	0.0144433071	0.0111859693	0.006702414392	0.06841766013	0.02649759865	-0.05715042358	-0.003799231339	0.06481641936	0.07692149852	0.0546712124	0.04631876135	-0.02767183944	0.05735310973	0.04370164115	0.04316503301	0.06632008878	0.001069692525	0.07151000445	0.07346591527	0.01570743853	-0.01864193495	0.07127025484	0.0145745652	0.05564441278	0.01015657994	0.05123156679	-0.1282580604	0.02044589394	-0.02050018606	0.05306382817	-0.0207092233	-0.01698889073	-0.02216336887	-0.0009545947621	0.04807291228	-0.02163332099	0.04852494876	-0.02345796797	-0.027840834	0.4108944446	0.00448086979	0.02575717003	-0.003899347192	0.1025526416	0.07935665867	0.07893002824	0.008105878705	0.05278844159	0.01141263637	-0.002534795258	0.07874622988	0.001263087609	0.02525783996	0.05242451425	0.04535561444	0.03317226325	0.03967578613	0.02839351896	0.07005874672	0.03498357071	0.03311424472	0.111419038	0.0367492309	0.04844811792	0.06202163968	-0.02323426602	0.02459040959	0.08207901953	0.0301754417	0.0630373284	0.0515030837	0.03078974853	0.03424463355	-0.001856222466	0.006808855293	-0.009834567922	0.07329011054	-0.02056935971	0.04356628211	-0.0005224379778	0.0314572553	0.01835302873	0.009566193411	0.01672148566	0.08310449126	0.003473835068	-0.01606561102	0.006722315277	0.05637904914	0.07648840792	-0.02208804201	0.06211234558	0.0272419448	0.03690277909	0.05730749549	0.03494971976	0.03101929183	-0.01141396793	0.002844609924	0.1118100443	0.1561964911	0.1538150914	0.0653005084	0.1136718058	-0.01058916298	0.08084879594	-0.005893003003	0.0009873892671	0.00175015628	-0.01089546998	-0.04058474932	0.05442633947	0.02606146236	0.02136725802	0.02979791098	0.009107254957	-0.03560060992	0.01822722965	-0.06662754922	-0.1375357702	-0.07410031916	0.005529084904	0.01645371678	-0.01063335632	0.03924808581	-0.01121765086	0.03029805836	-0.01637049749	-0.1159022833	-0.01134485953	0.04761387445
0.008613367117	0.03398414825	0.05280054696	0.01181584272	0.05152666198	0.01011663701	0.07870743187	0.09923220372	0.009201608862	-0.1641855414	-0.1528718387	-0.1558942839	-0.1494623113	-0.1331265909	-0.1288585658	-0.1441848835	-0.1583754299	-0.1457346355	-0.145597533	-0.1477981493	-0.007067228368	-0.005304862271	-0.1301438695	-0.0478667156	-0.03442533437	-0.1452895232	-0.1437578197	-0.1294026614	-0.1374879336	-0.0421019177	-0.138798111	-0.01348512116	0.06370402288	-0.09680118094	-0.001590724542	-0.1455323393	0.08830255913	0.09501848562	0.08986537577	0.0847059268	0.03128724015	0.07190635062	-0.1623220802	-0.03585281337	-0.1457470706	0.02277276902	-0.02357382653	0.05099283258	-0.051116566	0.02164283169	-0.03682839617	-0.007899232433	-0.1446318445	-0.1286951908	-0.1315139197	-0.0461386147	-0.03751208477	0.05197954978	-0.1563984931	-0.1606635322	-0.1479975644	-0.01788508386	-0.1338306811	0.02824256072	0.008525390426	-0.0103825027	0.07112544103	0.06118731663	0.2399794679	0.1398260712	0.01998974768	0.02895337047	0.03279694303	0.02270542333	0.02171375463	0.04129488066	-0.006236593474	-0.01995583158	0.05578020887	0.0666204248	0.001506686415	0.005659154268	0.0561693961	0.02515221357	0.05269313845	0.01883874576	0.006170500356	0.003745206482	0.04514795088	-0.04091192167	0.03016121937	0.0112977875	-0.009489618893	0.06510890819	-0.006002339135	0.03373154568	0.003416514434	0.01609693077	0.05828906026	-0.02534848238	0.05139776102	0.01795374061	0.06428734956	-0.03263124326	0.1026904396	0.01054845698	0.01481880976	0.05001555348	0.01216225875	0.02201659652	0.01883438731	0.06439754018	0.05172485087	0.02849785032	0.02919054309	0.00646430275	0.0001250317006	0.02345381598	0.06877722542	-0.009458722526	0.03366781247	0.03901964068	0.003264944638	-0.03387730517	0.00162361575	0.02479250665	-0.1589363396	0.0059198913	0.005085416024	0.01744511253	0.0123796058	0.01408789646	0.01072201022	0.02764340059	0.02457643022	-0.03213275545	-0.04002647337	0.002754249003	0.05169813189	0.00448086979	0.3777314949	0.09042966402	0.01688207267	0.03421914026	0.07566168742	0.069615846	0.1548244281	0.04151528743	0.3327316205	0.02195580134	0.01924145966	0.03245679932	0.0004482752842	0.0309346239	-0.04484442749	0.02465279597	-0.04822010284	-0.06575917348	-0.04237850614	-0.0457211866	-0.02537958203	0.03646967066	-0.02337768201	0.02305646332	0.02851957186	0.007057871275	-0.02969319544	-0.0445761096	-0.08927819783	-0.04817358922	-0.06321843496	-0.06256971615	-0.04596790551	0.03260926562	0.03601810605	-0.03136743133	-0.05502479471	-0.01322872277	0.0201373829	0.05972183708	-0.008067603827	0.03626032172	0.01027010419	0.007973138667	-0.03182428085	0.00831715819	-0.002681488359	0.04152509073	0.05539907423	0.02543636107	0.05151969999	0.03197626429	-0.005481970996	0.009998920144	0.02254277044	0.0152672526	0.03381258548	0.02664964395	0.004810628846	0.007626229235	-0.003434266369	-0.01383501797	-0.008101948165	0.0233670878	0.06823248064	0.01426787845	0.1125857067	0.02277816766	0.03199221358	0.02519894736	0.03441515111	0.04695514358	0.1662459171	0.03886510006	-0.02372574754	-0.0183162954	0.03648510965	0.01084882986	0.03495063332	-0.1370085762	-0.09413853229	0.01294115074	0.001615738088	0.07056488543	0.03233301444	-0.01434636835	0.002199464547	0.1096114271	-0.1447815692	0.02273696528	0.03157683092
0.07778614964	0.01919742352	0.07710251639	0.0293349492	0.01314878827	-0.0193186195	0.03028352179	0.0529383009	0.0328589618	-0.1806124176	-0.1708579037	-0.1733909995	-0.1642374115	-0.1619700488	-0.1687738724	-0.1608947438	-0.1776549167	-0.1735445682	-0.1664332453	-0.1666074264	-0.05311314122	-0.04537418948	-0.1580734022	-0.05509552867	-0.0445309535	-0.1760990893	-0.1669145231	-0.1620182404	-0.169450639	-0.03410228965	-0.169424412	-0.05503144771	-0.03273408732	-0.1203439337	-0.06606228312	-0.1696792031	0.08118662641	0.05649185508	0.07043916959	0.01772962461	-0.007612445925	0.03017382643	-0.19258263	-0.04640082542	-0.1749465634	0.01019035392	-0.03251732874	-0.03961417493	-0.04143140519	-0.03384613612	-0.0336435083	-0.02478335237	-0.1697364712	-0.16170283	-0.1562687459	-0.03349208792	-0.03034551712	-0.01865013262	-0.190526839	-0.1864784073	-0.1808449936	-0.01397994315	-0.1666242703	-0.01480345597	-0.02932310005	-0.01673013764	0.04651162271	-0.004672137313	0.08602013232	0.08012069056	0.05958990074	0.04568818342	0.0496722292	0.03960300605	0.05320727382	0.1085529406	-0.01486556719	0.005122351316	0.1079834788	0.05713438165	0.01585190585	0.02880613545	0.07132338333	0.01591621847	0.06210576041	0.08389921636	0.06196731705	0.05966917293	0.06681042401	-0.04035145463	0.08991750636	0.03206714603	-0.01870831341	0.08449825065	0.04188641133	0.03463652304	0.02983808744	0.04494854365	0.1139625693	-0.01791161451	0.07742766566	0.05781932788	0.04405176365	-0.01153429132	0.06127391241	0.03721966577	0.03476748608	0.07505585035	-0.004788748244	0.08815080884	0.0741765404	0.0384816346	0.04716933682	0.1311098046	0.1060044739	0.05704643669	0.02509952252	0.08768836884	0.161651319	0.02155126456	0.07133095238	0.01009711337	0.01217505285	-0.06466273711	-0.01305341708	0.04628114161	-0.1886366607	0.05777971583	0.03010923755	0.0007007165024	0.03961582257	0.02836723541	0.04734202428	0.08795241063	0.02931467322	-0.007848697762	-0.04945378461	0.02940161642	0.08576420457	0.02575717003	0.09042966402	0.328704985	0.05657498888	0.08825456534	0.169308183	0.1632261359	0.1019038216	0.1066832477	0.09350830531	0.06035104297	0.06717322336	0.005270566483	0.008634024725	0.003317214383	-0.02124983815	-0.0110909622	-0.02041301152	-0.0407273491	0.00131100589	-0.02263597497	0.000804830421	0.01550689455	-0.02375870109	0.09334442432	0.05602133314	0.03172556152	-0.0531067455	-0.05606182223	-0.103782461	-0.04879973799	-0.06341478145	-0.05458779121	-0.05606935389	0.02895147499	-0.01999563811	-0.01993079738	-0.0667378966	0.001400247312	0.03600570532	0.04168140116	-0.006808782185	0.1348642498	0.005688347464	0.02619638361	-0.01057956083	0.03061902678	0.02073167974	0.07726110317	0.09860502416	0.09768635829	0.07273498342	0.06517423757	-0.002869563558	-0.01066312982	0.02602081332	0.02630710362	0.01482194138	0.04816284915	-0.03266071774	0.05090120852	0.01320606733	-0.004219570148	0.03814730983	0.08213133979	0.01855236285	0.01827595707	0.02118713169	-0.007509142034	-0.02352114272	-0.002044096008	-0.0195508176	0.09822646392	0.0877583198	0.09626737431	-0.02819759463	0.02524043004	0.03009037519	0.02162648568	-0.05867216092	-0.1585421909	-0.1185625993	0.02707922966	0.006519623456	0.02967793668	0.09423852163	-0.04408700552	0.04394115258	0.000457120386	-0.1622781586	0.04778215857	0.01866474017
0.0484921755	-0.0262025123	0.02031495732	0.001024389494	-0.0334358418	-0.03818227133	-0.03527280007	-0.01466456091	0.02821977911	-0.1490589001	-0.1408029095	-0.1439425727	-0.1363881941	-0.1452497369	-0.1464341227	-0.1336012261	-0.1493705484	-0.1468836595	-0.1491790014	-0.1407819105	-0.0433892271	-0.05699634296	-0.1355644244	-0.03570783045	-0.02214384246	-0.1508850872	-0.1430689235	-0.1491716295	-0.1464261756	-0.02391605253	-0.1504804212	-0.05694007161	-0.05616826339	-0.1065295737	-0.07333986752	-0.1484694072	-0.007501321222	-0.008987524752	-0.003832972346	-0.01619582043	-0.02313624904	-0.01529942194	-0.1604674436	-0.006764112523	-0.1522121009	-0.0221053798	-0.03000935669	-0.04097614332	-0.02414138921	-0.04451143896	-0.006806100413	-0.05262941051	-0.1496205601	-0.1432047886	-0.1398636803	-0.02370454361	-0.02305273342	-0.04309889371	-0.1651108512	-0.160360929	-0.1499303941	-0.02270778415	-0.1436046034	-0.02760736235	-0.03380684273	-0.04228729626	-0.03489174015	-0.05900607452	-0.001260439103	-0.02631014433	0.02469408179	-0.01886572619	-0.0177114575	0.0720001154	0.01060030377	0.07214488919	-0.03730081332	-0.02844693405	0.01165946133	-0.005518222394	0.1498887431	0.1527809754	0.1075249869	-0.008823305506	0.154191691	0.1131148405	0.04363059534	0.126215955	0.09519273288	0.02397889002	0.1001874575	0.09039436975	0.02005602726	-0.001454493084	0.1473110887	0.1173494181	0.1397589122	0.1618439042	0.01312700249	-0.04130530689	0.1392994717	0.01106831284	0.007953404077	-0.03063373406	-0.00567425183	0.1341471013	0.1017900264	-0.05113628312	-0.04332658974	0.06238153344	0.107879073	-0.002996685247	-0.04382257308	0.1186361495	0.1016809311	0.003905488245	0.2147069671	0.09215517046	0.02237101345	0.1450102369	0.1135672988	-0.02447091368	-0.0012378334	0.0015975164	0.001590225225	-0.06671795637	-0.1569098744	0.05698917394	0.09892495314	0.06712448801	0.1629560702	0.1106561724	0.1470122454	0.1581507962	-0.03080939782	0.03477691972	-0.0001221161873	0.1436100261	0.1253885876	-0.003899347192	0.01688207267	0.05657498888	0.3744861162	-0.01069117995	0.01838236488	0.01804367786	0.00282057723	0.1301217034	0.03656539939	0.3499975918	-0.01003813972	-0.01222424241	0.0166692948	0.004106394595	0.003198911438	-0.02382944226	-0.007959459381	0.001169924885	-0.003209773494	-0.006479718596	0.002707402985	-0.008659402895	-0.01886681513	0.1165827008	-0.01709344326	0.07530309278	-0.02529808241	-0.02950899572	-0.05042617477	-0.0131084383	-0.01154958717	-0.02986493625	0.05866028874	0.02616398391	-0.006961695528	0.05060082948	-0.01618114267	0.04934248091	-0.01320799954	0.1163125389	0.0755125806	0.07181693374	-0.01546000044	-0.02243534892	-0.02105535327	0.04263980282	0.09016346364	0.0476334035	-0.001241916523	0.06778589913	0.09069220847	-0.03217282813	-0.02779356734	-0.01587525511	-0.04728756251	-0.02565289517	-0.02661681482	0.02945860999	-0.02497157173	0.007060026091	-0.01710815602	-0.03565295974	0.03944613344	0.02059144312	-0.01568249948	-0.01175816079	-0.05070063863	-0.002077421681	-0.02133346995	-0.04442497956	-0.04114960319	-0.000848173402	-0.01028993496	0.06332529599	0.1124274427	0.01704170105	0.1436843053	0.2497149309	-0.064940129	-0.1337245118	-0.1055007296	-0.04367694304	-0.01977414553	-0.01046615719	0.06218530965	-0.01268936889	-0.01916072149	-0.032248007	-0.1328429057	0.02546670137	-0.05575665341
0.07450484481	0.03251332505	0.1099629491	0.07107686628	0.02179994884	0.1144237151	0.03161826178	0.05393418533	0.1434032552	-0.1843562025	-0.17467123	-0.1786340373	-0.1745879455	-0.1791122349	-0.1731684435	-0.1826557477	-0.1834833614	-0.181029635	-0.1774040345	-0.1857590091	-0.04848918848	-0.06485128861	-0.1738148094	-0.09303080218	-0.07928871018	-0.1870850086	-0.1820239373	-0.1761810348	-0.1837745604	-0.08289208672	-0.1830695482	-0.07398308241	-0.05226918988	-0.1205205217	-0.07998797751	-0.1730290699	0.1083312199	0.06897832469	0.09727034233	0.02619661107	-0.0123247333	0.04775501514	-0.1955596425	-0.03805553011	-0.1838389479	0.03051601307	-0.06843293171	-0.01928876144	-0.07747499053	-0.06405712721	-0.07279711407	-0.04541313583	-0.1775464356	-0.1742949461	-0.1711587687	-0.0850137221	-0.07913959563	-0.06030279962	-0.1999573811	-0.1862328289	-0.1825565108	-0.05606056462	-0.1758032764	-0.06247271192	-0.06684775602	-0.03834205511	0.05872730881	0.009603933605	0.04624824338	0.07166362441	0.04703856258	0.0596206667	0.05774253409	0.01604430623	0.1440876207	0.1104002686	0.08315586591	0.03404439354	0.1663291466	0.1192009764	0.01442918987	0.02497137178	0.07348671608	0.01672836113	0.07338361237	0.05935019258	0.008482412096	0.03992956399	0.00794827427	-0.02669149917	0.02791983292	0.003867697891	-0.04605693241	0.1290602865	0.01991783078	-0.0009910088443	-0.01882375995	0.0136354744	0.09538543432	-0.01314998694	0.04017075489	0.06887065986	0.04280269259	0.02376723703	0.030116854	-0.03231141008	-0.0121056864	0.1325848234	0.01010415443	0.1214418736	0.04863275841	0.07233349857	0.09386202337	0.05772716128	0.07621118863	0.05295530934	-0.001887291018	0.1171726625	0.2011132232	0.005500074147	-0.004639551446	0.09969576382	0.03525826265	0.01068530446	-0.03411442816	0.07731982624	-0.1914207617	0.1009826495	0.0001238042731	-0.02086152396	-0.01083245988	0.00183622044	-0.001988377546	0.03080818267	0.02635044654	-0.002758903129	-0.04068050299	-0.01729855762	0.009378052188	0.1025526416	0.03421914026	0.08825456534	-0.01069117995	0.3774589619	0.1956018052	0.1985306505	0.08643736101	0.05658225297	0.03169194199	-0.005406959617	0.07171398038	-0.05557474206	0.01002475201	-0.01857086804	-0.03430013867	-0.005446977436	-0.04240203382	-0.05081843463	0.002646832852	-0.04029673146	-0.03277519262	0.05950101943	-0.03689732105	0.08776072501	0.08769601001	0.04315400021	-0.09071822662	-0.02615595766	-0.07074858975	-0.0537519533	-0.05944500342	-0.05183060024	-0.02502313818	0.0594947314	0.02108185435	-0.03375017809	-0.03605572024	-0.02737395983	0.08507033404	0.03290836533	-0.05259045311	0.05563614174	0.01363249079	0.03996801924	0.05015263905	0.05442585709	0.001580733407	0.08001775202	0.2656527472	0.09199865446	0.02693585988	0.1031910068	-0.00789405931	0.009162341137	0.008057648283	0.02379432001	0.07940199363	0.04465182479	0.006841854125	0.1297574568	0.06246126164	0.05719179588	0.1075248893	0.1481741174	0.03264633626	0.05309973765	0.05122004761	-0.01244170397	-0.01523835834	-0.053200754	-0.03068242973	0.2957989206	0.06295637642	0.09568161652	-0.05392503303	0.0382774364	-0.0117936	-0.007096736587	-0.0673327575	-0.1728609593	-0.1261975605	0.05169804237	0.05005381365	0.05979737644	0.1013536286	-0.07075270077	0.08284956413	-0.04291517573	-0.1684591975	0.1035194684	0.07611325426
0.09166549525	0.0614820069	0.1296057041	0.05346082467	0.03273981786	0.06880609454	0.04904478666	0.06555722197	0.06166014552	-0.1987678376	-0.189317458	-0.1930535705	-0.1856383304	-0.1906654688	-0.1905367108	-0.1808765088	-0.1972005676	-0.1971746997	-0.1902413576	-0.1837451418	-0.04836873374	-0.06671186815	-0.1855374925	-0.08641383721	-0.07230902183	-0.2028518663	-0.1915453884	-0.1863229456	-0.1955496818	-0.07745624229	-0.1950492497	-0.06972195069	-0.04300293296	-0.1385111649	-0.08206074176	-0.1871428198	0.1064079344	0.09979817069	0.11095594	0.02985138127	-0.01947444711	0.0585237421	-0.2101913008	-0.0506877192	-0.1945708015	0.02613735865	-0.06262343971	-0.007570793274	-0.07191739725	-0.04795579453	-0.06132905624	-0.04202263704	-0.1899295591	-0.1867587159	-0.1805012691	-0.07676383017	-0.070110314	-0.05297083077	-0.2137587646	-0.1982537594	-0.199183833	-0.03840695294	-0.1860063816	-0.05580813887	-0.05655079309	-0.03438151533	0.04924218297	0.01001250809	0.0932219164	0.1025516994	0.03727099421	0.04999587005	0.04824773009	0.04304688591	0.1135165975	0.1381649983	0.001962188137	-0.01545135648	0.1955078022	0.1158465079	-0.02484594406	0.006290408537	0.0862993484	0.02276690919	0.07639334983	0.07873978917	0.05015301985	0.001471676588	0.01840651135	-0.0616730123	0.0676733844	0.02310729375	-0.06083080612	0.1252378573	-0.02353388892	-0.01447009955	-0.03555899128	0.02725733509	0.1435231606	-0.02322598667	0.06168522648	0.07971149982	0.0457776982	-0.008812532175	0.04317699133	-0.01371174046	0.03299544962	0.1270319651	0.04265243858	0.1445068744	0.08363938929	0.0674299457	0.09477748957	0.09756295716	0.1097074313	0.04514246241	-0.001673950294	0.1663145024	0.2876569554	-0.03376006522	0.01105495274	0.08534988577	0.06060135456	-0.02173377482	-0.02351196459	0.06530344718	-0.2061381241	0.1221107032	0.0235113131	0.01037963304	0.007042482278	-0.03586951908	0.01170467163	0.0754565843	0.04316521317	-0.01014418295	-0.06766057969	-0.0342640801	0.0532578951	0.07935665867	0.07566168742	0.169308183	0.01838236488	0.1956018052	0.3335561368	0.3266354312	0.1079901449	0.05099124161	0.08313752733	0.02360764063	0.069648676	-0.03222985218	0.005018499225	-0.02485952887	-0.0601790591	-0.02175784766	-0.06229249819	-0.07771270116	-0.02457806769	-0.0559816936	-0.03668949493	0.02310301655	-0.04713274989	0.121855189	0.1041362923	0.03431600674	-0.09504717441	-0.06687988162	-0.1267586884	-0.09798263173	-0.08850997518	-0.08303020828	-0.07394289242	0.06147810753	-0.003867931541	-0.02401293546	-0.07793398781	-0.01993618077	0.1129079931	0.07928296724	-0.03377759269	0.0917431683	0.03224868486	0.0400128045	0.02868360924	0.03105698659	0.009995152244	0.08836253229	0.2049283158	0.1315794922	0.06560954581	0.1170340336	-0.002826842705	0.00270213607	0.05626096159	0.04597298523	0.04505790186	0.06300122088	-0.01941981394	0.116554504	0.05136287962	0.04801296892	0.08348638942	0.137309376	0.0244857127	0.03031842355	0.06007402838	-0.03462167852	-0.01756881771	-0.04292973745	-0.03490270968	0.1941590807	0.1174426502	0.1431777129	-0.03493274152	0.03484239376	0.004104430254	0.008097265283	-0.06888169086	-0.1770130946	-0.1427860266	0.04254502147	0.01368305176	0.0662625086	0.1207871623	-0.06168496675	0.03061832709	-0.02450879629	-0.1848463619	0.06573408371	0.0387940511
0.09208712098	0.06191552515	0.1263511574	0.05460184228	0.0325899917	0.07165128687	0.05200551565	0.06871193715	0.06475022429	-0.2003554078	-0.1908761415	-0.1946047269	-0.1871336419	-0.191792623	-0.1917386528	-0.1824972209	-0.1987844896	-0.1986762739	-0.1914376197	-0.1853079999	-0.0529995807	-0.07123337736	-0.1866852645	-0.08589013028	-0.07219558268	-0.2039803278	-0.1926277605	-0.1875281025	-0.196698223	-0.07694291378	-0.1961613412	-0.07562369655	-0.0440682096	-0.140004411	-0.08555683165	-0.1884183011	0.1069994075	0.1027934726	0.1138904388	0.03277917759	-0.01654331925	0.06147632637	-0.2117206305	-0.05162632533	-0.195830836	0.02294027916	-0.06278298951	-0.008806167918	-0.07297386843	-0.05378033152	-0.06142293215	-0.04661767627	-0.191277377	-0.1878817961	-0.1815928613	-0.07630693288	-0.06963662369	-0.05875536916	-0.2151973469	-0.1998361925	-0.2003959333	-0.04429781286	-0.1870980858	-0.06041884863	-0.05684241598	-0.03465400196	0.04640012124	0.01144700759	0.08713071543	0.09654772119	0.03697613356	0.05106906103	0.04930643313	0.04272523726	0.1166702822	0.1411056916	0.003996023896	-0.013824599	0.1950624256	0.1187972797	-0.02445049215	0.005955734418	0.08937652351	0.02586321453	0.07947832516	0.07841230057	0.0499361254	0.001159806026	0.02153412541	-0.06197099656	0.06728597503	0.02355813751	-0.06114005356	0.128159939	-0.02380923795	-0.01475968921	-0.03589307052	0.02687717419	0.1466953295	-0.02198159744	0.06126193172	0.08258776437	0.04453834512	-0.009099731338	0.03720379133	-0.01408188605	0.033619124	0.1301638	0.04236905959	0.1475893288	0.08518612898	0.070415237	0.09664796836	0.09726300824	0.1127888173	0.04661988314	-0.001985020232	0.1658833757	0.2906518549	-0.03407140113	0.01072369747	0.08558532945	0.06013470894	-0.02228964248	-0.02383044432	0.06838330817	-0.2077004913	0.1215705622	0.02413514271	0.01005569536	0.006676136069	-0.03618817721	0.01133720828	0.07852669639	0.04285700746	-0.01338633385	-0.06795016957	-0.03460710736	0.05300409665	0.07893002824	0.069615846	0.1632261359	0.01804367786	0.1985306505	0.3266354312	0.3304202323	0.1019215452	0.05068355831	0.07708921689	0.02325865223	0.07279591637	-0.03805610939	0.006860188908	-0.03071706992	-0.06051131279	-0.01859818648	-0.06228007766	-0.07807020099	-0.02490247463	-0.05627646218	-0.03477013919	0.02623358735	-0.04396971509	0.1249269399	0.1039632533	0.03744248693	-0.09541904675	-0.06711978281	-0.1255137626	-0.09829383096	-0.08879958416	-0.08337790191	-0.07260497725	0.06325420188	-0.0006842856535	-0.0243352505	-0.07819714813	-0.02026186425	0.1141601019	0.08242508918	-0.03406586701	0.09200247511	0.03386414312	0.04162468345	0.03184937351	0.0341578055	0.01310767712	0.09148749158	0.2078774554	0.1319398149	0.06530192625	0.1201853503	-0.004616331136	0.002383872024	0.05594614282	0.04913409112	0.04683614439	0.06605098505	-0.01976406967	0.1197005794	0.05454405617	0.05114888427	0.08633211161	0.1377345831	0.027475425	0.02995107663	0.0630346268	-0.03831164757	-0.02135551503	-0.04756161878	-0.03987124829	0.1969887853	0.1206058113	0.1461203166	-0.0345207576	0.03794816576	0.003762057016	0.00775157869	-0.06900174273	-0.1785861002	-0.1441909739	0.04416827883	0.01684803608	0.06709193291	0.1239453125	-0.06182699644	0.02721206711	-0.03031034354	-0.1863603231	0.06888600495	0.04197297006
0.05800819899	0.07418424422	0.1092022244	0.1133413894	0.1061554184	-0.004041196482	0.07742215859	0.1482955816	0.04979324534	-0.1967462515	-0.1849110832	-0.1890458816	-0.1799483726	-0.1822760252	-0.1803417778	-0.1766106754	-0.1977352274	-0.1832187876	-0.1864040018	-0.180545442	-0.03022668155	-0.03533237748	-0.1794840524	-0.08507144204	-0.07033363008	-0.1854512737	-0.1868460202	-0.1805189824	-0.1892870274	-0.07287551556	-0.1845613219	-0.02729532678	0.03129463286	-0.134542261	-0.01613555754	-0.1812701311	0.1603667029	0.1461426538	0.2076750891	0.07649276466	0.03792333678	0.1264012738	-0.2091858176	-0.0639611126	-0.1937700804	0.05997577915	-0.05887204557	0.03134485554	-0.07154453129	-0.005634533942	-0.04956211322	-0.01051882174	-0.18272347	-0.1801629557	-0.1764071425	-0.07754690814	-0.06925353888	-0.0003905912793	-0.2092107923	-0.2031514296	-0.1948366281	-0.001763012671	-0.1850053689	-0.02080660949	-0.01812522548	-0.00250246975	0.1188225586	0.08638604586	0.2381730575	0.2088593028	0.09258368089	0.0540395609	0.05781910777	0.07100266806	0.05879872236	0.06896785567	-0.01350384694	-0.01165463979	0.09641843358	0.173066323	-0.06063691132	-0.03637437143	0.04049958334	-0.01822713665	0.04359653379	0.03468399591	0.01891346358	-0.03490725717	-0.01115441772	-0.08630297853	0.01778110292	-0.009723788939	-0.03295804504	0.1830195413	-0.03260926196	-0.009276385093	-0.02488397495	-0.01072419473	0.090611779	0.01077664462	0.005340274334	0.09753712934	0.110361086	0.01371375482	0.09184400869	0.002220631245	-0.007031329206	0.07625683843	0.0155223258	0.0291358202	0.09493446291	0.1165234796	0.06143455109	0.03870144356	0.06238050057	0.05205657611	0.00439381776	0.04806760085	0.09905286964	-0.03006441676	-0.0295969995	0.01096907953	0.01650060037	-0.08658131674	0.00206517864	0.04097251929	-0.2047528656	0.05453823272	-0.006606392778	-0.02251990154	-0.02558162854	-0.03379352397	0.003509990774	0.01554528673	0.07295590799	0.02972024084	-0.0339769973	-0.02351742097	0.007496550571	0.008105878705	0.1548244281	0.1019038216	0.00282057723	0.08643736101	0.1079901449	0.1019215452	0.3097916183	0.006939089999	0.165144345	0.007752064431	0.01432943392	0.02967804095	0.01757248411	0.02896448598	-0.03558463968	-0.006230638237	-0.05085244181	-0.09314911719	-0.04451335418	-0.04526246293	-0.02898437495	0.0411411974	-0.06224197942	0.05822357551	0.0896429157	0.00180797343	-0.09585188988	-0.01328753338	-0.07780040341	-0.03871514992	-0.04586924493	-0.1257508373	-0.04450543984	0.09077136346	-0.003996493521	0.009897849517	-0.02343787957	0.04508375582	0.06920003608	0.06190124991	-0.06143628303	0.04860976833	0.0615747886	0.06927545176	0.01765516068	0.04805862384	0.02142095864	0.1075627886	0.1055077374	0.05747413875	0.02685441754	0.1146543044	0.0312888491	0.03314979171	0.05140300119	0.04971130807	0.03878588611	0.08068063006	-0.00278051937	0.05276185178	0.003706615776	-0.01222933532	-0.005681205056	0.0719197519	0.05649903009	-0.0001898428837	0.1868884726	-0.02513441708	-0.006820234884	-0.0006840828797	-0.01269771742	0.09132743495	0.199238046	0.02350680286	-0.05987226297	0.06099456363	-0.007234252073	-0.008629922678	-0.00321200434	-0.1757117975	-0.125824502	0.05693166243	0.01543206319	0.124140029	0.05716008863	-0.06258557419	0.04307206041	0.07478665522	-0.1810167609	0.1042601655	0.01999771621
0.08720233658	-0.04264932026	0.03583638992	0.02460966349	-0.04346498013	-0.01435674152	-0.02862049154	0.006967423902	0.07093507773	-0.1720810011	-0.1644359104	-0.1668458109	-0.1584147651	-0.1605753702	-0.1691929677	-0.1700893854	-0.1729027087	-0.1664656256	-0.1659463489	-0.1739611392	-0.06841028554	-0.07184260679	-0.1584823785	-0.02904710882	-0.02331154123	-0.1687160017	-0.1657025101	-0.1641850452	-0.1671022877	-0.02827605503	-0.169744659	-0.06768132594	-0.06314766947	-0.115054318	-0.09269314113	-0.1646002703	0.02119990758	0.01114840975	-0.001788963414	-0.005013900055	-0.07441056236	-0.00147412166	-0.1842113437	-0.02898667055	-0.1729538551	-0.0133872316	-0.04993376363	-0.05940096162	-0.02964573497	-0.06478991527	-0.02080387232	-0.03369297044	-0.164334778	-0.1608857379	-0.1555783603	-0.02293624438	-0.01947977516	-0.05340760071	-0.1893039148	-0.1809289173	-0.1734251891	-0.04454795339	-0.1587467006	-0.03280892361	-0.04067707134	-0.0226689081	0.004910605039	-0.0453147009	-0.003602077258	0.005738808934	0.001961730604	0.07860459999	0.080121848	0.02491311454	0.05262857286	0.08854356281	0.06450592223	0.04154774058	0.02994543576	0.004765210938	0.06554198472	0.08758743927	0.05493560269	0.05954039115	0.1670726257	0.05745651646	0.0253906444	0.1466046705	0.09130355168	0.06710270051	0.06339912772	0.113779463	0.02090680948	0.02040610318	0.1346567846	0.1093307072	0.1392691301	0.06699629843	0.05718048835	-0.003230881347	0.07822380075	0.003342545899	-0.005155864818	0.04570871484	0.007883199957	0.05842897311	0.09629739217	-0.0006902979501	-0.03005471921	0.08577668037	0.00941630944	-0.003000898301	-0.014519874	0.1693682007	0.06638339407	0.004649759213	0.1204944963	0.03594757244	0.05317603575	0.1522525279	0.135720215	0.04640662557	0.04582596534	0.03983259541	0.02531283246	-0.01065949399	-0.1802473969	-0.0213261438	0.08283561707	0.08777064914	0.03412384369	0.1046960239	0.04733505819	0.1039557179	-0.00561374438	-0.01731485995	-0.03193427459	0.1390182889	0.1158234652	0.05278844159	0.04151528743	0.1066832477	0.1301217034	0.05658225297	0.05099124161	0.05068355831	0.006939089999	0.359046896	0.04517228308	0.1261661826	-0.005129937875	-0.01555048515	0.02538727488	0.04828536235	0.05356399201	-0.0003679768922	0.04325645992	0.02478101002	0.05884815737	0.02356732765	0.02301684399	0.02508765288	-0.03965306995	0.04939542003	0.03072425747	0.05124865946	-0.01260548985	-0.03150610778	-0.03158843951	-0.01552035954	-0.04402251548	0.0233155437	-0.00162259636	0.02815695226	0.01501438364	0.03235440111	-0.04154862071	-0.006314809317	0.009085713496	0.1150604364	0.09586486669	0.1700678269	-0.02874391393	0.01369515032	0.06134408747	0.06354695406	0.09399248137	0.04640437101	0.007898485559	0.09333161537	0.05118166138	0.02083994179	-0.04578283845	-0.01860151425	-0.01345075659	-0.003205659805	-0.008160345083	0.02843559223	-0.008123260042	0.05402000474	0.05102672377	0.01811292296	0.108427598	0.06082983542	-0.04420235514	0.0514240777	-0.04969259809	-0.01417931095	-0.03927611954	-0.05076043166	-0.06718247598	0.007455841728	0.0006482735444	0.07348775105	0.01922479672	0.0279964879	0.07321137959	0.0687572534	-0.09363762427	-0.160280628	-0.1149156345	-0.03737530861	-0.0057635024	0.007797718259	0.08674476139	-0.03589323196	0.03439469975	-0.02163591027	-0.154240391	-0.005897715536	0.009763779928
0.01506270118	0.02579092391	0.05765525718	0.0122212769	0.05385728832	0.004023788121	0.08105626928	0.09811683492	0.003114207604	-0.1680153398	-0.156016178	-0.1594300374	-0.1524495222	-0.1352919484	-0.1309437203	-0.1473017218	-0.1626781711	-0.1491246471	-0.147384205	-0.1517095521	-0.006554587231	0.000943131105	-0.1315448899	-0.0490945933	-0.03399838354	-0.1474746966	-0.1457767587	-0.1316032764	-0.138367642	-0.03988569071	-0.1417397075	-0.007285116419	0.07319591703	-0.1001941618	0.0005368094052	-0.1479135101	0.08719927832	0.08959628543	0.09022701456	0.08690620136	0.03922883298	0.07106192906	-0.165755506	-0.02644575057	-0.1487719856	0.02570932334	-0.01576303209	0.05292203191	-0.03849590646	0.0316402389	-0.02651058443	-0.006799025791	-0.1471594393	-0.1311118245	-0.1335803678	-0.04391922288	-0.03697482141	0.05321786535	-0.1597546607	-0.1640505396	-0.1518746996	-0.0118043705	-0.1361857936	0.03403330637	0.02002572604	0.0007341008073	0.07533790419	0.05650611018	0.2592757887	0.1373976691	0.006461767448	0.0115337839	0.01545405422	0.02459944565	0.01576164696	0.05116098538	-0.02664641289	-0.02166373525	0.04812213506	0.06689393919	-0.003584915116	-0.0200467544	0.06500575453	0.01275707813	0.05846410684	0.02796823683	-0.001665793709	0.01296961281	0.05356135707	-0.06933017774	0.02333449725	-0.004190000211	-0.007471593407	0.06544511874	-0.01071038152	0.01494984545	-0.0141361575	0.03387016639	0.04607782643	-0.03315444537	0.06234634612	0.01802707275	0.07291621581	-0.03395408054	0.09831389973	0.01326635501	0.01551441196	0.05674361493	0.00127726287	0.01479396654	0.0288915612	0.06209525075	0.04440389174	0.04647421774	0.03001116649	0.01940794172	0.01225655413	0.03293855456	0.07238066817	-0.02135958177	0.03543285307	0.03081232942	0.008479006024	-0.0475273122	-0.005474165341	0.02905397503	-0.1622452201	0.003876114914	0.01527283688	0.01073904568	0.01121513094	-0.003574143787	0.01838779494	0.04370141495	0.02746906143	-0.04186719498	-0.05814046654	-0.01491310734	0.06697652715	0.01141263637	0.3327316205	0.09350830531	0.03656539939	0.03169194199	0.08313752733	0.07708921689	0.165144345	0.04517228308	0.3682854519	0.04030834149	0.02177512114	0.03496487752	0.005893285201	0.03672940147	-0.04294664258	0.02769584908	-0.04938264702	-0.06765343701	-0.04324062614	-0.04516672142	-0.02982287518	0.02279242664	-0.01552665645	0.02845834889	0.02004171723	0.01505036881	-0.03400154334	-0.03990882533	-0.08257218836	-0.05488413022	-0.05885147007	-0.07942358289	-0.05422371586	0.03200176042	0.03014071959	-0.03827907283	-0.05019295336	-0.0160299709	0.01350523822	0.06504219449	-0.007304932036	0.05681633111	0.004392526535	5.882924493e-05	-0.02192916513	-0.0009517898744	0.01358312436	0.03858705322	0.05573656747	0.03581727948	0.05916857879	0.03273535184	-0.007136411683	0.008816033078	0.02662175116	0.012707543	0.02840343031	0.03774858461	0.0007744736015	0.001656984831	-0.009439133111	-0.01714576533	-0.005058433771	0.02436111072	0.07829193374	-0.007449862095	0.1127027543	0.02199635324	0.04070883319	0.0297999861	0.04821455983	0.04728145663	0.1813689703	0.03404920587	-0.02563406306	-0.01734765774	0.04091597673	0.02400725333	0.04312846549	-0.1403292159	-0.09803238907	0.00677898887	0.002908064004	0.06890559863	0.01965150944	-0.00685829472	0.0110610279	0.1161878302	-0.1489945401	0.02660399911	0.01796283001
0.05354694173	-0.02079801945	0.0227561082	0.00591224563	-0.02925115868	-0.0329622032	-0.03031482454	-0.009289397554	0.03354852651	-0.1492536969	-0.1398558136	-0.1429571725	-0.1354081401	-0.1446791884	-0.1473769914	-0.13260035	-0.1485774846	-0.1458526316	-0.1496215689	-0.1400866865	-0.04755689478	-0.06119060843	-0.1359751944	-0.03785817192	-0.02632802026	-0.1517502532	-0.1436032225	-0.1503009719	-0.1463345814	-0.02587935016	-0.150395741	-0.05964302783	-0.0583134465	-0.1084689121	-0.07602979419	-0.1489824954	-0.002901433717	-0.003997690177	0.001065226446	-0.0113222023	-0.02037760349	-0.01040402876	-0.1604509504	-0.006855060635	-0.1525147069	-0.02108579538	-0.02925457188	-0.04833656594	-0.02619408375	-0.04633356518	-0.009656499644	-0.05684103484	-0.1501460901	-0.1438128859	-0.1404575477	-0.02570023307	-0.02740510357	-0.04658155559	-0.1649656541	-0.1602003531	-0.1491364455	-0.02793106246	-0.1433654225	-0.02740697582	-0.03512782062	-0.04353911809	-0.02968154688	-0.05398365021	0.003671034905	-0.02137111079	0.02979245071	-0.01395498817	-0.01281316265	0.06360361583	0.01599858101	0.07726591013	-0.03510702238	-0.02691942915	0.01613955292	-0.0006045932049	0.1261160538	0.1320004274	0.1120138304	-0.003394327531	0.1593654924	0.1175733426	0.04339428864	0.1182913922	0.09933576329	0.003146596379	0.0997437166	0.09229125061	0.009930772176	0.00345175075	0.1231502333	0.1194834174	0.1419085438	0.1539998379	0.0178719745	-0.04138720691	0.1423933015	0.0163470397	0.005283866808	-0.03024250321	-0.001056957188	0.138040772	0.081532069	-0.04590927779	-0.04735537822	0.06997163393	0.1151038532	-0.0006333427615	-0.03838708866	0.1238709529	0.1069074969	0.009145929719	0.1914337467	0.1078592858	0.02754010487	0.147077621	0.1056933151	-0.01923554157	-0.009410015338	-0.02236130396	-0.006189863943	-0.06153009133	-0.1570073213	0.07020373807	0.07869427065	0.04703694545	0.1548243788	0.112817348	0.1391387891	0.1660386998	-0.02558775683	0.024475051	-0.001810553115	0.1457661944	0.1153485086	-0.002534795258	0.02195580134	0.06035104297	0.3499975918	-0.005406959617	0.02360764063	0.02325865223	0.007752064431	0.1261661826	0.04030834149	0.3711773695	-0.01020507047	-0.01542306398	0.01626295744	-0.0002202047486	0.0007685916865	-0.01933410681	-0.0179149181	5.153360074e-05	-0.00563060513	-0.008147235928	0.003528344605	-0.01102172502	-0.01628203845	0.1219980894	-0.01901924831	0.09152267661	-0.02604595677	-0.03124127473	-0.05054610033	-0.01398651541	-0.01202762356	-0.03096027782	0.06197729066	0.03130086608	-0.002310705924	0.02673985169	-0.01803426163	0.03784611821	-0.01321006659	0.1323872309	0.07739888298	0.08014941792	-0.01552470086	-0.02250609754	-0.01585261364	0.04246194896	0.0911406272	0.05497147445	0.004000865473	0.07011717502	0.09541657262	-0.02692533331	-0.034400653	-0.0118837686	-0.04304697238	-0.01854921975	-0.02133301811	0.03473728407	-0.03196981965	0.01246184025	-0.01189161776	-0.03039802914	0.04469972432	0.02586607973	-0.01291830088	-0.01023014839	-0.04579879405	-0.00672563959	-0.02754791431	-0.05039894744	-0.04657098536	0.004392315261	-0.005361185537	0.06778126657	0.09106591456	0.01681313026	0.1481585614	0.2277377821	-0.06803909552	-0.1336611792	-0.1072290007	-0.04374290897	-0.0199532519	-0.005531361566	0.06749744537	-0.0142226591	-0.01397349942	-0.03509228546	-0.1327576571	0.03156761323	-0.05703642943
0.01629941788	0.02728140091	0.03218302953	0.007563500888	0.004813682998	0.01192307502	0.04284020906	0.03841629254	0.05906996407	-0.1935715404	-0.1812672426	-0.1822629446	-0.1784405418	-0.1645235181	-0.1495195073	-0.1844496877	-0.181212605	-0.1848041166	-0.09693353082	-0.1858050817	0.03270424332	0.0002454394285	-0.1326755778	-0.01761982553	0.003592250496	-0.1662935661	-0.1745095127	-0.1655026197	-0.1605952221	0.01862580342	-0.1816111779	-0.02365412935	-0.05609356626	-0.07289575725	-0.04711949071	-0.1713533466	0.02693960407	0.0157642509	0.02328316298	-0.01328296422	0.003030957526	0.04571858158	-0.1789402654	0.01513755384	-0.1574459015	0.008788592566	-0.02445512991	-0.02878222884	0.01539337857	0.01945055123	0.01531564491	-0.03271995257	-0.1593720814	-0.1686750259	-0.1609272195	0.02270634763	0.01204731251	-0.008758020954	-0.1684142432	-0.1772118612	-0.1694695294	-0.004920990104	-0.1607761056	-0.0343818674	-0.01380254121	-0.01398131295	0.03789242192	-0.040160074	0.02673172191	0.03537298366	0.02526017964	0.01964077186	0.02075120873	0.04680379288	0.0917115192	0.04444749864	0.06112170691	0.07531622693	0.0972582567	0.02857702401	0.03346241493	0.03069711045	0.000247175924	0.02804550687	0.008961006788	0.01720374261	0.008061263504	-0.002759081929	0.02032080352	0.03350461626	-0.00888868268	0.0281619309	0.03890746598	0.04278262364	0.01337812735	-0.003372885555	-0.006295275878	0.01112363952	0.02378108013	0.006021872332	0.04422588317	0.036051161	-0.0004814672706	0.04224328109	0.05111386455	-0.04222482192	0.01286196274	0.09179325587	0.01863381825	0.05191196357	0.02522812938	0.07781035804	0.09103238513	0.04035522377	0.02072732914	0.09004816866	-0.02038245155	0.01397650043	0.07533861599	-0.01025543411	0.01059551562	0.0377793749	0.02420776603	0.07319834324	0.03880233567	0.02910517298	-0.1763422952	0.01553945483	0.005241576091	0.04554326542	-0.003924771394	0.0148517575	-0.04135429151	0.02867945812	0.02989621561	-0.01469520454	0.02907293639	-0.006771816812	0.0112139517	0.07874622988	0.01924145966	0.06717322336	-0.01003813972	0.07171398038	0.069648676	0.07279591637	0.01432943392	-0.005129937875	0.02177512114	-0.01020507047	0.3921784336	0.02200488793	0.03127486026	0.02883557413	0.03296174044	0.02338586646	0.01036143279	0.0017562046	0.04692869904	0.0277303541	0.0003883563395	0.05560253596	0.04149288542	0.03098380571	0.04800841075	0.01604871983	0.01781420329	0.04136239889	-0.00367963121	0.05153069145	0.04129467987	0.00582861722	0.03742500433	0.02606256015	0.0248798511	0.01275377777	0.04804036134	0.02278199873	0.01258966409	4.431372999e-05	-0.01148913368	0.04326573635	0.01790308076	0.01958175138	0.07757010486	0.02120608011	0.0183436483	0.01109734829	0.05865210283	0.04620792337	0.02833898662	0.05315364968	-0.007903051405	-0.002902518965	0.02131906063	-0.003289387818	0.04165575512	0.0459418375	0.01241354449	0.1094855486	0.1269448476	0.1342783083	0.06013867687	0.1487950785	-0.00163441575	0.1262797563	-0.004122495157	-0.01467140092	-0.01290056312	-0.01586554993	0.04776169008	0.05410317494	0.04463232974	0.02136138418	-0.001680017533	-0.009708991606	-0.02650246345	-0.001743875252	-0.004952306179	-0.1160320983	-0.08727780586	0.04780121208	0.02510949287	0.04774820779	0.02544192276	-0.04649831479	0.03724628666	-0.04970797377	-0.1077478118	0.02192277373	0.04738766098
-0.0008244940205	-0.04544170778	-0.02912669254	-0.03852540958	0.08706597437	-0.02776900999	0.01079620336	0.0572944098	-0.03160089583	-0.09446570002	-0.07620926946	-0.08192041057	-0.07625290249	-0.05962069991	-0.04560242311	-0.07355411452	-0.08526561752	-0.07685562308	-0.08875439493	-0.07405248073	0.0454930754	0.03663113799	-0.1032806038	0.02517429499	0.03485504374	-0.05036289313	-0.06884929716	-0.05839749795	-0.05395434427	0.04954007232	-0.07491682251	0.09702783431	0.02918388822	-0.03838010707	0.06868613295	-0.06410458114	2.857678564e-05	0.005149543112	-0.01583345051	0.04356501432	0.03712249178	0.01403612819	-0.07527111088	0.02438909513	-0.05590382007	0.02201437308	0.08363527523	0.005126333136	0.005838255359	0.07475653627	0.06097880916	0.04860597433	-0.04723955623	-0.06358373629	-0.05922334996	0.04867979659	0.03554144135	0.0508430962	-0.06625970811	-0.07732454025	-0.06080726754	0.0160694386	-0.05589682783	0.07254698883	0.09899822954	0.06740968505	0.006991371157	-0.02218191223	0.03109591658	0.02758165634	-0.0354836145	-0.04374517304	-0.04261247187	-0.01110143421	-0.01833018276	-0.02472795108	-0.03108001659	-0.00163720318	-0.04105294932	-0.02923432145	-0.05209860398	-0.03142179457	-0.06600117552	0.04418357281	-0.02866783221	-0.06452155514	-0.03020505412	-0.003239467209	-0.03110259577	-0.01057433251	-0.03144724398	-0.0007324768238	0.06331822542	-0.04240762661	0.01704922864	-0.002028069603	0.009488590927	-0.03201383066	-0.05658076361	0.006415973949	-0.02950537936	-0.02945834886	-0.005677742009	-0.01650329792	0.07194584396	-0.06799344995	-0.02028273613	-0.02310595806	0.002601827921	-0.01229279494	-0.05315071223	0.03126515227	0.004953831967	-0.0154721782	-0.05314506294	9.4766558e-05	-0.001048599711	-0.02512019988	-0.04264222741	0.003326619612	-0.01974805435	-0.01858171201	0.009341817916	0.01953597055	0.01571543734	0.01049558792	-0.07449574119	-0.02035499948	-0.01738576678	-0.01668011956	-0.04376769204	0.01213449642	-0.02191380072	-0.04553419105	0.05114363043	-0.01702419641	0.01185215091	0.008870203101	-0.01242705012	0.001263087609	0.03245679932	0.005270566483	-0.01222424241	-0.05557474206	-0.03222985218	-0.03805610939	0.02967804095	-0.01555048515	0.03496487752	-0.01542306398	0.02200488793	0.4912267922	0.1053243269	0.2560616024	0.1985163638	0.04548120894	0.1596920884	0.1629627476	0.216720325	0.184665664	0.2055387375	-0.005572048394	0.01510188497	-0.0577910768	-0.03959540297	-0.01399290334	0.07179868121	0.04167358227	0.01323781029	0.06308343352	0.06084564018	0.01190738537	0.01858330317	-0.03246075131	0.00258798172	0.007396379059	0.04791977994	0.003865597268	-0.01927852863	-0.03956797286	0.004976140692	-0.0033671655	0.02843660104	-0.02607363254	-0.01221884488	0.01163596524	0.02140525949	-0.05533251483	-0.05523401073	-0.04196965347	-0.04612839651	-0.03144475127	-0.03178611425	-0.01365234199	0.01013654679	-0.009501202597	-0.02326749462	-0.01740417753	-0.02145521563	-0.0206795055	0.02942933738	-0.001305111941	0.01538754977	-0.01878756662	0.02862355697	-0.02020599093	-0.008930902039	0.09019566687	0.08235523736	0.06296902641	0.05339165352	-0.05520783369	0.02743532205	-0.02423541674	-0.05163151886	-0.04276477555	-0.05087131879	-0.02602900449	0.01234510052	-0.08025763898	-0.03126421611	-0.01296912925	0.0348671416	-0.004110071417	-0.03182044547	0.03539493879	-0.009192813738	0.05467658917	-0.07432764039	-0.0310573264	0.01479771609
-0.02190462937	0.03807013642	-0.01023447568	-0.02883318221	-0.01211406325	-0.02515651157	-0.01709011289	-0.02589740348	-0.001821270016	-0.1129806665	-0.1010685139	-0.1075660593	-0.09879899823	-0.07712499361	-0.08047437766	-0.1090252404	-0.1108394202	-0.1045699699	-0.07160030665	-0.11319746	-0.01679336109	-0.0287355532	-0.0771549694	-0.007034527517	-0.003703689673	-0.08998593254	-0.08155207381	-0.08311022701	-0.08796756898	-0.008978728304	-0.08124454427	0.004474923532	-0.03750056363	-0.03847495399	-0.04709788947	-0.08415581996	-0.006532936416	0.00551969947	3.276192494e-05	0.01230054524	0.01073754561	0.01221388176	-0.09598344577	-0.01434955067	-0.08970922126	-0.005386805519	0.005495772018	0.004222036071	0.02118851812	-0.02321700421	0.005460630816	-0.01735587267	-0.08856640994	-0.08179957469	-0.07899368943	-0.0009814066593	-0.001562706451	-0.01948912361	-0.1013589419	-0.1121167921	-0.08148643718	-0.03054574246	-0.07343377268	-0.005865837854	-0.007983188935	-0.00020007545	0.03276484747	-0.008864429182	0.02334778013	0.01523634105	-0.02289436847	-0.01744749416	-0.01556922222	0.02824203741	0.01583481267	-0.03746088772	0.0244832573	0.03928146224	0.000589324868	0.005445893639	-0.01334397061	0.004946012175	-0.03171937647	0.02417558189	0.03177655276	-0.05844686976	-0.03967439316	0.01654083668	-0.03309884965	0.0009663543158	-0.04525110196	-0.03064715387	0.002832403186	-0.005793599303	0.01612260559	-0.01848982585	-0.02314006539	-0.03818175752	-0.008309431108	0.008256254529	0.009109373505	0.02098173158	-0.03764697043	0.02982809183	-0.01173494729	-0.02948124359	-0.0371003962	0.03773063583	0.007950561672	-0.005112915012	-0.01570407207	0.03367664597	-0.00136325477	-0.01552145576	-0.01857217299	0.02205712677	0.03672168772	-0.04208906544	0.006997083676	0.01640165865	-0.043479657	-0.001865445421	0.08928348712	0.07316120003	0.08698618966	0.007602899067	-0.09343043099	-0.02020940539	-0.03489283435	-0.02273851644	-0.03897738574	-0.03821648721	-0.02906585032	-0.02538830364	0.007204665501	-0.0391734414	0.07992658941	-0.0216417167	-0.006442364386	0.02525783996	0.0004482752842	0.008634024725	0.0166692948	0.01002475201	0.005018499225	0.006860188908	0.01757248411	0.02538727488	0.005893285201	0.01626295744	0.03127486026	0.1053243269	0.4454781116	0.1942720146	0.2918710337	0.01691941474	0.2337719451	0.2169011121	0.2274224298	0.2163011779	0.1877539328	0.01838650188	0.03613904433	-0.04495913648	-0.003401210843	-0.03896672714	0.1353176294	0.09430763904	0.09082030913	0.1387508757	0.08534300548	0.07983610898	0.05237062703	0.04003250898	0.01900789285	0.008166123568	0.1011236786	0.02750292453	-0.000227485346	0.0003892220689	-0.008406111493	-0.01698217755	-0.01154800605	-0.03702373559	0.06896910653	-0.0292102824	-0.02278747415	0.01812591922	-0.04281185457	-0.03983768161	0.007500807151	-0.01285736096	0.001779770668	0.04075734293	0.02707959096	-0.01417553718	0.0171187642	0.05686436101	0.0548919386	0.01969108092	0.07934873173	0.03701235033	0.02730616956	0.05397890208	-0.005010614894	0.005129911925	-0.009653137929	-0.01812050919	0.004998077143	-0.01022890645	-0.009908214666	-0.04642420589	0.02389424281	-0.01559692217	-0.01167629791	-0.05160275682	0.003899614279	-0.009469099149	-0.03396699665	-0.1001292101	-0.04314921206	0.0472431841	-0.002342132214	0.009446028267	-0.03092854783	-0.01680981064	0.0149581453	0.003369838376	-0.08476740831	0.009477876332	3.296776212e-05
-0.01159928523	-0.0166396022	-0.01897768607	-0.04826603987	0.005108272511	-0.01575805222	0.01412166165	0.0354480447	0.0004013354689	-0.1306519639	-0.1155465654	-0.1188090213	-0.1159374105	-0.09900960597	-0.07249573708	-0.1223992934	-0.1248428357	-0.1140286274	-0.07875306243	-0.1242270802	0.03672196532	0.02750370267	-0.09950805279	0.01749756096	0.0250477917	-0.0885396265	-0.1037565648	-0.09893278968	-0.08509729684	0.03056101018	-0.1071039936	0.09314950642	0.007531976895	-0.04337036388	0.009275857748	-0.1033238861	-0.006538224406	-0.01449322279	-0.01308502939	0.0189212301	0.006807902798	-0.0002700395464	-0.1124462996	0.02224932541	-0.09231319861	-0.006031952872	0.02142033843	-0.0009911047726	0.04326884413	0.05173009582	0.01761963788	0.02888219563	-0.08708064036	-0.09913806799	-0.09717475419	0.03989436577	0.02850553327	0.03231945559	-0.104909551	-0.115913469	-0.09757619227	0.0149351477	-0.09339146755	0.03116595968	0.04190373844	0.02738893081	0.06893971667	-0.03080736411	0.03691744355	0.01876533335	-0.0488763484	-0.02672319788	-0.02541601658	-0.02373858944	0.01268334774	-0.01700949002	0.04351881903	0.04211196565	-0.04076919985	-0.009928244515	0.0194436038	0.01120616645	-0.04951771026	0.0386332304	0.009642230172	-0.04678806044	0.006039663618	0.022211783	-0.01749166295	0.04778901225	-0.01508687819	0.004583883658	0.0301275783	-0.03976038959	0.01912735618	0.002349183515	-0.01434860296	-0.01623921608	-0.05279136937	-0.005818091056	-0.01366242483	-0.04272735522	-0.0009451366684	0.03798193441	0.04569924287	-0.04612574551	-0.03596208146	-0.003046564048	-0.003411905795	-0.008222550298	-0.05843260869	0.008534282124	-0.02184942443	-0.003195160784	-0.03530656814	0.007141757761	0.001498232608	-0.02876764578	-0.03476709035	0.01669330567	-0.006509778993	0.01074544608	0.06606193353	0.05724745355	0.05815796702	0.004474502621	-0.1105115734	-0.03680901728	-0.03344502279	0.02584436077	-0.02326887043	-0.01094198549	-0.0358245627	-0.02028183737	-0.01745486536	-0.0620949621	0.0493157874	-0.01482491736	0.00256985417	0.05242451425	0.0309346239	0.003317214383	0.004106394595	-0.01857086804	-0.02485952887	-0.03071706992	0.02896448598	0.04828536235	0.03672940147	-0.0002202047486	0.02883557413	0.2560616024	0.1942720146	0.4574772709	0.2301040794	0.1115867613	0.2045555499	0.2091182045	0.2467589321	0.2175231901	0.2051942802	0.03752862588	0.05029749764	-0.0436751579	-0.0508251825	-0.02504580941	0.1180223291	0.07050915207	0.04775094759	0.08857701832	0.0707499156	0.09332156264	0.04070582697	-0.02797510963	0.05829317616	-0.009162506615	0.07624622457	-0.02271988821	-0.04710841777	-0.01124526993	0.03262166483	0.004729105567	-0.05504336962	-0.06025103805	0.06815857991	-0.01688887032	-0.0005815439663	-0.02780044976	-0.0628047836	-0.01900950469	-0.03822403755	-0.04394984636	-0.02749719588	-0.01664498103	-0.01346133691	-0.05356796537	0.008596116827	-0.02255929367	0.009392965161	0.01501159037	0.08285195365	0.05809189154	0.03142723033	0.01476489316	0.002968786141	-0.0001104950298	-0.003194854907	0.03971694945	0.03468962856	0.02236144323	0.04352233011	-0.06077248986	0.02675584723	-0.02253309775	-0.006364752882	-0.07324920972	-0.02998500174	-0.006416410469	-0.009435079352	-0.1016875733	-0.04028089141	0.006742010908	0.01220192028	-0.01110117178	-0.01920031756	0.0191148211	0.01321398419	0.05035704452	-0.08451194711	-0.03659580401	-0.006704184127
0.003067575916	-0.01640416191	-0.05267431909	-0.03564826486	-0.004729614326	-0.02730835355	-0.02255205265	-0.02545978027	0.01379700162	-0.07850413156	-0.063589105	-0.06755130665	-0.06270636066	-0.04958561391	-0.04554282962	-0.0734055969	-0.07467711939	-0.06827200141	-0.05768464055	-0.07569201569	-0.03147915398	-0.03639607977	-0.08829672641	0.01808094461	0.02600364753	-0.04230719698	-0.06087537762	-0.04524211246	-0.04411496009	0.03361556709	-0.05426605274	0.05256545987	-0.04943851042	-0.02230239123	-0.007874131398	-0.04814580749	-0.0580812005	-0.03585792239	-0.04319368511	0.001133450202	0.01008962929	-0.02888816064	-0.06337406699	-0.009910962818	-0.04433937293	-0.05737162838	0.0325393382	-0.04233456325	0.03008444572	-0.02060620443	0.02373857327	-0.007984545159	-0.04194625161	-0.05297986122	-0.03994851159	0.04317765528	0.02951760258	-0.04293921548	-0.05474346801	-0.06642754919	-0.05271808203	-0.05917006728	-0.04674982099	0.01641898157	0.04307668799	0.02084963992	0.003759301574	-0.04038529495	-0.02878472963	-0.03636546075	-0.03783262169	-0.005228140536	-0.003624873741	-0.01952816896	-0.002262161409	-0.03371524302	0.02730345974	0.06704907918	-0.05475355998	-0.04249704249	-0.02906808651	-0.02104102757	-0.07195700066	0.06096156122	0.01995937372	-0.08264949428	-0.0561705974	0.01095327933	-0.05561921661	0.04921497917	-0.07553710441	0.003705557628	0.07741938234	-0.0284773139	0.02677816947	0.002517222113	-0.00569534539	-0.05736792466	-0.06233962386	0.0343340619	-0.03274493866	-0.03052398293	-0.07767447349	0.0522169708	0.01172113254	-0.02260746308	-0.01885527031	0.01229460761	-0.01424461481	-0.02500270778	-0.05329125664	-0.01713712221	0.0003938370306	0.006880975749	-0.0432656219	0.02178023561	0.04990890699	-0.06487773361	-0.06203100375	0.01422800386	-0.02264358838	-0.006579706791	0.09763572984	0.06007828012	0.07838863271	-0.02722804758	-0.06222533067	-0.05826726918	-0.01664982861	0.02371717681	-0.06170942698	-0.02372589016	-0.01632114942	-0.06391378417	0.02748399882	-0.05438800588	0.0724702351	-0.006204046166	-0.01125106586	0.04535561444	-0.04484442749	-0.02124983815	0.003198911438	-0.03430013867	-0.0601790591	-0.06051131279	-0.03558463968	0.05356399201	-0.04294664258	0.0007685916865	0.03296174044	0.1985163638	0.2918710337	0.2301040794	0.4856182199	0.02489325766	0.3521192547	0.3759380312	0.3865615087	0.3229303971	0.2466902851	0.01943449048	0.0216674431	-0.07615610914	-0.02885456778	-0.03612159613	0.1648509842	0.08596426619	0.1321398273	0.1582453012	0.08323075882	0.1549895704	0.08194173669	-0.009798053616	-5.340486227e-05	0.01907889329	0.09400343897	0.00590785946	-0.0466963161	-0.01203669993	0.03559774569	0.006372583085	-0.006078264563	-0.03993566944	0.08176139723	-0.002792786251	0.03578557507	-0.02446402147	-0.07239829981	-0.0387299998	-0.0344320887	-0.04569372194	-0.03703950317	0.001406180481	-0.01752830866	-0.04383819184	-0.02646547365	-0.008039034505	0.01740653584	-0.0008194586106	0.07719856571	0.03837588996	0.04399445372	-0.006968819929	-0.04212805077	0.03009072406	-0.05447568475	0.02007390464	0.01259619354	-0.0310258765	-0.02700835729	-0.07252149817	-0.02528932133	-0.0496889759	-0.02658579004	-0.04937864575	-0.02705077777	-0.0278739168	-0.06084421871	-0.08298305285	-0.02300626876	0.01123439724	0.01199816917	-0.04372005094	-0.02947105217	0.004489528244	-0.01356276313	-0.03690537995	-0.06638368158	-0.04655752624	-0.01426643885
-0.0380410166	0.02533062798	-0.01313818841	-0.02478536876	-0.02144196463	-0.0002819764619	0.1000706664	0.03138787294	0.004289755163	-0.07603975034	-0.09019318785	-0.07682535343	-0.07856803074	-0.03326655924	-0.0307884524	-0.08613376913	-0.08930065156	-0.06106674716	-0.03125136428	-0.1087710712	0.0822188713	0.06524544379	-0.04649622965	0.02763691309	0.04908362087	-0.05117064431	-0.05142159622	-0.0320590552	-0.04120008101	0.05771559991	-0.06169883751	0.05427176369	0.05470641743	-0.01061986087	0.06340690479	-0.04739388951	0.01182625276	0.01270597958	0.0002088572258	0.05207910842	0.06915263681	0.0128800195	-0.07754059242	0.05472668465	-0.04464304404	0.0201369009	0.05990625539	0.08784777328	0.04603810406	0.06890497707	0.04779099272	0.05356748606	-0.0387577979	-0.03301538755	-0.05324977354	0.06471305539	0.05240739103	0.0681546707	-0.06047721782	-0.06425276695	-0.06638014668	0.006707376661	-0.02740355022	0.02274754009	0.04378449304	0.05978185473	0.07076747153	0.02088377211	0.01719612826	-0.002699378465	-0.01729477082	0.006492083762	0.007322447973	-0.01827949751	0.000122367286	-0.004858597231	0.0127275161	0.02233823637	-0.01447618678	-0.00374781253	0.004122100892	-0.01178829363	-0.03318070183	0.01203651428	-0.02630059091	-0.04406583878	-0.0189667571	-0.009782052224	-0.03979799944	0.01328078976	-0.02960253505	-0.03447878813	-0.002292162779	-0.01565654863	-0.006430493749	-0.04173612936	-0.04546181665	-0.04851997064	-0.02907964786	0.005681391801	-0.04823914441	-0.01872275613	0.01193045198	0.03237335095	0.00477101191	-0.04549312442	-0.03878591182	0.006666698961	0.02615198102	-0.02655324888	-0.02818355122	0.002771368036	0.013105802	-0.02888018879	-0.03036363319	-0.001224482279	-0.0376226258	-0.02046826344	-0.01793377108	-0.02444913531	-0.05010600391	0.002440934709	0.02888932821	0.03370204896	0.02537689366	0.00971835891	-0.07731886938	-0.003715328296	-0.03667620311	-0.0220023851	-0.05217125806	-0.04435903284	-0.04395086722	-0.02844909644	-0.02628152214	-0.06009744842	0.03052091965	-0.04618796262	-0.02484836143	0.03317226325	0.02465279597	-0.0110909622	-0.02382944226	-0.005446977436	-0.02175784766	-0.01859818648	-0.006230638237	-0.0003679768922	0.02769584908	-0.01933410681	0.02338586646	0.04548120894	0.01691941474	0.1115867613	0.02489325766	0.42823739	0.05600171318	0.0499531288	0.02442648589	0.07502493647	0.02615952179	0.02021421595	0.04773356493	-0.02562717468	-0.02891934267	-0.03616507983	0.02888043662	0.02448810092	0.01990007558	0.01286746878	0.01252624222	0.02759980543	0.01785454423	-0.0237173546	0.2093802184	-0.0167483748	0.01445901383	-0.04249093681	-0.02591733252	-0.01822324285	-0.006597093226	-0.01630499155	-0.04024877919	-0.03489856434	0.005581424677	-0.0327136608	-0.01856456113	-0.02907217307	-0.01962493421	-0.02476389535	-0.02805011113	-0.01968639339	0.002593426329	-0.01855997207	-0.01578387414	-0.01554245326	0.02176037113	0.002980423792	0.01171861672	0.01342176722	0.06418685926	0.04599533063	-0.004357705253	-0.007507891655	0.07183932545	-0.01193764049	0.01528822077	0.05591143268	0.02393783948	0.07852600214	0.03994845202	-0.01934665128	-0.001625312939	-0.02453361872	-0.01802703638	-0.04562243431	-0.06102892725	-0.01539792367	0.04498800197	-0.04387201819	-0.01368363059	0.007900187084	0.01354593408	-0.001906512767	-0.02003458693	0.08624325006	0.01358501349	0.07613182349	-0.05055095207	-0.01932404731	0.0004871733457
-0.008765773768	0.01352966744	-0.06324571227	-0.04810368403	-0.02469169635	-0.01903695197	-0.04207167477	-0.04747539669	-0.004649293025	-0.06432342603	-0.05039254176	-0.05419573883	-0.06242410957	-0.02404753606	-0.01991654641	-0.08029583678	-0.06081197352	-0.05035615657	-0.02456182282	-0.0845083026	0.003248502826	-0.001750403865	-0.06383476447	0.06131818902	0.06755195353	-0.02693272993	-0.04458060233	-0.01486472123	-0.0209786762	0.07903206239	-0.03226449245	0.06991345408	-0.01205730597	-0.03131286386	0.02593460015	-0.03440049027	-0.05914530297	-0.05352101577	-0.05452364714	-0.006479500772	0.01348118636	-0.04493940973	-0.04557905023	0.002636313812	-0.03478582288	-0.04741025543	0.0461502888	-0.01848194898	0.03800204702	-0.006943705015	0.04939461818	0.01717806488	-0.02465338374	-0.03169071428	-0.04221560888	0.08801679319	0.07471668833	-0.01033847574	-0.03699764828	-0.04975734097	-0.06043800231	-0.03228249869	-0.02113185399	0.0211730161	0.04323452314	0.04399596516	0.02339140399	0.01160370913	-0.03914770094	-0.05415751261	-0.03230970802	0.01283449319	0.01361247359	-0.02841918564	-0.00549032797	-0.03500685699	0.07336144048	0.06724199722	-0.06604587867	-0.06181273345	0.003952919883	-0.007583808091	-0.08166040659	0.03967055173	0.01784762071	-0.08479731927	-0.05625705942	-0.002948651583	-0.0741114086	0.1040476767	-0.08276779262	-0.02457391982	0.03726865475	-0.03394059059	0.02056381	-0.0207693683	-0.03725484578	-0.08171879963	-0.07393807631	0.0323503754	-0.06711747825	-0.06112097332	-0.05535142558	0.05542650137	-2.866656428e-05	0.006320133465	-0.02769392028	0.004545408472	0.01003065392	-0.05830068492	-0.07545273074	-0.05003423754	-0.02373333109	-0.007660639243	-0.05714401168	0.008061302465	0.02706670802	-0.06577055996	-0.06177966227	-0.02180262751	-0.04192797883	0.0427890459	0.1094172405	0.1139963106	0.07760051028	0.003570719613	-0.04535916454	-0.05044409879	-0.03144928807	0.008117077551	-0.08147601519	-0.04139741976	-0.02684725287	-0.06266589225	0.03965820865	-0.08696383645	0.02273475889	-0.0376914324	-0.01146939021	0.03967578613	-0.04822010284	-0.02041301152	-0.007959459381	-0.04240203382	-0.06229249819	-0.06228007766	-0.05085244181	0.04325645992	-0.04938264702	-0.0179149181	0.01036143279	0.1596920884	0.2337719451	0.2045555499	0.3521192547	0.05600171318	0.5140905199	0.3946148326	0.3209930944	0.2573012658	0.2227764259	0.01140963651	0.04892496176	-0.08261401245	-0.05208753249	-0.06094518468	0.1144256429	0.04244028847	0.1478796054	0.07370592662	0.03126268457	0.1508775036	0.07008957448	-0.04165955607	0.02934724003	0.02368820873	0.04628799257	-0.03973903709	-0.07759073162	-0.01371186648	0.03929311709	-0.001457878372	-0.02800368607	-0.06045202444	0.05379422065	0.002183306844	0.02492857557	-0.03598343582	-0.07685920031	-0.0384019812	-0.05814784892	-0.06187443807	-0.01912037776	0.02892862869	0.007870331358	-0.01681819764	0.02715671085	-0.02417951573	0.06107376224	0.01363076766	0.1001182269	0.06348554267	0.01454479019	-0.02571457688	-0.04497665866	0.01841435524	-0.008948331782	0.03879008131	-0.02007531454	0.0002598949559	-0.0006117084681	-0.08102595167	-0.01240663158	-0.05092224472	0.009290102466	-0.07192287375	-0.05144756723	-0.02091079751	-0.02694123244	-0.06382650961	-0.0332467676	-0.004061164351	0.02493656667	-0.06202882734	-0.02862892911	0.02809652943	-0.01154744623	-0.04811122896	-0.05493393772	-0.07856323938	-0.01615807155
-0.06050444378	-0.04264362191	-0.08692953881	-0.09974273539	-0.04867033804	-0.01610690726	-0.06569972497	-0.09255417427	-0.0358106841	0.01323186575	0.02672000301	0.02358357072	0.01360928135	0.03867782186	0.04583262117	-0.002510141665	0.02275628178	0.02756033184	0.04005143616	-0.003806288239	-0.0002239983569	-0.0199417233	0.001153954051	0.08850308484	0.08911343114	0.03662964729	0.02426341243	0.04973309748	0.04642517417	0.09559389333	0.0264738707	0.09088256962	-0.02247661622	0.03969080632	0.02624769005	0.03044405377	-0.09520608674	-0.1073743469	-0.1068799724	-0.03147767215	0.01289691281	-0.09967031774	0.0310866381	0.04985569449	0.03791966898	-0.04444223325	0.05712258518	-0.03314982529	0.09160232505	0.01012057308	0.07978659543	0.009966664694	0.04209255499	0.03373588068	0.02577745127	0.1061393134	0.09061576269	-0.008754930533	0.04054130236	0.03124190631	0.01947552802	-0.02253295258	0.04417525614	0.02900718485	0.04319675495	0.04087410604	-0.01244478141	-0.03430921799	-0.08548690111	-0.1111339911	-0.08902618667	-0.04013166365	-0.03792687915	-0.0687048756	-0.027925377	-0.0720260572	0.05638855342	0.0571688262	-0.1023493744	-0.1010754018	0.003007606145	-0.004139917744	-0.09476188635	0.01086721993	-0.01433589675	-0.1027407467	-0.04996487397	0.006421862161	-0.06726956712	0.0923228139	-0.07251210413	-0.03177693986	0.03084234803	-0.0903669956	0.02820387632	-0.02993617609	-0.03820767508	-0.06605722987	-0.1057713744	-0.001955421228	-0.06554444202	-0.1036479878	-0.07604323116	0.0423396326	0.00680303899	-0.006013664141	-0.05064239338	-0.04563528909	0.0003747756918	-0.04332024503	-0.1126646462	-0.08663987233	-0.05204670004	-0.02655748961	-0.1024286527	-0.03944761558	0.01652768653	-0.05000371014	-0.08138472644	-0.01782944093	-0.02855399725	0.02230909328	0.08758856751	0.1412053202	0.09883350747	-0.03330640306	0.02962256245	-0.0299840038	-0.05899028159	-0.01171309076	-0.06686756479	-0.03381823268	-0.0549306356	-0.06134301007	-0.004570198279	-0.09304785964	0.04305553948	-0.0387882612	-0.01060552839	0.02839351896	-0.06575917348	-0.0407273491	0.001169924885	-0.05081843463	-0.07771270116	-0.07807020099	-0.09314911719	0.02478101002	-0.06765343701	5.153360074e-05	0.0017562046	0.1629627476	0.2169011121	0.2091182045	0.3759380312	0.0499531288	0.3946148326	0.5844803661	0.3620803421	0.3191594964	0.2826508286	-0.03803028667	0.06080796705	-0.1134510773	-0.1057239379	-0.0679470405	0.238002223	0.06299980395	0.1400752433	0.1404905948	0.07387847139	0.2529334862	0.07881837457	-0.07796969221	0.01877336159	-0.0005629799615	0.07068529447	-0.03053203357	-0.09162988623	-0.05350080753	0.04242779106	-0.01797079349	-0.06821242611	-0.09411606472	0.01578333527	0.01318319143	0.0312069314	-0.08719534472	-0.09033502032	-0.07375609019	-0.05573078432	-0.10949026	-0.04975856673	-0.01930865644	-0.04161301511	-0.0627781061	0.007926487561	-0.04110068306	0.0362404431	-0.01150908316	0.06885756877	0.04418778151	0.02644402142	-0.04928496365	-0.0559785933	-0.01264725808	-0.05847121935	0.04836477374	-0.02374798264	0.003217974639	0.001016536246	-0.08957572376	-0.07426772505	-0.07811440087	0.01657576511	-0.1041845287	-0.07440330992	-0.01493849398	-0.03759517726	0.01791306287	0.03244630623	-0.04056542386	0.001008156938	-0.107516541	-0.06855423092	0.05585982147	-0.05518549701	-0.05323408639	0.02238812657	-0.1015201537	-0.07310124786
0.008852081497	-0.01939081893	-0.0381617995	-0.04266533188	-0.01289746964	0.006261208332	-0.01573173888	-0.0298470405	0.02900643349	-0.09462839347	-0.08021034295	-0.08254897215	-0.07883078001	-0.07187814052	-0.06398951972	-0.08777183989	-0.08839691126	-0.07472344937	-0.07293287303	-0.09023027667	-0.03448129896	-0.03513324683	-0.1090284711	0.01788627513	0.02605004592	-0.05985683297	-0.07666184705	-0.06401463639	-0.06357448719	0.03119413661	-0.08321823772	0.0559678367	-0.0574465853	-0.03974143786	-0.01168609167	-0.06689376385	-0.05497495931	-0.04963929502	-0.05140911493	-0.008898497026	0.002707584325	-0.04133723414	-0.06928342252	0.00893992739	-0.05438123395	-0.04646053534	0.04239654719	-0.03757848605	0.02697469797	-0.01652909919	0.01289647756	-0.02872686505	-0.04990024269	-0.0744927354	-0.06037137768	0.04022880817	0.02743717664	-0.03448634801	-0.0600915256	-0.06822155772	-0.0577712119	-0.06039564046	-0.06722425724	0.01353958897	0.03566631757	0.002172619316	0.04336081652	-0.04286356143	-0.03647907901	-0.04128101178	-0.04959122053	-0.02085192356	-0.01944634316	-0.0005964519504	0.01855291713	-0.02001719463	0.06149603329	0.06510047274	-0.04849109299	-0.04506065355	-0.002758913527	0.004347908066	-0.06956688525	0.06882174317	0.02427031828	-0.05573659313	-0.02286246234	0.01785898352	-0.04131565955	0.05668429625	-0.04774224585	0.003240499968	0.06585286847	-0.03673545917	0.01730563878	-0.006164126014	-0.009589729078	-0.04173365063	-0.06359101064	0.02518380751	-0.03523229856	-0.03770736628	-0.07217353071	0.05161688259	0.02328353507	-0.03221736336	-0.03379524351	0.01954124408	-0.009547321804	0.005654391122	-0.06830399862	-0.02553880869	0.003802410674	0.01117985329	-0.05234066145	0.005668157943	0.02736784547	-0.01217138038	-0.0247280724	0.01081375518	-0.007509642169	0.04633223812	0.0973166888	0.05868050792	0.06820704577	-0.00371693195	-0.06949167758	-0.01695985424	-0.03583091154	0.01243630303	-0.06554983077	-0.009880624837	-0.03578746683	-0.03895223911	0.01306793034	-0.04689059235	0.07467237856	-0.01010512079	-0.002227409308	0.07005874672	-0.04237850614	0.00131100589	-0.003209773494	0.002646832852	-0.02457806769	-0.02490247463	-0.04451335418	0.05884815737	-0.04324062614	-0.00563060513	0.04692869904	0.216720325	0.2274224298	0.2467589321	0.3865615087	0.02442648589	0.3209930944	0.3620803421	0.5013681957	0.2673906568	0.2489715247	0.004776205676	0.0479608397	-0.06131386167	-0.03942232115	-0.03615519572	0.1517064501	0.08750682475	0.08649153187	0.1449014436	0.09218725507	0.1556583066	0.07601686683	-0.03445343817	-0.001083814199	-0.009069377908	0.0948245707	-0.02538155383	-0.01420463892	-0.02272379812	0.04292047161	0.01818008608	-0.008276027014	-0.04727713076	0.105107844	0.04756607613	0.04660236922	-0.04341044327	-0.03952565582	-0.01020352783	-0.03694745755	-0.05309073024	-0.05055616937	-0.02853869043	-0.03672580729	-0.05041139423	-0.0170895692	-0.009314072547	-0.00596562239	0.006679765538	0.08903344043	0.04579023032	0.05989744188	0.007287834144	-0.04843144562	0.02121185168	-0.06251116248	0.03494612315	0.002562893053	-0.03711709776	-0.02468487092	-0.03795157696	-0.02827884296	-0.01463672622	-0.02391823196	-0.05758841748	-0.02952428749	-0.03096033227	-0.06651214459	-0.1000699737	-0.04563606234	0.01750707386	0.02423675616	-0.03959560179	-0.01531462582	0.009568099582	-0.007538700043	-0.05211905186	-0.08103150311	-0.02773614034	0.01511956713
-0.02208031611	-0.02765031129	-0.05262480188	-0.04828214827	-0.01785455444	-0.02429576355	-0.02521681385	-0.006473709835	-0.01194487956	-0.07858817476	-0.06383116358	-0.06673402873	-0.06488518117	-0.05710149834	-0.04106440344	-0.07489556475	-0.07588762082	-0.06841928106	-0.03229139059	-0.07671514799	0.01842080569	-0.01246410602	-0.05585730682	0.008644541039	0.01635063089	-0.04914385905	-0.06435937712	-0.057178588	-0.04447095988	0.02153530328	-0.06098892603	0.04571830106	0.003224705986	0.00348837558	0.002151256373	-0.05560502243	-0.03766170203	-0.03569368558	-0.05535016406	-0.03056211174	-0.01896303732	-0.03721024588	-0.06104771952	0.01877177944	-0.05271683857	-0.02218941209	0.01650314354	0.01043938343	0.06350052858	0.008022033218	0.00655059974	0.02308571883	-0.0467122006	-0.05327788218	-0.05029499958	0.03220191287	0.02014987552	-0.0008614116394	-0.05388449512	-0.06632311565	-0.05129273968	-0.02949376524	-0.05058070567	-0.009464308251	0.01537175183	0.04974368752	-0.01077999014	-0.05485250673	-0.04324520818	-0.030677337	-0.03722212361	-0.009831953581	-0.008775764237	-0.03880487857	0.003259035507	-0.02820002713	0.05327548317	0.05523020025	-0.05114663512	-0.05207991916	0.007257815811	-0.0216462372	-0.0661089587	0.01689310689	-0.009564955745	-0.06015823198	-0.02618252388	0.0113258459	-0.04892025083	0.0534125687	-0.04555213323	0.001648738618	0.0551853025	-0.04514207933	0.02804755898	0.005758029241	-0.0001604508713	-0.04254161535	-0.05143436799	0.04822233194	-0.04074901868	-0.03760603558	-0.05397735057	0.0712998124	-0.0128736144	-0.01768910205	-0.02233326196	0.01331117912	0.01647831952	-0.0150082969	-0.06515396695	-0.0153926296	-0.01157364136	-0.01887693279	-0.04501453455	0.03121023683	0.02584961873	-0.02800181557	-0.05790199822	0.01530036434	-0.01486508172	0.02282808012	0.0600528684	0.08560562616	0.06210213726	-0.01121823105	-0.05940216351	-0.02060205258	-0.01755797865	0.03155323391	-0.04622923764	-0.01163326812	-0.02944141503	-0.04623925225	-0.006206672047	-0.04478670691	0.0751152936	-0.0005928615203	-0.01408125704	0.03498357071	-0.0457211866	-0.02263597497	-0.006479718596	-0.04029673146	-0.0559816936	-0.05627646218	-0.04526246293	0.02356732765	-0.04516672142	-0.008147235928	0.0277303541	0.184665664	0.2163011779	0.2175231901	0.3229303971	0.07502493647	0.2573012658	0.3191594964	0.2673906568	0.4701947503	0.1981540681	0.02456989493	0.04443616902	-0.06467624735	-0.02261160503	-0.01007882478	0.1694634061	0.07346304762	0.09182832367	0.1407074484	0.057126325	0.1463806075	0.04547302079	-0.04113125481	0.01219850135	0.04017138679	0.07941102014	-0.009883192288	-0.05403060795	-0.01409904617	0.03347968081	-0.01324720034	-0.04340228629	-0.04101848476	0.0564535406	-0.02178153409	-0.001065670052	-0.04550359378	-0.07101446299	-0.03253240038	-0.04340312533	-0.04203677155	-0.006341102608	0.009098251564	0.002212396093	-0.02065631909	-0.003220247897	-0.02750677923	0.02396108809	-0.00301959445	0.06915390445	0.04428096507	0.0314019886	-0.00790994365	-0.0137546237	0.02955092421	-0.05897841465	0.02481185994	0.006624870632	0.01160904744	-0.003245567697	-0.07392556766	-0.01976527046	-0.0488745871	-0.002840728378	-0.05338421896	-0.02162853201	-0.01698456162	-0.01696065842	-0.05025511281	0.001673752753	0.01318019453	0.02555201936	-0.03210743129	-0.0253020472	0.01384949996	-0.01307251963	-0.009812748558	-0.03656400188	-0.0569397286	-0.002090344336
0.007605844379	-0.03477895296	-0.03265355898	-0.05406787821	-0.004196936139	-0.05214946305	-0.02804456041	-0.01939769227	-0.007990211376	-0.05461103795	-0.04868159514	-0.05198063915	-0.04389104193	-0.02531474012	-0.01222007454	-0.05738316373	-0.05179776764	-0.04854506196	-0.04686691651	-0.05795413014	-0.006902370707	-0.004524922993	-0.0564610803	0.01807896601	0.01782625682	-0.008022254669	-0.02670350059	-0.02356043125	-0.01529165669	0.02499563163	-0.03432402601	0.02402150798	-0.00852507304	-0.006355705956	0.03635513686	-0.02064683177	-0.03164973539	-0.05339101234	-0.03630288926	0.005609858642	0.01674333942	-0.04350747162	-0.03511871008	0.02256587366	-0.01553049646	-0.02253299304	0.04574003297	-0.03582519738	0.002451066883	-0.009686530495	0.01503796109	0.02480331662	-0.01073858455	-0.02985708293	-0.01984868242	0.03463158641	0.01842109204	-0.003278367834	-0.02463536431	-0.04118527897	-0.02238324017	-0.03517960744	-0.02053927795	0.02648701309	0.03718985206	0.03338395036	-0.007096984144	-0.03493129103	-0.01199663109	-0.04474643626	-0.04789196364	-0.02950960643	-0.02796940879	-0.03181964475	5.907699596e-05	-0.04505116024	0.03225620447	0.01419109926	-0.06144110867	-0.03033292474	-0.009464782421	-6.207771936e-05	-0.06437287134	0.05634496652	-0.007402595011	-0.05860028874	0.02048625991	0.01237524809	-0.02758652392	0.02885166356	-0.01373346928	-0.006742672161	0.02867733051	-0.0355078603	0.01484826671	-0.001338800303	-0.02194550061	-0.03300263927	-0.03461436141	-0.03865555948	-0.04599859446	-0.03307681018	-0.0385290672	0.0516407186	0.03775938662	-0.03581269719	-0.04477106864	-0.03412182642	-0.006624731647	-0.01092726886	-0.05524879998	-0.03673168317	-0.02246394513	-0.03781521226	-0.04816084688	-0.03938467294	0.003996478654	-0.03417429353	-0.04299480974	0.02183105677	-0.02280979049	-0.04370987873	-0.006528896828	0.03186261237	0.01757099785	0.01797023086	-0.03504443334	-0.04625549853	-0.05077533752	-0.007338178154	-0.04333727537	-0.03272639139	-0.01595839144	-0.02814640473	0.02625740857	-0.0415373679	0.09258967253	-0.02244395314	-0.006012597023	0.03311424472	-0.02537958203	0.000804830421	0.002707402985	-0.03277519262	-0.03668949493	-0.03477013919	-0.02898437495	0.02301684399	-0.02982287518	0.003528344605	0.0003883563395	0.2055387375	0.1877539328	0.2051942802	0.2466902851	0.02615952179	0.2227764259	0.2826508286	0.2489715247	0.1981540681	0.5044358596	-0.01215605928	0.0224809657	-0.06173059993	-0.05357533173	-0.03085557002	0.1545199771	0.1094305206	0.08153144381	0.1268726916	0.101243516	0.1246708982	0.07960817235	-0.03248195442	0.006826231209	-0.05010930758	0.1173611931	-0.007234070464	-0.03868994399	-0.004797065411	0.01249823413	-0.02489602841	-0.005051790089	-0.04033811719	0.05292322565	0.0500738681	0.02945810321	-0.02940195914	-0.07711806569	-0.03738441	-0.0428440768	-0.04228595366	-0.04254111623	0.008786032367	-0.01735178243	-0.04165114322	-0.04469080461	-0.04106531371	-0.0389283225	0.0004151608348	0.05095853978	0.0484420199	0.005060872135	0.001089231727	0.01802857469	-0.01196649266	-0.03596053937	0.08446369665	0.04712217483	-0.0008078165274	-0.01173265626	-0.07583010543	-0.02678365164	-0.01605600352	-0.01403725779	-0.05972116335	-0.0189819963	-0.02751569183	-0.02745134146	-0.05801567012	0.002816500571	-0.02072749925	0.004253178053	-0.03029841747	-0.0352031453	0.04759816609	-0.03134031989	-0.002613459209	-0.03545594208	-0.03858275491	0.01305841145
0.04528067594	0.07728536409	0.008850315172	0.07821011689	0.04418375169	0.06050495724	0.0671168015	0.05930268841	0.09403275112	-0.1617054411	-0.1532423535	-0.156085219	-0.1504184407	-0.1495771734	-0.1430858645	-0.1537360196	-0.1659083448	-0.1585413005	-0.1338262729	-0.1612295461	-0.004727386405	-0.03523811462	-0.1463010632	-0.02732097276	-0.008828416604	-0.1600311134	-0.1558163427	-0.148986211	-0.1570198957	-0.01324195499	-0.1489702209	-0.009862534027	0.006734522399	-0.09748383896	-0.01480868942	-0.1429209335	0.06947171223	0.06303545156	0.08097935676	0.03745155912	0.0124598901	0.06331533447	-0.1526243463	-0.01834570827	-0.1579417367	0.02511164006	-0.03574274284	0.01949310298	-0.02195350159	-0.02349723706	-0.0307498358	-0.02095902865	-0.1591973734	-0.1486730418	-0.1413738678	-0.01734956721	-0.006264112451	0.0116753398	-0.16000911	-0.1628260068	-0.134619101	-0.003544026177	-0.1440042906	-0.01601001657	-0.03070769462	-0.009728145396	0.0635653152	0.06585996096	0.04579679522	0.04898039791	0.01735368597	0.02647510759	0.02412039489	0.01021339696	0.03128444731	0.03912806035	0.1237515341	0.04726218175	0.02378014971	0.07749709004	0.02202110198	0.001720529056	-0.01892831978	0.07908955534	0.04174933202	0.009729678336	0.006112187656	0.01632362272	-0.02025989902	0.04612024198	0.00921919328	0.02546876387	0.00867791429	0.05672964376	-0.002175176844	0.02342792083	0.003434342062	-0.03200262035	0.01310507252	0.0226515373	-0.01456192143	0.04758264187	0.08153731065	0.04051590583	0.1365611458	-0.02514856573	0.03497476208	0.06692893914	0.04080216667	0.05376208611	0.02778015828	0.0706871741	0.03524781076	0.01566239698	0.03046825217	0.06633077942	0.02867086867	0.002116054309	0.02545913281	-0.001852288523	-0.002713718207	0.05575929951	0.0334068321	0.02487090648	0.01400713521	0.02013880441	-0.1496025908	-0.01183060516	0.02261544408	0.07079239229	-0.02237245006	-0.0007571295341	-0.01019983988	-0.02487692593	0.03737823224	-0.03470205158	0.01373844536	0.00310093292	-0.03884823219	0.111419038	0.03646967066	0.01550689455	-0.008659402895	0.05950101943	0.02310301655	0.02623358735	0.0411411974	0.02508765288	0.02279242664	-0.01102172502	0.05560253596	-0.005572048394	0.01838650188	0.03752862588	0.01943449048	0.02021421595	0.01140963651	-0.03803028667	0.004776205676	0.02456989493	-0.01215605928	0.3972560615	-0.01752302743	0.01059296581	0.03288053414	-0.008508210056	-0.04155964805	0.00369683974	0.009126903676	0.01295197096	-0.009162446758	-0.01367137509	0.03094788915	0.02227217735	-0.01638452836	-0.003085749364	0.005769684253	-0.02672271942	-0.01157365449	0.03412235654	0.03012392281	0.03370976684	-0.01986371344	0.002743277635	0.08850447152	0.03426803723	-0.009615547542	0.0140567676	0.04882358878	0.04382762772	-0.02179032754	0.04632667432	0.0448457401	0.02109116623	0.01428794126	0.002725297863	0.05591916486	0.0008655239922	0.05041416934	0.0396515824	0.0771113574	0.06734557211	0.02551668776	0.03987443003	0.02801394835	0.08111731105	0.07314097052	0.02022804065	0.002622053152	-0.04912652762	0.0137038467	0.05463985329	0.06356616972	0.01522711098	0.03150094836	0.008300838667	-0.00695766022	0.0007133505628	-0.0001008577276	-0.16004231	-0.09592810024	0.03866376896	0.04156772669	0.0560525695	0.028121978	-0.02737248823	0.06205493434	0.03599426984	-0.1392776731	0.02814260699	0.0853330225
-0.03248053205	0.06140603722	-0.01051858968	-0.07158050124	-0.03864453048	0.0007152166409	-0.02580074196	0.01789598147	-0.0009064941854	-0.06907001482	-0.1076604561	-0.0945062939	-0.09190794096	-0.0697405716	-0.05620996932	-0.08615294017	-0.07682441159	-0.08408044014	-0.04221920344	-0.07898417724	0.04092762812	0.0843880026	-0.05416403131	0.0634763095	0.03228527933	-0.05019152128	-0.05310072949	-0.07295582038	-0.03515396699	0.05000434956	-0.06566354106	0.1114894994	-0.007863895269	-0.0366477582	0.05268132454	-0.08410874794	-0.05854441483	-0.06158104149	-0.06938739787	-0.05319406213	-0.004520132698	-0.0381201955	-0.04485770733	0.03131996981	-0.04053120611	-0.01266059675	0.02809840058	0.02853398836	0.04734248021	0.02143026643	0.008305850856	0.06112370991	-0.06695033816	-0.07265838814	-0.07145633997	0.04781023097	0.03049001127	0.01038436376	-0.02332623992	-0.04310825356	-0.0615544594	0.01490485414	-0.06946967961	-0.01624494638	0.009523270514	0.01331512183	0.004586666345	0.01351180622	-0.04022504932	-0.04892048251	-0.0009564889705	-0.002503504853	-0.000806516453	0.06373988119	0.02446807419	-0.03145192759	0.03221867685	0.08129942101	-0.04283481382	-0.05938278319	0.03234450437	0.006512637331	0.01301847515	-0.01020495085	-0.04329473801	0.02929773571	0.05942935112	-0.02039889796	0.01400686814	0.05920314666	0.04102024568	-0.01459459024	-0.02231070136	-0.07071754832	-0.02465093548	-0.008664434402	-0.06493185844	-0.01398635292	0.01249401916	0.06347410288	-0.02506338175	0.01744333242	-0.01153028207	0.009782851907	0.0047685038	-0.0083643935	-0.04296388225	-0.005878072988	0.05081637657	-0.02798912168	-0.04760034647	-0.03666928384	-0.02583561689	-0.05675719767	-0.05021978454	0.01069911858	-0.02068983853	-0.02143460369	-0.04538023779	-0.0507234061	-0.01918906855	0.0147597061	0.008241105032	0.1025536852	0.0423254521	0.00619228835	-0.04529097746	0.03098894755	-0.04028728154	0.008187849318	0.04542989486	-0.05750719666	-0.04807005704	-0.0171408304	-0.01534149258	0.03410412377	0.1738727515	-0.0656858364	0.0221114826	0.0367492309	-0.02337768201	-0.02375870109	-0.01886681513	-0.03689732105	-0.04713274989	-0.04396971509	-0.06224197942	-0.03965306995	-0.01552665645	-0.01628203845	0.04149288542	0.01510188497	0.03613904433	0.05029749764	0.0216674431	0.04773356493	0.04892496176	0.06080796705	0.0479608397	0.04443616902	0.0224809657	-0.01752302743	0.5015025007	-0.04709745379	-0.05763614828	0.001232209287	0.16613402	0.1459253802	0.1195361709	0.09047926272	0.1605929494	0.06889802181	0.02498023698	-0.003307830252	0.05837875147	-0.005928474727	0.1596760614	0.05240564056	0.06779606403	-0.05114218372	0.01562683411	-0.05396740287	0.05461202172	0.01274462913	0.04764499548	-0.06171009732	-0.04679624506	-0.04316764714	-0.0561793309	-0.04203628067	0.06887894856	-0.04865024141	0.09763119634	0.01864652639	-0.005830786836	0.04926872172	0.0418134276	-0.009349116854	0.02369264841	-0.02231375808	0.04253553848	0.04936716958	0.01726770266	-0.006758752325	-0.01702383669	0.01969704183	-0.02732678049	-0.01352754723	-0.00732244342	0.003003830413	0.01802320034	-0.05626486763	-0.04114669775	0.08546494415	0.05303768786	-0.02346854628	0.00901942862	0.01664179988	0.05431918765	-0.08279817908	-0.04260950669	0.06392132659	0.05151721858	0.006328554528	-0.04609433904	0.02831205224	-0.02301343994	-0.05139402338	-0.06553144422	-0.00698946875	-0.01773697308
0.1166502293	0.03340646464	0.0984426733	0.07747632946	0.002557304985	0.04151451367	0.06864648266	0.05294393074	0.0966359451	-0.1816887277	-0.1742236324	-0.1755690745	-0.1676670693	-0.1719765014	-0.1838655078	-0.1630282783	-0.181903103	-0.1790517405	-0.1780031275	-0.1675470854	-0.05359574678	-0.06973414204	-0.1685914305	-0.08268528033	-0.07422307937	-0.1822838344	-0.1757860994	-0.1788911074	-0.1788012171	-0.07185221463	-0.1812003454	-0.07463346438	-0.04418546375	-0.1382416808	-0.08153857567	-0.1740384658	0.06462838478	0.07832600501	0.08188529681	0.004785301289	-0.02817099954	0.02752643174	-0.1930594751	-0.06117668045	-0.1823031948	-0.02448310901	-0.04719686756	-0.02811985133	-0.06945332508	-0.06762141939	-0.05614410755	-0.06144334737	-0.1786407872	-0.1724573135	-0.1684806714	-0.07416983976	-0.07035813494	-0.05476891031	-0.1970692821	-0.1910554105	-0.1876602284	-0.05229968388	-0.1770883888	-0.05724478273	-0.05939362954	-0.05258482041	0.0176660188	-0.02540931265	0.04665285062	0.05198179012	0.08491608142	0.03495334686	0.03567903915	0.07259019262	0.105009103	0.1801263147	0.004021443942	-0.03016206523	0.09007607	0.08249586619	0.08853860825	0.06936015351	0.1797979208	0.00342271622	0.07514602686	0.2053115475	0.0970264083	-0.004089534997	0.07513081413	-0.06954233024	0.1380865247	0.02632017439	-0.04670718282	0.08382768306	-0.01612409233	0.02008931283	-0.000687527387	0.1459931395	0.1040475372	-0.002609520388	0.1543912047	0.08862275404	0.04567139912	-0.009594427172	0.02863200344	0.08422841949	0.02697490168	0.0590667114	0.008926288932	0.07671491256	0.1820589692	0.02450175606	0.06433656018	0.1449065752	0.2336797326	0.07211118145	0.004603187466	0.1347620634	0.1236488737	-0.01223492307	0.0511419132	0.02593875226	-0.02931254436	-0.1017094784	-0.04564842767	0.03291218881	-0.1883789753	0.06179677257	0.0200435649	0.01280756269	0.135635355	0.01913521587	0.1484065813	0.1635907405	0.01735318888	0.02493415072	-0.04988778841	-0.006383329805	0.02200467452	0.04844811792	0.02305646332	0.09334442432	0.1165827008	0.08776072501	0.121855189	0.1249269399	0.05822357551	0.04939542003	0.02845834889	0.1219980894	0.03098380571	-0.0577910768	-0.04495913648	-0.0436751579	-0.07615610914	-0.02562717468	-0.08261401245	-0.1134510773	-0.06131386167	-0.06467624735	-0.06173059993	0.01059296581	-0.04709745379	0.3012075802	0.09404934485	0.09899270583	-0.1097154096	-0.06286944514	-0.1150654413	-0.08805367878	-0.07877404225	-0.1025705968	0.004203230627	0.04453189503	-0.007664171143	-0.02833748356	-0.07359863869	-0.02260875877	0.03082336205	0.05656087355	-0.04720691337	0.0861972791	0.02027674649	0.02791519153	-0.0001426000039	0.04172083391	0.03393935142	0.09524533636	0.120148335	0.1852235216	0.09336467444	0.09794708775	-0.007724573145	-0.001519301431	0.05012777822	0.03197544964	0.03543286539	0.03075746344	-0.03594288475	0.1124587528	0.05006481656	0.05852825105	0.0511545874	0.09775034462	0.01543328461	0.01136764037	0.03507848895	-0.03182971892	-0.01155967642	-0.04329678939	-0.06938753187	0.1187602252	0.07696954773	0.09227481037	0.04439839447	0.06127990285	0.1176155854	0.1195010561	-0.07640305491	-0.1626416108	-0.1349447643	0.01191455817	0.01304013054	0.03980326927	0.189826209	-0.04690644942	0.05609067585	-0.03445781328	-0.1620214255	0.08361099419	0.02964706613
0.09300193126	0.08223956525	0.1125259748	0.1083290552	0.05635325821	0.002879655411	0.03312837834	0.08105637927	0.06335500182	-0.1887243894	-0.179809743	-0.1834947595	-0.1708821466	-0.1755041742	-0.183761808	-0.1719273339	-0.187950196	-0.1822747931	-0.1805754125	-0.1758158289	-0.04746724132	-0.05541083355	-0.1706401481	-0.08841324797	-0.07949461422	-0.1831735738	-0.1814117085	-0.1789590439	-0.1836549066	-0.0805284747	-0.1815929456	-0.07277414924	-0.02549256494	-0.1230904146	-0.05473719397	-0.1741355038	0.09858707016	0.1044900887	0.09656676702	-0.001128692045	-0.04538483671	0.07053734608	-0.1987655001	-0.07138639924	-0.191823913	0.03644587254	-0.06382418061	0.02970455674	-0.08157813277	-0.04972193818	-0.05740190938	-0.02686869421	-0.1799177101	-0.174442226	-0.1684849201	-0.08716909756	-0.0800471308	-0.041450304	-0.2008296732	-0.1929917581	-0.1894062284	-0.01930454101	-0.1774214647	-0.0344115808	-0.03050586954	-0.01663812794	0.03617947787	0.01873826168	0.06052003139	0.1694386408	0.09412216752	0.1066805156	0.103881541	0.1145070898	0.1028227305	0.08879196937	0.0386853078	0.002459654186	0.1500314247	0.09142233185	-0.03378440227	-0.003976117756	0.04370116679	0.008031267246	0.03852276001	0.0471814485	0.0427987141	-0.01659199857	0.004579862773	-0.04780577579	0.03065083065	0.008179124316	-0.001554312853	0.1157299706	-0.006758392747	0.02072451445	0.006158073209	0.01553198664	0.1015619286	0.05394431829	0.01628799136	0.1063766622	0.05887162308	0.04669325473	0.02992266609	-0.003767765303	0.02089918	0.08741239728	0.09323253239	0.03020849005	0.09152520335	0.05787533823	0.1161662072	0.06640958079	0.08890805892	0.06534423334	0.0004472768583	0.05802125853	0.1068912012	0.0007605544293	0.005640365782	0.07768954382	-0.001639455083	-0.07362465388	-0.007208078723	0.03824021457	-0.194383036	0.05387268769	0.02344253503	0.007589779221	-0.005855661703	7.756508954e-05	0.032340994	0.05486817041	0.04108936624	0.06883064394	-0.01402073039	0.007598423812	0.02152397421	0.06202163968	0.02851957186	0.05602133314	-0.01709344326	0.08769601001	0.1041362923	0.1039632533	0.0896429157	0.03072425747	0.02004171723	-0.01901924831	0.04800841075	-0.03959540297	-0.003401210843	-0.0508251825	-0.02885456778	-0.02891934267	-0.05208753249	-0.1057239379	-0.03942232115	-0.02261160503	-0.05357533173	0.03288053414	-0.05763614828	0.09404934485	0.292835973	0.03143333468	-0.08452264162	-0.00756296877	-0.08094552993	-0.04546557106	-0.03230234421	-0.097280712	-0.04121281814	0.1034547492	0.01648334489	0.03587150119	-0.01759548685	0.05142131312	0.1056989539	0.07140069544	-0.03421173858	0.05629700663	0.1007612822	0.104387131	0.03474616941	0.0469015035	0.002638426208	0.1148560933	0.09043873521	0.1179374136	0.02256938624	0.132244598	0.06122715551	0.03019545924	0.09501032426	0.08842168576	0.02709970559	0.06072408672	-3.424950925e-05	0.1387954475	0.04965530179	0.06091310057	0.01400417574	0.1276666282	-0.007998942752	0.05920483283	0.05312083647	-0.04492800271	0.02673074695	-0.02321469006	-0.06275227575	0.08082730875	0.0710117862	0.04288336158	-0.04632536809	0.0838787809	0.008036237899	-0.01606522465	-0.04652607129	-0.1659610083	-0.1218131466	0.07663542623	0.01433692576	0.08949053895	0.1176554833	-0.06278791189	0.04430654115	0.01050850092	-0.1723197484	0.08714817863	0.1147566523
0.07276360474	-0.01452099882	0.02930686073	0.06477707266	0.01690063322	0.0578866408	-0.0009658219826	0.01218128928	0.06014474505	-0.1825653207	-0.1752643592	-0.1779143813	-0.1662884385	-0.1755571397	-0.1770487136	-0.1644465453	-0.1829071681	-0.1763188093	-0.1677235504	-0.1701735535	-0.01648341612	-0.03002336437	-0.1551628111	-0.05747665027	-0.04608023257	-0.1760777758	-0.175607253	-0.1787228507	-0.1818254734	-0.05257874905	-0.1745645156	-0.06069205441	-0.04406352203	-0.116612832	-0.04475412154	-0.1679958322	0.01051230503	0.04010351942	0.02122640885	0.005003493188	-0.001928980798	0.05059507477	-0.1965650107	-0.0471646929	-0.1834895482	0.01400772346	-0.04275377462	-0.01900603309	-0.04806175206	-0.03211526611	-0.04217615487	-0.06000015345	-0.1754375013	-0.1749187865	-0.1630836054	-0.05480783661	-0.04949297785	-0.02765488084	-0.1966089435	-0.189056368	-0.1840084721	3.011723794e-05	-0.1770101329	-0.02984366816	-0.03001625781	-0.05361091269	-0.04226881076	-0.03965881844	-0.01017732376	0.02588241565	0.0206545388	0.03480014585	0.03333637873	0.04483473992	0.02150851323	0.1008942885	-0.0197092551	-0.03976629725	0.01635450688	0.03292642988	0.106583196	0.05458253358	0.1162043589	0.007269093398	0.1011610091	0.07851118762	0.01954746382	0.07572959693	0.1881313519	0.02558827445	0.0407932258	0.1430138548	0.01467575674	0.04322902417	0.0476460296	0.1537697345	0.1231254933	0.1673349974	0.0486789452	0.05582012105	0.1412537544	0.027276205	0.00267759755	0.008177345785	0.01796955987	0.1118248154	0.1171389514	0.02938246302	-0.003222826823	0.09056649781	0.07282047323	0.05279638482	0.007246241205	0.06760832293	0.09181149808	0.02955973261	0.1118871065	0.1168940563	0.03784859465	0.09609904122	0.1917723591	-0.0112648351	-0.02050518963	-0.01539259916	-0.02527674896	-0.06021200729	-0.192459807	0.04135318102	0.1308929625	0.1035513444	0.1451210642	0.1666763513	0.1304997685	0.09838483203	-0.00288323372	0.1307829105	0.01645948062	0.1270425942	0.04869331348	-0.02323426602	0.007057871275	0.03172556152	0.07530309278	0.04315400021	0.03431600674	0.03744248693	0.00180797343	0.05124865946	0.01505036881	0.09152267661	0.01604871983	-0.01399290334	-0.03896672714	-0.02504580941	-0.03612159613	-0.03616507983	-0.06094518468	-0.0679470405	-0.03615519572	-0.01007882478	-0.03085557002	-0.008508210056	0.001232209287	0.09899270583	0.03143333468	0.3276450693	-0.06465920516	-0.01435752238	-0.02981012251	-0.02615700919	-0.03042617494	-0.02043865078	-0.01188848992	0.02599915684	-0.01360705185	0.07356643638	-0.009902376337	0.0172790263	0.00327039176	0.1249096323	0.06168068476	0.07047283321	0.02738237351	0.05355542146	0.03029599892	0.0650554506	0.1056654125	0.06945194205	0.06344952771	0.08848165948	0.08325218789	0.04155535519	-0.02337193338	-0.03208079767	-0.03433402411	0.04503090373	-0.03131928632	0.0161765133	-0.05194256492	0.04281109211	-0.04832745091	-0.008749783998	0.07213041509	0.03362657027	0.02020698413	0.05479064837	-0.02163681657	-0.03027355792	0.005721033986	-0.03309282832	-0.02903671401	0.06234730529	0.004631628015	0.08040687077	0.04240639943	0.1044892967	0.11274917	0.07559588648	-0.04746381502	-0.1519137031	-0.1217312531	-0.0189091401	0.003862639191	0.04523116043	0.08763716512	-0.04840478398	0.004218911796	-0.02478961355	-0.1559032692	0.04101445764	0.01008528748
-0.0769105101	-0.04976400366	-0.06520468867	-0.104478926	-0.05551168276	-0.05520034706	-0.03533957942	-0.04883702115	-0.08204740077	0.053764618	0.049968314	0.05962720757	0.06111594215	0.04726582973	0.07745103746	0.06588376975	0.04495285044	0.06078119891	0.09518359428	0.04511994426	0.02855119291	0.005433907193	0.06747528248	0.03162677299	0.04058610728	0.04587056217	0.03760528081	0.06010238714	0.05631207736	0.04225531166	0.03199933512	0.06449633275	-0.01208127148	0.1294983368	0.003411075954	0.04932882879	-0.08891592181	-0.09619165873	-0.1150372021	-0.05099543175	-0.03563629197	-0.07084058718	0.07069519986	0.08815640793	0.06755031773	-0.04033962847	0.02993599117	-0.01843001562	0.08994586509	0.05026093846	0.02888367634	0.002184262069	0.07602022081	0.05321873479	0.05638308637	0.05194974635	0.03523183561	0.01482103557	0.08758368575	0.07941475935	0.09069059872	0.01187480736	0.05799668499	-0.00410323254	0.01464325589	0.02986432703	-0.009107703017	-0.07923008218	-0.08387424421	-0.08437563516	-0.06168240009	-0.07091523959	-0.07015453412	-0.02183737175	-0.04936008195	-0.105423798	0.0119328606	0.01419762072	-0.09223592794	-0.1033698027	0.01060439357	0.01096711305	-0.09631979422	-0.01171536735	-0.07716817592	-0.07910051836	-0.03675125328	0.007419686945	0.009240852878	0.05380744959	-0.04418983337	0.007109164644	0.03072967397	-0.1157429852	0.02745934845	0.01450414679	0.01827041722	-0.01967917764	-0.1063877562	-0.03486052237	-0.01360575502	-0.05641395017	-0.05706628078	0.02702803431	-0.02868996458	-0.0208730117	-0.027882484	-0.05253700246	-0.01814975506	-0.04577238442	-0.08241034093	-0.05488947529	-0.06221350129	-0.06066546643	-0.1012482682	-0.008579244306	-0.02285859741	-0.08876805273	-0.09692756562	0.02802489017	-0.007734248199	-0.04264520132	0.03274906566	0.1017965723	0.089219949	-0.02091958578	0.06896632204	-0.03582539612	-0.03246393321	0.01126787507	-0.03263018102	0.007587195478	-0.07334929874	-0.03536449397	-0.08689509595	-0.05626975259	0.08251037402	0.01774608773	0.004446693417	0.02459040959	-0.02969319544	-0.0531067455	-0.02529808241	-0.09071822662	-0.09504717441	-0.09541904675	-0.09585188988	-0.01260548985	-0.03400154334	-0.02604595677	0.01781420329	0.07179868121	0.1353176294	0.1180223291	0.1648509842	0.02888043662	0.1144256429	0.238002223	0.1517064501	0.1694634061	0.1545199771	-0.04155964805	0.16613402	-0.1097154096	-0.08452264162	-0.06465920516	0.6132157952	0.09537828666	0.1191904448	0.177387001	0.1451856613	0.2142163128	0.04347192905	-0.04088844055	0.01335569589	-0.0006272204353	0.105223245	0.01532162608	-0.05016247263	-0.07902166435	0.03106351247	-0.04329066712	-0.07094338173	-0.08657071365	-0.01719260014	-0.06185392389	-0.01911641656	-0.07795122627	-0.1002148871	-0.09856379592	-0.02153154642	-0.08924308511	-0.03351872566	-0.03392373948	-0.04590049787	-0.04394948694	-0.02798411518	-0.01415693356	0.01428045962	-0.05952230235	-0.01055202282	0.01648134021	0.02421241008	-0.03456907557	-0.03592478763	-0.003646851025	-0.09416278312	0.02027446952	-0.003407700035	0.01893296518	0.04871848314	-0.09871882027	-0.07555989446	-0.03968315256	0.04001045199	-0.1099864225	-0.002389947492	-0.02868000853	-0.008258014022	0.08837232539	0.1300065482	-0.04414142634	-0.06311168981	-0.04191550895	-0.1095795228	0.03205529277	-0.01450464441	0.001058911216	0.09750185375	-0.06993312284	-0.04490635011
-0.0734298993	0.06380863978	-0.01024604432	0.01273334569	0.01004595879	-0.007857530057	-0.00139030104	0.004112865993	0.01236225629	-0.09174684873	-0.1158586663	-0.1121476275	-0.1140755463	-0.108752236	-0.09246573647	-0.1190926549	-0.08313662269	-0.1114907524	-0.07328523816	-0.09384021075	-0.01622587605	0.03115809886	-0.09747567982	0.006567856253	-0.03367301623	-0.06452545101	-0.0742601394	-0.1017531907	-0.05541783501	-0.009670489149	-0.07513683293	0.0432895297	-0.01135477202	-0.06413853697	0.04024462439	-0.1094291356	-0.05090295577	-0.05595671702	-0.04528163116	-0.07446384216	-0.009306341311	-0.060028174	-0.07793193746	-0.01650968696	-0.07349063396	-0.04772221032	-0.02700724915	-0.01453612015	-0.02691534562	-0.02131513388	-0.05008339557	0.03576080077	-0.09287621903	-0.1100847851	-0.09583359213	-0.01232640953	-0.03030860567	-0.03685648326	-0.0573271899	-0.07437905693	-0.06281450394	-0.01075343729	-0.09706607522	-0.02234359422	-0.006746988142	-0.001442862413	0.02034815574	0.01052884197	-0.005070399501	-0.0002795178969	0.06447503572	0.0366231358	0.03494308945	0.06085284782	-0.01246145744	-0.08029949374	0.01074782642	0.1034807457	-0.03308053752	-0.02500638948	-0.02968542203	-0.04419624456	-0.03313050773	0.03327024968	-0.06215525546	-0.01663032988	0.02830815386	0.004376746697	-0.03390616697	0.01529801753	-0.01691414845	-0.02428907616	0.0247339503	-0.04637006738	0.02785599282	-0.04407665128	-0.01794421965	-0.05359643131	-0.004028714331	0.1323018914	-0.07195586059	0.01985271818	-0.05041632133	0.1225679232	-0.009241689117	-0.06364322358	-0.053152702	0.01446146803	0.07834270397	-0.0415864071	-0.007305610493	-0.04534675781	-0.02544669467	-0.08679962419	-0.06114960648	0.0267961917	0.01700315491	-0.02822081017	-0.06625968129	0.02935440603	-0.05671634841	-0.02075533511	0.037097915	0.08465222091	0.08421420994	-0.02299527508	-0.07751775962	0.02444764281	-0.04861409736	0.01369614766	-0.01148765719	-0.01704020594	-0.05006309054	-0.08579944102	0.01600938062	0.1392121699	0.3629310852	-0.01843701271	-0.02190040919	0.08207901953	-0.0445761096	-0.05606182223	-0.02950899572	-0.02615595766	-0.06687988162	-0.06711978281	-0.01328753338	-0.03150610778	-0.03990882533	-0.03124127473	0.04136239889	0.04167358227	0.09430763904	0.07050915207	0.08596426619	0.02448810092	0.04244028847	0.06299980395	0.08750682475	0.07346304762	0.1094305206	0.00369683974	0.1459253802	-0.06286944514	-0.00756296877	-0.01435752238	0.09537828666	0.4731277154	0.2656330232	0.3422830925	0.3953388875	0.1452260434	0.06565197758	0.01222124019	0.0288446356	0.04068957271	0.4606528814	0.1351356828	0.1081634138	-0.03568339205	0.02274645337	-0.06482830739	0.1005363076	0.0987928608	0.09424992862	-0.02882222139	-0.01354191071	-0.001486686833	-0.06123192118	-0.06843018102	-0.01786628327	0.02140249296	0.1272317701	0.03186918897	0.011569506	0.01578676323	-0.01412688493	-0.01164823277	0.008350402519	-0.03320627267	0.05888108484	0.04666527798	-0.01499516003	-0.01268036318	0.00838810057	-0.008376512245	-0.04272384621	-0.005836532331	0.02983012006	0.01701953689	-0.02019709445	-0.05596775939	-0.0390556366	-0.005879519875	-0.03061199834	0.06226062895	-0.005505717636	-0.02260256612	0.01716383875	-0.1223008016	-0.05957440905	0.08163728358	0.0329058577	-0.02198259315	-0.07747482768	-0.01639107267	0.01251392524	0.01652079924	-0.1069135478	0.02515940428	0.005896333744
-0.09822257319	0.01942662702	-0.1044267904	-0.008888929066	-0.02138864504	0.02784001178	-0.04276240025	-0.07115483936	0.0009020425009	0.03524991486	0.01013866807	0.01554611147	0.000744744477	0.01355153316	0.03402907924	-0.01067746197	0.04014174365	0.01217217235	0.03287985967	0.01763753413	-0.01233758342	0.0350107318	0.01968242613	0.05340531948	0.02452768145	0.06098417831	0.04322389613	0.01690875763	0.06445070424	0.03955879579	0.04632914684	0.05726264176	-0.03370232063	0.0295326216	0.0380520816	0.01602606865	-0.1121382065	-0.0930448284	-0.09508252878	-0.06251654926	-0.01125058975	-0.08172384083	0.05610709984	0.01049580751	0.04151853641	-0.07305478358	0.009796944399	-0.03267970359	0.02010369858	-0.0142718242	0.008057353255	0.05148637277	0.02484331819	0.014787122	0.01102501086	0.04160729863	0.03149553984	-0.01960980621	0.07406719694	0.05504041719	0.04458741053	-0.00361492025	0.02371256114	-0.03281598776	-0.003888017237	0.01275229246	-0.009777136492	0.04255520266	-0.06623056085	-0.066513874	-0.021497728	0.02455955626	0.02370508334	-0.03807312586	-0.05310377527	-0.1070609499	0.01799721781	0.1113563958	-0.1030312311	-0.07212586133	-0.02768758226	-0.03580281134	-0.06907044414	0.02515028231	-0.0318358699	-0.07794098895	-0.05649182189	0.01849053404	-0.07318598673	0.1186033919	-0.0950628151	-0.0296151409	0.04116069873	-0.0855600378	0.06037290131	-0.05286300782	-0.01431089316	-0.09972547795	-0.06802730693	0.1347515217	-0.09270867316	-0.07808155105	-0.07051194154	0.09944946426	-0.04493830593	-0.03225142447	-0.04274483815	-0.03728935231	0.01340962403	-0.06249332911	-0.06516310774	-0.07640588849	-0.06525876139	-0.0770206634	-0.1041408856	-0.0009907802151	0.02912587237	-0.1042431794	-0.1307635579	0.0278383149	-0.06123368884	-0.02043380675	0.05274710422	0.1389000666	0.04766010059	-0.03143383712	0.05489151225	-0.07311904461	-0.03808997776	0.009755209881	-0.05502420389	-0.01754997385	-0.1002194284	-0.10933349	0.01323183493	0.05101828301	0.2105102042	-0.01469669729	-0.04737686467	0.0301754417	-0.08927819783	-0.103782461	-0.05042617477	-0.07074858975	-0.1267586884	-0.1255137626	-0.07780040341	-0.03158843951	-0.08257218836	-0.05054610033	-0.00367963121	0.01323781029	0.09082030913	0.04775094759	0.1321398273	0.01990007558	0.1478796054	0.1400752433	0.08649153187	0.09182832367	0.08153144381	0.009126903676	0.1195361709	-0.1150654413	-0.08094552993	-0.02981012251	0.1191904448	0.2656330232	0.579292294	0.2678658338	0.3008121977	0.3338909776	0.06814622823	-0.04987507625	-0.02011872498	0.0375563643	0.286104855	0.05010959281	0.02324762598	-0.05568023705	0.07215430618	-0.05925082224	0.02574570974	0.05519514455	0.09961306451	-0.06207347141	-0.02664271671	-0.06902852434	-0.110790291	-0.1062574137	-0.05610743285	-0.0377411456	0.06171723924	0.04101611309	0.002533035768	0.02323172726	-0.02629035065	-0.06022133843	0.02664508383	-0.04320650402	0.03368638635	0.05580597762	-0.006079265969	-0.06544218636	-0.03724110544	-0.01804535366	-0.0362736075	-0.02060580144	-0.04031781442	0.01779779407	-0.006280478921	-0.1054610248	-0.09372023055	-0.04779324709	0.0128515433	0.0509088319	-0.0202543997	-0.03935595282	0.01102020195	0.001514003816	0.03429265946	0.02607282146	0.02062417892	-0.08975671293	-0.104311586	0.005685724642	-0.01648399298	-0.01935596781	0.01386916641	-0.06657162394	-0.0357482942
-0.08704107525	0.02134241506	-0.04280891063	-0.01361675129	0.0009322881985	-0.02036989273	-0.01621038692	-0.01755153685	-0.003782079897	-0.05673055243	-0.04762384685	-0.0442874281	-0.04800580098	-0.0460821435	-0.02924791003	-0.05293574213	-0.0461353091	-0.04358913217	-0.01716189482	-0.05795607296	-0.01022177773	-0.01351844904	-0.03362047366	-0.0153275493	-0.0007930848469	-0.03652705014	-0.0466034781	-0.04449935125	-0.03239992277	0.02051868526	-0.05056502418	-0.0005465857699	-0.02182179124	0.02132216629	-0.009934328741	-0.04789224346	-0.07564862341	-0.06989742354	-0.07053408934	-0.06032601425	0.000715109853	-0.06217791956	-0.0427403725	0.006153921614	-0.03698446	-0.04621572217	-0.007908268103	-0.02942252983	0.02940564384	-0.009324376839	-0.01909175592	-0.01444943298	-0.03187435095	-0.04752251241	-0.03276640694	0.02086675401	0.005629731184	-0.01961790692	-0.02209671906	-0.04106556201	-0.02498352937	-0.04799968317	-0.03902280878	0.0002343186413	0.01029545157	0.0008643285231	0.01035404994	-0.04820733362	-0.03029845463	-0.03361875491	0.04334979862	-0.05101487331	-0.04959188727	0.04332617146	-0.01223702781	-0.1092772048	0.01568760492	0.05439492187	-0.0547540521	-0.05477611476	-0.01167427663	-0.01728333965	-0.09449542844	0.03431571675	-0.03304218816	-0.08510371746	-0.0405322929	0.0386610027	-0.009481436578	0.04808388361	-0.06857026571	0.003808304833	0.04296975545	-0.0715813605	0.07952414539	-0.01723156058	0.02341939159	-0.04561839568	-0.08577093798	0.04621955287	-0.04836500291	0.004428536541	-0.0659038365	0.1110959044	-0.02437542252	-0.03784887102	-0.03411341738	-0.01333591677	0.02832969617	-0.0535998972	-0.0282742092	-0.03863611801	-0.03922008785	-0.07556514346	-0.06217382317	0.023686173	0.03708145915	-0.06240252819	-0.08972155681	0.06974494435	-0.0263778277	-0.05141493401	0.02722443459	0.1051811737	0.08889452326	-0.02809108243	-0.04171967598	-0.01488516214	-0.02939300437	0.02432958934	-0.05618432663	0.02160967425	-0.04101798864	-0.08105413479	0.01133096639	0.04292341202	0.2830739571	0.0231288797	-0.05548288571	0.0630373284	-0.04817358922	-0.04879973799	-0.0131084383	-0.0537519533	-0.09798263173	-0.09829383096	-0.03871514992	-0.01552035954	-0.05488413022	-0.01398651541	0.05153069145	0.06308343352	0.1387508757	0.08857701832	0.1582453012	0.01286746878	0.07370592662	0.1404905948	0.1449014436	0.1407074484	0.1268726916	0.01295197096	0.09047926272	-0.08805367878	-0.04546557106	-0.02615700919	0.177387001	0.3422830925	0.2678658338	0.5149780471	0.3634257889	0.276715755	0.0714447366	0.009868065381	0.02687901948	0.0331699232	0.3638449149	0.08518580179	0.02788687579	-0.05108307428	0.04003154117	-0.0600724372	0.02614164582	0.01075618184	0.09433425939	-0.02145050242	-0.002973586797	-0.01518248494	-0.09028861147	-0.09830906264	-0.05424186437	-0.003349385388	0.02781815477	0.01609447374	-0.01260661421	-0.0001958509085	-0.02553612981	-0.003102791814	0.01586525009	-0.04455907734	0.05173929819	0.04849797449	0.01471782338	-0.00821958671	-0.003432622426	-0.01131825617	-0.06776861465	-0.003396241545	0.01527365879	0.02370424688	-0.005959864985	-0.08467825692	-0.05859308795	-0.05751131445	-0.02278244423	-0.02473776944	-0.02733334068	-0.02319837763	-0.02734782965	-0.04166333059	0.02581155647	0.00360101044	-0.04900328806	-0.03041144793	-0.09983731771	0.008165843576	0.00773681884	0.02024303243	-0.02484230419	0.003806623659	-0.01765897666
-0.08311434758	0.03870649125	-0.02911334654	-0.01255476701	0.002114383766	-0.01225355793	-0.01219133497	-0.02159603403	-0.004116025088	-0.05515710592	-0.07850371989	-0.07561228772	-0.07865199443	-0.07146138341	-0.05754354789	-0.07946201786	-0.04462424604	-0.07492342195	-0.0434360314	-0.05558247103	-0.002898376902	0.0515093998	-0.06298161532	0.03492601747	-0.007014369805	-0.03747517502	-0.0441008755	-0.06591704662	-0.02329140696	0.02169622917	-0.04964419345	0.06738064203	-0.01847382739	-0.03063353055	0.04844444549	-0.08283311184	-0.07456633399	-0.07127544852	-0.07252524098	-0.06485461901	-0.01040658665	-0.06390172636	-0.04201824991	0.01064748269	-0.04463256087	-0.03812266606	0.005501052482	-0.01945618387	0.00125763214	0.004819292451	-0.01750669025	0.03425472467	-0.06272805544	-0.07759191982	-0.06653823434	0.01817480067	0.0001558422114	-0.01666994092	-0.01437757834	-0.03917429616	-0.03189184727	0.005677508061	-0.06193534797	-0.003338351734	0.01208527772	-0.0007474291096	0.01841863661	-0.004395859208	-0.03762704187	-0.03336823872	0.03874299166	0.01099811868	0.01042990557	0.05331676584	-0.02125092017	-0.09620144467	-0.006066838694	0.08464759358	-0.05062187643	-0.05263834	-0.04026714631	-0.03565502139	-0.04461885036	0.01897752473	-0.04899610051	-0.03272826955	0.03516263421	0.01221875063	-0.02832557102	0.01464856273	-0.01246619375	-0.0279242902	0.04035429795	-0.07357535816	0.03670963331	-0.05033746847	-0.01395555843	-0.05752502234	-0.03258259827	0.1073240193	-0.04632916096	-0.006773107239	-0.06941481625	0.09289484508	-0.01162898649	-0.0665622408	-0.04468341303	-0.01471562296	0.06925415049	-0.05656557854	-0.03352798092	-0.04653799186	-0.03219497905	-0.08150240944	-0.08337806073	0.01946402882	0.02638732302	-0.04537812689	-0.08687962104	0.02390884691	-0.05245254405	-0.03999548129	0.0352401983	0.06975753932	0.07677347386	-0.03655813521	-0.04217585836	0.004157230212	-0.04130525244	0.009938606649	0.0001042081687	-0.00880552991	-0.06324984863	-0.07475947882	-0.003631280491	0.1393864939	0.3385936798	-0.01443715782	-0.006007068047	0.0515030837	-0.06321843496	-0.06341478145	-0.01154958717	-0.05944500342	-0.08850997518	-0.08879958416	-0.04586924493	-0.04402251548	-0.05885147007	-0.01202762356	0.04129467987	0.06084564018	0.08534300548	0.0707499156	0.08323075882	0.01252624222	0.03126268457	0.07387847139	0.09218725507	0.057126325	0.101243516	-0.009162446758	0.1605929494	-0.07877404225	-0.03230234421	-0.03042617494	0.1451856613	0.3953388875	0.3008121977	0.3634257889	0.5116302609	0.1904792912	0.05588125307	-0.004253633093	0.008816071796	0.03770919227	0.4166371462	0.1373200699	0.09362022784	-0.0593763735	0.01872207042	-0.06276191539	0.08491369976	0.07370766767	0.07533312513	-0.01363101325	-0.01394046945	-0.02936653766	-0.08038891811	-0.08336090709	-0.004731627429	-0.004088889351	0.1038554068	0.002099850315	-0.01404216719	-0.008967195033	-0.03122174085	-0.01109139785	-0.009978280424	-0.04865760067	0.02947757402	0.02740173498	-0.0150993609	-0.03862254476	-0.01162973545	-0.003048124636	-0.06991305251	0.009340379544	0.02412090212	0.01984413045	-0.0002651047099	-0.07498625432	-0.06745621018	0.007707959041	-0.04288971774	0.03521340501	-0.005774578507	-0.01530358128	0.02744841886	-0.09169874814	-0.02682350971	0.05975601571	0.01007205272	-0.03405290206	-0.09377971476	0.004995342666	0.009049303108	0.01246099983	-0.07264744262	0.005329923136	-0.01443112379
-0.08074734227	-0.04035328771	-0.0997791105	-0.07448239278	-0.08095541848	0.03032339512	-0.05855916439	-0.08859329317	-0.0233787563	0.06616519702	0.07589217571	0.08201754935	0.05829299809	0.0557523765	0.08669532602	0.05796005648	0.07725454308	0.06791439307	0.08656142597	0.05273772436	0.004156880938	0.001774036701	0.06654215131	0.04006894724	0.05180596345	0.06251958436	0.05419750225	0.07107036621	0.07144263656	0.06799312965	0.04857140867	0.03945576243	-0.02990594753	0.1004129558	-0.004905232338	0.06283311093	-0.1294509167	-0.1219116155	-0.1451619676	-0.07927116339	-0.03572062776	-0.1077155211	0.08328062591	0.04388338193	0.07363214496	-0.03380459802	0.02433624551	-0.03026059269	0.08550640004	0.02454965027	0.03621617594	0.008569396463	0.08219521414	0.05845936375	0.05474446422	0.07952311033	0.0669858561	0.007468042284	0.08723291639	0.07814309717	0.07055217118	-0.01700909748	0.07593907774	0.001318105018	0.02129859883	0.02158501688	-0.0323758107	-0.04516205693	-0.1089209574	-0.1225245342	-0.07817339476	-0.06579906885	-0.06780698959	-0.08593064104	-0.04471284576	-0.08530953968	0.07273497171	0.02158629038	-0.100137726	-0.1122373319	0.02145952541	0.03083324356	-0.1021287063	0.02177786056	-0.02160780991	-0.09663272237	-0.04799037268	0.0761717717	-0.02490694575	0.1724766576	-0.06765797599	0.02571806855	0.01196512688	-0.1303281534	0.06208759124	-0.006541644858	-0.002545887123	-0.05274057229	-0.1160945368	0.00437979883	-0.06594629435	-0.1347881713	-0.09203770141	0.07670018137	-0.04165497946	-0.03376559031	-0.008031237985	-0.06930391501	0.009320199308	-0.03267946325	-0.1300350101	-0.1004270997	-0.06450871941	-0.05830063547	-0.1021692594	-0.0476024954	0.02497130986	-0.0511957757	-0.08206274655	0.03828662038	-0.0002839417306	-0.0152940434	0.04314559218	0.1392145074	0.0358975586	-0.01710220663	0.08238180385	-0.07803317037	-0.01139808733	0.04918433761	-0.06651703495	0.009045453312	-0.07627413706	-0.08021076645	-0.05264286948	-0.04766171809	0.1657001497	-0.002868290648	-0.05666813247	0.03078974853	-0.06256971615	-0.05458779121	-0.02986493625	-0.05183060024	-0.08303020828	-0.08337790191	-0.1257508373	0.0233155437	-0.07942358289	-0.03096027782	0.00582861722	0.01190738537	0.07983610898	0.09332156264	0.1549895704	0.02759980543	0.1508775036	0.2529334862	0.1556583066	0.1463806075	0.1246708982	-0.01367137509	0.06889802181	-0.1025705968	-0.097280712	-0.02043865078	0.2142163128	0.1452260434	0.3338909776	0.276715755	0.1904792912	0.6026841096	0.04079695273	-0.1059676415	-0.002508737492	-0.0223292965	0.1637388244	-0.05423274043	-0.0983860336	-0.05065071094	0.1312031728	-0.02437698289	-0.08975843184	-0.08731023672	0.08922663574	-0.02332413477	-0.008825707507	-0.07749921025	-0.1017411366	-0.08056452079	-0.09362854765	-0.1099624684	-0.03303345212	-0.007968669243	-0.03293886152	-0.04994841749	-0.0409572169	-0.08249836145	0.002863995346	-0.05557063236	0.04440711495	0.04866931586	0.02496772062	-0.07929454242	-0.04877815445	0.04824686147	-0.08866650254	0.01449350773	-0.03436821159	0.01105165858	0.02685057565	-0.09692365686	-0.1277336593	-0.06538272459	0.04920721528	-0.07269820422	-0.04758698836	-0.01761727104	-0.03164097617	0.07816940361	0.09845864384	-0.07707092794	-0.05334402417	-0.1145001845	-0.08000128331	0.0439529255	-0.01937307571	-0.04804521943	0.0858283276	-0.1058094429	-0.01535163125
0.02681866738	0.008125208392	-0.04406588206	-0.005151720413	0.02589783519	-0.008800637783	-0.02880382241	-0.04419367263	-0.00414435929	-0.09123984841	-0.089779778	-0.0857650275	-0.08567843838	-0.06852813009	-0.07613226433	-0.09000884765	-0.09061607836	-0.08987824078	-0.08517267769	-0.09831890365	-0.02238721004	-0.05193498243	-0.100242161	0.03605893477	0.05341491124	-0.07750072836	-0.07107530572	-0.06993403045	-0.07805191488	0.03959785285	-0.07315698592	0.03157355803	-0.044511629	-0.06373038373	0.0182309848	-0.06817203619	-0.06132603293	-0.04319601137	-0.02993467421	0.01151292047	0.03151901517	-0.04349318193	-0.0707659853	0.009080701305	-0.07319581775	-0.07658595877	0.03465069912	0.001267158784	0.012064255	-0.03568519365	0.02506750964	-0.01661082853	-0.07386948311	-0.06861384914	-0.06519468407	0.0475898329	0.04609049331	-0.0502030445	-0.07667421423	-0.09857983234	-0.06932039871	-0.05820353997	-0.06213315783	0.02280073683	0.02387131131	-0.002609446828	0.02329217983	-0.02278827	-0.03400416377	-0.04263959443	0.001319274567	-0.02911527162	-0.0232190008	-0.03802698519	0.03332773945	-0.03265469461	0.07566099883	0.1366276537	-0.05174469844	-0.03418096378	0.1081481696	0.05358233229	0.02107627504	0.075787007	-0.005522119074	0.01722223711	-0.02054048573	0.04089933883	0.008151226173	0.04087057525	0.0001259463585	-0.01380527947	0.06518188171	-0.02748318544	0.0428137257	-0.01274143961	-0.01887986568	0.05590627857	-0.06102258563	0.05399204518	0.02013593782	-0.001131506756	-0.01017704216	0.1327281009	0.04189307044	0.06816176942	-0.03034391805	-0.001408721725	-0.01107128721	-0.03140953711	0.04141084173	-0.0254115439	0.002570597409	-0.01993703042	0.03067151053	0.03375316474	0.002959951304	-0.04701645535	-0.06635772303	0.02752180085	-0.002156196287	0.01404531978	0.06844871319	0.09549772694	0.1074266319	-0.02439628162	-0.07016256031	0.03185886715	-0.0287268556	0.01365247424	0.02828998811	-0.008614972331	0.07804808285	0.06648835246	0.007369185581	-0.04135521232	0.07281659654	-0.01938044587	-0.03135849725	0.03424463355	-0.04596790551	-0.05606935389	0.05866028874	-0.02502313818	-0.07394289242	-0.07260497725	-0.04450543984	-0.00162259636	-0.05422371586	0.06197729066	0.03742500433	0.01858330317	0.05237062703	0.04070582697	0.08194173669	0.01785454423	0.07008957448	0.07881837457	0.07601686683	0.04547302079	0.07960817235	0.03094788915	0.02498023698	0.004203230627	-0.04121281814	-0.01188848992	0.04347192905	0.06565197758	0.06814622823	0.0714447366	0.05588125307	0.04079695273	0.4568978506	0.05651936409	0.06582324276	0.08767066547	0.07318198801	0.05008388995	-0.01969966829	0.005479960688	0.01414313405	-0.0360856351	0.01874300352	-0.001794879883	0.1320913509	0.02680599075	0.01253005979	-0.006083272932	-0.07481571837	-0.02098963677	-0.008634735668	-0.04367571924	0.005140252531	0.04676603844	-0.0275145176	-0.04677894825	0.002051018925	0.05105688106	0.06877115116	-0.009657127454	0.06960469068	0.06559749648	-0.02538878682	0.0005888932609	-0.01206649553	-0.02831920801	-0.02040982883	0.01908537624	0.02482206892	-0.007010394199	-0.03168229957	-0.06446417237	-0.03494977487	-0.03157582518	0.09747920428	-0.002650211466	0.04023024412	0.06115284283	-0.0486645388	-0.1158469936	-0.06463838503	0.05313362445	0.07714592179	-0.03694213085	-0.040431759	0.02707737489	0.03046284859	-0.02521670141	-0.0960978415	-0.01704804241	0.003753716149
0.04759989621	0.07027012655	0.1290439898	0.07383969156	0.03257346666	-0.006558987582	0.01592966243	0.07921923584	0.04559936877	-0.1852366829	-0.1747289091	-0.179118263	-0.168585196	-0.1761744478	-0.1814793334	-0.1693037411	-0.1845572024	-0.1770085412	-0.1789919087	-0.1727645643	-0.04109208674	-0.04762060639	-0.1714303733	-0.06630942117	-0.04939040356	-0.1853607936	-0.1828538286	-0.180232972	-0.1880730662	-0.05478067064	-0.1840923367	-0.06099439939	-0.02792507028	-0.1188641793	-0.0675118822	-0.1776755969	0.06902115986	0.09188789595	0.09865696918	0.03002376082	-0.01131354764	0.0784391973	-0.195347567	-0.03881322954	-0.1922264017	0.01557958504	-0.06125118249	0.01082231496	-0.06298475733	-0.05538257523	-0.03242396618	-0.02414514142	-0.1788557557	-0.1778690631	-0.1725037325	-0.05995811342	-0.05525732869	-0.04826702327	-0.1924395136	-0.1857596062	-0.1825770346	-0.04380670055	-0.1770623475	-0.02442684451	-0.01785865915	-0.01043319191	0.04653205112	0.03694162777	0.05926269331	0.0928810637	0.1079780352	0.03761673437	0.0401671841	0.1104978647	0.08889202726	0.04666266238	0.00633624236	0.06703775472	0.08112239895	0.08968131027	-0.02739570393	0.003726744764	0.05635117207	-0.002530149218	0.06351119819	0.02511479303	-0.002419119701	0.01720687064	0.04185688591	-0.06357913331	0.002951347588	0.02351307696	-0.02190307007	0.1009631999	0.01002002018	0.02074364376	0.02605807239	0.02308321549	0.06036561553	0.03224140695	0.031031274	0.2211645254	0.04507288943	0.006523769314	0.0177009905	0.0182795426	0.0214718733	0.05126817399	0.01699403444	0.01646012163	0.08474383919	0.06633062054	0.04731530095	0.04143432737	0.06679818858	0.01642046778	0.02916138324	0.02816177608	0.06293734073	0.02358927954	0.007461604204	0.05609316261	0.08175036036	-0.01387832654	0.0818689845	0.01995069296	-0.1910564219	0.1032315048	0.02521282912	0.003116397838	0.00569443484	0.003189244579	0.03934436194	0.05377511937	0.04083974049	0.03309983718	-0.01653848184	0.02754534984	0.01223542931	-0.001856222466	0.03260926562	0.02895147499	0.02616398391	0.0594947314	0.06147810753	0.06325420188	0.09077136346	0.02815695226	0.03200176042	0.03130086608	0.02606256015	-0.03246075131	0.04003250898	-0.02797510963	-0.009798053616	-0.0237173546	-0.04165955607	-0.07796969221	-0.03445343817	-0.04113125481	-0.03248195442	0.02227217735	-0.003307830252	0.04453189503	0.1034547492	0.02599915684	-0.04088844055	0.01222124019	-0.04987507625	0.009868065381	-0.004253633093	-0.1059676415	0.05651936409	0.3236303376	0.09794437524	0.09166473009	0.002659530917	0.1178050357	0.1215867961	0.08154817404	-0.03296438888	0.03627812688	0.1197810808	0.1121766557	0.02590700589	0.0315971791	0.03638517384	0.1122225564	0.04703732957	0.04181071907	0.0581918856	0.08651904565	0.04042523027	0.09439906406	0.02662460795	0.0595143715	0.04084050122	0.1612192941	0.07211941329	0.03733480266	0.01193825719	-0.0144724519	0.01432431806	0.05736981001	0.01110105127	-0.00493817939	0.05909544832	-0.03763418081	-0.02700961113	-0.0286003905	-0.0590970962	0.05626287004	0.05872358884	0.01795851667	-0.03196986045	0.1077990754	0.01423774292	0.007766170552	-0.05565330287	-0.1629366523	-0.1106009429	0.09478637729	0.06080011478	0.09780984328	0.05079247214	-0.06691386744	0.04836117589	0.004605760849	-0.1680185773	0.1253426496	0.0410499671
-0.02994164127	0.05411067775	0.06675577436	-0.01739621878	0.000177971359	-0.01340093074	0.03849856936	0.01534881415	0.002121252903	-0.1080051775	-0.1037999449	-0.1044448008	-0.1080309812	-0.06853745645	-0.07093288549	-0.1179806731	-0.1048176885	-0.09213945918	-0.08256175975	-0.1234537848	0.04030470287	0.009808973498	-0.06358293336	0.008599108744	0.03362376087	-0.09221402022	-0.08645739302	-0.07882951897	-0.08670294698	0.01579543433	-0.08138159585	0.01115214187	-0.0003214631315	-0.05575348961	0.004575280527	-0.08550018478	0.003961381285	0.006395776144	-0.0002630344171	0.03079968123	0.03011771731	0.002889472725	-0.1157050296	0.006781262849	-0.09843194524	-0.001662840003	0.0111819268	0.0755024122	0.02178089479	0.01686423749	0.02767869638	0.002381491235	-0.08508554507	-0.06592486703	-0.08965384988	0.0235311568	0.02736861839	0.01570944266	-0.107334859	-0.1112356313	-0.1066903703	-0.03762766569	-0.06568233843	0.02026160305	0.01289359586	0.006182322473	0.07642072725	0.02971011169	0.01814803631	0.005730330945	0.03730734795	0.01145317303	0.01334486514	0.0290986871	0.07012855746	-0.006005505144	0.02146685471	0.06095366926	0.01455162836	0.003893491279	0.03009387474	0.01127676913	0.006998251988	0.02070546474	0.01484389948	-0.03020126659	-0.009439595333	0.0007583086068	0.01307940702	0.006816097176	-0.02976342082	-0.03026466685	-0.01223115138	0.006589533295	0.01402688354	-0.009132051009	-0.02941954203	-0.01536367433	-0.001601498957	0.03063253747	-0.02297973196	0.04793185439	-0.00488357793	0.05355780757	-0.02427693769	-0.03288340533	-0.02703014168	0.01729681577	0.04273149994	-0.03141691909	-0.01902896922	-0.01085589461	0.03863086426	-0.0205374738	-0.001849455308	-0.01299831728	-0.02147336514	-0.02373105636	0.007046841539	-0.005231323588	-0.02367937238	0.02319414077	0.05330219017	0.06094149494	0.06973572839	0.02420836219	-0.1141518347	0.0468942374	-0.02476736792	-0.01719413311	-0.02954800429	-0.02718553816	-0.01369919856	0.003529981735	-0.01768693683	-0.02932390542	0.02611178699	-0.02935120994	-0.009890567772	0.006808855293	0.03601810605	-0.01999563811	-0.006961695528	0.02108185435	-0.003867931541	-0.0006842856535	-0.003996493521	0.01501438364	0.03014071959	-0.002310705924	0.0248798511	0.00258798172	0.01900789285	0.05829317616	-5.340486227e-05	0.2093802184	0.02934724003	0.01877336159	-0.001083814199	0.01219850135	0.006826231209	-0.01638452836	0.05837875147	-0.007664171143	0.01648334489	-0.01360705185	0.01335569589	0.0288446356	-0.02011872498	0.02687901948	0.008816071796	-0.002508737492	0.06582324276	0.09794437524	0.3998788976	0.03005281341	0.01920047726	0.04055596811	0.04520856664	0.02992010913	-0.01589946177	-0.01875678282	0.05220701876	0.01960235293	0.03302178308	-0.008741950496	-0.02589050969	0.03616827841	-0.02106174619	-0.02209887268	-0.01679725521	0.003050413338	0.01507853062	0.04153734423	0.002813382794	0.004404043085	0.03828509291	0.07897409325	0.05992804148	0.03955492551	0.07260203848	0.06080827252	-0.00859688269	0.01874036809	0.04314704412	0.0007510260445	0.03792539479	0.01826114997	0.01666968884	0.01257525307	-0.003673168182	-0.01872576809	0.008433774023	-0.01367341198	0.002043874611	-0.01603657511	-0.04916254714	0.0004090254146	-0.01820907015	-0.09807358073	-0.06019993061	0.03821193247	0.05013406355	0.02499397008	-0.008889362557	0.02856043372	0.02557102547	0.04717289859	-0.1031656994	0.02221682165	0.02560172917
0.004091222983	0.03259298111	0.006934799504	0.07900402028	0.02821204866	-0.01042668003	-0.03830252817	-0.02052895991	0.02757741228	-0.1736545531	-0.16781275	-0.1672500526	-0.1588386687	-0.1614672102	-0.1655956888	-0.1592407366	-0.1744010787	-0.1694360039	-0.1474725904	-0.1626459179	-0.01813381711	-0.01963951857	-0.1392421767	-0.01370280306	0.001181607352	-0.1707508945	-0.1634584208	-0.1601304943	-0.170402908	0.004236736916	-0.1666472893	-0.02345271097	-0.0277840001	-0.09605507143	-0.04491049385	-0.1628346871	-0.02345916557	-0.0006872801988	0.002265978732	-0.0274793591	-0.03592209664	-0.0008435115732	-0.1768662909	-0.004299142289	-0.1756489241	-0.01528010962	-0.03747345434	-0.01106595201	0.001359394649	-0.0228105862	-0.00137975413	-0.01060155944	-0.162856161	-0.1616639105	-0.1536068372	-0.002525312795	0.002348130857	-0.02279197746	-0.1822418892	-0.1794094594	-0.1711517754	-0.01266415429	-0.1589124614	-0.01142609258	0.0001629726878	0.01028936904	0.005779258212	-0.01151632112	-0.01197485157	-0.002569340225	0.07076356688	0.03831893169	0.03358011681	0.05083629253	-0.00826492141	-0.01150213415	0.01875535799	0.1035183072	0.01682930507	0.0097306595	0.0157966374	0.0464590229	-0.02447485899	0.01180614287	0.03778203551	-0.03783893814	-0.000429939804	0.05160470843	0.02811992074	0.08558396112	-0.03603410834	0.07607715583	0.09988392542	0.02034421456	0.06823869845	0.09247111677	0.1286757712	0.01969608603	0.008062723245	0.169350164	-0.008337051596	0.03054157978	-0.01407983308	0.1429983791	-0.02675803898	0.05940541551	0.110574802	0.02039556386	0.02006699149	0.007642188698	0.02019085584	-0.005525134737	0.004216985815	0.02144359471	-0.01813729348	0.07102930959	0.1213161434	0.007289368819	-0.02312531712	0.09274868257	0.0631766145	0.03992477014	0.1910598788	0.1434103289	0.2038169718	-0.02976679967	-0.1731209407	0.1031323902	0.1156458347	0.089937714	0.01561281251	0.1066202214	0.016341385	0.03292202719	0.0506288273	0.1414685167	0.03555960599	0.1282677493	0.0453023875	-0.009834567922	-0.03136743133	-0.01993079738	0.05060082948	-0.03375017809	-0.02401293546	-0.0243352505	0.009897849517	0.03235440111	-0.03827907283	0.02673985169	0.01275377777	0.007396379059	0.008166123568	-0.009162506615	0.01907889329	-0.0167483748	0.02368820873	-0.0005629799615	-0.009069377908	0.04017138679	-0.05010930758	-0.003085749364	-0.005928474727	-0.02833748356	0.03587150119	0.07356643638	-0.0006272204353	0.04068957271	0.0375563643	0.0331699232	0.03770919227	-0.0223292965	0.08767066547	0.09166473009	0.03005281341	0.3767286564	0.04429029266	0.1456212794	0.05120086378	0.07078955858	0.0502549027	0.03997800187	0.08000579876	0.1557308856	0.06851219868	0.04450602498	0.05809638154	0.02867824929	-0.03181991459	-0.01111034754	0.01178807558	0.04909605366	0.02932263068	0.06428230557	0.03390459515	0.02882323935	-0.02360050024	0.05407926026	0.05800274511	0.001027987801	-0.00528073962	-0.002369291292	0.03610911899	-0.01429183918	-0.03686824887	0.05196085723	-0.01642987073	-0.04367038033	-0.004340860772	0.01473142961	-0.01086608768	-0.02725263679	-0.0006941605724	-0.04941756664	0.03822177506	0.12563576	-0.01154597833	0.0477498451	-0.03605802415	-0.1415173034	-0.1030704047	0.08112183689	0.09078935872	-0.009054849555	0.006662073856	-0.03719238979	0.01103199606	0.0206309577	-0.1422248604	0.002438844138	0.01527761216
-0.07382277511	0.05495319443	-0.02019253109	0.002557299507	0.01321209845	-0.01339233251	-0.01128849248	-0.005421774456	0.01562249286	-0.08586320827	-0.1100948771	-0.106490189	-0.1085230267	-0.1063641377	-0.08704883916	-0.1135525165	-0.07669433146	-0.1059712734	-0.07312010491	-0.09026097464	-0.01372416617	0.03368293432	-0.09289213291	0.01389843222	-0.02693635683	-0.06099517986	-0.07082155151	-0.09912001889	-0.05224009074	-0.005596569362	-0.07204932526	0.04703017628	-0.021185193	-0.06276629289	0.04428813063	-0.1060827187	-0.06139123395	-0.06670820274	-0.05597402306	-0.0739821175	-0.005895257893	-0.05864677402	-0.07221450634	-0.01421692031	-0.07004419632	-0.04571229483	-0.02353121307	-0.02421913119	-0.01694704847	-0.01829394096	-0.04359300476	0.02812574055	-0.08983227137	-0.1078703521	-0.09263528136	-0.005406229785	-0.02335191264	-0.03480354481	-0.05127675929	-0.07042641439	-0.05634574565	-0.002034207738	-0.09408131411	-0.01886121136	-0.003021005742	-0.009371691744	0.01027897515	0.0006616857565	-0.0150088178	-0.01014837148	0.05616985311	0.02757653865	0.0260411111	0.06432860823	0.0026730401	-0.09142926142	0.0137366368	0.09543056135	-0.04362335311	-0.0352578144	-0.01872200943	-0.03348265851	-0.04361213454	0.03847721204	-0.04993336299	-0.02696480101	0.01883721485	0.02014506086	-0.0308587695	0.02773828128	-0.027258665	-0.01724627656	0.03249942335	-0.05714747873	0.04425043187	-0.03788995809	-0.01160896692	-0.04954993284	-0.01379681615	0.1236992732	-0.06799985646	0.0104857353	-0.06077578657	0.1151127653	0.001982213156	-0.0614474239	-0.04756874808	0.004718315402	0.06888522344	-0.04600212	-0.01756259207	-0.0374621206	-0.02121465386	-0.09769880809	-0.07173293909	0.02986558462	0.03093326505	-0.03824311445	-0.07718282227	0.0448732456	-0.05295098093	-0.03105127959	0.02775874816	0.09394541954	0.07595131474	-0.03320256818	-0.07205786209	0.01514726512	-0.04283635722	0.02557406481	-0.007201893583	-0.01262376198	-0.04990657598	-0.08431405392	0.01706215084	0.1436177098	0.3837358458	-0.01201447579	-0.0199492484	0.07329011054	-0.05502479471	-0.0667378966	-0.01618114267	-0.03605572024	-0.07793398781	-0.07819714813	-0.02343787957	-0.04154862071	-0.05019295336	-0.01803426163	0.04804036134	0.04791977994	0.1011236786	0.07624622457	0.09400343897	0.01445901383	0.04628799257	0.07068529447	0.0948245707	0.07941102014	0.1173611931	0.005769684253	0.1596760614	-0.07359863869	-0.01759548685	-0.009902376337	0.105223245	0.4606528814	0.286104855	0.3638449149	0.4166371462	0.1637388244	0.07318198801	0.002659530917	0.01920047726	0.04429029266	0.4867049317	0.1442979413	0.09939645309	-0.04614369793	0.01877276444	-0.07580322789	0.101887684	0.08989225548	0.1108559415	-0.0202502167	-0.01270446253	-0.01091503021	-0.07197864535	-0.07949719581	-0.01542356653	0.01201019798	0.1195064793	0.02290420251	0.002116709904	0.00642835651	-0.01911663076	-0.01866374646	0.003978483513	-0.02620330124	0.05064424965	0.05507123494	-0.007815720426	-0.005376001066	-0.001138921266	-0.003487897878	-0.05308130514	-0.004306657962	0.03241118581	0.009101815796	-0.01160696564	-0.06661314081	-0.04949342087	0.00687888857	-0.02550572338	0.05259453929	-0.0007072479157	-0.01512991855	0.01963343988	-0.121615417	-0.05875081521	0.07285692899	0.0230423084	-0.02026767335	-0.08859223237	-0.01319493395	0.002771356067	0.007109442789	-0.1061805324	0.01740106881	-0.004721280281
-0.01773851083	0.02889389835	0.04866997874	0.02841192118	0.04720752449	-0.06890916934	-0.0436349666	-0.001025203586	-0.014296016	-0.1152594214	-0.1399848553	-0.1439296196	-0.1318182015	-0.1458538669	-0.1448399016	-0.1334553497	-0.1153231129	-0.1417234797	-0.1367820913	-0.10523952	-0.03864331247	0.00252856942	-0.1286816485	0.002004788579	-0.03631574783	-0.1171946643	-0.1133989646	-0.1450124524	-0.116402148	-0.03143871885	-0.1124733316	-0.008957199325	-0.04677906735	-0.09834838081	-0.003627331937	-0.1439766342	-0.006898459695	0.01463123697	0.01922479495	-0.02197430232	-0.01465847872	0.006216720889	-0.1217552616	-0.0352912717	-0.127678952	-0.006671280718	-0.05558717583	-0.02731627033	-0.03058541689	-0.03645308478	-0.01899485527	0.01391554538	-0.1434225318	-0.1436037554	-0.1351422306	-0.03857573029	-0.03726042338	-0.04922796684	-0.1217703282	-0.1177056455	-0.1125042864	0.03500094851	-0.1458489764	-0.01860376275	-0.0129424841	-0.01858025275	0.002139284239	0.02865008972	0.01073274402	0.03473480677	0.09567240147	0.06248609255	0.06378906324	0.1267881624	0.03281234061	-0.03293601917	-0.01623677025	0.04402097214	0.03974656439	0.01426200345	-0.02121036383	0.01974678642	0.03879305741	-0.0102152366	0.01093056105	0.01742978434	0.02430479873	0.03500891157	0.03634140836	-0.02423841344	0.01369663333	0.02236236022	0.05200649826	0.02164270081	0.08076524379	0.03859956038	0.07474288155	0.03127075343	0.06054671004	0.07684739068	0.01036178067	0.07535400159	-0.002333465333	0.01467883922	0.006690687428	0.01152516988	0.02054219226	-0.01661469072	0.01756585605	-0.01298346862	0.0279824477	0.02794419185	0.003254805846	-0.001550791447	-0.01281196755	0.04041208978	0.05084457717	-0.004760194742	-0.01887010651	0.06652392575	0.02108273355	-0.0425840318	0.04525600802	0.04987226159	0.1009405697	-0.03076296666	-0.1197467187	0.06596716955	0.02561793991	-0.001567470843	0.07279352168	0.06464075309	0.01238156115	0.02263426018	0.04002624939	0.1468363401	0.1174716106	0.07552757629	0.08662654344	-0.02056935971	-0.01322872277	0.001400247312	0.04934248091	-0.02737395983	-0.01993618077	-0.02026186425	0.04508375582	-0.006314809317	-0.0160299709	0.03784611821	0.02278199873	0.003865597268	0.02750292453	-0.02271988821	0.00590785946	-0.04249093681	-0.03973903709	-0.03053203357	-0.02538155383	-0.009883192288	-0.007234070464	-0.02672271942	0.05240564056	-0.02260875877	0.05142131312	0.0172790263	0.01532162608	0.1351356828	0.05010959281	0.08518580179	0.1373200699	-0.05423274043	0.05008388995	0.1178050357	0.04055596811	0.1456212794	0.1442979413	0.3600473447	0.1512063992	0.03148574579	-0.03339075658	0.006488478521	0.1477185585	0.1431346752	-0.01248585349	0.02941953165	0.009177867336	0.05828169492	-0.0362430853	-0.02933760547	0.07443781411	0.04779514907	0.09901736817	0.02380164738	0.03034064557	0.03900674894	-0.01923475477	0.1243646188	0.03170160038	0.03595315052	-0.009259129863	-0.01253554907	0.02477608647	0.0405308416	-0.02105214213	-0.009709466398	-0.01804079408	-0.03563868825	-0.001827600382	-0.00535393139	-0.02789754687	-0.03031825729	0.001123094524	0.03101469331	-0.02555216892	0.1038140662	0.06017878654	0.02457363464	-0.005212827923	-0.1397264859	-0.1038056719	0.07719867718	0.03345644614	0.03775919258	-0.02763741249	-0.0584119638	-0.01345937855	0.006716048593	-0.1462109546	0.06526000918	-0.02784604921
0.04036973227	0.09342803991	0.1028447704	0.07603501402	0.06469297956	0.02898700101	-0.007302076703	0.06309332077	0.05800907518	-0.1561543329	-0.1799369436	-0.1808519675	-0.1745985253	-0.1787298225	-0.1839405833	-0.1710399375	-0.1531704004	-0.1844208542	-0.1770933377	-0.1417914335	-0.08025893151	-0.01402941849	-0.1749322657	-0.0541850785	-0.08375342326	-0.1610694907	-0.1534580696	-0.1794997827	-0.1521220646	-0.08206878764	-0.155259035	-0.02714131987	-0.0572628534	-0.1386437546	-0.03270080013	-0.1819632309	0.04485291234	0.05874548392	0.06985274666	-0.02956244095	-0.04068916815	0.03118864448	-0.1635645392	-0.07440783237	-0.1661439793	0.007783956656	-0.07718964492	-0.004232228689	-0.1105982507	-0.0692423957	-0.08550262644	-0.003355837575	-0.174240273	-0.1789372416	-0.1742415703	-0.09136486552	-0.08609090481	-0.0707010065	-0.1646093325	-0.1507982335	-0.1518831378	-0.01053161243	-0.1768573724	-0.07302052922	-0.06926094818	-0.05651685328	0.04698320717	0.06782677493	0.03862153977	0.09801171322	0.1180690145	0.1198892114	0.1194296239	0.1566046638	0.07369164625	0.03004637233	0.006089750332	0.05167791321	0.1258539931	0.06036907594	-0.03388140196	-0.003235613022	0.06567616724	0.01204821727	0.01390677148	0.07504643499	0.07258432863	-0.02050078646	0.02298395717	-0.07734783811	0.06344629717	-0.01700699275	0.0003102729576	0.06857016275	0.0003603980601	-0.002920990993	0.01200305415	0.007040244095	0.1120707096	0.1306958325	-0.0171672016	0.1333049752	0.03298292277	0.0421658237	-0.001261906003	0.00462487401	-0.03356236788	0.03613690994	0.0555790376	0.06921960206	0.07923140309	0.02479685532	0.05757227516	0.003909222317	0.02070033155	0.03059424657	-0.01841730085	0.07241899168	0.1111033352	0.01177136832	-0.004504403364	0.07242856452	0.04278767482	0.001163166015	0.03063280634	0.01420220906	-0.1604208398	0.1511957093	-0.02893794086	-0.0312289841	0.02325516535	0.01299742804	-0.004834987029	0.02086447756	0.0443660447	0.1283865487	0.07983769358	0.0115934281	0.04550734966	0.04356628211	0.0201373829	0.03600570532	-0.01320799954	0.08507033404	0.1129079931	0.1141601019	0.06920003608	0.009085713496	0.01350523822	-0.01321006659	0.01258966409	-0.01927852863	-0.000227485346	-0.04710841777	-0.0466963161	-0.02591733252	-0.07759073162	-0.09162988623	-0.01420463892	-0.05403060795	-0.03868994399	-0.01157365449	0.06779606403	0.03082336205	0.1056989539	0.00327039176	-0.05016247263	0.1081634138	0.02324762598	0.02788687579	0.09362022784	-0.0983860336	-0.01969966829	0.1215867961	0.04520856664	0.05120086378	0.09939645309	0.1512063992	0.3862041359	0.06104087468	-0.05174004671	0.01642151686	0.2180897302	0.1796805175	0.03081675646	0.04905805882	-0.01543648119	0.07147459943	0.09100618783	0.05018765105	0.07379170447	0.1020491104	0.1002122257	0.01287039795	0.06357232558	0.08445567117	0.006938952691	0.1157650792	-0.03659486253	0.05170000304	-0.01171585307	-0.008204761515	0.0145876701	0.04962426784	-0.0144110445	0.01065730198	0.03126785366	-0.06541300992	-0.01953713789	-0.03622920421	-0.0829849747	0.0847601023	0.04008117529	0.1457108643	-0.06063026871	0.1389986355	0.0396876654	-0.02434962166	-0.03272369444	-0.1800635439	-0.1374211099	0.1328325468	0.08734403891	0.07777002099	0.03527641937	-0.08336075267	-0.01095051561	-0.008713702438	-0.1925393001	0.09113311588	0.0552614838
0.09999631461	0.02657317308	0.06831342938	0.08466122614	0.01037598192	-0.00326075581	-0.009663872481	0.02807144727	0.04881650182	-0.1967040174	-0.1892954236	-0.1918373655	-0.179734088	-0.1856500598	-0.1942146618	-0.180566304	-0.1965166943	-0.1903162531	-0.1903035442	-0.1842122341	-0.06121600091	-0.07334158855	-0.180515908	-0.06094649457	-0.04754257889	-0.194735374	-0.1913830977	-0.1912186764	-0.1937488023	-0.0562917457	-0.1897004169	-0.09204220809	-0.04309050119	-0.1381458317	-0.08412071866	-0.1840800773	0.04307491167	0.06861843769	0.08065504035	0.007129732963	-0.02825507269	0.04252040504	-0.2061873725	-0.06165920658	-0.1996395446	0.01488174174	-0.07930078894	0.001585130307	-0.07480237772	-0.07110010306	-0.05515085159	-0.0458767927	-0.1853550404	-0.1864853008	-0.1798571922	-0.05533570713	-0.05262071696	-0.06003451978	-0.2097373491	-0.2014137301	-0.1982989074	-0.05435183752	-0.183989571	-0.04378839667	-0.05154192201	-0.03910967861	0.01505074957	0.02303585349	0.04682339734	0.05481365084	0.03272713736	0.06789650822	0.06612564264	0.01790128376	0.02281165501	0.1005311751	0.04508670431	0.014033624	0.0514785811	0.07011856989	0.0326752067	0.03699853497	0.08619607581	0.02834973629	0.1755508113	0.0466847708	0.04834737459	0.07812420154	0.09459778017	0.001394315466	0.05093305521	0.1038536285	0.01498123591	0.09369334871	0.06393815601	0.1161127721	0.1013945696	0.06100578113	0.08604233388	0.03722371317	0.06306522104	0.0465819323	0.0463083702	0.04329948832	0.008662978592	0.09174126793	0.09515141274	0.04275048287	0.01543214382	0.06794252662	0.08247384151	0.03750752351	0.01521533737	0.08992179906	0.08673764555	0.00579617979	0.1268796932	0.1036115335	0.09151338954	0.08811383605	0.09934744242	0.06881753665	0.01994429817	-0.02876049459	0.03038760839	-0.01683805144	-0.2017406032	0.0515966231	0.09639120952	0.1023247175	0.0342660232	0.07188616407	0.07498120843	0.1104179338	0.02621559999	0.04834593989	-0.02328331658	0.1028276795	0.1002023823	-0.0005224379778	0.05972183708	0.04168140116	0.1163125389	0.03290836533	0.07928296724	0.08242508918	0.06190124991	0.1150604364	0.06504219449	0.1323872309	4.431372999e-05	-0.03956797286	0.0003892220689	-0.01124526993	-0.01203669993	-0.01822324285	-0.01371186648	-0.05350080753	-0.02272379812	-0.01409904617	-0.004797065411	0.03412235654	-0.05114218372	0.05656087355	0.07140069544	0.1249096323	-0.07902166435	-0.03568339205	-0.05568023705	-0.05108307428	-0.0593763735	-0.05065071094	0.005479960688	0.08154817404	0.02992010913	0.07078955858	-0.04614369793	0.03148574579	0.06104087468	0.3056659507	0.09224991211	0.09827793389	0.04854485845	0.06612645957	0.05775880701	0.09871089943	0.1087524794	0.1153966898	0.03351267644	0.100838988	0.04566963158	0.06363782061	-0.004451669186	0.011512804	-0.006168773544	0.03378643915	-0.01985648644	0.0487420403	-0.02915349548	0.03684813909	-0.009965593966	-0.02400776597	0.01931694322	0.02892589564	0.004209331366	0.03040369308	0.0266070932	-0.03399522512	-0.02658614374	-0.05643900438	-0.07244951404	0.02733704078	0.05477106177	0.06578332311	0.01688419755	0.0840288887	0.07569727487	0.06564295181	-0.07743674693	-0.1760446749	-0.1358518369	0.02632721797	0.03551618413	0.04788474655	0.09047962959	-0.05203146792	0.005892188896	-0.01187668017	-0.1781216032	0.04016903001	0.03776753605
-0.003659380216	0.0172283514	-0.05206907605	0.002826976949	-0.03487039992	0.06263312613	-0.007900328485	-0.03277467702	-0.03133607771	-0.1135614362	-0.09848644431	-0.1006621319	-0.09940695436	-0.0940229645	-0.08341795539	-0.1002185536	-0.1072504825	-0.1065414316	-0.07614128281	-0.1006765001	0.01037856156	-0.0147272256	-0.08517492918	0.02447427324	0.04367072251	-0.08979374701	-0.1047228019	-0.1022488651	-0.08484831889	0.04467797974	-0.09897169794	0.002806436398	0.002488319371	-0.05988237052	0.002547558921	-0.09079247415	-0.06185448112	-0.05361459368	-0.0679484714	-0.04731835204	-0.007257240473	-0.06077438462	-0.1038991221	0.007158408147	-0.08968858059	-0.03585139599	0.01072564282	-0.003903562853	0.01721579796	-0.0111669537	0.01401564859	0.01131071742	-0.07806623302	-0.09514038897	-0.08627348026	0.04802628245	0.03326821398	-0.0227823273	-0.09272614099	-0.09131899367	-0.1230187475	-0.02225551846	-0.09482487652	0.01695938092	0.02817825523	0.0224546072	-0.03751907104	-0.01051931821	-0.04781371477	-0.05150587933	-0.04797846855	-0.02156906431	-0.02590515607	-0.05949796442	-0.06429574979	-0.0186767845	0.02883556866	0.00366513296	-0.0444490521	-0.03914648154	0.06486396643	0.06181519521	-0.03104269055	0.03626650247	0.05259212008	-0.03561422738	-0.0241731191	0.1130749913	0.07251579618	0.2743049945	-0.02168460482	0.1854330391	0.1202465636	-0.04899623956	0.1014609738	0.1500770465	0.1875646451	0.02623338731	-0.04082066559	0.01485795041	0.009581116182	-0.05931208542	0.001386097566	0.05904721755	-0.03825642163	0.06929948211	0.151382553	-0.008940816762	0.04446569914	0.04689754872	-0.03675412441	-0.06328990644	-0.04487499993	0.05226988888	-0.02514692354	-0.01866306023	0.1800615515	0.01080877002	-0.03242683451	0.1704369026	0.1104544893	0.02418499049	0.05028496725	0.05479613012	0.01689299369	-0.0152918064	-0.1017249203	-0.02377643512	0.1461695063	0.1801902667	-0.01422817138	0.1504249483	0.03176411338	0.02346381794	-0.02404781441	-0.0144782688	0.03393354079	0.1852965683	0.06381917352	0.0314572553	-0.008067603827	-0.006808782185	0.0755125806	-0.05259045311	-0.03377759269	-0.03406586701	-0.06143628303	0.09586486669	-0.007304932036	0.07739888298	-0.01148913368	0.004976140692	-0.008406111493	0.03262166483	0.03559774569	-0.006597093226	0.03929311709	0.04242779106	0.04292047161	0.03347968081	0.01249823413	0.03012392281	0.01562683411	-0.04720691337	-0.03421173858	0.06168068476	0.03106351247	0.02274645337	0.07215430618	0.04003154117	0.01872207042	0.1312031728	0.01414313405	-0.03296438888	-0.01589946177	0.0502549027	0.01877276444	-0.03339075658	-0.05174004671	0.09224991211	0.4512459675	0.04490394489	-0.05775754167	-0.0178612457	0.07610108396	0.002818822248	0.1073154813	-0.01443814232	-0.05170241692	-0.01314873227	-0.04608250636	-0.04267999319	0.03999431632	0.007004277293	-0.007129887303	-0.00904601111	-0.009081842023	-0.05564631853	0.05469817919	-0.0831828654	-0.01119876532	-0.05529392645	0.03569824237	-0.08143122913	-0.03339960555	0.04082367303	-0.02586953013	-0.01949228831	-0.02804778899	0.01139808812	0.006300155227	-0.04757153633	-0.04777938755	-0.0462039951	0.1694964773	0.001607761928	0.05407462337	0.06935819072	-0.03002745742	-0.09984200379	-0.05840724396	-0.03211906508	-0.02540373798	-0.05752746158	-0.02014823194	0.02370314288	0.01407169314	-0.005755405499	-0.07757650985	-0.04227657751	-0.002251629759
0.1067951085	-0.01410151836	0.06351729682	0.07022023254	-0.02346700814	0.01798155472	0.02312720337	0.01933783671	0.06623761192	-0.1836071175	-0.1754610331	-0.1778144976	-0.1662648264	-0.168859623	-0.1761881202	-0.1651332368	-0.182696436	-0.1766618259	-0.1748041938	-0.1715680571	-0.06644069349	-0.06440336586	-0.1669246406	-0.03437692066	-0.03086703551	-0.1800542228	-0.1776458715	-0.1680542836	-0.1758618332	-0.01860812439	-0.177053686	-0.07785651415	-0.05134384691	-0.1246371941	-0.08182410537	-0.1713883418	0.03444609019	0.03493377693	0.04295565889	0.006211767475	-0.04281159553	0.007774866412	-0.1931158645	-0.03534656664	-0.1814996587	-0.01729801454	-0.03997548681	-0.050285616	-0.02832791844	-0.05275697309	-0.01540630908	-0.03911270857	-0.1718026812	-0.1697728573	-0.1607147357	-0.02202417683	-0.01581889117	-0.04996490049	-0.1961098523	-0.1897626951	-0.1840906264	-0.04375169493	-0.1668618473	-0.02299964694	-0.0270471598	-0.01430526375	0.02084928931	-0.03347054048	0.03511992567	0.03081945941	0.03079951634	0.05153301528	0.05218256493	0.03892768188	0.04042786845	0.1448473635	0.01024714311	0.02610760784	0.0633998086	0.0359135918	0.01447356129	0.04573284613	0.07301747915	0.0181694519	0.1114710679	0.100274768	0.05640459068	0.07691076099	0.07562164079	0.0181788703	0.07916811264	0.07245049208	0.01773976387	0.06511009923	0.03000425031	0.08403659971	0.0820495223	0.06438516811	0.06827326845	0.01138370738	0.06657356118	0.04398916698	0.01640831758	0.03283065153	0.03400735725	0.02881935838	0.1011801384	0.03412729053	-0.02105007553	0.08585529022	0.04770396623	0.01197561838	0.02984207829	0.2028728183	0.1003981601	0.08874428796	0.07594859329	0.07120222752	0.08707497544	0.05973350194	0.1014068848	0.03387757023	0.05682372765	-0.02958074868	0.02429339807	0.02367800719	-0.1888464864	0.0180144854	0.09991777762	0.06636592765	0.03640711892	0.07285102667	0.04235892601	0.09339023394	0.02582441222	-0.002547278625	-0.06754518421	0.0816180171	0.08735655433	0.01835302873	0.03626032172	0.1348642498	0.07181693374	0.05563614174	0.0917431683	0.09200247511	0.04860976833	0.1700678269	0.05681633111	0.08014941792	0.04326573635	-0.0033671655	-0.01698217755	0.004729105567	0.006372583085	-0.01630499155	-0.001457878372	-0.01797079349	0.01818008608	-0.01324720034	-0.02489602841	0.03370976684	-0.05396740287	0.0861972791	0.05629700663	0.07047283321	-0.04329066712	-0.06482830739	-0.05925082224	-0.0600724372	-0.06276191539	-0.02437698289	-0.0360856351	0.03627812688	-0.01875678282	0.03997800187	-0.07580322789	0.006488478521	0.01642151686	0.09827793389	0.04490394489	0.3204518519	-0.01386447529	0.03436244937	0.04228391363	0.05458165965	0.1086223844	0.07667475372	0.06576661511	0.1355705843	0.07672523577	0.07131538613	-0.02915992595	-0.01941262291	0.01569293833	-0.002292931331	-0.0124299725	0.0518892853	-0.03317501131	0.04374884339	0.02774563488	0.005442566547	0.1115194442	0.0500840415	-0.01319626353	0.06512618088	-0.007494800931	-0.02305523709	-0.03205233279	-0.03730159591	-0.04182601738	0.06341079358	0.04727121313	0.05119969507	-0.009540790603	0.05613682248	0.05074492521	0.0400474658	-0.08718957947	-0.1626827062	-0.12460102	-0.01723448299	0.01149279236	0.01609763473	0.1176623202	-0.03982868273	0.06592847928	-0.01986392273	-0.1663754954	0.02443187756	0.0410093713
0.06301114874	0.05790912541	0.09175420615	0.07074816949	0.1004302767	-0.02168240057	-0.02617042855	0.05686294476	0.02934588897	-0.1327716075	-0.1593167766	-0.1599741148	-0.1496996377	-0.1504619637	-0.1657111058	-0.1518713493	-0.13260294	-0.1595373561	-0.1819695489	-0.1213286479	-0.06264647432	0.003233883505	-0.1743570338	-0.02233601496	-0.05263233566	-0.1293970328	-0.1270800802	-0.1507758018	-0.1231844918	-0.04946665615	-0.117277559	0.03517592172	-0.03960607885	-0.1483505055	0.01893881828	-0.1494836169	0.02624504002	0.05111712833	0.04869818928	0.004803887164	0.01184836269	0.03472085738	-0.1389103748	-0.08584446845	-0.1412693327	0.008452214847	-0.03866627884	-0.00414635357	-0.1037683848	-0.06360644544	-0.05401718092	0.001321032863	-0.1544952868	-0.148840679	-0.1475889908	-0.05993546032	-0.05506565946	-0.05070958144	-0.1372233336	-0.1310102635	-0.1322440399	-0.005005519339	-0.1502104279	-0.0294824444	-0.02138901546	-0.05023930525	0.0214618713	0.06346732655	0.04039961144	0.07941219256	0.1286745983	0.09959733022	0.09826193458	0.09506350223	0.07433919	0.01070367667	0.0005105337293	0.06849931565	0.051982697	0.04893292722	-0.04435269428	-0.03019754628	0.05745197216	0.04787580899	0.004985281198	0.04206097561	0.0537381996	-0.02981367846	-0.002047636721	-0.0706851455	0.02272473661	-0.0303926388	0.04266066663	0.0553589634	-0.007511772311	-0.01096026186	0.005903323458	-0.01620021065	0.1090230922	0.1887604982	-0.0182327286	0.1070872591	0.001109754476	0.03951711363	0.04183637065	-0.0206725483	-0.009942996634	0.06035639191	0.06754709061	-0.01158909629	0.06573028353	0.02616998363	0.07844976654	-0.02041660634	0.01931359902	0.05628698839	-0.009050134058	0.01186413198	0.03836409581	0.005503226418	-0.03497969963	0.03241884909	-0.003444334577	-0.06429965243	0.002360750326	-0.009048751656	-0.1364547935	0.06718283891	-0.004855688804	-0.01834427695	0.01572856039	-0.01403452099	0.03949563539	-0.006140725323	0.09836948993	0.1485964305	0.1012437199	0.005310965522	0.04068090556	0.009566193411	0.01027010419	0.005688347464	-0.01546000044	0.01363249079	0.03224868486	0.03386414312	0.0615747886	-0.02874391393	0.004392526535	-0.01552470086	0.01790308076	0.02843660104	-0.01154800605	-0.05504336962	-0.006078264563	-0.04024877919	-0.02800368607	-0.06821242611	-0.008276027014	-0.04340228629	-0.005051790089	-0.01986371344	0.05461202172	0.02027674649	0.1007612822	0.02738237351	-0.07094338173	0.1005363076	0.02574570974	0.02614164582	0.08491369976	-0.08975843184	0.01874300352	0.1197810808	0.05220701876	0.08000579876	0.101887684	0.1477185585	0.2180897302	0.04854485845	-0.05775754167	-0.01386447529	0.3554139763	0.2228706316	0.02616452913	0.08428528508	0.03947632986	0.07312732811	0.00820349774	0.01086712196	0.04495651965	0.09163946316	0.09140077509	0.01870625503	0.05705898134	0.08426849733	-0.001366189444	0.05699764907	-0.01359388024	0.03534049742	-0.01670596606	-0.004833287571	-0.01635585064	0.02592613934	-0.006272208175	0.01221282308	0.02251121397	-0.03155883054	0.04488997764	-0.01958815529	-0.06996468781	0.01419234462	0.03803947065	0.06795029507	-0.05804527876	0.1707858643	0.02490841844	-0.02277380063	-0.001315971791	-0.1915342756	-0.1451386356	0.1475920461	0.0871701317	0.07071037483	0.02321891192	-0.05329321474	-0.003357593291	4.118407579e-06	-0.1984357671	0.07002962162	0.05610781922
0.0381310168	0.06492451319	0.07622717233	0.1131255984	0.04639263569	0.003321429218	-0.006727715065	0.05099650984	0.07709934007	-0.1649365484	-0.1907352101	-0.1922023884	-0.1824606932	-0.1783500876	-0.1871391026	-0.1829443347	-0.1649576402	-0.1928232636	-0.1815527955	-0.1524936579	-0.06875674146	-0.003087097706	-0.1737745578	-0.04104723286	-0.0706298623	-0.16149759	-0.155838097	-0.1756573609	-0.1520011515	-0.06968357035	-0.1435735355	-0.01495056763	-0.03807379415	-0.1480910819	-0.01457150166	-0.1758959077	0.03245076829	0.04679448758	0.06275944126	-0.03187036275	-0.03494968512	0.01607977359	-0.1701605209	-0.08464938752	-0.1682159718	-0.01054034702	-0.07605825366	-0.02361113738	-0.08732615111	-0.07521803085	-0.06637057356	0.0246889935	-0.1860994157	-0.1800975778	-0.174406369	-0.07874718512	-0.07278061104	-0.05108508771	-0.1706353127	-0.1641966312	-0.1639991183	-0.004256759655	-0.1785472424	-0.05435038008	-0.04595798939	-0.02633018031	0.03555187836	0.06007135364	0.04824773682	0.06884212402	0.1073355331	0.1314533998	0.1266354747	0.05045412952	0.04168199897	0.03547596161	0.02139177095	0.1134264783	0.06451228591	0.06641865868	-0.04642790878	-0.03505372644	0.06192916337	0.02942648053	0.03640416936	0.04957683278	0.06840411326	-0.01144523187	0.006320826012	-0.02944277901	0.0452288184	0.009814061981	0.03788484972	0.08921665598	-0.01098817251	0.02451043409	0.03815489536	-0.02172807751	0.1162892743	0.216540723	-0.03145207021	0.09200177143	0.00308206385	0.1080102226	0.01847849894	-0.003358499524	0.03197888427	0.08184322389	0.06072888316	0.02137442109	0.07517344512	-0.0005527614449	0.05325186939	0.01589087131	0.02756871188	0.072867668	0.03299003494	0.02115479231	0.04010578463	0.02351270649	0.004787086963	0.04840393361	0.07402872887	-0.02062639751	0.07457699042	0.0007211109778	-0.1669896853	0.05917569851	0.03711339561	0.02379539407	0.02189368121	0.02217680805	-0.003555876387	-0.003836584557	0.07889821351	0.1824333238	0.08425056328	0.03756760534	0.04207898337	0.01672148566	0.007973138667	0.02619638361	-0.02243534892	0.03996801924	0.0400128045	0.04162468345	0.06927545176	0.01369515032	5.882924493e-05	-0.02250609754	0.01958175138	-0.02607363254	-0.03702373559	-0.06025103805	-0.03993566944	-0.03489856434	-0.06045202444	-0.09411606472	-0.04727713076	-0.04101848476	-0.04033811719	0.002743277635	0.01274462913	0.02791519153	0.104387131	0.05355542146	-0.08657071365	0.0987928608	0.05519514455	0.01075618184	0.07370766767	-0.08731023672	-0.001794879883	0.1121766557	0.01960235293	0.1557308856	0.08989225548	0.1431346752	0.1796805175	0.06612645957	-0.0178612457	0.03436244937	0.2228706316	0.3290077644	0.06732949931	0.05997489441	0.01810304392	0.0856412047	0.03654256519	0.03710202452	0.04014019048	0.1280088107	0.08271049184	0.04612745722	0.06500529565	0.0726520056	0.003115024855	0.04534080269	-0.01410892606	0.03246509556	-0.005343933035	-0.009217591118	0.01104143436	0.02070318262	-0.01086740064	0.0597285871	0.03272039914	-0.05702286497	0.001915327122	-0.009560614997	-0.07283338042	0.04138852195	0.04197827977	0.05170490728	-0.06140780983	0.2361875491	0.01740019492	-0.02585406192	-0.02349029772	-0.1922371255	-0.1475505565	0.177642329	0.126906294	0.02756977299	0.05532721372	-0.07703860295	0.01649277933	0.01359499711	-0.1974280529	0.0687525036	0.05928567989
0.06239386878	0.06116651489	0.01686793215	0.08969068469	0.008391004036	0.05405221079	0.01721827858	0.01205070113	0.1238193751	-0.1898549824	-0.1895893652	-0.1842266768	-0.1804843869	-0.1643736568	-0.1703195579	-0.1866872481	-0.1907316548	-0.1746083552	-0.155109158	-0.1955786347	-0.04494513117	-0.06757988787	-0.1614857923	-0.02907213991	-0.01107578625	-0.1661642849	-0.1647908275	-0.1588069258	-0.1736954996	-0.01793629406	-0.168260165	-0.04068892712	-0.06702191935	-0.1238853524	-0.05712745695	-0.1506996665	-0.01443918434	-0.007234546434	0.03259106448	-0.01517226199	-0.02535134864	-0.01065150293	-0.1663356708	-0.04042892287	-0.1619341502	-0.0614792853	-0.04280718342	-0.003157190508	-0.01932544073	-0.06605321756	-0.04323537129	-0.04036492363	-0.1608047801	-0.1672239323	-0.1558927809	-0.01483067336	-0.01009991647	-0.06408121459	-0.1707044026	-0.1859020322	-0.1551401687	-0.09011253477	-0.1550806204	-0.04005239174	-0.03923934234	-0.03297401163	0.07449683024	-0.005785963579	0.03451713394	0.00756345324	0.02641346721	0.05056970552	0.04597668456	-0.008794150907	0.09593027031	0.03964479329	0.1252815796	0.1399957238	0.01684421065	0.04904382922	0.01547787308	0.02194686247	-0.02867792628	0.09426484294	0.0712034586	-0.007176877421	0.01109663733	0.04203723916	0.003606448804	0.09217566693	-0.02672585835	0.0576268389	0.03898315496	0.05486431958	0.004416983063	0.03467197755	0.003703376442	-0.02001709979	0.008894241981	0.1038384555	-0.03119032809	0.03309767023	-0.01669619573	0.2114150602	0.03693494985	-0.01717637532	0.03344369062	0.08742856985	0.01249220358	0.06393418756	0.02196130913	-0.005553813267	0.06726053651	0.01702389257	0.01049690057	0.07707834917	0.07678028308	-0.003630787035	0.03354095208	0.04119527798	0.01858537355	0.07606854505	0.0953787433	0.07475455814	0.05604507726	0.02106407957	-0.1641711757	0.01579286073	0.03141720239	0.06748649551	-0.05116349456	-0.006648045937	-0.0344350388	-0.004925720926	0.04364605925	0.01240349848	0.1168061646	0.003173271945	-0.04247016981	0.08310449126	-0.03182428085	-0.01057956083	-0.02105535327	0.05015263905	0.02868360924	0.03184937351	0.01765516068	0.06134408747	-0.02192916513	-0.01585261364	0.07757010486	-0.01221884488	0.06896910653	0.06815857991	0.08176139723	0.005581424677	0.05379422065	0.01578333527	0.105107844	0.0564535406	0.05292322565	0.08850447152	0.04764499548	-0.0001426000039	0.03474616941	0.03029599892	-0.01719260014	0.09424992862	0.09961306451	0.09433425939	0.07533312513	0.08922663574	0.1320913509	0.02590700589	0.03302178308	0.06851219868	0.1108559415	-0.01248585349	0.03081675646	0.05775880701	0.07610108396	0.04228391363	0.02616452913	0.06732949931	0.3624829725	0.04804895853	0.05228812163	0.03111391355	-0.002510619016	0.04916725889	-0.05853541345	0.05221582757	-0.003299969078	0.05097257863	0.0306645383	-0.01631562095	0.01820197963	-0.01414642124	0.01270154763	0.06217723044	0.1560456436	0.1395600771	0.06916214371	0.05844098604	-0.02663832619	0.1152972518	0.03321636994	-0.02377515035	-0.007305732382	-0.05923477625	-0.05639905857	-0.004065179677	0.01958175416	0.02416678302	0.04944978882	0.05550267356	-0.009291179174	-0.004291536726	-0.08726541984	-0.1890932862	-0.1320487986	0.0837804391	0.05511638347	-0.003316973769	0.02957126356	-0.03862062135	0.06535957115	-0.04350659567	-0.1698317509	0.01907387139	0.08584401673
0.08453704363	-0.005238248704	0.04858118072	0.06083883592	0.04076327625	0.005109516116	-0.02173722657	0.01825433789	0.05345556934	-0.1447702869	-0.1383965736	-0.1425462854	-0.1303204888	-0.1398282289	-0.1448971407	-0.1292493544	-0.1459245642	-0.1333114123	-0.1606874211	-0.1355938303	-0.05125417283	-0.05827255478	-0.1694668789	-0.0467358418	-0.03278062217	-0.1446040912	-0.1399530124	-0.1355501691	-0.1473519098	-0.03114161273	-0.1479221965	-0.04627259981	-0.04349103369	-0.1241417358	-0.03218639793	-0.1281297441	0.04417010602	0.0276015109	0.04123645559	0.01933231002	0.01475593176	0.004467480666	-0.1466059129	-0.06181021063	-0.1424945381	0.0208721665	-0.03583851263	-0.02606272513	-0.07360301639	-0.06127893908	-0.02288002729	-0.06093966095	-0.1299383885	-0.1389397094	-0.1286317844	-0.03777197106	-0.03363523072	-0.04058510731	-0.1468961532	-0.1433051461	-0.1409126061	-0.03540177715	-0.1426039839	-0.01137169786	-0.02494932744	-0.06329045734	0.01330394761	-0.02262230416	0.01070662756	0.03556885652	0.05832856823	0.05043673269	0.05156893403	0.05674995947	0.03515497272	0.0524283381	0.08611824374	-0.005192422004	0.06200347317	0.04117919187	0.004827797786	0.02994976859	0.02806907179	0.06251292241	0.095298902	0.03315982795	0.03907468532	0.06246001127	0.06284807652	-0.004164767966	0.03975136203	0.06378041731	0.04445541924	0.06316566431	0.05193323051	0.06433678946	0.06805532584	0.03486350286	0.0420952503	0.04976484094	0.02153272146	0.03738252566	0.03485409278	0.05011252638	0.0861895797	0.04974089048	0.03939620468	0.02255841576	0.01284269381	0.07044018065	0.04071355927	0.01179259245	0.04851074917	0.03750593856	0.03306612343	0.02544139224	0.07574219826	0.08147376279	0.0407161089	0.05087593799	0.07067449644	0.06445070189	-0.006179441867	-0.01914259407	0.01183328849	-0.005715023565	-0.1449397881	0.05416012917	0.02820426855	0.05642656752	0.007055942921	0.08392412004	0.05275540403	0.04892806753	0.07634854758	0.08414681593	0.0008515420167	0.06956387481	0.01782882216	0.003473835068	0.00831715819	0.03061902678	0.04263980282	0.05442585709	0.03105698659	0.0341578055	0.04805862384	0.06354695406	-0.0009517898744	0.04246194896	0.02120608011	0.01163596524	-0.0292102824	-0.01688887032	-0.002792786251	-0.0327136608	0.002183306844	0.01318319143	0.04756607613	-0.02178153409	0.0500738681	0.03426803723	-0.06171009732	0.04172083391	0.0469015035	0.0650554506	-0.06185392389	-0.02882222139	-0.06207347141	-0.02145050242	-0.01363101325	-0.02332413477	0.02680599075	0.0315971791	-0.008741950496	0.04450602498	-0.0202502167	0.02941953165	0.04905805882	0.09871089943	0.002818822248	0.05458165965	0.08428528508	0.05997489441	0.04804895853	0.3469360817	0.165777096	0.07885025772	0.04848091144	0.06178240163	0.009679665751	0.04578376917	0.001252732374	-0.0157280178	-0.004830600169	0.006485335429	0.0004148469012	0.01273190334	-0.0490927284	0.04204197065	-0.02273957926	-0.01662942274	0.05361255675	0.03934192041	-0.009516600927	0.04255960716	-0.0110707619	0.02437854597	0.01703385242	-0.04239182227	-0.06060304967	0.05578987979	0.007541491381	0.04197211804	-0.02120421916	0.08038346509	0.03028808112	0.03187762916	-0.06742827702	-0.1557228737	-0.1206694548	0.03216109127	0.03532148713	0.02670072651	0.07200763589	-0.02388392375	0.007836529622	-0.02765430317	-0.1601005871	0.06452532549	0.04304578908
0.0824259374	-0.03899259344	0.01782990602	0.06314904439	0.01002102532	-0.00576345313	0.01508707821	0.0168666442	0.02382262523	-0.1491761103	-0.1405361342	-0.1424597336	-0.1330603661	-0.1390768846	-0.1357393317	-0.1342203141	-0.1493909307	-0.1357791617	-0.151322286	-0.1371227946	-0.03943929175	-0.04992585999	-0.1642212152	-0.02908806618	-0.01356806105	-0.1226320696	-0.1374075906	-0.1355104914	-0.1284327922	0.001990370307	-0.1391585806	-0.02723700277	-0.02866387487	-0.1118344307	-0.02959129129	-0.1247886497	0.003316794458	0.01111822834	0.01551935382	0.01715695149	0.02000691633	-0.006209752392	-0.1539802	-0.03344250565	-0.1241176572	-0.03611742176	-0.02692871282	-0.03982517651	-0.05434869165	-0.03706707724	-0.007963443804	-0.03473840325	-0.1138430441	-0.1354883282	-0.1256083431	-0.00418725251	-0.01962550974	-0.0586588114	-0.1374437459	-0.1293868445	-0.1453210043	-0.04045826138	-0.1389249974	0.003343022349	0.007030992301	-0.01753766962	-0.02775848321	-0.05246792242	0.006249389504	-0.002848955691	0.02205745733	0.01390330813	0.0160902074	0.006851594459	-0.01812334917	0.05131943746	0.002680328042	-0.005639265882	-0.01149897111	0.01473273813	0.02191472948	0.06314244212	0.03898698079	0.004331618492	0.09428112541	0.03263279562	0.02033456053	0.08599915818	0.09181072923	0.07293607357	0.009259805779	0.1860407985	0.04409280391	0.03763844067	0.08343970401	0.1219393316	0.1105670073	0.05432234743	0.01111817254	0.001623044541	0.04562372834	0.03629133093	0.03153553561	0.02660251053	0.02946279807	0.0810436911	0.1311539101	0.001862526675	-0.03923405633	0.1047292327	0.0524442357	0.0007055771682	-0.001528132126	0.0941351958	0.04814027051	-8.608196031e-05	0.1503226619	0.08402592384	0.0151714193	0.09248691614	0.09412083074	0.004496799796	0.009068574577	-0.03443433093	0.001949963699	-0.04043760812	-0.151969097	0.03171534219	0.1225743589	0.1268369801	0.02272164263	0.1050146782	0.1037175225	0.05425632326	0.03917950204	0.06487340797	-0.01084191713	0.1143533275	0.04805903345	-0.01606561102	-0.002681488359	0.02073167974	0.09016346364	0.001580733407	0.009995152244	0.01310767712	0.02142095864	0.09399248137	0.01358312436	0.0911406272	0.0183436483	0.02140525949	-0.02278747415	-0.0005815439663	0.03578557507	-0.01856456113	0.02492857557	0.0312069314	0.04660236922	-0.001065670052	0.02945810321	-0.009615547542	-0.04679624506	0.03393935142	0.002638426208	0.1056654125	-0.01911641656	-0.01354191071	-0.02664271671	-0.002973586797	-0.01394046945	-0.008825707507	0.01253005979	0.03638517384	-0.02589050969	0.05809638154	-0.01270446253	0.009177867336	-0.01543648119	0.1087524794	0.1073154813	0.1086223844	0.03947632986	0.01810304392	0.05228812163	0.165777096	0.3737207516	0.06491907543	0.02637478243	0.05262533447	0.03201855765	0.02602238615	-0.04104346614	-0.02883374393	-0.03887463761	-0.008924534269	-0.05383598435	0.005667372108	-0.03900715839	-0.02008853547	-0.02549738664	-0.06280847119	0.08293694884	-0.02195925154	-0.0056970218	-0.001219801983	-0.02735898579	0.01078917758	-0.01107047051	-0.03737199469	-0.03284753943	0.03051290105	0.01768548479	0.01369276244	0.05319641334	0.08225177022	0.0661388081	0.07629961763	-0.05778375219	-0.1457684374	-0.1036464955	-0.01815129875	-0.01664331573	0.003236191902	0.03058070407	-0.01817076307	0.02832642259	-0.02028758717	-0.1472383185	0.04469260088	-0.007969062536
0.0939622914	0.08772758007	0.09684269505	0.07978195696	0.02778581454	-0.01202651885	0.03323651942	0.08036269789	0.05628533779	-0.192584723	-0.1841603196	-0.1894004882	-0.1760313528	-0.1784216054	-0.1880405691	-0.1766921558	-0.1932181795	-0.1848014327	-0.180803943	-0.1808101704	-0.05817772631	-0.06114126607	-0.1734256408	-0.07083727426	-0.06148568556	-0.1847212817	-0.1837902774	-0.1793471755	-0.188236609	-0.06345560257	-0.1794748509	-0.09077556011	-0.02893934622	-0.1313994199	-0.07218199346	-0.174706352	0.06577826167	0.06464127727	0.09327359222	0.004088208135	-0.0141618734	0.03571463085	-0.2056904229	-0.06717249347	-0.1917106541	0.01856743884	-0.07898617246	-0.01508669718	-0.07525998666	-0.07054656691	-0.05202626124	-0.0271289196	-0.1801121175	-0.178317688	-0.1679133236	-0.06302814531	-0.05832618402	-0.05618527214	-0.2032481956	-0.1982279119	-0.194048764	-0.04024309047	-0.1845782242	-0.03422878239	-0.04653207466	-0.02366861051	0.0683322927	0.03549920035	0.08346241938	0.07836849409	0.1320071129	0.05350512833	0.05147663587	0.0783277984	0.0616948282	0.08810303856	-0.00621573261	-0.001463407068	0.09208242232	0.09850902746	0.0001891440897	0.01314312069	0.06655748627	0.01215952148	0.08444240636	0.06356307286	0.0507441105	0.03648335625	0.08590254852	-0.03594747805	0.04774409955	0.04520975486	0.01453015356	0.1074969942	0.02872039952	0.0452617776	0.0146136025	0.03787817551	0.09521917322	0.03006219276	0.06211805995	0.1111733703	0.04522906647	0.02402147276	0.01383441158	0.06862383704	0.0510031775	0.06134149538	0.008915031604	0.05068054467	0.08445542684	0.03571914111	0.06578512057	0.07224526303	0.09760124661	0.03372713167	0.05564241541	0.06983490461	0.09765258593	0.01407564978	0.05099014832	-0.003892290006	0.02430795454	-0.08553656758	-0.001721197881	0.032597537	-0.2013925546	0.08038720421	0.05303409997	0.0501094732	0.03267053397	0.02968112291	0.06598827004	0.05316876404	0.03190612965	0.0697374922	0.02401529159	0.01847086625	0.02949413057	0.006722315277	0.04152509073	0.07726110317	0.0476334035	0.08001775202	0.08836253229	0.09148749158	0.1075627886	0.04640437101	0.03858705322	0.05497147445	0.01109734829	-0.05533251483	0.01812591922	-0.02780044976	-0.02446402147	-0.02907217307	-0.03598343582	-0.08719534472	-0.04341044327	-0.04550359378	-0.02940195914	0.0140567676	-0.04316764714	0.09524533636	0.1148560933	0.06945194205	-0.07795122627	-0.001486686833	-0.06902852434	-0.01518248494	-0.02936653766	-0.07749921025	-0.006083272932	0.1122225564	0.03616827841	0.02867824929	-0.01091503021	0.05828169492	0.07147459943	0.1153966898	-0.01443814232	0.07667475372	0.07312732811	0.0856412047	0.03111391355	0.07885025772	0.06491907543	0.2954253121	0.09444797689	0.08424173383	0.04790079448	0.08323869742	0.02585768493	0.05780115203	0.06149156882	0.0481505191	0.006329223592	0.07440689276	-0.007558931279	0.04593497624	-0.006003173756	-0.02107524469	-0.001102284495	0.04975309763	0.01156555834	0.02239443787	0.06163509798	-0.03295523773	-0.004680076427	-0.02949491376	-0.04719983528	0.09710033374	0.08165045968	0.03307850151	-0.02349070623	0.09368120874	0.06753849545	0.02510297482	-0.05288862534	-0.1686685134	-0.1242388231	0.04476254069	0.03618018208	0.06579757826	0.1088225036	-0.06220842941	0.03244144451	0.007591751502	-0.1738337508	0.1057334177	0.06481676196
0.07766139739	0.04825888574	0.1058770059	0.1001861181	0.02601414421	0.1323086872	0.08262120596	0.09848791419	0.1144181112	-0.1911197021	-0.1795134937	-0.1839700418	-0.1764860121	-0.1780568393	-0.1786328143	-0.1697921399	-0.1904692342	-0.1852637158	-0.1730124867	-0.1741846708	-0.0260885919	-0.03778897045	-0.1803369608	-0.08830943745	-0.07517189275	-0.1915250186	-0.1893798336	-0.1706121317	-0.1868111749	-0.07735055068	-0.1831197331	-0.0702855584	-0.01353840826	-0.1280957569	-0.05745622612	-0.1759578283	0.139021336	0.1046075417	0.133556955	0.03329823257	0.01719440531	0.07535189904	-0.2025509065	-0.04846447572	-0.1853190273	0.02969085503	-0.06027773168	0.0006584169386	-0.08391989956	-0.04243751826	-0.05709805767	-0.03811357632	-0.17890638	-0.177255068	-0.1616520263	-0.08017445167	-0.07171261749	-0.03307239339	-0.2031290147	-0.1921445326	-0.1906625403	-0.0404266516	-0.1808343898	-0.0543658261	-0.05091588371	-0.02126886285	0.03921878462	0.04287801198	0.07088258476	0.08263629821	0.06632633742	0.05535428755	0.05327227036	0.05842132191	0.07869461366	0.1272106376	0.003203789514	-0.01838338771	0.15544729	0.1218070645	-0.01757522224	-0.01537448626	0.06915251739	-0.007391923055	0.05167547241	0.09025741943	0.0441717826	-0.0001381593021	0.03190908889	-0.07976117054	0.05009085297	0.008426873834	-0.03160321746	0.1671342086	-0.02670677228	0.005486879713	-0.01457061002	0.03713508347	0.098571876	-0.01539209096	0.06930352813	0.08667350804	0.06913938633	-0.01877981762	0.02790705748	0.01496221191	0.006208673654	0.1395284657	0.01103045553	0.1316906925	0.09046616954	0.09790246014	0.09985476665	0.06666681376	0.08352130843	0.062693477	0.0007207602875	0.1447889236	0.2060704166	-0.02835432452	0.02208370136	0.08753638645	0.04833031914	-0.0439442954	-0.03183354457	0.05562095783	-0.198398887	0.1254733479	0.01891306522	-0.01000605729	0.01384402937	0.008863644125	0.02849100606	0.02422738996	0.01892358401	0.0206052438	-0.07089872698	-0.01436808859	0.02358101027	0.05637904914	0.05539907423	0.09860502416	-0.001241916523	0.2656527472	0.2049283158	0.2078774554	0.1055077374	0.007898485559	0.05573656747	0.004000865473	0.05865210283	-0.05523401073	-0.04281185457	-0.0628047836	-0.07239829981	-0.01962493421	-0.07685920031	-0.09033502032	-0.03952565582	-0.07101446299	-0.07711806569	0.04882358878	-0.0561793309	0.120148335	0.09043873521	0.06344952771	-0.1002148871	-0.06123192118	-0.110790291	-0.09028861147	-0.08038891811	-0.1017411366	-0.07481571837	0.04703732957	-0.02106174619	-0.03181991459	-0.07197864535	-0.0362430853	0.09100618783	0.03351267644	-0.05170241692	0.06576661511	0.00820349774	0.03654256519	-0.002510619016	0.04848091144	0.02637478243	0.09444797689	0.3541011101	0.1159419109	0.04638710475	0.1079908829	-0.007218369322	0.006798039881	0.02118351618	0.0376955735	0.03588217691	0.04628972891	-0.02764788767	0.07934330606	0.01089339859	0.01393421342	0.08435926412	0.09939250173	0.0593196159	0.04107430866	0.09223462837	-0.006620801453	-0.006564233809	-0.03299065271	-0.003959698247	0.3166703623	0.08998260151	0.1061371215	-0.05950361441	0.0563110111	0.008142589599	0.005740265408	-0.03629132773	-0.1660137689	-0.1285121674	0.04070574164	0.03871395499	0.08345153984	0.1126153588	-0.0665374627	0.06606853507	-0.01860823706	-0.1740086315	0.09630924663	0.06218315464
0.1673463674	0.02397946241	0.1007410524	0.09691591163	0.003177202062	0.02867739322	0.0375970017	0.05462828435	0.09486944822	-0.2007750173	-0.1913818323	-0.1941032599	-0.1834424041	-0.1850422854	-0.192405015	-0.1815064674	-0.1994076845	-0.1930980068	-0.1911021041	-0.1861473509	-0.06616437384	-0.07405587723	-0.1821288625	-0.07927287445	-0.07218369528	-0.1939465117	-0.1910273398	-0.1848405791	-0.1916270284	-0.07315571985	-0.1909246529	-0.09415430785	-0.05554903178	-0.1428811371	-0.08876110516	-0.1835345371	0.06823680546	0.06201573459	0.07436030115	-0.01283078651	-0.05920919436	0.02555432021	-0.2092113454	-0.07417518956	-0.1955010492	-0.00966399684	-0.06201302963	-0.02644409007	-0.06784832649	-0.0752044999	-0.0616951778	-0.05859307164	-0.1869639896	-0.1851969059	-0.1771135714	-0.07620766126	-0.06909783002	-0.06459817505	-0.2106870433	-0.2032154817	-0.1996049281	-0.05736064996	-0.1828476034	-0.06173229831	-0.06503475003	-0.05161107707	0.02336340611	-0.01675956162	0.04222868677	0.06636428446	0.05227614775	0.07736702153	0.07421716467	0.06014439366	0.08479272664	0.2302246694	0.03684380621	0.006728839897	0.09632256952	0.06139051519	0.07075549055	0.04226843331	0.1292565818	0.00290768341	0.08436499888	0.1745530892	0.09724970769	0.01269573884	0.07441208194	-0.03991948057	0.1346798634	0.05227285742	-0.0303594043	0.09640039372	0.0001845626403	0.04109132809	0.009959619423	0.1190744544	0.08694112286	0.009159115905	0.09170145001	0.08099725037	0.06033612644	0.0224476656	0.03609721465	0.07315929309	0.04650088395	0.07312071032	0.03060177469	0.1021076471	0.1222872138	0.02943408412	0.062766619	0.1862332193	0.1729915849	0.08466594627	0.0293653204	0.1210070713	0.123669215	-0.008704215132	0.09228088472	0.04744809171	-0.0008846783985	-0.07426513119	-0.02041950927	0.03723248013	-0.2047018661	0.04630967854	0.03968934305	0.04911258808	0.09132384276	0.03572971561	0.09486701196	0.1498153111	0.02325768616	0.02045854389	-0.06634105528	0.01134045524	0.06103778439	0.07648840792	0.02543636107	0.09768635829	0.06778589913	0.09199865446	0.1315794922	0.1319398149	0.05747413875	0.09333161537	0.03581727948	0.07011717502	0.04620792337	-0.04196965347	-0.03983768161	-0.01900950469	-0.0387299998	-0.02476389535	-0.0384019812	-0.07375609019	-0.01020352783	-0.03253240038	-0.03738441	0.04382762772	-0.04203628067	0.1852235216	0.1179374136	0.08848165948	-0.09856379592	-0.06843018102	-0.1062574137	-0.09830906264	-0.08336090709	-0.08056452079	-0.02098963677	0.04181071907	-0.02209887268	-0.01111034754	-0.07949719581	-0.02933760547	0.05018765105	0.100838988	-0.01314873227	0.1355705843	0.01086712196	0.03710202452	0.04916725889	0.06178240163	0.05262533447	0.08424173383	0.1159419109	0.2882889709	0.09179985501	0.09360090724	-0.01761355278	-0.01558723338	0.03333272789	0.02453866188	0.0147563736	0.0269549216	-0.04813916601	0.09995687268	0.05289127191	0.03654827885	0.05577876526	0.1045737907	-0.01433163044	0.04929120058	0.02358208306	-0.02878970848	-0.01354634293	-0.05797208918	-0.07006528969	0.1057626559	0.06599751736	0.1088464629	0.01350682837	0.07254277585	0.07348759285	0.06264456879	-0.08762704784	-0.1790306165	-0.1418710249	0.007200535457	0.02690605136	0.05363373578	0.208118	-0.05208425073	0.05714909761	-0.03915474644	-0.1817978679	0.04601318223	0.04938284597
0.1022172164	0.008692544306	0.04605737538	-0.001374233139	-0.00186876055	-0.0368976197	0.0004590720664	0.02900478815	-0.0004673647056	-0.1288258792	-0.1515705858	-0.1566619733	-0.1464005578	-0.148152566	-0.1506126979	-0.1425414675	-0.1268926618	-0.1560917904	-0.1360204019	-0.1132271134	-0.03179886301	0.001418668307	-0.1293737149	0.00141325572	-0.04015749991	-0.1319620855	-0.1215293317	-0.1554088376	-0.1227743777	-0.04226228683	-0.1232872038	-0.02103522566	-0.06025112902	-0.1082640773	-0.02865382216	-0.1565731013	0.03209048341	0.03909180356	0.02122606761	0.004337752749	-0.0355426621	0.03306304406	-0.134406438	-0.02938442874	-0.1366323701	-0.005712200121	-0.0277724044	-0.04336800994	-0.03054914091	-0.03572685566	-0.03761694683	-0.004899754585	-0.1575934619	-0.1476609511	-0.1447803465	-0.04495532413	-0.04186147385	-0.0403416417	-0.1301502723	-0.1231664996	-0.1273447093	0.01304052293	-0.1509928398	-0.04457740874	-0.04720010186	-0.04597435593	-0.02047219137	-0.001207008074	0.01142489512	0.02273931095	6.892741599e-05	0.03808861976	0.03916712079	0.06653980821	0.003768691632	0.09593478724	-0.06691063709	0.01893514292	0.04971524823	0.01308805953	0.08677793598	0.05903093014	0.2073978373	-0.02682860415	0.05745281226	0.1612985664	0.0788509121	0.02172594234	0.120549261	-0.04357672887	0.1826079896	0.04424165684	-0.01842957021	0.02776089479	0.0114502906	0.05573544342	0.0189023045	0.1461526506	0.1089619119	-0.006294180735	0.1266594343	0.04973533426	0.008478954053	-0.07182416334	0.00432473424	0.1058385956	0.03962569312	-0.000376511744	-8.791748907e-05	0.04481706932	0.05594164555	0.03180677054	-0.005421963712	0.1087112233	0.1022833807	0.04506865622	0.005665905747	0.04938169187	0.05858154573	-0.002365834297	0.1085864925	-0.03069070988	-0.02060863918	-0.02744892723	0.005198952815	-0.01168030118	-0.1319213905	0.00723576957	0.05671474578	0.03013594904	0.2015053203	0.06320555403	0.1162976964	0.1448802504	-0.007918840659	0.04911463068	-0.008890660493	0.02039500478	0.1489192311	-0.02208804201	0.05151969999	0.07273498342	0.09069220847	0.02693585988	0.06560954581	0.06530192625	0.02685441754	0.05118166138	0.05916857879	0.09541657262	0.02833898662	-0.04612839651	0.007500807151	-0.03822403755	-0.0344320887	-0.02805011113	-0.05814784892	-0.05573078432	-0.03694745755	-0.04340312533	-0.0428440768	-0.02179032754	0.06887894856	0.09336467444	0.02256938624	0.08325218789	-0.02153154642	-0.01786628327	-0.05610743285	-0.05424186437	-0.004731627429	-0.09362854765	-0.008634735668	0.0581918856	-0.01679725521	0.01178807558	-0.01542356653	0.07443781411	0.07379170447	0.04566963158	-0.04608250636	0.07672523577	0.04495651965	0.04014019048	-0.05853541345	0.009679665751	0.03201855765	0.04790079448	0.04638710475	0.09179985501	0.3716271732	0.0199814547	0.03069468785	-0.04845300542	-0.03344377473	-0.006891412562	-0.006948479434	0.05724955333	-0.01917016525	0.0342961374	-0.02672313991	-0.02679121866	0.02956944453	0.05698005817	-0.01014810112	0.00512392161	-0.02417756866	-0.0129416591	-0.02003788172	-0.04967484727	-0.03018593169	0.04591918922	0.01633862591	0.1260641817	0.02739112646	0.0440913993	0.1531338201	0.0727163932	-0.01130990329	-0.1426556172	-0.108231756	0.04957929962	0.03143660158	0.04461068342	0.09393612988	-0.02403949269	-0.003721480802	-0.03018377114	-0.1492255704	0.03432966571	-0.0290433444
0.06420568647	0.06504720644	0.1107703442	0.1535341722	0.05244851015	0.04141439	0.06685925393	0.09081075982	0.09601536695	-0.1989027248	-0.1889478797	-0.1926970201	-0.1836727055	-0.1842840848	-0.1881392396	-0.1829609208	-0.1970883485	-0.1908352724	-0.1877872523	-0.1858676096	-0.04547120616	-0.0500170147	-0.1748181298	-0.0923649484	-0.07818066173	-0.1943936641	-0.1885766049	-0.1857959161	-0.1914756031	-0.07404894183	-0.187025669	-0.0751621486	-0.03132634097	-0.1387661679	-0.04740789504	-0.1828777767	0.08737259458	0.1051069095	0.1300297673	0.02891583857	0.004264706614	0.0636650068	-0.2125801437	-0.07275952934	-0.201712525	-0.005376142936	-0.05316621961	-0.0001971281341	-0.08159849759	-0.05989444013	-0.06412600506	-0.02960702606	-0.1870327977	-0.182458996	-0.1773965669	-0.08425910401	-0.07762680243	-0.0507540345	-0.2135587649	-0.2062420688	-0.2032362942	-0.05087836679	-0.1830187958	-0.03662940331	-0.03026700195	-0.02036788944	0.04498530382	0.02477602733	0.07982831579	0.121607863	0.1368707798	0.09978412594	0.09475251089	0.05956316531	0.1108730094	0.1002592677	0.02161334601	0.01873343939	0.0919103745	0.1221112525	-0.05669065881	-0.04388778772	0.05594278175	0.05069387154	0.06136423105	0.0430205831	0.03726999851	-0.02059294924	0.0194635193	-0.06625325901	0.01787093472	0.01631875703	0.0133686868	0.1367690739	-0.007803756372	0.004381497959	0.01562507745	-0.01222922141	0.0945849976	0.06544765672	0.01383040142	0.1104666849	0.04244168819	0.06033781899	0.04431369685	-0.007127006187	0.01937664722	0.1282092702	0.04919258343	0.03704548943	0.111190305	0.07284305511	0.08751853099	0.07210801918	0.1130745715	0.108694426	0.001015652944	0.05991293863	0.1033582582	0.01091726765	-0.005584939331	0.03491251737	-0.005618582967	-0.05759620564	0.01172886267	0.06506109937	-0.2079862824	0.03824599215	0.01684524529	0.01060998385	-0.03142455139	0.006662377825	0.004515639265	0.03746110338	0.1117930417	0.06695892353	-0.01552233756	0.01498812123	-0.01222621649	0.06211234558	0.03197626429	0.06517423757	-0.03217282813	0.1031910068	0.1170340336	0.1201853503	0.1146543044	0.02083994179	0.03273535184	-0.02692533331	0.05315364968	-0.03144475127	-0.01285736096	-0.04394984636	-0.04569372194	-0.01968639339	-0.06187443807	-0.10949026	-0.05309073024	-0.04203677155	-0.04228595366	0.04632667432	-0.04865024141	0.09794708775	0.132244598	0.04155535519	-0.08924308511	0.02140249296	-0.0377411456	-0.003349385388	-0.004088889351	-0.1099624684	-0.04367571924	0.08651904565	0.003050413338	0.04909605366	0.01201019798	0.04779514907	0.1020491104	0.06363782061	-0.04267999319	0.07131538613	0.09163946316	0.1280088107	0.05221582757	0.04578376917	0.02602238615	0.08323869742	0.1079908829	0.09360090724	0.0199814547	0.2871801135	0.03995855912	0.03771960706	0.1195973643	0.1273871812	0.0392788878	0.07357169979	-0.00365836178	0.09753290522	0.04377233046	0.05541146145	0.04541381938	0.09324778272	0.03824264635	0.0374959719	0.08514924484	-0.05245518544	-0.003079677934	-0.01174742738	-0.0674681009	0.1036386988	0.1106969964	0.02188121588	-0.05815355283	0.09912147736	-0.0102945852	-0.02423528279	-0.06342462294	-0.1773682864	-0.1382422214	0.0557257328	0.03154081259	0.0803494987	0.09023697077	-0.05964958044	0.086839569	0.01781088706	-0.1860763328	0.09336548186	0.0683964185
-0.01472387036	0.1742756991	0.0301514759	0.01226892481	0.01941364891	0.03506971229	0.008719482704	0.04128503108	-0.01390341179	-0.1057547933	-0.1275752983	-0.1323251946	-0.1221198388	-0.1254616481	-0.1288289331	-0.120494037	-0.1066006706	-0.1306722204	-0.1048175626	-0.09678502603	0.01222353602	0.05888726984	-0.119506821	0.03747167199	-0.0064232023	-0.1057186859	-0.102207257	-0.1244576669	-0.09574826427	-0.01040227417	-0.09339605249	0.04478981466	0.03331545332	-0.101917263	0.05530067749	-0.1260137042	0.02423524661	0.02562929415	0.01958303158	-0.03228629992	0.01352686484	0.0008649119722	-0.09925982911	-0.0260668874	-0.1161150933	0.0129131701	-0.01603379977	0.04618733039	-0.02575147237	-0.0135702942	-0.007619355016	0.05587678532	-0.1325270921	-0.1257845254	-0.1244070526	-0.01318482851	-0.007475832976	-0.0004786674612	-0.1036601939	-0.1058471526	-0.1158500347	0.03148190987	-0.1216845988	-0.004629264601	-0.0135007622	0.005424703214	0.03079637798	0.07677606871	0.01836686473	0.06214654383	0.07039152905	0.06304538477	0.06352050253	0.06629438501	0.005702993052	-0.02036806116	0.03834385891	0.06273136671	0.03121971037	0.01607035811	-0.01845257613	-0.05125082551	0.02702944955	0.01936111366	-0.04897488496	0.02665166431	0.06026641753	-0.04583803244	-0.02294682466	0.02362065266	0.01961028456	-0.04631094923	0.003799471185	0.01768842704	-0.02975009941	-0.03100410513	-0.02805979755	-0.03739773754	0.06182236904	0.1048006846	-0.05425667821	0.06609102043	0.03425154353	0.04159706114	0.01949477482	-0.01441346255	-0.01354948704	0.03771134961	0.1680445027	-0.0400760515	0.001975091496	-0.01174924599	0.01452778299	-0.03875963354	-0.002381033946	0.044412108	-0.008699634055	0.0005667259002	-0.006136571928	-0.03120558251	-0.05509755166	0.05583769468	-0.003421175415	0.01900399251	0.0290691345	0.06203056717	-0.09709687235	0.04586841087	-0.009873689259	0.01955309245	0.004326243003	-0.03888798331	-0.01970174984	-0.02725728477	0.03740952437	0.09467396131	0.1182969368	-0.0276661323	0.0281509871	0.0272419448	-0.005481970996	-0.002869563558	-0.02779356734	-0.00789405931	-0.002826842705	-0.004616331136	0.0312888491	-0.04578283845	-0.007136411683	-0.034400653	-0.007903051405	-0.03178611425	0.001779770668	-0.02749719588	-0.03703950317	0.002593426329	-0.01912037776	-0.04975856673	-0.05055616937	-0.006341102608	-0.04254111623	0.0448457401	0.09763119634	-0.007724573145	0.06122715551	-0.02337193338	-0.03351872566	0.1272317701	0.06171723924	0.02781815477	0.1038554068	-0.03303345212	0.005140252531	0.04042523027	0.01507853062	0.02932263068	0.1195064793	0.09901736817	0.1002122257	-0.004451669186	0.03999431632	-0.02915992595	0.09140077509	0.08271049184	-0.003299969078	0.001252732374	-0.04104346614	0.02585768493	-0.007218369322	-0.01761355278	0.03069468785	0.03995855912	0.3360429581	0.06926753508	0.06139221814	0.07896173195	0.08248238249	0.01323051156	0.07087819532	-0.01653945057	0.02442570222	0.006686204383	-0.04859020103	-0.01465253479	0.02582505237	-0.01276976991	0.0482376907	-0.03353672851	3.72508794e-05	0.01614247408	-0.009472805509	-0.004132521826	0.02281034788	0.01654109034	0.04365299979	0.03922128837	-0.0003915993183	0.003503406832	0.05489247379	-0.1413565885	-0.1018307398	0.1260173802	0.04590390273	0.02347847587	-0.008773885443	-0.009635773529	0.05315639933	0.01502856211	-0.1299965424	0.08029800005	0.06786917809
-0.001727289374	0.09280821047	0.02486686411	0.04600587956	0.004659060966	0.0302026761	0.003958964981	0.02502460625	-0.003712438108	-0.130865078	-0.1230965444	-0.126842256	-0.1158923144	-0.1048430331	-0.1001268578	-0.1196710151	-0.1303906211	-0.1223252025	-0.1050709908	-0.1230145631	0.004355001827	0.01416438187	-0.09256255035	0.006868880896	0.01391345109	-0.1176627259	-0.1129363011	-0.1114902107	-0.1069245748	0.01500980812	-0.1010048109	-0.02138108298	0.03393158967	-0.08195158891	-0.007290154834	-0.1111603035	0.01419113127	0.002998011394	0.02844180722	-0.00456161008	0.02103188283	-0.0135649958	-0.1119396323	0.005218002463	-0.1246941706	-0.0170394197	0.02182715227	0.04177286933	-0.01868341979	-0.004631957614	0.005699757791	0.05233244875	-0.1243210219	-0.09807279263	-0.103303036	0.01125301995	0.01667793316	0.01659131414	-0.1167253599	-0.1369148911	-0.1267966953	-0.04203128656	-0.1008616531	0.006594979672	0.004086008291	0.05830930413	0.01991292968	0.05961539576	0.04959511237	0.01889325619	0.08931771813	0.01620006706	0.01714244259	0.0244633838	0.007382253138	-0.01816553729	0.04572409606	0.06529183866	0.04930536984	0.02818590118	-0.04001425019	-0.06715376275	-0.004986956308	0.01953119271	-0.007448308989	0.005976229288	-0.001045029736	-0.02525307439	-0.02852816694	-0.01767622243	-0.03415320398	-0.02566732991	-0.01334159647	0.03571954647	-0.01902200321	-0.03040389539	-0.03616781975	-0.02143038419	0.002837545852	0.05709575732	-0.01362079542	0.06004232962	0.0301473527	0.05152956985	-0.02509651861	0.03671785326	-0.04484375645	0.05513095006	0.04197882173	-0.02593487837	0.04168238709	-0.01751034946	0.0227260208	-0.01888487178	0.01473516626	0.04392181587	0.003694096137	-0.003241223237	0.006592429358	-0.03744481006	-0.03851743012	0.08369830257	0.0687637894	0.06089978659	0.08126510072	0.1878976079	-0.1092371524	0.05204426759	-0.03967358756	-0.008641919883	-0.03239971454	-0.0436901004	-0.003505769385	-0.02658277133	0.1748146078	-0.001185529828	-0.0005705315288	-0.03436487093	-0.05024901007	0.03690277909	0.009998920144	-0.01066312982	-0.01587525511	0.009162341137	0.00270213607	0.002383872024	0.03314979171	-0.01860151425	0.008816033078	-0.0118837686	-0.002902518965	-0.01365234199	0.04075734293	-0.01664498103	0.001406180481	-0.01855997207	0.02892862869	-0.01930865644	-0.02853869043	0.009098251564	0.008786032367	0.02109116623	0.01864652639	-0.001519301431	0.03019545924	-0.03208079767	-0.03392373948	0.03186918897	0.04101611309	0.01609447374	0.002099850315	-0.007968669243	0.04676603844	0.09439906406	0.04153734423	0.06428230557	0.02290420251	0.02380164738	0.01287039795	0.011512804	0.007004277293	-0.01941262291	0.01870625503	0.04612745722	0.05097257863	-0.0157280178	-0.02883374393	0.05780115203	0.006798039881	-0.01558723338	-0.04845300542	0.03771960706	0.06926753508	0.3882022224	0.2188900244	0.162318775	0.08931917376	0.02628111988	0.1357105183	-0.0305200016	0.04138806466	0.0377800837	-0.04000696415	-0.0005933790982	0.05060911632	-0.01282136273	0.0801516151	-0.01611838731	-0.005845963418	0.03906565424	-0.0006476779689	0.01418463433	0.03271468118	-0.04451590516	0.02997736297	0.02578829214	-0.0172974683	0.01065512136	0.01518409336	-0.1199436529	-0.07928610682	0.0765540686	0.111904738	0.01081461815	-0.01426747987	0.0101425848	0.03856785564	0.003625867104	-0.1029227649	0.045521893	0.1124673956
0.03353560248	0.0819898223	0.03380218266	0.05888321325	0.03318432111	0.009271142553	0.02125964799	0.02755655468	0.01210965912	-0.1492617142	-0.1389843604	-0.1441214674	-0.1336987353	-0.1248111268	-0.1222557291	-0.1332436944	-0.1468677197	-0.1402941981	-0.1292563924	-0.1374473077	-0.008112565801	0.005429869192	-0.110553752	-0.01441285189	-0.01190615746	-0.1416537021	-0.1329628096	-0.1266818042	-0.1254705234	-0.001133624312	-0.1177795443	-0.01156511587	0.02903553245	-0.0972510499	-0.01519212112	-0.1297358854	0.01729159539	0.02812435078	0.03180315748	-0.01473260349	0.001075094344	-0.005898832298	-0.1277084174	-0.01995277064	-0.1441702075	-0.01672807694	0.009198823942	0.0267143531	-0.01441515634	-0.005945619273	0.004257833258	0.06388861202	-0.1366955507	-0.1140249395	-0.1223104052	-0.0102852842	-0.006883765252	0.008390210246	-0.1380570378	-0.1550585289	-0.1439288846	-0.02882928663	-0.1234251191	0.00668502705	0.009089788349	0.07055061211	0.03808608948	0.02766590138	0.06670765955	0.05704236739	0.1091505252	0.05096305875	0.04893269032	0.04753294675	0.05332363351	0.01628116927	0.0653648234	0.009537215887	0.08856507458	0.03166858284	-0.04527131765	-0.0349723535	-0.01615302693	0.02133211318	-0.03903948289	0.03007203382	0.02282239048	-0.04291465444	-0.03881005638	-0.007044584726	0.001766236862	-0.03397898946	0.02563538782	0.03311406119	-0.009462435673	-0.03218434175	-0.01895469857	-0.03025532779	0.03523442675	0.06396750655	-0.03083385842	0.04747616734	0.03446919023	0.06219734862	0.004067160314	0.007950154657	-0.02046057885	0.07446408655	0.06502909029	0.002861423128	0.04231373477	-0.02173746011	0.06770001724	0.009990332336	0.04390696262	0.1152088533	-0.0262990749	0.0292086948	0.03965234771	-0.02013014371	-0.05023845877	0.05772745726	0.01395976482	-6.611899673e-05	0.004078867228	0.1785963471	-0.1247705047	0.03875886593	-0.02499392428	-0.01049495819	-0.04701957797	-0.02377014011	-0.01671091816	-0.00481500406	0.1765379609	0.01538043743	-0.01680836237	-0.01715542815	-0.02831455759	0.05730749549	0.02254277044	0.02602081332	-0.04728756251	0.008057648283	0.05626096159	0.05594614282	0.05140300119	-0.01345075659	0.02662175116	-0.04304697238	0.02131906063	0.01013654679	0.02707959096	-0.01346133691	-0.01752830866	-0.01578387414	0.007870331358	-0.04161301511	-0.03672580729	0.002212396093	-0.01735178243	0.01428794126	-0.005830786836	0.05012777822	0.09501032426	-0.03433402411	-0.04590049787	0.011569506	0.002533035768	-0.01260661421	-0.01404216719	-0.03293886152	-0.0275145176	0.02662460795	0.002813382794	0.03390459515	0.002116709904	0.03034064557	0.06357232558	-0.006168773544	-0.007129887303	0.01569293833	0.05705898134	0.06500529565	0.0306645383	-0.004830600169	-0.03887463761	0.06149156882	0.02118351618	0.03333272789	-0.03344377473	0.1195973643	0.06139221814	0.2188900244	0.3731401882	0.177472226	0.09018290013	0.007876145586	0.0751340558	0.05162329426	0.04289421999	0.04905089476	-0.02414831386	0.03825843384	0.02394680249	0.013533734	0.05993849615	-0.04562683321	0.01907585043	0.06701448604	-0.0008963014892	0.01890425091	0.06820530318	-0.0122144111	0.01266757033	0.03462704329	-0.01119426118	-0.01951735371	-0.004450358208	-0.1268294204	-0.09796428427	0.05985530801	0.04216556796	0.01464377209	0.03776087379	-0.001808051053	0.03912871824	0.03883940375	-0.1158150452	0.03382845055	0.09850927907
0.02444269412	0.07505962643	0.04767423591	0.06695995663	0.05144536359	0.04056661616	0.01577584016	0.07243108411	0.01417465399	-0.1367132022	-0.12917401	-0.1319624076	-0.122231298	-0.1292497371	-0.1308206729	-0.1240329392	-0.1393123562	-0.1300636967	-0.1303037495	-0.1274423177	0.005522079425	0.001901336533	-0.1180547408	-0.03012149846	-0.01979109405	-0.1391941932	-0.1315452659	-0.1304933683	-0.1313799944	-0.01612776906	-0.1299618798	-0.0177505401	0.01363915085	-0.1046862128	-0.002179695142	-0.1275112375	0.04678145878	0.06353597177	0.05174454482	-0.001891525132	0.007213420208	0.05316950677	-0.1511097504	-0.03715684931	-0.1443381937	0.02773751025	-0.001211559299	0.04750358496	-0.03304061435	-0.005053938796	-0.02355130365	0.02766459642	-0.1335791104	-0.1235273057	-0.1241148886	-0.02516029551	-0.01773216698	0.00231238894	-0.1538965637	-0.148369697	-0.166537161	0.02103252059	-0.1253933449	-0.02594272536	-0.02144622503	0.03121015286	-0.003757132683	0.04930844935	0.02601860594	0.1003206688	0.1036196472	0.06977024401	0.07073761996	0.0773595055	0.03715430027	0.02609977513	0.01206316354	-0.001980881986	0.08838919746	0.04250335673	-0.0339085502	-0.06602418163	0.03371704696	0.02206354661	0.01238871772	0.02673794874	-0.00525582298	-0.02576564296	0.006760742731	-0.06414574662	-0.007827977421	-0.01263740944	-0.01456960961	0.05224771741	0.02926017032	-0.01034216144	0.008929469278	-0.006317737855	0.05565886965	0.06836770017	0.009106638395	0.06517229889	0.04600945612	-0.000729448267	-0.0154486934	0.04068033557	-0.03250592824	0.06322701159	0.05870712283	0.008772310692	0.07623187119	0.04192798833	0.02662773334	0.001135702186	0.04615363957	0.05607160328	-0.008688966279	0.04145806746	0.04471812131	0.01064478028	-0.006878097751	0.04595668302	-0.01346955363	0.01561978107	0.01652330578	0.1045475431	-0.1476865305	0.03975034181	-0.0311442283	-0.03986588448	-0.00737836058	0.004798273666	0.01378164643	-0.008317043461	0.1393710539	0.05881427659	-0.02843560436	0.01070724062	-0.03132645031	0.03494971976	0.0152672526	0.02630710362	-0.02565289517	0.02379432001	0.04597298523	0.04913409112	0.04971130807	-0.003205659805	0.012707543	-0.01854921975	-0.003289387818	-0.009501202597	-0.01417553718	-0.05356796537	-0.04383819184	-0.01554245326	-0.01681819764	-0.0627781061	-0.05041139423	-0.02065631909	-0.04165114322	0.002725297863	0.04926872172	0.03197544964	0.08842168576	0.04503090373	-0.04394948694	0.01578676323	0.02323172726	-0.0001958509085	-0.008967195033	-0.04994841749	-0.04677894825	0.0595143715	0.004404043085	0.02882323935	0.00642835651	0.03900674894	0.08445567117	0.03378643915	-0.00904601111	-0.002292931331	0.08426849733	0.0726520056	-0.01631562095	0.006485335429	-0.008924534269	0.0481505191	0.0376955735	0.02453866188	-0.006891412562	0.1273871812	0.07896173195	0.162318775	0.177472226	0.3520395547	0.08003872544	0.04364488222	0.06976044168	0.03061917264	0.01686991719	0.02959990564	0.002333188173	0.04098014061	0.02037658049	-0.00303378897	0.06037131648	-0.05791297194	-0.008296036608	0.04585149079	-0.02440915591	0.03515309462	0.04734794842	0.03267382394	-0.02161644901	0.05866983108	-0.006415719919	-0.009866052261	-0.01467508343	-0.1144735341	-0.1023987024	0.03014468697	0.01080139206	0.0536053926	0.02442135785	-0.01830784217	-0.01491943951	0.008098181874	-0.1253568693	0.06227670522	0.05039290229
-0.00321197875	0.09586542377	0.05495309721	0.01648850186	0.02398525066	0.0883348492	0.03782655144	0.04420493701	0.04900033985	-0.1358094479	-0.127836152	-0.131880852	-0.1280400793	-0.1022520379	-0.1093666345	-0.1356561449	-0.1326913998	-0.123871999	-0.08670733389	-0.1389989428	0.03473140788	-0.007584118284	-0.1024932685	0.02072416675	0.03409594353	-0.1272555519	-0.1144067659	-0.1058973033	-0.1134222328	0.02598860381	-0.1142527191	0.0246281225	0.01578781062	-0.09324468841	0.001834844553	-0.1186169319	0.04704843995	0.03826958233	0.04366964034	0.02581234786	0.02169021504	0.01537356173	-0.1270724145	-0.0113229552	-0.1204048812	0.00955512345	0.01945088635	0.04219135007	0.02482160543	0.002413741197	0.03283119544	0.003008202971	-0.1216332013	-0.1028698473	-0.1164900432	0.03016789563	0.03691816135	0.01588101542	-0.1270724978	-0.1415887082	-0.1467239535	-0.0229798497	-0.1055753866	0.001694041292	-0.01275048822	0.006975646028	0.07075396223	0.03404627934	0.03892297507	0.03535882356	0.04693864974	0.004335590719	0.005190576432	0.03747253231	0.07083681901	0.01307347774	0.08281772728	0.03189224527	0.08373391028	0.04824722562	-0.01622930926	-0.04812227103	0.01468501303	0.036296843	-0.001252552187	0.01825264519	-0.007973253138	-0.03376079404	-0.01741700331	-0.03185512542	-0.01206664827	-0.05777794018	-0.02653150754	0.03583137802	-0.0313416986	-0.05334843343	-0.05615958842	-0.01090908339	0.02403676081	0.02907192029	0.002224348703	0.05187308529	0.03730932257	0.01525125235	0.04194877012	-0.01365477065	-0.06802006135	0.09247670728	0.06233411812	-0.001299296459	-0.001010220987	0.01846562865	0.04654302367	-0.00351338048	0.01730625354	0.04322210268	-0.04863881131	0.01348494231	0.03933520581	-0.05191478766	-0.03320318632	0.09673738621	0.03190666129	0.04702800269	0.03003955582	0.109858784	-0.124696514	0.0275945851	-0.0686098243	-0.02594618879	-0.02181431187	-0.04021958875	-0.03236812591	-0.005423756448	0.07577726935	-0.04673558732	-0.01969769739	-0.05597836561	-0.01606870839	0.03101929183	0.03381258548	0.01482194138	-0.02661681482	0.07940199363	0.04505790186	0.04683614439	0.03878588611	-0.008160345083	0.02840343031	-0.02133301811	0.04165575512	-0.02326749462	0.0171187642	0.008596116827	-0.02646547365	0.02176037113	0.02715671085	0.007926487561	-0.0170895692	-0.003220247897	-0.04469080461	0.05591916486	0.0418134276	0.03543286539	0.02709970559	-0.03131928632	-0.02798411518	-0.01412688493	-0.02629035065	-0.02553612981	-0.03122174085	-0.0409572169	0.002051018925	0.04084050122	0.03828509291	-0.02360050024	-0.01911663076	-0.01923475477	0.006938952691	-0.01985648644	-0.009081842023	-0.0124299725	-0.001366189444	0.003115024855	0.01820197963	0.0004148469012	-0.05383598435	0.006329223592	0.03588217691	0.0147563736	-0.006948479434	0.0392788878	0.08248238249	0.08931917376	0.09018290013	0.08003872544	0.3644131936	0.02280447266	0.2751614879	0.07117032879	0.1094650868	0.09788678052	0.004309503584	0.06526870106	0.021906654	0.01431198274	0.07326417671	-0.003578317832	-0.01546515484	0.009540801901	-0.002745223694	0.06823135029	0.04055203024	0.0007691118282	-0.0002312635048	-0.02580811907	-0.0446593016	0.004312551475	-0.007420431524	-0.1080086109	-0.09787645055	0.07334463972	0.05224633898	0.02383709007	0.02814700383	0.006745100528	0.07676384011	-0.0123144405	-0.1161824725	0.09878140718	0.05887501841
-0.001243024551	0.07490162575	0.1231277851	0.04288505923	0.02382278382	-0.00750713322	0.01340886982	0.03222191916	0.04622600523	-0.1356661436	-0.12334435	-0.1282711176	-0.1259624626	-0.1440451463	-0.1358189569	-0.1185453296	-0.1333022799	-0.1401167938	-0.1353880687	-0.1231943235	-0.0271115318	-0.04649918596	-0.1413840456	-0.03900159186	-0.02116834576	-0.1585392599	-0.147918491	-0.1391048603	-0.1562328186	-0.02723557691	-0.1545917325	-0.0131821073	-0.03623457886	-0.09161404759	-0.04232410747	-0.1393905722	0.04938227763	0.07766842531	0.09194401224	0.04711692728	-0.0002606533214	0.06244288525	-0.1413290129	-0.02157630336	-0.1461132567	0.02452084026	-0.01486020432	0.002454711375	-0.03274028537	0.0076694678	-0.006406826272	-0.02496772412	-0.1262362782	-0.1434310619	-0.1372588232	-0.02436855953	-0.01867176295	-0.04139609478	-0.1645492732	-0.1345210418	-0.12654513	0.0316402832	-0.1332403113	0.0004090835015	-0.0022316817	0.002009821815	0.06131873341	0.03421863036	0.05165976628	0.06819744908	0.08047279788	0.01860719465	0.0243484271	0.1213273495	0.09998543157	0.03660264985	-0.02260116087	-0.002900985092	0.05856942761	0.07339512127	-0.02146172334	-0.0104373231	0.05034609696	0.003718431397	0.07673944487	0.00622924041	-0.02258245923	0.01011977271	0.03673781576	-0.0642224953	-0.02495702737	-0.01836525521	-0.02566715304	0.09062427972	0.01163744705	-0.02207902947	-0.008012198681	0.01679298015	0.04394952162	-0.0203300415	0.03957444488	0.1221578166	0.01004957835	-0.02196661696	-0.005022185941	-3.993140902e-05	-0.01478944955	0.03130335683	-0.01690706517	0.01992255136	0.06583837188	0.08250392605	0.05729881088	0.05004159166	0.03954454933	-0.001122718789	-0.001589225756	0.004967295015	0.06543379411	-0.001806714379	0.000804062433	0.01016796497	0.0902709606	0.01043404093	0.08397165199	0.05654497014	-0.1387366695	0.07772011611	-0.01109183866	-0.05607875046	-0.00403588598	0.005256251099	-0.01175703974	0.03358194677	0.006542468368	-0.01899465395	-0.01693793251	-0.006583480221	0.02550279024	-0.01141396793	0.02664964395	0.04816284915	0.02945860999	0.04465182479	0.06300122088	0.06605098505	0.08068063006	0.02843559223	0.03774858461	0.03473728407	0.0459418375	-0.01740417753	0.05686436101	-0.02255929367	-0.008039034505	0.002980423792	-0.02417951573	-0.04110068306	-0.009314072547	-0.02750677923	-0.04106531371	0.0008655239922	-0.009349116854	0.03075746344	0.06072408672	0.0161765133	-0.01415693356	-0.01164823277	-0.06022133843	-0.003102791814	-0.01109139785	-0.08249836145	0.05105688106	0.1612192941	0.07897409325	0.05407926026	-0.01866374646	0.1243646188	0.1157650792	0.0487420403	-0.05564631853	0.0518892853	0.05699764907	0.04534080269	-0.01414642124	0.01273190334	0.005667372108	0.07440689276	0.04628972891	0.0269549216	0.05724955333	0.07357169979	0.01323051156	0.02628111988	0.007876145586	0.04364488222	0.02280447266	0.3619478159	0.03912715862	0.06207915879	0.01773807806	0.007065552279	0.03280063954	0.06283415247	0.0217295207	0.01817652993	0.05852589244	-0.03118671946	-0.03323174071	-0.0102024594	0.004717717882	0.03725609757	0.07822051645	0.02522422037	-0.04280433602	0.03586022964	0.009623577704	0.003917603717	-0.04632470812	-0.1215868756	-0.08742155433	0.04380372489	0.04908674173	0.07333798809	0.02002081247	-0.04086766763	0.02926129363	-0.0121473088	-0.1375003461	0.114735504	0.01310022036
-0.04500330006	0.06538098301	-0.007454788184	-0.007198699502	0.02622200736	0.08213758454	0.01498629753	0.01349037362	-0.02241133739	-0.104055762	-0.09764409363	-0.09865766563	-0.09714211769	-0.06839083312	-0.07602079315	-0.1048547424	-0.1038895636	-0.09284067841	-0.0514783426	-0.1081895958	0.05138554608	0.008804080148	-0.06946456036	0.06822480686	0.08575974184	-0.0897628849	-0.08127133744	-0.07213077286	-0.08149969218	0.07314183161	-0.07297033534	0.04247487434	0.02658565334	-0.06308411347	0.01387772344	-0.08190345441	0.004350749619	0.01997567588	-0.0009198804463	0.0378516044	0.03378846706	0.003606852372	-0.09524423948	0.01586075902	-0.08710670466	-0.02011601363	0.05659289259	0.06139526876	0.0569062962	0.01666705697	0.0662265541	0.03445981564	-0.0884286706	-0.06622673851	-0.07993514419	0.07664355408	0.08291044959	0.02808120958	-0.09250731541	-0.1103501242	-0.1142886502	-0.01861658264	-0.07069053079	0.02814019192	0.02905322057	0.05389473673	0.02250531859	0.05337481233	0.002322596948	0.0008200308066	0.02063285981	-0.02362110572	-0.02285148215	1.549644352e-05	-0.002039869854	-0.05318972359	0.04746874886	0.06904550632	0.02851817852	0.004223796925	-0.02618291026	-0.04461215731	-0.02216950826	0.01740188236	-0.02777585907	-0.03883232701	-0.04934766678	-0.01379131064	-0.03143634575	0.01809389957	-0.06678213969	-0.03877817861	0.02280344526	-0.008685087227	0.002026601304	-0.02523520982	-0.01466821558	-0.02106509074	-0.02937754152	0.03149977772	-0.006719312602	0.02011541948	0.02349790721	0.01594336594	-0.009270347778	0.0007640458191	-0.04239795564	0.06954413803	0.05625757379	-0.04867994893	-0.03898190312	0.01819790326	-0.00188980028	-0.01812453985	-0.01526125144	0.01036509419	-0.01514835226	-0.0381687549	-0.02721106018	-0.01129308482	-0.03089436321	0.06413473976	0.09164893287	0.13754683	0.08933337135	0.07716132772	-0.09303928461	0.002493082344	-0.04193174689	-0.01523976632	-0.03324438031	-0.02522253987	-0.01649627966	-0.02573051239	0.04223261671	-0.05297839194	0.005157329529	-0.01536792511	-0.006485697604	0.002844609924	0.004810628846	-0.03266071774	-0.02497157173	0.006841854125	-0.01941981394	-0.01976406967	-0.00278051937	-0.008123260042	0.0007744736015	-0.03196981965	0.01241354449	-0.02145521563	0.0548919386	0.009392965161	0.01740653584	0.01171861672	0.06107376224	0.0362404431	-0.00596562239	0.02396108809	-0.0389283225	0.05041416934	0.02369264841	-0.03594288475	-3.424950925e-05	-0.05194256492	0.01428045962	0.008350402519	0.02664508383	0.01586525009	-0.009978280424	0.002863995346	0.06877115116	0.07211941329	0.05992804148	0.05800274511	0.003978483513	0.03170160038	-0.03659486253	-0.02915349548	0.05469817919	-0.03317501131	-0.01359388024	-0.01410892606	0.01270154763	-0.0490927284	-0.03900715839	-0.007558931279	-0.02764788767	-0.04813916601	-0.01917016525	-0.00365836178	0.07087819532	0.1357105183	0.0751340558	0.06976044168	0.2751614879	0.03912715862	0.4107990518	-0.006092847694	0.09320687339	0.06408169721	-0.005818227261	-0.01068053515	0.02117582294	-0.02402894961	0.06913032498	-0.01054861895	-0.0208437767	0.02756277051	0.01775969086	0.004652944067	0.008672822639	-0.05243272115	0.04311958209	-0.0355143567	-0.04183753847	0.002076442503	0.009400003614	-0.09045617881	-0.06674811398	0.06189447697	0.03233096727	1.198145323e-05	-0.03812701007	0.0345635929	0.07707280529	0.01786107745	-0.09051165641	0.05664214917	0.04225295086
0.05767910058	0.04109990656	0.09176584459	0.05126756251	0.03846046604	-0.01054385259	0.0019844817	0.01988020178	0.1283692653	-0.1675259887	-0.1598725341	-0.1629660582	-0.1680695756	-0.1570109348	-0.153478098	-0.184897673	-0.1697056372	-0.1614733842	-0.1453376363	-0.1881432658	-0.05333386761	-0.07935311863	-0.1393498249	-0.05388180928	-0.04400296753	-0.1732686214	-0.1621143085	-0.1599024362	-0.1678378715	-0.04604250974	-0.1683729285	-0.06212297716	-0.09026461558	-0.1078979295	-0.09737304846	-0.1643754916	0.04800227581	0.07159729885	0.07151250149	0.008409670815	-0.04193600065	0.05211363367	-0.1806046846	-0.02746030762	-0.1797324065	0.01011229834	-0.06732343333	-0.02973832254	-0.03323936405	-0.05096224146	-0.01578962305	-0.05988903278	-0.1653438861	-0.1585447739	-0.1766056132	-0.04188743688	-0.03402817445	-0.06141245916	-0.1868414482	-0.1758111711	-0.1663279384	-0.03346719077	-0.1522007684	-0.07230223304	-0.068917464	-0.05586211349	0.03717670053	-0.008569533644	0.0233090191	0.07797481951	0.03838142547	0.1052873209	0.1031529071	0.09754582265	0.1886983933	0.0894766854	0.07491001617	0.006911087596	0.1418737152	0.08348132601	0.03726488496	0.07297020526	0.04070761885	0.04332263332	0.07095612066	0.03237883231	0.01985432274	0.02740711355	0.02588530964	0.005701515539	0.001565937214	0.009015148356	-0.02252102183	0.08392282256	0.06597217675	0.01075578321	0.0005285276759	0.03593451907	0.08401415034	-0.01390465916	0.05084088247	0.04848003626	0.01378903068	0.03624296547	0.03346018902	-0.03558269927	-0.007530601806	0.05909236959	0.02208348007	0.05882252241	0.06128071879	0.06621643966	0.09714109263	0.05559300696	0.07663270809	0.06318178575	-0.02468461308	0.05680988998	0.1229268735	0.02237396584	0.0106822268	0.02769263828	-0.03687823174	0.04116729179	-0.0437554972	0.02275086477	-0.1773311287	0.01588861255	-0.01331485862	-0.02470127906	0.01379255173	0.01557273876	-0.02138335432	0.07016987406	0.0222130025	0.01535333159	-0.02160813813	0.002151854387	0.02934692071	0.1118100443	0.007626229235	0.05090120852	0.007060026091	0.1297574568	0.116554504	0.1197005794	0.05276185178	0.05402000474	0.001656984831	0.01246184025	0.1094855486	-0.0206795055	0.01969108092	0.01501159037	-0.0008194586106	0.01342176722	0.01363076766	-0.01150908316	0.006679765538	-0.00301959445	0.0004151608348	0.0396515824	-0.02231375808	0.1124587528	0.1387954475	0.04281109211	-0.05952230235	-0.03320627267	-0.04320650402	-0.04455907734	-0.04865760067	-0.05557063236	-0.009657127454	0.03733480266	0.03955492551	0.001027987801	-0.02620330124	0.03595315052	0.05170000304	0.03684813909	-0.0831828654	0.04374884339	0.03534049742	0.03246509556	0.06217723044	0.04204197065	-0.02008853547	0.04593497624	0.07934330606	0.09995687268	0.0342961374	0.09753290522	-0.01653945057	-0.0305200016	0.05162329426	0.03061917264	0.07117032879	0.06207915879	-0.006092847694	0.3599007468	0.1997261876	0.2651669885	0.1034363511	0.2642961878	-0.0171439512	0.06379725377	0.04839940418	-0.01457462995	-0.003021401736	-0.07061213626	-0.05783189469	0.06940557747	0.05498164844	0.05137597675	-0.01229768754	0.01843446565	0.004916775737	0.01421494539	-0.08592367943	-0.142001918	-0.1194256575	0.01759045513	-0.001673572148	0.06044080241	0.1018408793	-0.06485630426	0.02731818503	-0.06404399812	-0.1487944929	0.04762237142	0.02374339009
0.0007204052515	0.06586575905	0.0320339164	0.02458530722	-0.009272247999	0.03233788353	0.03560089587	0.01155093444	0.09138271255	-0.1560442396	-0.1555655006	-0.1519803561	-0.1620480215	-0.1277811486	-0.1341644346	-0.1788917567	-0.156538364	-0.1476934781	-0.1165096108	-0.1849272811	-0.04059822687	-0.07111864404	-0.1293191692	0.01484802898	0.03519922143	-0.1474226781	-0.1370311154	-0.1270923096	-0.1391917933	0.02892900855	-0.1461053343	-0.02559508322	-0.06843780242	-0.09201573978	-0.07224509871	-0.1432181543	0.006948271477	0.01702390508	0.01405039046	-0.008437709163	-0.03653139809	-0.01862658857	-0.1441569452	0.002268664736	-0.1506958967	-0.06537890954	-0.006124854506	-0.01557757098	0.02090201965	-0.04449432117	0.02634993427	-0.03317687865	-0.1492685864	-0.1358018175	-0.1517313235	0.03442996533	0.04156764803	-0.05207539511	-0.1511219198	-0.1617940857	-0.1311758424	-0.08609406676	-0.116274766	-0.03156159283	-0.03096394638	-0.0188865795	0.0544326619	-0.01090643022	0.01211469969	0.0006361493508	0.0241849526	0.06021021121	0.06094215217	0.02032780917	0.1328513036	0.03517051198	0.1053940107	0.1320833499	0.06974815578	0.02198462222	-0.002336254235	0.02973199798	-0.01419683646	0.08218256006	0.02604772508	-0.003968087888	0.03805466752	0.006680343371	-0.03235596683	0.0402547139	-0.03068153147	-0.01723822323	0.005423491093	0.01961519681	0.04016858679	-0.02131194051	-0.0498124025	-0.03251269007	0.02261297802	0.01617348326	-0.0124214111	0.01774480893	-0.02626027964	0.1028511713	0.01097129312	-0.09043855947	-0.0434694508	0.06383818778	0.04633194217	0.04710915452	-0.007303705635	-0.00454344011	0.06573805805	0.04197439919	0.03166162159	0.05663159559	-0.01004314653	0.02166857986	0.05346548963	-0.003920257453	-0.04006487918	0.07372127895	0.07226742099	0.1399497197	0.05317613193	0.06498686937	-0.142054478	-0.009714277108	-0.04920732334	-0.03513325381	-0.04274423204	-0.03648542433	-0.0658133238	0.01051762082	0.01945565037	-0.07606753801	0.05741795467	-0.05040561547	-0.01494841481	0.1561964911	-0.003434266369	0.01320606733	-0.01710815602	0.06246126164	0.05136287962	0.05454405617	0.003706615776	0.05102672377	-0.009439133111	-0.01189161776	0.1269448476	0.02942933738	0.07934873173	0.08285195365	0.07719856571	0.06418685926	0.1001182269	0.06885756877	0.08903344043	0.06915390445	0.05095853978	0.0771113574	0.04253553848	0.05006481656	0.04965530179	-0.04832745091	-0.01055202282	0.05888108484	0.03368638635	0.05173929819	0.02947757402	0.04440711495	0.06960469068	0.01193825719	0.07260203848	-0.00528073962	0.05064424965	-0.009259129863	-0.01171585307	-0.009965593966	-0.01119876532	0.02774563488	-0.01670596606	-0.005343933035	0.1560456436	-0.02273957926	-0.02549738664	-0.006003173756	0.01089339859	0.05289127191	-0.02672313991	0.04377233046	0.02442570222	0.04138806466	0.04289421999	0.01686991719	0.1094650868	0.01773807806	0.09320687339	0.1997261876	0.405958054	0.3041748393	0.1123661244	0.1490899688	-0.01657889708	0.07925842116	0.03518739193	0.01470310165	-0.009440903135	-0.04198721861	-0.04713119985	0.003644907047	0.02378067748	-0.01616218887	0.01953441225	-0.04198355281	-0.06630112819	0.01298549788	-0.08554321049	-0.1478979871	-0.1019564792	0.04473723288	0.02720302787	-0.01458620953	0.04998331878	-0.01849180236	0.08788470812	-0.04732420351	-0.1393004334	0.01136038272	0.04604086877
-0.004327474056	0.05184707838	0.02891108532	0.02573673744	0.01281699013	0.03763316398	0.01958735572	0.003418481752	0.09579184488	-0.1488502352	-0.1495044644	-0.1451802129	-0.1552215536	-0.1169478517	-0.1221382096	-0.170375077	-0.1491694328	-0.140584181	-0.09603243866	-0.176045652	-0.01964615161	-0.04792827429	-0.1031074302	0.01804154633	0.03539707508	-0.1360426646	-0.1260758338	-0.1208390058	-0.1311911305	0.0274689894	-0.1382204364	-0.01631948353	-0.07081771861	-0.07569841312	-0.05883865159	-0.1305729028	-0.009945670757	0.001954797805	0.006135674198	-0.0007914459655	-0.02419969942	-0.01322389625	-0.134752574	0.01373091831	-0.1411613987	-0.04650831356	-0.01463246705	-0.01891321234	0.02179035649	-0.02864907238	0.02699373964	-0.04010807035	-0.1380819618	-0.1280811636	-0.143199488	0.03213591644	0.04016174674	-0.02841539177	-0.1420932135	-0.1546580193	-0.1232353224	-0.05893090779	-0.1087506426	-0.04920852529	-0.04062161681	-0.03894164632	0.05657421883	-0.00947940052	0.001956946509	0.008140746611	0.02305919192	0.04981189273	0.0506871686	0.04763278683	0.1439791628	0.02707159638	0.1031788688	0.1139448477	0.06232441035	0.01681315609	0.03801406241	0.01473677064	-0.01399404071	0.09255515607	0.01708374443	-0.01200191718	0.0285441716	-0.006439915413	-0.02046073987	0.03405315932	-0.03964571872	-0.02563502684	0.01641487463	0.01134649662	0.04892180169	-0.02833612017	-0.03536812646	-0.006542728122	0.02542311314	0.02703555125	0.01112865076	1.127045343e-05	-0.03633550652	0.1218813542	0.02348164152	-0.07187774737	-0.04796112692	0.07023815374	0.03040538381	0.01046601023	0.01516755444	0.002639464104	0.07858338341	0.01904277877	0.03194234561	0.0873540654	-0.05880495728	0.009594823499	0.0482774483	-0.01059859103	-0.02516763936	0.05313267663	0.01022571669	0.1668078287	0.03048822841	0.06334090509	-0.1327524252	-0.01427438557	-0.05372852497	-0.02007170388	-0.02701356354	-0.02789404665	-0.06624438439	0.01660810221	0.02325850022	-0.04985322113	0.04447091976	-0.03609758857	-0.01949958569	0.1538150914	-0.01383501797	-0.004219570148	-0.03565295974	0.05719179588	0.04801296892	0.05114888427	-0.01222933532	0.01811292296	-0.01714576533	-0.03039802914	0.1342783083	-0.001305111941	0.03701235033	0.05809189154	0.03837588996	0.04599533063	0.06348554267	0.04418778151	0.04579023032	0.04428096507	0.0484420199	0.06734557211	0.04936716958	0.05852825105	0.06091310057	-0.008749783998	0.01648134021	0.04666527798	0.05580597762	0.04849797449	0.02740173498	0.04866931586	0.06559749648	-0.0144724519	0.06080827252	-0.002369291292	0.05507123494	-0.01253554907	-0.008204761515	-0.02400776597	-0.05529392645	0.005442566547	-0.004833287571	-0.009217591118	0.1395600771	-0.01662942274	-0.06280847119	-0.02107524469	0.01393421342	0.03654827885	-0.02679121866	0.05541146145	0.006686204383	0.0377800837	0.04905089476	0.02959990564	0.09788678052	0.007065552279	0.06408169721	0.2651669885	0.3041748393	0.4167137784	0.1025391634	0.1992361856	-0.0007552155375	0.06440868727	0.03836279852	0.0126669495	0.009031984323	-0.03788897592	-0.04334244504	0.004914355763	0.0191298735	-0.01403064176	0.02917987985	-0.03284204451	-0.0435070888	-0.004425492892	-0.06447812821	-0.1285508616	-0.09328378465	0.03018623945	0.02084764369	-0.002982192769	0.04087292688	-0.01288129469	0.06354471451	-0.04497219906	-0.1189451448	0.0003428746382	0.05637050701
0.005820810565	-0.03146860816	0.02323556713	0.02180422868	-0.02685236674	0.07302157386	-0.00561452552	0.01841654709	0.1029943587	-0.1593151329	-0.1498550149	-0.1508991132	-0.1477620506	-0.1553513008	-0.1432006577	-0.1447364746	-0.1571302946	-0.1571023873	-0.1342840309	-0.1504712971	-0.02711759962	-0.05205136686	-0.1294829937	-0.03072326295	-0.01081005653	-0.1605802868	-0.1580831758	-0.1433707267	-0.1525853285	-0.0175406997	-0.1557606707	-0.04393550619	-0.06992891526	-0.09764009136	-0.07175170386	-0.1529657188	-0.0009156323979	0.02322091138	-0.007761544737	0.004838953555	-0.02403141894	0.007579851466	-0.1704595217	-0.01426548562	-0.1584841576	-0.02151125912	-0.01134545598	-0.07128158552	0.001969619324	-0.02221371296	-0.01024055947	-0.04142731442	-0.1477764098	-0.1579458693	-0.1418719763	-0.01427456823	-0.008977174833	-0.02267325345	-0.172685338	-0.1593922126	-0.1515602878	-0.006889895438	-0.1448594808	-0.01119523964	-0.017652598	-0.02285883232	-0.01484851565	-0.05498510416	-0.02238267545	-0.02312913308	0.005831106184	0.02516050572	0.02588323441	0.05253010201	0.1036821543	0.05627429664	0.04229478408	0.01309169491	0.07545714531	0.01433872266	-0.001704734819	0.07315664027	0.00401245509	0.05104496255	0.0868866918	-0.001935935007	0.00313579916	0.08253216011	0.06289743216	0.06749066369	-0.02590712625	0.09512139917	-0.01016441569	0.01489142203	0.04525449129	0.09618250469	0.09202578436	0.02513206214	0.009597504593	-0.002714236447	0.06922276791	0.009485458448	-0.03232684224	0.01034415018	0.01251010169	-0.008391283392	0.08870405869	0.005371412167	-0.02243344321	0.1769491629	0.0009364496082	0.03564924403	0.02789605691	0.1021765804	0.04428117753	0.03805322061	0.08572463859	0.08272383187	0.07597842832	0.07447128846	0.07851947198	0.07170808407	0.09010848534	0.1242815794	0.002099371485	0.003152842627	-0.1673894878	0.01977839192	0.06832153515	0.02963140674	0.009386794306	0.08918540778	-0.03110160451	0.04051569999	0.0002364236311	0.01509655459	-0.000215609674	0.09136161229	0.03734140864	0.0653005084	-0.008101948165	0.03814730983	0.03944613344	0.1075248893	0.08348638942	0.08633211161	-0.005681205056	0.108427598	-0.005058433771	0.04469972432	0.06013867687	0.01538754977	0.02730616956	0.03142723033	0.04399445372	-0.004357705253	0.01454479019	0.02644402142	0.05989744188	0.0314019886	0.005060872135	0.02551668776	0.01726770266	0.0511545874	0.01400417574	0.07213041509	0.02421241008	-0.01499516003	-0.006079265969	0.01471782338	-0.0150993609	0.02496772062	-0.02538878682	0.01432431806	-0.00859688269	0.03610911899	-0.007815720426	0.02477608647	0.0145876701	0.01931694322	0.03569824237	0.1115194442	-0.01635585064	0.01104143436	0.06916214371	0.05361255675	0.08293694884	-0.001102284495	0.08435926412	0.05577876526	0.02956944453	0.04541381938	-0.04859020103	-0.04000696415	-0.02414831386	0.002333188173	0.004309503584	0.03280063954	-0.005818227261	0.1034363511	0.1123661244	0.1025391634	0.4041841739	0.1072067893	-0.01732969563	0.0891456659	-0.04893736383	-0.03042909454	-0.008780109474	-0.04881413785	-0.021464217	0.08602288848	-0.000350584209	0.07739266574	-0.006542802266	0.02852250095	0.02191392362	0.02397798193	-0.07365020032	-0.1373042506	-0.1098650257	-0.04954802351	-0.004912226232	0.01020115627	0.06779571424	-0.02956217564	0.03547332757	-0.05249073769	-0.1394953869	0.02153395842	-0.01108790524
0.0603788335	0.02880101759	0.08960770896	0.05425821444	0.05231070155	-0.02793122559	0.0109140138	0.03577945097	0.1041121549	-0.1850011071	-0.1766606259	-0.1814102616	-0.1723789447	-0.1789858704	-0.1737484984	-0.1821312818	-0.1883414905	-0.1826762451	-0.1699668925	-0.1854725048	-0.03713904051	-0.07292627359	-0.1556716005	-0.07251180315	-0.06045036558	-0.1868354621	-0.175475852	-0.1840853308	-0.1853609748	-0.06659562858	-0.1850405488	-0.06674178634	-0.07412069211	-0.1189197851	-0.08504464718	-0.1779902526	0.08606329308	0.06409554352	0.07391117681	0.0121131309	-0.02895193294	0.054243974	-0.197835618	-0.03879333525	-0.1837571778	0.02447515189	-0.06424037571	-0.01853560101	-0.03766571245	-0.04559481157	-0.04592289484	-0.05600753871	-0.1797816669	-0.1753418879	-0.1719155392	-0.06335121802	-0.055713105	-0.05182103424	-0.2041269126	-0.192108749	-0.1843918163	-0.0262379151	-0.1756213315	-0.06503521726	-0.06226851339	-0.0503675617	0.03300251435	-0.02238832661	0.04341539538	0.1010834036	0.04355374472	0.06431766249	0.06547065067	0.1165002395	0.171436179	0.08024066464	0.06767583817	0.006686163655	0.1721752151	0.07763926001	0.02922977735	0.0441205568	0.04182213402	0.03586816883	0.0657904112	0.05214668121	0.01977891479	0.0266296531	0.04127046329	-0.02659838591	0.0186465508	0.02483482525	-0.05081577607	0.08760576316	0.04092843045	0.0188453197	0.008593041531	0.05758911835	0.07785797916	-0.03540918026	0.08203204896	0.07210455722	0.03584016264	0.02362654084	0.03484440888	-0.01842989705	-0.01693880926	0.07914856055	0.02417249199	0.06849314983	0.0694220956	0.08141849249	0.09604733848	0.06584982505	0.07775863405	0.07160639007	-0.01974524745	0.05668301325	0.1400390996	0.02611970658	0.03046584365	0.0301809699	-0.03668162568	0.03659488604	-0.01661179423	0.05479284095	-0.1938688839	0.02881967108	-0.0226654845	-0.01657380433	0.02781489209	0.02360554246	-0.003948702581	0.08025848819	0.05275219475	0.001818361507	-0.03144073236	0.0102067245	0.03898790396	0.1136718058	0.0233670878	0.08213133979	0.02059144312	0.1481741174	0.137309376	0.1377345831	0.0719197519	0.06082983542	0.02436111072	0.02586607973	0.1487950785	-0.01878756662	0.05397890208	0.01476489316	-0.006968819929	-0.007507891655	-0.02571457688	-0.04928496365	0.007287834144	-0.00790994365	0.001089231727	0.03987443003	-0.006758752325	0.09775034462	0.1276666282	0.03362657027	-0.03456907557	-0.01268036318	-0.06544218636	-0.00821958671	-0.03862254476	-0.07929454242	0.0005888932609	0.05736981001	0.01874036809	-0.01429183918	-0.005376001066	0.0405308416	0.04962426784	0.02892589564	-0.08143122913	0.0500840415	0.02592613934	0.02070318262	0.05844098604	0.03934192041	-0.02195925154	0.04975309763	0.09939250173	0.1045737907	0.05698005817	0.09324778272	-0.01465253479	-0.0005933790982	0.03825843384	0.04098014061	0.06526870106	0.06283415247	-0.01068053515	0.2642961878	0.1490899688	0.1992361856	0.1072067893	0.3310365179	-0.006084303951	0.04902761333	0.02665421416	-0.02792838681	0.005163732185	-0.05319631329	-0.03624753296	0.0897443321	0.06632751581	0.0684836403	-0.01990461716	0.01285239915	0.01892873836	0.02189396895	-0.0677686371	-0.1638195193	-0.1274758662	0.02448125058	0.002317104438	0.07888571454	0.0848558932	-0.06023477022	0.03393223999	-0.05101999428	-0.1600384184	0.05691440454	0.0105752709
-0.02546679718	0.02197010411	0.01730650471	0.02675523195	0.1043227536	0.04814723657	0.0917376147	0.07265217933	0.001882998693	-0.1213444833	-0.1126372067	-0.1184464184	-0.1117920797	-0.09124240924	-0.07786341999	-0.09931205721	-0.1117975903	-0.1106077768	-0.09404537013	-0.1053376388	0.05967071927	0.07429741099	-0.0774619453	-0.02177614673	-0.007665208918	-0.1032885804	-0.09156741513	-0.09088110927	-0.08944576756	-0.01710565395	-0.08433509587	0.02321142435	0.1021083114	-0.05532600624	0.06835915841	-0.08746278499	0.06813482511	0.08855019552	0.07690660288	0.09746376048	0.2315100516	0.08628347243	-0.1089325132	0.01284111671	-0.09937174047	0.06198080609	0.05257611245	0.08325023004	-0.01897484692	0.09345196772	0.007866375437	0.05733543393	-0.1047127869	-0.07610105849	-0.08137885266	-0.0202474614	-0.01737185972	0.1053842369	-0.1143375915	-0.1242696293	-0.09933352383	0.02031474725	-0.08655517185	0.04303433222	0.03535103736	0.06619854509	0.04106499684	0.078753633	0.07831254287	0.05089273254	0.0183064728	-0.02456775801	-0.02022544877	-0.009446255537	0.00177934671	0.01193797189	-0.02186021081	-0.01569299504	-0.0006029925466	0.07232869488	-0.03140512276	-0.05151358621	0.004852559638	-0.01376525091	-0.01247787662	-0.01873765438	-0.002619535579	-0.02544922866	-0.009032906623	-0.06123297741	-0.01809868634	-0.02927615948	-0.02244927944	0.05519290079	-0.03015233903	-0.0186653737	-0.02346161393	-0.01804041654	0.01599438284	0.002258038141	-0.007040404137	0.01739825104	0.04882947717	-0.00133266587	0.02496776574	-0.0191312506	-0.02574145823	0.05441920607	0.027802665	-0.00710797181	0.02877004545	0.08650957103	0.02672676142	-0.01823378674	0.01316050648	0.01413502912	-0.01929970578	0.01284256743	0.02239193715	-0.03070424587	-0.02678989462	-0.01346476982	-0.008655183747	-0.0406150721	0.004829840813	0.06352079596	-0.1069649225	0.003286314909	-0.02359421378	-0.03666104078	-0.03255454054	-0.02596214426	-0.01091565391	-0.02568958047	0.03180635753	-0.02057421884	-0.0142136348	-0.02395198526	-0.02582204881	-0.01058916298	0.06823248064	0.01855236285	-0.01568249948	0.03264633626	0.0244857127	0.027475425	0.05649903009	-0.04420235514	0.07829193374	-0.01291830088	-0.00163441575	0.02862355697	-0.005010614894	0.002968786141	-0.04212805077	0.07183932545	-0.04497665866	-0.0559785933	-0.04843144562	-0.0137546237	0.01802857469	0.02801394835	-0.01702383669	0.01543328461	-0.007998942752	0.02020698413	-0.03592478763	0.00838810057	-0.03724110544	-0.003432622426	-0.01162973545	-0.04877815445	-0.01206649553	0.01110105127	0.04314704412	-0.03686824887	-0.001138921266	-0.02105214213	-0.0144110445	0.004209331366	-0.03339960555	-0.01319626353	-0.006272208175	-0.01086740064	-0.02663832619	-0.009516600927	-0.0056970218	0.01156555834	0.0593196159	-0.01433163044	-0.01014810112	0.03824264635	0.02582505237	0.05060911632	0.02394680249	0.02037658049	0.021906654	0.0217295207	0.02117582294	-0.0171439512	-0.01657889708	-0.0007552155375	-0.01732969563	-0.006084303951	0.3838911635	-0.04753691128	0.07315136438	0.03188430276	0.04759724676	0.05720483804	0.08058382795	0.05048603749	0.08170463004	-0.007658609993	-0.0329440082	-0.007445795701	-0.02940292637	-0.01118355304	0.08506462286	-0.1139443237	-0.05121067619	0.01654499024	0.04677985347	0.06511517957	-0.008742446796	0.02146830748	0.04458199354	0.1108963217	-0.09518706342	0.02668443632	0.04727173712
0.06202768615	0.03850901962	0.02466434225	0.03530345068	-0.01726551663	0.03821328731	-0.01113802058	0.01004145453	0.09416662873	-0.1312346294	-0.1235750546	-0.1232993499	-0.1233999433	-0.1490216526	-0.1381908981	-0.1190808867	-0.1293378803	-0.1383068833	-0.08257529002	-0.1249544601	-0.004175418081	-0.02535368458	-0.1129953606	-0.008265384507	0.004729045669	-0.1676777463	-0.1616263871	-0.1318701149	-0.1591406846	0.005320945488	-0.159176632	-0.03946495174	-0.06974474003	-0.0574490953	-0.0686611366	-0.1387302052	0.00599793456	0.01309700727	0.008584614278	-0.02416289317	-0.06515012278	0.05077682346	-0.1226242735	-0.02163941012	-0.1485453807	0.03409533814	-0.04245540818	-0.02557763692	-0.002037526047	0.0006858299497	-0.004998467973	-0.06064090573	-0.137329809	-0.1516839864	-0.143003305	0.005808087678	0.009934081905	-0.001174587113	-0.1482413343	-0.1293779163	-0.1194684466	0.007551293992	-0.1350913642	-0.04266073002	-0.06209099435	-0.05888359812	0.01229737472	-0.04687627416	-0.002628558664	0.009373590999	0.03535604373	0.05966820798	0.05489592295	0.04183053305	0.05297853789	0.05271468484	0.06714259908	0.005022551059	0.07172316041	0.0314632255	0.04547521508	0.04944483198	-0.008308385662	0.07683638275	0.05555619827	0.009134046661	0.009242429029	0.01841405037	0.01300488611	0.07949000574	0.01902771585	0.06540897495	0.05451502646	0.03072014917	-0.02532504623	0.09188126758	0.04677199114	0.005620635889	0.02482633003	0.05506891713	0.006124622825	-0.0042529286	-0.03672331935	0.06172516581	0.03956222931	-0.0254992649	0.06989510833	0.03898920439	0.02813633925	0.04927188969	-0.009636131999	0.04671625718	0.09787436267	0.02076213845	0.004290657552	0.07370464296	0.0546248693	0.00621985284	0.03761699588	0.01345870217	0.04823509265	0.06730663022	0.06776153102	0.02595182168	0.01973460545	0.01611237049	-0.120584822	-0.009242043233	0.08118095446	0.0803473311	0.01376135841	0.04033067007	-0.01127235136	-0.01051209248	0.02191336354	0.03748787895	0.03347519017	0.04608685315	-0.0111211039	0.08084879594	0.01426787845	0.01827595707	-0.01175816079	0.05309973765	0.03031842355	0.02995107663	-0.0001898428837	0.0514240777	-0.007449862095	-0.01023014839	0.1262797563	-0.02020599093	0.005129911925	-0.0001104950298	0.03009072406	-0.01193764049	0.01841435524	-0.01264725808	0.02121185168	0.02955092421	-0.01196649266	0.08111731105	0.01969704183	0.01136764037	0.05920483283	0.05479064837	-0.003646851025	-0.008376512245	-0.01804535366	-0.01131825617	-0.003048124636	0.04824686147	-0.02831920801	-0.00493817939	0.0007510260445	0.05196085723	-0.003487897878	-0.009709466398	0.01065730198	0.03040369308	0.04082367303	0.06512618088	0.01221282308	0.0597285871	0.1152972518	0.04255960716	-0.001219801983	0.02239443787	0.04107430866	0.04929120058	0.00512392161	0.0374959719	-0.01276976991	-0.01282136273	0.013533734	-0.00303378897	0.01431198274	0.01817652993	-0.02402894961	0.06379725377	0.07925842116	0.06440868727	0.0891456659	0.04902761333	-0.04753691128	0.4076833108	-0.02548615142	-0.03049491495	-0.006329773947	-0.06732524409	0.01258532073	0.03350979012	-0.005998832637	0.03617451078	-0.002390589323	0.03063396818	0.003676848113	0.007481674006	-0.04705817509	-0.08527724035	-0.06764304641	0.007422614985	0.01241028116	0.05082449254	0.06357964802	-0.03577466981	0.02440401841	-0.05299864558	-0.07481838198	-0.009156213909	0.08077456862
0.009778873127	0.1062306006	0.06640160141	0.09488493616	0.07407990608	0.05822042471	0.1050753722	0.1295861568	0.05669054862	-0.1426034625	-0.1324420017	-0.1358138514	-0.1370280378	-0.1146263451	-0.1185977758	-0.1371156342	-0.1459753198	-0.1265997004	-0.1249308029	-0.1417957217	0.02278310533	0.01961806572	-0.1238427478	-0.02797667103	-0.009197744243	-0.1375456997	-0.1388642068	-0.1193281551	-0.136640728	-0.01924519891	-0.1284698804	-0.007758418821	0.09826103227	-0.1072049771	0.009688308714	-0.1240929553	0.1186542694	0.1551360443	0.2176319291	0.1066125565	0.07755962076	0.1367526392	-0.1542553453	-0.0401919162	-0.1339851805	0.03190461616	-0.01587331354	0.1101615402	-0.03378377623	0.004648829237	-0.005875068077	0.01423455332	-0.1311896821	-0.1173385329	-0.1353391063	-0.02181609294	-0.01314377878	0.05964523136	-0.1457611719	-0.139013525	-0.1609667638	-0.01150083155	-0.1241894508	0.007882056819	0.01424687252	0.02609323212	0.09198530381	0.2316963355	0.185798417	0.1463780671	0.04776773575	0.04636823777	0.04708748032	0.02810254088	0.04969871112	0.04031616075	0.01819567984	0.0009960497517	0.03797970375	0.1685987894	-0.06092725292	-0.06867923188	0.008232059076	-0.01880812575	0.01327135963	-0.006205860222	0.006949109979	-0.07015343393	-0.04204220142	-0.03082496576	-0.02773608389	-0.05017904138	-0.05444577418	0.1929703372	-0.0789719434	-0.05114802269	-0.07305861486	-0.05162868299	0.04918912149	-0.00324842239	-0.03034163872	0.0708022654	0.1335069204	0.0138423781	0.05105631513	-0.007253846491	-0.03597308229	0.06440820861	0.02758144354	-0.02237313357	0.06656382314	0.1067237617	0.0320923505	-0.01083840776	0.03171807296	0.01812937049	-0.04468666293	-0.002469208648	0.06005387341	-0.07472857505	-0.06428018379	0.03245807131	-0.007620093654	-0.03600779158	-0.01836364277	0.05607594505	-0.1506563693	0.02177560678	-0.03549290762	-0.04125585131	-0.06881253987	-0.07785497777	-0.03766645176	-0.02696641171	0.04572106035	-0.02731356731	-0.04672640987	-0.07156944172	-0.03154191495	-0.005893003003	0.1125857067	0.02118713169	-0.05070063863	0.05122004761	0.06007402838	0.0630346268	0.1868884726	-0.04969259809	0.1127027543	-0.04579879405	-0.004122495157	-0.008930902039	-0.009653137929	-0.003194854907	-0.05447568475	0.01528822077	-0.008948331782	-0.05847121935	-0.06251116248	-0.05897841465	-0.03596053937	0.07314097052	-0.02732678049	0.03507848895	0.05312083647	-0.02163681657	-0.09416278312	-0.04272384621	-0.0362736075	-0.06776861465	-0.06991305251	-0.08866650254	-0.02040982883	0.05909544832	0.03792539479	-0.01642987073	-0.05308130514	-0.01804079408	0.03126785366	0.0266070932	-0.02586953013	-0.007494800931	0.02251121397	0.03272039914	0.03321636994	-0.0110707619	-0.02735898579	0.06163509798	0.09223462837	0.02358208306	-0.02417756866	0.08514924484	0.0482376907	0.0801516151	0.05993849615	0.06037131648	0.07326417671	0.05852589244	0.06913032498	0.04839940418	0.03518739193	0.03836279852	-0.04893736383	0.02665421416	0.07315136438	-0.02548615142	0.37810752	0.01364436268	-0.03606210173	0.01251430259	0.02556610501	0.06059059823	0.1842640732	-0.01312351652	-0.0008737080979	0.01386216843	-0.052117667	-0.02995934075	0.04216557919	-0.1255890081	-0.1012043487	0.05802449673	0.02481161471	0.09622341694	0.01362576978	-0.02093107708	0.03547073781	0.0723962252	-0.1345210312	0.06821254094	0.0416389822
0.004558926022	-0.03896185114	-0.01553368153	-0.029327185	0.003904589937	-0.007571169754	0.01501144376	0.0115130839	-0.01745966766	-0.0174365351	-0.01785340041	-0.008730875218	-0.0224169091	0.003100121128	0.004150911285	-0.03356271287	-0.02019295628	-0.00388978417	-0.04589879996	-0.04836299144	0.06226682795	0.0649669401	-0.02918579217	0.06560031524	0.07874446569	-0.005926900293	-0.01477427493	-0.001968070533	0.005883365275	0.08893351542	-0.01565149314	0.04991053014	0.05036893117	0.0131702125	0.06986650983	-0.001171035084	-0.009118596495	-0.02775800326	-0.02771612198	0.04265443024	0.03586740505	-0.02647182915	-0.01157224974	0.08587585581	-0.002352912462	0.02229990755	0.0686283246	0.03699294957	0.008974708022	0.04907660669	0.05635056137	0.0454640516	0.0001858065955	0.01435664279	-0.01061115694	0.08780415507	0.07615771724	0.05739464467	0.003350284456	-0.003263433528	-0.003889462415	0.02045215714	0.002138031772	0.07019993791	0.05831214792	0.03596700723	0.000626830008	0.008618319953	0.009830774782	-0.03129811488	-0.03708285371	-0.03235796394	-0.03125668261	-0.02711445207	-0.03771376054	-0.0263375471	-0.0009494570862	-0.008278026574	-0.03463477354	-0.0229303395	0.01559958342	0.02202419368	-0.03367906681	0.01164262792	-0.0258263344	-0.0355619425	-0.00380804519	0.02258017216	-0.02297408474	0.01554087911	0.003017066366	-0.008325058699	0.01882700467	-0.02683173804	0.02355493205	-0.01617054659	-0.01668749403	-0.004432603357	-0.04194820514	-0.05201101268	-0.03076930724	-0.0277064681	-0.01896904344	-0.01086442649	0.03031064721	-0.03830688159	-0.01332098353	-0.03819094265	-0.02511733152	-0.02085099189	-0.04413540242	-0.02286317909	0.004330617439	-0.02337229253	-0.04555942504	-0.02703913981	-0.01111905803	-0.006306692326	-0.03642901971	-0.006955740391	-0.006054081881	-0.02779312961	-0.02822464668	-0.002251855976	-0.01780359042	-0.01270238737	-0.01397886901	-0.02549588572	-0.004954662296	-0.01217461734	0.002626396281	-0.007497767291	0.02637527886	-0.02301454208	-0.00318836834	-0.02991534223	0.01498152243	-0.01507984513	-0.01071488912	0.0009873892671	0.02277816766	-0.007509142034	-0.002077421681	-0.01244170397	-0.03462167852	-0.03831164757	-0.02513441708	-0.01417931095	0.02199635324	-0.00672563959	-0.01467140092	0.09019566687	-0.01812050919	0.03971694945	0.02007390464	0.05591143268	0.03879008131	0.04836477374	0.03494612315	0.02481185994	0.08446369665	0.02022804065	-0.01352754723	-0.03182971892	-0.04492800271	-0.03027355792	0.02027446952	-0.005836532331	-0.02060580144	-0.003396241545	0.009340379544	0.01449350773	0.01908537624	-0.03763418081	0.01826114997	-0.04367038033	-0.004306657962	-0.03563868825	-0.06541300992	-0.03399522512	-0.01949228831	-0.02305523709	-0.03155883054	-0.05702286497	-0.02377515035	0.02437854597	0.01078917758	-0.03295523773	-0.006620801453	-0.02878970848	-0.0129416591	-0.05245518544	-0.03353672851	-0.01611838731	-0.04562683321	-0.05791297194	-0.003578317832	-0.03118671946	-0.01054861895	-0.01457462995	0.01470310165	0.0126669495	-0.03042909454	-0.02792838681	0.03188430276	-0.03049491495	0.01364436268	0.4685250477	0.09836174099	0.05097158186	0.0753259693	-0.01421911773	-0.03128940358	-0.03173997855	-0.003237075321	-0.04213546102	-0.0206341711	-0.003837663445	0.03277860913	-0.0381738931	0.01566875035	-0.03166603685	-0.006270246001	-0.02320570146	-0.01254464799	0.07653736133	-0.002268322965	0.02199298465	-0.02402764858	-0.01788850104	-0.009739063293
0.02981973659	-0.003660316827	-0.01169934137	-0.009587991999	0.05502490025	0.002963700979	0.01372148091	-0.005313025941	-0.01782149556	-0.08520713934	-0.07334178606	-0.07352002159	-0.07151657676	-0.0548750899	-0.06777252632	-0.07036440149	-0.07596457286	-0.07897443928	-0.09965422572	-0.07473854638	0.1319793708	0.1365578032	-0.07770518357	0.01503234181	0.03246317587	-0.06735023986	-0.06126061795	-0.06284109372	-0.06251830516	0.02612140776	-0.0558267933	0.08224523254	0.07906409328	-0.04714168609	0.09558144389	-0.04780592135	0.02418425263	-0.006158898151	-0.02343318146	0.06397501908	0.07627627339	0.009266986205	-0.06618402721	0.005115584535	-0.06584406731	0.0519071158	0.0897730479	0.07375392915	0.00861834085	0.09831049132	0.04116802908	0.05137220442	-0.06744919206	-0.04089872659	-0.04290883664	0.02455958812	0.02670122482	0.09794800248	-0.0619014902	-0.08149956796	-0.05712879463	0.07071455226	-0.0502150931	0.1327156842	0.1294159096	0.04042907042	0.005373106999	-0.02273103916	0.0362986919	0.02505045359	-0.01803590568	-0.02099315432	-0.02282502703	0.00763420101	-0.01787238749	-0.02384975457	-0.007603144358	-0.05327147334	0.000811805229	-0.005419082233	-0.0258730068	-0.03293794901	-0.04417085412	0.02895488625	-0.04825298786	-0.03415560071	-0.002034648067	-0.009169203128	-0.006041461272	-0.04965979488	-0.003050459397	-0.03235317717	0.061917633	-0.03861302036	-0.01658911792	-0.01315952457	-0.02438942626	-0.002411770238	-0.02661525073	0.005343514889	-0.008165351022	-0.01398467058	0.0150996583	0.0001261240841	0.03683967976	-0.03457899991	-0.01905712108	0.01827906568	0.03745455414	0.002489098577	-0.008260950869	0.01209500651	0.04802467977	-0.03535210957	-0.0236506128	0.015108531	-0.01456318033	0.002500218702	-0.02057868661	-0.01589794955	-0.001998302373	-0.01556364105	-0.01517774683	0.004018690108	0.0153183192	0.02415010504	-0.06542100111	-0.0173875351	-0.01349890129	-0.009628917026	-0.00728468396	-0.009577408995	0.02077216749	-0.02081331237	0.0343155476	0.015375316	0.01932846218	-0.02513305482	-0.02196907846	0.00175015628	0.03199221358	-0.02352114272	-0.02133346995	-0.01523835834	-0.01756881771	-0.02135551503	-0.006820234884	-0.03927611954	0.04070883319	-0.02754791431	-0.01290056312	0.08235523736	0.004998077143	0.03468962856	0.01259619354	0.02393783948	-0.02007531454	-0.02374798264	0.002562893053	0.006624870632	0.04712217483	0.002622053152	-0.00732244342	-0.01155967642	0.02673074695	0.005721033986	-0.003407700035	0.02983012006	-0.04031781442	0.01527365879	0.02412090212	-0.03436821159	0.02482206892	-0.02700961113	0.01666968884	-0.004340860772	0.03241118581	-0.001827600382	-0.01953713789	-0.02658614374	-0.02804778899	-0.03205233279	0.04488997764	0.001915327122	-0.007305732382	0.01703385242	-0.01107047051	-0.004680076427	-0.006564233809	-0.01354634293	-0.02003788172	-0.003079677934	3.72508794e-05	-0.005845963418	0.01907585043	-0.008296036608	-0.01546515484	-0.03323174071	-0.0208437767	-0.003021401736	-0.009440903135	0.009031984323	-0.008780109474	0.005163732185	0.04759724676	-0.006329773947	-0.03606210173	0.09836174099	0.4252252719	0.1297640872	0.1269619779	-0.002727957045	-0.01302726487	-0.01380182355	-0.02786320527	-0.01041409352	-0.01883584014	-0.01549833534	0.06570538946	-0.09790452982	-0.04118389253	-0.007910608508	0.004144383689	0.01764690651	-0.005774200117	0.05549044518	0.01870329065	0.08314262059	-0.09384493446	-0.004037731549	0.02500277602
-0.05586816474	0.01183590107	-0.02677154962	-0.00678811567	0.02629908537	0.01362264462	0.02741361993	-0.001795328726	-0.07001019809	-0.06996679539	-0.06618866468	-0.06118081829	-0.06059976817	-0.03547160336	-0.01672474381	-0.04842026192	-0.07020043057	-0.05915945435	-0.02754725147	-0.05950684819	0.194804633	0.2155466753	-0.01980913574	0.02558364253	0.04118818006	-0.02797751011	-0.03853249342	-0.0396722597	-0.02254542284	0.06168029227	-0.03760334373	0.105752134	0.1699472854	-0.005047165067	0.1425495018	-0.02472134359	0.01347838843	-0.01393781064	-0.0299476337	0.04580867727	0.08274034269	-0.01673893537	-0.05073461593	0.04446223807	-0.0250608016	0.05759258162	0.08400782996	0.1114788367	0.04719913222	0.2077379195	0.06220635089	0.1374888684	-0.02564305554	-0.01268195311	-0.01745158676	0.05841485359	0.04122015984	0.1565252582	-0.03766531554	-0.05009274266	-0.06761117487	0.1130278702	-0.03260159631	0.1548077762	0.1884416113	0.1376990332	-0.0009404081877	0.03555833205	0.02565056835	0.002307533766	0.01707484866	-0.0526441683	-0.04826292831	-0.03575174329	-0.04928937119	-0.05599228687	-0.009228615588	-0.02582617098	-0.02579713866	-0.04695497207	-0.0384723156	-0.05152514936	-0.05058801824	-0.0226114518	-0.0725215244	-0.0512724528	-0.02066004755	-0.03326439742	-0.04163820078	0.005326505317	-0.03039728032	-0.04149528898	0.02245554864	-0.04343581411	-0.007318503432	-0.05179367205	-0.02492943389	-0.03613959655	-0.04965676429	0.01130123258	-0.02595013068	-0.03025307631	0.03902029331	0.0005128755815	-0.02644224228	-0.01611326275	-0.03586571693	-0.008572822694	0.02962091787	-0.03427241504	-0.01994201733	-0.007312110686	-0.02070849524	-0.05088554691	-0.05019988159	0.006711145028	-0.03974621835	-0.03787568083	-0.04741600144	-0.02254473453	-0.0427619797	-0.002793223564	6.887894191e-05	0.02220903149	0.0130370208	0.04550257948	-0.05023205246	-0.007603888059	-0.02730555419	-0.035133909	-0.03918535128	-0.01736699	-0.03431052597	-0.04690827692	0.03193842108	0.00969094094	-0.01346349333	-0.02554262517	-0.0555798388	-0.01089546998	0.02519894736	-0.002044096008	-0.04442497956	-0.053200754	-0.04292973745	-0.04756161878	-0.0006840828797	-0.05076043166	0.0297999861	-0.05039894744	-0.01586554993	0.06296902641	-0.01022890645	0.02236144323	-0.0310258765	0.07852600214	0.0002598949559	0.003217974639	-0.03711709776	0.01160904744	-0.0008078165274	-0.04912652762	0.003003830413	-0.04329678939	-0.02321469006	-0.03309282832	0.01893296518	0.01701953689	0.01779779407	0.02370424688	0.01984413045	0.01105165858	-0.007010394199	-0.0286003905	0.01257525307	0.01473142961	0.009101815796	-0.00535393139	-0.03622920421	-0.05643900438	0.01139808812	-0.03730159591	-0.01958815529	-0.009560614997	-0.05923477625	-0.04239182227	-0.03737199469	-0.02949491376	-0.03299065271	-0.05797208918	-0.04967484727	-0.01174742738	0.01614247408	0.03906565424	0.06701448604	0.04585149079	0.009540801901	-0.0102024594	0.02756277051	-0.07061213626	-0.04198721861	-0.03788897592	-0.04881413785	-0.05319631329	0.05720483804	-0.06732524409	0.01251430259	0.05097158186	0.1297640872	0.4592372064	0.1980561527	-0.03003358035	-0.008284015457	-0.06214460291	0.005087405138	-0.0147556875	-0.05144032122	-0.02681538449	0.1592558031	-0.02550831984	-0.003513366054	-0.02023013396	0.002669949242	-0.02582942761	-0.05262301609	0.07715387143	0.01622259836	0.1386533546	-0.03183853753	-0.02715646034	-0.002810873222
-0.05398495578	-0.00549206946	-0.04739462999	-0.06280530025	0.01667168975	0.01808505805	0.05501163462	0.0140973829	-0.05400072283	-0.06460265515	-0.06082669653	-0.05859166343	-0.05796319283	-0.0587421336	-0.01866224106	-0.04660063367	-0.06910950313	-0.06132762926	0.005667282849	-0.06050346583	0.2446208796	0.2481838445	-0.01579885666	0.05629122053	0.07711217614	-0.04723959114	-0.06669523997	-0.05331170459	-0.04566499192	0.08593535559	-0.05815764215	0.1252871414	0.2085961476	0.02503978084	0.1386041292	-0.0397591254	0.0184584568	-0.005961991491	-0.02004248396	0.07165522452	0.09067265592	0.0732313853	-0.04612779812	0.07215559173	-0.03610481132	0.130398074	0.07896504826	0.08836266386	0.08669202087	0.3067079117	0.1016015894	0.1157803143	-0.03908597422	-0.03861130858	-0.03980444494	0.08987321079	0.07630048286	0.2009107523	-0.04016913974	-0.05116380704	-0.05970236874	0.2055574334	-0.03883994081	0.1641622548	0.1601073365	0.1182226837	0.008483368039	0.03566618047	0.03582412867	-0.02345188058	-0.05758533639	-0.09313061753	-0.09445712128	-0.04338626594	-0.06073253159	-0.06225133745	-0.02121387084	-0.05358915775	-0.05438738777	-0.008744332147	-0.01346341599	-0.01349921676	-0.07857111683	-0.03785508632	-0.06344510114	-0.06269980585	-0.05443194056	-0.006516967148	-0.03019449085	0.04228990568	-0.0499951142	-0.01680793611	0.03177212065	-0.03867130682	-0.02969163261	-0.02289402694	-0.02514679241	-0.03048171494	-0.05888474968	-0.05076562661	-0.01384976789	-0.0572166665	0.008362357178	-0.04952101911	-0.008882693631	-0.01311190582	0.003859525606	-0.01900229043	0.009329465237	-0.02581618585	-0.06876066311	0.08027784542	-0.003755194892	-0.0628413419	-0.08379862687	-0.02252644348	-0.02977418542	-0.05729643744	-0.04222961017	-0.03108747379	-0.02878761949	-0.02545911958	0.009090716483	0.02259945746	-0.005370766548	0.03912969721	-0.04628371285	-0.04285272145	0.007986980412	0.002354276135	-0.03835017895	-0.0159167553	-0.05706229651	-0.05354555333	-0.01778362347	-0.02638844837	-0.01307152891	-0.02557488943	-0.02875318944	-0.04058474932	0.03441515111	-0.0195508176	-0.04114960319	-0.03068242973	-0.03490270968	-0.03987124829	-0.01269771742	-0.06718247598	0.04821455983	-0.04657098536	0.04776169008	0.05339165352	-0.009908214666	0.04352233011	-0.02700835729	0.03994845202	-0.0006117084681	0.001016536246	-0.02468487092	-0.003245567697	-0.01173265626	0.0137038467	0.01802320034	-0.06938753187	-0.06275227575	-0.02903671401	0.04871848314	-0.02019709445	-0.006280478921	-0.005959864985	-0.0002651047099	0.02685057565	-0.03168229957	-0.0590970962	-0.003673168182	-0.01086608768	-0.01160696564	-0.02789754687	-0.0829849747	-0.07244951404	0.006300155227	-0.04182601738	-0.06996468781	-0.07283338042	-0.05639905857	-0.06060304967	-0.03284753943	-0.04719983528	-0.003959698247	-0.07006528969	-0.03018593169	-0.0674681009	-0.009472805509	-0.0006476779689	-0.0008963014892	-0.02440915591	-0.002745223694	0.004717717882	0.01775969086	-0.05783189469	-0.04713119985	-0.04334244504	-0.021464217	-0.03624753296	0.08058382795	0.01258532073	0.02556610501	0.0753259693	0.1269619779	0.1980561527	0.5076994662	-0.00980139522	0.004941579785	-0.04401658424	0.002491980357	-0.06816075206	-0.04448555359	-0.02605746182	0.2684111143	0.01489714646	0.02342622738	-0.04220546423	-0.01604597613	0.03385726929	-0.0677859099	0.03992763512	0.007360403746	0.1251270783	0.007896396793	-0.03604394719	-0.01437411158
0.07734756759	0.04430942981	0.1045377393	0.09506994822	0.02501425136	0.1507672199	0.07265174588	0.07902548281	0.133229986	-0.1851767704	-0.1737534158	-0.1779915363	-0.1709553354	-0.1733020456	-0.1738556148	-0.1643950259	-0.184877883	-0.1797922007	-0.1684706219	-0.1687058527	-0.03584726307	-0.04701031252	-0.1754447001	-0.08992307157	-0.07512410364	-0.1865766468	-0.1846338302	-0.1659641521	-0.1826642011	-0.07450547744	-0.1780508262	-0.06907598255	-0.02505033227	-0.1235475546	-0.05979629747	-0.1720695091	0.1130902647	0.07391614009	0.1017693996	0.02268596356	0.007357734679	0.04436007654	-0.197235904	-0.04405536674	-0.1804282881	0.01970764725	-0.05729164363	-0.01551030841	-0.08789406964	-0.04329188507	-0.05885111941	-0.03976313896	-0.1748901824	-0.1724825678	-0.1570863647	-0.08013931825	-0.07179666485	-0.04385397027	-0.1978471332	-0.1865343527	-0.1850402265	-0.04243833392	-0.1780592612	-0.05232309231	-0.05238885464	-0.02295806291	0.04002994112	0.01750227676	0.06189288278	0.07383568191	0.07432946283	0.04627044847	0.0444552456	0.04968808337	0.08340072564	0.1236072291	0.01587049491	-0.00950302225	0.1566403549	0.1088733233	-0.02077651297	-0.01268928391	0.068083235	0.0003447041827	0.04533666845	0.08949040368	0.04369191896	0.01134775085	0.03150523017	-0.07713866425	0.04977373114	0.01275986949	-0.02339665123	0.1348881367	-0.0177006807	0.006493036513	-0.008131917558	0.03650850886	0.09689616777	-0.008117104831	0.06802168318	0.09551945813	0.07851062907	-0.01918961847	0.03972258556	0.01420167606	0.008294445196	0.1440549866	0.007730746591	0.1329041856	0.08063936676	0.06606254946	0.08688721536	0.06510546371	0.08244875133	0.06179720651	0.004408187063	0.1478502201	0.1956664863	-0.02182359469	0.01845404755	0.0912227542	0.0479342515	-0.04438049147	-0.03266921147	0.07733676269	-0.1931759355	0.1348506377	0.02051483909	-0.005962847749	0.01257337362	0.01393655204	0.02831242838	0.02305393456	0.02760228242	0.02873608217	-0.06525360515	-0.007882237714	0.01888377294	0.05442633947	0.04695514358	0.09822646392	-0.000848173402	0.2957989206	0.1941590807	0.1969887853	0.09132743495	0.007455841728	0.04728145663	0.004392315261	0.05410317494	-0.05520783369	-0.04642420589	-0.06077248986	-0.07252149817	-0.01934665128	-0.08102595167	-0.08957572376	-0.03795157696	-0.07392556766	-0.07583010543	0.05463985329	-0.05626486763	0.1187602252	0.08082730875	0.06234730529	-0.09871882027	-0.05596775939	-0.1054610248	-0.08467825692	-0.07498625432	-0.09692365686	-0.06446417237	0.05626287004	-0.01872576809	-0.02725263679	-0.06661314081	-0.03031825729	0.0847601023	0.02733704078	-0.04757153633	0.06341079358	0.01419234462	0.04138852195	-0.004065179677	0.05578987979	0.03051290105	0.09710033374	0.3166703623	0.1057626559	0.04591918922	0.1036386988	-0.004132521826	0.01418463433	0.01890425091	0.03515309462	0.06823135029	0.03725609757	0.004652944067	0.06940557747	0.003644907047	0.004914355763	0.08602288848	0.0897443321	0.05048603749	0.03350979012	0.06059059823	-0.01421911773	-0.002727957045	-0.03003358035	-0.00980139522	0.3520358779	0.07820899585	0.1005016175	-0.05713322887	0.06512682199	0.008156563791	0.00751058215	-0.04689832303	-0.1603337849	-0.1235696062	0.04919762903	0.06214902243	0.05375229383	0.1112888518	-0.06348479243	0.08993377155	-0.01891340381	-0.1683705879	0.1282279214	0.07675163861
0.05156734773	0.08406221524	0.08630270783	0.07059557462	0.0903700577	-0.003427181906	0.08536781175	0.133976948	0.05787079302	-0.1880678457	-0.1733827514	-0.1796991576	-0.1707695958	-0.1609096304	-0.1599986456	-0.1695777611	-0.1889466389	-0.1745969829	-0.1681342927	-0.1726429482	-0.0243399872	-0.04206363212	-0.1597942487	-0.06901573478	-0.05486229738	-0.1711276621	-0.1724618952	-0.1634080429	-0.1679477623	-0.06765295983	-0.1629105169	-0.0321844966	0.04587712242	-0.1239040493	-0.02967873264	-0.1618137822	0.1126899057	0.1342320836	0.1738795692	0.05831779422	0.05365323974	0.1097684195	-0.1951605125	-0.0582901249	-0.1779328619	0.007740668213	-0.03880582987	0.04167831291	-0.06272605201	-0.007369346362	-0.05249105329	0.003499058583	-0.1670657544	-0.1600918969	-0.1584114581	-0.06806956937	-0.05819905151	0.002286773205	-0.1937976719	-0.1897037671	-0.1794459531	-0.003839381047	-0.1616341686	-0.02321085064	-0.02439803757	0.01880445585	0.09510153542	0.08848408207	0.2395398467	0.178238886	0.07372126077	0.03572410311	0.03946612711	0.0441745343	0.09061851498	0.08727745527	0.009980915448	0.004620382714	0.07061906773	0.1395851608	-0.03930200321	-0.04636191979	0.03394120416	-0.01387754292	0.04541761921	0.03767694642	0.03079008256	-0.04740258165	-0.009513219615	-0.0678471228	0.01946720588	-0.006008550934	-0.04778414458	0.1493708671	-0.04719308678	-0.02246799918	-0.03792308154	-0.02428913346	0.08716810662	-0.004788891229	0.01435595478	0.08983959646	0.1307698914	0.01289845827	0.09433480365	0.006361876834	0.01193449952	0.09415070052	0.03142296028	0.03638068335	0.08939043038	0.1091645047	0.05753328992	0.04545761346	0.07308552537	0.0394127705	-0.01633701216	0.04315338231	0.1121029922	-0.04514719982	-0.03169776906	0.01890761036	0.01413035655	-0.07204300243	0.0001139867638	0.05930508111	-0.1907333632	0.04248877412	0.005115501112	-0.00723679593	-0.03996373803	-0.05582028316	-0.008791723391	0.01833506136	0.04653719755	-0.01921395968	-0.05594740247	-0.03861769885	0.01120861911	0.02606146236	0.1662459171	0.0877583198	-0.01028993496	0.06295637642	0.1174426502	0.1206058113	0.199238046	0.0006482735444	0.1813689703	-0.005361185537	0.04463232974	0.02743532205	0.02389424281	0.02675584723	-0.02528932133	-0.001625312939	-0.01240663158	-0.07426772505	-0.02827884296	-0.01976527046	-0.02678365164	0.06356616972	-0.04114669775	0.07696954773	0.0710117862	0.004631628015	-0.07555989446	-0.0390556366	-0.09372023055	-0.05859308795	-0.06745621018	-0.1277336593	-0.03494977487	0.05872358884	0.008433774023	-0.0006941605724	-0.04949342087	0.001123094524	0.04008117529	0.05477106177	-0.04777938755	0.04727121313	0.03803947065	0.04197827977	0.01958175416	0.007541491381	0.01768548479	0.08165045968	0.08998260151	0.06599751736	0.01633862591	0.1106969964	0.02281034788	0.03271468118	0.06820530318	0.04734794842	0.04055203024	0.07822051645	0.008672822639	0.05498164844	0.02378067748	0.0191298735	-0.000350584209	0.06632751581	0.08170463004	-0.005998832637	0.1842640732	-0.03128940358	-0.01302726487	-0.008284015457	0.004941579785	0.07820899585	0.3270307997	0.03270810841	-0.02967807371	0.02085604526	-0.01915425425	-0.01134289015	0.01361402699	-0.170566608	-0.1167758676	0.03508356203	0.03588365852	0.08515147236	0.05595411991	-0.04605790991	0.02668403877	0.06250001066	-0.1704378554	0.07480208448	0.03881864997
0.09889579971	0.005333105399	0.047023762	0.00962478277	0.01091492209	0.0314892074	0.0006871459381	0.03235376857	0.03690778416	-0.1337278564	-0.1601937893	-0.1634469674	-0.1563081625	-0.1636772355	-0.1643256359	-0.1509127218	-0.1336936454	-0.1662487924	-0.1648963311	-0.1246148043	-0.04626148601	-0.008720245287	-0.1605048982	-0.02612734187	-0.06851951346	-0.1440671161	-0.1360786409	-0.1637281197	-0.1367590817	-0.06823133697	-0.1355150905	-0.01716794281	-0.06005109893	-0.1279267817	-0.02047954261	-0.1659608284	0.0561305032	0.04324385684	0.03705494886	0.01267204555	-0.03968720796	0.04775200578	-0.1381831892	-0.06298693777	-0.146160201	-5.494577417e-05	-0.05484579567	-0.03097688849	-0.07463012633	-0.04933618467	-0.06754205954	-0.0250720033	-0.1655531726	-0.1644845776	-0.160361302	-0.06971822815	-0.06221529585	-0.04782729867	-0.1353647804	-0.1328756356	-0.132296868	0.01457171382	-0.1618768954	-0.06020641187	-0.0666537531	-0.07544989633	-0.0008196700344	0.01674129992	0.01585612701	0.04617858402	0.01274363175	0.07871380051	0.08124716405	0.05451161341	0.05914126716	0.1092602277	0.01671778755	-0.0007627405349	0.1262018377	0.03369768492	0.04729003268	0.05218122583	0.1241737237	0.03017095096	0.07971865507	0.1485313475	0.1035170442	0.01874980716	0.07630612209	-0.04711805611	0.1506412136	0.03867707469	-0.06710833979	0.05244269401	0.009784590957	0.04306288404	0.007482731197	0.07519196886	0.1398559082	0.02483922219	0.07462710372	0.04838982067	0.01461930145	-0.04986256929	0.04966542536	0.03633783671	0.01735497156	0.02999311631	0.02572309892	0.1432719791	0.05803002225	0.04339191606	0.01663591215	0.05529795494	0.07432232156	0.004983918197	0.01067227463	0.1236575755	0.135281561	0.0160543628	0.06191493558	0.05035036548	-0.01393286158	-0.01493122063	-0.06527713092	-0.004945469363	-0.1356165004	0.06675151208	-0.0001083719269	0.01671990434	0.1064572428	0.0122010538	0.04848096879	0.07304949798	-0.02623499324	0.06242917232	0.01998521776	0.008914287431	0.09645965678	0.02136725802	0.03886510006	0.09626737431	0.06332529599	0.09568161652	0.1431777129	0.1461203166	0.02350680286	0.07348775105	0.03404920587	0.06778126657	0.02136138418	-0.02423541674	-0.01559692217	-0.02253309775	-0.0496889759	-0.02453361872	-0.05092224472	-0.07811440087	-0.01463672622	-0.0488745871	-0.01605600352	0.01522711098	0.08546494415	0.09227481037	0.04288336158	0.08040687077	-0.03968315256	-0.005879519875	-0.04779324709	-0.05751131445	0.007707959041	-0.06538272459	-0.03157582518	0.01795851667	-0.01367341198	-0.04941756664	0.00687888857	0.03101469331	0.1457108643	0.06578332311	-0.0462039951	0.05119969507	0.06795029507	0.05170490728	0.02416678302	0.04197211804	0.01369276244	0.03307850151	0.1061371215	0.1088464629	0.1260641817	0.02188121588	0.01654109034	-0.04451590516	-0.0122144111	0.03267382394	0.0007691118282	0.02522422037	-0.05243272115	0.05137597675	-0.01616218887	-0.01403064176	0.07739266574	0.0684836403	-0.007658609993	0.03617451078	-0.01312351652	-0.03173997855	-0.01380182355	-0.06214460291	-0.04401658424	0.1005016175	0.03270810841	0.3934592327	0.004079074551	0.0674715171	0.118672273	0.04450983496	-0.02206877867	-0.1681825591	-0.1280773352	0.04321728499	0.02986822633	0.05341450327	0.09337246622	-0.0665663346	-0.007052207565	-0.04853340034	-0.1752432567	0.02756400603	0.008322673547
0.0313297285	0.03323531376	-0.04517166652	-0.01823084775	-0.03767561495	-0.0008720951838	-0.02619310911	-0.04496438522	-0.04954523857	-0.09404955455	-0.08550494618	-0.08786391156	-0.09503566896	-0.07951961155	-0.07817415245	-0.09678241748	-0.09521362773	-0.0917674695	-0.06681729392	-0.1030993652	0.02367849972	-0.02016372444	-0.06034784895	0.04192851425	0.0633381603	-0.08967870563	-0.08765345676	-0.09494603041	-0.09643099014	0.04751231784	-0.0873429745	-0.009400293488	-0.02058815796	-0.04401818096	-0.008986258334	-0.07497116384	-0.05319114759	-0.06422630039	-0.05704093526	-0.05721786378	-0.01875334101	-0.04654502431	-0.08624158115	0.02782757208	-0.09703794155	-0.03398582033	0.005359420488	0.01616973917	0.03473852833	-0.01224286121	0.03540109917	-0.01564369875	-0.08818722705	-0.07755017386	-0.09588376322	0.04651845665	0.05093659346	-0.00372862675	-0.09337235983	-0.0933967994	-0.09851737315	-0.01038397973	-0.08328240728	0.001628249685	-0.01161399	-0.007132897782	-0.0343888727	-0.02304585989	-0.04144242577	-0.06317399918	-0.006850343405	-0.02816383142	-0.027022473	-0.01907386134	-0.01952173735	0.009146544817	0.06209832973	0.002098501917	-0.05268771869	-0.05431306058	0.253468448	0.2056322562	0.03549210779	0.004050203666	-0.02159792638	0.05886792828	0.02274463822	0.01198227794	0.05931911578	0.2541903403	0.05495554221	0.1418637122	0.003609607129	-0.0546860162	0.07104681075	0.1093531335	0.05951336443	0.1438228583	-0.0448456053	-0.02376653616	0.06475375707	-0.02359875798	0.02417985	0.01645642439	-0.01230762466	0.1310150648	0.1334138404	-0.03748928361	0.030478099	0.04505870015	0.05455107417	-0.04798559135	-0.05782268113	0.002211359852	0.07300654162	0.03040768017	0.09268393399	0.01129710979	-0.02715433058	0.05121557352	0.07208206132	-0.01174427511	-0.005607009981	0.1037553875	-0.0118566297	-0.01291402008	-0.08414911696	0.001682053427	0.118135406	0.1603400936	0.1290639734	0.04162047616	0.1206023431	0.09327710868	-0.03374732709	-0.0164608167	-0.00573525205	0.05595167	-0.005194122709	0.02979791098	-0.02372574754	-0.02819759463	0.1124274427	-0.05392503303	-0.03493274152	-0.0345207576	-0.05987226297	0.01922479672	-0.02563406306	0.09106591456	-0.001680017533	-0.05163151886	-0.01167629791	-0.006364752882	-0.02658579004	-0.01802703638	0.009290102466	0.01657576511	-0.02391823196	-0.002840728378	-0.01403725779	0.03150094836	0.05303768786	0.04439839447	-0.04632536809	0.04240639943	0.04001045199	-0.03061199834	0.0128515433	-0.02278244423	-0.04288971774	0.04920721528	0.09747920428	-0.03196986045	0.002043874611	0.03822177506	-0.02550572338	-0.02555216892	-0.06063026871	0.01688419755	0.1694964773	-0.009540790603	-0.05804527876	-0.06140780983	0.04944978882	-0.02120421916	0.05319641334	-0.02349070623	-0.05950361441	0.01350682837	0.02739112646	-0.05815355283	0.04365299979	0.02997736297	0.01266757033	-0.02161644901	-0.0002312635048	-0.04280433602	0.04311958209	-0.01229768754	0.01953441225	0.02917987985	-0.006542802266	-0.01990461716	-0.0329440082	-0.002390589323	-0.0008737080979	-0.003237075321	-0.02786320527	0.005087405138	0.002491980357	-0.05713322887	-0.02967807371	0.004079074551	0.4580634645	-0.03118154785	0.1326662143	0.1939873708	-0.01730848164	-0.07681502757	-0.05806441632	-0.03407179474	-0.03599957542	-0.03372207914	0.005854716271	0.02356760521	-0.0114846458	-0.02901550254	-0.06033915111	-0.03849554148	-0.01976124989
0.05699328516	0.02591504435	0.06018715656	0.1503842063	0.04046966051	0.03048480954	0.01408742871	0.03053289083	0.08940186479	-0.1627447929	-0.1884363516	-0.1898784804	-0.1798536475	-0.182279533	-0.1885382116	-0.1784646208	-0.1631669416	-0.1900729824	-0.1875231805	-0.1498628155	-0.06589334178	-0.01554017204	-0.1773827565	-0.04082404187	-0.07008293704	-0.1529298529	-0.1534652507	-0.1825264741	-0.1538392968	-0.07208422009	-0.1454173089	-0.04279419449	-0.04328434081	-0.147956291	-0.02040105905	-0.1755558791	0.02213069491	0.03123734646	0.05673882814	-0.03089254203	-0.03408193113	0.01398642474	-0.1699137119	-0.07490089668	-0.1668344734	-0.006775718078	-0.08055813866	-0.03431374417	-0.09448927962	-0.07192485643	-0.05866180754	0.01154955541	-0.1814905833	-0.1821511849	-0.1724250116	-0.08236861129	-0.07475781019	-0.05878383784	-0.1725517067	-0.162619428	-0.16303592	0.01820541509	-0.1814617051	-0.06394580882	-0.05832198303	-0.03473726558	0.006439595714	0.04395509799	0.02880162557	0.05907279792	0.1081809908	0.1229079029	0.1183606757	0.05468881539	0.005643940976	0.07685250819	-0.0001816518899	0.1004473182	0.0477705638	0.06425374023	-0.02247069065	0.003122380411	0.07076933103	0.02563169801	0.05179123661	0.09010593701	0.06886124707	0.03255715336	0.03894734365	-0.02203463251	0.06098397799	0.06441030269	0.02347115864	0.07886928259	0.03212913309	0.06715363444	0.08296660387	0.02018200885	0.1038678477	0.2025401675	0.00143000203	0.1200024182	0.0151830554	0.07886476805	-0.003111728616	0.03227400923	0.07245232603	0.03595730001	0.01720021976	0.07354583726	0.10910063	-0.004272244093	0.01522115609	0.03686622911	0.04305439113	0.05273364621	0.08345895756	0.06825063762	0.04048023882	0.06800820674	0.05105332766	0.02534923059	0.04217674647	-0.05398959551	0.03650982511	-0.03075160191	-0.166653588	0.08271124627	0.07762530302	0.04470740134	0.05541180153	0.06018445168	0.03983333319	0.006966240056	0.06604455518	0.1973394863	0.05119903207	0.08678832951	0.01691263853	0.009107254957	-0.0183162954	0.02524043004	0.01704170105	0.0382774364	0.03484239376	0.03794816576	0.06099456363	0.0279964879	-0.01734765774	0.01681313026	-0.009708991606	-0.04276477555	-0.05160275682	-0.07324920972	-0.04937864575	-0.04562243431	-0.07192287375	-0.1041845287	-0.05758841748	-0.05338421896	-0.05972116335	0.008300838667	-0.02346854628	0.06127990285	0.0838787809	0.1044892967	-0.1099864225	0.06226062895	0.0509088319	-0.02473776944	0.03521340501	-0.07269820422	-0.002650211466	0.1077990754	-0.01603657511	0.12563576	0.05259453929	0.1038140662	0.1389986355	0.0840288887	0.001607761928	0.05613682248	0.1707858643	0.2361875491	0.05550267356	0.08038346509	0.08225177022	0.09368120874	0.0563110111	0.07254277585	0.0440913993	0.09912147736	0.03922128837	0.02578829214	0.03462704329	0.05866983108	-0.02580811907	0.03586022964	-0.0355143567	0.01843446565	-0.04198355281	-0.03284204451	0.02852250095	0.01285239915	-0.007445795701	0.03063396818	0.01386216843	-0.04213546102	-0.01041409352	-0.0147556875	-0.06816075206	0.06512682199	0.02085604526	0.0674715171	-0.03118154785	0.3271618543	0.05758723685	0.003244025226	-0.02679207584	-0.1904576075	-0.1449870072	0.1264553191	0.1295099232	0.00794822182	0.09192981083	-0.08377598912	0.02298046126	0.009236578407	-0.1912651984	0.0828799823	0.02828606676
0.1054841117	-0.05206408512	0.001332338664	0.005879985068	-0.02141038123	-0.04403192311	-0.01578637765	0.01062378812	-0.03262491599	-0.1149009635	-0.1389160848	-0.143247611	-0.1348673128	-0.1409930144	-0.1453700252	-0.1301818801	-0.1152626142	-0.1443890727	-0.132865964	-0.1023423606	-0.04969713064	-0.008343058873	-0.1229308578	-0.008744392507	-0.05273981159	-0.1168556401	-0.1123313072	-0.15073948	-0.1181104463	-0.05352793431	-0.1088770258	-0.03490021282	-0.06204692541	-0.1101691405	-0.03017977024	-0.1357278122	0.005385971106	0.000202225477	-0.006126540592	-0.01694125001	-0.04076649563	0.01554100679	-0.1208780327	-0.05215793078	-0.1267000495	-0.02643754479	-0.05046392849	-0.05677628918	-0.05903537165	-0.05368312133	-0.05641236245	-0.02161813727	-0.1457709645	-0.1397113416	-0.1341387481	-0.05559711814	-0.05541547247	-0.05247728255	-0.1243400439	-0.1170830125	-0.1183972234	0.0155824567	-0.1477757448	-0.04345432448	-0.05704169626	-0.06548898924	-0.04066109048	0.005035574143	-0.01864896992	0.004415080821	0.02875025073	0.06183308874	0.06256687894	0.03405300519	-0.02612859519	0.05662575482	-0.03047037825	-0.02378373472	-0.001373077455	-0.004812963075	0.1442816643	0.1160822639	0.1822172044	-0.01879434702	0.07324166523	0.1985316264	0.05136092258	0.07669371228	0.1591463738	0.008421934269	0.1599606808	0.1151392648	0.02224167566	-0.00373323326	0.100631296	0.1321464814	0.1094637851	0.1907140082	0.06802993527	-0.004515988458	0.1947308853	0.0133383795	-0.0001050688293	-0.03927264137	-0.0182344237	0.1924092912	0.06042062293	-0.0252407133	-0.05022135814	0.02917354153	0.09944722696	0.01603548763	-0.02723540092	0.08221044452	0.1421148963	0.04472515081	0.08648187762	0.04398850036	0.01447606563	0.08574231908	0.1578493106	-0.02497997727	-0.0594077041	-0.06818473325	-0.06567681572	-0.0490060929	-0.1179990834	-0.02078428502	0.06159816797	0.07438283124	0.2225245949	0.140818112	0.1683041455	0.1580987391	-0.0250718887	0.05713254168	0.02534107056	0.109924904	0.1219071406	-0.03560060992	0.03648510965	0.03009037519	0.1436843053	-0.0117936	0.004104430254	0.003762057016	-0.007234252073	0.07321137959	0.04091597673	0.1481585614	-0.02650246345	-0.05087131879	0.003899614279	-0.02998500174	-0.02705077777	-0.06102892725	-0.05144756723	-0.07440330992	-0.02952428749	-0.02162853201	-0.0189819963	-0.00695766022	0.00901942862	0.1176155854	0.008036237899	0.11274917	-0.002389947492	-0.005505717636	-0.0202543997	-0.02733334068	-0.005774578507	-0.04758698836	0.04023024412	0.01423774292	-0.04916254714	-0.01154597833	-0.0007072479157	0.06017878654	0.0396876654	0.07569727487	0.05407462337	0.05074492521	0.02490841844	0.01740019492	-0.009291179174	0.03028808112	0.0661388081	0.06753849545	0.008142589599	0.07348759285	0.1531338201	-0.0102945852	-0.0003915993183	-0.0172974683	-0.01119426118	-0.006415719919	-0.0446593016	0.009623577704	-0.04183753847	0.004916775737	-0.06630112819	-0.0435070888	0.02191392362	0.01892873836	-0.02940292637	0.003676848113	-0.052117667	-0.0206341711	-0.01883584014	-0.05144032122	-0.04448555359	0.008156563791	-0.01915425425	0.118672273	0.1326662143	0.05758723685	0.3938204732	0.1218950637	-0.01775529303	-0.1343560716	-0.1113721564	0.0003254637906	-0.003638478335	0.03719054482	0.05516382874	-0.04931800056	-0.009715587951	-0.03938110685	-0.1369619321	0.01977301396	-0.02948689893
0.04345289277	0.0003880935256	0.01431537537	0.004911908367	-0.02498552888	-0.008874235058	-0.01587636778	-0.01343413976	0.01589736198	-0.1342589904	-0.1258261339	-0.1297671837	-0.1239261822	-0.1268562571	-0.1307184985	-0.1219250706	-0.1355437599	-0.1328732802	-0.1269655775	-0.1274348506	-0.02114374575	-0.04232240574	-0.1167104932	-0.01736151605	0.0004951431215	-0.1353878196	-0.1282021335	-0.1311368384	-0.1305665731	-0.001546269586	-0.1331233442	-0.03451099226	-0.03984289011	-0.0953595179	-0.04396808203	-0.1295709564	-0.007367324054	-0.01809230049	-0.01311870613	-0.02051847976	-0.02231960933	-0.02326284762	-0.1416920345	0.001443178809	-0.1377139747	-0.02250320999	-0.01782827541	-0.01641125757	-0.003727587051	-0.02917392979	0.003373072794	-0.04124493302	-0.1341435706	-0.1265263021	-0.1274552978	-0.004621044235	-0.002707305335	-0.02974754445	-0.1458312036	-0.1422766517	-0.1398762194	-0.02384244771	-0.1279761155	-0.01813758175	-0.02620320102	-0.03239936847	-0.03182233017	-0.05322922555	-0.006402358535	-0.03001676105	0.03383851551	-0.02159569016	-0.02034906873	0.05158803971	0.0124902879	0.06866164456	-0.01363299421	-0.02092066011	0.01161425621	-0.009652843448	0.1607699173	0.1504664509	0.1045164959	-0.007844812207	0.08400276106	0.1145009621	0.05040258413	0.06718338255	0.07808227612	0.05397773185	0.08949805783	0.1007607351	-0.00537482959	-0.01078050275	0.08637481099	0.0962225527	0.06568171708	0.162500874	0.001484432119	-0.02381308427	0.1179061228	0.004690763996	0.01825654197	-0.02977718886	0.0066970343	0.1152299834	0.08952796626	-0.03104402088	-0.009867931012	0.05799130503	0.09810416415	-0.01751127231	-0.03151662319	0.06859582466	0.1038309679	0.0262337468	0.1526984551	0.08922853876	0.01016404621	0.06249365406	0.08214880535	-0.01313531023	0.00670072613	0.03015534227	0.005687252943	-0.03846719541	-0.1379332805	0.05599285001	0.08313950841	0.09374321499	0.1565083936	0.0691214469	0.1454534049	0.1223175541	-0.009248650455	0.03035197445	-0.01042566922	0.06572753018	0.05033403875	0.01822722965	0.01084882986	0.02162648568	0.2497149309	-0.007096736587	0.008097265283	0.00775157869	-0.008629922678	0.0687572534	0.02400725333	0.2277377821	-0.001743875252	-0.02602900449	-0.009469099149	-0.006416410469	-0.0278739168	-0.01539792367	-0.02091079751	-0.01493849398	-0.03096033227	-0.01698456162	-0.02751569183	0.0007133505628	0.01664179988	0.1195010561	-0.01606522465	0.07559588648	-0.02868000853	-0.02260256612	-0.03935595282	-0.02319837763	-0.01530358128	-0.01761727104	0.06115284283	0.007766170552	0.0004090254146	0.0477498451	-0.01512991855	0.02457363464	-0.02434962166	0.06564295181	0.06935819072	0.0400474658	-0.02277380063	-0.02585406192	-0.004291536726	0.03187762916	0.07629961763	0.02510297482	0.005740265408	0.06264456879	0.0727163932	-0.02423528279	0.003503406832	0.01065512136	-0.01951735371	-0.009866052261	0.004312551475	0.003917603717	0.002076442503	0.01421494539	0.01298549788	-0.004425492892	0.02397798193	0.02189396895	-0.01118355304	0.007481674006	-0.02995934075	-0.003837663445	-0.01549833534	-0.02681538449	-0.02605746182	0.00751058215	-0.01134289015	0.04450983496	0.1939873708	0.003244025226	0.1218950637	0.279219955	-0.04934442169	-0.1212349239	-0.09601747753	-0.02798610145	-0.01130754515	-0.01287629292	0.05507209201	0.001497860071	-0.004065174735	-0.02829951393	-0.1167803412	0.0143317248	-0.03357710054
-0.07628101232	-0.01520200663	-0.0623029322	-0.06463288173	0.002950990726	-0.00212680558	0.05789525843	0.02850218787	-0.08262344482	0.002937918625	-0.02490000949	-0.0246189974	-0.01366644642	-0.02029409008	0.0071698684	-0.01238843782	0.000268723232	-0.01650983032	0.03891810395	0.01116181884	0.2237846956	0.2935450277	0.02382193729	0.0758651732	0.04716593504	0.01897369592	0.004060903595	-0.01746454363	0.02806395744	0.05544612316	0.01736437844	0.1373869376	0.3118708962	0.02124222703	0.1992658584	-0.03405238388	0.04180161315	0.0153485482	0.001021376741	0.07351520482	0.1018677165	0.0917405828	0.0234978855	0.05110973695	0.006565851503	0.1768955116	0.06550753653	0.1220406455	0.04980476105	0.2363953699	0.08790512577	0.1458200699	-0.02137344141	-0.01887790476	-0.01627064644	0.05615561938	0.04505409709	0.2225140487	0.05288437344	0.03068983373	0.005493217638	0.1918893743	-0.01574675379	0.1284789404	0.146017548	0.1043410559	0.008716343178	0.1130653765	0.04635584477	-0.007217652331	-0.05246368923	-0.04369952728	-0.04187091284	-0.04592903218	-0.07388122356	-0.08626834068	-0.02945359317	-0.02510294351	-0.0724583224	-0.004337028699	-0.03334958936	-0.04830709961	-0.03675853357	-0.07593927272	-0.09239065341	-0.03889074602	-0.009664765453	-0.06582396963	-0.06493506148	0.004304370021	-0.01753203294	-0.05061270747	-0.01756716583	-0.02264111802	-0.0773717051	-0.05869469283	-0.06214438307	-0.05963203309	-0.02516602382	0.01185222558	-0.04934144263	-0.05455436993	0.03152476855	-0.05990841665	-0.01854204736	-0.01631394333	-0.03286972312	-0.02683445736	0.0398821291	-0.08532547541	-0.06519401396	0.07552956001	-0.03200872829	-0.09496452035	-0.08242491824	-0.02979027286	-0.06207787567	-0.06589343185	-0.07053709474	-0.07924960671	-0.07111544816	-0.03223924018	-0.04444630823	-0.02681248749	-0.04454255669	0.009772148328	0.02261137839	-0.05255176431	-0.02939236615	-0.01646179973	-0.01553599614	-0.06867483692	-0.06429540586	-0.0615456991	-0.03022520427	0.01226197769	0.02197672067	-0.06265712348	-0.002978839221	-0.06662754922	0.03495063332	-0.05867216092	-0.064940129	-0.0673327575	-0.06888169086	-0.06900174273	-0.00321200434	-0.09363762427	0.04312846549	-0.06803909552	-0.004952306179	0.01234510052	-0.03396699665	-0.009435079352	-0.06084421871	0.04498800197	-0.02694123244	-0.03759517726	-0.06651214459	-0.01696065842	-0.02745134146	-0.0001008577276	0.05431918765	-0.07640305491	-0.04652607129	-0.04746381502	-0.008258014022	0.01716383875	0.01102020195	-0.02734782965	0.02744841886	-0.03164097617	-0.0486645388	-0.05565330287	-0.01820907015	-0.03605802415	0.01963343988	-0.005212827923	-0.03272369444	-0.07743674693	-0.03002745742	-0.08718957947	-0.001315971791	-0.02349029772	-0.08726541984	-0.06742827702	-0.05778375219	-0.05288862534	-0.03629132773	-0.08762704784	-0.01130990329	-0.06342462294	0.05489247379	0.01518409336	-0.004450358208	-0.01467508343	-0.007420431524	-0.04632470812	0.009400003614	-0.08592367943	-0.08554321049	-0.06447812821	-0.07365020032	-0.0677686371	0.08506462286	-0.04705817509	0.04216557919	0.03277860913	0.06570538946	0.1592558031	0.2684111143	-0.04689832303	0.01361402699	-0.02206877867	-0.01730848164	-0.02679207584	-0.01775529303	-0.04934442169	0.5480475248	0.04142093622	0.01949610012	0.004614629537	0.02268325541	0.08847648573	-0.08574214129	0.04456991818	-0.0105255166	0.1397147093	0.03709746099	-0.05270639534	-0.01954027141
-0.1785589929	-0.1567594325	-0.1541642425	-0.1845255193	-0.1410593683	-0.1105093525	-0.1172169614	-0.1421219247	-0.1729875595	0.9808972716	0.9691389911	0.981924483	0.9567341576	0.4958836784	0.515494777	0.9504183343	0.9689025517	0.9816801155	0.5301760844	0.9449277342	0.008656086059	-0.008596673456	0.5048059119	-0.008328768177	-0.008882574833	0.5054061113	0.4867450806	0.4943756604	0.4776747351	0.006968952604	0.4686303573	-0.04801613025	-0.003265730338	0.5590369202	-0.03581198549	0.5015669348	-0.1547306608	-0.1616993299	-0.1813500796	-0.1104747702	-0.07899449667	-0.116998477	0.9397799513	0.09126100035	0.5182798645	-0.04337652836	-0.007506142297	-0.07086732728	0.06360742692	0.02323833311	0.004235098028	-0.05037139293	0.5157636849	0.4820192275	0.4682487423	0.004203885507	-0.01019700212	-0.007553505273	0.9493301923	0.9606847241	0.9193928465	-0.003397508592	0.482945383	-0.04199941601	-0.0435110973	-0.0289503505	-0.1443907189	-0.0995688855	-0.1635606689	-0.1717956341	-0.1701945304	-0.1727312652	-0.1729499297	-0.1540679752	-0.1635611237	-0.1805479153	-0.1335778649	-0.1721080426	-0.1717716389	-0.1820686088	-0.09009103961	-0.08064422565	-0.1649955801	-0.1446633314	-0.1671770183	-0.1707838001	-0.147080217	-0.1241890157	-0.1366516799	-0.05949451967	-0.1340450605	-0.1280571612	-0.09889397726	-0.188329025	-0.1140802001	-0.142094309	-0.1266187218	-0.1223406185	-0.1854217421	-0.1835883835	-0.1262215549	-0.1712676483	-0.122704312	-0.1692263953	-0.1470591248	-0.1074675297	-0.1111463774	-0.1850352789	-0.1308848978	-0.1523226995	-0.1652472573	-0.1189501251	-0.1525963631	-0.1637120782	-0.1631164504	-0.1679071306	-0.1587636267	-0.1559484637	-0.1763073524	-0.1335485489	-0.1374351828	-0.1484998594	-0.1354151781	-0.07286558676	-0.1068028708	-0.1074199529	0.9225234623	-0.1465071079	-0.109920517	-0.130038186	-0.1182917258	-0.1203175496	-0.1439601994	-0.1342611617	-0.164026129	-0.1481826219	-0.1256904592	-0.1264085265	-0.1416002691	-0.1375357702	-0.1370085762	-0.1585421909	-0.1337245118	-0.1728609593	-0.1770130946	-0.1785861002	-0.1757117975	-0.160280628	-0.1403292159	-0.1336611792	-0.1160320983	-0.08025763898	-0.1001292101	-0.1016875733	-0.08298305285	-0.04387201819	-0.06382650961	0.01791306287	-0.1000699737	-0.05025511281	-0.05801567012	-0.16004231	-0.08279817908	-0.1626416108	-0.1659610083	-0.1519137031	0.08837232539	-0.1223008016	0.001514003816	-0.04166333059	-0.09169874814	0.07816940361	-0.1158469936	-0.1629366523	-0.09807358073	-0.1415173034	-0.121615417	-0.1397264859	-0.1800635439	-0.1760446749	-0.09984200379	-0.1626827062	-0.1915342756	-0.1922371255	-0.1890932862	-0.1557228737	-0.1457684374	-0.1686685134	-0.1660137689	-0.1790306165	-0.1426556172	-0.1773682864	-0.1413565885	-0.1199436529	-0.1268294204	-0.1144735341	-0.1080086109	-0.1215868756	-0.09045617881	-0.142001918	-0.1478979871	-0.1285508616	-0.1373042506	-0.1638195193	-0.1139443237	-0.08527724035	-0.1255890081	-0.0381738931	-0.09790452982	-0.02550831984	0.01489714646	-0.1603337849	-0.170566608	-0.1681825591	-0.07681502757	-0.1904576075	-0.1343560716	-0.1212349239	0.04142093622	1.194606164	0.5577324371	-0.1851727527	-0.1646894146	-0.1332821655	-0.171084903	0.006670568361	-0.1371755037	-0.06730575593	0.9925544848	-0.1529728212	-0.1373139078
-0.1346612395	-0.1154338894	-0.1162105011	-0.1342291884	-0.08391344844	-0.09163748781	-0.07584166939	-0.09494588305	-0.1270414694	0.5059245919	0.5014275582	0.5070690873	0.4920469039	0.4259757975	0.4570926648	0.4926999195	0.4985686514	0.5052411814	0.4714381613	0.4797177263	0.008713877388	0.004501780146	0.4342923415	0.005301907209	0.01332701854	0.4412343087	0.4206158071	0.4331699895	0.4206133803	0.01013719188	0.4174354783	-0.01297092896	0.005743134685	0.7456633862	-0.01229808603	0.4501579348	-0.1083533774	-0.1173865595	-0.1351252531	-0.07022415626	-0.06408524434	-0.0822071479	0.519915271	0.1498745581	0.4521047929	-0.03963842618	0.001611362512	-0.03616279193	0.03765253867	0.02955473065	-0.001707120922	-0.0009379964096	0.4491495361	0.4408911445	0.4277663668	0.0111804021	-0.0003877592849	0.003598952763	0.5197354623	0.5171531489	0.52917619	0.004579649101	0.4231577549	-0.01767541034	-0.01434264294	0.01709007752	-0.08945284022	-0.07255824418	-0.1166891497	-0.1200978545	-0.1270067592	-0.1349794712	-0.1343927222	-0.1184101162	-0.1244234451	-0.1435034374	-0.1042443787	-0.1028939249	-0.1341191699	-0.1298504089	-0.0585300542	-0.062495756	-0.1342070614	-0.09228608761	-0.1305694073	-0.1397129038	-0.1035268018	-0.07902444484	-0.1037712025	-0.03256196479	-0.1002976009	-0.09098234091	-0.06582267399	-0.1431192988	-0.07054264838	-0.1050008863	-0.08803448216	-0.1028757986	-0.1442207697	-0.1297254251	-0.105081501	-0.1196911035	-0.08898889191	-0.1074036572	-0.1031429624	-0.09427195686	-0.0814998244	-0.1366055191	-0.09393511015	-0.1231483866	-0.1320269705	-0.08737691852	-0.1250114268	-0.1251709819	-0.1300322576	-0.1277369469	-0.1123839744	-0.120172046	-0.1378965087	-0.08350816763	-0.1069943438	-0.1276200956	-0.0847239104	-0.05158592303	-0.06016907157	-0.07712228112	0.5103071619	-0.1065638376	-0.08004076383	-0.08726983922	-0.09669529596	-0.0924053035	-0.1055231173	-0.1099407921	-0.1326173265	-0.1004158402	-0.06142204564	-0.08871750272	-0.1053270799	-0.07410031916	-0.09413853229	-0.1185625993	-0.1055007296	-0.1261975605	-0.1427860266	-0.1441909739	-0.125824502	-0.1149156345	-0.09803238907	-0.1072290007	-0.08727780586	-0.03126421611	-0.04314921206	-0.04028089141	-0.02300626876	-0.01368363059	-0.0332467676	0.03244630623	-0.04563606234	0.001673752753	0.002816500571	-0.09592810024	-0.04260950669	-0.1349447643	-0.1218131466	-0.1217312531	0.1300065482	-0.05957440905	0.03429265946	0.02581155647	-0.02682350971	0.09845864384	-0.06463838503	-0.1106009429	-0.06019993061	-0.1030704047	-0.05875081521	-0.1038056719	-0.1374211099	-0.1358518369	-0.05840724396	-0.12460102	-0.1451386356	-0.1475505565	-0.1320487986	-0.1206694548	-0.1036464955	-0.1242388231	-0.1285121674	-0.1418710249	-0.108231756	-0.1382422214	-0.1018307398	-0.07928610682	-0.09796428427	-0.1023987024	-0.09787645055	-0.08742155433	-0.06674811398	-0.1194256575	-0.1019564792	-0.09328378465	-0.1098650257	-0.1274758662	-0.05121067619	-0.06764304641	-0.1012043487	0.01566875035	-0.04118389253	-0.003513366054	0.02342622738	-0.1235696062	-0.1167758676	-0.1280773352	-0.05806441632	-0.1449870072	-0.1113721564	-0.09601747753	0.01949610012	0.5577324371	0.8737980196	-0.1322949835	-0.104747137	-0.09387424698	-0.1341172244	0.01749223987	-0.08554124063	-0.03063828618	0.626203562	-0.1108507159	-0.08318458951
0.008435426363	0.08930470666	0.04835756665	0.04665512811	0.00792656657	0.03262622182	0.01773968108	0.04908343622	0.04605524501	-0.1648299764	-0.1878973797	-0.190688614	-0.1823371138	-0.1705409942	-0.1761656919	-0.1807865099	-0.1606649932	-0.1812508808	-0.1496675641	-0.152238205	-0.02625371905	0.02221161334	-0.1644358663	0.0001607876776	-0.02651291851	-0.1499372582	-0.1417460512	-0.1690707519	-0.143909134	-0.02779241259	-0.138660543	0.03889859868	-0.005643296489	-0.1313516449	0.007591745279	-0.1678304188	0.04756321271	0.04690043921	0.07244125504	0.001872986008	0.007023444736	0.02217840928	-0.1404124898	-0.05166130496	-0.1528301997	-0.01828782382	-0.04414137977	0.03858264259	-0.03999677474	-0.03716987678	-0.03134447282	0.03088157759	-0.1757405537	-0.1698930381	-0.169530346	-0.0330659296	-0.025688055	-0.01777944595	-0.1449561518	-0.1564748747	-0.1380733419	-0.02691625403	-0.1711835169	-0.03946371853	-0.03632863667	-0.0146086719	0.08392016595	0.06998030968	0.05752741542	0.0545920321	0.05390203694	0.07299853489	0.07375920737	0.04017029185	0.02667452303	0.0008046968296	0.07260986313	0.1500198929	0.05687038492	0.07213134637	-0.05181161482	-0.05948190056	0.05053782722	0.01963321231	-0.00520817508	0.03855914582	0.06817242538	-0.04738843382	-0.04128637001	-0.05264437101	0.02673107812	-0.04494200859	0.02059173093	0.08410105736	-0.06359176141	-0.04026287499	-0.04847162244	-0.03661214441	0.09125608173	0.1819595251	-0.04243311976	0.09799489124	0.02859757898	0.07844258818	0.03870465871	-0.03511788446	-0.03514256763	0.1374702238	0.07541607813	-0.01865572939	0.04231153599	0.005284491777	0.06379377868	-0.02512712002	0.02033572878	0.09086092629	-0.02089621056	0.007810115207	0.04607802589	-0.05377927825	-0.05856613905	0.1066175561	0.07916972511	-0.02750040192	0.07519767038	0.06373624125	-0.1384371306	0.07795770563	-0.03426390368	-0.002969960417	-0.006454607174	-0.05184407694	-0.01704125105	-0.01940292075	0.05026284049	0.08224422307	0.08376161936	-0.04903126032	0.04068350503	0.005529084904	0.01294115074	0.02707922966	-0.04367694304	0.05169804237	0.04254502147	0.04416827883	0.05693166243	-0.03737530861	0.00677898887	-0.04374290897	0.04780121208	-0.01296912925	0.0472431841	0.006742010908	0.01123439724	0.007900187084	-0.004061164351	-0.04056542386	0.01750707386	0.01318019453	-0.02072749925	0.03866376896	0.06392132659	0.01191455817	0.07663542623	-0.0189091401	-0.04414142634	0.08163728358	0.02607282146	0.00360101044	0.05975601571	-0.07707092794	0.05313362445	0.09478637729	0.03821193247	0.08112183689	0.07285692899	0.07719867718	0.1328325468	0.02632721797	-0.03211906508	-0.01723448299	0.1475920461	0.177642329	0.0837804391	0.03216109127	-0.01815129875	0.04476254069	0.04070574164	0.007200535457	0.04957929962	0.0557257328	0.1260173802	0.0765540686	0.05985530801	0.03014468697	0.07334463972	0.04380372489	0.06189447697	0.01759045513	0.04473723288	0.03018623945	-0.04954802351	0.02448125058	0.01654499024	0.007422614985	0.05802449673	-0.03166603685	-0.007910608508	-0.02023013396	-0.04220546423	0.04919762903	0.03508356203	0.04321728499	-0.03407179474	0.1264553191	0.0003254637906	-0.02798610145	0.004614629537	-0.1851727527	-0.1322949835	0.3642400445	0.1665511517	0.02486759472	0.01836679358	-0.04361700446	0.07376410659	0.01327898199	-0.1837422747	0.1158853969	0.09703799558
0.01758511491	0.04315553977	0.05249742243	0.05943601114	-0.007369690106	0.05624708794	-0.001805063765	0.01891942238	0.06648727341	-0.1444413414	-0.1667589765	-0.1697260903	-0.1608000121	-0.1431576244	-0.1438985661	-0.1575040906	-0.1368083583	-0.1660196149	-0.1446954806	-0.1301844612	-0.02739221505	0.02815771712	-0.1423709175	0.01137795687	-0.01987239367	-0.1253407666	-0.1173593726	-0.1477333298	-0.1154148509	-0.02390052481	-0.1172341792	0.03421388158	-0.002887802651	-0.1086183667	-0.0007900105611	-0.1513514006	0.01201362874	0.008052711883	0.03481347849	-0.01097743603	-0.00600673652	-0.01052664247	-0.119693193	-0.0115068781	-0.1388906292	-0.01940808547	-0.0253304916	0.0050628681	-0.03668264236	-0.02831109488	-0.02265700754	0.0588511909	-0.1549823701	-0.1473788418	-0.1449774311	-0.0240647657	-0.01521686951	-0.0191784435	-0.128729304	-0.1416651251	-0.1117291525	-0.002682743965	-0.1379914208	-0.03313237756	-0.02865950969	0.01025051744	0.03514246287	0.05871545592	0.02423501488	-0.003077644853	0.04891416862	0.05410548428	0.05253455964	0.008580439247	0.03438190687	0.03943178454	0.06393958431	0.1418479981	0.03070104549	0.02721641353	-0.02954766782	-0.05621915026	0.05543632028	0.04711680369	0.02506631822	0.04852778683	0.05880636392	-0.01363726443	-0.01585075925	-0.03618582182	0.04397417775	-0.02694905484	0.001142789718	0.04819328473	-0.04986361251	-0.02221033945	-0.03537416666	-0.02242954916	0.06363495567	0.1723752168	-0.02235809933	0.04013177593	0.02586116825	0.07840555071	0.01474960318	-0.01670495593	-0.003573010062	0.07414228406	0.03146797667	0.02177933461	0.0306017872	-0.01032377911	0.0296756385	0.008796149578	0.004922757068	0.03646400951	0.001934481228	0.00378928993	0.02712194742	-0.05020620418	-0.008981824102	0.08952005524	0.110442175	0.003439832541	0.1109136046	0.07447439005	-0.1171127154	0.0770247421	-0.003103788882	-0.005686194266	0.01056973514	-0.01753095171	-0.03267794539	-0.01633556458	0.07215714087	0.04086279872	0.01820947239	-0.03577387676	0.00595176899	0.01645371678	0.001615738088	0.006519623456	-0.01977414553	0.05005381365	0.01368305176	0.01684803608	0.01543206319	-0.0057635024	0.002908064004	-0.0199532519	0.02510949287	0.0348671416	-0.002342132214	0.01220192028	0.01199816917	0.01354593408	0.02493656667	0.001008156938	0.02423675616	0.02555201936	0.004253178053	0.04156772669	0.05151721858	0.01304013054	0.01433692576	0.003862639191	-0.06311168981	0.0329058577	0.02062417892	-0.04900328806	0.01007205272	-0.05334402417	0.07714592179	0.06080011478	0.05013406355	0.09078935872	0.0230423084	0.03345644614	0.08734403891	0.03551618413	-0.02540373798	0.01149279236	0.0871701317	0.126906294	0.05511638347	0.03532148713	-0.01664331573	0.03618018208	0.03871395499	0.02690605136	0.03143660158	0.03154081259	0.04590390273	0.111904738	0.04216556796	0.01080139206	0.05224633898	0.04908674173	0.03233096727	-0.001673572148	0.02720302787	0.02084764369	-0.004912226232	0.002317104438	0.04677985347	0.01241028116	0.02481161471	-0.006270246001	0.004144383689	0.002669949242	-0.01604597613	0.06214902243	0.03588365852	0.02986822633	-0.03599957542	0.1295099232	-0.003638478335	-0.01130754515	0.02268325541	-0.1646894146	-0.104747137	0.1665511517	0.3944479021	-0.01106728083	0.04068103555	-0.02690459381	0.06194571025	-0.009512716355	-0.1509940958	0.04932774203	0.09724451657
0.05270252309	0.03198129263	0.09078641856	0.0515016434	0.07843557338	0.008393783703	0.05991263637	0.1159361176	0.02807579111	-0.1854839333	-0.178538649	-0.1825712489	-0.1701983394	-0.1781085237	-0.1748671941	-0.1775995724	-0.1866498618	-0.1800903336	-0.1354110875	-0.1805069416	0.05759614495	0.04400848651	-0.1401780212	-0.05017692382	-0.03996150899	-0.185662838	-0.182954247	-0.1808675981	-0.1886804423	-0.04297195643	-0.1814622185	-0.02227534525	0.03785926666	-0.09168677869	-0.005287242956	-0.1750391941	0.157206052	0.1803296646	0.1547084948	0.0997901343	0.02493311776	0.229411015	-0.1968467073	-0.03406472842	-0.193653152	0.1619484215	-0.03494810396	0.08301485633	-0.04874185838	0.03970136977	-0.03383796965	-0.04934859798	-0.1785169093	-0.1783376996	-0.1650054567	-0.04448528963	-0.03713453709	0.07519008336	-0.1911130952	-0.1900429261	-0.186712689	0.05757485388	-0.1825061334	-0.03462777838	-0.03578722106	-0.03389455956	0.06265079909	0.06447194686	0.08397251929	0.123441552	0.05475065782	0.04614566991	0.04739671644	0.08339217066	0.0782248417	0.03094907017	-0.008164142908	-0.05326270356	0.06195191659	0.1356128107	0.009120989644	0.01505652208	0.03549049015	-0.01914892714	0.03560441477	0.02452775632	-0.00669263678	-0.006787494622	0.04903158049	-0.04765637668	-0.006627700932	0.01616444458	-0.009225248592	0.1275460916	-0.02521781138	0.02858838087	0.003882362267	0.02893285213	0.06154195724	-0.01971137476	0.03546119153	0.0880874776	0.07133020467	-0.03162274264	0.0509796762	0.02136301084	0.006338967493	0.06134713553	0.02502545446	0.0213515358	0.04356942027	0.2223205925	0.07062954479	0.01839014761	0.04909990762	0.02556008865	-0.01535052345	0.02281262477	0.05794853957	-0.008291703264	0.01287546762	0.008125736596	-0.0272034114	-0.06237165551	-0.03886757247	0.02097876147	-0.1932136279	0.02857598363	0.009347305464	0.01121240691	-0.002424424334	0.001338948222	0.01732913681	0.05197600927	0.01730593811	0.02385344075	-0.02073656598	0.005344435505	0.03530473364	-0.01063335632	0.07056488543	0.02967793668	-0.01046615719	0.05979737644	0.0662625086	0.06709193291	0.124140029	0.007797718259	0.06890559863	-0.005531361566	0.04774820779	-0.004110071417	0.009446028267	-0.01110117178	-0.04372005094	-0.001906512767	-0.06202882734	-0.107516541	-0.03959560179	-0.03210743129	-0.03029841747	0.0560525695	0.006328554528	0.03980326927	0.08949053895	0.04523116043	-0.04191550895	-0.02198259315	-0.08975671293	-0.03041144793	-0.03405290206	-0.1145001845	-0.03694213085	0.09780984328	0.02499397008	-0.009054849555	-0.02026767335	0.03775919258	0.07777002099	0.04788474655	-0.05752746158	0.01609763473	0.07071037483	0.02756977299	-0.003316973769	0.02670072651	0.003236191902	0.06579757826	0.08345153984	0.05363373578	0.04461068342	0.0803494987	0.02347847587	0.01081461815	0.01464377209	0.0536053926	0.02383709007	0.07333798809	1.198145323e-05	0.06044080241	-0.01458620953	-0.002982192769	0.01020115627	0.07888571454	0.06511517957	0.05082449254	0.09622341694	-0.02320570146	0.01764690651	-0.02582942761	0.03385726929	0.05375229383	0.08515147236	0.05341450327	-0.03372207914	0.00794822182	0.03719054482	-0.01287629292	0.08847648573	-0.1332821655	-0.09387424698	0.02486759472	-0.01106728083	0.3492526556	0.03089209082	-0.06467651077	0.04206509768	0.02239248665	-0.1319021002	0.06813702917	0.04835156839
0.1579807767	0.03600266231	0.09251527268	0.08187002585	-0.0009883584725	0.03187355957	0.04290873555	0.05630442942	0.09797376251	-0.1932233639	-0.1850839094	-0.188128695	-0.1764232162	-0.1793897092	-0.1867094321	-0.1743830869	-0.1925339963	-0.1875941097	-0.1868538621	-0.1788781713	-0.06791556327	-0.07671369782	-0.1789877145	-0.06349667988	-0.06090959439	-0.1852109434	-0.1868957682	-0.1794070602	-0.1878490789	-0.05497609184	-0.1871507766	-0.08994388416	-0.05530924524	-0.1342500434	-0.09079776983	-0.1795331872	0.06274222216	0.06431296352	0.06473231425	-0.009285054741	-0.05314752348	0.02434703755	-0.2021070085	-0.06775912076	-0.1928105429	0.003967841203	-0.05005279602	-0.04744244078	-0.06718888543	-0.07331444978	-0.04810200375	-0.05002168548	-0.1807108084	-0.1824525513	-0.1737124725	-0.05644181174	-0.04938897946	-0.05367860076	-0.2061524426	-0.1965164353	-0.1930321036	-0.05460827381	-0.1800198346	-0.04604455944	-0.06354202602	-0.04918457857	0.02924880695	-0.01176660483	0.03606215398	0.05743019644	0.08295135231	0.06397921712	0.06089803163	0.05010688778	0.09381759428	0.2105880419	0.03172976031	0.01221028669	0.09713920233	0.06760821662	0.0379263898	0.05148108872	0.1055705595	0.04307641377	0.08715886522	0.1288985866	0.09717059589	-0.0048325601	0.05040425605	-0.01808553774	0.1266536322	0.03507253639	-0.02442956972	0.08664314515	-0.02573413022	0.05460969977	0.02767307317	0.07617100045	0.1287406864	0.03159753919	0.06056138316	0.09032470628	0.02146925553	0.02649452108	0.03126346101	0.04968784001	0.07327630667	0.0610623399	0.03732564064	0.09515613841	0.09415192047	0.01522831048	0.08275239092	0.1647126633	0.162856083	0.0772980557	0.02720676071	0.1048730518	0.1221912738	0.009187893662	0.06446888612	0.05001770861	0.006008091986	-0.07278918352	-0.02183731641	0.03059124809	-0.1980994173	0.05223909605	0.06647555832	0.04193645826	0.07092578406	0.02719899766	0.08204471131	0.1223852263	0.01256296162	0.02965524972	-0.05497186297	0.02915857235	0.03432573643	0.03924808581	0.03233301444	0.09423852163	0.06218530965	0.1013536286	0.1207871623	0.1239453125	0.05716008863	0.08674476139	0.01965150944	0.06749744537	0.02544192276	-0.03182044547	-0.03092854783	-0.01920031756	-0.02947105217	-0.02003458693	-0.02862892911	-0.06855423092	-0.01531462582	-0.0253020472	-0.0352031453	0.028121978	-0.04609433904	0.189826209	0.1176554833	0.08763716512	-0.1095795228	-0.07747482768	-0.104311586	-0.09983731771	-0.09377971476	-0.08000128331	-0.040431759	0.05079247214	-0.008889362557	0.006662073856	-0.08859223237	-0.02763741249	0.03527641937	0.09047962959	-0.02014823194	0.1176623202	0.02321891192	0.05532721372	0.02957126356	0.07200763589	0.03058070407	0.1088225036	0.1126153588	0.208118	0.09393612988	0.09023697077	-0.008773885443	-0.01426747987	0.03776087379	0.02442135785	0.02814700383	0.02002081247	-0.03812701007	0.1018408793	0.04998331878	0.04087292688	0.06779571424	0.0848558932	-0.008742446796	0.06357964802	0.01362576978	-0.01254464799	-0.005774200117	-0.05262301609	-0.0677859099	0.1112888518	0.05595411991	0.09337246622	0.005854716271	0.09192981083	0.05516382874	0.05507209201	-0.08574214129	-0.171084903	-0.1341172244	0.01836679358	0.04068103555	0.03089209082	0.2957529806	-0.05340817046	0.04790933651	-0.03368457937	-0.1737761338	0.06569706448	0.06328915463
-0.03581376735	-0.01374651605	-0.05701058767	-0.06214550667	-0.0167812074	0.0003057470059	-0.001777861119	-0.05328858986	-0.05021352874	0.0443702765	0.04730741586	0.05684039262	0.05551712818	0.0758061287	0.06891155702	0.05942079212	0.04100068392	0.05052088296	0.03112813532	0.0419494406	0.07736594076	0.05754067128	0.06205798595	0.09867755105	0.1104619095	0.05045032479	0.07325428311	0.07936472014	0.06857416816	0.1001921256	0.06187237845	0.07783493117	0.0632218513	0.01372167608	0.09763151653	0.06620954013	-0.05019147322	-0.04971103692	-0.0677826824	0.03249335663	0.07533186499	-0.06247485411	0.04295569889	0.08065833033	0.062882601	0.01157284175	0.3258871637	0.05721444125	0.1198288575	0.06790659197	0.1114080184	0.07468122056	0.06877309809	0.08552927503	0.08539707518	0.1088827126	0.111797672	0.08485872329	0.04638297771	0.04139881438	0.02531069618	0.03014174192	0.08335345241	0.09445375351	0.09134998787	0.07385292324	-0.02701570006	-0.01832455438	-0.03279020374	-0.07112619942	-0.05742131448	-0.08459448271	-0.08287183762	-0.05527402248	-0.04421479353	-0.05678916383	-0.002047605131	-0.01842808637	-0.06771145074	-0.06609976888	-0.00758161974	-0.04184667006	-0.05265366348	0.01320508067	-0.04710954135	-0.05707187672	-0.02160337732	-0.02096466045	-0.0469733935	0.01935577053	-0.02259095567	-0.04579288857	0.01696427327	-0.07687743219	-0.03014785111	-0.0409573271	-0.04018639473	-0.03201072841	-0.08109749711	-0.04536062803	-0.0306107268	-0.06655708619	-0.004881346395	-0.008588504504	-0.009159463025	-0.01685246218	-0.03998713877	-0.04224870054	0.01679633078	-0.05629822004	-0.06245662186	-0.06423971815	-0.007809594348	-0.03757114424	-0.04687851671	-0.02975428378	-0.03685011904	-0.03419054627	-0.06752517872	-0.03893080111	-0.04012712195	-0.01068771356	-0.01915821982	0.02756457051	-0.008840674744	0.03299880205	0.04171397711	-0.03834217476	-0.03608186415	-0.03519106169	-0.02681963025	-0.04022051374	-0.01047846489	-0.03233235578	0.009415731298	-0.05988255079	-0.005144137071	-0.04075990404	-0.03375403923	-0.01121765086	-0.01434636835	-0.04408700552	-0.01268936889	-0.07075270077	-0.06168496675	-0.06182699644	-0.06258557419	-0.03589323196	-0.00685829472	-0.0142226591	-0.04649831479	0.03539493879	-0.01680981064	0.0191148211	0.004489528244	0.08624325006	0.02809652943	0.05585982147	0.009568099582	0.01384949996	0.04759816609	-0.02737248823	0.02831205224	-0.04690644942	-0.06278791189	-0.04840478398	0.03205529277	-0.01639107267	0.005685724642	0.008165843576	0.004995342666	0.0439529255	0.02707737489	-0.06691386744	0.02856043372	-0.03719238979	-0.01319493395	-0.0584119638	-0.08336075267	-0.05203146792	0.02370314288	-0.03982868273	-0.05329321474	-0.07703860295	-0.03862062135	-0.02388392375	-0.01817076307	-0.06220842941	-0.0665374627	-0.05208425073	-0.02403949269	-0.05964958044	-0.009635773529	0.0101425848	-0.001808051053	-0.01830784217	0.006745100528	-0.04086766763	0.0345635929	-0.06485630426	-0.01849180236	-0.01288129469	-0.02956217564	-0.06023477022	0.02146830748	-0.03577466981	-0.02093107708	0.07653736133	0.05549044518	0.07715387143	0.03992763512	-0.06348479243	-0.04605790991	-0.0665663346	0.02356760521	-0.08377598912	-0.04931800056	0.001497860071	0.04456991818	0.006670568361	0.01749223987	-0.04361700446	-0.02690459381	-0.06467651077	-0.05340817046	0.4541811143	-0.006636195315	0.04924228063	0.01730409223	-0.05912626572	-0.0227028022
0.02029607898	0.04020454222	0.05036842574	0.07714976904	0.001555740592	0.1046881063	0.05181861426	0.02078180881	0.06067586869	-0.1675738302	-0.1607321706	-0.1619221773	-0.1528634374	-0.1350857755	-0.1473415536	-0.1507138929	-0.164205253	-0.1539661359	-0.1333679636	-0.1580246255	0.009030479436	0.01183460601	-0.1371205409	-0.01135922524	0.004464649555	-0.1474126593	-0.1476590044	-0.1453638396	-0.1494352201	0.002083347522	-0.1464272628	-0.01702194054	0.01752141752	-0.08910081116	-0.01426148494	-0.1425121521	0.04142856073	0.03553403002	0.0397658548	0.04764479484	0.02717483229	0.006124189524	-0.1562989783	-0.01099301876	-0.155259005	-0.02313288026	0.01416865272	0.0199932402	0.005720446393	-0.01290803891	0.01284924349	-0.005985479101	-0.152785565	-0.1417928175	-0.1330999841	0.0004021414533	0.007126299582	0.01582835136	-0.1506464409	-0.1678894456	-0.1475844353	-0.04352627756	-0.1441789989	0.01665042955	0.004195050651	0.006850116498	0.08196301704	0.01494123908	0.03803300251	0.0212895934	0.06735692178	0.001043993183	-0.003441860852	0.004154579033	0.0484902184	0.03750136311	0.06935268839	0.04629360769	0.02821230921	0.05609799005	-0.02946298491	-0.02959247959	0.004543148527	0.03228856015	0.01509427279	0.03113943238	0.01055533053	0.02180703102	0.02009290569	0.0008697449521	-0.02247304235	0.0007199002436	0.02475627646	0.05043742865	-0.03011204933	-0.003851193711	0.009478573385	-0.007295931856	0.01127260346	0.04803041084	-0.003905730289	0.06297541827	0.04416029111	0.06950611156	0.03775169935	-0.03764087135	0.003814290759	0.09066453155	0.0213078388	0.01657078326	0.02319554609	0.01559014049	0.04699447326	0.0615073092	0.05589921488	0.09116028893	0.01113208008	0.02716841239	0.03061791497	0.01141153158	-0.01534433495	0.06388607981	0.03554289558	-0.02216533985	0.01594100304	0.08366498907	-0.1528128789	0.02875067405	0.004984508419	0.02083539256	-0.04449483523	0.01004324658	-0.01136766979	0.01802559673	0.02135548277	-0.01099458865	0.01389304749	0.01068799607	0.0009495152995	0.03029805836	0.002199464547	0.04394115258	-0.01916072149	0.08284956413	0.03061832709	0.02721206711	0.04307206041	0.03439469975	0.0110610279	-0.01397349942	0.03724628666	-0.009192813738	0.0149581453	0.01321398419	-0.01356276313	0.01358501349	-0.01154744623	-0.05518549701	-0.007538700043	-0.01307251963	-0.03134031989	0.06205493434	-0.02301343994	0.05609067585	0.04430654115	0.004218911796	-0.01450464441	0.01251392524	-0.01648399298	0.00773681884	0.009049303108	-0.01937307571	0.03046284859	0.04836117589	0.02557102547	0.01103199606	0.002771356067	-0.01345937855	-0.01095051561	0.005892188896	0.01407169314	0.06592847928	-0.003357593291	0.01649277933	0.06535957115	0.007836529622	0.02832642259	0.03244144451	0.06606853507	0.05714909761	-0.003721480802	0.086839569	0.05315639933	0.03856785564	0.03912871824	-0.01491943951	0.07676384011	0.02926129363	0.07707280529	0.02731818503	0.08788470812	0.06354471451	0.03547332757	0.03393223999	0.04458199354	0.02440401841	0.03547073781	-0.002268322965	0.01870329065	0.01622259836	0.007360403746	0.08993377155	0.02668403877	-0.007052207565	-0.0114846458	0.02298046126	-0.009715587951	-0.004065174735	-0.0105255166	-0.1371755037	-0.08554124063	0.07376410659	0.06194571025	0.04206509768	0.04790933651	-0.006636195315	0.3512774211	0.05160445621	-0.1365988244	0.07809996534	0.08985787038
-0.0319394661	-0.009277112796	-0.009174540701	0.02981241086	0.06382153583	0.008638272881	0.08710561408	0.05292093037	-0.04978948623	-0.09296636406	-0.08629806281	-0.08799537273	-0.08058862353	-0.0567034316	-0.05987477191	-0.07528832563	-0.08885613409	-0.08321615579	-0.07096553892	-0.08110437848	0.0803870117	0.1188385157	-0.04718554202	-0.01432480578	-0.0001455579365	-0.07084431203	-0.06168857064	-0.05555015564	-0.06038153819	0.001266656335	-0.04905801686	0.03686238296	0.1807451824	-0.03351258141	0.1059390157	-0.06856930923	0.05531065888	0.06224240331	0.06023003853	0.1324596334	0.09672404368	0.05902178749	-0.08206129821	0.01574676885	-0.0691192507	0.06712737667	0.02697923598	0.08284694919	0.005752050959	0.1321843849	0.01607220968	0.07308980847	-0.07035062738	-0.05848108474	-0.05126010539	-0.005576392913	0.002602893646	0.185462425	-0.07685562229	-0.0929756387	-0.07104816204	0.07374509539	-0.05129698941	0.1323512226	0.1145716877	0.07184871045	0.04657440629	0.05465542811	0.1132352343	0.06687827748	0.02976075907	-0.02415170219	-0.02318787692	-0.01421103699	-0.0544290587	-0.03814382014	-0.03483275657	-0.01299944663	-0.01396292133	0.03550938975	-0.04631946255	-0.05978759733	-0.04083698985	-0.005438442314	-0.04791087377	-0.05092703202	-0.01823258788	-0.02473923069	-0.02531273615	-0.04739974619	-0.02479895429	-0.03418022225	0.03912059954	0.02006642823	-0.006361766118	-0.021737407	0.001738748599	-0.03675953279	-0.03433823807	0.01600479354	-0.02975590591	0.00615964583	0.05827763017	0.004680292669	0.02419922863	-0.03166775679	-0.006473944602	0.009462165134	0.004236388277	-0.04526363666	-0.006763886288	0.0272072955	-0.007147865254	-0.03618807255	-0.02700361566	0.03089899892	-0.01155679768	-0.02378040995	-0.03248908426	-0.003914908017	-0.03318040796	-0.02473005962	0.0008967015186	-0.03202250396	0.01470830415	0.007370326133	-0.08043523345	-0.001798878438	-0.007383562996	-0.01549763367	-0.03892405349	-0.01167591918	-0.0129403951	-0.03935231976	0.003421546811	0.01592479223	-0.02390100797	0.0009178915191	-0.01378921431	-0.01637049749	0.1096114271	0.000457120386	-0.032248007	-0.04291517573	-0.02450879629	-0.03031034354	0.07478665522	-0.02163591027	0.1161878302	-0.03509228546	-0.04970797377	0.05467658917	0.003369838376	0.05035704452	-0.03690537995	0.07613182349	-0.04811122896	-0.05323408639	-0.05211905186	-0.009812748558	-0.002613459209	0.03599426984	-0.05139402338	-0.03445781328	0.01050850092	-0.02478961355	0.001058911216	0.01652079924	-0.01935596781	0.02024303243	0.01246099983	-0.04804521943	-0.02521670141	0.004605760849	0.04717289859	0.0206309577	0.007109442789	0.006716048593	-0.008713702438	-0.01187668017	-0.005755405499	-0.01986392273	4.118407579e-06	0.01359499711	-0.04350659567	-0.02765430317	-0.02028758717	0.007591751502	-0.01860823706	-0.03915474644	-0.03018377114	0.01781088706	0.01502856211	0.003625867104	0.03883940375	0.008098181874	-0.0123144405	-0.0121473088	0.01786107745	-0.06404399812	-0.04732420351	-0.04497219906	-0.05249073769	-0.05101999428	0.1108963217	-0.05299864558	0.0723962252	0.02199298465	0.08314262059	0.1386533546	0.1251270783	-0.01891340381	0.06250001066	-0.04853340034	-0.02901550254	0.009236578407	-0.03938110685	-0.02829951393	0.1397147093	-0.06730575593	-0.03063828618	0.01327898199	-0.009512716355	0.02239248665	-0.03368457937	0.04924228063	0.05160445621	0.4246825187	-0.07386532336	-0.007709342087	0.02105194201
-0.1807646441	-0.1462497732	-0.1598407396	-0.1790386064	-0.1330219554	-0.09799841055	-0.117219797	-0.1488289685	-0.1651920875	0.9274401133	0.9170469183	0.928209279	0.9196145247	0.4925161979	0.4896404855	0.8985578694	0.9114485464	0.928853169	0.5272529734	0.8919227077	-0.002409169487	-0.01005304184	0.5095284828	0.006823902112	0.005785585264	0.4907322352	0.4707873855	0.471549358	0.4720486592	0.02032072069	0.4691377233	-0.04331009453	-0.009026570596	0.6181868525	-0.04378764195	0.4707269739	-0.1625274909	-0.1625963509	-0.1821439451	-0.1127972343	-0.083986634	-0.1117287921	0.9558683141	0.1423840059	0.4992324964	-0.03959868065	-0.00267549687	-0.07625889825	0.07430270097	0.01930655562	-0.002800069585	-0.03686651454	0.5004981682	0.4778476597	0.4523817485	0.01920190747	0.004508135536	-0.0006749631138	0.9303137999	0.908703569	0.9029442824	-0.01254119124	0.4624749522	-0.04754408821	-0.04810876263	-0.01552242039	-0.1399308767	-0.1040041157	-0.1712348007	-0.1764030026	-0.1773667939	-0.1818891077	-0.1821671752	-0.1610219213	-0.1652827765	-0.1819948886	-0.1162655621	-0.1486607431	-0.1815432118	-0.1737184891	-0.06843255323	-0.07240445829	-0.1661688861	-0.1381034442	-0.1670195095	-0.1723816828	-0.145369577	-0.1187130943	-0.1424843282	-0.03010830619	-0.1378546124	-0.1258160282	-0.09387796215	-0.1935494891	-0.1123637251	-0.14067864	-0.1229110079	-0.1260437565	-0.1892433038	-0.1781422167	-0.1258824434	-0.1767619483	-0.1237687524	-0.1474759762	-0.1558118941	-0.1066483146	-0.1039263437	-0.181629651	-0.1186013886	-0.1629488234	-0.1639805157	-0.1159617534	-0.1607995427	-0.166249369	-0.1643578908	-0.1648149787	-0.1544268226	-0.1641841274	-0.1824473918	-0.1262097268	-0.1406635031	-0.1478547609	-0.1314617661	-0.06957211071	-0.1025940024	-0.09517682245	0.9393252278	-0.1562258407	-0.102979025	-0.1130470248	-0.121750185	-0.1254758441	-0.1446711559	-0.1359628204	-0.1538226218	-0.1520587408	-0.1083509469	-0.1234207161	-0.1463826158	-0.1159022833	-0.1447815692	-0.1622781586	-0.1328429057	-0.1684591975	-0.1848463619	-0.1863603231	-0.1810167609	-0.154240391	-0.1489945401	-0.1327576571	-0.1077478118	-0.07432764039	-0.08476740831	-0.08451194711	-0.06638368158	-0.05055095207	-0.05493393772	0.02238812657	-0.08103150311	-0.03656400188	-0.03545594208	-0.1392776731	-0.06553144422	-0.1620214255	-0.1723197484	-0.1559032692	0.09750185375	-0.1069135478	0.01386916641	-0.02484230419	-0.07264744262	0.0858283276	-0.0960978415	-0.1680185773	-0.1031656994	-0.1422248604	-0.1061805324	-0.1462109546	-0.1925393001	-0.1781216032	-0.07757650985	-0.1663754954	-0.1984357671	-0.1974280529	-0.1698317509	-0.1601005871	-0.1472383185	-0.1738337508	-0.1740086315	-0.1817978679	-0.1492255704	-0.1860763328	-0.1299965424	-0.1029227649	-0.1158150452	-0.1253568693	-0.1161824725	-0.1375003461	-0.09051165641	-0.1487944929	-0.1393004334	-0.1189451448	-0.1394953869	-0.1600384184	-0.09518706342	-0.07481838198	-0.1345210312	-0.02402764858	-0.09384493446	-0.03183853753	0.007896396793	-0.1683705879	-0.1704378554	-0.1752432567	-0.06033915111	-0.1912651984	-0.1369619321	-0.1167803412	0.03709746099	0.9925544848	0.626203562	-0.1837422747	-0.1509940958	-0.1319021002	-0.1737761338	0.01730409223	-0.1365988244	-0.07386532336	1.185237652	-0.1639308442	-0.1206791497
0.03356468045	0.1132484153	0.1014403299	0.08869299466	0.0319796857	0.05501908617	0.04828769991	0.08844589033	0.1084067248	-0.172717814	-0.1617228733	-0.1656393653	-0.1566719186	-0.1635117729	-0.1709490788	-0.1557370836	-0.171664166	-0.1588152587	-0.1573419789	-0.1591994754	-0.0286918862	-0.04203527007	-0.1605226703	-0.07916191741	-0.060359936	-0.1696802536	-0.1667347832	-0.1659648183	-0.1750102669	-0.06100978225	-0.1703399746	-0.06109367691	-0.01910658852	-0.1172843328	-0.04533187116	-0.1573914992	0.08149329655	0.0759816091	0.1060839808	0.02715823812	0.0133429348	0.04862535683	-0.1748346105	-0.05142861532	-0.170132153	0.011137888	-0.04921476451	0.01497210976	-0.07854062603	-0.05406302755	-0.04051391197	-0.03132018933	-0.1584159585	-0.1653654523	-0.1601187747	-0.06385941889	-0.06136941114	-0.04265556394	-0.1778566451	-0.1712807218	-0.1681098002	-0.03140513418	-0.1709037448	-0.01421246464	-0.02788747891	-0.02721622883	0.06548973744	0.018077251	0.08061925122	0.08558674946	0.1128994947	0.01595027041	0.0168951165	0.1329831784	0.07302567998	0.05680653728	0.01990202016	0.002417524234	0.07514222518	0.1095464084	-0.03470575703	-0.003831498511	0.03732890379	-0.006720072764	0.03813313981	0.06087329903	0.03130489664	0.0118137748	0.0494900342	-0.07768846877	0.01695103098	0.017957619	-0.02800907451	0.1038371521	-9.979949216e-05	0.01405139423	0.004704426324	0.03013920462	0.06497769818	0.006894412517	0.03294720494	0.1656639586	0.06215573003	-0.0002878138578	0.05190166258	0.01348991249	-0.0006017533479	0.06637934523	0.02488697916	0.05028486207	0.09059988036	0.04951863626	0.03815823375	0.01760549313	0.06072510883	0.02973844425	0.02426510922	0.07206732639	0.06914804654	0.008631593564	0.004490307617	0.04176228072	-0.01257233898	-0.07665321679	-0.003949448516	0.0630476561	-0.1724696346	0.1074073658	-0.0002134103708	-0.01618972073	0.002153286387	0.01703166271	0.02569569135	0.01830192674	0.04385033056	0.07569734125	0.02958548096	0.00853846539	-0.006045235408	-0.01134485953	0.02273696528	0.04778215857	0.02546670137	0.1035194684	0.06573408371	0.06888600495	0.1042601655	-0.005897715536	0.02660399911	0.03156761323	0.02192277373	-0.0310573264	0.009477876332	-0.03659580401	-0.04655752624	-0.01932404731	-0.07856323938	-0.1015201537	-0.02773614034	-0.0569397286	-0.03858275491	0.02814260699	-0.00698946875	0.08361099419	0.08714817863	0.04101445764	-0.06993312284	0.02515940428	-0.06657162394	0.003806623659	0.005329923136	-0.1058094429	-0.01704804241	0.1253426496	0.02221682165	0.002438844138	0.01740106881	0.06526000918	0.09113311588	0.04016903001	-0.04227657751	0.02443187756	0.07002962162	0.0687525036	0.01907387139	0.06452532549	0.04469260088	0.1057334177	0.09630924663	0.04601318223	0.03432966571	0.09336548186	0.08029800005	0.045521893	0.03382845055	0.06227670522	0.09878140718	0.114735504	0.05664214917	0.04762237142	0.01136038272	0.0003428746382	0.02153395842	0.05691440454	0.02668443632	-0.009156213909	0.06821254094	-0.01788850104	-0.004037731549	-0.02715646034	-0.03604394719	0.1282279214	0.07480208448	0.02756400603	-0.03849554148	0.0828799823	0.01977301396	0.0143317248	-0.05270639534	-0.1529728212	-0.1108507159	0.1158853969	0.04932774203	0.06813702917	0.06569706448	-0.05912626572	0.07809996534	-0.007709342087	-0.1639308442	0.3182133225	0.07876326818
0.0557507532	0.0830621322	0.0551712426	0.06816210289	0.01493039796	0.08099382838	0.02633424006	0.05804708272	0.07321684124	-0.1590449689	-0.1490621721	-0.1521680135	-0.1424870491	-0.1288866659	-0.1402627139	-0.1440173516	-0.1557616437	-0.142993962	-0.1339105383	-0.148333562	-0.0232187395	-0.007709355999	-0.1355607942	-0.05058673955	-0.04190192201	-0.1362346501	-0.1374565033	-0.1309328311	-0.1485389099	-0.03676164992	-0.143626371	-0.05797279815	0.009449178369	-0.08019395802	-0.02620557252	-0.128188328	0.04588767669	0.05092683979	0.04207167363	0.01071185957	-0.01722682147	0.02098213351	-0.1174439725	-0.02328002776	-0.1391134062	0.005545637651	-0.02163281396	0.03223784919	-0.06151970596	-0.03172361566	-0.03816796401	-0.0001828102582	-0.1340117881	-0.1387160252	-0.1270879482	-0.04315021559	-0.03800067405	0.01207054109	-0.1313730456	-0.153511124	-0.1102725666	-0.03886907163	-0.1292604889	0.00432194947	-0.01762608063	0.007397186607	0.07472933724	0.02558306399	0.03285922721	0.04893655835	0.06804661639	0.06471952877	0.05997095907	0.03129390169	0.063322254	0.04090347446	0.08040628674	0.03428248125	0.05400372455	0.04083348013	-0.03429886234	-0.0347227931	-0.006971836356	0.07354843181	0.002045071604	0.02191646996	0.04557986293	-0.01044076638	-0.01002223085	-0.009212437934	0.008852245229	-0.02101052476	0.01112225978	0.06133500608	-0.05729685227	0.007043629442	-0.01230150112	-0.03057811334	0.04466602198	0.07465750345	-0.02783487803	0.05433001893	0.01898136657	0.07091893933	0.02426212784	-0.04258685927	0.003598456154	0.1000782993	0.06755082991	0.01077253208	0.02005029051	0.01116827308	0.07571930294	0.006548614926	0.02482093014	0.08198735049	-0.01546554075	0.001329277166	0.05080084539	-0.02093851934	-0.01775456612	0.08425167921	0.01564142338	-0.03301627662	-0.009273145188	0.1405377082	-0.1164594777	0.03806747937	0.01200261192	0.01547423985	-0.04842417939	-0.01766012779	-0.01862280618	-0.02811042496	0.04784825137	0.03481598767	0.02237121181	-0.01313260231	-0.02941496315	0.04761387445	0.03157683092	0.01866474017	-0.05575665341	0.07611325426	0.0387940511	0.04197297006	0.01999771621	0.009763779928	0.01796283001	-0.05703642943	0.04738766098	0.01479771609	3.296776212e-05	-0.006704184127	-0.01426643885	0.0004871733457	-0.01615807155	-0.07310124786	0.01511956713	-0.002090344336	0.01305841145	0.0853330225	-0.01773697308	0.02964706613	0.1147566523	0.01008528748	-0.04490635011	0.005896333744	-0.0357482942	-0.01765897666	-0.01443112379	-0.01535163125	0.003753716149	0.0410499671	0.02560172917	0.01527761216	-0.004721280281	-0.02784604921	0.0552614838	0.03776753605	-0.002251629759	0.0410093713	0.05610781922	0.05928567989	0.08584401673	0.04304578908	-0.007969062536	0.06481676196	0.06218315464	0.04938284597	-0.0290433444	0.0683964185	0.06786917809	0.1124673956	0.09850927907	0.05039290229	0.05887501841	0.01310022036	0.04225295086	0.02374339009	0.04604086877	0.05637050701	-0.01108790524	0.0105752709	0.04727173712	0.08077456862	0.0416389822	-0.009739063293	0.02500277602	-0.002810873222	-0.01437411158	0.07675163861	0.03881864997	0.008322673547	-0.01976124989	0.02828606676	-0.02948689893	-0.03357710054	-0.01954027141	-0.1373139078	-0.08318458951	0.09703799558	0.09724451657	0.04835156839	0.06328915463	-0.0227028022	0.08985787038	0.02105194201	-0.1206791497	0.07876326818	0.3744114359
