strain	depth	abs_err	rel_err	mean_input	n_obs	n_private
AB1	500	9.36694595010411e-05	0.0389036613173053	0.00640116530232596	60	423
AB1	100	0.000263782762263271	0.0710661707887048	0.00640116530232596	60	423
AB1	50	0.000380593500939748	0.113538510271429	0.00640116530232596	60	423
AB1	30	0.000371475257195498	0.0972424386113401	0.00640116530232596	60	423
AB1	10	0.000594978886117818	0.184658172705345	0.00640116530232596	60	423
AB1	5	0.0009278328139144	0.263586670356325	0.00640116530232596	60	423
AB1	3	0.00111478139061513	0.264656288990872	0.00640116530232596	60	423
AB1	1	0.00196658655046674	0.48149223928305	0.00640116530232596	60	423
BRC20067	500	0.000196422969309158	0.0333160387637129	0.00671469526962908	50	680
BRC20067	100	0.000384670780901781	0.0754570286358213	0.00671469526962908	50	680
BRC20067	50	0.00037128544951357	0.0633560902633948	0.00671469526962908	50	680
BRC20067	30	0.000632726359446222	0.12014913743022	0.00671469526962908	50	680
BRC20067	10	0.00107669318994459	0.201657324761874	0.00671469526962908	50	680
BRC20067	5	0.00169579482986714	0.294740676961871	0.00671469526962908	50	680
BRC20067	3	0.0019918392493988	0.352710775839873	0.00671469526962908	50	680
BRC20067	1	0.00273097126514475	0.478804382688079	0.00671469526962908	50	680
BRC20263	500	7.08282658946097e-05	0.0213271943260385	0.00493346457843493	30	415
BRC20263	100	0.000266752690992978	0.0901924667464269	0.00493346457843493	30	415
BRC20263	50	0.000285004499158043	0.0953524889060575	0.00493346457843493	30	415
BRC20263	30	0.000376666915685561	0.14103926667509	0.00493346457843493	30	415
BRC20263	10	0.000708495580364099	0.240488574696221	0.00493346457843493	30	415
BRC20263	5	0.000948023582242754	0.293139097481409	0.00493346457843493	30	415
BRC20263	3	0.00106672349564202	0.393146491124216	0.00493346457843493	30	415
BRC20263	1	0.00178735861031945	0.525080136687809	0.00493346457843493	30	415
CB4851	500	0.00013779144252439	0.0291183419648717	0.00519121278546788	20	435
CB4851	100	0.000290435614499308	0.0691365385336555	0.00519121278546788	20	435
CB4851	50	0.000452608146155621	0.097848406654194	0.00519121278546788	20	435
CB4851	30	0.000531814002069336	0.118795854640316	0.00519121278546788	20	435
CB4851	10	0.000904487523913205	0.195729478021743	0.00519121278546788	20	435
CB4851	5	0.00145807964781323	0.309242393464791	0.00519121278546788	20	435
CB4851	3	0.00156632290386424	0.352646592443087	0.00519121278546788	20	435
CB4851	1	0.002262434690317	0.472041015353874	0.00519121278546788	20	435
CB4852	500	0.000186432743236663	0.0411887919241128	0.00570287938034761	70	303
CB4852	100	0.000428115551745263	0.095077829943771	0.00570287938034761	70	303
CB4852	50	0.000499949971601729	0.12114430677338	0.00570287938034761	70	303
CB4852	30	0.000737318564539969	0.153933263614193	0.00570287938034761	70	303
CB4852	10	0.00137593816398146	0.264890055964884	0.00570287938034761	70	303
CB4852	5	0.00182005180568199	0.381627579340252	0.00570287938034761	70	303
CB4852	3	0.00218335981217629	0.466208486251994	0.00570287938034761	70	303
CB4852	1	0.00327002369166719	0.665506711544919	0.00570287938034761	70	303
CB4853	500	0.000124944942337142	0.0183099077442649	0.00685726339199623	40	279
CB4853	100	0.00028241228309986	0.0431598113115091	0.00685726339199623	40	279
CB4853	50	0.000365374490537908	0.0569306085709523	0.00685726339199623	40	279
CB4853	30	0.00042893337628397	0.0634523454268136	0.00685726339199623	40	279
CB4853	10	0.00102513059567954	0.151875892257008	0.00685726339199623	40	279
CB4853	5	0.00127030999676579	0.194882550837513	0.00685726339199623	40	279
CB4853	3	0.00141376246611027	0.203977649478688	0.00685726339199623	40	279
CB4853	1	0.00295628614037444	0.448473113112635	0.00685726339199623	40	279
CB4854	500	7.40342249969319e-05	0.0165697520305821	0.00710526804365452	50	1214
CB4854	100	0.000150498809654236	0.02989204505344	0.00710526804365452	50	1214
CB4854	50	0.000179854127582278	0.0365907768077894	0.00710526804365452	50	1214
CB4854	30	0.000279489227176049	0.0557814552417871	0.00710526804365452	50	1214
CB4854	10	0.000525122744769756	0.105831723717095	0.00710526804365452	50	1214
CB4854	5	0.000773580602830905	0.165254790499982	0.00710526804365452	50	1214
CB4854	3	0.0010530925097404	0.222554121528812	0.00710526804365452	50	1214
CB4854	1	0.00118227434210465	0.22002230751354	0.00710526804365452	50	1214
CB4855	500	0.000102123210843462	0.0137006509367993	0.00759980513959618	40	276
CB4855	100	0.00025005053677907	0.033651441443773	0.00759980513959618	40	276
CB4855	50	0.000330927603385859	0.0436789330773314	0.00759980513959618	40	276
CB4855	30	0.000422019449628024	0.0558813673021392	0.00759980513959618	40	276
CB4855	10	0.000694478716980444	0.0945438221565387	0.00759980513959618	40	276
CB4855	5	0.00101820281293159	0.136990006325774	0.00759980513959618	40	276
CB4855	3	0.00163315343840342	0.221873991107757	0.00759980513959618	40	276
CB4855	1	0.00235459123839286	0.31684875214231	0.00759980513959618	40	276
CB4856	500	3.47270255542722e-05	0.0110036981958618	0.00635250848844361	60	8112
CB4856	100	9.17051480602292e-05	0.0299439132938562	0.00635250848844361	60	8112
CB4856	50	0.000113381414071269	0.0371483621912468	0.00635250848844361	60	8112
CB4856	30	0.000147351781200175	0.0459204163218931	0.00635250848844361	60	8112
CB4856	10	0.000309396004502708	0.0872908612778159	0.00635250848844361	60	8112
CB4856	5	0.000358737043562421	0.106356797658446	0.00635250848844361	60	8112
CB4856	3	0.000514794001367267	0.154238182111885	0.00635250848844361	60	8112
CB4856	1	0.0010057003551132	0.309418386139062	0.00635250848844361	60	8112
CB4857	500	0.000130515667988787	0.0279121711783193	0.00867266592499141	50	177
CB4857	100	0.000272968393986878	0.0595634801020662	0.00867266592499141	50	177
CB4857	50	0.00036389167913276	0.0732641379638292	0.00867266592499141	50	177
CB4857	30	0.000513800970101514	0.103994931007151	0.00867266592499141	50	177
CB4857	10	0.00100445595933536	0.204769232585982	0.00867266592499141	50	177
CB4857	5	0.00115200343835994	0.255029789587039	0.00867266592499141	50	177
CB4857	3	0.00174552694386234	0.354847541900881	0.00867266592499141	50	177
CB4857	1	0.00276536456724762	0.481356567209299	0.00867266592499141	50	177
CB4858	500	0.000230019479956689	0.0326935462779339	0.00829456047668428	40	142
CB4858	100	0.000461067191262827	0.0672919653124738	0.00829456047668428	40	142
CB4858	50	0.000564142719794389	0.090368797965736	0.00829456047668428	40	142
CB4858	30	0.000743000687771995	0.124830864263752	0.00829456047668428	40	142
CB4858	10	0.00161168587355607	0.232010954278911	0.00829456047668428	40	142
CB4858	5	0.00205629667867875	0.315289060684047	0.00829456047668428	40	142
CB4858	3	0.00246406357477936	0.360513644311243	0.00829456047668428	40	142
CB4858	1	0.0041322589542425	0.553744555174327	0.00829456047668428	40	142
CB4932	500	0.000132323297003943	0.0229855940874472	0.0062007049156768	70	408
CB4932	100	0.000276368312151212	0.0481866894793503	0.0062007049156768	70	408
CB4932	50	0.000403208452012132	0.0702432755646694	0.0062007049156768	70	408
CB4932	30	0.00043127999121288	0.0789342366538614	0.0062007049156768	70	408
CB4932	10	0.000910103549710383	0.15991511808709	0.0062007049156768	70	408
CB4932	5	0.00121636470747726	0.209684994556941	0.0062007049156768	70	408
CB4932	3	0.00117101290311784	0.203985580330635	0.0062007049156768	70	408
CB4932	1	0.00309734023540413	0.552397825065826	0.0062007049156768	70	408
CX11254	500	8.7590124037749e-05	0.0218347829904802	0.00666738247121888	40	291
CX11254	100	0.000173877807430545	0.0367026585522607	0.00666738247121888	40	291
CX11254	50	0.000262510825690301	0.0568731023828789	0.00666738247121888	40	291
CX11254	30	0.000314477550928524	0.0694011375126131	0.00666738247121888	40	291
CX11254	10	0.000570805716897137	0.11818051416693	0.00666738247121888	40	291
CX11254	5	0.000714234034359923	0.157576064767711	0.00666738247121888	40	291
CX11254	3	0.00113510593496863	0.250560069588271	0.00666738247121888	40	291
CX11254	1	0.00149964686093473	0.283174381236079	0.00666738247121888	40	291
CX11262	500	7.54937543395076e-05	0.0191268017404275	0.00517759945834164	70	380
CX11262	100	0.000146825613832623	0.0349002228495795	0.00517759945834164	70	380
CX11262	50	0.000218492609347897	0.0557621122603228	0.00517759945834164	70	380
CX11262	30	0.000263418700415251	0.0672456591617177	0.00517759945834164	70	380
CX11262	10	0.000540282317369643	0.148029053983662	0.00517759945834164	70	380
CX11262	5	0.000705733790187218	0.194595495643489	0.00517759945834164	70	380
CX11262	3	0.000981294307120744	0.244127925163898	0.00517759945834164	70	380
CX11262	1	0.00169993582844189	0.410943938390357	0.00517759945834164	70	380
CX11264	500	6.93880711448043e-05	0.0140216205370703	0.00625388266337897	60	400
CX11264	100	0.000178823623642156	0.0379787938343048	0.00625388266337897	60	400
CX11264	50	0.000313062421674672	0.0652885312200997	0.00625388266337897	60	400
CX11264	30	0.000282682075428362	0.0603229840528142	0.00625388266337897	60	400
CX11264	10	0.000637726038137251	0.128195654954742	0.00625388266337897	60	400
CX11264	5	0.00094341616069375	0.209044268263196	0.00625388266337897	60	400
CX11264	3	0.00109860804891302	0.244617618926909	0.00625388266337897	60	400
CX11264	1	0.00201637888926445	0.421130723647668	0.00625388266337897	60	400
CX11271	500	0.00010025117973532	0.0151939875367718	0.00792329584139604	70	700
CX11271	100	0.000223360287577952	0.033282546751851	0.00792329584139604	70	700
CX11271	50	0.00029944330361388	0.0452782420227912	0.00792329584139604	70	700
CX11271	30	0.000417762641406635	0.0668408357066447	0.00792329584139604	70	700
CX11271	10	0.000599823027034479	0.0927897539915592	0.00792329584139604	70	700
CX11271	5	0.000895205240970263	0.139606208352456	0.00792329584139604	70	700
CX11271	3	0.00146405457527864	0.22285150739831	0.00792329584139604	70	700
CX11271	1	0.00205680015645751	0.309415191513198	0.00792329584139604	70	700
CX11276	500	7.41869340363076e-05	0.0115459373984241	0.00840505639903566	60	1027
CX11276	100	0.000168182402539671	0.0263223870702408	0.00840505639903566	60	1027
CX11276	50	0.000212874836558397	0.0300698890415183	0.00840505639903566	60	1027
CX11276	30	0.000361383052709223	0.0559263148984186	0.00840505639903566	60	1027
CX11276	10	0.00070515373200744	0.108856813620051	0.00840505639903566	60	1027
CX11276	5	0.000856863908364059	0.113986858884432	0.00840505639903566	60	1027
CX11276	3	0.000848722128992419	0.12724988799895	0.00840505639903566	60	1027
CX11276	1	0.00162937325998665	0.238433536176619	0.00840505639903566	60	1027
CX11285	500	7.18705799469456e-05	0.0237515046641108	0.00543646601154311	70	383
CX11285	100	0.000183973968844211	0.0524583716416981	0.00543646601154311	70	383
CX11285	50	0.00022088734417844	0.0684698772178241	0.00543646601154311	70	383
CX11285	30	0.000297443289298132	0.0795105471509815	0.00543646601154311	70	383
CX11285	10	0.000580803408385536	0.19191996608304	0.00543646601154311	70	383
CX11285	5	0.000752519070767855	0.229926408241261	0.00543646601154311	70	383
CX11285	3	0.000881842522877608	0.252047232407453	0.00543646601154311	70	383
CX11285	1	0.00121376257034722	0.33388543388159	0.00543646601154311	70	383
CX11292	500	0.000132374422750573	0.0186058610475496	0.00793011918454756	70	297
CX11292	100	0.000291998461343357	0.040644337250666	0.00793011918454756	70	297
CX11292	50	0.000508801275223903	0.0749685427622821	0.00793011918454756	70	297
CX11292	30	0.000629254363118732	0.0896736972304788	0.00793011918454756	70	297
CX11292	10	0.00123581590708419	0.181194132014328	0.00793011918454756	70	297
CX11292	5	0.0015411051145028	0.227884924594747	0.00793011918454756	70	297
CX11292	3	0.00177061848450921	0.25836982312529	0.00793011918454756	70	297
CX11292	1	0.00302126338917073	0.431838977448145	0.00793011918454756	70	297
CX11307	500	5.62991726361236e-05	0.0243747879880675	0.00485914998994241	70	495
CX11307	100	0.000145140727330584	0.0682356143306981	0.00485914998994241	70	495
CX11307	50	0.000196109238234167	0.0984560165894375	0.00485914998994241	70	495
CX11307	30	0.000250226024010225	0.0957348774401529	0.00485914998994241	70	495
CX11307	10	0.000508270386677543	0.220249296527126	0.00485914998994241	70	495
CX11307	5	0.000552776737518753	0.222829194880999	0.00485914998994241	70	495
CX11307	3	0.000785768513940844	0.317428383050335	0.00485914998994241	70	495
CX11307	1	0.00111381389752735	0.438846545179949	0.00485914998994241	70	495
CX11314	500	0.00010500046785016	0.0346463439298874	0.00523684773977398	60	103
CX11314	100	0.000258054555251591	0.0775984573032222	0.00523684773977398	60	103
CX11314	50	0.000355267818915239	0.114439977542345	0.00523684773977398	60	103
CX11314	30	0.000444599698718623	0.124420915864459	0.00523684773977398	60	103
CX11314	10	0.000812917976514527	0.248275404477252	0.00523684773977398	60	103
CX11314	5	0.000803289587440223	0.252471626188845	0.00523684773977398	60	103
CX11314	3	0.00148641750568374	0.395790438943008	0.00523684773977398	60	103
CX11314	1	0.00199983002575302	0.502298239202424	0.00523684773977398	60	103
CX11315	500	6.82362581645385e-05	0.0187997233927067	0.00562869989750611	60	327
CX11315	100	0.000163334678768498	0.049954954919846	0.00562869989750611	60	327
CX11315	50	0.00024587520342511	0.0680503547738732	0.00562869989750611	60	327
CX11315	30	0.00027713089068199	0.060234316284892	0.00562869989750611	60	327
CX11315	10	0.000602953772270179	0.1490166099455	0.00562869989750611	60	327
CX11315	5	0.000823948656917067	0.283208318666236	0.00562869989750611	60	327
CX11315	3	0.00101918987175453	0.275642034088375	0.00562869989750611	60	327
CX11315	1	0.00147758049160199	0.355897718814241	0.00562869989750611	60	327
DL200	500	7.8976926585305e-05	0.0146492924137091	0.00680784364937043	50	665
DL200	100	0.000250220389136353	0.046084923228039	0.00680784364937043	50	665
DL200	50	0.000312369970026258	0.0562884579008601	0.00680784364937043	50	665
DL200	30	0.000438584035379699	0.0791091782818691	0.00680784364937043	50	665
DL200	10	0.000740238784318412	0.147977647545492	0.00680784364937043	50	665
DL200	5	0.00092619617596077	0.168754780275627	0.00680784364937043	50	665
DL200	3	0.00147651727097554	0.243635208702408	0.00680784364937043	50	665
DL200	1	0.00249059648903244	0.457081503811099	0.00680784364937043	50	665
DL226	500	7.06537367283678e-05	0.0218107056848257	0.00752972908618918	70	819
DL226	100	0.000180231481661568	0.0618418064058961	0.00752972908618918	70	819
DL226	50	0.00021183949302132	0.0722041108986031	0.00752972908618918	70	819
DL226	30	0.000258132668766653	0.0900233003589911	0.00752972908618918	70	819
DL226	10	0.000510211832955707	0.169857835805947	0.00752972908618918	70	819
DL226	5	0.000624884029276234	0.210623562204725	0.00752972908618918	70	819
DL226	3	0.000929842495559832	0.252070978107386	0.00752972908618918	70	819
DL226	1	0.00160303895806527	0.357017393733748	0.00752972908618918	70	819
DL238	500	4.41974805430174e-05	0.0101189839094133	0.00862770470231929	70	14034
DL238	100	9.34098860239999e-05	0.0195326628482812	0.00862770470231929	70	14034
DL238	50	0.000138228163467792	0.0300348213195499	0.00862770470231929	70	14034
DL238	30	0.000166746367042958	0.0344074778983706	0.00862770470231929	70	14034
DL238	10	0.000280554179765304	0.0660529044777463	0.00862770470231929	70	14034
DL238	5	0.000468062516807046	0.104535046372373	0.00862770470231929	70	14034
DL238	3	0.00049170308456754	0.122578132925396	0.00862770470231929	70	14034
DL238	1	0.000821937234100403	0.185351361610738	0.00862770470231929	70	14034
ECA189	500	5.4209033588259e-05	0.0195182831817475	0.00311122111181188	20	4038
ECA189	100	8.94800446305973e-05	0.0290289838427536	0.00311122111181188	20	4038
ECA189	50	0.000132098202785298	0.0563539192269349	0.00311122111181188	20	4038
ECA189	30	0.000169674358048078	0.0570235957465824	0.00311122111181188	20	4038
ECA189	10	0.000248544628145367	0.092269586961131	0.00311122111181188	20	4038
ECA189	5	0.000435285664731478	0.149612803284154	0.00311122111181188	20	4038
ECA189	3	0.000468635001032851	0.156322462385416	0.00311122111181188	20	4038
ECA189	1	0.00103675013439164	0.376630160580488	0.00311122111181188	20	4038
ECA191	500	3.10533914151242e-05	0.0249465226706603	0.00124479839635711	10	8842
ECA191	100	3.586385488715e-05	0.0288109745257586	0.00124479839635711	10	8842
ECA191	50	0.000127958658232973	0.102794684350046	0.00124479839635711	10	8842
ECA191	30	0.000110431120529507	0.088714060728775	0.00124479839635711	10	8842
ECA191	10	0.000205617654092636	0.165181490186984	0.00124479839635711	10	8842
ECA191	5	0.000377393315721196	0.303176254745855	0.00124479839635711	10	8842
ECA191	3	0.000317772783601513	0.255280521353073	0.00124479839635711	10	8842
ECA191	1	0.000429355165162151	0.344919439500126	0.00124479839635711	10	8842
ECA347	500	3.28473630385585e-05	0.039732099238986	0.000826721055964945	10	16801
ECA347	100	4.47998475639988e-05	0.0541897986518665	0.000826721055964945	10	16801
ECA347	50	4.4532452455108e-05	0.0538663581068828	0.000826721055964945	10	16801
ECA347	30	9.63271726064018e-05	0.116517139501145	0.000826721055964945	10	16801
ECA347	10	0.000246432832690051	0.298084621060504	0.000826721055964945	10	16801
ECA347	5	0.000287354277307781	0.347583111902699	0.000826721055964945	10	16801
ECA347	3	0.00037146557353507	0.449323953774828	0.000826721055964945	10	16801
ECA347	1	0.000525277074853194	0.635374012870754	0.000826721055964945	10	16801
ECA348	500	5.75783949040452e-05	0.0130518255525635	0.00599851594398893	20	487
ECA348	100	0.00018194407931822	0.0351408326263371	0.00599851594398893	20	487
ECA348	50	0.000286630200667528	0.0586986540440198	0.00599851594398893	20	487
ECA348	30	0.000330823431859814	0.0712864322948135	0.00599851594398893	20	487
ECA348	10	0.000720979949257834	0.157180611619479	0.00599851594398893	20	487
ECA348	5	0.00088707389033734	0.207205281411391	0.00599851594398893	20	487
ECA348	3	0.000757140702518926	0.156281052626797	0.00599851594398893	20	487
ECA348	1	0.00125697153123559	0.281331057939161	0.00599851594398893	20	487
ECA349	500	9.92346903479388e-05	0.0334441986054044	0.00362135370766229	20	412
ECA349	100	0.000216637734991029	0.083471610454923	0.00362135370766229	20	412
ECA349	50	0.000324658856546479	0.126343674576951	0.00362135370766229	20	412
ECA349	30	0.000307170293733625	0.109845302116229	0.00362135370766229	20	412
ECA349	10	0.000739420569824441	0.276649385543764	0.00362135370766229	20	412
ECA349	5	0.00113251374826624	0.452223735996592	0.00362135370766229	20	412
ECA349	3	0.00103209460825116	0.335159370704636	0.00362135370766229	20	412
ECA349	1	0.00171709210721553	0.655872073985235	0.00362135370766229	20	412
ECA36	500	5.57151900233734e-05	0.00750183833977223	0.0074419838469505	50	1729
ECA36	100	8.66161082619999e-05	0.0127896752183982	0.0074419838469505	50	1729
ECA36	50	0.000150509625296968	0.0212188017106958	0.0074419838469505	50	1729
ECA36	30	0.000195741102394252	0.0292719385069239	0.0074419838469505	50	1729
ECA36	10	0.00031267280277093	0.0459044713989599	0.0074419838469505	50	1729
ECA36	5	0.000483844034892718	0.0685241545298003	0.0074419838469505	50	1729
ECA36	3	0.000493751054050173	0.0681029872970873	0.0074419838469505	50	1729
ECA36	1	0.00106081576555613	0.162133398439134	0.0074419838469505	50	1729
ECA363	500	2.61207070300645e-05	0.0260105944296757	0.0010042333750075	10	11907
ECA363	100	5.88645110911354e-05	0.0586163660321445	0.0010042333750075	10	11907
ECA363	50	0.000129675013281881	0.129128364490886	0.0010042333750075	10	11907
ECA363	30	0.000121684496912148	0.12117153237537	0.0010042333750075	10	11907
ECA363	10	0.000213056070551483	0.212157926487846	0.0010042333750075	10	11907
ECA363	5	0.000305859722358305	0.304570361800633	0.0010042333750075	10	11907
ECA363	3	0.00045829775823871	0.456365790706057	0.0010042333750075	10	11907
ECA363	1	0.000659206580993558	0.656427676473743	0.0010042333750075	10	11907
ECA369	500	1.98627739709634e-05	0.00982258390968846	0.00202215365667397	10	44292
ECA369	100	5.29952332507315e-05	0.0262073226116248	0.00202215365667397	10	44292
ECA369	50	8.03253414177117e-05	0.0397226695175235	0.00202215365667397	10	44292
ECA369	30	9.75409909611193e-05	0.0482361914680383	0.00202215365667397	10	44292
ECA369	10	9.02554612426175e-05	0.0446333348332537	0.00202215365667397	10	44292
ECA369	5	0.000187418460273684	0.0926826008771011	0.00202215365667397	10	44292
ECA369	3	0.000327049508697264	0.161733262760652	0.00202215365667397	10	44292
ECA369	1	0.000474544106527418	0.234672624882496	0.00202215365667397	10	44292
ECA372	500	5.93057923904727e-05	0.0715346168597497	0.00168065315418996	20	1712
ECA372	100	0.000127694890780191	0.115674888868522	0.00168065315418996	20	1712
ECA372	50	0.000172851056399394	0.166707495563737	0.00168065315418996	20	1712
ECA372	30	0.000195821576259045	0.210119531653894	0.00168065315418996	20	1712
ECA372	10	0.00038894111281029	0.417097973737258	0.00168065315418996	20	1712
ECA372	5	0.000466428374534523	0.484854842217938	0.00168065315418996	20	1712
ECA372	3	0.000621283913003787	0.584735257839926	0.00168065315418996	20	1712
ECA372	1	0.00122313744133731	1.00981993264048	0.00168065315418996	20	1712
ECA396	500	2.64307141100289e-05	0.0135008887551693	0.00343777550819436	30	14743
ECA396	100	5.6043121719909e-05	0.0219929393991919	0.00343777550819436	30	14743
ECA396	50	6.64981103283817e-05	0.0298583688320812	0.00343777550819436	30	14743
ECA396	30	0.000124580101215819	0.0486465470049775	0.00343777550819436	30	14743
ECA396	10	0.000245606418130171	0.110773142936773	0.00343777550819436	30	14743
ECA396	5	0.000325511316250825	0.138067318715308	0.00343777550819436	30	14743
ECA396	3	0.00038289108840847	0.147165629635078	0.00343777550819436	30	14743
ECA396	1	0.000660470343308399	0.248436707608894	0.00343777550819436	30	14743
ECA592	500	6.09524145481492e-05	0.028728431496005	0.00212167568412586	10	1710
ECA592	100	8.26498238037409e-05	0.038954975268896	0.00212167568412586	10	1710
ECA592	50	0.000155739516208143	0.0734040161620219	0.00212167568412586	10	1710
ECA592	30	0.000295751517337355	0.139395252323498	0.00212167568412586	10	1710
ECA592	10	0.000306958815388379	0.144677538459347	0.00212167568412586	10	1710
ECA592	5	0.000618028891226433	0.291292819091276	0.00212167568412586	10	1710
ECA592	3	0.000715557992169121	0.337260778130629	0.00212167568412586	10	1710
ECA592	1	0.00128370578888682	0.605043361947992	0.00212167568412586	10	1710
ECA593	500	4.04266271996899e-05	0.00873988858188261	0.00462553118623188	10	1248
ECA593	100	0.000140329543920559	0.0303380386534321	0.00462553118623188	10	1248
ECA593	50	0.000183564880956785	0.0396851461088782	0.00462553118623188	10	1248
ECA593	30	0.00029922469394479	0.064689801429822	0.00462553118623188	10	1248
ECA593	10	0.000421605059455276	0.0911473823179927	0.00462553118623188	10	1248
ECA593	5	0.000623855436025913	0.13487217162925	0.00462553118623188	10	1248
ECA593	3	0.000699673343494266	0.151263350158978	0.00462553118623188	10	1248
ECA593	1	0.000735463832028245	0.159000945495166	0.00462553118623188	10	1248
ECA594	500	5.28000803367734e-05	0.0224444715141491	0.00235247598962123	10	758
ECA594	100	0.000122688690450101	0.0521530043202926	0.00235247598962123	10	758
ECA594	50	0.000244634646363373	0.103990284042287	0.00235247598962123	10	758
ECA594	30	0.000255592317702142	0.108648215254811	0.00235247598962123	10	758
ECA594	10	0.000470125363113099	0.199842789123979	0.00235247598962123	10	758
ECA594	5	0.000709154007864353	0.301450051347191	0.00235247598962123	10	758
ECA594	3	0.000885931770059416	0.376595456858226	0.00235247598962123	10	758
ECA594	1	0.00187684356610422	0.797816247385551	0.00235247598962123	10	758
ECA640	500	8.42465584869785e-05	0.0196159252714694	0.00429480421244833	10	565
ECA640	100	0.000168822719408966	0.0393085950040842	0.00429480421244833	10	565
ECA640	50	0.000176372937545192	0.0410665839047986	0.00429480421244833	10	565
ECA640	30	0.000247142778058331	0.0575445971068941	0.00429480421244833	10	565
ECA640	10	0.000606296245475029	0.141169705412345	0.00429480421244833	10	565
ECA640	5	0.000864806995794213	0.201361215323297	0.00429480421244833	10	565
ECA640	3	0.000807921339569506	0.188115988437325	0.00429480421244833	10	565
ECA640	1	0.00141594411102059	0.32968769726837	0.00429480421244833	10	565
ECA701	500	9.19673796404958e-06	0.00264499879908061	0.00347702916434076	10	111039
ECA701	100	1.79057074374616e-05	0.00514971448071143	0.00347702916434076	10	111039
ECA701	50	5.17116048441256e-05	0.0148723529196886	0.00347702916434076	10	111039
ECA701	30	5.42048470324412e-05	0.0155894139710842	0.00347702916434076	10	111039
ECA701	10	7.99161200677299e-05	0.0229840235127512	0.00347702916434076	10	111039
ECA701	5	0.000120364965553846	0.0346171860703005	0.00347702916434076	10	111039
ECA701	3	0.000185675701176159	0.0534006740813066	0.00347702916434076	10	111039
ECA701	1	0.000222112765377399	0.0638800409428003	0.00347702916434076	10	111039
ECA703	500	2.95318464338773e-05	0.00918218612821325	0.00321621082621463	10	9287
ECA703	100	9.08882680162285e-05	0.0282594248099092	0.00321621082621463	10	9287
ECA703	50	0.000131275909163971	0.0408169477243128	0.00321621082621463	10	9287
ECA703	30	0.000209478384582538	0.0651320438558086	0.00321621082621463	10	9287
ECA703	10	0.000258661845311966	0.0804244060133339	0.00321621082621463	10	9287
ECA703	5	0.000337915681917822	0.105066396507202	0.00321621082621463	10	9287
ECA703	3	0.00053165070266802	0.165303436682276	0.00321621082621463	10	9287
ECA703	1	0.000791289130220407	0.246031486422091	0.00321621082621463	10	9287
ECA705	500	7.88601547278244e-05	0.0219241306795755	0.0035969569731351	10	3507
ECA705	100	6.7595067771705e-05	0.0187922925618955	0.0035969569731351	10	3507
ECA705	50	0.000202389962972208	0.0562669958200266	0.0035969569731351	10	3507
ECA705	30	0.000178895090693997	0.0497351211121307	0.0035969569731351	10	3507
ECA705	10	0.000389524847487134	0.108292884901435	0.0035969569731351	10	3507
ECA705	5	0.000474238570555708	0.131844382375907	0.0035969569731351	10	3507
ECA705	3	0.000779074240030577	0.216592593642158	0.0035969569731351	10	3507
ECA705	1	0.00133405484648768	0.370884293710334	0.0035969569731351	10	3507
ECA706	500	3.80281201605347e-05	0.00721029690077672	0.00527414067462855	10	9011
ECA706	100	6.21507690281993e-05	0.011784055993648	0.00527414067462855	10	9011
ECA706	50	0.00012979165541346	0.0246090621051933	0.00527414067462855	10	9011
ECA706	30	0.000193403149447834	0.0366700779101717	0.00527414067462855	10	9011
ECA706	10	0.000199160094567343	0.0377616197318001	0.00527414067462855	10	9011
ECA706	5	0.000577545179735696	0.109505076820192	0.00527414067462855	10	9011
ECA706	3	0.000485738368518032	0.0920981063047283	0.00527414067462855	10	9011
ECA706	1	0.000970295558591401	0.183972256041452	0.00527414067462855	10	9011
ECA710	500	4.25499499196436e-05	0.0104302596672103	0.00407947177512831	10	3033
ECA710	100	8.22740190392884e-05	0.0201678118086013	0.00407947177512831	10	3033
ECA710	50	0.0002062263356645	0.0505522153436186	0.00407947177512831	10	3033
ECA710	30	0.000189191228024426	0.0463764032338416	0.00407947177512831	10	3033
ECA710	10	0.000373609222342891	0.091582744761395	0.00407947177512831	10	3033
ECA710	5	0.000589688865475424	0.144550299151629	0.00407947177512831	10	3033
ECA710	3	0.000552890374460885	0.135529893314067	0.00407947177512831	10	3033
ECA710	1	0.00116568756283985	0.285744730468979	0.00407947177512831	10	3033
ECA712	500	7.85453796648641e-05	0.0182228839159118	0.00431026066056867	10	1262
ECA712	100	0.000165799288692656	0.0384661860962212	0.00431026066056867	10	1262
ECA712	50	0.000275289572310568	0.0638684279187532	0.00431026066056867	10	1262
ECA712	30	0.000224427256498472	0.0520681402291022	0.00431026066056867	10	1262
ECA712	10	0.000346353186790522	0.0803555084171699	0.00431026066056867	10	1262
ECA712	5	0.000606017286439547	0.14059875589046	0.00431026066056867	10	1262
ECA712	3	0.000834758047317949	0.193667648677149	0.00431026066056867	10	1262
ECA712	1	0.00087950161104248	0.204048358162739	0.00431026066056867	10	1262
ECA722	500	1.80607850933526e-05	0.00482393162917986	0.00374399690578185	10	13507
ECA722	100	5.00554277889451e-05	0.0133695163347076	0.00374399690578185	10	13507
ECA722	50	0.000130055112242372	0.0347369710806994	0.00374399690578185	10	13507
ECA722	30	0.000102410726760191	0.0273533150099666	0.00374399690578185	10	13507
ECA722	10	0.000181883826311332	0.0485801219628277	0.00374399690578185	10	13507
ECA722	5	0.000203240013688177	0.0542842365532712	0.00374399690578185	10	13507
ECA722	3	0.000275267081728789	0.0735222513949448	0.00374399690578185	10	13507
ECA722	1	0.000579963178689193	0.154904823183362	0.00374399690578185	10	13507
ECA723	500	2.51964465216312e-05	0.0074726414914167	0.00337182595345602	10	14932
ECA723	100	7.91492261736375e-05	0.0234736986031298	0.00337182595345602	10	14932
ECA723	50	9.47384572900061e-05	0.0280970781403773	0.00337182595345602	10	14932
ECA723	30	0.000127551915507784	0.0378287364972224	0.00337182595345602	10	14932
ECA723	10	0.000122951274423488	0.036464300388182	0.00337182595345602	10	14932
ECA723	5	0.000326176774785655	0.0967359464243203	0.00337182595345602	10	14932
ECA723	3	0.000428532608423355	0.127092149576736	0.00337182595345602	10	14932
ECA723	1	0.000572184366397301	0.16969570028098	0.00337182595345602	10	14932
ECA724	500	2.74161956758807e-05	0.0111159580215343	0.00246638172101487	10	15926
ECA724	100	8.60117534659024e-05	0.0348736583364356	0.00246638172101487	10	15926
ECA724	50	7.93582700715556e-05	0.0321759885728075	0.00246638172101487	10	15926
ECA724	30	0.000141551229308556	0.0573922633720749	0.00246638172101487	10	15926
ECA724	10	0.000232909904413463	0.094433843078283	0.00246638172101487	10	15926
ECA724	5	0.000227530164215107	0.0922526153500208	0.00246638172101487	10	15926
ECA724	3	0.000320077935792213	0.129776316887602	0.00246638172101487	10	15926
ECA724	1	0.000421609543081093	0.17094253476206	0.00246638172101487	10	15926
ECA730	500	3.86178694955012e-05	0.0139044530425537	0.00277737422517187	10	5257
ECA730	100	5.86554189900377e-05	0.021119018985066	0.00277737422517187	10	5257
ECA730	50	5.73740211517225e-05	0.0206576487358926	0.00277737422517187	10	5257
ECA730	30	0.000147336024035401	0.053048675507991	0.00277737422517187	10	5257
ECA730	10	0.000220090561097965	0.0792441144960741	0.00277737422517187	10	5257
ECA730	5	0.000244761445380966	0.0881269233229882	0.00277737422517187	10	5257
ECA730	3	0.000340983655922776	0.122771952311063	0.00277737422517187	10	5257
ECA730	1	0.000507876052197371	0.182861944780215	0.00277737422517187	10	5257
ECA732	500	4.83382316750561e-05	0.0123714439211533	0.00390724251616297	10	5144
ECA732	100	0.000120744276643386	0.030902682939159	0.00390724251616297	10	5144
ECA732	50	0.000129104637902175	0.0330423917553393	0.00390724251616297	10	5144
ECA732	30	0.000224907991604875	0.05756182030537	0.00390724251616297	10	5144
ECA732	10	0.000209410344529859	0.053595430450912	0.00390724251616297	10	5144
ECA732	5	0.000530645803874809	0.13581081841726	0.00390724251616297	10	5144
ECA732	3	0.000731406156547376	0.187192413453168	0.00390724251616297	10	5144
ECA732	1	0.00114626310010823	0.293368813265754	0.00390724251616297	10	5144
ECA733	500	4.12895894505233e-05	0.0396300947028836	0.00104187460968946	10	4811
ECA733	100	0.000136128595350985	0.130657369020211	0.00104187460968946	10	4811
ECA733	50	0.000112749635802638	0.108218047310169	0.00104187460968946	10	4811
ECA733	30	0.000251116587008152	0.241023809077178	0.00104187460968946	10	4811
ECA733	10	0.000493310234531981	0.473483305902824	0.00104187460968946	10	4811
ECA733	5	0.000394510482976322	0.378654474643458	0.00104187460968946	10	4811
ECA733	3	0.000650638954698971	0.624488732759212	0.00104187460968946	10	4811
ECA733	1	0.000893775566846133	0.857853294949312	0.00104187460968946	10	4811
ECA738	500	3.91530092216606e-05	0.00875199240118819	0.00447361097072537	10	3438
ECA738	100	8.92743289921712e-05	0.0199557649461182	0.00447361097072537	10	3438
ECA738	50	0.000116848042503943	0.0261194018140107	0.00447361097072537	10	3438
ECA738	30	0.000220113963966971	0.0492027503972435	0.00447361097072537	10	3438
ECA738	10	0.000311423361829901	0.0696134205383097	0.00447361097072537	10	3438
ECA738	5	0.000407879052002932	0.0911744572051594	0.00447361097072537	10	3438
ECA738	3	0.000428893677106616	0.0958719208963924	0.00447361097072537	10	3438
ECA738	1	0.00106808067255086	0.238751353110544	0.00447361097072537	10	3438
ECA740	500	3.92281073958611e-05	0.0154523731932296	0.00253864612932392	10	8621
ECA740	100	7.78019437740276e-05	0.0306470219993786	0.00253864612932392	10	8621
ECA740	50	0.000107240933377362	0.0422433564641486	0.00253864612932392	10	8621
ECA740	30	0.000106751865133477	0.0420507072255504	0.00253864612932392	10	8621
ECA740	10	0.000160664691487721	0.063287549072666	0.00253864612932392	10	8621
ECA740	5	0.000274495485751635	0.10812672257899	0.00253864612932392	10	8621
ECA740	3	0.000261443659696999	0.102985467992983	0.00253864612932392	10	8621
ECA740	1	0.000531719840540332	0.209450161012372	0.00253864612932392	10	8621
ECA741	500	4.11024919873482e-05	0.0178519887762051	0.00230240409080548	10	9662
ECA741	100	7.58547345619125e-05	0.0329458824646959	0.00230240409080548	10	9662
ECA741	50	8.61652409667442e-05	0.0374240305213321	0.00230240409080548	10	9662
ECA741	30	0.000115989719879485	0.0503776554005803	0.00230240409080548	10	9662
ECA741	10	0.000213431107564506	0.0926992392068928	0.00230240409080548	10	9662
ECA741	5	0.000454967636651962	0.197605467462836	0.00230240409080548	10	9662
ECA741	3	0.000312530661792647	0.135741012205772	0.00230240409080548	10	9662
ECA741	1	0.000533057946496815	0.231522324263386	0.00230240409080548	10	9662
ECA742	500	2.66521766367437e-05	0.0159372738411888	0.00167231716680822	10	12809
ECA742	100	7.55382032289611e-05	0.0451697828188495	0.00167231716680822	10	12809
ECA742	50	0.000116521866418295	0.0696768942704141	0.00167231716680822	10	12809
ECA742	30	9.31936064914037e-05	0.0557272318559479	0.00167231716680822	10	12809
ECA742	10	9.33835681541431e-05	0.0558408237430072	0.00167231716680822	10	12809
ECA742	5	0.000217989901373794	0.13035200839913	0.00167231716680822	10	12809
ECA742	3	0.000285975270245259	0.17100540251648	0.00167231716680822	10	12809
ECA742	1	0.000613863656635775	0.367073703971713	0.00167231716680822	10	12809
ECA743	500	5.70298974170009e-05	0.0240769716373756	0.00236864910902961	10	2988
ECA743	100	0.000100039189744008	0.0422347022033129	0.00236864910902961	10	2988
ECA743	50	0.000212849933909522	0.0898613193056366	0.00236864910902961	10	2988
ECA743	30	0.000202674954869626	0.0855656306782637	0.00236864910902961	10	2988
ECA743	10	0.000314208398291467	0.132652994947061	0.00236864910902961	10	2988
ECA743	5	0.00052528445038575	0.221765414042669	0.00236864910902961	10	2988
ECA743	3	0.000731921977435034	0.309003969665599	0.00236864910902961	10	2988
ECA743	1	0.000704736797814364	0.297526887848357	0.00236864910902961	10	2988
ECA744	500	2.09436187305894e-05	0.00653742049742295	0.00320365176736686	10	17971
ECA744	100	5.23654043539084e-05	0.016345535706257	0.00320365176736686	10	17971
ECA744	50	8.54854848804209e-05	0.0266837631203228	0.00320365176736686	10	17971
ECA744	30	8.42815397839636e-05	0.0263079591366561	0.00320365176736686	10	17971
ECA744	10	0.000161436340614278	0.0503913509760035	0.00320365176736686	10	17971
ECA744	5	0.00021204788395621	0.0661894298613159	0.00320365176736686	10	17971
ECA744	3	0.000383287039721282	0.11964066869737	0.00320365176736686	10	17971
ECA744	1	0.000549551539710102	0.171539099632476	0.00320365176736686	10	17971
ECA745	500	1.97877330199854e-05	0.00798039646133538	0.00247954260366085	10	15877
ECA745	100	4.83049946986981e-05	0.0194814134781873	0.00247954260366085	10	15877
ECA745	50	7.88469039086182e-05	0.0317989712264701	0.00247954260366085	10	15877
ECA745	30	5.84301410712083e-05	0.0235648869210558	0.00247954260366085	10	15877
ECA745	10	0.000250360115665098	0.100970281896129	0.00247954260366085	10	15877
ECA745	5	0.000181016255187265	0.0730038898787255	0.00247954260366085	10	15877
ECA745	3	0.000438694006110916	0.176925375455626	0.00247954260366085	10	15877
ECA745	1	0.000489065719990626	0.19724029716955	0.00247954260366085	10	15877
ECA746	500	2.23204590215435e-05	0.0176289774051524	0.00126612329850851	10	22473
ECA746	100	5.30235430857327e-05	0.0418786568007985	0.00126612329850851	10	22473
ECA746	50	6.52001625224414e-05	0.0514959029655698	0.00126612329850851	10	22473
ECA746	30	8.14384156819814e-05	0.0643210781903435	0.00126612329850851	10	22473
ECA746	10	9.8047408076311e-05	0.0774390678947388	0.00126612329850851	10	22473
ECA746	5	0.000172065724669582	0.135899659118725	0.00126612329850851	10	22473
ECA746	3	0.000267777113019602	0.211493709447605	0.00126612329850851	10	22473
ECA746	1	0.000530552595067491	0.419037068263795	0.00126612329850851	10	22473
ECA760	500	9.22368477004447e-05	0.0448744830106878	0.00205544089897318	10	126
ECA760	100	0.000207251372808303	0.100830616395654	0.00205544089897318	10	126
ECA760	50	0.000462985194594538	0.225248604727982	0.00205544089897318	10	126
ECA760	30	0.000511824817821317	0.249009746802745	0.00205544089897318	10	126
ECA760	10	0.000912053402816304	0.443726405985174	0.00205544089897318	10	126
ECA760	5	0.000909542731343188	0.442504930108942	0.00205544089897318	10	126
ECA760	3	0.00116466170641447	0.566623787137976	0.00205544089897318	10	126
ECA760	1	0.00174786486151658	0.850360067462776	0.00205544089897318	10	126
ECA768	500	3.86373273259094e-05	0.0176037998187657	0.00219482882807619	10	195
ECA768	100	0.000162680032722054	0.074119690174038	0.00219482882807619	10	195
ECA768	50	0.000298772431485832	0.136125618391714	0.00219482882807619	10	195
ECA768	30	0.000329080942456066	0.149934672921401	0.00219482882807619	10	195
ECA768	10	0.000571730204177873	0.260489654985535	0.00219482882807619	10	195
ECA768	5	0.000670113218844674	0.305314569533899	0.00219482882807619	10	195
ECA768	3	0.000711156922712967	0.324014753959793	0.00219482882807619	10	195
ECA768	1	0.000993876342089376	0.452826356832815	0.00219482882807619	10	195
ECA777	500	0.000113127198118294	0.0438938513598161	0.00257729031774732	10	342
ECA777	100	0.000179586069674433	0.0696801863716309	0.00257729031774732	10	342
ECA777	50	0.000378386568610245	0.146815655964196	0.00257729031774732	10	342
ECA777	30	0.000408036133458177	0.15831981777467	0.00257729031774732	10	342
ECA777	10	0.000843462510870288	0.327267170897346	0.00257729031774732	10	342
ECA777	5	0.000897855661094178	0.348371952865189	0.00257729031774732	10	342
ECA777	3	0.00135679824647059	0.526443698301128	0.00257729031774732	10	342
ECA777	1	0.00113869819923939	0.44181991892736	0.00257729031774732	10	342
ECA778	500	8.29862258787596e-05	0.05031981992466	0.00164917573240541	10	277
ECA778	100	0.000158287905797861	0.0959800115218703	0.00164917573240541	10	277
ECA778	50	0.000121956656394174	0.0739500672959171	0.00164917573240541	10	277
ECA778	30	0.000248465495655222	0.150660412212603	0.00164917573240541	10	277
ECA778	10	0.000308424871980463	0.187017590618198	0.00164917573240541	10	277
ECA778	5	0.000375791826490948	0.227866454196992	0.00164917573240541	10	277
ECA778	3	0.000519432102746718	0.314964677529603	0.00164917573240541	10	277
ECA778	1	0.000818559320670449	0.496344509918622	0.00164917573240541	10	277
ECA807	500	5.91898102172803e-05	0.0143905219666665	0.00411311072345984	10	1461
ECA807	100	0.000235002527080863	0.0571349868459619	0.00411311072345984	10	1461
ECA807	50	0.00017943356050373	0.0436247824500078	0.00411311072345984	10	1461
ECA807	30	0.000314032114830259	0.0763490545097952	0.00411311072345984	10	1461
ECA807	10	0.000351616763392751	0.0854868217836305	0.00411311072345984	10	1461
ECA807	5	0.000508675955793819	0.123671836231516	0.00411311072345984	10	1461
ECA807	3	0.000793796172261719	0.192991685765755	0.00411311072345984	10	1461
ECA807	1	0.00151039325515853	0.367214343767537	0.00411311072345984	10	1461
ECA812	500	8.42429473230967e-05	0.110255897151116	0.000764067496613206	10	396
ECA812	100	0.000153166396363112	0.20046186631683	0.000764067496613206	10	396
ECA812	50	0.000281226145977314	0.36806453254964	0.000764067496613206	10	396
ECA812	30	0.000463091448536222	0.606087093861359	0.000764067496613206	10	396
ECA812	10	0.00036178873528029	0.473503632707776	0.000764067496613206	10	396
ECA812	5	0.000589262931765425	0.771218425567613	0.000764067496613206	10	396
ECA812	3	0.000787720704175592	1.03095696082772	0.000764067496613206	10	396
ECA812	1	0.00184287362823666	2.41192517206314	0.000764067496613206	10	396
ECA923	500	5.22816750016356e-05	0.0222555078413556	0.00234915668401351	10	1295
ECA923	100	0.00019193292958988	0.0817029067903484	0.00234915668401351	10	1295
ECA923	50	0.000247939333073247	0.105543974465614	0.00234915668401351	10	1295
ECA923	30	0.000233849163800585	0.0995460053354366	0.00234915668401351	10	1295
ECA923	10	0.000272936239306186	0.116184774376087	0.00234915668401351	10	1295
ECA923	5	0.000653507833659633	0.278188269904212	0.00234915668401351	10	1295
ECA923	3	0.000570555969256385	0.242876932449477	0.00234915668401351	10	1295
ECA923	1	0.000873791045716323	0.371959457477932	0.00234915668401351	10	1295
ECA928	500	4.01516784419889e-05	0.0139061270795154	0.00288733723001387	10	1352
ECA928	100	0.000188949543954725	0.0654407604316511	0.00288733723001387	10	1352
ECA928	50	0.000290471011921854	0.100601692418332	0.00288733723001387	10	1352
ECA928	30	0.000220410631095399	0.0763369892523225	0.00288733723001387	10	1352
ECA928	10	0.000411802821468543	0.142623735526232	0.00288733723001387	10	1352
ECA928	5	0.000545703259792292	0.188998795886988	0.00288733723001387	10	1352
ECA928	3	0.000613496655692332	0.212478351788989	0.00288733723001387	10	1352
ECA928	1	0.00117537898374794	0.407080604070034	0.00288733723001387	10	1352
ECA930	500	9.66188115826847e-05	0.055937275051711	0.00172727061683584	10	301
ECA930	100	0.000208982992398484	0.120990301323667	0.00172727061683584	10	301
ECA930	50	0.000450323821296553	0.260714109825764	0.00172727061683584	10	301
ECA930	30	0.000477856141135469	0.276653893418766	0.00172727061683584	10	301
ECA930	10	0.000747414798571657	0.432714359456213	0.00172727061683584	10	301
ECA930	5	0.00115607470451703	0.669307225659192	0.00172727061683584	10	301
ECA930	3	0.00169717918949066	0.982578626040487	0.00172727061683584	10	301
ECA930	1	0.00176335050751643	1.02088838328454	0.00172727061683584	10	301
ED3005	500	0.000133333400887312	0.040506796255313	0.00888572419960423	60	233
ED3005	100	0.000366319144894884	0.137622901673672	0.00888572419960423	60	233
ED3005	50	0.000417864137474153	0.171616789895217	0.00888572419960423	60	233
ED3005	30	0.000595312538908791	0.187360974033642	0.00888572419960423	60	233
ED3005	10	0.00102361203807881	0.267352124150176	0.00888572419960423	60	233
ED3005	5	0.00140329118458055	0.334567310178317	0.00888572419960423	60	233
ED3005	3	0.001470466765359	0.492284007164209	0.00888572419960423	60	233
ED3005	1	0.00319794893187752	0.700206358947568	0.00888572419960423	60	233
ED3011	500	0.000114066599898763	0.0282449239750139	0.00931823149897068	70	332
ED3011	100	0.000245946924189256	0.060886700322498	0.00931823149897068	70	332
ED3011	50	0.000306902084291796	0.10729734954788	0.00931823149897068	70	332
ED3011	30	0.000496528606112049	0.117213212064115	0.00931823149897068	70	332
ED3011	10	0.000724144751090184	0.183751220711161	0.00931823149897068	70	332
ED3011	5	0.00116310499578871	0.261856512288167	0.00931823149897068	70	332
ED3011	3	0.0014945195220975	0.288198567594252	0.00931823149897068	70	332
ED3011	1	0.00251052718188594	0.528493178392587	0.00931823149897068	70	332
ED3012	500	0.000162836199596187	0.025152273424777	0.00777836265500177	50	335
ED3012	100	0.000315388182230135	0.0512253138237845	0.00777836265500177	50	335
ED3012	50	0.000452254941182016	0.0714996917399911	0.00777836265500177	50	335
ED3012	30	0.000488759768994656	0.0793267856100426	0.00777836265500177	50	335
ED3012	10	0.000917455827923402	0.141475442135125	0.00777836265500177	50	335
ED3012	5	0.00142754176807593	0.237184235672645	0.00777836265500177	50	335
ED3012	3	0.00160472663496755	0.243346441380783	0.00777836265500177	50	335
ED3012	1	0.00271200402653907	0.426071806185977	0.00777836265500177	50	335
ED3017	500	0.000113946324601257	0.0191783865110676	0.0060459854598388	40	433
ED3017	100	0.000217544305089188	0.0371984609794461	0.0060459854598388	40	433
ED3017	50	0.000366590239473602	0.062139041693064	0.0060459854598388	40	433
ED3017	30	0.000549781449062548	0.093934047049085	0.0060459854598388	40	433
ED3017	10	0.000645234394506254	0.106189460733039	0.0060459854598388	40	433
ED3017	5	0.00120545425839627	0.20805891732318	0.0060459854598388	40	433
ED3017	3	0.00132225377986216	0.224820135062567	0.0060459854598388	40	433
ED3017	1	0.00223298869065914	0.382128584162133	0.0060459854598388	40	433
ED3040	500	8.17686734577565e-05	0.0118336603742861	0.00945983392526913	70	551
ED3040	100	0.000188890024080376	0.0252510422296524	0.00945983392526913	70	551
ED3040	50	0.000348512265898478	0.0504526590437863	0.00945983392526913	70	551
ED3040	30	0.000418780682517115	0.0589978828649303	0.00945983392526913	70	551
ED3040	10	0.000739666803092996	0.112247960676834	0.00945983392526913	70	551
ED3040	5	0.000964623452659325	0.147405131387338	0.00945983392526913	70	551
ED3040	3	0.00111964029789428	0.169023578796305	0.00945983392526913	70	551
ED3040	1	0.00205732741745092	0.298718665950328	0.00945983392526913	70	551
ED3046	500	0.000143431128037472	0.0201888983666364	0.0110862337533703	70	79
ED3046	100	0.000351757847559921	0.0500402499982146	0.0110862337533703	70	79
ED3046	50	0.000442831440066394	0.0618581939879705	0.0110862337533703	70	79
ED3046	30	0.000752697469878497	0.117832263970545	0.0110862337533703	70	79
ED3046	10	0.00119874812116171	0.170401798842683	0.0110862337533703	70	79
ED3046	5	0.00187812660091988	0.278825858160073	0.0110862337533703	70	79
ED3046	3	0.00223523987769241	0.30407034234342	0.0110862337533703	70	79
ED3046	1	0.00346771785441209	0.436600563895075	0.0110862337533703	70	79
ED3048	500	0.000121099912858232	0.0438200137655863	0.00730009553350703	70	442
ED3048	100	0.000291503354313033	0.110553122452603	0.00730009553350703	70	442
ED3048	50	0.000483016494903249	0.198789198122208	0.00730009553350703	70	442
ED3048	30	0.000561289073311954	0.220074400726468	0.00730009553350703	70	442
ED3048	10	0.00103967187158544	0.416641171681555	0.00730009553350703	70	442
ED3048	5	0.00129914012793164	0.415570849970675	0.00730009553350703	70	442
ED3048	3	0.00185474820075577	0.791189402003601	0.00730009553350703	70	442
ED3048	1	0.00271176127287363	0.886347559021132	0.00730009553350703	70	442
ED3049	500	0.000163633096115468	0.0932136557720643	0.00702727349865497	70	37
ED3049	100	0.000370878129220208	0.223839375135378	0.00702727349865497	70	37
ED3049	50	0.000436929851855264	0.248763491387304	0.00702727349865497	70	37
ED3049	30	0.000667161855964488	0.313938362716178	0.00702727349865497	70	37
ED3049	10	0.0013382302601457	0.928123013102016	0.00702727349865497	70	37
ED3049	5	0.00185872010526957	1.25196086705233	0.00702727349865497	70	37
ED3049	3	0.00223709575055838	1.07552460790013	0.00702727349865497	70	37
ED3049	1	0.00322018028768399	1.38371495252307	0.00702727349865497	70	37
ED3052	500	9.40209208516234e-05	0.0199319998072572	0.00664458881258699	60	557
ED3052	100	0.000263022841484612	0.0504046361008189	0.00664458881258699	60	557
ED3052	50	0.000359446803637286	0.0714114253898416	0.00664458881258699	60	557
ED3052	30	0.000422623086979337	0.0790290670743669	0.00664458881258699	60	557
ED3052	10	0.000837976219250044	0.166288709528171	0.00664458881258699	60	557
ED3052	5	0.00102379706292029	0.199792764394702	0.00664458881258699	60	557
ED3052	3	0.0013736539907555	0.254853483426459	0.00664458881258699	60	557
ED3052	1	0.00233503277426764	0.436501004487948	0.00664458881258699	60	557
ED3073	500	0.000109496737651231	0.0155160199261074	0.00752168020692277	70	590
ED3073	100	0.000241404405534275	0.0334603939940086	0.00752168020692277	70	590
ED3073	50	0.000324481262413771	0.0499625848803569	0.00752168020692277	70	590
ED3073	30	0.000428507103223661	0.0637295661561515	0.00752168020692277	70	590
ED3073	10	0.000765962913552961	0.109790717882235	0.00752168020692277	70	590
ED3073	5	0.000883419691758592	0.130056646815481	0.00752168020692277	70	590
ED3073	3	0.00123992156248051	0.185707892491776	0.00752168020692277	70	590
ED3073	1	0.00226082386716718	0.311465267469356	0.00752168020692277	70	590
ED3077	500	0.000118740971298368	0.02246751059423	0.00663814447205898	50	621
ED3077	100	0.000241763243268653	0.0480046468071226	0.00663814447205898	50	621
ED3077	50	0.00035357667260062	0.0697494732821907	0.00663814447205898	50	621
ED3077	30	0.000350685401030938	0.0693263444134483	0.00663814447205898	50	621
ED3077	10	0.000828191740639969	0.158258612616935	0.00663814447205898	50	621
ED3077	5	0.000965407515379021	0.183097881192661	0.00663814447205898	50	621
ED3077	3	0.00124917665922948	0.240055516612826	0.00663814447205898	50	621
ED3077	1	0.00231504224051879	0.417749521830458	0.00663814447205898	50	621
EG4347	500	0.000163830001489277	0.0369251672739426	0.00608707411011472	70	304
EG4347	100	0.000351866694778427	0.0655780499493229	0.00608707411011472	70	304
EG4347	50	0.000478430696148115	0.115805542593609	0.00608707411011472	70	304
EG4347	30	0.000595450613250351	0.116358308461828	0.00608707411011472	70	304
EG4347	10	0.00107185217043544	0.204837668965773	0.00608707411011472	70	304
EG4347	5	0.00137088963248327	0.262656980030708	0.00608707411011472	70	304
EG4347	3	0.00157145725194544	0.299224659480437	0.00608707411011472	70	304
EG4347	1	0.00302900139978147	0.571035271262206	0.00608707411011472	70	304
EG4349	500	7.71867797215785e-05	0.0290733651506918	0.00556287374615216	60	512
EG4349	100	0.000171610319812315	0.0665995751715564	0.00556287374615216	60	512
EG4349	50	0.000229654247130769	0.0881817413177088	0.00556287374615216	60	512
EG4349	30	0.000282514432201763	0.107681118611555	0.00556287374615216	60	512
EG4349	10	0.000557559978799376	0.206477027121181	0.00556287374615216	60	512
EG4349	5	0.000873005643781503	0.349154398846536	0.00556287374615216	60	512
EG4349	3	0.000944712689540075	0.299083588299854	0.00556287374615216	60	512
EG4349	1	0.00153464631197412	0.544508184293759	0.00556287374615216	60	512
EG4724	500	7.53348620520543e-05	0.0162351408628793	0.00810616219475416	50	648
EG4724	100	0.000166134706545589	0.0369125310772557	0.00810616219475416	50	648
EG4724	50	0.000211382094909812	0.0424658520127202	0.00810616219475416	50	648
EG4724	30	0.000273043078865905	0.0580499826089579	0.00810616219475416	50	648
EG4724	10	0.000656927227601489	0.13544942187136	0.00810616219475416	50	648
EG4724	5	0.000867060526741916	0.1578179556747	0.00810616219475416	50	648
EG4724	3	0.000907592381843773	0.21251706328175	0.00810616219475416	50	648
EG4724	1	0.00196553172374557	0.371876901051423	0.00810616219475416	50	648
EG4725	500	6.40037879356555e-05	0.0119650355186079	0.00907299409534578	60	1801
EG4725	100	0.000150486133578615	0.0266317020127611	0.00907299409534578	60	1801
EG4725	50	0.000170585256744545	0.0327072025507234	0.00907299409534578	60	1801
EG4725	30	0.000289158528028338	0.0575764541592048	0.00907299409534578	60	1801
EG4725	10	0.000377381028246815	0.0827480804583811	0.00907299409534578	60	1801
EG4725	5	0.000622710729967485	0.112585150105946	0.00907299409534578	60	1801
EG4725	3	0.000745107620971082	0.114825856615211	0.00907299409534578	60	1801
EG4725	1	0.0012935706061379	0.226320716124156	0.00907299409534578	60	1801
EG4946	500	0.000155540398125757	0.024730794227227	0.00766124989442846	70	305
EG4946	100	0.000276893017410323	0.0449615497327124	0.00766124989442846	70	305
EG4946	50	0.000416627874543423	0.0734013243719437	0.00766124989442846	70	305
EG4946	30	0.000509727534770254	0.0795747672624348	0.00766124989442846	70	305
EG4946	10	0.000941015954684599	0.146691796269702	0.00766124989442846	70	305
EG4946	5	0.00128232184420448	0.194736082163288	0.00766124989442846	70	305
EG4946	3	0.00153215301232777	0.240142185654393	0.00766124989442846	70	305
EG4946	1	0.00349218438348176	0.516959580943546	0.00766124989442846	70	305
GXW1	500	0.00010267721797961	0.0187168631977874	0.00584033277528948	60	808
GXW1	100	0.000226402279402503	0.0416160097020869	0.00584033277528948	60	808
GXW1	50	0.000290920377899709	0.0526381050160943	0.00584033277528948	60	808
GXW1	30	0.000383605340106696	0.0707367754229744	0.00584033277528948	60	808
GXW1	10	0.000655170517560472	0.117307996712672	0.00584033277528948	60	808
GXW1	5	0.00109679902861223	0.206080366830123	0.00584033277528948	60	808
GXW1	3	0.00137587897823224	0.260313020512917	0.00584033277528948	60	808
GXW1	1	0.00206840689847674	0.377659490371287	0.00584033277528948	60	808
JT11398	500	9.0864585816933e-05	0.0161293372031097	0.00637569325284041	60	387
JT11398	100	0.000179829959915098	0.0319490804344134	0.00637569325284041	60	387
JT11398	50	0.000291654810632118	0.0525398517323734	0.00637569325284041	60	387
JT11398	30	0.000421321648419502	0.07652772198207	0.00637569325284041	60	387
JT11398	10	0.000786916421966618	0.145878876589739	0.00637569325284041	60	387
JT11398	5	0.000833748747642563	0.156631066184716	0.00637569325284041	60	387
JT11398	3	0.00127783360485902	0.230538302127301	0.00637569325284041	60	387
JT11398	1	0.00210028826736766	0.366070160463457	0.00637569325284041	60	387
JU1088	500	0.000132078773229883	0.0478059272783239	0.00605228809000931	50	548
JU1088	100	0.000277902617611965	0.106443812229852	0.00605228809000931	50	548
JU1088	50	0.000465226907300414	0.165833736805243	0.00605228809000931	50	548
JU1088	30	0.000445127246450158	0.150012390800914	0.00605228809000931	50	548
JU1088	10	0.000835758878276363	0.33493610649886	0.00605228809000931	50	548
JU1088	5	0.00118084419074724	0.421018528966429	0.00605228809000931	50	548
JU1088	3	0.00115838609067992	0.393901777417013	0.00605228809000931	50	548
JU1088	1	0.00205682863802074	0.703685200898153	0.00605228809000931	50	548
JU1172	500	0.000131436174869984	0.0312780950371075	0.00662959714392462	60	377
JU1172	100	0.000287945573841366	0.0635144898925771	0.00662959714392462	60	377
JU1172	50	0.0004283642877022	0.103713129866887	0.00662959714392462	60	377
JU1172	30	0.000485416150655086	0.104117687604493	0.00662959714392462	60	377
JU1172	10	0.000720259042063356	0.145188725408774	0.00662959714392462	60	377
JU1172	5	0.00111823905853422	0.247386854710578	0.00662959714392462	60	377
JU1172	3	0.00134489471779245	0.279964274378718	0.00662959714392462	60	377
JU1172	1	0.00244654700952957	0.529899181992025	0.00662959714392462	60	377
JU1200	500	0.000169894190904736	0.0260158248880771	0.00712383813320087	60	372
JU1200	100	0.000413781046932757	0.0664794194406091	0.00712383813320087	60	372
JU1200	50	0.000561614754955898	0.0922635089777949	0.00712383813320087	60	372
JU1200	30	0.000693060127489024	0.107291090005124	0.00712383813320087	60	372
JU1200	10	0.00122227903283428	0.201164367860335	0.00712383813320087	60	372
JU1200	5	0.00194709761035392	0.315938936318455	0.00712383813320087	60	372
JU1200	3	0.00214456056489822	0.335513314457787	0.00712383813320087	60	372
JU1200	1	0.00327535927004859	0.524432372364184	0.00712383813320087	60	372
JU1212	500	6.85999555789833e-05	0.00944449211552034	0.00737437639931849	60	722
JU1212	100	0.000151268977678251	0.021368507353909	0.00737437639931849	60	722
JU1212	50	0.000242383543811226	0.0367122034247961	0.00737437639931849	60	722
JU1212	30	0.000268900627652434	0.039680376272355	0.00737437639931849	60	722
JU1212	10	0.000526444446017872	0.0779820338333918	0.00737437639931849	60	722
JU1212	5	0.000702046871740895	0.0992612654774734	0.00737437639931849	60	722
JU1212	3	0.000859734106807116	0.128242547082694	0.00737437639931849	60	722
JU1212	1	0.00160436291351354	0.22961202334175	0.00737437639931849	60	722
JU1213	500	7.14364342277914e-05	0.0207628145414987	0.00562061427980877	60	317
JU1213	100	0.000205061940038123	0.0726648376151403	0.00562061427980877	60	317
JU1213	50	0.000284595015797341	0.0947273172797013	0.00562061427980877	60	317
JU1213	30	0.000359884395801629	0.0957544609304684	0.00562061427980877	60	317
JU1213	10	0.000654258295987617	0.176176434853905	0.00562061427980877	60	317
JU1213	5	0.000830580943175378	0.214073986866432	0.00562061427980877	60	317
JU1213	3	0.000985421452239261	0.274694557577954	0.00562061427980877	60	317
JU1213	1	0.00152604173167215	0.388290547836382	0.00562061427980877	60	317
JU1242	500	0.000102031075198612	0.0211177702548475	0.0070462757865853	70	296
JU1242	100	0.000244463834558026	0.0450157056503158	0.0070462757865853	70	296
JU1242	50	0.000330706541320773	0.0673003809346649	0.0070462757865853	70	296
JU1242	30	0.000497768382064569	0.0924178176333171	0.0070462757865853	70	296
JU1242	10	0.000630866137148017	0.120395354008806	0.0070462757865853	70	296
JU1242	5	0.000872374629929327	0.155231287662571	0.0070462757865853	70	296
JU1242	3	0.00120723078798386	0.242291603321673	0.0070462757865853	70	296
JU1242	1	0.00198630765018527	0.385228403771286	0.0070462757865853	70	296
JU1246	500	6.59772497675946e-05	0.0217511467498316	0.0036018617142845	30	261
JU1246	100	0.000240165716530261	0.0724274067455797	0.0036018617142845	30	261
JU1246	50	0.00027328644110502	0.0897676334748183	0.0036018617142845	30	261
JU1246	30	0.000388930062341564	0.121164645213496	0.0036018617142845	30	261
JU1246	10	0.000557694785205079	0.167020804688971	0.0036018617142845	30	261
JU1246	5	0.000801969088161851	0.24756987792022	0.0036018617142845	30	261
JU1246	3	0.001111819098343	0.357700468845562	0.0036018617142845	30	261
JU1246	1	0.00185014988971324	0.541160937060939	0.0036018617142845	30	261
JU1249	500	0.000191109316856434	0.0149622355936231	0.012772778216237	10	445
JU1249	100	0.000475013259140565	0.0371895018529892	0.012772778216237	10	445
JU1249	50	0.00045233898983219	0.0354142992365725	0.012772778216237	10	445
JU1249	30	0.000569498084749815	0.044586860830783	0.012772778216237	10	445
JU1249	10	0.00134554975775647	0.105345112470988	0.012772778216237	10	445
JU1249	5	0.00270271703973166	0.211599778370529	0.012772778216237	10	445
JU1249	3	0.0021968009926782	0.17199085081471	0.012772778216237	10	445
JU1249	1	0.00459789058447861	0.35997576303593	0.012772778216237	10	445
JU1395	500	0.000173419571968235	0.0401358956527623	0.00820821839492547	70	539
JU1395	100	0.000435764854447063	0.111161127870713	0.00820821839492547	70	539
JU1395	50	0.000482765142852925	0.120459305628	0.00820821839492547	70	539
JU1395	30	0.000699375449084098	0.134741360741468	0.00820821839492547	70	539
JU1395	10	0.00127054617621337	0.220576725919159	0.00820821839492547	70	539
JU1395	5	0.00168221610570628	0.352797087061779	0.00820821839492547	70	539
JU1395	3	0.00209559780764476	0.358536418129791	0.00820821839492547	70	539
JU1395	1	0.00258281246590157	0.525980759184819	0.00820821839492547	70	539
JU1400	500	6.94014504353209e-05	0.0248364129530216	0.0070726104651087	40	968
JU1400	100	0.0001277607454692	0.0396965359480715	0.0070726104651087	40	968
JU1400	50	0.000193676143220358	0.0573108926474805	0.0070726104651087	40	968
JU1400	30	0.000293813676489789	0.0979022031219837	0.0070726104651087	40	968
JU1400	10	0.000378374700774812	0.124908075728575	0.0070726104651087	40	968
JU1400	5	0.000725949400884261	0.227663993266873	0.0070726104651087	40	968
JU1400	3	0.000867684218334881	0.256954864212428	0.0070726104651087	40	968
JU1400	1	0.0013358440465039	0.412892030304094	0.0070726104651087	40	968
JU1409	500	0.000101830624346674	0.0233604766000482	0.00964482144231034	60	614
JU1409	100	0.000245571586133232	0.0532385357841798	0.00964482144231034	60	614
JU1409	50	0.000344449164439114	0.058420974193885	0.00964482144231034	60	614
JU1409	30	0.000469158550674941	0.112947024872378	0.00964482144231034	60	614
JU1409	10	0.000667210391528817	0.126339010656488	0.00964482144231034	60	614
JU1409	5	0.00107410621661606	0.238840565135565	0.00964482144231034	60	614
JU1409	3	0.00114620538088696	0.238657186435972	0.00964482144231034	60	614
JU1409	1	0.00204876534421129	0.45275880578155	0.00964482144231034	60	614
JU1440	500	0.000131601984080733	0.0269535232681073	0.0073417310267767	60	471
JU1440	100	0.000256440726255308	0.0663036141143329	0.0073417310267767	60	471
JU1440	50	0.000398298711591472	0.0779542698163757	0.0073417310267767	60	471
JU1440	30	0.000479154400734722	0.10164135579962	0.0073417310267767	60	471
JU1440	10	0.000746246720296092	0.162658599659692	0.0073417310267767	60	471
JU1440	5	0.00114665328543566	0.234095028715432	0.0073417310267767	60	471
JU1440	3	0.00153643503644698	0.303462476285684	0.0073417310267767	60	471
JU1440	1	0.0022878364572293	0.420202963679971	0.0073417310267767	60	471
JU1491	500	9.81840874261697e-05	0.0223610899402972	0.0055642502077652	70	515
JU1491	100	0.00022236597160257	0.0518083409524889	0.0055642502077652	70	515
JU1491	50	0.000292644860794748	0.0703662331319555	0.0055642502077652	70	515
JU1491	30	0.000354578094336557	0.0831421490340437	0.0055642502077652	70	515
JU1491	10	0.000670954622212542	0.149055087752217	0.0055642502077652	70	515
JU1491	5	0.000901350180732738	0.190545520171954	0.0055642502077652	70	515
JU1491	3	0.00116588839111703	0.254513822140585	0.0055642502077652	70	515
JU1491	1	0.00181792043021337	0.40886338767587	0.0055642502077652	70	515
JU1530	500	0.000157323183855497	0.0356169982184533	0.00566999540833095	60	337
JU1530	100	0.000370745392044335	0.0838207555018637	0.00566999540833095	60	337
JU1530	50	0.000502151364616104	0.111096222875487	0.00566999540833095	60	337
JU1530	30	0.00072120835301468	0.161118501321764	0.00566999540833095	60	337
JU1530	10	0.000994701877464518	0.221450706375451	0.00566999540833095	60	337
JU1530	5	0.00160248348880299	0.31505582962705	0.00566999540833095	60	337
JU1530	3	0.00217401581928908	0.474900607877548	0.00566999540833095	60	337
JU1530	1	0.00297791952367695	0.569629601677915	0.00566999540833095	60	337
JU1543	500	0.000116032559925971	0.0306766890079181	0.00656001316864084	30	469
JU1543	100	0.00034233577893599	0.0794166802028053	0.00656001316864084	30	469
JU1543	50	0.000495912120785594	0.122981429015901	0.00656001316864084	30	469
JU1543	30	0.000516904924619239	0.114975322751611	0.00656001316864084	30	469
JU1543	10	0.00103853307283612	0.233284044538351	0.00656001316864084	30	469
JU1543	5	0.00136535023638454	0.311394801943165	0.00656001316864084	30	469
JU1543	3	0.00185108565560392	0.428051085331999	0.00656001316864084	30	469
JU1543	1	0.00313548667643519	0.727235851612165	0.00656001316864084	30	469
JU1568	500	0.000173965889073175	0.0475940986436425	0.00711301860154185	70	416
JU1568	100	0.000455525038349983	0.170696039316931	0.00711301860154185	70	416
JU1568	50	0.000516590185183414	0.159276196931428	0.00711301860154185	70	416
JU1568	30	0.000661835081681389	0.20257437581095	0.00711301860154185	70	416
JU1568	10	0.00110563430412419	0.34440478416509	0.00711301860154185	70	416
JU1568	5	0.00145891004131531	0.416014948087521	0.00711301860154185	70	416
JU1568	3	0.00187865499257428	0.464260695378505	0.00711301860154185	70	416
JU1568	1	0.00318090707790149	0.854304072346131	0.00711301860154185	70	416
JU1581	500	8.2362784302029e-05	0.0116758368765179	0.00903525799856871	60	514
JU1581	100	0.00017841589555904	0.025853646958439	0.00903525799856871	60	514
JU1581	50	0.000255244436357608	0.0307655165641501	0.00903525799856871	60	514
JU1581	30	0.000294356337456827	0.0378072828681451	0.00903525799856871	60	514
JU1581	10	0.000560583815476485	0.0805612203210152	0.00903525799856871	60	514
JU1581	5	0.000684644072930324	0.0928450520918351	0.00903525799856871	60	514
JU1581	3	0.00100634394983682	0.135524850009523	0.00903525799856871	60	514
JU1581	1	0.00172999521898373	0.229614314207095	0.00903525799856871	60	514
JU1586	500	0.000155012653689622	0.0339593034328841	0.00672142015094629	40	540
JU1586	100	0.000398198305692106	0.0781659714395566	0.00672142015094629	40	540
JU1586	50	0.000429233317648322	0.0998458636527659	0.00672142015094629	40	540
JU1586	30	0.000536025668666199	0.11205826778616	0.00672142015094629	40	540
JU1586	10	0.00103091433385512	0.203004149758031	0.00672142015094629	40	540
JU1586	5	0.00132333750820037	0.257059041911702	0.00672142015094629	40	540
JU1586	3	0.0020558797604201	0.423687127165274	0.00672142015094629	40	540
JU1586	1	0.00301097343966902	0.508146805705959	0.00672142015094629	40	540
JU1652	500	8.0711794441693e-05	0.0155515833277257	0.00661522961231065	70	703
JU1652	100	0.00016198403753341	0.0317364627641367	0.00661522961231065	70	703
JU1652	50	0.000252445858202257	0.0448653418477115	0.00661522961231065	70	703
JU1652	30	0.000312301650333845	0.0572767595823289	0.00661522961231065	70	703
JU1652	10	0.000452590814599317	0.0867678241399728	0.00661522961231065	70	703
JU1652	5	0.000892097374806854	0.159516496776875	0.00661522961231065	70	703
JU1652	3	0.000898892643567355	0.163035358343583	0.00661522961231065	70	703
JU1652	1	0.00195214755329398	0.338184047880724	0.00661522961231065	70	703
JU1666	500	6.98444887545222e-05	0.0296801986309915	0.00315592031518855	20	547
JU1666	100	0.000205237148378717	0.0877944311446152	0.00315592031518855	20	547
JU1666	50	0.000219884568198939	0.0956818681364286	0.00315592031518855	20	547
JU1666	30	0.000393373767035071	0.18313696023595	0.00315592031518855	20	547
JU1666	10	0.000562431032160091	0.274235506880983	0.00315592031518855	20	547
JU1666	5	0.000923419218042714	0.37553679277075	0.00315592031518855	20	547
JU1666	3	0.0010411005260874	0.51066820867381	0.00315592031518855	20	547
JU1666	1	0.00113183026346687	0.528778349958348	0.00315592031518855	20	547
JU1792	500	0.000134162245662174	0.127903534925352	0.00285564753755507	20	461
JU1792	100	0.000342398818709784	0.263917848656841	0.00285564753755507	20	461
JU1792	50	0.00054131818702423	0.39720420767384	0.00285564753755507	20	461
JU1792	30	0.000442936343807758	0.319990618674084	0.00285564753755507	20	461
JU1792	10	0.000621639898724214	0.538779914146206	0.00285564753755507	20	461
JU1792	5	0.00112690688133535	0.774749414363825	0.00285564753755507	20	461
JU1792	3	0.00109152603232209	0.714048788559596	0.00285564753755507	20	461
JU1792	1	0.0017014564763569	0.702411173302833	0.00285564753755507	20	461
JU1793	500	9.828132513333e-05	0.0412790155921503	0.002366439856477	30	260
JU1793	100	0.000168520356292281	0.0752191272220536	0.002366439856477	30	260
JU1793	50	0.000328964033354356	0.143125903680108	0.002366439856477	30	260
JU1793	30	0.000381494862059875	0.168096645909324	0.002366439856477	30	260
JU1793	10	0.000709842497034	0.32935767746201	0.002366439856477	30	260
JU1793	5	0.000814757438091892	0.368645237240763	0.002366439856477	30	260
JU1793	3	0.000925556774427542	0.392783095935715	0.002366439856477	30	260
JU1793	1	0.001696272764322	0.724605891438855	0.002366439856477	30	260
JU1808	500	0.000106067719843529	0.038993575578744	0.00553967598204329	30	188
JU1808	100	0.000214555894367697	0.0618613935548013	0.00553967598204329	30	188
JU1808	50	0.000376754661512053	0.111910476316742	0.00553967598204329	30	188
JU1808	30	0.00041989674236452	0.111418169404878	0.00553967598204329	30	188
JU1808	10	0.000579674571176925	0.144250409878689	0.00553967598204329	30	188
JU1808	5	0.00107025508880582	0.256946620299924	0.00553967598204329	30	188
JU1808	3	0.00140131804561431	0.36572733950098	0.00553967598204329	30	188
JU1808	1	0.00204914916924545	0.499467817391669	0.00553967598204329	30	188
JU1896	500	7.40386580676032e-05	0.0123120707238506	0.00677894341878889	70	939
JU1896	100	0.000219365355955785	0.0369997770041422	0.00677894341878889	70	939
JU1896	50	0.000264964170544959	0.0427339337728693	0.00677894341878889	70	939
JU1896	30	0.000290020845024195	0.0478055557054405	0.00677894341878889	70	939
JU1896	10	0.000593919596314705	0.0985973626560128	0.00677894341878889	70	939
JU1896	5	0.000835870426259111	0.135829825088261	0.00677894341878889	70	939
JU1896	3	0.00112009973475252	0.193433782809532	0.00677894341878889	70	939
JU1896	1	0.00173253188445274	0.290917103123717	0.00677894341878889	70	939
JU1934	500	0.000103061728970774	0.0435506244041669	0.00364902263624117	30	282
JU1934	100	0.000286372830894299	0.112077835576774	0.00364902263624117	30	282
JU1934	50	0.000393961901959643	0.142187534183651	0.00364902263624117	30	282
JU1934	30	0.000534719072605559	0.206348952888822	0.00364902263624117	30	282
JU1934	10	0.000660368290327955	0.225546304750267	0.00364902263624117	30	282
JU1934	5	0.00109187694990328	0.371267263709037	0.00364902263624117	30	282
JU1934	3	0.0016239638329824	0.565466058025212	0.00364902263624117	30	282
JU1934	1	0.00214817310317063	0.645699734977397	0.00364902263624117	30	282
JU2001	500	6.56326702284128e-05	0.0134866738586037	0.00589962486551673	50	2550
JU2001	100	0.000140479600382577	0.0289555537726898	0.00589962486551673	50	2550
JU2001	50	0.000197942832093221	0.0382277535365543	0.00589962486551673	50	2550
JU2001	30	0.000284690542766776	0.0578289894718544	0.00589962486551673	50	2550
JU2001	10	0.000462109416848294	0.0944522253790178	0.00589962486551673	50	2550
JU2001	5	0.0006346476504429	0.126084280352501	0.00589962486551673	50	2550
JU2001	3	0.000818776609411061	0.16650443684576	0.00589962486551673	50	2550
JU2001	1	0.00142305331338744	0.304999405081209	0.00589962486551673	50	2550
JU2007	500	9.19801852311544e-05	0.0175956833787078	0.00549950901698433	60	925
JU2007	100	0.000185538244080659	0.0346773329427828	0.00549950901698433	60	925
JU2007	50	0.000271088324088923	0.0509705913417872	0.00549950901698433	60	925
JU2007	30	0.000411029648626706	0.0781548519895277	0.00549950901698433	60	925
JU2007	10	0.000665419308421823	0.128147307598622	0.00549950901698433	60	925
JU2007	5	0.000966564526709196	0.189331698780603	0.00549950901698433	60	925
JU2007	3	0.00113577983195647	0.21371257889784	0.00549950901698433	60	925
JU2007	1	0.00207696189148398	0.405679682975546	0.00549950901698433	60	925
JU2016	500	0.00014712067435395	0.183675455292939	0.00275276002334137	20	335
JU2016	100	0.000402701262058119	0.583458492685495	0.00275276002334137	20	335
JU2016	50	0.000405117912802376	0.564361838422314	0.00275276002334137	20	335
JU2016	30	0.000713260579401345	0.733891252757434	0.00275276002334137	20	335
JU2016	10	0.000703160355311519	1.12107002516449	0.00275276002334137	20	335
JU2016	5	0.00200091881629114	2.70213953841903	0.00275276002334137	20	335
JU2016	3	0.00214970561486758	2.69599792446801	0.00275276002334137	20	335
JU2016	1	0.00225891255486015	2.01011525223308	0.00275276002334137	20	335
JU2017	500	6.76416073185387e-05	0.0910725869954121	0.00293864336692937	20	1391
JU2017	100	0.000204087029628411	0.246167150251468	0.00293864336692937	20	1391
JU2017	50	0.000165106798917087	0.261688639556777	0.00293864336692937	20	1391
JU2017	30	0.000269549514170042	0.378004219028326	0.00293864336692937	20	1391
JU2017	10	0.000276883313841158	0.352259714496323	0.00293864336692937	20	1391
JU2017	5	0.00064078038357626	0.780433144589482	0.00293864336692937	20	1391
JU2017	3	0.00087376755324199	0.793802398351506	0.00293864336692937	20	1391
JU2017	1	0.00145732434936859	1.31960924538973	0.00293864336692937	20	1391
JU2106	500	9.77279572455656e-05	0.0510313922973288	0.00410022291660959	20	495
JU2106	100	0.000158424419005143	0.110061661056874	0.00410022291660959	20	495
JU2106	50	0.000266087764532944	0.162215954007009	0.00410022291660959	20	495
JU2106	30	0.000357605505517864	0.209593973231344	0.00410022291660959	20	495
JU2106	10	0.000586120834551641	0.319051266661962	0.00410022291660959	20	495
JU2106	5	0.000602661167536699	0.337325365314986	0.00410022291660959	20	495
JU2106	3	0.00116180188750067	0.631854667871751	0.00410022291660959	20	495
JU2106	1	0.00142927802072068	0.721119034460891	0.00410022291660959	20	495
JU2131	500	7.9065596327215e-05	0.0609350703056529	0.00446244484031726	30	422
JU2131	100	0.000177610232982205	0.133594109459722	0.00446244484031726	30	422
JU2131	50	0.000313356786206866	0.243171476285196	0.00446244484031726	30	422
JU2131	30	0.000295471376761464	0.326591652998351	0.00446244484031726	30	422
JU2131	10	0.000506205464533737	0.314254708789627	0.00446244484031726	30	422
JU2131	5	0.000958521758303571	0.627490736612984	0.00446244484031726	30	422
JU2131	3	0.00107741295716888	0.777360819232866	0.00446244484031726	30	422
JU2131	1	0.00183104557316364	1.22266161495733	0.00446244484031726	30	422
JU2141	500	0.000113450617453789	0.0525424644662491	0.00422111506350027	20	282
JU2141	100	0.000341182872373602	0.209495423336585	0.00422111506350027	20	282
JU2141	50	0.000340098829614594	0.192474290401839	0.00422111506350027	20	282
JU2141	30	0.000651907825474331	0.377063802479668	0.00422111506350027	20	282
JU2141	10	0.000836099885145348	0.543110481236013	0.00422111506350027	20	282
JU2141	5	0.000813008834480661	0.488362003115118	0.00422111506350027	20	282
JU2141	3	0.00193090571013978	1.07940246715896	0.00422111506350027	20	282
JU2141	1	0.00191331813657294	1.03156061457047	0.00422111506350027	20	282
JU2234	500	5.92289609227064e-05	0.0421936188654469	0.00148412443238682	20	1102
JU2234	100	0.000160315310360115	0.116682078975407	0.00148412443238682	20	1102
JU2234	50	0.000253029575841427	0.190048674612818	0.00148412443238682	20	1102
JU2234	30	0.000339130158008416	0.239926988003962	0.00148412443238682	20	1102
JU2234	10	0.000483473903929579	0.330536953917113	0.00148412443238682	20	1102
JU2234	5	0.000675251997126192	0.470216034107971	0.00148412443238682	20	1102
JU2234	3	0.00067822154148834	0.476196719076898	0.00148412443238682	20	1102
JU2234	1	0.00116507488042095	0.844832832641087	0.00148412443238682	20	1102
JU2250	500	0.000256422560445158	0.370250634176664	0.00266573018588824	20	223
JU2250	100	0.00039321306060642	0.489179338757531	0.00266573018588824	20	223
JU2250	50	0.000702082349924127	1.08445745297124	0.00266573018588824	20	223
JU2250	30	0.00070563495071705	1.164870425486	0.00266573018588824	20	223
JU2250	10	0.00105134906034695	0.687000291158	0.00266573018588824	20	223
JU2250	5	0.00136696974492247	1.53418366582381	0.00266573018588824	20	223
JU2250	3	0.00129352862739335	1.41467946433465	0.00266573018588824	20	223
JU2250	1	0.00176058920466663	1.34137497905267	0.00266573018588824	20	223
JU2257	500	0.000177094474683195	0.137123058003908	0.00225357176798412	20	534
JU2257	100	0.000321858612040703	0.285109093983216	0.00225357176798412	20	534
JU2257	50	0.00046551235532295	0.439854315583285	0.00225357176798412	20	534
JU2257	30	0.000645557092688815	0.528651690265587	0.00225357176798412	20	534
JU2257	10	0.00114884170298183	0.815070226485	0.00225357176798412	20	534
JU2257	5	0.00109636740774557	0.875580237406312	0.00225357176798412	20	534
JU2257	3	0.00147352562949117	0.892011925778489	0.00225357176798412	20	534
JU2257	1	0.00258337669289312	2.19906240549683	0.00225357176798412	20	534
JU2316	500	7.02084767337675e-05	0.0200154725753004	0.00620966052602111	50	383
JU2316	100	0.000157367215212644	0.0414249723914139	0.00620966052602111	50	383
JU2316	50	0.000217068050083579	0.0671468715153907	0.00620966052602111	50	383
JU2316	30	0.000362516285126747	0.103859559280176	0.00620966052602111	50	383
JU2316	10	0.000493912618965834	0.118818196724106	0.00620966052602111	50	383
JU2316	5	0.00069422603444421	0.192744872167803	0.00620966052602111	50	383
JU2316	3	0.000938638262117868	0.265616107346086	0.00620966052602111	50	383
JU2316	1	0.00132608588253659	0.386948145036727	0.00620966052602111	50	383
JU2464	500	8.93472324945904e-05	0.0138180809799183	0.00707455272145687	60	674
JU2464	100	0.000196517348648451	0.0289347699181048	0.00707455272145687	60	674
JU2464	50	0.000274835265555643	0.0411709477126639	0.00707455272145687	60	674
JU2464	30	0.000334660147489403	0.0520346889105601	0.00707455272145687	60	674
JU2464	10	0.000556358056558542	0.0843054989433839	0.00707455272145687	60	674
JU2464	5	0.000908368168099441	0.144487730990818	0.00707455272145687	60	674
JU2464	3	0.00104052984844888	0.15690254600237	0.00707455272145687	60	674
JU2464	1	0.00175779010606211	0.275377353206713	0.00707455272145687	60	674
JU2466	500	0.000163796418630627	0.0270719720326728	0.00664379527714548	50	583
JU2466	100	0.00032199058899284	0.0511434941959355	0.00664379527714548	50	583
JU2466	50	0.000468592676566987	0.0777422444409636	0.00664379527714548	50	583
JU2466	30	0.000553103166448839	0.0849422758341654	0.00664379527714548	50	583
JU2466	10	0.00105370971804993	0.17239648514833	0.00664379527714548	50	583
JU2466	5	0.00165093567631496	0.276883586968327	0.00664379527714548	50	583
JU2466	3	0.00176499740396413	0.308004011801273	0.00664379527714548	50	583
JU2466	1	0.00324309950553646	0.518559916918751	0.00664379527714548	50	583
JU2478	500	0.000124855043023359	0.0989285286482338	0.00321661000528625	20	533
JU2478	100	0.000250575505507422	0.156868501119295	0.00321661000528625	20	533
JU2478	50	0.000282181727273018	0.181114566977946	0.00321661000528625	20	533
JU2478	30	0.000487809522610698	0.295904218728616	0.00321661000528625	20	533
JU2478	10	0.000661095224332762	0.394283418439389	0.00321661000528625	20	533
JU2478	5	0.000903389454035365	0.647356836677565	0.00321661000528625	20	533
JU2478	3	0.00101667296180948	0.533668000629132	0.00321661000528625	20	533
JU2478	1	0.00255697949808729	1.35817802022116	0.00321661000528625	20	533
JU2513	500	9.23179146668261e-05	0.0408586301140466	0.00526673559874154	50	768
JU2513	100	0.000227263870299741	0.108176570651917	0.00526673559874154	50	768
JU2513	50	0.000387867728950727	0.166547580074848	0.00526673559874154	50	768
JU2513	30	0.000343453555535402	0.15466604417515	0.00526673559874154	50	768
JU2513	10	0.000603322291366986	0.255874859288584	0.00526673559874154	50	768
JU2513	5	0.00102636183472965	0.370999348962726	0.00526673559874154	50	768
JU2513	3	0.00127778782680192	0.553102821749275	0.00526673559874154	50	768
JU2513	1	0.00215482498838124	0.915132874339278	0.00526673559874154	50	768
JU2519	500	7.96606753192116e-05	0.0730446891031567	0.00574281784028494	40	137
JU2519	100	0.00015650029397176	0.121354042479587	0.00574281784028494	40	137
JU2519	50	0.000236415244607747	0.164184172047033	0.00574281784028494	40	137
JU2519	30	0.000366548416122803	0.187818337903311	0.00574281784028494	40	137
JU2519	10	0.000556313640451346	0.287743061969234	0.00574281784028494	40	137
JU2519	5	0.000662524091996341	0.289607779548895	0.00574281784028494	40	137
JU2519	3	0.0006876832095977	0.276564116815287	0.00574281784028494	40	137
JU2519	1	0.00126532569203359	0.524913248673019	0.00574281784028494	40	137
JU2522	500	0.000112389397931683	0.0624337715568027	0.00595782830942906	50	291
JU2522	100	0.000298574730041867	0.131033590939946	0.00595782830942906	50	291
JU2522	50	0.000356225702995737	0.15255204935598	0.00595782830942906	50	291
JU2522	30	0.000423635159149027	0.227520850190199	0.00595782830942906	50	291
JU2522	10	0.000715694802926541	0.302522634592939	0.00595782830942906	50	291
JU2522	5	0.00106827733467644	0.395965966397609	0.00595782830942906	50	291
JU2522	3	0.00133451678965963	0.582673313961952	0.00595782830942906	50	291
JU2522	1	0.00220981201701079	1.07532354198218	0.00595782830942906	50	291
JU2526	500	7.37209233361864e-05	0.0252580435463587	0.00531329341027081	60	374
JU2526	100	0.000136480260386492	0.0409967487001118	0.00531329341027081	60	374
JU2526	50	0.000237365515390323	0.0716075440937385	0.00531329341027081	60	374
JU2526	30	0.000289052372143685	0.0911260027811022	0.00531329341027081	60	374
JU2526	10	0.000506475044014008	0.130797209942801	0.00531329341027081	60	374
JU2526	5	0.000693657268239312	0.200653442055714	0.00531329341027081	60	374
JU2526	3	0.000788264506672554	0.252288799052099	0.00531329341027081	60	374
JU2526	1	0.00157459719291045	0.417188780884203	0.00531329341027081	60	374
JU2534	500	0.000137079787236419	0.0571322581709645	0.00466167220309663	30	525
JU2534	100	0.000348261813257373	0.167460557825269	0.00466167220309663	30	525
JU2534	50	0.000364271143703198	0.15045854428844	0.00466167220309663	30	525
JU2534	30	0.00052318180572416	0.195523523681828	0.00466167220309663	30	525
JU2534	10	0.000876217569294047	0.423086492722658	0.00466167220309663	30	525
JU2534	5	0.000956506618166157	0.43987487320585	0.00466167220309663	30	525
JU2534	3	0.00149352753038347	0.466506073340215	0.00466167220309663	30	525
JU2534	1	0.00245305618971728	0.754918824230088	0.00466167220309663	30	525
JU2565	500	0.000169178393191758	0.130463283852684	0.00556265114920105	30	456
JU2565	100	0.000246293156105226	0.168467092830828	0.00556265114920105	30	456
JU2565	50	0.000378662430051591	0.28212654898276	0.00556265114920105	30	456
JU2565	30	0.000460865303702689	0.356841456565304	0.00556265114920105	30	456
JU2565	10	0.000758379722794088	0.385084020176589	0.00556265114920105	30	456
JU2565	5	0.00105477077367185	0.496798865294109	0.00556265114920105	30	456
JU2565	3	0.00117246332314726	0.566038361645653	0.00556265114920105	30	456
JU2565	1	0.00222246716302672	0.894206006673823	0.00556265114920105	30	456
JU2566	500	8.67562308698957e-05	0.0633000764780524	0.00427073982737802	30	465
JU2566	100	0.000289430910369405	0.25908633535767	0.00427073982737802	30	465
JU2566	50	0.000312286708925472	0.259390404318082	0.00427073982737802	30	465
JU2566	30	0.000369716863384582	0.262402171430478	0.00427073982737802	30	465
JU2566	10	0.000778834314605486	0.516602035601654	0.00427073982737802	30	465
JU2566	5	0.00118506500625452	0.943003246658119	0.00427073982737802	30	465
JU2566	3	0.00118788865770701	0.775431642186721	0.00427073982737802	30	465
JU2566	1	0.00198681410382536	1.22161643757435	0.00427073982737802	30	465
JU2570	500	0.000196936706750793	0.0939856522712823	0.00296471157168332	30	270
JU2570	100	0.000303187920079007	0.121484664588669	0.00296471157168332	30	270
JU2570	50	0.000510705037739278	0.27758260431739	0.00296471157168332	30	270
JU2570	30	0.000549325547999927	0.243272811877032	0.00296471157168332	30	270
JU2570	10	0.00116850310645641	0.567508007554361	0.00296471157168332	30	270
JU2570	5	0.00122608722887114	0.546569334271827	0.00296471157168332	30	270
JU2570	3	0.0013813536010898	0.604619795769462	0.00296471157168332	30	270
JU2570	1	0.00230639136444983	0.771557141412377	0.00296471157168332	30	270
JU2572	500	0.00019304016406352	0.0994913090336502	0.00516004658250476	30	503
JU2572	100	0.000345650166962421	0.18335513404922	0.00516004658250476	30	503
JU2572	50	0.000464247331661628	0.242104475576497	0.00516004658250476	30	503
JU2572	30	0.000553823330896918	0.308379106969257	0.00516004658250476	30	503
JU2572	10	0.000924104761301063	0.383059506888342	0.00516004658250476	30	503
JU2572	5	0.00176858997781638	0.729878308780921	0.00516004658250476	30	503
JU2572	3	0.00168307286607608	0.691399626266513	0.00516004658250476	30	503
JU2572	1	0.00278202141197668	1.24130223254089	0.00516004658250476	30	503
JU2575	500	0.000157135759420859	0.706675598229988	0.00259577706671719	30	377
JU2575	100	0.000295529437439843	0.668471033791477	0.00259577706671719	30	377
JU2575	50	0.000398994401488132	1.3695866005783	0.00259577706671719	30	377
JU2575	30	0.000584629376463539	1.73524184496205	0.00259577706671719	30	377
JU2575	10	0.000712628009092712	2.03742080297212	0.00259577706671719	30	377
JU2575	5	0.00124306302590731	2.23781530097585	0.00259577706671719	30	377
JU2575	3	0.00131793615495187	3.59717271757275	0.00259577706671719	30	377
JU2575	1	0.00227294771280582	2.95829964665883	0.00259577706671719	30	377
JU2576	500	7.09592061061467e-05	0.0204004147230241	0.0068229905070188	30	1233
JU2576	100	0.000206833738761853	0.0645875299428897	0.0068229905070188	30	1233
JU2576	50	0.00021491547604844	0.0636135291104878	0.0068229905070188	30	1233
JU2576	30	0.000288207349059246	0.0960128236845635	0.0068229905070188	30	1233
JU2576	10	0.000507245149929419	0.140470603760821	0.0068229905070188	30	1233
JU2576	5	0.00073514283616535	0.23077870614425	0.0068229905070188	30	1233
JU2576	3	0.00101859103759139	0.336980834386042	0.0068229905070188	30	1233
JU2576	1	0.00162436897257161	0.392157832824454	0.0068229905070188	30	1233
JU2578	500	0.000139272397221672	0.11038702657734	0.00219760094292976	30	450
JU2578	100	0.000315560673718604	0.250659264407607	0.00219760094292976	30	450
JU2578	50	0.000425497607265764	0.36937704162963	0.00219760094292976	30	450
JU2578	30	0.000456096467562487	0.370771247392448	0.00219760094292976	30	450
JU2578	10	0.0009449026157088	0.617162349832628	0.00219760094292976	30	450
JU2578	5	0.000877597078858994	0.672611235565464	0.00219760094292976	30	450
JU2578	3	0.00104337439025543	0.729459629477072	0.00219760094292976	30	450
JU2578	1	0.00156089844978106	0.967196018831167	0.00219760094292976	30	450
JU258	500	5.51982345039502e-05	0.0089349271197022	0.00662489093498333	60	1445
JU258	100	9.66037070314059e-05	0.0162205475098162	0.00662489093498333	60	1445
JU258	50	0.000175097984342898	0.0285764960144912	0.00662489093498333	60	1445
JU258	30	0.000212510949593283	0.035296027892484	0.00662489093498333	60	1445
JU258	10	0.000409072016691642	0.0672224629617174	0.00662489093498333	60	1445
JU258	5	0.000499519718236196	0.0798596806213231	0.00662489093498333	60	1445
JU258	3	0.000744425574704149	0.119967302830061	0.00662489093498333	60	1445
JU258	1	0.00120893276707692	0.196154911714163	0.00662489093498333	60	1445
JU2581	500	7.83141788759032e-05	0.0143284650295087	0.00777116843925926	30	101
JU2581	100	0.000173871587036844	0.0405017818023446	0.00777116843925926	30	101
JU2581	50	0.000186123820918651	0.0390228038431801	0.00777116843925926	30	101
JU2581	30	0.000387586146193203	0.0796654664907538	0.00777116843925926	30	101
JU2581	10	0.00058460902459514	0.127238766473772	0.00777116843925926	30	101
JU2581	5	0.000961794775087573	0.184827474974975	0.00777116843925926	30	101
JU2581	3	0.000990739204154572	0.22753309868656	0.00777116843925926	30	101
JU2581	1	0.00200718819130874	0.383932564214091	0.00777116843925926	30	101
JU2586	500	0.000111346307283785	0.0421354261956113	0.00320002213527722	30	479
JU2586	100	0.000261979535450008	0.0989695616633326	0.00320002213527722	30	479
JU2586	50	0.00038474603319137	0.128340910887425	0.00320002213527722	30	479
JU2586	30	0.000485880562691397	0.165790849267079	0.00320002213527722	30	479
JU2586	10	0.00072538729398495	0.221237708025631	0.00320002213527722	30	479
JU2586	5	0.000999003257532844	0.348132520107636	0.00320002213527722	30	479
JU2586	3	0.001240255082361	0.408385743235346	0.00320002213527722	30	479
JU2586	1	0.00193600947007125	0.692511932496494	0.00320002213527722	30	479
JU2587	500	7.51665910972911e-05	0.024174021414529	0.00498414920435687	20	774
JU2587	100	0.000156356904986819	0.0455717179619569	0.00498414920435687	20	774
JU2587	50	0.000225753810068382	0.0613523889733081	0.00498414920435687	20	774
JU2587	30	0.000282310295262581	0.0790059764839235	0.00498414920435687	20	774
JU2587	10	0.000574537470744501	0.190252494896191	0.00498414920435687	20	774
JU2587	5	0.000904779140025473	0.261989223499842	0.00498414920435687	20	774
JU2587	3	0.00108545535645581	0.291953906676825	0.00498414920435687	20	774
JU2587	1	0.00164222175807849	0.44061537998923	0.00498414920435687	20	774
JU2592	500	0.000105509783713441	0.0452059665489617	0.00319538933377066	30	910
JU2592	100	0.00025570293966721	0.126323901867773	0.00319538933377066	30	910
JU2592	50	0.000299901283707309	0.144381562900883	0.00319538933377066	30	910
JU2592	30	0.000412201990719009	0.198826860401854	0.00319538933377066	30	910
JU2592	10	0.000695673330460463	0.343249048532212	0.00319538933377066	30	910
JU2592	5	0.000996671166493925	0.393027404001521	0.00319538933377066	30	910
JU2592	3	0.001254744396838	0.481088020848976	0.00319538933377066	30	910
JU2592	1	0.00153455078045689	0.637818243029318	0.00319538933377066	30	910
JU2593	500	5.55424875263339e-05	0.0133519160953112	0.00561315440624982	20	277
JU2593	100	0.000228218254799191	0.0544094145465054	0.00561315440624982	20	277
JU2593	50	0.000227978748051368	0.053615358272575	0.00561315440624982	20	277
JU2593	30	0.000183562185884317	0.0459007722150769	0.00561315440624982	20	277
JU2593	10	0.000497128172545461	0.111298180261894	0.00561315440624982	20	277
JU2593	5	0.000732252470809195	0.190170975838535	0.00561315440624982	20	277
JU2593	3	0.0010554541889706	0.216155675539874	0.00561315440624982	20	277
JU2593	1	0.0016167103737693	0.370529030918814	0.00561315440624982	20	277
JU2600	500	0.000179000001163452	0.0562165557950378	0.00325058526595802	30	221
JU2600	100	0.000389335702256845	0.12707667931976	0.00325058526595802	30	221
JU2600	50	0.00053727817307306	0.176223510355882	0.00325058526595802	30	221
JU2600	30	0.000702560980705701	0.247320412773019	0.00325058526595802	30	221
JU2600	10	0.00133568556073245	0.427564023416665	0.00325058526595802	30	221
JU2600	5	0.00167826088588201	0.583583344981019	0.00325058526595802	30	221
JU2600	3	0.00181846669681556	0.596088235422036	0.00325058526595802	30	221
JU2600	1	0.00257573592384158	0.82845717593454	0.00325058526595802	30	221
JU2610	500	0.000169933073438681	0.0457952742445805	0.00360462713360267	30	213
JU2610	100	0.00036005310199127	0.109926743741937	0.00360462713360267	30	213
JU2610	50	0.000500727461386164	0.148426741492544	0.00360462713360267	30	213
JU2610	30	0.000667170970177982	0.201293957688078	0.00360462713360267	30	213
JU2610	10	0.00135576018679588	0.387856183017419	0.00360462713360267	30	213
JU2610	5	0.00147719143608636	0.439899790398698	0.00360462713360267	30	213
JU2610	3	0.00198652800429097	0.559519219471704	0.00360462713360267	30	213
JU2610	1	0.00248376564326445	0.696140213703624	0.00360462713360267	30	213
JU2619	500	0.000105833277359617	0.0787471990556867	0.00361764693597332	30	565
JU2619	100	0.000186903195709368	0.123406616511908	0.00361764693597332	30	565
JU2619	50	0.000312906808947284	0.228973793878187	0.00361764693597332	30	565
JU2619	30	0.000381025339145992	0.21491513852857	0.00361764693597332	30	565
JU2619	10	0.000565833472789042	0.309184434243694	0.00361764693597332	30	565
JU2619	5	0.00076473170151266	0.450620030648272	0.00361764693597332	30	565
JU2619	3	0.00099557497058541	0.557114027637181	0.00361764693597332	30	565
JU2619	1	0.00155551549555108	0.581725690172274	0.00361764693597332	30	565
JU2800	500	8.92799263881942e-05	0.0555484742546172	0.00562704530163451	30	626
JU2800	100	0.000225372829727315	0.0761832322946897	0.00562704530163451	30	626
JU2800	50	0.000230787020639326	0.115949237731938	0.00562704530163451	30	626
JU2800	30	0.000295800956631547	0.130285826778091	0.00562704530163451	30	626
JU2800	10	0.000533338837415462	0.262848707090225	0.00562704530163451	30	626
JU2800	5	0.00125830254685521	0.569487621431072	0.00562704530163451	30	626
JU2800	3	0.000955590751381909	0.444412659471918	0.00562704530163451	30	626
JU2800	1	0.00176325951159793	0.652195894685389	0.00562704530163451	30	626
JU2811	500	3.49793425838154e-05	0.0412302173050826	0.000848390934371898	10	2821
JU2811	100	0.00017473855291493	0.205964663029193	0.000848390934371898	10	2821
JU2811	50	0.000222816655648416	0.262634413713269	0.000848390934371898	10	2821
JU2811	30	0.000433238467189048	0.51065900121834	0.000848390934371898	10	2821
JU2811	10	0.000694912922720581	0.819095177195707	0.000848390934371898	10	2821
JU2811	5	0.000720664246868396	0.849448311705424	0.000848390934371898	10	2821
JU2811	3	0.000694375942161806	0.818462237194795	0.000848390934371898	10	2821
JU2811	1	0.00101879704888634	1.200858009687	0.000848390934371898	10	2821
JU2825	500	0.000130141757015629	0.0703931243938639	0.00228740186496282	20	354
JU2825	100	0.000303975095079266	0.165194779672877	0.00228740186496282	20	354
JU2825	50	0.000329237169103488	0.157441975652677	0.00228740186496282	20	354
JU2825	30	0.000535160276443939	0.280539259030414	0.00228740186496282	20	354
JU2825	10	0.000885162918611385	0.458887663966667	0.00228740186496282	20	354
JU2825	5	0.000891999533962399	0.46615500884234	0.00228740186496282	20	354
JU2825	3	0.00117539857781848	0.532816299176204	0.00228740186496282	20	354
JU2825	1	0.00156836310945267	0.754491992563643	0.00228740186496282	20	354
JU2829	500	8.14343165373023e-05	0.0195116480599339	0.00583583408678793	20	187
JU2829	100	0.000256936117615054	0.0638055985528195	0.00583583408678793	20	187
JU2829	50	0.000238684911817921	0.0651991079780739	0.00583583408678793	20	187
JU2829	30	0.000307378663508458	0.0865076082464052	0.00583583408678793	20	187
JU2829	10	0.000630093773237377	0.179926764854628	0.00583583408678793	20	187
JU2829	5	0.000747027421434301	0.203940675275802	0.00583583408678793	20	187
JU2829	3	0.000835849517282341	0.240639748083226	0.00583583408678793	20	187
JU2829	1	0.00170714676609813	0.415025980339111	0.00583583408678793	20	187
JU2838	500	6.84071909827963e-05	0.0397715128940306	0.00281348100250458	30	1385
JU2838	100	0.000168043693739658	0.0937910900919021	0.00281348100250458	30	1385
JU2838	50	0.000200356653306048	0.0914534460703266	0.00281348100250458	30	1385
JU2838	30	0.000291573569389422	0.14201764038886	0.00281348100250458	30	1385
JU2838	10	0.000468392885881008	0.275307191180909	0.00281348100250458	30	1385
JU2838	5	0.000656631094218566	0.36118931826134	0.00281348100250458	30	1385
JU2838	3	0.000656015990692159	0.348580877092307	0.00281348100250458	30	1385
JU2838	1	0.00139024326213684	0.812363446515738	0.00281348100250458	30	1385
JU2841	500	6.33913184541525e-05	0.0497660242025964	0.00253736160327082	20	1181
JU2841	100	0.000139843524286686	0.133147629772327	0.00253736160327082	20	1181
JU2841	50	0.000256669408958303	0.16239295542172	0.00253736160327082	20	1181
JU2841	30	0.000339535297817263	0.221156730655552	0.00253736160327082	20	1181
JU2841	10	0.000444349446281985	0.321089758668862	0.00253736160327082	20	1181
JU2841	5	0.000863906230883976	0.586377871495837	0.00253736160327082	20	1181
JU2841	3	0.000755495174069095	0.558887229141304	0.00253736160327082	20	1181
JU2841	1	0.000763450759708424	0.540354132871719	0.00253736160327082	20	1181
JU2853	500	9.8911334765863e-05	0.0473758864536603	0.0046685320996519	30	441
JU2853	100	0.000297057773967706	0.162445098691874	0.0046685320996519	30	441
JU2853	50	0.00037855041954706	0.203905470092028	0.0046685320996519	30	441
JU2853	30	0.000556430683933416	0.250793327401183	0.0046685320996519	30	441
JU2853	10	0.00102443966063052	0.531000873885492	0.0046685320996519	30	441
JU2853	5	0.00131646549267935	0.544210861920398	0.0046685320996519	30	441
JU2853	3	0.00154807642016355	0.599882274009398	0.0046685320996519	30	441
JU2853	1	0.00203579699759925	0.740484173492243	0.0046685320996519	30	441
JU2862	500	7.78226493390012e-05	0.0491431002058338	0.00311910718450964	30	498
JU2862	100	0.000246001954262179	0.13150415724491	0.00311910718450964	30	498
JU2862	50	0.000322382422832748	0.15960507790718	0.00311910718450964	30	498
JU2862	30	0.00030804188392819	0.177967478685172	0.00311910718450964	30	498
JU2862	10	0.000777845270164975	0.353429465671784	0.00311910718450964	30	498
JU2862	5	0.00104532272794566	0.494206252812196	0.00311910718450964	30	498
JU2862	3	0.00128790185422788	0.54409665350139	0.00311910718450964	30	498
JU2862	1	0.00147860933997337	0.57654590190771	0.00311910718450964	30	498
JU2866	500	0.000105720486748316	0.0494138682442907	0.002756535784478	30	487
JU2866	100	0.000218112505041218	0.097605625678226	0.002756535784478	30	487
JU2866	50	0.000358060183754671	0.172848584500863	0.002756535784478	30	487
JU2866	30	0.00044817971818081	0.200123012560226	0.002756535784478	30	487
JU2866	10	0.000756860670955864	0.361903123421485	0.002756535784478	30	487
JU2866	5	0.000902034745991282	0.428415879637157	0.002756535784478	30	487
JU2866	3	0.00131484029064795	0.571414559005791	0.002756535784478	30	487
JU2866	1	0.00199373662533261	0.854931212013831	0.002756535784478	30	487
JU2878	500	6.33178944955544e-05	0.0218774553327132	0.00362226153753789	30	2915
JU2878	100	0.000179191705247858	0.0654117800850113	0.00362226153753789	30	2915
JU2878	50	0.000185375758233491	0.0625096673127106	0.00362226153753789	30	2915
JU2878	30	0.000293178877492831	0.101576939141427	0.00362226153753789	30	2915
JU2878	10	0.000404182833814733	0.140086040868212	0.00362226153753789	30	2915
JU2878	5	0.000521679966995602	0.158488680191698	0.00362226153753789	30	2915
JU2878	3	0.00110136419840547	0.387064649512977	0.00362226153753789	30	2915
JU2878	1	0.00130878033443361	0.480149836619667	0.00362226153753789	30	2915
JU2879	500	4.54623761838839e-05	0.0206755338631177	0.0027279966386159	30	1299
JU2879	100	0.000120085436100933	0.0591718265135266	0.0027279966386159	30	1299
JU2879	50	0.000196361990981762	0.0908709773128834	0.0027279966386159	30	1299
JU2879	30	0.000296864095291021	0.144147945137226	0.0027279966386159	30	1299
JU2879	10	0.000534768419182037	0.274098437672074	0.0027279966386159	30	1299
JU2879	5	0.000565493101013905	0.290725163892024	0.0027279966386159	30	1299
JU2879	3	0.000872098594906002	0.421158413328827	0.0027279966386159	30	1299
JU2879	1	0.00128099165892661	0.582867512843107	0.0027279966386159	30	1299
JU2906	500	9.91894639153854e-05	0.0694848731844923	0.00370198929120723	30	555
JU2906	100	0.000251051355482186	0.147008395172723	0.00370198929120723	30	555
JU2906	50	0.000329893827412923	0.244495956755164	0.00370198929120723	30	555
JU2906	30	0.000541397848366364	0.318385940242018	0.00370198929120723	30	555
JU2906	10	0.000725974563793724	0.422418502390208	0.00370198929120723	30	555
JU2906	5	0.000957280226274506	0.585809696138415	0.00370198929120723	30	555
JU2906	3	0.00142229509076016	0.686316424497724	0.00370198929120723	30	555
JU2906	1	0.00213520301024232	1.05704276437689	0.00370198929120723	30	555
JU2907	500	0.000158702860995728	0.129025605894856	0.00232410848397398	20	546
JU2907	100	0.000419627771174233	0.266490010684868	0.00232410848397398	20	546
JU2907	50	0.000486470300462122	0.319375540366683	0.00232410848397398	20	546
JU2907	30	0.000582147025211658	0.345601308659358	0.00232410848397398	20	546
JU2907	10	0.00115749398012717	0.808892913657288	0.00232410848397398	20	546
JU2907	5	0.000804816375227409	0.45403998459253	0.00232410848397398	20	546
JU2907	3	0.00137047336652978	0.684046925770817	0.00232410848397398	20	546
JU2907	1	0.00155796184963665	0.793729796135741	0.00232410848397398	20	546
JU310	500	0.000166836188773655	0.0314282116004542	0.00816453397350722	60	360
JU310	100	0.000358169177290695	0.0613980404285273	0.00816453397350722	60	360
JU310	50	0.000566712947158082	0.102847500182041	0.00816453397350722	60	360
JU310	30	0.000582936798301826	0.110343260682631	0.00816453397350722	60	360
JU310	10	0.00139291378405688	0.243085713396087	0.00816453397350722	60	360
JU310	5	0.0016233639278	0.276316377833227	0.00816453397350722	60	360
JU310	3	0.00193159406671475	0.310632759908606	0.00816453397350722	60	360
JU310	1	0.00294837033907314	0.450396234585225	0.00816453397350722	60	360
JU311	500	0.000134800760080226	0.0307479251156059	0.00690990925744167	70	195
JU311	100	0.000253390588318759	0.0605587491124386	0.00690990925744167	70	195
JU311	50	0.00044081585985992	0.10156810312904	0.00690990925744167	70	195
JU311	30	0.000517925809307892	0.111267823856569	0.00690990925744167	70	195
JU311	10	0.000852989052860003	0.188539422317408	0.00690990925744167	70	195
JU311	5	0.00113574746329719	0.21836308083383	0.00690990925744167	70	195
JU311	3	0.00134414320978279	0.304289740540826	0.00690990925744167	70	195
JU311	1	0.00264355255185869	0.476336084292862	0.00690990925744167	70	195
JU3125	500	0.000100159082515398	0.0746125594902601	0.00390892740347706	30	249
JU3125	100	0.000198509979183787	0.127112675484624	0.00390892740347706	30	249
JU3125	50	0.000316586351269729	0.241644907152017	0.00390892740347706	30	249
JU3125	30	0.000424013350545958	0.267232147247224	0.00390892740347706	30	249
JU3125	10	0.000715358885626301	0.361442728140874	0.00390892740347706	30	249
JU3125	5	0.000888854549992571	0.51833308180683	0.00390892740347706	30	249
JU3125	3	0.0011340494945272	0.582591891746243	0.00390892740347706	30	249
JU3125	1	0.00177173808810854	0.757572155497163	0.00390892740347706	30	249
JU3127	500	0.000124268836646183	0.0633543482247581	0.00325492451710839	30	361
JU3127	100	0.000253054743248551	0.145332940234341	0.00325492451710839	30	361
JU3127	50	0.000357659109296182	0.190672034644652	0.00325492451710839	30	361
JU3127	30	0.000450029539270657	0.255762323729984	0.00325492451710839	30	361
JU3127	10	0.000744651990921793	0.383146297044386	0.00325492451710839	30	361
JU3127	5	0.000901722050089753	0.47074279425709	0.00325492451710839	30	361
JU3127	3	0.00146444863020442	0.690262932226843	0.00325492451710839	30	361
JU3127	1	0.00189841805534877	0.755433711157976	0.00325492451710839	30	361
JU3128	500	8.86847979772489e-05	0.0445193558167494	0.00430097259781527	30	518
JU3128	100	0.00022996370860439	0.0997639844829366	0.00430097259781527	30	518
JU3128	50	0.000349702806251877	0.175926503746019	0.00430097259781527	30	518
JU3128	30	0.000382626167100717	0.238101032237675	0.00430097259781527	30	518
JU3128	10	0.000699925481444183	0.40110148133655	0.00430097259781527	30	518
JU3128	5	0.000899274867300089	0.423999102438587	0.00430097259781527	30	518
JU3128	3	0.00114548936196817	0.46556170401376	0.00430097259781527	30	518
JU3128	1	0.00167767616476924	0.680226905277454	0.00430097259781527	30	518
JU3132	500	9.9001574277066e-05	0.0598254700116562	0.00202539999431939	20	451
JU3132	100	0.000268578927097649	0.186691732126483	0.00202539999431939	20	451
JU3132	50	0.000359579980736087	0.247999553671955	0.00202539999431939	20	451
JU3132	30	0.000463532227557752	0.290247763923103	0.00202539999431939	20	451
JU3132	10	0.000879978926820505	0.46873351321351	0.00202539999431939	20	451
JU3132	5	0.00113830148806283	0.708167288118637	0.00202539999431939	20	451
JU3132	3	0.00152514616954663	0.814018977377895	0.00202539999431939	20	451
JU3132	1	0.00193872955457529	1.24349245502888	0.00202539999431939	20	451
JU3134	500	8.99212705969427e-05	0.0468389459723827	0.00239253714275855	30	886
JU3134	100	0.000207060838796526	0.116266027077192	0.00239253714275855	30	886
JU3134	50	0.000303092254732426	0.152754812171192	0.00239253714275855	30	886
JU3134	30	0.000388075362866418	0.205775047528077	0.00239253714275855	30	886
JU3134	10	0.000593472216378393	0.303490821796126	0.00239253714275855	30	886
JU3134	5	0.000577622802451416	0.284092935583865	0.00239253714275855	30	886
JU3134	3	0.00141560234401489	0.728670378910095	0.00239253714275855	30	886
JU3134	1	0.00172969960314324	0.850025889480442	0.00239253714275855	30	886
JU3135	500	0.000111606652243673	0.0310247849658536	0.00560660738019332	20	385
JU3135	100	0.000265822119576192	0.0629607173684907	0.00560660738019332	20	385
JU3135	50	0.000408996380646005	0.106891436931728	0.00560660738019332	20	385
JU3135	30	0.000399048361480158	0.103388532852272	0.00560660738019332	20	385
JU3135	10	0.000684442602252092	0.154728670310638	0.00560660738019332	20	385
JU3135	5	0.000990883872563177	0.24559082176187	0.00560660738019332	20	385
JU3135	3	0.00129191355238237	0.324875985465945	0.00560660738019332	20	385
JU3135	1	0.00188144217140794	0.420042908166437	0.00560660738019332	20	385
JU3137	500	9.37657810617433e-05	0.0250953130675997	0.00488020212004334	30	768
JU3137	100	0.000205054910480965	0.0571944860189349	0.00488020212004334	30	768
JU3137	50	0.000300026645543063	0.0815347696615565	0.00488020212004334	30	768
JU3137	30	0.000334901502084216	0.0977494395575656	0.00488020212004334	30	768
JU3137	10	0.000720758338697217	0.180613961814728	0.00488020212004334	30	768
JU3137	5	0.000868111217287293	0.236268261376409	0.00488020212004334	30	768
JU3137	3	0.000879809307907534	0.233764858160878	0.00488020212004334	30	768
JU3137	1	0.00163172915592458	0.430060165566951	0.00488020212004334	30	768
JU3140	500	0.000102387233946767	0.0276967910377936	0.00476249462509746	30	229
JU3140	100	0.00030687551716043	0.0743623509463659	0.00476249462509746	30	229
JU3140	50	0.000431593810979518	0.0973955108029325	0.00476249462509746	30	229
JU3140	30	0.00043479972392848	0.108990028168584	0.00476249462509746	30	229
JU3140	10	0.000785385102140588	0.192542401883434	0.00476249462509746	30	229
JU3140	5	0.00150660363175945	0.37182292298033	0.00476249462509746	30	229
JU3140	3	0.00131913260672671	0.340127090420022	0.00476249462509746	30	229
JU3140	1	0.0026482647099257	0.59852434990991	0.00476249462509746	30	229
JU3141	500	0.000155063916864553	0.0483813286001674	0.00320503635082103	10	396
JU3141	100	0.000421231184270035	0.131427896024371	0.00320503635082103	10	396
JU3141	50	0.000585241790036044	0.182600671560597	0.00320503635082103	10	396
JU3141	30	0.00057799549729488	0.180339763431019	0.00320503635082103	10	396
JU3141	10	0.000906884263560162	0.282955999337682	0.00320503635082103	10	396
JU3141	5	0.00182256923320766	0.568657897668081	0.00320503635082103	10	396
JU3141	3	0.0013818572540162	0.431151819436374	0.00320503635082103	10	396
JU3141	1	0.00245583239288675	0.766241665951042	0.00320503635082103	10	396
JU3144	500	0.00011880319887233	0.0256898770923475	0.00646343490546187	30	642
JU3144	100	0.000229584297129446	0.0542165560524145	0.00646343490546187	30	642
JU3144	50	0.00035893001823853	0.0886081003366896	0.00646343490546187	30	642
JU3144	30	0.000426354126446783	0.0938965928065331	0.00646343490546187	30	642
JU3144	10	0.000669409186784574	0.133352204157542	0.00646343490546187	30	642
JU3144	5	0.00109360910283976	0.26850341253282	0.00646343490546187	30	642
JU3144	3	0.00105128103320142	0.252100339712717	0.00646343490546187	30	642
JU3144	1	0.00221579558447249	0.470766873572264	0.00646343490546187	30	642
JU3166	500	7.72425291344415e-05	0.0104726513886012	0.00737564216245323	10	1856
JU3166	100	0.000182921470314369	0.024800751756309	0.00737564216245323	10	1856
JU3166	50	0.000232210409988252	0.0314834159350019	0.00737564216245323	10	1856
JU3166	30	0.000422921006226101	0.057340228404659	0.00737564216245323	10	1856
JU3166	10	0.000527923355994163	0.0715765955514536	0.00737564216245323	10	1856
JU3166	5	0.000732601865663128	0.0993271974869583	0.00737564216245323	10	1856
JU3166	3	0.00110993043075303	0.150485938214749	0.00737564216245323	10	1856
JU3166	1	0.00206639784196347	0.280165143108863	0.00737564216245323	10	1856
JU3167	500	0.000105688940624972	0.0104880998805411	0.0100770341462003	10	1084
JU3167	100	0.000178726257294949	0.0177359979833292	0.0100770341462003	10	1084
JU3167	50	0.000222389509179508	0.0220689446868018	0.0100770341462003	10	1084
JU3167	30	0.00026124391292191	0.0259246827123649	0.0100770341462003	10	1084
JU3167	10	0.000584516959468685	0.0580048604567927	0.0100770341462003	10	1084
JU3167	5	0.000820281923911384	0.0814011257688038	0.0100770341462003	10	1084
JU3167	3	0.00137232973438337	0.136183892450223	0.0100770341462003	10	1084
JU3167	1	0.00103427691258611	0.102637035617875	0.0100770341462003	10	1084
JU3169	500	9.15016356874486e-05	0.00707370785544769	0.0129354558538886	10	1484
JU3169	100	0.00016733973262257	0.0129365160774187	0.0129354558538886	10	1484
JU3169	50	0.000239469165533344	0.0185126189782755	0.0129354558538886	10	1484
JU3169	30	0.000282629897204817	0.0218492413717182	0.0129354558538886	10	1484
JU3169	10	0.000865824347554664	0.0669341967793414	0.0129354558538886	10	1484
JU3169	5	0.000644836903712188	0.049850342422864	0.0129354558538886	10	1484
JU3169	3	0.0009088343749188	0.0702591686898758	0.0129354558538886	10	1484
JU3169	1	0.00164511989027964	0.12717911984409	0.0129354558538886	10	1484
JU3224	500	9.74224730238433e-05	0.0152855884265725	0.00637348529249185	10	555
JU3224	100	0.000125155678682679	0.01963692908025	0.00637348529249185	10	555
JU3224	50	0.000169932662844356	0.0266624390024939	0.00637348529249185	10	555
JU3224	30	0.000357611466308858	0.0561092479071278	0.00637348529249185	10	555
JU3224	10	0.000701485135540345	0.110063035113098	0.00637348529249185	10	555
JU3224	5	0.000486722057290072	0.0763667028248178	0.00637348529249185	10	555
JU3224	3	0.00109246362059596	0.171407569086716	0.00637348529249185	10	555
JU3224	1	0.00258055840808322	0.404889678042121	0.00637348529249185	10	555
JU3225	500	0.000131367375270222	0.0314934638139578	0.0041712583933686	10	560
JU3225	100	0.000241975135910468	0.0580101046473545	0.0041712583933686	10	560
JU3225	50	0.000348293040556188	0.0834983133890479	0.0041712583933686	10	560
JU3225	30	0.000524103735342712	0.125646432303481	0.0041712583933686	10	560
JU3225	10	0.000583648774340127	0.139921510321203	0.0041712583933686	10	560
JU3225	5	0.001547725694107	0.371045269352662	0.0041712583933686	10	560
JU3225	3	0.00179260121009604	0.429750698960748	0.0041712583933686	10	560
JU3225	1	0.00184410253567956	0.442097410846397	0.0041712583933686	10	560
JU3226	500	4.49377259906891e-05	0.00830024701306073	0.00541402272968239	10	1048
JU3226	100	9.25237366209157e-05	0.0170896468745235	0.00541402272968239	10	1048
JU3226	50	0.000182647354358026	0.0337359784909401	0.00541402272968239	10	1048
JU3226	30	0.000260382714779294	0.0480941303315455	0.00541402272968239	10	1048
JU3226	10	0.000467953066376096	0.086433524523372	0.00541402272968239	10	1048
JU3226	5	0.000701201275429473	0.129515761281373	0.00541402272968239	10	1048
JU3226	3	0.000506500472754139	0.0935534440919965	0.00541402272968239	10	1048
JU3226	1	0.00103574735180381	0.191308275476076	0.00541402272968239	10	1048
JU3228	500	7.18584436419122e-05	0.0107601832646037	0.00667818027582253	10	600
JU3228	100	0.000119995424338344	0.0179682816848733	0.00667818027582253	10	600
JU3228	50	0.000289192527124259	0.0433040911116524	0.00667818027582253	10	600
JU3228	30	0.000347381599095171	0.0520174036560259	0.00667818027582253	10	600
JU3228	10	0.000440185458083407	0.0659139825375844	0.00667818027582253	10	600
JU3228	5	0.000437410860916856	0.0654985105000001	0.00667818027582253	10	600
JU3228	3	0.000521712915907052	0.0781220174297846	0.00667818027582253	10	600
JU3228	1	0.00166674727468632	0.249581054395995	0.00667818027582253	10	600
JU323	500	0.000103441173271606	0.0228864220931023	0.00741493530861795	60	505
JU323	100	0.000251790645433745	0.0545818097587627	0.00741493530861795	60	505
JU323	50	0.000317635017196015	0.069806235686918	0.00741493530861795	60	505
JU323	30	0.000439202509132917	0.103786720064784	0.00741493530861795	60	505
JU323	10	0.000874695949274964	0.20029080206938	0.00741493530861795	60	505
JU323	5	0.00105404343938363	0.234769204153631	0.00741493530861795	60	505
JU323	3	0.00129570256124729	0.244145914737237	0.00741493530861795	60	505
JU323	1	0.0020783030751335	0.386578316314792	0.00741493530861795	60	505
JU3280	500	0.000101684308143241	0.0226297300422669	0.00449339466062208	10	609
JU3280	100	0.000251363112190201	0.0559405819375326	0.00449339466062208	10	609
JU3280	50	0.000208753160999843	0.0464577845407736	0.00449339466062208	10	609
JU3280	30	0.000403262866003623	0.0897457037410096	0.00449339466062208	10	609
JU3280	10	0.00056343645043614	0.125392157375764	0.00449339466062208	10	609
JU3280	5	0.000875169101179385	0.194767913187983	0.00449339466062208	10	609
JU3280	3	0.000865768113576282	0.192675733819567	0.00449339466062208	10	609
JU3280	1	0.00165034385460537	0.367282195144839	0.00449339466062208	10	609
JU3282	500	0.000156149781797928	0.0386248228156809	0.00404273134256384	10	550
JU3282	100	0.000277414694060499	0.0686206108082775	0.00404273134256384	10	550
JU3282	50	0.000331804022232977	0.0820742201539792	0.00404273134256384	10	550
JU3282	30	0.00055107159145687	0.136311702352051	0.00404273134256384	10	550
JU3282	10	0.000877913190614517	0.217158429839604	0.00404273134256384	10	550
JU3282	5	0.00217447207270745	0.537872019793538	0.00404273134256384	10	550
JU3282	3	0.00211526138970012	0.52322581207156	0.00404273134256384	10	550
JU3282	1	0.00271661282145584	0.671974611039328	0.00404273134256384	10	550
JU3291	500	0.000113062891082536	0.0154310547891733	0.00732697100925745	10	244
JU3291	100	0.000380574154710621	0.051941539584335	0.00732697100925745	10	244
JU3291	50	0.000372846545532504	0.0508868596670331	0.00732697100925745	10	244
JU3291	30	0.000576750147952877	0.078716040670035	0.00732697100925745	10	244
JU3291	10	0.00080113293505705	0.109340262714952	0.00732697100925745	10	244
JU3291	5	0.00170231857922515	0.232335923954703	0.00732697100925745	10	244
JU3291	3	0.0014719906998229	0.200900303544681	0.00732697100925745	10	244
JU3291	1	0.00309754298554764	0.422759006639165	0.00732697100925745	10	244
JU346	500	0.000105584786983674	0.0222317690078399	0.00525792792124897	70	435
JU346	100	0.000245696271866023	0.0531350056490366	0.00525792792124897	70	435
JU346	50	0.000347140737950817	0.0744267727666761	0.00525792792124897	70	435
JU346	30	0.000442702667144717	0.09098937614563	0.00525792792124897	70	435
JU346	10	0.000602804468607384	0.129350168239466	0.00525792792124897	70	435
JU346	5	0.000979621710235531	0.214684835730018	0.00525792792124897	70	435
JU346	3	0.00100897471192526	0.208936657165804	0.00525792792124897	70	435
JU346	1	0.00202727341608714	0.425085029959421	0.00525792792124897	70	435
JU360	500	7.77382118495667e-05	0.0129677745685491	0.00728009835289544	40	234
JU360	100	0.000180243527683283	0.0360127572152853	0.00728009835289544	40	234
JU360	50	0.000331425505721705	0.0639378810758695	0.00728009835289544	40	234
JU360	30	0.000355673127468059	0.0645673938695347	0.00728009835289544	40	234
JU360	10	0.00069392784501133	0.13426771092283	0.00728009835289544	40	234
JU360	5	0.000812747625803838	0.14267310970144	0.00728009835289544	40	234
JU360	3	0.0012032970923196	0.18591362244587	0.00728009835289544	40	234
JU360	1	0.00143790750452693	0.276412114444592	0.00728009835289544	40	234
JU367	500	0.000118721707738351	0.0359806574039157	0.00375110166105156	30	559
JU367	100	0.000288311577123282	0.0861576943950592	0.00375110166105156	30	559
JU367	50	0.000418279358608188	0.133269345186635	0.00375110166105156	30	559
JU367	30	0.000566569140048916	0.172700493023946	0.00375110166105156	30	559
JU367	10	0.000939587678028751	0.292742869694107	0.00375110166105156	30	559
JU367	5	0.00110870813341853	0.334191630702637	0.00375110166105156	30	559
JU367	3	0.00141603738709045	0.435802972902187	0.00375110166105156	30	559
JU367	1	0.0021608653306384	0.674502064790285	0.00375110166105156	30	559
JU393	500	7.25819651566916e-05	0.0231841920009637	0.00608343407896811	60	466
JU393	100	0.000201416247355479	0.0625801030807251	0.00608343407896811	60	466
JU393	50	0.000276104684938675	0.0845590289486482	0.00608343407896811	60	466
JU393	30	0.000389340517748523	0.117371484726918	0.00608343407896811	60	466
JU393	10	0.000596575715386151	0.154766668138207	0.00608343407896811	60	466
JU393	5	0.000979202993773204	0.283811566328795	0.00608343407896811	60	466
JU393	3	0.00098180853026581	0.265135486073305	0.00608343407896811	60	466
JU393	1	0.00160322512453684	0.437809390697547	0.00608343407896811	60	466
JU394	500	0.000132629470781039	0.0263092684936732	0.00625082668612954	60	369
JU394	100	0.000328230567048603	0.0654311100448249	0.00625082668612954	60	369
JU394	50	0.000537280194135505	0.0956646686632654	0.00625082668612954	60	369
JU394	30	0.000591988071753506	0.112906727735892	0.00625082668612954	60	369
JU394	10	0.000868704394761138	0.174403795533374	0.00625082668612954	60	369
JU394	5	0.00162791469188374	0.324346136559689	0.00625082668612954	60	369
JU394	3	0.0015747805528101	0.290158371447721	0.00625082668612954	60	369
JU394	1	0.00265872780472039	0.490505318333946	0.00625082668612954	60	369
JU397	500	0.000142305407207251	0.0446547452192266	0.00541829207443144	60	329
JU397	100	0.000297350452188275	0.08609396970521	0.00541829207443144	60	329
JU397	50	0.000420547572430452	0.111847529788302	0.00541829207443144	60	329
JU397	30	0.000437814462838565	0.129553905703728	0.00541829207443144	60	329
JU397	10	0.000889898618413094	0.262997031029671	0.00541829207443144	60	329
JU397	5	0.00127990870038105	0.346761915150329	0.00541829207443144	60	329
JU397	3	0.00146859771498731	0.353989312322931	0.00541829207443144	60	329
JU397	1	0.00245804982759822	0.604951590547678	0.00541829207443144	60	329
JU406	500	0.000138883516113497	0.0324404804706356	0.00517136492524225	60	436
JU406	100	0.00030738246421283	0.0798383586258513	0.00517136492524225	60	436
JU406	50	0.000455435684552174	0.115766865827319	0.00517136492524225	60	436
JU406	30	0.000484758299917099	0.135194826919703	0.00517136492524225	60	436
JU406	10	0.00103056221273058	0.250747614095382	0.00517136492524225	60	436
JU406	5	0.00122940522367834	0.277161415192972	0.00517136492524225	60	436
JU406	3	0.00147426421102868	0.374277315093975	0.00517136492524225	60	436
JU406	1	0.00263402788376522	0.686676799199726	0.00517136492524225	60	436
JU440	500	0.000144404407886483	0.0299629636541466	0.00605263109246701	60	494
JU440	100	0.000307979249299765	0.0581125183021691	0.00605263109246701	60	494
JU440	50	0.000501900158738798	0.104861725661859	0.00605263109246701	60	494
JU440	30	0.000529892447248211	0.100495197332251	0.00605263109246701	60	494
JU440	10	0.00105208545530966	0.205531548358858	0.00605263109246701	60	494
JU440	5	0.00151502104825389	0.284753834562006	0.00605263109246701	60	494
JU440	3	0.00170759321920554	0.337802207739881	0.00605263109246701	60	494
JU440	1	0.00267850630153726	0.516941251453181	0.00605263109246701	60	494
JU561	500	0.000114275305994922	0.0260802768143612	0.00695933756892229	60	439
JU561	100	0.000283338370701319	0.057952546114093	0.00695933756892229	60	439
JU561	50	0.000390744125527864	0.0877886006873836	0.00695933756892229	60	439
JU561	30	0.00040739473925212	0.0888942432248372	0.00695933756892229	60	439
JU561	10	0.000815324670525873	0.195833020212061	0.00695933756892229	60	439
JU561	5	0.00135172374879487	0.286182107242495	0.00695933756892229	60	439
JU561	3	0.00130058334581957	0.291381820221473	0.00695933756892229	60	439
JU561	1	0.00234665169856569	0.444455689355193	0.00695933756892229	60	439
JU642	500	9.49384503904886e-05	0.0226422608527761	0.00529437395621849	60	513
JU642	100	0.000232769045870743	0.0568815984694326	0.00529437395621849	60	513
JU642	50	0.000344138395444545	0.0829394377893484	0.00529437395621849	60	513
JU642	30	0.000440142638683121	0.112710847232193	0.00529437395621849	60	513
JU642	10	0.000666331983348215	0.141987092617384	0.00529437395621849	60	513
JU642	5	0.00102827246131146	0.241526370867229	0.00529437395621849	60	513
JU642	3	0.0014150403625059	0.319225909504464	0.00529437395621849	60	513
JU642	1	0.00187514560003158	0.439397551603715	0.00529437395621849	60	513
JU751	500	7.49117925031737e-05	0.0136567456293732	0.00662702570358892	50	157
JU751	100	0.000187658306166281	0.0358937535836909	0.00662702570358892	50	157
JU751	50	0.000222331411292678	0.0410086277370898	0.00662702570358892	50	157
JU751	30	0.000375491562764312	0.0749103871424219	0.00662702570358892	50	157
JU751	10	0.000494106421580127	0.086373044099425	0.00662702570358892	50	157
JU751	5	0.000847959351340783	0.160688199529806	0.00662702570358892	50	157
JU751	3	0.00106828996410987	0.207762987846446	0.00662702570358892	50	157
JU751	1	0.00194386217776412	0.353379130271375	0.00662702570358892	50	157
JU774	500	8.39133550356358e-05	0.0200487514928867	0.00561918292905612	60	462
JU774	100	0.000208786928980421	0.0487586580654984	0.00561918292905612	60	462
JU774	50	0.000266715365835144	0.0643695911499033	0.00561918292905612	60	462
JU774	30	0.000398940885832658	0.0948363453060952	0.00561918292905612	60	462
JU774	10	0.00069962420232456	0.17996190783221	0.00561918292905612	60	462
JU774	5	0.000844580687571009	0.20371600147142	0.00561918292905612	60	462
JU774	3	0.00112055134291563	0.269638567040362	0.00561918292905612	60	462
JU774	1	0.00208720412816531	0.47661911578622	0.00561918292905612	60	462
JU775	500	7.06226711246472e-05	0.016066893551241	0.00550886026264461	50	190
JU775	100	0.000191303877603243	0.039388422491572	0.00550886026264461	50	190
JU775	50	0.000231318859700657	0.0496554683832146	0.00550886026264461	50	190
JU775	30	0.000294240044106872	0.0693286469613187	0.00550886026264461	50	190
JU775	10	0.000448449606401712	0.0982011586627312	0.00550886026264461	50	190
JU775	5	0.000996756605017427	0.226689617930488	0.00550886026264461	50	190
JU775	3	0.00093825547992282	0.205447313778418	0.00550886026264461	50	190
JU775	1	0.00164657912219258	0.352555200317372	0.00550886026264461	50	190
JU778	500	9.75229487181267e-05	0.0303082252253625	0.0067953367246786	60	410
JU778	100	0.000197845884772334	0.053899460542089	0.0067953367246786	60	410
JU778	50	0.000292139688054867	0.0835305019843475	0.0067953367246786	60	410
JU778	30	0.000388336139310214	0.151700382616442	0.0067953367246786	60	410
JU778	10	0.000701005645820494	0.200808267318923	0.0067953367246786	60	410
JU778	5	0.000921266175087342	0.273948549635916	0.0067953367246786	60	410
JU778	3	0.00124126427883122	0.293195286384396	0.0067953367246786	60	410
JU778	1	0.00179061877599204	0.344754646526046	0.0067953367246786	60	410
JU782	500	8.6205604204431e-05	0.0147412581552896	0.00793541218038606	60	354
JU782	100	0.000165855146530752	0.0309985727216942	0.00793541218038606	60	354
JU782	50	0.000262763905248691	0.051231986993969	0.00793541218038606	60	354
JU782	30	0.000290962063532719	0.0563715479444915	0.00793541218038606	60	354
JU782	10	0.00054131238774107	0.0992934843747858	0.00793541218038606	60	354
JU782	5	0.000708221648322663	0.143909989113892	0.00793541218038606	60	354
JU782	3	0.00103298534895521	0.181629062392809	0.00793541218038606	60	354
JU782	1	0.0016823889458511	0.278671317553063	0.00793541218038606	60	354
JU792	500	0.000249525747956063	0.057956666634529	0.0066377509907756	60	288
JU792	100	0.000466600820827304	0.110790804225915	0.0066377509907756	60	288
JU792	50	0.000686177710945827	0.175540863789355	0.0066377509907756	60	288
JU792	30	0.000845688395310374	0.218625530666237	0.0066377509907756	60	288
JU792	10	0.0016796839954688	0.370255155798298	0.0066377509907756	60	288
JU792	5	0.00196437721141389	0.400178630718956	0.0066377509907756	60	288
JU792	3	0.00243879857085404	0.485763738536017	0.0066377509907756	60	288
JU792	1	0.00305938309347404	0.586697176401858	0.0066377509907756	60	288
JU830	500	0.000101997975057652	0.0193697072411545	0.00703725132216964	60	355
JU830	100	0.000229622307512149	0.0401699561470914	0.00703725132216964	60	355
JU830	50	0.000268602008633342	0.0517798888965367	0.00703725132216964	60	355
JU830	30	0.000326696034835479	0.0603497416574598	0.00703725132216964	60	355
JU830	10	0.000636592887534833	0.108525863712058	0.00703725132216964	60	355
JU830	5	0.000826603571213844	0.181719731257014	0.00703725132216964	60	355
JU830	3	0.00099036379676626	0.214722780059012	0.00703725132216964	60	355
JU830	1	0.00195460146424042	0.343313305847627	0.00703725132216964	60	355
JU847	500	0.000106452748620852	0.0176201568036609	0.00717477213130815	30	536
JU847	100	0.00017922049473358	0.028449602677302	0.00717477213130815	30	536
JU847	50	0.000331926300037599	0.0555531397530757	0.00717477213130815	30	536
JU847	30	0.000492037177155912	0.0915419801830336	0.00717477213130815	30	536
JU847	10	0.000629249907425274	0.103336442338341	0.00717477213130815	30	536
JU847	5	0.00104127693908476	0.191369051584282	0.00717477213130815	30	536
JU847	3	0.0013685573136943	0.212799335314626	0.00717477213130815	30	536
JU847	1	0.00177119142818131	0.295124011649328	0.00717477213130815	30	536
KR314	500	8.925940605175e-05	0.0149022861703337	0.00866428923487652	60	979
KR314	100	0.000199804690682575	0.0388249982744668	0.00866428923487652	60	979
KR314	50	0.000269267326765356	0.0497485686935296	0.00866428923487652	60	979
KR314	30	0.000389982370955707	0.07876081315105	0.00866428923487652	60	979
KR314	10	0.000619647783455966	0.122553002055583	0.00866428923487652	60	979
KR314	5	0.000915133103202976	0.159716935130411	0.00866428923487652	60	979
KR314	3	0.00118948631671425	0.233321200400715	0.00866428923487652	60	979
KR314	1	0.00184561206697185	0.327832171265664	0.00866428923487652	60	979
LKC34	500	0.000109999360057578	0.0189468561116489	0.00662334669002272	60	855
LKC34	100	0.000220305359352634	0.037091758374345	0.00662334669002272	60	855
LKC34	50	0.000327060619338168	0.0550456062730816	0.00662334669002272	60	855
LKC34	30	0.000348795035354614	0.0606814150381301	0.00662334669002272	60	855
LKC34	10	0.000791287158700763	0.135474251962545	0.00662334669002272	60	855
LKC34	5	0.001037309799022	0.17246658872641	0.00662334669002272	60	855
LKC34	3	0.00118297957744348	0.202986619224176	0.00662334669002272	60	855
LKC34	1	0.00199771087282773	0.324762117068541	0.00662334669002272	60	855
MY1	500	8.28532253787929e-05	0.0191101367428396	0.00481141501552396	60	690
MY1	100	0.000217293061524405	0.0481089757066646	0.00481141501552396	60	690
MY1	50	0.000313350542237791	0.068169399678297	0.00481141501552396	60	690
MY1	30	0.000379075659288519	0.0844254826905119	0.00481141501552396	60	690
MY1	10	0.000636431077640051	0.146562142311311	0.00481141501552396	60	690
MY1	5	0.000922993343024864	0.205913831585838	0.00481141501552396	60	690
MY1	3	0.000959865125721841	0.217690081739543	0.00481141501552396	60	690
MY1	1	0.00169569134409195	0.382671937592083	0.00481141501552396	60	690
MY10	500	5.87362073841437e-05	0.0124708557348129	0.00612632027184873	50	1694
MY10	100	0.000111492746241086	0.0233625702123634	0.00612632027184873	50	1694
MY10	50	0.000163224635533535	0.0345787671139644	0.00612632027184873	50	1694
MY10	30	0.000242035980049095	0.0511542892338289	0.00612632027184873	50	1694
MY10	10	0.000418102694384676	0.0904375632255616	0.00612632027184873	50	1694
MY10	5	0.000665417014394662	0.14995495115133	0.00612632027184873	50	1694
MY10	3	0.000520940691271409	0.097695500679369	0.00612632027184873	50	1694
MY10	1	0.00122128517350368	0.279462454019721	0.00612632027184873	50	1694
MY16	500	7.92215876456761e-05	0.0139948052425824	0.0100533290266135	60	351
MY16	100	0.000178031092856553	0.0280416184331031	0.0100533290266135	60	351
MY16	50	0.000252701647976155	0.050504817132484	0.0100533290266135	60	351
MY16	30	0.000313321457683376	0.0547168509610999	0.0100533290266135	60	351
MY16	10	0.000407041898764713	0.0783058546567276	0.0100533290266135	60	351
MY16	5	0.000644850462573866	0.129633624916129	0.0100533290266135	60	351
MY16	3	0.000999704857772809	0.147518864360007	0.0100533290266135	60	351
MY16	1	0.001394757137453	0.262067492745791	0.0100533290266135	60	351
MY18	500	0.000115726065068894	0.0191562844768483	0.0075711460677846	70	97
MY18	100	0.000229393594473875	0.0375434619982167	0.0075711460677846	70	97
MY18	50	0.000296794345721613	0.0459762025400501	0.0075711460677846	70	97
MY18	30	0.000378334737809109	0.0625783278783487	0.0075711460677846	70	97
MY18	10	0.000619790565403932	0.10013346606034	0.0075711460677846	70	97
MY18	5	0.000923153839056587	0.138066168061928	0.0075711460677846	70	97
MY18	3	0.00115883721883742	0.184643714239233	0.0075711460677846	70	97
MY18	1	0.00208145912773561	0.320479661102651	0.0075711460677846	70	97
MY2147	500	6.58185910433741e-05	0.0210587648125292	0.00377578018276353	20	654
MY2147	100	0.000188986155138131	0.057496171003141	0.00377578018276353	20	654
MY2147	50	0.000247214420119049	0.0728630110320162	0.00377578018276353	20	654
MY2147	30	0.000286699082117315	0.0914254924892133	0.00377578018276353	20	654
MY2147	10	0.000781093484943442	0.232171766167832	0.00377578018276353	20	654
MY2147	5	0.00073764373807337	0.215879857756394	0.00377578018276353	20	654
MY2147	3	0.00120950091784845	0.367215439504955	0.00377578018276353	20	654
MY2147	1	0.00131003674322277	0.379213686840988	0.00377578018276353	20	654
MY2212	500	7.73519648749643e-05	0.0386160751346122	0.00485962435942142	30	445
MY2212	100	0.000214102272546836	0.110589198726874	0.00485962435942142	30	445
MY2212	50	0.000308300084796007	0.153556506300188	0.00485962435942142	30	445
MY2212	30	0.000319317433473173	0.183025271109409	0.00485962435942142	30	445
MY2212	10	0.000586437028412099	0.333911576129764	0.00485962435942142	30	445
MY2212	5	0.000918317960813886	0.430156486392967	0.00485962435942142	30	445
MY2212	3	0.00128849231239105	0.497452305156843	0.00485962435942142	30	445
MY2212	1	0.00141092562833353	0.538838117528872	0.00485962435942142	30	445
MY23	500	7.15292838514651e-05	0.0221778406309415	0.0056342643051753	70	754
MY23	100	0.000182671748677684	0.0514158966100694	0.0056342643051753	70	754
MY23	50	0.000224970841436221	0.0608295627334197	0.0056342643051753	70	754
MY23	30	0.000339356589684328	0.0863152361575976	0.0056342643051753	70	754
MY23	10	0.000480756039025189	0.143413727262967	0.0056342643051753	70	754
MY23	5	0.000746574403394456	0.20756767405088	0.0056342643051753	70	754
MY23	3	0.000885811715732454	0.224308312028493	0.0056342643051753	70	754
MY23	1	0.00140236901431863	0.322082189342701	0.0056342643051753	70	754
MY2453	500	0.000123304404540858	0.0120005320239009	0.0102749115035299	10	381
MY2453	100	0.000297459632801378	0.0289500919496181	0.0102749115035299	10	381
MY2453	50	0.000415521764616912	0.0404404227203478	0.0102749115035299	10	381
MY2453	30	0.000606119029668164	0.0589901946561718	0.0102749115035299	10	381
MY2453	10	0.0012953286410868	0.126067133584732	0.0102749115035299	10	381
MY2453	5	0.00095606112928875	0.0930481132572581	0.0102749115035299	10	381
MY2453	3	0.00176559920447219	0.171835952442571	0.0102749115035299	10	381
MY2453	1	0.00225713859146936	0.219674747631057	0.0102749115035299	10	381
MY2530	500	0.000145767777518936	0.0643187038388997	0.0056118354181735	30	25
MY2530	100	0.000385166702107143	0.151502960614267	0.0056118354181735	30	25
MY2530	50	0.000393035746359666	0.153623608075023	0.0056118354181735	30	25
MY2530	30	0.000663938452766673	0.259883507331923	0.0056118354181735	30	25
MY2530	10	0.00133957244296138	0.562803253297827	0.0056118354181735	30	25
MY2530	5	0.00102021060057817	0.465160655105105	0.0056118354181735	30	25
MY2530	3	0.00186146379203633	0.676772683637472	0.0056118354181735	30	25
MY2530	1	0.00312165573723737	0.947419584291799	0.0056118354181735	30	25
MY2535	500	0.000110244899392456	0.0484759746043892	0.00494064399679813	30	613
MY2535	100	0.00027526477972195	0.118849587244355	0.00494064399679813	30	613
MY2535	50	0.000364403788610586	0.149335804496401	0.00494064399679813	30	613
MY2535	30	0.00052340702451326	0.20868530012782	0.00494064399679813	30	613
MY2535	10	0.00094545646872694	0.370763497868043	0.00494064399679813	30	613
MY2535	5	0.00165717216946616	0.478797882273523	0.00494064399679813	30	613
MY2535	3	0.00159388306560302	0.593659171281347	0.00494064399679813	30	613
MY2535	1	0.00264697915362457	0.86997554250866	0.00494064399679813	30	613
MY2573	500	0.000198406971082504	0.107987066518565	0.00522540272085185	30	271
MY2573	100	0.000490678078218882	0.284897535953233	0.00522540272085185	30	271
MY2573	50	0.000695281568771226	0.338909975044243	0.00522540272085185	30	271
MY2573	30	0.00067861236291763	0.223637028001763	0.00522540272085185	30	271
MY2573	10	0.001208502420023	0.593288982232214	0.00522540272085185	30	271
MY2573	5	0.00183541835309587	0.834615632967274	0.00522540272085185	30	271
MY2573	3	0.00217968353064851	0.7996200935604	0.00522540272085185	30	271
MY2573	1	0.00343663581826525	0.936125536733439	0.00522540272085185	30	271
MY2585	500	0.000101616918638296	0.031965812140055	0.00409841276441598	30	433
MY2585	100	0.000322595650993407	0.0978309739264112	0.00409841276441598	30	433
MY2585	50	0.000299070074172011	0.0873401265053152	0.00409841276441598	30	433
MY2585	30	0.000396743417636349	0.116347104251541	0.00409841276441598	30	433
MY2585	10	0.000711322604553563	0.209389855351426	0.00409841276441598	30	433
MY2585	5	0.00116930789607972	0.375159900250503	0.00409841276441598	30	433
MY2585	3	0.00129933209606601	0.353168859402611	0.00409841276441598	30	433
MY2585	1	0.00199181834846647	0.563107908085685	0.00409841276441598	30	433
MY2693	500	0.00013366175992142	0.0525851860493379	0.00293055268365382	30	117
MY2693	100	0.000304670988876241	0.12469551873829	0.00293055268365382	30	117
MY2693	50	0.000525442208680719	0.207882048253328	0.00293055268365382	30	117
MY2693	30	0.00049500481077322	0.2062940794445	0.00293055268365382	30	117
MY2693	10	0.00101988194948372	0.447140394943414	0.00293055268365382	30	117
MY2693	5	0.00125377624236413	0.469882870482339	0.00293055268365382	30	117
MY2693	3	0.00187291938696747	0.645749059857555	0.00293055268365382	30	117
MY2693	1	0.00200215459204874	0.780869242109399	0.00293055268365382	30	117
MY2713	500	0.000140546248718032	0.0525954306171409	0.00314739083291061	30	319
MY2713	100	0.000275386720921784	0.102859636745842	0.00314739083291061	30	319
MY2713	50	0.000485771442185796	0.184523759898392	0.00314739083291061	30	319
MY2713	30	0.000487020881834853	0.181456483709521	0.00314739083291061	30	319
MY2713	10	0.000777367472611164	0.275663820325099	0.00314739083291061	30	319
MY2713	5	0.00120501857978482	0.434810136222991	0.00314739083291061	30	319
MY2713	3	0.00132552288250171	0.486101570492057	0.00314739083291061	30	319
MY2713	1	0.00218568770369062	0.741316448346472	0.00314739083291061	30	319
MY2741	500	9.47675415537722e-05	0.035169597697231	0.0035844550798104	20	105
MY2741	100	0.000253155527566387	0.0796847379602769	0.0035844550798104	20	105
MY2741	50	0.000379673849591706	0.141685200930391	0.0035844550798104	20	105
MY2741	30	0.000440066051167612	0.21084547036595	0.0035844550798104	20	105
MY2741	10	0.000638003331920845	0.297048777670864	0.0035844550798104	20	105
MY2741	5	0.000941341945319192	0.370112854301271	0.0035844550798104	20	105
MY2741	3	0.00119143857240593	0.503880986685672	0.0035844550798104	20	105
MY2741	1	0.00159219106687912	0.592271394536956	0.0035844550798104	20	105
MY518	500	0.000130241145515216	0.0696310118999928	0.00573808595683645	20	231
MY518	100	0.000400079720123088	0.257279204275504	0.00573808595683645	20	231
MY518	50	0.000418586394454253	0.213301286048469	0.00573808595683645	20	231
MY518	30	0.000467930355688121	0.192927245686156	0.00573808595683645	20	231
MY518	10	0.000693433737006863	0.390754053197838	0.00573808595683645	20	231
MY518	5	0.00127012012256481	0.741535189847673	0.00573808595683645	20	231
MY518	3	0.00116648110590138	0.685555338968604	0.00573808595683645	20	231
MY518	1	0.00162670050479559	0.842017666580684	0.00573808595683645	20	231
MY679	500	0.000107185407776035	0.0299170903776459	0.00595088438418273	30	656
MY679	100	0.0002657496210623	0.0690522877462439	0.00595088438418273	30	656
MY679	50	0.000240650865969265	0.071485080706429	0.00595088438418273	30	656
MY679	30	0.000464885654519306	0.103959032426258	0.00595088438418273	30	656
MY679	10	0.000746276191396444	0.209519229496591	0.00595088438418273	30	656
MY679	5	0.00101077068691284	0.250095859446091	0.00595088438418273	30	656
MY679	3	0.00159528378514829	0.39238477524673	0.00595088438418273	30	656
MY679	1	0.00227567413106907	0.612795022474572	0.00595088438418273	30	656
MY772	500	9.05395641073707e-05	0.0332933985513433	0.00538918849855073	30	546
MY772	100	0.00021003517232353	0.0678142362322229	0.00538918849855073	30	546
MY772	50	0.000369339526386591	0.119277927949417	0.00538918849855073	30	546
MY772	30	0.000407923152977262	0.167349834911926	0.00538918849855073	30	546
MY772	10	0.000561566825338971	0.181349821323992	0.00538918849855073	30	546
MY772	5	0.000925163573328707	0.318465262794601	0.00538918849855073	30	546
MY772	3	0.00103977271244901	0.290346270514765	0.00538918849855073	30	546
MY772	1	0.00166319621079892	0.472420563181036	0.00538918849855073	30	546
MY795	500	0.000130329435146519	0.0429268641686719	0.00458718287301206	30	105
MY795	100	0.000407087197672457	0.136076987135892	0.00458718287301206	30	105
MY795	50	0.000523602549728561	0.176626022741598	0.00458718287301206	30	105
MY795	30	0.000551886599994103	0.192020676340296	0.00458718287301206	30	105
MY795	10	0.000875575808990463	0.399301814409632	0.00458718287301206	30	105
MY795	5	0.00121621543508147	0.422313561651425	0.00458718287301206	30	105
MY795	3	0.00152522736555646	0.5078579585804	0.00458718287301206	30	105
MY795	1	0.00184857649547508	0.52886461757861	0.00458718287301206	30	105
MY920	500	0.000133721190777256	0.0490350044967468	0.00526607930432994	30	441
MY920	100	0.000205913563540253	0.0928216758702655	0.00526607930432994	30	441
MY920	50	0.000361299844696975	0.137659645710582	0.00526607930432994	30	441
MY920	30	0.00052172444868596	0.174736811370801	0.00526607930432994	30	441
MY920	10	0.00091991401054072	0.286858688351761	0.00526607930432994	30	441
MY920	5	0.00108249124915902	0.448842512609248	0.00526607930432994	30	441
MY920	3	0.0016458244585755	0.601720474636848	0.00526607930432994	30	441
MY920	1	0.00240835782797032	0.709141009563394	0.00526607930432994	30	441
N2	500	0.000226833497242022	0.0554598695114382	0.00757236359201077	70	333
N2	100	0.000442969069335782	0.116565523616388	0.00757236359201077	70	333
N2	50	0.000650610931578392	0.1594498084845	0.00757236359201077	70	333
N2	30	0.000882086123435636	0.222311612005356	0.00757236359201077	70	333
N2	10	0.0013123911627908	0.290793052815209	0.00757236359201077	70	333
N2	5	0.00196579249463642	0.429639569450437	0.00757236359201077	70	333
N2	3	0.00256312517126725	0.517651698438544	0.00757236359201077	70	333
N2	1	0.00371138703581339	0.670652846778211	0.00757236359201077	70	333
NIC1	500	9.61157205609641e-05	0.0171289530461518	0.00566857179386508	50	645
NIC1	100	0.000227218211272704	0.0410340562750603	0.00566857179386508	50	645
NIC1	50	0.000258094530958127	0.0458846888646038	0.00566857179386508	50	645
NIC1	30	0.000403307928326223	0.0728214141702366	0.00566857179386508	50	645
NIC1	10	0.00065595742398686	0.119133125767579	0.00566857179386508	50	645
NIC1	5	0.000973809815290437	0.179666060788371	0.00566857179386508	50	645
NIC1	3	0.00126210160132157	0.232070592731613	0.00566857179386508	50	645
NIC1	1	0.00174502700494333	0.307289789315153	0.00566857179386508	50	645
NIC1049	500	0.000153086724131852	0.0867430319979031	0.00598389984278953	20	280
NIC1049	100	0.000473643535774379	0.231982898085723	0.00598389984278953	20	280
NIC1049	50	0.000595371887540845	0.329918725570352	0.00598389984278953	20	280
NIC1049	30	0.000631090843188037	0.221922002889219	0.00598389984278953	20	280
NIC1049	10	0.000961359838997526	0.393482901886271	0.00598389984278953	20	280
NIC1049	5	0.00216037228135136	1.09308186507451	0.00598389984278953	20	280
NIC1049	3	0.00158471877680244	0.800450748137017	0.00598389984278953	20	280
NIC1049	1	0.00285754311822911	1.00674471796224	0.00598389984278953	20	280
NIC1107	500	0.000129531833148483	0.0957359982609568	0.00135301073265466	10	414
NIC1107	100	0.000268024658703926	0.19809499824	0.00135301073265466	10	414
NIC1107	50	0.000389530551752361	0.287899084871327	0.00135301073265466	10	414
NIC1107	30	0.000373251525161813	0.27586737943274	0.00135301073265466	10	414
NIC1107	10	0.00102213360269875	0.755451215596258	0.00135301073265466	10	414
NIC1107	5	0.00124266572300337	0.918444837880341	0.00135301073265466	10	414
NIC1107	3	0.00100608894776631	0.743592732477684	0.00135301073265466	10	414
NIC1107	1	0.00108598034575476	0.802639860530906	0.00135301073265466	10	414
NIC1119	500	0.00014156353986517	0.0197483841359807	0.00716836065626488	10	1399
NIC1119	100	0.000257562084453822	0.0359304026128655	0.00716836065626488	10	1399
NIC1119	50	0.000261509890978778	0.0364811291616903	0.00716836065626488	10	1399
NIC1119	30	0.00045040152343226	0.0628318725898126	0.00716836065626488	10	1399
NIC1119	10	0.000889992775644971	0.124155691701582	0.00716836065626488	10	1399
NIC1119	5	0.000585665189282996	0.0817014122707604	0.00716836065626488	10	1399
NIC1119	3	0.00125845412949421	0.175556754164478	0.00716836065626488	10	1399
NIC1119	1	0.00203287431835046	0.28358984931566	0.00716836065626488	10	1399
NIC166	500	0.000109709429786549	0.0171220150420625	0.00752259831596913	50	539
NIC166	100	0.000216079027577556	0.0344354477211488	0.00752259831596913	50	539
NIC166	50	0.000317403380673122	0.044438438408732	0.00752259831596913	50	539
NIC166	30	0.000435817518197401	0.0674347420571491	0.00752259831596913	50	539
NIC166	10	0.000762906127425498	0.116029487813241	0.00752259831596913	50	539
NIC166	5	0.000868545440336875	0.134582129833229	0.00752259831596913	50	539
NIC166	3	0.00114610949790072	0.181758776102352	0.00752259831596913	50	539
NIC166	1	0.00196026236817902	0.317447608862697	0.00752259831596913	50	539
NIC195	500	5.34308531089047e-05	0.0093904794854441	0.0068465490691113	40	858
NIC195	100	0.000107601206269446	0.0170498830328368	0.0068465490691113	40	858
NIC195	50	0.000143953073626752	0.0262235371003547	0.0068465490691113	40	858
NIC195	30	0.000211434432143244	0.0380544023744968	0.0068465490691113	40	858
NIC195	10	0.00040818376913415	0.0630403271856616	0.0068465490691113	40	858
NIC195	5	0.000612015541187938	0.116071836909361	0.0068465490691113	40	858
NIC195	3	0.00060910907619468	0.110691006828956	0.0068465490691113	40	858
NIC195	1	0.000928863016378606	0.170397037384532	0.0068465490691113	40	858
NIC199	500	5.39191574847258e-05	0.00775807289833319	0.0100545472317559	60	2290
NIC199	100	0.000116624517827415	0.0168244366362514	0.0100545472317559	60	2290
NIC199	50	0.000187551873270077	0.024767483026224	0.0100545472317559	60	2290
NIC199	30	0.000175076133437979	0.0231990905096204	0.0100545472317559	60	2290
NIC199	10	0.000407009386312501	0.0578229451918249	0.0100545472317559	60	2290
NIC199	5	0.000485000981272008	0.0665935693437264	0.0100545472317559	60	2290
NIC199	3	0.000535805180116886	0.073910345843973	0.0100545472317559	60	2290
NIC199	1	0.00116195123983659	0.152415783477696	0.0100545472317559	60	2290
NIC2	500	0.000143590450236238	0.0298164418856559	0.00511192609073991	50	325
NIC2	100	0.000359837079845997	0.0765557601883921	0.00511192609073991	50	325
NIC2	50	0.000595400906929697	0.122911150048845	0.00511192609073991	50	325
NIC2	30	0.000683614493963398	0.14836621175247	0.00511192609073991	50	325
NIC2	10	0.00112256188848082	0.244565871470595	0.00511192609073991	50	325
NIC2	5	0.00163722211936957	0.346935423823288	0.00511192609073991	50	325
NIC2	3	0.00218589884844415	0.467584918178943	0.00511192609073991	50	325
NIC2	1	0.00309336887858125	0.645600057271039	0.00511192609073991	50	325
NIC207	500	0.000113304642168369	0.021273096942985	0.00602254082348293	50	492
NIC207	100	0.000313406400999892	0.0581314610362188	0.00602254082348293	50	492
NIC207	50	0.000373695240640315	0.075104438377666	0.00602254082348293	50	492
NIC207	30	0.000499633122412867	0.0911298651578832	0.00602254082348293	50	492
NIC207	10	0.000773680676101756	0.156217505632226	0.00602254082348293	50	492
NIC207	5	0.00112685386643286	0.219935658843157	0.00602254082348293	50	492
NIC207	3	0.00128566745565559	0.234303340601702	0.00602254082348293	50	492
NIC207	1	0.00247366463952887	0.469712885158083	0.00602254082348293	50	492
NIC231	500	0.000116871631699872	0.0312485854324789	0.00449531698268945	60	477
NIC231	100	0.000246574985141891	0.064159457542362	0.00449531698268945	60	477
NIC231	50	0.000267354715909605	0.0677282868199612	0.00449531698268945	60	477
NIC231	30	0.000439126470551192	0.107502408240193	0.00449531698268945	60	477
NIC231	10	0.000826657834782647	0.217409330387512	0.00449531698268945	60	477
NIC231	5	0.00116826078988712	0.289057696728342	0.00449531698268945	60	477
NIC231	3	0.00138741690333956	0.330610656271555	0.00449531698268945	60	477
NIC231	1	0.00213933714771346	0.521224530665294	0.00449531698268945	60	477
NIC236	500	0.000103165696891929	0.0235782563591032	0.00574406682511106	60	493
NIC236	100	0.000220796821918728	0.0459119448491284	0.00574406682511106	60	493
NIC236	50	0.000314393597372429	0.0673754257131999	0.00574406682511106	60	493
NIC236	30	0.000398740001595432	0.0945714635796706	0.00574406682511106	60	493
NIC236	10	0.000707458575757056	0.14826360504235	0.00574406682511106	60	493
NIC236	5	0.00110626658522176	0.268635151967646	0.00574406682511106	60	493
NIC236	3	0.00134421871680183	0.291020666076058	0.00574406682511106	60	493
NIC236	1	0.00215294259447886	0.444634997180634	0.00574406682511106	60	493
NIC242	500	0.00010508448920261	0.01527892797006	0.00744388199930581	50	499
NIC242	100	0.00026532670815276	0.0386614821954538	0.00744388199930581	50	499
NIC242	50	0.000319067913268116	0.0472212584040788	0.00744388199930581	50	499
NIC242	30	0.000403305654396458	0.0578149961889588	0.00744388199930581	50	499
NIC242	10	0.000835206586630653	0.121337681563079	0.00744388199930581	50	499
NIC242	5	0.000919091295299109	0.132673844150886	0.00744388199930581	50	499
NIC242	3	0.00145742890928364	0.213759895169215	0.00744388199930581	50	499
NIC242	1	0.00228908187179677	0.334246832321816	0.00744388199930581	50	499
NIC251	500	3.99329970174801e-05	0.00781023571722064	0.00645303267961621	60	2944
NIC251	100	8.00973753607642e-05	0.0142117875570365	0.00645303267961621	60	2944
NIC251	50	0.000114619740870664	0.0224017997912251	0.00645303267961621	60	2944
NIC251	30	0.000129173675414827	0.0277525657107762	0.00645303267961621	60	2944
NIC251	10	0.000280813061387558	0.0531623317063814	0.00645303267961621	60	2944
NIC251	5	0.000382920452229288	0.082894519036395	0.00645303267961621	60	2944
NIC251	3	0.000500909420850025	0.100788409319359	0.00645303267961621	60	2944
NIC251	1	0.000769877610015774	0.147724457461663	0.00645303267961621	60	2944
NIC252	500	6.88757784622878e-05	0.0154934812526925	0.00668472119642159	60	1253
NIC252	100	0.000164896200984395	0.0455641751156575	0.00668472119642159	60	1253
NIC252	50	0.000226118691288744	0.0591778548761795	0.00668472119642159	60	1253
NIC252	30	0.000268774369738441	0.0684072082337059	0.00668472119642159	60	1253
NIC252	10	0.000558339794688673	0.124186911353035	0.00668472119642159	60	1253
NIC252	5	0.000736288748061879	0.206624085181329	0.00668472119642159	60	1253
NIC252	3	0.000951378659457808	0.215392289774752	0.00668472119642159	60	1253
NIC252	1	0.00159358370652811	0.392822011534575	0.00668472119642159	60	1253
NIC255	500	0.000113152979595696	0.0296218009219314	0.00472020543898655	60	431
NIC255	100	0.000322892524506423	0.084769389922528	0.00472020543898655	60	431
NIC255	50	0.000451223803491566	0.118658537208241	0.00472020543898655	60	431
NIC255	30	0.000571528510853764	0.148201935312488	0.00472020543898655	60	431
NIC255	10	0.000985182142195336	0.241565181295841	0.00472020543898655	60	431
NIC255	5	0.00117553240271368	0.306481419325845	0.00472020543898655	60	431
NIC255	3	0.0015617297651294	0.368680227224837	0.00472020543898655	60	431
NIC255	1	0.00219370435553686	0.541714779707914	0.00472020543898655	60	431
NIC256	500	0.000123326602774749	0.0550274444060899	0.00528417760159297	50	198
NIC256	100	0.000248535927380217	0.088939701280686	0.00528417760159297	50	198
NIC256	50	0.000365159113424566	0.125992529686139	0.00528417760159297	50	198
NIC256	30	0.000477775052174978	0.17489229077337	0.00528417760159297	50	198
NIC256	10	0.000778938104233223	0.236938041813969	0.00528417760159297	50	198
NIC256	5	0.00138261649493291	0.535759157208114	0.00528417760159297	50	198
NIC256	3	0.00135353328120521	0.393231215446933	0.00528417760159297	50	198
NIC256	1	0.00237851769836648	0.639635529379665	0.00528417760159297	50	198
NIC258	500	6.80271029950116e-05	0.0103610831151134	0.00683409641191333	60	235
NIC258	100	0.000173422923389369	0.0269817663807496	0.00683409641191333	60	235
NIC258	50	0.000241096724450379	0.0396956362530307	0.00683409641191333	60	235
NIC258	30	0.000310634008187652	0.0491927010935573	0.00683409641191333	60	235
NIC258	10	0.000619728806516327	0.0934890482018096	0.00683409641191333	60	235
NIC258	5	0.000802328669036241	0.13275615622149	0.00683409641191333	60	235
NIC258	3	0.000872042036641618	0.139618248640023	0.00683409641191333	60	235
NIC258	1	0.00167493834865666	0.270435079588434	0.00683409641191333	60	235
NIC259	500	7.49969100105723e-05	0.0203272985432159	0.00437697172805912	50	362
NIC259	100	0.00021330470823225	0.0602818479209094	0.00437697172805912	50	362
NIC259	50	0.000280883656212152	0.0823874431093998	0.00437697172805912	50	362
NIC259	30	0.000388571093355944	0.111964653611841	0.00437697172805912	50	362
NIC259	10	0.00066583512872635	0.17454041582526	0.00437697172805912	50	362
NIC259	5	0.000954795315512438	0.257591067947407	0.00437697172805912	50	362
NIC259	3	0.00107148606162037	0.307321902698969	0.00437697172805912	50	362
NIC259	1	0.00167863586015306	0.450260284960646	0.00437697172805912	50	362
NIC260	500	6.62641019956271e-05	0.010754930890706	0.0110492387572006	40	295
NIC260	100	0.000167154767193098	0.0248351012909336	0.0110492387572006	40	295
NIC260	50	0.000245628771301512	0.0404966227770369	0.0110492387572006	40	295
NIC260	30	0.000352987969990973	0.0638141925951269	0.0110492387572006	40	295
NIC260	10	0.000434409693124111	0.0710182509610422	0.0110492387572006	40	295
NIC260	5	0.000532271831124231	0.0651102747989295	0.0110492387572006	40	295
NIC260	3	0.000917164156076802	0.173773116681363	0.0110492387572006	40	295
NIC260	1	0.00164998468421372	0.268439156000689	0.0110492387572006	40	295
NIC261	500	7.24843127548555e-05	0.135303943423185	0.00612573051223951	50	271
NIC261	100	0.000167351451833653	0.252179325805395	0.00612573051223951	50	271
NIC261	50	0.000226201251910239	0.573798923562303	0.00612573051223951	50	271
NIC261	30	0.000259799156817724	0.234226120458411	0.00612573051223951	50	271
NIC261	10	0.000401350301073851	0.37272434668602	0.00612573051223951	50	271
NIC261	5	0.000668079801816531	1.22344043466959	0.00612573051223951	50	271
NIC261	3	0.000805668943025003	0.60236249524241	0.00612573051223951	50	271
NIC261	1	0.00139368785678273	1.38467666836902	0.00612573051223951	50	271
NIC262	500	6.23879716975165e-05	0.019349929162287	0.00659083164214389	30	227
NIC262	100	0.000156070371801871	0.0474095813742589	0.00659083164214389	30	227
NIC262	50	0.000210266973111539	0.052652962281954	0.00659083164214389	30	227
NIC262	30	0.000429965198176073	0.129882712675915	0.00659083164214389	30	227
NIC262	10	0.000591892594156296	0.188157010008141	0.00659083164214389	30	227
NIC262	5	0.000822321307218757	0.223738516840672	0.00659083164214389	30	227
NIC262	3	0.000852868677851473	0.209527890675845	0.00659083164214389	30	227
NIC262	1	0.00184710231989249	0.459741078364782	0.00659083164214389	30	227
NIC265	500	6.37526724406264e-05	0.0116903125769141	0.00634655804871802	60	528
NIC265	100	0.000163818065200951	0.0289855331405715	0.00634655804871802	60	528
NIC265	50	0.000236649044968726	0.0405067574684279	0.00634655804871802	60	528
NIC265	30	0.000288248883291742	0.0504781645124824	0.00634655804871802	60	528
NIC265	10	0.000490301461732195	0.0945997784972455	0.00634655804871802	60	528
NIC265	5	0.00068065451705796	0.117390395776189	0.00634655804871802	60	528
NIC265	3	0.000819823815397701	0.140737755730791	0.00634655804871802	60	528
NIC265	1	0.00130483972247337	0.227931368601649	0.00634655804871802	60	528
NIC266	500	6.27979956895108e-05	0.0134116652390162	0.00521988316578709	50	562
NIC266	100	0.00015832854875605	0.0347052436143647	0.00521988316578709	50	562
NIC266	50	0.000261257598692476	0.0611713604042391	0.00521988316578709	50	562
NIC266	30	0.000307552188427576	0.0618450611516818	0.00521988316578709	50	562
NIC266	10	0.000490541979562572	0.103629923596296	0.00521988316578709	50	562
NIC266	5	0.000687782596157808	0.157471139093128	0.00521988316578709	50	562
NIC266	3	0.000988379182779316	0.238553588161851	0.00521988316578709	50	562
NIC266	1	0.00142639850924725	0.307811462106812	0.00521988316578709	50	562
NIC267	500	0.000129211561622823	0.0243160892867686	0.0055576560986688	60	454
NIC267	100	0.000234317378172562	0.0459327682953961	0.0055576560986688	60	454
NIC267	50	0.00033522781468057	0.0658537554132841	0.0055576560986688	60	454
NIC267	30	0.000421682439995273	0.0829361528358432	0.0055576560986688	60	454
NIC267	10	0.000805831801373526	0.157101956231181	0.0055576560986688	60	454
NIC267	5	0.000948034734244008	0.185756411164536	0.0055576560986688	60	454
NIC267	3	0.00142132298101064	0.263759019496826	0.0055576560986688	60	454
NIC267	1	0.0022445606908745	0.432915148267677	0.0055576560986688	60	454
NIC268	500	5.18081658296559e-05	0.00669074780174241	0.00840807747544911	60	4221
NIC268	100	0.000113989466817528	0.0158048286119067	0.00840807747544911	60	4221
NIC268	50	0.000169740105569737	0.0221367204691555	0.00840807747544911	60	4221
NIC268	30	0.000207298033328144	0.0253696447004852	0.00840807747544911	60	4221
NIC268	10	0.000362510114449321	0.0448899374619311	0.00840807747544911	60	4221
NIC268	5	0.000631962069760167	0.0809783190580901	0.00840807747544911	60	4221
NIC268	3	0.000790026039840626	0.104336647741297	0.00840807747544911	60	4221
NIC268	1	0.00108921073111455	0.141146728866078	0.00840807747544911	60	4221
NIC269	500	9.01506598738477e-05	0.0205667926234559	0.00508811969814624	50	496
NIC269	100	0.000227533302292201	0.0528454612809618	0.00508811969814624	50	496
NIC269	50	0.000315295876647975	0.0717070386297825	0.00508811969814624	50	496
NIC269	30	0.000366136809697692	0.0823228019184857	0.00508811969814624	50	496
NIC269	10	0.000727598181460128	0.16569855019369	0.00508811969814624	50	496
NIC269	5	0.000934715342144875	0.201746342780938	0.00508811969814624	50	496
NIC269	3	0.00117867987140279	0.249964044801454	0.00508811969814624	50	496
NIC269	1	0.00203223022275501	0.466959881298212	0.00508811969814624	50	496
NIC271	500	0.000130016372017887	0.0196435128287208	0.0066522640490797	50	111
NIC271	100	0.000197153522826504	0.0302871920227494	0.0066522640490797	50	111
NIC271	50	0.00046715496807033	0.0713537319588202	0.0066522640490797	50	111
NIC271	30	0.000569159056922992	0.0861613000828522	0.0066522640490797	50	111
NIC271	10	0.000779977337359396	0.119660454134243	0.0066522640490797	50	111
NIC271	5	0.0014519129633117	0.221449146643695	0.0066522640490797	50	111
NIC271	3	0.00202123799698241	0.304538496863721	0.0066522640490797	50	111
NIC271	1	0.00255351464212376	0.38786645472567	0.0066522640490797	50	111
NIC272	500	0.000105607060716234	0.0174293057157434	0.00602930213508643	60	420
NIC272	100	0.000171704005005957	0.0284648151022557	0.00602930213508643	60	420
NIC272	50	0.000282952307525368	0.0469723267221903	0.00602930213508643	60	420
NIC272	30	0.000291224152915465	0.0485204666637975	0.00602930213508643	60	420
NIC272	10	0.000635356451470264	0.105794311010376	0.00602930213508643	60	420
NIC272	5	0.000774766049793125	0.12906685527149	0.00602930213508643	60	420
NIC272	3	0.00123477477870763	0.20350124157	0.00602930213508643	60	420
NIC272	1	0.002116631349442	0.355522163484748	0.00602930213508643	60	420
NIC274	500	0.000106556785282948	0.0292785345308156	0.00865890052243472	50	502
NIC274	100	0.000213447273246942	0.0586151840529223	0.00865890052243472	50	502
NIC274	50	0.000303847027232202	0.0844104232926118	0.00865890052243472	50	502
NIC274	30	0.000348919405421049	0.0899302921855788	0.00865890052243472	50	502
NIC274	10	0.000644391050792945	0.175499150117384	0.00865890052243472	50	502
NIC274	5	0.000759165084030109	0.200462242579175	0.00865890052243472	50	502
NIC274	3	0.001159314437518	0.289807423515146	0.00865890052243472	50	502
NIC274	1	0.00196734642696765	0.397018602969735	0.00865890052243472	50	502
NIC275	500	0.000126693932348794	0.041388724436405	0.00659378000834939	50	532
NIC275	100	0.000221008643019155	0.094271151507382	0.00659378000834939	50	532
NIC275	50	0.000342369881072097	0.0975433039255809	0.00659378000834939	50	532
NIC275	30	0.000513328004426457	0.172819357790684	0.00659378000834939	50	532
NIC275	10	0.000662208955499094	0.192862803382881	0.00659378000834939	50	532
NIC275	5	0.0010403899082868	0.24388100314146	0.00659378000834939	50	532
NIC275	3	0.00120741906592169	0.334030472582746	0.00659378000834939	50	532
NIC275	1	0.00189689855842951	0.45823520638029	0.00659378000834939	50	532
NIC276	500	0.000105829758704414	0.0140496790836947	0.0102230030489521	60	472
NIC276	100	0.000293083032265476	0.0377422641288639	0.0102230030489521	60	472
NIC276	50	0.000406484976708175	0.0508831144819488	0.0102230030489521	60	472
NIC276	30	0.000519149748546147	0.0656788853059366	0.0102230030489521	60	472
NIC276	10	0.000925929838275046	0.118618692698094	0.0102230030489521	60	472
NIC276	5	0.0011623030802523	0.146833335229121	0.0102230030489521	60	472
NIC276	3	0.00129066824835011	0.168805207679245	0.0102230030489521	60	472
NIC276	1	0.00217864643564119	0.281417803486951	0.0102230030489521	60	472
NIC277	500	0.000125669614552801	0.0192581936168075	0.00758115218324319	50	404
NIC277	100	0.000236070894639378	0.0395670061012221	0.00758115218324319	50	404
NIC277	50	0.000352956437398661	0.0517905657050709	0.00758115218324319	50	404
NIC277	30	0.000504913164140589	0.0744545981446905	0.00758115218324319	50	404
NIC277	10	0.00080706834158591	0.120918506408753	0.00758115218324319	50	404
NIC277	5	0.00135608549037141	0.215901427774099	0.00758115218324319	50	404
NIC277	3	0.00147448722178793	0.232660122135811	0.00758115218324319	50	404
NIC277	1	0.00259703162909062	0.415240485236149	0.00758115218324319	50	404
NIC3	500	9.00215127614172e-05	0.0157106871986558	0.00588593061051816	30	518
NIC3	100	0.000211112112254581	0.0357020077506499	0.00588593061051816	30	518
NIC3	50	0.000241358279277487	0.0420606596365434	0.00588593061051816	30	518
NIC3	30	0.000365379694170095	0.0623359445790339	0.00588593061051816	30	518
NIC3	10	0.000749136459727076	0.130282829443211	0.00588593061051816	30	518
NIC3	5	0.000851792743383768	0.144986835533648	0.00588593061051816	30	518
NIC3	3	0.00120776764496195	0.204515960191032	0.00588593061051816	30	518
NIC3	1	0.00214033777431203	0.362764128293515	0.00588593061051816	30	518
NIC501	500	0.000107425163048173	0.105644227189917	0.00460463913229115	30	388
NIC501	100	0.000242537140046267	0.244736419808982	0.00460463913229115	30	388
NIC501	50	0.000309307620142467	0.290535329587646	0.00460463913229115	30	388
NIC501	30	0.000379634136277441	0.341596236948301	0.00460463913229115	30	388
NIC501	10	0.00048262164926799	0.337487224277812	0.00460463913229115	30	388
NIC501	5	0.000748756060520279	0.482289274860691	0.00460463913229115	30	388
NIC501	3	0.000965411747053779	0.846474667115782	0.00460463913229115	30	388
NIC501	1	0.0012447204071034	0.998365170411524	0.00460463913229115	30	388
NIC511	500	0.000117197393711861	0.0759034077388501	0.00170874083835745	20	546
NIC511	100	0.000213969264171827	0.133646215114078	0.00170874083835745	20	546
NIC511	50	0.00036046409763351	0.23160864777887	0.00170874083835745	20	546
NIC511	30	0.000494073811861228	0.297632074600161	0.00170874083835745	20	546
NIC511	10	0.000620220049811301	0.413904624363145	0.00170874083835745	20	546
NIC511	5	0.000818049969653641	0.488897177523329	0.00170874083835745	20	546
NIC511	3	0.000794688003849479	0.487482831214952	0.00170874083835745	20	546
NIC511	1	0.00167636477551504	0.950538857208608	0.00170874083835745	20	546
NIC513	500	0.000111744119113345	0.184769313006275	0.00243539906544554	20	353
NIC513	100	0.000249946199956345	0.486808251578201	0.00243539906544554	20	353
NIC513	50	0.000361041318295068	0.530433869959554	0.00243539906544554	20	353
NIC513	30	0.000397023512461289	0.504079703536943	0.00243539906544554	20	353
NIC513	10	0.000645773752943314	0.795840303308397	0.00243539906544554	20	353
NIC513	5	0.000954162912021759	1.7229232651896	0.00243539906544554	20	353
NIC513	3	0.000936503736136009	0.976653324518806	0.00243539906544554	20	353
NIC513	1	0.00217108855302638	1.83645789962697	0.00243539906544554	20	353
NIC514	500	0.000117400186035086	0.0480970066419982	0.00272165258364065	30	405
NIC514	100	0.000296858713346856	0.114857685634898	0.00272165258364065	30	405
NIC514	50	0.000338937755834879	0.130675598922747	0.00272165258364065	30	405
NIC514	30	0.000421764446658866	0.162689419269873	0.00272165258364065	30	405
NIC514	10	0.000691417843946809	0.263196498323971	0.00272165258364065	30	405
NIC514	5	0.000960613654064947	0.363665693792902	0.00272165258364065	30	405
NIC514	3	0.00165208488228121	0.605738630256256	0.00272165258364065	30	405
NIC514	1	0.00181652676561213	0.682947535374181	0.00272165258364065	30	405
NIC515	500	0.000108668744091484	0.0314402868800896	0.00440244145279129	20	615
NIC515	100	0.00025218894700987	0.0689093059345938	0.00440244145279129	20	615
NIC515	50	0.000220604306475728	0.0668659021741394	0.00440244145279129	20	615
NIC515	30	0.000496479611021938	0.131132905340427	0.00440244145279129	20	615
NIC515	10	0.000805418637280666	0.21512706958877	0.00440244145279129	20	615
NIC515	5	0.000908934052377658	0.261600009407317	0.00440244145279129	20	615
NIC515	3	0.000921147547290881	0.24403197458236	0.00440244145279129	20	615
NIC515	1	0.00181496626047004	0.501296600088888	0.00440244145279129	20	615
NIC522	500	0.000120150971719449	0.0397800014671228	0.00496256457534942	30	433
NIC522	100	0.000316005354537841	0.129094760620511	0.00496256457534942	30	433
NIC522	50	0.000311125735150168	0.116323869405859	0.00496256457534942	30	433
NIC522	30	0.000469300774583238	0.174832552837207	0.00496256457534942	30	433
NIC522	10	0.000843547351014961	0.302085623538562	0.00496256457534942	30	433
NIC522	5	0.000884303681572621	0.266103888222963	0.00496256457534942	30	433
NIC522	3	0.00110521517121107	0.388765440441074	0.00496256457534942	30	433
NIC522	1	0.00208848071396177	0.59430816444134	0.00496256457534942	30	433
NIC523	500	8.30230417460451e-05	0.0443778738923619	0.00656955276452048	20	747
NIC523	100	0.000136670618158411	0.0637001816416604	0.00656955276452048	20	747
NIC523	50	0.000207359773526537	0.095177275144947	0.00656955276452048	20	747
NIC523	30	0.000262980490812685	0.153576813379786	0.00656955276452048	20	747
NIC523	10	0.000562260430571447	0.290128390346805	0.00656955276452048	20	747
NIC523	5	0.000885069580156567	0.478927088389023	0.00656955276452048	20	747
NIC523	3	0.00069493493140618	0.302842231565711	0.00656955276452048	20	747
NIC523	1	0.00134193649994101	0.543855517075233	0.00656955276452048	20	747
NIC526	500	6.9236156092921e-05	0.0197178659385193	0.00459035956025524	30	1162
NIC526	100	0.000146410441579042	0.0442291359912826	0.00459035956025524	30	1162
NIC526	50	0.000239764448975569	0.0676811297550473	0.00459035956025524	30	1162
NIC526	30	0.000316886597321306	0.0993104665815438	0.00459035956025524	30	1162
NIC526	10	0.000618400276736342	0.167022640822497	0.00459035956025524	30	1162
NIC526	5	0.000866603113867647	0.236680973734415	0.00459035956025524	30	1162
NIC526	3	0.00103906028601745	0.267402668629236	0.00459035956025524	30	1162
NIC526	1	0.00181500048303384	0.457884215524811	0.00459035956025524	30	1162
NIC527	500	9.33124146589926e-05	0.0271527739676732	0.00380846240957857	30	752
NIC527	100	0.000194869685929879	0.065102145243163	0.00380846240957857	30	752
NIC527	50	0.000236803816447179	0.0755093158751427	0.00380846240957857	30	752
NIC527	30	0.000354876606983307	0.106345417958154	0.00380846240957857	30	752
NIC527	10	0.000495600452964238	0.153695554266222	0.00380846240957857	30	752
NIC527	5	0.000731054974517011	0.206461203426676	0.00380846240957857	30	752
NIC527	3	0.00102213939842075	0.340143271734313	0.00380846240957857	30	752
NIC527	1	0.00188159424343313	0.565678512950749	0.00380846240957857	30	752
NIC528	500	8.3443991601683e-05	0.0449198543942024	0.00482828350226493	30	686
NIC528	100	0.000223959205848319	0.130622056772282	0.00482828350226493	30	686
NIC528	50	0.000239697429659204	0.130981403983104	0.00482828350226493	30	686
NIC528	30	0.000314675180663006	0.17407873195951	0.00482828350226493	30	686
NIC528	10	0.00053102474562204	0.286888603260066	0.00482828350226493	30	686
NIC528	5	0.000790222258097506	0.399781208302636	0.00482828350226493	30	686
NIC528	3	0.00103809859851556	0.398557874011903	0.00482828350226493	30	686
NIC528	1	0.00145091678364067	0.650874520743803	0.00482828350226493	30	686
NIC529	500	9.2459766364155e-05	0.044679717922892	0.0034145782281653	30	652
NIC529	100	0.000189132961547755	0.0881468100295561	0.0034145782281653	30	652
NIC529	50	0.000338380320202418	0.131486596734075	0.0034145782281653	30	652
NIC529	30	0.000367594047354348	0.142061998008466	0.0034145782281653	30	652
NIC529	10	0.000564166213106625	0.232054079085714	0.0034145782281653	30	652
NIC529	5	0.000811498230047665	0.353518043355216	0.0034145782281653	30	652
NIC529	3	0.00105965783040398	0.416960634250048	0.0034145782281653	30	652
NIC529	1	0.00156988087967987	0.65844270454818	0.0034145782281653	30	652
PB303	500	0.000120592913094639	0.0175415039221351	0.0102168144582955	60	347
PB303	100	0.000316887477043191	0.0442790845148352	0.0102168144582955	60	347
PB303	50	0.000430813328041304	0.0590161402009633	0.0102168144582955	60	347
PB303	30	0.000530325250429272	0.079174359841963	0.0102168144582955	60	347
PB303	10	0.000930638539084671	0.115557140734039	0.0102168144582955	60	347
PB303	5	0.00135211820632004	0.19396797163962	0.0102168144582955	60	347
PB303	3	0.00178422657484644	0.255686598739731	0.0102168144582955	60	347
PB303	1	0.00295488748747437	0.405709066985281	0.0102168144582955	60	347
PB306	500	7.07524101898258e-05	0.0106535968515189	0.00734269659816324	50	3062
PB306	100	0.000137723535298271	0.019959299723006	0.00734269659816324	50	3062
PB306	50	0.000215927811187635	0.0324982668765703	0.00734269659816324	50	3062
PB306	30	0.000240886403861855	0.0344897430485644	0.00734269659816324	50	3062
PB306	10	0.000388889752660415	0.058359022878602	0.00734269659816324	50	3062
PB306	5	0.000693273245003817	0.102369728117395	0.00734269659816324	50	3062
PB306	3	0.000949419026500073	0.139841926882541	0.00734269659816324	50	3062
PB306	1	0.00141886027172013	0.201181422508257	0.00734269659816324	50	3062
PS2025	500	6.74987573174105e-05	0.0107157133951134	0.00758011605731133	60	194
PS2025	100	0.000177390655315086	0.0278248088714654	0.00758011605731133	60	194
PS2025	50	0.000260408090810474	0.0425022289811463	0.00758011605731133	60	194
PS2025	30	0.000340459342295867	0.057004114402879	0.00758011605731133	60	194
PS2025	10	0.000489177296869265	0.082415298012874	0.00758011605731133	60	194
PS2025	5	0.000654055073552761	0.0972008350173611	0.00758011605731133	60	194
PS2025	3	0.000930028740506685	0.132035007596625	0.00758011605731133	60	194
PS2025	1	0.00157031070632282	0.224799930009182	0.00758011605731133	60	194
PX179	500	0.000159849670971039	0.0394952774904487	0.00515502840199826	60	309
PX179	100	0.000362387551703952	0.119938643558776	0.00515502840199826	60	309
PX179	50	0.000535061164106786	0.16022194293997	0.00515502840199826	60	309
PX179	30	0.000556861714364237	0.181396671560844	0.00515502840199826	60	309
PX179	10	0.00115341912168191	0.313872828858251	0.00515502840199826	60	309
PX179	5	0.0014221924095388	0.41275604701835	0.00515502840199826	60	309
PX179	3	0.00176502127786638	0.512824184963837	0.00515502840199826	60	309
PX179	1	0.00239905444947328	0.612690083389346	0.00515502840199826	60	309
QG2075	500	7.18444896589052e-05	0.018736348029083	0.00525255783103518	50	1338
QG2075	100	0.000187664181213887	0.0485995840713666	0.00525255783103518	50	1338
QG2075	50	0.000242632710180786	0.0648343315957581	0.00525255783103518	50	1338
QG2075	30	0.000260140856275261	0.0619590439223859	0.00525255783103518	50	1338
QG2075	10	0.000500223856356592	0.137335273321497	0.00525255783103518	50	1338
QG2075	5	0.000692757943599118	0.191992806008049	0.00525255783103518	50	1338
QG2075	3	0.0006952003392686	0.151971552871128	0.00525255783103518	50	1338
QG2075	1	0.00127825213703379	0.325076847015343	0.00525255783103518	50	1338
QG2811	500	7.77997565959294e-05	0.022177351014648	0.00350807256216232	10	1008
QG2811	100	0.000206673171775714	0.0589135966014123	0.00350807256216232	10	1008
QG2811	50	0.000229773892878411	0.0654986146400523	0.00350807256216232	10	1008
QG2811	30	0.00048454441878336	0.138122689937945	0.00350807256216232	10	1008
QG2811	10	0.000608123780317052	0.173349829440875	0.00350807256216232	10	1008
QG2811	5	0.000862206953745723	0.245777970229405	0.00350807256216232	10	1008
QG2811	3	0.00111248212236506	0.3171206132861	0.00350807256216232	10	1008
QG2811	1	0.00128977900352081	0.367660297974513	0.00350807256216232	10	1008
QG2813	500	8.56547078725226e-05	0.0241594209779754	0.00354539572577541	10	1138
QG2813	100	0.000188163356960821	0.0530725965490547	0.00354539572577541	10	1138
QG2813	50	0.000192251626783351	0.0542257174243375	0.00354539572577541	10	1138
QG2813	30	0.000298747309467567	0.0842634595894732	0.00354539572577541	10	1138
QG2813	10	0.000461339424925033	0.130123535031942	0.00354539572577541	10	1138
QG2813	5	0.000603836668949162	0.170315732192941	0.00354539572577541	10	1138
QG2813	3	0.00121424103079523	0.342483921320142	0.00354539572577541	10	1138
QG2813	1	0.00145093099627247	0.409243737088089	0.00354539572577541	10	1138
QG2818	500	7.42249226013627e-05	0.0366173654280646	0.00202704158897447	10	486
QG2818	100	0.000419223673366138	0.206815526453127	0.00202704158897447	10	486
QG2818	50	0.000809688927163056	0.399443667839444	0.00202704158897447	10	486
QG2818	30	0.000598053660158194	0.295037686158558	0.00202704158897447	10	486
QG2818	10	0.000881334276878145	0.434788453119028	0.00202704158897447	10	486
QG2818	5	0.0011479015262965	0.566294018110035	0.00202704158897447	10	486
QG2818	3	0.00258965134986643	1.27755215480142	0.00202704158897447	10	486
QG2818	1	0.00170857575235223	0.842891315918509	0.00202704158897447	10	486
QG2823	500	0.000153120371632275	0.054764757194476	0.00279596549818575	10	369
QG2823	100	0.000413681054341707	0.147956423142609	0.00279596549818575	10	369
QG2823	50	0.000334271443874561	0.119554924440757	0.00279596549818575	10	369
QG2823	30	0.000498682606308153	0.17835792560092	0.00279596549818575	10	369
QG2823	10	0.000841467591164153	0.300957787823264	0.00279596549818575	10	369
QG2823	5	0.00164600038911672	0.588705543821902	0.00279596549818575	10	369
QG2823	3	0.00217757078916993	0.778826058684528	0.00279596549818575	10	369
QG2823	1	0.00248221340693226	0.887783990375749	0.00279596549818575	10	369
QG2824	500	0.000105168577553591	0.0377029892279406	0.00278939627088384	10	497
QG2824	100	0.000273175402270125	0.0979335224333569	0.00278939627088384	10	497
QG2824	50	0.000386948981415514	0.13872140916461	0.00278939627088384	10	497
QG2824	30	0.000525753158504375	0.188482778152488	0.00278939627088384	10	497
QG2824	10	0.000610571899370305	0.218890340445189	0.00278939627088384	10	497
QG2824	5	0.00148864178904716	0.533678848210215	0.00278939627088384	10	497
QG2824	3	0.00204292830964439	0.732390851371246	0.00278939627088384	10	497
QG2824	1	0.0022642747227339	0.811743654484937	0.00278939627088384	10	497
QG2825	500	8.46078028243669e-05	0.0301497727087853	0.0028062501048213	10	297
QG2825	100	0.000322382632936307	0.114880221254134	0.0028062501048213	10	297
QG2825	50	0.000420434398363591	0.14982071542421	0.0028062501048213	10	297
QG2825	30	0.00058274234497164	0.2076587343268	0.0028062501048213	10	297
QG2825	10	0.00104092007468191	0.370929188704012	0.0028062501048213	10	297
QG2825	5	0.00141499097566738	0.504228391203032	0.0028062501048213	10	297
QG2825	3	0.00112560871080014	0.401107766148955	0.0028062501048213	10	297
QG2825	1	0.00282768057685504	1.00763669353524	0.0028062501048213	10	297
QG2827	500	0.000112272155757424	0.0312419287667967	0.00359363714690831	10	454
QG2827	100	0.000237871724681999	0.0661924715706609	0.00359363714690831	10	454
QG2827	50	0.000421483644817795	0.117286088602576	0.00359363714690831	10	454
QG2827	30	0.00039626556983267	0.110268664763104	0.00359363714690831	10	454
QG2827	10	0.00117494648395672	0.326951897457858	0.00359363714690831	10	454
QG2827	5	0.000423023987963246	0.117714719285775	0.00359363714690831	10	454
QG2827	3	0.0012859496194133	0.357840696443054	0.00359363714690831	10	454
QG2827	1	0.001947939784817	0.54205244023951	0.00359363714690831	10	454
QG2828	500	0.000100412126019578	0.046080704556676	0.00217904927855603	10	58
QG2828	100	0.000299009865931969	0.137220332222184	0.00217904927855603	10	58
QG2828	50	0.000554102344507839	0.254286284372155	0.00217904927855603	10	58
QG2828	30	0.000574470300579523	0.263633459891371	0.00217904927855603	10	58
QG2828	10	0.00121456844845104	0.557384571520972	0.00217904927855603	10	58
QG2828	5	0.000719161728262434	0.33003463269036	0.00217904927855603	10	58
QG2828	3	0.00156125338368267	0.716483743184209	0.00217904927855603	10	58
QG2828	1	0.00194554507364497	0.892841246313715	0.00217904927855603	10	58
QG2832	500	0.000118894001962231	0.0253626094684508	0.00468776693147944	10	274
QG2832	100	0.000395160794970971	0.0842961693162207	0.00468776693147944	10	274
QG2832	50	0.000322544348960947	0.0688055429537222	0.00468776693147944	10	274
QG2832	30	0.000456490321584426	0.0973790566504038	0.00468776693147944	10	274
QG2832	10	0.00086201646030661	0.183886373385582	0.00468776693147944	10	274
QG2832	5	0.00110082497490501	0.234829288869444	0.00468776693147944	10	274
QG2832	3	0.00113101707139757	0.241269902691307	0.00468776693147944	10	274
QG2832	1	0.00282446690035625	0.602518628089058	0.00468776693147944	10	274
QG2835	500	0.000100161581492681	0.0313447768093597	0.00319547917351168	10	454
QG2835	100	0.000175148604774777	0.0548113742147464	0.00319547917351168	10	454
QG2835	50	0.000272365865421438	0.0852347490414469	0.00319547917351168	10	454
QG2835	30	0.000429674356801432	0.134463200499987	0.00319547917351168	10	454
QG2835	10	0.000861112721403298	0.269478433325847	0.00319547917351168	10	454
QG2835	5	0.00103253941317935	0.323125064227734	0.00319547917351168	10	454
QG2835	3	0.000829232120823226	0.259501650862565	0.00319547917351168	10	454
QG2835	1	0.00199350281082093	0.623850979016136	0.00319547917351168	10	454
QG2836	500	0.000100681432643802	0.0220577719270814	0.00456444254554063	10	464
QG2836	100	0.000127049334919322	0.0278345786263532	0.00456444254554063	10	464
QG2836	50	0.000439324056164296	0.0962492246930585	0.00456444254554063	10	464
QG2836	30	0.000342685848282976	0.0750772618701868	0.00456444254554063	10	464
QG2836	10	0.000534625347367219	0.117128289387614	0.00456444254554063	10	464
QG2836	5	0.000914542838443721	0.200362438418074	0.00456444254554063	10	464
QG2836	3	0.00101958874633044	0.223376400547873	0.00456444254554063	10	464
QG2836	1	0.00163907483634784	0.359096389097763	0.00456444254554063	10	464
QG2837	500	7.4283098418332e-05	0.0263143741603408	0.00282290956135625	10	299
QG2837	100	0.00029807120307415	0.105590064646259	0.00282290956135625	10	299
QG2837	50	0.000250267126069045	0.088655736441236	0.00282290956135625	10	299
QG2837	30	0.00047742850334725	0.169126389978244	0.00282290956135625	10	299
QG2837	10	0.000662254669342534	0.234600030553	0.00282290956135625	10	299
QG2837	5	0.000777414134278801	0.27539463003742	0.00282290956135625	10	299
QG2837	3	0.00112109193992277	0.397140579800988	0.00282290956135625	10	299
QG2837	1	0.00198362801117021	0.702689182227001	0.00282290956135625	10	299
QG2838	500	7.92386775735096e-05	0.0127686511456568	0.00620572029649835	10	833
QG2838	100	0.000231502679559204	0.037304723464548	0.00620572029649835	10	833
QG2838	50	0.000314084654951669	0.0506121191328741	0.00620572029649835	10	833
QG2838	30	0.00037006989640367	0.0596336732437789	0.00620572029649835	10	833
QG2838	10	0.000613876557373898	0.0989210805585751	0.00620572029649835	10	833
QG2838	5	0.00062236363323756	0.100288701955958	0.00620572029649835	10	833
QG2838	3	0.000974586676818016	0.157046503911551	0.00620572029649835	10	833
QG2838	1	0.00162056747641589	0.261140914992626	0.00620572029649835	10	833
QG2841	500	8.81233329743669e-05	0.0186104208369566	0.00473516067940665	10	998
QG2841	100	0.000194789910843051	0.0411369167872587	0.00473516067940665	10	998
QG2841	50	0.000291281918004926	0.0615146850816951	0.00473516067940665	10	998
QG2841	30	0.000353616104980567	0.0746787973887462	0.00473516067940665	10	998
QG2841	10	0.000517810139675421	0.109354291170602	0.00473516067940665	10	998
QG2841	5	0.000668752031358082	0.141231116879835	0.00473516067940665	10	998
QG2841	3	0.00104527117238726	0.220746716565115	0.00473516067940665	10	998
QG2841	1	0.00210373950992949	0.444280490644957	0.00473516067940665	10	998
QG2843	500	0.000131892352991719	0.0414967974434133	0.00317837426301567	10	517
QG2843	100	0.00044587193231237	0.140283017484959	0.00317837426301567	10	517
QG2843	50	0.000633251637436817	0.199237592880576	0.00317837426301567	10	517
QG2843	30	0.000819398621723848	0.257804321932306	0.00317837426301567	10	517
QG2843	10	0.00125591524462835	0.395143913428474	0.00317837426301567	10	517
QG2843	5	0.0016425808245412	0.516799057824834	0.00317837426301567	10	517
QG2843	3	0.00198607925013389	0.624872682001105	0.00317837426301567	10	517
QG2843	1	0.00322663887915496	1.0151853155561	0.00317837426301567	10	517
QG2846	500	7.50666131782951e-05	0.0142722222775361	0.00525963033076123	10	1239
QG2846	100	0.000168169925969101	0.0319737159065248	0.00525963033076123	10	1239
QG2846	50	0.000397246772122465	0.0755275080454126	0.00525963033076123	10	1239
QG2846	30	0.000356575583573506	0.0677947994725132	0.00525963033076123	10	1239
QG2846	10	0.000665649658259485	0.126558259116881	0.00525963033076123	10	1239
QG2846	5	0.000949333631386675	0.18049436399255	0.00525963033076123	10	1239
QG2846	3	0.00147110453801747	0.279697325763303	0.00525963033076123	10	1239
QG2846	1	0.0016258142318758	0.309111882325101	0.00525963033076123	10	1239
QG2850	500	0.000168249395240437	0.0423626172805974	0.003971647788568	10	383
QG2850	100	0.000318106010137208	0.0800942145607284	0.003971647788568	10	383
QG2850	50	0.000331483051316606	0.0834623483660226	0.003971647788568	10	383
QG2850	30	0.000771132684066054	0.194159382985995	0.003971647788568	10	383
QG2850	10	0.000919446413989688	0.231502505493117	0.003971647788568	10	383
QG2850	5	0.00205503580236026	0.517426496950582	0.003971647788568	10	383
QG2850	3	0.0014867345537018	0.37433695857453	0.003971647788568	10	383
QG2850	1	0.0030084496625025	0.757481484426195	0.003971647788568	10	383
QG2854	500	0.000142171516906377	0.0294357836588513	0.00482988727441697	10	180
QG2854	100	0.000316606493539545	0.0655515285453042	0.00482988727441697	10	180
QG2854	50	0.000331252615064191	0.0685839226142555	0.00482988727441697	10	180
QG2854	30	0.000620134534664077	0.12839523977067	0.00482988727441697	10	180
QG2854	10	0.00131413634496122	0.272084268285506	0.00482988727441697	10	180
QG2854	5	0.00128589515140878	0.26623709381789	0.00482988727441697	10	180
QG2854	3	0.00198007424889759	0.409962828612106	0.00482988727441697	10	180
QG2854	1	0.00304663834343967	0.630788705893232	0.00482988727441697	10	180
QG2855	500	0.000180602097126012	0.0544948937247699	0.00331411045662654	10	176
QG2855	100	0.000388788618149894	0.117313114103519	0.00331411045662654	10	176
QG2855	50	0.000445233285184073	0.134344733228138	0.00331411045662654	10	176
QG2855	30	0.000670182989267259	0.202221078035354	0.00331411045662654	10	176
QG2855	10	0.00107961742633176	0.325763863474457	0.00331411045662654	10	176
QG2855	5	0.00141136314967611	0.425864849149519	0.00331411045662654	10	176
QG2855	3	0.00101272448487478	0.305579581045599	0.00331411045662654	10	176
QG2855	1	0.00308820625256016	0.931835644278335	0.00331411045662654	10	176
QG2857	500	0.000206969171821403	0.0532036958177202	0.00389012771839188	10	316
QG2857	100	0.000433011312456867	0.111310307476451	0.00389012771839188	10	316
QG2857	50	0.000448826504097176	0.115375775961082	0.00389012771839188	10	316
QG2857	30	0.000675274341755596	0.173586676489569	0.00389012771839188	10	316
QG2857	10	0.00106756776443167	0.274430003771954	0.00389012771839188	10	316
QG2857	5	0.00143715537670903	0.369436553436124	0.00389012771839188	10	316
QG2857	3	0.00170734781114687	0.438892482391983	0.00389012771839188	10	316
QG2857	1	0.00248468244711808	0.638714876987435	0.00389012771839188	10	316
QG2873	500	0.000189323613156778	0.04385482768849	0.00431705294800343	10	163
QG2873	100	0.000288249066274398	0.0667698704987411	0.00431705294800343	10	163
QG2873	50	0.000750489418246163	0.173842995970956	0.00431705294800343	10	163
QG2873	30	0.000772716017331916	0.178991554340163	0.00431705294800343	10	163
QG2873	10	0.00108698872592845	0.251789528416871	0.00431705294800343	10	163
QG2873	5	0.00188119251550978	0.435758499644948	0.00431705294800343	10	163
QG2873	3	0.00129498562427855	0.299969826609947	0.00431705294800343	10	163
QG2873	1	0.00213990976207247	0.495687634098197	0.00431705294800343	10	163
QG2874	500	0.000103940478196496	0.0253502007205906	0.00410018363728659	10	196
QG2874	100	0.000339805097068907	0.0828755800054318	0.00410018363728659	10	196
QG2874	50	0.000460834666871195	0.112393665171584	0.00410018363728659	10	196
QG2874	30	0.000849040841906003	0.207073857420659	0.00410018363728659	10	196
QG2874	10	0.00157455985321319	0.384021788413166	0.00410018363728659	10	196
QG2874	5	0.0014740563967759	0.359509848137289	0.00410018363728659	10	196
QG2874	3	0.002041006679943	0.497784211756353	0.00410018363728659	10	196
QG2874	1	0.00263610679931467	0.642924081580696	0.00410018363728659	10	196
QG2875	500	8.28925311457892e-05	0.0214234942330174	0.00386923488036967	10	745
QG2875	100	0.00011160326976406	0.0288437567670737	0.00386923488036967	10	745
QG2875	50	0.000468291939019382	0.12102959719381	0.00386923488036967	10	745
QG2875	30	0.000288654396704008	0.0746024487085234	0.00386923488036967	10	745
QG2875	10	0.000643732296514451	0.166371987335374	0.00386923488036967	10	745
QG2875	5	0.000714326348568592	0.184616951582	0.00386923488036967	10	745
QG2875	3	0.00101932111479975	0.263442552937588	0.00386923488036967	10	745
QG2875	1	0.00149042606195172	0.385199169353432	0.00386923488036967	10	745
QG2877	500	6.72971683330887e-05	0.0143040188571507	0.00470477346298006	10	412
QG2877	100	0.000237351492509541	0.0504490799349137	0.00470477346298006	10	412
QG2877	50	0.0003611855395586	0.0767700171752416	0.00470477346298006	10	412
QG2877	30	0.000593793939692749	0.126210952422061	0.00470477346298006	10	412
QG2877	10	0.000861377425504284	0.183085845106489	0.00470477346298006	10	412
QG2877	5	0.000942153162010459	0.200254734776048	0.00470477346298006	10	412
QG2877	3	0.00096091005540975	0.204241514064547	0.00470477346298006	10	412
QG2877	1	0.00196585199796614	0.417842009489857	0.00470477346298006	10	412
QG2932	500	0.000112463105145804	0.0187495459643994	0.00599817752170331	10	1084
QG2932	100	0.000218728378867534	0.0364658061679744	0.00599817752170331	10	1084
QG2932	50	0.000278865997126508	0.046491787900155	0.00599817752170331	10	1084
QG2932	30	0.000406783821614807	0.0678179030452057	0.00599817752170331	10	1084
QG2932	10	0.000715958168051865	0.119362617305223	0.00599817752170331	10	1084
QG2932	5	0.00110742603188448	0.18462708512335	0.00599817752170331	10	1084
QG2932	3	0.00128089517879164	0.213547394047101	0.00599817752170331	10	1084
QG2932	1	0.00168034420424205	0.280142459632452	0.00599817752170331	10	1084
QG536	500	0.000101137446993268	0.523529593668236	0.00432196012383257	30	567
QG536	100	0.000225748389728591	0.972536834324873	0.00432196012383257	30	567
QG536	50	0.000214955628864589	0.529781799586855	0.00432196012383257	30	567
QG536	30	0.000350608017420517	1.50471708855807	0.00432196012383257	30	567
QG536	10	0.000635082084491003	1.51047353954905	0.00432196012383257	30	567
QG536	5	0.000778989987693657	2.09352354040444	0.00432196012383257	30	567
QG536	3	0.000954323503356647	3.86697321914748	0.00432196012383257	30	567
QG536	1	0.00173510500299149	7.70114144121246	0.00432196012383257	30	567
QG556	500	6.09653619700522e-05	0.00856474890485516	0.01011961571894	60	859
QG556	100	0.000122288714595805	0.0154818392302261	0.01011961571894	60	859
QG556	50	0.000211329069794082	0.0292867881294248	0.01011961571894	60	859
QG556	30	0.000279155824815893	0.0369355944197194	0.01011961571894	60	859
QG556	10	0.000415320665195595	0.0568365818831515	0.01011961571894	60	859
QG556	5	0.000589336345294072	0.0781971923188077	0.01011961571894	60	859
QG556	3	0.000701297724090931	0.103392733360159	0.01011961571894	60	859
QG556	1	0.00133176758923389	0.179114832795092	0.01011961571894	60	859
QG557	500	9.97058516348781e-05	0.022250364436649	0.00599116164859399	50	285
QG557	100	0.000185625879024635	0.0384073162909377	0.00599116164859399	50	285
QG557	50	0.000277347041195448	0.0564240897189541	0.00599116164859399	50	285
QG557	30	0.000400102682908748	0.0832382671333585	0.00599116164859399	50	285
QG557	10	0.000688851321235181	0.157161372112596	0.00599116164859399	50	285
QG557	5	0.000815326746714785	0.182190981847889	0.00599116164859399	50	285
QG557	3	0.000913295986329009	0.185435243220621	0.00599116164859399	50	285
QG557	1	0.00184969050365636	0.37792694391007	0.00599116164859399	50	285
QW947	500	6.35575683559092e-05	0.0295302485204135	0.00544917309747939	50	729
QW947	100	0.000185950043875191	0.103538974812108	0.00544917309747939	50	729
QW947	50	0.000213798723863856	0.0897653834940501	0.00544917309747939	50	729
QW947	30	0.000264651499738155	0.100188389587989	0.00544917309747939	50	729
QW947	10	0.000513388593373465	0.259522028493282	0.00544917309747939	50	729
QW947	5	0.000739740318571713	0.371213189408888	0.00544917309747939	50	729
QW947	3	0.00100149703403498	0.480136424395767	0.00544917309747939	50	729
QW947	1	0.00151788277678621	0.460571785136093	0.00544917309747939	50	729
QX1211	500	2.62743259364926e-05	0.00947878762474533	0.00276485052622934	20	7918
QX1211	100	8.02233397469628e-05	0.0289822298421264	0.00276485052622934	20	7918
QX1211	50	0.000130251860182089	0.0471462749142652	0.00276485052622934	20	7918
QX1211	30	0.000112689185880905	0.0410342674128767	0.00276485052622934	20	7918
QX1211	10	0.000192332113820105	0.0695769697023591	0.00276485052622934	20	7918
QX1211	5	0.00024178187612266	0.0872290761084954	0.00276485052622934	20	7918
QX1211	3	0.000303828616562798	0.108979486821001	0.00276485052622934	20	7918
QX1211	1	0.000679824556417533	0.245811201221232	0.00276485052622934	20	7918
QX1212	500	8.56235295627539e-05	0.012506230782287	0.00934745254409228	60	483
QX1212	100	0.000184474782414861	0.0289135383212276	0.00934745254409228	60	483
QX1212	50	0.000239546810134195	0.03672042077363	0.00934745254409228	60	483
QX1212	30	0.000245778952968229	0.0388598760871395	0.00934745254409228	60	483
QX1212	10	0.000534923520276356	0.0774077857519998	0.00934745254409228	60	483
QX1212	5	0.000732378618505242	0.101959737082691	0.00934745254409228	60	483
QX1212	3	0.00112852077903454	0.168958836431266	0.00934745254409228	60	483
QX1212	1	0.00147027264480704	0.224643688892851	0.00934745254409228	60	483
QX1233	500	9.25611071159632e-05	0.0236299797459362	0.00561823161141131	60	311
QX1233	100	0.000211027387444411	0.0525990533160534	0.00561823161141131	60	311
QX1233	50	0.00028857714353247	0.0734030725587678	0.00561823161141131	60	311
QX1233	30	0.000329994055672974	0.0726085290003133	0.00561823161141131	60	311
QX1233	10	0.000622928670513342	0.146166784974837	0.00561823161141131	60	311
QX1233	5	0.000991250228779864	0.222982706633583	0.00561823161141131	60	311
QX1233	3	0.000997536339639846	0.20957966481281	0.00561823161141131	60	311
QX1233	1	0.00226943399443314	0.538426050816109	0.00561823161141131	60	311
QX1791	500	3.35581520576275e-05	0.00708613632783709	0.0047796157083725	40	13507
QX1791	100	6.39344027790586e-05	0.0135727883475008	0.0047796157083725	40	13507
QX1791	50	0.000101876326965581	0.021396860849569	0.0047796157083725	40	13507
QX1791	30	0.000108579240359106	0.0236399965062205	0.0047796157083725	40	13507
QX1791	10	0.000210388341534922	0.0449212979815852	0.0047796157083725	40	13507
QX1791	5	0.000339157699338347	0.071369356720782	0.0047796157083725	40	13507
QX1791	3	0.000446551356456677	0.0960193810349194	0.0047796157083725	40	13507
QX1791	1	0.000634038995741564	0.136130353725743	0.0047796157083725	40	13507
QX1792	500	6.04677460224903e-05	0.0162118633644259	0.00435640987231442	60	2384
QX1792	100	0.000132251344754958	0.0374886095787489	0.00435640987231442	60	2384
QX1792	50	0.000161545551582898	0.0433321863340414	0.00435640987231442	60	2384
QX1792	30	0.000203159160128396	0.0551489518318238	0.00435640987231442	60	2384
QX1792	10	0.000401691348047669	0.10803847917905	0.00435640987231442	60	2384
QX1792	5	0.000563046492735184	0.147734764435974	0.00435640987231442	60	2384
QX1792	3	0.000685403546835912	0.181040892654934	0.00435640987231442	60	2384
QX1792	1	0.00110669474808167	0.303752226370752	0.00435640987231442	60	2384
QX1793	500	5.39269672843642e-05	0.00825130057839881	0.00972678053580243	60	2894
QX1793	100	9.36457433194971e-05	0.0128390475611068	0.00972678053580243	60	2894
QX1793	50	0.000156850955893811	0.0222540502827658	0.00972678053580243	60	2894
QX1793	30	0.000198634912936366	0.0278696074748289	0.00972678053580243	60	2894
QX1793	10	0.000347259393597075	0.0533726868387023	0.00972678053580243	60	2894
QX1793	5	0.00046343555170431	0.0697772350608792	0.00972678053580243	60	2894
QX1793	3	0.000612700943660405	0.0907186958503958	0.00972678053580243	60	2894
QX1793	1	0.00104625375110537	0.141570690363266	0.00972678053580243	60	2894
QX1794	500	4.58441665598092e-05	0.0118673480974326	0.00541309081230843	50	2569
QX1794	100	0.00013558523365851	0.0364971105172462	0.00541309081230843	50	2569
QX1794	50	0.000158207281251136	0.0410894320674589	0.00541309081230843	50	2569
QX1794	30	0.000194094629031134	0.0472428056374575	0.00541309081230843	50	2569
QX1794	10	0.000387505766866494	0.11133467184374	0.00541309081230843	50	2569
QX1794	5	0.000488835571171285	0.128461511547832	0.00541309081230843	50	2569
QX1794	3	0.000645480557717316	0.155338073762473	0.00541309081230843	50	2569
QX1794	1	0.0011063221256302	0.298707953744171	0.00541309081230843	50	2569
RC301	500	0.000116679743825137	0.0328141113692512	0.00906769606476245	70	300
RC301	100	0.000286226021965076	0.0668954923556078	0.00906769606476245	70	300
RC301	50	0.000432376101176081	0.101808973451009	0.00906769606476245	70	300
RC301	30	0.000440487989821573	0.0906015834893877	0.00906769606476245	70	300
RC301	10	0.00101985013482834	0.226579256811129	0.00906769606476245	70	300
RC301	5	0.00108511249120513	0.259482998291002	0.00906769606476245	70	300
RC301	3	0.0017104329502053	0.365492630025526	0.00906769606476245	70	300
RC301	1	0.00218628807676514	0.488005556225172	0.00906769606476245	70	300
WN2001	500	5.15791762676701e-05	0.0121535975803466	0.00861257340867939	60	1095
WN2001	100	0.00014695700304928	0.0328312547614443	0.00861257340867939	60	1095
WN2001	50	0.000239778289157409	0.0638011050162173	0.00861257340867939	60	1095
WN2001	30	0.000250719247127366	0.0644819906319621	0.00861257340867939	60	1095
WN2001	10	0.000445100769714708	0.115589247044965	0.00861257340867939	60	1095
WN2001	5	0.000655217684219543	0.147098404691054	0.00861257340867939	60	1095
WN2001	3	0.000851235910103151	0.186253605961271	0.00861257340867939	60	1095
WN2001	1	0.00140559617770883	0.327714324692004	0.00861257340867939	60	1095
WN2002	500	9.00594789008589e-05	0.019975007940322	0.00727814371332862	50	665
WN2002	100	0.000159456382077545	0.0385396464651504	0.00727814371332862	50	665
WN2002	50	0.000264090400779568	0.0562639066832165	0.00727814371332862	50	665
WN2002	30	0.000325182619172051	0.0731915002160903	0.00727814371332862	50	665
WN2002	10	0.000400125293042589	0.0878552800898808	0.00727814371332862	50	665
WN2002	5	0.000735306267319235	0.166959082742827	0.00727814371332862	50	665
WN2002	3	0.000914810223495633	0.210650600571075	0.00727814371332862	50	665
WN2002	1	0.00172814642968883	0.332717676478432	0.00727814371332862	50	665
WN2033	500	0.000106516017500807	0.0422601957281311	0.00443699941083136	20	459
WN2033	100	0.000278839034230532	0.140817197553297	0.00443699941083136	20	459
WN2033	50	0.000347454458122959	0.148563132270279	0.00443699941083136	20	459
WN2033	30	0.000441162674147191	0.252212015680365	0.00443699941083136	20	459
WN2033	10	0.000739731226099718	0.316314343968443	0.00443699941083136	20	459
WN2033	5	0.000958846473508715	0.424844732836776	0.00443699941083136	20	459
WN2033	3	0.000884064557968226	0.469019113791886	0.00443699941083136	20	459
WN2033	1	0.00133717012271706	0.649151126848076	0.00443699941083136	20	459
WN2050	500	0.000100660023920796	0.0214651990373463	0.00581360738077155	20	382
WN2050	100	0.000141720216460837	0.0329742193134069	0.00581360738077155	20	382
WN2050	50	0.000291655385921598	0.0676610291827388	0.00581360738077155	20	382
WN2050	30	0.00030503227635926	0.0733036513399626	0.00581360738077155	20	382
WN2050	10	0.000518805890477049	0.11068485821673	0.00581360738077155	20	382
WN2050	5	0.000830142322732235	0.188686996660279	0.00581360738077155	20	382
WN2050	3	0.00117562165088659	0.278522707842741	0.00581360738077155	20	382
WN2050	1	0.00217944242774772	0.452327623087418	0.00581360738077155	20	382
WN2063	500	0.000114543260586382	0.0152023439780135	0.00753457892756808	10	563
WN2063	100	0.000316084308746935	0.0419511576938191	0.00753457892756808	10	563
WN2063	50	0.000327293148077175	0.0434388107449045	0.00753457892756808	10	563
WN2063	30	0.000534473307346975	0.0709360552839129	0.00753457892756808	10	563
WN2063	10	0.000916237875444155	0.121604390139408	0.00753457892756808	10	563
WN2063	5	0.00102037904807506	0.135426154252844	0.00753457892756808	10	563
WN2063	3	0.000984551478778041	0.13067106844892	0.00753457892756808	10	563
WN2063	1	0.00286538442529144	0.380297884306097	0.00753457892756808	10	563
WN2064	500	0.000157966448159171	0.0711619012309003	0.00221981770338898	10	335
WN2064	100	0.000373850086615697	0.168414769395227	0.00221981770338898	10	335
WN2064	50	0.000424374075439843	0.191175191905152	0.00221981770338898	10	335
WN2064	30	0.000862838666202805	0.388697984021622	0.00221981770338898	10	335
WN2064	10	0.00100240728076826	0.45157189224948	0.00221981770338898	10	335
WN2064	5	0.00164695966159534	0.741934645840935	0.00221981770338898	10	335
WN2064	3	0.00147748829481444	0.665589923244043	0.00221981770338898	10	335
WN2064	1	0.00175552543149619	0.790842161865834	0.00221981770338898	10	335
WN2066	500	0.000177053704321426	0.0416836864394028	0.00424755388607042	10	356
WN2066	100	0.00029172166187703	0.0686799201850533	0.00424755388607042	10	356
WN2066	50	0.000513545922383912	0.12090392168256	0.00424755388607042	10	356
WN2066	30	0.000721515745670218	0.169866178281194	0.00424755388607042	10	356
WN2066	10	0.000555010874969006	0.13066599973908	0.00424755388607042	10	356
WN2066	5	0.00131545490584365	0.309697049437702	0.00424755388607042	10	356
WN2066	3	0.0017741074228927	0.417677437527226	0.00424755388607042	10	356
WN2066	1	0.00221304663740356	0.521016730278833	0.00424755388607042	10	356
XZ1513	500	5.47130092158299e-05	0.0222207580796375	0.00363232259758563	30	1572
XZ1513	100	0.000126674202595463	0.0527280826923269	0.00363232259758563	30	1572
XZ1513	50	0.000187543202381802	0.0752296805617748	0.00363232259758563	30	1572
XZ1513	30	0.000230690681940643	0.0832686974340511	0.00363232259758563	30	1572
XZ1513	10	0.000413139553064007	0.156750776537535	0.00363232259758563	30	1572
XZ1513	5	0.000515454974599755	0.207263822941977	0.00363232259758563	30	1572
XZ1513	3	0.00071347052002347	0.276940086227172	0.00363232259758563	30	1572
XZ1513	1	0.00136359880229301	0.529298945234982	0.00363232259758563	30	1572
XZ1514	500	2.05013881224249e-05	0.0171506818731409	0.00119536868994879	10	21650
XZ1514	100	4.19201264957804e-05	0.0350687840900169	0.00119536868994879	10	21650
XZ1514	50	5.81761635199392e-05	0.0486679666358264	0.00119536868994879	10	21650
XZ1514	30	5.70643100665764e-05	0.0477378323076381	0.00119536868994879	10	21650
XZ1514	10	7.82706143023992e-05	0.0654782202014613	0.00119536868994879	10	21650
XZ1514	5	7.5464959252093e-05	0.0631311158529056	0.00119536868994879	10	21650
XZ1514	3	0.00018290144900577	0.153008398616836	0.00119536868994879	10	21650
XZ1514	1	0.000550346058838431	0.460398589544794	0.00119536868994879	10	21650
XZ1515	500	0.000140943201553472	0.10191480802583	0.00138295115580995	10	244
XZ1515	100	0.000210365929352208	0.152113781074938	0.00138295115580995	10	244
XZ1515	50	0.000395198514025186	0.285764621812496	0.00138295115580995	10	244
XZ1515	30	0.000248474400332168	0.17966968629969	0.00138295115580995	10	244
XZ1515	10	0.000446871522175593	0.32312892635306	0.00138295115580995	10	244
XZ1515	5	0.000737541118461164	0.53330959330173	0.00138295115580995	10	244
XZ1515	3	0.00101359413864197	0.732921140695192	0.00138295115580995	10	244
XZ1515	1	0.00137987993867413	0.997779229495614	0.00138295115580995	10	244
XZ1516	500	9.02041655206689e-06	0.00370163469605034	0.00281283209223708	30	138936
XZ1516	100	1.72949734606026e-05	0.00674149630503191	0.00281283209223708	30	138936
XZ1516	50	3.12697001146057e-05	0.0122365584054164	0.00281283209223708	30	138936
XZ1516	30	4.28982789745259e-05	0.0174043396704996	0.00281283209223708	30	138936
XZ1516	10	7.19044211314882e-05	0.0287443606397326	0.00281283209223708	30	138936
XZ1516	5	0.000114009849179631	0.0422857331107599	0.00281283209223708	30	138936
XZ1516	3	0.000119715995168568	0.0503769066935023	0.00281283209223708	30	138936
XZ1516	1	0.000173590213364299	0.069638928504587	0.00281283209223708	30	138936
XZ1672	500	8.76926920743614e-05	0.0268412011028038	0.00326709269598226	10	622
XZ1672	100	0.00031312364797518	0.0958416785542226	0.00326709269598226	10	622
XZ1672	50	0.000352666844633153	0.107945160254207	0.00326709269598226	10	622
XZ1672	30	0.00043818114027395	0.134119592264036	0.00326709269598226	10	622
XZ1672	10	0.000705111190875035	0.215822217637765	0.00326709269598226	10	622
XZ1672	5	0.00118775167664304	0.363550038878202	0.00326709269598226	10	622
XZ1672	3	0.00182830918383647	0.559613501656949	0.00326709269598226	10	622
XZ1672	1	0.0019861155361492	0.607915269313187	0.00326709269598226	10	622
XZ1734	500	7.61772770078916e-05	0.0241668583928162	0.0031521381790583	10	778
XZ1734	100	0.000121391071460146	0.0385107075148626	0.0031521381790583	10	778
XZ1734	50	0.00038805008092409	0.123106938490882	0.0031521381790583	10	778
XZ1734	30	0.000675531585065534	0.214309001284756	0.0031521381790583	10	778
XZ1734	10	0.000368482007148455	0.116899065401548	0.0031521381790583	10	778
XZ1734	5	0.00105920785528977	0.336028370306472	0.0031521381790583	10	778
XZ1734	3	0.00146226649915813	0.463896699983811	0.0031521381790583	10	778
XZ1734	1	0.00160799459908776	0.510128207503945	0.0031521381790583	10	778
XZ1735	500	0.000114394237006255	0.0560824926664898	0.0020397495112518	10	708
XZ1735	100	0.000184635070571989	0.0905185021756309	0.0020397495112518	10	708
XZ1735	50	0.000256151725520648	0.125579991125207	0.0020397495112518	10	708
XZ1735	30	0.000249411575997317	0.122275590518098	0.0020397495112518	10	708
XZ1735	10	0.00050006300510819	0.245159026806825	0.0020397495112518	10	708
XZ1735	5	0.000795914899686726	0.390202274983397	0.0020397495112518	10	708
XZ1735	3	0.000704980461419702	0.345621095889883	0.0020397495112518	10	708
XZ1735	1	0.00222449522878867	1.09057274754462	0.0020397495112518	10	708
XZ1756	500	7.27738577201494e-05	0.048065404170991	0.00151405899888533	10	514
XZ1756	100	0.000164525350010238	0.108665085132986	0.00151405899888533	10	514
XZ1756	50	0.000337711856114906	0.223050658107467	0.00151405899888533	10	514
XZ1756	30	0.000365630293001021	0.24149012242601	0.00151405899888533	10	514
XZ1756	10	0.000604328095343965	0.399144350245849	0.00151405899888533	10	514
XZ1756	5	0.000950362513797277	0.627691863062764	0.00151405899888533	10	514
XZ1756	3	0.000908813022684391	0.600249411253769	0.00151405899888533	10	514
XZ1756	1	0.00131708047098612	0.869900361845718	0.00151405899888533	10	514
XZ2018	500	0.000192297323769296	0.107482223854502	0.00178910816015128	10	461
XZ2018	100	0.000239313656083534	0.133761424498393	0.00178910816015128	10	461
XZ2018	50	0.000542163505553439	0.303035622791858	0.00178910816015128	10	461
XZ2018	30	0.000467840125302653	0.261493483581839	0.00178910816015128	10	461
XZ2018	10	0.000983149165292898	0.54951913315837	0.00178910816015128	10	461
XZ2018	5	0.00118938085270078	0.664789798175315	0.00178910816015128	10	461
XZ2018	3	0.000909282547751042	0.508232295846304	0.00178910816015128	10	461
XZ2018	1	0.00142822381747136	0.798288135553861	0.00178910816015128	10	461
XZ2019	500	4.65185984204461e-05	0.024504482156554	0.0018983710050777	10	8575
XZ2019	100	9.45375583805416e-05	0.049799305893145	0.0018983710050777	10	8575
XZ2019	50	0.000151802355399313	0.0799645353796896	0.0018983710050777	10	8575
XZ2019	30	0.000302829351712576	0.159520636852637	0.0018983710050777	10	8575
XZ2019	10	0.000412631575340393	0.217360871103014	0.0018983710050777	10	8575
XZ2019	5	0.0005054078921417	0.266232412310266	0.0018983710050777	10	8575
XZ2019	3	0.000464838346395625	0.244861697293253	0.0018983710050777	10	8575
XZ2019	1	0.00106468326785063	0.560840460059099	0.0018983710050777	10	8575
XZ2020	500	7.96149911407271e-05	0.0233818461329199	0.00340499166268292	10	1545
XZ2020	100	0.000322743722908326	0.0947854664213844	0.00340499166268292	10	1545
XZ2020	50	0.000313272732572061	0.0920039646514793	0.00340499166268292	10	1545
XZ2020	30	0.000371385936686888	0.109071026739096	0.00340499166268292	10	1545
XZ2020	10	0.000516925285563699	0.151813965135055	0.00340499166268292	10	1545
XZ2020	5	0.000583054051510697	0.17123508932509	0.00340499166268292	10	1545
XZ2020	3	0.000869162752085803	0.255261345163164	0.00340499166268292	10	1545
XZ2020	1	0.000881780972894575	0.258967145957646	0.00340499166268292	10	1545
