sample,sample_info,time,rnai,replicate,depth_cutoff,strain,frq,t0_frq,ctrl_frq,delta_t0,delta_ctrl,log2fc_t0,log2fc_ctrl
A10,T2_pos-1_1,T2,pos-1,1,3,AB1,0.000877552207239029,0.00637221707300204,0.0083556948736834,-0.00549466486576301,-0.00747814266644437,-2.8602385521458,-3.25120294849211
A11,T2_pos-1_2,T2,pos-1,2,3,AB1,0.00310716912489236,0.00637221707300204,0.0083556948736834,-0.00326504794810967,-0.00524852574879103,-1.03619464361626,-1.42715903996256
A12,T2_pos-1_3,T2,pos-1,3,3,AB1,1.90909267024002e-05,0.00637221707300204,0.0083556948736834,-0.00635312614629963,-0.008336603946981,-8.38276446862096,-8.77372886496726
A13,T2_pos-1_4,T2,pos-1,4,3,AB1,0,0.00637221707300204,0.0083556948736834,-0.00637221707300204,-0.0083556948736834,-67.7998338295785,-68.1907982259248
A6,T2_ctrl_A,T2,ctrl,A,3,AB1,0.00666010452937782,0.00637221707300204,0.0083556948736834,0.000287887456375781,-0.00169559034430558,0.0637494064814493,-0.327214989864853
A7,T2_ctrl_B,T2,ctrl,B,3,AB1,0.010051285217989,0.00637221707300204,0.0083556948736834,0.00367906814498695,0.00169559034430558,0.65751266589832,0.266548269552018
A10,T2_pos-1_1,T2,pos-1,1,5,AB1,0,0.00499363954997598,0.00675466481939609,-0.00499363954997598,-0.00675466481939609,-67.4481301043566,-67.8839225974756
A11,T2_pos-1_2,T2,pos-1,2,5,AB1,0.00186684748257048,0.00499363954997598,0.00675466481939609,-0.0031267920674055,-0.00488781733682561,-1.41948762136862,-1.85528011448759
A12,T2_pos-1_3,T2,pos-1,3,5,AB1,0,0.00499363954997598,0.00675466481939609,-0.00499363954997598,-0.00675466481939609,-67.4481301043566,-67.8839225974756
A13,T2_pos-1_4,T2,pos-1,4,5,AB1,0,0.00499363954997598,0.00675466481939609,-0.00499363954997598,-0.00675466481939609,-67.4481301043566,-67.8839225974756
A6,T2_ctrl_A,T2,ctrl,A,5,AB1,0.00506864590747197,0.00499363954997598,0.00675466481939609,7.50063574959901e-05,-0.00168601891192412,0.0215086929862806,-0.414283800132692
A7,T2_ctrl_B,T2,ctrl,B,5,AB1,0.00844068373132022,0.00499363954997598,0.00675466481939609,0.00344704418134424,0.00168601891192412,0.757268179445797,0.321475686326825
A10,T2_pos-1_1,T2,pos-1,1,10,AB1,0,0.00321663873811838,0.00493569677037635,-0.00321663873811838,-0.00493569677037635,-66.8135923311729,-67.4312921794471
A11,T2_pos-1_2,T2,pos-1,2,10,AB1,0.000841183423806115,0.00321663873811838,0.00493569677037635,-0.00237545531431227,-0.00409451334657024,-1.93506158947747,-2.55276143775168
A12,T2_pos-1_3,T2,pos-1,3,10,AB1,0,0.00321663873811838,0.00493569677037635,-0.00321663873811838,-0.00493569677037635,-66.8135923311729,-67.4312921794471
A13,T2_pos-1_4,T2,pos-1,4,10,AB1,0,0.00321663873811838,0.00493569677037635,-0.00321663873811838,-0.00493569677037635,-66.8135923311729,-67.4312921794471
A6,T2_ctrl_A,T2,ctrl,A,10,AB1,0.00354177201717189,0.00321663873811838,0.00493569677037635,0.000325133279053504,-0.00139392475320446,0.138917433743776,-0.47878241453043
A7,T2_ctrl_B,T2,ctrl,B,10,AB1,0.00632962152358082,0.00321663873811838,0.00493569677037635,0.00311298278546243,0.00139392475320447,0.976565321557481,0.358865473283274
A10,T2_pos-1_1,T2,pos-1,1,3,BRC20263,0,0.00635387964998472,0.000277120840564997,-0.00635387964998472,-0.000277120840564997,-67.7956761796509,-63.2766255319855
A11,T2_pos-1_2,T2,pos-1,2,3,BRC20263,0,0.00635387964998472,0.000277120840564997,-0.00635387964998472,-0.000277120840564997,-67.7956761796509,-63.2766255319855
A12,T2_pos-1_3,T2,pos-1,3,3,BRC20263,0,0.00635387964998472,0.000277120840564997,-0.00635387964998472,-0.000277120840564997,-67.7956761796509,-63.2766255319855
A13,T2_pos-1_4,T2,pos-1,4,3,BRC20263,0,0.00635387964998472,0.000277120840564997,-0.00635387964998472,-0.000277120840564997,-67.7956761796509,-63.2766255319855
A6,T2_ctrl_A,T2,ctrl,A,3,BRC20263,0,0.00635387964998472,0.000277120840564997,-0.00635387964998472,-0.000277120840564997,-67.7956761796509,-63.2766255319855
A7,T2_ctrl_B,T2,ctrl,B,3,BRC20263,0.000554241681129993,0.00635387964998472,0.000277120840564997,-0.00579963796885472,0.000277120840564997,-3.51905064766543,1
A10,T2_pos-1_1,T2,pos-1,1,5,BRC20263,0,0.00633229246013614,1.61657211518907e-05,-0.00633229246013614,-1.61657211518907e-05,-67.790766304311,-59.1771200933632
A11,T2_pos-1_2,T2,pos-1,2,5,BRC20263,0,0.00633229246013614,1.61657211518907e-05,-0.00633229246013614,-1.61657211518907e-05,-67.790766304311,-59.1771200933632
A12,T2_pos-1_3,T2,pos-1,3,5,BRC20263,0,0.00633229246013614,1.61657211518907e-05,-0.00633229246013614,-1.61657211518907e-05,-67.790766304311,-59.1771200933632
A13,T2_pos-1_4,T2,pos-1,4,5,BRC20263,0,0.00633229246013614,1.61657211518907e-05,-0.00633229246013614,-1.61657211518907e-05,-67.790766304311,-59.1771200933632
A6,T2_ctrl_A,T2,ctrl,A,5,BRC20263,0,0.00633229246013614,1.61657211518907e-05,-0.00633229246013614,-1.61657211518907e-05,-67.790766304311,-59.1771200933632
A7,T2_ctrl_B,T2,ctrl,B,5,BRC20263,3.23314423037813e-05,0.00633229246013614,1.61657211518907e-05,-0.00629996101783236,1.61657211518907e-05,-7.61364621094778,1
A10,T2_pos-1_1,T2,pos-1,1,10,BRC20263,0,0.00841253393499509,0.000387732588447513,-0.00841253393499509,-0.000387732588447513,-68.200578835062,-63.7611723177384
A11,T2_pos-1_2,T2,pos-1,2,10,BRC20263,3.86762622612821e-05,0.00841253393499509,0.000387732588447513,-0.00837385767273381,-0.000349056326186231,-7.7649482320531,-3.3255417147295
A12,T2_pos-1_3,T2,pos-1,3,10,BRC20263,0,0.00841253393499509,0.000387732588447513,-0.00841253393499509,-0.000387732588447513,-68.200578835062,-63.7611723177384
A13,T2_pos-1_4,T2,pos-1,4,10,BRC20263,0,0.00841253393499509,0.000387732588447513,-0.00841253393499509,-0.000387732588447513,-68.200578835062,-63.7611723177384
A6,T2_ctrl_A,T2,ctrl,A,10,BRC20263,0,0.00841253393499509,0.000387732588447513,-0.00841253393499509,-0.000387732588447513,-68.200578835062,-63.7611723177384
A7,T2_ctrl_B,T2,ctrl,B,10,BRC20263,0.000775465176895027,0.00841253393499509,0.000387732588447513,-0.00763706875810007,0.000387732588447513,-3.4394065173236,1
A10,T2_pos-1_1,T2,pos-1,1,3,CB4852,0,0,0,0,0,0,0
A11,T2_pos-1_2,T2,pos-1,2,3,CB4852,0,0,0,0,0,0,0
A12,T2_pos-1_3,T2,pos-1,3,3,CB4852,0,0,0,0,0,0,0
A13,T2_pos-1_4,T2,pos-1,4,3,CB4852,0,0,0,0,0,0,0
A6,T2_ctrl_A,T2,ctrl,A,3,CB4852,0,0,0,0,0,0,0
A7,T2_ctrl_B,T2,ctrl,B,3,CB4852,0,0,0,0,0,0,0
A10,T2_pos-1_1,T2,pos-1,1,5,CB4852,0,0,0,0,0,0,0
A11,T2_pos-1_2,T2,pos-1,2,5,CB4852,0,0,0,0,0,0,0
A12,T2_pos-1_3,T2,pos-1,3,5,CB4852,0,0,0,0,0,0,0
A13,T2_pos-1_4,T2,pos-1,4,5,CB4852,0,0,0,0,0,0,0
A6,T2_ctrl_A,T2,ctrl,A,5,CB4852,0,0,0,0,0,0,0
A7,T2_ctrl_B,T2,ctrl,B,5,CB4852,0,0,0,0,0,0,0
A10,T2_pos-1_1,T2,pos-1,1,10,CB4852,0,0,0,0,0,0,0
A11,T2_pos-1_2,T2,pos-1,2,10,CB4852,0,0,0,0,0,0,0
A12,T2_pos-1_3,T2,pos-1,3,10,CB4852,0,0,0,0,0,0,0
A13,T2_pos-1_4,T2,pos-1,4,10,CB4852,0,0,0,0,0,0,0
A6,T2_ctrl_A,T2,ctrl,A,10,CB4852,0,0,0,0,0,0,0
A7,T2_ctrl_B,T2,ctrl,B,10,CB4852,0,0,0,0,0,0,0
A10,T2_pos-1_1,T2,pos-1,1,3,CB4853,0,0.00187074131342978,0,-0.00187074131342978,0,-66.0316484918401,0
A11,T2_pos-1_2,T2,pos-1,2,3,CB4853,0,0.00187074131342978,0,-0.00187074131342978,0,-66.0316484918401,0
A12,T2_pos-1_3,T2,pos-1,3,3,CB4853,0,0.00187074131342978,0,-0.00187074131342978,0,-66.0316484918401,0
A13,T2_pos-1_4,T2,pos-1,4,3,CB4853,0,0.00187074131342978,0,-0.00187074131342978,0,-66.0316484918401,0
A6,T2_ctrl_A,T2,ctrl,A,3,CB4853,0,0.00187074131342978,0,-0.00187074131342978,0,-66.0316484918401,0
A7,T2_ctrl_B,T2,ctrl,B,3,CB4853,0,0.00187074131342978,0,-0.00187074131342978,0,-66.0316484918401,0
A10,T2_pos-1_1,T2,pos-1,1,5,CB4853,0,0.00118700087372639,0,-0.00118700087372639,0,-65.3753594126133,0
A11,T2_pos-1_2,T2,pos-1,2,5,CB4853,0,0.00118700087372639,0,-0.00118700087372639,0,-65.3753594126133,0
A12,T2_pos-1_3,T2,pos-1,3,5,CB4853,0,0.00118700087372639,0,-0.00118700087372639,0,-65.3753594126133,0
A13,T2_pos-1_4,T2,pos-1,4,5,CB4853,0,0.00118700087372639,0,-0.00118700087372639,0,-65.3753594126133,0
A6,T2_ctrl_A,T2,ctrl,A,5,CB4853,0,0.00118700087372639,0,-0.00118700087372639,0,-65.3753594126133,0
A7,T2_ctrl_B,T2,ctrl,B,5,CB4853,0,0.00118700087372639,0,-0.00118700087372639,0,-65.3753594126133,0
A10,T2_pos-1_1,T2,pos-1,1,10,CB4853,0,0,0,0,0,0,0
A11,T2_pos-1_2,T2,pos-1,2,10,CB4853,0,0,0,0,0,0,0
A12,T2_pos-1_3,T2,pos-1,3,10,CB4853,0,0,0,0,0,0,0
A13,T2_pos-1_4,T2,pos-1,4,10,CB4853,0,0,0,0,0,0,0
A6,T2_ctrl_A,T2,ctrl,A,10,CB4853,0,0,0,0,0,0,0
A7,T2_ctrl_B,T2,ctrl,B,10,CB4853,0,0,0,0,0,0,0
A10,T2_pos-1_1,T2,pos-1,1,3,CB4854,0.00541158514526905,0.0236898005400075,0.0248350466090676,-0.0182782153947385,-0.0194234614637985,-2.13014290066456,-2.19825430338197
A11,T2_pos-1_2,T2,pos-1,2,3,CB4854,0.00244813015743705,0.0236898005400075,0.0248350466090676,-0.0212416703825705,-0.0223869164516305,-3.27451388403737,-3.34262528675478
A12,T2_pos-1_3,T2,pos-1,3,3,CB4854,0.012913326568084,0.0236898005400075,0.0248350466090676,-0.0107764739719235,-0.0119217200409835,-0.875405354235006,-0.943516756952418
A13,T2_pos-1_4,T2,pos-1,4,3,CB4854,0.0148120417573928,0.0236898005400075,0.0248350466090676,-0.00887775878261473,-0.0100230048516748,-0.677495529827931,-0.745606932545343
A6,T2_ctrl_A,T2,ctrl,A,3,CB4854,0.0249978763023536,0.0236898005400075,0.0248350466090676,0.00130807576234607,0.000162829693286029,0.0775394841271742,0.00942808140976251
A7,T2_ctrl_B,T2,ctrl,B,3,CB4854,0.0246722169157815,0.0236898005400075,0.0248350466090676,0.000982416375774013,-0.000162829693286029,0.0586213028267211,-0.00949009989069064
A10,T2_pos-1_1,T2,pos-1,1,5,CB4854,0.00530233150528911,0.0234756442441229,0.0248070266234378,-0.0181733127388338,-0.0195046951181487,-2.14646597403616,-2.2260500474056
A11,T2_pos-1_2,T2,pos-1,2,5,CB4854,0.00223047165890434,0.0234756442441229,0.0248070266234378,-0.0212451725852186,-0.0225765549645334,-3.39574402843644,-3.47532810180588
A12,T2_pos-1_3,T2,pos-1,3,5,CB4854,0.0127369217147209,0.0234756442441229,0.0248070266234378,-0.010738722529402,-0.0120701049087168,-0.882148104191749,-0.961732177561185
A13,T2_pos-1_4,T2,pos-1,4,5,CB4854,0.0141913142908045,0.0234756442441229,0.0248070266234378,-0.00928432995331839,-0.0106157123326332,-0.726156543478816,-0.805740616848252
A6,T2_ctrl_A,T2,ctrl,A,5,CB4854,0.0249647260487326,0.0234756442441229,0.0248070266234378,0.00148908180460968,0.000157699425294838,0.0887263248655992,0.0091422514961633
A7,T2_ctrl_B,T2,ctrl,B,5,CB4854,0.0246493271981429,0.0234756442441229,0.0248070266234378,0.00117368295402,-0.000157699425294842,0.0703835184425859,-0.00920055492684992
A10,T2_pos-1_1,T2,pos-1,1,10,CB4854,0.00544688488101349,0.023074204913154,0.0240404190681607,-0.0176273200321405,-0.0185935341871472,-2.08277765509994,-2.1419587635641
A11,T2_pos-1_2,T2,pos-1,2,10,CB4854,0.00214733983917561,0.023074204913154,0.0240404190681607,-0.0209268650739784,-0.0218930792289851,-3.42565850051516,-3.48483960897931
A12,T2_pos-1_3,T2,pos-1,3,10,CB4854,0.0121608083410618,0.023074204913154,0.0240404190681607,-0.0109133965720922,-0.0118796107270989,-0.924041807251173,-0.983222915715327
A13,T2_pos-1_4,T2,pos-1,4,10,CB4854,0.0139409487277894,0.023074204913154,0.0240404190681607,-0.00913325618536456,-0.0100994703403713,-0.726952191869804,-0.786133300333958
A6,T2_ctrl_A,T2,ctrl,A,10,CB4854,0.0244726678870145,0.023074204913154,0.0240404190681607,0.00139846297386054,0.000432248818853811,0.0848904487403229,0.0257093402761691
A7,T2_ctrl_B,T2,ctrl,B,10,CB4854,0.0236081702493069,0.023074204913154,0.0240404190681607,0.000533965336152919,-0.000432248818853814,0.0330052932548878,-0.026175815209266
A10,T2_pos-1_1,T2,pos-1,1,3,CB4855,0,0.00146010287944513,4.39690012131941e-05,-0.00146010287944513,-4.39690012131941e-05,-65.674108441264,-60.6206689870105
A11,T2_pos-1_2,T2,pos-1,2,3,CB4855,0,0.00146010287944513,4.39690012131941e-05,-0.00146010287944513,-4.39690012131941e-05,-65.674108441264,-60.6206689870105
A12,T2_pos-1_3,T2,pos-1,3,3,CB4855,0,0.00146010287944513,4.39690012131941e-05,-0.00146010287944513,-4.39690012131941e-05,-65.674108441264,-60.6206689870105
A13,T2_pos-1_4,T2,pos-1,4,3,CB4855,0,0.00146010287944513,4.39690012131941e-05,-0.00146010287944513,-4.39690012131941e-05,-65.674108441264,-60.6206689870105
A6,T2_ctrl_A,T2,ctrl,A,3,CB4855,8.79380024263882e-05,0.00146010287944513,4.39690012131941e-05,-0.00137216487701874,4.39690012131941e-05,-4.05343945425354,1
A7,T2_ctrl_B,T2,ctrl,B,3,CB4855,0,0.00146010287944513,4.39690012131941e-05,-0.00146010287944513,-4.39690012131941e-05,-65.674108441264,-60.6206689870105
A10,T2_pos-1_1,T2,pos-1,1,5,CB4855,0,0.00117410625217357,0.000100192690875238,-0.00117410625217357,-0.000100192690875238,-65.3596013884942,-61.8088875875982
A11,T2_pos-1_2,T2,pos-1,2,5,CB4855,0,0.00117410625217357,0.000100192690875238,-0.00117410625217357,-0.000100192690875238,-65.3596013884942,-61.8088875875982
A12,T2_pos-1_3,T2,pos-1,3,5,CB4855,0,0.00117410625217357,0.000100192690875238,-0.00117410625217357,-0.000100192690875238,-65.3596013884942,-61.8088875875982
A13,T2_pos-1_4,T2,pos-1,4,5,CB4855,0,0.00117410625217357,0.000100192690875238,-0.00117410625217357,-0.000100192690875238,-65.3596013884942,-61.8088875875982
A6,T2_ctrl_A,T2,ctrl,A,5,CB4855,0.000200385381750475,0.00117410625217357,0.000100192690875238,-0.000973720870423095,0.000100192690875238,-2.55071380089599,1
A7,T2_ctrl_B,T2,ctrl,B,5,CB4855,0,0.00117410625217357,0.000100192690875238,-0.00117410625217357,-0.000100192690875238,-65.3596013884942,-61.8088875875982
A10,T2_pos-1_1,T2,pos-1,1,10,CB4855,0,0.00166577483815726,0.000512745936803812,-0.00166577483815726,-0.000512745936803812,-65.8642318213047,-64.1643544750878
A11,T2_pos-1_2,T2,pos-1,2,10,CB4855,0,0.00166577483815726,0.000512745936803812,-0.00166577483815726,-0.000512745936803812,-65.8642318213047,-64.1643544750878
A12,T2_pos-1_3,T2,pos-1,3,10,CB4855,0,0.00166577483815726,0.000512745936803812,-0.00166577483815726,-0.000512745936803812,-65.8642318213047,-64.1643544750878
A13,T2_pos-1_4,T2,pos-1,4,10,CB4855,0,0.00166577483815726,0.000512745936803812,-0.00166577483815726,-0.000512745936803812,-65.8642318213047,-64.1643544750878
A6,T2_ctrl_A,T2,ctrl,A,10,CB4855,0.00102549187360762,0.00166577483815726,0.000512745936803812,-0.000640282964549638,0.000512745936803812,-0.699877346216956,1
A7,T2_ctrl_B,T2,ctrl,B,10,CB4855,0,0.00166577483815726,0.000512745936803812,-0.00166577483815726,-0.000512745936803812,-65.8642318213047,-64.1643544750878
A10,T2_pos-1_1,T2,pos-1,1,3,CB4857,0,0,0,0,0,0,0
A11,T2_pos-1_2,T2,pos-1,2,3,CB4857,0,0,0,0,0,0,0
A12,T2_pos-1_3,T2,pos-1,3,3,CB4857,0,0,0,0,0,0,0
A13,T2_pos-1_4,T2,pos-1,4,3,CB4857,0,0,0,0,0,0,0
A6,T2_ctrl_A,T2,ctrl,A,3,CB4857,0,0,0,0,0,0,0
A7,T2_ctrl_B,T2,ctrl,B,3,CB4857,0,0,0,0,0,0,0
A10,T2_pos-1_1,T2,pos-1,1,5,CB4857,0,0,2.51227981565133e-05,0,-2.51227981565133e-05,0,-59.8131793852819
A11,T2_pos-1_2,T2,pos-1,2,5,CB4857,0,0,2.51227981565133e-05,0,-2.51227981565133e-05,0,-59.8131793852819
A12,T2_pos-1_3,T2,pos-1,3,5,CB4857,0,0,2.51227981565133e-05,0,-2.51227981565133e-05,0,-59.8131793852819
A13,T2_pos-1_4,T2,pos-1,4,5,CB4857,0,0,2.51227981565133e-05,0,-2.51227981565133e-05,0,-59.8131793852819
A6,T2_ctrl_A,T2,ctrl,A,5,CB4857,0,0,2.51227981565133e-05,0,-2.51227981565133e-05,0,-59.8131793852819
A7,T2_ctrl_B,T2,ctrl,B,5,CB4857,5.02455963130266e-05,0,2.51227981565133e-05,5.02455963130266e-05,2.51227981565133e-05,60.8131793852819,1
A10,T2_pos-1_1,T2,pos-1,1,10,CB4857,0,0,0.000422786523629317,0,-0.000422786523629317,0,-63.8860397121858
A11,T2_pos-1_2,T2,pos-1,2,10,CB4857,0,0,0.000422786523629317,0,-0.000422786523629317,0,-63.8860397121858
A12,T2_pos-1_3,T2,pos-1,3,10,CB4857,0,0,0.000422786523629317,0,-0.000422786523629317,0,-63.8860397121858
A13,T2_pos-1_4,T2,pos-1,4,10,CB4857,0,0,0.000422786523629317,0,-0.000422786523629317,0,-63.8860397121858
A6,T2_ctrl_A,T2,ctrl,A,10,CB4857,0,0,0.000422786523629317,0,-0.000422786523629317,0,-63.8860397121858
A7,T2_ctrl_B,T2,ctrl,B,10,CB4857,0.000845573047258634,0,0.000422786523629317,0.000845573047258634,0.000422786523629317,64.8860397121858,1
A10,T2_pos-1_1,T2,pos-1,1,3,CB4858,0,0,0.000933715477417172,0,-0.000933715477417172,0,-65.0290933184372
A11,T2_pos-1_2,T2,pos-1,2,3,CB4858,0,0,0.000933715477417172,0,-0.000933715477417172,0,-65.0290933184372
A12,T2_pos-1_3,T2,pos-1,3,3,CB4858,0,0,0.000933715477417172,0,-0.000933715477417172,0,-65.0290933184372
A13,T2_pos-1_4,T2,pos-1,4,3,CB4858,0,0,0.000933715477417172,0,-0.000933715477417172,0,-65.0290933184372
A6,T2_ctrl_A,T2,ctrl,A,3,CB4858,0.00186743095483434,0,0.000933715477417172,0.00186743095483434,0.000933715477417172,66.0290933184372,1
A7,T2_ctrl_B,T2,ctrl,B,3,CB4858,0,0,0.000933715477417172,0,-0.000933715477417172,0,-65.0290933184372
A10,T2_pos-1_1,T2,pos-1,1,5,CB4858,0,0,0.000966997956558486,0,-0.000966997956558486,0,-65.0796231618381
A11,T2_pos-1_2,T2,pos-1,2,5,CB4858,0,0,0.000966997956558486,0,-0.000966997956558486,0,-65.0796231618381
A12,T2_pos-1_3,T2,pos-1,3,5,CB4858,0,0,0.000966997956558486,0,-0.000966997956558486,0,-65.0796231618381
A13,T2_pos-1_4,T2,pos-1,4,5,CB4858,0,0,0.000966997956558486,0,-0.000966997956558486,0,-65.0796231618381
A6,T2_ctrl_A,T2,ctrl,A,5,CB4858,0.00193399591311697,0,0.000966997956558486,0.00193399591311697,0.000966997956558486,66.0796231618381,1
A7,T2_ctrl_B,T2,ctrl,B,5,CB4858,0,0,0.000966997956558486,0,-0.000966997956558486,0,-65.0796231618381
A10,T2_pos-1_1,T2,pos-1,1,10,CB4858,0,0,0.000943600149310261,0,-0.000943600149310261,0,-65.04428596767
A11,T2_pos-1_2,T2,pos-1,2,10,CB4858,0,0,0.000943600149310261,0,-0.000943600149310261,0,-65.04428596767
A12,T2_pos-1_3,T2,pos-1,3,10,CB4858,0,0,0.000943600149310261,0,-0.000943600149310261,0,-65.04428596767
A13,T2_pos-1_4,T2,pos-1,4,10,CB4858,0,0,0.000943600149310261,0,-0.000943600149310261,0,-65.04428596767
A6,T2_ctrl_A,T2,ctrl,A,10,CB4858,0.00188720029862052,0,0.000943600149310261,0.00188720029862052,0.000943600149310261,66.04428596767,1
A7,T2_ctrl_B,T2,ctrl,B,10,CB4858,0,0,0.000943600149310261,0,-0.000943600149310261,0,-65.04428596767
A10,T2_pos-1_1,T2,pos-1,1,3,CB4932,0,0.00172990397208405,0,-0.00172990397208405,0,-65.9187303709892,0
A11,T2_pos-1_2,T2,pos-1,2,3,CB4932,0,0.00172990397208405,0,-0.00172990397208405,0,-65.9187303709892,0
A12,T2_pos-1_3,T2,pos-1,3,3,CB4932,0,0.00172990397208405,0,-0.00172990397208405,0,-65.9187303709892,0
A13,T2_pos-1_4,T2,pos-1,4,3,CB4932,0,0.00172990397208405,0,-0.00172990397208405,0,-65.9187303709892,0
A6,T2_ctrl_A,T2,ctrl,A,3,CB4932,0,0.00172990397208405,0,-0.00172990397208405,0,-65.9187303709892,0
A7,T2_ctrl_B,T2,ctrl,B,3,CB4932,0,0.00172990397208405,0,-0.00172990397208405,0,-65.9187303709892,0
A10,T2_pos-1_1,T2,pos-1,1,5,CB4932,0,0.00272236205476592,0,-0.00272236205476592,0,-66.5728973634634,0
A11,T2_pos-1_2,T2,pos-1,2,5,CB4932,0,0.00272236205476592,0,-0.00272236205476592,0,-66.5728973634634,0
A12,T2_pos-1_3,T2,pos-1,3,5,CB4932,0,0.00272236205476592,0,-0.00272236205476592,0,-66.5728973634634,0
A13,T2_pos-1_4,T2,pos-1,4,5,CB4932,0,0.00272236205476592,0,-0.00272236205476592,0,-66.5728973634634,0
A6,T2_ctrl_A,T2,ctrl,A,5,CB4932,0,0.00272236205476592,0,-0.00272236205476592,0,-66.5728973634634,0
A7,T2_ctrl_B,T2,ctrl,B,5,CB4932,0,0.00272236205476592,0,-0.00272236205476592,0,-66.5728973634634,0
A10,T2_pos-1_1,T2,pos-1,1,10,CB4932,0,0.00756645590596239,0,-0.00756645590596239,0,-68.047656122225,0
A11,T2_pos-1_2,T2,pos-1,2,10,CB4932,0,0.00756645590596239,0,-0.00756645590596239,0,-68.047656122225,0
A12,T2_pos-1_3,T2,pos-1,3,10,CB4932,0,0.00756645590596239,0,-0.00756645590596239,0,-68.047656122225,0
A13,T2_pos-1_4,T2,pos-1,4,10,CB4932,0,0.00756645590596239,0,-0.00756645590596239,0,-68.047656122225,0
A6,T2_ctrl_A,T2,ctrl,A,10,CB4932,0,0.00756645590596239,0,-0.00756645590596239,0,-68.047656122225,0
A7,T2_ctrl_B,T2,ctrl,B,10,CB4932,0,0.00756645590596239,0,-0.00756645590596239,0,-68.047656122225,0
A10,T2_pos-1_1,T2,pos-1,1,3,CX11254,0,0,0,0,0,0,0
A11,T2_pos-1_2,T2,pos-1,2,3,CX11254,0,0,0,0,0,0,0
A12,T2_pos-1_3,T2,pos-1,3,3,CX11254,0,0,0,0,0,0,0
A13,T2_pos-1_4,T2,pos-1,4,3,CX11254,0,0,0,0,0,0,0
A6,T2_ctrl_A,T2,ctrl,A,3,CX11254,0,0,0,0,0,0,0
A7,T2_ctrl_B,T2,ctrl,B,3,CX11254,0,0,0,0,0,0,0
A10,T2_pos-1_1,T2,pos-1,1,5,CX11254,0,0,0,0,0,0,0
A11,T2_pos-1_2,T2,pos-1,2,5,CX11254,0,0,0,0,0,0,0
A12,T2_pos-1_3,T2,pos-1,3,5,CX11254,0,0,0,0,0,0,0
A13,T2_pos-1_4,T2,pos-1,4,5,CX11254,0,0,0,0,0,0,0
A6,T2_ctrl_A,T2,ctrl,A,5,CX11254,0,0,0,0,0,0,0
A7,T2_ctrl_B,T2,ctrl,B,5,CX11254,0,0,0,0,0,0,0
A10,T2_pos-1_1,T2,pos-1,1,10,CX11254,0,0,0.000376750570730279,0,-0.000376750570730279,0,-63.7197200181366
A11,T2_pos-1_2,T2,pos-1,2,10,CX11254,0.000525516548930701,0,0.000376750570730279,0.000525516548930701,0.000148765978200423,64.199846517316,0.480126499179382
A12,T2_pos-1_3,T2,pos-1,3,10,CX11254,0,0,0.000376750570730279,0,-0.000376750570730279,0,-63.7197200181366
A13,T2_pos-1_4,T2,pos-1,4,10,CX11254,0,0,0.000376750570730279,0,-0.000376750570730279,0,-63.7197200181366
A6,T2_ctrl_A,T2,ctrl,A,10,CX11254,0,0,0.000376750570730279,0,-0.000376750570730279,0,-63.7197200181366
A7,T2_ctrl_B,T2,ctrl,B,10,CX11254,0.000753501141460558,0,0.000376750570730279,0.000753501141460558,0.000376750570730279,64.7197200181366,1
A10,T2_pos-1_1,T2,pos-1,1,3,CX11262,0.0013303562936366,0,0,0.0013303562936366,0.0013303562936366,65.5398510931695,65.5398510931695
A11,T2_pos-1_2,T2,pos-1,2,3,CX11262,0,0,0,0,0,0,0
A12,T2_pos-1_3,T2,pos-1,3,3,CX11262,0.000209165005616666,0,0,0.000209165005616666,0.000209165005616666,62.8707518222671,62.8707518222671
A13,T2_pos-1_4,T2,pos-1,4,3,CX11262,0,0,0,0,0,0,0
A6,T2_ctrl_A,T2,ctrl,A,3,CX11262,0,0,0,0,0,0,0
A7,T2_ctrl_B,T2,ctrl,B,3,CX11262,0,0,0,0,0,0,0
A10,T2_pos-1_1,T2,pos-1,1,5,CX11262,0.00126673095491325,0,0,0.00126673095491325,0.00126673095491325,65.4691485540419,65.4691485540419
A11,T2_pos-1_2,T2,pos-1,2,5,CX11262,0,0,0,0,0,0,0
A12,T2_pos-1_3,T2,pos-1,3,5,CX11262,3.02843048936378e-05,0,0,3.02843048936378e-05,3.02843048936378e-05,60.0827525239546,60.0827525239546
A13,T2_pos-1_4,T2,pos-1,4,5,CX11262,0,0,0,0,0,0,0
A6,T2_ctrl_A,T2,ctrl,A,5,CX11262,0,0,0,0,0,0,0
A7,T2_ctrl_B,T2,ctrl,B,5,CX11262,0,0,0,0,0,0,0
A10,T2_pos-1_1,T2,pos-1,1,10,CX11262,0.000846663406838353,0,1.55116491840094e-05,0.000846663406838353,0.000831151757654344,64.8878988573098,5.77036455087527
A11,T2_pos-1_2,T2,pos-1,2,10,CX11262,0,0,1.55116491840094e-05,0,-1.55116491840094e-05,0,-59.1175343064345
A12,T2_pos-1_3,T2,pos-1,3,10,CX11262,0.000158845979857692,0,1.55116491840094e-05,0.000158845979857692,0.000143334330673682,62.4737388989757,3.35620459254113
A13,T2_pos-1_4,T2,pos-1,4,10,CX11262,0,0,1.55116491840094e-05,0,-1.55116491840094e-05,0,-59.1175343064345
A6,T2_ctrl_A,T2,ctrl,A,10,CX11262,3.10232983680189e-05,0,1.55116491840094e-05,3.10232983680189e-05,1.55116491840094e-05,60.1175343064346,1
A7,T2_ctrl_B,T2,ctrl,B,10,CX11262,0,0,1.55116491840094e-05,0,-1.55116491840094e-05,0,-59.1175343064345
A10,T2_pos-1_1,T2,pos-1,1,3,CX11264,0,0,0,0,0,0,0
A11,T2_pos-1_2,T2,pos-1,2,3,CX11264,0,0,0,0,0,0,0
A12,T2_pos-1_3,T2,pos-1,3,3,CX11264,0.000365369363581935,0,0,0.000365369363581935,0.000365369363581935,63.6754659890883,63.6754659890883
A13,T2_pos-1_4,T2,pos-1,4,3,CX11264,0,0,0,0,0,0,0
A6,T2_ctrl_A,T2,ctrl,A,3,CX11264,0,0,0,0,0,0,0
A7,T2_ctrl_B,T2,ctrl,B,3,CX11264,0,0,0,0,0,0,0
A10,T2_pos-1_1,T2,pos-1,1,5,CX11264,0,0,0,0,0,0,0
A11,T2_pos-1_2,T2,pos-1,2,5,CX11264,0,0,0,0,0,0,0
A12,T2_pos-1_3,T2,pos-1,3,5,CX11264,0.000400002617870313,0,0,0.000400002617870313,0.000400002617870313,63.8061197627486,63.8061197627486
A13,T2_pos-1_4,T2,pos-1,4,5,CX11264,0,0,0,0,0,0,0
A6,T2_ctrl_A,T2,ctrl,A,5,CX11264,0,0,0,0,0,0,0
A7,T2_ctrl_B,T2,ctrl,B,5,CX11264,0,0,0,0,0,0,0
A10,T2_pos-1_1,T2,pos-1,1,10,CX11264,0,0,0,0,0,0,0
A11,T2_pos-1_2,T2,pos-1,2,10,CX11264,0,0,0,0,0,0,0
A12,T2_pos-1_3,T2,pos-1,3,10,CX11264,0.000400018121514782,0,0,0.000400018121514782,0.000400018121514782,63.8061756788765,63.8061756788765
A13,T2_pos-1_4,T2,pos-1,4,10,CX11264,0,0,0,0,0,0,0
A6,T2_ctrl_A,T2,ctrl,A,10,CX11264,0,0,0,0,0,0,0
A7,T2_ctrl_B,T2,ctrl,B,10,CX11264,0,0,0,0,0,0,0
A10,T2_pos-1_1,T2,pos-1,1,3,CX11271,0,0,0.0013991496524784,0,-0.0013991496524784,0,-65.6125886965268
A11,T2_pos-1_2,T2,pos-1,2,3,CX11271,0,0,0.0013991496524784,0,-0.0013991496524784,0,-65.6125886965268
A12,T2_pos-1_3,T2,pos-1,3,3,CX11271,0,0,0.0013991496524784,0,-0.0013991496524784,0,-65.6125886965268
A13,T2_pos-1_4,T2,pos-1,4,3,CX11271,0,0,0.0013991496524784,0,-0.0013991496524784,0,-65.6125886965268
A6,T2_ctrl_A,T2,ctrl,A,3,CX11271,0.00112809932753163,0,0.0013991496524784,0.00112809932753163,-0.000271050324946767,65.301932516259,-0.310656180267812
A7,T2_ctrl_B,T2,ctrl,B,3,CX11271,0.00167019997742516,0,0.0013991496524784,0.00167019997742516,0.000271050324946767,65.8680592663991,0.255470569872384
A10,T2_pos-1_1,T2,pos-1,1,5,CX11271,0,0,0.00156775664010609,0,-0.00156775664010609,0,-65.7767400457096
A11,T2_pos-1_2,T2,pos-1,2,5,CX11271,0,0,0.00156775664010609,0,-0.00156775664010609,0,-65.7767400457096
A12,T2_pos-1_3,T2,pos-1,3,5,CX11271,5.08082538468101e-05,0,0.00156775664010609,5.08082538468101e-05,-0.00151694838625928,60.8292451090717,-4.94749493663788
A13,T2_pos-1_4,T2,pos-1,4,5,CX11271,0,0,0.00156775664010609,0,-0.00156775664010609,0,-65.7767400457096
A6,T2_ctrl_A,T2,ctrl,A,5,CX11271,0.00132175601479066,0,0.00156775664010609,0.00132175601479066,-0.00024600062531543,65.5304943075659,-0.24624573814372
A7,T2_ctrl_B,T2,ctrl,B,5,CX11271,0.00181375726542152,0,0.00156775664010609,0.00181375726542152,0.00024600062531543,65.9870198090457,0.210279763336093
A10,T2_pos-1_1,T2,pos-1,1,10,CX11271,0,0,0.000756000625195171,0,-0.000756000625195171,0,-64.7244977483308
A11,T2_pos-1_2,T2,pos-1,2,10,CX11271,0,0,0.000756000625195171,0,-0.000756000625195171,0,-64.7244977483308
A12,T2_pos-1_3,T2,pos-1,3,10,CX11271,0.000599358947485426,0,0.000756000625195171,0.000599358947485426,-0.000156641677709745,64.3895305920346,-0.334967156296122
A13,T2_pos-1_4,T2,pos-1,4,10,CX11271,0,0,0.000756000625195171,0,-0.000756000625195171,0,-64.7244977483308
A6,T2_ctrl_A,T2,ctrl,A,10,CX11271,0.000361198876495722,0,0.000756000625195171,0.000361198876495722,-0.000394801748699449,63.6589037261503,-1.06559402218043
A7,T2_ctrl_B,T2,ctrl,B,10,CX11271,0.00115080237389462,0,0.000756000625195171,0.00115080237389462,0.000394801748699449,65.3306785179042,0.606180769573487
A10,T2_pos-1_1,T2,pos-1,1,3,CX11276,0,0,0,0,0,0,0
A11,T2_pos-1_2,T2,pos-1,2,3,CX11276,0,0,0,0,0,0,0
A12,T2_pos-1_3,T2,pos-1,3,3,CX11276,0,0,0,0,0,0,0
A13,T2_pos-1_4,T2,pos-1,4,3,CX11276,0,0,0,0,0,0,0
A6,T2_ctrl_A,T2,ctrl,A,3,CX11276,0,0,0,0,0,0,0
A7,T2_ctrl_B,T2,ctrl,B,3,CX11276,0,0,0,0,0,0,0
A10,T2_pos-1_1,T2,pos-1,1,5,CX11276,0,0,0,0,0,0,0
A11,T2_pos-1_2,T2,pos-1,2,5,CX11276,0,0,0,0,0,0,0
A12,T2_pos-1_3,T2,pos-1,3,5,CX11276,0,0,0,0,0,0,0
A13,T2_pos-1_4,T2,pos-1,4,5,CX11276,0,0,0,0,0,0,0
A6,T2_ctrl_A,T2,ctrl,A,5,CX11276,0,0,0,0,0,0,0
A7,T2_ctrl_B,T2,ctrl,B,5,CX11276,0,0,0,0,0,0,0
A10,T2_pos-1_1,T2,pos-1,1,10,CX11276,0,0,0,0,0,0,0
A11,T2_pos-1_2,T2,pos-1,2,10,CX11276,0,0,0,0,0,0,0
A12,T2_pos-1_3,T2,pos-1,3,10,CX11276,0,0,0,0,0,0,0
A13,T2_pos-1_4,T2,pos-1,4,10,CX11276,0,0,0,0,0,0,0
A6,T2_ctrl_A,T2,ctrl,A,10,CX11276,0,0,0,0,0,0,0
A7,T2_ctrl_B,T2,ctrl,B,10,CX11276,0,0,0,0,0,0,0
A10,T2_pos-1_1,T2,pos-1,1,3,CX11285,0.00075364316475342,0.00184057874642039,0.000392472807149821,-0.00108693558166697,0.0003611703576036,-1.2882059721169,0.941288898396907
A11,T2_pos-1_2,T2,pos-1,2,3,CX11285,0,0.00184057874642039,0.000392472807149821,-0.00184057874642039,-0.000392472807149821,-66.0081978902966,-63.7787030197828
A12,T2_pos-1_3,T2,pos-1,3,3,CX11285,0.00172153484768481,0.00184057874642039,0.000392472807149821,-0.000119043898735582,0.00132906204053499,-0.0964640900491536,2.13303078046465
A13,T2_pos-1_4,T2,pos-1,4,3,CX11285,0,0.00184057874642039,0.000392472807149821,-0.00184057874642039,-0.000392472807149821,-66.0081978902966,-63.7787030197828
A6,T2_ctrl_A,T2,ctrl,A,3,CX11285,0,0.00184057874642039,0.000392472807149821,-0.00184057874642039,-0.000392472807149821,-66.0081978902966,-63.7787030197828
A7,T2_ctrl_B,T2,ctrl,B,3,CX11285,0.000784945614299641,0.00184057874642039,0.000392472807149821,-0.00105563313212075,0.000392472807149821,-1.2294948705138,1
A10,T2_pos-1_1,T2,pos-1,1,5,CX11285,0.000703784733878428,0.00157601489031327,0.000388666201017644,-0.000872230156434837,0.000315118532860784,-1.16307504018412,0.856602566001624
A11,T2_pos-1_2,T2,pos-1,2,5,CX11285,0,0.00157601489031327,0.000388666201017644,-0.00157601489031327,-0.000388666201017644,-65.7843195812511,-63.7646419750653
A12,T2_pos-1_3,T2,pos-1,3,5,CX11285,0.00155374848561234,0.00157601489031327,0.000388666201017644,-2.22664047009281e-05,0.00116508228459469,-0.0205281804245396,1.9991494257612
A13,T2_pos-1_4,T2,pos-1,4,5,CX11285,0,0.00157601489031327,0.000388666201017644,-0.00157601489031327,-0.000388666201017644,-65.7843195812511,-63.7646419750653
A6,T2_ctrl_A,T2,ctrl,A,5,CX11285,0,0.00157601489031327,0.000388666201017644,-0.00157601489031327,-0.000388666201017644,-65.7843195812511,-63.7646419750653
A7,T2_ctrl_B,T2,ctrl,B,5,CX11285,0.000777332402035288,0.00157601489031327,0.000388666201017644,-0.000798682488277977,0.000388666201017644,-1.01967760618574,1
A10,T2_pos-1_1,T2,pos-1,1,10,CX11285,0.000631209756866215,0.00143673013349377,0,-0.000805520376627554,0.000631209756866215,-1.18659768936374,64.4642298266566
A11,T2_pos-1_2,T2,pos-1,2,10,CX11285,0,0.00143673013349377,0,-0.00143673013349377,0,-65.6508275160203,0
A12,T2_pos-1_3,T2,pos-1,3,10,CX11285,0.00177499598474199,0.00143673013349377,0,0.000338265851248224,0.00177499598474199,0.305026660743624,65.955854176764
A13,T2_pos-1_4,T2,pos-1,4,10,CX11285,0,0.00143673013349377,0,-0.00143673013349377,0,-65.6508275160203,0
A6,T2_ctrl_A,T2,ctrl,A,10,CX11285,0,0.00143673013349377,0,-0.00143673013349377,0,-65.6508275160203,0
A7,T2_ctrl_B,T2,ctrl,B,10,CX11285,0,0.00143673013349377,0,-0.00143673013349377,0,-65.6508275160203,0
A10,T2_pos-1_1,T2,pos-1,1,3,CX11292,0,0,0,0,0,0,0
A11,T2_pos-1_2,T2,pos-1,2,3,CX11292,0,0,0,0,0,0,0
A12,T2_pos-1_3,T2,pos-1,3,3,CX11292,0.00763930521869566,0,0,0.00763930521869566,0.00763930521869566,68.0614798493595,68.0614798493595
A13,T2_pos-1_4,T2,pos-1,4,3,CX11292,0,0,0,0,0,0,0
A6,T2_ctrl_A,T2,ctrl,A,3,CX11292,0,0,0,0,0,0,0
A7,T2_ctrl_B,T2,ctrl,B,3,CX11292,0,0,0,0,0,0,0
A10,T2_pos-1_1,T2,pos-1,1,5,CX11292,0,0.000983813697849211,0,-0.000983813697849211,0,-65.1044954629619,0
A11,T2_pos-1_2,T2,pos-1,2,5,CX11292,0,0.000983813697849211,0,-0.000983813697849211,0,-65.1044954629619,0
A12,T2_pos-1_3,T2,pos-1,3,5,CX11292,0.00810140654018553,0.000983813697849211,0,0.00711759284233632,0.00810140654018553,3.0417153585566,68.1462108215185
A13,T2_pos-1_4,T2,pos-1,4,5,CX11292,0,0.000983813697849211,0,-0.000983813697849211,0,-65.1044954629619,0
A6,T2_ctrl_A,T2,ctrl,A,5,CX11292,0,0.000983813697849211,0,-0.000983813697849211,0,-65.1044954629619,0
A7,T2_ctrl_B,T2,ctrl,B,5,CX11292,0,0.000983813697849211,0,-0.000983813697849211,0,-65.1044954629619,0
A10,T2_pos-1_1,T2,pos-1,1,10,CX11292,0,0.00136898635834441,0,-0.00136898635834441,0,-65.5811464862162,0
A11,T2_pos-1_2,T2,pos-1,2,10,CX11292,0,0.00136898635834441,0,-0.00136898635834441,0,-65.5811464862162,0
A12,T2_pos-1_3,T2,pos-1,3,10,CX11292,0.00767661836653695,0.00136898635834441,0,0.00630763200819254,0.00767661836653695,2.48736285758439,68.0685093438006
A13,T2_pos-1_4,T2,pos-1,4,10,CX11292,0,0.00136898635834441,0,-0.00136898635834441,0,-65.5811464862162,0
A6,T2_ctrl_A,T2,ctrl,A,10,CX11292,0,0.00136898635834441,0,-0.00136898635834441,0,-65.5811464862162,0
A7,T2_ctrl_B,T2,ctrl,B,10,CX11292,0,0.00136898635834441,0,-0.00136898635834441,0,-65.5811464862162,0
A10,T2_pos-1_1,T2,pos-1,1,3,CX11307,0,0,0.00090614494768312,0,-0.00090614494768312,0,-64.9858521642117
A11,T2_pos-1_2,T2,pos-1,2,3,CX11307,0,0,0.00090614494768312,0,-0.00090614494768312,0,-64.9858521642117
A12,T2_pos-1_3,T2,pos-1,3,3,CX11307,0,0,0.00090614494768312,0,-0.00090614494768312,0,-64.9858521642117
A13,T2_pos-1_4,T2,pos-1,4,3,CX11307,0,0,0.00090614494768312,0,-0.00090614494768312,0,-64.9858521642117
A6,T2_ctrl_A,T2,ctrl,A,3,CX11307,0,0,0.00090614494768312,0,-0.00090614494768312,0,-64.9858521642117
A7,T2_ctrl_B,T2,ctrl,B,3,CX11307,0.00181228989536624,0,0.00090614494768312,0.00181228989536624,0.00090614494768312,65.9858521642117,1
A10,T2_pos-1_1,T2,pos-1,1,5,CX11307,0,0,0.00093257828352463,0,-0.00093257828352463,0,-65.0273351555728
A11,T2_pos-1_2,T2,pos-1,2,5,CX11307,0,0,0.00093257828352463,0,-0.00093257828352463,0,-65.0273351555728
A12,T2_pos-1_3,T2,pos-1,3,5,CX11307,0,0,0.00093257828352463,0,-0.00093257828352463,0,-65.0273351555728
A13,T2_pos-1_4,T2,pos-1,4,5,CX11307,0,0,0.00093257828352463,0,-0.00093257828352463,0,-65.0273351555728
A6,T2_ctrl_A,T2,ctrl,A,5,CX11307,0,0,0.00093257828352463,0,-0.00093257828352463,0,-65.0273351555728
A7,T2_ctrl_B,T2,ctrl,B,5,CX11307,0.00186515656704926,0,0.00093257828352463,0.00186515656704926,0.00093257828352463,66.0273351555728,1
A10,T2_pos-1_1,T2,pos-1,1,10,CX11307,0,0,0.00102963234027467,0,-0.00102963234027467,0,-65.1701676894612
A11,T2_pos-1_2,T2,pos-1,2,10,CX11307,0,0,0.00102963234027467,0,-0.00102963234027467,0,-65.1701676894612
A12,T2_pos-1_3,T2,pos-1,3,10,CX11307,5.56649440734911e-07,0,0.00102963234027467,5.56649440734911e-07,-0.00102907569083394,54.3170950884293,-10.8530726010319
A13,T2_pos-1_4,T2,pos-1,4,10,CX11307,0,0,0.00102963234027467,0,-0.00102963234027467,0,-65.1701676894612
A6,T2_ctrl_A,T2,ctrl,A,10,CX11307,0,0,0.00102963234027467,0,-0.00102963234027467,0,-65.1701676894612
A7,T2_ctrl_B,T2,ctrl,B,10,CX11307,0.00205926468054935,0,0.00102963234027467,0.00205926468054935,0.00102963234027467,66.1701676894612,1
A10,T2_pos-1_1,T2,pos-1,1,3,CX11315,0,0,0.000975260471131685,0,-0.000975260471131685,0,-65.0918979040028
A11,T2_pos-1_2,T2,pos-1,2,3,CX11315,0,0,0.000975260471131685,0,-0.000975260471131685,0,-65.0918979040028
A12,T2_pos-1_3,T2,pos-1,3,3,CX11315,0,0,0.000975260471131685,0,-0.000975260471131685,0,-65.0918979040028
A13,T2_pos-1_4,T2,pos-1,4,3,CX11315,0,0,0.000975260471131685,0,-0.000975260471131685,0,-65.0918979040028
A6,T2_ctrl_A,T2,ctrl,A,3,CX11315,0,0,0.000975260471131685,0,-0.000975260471131685,0,-65.0918979040028
A7,T2_ctrl_B,T2,ctrl,B,3,CX11315,0.00195052094226337,0,0.000975260471131685,0.00195052094226337,0.000975260471131685,66.0918979040028,1
A10,T2_pos-1_1,T2,pos-1,1,5,CX11315,0,0,0.000975510787529189,0,-0.000975510787529189,0,-65.0922681475419
A11,T2_pos-1_2,T2,pos-1,2,5,CX11315,0,0,0.000975510787529189,0,-0.000975510787529189,0,-65.0922681475419
A12,T2_pos-1_3,T2,pos-1,3,5,CX11315,0,0,0.000975510787529189,0,-0.000975510787529189,0,-65.0922681475419
A13,T2_pos-1_4,T2,pos-1,4,5,CX11315,0,0,0.000975510787529189,0,-0.000975510787529189,0,-65.0922681475419
A6,T2_ctrl_A,T2,ctrl,A,5,CX11315,0,0,0.000975510787529189,0,-0.000975510787529189,0,-65.0922681475419
A7,T2_ctrl_B,T2,ctrl,B,5,CX11315,0.00195102157505838,0,0.000975510787529189,0.00195102157505838,0.000975510787529189,66.0922681475419,1
A10,T2_pos-1_1,T2,pos-1,1,10,CX11315,0,0,0.000908506938411801,0,-0.000908506938411801,0,-64.9896078534009
A11,T2_pos-1_2,T2,pos-1,2,10,CX11315,0,0,0.000908506938411801,0,-0.000908506938411801,0,-64.9896078534009
A12,T2_pos-1_3,T2,pos-1,3,10,CX11315,0,0,0.000908506938411801,0,-0.000908506938411801,0,-64.9896078534009
A13,T2_pos-1_4,T2,pos-1,4,10,CX11315,0,0,0.000908506938411801,0,-0.000908506938411801,0,-64.9896078534009
A6,T2_ctrl_A,T2,ctrl,A,10,CX11315,0,0,0.000908506938411801,0,-0.000908506938411801,0,-64.9896078534009
A7,T2_ctrl_B,T2,ctrl,B,10,CX11315,0.0018170138768236,0,0.000908506938411801,0.0018170138768236,0.000908506938411801,65.9896078534009,1
A10,T2_pos-1_1,T2,pos-1,1,3,DL200,0,0,0,0,0,0,0
A11,T2_pos-1_2,T2,pos-1,2,3,DL200,0,0,0,0,0,0,0
A12,T2_pos-1_3,T2,pos-1,3,3,DL200,0,0,0,0,0,0,0
A13,T2_pos-1_4,T2,pos-1,4,3,DL200,0.00115363141575665,0,0,0.00115363141575665,0.00115363141575665,65.3342207734757,65.3342207734757
A6,T2_ctrl_A,T2,ctrl,A,3,DL200,0,0,0,0,0,0,0
A7,T2_ctrl_B,T2,ctrl,B,3,DL200,0,0,0,0,0,0,0
A10,T2_pos-1_1,T2,pos-1,1,5,DL200,0,0,0,0,0,0,0
A11,T2_pos-1_2,T2,pos-1,2,5,DL200,0,0,0,0,0,0,0
A12,T2_pos-1_3,T2,pos-1,3,5,DL200,0,0,0,0,0,0,0
A13,T2_pos-1_4,T2,pos-1,4,5,DL200,0.00148067899112462,0,0,0.00148067899112462,0.00148067899112462,65.6942973162072,65.6942973162072
A6,T2_ctrl_A,T2,ctrl,A,5,DL200,0,0,0,0,0,0,0
A7,T2_ctrl_B,T2,ctrl,B,5,DL200,0,0,0,0,0,0,0
A10,T2_pos-1_1,T2,pos-1,1,10,DL200,0,0,0.000126568796237121,0,-0.000126568796237121,0,-62.1460320931675
A11,T2_pos-1_2,T2,pos-1,2,10,DL200,0,0,0.000126568796237121,0,-0.000126568796237121,0,-62.1460320931675
A12,T2_pos-1_3,T2,pos-1,3,10,DL200,0,0,0.000126568796237121,0,-0.000126568796237121,0,-62.1460320931675
A13,T2_pos-1_4,T2,pos-1,4,10,DL200,0.00254932996590049,0,0.000126568796237121,0.00254932996590049,0.00242276116966337,66.4781565326255,4.33212443945803
A6,T2_ctrl_A,T2,ctrl,A,10,DL200,0,0,0.000126568796237121,0,-0.000126568796237121,0,-62.1460320931675
A7,T2_ctrl_B,T2,ctrl,B,10,DL200,0.000253137592474243,0,0.000126568796237121,0.000253137592474243,0.000126568796237121,63.1460320931675,1
A10,T2_pos-1_1,T2,pos-1,1,3,DL226,0.00169317132500529,0.00126916768933391,0.00251085462924432,0.000424003635671381,-0.000817683304239038,0.415845262481799,-0.568450542459041
A11,T2_pos-1_2,T2,pos-1,2,3,DL226,0,0.00126916768933391,0.00251085462924432,-0.00126916768933391,-0.00251085462924432,-65.4719211141792,-66.45621691912
A12,T2_pos-1_3,T2,pos-1,3,3,DL226,0,0.00126916768933391,0.00251085462924432,-0.00126916768933391,-0.00251085462924432,-65.4719211141792,-66.45621691912
A13,T2_pos-1_4,T2,pos-1,4,3,DL226,0.000420633234585096,0.00126916768933391,0.00251085462924432,-0.000848534454748809,-0.00209022139465923,-1.59324795025119,-2.57754375519203
A6,T2_ctrl_A,T2,ctrl,A,3,DL226,0.00502170925848865,0.00126916768933391,0.00251085462924432,0.00375254156915474,0.00251085462924432,1.98429580494084,1
A7,T2_ctrl_B,T2,ctrl,B,3,DL226,0,0.00126916768933391,0.00251085462924432,-0.00126916768933391,-0.00251085462924432,-65.4719211141792,-66.45621691912
A10,T2_pos-1_1,T2,pos-1,1,5,DL226,0.00151550745613755,0.00138525418253912,0.00241771236560825,0.000130253273598434,-0.000902204909470705,0.129650227027726,-0.673841667825441
A11,T2_pos-1_2,T2,pos-1,2,5,DL226,0,0.00138525418253912,0.00241771236560825,-0.00138525418253912,-0.00241771236560825,-65.5981891387157,-66.4016810335688
A12,T2_pos-1_3,T2,pos-1,3,5,DL226,0,0.00138525418253912,0.00241771236560825,-0.00138525418253912,-0.00241771236560825,-65.5981891387157,-66.4016810335688
A13,T2_pos-1_4,T2,pos-1,4,5,DL226,9.94013789719927e-06,0.00138525418253912,0.00241771236560825,-0.00137531404464192,-0.00240777222771106,-7.12266914158621,-7.92616103643937
A6,T2_ctrl_A,T2,ctrl,A,5,DL226,0.00483542473121651,0.00138525418253912,0.00241771236560825,0.00345017054867739,0.00241771236560825,1.80349189485317,1
A7,T2_ctrl_B,T2,ctrl,B,5,DL226,0,0.00138525418253912,0.00241771236560825,-0.00138525418253912,-0.00241771236560825,-65.5981891387157,-66.4016810335688
A10,T2_pos-1_1,T2,pos-1,1,10,DL226,0.000924843884859843,0.000235460868968458,0.00214697723825351,0.000689383015891386,-0.00122213335339367,1.97372253737164,-1.21502513412268
A11,T2_pos-1_2,T2,pos-1,2,10,DL226,0,0.000235460868968458,0.00214697723825351,-0.000235460868968458,-0.00214697723825351,-63.0415976403663,-66.2303453118607
A12,T2_pos-1_3,T2,pos-1,3,10,DL226,0,0.000235460868968458,0.00214697723825351,-0.000235460868968458,-0.00214697723825351,-63.0415976403663,-66.2303453118607
A13,T2_pos-1_4,T2,pos-1,4,10,DL226,0,0.000235460868968458,0.00214697723825351,-0.000235460868968458,-0.00214697723825351,-63.0415976403663,-66.2303453118607
A6,T2_ctrl_A,T2,ctrl,A,10,DL226,0.00429395447650702,0.000235460868968458,0.00214697723825351,0.00405849360753857,0.00214697723825351,4.18874767149432,1
A7,T2_ctrl_B,T2,ctrl,B,10,DL226,0,0.000235460868968458,0.00214697723825351,-0.000235460868968458,-0.00214697723825351,-63.0415976403663,-66.2303453118607
A10,T2_pos-1_1,T2,pos-1,1,3,ECA1069,0,0,0,0,0,0,0
A11,T2_pos-1_2,T2,pos-1,2,3,ECA1069,0,0,0,0,0,0,0
A12,T2_pos-1_3,T2,pos-1,3,3,ECA1069,0,0,0,0,0,0,0
A13,T2_pos-1_4,T2,pos-1,4,3,ECA1069,0,0,0,0,0,0,0
A6,T2_ctrl_A,T2,ctrl,A,3,ECA1069,0,0,0,0,0,0,0
A7,T2_ctrl_B,T2,ctrl,B,3,ECA1069,0,0,0,0,0,0,0
A10,T2_pos-1_1,T2,pos-1,1,5,ECA1069,0,0,0,0,0,0,0
A11,T2_pos-1_2,T2,pos-1,2,5,ECA1069,0,0,0,0,0,0,0
A12,T2_pos-1_3,T2,pos-1,3,5,ECA1069,0,0,0,0,0,0,0
A13,T2_pos-1_4,T2,pos-1,4,5,ECA1069,0,0,0,0,0,0,0
A6,T2_ctrl_A,T2,ctrl,A,5,ECA1069,0,0,0,0,0,0,0
A7,T2_ctrl_B,T2,ctrl,B,5,ECA1069,0,0,0,0,0,0,0
A10,T2_pos-1_1,T2,pos-1,1,10,ECA1069,0,0,0,0,0,0,0
A11,T2_pos-1_2,T2,pos-1,2,10,ECA1069,0,0,0,0,0,0,0
A12,T2_pos-1_3,T2,pos-1,3,10,ECA1069,0,0,0,0,0,0,0
A13,T2_pos-1_4,T2,pos-1,4,10,ECA1069,0,0,0,0,0,0,0
A6,T2_ctrl_A,T2,ctrl,A,10,ECA1069,0,0,0,0,0,0,0
A7,T2_ctrl_B,T2,ctrl,B,10,ECA1069,0,0,0,0,0,0,0
A10,T2_pos-1_1,T2,pos-1,1,3,ECA1074,0,0.000404901467509719,0.00673664297112477,-0.000404901467509719,-0.00673664297112477,-63.823681192682,-67.880068257037
A11,T2_pos-1_2,T2,pos-1,2,3,ECA1074,0,0.000404901467509719,0.00673664297112477,-0.000404901467509719,-0.00673664297112477,-63.823681192682,-67.880068257037
A12,T2_pos-1_3,T2,pos-1,3,3,ECA1074,0,0.000404901467509719,0.00673664297112477,-0.000404901467509719,-0.00673664297112477,-63.823681192682,-67.880068257037
A13,T2_pos-1_4,T2,pos-1,4,3,ECA1074,0,0.000404901467509719,0.00673664297112477,-0.000404901467509719,-0.00673664297112477,-63.823681192682,-67.880068257037
A6,T2_ctrl_A,T2,ctrl,A,3,ECA1074,0.00791759781958611,0.000404901467509719,0.00673664297112477,0.00751269635207639,0.00118095484846134,4.28942000944897,0.233032945093928
A7,T2_ctrl_B,T2,ctrl,B,3,ECA1074,0.00555568812266343,0.000404901467509719,0.00673664297112477,0.00515078665515371,-0.00118095484846134,3.77832283663895,-0.278064227716089
A10,T2_pos-1_1,T2,pos-1,1,5,ECA1074,0,0.000444625529226779,0.00570978760890279,-0.000444625529226779,-0.00570978760890279,-63.9587011073006,-67.6414754973114
A11,T2_pos-1_2,T2,pos-1,2,5,ECA1074,0,0.000444625529226779,0.00570978760890279,-0.000444625529226779,-0.00570978760890279,-63.9587011073006,-67.6414754973114
A12,T2_pos-1_3,T2,pos-1,3,5,ECA1074,0,0.000444625529226779,0.00570978760890279,-0.000444625529226779,-0.00570978760890279,-63.9587011073006,-67.6414754973114
A13,T2_pos-1_4,T2,pos-1,4,5,ECA1074,0,0.000444625529226779,0.00570978760890279,-0.000444625529226779,-0.00570978760890279,-63.9587011073006,-67.6414754973114
A6,T2_ctrl_A,T2,ctrl,A,5,ECA1074,0.00696003720706051,0.000444625529226779,0.00570978760890279,0.00651541167783373,0.00125024959815772,3.96843232686813,0.285657936857309
A7,T2_ctrl_B,T2,ctrl,B,5,ECA1074,0.00445953801074507,0.000444625529226779,0.00570978760890279,0.00401491248151829,-0.00125024959815772,3.32623156918412,-0.356542820826699
A10,T2_pos-1_1,T2,pos-1,1,10,ECA1074,0,0,0.00433033682687688,0,-0.00433033682687688,0,-67.2425176622563
A11,T2_pos-1_2,T2,pos-1,2,10,ECA1074,0,0,0.00433033682687688,0,-0.00433033682687688,0,-67.2425176622563
A12,T2_pos-1_3,T2,pos-1,3,10,ECA1074,0,0,0.00433033682687688,0,-0.00433033682687688,0,-67.2425176622563
A13,T2_pos-1_4,T2,pos-1,4,10,ECA1074,0,0,0.00433033682687688,0,-0.00433033682687688,0,-67.2425176622563
A6,T2_ctrl_A,T2,ctrl,A,10,ECA1074,0.00620777556596843,0,0.00433033682687688,0.00620777556596843,0.00187743873909155,67.7621148154053,0.519597153149072
A7,T2_ctrl_B,T2,ctrl,B,10,ECA1074,0.00245289808778533,0,0.00433033682687688,0.00245289808778533,-0.00187743873909155,66.4225257102103,-0.819991952045912
A10,T2_pos-1_1,T2,pos-1,1,3,ECA1185,0.000588445180509791,0,0.000554131683706438,0.000588445180509791,3.43134968033527e-05,64.3630183410159,0.0866791615232755
A11,T2_pos-1_2,T2,pos-1,2,3,ECA1185,0,0,0.000554131683706438,0,-0.000554131683706438,0,-64.2763391794927
A12,T2_pos-1_3,T2,pos-1,3,3,ECA1185,0,0,0.000554131683706438,0,-0.000554131683706438,0,-64.2763391794927
A13,T2_pos-1_4,T2,pos-1,4,3,ECA1185,0,0,0.000554131683706438,0,-0.000554131683706438,0,-64.2763391794927
A6,T2_ctrl_A,T2,ctrl,A,3,ECA1185,0.00110826336741288,0,0.000554131683706438,0.00110826336741288,0.000554131683706438,65.2763391794927,1
A7,T2_ctrl_B,T2,ctrl,B,3,ECA1185,0,0,0.000554131683706438,0,-0.000554131683706438,0,-64.2763391794927
A10,T2_pos-1_1,T2,pos-1,1,5,ECA1185,0.000590874433588744,0,0.000525331259342708,0.000590874433588744,6.55431742460362e-05,64.3689618974277,0.169624143360589
A11,T2_pos-1_2,T2,pos-1,2,5,ECA1185,0,0,0.000525331259342708,0,-0.000525331259342708,0,-64.1993377540671
A12,T2_pos-1_3,T2,pos-1,3,5,ECA1185,0,0,0.000525331259342708,0,-0.000525331259342708,0,-64.1993377540671
A13,T2_pos-1_4,T2,pos-1,4,5,ECA1185,0,0,0.000525331259342708,0,-0.000525331259342708,0,-64.1993377540671
A6,T2_ctrl_A,T2,ctrl,A,5,ECA1185,0.00105066251868542,0,0.000525331259342708,0.00105066251868542,0.000525331259342708,65.1993377540671,1
A7,T2_ctrl_B,T2,ctrl,B,5,ECA1185,0,0,0.000525331259342708,0,-0.000525331259342708,0,-64.1993377540671
A10,T2_pos-1_1,T2,pos-1,1,10,ECA1185,0.000615499506856584,0,0.000470578804499408,0.000615499506856584,0.000144920702357176,64.4278680216189,0.387321359705017
A11,T2_pos-1_2,T2,pos-1,2,10,ECA1185,0,0,0.000470578804499408,0,-0.000470578804499408,0,-64.0405466619139
A12,T2_pos-1_3,T2,pos-1,3,10,ECA1185,0,0,0.000470578804499408,0,-0.000470578804499408,0,-64.0405466619139
A13,T2_pos-1_4,T2,pos-1,4,10,ECA1185,0,0,0.000470578804499408,0,-0.000470578804499408,0,-64.0405466619139
A6,T2_ctrl_A,T2,ctrl,A,10,ECA1185,0.000941157608998815,0,0.000470578804499408,0.000941157608998815,0.000470578804499408,65.0405466619139,1
A7,T2_ctrl_B,T2,ctrl,B,10,ECA1185,0,0,0.000470578804499408,0,-0.000470578804499408,0,-64.0405466619139
A10,T2_pos-1_1,T2,pos-1,1,3,ECA1186,0.0173700098957423,0.00155038649738258,0,0.0158196233983597,0.0173700098957423,3.48589875963447,69.2465650865388
A11,T2_pos-1_2,T2,pos-1,2,3,ECA1186,0.0179079203568615,0.00155038649738258,0,0.0163575338594789,0.0179079203568615,3.52989799084907,69.2905643177534
A12,T2_pos-1_3,T2,pos-1,3,3,ECA1186,0.0312133851693888,0.00155038649738258,0,0.0296629986720062,0.0312133851693888,4.3314650132924,70.0921313401967
A13,T2_pos-1_4,T2,pos-1,4,3,ECA1186,0.0211020418837194,0.00155038649738258,0,0.0195516553863369,0.0211020418837194,3.76668278796601,69.5273491148704
A6,T2_ctrl_A,T2,ctrl,A,3,ECA1186,0,0.00155038649738258,0,-0.00155038649738258,0,-65.7606663269043,0
A7,T2_ctrl_B,T2,ctrl,B,3,ECA1186,0,0.00155038649738258,0,-0.00155038649738258,0,-65.7606663269043,0
A10,T2_pos-1_1,T2,pos-1,1,5,ECA1186,0.0166544521737141,0.00104651897759233,0,0.0156079331961218,0.0166544521737141,3.99223752043901,69.185874409821
A11,T2_pos-1_2,T2,pos-1,2,5,ECA1186,0.0173938800900755,0.00104651897759233,0,0.0163473611124832,0.0173938800900755,4.05490941481777,69.2485463041998
A12,T2_pos-1_3,T2,pos-1,3,5,ECA1186,0.0304601508787448,0.00104651897759233,0,0.0294136319011524,0.0304601508787448,4.86325270916791,70.0568895985499
A13,T2_pos-1_4,T2,pos-1,4,5,ECA1186,0.0202531484068878,0.00104651897759233,0,0.0192066294292955,0.0202531484068878,4.27447581749143,69.4681127068734
A6,T2_ctrl_A,T2,ctrl,A,5,ECA1186,0,0.00104651897759233,0,-0.00104651897759233,0,-65.193636889382,0
A7,T2_ctrl_B,T2,ctrl,B,5,ECA1186,0,0.00104651897759233,0,-0.00104651897759233,0,-65.193636889382,0
A10,T2_pos-1_1,T2,pos-1,1,10,ECA1186,0.0163466834619154,0.000290608541497103,0,0.0160560749204183,0.0163466834619154,5.81377704342342,69.1589644711749
A11,T2_pos-1_2,T2,pos-1,2,10,ECA1186,0.0163099003147792,0.000290608541497103,0,0.0160192917732821,0.0163099003147792,5.81052704723482,69.1557144749863
A12,T2_pos-1_3,T2,pos-1,3,10,ECA1186,0.0294496368014574,0.000290608541497103,0,0.0291590282599603,0.0294496368014574,6.66302892442649,70.008216352178
A13,T2_pos-1_4,T2,pos-1,4,10,ECA1186,0.0196095855962691,0.000290608541497103,0,0.019318977054772,0.0196095855962691,6.0763381306244,69.4215255583759
A6,T2_ctrl_A,T2,ctrl,A,10,ECA1186,0,0.000290608541497103,0,-0.000290608541497103,0,-63.3451874277515,0
A7,T2_ctrl_B,T2,ctrl,B,10,ECA1186,0,0.000290608541497103,0,-0.000290608541497103,0,-63.3451874277515,0
A10,T2_pos-1_1,T2,pos-1,1,3,ECA1191,0,0,0,0,0,0,0
A11,T2_pos-1_2,T2,pos-1,2,3,ECA1191,0,0,0,0,0,0,0
A12,T2_pos-1_3,T2,pos-1,3,3,ECA1191,0,0,0,0,0,0,0
A13,T2_pos-1_4,T2,pos-1,4,3,ECA1191,0,0,0,0,0,0,0
A6,T2_ctrl_A,T2,ctrl,A,3,ECA1191,0,0,0,0,0,0,0
A7,T2_ctrl_B,T2,ctrl,B,3,ECA1191,0,0,0,0,0,0,0
A10,T2_pos-1_1,T2,pos-1,1,5,ECA1191,0,0,7.55378296574626e-05,0,-7.55378296574626e-05,0,-61.4013815589788
A11,T2_pos-1_2,T2,pos-1,2,5,ECA1191,0,0,7.55378296574626e-05,0,-7.55378296574626e-05,0,-61.4013815589788
A12,T2_pos-1_3,T2,pos-1,3,5,ECA1191,0,0,7.55378296574626e-05,0,-7.55378296574626e-05,0,-61.4013815589788
A13,T2_pos-1_4,T2,pos-1,4,5,ECA1191,0,0,7.55378296574626e-05,0,-7.55378296574626e-05,0,-61.4013815589788
A6,T2_ctrl_A,T2,ctrl,A,5,ECA1191,0,0,7.55378296574626e-05,0,-7.55378296574626e-05,0,-61.4013815589788
A7,T2_ctrl_B,T2,ctrl,B,5,ECA1191,0.000151075659314925,0,7.55378296574626e-05,0.000151075659314925,7.55378296574626e-05,62.4013815589788,1
A10,T2_pos-1_1,T2,pos-1,1,10,ECA1191,0,0,7.01068445228143e-05,0,-7.01068445228143e-05,0,-61.2937375271764
A11,T2_pos-1_2,T2,pos-1,2,10,ECA1191,0,0,7.01068445228143e-05,0,-7.01068445228143e-05,0,-61.2937375271764
A12,T2_pos-1_3,T2,pos-1,3,10,ECA1191,0,0,7.01068445228143e-05,0,-7.01068445228143e-05,0,-61.2937375271764
A13,T2_pos-1_4,T2,pos-1,4,10,ECA1191,0,0,7.01068445228143e-05,0,-7.01068445228143e-05,0,-61.2937375271764
A6,T2_ctrl_A,T2,ctrl,A,10,ECA1191,6.44442578617013e-05,0,7.01068445228143e-05,6.44442578617013e-05,-5.66258666111296e-06,61.172234042638,-0.121503484538409
A7,T2_ctrl_B,T2,ctrl,B,10,ECA1191,7.57694311839272e-05,0,7.01068445228143e-05,7.57694311839272e-05,5.66258666111295e-06,61.4057981432562,0.112060616079787
A10,T2_pos-1_1,T2,pos-1,1,3,ECA1193,0,0,0,0,0,0,0
A11,T2_pos-1_2,T2,pos-1,2,3,ECA1193,0,0,0,0,0,0,0
A12,T2_pos-1_3,T2,pos-1,3,3,ECA1193,0,0,0,0,0,0,0
A13,T2_pos-1_4,T2,pos-1,4,3,ECA1193,0,0,0,0,0,0,0
A6,T2_ctrl_A,T2,ctrl,A,3,ECA1193,0,0,0,0,0,0,0
A7,T2_ctrl_B,T2,ctrl,B,3,ECA1193,0,0,0,0,0,0,0
A10,T2_pos-1_1,T2,pos-1,1,5,ECA1193,0,0,0,0,0,0,0
A11,T2_pos-1_2,T2,pos-1,2,5,ECA1193,0,0,0,0,0,0,0
A12,T2_pos-1_3,T2,pos-1,3,5,ECA1193,0,0,0,0,0,0,0
A13,T2_pos-1_4,T2,pos-1,4,5,ECA1193,0,0,0,0,0,0,0
A6,T2_ctrl_A,T2,ctrl,A,5,ECA1193,0,0,0,0,0,0,0
A7,T2_ctrl_B,T2,ctrl,B,5,ECA1193,0,0,0,0,0,0,0
A10,T2_pos-1_1,T2,pos-1,1,10,ECA1193,0,0,0,0,0,0,0
A11,T2_pos-1_2,T2,pos-1,2,10,ECA1193,0,0,0,0,0,0,0
A12,T2_pos-1_3,T2,pos-1,3,10,ECA1193,0,0,0,0,0,0,0
A13,T2_pos-1_4,T2,pos-1,4,10,ECA1193,0,0,0,0,0,0,0
A6,T2_ctrl_A,T2,ctrl,A,10,ECA1193,0,0,0,0,0,0,0
A7,T2_ctrl_B,T2,ctrl,B,10,ECA1193,0,0,0,0,0,0,0
A10,T2_pos-1_1,T2,pos-1,1,3,ECA1194,0,0,9.7424794586243e-05,0,-9.7424794586243e-05,0,-61.768471210491
A11,T2_pos-1_2,T2,pos-1,2,3,ECA1194,0,0,9.7424794586243e-05,0,-9.7424794586243e-05,0,-61.768471210491
A12,T2_pos-1_3,T2,pos-1,3,3,ECA1194,0,0,9.7424794586243e-05,0,-9.7424794586243e-05,0,-61.768471210491
A13,T2_pos-1_4,T2,pos-1,4,3,ECA1194,0,0,9.7424794586243e-05,0,-9.7424794586243e-05,0,-61.768471210491
A6,T2_ctrl_A,T2,ctrl,A,3,ECA1194,0.000194849589172486,0,9.7424794586243e-05,0.000194849589172486,9.7424794586243e-05,62.768471210491,1
A7,T2_ctrl_B,T2,ctrl,B,3,ECA1194,0,0,9.7424794586243e-05,0,-9.7424794586243e-05,0,-61.768471210491
A10,T2_pos-1_1,T2,pos-1,1,5,ECA1194,0,0,9.83385040713e-05,0,-9.83385040713e-05,0,-61.7819386349198
A11,T2_pos-1_2,T2,pos-1,2,5,ECA1194,0,0,9.83385040713e-05,0,-9.83385040713e-05,0,-61.7819386349198
A12,T2_pos-1_3,T2,pos-1,3,5,ECA1194,0,0,9.83385040713e-05,0,-9.83385040713e-05,0,-61.7819386349198
A13,T2_pos-1_4,T2,pos-1,4,5,ECA1194,0,0,9.83385040713e-05,0,-9.83385040713e-05,0,-61.7819386349198
A6,T2_ctrl_A,T2,ctrl,A,5,ECA1194,0.0001966770081426,0,9.83385040713e-05,0.0001966770081426,9.83385040713e-05,62.7819386349198,1
A7,T2_ctrl_B,T2,ctrl,B,5,ECA1194,0,0,9.83385040713e-05,0,-9.83385040713e-05,0,-61.7819386349198
A10,T2_pos-1_1,T2,pos-1,1,10,ECA1194,0,0,3.77865025561526e-06,0,-3.77865025561526e-06,0,-57.0801251228148
A11,T2_pos-1_2,T2,pos-1,2,10,ECA1194,0,0,3.77865025561526e-06,0,-3.77865025561526e-06,0,-57.0801251228148
A12,T2_pos-1_3,T2,pos-1,3,10,ECA1194,0,0,3.77865025561526e-06,0,-3.77865025561526e-06,0,-57.0801251228148
A13,T2_pos-1_4,T2,pos-1,4,10,ECA1194,0,0,3.77865025561526e-06,0,-3.77865025561526e-06,0,-57.0801251228148
A6,T2_ctrl_A,T2,ctrl,A,10,ECA1194,7.55730051123052e-06,0,3.77865025561526e-06,7.55730051123052e-06,3.77865025561526e-06,58.0801251228148,1
A7,T2_ctrl_B,T2,ctrl,B,10,ECA1194,0,0,3.77865025561526e-06,0,-3.77865025561526e-06,0,-57.0801251228148
A10,T2_pos-1_1,T2,pos-1,1,3,ECA1195,0,0,0.000119982275616689,0,-0.000119982275616689,0,-62.0689316202375
A11,T2_pos-1_2,T2,pos-1,2,3,ECA1195,0,0,0.000119982275616689,0,-0.000119982275616689,0,-62.0689316202375
A12,T2_pos-1_3,T2,pos-1,3,3,ECA1195,0,0,0.000119982275616689,0,-0.000119982275616689,0,-62.0689316202375
A13,T2_pos-1_4,T2,pos-1,4,3,ECA1195,0,0,0.000119982275616689,0,-0.000119982275616689,0,-62.0689316202375
A6,T2_ctrl_A,T2,ctrl,A,3,ECA1195,0.000239964551233377,0,0.000119982275616689,0.000239964551233377,0.000119982275616689,63.0689316202375,1
A7,T2_ctrl_B,T2,ctrl,B,3,ECA1195,0,0,0.000119982275616689,0,-0.000119982275616689,0,-62.0689316202375
A10,T2_pos-1_1,T2,pos-1,1,5,ECA1195,0,0,0.000141870253777155,0,-0.000141870253777155,0,-62.3106824491293
A11,T2_pos-1_2,T2,pos-1,2,5,ECA1195,0,0,0.000141870253777155,0,-0.000141870253777155,0,-62.3106824491293
A12,T2_pos-1_3,T2,pos-1,3,5,ECA1195,0,0,0.000141870253777155,0,-0.000141870253777155,0,-62.3106824491293
A13,T2_pos-1_4,T2,pos-1,4,5,ECA1195,0,0,0.000141870253777155,0,-0.000141870253777155,0,-62.3106824491293
A6,T2_ctrl_A,T2,ctrl,A,5,ECA1195,0.000283740507554309,0,0.000141870253777155,0.000283740507554309,0.000141870253777155,63.3106824491293,1
A7,T2_ctrl_B,T2,ctrl,B,5,ECA1195,0,0,0.000141870253777155,0,-0.000141870253777155,0,-62.3106824491293
A10,T2_pos-1_1,T2,pos-1,1,10,ECA1195,0,0,0,0,0,0,0
A11,T2_pos-1_2,T2,pos-1,2,10,ECA1195,0,0,0,0,0,0,0
A12,T2_pos-1_3,T2,pos-1,3,10,ECA1195,0,0,0,0,0,0,0
A13,T2_pos-1_4,T2,pos-1,4,10,ECA1195,0,0,0,0,0,0,0
A6,T2_ctrl_A,T2,ctrl,A,10,ECA1195,0,0,0,0,0,0,0
A7,T2_ctrl_B,T2,ctrl,B,10,ECA1195,0,0,0,0,0,0,0
A10,T2_pos-1_1,T2,pos-1,1,3,ECA1208,0,0,0,0,0,0,0
A11,T2_pos-1_2,T2,pos-1,2,3,ECA1208,0,0,0,0,0,0,0
A12,T2_pos-1_3,T2,pos-1,3,3,ECA1208,0,0,0,0,0,0,0
A13,T2_pos-1_4,T2,pos-1,4,3,ECA1208,0,0,0,0,0,0,0
A6,T2_ctrl_A,T2,ctrl,A,3,ECA1208,0,0,0,0,0,0,0
A7,T2_ctrl_B,T2,ctrl,B,3,ECA1208,0,0,0,0,0,0,0
A10,T2_pos-1_1,T2,pos-1,1,5,ECA1208,0,0,0,0,0,0,0
A11,T2_pos-1_2,T2,pos-1,2,5,ECA1208,0,0,0,0,0,0,0
A12,T2_pos-1_3,T2,pos-1,3,5,ECA1208,0,0,0,0,0,0,0
A13,T2_pos-1_4,T2,pos-1,4,5,ECA1208,0,0,0,0,0,0,0
A6,T2_ctrl_A,T2,ctrl,A,5,ECA1208,0,0,0,0,0,0,0
A7,T2_ctrl_B,T2,ctrl,B,5,ECA1208,0,0,0,0,0,0,0
A10,T2_pos-1_1,T2,pos-1,1,10,ECA1208,0,0,0,0,0,0,0
A11,T2_pos-1_2,T2,pos-1,2,10,ECA1208,0,0,0,0,0,0,0
A12,T2_pos-1_3,T2,pos-1,3,10,ECA1208,0,0,0,0,0,0,0
A13,T2_pos-1_4,T2,pos-1,4,10,ECA1208,0,0,0,0,0,0,0
A6,T2_ctrl_A,T2,ctrl,A,10,ECA1208,0,0,0,0,0,0,0
A7,T2_ctrl_B,T2,ctrl,B,10,ECA1208,0,0,0,0,0,0,0
A10,T2_pos-1_1,T2,pos-1,1,3,ECA1216,0,0,0,0,0,0,0
A11,T2_pos-1_2,T2,pos-1,2,3,ECA1216,0,0,0,0,0,0,0
A12,T2_pos-1_3,T2,pos-1,3,3,ECA1216,0,0,0,0,0,0,0
A13,T2_pos-1_4,T2,pos-1,4,3,ECA1216,0,0,0,0,0,0,0
A6,T2_ctrl_A,T2,ctrl,A,3,ECA1216,0,0,0,0,0,0,0
A7,T2_ctrl_B,T2,ctrl,B,3,ECA1216,0,0,0,0,0,0,0
A10,T2_pos-1_1,T2,pos-1,1,5,ECA1216,0,0,0,0,0,0,0
A11,T2_pos-1_2,T2,pos-1,2,5,ECA1216,0,0,0,0,0,0,0
A12,T2_pos-1_3,T2,pos-1,3,5,ECA1216,0,0,0,0,0,0,0
A13,T2_pos-1_4,T2,pos-1,4,5,ECA1216,0,0,0,0,0,0,0
A6,T2_ctrl_A,T2,ctrl,A,5,ECA1216,0,0,0,0,0,0,0
A7,T2_ctrl_B,T2,ctrl,B,5,ECA1216,0,0,0,0,0,0,0
A10,T2_pos-1_1,T2,pos-1,1,10,ECA1216,0,0,0,0,0,0,0
A11,T2_pos-1_2,T2,pos-1,2,10,ECA1216,0,0,0,0,0,0,0
A12,T2_pos-1_3,T2,pos-1,3,10,ECA1216,0,0,0,0,0,0,0
A13,T2_pos-1_4,T2,pos-1,4,10,ECA1216,0,0,0,0,0,0,0
A6,T2_ctrl_A,T2,ctrl,A,10,ECA1216,0,0,0,0,0,0,0
A7,T2_ctrl_B,T2,ctrl,B,10,ECA1216,0,0,0,0,0,0,0
A10,T2_pos-1_1,T2,pos-1,1,3,ECA1223,0,2.52773739779777e-06,0,-2.52773739779777e-06,0,-56.5001007232774,0
A11,T2_pos-1_2,T2,pos-1,2,3,ECA1223,0,2.52773739779777e-06,0,-2.52773739779777e-06,0,-56.5001007232774,0
A12,T2_pos-1_3,T2,pos-1,3,3,ECA1223,0,2.52773739779777e-06,0,-2.52773739779777e-06,0,-56.5001007232774,0
A13,T2_pos-1_4,T2,pos-1,4,3,ECA1223,0,2.52773739779777e-06,0,-2.52773739779777e-06,0,-56.5001007232774,0
A6,T2_ctrl_A,T2,ctrl,A,3,ECA1223,0,2.52773739779777e-06,0,-2.52773739779777e-06,0,-56.5001007232774,0
A7,T2_ctrl_B,T2,ctrl,B,3,ECA1223,0,2.52773739779777e-06,0,-2.52773739779777e-06,0,-56.5001007232774,0
A10,T2_pos-1_1,T2,pos-1,1,5,ECA1223,0,0,0,0,0,0,0
A11,T2_pos-1_2,T2,pos-1,2,5,ECA1223,0,0,0,0,0,0,0
A12,T2_pos-1_3,T2,pos-1,3,5,ECA1223,0,0,0,0,0,0,0
A13,T2_pos-1_4,T2,pos-1,4,5,ECA1223,0,0,0,0,0,0,0
A6,T2_ctrl_A,T2,ctrl,A,5,ECA1223,0,0,0,0,0,0,0
A7,T2_ctrl_B,T2,ctrl,B,5,ECA1223,0,0,0,0,0,0,0
A10,T2_pos-1_1,T2,pos-1,1,10,ECA1223,0,0,0,0,0,0,0
A11,T2_pos-1_2,T2,pos-1,2,10,ECA1223,9.53306121955839e-05,0,0,9.53306121955839e-05,9.53306121955839e-05,61.7371217870771,61.7371217870771
A12,T2_pos-1_3,T2,pos-1,3,10,ECA1223,0,0,0,0,0,0,0
A13,T2_pos-1_4,T2,pos-1,4,10,ECA1223,0,0,0,0,0,0,0
A6,T2_ctrl_A,T2,ctrl,A,10,ECA1223,0,0,0,0,0,0,0
A7,T2_ctrl_B,T2,ctrl,B,10,ECA1223,0,0,0,0,0,0,0
A10,T2_pos-1_1,T2,pos-1,1,3,ECA1225,0,0.000460809679080027,9.08499153373921e-05,-0.000460809679080027,-9.08499153373921e-05,-64.0102813410045,-61.6676673959402
A11,T2_pos-1_2,T2,pos-1,2,3,ECA1225,5.0067090069473e-05,0.000460809679080027,9.08499153373921e-05,-0.000410742589010554,-4.07828252679191e-05,-3.20223650756163,-0.859622562497334
A12,T2_pos-1_3,T2,pos-1,3,3,ECA1225,0,0.000460809679080027,9.08499153373921e-05,-0.000460809679080027,-9.08499153373921e-05,-64.0102813410045,-61.6676673959402
A13,T2_pos-1_4,T2,pos-1,4,3,ECA1225,0,0.000460809679080027,9.08499153373921e-05,-0.000460809679080027,-9.08499153373921e-05,-64.0102813410045,-61.6676673959402
A6,T2_ctrl_A,T2,ctrl,A,3,ECA1225,0.000181699830674784,0.000460809679080027,9.08499153373921e-05,-0.000279109848405243,9.08499153373921e-05,-1.3426139450643,1
A7,T2_ctrl_B,T2,ctrl,B,3,ECA1225,0,0.000460809679080027,9.08499153373921e-05,-0.000460809679080027,-9.08499153373921e-05,-64.0102813410045,-61.6676673959402
A10,T2_pos-1_1,T2,pos-1,1,5,ECA1225,0,0.000481725997270253,0.000106320486557896,-0.000481725997270253,-0.000106320486557896,-64.0743231046476,-61.8945299328022
A11,T2_pos-1_2,T2,pos-1,2,5,ECA1225,0.000131055954265117,0.000481725997270253,0.000106320486557896,-0.000350670043005136,2.4735467707221e-05,-1.87802988272082,0.30176328912455
A12,T2_pos-1_3,T2,pos-1,3,5,ECA1225,0,0.000481725997270253,0.000106320486557896,-0.000481725997270253,-0.000106320486557896,-64.0743231046476,-61.8945299328022
A13,T2_pos-1_4,T2,pos-1,4,5,ECA1225,0,0.000481725997270253,0.000106320486557896,-0.000481725997270253,-0.000106320486557896,-64.0743231046476,-61.8945299328022
A6,T2_ctrl_A,T2,ctrl,A,5,ECA1225,0.000212640973115792,0.000481725997270253,0.000106320486557896,-0.000269085024154461,0.000106320486557896,-1.17979317184537,1
A7,T2_ctrl_B,T2,ctrl,B,5,ECA1225,0,0.000481725997270253,0.000106320486557896,-0.000481725997270253,-0.000106320486557896,-64.0743231046476,-61.8945299328022
A10,T2_pos-1_1,T2,pos-1,1,10,ECA1225,0,0.000463282684450688,6.38574963055566e-05,-0.000463282684450688,-6.38574963055566e-05,-64.018003082342,-61.1590382154345
A11,T2_pos-1_2,T2,pos-1,2,10,ECA1225,3.09227076707779e-05,0.000463282684450688,6.38574963055566e-05,-0.00043235997677991,-3.29347886347787e-05,-3.90515420558745,-1.04618933867989
A12,T2_pos-1_3,T2,pos-1,3,10,ECA1225,0,0.000463282684450688,6.38574963055566e-05,-0.000463282684450688,-6.38574963055566e-05,-64.018003082342,-61.1590382154345
A13,T2_pos-1_4,T2,pos-1,4,10,ECA1225,0,0.000463282684450688,6.38574963055566e-05,-0.000463282684450688,-6.38574963055566e-05,-64.018003082342,-61.1590382154345
A6,T2_ctrl_A,T2,ctrl,A,10,ECA1225,0.000127714992611113,0.000463282684450688,6.38574963055566e-05,-0.000335567691839575,6.38574963055566e-05,-1.85896486690756,1
A7,T2_ctrl_B,T2,ctrl,B,10,ECA1225,0,0.000463282684450688,6.38574963055566e-05,-0.000463282684450688,-6.38574963055566e-05,-64.018003082342,-61.1590382154345
A10,T2_pos-1_1,T2,pos-1,1,3,ECA1228,0,0,0,0,0,0,0
A11,T2_pos-1_2,T2,pos-1,2,3,ECA1228,0.000185301676302973,0,0,0.000185301676302973,0.000185301676302973,62.6959862533501,62.6959862533501
A12,T2_pos-1_3,T2,pos-1,3,3,ECA1228,0,0,0,0,0,0,0
A13,T2_pos-1_4,T2,pos-1,4,3,ECA1228,0,0,0,0,0,0,0
A6,T2_ctrl_A,T2,ctrl,A,3,ECA1228,0,0,0,0,0,0,0
A7,T2_ctrl_B,T2,ctrl,B,3,ECA1228,0,0,0,0,0,0,0
A10,T2_pos-1_1,T2,pos-1,1,5,ECA1228,0,0,0,0,0,0,0
A11,T2_pos-1_2,T2,pos-1,2,5,ECA1228,0.000123981173643715,0,0,0.000123981173643715,0.000123981173643715,62.1162313869615,62.1162313869615
A12,T2_pos-1_3,T2,pos-1,3,5,ECA1228,0,0,0,0,0,0,0
A13,T2_pos-1_4,T2,pos-1,4,5,ECA1228,0,0,0,0,0,0,0
A6,T2_ctrl_A,T2,ctrl,A,5,ECA1228,0,0,0,0,0,0,0
A7,T2_ctrl_B,T2,ctrl,B,5,ECA1228,0,0,0,0,0,0,0
A10,T2_pos-1_1,T2,pos-1,1,10,ECA1228,0,0,0,0,0,0,0
A11,T2_pos-1_2,T2,pos-1,2,10,ECA1228,0.000263343679985259,0,0,0.000263343679985259,0.000263343679985259,63.2030571573142,63.2030571573142
A12,T2_pos-1_3,T2,pos-1,3,10,ECA1228,0,0,0,0,0,0,0
A13,T2_pos-1_4,T2,pos-1,4,10,ECA1228,8.4182051343454e-06,0,0,8.4182051343454e-06,8.4182051343454e-06,58.2357667966518,58.2357667966518
A6,T2_ctrl_A,T2,ctrl,A,10,ECA1228,0,0,0,0,0,0,0
A7,T2_ctrl_B,T2,ctrl,B,10,ECA1228,0,0,0,0,0,0,0
A10,T2_pos-1_1,T2,pos-1,1,3,ECA1229,0,0.000800652697892184,0.00017644444450351,-0.000800652697892184,-0.00017644444450351,-64.8072868959212,-62.6253243272171
A11,T2_pos-1_2,T2,pos-1,2,3,ECA1229,0.000301065732221873,0.000800652697892184,0.00017644444450351,-0.00049958696567031,0.000124621287718364,-1.41109806753865,0.770864501165474
A12,T2_pos-1_3,T2,pos-1,3,3,ECA1229,0.00033409022852144,0.000800652697892184,0.00017644444450351,-0.000466562469370744,0.00015764578401793,-1.26093878780023,0.921023780903893
A13,T2_pos-1_4,T2,pos-1,4,3,ECA1229,4.77173508001404e-05,0.000800652697892184,0.00017644444450351,-0.000752935347092044,-0.000128727093703369,-4.06859072113305,-1.88662815242892
A6,T2_ctrl_A,T2,ctrl,A,3,ECA1229,0.00035288888900702,0.000800652697892184,0.00017644444450351,-0.000447763808885164,0.00017644444450351,-1.18196256870413,1
A7,T2_ctrl_B,T2,ctrl,B,3,ECA1229,0,0.000800652697892184,0.00017644444450351,-0.000800652697892184,-0.00017644444450351,-64.8072868959212,-62.6253243272171
A10,T2_pos-1_1,T2,pos-1,1,5,ECA1229,0,0.00082108018564829,0.000177724305959791,-0.00082108018564829,-0.000177724305959791,-64.8436334414571,-62.6357513217566
A11,T2_pos-1_2,T2,pos-1,2,5,ECA1229,0.000350670084157959,0.00082108018564829,0.000177724305959791,-0.000470410101490331,0.000172945778198168,-1.22740876185138,0.980473357849102
A12,T2_pos-1_3,T2,pos-1,3,5,ECA1229,0.000362461135958727,0.00082108018564829,0.000177724305959791,-0.000458619049689563,0.000184736829998936,-1.17969680680528,1.0281853128952
A13,T2_pos-1_4,T2,pos-1,4,5,ECA1229,7.37061343288372e-05,0.00082108018564829,0.000177724305959791,-0.000747374051319453,-0.000104018171630954,-3.47766652026604,-1.26978440056556
A6,T2_ctrl_A,T2,ctrl,A,5,ECA1229,0.000355448611919583,0.00082108018564829,0.000177724305959791,-0.000465631573728708,0.000177724305959791,-1.20788211970048,1
A7,T2_ctrl_B,T2,ctrl,B,5,ECA1229,0,0.00082108018564829,0.000177724305959791,-0.00082108018564829,-0.000177724305959791,-64.8436334414571,-62.6357513217566
A10,T2_pos-1_1,T2,pos-1,1,10,ECA1229,2.91888532412753e-06,0.000832075058004437,0.000150050981933623,-0.00082915617268031,-0.000147132096609496,-8.15515233149516,-5.6838914177477
A11,T2_pos-1_2,T2,pos-1,2,10,ECA1229,0.000500358458144205,0.000832075058004437,0.000150050981933623,-0.000331716599860233,0.000350307476210581,-0.733751657822626,1.73750925592483
A12,T2_pos-1_3,T2,pos-1,3,10,ECA1229,0.00050571277790177,0.000832075058004437,0.000150050981933623,-0.000326362280102667,0.000355661795968147,-0.718395442046902,1.75286547170055
A13,T2_pos-1_4,T2,pos-1,4,10,ECA1229,0.000156678193866634,0.000832075058004437,0.000150050981933623,-0.000675396864137803,6.62721193301063e-06,-2.40890927111548,0.0623516426319759
A6,T2_ctrl_A,T2,ctrl,A,10,ECA1229,0.000300101963867247,0.000832075058004437,0.000150050981933623,-0.000531973094137191,0.000150050981933623,-1.47126091374746,1
A7,T2_ctrl_B,T2,ctrl,B,10,ECA1229,0,0.000832075058004437,0.000150050981933623,-0.000832075058004437,-0.000150050981933623,-64.8628239945191,-62.3915630807716
A10,T2_pos-1_1,T2,pos-1,1,3,ECA1232,0,0,0,0,0,0,0
A11,T2_pos-1_2,T2,pos-1,2,3,ECA1232,0,0,0,0,0,0,0
A12,T2_pos-1_3,T2,pos-1,3,3,ECA1232,0,0,0,0,0,0,0
A13,T2_pos-1_4,T2,pos-1,4,3,ECA1232,0,0,0,0,0,0,0
A6,T2_ctrl_A,T2,ctrl,A,3,ECA1232,0,0,0,0,0,0,0
A7,T2_ctrl_B,T2,ctrl,B,3,ECA1232,0,0,0,0,0,0,0
A10,T2_pos-1_1,T2,pos-1,1,5,ECA1232,0,0,0,0,0,0,0
A11,T2_pos-1_2,T2,pos-1,2,5,ECA1232,0,0,0,0,0,0,0
A12,T2_pos-1_3,T2,pos-1,3,5,ECA1232,0,0,0,0,0,0,0
A13,T2_pos-1_4,T2,pos-1,4,5,ECA1232,0,0,0,0,0,0,0
A6,T2_ctrl_A,T2,ctrl,A,5,ECA1232,0,0,0,0,0,0,0
A7,T2_ctrl_B,T2,ctrl,B,5,ECA1232,0,0,0,0,0,0,0
A10,T2_pos-1_1,T2,pos-1,1,10,ECA1232,0,0,0,0,0,0,0
A11,T2_pos-1_2,T2,pos-1,2,10,ECA1232,0,0,0,0,0,0,0
A12,T2_pos-1_3,T2,pos-1,3,10,ECA1232,0,0,0,0,0,0,0
A13,T2_pos-1_4,T2,pos-1,4,10,ECA1232,0,0,0,0,0,0,0
A6,T2_ctrl_A,T2,ctrl,A,10,ECA1232,0,0,0,0,0,0,0
A7,T2_ctrl_B,T2,ctrl,B,10,ECA1232,0,0,0,0,0,0,0
A10,T2_pos-1_1,T2,pos-1,1,3,ECA1237,0,0,0,0,0,0,0
A11,T2_pos-1_2,T2,pos-1,2,3,ECA1237,0,0,0,0,0,0,0
A12,T2_pos-1_3,T2,pos-1,3,3,ECA1237,0,0,0,0,0,0,0
A13,T2_pos-1_4,T2,pos-1,4,3,ECA1237,0,0,0,0,0,0,0
A6,T2_ctrl_A,T2,ctrl,A,3,ECA1237,0,0,0,0,0,0,0
A7,T2_ctrl_B,T2,ctrl,B,3,ECA1237,0,0,0,0,0,0,0
A10,T2_pos-1_1,T2,pos-1,1,5,ECA1237,0,0,0,0,0,0,0
A11,T2_pos-1_2,T2,pos-1,2,5,ECA1237,0,0,0,0,0,0,0
A12,T2_pos-1_3,T2,pos-1,3,5,ECA1237,0,0,0,0,0,0,0
A13,T2_pos-1_4,T2,pos-1,4,5,ECA1237,0,0,0,0,0,0,0
A6,T2_ctrl_A,T2,ctrl,A,5,ECA1237,0,0,0,0,0,0,0
A7,T2_ctrl_B,T2,ctrl,B,5,ECA1237,0,0,0,0,0,0,0
A10,T2_pos-1_1,T2,pos-1,1,10,ECA1237,0,0,1.05960096546871e-05,0,-1.05960096546871e-05,0,-58.5677032892713
A11,T2_pos-1_2,T2,pos-1,2,10,ECA1237,0,0,1.05960096546871e-05,0,-1.05960096546871e-05,0,-58.5677032892713
A12,T2_pos-1_3,T2,pos-1,3,10,ECA1237,0,0,1.05960096546871e-05,0,-1.05960096546871e-05,0,-58.5677032892713
A13,T2_pos-1_4,T2,pos-1,4,10,ECA1237,0,0,1.05960096546871e-05,0,-1.05960096546871e-05,0,-58.5677032892713
A6,T2_ctrl_A,T2,ctrl,A,10,ECA1237,2.11920193093741e-05,0,1.05960096546871e-05,2.11920193093741e-05,1.05960096546871e-05,59.5677032892713,1
A7,T2_ctrl_B,T2,ctrl,B,10,ECA1237,0,0,1.05960096546871e-05,0,-1.05960096546871e-05,0,-58.5677032892713
A10,T2_pos-1_1,T2,pos-1,1,3,ECA1238,0.000339769447377696,0,1.51725416704092e-05,0.000339769447377696,0.000324596905707287,63.570666449674,4.48502144086132
A11,T2_pos-1_2,T2,pos-1,2,3,ECA1238,0.000702238490346203,0,1.51725416704092e-05,0.000702238490346203,0.000687065948675794,64.618071394654,5.53242638584125
A12,T2_pos-1_3,T2,pos-1,3,3,ECA1238,0.000145214627928194,0,1.51725416704092e-05,0.000145214627928194,0.000130042086257785,62.3442971086909,3.25865209987813
A13,T2_pos-1_4,T2,pos-1,4,3,ECA1238,0.000198539284725383,0,1.51725416704092e-05,0.000198539284725383,0.000183366743054974,62.7955348207252,3.70988981191249
A6,T2_ctrl_A,T2,ctrl,A,3,ECA1238,3.03450833408183e-05,0,1.51725416704092e-05,3.03450833408183e-05,1.51725416704092e-05,60.0856450088127,1
A7,T2_ctrl_B,T2,ctrl,B,3,ECA1238,0,0,1.51725416704092e-05,0,-1.51725416704092e-05,0,-59.0856450088127
A10,T2_pos-1_1,T2,pos-1,1,5,ECA1238,0.000350220390624457,0,2.98211782097224e-06,0.000350220390624457,0.000347238272803485,63.6143734039983,6.87578201454718
A11,T2_pos-1_2,T2,pos-1,2,5,ECA1238,0.00066222777411888,0,2.98211782097224e-06,0.00066222777411888,0.000659245656297908,64.5334378400652,7.79484645061406
A12,T2_pos-1_3,T2,pos-1,3,5,ECA1238,0.000156848753655689,0,2.98211782097224e-06,0.000156848753655689,0.000153866635834716,62.4554843861587,5.71689299670757
A13,T2_pos-1_4,T2,pos-1,4,5,ECA1238,0.000135340860889611,0,2.98211782097224e-06,0.000135340860889611,0.000132358743068639,62.2427077913357,5.50411640188455
A6,T2_ctrl_A,T2,ctrl,A,5,ECA1238,5.96423564194447e-06,0,2.98211782097224e-06,5.96423564194447e-06,2.98211782097224e-06,57.7385913894511,1
A7,T2_ctrl_B,T2,ctrl,B,5,ECA1238,0,0,2.98211782097224e-06,0,-2.98211782097224e-06,0,-56.7385913894511
A10,T2_pos-1_1,T2,pos-1,1,10,ECA1238,0.000446849276969873,0,4.23933405656678e-05,0.000446849276969873,0.000404455936404205,63.9658986107477,3.39787873059159
A11,T2_pos-1_2,T2,pos-1,2,10,ECA1238,0.000689608409488543,0,4.23933405656678e-05,0.000689608409488543,0.000647215068922875,64.5918876884102,4.02386780825403
A12,T2_pos-1_3,T2,pos-1,3,10,ECA1238,7.40589677523918e-05,0,4.23933405656678e-05,7.40589677523918e-05,3.1665627186724e-05,61.3728566670199,0.804836786863723
A13,T2_pos-1_4,T2,pos-1,4,10,ECA1238,0,0,4.23933405656678e-05,0,-4.23933405656678e-05,0,-60.5680198801561
A6,T2_ctrl_A,T2,ctrl,A,10,ECA1238,8.47866811313356e-05,0,4.23933405656678e-05,8.47866811313356e-05,4.23933405656678e-05,61.5680198801562,1
A7,T2_ctrl_B,T2,ctrl,B,10,ECA1238,0,0,4.23933405656678e-05,0,-4.23933405656678e-05,0,-60.5680198801561
A10,T2_pos-1_1,T2,pos-1,1,3,ECA1240,0.000164820300457027,0.00136839777140816,0.000357710603886764,-0.00120357747095113,-0.000192890303429736,-3.05352180832215,-1.1178989396783
A11,T2_pos-1_2,T2,pos-1,2,3,ECA1240,0.000629813702518536,0.00136839777140816,0.000357710603886764,-0.000738584068889623,0.000272103098631773,-1.11949060875821,0.816132259885643
A12,T2_pos-1_3,T2,pos-1,3,3,ECA1240,0.000146437086250175,0.00136839777140816,0.000357710603886764,-0.00122196068515799,-0.000211273517636589,-3.22413478167456,-1.28851191303071
A13,T2_pos-1_4,T2,pos-1,4,3,ECA1240,0,0.00136839777140816,0.000357710603886764,-0.00136839777140816,-0.000357710603886764,-65.5805260753225,-63.6449032066787
A6,T2_ctrl_A,T2,ctrl,A,3,ECA1240,0,0.00136839777140816,0.000357710603886764,-0.00136839777140816,-0.000357710603886764,-65.5805260753225,-63.6449032066787
A7,T2_ctrl_B,T2,ctrl,B,3,ECA1240,0.000715421207773527,0.00136839777140816,0.000357710603886764,-0.000652976563634633,0.000357710603886764,-0.935622868643854,1
A10,T2_pos-1_1,T2,pos-1,1,5,ECA1240,0.000124401648661745,0.00141986217004225,0.000366549938351247,-0.00129546052138051,-0.000242148289689502,-3.51267337976005,-1.5590041576523
A11,T2_pos-1_2,T2,pos-1,2,5,ECA1240,0.000599000641401795,0.00141986217004225,0.000366549938351247,-0.000820861528640458,0.000232450703050549,-1.24512143717315,0.708547784934597
A12,T2_pos-1_3,T2,pos-1,3,5,ECA1240,0.000177600338703953,0.00141986217004225,0.000366549938351247,-0.0012422618313383,-0.000188949599647293,-2.99904465193297,-1.04537542982523
A13,T2_pos-1_4,T2,pos-1,4,5,ECA1240,0,0.00141986217004225,0.000366549938351247,-0.00141986217004225,-0.000366549938351247,-65.6337893058146,-63.6801200837069
A6,T2_ctrl_A,T2,ctrl,A,5,ECA1240,0,0.00141986217004225,0.000366549938351247,-0.00141986217004225,-0.000366549938351247,-65.6337893058146,-63.6801200837069
A7,T2_ctrl_B,T2,ctrl,B,5,ECA1240,0.000733099876702494,0.00141986217004225,0.000366549938351247,-0.00068676229333976,0.000366549938351247,-0.953669222107744,1
A10,T2_pos-1_1,T2,pos-1,1,10,ECA1240,8.46939359428803e-06,0.00125630873354651,0.00035104605485898,-0.00124783933995223,-0.000342576661264692,-7.21271665302271,-5.37325782773632
A11,T2_pos-1_2,T2,pos-1,2,10,ECA1240,0.000470793983074033,0.00125630873354651,0.00035104605485898,-0.000785514750472481,0.000119747928215053,-1.41602325772368,0.423435567562716
A12,T2_pos-1_3,T2,pos-1,3,10,ECA1240,0.000155765434563957,0.00125630873354651,0.00035104605485898,-0.00110054329898256,-0.000195280620295023,-3.01174401520082,-1.17228518991443
A13,T2_pos-1_4,T2,pos-1,4,10,ECA1240,0,0.00125630873354651,0.00035104605485898,-0.00125630873354651,-0.00035104605485898,-65.4572294608353,-63.617770635549
A6,T2_ctrl_A,T2,ctrl,A,10,ECA1240,0,0.00125630873354651,0.00035104605485898,-0.00125630873354651,-0.00035104605485898,-65.4572294608353,-63.617770635549
A7,T2_ctrl_B,T2,ctrl,B,10,ECA1240,0.00070209210971796,0.00125630873354651,0.00035104605485898,-0.000554216623828554,0.00035104605485898,-0.839458825286392,1
A10,T2_pos-1_1,T2,pos-1,1,3,ECA1242,0.00043580932930224,0.000372524631506144,0.000186652186115067,6.32846977960953e-05,0.000249157143187172,0.226361259919615,1.2233446744023
A11,T2_pos-1_2,T2,pos-1,2,3,ECA1242,0,0.000372524631506144,0.000186652186115067,-0.000372524631506144,-0.000186652186115067,-63.7034461412204,-62.7064627267377
A12,T2_pos-1_3,T2,pos-1,3,3,ECA1242,0,0.000372524631506144,0.000186652186115067,-0.000372524631506144,-0.000186652186115067,-63.7034461412204,-62.7064627267377
A13,T2_pos-1_4,T2,pos-1,4,3,ECA1242,0,0.000372524631506144,0.000186652186115067,-0.000372524631506144,-0.000186652186115067,-63.7034461412204,-62.7064627267377
A6,T2_ctrl_A,T2,ctrl,A,3,ECA1242,6.78525153668037e-06,0.000372524631506144,0.000186652186115067,-0.000365739379969464,-0.000179866934578387,-5.77878971127158,-4.7818062967889
A7,T2_ctrl_B,T2,ctrl,B,3,ECA1242,0.000366519120693454,0.000372524631506144,0.000186652186115067,-6.00551081268984e-06,0.000179866934578387,-0.0234473570869845,0.973536057395704
A10,T2_pos-1_1,T2,pos-1,1,5,ECA1242,0.000463694836533547,0.000436554457855071,0.000135222704609149,2.7140378678476e-05,0.000328472131924397,0.0870140280528645,1.77783825358799
A11,T2_pos-1_2,T2,pos-1,2,5,ECA1242,0,0.000436554457855071,0.000135222704609149,-0.000436554457855071,-0.000135222704609149,-63.9322719544496,-62.2414477289145
A12,T2_pos-1_3,T2,pos-1,3,5,ECA1242,0,0.000436554457855071,0.000135222704609149,-0.000436554457855071,-0.000135222704609149,-63.9322719544496,-62.2414477289145
A13,T2_pos-1_4,T2,pos-1,4,5,ECA1242,0,0.000436554457855071,0.000135222704609149,-0.000436554457855071,-0.000135222704609149,-63.9322719544496,-62.2414477289145
A6,T2_ctrl_A,T2,ctrl,A,5,ECA1242,0,0.000436554457855071,0.000135222704609149,-0.000436554457855071,-0.000135222704609149,-63.9322719544496,-62.2414477289145
A7,T2_ctrl_B,T2,ctrl,B,5,ECA1242,0.000270445409218299,0.000436554457855071,0.000135222704609149,-0.000166109048636772,0.000135222704609149,-0.690824225535126,1
A10,T2_pos-1_1,T2,pos-1,1,10,ECA1242,0.000456887973683568,0.00034071052091224,5.23607961719484e-05,0.000116177452771328,0.00040452717751162,0.423293970499391,3.12528152861796
A11,T2_pos-1_2,T2,pos-1,2,10,ECA1242,0,0.00034071052091224,5.23607961719484e-05,-0.00034071052091224,-5.23607961719484e-05,-63.574656818385,-60.8726692602664
A12,T2_pos-1_3,T2,pos-1,3,10,ECA1242,0,0.00034071052091224,5.23607961719484e-05,-0.00034071052091224,-5.23607961719484e-05,-63.574656818385,-60.8726692602664
A13,T2_pos-1_4,T2,pos-1,4,10,ECA1242,0,0.00034071052091224,5.23607961719484e-05,-0.00034071052091224,-5.23607961719484e-05,-63.574656818385,-60.8726692602664
A6,T2_ctrl_A,T2,ctrl,A,10,ECA1242,0,0.00034071052091224,5.23607961719484e-05,-0.00034071052091224,-5.23607961719484e-05,-63.574656818385,-60.8726692602664
A7,T2_ctrl_B,T2,ctrl,B,10,ECA1242,0.000104721592343897,0.00034071052091224,5.23607961719484e-05,-0.000235988928568343,5.23607961719484e-05,-1.70198755811857,1
A10,T2_pos-1_1,T2,pos-1,1,3,ECA1247,0,6.80414127732893e-05,0.000323254300964737,-6.80414127732893e-05,-0.000323254300964737,-61.2505953225344,-63.4987798863247
A11,T2_pos-1_2,T2,pos-1,2,3,ECA1247,0,6.80414127732893e-05,0.000323254300964737,-6.80414127732893e-05,-0.000323254300964737,-61.2505953225344,-63.4987798863247
A12,T2_pos-1_3,T2,pos-1,3,3,ECA1247,0,6.80414127732893e-05,0.000323254300964737,-6.80414127732893e-05,-0.000323254300964737,-61.2505953225344,-63.4987798863247
A13,T2_pos-1_4,T2,pos-1,4,3,ECA1247,0,6.80414127732893e-05,0.000323254300964737,-6.80414127732893e-05,-0.000323254300964737,-61.2505953225344,-63.4987798863247
A6,T2_ctrl_A,T2,ctrl,A,3,ECA1247,0.000646508601929475,6.80414127732893e-05,0.000323254300964737,0.000578467189156186,0.000323254300964737,3.24818456379029,1
A7,T2_ctrl_B,T2,ctrl,B,3,ECA1247,0,6.80414127732893e-05,0.000323254300964737,-6.80414127732893e-05,-0.000323254300964737,-61.2505953225344,-63.4987798863247
A10,T2_pos-1_1,T2,pos-1,1,5,ECA1247,0,7.16344062737552e-05,0.000332853016376603,-7.16344062737552e-05,-0.000332853016376603,-61.3248349117066,-63.5409955630972
A11,T2_pos-1_2,T2,pos-1,2,5,ECA1247,0,7.16344062737552e-05,0.000332853016376603,-7.16344062737552e-05,-0.000332853016376603,-61.3248349117066,-63.5409955630972
A12,T2_pos-1_3,T2,pos-1,3,5,ECA1247,0,7.16344062737552e-05,0.000332853016376603,-7.16344062737552e-05,-0.000332853016376603,-61.3248349117066,-63.5409955630972
A13,T2_pos-1_4,T2,pos-1,4,5,ECA1247,0,7.16344062737552e-05,0.000332853016376603,-7.16344062737552e-05,-0.000332853016376603,-61.3248349117066,-63.5409955630972
A6,T2_ctrl_A,T2,ctrl,A,5,ECA1247,0.000665706032753206,7.16344062737552e-05,0.000332853016376603,0.000594071626479451,0.000332853016376603,3.21616065139055,1
A7,T2_ctrl_B,T2,ctrl,B,5,ECA1247,0,7.16344062737552e-05,0.000332853016376603,-7.16344062737552e-05,-0.000332853016376603,-61.3248349117066,-63.5409955630972
A10,T2_pos-1_1,T2,pos-1,1,10,ECA1247,0,0.000144467215043653,0.000412975296443566,-0.000144467215043653,-0.000412975296443566,-62.3368524497941,-63.8521658052028
A11,T2_pos-1_2,T2,pos-1,2,10,ECA1247,0,0.000144467215043653,0.000412975296443566,-0.000144467215043653,-0.000412975296443566,-62.3368524497941,-63.8521658052028
A12,T2_pos-1_3,T2,pos-1,3,10,ECA1247,0,0.000144467215043653,0.000412975296443566,-0.000144467215043653,-0.000412975296443566,-62.3368524497941,-63.8521658052028
A13,T2_pos-1_4,T2,pos-1,4,10,ECA1247,0,0.000144467215043653,0.000412975296443566,-0.000144467215043653,-0.000412975296443566,-62.3368524497941,-63.8521658052028
A6,T2_ctrl_A,T2,ctrl,A,10,ECA1247,0.000825950592887133,0.000144467215043653,0.000412975296443566,0.000681483377843481,0.000412975296443566,2.51531335540876,1
A7,T2_ctrl_B,T2,ctrl,B,10,ECA1247,0,0.000144467215043653,0.000412975296443566,-0.000144467215043653,-0.000412975296443566,-62.3368524497941,-63.8521658052028
A10,T2_pos-1_1,T2,pos-1,1,3,ECA1251,0,9.60672437329004e-05,0,-9.60672437329004e-05,0,-61.7482268217492,0
A11,T2_pos-1_2,T2,pos-1,2,3,ECA1251,0,9.60672437329004e-05,0,-9.60672437329004e-05,0,-61.7482268217492,0
A12,T2_pos-1_3,T2,pos-1,3,3,ECA1251,0,9.60672437329004e-05,0,-9.60672437329004e-05,0,-61.7482268217492,0
A13,T2_pos-1_4,T2,pos-1,4,3,ECA1251,0,9.60672437329004e-05,0,-9.60672437329004e-05,0,-61.7482268217492,0
A6,T2_ctrl_A,T2,ctrl,A,3,ECA1251,0,9.60672437329004e-05,0,-9.60672437329004e-05,0,-61.7482268217492,0
A7,T2_ctrl_B,T2,ctrl,B,3,ECA1251,0,9.60672437329004e-05,0,-9.60672437329004e-05,0,-61.7482268217492,0
A10,T2_pos-1_1,T2,pos-1,1,5,ECA1251,0,6.05261198872396e-06,0,-6.05261198872396e-06,0,-57.7598119990342,0
A11,T2_pos-1_2,T2,pos-1,2,5,ECA1251,0,6.05261198872396e-06,0,-6.05261198872396e-06,0,-57.7598119990342,0
A12,T2_pos-1_3,T2,pos-1,3,5,ECA1251,0,6.05261198872396e-06,0,-6.05261198872396e-06,0,-57.7598119990342,0
A13,T2_pos-1_4,T2,pos-1,4,5,ECA1251,0,6.05261198872396e-06,0,-6.05261198872396e-06,0,-57.7598119990342,0
A6,T2_ctrl_A,T2,ctrl,A,5,ECA1251,0,6.05261198872396e-06,0,-6.05261198872396e-06,0,-57.7598119990342,0
A7,T2_ctrl_B,T2,ctrl,B,5,ECA1251,0,6.05261198872396e-06,0,-6.05261198872396e-06,0,-57.7598119990342,0
A10,T2_pos-1_1,T2,pos-1,1,10,ECA1251,0,0,0,0,0,0,0
A11,T2_pos-1_2,T2,pos-1,2,10,ECA1251,0,0,0,0,0,0,0
A12,T2_pos-1_3,T2,pos-1,3,10,ECA1251,0,0,0,0,0,0,0
A13,T2_pos-1_4,T2,pos-1,4,10,ECA1251,0,0,0,0,0,0,0
A6,T2_ctrl_A,T2,ctrl,A,10,ECA1251,0,0,0,0,0,0,0
A7,T2_ctrl_B,T2,ctrl,B,10,ECA1251,0,0,0,0,0,0,0
A10,T2_pos-1_1,T2,pos-1,1,3,ECA1253,0,0,7.77138680811879e-05,0,-7.77138680811879e-05,0,-61.4423542972267
A11,T2_pos-1_2,T2,pos-1,2,3,ECA1253,0,0,7.77138680811879e-05,0,-7.77138680811879e-05,0,-61.4423542972267
A12,T2_pos-1_3,T2,pos-1,3,3,ECA1253,0.000221546751418456,0,7.77138680811879e-05,0.000221546751418456,0.000143832883337269,62.9537214932794,1.51136719605263
A13,T2_pos-1_4,T2,pos-1,4,3,ECA1253,0,0,7.77138680811879e-05,0,-7.77138680811879e-05,0,-61.4423542972267
A6,T2_ctrl_A,T2,ctrl,A,3,ECA1253,0,0,7.77138680811879e-05,0,-7.77138680811879e-05,0,-61.4423542972267
A7,T2_ctrl_B,T2,ctrl,B,3,ECA1253,0.000155427736162376,0,7.77138680811879e-05,0.000155427736162376,7.77138680811879e-05,62.4423542972267,1
A10,T2_pos-1_1,T2,pos-1,1,5,ECA1253,0,0,1.3193775222314e-05,0,-1.3193775222314e-05,0,-58.8840396574713
A11,T2_pos-1_2,T2,pos-1,2,5,ECA1253,0,0,1.3193775222314e-05,0,-1.3193775222314e-05,0,-58.8840396574713
A12,T2_pos-1_3,T2,pos-1,3,5,ECA1253,0.000106325689105713,0,1.3193775222314e-05,0.000106325689105713,9.31319138833994e-05,61.8946005260298,3.01056086855851
A13,T2_pos-1_4,T2,pos-1,4,5,ECA1253,0,0,1.3193775222314e-05,0,-1.3193775222314e-05,0,-58.8840396574713
A6,T2_ctrl_A,T2,ctrl,A,5,ECA1253,0,0,1.3193775222314e-05,0,-1.3193775222314e-05,0,-58.8840396574713
A7,T2_ctrl_B,T2,ctrl,B,5,ECA1253,2.63875504446279e-05,0,1.3193775222314e-05,2.63875504446279e-05,1.3193775222314e-05,59.8840396574713,1
A10,T2_pos-1_1,T2,pos-1,1,10,ECA1253,0,0,0,0,0,0,0
A11,T2_pos-1_2,T2,pos-1,2,10,ECA1253,0,0,0,0,0,0,0
A12,T2_pos-1_3,T2,pos-1,3,10,ECA1253,0.000138318048185957,0,0,0.000138318048185957,0.000138318048185957,62.2740997370908,62.2740997370908
A13,T2_pos-1_4,T2,pos-1,4,10,ECA1253,0,0,0,0,0,0,0
A6,T2_ctrl_A,T2,ctrl,A,10,ECA1253,0,0,0,0,0,0,0
A7,T2_ctrl_B,T2,ctrl,B,10,ECA1253,0,0,0,0,0,0,0
A10,T2_pos-1_1,T2,pos-1,1,3,ECA1255,0.096568073092793,0.00741653620941405,0.00583390236751792,0.089151536883379,0.0907341707252751,3.70272883196698,4.04901314294472
A11,T2_pos-1_2,T2,pos-1,2,3,ECA1255,0.0977764000360361,0.00741653620941405,0.00583390236751792,0.0903598638266221,0.0919424976685182,3.72066883019756,4.0669531411753
A12,T2_pos-1_3,T2,pos-1,3,3,ECA1255,0.0897788654174493,0.00741653620941405,0.00583390236751792,0.0823623292080353,0.0839449630499314,3.59755840577446,3.9438427167522
A13,T2_pos-1_4,T2,pos-1,4,3,ECA1255,0.0759437756484672,0.00741653620941405,0.00583390236751792,0.0685272394390532,0.0701098732809493,3.35611426779197,3.70239857876971
A6,T2_ctrl_A,T2,ctrl,A,3,ECA1255,0.00604737893313705,0.00741653620941405,0.00583390236751792,-0.001369157276277,0.000213476565619134,-0.294435571252218,0.0518487397255216
A7,T2_ctrl_B,T2,ctrl,B,3,ECA1255,0.00562042580189878,0.00741653620941405,0.00583390236751792,-0.00179611040751527,-0.000213476565619134,-0.400066120626125,-0.0537818096483856
A10,T2_pos-1_1,T2,pos-1,1,5,ECA1255,0.0969042339368291,0.00747114684051452,0.0058239642739462,0.0894330870963146,0.0910802696628829,3.69715807862971,4.05648629048009
A11,T2_pos-1_2,T2,pos-1,2,5,ECA1255,0.0978204810954044,0.00747114684051452,0.0058239642739462,0.0903493342548899,0.0919965168214582,3.71073493750256,4.07006314935293
A12,T2_pos-1_3,T2,pos-1,3,5,ECA1255,0.0900525694292093,0.00747114684051452,0.0058239642739462,0.0825814225886948,0.0842286051552631,3.59136581790813,3.9506940297585
A13,T2_pos-1_4,T2,pos-1,4,5,ECA1255,0.0759354760032109,0.00747114684051452,0.0058239642739462,0.0684643291626963,0.0701115117292647,3.34537242770963,3.70470063956001
A6,T2_ctrl_A,T2,ctrl,A,5,ECA1255,0.00617366265254939,0.00747114684051452,0.0058239642739462,-0.00129748418796514,0.000349698378603193,-0.275203065541601,0.0841251463087713
A7,T2_ctrl_B,T2,ctrl,B,5,ECA1255,0.005474265895343,0.00747114684051452,0.0058239642739462,-0.00199688094517152,-0.000349698378603193,-0.44866420665897,-0.0893359948085982
A10,T2_pos-1_1,T2,pos-1,1,10,ECA1255,0.0970374192366957,0.00706061715138617,0.00565796718281066,0.0899768020853096,0.091379452053885,3.78067498511599,4.10018546771395
A11,T2_pos-1_2,T2,pos-1,2,10,ECA1255,0.0975144969237607,0.00706061715138617,0.00565796718281066,0.0904538797723745,0.09185652974095,3.78775051545693,4.10726099805489
A12,T2_pos-1_3,T2,pos-1,3,10,ECA1255,0.0895986829114378,0.00706061715138617,0.00565796718281066,0.0825380657600517,0.0839407157286272,3.66561132842811,3.98512181102607
A13,T2_pos-1_4,T2,pos-1,4,10,ECA1255,0.0749838752303803,0.00706061715138617,0.00565796718281066,0.0679232580789941,0.0693259080475696,3.4087141906702,3.72822467326816
A6,T2_ctrl_A,T2,ctrl,A,10,ECA1255,0.00590618603655679,0.00706061715138617,0.00565796718281066,-0.00115443111482938,0.000248218853746128,-0.257567491422239,0.0619429911757209
A7,T2_ctrl_B,T2,ctrl,B,10,ECA1255,0.00540974832906454,0.00706061715138617,0.00565796718281066,-0.00165086882232164,-0.000248218853746129,-0.384232812553773,-0.0647223299558135
A10,T2_pos-1_1,T2,pos-1,1,3,ECA1257,0,0,0.000149135097847055,0,-0.000149135097847055,0,-62.3827301460425
A11,T2_pos-1_2,T2,pos-1,2,3,ECA1257,0,0,0.000149135097847055,0,-0.000149135097847055,0,-62.3827301460425
A12,T2_pos-1_3,T2,pos-1,3,3,ECA1257,0,0,0.000149135097847055,0,-0.000149135097847055,0,-62.3827301460425
A13,T2_pos-1_4,T2,pos-1,4,3,ECA1257,0,0,0.000149135097847055,0,-0.000149135097847055,0,-62.3827301460425
A6,T2_ctrl_A,T2,ctrl,A,3,ECA1257,0.000298270195694111,0,0.000149135097847055,0.000298270195694111,0.000149135097847055,63.3827301460425,1
A7,T2_ctrl_B,T2,ctrl,B,3,ECA1257,0,0,0.000149135097847055,0,-0.000149135097847055,0,-62.3827301460425
A10,T2_pos-1_1,T2,pos-1,1,5,ECA1257,0,0,0.000100511459436438,0,-0.000100511459436438,0,-61.8134703150447
A11,T2_pos-1_2,T2,pos-1,2,5,ECA1257,0,0,0.000100511459436438,0,-0.000100511459436438,0,-61.8134703150447
A12,T2_pos-1_3,T2,pos-1,3,5,ECA1257,0,0,0.000100511459436438,0,-0.000100511459436438,0,-61.8134703150447
A13,T2_pos-1_4,T2,pos-1,4,5,ECA1257,0,0,0.000100511459436438,0,-0.000100511459436438,0,-61.8134703150447
A6,T2_ctrl_A,T2,ctrl,A,5,ECA1257,0.000201022918872875,0,0.000100511459436438,0.000201022918872875,0.000100511459436438,62.8134703150447,1
A7,T2_ctrl_B,T2,ctrl,B,5,ECA1257,0,0,0.000100511459436438,0,-0.000100511459436438,0,-61.8134703150447
A10,T2_pos-1_1,T2,pos-1,1,10,ECA1257,0,0,0.0003103280261276,0,-0.0003103280261276,0,-63.4399043152239
A11,T2_pos-1_2,T2,pos-1,2,10,ECA1257,0,0,0.0003103280261276,0,-0.0003103280261276,0,-63.4399043152239
A12,T2_pos-1_3,T2,pos-1,3,10,ECA1257,0,0,0.0003103280261276,0,-0.0003103280261276,0,-63.4399043152239
A13,T2_pos-1_4,T2,pos-1,4,10,ECA1257,0,0,0.0003103280261276,0,-0.0003103280261276,0,-63.4399043152239
A6,T2_ctrl_A,T2,ctrl,A,10,ECA1257,0.000620656052255201,0,0.0003103280261276,0.000620656052255201,0.0003103280261276,64.4399043152239,1
A7,T2_ctrl_B,T2,ctrl,B,10,ECA1257,0,0,0.0003103280261276,0,-0.0003103280261276,0,-63.4399043152239
A10,T2_pos-1_1,T2,pos-1,1,3,ECA1260,0,0,0,0,0,0,0
A11,T2_pos-1_2,T2,pos-1,2,3,ECA1260,0,0,0,0,0,0,0
A12,T2_pos-1_3,T2,pos-1,3,3,ECA1260,0,0,0,0,0,0,0
A13,T2_pos-1_4,T2,pos-1,4,3,ECA1260,0,0,0,0,0,0,0
A6,T2_ctrl_A,T2,ctrl,A,3,ECA1260,0,0,0,0,0,0,0
A7,T2_ctrl_B,T2,ctrl,B,3,ECA1260,0,0,0,0,0,0,0
A10,T2_pos-1_1,T2,pos-1,1,5,ECA1260,0,0,0,0,0,0,0
A11,T2_pos-1_2,T2,pos-1,2,5,ECA1260,0,0,0,0,0,0,0
A12,T2_pos-1_3,T2,pos-1,3,5,ECA1260,0,0,0,0,0,0,0
A13,T2_pos-1_4,T2,pos-1,4,5,ECA1260,0,0,0,0,0,0,0
A6,T2_ctrl_A,T2,ctrl,A,5,ECA1260,0,0,0,0,0,0,0
A7,T2_ctrl_B,T2,ctrl,B,5,ECA1260,0,0,0,0,0,0,0
A10,T2_pos-1_1,T2,pos-1,1,10,ECA1260,0,0,0,0,0,0,0
A11,T2_pos-1_2,T2,pos-1,2,10,ECA1260,1.72903047868679e-05,0,0,1.72903047868679e-05,1.72903047868679e-05,59.2741455264006,59.2741455264006
A12,T2_pos-1_3,T2,pos-1,3,10,ECA1260,5.76440329303032e-05,0,0,5.76440329303032e-05,5.76440329303032e-05,61.0113534997578,61.0113534997578
A13,T2_pos-1_4,T2,pos-1,4,10,ECA1260,0,0,0,0,0,0,0
A6,T2_ctrl_A,T2,ctrl,A,10,ECA1260,0,0,0,0,0,0,0
A7,T2_ctrl_B,T2,ctrl,B,10,ECA1260,0,0,0,0,0,0,0
A10,T2_pos-1_1,T2,pos-1,1,3,ECA1261,0,0.000318591893414156,8.1522175748204e-05,-0.000318591893414156,-8.1522175748204e-05,-63.4778198786947,-61.5113747820769
A11,T2_pos-1_2,T2,pos-1,2,3,ECA1261,0.00019116414145315,0.000318591893414156,8.1522175748204e-05,-0.000127427751961006,0.000109641965704946,-0.736897629753184,1.22954746686463
A12,T2_pos-1_3,T2,pos-1,3,3,ECA1261,0,0.000318591893414156,8.1522175748204e-05,-0.000318591893414156,-8.1522175748204e-05,-63.4778198786947,-61.5113747820769
A13,T2_pos-1_4,T2,pos-1,4,3,ECA1261,0,0.000318591893414156,8.1522175748204e-05,-0.000318591893414156,-8.1522175748204e-05,-63.4778198786947,-61.5113747820769
A6,T2_ctrl_A,T2,ctrl,A,3,ECA1261,0.000163044351496408,0.000318591893414156,8.1522175748204e-05,-0.000155547541917749,8.1522175748204e-05,-0.966445096617816,1
A7,T2_ctrl_B,T2,ctrl,B,3,ECA1261,0,0.000318591893414156,8.1522175748204e-05,-0.000318591893414156,-8.1522175748204e-05,-63.4778198786947,-61.5113747820769
A10,T2_pos-1_1,T2,pos-1,1,5,ECA1261,0,0.000311024905214649,9.36095830340491e-05,-0.000311024905214649,-9.36095830340491e-05,-63.4431404291096,-61.7108384553877
A11,T2_pos-1_2,T2,pos-1,2,5,ECA1261,0.000235917971907372,0.000311024905214649,9.36095830340491e-05,-7.5106933307277e-05,0.000142308388873323,-0.398744783009171,1.33355719071274
A12,T2_pos-1_3,T2,pos-1,3,5,ECA1261,0,0.000311024905214649,9.36095830340491e-05,-0.000311024905214649,-9.36095830340491e-05,-63.4431404291096,-61.7108384553877
A13,T2_pos-1_4,T2,pos-1,4,5,ECA1261,0,0.000311024905214649,9.36095830340491e-05,-0.000311024905214649,-9.36095830340491e-05,-63.4431404291096,-61.7108384553877
A6,T2_ctrl_A,T2,ctrl,A,5,ECA1261,0.000187219166068098,0.000311024905214649,9.36095830340491e-05,-0.000123805739146551,9.36095830340491e-05,-0.732301973721914,1
A7,T2_ctrl_B,T2,ctrl,B,5,ECA1261,0,0.000311024905214649,9.36095830340491e-05,-0.000311024905214649,-9.36095830340491e-05,-63.4431404291096,-61.7108384553877
A10,T2_pos-1_1,T2,pos-1,1,10,ECA1261,0,0.000315660352854971,0.000168628015797766,-0.000315660352854971,-0.000168628015797766,-63.4644833894051,-62.5599545658354
A11,T2_pos-1_2,T2,pos-1,2,10,ECA1261,0.000308165954123877,0.000315660352854971,0.000168628015797766,-7.49439873109424e-06,0.00013953793832611,-0.0346655854910223,0.869863238078598
A12,T2_pos-1_3,T2,pos-1,3,10,ECA1261,0,0.000315660352854971,0.000168628015797766,-0.000315660352854971,-0.000168628015797766,-63.4644833894051,-62.5599545658354
A13,T2_pos-1_4,T2,pos-1,4,10,ECA1261,0,0.000315660352854971,0.000168628015797766,-0.000315660352854971,-0.000168628015797766,-63.4644833894051,-62.5599545658354
A6,T2_ctrl_A,T2,ctrl,A,10,ECA1261,0.000337256031595533,0.000315660352854971,0.000168628015797766,2.15956787405617e-05,0.000168628015797766,0.0954711764303798,1
A7,T2_ctrl_B,T2,ctrl,B,10,ECA1261,0,0.000315660352854971,0.000168628015797766,-0.000315660352854971,-0.000168628015797766,-63.4644833894051,-62.5599545658354
A10,T2_pos-1_1,T2,pos-1,1,3,ECA1269,0.000207505218269563,0,0.000623650024676267,0.000207505218269563,-0.000416144806406704,62.8592579381206,-1.58758903788465
A11,T2_pos-1_2,T2,pos-1,2,3,ECA1269,0.00069674504368327,0,0.000623650024676267,0.00069674504368327,7.30950190070031e-05,64.6067411555194,0.15989417951419
A12,T2_pos-1_3,T2,pos-1,3,3,ECA1269,0.000760475391929441,0,0.000623650024676267,0.000760475391929441,0.000136825367253174,64.733011885634,0.286164909628807
A13,T2_pos-1_4,T2,pos-1,4,3,ECA1269,0,0,0.000623650024676267,0,-0.000623650024676267,0,-64.4468469760052
A6,T2_ctrl_A,T2,ctrl,A,3,ECA1269,0,0,0.000623650024676267,0,-0.000623650024676267,0,-64.4468469760052
A7,T2_ctrl_B,T2,ctrl,B,3,ECA1269,0.00124730004935253,0,0.000623650024676267,0.00124730004935253,0.000623650024676267,65.4468469760052,1
A10,T2_pos-1_1,T2,pos-1,1,5,ECA1269,0.000299137449740286,0,0.000650068013589006,0.000299137449740286,-0.00035093056384872,63.3869188570511,-1.11978213225874
A11,T2_pos-1_2,T2,pos-1,2,5,ECA1269,0.000785504393503528,0,0.000650068013589006,0.000785504393503528,0.000135436379914522,64.7797296656695,0.273028676359734
A12,T2_pos-1_3,T2,pos-1,3,5,ECA1269,0.00092605053830845,0,0.000650068013589006,0.00092605053830845,0.000275982524719444,65.0172012501225,0.510500260812653
A13,T2_pos-1_4,T2,pos-1,4,5,ECA1269,0,0,0.000650068013589006,0,-0.000650068013589006,0,-64.5067009893098
A6,T2_ctrl_A,T2,ctrl,A,5,ECA1269,0,0,0.000650068013589006,0,-0.000650068013589006,0,-64.5067009893098
A7,T2_ctrl_B,T2,ctrl,B,5,ECA1269,0.00130013602717801,0,0.000650068013589006,0.00130013602717801,0.000650068013589006,65.5067009893098,1
A10,T2_pos-1_1,T2,pos-1,1,10,ECA1269,0.000280287258016109,0,0.000569367789318811,0.000280287258016109,-0.000289080531302702,63.2930164811087,-1.02245471791415
A11,T2_pos-1_2,T2,pos-1,2,10,ECA1269,0.000487081843453594,0,0.000569367789318811,0.000487081843453594,-8.22859458652169e-05,64.0902745268409,-0.225196672181926
A12,T2_pos-1_3,T2,pos-1,3,10,ECA1269,0.000778035892990738,0,0.000569367789318811,0.000778035892990738,0.000208668103671927,64.7659470331473,0.450475834124485
A13,T2_pos-1_4,T2,pos-1,4,10,ECA1269,0,0,0.000569367789318811,0,-0.000569367789318811,0,-64.3154711990228
A6,T2_ctrl_A,T2,ctrl,A,10,ECA1269,0,0,0.000569367789318811,0,-0.000569367789318811,0,-64.3154711990228
A7,T2_ctrl_B,T2,ctrl,B,10,ECA1269,0.00113873557863762,0,0.000569367789318811,0.00113873557863762,0.000569367789318811,65.3154711990228,1
A10,T2_pos-1_1,T2,pos-1,1,3,ECA1271,0.00169404987242793,0.000996941496228701,0.000185078571290466,0.000697108376199234,0.00150897130113747,0.764895597716167,3.19426657557425
A11,T2_pos-1_2,T2,pos-1,2,3,ECA1271,0,0.000996941496228701,0.000185078571290466,-0.000996941496228701,-0.000185078571290466,-65.1236191658758,-62.6942481880177
A12,T2_pos-1_3,T2,pos-1,3,3,ECA1271,0.00209507623026237,0.000996941496228701,0.000185078571290466,0.00109813473403366,0.0019099976589719,1.07142198778767,3.50079296564576
A13,T2_pos-1_4,T2,pos-1,4,3,ECA1271,0.00123984861295733,0.000996941496228701,0.000185078571290466,0.000242907116728633,0.00105477004166687,0.314583226344051,2.74395420420214
A6,T2_ctrl_A,T2,ctrl,A,3,ECA1271,0.000294124910441235,0.000996941496228701,0.000185078571290466,-0.000702816585787465,0.00010904633915077,-1.76107986890746,0.668291108950622
A7,T2_ctrl_B,T2,ctrl,B,3,ECA1271,7.60322321396958e-05,0.000996941496228701,0.000185078571290466,-0.000920909264089005,-0.00010904633915077,-3.71282579389677,-1.28345481603868
A10,T2_pos-1_1,T2,pos-1,1,5,ECA1271,0.00164574284467464,0.000939188312986752,0.000122021217177078,0.000706554531687887,0.00152372162749756,0.809252564098275,3.75353499321342
A11,T2_pos-1_2,T2,pos-1,2,5,ECA1271,0,0.000939188312986752,0.000122021217177078,-0.000939188312986752,-0.000122021217177078,-65.0375247768489,-62.0932423477337
A12,T2_pos-1_3,T2,pos-1,3,5,ECA1271,0.00216509519013962,0.000939188312986752,0.000122021217177078,0.00122590687715287,0.00204307397296255,1.20494409443309,4.14922652354823
A13,T2_pos-1_4,T2,pos-1,4,5,ECA1271,0.00137452354771274,0.000939188312986752,0.000122021217177078,0.00043533523472599,0.00125250233053566,0.549445261505082,3.49372769062022
A6,T2_ctrl_A,T2,ctrl,A,5,ECA1271,0.000207092947986316,0.000939188312986752,0.000122021217177078,-0.000732095365000436,8.50717308092383e-05,-2.18113602888681,0.763146400228333
A7,T2_ctrl_B,T2,ctrl,B,5,ECA1271,3.69494863678392e-05,0.000939188312986752,0.000122021217177078,-0.000902238826618913,-8.50717308092383e-05,-4.66778824121751,-1.72350581210237
A10,T2_pos-1_1,T2,pos-1,1,10,ECA1271,0.00166796381067193,0.000986890728492609,0.000351849206616108,0.000681073082179316,0.00131611460405582,0.757125728278996,2.24505882238279
A11,T2_pos-1_2,T2,pos-1,2,10,ECA1271,0.000168704829939201,0.000986890728492609,0.000351849206616108,-0.000818185898553408,-0.000183144376676907,-2.54838907610279,-1.060455981999
A12,T2_pos-1_3,T2,pos-1,3,10,ECA1271,0.00223614219464914,0.000986890728492609,0.000351849206616108,0.00124925146615653,0.00188429298803303,1.18004967191576,2.66798276601956
A13,T2_pos-1_4,T2,pos-1,4,10,ECA1271,0.00145418412307477,0.000986890728492609,0.000351849206616108,0.000467293394582163,0.00110233491645866,0.559247690088852,2.04718078419264
A6,T2_ctrl_A,T2,ctrl,A,10,ECA1271,0.000298120309437463,0.000986890728492609,0.000351849206616108,-0.000688770419055146,-5.37288971786447e-05,-1.72699569175876,-0.239062597654972
A7,T2_ctrl_B,T2,ctrl,B,10,ECA1271,0.000405578103794753,0.000986890728492609,0.000351849206616108,-0.000581312624697856,5.37288971786447e-05,-1.28291058725266,0.205022506851129
A10,T2_pos-1_1,T2,pos-1,1,3,ECA1276,0,3.81075793075989e-05,0.000217824124884727,-3.81075793075989e-05,-0.000217824124884727,-60.4142601932459,-62.929274067903
A11,T2_pos-1_2,T2,pos-1,2,3,ECA1276,0,3.81075793075989e-05,0.000217824124884727,-3.81075793075989e-05,-0.000217824124884727,-60.4142601932459,-62.929274067903
A12,T2_pos-1_3,T2,pos-1,3,3,ECA1276,0,3.81075793075989e-05,0.000217824124884727,-3.81075793075989e-05,-0.000217824124884727,-60.4142601932459,-62.929274067903
A13,T2_pos-1_4,T2,pos-1,4,3,ECA1276,0,3.81075793075989e-05,0.000217824124884727,-3.81075793075989e-05,-0.000217824124884727,-60.4142601932459,-62.929274067903
A6,T2_ctrl_A,T2,ctrl,A,3,ECA1276,0.000435648249769454,3.81075793075989e-05,0.000217824124884727,0.000397540670461856,0.000217824124884727,3.51501387465705,1
A7,T2_ctrl_B,T2,ctrl,B,3,ECA1276,0,3.81075793075989e-05,0.000217824124884727,-3.81075793075989e-05,-0.000217824124884727,-60.4142601932459,-62.929274067903
A10,T2_pos-1_1,T2,pos-1,1,5,ECA1276,0,4.3167440108752e-05,0.000217912796685862,-4.3167440108752e-05,-0.000217912796685862,-60.5941257673672,-62.9298612404064
A11,T2_pos-1_2,T2,pos-1,2,5,ECA1276,0,4.3167440108752e-05,0.000217912796685862,-4.3167440108752e-05,-0.000217912796685862,-60.5941257673672,-62.9298612404064
A12,T2_pos-1_3,T2,pos-1,3,5,ECA1276,0,4.3167440108752e-05,0.000217912796685862,-4.3167440108752e-05,-0.000217912796685862,-60.5941257673672,-62.9298612404064
A13,T2_pos-1_4,T2,pos-1,4,5,ECA1276,0,4.3167440108752e-05,0.000217912796685862,-4.3167440108752e-05,-0.000217912796685862,-60.5941257673672,-62.9298612404064
A6,T2_ctrl_A,T2,ctrl,A,5,ECA1276,0.000435825593371725,4.3167440108752e-05,0.000217912796685862,0.000392658153262973,0.000217912796685862,3.3357354730392,1
A7,T2_ctrl_B,T2,ctrl,B,5,ECA1276,0,4.3167440108752e-05,0.000217912796685862,-4.3167440108752e-05,-0.000217912796685862,-60.5941257673672,-62.9298612404064
A10,T2_pos-1_1,T2,pos-1,1,10,ECA1276,0,2.80268295509462e-05,0.000136371422511558,-2.80268295509462e-05,-0.000136371422511558,-59.9709907790738,-62.2536516710324
A11,T2_pos-1_2,T2,pos-1,2,10,ECA1276,0,2.80268295509462e-05,0.000136371422511558,-2.80268295509462e-05,-0.000136371422511558,-59.9709907790738,-62.2536516710324
A12,T2_pos-1_3,T2,pos-1,3,10,ECA1276,0,2.80268295509462e-05,0.000136371422511558,-2.80268295509462e-05,-0.000136371422511558,-59.9709907790738,-62.2536516710324
A13,T2_pos-1_4,T2,pos-1,4,10,ECA1276,0,2.80268295509462e-05,0.000136371422511558,-2.80268295509462e-05,-0.000136371422511558,-59.9709907790738,-62.2536516710324
A6,T2_ctrl_A,T2,ctrl,A,10,ECA1276,0.000272742845023117,2.80268295509462e-05,0.000136371422511558,0.00024471601547217,0.000136371422511558,3.28266089195865,1
A7,T2_ctrl_B,T2,ctrl,B,10,ECA1276,0,2.80268295509462e-05,0.000136371422511558,-2.80268295509462e-05,-0.000136371422511558,-59.9709907790738,-62.2536516710324
A10,T2_pos-1_1,T2,pos-1,1,3,ECA1278,0,0.00206782166211205,0.00264651179414136,-0.00206782166211205,-0.00264651179414136,-66.1761501824505,-66.5321304990322
A11,T2_pos-1_2,T2,pos-1,2,3,ECA1278,0,0.00206782166211205,0.00264651179414136,-0.00206782166211205,-0.00264651179414136,-66.1761501824505,-66.5321304990322
A12,T2_pos-1_3,T2,pos-1,3,3,ECA1278,0,0.00206782166211205,0.00264651179414136,-0.00206782166211205,-0.00264651179414136,-66.1761501824505,-66.5321304990322
A13,T2_pos-1_4,T2,pos-1,4,3,ECA1278,0,0.00206782166211205,0.00264651179414136,-0.00206782166211205,-0.00264651179414136,-66.1761501824505,-66.5321304990322
A6,T2_ctrl_A,T2,ctrl,A,3,ECA1278,0.00220688308878818,0.00206782166211205,0.00264651179414136,0.000139061426676131,-0.000439628705353175,0.0938984370841887,-0.262081879497539
A7,T2_ctrl_B,T2,ctrl,B,3,ECA1278,0.00308614049949453,0.00206782166211205,0.00264651179414136,0.00101831883738248,0.000439628705353175,0.577691976718883,0.221711660137156
A10,T2_pos-1_1,T2,pos-1,1,5,ECA1278,0,0.00210242988936756,0.00267284302815058,-0.00210242988936756,-0.00267284302815058,-66.200096106807,-66.5464135285633
A11,T2_pos-1_2,T2,pos-1,2,5,ECA1278,0,0.00210242988936756,0.00267284302815058,-0.00210242988936756,-0.00267284302815058,-66.200096106807,-66.5464135285633
A12,T2_pos-1_3,T2,pos-1,3,5,ECA1278,0,0.00210242988936756,0.00267284302815058,-0.00210242988936756,-0.00267284302815058,-66.200096106807,-66.5464135285633
A13,T2_pos-1_4,T2,pos-1,4,5,ECA1278,0,0.00210242988936756,0.00267284302815058,-0.00210242988936756,-0.00267284302815058,-66.200096106807,-66.5464135285633
A6,T2_ctrl_A,T2,ctrl,A,5,ECA1278,0.00222165543470243,0.00210242988936756,0.00267284302815058,0.000119225545334866,-0.000451187593448149,0.0795773897051542,-0.266740032051136
A7,T2_ctrl_B,T2,ctrl,B,5,ECA1278,0.00312403062159873,0.00210242988936756,0.00267284302815058,0.00102160073223116,0.000451187593448149,0.57135090366552,0.22503348190923
A10,T2_pos-1_1,T2,pos-1,1,10,ECA1278,0,0.00199714999338345,0.00272135774659441,-0.00199714999338345,-0.00272135774659441,-66.1259811043033,-66.5723650397995
A11,T2_pos-1_2,T2,pos-1,2,10,ECA1278,0,0.00199714999338345,0.00272135774659441,-0.00199714999338345,-0.00272135774659441,-66.1259811043033,-66.5723650397995
A12,T2_pos-1_3,T2,pos-1,3,10,ECA1278,0,0.00199714999338345,0.00272135774659441,-0.00199714999338345,-0.00272135774659441,-66.1259811043033,-66.5723650397995
A13,T2_pos-1_4,T2,pos-1,4,10,ECA1278,0,0.00199714999338345,0.00272135774659441,-0.00199714999338345,-0.00272135774659441,-66.1259811043033,-66.5723650397995
A6,T2_ctrl_A,T2,ctrl,A,10,ECA1278,0.00224896501088214,0.00199714999338345,0.00272135774659441,0.000251815017498685,-0.000472392735712271,0.17131852741261,-0.275065408083566
A7,T2_ctrl_B,T2,ctrl,B,10,ECA1278,0.00319375048230668,0.00199714999338345,0.00272135774659441,0.00119660048892323,0.000472392735712272,0.677308915312228,0.230924979816052
A10,T2_pos-1_1,T2,pos-1,1,3,ECA1281,0,0.00459015651467143,0.00440862972580992,-0.00459015651467143,-0.00440862972580992,-67.3265817630363,-67.2683687279475
A11,T2_pos-1_2,T2,pos-1,2,3,ECA1281,0,0.00459015651467143,0.00440862972580992,-0.00459015651467143,-0.00440862972580992,-67.3265817630363,-67.2683687279475
A12,T2_pos-1_3,T2,pos-1,3,3,ECA1281,0,0.00459015651467143,0.00440862972580992,-0.00459015651467143,-0.00440862972580992,-67.3265817630363,-67.2683687279475
A13,T2_pos-1_4,T2,pos-1,4,3,ECA1281,0,0.00459015651467143,0.00440862972580992,-0.00459015651467143,-0.00440862972580992,-67.3265817630363,-67.2683687279475
A6,T2_ctrl_A,T2,ctrl,A,3,ECA1281,0.00373091256843242,0.00459015651467143,0.00440862972580992,-0.000859243946239003,-0.000677717157377497,-0.299014795432328,-0.240801760343471
A7,T2_ctrl_B,T2,ctrl,B,3,ECA1281,0.00508634688318742,0.00459015651467143,0.00440862972580992,0.000496190368515992,0.000677717157377498,0.148086508236037,0.206299543324893
A10,T2_pos-1_1,T2,pos-1,1,5,ECA1281,0,0.00460958483623948,0.00441624668926083,-0.00460958483623948,-0.00441624668926083,-67.3326752354022,-67.270859178263
A11,T2_pos-1_2,T2,pos-1,2,5,ECA1281,0,0.00460958483623948,0.00441624668926083,-0.00460958483623948,-0.00441624668926083,-67.3326752354022,-67.270859178263
A12,T2_pos-1_3,T2,pos-1,3,5,ECA1281,0,0.00460958483623948,0.00441624668926083,-0.00460958483623948,-0.00441624668926083,-67.3326752354022,-67.270859178263
A13,T2_pos-1_4,T2,pos-1,4,5,ECA1281,0,0.00460958483623948,0.00441624668926083,-0.00460958483623948,-0.00441624668926083,-67.3326752354022,-67.270859178263
A6,T2_ctrl_A,T2,ctrl,A,5,ECA1281,0.00370969093872911,0.00460958483623948,0.00441624668926083,-0.000899893897510378,-0.000706555750531719,-0.313337821468626,-0.251521764329368
A7,T2_ctrl_B,T2,ctrl,B,5,ECA1281,0.00512280243979255,0.00460958483623948,0.00441624668926083,0.000513217603553061,0.000706555750531719,0.152296435812686,0.214112492951945
A10,T2_pos-1_1,T2,pos-1,1,10,ECA1281,0,0.00470659173612525,0.00436099181306274,-0.00470659173612525,-0.00436099181306274,-67.3627211304579,-67.2526946977306
A11,T2_pos-1_2,T2,pos-1,2,10,ECA1281,0,0.00470659173612525,0.00436099181306274,-0.00470659173612525,-0.00436099181306274,-67.3627211304579,-67.2526946977306
A12,T2_pos-1_3,T2,pos-1,3,10,ECA1281,0,0.00470659173612525,0.00436099181306274,-0.00470659173612525,-0.00436099181306274,-67.3627211304579,-67.2526946977306
A13,T2_pos-1_4,T2,pos-1,4,10,ECA1281,0,0.00470659173612525,0.00436099181306274,-0.00470659173612525,-0.00436099181306274,-67.3627211304579,-67.2526946977306
A6,T2_ctrl_A,T2,ctrl,A,10,ECA1281,0.00364018535291734,0.00470659173612525,0.00436099181306274,-0.00106640638320791,-0.000720806460145405,-0.370670802545358,-0.260644369818028
A7,T2_ctrl_B,T2,ctrl,B,10,ECA1281,0.00508179827320815,0.00470659173612525,0.00436099181306274,0.000375206537082902,0.000720806460145405,0.11065639262057,0.2206828253479
A10,T2_pos-1_1,T2,pos-1,1,3,ECA1283,0,0,0,0,0,0,0
A11,T2_pos-1_2,T2,pos-1,2,3,ECA1283,0,0,0,0,0,0,0
A12,T2_pos-1_3,T2,pos-1,3,3,ECA1283,0,0,0,0,0,0,0
A13,T2_pos-1_4,T2,pos-1,4,3,ECA1283,0,0,0,0,0,0,0
A6,T2_ctrl_A,T2,ctrl,A,3,ECA1283,0,0,0,0,0,0,0
A7,T2_ctrl_B,T2,ctrl,B,3,ECA1283,0,0,0,0,0,0,0
A10,T2_pos-1_1,T2,pos-1,1,5,ECA1283,0,0,0,0,0,0,0
A11,T2_pos-1_2,T2,pos-1,2,5,ECA1283,0,0,0,0,0,0,0
A12,T2_pos-1_3,T2,pos-1,3,5,ECA1283,0,0,0,0,0,0,0
A13,T2_pos-1_4,T2,pos-1,4,5,ECA1283,0,0,0,0,0,0,0
A6,T2_ctrl_A,T2,ctrl,A,5,ECA1283,0,0,0,0,0,0,0
A7,T2_ctrl_B,T2,ctrl,B,5,ECA1283,0,0,0,0,0,0,0
A10,T2_pos-1_1,T2,pos-1,1,10,ECA1283,0,0,0,0,0,0,0
A11,T2_pos-1_2,T2,pos-1,2,10,ECA1283,0,0,0,0,0,0,0
A12,T2_pos-1_3,T2,pos-1,3,10,ECA1283,0,0,0,0,0,0,0
A13,T2_pos-1_4,T2,pos-1,4,10,ECA1283,0,0,0,0,0,0,0
A6,T2_ctrl_A,T2,ctrl,A,10,ECA1283,0,0,0,0,0,0,0
A7,T2_ctrl_B,T2,ctrl,B,10,ECA1283,0,0,0,0,0,0,0
A10,T2_pos-1_1,T2,pos-1,1,3,ECA1286,0.0182976073244762,0.00074882753486097,0.000701255951765704,0.0175487797896153,0.0175963513727105,4.61087771277188,4.70557008712462
A11,T2_pos-1_2,T2,pos-1,2,3,ECA1286,0.0171817631860709,0.00074882753486097,0.000701255951765704,0.0164329356512099,0.0164805072343052,4.52010079796638,4.61479317231912
A12,T2_pos-1_3,T2,pos-1,3,3,ECA1286,0.0130937693146711,0.00074882753486097,0.000701255951765704,0.0123449417798101,0.0123925133629054,4.12810317200981,4.22279554636255
A13,T2_pos-1_4,T2,pos-1,4,3,ECA1286,0.0116936498116834,0.00074882753486097,0.000701255951765704,0.0109448222768224,0.0109923938599177,3.96494799793366,4.05964037228641
A6,T2_ctrl_A,T2,ctrl,A,3,ECA1286,0.00105234934500645,0.00074882753486097,0.000701255951765704,0.000303521810145481,0.000351093393240748,0.490908321129283,0.585600695482027
A7,T2_ctrl_B,T2,ctrl,B,3,ECA1286,0.000350162558524956,0.00074882753486097,0.000701255951765704,-0.000398664976336015,-0.000351093393240748,-1.09660865426788,-1.00191627991513
A10,T2_pos-1_1,T2,pos-1,1,5,ECA1286,0.0184912549560178,0.000753539444340727,0.000723903582739524,0.017737715511677,0.0177673513732782,4.61701629772402,4.6749017735348
A11,T2_pos-1_2,T2,pos-1,2,5,ECA1286,0.0172394029996741,0.000753539444340727,0.000723903582739524,0.0164858635553334,0.0165154994169346,4.51588297227283,4.57376844808361
A12,T2_pos-1_3,T2,pos-1,3,5,ECA1286,0.0131784556391951,0.000753539444340727,0.000723903582739524,0.0124249161948544,0.0124545520564556,4.12835447076646,4.18623994657724
A13,T2_pos-1_4,T2,pos-1,4,5,ECA1286,0.0117897496469977,0.000753539444340727,0.000723903582739524,0.0110362102026569,0.0110658460642581,3.96770624079234,4.02559171660312
A6,T2_ctrl_A,T2,ctrl,A,5,ECA1286,0.00106107056631574,0.000753539444340727,0.000723903582739524,0.000307531121975013,0.000337166983576216,0.493765668235071,0.55165114404585
A7,T2_ctrl_B,T2,ctrl,B,5,ECA1286,0.000386736599163307,0.000753539444340727,0.000723903582739524,-0.000366802845177419,-0.000337166983576216,-0.962331730666826,-0.904446254856046
A10,T2_pos-1_1,T2,pos-1,1,10,ECA1286,0.0186046775399392,0.00050784702722618,0.000651747817172682,0.0180968305127131,0.0179529297227666,5.19512757895845,4.83520772946177
A11,T2_pos-1_2,T2,pos-1,2,10,ECA1286,0.0170057191304488,0.00050784702722618,0.000651747817172682,0.0164978721032226,0.0163539713132761,5.06548220875806,4.70556235926139
A12,T2_pos-1_3,T2,pos-1,3,10,ECA1286,0.0130488977319364,0.00050784702722618,0.000651747817172682,0.0125410507047103,0.0123971499147638,4.6833901377949,4.32347028829823
A13,T2_pos-1_4,T2,pos-1,4,10,ECA1286,0.0114355747229751,0.00050784702722618,0.000651747817172682,0.0109277276957489,0.0107838269058024,4.49299106712685,4.13307121763018
A6,T2_ctrl_A,T2,ctrl,A,10,ECA1286,0.000956256255404672,0.00050784702722618,0.000651747817172682,0.000448409228178492,0.000304508438231989,0.913003283782825,0.55308343428615
A7,T2_ctrl_B,T2,ctrl,B,10,ECA1286,0.000347239378940693,0.00050784702722618,0.000651747817172682,-0.000160607648285487,-0.000304508438231989,-0.548463429445218,-0.908383278941893
A10,T2_pos-1_1,T2,pos-1,1,3,ECA1287,0,0.000197125028479531,0,-0.000197125028479531,0,-62.7852212842566,0
A11,T2_pos-1_2,T2,pos-1,2,3,ECA1287,0,0.000197125028479531,0,-0.000197125028479531,0,-62.7852212842566,0
A12,T2_pos-1_3,T2,pos-1,3,3,ECA1287,0,0.000197125028479531,0,-0.000197125028479531,0,-62.7852212842566,0
A13,T2_pos-1_4,T2,pos-1,4,3,ECA1287,0,0.000197125028479531,0,-0.000197125028479531,0,-62.7852212842566,0
A6,T2_ctrl_A,T2,ctrl,A,3,ECA1287,0,0.000197125028479531,0,-0.000197125028479531,0,-62.7852212842566,0
A7,T2_ctrl_B,T2,ctrl,B,3,ECA1287,0,0.000197125028479531,0,-0.000197125028479531,0,-62.7852212842566,0
A10,T2_pos-1_1,T2,pos-1,1,5,ECA1287,0,0.000191492838245454,0,-0.000191492838245454,0,-62.7434007577575,0
A11,T2_pos-1_2,T2,pos-1,2,5,ECA1287,0,0.000191492838245454,0,-0.000191492838245454,0,-62.7434007577575,0
A12,T2_pos-1_3,T2,pos-1,3,5,ECA1287,0,0.000191492838245454,0,-0.000191492838245454,0,-62.7434007577575,0
A13,T2_pos-1_4,T2,pos-1,4,5,ECA1287,0,0.000191492838245454,0,-0.000191492838245454,0,-62.7434007577575,0
A6,T2_ctrl_A,T2,ctrl,A,5,ECA1287,0,0.000191492838245454,0,-0.000191492838245454,0,-62.7434007577575,0
A7,T2_ctrl_B,T2,ctrl,B,5,ECA1287,0,0.000191492838245454,0,-0.000191492838245454,0,-62.7434007577575,0
A10,T2_pos-1_1,T2,pos-1,1,10,ECA1287,0,7.21017561728568e-05,5.30512108888096e-05,-7.21017561728568e-05,-5.30512108888096e-05,-61.3342166253456,-60.8915679068129
A11,T2_pos-1_2,T2,pos-1,2,10,ECA1287,0,7.21017561728568e-05,5.30512108888096e-05,-7.21017561728568e-05,-5.30512108888096e-05,-61.3342166253456,-60.8915679068129
A12,T2_pos-1_3,T2,pos-1,3,10,ECA1287,0,7.21017561728568e-05,5.30512108888096e-05,-7.21017561728568e-05,-5.30512108888096e-05,-61.3342166253456,-60.8915679068129
A13,T2_pos-1_4,T2,pos-1,4,10,ECA1287,0,7.21017561728568e-05,5.30512108888096e-05,-7.21017561728568e-05,-5.30512108888096e-05,-61.3342166253456,-60.8915679068129
A6,T2_ctrl_A,T2,ctrl,A,10,ECA1287,0,7.21017561728568e-05,5.30512108888096e-05,-7.21017561728568e-05,-5.30512108888096e-05,-61.3342166253456,-60.8915679068129
A7,T2_ctrl_B,T2,ctrl,B,10,ECA1287,0.000106102421777619,7.21017561728568e-05,5.30512108888096e-05,3.40006656047625e-05,5.30512108888096e-05,0.557351281467337,1
A10,T2_pos-1_1,T2,pos-1,1,3,ECA1288,0.00174356141005921,0.000440068160138478,0.00332775207864828,0.00130349324992073,-0.00158419066858907,1.98623827965449,-0.932510776805116
A11,T2_pos-1_2,T2,pos-1,2,3,ECA1288,0.00259626590789007,0.000440068160138478,0.00332775207864828,0.00215619774775159,-0.000731486170758214,2.56063925222009,-0.358109804239516
A12,T2_pos-1_3,T2,pos-1,3,3,ECA1288,0.00173467518599336,0.000440068160138478,0.00332775207864828,0.00129460702585488,-0.00159307689265492,1.97886664812192,-0.939882408337685
A13,T2_pos-1_4,T2,pos-1,4,3,ECA1288,0.000997500037986138,0.000440068160138478,0.00332775207864828,0.00055743187784766,-0.00233025204066214,1.18058990280185,-1.73815915365775
A6,T2_ctrl_A,T2,ctrl,A,3,ECA1288,0.00407979563064089,0.000440068160138478,0.00332775207864828,0.00363972747050241,0.000752043551992609,3.21269798644321,0.293948929983607
A7,T2_ctrl_B,T2,ctrl,B,3,ECA1288,0.00257570852665567,0.000440068160138478,0.00332775207864828,0.0021356403665172,-0.000752043551992609,2.54917044527837,-0.369578611181236
A10,T2_pos-1_1,T2,pos-1,1,5,ECA1288,0.00178319034770145,0.000260641723905609,0.00326797715973633,0.00152254862379584,-0.00148478681203488,2.77432075628996,-0.873937187846449
A11,T2_pos-1_2,T2,pos-1,2,5,ECA1288,0.00256331697540689,0.000260641723905609,0.00326797715973633,0.00230267525150128,-0.000704660184329441,3.29787193464698,-0.350386009489427
A12,T2_pos-1_3,T2,pos-1,3,5,ECA1288,0.00186548450730278,0.000260641723905609,0.00326797715973633,0.00160484278339717,-0.00140249265243355,2.83941042251652,-0.808847521619891
A13,T2_pos-1_4,T2,pos-1,4,5,ECA1288,0.00117118296128065,0.000260641723905609,0.00326797715973633,0.000910541237375039,-0.00209679419845568,2.16782651390626,-1.48043143023015
A6,T2_ctrl_A,T2,ctrl,A,5,ECA1288,0.00413629100587701,0.000260641723905609,0.00326797715973633,0.0038756492819714,0.000868313846140678,3.98819773280686,0.339939788670449
A7,T2_ctrl_B,T2,ctrl,B,5,ECA1288,0.00239966331359565,0.000260641723905609,0.00326797715973633,0.00213902158969004,-0.000868313846140678,3.20269204549424,-0.445565898642166
A10,T2_pos-1_1,T2,pos-1,1,10,ECA1288,0.00167416831607753,0.00046178158581661,0.00315010923457891,0.00121238673026092,-0.00147594091850138,1.85816202969957,-0.911957277411588
A11,T2_pos-1_2,T2,pos-1,2,10,ECA1288,0.00216507999391067,0.00046178158581661,0.00315010923457891,0.00170329840809406,-0.000985029240668238,2.22913777975781,-0.540981527353347
A12,T2_pos-1_3,T2,pos-1,3,10,ECA1288,0.00144735609574019,0.00046178158581661,0.00315010923457891,0.000985574509923581,-0.00170275313883872,1.64813736461416,-1.12198194249701
A13,T2_pos-1_4,T2,pos-1,4,10,ECA1288,0.000555649416091877,0.00046178158581661,0.00315010923457891,9.3867830275267e-05,-0.00259445981848703,0.266964264792785,-2.50315504231838
A6,T2_ctrl_A,T2,ctrl,A,10,ECA1288,0.00384246667168784,0.00046178158581661,0.00315010923457891,0.00338068508587123,0.000692357437108929,3.05675019660138,0.286630889490214
A7,T2_ctrl_B,T2,ctrl,B,10,ECA1288,0.00245775179746998,0.00046178158581661,0.00315010923457891,0.00199597021165337,-0.00069235743710893,2.41205667881411,-0.358062628297053
A10,T2_pos-1_1,T2,pos-1,1,3,ECA1289,0,0,0.000157583871464648,0,-0.000157583871464648,0,-62.4622302049129
A11,T2_pos-1_2,T2,pos-1,2,3,ECA1289,0,0,0.000157583871464648,0,-0.000157583871464648,0,-62.4622302049129
A12,T2_pos-1_3,T2,pos-1,3,3,ECA1289,0,0,0.000157583871464648,0,-0.000157583871464648,0,-62.4622302049129
A13,T2_pos-1_4,T2,pos-1,4,3,ECA1289,0,0,0.000157583871464648,0,-0.000157583871464648,0,-62.4622302049129
A6,T2_ctrl_A,T2,ctrl,A,3,ECA1289,0,0,0.000157583871464648,0,-0.000157583871464648,0,-62.4622302049129
A7,T2_ctrl_B,T2,ctrl,B,3,ECA1289,0.000315167742929295,0,0.000157583871464648,0.000315167742929295,0.000157583871464648,63.4622302049129,1
A10,T2_pos-1_1,T2,pos-1,1,5,ECA1289,0,0,0.000166128595042376,0,-0.000166128595042376,0,-62.5384107407382
A11,T2_pos-1_2,T2,pos-1,2,5,ECA1289,0,0,0.000166128595042376,0,-0.000166128595042376,0,-62.5384107407382
A12,T2_pos-1_3,T2,pos-1,3,5,ECA1289,0,0,0.000166128595042376,0,-0.000166128595042376,0,-62.5384107407382
A13,T2_pos-1_4,T2,pos-1,4,5,ECA1289,0,0,0.000166128595042376,0,-0.000166128595042376,0,-62.5384107407382
A6,T2_ctrl_A,T2,ctrl,A,5,ECA1289,0,0,0.000166128595042376,0,-0.000166128595042376,0,-62.5384107407382
A7,T2_ctrl_B,T2,ctrl,B,5,ECA1289,0.000332257190084752,0,0.000166128595042376,0.000332257190084752,0.000166128595042376,63.5384107407382,1
A10,T2_pos-1_1,T2,pos-1,1,10,ECA1289,0,0.000117123519220281,0.000152807623786294,-0.000117123519220281,-0.000152807623786294,-62.0341411289739,-62.417826844053
A11,T2_pos-1_2,T2,pos-1,2,10,ECA1289,0,0.000117123519220281,0.000152807623786294,-0.000117123519220281,-0.000152807623786294,-62.0341411289739,-62.417826844053
A12,T2_pos-1_3,T2,pos-1,3,10,ECA1289,0,0.000117123519220281,0.000152807623786294,-0.000117123519220281,-0.000152807623786294,-62.0341411289739,-62.417826844053
A13,T2_pos-1_4,T2,pos-1,4,10,ECA1289,0,0.000117123519220281,0.000152807623786294,-0.000117123519220281,-0.000152807623786294,-62.0341411289739,-62.417826844053
A6,T2_ctrl_A,T2,ctrl,A,10,ECA1289,0,0.000117123519220281,0.000152807623786294,-0.000117123519220281,-0.000152807623786294,-62.0341411289739,-62.417826844053
A7,T2_ctrl_B,T2,ctrl,B,10,ECA1289,0.000305615247572588,0.000117123519220281,0.000152807623786294,0.000188491728352307,0.000152807623786294,1.38368571507906,1
A10,T2_pos-1_1,T2,pos-1,1,3,ECA1293,0,0,0,0,0,0,0
A11,T2_pos-1_2,T2,pos-1,2,3,ECA1293,0,0,0,0,0,0,0
A12,T2_pos-1_3,T2,pos-1,3,3,ECA1293,0,0,0,0,0,0,0
A13,T2_pos-1_4,T2,pos-1,4,3,ECA1293,0,0,0,0,0,0,0
A6,T2_ctrl_A,T2,ctrl,A,3,ECA1293,0,0,0,0,0,0,0
A7,T2_ctrl_B,T2,ctrl,B,3,ECA1293,0,0,0,0,0,0,0
A10,T2_pos-1_1,T2,pos-1,1,5,ECA1293,0,0,0,0,0,0,0
A11,T2_pos-1_2,T2,pos-1,2,5,ECA1293,0,0,0,0,0,0,0
A12,T2_pos-1_3,T2,pos-1,3,5,ECA1293,0,0,0,0,0,0,0
A13,T2_pos-1_4,T2,pos-1,4,5,ECA1293,0,0,0,0,0,0,0
A6,T2_ctrl_A,T2,ctrl,A,5,ECA1293,0,0,0,0,0,0,0
A7,T2_ctrl_B,T2,ctrl,B,5,ECA1293,0,0,0,0,0,0,0
A10,T2_pos-1_1,T2,pos-1,1,10,ECA1293,0,0,0,0,0,0,0
A11,T2_pos-1_2,T2,pos-1,2,10,ECA1293,0,0,0,0,0,0,0
A12,T2_pos-1_3,T2,pos-1,3,10,ECA1293,0,0,0,0,0,0,0
A13,T2_pos-1_4,T2,pos-1,4,10,ECA1293,0,0,0,0,0,0,0
A6,T2_ctrl_A,T2,ctrl,A,10,ECA1293,0,0,0,0,0,0,0
A7,T2_ctrl_B,T2,ctrl,B,10,ECA1293,0,0,0,0,0,0,0
A10,T2_pos-1_1,T2,pos-1,1,3,ECA1298,0,0.00186791547290235,0.00185148940664783,-0.00186791547290235,-0.00185148940664783,-66.0294675872401,-66.0167247108058
A11,T2_pos-1_2,T2,pos-1,2,3,ECA1298,0,0.00186791547290235,0.00185148940664783,-0.00186791547290235,-0.00185148940664783,-66.0294675872401,-66.0167247108058
A12,T2_pos-1_3,T2,pos-1,3,3,ECA1298,0,0.00186791547290235,0.00185148940664783,-0.00186791547290235,-0.00185148940664783,-66.0294675872401,-66.0167247108058
A13,T2_pos-1_4,T2,pos-1,4,3,ECA1298,0,0.00186791547290235,0.00185148940664783,-0.00186791547290235,-0.00185148940664783,-66.0294675872401,-66.0167247108058
A6,T2_ctrl_A,T2,ctrl,A,3,ECA1298,0.00132831892899685,0.00186791547290235,0.00185148940664783,-0.000539596543905498,-0.000523170477650979,-0.49182759260009,-0.479084716165797
A7,T2_ctrl_B,T2,ctrl,B,3,ECA1298,0.00237465988429881,0.00186791547290235,0.00185148940664783,0.000506744411396461,0.000523170477650979,0.346291723636625,0.359034600070918
A10,T2_pos-1_1,T2,pos-1,1,5,ECA1298,0,0.00189525102737151,0.00183380282697164,-0.00189525102737151,-0.00183380282697164,-66.0504273627511,-66.0028769423917
A11,T2_pos-1_2,T2,pos-1,2,5,ECA1298,0,0.00189525102737151,0.00183380282697164,-0.00189525102737151,-0.00183380282697164,-66.0504273627511,-66.0028769423917
A12,T2_pos-1_3,T2,pos-1,3,5,ECA1298,0,0.00189525102737151,0.00183380282697164,-0.00189525102737151,-0.00183380282697164,-66.0504273627511,-66.0028769423917
A13,T2_pos-1_4,T2,pos-1,4,5,ECA1298,0,0.00189525102737151,0.00183380282697164,-0.00189525102737151,-0.00183380282697164,-66.0504273627511,-66.0028769423917
A6,T2_ctrl_A,T2,ctrl,A,5,ECA1298,0.00130164092562363,0.00189525102737151,0.00183380282697164,-0.000593610101747879,-0.000532161901348011,-0.542057429633977,-0.494507009274564
A7,T2_ctrl_B,T2,ctrl,B,5,ECA1298,0.00236596472831965,0.00189525102737151,0.00183380282697164,0.000470713700948144,0.000532161901348011,0.320039619159143,0.367590039518556
A10,T2_pos-1_1,T2,pos-1,1,10,ECA1298,7.82880585680702e-05,0.00184970790041204,0.00180114904941836,-0.00177141984184397,-0.00172286099085029,-4.56236138582487,-4.52398149526706
A11,T2_pos-1_2,T2,pos-1,2,10,ECA1298,0,0.00184970790041204,0.00180114904941836,-0.00184970790041204,-0.00180114904941836,-66.0153358789241,-65.9769559883663
A12,T2_pos-1_3,T2,pos-1,3,10,ECA1298,0,0.00184970790041204,0.00180114904941836,-0.00184970790041204,-0.00180114904941836,-66.0153358789241,-65.9769559883663
A13,T2_pos-1_4,T2,pos-1,4,10,ECA1298,0,0.00184970790041204,0.00180114904941836,-0.00184970790041204,-0.00180114904941836,-66.0153358789241,-65.9769559883663
A6,T2_ctrl_A,T2,ctrl,A,10,ECA1298,0.0010779027620092,0.00184970790041204,0.00180114904941836,-0.000771805138402845,-0.000723246287409158,-0.779070425300006,-0.740690534742192
A7,T2_ctrl_B,T2,ctrl,B,10,ECA1298,0.00252439533682752,0.00184970790041204,0.00180114904941836,0.000674687436415472,0.000723246287409158,0.448640400268568,0.487020290826382
A10,T2_pos-1_1,T2,pos-1,1,3,ECA1413,0,0.0103571729730452,0.00823541903121402,-0.0103571729730452,-0.00823541903121402,-68.5005967786322,-68.1698804741323
A11,T2_pos-1_2,T2,pos-1,2,3,ECA1413,0.000725846520121927,0.0103571729730452,0.00823541903121402,-0.00963132645292328,-0.00750957251109209,-3.83482193448917,-3.50410562998922
A12,T2_pos-1_3,T2,pos-1,3,3,ECA1413,0.00072706810959253,0.0103571729730452,0.00823541903121402,-0.00963010486345268,-0.00750835092162149,-3.83239593993934,-3.50167963543939
A13,T2_pos-1_4,T2,pos-1,4,3,ECA1413,0,0.0103571729730452,0.00823541903121402,-0.0103571729730452,-0.00823541903121402,-68.5005967786322,-68.1698804741323
A6,T2_ctrl_A,T2,ctrl,A,3,ECA1413,0.0084607916647695,0.0103571729730452,0.00823541903121402,-0.00189638130827571,0.000225372633555484,-0.291765702262612,0.0389506022373351
A7,T2_ctrl_B,T2,ctrl,B,3,ECA1413,0.00801004639765853,0.0103571729730452,0.00823541903121402,-0.00234712657538668,-0.000225372633555486,-0.37074776356381,-0.0400314590638627
A10,T2_pos-1_1,T2,pos-1,1,5,ECA1413,0,0.0104468717056758,0.00834456645770435,-0.0104468717056758,-0.00834456645770435,-68.5130375054852,-68.18887551195
A11,T2_pos-1_2,T2,pos-1,2,5,ECA1413,0.000644866693448899,0.0104468717056758,0.00834456645770435,-0.0098020050122269,-0.00769969976425545,-4.0179262265861,-3.69376423305091
A12,T2_pos-1_3,T2,pos-1,3,5,ECA1413,0.000463653891742422,0.0104468717056758,0.00834456645770435,-0.00998321781393337,-0.00788091256596193,-4.49387892025049,-4.1697169267153
A13,T2_pos-1_4,T2,pos-1,4,5,ECA1413,0,0.0104468717056758,0.00834456645770435,-0.0104468717056758,-0.00834456645770435,-68.5130375054852,-68.18887551195
A6,T2_ctrl_A,T2,ctrl,A,5,ECA1413,0.00869327247172353,0.0104468717056758,0.00834456645770435,-0.00175359923395226,0.000348706014019186,-0.265099726328558,0.0590622672066372
A7,T2_ctrl_B,T2,ctrl,B,5,ECA1413,0.00799586044368516,0.0104468717056758,0.00834456645770435,-0.00245101126199064,-0.000348706014019186,-0.385745797667082,-0.0615838041318874
A10,T2_pos-1_1,T2,pos-1,1,10,ECA1413,0,0.0104890155594758,0.00864817189037768,-0.0104890155594758,-0.00864817189037768,-68.5188457915383,-68.2404336139452
A11,T2_pos-1_2,T2,pos-1,2,10,ECA1413,0.00126795576964298,0.0104890155594758,0.00864817189037768,-0.00922105978983286,-0.0073802161207347,-3.04830295530995,-2.76989077771682
A12,T2_pos-1_3,T2,pos-1,3,10,ECA1413,0.000612789448682904,0.0104890155594758,0.00864817189037768,-0.00987622611079293,-0.00803538244169478,-4.09734401430257,-3.81893183670944
A13,T2_pos-1_4,T2,pos-1,4,10,ECA1413,0,0.0104890155594758,0.00864817189037768,-0.0104890155594758,-0.00864817189037768,-68.5188457915383,-68.2404336139452
A6,T2_ctrl_A,T2,ctrl,A,10,ECA1413,0.00880198374281431,0.0104890155594758,0.00864817189037768,-0.00168703181666153,0.000153811852436623,-0.252978668752721,0.0254335088404142
A7,T2_ctrl_B,T2,ctrl,B,10,ECA1413,0.00849436003794106,0.0104890155594758,0.00864817189037768,-0.00199465552153478,-0.000153811852436625,-0.304302116469414,-0.0258899388762784
A10,T2_pos-1_1,T2,pos-1,1,3,ECA1493,0,0.00107177383163945,0.000382914789921628,-0.00107177383163945,-0.000382914789921628,-65.2280389125386,-63.7431337055576
A11,T2_pos-1_2,T2,pos-1,2,3,ECA1493,0,0.00107177383163945,0.000382914789921628,-0.00107177383163945,-0.000382914789921628,-65.2280389125386,-63.7431337055576
A12,T2_pos-1_3,T2,pos-1,3,3,ECA1493,0,0.00107177383163945,0.000382914789921628,-0.00107177383163945,-0.000382914789921628,-65.2280389125386,-63.7431337055576
A13,T2_pos-1_4,T2,pos-1,4,3,ECA1493,0,0.00107177383163945,0.000382914789921628,-0.00107177383163945,-0.000382914789921628,-65.2280389125386,-63.7431337055576
A6,T2_ctrl_A,T2,ctrl,A,3,ECA1493,0.000616877329529741,0.00107177383163945,0.000382914789921628,-0.000454896502109706,0.000233962539608113,-0.796944964064666,0.687960242916407
A7,T2_ctrl_B,T2,ctrl,B,3,ECA1493,0.000148952250313515,0.00107177383163945,0.000382914789921628,-0.000922821581325932,-0.000233962539608113,-2.84707867229454,-1.36217346531347
A10,T2_pos-1_1,T2,pos-1,1,5,ECA1493,0,0.00104574129469532,0.00037535013714682,-0.00104574129469532,-0.00037535013714682,-65.1925644039695,-63.7143473309425
A11,T2_pos-1_2,T2,pos-1,2,5,ECA1493,0,0.00104574129469532,0.00037535013714682,-0.00104574129469532,-0.00037535013714682,-65.1925644039695,-63.7143473309425
A12,T2_pos-1_3,T2,pos-1,3,5,ECA1493,0,0.00104574129469532,0.00037535013714682,-0.00104574129469532,-0.00037535013714682,-65.1925644039695,-63.7143473309425
A13,T2_pos-1_4,T2,pos-1,4,5,ECA1493,0,0.00104574129469532,0.00037535013714682,-0.00104574129469532,-0.00037535013714682,-65.1925644039695,-63.7143473309425
A6,T2_ctrl_A,T2,ctrl,A,5,ECA1493,0.000606734818859401,0.00104574129469532,0.00037535013714682,-0.000439006475835917,0.000231384681712581,-0.785387977074134,0.692829095952921
A7,T2_ctrl_B,T2,ctrl,B,5,ECA1493,0.000143965455434239,0.00104574129469532,0.00037535013714682,-0.00090177583926108,-0.000231384681712581,-2.86073140519142,-1.38251433216436
A10,T2_pos-1_1,T2,pos-1,1,10,ECA1493,0,0.000984733881721057,0.000362859376516322,-0.000984733881721057,-0.000362859376516322,-65.1058442185816,-63.6655208714833
A11,T2_pos-1_2,T2,pos-1,2,10,ECA1493,0,0.000984733881721057,0.000362859376516322,-0.000984733881721057,-0.000362859376516322,-65.1058442185816,-63.6655208714833
A12,T2_pos-1_3,T2,pos-1,3,10,ECA1493,0,0.000984733881721057,0.000362859376516322,-0.000984733881721057,-0.000362859376516322,-65.1058442185816,-63.6655208714833
A13,T2_pos-1_4,T2,pos-1,4,10,ECA1493,0,0.000984733881721057,0.000362859376516322,-0.000984733881721057,-0.000362859376516322,-65.1058442185816,-63.6655208714833
A6,T2_ctrl_A,T2,ctrl,A,10,ECA1493,0.000622270538168639,0.000984733881721057,0.000362859376516322,-0.000362463343552418,0.000259411161652317,-0.662191955331157,0.778131391767128
A7,T2_ctrl_B,T2,ctrl,B,10,ECA1493,0.000103448214864005,0.000984733881721057,0.000362859376516322,-0.000881285666857051,-0.000259411161652317,-3.25082514797488,-1.8105018008766
A10,T2_pos-1_1,T2,pos-1,1,3,ECA1793,0,1.58963854067523e-05,7.35325018535447e-05,-1.58963854067523e-05,-7.35325018535447e-05,-59.1528809820855,-61.3625642976181
A11,T2_pos-1_2,T2,pos-1,2,3,ECA1793,0,1.58963854067523e-05,7.35325018535447e-05,-1.58963854067523e-05,-7.35325018535447e-05,-59.1528809820855,-61.3625642976181
A12,T2_pos-1_3,T2,pos-1,3,3,ECA1793,6.88489483535499e-05,1.58963854067523e-05,7.35325018535447e-05,5.29525629467977e-05,-4.68355349999478e-06,2.11473586164218,-0.0949474538904919
A13,T2_pos-1_4,T2,pos-1,4,3,ECA1793,0.000105655337980791,1.58963854067523e-05,7.35325018535447e-05,8.97589525740392e-05,3.21228361272468e-05,2.73259499651974,0.522911680987068
A6,T2_ctrl_A,T2,ctrl,A,3,ECA1793,0.000147065003707089,1.58963854067523e-05,7.35325018535447e-05,0.000131168618300337,7.35325018535447e-05,3.20968331553267,1
A7,T2_ctrl_B,T2,ctrl,B,3,ECA1793,0,1.58963854067523e-05,7.35325018535447e-05,-1.58963854067523e-05,-7.35325018535447e-05,-59.1528809820855,-61.3625642976181
A10,T2_pos-1_1,T2,pos-1,1,5,ECA1793,0,1.73945736256983e-05,5.62298048772612e-05,-1.73945736256983e-05,-5.62298048772612e-05,-59.2828195420946,-60.9755172665201
A11,T2_pos-1_2,T2,pos-1,2,5,ECA1793,0,1.73945736256983e-05,5.62298048772612e-05,-1.73945736256983e-05,-5.62298048772612e-05,-59.2828195420946,-60.9755172665201
A12,T2_pos-1_3,T2,pos-1,3,5,ECA1793,5.05213759298512e-05,1.73945736256983e-05,5.62298048772612e-05,3.31268023041528e-05,-5.70842894741005e-06,1.53825661472021,-0.154441109705315
A13,T2_pos-1_4,T2,pos-1,4,5,ECA1793,8.17217107418737e-05,1.73945736256983e-05,5.62298048772612e-05,6.43271371161754e-05,2.54919058646125e-05,2.23208208923107,0.539384364805549
A6,T2_ctrl_A,T2,ctrl,A,5,ECA1793,0.000112459609754522,1.73945736256983e-05,5.62298048772612e-05,9.50650361288241e-05,5.62298048772612e-05,2.69269772442552,1
A7,T2_ctrl_B,T2,ctrl,B,5,ECA1793,0,1.73945736256983e-05,5.62298048772612e-05,-1.73945736256983e-05,-5.62298048772612e-05,-59.2828195420946,-60.9755172665201
A10,T2_pos-1_1,T2,pos-1,1,10,ECA1793,0,2.59214796639141e-05,0.000115578042827247,-2.59214796639141e-05,-0.000115578042827247,-59.8583302991921,-62.0149776657657
A11,T2_pos-1_2,T2,pos-1,2,10,ECA1793,0,2.59214796639141e-05,0.000115578042827247,-2.59214796639141e-05,-0.000115578042827247,-59.8583302991921,-62.0149776657657
A12,T2_pos-1_3,T2,pos-1,3,10,ECA1793,5.54627737703139e-05,2.59214796639141e-05,0.000115578042827247,2.95412941063998e-05,-6.01152690569332e-05,1.09737169609224,-1.05927567048139
A13,T2_pos-1_4,T2,pos-1,4,10,ECA1793,0.000113773391400405,2.59214796639141e-05,0.000115578042827247,8.78519117364908e-05,-1.80465142684211e-06,2.13394321033869,-0.0227041562349389
A6,T2_ctrl_A,T2,ctrl,A,10,ECA1793,0.000150287494227048,2.59214796639141e-05,0.000115578042827247,0.000124366014563134,3.47094513998012e-05,2.53550498584538,0.378857619271745
A7,T2_ctrl_B,T2,ctrl,B,10,ECA1793,8.08685914274459e-05,2.59214796639141e-05,0.000115578042827247,5.49471117635317e-05,-3.47094513998012e-05,1.64143140947932,-0.515215957094314
A10,T2_pos-1_1,T2,pos-1,1,3,ECA1887,0.00136045694842271,0.00166319731012729,0,-0.000302740361704576,0.00136045694842271,-0.289868026741035,65.5721297190088
A11,T2_pos-1_2,T2,pos-1,2,3,ECA1887,0,0.00166319731012729,0,-0.00166319731012729,0,-65.8619977457498,0
A12,T2_pos-1_3,T2,pos-1,3,3,ECA1887,0,0.00166319731012729,0,-0.00166319731012729,0,-65.8619977457498,0
A13,T2_pos-1_4,T2,pos-1,4,3,ECA1887,0,0.00166319731012729,0,-0.00166319731012729,0,-65.8619977457498,0
A6,T2_ctrl_A,T2,ctrl,A,3,ECA1887,0,0.00166319731012729,0,-0.00166319731012729,0,-65.8619977457498,0
A7,T2_ctrl_B,T2,ctrl,B,3,ECA1887,0,0.00166319731012729,0,-0.00166319731012729,0,-65.8619977457498,0
A10,T2_pos-1_1,T2,pos-1,1,5,ECA1887,0.00158398027086343,0.00178640597485268,0,-0.000202425703989255,0.00158398027086343,-0.173505615391161,65.7915927818551
A11,T2_pos-1_2,T2,pos-1,2,5,ECA1887,0,0.00178640597485268,0,-0.00178640597485268,0,-65.9650983972462,0
A12,T2_pos-1_3,T2,pos-1,3,5,ECA1887,0,0.00178640597485268,0,-0.00178640597485268,0,-65.9650983972462,0
A13,T2_pos-1_4,T2,pos-1,4,5,ECA1887,0,0.00178640597485268,0,-0.00178640597485268,0,-65.9650983972462,0
A6,T2_ctrl_A,T2,ctrl,A,5,ECA1887,0,0.00178640597485268,0,-0.00178640597485268,0,-65.9650983972462,0
A7,T2_ctrl_B,T2,ctrl,B,5,ECA1887,0,0.00178640597485268,0,-0.00178640597485268,0,-65.9650983972462,0
A10,T2_pos-1_1,T2,pos-1,1,10,ECA1887,0.00114027660654167,0.00173378893158035,0,-0.000593512325038678,0.00114027660654167,-0.604544444505353,65.317422249279
A11,T2_pos-1_2,T2,pos-1,2,10,ECA1887,0,0.00173378893158035,0,-0.00173378893158035,0,-65.9219666937844,0
A12,T2_pos-1_3,T2,pos-1,3,10,ECA1887,0,0.00173378893158035,0,-0.00173378893158035,0,-65.9219666937844,0
A13,T2_pos-1_4,T2,pos-1,4,10,ECA1887,0,0.00173378893158035,0,-0.00173378893158035,0,-65.9219666937844,0
A6,T2_ctrl_A,T2,ctrl,A,10,ECA1887,0,0.00173378893158035,0,-0.00173378893158035,0,-65.9219666937844,0
A7,T2_ctrl_B,T2,ctrl,B,10,ECA1887,0,0.00173378893158035,0,-0.00173378893158035,0,-65.9219666937844,0
A10,T2_pos-1_1,T2,pos-1,1,3,ECA189,0.00256904540512077,0.0222837322877058,0.0404187686491189,-0.019714686882585,-0.0378497232439982,-3.11668659529869,-3.97572107726576
A11,T2_pos-1_2,T2,pos-1,2,3,ECA189,0.000315760783613404,0.0222837322877058,0.0404187686491189,-0.0219679715040924,-0.0401030078655055,-6.14101507409876,-7.00004955606584
A12,T2_pos-1_3,T2,pos-1,3,3,ECA189,0,0.0222837322877058,0.0404187686491189,-0.0222837322877058,-0.0404187686491189,-69.6059573995451,-70.4649918815121
A13,T2_pos-1_4,T2,pos-1,4,3,ECA189,0.00355936009477409,0.0222837322877058,0.0404187686491189,-0.0187243721929317,-0.0368594085543448,-2.64630108846594,-3.50533557043301
A6,T2_ctrl_A,T2,ctrl,A,3,ECA189,0.0411353273144096,0.0222837322877058,0.0404187686491189,0.0188515950267038,0.000716558665290641,0.884387034137612,0.0253525521705387
A7,T2_ctrl_B,T2,ctrl,B,3,ECA189,0.0397022099838283,0.0222837322877058,0.0404187686491189,0.0174184776961225,-0.000716558665290634,0.833228426818458,-0.0258060551486144
A10,T2_pos-1_1,T2,pos-1,1,5,ECA189,0.00248159162950906,0.0224044680943953,0.0405949419116605,-0.0199228764648863,-0.0381133502821514,-3.17444884545219,-4.03196234992917
A11,T2_pos-1_2,T2,pos-1,2,5,ECA189,0.000158732133558043,0.0224044680943953,0.0405949419116605,-0.0222457359608373,-0.0404362097781024,-7.14104845024429,-7.99856195472127
A12,T2_pos-1_3,T2,pos-1,3,5,ECA189,0,0.0224044680943953,0.0405949419116605,-0.0224044680943953,-0.0405949419116605,-69.6137529863844,-70.4712664908613
A13,T2_pos-1_4,T2,pos-1,4,5,ECA189,0.00345530402398213,0.0224044680943953,0.0405949419116605,-0.0189491640704132,-0.0371396378876784,-2.69690191518538,-3.55441541966236
A6,T2_ctrl_A,T2,ctrl,A,5,ECA189,0.0413539814815861,0.0224044680943953,0.0405949419116605,0.0189495133871908,0.000759039569925638,0.884239760178381,0.0267262557014029
A7,T2_ctrl_B,T2,ctrl,B,5,ECA189,0.0398359023417349,0.0224044680943953,0.0405949419116605,0.0174314342473395,-0.000759039569925638,0.830282778650379,-0.0272307258265989
A10,T2_pos-1_1,T2,pos-1,1,10,ECA189,0.00281115535985552,0.0219442932656172,0.0403254338338816,-0.0191331379057617,-0.0375142784740261,-2.9646107154703,-3.84245496216713
A11,T2_pos-1_2,T2,pos-1,2,10,ECA189,0.000224116782966839,0.0219442932656172,0.0403254338338816,-0.0217201764826503,-0.0401013170509147,-6.6134513085228,-7.49129555521963
A12,T2_pos-1_3,T2,pos-1,3,10,ECA189,0,0.0219442932656172,0.0403254338338816,-0.0219442932656172,-0.0403254338338816,-69.583812318324,-70.4616565650208
A13,T2_pos-1_4,T2,pos-1,4,10,ECA189,0.00378995486653969,0.0219442932656172,0.0403254338338816,-0.0181543383990775,-0.0365354789673419,-2.53359323476163,-3.41143748145847
A6,T2_ctrl_A,T2,ctrl,A,10,ECA189,0.041039082634137,0.0219442932656172,0.0403254338338816,0.0190947893685198,0.00071364880025538,0.90315267432541,0.0253084276285752
A7,T2_ctrl_B,T2,ctrl,B,10,ECA189,0.0396117850336262,0.0219442932656172,0.0403254338338816,0.017667491768009,-0.000713648800255387,0.852083907415499,-0.0257603392813355
A10,T2_pos-1_1,T2,pos-1,1,3,ECA191,0,0,0.000353545759817579,0,-0.000353545759817579,0,-63.6280072775384
A11,T2_pos-1_2,T2,pos-1,2,3,ECA191,0,0,0.000353545759817579,0,-0.000353545759817579,0,-63.6280072775384
A12,T2_pos-1_3,T2,pos-1,3,3,ECA191,0,0,0.000353545759817579,0,-0.000353545759817579,0,-63.6280072775384
A13,T2_pos-1_4,T2,pos-1,4,3,ECA191,0,0,0.000353545759817579,0,-0.000353545759817579,0,-63.6280072775384
A6,T2_ctrl_A,T2,ctrl,A,3,ECA191,0.000707091519635158,0,0.000353545759817579,0.000707091519635158,0.000353545759817579,64.6280072775384,1
A7,T2_ctrl_B,T2,ctrl,B,3,ECA191,0,0,0.000353545759817579,0,-0.000353545759817579,0,-63.6280072775384
A10,T2_pos-1_1,T2,pos-1,1,5,ECA191,0,0,0.000333682708346958,0,-0.000333682708346958,0,-63.5445872478785
A11,T2_pos-1_2,T2,pos-1,2,5,ECA191,0,0,0.000333682708346958,0,-0.000333682708346958,0,-63.5445872478785
A12,T2_pos-1_3,T2,pos-1,3,5,ECA191,0,0,0.000333682708346958,0,-0.000333682708346958,0,-63.5445872478785
A13,T2_pos-1_4,T2,pos-1,4,5,ECA191,0,0,0.000333682708346958,0,-0.000333682708346958,0,-63.5445872478785
A6,T2_ctrl_A,T2,ctrl,A,5,ECA191,0.000667365416693917,0,0.000333682708346958,0.000667365416693917,0.000333682708346958,64.5445872478785,1
A7,T2_ctrl_B,T2,ctrl,B,5,ECA191,0,0,0.000333682708346958,0,-0.000333682708346958,0,-63.5445872478785
A10,T2_pos-1_1,T2,pos-1,1,10,ECA191,0,0,0.000321959731914873,0,-0.000321959731914873,0,-63.4929905799569
A11,T2_pos-1_2,T2,pos-1,2,10,ECA191,0,0,0.000321959731914873,0,-0.000321959731914873,0,-63.4929905799569
A12,T2_pos-1_3,T2,pos-1,3,10,ECA191,0,0,0.000321959731914873,0,-0.000321959731914873,0,-63.4929905799569
A13,T2_pos-1_4,T2,pos-1,4,10,ECA191,0,0,0.000321959731914873,0,-0.000321959731914873,0,-63.4929905799569
A6,T2_ctrl_A,T2,ctrl,A,10,ECA191,0.000643919463829746,0,0.000321959731914873,0.000643919463829746,0.000321959731914873,64.4929905799569,1
A7,T2_ctrl_B,T2,ctrl,B,10,ECA191,0,0,0.000321959731914873,0,-0.000321959731914873,0,-63.4929905799569
A10,T2_pos-1_1,T2,pos-1,1,3,ECA2648,0,0.00686784342153772,0.00347972742201506,-0.00686784342153772,-0.00347972742201506,-67.9078955637214,-66.927012715359
A11,T2_pos-1_2,T2,pos-1,2,3,ECA2648,0.000857543608915306,0.00686784342153772,0.00347972742201506,-0.00601029981262241,-0.00262218381309975,-3.00157520397045,-2.02069235560804
A12,T2_pos-1_3,T2,pos-1,3,3,ECA2648,7.96651363752477e-05,0.00686784342153772,0.00347972742201506,-0.00678817828516247,-0.00340006228563981,-6.42976483796027,-5.44888198959786
A13,T2_pos-1_4,T2,pos-1,4,3,ECA2648,0.00420760720858488,0.00686784342153772,0.00347972742201506,-0.00266023621295284,0.000727879786569822,-0.706857116560138,0.274025731802275
A6,T2_ctrl_A,T2,ctrl,A,3,ECA2648,0.00695945484403011,0.00686784342153772,0.00347972742201506,9.16114224923954e-05,0.00347972742201506,0.0191171516375874,1
A7,T2_ctrl_B,T2,ctrl,B,3,ECA2648,0,0.00686784342153772,0.00347972742201506,-0.00686784342153772,-0.00347972742201506,-67.9078955637214,-66.927012715359
A10,T2_pos-1_1,T2,pos-1,1,5,ECA2648,0,0.00685824834008789,0.00338112247740946,-0.00685824834008789,-0.00338112247740946,-67.9058785615157,-66.8855406929002
A11,T2_pos-1_2,T2,pos-1,2,5,ECA2648,0.00106106530330781,0.00685824834008789,0.00338112247740946,-0.00579718303678008,-0.00232005717410164,-2.69232669610929,-1.67198882749379
A12,T2_pos-1_3,T2,pos-1,3,5,ECA2648,0.000460861465083652,0.00685824834008789,0.00338112247740946,-0.00639738687500424,-0.0029202610123258,-3.89543509888865,-2.87509723027315
A13,T2_pos-1_4,T2,pos-1,4,5,ECA2648,0.00438805463706455,0.00685824834008789,0.00338112247740946,-0.00247019370302334,0.0010069321596551,-0.644258656512173,0.376079212103325
A6,T2_ctrl_A,T2,ctrl,A,5,ECA2648,0.00676224495481891,0.00685824834008789,0.00338112247740946,-9.60033852689807e-05,0.00338112247740946,-0.0203378686154977,1
A7,T2_ctrl_B,T2,ctrl,B,5,ECA2648,0,0.00685824834008789,0.00338112247740946,-0.00685824834008789,-0.00338112247740946,-67.9058785615157,-66.8855406929002
A10,T2_pos-1_1,T2,pos-1,1,10,ECA2648,0,0.00662886810555953,0.00350539695669944,-0.00662886810555953,-0.00350539695669944,-67.8568009635741,-66.9376162422523
A11,T2_pos-1_2,T2,pos-1,2,10,ECA2648,0.00157736179620315,0.00662886810555953,0.00350539695669944,-0.00505150630935638,-0.00192803516049629,-2.0712489418256,-1.15206422050382
A12,T2_pos-1_3,T2,pos-1,3,10,ECA2648,0.00152358545943432,0.00662886810555953,0.00350539695669944,-0.00510528264612521,-0.00198181149726512,-2.12129212337479,-1.20210740205301
A13,T2_pos-1_4,T2,pos-1,4,10,ECA2648,0.00493318383757307,0.00662886810555953,0.00350539695669944,-0.00169568426798646,0.00142778688087363,-0.426243496789128,0.492941224532651
A6,T2_ctrl_A,T2,ctrl,A,10,ECA2648,0.00701079391339889,0.00662886810555953,0.00350539695669944,0.000381925807839357,0.00350539695669944,0.0808152786782204,1
A7,T2_ctrl_B,T2,ctrl,B,10,ECA2648,0,0.00662886810555953,0.00350539695669944,-0.00662886810555953,-0.00350539695669944,-67.8568009635741,-66.9376162422523
A10,T2_pos-1_1,T2,pos-1,1,3,ECA2659,0.00166471632584161,0.00271853413627071,0,-0.00105381781042909,0.00166471632584161,-0.707552586603764,65.8633147730709
A11,T2_pos-1_2,T2,pos-1,2,3,ECA2659,0,0.00271853413627071,0,-0.00271853413627071,0,-66.5708673596746,0
A12,T2_pos-1_3,T2,pos-1,3,3,ECA2659,0,0.00271853413627071,0,-0.00271853413627071,0,-66.5708673596746,0
A13,T2_pos-1_4,T2,pos-1,4,3,ECA2659,0.000574067530085903,0.00271853413627071,0,-0.0021444666061848,0.000574067530085903,-2.24353658142618,64.3273307782484
A6,T2_ctrl_A,T2,ctrl,A,3,ECA2659,0,0.00271853413627071,0,-0.00271853413627071,0,-66.5708673596746,0
A7,T2_ctrl_B,T2,ctrl,B,3,ECA2659,0,0.00271853413627071,0,-0.00271853413627071,0,-66.5708673596746,0
A10,T2_pos-1_1,T2,pos-1,1,5,ECA2659,0.00149609937944151,0.0024557857119784,0,-0.000959686332536892,0.00149609937944151,-0.714978668456795,65.7092444261253
A11,T2_pos-1_2,T2,pos-1,2,5,ECA2659,0,0.0024557857119784,0,-0.0024557857119784,0,-66.4242230945821,0
A12,T2_pos-1_3,T2,pos-1,3,5,ECA2659,0,0.0024557857119784,0,-0.0024557857119784,0,-66.4242230945821,0
A13,T2_pos-1_4,T2,pos-1,4,5,ECA2659,0.00048339042976215,0.0024557857119784,0,-0.00197239528221625,0.00048339042976215,-2.34492386308529,64.0792992314968
A6,T2_ctrl_A,T2,ctrl,A,5,ECA2659,0,0.0024557857119784,0,-0.0024557857119784,0,-66.4242230945821,0
A7,T2_ctrl_B,T2,ctrl,B,5,ECA2659,0,0.0024557857119784,0,-0.0024557857119784,0,-66.4242230945821,0
A10,T2_pos-1_1,T2,pos-1,1,10,ECA2659,0.000714843885796788,0,0,0.000714843885796788,0.000714843885796788,64.6437385280442,64.6437385280442
A11,T2_pos-1_2,T2,pos-1,2,10,ECA2659,0,0,0,0,0,0,0
A12,T2_pos-1_3,T2,pos-1,3,10,ECA2659,0,0,0,0,0,0,0
A13,T2_pos-1_4,T2,pos-1,4,10,ECA2659,0,0,0,0,0,0,0
A6,T2_ctrl_A,T2,ctrl,A,10,ECA2659,0,0,0,0,0,0,0
A7,T2_ctrl_B,T2,ctrl,B,10,ECA2659,0,0,0,0,0,0,0
A10,T2_pos-1_1,T2,pos-1,1,3,ECA2660,0,0,0.000114454622870258,0,-0.000114454622870258,0,-62.0008860559369
A11,T2_pos-1_2,T2,pos-1,2,3,ECA2660,0.000430152883606598,0,0.000114454622870258,0.000430152883606598,0.00031569826073634,63.9109598299724,1.91007377403552
A12,T2_pos-1_3,T2,pos-1,3,3,ECA2660,0,0,0.000114454622870258,0,-0.000114454622870258,0,-62.0008860559369
A13,T2_pos-1_4,T2,pos-1,4,3,ECA2660,0,0,0.000114454622870258,0,-0.000114454622870258,0,-62.0008860559369
A6,T2_ctrl_A,T2,ctrl,A,3,ECA2660,0.000228909245740516,0,0.000114454622870258,0.000228909245740516,0.000114454622870258,63.0008860559369,1
A7,T2_ctrl_B,T2,ctrl,B,3,ECA2660,0,0,0.000114454622870258,0,-0.000114454622870258,0,-62.0008860559369
A10,T2_pos-1_1,T2,pos-1,1,5,ECA2660,0,7.17203013429125e-05,0,-7.17203013429125e-05,0,-61.3265637758256,0
A11,T2_pos-1_2,T2,pos-1,2,5,ECA2660,0.000320431207613538,7.17203013429125e-05,0,0.000248710906270626,0.000320431207613538,2.1595612073259,63.4861249831515
A12,T2_pos-1_3,T2,pos-1,3,5,ECA2660,0,7.17203013429125e-05,0,-7.17203013429125e-05,0,-61.3265637758256,0
A13,T2_pos-1_4,T2,pos-1,4,5,ECA2660,0,7.17203013429125e-05,0,-7.17203013429125e-05,0,-61.3265637758256,0
A6,T2_ctrl_A,T2,ctrl,A,5,ECA2660,0,7.17203013429125e-05,0,-7.17203013429125e-05,0,-61.3265637758256,0
A7,T2_ctrl_B,T2,ctrl,B,5,ECA2660,0,7.17203013429125e-05,0,-7.17203013429125e-05,0,-61.3265637758256,0
A10,T2_pos-1_1,T2,pos-1,1,10,ECA2660,0,0.00183399393898857,0,-0.00183399393898857,0,-66.0030272867956,0
A11,T2_pos-1_2,T2,pos-1,2,10,ECA2660,0,0.00183399393898857,0,-0.00183399393898857,0,-66.0030272867956,0
A12,T2_pos-1_3,T2,pos-1,3,10,ECA2660,0,0.00183399393898857,0,-0.00183399393898857,0,-66.0030272867956,0
A13,T2_pos-1_4,T2,pos-1,4,10,ECA2660,0,0.00183399393898857,0,-0.00183399393898857,0,-66.0030272867956,0
A6,T2_ctrl_A,T2,ctrl,A,10,ECA2660,0,0.00183399393898857,0,-0.00183399393898857,0,-66.0030272867956,0
A7,T2_ctrl_B,T2,ctrl,B,10,ECA2660,0,0.00183399393898857,0,-0.00183399393898857,0,-66.0030272867956,0
A10,T2_pos-1_1,T2,pos-1,1,3,ECA2672,0,0.00165940172840553,0.00182232569463053,-0.00165940172840553,-0.00182232569463053,-65.8587016096553,-65.9938192431321
A11,T2_pos-1_2,T2,pos-1,2,3,ECA2672,0,0.00165940172840553,0.00182232569463053,-0.00165940172840553,-0.00182232569463053,-65.8587016096553,-65.9938192431321
A12,T2_pos-1_3,T2,pos-1,3,3,ECA2672,0,0.00165940172840553,0.00182232569463053,-0.00165940172840553,-0.00182232569463053,-65.8587016096553,-65.9938192431321
A13,T2_pos-1_4,T2,pos-1,4,3,ECA2672,0,0.00165940172840553,0.00182232569463053,-0.00165940172840553,-0.00182232569463053,-65.8587016096553,-65.9938192431321
A6,T2_ctrl_A,T2,ctrl,A,3,ECA2672,0.00364465138926107,0.00165940172840553,0.00182232569463053,0.00198524966085554,0.00182232569463053,1.13511763347681,1
A7,T2_ctrl_B,T2,ctrl,B,3,ECA2672,0,0.00165940172840553,0.00182232569463053,-0.00165940172840553,-0.00182232569463053,-65.8587016096553,-65.9938192431321
A10,T2_pos-1_1,T2,pos-1,1,5,ECA2672,0,0.0021588180354766,0.00200724011743336,-0.0021588180354766,-0.00200724011743336,-66.2382800609185,-66.1332516260729
A11,T2_pos-1_2,T2,pos-1,2,5,ECA2672,0,0.0021588180354766,0.00200724011743336,-0.0021588180354766,-0.00200724011743336,-66.2382800609185,-66.1332516260729
A12,T2_pos-1_3,T2,pos-1,3,5,ECA2672,0,0.0021588180354766,0.00200724011743336,-0.0021588180354766,-0.00200724011743336,-66.2382800609185,-66.1332516260729
A13,T2_pos-1_4,T2,pos-1,4,5,ECA2672,0,0.0021588180354766,0.00200724011743336,-0.0021588180354766,-0.00200724011743336,-66.2382800609185,-66.1332516260729
A6,T2_ctrl_A,T2,ctrl,A,5,ECA2672,0.00401448023486673,0.0021588180354766,0.00200724011743336,0.00185566219939013,0.00200724011743336,0.894971565154479,1
A7,T2_ctrl_B,T2,ctrl,B,5,ECA2672,0,0.0021588180354766,0.00200724011743336,-0.0021588180354766,-0.00200724011743336,-66.2382800609185,-66.1332516260729
A10,T2_pos-1_1,T2,pos-1,1,10,ECA2672,0,0.00161359746274541,0.00245056844717413,-0.00161359746274541,-0.00245056844717413,-65.8183191362369,-66.4211548591254
A11,T2_pos-1_2,T2,pos-1,2,10,ECA2672,0,0.00161359746274541,0.00245056844717413,-0.00161359746274541,-0.00245056844717413,-65.8183191362369,-66.4211548591254
A12,T2_pos-1_3,T2,pos-1,3,10,ECA2672,0,0.00161359746274541,0.00245056844717413,-0.00161359746274541,-0.00245056844717413,-65.8183191362369,-66.4211548591254
A13,T2_pos-1_4,T2,pos-1,4,10,ECA2672,0,0.00161359746274541,0.00245056844717413,-0.00161359746274541,-0.00245056844717413,-65.8183191362369,-66.4211548591254
A6,T2_ctrl_A,T2,ctrl,A,10,ECA2672,0.00490113689434826,0.00161359746274541,0.00245056844717413,0.00328753943160285,0.00245056844717413,1.60283572288854,1
A7,T2_ctrl_B,T2,ctrl,B,10,ECA2672,0,0.00161359746274541,0.00245056844717413,-0.00161359746274541,-0.00245056844717413,-65.8183191362369,-66.4211548591254
A10,T2_pos-1_1,T2,pos-1,1,3,ECA347,0,0.000702260391451166,0,-0.000702260391451166,0,-64.6181163880903,0
A11,T2_pos-1_2,T2,pos-1,2,3,ECA347,0,0.000702260391451166,0,-0.000702260391451166,0,-64.6181163880903,0
A12,T2_pos-1_3,T2,pos-1,3,3,ECA347,0.000245373271802402,0.000702260391451166,0,-0.000456887119648765,0.000245373271802402,-1.51702796065387,63.1010884274365
A13,T2_pos-1_4,T2,pos-1,4,3,ECA347,0,0.000702260391451166,0,-0.000702260391451166,0,-64.6181163880903,0
A6,T2_ctrl_A,T2,ctrl,A,3,ECA347,0,0.000702260391451166,0,-0.000702260391451166,0,-64.6181163880903,0
A7,T2_ctrl_B,T2,ctrl,B,3,ECA347,0,0.000702260391451166,0,-0.000702260391451166,0,-64.6181163880903,0
A10,T2_pos-1_1,T2,pos-1,1,5,ECA347,0,0.000645708213374482,0,-0.000645708213374482,0,-64.4969926990152,0
A11,T2_pos-1_2,T2,pos-1,2,5,ECA347,0,0.000645708213374482,0,-0.000645708213374482,0,-64.4969926990152,0
A12,T2_pos-1_3,T2,pos-1,3,5,ECA347,0.000215308619601793,0.000645708213374482,0,-0.000430399593772689,0.000215308619601793,-1.58447630111778,62.9125163978974
A13,T2_pos-1_4,T2,pos-1,4,5,ECA347,0,0.000645708213374482,0,-0.000645708213374482,0,-64.4969926990152,0
A6,T2_ctrl_A,T2,ctrl,A,5,ECA347,0,0.000645708213374482,0,-0.000645708213374482,0,-64.4969926990152,0
A7,T2_ctrl_B,T2,ctrl,B,5,ECA347,0,0.000645708213374482,0,-0.000645708213374482,0,-64.4969926990152,0
A10,T2_pos-1_1,T2,pos-1,1,10,ECA347,0,0.00052111949477213,0,-0.00052111949477213,0,-64.1877245469555,0
A11,T2_pos-1_2,T2,pos-1,2,10,ECA347,0,0.00052111949477213,0,-0.00052111949477213,0,-64.1877245469555,0
A12,T2_pos-1_3,T2,pos-1,3,10,ECA347,0,0.00052111949477213,0,-0.00052111949477213,0,-64.1877245469555,0
A13,T2_pos-1_4,T2,pos-1,4,10,ECA347,0,0.00052111949477213,0,-0.00052111949477213,0,-64.1877245469555,0
A6,T2_ctrl_A,T2,ctrl,A,10,ECA347,0,0.00052111949477213,0,-0.00052111949477213,0,-64.1877245469555,0
A7,T2_ctrl_B,T2,ctrl,B,10,ECA347,0,0.00052111949477213,0,-0.00052111949477213,0,-64.1877245469555,0
A10,T2_pos-1_1,T2,pos-1,1,3,ECA348,0,0,0.000116017695424219,0,-0.000116017695424219,0,-62.0204551878315
A11,T2_pos-1_2,T2,pos-1,2,3,ECA348,0.000970166306721006,0,0.000116017695424219,0.000970166306721006,0.000854148611296787,65.0843423972997,3.06388720946819
A12,T2_pos-1_3,T2,pos-1,3,3,ECA348,0.00219986170679869,0,0.000116017695424219,0.00219986170679869,0.00208384401137447,66.265451247997,4.24499606016544
A13,T2_pos-1_4,T2,pos-1,4,3,ECA348,0.000113614556415732,0,0.000116017695424219,0.000113614556415732,-2.40313900848782e-06,61.9902580070895,-0.0301971807420764
A6,T2_ctrl_A,T2,ctrl,A,3,ECA348,0,0,0.000116017695424219,0,-0.000116017695424219,0,-62.0204551878315
A7,T2_ctrl_B,T2,ctrl,B,3,ECA348,0.000232035390848439,0,0.000116017695424219,0.000232035390848439,0.000116017695424219,63.0204551878315,1
A10,T2_pos-1_1,T2,pos-1,1,5,ECA348,0,0,0.000243296003399562,0,-0.000243296003399562,0,-63.0888229422642
A11,T2_pos-1_2,T2,pos-1,2,5,ECA348,0.00131449482246613,0,0.000243296003399562,0.00131449482246613,0.00107119881906657,65.5225468751737,2.43372393290947
A12,T2_pos-1_3,T2,pos-1,3,5,ECA348,0.00240092254513431,0,0.000243296003399562,0.00240092254513431,0.00215762654173475,66.391627278009,3.30280433574478
A13,T2_pos-1_4,T2,pos-1,4,5,ECA348,0.000305345229769737,0,0.000243296003399562,0.000305345229769737,6.20492263701755e-05,63.4165516277831,0.327728685518847
A6,T2_ctrl_A,T2,ctrl,A,5,ECA348,0,0,0.000243296003399562,0,-0.000243296003399562,0,-63.0888229422642
A7,T2_ctrl_B,T2,ctrl,B,5,ECA348,0.000486592006799123,0,0.000243296003399562,0.000486592006799123,0.000243296003399562,64.0888229422642,1
A10,T2_pos-1_1,T2,pos-1,1,10,ECA348,0,0,0.000299171827086769,0,-0.000299171827086769,0,-63.3870846443095
A11,T2_pos-1_2,T2,pos-1,2,10,ECA348,0.00143447394929257,0,0.000299171827086769,0.00143447394929257,0.0011353021222058,65.6485601840338,2.26147553972433
A12,T2_pos-1_3,T2,pos-1,3,10,ECA348,0.00210248045309565,0,0.000299171827086769,0.00210248045309565,0.00180330862600888,66.200130803404,2.81304615909455
A13,T2_pos-1_4,T2,pos-1,4,10,ECA348,0.000456100141714167,0,0.000299171827086769,0.000456100141714167,0.000156928314627398,63.9954609392615,0.608376294952006
A6,T2_ctrl_A,T2,ctrl,A,10,ECA348,0,0,0.000299171827086769,0,-0.000299171827086769,0,-63.3870846443095
A7,T2_ctrl_B,T2,ctrl,B,10,ECA348,0.000598343654173538,0,0.000299171827086769,0.000598343654173538,0.000299171827086769,64.3870846443095,1
A10,T2_pos-1_1,T2,pos-1,1,3,ECA349,0,0,0.000215858275760722,0,-0.000215858275760722,0,-62.9161947259545
A11,T2_pos-1_2,T2,pos-1,2,3,ECA349,0,0,0.000215858275760722,0,-0.000215858275760722,0,-62.9161947259545
A12,T2_pos-1_3,T2,pos-1,3,3,ECA349,0,0,0.000215858275760722,0,-0.000215858275760722,0,-62.9161947259545
A13,T2_pos-1_4,T2,pos-1,4,3,ECA349,0,0,0.000215858275760722,0,-0.000215858275760722,0,-62.9161947259545
A6,T2_ctrl_A,T2,ctrl,A,3,ECA349,0,0,0.000215858275760722,0,-0.000215858275760722,0,-62.9161947259545
A7,T2_ctrl_B,T2,ctrl,B,3,ECA349,0.000431716551521443,0,0.000215858275760722,0.000431716551521443,0.000215858275760722,63.9161947259545,1
A10,T2_pos-1_1,T2,pos-1,1,5,ECA349,0,0,1.2295201557416e-05,0,-1.2295201557416e-05,0,-58.7822776114039
A11,T2_pos-1_2,T2,pos-1,2,5,ECA349,0,0,1.2295201557416e-05,0,-1.2295201557416e-05,0,-58.7822776114039
A12,T2_pos-1_3,T2,pos-1,3,5,ECA349,0,0,1.2295201557416e-05,0,-1.2295201557416e-05,0,-58.7822776114039
A13,T2_pos-1_4,T2,pos-1,4,5,ECA349,0,0,1.2295201557416e-05,0,-1.2295201557416e-05,0,-58.7822776114039
A6,T2_ctrl_A,T2,ctrl,A,5,ECA349,0,0,1.2295201557416e-05,0,-1.2295201557416e-05,0,-58.7822776114039
A7,T2_ctrl_B,T2,ctrl,B,5,ECA349,2.4590403114832e-05,0,1.2295201557416e-05,2.4590403114832e-05,1.2295201557416e-05,59.7822776114039,1
A10,T2_pos-1_1,T2,pos-1,1,10,ECA349,0,0,0,0,0,0,0
A11,T2_pos-1_2,T2,pos-1,2,10,ECA349,0,0,0,0,0,0,0
A12,T2_pos-1_3,T2,pos-1,3,10,ECA349,0,0,0,0,0,0,0
A13,T2_pos-1_4,T2,pos-1,4,10,ECA349,0,0,0,0,0,0,0
A6,T2_ctrl_A,T2,ctrl,A,10,ECA349,0,0,0,0,0,0,0
A7,T2_ctrl_B,T2,ctrl,B,10,ECA349,0,0,0,0,0,0,0
A10,T2_pos-1_1,T2,pos-1,1,3,ECA36,0,0,2.46014557324424e-05,0,-2.46014557324424e-05,0,-59.7829259120479
A11,T2_pos-1_2,T2,pos-1,2,3,ECA36,0,0,2.46014557324424e-05,0,-2.46014557324424e-05,0,-59.7829259120479
A12,T2_pos-1_3,T2,pos-1,3,3,ECA36,0,0,2.46014557324424e-05,0,-2.46014557324424e-05,0,-59.7829259120479
A13,T2_pos-1_4,T2,pos-1,4,3,ECA36,0,0,2.46014557324424e-05,0,-2.46014557324424e-05,0,-59.7829259120479
A6,T2_ctrl_A,T2,ctrl,A,3,ECA36,4.92029114648849e-05,0,2.46014557324424e-05,4.92029114648849e-05,2.46014557324424e-05,60.7829259120479,1
A7,T2_ctrl_B,T2,ctrl,B,3,ECA36,0,0,2.46014557324424e-05,0,-2.46014557324424e-05,0,-59.7829259120479
A10,T2_pos-1_1,T2,pos-1,1,5,ECA36,0,0,8.86540505145877e-05,0,-8.86540505145877e-05,0,-61.6323687738391
A11,T2_pos-1_2,T2,pos-1,2,5,ECA36,0,0,8.86540505145877e-05,0,-8.86540505145877e-05,0,-61.6323687738391
A12,T2_pos-1_3,T2,pos-1,3,5,ECA36,0,0,8.86540505145877e-05,0,-8.86540505145877e-05,0,-61.6323687738391
A13,T2_pos-1_4,T2,pos-1,4,5,ECA36,0,0,8.86540505145877e-05,0,-8.86540505145877e-05,0,-61.6323687738391
A6,T2_ctrl_A,T2,ctrl,A,5,ECA36,0.000177308101029175,0,8.86540505145877e-05,0.000177308101029175,8.86540505145877e-05,62.6323687738391,1
A7,T2_ctrl_B,T2,ctrl,B,5,ECA36,0,0,8.86540505145877e-05,0,-8.86540505145877e-05,0,-61.6323687738391
A10,T2_pos-1_1,T2,pos-1,1,10,ECA36,0,0,1.99145957822702e-05,0,-1.99145957822702e-05,0,-59.478008422729
A11,T2_pos-1_2,T2,pos-1,2,10,ECA36,0,0,1.99145957822702e-05,0,-1.99145957822702e-05,0,-59.478008422729
A12,T2_pos-1_3,T2,pos-1,3,10,ECA36,0,0,1.99145957822702e-05,0,-1.99145957822702e-05,0,-59.478008422729
A13,T2_pos-1_4,T2,pos-1,4,10,ECA36,0,0,1.99145957822702e-05,0,-1.99145957822702e-05,0,-59.478008422729
A6,T2_ctrl_A,T2,ctrl,A,10,ECA36,3.98291915645403e-05,0,1.99145957822702e-05,3.98291915645403e-05,1.99145957822702e-05,60.478008422729,1
A7,T2_ctrl_B,T2,ctrl,B,10,ECA36,0,0,1.99145957822702e-05,0,-1.99145957822702e-05,0,-59.478008422729
A10,T2_pos-1_1,T2,pos-1,1,3,ECA363,0,0,0,0,0,0,0
A11,T2_pos-1_2,T2,pos-1,2,3,ECA363,0,0,0,0,0,0,0
A12,T2_pos-1_3,T2,pos-1,3,3,ECA363,0,0,0,0,0,0,0
A13,T2_pos-1_4,T2,pos-1,4,3,ECA363,0,0,0,0,0,0,0
A6,T2_ctrl_A,T2,ctrl,A,3,ECA363,0,0,0,0,0,0,0
A7,T2_ctrl_B,T2,ctrl,B,3,ECA363,0,0,0,0,0,0,0
A10,T2_pos-1_1,T2,pos-1,1,5,ECA363,0,0,0,0,0,0,0
A11,T2_pos-1_2,T2,pos-1,2,5,ECA363,0,0,0,0,0,0,0
A12,T2_pos-1_3,T2,pos-1,3,5,ECA363,0,0,0,0,0,0,0
A13,T2_pos-1_4,T2,pos-1,4,5,ECA363,0,0,0,0,0,0,0
A6,T2_ctrl_A,T2,ctrl,A,5,ECA363,0,0,0,0,0,0,0
A7,T2_ctrl_B,T2,ctrl,B,5,ECA363,0,0,0,0,0,0,0
A10,T2_pos-1_1,T2,pos-1,1,10,ECA363,0,0,0,0,0,0,0
A11,T2_pos-1_2,T2,pos-1,2,10,ECA363,0,0,0,0,0,0,0
A12,T2_pos-1_3,T2,pos-1,3,10,ECA363,0,0,0,0,0,0,0
A13,T2_pos-1_4,T2,pos-1,4,10,ECA363,0,0,0,0,0,0,0
A6,T2_ctrl_A,T2,ctrl,A,10,ECA363,0,0,0,0,0,0,0
A7,T2_ctrl_B,T2,ctrl,B,10,ECA363,0,0,0,0,0,0,0
A10,T2_pos-1_1,T2,pos-1,1,3,ECA369,0.000514373923137381,0.00044021203689597,0.000352793043960837,7.41618862414113e-05,0.000161580879176544,0.224618911233523,0.543995389715778
A11,T2_pos-1_2,T2,pos-1,2,3,ECA369,0.000415128288116061,0.00044021203689597,0.000352793043960837,-2.50837487799087e-05,6.23352441552237e-05,-0.0846413490028443,0.234735129479411
A12,T2_pos-1_3,T2,pos-1,3,3,ECA369,0.00032941592971533,0.00044021203689597,0.000352793043960837,-0.00011079610718064,-2.33771142455072e-05,-0.418288272154716,-0.0989117936724612
A13,T2_pos-1_4,T2,pos-1,4,3,ECA369,0.000627162254467171,0.00044021203689597,0.000352793043960837,0.000186950217571201,0.000274369210506333,0.510640140024604,0.830016618506858
A6,T2_ctrl_A,T2,ctrl,A,3,ECA369,0.000302208338335016,0.00044021203689597,0.000352793043960837,-0.000138003698560954,-5.05847056258217e-05,-0.542655127012617,-0.223278648530362
A7,T2_ctrl_B,T2,ctrl,B,3,ECA369,0.000403377749586659,0.00044021203689597,0.000352793043960837,-3.68342873093108e-05,5.05847056258217e-05,-0.126067087222074,0.193309391260181
A10,T2_pos-1_1,T2,pos-1,1,5,ECA369,0.000543491765970381,0.000454310866872675,0.000365028451647971,8.91808990977059e-05,0.00017846331432241,0.258578363944624,0.574249260959868
A11,T2_pos-1_2,T2,pos-1,2,5,ECA369,0.000445354445604685,0.000454310866872675,0.000365028451647971,-8.95642126799072e-06,8.03259939567134e-05,-0.0287258189525938,0.28694507806265
A12,T2_pos-1_3,T2,pos-1,3,5,ECA369,0.000335974922385006,0.000454310866872675,0.000365028451647971,-0.000118335944487669,-2.90535292629647e-05,-0.435326261953943,-0.119655364938699
A13,T2_pos-1_4,T2,pos-1,4,5,ECA369,0.000654379579198752,0.000454310866872675,0.000365028451647971,0.000200068712326076,0.00028935112755078,0.526447913428708,0.842118810443951
A6,T2_ctrl_A,T2,ctrl,A,5,ECA369,0.000331202077264416,0.000454310866872675,0.000365028451647971,-0.000123108789608259,-3.38263743835548e-05,-0.455968093003864,-0.140297195988621
A7,T2_ctrl_B,T2,ctrl,B,5,ECA369,0.000398854826031526,0.000454310866872675,0.000365028451647971,-5.54560408411493e-05,3.38263743835548e-05,-0.187816080072564,0.12785481694268
A10,T2_pos-1_1,T2,pos-1,1,10,ECA369,0.00039707773730577,0.000394285676831316,0.00027354906796453,2.79206047445416e-06,0.00012352866934124,0.0101801737162632,0.537621836320327
A11,T2_pos-1_2,T2,pos-1,2,10,ECA369,0.000357330295520539,0.000394285676831316,0.00027354906796453,-3.69553813107773e-05,8.37812275560088e-05,-0.141983067721073,0.385458594882991
A12,T2_pos-1_3,T2,pos-1,3,10,ECA369,0.000269705352632868,0.000394285676831316,0.00027354906796453,-0.000124580324198449,-3.84371533166268e-06,-0.547857148880492,-0.0204154862764278
A13,T2_pos-1_4,T2,pos-1,4,10,ECA369,0.000562079213759176,0.000394285676831316,0.00027354906796453,0.000167793536927859,0.000288530145794645,0.511532160833954,1.03897382343802
A6,T2_ctrl_A,T2,ctrl,A,10,ECA369,0.000169461924148709,0.000394285676831316,0.00027354906796453,-0.000224823752682608,-0.000104087143815821,-1.21828014749404,-0.690838484889977
A7,T2_ctrl_B,T2,ctrl,B,10,ECA369,0.000377636211780352,0.000394285676831316,0.00027354906796453,-1.66494650509647e-05,0.000104087143815821,-0.0622441904945839,0.46519747210948
A10,T2_pos-1_1,T2,pos-1,1,3,ECA372,0.00107257982418328,0,6.06560547447322e-05,0.00107257982418328,0.00101192376943855,65.2291234365374,4.14428954689958
A11,T2_pos-1_2,T2,pos-1,2,3,ECA372,0.00296441658126647,0,6.06560547447322e-05,0.00296441658126647,0.00290376052652174,66.6957866155313,5.61095272589349
A12,T2_pos-1_3,T2,pos-1,3,3,ECA372,0.000204085474897499,0,6.06560547447322e-05,0.000204085474897499,0.000143429420152766,62.8352838278283,1.75044993819056
A13,T2_pos-1_4,T2,pos-1,4,3,ECA372,0,0,6.06560547447322e-05,0,-6.06560547447322e-05,0,-61.0848338896378
A6,T2_ctrl_A,T2,ctrl,A,3,ECA372,0.000121312109489464,0,6.06560547447322e-05,0.000121312109489464,6.06560547447322e-05,62.0848338896378,1
A7,T2_ctrl_B,T2,ctrl,B,3,ECA372,0,0,6.06560547447322e-05,0,-6.06560547447322e-05,0,-61.0848338896378
A10,T2_pos-1_1,T2,pos-1,1,5,ECA372,0.000858170743127685,0,0,0.000858170743127685,0.000858170743127685,64.9073750381797,64.9073750381797
A11,T2_pos-1_2,T2,pos-1,2,5,ECA372,0.00295594799962343,0,0,0.00295594799962343,0.00295594799962343,66.6916593058342,66.6916593058342
A12,T2_pos-1_3,T2,pos-1,3,5,ECA372,0.000278448572493784,0,0,0.000278448572493784,0.000278448572493784,63.2835212172807,63.2835212172807
A13,T2_pos-1_4,T2,pos-1,4,5,ECA372,0,0,0,0,0,0,0
A6,T2_ctrl_A,T2,ctrl,A,5,ECA372,0,0,0,0,0,0,0
A7,T2_ctrl_B,T2,ctrl,B,5,ECA372,0,0,0,0,0,0,0
A10,T2_pos-1_1,T2,pos-1,1,10,ECA372,0.00123463114526505,0,3.15072213158556e-05,0.00123463114526505,0.00120312392394919,65.4321185065905,5.29225375483221
A11,T2_pos-1_2,T2,pos-1,2,10,ECA372,0.00280508323230127,0,3.15072213158556e-05,0.00280508323230127,0.00277357601098542,66.616081994746,6.47621724298765
A12,T2_pos-1_3,T2,pos-1,3,10,ECA372,0.000420334052400135,0,3.15072213158556e-05,0.000420334052400135,0.000388826831084279,63.8776466586657,3.73778190690735
A13,T2_pos-1_4,T2,pos-1,4,10,ECA372,0,0,3.15072213158556e-05,0,-3.15072213158556e-05,0,-60.1398647517583
A6,T2_ctrl_A,T2,ctrl,A,10,ECA372,6.30144426317112e-05,0,3.15072213158556e-05,6.30144426317112e-05,3.15072213158556e-05,61.1398647517583,1
A7,T2_ctrl_B,T2,ctrl,B,10,ECA372,0,0,3.15072213158556e-05,0,-3.15072213158556e-05,0,-60.1398647517583
A10,T2_pos-1_1,T2,pos-1,1,3,ECA396,0.000112349258883568,0.000637986530301024,0.000366700679695631,-0.000525637271417456,-0.000254351420812063,-2.50553535718847,-1.70661233239695
A11,T2_pos-1_2,T2,pos-1,2,3,ECA396,0.000300888886179102,0.000637986530301024,0.000366700679695631,-0.000337097644121922,-6.58117935165289e-05,-1.08429514557634,-0.285372120784817
A12,T2_pos-1_3,T2,pos-1,3,3,ECA396,0,0.000637986530301024,0.000366700679695631,-0.000637986530301024,-0.000366700679695631,-64.4796362857497,-63.6807132609582
A13,T2_pos-1_4,T2,pos-1,4,3,ECA396,0.000150489835388135,0.000637986530301024,0.000366700679695631,-0.000487496694912889,-0.000216210844307496,-2.08385991935425,-1.28493689456273
A6,T2_ctrl_A,T2,ctrl,A,3,ECA396,0.000425216611898834,0.000637986530301024,0.000366700679695631,-0.000212769918402191,5.85159322032027e-05,-0.585328005335099,0.213595019456421
A7,T2_ctrl_B,T2,ctrl,B,3,ECA396,0.000308184747492428,0.000637986530301024,0.000366700679695631,-0.000329801782808596,-5.85159322032027e-05,-1.04973050237998,-0.250807477588457
A10,T2_pos-1_1,T2,pos-1,1,5,ECA396,9.4756425907649e-05,0.000597127930490809,0.000335312330699993,-0.00050237150458316,-0.000240555904792344,-2.65574436385874,-1.82320984936149
A11,T2_pos-1_2,T2,pos-1,2,5,ECA396,0.000310532946228182,0.000597127930490809,0.000335312330699993,-0.000286594984262627,-2.47793844718114e-05,-0.943293711557022,-0.110759197059774
A12,T2_pos-1_3,T2,pos-1,3,5,ECA396,0,0.000597127930490809,0.000335312330699993,-0.000597127930490809,-0.000335312330699993,-64.3841503727546,-63.5516158582573
A13,T2_pos-1_4,T2,pos-1,4,5,ECA396,5.9339358809324e-05,0.000597127930490809,0.000335312330699993,-0.000537788571681485,-0.000275972971890669,-3.33097880895398,-2.49844429445674
A6,T2_ctrl_A,T2,ctrl,A,5,ECA396,0.000408370053777517,0.000597127930490809,0.000335312330699993,-0.000188757876713292,7.30577230775234e-05,-0.548162976256379,0.28437153824087
A7,T2_ctrl_B,T2,ctrl,B,5,ECA396,0.00026225460762247,0.000597127930490809,0.000335312330699993,-0.000334873322868339,-7.30577230775234e-05,-1.18707193181994,-0.354537417322688
A10,T2_pos-1_1,T2,pos-1,1,10,ECA396,2.20484033072093e-05,0.000773778217444727,0.000286715090855228,-0.000751729814137518,-0.000264666687548019,-5.13317402804149,-3.70087175270629
A11,T2_pos-1_2,T2,pos-1,2,10,ECA396,0.000269294349525929,0.000773778217444727,0.000286715090855228,-0.000504483867918798,-1.74207413292988e-05,-1.52273615740548,-0.0904338820702799
A12,T2_pos-1_3,T2,pos-1,3,10,ECA396,0,0.000773778217444727,0.000286715090855228,-0.000773778217444727,-0.000286715090855228,-64.7580304369933,-63.3257281616581
A13,T2_pos-1_4,T2,pos-1,4,10,ECA396,5.96241693065479e-05,0.000773778217444727,0.000286715090855228,-0.000714154048138179,-0.00022709092154868,-3.6979509496721,-2.2656486743369
A6,T2_ctrl_A,T2,ctrl,A,10,ECA396,0.000397100317150999,0.000773778217444727,0.000286715090855228,-0.000376677900293728,0.000110385226295771,-0.962416603089064,0.469885672246135
A7,T2_ctrl_B,T2,ctrl,B,10,ECA396,0.000176329864559457,0.000773778217444727,0.000286715090855228,-0.00059744835288527,-0.000110385226295771,-2.13364327508923,-0.701340999754036
A10,T2_pos-1_1,T2,pos-1,1,3,ECA592,0,0.00513383082919703,0.00289388359841648,-0.00513383082919703,-0.00289388359841648,-67.4880741724777,-66.6610453087592
A11,T2_pos-1_2,T2,pos-1,2,3,ECA592,0,0.00513383082919703,0.00289388359841648,-0.00513383082919703,-0.00289388359841648,-67.4880741724777,-66.6610453087592
A12,T2_pos-1_3,T2,pos-1,3,3,ECA592,0.000756536288237642,0.00513383082919703,0.00289388359841648,-0.00437729454095938,-0.00213734731017884,-2.76255456684163,-1.93552570312313
A13,T2_pos-1_4,T2,pos-1,4,3,ECA592,0,0.00513383082919703,0.00289388359841648,-0.00513383082919703,-0.00289388359841648,-67.4880741724777,-66.6610453087592
A6,T2_ctrl_A,T2,ctrl,A,3,ECA592,0.00210943263077454,0.00513383082919703,0.00289388359841648,-0.00302439819842248,-0.000784450967641939,-1.28318074402907,-0.456151880310565
A7,T2_ctrl_B,T2,ctrl,B,3,ECA592,0.00367833456605842,0.00513383082919703,0.00289388359841648,-0.0014554962631386,0.000784450967641939,-0.480983049506022,0.346045814212483
A10,T2_pos-1_1,T2,pos-1,1,5,ECA592,0,0.00477911629799008,0.00287275632887446,-0.00477911629799008,-0.00287275632887446,-67.3847822911461,-66.6504740423867
A11,T2_pos-1_2,T2,pos-1,2,5,ECA592,0,0.00477911629799008,0.00287275632887446,-0.00477911629799008,-0.00287275632887446,-67.3847822911461,-66.6504740423867
A12,T2_pos-1_3,T2,pos-1,3,5,ECA592,0.000397494051713467,0.00477911629799008,0.00287275632887446,-0.00438162224627661,-0.00247526227716099,-3.58773869894133,-2.85343045018197
A13,T2_pos-1_4,T2,pos-1,4,5,ECA592,0,0.00477911629799008,0.00287275632887446,-0.00477911629799008,-0.00287275632887446,-67.3847822911461,-66.6504740423867
A6,T2_ctrl_A,T2,ctrl,A,5,ECA592,0.00206607801760852,0.00477911629799008,0.00287275632887446,-0.00271303828038156,-0.000806678311265933,-1.20984914230666,-0.475540893547303
A7,T2_ctrl_B,T2,ctrl,B,5,ECA592,0.00367943464014039,0.00477911629799008,0.00287275632887446,-0.00109968165784969,0.000806678311265934,-0.377259768006743,0.357048480752618
A10,T2_pos-1_1,T2,pos-1,1,10,ECA592,0,0.00405440756123835,0.00268457426434697,-0.00405440756123835,-0.00268457426434697,-67.1475295358332,-66.5527317309398
A11,T2_pos-1_2,T2,pos-1,2,10,ECA592,0,0.00405440756123835,0.00268457426434697,-0.00405440756123835,-0.00268457426434697,-67.1475295358332,-66.5527317309398
A12,T2_pos-1_3,T2,pos-1,3,10,ECA592,3.41645040289961e-05,0.00405440756123835,0.00268457426434697,-0.00402024305720936,-0.00265040976031797,-6.89084912675859,-6.29605132186512
A13,T2_pos-1_4,T2,pos-1,4,10,ECA592,0,0.00405440756123835,0.00268457426434697,-0.00405440756123835,-0.00268457426434697,-67.1475295358332,-66.5527317309398
A6,T2_ctrl_A,T2,ctrl,A,10,ECA592,0.00225123138657689,0.00405440756123835,0.00268457426434697,-0.00180317617466146,-0.000433342877770071,-0.848776772314476,-0.253978967421008
A7,T2_ctrl_B,T2,ctrl,B,10,ECA592,0.00311791714211704,0.00405440756123835,0.00268457426434697,-0.000936490419121316,0.000433342877770071,-0.378908530859236,0.215889274034233
A10,T2_pos-1_1,T2,pos-1,1,3,ECA593,0.000997765113981864,0.000407602783855094,0.00270628884332913,0.000590162330126769,-0.00170852372934727,1.29153632271935,-1.43954369424949
A11,T2_pos-1_2,T2,pos-1,2,3,ECA593,0.00156521682950584,0.000407602783855094,0.00270628884332913,0.00115761404565074,-0.0011410720138233,1.94112671756067,-0.789953299408173
A12,T2_pos-1_3,T2,pos-1,3,3,ECA593,0.000147934016134402,0.000407602783855094,0.00270628884332913,-0.000259668767720692,-0.00255835482719473,-1.46221007918856,-4.1932900961574
A13,T2_pos-1_4,T2,pos-1,4,3,ECA593,0.000896219048745629,0.000407602783855094,0.00270628884332913,0.000488616264890535,-0.00181006979458351,1.13668748578123,-1.59439253118761
A6,T2_ctrl_A,T2,ctrl,A,3,ECA593,0.00160188542269628,0.000407602783855094,0.00270628884332913,0.00119428263884118,-0.00110440342063286,1.974535150466,-0.756544866502836
A7,T2_ctrl_B,T2,ctrl,B,3,ECA593,0.00381069226396199,0.000407602783855094,0.00270628884332913,0.0034030894801069,0.00110440342063286,3.22481729665654,0.493737279687699
A10,T2_pos-1_1,T2,pos-1,1,5,ECA593,0.000643522245435282,0.000420863469768033,0.00270798697903009,0.000222658775667249,-0.0020644647335948,0.6126377291028,-2.07315887607816
A11,T2_pos-1_2,T2,pos-1,2,5,ECA593,0.00124516167868204,0.000420863469768033,0.00270798697903009,0.000824298208914004,-0.00146282530034805,1.56490888520811,-1.12088771997285
A12,T2_pos-1_3,T2,pos-1,3,5,ECA593,9.19458769573103e-06,0.000420863469768033,0.00270798697903009,-0.000411668882072302,-0.00269879239133436,-5.51642359874938,-8.20222020393034
A13,T2_pos-1_4,T2,pos-1,4,5,ECA593,0.000620866172035219,0.000420863469768033,0.00270798697903009,0.000200002702267185,-0.00208712080699487,0.560930036790459,-2.1248665683905
A6,T2_ctrl_A,T2,ctrl,A,5,ECA593,0.00159542430404392,0.000420863469768033,0.00270798697903009,0.00117456083427589,-0.00111256267498616,1.92251596387043,-0.763280641310529
A7,T2_ctrl_B,T2,ctrl,B,5,ECA593,0.00382054965401625,0.000420863469768033,0.00270798697903009,0.00339968618424822,0.00111256267498616,3.18235601377796,0.496559408596996
A10,T2_pos-1_1,T2,pos-1,1,10,ECA593,0,0.000512533718043849,0.00253037875829721,-0.000512533718043849,-0.00253037875829721,-64.1637572390937,-66.4673917657609
A11,T2_pos-1_2,T2,pos-1,2,10,ECA593,0.000544847379387771,0.000512533718043849,0.00253037875829721,3.23136613439225e-05,-0.00198553137890944,0.0882052458496007,-2.21542928081769
A12,T2_pos-1_3,T2,pos-1,3,10,ECA593,0,0.000512533718043849,0.00253037875829721,-0.000512533718043849,-0.00253037875829721,-64.1637572390937,-66.4673917657609
A13,T2_pos-1_4,T2,pos-1,4,10,ECA593,0,0.000512533718043849,0.00253037875829721,-0.000512533718043849,-0.00253037875829721,-64.1637572390937,-66.4673917657609
A6,T2_ctrl_A,T2,ctrl,A,10,ECA593,0.00130817132994559,0.000512533718043849,0.00253037875829721,0.000795637611901741,-0.00122220742835163,1.35183267819931,-0.951801848467979
A7,T2_ctrl_B,T2,ctrl,B,10,ECA593,0.00375258618664884,0.000512533718043849,0.00253037875829721,0.00324005246860499,0.00122220742835163,2.87216638359059,0.568531856923301
A10,T2_pos-1_1,T2,pos-1,1,3,ECA594,0,0,0.000777492092620938,0,-0.000777492092620938,0,-64.7649383233896
A11,T2_pos-1_2,T2,pos-1,2,3,ECA594,0,0,0.000777492092620938,0,-0.000777492092620938,0,-64.7649383233896
A12,T2_pos-1_3,T2,pos-1,3,3,ECA594,0,0,0.000777492092620938,0,-0.000777492092620938,0,-64.7649383233896
A13,T2_pos-1_4,T2,pos-1,4,3,ECA594,0,0,0.000777492092620938,0,-0.000777492092620938,0,-64.7649383233896
A6,T2_ctrl_A,T2,ctrl,A,3,ECA594,0,0,0.000777492092620938,0,-0.000777492092620938,0,-64.7649383233896
A7,T2_ctrl_B,T2,ctrl,B,3,ECA594,0.00155498418524188,0,0.000777492092620938,0.00155498418524188,0.000777492092620938,65.7649383233896,1
A10,T2_pos-1_1,T2,pos-1,1,5,ECA594,0,0,0.000732938041768365,0,-0.000732938041768365,0,-64.6798015674463
A11,T2_pos-1_2,T2,pos-1,2,5,ECA594,0,0,0.000732938041768365,0,-0.000732938041768365,0,-64.6798015674463
A12,T2_pos-1_3,T2,pos-1,3,5,ECA594,0,0,0.000732938041768365,0,-0.000732938041768365,0,-64.6798015674463
A13,T2_pos-1_4,T2,pos-1,4,5,ECA594,0,0,0.000732938041768365,0,-0.000732938041768365,0,-64.6798015674463
A6,T2_ctrl_A,T2,ctrl,A,5,ECA594,0,0,0.000732938041768365,0,-0.000732938041768365,0,-64.6798015674463
A7,T2_ctrl_B,T2,ctrl,B,5,ECA594,0.00146587608353673,0,0.000732938041768365,0.00146587608353673,0.000732938041768365,65.6798015674463,1
A10,T2_pos-1_1,T2,pos-1,1,10,ECA594,0,0,0.00108590660767253,0,-0.00108590660767253,0,-65.2469384466081
A11,T2_pos-1_2,T2,pos-1,2,10,ECA594,0,0,0.00108590660767253,0,-0.00108590660767253,0,-65.2469384466081
A12,T2_pos-1_3,T2,pos-1,3,10,ECA594,0,0,0.00108590660767253,0,-0.00108590660767253,0,-65.2469384466081
A13,T2_pos-1_4,T2,pos-1,4,10,ECA594,0,0,0.00108590660767253,0,-0.00108590660767253,0,-65.2469384466081
A6,T2_ctrl_A,T2,ctrl,A,10,ECA594,0.000454293291252084,0,0.00108590660767253,0.000454293291252084,-0.000631613316420445,63.9897343214509,-1.25720412515721
A7,T2_ctrl_B,T2,ctrl,B,10,ECA594,0.00171751992409297,0,0.00108590660767253,0.00171751992409297,0.000631613316420445,65.9083652508225,0.66142680421432
A10,T2_pos-1_1,T2,pos-1,1,3,ECA703,0,0.00235917465540106,0.00358568400518644,-0.00235917465540106,-0.00358568400518644,-66.3663206444271,-66.970286769424
A11,T2_pos-1_2,T2,pos-1,2,3,ECA703,0,0.00235917465540106,0.00358568400518644,-0.00235917465540106,-0.00358568400518644,-66.3663206444271,-66.970286769424
A12,T2_pos-1_3,T2,pos-1,3,3,ECA703,0.00109754134792087,0.00235917465540106,0.00358568400518644,-0.0012616333074802,-0.00248814265726557,-1.10400693697387,-1.70797306197076
A13,T2_pos-1_4,T2,pos-1,4,3,ECA703,0,0.00235917465540106,0.00358568400518644,-0.00235917465540106,-0.00358568400518644,-66.3663206444271,-66.970286769424
A6,T2_ctrl_A,T2,ctrl,A,3,ECA703,0.00376340795727546,0.00235917465540106,0.00358568400518644,0.0014042333018744,0.000177723952089018,0.673757458770723,0.0697913337738278
A7,T2_ctrl_B,T2,ctrl,B,3,ECA703,0.00340796005309742,0.00235917465540106,0.00358568400518644,0.00104878539769636,-0.000177723952089018,0.530626196170265,-0.0733399288266308
A10,T2_pos-1_1,T2,pos-1,1,5,ECA703,0,0.00236670782454373,0.00357072355509976,-0.00236670782454373,-0.00357072355509976,-66.3709200287814,-66.9642548607019
A11,T2_pos-1_2,T2,pos-1,2,5,ECA703,0,0.00236670782454373,0.00357072355509976,-0.00236670782454373,-0.00357072355509976,-66.3709200287814,-66.9642548607019
A12,T2_pos-1_3,T2,pos-1,3,5,ECA703,0.0011226958877532,0.00236670782454373,0.00357072355509976,-0.00124401193679053,-0.00244802766734656,-1.07591442501548,-1.66924925693605
A13,T2_pos-1_4,T2,pos-1,4,5,ECA703,0,0.00236670782454373,0.00357072355509976,-0.00236670782454373,-0.00357072355509976,-66.3709200287814,-66.9642548607019
A6,T2_ctrl_A,T2,ctrl,A,5,ECA703,0.00374640714586635,0.00236670782454373,0.00357072355509976,0.00137969932132262,0.000175683590766592,0.662626081851155,0.06929124993059
A7,T2_ctrl_B,T2,ctrl,B,5,ECA703,0.00339503996433317,0.00236670782454373,0.00357072355509976,0.00102833213978944,-0.000175683590766593,0.520546944007446,-0.0727878879131185
A10,T2_pos-1_1,T2,pos-1,1,10,ECA703,0,0.00223458511600975,0.00390417591590981,-0.00223458511600975,-0.00390417591590981,-66.2880454141571,-67.0930564755874
A11,T2_pos-1_2,T2,pos-1,2,10,ECA703,0,0.00223458511600975,0.00390417591590981,-0.00223458511600975,-0.00390417591590981,-66.2880454141571,-67.0930564755874
A12,T2_pos-1_3,T2,pos-1,3,10,ECA703,0.00157018617087169,0.00223458511600975,0.00390417591590981,-0.000664398945138059,-0.00233398974503812,-0.509071374459219,-1.31408243588954
A13,T2_pos-1_4,T2,pos-1,4,10,ECA703,8.76960805600145e-05,0.00223458511600975,0.00390417591590981,-0.00214688903544974,-0.0038164798353498,-4.67135082313734,-5.47636188456766
A6,T2_ctrl_A,T2,ctrl,A,10,ECA703,0.00404541190308871,0.00223458511600975,0.00390417591590981,0.00181082678707896,0.000141235987178897,0.856279606613831,0.0512685451835139
A7,T2_ctrl_B,T2,ctrl,B,10,ECA703,0.00376293992873091,0.00223458511600975,0.00390417591590981,0.00152835481272116,-0.000141235987178897,0.751853260061039,-0.0531578013692776
A10,T2_pos-1_1,T2,pos-1,1,3,ECA705,0,0.00899452559395246,0.00528350787576913,-0.00899452559395246,-0.00528350787576913,-68.2970856058659,-67.5295345109231
A11,T2_pos-1_2,T2,pos-1,2,3,ECA705,0,0.00899452559395246,0.00528350787576913,-0.00899452559395246,-0.00528350787576913,-68.2970856058659,-67.5295345109231
A12,T2_pos-1_3,T2,pos-1,3,3,ECA705,0,0.00899452559395246,0.00528350787576913,-0.00899452559395246,-0.00528350787576913,-68.2970856058659,-67.5295345109231
A13,T2_pos-1_4,T2,pos-1,4,3,ECA705,0,0.00899452559395246,0.00528350787576913,-0.00899452559395246,-0.00528350787576913,-68.2970856058659,-67.5295345109231
A6,T2_ctrl_A,T2,ctrl,A,3,ECA705,0.0050818301867024,0.00899452559395246,0.00528350787576913,-0.00391269540725006,-0.000201677689066731,-0.823699022747476,-0.056147927804668
A7,T2_ctrl_B,T2,ctrl,B,3,ECA705,0.00548518556483586,0.00899452559395246,0.00528350787576913,-0.0035093400291166,0.00020167768906673,-0.713506762077858,0.0540443328649497
A10,T2_pos-1_1,T2,pos-1,1,5,ECA705,0,0.00872603253756016,0.00502362602802141,-0.00872603253756016,-0.00502362602802141,-68.2533642689297,-67.4567674858964
A11,T2_pos-1_2,T2,pos-1,2,5,ECA705,0,0.00872603253756016,0.00502362602802141,-0.00872603253756016,-0.00502362602802141,-68.2533642689297,-67.4567674858964
A12,T2_pos-1_3,T2,pos-1,3,5,ECA705,0,0.00872603253756016,0.00502362602802141,-0.00872603253756016,-0.00502362602802141,-68.2533642689297,-67.4567674858964
A13,T2_pos-1_4,T2,pos-1,4,5,ECA705,0,0.00872603253756016,0.00502362602802141,-0.00872603253756016,-0.00502362602802141,-68.2533642689297,-67.4567674858964
A6,T2_ctrl_A,T2,ctrl,A,5,ECA705,0.00481824316544733,0.00872603253756016,0.00502362602802141,-0.00390778937211282,-0.000205382862574082,-0.856818648380784,-0.0602218653474468
A7,T2_ctrl_B,T2,ctrl,B,5,ECA705,0.0052290088905955,0.00872603253756016,0.00502362602802141,-0.00349702364696466,0.000205382862574082,-0.738788330112473,0.0578084529208645
A10,T2_pos-1_1,T2,pos-1,1,10,ECA705,0,0.00907487393699747,0.00496255737342182,-0.00907487393699747,-0.00496255737342182,-68.3099160178418,-67.4391221974217
A11,T2_pos-1_2,T2,pos-1,2,10,ECA705,0,0.00907487393699747,0.00496255737342182,-0.00907487393699747,-0.00496255737342182,-68.3099160178418,-67.4391221974217
A12,T2_pos-1_3,T2,pos-1,3,10,ECA705,0,0.00907487393699747,0.00496255737342182,-0.00907487393699747,-0.00496255737342182,-68.3099160178418,-67.4391221974217
A13,T2_pos-1_4,T2,pos-1,4,10,ECA705,0,0.00907487393699747,0.00496255737342182,-0.00907487393699747,-0.00496255737342182,-68.3099160178418,-67.4391221974217
A6,T2_ctrl_A,T2,ctrl,A,10,ECA705,0.00483380026169467,0.00907487393699747,0.00496255737342182,-0.0042410736753028,-0.000128757111727147,-0.908719741664986,-0.0379259212449354
A7,T2_ctrl_B,T2,ctrl,B,10,ECA705,0.00509131448514896,0.00907487393699747,0.00496255737342182,-0.00398355945184851,0.000128757111727147,-0.83383942003454,0.0369544003855115
A10,T2_pos-1_1,T2,pos-1,1,3,ECA706,0.000162210373060272,6.90671034435983e-05,0.00110331679347461,9.31432696166741e-05,-0.00094110642041434,1.23179545438241,-2.76590910362515
A11,T2_pos-1_2,T2,pos-1,2,3,ECA706,0,6.90671034435983e-05,0.00110331679347461,-6.90671034435983e-05,-0.00110331679347461,-61.2721809466722,-65.2698855046797
A12,T2_pos-1_3,T2,pos-1,3,3,ECA706,0.000455534002197952,6.90671034435983e-05,0.00110331679347461,0.000386466898754353,-0.000647782791276661,2.72148811855094,-1.27621643945662
A13,T2_pos-1_4,T2,pos-1,4,3,ECA706,6.34013769836524e-05,6.90671034435983e-05,0.00110331679347461,-5.66572645994592e-06,-0.00103991541649096,-0.123484546854855,-4.12118910486241
A6,T2_ctrl_A,T2,ctrl,A,3,ECA706,0.000738125479667755,6.90671034435983e-05,0.00110331679347461,0.000669058376224157,-0.000365191313806857,3.4177954661755,-0.579909091832063
A7,T2_ctrl_B,T2,ctrl,B,3,ECA706,0.00146850810728147,6.90671034435983e-05,0.00110331679347461,0.00139944100383787,0.000365191313806857,4.41020869948189,0.412504141474327
A10,T2_pos-1_1,T2,pos-1,1,5,ECA706,9.10580425568097e-05,0.000227133838054302,0.00112343249085727,-0.000136075795497492,-0.00103237444830046,-1.31868430088526,-3.62498317610051
A11,T2_pos-1_2,T2,pos-1,2,5,ECA706,0,0.000227133838054302,0.00112343249085727,-0.000227133838054302,-0.00112343249085727,-62.9896529733812,-65.2959518485964
A12,T2_pos-1_3,T2,pos-1,3,5,ECA706,0.00036167972032512,0.000227133838054302,0.00112343249085727,0.000134545882270818,-0.000761752770532146,0.671170054609011,-1.63512882060623
A13,T2_pos-1_4,T2,pos-1,4,5,ECA706,0,0.000227133838054302,0.00112343249085727,-0.000227133838054302,-0.00112343249085727,-62.9896529733812,-65.2959518485964
A6,T2_ctrl_A,T2,ctrl,A,5,ECA706,0.000758085930252653,0.000227133838054302,0.00112343249085727,0.000530952092198351,-0.000365346560604612,1.73881873688272,-0.567480138332529
A7,T2_ctrl_B,T2,ctrl,B,5,ECA706,0.00148877905146188,0.000227133838054302,0.00112343249085727,0.00126164521340758,0.000365346560604612,2.71251510287472,0.406216227659471
A10,T2_pos-1_1,T2,pos-1,1,10,ECA706,0,0.000105389381383302,0.000696829790036613,-0.000105389381383302,-0.000696829790036613,-61.881839834867,-64.6069166224422
A11,T2_pos-1_2,T2,pos-1,2,10,ECA706,0,0.000105389381383302,0.000696829790036613,-0.000105389381383302,-0.000696829790036613,-61.881839834867,-64.6069166224422
A12,T2_pos-1_3,T2,pos-1,3,10,ECA706,0,0.000105389381383302,0.000696829790036613,-0.000105389381383302,-0.000696829790036613,-61.881839834867,-64.6069166224422
A13,T2_pos-1_4,T2,pos-1,4,10,ECA706,0,0.000105389381383302,0.000696829790036613,-0.000105389381383302,-0.000696829790036613,-61.881839834867,-64.6069166224422
A6,T2_ctrl_A,T2,ctrl,A,10,ECA706,0.000534531641405341,0.000105389381383302,0.000696829790036613,0.000429142260022039,-0.000162298148631272,2.34254583622091,-0.382530951354324
A7,T2_ctrl_B,T2,ctrl,B,10,ECA706,0.000859127938667885,0.000105389381383302,0.000696829790036613,0.000753738557284583,0.000162298148631272,3.02714347497407,0.302066687398841
A10,T2_pos-1_1,T2,pos-1,1,3,ECA710,0,0,0,0,0,0,0
A11,T2_pos-1_2,T2,pos-1,2,3,ECA710,0.000993348449982226,0,0,0.000993348449982226,0.000993348449982226,65.1184102005764,65.1184102005764
A12,T2_pos-1_3,T2,pos-1,3,3,ECA710,0,0,0,0,0,0,0
A13,T2_pos-1_4,T2,pos-1,4,3,ECA710,0,0,0,0,0,0,0
A6,T2_ctrl_A,T2,ctrl,A,3,ECA710,0,0,0,0,0,0,0
A7,T2_ctrl_B,T2,ctrl,B,3,ECA710,0,0,0,0,0,0,0
A10,T2_pos-1_1,T2,pos-1,1,5,ECA710,0,0,0,0,0,0,0
A11,T2_pos-1_2,T2,pos-1,2,5,ECA710,0.000764891659726374,0,0,0.000764891659726374,0.000764891659726374,64.7413657378366,64.7413657378366
A12,T2_pos-1_3,T2,pos-1,3,5,ECA710,0,0,0,0,0,0,0
A13,T2_pos-1_4,T2,pos-1,4,5,ECA710,0,0,0,0,0,0,0
A6,T2_ctrl_A,T2,ctrl,A,5,ECA710,0,0,0,0,0,0,0
A7,T2_ctrl_B,T2,ctrl,B,5,ECA710,0,0,0,0,0,0,0
A10,T2_pos-1_1,T2,pos-1,1,10,ECA710,0,0,2.47624594559859e-05,0,-2.47624594559859e-05,0,-59.7923368388874
A11,T2_pos-1_2,T2,pos-1,2,10,ECA710,0.00121253174228614,0,2.47624594559859e-05,0.00121253174228614,0.00118776928283015,65.4060609311103,5.61372409222292
A12,T2_pos-1_3,T2,pos-1,3,10,ECA710,0,0,2.47624594559859e-05,0,-2.47624594559859e-05,0,-59.7923368388874
A13,T2_pos-1_4,T2,pos-1,4,10,ECA710,0,0,2.47624594559859e-05,0,-2.47624594559859e-05,0,-59.7923368388874
A6,T2_ctrl_A,T2,ctrl,A,10,ECA710,4.95249189119719e-05,0,2.47624594559859e-05,4.95249189119719e-05,2.47624594559859e-05,60.7923368388874,1
A7,T2_ctrl_B,T2,ctrl,B,10,ECA710,0,0,2.47624594559859e-05,0,-2.47624594559859e-05,0,-59.7923368388874
A10,T2_pos-1_1,T2,pos-1,1,3,ECA712,0.00335870176304672,0.00396162558975486,0.00374360270916388,-0.000602923826708141,-0.000384900946117158,-0.238188841939441,-0.15652363993798
A11,T2_pos-1_2,T2,pos-1,2,3,ECA712,0.00701850856716942,0.00396162558975486,0.00374360270916388,0.00305688297741456,0.00327490585800554,0.825071951801317,0.906737153802778
A12,T2_pos-1_3,T2,pos-1,3,3,ECA712,0.00536894967621802,0.00396162558975486,0.00374360270916388,0.00140732408646316,0.00162534696705414,0.438547343765124,0.520212545766585
A13,T2_pos-1_4,T2,pos-1,4,3,ECA712,0.00792584682038785,0.00396162558975486,0.00374360270916388,0.00396422123063299,0.00418224411122398,1.00047254654572,1.08213774854718
A6,T2_ctrl_A,T2,ctrl,A,3,ECA712,0.00234748412784398,0.00396162558975486,0.00374360270916388,-0.00161414146191088,-0.0013961185813199,-0.754977135300909,-0.673311933299448
A7,T2_ctrl_B,T2,ctrl,B,3,ECA712,0.00513972129048378,0.00396162558975486,0.00374360270916388,0.00117809570072892,0.0013961185813199,0.375597590469406,0.457262792470867
A10,T2_pos-1_1,T2,pos-1,1,5,ECA712,0.0037623508417042,0.003963056350384,0.0038588369782327,-0.000200705508679805,-9.64861365284992e-05,-0.0749790936173387,-0.0365317091699684
A11,T2_pos-1_2,T2,pos-1,2,5,ECA712,0.00730322150969662,0.003963056350384,0.0038588369782327,0.00334016515931262,0.00344438453146393,0.88191950774898,0.920366892196351
A12,T2_pos-1_3,T2,pos-1,3,5,ECA712,0.00579144981195115,0.003963056350384,0.0038588369782327,0.00182839346156714,0.00193261283371845,0.547311071804964,0.585758456252334
A13,T2_pos-1_4,T2,pos-1,4,5,ECA712,0.00814556380714403,0.003963056350384,0.0038588369782327,0.00418250745676002,0.00428672682891133,1.03940107944164,1.07784846388902
A6,T2_ctrl_A,T2,ctrl,A,5,ECA712,0.00238038692816976,0.003963056350384,0.0038588369782327,-0.00158266942221424,-0.00147845005006294,-0.735417380602391,-0.696969996155021
A7,T2_ctrl_B,T2,ctrl,B,5,ECA712,0.00533728702829563,0.003963056350384,0.0038588369782327,0.00137423067791163,0.00147845005006294,0.429493117560102,0.467940502007472
A10,T2_pos-1_1,T2,pos-1,1,10,ECA712,0.00419709928393216,0.00317411651731339,0.0035427879469584,0.00102298276661876,0.000654311336973754,0.403037502678011,0.244507475366005
A11,T2_pos-1_2,T2,pos-1,2,10,ECA712,0.00799918234696215,0.00317411651731339,0.0035427879469584,0.00482506582964876,0.00445639440000375,1.33349745103332,1.17496742372132
A12,T2_pos-1_3,T2,pos-1,3,10,ECA712,0.00558767455648669,0.00317411651731339,0.0035427879469584,0.0024135580391733,0.00204488660952829,0.815892907723232,0.657362880411225
A13,T2_pos-1_4,T2,pos-1,4,10,ECA712,0.00807840049080461,0.00317411651731339,0.0035427879469584,0.00490428397349122,0.00453561254384621,1.34771458171988,1.18918455440787
A6,T2_ctrl_A,T2,ctrl,A,10,ECA712,0.00199215855933346,0.00317411651731339,0.0035427879469584,-0.00118195795797993,-0.00155062938762494,-0.672022609872144,-0.83055263718415
A7,T2_ctrl_B,T2,ctrl,B,10,ECA712,0.00509341733458334,0.00317411651731339,0.0035427879469584,0.00191930081726995,0.00155062938762494,0.682278842402873,0.523748815090866
A10,T2_pos-1_1,T2,pos-1,1,3,ECA722,0,0.000457556033392715,8.34557365447356e-05,-0.000457556033392715,-8.34557365447356e-05,-64.0000587508666,-61.545193446272
A11,T2_pos-1_2,T2,pos-1,2,3,ECA722,0,0.000457556033392715,8.34557365447356e-05,-0.000457556033392715,-8.34557365447356e-05,-64.0000587508666,-61.545193446272
A12,T2_pos-1_3,T2,pos-1,3,3,ECA722,0,0.000457556033392715,8.34557365447356e-05,-0.000457556033392715,-8.34557365447356e-05,-64.0000587508666,-61.545193446272
A13,T2_pos-1_4,T2,pos-1,4,3,ECA722,0,0.000457556033392715,8.34557365447356e-05,-0.000457556033392715,-8.34557365447356e-05,-64.0000587508666,-61.545193446272
A6,T2_ctrl_A,T2,ctrl,A,3,ECA722,0.000166911473089471,0.000457556033392715,8.34557365447356e-05,-0.000290644560303244,8.34557365447356e-05,-1.45486530459456,1
A7,T2_ctrl_B,T2,ctrl,B,3,ECA722,0,0.000457556033392715,8.34557365447356e-05,-0.000457556033392715,-8.34557365447356e-05,-64.0000587508666,-61.545193446272
A10,T2_pos-1_1,T2,pos-1,1,5,ECA722,0,0.000438437179280155,0.00010242237240872,-0.000438437179280155,-0.00010242237240872,-63.9384804641997,-61.8406412025302
A11,T2_pos-1_2,T2,pos-1,2,5,ECA722,0,0.000438437179280155,0.00010242237240872,-0.000438437179280155,-0.00010242237240872,-63.9384804641997,-61.8406412025302
A12,T2_pos-1_3,T2,pos-1,3,5,ECA722,0,0.000438437179280155,0.00010242237240872,-0.000438437179280155,-0.00010242237240872,-63.9384804641997,-61.8406412025302
A13,T2_pos-1_4,T2,pos-1,4,5,ECA722,0,0.000438437179280155,0.00010242237240872,-0.000438437179280155,-0.00010242237240872,-63.9384804641997,-61.8406412025302
A6,T2_ctrl_A,T2,ctrl,A,5,ECA722,0.000204844744817439,0.000438437179280155,0.00010242237240872,-0.000233592434462716,0.00010242237240872,-1.09783926166952,1
A7,T2_ctrl_B,T2,ctrl,B,5,ECA722,0,0.000438437179280155,0.00010242237240872,-0.000438437179280155,-0.00010242237240872,-63.9384804641997,-61.8406412025302
A10,T2_pos-1_1,T2,pos-1,1,10,ECA722,9.68692926030415e-05,0.00062620062835035,9.89946063303533e-05,-0.000529331335747308,-2.12531372731179e-06,-2.69251364471473,-0.0313105165467613
A11,T2_pos-1_2,T2,pos-1,2,10,ECA722,0,0.00062620062835035,9.89946063303533e-05,-0.00062620062835035,-9.89946063303533e-05,-64.4527352769333,-61.7915321487653
A12,T2_pos-1_3,T2,pos-1,3,10,ECA722,0,0.00062620062835035,9.89946063303533e-05,-0.00062620062835035,-9.89946063303533e-05,-64.4527352769333,-61.7915321487653
A13,T2_pos-1_4,T2,pos-1,4,10,ECA722,0,0.00062620062835035,9.89946063303533e-05,-0.00062620062835035,-9.89946063303533e-05,-64.4527352769333,-61.7915321487653
A6,T2_ctrl_A,T2,ctrl,A,10,ECA722,0.000197989212660707,0.00062620062835035,9.89946063303533e-05,-0.000428211415689643,9.89946063303533e-05,-1.66120312816797,1
A7,T2_ctrl_B,T2,ctrl,B,10,ECA722,0,0.00062620062835035,9.89946063303533e-05,-0.00062620062835035,-9.89946063303533e-05,-64.4527352769333,-61.7915321487653
A10,T2_pos-1_1,T2,pos-1,1,3,ECA723,0,0,0,0,0,0,0
A11,T2_pos-1_2,T2,pos-1,2,3,ECA723,0,0,0,0,0,0,0
A12,T2_pos-1_3,T2,pos-1,3,3,ECA723,0,0,0,0,0,0,0
A13,T2_pos-1_4,T2,pos-1,4,3,ECA723,0,0,0,0,0,0,0
A6,T2_ctrl_A,T2,ctrl,A,3,ECA723,0,0,0,0,0,0,0
A7,T2_ctrl_B,T2,ctrl,B,3,ECA723,0,0,0,0,0,0,0
A10,T2_pos-1_1,T2,pos-1,1,5,ECA723,0,0,1.32524755642356e-05,0,-1.32524755642356e-05,0,-58.8904441064004
A11,T2_pos-1_2,T2,pos-1,2,5,ECA723,0,0,1.32524755642356e-05,0,-1.32524755642356e-05,0,-58.8904441064004
A12,T2_pos-1_3,T2,pos-1,3,5,ECA723,0,0,1.32524755642356e-05,0,-1.32524755642356e-05,0,-58.8904441064004
A13,T2_pos-1_4,T2,pos-1,4,5,ECA723,0,0,1.32524755642356e-05,0,-1.32524755642356e-05,0,-58.8904441064004
A6,T2_ctrl_A,T2,ctrl,A,5,ECA723,2.65049511284713e-05,0,1.32524755642356e-05,2.65049511284713e-05,1.32524755642356e-05,59.8904441064004,1
A7,T2_ctrl_B,T2,ctrl,B,5,ECA723,0,0,1.32524755642356e-05,0,-1.32524755642356e-05,0,-58.8904441064004
A10,T2_pos-1_1,T2,pos-1,1,10,ECA723,0,0,5.95656797679384e-05,0,-5.95656797679384e-05,0,-61.0586635517407
A11,T2_pos-1_2,T2,pos-1,2,10,ECA723,0,0,5.95656797679384e-05,0,-5.95656797679384e-05,0,-61.0586635517407
A12,T2_pos-1_3,T2,pos-1,3,10,ECA723,0,0,5.95656797679384e-05,0,-5.95656797679384e-05,0,-61.0586635517407
A13,T2_pos-1_4,T2,pos-1,4,10,ECA723,0,0,5.95656797679384e-05,0,-5.95656797679384e-05,0,-61.0586635517407
A6,T2_ctrl_A,T2,ctrl,A,10,ECA723,0.000112564008126919,0,5.95656797679384e-05,0.000112564008126919,5.29983283589805e-05,61.9768559262248,0.91819237448411
A7,T2_ctrl_B,T2,ctrl,B,10,ECA723,6.56735140895788e-06,0,5.95656797679384e-05,6.56735140895788e-06,-5.29983283589805e-05,57.8775657847503,-3.18109776699047
A10,T2_pos-1_1,T2,pos-1,1,3,ECA724,0,0,0,0,0,0,0
A11,T2_pos-1_2,T2,pos-1,2,3,ECA724,0,0,0,0,0,0,0
A12,T2_pos-1_3,T2,pos-1,3,3,ECA724,0,0,0,0,0,0,0
A13,T2_pos-1_4,T2,pos-1,4,3,ECA724,0.000101575637159139,0,0,0.000101575637159139,0.000101575637159139,61.8286647350789,61.8286647350789
A6,T2_ctrl_A,T2,ctrl,A,3,ECA724,0,0,0,0,0,0,0
A7,T2_ctrl_B,T2,ctrl,B,3,ECA724,0,0,0,0,0,0,0
A10,T2_pos-1_1,T2,pos-1,1,5,ECA724,0,0,0,0,0,0,0
A11,T2_pos-1_2,T2,pos-1,2,5,ECA724,0,0,0,0,0,0,0
A12,T2_pos-1_3,T2,pos-1,3,5,ECA724,0,0,0,0,0,0,0
A13,T2_pos-1_4,T2,pos-1,4,5,ECA724,0.000149184876749901,0,0,0.000149184876749901,0.000149184876749901,62.3832116141509,62.3832116141509
A6,T2_ctrl_A,T2,ctrl,A,5,ECA724,0,0,0,0,0,0,0
A7,T2_ctrl_B,T2,ctrl,B,5,ECA724,0,0,0,0,0,0,0
A10,T2_pos-1_1,T2,pos-1,1,10,ECA724,0,0,5.19673504299274e-05,0,-5.19673504299274e-05,0,-60.8617877305867
A11,T2_pos-1_2,T2,pos-1,2,10,ECA724,0,0,5.19673504299274e-05,0,-5.19673504299274e-05,0,-60.8617877305867
A12,T2_pos-1_3,T2,pos-1,3,10,ECA724,0,0,5.19673504299274e-05,0,-5.19673504299274e-05,0,-60.8617877305867
A13,T2_pos-1_4,T2,pos-1,4,10,ECA724,0.000289741604397491,0,5.19673504299274e-05,0.000289741604397491,0.000237774253967563,63.3408771788662,2.47908944827954
A6,T2_ctrl_A,T2,ctrl,A,10,ECA724,0.000103934700859855,0,5.19673504299274e-05,0.000103934700859855,5.19673504299274e-05,61.8617877305867,1
A7,T2_ctrl_B,T2,ctrl,B,10,ECA724,0,0,5.19673504299274e-05,0,-5.19673504299274e-05,0,-60.8617877305867
A10,T2_pos-1_1,T2,pos-1,1,3,ECA730,0,0.000655182677194621,8.59870635530823e-05,-0.000655182677194621,-8.59870635530823e-05,-64.5180075339291,-61.5883018537395
A11,T2_pos-1_2,T2,pos-1,2,3,ECA730,0,0.000655182677194621,8.59870635530823e-05,-0.000655182677194621,-8.59870635530823e-05,-64.5180075339291,-61.5883018537395
A12,T2_pos-1_3,T2,pos-1,3,3,ECA730,0,0.000655182677194621,8.59870635530823e-05,-0.000655182677194621,-8.59870635530823e-05,-64.5180075339291,-61.5883018537395
A13,T2_pos-1_4,T2,pos-1,4,3,ECA730,0.000754164005009433,0.000655182677194621,8.59870635530823e-05,9.89813278148123e-05,0.000668176941456351,0.202981081572935,3.1326867617625
A6,T2_ctrl_A,T2,ctrl,A,3,ECA730,0,0.000655182677194621,8.59870635530823e-05,-0.000655182677194621,-8.59870635530823e-05,-64.5180075339291,-61.5883018537395
A7,T2_ctrl_B,T2,ctrl,B,3,ECA730,0.000171974127106164,0.000655182677194621,8.59870635530823e-05,-0.000483208550088456,8.59870635530823e-05,-1.92970568018956,1
A10,T2_pos-1_1,T2,pos-1,1,5,ECA730,0,0.000592235707208211,9.92954989487295e-05,-0.000592235707208211,-9.92954989487295e-05,-64.3722817972393,-61.7959105479895
A11,T2_pos-1_2,T2,pos-1,2,5,ECA730,0,0.000592235707208211,9.92954989487295e-05,-0.000592235707208211,-9.92954989487295e-05,-64.3722817972393,-61.7959105479895
A12,T2_pos-1_3,T2,pos-1,3,5,ECA730,0,0.000592235707208211,9.92954989487295e-05,-0.000592235707208211,-9.92954989487295e-05,-64.3722817972393,-61.7959105479895
A13,T2_pos-1_4,T2,pos-1,4,5,ECA730,0.000819317237198438,0.000592235707208211,9.92954989487295e-05,0.000227081529990228,0.000720021738249709,0.468250690839424,3.04462194008921
A6,T2_ctrl_A,T2,ctrl,A,5,ECA730,0,0.000592235707208211,9.92954989487295e-05,-0.000592235707208211,-9.92954989487295e-05,-64.3722817972393,-61.7959105479895
A7,T2_ctrl_B,T2,ctrl,B,5,ECA730,0.000198590997897459,0.000592235707208211,9.92954989487295e-05,-0.000393644709310752,9.92954989487295e-05,-1.57637124924979,1
A10,T2_pos-1_1,T2,pos-1,1,10,ECA730,0,0.000631338641372022,6.76676607501505e-05,-0.000631338641372022,-6.76676607501505e-05,-64.4645243754252,-61.2426487418144
A11,T2_pos-1_2,T2,pos-1,2,10,ECA730,0,0.000631338641372022,6.76676607501505e-05,-0.000631338641372022,-6.76676607501505e-05,-64.4645243754252,-61.2426487418144
A12,T2_pos-1_3,T2,pos-1,3,10,ECA730,0,0.000631338641372022,6.76676607501505e-05,-0.000631338641372022,-6.76676607501505e-05,-64.4645243754252,-61.2426487418144
A13,T2_pos-1_4,T2,pos-1,4,10,ECA730,0.000855366074828933,0.000631338641372022,6.76676607501505e-05,0.000224027433456911,0.000787698414078783,0.438127934165342,3.66000356777615
A6,T2_ctrl_A,T2,ctrl,A,10,ECA730,0,0.000631338641372022,6.76676607501505e-05,-0.000631338641372022,-6.76676607501505e-05,-64.4645243754252,-61.2426487418144
A7,T2_ctrl_B,T2,ctrl,B,10,ECA730,0.000135335321500301,0.000631338641372022,6.76676607501505e-05,-0.000496003319871721,6.76676607501505e-05,-2.22187563361081,1
A10,T2_pos-1_1,T2,pos-1,1,3,ECA732,0,0.0011156821705806,9.03729830229895e-05,-0.0011156821705806,-9.03729830229895e-05,-65.2859645143386,-61.6600737697528
A11,T2_pos-1_2,T2,pos-1,2,3,ECA732,0,0.0011156821705806,9.03729830229895e-05,-0.0011156821705806,-9.03729830229895e-05,-65.2859645143386,-61.6600737697528
A12,T2_pos-1_3,T2,pos-1,3,3,ECA732,0,0.0011156821705806,9.03729830229895e-05,-0.0011156821705806,-9.03729830229895e-05,-65.2859645143386,-61.6600737697528
A13,T2_pos-1_4,T2,pos-1,4,3,ECA732,0,0.0011156821705806,9.03729830229895e-05,-0.0011156821705806,-9.03729830229895e-05,-65.2859645143386,-61.6600737697528
A6,T2_ctrl_A,T2,ctrl,A,3,ECA732,0,0.0011156821705806,9.03729830229895e-05,-0.0011156821705806,-9.03729830229895e-05,-65.2859645143386,-61.6600737697528
A7,T2_ctrl_B,T2,ctrl,B,3,ECA732,0.000180745966045979,0.0011156821705806,9.03729830229895e-05,-0.000934936204534625,9.03729830229895e-05,-2.6258907445858,1
A10,T2_pos-1_1,T2,pos-1,1,5,ECA732,0,0.00157071705527783,0.000117340468464011,-0.00157071705527783,-0.000117340468464011,-65.7794617365495,-62.0368109776826
A11,T2_pos-1_2,T2,pos-1,2,5,ECA732,0,0.00157071705527783,0.000117340468464011,-0.00157071705527783,-0.000117340468464011,-65.7794617365495,-62.0368109776826
A12,T2_pos-1_3,T2,pos-1,3,5,ECA732,0,0.00157071705527783,0.000117340468464011,-0.00157071705527783,-0.000117340468464011,-65.7794617365495,-62.0368109776826
A13,T2_pos-1_4,T2,pos-1,4,5,ECA732,0,0.00157071705527783,0.000117340468464011,-0.00157071705527783,-0.000117340468464011,-65.7794617365495,-62.0368109776826
A6,T2_ctrl_A,T2,ctrl,A,5,ECA732,0,0.00157071705527783,0.000117340468464011,-0.00157071705527783,-0.000117340468464011,-65.7794617365495,-62.0368109776826
A7,T2_ctrl_B,T2,ctrl,B,5,ECA732,0.000234680936928023,0.00157071705527783,0.000117340468464011,-0.00133603611834981,0.000117340468464011,-2.74265075886684,1
A10,T2_pos-1_1,T2,pos-1,1,10,ECA732,0,0.00155897994881993,0,-0.00155897994881993,0,-65.7686407882957,0
A11,T2_pos-1_2,T2,pos-1,2,10,ECA732,0,0.00155897994881993,0,-0.00155897994881993,0,-65.7686407882957,0
A12,T2_pos-1_3,T2,pos-1,3,10,ECA732,0,0.00155897994881993,0,-0.00155897994881993,0,-65.7686407882957,0
A13,T2_pos-1_4,T2,pos-1,4,10,ECA732,0,0.00155897994881993,0,-0.00155897994881993,0,-65.7686407882957,0
A6,T2_ctrl_A,T2,ctrl,A,10,ECA732,0,0.00155897994881993,0,-0.00155897994881993,0,-65.7686407882957,0
A7,T2_ctrl_B,T2,ctrl,B,10,ECA732,0,0.00155897994881993,0,-0.00155897994881993,0,-65.7686407882957,0
A10,T2_pos-1_1,T2,pos-1,1,3,ECA733,0.00215513675608698,0.000506026727510128,0.00127695423067387,0.00164911002857686,0.000878182525413115,2.09049392683991,0.755072603630218
A11,T2_pos-1_2,T2,pos-1,2,3,ECA733,0,0.000506026727510128,0.00127695423067387,-0.000506026727510128,-0.00127695423067387,-64.1453239085499,-65.4807452317596
A12,T2_pos-1_3,T2,pos-1,3,3,ECA733,0.000639779369441781,0.000506026727510128,0.00127695423067387,0.000133752641931654,-0.000637174861232089,0.338360883793028,-0.997060439416662
A13,T2_pos-1_4,T2,pos-1,4,3,ECA733,3.78195065959372e-05,0.000506026727510128,0.00127695423067387,-0.00046820722091419,-0.00123913472407793,-3.74201114102929,-5.07743246423898
A6,T2_ctrl_A,T2,ctrl,A,3,ECA733,0.00123860439390898,0.000506026727510128,0.00127695423067387,0.000732577666398849,-3.83498367648929e-05,1.2914299762368,-0.0439913469728933
A7,T2_ctrl_B,T2,ctrl,B,3,ECA733,0.00131530406743876,0.000506026727510128,0.00127695423067387,0.000809277339928635,3.83498367648929e-05,1.37811086246269,0.0426895392530011
A10,T2_pos-1_1,T2,pos-1,1,5,ECA733,0.00220028011348411,0.000202777736577192,0.0011844442552254,0.00199750237690692,0.00101583585825871,3.43971603278669,0.893476901142161
A11,T2_pos-1_2,T2,pos-1,2,5,ECA733,0,0.000202777736577192,0.0011844442552254,-0.000202777736577192,-0.0011844442552254,-62.8260095851177,-65.3722487167623
A12,T2_pos-1_3,T2,pos-1,3,5,ECA733,0.000524497026576884,0.000202777736577192,0.0011844442552254,0.000321719289999692,-0.000659947228648517,1.37103532974197,-1.17520380190257
A13,T2_pos-1_4,T2,pos-1,4,5,ECA733,5.27440295718918e-05,0.000202777736577192,0.0011844442552254,-0.0001500337070053,-0.00113170022565351,-1.94281956385123,-4.48905869549576
A6,T2_ctrl_A,T2,ctrl,A,5,ECA733,0.00111360411385043,0.000202777736577192,0.0011844442552254,0.000910826377273242,-7.08401413749666e-05,2.45726527645748,-0.0889738551870514
A7,T2_ctrl_B,T2,ctrl,B,5,ECA733,0.00125528439660037,0.000202777736577192,0.0011844442552254,0.00105250666002318,7.08401413749666e-05,2.63004308804721,0.0838039564026762
A10,T2_pos-1_1,T2,pos-1,1,10,ECA733,0.00177010985339147,0,0.00105899577493607,0.00177010985339147,0.000711114078455402,65.9518773127413,0.741142063608659
A11,T2_pos-1_2,T2,pos-1,2,10,ECA733,0,0,0.00105899577493607,0,-0.00105899577493607,0,-65.2107352491326
A12,T2_pos-1_3,T2,pos-1,3,10,ECA733,0.00044586202940162,0,0.00105899577493607,0.00044586202940162,-0.000613133745534452,63.9627076625849,-1.24802758654766
A13,T2_pos-1_4,T2,pos-1,4,10,ECA733,0,0,0.00105899577493607,0,-0.00105899577493607,0,-65.2107352491326
A6,T2_ctrl_A,T2,ctrl,A,10,ECA733,0.00111742387580719,0,0.00105899577493607,0.00111742387580719,5.84281008711236e-05,65.2882149672507,0.0774797181181289
A7,T2_ctrl_B,T2,ctrl,B,10,ECA733,0.00100056767406495,0,0.00105899577493607,0.00100056767406495,-5.84281008711236e-05,65.1288571638849,-0.0818780852477477
A10,T2_pos-1_1,T2,pos-1,1,3,ECA738,0.0741729142859669,0.00135835873653869,0.00458403711222085,0.0728145555494282,0.0695888771737461,5.77095600984262,4.01620182497354
A11,T2_pos-1_2,T2,pos-1,2,3,ECA738,0.0688729107676268,0.00135835873653869,0.00458403711222085,0.0675145520310882,0.064288873655406,5.66400020636741,3.90924602149833
A12,T2_pos-1_3,T2,pos-1,3,3,ECA738,0.0426616453707437,0.00135835873653869,0.00458403711222085,0.041303286634205,0.0380776082585228,4.97300316409276,3.21824897922368
A13,T2_pos-1_4,T2,pos-1,4,3,ECA738,0.033749117193705,0.00135835873653869,0.00458403711222085,0.0323907584571664,0.0291650800814842,4.6349133203737,2.88015913550462
A6,T2_ctrl_A,T2,ctrl,A,3,ECA738,0.00359468832111121,0.00135835873653869,0.00458403711222085,0.00223632958457252,-0.000989348791109639,1.40400214734974,-0.350752037519338
A7,T2_ctrl_B,T2,ctrl,B,3,ECA738,0.00557338590333049,0.00135835873653869,0.00458403711222085,0.0042150271667918,0.00098934879110964,2.03668951033339,0.281935325464309
A10,T2_pos-1_1,T2,pos-1,1,5,ECA738,0.0745135030450953,0.0013319262117318,0.00480807880476851,0.0731815768333635,0.0697054242403268,5.80591582389813,3.95396944157503
A11,T2_pos-1_2,T2,pos-1,2,5,ECA738,0.0687416728198337,0.0013319262117318,0.00480807880476851,0.067409746608102,0.0639335940150652,5.68959889502584,3.83765251270273
A12,T2_pos-1_3,T2,pos-1,3,5,ECA738,0.0427748286487184,0.0013319262117318,0.00480807880476851,0.0414429024369866,0.0379667498439499,5.00517601053663,3.15322962821352
A13,T2_pos-1_4,T2,pos-1,4,5,ECA738,0.033758828310459,0.0013319262117318,0.00480807880476851,0.0324269020987272,0.0289507495056905,4.66367876745069,2.81173238512758
A6,T2_ctrl_A,T2,ctrl,A,5,ECA738,0.00382031350130534,0.0013319262117318,0.00480807880476851,0.00248838728957354,-0.000987765303463167,1.52017687328451,-0.331769509038593
A7,T2_ctrl_B,T2,ctrl,B,5,ECA738,0.00579584410823167,0.0013319262117318,0.00480807880476851,0.00446391789649987,0.000987765303463167,2.12150463121329,0.269558248890183
A10,T2_pos-1_1,T2,pos-1,1,10,ECA738,0.0738975443300496,0.00145188925829013,0.00465615740387127,0.0724456550717595,0.0692413869261783,5.66952310113222,3.98831468809228
A11,T2_pos-1_2,T2,pos-1,2,10,ECA738,0.067848410220426,0.00145188925829013,0.00465615740387127,0.0663965209621359,0.0631922528165547,5.54631168953899,3.86510327649905
A12,T2_pos-1_3,T2,pos-1,3,10,ECA738,0.0423169883242396,0.00145188925829013,0.00465615740387127,0.0408650990659494,0.0376608309203683,4.86523363311327,3.18402522007332
A13,T2_pos-1_4,T2,pos-1,4,10,ECA738,0.033369751401903,0.00145188925829013,0.00465615740387127,0.0319178621436129,0.0287135939980318,4.52253761655091,2.84132920351096
A6,T2_ctrl_A,T2,ctrl,A,10,ECA738,0.00375469512709498,0.00145188925829013,0.00465615740387127,0.00230280586880485,-0.000901462276776294,1.37076435176025,-0.31044406127969
A7,T2_ctrl_B,T2,ctrl,B,10,ECA738,0.00555761968064757,0.00145188925829013,0.00465615740387127,0.00410573042235744,0.000901462276776294,1.93653569422372,0.255327281183778
A10,T2_pos-1_1,T2,pos-1,1,3,ECA740,0,0,0.000203490323844987,0,-0.000203490323844987,0,-62.8310705154337
A11,T2_pos-1_2,T2,pos-1,2,3,ECA740,0,0,0.000203490323844987,0,-0.000203490323844987,0,-62.8310705154337
A12,T2_pos-1_3,T2,pos-1,3,3,ECA740,0,0,0.000203490323844987,0,-0.000203490323844987,0,-62.8310705154337
A13,T2_pos-1_4,T2,pos-1,4,3,ECA740,0,0,0.000203490323844987,0,-0.000203490323844987,0,-62.8310705154337
A6,T2_ctrl_A,T2,ctrl,A,3,ECA740,0,0,0.000203490323844987,0,-0.000203490323844987,0,-62.8310705154337
A7,T2_ctrl_B,T2,ctrl,B,3,ECA740,0.000406980647689974,0,0.000203490323844987,0.000406980647689974,0.000203490323844987,63.8310705154337,1
A10,T2_pos-1_1,T2,pos-1,1,5,ECA740,0,0,0.000174077697693041,0,-0.000174077697693041,0,-62.6058417019209
A11,T2_pos-1_2,T2,pos-1,2,5,ECA740,0,0,0.000174077697693041,0,-0.000174077697693041,0,-62.6058417019209
A12,T2_pos-1_3,T2,pos-1,3,5,ECA740,0,0,0.000174077697693041,0,-0.000174077697693041,0,-62.6058417019209
A13,T2_pos-1_4,T2,pos-1,4,5,ECA740,0,0,0.000174077697693041,0,-0.000174077697693041,0,-62.6058417019209
A6,T2_ctrl_A,T2,ctrl,A,5,ECA740,0,0,0.000174077697693041,0,-0.000174077697693041,0,-62.6058417019209
A7,T2_ctrl_B,T2,ctrl,B,5,ECA740,0.000348155395386082,0,0.000174077697693041,0.000348155395386082,0.000174077697693041,63.6058417019209,1
A10,T2_pos-1_1,T2,pos-1,1,10,ECA740,0,0,9.78400367343385e-05,0,-9.78400367343385e-05,0,-61.7746071714505
A11,T2_pos-1_2,T2,pos-1,2,10,ECA740,0,0,9.78400367343385e-05,0,-9.78400367343385e-05,0,-61.7746071714505
A12,T2_pos-1_3,T2,pos-1,3,10,ECA740,0,0,9.78400367343385e-05,0,-9.78400367343385e-05,0,-61.7746071714505
A13,T2_pos-1_4,T2,pos-1,4,10,ECA740,0,0,9.78400367343385e-05,0,-9.78400367343385e-05,0,-61.7746071714505
A6,T2_ctrl_A,T2,ctrl,A,10,ECA740,0,0,9.78400367343385e-05,0,-9.78400367343385e-05,0,-61.7746071714505
A7,T2_ctrl_B,T2,ctrl,B,10,ECA740,0.000195680073468677,0,9.78400367343385e-05,0.000195680073468677,9.78400367343385e-05,62.7746071714505,1
A10,T2_pos-1_1,T2,pos-1,1,3,ECA741,0,0,0.000101388480420284,0,-0.000101388480420284,0,-61.8260040660033
A11,T2_pos-1_2,T2,pos-1,2,3,ECA741,0,0,0.000101388480420284,0,-0.000101388480420284,0,-61.8260040660033
A12,T2_pos-1_3,T2,pos-1,3,3,ECA741,0,0,0.000101388480420284,0,-0.000101388480420284,0,-61.8260040660033
A13,T2_pos-1_4,T2,pos-1,4,3,ECA741,0,0,0.000101388480420284,0,-0.000101388480420284,0,-61.8260040660033
A6,T2_ctrl_A,T2,ctrl,A,3,ECA741,0,0,0.000101388480420284,0,-0.000101388480420284,0,-61.8260040660033
A7,T2_ctrl_B,T2,ctrl,B,3,ECA741,0.000202776960840568,0,0.000101388480420284,0.000202776960840568,0.000101388480420284,62.8260040660033,1
A10,T2_pos-1_1,T2,pos-1,1,5,ECA741,0,0,0.000126039346703685,0,-0.000126039346703685,0,-62.1399845024138
A11,T2_pos-1_2,T2,pos-1,2,5,ECA741,0,0,0.000126039346703685,0,-0.000126039346703685,0,-62.1399845024138
A12,T2_pos-1_3,T2,pos-1,3,5,ECA741,0,0,0.000126039346703685,0,-0.000126039346703685,0,-62.1399845024138
A13,T2_pos-1_4,T2,pos-1,4,5,ECA741,0,0,0.000126039346703685,0,-0.000126039346703685,0,-62.1399845024138
A6,T2_ctrl_A,T2,ctrl,A,5,ECA741,0,0,0.000126039346703685,0,-0.000126039346703685,0,-62.1399845024138
A7,T2_ctrl_B,T2,ctrl,B,5,ECA741,0.000252078693407371,0,0.000126039346703685,0.000252078693407371,0.000126039346703685,63.1399845024138,1
A10,T2_pos-1_1,T2,pos-1,1,10,ECA741,0,0,0.000147418331882263,0,-0.000147418331882263,0,-62.3660262595639
A11,T2_pos-1_2,T2,pos-1,2,10,ECA741,0,0,0.000147418331882263,0,-0.000147418331882263,0,-62.3660262595639
A12,T2_pos-1_3,T2,pos-1,3,10,ECA741,0,0,0.000147418331882263,0,-0.000147418331882263,0,-62.3660262595639
A13,T2_pos-1_4,T2,pos-1,4,10,ECA741,0,0,0.000147418331882263,0,-0.000147418331882263,0,-62.3660262595639
A6,T2_ctrl_A,T2,ctrl,A,10,ECA741,0,0,0.000147418331882263,0,-0.000147418331882263,0,-62.3660262595639
A7,T2_ctrl_B,T2,ctrl,B,10,ECA741,0.000294836663764526,0,0.000147418331882263,0.000294836663764526,0.000147418331882263,63.3660262595639,1
A10,T2_pos-1_1,T2,pos-1,1,3,ECA742,0,1.31532814246314e-05,0.00029975346433535,-1.31532814246314e-05,-0.00029975346433535,-58.8796049877558,-63.3898867481777
A11,T2_pos-1_2,T2,pos-1,2,3,ECA742,0,1.31532814246314e-05,0.00029975346433535,-1.31532814246314e-05,-0.00029975346433535,-58.8796049877558,-63.3898867481777
A12,T2_pos-1_3,T2,pos-1,3,3,ECA742,0,1.31532814246314e-05,0.00029975346433535,-1.31532814246314e-05,-0.00029975346433535,-58.8796049877558,-63.3898867481777
A13,T2_pos-1_4,T2,pos-1,4,3,ECA742,0,1.31532814246314e-05,0.00029975346433535,-1.31532814246314e-05,-0.00029975346433535,-58.8796049877558,-63.3898867481777
A6,T2_ctrl_A,T2,ctrl,A,3,ECA742,0.000599506928670701,1.31532814246314e-05,0.00029975346433535,0.000586353647246069,0.00029975346433535,5.5102817604219,1
A7,T2_ctrl_B,T2,ctrl,B,3,ECA742,0,1.31532814246314e-05,0.00029975346433535,-1.31532814246314e-05,-0.00029975346433535,-58.8796049877558,-63.3898867481777
A10,T2_pos-1_1,T2,pos-1,1,5,ECA742,0,3.64530580007837e-05,0.000307040388433751,-3.64530580007837e-05,-0.000307040388433751,-60.3502220714062,-63.4245387625945
A11,T2_pos-1_2,T2,pos-1,2,5,ECA742,0,3.64530580007837e-05,0.000307040388433751,-3.64530580007837e-05,-0.000307040388433751,-60.3502220714062,-63.4245387625945
A12,T2_pos-1_3,T2,pos-1,3,5,ECA742,0,3.64530580007837e-05,0.000307040388433751,-3.64530580007837e-05,-0.000307040388433751,-60.3502220714062,-63.4245387625945
A13,T2_pos-1_4,T2,pos-1,4,5,ECA742,0,3.64530580007837e-05,0.000307040388433751,-3.64530580007837e-05,-0.000307040388433751,-60.3502220714062,-63.4245387625945
A6,T2_ctrl_A,T2,ctrl,A,5,ECA742,0.000614080776867502,3.64530580007837e-05,0.000307040388433751,0.000577627718866718,0.000307040388433751,4.07431669118831,1
A7,T2_ctrl_B,T2,ctrl,B,5,ECA742,0,3.64530580007837e-05,0.000307040388433751,-3.64530580007837e-05,-0.000307040388433751,-60.3502220714062,-63.4245387625945
A10,T2_pos-1_1,T2,pos-1,1,10,ECA742,0,0,0.000277442016460618,0,-0.000277442016460618,0,-63.2782966100889
A11,T2_pos-1_2,T2,pos-1,2,10,ECA742,0,0,0.000277442016460618,0,-0.000277442016460618,0,-63.2782966100889
A12,T2_pos-1_3,T2,pos-1,3,10,ECA742,0,0,0.000277442016460618,0,-0.000277442016460618,0,-63.2782966100889
A13,T2_pos-1_4,T2,pos-1,4,10,ECA742,0,0,0.000277442016460618,0,-0.000277442016460618,0,-63.2782966100889
A6,T2_ctrl_A,T2,ctrl,A,10,ECA742,0.000554884032921235,0,0.000277442016460618,0.000554884032921235,0.000277442016460618,64.2782966100889,1
A7,T2_ctrl_B,T2,ctrl,B,10,ECA742,0,0,0.000277442016460618,0,-0.000277442016460618,0,-63.2782966100889
A10,T2_pos-1_1,T2,pos-1,1,3,ECA743,0.00808535771975946,0.00204376832251308,0.000661678926929955,0.00604158939724638,0.00742367879282951,1.98407993961726,3.61110836551615
A11,T2_pos-1_2,T2,pos-1,2,3,ECA743,0.00623604804556373,0.00204376832251308,0.000661678926929955,0.00419227972305065,0.00557436911863378,1.60940037878507,3.23642880468397
A12,T2_pos-1_3,T2,pos-1,3,3,ECA743,0.00318974049644345,0.00204376832251308,0.000661678926929955,0.00114597217393037,0.00252806156951349,0.642207392784303,2.2692358186832
A13,T2_pos-1_4,T2,pos-1,4,3,ECA743,0.00531890611341283,0.00204376832251308,0.000661678926929955,0.00327513779089975,0.00465722718648287,1.37989790695225,3.00692633285115
A6,T2_ctrl_A,T2,ctrl,A,3,ECA743,0.00132335785385991,0.00204376832251308,0.000661678926929955,-0.000720410468653174,0.000661678926929955,-0.627028425898899,1
A7,T2_ctrl_B,T2,ctrl,B,3,ECA743,0,0.00204376832251308,0.000661678926929955,-0.00204376832251308,-0.000661678926929955,-66.1592700802171,-64.5322416543182
A10,T2_pos-1_1,T2,pos-1,1,5,ECA743,0.00834766146996417,0.00194444002663537,0.000659777823561826,0.0064032214433288,0.00768788364640234,2.10201735713436,3.66131990281155
A11,T2_pos-1_2,T2,pos-1,2,5,ECA743,0.00648734074368215,0.00194444002663537,0.000659777823561826,0.00454290071704678,0.00582756292012032,1.73827247982567,3.29757502550286
A12,T2_pos-1_3,T2,pos-1,3,5,ECA743,0.00335658654179474,0.00194444002663537,0.000659777823561826,0.00141214651515937,0.00269680871823291,0.787640101764329,2.34694264744152
A13,T2_pos-1_4,T2,pos-1,4,5,ECA743,0.00560362288420367,0.00194444002663537,0.000659777823561826,0.0036591828575683,0.00494384506064184,1.52700513005259,3.08630767572978
A6,T2_ctrl_A,T2,ctrl,A,5,ECA743,0.00131955564712365,0.00194444002663537,0.000659777823561826,-0.000624884379511715,0.000659777823561826,-0.55930254567719,1
A7,T2_ctrl_B,T2,ctrl,B,5,ECA743,0,0.00194444002663537,0.000659777823561826,-0.00194444002663537,-0.000659777823561826,-66.0873931533682,-64.528090607691
A10,T2_pos-1_1,T2,pos-1,1,10,ECA743,0.00917107617810236,0.0022572273165106,0.000855412627227728,0.00691384886159176,0.00831566355087463,2.02253932250982,3.42239862759696
A11,T2_pos-1_2,T2,pos-1,2,10,ECA743,0.00728147423540819,0.0022572273165106,0.000855412627227728,0.00502424691889759,0.00642606160818047,1.68967885960398,3.08953816469111
A12,T2_pos-1_3,T2,pos-1,3,10,ECA743,0.00403008444465304,0.0022572273165106,0.000855412627227728,0.00177285712814244,0.00317467181742532,0.836258354674726,2.23611765976186
A13,T2_pos-1_4,T2,pos-1,4,10,ECA743,0.00573726545634781,0.0022572273165106,0.000855412627227728,0.00348003813983721,0.00488185282912008,1.34581155728689,2.74567086237403
A6,T2_ctrl_A,T2,ctrl,A,10,ECA743,0.00171082525445546,0.0022572273165106,0.000855412627227728,-0.000546402062055146,0.000855412627227728,-0.399859305087135,1
A7,T2_ctrl_B,T2,ctrl,B,10,ECA743,0,0.0022572273165106,0.000855412627227728,-0.0022572273165106,-0.000855412627227728,-66.3025901297011,-64.902730824614
A10,T2_pos-1_1,T2,pos-1,1,3,ECA744,0,0,0,0,0,0,0
A11,T2_pos-1_2,T2,pos-1,2,3,ECA744,0,0,0,0,0,0,0
A12,T2_pos-1_3,T2,pos-1,3,3,ECA744,0,0,0,0,0,0,0
A13,T2_pos-1_4,T2,pos-1,4,3,ECA744,0,0,0,0,0,0,0
A6,T2_ctrl_A,T2,ctrl,A,3,ECA744,0,0,0,0,0,0,0
A7,T2_ctrl_B,T2,ctrl,B,3,ECA744,0,0,0,0,0,0,0
A10,T2_pos-1_1,T2,pos-1,1,5,ECA744,0,0,0,0,0,0,0
A11,T2_pos-1_2,T2,pos-1,2,5,ECA744,0,0,0,0,0,0,0
A12,T2_pos-1_3,T2,pos-1,3,5,ECA744,0,0,0,0,0,0,0
A13,T2_pos-1_4,T2,pos-1,4,5,ECA744,0,0,0,0,0,0,0
A6,T2_ctrl_A,T2,ctrl,A,5,ECA744,0,0,0,0,0,0,0
A7,T2_ctrl_B,T2,ctrl,B,5,ECA744,0,0,0,0,0,0,0
A10,T2_pos-1_1,T2,pos-1,1,10,ECA744,0,0,3.86073859293803e-05,0,-3.86073859293803e-05,0,-60.4330590999522
A11,T2_pos-1_2,T2,pos-1,2,10,ECA744,0,0,3.86073859293803e-05,0,-3.86073859293803e-05,0,-60.4330590999522
A12,T2_pos-1_3,T2,pos-1,3,10,ECA744,0,0,3.86073859293803e-05,0,-3.86073859293803e-05,0,-60.4330590999522
A13,T2_pos-1_4,T2,pos-1,4,10,ECA744,0,0,3.86073859293803e-05,0,-3.86073859293803e-05,0,-60.4330590999522
A6,T2_ctrl_A,T2,ctrl,A,10,ECA744,0,0,3.86073859293803e-05,0,-3.86073859293803e-05,0,-60.4330590999522
A7,T2_ctrl_B,T2,ctrl,B,10,ECA744,7.72147718587607e-05,0,3.86073859293803e-05,7.72147718587607e-05,3.86073859293803e-05,61.4330590999522,1
A10,T2_pos-1_1,T2,pos-1,1,3,ECA745,0,0.00118593201702047,0.00116323189549913,-0.00118593201702047,-0.00116323189549913,-65.3740597261541,-65.3461771489099
A11,T2_pos-1_2,T2,pos-1,2,3,ECA745,0,0.00118593201702047,0.00116323189549913,-0.00118593201702047,-0.00116323189549913,-65.3740597261541,-65.3461771489099
A12,T2_pos-1_3,T2,pos-1,3,3,ECA745,0,0.00118593201702047,0.00116323189549913,-0.00118593201702047,-0.00116323189549913,-65.3740597261541,-65.3461771489099
A13,T2_pos-1_4,T2,pos-1,4,3,ECA745,0,0.00118593201702047,0.00116323189549913,-0.00118593201702047,-0.00116323189549913,-65.3740597261541,-65.3461771489099
A6,T2_ctrl_A,T2,ctrl,A,3,ECA745,0.000766550583173072,0.00118593201702047,0.00116323189549913,-0.000419381433847403,-0.000396681312326056,-0.62956840969781,-0.60168583245362
A7,T2_ctrl_B,T2,ctrl,B,3,ECA745,0.00155991320782518,0.00118593201702047,0.00116323189549913,0.00037398119080471,0.000396681312326056,0.395444450601098,0.423327027845288
A10,T2_pos-1_1,T2,pos-1,1,5,ECA745,2.87639132131178e-05,0.00122616554230582,0.00117360506776386,-0.00119740162909271,-0.00114484115455075,-5.41374999559159,-5.35054323373023
A11,T2_pos-1_2,T2,pos-1,2,5,ECA745,0,0.00122616554230582,0.00117360506776386,-0.00122616554230582,-0.00117360506776386,-65.4221921834202,-65.3589854215588
A12,T2_pos-1_3,T2,pos-1,3,5,ECA745,0,0.00122616554230582,0.00117360506776386,-0.00122616554230582,-0.00117360506776386,-65.4221921834202,-65.3589854215588
A13,T2_pos-1_4,T2,pos-1,4,5,ECA745,0,0.00122616554230582,0.00117360506776386,-0.00122616554230582,-0.00117360506776386,-65.4221921834202,-65.3589854215588
A6,T2_ctrl_A,T2,ctrl,A,5,ECA745,0.000792206990430406,0.00122616554230582,0.00117360506776386,-0.000433958551875418,-0.000381398077333458,-0.630204430979621,-0.566997669118261
A7,T2_ctrl_B,T2,ctrl,B,5,ECA745,0.00155500314509732,0.00122616554230582,0.00117360506776386,0.000328837602791499,0.000381398077333458,0.342763730580966,0.405970492442325
A10,T2_pos-1_1,T2,pos-1,1,10,ECA745,4.21416248807282e-05,0.000983207839244699,0.00107559514305679,-0.000941066214363971,-0.00103345351817606,-4.54417857132625,-4.6737453933844
A11,T2_pos-1_2,T2,pos-1,2,10,ECA745,0,0.000983207839244699,0.00107559514305679,-0.000983207839244699,-0.00107559514305679,-65.1036067393609,-65.2331735614191
A12,T2_pos-1_3,T2,pos-1,3,10,ECA745,0,0.000983207839244699,0.00107559514305679,-0.000983207839244699,-0.00107559514305679,-65.1036067393609,-65.2331735614191
A13,T2_pos-1_4,T2,pos-1,4,10,ECA745,0,0.000983207839244699,0.00107559514305679,-0.000983207839244699,-0.00107559514305679,-65.1036067393609,-65.2331735614191
A6,T2_ctrl_A,T2,ctrl,A,10,ECA745,0.00079167269853302,0.000983207839244699,0.00107559514305679,-0.000191535140711679,-0.000283922444523767,-0.312592318803287,-0.442159140861435
A7,T2_ctrl_B,T2,ctrl,B,10,ECA745,0.00135951758758056,0.000983207839244699,0.00107559514305679,0.000376309748335856,0.000283922444523768,0.467526491434842,0.337959669376695
A10,T2_pos-1_1,T2,pos-1,1,3,ECA760,0.0566175896578645,0.000791066810790297,0.00230930115446192,0.0558265228470742,0.0543082885034025,6.16130697653114,4.61572210026072
A11,T2_pos-1_2,T2,pos-1,2,3,ECA760,0.0554442346941039,0.000791066810790297,0.00230930115446192,0.0546531678833136,0.053134933539642,6.13109409603251,4.58550921976209
A12,T2_pos-1_3,T2,pos-1,3,3,ECA760,0.0676702128483014,0.000791066810790297,0.00230930115446192,0.0668791460375111,0.0653609116938395,6.41857757122865,4.87299269495822
A13,T2_pos-1_4,T2,pos-1,4,3,ECA760,0.0489577342984488,0.000791066810790297,0.00230930115446192,0.0481666674876585,0.0466484331439868,5.95159343834239,4.40600856207197
A6,T2_ctrl_A,T2,ctrl,A,3,ECA760,0.00139957272977835,0.000791066810790297,0.00230930115446192,0.000608505918988057,-0.000909728424683563,0.823115009485835,-0.722469866784588
A7,T2_ctrl_B,T2,ctrl,B,3,ECA760,0.00321902957914548,0.000791066810790297,0.00230930115446192,0.00242796276835518,0.000909728424683563,2.02475438353687,0.479169507266453
A10,T2_pos-1_1,T2,pos-1,1,5,ECA760,0.0568391717350752,0.000594632995885817,0.00239532162492099,0.0562445387391894,0.0544438501101542,6.57874220155306,4.56859424386005
A11,T2_pos-1_2,T2,pos-1,2,5,ECA760,0.0556243763696231,0.000594632995885817,0.00239532162492099,0.0550297433737373,0.0532290547447022,6.54757392622767,4.53742596853465
A12,T2_pos-1_3,T2,pos-1,3,5,ECA760,0.0670783370858339,0.000594632995885817,0.00239532162492099,0.0664837040899481,0.0646830154609129,6.81770359391402,4.80755563622101
A13,T2_pos-1_4,T2,pos-1,4,5,ECA760,0.0484361150819522,0.000594632995885817,0.00239532162492099,0.0478414820860664,0.0460407934570312,6.3479398252409,4.33779186754788
A6,T2_ctrl_A,T2,ctrl,A,5,ECA760,0.00152805301476678,0.000594632995885817,0.00239532162492099,0.000933420018880964,-0.000867268610154209,1.36162317257007,-0.648524785122945
A7,T2_ctrl_B,T2,ctrl,B,5,ECA760,0.0032625902350752,0.000594632995885817,0.00239532162492099,0.00266795723918938,0.000867268610154209,2.45594637856467,0.445798420871653
A10,T2_pos-1_1,T2,pos-1,1,10,ECA760,0.0572588482168577,0.000208167619102671,0.00233247879462917,0.057050680597755,0.0549263694222285,8.10360916811745,4.61756278006885
A11,T2_pos-1_2,T2,pos-1,2,10,ECA760,0.0552347304505217,0.000208167619102671,0.00233247879462917,0.055026562831419,0.0529022516558925,8.05168620681298,4.56563981876439
A12,T2_pos-1_3,T2,pos-1,3,10,ECA760,0.0654202024655304,0.000208167619102671,0.00233247879462917,0.0652120348464277,0.0630877236709012,8.29584674218682,4.80980035413823
A13,T2_pos-1_4,T2,pos-1,4,10,ECA760,0.0482511770652324,0.000208167619102671,0.00233247879462917,0.0480430094461297,0.0459186982706032,7.8566746545293,4.3706282664807
A6,T2_ctrl_A,T2,ctrl,A,10,ECA760,0.00155881633553553,0.000208167619102671,0.00233247879462917,0.00135064871643286,-0.00077366245909364,2.90463337829836,-0.581413009750233
A7,T2_ctrl_B,T2,ctrl,B,10,ECA760,0.00310614125372281,0.000208167619102671,0.00233247879462917,0.00289797363462014,0.00077366245909364,3.89930586163055,0.413259473581954
A10,T2_pos-1_1,T2,pos-1,1,3,ECA768,0.000181725297944987,0.00325792723102296,0,-0.00307620193307798,0.000181725297944987,-4.16412320425076,62.6678695916696
A11,T2_pos-1_2,T2,pos-1,2,3,ECA768,0.000960633300010544,0.00325792723102296,0,-0.00229729393101242,0.000960633300010544,-1.76189665516122,65.0700961407591
A12,T2_pos-1_3,T2,pos-1,3,3,ECA768,0,0.00325792723102296,0,-0.00325792723102296,0,-66.8319927959204,0
A13,T2_pos-1_4,T2,pos-1,4,3,ECA768,0.000789633560521369,0.00325792723102296,0,-0.0024682936705016,0.000789633560521369,-2.04469916747483,64.7872936284455
A6,T2_ctrl_A,T2,ctrl,A,3,ECA768,0,0.00325792723102296,0,-0.00325792723102296,0,-66.8319927959204,0
A7,T2_ctrl_B,T2,ctrl,B,3,ECA768,0,0.00325792723102296,0,-0.00325792723102296,0,-66.8319927959204,0
A10,T2_pos-1_1,T2,pos-1,1,5,ECA768,0.000632172211833365,0.00318019464454124,0,-0.00254802243270787,0.000632172211833365,-2.33072554297065,64.4664279414171
A11,T2_pos-1_2,T2,pos-1,2,5,ECA768,0.0011145648491335,0.00318019464454124,0,-0.00206562979540773,0.0011145648491335,-1.51263450880023,65.2845189755876
A12,T2_pos-1_3,T2,pos-1,3,5,ECA768,0,0.00318019464454124,0,-0.00318019464454124,0,-66.7971534843878,0
A13,T2_pos-1_4,T2,pos-1,4,5,ECA768,0.00107749798155613,0.00318019464454124,0,-0.00210269666298511,0.00107749798155613,-1.56142990193161,65.2357235824562
A6,T2_ctrl_A,T2,ctrl,A,5,ECA768,0,0.00318019464454124,0,-0.00318019464454124,0,-66.7971534843878,0
A7,T2_ctrl_B,T2,ctrl,B,5,ECA768,0,0.00318019464454124,0,-0.00318019464454124,0,-66.7971534843878,0
A10,T2_pos-1_1,T2,pos-1,1,10,ECA768,0.000978144076254044,0.00326008941901695,4.22111993229401e-05,-0.00228194534276291,0.000935932876931104,-1.73679264732853,4.53434925789677
A11,T2_pos-1_2,T2,pos-1,2,10,ECA768,0.00176070068078538,0.00326008941901695,4.22111993229401e-05,-0.00149938873823157,0.00171848948146244,-0.888761864031264,5.38238004119403
A12,T2_pos-1_3,T2,pos-1,3,10,ECA768,0.000145821849101313,0.00326008941901695,4.22111993229401e-05,-0.00311426756991564,0.000103610649778373,-4.48263272976417,1.78850917546113
A13,T2_pos-1_4,T2,pos-1,4,10,ECA768,0.00131641928792964,0.00326008941901695,4.22111993229401e-05,-0.00194367013108731,0.0012742080886067,-1.30829246597884,4.96284943924645
A6,T2_ctrl_A,T2,ctrl,A,10,ECA768,0,0.00326008941901695,4.22111993229401e-05,-0.00326008941901695,-4.22111993229401e-05,-66.8329499515026,-60.5618080462773
A7,T2_ctrl_B,T2,ctrl,B,10,ECA768,8.44223986458801e-05,0.00326008941901695,4.22111993229401e-05,-0.00317566702037107,4.22111993229401e-05,-5.2711419052253,1
A10,T2_pos-1_1,T2,pos-1,1,3,ECA777,0,0.0055252812999447,0,-0.0055252812999447,0,-67.5940863317299,0
A11,T2_pos-1_2,T2,pos-1,2,3,ECA777,0,0.0055252812999447,0,-0.0055252812999447,0,-67.5940863317299,0
A12,T2_pos-1_3,T2,pos-1,3,3,ECA777,0.00192611584343418,0.0055252812999447,0,-0.00359916545651052,0.00192611584343418,-1.52035344144993,66.0737328902799
A13,T2_pos-1_4,T2,pos-1,4,3,ECA777,0.0010229092383102,0.0055252812999447,0,-0.00450237206163451,0.0010229092383102,-2.43336977412675,65.1607165576031
A6,T2_ctrl_A,T2,ctrl,A,3,ECA777,0,0.0055252812999447,0,-0.0055252812999447,0,-67.5940863317299,0
A7,T2_ctrl_B,T2,ctrl,B,3,ECA777,0,0.0055252812999447,0,-0.0055252812999447,0,-67.5940863317299,0
A10,T2_pos-1_1,T2,pos-1,1,5,ECA777,0,0.00574682945140505,0,-0.00574682945140505,0,-67.6508046506592,0
A11,T2_pos-1_2,T2,pos-1,2,5,ECA777,0,0.00574682945140505,0,-0.00574682945140505,0,-67.6508046506592,0
A12,T2_pos-1_3,T2,pos-1,3,5,ECA777,0.00258157690457177,0.00574682945140505,0,-0.00316525254683328,0.00258157690457177,-1.15451365867659,66.4962909919826
A13,T2_pos-1_4,T2,pos-1,4,5,ECA777,0.0016594257023091,0.00574682945140505,0,-0.00408740374909595,0.0016594257023091,-1.79208219808117,65.858722452578
A6,T2_ctrl_A,T2,ctrl,A,5,ECA777,0,0.00574682945140505,0,-0.00574682945140505,0,-67.6508046506592,0
A7,T2_ctrl_B,T2,ctrl,B,5,ECA777,0,0.00574682945140505,0,-0.00574682945140505,0,-67.6508046506592,0
A10,T2_pos-1_1,T2,pos-1,1,10,ECA777,0,0.0055154419860226,0,-0.0055154419860226,0,-67.5915149181021,0
A11,T2_pos-1_2,T2,pos-1,2,10,ECA777,1.22874927099809e-05,0.0055154419860226,0,-0.00550315449331262,1.22874927099809e-05,-8.81014213154841,58.7813727865536
A12,T2_pos-1_3,T2,pos-1,3,10,ECA777,0.00381025355564179,0.0055154419860226,0,-0.00170518843038081,0.00381025355564179,-0.533589496473855,67.0579254216282
A13,T2_pos-1_4,T2,pos-1,4,10,ECA777,0.00146013398092714,0.0055154419860226,0,-0.00405530800509546,0.00146013398092714,-1.91737574648567,65.6741391716164
A6,T2_ctrl_A,T2,ctrl,A,10,ECA777,0,0.0055154419860226,0,-0.0055154419860226,0,-67.5915149181021,0
A7,T2_ctrl_B,T2,ctrl,B,10,ECA777,0,0.0055154419860226,0,-0.0055154419860226,0,-67.5915149181021,0
A10,T2_pos-1_1,T2,pos-1,1,3,ECA778,0.00246225660442138,0.000265126975143382,0.000237672270640287,0.002197129629278,0.00222458433378109,3.21522575162527,3.37293562216981
A11,T2_pos-1_2,T2,pos-1,2,3,ECA778,0.000367528738774505,0.000265126975143382,0.000237672270640287,0.000102401763631123,0.000129856468134218,0.471173601779968,0.628883472324508
A12,T2_pos-1_3,T2,pos-1,3,3,ECA778,0,0.000265126975143382,0.000237672270640287,-0.000265126975143382,-0.000237672270640287,-63.212793784396,-63.0550839138515
A13,T2_pos-1_4,T2,pos-1,4,3,ECA778,0.00034945163269991,0.000265126975143382,0.000237672270640287,8.43246575565282e-05,0.000111779362059623,0.398409323650113,0.556119194194652
A6,T2_ctrl_A,T2,ctrl,A,3,ECA778,0.000475344541280574,0.000265126975143382,0.000237672270640287,0.000210217566137192,0.000237672270640287,0.842290129455461,1
A7,T2_ctrl_B,T2,ctrl,B,3,ECA778,0,0.000265126975143382,0.000237672270640287,-0.000265126975143382,-0.000237672270640287,-63.212793784396,-63.0550839138515
A10,T2_pos-1_1,T2,pos-1,1,5,ECA778,0.0025219736719664,0.000772043479019071,0.000342659007023785,0.00174993019294733,0.00217931466494261,1.7077992119295,2.87970769996781
A11,T2_pos-1_2,T2,pos-1,2,5,ECA778,0.000553353345342799,0.000772043479019071,0.000342659007023785,-0.000218690133676272,0.000210694338319014,-0.480481086040126,0.691427401998175
A12,T2_pos-1_3,T2,pos-1,3,5,ECA778,0,0.000772043479019071,0.000342659007023785,-0.000772043479019071,-0.000342659007023785,-64.7547924185592,-63.5828839305209
A13,T2_pos-1_4,T2,pos-1,4,5,ECA778,0.000365685430374044,0.000772043479019071,0.000342659007023785,-0.000406358048645026,2.30264233502593e-05,-1.07807894973134,0.0938295383069594
A6,T2_ctrl_A,T2,ctrl,A,5,ECA778,0.00068531801404757,0.000772043479019071,0.000342659007023785,-8.67254649715007e-05,0.000342659007023785,-0.171908488038301,1
A7,T2_ctrl_B,T2,ctrl,B,5,ECA778,0,0.000772043479019071,0.000342659007023785,-0.000772043479019071,-0.000342659007023785,-64.7547924185592,-63.5828839305209
A10,T2_pos-1_1,T2,pos-1,1,10,ECA778,0.00173907329801919,0.000705952992184076,0.00043067895589264,0.00103312030583512,0.00130839434212655,1.30067471426798,2.01363400373208
A11,T2_pos-1_2,T2,pos-1,2,10,ECA778,0.000195362022507272,0.000705952992184076,0.00043067895589264,-0.000510590969676803,-0.000235316933385368,-1.85342207971145,-1.14046279024735
A12,T2_pos-1_3,T2,pos-1,3,10,ECA778,0,0.000705952992184076,0.00043067895589264,-0.000705952992184076,-0.00043067895589264,-64.6256824416973,-63.9127231522332
A13,T2_pos-1_4,T2,pos-1,4,10,ECA778,0.000143519070842776,0.000705952992184076,0.00043067895589264,-0.0005624339213413,-0.000287159885049864,-2.29832966564512,-1.58537037618103
A6,T2_ctrl_A,T2,ctrl,A,10,ECA778,0.00086135791178528,0.000705952992184076,0.00043067895589264,0.000155404919601204,0.00043067895589264,0.287040710535902,1
A7,T2_ctrl_B,T2,ctrl,B,10,ECA778,0,0.000705952992184076,0.00043067895589264,-0.000705952992184076,-0.00043067895589264,-64.6256824416973,-63.9127231522332
A10,T2_pos-1_1,T2,pos-1,1,3,ECA807,0,0.000520243786284442,0,-0.000520243786284442,0,-64.1852981495335,0
A11,T2_pos-1_2,T2,pos-1,2,3,ECA807,0.000648845019142355,0.000520243786284442,0,0.000128601232857912,0.000648845019142355,0.318686093542832,64.5039842430764
A12,T2_pos-1_3,T2,pos-1,3,3,ECA807,0,0.000520243786284442,0,-0.000520243786284442,0,-64.1852981495335,0
A13,T2_pos-1_4,T2,pos-1,4,3,ECA807,0,0.000520243786284442,0,-0.000520243786284442,0,-64.1852981495335,0
A6,T2_ctrl_A,T2,ctrl,A,3,ECA807,0,0.000520243786284442,0,-0.000520243786284442,0,-64.1852981495335,0
A7,T2_ctrl_B,T2,ctrl,B,3,ECA807,0,0.000520243786284442,0,-0.000520243786284442,0,-64.1852981495335,0
A10,T2_pos-1_1,T2,pos-1,1,5,ECA807,0,0.000722810577091276,0,-0.000722810577091276,0,-64.6597279385291,0
A11,T2_pos-1_2,T2,pos-1,2,5,ECA807,0.000766464786617216,0.000722810577091276,0,4.365420952594e-05,0.000766464786617216,0.0846018945288665,64.744329833058
A12,T2_pos-1_3,T2,pos-1,3,5,ECA807,0,0.000722810577091276,0,-0.000722810577091276,0,-64.6597279385291,0
A13,T2_pos-1_4,T2,pos-1,4,5,ECA807,0,0.000722810577091276,0,-0.000722810577091276,0,-64.6597279385291,0
A6,T2_ctrl_A,T2,ctrl,A,5,ECA807,0,0.000722810577091276,0,-0.000722810577091276,0,-64.6597279385291,0
A7,T2_ctrl_B,T2,ctrl,B,5,ECA807,0,0.000722810577091276,0,-0.000722810577091276,0,-64.6597279385291,0
A10,T2_pos-1_1,T2,pos-1,1,10,ECA807,0,0.000997684055036121,4.29961121156266e-05,-0.000997684055036121,-4.29961121156266e-05,-65.1246933383769,-60.5883884372451
A11,T2_pos-1_2,T2,pos-1,2,10,ECA807,0.000783529012828373,0.000997684055036121,4.29961121156266e-05,-0.000214155042207748,0.000740532900712747,-0.348596321187747,4.18770857994407
A12,T2_pos-1_3,T2,pos-1,3,10,ECA807,0,0.000997684055036121,4.29961121156266e-05,-0.000997684055036121,-4.29961121156266e-05,-65.1246933383769,-60.5883884372451
A13,T2_pos-1_4,T2,pos-1,4,10,ECA807,0.000152892378475295,0.000997684055036121,4.29961121156266e-05,-0.000844791676560826,0.000109896266359669,-2.7060665259121,1.83023837521971
A6,T2_ctrl_A,T2,ctrl,A,10,ECA807,0,0.000997684055036121,4.29961121156266e-05,-0.000997684055036121,-4.29961121156266e-05,-65.1246933383769,-60.5883884372451
A7,T2_ctrl_B,T2,ctrl,B,10,ECA807,8.59922242312531e-05,0.000997684055036121,4.29961121156266e-05,-0.000911691830804868,4.29961121156266e-05,-3.53630490113181,1
A10,T2_pos-1_1,T2,pos-1,1,3,ECA812,0.00390981681004649,0.000374176816004509,0.00385851016231155,0.00353563999404198,5.13066477349326e-05,3.38530893622943,0.0190571078710673
A11,T2_pos-1_2,T2,pos-1,2,3,ECA812,0.00107220105227009,0.000374176816004509,0.00385851016231155,0.00069802423626558,-0.00278630911004146,1.51878337901504,-1.84746844934332
A12,T2_pos-1_3,T2,pos-1,3,3,ECA812,0,0.000374176816004509,0.00385851016231155,-0.000374176816004509,-0.00385851016231155,-63.7098304927715,-67.0760823211298
A13,T2_pos-1_4,T2,pos-1,4,3,ECA812,0.000948825218698058,0.000374176816004509,0.00385851016231155,0.000574648402693549,-0.0029096849436135,1.342422183628,-2.02382964473036
A6,T2_ctrl_A,T2,ctrl,A,3,ECA812,0.00520022416620489,0.000374176816004509,0.00385851016231155,0.00482604735020038,0.00134171400389333,3.79678173781276,0.430529909454401
A7,T2_ctrl_B,T2,ctrl,B,3,ECA812,0.00251679615841822,0.000374176816004509,0.00385851016231155,0.00214261934241371,-0.00134171400389333,2.74979629669436,-0.616455531664005
A10,T2_pos-1_1,T2,pos-1,1,5,ECA812,0.00368564969436199,0.000349054151916628,0.00400636023511471,0.00333659554244536,-0.000320710540752724,3.40039617814,-0.120373192736587
A11,T2_pos-1_2,T2,pos-1,2,5,ECA812,0.00092806074720812,0.000349054151916628,0.00400636023511471,0.000579006595291492,-0.00307829948790659,1.41076836950648,-2.1100010013701
A12,T2_pos-1_3,T2,pos-1,3,5,ECA812,0.000103245606347568,0.000349054151916628,0.00400636023511471,-0.00024580854556906,-0.00390311462876715,-1.75737048351763,-5.27813985439421
A13,T2_pos-1_4,T2,pos-1,4,5,ECA812,0.00107157616256827,0.000349054151916628,0.00400636023511471,0.00072252201065164,-0.00293478407254645,1.61821161640691,-1.90255775446968
A6,T2_ctrl_A,T2,ctrl,A,5,ECA812,0.00526383975710366,0.000349054151916628,0.00400636023511471,0.00491478560518703,0.00125747952198895,3.91459279372582,0.393823422849238
A7,T2_ctrl_B,T2,ctrl,B,5,ECA812,0.00274888071312577,0.000349054151916628,0.00400636023511471,0.00239982656120914,-0.00125747952198895,2.97732152568442,-0.543447845192165
A10,T2_pos-1_1,T2,pos-1,1,10,ECA812,0.00309831054284453,0,0.00374820133612572,0.00309831054284453,-0.000649890793281196,66.7595201680118,-0.274716697700308
A11,T2_pos-1_2,T2,pos-1,2,10,ECA812,0.000509359205824017,0,0.00374820133612572,0.000509359205824017,-0.00323884213030171,64.1547937407421,-2.87944312496999
A12,T2_pos-1_3,T2,pos-1,3,10,ECA812,0,0,0.00374820133612572,0,-0.00374820133612572,0,-67.0342368657121
A13,T2_pos-1_4,T2,pos-1,4,10,ECA812,0.000664315129800714,0,0.00374820133612572,0.000664315129800714,-0.00308388620632501,64.5379780930299,-2.49625877268219
A6,T2_ctrl_A,T2,ctrl,A,10,ECA812,0.00495491453736557,0,0.00374820133612572,0.00495491453736557,0.00120671320123985,67.4368985896397,0.402661723927616
A7,T2_ctrl_B,T2,ctrl,B,10,ECA812,0.00254148813488587,0,0.00374820133612572,0.00254148813488587,-0.00120671320123985,66.4737119111755,-0.560524954536568
A10,T2_pos-1_1,T2,pos-1,1,3,ECA923,0.00207378869882944,0.00197369490284467,0.00579290592939646,0.000100093795984767,-0.00371911723056703,0.0713699107192535,-1.48201833390768
A11,T2_pos-1_2,T2,pos-1,2,3,ECA923,0.000101651484640466,0.00197369490284467,0.00579290592939646,-0.0018720434182042,-0.005691254444756,-4.27919580144518,-5.83258404607212
A12,T2_pos-1_3,T2,pos-1,3,3,ECA923,0.00121292641855005,0.00197369490284467,0.00579290592939646,-0.00076076848429462,-0.00457997951084641,-0.70240695985873,-2.25579520448566
A13,T2_pos-1_4,T2,pos-1,4,3,ECA923,0.0031511760177258,0.00197369490284467,0.00579290592939646,0.00117748111488113,-0.00264172991167066,0.674991349614892,-0.878396895012041
A6,T2_ctrl_A,T2,ctrl,A,3,ECA923,0.00649436884804055,0.00197369490284467,0.00579290592939646,0.00452067394519589,0.00070146291864409,1.71829033214933,0.164902087522395
A7,T2_ctrl_B,T2,ctrl,B,3,ECA923,0.00509144301075238,0.00197369490284467,0.00579290592939646,0.00311774810790771,-0.00070146291864409,1.36717560842928,-0.186212636197654
A10,T2_pos-1_1,T2,pos-1,1,5,ECA923,0.0021439498150868,0.0020171161997335,0.00585154331022897,0.0001268336153533,-0.00370759349514217,0.0879769405540985,-1.44854604120591
A11,T2_pos-1_2,T2,pos-1,2,5,ECA923,0.000121354028585252,0.0020171161997335,0.00585154331022897,-0.00189576217114825,-0.00573018928164372,-4.05500028798696,-5.59152326974697
A12,T2_pos-1_3,T2,pos-1,3,5,ECA923,0.00120934176137184,0.0020171161997335,0.00585154331022897,-0.000807774438361666,-0.00464220154885713,-0.73807218599415,-2.27459516775416
A13,T2_pos-1_4,T2,pos-1,4,5,ECA923,0.00329695332852638,0.0020171161997335,0.00585154331022897,0.00127983712879288,-0.00255458998170259,0.708839268970193,-0.827683712789813
A6,T2_ctrl_A,T2,ctrl,A,5,ECA923,0.00655958459619311,0.0020171161997335,0.00585154331022897,0.0045424683964596,0.000708041285964136,1.70131025961093,0.16478727785092
A7,T2_ctrl_B,T2,ctrl,B,5,ECA923,0.00514350202426484,0.0020171161997335,0.00585154331022897,0.00312638582453133,-0.000708041285964135,1.35045677730039,-0.186066204459616
A10,T2_pos-1_1,T2,pos-1,1,10,ECA923,0.00137058308674948,0.00160209217304165,0.00536743410013492,-0.000231509086292175,-0.00399685101338544,-0.225167363497289,-1.96944278408755
A11,T2_pos-1_2,T2,pos-1,2,10,ECA923,0,0.00160209217304165,0.00536743410013492,-0.00160209217304165,-0.00536743410013492,-65.8079955682891,-67.5522709888794
A12,T2_pos-1_3,T2,pos-1,3,10,ECA923,0.00032143520961113,0.00160209217304165,0.00536743410013492,-0.00128065696343052,-0.00504599889052379,-2.31735727880029,-4.06163269939055
A13,T2_pos-1_4,T2,pos-1,4,10,ECA923,0.00321162755488684,0.00160209217304165,0.00536743410013492,0.00160953538184518,-0.00215580654524808,1.00334744391279,-0.740927976677471
A6,T2_ctrl_A,T2,ctrl,A,10,ECA923,0.00589836584480602,0.00160209217304165,0.00536743410013492,0.00429627367176436,0.000530931744671094,1.88035815541458,0.136082734824316
A7,T2_ctrl_B,T2,ctrl,B,10,ECA923,0.00483650235546383,0.00160209217304165,0.00536743410013492,0.00323441018242217,-0.000530931744671093,1.59400694891997,-0.150268471670286
A10,T2_pos-1_1,T2,pos-1,1,3,ECA928,0,0.00433314678514359,0.000814750601378308,-0.00433314678514359,-0.000814750601378308,-67.2434535243598,-64.8324688326449
A11,T2_pos-1_2,T2,pos-1,2,3,ECA928,0,0.00433314678514359,0.000814750601378308,-0.00433314678514359,-0.000814750601378308,-67.2434535243598,-64.8324688326449
A12,T2_pos-1_3,T2,pos-1,3,3,ECA928,0,0.00433314678514359,0.000814750601378308,-0.00433314678514359,-0.000814750601378308,-67.2434535243598,-64.8324688326449
A13,T2_pos-1_4,T2,pos-1,4,3,ECA928,0,0.00433314678514359,0.000814750601378308,-0.00433314678514359,-0.000814750601378308,-67.2434535243598,-64.8324688326449
A6,T2_ctrl_A,T2,ctrl,A,3,ECA928,0.0009395273075522,0.00433314678514359,0.000814750601378308,-0.00339361947759139,0.000124776706173892,-2.2054081090722,0.205576582642667
A7,T2_ctrl_B,T2,ctrl,B,3,ECA928,0.000689973895204416,0.00433314678514359,0.000814750601378308,-0.00364317288993917,-0.000124776706173892,-2.65080142422827,-0.239816732513411
A10,T2_pos-1_1,T2,pos-1,1,5,ECA928,0,0.00449678737169026,0.000750777240813479,-0.00449678737169026,-0.000750777240813479,-67.2969330842121,-64.7144952375417
A11,T2_pos-1_2,T2,pos-1,2,5,ECA928,0,0.00449678737169026,0.000750777240813479,-0.00449678737169026,-0.000750777240813479,-67.2969330842121,-64.7144952375417
A12,T2_pos-1_3,T2,pos-1,3,5,ECA928,0,0.00449678737169026,0.000750777240813479,-0.00449678737169026,-0.000750777240813479,-67.2969330842121,-64.7144952375417
A13,T2_pos-1_4,T2,pos-1,4,5,ECA928,0,0.00449678737169026,0.000750777240813479,-0.00449678737169026,-0.000750777240813479,-67.2969330842121,-64.7144952375417
A6,T2_ctrl_A,T2,ctrl,A,5,ECA928,0.000843329479333844,0.00449678737169026,0.000750777240813479,-0.00365345789235642,9.25522385203645e-05,-2.4147263773916,0.167711469278767
A7,T2_ctrl_B,T2,ctrl,B,5,ECA928,0.000658225002293115,0.00449678737169026,0.000750777240813479,-0.00383856236939714,-9.25522385203644e-05,-2.77224193597047,-0.189804089300098
A10,T2_pos-1_1,T2,pos-1,1,10,ECA928,0,0.0052785068078939,0.00127326190625283,-0.0052785068078939,-0.00127326190625283,-67.528168291205,-65.4765676236136
A11,T2_pos-1_2,T2,pos-1,2,10,ECA928,0,0.0052785068078939,0.00127326190625283,-0.0052785068078939,-0.00127326190625283,-67.528168291205,-65.4765676236136
A12,T2_pos-1_3,T2,pos-1,3,10,ECA928,0.000729479831812407,0.0052785068078939,0.00127326190625283,-0.0045490269760815,-0.000543782074440419,-2.85518987840361,-0.803589210812246
A13,T2_pos-1_4,T2,pos-1,4,10,ECA928,0,0.0052785068078939,0.00127326190625283,-0.0052785068078939,-0.00127326190625283,-67.528168291205,-65.4765676236136
A6,T2_ctrl_A,T2,ctrl,A,10,ECA928,0.00109363153717725,0.0052785068078939,0.00127326190625283,-0.00418487527071665,-0.000179630369075575,-2.27100312369163,-0.219402456100266
A7,T2_ctrl_B,T2,ctrl,B,10,ECA928,0.0014528922753284,0.0052785068078939,0.00127326190625283,-0.0038256145325655,0.000179630369075575,-1.86120213717108,0.190398530420288
A10,T2_pos-1_1,T2,pos-1,1,3,ECA930,0,4.24598122640162e-05,0,-4.24598122640162e-05,0,-60.5702802183047,0
A11,T2_pos-1_2,T2,pos-1,2,3,ECA930,0,4.24598122640162e-05,0,-4.24598122640162e-05,0,-60.5702802183047,0
A12,T2_pos-1_3,T2,pos-1,3,3,ECA930,0,4.24598122640162e-05,0,-4.24598122640162e-05,0,-60.5702802183047,0
A13,T2_pos-1_4,T2,pos-1,4,3,ECA930,0,4.24598122640162e-05,0,-4.24598122640162e-05,0,-60.5702802183047,0
A6,T2_ctrl_A,T2,ctrl,A,3,ECA930,0,4.24598122640162e-05,0,-4.24598122640162e-05,0,-60.5702802183047,0
A7,T2_ctrl_B,T2,ctrl,B,3,ECA930,0,4.24598122640162e-05,0,-4.24598122640162e-05,0,-60.5702802183047,0
A10,T2_pos-1_1,T2,pos-1,1,5,ECA930,0,0,0,0,0,0,0
A11,T2_pos-1_2,T2,pos-1,2,5,ECA930,0,0,0,0,0,0,0
A12,T2_pos-1_3,T2,pos-1,3,5,ECA930,0,0,0,0,0,0,0
A13,T2_pos-1_4,T2,pos-1,4,5,ECA930,0,0,0,0,0,0,0
A6,T2_ctrl_A,T2,ctrl,A,5,ECA930,0,0,0,0,0,0,0
A7,T2_ctrl_B,T2,ctrl,B,5,ECA930,0,0,0,0,0,0,0
A10,T2_pos-1_1,T2,pos-1,1,10,ECA930,0,0.000755664646385094,0,-0.000755664646385094,0,-64.7238564489899,0
A11,T2_pos-1_2,T2,pos-1,2,10,ECA930,0,0.000755664646385094,0,-0.000755664646385094,0,-64.7238564489899,0
A12,T2_pos-1_3,T2,pos-1,3,10,ECA930,0,0.000755664646385094,0,-0.000755664646385094,0,-64.7238564489899,0
A13,T2_pos-1_4,T2,pos-1,4,10,ECA930,0,0.000755664646385094,0,-0.000755664646385094,0,-64.7238564489899,0
A6,T2_ctrl_A,T2,ctrl,A,10,ECA930,0,0.000755664646385094,0,-0.000755664646385094,0,-64.7238564489899,0
A7,T2_ctrl_B,T2,ctrl,B,10,ECA930,0,0.000755664646385094,0,-0.000755664646385094,0,-64.7238564489899,0
A10,T2_pos-1_1,T2,pos-1,1,3,ED3005,0.000662796372197445,0.0150212196638986,0.0145854139112619,-0.0143584232917012,-0.0139226175390645,-4.50229244252153,-4.45981681200447
A11,T2_pos-1_2,T2,pos-1,2,3,ED3005,0,0.0150212196638986,0.0145854139112619,-0.0150212196638986,-0.0145854139112619,-69.0369684693486,-68.9944928388315
A12,T2_pos-1_3,T2,pos-1,3,3,ED3005,0,0.0150212196638986,0.0145854139112619,-0.0150212196638986,-0.0145854139112619,-69.0369684693486,-68.9944928388315
A13,T2_pos-1_4,T2,pos-1,4,3,ED3005,0,0.0150212196638986,0.0145854139112619,-0.0150212196638986,-0.0145854139112619,-69.0369684693486,-68.9944928388315
A6,T2_ctrl_A,T2,ctrl,A,3,ED3005,0.0153809504833228,0.0150212196638986,0.0145854139112619,0.000359730819424137,0.000795536572060867,0.0341427002692408,0.0766183307863043
A7,T2_ctrl_B,T2,ctrl,B,3,ED3005,0.0137898773392011,0.0150212196638986,0.0145854139112619,-0.0012313423246976,-0.000795536572060865,-0.123392334612303,-0.0809167040952397
A10,T2_pos-1_1,T2,pos-1,1,5,ED3005,0.000824672573327227,0.0143067795773016,0.0142097639833227,-0.0134821070039743,-0.0133850914099955,-4.11673372337508,-4.10691735443005
A11,T2_pos-1_2,T2,pos-1,2,5,ED3005,0,0.0143067795773016,0.0142097639833227,-0.0143067795773016,-0.0142097639833227,-68.9666654719048,-68.9568491029597
A12,T2_pos-1_3,T2,pos-1,3,5,ED3005,0,0.0143067795773016,0.0142097639833227,-0.0143067795773016,-0.0142097639833227,-68.9666654719048,-68.9568491029597
A13,T2_pos-1_4,T2,pos-1,4,5,ED3005,0,0.0143067795773016,0.0142097639833227,-0.0143067795773016,-0.0142097639833227,-68.9666654719048,-68.9568491029597
A6,T2_ctrl_A,T2,ctrl,A,5,ED3005,0.0150345414509978,0.0143067795773016,0.0142097639833227,0.000727761873696223,0.000824777467675049,0.0715819054953414,0.0813982744403645
A7,T2_ctrl_B,T2,ctrl,B,5,ED3005,0.0133849865156477,0.0143067795773016,0.0142097639833227,-0.000921793061653875,-0.00082477746767505,-0.0960832757475217,-0.0862669068024984
A10,T2_pos-1_1,T2,pos-1,1,10,ED3005,0,0.0123405999011818,0.0130490164430219,-0.0123405999011818,-0.0130490164430219,-68.7533790390592,-68.8339075797344
A11,T2_pos-1_2,T2,pos-1,2,10,ED3005,0,0.0123405999011818,0.0130490164430219,-0.0123405999011818,-0.0130490164430219,-68.7533790390592,-68.8339075797344
A12,T2_pos-1_3,T2,pos-1,3,10,ED3005,0,0.0123405999011818,0.0130490164430219,-0.0123405999011818,-0.0130490164430219,-68.7533790390592,-68.8339075797344
A13,T2_pos-1_4,T2,pos-1,4,10,ED3005,0,0.0123405999011818,0.0130490164430219,-0.0123405999011818,-0.0130490164430219,-68.7533790390592,-68.8339075797344
A6,T2_ctrl_A,T2,ctrl,A,10,ED3005,0.0131960868931611,0.0123405999011818,0.0130490164430219,0.000855486991979291,0.000147070450139147,0.0966976543815824,0.0161691137063793
A7,T2_ctrl_B,T2,ctrl,B,10,ED3005,0.0129019459928828,0.0123405999011818,0.0130490164430219,0.000561346091700997,-0.000147070450139147,0.0641761544239024,-0.0163523862513008
A10,T2_pos-1_1,T2,pos-1,1,3,ED3011,0,0,0.00413598965381477,0,-0.00413598965381477,0,-67.1762709924488
A11,T2_pos-1_2,T2,pos-1,2,3,ED3011,0,0,0.00413598965381477,0,-0.00413598965381477,0,-67.1762709924488
A12,T2_pos-1_3,T2,pos-1,3,3,ED3011,0,0,0.00413598965381477,0,-0.00413598965381477,0,-67.1762709924488
A13,T2_pos-1_4,T2,pos-1,4,3,ED3011,0,0,0.00413598965381477,0,-0.00413598965381477,0,-67.1762709924488
A6,T2_ctrl_A,T2,ctrl,A,3,ED3011,0.00393175135734795,0,0.00413598965381477,0.00393175135734795,-0.000204238296466823,67.1032105047028,-0.0730604877459931
A7,T2_ctrl_B,T2,ctrl,B,3,ED3011,0.0043402279502816,0,0.00413598965381477,0.0043402279502816,0.000204238296466822,67.2458092312005,0.0695382387516977
A10,T2_pos-1_1,T2,pos-1,1,5,ED3011,0,0,0.00448103659426934,0,-0.00448103659426934,0,-67.2918709239658
A11,T2_pos-1_2,T2,pos-1,2,5,ED3011,0,0,0.00448103659426934,0,-0.00448103659426934,0,-67.2918709239658
A12,T2_pos-1_3,T2,pos-1,3,5,ED3011,0,0,0.00448103659426934,0,-0.00448103659426934,0,-67.2918709239658
A13,T2_pos-1_4,T2,pos-1,4,5,ED3011,0,0,0.00448103659426934,0,-0.00448103659426934,0,-67.2918709239658
A6,T2_ctrl_A,T2,ctrl,A,5,ED3011,0.0043742436130831,0,0.00448103659426934,0.0043742436130831,-0.000106792981186244,67.2570719857843,-0.0347989381814672
A7,T2_ctrl_B,T2,ctrl,B,5,ED3011,0.00458782957545559,0,0.00448103659426934,0.00458782957545559,0.000106792981186243,67.3258502161139,0.033979292148089
A10,T2_pos-1_1,T2,pos-1,1,10,ED3011,0.000112351587521409,0,0.00465462019225707,0.000112351587521409,-0.00454226860473566,61.9741308306672,-5.37257103657132
A11,T2_pos-1_2,T2,pos-1,2,10,ED3011,0,0,0.00465462019225707,0,-0.00465462019225707,0,-67.3467018672386
A12,T2_pos-1_3,T2,pos-1,3,10,ED3011,0,0,0.00465462019225707,0,-0.00465462019225707,0,-67.3467018672386
A13,T2_pos-1_4,T2,pos-1,4,10,ED3011,0,0,0.00465462019225707,0,-0.00465462019225707,0,-67.3467018672386
A6,T2_ctrl_A,T2,ctrl,A,10,ED3011,0.00517615591395923,0,0.00465462019225707,0.00517615591395923,0.000521535721702162,67.4999194899248,0.153217622686216
A7,T2_ctrl_B,T2,ctrl,B,10,ED3011,0.00413308447055491,0,0.00465462019225707,0.00413308447055491,-0.000521535721702162,67.175257265013,-0.171444602225553
A10,T2_pos-1_1,T2,pos-1,1,3,ED3012,0,0,0,0,0,0,0
A11,T2_pos-1_2,T2,pos-1,2,3,ED3012,0,0,0,0,0,0,0
A12,T2_pos-1_3,T2,pos-1,3,3,ED3012,0,0,0,0,0,0,0
A13,T2_pos-1_4,T2,pos-1,4,3,ED3012,0,0,0,0,0,0,0
A6,T2_ctrl_A,T2,ctrl,A,3,ED3012,0,0,0,0,0,0,0
A7,T2_ctrl_B,T2,ctrl,B,3,ED3012,0,0,0,0,0,0,0
A10,T2_pos-1_1,T2,pos-1,1,5,ED3012,0,0,0,0,0,0,0
A11,T2_pos-1_2,T2,pos-1,2,5,ED3012,0,0,0,0,0,0,0
A12,T2_pos-1_3,T2,pos-1,3,5,ED3012,0,0,0,0,0,0,0
A13,T2_pos-1_4,T2,pos-1,4,5,ED3012,0,0,0,0,0,0,0
A6,T2_ctrl_A,T2,ctrl,A,5,ED3012,0,0,0,0,0,0,0
A7,T2_ctrl_B,T2,ctrl,B,5,ED3012,0,0,0,0,0,0,0
A10,T2_pos-1_1,T2,pos-1,1,10,ED3012,0,0,0,0,0,0,0
A11,T2_pos-1_2,T2,pos-1,2,10,ED3012,0,0,0,0,0,0,0
A12,T2_pos-1_3,T2,pos-1,3,10,ED3012,0,0,0,0,0,0,0
A13,T2_pos-1_4,T2,pos-1,4,10,ED3012,0,0,0,0,0,0,0
A6,T2_ctrl_A,T2,ctrl,A,10,ED3012,0,0,0,0,0,0,0
A7,T2_ctrl_B,T2,ctrl,B,10,ED3012,0,0,0,0,0,0,0
A10,T2_pos-1_1,T2,pos-1,1,3,ED3040,0,0.000790488594625535,0.00367093152011453,-0.000790488594625535,-0.00367093152011453,-64.7888549679638,-67.0041846174355
A11,T2_pos-1_2,T2,pos-1,2,3,ED3040,0.00116626078581393,0.000790488594625535,0.00367093152011453,0.00037577219118839,-0.0025046707343006,0.561073871203933,-1.65425577826777
A12,T2_pos-1_3,T2,pos-1,3,3,ED3040,0.0015281809268494,0.000790488594625535,0.00367093152011453,0.000737692332223866,-0.00214275059326513,0.950998807084565,-1.26433084238714
A13,T2_pos-1_4,T2,pos-1,4,3,ED3040,0,0.000790488594625535,0.00367093152011453,-0.000790488594625535,-0.00367093152011453,-64.7888549679638,-67.0041846174355
A6,T2_ctrl_A,T2,ctrl,A,3,ED3040,0.00479818477958695,0.000790488594625535,0.00367093152011453,0.00400769618496141,0.00112725325947242,2.6016721650673,0.386342515595601
A7,T2_ctrl_B,T2,ctrl,B,3,ED3040,0.0025436782606421,0.000790488594625535,0.00367093152011453,0.00175318966601657,-0.00112725325947242,1.68609964935623,-0.529230000115468
A10,T2_pos-1_1,T2,pos-1,1,5,ED3040,0,0.000221643742981386,0.00311005053777917,-0.000221643742981386,-0.00311005053777917,-62.9543529565027,-66.7649764397849
A11,T2_pos-1_2,T2,pos-1,2,5,ED3040,0.00054602436207502,0.000221643742981386,0.00311005053777917,0.000324380619093635,-0.00256402617570415,1.3007226858915,-2.50990079739066
A12,T2_pos-1_3,T2,pos-1,3,5,ED3040,0.00149862875820413,0.000221643742981386,0.00311005053777917,0.00127698501522274,-0.00161142177957504,2.75732850089712,-1.05329498238505
A13,T2_pos-1_4,T2,pos-1,4,5,ED3040,0,0.000221643742981386,0.00311005053777917,-0.000221643742981386,-0.00311005053777917,-62.9543529565027,-66.7649764397849
A6,T2_ctrl_A,T2,ctrl,A,5,ED3040,0.0041403173433034,0.000221643742981386,0.00311005053777917,0.00391867360032201,0.00103026680552423,4.22342680954159,0.412803326259433
A7,T2_ctrl_B,T2,ctrl,B,5,ED3040,0.00207978373225494,0.000221643742981386,0.00311005053777917,0.00185813998927355,-0.00103026680552423,3.2301189757203,-0.580504507561865
A10,T2_pos-1_1,T2,pos-1,1,10,ED3040,0,0.000376904977793463,0.00274021888501033,-0.000376904977793463,-0.00274021888501033,-63.7203111696458,-66.5823295540297
A11,T2_pos-1_2,T2,pos-1,2,10,ED3040,0,0.000376904977793463,0.00274021888501033,-0.000376904977793463,-0.00274021888501033,-63.7203111696458,-66.5823295540297
A12,T2_pos-1_3,T2,pos-1,3,10,ED3040,0.00123217307497896,0.000376904977793463,0.00274021888501033,0.000855268097185494,-0.00150804581003137,1.70893216188504,-1.15308622249888
A13,T2_pos-1_4,T2,pos-1,4,10,ED3040,0,0.000376904977793463,0.00274021888501033,-0.000376904977793463,-0.00274021888501033,-63.7203111696458,-66.5823295540297
A6,T2_ctrl_A,T2,ctrl,A,10,ED3040,0.00335378812332546,0.000376904977793463,0.00274021888501033,0.002976883145532,0.000613569238315137,3.1535187950943,0.291500410710382
A7,T2_ctrl_B,T2,ctrl,B,10,ED3040,0.00212664964669519,0.000376904977793463,0.00274021888501033,0.00174974466890173,-0.000613569238315137,2.49630962320906,-0.36570876117486
A10,T2_pos-1_1,T2,pos-1,1,3,ED3046,0,0.00913666009856686,0.00837150364976895,-0.00913666009856686,-0.00837150364976895,-68.3197053009111,-68.1935251917846
A11,T2_pos-1_2,T2,pos-1,2,3,ED3046,0,0.00913666009856686,0.00837150364976895,-0.00913666009856686,-0.00837150364976895,-68.3197053009111,-68.1935251917846
A12,T2_pos-1_3,T2,pos-1,3,3,ED3046,0.000981629530027649,0.00913666009856686,0.00837150364976895,-0.00815503056853921,-0.0073898741197413,-3.21841633034448,-3.09223622121795
A13,T2_pos-1_4,T2,pos-1,4,3,ED3046,0,0.00913666009856686,0.00837150364976895,-0.00913666009856686,-0.00837150364976895,-68.3197053009111,-68.1935251917846
A6,T2_ctrl_A,T2,ctrl,A,3,ED3046,0,0.00913666009856686,0.00837150364976895,-0.00913666009856686,-0.00837150364976895,-68.3197053009111,-68.1935251917846
A7,T2_ctrl_B,T2,ctrl,B,3,ED3046,0.0167430072995379,0.00913666009856686,0.00837150364976895,0.00760634720097104,0.00837150364976895,0.873819890873469,1
A10,T2_pos-1_1,T2,pos-1,1,5,ED3046,0,0.00970627475628128,0.00824683873419093,-0.00970627475628128,-0.00824683873419093,-68.4069561148575,-68.1718796118383
A11,T2_pos-1_2,T2,pos-1,2,5,ED3046,0,0.00970627475628128,0.00824683873419093,-0.00970627475628128,-0.00824683873419093,-68.4069561148575,-68.1718796118383
A12,T2_pos-1_3,T2,pos-1,3,5,ED3046,0.000772070309928184,0.00970627475628128,0.00824683873419093,-0.00893420444635309,-0.00747476842426275,-3.65211355903534,-3.41703705601614
A13,T2_pos-1_4,T2,pos-1,4,5,ED3046,0,0.00970627475628128,0.00824683873419093,-0.00970627475628128,-0.00824683873419093,-68.4069561148575,-68.1718796118383
A6,T2_ctrl_A,T2,ctrl,A,5,ED3046,0,0.00970627475628128,0.00824683873419093,-0.00970627475628128,-0.00824683873419093,-68.4069561148575,-68.1718796118383
A7,T2_ctrl_B,T2,ctrl,B,5,ED3046,0.0164936774683819,0.00970627475628128,0.00824683873419093,0.00678740271210059,0.00824683873419093,0.764923496980804,1
A10,T2_pos-1_1,T2,pos-1,1,10,ED3046,0,0.0139739729611319,0.0110802546242695,-0.0139739729611319,-0.0110802546242695,-68.9327087644328,-68.5979575454854
A11,T2_pos-1_2,T2,pos-1,2,10,ED3046,0,0.0139739729611319,0.0110802546242695,-0.0139739729611319,-0.0110802546242695,-68.9327087644328,-68.5979575454854
A12,T2_pos-1_3,T2,pos-1,3,10,ED3046,0.000103868608511056,0.0139739729611319,0.0110802546242695,-0.0138701043526208,-0.0109763860157584,-7.07183873922195,-6.73708752027458
A13,T2_pos-1_4,T2,pos-1,4,10,ED3046,0,0.0139739729611319,0.0110802546242695,-0.0139739729611319,-0.0110802546242695,-68.9327087644328,-68.5979575454854
A6,T2_ctrl_A,T2,ctrl,A,10,ED3046,0.00578491330585296,0.0139739729611319,0.0110802546242695,-0.00818905965527893,-0.00529534131841649,-1.27237500982848,-0.937623790881102
A7,T2_ctrl_B,T2,ctrl,B,10,ED3046,0.0163755959426859,0.0139739729611319,0.0110802546242695,0.00240162298155405,0.00529534131841649,0.22880515648962,0.563556375436997
A10,T2_pos-1_1,T2,pos-1,1,3,ED3048,0,0.00244074420154239,0,-0.00244074420154239,0,-66.4153595192932,0
A11,T2_pos-1_2,T2,pos-1,2,3,ED3048,0,0.00244074420154239,0,-0.00244074420154239,0,-66.4153595192932,0
A12,T2_pos-1_3,T2,pos-1,3,3,ED3048,0,0.00244074420154239,0,-0.00244074420154239,0,-66.4153595192932,0
A13,T2_pos-1_4,T2,pos-1,4,3,ED3048,0,0.00244074420154239,0,-0.00244074420154239,0,-66.4153595192932,0
A6,T2_ctrl_A,T2,ctrl,A,3,ED3048,0,0.00244074420154239,0,-0.00244074420154239,0,-66.4153595192932,0
A7,T2_ctrl_B,T2,ctrl,B,3,ED3048,0,0.00244074420154239,0,-0.00244074420154239,0,-66.4153595192932,0
A10,T2_pos-1_1,T2,pos-1,1,5,ED3048,0,0.00295427792344824,0,-0.00295427792344824,0,-66.6908439695978,0
A11,T2_pos-1_2,T2,pos-1,2,5,ED3048,0,0.00295427792344824,0,-0.00295427792344824,0,-66.6908439695978,0
A12,T2_pos-1_3,T2,pos-1,3,5,ED3048,0,0.00295427792344824,0,-0.00295427792344824,0,-66.6908439695978,0
A13,T2_pos-1_4,T2,pos-1,4,5,ED3048,0,0.00295427792344824,0,-0.00295427792344824,0,-66.6908439695978,0
A6,T2_ctrl_A,T2,ctrl,A,5,ED3048,0,0.00295427792344824,0,-0.00295427792344824,0,-66.6908439695978,0
A7,T2_ctrl_B,T2,ctrl,B,5,ED3048,0,0.00295427792344824,0,-0.00295427792344824,0,-66.6908439695978,0
A10,T2_pos-1_1,T2,pos-1,1,10,ED3048,0,0.00214103249851253,0,-0.00214103249851253,0,-66.2263451101051,0
A11,T2_pos-1_2,T2,pos-1,2,10,ED3048,0,0.00214103249851253,0,-0.00214103249851253,0,-66.2263451101051,0
A12,T2_pos-1_3,T2,pos-1,3,10,ED3048,0,0.00214103249851253,0,-0.00214103249851253,0,-66.2263451101051,0
A13,T2_pos-1_4,T2,pos-1,4,10,ED3048,0,0.00214103249851253,0,-0.00214103249851253,0,-66.2263451101051,0
A6,T2_ctrl_A,T2,ctrl,A,10,ED3048,0,0.00214103249851253,0,-0.00214103249851253,0,-66.2263451101051,0
A7,T2_ctrl_B,T2,ctrl,B,10,ED3048,0,0.00214103249851253,0,-0.00214103249851253,0,-66.2263451101051,0
A10,T2_pos-1_1,T2,pos-1,1,3,ED3049,0,0.0056413994918998,0.00899071453088373,-0.0056413994918998,-0.00899071453088373,-67.624091519732,-68.2964741931926
A11,T2_pos-1_2,T2,pos-1,2,3,ED3049,0,0.0056413994918998,0.00899071453088373,-0.0056413994918998,-0.00899071453088373,-67.624091519732,-68.2964741931926
A12,T2_pos-1_3,T2,pos-1,3,3,ED3049,0,0.0056413994918998,0.00899071453088373,-0.0056413994918998,-0.00899071453088373,-67.624091519732,-68.2964741931926
A13,T2_pos-1_4,T2,pos-1,4,3,ED3049,0.000907327360046387,0.0056413994918998,0.00899071453088373,-0.00473407213185341,-0.00808338717083734,-2.63635803570391,-3.30874070916449
A6,T2_ctrl_A,T2,ctrl,A,3,ED3049,0.0179814290617675,0.0056413994918998,0.00899071453088373,0.0123400295698676,0.00899071453088373,1.67238267346059,1
A7,T2_ctrl_B,T2,ctrl,B,3,ED3049,0,0.0056413994918998,0.00899071453088373,-0.0056413994918998,-0.00899071453088373,-67.624091519732,-68.2964741931926
A10,T2_pos-1_1,T2,pos-1,1,5,ED3049,0,0.00482354303554815,0.00883751477135144,-0.00482354303554815,-0.00883751477135144,-67.3981316538673,-68.2716791369939
A11,T2_pos-1_2,T2,pos-1,2,5,ED3049,0,0.00482354303554815,0.00883751477135144,-0.00482354303554815,-0.00883751477135144,-67.3981316538673,-68.2716791369939
A12,T2_pos-1_3,T2,pos-1,3,5,ED3049,0,0.00482354303554815,0.00883751477135144,-0.00482354303554815,-0.00883751477135144,-67.3981316538673,-68.2716791369939
A13,T2_pos-1_4,T2,pos-1,4,5,ED3049,0.000655184084945343,0.00482354303554815,0.00883751477135144,-0.0041683589506028,-0.0081823306864061,-2.88012102011149,-3.75366850323801
A6,T2_ctrl_A,T2,ctrl,A,5,ED3049,0.0176750295427029,0.00482354303554815,0.00883751477135144,0.0128514865071547,0.00883751477135144,1.87354748312652,1
A7,T2_ctrl_B,T2,ctrl,B,5,ED3049,0,0.00482354303554815,0.00883751477135144,-0.00482354303554815,-0.00883751477135144,-67.3981316538673,-68.2716791369939
A10,T2_pos-1_1,T2,pos-1,1,10,ED3049,0,0,0.00476072229576324,0,-0.00476072229576324,0,-67.3792188912166
A11,T2_pos-1_2,T2,pos-1,2,10,ED3049,0,0,0.00476072229576324,0,-0.00476072229576324,0,-67.3792188912166
A12,T2_pos-1_3,T2,pos-1,3,10,ED3049,0,0,0.00476072229576324,0,-0.00476072229576324,0,-67.3792188912166
A13,T2_pos-1_4,T2,pos-1,4,10,ED3049,0,0,0.00476072229576324,0,-0.00476072229576324,0,-67.3792188912166
A6,T2_ctrl_A,T2,ctrl,A,10,ED3049,0.00952144459152648,0,0.00476072229576324,0.00952144459152648,0.00476072229576324,68.3792188912165,1
A7,T2_ctrl_B,T2,ctrl,B,10,ED3049,0,0,0.00476072229576324,0,-0.00476072229576324,0,-67.3792188912166
A10,T2_pos-1_1,T2,pos-1,1,3,ED3052,0,0,0.00181993796081816,0,-0.00181993796081816,0,-65.9919276874682
A11,T2_pos-1_2,T2,pos-1,2,3,ED3052,0,0,0.00181993796081816,0,-0.00181993796081816,0,-65.9919276874682
A12,T2_pos-1_3,T2,pos-1,3,3,ED3052,0,0,0.00181993796081816,0,-0.00181993796081816,0,-65.9919276874682
A13,T2_pos-1_4,T2,pos-1,4,3,ED3052,0.000331613597247838,0,0.00181993796081816,0.000331613597247838,-0.00148832436357032,63.535613484095,-2.4563142033732
A6,T2_ctrl_A,T2,ctrl,A,3,ED3052,0,0,0.00181993796081816,0,-0.00181993796081816,0,-65.9919276874682
A7,T2_ctrl_B,T2,ctrl,B,3,ED3052,0.00363987592163631,0,0.00181993796081816,0.00363987592163631,0.00181993796081816,66.9919276874682,1
A10,T2_pos-1_1,T2,pos-1,1,5,ED3052,0,0,0.00175306132680828,0,-0.00175306132680828,0,-65.9379148820353
A11,T2_pos-1_2,T2,pos-1,2,5,ED3052,0,0,0.00175306132680828,0,-0.00175306132680828,0,-65.9379148820353
A12,T2_pos-1_3,T2,pos-1,3,5,ED3052,0,0,0.00175306132680828,0,-0.00175306132680828,0,-65.9379148820353
A13,T2_pos-1_4,T2,pos-1,4,5,ED3052,0,0,0.00175306132680828,0,-0.00175306132680828,0,-65.9379148820353
A6,T2_ctrl_A,T2,ctrl,A,5,ED3052,0,0,0.00175306132680828,0,-0.00175306132680828,0,-65.9379148820353
A7,T2_ctrl_B,T2,ctrl,B,5,ED3052,0.00350612265361657,0,0.00175306132680828,0.00350612265361657,0.00175306132680828,66.9379148820353,1
A10,T2_pos-1_1,T2,pos-1,1,10,ED3052,0,0,0.00157722864171175,0,-0.00157722864171175,0,-65.7854302301382
A11,T2_pos-1_2,T2,pos-1,2,10,ED3052,0,0,0.00157722864171175,0,-0.00157722864171175,0,-65.7854302301382
A12,T2_pos-1_3,T2,pos-1,3,10,ED3052,0,0,0.00157722864171175,0,-0.00157722864171175,0,-65.7854302301382
A13,T2_pos-1_4,T2,pos-1,4,10,ED3052,0,0,0.00157722864171175,0,-0.00157722864171175,0,-65.7854302301382
A6,T2_ctrl_A,T2,ctrl,A,10,ED3052,0,0,0.00157722864171175,0,-0.00157722864171175,0,-65.7854302301382
A7,T2_ctrl_B,T2,ctrl,B,10,ED3052,0.00315445728342349,0,0.00157722864171175,0.00315445728342349,0.00157722864171175,66.7854302301382,1
A10,T2_pos-1_1,T2,pos-1,1,3,ED3073,0,0,0,0,0,0,0
A11,T2_pos-1_2,T2,pos-1,2,3,ED3073,0,0,0,0,0,0,0
A12,T2_pos-1_3,T2,pos-1,3,3,ED3073,0,0,0,0,0,0,0
A13,T2_pos-1_4,T2,pos-1,4,3,ED3073,0,0,0,0,0,0,0
A6,T2_ctrl_A,T2,ctrl,A,3,ED3073,0,0,0,0,0,0,0
A7,T2_ctrl_B,T2,ctrl,B,3,ED3073,0,0,0,0,0,0,0
A10,T2_pos-1_1,T2,pos-1,1,5,ED3073,0,0,0,0,0,0,0
A11,T2_pos-1_2,T2,pos-1,2,5,ED3073,0,0,0,0,0,0,0
A12,T2_pos-1_3,T2,pos-1,3,5,ED3073,0,0,0,0,0,0,0
A13,T2_pos-1_4,T2,pos-1,4,5,ED3073,0,0,0,0,0,0,0
A6,T2_ctrl_A,T2,ctrl,A,5,ED3073,0,0,0,0,0,0,0
A7,T2_ctrl_B,T2,ctrl,B,5,ED3073,0,0,0,0,0,0,0
A10,T2_pos-1_1,T2,pos-1,1,10,ED3073,0,0,0.000425510340340166,0,-0.000425510340340166,0,-63.895304512123
A11,T2_pos-1_2,T2,pos-1,2,10,ED3073,0,0,0.000425510340340166,0,-0.000425510340340166,0,-63.895304512123
A12,T2_pos-1_3,T2,pos-1,3,10,ED3073,0,0,0.000425510340340166,0,-0.000425510340340166,0,-63.895304512123
A13,T2_pos-1_4,T2,pos-1,4,10,ED3073,0,0,0.000425510340340166,0,-0.000425510340340166,0,-63.895304512123
A6,T2_ctrl_A,T2,ctrl,A,10,ED3073,0.000851020680680331,0,0.000425510340340166,0.000851020680680331,0.000425510340340166,64.895304512123,1
A7,T2_ctrl_B,T2,ctrl,B,10,ED3073,0,0,0.000425510340340166,0,-0.000425510340340166,0,-63.895304512123
A10,T2_pos-1_1,T2,pos-1,1,3,ED3077,0,0.0124657631933909,0.0127373323909006,-0.0124657631933909,-0.0127373323909006,-68.7679377224629,-68.79902967284
A11,T2_pos-1_2,T2,pos-1,2,3,ED3077,0,0.0124657631933909,0.0127373323909006,-0.0124657631933909,-0.0127373323909006,-68.7679377224629,-68.79902967284
A12,T2_pos-1_3,T2,pos-1,3,3,ED3077,0,0.0124657631933909,0.0127373323909006,-0.0124657631933909,-0.0127373323909006,-68.7679377224629,-68.79902967284
A13,T2_pos-1_4,T2,pos-1,4,3,ED3077,0.00367075218116825,0.0124657631933909,0.0127373323909006,-0.00879501101222269,-0.00906658020973232,-1.76382358788089,-1.794915538258
A6,T2_ctrl_A,T2,ctrl,A,3,ED3077,0.0128195887774347,0.0124657631933909,0.0127373323909006,0.000353825584043729,8.22563865340974e-05,0.0403787725204935,0.00928682214338322
A7,T2_ctrl_B,T2,ctrl,B,3,ED3077,0.0126550760043665,0.0124657631933909,0.0127373323909006,0.000189312810975534,-8.22563865340974e-05,0.0217449601908237,-0.00934699018628671
A10,T2_pos-1_1,T2,pos-1,1,5,ED3077,0,0.0114343427389783,0.0124299951410498,-0.0114343427389783,-0.0124299951410498,-68.6433399507122,-68.7637922430164
A11,T2_pos-1_2,T2,pos-1,2,5,ED3077,0,0.0114343427389783,0.0124299951410498,-0.0114343427389783,-0.0124299951410498,-68.6433399507122,-68.7637922430164
A12,T2_pos-1_3,T2,pos-1,3,5,ED3077,0,0.0114343427389783,0.0124299951410498,-0.0114343427389783,-0.0124299951410498,-68.6433399507122,-68.7637922430164
A13,T2_pos-1_4,T2,pos-1,4,5,ED3077,0.00330261272754875,0.0114343427389783,0.0124299951410498,-0.00813173001142954,-0.00912738241350104,-1.7916937294264,-1.91214602173063
A6,T2_ctrl_A,T2,ctrl,A,5,ED3077,0.0126090667719483,0.0114343427389783,0.0124299951410498,0.00117472403297004,0.000179071630898534,0.141088062078949,0.0206357697747207
A7,T2_ctrl_B,T2,ctrl,B,5,ED3077,0.0122509235101513,0.0114343427389783,0.0124299951410498,0.000816580771172972,-0.000179071630898532,0.0995170677350395,-0.0209352245691886
A10,T2_pos-1_1,T2,pos-1,1,10,ED3077,0,0.0108903024349136,0.0116152771399106,-0.0108903024349136,-0.0116152771399106,-68.5730105303211,-68.6659900877692
A11,T2_pos-1_2,T2,pos-1,2,10,ED3077,0,0.0108903024349136,0.0116152771399106,-0.0108903024349136,-0.0116152771399106,-68.5730105303211,-68.6659900877692
A12,T2_pos-1_3,T2,pos-1,3,10,ED3077,0,0.0108903024349136,0.0116152771399106,-0.0108903024349136,-0.0116152771399106,-68.5730105303211,-68.6659900877692
A13,T2_pos-1_4,T2,pos-1,4,10,ED3077,0.00302918162354228,0.0108903024349136,0.0116152771399106,-0.00786112081137129,-0.00858609551636828,-1.84604403285132,-1.93902359029947
A6,T2_ctrl_A,T2,ctrl,A,10,ED3077,0.0124634348306865,0.0108903024349136,0.0116152771399106,0.00157313239577298,0.000848157690775982,0.194657699530463,0.101678142082314
A7,T2_ctrl_B,T2,ctrl,B,10,ED3077,0.0107671194491346,0.0108903024349136,0.0116152771399106,-0.000123182985778987,-0.000848157690775982,-0.0164116855754545,-0.109391243023603
A10,T2_pos-1_1,T2,pos-1,1,3,EG4347,0,0,0.00545341556811092,0,-0.00545341556811092,0,-67.5751985134247
A11,T2_pos-1_2,T2,pos-1,2,3,EG4347,0,0,0.00545341556811092,0,-0.00545341556811092,0,-67.5751985134247
A12,T2_pos-1_3,T2,pos-1,3,3,EG4347,0,0,0.00545341556811092,0,-0.00545341556811092,0,-67.5751985134247
A13,T2_pos-1_4,T2,pos-1,4,3,EG4347,0,0,0.00545341556811092,0,-0.00545341556811092,0,-67.5751985134247
A6,T2_ctrl_A,T2,ctrl,A,3,EG4347,0,0,0.00545341556811092,0,-0.00545341556811092,0,-67.5751985134247
A7,T2_ctrl_B,T2,ctrl,B,3,EG4347,0.0109068311362218,0,0.00545341556811092,0.0109068311362218,0.00545341556811092,68.5751985134247,1
A10,T2_pos-1_1,T2,pos-1,1,5,EG4347,0,0.000628992646950052,0.00562474692056355,-0.000628992646950052,-0.00562474692056355,-64.4591534726176,-67.6198266009743
A11,T2_pos-1_2,T2,pos-1,2,5,EG4347,0,0.000628992646950052,0.00562474692056355,-0.000628992646950052,-0.00562474692056355,-64.4591534726176,-67.6198266009743
A12,T2_pos-1_3,T2,pos-1,3,5,EG4347,0,0.000628992646950052,0.00562474692056355,-0.000628992646950052,-0.00562474692056355,-64.4591534726176,-67.6198266009743
A13,T2_pos-1_4,T2,pos-1,4,5,EG4347,0,0.000628992646950052,0.00562474692056355,-0.000628992646950052,-0.00562474692056355,-64.4591534726176,-67.6198266009743
A6,T2_ctrl_A,T2,ctrl,A,5,EG4347,0,0.000628992646950052,0.00562474692056355,-0.000628992646950052,-0.00562474692056355,-64.4591534726176,-67.6198266009743
A7,T2_ctrl_B,T2,ctrl,B,5,EG4347,0.0112494938411271,0.000628992646950052,0.00562474692056355,0.010620501194177,0.00562474692056355,4.16067312835672,1
A10,T2_pos-1_1,T2,pos-1,1,10,EG4347,0,0.000137070363920582,0.00535689443782076,-0.000137070363920582,-0.00535689443782076,-62.2610269995358,-67.5494352824955
A11,T2_pos-1_2,T2,pos-1,2,10,EG4347,0,0.000137070363920582,0.00535689443782076,-0.000137070363920582,-0.00535689443782076,-62.2610269995358,-67.5494352824955
A12,T2_pos-1_3,T2,pos-1,3,10,EG4347,0,0.000137070363920582,0.00535689443782076,-0.000137070363920582,-0.00535689443782076,-62.2610269995358,-67.5494352824955
A13,T2_pos-1_4,T2,pos-1,4,10,EG4347,0,0.000137070363920582,0.00535689443782076,-0.000137070363920582,-0.00535689443782076,-62.2610269995358,-67.5494352824955
A6,T2_ctrl_A,T2,ctrl,A,10,EG4347,0,0.000137070363920582,0.00535689443782076,-0.000137070363920582,-0.00535689443782076,-62.2610269995358,-67.5494352824955
A7,T2_ctrl_B,T2,ctrl,B,10,EG4347,0.0107137888756415,0.000137070363920582,0.00535689443782076,0.0105767185117209,0.00535689443782076,6.28840828295972,1
A10,T2_pos-1_1,T2,pos-1,1,3,EG4349,0,0.00246825010568875,0,-0.00246825010568875,0,-66.4315270046542,0
A11,T2_pos-1_2,T2,pos-1,2,3,EG4349,0,0.00246825010568875,0,-0.00246825010568875,0,-66.4315270046542,0
A12,T2_pos-1_3,T2,pos-1,3,3,EG4349,0,0.00246825010568875,0,-0.00246825010568875,0,-66.4315270046542,0
A13,T2_pos-1_4,T2,pos-1,4,3,EG4349,0,0.00246825010568875,0,-0.00246825010568875,0,-66.4315270046542,0
A6,T2_ctrl_A,T2,ctrl,A,3,EG4349,0,0.00246825010568875,0,-0.00246825010568875,0,-66.4315270046542,0
A7,T2_ctrl_B,T2,ctrl,B,3,EG4349,0,0.00246825010568875,0,-0.00246825010568875,0,-66.4315270046542,0
A10,T2_pos-1_1,T2,pos-1,1,5,EG4349,0,0.00248134544378235,0.000146111278655153,-0.00248134544378235,-0.000146111278655153,-66.4391610116029,-62.3531778680928
A11,T2_pos-1_2,T2,pos-1,2,5,EG4349,0,0.00248134544378235,0.000146111278655153,-0.00248134544378235,-0.000146111278655153,-66.4391610116029,-62.3531778680928
A12,T2_pos-1_3,T2,pos-1,3,5,EG4349,0,0.00248134544378235,0.000146111278655153,-0.00248134544378235,-0.000146111278655153,-66.4391610116029,-62.3531778680928
A13,T2_pos-1_4,T2,pos-1,4,5,EG4349,0,0.00248134544378235,0.000146111278655153,-0.00248134544378235,-0.000146111278655153,-66.4391610116029,-62.3531778680928
A6,T2_ctrl_A,T2,ctrl,A,5,EG4349,0,0.00248134544378235,0.000146111278655153,-0.00248134544378235,-0.000146111278655153,-66.4391610116029,-62.3531778680928
A7,T2_ctrl_B,T2,ctrl,B,5,EG4349,0.000292222557310306,0.00248134544378235,0.000146111278655153,-0.00218912288647205,0.000146111278655153,-3.08598314351005,1
A10,T2_pos-1_1,T2,pos-1,1,10,EG4349,0,0.00144286270457114,0.000637685712859872,-0.00144286270457114,-0.000637685712859872,-65.6569724425808,-64.4789558792567
A11,T2_pos-1_2,T2,pos-1,2,10,EG4349,0,0.00144286270457114,0.000637685712859872,-0.00144286270457114,-0.000637685712859872,-65.6569724425808,-64.4789558792567
A12,T2_pos-1_3,T2,pos-1,3,10,EG4349,0,0.00144286270457114,0.000637685712859872,-0.00144286270457114,-0.000637685712859872,-65.6569724425808,-64.4789558792567
A13,T2_pos-1_4,T2,pos-1,4,10,EG4349,0,0.00144286270457114,0.000637685712859872,-0.00144286270457114,-0.000637685712859872,-65.6569724425808,-64.4789558792567
A6,T2_ctrl_A,T2,ctrl,A,10,EG4349,0,0.00144286270457114,0.000637685712859872,-0.00144286270457114,-0.000637685712859872,-65.6569724425808,-64.4789558792567
A7,T2_ctrl_B,T2,ctrl,B,10,EG4349,0.00127537142571974,0.00144286270457114,0.000637685712859872,-0.000167491278851392,0.000637685712859872,-0.178016563324168,1
A10,T2_pos-1_1,T2,pos-1,1,3,EG4724,0,0.0033168516027569,0.000987401386090271,-0.0033168516027569,-0.000987401386090271,-66.8578528825228,-65.1097469911092
A11,T2_pos-1_2,T2,pos-1,2,3,EG4724,0,0.0033168516027569,0.000987401386090271,-0.0033168516027569,-0.000987401386090271,-66.8578528825228,-65.1097469911092
A12,T2_pos-1_3,T2,pos-1,3,3,EG4724,0,0.0033168516027569,0.000987401386090271,-0.0033168516027569,-0.000987401386090271,-66.8578528825228,-65.1097469911092
A13,T2_pos-1_4,T2,pos-1,4,3,EG4724,0.00104350998747536,0.0033168516027569,0.000987401386090271,-0.00227334161528154,5.61086013850885e-05,-1.66837005817208,0.0797358332415196
A6,T2_ctrl_A,T2,ctrl,A,3,EG4724,0,0.0033168516027569,0.000987401386090271,-0.0033168516027569,-0.000987401386090271,-66.8578528825228,-65.1097469911092
A7,T2_ctrl_B,T2,ctrl,B,3,EG4724,0.00197480277218054,0.0033168516027569,0.000987401386090271,-0.00134204883057635,0.000987401386090271,-0.748105891413596,1
A10,T2_pos-1_1,T2,pos-1,1,5,EG4724,0,0.00341969341493654,0.000939747145979869,-0.00341969341493654,-0.000939747145979869,-66.9019054049655,-65.038382949606
A11,T2_pos-1_2,T2,pos-1,2,5,EG4724,0,0.00341969341493654,0.000939747145979869,-0.00341969341493654,-0.000939747145979869,-66.9019054049655,-65.038382949606
A12,T2_pos-1_3,T2,pos-1,3,5,EG4724,0,0.00341969341493654,0.000939747145979869,-0.00341969341493654,-0.000939747145979869,-66.9019054049655,-65.038382949606
A13,T2_pos-1_4,T2,pos-1,4,5,EG4724,0.00140079253147487,0.00341969341493654,0.000939747145979869,-0.00201890088346167,0.000461045385495,-1.28762369229961,0.575898763059891
A6,T2_ctrl_A,T2,ctrl,A,5,EG4724,0,0.00341969341493654,0.000939747145979869,-0.00341969341493654,-0.000939747145979869,-66.9019054049655,-65.038382949606
A7,T2_ctrl_B,T2,ctrl,B,5,EG4724,0.00187949429195974,0.00341969341493654,0.000939747145979869,-0.0015401991229768,0.000939747145979869,-0.863522455359504,1
A10,T2_pos-1_1,T2,pos-1,1,10,EG4724,0,0.00300582008768414,0.000676956569298384,-0.00300582008768414,-0.000676956569298384,-66.7157970755242,-64.5651736002987
A11,T2_pos-1_2,T2,pos-1,2,10,EG4724,0,0.00300582008768414,0.000676956569298384,-0.00300582008768414,-0.000676956569298384,-66.7157970755242,-64.5651736002987
A12,T2_pos-1_3,T2,pos-1,3,10,EG4724,0,0.00300582008768414,0.000676956569298384,-0.00300582008768414,-0.000676956569298384,-66.7157970755242,-64.5651736002987
A13,T2_pos-1_4,T2,pos-1,4,10,EG4724,0.000883800540443831,0.00300582008768414,0.000676956569298384,-0.00212201954724031,0.000206843971145447,-1.76596594141307,0.384657533812379
A6,T2_ctrl_A,T2,ctrl,A,10,EG4724,0,0.00300582008768414,0.000676956569298384,-0.00300582008768414,-0.000676956569298384,-66.7157970755242,-64.5651736002987
A7,T2_ctrl_B,T2,ctrl,B,10,EG4724,0.00135391313859677,0.00300582008768414,0.000676956569298384,-0.00165190694908738,0.000676956569298384,-1.15062347522545,1
A10,T2_pos-1_1,T2,pos-1,1,3,EG4946,0,0,0,0,0,0,0
A11,T2_pos-1_2,T2,pos-1,2,3,EG4946,0,0,0,0,0,0,0
A12,T2_pos-1_3,T2,pos-1,3,3,EG4946,0,0,0,0,0,0,0
A13,T2_pos-1_4,T2,pos-1,4,3,EG4946,0,0,0,0,0,0,0
A6,T2_ctrl_A,T2,ctrl,A,3,EG4946,0,0,0,0,0,0,0
A7,T2_ctrl_B,T2,ctrl,B,3,EG4946,0,0,0,0,0,0,0
A10,T2_pos-1_1,T2,pos-1,1,5,EG4946,0,0,0,0,0,0,0
A11,T2_pos-1_2,T2,pos-1,2,5,EG4946,0,0,0,0,0,0,0
A12,T2_pos-1_3,T2,pos-1,3,5,EG4946,0,0,0,0,0,0,0
A13,T2_pos-1_4,T2,pos-1,4,5,EG4946,0,0,0,0,0,0,0
A6,T2_ctrl_A,T2,ctrl,A,5,EG4946,0,0,0,0,0,0,0
A7,T2_ctrl_B,T2,ctrl,B,5,EG4946,0,0,0,0,0,0,0
A10,T2_pos-1_1,T2,pos-1,1,10,EG4946,0,0,0.00120921521455768,0,-0.00120921521455768,0,-65.4021094521298
A11,T2_pos-1_2,T2,pos-1,2,10,EG4946,0,0,0.00120921521455768,0,-0.00120921521455768,0,-65.4021094521298
A12,T2_pos-1_3,T2,pos-1,3,10,EG4946,0.00043635666282224,0,0.00120921521455768,0.00043635666282224,-0.000772858551735439,63.9316181469517,-1.47049130517809
A13,T2_pos-1_4,T2,pos-1,4,10,EG4946,0,0,0.00120921521455768,0,-0.00120921521455768,0,-65.4021094521298
A6,T2_ctrl_A,T2,ctrl,A,10,EG4946,0.00241843042911536,0,0.00120921521455768,0.00241843042911536,0.00120921521455768,66.4021094521298,1
A7,T2_ctrl_B,T2,ctrl,B,10,EG4946,0,0,0.00120921521455768,0,-0.00120921521455768,0,-65.4021094521298
A10,T2_pos-1_1,T2,pos-1,1,3,GXW1,0,0.0016026831706301,0.00962105273766962,-0.0016026831706301,-0.00962105273766962,-65.8085276675524,-68.3942331783312
A11,T2_pos-1_2,T2,pos-1,2,3,GXW1,0,0.0016026831706301,0.00962105273766962,-0.0016026831706301,-0.00962105273766962,-65.8085276675524,-68.3942331783312
A12,T2_pos-1_3,T2,pos-1,3,3,GXW1,0,0.0016026831706301,0.00962105273766962,-0.0016026831706301,-0.00962105273766962,-65.8085276675524,-68.3942331783312
A13,T2_pos-1_4,T2,pos-1,4,3,GXW1,0,0.0016026831706301,0.00962105273766962,-0.0016026831706301,-0.00962105273766962,-65.8085276675524,-68.3942331783312
A6,T2_ctrl_A,T2,ctrl,A,3,GXW1,0.00766154321240241,0.0016026831706301,0.00962105273766962,0.00605886004177232,-0.00195950952526721,2.25714576178718,-0.328559748991629
A7,T2_ctrl_B,T2,ctrl,B,3,GXW1,0.0115805622629368,0.0016026831706301,0.00962105273766962,0.00997787909230673,0.00195950952526721,2.8531441442211,0.26743863344229
A10,T2_pos-1_1,T2,pos-1,1,5,GXW1,0,0.00103516711548546,0.00882079949434796,-0.00103516711548546,-0.00882079949434796,-65.1779021082704,-68.2689478395348
A11,T2_pos-1_2,T2,pos-1,2,5,GXW1,0,0.00103516711548546,0.00882079949434796,-0.00103516711548546,-0.00882079949434796,-65.1779021082704,-68.2689478395348
A12,T2_pos-1_3,T2,pos-1,3,5,GXW1,0,0.00103516711548546,0.00882079949434796,-0.00103516711548546,-0.00882079949434796,-65.1779021082704,-68.2689478395348
A13,T2_pos-1_4,T2,pos-1,4,5,GXW1,0,0.00103516711548546,0.00882079949434796,-0.00103516711548546,-0.00882079949434796,-65.1779021082704,-68.2689478395348
A6,T2_ctrl_A,T2,ctrl,A,5,GXW1,0.0068541784414223,0.00103516711548546,0.00882079949434796,0.00581901132593685,-0.00196662105292566,2.72712005883931,-0.363925672425089
A7,T2_ctrl_B,T2,ctrl,B,5,GXW1,0.0107874205472736,0.00103516711548546,0.00882079949434796,0.00975225343178816,0.00196662105292566,3.38141433585569,0.290368604591288
A10,T2_pos-1_1,T2,pos-1,1,10,GXW1,0,0.000615183595584658,0.00888950554231789,-0.000615183595584658,-0.00888950554231789,-64.4271273538801,-68.2801415904891
A11,T2_pos-1_2,T2,pos-1,2,10,GXW1,0,0.000615183595584658,0.00888950554231789,-0.000615183595584658,-0.00888950554231789,-64.4271273538801,-68.2801415904891
A12,T2_pos-1_3,T2,pos-1,3,10,GXW1,0,0.000615183595584658,0.00888950554231789,-0.000615183595584658,-0.00888950554231789,-64.4271273538801,-68.2801415904891
A13,T2_pos-1_4,T2,pos-1,4,10,GXW1,0,0.000615183595584658,0.00888950554231789,-0.000615183595584658,-0.00888950554231789,-64.4271273538801,-68.2801415904891
A6,T2_ctrl_A,T2,ctrl,A,10,GXW1,0.00646279159587141,0.000615183595584658,0.00888950554231789,0.00584760800028675,-0.00242671394644648,3.393068531932,-0.459945704677066
A7,T2_ctrl_B,T2,ctrl,B,10,GXW1,0.0113162194887644,0.000615183595584658,0.00888950554231789,0.0107010358931797,0.00242671394644648,4.20123122125391,0.348216984644847
A10,T2_pos-1_1,T2,pos-1,1,3,JU1088,0,0.000184805585754639,0,-0.000184805585754639,0,-62.6921186837242,0
A11,T2_pos-1_2,T2,pos-1,2,3,JU1088,0,0.000184805585754639,0,-0.000184805585754639,0,-62.6921186837242,0
A12,T2_pos-1_3,T2,pos-1,3,3,JU1088,0,0.000184805585754639,0,-0.000184805585754639,0,-62.6921186837242,0
A13,T2_pos-1_4,T2,pos-1,4,3,JU1088,0,0.000184805585754639,0,-0.000184805585754639,0,-62.6921186837242,0
A6,T2_ctrl_A,T2,ctrl,A,3,JU1088,0,0.000184805585754639,0,-0.000184805585754639,0,-62.6921186837242,0
A7,T2_ctrl_B,T2,ctrl,B,3,JU1088,0,0.000184805585754639,0,-0.000184805585754639,0,-62.6921186837242,0
A10,T2_pos-1_1,T2,pos-1,1,5,JU1088,0,0.000708335055735566,0,-0.000708335055735566,0,-64.6305422643163,0
A11,T2_pos-1_2,T2,pos-1,2,5,JU1088,0,0.000708335055735566,0,-0.000708335055735566,0,-64.6305422643163,0
A12,T2_pos-1_3,T2,pos-1,3,5,JU1088,0,0.000708335055735566,0,-0.000708335055735566,0,-64.6305422643163,0
A13,T2_pos-1_4,T2,pos-1,4,5,JU1088,0,0.000708335055735566,0,-0.000708335055735566,0,-64.6305422643163,0
A6,T2_ctrl_A,T2,ctrl,A,5,JU1088,0,0.000708335055735566,0,-0.000708335055735566,0,-64.6305422643163,0
A7,T2_ctrl_B,T2,ctrl,B,5,JU1088,0,0.000708335055735566,0,-0.000708335055735566,0,-64.6305422643163,0
A10,T2_pos-1_1,T2,pos-1,1,10,JU1088,0,0.000372531403810372,0,-0.000372531403810372,0,-63.7034723684282,0
A11,T2_pos-1_2,T2,pos-1,2,10,JU1088,0,0.000372531403810372,0,-0.000372531403810372,0,-63.7034723684282,0
A12,T2_pos-1_3,T2,pos-1,3,10,JU1088,0,0.000372531403810372,0,-0.000372531403810372,0,-63.7034723684282,0
A13,T2_pos-1_4,T2,pos-1,4,10,JU1088,0,0.000372531403810372,0,-0.000372531403810372,0,-63.7034723684282,0
A6,T2_ctrl_A,T2,ctrl,A,10,JU1088,0,0.000372531403810372,0,-0.000372531403810372,0,-63.7034723684282,0
A7,T2_ctrl_B,T2,ctrl,B,10,JU1088,0,0.000372531403810372,0,-0.000372531403810372,0,-63.7034723684282,0
A10,T2_pos-1_1,T2,pos-1,1,3,JU1172,0.00116665661722095,0.00209781351161785,0.00384864981151817,-0.000931156894396903,-0.00268199319429722,-0.84650643882354,-1.72197241217938
A11,T2_pos-1_2,T2,pos-1,2,3,JU1172,0,0.00209781351161785,0.00384864981151817,-0.00209781351161785,-0.00384864981151817,-66.1969248487002,-67.072390822056
A12,T2_pos-1_3,T2,pos-1,3,3,JU1172,0,0.00209781351161785,0.00384864981151817,-0.00209781351161785,-0.00384864981151817,-66.1969248487002,-67.072390822056
A13,T2_pos-1_4,T2,pos-1,4,3,JU1172,0.000337823108636316,0.00209781351161785,0.00384864981151817,-0.00175999040298154,-0.00351082670288186,-2.63454650947816,-3.51001248283401
A6,T2_ctrl_A,T2,ctrl,A,3,JU1172,0.00728047368066893,0.00209781351161785,0.00384864981151817,0.00518266016905108,0.00343182386915076,1.79514588479858,0.919679911442735
A7,T2_ctrl_B,T2,ctrl,B,3,JU1172,0.000416825942367416,0.00209781351161785,0.00384864981151817,-0.00168098756925044,-0.00343182386915076,-2.33136945718508,-3.20683543054092
A10,T2_pos-1_1,T2,pos-1,1,5,JU1172,0.000360345761348848,0.00159166035426593,0.00349121999088858,-0.00123131459291708,-0.00313087422953973,-2.14307873030152,-3.27627748721581
A11,T2_pos-1_2,T2,pos-1,2,5,JU1172,0,0.00159166035426593,0.00349121999088858,-0.00159166035426593,-0.00349121999088858,-65.7985709265182,-66.9317696834325
A12,T2_pos-1_3,T2,pos-1,3,5,JU1172,0,0.00159166035426593,0.00349121999088858,-0.00159166035426593,-0.00349121999088858,-65.7985709265182,-66.9317696834325
A13,T2_pos-1_4,T2,pos-1,4,5,JU1172,0,0.00159166035426593,0.00349121999088858,-0.00159166035426593,-0.00349121999088858,-65.7985709265182,-66.9317696834325
A6,T2_ctrl_A,T2,ctrl,A,5,JU1172,0.00698243998177715,0.00159166035426593,0.00349121999088858,0.00539077962751123,0.00349121999088858,2.13319875691429,1
A7,T2_ctrl_B,T2,ctrl,B,5,JU1172,0,0.00159166035426593,0.00349121999088858,-0.00159166035426593,-0.00349121999088858,-65.7985709265182,-66.9317696834325
A10,T2_pos-1_1,T2,pos-1,1,10,JU1172,0,0.0014960628388468,0.00278984497739952,-0.0014960628388468,-0.00278984497739952,-65.709209189443,-66.6082233741118
A11,T2_pos-1_2,T2,pos-1,2,10,JU1172,0,0.0014960628388468,0.00278984497739952,-0.0014960628388468,-0.00278984497739952,-65.709209189443,-66.6082233741118
A12,T2_pos-1_3,T2,pos-1,3,10,JU1172,0,0.0014960628388468,0.00278984497739952,-0.0014960628388468,-0.00278984497739952,-65.709209189443,-66.6082233741118
A13,T2_pos-1_4,T2,pos-1,4,10,JU1172,0,0.0014960628388468,0.00278984497739952,-0.0014960628388468,-0.00278984497739952,-65.709209189443,-66.6082233741118
A6,T2_ctrl_A,T2,ctrl,A,10,JU1172,0.00557968995479903,0.0014960628388468,0.00278984497739952,0.00408362711595223,0.00278984497739952,1.89901418466886,1
A7,T2_ctrl_B,T2,ctrl,B,10,JU1172,0,0.0014960628388468,0.00278984497739952,-0.0014960628388468,-0.00278984497739952,-65.709209189443,-66.6082233741118
A10,T2_pos-1_1,T2,pos-1,1,3,JU1200,0,0.000949812582118416,0,-0.000949812582118416,0,-65.053753188438,0
A11,T2_pos-1_2,T2,pos-1,2,3,JU1200,0,0.000949812582118416,0,-0.000949812582118416,0,-65.053753188438,0
A12,T2_pos-1_3,T2,pos-1,3,3,JU1200,0,0.000949812582118416,0,-0.000949812582118416,0,-65.053753188438,0
A13,T2_pos-1_4,T2,pos-1,4,3,JU1200,0,0.000949812582118416,0,-0.000949812582118416,0,-65.053753188438,0
A6,T2_ctrl_A,T2,ctrl,A,3,JU1200,0,0.000949812582118416,0,-0.000949812582118416,0,-65.053753188438,0
A7,T2_ctrl_B,T2,ctrl,B,3,JU1200,0,0.000949812582118416,0,-0.000949812582118416,0,-65.053753188438,0
A10,T2_pos-1_1,T2,pos-1,1,5,JU1200,0,0.00136234968438343,0,-0.00136234968438343,0,-65.5741354737996,0
A11,T2_pos-1_2,T2,pos-1,2,5,JU1200,0,0.00136234968438343,0,-0.00136234968438343,0,-65.5741354737996,0
A12,T2_pos-1_3,T2,pos-1,3,5,JU1200,0,0.00136234968438343,0,-0.00136234968438343,0,-65.5741354737996,0
A13,T2_pos-1_4,T2,pos-1,4,5,JU1200,0,0.00136234968438343,0,-0.00136234968438343,0,-65.5741354737996,0
A6,T2_ctrl_A,T2,ctrl,A,5,JU1200,0,0.00136234968438343,0,-0.00136234968438343,0,-65.5741354737996,0
A7,T2_ctrl_B,T2,ctrl,B,5,JU1200,0,0.00136234968438343,0,-0.00136234968438343,0,-65.5741354737996,0
A10,T2_pos-1_1,T2,pos-1,1,10,JU1200,0,0.00321625738234112,0.00228945447372522,-0.00321625738234112,-0.00228945447372522,-66.8134212791058,-66.3230422927036
A11,T2_pos-1_2,T2,pos-1,2,10,JU1200,0,0.00321625738234112,0.00228945447372522,-0.00321625738234112,-0.00228945447372522,-66.8134212791058,-66.3230422927036
A12,T2_pos-1_3,T2,pos-1,3,10,JU1200,0,0.00321625738234112,0.00228945447372522,-0.00321625738234112,-0.00228945447372522,-66.8134212791058,-66.3230422927036
A13,T2_pos-1_4,T2,pos-1,4,10,JU1200,5.86342326427014e-05,0.00321625738234112,0.00228945447372522,-0.00315762314969842,-0.00223082024108252,-5.77749584853604,-5.28711686213385
A6,T2_ctrl_A,T2,ctrl,A,10,JU1200,0,0.00321625738234112,0.00228945447372522,-0.00321625738234112,-0.00228945447372522,-66.8134212791058,-66.3230422927036
A7,T2_ctrl_B,T2,ctrl,B,10,JU1200,0.00457890894745044,0.00321625738234112,0.00228945447372522,0.00136265156510932,0.00228945447372522,0.509621013597811,1
A10,T2_pos-1_1,T2,pos-1,1,3,JU1212,0.00458084216978799,0,0,0.00458084216978799,0.00458084216978799,67.3236512722021,67.3236512722021
A11,T2_pos-1_2,T2,pos-1,2,3,JU1212,0,0,0,0,0,0,0
A12,T2_pos-1_3,T2,pos-1,3,3,JU1212,0.00070645159524735,0,0,0.00070645159524735,0.00070645159524735,64.6267010339662,64.6267010339662
A13,T2_pos-1_4,T2,pos-1,4,3,JU1212,0.00112677890454268,0,0,0.00112677890454268,0.00112677890454268,65.300242874762,65.300242874762
A6,T2_ctrl_A,T2,ctrl,A,3,JU1212,0,0,0,0,0,0,0
A7,T2_ctrl_B,T2,ctrl,B,3,JU1212,0,0,0,0,0,0,0
A10,T2_pos-1_1,T2,pos-1,1,5,JU1212,0.00440635145616909,0,2.69874316421492e-05,0.00440635145616909,0.00437936402452694,67.2676229865062,7.35115307660921
A11,T2_pos-1_2,T2,pos-1,2,5,JU1212,0,0,2.69874316421492e-05,0,-2.69874316421492e-05,0,-59.9164699098969
A12,T2_pos-1_3,T2,pos-1,3,5,JU1212,0.000774750755016267,0,2.69874316421492e-05,0.000774750755016267,0.000747763323374118,64.759842576567,4.84337266667009
A13,T2_pos-1_4,T2,pos-1,4,5,JU1212,0.00126967475127812,0,2.69874316421492e-05,0.00126967475127812,0.00124268731963597,65.4724973892173,5.55602747932034
A6,T2_ctrl_A,T2,ctrl,A,5,JU1212,5.39748632842984e-05,0,2.69874316421492e-05,5.39748632842984e-05,2.69874316421492e-05,60.916469909897,1
A7,T2_ctrl_B,T2,ctrl,B,5,JU1212,0,0,2.69874316421492e-05,0,-2.69874316421492e-05,0,-59.9164699098969
A10,T2_pos-1_1,T2,pos-1,1,10,JU1212,0.00491908355666792,0,0.000117754885362371,0.00491908355666792,0.00480132867130555,67.4264279769098,5.38453074113099
A11,T2_pos-1_2,T2,pos-1,2,10,JU1212,0,0,0.000117754885362371,0,-0.000117754885362371,0,-62.0418972357788
A12,T2_pos-1_3,T2,pos-1,3,10,JU1212,0.00151128920162862,0,0.000117754885362371,0.00151128920162862,0.00139353431626625,65.7238181780065,3.68192094222766
A13,T2_pos-1_4,T2,pos-1,4,10,JU1212,0.00222586220215344,0,0.000117754885362371,0.00222586220215344,0.00210810731679107,66.2824026973137,4.2405054615349
A6,T2_ctrl_A,T2,ctrl,A,10,JU1212,0.000235509770724741,0,0.000117754885362371,0.000235509770724741,0.000117754885362371,63.0418972357788,1
A7,T2_ctrl_B,T2,ctrl,B,10,JU1212,0,0,0.000117754885362371,0,-0.000117754885362371,0,-62.0418972357788
A10,T2_pos-1_1,T2,pos-1,1,3,JU1213,0,0,0,0,0,0,0
A11,T2_pos-1_2,T2,pos-1,2,3,JU1213,0,0,0,0,0,0,0
A12,T2_pos-1_3,T2,pos-1,3,3,JU1213,0,0,0,0,0,0,0
A13,T2_pos-1_4,T2,pos-1,4,3,JU1213,0,0,0,0,0,0,0
A6,T2_ctrl_A,T2,ctrl,A,3,JU1213,0,0,0,0,0,0,0
A7,T2_ctrl_B,T2,ctrl,B,3,JU1213,0,0,0,0,0,0,0
A10,T2_pos-1_1,T2,pos-1,1,5,JU1213,0,0,0,0,0,0,0
A11,T2_pos-1_2,T2,pos-1,2,5,JU1213,0,0,0,0,0,0,0
A12,T2_pos-1_3,T2,pos-1,3,5,JU1213,0,0,0,0,0,0,0
A13,T2_pos-1_4,T2,pos-1,4,5,JU1213,0,0,0,0,0,0,0
A6,T2_ctrl_A,T2,ctrl,A,5,JU1213,0,0,0,0,0,0,0
A7,T2_ctrl_B,T2,ctrl,B,5,JU1213,0,0,0,0,0,0,0
A10,T2_pos-1_1,T2,pos-1,1,10,JU1213,0,0,0,0,0,0,0
A11,T2_pos-1_2,T2,pos-1,2,10,JU1213,0,0,0,0,0,0,0
A12,T2_pos-1_3,T2,pos-1,3,10,JU1213,0,0,0,0,0,0,0
A13,T2_pos-1_4,T2,pos-1,4,10,JU1213,0,0,0,0,0,0,0
A6,T2_ctrl_A,T2,ctrl,A,10,JU1213,0,0,0,0,0,0,0
A7,T2_ctrl_B,T2,ctrl,B,10,JU1213,0,0,0,0,0,0,0
A10,T2_pos-1_1,T2,pos-1,1,3,JU1242,0,0,0,0,0,0,0
A11,T2_pos-1_2,T2,pos-1,2,3,JU1242,0,0,0,0,0,0,0
A12,T2_pos-1_3,T2,pos-1,3,3,JU1242,0.000474477764832165,0,0,0.000474477764832165,0.000474477764832165,64.0524508014835,64.0524508014835
A13,T2_pos-1_4,T2,pos-1,4,3,JU1242,0,0,0,0,0,0,0
A6,T2_ctrl_A,T2,ctrl,A,3,JU1242,0,0,0,0,0,0,0
A7,T2_ctrl_B,T2,ctrl,B,3,JU1242,0,0,0,0,0,0,0
A10,T2_pos-1_1,T2,pos-1,1,5,JU1242,0.000416033273228955,0,0,0.000416033273228955,0.000416033273228955,63.8628092366813,63.8628092366813
A11,T2_pos-1_2,T2,pos-1,2,5,JU1242,0,0,0,0,0,0,0
A12,T2_pos-1_3,T2,pos-1,3,5,JU1242,0.00119429058766396,0,0,0.00119429058766396,0.00119429058766396,65.3841923229645,65.3841923229645
A13,T2_pos-1_4,T2,pos-1,4,5,JU1242,0,0,0,0,0,0,0
A6,T2_ctrl_A,T2,ctrl,A,5,JU1242,0,0,0,0,0,0,0
A7,T2_ctrl_B,T2,ctrl,B,5,JU1242,0,0,0,0,0,0,0
A10,T2_pos-1_1,T2,pos-1,1,10,JU1242,0,0,0,0,0,0,0
A11,T2_pos-1_2,T2,pos-1,2,10,JU1242,0,0,0,0,0,0,0
A12,T2_pos-1_3,T2,pos-1,3,10,JU1242,0,0,0,0,0,0,0
A13,T2_pos-1_4,T2,pos-1,4,10,JU1242,0,0,0,0,0,0,0
A6,T2_ctrl_A,T2,ctrl,A,10,JU1242,0,0,0,0,0,0,0
A7,T2_ctrl_B,T2,ctrl,B,10,JU1242,0,0,0,0,0,0,0
A10,T2_pos-1_1,T2,pos-1,1,3,JU1246,0.0771701087277642,0.00188689088431677,0.00986142473994658,0.0752832178434474,0.0673086839878176,5.35395923654442,2.96817413672071
A11,T2_pos-1_2,T2,pos-1,2,3,JU1246,0.0755501956117274,0.00188689088431677,0.00986142473994658,0.0736633047274106,0.0656887708717808,5.32335258889839,2.93756748907468
A12,T2_pos-1_3,T2,pos-1,3,3,JU1246,0.0499182068123643,0.00188689088431677,0.00986142473994658,0.0480313159280475,0.0400567820724177,4.72548320802543,2.33969810820172
A13,T2_pos-1_4,T2,pos-1,4,3,JU1246,0.0543229811205861,0.00188689088431677,0.00986142473994658,0.0524360902362694,0.0444615563806395,4.84747975168105,2.46169465185734
A6,T2_ctrl_A,T2,ctrl,A,3,JU1246,0.00783587723775656,0.00188689088431677,0.00986142473994658,0.00594898635343979,-0.00202554750219002,2.05408379877385,-0.331701301049863
A7,T2_ctrl_B,T2,ctrl,B,3,JU1246,0.0118869722421366,0.00188689088431677,0.00986142473994658,0.0100000813578198,0.00202554750219003,2.65529838785647,0.269513288032762
A10,T2_pos-1_1,T2,pos-1,1,5,JU1246,0.0773933750960423,0.00177894855067465,0.0101852464614132,0.0756144265453676,0.0672081286346291,5.44311338453027,2.92572918548716
A11,T2_pos-1_2,T2,pos-1,2,5,JU1246,0.0754695390398364,0.00177894855067465,0.0101852464614132,0.0736905904891617,0.0652842925784232,5.40679777055182,2.88941357150871
A12,T2_pos-1_3,T2,pos-1,3,5,JU1246,0.0499639671627827,0.00177894855067465,0.0101852464614132,0.0481850186121081,0.0397787207013695,4.81179134031654,2.29440714127343
A13,T2_pos-1_4,T2,pos-1,4,5,JU1246,0.0545894368534902,0.00177894855067465,0.0101852464614132,0.0528104883028156,0.044404190392077,4.93952512241895,2.42214092337584
A6,T2_ctrl_A,T2,ctrl,A,5,JU1246,0.00805108781277815,0.00177894855067465,0.0101852464614132,0.00627213926210349,-0.00213415864863506,2.17815893761655,-0.339225261426561
A7,T2_ctrl_B,T2,ctrl,B,5,JU1246,0.0123194051100483,0.00177894855067465,0.0101852464614132,0.0105404565593736,0.00213415864863506,2.79183589977452,0.274451700731416
A10,T2_pos-1_1,T2,pos-1,1,10,JU1246,0.0745941271676527,0.0013808144409954,0.00920624098598462,0.0732133127266573,0.0653878861816681,5.7554706878775,3.01837793817074
A11,T2_pos-1_2,T2,pos-1,2,10,JU1246,0.0724089447272359,0.0013808144409954,0.00920624098598462,0.0710281302862405,0.0632027037412513,5.71257656245412,2.97548381274736
A12,T2_pos-1_3,T2,pos-1,3,10,JU1246,0.0476753470466747,0.0013808144409954,0.00920624098598462,0.0462945326056793,0.0384691060606901,5.10965207750943,2.37255932780268
A13,T2_pos-1_4,T2,pos-1,4,10,JU1246,0.0524997916953166,0.0013808144409954,0.00920624098598462,0.0511189772543212,0.0432935507093319,5.248720335591,2.51162758588424
A6,T2_ctrl_A,T2,ctrl,A,10,JU1246,0.00739161840368604,0.0013808144409954,0.00920624098598462,0.00601080396269065,-0.00181462258229858,2.42037082089078,-0.316721928815975
A7,T2_ctrl_B,T2,ctrl,B,10,JU1246,0.0110208635682832,0.0013808144409954,0.00920624098598462,0.00964004912728781,0.00181462258229858,2.99664591145807,0.259553161751316
A10,T2_pos-1_1,T2,pos-1,1,3,JU1249,0,0,0.000807779751196044,0,-0.000807779751196044,0,-64.8200723029285
A11,T2_pos-1_2,T2,pos-1,2,3,JU1249,0,0,0.000807779751196044,0,-0.000807779751196044,0,-64.8200723029285
A12,T2_pos-1_3,T2,pos-1,3,3,JU1249,0,0,0.000807779751196044,0,-0.000807779751196044,0,-64.8200723029285
A13,T2_pos-1_4,T2,pos-1,4,3,JU1249,0.00250172009422827,0,0.000807779751196044,0.00250172009422827,0.00169394034303222,66.4509587978218,1.6308864948933
A6,T2_ctrl_A,T2,ctrl,A,3,JU1249,0,0,0.000807779751196044,0,-0.000807779751196044,0,-64.8200723029285
A7,T2_ctrl_B,T2,ctrl,B,3,JU1249,0.00161555950239209,0,0.000807779751196044,0.00161555950239209,0.000807779751196044,65.8200723029285,1
A10,T2_pos-1_1,T2,pos-1,1,5,JU1249,0,0,0.000698988631053355,0,-0.000698988631053355,0,-64.6113793113784
A11,T2_pos-1_2,T2,pos-1,2,5,JU1249,0,0,0.000698988631053355,0,-0.000698988631053355,0,-64.6113793113784
A12,T2_pos-1_3,T2,pos-1,3,5,JU1249,0,0,0.000698988631053355,0,-0.000698988631053355,0,-64.6113793113784
A13,T2_pos-1_4,T2,pos-1,4,5,JU1249,0.00261462614153749,0,0.000698988631053355,0.00261462614153749,0.00191563751048414,66.5146430897743,1.90326377839584
A6,T2_ctrl_A,T2,ctrl,A,5,JU1249,0,0,0.000698988631053355,0,-0.000698988631053355,0,-64.6113793113784
A7,T2_ctrl_B,T2,ctrl,B,5,JU1249,0.00139797726210671,0,0.000698988631053355,0.00139797726210671,0.000698988631053355,65.6113793113784,1
A10,T2_pos-1_1,T2,pos-1,1,10,JU1249,0.00291513294430242,0,0.00251065275787074,0.00291513294430242,0.000404480186431685,66.671600094563,0.215499172018164
A11,T2_pos-1_2,T2,pos-1,2,10,JU1249,0,0,0.00251065275787074,0,-0.00251065275787074,0,-66.4561009225448
A12,T2_pos-1_3,T2,pos-1,3,10,JU1249,0,0,0.00251065275787074,0,-0.00251065275787074,0,-66.4561009225448
A13,T2_pos-1_4,T2,pos-1,4,10,JU1249,0.0052883375866226,0,0.00251065275787074,0.0052883375866226,0.00277768482875187,67.5308526914445,1.07475176889971
A6,T2_ctrl_A,T2,ctrl,A,10,JU1249,0,0,0.00251065275787074,0,-0.00251065275787074,0,-66.4561009225448
A7,T2_ctrl_B,T2,ctrl,B,10,JU1249,0.00502130551574147,0,0.00251065275787074,0.00502130551574147,0.00251065275787074,67.4561009225448,1
A10,T2_pos-1_1,T2,pos-1,1,3,JU1395,0,0,0,0,0,0,0
A11,T2_pos-1_2,T2,pos-1,2,3,JU1395,0,0,0,0,0,0,0
A12,T2_pos-1_3,T2,pos-1,3,3,JU1395,0,0,0,0,0,0,0
A13,T2_pos-1_4,T2,pos-1,4,3,JU1395,0,0,0,0,0,0,0
A6,T2_ctrl_A,T2,ctrl,A,3,JU1395,0,0,0,0,0,0,0
A7,T2_ctrl_B,T2,ctrl,B,3,JU1395,0,0,0,0,0,0,0
A10,T2_pos-1_1,T2,pos-1,1,5,JU1395,0,0,0,0,0,0,0
A11,T2_pos-1_2,T2,pos-1,2,5,JU1395,0,0,0,0,0,0,0
A12,T2_pos-1_3,T2,pos-1,3,5,JU1395,0,0,0,0,0,0,0
A13,T2_pos-1_4,T2,pos-1,4,5,JU1395,0,0,0,0,0,0,0
A6,T2_ctrl_A,T2,ctrl,A,5,JU1395,0,0,0,0,0,0,0
A7,T2_ctrl_B,T2,ctrl,B,5,JU1395,0,0,0,0,0,0,0
A10,T2_pos-1_1,T2,pos-1,1,10,JU1395,0,0,0.000329864158886299,0,-0.000329864158886299,0,-63.527982352406
A11,T2_pos-1_2,T2,pos-1,2,10,JU1395,0,0,0.000329864158886299,0,-0.000329864158886299,0,-63.527982352406
A12,T2_pos-1_3,T2,pos-1,3,10,JU1395,0,0,0.000329864158886299,0,-0.000329864158886299,0,-63.527982352406
A13,T2_pos-1_4,T2,pos-1,4,10,JU1395,0,0,0.000329864158886299,0,-0.000329864158886299,0,-63.527982352406
A6,T2_ctrl_A,T2,ctrl,A,10,JU1395,0.000659728317772598,0,0.000329864158886299,0.000659728317772598,0.000329864158886299,64.527982352406,1
A7,T2_ctrl_B,T2,ctrl,B,10,JU1395,0,0,0.000329864158886299,0,-0.000329864158886299,0,-63.527982352406
A10,T2_pos-1_1,T2,pos-1,1,3,JU1400,0.0048209854995893,0,0.000623270484080016,0.0048209854995893,0.00419771501550929,67.3973665061429,2.95139779198205
A11,T2_pos-1_2,T2,pos-1,2,3,JU1400,0,0,0.000623270484080016,0,-0.000623270484080016,0,-64.4459687141608
A12,T2_pos-1_3,T2,pos-1,3,3,JU1400,0,0,0.000623270484080016,0,-0.000623270484080016,0,-64.4459687141608
A13,T2_pos-1_4,T2,pos-1,4,3,JU1400,0,0,0.000623270484080016,0,-0.000623270484080016,0,-64.4459687141608
A6,T2_ctrl_A,T2,ctrl,A,3,JU1400,0.000216140941528322,0,0.000623270484080016,0.000216140941528322,-0.000407129542551694,62.9180826949277,-1.52788601923313
A7,T2_ctrl_B,T2,ctrl,B,3,JU1400,0.00103040002663171,0,0.000623270484080016,0.00103040002663171,0.000407129542551693,65.1712429515486,0.725274237387815
A10,T2_pos-1_1,T2,pos-1,1,5,JU1400,0.00457408566741068,0,0.000316009399578425,0.00457408566741068,0.00425807626783226,67.3215218017318,3.85544400947218
A11,T2_pos-1_2,T2,pos-1,2,5,JU1400,0,0,0.000316009399578425,0,-0.000316009399578425,0,-63.4660777922596
A12,T2_pos-1_3,T2,pos-1,3,5,JU1400,0,0,0.000316009399578425,0,-0.000316009399578425,0,-63.4660777922596
A13,T2_pos-1_4,T2,pos-1,4,5,JU1400,0,0,0.000316009399578425,0,-0.000316009399578425,0,-63.4660777922596
A6,T2_ctrl_A,T2,ctrl,A,5,JU1400,0,0,0.000316009399578425,0,-0.000316009399578425,0,-63.4660777922596
A7,T2_ctrl_B,T2,ctrl,B,5,JU1400,0.00063201879915685,0,0.000316009399578425,0.00063201879915685,0.000316009399578425,64.4660777922596,1
A10,T2_pos-1_1,T2,pos-1,1,10,JU1400,0.00368386151892322,0,0.000136151427870368,0.00368386151892322,0.00354771009105286,67.0092572453882,4.75793481204257
A11,T2_pos-1_2,T2,pos-1,2,10,JU1400,0,0,0.000136151427870368,0,-0.000136151427870368,0,-62.2513224333456
A12,T2_pos-1_3,T2,pos-1,3,10,JU1400,0,0,0.000136151427870368,0,-0.000136151427870368,0,-62.2513224333456
A13,T2_pos-1_4,T2,pos-1,4,10,JU1400,0,0,0.000136151427870368,0,-0.000136151427870368,0,-62.2513224333456
A6,T2_ctrl_A,T2,ctrl,A,10,JU1400,0,0,0.000136151427870368,0,-0.000136151427870368,0,-62.2513224333456
A7,T2_ctrl_B,T2,ctrl,B,10,JU1400,0.000272302855740736,0,0.000136151427870368,0.000272302855740736,0.000136151427870368,63.2513224333456,1
A10,T2_pos-1_1,T2,pos-1,1,3,JU1409,0,0.00056474151708541,0,-0.00056474151708541,0,-64.3037010160402,0
A11,T2_pos-1_2,T2,pos-1,2,3,JU1409,0,0.00056474151708541,0,-0.00056474151708541,0,-64.3037010160402,0
A12,T2_pos-1_3,T2,pos-1,3,3,JU1409,0.00176844848033586,0.00056474151708541,0,0.00120370696325045,0.00176844848033586,1.64682158971679,65.950522605757
A13,T2_pos-1_4,T2,pos-1,4,3,JU1409,0.000557308630815244,0.00056474151708541,0,-7.43288627016623e-06,0.000557308630815244,-0.0191141992034527,64.2845868168367
A6,T2_ctrl_A,T2,ctrl,A,3,JU1409,0,0.00056474151708541,0,-0.00056474151708541,0,-64.3037010160402,0
A7,T2_ctrl_B,T2,ctrl,B,3,JU1409,0,0.00056474151708541,0,-0.00056474151708541,0,-64.3037010160402,0
A10,T2_pos-1_1,T2,pos-1,1,5,JU1409,0,0.000237458807019688,0,-0.000237458807019688,0,-63.0537875855663,0
A11,T2_pos-1_2,T2,pos-1,2,5,JU1409,0,0.000237458807019688,0,-0.000237458807019688,0,-63.0537875855663,0
A12,T2_pos-1_3,T2,pos-1,3,5,JU1409,0.00199112720009964,0.000237458807019688,0,0.00175366839307995,0.00199112720009964,3.06783621848613,66.1216238040524
A13,T2_pos-1_4,T2,pos-1,4,5,JU1409,0.000518779489761717,0.000237458807019688,0,0.000281320682742028,0.000518779489761717,1.12744417820089,64.1812317637672
A6,T2_ctrl_A,T2,ctrl,A,5,JU1409,0,0.000237458807019688,0,-0.000237458807019688,0,-63.0537875855663,0
A7,T2_ctrl_B,T2,ctrl,B,5,JU1409,0,0.000237458807019688,0,-0.000237458807019688,0,-63.0537875855663,0
A10,T2_pos-1_1,T2,pos-1,1,10,JU1409,0,1.77683604328368e-05,0,-1.77683604328368e-05,0,-59.3134927894177,0
A11,T2_pos-1_2,T2,pos-1,2,10,JU1409,0,1.77683604328368e-05,0,-1.77683604328368e-05,0,-59.3134927894177,0
A12,T2_pos-1_3,T2,pos-1,3,10,JU1409,0.00161979674311451,1.77683604328368e-05,0,0.00160202838268167,0.00161979674311451,6.51035841710498,65.8238512065227
A13,T2_pos-1_4,T2,pos-1,4,10,JU1409,0,1.77683604328368e-05,0,-1.77683604328368e-05,0,-59.3134927894177,0
A6,T2_ctrl_A,T2,ctrl,A,10,JU1409,0,1.77683604328368e-05,0,-1.77683604328368e-05,0,-59.3134927894177,0
A7,T2_ctrl_B,T2,ctrl,B,10,JU1409,0,1.77683604328368e-05,0,-1.77683604328368e-05,0,-59.3134927894177,0
A10,T2_pos-1_1,T2,pos-1,1,3,JU1440,0,0,0,0,0,0,0
A11,T2_pos-1_2,T2,pos-1,2,3,JU1440,0,0,0,0,0,0,0
A12,T2_pos-1_3,T2,pos-1,3,3,JU1440,0,0,0,0,0,0,0
A13,T2_pos-1_4,T2,pos-1,4,3,JU1440,0,0,0,0,0,0,0
A6,T2_ctrl_A,T2,ctrl,A,3,JU1440,0,0,0,0,0,0,0
A7,T2_ctrl_B,T2,ctrl,B,3,JU1440,0,0,0,0,0,0,0
A10,T2_pos-1_1,T2,pos-1,1,5,JU1440,0,0,0,0,0,0,0
A11,T2_pos-1_2,T2,pos-1,2,5,JU1440,0,0,0,0,0,0,0
A12,T2_pos-1_3,T2,pos-1,3,5,JU1440,0,0,0,0,0,0,0
A13,T2_pos-1_4,T2,pos-1,4,5,JU1440,0,0,0,0,0,0,0
A6,T2_ctrl_A,T2,ctrl,A,5,JU1440,0,0,0,0,0,0,0
A7,T2_ctrl_B,T2,ctrl,B,5,JU1440,0,0,0,0,0,0,0
A10,T2_pos-1_1,T2,pos-1,1,10,JU1440,0,0,0,0,0,0,0
A11,T2_pos-1_2,T2,pos-1,2,10,JU1440,0,0,0,0,0,0,0
A12,T2_pos-1_3,T2,pos-1,3,10,JU1440,0,0,0,0,0,0,0
A13,T2_pos-1_4,T2,pos-1,4,10,JU1440,0,0,0,0,0,0,0
A6,T2_ctrl_A,T2,ctrl,A,10,JU1440,0,0,0,0,0,0,0
A7,T2_ctrl_B,T2,ctrl,B,10,JU1440,0,0,0,0,0,0,0
A10,T2_pos-1_1,T2,pos-1,1,3,JU1491,0,0,0,0,0,0,0
A11,T2_pos-1_2,T2,pos-1,2,3,JU1491,0,0,0,0,0,0,0
A12,T2_pos-1_3,T2,pos-1,3,3,JU1491,0,0,0,0,0,0,0
A13,T2_pos-1_4,T2,pos-1,4,3,JU1491,0,0,0,0,0,0,0
A6,T2_ctrl_A,T2,ctrl,A,3,JU1491,0,0,0,0,0,0,0
A7,T2_ctrl_B,T2,ctrl,B,3,JU1491,0,0,0,0,0,0,0
A10,T2_pos-1_1,T2,pos-1,1,5,JU1491,0,0,0,0,0,0,0
A11,T2_pos-1_2,T2,pos-1,2,5,JU1491,0,0,0,0,0,0,0
A12,T2_pos-1_3,T2,pos-1,3,5,JU1491,0,0,0,0,0,0,0
A13,T2_pos-1_4,T2,pos-1,4,5,JU1491,0,0,0,0,0,0,0
A6,T2_ctrl_A,T2,ctrl,A,5,JU1491,0,0,0,0,0,0,0
A7,T2_ctrl_B,T2,ctrl,B,5,JU1491,0,0,0,0,0,0,0
A10,T2_pos-1_1,T2,pos-1,1,10,JU1491,0,0.000262786445561655,0.000437558568115988,-0.000262786445561655,-0.000437558568115988,-63.2000011846523,-63.9355864583824
A11,T2_pos-1_2,T2,pos-1,2,10,JU1491,0,0.000262786445561655,0.000437558568115988,-0.000262786445561655,-0.000437558568115988,-63.2000011846523,-63.9355864583824
A12,T2_pos-1_3,T2,pos-1,3,10,JU1491,0,0.000262786445561655,0.000437558568115988,-0.000262786445561655,-0.000437558568115988,-63.2000011846523,-63.9355864583824
A13,T2_pos-1_4,T2,pos-1,4,10,JU1491,0,0.000262786445561655,0.000437558568115988,-0.000262786445561655,-0.000437558568115988,-63.2000011846523,-63.9355864583824
A6,T2_ctrl_A,T2,ctrl,A,10,JU1491,0,0.000262786445561655,0.000437558568115988,-0.000262786445561655,-0.000437558568115988,-63.2000011846523,-63.9355864583824
A7,T2_ctrl_B,T2,ctrl,B,10,JU1491,0.000875117136231976,0.000262786445561655,0.000437558568115988,0.00061233069067032,0.000437558568115988,1.73558527373007,1
A10,T2_pos-1_1,T2,pos-1,1,3,JU1530,0,0.00180378242937616,0.00289332486567763,-0.00180378242937616,-0.00289332486567763,-65.979063748197,-66.6607667354336
A11,T2_pos-1_2,T2,pos-1,2,3,JU1530,0,0.00180378242937616,0.00289332486567763,-0.00180378242937616,-0.00289332486567763,-65.979063748197,-66.6607667354336
A12,T2_pos-1_3,T2,pos-1,3,3,JU1530,0.000785303585165811,0.00180378242937616,0.00289332486567763,-0.00101847884421035,-0.00210802128051182,-1.19970294390135,-1.8814059311379
A13,T2_pos-1_4,T2,pos-1,4,3,JU1530,0.00179265733782519,0.00180378242937616,0.00289332486567763,-1.11250915509713e-05,-0.00110066752785245,-0.00892558565869552,-0.690628572895247
A6,T2_ctrl_A,T2,ctrl,A,3,JU1530,0.00578664973135527,0.00180378242937616,0.00289332486567763,0.00398286730197911,0.00289332486567763,1.68170298723655,1
A7,T2_ctrl_B,T2,ctrl,B,3,JU1530,0,0.00180378242937616,0.00289332486567763,-0.00180378242937616,-0.00289332486567763,-65.979063748197,-66.6607667354336
A10,T2_pos-1_1,T2,pos-1,1,5,JU1530,0,0.00114656136054501,0.00242092993883027,-0.00114656136054501,-0.00242092993883027,-65.3253519814169,-66.4035997443655
A11,T2_pos-1_2,T2,pos-1,2,5,JU1530,0,0.00114656136054501,0.00242092993883027,-0.00114656136054501,-0.00242092993883027,-65.3253519814169,-66.4035997443655
A12,T2_pos-1_3,T2,pos-1,3,5,JU1530,0.000445274025039926,0.00114656136054501,0.00242092993883027,-0.000701287335505081,-0.00197565591379034,-1.36454820566386,-2.44279596861247
A13,T2_pos-1_4,T2,pos-1,4,5,JU1530,0.000585835149333783,0.00114656136054501,0.00242092993883027,-0.000560726211211224,-0.00183509478949649,-0.968746905001052,-2.04699466794966
A6,T2_ctrl_A,T2,ctrl,A,5,JU1530,0.00484185987766054,0.00114656136054501,0.00242092993883027,0.00369529851711553,0.00242092993883027,2.07824776294861,1
A7,T2_ctrl_B,T2,ctrl,B,5,JU1530,0,0.00114656136054501,0.00242092993883027,-0.00114656136054501,-0.00242092993883027,-65.3253519814169,-66.4035997443655
A10,T2_pos-1_1,T2,pos-1,1,10,JU1530,0,0.000739926564515189,0.00217361828815974,-0.000739926564515189,-0.00217361828815974,-64.6934924155134,-66.2481370248142
A11,T2_pos-1_2,T2,pos-1,2,10,JU1530,0,0.000739926564515189,0.00217361828815974,-0.000739926564515189,-0.00217361828815974,-64.6934924155134,-66.2481370248142
A12,T2_pos-1_3,T2,pos-1,3,10,JU1530,0,0.000739926564515189,0.00217361828815974,-0.000739926564515189,-0.00217361828815974,-64.6934924155134,-66.2481370248142
A13,T2_pos-1_4,T2,pos-1,4,10,JU1530,0,0.000739926564515189,0.00217361828815974,-0.000739926564515189,-0.00217361828815974,-64.6934924155134,-66.2481370248142
A6,T2_ctrl_A,T2,ctrl,A,10,JU1530,0.00434723657631948,0.000739926564515189,0.00217361828815974,0.00360731001180429,0.00217361828815974,2.55464460930079,1
A7,T2_ctrl_B,T2,ctrl,B,10,JU1530,0,0.000739926564515189,0.00217361828815974,-0.000739926564515189,-0.00217361828815974,-64.6934924155134,-66.2481370248142
A10,T2_pos-1_1,T2,pos-1,1,3,JU1543,0,0,0.00265122117279787,0,-0.00265122117279787,0,-66.5346954448554
A11,T2_pos-1_2,T2,pos-1,2,3,JU1543,0,0,0.00265122117279787,0,-0.00265122117279787,0,-66.5346954448554
A12,T2_pos-1_3,T2,pos-1,3,3,JU1543,0,0,0.00265122117279787,0,-0.00265122117279787,0,-66.5346954448554
A13,T2_pos-1_4,T2,pos-1,4,3,JU1543,0,0,0.00265122117279787,0,-0.00265122117279787,0,-66.5346954448554
A6,T2_ctrl_A,T2,ctrl,A,3,JU1543,0.00181340539969961,0,0.00265122117279787,0.00181340539969961,-0.000837815773098259,65.9867399015916,-0.547955543263848
A7,T2_ctrl_B,T2,ctrl,B,3,JU1543,0.00348903694589613,0,0.00265122117279787,0.00348903694589613,0.000837815773098259,66.9308672902066,0.396171845351228
A10,T2_pos-1_1,T2,pos-1,1,5,JU1543,0,0,0.00263741548143695,0,-0.00263741548143695,0,-66.5271632776801
A11,T2_pos-1_2,T2,pos-1,2,5,JU1543,0,0,0.00263741548143695,0,-0.00263741548143695,0,-66.5271632776801
A12,T2_pos-1_3,T2,pos-1,3,5,JU1543,0,0,0.00263741548143695,0,-0.00263741548143695,0,-66.5271632776801
A13,T2_pos-1_4,T2,pos-1,4,5,JU1543,0,0,0.00263741548143695,0,-0.00263741548143695,0,-66.5271632776801
A6,T2_ctrl_A,T2,ctrl,A,5,JU1543,0.00202309105247199,0,0.00263741548143695,0.00202309105247199,-0.000614324428964957,66.1445996678675,-0.38256360981268
A7,T2_ctrl_B,T2,ctrl,B,5,JU1543,0.00325173991040191,0,0.00263741548143695,0.00325173991040191,0.000614324428964957,66.8292502841235,0.30208700644336
A10,T2_pos-1_1,T2,pos-1,1,10,JU1543,0,0,0.00411247285238095,0,-0.00411247285238095,0,-67.168044570929
A11,T2_pos-1_2,T2,pos-1,2,10,JU1543,0,0,0.00411247285238095,0,-0.00411247285238095,0,-67.168044570929
A12,T2_pos-1_3,T2,pos-1,3,10,JU1543,0,0,0.00411247285238095,0,-0.00411247285238095,0,-67.168044570929
A13,T2_pos-1_4,T2,pos-1,4,10,JU1543,0,0,0.00411247285238095,0,-0.00411247285238095,0,-67.168044570929
A6,T2_ctrl_A,T2,ctrl,A,10,JU1543,0.00452571556987738,0,0.00411247285238095,0.00452571556987738,0.000413242717496425,67.3061843333049,0.138139762375907
A7,T2_ctrl_B,T2,ctrl,B,10,JU1543,0.00369923013488453,0,0.00411247285238095,0.00369923013488453,-0.000413242717496425,67.0152634712613,-0.152781099667694
A10,T2_pos-1_1,T2,pos-1,1,3,JU1568,0,0.00242271733580776,0,-0.00242271733580776,0,-66.4046645076426,0
A11,T2_pos-1_2,T2,pos-1,2,3,JU1568,0,0.00242271733580776,0,-0.00242271733580776,0,-66.4046645076426,0
A12,T2_pos-1_3,T2,pos-1,3,3,JU1568,0,0.00242271733580776,0,-0.00242271733580776,0,-66.4046645076426,0
A13,T2_pos-1_4,T2,pos-1,4,3,JU1568,0.00126546508244069,0.00242271733580776,0,-0.00115725225336707,0.00126546508244069,-0.936958391756099,65.4677061158865
A6,T2_ctrl_A,T2,ctrl,A,3,JU1568,0,0.00242271733580776,0,-0.00242271733580776,0,-66.4046645076426,0
A7,T2_ctrl_B,T2,ctrl,B,3,JU1568,0,0.00242271733580776,0,-0.00242271733580776,0,-66.4046645076426,0
A10,T2_pos-1_1,T2,pos-1,1,5,JU1568,0,0.00155669894796006,0,-0.00155669894796006,0,-65.7665283824119,0
A11,T2_pos-1_2,T2,pos-1,2,5,JU1568,0.000597850905262704,0.00155669894796006,0,-0.000958848042697356,0.000597850905262704,-1.38063231807828,64.3858960643337
A12,T2_pos-1_3,T2,pos-1,3,5,JU1568,0,0.00155669894796006,0,-0.00155669894796006,0,-65.7665283824119,0
A13,T2_pos-1_4,T2,pos-1,4,5,JU1568,0.00253030006302873,0.00155669894796006,0,0.000973601115068665,0.00253030006302873,0.700818514556653,66.4673468969686
A6,T2_ctrl_A,T2,ctrl,A,5,JU1568,0,0.00155669894796006,0,-0.00155669894796006,0,-65.7665283824119,0
A7,T2_ctrl_B,T2,ctrl,B,5,JU1568,0,0.00155669894796006,0,-0.00155669894796006,0,-65.7665283824119,0
A10,T2_pos-1_1,T2,pos-1,1,10,JU1568,0,0.00429126897415753,0.000221221486326945,-0.00429126897415753,-0.000221221486326945,-67.2294427468732,-62.9516018361816
A11,T2_pos-1_2,T2,pos-1,2,10,JU1568,0.00369058217329574,0.00429126897415753,0.000221221486326945,-0.000600686800861785,0.0034693606869688,-0.217555918068577,4.06028499262302
A12,T2_pos-1_3,T2,pos-1,3,10,JU1568,0,0.00429126897415753,0.000221221486326945,-0.00429126897415753,-0.000221221486326945,-67.2294427468732,-62.9516018361816
A13,T2_pos-1_4,T2,pos-1,4,10,JU1568,0.00067675427563799,0.00429126897415753,0.000221221486326945,-0.00361451469851953,0.000455532789311046,-2.66470032885226,1.61314058183934
A6,T2_ctrl_A,T2,ctrl,A,10,JU1568,0,0.00429126897415753,0.000221221486326945,-0.00429126897415753,-0.000221221486326945,-67.2294427468732,-62.9516018361816
A7,T2_ctrl_B,T2,ctrl,B,10,JU1568,0.000442442972653889,0.00429126897415753,0.000221221486326945,-0.00384882600150364,0.000221221486326945,-3.2778409106916,1
A10,T2_pos-1_1,T2,pos-1,1,3,JU1581,0,0,0,0,0,0,0
A11,T2_pos-1_2,T2,pos-1,2,3,JU1581,0,0,0,0,0,0,0
A12,T2_pos-1_3,T2,pos-1,3,3,JU1581,0,0,0,0,0,0,0
A13,T2_pos-1_4,T2,pos-1,4,3,JU1581,0,0,0,0,0,0,0
A6,T2_ctrl_A,T2,ctrl,A,3,JU1581,0,0,0,0,0,0,0
A7,T2_ctrl_B,T2,ctrl,B,3,JU1581,0,0,0,0,0,0,0
A10,T2_pos-1_1,T2,pos-1,1,5,JU1581,0,0,0,0,0,0,0
A11,T2_pos-1_2,T2,pos-1,2,5,JU1581,0,0,0,0,0,0,0
A12,T2_pos-1_3,T2,pos-1,3,5,JU1581,0,0,0,0,0,0,0
A13,T2_pos-1_4,T2,pos-1,4,5,JU1581,0,0,0,0,0,0,0
A6,T2_ctrl_A,T2,ctrl,A,5,JU1581,0,0,0,0,0,0,0
A7,T2_ctrl_B,T2,ctrl,B,5,JU1581,0,0,0,0,0,0,0
A10,T2_pos-1_1,T2,pos-1,1,10,JU1581,0,0,0,0,0,0,0
A11,T2_pos-1_2,T2,pos-1,2,10,JU1581,0,0,0,0,0,0,0
A12,T2_pos-1_3,T2,pos-1,3,10,JU1581,0,0,0,0,0,0,0
A13,T2_pos-1_4,T2,pos-1,4,10,JU1581,0,0,0,0,0,0,0
A6,T2_ctrl_A,T2,ctrl,A,10,JU1581,0,0,0,0,0,0,0
A7,T2_ctrl_B,T2,ctrl,B,10,JU1581,0,0,0,0,0,0,0
A10,T2_pos-1_1,T2,pos-1,1,3,JU1586,0,0,0,0,0,0,0
A11,T2_pos-1_2,T2,pos-1,2,3,JU1586,0,0,0,0,0,0,0
A12,T2_pos-1_3,T2,pos-1,3,3,JU1586,0,0,0,0,0,0,0
A13,T2_pos-1_4,T2,pos-1,4,3,JU1586,0,0,0,0,0,0,0
A6,T2_ctrl_A,T2,ctrl,A,3,JU1586,0,0,0,0,0,0,0
A7,T2_ctrl_B,T2,ctrl,B,3,JU1586,0,0,0,0,0,0,0
A10,T2_pos-1_1,T2,pos-1,1,5,JU1586,0,0,0,0,0,0,0
A11,T2_pos-1_2,T2,pos-1,2,5,JU1586,0,0,0,0,0,0,0
A12,T2_pos-1_3,T2,pos-1,3,5,JU1586,0,0,0,0,0,0,0
A13,T2_pos-1_4,T2,pos-1,4,5,JU1586,0,0,0,0,0,0,0
A6,T2_ctrl_A,T2,ctrl,A,5,JU1586,0,0,0,0,0,0,0
A7,T2_ctrl_B,T2,ctrl,B,5,JU1586,0,0,0,0,0,0,0
A10,T2_pos-1_1,T2,pos-1,1,10,JU1586,0,0,0,0,0,0,0
A11,T2_pos-1_2,T2,pos-1,2,10,JU1586,0,0,0,0,0,0,0
A12,T2_pos-1_3,T2,pos-1,3,10,JU1586,0,0,0,0,0,0,0
A13,T2_pos-1_4,T2,pos-1,4,10,JU1586,0,0,0,0,0,0,0
A6,T2_ctrl_A,T2,ctrl,A,10,JU1586,0,0,0,0,0,0,0
A7,T2_ctrl_B,T2,ctrl,B,10,JU1586,0,0,0,0,0,0,0
A10,T2_pos-1_1,T2,pos-1,1,3,JU1652,0,0,0.000137542408503419,0,-0.000137542408503419,0,-62.2659868347501
A11,T2_pos-1_2,T2,pos-1,2,3,JU1652,0,0,0.000137542408503419,0,-0.000137542408503419,0,-62.2659868347501
A12,T2_pos-1_3,T2,pos-1,3,3,JU1652,0,0,0.000137542408503419,0,-0.000137542408503419,0,-62.2659868347501
A13,T2_pos-1_4,T2,pos-1,4,3,JU1652,0,0,0.000137542408503419,0,-0.000137542408503419,0,-62.2659868347501
A6,T2_ctrl_A,T2,ctrl,A,3,JU1652,0.000275084817006839,0,0.000137542408503419,0.000275084817006839,0.000137542408503419,63.2659868347502,1
A7,T2_ctrl_B,T2,ctrl,B,3,JU1652,0,0,0.000137542408503419,0,-0.000137542408503419,0,-62.2659868347501
A10,T2_pos-1_1,T2,pos-1,1,5,JU1652,0,0,5.79224525596081e-05,0,-5.79224525596081e-05,0,-61.0183049164061
A11,T2_pos-1_2,T2,pos-1,2,5,JU1652,0,0,5.79224525596081e-05,0,-5.79224525596081e-05,0,-61.0183049164061
A12,T2_pos-1_3,T2,pos-1,3,5,JU1652,0,0,5.79224525596081e-05,0,-5.79224525596081e-05,0,-61.0183049164061
A13,T2_pos-1_4,T2,pos-1,4,5,JU1652,0,0,5.79224525596081e-05,0,-5.79224525596081e-05,0,-61.0183049164061
A6,T2_ctrl_A,T2,ctrl,A,5,JU1652,0.000115844905119216,0,5.79224525596081e-05,0.000115844905119216,5.79224525596081e-05,62.0183049164061,1
A7,T2_ctrl_B,T2,ctrl,B,5,JU1652,0,0,5.79224525596081e-05,0,-5.79224525596081e-05,0,-61.0183049164061
A10,T2_pos-1_1,T2,pos-1,1,10,JU1652,0,0,0.000402513815651902,0,-0.000402513815651902,0,-63.8151486231173
A11,T2_pos-1_2,T2,pos-1,2,10,JU1652,0,0,0.000402513815651902,0,-0.000402513815651902,0,-63.8151486231173
A12,T2_pos-1_3,T2,pos-1,3,10,JU1652,0,0,0.000402513815651902,0,-0.000402513815651902,0,-63.8151486231173
A13,T2_pos-1_4,T2,pos-1,4,10,JU1652,0,0,0.000402513815651902,0,-0.000402513815651902,0,-63.8151486231173
A6,T2_ctrl_A,T2,ctrl,A,10,JU1652,0.000805027631303804,0,0.000402513815651902,0.000805027631303804,0.000402513815651902,64.8151486231173,1
A7,T2_ctrl_B,T2,ctrl,B,10,JU1652,0,0,0.000402513815651902,0,-0.000402513815651902,0,-63.8151486231173
A10,T2_pos-1_1,T2,pos-1,1,3,JU1666,0.00189207121003503,0.00926259868898277,0.0130400570033593,-0.00737052747894774,-0.0111479857933243,-2.2914506217896,-2.7849118840708
A11,T2_pos-1_2,T2,pos-1,2,3,JU1666,0,0.00926259868898277,0.0130400570033593,-0.00926259868898277,-0.0130400570033593,-68.3394554244876,-68.8329166867688
A12,T2_pos-1_3,T2,pos-1,3,3,JU1666,0.00283357310931767,0.00926259868898277,0.0130400570033593,-0.0064290255796651,-0.0102064838940416,-1.70879458273797,-2.20225584501917
A13,T2_pos-1_4,T2,pos-1,4,3,JU1666,0.00541417383746521,0.00926259868898277,0.0130400570033593,-0.00384842485151756,-0.00762588316589411,-0.774675798663844,-1.26813706094505
A6,T2_ctrl_A,T2,ctrl,A,3,JU1666,0.0120015004170847,0.00926259868898277,0.0130400570033593,0.00273890172810192,-0.00103855658627462,0.373725867676693,-0.119735394604509
A7,T2_ctrl_B,T2,ctrl,B,3,JU1666,0.0140786135896339,0.00926259868898277,0.0130400570033593,0.00481601490065117,0.00103855658627462,0.604016355735241,0.110555093454039
A10,T2_pos-1_1,T2,pos-1,1,5,JU1666,0.00236084929515844,0.0100712389636026,0.0133906459389114,-0.00771038966844416,-0.011029796643753,-2.0928633194114,-2.50384770000047
A11,T2_pos-1_2,T2,pos-1,2,5,JU1666,0,0.0100712389636026,0.0133906459389114,-0.0100712389636026,-0.0133906459389114,-68.4602076851585,-68.8711920657476
A12,T2_pos-1_3,T2,pos-1,3,5,JU1666,0.00334648032472102,0.0100712389636026,0.0133906459389114,-0.00672475863888158,-0.0100441656141904,-1.5895247373085,-2.00050911789757
A13,T2_pos-1_4,T2,pos-1,4,5,JU1666,0.00559338017668821,0.0100712389636026,0.0133906459389114,-0.00447785878691439,-0.0077972657622232,-0.848448877208012,-1.25943325779708
A6,T2_ctrl_A,T2,ctrl,A,5,JU1666,0.0121385659371938,0.0100712389636026,0.0133906459389114,0.00206732697359123,-0.00125208000171758,0.26935681559249,-0.14162756499658
A7,T2_ctrl_B,T2,ctrl,B,5,JU1666,0.014642725940629,0.0100712389636026,0.0133906459389114,0.00457148697702639,0.00125208000171758,0.539942981159891,0.128958600570821
A10,T2_pos-1_1,T2,pos-1,1,10,JU1666,0.00156637780107294,0.00957264686803206,0.0127050237603906,-0.00800626906695912,-0.0111386459593176,-2.61148566562673,-3.01989494422597
A11,T2_pos-1_2,T2,pos-1,2,10,JU1666,0,0.00957264686803206,0.0127050237603906,-0.00957264686803206,-0.0127050237603906,-68.3869563054439,-68.7953655840431
A12,T2_pos-1_3,T2,pos-1,3,10,JU1666,0.0033981612082233,0.00957264686803206,0.0127050237603906,-0.00617448565980876,-0.00930686255216726,-1.4941635943811,-1.90257287298034
A13,T2_pos-1_4,T2,pos-1,4,10,JU1666,0.00511107775080643,0.00957264686803206,0.0127050237603906,-0.00446156911722563,-0.00759394600958413,-0.905290351658148,-1.31369963025738
A6,T2_ctrl_A,T2,ctrl,A,10,JU1666,0.0111524543861187,0.00957264686803206,0.0127050237603906,0.00157980751808666,-0.00155256937427184,0.22037145259554,-0.188037826003696
A7,T2_ctrl_B,T2,ctrl,B,10,JU1666,0.0142575931346624,0.00957264686803206,0.0127050237603906,0.00468494626663034,0.00155256937427184,0.574740661972693,0.166331383373457
A10,T2_pos-1_1,T2,pos-1,1,3,JU1792,0,0,0.00442336209567542,0,-0.00442336209567542,0,-67.273181761539
A11,T2_pos-1_2,T2,pos-1,2,3,JU1792,0,0,0.00442336209567542,0,-0.00442336209567542,0,-67.273181761539
A12,T2_pos-1_3,T2,pos-1,3,3,JU1792,0,0,0.00442336209567542,0,-0.00442336209567542,0,-67.273181761539
A13,T2_pos-1_4,T2,pos-1,4,3,JU1792,0,0,0.00442336209567542,0,-0.00442336209567542,0,-67.273181761539
A6,T2_ctrl_A,T2,ctrl,A,3,JU1792,0.00884672419135085,0,0.00442336209567542,0.00884672419135085,0.00442336209567542,68.273181761539,1
A7,T2_ctrl_B,T2,ctrl,B,3,JU1792,0,0,0.00442336209567542,0,-0.00442336209567542,0,-67.273181761539
A10,T2_pos-1_1,T2,pos-1,1,5,JU1792,0,0,0.00490360037193852,0,-0.00490360037193852,0,-67.4218798243909
A11,T2_pos-1_2,T2,pos-1,2,5,JU1792,0,0,0.00490360037193852,0,-0.00490360037193852,0,-67.4218798243909
A12,T2_pos-1_3,T2,pos-1,3,5,JU1792,0,0,0.00490360037193852,0,-0.00490360037193852,0,-67.4218798243909
A13,T2_pos-1_4,T2,pos-1,4,5,JU1792,0,0,0.00490360037193852,0,-0.00490360037193852,0,-67.4218798243909
A6,T2_ctrl_A,T2,ctrl,A,5,JU1792,0.00980720074387703,0,0.00490360037193852,0.00980720074387703,0.00490360037193852,68.4218798243909,1
A7,T2_ctrl_B,T2,ctrl,B,5,JU1792,0,0,0.00490360037193852,0,-0.00490360037193852,0,-67.4218798243909
A10,T2_pos-1_1,T2,pos-1,1,10,JU1792,0,0,0.00681883106372109,0,-0.00681883106372109,0,-67.8975628583008
A11,T2_pos-1_2,T2,pos-1,2,10,JU1792,0,0,0.00681883106372109,0,-0.00681883106372109,0,-67.8975628583008
A12,T2_pos-1_3,T2,pos-1,3,10,JU1792,0,0,0.00681883106372109,0,-0.00681883106372109,0,-67.8975628583008
A13,T2_pos-1_4,T2,pos-1,4,10,JU1792,0.00472057416953621,0,0.00681883106372109,0.00472057416953621,-0.00209825689418488,67.3670007628174,-0.530562095483383
A6,T2_ctrl_A,T2,ctrl,A,10,JU1792,0.0136376621274422,0,0.00681883106372109,0.0136376621274422,0.00681883106372109,68.8975628583008,1
A7,T2_ctrl_B,T2,ctrl,B,10,JU1792,0,0,0.00681883106372109,0,-0.00681883106372109,0,-67.8975628583008
A10,T2_pos-1_1,T2,pos-1,1,3,JU1793,0.0170413382842539,0.00944495005948516,0.00625565057639455,0.00759638822476877,0.0107856877078594,0.851423563776904,1.44580680222888
A10,T2_pos-1_1,T2,pos-1,1,3,JU1793,0.00474916232957647,0.00944495005948516,0.00625565057639455,-0.00469578772990869,-0.00150648824681808,-0.991870099001568,-0.397486860549591
A11,T2_pos-1_2,T2,pos-1,2,3,JU1793,0.00793538181202932,0.00944495005948516,0.00625565057639455,-0.00150956824745584,0.00167973123563476,-0.251243528123201,0.343139710328777
A11,T2_pos-1_2,T2,pos-1,2,3,JU1793,0.0230115087655899,0.00944495005948516,0.00625565057639455,0.0135665587061048,0.0167558581891954,1.28474050452342,1.87912374297539
A12,T2_pos-1_3,T2,pos-1,3,3,JU1793,0.0310591335452126,0.00944495005948516,0.00625565057639455,0.0216141834857274,0.024803482968818,1.7174025100652,2.31178574851718
A12,T2_pos-1_3,T2,pos-1,3,3,JU1793,4.58332437451517e-21,0.00944495005948516,0.00625565057639455,-0.00944495005948516,-0.00625565057639455,-60.8300682333948,-60.2356849949428
A13,T2_pos-1_4,T2,pos-1,4,3,JU1793,0.00107603137794478,0.00944495005948516,0.00625565057639455,-0.00836891868154037,-0.00517961919844977,-3.1338230196701,-2.53943978121812
A13,T2_pos-1_4,T2,pos-1,4,3,JU1793,0.0360335667988757,0.00944495005948516,0.00625565057639455,0.0265886167393905,0.0297779162224811,1.93172639120862,2.5261096296606
A6,T2_ctrl_A,T2,ctrl,A,3,JU1793,0.0124756232285844,0.00944495005948516,0.00625565057639455,0.00303067316909928,0.00621997265218988,0.40149681476992,0.995880053221898
A6,T2_ctrl_A,T2,ctrl,A,3,JU1793,1.17695203158537e-20,0.00944495005948516,0.00625565057639455,-0.00944495005948516,-0.00625565057639455,-59.474228114623,-58.879844876171
A7,T2_ctrl_B,T2,ctrl,B,3,JU1793,0.0125202072844461,0.00944495005948516,0.00625565057639455,0.00307525722496096,0.00626455670805156,0.406643374270901,1.00102661272288
A7,T2_ctrl_B,T2,ctrl,B,3,JU1793,2.67717925476617e-05,0.00944495005948516,0.00625565057639455,-0.0094181782669375,-0.00622887878384689,-8.46268561796809,-7.86830237951611
A10,T2_pos-1_1,T2,pos-1,1,5,JU1793,0.0113636288727487,0.00966408554191966,0.00624049102035874,0.00169954333082903,0.00512313785238995,0.233718490228179,0.864692165920457
A10,T2_pos-1_1,T2,pos-1,1,5,JU1793,0.00986445943282003,0.00966408554191966,0.00624049102035874,0.000200373890900366,0.00362396841246129,0.0296067694123246,0.660580445104602
A11,T2_pos-1_2,T2,pos-1,2,5,JU1793,0.0304963455305362,0.00966408554191966,0.00624049102035874,0.0208322599886166,0.0242558545101775,1.6579312406292,2.28890491632148
A11,T2_pos-1_2,T2,pos-1,2,5,JU1793,4.96063043852795e-23,0.00966408554191966,0.00624049102035874,-0.00966408554191966,-0.00624049102035874,-66.8157091397489,-66.1847354640566
A12,T2_pos-1_3,T2,pos-1,3,5,JU1793,0.0298881846927864,0.00966408554191966,0.00624049102035874,0.0202240991508668,0.0236476936724277,1.6288701453743,2.25984382106658
A12,T2_pos-1_3,T2,pos-1,3,5,JU1793,3.12245956176621e-19,0.00966408554191966,0.00624049102035874,-0.00966408554191966,-0.00624049102035874,-54.7806852595771,-54.1497115838848
A13,T2_pos-1_4,T2,pos-1,4,5,JU1793,0.0368688676187822,0.00966408554191966,0.00624049102035874,0.0272047820768625,0.0306283765984234,1.93169797664892,2.5626716523412
A13,T2_pos-1_4,T2,pos-1,4,5,JU1793,2.20955058155064e-22,0.00966408554191966,0.00624049102035874,-0.00966408554191966,-0.00624049102035874,-65.0920274123704,-64.4610537366781
A6,T2_ctrl_A,T2,ctrl,A,5,JU1793,0.0125022102435318,0.00966408554191966,0.00624049102035874,0.00283812470161211,0.00626171922317304,0.371478039040509,1.00245171473279
A6,T2_ctrl_A,T2,ctrl,A,5,JU1793,8.91029049786422e-21,0.00966408554191966,0.00624049102035874,-0.00966408554191966,-0.00624049102035874,-59.9078560822978,-59.2768824066055
A7,T2_ctrl_B,T2,ctrl,B,5,JU1793,0.0124597538379032,0.00966408554191966,0.00624049102035874,0.00279566829598353,0.00621926281754445,0.366570436039482,0.99754411173176
A7,T2_ctrl_B,T2,ctrl,B,5,JU1793,4.96127728174361e-21,0.00966408554191966,0.00624049102035874,-0.00966408554191966,-0.00624049102035874,-60.7494327766113,-60.118459100919
A10,T2_pos-1_1,T2,pos-1,1,10,JU1793,0.0226309679830583,0.00961141169616053,0.00675577245353409,0.0130195562868978,0.0158751955295242,1.23547804307586,1.74410565206884
A10,T2_pos-1_1,T2,pos-1,1,10,JU1793,1.40505931792861e-19,0.00961141169616053,0.00675577245353409,-0.00961141169616053,-0.00675577245353409,-55.9247121722802,-55.4160845632872
A11,T2_pos-1_2,T2,pos-1,2,10,JU1793,0.0301789911023065,0.00961141169616053,0.00675577245353409,0.0205675794061459,0.0234232186487724,1.65072432618421,2.15935193517719
A11,T2_pos-1_2,T2,pos-1,2,10,JU1793,2.07708388399719e-19,0.00961141169616053,0.00675577245353409,-0.00961141169616053,-0.00675577245353409,-55.3608661155913,-54.8522385065983
A12,T2_pos-1_3,T2,pos-1,3,10,JU1793,0.0299564972400584,0.00961141169616053,0.00675577245353409,0.0203450855438979,0.0232007247865243,1.6400486913721,2.14867630036508
A12,T2_pos-1_3,T2,pos-1,3,10,JU1793,2.05748585664774e-18,0.00961141169616053,0.00675577245353409,-0.00961141169616053,-0.00675577245353409,-52.0527698635637,-51.5441422545708
A13,T2_pos-1_4,T2,pos-1,4,10,JU1793,0.0367444948866134,0.00961141169616053,0.00675577245353409,0.0271330831904529,0.0299887224330794,1.93470786895968,2.44333547795267
A13,T2_pos-1_4,T2,pos-1,4,10,JU1793,3.95957389079913e-07,0.00961141169616053,0.00675577245353409,-0.00961101573877145,-0.00675537649614501,-14.5671155418014,-14.0584879328084
A6,T2_ctrl_A,T2,ctrl,A,10,JU1793,0.00832916467628273,0.00961141169616053,0.00675577245353409,-0.0012822470198778,0.00157339222274864,-0.206576529026777,0.302051079966209
A6,T2_ctrl_A,T2,ctrl,A,10,JU1793,0.00562155665338871,0.00961141169616053,0.00675577245353409,-0.00398985504277182,-0.00113421580014538,-0.773778666001546,-0.265151057008559
A7,T2_ctrl_B,T2,ctrl,B,10,JU1793,0.0130666130250771,0.00961141169616053,0.00675577245353409,0.00345520132891654,0.00631084057154297,0.443064980500244,0.95169258949323
A7,T2_ctrl_B,T2,ctrl,B,10,JU1793,5.75545938786681e-06,0.00961141169616053,0.00675577245353409,-0.00960565623677266,-0.00675001699414623,-10.705601544433,-10.19697393544
A10,T2_pos-1_1,T2,pos-1,1,3,JU1808,0,0.000610256085519471,0,-0.000610256085519471,0,-64.4155250975496,0
A11,T2_pos-1_2,T2,pos-1,2,3,JU1808,0,0.000610256085519471,0,-0.000610256085519471,0,-64.4155250975496,0
A12,T2_pos-1_3,T2,pos-1,3,3,JU1808,0,0.000610256085519471,0,-0.000610256085519471,0,-64.4155250975496,0
A13,T2_pos-1_4,T2,pos-1,4,3,JU1808,0,0.000610256085519471,0,-0.000610256085519471,0,-64.4155250975496,0
A6,T2_ctrl_A,T2,ctrl,A,3,JU1808,0,0.000610256085519471,0,-0.000610256085519471,0,-64.4155250975496,0
A7,T2_ctrl_B,T2,ctrl,B,3,JU1808,0,0.000610256085519471,0,-0.000610256085519471,0,-64.4155250975496,0
A10,T2_pos-1_1,T2,pos-1,1,5,JU1808,0,0.000953661921596693,0,-0.000953661921596693,0,-65.059588234335,0
A11,T2_pos-1_2,T2,pos-1,2,5,JU1808,0,0.000953661921596693,0,-0.000953661921596693,0,-65.059588234335,0
A12,T2_pos-1_3,T2,pos-1,3,5,JU1808,0,0.000953661921596693,0,-0.000953661921596693,0,-65.059588234335,0
A13,T2_pos-1_4,T2,pos-1,4,5,JU1808,0,0.000953661921596693,0,-0.000953661921596693,0,-65.059588234335,0
A6,T2_ctrl_A,T2,ctrl,A,5,JU1808,0,0.000953661921596693,0,-0.000953661921596693,0,-65.059588234335,0
A7,T2_ctrl_B,T2,ctrl,B,5,JU1808,0,0.000953661921596693,0,-0.000953661921596693,0,-65.059588234335,0
A10,T2_pos-1_1,T2,pos-1,1,10,JU1808,0,0,0,0,0,0,0
A11,T2_pos-1_2,T2,pos-1,2,10,JU1808,0,0,0,0,0,0,0
A12,T2_pos-1_3,T2,pos-1,3,10,JU1808,0,0,0,0,0,0,0
A13,T2_pos-1_4,T2,pos-1,4,10,JU1808,0,0,0,0,0,0,0
A6,T2_ctrl_A,T2,ctrl,A,10,JU1808,0,0,0,0,0,0,0
A7,T2_ctrl_B,T2,ctrl,B,10,JU1808,0,0,0,0,0,0,0
A10,T2_pos-1_1,T2,pos-1,1,3,JU1896,0,0,0,0,0,0,0
A11,T2_pos-1_2,T2,pos-1,2,3,JU1896,0,0,0,0,0,0,0
A12,T2_pos-1_3,T2,pos-1,3,3,JU1896,0,0,0,0,0,0,0
A13,T2_pos-1_4,T2,pos-1,4,3,JU1896,0,0,0,0,0,0,0
A6,T2_ctrl_A,T2,ctrl,A,3,JU1896,0,0,0,0,0,0,0
A7,T2_ctrl_B,T2,ctrl,B,3,JU1896,0,0,0,0,0,0,0
A10,T2_pos-1_1,T2,pos-1,1,5,JU1896,0,0,4.12255384992323e-05,0,-4.12255384992323e-05,0,-60.5277205645829
A11,T2_pos-1_2,T2,pos-1,2,5,JU1896,0,0,4.12255384992323e-05,0,-4.12255384992323e-05,0,-60.5277205645829
A12,T2_pos-1_3,T2,pos-1,3,5,JU1896,0,0,4.12255384992323e-05,0,-4.12255384992323e-05,0,-60.5277205645829
A13,T2_pos-1_4,T2,pos-1,4,5,JU1896,0,0,4.12255384992323e-05,0,-4.12255384992323e-05,0,-60.5277205645829
A6,T2_ctrl_A,T2,ctrl,A,5,JU1896,0,0,4.12255384992323e-05,0,-4.12255384992323e-05,0,-60.5277205645829
A7,T2_ctrl_B,T2,ctrl,B,5,JU1896,8.24510769984647e-05,0,4.12255384992323e-05,8.24510769984647e-05,4.12255384992323e-05,61.5277205645829,1
A10,T2_pos-1_1,T2,pos-1,1,10,JU1896,0,0,0,0,0,0,0
A11,T2_pos-1_2,T2,pos-1,2,10,JU1896,0,0,0,0,0,0,0
A12,T2_pos-1_3,T2,pos-1,3,10,JU1896,0,0,0,0,0,0,0
A13,T2_pos-1_4,T2,pos-1,4,10,JU1896,0,0,0,0,0,0,0
A6,T2_ctrl_A,T2,ctrl,A,10,JU1896,0,0,0,0,0,0,0
A7,T2_ctrl_B,T2,ctrl,B,10,JU1896,0,0,0,0,0,0,0
A10,T2_pos-1_1,T2,pos-1,1,3,JU1934,0.0454804997340116,0.0252505618090022,0.0299965200709124,0.0202299379250094,0.0154839796630992,0.848932619196794,0.600452964669162
A11,T2_pos-1_2,T2,pos-1,2,3,JU1934,0.0457952642224917,0.0252505618090022,0.0299965200709124,0.0205447024134894,0.0157987441515793,0.858882926858297,0.610403272330665
A12,T2_pos-1_3,T2,pos-1,3,3,JU1934,0.0481667265432404,0.0252505618090022,0.0299965200709124,0.0229161647342382,0.0181702064723281,0.931721393050798,0.683241738523165
A13,T2_pos-1_4,T2,pos-1,4,3,JU1934,0.0537712694695597,0.0252505618090022,0.0299965200709124,0.0285207076605575,0.0237747493986473,1.09052004489209,0.842040390364455
A6,T2_ctrl_A,T2,ctrl,A,3,JU1934,0.0310276512893783,0.0252505618090022,0.0299965200709124,0.00577708948037613,0.00103113121846595,0.297239005552846,0.0487593510252138
A7,T2_ctrl_B,T2,ctrl,B,3,JU1934,0.0289653888524464,0.0252505618090022,0.0299965200709124,0.00371482704344423,-0.00103113121846595,0.198014545655085,-0.0504651088725477
A10,T2_pos-1_1,T2,pos-1,1,5,JU1934,0.0458971655062698,0.0257447683226032,0.0304617692021531,0.0201523971836666,0.0154353963041166,0.83412577179751,0.59140532400356
A11,T2_pos-1_2,T2,pos-1,2,5,JU1934,0.0460705683134145,0.0257447683226032,0.0304617692021531,0.0203257999908113,0.0156087991112613,0.839566107358774,0.596845659564824
A12,T2_pos-1_3,T2,pos-1,3,5,JU1934,0.0486615009034355,0.0257447683226032,0.0304617692021531,0.0229167325808323,0.0181997317012824,0.918501531727276,0.675781083933326
A13,T2_pos-1_4,T2,pos-1,4,5,JU1934,0.0544997231333396,0.0257447683226032,0.0304617692021531,0.0287549548107364,0.0240379539311865,1.08196961343542,0.83924916564147
A6,T2_ctrl_A,T2,ctrl,A,5,JU1934,0.0315655792141841,0.0257447683226032,0.0304617692021531,0.00582081089158095,0.00110381001203097,0.294072936780624,0.0513524889866736
A7,T2_ctrl_B,T2,ctrl,B,5,JU1934,0.0293579591901222,0.0257447683226032,0.0304617692021531,0.00361319086751901,-0.00110381001203097,0.189472395777885,-0.0532480520160655
A10,T2_pos-1_1,T2,pos-1,1,10,JU1934,0.0448020320191643,0.0238758694692657,0.0297292982838708,0.0209261625498985,0.0150727337352935,0.908010896314909,0.59167875697699
A11,T2_pos-1_2,T2,pos-1,2,10,JU1934,0.0430541171390313,0.0238758694692657,0.0297292982838708,0.0191782476697655,0.0133248188551605,0.850597933290983,0.534265793953063
A12,T2_pos-1_3,T2,pos-1,3,10,JU1934,0.0479355477493119,0.0238758694692657,0.0297292982838708,0.0240596782800462,0.0182062494654411,1.0055426461578,0.689210506819879
A13,T2_pos-1_4,T2,pos-1,4,10,JU1934,0.0533379031943707,0.0238758694692657,0.0297292982838708,0.029462033725105,0.0236086049104999,1.15960783952919,0.843275700191273
A6,T2_ctrl_A,T2,ctrl,A,10,JU1934,0.0307956939209453,0.0238758694692657,0.0297292982838708,0.00691982445167954,0.00106639563707446,0.367175365228837,0.0508432258909175
A7,T2_ctrl_B,T2,ctrl,B,10,JU1934,0.0286629026467964,0.0238758694692657,0.0297292982838708,0.00478703317753063,-0.00106639563707446,0.263631444815937,-0.0527006945219829
A10,T2_pos-1_1,T2,pos-1,1,3,JU2001,0.00293817252761286,0.000525215647152911,0.000154976768908741,0.00241295688045995,0.00278319575870412,2.48393730995463,4.24479523636462
A11,T2_pos-1_2,T2,pos-1,2,3,JU2001,0.0034093713555731,0.000525215647152911,0.000154976768908741,0.00288415570842019,0.00325439458666436,2.6985239467194,4.45938187312938
A12,T2_pos-1_3,T2,pos-1,3,3,JU2001,0.00120068017602268,0.000525215647152911,0.000154976768908741,0.000675464528869765,0.00104570340711394,1.19287011042353,2.95372803683352
A13,T2_pos-1_4,T2,pos-1,4,3,JU2001,0,0.000525215647152911,0.000154976768908741,-0.000525215647152911,-0.000154976768908741,-64.1990202182531,-62.4381622918431
A6,T2_ctrl_A,T2,ctrl,A,3,JU2001,0.000309953537817482,0.000525215647152911,0.000154976768908741,-0.000215262109335429,0.000154976768908741,-0.76085792640999,1
A7,T2_ctrl_B,T2,ctrl,B,3,JU2001,0,0.000525215647152911,0.000154976768908741,-0.000525215647152911,-0.000154976768908741,-64.1990202182531,-62.4381622918431
A10,T2_pos-1_1,T2,pos-1,1,5,JU2001,0.00284389981739591,0.000847993337030441,0.000136489930864564,0.00199590648036547,0.00270740988653135,1.74574580955338,4.38100421407557
A11,T2_pos-1_2,T2,pos-1,2,5,JU2001,0.00298167266920957,0.000847993337030441,0.000136489930864564,0.00213367933217913,0.00284518273834501,1.81399705171065,4.44925545623284
A12,T2_pos-1_3,T2,pos-1,3,5,JU2001,0.00100407693682688,0.000847993337030441,0.000136489930864564,0.000156083599796437,0.000867587005962315,0.243744985010662,2.87900338953285
A13,T2_pos-1_4,T2,pos-1,4,5,JU2001,0,0.000847993337030441,0.000136489930864564,-0.000847993337030441,-0.000136489930864564,-64.8901632498999,-62.2549048453777
A6,T2_ctrl_A,T2,ctrl,A,5,JU2001,0.000272979861729128,0.000847993337030441,0.000136489930864564,-0.000575013475301313,0.000136489930864564,-1.63525840452219,1
A7,T2_ctrl_B,T2,ctrl,B,5,JU2001,0,0.000847993337030441,0.000136489930864564,-0.000847993337030441,-0.000136489930864564,-64.8901632498999,-62.2549048453777
A10,T2_pos-1_1,T2,pos-1,1,10,JU2001,0.00176761617425696,0.000914401461727134,0,0.000853214712529826,0.00176761617425696,0.95090542248808,65.9498434530875
A11,T2_pos-1_2,T2,pos-1,2,10,JU2001,0.000802045542048541,0.000914401461727134,0,-0.000112355919678594,0.000802045542048541,-0.189143551138285,64.8097944794612
A12,T2_pos-1_3,T2,pos-1,3,10,JU2001,0,0.000914401461727134,0,-0.000914401461727134,0,-64.9989380305995,0
A13,T2_pos-1_4,T2,pos-1,4,10,JU2001,0,0.000914401461727134,0,-0.000914401461727134,0,-64.9989380305995,0
A6,T2_ctrl_A,T2,ctrl,A,10,JU2001,0,0.000914401461727134,0,-0.000914401461727134,0,-64.9989380305995,0
A7,T2_ctrl_B,T2,ctrl,B,10,JU2001,0,0.000914401461727134,0,-0.000914401461727134,0,-64.9989380305995,0
A10,T2_pos-1_1,T2,pos-1,1,3,JU2007,0,0,0,0,0,0,0
A11,T2_pos-1_2,T2,pos-1,2,3,JU2007,0,0,0,0,0,0,0
A12,T2_pos-1_3,T2,pos-1,3,3,JU2007,0,0,0,0,0,0,0
A13,T2_pos-1_4,T2,pos-1,4,3,JU2007,0,0,0,0,0,0,0
A6,T2_ctrl_A,T2,ctrl,A,3,JU2007,0,0,0,0,0,0,0
A7,T2_ctrl_B,T2,ctrl,B,3,JU2007,0,0,0,0,0,0,0
A10,T2_pos-1_1,T2,pos-1,1,5,JU2007,0,2.14448650145412e-05,0,-2.14448650145412e-05,0,-59.5848144608281,0
A11,T2_pos-1_2,T2,pos-1,2,5,JU2007,0,2.14448650145412e-05,0,-2.14448650145412e-05,0,-59.5848144608281,0
A12,T2_pos-1_3,T2,pos-1,3,5,JU2007,0,2.14448650145412e-05,0,-2.14448650145412e-05,0,-59.5848144608281,0
A13,T2_pos-1_4,T2,pos-1,4,5,JU2007,0,2.14448650145412e-05,0,-2.14448650145412e-05,0,-59.5848144608281,0
A6,T2_ctrl_A,T2,ctrl,A,5,JU2007,0,2.14448650145412e-05,0,-2.14448650145412e-05,0,-59.5848144608281,0
A7,T2_ctrl_B,T2,ctrl,B,5,JU2007,0,2.14448650145412e-05,0,-2.14448650145412e-05,0,-59.5848144608281,0
A10,T2_pos-1_1,T2,pos-1,1,10,JU2007,0,0.00187368476121359,0,-0.00187368476121359,0,-66.0339166623479,0
A11,T2_pos-1_2,T2,pos-1,2,10,JU2007,0,0.00187368476121359,0,-0.00187368476121359,0,-66.0339166623479,0
A12,T2_pos-1_3,T2,pos-1,3,10,JU2007,0,0.00187368476121359,0,-0.00187368476121359,0,-66.0339166623479,0
A13,T2_pos-1_4,T2,pos-1,4,10,JU2007,0,0.00187368476121359,0,-0.00187368476121359,0,-66.0339166623479,0
A6,T2_ctrl_A,T2,ctrl,A,10,JU2007,0,0.00187368476121359,0,-0.00187368476121359,0,-66.0339166623479,0
A7,T2_ctrl_B,T2,ctrl,B,10,JU2007,0,0.00187368476121359,0,-0.00187368476121359,0,-66.0339166623479,0
A10,T2_pos-1_1,T2,pos-1,1,3,JU2016,0,0,0.000478613658882436,0,-0.000478613658882436,0,-64.0649718905237
A11,T2_pos-1_2,T2,pos-1,2,3,JU2016,0,0,0.000478613658882436,0,-0.000478613658882436,0,-64.0649718905237
A12,T2_pos-1_3,T2,pos-1,3,3,JU2016,0,0,0.000478613658882436,0,-0.000478613658882436,0,-64.0649718905237
A13,T2_pos-1_4,T2,pos-1,4,3,JU2016,0,0,0.000478613658882436,0,-0.000478613658882436,0,-64.0649718905237
A6,T2_ctrl_A,T2,ctrl,A,3,JU2016,0,0,0.000478613658882436,0,-0.000478613658882436,0,-64.0649718905237
A7,T2_ctrl_B,T2,ctrl,B,3,JU2016,0.000957227317764872,0,0.000478613658882436,0.000957227317764872,0.000478613658882436,65.0649718905237,1
A10,T2_pos-1_1,T2,pos-1,1,5,JU2016,0,0,0.000732598007827608,0,-0.000732598007827608,0,-64.6791320987027
A11,T2_pos-1_2,T2,pos-1,2,5,JU2016,0,0,0.000732598007827608,0,-0.000732598007827608,0,-64.6791320987027
A12,T2_pos-1_3,T2,pos-1,3,5,JU2016,0,0,0.000732598007827608,0,-0.000732598007827608,0,-64.6791320987027
A13,T2_pos-1_4,T2,pos-1,4,5,JU2016,0,0,0.000732598007827608,0,-0.000732598007827608,0,-64.6791320987027
A6,T2_ctrl_A,T2,ctrl,A,5,JU2016,0,0,0.000732598007827608,0,-0.000732598007827608,0,-64.6791320987027
A7,T2_ctrl_B,T2,ctrl,B,5,JU2016,0.00146519601565522,0,0.000732598007827608,0.00146519601565522,0.000732598007827608,65.6791320987027,1
A10,T2_pos-1_1,T2,pos-1,1,10,JU2016,0,0,0.0002905780798885,0,-0.0002905780798885,0,-63.3450361964255
A11,T2_pos-1_2,T2,pos-1,2,10,JU2016,0,0,0.0002905780798885,0,-0.0002905780798885,0,-63.3450361964255
A12,T2_pos-1_3,T2,pos-1,3,10,JU2016,0,0,0.0002905780798885,0,-0.0002905780798885,0,-63.3450361964255
A13,T2_pos-1_4,T2,pos-1,4,10,JU2016,0,0,0.0002905780798885,0,-0.0002905780798885,0,-63.3450361964255
A6,T2_ctrl_A,T2,ctrl,A,10,JU2016,0,0,0.0002905780798885,0,-0.0002905780798885,0,-63.3450361964255
A7,T2_ctrl_B,T2,ctrl,B,10,JU2016,0.000581156159777001,0,0.0002905780798885,0.000581156159777001,0.0002905780798885,64.3450361964255,1
A10,T2_pos-1_1,T2,pos-1,1,3,JU2017,0,0,0,0,0,0,0
A11,T2_pos-1_2,T2,pos-1,2,3,JU2017,0,0,0,0,0,0,0
A12,T2_pos-1_3,T2,pos-1,3,3,JU2017,0,0,0,0,0,0,0
A13,T2_pos-1_4,T2,pos-1,4,3,JU2017,0,0,0,0,0,0,0
A6,T2_ctrl_A,T2,ctrl,A,3,JU2017,0,0,0,0,0,0,0
A7,T2_ctrl_B,T2,ctrl,B,3,JU2017,0,0,0,0,0,0,0
A10,T2_pos-1_1,T2,pos-1,1,5,JU2017,0,0,0,0,0,0,0
A11,T2_pos-1_2,T2,pos-1,2,5,JU2017,0,0,0,0,0,0,0
A12,T2_pos-1_3,T2,pos-1,3,5,JU2017,0,0,0,0,0,0,0
A13,T2_pos-1_4,T2,pos-1,4,5,JU2017,0,0,0,0,0,0,0
A6,T2_ctrl_A,T2,ctrl,A,5,JU2017,0,0,0,0,0,0,0
A7,T2_ctrl_B,T2,ctrl,B,5,JU2017,0,0,0,0,0,0,0
A10,T2_pos-1_1,T2,pos-1,1,10,JU2017,0,0,0,0,0,0,0
A11,T2_pos-1_2,T2,pos-1,2,10,JU2017,0.000391266415265609,0,0,0.000391266415265609,0.000391266415265609,63.7742616012254,63.7742616012254
A12,T2_pos-1_3,T2,pos-1,3,10,JU2017,0,0,0,0,0,0,0
A13,T2_pos-1_4,T2,pos-1,4,10,JU2017,0,0,0,0,0,0,0
A6,T2_ctrl_A,T2,ctrl,A,10,JU2017,0,0,0,0,0,0,0
A7,T2_ctrl_B,T2,ctrl,B,10,JU2017,0,0,0,0,0,0,0
A10,T2_pos-1_1,T2,pos-1,1,3,JU2106,0,0.00187012052323223,0,-0.00187012052323223,0,-66.031169665844,0
A11,T2_pos-1_2,T2,pos-1,2,3,JU2106,0.00248599539041208,0.00187012052323223,0,0.000615874867179844,0.00248599539041208,0.410692371167246,66.4418620370112
A12,T2_pos-1_3,T2,pos-1,3,3,JU2106,0,0.00187012052323223,0,-0.00187012052323223,0,-66.031169665844,0
A13,T2_pos-1_4,T2,pos-1,4,3,JU2106,0,0.00187012052323223,0,-0.00187012052323223,0,-66.031169665844,0
A6,T2_ctrl_A,T2,ctrl,A,3,JU2106,0,0.00187012052323223,0,-0.00187012052323223,0,-66.031169665844,0
A7,T2_ctrl_B,T2,ctrl,B,3,JU2106,0,0.00187012052323223,0,-0.00187012052323223,0,-66.031169665844,0
A10,T2_pos-1_1,T2,pos-1,1,5,JU2106,0,0.00205692886823118,0,-0.00205692886823118,0,-66.1685303198042,0
A11,T2_pos-1_2,T2,pos-1,2,5,JU2106,0.00314387648123145,0.00205692886823118,0,0.00108694761300027,0.00314387648123145,0.612052633012292,66.7805829528165
A12,T2_pos-1_3,T2,pos-1,3,5,JU2106,0.000626853400109965,0.00205692886823118,0,-0.00143007546812121,0.000626853400109965,-1.71429191428388,64.4542384055203
A13,T2_pos-1_4,T2,pos-1,4,5,JU2106,0,0.00205692886823118,0,-0.00205692886823118,0,-66.1685303198042,0
A6,T2_ctrl_A,T2,ctrl,A,5,JU2106,0,0.00205692886823118,0,-0.00205692886823118,0,-66.1685303198042,0
A7,T2_ctrl_B,T2,ctrl,B,5,JU2106,0,0.00205692886823118,0,-0.00205692886823118,0,-66.1685303198042,0
A10,T2_pos-1_1,T2,pos-1,1,10,JU2106,0,0.00364743655572105,0.000541518184836287,-0.00364743655572105,-0.000541518184836287,-66.9949212995159,-64.2431201069015
A11,T2_pos-1_2,T2,pos-1,2,10,JU2106,0.00462143380543579,0.00364743655572105,0.000541518184836287,0.000973997249714736,0.0040799156205995,0.341457635153173,3.09325882776754
A12,T2_pos-1_3,T2,pos-1,3,10,JU2106,0,0.00364743655572105,0.000541518184836287,-0.00364743655572105,-0.000541518184836287,-66.9949212995159,-64.2431201069015
A13,T2_pos-1_4,T2,pos-1,4,10,JU2106,0,0.00364743655572105,0.000541518184836287,-0.00364743655572105,-0.000541518184836287,-66.9949212995159,-64.2431201069015
A6,T2_ctrl_A,T2,ctrl,A,10,JU2106,0,0.00364743655572105,0.000541518184836287,-0.00364743655572105,-0.000541518184836287,-66.9949212995159,-64.2431201069015
A7,T2_ctrl_B,T2,ctrl,B,10,JU2106,0.00108303636967257,0.00364743655572105,0.000541518184836287,-0.00256440018604848,0.000541518184836287,-1.75180119261437,1
A10,T2_pos-1_1,T2,pos-1,1,3,JU2131,0,0.00469153191924133,0.002178880104008,-0.00469153191924133,-0.002178880104008,-67.3580974965224,-66.2516252279768
A11,T2_pos-1_2,T2,pos-1,2,3,JU2131,0,0.00469153191924133,0.002178880104008,-0.00469153191924133,-0.002178880104008,-67.3580974965224,-66.2516252279768
A12,T2_pos-1_3,T2,pos-1,3,3,JU2131,0.000679205037901938,0.00469153191924133,0.002178880104008,-0.0040123268813394,-0.00149967506610606,-2.78814001580852,-1.68166774726295
A13,T2_pos-1_4,T2,pos-1,4,3,JU2131,0.00166481599904662,0.00469153191924133,0.002178880104008,-0.00302671592019472,-0.000514064104961382,-1.49469634613209,-0.388224077586524
A6,T2_ctrl_A,T2,ctrl,A,3,JU2131,0.00110858836144683,0.00469153191924133,0.002178880104008,-0.00358294355779451,-0.00107029174256117,-2.08133531419346,-0.97486304564789
A7,T2_ctrl_B,T2,ctrl,B,3,JU2131,0.00324917184656917,0.00469153191924133,0.002178880104008,-0.00144236007267216,0.00107029174256117,-0.529987031946488,0.576485236599082
A10,T2_pos-1_1,T2,pos-1,1,5,JU2131,0,0.00404192404992777,0.00199447716035307,-0.00404192404992777,-0.00199447716035307,-67.1430806286003,-66.1240490182713
A11,T2_pos-1_2,T2,pos-1,2,5,JU2131,0,0.00404192404992777,0.00199447716035307,-0.00404192404992777,-0.00199447716035307,-67.1430806286003,-66.1240490182713
A12,T2_pos-1_3,T2,pos-1,3,5,JU2131,0.00012674351648065,0.00404192404992777,0.00199447716035307,-0.00391518053344712,-0.00186773364387242,-4.99505835922578,-3.97602674889683
A13,T2_pos-1_4,T2,pos-1,4,5,JU2131,0.00148079057443646,0.00404192404992777,0.00199447716035307,-0.00256113347549132,-0.000513686585916614,-1.44867459563127,-0.429642985302319
A6,T2_ctrl_A,T2,ctrl,A,5,JU2131,0.000850515574563151,0.00404192404992777,0.00199447716035307,-0.00319140847536462,-0.00114396158578992,-2.2486326531623,-1.22960104283335
A7,T2_ctrl_B,T2,ctrl,B,5,JU2131,0.003138438746143,0.00404192404992777,0.00199447716035307,-0.000903485303784779,0.00114396158578992,-0.364995161223804,0.654036449105147
A10,T2_pos-1_1,T2,pos-1,1,10,JU2131,0,0.00231053377943993,0.0011230137627746,-0.00231053377943993,-0.0011230137627746,-66.3362645972036,-65.2954140240797
A11,T2_pos-1_2,T2,pos-1,2,10,JU2131,0,0.00231053377943993,0.0011230137627746,-0.00231053377943993,-0.0011230137627746,-66.3362645972036,-65.2954140240797
A12,T2_pos-1_3,T2,pos-1,3,10,JU2131,0,0.00231053377943993,0.0011230137627746,-0.00231053377943993,-0.0011230137627746,-66.3362645972036,-65.2954140240797
A13,T2_pos-1_4,T2,pos-1,4,10,JU2131,0.000728547587680659,0.00231053377943993,0.0011230137627746,-0.00158198619175927,-0.000394466175093939,-1.66513106626257,-0.624280493138658
A6,T2_ctrl_A,T2,ctrl,A,10,JU2131,0,0.00231053377943993,0.0011230137627746,-0.00231053377943993,-0.0011230137627746,-66.3362645972036,-65.2954140240797
A7,T2_ctrl_B,T2,ctrl,B,10,JU2131,0.0022460275255492,0.00231053377943993,0.0011230137627746,-6.45062538907311e-05,0.0011230137627746,-0.040850573123908,1
A10,T2_pos-1_1,T2,pos-1,1,3,JU2141,0.00269972336740418,0,0.0018720620335339,0.00269972336740418,0.00082766133387028,66.56085000189,0.528183344655087
A11,T2_pos-1_2,T2,pos-1,2,3,JU2141,6.73197686238277e-05,0,0.0018720620335339,6.73197686238277e-05,-0.00180474226491007,61.2352124440945,-4.7974542131404
A12,T2_pos-1_3,T2,pos-1,3,3,JU2141,0,0,0.0018720620335339,0,-0.0018720620335339,0,-66.0326666572349
A13,T2_pos-1_4,T2,pos-1,4,3,JU2141,0,0,0.0018720620335339,0,-0.0018720620335339,0,-66.0326666572349
A6,T2_ctrl_A,T2,ctrl,A,3,JU2141,0.00374412406706779,0,0.0018720620335339,0.00374412406706779,0.0018720620335339,67.0326666572349,1
A7,T2_ctrl_B,T2,ctrl,B,3,JU2141,0,0,0.0018720620335339,0,-0.0018720620335339,0,-66.0326666572349
A10,T2_pos-1_1,T2,pos-1,1,5,JU2141,0.00324190603248277,0,0.00205077503895036,0.00324190603248277,0.00119113099353242,66.8248806902538,0.660673031395171
A11,T2_pos-1_2,T2,pos-1,2,5,JU2141,0.000626453530018443,0,0.00205077503895036,0.000626453530018443,-0.00142432150893191,64.4533178159923,-1.71088984286627
A12,T2_pos-1_3,T2,pos-1,3,5,JU2141,0,0,0.00205077503895036,0,-0.00205077503895036,0,-66.1642076588586
A13,T2_pos-1_4,T2,pos-1,4,5,JU2141,0,0,0.00205077503895036,0,-0.00205077503895036,0,-66.1642076588586
A6,T2_ctrl_A,T2,ctrl,A,5,JU2141,0.00410155007790072,0,0.00205077503895036,0.00410155007790072,0.00205077503895036,67.1642076588586,1
A7,T2_ctrl_B,T2,ctrl,B,5,JU2141,0,0,0.00205077503895036,0,-0.00205077503895036,0,-66.1642076588586
A10,T2_pos-1_1,T2,pos-1,1,10,JU2141,0.00415018887570124,0,0.00241280784449841,0.00415018887570124,0.00173738103120283,67.181215410911,0.78246397101191
A11,T2_pos-1_2,T2,pos-1,2,10,JU2141,0.00276767254669879,0,0.00241280784449841,0.00276767254669879,0.000354864702200384,66.5967116783237,0.197960238424559
A12,T2_pos-1_3,T2,pos-1,3,10,JU2141,0.000696194663445685,0,0.00241280784449841,0.000696194663445685,-0.00171661318105273,64.6056010761942,-1.7931503637049
A13,T2_pos-1_4,T2,pos-1,4,10,JU2141,0.000364699549912878,0,0.00241280784449841,0.000364699549912878,-0.00204810829458553,63.6728187400083,-2.72593269989085
A6,T2_ctrl_A,T2,ctrl,A,10,JU2141,0.00482561568899682,0,0.00241280784449841,0.00482561568899682,0.00241280784449841,67.3987514398991,1
A7,T2_ctrl_B,T2,ctrl,B,10,JU2141,0,0,0.00241280784449841,0,-0.00241280784449841,0,-66.3987514398991
A10,T2_pos-1_1,T2,pos-1,1,3,JU2234,0,0,0,0,0,0,0
A11,T2_pos-1_2,T2,pos-1,2,3,JU2234,0,0,0,0,0,0,0
A12,T2_pos-1_3,T2,pos-1,3,3,JU2234,0,0,0,0,0,0,0
A13,T2_pos-1_4,T2,pos-1,4,3,JU2234,0,0,0,0,0,0,0
A6,T2_ctrl_A,T2,ctrl,A,3,JU2234,0,0,0,0,0,0,0
A7,T2_ctrl_B,T2,ctrl,B,3,JU2234,0,0,0,0,0,0,0
A10,T2_pos-1_1,T2,pos-1,1,5,JU2234,0,0,0,0,0,0,0
A11,T2_pos-1_2,T2,pos-1,2,5,JU2234,0,0,0,0,0,0,0
A12,T2_pos-1_3,T2,pos-1,3,5,JU2234,0,0,0,0,0,0,0
A13,T2_pos-1_4,T2,pos-1,4,5,JU2234,0,0,0,0,0,0,0
A6,T2_ctrl_A,T2,ctrl,A,5,JU2234,0,0,0,0,0,0,0
A7,T2_ctrl_B,T2,ctrl,B,5,JU2234,0,0,0,0,0,0,0
A10,T2_pos-1_1,T2,pos-1,1,10,JU2234,0,0.000824342742070583,0,-0.000824342742070583,0,-64.8493546211735,0
A11,T2_pos-1_2,T2,pos-1,2,10,JU2234,0.000870036780991118,0.000824342742070583,0,4.56940389205349e-05,0.000870036780991118,0.0778320921269286,64.9271867133004
A12,T2_pos-1_3,T2,pos-1,3,10,JU2234,0,0.000824342742070583,0,-0.000824342742070583,0,-64.8493546211735,0
A13,T2_pos-1_4,T2,pos-1,4,10,JU2234,0,0.000824342742070583,0,-0.000824342742070583,0,-64.8493546211735,0
A6,T2_ctrl_A,T2,ctrl,A,10,JU2234,0,0.000824342742070583,0,-0.000824342742070583,0,-64.8493546211735,0
A7,T2_ctrl_B,T2,ctrl,B,10,JU2234,0,0.000824342742070583,0,-0.000824342742070583,0,-64.8493546211735,0
A10,T2_pos-1_1,T2,pos-1,1,3,JU2250,0,0,0.00289621099787651,0,-0.00289621099787651,0,-66.6622051267152
A11,T2_pos-1_2,T2,pos-1,2,3,JU2250,5.08554193336148e-05,0,0.00289621099787651,5.08554193336148e-05,-0.0028453555785429,60.8305837468893,-5.83162137982595
A12,T2_pos-1_3,T2,pos-1,3,3,JU2250,0.00472833412663737,0,0.00289621099787651,0.00472833412663737,0.00183212312876086,67.3693704025246,0.707165275809374
A13,T2_pos-1_4,T2,pos-1,4,3,JU2250,0.000634438790579686,0,0.00289621099787651,0.000634438790579686,-0.00226177220729682,64.4715913031775,-2.19061382353777
A6,T2_ctrl_A,T2,ctrl,A,3,JU2250,0.00571413516968891,0,0.00289621099787651,0.00571413516968891,0.0028179241718124,67.6425735797846,0.980368453069355
A7,T2_ctrl_B,T2,ctrl,B,3,JU2250,7.82868260641113e-05,0,0.00289621099787651,7.82868260641113e-05,-0.0028179241718124,61.4529517802951,-5.20925334642018
A10,T2_pos-1_1,T2,pos-1,1,5,JU2250,0,0,0.00419497811662873,0,-0.00419497811662873,0,-67.1967017004695
A11,T2_pos-1_2,T2,pos-1,2,5,JU2250,0.000606928955050422,0,0.00419497811662873,0.000606928955050422,-0.00358804916157831,64.4076379704109,-2.7890637300586
A12,T2_pos-1_3,T2,pos-1,3,5,JU2250,0.00506199971349448,0,0.00419497811662873,0.00506199971349448,0.000867021596865752,67.4677458414887,0.271044141019199
A13,T2_pos-1_4,T2,pos-1,4,5,JU2250,0.000726760200172531,0,0.00419497811662873,0.000726760200172531,-0.0034682179164562,64.6675897357216,-2.52911196474791
A6,T2_ctrl_A,T2,ctrl,A,5,JU2250,0.00705626096309022,0,0.00419497811662873,0.00705626096309022,0.00286128284646149,67.9469423330528,0.750240632583279
A7,T2_ctrl_B,T2,ctrl,B,5,JU2250,0.00133369527016725,0,0.00419497811662873,0.00133369527016725,-0.00286128284646149,65.543467485187,-1.65323421528249
A10,T2_pos-1_1,T2,pos-1,1,10,JU2250,0,0.000640729725140775,0.00492359644777925,-0.000640729725140775,-0.00492359644777925,-64.4858262432886,-67.4277509349009
A11,T2_pos-1_2,T2,pos-1,2,10,JU2250,0.00152199209669762,0.000640729725140775,0.00492359644777925,0.000881262371556841,-0.00340160435108163,1.24817303973418,-1.69375165187813
A12,T2_pos-1_3,T2,pos-1,3,10,JU2250,0.00354372810723202,0.000640729725140775,0.00492359644777925,0.00290299838209125,-0.00137986834054723,2.4674800896759,-0.47444460193642
A13,T2_pos-1_4,T2,pos-1,4,10,JU2250,0.001259308330937,0.000640729725140775,0.00492359644777925,0.000618578605796221,-0.00366428811684225,0.974843730327489,-1.96708096128483
A6,T2_ctrl_A,T2,ctrl,A,10,JU2250,0.00827710644222035,0.000640729725140775,0.00492359644777925,0.00763637671707957,0.0033535099944411,3.69133868275836,0.749413991146039
A7,T2_ctrl_B,T2,ctrl,B,10,JU2250,0.00157008645333815,0.000640729725140775,0.00492359644777925,0.000929356728197375,-0.0033535099944411,1.29305617252283,-1.64886851908949
A10,T2_pos-1_1,T2,pos-1,1,3,JU2257,0,0.00311090829412707,0.00440401433550574,-0.00311090829412707,-0.00440401433550574,-66.7653742822625,-67.2668575807217
A11,T2_pos-1_2,T2,pos-1,2,3,JU2257,0,0.00311090829412707,0.00440401433550574,-0.00311090829412707,-0.00440401433550574,-66.7653742822625,-67.2668575807217
A12,T2_pos-1_3,T2,pos-1,3,3,JU2257,0.0038295017112829,0.00311090829412707,0.00440401433550574,0.000718593417155824,-0.000574512624222842,0.299820816594125,-0.201662481865115
A13,T2_pos-1_4,T2,pos-1,4,3,JU2257,0.00458517071008517,0.00311090829412707,0.00440401433550574,0.00147426241595809,0.000181156374579427,0.559639581104831,0.0581562826455915
A6,T2_ctrl_A,T2,ctrl,A,3,JU2257,0.0057594838641167,0.00311090829412707,0.00440401433550574,0.00264857556998962,0.00135546952861096,0.888603663843224,0.387120365383984
A7,T2_ctrl_B,T2,ctrl,B,3,JU2257,0.00304854480689478,0.00311090829412707,0.00440401433550574,-6.23634872322929e-05,-0.00135546952861096,-0.0292151159768461,-0.530698414436086
A10,T2_pos-1_1,T2,pos-1,1,5,JU2257,0,0.0019878967262073,0.00295709670056254,-0.0019878967262073,-0.00295709670056254,-66.1192812246789,-66.6922198377608
A11,T2_pos-1_2,T2,pos-1,2,5,JU2257,0,0.0019878967262073,0.00295709670056254,-0.0019878967262073,-0.00295709670056254,-66.1192812246789,-66.6922198377608
A12,T2_pos-1_3,T2,pos-1,3,5,JU2257,0.0029417834194893,0.0019878967262073,0.00295709670056254,0.000953886693282,-1.5313281073237e-05,0.565448227163968,-0.00749038591793091
A13,T2_pos-1_4,T2,pos-1,4,5,JU2257,0.0022634341156006,0.0019878967262073,0.00295709670056254,0.000275537389393298,-0.00069366258496194,0.187270504017397,-0.385668109064502
A6,T2_ctrl_A,T2,ctrl,A,5,JU2257,0.00383516270343712,0.0019878967262073,0.00295709670056254,0.00184726597722982,0.000878066002874583,0.948044975123647,0.375106362041749
A7,T2_ctrl_B,T2,ctrl,B,5,JU2257,0.00207903069768796,0.0019878967262073,0.00295709670056254,9.11339714806543e-05,-0.000878066002874583,0.0646682513174129,-0.508270361764486
A10,T2_pos-1_1,T2,pos-1,1,10,JU2257,0,0,0.00280871697036942,0,-0.00280871697036942,0,-66.6179496695594
A11,T2_pos-1_2,T2,pos-1,2,10,JU2257,0,0,0.00280871697036942,0,-0.00280871697036942,0,-66.6179496695594
A12,T2_pos-1_3,T2,pos-1,3,10,JU2257,0.00518532735936827,0,0.00280871697036942,0.00518532735936827,0.00237661038899885,67.5024734876326,0.884523818073262
A13,T2_pos-1_4,T2,pos-1,4,10,JU2257,0.000479801767669632,0,0.00280871697036942,0.000479801767669632,-0.00232891520269979,64.0685487935782,-2.54940087598116
A6,T2_ctrl_A,T2,ctrl,A,10,JU2257,0.00462847163877462,0,0.00280871697036942,0.00462847163877462,0.0018197546684052,67.3385742974816,0.720624627922222
A7,T2_ctrl_B,T2,ctrl,B,10,JU2257,0.000988962301964225,0,0.00280871697036942,0.000988962301964225,-0.0018197546684052,65.1120258490668,-1.50592382049257
A10,T2_pos-1_1,T2,pos-1,1,3,JU2464,0,0.00268095596899974,0,-0.00268095596899974,0,-66.5507859409365,0
A11,T2_pos-1_2,T2,pos-1,2,3,JU2464,0,0.00268095596899974,0,-0.00268095596899974,0,-66.5507859409365,0
A12,T2_pos-1_3,T2,pos-1,3,3,JU2464,0,0.00268095596899974,0,-0.00268095596899974,0,-66.5507859409365,0
A13,T2_pos-1_4,T2,pos-1,4,3,JU2464,0,0.00268095596899974,0,-0.00268095596899974,0,-66.5507859409365,0
A6,T2_ctrl_A,T2,ctrl,A,3,JU2464,0,0.00268095596899974,0,-0.00268095596899974,0,-66.5507859409365,0
A7,T2_ctrl_B,T2,ctrl,B,3,JU2464,0,0.00268095596899974,0,-0.00268095596899974,0,-66.5507859409365,0
A10,T2_pos-1_1,T2,pos-1,1,5,JU2464,0,0.00332653365243255,0,-0.00332653365243255,0,-66.8620580443208,0
A11,T2_pos-1_2,T2,pos-1,2,5,JU2464,0,0.00332653365243255,0,-0.00332653365243255,0,-66.8620580443208,0
A12,T2_pos-1_3,T2,pos-1,3,5,JU2464,0,0.00332653365243255,0,-0.00332653365243255,0,-66.8620580443208,0
A13,T2_pos-1_4,T2,pos-1,4,5,JU2464,0,0.00332653365243255,0,-0.00332653365243255,0,-66.8620580443208,0
A6,T2_ctrl_A,T2,ctrl,A,5,JU2464,0,0.00332653365243255,0,-0.00332653365243255,0,-66.8620580443208,0
A7,T2_ctrl_B,T2,ctrl,B,5,JU2464,0,0.00332653365243255,0,-0.00332653365243255,0,-66.8620580443208,0
A10,T2_pos-1_1,T2,pos-1,1,10,JU2464,0,0.00426329988192719,0,-0.00426329988192719,0,-67.2200089542142,0
A11,T2_pos-1_2,T2,pos-1,2,10,JU2464,0,0.00426329988192719,0,-0.00426329988192719,0,-67.2200089542142,0
A12,T2_pos-1_3,T2,pos-1,3,10,JU2464,0,0.00426329988192719,0,-0.00426329988192719,0,-67.2200089542142,0
A13,T2_pos-1_4,T2,pos-1,4,10,JU2464,0,0.00426329988192719,0,-0.00426329988192719,0,-67.2200089542142,0
A6,T2_ctrl_A,T2,ctrl,A,10,JU2464,0,0.00426329988192719,0,-0.00426329988192719,0,-67.2200089542142,0
A7,T2_ctrl_B,T2,ctrl,B,10,JU2464,0,0.00426329988192719,0,-0.00426329988192719,0,-67.2200089542142,0
A10,T2_pos-1_1,T2,pos-1,1,3,JU2466,0,0,0,0,0,0,0
A11,T2_pos-1_2,T2,pos-1,2,3,JU2466,0,0,0,0,0,0,0
A12,T2_pos-1_3,T2,pos-1,3,3,JU2466,0,0,0,0,0,0,0
A13,T2_pos-1_4,T2,pos-1,4,3,JU2466,0,0,0,0,0,0,0
A6,T2_ctrl_A,T2,ctrl,A,3,JU2466,0,0,0,0,0,0,0
A7,T2_ctrl_B,T2,ctrl,B,3,JU2466,0,0,0,0,0,0,0
A10,T2_pos-1_1,T2,pos-1,1,5,JU2466,0,0,0,0,0,0,0
A11,T2_pos-1_2,T2,pos-1,2,5,JU2466,0,0,0,0,0,0,0
A12,T2_pos-1_3,T2,pos-1,3,5,JU2466,0,0,0,0,0,0,0
A13,T2_pos-1_4,T2,pos-1,4,5,JU2466,0,0,0,0,0,0,0
A6,T2_ctrl_A,T2,ctrl,A,5,JU2466,0,0,0,0,0,0,0
A7,T2_ctrl_B,T2,ctrl,B,5,JU2466,0,0,0,0,0,0,0
A10,T2_pos-1_1,T2,pos-1,1,10,JU2466,0,0.000240806398082879,0,-0.000240806398082879,0,-63.0739840449649,0
A11,T2_pos-1_2,T2,pos-1,2,10,JU2466,0,0.000240806398082879,0,-0.000240806398082879,0,-63.0739840449649,0
A12,T2_pos-1_3,T2,pos-1,3,10,JU2466,0,0.000240806398082879,0,-0.000240806398082879,0,-63.0739840449649,0
A13,T2_pos-1_4,T2,pos-1,4,10,JU2466,0,0.000240806398082879,0,-0.000240806398082879,0,-63.0739840449649,0
A6,T2_ctrl_A,T2,ctrl,A,10,JU2466,0,0.000240806398082879,0,-0.000240806398082879,0,-63.0739840449649,0
A7,T2_ctrl_B,T2,ctrl,B,10,JU2466,0,0.000240806398082879,0,-0.000240806398082879,0,-63.0739840449649,0
A10,T2_pos-1_1,T2,pos-1,1,3,JU2478,0,0.00150940820675708,0,-0.00150940820675708,0,-65.7220214390704,0
A11,T2_pos-1_2,T2,pos-1,2,3,JU2478,0,0.00150940820675708,0,-0.00150940820675708,0,-65.7220214390704,0
A12,T2_pos-1_3,T2,pos-1,3,3,JU2478,4.92264814845432e-05,0.00150940820675708,0,-0.00146018172527253,4.92264814845432e-05,-4.93840458806405,60.7836168510064
A13,T2_pos-1_4,T2,pos-1,4,3,JU2478,0,0.00150940820675708,0,-0.00150940820675708,0,-65.7220214390704,0
A6,T2_ctrl_A,T2,ctrl,A,3,JU2478,0,0.00150940820675708,0,-0.00150940820675708,0,-65.7220214390704,0
A7,T2_ctrl_B,T2,ctrl,B,3,JU2478,0,0.00150940820675708,0,-0.00150940820675708,0,-65.7220214390704,0
A10,T2_pos-1_1,T2,pos-1,1,5,JU2478,0,0.00202194612476759,0,-0.00202194612476759,0,-66.1437829724983,0
A11,T2_pos-1_2,T2,pos-1,2,5,JU2478,0,0.00202194612476759,0,-0.00202194612476759,0,-66.1437829724983,0
A12,T2_pos-1_3,T2,pos-1,3,5,JU2478,0.000535635988383313,0.00202194612476759,0,-0.00148631013638427,0.000535635988383313,-1.91641975578159,64.2273632167167
A13,T2_pos-1_4,T2,pos-1,4,5,JU2478,0,0.00202194612476759,0,-0.00202194612476759,0,-66.1437829724983,0
A6,T2_ctrl_A,T2,ctrl,A,5,JU2478,0,0.00202194612476759,0,-0.00202194612476759,0,-66.1437829724983,0
A7,T2_ctrl_B,T2,ctrl,B,5,JU2478,0,0.00202194612476759,0,-0.00202194612476759,0,-66.1437829724983,0
A10,T2_pos-1_1,T2,pos-1,1,10,JU2478,0,0.00302413910556998,0,-0.00302413910556998,0,-66.7245629184491,0
A11,T2_pos-1_2,T2,pos-1,2,10,JU2478,0,0.00302413910556998,0,-0.00302413910556998,0,-66.7245629184491,0
A12,T2_pos-1_3,T2,pos-1,3,10,JU2478,0.00138500579927413,0.00302413910556998,0,-0.00163913330629585,0.00138500579927413,-1.12663248563681,65.5979304328123
A13,T2_pos-1_4,T2,pos-1,4,10,JU2478,0,0.00302413910556998,0,-0.00302413910556998,0,-66.7245629184491,0
A6,T2_ctrl_A,T2,ctrl,A,10,JU2478,0,0.00302413910556998,0,-0.00302413910556998,0,-66.7245629184491,0
A7,T2_ctrl_B,T2,ctrl,B,10,JU2478,0,0.00302413910556998,0,-0.00302413910556998,0,-66.7245629184491,0
A10,T2_pos-1_1,T2,pos-1,1,3,JU2513,0,0.00264777499069517,0.000244286563897835,-0.00264777499069517,-0.000244286563897835,-66.5328189420699,-63.0946848363535
A11,T2_pos-1_2,T2,pos-1,2,3,JU2513,0,0.00264777499069517,0.000244286563897835,-0.00264777499069517,-0.000244286563897835,-66.5328189420699,-63.0946848363535
A12,T2_pos-1_3,T2,pos-1,3,3,JU2513,0,0.00264777499069517,0.000244286563897835,-0.00264777499069517,-0.000244286563897835,-66.5328189420699,-63.0946848363535
A13,T2_pos-1_4,T2,pos-1,4,3,JU2513,0,0.00264777499069517,0.000244286563897835,-0.00264777499069517,-0.000244286563897835,-66.5328189420699,-63.0946848363535
A6,T2_ctrl_A,T2,ctrl,A,3,JU2513,0.000144380788417774,0.00264777499069517,0.000244286563897835,-0.00250339420227739,-9.99057754800606e-05,-4.19682983401118,-0.758695728294743
A7,T2_ctrl_B,T2,ctrl,B,3,JU2513,0.000344192339377895,0.00264777499069517,0.000244286563897835,-0.00230358265131727,9.99057754800606e-05,-2.94349363330983,0.494640472406605
A10,T2_pos-1_1,T2,pos-1,1,5,JU2513,0,0.00245458536463914,0.000347014497032914,-0.00245458536463914,-0.000347014497032914,-66.4235177567731,-63.6011062555444
A11,T2_pos-1_2,T2,pos-1,2,5,JU2513,0,0.00245458536463914,0.000347014497032914,-0.00245458536463914,-0.000347014497032914,-66.4235177567731,-63.6011062555444
A12,T2_pos-1_3,T2,pos-1,3,5,JU2513,0,0.00245458536463914,0.000347014497032914,-0.00245458536463914,-0.000347014497032914,-66.4235177567731,-63.6011062555444
A13,T2_pos-1_4,T2,pos-1,4,5,JU2513,0,0.00245458536463914,0.000347014497032914,-0.00245458536463914,-0.000347014497032914,-66.4235177567731,-63.6011062555444
A6,T2_ctrl_A,T2,ctrl,A,5,JU2513,0.000235889289238894,0.00245458536463914,0.000347014497032914,-0.00221869607540025,-0.00011112520779402,-3.37929752274042,-0.55688602151163
A7,T2_ctrl_B,T2,ctrl,B,5,JU2513,0.000458139704826935,0.00245458536463914,0.000347014497032914,-0.00199644565981221,0.00011112520779402,-2.42161983605451,0.40079166517428
A10,T2_pos-1_1,T2,pos-1,1,10,JU2513,0,0.00187719315271471,0.000398997587374053,-0.00187719315271471,-0.000398997587374053,-66.0366155187823,-63.802490343712
A11,T2_pos-1_2,T2,pos-1,2,10,JU2513,0,0.00187719315271471,0.000398997587374053,-0.00187719315271471,-0.000398997587374053,-66.0366155187823,-63.802490343712
A12,T2_pos-1_3,T2,pos-1,3,10,JU2513,0,0.00187719315271471,0.000398997587374053,-0.00187719315271471,-0.000398997587374053,-66.0366155187823,-63.802490343712
A13,T2_pos-1_4,T2,pos-1,4,10,JU2513,0,0.00187719315271471,0.000398997587374053,-0.00187719315271471,-0.000398997587374053,-66.0366155187823,-63.802490343712
A6,T2_ctrl_A,T2,ctrl,A,10,JU2513,0,0.00187719315271471,0.000398997587374053,-0.00187719315271471,-0.000398997587374053,-66.0366155187823,-63.802490343712
A7,T2_ctrl_B,T2,ctrl,B,10,JU2513,0.000797995174748106,0.00187719315271471,0.000398997587374053,-0.00107919797796661,0.000398997587374053,-1.2341251750703,1
A10,T2_pos-1_1,T2,pos-1,1,3,JU2519,0,0,0,0,0,0,0
A11,T2_pos-1_2,T2,pos-1,2,3,JU2519,0,0,0,0,0,0,0
A12,T2_pos-1_3,T2,pos-1,3,3,JU2519,0,0,0,0,0,0,0
A13,T2_pos-1_4,T2,pos-1,4,3,JU2519,0,0,0,0,0,0,0
A6,T2_ctrl_A,T2,ctrl,A,3,JU2519,0,0,0,0,0,0,0
A7,T2_ctrl_B,T2,ctrl,B,3,JU2519,0,0,0,0,0,0,0
A10,T2_pos-1_1,T2,pos-1,1,5,JU2519,0,0,0,0,0,0,0
A11,T2_pos-1_2,T2,pos-1,2,5,JU2519,0,0,0,0,0,0,0
A12,T2_pos-1_3,T2,pos-1,3,5,JU2519,0,0,0,0,0,0,0
A13,T2_pos-1_4,T2,pos-1,4,5,JU2519,1.75765414042722e-05,0,0,1.75765414042722e-05,1.75765414042722e-05,59.2978334403275,59.2978334403275
A6,T2_ctrl_A,T2,ctrl,A,5,JU2519,0,0,0,0,0,0,0
A7,T2_ctrl_B,T2,ctrl,B,5,JU2519,0,0,0,0,0,0,0
A10,T2_pos-1_1,T2,pos-1,1,10,JU2519,0,0,0,0,0,0,0
A11,T2_pos-1_2,T2,pos-1,2,10,JU2519,0,0,0,0,0,0,0
A12,T2_pos-1_3,T2,pos-1,3,10,JU2519,0,0,0,0,0,0,0
A13,T2_pos-1_4,T2,pos-1,4,10,JU2519,0,0,0,0,0,0,0
A6,T2_ctrl_A,T2,ctrl,A,10,JU2519,0,0,0,0,0,0,0
A7,T2_ctrl_B,T2,ctrl,B,10,JU2519,0,0,0,0,0,0,0
A10,T2_pos-1_1,T2,pos-1,1,3,JU2522,0.0436478394769696,0.00686761727782032,0.00976119923228886,0.0367802221991492,0.0338866402446807,2.66802869627919,2.16077993463764
A11,T2_pos-1_2,T2,pos-1,2,3,JU2522,0.0459136446206834,0.00686761727782032,0.00976119923228886,0.0390460273428631,0.0361524453883946,2.74104141016258,2.23379264852104
A12,T2_pos-1_3,T2,pos-1,3,3,JU2522,0.0419905598315046,0.00686761727782032,0.00976119923228886,0.0351229425536843,0.0322293605992157,2.61218347534396,2.10493471370242
A13,T2_pos-1_4,T2,pos-1,4,3,JU2522,0.0336061006100148,0.00686761727782032,0.00976119923228886,0.0267384833321945,0.023844901377726,2.29084160584246,1.78359284420092
A6,T2_ctrl_A,T2,ctrl,A,3,JU2522,0.00939527913185654,0.00686761727782032,0.00976119923228886,0.00252766185403622,-0.000365920100432324,0.452126382148157,-0.055122379493385
A7,T2_ctrl_B,T2,ctrl,B,3,JU2522,0.0101271193327212,0.00686761727782032,0.00976119923228886,0.00325950205490087,0.000365920100432326,0.56034230929697,0.0530935476554282
A10,T2_pos-1_1,T2,pos-1,1,5,JU2522,0.0440442909590678,0.00676381215765303,0.00974336892194679,0.0372804788014148,0.034300922037121,2.70304652911116,2.17646243046206
A11,T2_pos-1_2,T2,pos-1,2,5,JU2522,0.0460831506220087,0.00676381215765303,0.00974336892194679,0.0393193384643556,0.0363397817000619,2.76833085524475,2.24174675659566
A12,T2_pos-1_3,T2,pos-1,3,5,JU2522,0.0414135272912791,0.00676381215765303,0.00974336892194679,0.0346497151336261,0.0316701583693323,2.61419358643276,2.08760948778367
A13,T2_pos-1_4,T2,pos-1,4,5,JU2522,0.0339976940037838,0.00676381215765303,0.00974336892194679,0.0272338818461308,0.024254325081837,2.32952839516674,1.80294429651764
A6,T2_ctrl_A,T2,ctrl,A,5,JU2522,0.00923409271987234,0.00676381215765303,0.00974336892194679,0.00247028056221931,-0.000509276202074456,0.449133624358924,-0.0774504742901731
A7,T2_ctrl_B,T2,ctrl,B,5,JU2522,0.0102526451240212,0.00676381215765303,0.00974336892194679,0.00348883296636821,0.000509276202074454,0.60008766548365,0.0735035668345531
A10,T2_pos-1_1,T2,pos-1,1,10,JU2522,0.0447266674933123,0.00748650751568429,0.00908650052661163,0.037240159977628,0.0356401669667007,2.57877051164147,2.29933858659964
A11,T2_pos-1_2,T2,pos-1,2,10,JU2522,0.0459366137726383,0.00748650751568429,0.00908650052661163,0.038450106256954,0.0368501132460267,2.61727975406874,2.33784782902692
A12,T2_pos-1_3,T2,pos-1,3,10,JU2522,0.0420084883769192,0.00748650751568429,0.00908650052661163,0.0345219808612349,0.0329219878503076,2.48831611518454,2.20888419014271
A13,T2_pos-1_4,T2,pos-1,4,10,JU2522,0.0340987224985027,0.00748650751568429,0.00908650052661163,0.0266122149828184,0.025012221971891,2.18735293200283,1.90792100696101
A6,T2_ctrl_A,T2,ctrl,A,10,JU2522,0.00861810216258028,0.00748650751568429,0.00908650052661163,0.00113159464689599,-0.000468398364031349,0.20307734798,-0.0763545770618216
A7,T2_ctrl_B,T2,ctrl,B,10,JU2522,0.00955489889064298,0.00748650751568429,0.00908650052661163,0.00206839137495869,0.00046839836403135,0.351947753893747,0.0725158288519259
A10,T2_pos-1_1,T2,pos-1,1,3,JU2526,0,0,0,0,0,0,0
A11,T2_pos-1_2,T2,pos-1,2,3,JU2526,0,0,0,0,0,0,0
A12,T2_pos-1_3,T2,pos-1,3,3,JU2526,0,0,0,0,0,0,0
A13,T2_pos-1_4,T2,pos-1,4,3,JU2526,0,0,0,0,0,0,0
A6,T2_ctrl_A,T2,ctrl,A,3,JU2526,0,0,0,0,0,0,0
A7,T2_ctrl_B,T2,ctrl,B,3,JU2526,0,0,0,0,0,0,0
A10,T2_pos-1_1,T2,pos-1,1,5,JU2526,0,0,0,0,0,0,0
A11,T2_pos-1_2,T2,pos-1,2,5,JU2526,0,0,0,0,0,0,0
A12,T2_pos-1_3,T2,pos-1,3,5,JU2526,0,0,0,0,0,0,0
A13,T2_pos-1_4,T2,pos-1,4,5,JU2526,0,0,0,0,0,0,0
A6,T2_ctrl_A,T2,ctrl,A,5,JU2526,0,0,0,0,0,0,0
A7,T2_ctrl_B,T2,ctrl,B,5,JU2526,0,0,0,0,0,0,0
A10,T2_pos-1_1,T2,pos-1,1,10,JU2526,0,6.76645190918227e-06,0,-6.76645190918227e-06,0,-57.9206536642642,0
A11,T2_pos-1_2,T2,pos-1,2,10,JU2526,0,6.76645190918227e-06,0,-6.76645190918227e-06,0,-57.9206536642642,0
A12,T2_pos-1_3,T2,pos-1,3,10,JU2526,0,6.76645190918227e-06,0,-6.76645190918227e-06,0,-57.9206536642642,0
A13,T2_pos-1_4,T2,pos-1,4,10,JU2526,0,6.76645190918227e-06,0,-6.76645190918227e-06,0,-57.9206536642642,0
A6,T2_ctrl_A,T2,ctrl,A,10,JU2526,0,6.76645190918227e-06,0,-6.76645190918227e-06,0,-57.9206536642642,0
A7,T2_ctrl_B,T2,ctrl,B,10,JU2526,0,6.76645190918227e-06,0,-6.76645190918227e-06,0,-57.9206536642642,0
A10,T2_pos-1_1,T2,pos-1,1,3,JU2534,0,0,0,0,0,0,0
A11,T2_pos-1_2,T2,pos-1,2,3,JU2534,0,0,0,0,0,0,0
A12,T2_pos-1_3,T2,pos-1,3,3,JU2534,0,0,0,0,0,0,0
A13,T2_pos-1_4,T2,pos-1,4,3,JU2534,0,0,0,0,0,0,0
A6,T2_ctrl_A,T2,ctrl,A,3,JU2534,0,0,0,0,0,0,0
A7,T2_ctrl_B,T2,ctrl,B,3,JU2534,0,0,0,0,0,0,0
A10,T2_pos-1_1,T2,pos-1,1,5,JU2534,0,0,0,0,0,0,0
A11,T2_pos-1_2,T2,pos-1,2,5,JU2534,0,0,0,0,0,0,0
A12,T2_pos-1_3,T2,pos-1,3,5,JU2534,0,0,0,0,0,0,0
A13,T2_pos-1_4,T2,pos-1,4,5,JU2534,0,0,0,0,0,0,0
A6,T2_ctrl_A,T2,ctrl,A,5,JU2534,0,0,0,0,0,0,0
A7,T2_ctrl_B,T2,ctrl,B,5,JU2534,0,0,0,0,0,0,0
A10,T2_pos-1_1,T2,pos-1,1,10,JU2534,0,0,0,0,0,0,0
A11,T2_pos-1_2,T2,pos-1,2,10,JU2534,0,0,0,0,0,0,0
A12,T2_pos-1_3,T2,pos-1,3,10,JU2534,0,0,0,0,0,0,0
A13,T2_pos-1_4,T2,pos-1,4,10,JU2534,0,0,0,0,0,0,0
A6,T2_ctrl_A,T2,ctrl,A,10,JU2534,0,0,0,0,0,0,0
A7,T2_ctrl_B,T2,ctrl,B,10,JU2534,0,0,0,0,0,0,0
A10,T2_pos-1_1,T2,pos-1,1,3,JU2565,0,0.00323155425749174,0,-0.00323155425749174,0,-66.8202666302287,0
A11,T2_pos-1_2,T2,pos-1,2,3,JU2565,0,0.00323155425749174,0,-0.00323155425749174,0,-66.8202666302287,0
A12,T2_pos-1_3,T2,pos-1,3,3,JU2565,0.00124005542343943,0.00323155425749174,0,-0.00199149883405231,0.00124005542343943,-1.38182361219973,65.438443018029
A13,T2_pos-1_4,T2,pos-1,4,3,JU2565,0,0.00323155425749174,0,-0.00323155425749174,0,-66.8202666302287,0
A6,T2_ctrl_A,T2,ctrl,A,3,JU2565,0,0.00323155425749174,0,-0.00323155425749174,0,-66.8202666302287,0
A7,T2_ctrl_B,T2,ctrl,B,3,JU2565,0,0.00323155425749174,0,-0.00323155425749174,0,-66.8202666302287,0
A10,T2_pos-1_1,T2,pos-1,1,5,JU2565,0,0.00346110714800892,0,-0.00346110714800892,0,-66.919272020449,0
A11,T2_pos-1_2,T2,pos-1,2,5,JU2565,0,0.00346110714800892,0,-0.00346110714800892,0,-66.919272020449,0
A12,T2_pos-1_3,T2,pos-1,3,5,JU2565,0.00105761042700535,0.00346110714800892,0,-0.00240349672100357,0.00105761042700535,-1.71042529916167,65.2088467212873
A13,T2_pos-1_4,T2,pos-1,4,5,JU2565,0,0.00346110714800892,0,-0.00346110714800892,0,-66.919272020449,0
A6,T2_ctrl_A,T2,ctrl,A,5,JU2565,0,0.00346110714800892,0,-0.00346110714800892,0,-66.919272020449,0
A7,T2_ctrl_B,T2,ctrl,B,5,JU2565,0,0.00346110714800892,0,-0.00346110714800892,0,-66.919272020449,0
A10,T2_pos-1_1,T2,pos-1,1,10,JU2565,0,0.00460881630670366,0,-0.00460881630670366,0,-67.3324346831122,0
A11,T2_pos-1_2,T2,pos-1,2,10,JU2565,0,0.00460881630670366,0,-0.00460881630670366,0,-67.3324346831122,0
A12,T2_pos-1_3,T2,pos-1,3,10,JU2565,0.00429299874707733,0.00460881630670366,0,-0.000315817559626333,0.00429299874707733,-0.102410515685049,67.2300241674271
A13,T2_pos-1_4,T2,pos-1,4,10,JU2565,0,0.00460881630670366,0,-0.00460881630670366,0,-67.3324346831122,0
A6,T2_ctrl_A,T2,ctrl,A,10,JU2565,0,0.00460881630670366,0,-0.00460881630670366,0,-67.3324346831122,0
A7,T2_ctrl_B,T2,ctrl,B,10,JU2565,0,0.00460881630670366,0,-0.00460881630670366,0,-67.3324346831122,0
A10,T2_pos-1_1,T2,pos-1,1,3,JU2566,0,0,0.00226451256475202,0,-0.00226451256475202,0,-66.3072389599655
A11,T2_pos-1_2,T2,pos-1,2,3,JU2566,0,0,0.00226451256475202,0,-0.00226451256475202,0,-66.3072389599655
A12,T2_pos-1_3,T2,pos-1,3,3,JU2566,0,0,0.00226451256475202,0,-0.00226451256475202,0,-66.3072389599655
A13,T2_pos-1_4,T2,pos-1,4,3,JU2566,0.00164226389614178,0,0.00226451256475202,0.00164226389614178,-0.000622248668610246,65.84372438877,-0.463514571195508
A6,T2_ctrl_A,T2,ctrl,A,3,JU2566,0.00313465503334542,0,0.00226451256475202,0.00313465503334542,0.000870142468593399,66.7763450998503,0.469106139884757
A7,T2_ctrl_B,T2,ctrl,B,3,JU2566,0.00139437009615862,0,0.00226451256475202,0.00139437009615862,-0.000870142468593399,65.6076519503792,-0.699587009586345
A10,T2_pos-1_1,T2,pos-1,1,5,JU2566,0,0,0.00219748762543905,0,-0.00219748762543905,0,-66.2638934569378
A11,T2_pos-1_2,T2,pos-1,2,5,JU2566,0,0,0.00219748762543905,0,-0.00219748762543905,0,-66.2638934569378
A12,T2_pos-1_3,T2,pos-1,3,5,JU2566,0,0,0.00219748762543905,0,-0.00219748762543905,0,-66.2638934569378
A13,T2_pos-1_4,T2,pos-1,4,5,JU2566,0.000935833233819404,0,0.00219748762543905,0.000935833233819404,-0.00126165439161965,65.0323617841881,-1.23153167274967
A6,T2_ctrl_A,T2,ctrl,A,5,JU2566,0.00297830225485088,0,0.00219748762543905,0.00297830225485088,0.000780814629411826,66.7025285898462,0.438635132908425
A7,T2_ctrl_B,T2,ctrl,B,5,JU2566,0.00141667299602723,0,0.00219748762543905,0.00141667299602723,-0.000780814629411827,65.6305452018601,-0.633348255077686
A10,T2_pos-1_1,T2,pos-1,1,10,JU2566,0,0,0.00147288498242272,0,-0.00147288498242272,0,-65.686683190423
A11,T2_pos-1_2,T2,pos-1,2,10,JU2566,0,0,0.00147288498242272,0,-0.00147288498242272,0,-65.686683190423
A12,T2_pos-1_3,T2,pos-1,3,10,JU2566,0,0,0.00147288498242272,0,-0.00147288498242272,0,-65.686683190423
A13,T2_pos-1_4,T2,pos-1,4,10,JU2566,0,0,0.00147288498242272,0,-0.00147288498242272,0,-65.686683190423
A6,T2_ctrl_A,T2,ctrl,A,10,JU2566,0.00132486995571568,0,0.00147288498242272,0.00132486995571568,-0.000148015026707041,65.5338891727665,-0.152794017656473
A7,T2_ctrl_B,T2,ctrl,B,10,JU2566,0.00162090000912976,0,0.00147288498242272,0.00162090000912976,0.000148015026707041,65.8248335116207,0.138150321197783
A10,T2_pos-1_1,T2,pos-1,1,3,JU2570,0,0,0,0,0,0,0
A11,T2_pos-1_2,T2,pos-1,2,3,JU2570,0.00668440123151342,0,0,0.00668440123151342,0.00668440123151342,67.8688367495348,67.8688367495348
A12,T2_pos-1_3,T2,pos-1,3,3,JU2570,0.00777408669476848,0,0,0.00777408669476848,0.00777408669476848,68.0867116120549,68.0867116120549
A13,T2_pos-1_4,T2,pos-1,4,3,JU2570,0.0133911747189756,0,0,0.0133911747189756,0.0133911747189756,68.8712490348675,68.8712490348675
A6,T2_ctrl_A,T2,ctrl,A,3,JU2570,0,0,0,0,0,0,0
A7,T2_ctrl_B,T2,ctrl,B,3,JU2570,0,0,0,0,0,0,0
A10,T2_pos-1_1,T2,pos-1,1,5,JU2570,0,0,0,0,0,0,0
A11,T2_pos-1_2,T2,pos-1,2,5,JU2570,0.00799442999788391,0,0,0.00799442999788391,0.00799442999788391,68.1270335890457,68.1270335890457
A12,T2_pos-1_3,T2,pos-1,3,5,JU2570,0.00832574293180103,0,0,0.00832574293180103,0.00832574293180103,68.1856174297657,68.1856174297657
A13,T2_pos-1_4,T2,pos-1,4,5,JU2570,0.0147608036358674,0,0,0.0147608036358674,0.0147608036358674,69.0117377800787,69.0117377800787
A6,T2_ctrl_A,T2,ctrl,A,5,JU2570,0,0,0,0,0,0,0
A7,T2_ctrl_B,T2,ctrl,B,5,JU2570,0,0,0,0,0,0,0
A10,T2_pos-1_1,T2,pos-1,1,10,JU2570,0,0,0,0,0,0,0
A11,T2_pos-1_2,T2,pos-1,2,10,JU2570,0.0122571791700159,0,0,0.0122571791700159,0.0122571791700159,68.7435935103559,68.7435935103559
A12,T2_pos-1_3,T2,pos-1,3,10,JU2570,0.0104632399237635,0,0,0.0104632399237635,0.0104632399237635,68.5152961593179,68.5152961593179
A13,T2_pos-1_4,T2,pos-1,4,10,JU2570,0.0155606352361002,0,0,0.0155606352361002,0.0155606352361002,69.0878674676464,69.0878674676464
A6,T2_ctrl_A,T2,ctrl,A,10,JU2570,0,0,0,0,0,0,0
A7,T2_ctrl_B,T2,ctrl,B,10,JU2570,0,0,0,0,0,0,0
A10,T2_pos-1_1,T2,pos-1,1,3,JU2572,0,0.00304384842374154,0,-0.00304384842374154,0,-66.7339349336168,0
A11,T2_pos-1_2,T2,pos-1,2,3,JU2572,0,0.00304384842374154,0,-0.00304384842374154,0,-66.7339349336168,0
A12,T2_pos-1_3,T2,pos-1,3,3,JU2572,0,0.00304384842374154,0,-0.00304384842374154,0,-66.7339349336168,0
A13,T2_pos-1_4,T2,pos-1,4,3,JU2572,0,0.00304384842374154,0,-0.00304384842374154,0,-66.7339349336168,0
A6,T2_ctrl_A,T2,ctrl,A,3,JU2572,0,0.00304384842374154,0,-0.00304384842374154,0,-66.7339349336168,0
A7,T2_ctrl_B,T2,ctrl,B,3,JU2572,0,0.00304384842374154,0,-0.00304384842374154,0,-66.7339349336168,0
A10,T2_pos-1_1,T2,pos-1,1,5,JU2572,0,0.00392430023619936,0,-0.00392430023619936,0,-67.1004738376569,0
A11,T2_pos-1_2,T2,pos-1,2,5,JU2572,0,0.00392430023619936,0,-0.00392430023619936,0,-67.1004738376569,0
A12,T2_pos-1_3,T2,pos-1,3,5,JU2572,0,0.00392430023619936,0,-0.00392430023619936,0,-67.1004738376569,0
A13,T2_pos-1_4,T2,pos-1,4,5,JU2572,0,0.00392430023619936,0,-0.00392430023619936,0,-67.1004738376569,0
A6,T2_ctrl_A,T2,ctrl,A,5,JU2572,0,0.00392430023619936,0,-0.00392430023619936,0,-67.1004738376569,0
A7,T2_ctrl_B,T2,ctrl,B,5,JU2572,0,0.00392430023619936,0,-0.00392430023619936,0,-67.1004738376569,0
A10,T2_pos-1_1,T2,pos-1,1,10,JU2572,0,0.00473770595339112,0,-0.00473770595339112,0,-67.3722270759139,0
A11,T2_pos-1_2,T2,pos-1,2,10,JU2572,0,0.00473770595339112,0,-0.00473770595339112,0,-67.3722270759139,0
A12,T2_pos-1_3,T2,pos-1,3,10,JU2572,0,0.00473770595339112,0,-0.00473770595339112,0,-67.3722270759139,0
A13,T2_pos-1_4,T2,pos-1,4,10,JU2572,0.0014247175629773,0.00473770595339112,0,-0.00331298839041382,0.0014247175629773,-1.7335127134869,65.638714362427
A6,T2_ctrl_A,T2,ctrl,A,10,JU2572,0,0.00473770595339112,0,-0.00473770595339112,0,-67.3722270759139,0
A7,T2_ctrl_B,T2,ctrl,B,10,JU2572,0,0.00473770595339112,0,-0.00473770595339112,0,-67.3722270759139,0
A10,T2_pos-1_1,T2,pos-1,1,3,JU2575,0,0.013103631403729,0,-0.013103631403729,0,-68.8399331912115,0
A11,T2_pos-1_2,T2,pos-1,2,3,JU2575,0.00226646427527293,0.013103631403729,0,-0.010837167128456,0.00226646427527293,-2.53145135432852,66.308481836883
A12,T2_pos-1_3,T2,pos-1,3,3,JU2575,0.00427196143497976,0.013103631403729,0,-0.00883166996874921,0.00427196143497976,-1.61699615232344,67.222937038888
A13,T2_pos-1_4,T2,pos-1,4,3,JU2575,0.00195698954948221,0.013103631403729,0,-0.0111466418542468,0.00195698954948221,-2.74325872366485,66.0966744675466
A6,T2_ctrl_A,T2,ctrl,A,3,JU2575,0,0.013103631403729,0,-0.013103631403729,0,-68.8399331912115,0
A7,T2_ctrl_B,T2,ctrl,B,3,JU2575,0,0.013103631403729,0,-0.013103631403729,0,-68.8399331912115,0
A10,T2_pos-1_1,T2,pos-1,1,5,JU2575,0,0.0128067330950404,0,-0.0128067330950404,0,-68.8068690121268,0
A11,T2_pos-1_2,T2,pos-1,2,5,JU2575,0.00194732571789935,0.0128067330950404,0,-0.010859407377141,0.00194732571789935,-2.71733638094199,66.0895326311848
A12,T2_pos-1_3,T2,pos-1,3,5,JU2575,0.00415468488893974,0.0128067330950404,0,-0.00865204820610062,0.00415468488893974,-1.6240915361392,67.1827774759876
A13,T2_pos-1_4,T2,pos-1,4,5,JU2575,0.00125161501325788,0.0128067330950404,0,-0.0115551180817825,0.00125161501325788,-3.35503972735243,65.4518292847744
A6,T2_ctrl_A,T2,ctrl,A,5,JU2575,0,0.0128067330950404,0,-0.0128067330950404,0,-68.8068690121268,0
A7,T2_ctrl_B,T2,ctrl,B,5,JU2575,0,0.0128067330950404,0,-0.0128067330950404,0,-68.8068690121268,0
A10,T2_pos-1_1,T2,pos-1,1,10,JU2575,0,0.0135455532994151,0,-0.0135455532994151,0,-68.8877858355381,0
A11,T2_pos-1_2,T2,pos-1,2,10,JU2575,0.00194516756547659,0.0135455532994151,0,-0.0116003857339385,0.00194516756547659,-2.79985297904272,66.0879328564954
A12,T2_pos-1_3,T2,pos-1,3,10,JU2575,0.000396934451188192,0.0135455532994151,0,-0.0131486188482269,0.000396934451188192,-5.09277473092229,63.7950111046158
A13,T2_pos-1_4,T2,pos-1,4,10,JU2575,0,0.0135455532994151,0,-0.0135455532994151,0,-68.8877858355381,0
A6,T2_ctrl_A,T2,ctrl,A,10,JU2575,0,0.0135455532994151,0,-0.0135455532994151,0,-68.8877858355381,0
A7,T2_ctrl_B,T2,ctrl,B,10,JU2575,0,0.0135455532994151,0,-0.0135455532994151,0,-68.8877858355381,0
A10,T2_pos-1_1,T2,pos-1,1,3,JU2578,0.00352099039300935,0.000401437412349534,0.00298131249804191,0.00311955298065982,0.000539677894967442,3.13273430938162,0.240033685793331
A11,T2_pos-1_2,T2,pos-1,2,3,JU2578,0.00642283606927103,0.000401437412349534,0.00298131249804191,0.0060213986569215,0.00344152357122912,3.99996349341097,1.10726286982269
A12,T2_pos-1_3,T2,pos-1,3,3,JU2578,0.00212469677052061,0.000401437412349534,0.00298131249804191,0.00172325935817107,-0.000856615727521302,2.40400997797935,-0.488690645608939
A13,T2_pos-1_4,T2,pos-1,4,3,JU2578,0,0.000401437412349534,0.00298131249804191,-0.000401437412349534,-0.00298131249804191,-63.8112853971399,-66.7039860207282
A6,T2_ctrl_A,T2,ctrl,A,3,JU2578,0.00493802679476656,0.000401437412349534,0.00298131249804191,0.00453658938241703,0.00195671429672465,3.62068768342273,0.72798705983445
A7,T2_ctrl_B,T2,ctrl,B,3,JU2578,0.00102459820131726,0.000401437412349534,0.00298131249804191,0.000623160788967726,-0.00195671429672465,1.35181128281101,-1.54088934077728
A10,T2_pos-1_1,T2,pos-1,1,5,JU2578,0.002705888138584,0,0.00249105463090741,0.002705888138584,0.000214833507676597,66.5641406152296,0.119345538101822
A11,T2_pos-1_2,T2,pos-1,2,5,JU2578,0.00560244799000725,0,0.00249105463090741,0.00560244799000725,0.00311139335909984,67.6140957663198,1.16930068919202
A12,T2_pos-1_3,T2,pos-1,3,5,JU2578,0.000993778030420015,0,0.00249105463090741,0.000993778030420015,-0.00149727660048739,65.1190339692021,-1.32576110792564
A13,T2_pos-1_4,T2,pos-1,4,5,JU2578,0,0,0.00249105463090741,0,-0.00249105463090741,0,-66.4447950771278
A6,T2_ctrl_A,T2,ctrl,A,5,JU2578,0.00443690514563645,0,0.00249105463090741,0.00443690514563645,0.00194585051472904,67.2775921265317,0.832797049403949
A7,T2_ctrl_B,T2,ctrl,B,5,JU2578,0.000545204116178363,0,0.00249105463090741,0.000545204116178363,-0.00194585051472904,64.2529067750418,-2.19188830208602
A10,T2_pos-1_1,T2,pos-1,1,10,JU2578,0.00214655789250486,0,0.00181400379523193,0.00214655789250486,0.000332554097272929,66.2300634983827,0.242847608432311
A11,T2_pos-1_2,T2,pos-1,2,10,JU2578,0.00481494493741696,0,0.00181400379523193,0.00481494493741696,0.00300094114218503,67.3955577155359,1.40834182558551
A12,T2_pos-1_3,T2,pos-1,3,10,JU2578,0,0,0.00181400379523193,0,-0.00181400379523193,0,-65.9872158899504
A13,T2_pos-1_4,T2,pos-1,4,10,JU2578,0,0,0.00181400379523193,0,-0.00181400379523193,0,-65.9872158899504
A6,T2_ctrl_A,T2,ctrl,A,10,JU2578,0.00362800759046386,0,0.00181400379523193,0.00362800759046386,0.00181400379523193,66.9872158899504,1
A7,T2_ctrl_B,T2,ctrl,B,10,JU2578,0,0,0.00181400379523193,0,-0.00181400379523193,0,-65.9872158899504
A10,T2_pos-1_1,T2,pos-1,1,3,JU2581,0,0.00149183941344433,0,-0.00149183941344433,0,-65.7051306631545,0
A11,T2_pos-1_2,T2,pos-1,2,3,JU2581,0,0.00149183941344433,0,-0.00149183941344433,0,-65.7051306631545,0
A12,T2_pos-1_3,T2,pos-1,3,3,JU2581,0,0.00149183941344433,0,-0.00149183941344433,0,-65.7051306631545,0
A13,T2_pos-1_4,T2,pos-1,4,3,JU2581,0,0.00149183941344433,0,-0.00149183941344433,0,-65.7051306631545,0
A6,T2_ctrl_A,T2,ctrl,A,3,JU2581,0,0.00149183941344433,0,-0.00149183941344433,0,-65.7051306631545,0
A7,T2_ctrl_B,T2,ctrl,B,3,JU2581,0,0.00149183941344433,0,-0.00149183941344433,0,-65.7051306631545,0
A10,T2_pos-1_1,T2,pos-1,1,5,JU2581,0,0.0018132299063859,0.000268999410499895,-0.0018132299063859,-0.000268999410499895,-65.9866002772223,-63.2337133319923
A11,T2_pos-1_2,T2,pos-1,2,5,JU2581,0,0.0018132299063859,0.000268999410499895,-0.0018132299063859,-0.000268999410499895,-65.9866002772223,-63.2337133319923
A12,T2_pos-1_3,T2,pos-1,3,5,JU2581,0,0.0018132299063859,0.000268999410499895,-0.0018132299063859,-0.000268999410499895,-65.9866002772223,-63.2337133319923
A13,T2_pos-1_4,T2,pos-1,4,5,JU2581,0,0.0018132299063859,0.000268999410499895,-0.0018132299063859,-0.000268999410499895,-65.9866002772223,-63.2337133319923
A6,T2_ctrl_A,T2,ctrl,A,5,JU2581,0,0.0018132299063859,0.000268999410499895,-0.0018132299063859,-0.000268999410499895,-65.9866002772223,-63.2337133319923
A7,T2_ctrl_B,T2,ctrl,B,5,JU2581,0.00053799882099979,0.0018132299063859,0.000268999410499895,-0.00127523108538611,0.000268999410499895,-1.75288694522998,1
A10,T2_pos-1_1,T2,pos-1,1,10,JU2581,0.000306259496555012,0.00266195220842074,0.000198164387768699,-0.00235569271186573,0.000108095108786314,-3.11965818464304,0.628056861884296
A11,T2_pos-1_2,T2,pos-1,2,10,JU2581,0,0.00266195220842074,0.000198164387768699,-0.00266195220842074,-0.000198164387768699,-66.5405230856331,-62.7928080391058
A12,T2_pos-1_3,T2,pos-1,3,10,JU2581,0,0.00266195220842074,0.000198164387768699,-0.00266195220842074,-0.000198164387768699,-66.5405230856331,-62.7928080391058
A13,T2_pos-1_4,T2,pos-1,4,10,JU2581,0,0.00266195220842074,0.000198164387768699,-0.00266195220842074,-0.000198164387768699,-66.5405230856331,-62.7928080391058
A6,T2_ctrl_A,T2,ctrl,A,10,JU2581,0,0.00266195220842074,0.000198164387768699,-0.00266195220842074,-0.000198164387768699,-66.5405230856331,-62.7928080391058
A7,T2_ctrl_B,T2,ctrl,B,10,JU2581,0.000396328775537397,0.00266195220842074,0.000198164387768699,-0.00226562343288334,0.000198164387768699,-2.74771504652734,1
A10,T2_pos-1_1,T2,pos-1,1,3,JU2586,0,0.00736621982245743,0.00671116616047405,-0.00736621982245743,-0.00671116616047405,-68.0089628664273,-67.8746018926654
A11,T2_pos-1_2,T2,pos-1,2,3,JU2586,0,0.00736621982245743,0.00671116616047405,-0.00736621982245743,-0.00671116616047405,-68.0089628664273,-67.8746018926654
A12,T2_pos-1_3,T2,pos-1,3,3,JU2586,0,0.00736621982245743,0.00671116616047405,-0.00736621982245743,-0.00671116616047405,-68.0089628664273,-67.8746018926654
A13,T2_pos-1_4,T2,pos-1,4,3,JU2586,0,0.00736621982245743,0.00671116616047405,-0.00736621982245743,-0.00671116616047405,-68.0089628664273,-67.8746018926654
A6,T2_ctrl_A,T2,ctrl,A,3,JU2586,0.00690854977900588,0.00736621982245743,0.00671116616047405,-0.000457670043451548,0.000197383618531831,-0.0925415543320387,0.041819419429842
A7,T2_ctrl_B,T2,ctrl,B,3,JU2586,0.00651378254194222,0.00736621982245743,0.00671116616047405,-0.000852437280515212,-0.000197383618531832,-0.177428893555186,-0.0430679197933051
A10,T2_pos-1_1,T2,pos-1,1,5,JU2586,0,0.0077855130081294,0.00714019917457718,-0.0077855130081294,-0.00714019917457718,-68.0888305211399,-67.9640027342311
A11,T2_pos-1_2,T2,pos-1,2,5,JU2586,0,0.0077855130081294,0.00714019917457718,-0.0077855130081294,-0.00714019917457718,-68.0888305211399,-67.9640027342311
A12,T2_pos-1_3,T2,pos-1,3,5,JU2586,0,0.0077855130081294,0.00714019917457718,-0.0077855130081294,-0.00714019917457718,-68.0888305211399,-67.9640027342311
A13,T2_pos-1_4,T2,pos-1,4,5,JU2586,0,0.0077855130081294,0.00714019917457718,-0.0077855130081294,-0.00714019917457718,-68.0888305211399,-67.9640027342311
A6,T2_ctrl_A,T2,ctrl,A,5,JU2586,0.00751873109467858,0.0077855130081294,0.00714019917457718,-0.000266781913450815,0.000378531920101404,-0.0503029007063863,0.074524886202429
A7,T2_ctrl_B,T2,ctrl,B,5,JU2586,0.00676166725447578,0.0077855130081294,0.00714019917457718,-0.00102384575365362,-0.000378531920101403,-0.203413083316693,-0.0785852964078783
A10,T2_pos-1_1,T2,pos-1,1,10,JU2586,0,0.00663549171230425,0.00684075490478438,-0.00663549171230425,-0.00684075490478438,-67.8582417938183,-67.9021939567853
A11,T2_pos-1_2,T2,pos-1,2,10,JU2586,0,0.00663549171230425,0.00684075490478438,-0.00663549171230425,-0.00684075490478438,-67.8582417938183,-67.9021939567853
A12,T2_pos-1_3,T2,pos-1,3,10,JU2586,0,0.00663549171230425,0.00684075490478438,-0.00663549171230425,-0.00684075490478438,-67.8582417938183,-67.9021939567853
A13,T2_pos-1_4,T2,pos-1,4,10,JU2586,0,0.00663549171230425,0.00684075490478438,-0.00663549171230425,-0.00684075490478438,-67.8582417938183,-67.9021939567853
A6,T2_ctrl_A,T2,ctrl,A,10,JU2586,0.0078461171017436,0.00663549171230425,0.00684075490478438,0.00121062538943936,0.00100536219695922,0.241775489390721,0.197823326423666
A7,T2_ctrl_B,T2,ctrl,B,10,JU2586,0.00583539270782516,0.00663549171230425,0.00684075490478438,-0.000800099004479089,-0.00100536219695922,-0.185373629033687,-0.229325792000742
A10,T2_pos-1_1,T2,pos-1,1,3,JU2587,0,0,0.000580380942285936,0,-0.000580380942285936,0,-64.3431104678473
A11,T2_pos-1_2,T2,pos-1,2,3,JU2587,0,0,0.000580380942285936,0,-0.000580380942285936,0,-64.3431104678473
A12,T2_pos-1_3,T2,pos-1,3,3,JU2587,0,0,0.000580380942285936,0,-0.000580380942285936,0,-64.3431104678473
A13,T2_pos-1_4,T2,pos-1,4,3,JU2587,0,0,0.000580380942285936,0,-0.000580380942285936,0,-64.3431104678473
A6,T2_ctrl_A,T2,ctrl,A,3,JU2587,0.00116076188457187,0,0.000580380942285936,0.00116076188457187,0.000580380942285936,65.3431104678473,1
A7,T2_ctrl_B,T2,ctrl,B,3,JU2587,0,0,0.000580380942285936,0,-0.000580380942285936,0,-64.3431104678473
A10,T2_pos-1_1,T2,pos-1,1,5,JU2587,0,0,0.0005785391732559,0,-0.0005785391732559,0,-64.3385249692484
A11,T2_pos-1_2,T2,pos-1,2,5,JU2587,0,0,0.0005785391732559,0,-0.0005785391732559,0,-64.3385249692484
A12,T2_pos-1_3,T2,pos-1,3,5,JU2587,0,0,0.0005785391732559,0,-0.0005785391732559,0,-64.3385249692484
A13,T2_pos-1_4,T2,pos-1,4,5,JU2587,0,0,0.0005785391732559,0,-0.0005785391732559,0,-64.3385249692484
A6,T2_ctrl_A,T2,ctrl,A,5,JU2587,0.0011570783465118,0,0.0005785391732559,0.0011570783465118,0.0005785391732559,65.3385249692484,1
A7,T2_ctrl_B,T2,ctrl,B,5,JU2587,0,0,0.0005785391732559,0,-0.0005785391732559,0,-64.3385249692484
A10,T2_pos-1_1,T2,pos-1,1,10,JU2587,0,0,0.00109093627021853,0,-0.00109093627021853,0,-65.2536052411654
A11,T2_pos-1_2,T2,pos-1,2,10,JU2587,0,0,0.00109093627021853,0,-0.00109093627021853,0,-65.2536052411654
A12,T2_pos-1_3,T2,pos-1,3,10,JU2587,0,0,0.00109093627021853,0,-0.00109093627021853,0,-65.2536052411654
A13,T2_pos-1_4,T2,pos-1,4,10,JU2587,0,0,0.00109093627021853,0,-0.00109093627021853,0,-65.2536052411654
A6,T2_ctrl_A,T2,ctrl,A,10,JU2587,0.00218187254043705,0,0.00109093627021853,0.00218187254043705,0.00109093627021853,66.2536052411654,1
A7,T2_ctrl_B,T2,ctrl,B,10,JU2587,0,0,0.00109093627021853,0,-0.00109093627021853,0,-65.2536052411654
A10,T2_pos-1_1,T2,pos-1,1,3,JU2592,0,0,0.00471386706905569,0,-0.00471386706905569,0,-67.3649494908899
A11,T2_pos-1_2,T2,pos-1,2,3,JU2592,0,0,0.00471386706905569,0,-0.00471386706905569,0,-67.3649494908899
A12,T2_pos-1_3,T2,pos-1,3,3,JU2592,0.00160559684396609,0,0.00471386706905569,0.00160559684396609,-0.0031082702250896,65.8111481016848,-1.55380138920511
A13,T2_pos-1_4,T2,pos-1,4,3,JU2592,0.00239487656580427,0,0.00471386706905569,0.00239487656580427,-0.00231899050325142,66.3879897157108,-0.976959775179053
A6,T2_ctrl_A,T2,ctrl,A,3,JU2592,0.00605603912220668,0,0.00471386706905569,0.00605603912220668,0.00134217205315099,67.7264129409055,0.361463450015597
A7,T2_ctrl_B,T2,ctrl,B,3,JU2592,0.0033716950159047,0,0.00471386706905569,0.0033716950159047,-0.00134217205315099,66.8815124600002,-0.483437030889749
A10,T2_pos-1_1,T2,pos-1,1,5,JU2592,0,0,0.0047498393270903,0,-0.0047498393270903,0,-67.3759171278906
A11,T2_pos-1_2,T2,pos-1,2,5,JU2592,0,0,0.0047498393270903,0,-0.0047498393270903,0,-67.3759171278906
A12,T2_pos-1_3,T2,pos-1,3,5,JU2592,0.00178334409546578,0,0.0047498393270903,0.00178334409546578,-0.00296649523162451,65.9626235128966,-1.41329361499404
A13,T2_pos-1_4,T2,pos-1,4,5,JU2592,0.00196566934210977,0,0.0047498393270903,0.00196566934210977,-0.00278416998498053,66.1030590727662,-1.27285805512442
A6,T2_ctrl_A,T2,ctrl,A,5,JU2592,0.00626339894345325,0,0.0047498393270903,0.00626339894345325,0.00151355961636295,67.7749841891635,0.399067061272857
A7,T2_ctrl_B,T2,ctrl,B,5,JU2592,0.00323627971072734,0,0.0047498393270903,0.00323627971072734,-0.00151355961636295,66.822374720571,-0.553542407319639
A10,T2_pos-1_1,T2,pos-1,1,10,JU2592,0,0,0.00605844107314651,0,-0.00605844107314651,0,-67.7269850302893
A11,T2_pos-1_2,T2,pos-1,2,10,JU2592,0,0,0.00605844107314651,0,-0.00605844107314651,0,-67.7269850302893
A12,T2_pos-1_3,T2,pos-1,3,10,JU2592,0.00155074164963691,0,0.00605844107314651,0.00155074164963691,-0.00450769942350959,65.7609967720675,-1.96598825822172
A13,T2_pos-1_4,T2,pos-1,4,10,JU2592,0.00348549571257746,0,0.00605844107314651,0.00348549571257746,-0.00257294536056905,66.9294022686958,-0.797582761593499
A6,T2_ctrl_A,T2,ctrl,A,10,JU2592,0.00748065828818154,0,0.00605844107314651,0.00748065828818154,0.00142221721503503,68.0312036466784,0.304218616389181
A7,T2_ctrl_B,T2,ctrl,B,10,JU2592,0.00463622385811148,0,0.00605844107314651,0.00463622385811148,-0.00142221721503503,67.3409886436427,-0.385996386646573
A10,T2_pos-1_1,T2,pos-1,1,3,JU2593,0,0,0,0,0,0,0
A11,T2_pos-1_2,T2,pos-1,2,3,JU2593,0,0,0,0,0,0,0
A12,T2_pos-1_3,T2,pos-1,3,3,JU2593,0,0,0,0,0,0,0
A13,T2_pos-1_4,T2,pos-1,4,3,JU2593,0,0,0,0,0,0,0
A6,T2_ctrl_A,T2,ctrl,A,3,JU2593,0,0,0,0,0,0,0
A7,T2_ctrl_B,T2,ctrl,B,3,JU2593,0,0,0,0,0,0,0
A10,T2_pos-1_1,T2,pos-1,1,5,JU2593,0,0,0,0,0,0,0
A11,T2_pos-1_2,T2,pos-1,2,5,JU2593,0,0,0,0,0,0,0
A12,T2_pos-1_3,T2,pos-1,3,5,JU2593,0,0,0,0,0,0,0
A13,T2_pos-1_4,T2,pos-1,4,5,JU2593,0,0,0,0,0,0,0
A6,T2_ctrl_A,T2,ctrl,A,5,JU2593,0,0,0,0,0,0,0
A7,T2_ctrl_B,T2,ctrl,B,5,JU2593,0,0,0,0,0,0,0
A10,T2_pos-1_1,T2,pos-1,1,10,JU2593,0,0,0,0,0,0,0
A11,T2_pos-1_2,T2,pos-1,2,10,JU2593,0,0,0,0,0,0,0
A12,T2_pos-1_3,T2,pos-1,3,10,JU2593,0,0,0,0,0,0,0
A13,T2_pos-1_4,T2,pos-1,4,10,JU2593,0,0,0,0,0,0,0
A6,T2_ctrl_A,T2,ctrl,A,10,JU2593,0,0,0,0,0,0,0
A7,T2_ctrl_B,T2,ctrl,B,10,JU2593,0,0,0,0,0,0,0
A10,T2_pos-1_1,T2,pos-1,1,3,JU2610,0,0.00380068549244847,0.00169365933719941,-0.00380068549244847,-0.00169365933719941,-67.0542980625061,-65.8881821357275
A11,T2_pos-1_2,T2,pos-1,2,3,JU2610,0,0.00380068549244847,0.00169365933719941,-0.00380068549244847,-0.00169365933719941,-67.0542980625061,-65.8881821357275
A12,T2_pos-1_3,T2,pos-1,3,3,JU2610,0.00465007313528104,0.00380068549244847,0.00169365933719941,0.000849387642832576,0.00295641379808164,0.290993759964439,1.45710968674308
A13,T2_pos-1_4,T2,pos-1,4,3,JU2610,0,0.00380068549244847,0.00169365933719941,-0.00380068549244847,-0.00169365933719941,-67.0542980625061,-65.8881821357275
A6,T2_ctrl_A,T2,ctrl,A,3,JU2610,0,0.00380068549244847,0.00169365933719941,-0.00380068549244847,-0.00169365933719941,-67.0542980625061,-65.8881821357275
A7,T2_ctrl_B,T2,ctrl,B,3,JU2610,0.00338731867439881,0.00380068549244847,0.00169365933719941,-0.000413366818049652,0.00169365933719941,-0.16611592677864,1
A10,T2_pos-1_1,T2,pos-1,1,5,JU2610,0.000898282521971862,0.00371686617261037,0.00185628193463423,-0.00281858365063851,-0.000957999412662372,-2.04884557576733,-1.04717467709688
A11,T2_pos-1_2,T2,pos-1,2,5,JU2610,0,0.00371686617261037,0.00185628193463423,-0.00371686617261037,-0.00185628193463423,-67.0221251599654,-66.020454261295
A12,T2_pos-1_3,T2,pos-1,3,5,JU2610,0.00579507659333624,0.00371686617261037,0.00185628193463423,0.00207821042072587,0.00393879465870201,0.64074098514069,1.64241188381114
A13,T2_pos-1_4,T2,pos-1,4,5,JU2610,0,0.00371686617261037,0.00185628193463423,-0.00371686617261037,-0.00185628193463423,-67.0221251599654,-66.020454261295
A6,T2_ctrl_A,T2,ctrl,A,5,JU2610,0,0.00371686617261037,0.00185628193463423,-0.00371686617261037,-0.00185628193463423,-67.0221251599654,-66.020454261295
A7,T2_ctrl_B,T2,ctrl,B,5,JU2610,0.00371256386926847,0.00371686617261037,0.00185628193463423,-4.30230334190051e-06,0.00185628193463423,-0.00167089867044707,1
A10,T2_pos-1_1,T2,pos-1,1,10,JU2610,0,0.00292216286634131,0.0015447526603363,-0.00292216286634131,-0.0015447526603363,-66.6750750044855,-65.7554142737137
A11,T2_pos-1_2,T2,pos-1,2,10,JU2610,0,0.00292216286634131,0.0015447526603363,-0.00292216286634131,-0.0015447526603363,-66.6750750044855,-65.7554142737137
A12,T2_pos-1_3,T2,pos-1,3,10,JU2610,0.00628274101685281,0.00292216286634131,0.0015447526603363,0.0033605781505115,0.00473798835651652,1.10435752266402,2.02401825343578
A13,T2_pos-1_4,T2,pos-1,4,10,JU2610,0,0.00292216286634131,0.0015447526603363,-0.00292216286634131,-0.0015447526603363,-66.6750750044855,-65.7554142737137
A6,T2_ctrl_A,T2,ctrl,A,10,JU2610,0,0.00292216286634131,0.0015447526603363,-0.00292216286634131,-0.0015447526603363,-66.6750750044855,-65.7554142737137
A7,T2_ctrl_B,T2,ctrl,B,10,JU2610,0.0030895053206726,0.00292216286634131,0.0015447526603363,0.000167342454331284,0.0015447526603363,0.0803392692282399,1
A10,T2_pos-1_1,T2,pos-1,1,3,JU2619,0,0.00386769632957847,0.000949949554287888,-0.00386769632957847,-0.000949949554287888,-67.0795129424107,-65.0539612240297
A11,T2_pos-1_2,T2,pos-1,2,3,JU2619,0,0.00386769632957847,0.000949949554287888,-0.00386769632957847,-0.000949949554287888,-67.0795129424107,-65.0539612240297
A12,T2_pos-1_3,T2,pos-1,3,3,JU2619,0.00281918435063958,0.00386769632957847,0.000949949554287888,-0.00104851197893889,0.00186923479635169,-0.45619670575691,1.5693550126241
A13,T2_pos-1_4,T2,pos-1,4,3,JU2619,0,0.00386769632957847,0.000949949554287888,-0.00386769632957847,-0.000949949554287888,-67.0795129424107,-65.0539612240297
A6,T2_ctrl_A,T2,ctrl,A,3,JU2619,0.000979146538702033,0.00386769632957847,0.000949949554287888,-0.00288854979087644,2.91969844141446e-05,-1.98187783241892,0.0436738859620937
A7,T2_ctrl_B,T2,ctrl,B,3,JU2619,0.000920752569873743,0.00386769632957847,0.000949949554287888,-0.00294694375970473,-2.91969844141445e-05,-2.07058910282641,-0.0450373844453957
A10,T2_pos-1_1,T2,pos-1,1,5,JU2619,0,0.00423452866525603,0.00143275183491488,-0.00423452866525603,-0.00143275183491488,-67.2102398114301,-65.6468271595996
A11,T2_pos-1_2,T2,pos-1,2,5,JU2619,0,0.00423452866525603,0.00143275183491488,-0.00423452866525603,-0.00143275183491488,-67.2102398114301,-65.6468271595996
A12,T2_pos-1_3,T2,pos-1,3,5,JU2619,0.00292525890572243,0.00423452866525603,0.00143275183491488,-0.0013092697595336,0.00149250707080755,-0.533637076860073,1.02977557497042
A13,T2_pos-1_4,T2,pos-1,4,5,JU2619,0,0.00423452866525603,0.00143275183491488,-0.00423452866525603,-0.00143275183491488,-67.2102398114301,-65.6468271595996
A6,T2_ctrl_A,T2,ctrl,A,5,JU2619,0.00141837107426421,0.00423452866525603,0.00143275183491488,-0.00281615759099182,-1.43807606506666e-05,-1.577966375875,-0.0145537240445071
A7,T2_ctrl_B,T2,ctrl,B,5,JU2619,0.00144713259556555,0.00423452866525603,0.00143275183491488,-0.00278739606969048,1.43807606506666e-05,-1.54900427884012,0.0144083729903737
A10,T2_pos-1_1,T2,pos-1,1,10,JU2619,0,0.0042170068374488,0.00110589174431573,-0.0042170068374488,-0.00110589174431573,-67.2042577764982,-65.2732485828389
A11,T2_pos-1_2,T2,pos-1,2,10,JU2619,0.000106613756790447,0.0042170068374488,0.00110589174431573,-0.00411039308065835,-0.000999277987525287,-5.3057538489921,-3.37474465533282
A12,T2_pos-1_3,T2,pos-1,3,10,JU2619,0.00270940562069898,0.0042170068374488,0.00110589174431573,-0.00150760121674982,0.00160351387638325,-0.638242967570895,1.29276622608839
A13,T2_pos-1_4,T2,pos-1,4,10,JU2619,0,0.0042170068374488,0.00110589174431573,-0.0042170068374488,-0.00110589174431573,-67.2042577764982,-65.2732485828389
A6,T2_ctrl_A,T2,ctrl,A,10,JU2619,0.00100926599748141,0.0042170068374488,0.00110589174431573,-0.00320774083996739,-9.66257468343259e-05,-2.06291290620694,-0.13190371254765
A7,T2_ctrl_B,T2,ctrl,B,10,JU2619,0.00120251749115006,0.0042170068374488,0.00110589174431573,-0.00301448934629874,9.66257468343259e-05,-1.81016148201566,0.120847711643626
A10,T2_pos-1_1,T2,pos-1,1,3,JU2800,0,0,0,0,0,0,0
A11,T2_pos-1_2,T2,pos-1,2,3,JU2800,0,0,0,0,0,0,0
A12,T2_pos-1_3,T2,pos-1,3,3,JU2800,0,0,0,0,0,0,0
A13,T2_pos-1_4,T2,pos-1,4,3,JU2800,0,0,0,0,0,0,0
A6,T2_ctrl_A,T2,ctrl,A,3,JU2800,0,0,0,0,0,0,0
A7,T2_ctrl_B,T2,ctrl,B,3,JU2800,0,0,0,0,0,0,0
A10,T2_pos-1_1,T2,pos-1,1,5,JU2800,0,0,0,0,0,0,0
A11,T2_pos-1_2,T2,pos-1,2,5,JU2800,0,0,0,0,0,0,0
A12,T2_pos-1_3,T2,pos-1,3,5,JU2800,0,0,0,0,0,0,0
A13,T2_pos-1_4,T2,pos-1,4,5,JU2800,0,0,0,0,0,0,0
A6,T2_ctrl_A,T2,ctrl,A,5,JU2800,0,0,0,0,0,0,0
A7,T2_ctrl_B,T2,ctrl,B,5,JU2800,0,0,0,0,0,0,0
A10,T2_pos-1_1,T2,pos-1,1,10,JU2800,0,0,0,0,0,0,0
A11,T2_pos-1_2,T2,pos-1,2,10,JU2800,0,0,0,0,0,0,0
A12,T2_pos-1_3,T2,pos-1,3,10,JU2800,0,0,0,0,0,0,0
A13,T2_pos-1_4,T2,pos-1,4,10,JU2800,0,0,0,0,0,0,0
A6,T2_ctrl_A,T2,ctrl,A,10,JU2800,0,0,0,0,0,0,0
A7,T2_ctrl_B,T2,ctrl,B,10,JU2800,0,0,0,0,0,0,0
A10,T2_pos-1_1,T2,pos-1,1,3,JU2811,0,0.0027038594053627,0.000973681764874277,-0.0027038594053627,-0.000973681764874277,-66.5630585523529,-65.0895606441861
A11,T2_pos-1_2,T2,pos-1,2,3,JU2811,0,0.0027038594053627,0.000973681764874277,-0.0027038594053627,-0.000973681764874277,-66.5630585523529,-65.0895606441861
A12,T2_pos-1_3,T2,pos-1,3,3,JU2811,0,0.0027038594053627,0.000973681764874277,-0.0027038594053627,-0.000973681764874277,-66.5630585523529,-65.0895606441861
A13,T2_pos-1_4,T2,pos-1,4,3,JU2811,0,0.0027038594053627,0.000973681764874277,-0.0027038594053627,-0.000973681764874277,-66.5630585523529,-65.0895606441861
A6,T2_ctrl_A,T2,ctrl,A,3,JU2811,0.00130679268073915,0.0027038594053627,0.000973681764874277,-0.00139706672462355,0.000333110915864876,-1.04898985718719,0.424508050979639
A7,T2_ctrl_B,T2,ctrl,B,3,JU2811,0.000640570849009401,0.0027038594053627,0.000973681764874277,-0.0020632885563533,-0.000333110915864876,-2.07759008586182,-0.60409217769499
A10,T2_pos-1_1,T2,pos-1,1,5,JU2811,0,0.00306726339192587,0.000976469231841933,-0.00306726339192587,-0.000976469231841933,-66.744990474674,-65.0936849068881
A11,T2_pos-1_2,T2,pos-1,2,5,JU2811,0,0.00306726339192587,0.000976469231841933,-0.00306726339192587,-0.000976469231841933,-66.744990474674,-65.0936849068881
A12,T2_pos-1_3,T2,pos-1,3,5,JU2811,0,0.00306726339192587,0.000976469231841933,-0.00306726339192587,-0.000976469231841933,-66.744990474674,-65.0936849068881
A13,T2_pos-1_4,T2,pos-1,4,5,JU2811,0,0.00306726339192587,0.000976469231841933,-0.00306726339192587,-0.000976469231841933,-66.744990474674,-65.0936849068881
A6,T2_ctrl_A,T2,ctrl,A,5,JU2811,0.00129147119625803,0.00306726339192587,0.000976469231841933,-0.00177579219566784,0.000315001964416094,-1.24793659165805,0.403368976127778
A7,T2_ctrl_B,T2,ctrl,B,5,JU2811,0.000661467267425839,0.00306726339192587,0.000976469231841933,-0.00240579612450003,-0.000315001964416094,-2.21321038706823,-0.561904819282407
A10,T2_pos-1_1,T2,pos-1,1,10,JU2811,0,0.00185028934174657,0.000871802180243423,-0.00185028934174657,-0.000871802180243423,-66.0157893076604,-64.9301111324635
A11,T2_pos-1_2,T2,pos-1,2,10,JU2811,0,0.00185028934174657,0.000871802180243423,-0.00185028934174657,-0.000871802180243423,-66.0157893076604,-64.9301111324635
A12,T2_pos-1_3,T2,pos-1,3,10,JU2811,0,0.00185028934174657,0.000871802180243423,-0.00185028934174657,-0.000871802180243423,-66.0157893076604,-64.9301111324635
A13,T2_pos-1_4,T2,pos-1,4,10,JU2811,0,0.00185028934174657,0.000871802180243423,-0.00185028934174657,-0.000871802180243423,-66.0157893076604,-64.9301111324635
A6,T2_ctrl_A,T2,ctrl,A,10,JU2811,0.000959695938678783,0.00185028934174657,0.000871802180243423,-0.000890593403067788,8.78937584353596e-05,-0.947101598981546,0.138576576215357
A7,T2_ctrl_B,T2,ctrl,B,10,JU2811,0.000783908421808064,0.00185028934174657,0.000871802180243423,-0.00106638091993851,-8.78937584353596e-05,-1.23899386200188,-0.153315686804977
A10,T2_pos-1_1,T2,pos-1,1,3,JU2825,0,0,0,0,0,0,0
A11,T2_pos-1_2,T2,pos-1,2,3,JU2825,0,0,0,0,0,0,0
A12,T2_pos-1_3,T2,pos-1,3,3,JU2825,0,0,0,0,0,0,0
A13,T2_pos-1_4,T2,pos-1,4,3,JU2825,0,0,0,0,0,0,0
A6,T2_ctrl_A,T2,ctrl,A,3,JU2825,0,0,0,0,0,0,0
A7,T2_ctrl_B,T2,ctrl,B,3,JU2825,0,0,0,0,0,0,0
A10,T2_pos-1_1,T2,pos-1,1,5,JU2825,0,0,0,0,0,0,0
A11,T2_pos-1_2,T2,pos-1,2,5,JU2825,0,0,0,0,0,0,0
A12,T2_pos-1_3,T2,pos-1,3,5,JU2825,0,0,0,0,0,0,0
A13,T2_pos-1_4,T2,pos-1,4,5,JU2825,0,0,0,0,0,0,0
A6,T2_ctrl_A,T2,ctrl,A,5,JU2825,0,0,0,0,0,0,0
A7,T2_ctrl_B,T2,ctrl,B,5,JU2825,0,0,0,0,0,0,0
A10,T2_pos-1_1,T2,pos-1,1,10,JU2825,0,0,0,0,0,0,0
A11,T2_pos-1_2,T2,pos-1,2,10,JU2825,0,0,0,0,0,0,0
A12,T2_pos-1_3,T2,pos-1,3,10,JU2825,0,0,0,0,0,0,0
A13,T2_pos-1_4,T2,pos-1,4,10,JU2825,0,0,0,0,0,0,0
A6,T2_ctrl_A,T2,ctrl,A,10,JU2825,0,0,0,0,0,0,0
A7,T2_ctrl_B,T2,ctrl,B,10,JU2825,0,0,0,0,0,0,0
A10,T2_pos-1_1,T2,pos-1,1,3,JU2838,0,0,0,0,0,0,0
A11,T2_pos-1_2,T2,pos-1,2,3,JU2838,0.00195067312535947,0,0,0.00195067312535947,0.00195067312535947,66.0920104612324,66.0920104612324
A12,T2_pos-1_3,T2,pos-1,3,3,JU2838,0,0,0,0,0,0,0
A13,T2_pos-1_4,T2,pos-1,4,3,JU2838,0.00136084755597594,0,0,0.00136084755597594,0.00136084755597594,65.5725438788964,65.5725438788964
A6,T2_ctrl_A,T2,ctrl,A,3,JU2838,0,0,0,0,0,0,0
A7,T2_ctrl_B,T2,ctrl,B,3,JU2838,0,0,0,0,0,0,0
A10,T2_pos-1_1,T2,pos-1,1,5,JU2838,0,0,0,0,0,0,0
A11,T2_pos-1_2,T2,pos-1,2,5,JU2838,0.00199294755565742,0,0,0.00199294755565742,0.00199294755565742,66.1229421619044,66.1229421619044
A12,T2_pos-1_3,T2,pos-1,3,5,JU2838,1.67728342422952e-05,0,0,1.67728342422952e-05,1.67728342422952e-05,59.2303087193439,59.2303087193439
A13,T2_pos-1_4,T2,pos-1,4,5,JU2838,0.00141108834372007,0,0,0.00141108834372007,0.00141108834372007,65.6248467289724,65.6248467289724
A6,T2_ctrl_A,T2,ctrl,A,5,JU2838,0,0,0,0,0,0,0
A7,T2_ctrl_B,T2,ctrl,B,5,JU2838,0,0,0,0,0,0,0
A10,T2_pos-1_1,T2,pos-1,1,10,JU2838,0,0,0,0,0,0,0
A11,T2_pos-1_2,T2,pos-1,2,10,JU2838,0.00272541385436148,0,0,0.00272541385436148,0.00272541385436148,66.5745137356037,66.5745137356037
A12,T2_pos-1_3,T2,pos-1,3,10,JU2838,0.000519657873896928,0,0,0.000519657873896928,0.000519657873896928,64.1836724323765,64.1836724323765
A13,T2_pos-1_4,T2,pos-1,4,10,JU2838,0.00115299782622512,0,0,0.00115299782622512,0.00115299782622512,65.3334282087397,65.3334282087397
A6,T2_ctrl_A,T2,ctrl,A,10,JU2838,0,0,0,0,0,0,0
A7,T2_ctrl_B,T2,ctrl,B,10,JU2838,0,0,0,0,0,0,0
A10,T2_pos-1_1,T2,pos-1,1,3,JU2841,0,0.00674695713294518,0.00955079327391729,-0.00674695713294518,-0.00955079327391729,-67.8822754113425,-68.3836589818091
A11,T2_pos-1_2,T2,pos-1,2,3,JU2841,0.000198072657172607,0.00674695713294518,0.00955079327391729,-0.00654888447577257,-0.00935272061674469,-5.09013535257896,-5.59151892304558
A12,T2_pos-1_3,T2,pos-1,3,3,JU2841,0,0.00674695713294518,0.00955079327391729,-0.00674695713294518,-0.00955079327391729,-67.8822754113425,-68.3836589818091
A13,T2_pos-1_4,T2,pos-1,4,3,JU2841,0.00026449981895129,0.00674695713294518,0.00955079327391729,-0.00648245731399389,-0.009286293454966,-4.67289835571165,-5.17428192617828
A6,T2_ctrl_A,T2,ctrl,A,3,JU2841,0.00999919952639402,0.00674695713294518,0.00955079327391729,0.00325224239344884,0.000448406252476725,0.567575610687958,0.0661920402213332
A7,T2_ctrl_B,T2,ctrl,B,3,JU2841,0.00910238702144057,0.00674695713294518,0.00955079327391729,0.00235542988849539,-0.000448406252476724,0.432007933445697,-0.0693756370209276
A10,T2_pos-1_1,T2,pos-1,1,5,JU2841,0,0.00669329311128061,0.00962075834091388,-0.00669329311128061,-0.00962075834091388,-67.8707546095792,-68.3941890323059
A11,T2_pos-1_2,T2,pos-1,2,5,JU2841,0.00054405432210831,0.00669329311128061,0.00962075834091388,-0.0061492387891723,-0.00907670401880557,-3.62089358155341,-4.14432800428008
A12,T2_pos-1_3,T2,pos-1,3,5,JU2841,0,0.00669329311128061,0.00962075834091388,-0.00669329311128061,-0.00962075834091388,-67.8707546095792,-68.3941890323059
A13,T2_pos-1_4,T2,pos-1,4,5,JU2841,0.000332274537527891,0.00669329311128061,0.00962075834091388,-0.00636101857375272,-0.00928848380338599,-4.33226854641725,-4.85570296914392
A6,T2_ctrl_A,T2,ctrl,A,5,JU2841,0.0100428201726413,0.00669329311128061,0.00962075834091388,0.00334952706136064,0.000422061831727372,0.585376357320516,0.0619419345938461
A7,T2_ctrl_B,T2,ctrl,B,5,JU2841,0.00919869650918651,0.00669329311128061,0.00962075834091388,0.0025054033979059,-0.000422061831727372,0.458713246311457,-0.0647211764152131
A10,T2_pos-1_1,T2,pos-1,1,10,JU2841,0,0.00682503053729641,0.00839944742746379,-0.00682503053729641,-0.00839944742746379,-67.8988739168061,-68.1983328364585
A11,T2_pos-1_2,T2,pos-1,2,10,JU2841,0.000507992655049694,0.00682503053729641,0.00839944742746379,-0.00631703788224672,-0.0078914547724141,-3.74795595844923,-4.0474148781016
A12,T2_pos-1_3,T2,pos-1,3,10,JU2841,0,0.00682503053729641,0.00839944742746379,-0.00682503053729641,-0.00839944742746379,-67.8988739168061,-68.1983328364585
A13,T2_pos-1_4,T2,pos-1,4,10,JU2841,0,0.00682503053729641,0.00839944742746379,-0.00682503053729641,-0.00839944742746379,-67.8988739168061,-68.1983328364585
A6,T2_ctrl_A,T2,ctrl,A,10,JU2841,0.00896175323615767,0.00682503053729641,0.00839944742746379,0.00213672269886126,0.000562305808693871,0.392945501002207,0.0934865813498422
A7,T2_ctrl_B,T2,ctrl,B,10,JU2841,0.00783714161876992,0.00682503053729641,0.00839944742746379,0.00101211108147351,-0.000562305808693871,0.199492065940386,-0.0999668537119789
A10,T2_pos-1_1,T2,pos-1,1,3,JU2853,0.00107164017388074,0.00341939066683333,0.00452041827378763,-0.00234775049295259,-0.00344877809990689,-1.67391868933464,-2.07663569985125
A11,T2_pos-1_2,T2,pos-1,2,3,JU2853,0.00459879331236169,0.00341939066683333,0.00452041827378763,0.00117940264552835,7.83750385740549e-05,0.427516098146774,0.0247990876301562
A12,T2_pos-1_3,T2,pos-1,3,3,JU2853,0.00178456982167677,0.00341939066683333,0.00452041827378763,-0.00163482084515656,-0.00273584845211086,-0.938162912464051,-1.34087992298067
A13,T2_pos-1_4,T2,pos-1,4,3,JU2853,0,0.00341939066683333,0.00452041827378763,-0.00341939066683333,-0.00452041827378763,-66.9017776764035,-67.3044946869201
A6,T2_ctrl_A,T2,ctrl,A,3,JU2853,0.0038659574590986,0.00341939066683333,0.00452041827378763,0.000446566792265269,-0.000654460814689031,0.177086501547584,-0.225630508969034
A7,T2_ctrl_B,T2,ctrl,B,3,JU2853,0.00517487908847666,0.00341939066683333,0.00452041827378763,0.00175548842164333,0.000654460814689031,0.597785893596203,0.195068883079586
A10,T2_pos-1_1,T2,pos-1,1,5,JU2853,0.00197573983150539,0.00373632059924439,0.00456084530939749,-0.001760580767739,-0.0025851054778921,-0.919225269347698,-1.20690825590505
A11,T2_pos-1_2,T2,pos-1,2,5,JU2853,0.00446190787094835,0.00373632059924439,0.00456084530939749,0.000725587271703956,-9.89374384491393e-05,0.256042472808812,-0.0316405137485386
A12,T2_pos-1_3,T2,pos-1,3,5,JU2853,0.00187675738100434,0.00373632059924439,0.00456084530939749,-0.00185956321824005,-0.00268408792839315,-0.993376095539512,-1.28105908209686
A13,T2_pos-1_4,T2,pos-1,4,5,JU2853,0,0.00373632059924439,0.00456084530939749,-0.00373632059924439,-0.00456084530939749,-67.0296566681456,-67.317339654703
A6,T2_ctrl_A,T2,ctrl,A,5,JU2853,0.00376158184402577,0.00373632059924439,0.00456084530939749,2.52612447813796e-05,-0.000799263465371715,0.00972122823445763,-0.277961758322893
A7,T2_ctrl_B,T2,ctrl,B,5,JU2853,0.0053601087747692,0.00373632059924439,0.00456084530939749,0.00162378817552481,0.000799263465371715,0.520644025700879,0.232961039143528
A10,T2_pos-1_1,T2,pos-1,1,10,JU2853,0,0.00460663176924026,0.00508030349820732,-0.00460663176924026,-0.00508030349820732,-67.3317506965283,-67.4729531021181
A11,T2_pos-1_2,T2,pos-1,2,10,JU2853,0.00195150394957705,0.00460663176924026,0.00508030349820732,-0.00265512781966321,-0.00312879954863027,-1.23912589823551,-1.38032830382532
A12,T2_pos-1_3,T2,pos-1,3,10,JU2853,0,0.00460663176924026,0.00508030349820732,-0.00460663176924026,-0.00508030349820732,-67.3317506965283,-67.4729531021181
A13,T2_pos-1_4,T2,pos-1,4,10,JU2853,0,0.00460663176924026,0.00508030349820732,-0.00460663176924026,-0.00508030349820732,-67.3317506965283,-67.4729531021181
A6,T2_ctrl_A,T2,ctrl,A,10,JU2853,0.0054319747595675,0.00460663176924026,0.00508030349820732,0.000825342990327243,0.000351671261360182,0.237764495080646,0.0965620894908336
A7,T2_ctrl_B,T2,ctrl,B,10,JU2853,0.00472863223684713,0.00460663176924026,0.00508030349820732,0.000122000467606878,-0.000351671261360182,0.037710661616703,-0.103491743973109
A10,T2_pos-1_1,T2,pos-1,1,3,JU2862,0,0.000667887548815709,0,-0.000667887548815709,0,-64.5457155396414,0
A11,T2_pos-1_2,T2,pos-1,2,3,JU2862,0,0.000667887548815709,0,-0.000667887548815709,0,-64.5457155396414,0
A12,T2_pos-1_3,T2,pos-1,3,3,JU2862,0,0.000667887548815709,0,-0.000667887548815709,0,-64.5457155396414,0
A13,T2_pos-1_4,T2,pos-1,4,3,JU2862,0,0.000667887548815709,0,-0.000667887548815709,0,-64.5457155396414,0
A6,T2_ctrl_A,T2,ctrl,A,3,JU2862,0,0.000667887548815709,0,-0.000667887548815709,0,-64.5457155396414,0
A7,T2_ctrl_B,T2,ctrl,B,3,JU2862,0,0.000667887548815709,0,-0.000667887548815709,0,-64.5457155396414,0
A10,T2_pos-1_1,T2,pos-1,1,5,JU2862,0,0.00113648395024173,0,-0.00113648395024173,0,-65.3126157258345,0
A11,T2_pos-1_2,T2,pos-1,2,5,JU2862,0,0.00113648395024173,0,-0.00113648395024173,0,-65.3126157258345,0
A12,T2_pos-1_3,T2,pos-1,3,5,JU2862,0,0.00113648395024173,0,-0.00113648395024173,0,-65.3126157258345,0
A13,T2_pos-1_4,T2,pos-1,4,5,JU2862,0,0.00113648395024173,0,-0.00113648395024173,0,-65.3126157258345,0
A6,T2_ctrl_A,T2,ctrl,A,5,JU2862,0,0.00113648395024173,0,-0.00113648395024173,0,-65.3126157258345,0
A7,T2_ctrl_B,T2,ctrl,B,5,JU2862,0,0.00113648395024173,0,-0.00113648395024173,0,-65.3126157258345,0
A10,T2_pos-1_1,T2,pos-1,1,10,JU2862,0,0.00106914857689395,0,-0.00106914857689395,0,-65.2245007703943,0
A11,T2_pos-1_2,T2,pos-1,2,10,JU2862,0,0.00106914857689395,0,-0.00106914857689395,0,-65.2245007703943,0
A12,T2_pos-1_3,T2,pos-1,3,10,JU2862,0,0.00106914857689395,0,-0.00106914857689395,0,-65.2245007703943,0
A13,T2_pos-1_4,T2,pos-1,4,10,JU2862,0,0.00106914857689395,0,-0.00106914857689395,0,-65.2245007703943,0
A6,T2_ctrl_A,T2,ctrl,A,10,JU2862,0,0.00106914857689395,0,-0.00106914857689395,0,-65.2245007703943,0
A7,T2_ctrl_B,T2,ctrl,B,10,JU2862,0,0.00106914857689395,0,-0.00106914857689395,0,-65.2245007703943,0
A10,T2_pos-1_1,T2,pos-1,1,3,JU2866,0.00034631466963321,0,0.00167342839925886,0.00034631466963321,-0.00132711372962565,63.5981938211324,-2.2726514185222
A11,T2_pos-1_2,T2,pos-1,2,3,JU2866,0,0,0.00167342839925886,0,-0.00167342839925886,0,-65.8708452396546
A12,T2_pos-1_3,T2,pos-1,3,3,JU2866,0,0,0.00167342839925886,0,-0.00167342839925886,0,-65.8708452396546
A13,T2_pos-1_4,T2,pos-1,4,3,JU2866,0,0,0.00167342839925886,0,-0.00167342839925886,0,-65.8708452396546
A6,T2_ctrl_A,T2,ctrl,A,3,JU2866,0.00334685679851773,0,0.00167342839925886,0.00334685679851773,0.00167342839925886,66.8708452396546,1
A7,T2_ctrl_B,T2,ctrl,B,3,JU2866,0,0,0.00167342839925886,0,-0.00167342839925886,0,-65.8708452396546
A10,T2_pos-1_1,T2,pos-1,1,5,JU2866,8.28549920042927e-05,0,0.00140347886390433,8.28549920042927e-05,-0.00132062387190003,61.5347708482061,-4.08227490482044
A11,T2_pos-1_2,T2,pos-1,2,5,JU2866,0,0,0.00140347886390433,0,-0.00140347886390433,0,-65.6170457530266
A12,T2_pos-1_3,T2,pos-1,3,5,JU2866,0,0,0.00140347886390433,0,-0.00140347886390433,0,-65.6170457530266
A13,T2_pos-1_4,T2,pos-1,4,5,JU2866,0,0,0.00140347886390433,0,-0.00140347886390433,0,-65.6170457530266
A6,T2_ctrl_A,T2,ctrl,A,5,JU2866,0.00280695772780865,0,0.00140347886390433,0.00280695772780865,0.00140347886390433,66.6170457530266,1
A7,T2_ctrl_B,T2,ctrl,B,5,JU2866,0,0,0.00140347886390433,0,-0.00140347886390433,0,-65.6170457530266
A10,T2_pos-1_1,T2,pos-1,1,10,JU2866,0,0,0.000356765499631209,0,-0.000356765499631209,0,-63.6410864295712
A11,T2_pos-1_2,T2,pos-1,2,10,JU2866,0,0,0.000356765499631209,0,-0.000356765499631209,0,-63.6410864295712
A12,T2_pos-1_3,T2,pos-1,3,10,JU2866,0,0,0.000356765499631209,0,-0.000356765499631209,0,-63.6410864295712
A13,T2_pos-1_4,T2,pos-1,4,10,JU2866,0,0,0.000356765499631209,0,-0.000356765499631209,0,-63.6410864295712
A6,T2_ctrl_A,T2,ctrl,A,10,JU2866,0.000713530999262419,0,0.000356765499631209,0.000713530999262419,0.000356765499631209,64.6410864295712,1
A7,T2_ctrl_B,T2,ctrl,B,10,JU2866,0,0,0.000356765499631209,0,-0.000356765499631209,0,-63.6410864295712
A10,T2_pos-1_1,T2,pos-1,1,3,JU2878,0,0.00367901510393549,0.000293016650700045,-0.00367901510393549,-0.000293016650700045,-67.0073580149008,-63.357092969073
A11,T2_pos-1_2,T2,pos-1,2,3,JU2878,0.00162670076654208,0.00367901510393549,0.000293016650700045,-0.00205231433739341,0.00133368411584203,-1.17737070918397,2.47289433664383
A12,T2_pos-1_3,T2,pos-1,3,3,JU2878,0.000176580130649418,0.00367901510393549,0.000293016650700045,-0.00350243497328607,-0.000116436520050627,-4.38092467854813,-0.73065963272033
A13,T2_pos-1_4,T2,pos-1,4,3,JU2878,0,0.00367901510393549,0.000293016650700045,-0.00367901510393549,-0.000293016650700045,-67.0073580149008,-63.357092969073
A6,T2_ctrl_A,T2,ctrl,A,3,JU2878,0,0.00367901510393549,0.000293016650700045,-0.00367901510393549,-0.000293016650700045,-67.0073580149008,-63.357092969073
A7,T2_ctrl_B,T2,ctrl,B,3,JU2878,0.00058603330140009,0.00367901510393549,0.000293016650700045,-0.0030929818025354,0.000293016650700045,-2.6502650458278,1
A10,T2_pos-1_1,T2,pos-1,1,5,JU2878,0,0.00379416168273121,0.000431040765916656,-0.00379416168273121,-0.000431040765916656,-67.0518195741246,-63.9139346402492
A11,T2_pos-1_2,T2,pos-1,2,5,JU2878,0.001378182466806,0.00379416168273121,0.000431040765916656,-0.00241597921592521,0.000947141700889341,-1.46101424968356,1.67687068419178
A12,T2_pos-1_3,T2,pos-1,3,5,JU2878,3.8948048446428e-05,0.00379416168273121,0.000431040765916656,-0.00375521363428478,-0.000392092717470228,-6.60608630662273,-3.46820137274738
A13,T2_pos-1_4,T2,pos-1,4,5,JU2878,0,0.00379416168273121,0.000431040765916656,-0.00379416168273121,-0.000431040765916656,-67.0518195741246,-63.9139346402492
A6,T2_ctrl_A,T2,ctrl,A,5,JU2878,0,0.00379416168273121,0.000431040765916656,-0.00379416168273121,-0.000431040765916656,-67.0518195741246,-63.9139346402492
A7,T2_ctrl_B,T2,ctrl,B,5,JU2878,0.000862081531833311,0.00379416168273121,0.000431040765916656,-0.0029320801508979,0.000431040765916656,-2.13788493387535,1
A10,T2_pos-1_1,T2,pos-1,1,10,JU2878,0,0.00380350122065831,0.000126416333197924,-0.00380350122065831,-0.000126416333197924,-67.0553664837492,-62.1442931949351
A11,T2_pos-1_2,T2,pos-1,2,10,JU2878,0.000767654301077537,0.00380350122065831,0.000126416333197924,-0.00303584691958077,0.000641237967879613,-2.30879939679013,2.60227389202403
A12,T2_pos-1_3,T2,pos-1,3,10,JU2878,0,0.00380350122065831,0.000126416333197924,-0.00380350122065831,-0.000126416333197924,-67.0553664837492,-62.1442931949351
A13,T2_pos-1_4,T2,pos-1,4,10,JU2878,0,0.00380350122065831,0.000126416333197924,-0.00380350122065831,-0.000126416333197924,-67.0553664837492,-62.1442931949351
A6,T2_ctrl_A,T2,ctrl,A,10,JU2878,0,0.00380350122065831,0.000126416333197924,-0.00380350122065831,-0.000126416333197924,-67.0553664837492,-62.1442931949351
A7,T2_ctrl_B,T2,ctrl,B,10,JU2878,0.000252832666395847,0.00380350122065831,0.000126416333197924,-0.00355066855426246,0.000126416333197924,-3.91107328881416,1
A10,T2_pos-1_1,T2,pos-1,1,3,JU2906,0.0103791089977819,0.00295772407314104,0.00469014457112422,0.0074213849246409,0.00568896442665772,1.81112322537216,1.14597830097937
A11,T2_pos-1_2,T2,pos-1,2,3,JU2906,0.00701223723232812,0.00295772407314104,0.00469014457112422,0.00405451315918708,0.0023220926612039,1.2453873356991,0.580242411306311
A12,T2_pos-1_3,T2,pos-1,3,3,JU2906,0.00152046967930254,0.00295772407314104,0.00469014457112422,-0.0014372543938385,-0.00316967489182168,-0.959970422399703,-1.62511534679249
A13,T2_pos-1_4,T2,pos-1,4,3,JU2906,0.003844904844315,0.00295772407314104,0.00469014457112422,0.000887180771173969,-0.000845239726809212,0.378460424755518,-0.286684499637269
A6,T2_ctrl_A,T2,ctrl,A,3,JU2906,0.00665280664672001,0.00295772407314104,0.00469014457112422,0.00369508257357898,0.00196266207559579,1.16947563537115,0.504330710978361
A7,T2_ctrl_B,T2,ctrl,B,3,JU2906,0.00272748249552842,0.00295772407314104,0.00469014457112422,-0.000230241577612614,-0.00196266207559579,-0.116917531681461,-0.782062456074248
A10,T2_pos-1_1,T2,pos-1,1,5,JU2906,0.00979542807873754,0.00282841762693245,0.00451651361021028,0.0069670104518051,0.00527891446852726,1.79211338692844,1.11689898611821
A11,T2_pos-1_2,T2,pos-1,2,5,JU2906,0.00700341390663968,0.00282841762693245,0.00451651361021028,0.00417499627970724,0.0024869002964294,1.3080631988345,0.632848798024276
A12,T2_pos-1_3,T2,pos-1,3,5,JU2906,0.0011954557165108,0.00282841762693245,0.00451651361021028,-0.00163296191042165,-0.00332105789369948,-1.24243446642693,-1.91764886723715
A13,T2_pos-1_4,T2,pos-1,4,5,JU2906,0.00379691319662209,0.00282841762693245,0.00451651361021028,0.000968495569689644,-0.000719600413588191,0.424831861622894,-0.25038253918733
A6,T2_ctrl_A,T2,ctrl,A,5,JU2906,0.00642995632118585,0.00282841762693245,0.00451651361021028,0.00360153869425341,0.00191344271097557,1.18481378188734,0.509599381077117
A7,T2_ctrl_B,T2,ctrl,B,5,JU2906,0.00260307089923471,0.00282841762693245,0.00451651361021028,-0.000225346727697737,-0.00191344271097557,-0.119780548819272,-0.794994949629496
A10,T2_pos-1_1,T2,pos-1,1,10,JU2906,0.00784931708319679,0.00104966030087606,0.00289203481312476,0.00679965678232073,0.00495728227007203,2.90264463279521,1.44048222121438
A11,T2_pos-1_2,T2,pos-1,2,10,JU2906,0.00583492422421193,0.00104966030087606,0.00289203481312476,0.00478526392333587,0.00294288941108717,2.47479141297864,1.0126290013978
A12,T2_pos-1_3,T2,pos-1,3,10,JU2906,0,0.00104966030087606,0.00289203481312476,-0.00104966030087606,-0.00289203481312476,-65.1979609230774,-66.6601233346582
A13,T2_pos-1_4,T2,pos-1,4,10,JU2906,0.00261228306523936,0.00104966030087606,0.00289203481312476,0.00156262276436331,-0.000279751747885396,1.31538872743917,-0.146773684141661
A6,T2_ctrl_A,T2,ctrl,A,10,JU2906,0.00481278682960872,0.00104966030087606,0.00289203481312476,0.00376312652873266,0.00192075201648396,2.19695001675679,0.734787605175955
A7,T2_ctrl_B,T2,ctrl,B,10,JU2906,0.000971282796640798,0.00104966030087606,0.00289203481312476,-7.83775042352586e-05,-0.00192075201648396,-0.111959193431276,-1.57412160501211
A10,T2_pos-1_1,T2,pos-1,1,3,JU2907,0,0.00224620899894874,0.00163859767224488,-0.00224620899894874,-0.00163859767224488,-66.2955305855173,-65.8405000861738
A11,T2_pos-1_2,T2,pos-1,2,3,JU2907,0,0.00224620899894874,0.00163859767224488,-0.00224620899894874,-0.00163859767224488,-66.2955305855173,-65.8405000861738
A12,T2_pos-1_3,T2,pos-1,3,3,JU2907,0,0.00224620899894874,0.00163859767224488,-0.00224620899894874,-0.00163859767224488,-66.2955305855173,-65.8405000861738
A13,T2_pos-1_4,T2,pos-1,4,3,JU2907,0,0.00224620899894874,0.00163859767224488,-0.00224620899894874,-0.00163859767224488,-66.2955305855173,-65.8405000861738
A6,T2_ctrl_A,T2,ctrl,A,3,JU2907,0.00327719534448975,0.00224620899894874,0.00163859767224488,0.00103098634554101,0.00163859767224488,0.544969500656488,1
A7,T2_ctrl_B,T2,ctrl,B,3,JU2907,0,0.00224620899894874,0.00163859767224488,-0.00224620899894874,-0.00163859767224488,-66.2955305855173,-65.8405000861738
A10,T2_pos-1_1,T2,pos-1,1,5,JU2907,0,0.00255718958048895,0.00198277092909745,-0.00255718958048895,-0.00198277092909745,-66.4825975362644,-66.1155564273296
A11,T2_pos-1_2,T2,pos-1,2,5,JU2907,0,0.00255718958048895,0.00198277092909745,-0.00255718958048895,-0.00198277092909745,-66.4825975362644,-66.1155564273296
A12,T2_pos-1_3,T2,pos-1,3,5,JU2907,0,0.00255718958048895,0.00198277092909745,-0.00255718958048895,-0.00198277092909745,-66.4825975362644,-66.1155564273296
A13,T2_pos-1_4,T2,pos-1,4,5,JU2907,0,0.00255718958048895,0.00198277092909745,-0.00255718958048895,-0.00198277092909745,-66.4825975362644,-66.1155564273296
A6,T2_ctrl_A,T2,ctrl,A,5,JU2907,0.0039655418581949,0.00255718958048895,0.00198277092909745,0.00140835227770595,0.00198277092909745,0.632958891065155,1
A7,T2_ctrl_B,T2,ctrl,B,5,JU2907,0,0.00255718958048895,0.00198277092909745,-0.00255718958048895,-0.00198277092909745,-66.4825975362644,-66.1155564273296
A10,T2_pos-1_1,T2,pos-1,1,10,JU2907,0,0.00393134258353091,0.00232200771176355,-0.00393134258353091,-0.00232200771176355,-67.1030605037074,-66.3434111793308
A11,T2_pos-1_2,T2,pos-1,2,10,JU2907,0,0.00393134258353091,0.00232200771176355,-0.00393134258353091,-0.00232200771176355,-67.1030605037074,-66.3434111793308
A12,T2_pos-1_3,T2,pos-1,3,10,JU2907,0,0.00393134258353091,0.00232200771176355,-0.00393134258353091,-0.00232200771176355,-67.1030605037074,-66.3434111793308
A13,T2_pos-1_4,T2,pos-1,4,10,JU2907,0,0.00393134258353091,0.00232200771176355,-0.00393134258353091,-0.00232200771176355,-67.1030605037074,-66.3434111793308
A6,T2_ctrl_A,T2,ctrl,A,10,JU2907,0.0046440154235271,0.00393134258353091,0.00232200771176355,0.000712672839996193,0.00232200771176355,0.240350675623448,1
A7,T2_ctrl_B,T2,ctrl,B,10,JU2907,0,0.00393134258353091,0.00232200771176355,-0.00393134258353091,-0.00232200771176355,-67.1030605037074,-66.3434111793308
A10,T2_pos-1_1,T2,pos-1,1,3,JU310,0,0,0,0,0,0,0
A11,T2_pos-1_2,T2,pos-1,2,3,JU310,0,0,0,0,0,0,0
A12,T2_pos-1_3,T2,pos-1,3,3,JU310,0,0,0,0,0,0,0
A13,T2_pos-1_4,T2,pos-1,4,3,JU310,0,0,0,0,0,0,0
A6,T2_ctrl_A,T2,ctrl,A,3,JU310,0,0,0,0,0,0,0
A7,T2_ctrl_B,T2,ctrl,B,3,JU310,0,0,0,0,0,0,0
A10,T2_pos-1_1,T2,pos-1,1,5,JU310,0,0,0,0,0,0,0
A11,T2_pos-1_2,T2,pos-1,2,5,JU310,0,0,0,0,0,0,0
A12,T2_pos-1_3,T2,pos-1,3,5,JU310,0,0,0,0,0,0,0
A13,T2_pos-1_4,T2,pos-1,4,5,JU310,0,0,0,0,0,0,0
A6,T2_ctrl_A,T2,ctrl,A,5,JU310,0,0,0,0,0,0,0
A7,T2_ctrl_B,T2,ctrl,B,5,JU310,0,0,0,0,0,0,0
A10,T2_pos-1_1,T2,pos-1,1,10,JU310,0,0,0,0,0,0,0
A11,T2_pos-1_2,T2,pos-1,2,10,JU310,0,0,0,0,0,0,0
A12,T2_pos-1_3,T2,pos-1,3,10,JU310,0,0,0,0,0,0,0
A13,T2_pos-1_4,T2,pos-1,4,10,JU310,0,0,0,0,0,0,0
A6,T2_ctrl_A,T2,ctrl,A,10,JU310,0,0,0,0,0,0,0
A7,T2_ctrl_B,T2,ctrl,B,10,JU310,0,0,0,0,0,0,0
A10,T2_pos-1_1,T2,pos-1,1,3,JU311,0,0,0,0,0,0,0
A11,T2_pos-1_2,T2,pos-1,2,3,JU311,0,0,0,0,0,0,0
A12,T2_pos-1_3,T2,pos-1,3,3,JU311,0,0,0,0,0,0,0
A13,T2_pos-1_4,T2,pos-1,4,3,JU311,0,0,0,0,0,0,0
A6,T2_ctrl_A,T2,ctrl,A,3,JU311,0,0,0,0,0,0,0
A7,T2_ctrl_B,T2,ctrl,B,3,JU311,0,0,0,0,0,0,0
A10,T2_pos-1_1,T2,pos-1,1,5,JU311,0,0,0,0,0,0,0
A11,T2_pos-1_2,T2,pos-1,2,5,JU311,0,0,0,0,0,0,0
A12,T2_pos-1_3,T2,pos-1,3,5,JU311,0,0,0,0,0,0,0
A13,T2_pos-1_4,T2,pos-1,4,5,JU311,0,0,0,0,0,0,0
A6,T2_ctrl_A,T2,ctrl,A,5,JU311,0,0,0,0,0,0,0
A7,T2_ctrl_B,T2,ctrl,B,5,JU311,0,0,0,0,0,0,0
A10,T2_pos-1_1,T2,pos-1,1,10,JU311,0,0,0,0,0,0,0
A11,T2_pos-1_2,T2,pos-1,2,10,JU311,0,0,0,0,0,0,0
A12,T2_pos-1_3,T2,pos-1,3,10,JU311,0,0,0,0,0,0,0
A13,T2_pos-1_4,T2,pos-1,4,10,JU311,0,0,0,0,0,0,0
A6,T2_ctrl_A,T2,ctrl,A,10,JU311,0,0,0,0,0,0,0
A7,T2_ctrl_B,T2,ctrl,B,10,JU311,0,0,0,0,0,0,0
A10,T2_pos-1_1,T2,pos-1,1,3,JU3125,0,0.000129783694592338,0.00564498408547904,-0.000129783694592338,-0.00564498408547904,-62.1822194621698,-67.6250079294073
A11,T2_pos-1_2,T2,pos-1,2,3,JU3125,0,0.000129783694592338,0.00564498408547904,-0.000129783694592338,-0.00564498408547904,-62.1822194621698,-67.6250079294073
A12,T2_pos-1_3,T2,pos-1,3,3,JU3125,0.000966584514194757,0.000129783694592338,0.00564498408547904,0.000836800819602419,-0.00467839957128429,2.896786739941,-2.54600172729647
A13,T2_pos-1_4,T2,pos-1,4,3,JU3125,0.00528769405906776,0.000129783694592338,0.00564498408547904,0.00515791036447542,-0.000357290026411283,5.34845765982782,-0.0943308074096469
A6,T2_ctrl_A,T2,ctrl,A,3,JU3125,0.007491552420769,0.000129783694592338,0.00564498408547904,0.00736176872617666,0.00184656833528995,5.85108366255339,0.408295195315925
A7,T2_ctrl_B,T2,ctrl,B,3,JU3125,0.00379841575018909,0.000129783694592338,0.00564498408547904,0.00366863205559675,-0.00184656833528995,4.87121677578773,-0.571571691449736
A10,T2_pos-1_1,T2,pos-1,1,5,JU3125,0,0.000169747020003323,0.00544486416774411,-0.000169747020003323,-0.00544486416774411,-62.5694965682434,-67.5729344743777
A11,T2_pos-1_2,T2,pos-1,2,5,JU3125,0,0.000169747020003323,0.00544486416774411,-0.000169747020003323,-0.00544486416774411,-62.5694965682434,-67.5729344743777
A12,T2_pos-1_3,T2,pos-1,3,5,JU3125,0.000490762058888615,0.000169747020003323,0.00544486416774411,0.000321015038885291,-0.00495410210885549,1.53163747025131,-3.47180043588296
A13,T2_pos-1_4,T2,pos-1,4,5,JU3125,0.00530917380840129,0.000169747020003323,0.00544486416774411,0.00513942678839796,-0.00013569035934282,4.96702921973209,-0.0364086864021822
A6,T2_ctrl_A,T2,ctrl,A,5,JU3125,0.00726168565824663,0.000169747020003323,0.00544486416774411,0.00709193863824331,0.00181682149050252,5.41884632797533,0.415408421841057
A7,T2_ctrl_B,T2,ctrl,B,5,JU3125,0.00362804267724158,0.000169747020003323,0.00544486416774411,0.00345829565723826,-0.00181682149050252,4.41773327406909,-0.585704632065179
A10,T2_pos-1_1,T2,pos-1,1,10,JU3125,0,0.000821258785542612,0.00483607919491197,-0.000821258785542612,-0.00483607919491197,-64.8439472197786,-67.401876285835
A11,T2_pos-1_2,T2,pos-1,2,10,JU3125,0,0.000821258785542612,0.00483607919491197,-0.000821258785542612,-0.00483607919491197,-64.8439472197786,-67.401876285835
A12,T2_pos-1_3,T2,pos-1,3,10,JU3125,0,0.000821258785542612,0.00483607919491197,-0.000821258785542612,-0.00483607919491197,-64.8439472197786,-67.401876285835
A13,T2_pos-1_4,T2,pos-1,4,10,JU3125,0.00448299059790681,0.000821258785542612,0.00483607919491197,0.0036617318123642,-0.000353088597005156,2.44855266957115,-0.109376396485231
A6,T2_ctrl_A,T2,ctrl,A,10,JU3125,0.00681117299592721,0.000821258785542612,0.00483607919491197,0.0059899142103846,0.00197509380101525,3.05199447134669,0.494065405290305
A7,T2_ctrl_B,T2,ctrl,B,10,JU3125,0.00286098539389672,0.000821258785542612,0.00483607919491197,0.00203972660835411,-0.00197509380101525,1.80060332824897,-0.757325737807408
A10,T2_pos-1_1,T2,pos-1,1,3,JU3127,0,0.000246839999182328,0,-0.000246839999182328,0,-63.1096865157259,0
A11,T2_pos-1_2,T2,pos-1,2,3,JU3127,0,0.000246839999182328,0,-0.000246839999182328,0,-63.1096865157259,0
A12,T2_pos-1_3,T2,pos-1,3,3,JU3127,0,0.000246839999182328,0,-0.000246839999182328,0,-63.1096865157259,0
A13,T2_pos-1_4,T2,pos-1,4,3,JU3127,0,0.000246839999182328,0,-0.000246839999182328,0,-63.1096865157259,0
A6,T2_ctrl_A,T2,ctrl,A,3,JU3127,0,0.000246839999182328,0,-0.000246839999182328,0,-63.1096865157259,0
A7,T2_ctrl_B,T2,ctrl,B,3,JU3127,0,0.000246839999182328,0,-0.000246839999182328,0,-63.1096865157259,0
A10,T2_pos-1_1,T2,pos-1,1,5,JU3127,0,0,0,0,0,0,0
A11,T2_pos-1_2,T2,pos-1,2,5,JU3127,0,0,0,0,0,0,0
A12,T2_pos-1_3,T2,pos-1,3,5,JU3127,0,0,0,0,0,0,0
A13,T2_pos-1_4,T2,pos-1,4,5,JU3127,0,0,0,0,0,0,0
A6,T2_ctrl_A,T2,ctrl,A,5,JU3127,0,0,0,0,0,0,0
A7,T2_ctrl_B,T2,ctrl,B,5,JU3127,0,0,0,0,0,0,0
A10,T2_pos-1_1,T2,pos-1,1,10,JU3127,0,0,0,0,0,0,0
A11,T2_pos-1_2,T2,pos-1,2,10,JU3127,0,0,0,0,0,0,0
A12,T2_pos-1_3,T2,pos-1,3,10,JU3127,0.000751896557088072,0,0,0.000751896557088072,0.000751896557088072,64.7166445161669,64.7166445161669
A13,T2_pos-1_4,T2,pos-1,4,10,JU3127,0,0,0,0,0,0,0
A6,T2_ctrl_A,T2,ctrl,A,10,JU3127,0,0,0,0,0,0,0
A7,T2_ctrl_B,T2,ctrl,B,10,JU3127,0,0,0,0,0,0,0
A10,T2_pos-1_1,T2,pos-1,1,3,JU3128,0,0,0,0,0,0,0
A11,T2_pos-1_2,T2,pos-1,2,3,JU3128,0,0,0,0,0,0,0
A12,T2_pos-1_3,T2,pos-1,3,3,JU3128,0,0,0,0,0,0,0
A13,T2_pos-1_4,T2,pos-1,4,3,JU3128,0,0,0,0,0,0,0
A6,T2_ctrl_A,T2,ctrl,A,3,JU3128,0,0,0,0,0,0,0
A7,T2_ctrl_B,T2,ctrl,B,3,JU3128,0,0,0,0,0,0,0
A10,T2_pos-1_1,T2,pos-1,1,5,JU3128,0,0,0,0,0,0,0
A11,T2_pos-1_2,T2,pos-1,2,5,JU3128,0,0,0,0,0,0,0
A12,T2_pos-1_3,T2,pos-1,3,5,JU3128,0,0,0,0,0,0,0
A13,T2_pos-1_4,T2,pos-1,4,5,JU3128,0,0,0,0,0,0,0
A6,T2_ctrl_A,T2,ctrl,A,5,JU3128,0,0,0,0,0,0,0
A7,T2_ctrl_B,T2,ctrl,B,5,JU3128,0,0,0,0,0,0,0
A10,T2_pos-1_1,T2,pos-1,1,10,JU3128,0,0,0,0,0,0,0
A11,T2_pos-1_2,T2,pos-1,2,10,JU3128,0,0,0,0,0,0,0
A12,T2_pos-1_3,T2,pos-1,3,10,JU3128,0,0,0,0,0,0,0
A13,T2_pos-1_4,T2,pos-1,4,10,JU3128,0,0,0,0,0,0,0
A6,T2_ctrl_A,T2,ctrl,A,10,JU3128,0,0,0,0,0,0,0
A7,T2_ctrl_B,T2,ctrl,B,10,JU3128,0,0,0,0,0,0,0
A10,T2_pos-1_1,T2,pos-1,1,3,JU3132,0.0552055854248879,0.00946641707601191,0.00590362655958285,0.045739168348876,0.049301958865305,2.54392384750338,3.22514086892375
A11,T2_pos-1_2,T2,pos-1,2,3,JU3132,0.0422172291610541,0.00946641707601191,0.00590362655958285,0.0327508120850422,0.0363136026014712,2.15694150199128,2.83815852341165
A12,T2_pos-1_3,T2,pos-1,3,3,JU3132,0.0539956692690596,0.00946641707601191,0.00590362655958285,0.0445292521930476,0.0480920427094767,2.51195330878939,3.19317033020977
A13,T2_pos-1_4,T2,pos-1,4,3,JU3132,0.0428609992053623,0.00946641707601191,0.00590362655958285,0.0333945821293504,0.0369573726457795,2.17877509196501,2.85999211338538
A6,T2_ctrl_A,T2,ctrl,A,3,JU3132,0.00809954565603551,0.00946641707601191,0.00590362655958285,-0.0013668714199764,0.00219591909645266,-0.224977504139567,0.456239517280807
A7,T2_ctrl_B,T2,ctrl,B,3,JU3132,0.00370770746313019,0.00946641707601191,0.00590362655958285,-0.00575870961288172,-0.00219591909645266,-1.35229106613601,-0.671074044715633
A10,T2_pos-1_1,T2,pos-1,1,5,JU3132,0.0549767789332778,0.00938056473799366,0.0053694571339853,0.0455962141952841,0.0496073217992925,2.55107569740662,3.35597424192837
A11,T2_pos-1_2,T2,pos-1,2,5,JU3132,0.0413119281471486,0.00938056473799366,0.0053694571339853,0.0319313634091549,0.0359424710131633,2.13881171149979,2.94371025602154
A12,T2_pos-1_3,T2,pos-1,3,5,JU3132,0.053426559768611,0.00938056473799366,0.0053694571339853,0.0440459950306174,0.0480571026346257,2.50981043743188,3.31470898195363
A13,T2_pos-1_4,T2,pos-1,4,5,JU3132,0.0423569221272953,0.00938056473799366,0.0053694571339853,0.0329763573893017,0.03698746499331,2.17485107445174,2.97974961897349
A6,T2_ctrl_A,T2,ctrl,A,5,JU3132,0.00766316328014693,0.00938056473799366,0.0053694571339853,-0.00171740145784673,0.00229370614616163,-0.291734734157384,0.513163810364365
A7,T2_ctrl_B,T2,ctrl,B,5,JU3132,0.00307575098782366,0.00938056473799366,0.0053694571339853,-0.00630481375017,-0.00229370614616163,-1.60873607217286,-0.803837527651108
A10,T2_pos-1_1,T2,pos-1,1,10,JU3132,0.0560238374592943,0.00887717643791513,0.00627434122105227,0.0471466610213791,0.049749496238242,2.65786803006756,3.1585049116084
A11,T2_pos-1_2,T2,pos-1,2,10,JU3132,0.0417923519554589,0.00887717643791513,0.00627434122105227,0.0329151755175437,0.0355180107344066,2.23506617487468,2.73570305641552
A12,T2_pos-1_3,T2,pos-1,3,10,JU3132,0.0538707569230877,0.00887717643791513,0.00627434122105227,0.0449935804851726,0.0475964157020354,2.6013295593579,3.10196644089874
A13,T2_pos-1_4,T2,pos-1,4,10,JU3132,0.0410533669519392,0.00887717643791513,0.00627434122105227,0.032176190514024,0.0347790257308869,2.20932777121513,2.70996465275597
A6,T2_ctrl_A,T2,ctrl,A,10,JU3132,0.00833817688265173,0.00887717643791513,0.00627434122105227,-0.000538999555263394,0.00206383566159947,-0.0903688945477955,0.410267986993046
A7,T2_ctrl_B,T2,ctrl,B,10,JU3132,0.0042105055594528,0.00887717643791513,0.00627434122105227,-0.00466667087846233,-0.00206383566159947,-1.07610740228384,-0.575470520742998
A10,T2_pos-1_1,T2,pos-1,1,3,JU3134,0,0.00186470881084329,0.00159159446926385,-0.00186470881084329,-0.00159159446926385,-66.0269887754247,-65.7985112065328
A11,T2_pos-1_2,T2,pos-1,2,3,JU3134,0,0.00186470881084329,0.00159159446926385,-0.00186470881084329,-0.00159159446926385,-66.0269887754247,-65.7985112065328
A12,T2_pos-1_3,T2,pos-1,3,3,JU3134,0,0.00186470881084329,0.00159159446926385,-0.00186470881084329,-0.00159159446926385,-66.0269887754247,-65.7985112065328
A13,T2_pos-1_4,T2,pos-1,4,3,JU3134,0,0.00186470881084329,0.00159159446926385,-0.00186470881084329,-0.00159159446926385,-66.0269887754247,-65.7985112065328
A6,T2_ctrl_A,T2,ctrl,A,3,JU3134,0.00318318893852771,0.00186470881084329,0.00159159446926385,0.00131848012768442,0.00159159446926385,0.771522431108163,1
A7,T2_ctrl_B,T2,ctrl,B,3,JU3134,0,0.00186470881084329,0.00159159446926385,-0.00186470881084329,-0.00159159446926385,-66.0269887754247,-65.7985112065328
A10,T2_pos-1_1,T2,pos-1,1,5,JU3134,0,0.00197907351133653,0.00166757751178134,-0.00197907351133653,-0.00166757751178134,-66.1128636170002,-65.8657922375334
A11,T2_pos-1_2,T2,pos-1,2,5,JU3134,0,0.00197907351133653,0.00166757751178134,-0.00197907351133653,-0.00166757751178134,-66.1128636170002,-65.8657922375334
A12,T2_pos-1_3,T2,pos-1,3,5,JU3134,0,0.00197907351133653,0.00166757751178134,-0.00197907351133653,-0.00166757751178134,-66.1128636170002,-65.8657922375334
A13,T2_pos-1_4,T2,pos-1,4,5,JU3134,0,0.00197907351133653,0.00166757751178134,-0.00197907351133653,-0.00166757751178134,-66.1128636170002,-65.8657922375334
A6,T2_ctrl_A,T2,ctrl,A,5,JU3134,0.00333515502356268,0.00197907351133653,0.00166757751178134,0.00135608151222615,0.00166757751178134,0.752928620533233,1
A7,T2_ctrl_B,T2,ctrl,B,5,JU3134,0,0.00197907351133653,0.00166757751178134,-0.00197907351133653,-0.00166757751178134,-66.1128636170002,-65.8657922375334
A10,T2_pos-1_1,T2,pos-1,1,10,JU3134,0,0.00133354633479415,0.00155119404726988,-0.00133354633479415,-0.00155119404726988,-65.5433063686807,-65.7614175879
A11,T2_pos-1_2,T2,pos-1,2,10,JU3134,0,0.00133354633479415,0.00155119404726988,-0.00133354633479415,-0.00155119404726988,-65.5433063686807,-65.7614175879
A12,T2_pos-1_3,T2,pos-1,3,10,JU3134,0,0.00133354633479415,0.00155119404726988,-0.00133354633479415,-0.00155119404726988,-65.5433063686807,-65.7614175879
A13,T2_pos-1_4,T2,pos-1,4,10,JU3134,0,0.00133354633479415,0.00155119404726988,-0.00133354633479415,-0.00155119404726988,-65.5433063686807,-65.7614175879
A6,T2_ctrl_A,T2,ctrl,A,10,JU3134,0.00310238809453977,0.00133354633479415,0.00155119404726988,0.00176884175974562,0.00155119404726988,1.21811121921926,1
A7,T2_ctrl_B,T2,ctrl,B,10,JU3134,0,0.00133354633479415,0.00155119404726988,-0.00133354633479415,-0.00155119404726988,-65.5433063686807,-65.7614175879
A10,T2_pos-1_1,T2,pos-1,1,3,JU3135,0,0,0.000104875223291255,0,-0.000104875223291255,0,-61.8747842031381
A11,T2_pos-1_2,T2,pos-1,2,3,JU3135,0,0,0.000104875223291255,0,-0.000104875223291255,0,-61.8747842031381
A12,T2_pos-1_3,T2,pos-1,3,3,JU3135,0,0,0.000104875223291255,0,-0.000104875223291255,0,-61.8747842031381
A13,T2_pos-1_4,T2,pos-1,4,3,JU3135,0,0,0.000104875223291255,0,-0.000104875223291255,0,-61.8747842031381
A6,T2_ctrl_A,T2,ctrl,A,3,JU3135,0.000209750446582509,0,0.000104875223291255,0.000209750446582509,0.000104875223291255,62.8747842031381,1
A7,T2_ctrl_B,T2,ctrl,B,3,JU3135,0,0,0.000104875223291255,0,-0.000104875223291255,0,-61.8747842031381
A10,T2_pos-1_1,T2,pos-1,1,5,JU3135,0,0,0.00044608147191278,0,-0.00044608147191278,0,-63.9634175475239
A11,T2_pos-1_2,T2,pos-1,2,5,JU3135,0,0,0.00044608147191278,0,-0.00044608147191278,0,-63.9634175475239
A12,T2_pos-1_3,T2,pos-1,3,5,JU3135,0,0,0.00044608147191278,0,-0.00044608147191278,0,-63.9634175475239
A13,T2_pos-1_4,T2,pos-1,4,5,JU3135,0,0,0.00044608147191278,0,-0.00044608147191278,0,-63.9634175475239
A6,T2_ctrl_A,T2,ctrl,A,5,JU3135,0.000892162943825561,0,0.00044608147191278,0.000892162943825561,0.00044608147191278,64.9634175475239,1
A7,T2_ctrl_B,T2,ctrl,B,5,JU3135,0,0,0.00044608147191278,0,-0.00044608147191278,0,-63.9634175475239
A10,T2_pos-1_1,T2,pos-1,1,10,JU3135,0,0,0.0012623745035201,0,-0.0012623745035201,0,-65.4641783879969
A11,T2_pos-1_2,T2,pos-1,2,10,JU3135,0,0,0.0012623745035201,0,-0.0012623745035201,0,-65.4641783879969
A12,T2_pos-1_3,T2,pos-1,3,10,JU3135,0,0,0.0012623745035201,0,-0.0012623745035201,0,-65.4641783879969
A13,T2_pos-1_4,T2,pos-1,4,10,JU3135,0,0,0.0012623745035201,0,-0.0012623745035201,0,-65.4641783879969
A6,T2_ctrl_A,T2,ctrl,A,10,JU3135,0.00252474900704021,0,0.0012623745035201,0.00252474900704021,0.0012623745035201,66.4641783879969,1
A7,T2_ctrl_B,T2,ctrl,B,10,JU3135,0,0,0.0012623745035201,0,-0.0012623745035201,0,-65.4641783879969
A10,T2_pos-1_1,T2,pos-1,1,3,JU3137,0,0,0,0,0,0,0
A11,T2_pos-1_2,T2,pos-1,2,3,JU3137,0,0,0,0,0,0,0
A12,T2_pos-1_3,T2,pos-1,3,3,JU3137,0,0,0,0,0,0,0
A13,T2_pos-1_4,T2,pos-1,4,3,JU3137,0,0,0,0,0,0,0
A6,T2_ctrl_A,T2,ctrl,A,3,JU3137,0,0,0,0,0,0,0
A7,T2_ctrl_B,T2,ctrl,B,3,JU3137,0,0,0,0,0,0,0
A10,T2_pos-1_1,T2,pos-1,1,5,JU3137,0,0,0,0,0,0,0
A11,T2_pos-1_2,T2,pos-1,2,5,JU3137,0,0,0,0,0,0,0
A12,T2_pos-1_3,T2,pos-1,3,5,JU3137,0,0,0,0,0,0,0
A13,T2_pos-1_4,T2,pos-1,4,5,JU3137,0,0,0,0,0,0,0
A6,T2_ctrl_A,T2,ctrl,A,5,JU3137,0,0,0,0,0,0,0
A7,T2_ctrl_B,T2,ctrl,B,5,JU3137,0,0,0,0,0,0,0
A10,T2_pos-1_1,T2,pos-1,1,10,JU3137,0,0,0,0,0,0,0
A11,T2_pos-1_2,T2,pos-1,2,10,JU3137,0.000192149121144678,0,0,0.000192149121144678,0.000192149121144678,62.7483366985979,62.7483366985979
A12,T2_pos-1_3,T2,pos-1,3,10,JU3137,0,0,0,0,0,0,0
A13,T2_pos-1_4,T2,pos-1,4,10,JU3137,0,0,0,0,0,0,0
A6,T2_ctrl_A,T2,ctrl,A,10,JU3137,0,0,0,0,0,0,0
A7,T2_ctrl_B,T2,ctrl,B,10,JU3137,0,0,0,0,0,0,0
A10,T2_pos-1_1,T2,pos-1,1,3,JU3140,0,0,0.000315292231119689,0,-0.000315292231119689,0,-63.4627999428968
A11,T2_pos-1_2,T2,pos-1,2,3,JU3140,0,0,0.000315292231119689,0,-0.000315292231119689,0,-63.4627999428968
A12,T2_pos-1_3,T2,pos-1,3,3,JU3140,0,0,0.000315292231119689,0,-0.000315292231119689,0,-63.4627999428968
A13,T2_pos-1_4,T2,pos-1,4,3,JU3140,0,0,0.000315292231119689,0,-0.000315292231119689,0,-63.4627999428968
A6,T2_ctrl_A,T2,ctrl,A,3,JU3140,0.000630584462239379,0,0.000315292231119689,0.000630584462239379,0.000315292231119689,64.4627999428968,1
A7,T2_ctrl_B,T2,ctrl,B,3,JU3140,0,0,0.000315292231119689,0,-0.000315292231119689,0,-63.4627999428968
A10,T2_pos-1_1,T2,pos-1,1,5,JU3140,0,0,0.000375086306285181,0,-0.000375086306285181,0,-63.7133329146125
A11,T2_pos-1_2,T2,pos-1,2,5,JU3140,0,0,0.000375086306285181,0,-0.000375086306285181,0,-63.7133329146125
A12,T2_pos-1_3,T2,pos-1,3,5,JU3140,0,0,0.000375086306285181,0,-0.000375086306285181,0,-63.7133329146125
A13,T2_pos-1_4,T2,pos-1,4,5,JU3140,0.000305258920976965,0,0.000375086306285181,0.000305258920976965,-6.98273853082165e-05,63.4161437783834,-0.297189136229074
A6,T2_ctrl_A,T2,ctrl,A,5,JU3140,0.000750172612570363,0,0.000375086306285181,0.000750172612570363,0.000375086306285181,64.7133329146125,1
A7,T2_ctrl_B,T2,ctrl,B,5,JU3140,0,0,0.000375086306285181,0,-0.000375086306285181,0,-63.7133329146125
A10,T2_pos-1_1,T2,pos-1,1,10,JU3140,0,0,0,0,0,0,0
A11,T2_pos-1_2,T2,pos-1,2,10,JU3140,0,0,0,0,0,0,0
A12,T2_pos-1_3,T2,pos-1,3,10,JU3140,0,0,0,0,0,0,0
A13,T2_pos-1_4,T2,pos-1,4,10,JU3140,0,0,0,0,0,0,0
A6,T2_ctrl_A,T2,ctrl,A,10,JU3140,0,0,0,0,0,0,0
A7,T2_ctrl_B,T2,ctrl,B,10,JU3140,0,0,0,0,0,0,0
A10,T2_pos-1_1,T2,pos-1,1,3,JU3141,0,0.00994261840474635,0.0106167861349594,-0.00994261840474635,-0.0106167861349594,-68.4416642536085,-68.5363136167556
A11,T2_pos-1_2,T2,pos-1,2,3,JU3141,0,0.00994261840474635,0.0106167861349594,-0.00994261840474635,-0.0106167861349594,-68.4416642536085,-68.5363136167556
A12,T2_pos-1_3,T2,pos-1,3,3,JU3141,0,0.00994261840474635,0.0106167861349594,-0.00994261840474635,-0.0106167861349594,-68.4416642536085,-68.5363136167556
A13,T2_pos-1_4,T2,pos-1,4,3,JU3141,0,0.00994261840474635,0.0106167861349594,-0.00994261840474635,-0.0106167861349594,-68.4416642536085,-68.5363136167556
A6,T2_ctrl_A,T2,ctrl,A,3,JU3141,0.0069067263836346,0.00994261840474635,0.0106167861349594,-0.00303589202111175,-0.00371005975132481,-0.525623766832098,-0.620273129979279
A7,T2_ctrl_B,T2,ctrl,B,3,JU3141,0.0143268458862842,0.00994261840474635,0.0106167861349594,0.00438422748153787,0.00371005975132481,0.527023286317967,0.432373923170786
A10,T2_pos-1_1,T2,pos-1,1,5,JU3141,0,0.00958585013014994,0.0104089467555944,-0.00958585013014994,-0.0104089467555944,-68.3889448000318,-68.5077906054109
A11,T2_pos-1_2,T2,pos-1,2,5,JU3141,0,0.00958585013014994,0.0104089467555944,-0.00958585013014994,-0.0104089467555944,-68.3889448000318,-68.5077906054109
A12,T2_pos-1_3,T2,pos-1,3,5,JU3141,0,0.00958585013014994,0.0104089467555944,-0.00958585013014994,-0.0104089467555944,-68.3889448000318,-68.5077906054109
A13,T2_pos-1_4,T2,pos-1,4,5,JU3141,0,0.00958585013014994,0.0104089467555944,-0.00958585013014994,-0.0104089467555944,-68.3889448000318,-68.5077906054109
A6,T2_ctrl_A,T2,ctrl,A,5,JU3141,0.00708658764435835,0.00958585013014994,0.0104089467555944,-0.00249926248579159,-0.00332235911123601,-0.435815280656769,-0.554661086035911
A7,T2_ctrl_B,T2,ctrl,B,5,JU3141,0.0137313058668304,0.00958585013014994,0.0104089467555944,0.00414545573668044,0.00332235911123601,0.51849054492279,0.399644739543649
A10,T2_pos-1_1,T2,pos-1,1,10,JU3141,0,0.00951339645138476,0.0126112980297432,-0.00951339645138476,-0.0126112980297432,-68.3779989164832,-68.7846832846391
A11,T2_pos-1_2,T2,pos-1,2,10,JU3141,0,0.00951339645138476,0.0126112980297432,-0.00951339645138476,-0.0126112980297432,-68.3779989164832,-68.7846832846391
A12,T2_pos-1_3,T2,pos-1,3,10,JU3141,0,0.00951339645138476,0.0126112980297432,-0.00951339645138476,-0.0126112980297432,-68.3779989164832,-68.7846832846391
A13,T2_pos-1_4,T2,pos-1,4,10,JU3141,0.000245840565595938,0.00951339645138476,0.0126112980297432,-0.00926755588578883,-0.0123654574641473,-5.27416560447464,-5.68084997263048
A6,T2_ctrl_A,T2,ctrl,A,10,JU3141,0.00836890160417636,0.00951339645138476,0.0126112980297432,-0.0011444948472084,-0.00424239642556688,-0.184922215430612,-0.591606583586444
A7,T2_ctrl_B,T2,ctrl,B,10,JU3141,0.0168536944553101,0.00951339645138476,0.0126112980297432,0.00734029800392536,0.00424239642556688,0.825032469668717,0.418348101512885
A10,T2_pos-1_1,T2,pos-1,1,3,JU3144,0,0.000374187275490309,0.002021660452874,-0.000374187275490309,-0.002021660452874,-63.7098708203298,-66.1435791260474
A11,T2_pos-1_2,T2,pos-1,2,3,JU3144,0.000972050401334411,0.000374187275490309,0.002021660452874,0.000597863125844102,-0.00104961005153959,1.37727062076011,-1.0564376849574
A12,T2_pos-1_3,T2,pos-1,3,3,JU3144,0,0.000374187275490309,0.002021660452874,-0.000374187275490309,-0.002021660452874,-63.7098708203298,-66.1435791260474
A13,T2_pos-1_4,T2,pos-1,4,3,JU3144,0,0.000374187275490309,0.002021660452874,-0.000374187275490309,-0.002021660452874,-63.7098708203298,-66.1435791260474
A6,T2_ctrl_A,T2,ctrl,A,3,JU3144,0.000218614785966676,0.000374187275490309,0.002021660452874,-0.000155572489523633,-0.00180304566690732,-0.775369518825614,-3.20907782454312
A7,T2_ctrl_B,T2,ctrl,B,3,JU3144,0.00382470611978132,0.000374187275490309,0.002021660452874,0.00345051884429101,0.00180304566690732,3.35351649459001,0.919808188872503
A10,T2_pos-1_1,T2,pos-1,1,5,JU3144,0,0,0.00149783618575418,0,-0.00149783618575418,0,-65.7109182645101
A11,T2_pos-1_2,T2,pos-1,2,5,JU3144,0.000481513983091637,0,0.00149783618575418,0.000481513983091637,-0.00101632220266254,64.0736880151263,-1.63723024938386
A12,T2_pos-1_3,T2,pos-1,3,5,JU3144,0,0,0.00149783618575418,0,-0.00149783618575418,0,-65.7109182645101
A13,T2_pos-1_4,T2,pos-1,4,5,JU3144,0,0,0.00149783618575418,0,-0.00149783618575418,0,-65.7109182645101
A6,T2_ctrl_A,T2,ctrl,A,5,JU3144,0,0,0.00149783618575418,0,-0.00149783618575418,0,-65.7109182645101
A7,T2_ctrl_B,T2,ctrl,B,5,JU3144,0.00299567237150835,0,0.00149783618575418,0.00299567237150835,0.00149783618575418,66.7109182645101,1
A10,T2_pos-1_1,T2,pos-1,1,10,JU3144,0,0,0.00112240275624781,0,-0.00112240275624781,0,-65.2946288725495
A11,T2_pos-1_2,T2,pos-1,2,10,JU3144,0.00105919692292159,0,0.00112240275624781,0.00105919692292159,-6.32058333262162e-05,65.2110092517787,-0.083619620770815
A12,T2_pos-1_3,T2,pos-1,3,10,JU3144,0,0,0.00112240275624781,0,-0.00112240275624781,0,-65.2946288725495
A13,T2_pos-1_4,T2,pos-1,4,10,JU3144,0,0,0.00112240275624781,0,-0.00112240275624781,0,-65.2946288725495
A6,T2_ctrl_A,T2,ctrl,A,10,JU3144,0,0,0.00112240275624781,0,-0.00112240275624781,0,-65.2946288725495
A7,T2_ctrl_B,T2,ctrl,B,10,JU3144,0.00224480551249561,0,0.00112240275624781,0.00224480551249561,0.00112240275624781,66.2946288725495,1
A10,T2_pos-1_1,T2,pos-1,1,3,JU3166,0.00438218639982518,0.00172803457709886,0.00483595507018913,0.00265415182272632,-0.000453768670363949,1.34251876643882,-0.142149989054322
A11,T2_pos-1_2,T2,pos-1,2,3,JU3166,0.00502159836853599,0.00172803457709886,0.00483595507018913,0.00329356379143713,0.000185643298346861,1.53901455992831,0.0543458044351718
A12,T2_pos-1_3,T2,pos-1,3,3,JU3166,0,0.00172803457709886,0.00483595507018913,-0.00172803457709886,-0.00483595507018913,-65.9171705010847,-67.4018392565778
A13,T2_pos-1_4,T2,pos-1,4,3,JU3166,0.00153022764421931,0.00172803457709886,0.00483595507018913,-0.000197806932879548,-0.00330572742596982,-0.175385794068361,-1.6600545495615
A6,T2_ctrl_A,T2,ctrl,A,3,JU3166,0.00503471102384598,0.00172803457709886,0.00483595507018913,0.00330667644674712,0.00019875595365685,1.54277688918287,0.0581081336897312
A7,T2_ctrl_B,T2,ctrl,B,3,JU3166,0.00463719911653228,0.00172803457709886,0.00483595507018913,0.00290916453943342,-0.000198755953656851,1.42412159048577,-0.0605471650073651
A10,T2_pos-1_1,T2,pos-1,1,5,JU3166,0.00401140693102164,0.00171201040303134,0.00445211962062558,0.00229939652799029,-0.000440712689603945,1.22841685725891,-0.150384030318407
A11,T2_pos-1_2,T2,pos-1,2,5,JU3166,0.00433143697891615,0.00171201040303134,0.00445211962062558,0.00261942657588481,-0.000120682641709431,1.33915425836643,-0.0396466292108863
A12,T2_pos-1_3,T2,pos-1,3,5,JU3166,0,0.00171201040303134,0.00445211962062558,-0.00171201040303134,-0.00445211962062558,-65.9037298839978,-67.2825307715751
A13,T2_pos-1_4,T2,pos-1,4,5,JU3166,0.000841001236412849,0.00171201040303134,0.00445211962062558,-0.000871009166618494,-0.00361111838421273,-1.02551164170396,-2.40431252928127
A6,T2_ctrl_A,T2,ctrl,A,5,JU3166,0.00464693975968413,0.00171201040303134,0.00445211962062558,0.00293492935665279,0.000194820139058549,1.4405894743798,0.0617885868024859
A7,T2_ctrl_B,T2,ctrl,B,5,JU3166,0.00425729948156703,0.00171201040303134,0.00445211962062558,0.00254528907853569,-0.000194820139058548,1.31424711239163,-0.0645537751856818
A10,T2_pos-1_1,T2,pos-1,1,10,JU3166,0.00212323119944193,0.000740362581478911,0.00370358928186142,0.00138286861796302,-0.00158035808241949,1.51995758820683,-0.802662641048864
A11,T2_pos-1_2,T2,pos-1,2,10,JU3166,0.0035933651063322,0.000740362581478911,0.00370358928186142,0.00285300252485329,-0.000110224175529226,2.27903164161463,-0.0435885876410657
A12,T2_pos-1_3,T2,pos-1,3,10,JU3166,0,0.000740362581478911,0.00370358928186142,-0.000740362581478911,-0.00370358928186142,-64.6943423028901,-67.0169625321458
A13,T2_pos-1_4,T2,pos-1,4,10,JU3166,9.64148140936997e-05,0.000740362581478911,0.00370358928186142,-0.000643947767385212,-0.00360717446776772,-2.94090524402521,-5.26352547328091
A6,T2_ctrl_A,T2,ctrl,A,10,JU3166,0.00355183274368269,0.000740362581478911,0.00370358928186142,0.00281147016220378,-0.000151756538178733,2.26225975937506,-0.0603604698806392
A7,T2_ctrl_B,T2,ctrl,B,10,JU3166,0.00385534582004016,0.000740362581478911,0.00370358928186142,0.00311498323856124,0.000151756538178733,2.38055638681882,0.0579361575631246
A10,T2_pos-1_1,T2,pos-1,1,3,JU3167,0.012544774570954,0.00637093657221524,0.00375007227567658,0.00617383799873879,0.00879470229527746,0.977509166372047,1.74209623955782
A11,T2_pos-1_2,T2,pos-1,2,3,JU3167,0.0120584508872908,0.00637093657221524,0.00375007227567658,0.00568751431507551,0.00830837861161417,0.920467201032415,1.68505427421819
A12,T2_pos-1_3,T2,pos-1,3,3,JU3167,0.0116047242488909,0.00637093657221524,0.00375007227567658,0.00523378767667568,0.00785465197321434,0.865134862371757,1.62972193555753
A13,T2_pos-1_4,T2,pos-1,4,3,JU3167,0.0120350510799052,0.00637093657221524,0.00375007227567658,0.00566411450768999,0.00828497880422865,0.917664885558882,1.68225195874466
A6,T2_ctrl_A,T2,ctrl,A,3,JU3167,0.00179088441730637,0.00637093657221524,0.00375007227567658,-0.00458005215490887,-0.00195918785837021,-1.83083324474376,-1.06624617155798
A7,T2_ctrl_B,T2,ctrl,B,3,JU3167,0.00570926013404679,0.00637093657221524,0.00375007227567658,-0.000661676438168454,0.00195918785837021,-0.158201676219248,0.606385396966529
A10,T2_pos-1_1,T2,pos-1,1,5,JU3167,0.0128863814950586,0.00632331612274821,0.00369351698565764,0.00656306537231044,0.00919286450940101,1.02709395943378,1.80278009337883
A11,T2_pos-1_2,T2,pos-1,2,5,JU3167,0.01232745570955,0.00632331612274821,0.00369351698565764,0.00600413958680181,0.00863393872389239,0.963121818134983,1.73880795208004
A12,T2_pos-1_3,T2,pos-1,3,5,JU3167,0.0118469476201179,0.00632331612274821,0.00369351698565764,0.0055236314973697,0.00815343063446027,0.905762143584479,1.68144827752953
A13,T2_pos-1_4,T2,pos-1,4,5,JU3167,0.0121535014129929,0.00632331612274821,0.00369351698565764,0.00583018529024468,0.00845998442733524,0.942618761523045,1.7183048954681
A6,T2_ctrl_A,T2,ctrl,A,5,JU3167,0.00170581288944953,0.00632331612274821,0.00369351698565764,-0.00461750323329868,-0.00198770409620811,-1.89022194007202,-1.11453580612697
A7,T2_ctrl_B,T2,ctrl,B,5,JU3167,0.00568122108186575,0.00632331612274821,0.00369351698565764,-0.00064209504088246,0.00198770409620811,-0.15448030041791,0.621205833527142
A10,T2_pos-1_1,T2,pos-1,1,10,JU3167,0.0137465308552047,0.00568879171414928,0.00334008397862294,0.00805773914105538,0.0104064468765817,1.27287341349446,2.04111129720508
A11,T2_pos-1_2,T2,pos-1,2,10,JU3167,0.0134731730561989,0.00568879171414928,0.00334008397862294,0.00778438134204963,0.010133089077576,1.24389549358851,2.01213337729912
A12,T2_pos-1_3,T2,pos-1,3,10,JU3167,0.0132621043339946,0.00568879171414928,0.00334008397862294,0.00757331261984529,0.00992202035537164,1.22111554476006,1.98935342847068
A13,T2_pos-1_4,T2,pos-1,4,10,JU3167,0.0122262234766514,0.00568879171414928,0.00334008397862294,0.00653743176250215,0.0088861394980285,1.10378467753234,1.87202256124296
A6,T2_ctrl_A,T2,ctrl,A,10,JU3167,0.00163905137639186,0.00568879171414928,0.00334008397862294,-0.00404974033775743,-0.00170103260223108,-1.79526118335902,-1.0270232996484
A7,T2_ctrl_B,T2,ctrl,B,10,JU3167,0.00504111658085402,0.00568879171414928,0.00334008397862294,-0.000647675133295267,0.00170103260223108,-0.174378941572269,0.593858942138349
A10,T2_pos-1_1,T2,pos-1,1,3,JU3169,0.000607469181201007,0,0,0.000607469181201007,0.000607469181201007,64.4089215389813,64.4089215389813
A11,T2_pos-1_2,T2,pos-1,2,3,JU3169,0,0,0,0,0,0,0
A12,T2_pos-1_3,T2,pos-1,3,3,JU3169,0,0,0,0,0,0,0
A13,T2_pos-1_4,T2,pos-1,4,3,JU3169,0.000375919334615766,0,0,0.000375919334615766,0.000375919334615766,63.716533440065,63.716533440065
A6,T2_ctrl_A,T2,ctrl,A,3,JU3169,0,0,0,0,0,0,0
A7,T2_ctrl_B,T2,ctrl,B,3,JU3169,0,0,0,0,0,0,0
A10,T2_pos-1_1,T2,pos-1,1,5,JU3169,0.000477859973429386,0,3.62450348092657e-06,0.000477859973429386,0.000474235469948459,64.0626982502396,7.04266074467637
A11,T2_pos-1_2,T2,pos-1,2,5,JU3169,0,0,3.62450348092657e-06,0,-3.62450348092657e-06,0,-57.0200375055632
A12,T2_pos-1_3,T2,pos-1,3,5,JU3169,0,0,3.62450348092657e-06,0,-3.62450348092657e-06,0,-57.0200375055632
A13,T2_pos-1_4,T2,pos-1,4,5,JU3169,0.000504138138834745,0,3.62450348092657e-06,0.000504138138834745,0.000500513635353818,64.1399294214091,7.11989191584586
A6,T2_ctrl_A,T2,ctrl,A,5,JU3169,0,0,3.62450348092657e-06,0,-3.62450348092657e-06,0,-57.0200375055632
A7,T2_ctrl_B,T2,ctrl,B,5,JU3169,7.24900696185314e-06,0,3.62450348092657e-06,7.24900696185314e-06,3.62450348092657e-06,58.0200375055632,1
A10,T2_pos-1_1,T2,pos-1,1,10,JU3169,0.0014620473721149,0,0.000138055257734208,0.0014620473721149,0.00132399211438069,65.676028472819,3.40467231904591
A11,T2_pos-1_2,T2,pos-1,2,10,JU3169,0,0,0.000138055257734208,0,-0.000138055257734208,0,-62.2713561537731
A12,T2_pos-1_3,T2,pos-1,3,10,JU3169,0,0,0.000138055257734208,0,-0.000138055257734208,0,-62.2713561537731
A13,T2_pos-1_4,T2,pos-1,4,10,JU3169,0.00106861697970372,0,0.000138055257734208,0.00106861697970372,0.000930561721969513,65.2237832617381,2.95242710796493
A6,T2_ctrl_A,T2,ctrl,A,10,JU3169,0,0,0.000138055257734208,0,-0.000138055257734208,0,-62.2713561537731
A7,T2_ctrl_B,T2,ctrl,B,10,JU3169,0.000276110515468416,0,0.000138055257734208,0.000276110515468416,0.000138055257734208,63.2713561537732,1
A10,T2_pos-1_1,T2,pos-1,1,3,JU3224,0,0.000531094913683927,0.000669757729903798,-0.000531094913683927,-0.000669757729903798,-64.2150800335601,-64.5497496476105
A11,T2_pos-1_2,T2,pos-1,2,3,JU3224,0,0.000531094913683927,0.000669757729903798,-0.000531094913683927,-0.000669757729903798,-64.2150800335601,-64.5497496476105
A12,T2_pos-1_3,T2,pos-1,3,3,JU3224,0.000531000189564355,0.000531094913683927,0.000669757729903798,-9.47241195715584e-08,-0.000138757540339442,-0.000257336687652212,-0.334926950738008
A13,T2_pos-1_4,T2,pos-1,4,3,JU3224,0,0.000531094913683927,0.000669757729903798,-0.000531094913683927,-0.000669757729903798,-64.2150800335601,-64.5497496476105
A6,T2_ctrl_A,T2,ctrl,A,3,JU3224,0.00129398406369933,0.000531094913683927,0.000669757729903798,0.000762889150015404,0.000624226333795534,1.28477823179698,0.950108617746622
A7,T2_ctrl_B,T2,ctrl,B,3,JU3224,4.5531396108264e-05,0.000531094913683927,0.000669757729903798,-0.000485563517575663,-0.000624226333795533,-3.54403611090926,-3.87870572495962
A10,T2_pos-1_1,T2,pos-1,1,5,JU3224,0,0.000295305902586764,0.000589950425841405,-0.000295305902586764,-0.000589950425841405,-63.3683205142173,-64.366704049185
A11,T2_pos-1_2,T2,pos-1,2,5,JU3224,0,0.000295305902586764,0.000589950425841405,-0.000295305902586764,-0.000589950425841405,-63.3683205142173,-64.366704049185
A12,T2_pos-1_3,T2,pos-1,3,5,JU3224,5.49973286710511e-05,0.000295305902586764,0.000589950425841405,-0.000240308573915713,-0.000534953097170354,-2.42477674250677,-3.42316027747451
A13,T2_pos-1_4,T2,pos-1,4,5,JU3224,0,0.000295305902586764,0.000589950425841405,-0.000295305902586764,-0.000589950425841405,-63.3683205142173,-64.366704049185
A6,T2_ctrl_A,T2,ctrl,A,5,JU3224,0.00117990085168281,0.000295305902586764,0.000589950425841405,0.000884594949096047,0.000589950425841405,1.99838353496774,1
A7,T2_ctrl_B,T2,ctrl,B,5,JU3224,0,0.000295305902586764,0.000589950425841405,-0.000295305902586764,-0.000589950425841405,-63.3683205142173,-64.366704049185
A10,T2_pos-1_1,T2,pos-1,1,10,JU3224,0,0.000480389668698392,0.00179740384682359,-0.000480389668698392,-0.00179740384682359,-64.0703154454615,-65.9739530106043
A11,T2_pos-1_2,T2,pos-1,2,10,JU3224,0,0.000480389668698392,0.00179740384682359,-0.000480389668698392,-0.00179740384682359,-64.0703154454615,-65.9739530106043
A12,T2_pos-1_3,T2,pos-1,3,10,JU3224,0.000573223632225266,0.000480389668698392,0.00179740384682359,9.28339635268736e-05,-0.00122418021459833,0.254892963996621,-1.64874460114615
A13,T2_pos-1_4,T2,pos-1,4,10,JU3224,0,0.000480389668698392,0.00179740384682359,-0.000480389668698392,-0.00179740384682359,-64.0703154454615,-65.9739530106043
A6,T2_ctrl_A,T2,ctrl,A,10,JU3224,0.00194753225983707,0.000480389668698392,0.00179740384682359,0.00146714259113868,0.000150128413013478,2.0193701961957,0.115732631052934
A7,T2_ctrl_B,T2,ctrl,B,10,JU3224,0.00164727543381012,0.000480389668698392,0.00179740384682359,0.00116688576511172,-0.000150128413013478,1.77780477227408,-0.125832792868686
A10,T2_pos-1_1,T2,pos-1,1,3,JU3225,0,0,0,0,0,0,0
A11,T2_pos-1_2,T2,pos-1,2,3,JU3225,0,0,0,0,0,0,0
A12,T2_pos-1_3,T2,pos-1,3,3,JU3225,0,0,0,0,0,0,0
A13,T2_pos-1_4,T2,pos-1,4,3,JU3225,0,0,0,0,0,0,0
A6,T2_ctrl_A,T2,ctrl,A,3,JU3225,0,0,0,0,0,0,0
A7,T2_ctrl_B,T2,ctrl,B,3,JU3225,0,0,0,0,0,0,0
A10,T2_pos-1_1,T2,pos-1,1,5,JU3225,0,0,0,0,0,0,0
A11,T2_pos-1_2,T2,pos-1,2,5,JU3225,0,0,0,0,0,0,0
A12,T2_pos-1_3,T2,pos-1,3,5,JU3225,0,0,0,0,0,0,0
A13,T2_pos-1_4,T2,pos-1,4,5,JU3225,0,0,0,0,0,0,0
A6,T2_ctrl_A,T2,ctrl,A,5,JU3225,0,0,0,0,0,0,0
A7,T2_ctrl_B,T2,ctrl,B,5,JU3225,0,0,0,0,0,0,0
A10,T2_pos-1_1,T2,pos-1,1,10,JU3225,0,0,0,0,0,0,0
A11,T2_pos-1_2,T2,pos-1,2,10,JU3225,0,0,0,0,0,0,0
A12,T2_pos-1_3,T2,pos-1,3,10,JU3225,0,0,0,0,0,0,0
A13,T2_pos-1_4,T2,pos-1,4,10,JU3225,0,0,0,0,0,0,0
A6,T2_ctrl_A,T2,ctrl,A,10,JU3225,0,0,0,0,0,0,0
A7,T2_ctrl_B,T2,ctrl,B,10,JU3225,0,0,0,0,0,0,0
A10,T2_pos-1_1,T2,pos-1,1,3,JU3226,0,0,6.07683432237478e-05,0,-6.07683432237478e-05,0,-61.0875021849839
A11,T2_pos-1_2,T2,pos-1,2,3,JU3226,0,0,6.07683432237478e-05,0,-6.07683432237478e-05,0,-61.0875021849839
A12,T2_pos-1_3,T2,pos-1,3,3,JU3226,0,0,6.07683432237478e-05,0,-6.07683432237478e-05,0,-61.0875021849839
A13,T2_pos-1_4,T2,pos-1,4,3,JU3226,0,0,6.07683432237478e-05,0,-6.07683432237478e-05,0,-61.0875021849839
A6,T2_ctrl_A,T2,ctrl,A,3,JU3226,0.000121536686447496,0,6.07683432237478e-05,0.000121536686447496,6.07683432237478e-05,62.0875021849839,1
A7,T2_ctrl_B,T2,ctrl,B,3,JU3226,0,0,6.07683432237478e-05,0,-6.07683432237478e-05,0,-61.0875021849839
A10,T2_pos-1_1,T2,pos-1,1,5,JU3226,0,0,8.05612965761372e-06,0,-8.05612965761372e-06,0,-58.1723410337043
A11,T2_pos-1_2,T2,pos-1,2,5,JU3226,0,0,8.05612965761372e-06,0,-8.05612965761372e-06,0,-58.1723410337043
A12,T2_pos-1_3,T2,pos-1,3,5,JU3226,0,0,8.05612965761372e-06,0,-8.05612965761372e-06,0,-58.1723410337043
A13,T2_pos-1_4,T2,pos-1,4,5,JU3226,0,0,8.05612965761372e-06,0,-8.05612965761372e-06,0,-58.1723410337043
A6,T2_ctrl_A,T2,ctrl,A,5,JU3226,1.61122593152274e-05,0,8.05612965761372e-06,1.61122593152274e-05,8.05612965761372e-06,59.1723410337043,1
A7,T2_ctrl_B,T2,ctrl,B,5,JU3226,0,0,8.05612965761372e-06,0,-8.05612965761372e-06,0,-58.1723410337043
A10,T2_pos-1_1,T2,pos-1,1,10,JU3226,0,9.09853572835545e-05,1.82070254280892e-05,-9.09853572835545e-05,-1.82070254280892e-05,-61.6698166099774,-59.3486774672538
A11,T2_pos-1_2,T2,pos-1,2,10,JU3226,0,9.09853572835545e-05,1.82070254280892e-05,-9.09853572835545e-05,-1.82070254280892e-05,-61.6698166099774,-59.3486774672538
A12,T2_pos-1_3,T2,pos-1,3,10,JU3226,0,9.09853572835545e-05,1.82070254280892e-05,-9.09853572835545e-05,-1.82070254280892e-05,-61.6698166099774,-59.3486774672538
A13,T2_pos-1_4,T2,pos-1,4,10,JU3226,0,9.09853572835545e-05,1.82070254280892e-05,-9.09853572835545e-05,-1.82070254280892e-05,-61.6698166099774,-59.3486774672538
A6,T2_ctrl_A,T2,ctrl,A,10,JU3226,3.64140508561785e-05,9.09853572835545e-05,1.82070254280892e-05,-5.4571306427376e-05,1.82070254280892e-05,-1.32113914272365,1
A7,T2_ctrl_B,T2,ctrl,B,10,JU3226,0,9.09853572835545e-05,1.82070254280892e-05,-9.09853572835545e-05,-1.82070254280892e-05,-61.6698166099774,-59.3486774672538
A10,T2_pos-1_1,T2,pos-1,1,3,JU3228,0,0.00331166270418184,0,-0.00331166270418184,0,-66.8555941562308,0
A11,T2_pos-1_2,T2,pos-1,2,3,JU3228,0,0.00331166270418184,0,-0.00331166270418184,0,-66.8555941562308,0
A12,T2_pos-1_3,T2,pos-1,3,3,JU3228,0,0.00331166270418184,0,-0.00331166270418184,0,-66.8555941562308,0
A13,T2_pos-1_4,T2,pos-1,4,3,JU3228,0,0.00331166270418184,0,-0.00331166270418184,0,-66.8555941562308,0
A6,T2_ctrl_A,T2,ctrl,A,3,JU3228,0,0.00331166270418184,0,-0.00331166270418184,0,-66.8555941562308,0
A7,T2_ctrl_B,T2,ctrl,B,3,JU3228,0,0.00331166270418184,0,-0.00331166270418184,0,-66.8555941562308,0
A10,T2_pos-1_1,T2,pos-1,1,5,JU3228,0,0.00304610512582668,0,-0.00304610512582668,0,-66.7350041480302,0
A11,T2_pos-1_2,T2,pos-1,2,5,JU3228,0,0.00304610512582668,0,-0.00304610512582668,0,-66.7350041480302,0
A12,T2_pos-1_3,T2,pos-1,3,5,JU3228,0,0.00304610512582668,0,-0.00304610512582668,0,-66.7350041480302,0
A13,T2_pos-1_4,T2,pos-1,4,5,JU3228,0,0.00304610512582668,0,-0.00304610512582668,0,-66.7350041480302,0
A6,T2_ctrl_A,T2,ctrl,A,5,JU3228,0,0.00304610512582668,0,-0.00304610512582668,0,-66.7350041480302,0
A7,T2_ctrl_B,T2,ctrl,B,5,JU3228,0,0.00304610512582668,0,-0.00304610512582668,0,-66.7350041480302,0
A10,T2_pos-1_1,T2,pos-1,1,10,JU3228,0,0.00308753495397754,0,-0.00308753495397754,0,-66.7544938852333,0
A11,T2_pos-1_2,T2,pos-1,2,10,JU3228,0,0.00308753495397754,0,-0.00308753495397754,0,-66.7544938852333,0
A12,T2_pos-1_3,T2,pos-1,3,10,JU3228,0,0.00308753495397754,0,-0.00308753495397754,0,-66.7544938852333,0
A13,T2_pos-1_4,T2,pos-1,4,10,JU3228,0,0.00308753495397754,0,-0.00308753495397754,0,-66.7544938852333,0
A6,T2_ctrl_A,T2,ctrl,A,10,JU3228,0,0.00308753495397754,0,-0.00308753495397754,0,-66.7544938852333,0
A7,T2_ctrl_B,T2,ctrl,B,10,JU3228,0,0.00308753495397754,0,-0.00308753495397754,0,-66.7544938852333,0
A10,T2_pos-1_1,T2,pos-1,1,3,JU323,0,0,0,0,0,0,0
A11,T2_pos-1_2,T2,pos-1,2,3,JU323,0,0,0,0,0,0,0
A12,T2_pos-1_3,T2,pos-1,3,3,JU323,0,0,0,0,0,0,0
A13,T2_pos-1_4,T2,pos-1,4,3,JU323,9.03348894734441e-05,0,0,9.03348894734441e-05,9.03348894734441e-05,61.659465524245,61.659465524245
A6,T2_ctrl_A,T2,ctrl,A,3,JU323,0,0,0,0,0,0,0
A7,T2_ctrl_B,T2,ctrl,B,3,JU323,0,0,0,0,0,0,0
A10,T2_pos-1_1,T2,pos-1,1,5,JU323,0,0,0,0,0,0,0
A11,T2_pos-1_2,T2,pos-1,2,5,JU323,0,0,0,0,0,0,0
A12,T2_pos-1_3,T2,pos-1,3,5,JU323,0,0,0,0,0,0,0
A13,T2_pos-1_4,T2,pos-1,4,5,JU323,0.000431922243713532,0,0,0.000431922243713532,0.000431922243713532,63.916881937119,63.916881937119
A6,T2_ctrl_A,T2,ctrl,A,5,JU323,0,0,0,0,0,0,0
A7,T2_ctrl_B,T2,ctrl,B,5,JU323,0,0,0,0,0,0,0
A10,T2_pos-1_1,T2,pos-1,1,10,JU323,0,0,0,0,0,0,0
A11,T2_pos-1_2,T2,pos-1,2,10,JU323,0,0,0,0,0,0,0
A12,T2_pos-1_3,T2,pos-1,3,10,JU323,0,0,0,0,0,0,0
A13,T2_pos-1_4,T2,pos-1,4,10,JU323,0.00102374060022237,0,0,0.00102374060022237,0.00102374060022237,65.1618886210907,65.1618886210907
A6,T2_ctrl_A,T2,ctrl,A,10,JU323,0,0,0,0,0,0,0
A7,T2_ctrl_B,T2,ctrl,B,10,JU323,0,0,0,0,0,0,0
A10,T2_pos-1_1,T2,pos-1,1,3,JU3280,0,0.00810288283036101,0.003690232515871,-0.00810288283036101,-0.003690232515871,-68.1464736946964,-67.0117501368392
A11,T2_pos-1_2,T2,pos-1,2,3,JU3280,0,0.00810288283036101,0.003690232515871,-0.00810288283036101,-0.003690232515871,-68.1464736946964,-67.0117501368392
A12,T2_pos-1_3,T2,pos-1,3,3,JU3280,0,0.00810288283036101,0.003690232515871,-0.00810288283036101,-0.003690232515871,-68.1464736946964,-67.0117501368392
A13,T2_pos-1_4,T2,pos-1,4,3,JU3280,0,0.00810288283036101,0.003690232515871,-0.00810288283036101,-0.003690232515871,-68.1464736946964,-67.0117501368392
A6,T2_ctrl_A,T2,ctrl,A,3,JU3280,0.0045853373742166,0.00810288283036101,0.003690232515871,-0.00351754545614441,0.000895104858345601,-0.82140739246448,0.313316165392736
A7,T2_ctrl_B,T2,ctrl,B,3,JU3280,0.0027951276575254,0.00810288283036101,0.003690232515871,-0.00530775517283562,-0.000895104858345601,-1.53552110445718,-0.40079754659996
A10,T2_pos-1_1,T2,pos-1,1,5,JU3280,0,0.00783851665314858,0.0036874057786116,-0.00783851665314858,-0.0036874057786116,-68.0986190828396,-67.0106446014733
A11,T2_pos-1_2,T2,pos-1,2,5,JU3280,0,0.00783851665314858,0.0036874057786116,-0.00783851665314858,-0.0036874057786116,-68.0986190828396,-67.0106446014733
A12,T2_pos-1_3,T2,pos-1,3,5,JU3280,0,0.00783851665314858,0.0036874057786116,-0.00783851665314858,-0.0036874057786116,-68.0986190828396,-67.0106446014733
A13,T2_pos-1_4,T2,pos-1,4,5,JU3280,0,0.00783851665314858,0.0036874057786116,-0.00783851665314858,-0.0036874057786116,-68.0986190828396,-67.0106446014733
A6,T2_ctrl_A,T2,ctrl,A,5,JU3280,0.00447624630454119,0.00783851665314858,0.0036874057786116,-0.00336227034860739,0.000788840525929586,-0.80829124464482,0.279683236721493
A7,T2_ctrl_B,T2,ctrl,B,5,JU3280,0.00289856525268202,0.00783851665314858,0.0036874057786116,-0.00493995140046656,-0.000788840525929586,-1.43524170312515,-0.347267221758838
A10,T2_pos-1_1,T2,pos-1,1,10,JU3280,0,0.00861624603254958,0.00493092609571557,-0.00861624603254958,-0.00493092609571557,-68.2350978615934,-67.4298970457109
A11,T2_pos-1_2,T2,pos-1,2,10,JU3280,0,0.00861624603254958,0.00493092609571557,-0.00861624603254958,-0.00493092609571557,-68.2350978615934,-67.4298970457109
A12,T2_pos-1_3,T2,pos-1,3,10,JU3280,0,0.00861624603254958,0.00493092609571557,-0.00861624603254958,-0.00493092609571557,-68.2350978615934,-67.4298970457109
A13,T2_pos-1_4,T2,pos-1,4,10,JU3280,0,0.00861624603254958,0.00493092609571557,-0.00861624603254958,-0.00493092609571557,-68.2350978615934,-67.4298970457109
A6,T2_ctrl_A,T2,ctrl,A,10,JU3280,0.00589128051329536,0.00861624603254958,0.00493092609571557,-0.00272496551925422,0.000960354417579791,-0.548478197343883,0.256722618538623
A7,T2_ctrl_B,T2,ctrl,B,10,JU3280,0.00397057167813578,0.00861624603254958,0.00493092609571557,-0.00464567435441381,-0.00096035441757979,-1.1177127060775,-0.312511890194997
A10,T2_pos-1_1,T2,pos-1,1,3,JU3282,0,0,0,0,0,0,0
A11,T2_pos-1_2,T2,pos-1,2,3,JU3282,0,0,0,0,0,0,0
A12,T2_pos-1_3,T2,pos-1,3,3,JU3282,0,0,0,0,0,0,0
A13,T2_pos-1_4,T2,pos-1,4,3,JU3282,0,0,0,0,0,0,0
A6,T2_ctrl_A,T2,ctrl,A,3,JU3282,0,0,0,0,0,0,0
A7,T2_ctrl_B,T2,ctrl,B,3,JU3282,0,0,0,0,0,0,0
A10,T2_pos-1_1,T2,pos-1,1,5,JU3282,0,0,0,0,0,0,0
A11,T2_pos-1_2,T2,pos-1,2,5,JU3282,0,0,0,0,0,0,0
A12,T2_pos-1_3,T2,pos-1,3,5,JU3282,0,0,0,0,0,0,0
A13,T2_pos-1_4,T2,pos-1,4,5,JU3282,0,0,0,0,0,0,0
A6,T2_ctrl_A,T2,ctrl,A,5,JU3282,0,0,0,0,0,0,0
A7,T2_ctrl_B,T2,ctrl,B,5,JU3282,0,0,0,0,0,0,0
A10,T2_pos-1_1,T2,pos-1,1,10,JU3282,0,0,0,0,0,0,0
A11,T2_pos-1_2,T2,pos-1,2,10,JU3282,0,0,0,0,0,0,0
A12,T2_pos-1_3,T2,pos-1,3,10,JU3282,0,0,0,0,0,0,0
A13,T2_pos-1_4,T2,pos-1,4,10,JU3282,0,0,0,0,0,0,0
A6,T2_ctrl_A,T2,ctrl,A,10,JU3282,0,0,0,0,0,0,0
A7,T2_ctrl_B,T2,ctrl,B,10,JU3282,0,0,0,0,0,0,0
A10,T2_pos-1_1,T2,pos-1,1,3,JU3291,0.154482438325523,0.0141195998006907,0.017342768614171,0.140362838524833,0.137139669711352,3.45167173761317,3.15503670573531
A11,T2_pos-1_2,T2,pos-1,2,3,JU3291,0.170840662125064,0.0141195998006907,0.017342768614171,0.156721062324373,0.153497893510893,3.5968802913089,3.30024525943103
A12,T2_pos-1_3,T2,pos-1,3,3,JU3291,0.13149048269312,0.0141195998006907,0.017342768614171,0.117370882892429,0.114147714078949,3.2191872775168,2.92255224563894
A13,T2_pos-1_4,T2,pos-1,4,3,JU3291,0.126923055867887,0.0141195998006907,0.017342768614171,0.112803456067196,0.109580287253716,3.16818305865941,2.87154802678155
A6,T2_ctrl_A,T2,ctrl,A,3,JU3291,0.0175179820373402,0.0141195998006907,0.017342768614171,0.00339838223664955,0.000175213423169198,0.311137396890204,0.0145023650123433
A7,T2_ctrl_B,T2,ctrl,B,3,JU3291,0.0171675551910018,0.0141195998006907,0.017342768614171,0.00304795539031115,-0.000175213423169198,0.281985403543358,-0.0146496283345028
A10,T2_pos-1_1,T2,pos-1,1,5,JU3291,0.153917386445259,0.0139073337861454,0.0169245938006326,0.140010052659114,0.136992792644627,3.4682384387145,3.18496309324476
A11,T2_pos-1_2,T2,pos-1,2,5,JU3291,0.170414849917953,0.0139073337861454,0.0169245938006326,0.156507516131808,0.153490256117321,3.61513328881528,3.33185794334554
A12,T2_pos-1_3,T2,pos-1,3,5,JU3291,0.130999449202143,0.0139073337861454,0.0169245938006326,0.117092115415998,0.114074855401511,3.23564297744603,2.9523676319763
A13,T2_pos-1_4,T2,pos-1,4,5,JU3291,0.126067888125771,0.0139073337861454,0.0169245938006326,0.112160554339625,0.109143294325138,3.18028307236095,2.89700772689121
A6,T2_ctrl_A,T2,ctrl,A,5,JU3291,0.0173798206155825,0.0139073337861454,0.0169245938006326,0.00347248682943704,0.000455226814949888,0.321567328280615,0.0382919828108767
A7,T2_ctrl_B,T2,ctrl,B,5,JU3291,0.0164693669856827,0.0139073337861454,0.0169245938006326,0.00256203319953726,-0.000455226814949888,0.243939241614372,-0.0393361038553662
A10,T2_pos-1_1,T2,pos-1,1,10,JU3291,0.156031442823607,0.0143403525407102,0.0168602199350846,0.141691090282896,0.139171222888522,3.44368438788841,3.2101415235212
A11,T2_pos-1_2,T2,pos-1,2,10,JU3291,0.170989545228454,0.0143403525407102,0.0168602199350846,0.156649192687744,0.154129325293369,3.57575572091098,3.34221285654377
A12,T2_pos-1_3,T2,pos-1,3,10,JU3291,0.131639371840305,0.0143403525407102,0.0168602199350846,0.117299019299595,0.114779151905221,3.19843865075679,2.96489578638958
A13,T2_pos-1_4,T2,pos-1,4,10,JU3291,0.125884404258268,0.0143403525407102,0.0168602199350846,0.111544051717558,0.109024184323184,3.13394716297268,2.90040429860547
A6,T2_ctrl_A,T2,ctrl,A,10,JU3291,0.0166934624810364,0.0143403525407102,0.0168602199350846,0.00235310994032622,-0.000166757454048191,0.219202731455547,-0.0143401329116615
A7,T2_ctrl_B,T2,ctrl,B,10,JU3291,0.0170269773891328,0.0143403525407102,0.0168602199350846,0.0026866248484226,0.000166757454048191,0.247741860623034,0.0141989962558254
A10,T2_pos-1_1,T2,pos-1,1,3,JU346,0,0,0,0,0,0,0
A11,T2_pos-1_2,T2,pos-1,2,3,JU346,0,0,0,0,0,0,0
A12,T2_pos-1_3,T2,pos-1,3,3,JU346,0,0,0,0,0,0,0
A13,T2_pos-1_4,T2,pos-1,4,3,JU346,0,0,0,0,0,0,0
A6,T2_ctrl_A,T2,ctrl,A,3,JU346,0,0,0,0,0,0,0
A7,T2_ctrl_B,T2,ctrl,B,3,JU346,0,0,0,0,0,0,0
A10,T2_pos-1_1,T2,pos-1,1,5,JU346,0,0,0,0,0,0,0
A11,T2_pos-1_2,T2,pos-1,2,5,JU346,0,0,0,0,0,0,0
A12,T2_pos-1_3,T2,pos-1,3,5,JU346,0,0,0,0,0,0,0
A13,T2_pos-1_4,T2,pos-1,4,5,JU346,0,0,0,0,0,0,0
A6,T2_ctrl_A,T2,ctrl,A,5,JU346,0,0,0,0,0,0,0
A7,T2_ctrl_B,T2,ctrl,B,5,JU346,0,0,0,0,0,0,0
A10,T2_pos-1_1,T2,pos-1,1,10,JU346,0,0.00112236686721492,0,-0.00112236686721492,0,-65.2945827413748,0
A11,T2_pos-1_2,T2,pos-1,2,10,JU346,0,0.00112236686721492,0,-0.00112236686721492,0,-65.2945827413748,0
A12,T2_pos-1_3,T2,pos-1,3,10,JU346,0,0.00112236686721492,0,-0.00112236686721492,0,-65.2945827413748,0
A13,T2_pos-1_4,T2,pos-1,4,10,JU346,0,0.00112236686721492,0,-0.00112236686721492,0,-65.2945827413748,0
A6,T2_ctrl_A,T2,ctrl,A,10,JU346,0,0.00112236686721492,0,-0.00112236686721492,0,-65.2945827413748,0
A7,T2_ctrl_B,T2,ctrl,B,10,JU346,0,0.00112236686721492,0,-0.00112236686721492,0,-65.2945827413748,0
A10,T2_pos-1_1,T2,pos-1,1,3,JU360,0,0,0,0,0,0,0
A11,T2_pos-1_2,T2,pos-1,2,3,JU360,0,0,0,0,0,0,0
A12,T2_pos-1_3,T2,pos-1,3,3,JU360,0,0,0,0,0,0,0
A13,T2_pos-1_4,T2,pos-1,4,3,JU360,0,0,0,0,0,0,0
A6,T2_ctrl_A,T2,ctrl,A,3,JU360,0,0,0,0,0,0,0
A7,T2_ctrl_B,T2,ctrl,B,3,JU360,0,0,0,0,0,0,0
A10,T2_pos-1_1,T2,pos-1,1,5,JU360,0,0,0,0,0,0,0
A11,T2_pos-1_2,T2,pos-1,2,5,JU360,0,0,0,0,0,0,0
A12,T2_pos-1_3,T2,pos-1,3,5,JU360,0,0,0,0,0,0,0
A13,T2_pos-1_4,T2,pos-1,4,5,JU360,0,0,0,0,0,0,0
A6,T2_ctrl_A,T2,ctrl,A,5,JU360,0,0,0,0,0,0,0
A7,T2_ctrl_B,T2,ctrl,B,5,JU360,0,0,0,0,0,0,0
A10,T2_pos-1_1,T2,pos-1,1,10,JU360,0,0,0,0,0,0,0
A11,T2_pos-1_2,T2,pos-1,2,10,JU360,0,0,0,0,0,0,0
A12,T2_pos-1_3,T2,pos-1,3,10,JU360,0,0,0,0,0,0,0
A13,T2_pos-1_4,T2,pos-1,4,10,JU360,0,0,0,0,0,0,0
A6,T2_ctrl_A,T2,ctrl,A,10,JU360,0,0,0,0,0,0,0
A7,T2_ctrl_B,T2,ctrl,B,10,JU360,0,0,0,0,0,0,0
A10,T2_pos-1_1,T2,pos-1,1,3,JU367,0,0,0,0,0,0,0
A11,T2_pos-1_2,T2,pos-1,2,3,JU367,0,0,0,0,0,0,0
A12,T2_pos-1_3,T2,pos-1,3,3,JU367,0,0,0,0,0,0,0
A13,T2_pos-1_4,T2,pos-1,4,3,JU367,0.0027667950486478,0,0,0.0027667950486478,0.0027667950486478,66.5962541954401,66.5962541954401
A6,T2_ctrl_A,T2,ctrl,A,3,JU367,0,0,0,0,0,0,0
A7,T2_ctrl_B,T2,ctrl,B,3,JU367,0,0,0,0,0,0,0
A10,T2_pos-1_1,T2,pos-1,1,5,JU367,0,0,0,0,0,0,0
A11,T2_pos-1_2,T2,pos-1,2,5,JU367,0,0,0,0,0,0,0
A12,T2_pos-1_3,T2,pos-1,3,5,JU367,0,0,0,0,0,0,0
A13,T2_pos-1_4,T2,pos-1,4,5,JU367,0.00322330325599734,0,0,0.00322330325599734,0.00322330325599734,66.8165783426416,66.8165783426416
A6,T2_ctrl_A,T2,ctrl,A,5,JU367,0,0,0,0,0,0,0
A7,T2_ctrl_B,T2,ctrl,B,5,JU367,0,0,0,0,0,0,0
A10,T2_pos-1_1,T2,pos-1,1,10,JU367,0,0,0.000411615767086004,0,-0.000411615767086004,0,-63.847408567037
A11,T2_pos-1_2,T2,pos-1,2,10,JU367,0,0,0.000411615767086004,0,-0.000411615767086004,0,-63.847408567037
A12,T2_pos-1_3,T2,pos-1,3,10,JU367,0,0,0.000411615767086004,0,-0.000411615767086004,0,-63.847408567037
A13,T2_pos-1_4,T2,pos-1,4,10,JU367,0.00506713266356362,0,0.000411615767086004,0.00506713266356362,0.00465551689647762,67.4692080165236,3.62179944948667
A6,T2_ctrl_A,T2,ctrl,A,10,JU367,0.000629119512665777,0,0.000411615767086004,0.000629119512665777,0.000217503745579773,64.4594444300464,0.612035863009382
A7,T2_ctrl_B,T2,ctrl,B,10,JU367,0.000194112021506231,0,0.000411615767086004,0.000194112021506231,-0.000217503745579773,62.7629997888359,-1.08440877820104
A10,T2_pos-1_1,T2,pos-1,1,3,JU393,0,0.00141683106187382,0.00259211132452673,-0.00141683106187382,-0.00259211132452673,-65.6307061621471,-66.5021660952969
A11,T2_pos-1_2,T2,pos-1,2,3,JU393,0,0.00141683106187382,0.00259211132452673,-0.00141683106187382,-0.00259211132452673,-65.6307061621471,-66.5021660952969
A12,T2_pos-1_3,T2,pos-1,3,3,JU393,0,0.00141683106187382,0.00259211132452673,-0.00141683106187382,-0.00259211132452673,-65.6307061621471,-66.5021660952969
A13,T2_pos-1_4,T2,pos-1,4,3,JU393,0,0.00141683106187382,0.00259211132452673,-0.00141683106187382,-0.00259211132452673,-65.6307061621471,-66.5021660952969
A6,T2_ctrl_A,T2,ctrl,A,3,JU393,0.00301317045491745,0.00141683106187382,0.00259211132452673,0.00159633939304363,0.000421059130390721,1.08861454198308,0.217154608833326
A7,T2_ctrl_B,T2,ctrl,B,3,JU393,0.00217105219413601,0.00141683106187382,0.00259211132452673,0.000754221132262186,-0.000421059130390721,0.615726663663665,-0.255733269486092
A10,T2_pos-1_1,T2,pos-1,1,5,JU393,0,0.000953703667119498,0.00243407322872521,-0.000953703667119498,-0.00243407322872521,-65.0596513853733,-66.4114109876624
A11,T2_pos-1_2,T2,pos-1,2,5,JU393,0,0.000953703667119498,0.00243407322872521,-0.000953703667119498,-0.00243407322872521,-65.0596513853733,-66.4114109876624
A12,T2_pos-1_3,T2,pos-1,3,5,JU393,0,0.000953703667119498,0.00243407322872521,-0.000953703667119498,-0.00243407322872521,-65.0596513853733,-66.4114109876624
A13,T2_pos-1_4,T2,pos-1,4,5,JU393,0,0.000953703667119498,0.00243407322872521,-0.000953703667119498,-0.00243407322872521,-65.0596513853733,-66.4114109876624
A6,T2_ctrl_A,T2,ctrl,A,5,JU393,0.00290293933279135,0.000953703667119498,0.00243407322872521,0.00194923566567185,0.000468866104066146,1.60590145237443,0.254141850085397
A7,T2_ctrl_B,T2,ctrl,B,5,JU393,0.00196520712465906,0.000953703667119498,0.00243407322872521,0.00101150345753956,-0.000468866104066146,1.04306840487779,-0.308691197411245
A10,T2_pos-1_1,T2,pos-1,1,10,JU393,0,0.00139307252474683,0.00364180175030055,-0.00139307252474683,-0.00364180175030055,-65.6063087837345,-66.9926908037866
A11,T2_pos-1_2,T2,pos-1,2,10,JU393,0,0.00139307252474683,0.00364180175030055,-0.00139307252474683,-0.00364180175030055,-65.6063087837345,-66.9926908037866
A12,T2_pos-1_3,T2,pos-1,3,10,JU393,0,0.00139307252474683,0.00364180175030055,-0.00139307252474683,-0.00364180175030055,-65.6063087837345,-66.9926908037866
A13,T2_pos-1_4,T2,pos-1,4,10,JU393,0,0.00139307252474683,0.00364180175030055,-0.00139307252474683,-0.00364180175030055,-65.6063087837345,-66.9926908037866
A6,T2_ctrl_A,T2,ctrl,A,10,JU393,0.00407602768292129,0.00139307252474683,0.00364180175030055,0.00268295515817447,0.000434225932620744,1.54889348176649,0.162511461714438
A7,T2_ctrl_B,T2,ctrl,B,10,JU393,0.00320757581767981,0.00139307252474683,0.00364180175030055,0.00181450329293298,-0.000434225932620744,1.2032129987563,-0.183169021295753
A10,T2_pos-1_1,T2,pos-1,1,3,JU394,0.00203480523955079,0,0.00224730732438004,0.00203480523955079,-0.000212502084829252,66.1529291299017,-0.143306715626029
A11,T2_pos-1_2,T2,pos-1,2,3,JU394,0,0,0.00224730732438004,0,-0.00224730732438004,0,-66.2962358455278
A12,T2_pos-1_3,T2,pos-1,3,3,JU394,0.000187141430706999,0,0.00224730732438004,0.000187141430706999,-0.00206016589367304,62.7102393088828,-3.58599653664497
A13,T2_pos-1_4,T2,pos-1,4,3,JU394,0.00362708071360453,0,0.00224730732438004,0.00362708071360453,0.00137977338922449,66.9868472657243,0.690611420196544
A6,T2_ctrl_A,T2,ctrl,A,3,JU394,0.00173609830690791,0,0.00224730732438004,0.00173609830690791,-0.000511209017472136,65.9238870586813,-0.372348786846466
A7,T2_ctrl_B,T2,ctrl,B,3,JU394,0.00275851634185218,0,0.00224730732438004,0.00275851634185218,0.000511209017472136,66.5919309429272,0.295695097399485
A10,T2_pos-1_1,T2,pos-1,1,5,JU394,0.00234200140244362,0,0.00300430351512352,0.00234200140244362,-0.000662302112679901,66.3557803554535,-0.359288631297977
A11,T2_pos-1_2,T2,pos-1,2,5,JU394,0,0,0.00300430351512352,0,-0.00300430351512352,0,-66.7150689867515
A12,T2_pos-1_3,T2,pos-1,3,5,JU394,0.000789845475412948,0,0.00300430351512352,0.000789845475412948,-0.00221445803971057,64.7876807542738,-1.92738823247771
A13,T2_pos-1_4,T2,pos-1,4,5,JU394,0.00423779788077902,0,0.00300430351512352,0.00423779788077902,0.0012334943656555,67.2113531965743,0.496284209822781
A6,T2_ctrl_A,T2,ctrl,A,5,JU394,0.00260186690583885,0,0.00300430351512352,0.00260186690583885,-0.000402436609284669,66.5075855809806,-0.207483405770867
A7,T2_ctrl_B,T2,ctrl,B,5,JU394,0.00340674012440819,0,0.00300430351512352,0.00340674012440819,0.000402436609284668,66.8964303145454,0.1813613277939
A10,T2_pos-1_1,T2,pos-1,1,10,JU394,0.00239736129127852,0,0.00159828940278691,0.00239736129127852,0.000799071888491609,66.389485760585,0.584918683705516
A11,T2_pos-1_2,T2,pos-1,2,10,JU394,0,0,0.00159828940278691,0,-0.00159828940278691,0,-65.8045670768795
A12,T2_pos-1_3,T2,pos-1,3,10,JU394,0.00051930992848555,0,0.00159828940278691,0.00051930992848555,-0.00107897947430136,64.1827061288258,-1.62186094805372
A13,T2_pos-1_4,T2,pos-1,4,10,JU394,0.00388243717715707,0,0.00159828940278691,0.00388243717715707,0.00228414777437016,67.0850009958298,1.28043391895032
A6,T2_ctrl_A,T2,ctrl,A,10,JU394,0.000975910896681672,0,0.00159828940278691,0.000975910896681672,-0.000622378506105242,65.0928597526294,-0.71170732425004
A7,T2_ctrl_B,T2,ctrl,B,10,JU394,0.00222066790889216,0,0.00159828940278691,0.00222066790889216,0.000622378506105242,66.27903207602,0.474464999140555
A10,T2_pos-1_1,T2,pos-1,1,3,JU397,0.0342521749661714,0.102985828324658,0.107542414265858,-0.0687336533584866,-0.0732902392996861,-1.58817831941427,-1.65063825951782
A11,T2_pos-1_2,T2,pos-1,2,3,JU397,0.0358551796789133,0.102985828324658,0.107542414265858,-0.0671306486457447,-0.0716872345869442,-1.52219237225042,-1.58465231235397
A12,T2_pos-1_3,T2,pos-1,3,3,JU397,0.03076575884227,0.102985828324658,0.107542414265858,-0.072220069482388,-0.0767766554235875,-1.74304834227676,-1.80550828238031
A13,T2_pos-1_4,T2,pos-1,4,3,JU397,0.0665889762343432,0.102985828324658,0.107542414265858,-0.0363968520903148,-0.0409534380315143,-0.629090559801366,-0.691550499904917
A6,T2_ctrl_A,T2,ctrl,A,3,JU397,0.0996312302361635,0.102985828324658,0.107542414265858,-0.00335459808849449,-0.00791118402969397,-0.0477758816326735,-0.110235821736224
A7,T2_ctrl_B,T2,ctrl,B,3,JU397,0.115453598295551,0.102985828324658,0.107542414265858,0.0124677699708935,0.00791118402969397,0.164867313038165,0.102407372934614
A10,T2_pos-1_1,T2,pos-1,1,5,JU397,0.035130375796993,0.102966486485303,0.108566977642175,-0.0678361106883105,-0.0734366018451818,-1.55138393110353,-1.62779443685782
A11,T2_pos-1_2,T2,pos-1,2,5,JU397,0.0363811537207912,0.102966486485303,0.108566977642175,-0.0665853327645123,-0.0721858239213835,-1.5009116460324,-1.57732215178669
A12,T2_pos-1_3,T2,pos-1,3,5,JU397,0.0321653187379902,0.102966486485303,0.108566977642175,-0.0708011677473133,-0.0764016589041846,-1.67859695560569,-1.75500746135998
A13,T2_pos-1_4,T2,pos-1,4,5,JU397,0.0684537309801098,0.102966486485303,0.108566977642175,-0.0345127555051937,-0.040113246662065,-0.588973764745537,-0.665384270499827
A6,T2_ctrl_A,T2,ctrl,A,5,JU397,0.100742174630843,0.102966486485303,0.108566977642175,-0.00222431185446012,-0.0078248030113314,-0.0315070670632601,-0.10791757281755
A7,T2_ctrl_B,T2,ctrl,B,5,JU397,0.116391780653506,0.102966486485303,0.108566977642175,0.0134252941682027,0.00782480301133139,0.17681433603722,0.10040383028293
A10,T2_pos-1_1,T2,pos-1,1,10,JU397,0.039323658232028,0.10289353989606,0.110750958664521,-0.0635698816640324,-0.0714273004324927,-1.38768296120926,-1.49384974166089
A11,T2_pos-1_2,T2,pos-1,2,10,JU397,0.0399023801750021,0.10289353989606,0.110750958664521,-0.0629911597210584,-0.0708485784895187,-1.36660569559122,-1.47277247604285
A12,T2_pos-1_3,T2,pos-1,3,10,JU397,0.0359441341888292,0.10289353989606,0.110750958664521,-0.0669494057072313,-0.0748068244756916,-1.51732414835238,-1.62349092880402
A13,T2_pos-1_4,T2,pos-1,4,10,JU397,0.0712318595680243,0.10289353989606,0.110750958664521,-0.0316616803280362,-0.0395190990964965,-0.530557847738183,-0.63672462818982
A6,T2_ctrl_A,T2,ctrl,A,10,JU397,0.103442557521265,0.10289353989606,0.110750958664521,0.000549017625204207,-0.00730840114325607,0.00767744359218231,-0.098489336859455
A7,T2_ctrl_B,T2,ctrl,B,10,JU397,0.118059359807777,0.10289353989606,0.110750958664521,0.0151658199117163,0.00730840114325607,0.198360017311973,0.0921932368603353
A10,T2_pos-1_1,T2,pos-1,1,3,JU406,0.00137849366834116,0.00492177880764128,7.51129006926888e-05,-0.00354328513930012,0.00130338076764847,-1.83608718148796,4.1978881176988
A11,T2_pos-1_2,T2,pos-1,2,3,JU406,0,0.00492177880764128,7.51129006926888e-05,-0.00492177880764128,-7.51129006926888e-05,-67.4272182380001,-61.3932429388133
A12,T2_pos-1_3,T2,pos-1,3,3,JU406,0.00245140668907777,0.00492177880764128,7.51129006926888e-05,-0.00247037211856351,0.00237629378838508,-1.00556997471997,5.02840532446679
A13,T2_pos-1_4,T2,pos-1,4,3,JU406,0,0.00492177880764128,7.51129006926888e-05,-0.00492177880764128,-7.51129006926888e-05,-67.4272182380001,-61.3932429388133
A6,T2_ctrl_A,T2,ctrl,A,3,JU406,0,0.00492177880764128,7.51129006926888e-05,-0.00492177880764128,-7.51129006926888e-05,-67.4272182380001,-61.3932429388133
A7,T2_ctrl_B,T2,ctrl,B,3,JU406,0.000150225801385378,0.00492177880764128,7.51129006926888e-05,-0.0047715530062559,7.51129006926888e-05,-5.03397529918676,1
A10,T2_pos-1_1,T2,pos-1,1,5,JU406,0.000913445874017816,0.00520538587818634,0.000105277026315825,-0.00429194000416852,0.000808168847701992,-2.5106139652816,3.11712860089467
A11,T2_pos-1_2,T2,pos-1,2,5,JU406,0,0.00520538587818634,0.000105277026315825,-0.00520538587818634,-0.000105277026315825,-67.5080435309803,-61.880300964804
A12,T2_pos-1_3,T2,pos-1,3,5,JU406,0.00228562313276778,0.00520538587818634,0.000105277026315825,-0.00291976274541856,0.00218034610645196,-1.1874175723225,4.44032499385377
A13,T2_pos-1_4,T2,pos-1,4,5,JU406,0,0.00520538587818634,0.000105277026315825,-0.00520538587818634,-0.000105277026315825,-67.5080435309803,-61.880300964804
A6,T2_ctrl_A,T2,ctrl,A,5,JU406,0,0.00520538587818634,0.000105277026315825,-0.00520538587818634,-0.000105277026315825,-67.5080435309803,-61.880300964804
A7,T2_ctrl_B,T2,ctrl,B,5,JU406,0.000210554052631649,0.00520538587818634,0.000105277026315825,-0.00499483182555469,0.000105277026315825,-4.62774256617627,1
A10,T2_pos-1_1,T2,pos-1,1,10,JU406,0.00117630545717964,0.00472127106700969,0,-0.00354496560983005,0.00117630545717964,-2.00491257546607,65.3623011564279
A11,T2_pos-1_2,T2,pos-1,2,10,JU406,0,0.00472127106700969,0,-0.00472127106700969,0,-67.367213731894,0
A12,T2_pos-1_3,T2,pos-1,3,10,JU406,0,0.00472127106700969,0,-0.00472127106700969,0,-67.367213731894,0
A13,T2_pos-1_4,T2,pos-1,4,10,JU406,0,0.00472127106700969,0,-0.00472127106700969,0,-67.367213731894,0
A6,T2_ctrl_A,T2,ctrl,A,10,JU406,0,0.00472127106700969,0,-0.00472127106700969,0,-67.367213731894,0
A7,T2_ctrl_B,T2,ctrl,B,10,JU406,0,0.00472127106700969,0,-0.00472127106700969,0,-67.367213731894,0
A10,T2_pos-1_1,T2,pos-1,1,3,JU440,0,0,0.00278248899546538,0,-0.00278248899546538,0,-66.6044143975238
A11,T2_pos-1_2,T2,pos-1,2,3,JU440,0,0,0.00278248899546538,0,-0.00278248899546538,0,-66.6044143975238
A12,T2_pos-1_3,T2,pos-1,3,3,JU440,0.00044018868351381,0,0.00278248899546538,0.00044018868351381,-0.00234230031195157,63.9442323773317,-2.66018202019203
A13,T2_pos-1_4,T2,pos-1,4,3,JU440,0,0,0.00278248899546538,0,-0.00278248899546538,0,-66.6044143975238
A6,T2_ctrl_A,T2,ctrl,A,3,JU440,0,0,0.00278248899546538,0,-0.00278248899546538,0,-66.6044143975238
A7,T2_ctrl_B,T2,ctrl,B,3,JU440,0.00556497799093075,0,0.00278248899546538,0.00556497799093075,0.00278248899546538,67.6044143975238,1
A10,T2_pos-1_1,T2,pos-1,1,5,JU440,0,0,0.00294015065360652,0,-0.00294015065360652,0,-66.683928496486
A11,T2_pos-1_2,T2,pos-1,2,5,JU440,0,0,0.00294015065360652,0,-0.00294015065360652,0,-66.683928496486
A12,T2_pos-1_3,T2,pos-1,3,5,JU440,0.000263927438260637,0,0.00294015065360652,0.000263927438260637,-0.00267622321534588,63.2062516638363,-3.4776768326497
A13,T2_pos-1_4,T2,pos-1,4,5,JU440,0,0,0.00294015065360652,0,-0.00294015065360652,0,-66.683928496486
A6,T2_ctrl_A,T2,ctrl,A,5,JU440,0,0,0.00294015065360652,0,-0.00294015065360652,0,-66.683928496486
A7,T2_ctrl_B,T2,ctrl,B,5,JU440,0.00588030130721304,0,0.00294015065360652,0.00588030130721304,0.00294015065360652,67.683928496486,1
A10,T2_pos-1_1,T2,pos-1,1,10,JU440,0,0,0.00367793378653265,0,-0.00367793378653265,0,-67.0069339229873
A11,T2_pos-1_2,T2,pos-1,2,10,JU440,0,0,0.00367793378653265,0,-0.00367793378653265,0,-67.0069339229873
A12,T2_pos-1_3,T2,pos-1,3,10,JU440,0.00381824719103046,0,0.00367793378653265,0.00381824719103046,0.000140313404497817,67.0609489206715,0.0540149976841996
A13,T2_pos-1_4,T2,pos-1,4,10,JU440,0.00246624234366043,0,0.00367793378653265,0.00246624234366043,-0.00121169144287222,66.4303529878688,-0.576580935118506
A6,T2_ctrl_A,T2,ctrl,A,10,JU440,0,0,0.00367793378653265,0,-0.00367793378653265,0,-67.0069339229873
A7,T2_ctrl_B,T2,ctrl,B,10,JU440,0.0073558675730653,0,0.00367793378653265,0.0073558675730653,0.00367793378653265,68.0069339229874,1
A10,T2_pos-1_1,T2,pos-1,1,3,JU642,0,0.000120911075874476,0,-0.000120911075874476,0,-62.0800567273248,0
A11,T2_pos-1_2,T2,pos-1,2,3,JU642,0,0.000120911075874476,0,-0.000120911075874476,0,-62.0800567273248,0
A12,T2_pos-1_3,T2,pos-1,3,3,JU642,0,0.000120911075874476,0,-0.000120911075874476,0,-62.0800567273248,0
A13,T2_pos-1_4,T2,pos-1,4,3,JU642,0,0.000120911075874476,0,-0.000120911075874476,0,-62.0800567273248,0
A6,T2_ctrl_A,T2,ctrl,A,3,JU642,0,0.000120911075874476,0,-0.000120911075874476,0,-62.0800567273248,0
A7,T2_ctrl_B,T2,ctrl,B,3,JU642,0,0.000120911075874476,0,-0.000120911075874476,0,-62.0800567273248,0
A10,T2_pos-1_1,T2,pos-1,1,5,JU642,0,0.00032952841885467,0,-0.00032952841885467,0,-63.5265132108449,0
A11,T2_pos-1_2,T2,pos-1,2,5,JU642,0,0.00032952841885467,0,-0.00032952841885467,0,-63.5265132108449,0
A12,T2_pos-1_3,T2,pos-1,3,5,JU642,0,0.00032952841885467,0,-0.00032952841885467,0,-63.5265132108449,0
A13,T2_pos-1_4,T2,pos-1,4,5,JU642,0,0.00032952841885467,0,-0.00032952841885467,0,-63.5265132108449,0
A6,T2_ctrl_A,T2,ctrl,A,5,JU642,0,0.00032952841885467,0,-0.00032952841885467,0,-63.5265132108449,0
A7,T2_ctrl_B,T2,ctrl,B,5,JU642,0,0.00032952841885467,0,-0.00032952841885467,0,-63.5265132108449,0
A10,T2_pos-1_1,T2,pos-1,1,10,JU642,0,0.000788865861153984,0,-0.000788865861153984,0,-64.7858903258629,0
A11,T2_pos-1_2,T2,pos-1,2,10,JU642,0,0.000788865861153984,0,-0.000788865861153984,0,-64.7858903258629,0
A12,T2_pos-1_3,T2,pos-1,3,10,JU642,0,0.000788865861153984,0,-0.000788865861153984,0,-64.7858903258629,0
A13,T2_pos-1_4,T2,pos-1,4,10,JU642,0,0.000788865861153984,0,-0.000788865861153984,0,-64.7858903258629,0
A6,T2_ctrl_A,T2,ctrl,A,10,JU642,0,0.000788865861153984,0,-0.000788865861153984,0,-64.7858903258629,0
A7,T2_ctrl_B,T2,ctrl,B,10,JU642,0,0.000788865861153984,0,-0.000788865861153984,0,-64.7858903258629,0
A10,T2_pos-1_1,T2,pos-1,1,3,JU751,0,0.00175185174752546,0,-0.00175185174752546,0,-65.9369191060687,0
A11,T2_pos-1_2,T2,pos-1,2,3,JU751,0,0.00175185174752546,0,-0.00175185174752546,0,-65.9369191060687,0
A12,T2_pos-1_3,T2,pos-1,3,3,JU751,0,0.00175185174752546,0,-0.00175185174752546,0,-65.9369191060687,0
A13,T2_pos-1_4,T2,pos-1,4,3,JU751,0,0.00175185174752546,0,-0.00175185174752546,0,-65.9369191060687,0
A6,T2_ctrl_A,T2,ctrl,A,3,JU751,0,0.00175185174752546,0,-0.00175185174752546,0,-65.9369191060687,0
A7,T2_ctrl_B,T2,ctrl,B,3,JU751,0,0.00175185174752546,0,-0.00175185174752546,0,-65.9369191060687,0
A10,T2_pos-1_1,T2,pos-1,1,5,JU751,0,0.00162450322937728,0,-0.00162450322937728,0,-65.8280370273236,0
A11,T2_pos-1_2,T2,pos-1,2,5,JU751,0,0.00162450322937728,0,-0.00162450322937728,0,-65.8280370273236,0
A12,T2_pos-1_3,T2,pos-1,3,5,JU751,0,0.00162450322937728,0,-0.00162450322937728,0,-65.8280370273236,0
A13,T2_pos-1_4,T2,pos-1,4,5,JU751,0,0.00162450322937728,0,-0.00162450322937728,0,-65.8280370273236,0
A6,T2_ctrl_A,T2,ctrl,A,5,JU751,0,0.00162450322937728,0,-0.00162450322937728,0,-65.8280370273236,0
A7,T2_ctrl_B,T2,ctrl,B,5,JU751,0,0.00162450322937728,0,-0.00162450322937728,0,-65.8280370273236,0
A10,T2_pos-1_1,T2,pos-1,1,10,JU751,0,0.00249980406181065,0,-0.00249980406181065,0,-66.4498534345301,0
A11,T2_pos-1_2,T2,pos-1,2,10,JU751,0,0.00249980406181065,0,-0.00249980406181065,0,-66.4498534345301,0
A12,T2_pos-1_3,T2,pos-1,3,10,JU751,0,0.00249980406181065,0,-0.00249980406181065,0,-66.4498534345301,0
A13,T2_pos-1_4,T2,pos-1,4,10,JU751,0,0.00249980406181065,0,-0.00249980406181065,0,-66.4498534345301,0
A6,T2_ctrl_A,T2,ctrl,A,10,JU751,0,0.00249980406181065,0,-0.00249980406181065,0,-66.4498534345301,0
A7,T2_ctrl_B,T2,ctrl,B,10,JU751,0,0.00249980406181065,0,-0.00249980406181065,0,-66.4498534345301,0
A10,T2_pos-1_1,T2,pos-1,1,3,JU774,0.00463665777803888,0,0.00153666344421014,0.00463665777803888,0.00309999433382874,67.34112366405,1.59328402381812
A11,T2_pos-1_2,T2,pos-1,2,3,JU774,0.00371120458639708,0,0.00153666344421014,0.00371120458639708,0.00217454114218695,67.0199259499148,1.27208630968286
A12,T2_pos-1_3,T2,pos-1,3,3,JU774,0,0,0.00153666344421014,0,-0.00153666344421014,0,-65.7478396402319
A13,T2_pos-1_4,T2,pos-1,4,3,JU774,0,0,0.00153666344421014,0,-0.00153666344421014,0,-65.7478396402319
A6,T2_ctrl_A,T2,ctrl,A,3,JU774,0,0,0.00153666344421014,0,-0.00153666344421014,0,-65.7478396402319
A7,T2_ctrl_B,T2,ctrl,B,3,JU774,0.00307332688842027,0,0.00153666344421014,0.00307332688842027,0.00153666344421014,66.7478396402319,1
A10,T2_pos-1_1,T2,pos-1,1,5,JU774,0.0043506231709928,0,0.00130758320391415,0.0043506231709928,0.00304303996707866,67.249260479027,1.73431931261048
A11,T2_pos-1_2,T2,pos-1,2,5,JU774,0.0029628811904536,0,0.00130758320391415,0.0029628811904536,0.00165529798653945,66.6950391920522,1.18009802563569
A12,T2_pos-1_3,T2,pos-1,3,5,JU774,0,0,0.00130758320391415,0,-0.00130758320391415,0,-65.5149411664165
A13,T2_pos-1_4,T2,pos-1,4,5,JU774,0,0,0.00130758320391415,0,-0.00130758320391415,0,-65.5149411664165
A6,T2_ctrl_A,T2,ctrl,A,5,JU774,0,0,0.00130758320391415,0,-0.00130758320391415,0,-65.5149411664165
A7,T2_ctrl_B,T2,ctrl,B,5,JU774,0.00261516640782829,0,0.00130758320391415,0.00261516640782829,0.00130758320391415,66.5149411664165,1
A10,T2_pos-1_1,T2,pos-1,1,10,JU774,0.0042962557918313,0,0.000655568587244428,0.0042962557918313,0.00364068720458688,67.2311183072081,2.71226125965075
A11,T2_pos-1_2,T2,pos-1,2,10,JU774,0.00307138178131911,0,0.000655568587244428,0.00307138178131911,0.00241581319407468,66.7469262701721,2.22806922261479
A12,T2_pos-1_3,T2,pos-1,3,10,JU774,0,0,0.000655568587244428,0,-0.000655568587244428,0,-64.5188570475573
A13,T2_pos-1_4,T2,pos-1,4,10,JU774,0,0,0.000655568587244428,0,-0.000655568587244428,0,-64.5188570475573
A6,T2_ctrl_A,T2,ctrl,A,10,JU774,0,0,0.000655568587244428,0,-0.000655568587244428,0,-64.5188570475573
A7,T2_ctrl_B,T2,ctrl,B,10,JU774,0.00131113717448886,0,0.000655568587244428,0.00131113717448886,0.000655568587244428,65.5188570475573,1
A10,T2_pos-1_1,T2,pos-1,1,3,JU778,0,0.011993859167118,0.0157804392415141,-0.011993859167118,-0.0157804392415141,-68.7122624483548,-69.1081038732686
A11,T2_pos-1_2,T2,pos-1,2,3,JU778,0,0.011993859167118,0.0157804392415141,-0.011993859167118,-0.0157804392415141,-68.7122624483548,-69.1081038732686
A12,T2_pos-1_3,T2,pos-1,3,3,JU778,0,0.011993859167118,0.0157804392415141,-0.011993859167118,-0.0157804392415141,-68.7122624483548,-69.1081038732686
A13,T2_pos-1_4,T2,pos-1,4,3,JU778,0,0.011993859167118,0.0157804392415141,-0.011993859167118,-0.0157804392415141,-68.7122624483548,-69.1081038732686
A6,T2_ctrl_A,T2,ctrl,A,3,JU778,0.0157976140757706,0.011993859167118,0.0157804392415141,0.00380375490865253,1.71748342564643e-05,0.397410745885201,0.00156932097138087
A7,T2_ctrl_B,T2,ctrl,B,3,JU778,0.0157632644072576,0.011993859167118,0.0157804392415141,0.0037694052401396,-1.71748342564677e-05,0.394270395022446,-0.00157102989137377
A10,T2_pos-1_1,T2,pos-1,1,5,JU778,0,0.0129425824184115,0.0167758343023951,-0.0129425824184115,-0.0167758343023951,-68.8220920158983,-69.1963510274703
A11,T2_pos-1_2,T2,pos-1,2,5,JU778,0,0.0129425824184115,0.0167758343023951,-0.0129425824184115,-0.0167758343023951,-68.8220920158983,-69.1963510274703
A12,T2_pos-1_3,T2,pos-1,3,5,JU778,0,0.0129425824184115,0.0167758343023951,-0.0129425824184115,-0.0167758343023951,-68.8220920158983,-69.1963510274703
A13,T2_pos-1_4,T2,pos-1,4,5,JU778,0,0.0129425824184115,0.0167758343023951,-0.0129425824184115,-0.0167758343023951,-68.8220920158983,-69.1963510274703
A6,T2_ctrl_A,T2,ctrl,A,5,JU778,0.0168085851409413,0.0129425824184115,0.0167758343023951,0.0038660027225298,3.27508385462166e-05,0.377072785823053,0.00281377425106324
A7,T2_ctrl_B,T2,ctrl,B,5,JU778,0.0167430834638489,0.0129425824184115,0.0167758343023951,0.00380050104543737,-3.27508385462166e-05,0.371439738723063,-0.00281927284892593
A10,T2_pos-1_1,T2,pos-1,1,10,JU778,0,0.0149147557447441,0.0194422482213966,-0.0149147557447441,-0.0194422482213966,-69.0267068617906,-69.4091615664773
A11,T2_pos-1_2,T2,pos-1,2,10,JU778,0.00288506126134179,0.0149147557447441,0.0194422482213966,-0.0120296944834023,-0.0165571869600548,-2.37006649273708,-2.7525211974237
A12,T2_pos-1_3,T2,pos-1,3,10,JU778,0,0.0149147557447441,0.0194422482213966,-0.0149147557447441,-0.0194422482213966,-69.0267068617906,-69.4091615664773
A13,T2_pos-1_4,T2,pos-1,4,10,JU778,0.000740396781887867,0.0149147557447441,0.0194422482213966,-0.0141743589628563,-0.0187018514395088,-4.3322979163905,-4.71475262107712
A6,T2_ctrl_A,T2,ctrl,A,10,JU778,0.0197590015504534,0.0149147557447441,0.0194422482213966,0.0048442458057093,0.000316753329056799,0.405769696190448,0.0233149915038296
A7,T2_ctrl_B,T2,ctrl,B,10,JU778,0.0191254948923398,0.0149147557447441,0.0194422482213966,0.00421073914759571,-0.000316753329056799,0.358756728335466,-0.0236979763511528
A10,T2_pos-1_1,T2,pos-1,1,3,JU782,0.00303157556093107,0.00739394428679659,0.00664154979765127,-0.00436236872586552,-0.0036099742367202,-1.2862763913493,-1.13145215046597
A11,T2_pos-1_2,T2,pos-1,2,3,JU782,0.00574865938328067,0.00739394428679659,0.00664154979765127,-0.00164528490351592,-0.000892890414370599,-0.363118621459954,-0.208294380576624
A12,T2_pos-1_3,T2,pos-1,3,3,JU782,0.00835199883261845,0.00739394428679659,0.00664154979765127,0.000958054545821866,0.00171044903496719,0.175777337366888,0.330601578250217
A13,T2_pos-1_4,T2,pos-1,4,3,JU782,0.00438409519766076,0.00739394428679659,0.00664154979765127,-0.00300984908913583,-0.00225745459999051,-0.754065047106327,-0.599240806222998
A6,T2_ctrl_A,T2,ctrl,A,3,JU782,0.0063583790724828,0.00739394428679659,0.00664154979765127,-0.00103556521431379,-0.00028317072516847,-0.21768514356746,-0.062860902684131
A7,T2_ctrl_B,T2,ctrl,B,3,JU782,0.00692472052281974,0.00739394428679659,0.00664154979765127,-0.000469223763976852,0.000283170725168469,-0.0945883267807208,0.0602359141026085
A10,T2_pos-1_1,T2,pos-1,1,5,JU782,0.00336335139520801,0.00734241677521204,0.00662041768319633,-0.00397906538000404,-0.00325706628798832,-1.12635549179612,-0.97702272356729
A11,T2_pos-1_2,T2,pos-1,2,5,JU782,0.00558402327556739,0.00734241677521204,0.00662041768319633,-0.00175839349964465,-0.00103639440762893,-0.394950052926481,-0.245617284697646
A12,T2_pos-1_3,T2,pos-1,3,5,JU782,0.00832970643385767,0.00734241677521204,0.00662041768319633,0.000987289658645626,0.00170928875066134,0.182010643196897,0.331343411425732
A13,T2_pos-1_4,T2,pos-1,4,5,JU782,0.00440206856565757,0.00734241677521204,0.00662041768319633,-0.00294034820955447,-0.00221834911753875,-0.738073391483441,-0.588740623254607
A6,T2_ctrl_A,T2,ctrl,A,5,JU782,0.00631373220004904,0.00734241677521204,0.00662041768319633,-0.00102868457516301,-0.00030668548314729,-0.217761938637438,-0.0684291704086035
A7,T2_ctrl_B,T2,ctrl,B,5,JU782,0.00692710316634361,0.00734241677521204,0.00662041768319633,-0.000415313608868428,0.000306685483147289,-0.0840028477325653,0.0653299204962696
A10,T2_pos-1_1,T2,pos-1,1,10,JU782,0.00459165615604527,0.00744262066738625,0.00628897949676605,-0.00285096451134098,-0.00169732334072078,-0.696796096565224,-0.45381132160748
A11,T2_pos-1_2,T2,pos-1,2,10,JU782,0.00576494840096894,0.00744262066738625,0.00628897949676605,-0.00167767226641731,-0.000524031095797108,-0.3685030119742,-0.125518237016456
A12,T2_pos-1_3,T2,pos-1,3,10,JU782,0.00829598771943102,0.00744262066738625,0.00628897949676605,0.000853367052044776,0.00200700822266497,0.156603051426051,0.399587826383795
A13,T2_pos-1_4,T2,pos-1,4,10,JU782,0.00463226940881317,0.00744262066738625,0.00628897949676605,-0.00281035125857308,-0.00165671008795288,-0.684091545429432,-0.441106770471689
A6,T2_ctrl_A,T2,ctrl,A,10,JU782,0.00579172199322396,0.00744262066738625,0.00628897949676605,-0.00165089867416229,-0.000497257503542089,-0.361818353407238,-0.118833578449494
A7,T2_ctrl_B,T2,ctrl,B,10,JU782,0.00678623700030814,0.00744262066738625,0.00628897949676605,-0.00065638366707811,0.000497257503542088,-0.133198891966376,0.109785882991368
A10,T2_pos-1_1,T2,pos-1,1,3,JU792,0.00728050295423001,0.0152189059909988,0.0147109128993276,-0.00793840303676883,-0.00743040994509756,-1.06375463089223,-1.01477675340948
A11,T2_pos-1_2,T2,pos-1,2,3,JU792,0.00922557793771402,0.0152189059909988,0.0147109128993276,-0.00599332805328481,-0.00548533496161355,-0.722153457666741,-0.673175580184
A12,T2_pos-1_3,T2,pos-1,3,3,JU792,0.00332052221193657,0.0152189059909988,0.0147109128993276,-0.0118983837790623,-0.011390390687391,-2.19638260031759,-2.14740472283485
A13,T2_pos-1_4,T2,pos-1,4,3,JU792,0.00197317254013996,0.0152189059909988,0.0147109128993276,-0.0132457334508589,-0.0127377403591876,-2.94727563434827,-2.89829775686553
A6,T2_ctrl_A,T2,ctrl,A,3,JU792,0.0164757354554301,0.0152189059909988,0.0147109128993276,0.00125682946443122,0.00176482255610248,0.114478212072734,0.163456089555475
A7,T2_ctrl_B,T2,ctrl,B,3,JU792,0.0129460903432251,0.0152189059909988,0.0147109128993276,-0.00227281564777375,-0.00176482255610248,-0.233348177880877,-0.184370300398135
A10,T2_pos-1_1,T2,pos-1,1,5,JU792,0.00696045596994348,0.0153456981581251,0.0135745966623707,-0.00838524218818159,-0.00661414069242723,-1.14058055997388,-0.963655609072434
A11,T2_pos-1_2,T2,pos-1,2,5,JU792,0.00782221733031657,0.0153456981581251,0.0135745966623707,-0.00752348082780849,-0.00575237933205413,-0.972184758054498,-0.795259807153049
A12,T2_pos-1_3,T2,pos-1,3,5,JU792,0.00164828672104329,0.0153456981581251,0.0135745966623707,-0.0136974114370818,-0.0119263099413274,-3.21879515559524,-3.04187020469379
A13,T2_pos-1_4,T2,pos-1,4,5,JU792,0,0.0153456981581251,0.0135745966623707,-0.0153456981581251,-0.0135745966623707,-69.0678007938166,-68.8908758429152
A6,T2_ctrl_A,T2,ctrl,A,5,JU792,0.015097684664168,0.0153456981581251,0.0135745966623707,-0.00024801349395708,0.00152308800179728,-0.02350696412311,0.153417986778339
A7,T2_ctrl_B,T2,ctrl,B,5,JU792,0.0120515086605734,0.0153456981581251,0.0135745966623707,-0.00329418949755164,-0.00152308800179728,-0.348620522596885,-0.171695571695436
A10,T2_pos-1_1,T2,pos-1,1,10,JU792,0.00785008468114321,0.0156587088923205,0.0132099492427844,-0.00780862421117727,-0.00535986456164118,-0.996185141013032,-0.750844801288465
A11,T2_pos-1_2,T2,pos-1,2,10,JU792,0.00468625329738562,0.0156587088923205,0.0132099492427844,-0.0109724555949349,-0.00852369594539878,-1.74045842223524,-1.49511808251068
A12,T2_pos-1_3,T2,pos-1,3,10,JU792,0,0.0156587088923205,0.0132099492427844,-0.0156587088923205,-0.0132099492427844,-69.0969317735672,-68.8515914338426
A13,T2_pos-1_4,T2,pos-1,4,10,JU792,0,0.0156587088923205,0.0132099492427844,-0.0156587088923205,-0.0132099492427844,-69.0969317735672,-68.8515914338426
A6,T2_ctrl_A,T2,ctrl,A,10,JU792,0.0143663294646328,0.0156587088923205,0.0132099492427844,-0.00129237942768771,0.00115638022184837,-0.124273756484633,0.121066583239934
A7,T2_ctrl_B,T2,ctrl,B,10,JU792,0.012053569020936,0.0156587088923205,0.0132099492427844,-0.00360513987138445,-0.00115638022184837,-0.377504876161555,-0.132164536436987
A10,T2_pos-1_1,T2,pos-1,1,3,JU830,0,0.000889103785394928,0,-0.000889103785394928,0,-64.9584621559883,0
A11,T2_pos-1_2,T2,pos-1,2,3,JU830,0,0.000889103785394928,0,-0.000889103785394928,0,-64.9584621559883,0
A12,T2_pos-1_3,T2,pos-1,3,3,JU830,0,0.000889103785394928,0,-0.000889103785394928,0,-64.9584621559883,0
A13,T2_pos-1_4,T2,pos-1,4,3,JU830,0,0.000889103785394928,0,-0.000889103785394928,0,-64.9584621559883,0
A6,T2_ctrl_A,T2,ctrl,A,3,JU830,0,0.000889103785394928,0,-0.000889103785394928,0,-64.9584621559883,0
A7,T2_ctrl_B,T2,ctrl,B,3,JU830,0,0.000889103785394928,0,-0.000889103785394928,0,-64.9584621559883,0
A10,T2_pos-1_1,T2,pos-1,1,5,JU830,0,0.00132015498970368,0,-0.00132015498970368,0,-65.528745731454,0
A11,T2_pos-1_2,T2,pos-1,2,5,JU830,0,0.00132015498970368,0,-0.00132015498970368,0,-65.528745731454,0
A12,T2_pos-1_3,T2,pos-1,3,5,JU830,0,0.00132015498970368,0,-0.00132015498970368,0,-65.528745731454,0
A13,T2_pos-1_4,T2,pos-1,4,5,JU830,0,0.00132015498970368,0,-0.00132015498970368,0,-65.528745731454,0
A6,T2_ctrl_A,T2,ctrl,A,5,JU830,0,0.00132015498970368,0,-0.00132015498970368,0,-65.528745731454,0
A7,T2_ctrl_B,T2,ctrl,B,5,JU830,0,0.00132015498970368,0,-0.00132015498970368,0,-65.528745731454,0
A10,T2_pos-1_1,T2,pos-1,1,10,JU830,0,0.00228157338000991,0,-0.00228157338000991,0,-66.3180674702129,0
A11,T2_pos-1_2,T2,pos-1,2,10,JU830,0,0.00228157338000991,0,-0.00228157338000991,0,-66.3180674702129,0
A12,T2_pos-1_3,T2,pos-1,3,10,JU830,0,0.00228157338000991,0,-0.00228157338000991,0,-66.3180674702129,0
A13,T2_pos-1_4,T2,pos-1,4,10,JU830,0,0.00228157338000991,0,-0.00228157338000991,0,-66.3180674702129,0
A6,T2_ctrl_A,T2,ctrl,A,10,JU830,0,0.00228157338000991,0,-0.00228157338000991,0,-66.3180674702129,0
A7,T2_ctrl_B,T2,ctrl,B,10,JU830,0,0.00228157338000991,0,-0.00228157338000991,0,-66.3180674702129,0
A10,T2_pos-1_1,T2,pos-1,1,3,JU847,0,0,0.000979367918142524,0,-0.000979367918142524,0,-65.0979612582325
A11,T2_pos-1_2,T2,pos-1,2,3,JU847,0,0,0.000979367918142524,0,-0.000979367918142524,0,-65.0979612582325
A12,T2_pos-1_3,T2,pos-1,3,3,JU847,0,0,0.000979367918142524,0,-0.000979367918142524,0,-65.0979612582325
A13,T2_pos-1_4,T2,pos-1,4,3,JU847,0.00409463738746806,0,0.000979367918142524,0.00409463738746806,0.00311526946932554,67.1617741111602,2.06381285292765
A6,T2_ctrl_A,T2,ctrl,A,3,JU847,0,0,0.000979367918142524,0,-0.000979367918142524,0,-65.0979612582325
A7,T2_ctrl_B,T2,ctrl,B,3,JU847,0.00195873583628505,0,0.000979367918142524,0.00195873583628505,0.000979367918142524,66.0979612582325,1
A10,T2_pos-1_1,T2,pos-1,1,5,JU847,0,0,0.000936685321311787,0,-0.000936685321311787,0,-65.0336747778363
A11,T2_pos-1_2,T2,pos-1,2,5,JU847,0,0,0.000936685321311787,0,-0.000936685321311787,0,-65.0336747778363
A12,T2_pos-1_3,T2,pos-1,3,5,JU847,0,0,0.000936685321311787,0,-0.000936685321311787,0,-65.0336747778363
A13,T2_pos-1_4,T2,pos-1,4,5,JU847,0.00403539634592123,0,0.000936685321311787,0.00403539634592123,0.00309871102460945,67.1407487938364,2.10707401600013
A6,T2_ctrl_A,T2,ctrl,A,5,JU847,0,0,0.000936685321311787,0,-0.000936685321311787,0,-65.0336747778363
A7,T2_ctrl_B,T2,ctrl,B,5,JU847,0.00187337064262357,0,0.000936685321311787,0.00187337064262357,0.000936685321311787,66.0336747778363,1
A10,T2_pos-1_1,T2,pos-1,1,10,JU847,0,0,0.000435465272047885,0,-0.000435465272047885,0,-63.9286679906266
A11,T2_pos-1_2,T2,pos-1,2,10,JU847,0,0,0.000435465272047885,0,-0.000435465272047885,0,-63.9286679906266
A12,T2_pos-1_3,T2,pos-1,3,10,JU847,0,0,0.000435465272047885,0,-0.000435465272047885,0,-63.9286679906266
A13,T2_pos-1_4,T2,pos-1,4,10,JU847,0.002389035169054,0,0.000435465272047885,0.002389035169054,0.00195356989700612,66.3844665076005,2.45579851697393
A6,T2_ctrl_A,T2,ctrl,A,10,JU847,0,0,0.000435465272047885,0,-0.000435465272047885,0,-63.9286679906266
A7,T2_ctrl_B,T2,ctrl,B,10,JU847,0.00087093054409577,0,0.000435465272047885,0.00087093054409577,0.000435465272047885,64.9286679906265,1
A10,T2_pos-1_1,T2,pos-1,1,3,KR314,0,0,0,0,0,0,0
A11,T2_pos-1_2,T2,pos-1,2,3,KR314,0,0,0,0,0,0,0
A12,T2_pos-1_3,T2,pos-1,3,3,KR314,0,0,0,0,0,0,0
A13,T2_pos-1_4,T2,pos-1,4,3,KR314,0,0,0,0,0,0,0
A6,T2_ctrl_A,T2,ctrl,A,3,KR314,0,0,0,0,0,0,0
A7,T2_ctrl_B,T2,ctrl,B,3,KR314,0,0,0,0,0,0,0
A10,T2_pos-1_1,T2,pos-1,1,5,KR314,0,0,0,0,0,0,0
A11,T2_pos-1_2,T2,pos-1,2,5,KR314,0,0,0,0,0,0,0
A12,T2_pos-1_3,T2,pos-1,3,5,KR314,0,0,0,0,0,0,0
A13,T2_pos-1_4,T2,pos-1,4,5,KR314,0,0,0,0,0,0,0
A6,T2_ctrl_A,T2,ctrl,A,5,KR314,0,0,0,0,0,0,0
A7,T2_ctrl_B,T2,ctrl,B,5,KR314,0,0,0,0,0,0,0
A10,T2_pos-1_1,T2,pos-1,1,10,KR314,0,0,0,0,0,0,0
A11,T2_pos-1_2,T2,pos-1,2,10,KR314,0,0,0,0,0,0,0
A12,T2_pos-1_3,T2,pos-1,3,10,KR314,0,0,0,0,0,0,0
A13,T2_pos-1_4,T2,pos-1,4,10,KR314,0,0,0,0,0,0,0
A6,T2_ctrl_A,T2,ctrl,A,10,KR314,0,0,0,0,0,0,0
A7,T2_ctrl_B,T2,ctrl,B,10,KR314,0,0,0,0,0,0,0
A10,T2_pos-1_1,T2,pos-1,1,3,MY1,0,0,0,0,0,0,0
A11,T2_pos-1_2,T2,pos-1,2,3,MY1,0,0,0,0,0,0,0
A12,T2_pos-1_3,T2,pos-1,3,3,MY1,0,0,0,0,0,0,0
A13,T2_pos-1_4,T2,pos-1,4,3,MY1,0,0,0,0,0,0,0
A6,T2_ctrl_A,T2,ctrl,A,3,MY1,0,0,0,0,0,0,0
A7,T2_ctrl_B,T2,ctrl,B,3,MY1,0,0,0,0,0,0,0
A10,T2_pos-1_1,T2,pos-1,1,5,MY1,0,0,0,0,0,0,0
A11,T2_pos-1_2,T2,pos-1,2,5,MY1,0,0,0,0,0,0,0
A12,T2_pos-1_3,T2,pos-1,3,5,MY1,0.000190361294873428,0,0,0.000190361294873428,0.000190361294873428,62.7348504939364,62.7348504939364
A13,T2_pos-1_4,T2,pos-1,4,5,MY1,0,0,0,0,0,0,0
A6,T2_ctrl_A,T2,ctrl,A,5,MY1,0,0,0,0,0,0,0
A7,T2_ctrl_B,T2,ctrl,B,5,MY1,0,0,0,0,0,0,0
A10,T2_pos-1_1,T2,pos-1,1,10,MY1,0,0,0,0,0,0,0
A11,T2_pos-1_2,T2,pos-1,2,10,MY1,0,0,0,0,0,0,0
A12,T2_pos-1_3,T2,pos-1,3,10,MY1,0.00115217199308914,0,0,0.00115217199308914,0.00115217199308914,65.3323945101282,65.3323945101282
A13,T2_pos-1_4,T2,pos-1,4,10,MY1,0,0,0,0,0,0,0
A6,T2_ctrl_A,T2,ctrl,A,10,MY1,0,0,0,0,0,0,0
A7,T2_ctrl_B,T2,ctrl,B,10,MY1,0,0,0,0,0,0,0
A10,T2_pos-1_1,T2,pos-1,1,3,MY10,0.00117760414983181,0,0.00190608492397602,0.00117760414983181,-0.000728480774144207,65.363893076214,-0.694757738199307
A11,T2_pos-1_2,T2,pos-1,2,3,MY10,0,0,0.00190608492397602,0,-0.00190608492397602,0,-66.0586508144133
A12,T2_pos-1_3,T2,pos-1,3,3,MY10,0,0,0.00190608492397602,0,-0.00190608492397602,0,-66.0586508144133
A13,T2_pos-1_4,T2,pos-1,4,3,MY10,0.000666639778825407,0,0.00190608492397602,0.000666639778825407,-0.00123944514515061,64.5430177273681,-1.51563308704519
A6,T2_ctrl_A,T2,ctrl,A,3,MY10,0.00282763502264873,0,0.00190608492397602,0.00282763502264873,0.00092155009867271,66.6276343318133,0.5689835174
A7,T2_ctrl_B,T2,ctrl,B,3,MY10,0.000984534825303305,0,0.00190608492397602,0.000984534825303305,-0.00092155009867271,65.1055525593411,-0.953098255072226
A10,T2_pos-1_1,T2,pos-1,1,5,MY10,0.00106128021382051,0,0.00173185942568957,0.00106128021382051,-0.000670579211869053,65.2138440424619,-0.706516205093251
A11,T2_pos-1_2,T2,pos-1,2,5,MY10,0,0,0.00173185942568957,0,-0.00173185942568957,0,-65.9203602475552
A12,T2_pos-1_3,T2,pos-1,3,5,MY10,0,0,0.00173185942568957,0,-0.00173185942568957,0,-65.9203602475552
A13,T2_pos-1_4,T2,pos-1,4,5,MY10,0.00060154976978969,0,0.00173185942568957,0.00060154976978969,-0.00113030965589987,64.3947944258876,-1.52556582166752
A6,T2_ctrl_A,T2,ctrl,A,5,MY10,0.00270311767259217,0,0.00173185942568957,0.00270311767259217,0.000971258246902606,66.5626627325885,0.642302485033366
A7,T2_ctrl_B,T2,ctrl,B,5,MY10,0.000760601178786959,0,0.00173185942568957,0.000760601178786959,-0.000971258246902606,64.733250495681,-1.18710975187418
A10,T2_pos-1_1,T2,pos-1,1,10,MY10,0.000567940947568598,0,0.00166519631603371,0.000567940947568598,-0.00109725536846511,64.3118512521598,-1.55187943541034
A11,T2_pos-1_2,T2,pos-1,2,10,MY10,0,0,0.00166519631603371,0,-0.00166519631603371,0,-65.8637306875702
A12,T2_pos-1_3,T2,pos-1,3,10,MY10,0,0,0.00166519631603371,0,-0.00166519631603371,0,-65.8637306875702
A13,T2_pos-1_4,T2,pos-1,4,10,MY10,0.000600186054048639,0,0.00166519631603371,0.000600186054048639,-0.00106501026198507,64.3915201176041,-1.47221056996607
A6,T2_ctrl_A,T2,ctrl,A,10,MY10,0.00265408629023648,0,0.00166519631603371,0.00265408629023648,0.000988889974202773,66.5362536923843,0.672523004814108
A7,T2_ctrl_B,T2,ctrl,B,10,MY10,0.000676306341830937,0,0.00166519631603371,0.000676306341830937,-0.000988889974202773,64.5637872030108,-1.29994348455939
A10,T2_pos-1_1,T2,pos-1,1,3,MY18,0,0,0.000938845850148644,0,-0.000938845850148644,0,-65.0369986208785
A11,T2_pos-1_2,T2,pos-1,2,3,MY18,0,0,0.000938845850148644,0,-0.000938845850148644,0,-65.0369986208785
A12,T2_pos-1_3,T2,pos-1,3,3,MY18,0,0,0.000938845850148644,0,-0.000938845850148644,0,-65.0369986208785
A13,T2_pos-1_4,T2,pos-1,4,3,MY18,0,0,0.000938845850148644,0,-0.000938845850148644,0,-65.0369986208785
A6,T2_ctrl_A,T2,ctrl,A,3,MY18,0.00187769170029729,0,0.000938845850148644,0.00187769170029729,0.000938845850148644,66.0369986208785,1
A7,T2_ctrl_B,T2,ctrl,B,3,MY18,0,0,0.000938845850148644,0,-0.000938845850148644,0,-65.0369986208785
A10,T2_pos-1_1,T2,pos-1,1,5,MY18,0,0,0.00120735675318675,0,-0.00120735675318675,0,-65.3998904463912
A11,T2_pos-1_2,T2,pos-1,2,5,MY18,0,0,0.00120735675318675,0,-0.00120735675318675,0,-65.3998904463912
A12,T2_pos-1_3,T2,pos-1,3,5,MY18,0,0,0.00120735675318675,0,-0.00120735675318675,0,-65.3998904463912
A13,T2_pos-1_4,T2,pos-1,4,5,MY18,0,0,0.00120735675318675,0,-0.00120735675318675,0,-65.3998904463912
A6,T2_ctrl_A,T2,ctrl,A,5,MY18,0.0024147135063735,0,0.00120735675318675,0.0024147135063735,0.00120735675318675,66.3998904463912,1
A7,T2_ctrl_B,T2,ctrl,B,5,MY18,0,0,0.00120735675318675,0,-0.00120735675318675,0,-65.3998904463912
A10,T2_pos-1_1,T2,pos-1,1,10,MY18,0,0,0.00191399251344076,0,-0.00191399251344076,0,-66.0646236024458
A11,T2_pos-1_2,T2,pos-1,2,10,MY18,0,0,0.00191399251344076,0,-0.00191399251344076,0,-66.0646236024458
A12,T2_pos-1_3,T2,pos-1,3,10,MY18,0,0,0.00191399251344076,0,-0.00191399251344076,0,-66.0646236024458
A13,T2_pos-1_4,T2,pos-1,4,10,MY18,0,0,0.00191399251344076,0,-0.00191399251344076,0,-66.0646236024458
A6,T2_ctrl_A,T2,ctrl,A,10,MY18,0.00382798502688152,0,0.00191399251344076,0.00382798502688152,0.00191399251344076,67.0646236024458,1
A7,T2_ctrl_B,T2,ctrl,B,10,MY18,0,0,0.00191399251344076,0,-0.00191399251344076,0,-66.0646236024458
A10,T2_pos-1_1,T2,pos-1,1,3,MY2147,0,0,0,0,0,0,0
A11,T2_pos-1_2,T2,pos-1,2,3,MY2147,0,0,0,0,0,0,0
A12,T2_pos-1_3,T2,pos-1,3,3,MY2147,0.000870568078076155,0,0,0.000870568078076155,0.000870568078076155,64.9280674412722,64.9280674412722
A13,T2_pos-1_4,T2,pos-1,4,3,MY2147,0,0,0,0,0,0,0
A6,T2_ctrl_A,T2,ctrl,A,3,MY2147,0,0,0,0,0,0,0
A7,T2_ctrl_B,T2,ctrl,B,3,MY2147,0,0,0,0,0,0,0
A10,T2_pos-1_1,T2,pos-1,1,5,MY2147,0,0,0,0,0,0,0
A11,T2_pos-1_2,T2,pos-1,2,5,MY2147,0,0,0,0,0,0,0
A12,T2_pos-1_3,T2,pos-1,3,5,MY2147,0.00106281566000166,0,0,0.00106281566000166,0.00106281566000166,65.2159298061077,65.2159298061077
A13,T2_pos-1_4,T2,pos-1,4,5,MY2147,0,0,0,0,0,0,0
A6,T2_ctrl_A,T2,ctrl,A,5,MY2147,0,0,0,0,0,0,0
A7,T2_ctrl_B,T2,ctrl,B,5,MY2147,0,0,0,0,0,0,0
A10,T2_pos-1_1,T2,pos-1,1,10,MY2147,0,0.000201898406854399,0,-0.000201898406854399,0,-62.8197398474641,0
A11,T2_pos-1_2,T2,pos-1,2,10,MY2147,0,0.000201898406854399,0,-0.000201898406854399,0,-62.8197398474641,0
A12,T2_pos-1_3,T2,pos-1,3,10,MY2147,0.00233518938084344,0.000201898406854399,0,0.00213329097398905,0.00233518938084344,3.53183812361589,66.35157797108
A13,T2_pos-1_4,T2,pos-1,4,10,MY2147,0,0.000201898406854399,0,-0.000201898406854399,0,-62.8197398474641,0
A6,T2_ctrl_A,T2,ctrl,A,10,MY2147,0,0.000201898406854399,0,-0.000201898406854399,0,-62.8197398474641,0
A7,T2_ctrl_B,T2,ctrl,B,10,MY2147,0,0.000201898406854399,0,-0.000201898406854399,0,-62.8197398474641,0
A10,T2_pos-1_1,T2,pos-1,1,3,MY2212,0,0,0.00162353435336433,0,-0.00162353435336433,0,-65.8271763275164
A11,T2_pos-1_2,T2,pos-1,2,3,MY2212,0,0,0.00162353435336433,0,-0.00162353435336433,0,-65.8271763275164
A12,T2_pos-1_3,T2,pos-1,3,3,MY2212,0.000368470704323521,0,0.00162353435336433,0.000368470704323521,-0.00125506364904081,63.6876602416013,-2.13951608591505
A13,T2_pos-1_4,T2,pos-1,4,3,MY2212,0,0,0.00162353435336433,0,-0.00162353435336433,0,-65.8271763275164
A6,T2_ctrl_A,T2,ctrl,A,3,MY2212,0,0,0.00162353435336433,0,-0.00162353435336433,0,-65.8271763275164
A7,T2_ctrl_B,T2,ctrl,B,3,MY2212,0.00324706870672866,0,0.00162353435336433,0.00324706870672866,0.00162353435336433,66.8271763275164,1
A10,T2_pos-1_1,T2,pos-1,1,5,MY2212,0,0,0.0018212841652944,0,-0.0018212841652944,0,-65.9929944516167
A11,T2_pos-1_2,T2,pos-1,2,5,MY2212,0,0,0.0018212841652944,0,-0.0018212841652944,0,-65.9929944516167
A12,T2_pos-1_3,T2,pos-1,3,5,MY2212,0.000314812779299652,0,0.0018212841652944,0.000314812779299652,-0.00150647138599475,63.460604426641,-2.53239002497566
A13,T2_pos-1_4,T2,pos-1,4,5,MY2212,0,0,0.0018212841652944,0,-0.0018212841652944,0,-65.9929944516167
A6,T2_ctrl_A,T2,ctrl,A,5,MY2212,0,0,0.0018212841652944,0,-0.0018212841652944,0,-65.9929944516167
A7,T2_ctrl_B,T2,ctrl,B,5,MY2212,0.0036425683305888,0,0.0018212841652944,0.0036425683305888,0.0018212841652944,66.9929944516167,1
A10,T2_pos-1_1,T2,pos-1,1,10,MY2212,0.00111936160433954,0,0.0023358656777682,0.00111936160433954,-0.00121650407342866,65.2907145829433,-1.06128114824191
A11,T2_pos-1_2,T2,pos-1,2,10,MY2212,0,0,0.0023358656777682,0,-0.0023358656777682,0,-66.3519957311852
A12,T2_pos-1_3,T2,pos-1,3,10,MY2212,0,0,0.0023358656777682,0,-0.0023358656777682,0,-66.3519957311852
A13,T2_pos-1_4,T2,pos-1,4,10,MY2212,0,0,0.0023358656777682,0,-0.0023358656777682,0,-66.3519957311852
A6,T2_ctrl_A,T2,ctrl,A,10,MY2212,0,0,0.0023358656777682,0,-0.0023358656777682,0,-66.3519957311852
A7,T2_ctrl_B,T2,ctrl,B,10,MY2212,0.0046717313555364,0,0.0023358656777682,0.0046717313555364,0.0023358656777682,67.3519957311852,1
A10,T2_pos-1_1,T2,pos-1,1,3,MY2453,0,0,0,0,0,0,0
A11,T2_pos-1_2,T2,pos-1,2,3,MY2453,0,0,0,0,0,0,0
A12,T2_pos-1_3,T2,pos-1,3,3,MY2453,0,0,0,0,0,0,0
A13,T2_pos-1_4,T2,pos-1,4,3,MY2453,0,0,0,0,0,0,0
A6,T2_ctrl_A,T2,ctrl,A,3,MY2453,0,0,0,0,0,0,0
A7,T2_ctrl_B,T2,ctrl,B,3,MY2453,0,0,0,0,0,0,0
A10,T2_pos-1_1,T2,pos-1,1,5,MY2453,0,0,0,0,0,0,0
A11,T2_pos-1_2,T2,pos-1,2,5,MY2453,0,0,0,0,0,0,0
A12,T2_pos-1_3,T2,pos-1,3,5,MY2453,0,0,0,0,0,0,0
A13,T2_pos-1_4,T2,pos-1,4,5,MY2453,0,0,0,0,0,0,0
A6,T2_ctrl_A,T2,ctrl,A,5,MY2453,0,0,0,0,0,0,0
A7,T2_ctrl_B,T2,ctrl,B,5,MY2453,0,0,0,0,0,0,0
A10,T2_pos-1_1,T2,pos-1,1,10,MY2453,0,0,0,0,0,0,0
A11,T2_pos-1_2,T2,pos-1,2,10,MY2453,0,0,0,0,0,0,0
A12,T2_pos-1_3,T2,pos-1,3,10,MY2453,0,0,0,0,0,0,0
A13,T2_pos-1_4,T2,pos-1,4,10,MY2453,0,0,0,0,0,0,0
A6,T2_ctrl_A,T2,ctrl,A,10,MY2453,0,0,0,0,0,0,0
A7,T2_ctrl_B,T2,ctrl,B,10,MY2453,0,0,0,0,0,0,0
A10,T2_pos-1_1,T2,pos-1,1,3,MY2530,0,0,0,0,0,0,0
A11,T2_pos-1_2,T2,pos-1,2,3,MY2530,0,0,0,0,0,0,0
A12,T2_pos-1_3,T2,pos-1,3,3,MY2530,0.000682778569601988,0,0,0.000682778569601988,0.000682778569601988,64.5775280979581,64.5775280979581
A13,T2_pos-1_4,T2,pos-1,4,3,MY2530,0,0,0,0,0,0,0
A6,T2_ctrl_A,T2,ctrl,A,3,MY2530,0,0,0,0,0,0,0
A7,T2_ctrl_B,T2,ctrl,B,3,MY2530,0,0,0,0,0,0,0
A10,T2_pos-1_1,T2,pos-1,1,5,MY2530,0,0,0,0,0,0,0
A11,T2_pos-1_2,T2,pos-1,2,5,MY2530,0,0,0,0,0,0,0
A12,T2_pos-1_3,T2,pos-1,3,5,MY2530,0.000164022416565397,0,0,0.000164022416565397,0.000164022416565397,62.5200033189302,62.5200033189302
A13,T2_pos-1_4,T2,pos-1,4,5,MY2530,0,0,0,0,0,0,0
A6,T2_ctrl_A,T2,ctrl,A,5,MY2530,0,0,0,0,0,0,0
A7,T2_ctrl_B,T2,ctrl,B,5,MY2530,0,0,0,0,0,0,0
A10,T2_pos-1_1,T2,pos-1,1,10,MY2530,0,0,0,0,0,0,0
A11,T2_pos-1_2,T2,pos-1,2,10,MY2530,0,0,0,0,0,0,0
A12,T2_pos-1_3,T2,pos-1,3,10,MY2530,0.000201117599660582,0,0,0.000201117599660582,0.000201117599660582,62.8141496572105,62.8141496572105
A13,T2_pos-1_4,T2,pos-1,4,10,MY2530,0,0,0,0,0,0,0
A6,T2_ctrl_A,T2,ctrl,A,10,MY2530,0,0,0,0,0,0,0
A7,T2_ctrl_B,T2,ctrl,B,10,MY2530,0,0,0,0,0,0,0
A10,T2_pos-1_1,T2,pos-1,1,3,MY2535,0,0,0,0,0,0,0
A11,T2_pos-1_2,T2,pos-1,2,3,MY2535,0,0,0,0,0,0,0
A12,T2_pos-1_3,T2,pos-1,3,3,MY2535,0,0,0,0,0,0,0
A13,T2_pos-1_4,T2,pos-1,4,3,MY2535,0,0,0,0,0,0,0
A6,T2_ctrl_A,T2,ctrl,A,3,MY2535,0,0,0,0,0,0,0
A7,T2_ctrl_B,T2,ctrl,B,3,MY2535,0,0,0,0,0,0,0
A10,T2_pos-1_1,T2,pos-1,1,5,MY2535,0,0,0,0,0,0,0
A11,T2_pos-1_2,T2,pos-1,2,5,MY2535,0,0,0,0,0,0,0
A12,T2_pos-1_3,T2,pos-1,3,5,MY2535,0,0,0,0,0,0,0
A13,T2_pos-1_4,T2,pos-1,4,5,MY2535,0,0,0,0,0,0,0
A6,T2_ctrl_A,T2,ctrl,A,5,MY2535,0,0,0,0,0,0,0
A7,T2_ctrl_B,T2,ctrl,B,5,MY2535,0,0,0,0,0,0,0
A10,T2_pos-1_1,T2,pos-1,1,10,MY2535,1.29287498850257e-05,0,0.00145213602377164,1.29287498850257e-05,-0.00143920727388661,58.8547650098188,-6.81145000496073
A11,T2_pos-1_2,T2,pos-1,2,10,MY2535,0,0,0.00145213602377164,0,-0.00145213602377164,0,-65.6662150147795
A12,T2_pos-1_3,T2,pos-1,3,10,MY2535,0,0,0.00145213602377164,0,-0.00145213602377164,0,-65.6662150147795
A13,T2_pos-1_4,T2,pos-1,4,10,MY2535,0,0,0.00145213602377164,0,-0.00145213602377164,0,-65.6662150147795
A6,T2_ctrl_A,T2,ctrl,A,10,MY2535,0,0,0.00145213602377164,0,-0.00145213602377164,0,-65.6662150147795
A7,T2_ctrl_B,T2,ctrl,B,10,MY2535,0.00290427204754328,0,0.00145213602377164,0.00290427204754328,0.00145213602377164,66.6662150147795,1
A10,T2_pos-1_1,T2,pos-1,1,3,MY2573,0,0.0039057669306869,0.00720291929161326,-0.0039057669306869,-0.00720291929161326,-67.0936442773692,-67.9766201547426
A11,T2_pos-1_2,T2,pos-1,2,3,MY2573,0,0.0039057669306869,0.00720291929161326,-0.0039057669306869,-0.00720291929161326,-67.0936442773692,-67.9766201547426
A12,T2_pos-1_3,T2,pos-1,3,3,MY2573,0.00858021431460849,0.0039057669306869,0.00720291929161326,0.00467444738392158,0.00137729502299523,1.13540782180426,0.252431944430899
A13,T2_pos-1_4,T2,pos-1,4,3,MY2573,0.007359775289308,0.0039057669306869,0.00720291929161326,0.00345400835862109,0.000156855997694741,0.914055856517611,0.0310799791442522
A6,T2_ctrl_A,T2,ctrl,A,3,MY2573,0.00547895486131222,0.0039057669306869,0.00720291929161326,0.00157318793062531,-0.00172396443030104,0.488294856292345,-0.394681021081014
A7,T2_ctrl_B,T2,ctrl,B,3,MY2573,0.00892688372191429,0.0039057669306869,0.00720291929161326,0.00502111679122739,0.00172396443030104,1.19255077239926,0.309574895025903
A10,T2_pos-1_1,T2,pos-1,1,5,MY2573,0,0.00439442251541946,0.00621348711794157,-0.00439442251541946,-0.00621348711794157,-67.2637120045272,-67.7634415771844
A11,T2_pos-1_2,T2,pos-1,2,5,MY2573,0,0.00439442251541946,0.00621348711794157,-0.00439442251541946,-0.00621348711794157,-67.2637120045272,-67.7634415771844
A12,T2_pos-1_3,T2,pos-1,3,5,MY2573,0.00864060282750348,0.00439442251541946,0.00621348711794157,0.00424618031208401,0.0024271157095619,0.975458379333897,0.475728806676716
A13,T2_pos-1_4,T2,pos-1,4,5,MY2573,0.00604457118947228,0.00439442251541946,0.00621348711794157,0.00165014867405282,-0.000168915928469291,0.459966407422789,-0.0397631652343929
A6,T2_ctrl_A,T2,ctrl,A,5,MY2573,0.00423689131292538,0.00439442251541946,0.00621348711794157,-0.00015753120249408,-0.00197659580501619,-0.0526674684646336,-0.552397041121815
A7,T2_ctrl_B,T2,ctrl,B,5,MY2573,0.00819008292295776,0.00439442251541946,0.00621348711794157,0.0037956604075383,0.00197659580501619,0.898204470108477,0.398474897451296
A10,T2_pos-1_1,T2,pos-1,1,10,MY2573,0.00325882040769374,0.00364860895922416,0.00788175676584882,-0.000389788551530425,-0.00462293635815508,-0.162996690014459,-1.27416738010651
A11,T2_pos-1_2,T2,pos-1,2,10,MY2573,0,0.00364860895922416,0.00788175676584882,-0.00364860895922416,-0.00788175676584882,-66.995384953623,-68.1065556437151
A12,T2_pos-1_3,T2,pos-1,3,10,MY2573,0.00895982700390002,0.00364860895922416,0.00788175676584882,0.00531121804467586,0.0010780702380512,1.29612433910713,0.184953649015075
A13,T2_pos-1_4,T2,pos-1,4,10,MY2573,0.008812403818812,0.00364860895922416,0.00788175676584882,0.00516379485958784,0.00093064705296318,1.27218906855588,0.16101837846383
A6,T2_ctrl_A,T2,ctrl,A,10,MY2573,0.00631048627693675,0.00364860895922416,0.00788175676584882,0.00266187731771258,-0.00157127048891208,0.790404643555235,-0.320766046536815
A7,T2_ctrl_B,T2,ctrl,B,10,MY2573,0.0094530272547609,0.00364860895922416,0.00788175676584882,0.00580441829553673,0.00157127048891208,1.37342987670188,0.26225918660983
A10,T2_pos-1_1,T2,pos-1,1,3,MY2585,0.00229384392402617,6.1627053179791e-05,0.00416956734870315,0.00223221687084638,-0.00187572342467698,5.21805961429443,-0.86213045957987
A11,T2_pos-1_2,T2,pos-1,2,3,MY2585,0,6.1627053179791e-05,0.00416956734870315,-6.1627053179791e-05,-0.00416956734870315,-61.1077460333418,-67.1879361072161
A12,T2_pos-1_3,T2,pos-1,3,3,MY2585,0.00206691148017724,6.1627053179791e-05,0.00416956734870315,0.00200528442699745,-0.0021026558685259,5.06776898599674,-1.01242108787756
A13,T2_pos-1_4,T2,pos-1,4,3,MY2585,0.00192852582732613,6.1627053179791e-05,0.00416956734870315,0.00186689877414634,-0.00224104152137702,4.96779084940206,-1.11239922447224
A6,T2_ctrl_A,T2,ctrl,A,3,MY2585,0.00226962589579308,6.1627053179791e-05,0.00416956734870315,0.00220799884261329,-0.00189994145291006,5.20274689891725,-0.877443174957046
A7,T2_ctrl_B,T2,ctrl,B,3,MY2585,0.00606950880161321,6.1627053179791e-05,0.00416956734870315,0.00600788174843342,0.00189994145291006,6.62187214790379,0.541682074029493
A10,T2_pos-1_1,T2,pos-1,1,5,MY2585,0.00166847878715339,0,0.00396488768226925,0.00166847878715339,-0.00229640889511586,65.8665717600743,-1.24874665332148
A11,T2_pos-1_2,T2,pos-1,2,5,MY2585,0,0,0.00396488768226925,0,-0.00396488768226925,0,-67.1153184133958
A12,T2_pos-1_3,T2,pos-1,3,5,MY2585,0.00100250106230585,0,0.00396488768226925,0.00100250106230585,-0.0029623866199634,65.1316421811364,-1.98367623225932
A13,T2_pos-1_4,T2,pos-1,4,5,MY2585,0.000789217419952747,0,0.00396488768226925,0.000789217419952747,-0.0031756702623165,64.7865331210183,-2.32878529237746
A6,T2_ctrl_A,T2,ctrl,A,5,MY2585,0.00204703823794513,0,0.00396488768226925,0.00204703823794513,-0.00191784944432412,66.1615764673381,-0.953741946057679
A7,T2_ctrl_B,T2,ctrl,B,5,MY2585,0.00588273712659337,0,0.00396488768226925,0.00588273712659337,0.00191784944432412,67.6845259857504,0.56920757235464
A10,T2_pos-1_1,T2,pos-1,1,10,MY2585,0.00106747133711889,0,0.00270765463933784,0.00106747133711889,-0.00164018330221895,65.2222357479754,-1.34284640298124
A11,T2_pos-1_2,T2,pos-1,2,10,MY2585,0,0,0.00270765463933784,0,-0.00270765463933784,0,-66.5650821509567
A12,T2_pos-1_3,T2,pos-1,3,10,MY2585,0.000253730752966964,0,0.00270765463933784,0.000253730752966964,-0.00245392388637087,63.1494087099937,-3.41567344096299
A13,T2_pos-1_4,T2,pos-1,4,10,MY2585,0.000334226702174398,0,0.00270765463933784,0.000334226702174398,-0.00237342793716344,63.5469373191855,-3.01814483177122
A6,T2_ctrl_A,T2,ctrl,A,10,MY2585,0.000638844962772754,0,0.00270765463933784,0.000638844962772754,-0.00206880967656508,64.4815761759595,-2.08350597499717
A7,T2_ctrl_B,T2,ctrl,B,10,MY2585,0.00477646431590292,0,0.00270765463933784,0.00477646431590292,0.00206880967656508,67.3839815022336,0.818899351276909
A10,T2_pos-1_1,T2,pos-1,1,3,MY2693,0,0,0.00223046959124184,0,-0.00223046959124184,0,-66.285385895184
A11,T2_pos-1_2,T2,pos-1,2,3,MY2693,0,0,0.00223046959124184,0,-0.00223046959124184,0,-66.285385895184
A12,T2_pos-1_3,T2,pos-1,3,3,MY2693,0,0,0.00223046959124184,0,-0.00223046959124184,0,-66.285385895184
A13,T2_pos-1_4,T2,pos-1,4,3,MY2693,0.000240241419430745,0,0.00223046959124184,0.000240241419430745,-0.00199022817181109,63.0705952247905,-3.21479067039357
A6,T2_ctrl_A,T2,ctrl,A,3,MY2693,0.00284176638388251,0,0.00223046959124184,0.00284176638388251,0.000611296792640677,66.6348263739823,0.349440478798294
A7,T2_ctrl_B,T2,ctrl,B,3,MY2693,0.00161917279860116,0,0.00223046959124184,0.00161917279860116,-0.000611296792640677,65.8232953743948,-0.462090520789286
A10,T2_pos-1_1,T2,pos-1,1,5,MY2693,0,0,0.00257945948238169,0,-0.00257945948238169,0,-66.4951072008076
A11,T2_pos-1_2,T2,pos-1,2,5,MY2693,0,0,0.00257945948238169,0,-0.00257945948238169,0,-66.4951072008076
A12,T2_pos-1_3,T2,pos-1,3,5,MY2693,0,0,0.00257945948238169,0,-0.00257945948238169,0,-66.4951072008076
A13,T2_pos-1_4,T2,pos-1,4,5,MY2693,0,0,0.00257945948238169,0,-0.00257945948238169,0,-66.4951072008076
A6,T2_ctrl_A,T2,ctrl,A,5,MY2693,0.00358826418701077,0,0.00257945948238169,0.00358826418701077,0.00100880470462908,66.9713245287117,0.476217327904144
A7,T2_ctrl_B,T2,ctrl,B,5,MY2693,0.00157065477775261,0,0.00257945948238169,0.00157065477775261,-0.00100880470462908,65.7794045338485,-0.71570266695908
A10,T2_pos-1_1,T2,pos-1,1,10,MY2693,0,0,0.00103173204007135,0,-0.00103173204007135,0,-65.1731067404709
A11,T2_pos-1_2,T2,pos-1,2,10,MY2693,0,0,0.00103173204007135,0,-0.00103173204007135,0,-65.1731067404709
A12,T2_pos-1_3,T2,pos-1,3,10,MY2693,0,0,0.00103173204007135,0,-0.00103173204007135,0,-65.1731067404709
A13,T2_pos-1_4,T2,pos-1,4,10,MY2693,0,0,0.00103173204007135,0,-0.00103173204007135,0,-65.1731067404709
A6,T2_ctrl_A,T2,ctrl,A,10,MY2693,0.0020634640801427,0,0.00103173204007135,0.0020634640801427,0.00103173204007135,66.1731067404709,1
A7,T2_ctrl_B,T2,ctrl,B,10,MY2693,0,0,0.00103173204007135,0,-0.00103173204007135,0,-65.1731067404709
A10,T2_pos-1_1,T2,pos-1,1,3,MY2713,0,0.00832453739327517,0.00393141295811217,-0.00832453739327517,-0.00393141295811217,-68.1854085174324,-67.1030863290199
A11,T2_pos-1_2,T2,pos-1,2,3,MY2713,0,0.00832453739327517,0.00393141295811217,-0.00832453739327517,-0.00393141295811217,-68.1854085174324,-67.1030863290199
A12,T2_pos-1_3,T2,pos-1,3,3,MY2713,0,0.00832453739327517,0.00393141295811217,-0.00832453739327517,-0.00393141295811217,-68.1854085174324,-67.1030863290199
A13,T2_pos-1_4,T2,pos-1,4,3,MY2713,0.00106290290737855,0.00832453739327517,0.00393141295811217,-0.00726163448589662,-0.00286851005073362,-2.96936028421024,-1.88703809579766
A6,T2_ctrl_A,T2,ctrl,A,3,MY2713,0.00374002652149265,0.00832453739327517,0.00393141295811217,-0.00458451087178252,-0.000191386436619523,-1.15432160106505,-0.0719994126524675
A7,T2_ctrl_B,T2,ctrl,B,3,MY2713,0.00412279939473169,0.00832453739327517,0.00393141295811217,-0.00420173799854347,0.000191386436619523,-1.01374583679191,0.0685763516206755
A10,T2_pos-1_1,T2,pos-1,1,5,MY2713,0,0.00831600405876931,0.00354251776669762,-0.00831600405876931,-0.00354251776669762,-68.1839288780243,-66.9528135043681
A11,T2_pos-1_2,T2,pos-1,2,5,MY2713,0,0.00831600405876931,0.00354251776669762,-0.00831600405876931,-0.00354251776669762,-68.1839288780243,-66.9528135043681
A12,T2_pos-1_3,T2,pos-1,3,5,MY2713,0,0.00831600405876931,0.00354251776669762,-0.00831600405876931,-0.00354251776669762,-68.1839288780243,-66.9528135043681
A13,T2_pos-1_4,T2,pos-1,4,5,MY2713,0.0012851460411425,0.00831600405876931,0.00354251776669762,-0.00703085801762681,-0.00225737172555512,-2.69395814893266,-1.4628427752765
A6,T2_ctrl_A,T2,ctrl,A,5,MY2713,0.002926347095091,0.00831600405876931,0.00354251776669762,-0.00538965696367831,-0.000616170671606619,-1.50678956412086,-0.275674190464703
A7,T2_ctrl_B,T2,ctrl,B,5,MY2713,0.00415868843830424,0.00831600405876931,0.00354251776669762,-0.00415731562046508,0.000616170671606619,-0.999761857495984,0.23135351616017
A10,T2_pos-1_1,T2,pos-1,1,10,MY2713,0,0.00901665565137294,0.00379220290318314,-0.00901665565137294,-0.00379220290318314,-68.3006308414312,-67.0510745739151
A11,T2_pos-1_2,T2,pos-1,2,10,MY2713,0,0.00901665565137294,0.00379220290318314,-0.00901665565137294,-0.00379220290318314,-68.3006308414312,-67.0510745739151
A12,T2_pos-1_3,T2,pos-1,3,10,MY2713,0,0.00901665565137294,0.00379220290318314,-0.00901665565137294,-0.00379220290318314,-68.3006308414312,-67.0510745739151
A13,T2_pos-1_4,T2,pos-1,4,10,MY2713,0.00110825137683485,0.00901665565137294,0.00379220290318314,-0.00790840427453809,-0.00268395152634829,-3.02430727090071,-1.77475100338463
A6,T2_ctrl_A,T2,ctrl,A,10,MY2713,0.00309285341370311,0.00901665565137294,0.00379220290318314,-0.00592380223766983,-0.00069934948948003,-1.54365396745712,-0.294097699941046
A7,T2_ctrl_B,T2,ctrl,B,10,MY2713,0.00449155239266317,0.00901665565137294,0.00379220290318314,-0.00452510325870977,0.00069934948948003,-1.00537826314861,0.24417800436747
A10,T2_pos-1_1,T2,pos-1,1,3,MY2741,0.000250053719148818,0,7.87941531309023e-05,0.000250053719148818,0.000171259566017915,63.1283483837927,1.66607757846954
A11,T2_pos-1_2,T2,pos-1,2,3,MY2741,0.00267212608695794,0,7.87941531309023e-05,0.00267212608695794,0.00259333193382704,66.5460265001307,5.08375569480756
A12,T2_pos-1_3,T2,pos-1,3,3,MY2741,0,0,7.87941531309023e-05,0,-7.87941531309023e-05,0,-61.4622708053232
A13,T2_pos-1_4,T2,pos-1,4,3,MY2741,0,0,7.87941531309023e-05,0,-7.87941531309023e-05,0,-61.4622708053232
A6,T2_ctrl_A,T2,ctrl,A,3,MY2741,0.000157588306261805,0,7.87941531309023e-05,0.000157588306261805,7.87941531309023e-05,62.4622708053232,1
A7,T2_ctrl_B,T2,ctrl,B,3,MY2741,0,0,7.87941531309023e-05,0,-7.87941531309023e-05,0,-61.4622708053232
A10,T2_pos-1_1,T2,pos-1,1,5,MY2741,0,0,0,0,0,0,0
A11,T2_pos-1_2,T2,pos-1,2,5,MY2741,0.0018630198875315,0,0,0.0018630198875315,0.0018630198875315,66.0256814906675,66.0256814906675
A12,T2_pos-1_3,T2,pos-1,3,5,MY2741,0,0,0,0,0,0,0
A13,T2_pos-1_4,T2,pos-1,4,5,MY2741,0,0,0,0,0,0,0
A6,T2_ctrl_A,T2,ctrl,A,5,MY2741,0,0,0,0,0,0,0
A7,T2_ctrl_B,T2,ctrl,B,5,MY2741,0,0,0,0,0,0,0
A10,T2_pos-1_1,T2,pos-1,1,10,MY2741,0,0,0,0,0,0,0
A11,T2_pos-1_2,T2,pos-1,2,10,MY2741,0.00021491531601344,0,0,0.00021491531601344,0.00021491531601344,62.9098786213927,62.9098786213927
A12,T2_pos-1_3,T2,pos-1,3,10,MY2741,0,0,0,0,0,0,0
A13,T2_pos-1_4,T2,pos-1,4,10,MY2741,0,0,0,0,0,0,0
A6,T2_ctrl_A,T2,ctrl,A,10,MY2741,0,0,0,0,0,0,0
A7,T2_ctrl_B,T2,ctrl,B,10,MY2741,0,0,0,0,0,0,0
A10,T2_pos-1_1,T2,pos-1,1,3,MY518,0,0.0228634706781093,0.0216136660834383,-0.0228634706781093,-0.0216136660834383,-69.6430109320722,-69.5619103116934
A11,T2_pos-1_2,T2,pos-1,2,3,MY518,0,0.0228634706781093,0.0216136660834383,-0.0228634706781093,-0.0216136660834383,-69.6430109320722,-69.5619103116934
A12,T2_pos-1_3,T2,pos-1,3,3,MY518,0,0.0228634706781093,0.0216136660834383,-0.0228634706781093,-0.0216136660834383,-69.6430109320722,-69.5619103116934
A13,T2_pos-1_4,T2,pos-1,4,3,MY518,0,0.0228634706781093,0.0216136660834383,-0.0228634706781093,-0.0216136660834383,-69.6430109320722,-69.5619103116934
A6,T2_ctrl_A,T2,ctrl,A,3,MY518,0.0209405369297829,0.0228634706781093,0.0216136660834383,-0.00192293374832642,-0.000673129153655402,-0.126745987052214,-0.0456453666734239
A7,T2_ctrl_B,T2,ctrl,B,3,MY518,0.0222867952370937,0.0228634706781093,0.0216136660834383,-0.000576675441015612,0.000673129153655406,-0.0368552444589651,0.0442453759198253
A10,T2_pos-1_1,T2,pos-1,1,5,MY518,0.000923747979861365,0.0230481905240718,0.0219358525447943,-0.0221244425442104,-0.0210121045649329,-4.64101037699389,-4.56964766384132
A11,T2_pos-1_2,T2,pos-1,2,5,MY518,0,0.0230481905240718,0.0219358525447943,-0.0230481905240718,-0.0219358525447943,-69.6546200020437,-69.5832572888911
A12,T2_pos-1_3,T2,pos-1,3,5,MY518,0,0.0230481905240718,0.0219358525447943,-0.0230481905240718,-0.0219358525447943,-69.6546200020437,-69.5832572888911
A13,T2_pos-1_4,T2,pos-1,4,5,MY518,0,0.0230481905240718,0.0219358525447943,-0.0230481905240718,-0.0219358525447943,-69.6546200020437,-69.5832572888911
A6,T2_ctrl_A,T2,ctrl,A,5,MY518,0.0214010071968589,0.0230481905240718,0.0219358525447943,-0.0016471833272129,-0.000534845347935385,-0.106974795595043,-0.0356120824424712
A7,T2_ctrl_B,T2,ctrl,B,5,MY518,0.0224706978927296,0.0230481905240718,0.0219358525447943,-0.000577492631342134,0.000534845347935385,-0.0366085591660889,0.0347541539864832
A10,T2_pos-1_1,T2,pos-1,1,10,MY518,0.00247048518124434,0.0236084128955288,0.0229826354445685,-0.0211379277142844,-0.0205121502633242,-3.25643475070495,-3.21767793574717
A11,T2_pos-1_2,T2,pos-1,2,10,MY518,0,0.0236084128955288,0.0229826354445685,-0.0236084128955288,-0.0229826354445685,-69.6892675684683,-69.6505107535105
A12,T2_pos-1_3,T2,pos-1,3,10,MY518,0,0.0236084128955288,0.0229826354445685,-0.0236084128955288,-0.0229826354445685,-69.6892675684683,-69.6505107535105
A13,T2_pos-1_4,T2,pos-1,4,10,MY518,0,0.0236084128955288,0.0229826354445685,-0.0236084128955288,-0.0229826354445685,-69.6892675684683,-69.6505107535105
A6,T2_ctrl_A,T2,ctrl,A,10,MY518,0.0229327826071236,0.0236084128955288,0.0229826354445685,-0.000675630288405144,-4.98528374449185e-05,-0.0418896392974124,-0.00313282433962676
A7,T2_ctrl_B,T2,ctrl,B,10,MY518,0.0230324882820135,0.0236084128955288,0.0229826354445685,-0.000575924613515303,4.9852837444922e-05,-0.0356307788343903,0.00312603612339525
A10,T2_pos-1_1,T2,pos-1,1,3,MY679,0,0,0,0,0,0,0
A11,T2_pos-1_2,T2,pos-1,2,3,MY679,0,0,0,0,0,0,0
A12,T2_pos-1_3,T2,pos-1,3,3,MY679,0,0,0,0,0,0,0
A13,T2_pos-1_4,T2,pos-1,4,3,MY679,0,0,0,0,0,0,0
A6,T2_ctrl_A,T2,ctrl,A,3,MY679,0,0,0,0,0,0,0
A7,T2_ctrl_B,T2,ctrl,B,3,MY679,0,0,0,0,0,0,0
A10,T2_pos-1_1,T2,pos-1,1,5,MY679,0,0,0,0,0,0,0
A11,T2_pos-1_2,T2,pos-1,2,5,MY679,0,0,0,0,0,0,0
A12,T2_pos-1_3,T2,pos-1,3,5,MY679,0,0,0,0,0,0,0
A13,T2_pos-1_4,T2,pos-1,4,5,MY679,0,0,0,0,0,0,0
A6,T2_ctrl_A,T2,ctrl,A,5,MY679,0,0,0,0,0,0,0
A7,T2_ctrl_B,T2,ctrl,B,5,MY679,0,0,0,0,0,0,0
A10,T2_pos-1_1,T2,pos-1,1,10,MY679,0,0,0,0,0,0,0
A11,T2_pos-1_2,T2,pos-1,2,10,MY679,0,0,0,0,0,0,0
A12,T2_pos-1_3,T2,pos-1,3,10,MY679,0,0,0,0,0,0,0
A13,T2_pos-1_4,T2,pos-1,4,10,MY679,0,0,0,0,0,0,0
A6,T2_ctrl_A,T2,ctrl,A,10,MY679,0,0,0,0,0,0,0
A7,T2_ctrl_B,T2,ctrl,B,10,MY679,0,0,0,0,0,0,0
A10,T2_pos-1_1,T2,pos-1,1,3,MY772,5.08534012982246e-05,0.00983743966489685,0.0019468153861446,-0.00978658626359862,-0.00189596198484637,-7.59579480099398,-5.25862800043711
A11,T2_pos-1_2,T2,pos-1,2,3,MY772,0.00426849051618055,0.00983743966489685,0.0019468153861446,-0.0055689491487163,0.00232167513003595,-1.20455690842682,1.13260989213005
A12,T2_pos-1_3,T2,pos-1,3,3,MY772,0,0.00983743966489685,0.0019468153861446,-0.00983743966489685,-0.0019468153861446,-68.4263212979883,-66.0891544974314
A13,T2_pos-1_4,T2,pos-1,4,3,MY772,0,0.00983743966489685,0.0019468153861446,-0.00983743966489685,-0.0019468153861446,-68.4263212979883,-66.0891544974314
A6,T2_ctrl_A,T2,ctrl,A,3,MY772,0,0.00983743966489685,0.0019468153861446,-0.00983743966489685,-0.0019468153861446,-68.4263212979883,-66.0891544974314
A7,T2_ctrl_B,T2,ctrl,B,3,MY772,0.00389363077228919,0.00983743966489685,0.0019468153861446,-0.00594380889260766,0.0019468153861446,-1.33716680055687,1
A10,T2_pos-1_1,T2,pos-1,1,5,MY772,0,0.0100540977136448,0.0020428726151205,-0.0100540977136448,-0.0020428726151205,-68.4577501260443,-66.1586376622221
A11,T2_pos-1_2,T2,pos-1,2,5,MY772,0.00367952554985792,0.0100540977136448,0.0020428726151205,-0.00637457216378693,0.00163665293473741,-1.45019195792387,0.848920505898344
A12,T2_pos-1_3,T2,pos-1,3,5,MY772,0,0.0100540977136448,0.0020428726151205,-0.0100540977136448,-0.0020428726151205,-68.4577501260443,-66.1586376622221
A13,T2_pos-1_4,T2,pos-1,4,5,MY772,0,0.0100540977136448,0.0020428726151205,-0.0100540977136448,-0.0020428726151205,-68.4577501260443,-66.1586376622221
A6,T2_ctrl_A,T2,ctrl,A,5,MY772,0,0.0100540977136448,0.0020428726151205,-0.0100540977136448,-0.0020428726151205,-68.4577501260443,-66.1586376622221
A7,T2_ctrl_B,T2,ctrl,B,5,MY772,0.004085745230241,0.0100540977136448,0.0020428726151205,-0.00596835248340384,0.0020428726151205,-1.29911246382221,1
A10,T2_pos-1_1,T2,pos-1,1,10,MY772,0,0.00961562555998463,0.00158882153378506,-0.00961562555998463,-0.00158882153378506,-68.3934191331599,-65.7959954970949
A11,T2_pos-1_2,T2,pos-1,2,10,MY772,0.00319541887203343,0.00961562555998463,0.00158882153378506,-0.00642020668795119,0.00160659733824837,-1.58937565796781,1.00804797809716
A12,T2_pos-1_3,T2,pos-1,3,10,MY772,0,0.00961562555998463,0.00158882153378506,-0.00961562555998463,-0.00158882153378506,-68.3934191331599,-65.7959954970949
A13,T2_pos-1_4,T2,pos-1,4,10,MY772,0,0.00961562555998463,0.00158882153378506,-0.00961562555998463,-0.00158882153378506,-68.3934191331599,-65.7959954970949
A6,T2_ctrl_A,T2,ctrl,A,10,MY772,0,0.00961562555998463,0.00158882153378506,-0.00961562555998463,-0.00158882153378506,-68.3934191331599,-65.7959954970949
A7,T2_ctrl_B,T2,ctrl,B,10,MY772,0.00317764306757013,0.00961562555998463,0.00158882153378506,-0.0064379824924145,0.00158882153378506,-1.59742363606497,1
A10,T2_pos-1_1,T2,pos-1,1,3,MY795,0,0,0.00656581978554312,0,-0.00656581978554312,0,-67.8430135679715
A11,T2_pos-1_2,T2,pos-1,2,3,MY795,0,0,0.00656581978554312,0,-0.00656581978554312,0,-67.8430135679715
A12,T2_pos-1_3,T2,pos-1,3,3,MY795,0,0,0.00656581978554312,0,-0.00656581978554312,0,-67.8430135679715
A13,T2_pos-1_4,T2,pos-1,4,3,MY795,0.00193852714539612,0,0.00656581978554312,0.00193852714539612,-0.004627292640147,66.082999353134,-1.76001421483749
A6,T2_ctrl_A,T2,ctrl,A,3,MY795,0.00496346463507782,0,0.00656581978554312,0.00496346463507782,-0.00160235515046529,67.4393859288329,-0.403627639138636
A7,T2_ctrl_B,T2,ctrl,B,3,MY795,0.00816817493600841,0,0.00656581978554312,0.00816817493600841,0.00160235515046529,68.158052180125,0.315038612153467
A10,T2_pos-1_1,T2,pos-1,1,5,MY795,0,0,0.00587338261588685,0,-0.00587338261588685,0,-67.6822300395794
A11,T2_pos-1_2,T2,pos-1,2,5,MY795,0,0,0.00587338261588685,0,-0.00587338261588685,0,-67.6822300395794
A12,T2_pos-1_3,T2,pos-1,3,5,MY795,0,0,0.00587338261588685,0,-0.00587338261588685,0,-67.6822300395794
A13,T2_pos-1_4,T2,pos-1,4,5,MY795,0.00185540577267139,0,0.00587338261588685,0.00185540577267139,-0.00401797684321546,66.0197731508989,-1.66245688868048
A6,T2_ctrl_A,T2,ctrl,A,5,MY795,0.00383012085002441,0,0.00587338261588685,0.00383012085002441,-0.00204326176586244,67.0654283292506,-0.616801710328763
A7,T2_ctrl_B,T2,ctrl,B,5,MY795,0.00791664438174928,0,0.00587338261588685,0.00791664438174928,0.00204326176586244,68.1129274622041,0.430697422624751
A10,T2_pos-1_1,T2,pos-1,1,10,MY795,0,0,0.00467850482749914,0,-0.00467850482749914,0,-67.3540859577695
A11,T2_pos-1_2,T2,pos-1,2,10,MY795,0,0,0.00467850482749914,0,-0.00467850482749914,0,-67.3540859577695
A12,T2_pos-1_3,T2,pos-1,3,10,MY795,0,0,0.00467850482749914,0,-0.00467850482749914,0,-67.3540859577695
A13,T2_pos-1_4,T2,pos-1,4,10,MY795,0.00143566378707178,0,0.00467850482749914,0.00143566378707178,-0.00324284104042736,65.6497563448592,-1.70432961291028
A6,T2_ctrl_A,T2,ctrl,A,10,MY795,0.00159609157824636,0,0.00467850482749914,0.00159609157824636,-0.00308241324925278,65.8025818465112,-1.55150411125832
A7,T2_ctrl_B,T2,ctrl,B,10,MY795,0.00776091807675193,0,0.00467850482749914,0.00776091807675193,0.00308241324925279,68.0842657416174,0.730179783847899
A10,T2_pos-1_1,T2,pos-1,1,3,MY920,0,0,0,0,0,0,0
A11,T2_pos-1_2,T2,pos-1,2,3,MY920,0,0,0,0,0,0,0
A12,T2_pos-1_3,T2,pos-1,3,3,MY920,0,0,0,0,0,0,0
A13,T2_pos-1_4,T2,pos-1,4,3,MY920,0,0,0,0,0,0,0
A6,T2_ctrl_A,T2,ctrl,A,3,MY920,0,0,0,0,0,0,0
A7,T2_ctrl_B,T2,ctrl,B,3,MY920,0,0,0,0,0,0,0
A10,T2_pos-1_1,T2,pos-1,1,5,MY920,0,0,0,0,0,0,0
A11,T2_pos-1_2,T2,pos-1,2,5,MY920,0,0,0,0,0,0,0
A12,T2_pos-1_3,T2,pos-1,3,5,MY920,0,0,0,0,0,0,0
A13,T2_pos-1_4,T2,pos-1,4,5,MY920,0,0,0,0,0,0,0
A6,T2_ctrl_A,T2,ctrl,A,5,MY920,0,0,0,0,0,0,0
A7,T2_ctrl_B,T2,ctrl,B,5,MY920,0,0,0,0,0,0,0
A10,T2_pos-1_1,T2,pos-1,1,10,MY920,0,0,0,0,0,0,0
A11,T2_pos-1_2,T2,pos-1,2,10,MY920,0,0,0,0,0,0,0
A12,T2_pos-1_3,T2,pos-1,3,10,MY920,0,0,0,0,0,0,0
A13,T2_pos-1_4,T2,pos-1,4,10,MY920,0,0,0,0,0,0,0
A6,T2_ctrl_A,T2,ctrl,A,10,MY920,0,0,0,0,0,0,0
A7,T2_ctrl_B,T2,ctrl,B,10,MY920,0,0,0,0,0,0,0
A10,T2_pos-1_1,T2,pos-1,1,3,NIC1,0,0.00273023826913362,0,-0.00273023826913362,0,-66.5770652769863,0
A11,T2_pos-1_2,T2,pos-1,2,3,NIC1,0,0.00273023826913362,0,-0.00273023826913362,0,-66.5770652769863,0
A12,T2_pos-1_3,T2,pos-1,3,3,NIC1,0,0.00273023826913362,0,-0.00273023826913362,0,-66.5770652769863,0
A13,T2_pos-1_4,T2,pos-1,4,3,NIC1,0.00116187025909349,0.00273023826913362,0,-0.00156836801004013,0.00116187025909349,-1.23257788292057,65.3444873940657
A6,T2_ctrl_A,T2,ctrl,A,3,NIC1,0,0.00273023826913362,0,-0.00273023826913362,0,-66.5770652769863,0
A7,T2_ctrl_B,T2,ctrl,B,3,NIC1,0,0.00273023826913362,0,-0.00273023826913362,0,-66.5770652769863,0
A10,T2_pos-1_1,T2,pos-1,1,5,NIC1,0,0.00335910311444273,0,-0.00335910311444273,0,-66.8761144983808,0
A11,T2_pos-1_2,T2,pos-1,2,5,NIC1,0,0.00335910311444273,0,-0.00335910311444273,0,-66.8761144983808,0
A12,T2_pos-1_3,T2,pos-1,3,5,NIC1,0,0.00335910311444273,0,-0.00335910311444273,0,-66.8761144983808,0
A13,T2_pos-1_4,T2,pos-1,4,5,NIC1,0.00129337495235683,0.00335910311444273,0,-0.0020657281620859,0.00129337495235683,-1.37693550630885,65.4991789920719
A6,T2_ctrl_A,T2,ctrl,A,5,NIC1,0,0.00335910311444273,0,-0.00335910311444273,0,-66.8761144983808,0
A7,T2_ctrl_B,T2,ctrl,B,5,NIC1,0,0.00335910311444273,0,-0.00335910311444273,0,-66.8761144983808,0
A10,T2_pos-1_1,T2,pos-1,1,10,NIC1,0,0.0026440007666487,0,-0.0026440007666487,0,-66.530761010862,0
A11,T2_pos-1_2,T2,pos-1,2,10,NIC1,0,0.0026440007666487,0,-0.0026440007666487,0,-66.530761010862,0
A12,T2_pos-1_3,T2,pos-1,3,10,NIC1,0.000706303229645395,0.0026440007666487,0,-0.0019376975370033,0.000706303229645395,-1.9043629966628,64.6263980141992
A13,T2_pos-1_4,T2,pos-1,4,10,NIC1,0.00188032923707412,0.0026440007666487,0,-0.000763671529574577,0.00188032923707412,-0.491737301823298,66.0390237090387
A6,T2_ctrl_A,T2,ctrl,A,10,NIC1,0,0.0026440007666487,0,-0.0026440007666487,0,-66.530761010862,0
A7,T2_ctrl_B,T2,ctrl,B,10,NIC1,0,0.0026440007666487,0,-0.0026440007666487,0,-66.530761010862,0
A10,T2_pos-1_1,T2,pos-1,1,3,NIC1049,0,0.000160272769193656,0.00507979480263588,-0.000160272769193656,-0.00507979480263588,-62.4866396490676,-67.4728086364728
A11,T2_pos-1_2,T2,pos-1,2,3,NIC1049,0,0.000160272769193656,0.00507979480263588,-0.000160272769193656,-0.00507979480263588,-62.4866396490676,-67.4728086364728
A12,T2_pos-1_3,T2,pos-1,3,3,NIC1049,0,0.000160272769193656,0.00507979480263588,-0.000160272769193656,-0.00507979480263588,-62.4866396490676,-67.4728086364728
A13,T2_pos-1_4,T2,pos-1,4,3,NIC1049,0.00387171798892129,0.000160272769193656,0.00507979480263588,0.00371144521972763,-0.00120807681371459,4.59437263897144,-0.391796348433776
A6,T2_ctrl_A,T2,ctrl,A,3,NIC1049,0.0101595896052718,0.000160272769193656,0.00507979480263588,0.0099993168360781,0.00507979480263588,5.98616898740521,1
A7,T2_ctrl_B,T2,ctrl,B,3,NIC1049,0,0.000160272769193656,0.00507979480263588,-0.000160272769193656,-0.00507979480263588,-62.4866396490676,-67.4728086364728
A10,T2_pos-1_1,T2,pos-1,1,5,NIC1049,0,0.000505006293308641,0.00556012538454634,-0.000505006293308641,-0.00556012538454634,-64.1424116874223,-67.6031558327493
A11,T2_pos-1_2,T2,pos-1,2,5,NIC1049,0,0.000505006293308641,0.00556012538454634,-0.000505006293308641,-0.00556012538454634,-64.1424116874223,-67.6031558327493
A12,T2_pos-1_3,T2,pos-1,3,5,NIC1049,0,0.000505006293308641,0.00556012538454634,-0.000505006293308641,-0.00556012538454634,-64.1424116874223,-67.6031558327493
A13,T2_pos-1_4,T2,pos-1,4,5,NIC1049,0.00379721878977361,0.000505006293308641,0.00556012538454634,0.00329221249646497,-0.00176290659477273,2.91056985544401,-0.550174289882975
A6,T2_ctrl_A,T2,ctrl,A,5,NIC1049,0.0111202507690927,0.000505006293308641,0.00556012538454634,0.010615244475784,0.00556012538454634,4.46074414532698,1
A7,T2_ctrl_B,T2,ctrl,B,5,NIC1049,0,0.000505006293308641,0.00556012538454634,-0.000505006293308641,-0.00556012538454634,-64.1424116874223,-67.6031558327493
A10,T2_pos-1_1,T2,pos-1,1,10,NIC1049,0,0,0.00474420402541756,0,-0.00474420402541756,0,-67.3742044702947
A11,T2_pos-1_2,T2,pos-1,2,10,NIC1049,0,0,0.00474420402541756,0,-0.00474420402541756,0,-67.3742044702947
A12,T2_pos-1_3,T2,pos-1,3,10,NIC1049,0,0,0.00474420402541756,0,-0.00474420402541756,0,-67.3742044702947
A13,T2_pos-1_4,T2,pos-1,4,10,NIC1049,0.000243788160163598,0,0.00474420402541756,0.000243788160163598,-0.00450041586525397,63.0917383824184,-4.28246608787633
A6,T2_ctrl_A,T2,ctrl,A,10,NIC1049,0.00948840805083512,0,0.00474420402541756,0.00948840805083512,0.00474420402541756,68.3742044702947,1
A7,T2_ctrl_B,T2,ctrl,B,10,NIC1049,0,0,0.00474420402541756,0,-0.00474420402541756,0,-67.3742044702947
A10,T2_pos-1_1,T2,pos-1,1,3,NIC1107,0,0,0,0,0,0,0
A11,T2_pos-1_2,T2,pos-1,2,3,NIC1107,0,0,0,0,0,0,0
A12,T2_pos-1_3,T2,pos-1,3,3,NIC1107,0,0,0,0,0,0,0
A13,T2_pos-1_4,T2,pos-1,4,3,NIC1107,0,0,0,0,0,0,0
A6,T2_ctrl_A,T2,ctrl,A,3,NIC1107,0,0,0,0,0,0,0
A7,T2_ctrl_B,T2,ctrl,B,3,NIC1107,0,0,0,0,0,0,0
A10,T2_pos-1_1,T2,pos-1,1,5,NIC1107,0,0,0,0,0,0,0
A11,T2_pos-1_2,T2,pos-1,2,5,NIC1107,0,0,0,0,0,0,0
A12,T2_pos-1_3,T2,pos-1,3,5,NIC1107,0,0,0,0,0,0,0
A13,T2_pos-1_4,T2,pos-1,4,5,NIC1107,0,0,0,0,0,0,0
A6,T2_ctrl_A,T2,ctrl,A,5,NIC1107,0,0,0,0,0,0,0
A7,T2_ctrl_B,T2,ctrl,B,5,NIC1107,0,0,0,0,0,0,0
A10,T2_pos-1_1,T2,pos-1,1,10,NIC1107,0,0,0,0,0,0,0
A11,T2_pos-1_2,T2,pos-1,2,10,NIC1107,0,0,0,0,0,0,0
A12,T2_pos-1_3,T2,pos-1,3,10,NIC1107,0,0,0,0,0,0,0
A13,T2_pos-1_4,T2,pos-1,4,10,NIC1107,8.61021179349193e-05,0,0,8.61021179349193e-05,8.61021179349193e-05,61.5902309513087,61.5902309513087
A6,T2_ctrl_A,T2,ctrl,A,10,NIC1107,0,0,0,0,0,0,0
A7,T2_ctrl_B,T2,ctrl,B,10,NIC1107,0,0,0,0,0,0,0
A10,T2_pos-1_1,T2,pos-1,1,3,NIC1119,0,0.000676993520607079,0.000670859244180445,-0.000676993520607079,-0.000670859244180445,-64.5652523468791,-64.5521204210271
A11,T2_pos-1_2,T2,pos-1,2,3,NIC1119,0,0.000676993520607079,0.000670859244180445,-0.000676993520607079,-0.000670859244180445,-64.5652523468791,-64.5521204210271
A12,T2_pos-1_3,T2,pos-1,3,3,NIC1119,0.00225307675107085,0.000676993520607079,0.000670859244180445,0.00157608323046378,0.00158221750689041,1.73468252864069,1.74781445449273
A13,T2_pos-1_4,T2,pos-1,4,3,NIC1119,0.00108386476375031,0.000676993520607079,0.000670859244180445,0.000406871243143226,0.000413005519569861,0.678970828425102,0.692102754277139
A6,T2_ctrl_A,T2,ctrl,A,3,NIC1119,0,0.000676993520607079,0.000670859244180445,-0.000676993520607079,-0.000670859244180445,-64.5652523468791,-64.5521204210271
A7,T2_ctrl_B,T2,ctrl,B,3,NIC1119,0.00134171848836089,0.000676993520607079,0.000670859244180445,0.00066472496775381,0.000670859244180445,0.986868074147963,1
A10,T2_pos-1_1,T2,pos-1,1,5,NIC1119,0,0.00093164483916427,0.000666004771955305,-0.00093164483916427,-0.000666004771955305,-65.0258903975438,-64.5416428351192
A11,T2_pos-1_2,T2,pos-1,2,5,NIC1119,0,0.00093164483916427,0.000666004771955305,-0.00093164483916427,-0.000666004771955305,-65.0258903975438,-64.5416428351192
A12,T2_pos-1_3,T2,pos-1,3,5,NIC1119,0.00177441756848432,0.00093164483916427,0.000666004771955305,0.000842772729320048,0.00110841279652901,0.929493572938857,1.41374113536346
A13,T2_pos-1_4,T2,pos-1,4,5,NIC1119,0.000462481809644035,0.00093164483916427,0.000666004771955305,-0.000469163029520235,-0.00020352296231127,-1.01038345413888,-0.526135891714277
A6,T2_ctrl_A,T2,ctrl,A,5,NIC1119,0,0.00093164483916427,0.000666004771955305,-0.00093164483916427,-0.000666004771955305,-65.0258903975438,-64.5416428351192
A7,T2_ctrl_B,T2,ctrl,B,5,NIC1119,0.00133200954391061,0.00093164483916427,0.000666004771955305,0.00040036470474634,0.000666004771955305,0.515752437575394,1
A10,T2_pos-1_1,T2,pos-1,1,10,NIC1119,0,0.00115843035309984,0.00102457872015289,-0.00115843035309984,-0.00102457872015289,-65.3402097251051,-65.1630692490552
A11,T2_pos-1_2,T2,pos-1,2,10,NIC1119,0,0.00115843035309984,0.00102457872015289,-0.00115843035309984,-0.00102457872015289,-65.3402097251051,-65.1630692490552
A12,T2_pos-1_3,T2,pos-1,3,10,NIC1119,0.00152935601066907,0.00115843035309984,0.00102457872015289,0.000370925657569232,0.000504777290516183,0.40075297370598,0.577893449755901
A13,T2_pos-1_4,T2,pos-1,4,10,NIC1119,0.000434205226975747,0.00115843035309984,0.00102457872015289,-0.000724225126124092,-0.000590373493177141,-1.41572231103247,-1.23858183498255
A6,T2_ctrl_A,T2,ctrl,A,10,NIC1119,0,0.00115843035309984,0.00102457872015289,-0.00115843035309984,-0.00102457872015289,-65.3402097251051,-65.1630692490552
A7,T2_ctrl_B,T2,ctrl,B,10,NIC1119,0.00204915744030578,0.00115843035309984,0.00102457872015289,0.000890727087205938,0.00102457872015289,0.822859523950079,1
A10,T2_pos-1_1,T2,pos-1,1,3,NIC166,0,0,0,0,0,0,0
A11,T2_pos-1_2,T2,pos-1,2,3,NIC166,0,0,0,0,0,0,0
A12,T2_pos-1_3,T2,pos-1,3,3,NIC166,0.00138491038834586,0,0,0.00138491038834586,0.00138491038834586,65.5978310443371,65.5978310443371
A13,T2_pos-1_4,T2,pos-1,4,3,NIC166,0,0,0,0,0,0,0
A6,T2_ctrl_A,T2,ctrl,A,3,NIC166,0,0,0,0,0,0,0
A7,T2_ctrl_B,T2,ctrl,B,3,NIC166,0,0,0,0,0,0,0
A10,T2_pos-1_1,T2,pos-1,1,5,NIC166,0,0,0,0,0,0,0
A11,T2_pos-1_2,T2,pos-1,2,5,NIC166,0,0,0,0,0,0,0
A12,T2_pos-1_3,T2,pos-1,3,5,NIC166,0.00198655701765356,0,0,0.00198655701765356,0.00198655701765356,66.1183086175815,66.1183086175815
A13,T2_pos-1_4,T2,pos-1,4,5,NIC166,0,0,0,0,0,0,0
A6,T2_ctrl_A,T2,ctrl,A,5,NIC166,0,0,0,0,0,0,0
A7,T2_ctrl_B,T2,ctrl,B,5,NIC166,0,0,0,0,0,0,0
A10,T2_pos-1_1,T2,pos-1,1,10,NIC166,0,0,9.70142986550987e-05,0,-9.70142986550987e-05,0,-61.7623796235148
A11,T2_pos-1_2,T2,pos-1,2,10,NIC166,0,0,9.70142986550987e-05,0,-9.70142986550987e-05,0,-61.7623796235148
A12,T2_pos-1_3,T2,pos-1,3,10,NIC166,0.00209246147633566,0,9.70142986550987e-05,0.00209246147633566,0.00199544717768056,66.1932394777013,4.43085985418648
A13,T2_pos-1_4,T2,pos-1,4,10,NIC166,0,0,9.70142986550987e-05,0,-9.70142986550987e-05,0,-61.7623796235148
A6,T2_ctrl_A,T2,ctrl,A,10,NIC166,0.000194028597310197,0,9.70142986550987e-05,0.000194028597310197,9.70142986550987e-05,62.7623796235148,1
A7,T2_ctrl_B,T2,ctrl,B,10,NIC166,0,0,9.70142986550987e-05,0,-9.70142986550987e-05,0,-61.7623796235148
A10,T2_pos-1_1,T2,pos-1,1,3,NIC1779,0,0,0,0,0,0,0
A11,T2_pos-1_2,T2,pos-1,2,3,NIC1779,8.33937191914281e-05,0,0,8.33937191914281e-05,8.33937191914281e-05,61.5441209569218,61.5441209569218
A12,T2_pos-1_3,T2,pos-1,3,3,NIC1779,0,0,0,0,0,0,0
A13,T2_pos-1_4,T2,pos-1,4,3,NIC1779,0,0,0,0,0,0,0
A6,T2_ctrl_A,T2,ctrl,A,3,NIC1779,0,0,0,0,0,0,0
A7,T2_ctrl_B,T2,ctrl,B,3,NIC1779,0,0,0,0,0,0,0
A10,T2_pos-1_1,T2,pos-1,1,5,NIC1779,0,0,0,0,0,0,0
A11,T2_pos-1_2,T2,pos-1,2,5,NIC1779,5.11548021336527e-05,0,0,5.11548021336527e-05,5.11548021336527e-05,60.8390519045858,60.8390519045858
A12,T2_pos-1_3,T2,pos-1,3,5,NIC1779,0,0,0,0,0,0,0
A13,T2_pos-1_4,T2,pos-1,4,5,NIC1779,0,0,0,0,0,0,0
A6,T2_ctrl_A,T2,ctrl,A,5,NIC1779,0,0,0,0,0,0,0
A7,T2_ctrl_B,T2,ctrl,B,5,NIC1779,0,0,0,0,0,0,0
A10,T2_pos-1_1,T2,pos-1,1,10,NIC1779,0,0,0,0,0,0,0
A11,T2_pos-1_2,T2,pos-1,2,10,NIC1779,0,0,0,0,0,0,0
A12,T2_pos-1_3,T2,pos-1,3,10,NIC1779,0,0,0,0,0,0,0
A13,T2_pos-1_4,T2,pos-1,4,10,NIC1779,0,0,0,0,0,0,0
A6,T2_ctrl_A,T2,ctrl,A,10,NIC1779,0,0,0,0,0,0,0
A7,T2_ctrl_B,T2,ctrl,B,10,NIC1779,0,0,0,0,0,0,0
A10,T2_pos-1_1,T2,pos-1,1,3,NIC1780,0,0.00826182352229491,0.00539531894653949,-0.00826182352229491,-0.00539531894653949,-68.1744986593526,-67.5597466634515
A11,T2_pos-1_2,T2,pos-1,2,3,NIC1780,0.000686206230349564,0.00826182352229491,0.00539531894653949,-0.00757561729194534,-0.00470911271618992,-3.58974611376562,-2.97499411786454
A12,T2_pos-1_3,T2,pos-1,3,3,NIC1780,0.00157771364268698,0.00826182352229491,0.00539531894653949,-0.00668410987960793,-0.00381760530385251,-2.38862486578637,-1.77387286988529
A13,T2_pos-1_4,T2,pos-1,4,3,NIC1780,0.000379573448583589,0.00826182352229491,0.00539531894653949,-0.00788225007371132,-0.0050157454979559,-4.44400926013817,-3.82925726423708
A6,T2_ctrl_A,T2,ctrl,A,3,NIC1780,0.0061206043298236,0.00826182352229491,0.00539531894653949,-0.00214121919247131,0.000725285383284113,-0.432786136393365,0.181965859507722
A7,T2_ctrl_B,T2,ctrl,B,3,NIC1780,0.00467003356325537,0.00826182352229491,0.00539531894653949,-0.00359178995903953,-0.000725285383284113,-0.823027325120734,-0.208275329219647
A10,T2_pos-1_1,T2,pos-1,1,5,NIC1780,0,0.00833417461760914,0.00528573721941311,-0.00833417461760914,-0.00528573721941311,-68.1870777433962,-67.53014311883
A11,T2_pos-1_2,T2,pos-1,2,5,NIC1780,0.00101538360110443,0.00833417461760914,0.00528573721941311,-0.00731879101650472,-0.00427035361830868,-3.03701446249716,-2.38007983793094
A12,T2_pos-1_3,T2,pos-1,3,5,NIC1780,0.00170485258284119,0.00833417461760914,0.00528573721941311,-0.00662932203476795,-0.00358088463657192,-2.28939233167622,-1.63245770711
A13,T2_pos-1_4,T2,pos-1,4,5,NIC1780,0.000699011835520302,0.00833417461760914,0.00528573721941311,-0.00763516278208884,-0.00458672538389281,-3.57565053937368,-2.91871591480746
A6,T2_ctrl_A,T2,ctrl,A,5,NIC1780,0.00607766259911167,0.00833417461760914,0.00528573721941311,-0.00225651201849747,0.000791925379698561,-0.455522741701789,0.20141188286443
A7,T2_ctrl_B,T2,ctrl,B,5,NIC1780,0.00449381183971455,0.00833417461760914,0.00528573721941311,-0.00384036277789459,-0.000791925379698561,-0.891099608966882,-0.234164984400664
A10,T2_pos-1_1,T2,pos-1,1,10,NIC1780,0,0.0078142551590458,0.00506730518485563,-0.0078142551590458,-0.00506730518485563,-68.0941467803392,-67.4692571353038
A11,T2_pos-1_2,T2,pos-1,2,10,NIC1780,0.00146921259778978,0.0078142551590458,0.00506730518485563,-0.00634504256125602,-0.00359809258706586,-2.41106519299391,-1.78617554795849
A12,T2_pos-1_3,T2,pos-1,3,10,NIC1780,0.00154132268139618,0.0078142551590458,0.00506730518485563,-0.00627293247764962,-0.00352598250345945,-2.34193943782251,-1.71704979278709
A13,T2_pos-1_4,T2,pos-1,4,10,NIC1780,0.000558807023509446,0.0078142551590458,0.00506730518485563,-0.00725544813553635,-0.00450849816134619,-3.80568630578692,-3.18079666075151
A6,T2_ctrl_A,T2,ctrl,A,10,NIC1780,0.00592448800967213,0.0078142551590458,0.00506730518485563,-0.00188976714937367,0.000857182824816493,-0.39941788199525,0.225471763040168
A7,T2_ctrl_B,T2,ctrl,B,10,NIC1780,0.00421012236003914,0.0078142551590458,0.00506730518485563,-0.00360413279900666,-0.000857182824816493,-0.892246201267333,-0.267356556231916
A10,T2_pos-1_1,T2,pos-1,1,3,NIC1783,0,0,0.000248647750482583,0,-0.000248647750482583,0,-63.1202136999388
A11,T2_pos-1_2,T2,pos-1,2,3,NIC1783,0,0,0.000248647750482583,0,-0.000248647750482583,0,-63.1202136999388
A12,T2_pos-1_3,T2,pos-1,3,3,NIC1783,0,0,0.000248647750482583,0,-0.000248647750482583,0,-63.1202136999388
A13,T2_pos-1_4,T2,pos-1,4,3,NIC1783,0.00275127075811421,0,0.000248647750482583,0.00275127075811421,0.00250262300763163,66.5881365408703,3.46792284093145
A6,T2_ctrl_A,T2,ctrl,A,3,NIC1783,0.000497295500965166,0,0.000248647750482583,0.000497295500965166,0.000248647750482583,64.1202136999388,1
A7,T2_ctrl_B,T2,ctrl,B,3,NIC1783,0,0,0.000248647750482583,0,-0.000248647750482583,0,-63.1202136999388
A10,T2_pos-1_1,T2,pos-1,1,5,NIC1783,0,0,0.00025714588742231,0,-0.00025714588742231,0,-63.1686974014172
A11,T2_pos-1_2,T2,pos-1,2,5,NIC1783,0,0,0.00025714588742231,0,-0.00025714588742231,0,-63.1686974014172
A12,T2_pos-1_3,T2,pos-1,3,5,NIC1783,0.000107664343384906,0,0.00025714588742231,0.000107664343384906,-0.000149481544037404,61.9126508535211,-1.2560465478961
A13,T2_pos-1_4,T2,pos-1,4,5,NIC1783,0.00279871584369333,0,0.00025714588742231,0.00279871584369333,0.00254156995627102,66.6128034318293,3.44410603041212
A6,T2_ctrl_A,T2,ctrl,A,5,NIC1783,0.000514291774844619,0,0.00025714588742231,0.000514291774844619,0.00025714588742231,64.1686974014172,1
A7,T2_ctrl_B,T2,ctrl,B,5,NIC1783,0,0,0.00025714588742231,0,-0.00025714588742231,0,-63.1686974014172
A10,T2_pos-1_1,T2,pos-1,1,10,NIC1783,0,0,0.000432738836177923,0,-0.000432738836177923,0,-63.9196069221483
A11,T2_pos-1_2,T2,pos-1,2,10,NIC1783,0,0,0.000432738836177923,0,-0.000432738836177923,0,-63.9196069221483
A12,T2_pos-1_3,T2,pos-1,3,10,NIC1783,0,0,0.000432738836177923,0,-0.000432738836177923,0,-63.9196069221483
A13,T2_pos-1_4,T2,pos-1,4,10,NIC1783,0.00284715432900648,0,0.000432738836177923,0.00284715432900648,0.00241441549282856,66.6375591116763,2.71795218952805
A6,T2_ctrl_A,T2,ctrl,A,10,NIC1783,0.000865477672355846,0,0.000432738836177923,0.000865477672355846,0.000432738836177923,64.9196069221483,1
A7,T2_ctrl_B,T2,ctrl,B,10,NIC1783,0,0,0.000432738836177923,0,-0.000432738836177923,0,-63.9196069221483
A10,T2_pos-1_1,T2,pos-1,1,3,NIC1785,0,0.00257377814775639,0.00195818883125101,-0.00257377814775639,-0.00195818883125101,-66.4919261184672,-66.0975583087137
A11,T2_pos-1_2,T2,pos-1,2,3,NIC1785,0,0.00257377814775639,0.00195818883125101,-0.00257377814775639,-0.00195818883125101,-66.4919261184672,-66.0975583087137
A12,T2_pos-1_3,T2,pos-1,3,3,NIC1785,0.00200653918330089,0.00257377814775639,0.00195818883125101,-0.000567238964455502,4.83503520498857e-05,-0.359178373714843,0.0351894360387388
A13,T2_pos-1_4,T2,pos-1,4,3,NIC1785,0.00392311899450011,0.00257377814775639,0.00195818883125101,0.00134934084674372,0.0019649301632491,0.608113392564735,1.00248120231832
A6,T2_ctrl_A,T2,ctrl,A,3,NIC1785,0.00125094219253528,0.00257377814775639,0.00195818883125101,-0.00132283595522111,-0.000707246638715724,-1.04087258030999,-0.646504770556409
A7,T2_ctrl_B,T2,ctrl,B,3,NIC1785,0.00266543546996673,0.00257377814775639,0.00195818883125101,9.16573222103367e-05,0.000707246638715724,0.0504835521782414,0.444851361931823
A10,T2_pos-1_1,T2,pos-1,1,5,NIC1785,0,0.00253893389233528,0.00200123696238447,-0.00253893389233528,-0.00200123696238447,-66.4722612468993,-66.1289304196291
A11,T2_pos-1_2,T2,pos-1,2,5,NIC1785,0,0.00253893389233528,0.00200123696238447,-0.00253893389233528,-0.00200123696238447,-66.4722612468993,-66.1289304196291
A12,T2_pos-1_3,T2,pos-1,3,5,NIC1785,0.00195802508556118,0.00253893389233528,0.00200123696238447,-0.000580908806774094,-4.32118768232824e-05,-0.374823582818367,-0.0314927555481457
A13,T2_pos-1_4,T2,pos-1,4,5,NIC1785,0.00358362073059109,0.00253893389233528,0.00200123696238447,0.00104468683825581,0.00158238376820662,0.497195127885694,0.840525955155916
A6,T2_ctrl_A,T2,ctrl,A,5,NIC1785,0.00122468073727665,0.00253893389233528,0.00200123696238447,-0.00131425315505863,-0.000776556225107816,-1.05181712995906,-0.708486302688834
A7,T2_ctrl_B,T2,ctrl,B,5,NIC1785,0.00277779318749228,0.00253893389233528,0.00200123696238447,0.000238859295157004,0.000776556225107816,0.129716360453208,0.473047187723429
A10,T2_pos-1_1,T2,pos-1,1,10,NIC1785,0,0.00302400265231957,0.00211530977342396,-0.00302400265231957,-0.00211530977342396,-66.7244978206271,-66.2089073678623
A11,T2_pos-1_2,T2,pos-1,2,10,NIC1785,0,0.00302400265231957,0.00211530977342396,-0.00302400265231957,-0.00211530977342396,-66.7244978206271,-66.2089073678623
A12,T2_pos-1_3,T2,pos-1,3,10,NIC1785,0.0019791287142805,0.00302400265231957,0.00211530977342396,-0.00104487393803907,-0.000136181059143462,-0.611593962624132,-0.0960035098593359
A13,T2_pos-1_4,T2,pos-1,4,10,NIC1785,0.00384179170527396,0.00302400265231957,0.00211530977342396,0.000817789052954386,0.00172648193184999,0.345319895978564,0.86091034874336
A6,T2_ctrl_A,T2,ctrl,A,10,NIC1785,0.00115534512803797,0.00302400265231957,0.00211530977342396,-0.0018686575242816,-0.000959964645385992,-1.38813552287271,-0.872545070107912
A7,T2_ctrl_B,T2,ctrl,B,10,NIC1785,0.00307527441880995,0.00302400265231957,0.00211530977342396,5.12717664903841e-05,0.000959964645385991,0.0242557486070821,0.539846201371879
A10,T2_pos-1_1,T2,pos-1,1,3,NIC1786,0.00261028275847277,0,0.000539228395036803,0.00261028275847277,0.00207105436343597,66.5122445106712,2.2752377209764
A11,T2_pos-1_2,T2,pos-1,2,3,NIC1786,0,0,0.000539228395036803,0,-0.000539228395036803,0,-64.2370067896948
A12,T2_pos-1_3,T2,pos-1,3,3,NIC1786,0,0,0.000539228395036803,0,-0.000539228395036803,0,-64.2370067896948
A13,T2_pos-1_4,T2,pos-1,4,3,NIC1786,0,0,0.000539228395036803,0,-0.000539228395036803,0,-64.2370067896948
A6,T2_ctrl_A,T2,ctrl,A,3,NIC1786,0.00107845679007361,0,0.000539228395036803,0.00107845679007361,0.000539228395036803,65.2370067896948,1
A7,T2_ctrl_B,T2,ctrl,B,3,NIC1786,0,0,0.000539228395036803,0,-0.000539228395036803,0,-64.2370067896948
A10,T2_pos-1_1,T2,pos-1,1,5,NIC1786,0.00290722033399808,0,0.000265038906924653,0.00290722033399808,0.00264218142707343,66.6676788310708,3.45536435169192
A11,T2_pos-1_2,T2,pos-1,2,5,NIC1786,0,0,0.000265038906924653,0,-0.000265038906924653,0,-63.2123144793789
A12,T2_pos-1_3,T2,pos-1,3,5,NIC1786,0,0,0.000265038906924653,0,-0.000265038906924653,0,-63.2123144793789
A13,T2_pos-1_4,T2,pos-1,4,5,NIC1786,0,0,0.000265038906924653,0,-0.000265038906924653,0,-63.2123144793789
A6,T2_ctrl_A,T2,ctrl,A,5,NIC1786,0.000530077813849306,0,0.000265038906924653,0.000530077813849306,0.000265038906924653,64.2123144793789,1
A7,T2_ctrl_B,T2,ctrl,B,5,NIC1786,0,0,0.000265038906924653,0,-0.000265038906924653,0,-63.2123144793789
A10,T2_pos-1_1,T2,pos-1,1,10,NIC1786,0.00190870754261639,0,0,0.00190870754261639,0.00190870754261639,66.0606344816958,66.0606344816958
A11,T2_pos-1_2,T2,pos-1,2,10,NIC1786,0,0,0,0,0,0,0
A12,T2_pos-1_3,T2,pos-1,3,10,NIC1786,0,0,0,0,0,0,0
A13,T2_pos-1_4,T2,pos-1,4,10,NIC1786,0,0,0,0,0,0,0
A6,T2_ctrl_A,T2,ctrl,A,10,NIC1786,0,0,0,0,0,0,0
A7,T2_ctrl_B,T2,ctrl,B,10,NIC1786,0,0,0,0,0,0,0
A10,T2_pos-1_1,T2,pos-1,1,3,NIC1787,0.00309109146183077,0.00112180662671415,0.000894858264645086,0.00196928483511662,0.00219623319718568,1.46229233209237,1.78838524338509
A11,T2_pos-1_2,T2,pos-1,2,3,NIC1787,0.00141131078050184,0.00112180662671415,0.000894858264645086,0.000289504153787685,0.00051645251585675,0.331211704037258,0.657304615329971
A12,T2_pos-1_3,T2,pos-1,3,3,NIC1787,0.00076954779192811,0.00112180662671415,0.000894858264645086,-0.00035225883478604,-0.000125310472716976,-0.543741178963604,-0.217648267670891
A13,T2_pos-1_4,T2,pos-1,4,3,NIC1787,0.00167753526653662,0.00112180662671415,0.000894858264645086,0.000555728639822467,0.000782677001891532,0.580519085857624,0.906611997150337
A6,T2_ctrl_A,T2,ctrl,A,3,NIC1787,0.000407856526116594,0.00112180662671415,0.000894858264645086,-0.000713950100597557,-0.000487001738528492,-1.45969036845763,-1.13359745716492
A7,T2_ctrl_B,T2,ctrl,B,3,NIC1787,0.00138186000317358,0.00112180662671415,0.000894858264645086,0.000260053376459428,0.000487001738528492,0.300787452661977,0.62688036395469
A10,T2_pos-1_1,T2,pos-1,1,5,NIC1787,0.00313547594280906,0.00107815889323008,0.000901746104490508,0.00205731704957898,0.00223372983831856,1.54011464007591,1.79789125968191
A11,T2_pos-1_2,T2,pos-1,2,5,NIC1787,0.00146493796508049,0.00107815889323008,0.000901746104490508,0.000386779071850409,0.000563191860589985,0.442269762574093,0.700046382180099
A12,T2_pos-1_3,T2,pos-1,3,5,NIC1787,0.000772148750949757,0.00107815889323008,0.000901746104490508,-0.000306010142280328,-0.000129597353540751,-0.4816191023291,-0.223842482723094
A13,T2_pos-1_4,T2,pos-1,4,5,NIC1787,0.00171390631062256,0.00107815889323008,0.000901746104490508,0.000635747417392476,0.000812160206132053,0.668718437428753,0.926495057034759
A6,T2_ctrl_A,T2,ctrl,A,5,NIC1787,0.000594840837755468,0.00107815889323008,0.000901746104490508,-0.000483318055474617,-0.00030690526673504,-0.857994208753009,-0.600217589147002
A7,T2_ctrl_B,T2,ctrl,B,5,NIC1787,0.00120865137122555,0.00107815889323008,0.000901746104490508,0.000130492477995463,0.00030690526673504,0.164828356864549,0.422604976470556
A10,T2_pos-1_1,T2,pos-1,1,10,NIC1787,0.00284312491610385,0.000230435863497451,0.000448467363155951,0.0026126890526064,0.0023946575529479,3.62504031616581,2.66440258381475
A11,T2_pos-1_2,T2,pos-1,2,10,NIC1787,0.00105462910891628,0.000230435863497451,0.000448467363155951,0.000824193245418834,0.000606161745760334,2.1942985515607,1.23366081920964
A12,T2_pos-1_3,T2,pos-1,3,10,NIC1787,0.000321404194186564,0.000230435863497451,0.000448467363155951,9.09683306891137e-05,-0.000127063168969387,0.480023490019105,-0.480614242331957
A13,T2_pos-1_4,T2,pos-1,4,10,NIC1787,0.00130852107016987,0.000230435863497451,0.000448467363155951,0.00107808520667242,0.000860053707013918,2.50549998446995,1.54486225211889
A6,T2_ctrl_A,T2,ctrl,A,10,NIC1787,0.000250757426418518,0.000230435863497451,0.000448467363155951,2.03215629210675e-05,-0.000197709936737433,0.121927162582452,-0.83871056976861
A7,T2_ctrl_B,T2,ctrl,B,10,NIC1787,0.000646177299893384,0.000230435863497451,0.000448467363155951,0.000415741436395933,0.000197709936737433,1.48756480417744,0.52692707182638
A10,T2_pos-1_1,T2,pos-1,1,3,NIC1788,0.00158493784651162,0.00425266813076711,0.0089555172322587,-0.00266773028425549,-0.00737057938574708,-1.42394200843382,-2.49835049244363
A11,T2_pos-1_2,T2,pos-1,2,3,NIC1788,0.00388014167804632,0.00425266813076711,0.0089555172322587,-0.000372526452720794,-0.00507537555421239,-0.132258943081646,-1.20666742709146
A12,T2_pos-1_3,T2,pos-1,3,3,NIC1788,0.00190195707081778,0.00425266813076711,0.0089555172322587,-0.00235071105994933,-0.00705356016144092,-1.16088359107116,-2.23529207508097
A13,T2_pos-1_4,T2,pos-1,4,3,NIC1788,0.0052636936966997,0.00425266813076711,0.0089555172322587,0.00101102556593259,-0.003691823535559,0.307707264149853,-0.766701219859957
A6,T2_ctrl_A,T2,ctrl,A,3,NIC1788,0.00903520650510407,0.00425266813076711,0.0089555172322587,0.00478253837433696,7.96892728453669e-05,1.08718930064904,0.0127808166392322
A7,T2_ctrl_B,T2,ctrl,B,3,NIC1788,0.00887582795941334,0.00425266813076711,0.0089555172322587,0.00462315982864623,-7.96892728453669e-05,1.06151342949623,-0.0128950545135802
A10,T2_pos-1_1,T2,pos-1,1,5,NIC1788,0.00223251531506534,0.0041265851906841,0.00912049476701118,-0.00189406987561876,-0.00688797945194584,-0.886278351914301,-2.03044201730706
A11,T2_pos-1_2,T2,pos-1,2,5,NIC1788,0.00466277602099524,0.0041265851906841,0.00912049476701118,0.000536190830311133,-0.00445771874601594,0.176240706504897,-0.967922958887866
A12,T2_pos-1_3,T2,pos-1,3,5,NIC1788,0.00193661041022956,0.0041265851906841,0.00912049476701118,-0.00218997478045455,-0.00718388435678162,-1.09141466940205,-2.23557833479481
A13,T2_pos-1_4,T2,pos-1,4,5,NIC1788,0.00538478743145643,0.0041265851906841,0.00912049476701118,0.00125820224077232,-0.00373570733555475,0.383940970229766,-0.760222695162997
A6,T2_ctrl_A,T2,ctrl,A,5,NIC1788,0.00923248313113054,0.0041265851906841,0.00912049476701118,0.00510589794044644,0.000111988364119365,1.16177029726464,0.017606631871878
A7,T2_ctrl_B,T2,ctrl,B,5,NIC1788,0.00900850640289181,0.0041265851906841,0.00912049476701118,0.00488192121220771,-0.000111988364119365,1.12633950496121,-0.0178241604315476
A10,T2_pos-1_1,T2,pos-1,1,10,NIC1788,0.00183595369982734,0.00387571838979083,0.00855457367391597,-0.00203976468996348,-0.00671861997408863,-1.07793407168065,-2.2201662818284
A11,T2_pos-1_2,T2,pos-1,2,10,NIC1788,0.004402143377337,0.00387571838979083,0.00855457367391597,0.000526424987546176,-0.00415243029657897,0.183742386267939,-0.958489823879812
A12,T2_pos-1_3,T2,pos-1,3,10,NIC1788,0.0016592105769462,0.00387571838979083,0.00855457367391597,-0.00221650781284463,-0.00689536309696977,-1.22396675212852,-2.36619896227627
A13,T2_pos-1_4,T2,pos-1,4,10,NIC1788,0.00403507483832256,0.00387571838979083,0.00855457367391597,0.00015935644853173,-0.00451949883559341,0.0581316831915813,-1.08410052695617
A6,T2_ctrl_A,T2,ctrl,A,10,NIC1788,0.00852505158145282,0.00387571838979083,0.00855457367391597,0.00464933319166199,-2.9522092463154e-05,1.13724481514659,-0.00498739500115868
A7,T2_ctrl_B,T2,ctrl,B,10,NIC1788,0.00858409576637912,0.00387571838979083,0.00855457367391597,0.0047083773765883,2.9522092463154e-05,1.14720242311169,0.00497021296393662
A10,T2_pos-1_1,T2,pos-1,1,3,NIC1789,0.00204940293572841,0,0.000836711190504064,0.00204940293572841,0.00121269174522434,66.1632420780472,1.2924020268525
A11,T2_pos-1_2,T2,pos-1,2,3,NIC1789,0.0026245529640184,0,0.000836711190504064,0.0026245529640184,0.00178784177351433,66.5201101274206,1.64927007622587
A12,T2_pos-1_3,T2,pos-1,3,3,NIC1789,0.00851553966748209,0,0.000836711190504064,0.00851553966748209,0.00767882847697803,68.2181363784742,3.34729632727948
A13,T2_pos-1_4,T2,pos-1,4,3,NIC1789,0.00149821009787673,0,0.000836711190504064,0.00149821009787673,0.000661498907372664,65.7112783665357,0.840438315341012
A6,T2_ctrl_A,T2,ctrl,A,3,NIC1789,0,0,0.000836711190504064,0,-0.000836711190504064,0,-64.8708400511947
A7,T2_ctrl_B,T2,ctrl,B,3,NIC1789,0.00167342238100813,0,0.000836711190504064,0.00167342238100813,0.000836711190504064,65.8708400511947,1
A10,T2_pos-1_1,T2,pos-1,1,5,NIC1789,0.00228653305718024,0,0.000832239247291348,0.00228653305718024,0.00145429380988889,66.3212001925204,1.45809154615401
A11,T2_pos-1_2,T2,pos-1,2,5,NIC1789,0.0030751724569069,0,0.000832239247291348,0.0030751724569069,0.00224293320961555,66.7487057353337,1.8855970889673
A12,T2_pos-1_3,T2,pos-1,3,5,NIC1789,0.00873856894150526,0,0.000832239247291348,0.00873856894150526,0.00790632969421391,68.2554354539986,3.39232680763218
A13,T2_pos-1_4,T2,pos-1,4,5,NIC1789,0.0018381344734647,0,0.000832239247291348,0.0018381344734647,0.00100589522617336,66.0062807302573,1.14317208389085
A6,T2_ctrl_A,T2,ctrl,A,5,NIC1789,0,0,0.000832239247291348,0,-0.000832239247291348,0,-64.8631086463664
A7,T2_ctrl_B,T2,ctrl,B,5,NIC1789,0.0016644784945827,0,0.000832239247291348,0.0016644784945827,0.000832239247291348,65.8631086463664,1
A10,T2_pos-1_1,T2,pos-1,1,10,NIC1789,0.00301511342973246,0,0.000645311990787009,0.00301511342973246,0.00236980143894545,66.7202506935869,2.22414353978338
A11,T2_pos-1_2,T2,pos-1,2,10,NIC1789,0.00401410008197164,0,0.000645311990787009,0.00401410008197164,0.00336878809118463,67.1331150029901,2.63700784918658
A12,T2_pos-1_3,T2,pos-1,3,10,NIC1789,0.00935060005788437,0,0.000645311990787009,0.00935060005788437,0.00870528806709736,68.3530973660174,3.85699021221386
A13,T2_pos-1_4,T2,pos-1,4,10,NIC1789,0.00186874667131529,0,0.000645311990787009,0.00186874667131529,0.00122343468052828,66.0301094252237,1.53400227142025
A6,T2_ctrl_A,T2,ctrl,A,10,NIC1789,0,0,0.000645311990787009,0,-0.000645311990787009,0,-64.4961071538035
A7,T2_ctrl_B,T2,ctrl,B,10,NIC1789,0.00129062398157402,0,0.000645311990787009,0.00129062398157402,0.000645311990787009,65.4961071538035,1
A10,T2_pos-1_1,T2,pos-1,1,3,NIC1794,0.00203802735136304,0.00906131870508722,0.00643747074398509,-0.00702329135372418,-0.00439944339262205,-2.15254760943674,-1.65932055732782
A11,T2_pos-1_2,T2,pos-1,2,3,NIC1794,0.00208918058550304,0.00906131870508722,0.00643747074398509,-0.00697213811958417,-0.00434829015848205,-2.11678382067279,-1.62355676856388
A12,T2_pos-1_3,T2,pos-1,3,3,NIC1794,0.000293502247169632,0.00906131870508722,0.00643747074398509,-0.00876781645791759,-0.00614396849681546,-4.94827756843542,-4.4550505163265
A13,T2_pos-1_4,T2,pos-1,4,3,NIC1794,0.00210257453943756,0.00906131870508722,0.00643747074398509,-0.00695874416564966,-0.00433489620454753,-2.10756407566975,-1.61433702356083
A6,T2_ctrl_A,T2,ctrl,A,3,NIC1794,0.00472468838652427,0.00906131870508722,0.00643747074398509,-0.00433663031856295,-0.00171278235746082,-0.939501842229255,-0.446274790120337
A7,T2_ctrl_B,T2,ctrl,B,3,NIC1794,0.00815025310144591,0.00906131870508722,0.00643747074398509,-0.000911065603641308,0.00171278235746082,-0.152876160662936,0.340350891445982
A10,T2_pos-1_1,T2,pos-1,1,5,NIC1794,0.00183471089705564,0.00889050898179957,0.00649061457469306,-0.00705579808474393,-0.00465590367763742,-2.27671326615222,-1.8228023390999
A11,T2_pos-1_2,T2,pos-1,2,5,NIC1794,0.00182635105093045,0.00889050898179957,0.00649061457469306,-0.00706415793086912,-0.00466426352376261,-2.2833019170305,-1.82939098997818
A12,T2_pos-1_3,T2,pos-1,3,5,NIC1794,6.9385095398301e-05,0.00889050898179957,0.00649061457469306,-0.00882112388640127,-0.00642122947929476,-7.00149641452756,-6.54758548747524
A13,T2_pos-1_4,T2,pos-1,4,5,NIC1794,0.00173512828203154,0.00889050898179957,0.00649061457469306,-0.00715538069976803,-0.00475548629266152,-2.35722368722163,-1.90331276016931
A6,T2_ctrl_A,T2,ctrl,A,5,NIC1794,0.00474999748687297,0.00889050898179957,0.00649061457469306,-0.00414051149492659,-0.00174061708782008,-0.904339265593317,-0.450428338540992
A7,T2_ctrl_B,T2,ctrl,B,5,NIC1794,0.00823123166251314,0.00889050898179957,0.00649061457469306,-0.000659277319286425,0.00174061708782008,-0.111157694390846,0.342753232661479
A10,T2_pos-1_1,T2,pos-1,1,10,NIC1794,0.0028750052646607,0.00982595315792596,0.00683764803007792,-0.00695094789326526,-0.00396264276541722,-1.77303276362231,-1.24993556363752
A11,T2_pos-1_2,T2,pos-1,2,10,NIC1794,0.00152460898769623,0.00982595315792596,0.00683764803007792,-0.00830134417022973,-0.00531303904238169,-2.68815807546347,-2.16506087547869
A12,T2_pos-1_3,T2,pos-1,3,10,NIC1794,0,0.00982595315792596,0.00683764803007792,-0.00982595315792596,-0.00683764803007792,-68.4246357772159,-67.9015385772311
A13,T2_pos-1_4,T2,pos-1,4,10,NIC1794,0.00236782475810081,0.00982595315792596,0.00683764803007792,-0.00745812839982515,-0.00446982327197711,-2.05303504996828,-1.5299378499835
A6,T2_ctrl_A,T2,ctrl,A,10,NIC1794,0.00518592422777635,0.00982595315792596,0.00683764803007792,-0.00464002893014961,-0.00165172380230157,-0.921996234582872,-0.398899034598086
A7,T2_ctrl_B,T2,ctrl,B,10,NIC1794,0.00848937183237949,0.00982595315792596,0.00683764803007792,-0.00133658132554647,0.00165172380230157,-0.210939555426251,0.312157644558534
A10,T2_pos-1_1,T2,pos-1,1,3,NIC1796,0,0,3.82422965540007e-06,0,-3.82422965540007e-06,0,-57.0974232947178
A11,T2_pos-1_2,T2,pos-1,2,3,NIC1796,0,0,3.82422965540007e-06,0,-3.82422965540007e-06,0,-57.0974232947178
A12,T2_pos-1_3,T2,pos-1,3,3,NIC1796,0,0,3.82422965540007e-06,0,-3.82422965540007e-06,0,-57.0974232947178
A13,T2_pos-1_4,T2,pos-1,4,3,NIC1796,0,0,3.82422965540007e-06,0,-3.82422965540007e-06,0,-57.0974232947178
A6,T2_ctrl_A,T2,ctrl,A,3,NIC1796,7.64845931080015e-06,0,3.82422965540007e-06,7.64845931080015e-06,3.82422965540007e-06,58.0974232947178,1
A7,T2_ctrl_B,T2,ctrl,B,3,NIC1796,0,0,3.82422965540007e-06,0,-3.82422965540007e-06,0,-57.0974232947178
A10,T2_pos-1_1,T2,pos-1,1,5,NIC1796,0,0,0.000339801816877857,0,-0.000339801816877857,0,-63.5708038872611
A11,T2_pos-1_2,T2,pos-1,2,5,NIC1796,0,0,0.000339801816877857,0,-0.000339801816877857,0,-63.5708038872611
A12,T2_pos-1_3,T2,pos-1,3,5,NIC1796,0,0,0.000339801816877857,0,-0.000339801816877857,0,-63.5708038872611
A13,T2_pos-1_4,T2,pos-1,4,5,NIC1796,0.000732218885849631,0,0.000339801816877857,0.000732218885849631,0.000392417068971774,64.6783853058277,1.10758141856656
A6,T2_ctrl_A,T2,ctrl,A,5,NIC1796,0.000679603633755715,0,0.000339801816877857,0.000679603633755715,0.000339801816877857,64.5708038872611,1
A7,T2_ctrl_B,T2,ctrl,B,5,NIC1796,0,0,0.000339801816877857,0,-0.000339801816877857,0,-63.5708038872611
A10,T2_pos-1_1,T2,pos-1,1,10,NIC1796,6.33399103271315e-05,0,0.000345147193330663,6.33399103271315e-05,-0.000281807283003531,61.1472970508068,-2.44602502261895
A11,T2_pos-1_2,T2,pos-1,2,10,NIC1796,0,0,0.000345147193330663,0,-0.000345147193330663,0,-63.5933220734257
A12,T2_pos-1_3,T2,pos-1,3,10,NIC1796,0,0,0.000345147193330663,0,-0.000345147193330663,0,-63.5933220734257
A13,T2_pos-1_4,T2,pos-1,4,10,NIC1796,0.00105246151586696,0,0.000345147193330663,0.00105246151586696,0.000707314322536302,65.2018058966044,1.60848382317867
A6,T2_ctrl_A,T2,ctrl,A,10,NIC1796,0.000690294386661326,0,0.000345147193330663,0.000690294386661326,0.000345147193330663,64.5933220734257,1
A7,T2_ctrl_B,T2,ctrl,B,10,NIC1796,0,0,0.000345147193330663,0,-0.000345147193330663,0,-63.5933220734257
A10,T2_pos-1_1,T2,pos-1,1,3,NIC1798,0,7.2306686492032e-05,0.00106950664041752,-7.2306686492032e-05,-0.00106950664041752,-61.3383112911173,-65.2249838557186
A11,T2_pos-1_2,T2,pos-1,2,3,NIC1798,0.000831636209452876,7.2306686492032e-05,0.00106950664041752,0.000759329522960844,-0.000237870430964648,3.52375160421812,-0.362920960383115
A12,T2_pos-1_3,T2,pos-1,3,3,NIC1798,0,7.2306686492032e-05,0.00106950664041752,-7.2306686492032e-05,-0.00106950664041752,-61.3383112911173,-65.2249838557186
A13,T2_pos-1_4,T2,pos-1,4,3,NIC1798,0.000143878287736649,7.2306686492032e-05,0.00106950664041752,7.15716012446167e-05,-0.000925628352680875,0.992647925187667,-2.89402463941357
A6,T2_ctrl_A,T2,ctrl,A,3,NIC1798,0.00174897607709014,7.2306686492032e-05,0.00106950664041752,0.00167666939059811,0.000679469436672617,4.5962376804476,0.709565115846362
A7,T2_ctrl_B,T2,ctrl,B,3,NIC1798,0.000390037203744907,7.2306686492032e-05,0.00106950664041752,0.000317730517252875,-0.000679469436672617,2.43141077186669,-1.45526179273455
A10,T2_pos-1_1,T2,pos-1,1,5,NIC1798,0,0,0.00092773455670267,0,-0.00092773455670267,0,-65.0198224014748
A11,T2_pos-1_2,T2,pos-1,2,5,NIC1798,0.000755819666781838,0,0.00092773455670267,0.000755819666781838,-0.000171914889920832,64.7241523794954,-0.295670021979471
A12,T2_pos-1_3,T2,pos-1,3,5,NIC1798,0,0,0.00092773455670267,0,-0.00092773455670267,0,-65.0198224014748
A13,T2_pos-1_4,T2,pos-1,4,5,NIC1798,5.81922033654489e-05,0,0.00092773455670267,5.81922033654489e-05,-0.000869542353337221,61.0250080986508,-3.994814302824
A6,T2_ctrl_A,T2,ctrl,A,5,NIC1798,0.0015777133077231,0,0.00092773455670267,0.0015777133077231,0.000649978751020426,65.785873487268,0.76605108579317
A7,T2_ctrl_B,T2,ctrl,B,5,NIC1798,0.000277755805682244,0,0.00092773455670267,0.000277755805682244,-0.000649978751020426,63.2799273881074,-1.73989501336749
A10,T2_pos-1_1,T2,pos-1,1,10,NIC1798,0,8.76429046505704e-05,0.00042138548636676,-8.76429046505704e-05,-0.00042138548636676,-61.6158195246663,-63.8812509455774
A11,T2_pos-1_2,T2,pos-1,2,10,NIC1798,0.000342007887408524,8.76429046505704e-05,0.00042138548636676,0.000254364982757954,-7.9377598958236e-05,1.96432039316524,-0.301111027745845
A12,T2_pos-1_3,T2,pos-1,3,10,NIC1798,0,8.76429046505704e-05,0.00042138548636676,-8.76429046505704e-05,-0.00042138548636676,-61.6158195246663,-63.8812509455774
A13,T2_pos-1_4,T2,pos-1,4,10,NIC1798,0,8.76429046505704e-05,0.00042138548636676,-8.76429046505704e-05,-0.00042138548636676,-61.6158195246663,-63.8812509455774
A6,T2_ctrl_A,T2,ctrl,A,10,NIC1798,0.00084277097273352,8.76429046505704e-05,0.00042138548636676,0.00075512806808295,0.00042138548636676,3.26543142091108,1
A7,T2_ctrl_B,T2,ctrl,B,10,NIC1798,0,8.76429046505704e-05,0.00042138548636676,-8.76429046505704e-05,-0.00042138548636676,-61.6158195246663,-63.8812509455774
A10,T2_pos-1_1,T2,pos-1,1,3,NIC1799,0.00625665162131626,0.00586669912618402,0,0.000389952495132241,0.00625665162131626,0.0928417698408625,67.7734291907905
A11,T2_pos-1_2,T2,pos-1,2,3,NIC1799,0.00186376108818845,0.00586669912618402,0,-0.00400293803799557,0.00186376108818845,-1.65433206960552,66.0262553513442
A12,T2_pos-1_3,T2,pos-1,3,3,NIC1799,0.00431791991206051,0.00586669912618402,0,-0.00154877921412352,0.00431791991206051,-0.4422125204728,67.2383749004769
A13,T2_pos-1_4,T2,pos-1,4,3,NIC1799,0.000285059287858002,0.00586669912618402,0,-0.00558163983832602,0.000285059287858002,-4.36321509173,63.3173723292197
A6,T2_ctrl_A,T2,ctrl,A,3,NIC1799,0,0.00586669912618402,0,-0.00586669912618402,0,-67.6805874209497,0
A7,T2_ctrl_B,T2,ctrl,B,3,NIC1799,0,0.00586669912618402,0,-0.00586669912618402,0,-67.6805874209497,0
A10,T2_pos-1_1,T2,pos-1,1,5,NIC1799,0.00538869347357719,0.00598943636673259,0,-0.000600742893155402,0.00538869347357719,-0.15248472134889,67.5579739395679
A11,T2_pos-1_2,T2,pos-1,2,5,NIC1799,0.000845613783026104,0.00598943636673259,0,-0.00514382258370649,0.000845613783026104,-2.82434944808363,64.8861092128332
A12,T2_pos-1_3,T2,pos-1,3,5,NIC1799,0.00380295186231143,0.00598943636673259,0,-0.00218648450442116,0.00380295186231143,-0.655300567742087,67.0551580931747
A13,T2_pos-1_4,T2,pos-1,4,5,NIC1799,0,0.00598943636673259,0,-0.00598943636673259,0,-67.7104586609168,0
A6,T2_ctrl_A,T2,ctrl,A,5,NIC1799,0,0.00598943636673259,0,-0.00598943636673259,0,-67.7104586609168,0
A7,T2_ctrl_B,T2,ctrl,B,5,NIC1799,0,0.00598943636673259,0,-0.00598943636673259,0,-67.7104586609168,0
A10,T2_pos-1_1,T2,pos-1,1,10,NIC1799,0.0047801334791187,0.00570836145639625,0,-0.000928227977277551,0.0047801334791187,-0.256025785717452,67.3850893198794
A11,T2_pos-1_2,T2,pos-1,2,10,NIC1799,0,0.00570836145639625,0,-0.00570836145639625,0,-67.6411151055969,0
A12,T2_pos-1_3,T2,pos-1,3,10,NIC1799,0.00304198071739974,0.00570836145639625,0,-0.00266638073899652,0.00304198071739974,-0.908065681809278,66.7330494237876
A13,T2_pos-1_4,T2,pos-1,4,10,NIC1799,0,0.00570836145639625,0,-0.00570836145639625,0,-67.6411151055969,0
A6,T2_ctrl_A,T2,ctrl,A,10,NIC1799,0,0.00570836145639625,0,-0.00570836145639625,0,-67.6411151055969,0
A7,T2_ctrl_B,T2,ctrl,B,10,NIC1799,0,0.00570836145639625,0,-0.00570836145639625,0,-67.6411151055969,0
A10,T2_pos-1_1,T2,pos-1,1,3,NIC1801,0.000604290595293325,0,0.000276513294494396,0.000604290595293325,0.000327777300798928,64.4013528100421,1.12789364371044
A11,T2_pos-1_2,T2,pos-1,2,3,NIC1801,0.000908580782177022,0,0.000276513294494396,0.000908580782177022,0.000632067487682626,64.9897251113987,1.71626594506696
A12,T2_pos-1_3,T2,pos-1,3,3,NIC1801,0,0,0.000276513294494396,0,-0.000276513294494396,0,-63.2734591663317
A13,T2_pos-1_4,T2,pos-1,4,3,NIC1801,0.00237341176899695,0,0.000276513294494396,0.00237341176899695,0.00209689847450255,66.3750008346239,3.10154166829217
A6,T2_ctrl_A,T2,ctrl,A,3,NIC1801,0.000553026588988792,0,0.000276513294494396,0.000553026588988792,0.000276513294494396,64.2734591663317,1
A7,T2_ctrl_B,T2,ctrl,B,3,NIC1801,0,0,0.000276513294494396,0,-0.000276513294494396,0,-63.2734591663317
A10,T2_pos-1_1,T2,pos-1,1,5,NIC1801,0.000172567060471772,0,0,0.000172567060471772,0.000172567060471772,62.5932674305789,62.5932674305789
A11,T2_pos-1_2,T2,pos-1,2,5,NIC1801,0.000406152824654314,0,0,0.000406152824654314,0.000406152824654314,63.8281329986753,63.8281329986753
A12,T2_pos-1_3,T2,pos-1,3,5,NIC1801,0,0,0,0,0,0,0
A13,T2_pos-1_4,T2,pos-1,4,5,NIC1801,0.00145307223618489,0,0,0.00145307223618489,0.00145307223618489,65.6671448407553,65.6671448407553
A6,T2_ctrl_A,T2,ctrl,A,5,NIC1801,0,0,0,0,0,0,0
A7,T2_ctrl_B,T2,ctrl,B,5,NIC1801,0,0,0,0,0,0,0
A10,T2_pos-1_1,T2,pos-1,1,10,NIC1801,0,0,0,0,0,0,0
A11,T2_pos-1_2,T2,pos-1,2,10,NIC1801,0.000177779309853534,0,0,0.000177779309853534,0.000177779309853534,62.6361977523516,62.6361977523516
A12,T2_pos-1_3,T2,pos-1,3,10,NIC1801,0,0,0,0,0,0,0
A13,T2_pos-1_4,T2,pos-1,4,10,NIC1801,0.00115662636201353,0,0,0.00115662636201353,0.00115662636201353,65.3379613054411,65.3379613054411
A6,T2_ctrl_A,T2,ctrl,A,10,NIC1801,0,0,0,0,0,0,0
A7,T2_ctrl_B,T2,ctrl,B,10,NIC1801,0,0,0,0,0,0,0
A10,T2_pos-1_1,T2,pos-1,1,3,NIC1832,0.00111328417535999,0,0.000640739439095311,0.00111328417535999,0.000472544736264679,65.2828603157006,0.797012200213435
A11,T2_pos-1_2,T2,pos-1,2,3,NIC1832,0,0,0.000640739439095311,0,-0.000640739439095311,0,-64.4858481154872
A12,T2_pos-1_3,T2,pos-1,3,3,NIC1832,0,0,0.000640739439095311,0,-0.000640739439095311,0,-64.4858481154872
A13,T2_pos-1_4,T2,pos-1,4,3,NIC1832,0,0,0.000640739439095311,0,-0.000640739439095311,0,-64.4858481154872
A6,T2_ctrl_A,T2,ctrl,A,3,NIC1832,0.00128147887819062,0,0.000640739439095311,0.00128147887819062,0.000640739439095311,65.4858481154872,1
A7,T2_ctrl_B,T2,ctrl,B,3,NIC1832,0,0,0.000640739439095311,0,-0.000640739439095311,0,-64.4858481154872
A10,T2_pos-1_1,T2,pos-1,1,5,NIC1832,0.00162130794640351,0,0.000702876991056414,0.00162130794640351,0.000918430955347095,65.8251965537778,1.20581400444108
A11,T2_pos-1_2,T2,pos-1,2,5,NIC1832,0,0,0.000702876991056414,0,-0.000702876991056414,0,-64.6193825493367
A12,T2_pos-1_3,T2,pos-1,3,5,NIC1832,0,0,0.000702876991056414,0,-0.000702876991056414,0,-64.6193825493367
A13,T2_pos-1_4,T2,pos-1,4,5,NIC1832,0,0,0.000702876991056414,0,-0.000702876991056414,0,-64.6193825493367
A6,T2_ctrl_A,T2,ctrl,A,5,NIC1832,0.00140575398211283,0,0.000702876991056414,0.00140575398211283,0.000702876991056414,65.6193825493367,1
A7,T2_ctrl_B,T2,ctrl,B,5,NIC1832,0,0,0.000702876991056414,0,-0.000702876991056414,0,-64.6193825493367
A10,T2_pos-1_1,T2,pos-1,1,10,NIC1832,0.00195783741687043,0,0.000896314377198848,0.00195783741687043,0.00106152303967158,66.0972993810388,1.12718422205898
A11,T2_pos-1_2,T2,pos-1,2,10,NIC1832,0,0,0.000896314377198848,0,-0.000896314377198848,0,-64.9701151589799
A12,T2_pos-1_3,T2,pos-1,3,10,NIC1832,0,0,0.000896314377198848,0,-0.000896314377198848,0,-64.9701151589799
A13,T2_pos-1_4,T2,pos-1,4,10,NIC1832,0,0,0.000896314377198848,0,-0.000896314377198848,0,-64.9701151589799
A6,T2_ctrl_A,T2,ctrl,A,10,NIC1832,0.0017926287543977,0,0.000896314377198848,0.0017926287543977,0.000896314377198848,65.9701151589799,1
A7,T2_ctrl_B,T2,ctrl,B,10,NIC1832,0,0,0.000896314377198848,0,-0.000896314377198848,0,-64.9701151589799
A10,T2_pos-1_1,T2,pos-1,1,3,NIC195,0,0.00145550190625367,0.000501013974892241,-0.00145550190625367,-0.000501013974892241,-65.6695551446382,-64.1309611661979
A11,T2_pos-1_2,T2,pos-1,2,3,NIC195,0,0.00145550190625367,0.000501013974892241,-0.00145550190625367,-0.000501013974892241,-65.6695551446382,-64.1309611661979
A12,T2_pos-1_3,T2,pos-1,3,3,NIC195,0,0.00145550190625367,0.000501013974892241,-0.00145550190625367,-0.000501013974892241,-65.6695551446382,-64.1309611661979
A13,T2_pos-1_4,T2,pos-1,4,3,NIC195,0,0.00145550190625367,0.000501013974892241,-0.00145550190625367,-0.000501013974892241,-65.6695551446382,-64.1309611661979
A6,T2_ctrl_A,T2,ctrl,A,3,NIC195,0.000234043121364164,0.00145550190625367,0.000501013974892241,-0.00122145878488951,-0.000266970853528078,-2.63667045963306,-1.09807648119275
A7,T2_ctrl_B,T2,ctrl,B,3,NIC195,0.000767984828420319,0.00145550190625367,0.000501013974892241,-0.000687517077833353,0.000266970853528078,-0.922367013116546,0.616226965323765
A10,T2_pos-1_1,T2,pos-1,1,5,NIC195,0,0.00185318198412832,0.000916306434516353,-0.00185318198412832,-0.000916306434516353,-66.0180429779608,-65.0019404711238
A11,T2_pos-1_2,T2,pos-1,2,5,NIC195,0,0.00185318198412832,0.000916306434516353,-0.00185318198412832,-0.000916306434516353,-66.0180429779608,-65.0019404711238
A12,T2_pos-1_3,T2,pos-1,3,5,NIC195,0,0.00185318198412832,0.000916306434516353,-0.00185318198412832,-0.000916306434516353,-66.0180429779608,-65.0019404711238
A13,T2_pos-1_4,T2,pos-1,4,5,NIC195,0,0.00185318198412832,0.000916306434516353,-0.00185318198412832,-0.000916306434516353,-66.0180429779608,-65.0019404711238
A6,T2_ctrl_A,T2,ctrl,A,5,NIC195,0.000612115818363532,0.00185318198412832,0.000916306434516353,-0.00124106616576479,-0.00030419061615282,-1.59812800624429,-0.58202549940727
A7,T2_ctrl_B,T2,ctrl,B,5,NIC195,0.00122049705066917,0.00185318198412832,0.000916306434516353,-0.000632684933459147,0.00030419061615282,-0.602535753414181,0.413566753422835
A10,T2_pos-1_1,T2,pos-1,1,10,NIC195,0,0.00184728831457536,0.00172283639165179,-0.00184728831457536,-0.00172283639165179,-66.0134474674771,-65.9128241189068
A11,T2_pos-1_2,T2,pos-1,2,10,NIC195,0.000242058089185873,0.00184728831457536,0.00172283639165179,-0.00160523022538949,-0.00148077830246592,-2.93198383915329,-2.831360490583
A12,T2_pos-1_3,T2,pos-1,3,10,NIC195,0,0.00184728831457536,0.00172283639165179,-0.00184728831457536,-0.00172283639165179,-66.0134474674771,-65.9128241189068
A13,T2_pos-1_4,T2,pos-1,4,10,NIC195,0,0.00184728831457536,0.00172283639165179,-0.00184728831457536,-0.00172283639165179,-66.0134474674771,-65.9128241189068
A6,T2_ctrl_A,T2,ctrl,A,10,NIC195,0.0012500193569637,0.00184728831457536,0.00172283639165179,-0.000597268957611657,-0.000472817034688087,-0.563458616110719,-0.462835267540434
A7,T2_ctrl_B,T2,ctrl,B,10,NIC195,0.00219565342633988,0.00184728831457536,0.00172283639165179,0.000348365111764517,0.000472817034688087,0.249241297843895,0.349864646414179
A10,T2_pos-1_1,T2,pos-1,1,3,NIC199,0,0,0,0,0,0,0
A11,T2_pos-1_2,T2,pos-1,2,3,NIC199,0,0,0,0,0,0,0
A12,T2_pos-1_3,T2,pos-1,3,3,NIC199,0,0,0,0,0,0,0
A13,T2_pos-1_4,T2,pos-1,4,3,NIC199,0,0,0,0,0,0,0
A6,T2_ctrl_A,T2,ctrl,A,3,NIC199,0,0,0,0,0,0,0
A7,T2_ctrl_B,T2,ctrl,B,3,NIC199,0,0,0,0,0,0,0
A10,T2_pos-1_1,T2,pos-1,1,5,NIC199,0,0,0,0,0,0,0
A11,T2_pos-1_2,T2,pos-1,2,5,NIC199,0,0,0,0,0,0,0
A12,T2_pos-1_3,T2,pos-1,3,5,NIC199,0,0,0,0,0,0,0
A13,T2_pos-1_4,T2,pos-1,4,5,NIC199,0,0,0,0,0,0,0
A6,T2_ctrl_A,T2,ctrl,A,5,NIC199,0,0,0,0,0,0,0
A7,T2_ctrl_B,T2,ctrl,B,5,NIC199,0,0,0,0,0,0,0
A10,T2_pos-1_1,T2,pos-1,1,10,NIC199,0,0,9.55548269044296e-05,0,-9.55548269044296e-05,0,-61.7405109779849
A11,T2_pos-1_2,T2,pos-1,2,10,NIC199,0,0,9.55548269044296e-05,0,-9.55548269044296e-05,0,-61.7405109779849
A12,T2_pos-1_3,T2,pos-1,3,10,NIC199,0,0,9.55548269044296e-05,0,-9.55548269044296e-05,0,-61.7405109779849
A13,T2_pos-1_4,T2,pos-1,4,10,NIC199,0,0,9.55548269044296e-05,0,-9.55548269044296e-05,0,-61.7405109779849
A6,T2_ctrl_A,T2,ctrl,A,10,NIC199,0.000191109653808859,0,9.55548269044296e-05,0.000191109653808859,9.55548269044296e-05,62.7405109779849,1
A7,T2_ctrl_B,T2,ctrl,B,10,NIC199,0,0,9.55548269044296e-05,0,-9.55548269044296e-05,0,-61.7405109779849
A10,T2_pos-1_1,T2,pos-1,1,3,NIC2,0,6.99922813237349e-05,0.00146885249752133,-6.99922813237349e-05,-0.00146885249752133,-61.2913780578361,-65.6827279431222
A11,T2_pos-1_2,T2,pos-1,2,3,NIC2,0,6.99922813237349e-05,0.00146885249752133,-6.99922813237349e-05,-0.00146885249752133,-61.2913780578361,-65.6827279431222
A12,T2_pos-1_3,T2,pos-1,3,3,NIC2,0,6.99922813237349e-05,0.00146885249752133,-6.99922813237349e-05,-0.00146885249752133,-61.2913780578361,-65.6827279431222
A13,T2_pos-1_4,T2,pos-1,4,3,NIC2,0,6.99922813237349e-05,0.00146885249752133,-6.99922813237349e-05,-0.00146885249752133,-61.2913780578361,-65.6827279431222
A6,T2_ctrl_A,T2,ctrl,A,3,NIC2,0,6.99922813237349e-05,0.00146885249752133,-6.99922813237349e-05,-0.00146885249752133,-61.2913780578361,-65.6827279431222
A7,T2_ctrl_B,T2,ctrl,B,3,NIC2,0.00293770499504266,6.99922813237349e-05,0.00146885249752133,0.00286771271371892,0.00146885249752133,5.39134988528605,1
A10,T2_pos-1_1,T2,pos-1,1,5,NIC2,0,0.000366549047454489,0.00209574102459768,-0.000366549047454489,-0.00209574102459768,-63.6801165772436,-66.1954988665345
A11,T2_pos-1_2,T2,pos-1,2,5,NIC2,0,0.000366549047454489,0.00209574102459768,-0.000366549047454489,-0.00209574102459768,-63.6801165772436,-66.1954988665345
A12,T2_pos-1_3,T2,pos-1,3,5,NIC2,0,0.000366549047454489,0.00209574102459768,-0.000366549047454489,-0.00209574102459768,-63.6801165772436,-66.1954988665345
A13,T2_pos-1_4,T2,pos-1,4,5,NIC2,0,0.000366549047454489,0.00209574102459768,-0.000366549047454489,-0.00209574102459768,-63.6801165772436,-66.1954988665345
A6,T2_ctrl_A,T2,ctrl,A,5,NIC2,0,0.000366549047454489,0.00209574102459768,-0.000366549047454489,-0.00209574102459768,-63.6801165772436,-66.1954988665345
A7,T2_ctrl_B,T2,ctrl,B,5,NIC2,0.00419148204919536,0.000366549047454489,0.00209574102459768,0.00382493300174087,0.00209574102459768,3.51538228929091,1
A10,T2_pos-1_1,T2,pos-1,1,10,NIC2,0,0.0022468909668073,0.00317881028790946,-0.0022468909668073,-0.00317881028790946,-66.2959685333318,-66.7965253343863
A11,T2_pos-1_2,T2,pos-1,2,10,NIC2,0,0.0022468909668073,0.00317881028790946,-0.0022468909668073,-0.00317881028790946,-66.2959685333318,-66.7965253343863
A12,T2_pos-1_3,T2,pos-1,3,10,NIC2,0,0.0022468909668073,0.00317881028790946,-0.0022468909668073,-0.00317881028790946,-66.2959685333318,-66.7965253343863
A13,T2_pos-1_4,T2,pos-1,4,10,NIC2,0,0.0022468909668073,0.00317881028790946,-0.0022468909668073,-0.00317881028790946,-66.2959685333318,-66.7965253343863
A6,T2_ctrl_A,T2,ctrl,A,10,NIC2,0,0.0022468909668073,0.00317881028790946,-0.0022468909668073,-0.00317881028790946,-66.2959685333318,-66.7965253343863
A7,T2_ctrl_B,T2,ctrl,B,10,NIC2,0.00635762057581891,0.0022468909668073,0.00317881028790946,0.00411072960901161,0.00317881028790946,1.50055680105446,1
A10,T2_pos-1_1,T2,pos-1,1,3,NIC207,0,0,0,0,0,0,0
A11,T2_pos-1_2,T2,pos-1,2,3,NIC207,0,0,0,0,0,0,0
A12,T2_pos-1_3,T2,pos-1,3,3,NIC207,0,0,0,0,0,0,0
A13,T2_pos-1_4,T2,pos-1,4,3,NIC207,0,0,0,0,0,0,0
A6,T2_ctrl_A,T2,ctrl,A,3,NIC207,0,0,0,0,0,0,0
A7,T2_ctrl_B,T2,ctrl,B,3,NIC207,0,0,0,0,0,0,0
A10,T2_pos-1_1,T2,pos-1,1,5,NIC207,0,0,0,0,0,0,0
A11,T2_pos-1_2,T2,pos-1,2,5,NIC207,0,0,0,0,0,0,0
A12,T2_pos-1_3,T2,pos-1,3,5,NIC207,0,0,0,0,0,0,0
A13,T2_pos-1_4,T2,pos-1,4,5,NIC207,0,0,0,0,0,0,0
A6,T2_ctrl_A,T2,ctrl,A,5,NIC207,0,0,0,0,0,0,0
A7,T2_ctrl_B,T2,ctrl,B,5,NIC207,0,0,0,0,0,0,0
A10,T2_pos-1_1,T2,pos-1,1,10,NIC207,0,0,0.000171532830289889,0,-0.000171532830289889,0,-62.5845950462648
A11,T2_pos-1_2,T2,pos-1,2,10,NIC207,0,0,0.000171532830289889,0,-0.000171532830289889,0,-62.5845950462648
A12,T2_pos-1_3,T2,pos-1,3,10,NIC207,0,0,0.000171532830289889,0,-0.000171532830289889,0,-62.5845950462648
A13,T2_pos-1_4,T2,pos-1,4,10,NIC207,0,0,0.000171532830289889,0,-0.000171532830289889,0,-62.5845950462648
A6,T2_ctrl_A,T2,ctrl,A,10,NIC207,0.000343065660579779,0,0.000171532830289889,0.000343065660579779,0.000171532830289889,63.5845950462648,1
A7,T2_ctrl_B,T2,ctrl,B,10,NIC207,0,0,0.000171532830289889,0,-0.000171532830289889,0,-62.5845950462648
A10,T2_pos-1_1,T2,pos-1,1,3,NIC231,0,0,0.00237086837886229,0,-0.00237086837886229,0,-66.3734539880754
A11,T2_pos-1_2,T2,pos-1,2,3,NIC231,0,0,0.00237086837886229,0,-0.00237086837886229,0,-66.3734539880754
A12,T2_pos-1_3,T2,pos-1,3,3,NIC231,0,0,0.00237086837886229,0,-0.00237086837886229,0,-66.3734539880754
A13,T2_pos-1_4,T2,pos-1,4,3,NIC231,0,0,0.00237086837886229,0,-0.00237086837886229,0,-66.3734539880754
A6,T2_ctrl_A,T2,ctrl,A,3,NIC231,0.00474173675772457,0,0.00237086837886229,0.00474173675772457,0.00237086837886229,67.3734539880754,1
A7,T2_ctrl_B,T2,ctrl,B,3,NIC231,0,0,0.00237086837886229,0,-0.00237086837886229,0,-66.3734539880754
A10,T2_pos-1_1,T2,pos-1,1,5,NIC231,0,0,0.00222949622147214,0,-0.00222949622147214,0,-66.2847561702844
A11,T2_pos-1_2,T2,pos-1,2,5,NIC231,0,0,0.00222949622147214,0,-0.00222949622147214,0,-66.2847561702844
A12,T2_pos-1_3,T2,pos-1,3,5,NIC231,0,0,0.00222949622147214,0,-0.00222949622147214,0,-66.2847561702844
A13,T2_pos-1_4,T2,pos-1,4,5,NIC231,0,0,0.00222949622147214,0,-0.00222949622147214,0,-66.2847561702844
A6,T2_ctrl_A,T2,ctrl,A,5,NIC231,0.00445899244294428,0,0.00222949622147214,0.00445899244294428,0.00222949622147214,67.2847561702844,1
A7,T2_ctrl_B,T2,ctrl,B,5,NIC231,0,0,0.00222949622147214,0,-0.00222949622147214,0,-66.2847561702844
A10,T2_pos-1_1,T2,pos-1,1,10,NIC231,0,0,0.000820302625713396,0,-0.000820302625713396,0,-64.8422665672115
A11,T2_pos-1_2,T2,pos-1,2,10,NIC231,0,0,0.000820302625713396,0,-0.000820302625713396,0,-64.8422665672115
A12,T2_pos-1_3,T2,pos-1,3,10,NIC231,0,0,0.000820302625713396,0,-0.000820302625713396,0,-64.8422665672115
A13,T2_pos-1_4,T2,pos-1,4,10,NIC231,0,0,0.000820302625713396,0,-0.000820302625713396,0,-64.8422665672115
A6,T2_ctrl_A,T2,ctrl,A,10,NIC231,0.00164060525142679,0,0.000820302625713396,0.00164060525142679,0.000820302625713396,65.8422665672115,1
A7,T2_ctrl_B,T2,ctrl,B,10,NIC231,0,0,0.000820302625713396,0,-0.000820302625713396,0,-64.8422665672115
A10,T2_pos-1_1,T2,pos-1,1,3,NIC236,0,0,0,0,0,0,0
A11,T2_pos-1_2,T2,pos-1,2,3,NIC236,0,0,0,0,0,0,0
A12,T2_pos-1_3,T2,pos-1,3,3,NIC236,0.00653048649816448,0,0,0.00653048649816448,0.00653048649816448,67.8352288871526,67.8352288871526
A13,T2_pos-1_4,T2,pos-1,4,3,NIC236,0,0,0,0,0,0,0
A6,T2_ctrl_A,T2,ctrl,A,3,NIC236,0,0,0,0,0,0,0
A7,T2_ctrl_B,T2,ctrl,B,3,NIC236,0,0,0,0,0,0,0
A10,T2_pos-1_1,T2,pos-1,1,5,NIC236,0,0,0,0,0,0,0
A11,T2_pos-1_2,T2,pos-1,2,5,NIC236,0,0,0,0,0,0,0
A12,T2_pos-1_3,T2,pos-1,3,5,NIC236,0.00714554387376905,0,0,0.00714554387376905,0.00714554387376905,67.9650822400506,67.9650822400506
A13,T2_pos-1_4,T2,pos-1,4,5,NIC236,0,0,0,0,0,0,0
A6,T2_ctrl_A,T2,ctrl,A,5,NIC236,0,0,0,0,0,0,0
A7,T2_ctrl_B,T2,ctrl,B,5,NIC236,0,0,0,0,0,0,0
A10,T2_pos-1_1,T2,pos-1,1,10,NIC236,0,0,0,0,0,0,0
A11,T2_pos-1_2,T2,pos-1,2,10,NIC236,0,0,0,0,0,0,0
A12,T2_pos-1_3,T2,pos-1,3,10,NIC236,0.00894409964061661,0,0,0.00894409964061661,0.00894409964061661,68.2889746761288,68.2889746761288
A13,T2_pos-1_4,T2,pos-1,4,10,NIC236,0,0,0,0,0,0,0
A6,T2_ctrl_A,T2,ctrl,A,10,NIC236,0,0,0,0,0,0,0
A7,T2_ctrl_B,T2,ctrl,B,10,NIC236,0,0,0,0,0,0,0
A10,T2_pos-1_1,T2,pos-1,1,3,NIC242,0,0.0121697111309238,0.00470140425708343,-0.0121697111309238,-0.00470140425708343,-68.7332614341868,-67.3611301537925
A11,T2_pos-1_2,T2,pos-1,2,3,NIC242,0.00134258723656076,0.0121697111309238,0.00470140425708343,-0.010827123894363,-0.00335881702052267,-3.18020718602377,-1.80807590562949
A12,T2_pos-1_3,T2,pos-1,3,3,NIC242,0.00100400081963596,0.0121697111309238,0.00470140425708343,-0.0111657103112878,-0.00369740343744746,-3.59946257142935,-2.22733129103506
A13,T2_pos-1_4,T2,pos-1,4,3,NIC242,0.00417274280269065,0.0121697111309238,0.00470140425708343,-0.00799696832823314,-0.000528661454392779,-1.54422701922179,-0.1720957388275
A6,T2_ctrl_A,T2,ctrl,A,3,NIC242,0.00472398245244038,0.0121697111309238,0.00470140425708343,-0.00744572867848341,2.25781953569508e-05,-1.36521941273671,0.00691186765757933
A7,T2_ctrl_B,T2,ctrl,B,3,NIC242,0.00467882606172648,0.0121697111309238,0.00470140425708343,-0.00749088506919731,-2.25781953569508e-05,-1.37907642188295,-0.00694514148866234
A10,T2_pos-1_1,T2,pos-1,1,5,NIC242,0,0.0123099315232587,0.00465818260923673,-0.0123099315232587,-0.00465818260923673,-68.7497892471145,-67.3478056126244
A11,T2_pos-1_2,T2,pos-1,2,5,NIC242,0.00113919142664399,0.0123099315232587,0.00465818260923673,-0.0111707400966147,-0.00351899118259274,-3.4337406374324,-2.03175700294232
A12,T2_pos-1_3,T2,pos-1,3,5,NIC242,0.00132891957389084,0.0123099315232587,0.00465818260923673,-0.0109810119493679,-0.00332926303534589,-3.21149703595446,-1.80951340146438
A13,T2_pos-1_4,T2,pos-1,4,5,NIC242,0.00448405718720871,0.0123099315232587,0.00465818260923673,-0.00782587433605,-0.000174125422028017,-1.45694615381611,-0.0549625193260228
A6,T2_ctrl_A,T2,ctrl,A,5,NIC242,0.00462559574815314,0.0123099315232587,0.00465818260923673,-0.00768433577510557,-3.2586861083584e-05,-1.41211164361576,-0.0101280091256781
A7,T2_ctrl_B,T2,ctrl,B,5,NIC242,0.00469076947032031,0.0123099315232587,0.00465818260923673,-0.0076191620529384,3.2586861083584e-05,-1.39192623064856,0.0100574038415235
A10,T2_pos-1_1,T2,pos-1,1,10,NIC242,0,0.0103356620511715,0.00327026575628429,-0.0103356620511715,-0.00327026575628429,-68.4975973141843,-66.8374462959738
A11,T2_pos-1_2,T2,pos-1,2,10,NIC242,0.00169998629197838,0.0103356620511715,0.00327026575628429,-0.00863567575919314,-0.00157027946430591,-2.60403578540488,-0.943884767194389
A12,T2_pos-1_3,T2,pos-1,3,10,NIC242,0.00315403194549369,0.0103356620511715,0.00327026575628429,-0.00718163010567783,-0.0001162338107906,-1.71236162600394,-0.0522106077934483
A13,T2_pos-1_4,T2,pos-1,4,10,NIC242,0.00535594607700374,0.0103356620511715,0.00327026575628429,-0.00497971597416778,0.00208568032071945,-0.948417462626882,0.711733555583608
A6,T2_ctrl_A,T2,ctrl,A,10,NIC242,0.00335480739425273,0.0103356620511715,0.00327026575628429,-0.00698085465691879,8.45416379684342e-05,-1.62332895749778,0.0368220607127085
A7,T2_ctrl_B,T2,ctrl,B,10,NIC242,0.00318572411831586,0.0103356620511715,0.00327026575628429,-0.00714993793285566,-8.45416379684346e-05,-1.69793756268981,-0.0377865444793211
A10,T2_pos-1_1,T2,pos-1,1,3,NIC251,0,0.00324074014113971,0.00208023775047722,-0.00324074014113971,-0.00208023775047722,-66.8243617584374,-66.1847868391739
A11,T2_pos-1_2,T2,pos-1,2,3,NIC251,0,0.00324074014113971,0.00208023775047722,-0.00324074014113971,-0.00208023775047722,-66.8243617584374,-66.1847868391739
A12,T2_pos-1_3,T2,pos-1,3,3,NIC251,0.000190767438697185,0.00324074014113971,0.00208023775047722,-0.00304997270244253,-0.00188947031178004,-4.08643649290489,-3.44686157364145
A13,T2_pos-1_4,T2,pos-1,4,3,NIC251,0,0.00324074014113971,0.00208023775047722,-0.00324074014113971,-0.00208023775047722,-66.8243617584374,-66.1847868391739
A6,T2_ctrl_A,T2,ctrl,A,3,NIC251,0.00311578849838496,0.00324074014113971,0.00208023775047722,-0.000124951642754749,0.00103555074790774,-0.0567260370338405,0.582848882229596
A7,T2_ctrl_B,T2,ctrl,B,3,NIC251,0.00104468700256948,0.00324074014113971,0.00208023775047722,-0.00219605313857024,-0.00103555074790774,-1.63325257984204,-0.993677660578608
A10,T2_pos-1_1,T2,pos-1,1,5,NIC251,0,0.00328274612780152,0.00215524244058842,-0.00328274612780152,-0.00215524244058842,-66.8429415986483,-66.2358885811405
A11,T2_pos-1_2,T2,pos-1,2,5,NIC251,0,0.00328274612780152,0.00215524244058842,-0.00328274612780152,-0.00215524244058842,-66.8429415986483,-66.2358885811405
A12,T2_pos-1_3,T2,pos-1,3,5,NIC251,0.000329744343522248,0.00328274612780152,0.00215524244058842,-0.00295300178427927,-0.00182549809706617,-3.31548336633106,-2.70843034882334
A13,T2_pos-1_4,T2,pos-1,4,5,NIC251,0,0.00328274612780152,0.00215524244058842,-0.00328274612780152,-0.00215524244058842,-66.8429415986483,-66.2358885811405
A6,T2_ctrl_A,T2,ctrl,A,5,NIC251,0.00323604688202161,0.00328274612780152,0.00215524244058842,-4.66992457799128e-05,0.00108080444143319,-0.0206706740815304,0.58638234342619
A7,T2_ctrl_B,T2,ctrl,B,5,NIC251,0.00107443799915523,0.00328274612780152,0.00215524244058842,-0.00220830812864629,-0.00108080444143319,-1.61132094903952,-1.0042679315318
A10,T2_pos-1_1,T2,pos-1,1,10,NIC251,0,0.00336639863606049,0.00216379079721064,-0.00336639863606049,-0.00216379079721064,-66.8792444409122,-66.2415994368489
A11,T2_pos-1_2,T2,pos-1,2,10,NIC251,0,0.00336639863606049,0.00216379079721064,-0.00336639863606049,-0.00216379079721064,-66.8792444409122,-66.2415994368489
A12,T2_pos-1_3,T2,pos-1,3,10,NIC251,0.00047064777445158,0.00336639863606049,0.00216379079721064,-0.00289575086160891,-0.00169314302275906,-2.83848634721261,-2.20084134314938
A13,T2_pos-1_4,T2,pos-1,4,10,NIC251,0,0.00336639863606049,0.00216379079721064,-0.00336639863606049,-0.00216379079721064,-66.8792444409122,-66.2415994368489
A6,T2_ctrl_A,T2,ctrl,A,10,NIC251,0.00332862241321887,0.00336639863606049,0.00216379079721064,-3.7776222841613e-05,0.00116483161600823,-0.0162807995183219,0.621364204544909
A7,T2_ctrl_B,T2,ctrl,B,10,NIC251,0.000998959181202411,0.00336639863606049,0.00216379079721064,-0.00236743945485808,-0.00116483161600823,-1.75270839131548,-1.11506338725225
A10,T2_pos-1_1,T2,pos-1,1,3,NIC252,0,0,8.90383958051999e-06,0,-8.90383958051999e-06,0,-58.3166817310726
A11,T2_pos-1_2,T2,pos-1,2,3,NIC252,0,0,8.90383958051999e-06,0,-8.90383958051999e-06,0,-58.3166817310726
A12,T2_pos-1_3,T2,pos-1,3,3,NIC252,0,0,8.90383958051999e-06,0,-8.90383958051999e-06,0,-58.3166817310726
A13,T2_pos-1_4,T2,pos-1,4,3,NIC252,0,0,8.90383958051999e-06,0,-8.90383958051999e-06,0,-58.3166817310726
A6,T2_ctrl_A,T2,ctrl,A,3,NIC252,0,0,8.90383958051999e-06,0,-8.90383958051999e-06,0,-58.3166817310726
A7,T2_ctrl_B,T2,ctrl,B,3,NIC252,1.780767916104e-05,0,8.90383958051999e-06,1.780767916104e-05,8.90383958051999e-06,59.3166817310726,1
A10,T2_pos-1_1,T2,pos-1,1,5,NIC252,0,0,0,0,0,0,0
A11,T2_pos-1_2,T2,pos-1,2,5,NIC252,0,0,0,0,0,0,0
A12,T2_pos-1_3,T2,pos-1,3,5,NIC252,0,0,0,0,0,0,0
A13,T2_pos-1_4,T2,pos-1,4,5,NIC252,0,0,0,0,0,0,0
A6,T2_ctrl_A,T2,ctrl,A,5,NIC252,0,0,0,0,0,0,0
A7,T2_ctrl_B,T2,ctrl,B,5,NIC252,0,0,0,0,0,0,0
A10,T2_pos-1_1,T2,pos-1,1,10,NIC252,0,0,0,0,0,0,0
A11,T2_pos-1_2,T2,pos-1,2,10,NIC252,0,0,0,0,0,0,0
A12,T2_pos-1_3,T2,pos-1,3,10,NIC252,0,0,0,0,0,0,0
A13,T2_pos-1_4,T2,pos-1,4,10,NIC252,0.000314725216963749,0,0,0.000314725216963749,0.000314725216963749,63.4602030982086,63.4602030982086
A6,T2_ctrl_A,T2,ctrl,A,10,NIC252,0,0,0,0,0,0,0
A7,T2_ctrl_B,T2,ctrl,B,10,NIC252,0,0,0,0,0,0,0
A10,T2_pos-1_1,T2,pos-1,1,3,NIC255,0,0.00397735368479144,0,-0.00397735368479144,0,-67.1198472746973,0
A11,T2_pos-1_2,T2,pos-1,2,3,NIC255,0,0.00397735368479144,0,-0.00397735368479144,0,-67.1198472746973,0
A12,T2_pos-1_3,T2,pos-1,3,3,NIC255,0,0.00397735368479144,0,-0.00397735368479144,0,-67.1198472746973,0
A13,T2_pos-1_4,T2,pos-1,4,3,NIC255,0,0.00397735368479144,0,-0.00397735368479144,0,-67.1198472746973,0
A6,T2_ctrl_A,T2,ctrl,A,3,NIC255,0,0.00397735368479144,0,-0.00397735368479144,0,-67.1198472746973,0
A7,T2_ctrl_B,T2,ctrl,B,3,NIC255,0,0.00397735368479144,0,-0.00397735368479144,0,-67.1198472746973,0
A10,T2_pos-1_1,T2,pos-1,1,5,NIC255,0,0.00496411745399147,0,-0.00496411745399147,0,-67.4395756665962,0
A11,T2_pos-1_2,T2,pos-1,2,5,NIC255,0,0.00496411745399147,0,-0.00496411745399147,0,-67.4395756665962,0
A12,T2_pos-1_3,T2,pos-1,3,5,NIC255,0,0.00496411745399147,0,-0.00496411745399147,0,-67.4395756665962,0
A13,T2_pos-1_4,T2,pos-1,4,5,NIC255,0,0.00496411745399147,0,-0.00496411745399147,0,-67.4395756665962,0
A6,T2_ctrl_A,T2,ctrl,A,5,NIC255,0,0.00496411745399147,0,-0.00496411745399147,0,-67.4395756665962,0
A7,T2_ctrl_B,T2,ctrl,B,5,NIC255,0,0.00496411745399147,0,-0.00496411745399147,0,-67.4395756665962,0
A10,T2_pos-1_1,T2,pos-1,1,10,NIC255,0,0.00455601457996515,0,-0.00455601457996515,0,-67.3158107796006,0
A11,T2_pos-1_2,T2,pos-1,2,10,NIC255,0,0.00455601457996515,0,-0.00455601457996515,0,-67.3158107796006,0
A12,T2_pos-1_3,T2,pos-1,3,10,NIC255,0,0.00455601457996515,0,-0.00455601457996515,0,-67.3158107796006,0
A13,T2_pos-1_4,T2,pos-1,4,10,NIC255,0,0.00455601457996515,0,-0.00455601457996515,0,-67.3158107796006,0
A6,T2_ctrl_A,T2,ctrl,A,10,NIC255,0,0.00455601457996515,0,-0.00455601457996515,0,-67.3158107796006,0
A7,T2_ctrl_B,T2,ctrl,B,10,NIC255,0,0.00455601457996515,0,-0.00455601457996515,0,-67.3158107796006,0
A10,T2_pos-1_1,T2,pos-1,1,3,NIC256,0,0.000403040613143562,8.26501492571555e-05,-0.000403040613143562,-8.26501492571555e-05,-63.8170355427591,-61.5311996507907
A11,T2_pos-1_2,T2,pos-1,2,3,NIC256,0.000846006048529879,0.000403040613143562,8.26501492571555e-05,0.000442965435386317,0.000763355899272723,1.06974275599589,3.35557864796424
A12,T2_pos-1_3,T2,pos-1,3,3,NIC256,0,0.000403040613143562,8.26501492571555e-05,-0.000403040613143562,-8.26501492571555e-05,-63.8170355427591,-61.5311996507907
A13,T2_pos-1_4,T2,pos-1,4,3,NIC256,0,0.000403040613143562,8.26501492571555e-05,-0.000403040613143562,-8.26501492571555e-05,-63.8170355427591,-61.5311996507907
A6,T2_ctrl_A,T2,ctrl,A,3,NIC256,0,0.000403040613143562,8.26501492571555e-05,-0.000403040613143562,-8.26501492571555e-05,-63.8170355427591,-61.5311996507907
A7,T2_ctrl_B,T2,ctrl,B,3,NIC256,0.000165300298514311,0.000403040613143562,8.26501492571555e-05,-0.000237740314629251,8.26501492571555e-05,-1.28583589196835,1
A10,T2_pos-1_1,T2,pos-1,1,5,NIC256,0,0.00105572301410696,0.000567881775531783,-0.00105572301410696,-0.000567881775531783,-65.2062697858169,-64.3117009343287
A11,T2_pos-1_2,T2,pos-1,2,5,NIC256,0.00139567482884147,0.00105572301410696,0.000567881775531783,0.000339951814734509,0.000827793053309683,0.402731484418457,1.29730033590666
A12,T2_pos-1_3,T2,pos-1,3,5,NIC256,0,0.00105572301410696,0.000567881775531783,-0.00105572301410696,-0.000567881775531783,-65.2062697858169,-64.3117009343287
A13,T2_pos-1_4,T2,pos-1,4,5,NIC256,0,0.00105572301410696,0.000567881775531783,-0.00105572301410696,-0.000567881775531783,-65.2062697858169,-64.3117009343287
A6,T2_ctrl_A,T2,ctrl,A,5,NIC256,0,0.00105572301410696,0.000567881775531783,-0.00105572301410696,-0.000567881775531783,-65.2062697858169,-64.3117009343287
A7,T2_ctrl_B,T2,ctrl,B,5,NIC256,0.00113576355106357,0.00105572301410696,0.000567881775531783,8.00405369566083e-05,0.000567881775531783,0.105431148511797,1
A10,T2_pos-1_1,T2,pos-1,1,10,NIC256,0,0.00117289568328069,0,-0.00117289568328069,0,-65.3581131222368,0
A11,T2_pos-1_2,T2,pos-1,2,10,NIC256,0.000138435033106455,0.00117289568328069,0,-0.00103446065017424,0.000138435033106455,-3.08279371616211,62.2753194060747
A12,T2_pos-1_3,T2,pos-1,3,10,NIC256,0,0.00117289568328069,0,-0.00117289568328069,0,-65.3581131222368,0
A13,T2_pos-1_4,T2,pos-1,4,10,NIC256,0,0.00117289568328069,0,-0.00117289568328069,0,-65.3581131222368,0
A6,T2_ctrl_A,T2,ctrl,A,10,NIC256,0,0.00117289568328069,0,-0.00117289568328069,0,-65.3581131222368,0
A7,T2_ctrl_B,T2,ctrl,B,10,NIC256,0,0.00117289568328069,0,-0.00117289568328069,0,-65.3581131222368,0
A10,T2_pos-1_1,T2,pos-1,1,3,NIC258,0,0,0.000560133730806619,0,-0.000560133730806619,0,-64.2918816296544
A11,T2_pos-1_2,T2,pos-1,2,3,NIC258,0,0,0.000560133730806619,0,-0.000560133730806619,0,-64.2918816296544
A12,T2_pos-1_3,T2,pos-1,3,3,NIC258,0,0,0.000560133730806619,0,-0.000560133730806619,0,-64.2918816296544
A13,T2_pos-1_4,T2,pos-1,4,3,NIC258,0,0,0.000560133730806619,0,-0.000560133730806619,0,-64.2918816296544
A6,T2_ctrl_A,T2,ctrl,A,3,NIC258,0.000811675103764453,0,0.000560133730806619,0.000811675103764453,0.000251541372957834,64.8270126837041,0.535131054049649
A7,T2_ctrl_B,T2,ctrl,B,3,NIC258,0.000308592357848785,0,0.000560133730806619,0.000308592357848785,-0.000251541372957834,63.4318126554642,-0.860068974190225
A10,T2_pos-1_1,T2,pos-1,1,5,NIC258,0,0,0.000199036575944549,0,-0.000199036575944549,0,-62.7991438927082
A11,T2_pos-1_2,T2,pos-1,2,5,NIC258,0,0,0.000199036575944549,0,-0.000199036575944549,0,-62.7991438927082
A12,T2_pos-1_3,T2,pos-1,3,5,NIC258,0,0,0.000199036575944549,0,-0.000199036575944549,0,-62.7991438927082
A13,T2_pos-1_4,T2,pos-1,4,5,NIC258,0,0,0.000199036575944549,0,-0.000199036575944549,0,-62.7991438927082
A6,T2_ctrl_A,T2,ctrl,A,5,NIC258,0.000393144880877422,0,0.000199036575944549,0.000393144880877422,0.000194108304932873,63.781171390048,0.982027497339796
A7,T2_ctrl_B,T2,ctrl,B,5,NIC258,4.92827101167649e-06,0,0.000199036575944549,4.92827101167649e-06,-0.000194108304932873,57.4633357248202,-5.33580816788798
A10,T2_pos-1_1,T2,pos-1,1,10,NIC258,0.000210095729026148,0.000314077944737653,7.74111599830385e-05,-0.000103982215711506,0.000132684569043109,-0.580075803055127,1.44043336152346
A11,T2_pos-1_2,T2,pos-1,2,10,NIC258,0,0.000314077944737653,7.74111599830385e-05,-0.000314077944737653,-7.74111599830385e-05,-63.4572329580522,-61.4367237934736
A12,T2_pos-1_3,T2,pos-1,3,10,NIC258,0,0.000314077944737653,7.74111599830385e-05,-0.000314077944737653,-7.74111599830385e-05,-63.4572329580522,-61.4367237934736
A13,T2_pos-1_4,T2,pos-1,4,10,NIC258,0,0.000314077944737653,7.74111599830385e-05,-0.000314077944737653,-7.74111599830385e-05,-63.4572329580522,-61.4367237934736
A6,T2_ctrl_A,T2,ctrl,A,10,NIC258,0.000154822319966077,0.000314077944737653,7.74111599830385e-05,-0.000159255624771576,7.74111599830385e-05,-1.02050916457859,1
A7,T2_ctrl_B,T2,ctrl,B,10,NIC258,0,0.000314077944737653,7.74111599830385e-05,-0.000314077944737653,-7.74111599830385e-05,-63.4572329580522,-61.4367237934736
A10,T2_pos-1_1,T2,pos-1,1,3,NIC259,0,0.00456385243331571,0,-0.00456385243331571,0,-67.3182905602658,0
A11,T2_pos-1_2,T2,pos-1,2,3,NIC259,0,0.00456385243331571,0,-0.00456385243331571,0,-67.3182905602658,0
A12,T2_pos-1_3,T2,pos-1,3,3,NIC259,0,0.00456385243331571,0,-0.00456385243331571,0,-67.3182905602658,0
A13,T2_pos-1_4,T2,pos-1,4,3,NIC259,0,0.00456385243331571,0,-0.00456385243331571,0,-67.3182905602658,0
A6,T2_ctrl_A,T2,ctrl,A,3,NIC259,0,0.00456385243331571,0,-0.00456385243331571,0,-67.3182905602658,0
A7,T2_ctrl_B,T2,ctrl,B,3,NIC259,0,0.00456385243331571,0,-0.00456385243331571,0,-67.3182905602658,0
A10,T2_pos-1_1,T2,pos-1,1,5,NIC259,0,0.00414710436565715,0,-0.00414710436565715,0,-67.1801427701305,0
A11,T2_pos-1_2,T2,pos-1,2,5,NIC259,0,0.00414710436565715,0,-0.00414710436565715,0,-67.1801427701305,0
A12,T2_pos-1_3,T2,pos-1,3,5,NIC259,0,0.00414710436565715,0,-0.00414710436565715,0,-67.1801427701305,0
A13,T2_pos-1_4,T2,pos-1,4,5,NIC259,0,0.00414710436565715,0,-0.00414710436565715,0,-67.1801427701305,0
A6,T2_ctrl_A,T2,ctrl,A,5,NIC259,0,0.00414710436565715,0,-0.00414710436565715,0,-67.1801427701305,0
A7,T2_ctrl_B,T2,ctrl,B,5,NIC259,0,0.00414710436565715,0,-0.00414710436565715,0,-67.1801427701305,0
A10,T2_pos-1_1,T2,pos-1,1,10,NIC259,0,0.00443304488026977,0.000947291954775407,-0.00443304488026977,-0.000947291954775407,-67.2763363841575,-65.0499194527246
A11,T2_pos-1_2,T2,pos-1,2,10,NIC259,0.000166650359903553,0.00443304488026977,0.000947291954775407,-0.00426639452036622,-0.000780641594871854,-4.73340163020644,-2.5069846987736
A12,T2_pos-1_3,T2,pos-1,3,10,NIC259,0,0.00443304488026977,0.000947291954775407,-0.00443304488026977,-0.000947291954775407,-67.2763363841575,-65.0499194527246
A13,T2_pos-1_4,T2,pos-1,4,10,NIC259,0,0.00443304488026977,0.000947291954775407,-0.00443304488026977,-0.000947291954775407,-67.2763363841575,-65.0499194527246
A6,T2_ctrl_A,T2,ctrl,A,10,NIC259,0.00078794781080758,0.00443304488026977,0.000947291954775407,-0.00364509706946219,-0.000159344143967827,-2.49212598643729,-0.265709055004448
A7,T2_ctrl_B,T2,ctrl,B,10,NIC259,0.00110663609874323,0.00443304488026977,0.000947291954775407,-0.00332640878152654,0.000159344143967827,-2.00211707773186,0.224299853700975
A10,T2_pos-1_1,T2,pos-1,1,3,NIC260,0,0,0,0,0,0,0
A11,T2_pos-1_2,T2,pos-1,2,3,NIC260,0,0,0,0,0,0,0
A12,T2_pos-1_3,T2,pos-1,3,3,NIC260,0,0,0,0,0,0,0
A13,T2_pos-1_4,T2,pos-1,4,3,NIC260,0,0,0,0,0,0,0
A6,T2_ctrl_A,T2,ctrl,A,3,NIC260,0,0,0,0,0,0,0
A7,T2_ctrl_B,T2,ctrl,B,3,NIC260,0,0,0,0,0,0,0
A10,T2_pos-1_1,T2,pos-1,1,5,NIC260,0,0,0,0,0,0,0
A11,T2_pos-1_2,T2,pos-1,2,5,NIC260,0,0,0,0,0,0,0
A12,T2_pos-1_3,T2,pos-1,3,5,NIC260,0,0,0,0,0,0,0
A13,T2_pos-1_4,T2,pos-1,4,5,NIC260,0,0,0,0,0,0,0
A6,T2_ctrl_A,T2,ctrl,A,5,NIC260,0,0,0,0,0,0,0
A7,T2_ctrl_B,T2,ctrl,B,5,NIC260,0,0,0,0,0,0,0
A10,T2_pos-1_1,T2,pos-1,1,10,NIC260,0,0,0,0,0,0,0
A11,T2_pos-1_2,T2,pos-1,2,10,NIC260,0,0,0,0,0,0,0
A12,T2_pos-1_3,T2,pos-1,3,10,NIC260,0,0,0,0,0,0,0
A13,T2_pos-1_4,T2,pos-1,4,10,NIC260,0,0,0,0,0,0,0
A6,T2_ctrl_A,T2,ctrl,A,10,NIC260,0,0,0,0,0,0,0
A7,T2_ctrl_B,T2,ctrl,B,10,NIC260,0,0,0,0,0,0,0
A10,T2_pos-1_1,T2,pos-1,1,3,NIC261,0,0,0.000615616473290867,0,-0.000615616473290867,0,-64.4281421580901
A11,T2_pos-1_2,T2,pos-1,2,3,NIC261,0,0,0.000615616473290867,0,-0.000615616473290867,0,-64.4281421580901
A12,T2_pos-1_3,T2,pos-1,3,3,NIC261,0,0,0.000615616473290867,0,-0.000615616473290867,0,-64.4281421580901
A13,T2_pos-1_4,T2,pos-1,4,3,NIC261,0,0,0.000615616473290867,0,-0.000615616473290867,0,-64.4281421580901
A6,T2_ctrl_A,T2,ctrl,A,3,NIC261,0.00123123294658173,0,0.000615616473290867,0.00123123294658173,0.000615616473290867,65.4281421580901,1
A7,T2_ctrl_B,T2,ctrl,B,3,NIC261,0,0,0.000615616473290867,0,-0.000615616473290867,0,-64.4281421580901
A10,T2_pos-1_1,T2,pos-1,1,5,NIC261,0,0,0.000796144666531344,0,-0.000796144666531344,0,-64.7991409258535
A11,T2_pos-1_2,T2,pos-1,2,5,NIC261,0,0,0.000796144666531344,0,-0.000796144666531344,0,-64.7991409258535
A12,T2_pos-1_3,T2,pos-1,3,5,NIC261,0,0,0.000796144666531344,0,-0.000796144666531344,0,-64.7991409258535
A13,T2_pos-1_4,T2,pos-1,4,5,NIC261,0,0,0.000796144666531344,0,-0.000796144666531344,0,-64.7991409258535
A6,T2_ctrl_A,T2,ctrl,A,5,NIC261,0.00159228933306269,0,0.000796144666531344,0.00159228933306269,0.000796144666531344,65.7991409258535,1
A7,T2_ctrl_B,T2,ctrl,B,5,NIC261,0,0,0.000796144666531344,0,-0.000796144666531344,0,-64.7991409258535
A10,T2_pos-1_1,T2,pos-1,1,10,NIC261,0,0,0.000762342458819514,0,-0.000762342458819514,0,-64.7365495503544
A11,T2_pos-1_2,T2,pos-1,2,10,NIC261,0,0,0.000762342458819514,0,-0.000762342458819514,0,-64.7365495503544
A12,T2_pos-1_3,T2,pos-1,3,10,NIC261,0,0,0.000762342458819514,0,-0.000762342458819514,0,-64.7365495503544
A13,T2_pos-1_4,T2,pos-1,4,10,NIC261,0,0,0.000762342458819514,0,-0.000762342458819514,0,-64.7365495503544
A6,T2_ctrl_A,T2,ctrl,A,10,NIC261,0.00152468491763903,0,0.000762342458819514,0.00152468491763903,0.000762342458819514,65.7365495503543,1
A7,T2_ctrl_B,T2,ctrl,B,10,NIC261,0,0,0.000762342458819514,0,-0.000762342458819514,0,-64.7365495503544
A10,T2_pos-1_1,T2,pos-1,1,3,NIC262,0,0.0002348992486222,0.00206160789906421,-0.0002348992486222,-0.00206160789906421,-63.0381524193829,-66.1718083857119
A11,T2_pos-1_2,T2,pos-1,2,3,NIC262,0.00161067055597754,0.0002348992486222,0.00206160789906421,0.00137577130735534,-0.000450937343086671,2.77754743395659,-0.356108532372425
A12,T2_pos-1_3,T2,pos-1,3,3,NIC262,0.0012017065497332,0.0002348992486222,0.00206160789906421,0.000966807301110998,-0.000859901349331008,2.35497063701118,-0.778685329317835
A13,T2_pos-1_4,T2,pos-1,4,3,NIC262,0.000246806404379027,0.0002348992486222,0.00206160789906421,1.19071557568275e-05,-0.00181480149468518,0.0713377328899396,-3.06231823343908
A6,T2_ctrl_A,T2,ctrl,A,3,NIC262,0.000912040790416608,0.0002348992486222,0.00206160789906421,0.000677141541794408,-0.0011495671086476,1.95705625083267,-1.17659971549634
A7,T2_ctrl_B,T2,ctrl,B,3,NIC262,0.0032111750077118,0.0002348992486222,0.00206160789906421,0.0029762757590896,0.0011495671086476,3.77298728980298,0.639331323473966
A10,T2_pos-1_1,T2,pos-1,1,5,NIC262,0,0,0.00202691195870213,0,-0.00202691195870213,0,-66.1473218407104
A11,T2_pos-1_2,T2,pos-1,2,5,NIC262,0.00175073848092409,0,0.00202691195870213,0.00175073848092409,-0.000276173477778039,65.9360020109166,-0.211319829793757
A12,T2_pos-1_3,T2,pos-1,3,5,NIC262,0.00147894881940376,0,0.00202691195870213,0.00147894881940376,-0.000547963139298373,65.6926105430007,-0.454711297709663
A13,T2_pos-1_4,T2,pos-1,4,5,NIC262,0.000362368163446879,0,0.00202691195870213,0.000362368163446879,-0.00166454379525525,63.6635665310078,-2.48375530970262
A6,T2_ctrl_A,T2,ctrl,A,5,NIC262,0.00102114608590691,0,0.00202691195870213,0.00102114608590691,-0.00100576587279523,65.1582276896852,-0.989094151025175
A7,T2_ctrl_B,T2,ctrl,B,5,NIC262,0.00303267783149736,0,0.00202691195870213,0.00303267783149736,0.00100576587279522,66.7286306609085,0.581308820198142
A10,T2_pos-1_1,T2,pos-1,1,10,NIC262,0,0.000216761210070129,0.00225893628049579,-0.000216761210070129,-0.00225893628049579,-62.9222169269168,-66.3036819918231
A11,T2_pos-1_2,T2,pos-1,2,10,NIC262,0.00257109190858196,0.000216761210070129,0.00225893628049579,0.00235433069851183,0.000312155628086169,3.56820267175679,0.186737606850518
A12,T2_pos-1_3,T2,pos-1,3,10,NIC262,0.00146100974247043,0.000216761210070129,0.00225893628049579,0.0012442485324003,-0.000797926538025364,2.7527872872945,-0.628677777611769
A13,T2_pos-1_4,T2,pos-1,4,10,NIC262,0.000916476841852969,0.000216761210070129,0.00225893628049579,0.000699715631782839,-0.00134245943864283,2.07999182013828,-1.30147324476799
A6,T2_ctrl_A,T2,ctrl,A,10,NIC262,0.00155314267122991,0.000216761210070129,0.00225893628049579,0.00133638146115978,-0.000705793609265882,2.84101185013422,-0.540453214772049
A7,T2_ctrl_B,T2,ctrl,B,10,NIC262,0.00296472988976168,0.000216761210070129,0.00225893628049579,0.00274796867969155,0.000705793609265882,3.77372215865878,0.392257093752511
A10,T2_pos-1_1,T2,pos-1,1,3,NIC265,0,0.011294978101715,0.0113871844709715,-0.011294978101715,-0.0113871844709715,-68.625647984273,-68.6373775893329
A11,T2_pos-1_2,T2,pos-1,2,3,NIC265,0,0.011294978101715,0.0113871844709715,-0.011294978101715,-0.0113871844709715,-68.625647984273,-68.6373775893329
A12,T2_pos-1_3,T2,pos-1,3,3,NIC265,0,0.011294978101715,0.0113871844709715,-0.011294978101715,-0.0113871844709715,-68.625647984273,-68.6373775893329
A13,T2_pos-1_4,T2,pos-1,4,3,NIC265,0,0.011294978101715,0.0113871844709715,-0.011294978101715,-0.0113871844709715,-68.625647984273,-68.6373775893329
A6,T2_ctrl_A,T2,ctrl,A,3,NIC265,0.00906753316446471,0.011294978101715,0.0113871844709715,-0.00222744493725027,-0.00231965130650683,-0.316899451721087,-0.328629056780997
A7,T2_ctrl_B,T2,ctrl,B,3,NIC265,0.0137068357774784,0.011294978101715,0.0113871844709715,0.00241185767576338,0.00231965130650682,0.279214089767332,0.267484484707421
A10,T2_pos-1_1,T2,pos-1,1,5,NIC265,0,0.011457109357932,0.0116257733834634,-0.011457109357932,-0.0116257733834634,-68.6462096069448,-68.6672932026638
A11,T2_pos-1_2,T2,pos-1,2,5,NIC265,0,0.011457109357932,0.0116257733834634,-0.011457109357932,-0.0116257733834634,-68.6462096069448,-68.6672932026638
A12,T2_pos-1_3,T2,pos-1,3,5,NIC265,0,0.011457109357932,0.0116257733834634,-0.011457109357932,-0.0116257733834634,-68.6462096069448,-68.6672932026638
A13,T2_pos-1_4,T2,pos-1,4,5,NIC265,0,0.011457109357932,0.0116257733834634,-0.011457109357932,-0.0116257733834634,-68.6462096069448,-68.6672932026638
A6,T2_ctrl_A,T2,ctrl,A,5,NIC265,0.00932688151733459,0.011457109357932,0.0116257733834634,-0.00213022784059745,-0.0022988918661288,-0.296776400796596,-0.317859996515607
A7,T2_ctrl_B,T2,ctrl,B,5,NIC265,0.0139246652495922,0.011457109357932,0.0116257733834634,0.00246755589166015,0.0022988918661288,0.281399549080788,0.260315953361777
A10,T2_pos-1_1,T2,pos-1,1,10,NIC265,0,0.0114091685464838,0.0119373680988223,-0.0114091685464838,-0.0119373680988223,-68.6401601683294,-68.7054513028537
A11,T2_pos-1_2,T2,pos-1,2,10,NIC265,0,0.0114091685464838,0.0119373680988223,-0.0114091685464838,-0.0119373680988223,-68.6401601683294,-68.7054513028537
A12,T2_pos-1_3,T2,pos-1,3,10,NIC265,0,0.0114091685464838,0.0119373680988223,-0.0114091685464838,-0.0119373680988223,-68.6401601683294,-68.7054513028537
A13,T2_pos-1_4,T2,pos-1,4,10,NIC265,0.000581810457291757,0.0114091685464838,0.0119373680988223,-0.010827358089192,-0.0113555576415305,-4.29350062026935,-4.35879175479366
A6,T2_ctrl_A,T2,ctrl,A,10,NIC265,0.00960800617042346,0.0114091685464838,0.0119373680988223,-0.00180116237606031,-0.00232936192839884,-0.247884675066934,-0.313175809591246
A7,T2_ctrl_B,T2,ctrl,B,10,NIC265,0.0142667300272211,0.0114091685464838,0.0119373680988223,0.00285756148073736,0.00232936192839884,0.322461045384584,0.257169910860272
A10,T2_pos-1_1,T2,pos-1,1,3,NIC266,0,0.00538075232239271,0.00463674703639448,-0.00538075232239271,-0.00463674703639448,-67.5558463163408,-67.3411514365003
A11,T2_pos-1_2,T2,pos-1,2,3,NIC266,0,0.00538075232239271,0.00463674703639448,-0.00538075232239271,-0.00463674703639448,-67.5558463163408,-67.3411514365003
A12,T2_pos-1_3,T2,pos-1,3,3,NIC266,0.000222886050825798,0.00538075232239271,0.00463674703639448,-0.00515786627156691,-0.00441386098556868,-4.59342966621249,-4.37873478637197
A13,T2_pos-1_4,T2,pos-1,4,3,NIC266,0.00364945456872225,0.00538075232239271,0.00463674703639448,-0.00173129775367046,-0.000987292467672226,-0.560127039337292,-0.345432159496772
A6,T2_ctrl_A,T2,ctrl,A,3,NIC266,0.00466206393867959,0.00538075232239271,0.00463674703639448,-0.000718688383713117,2.5316902285113e-05,-0.206839109952915,0.0078557698876048
A7,T2_ctrl_B,T2,ctrl,B,3,NIC266,0.00461143013410937,0.00538075232239271,0.00463674703639448,-0.000769322188283343,-2.5316902285113e-05,-0.222593660311911,-0.00789878047139115
A10,T2_pos-1_1,T2,pos-1,1,5,NIC266,0,0.00471625834220698,0.00432355234831787,-0.00471625834220698,-0.00432355234831787,-67.3656811625995,-67.2402555728351
A11,T2_pos-1_2,T2,pos-1,2,5,NIC266,0,0.00471625834220698,0.00432355234831787,-0.00471625834220698,-0.00432355234831787,-67.3656811625995,-67.2402555728351
A12,T2_pos-1_3,T2,pos-1,3,5,NIC266,0,0.00471625834220698,0.00432355234831787,-0.00471625834220698,-0.00432355234831787,-67.3656811625995,-67.2402555728351
A13,T2_pos-1_4,T2,pos-1,4,5,NIC266,0.00312129103072289,0.00471625834220698,0.00432355234831787,-0.0015949673114841,-0.00120226131759498,-0.59549986577443,-0.470074276010047
A6,T2_ctrl_A,T2,ctrl,A,5,NIC266,0.00439783329758869,0.00471625834220698,0.00432355234831787,-0.00031842504461829,7.4280949270822e-05,-0.100849827863431,0.0245757619009522
A7,T2_ctrl_B,T2,ctrl,B,5,NIC266,0.00424927139904705,0.00471625834220698,0.00432355234831787,-0.000466986943159933,-7.42809492708212e-05,-0.150427256028654,-0.025001666264271
A10,T2_pos-1_1,T2,pos-1,1,10,NIC266,0,0.00372123098182763,0.00349090348244686,-0.00372123098182763,-0.00349090348244686,-67.0238183589663,-66.9316388850697
A11,T2_pos-1_2,T2,pos-1,2,10,NIC266,0,0.00372123098182763,0.00349090348244686,-0.00372123098182763,-0.00349090348244686,-67.0238183589663,-66.9316388850697
A12,T2_pos-1_3,T2,pos-1,3,10,NIC266,0,0.00372123098182763,0.00349090348244686,-0.00372123098182763,-0.00349090348244686,-67.0238183589663,-66.9316388850697
A13,T2_pos-1_4,T2,pos-1,4,10,NIC266,0.00190757104971522,0.00372123098182763,0.00349090348244686,-0.00181365993211241,-0.00158333243273164,-0.964043150345678,-0.871863676449135
A6,T2_ctrl_A,T2,ctrl,A,10,NIC266,0.00341858364402366,0.00372123098182763,0.00349090348244686,-0.000302647337803966,-7.23198384231993e-05,-0.122381218445993,-0.0302017445494501
A7,T2_ctrl_B,T2,ctrl,B,10,NIC266,0.00356322332087006,0.00372123098182763,0.00349090348244686,-0.000158007660957567,7.23198384231993e-05,-0.0625970377351111,0.0295824361614314
A10,T2_pos-1_1,T2,pos-1,1,3,NIC267,0.00121443871683765,0,0.00415671616694576,0.00121443871683765,-0.0029422774501081,65.4083281060439,-1.77515454943021
A11,T2_pos-1_2,T2,pos-1,2,3,NIC267,0,0,0.00415671616694576,0,-0.00415671616694576,0,-67.1834826554741
A12,T2_pos-1_3,T2,pos-1,3,3,NIC267,0.000803301968980361,0,0.00415671616694576,0.000803301968980361,-0.0033534141979654,64.8120527335295,-2.37142992194466
A13,T2_pos-1_4,T2,pos-1,4,3,NIC267,0,0,0.00415671616694576,0,-0.00415671616694576,0,-67.1834826554741
A6,T2_ctrl_A,T2,ctrl,A,3,NIC267,0.00678677139080765,0,0.00415671616694576,0.00678677139080765,0.00263005522386189,67.8907638331369,0.707281177662761
A7,T2_ctrl_B,T2,ctrl,B,3,NIC267,0.00152666094308387,0,0.00415671616694576,0.00152666094308387,-0.00263005522386189,65.7384181045194,-1.44506455095475
A10,T2_pos-1_1,T2,pos-1,1,5,NIC267,0.000990967468093358,0,0.00433584944400605,0.000990967468093358,-0.0033448819759127,65.1149480175835,-2.12940506021049
A11,T2_pos-1_2,T2,pos-1,2,5,NIC267,0,0,0.00433584944400605,0,-0.00433584944400605,0,-67.244353077794
A12,T2_pos-1_3,T2,pos-1,3,5,NIC267,0.000732685797700632,0,0.00433584944400605,0.000732685797700632,-0.00360316364630542,64.6793049717177,-2.56504810607633
A13,T2_pos-1_4,T2,pos-1,4,5,NIC267,0,0,0.00433584944400605,0,-0.00433584944400605,0,-67.244353077794
A6,T2_ctrl_A,T2,ctrl,A,5,NIC267,0.0071875948007263,0,0.00433584944400605,0.0071875948007263,0.00285174535672024,67.9735474951806,0.729194417386594
A7,T2_ctrl_B,T2,ctrl,B,5,NIC267,0.00148410408728581,0,0.00433584944400605,0.00148410408728581,-0.00285174535672024,65.6976306942749,-1.54672238351907
A10,T2_pos-1_1,T2,pos-1,1,10,NIC267,0.00135877564347696,0,0.0049353672168148,0.00135877564347696,-0.00357659157333785,65.5703456784499,-1.86085016988441
A11,T2_pos-1_2,T2,pos-1,2,10,NIC267,0.00042807388698292,0,0.0049353672168148,0.00042807388698292,-0.00450729332983188,63.903970152911,-3.52722569542331
A12,T2_pos-1_3,T2,pos-1,3,10,NIC267,0,0,0.0049353672168148,0,-0.0049353672168148,0,-67.4311958483343
A13,T2_pos-1_4,T2,pos-1,4,10,NIC267,0,0,0.0049353672168148,0,-0.0049353672168148,0,-67.4311958483343
A6,T2_ctrl_A,T2,ctrl,A,10,NIC267,0.00782362880553389,0,0.0049353672168148,0.00782362880553389,0.00288826158871909,68.0958763385012,0.664680490166889
A7,T2_ctrl_B,T2,ctrl,B,10,NIC267,0.00204710562809571,0,0.0049353672168148,0.00204710562809571,-0.00288826158871909,66.1616239612412,-1.26957188709308
A10,T2_pos-1_1,T2,pos-1,1,3,NIC268,0.00513605121082574,5.85102680235512e-05,0.000386017232602548,0.00507754094280219,0.00475003397822319,6.45582595034805,3.73392242852102
A11,T2_pos-1_2,T2,pos-1,2,3,NIC268,0.00570893331597005,5.85102680235512e-05,0.000386017232602548,0.0056504230479465,0.0053229160833675,6.60838757373322,3.88648405190618
A12,T2_pos-1_3,T2,pos-1,3,3,NIC268,0.0090411623248705,5.85102680235512e-05,0.000386017232602548,0.00898265205684695,0.00865514509226795,7.27167461923969,4.54977109741266
A13,T2_pos-1_4,T2,pos-1,4,3,NIC268,0.00716790110826212,5.85102680235512e-05,0.000386017232602548,0.00710939084023857,0.00678188387565958,6.93671709634489,4.21481357451785
A6,T2_ctrl_A,T2,ctrl,A,3,NIC268,0,5.85102680235512e-05,0.000386017232602548,-5.85102680235512e-05,-0.000386017232602548,-61.0328720527836,-63.7547755746106
A7,T2_ctrl_B,T2,ctrl,B,3,NIC268,0.000772034465205096,5.85102680235512e-05,0.000386017232602548,0.000713524197181545,0.000386017232602548,3.72190352182703,1
A10,T2_pos-1_1,T2,pos-1,1,5,NIC268,0.0053065450206378,0,0.000511494222475006,0.0053065450206378,0.00479505079816279,67.53581127411,3.37498300903743
A11,T2_pos-1_2,T2,pos-1,2,5,NIC268,0.00582273584301409,0,0.000511494222475006,0.00582273584301409,0.00531124162053909,67.6697355859679,3.50890732089529
A12,T2_pos-1_3,T2,pos-1,3,5,NIC268,0.00923993497093501,0,0.000511494222475006,0.00923993497093501,0.00872844074846001,68.3359211139344,4.17509284886175
A13,T2_pos-1_4,T2,pos-1,4,5,NIC268,0.00755168342868821,0,0.000511494222475006,0.00755168342868821,0.0070401892062132,68.0448367029808,3.88400843790822
A6,T2_ctrl_A,T2,ctrl,A,5,NIC268,0,0,0.000511494222475006,0,-0.000511494222475006,0,-64.1608282650726
A7,T2_ctrl_B,T2,ctrl,B,5,NIC268,0.00102298844495001,0,0.000511494222475006,0.00102298844495001,0.000511494222475006,65.1608282650726,1
A10,T2_pos-1_1,T2,pos-1,1,10,NIC268,0.00586969622509886,0.000965575367380943,0.000833578852975041,0.00490412085771792,0.00503611737212382,2.60382506400289,2.81589525781813
A11,T2_pos-1_2,T2,pos-1,2,10,NIC268,0.00604942644383972,0.000965575367380943,0.000833578852975041,0.00508385107645878,0.00521584759086468,2.64733758721817,2.85940778103341
A12,T2_pos-1_3,T2,pos-1,3,10,NIC268,0.00985340611347949,0.000965575367380943,0.000833578852975041,0.00888783074609855,0.00901982726050445,3.35116174251612,3.56323193633136
A13,T2_pos-1_4,T2,pos-1,4,10,NIC268,0.00819117098106858,0.000965575367380943,0.000833578852975041,0.00722559561368763,0.00735759212809353,3.08460893188956,3.2966791257048
A6,T2_ctrl_A,T2,ctrl,A,10,NIC268,0.000478479869355264,0.000965575367380943,0.000833578852975041,-0.000487095498025679,-0.000355098983619777,-1.01293064342667,-0.800860449611426
A7,T2_ctrl_B,T2,ctrl,B,10,NIC268,0.00118867783659482,0.000965575367380943,0.000833578852975041,0.000223102469213876,0.000355098983619777,0.299896981874694,0.511967175689934
A10,T2_pos-1_1,T2,pos-1,1,3,NIC269,0.0100568755984567,0.00963889865810519,0.00353218989712887,0.000417976940351528,0.00652468570132785,0.0612419496433255,1.50954735592775
A11,T2_pos-1_2,T2,pos-1,2,3,NIC269,0.0162631934362815,0.00963889865810519,0.00353218989712887,0.00662429477817632,0.0127310035391526,0.754670353989654,2.20297576027408
A12,T2_pos-1_3,T2,pos-1,3,3,NIC269,0.0166588567006539,0.00963889865810519,0.00353218989712887,0.00701995804254872,0.013126666803525,0.789349173316565,2.23765457960099
A13,T2_pos-1_4,T2,pos-1,4,3,NIC269,0.0110226695597097,0.00963889865810519,0.00353218989712887,0.00138377090160448,0.00749047966258081,0.19353345138872,1.64183885767314
A6,T2_ctrl_A,T2,ctrl,A,3,NIC269,0.00271957506131583,0.00963889865810519,0.00353218989712887,-0.00691932359678936,-0.000812614835813036,-1.82548706804715,-0.377181661762732
A7,T2_ctrl_B,T2,ctrl,B,3,NIC269,0.0043448047329419,0.00963889865810519,0.00353218989712887,-0.00529409392516329,0.000812614835813036,-1.1495769733851,0.298728432899323
A10,T2_pos-1_1,T2,pos-1,1,5,NIC269,0.010353814416912,0.00932012251890082,0.00337890190855119,0.00103369189801117,0.0069749125083608,0.151741539238664,1.61553599053089
A11,T2_pos-1_2,T2,pos-1,2,5,NIC269,0.0166578568847527,0.00932012251890082,0.00337890190855119,0.00733773436585187,0.0132789549762015,0.837781977572021,2.30157642886425
A12,T2_pos-1_3,T2,pos-1,3,5,NIC269,0.0166983722091939,0.00932012251890082,0.00337890190855119,0.00737824969029305,0.0133194703006427,0.841286647493274,2.3050810987855
A13,T2_pos-1_4,T2,pos-1,4,5,NIC269,0.0109328366345087,0.00932012251890082,0.00337890190855119,0.00161271411560783,0.00755393472595746,0.23024694607377,1.694041397366
A6,T2_ctrl_A,T2,ctrl,A,5,NIC269,0.00251609135453581,0.00932012251890082,0.00337890190855119,-0.00680403116436501,-0.000862810554015376,-1.88916461543579,-0.425370164143565
A7,T2_ctrl_B,T2,ctrl,B,5,NIC269,0.00424171246256657,0.00932012251890082,0.00337890190855119,-0.00507841005633425,0.000862810554015377,-1.13570209344856,0.328092357843664
A10,T2_pos-1_1,T2,pos-1,1,10,NIC269,0.0112847199580301,0.0100400040278491,0.00499555124792726,0.001244715930181,0.0062891687101028,0.16861076893865,1.17565482691649
A11,T2_pos-1_2,T2,pos-1,2,10,NIC269,0.0177801710932006,0.0100400040278491,0.00499555124792726,0.00774016706535154,0.0127846198452733,0.824509358782613,1.83155341676045
A12,T2_pos-1_3,T2,pos-1,3,10,NIC269,0.0175181263798127,0.0100400040278491,0.00499555124792726,0.00747812235196368,0.0125225751318855,0.803088634227265,1.8101326922051
A13,T2_pos-1_4,T2,pos-1,4,10,NIC269,0.0132227530604466,0.0100400040278491,0.00499555124792726,0.00318274903259755,0.00822720181251935,0.397262738242728,1.40430679622057
A6,T2_ctrl_A,T2,ctrl,A,10,NIC269,0.00411107664749616,0.0100400040278491,0.00499555124792726,-0.00592892738035291,-0.000884474600431106,-1.28817167299302,-0.281127615015178
A7,T2_ctrl_B,T2,ctrl,B,10,NIC269,0.00588002584835837,0.0100400040278491,0.00499555124792726,-0.0041599781794907,0.000884474600431105,-0.771865445851339,0.235178612126499
A10,T2_pos-1_1,T2,pos-1,1,3,NIC271,0,0.00274863692894098,0.000373423608181939,-0.00274863692894098,-0.000373423608181939,-66.5867547676503,-63.7069234597552
A11,T2_pos-1_2,T2,pos-1,2,3,NIC271,0,0.00274863692894098,0.000373423608181939,-0.00274863692894098,-0.000373423608181939,-66.5867547676503,-63.7069234597552
A12,T2_pos-1_3,T2,pos-1,3,3,NIC271,0,0.00274863692894098,0.000373423608181939,-0.00274863692894098,-0.000373423608181939,-66.5867547676503,-63.7069234597552
A13,T2_pos-1_4,T2,pos-1,4,3,NIC271,0.00248904547418301,0.00274863692894098,0.000373423608181939,-0.000259591454757964,0.00211562186600107,-0.143123763749433,2.73670754414567
A6,T2_ctrl_A,T2,ctrl,A,3,NIC271,0,0.00274863692894098,0.000373423608181939,-0.00274863692894098,-0.000373423608181939,-66.5867547676503,-63.7069234597552
A7,T2_ctrl_B,T2,ctrl,B,3,NIC271,0.000746847216363877,0.00274863692894098,0.000373423608181939,-0.0020017897125771,0.000373423608181939,-1.8798313078951,1
A10,T2_pos-1_1,T2,pos-1,1,5,NIC271,0,0.00212562954230289,4.97527857438631e-05,-0.00212562954230289,-4.97527857438631e-05,-66.2159285995577,-60.7989595328101
A11,T2_pos-1_2,T2,pos-1,2,5,NIC271,0,0.00212562954230289,4.97527857438631e-05,-0.00212562954230289,-4.97527857438631e-05,-66.2159285995577,-60.7989595328101
A12,T2_pos-1_3,T2,pos-1,3,5,NIC271,0,0.00212562954230289,4.97527857438631e-05,-0.00212562954230289,-4.97527857438631e-05,-66.2159285995577,-60.7989595328101
A13,T2_pos-1_4,T2,pos-1,4,5,NIC271,0.00286660957515573,0.00212562954230289,4.97527857438631e-05,0.000740980032852843,0.00281685678941187,0.431455242745502,5.84842430949305
A6,T2_ctrl_A,T2,ctrl,A,5,NIC271,0,0.00212562954230289,4.97527857438631e-05,-0.00212562954230289,-4.97527857438631e-05,-66.2159285995577,-60.7989595328101
A7,T2_ctrl_B,T2,ctrl,B,5,NIC271,9.95055714877262e-05,0.00212562954230289,4.97527857438631e-05,-0.00202612397081516,4.97527857438631e-05,-4.41696906674755,1
A10,T2_pos-1_1,T2,pos-1,1,10,NIC271,0,0.00126539436676803,0.0006313151512725,-0.00126539436676803,-0.0006313151512725,-65.4676254941433,-64.4644706963403
A11,T2_pos-1_2,T2,pos-1,2,10,NIC271,0,0.00126539436676803,0.0006313151512725,-0.00126539436676803,-0.0006313151512725,-65.4676254941433,-64.4644706963403
A12,T2_pos-1_3,T2,pos-1,3,10,NIC271,0,0.00126539436676803,0.0006313151512725,-0.00126539436676803,-0.0006313151512725,-65.4676254941433,-64.4644706963403
A13,T2_pos-1_4,T2,pos-1,4,10,NIC271,0.00194557459781798,0.00126539436676803,0.0006313151512725,0.000680180231049953,0.00131425944654548,0.620609219179356,1.62376401698233
A6,T2_ctrl_A,T2,ctrl,A,10,NIC271,0,0.00126539436676803,0.0006313151512725,-0.00126539436676803,-0.0006313151512725,-65.4676254941433,-64.4644706963403
A7,T2_ctrl_B,T2,ctrl,B,10,NIC271,0.001262630302545,0.00126539436676803,0.0006313151512725,-2.76406422302852e-06,0.0006313151512725,-0.00315479780297194,1
A10,T2_pos-1_1,T2,pos-1,1,3,NIC272,0.00152456223923447,0.000773563532293802,0.00340021476114825,0.000750998706940671,-0.00187565252191378,0.978803359307676,-1.15723082276949
A11,T2_pos-1_2,T2,pos-1,2,3,NIC272,0,0.000773563532293802,0.00340021476114825,-0.000773563532293802,-0.00340021476114825,-64.7576301049986,-66.8936642870758
A12,T2_pos-1_3,T2,pos-1,3,3,NIC272,0,0.000773563532293802,0.00340021476114825,-0.000773563532293802,-0.00340021476114825,-64.7576301049986,-66.8936642870758
A13,T2_pos-1_4,T2,pos-1,4,3,NIC272,0.000574915717993754,0.000773563532293802,0.00340021476114825,-0.000198647814300048,-0.0028252990431545,-0.428169310124234,-2.5642034922014
A6,T2_ctrl_A,T2,ctrl,A,3,NIC272,0.00236610504737845,0.000773563532293802,0.00340021476114825,0.00159254151508465,-0.0010341097137698,1.61292243677013,-0.523111745307032
A7,T2_ctrl_B,T2,ctrl,B,3,NIC272,0.00443432447491805,0.000773563532293802,0.00340021476114825,0.00366076094262425,0.0010341097137698,2.51912265176997,0.383088469692807
A10,T2_pos-1_1,T2,pos-1,1,5,NIC272,0.00210336772258903,0.00107753258109604,0.00338608364979453,0.00102583514149299,-0.00128271592720549,0.964969599789927,-0.686916521815091
A11,T2_pos-1_2,T2,pos-1,2,5,NIC272,0.000168029065875106,0.00107753258109604,0.00338608364979453,-0.000909503515220938,-0.00321805458391942,-2.68094877352861,-4.33283489513362
A12,T2_pos-1_3,T2,pos-1,3,5,NIC272,0,0.00107753258109604,0.00338608364979453,-0.00107753258109604,-0.00338608364979453,-65.2357699080959,-66.8876560297009
A13,T2_pos-1_4,T2,pos-1,4,5,NIC272,0.000823274090671266,0.00107753258109604,0.00338608364979453,-0.000254258490424778,-0.00256280955912326,-0.388286763663539,-2.04017288526856
A6,T2_ctrl_A,T2,ctrl,A,5,NIC272,0.00227910600696277,0.00107753258109604,0.00338608364979453,0.00120157342586673,-0.00110697764283176,1.0807365371449,-0.571149584460116
A7,T2_ctrl_B,T2,ctrl,B,5,NIC272,0.00449306129262629,0.00107753258109604,0.00338608364979453,0.00341552871153024,0.00110697764283176,2.05996725029012,0.408081128685101
A10,T2_pos-1_1,T2,pos-1,1,10,NIC272,0.00224994877327624,0.00189092904231825,0.00285898514089272,0.000359019730957991,-0.000609036367616476,0.250796927868476,-0.345610967211152
A11,T2_pos-1_2,T2,pos-1,2,10,NIC272,0.000129644127739217,0.00189092904231825,0.00285898514089272,-0.00176128491457903,-0.0027293410131535,-3.86646646115969,-4.46287435623932
A12,T2_pos-1_3,T2,pos-1,3,10,NIC272,0,0.00189092904231825,0.00285898514089272,-0.00189092904231825,-0.00285898514089272,-66.0471336424331,-66.6435415375128
A13,T2_pos-1_4,T2,pos-1,4,10,NIC272,0.00117133107129408,0.00189092904231825,0.00285898514089272,-0.000719597971024164,-0.00168765406959863,-0.69094632219889,-1.28735421727852
A6,T2_ctrl_A,T2,ctrl,A,10,NIC272,0.00169772513071148,0.00189092904231825,0.00285898514089272,-0.00019320391160677,-0.00116126001018124,-0.155492327716753,-0.751900222796381
A7,T2_ctrl_B,T2,ctrl,B,10,NIC272,0.00402024515107395,0.00189092904231825,0.00285898514089272,0.0021293161087557,0.00116126001018124,1.0881882516455,0.491780356565871
A10,T2_pos-1_1,T2,pos-1,1,3,NIC274,0,0,0,0,0,0,0
A11,T2_pos-1_2,T2,pos-1,2,3,NIC274,0,0,0,0,0,0,0
A12,T2_pos-1_3,T2,pos-1,3,3,NIC274,0,0,0,0,0,0,0
A13,T2_pos-1_4,T2,pos-1,4,3,NIC274,0,0,0,0,0,0,0
A6,T2_ctrl_A,T2,ctrl,A,3,NIC274,0,0,0,0,0,0,0
A7,T2_ctrl_B,T2,ctrl,B,3,NIC274,0,0,0,0,0,0,0
A10,T2_pos-1_1,T2,pos-1,1,5,NIC274,0,0,0,0,0,0,0
A11,T2_pos-1_2,T2,pos-1,2,5,NIC274,0,0,0,0,0,0,0
A12,T2_pos-1_3,T2,pos-1,3,5,NIC274,0,0,0,0,0,0,0
A13,T2_pos-1_4,T2,pos-1,4,5,NIC274,0,0,0,0,0,0,0
A6,T2_ctrl_A,T2,ctrl,A,5,NIC274,0,0,0,0,0,0,0
A7,T2_ctrl_B,T2,ctrl,B,5,NIC274,0,0,0,0,0,0,0
A10,T2_pos-1_1,T2,pos-1,1,10,NIC274,0,0,0.000570095999979223,0,-0.000570095999979223,0,-64.3173151997912
A11,T2_pos-1_2,T2,pos-1,2,10,NIC274,0,0,0.000570095999979223,0,-0.000570095999979223,0,-64.3173151997912
A12,T2_pos-1_3,T2,pos-1,3,10,NIC274,0,0,0.000570095999979223,0,-0.000570095999979223,0,-64.3173151997912
A13,T2_pos-1_4,T2,pos-1,4,10,NIC274,0,0,0.000570095999979223,0,-0.000570095999979223,0,-64.3173151997912
A6,T2_ctrl_A,T2,ctrl,A,10,NIC274,0.00114019199995845,0,0.000570095999979223,0.00114019199995845,0.000570095999979223,65.3173151997912,1
A7,T2_ctrl_B,T2,ctrl,B,10,NIC274,0,0,0.000570095999979223,0,-0.000570095999979223,0,-64.3173151997912
A10,T2_pos-1_1,T2,pos-1,1,3,NIC275,0,0,0.00144878281361985,0,-0.00144878281361985,0,-65.6628797530347
A11,T2_pos-1_2,T2,pos-1,2,3,NIC275,0,0,0.00144878281361985,0,-0.00144878281361985,0,-65.6628797530347
A12,T2_pos-1_3,T2,pos-1,3,3,NIC275,0,0,0.00144878281361985,0,-0.00144878281361985,0,-65.6628797530347
A13,T2_pos-1_4,T2,pos-1,4,3,NIC275,0,0,0.00144878281361985,0,-0.00144878281361985,0,-65.6628797530347
A6,T2_ctrl_A,T2,ctrl,A,3,NIC275,0.00289756562723969,0,0.00144878281361985,0.00289756562723969,0.00144878281361985,66.6628797530347,1
A7,T2_ctrl_B,T2,ctrl,B,3,NIC275,0,0,0.00144878281361985,0,-0.00144878281361985,0,-65.6628797530347
A10,T2_pos-1_1,T2,pos-1,1,5,NIC275,0,0,0.00131605088414321,0,-0.00131605088414321,0,-65.5242536865939
A11,T2_pos-1_2,T2,pos-1,2,5,NIC275,0,0,0.00131605088414321,0,-0.00131605088414321,0,-65.5242536865939
A12,T2_pos-1_3,T2,pos-1,3,5,NIC275,0,0,0.00131605088414321,0,-0.00131605088414321,0,-65.5242536865939
A13,T2_pos-1_4,T2,pos-1,4,5,NIC275,0,0,0.00131605088414321,0,-0.00131605088414321,0,-65.5242536865939
A6,T2_ctrl_A,T2,ctrl,A,5,NIC275,0.00263210176828643,0,0.00131605088414321,0.00263210176828643,0.00131605088414321,66.5242536865939,1
A7,T2_ctrl_B,T2,ctrl,B,5,NIC275,0,0,0.00131605088414321,0,-0.00131605088414321,0,-65.5242536865939
A10,T2_pos-1_1,T2,pos-1,1,10,NIC275,0,0,0.000628330176373748,0,-0.000628330176373748,0,-64.4576331898614
A11,T2_pos-1_2,T2,pos-1,2,10,NIC275,0,0,0.000628330176373748,0,-0.000628330176373748,0,-64.4576331898614
A12,T2_pos-1_3,T2,pos-1,3,10,NIC275,0,0,0.000628330176373748,0,-0.000628330176373748,0,-64.4576331898614
A13,T2_pos-1_4,T2,pos-1,4,10,NIC275,0,0,0.000628330176373748,0,-0.000628330176373748,0,-64.4576331898614
A6,T2_ctrl_A,T2,ctrl,A,10,NIC275,0.0012566603527475,0,0.000628330176373748,0.0012566603527475,0.000628330176373748,65.4576331898614,1
A7,T2_ctrl_B,T2,ctrl,B,10,NIC275,0,0,0.000628330176373748,0,-0.000628330176373748,0,-64.4576331898614
A10,T2_pos-1_1,T2,pos-1,1,3,NIC276,0,0,0,0,0,0,0
A11,T2_pos-1_2,T2,pos-1,2,3,NIC276,0,0,0,0,0,0,0
A12,T2_pos-1_3,T2,pos-1,3,3,NIC276,0,0,0,0,0,0,0
A13,T2_pos-1_4,T2,pos-1,4,3,NIC276,0,0,0,0,0,0,0
A6,T2_ctrl_A,T2,ctrl,A,3,NIC276,0,0,0,0,0,0,0
A7,T2_ctrl_B,T2,ctrl,B,3,NIC276,0,0,0,0,0,0,0
A10,T2_pos-1_1,T2,pos-1,1,5,NIC276,0,0,0,0,0,0,0
A11,T2_pos-1_2,T2,pos-1,2,5,NIC276,0,0,0,0,0,0,0
A12,T2_pos-1_3,T2,pos-1,3,5,NIC276,0,0,0,0,0,0,0
A13,T2_pos-1_4,T2,pos-1,4,5,NIC276,0,0,0,0,0,0,0
A6,T2_ctrl_A,T2,ctrl,A,5,NIC276,0,0,0,0,0,0,0
A7,T2_ctrl_B,T2,ctrl,B,5,NIC276,0,0,0,0,0,0,0
A10,T2_pos-1_1,T2,pos-1,1,10,NIC276,0,0,0,0,0,0,0
A11,T2_pos-1_2,T2,pos-1,2,10,NIC276,0,0,0,0,0,0,0
A12,T2_pos-1_3,T2,pos-1,3,10,NIC276,0,0,0,0,0,0,0
A13,T2_pos-1_4,T2,pos-1,4,10,NIC276,0,0,0,0,0,0,0
A6,T2_ctrl_A,T2,ctrl,A,10,NIC276,0,0,0,0,0,0,0
A7,T2_ctrl_B,T2,ctrl,B,10,NIC276,0,0,0,0,0,0,0
A10,T2_pos-1_1,T2,pos-1,1,3,NIC277,0.00491356827464534,0.000204798656893819,0.00260338930505694,0.00470876961775152,0.0023101789695884,4.58449294340164,0.916380037143799
A11,T2_pos-1_2,T2,pos-1,2,3,NIC277,0.00307555356247146,0.000204798656893819,0.00260338930505694,0.00287075490557764,0.000472164257414524,3.90856794246504,0.240455036207196
A12,T2_pos-1_3,T2,pos-1,3,3,NIC277,0,0.000204798656893819,0.00260338930505694,-0.000204798656893819,-0.00260338930505694,-62.8403165747253,-66.5084294809832
A13,T2_pos-1_4,T2,pos-1,4,3,NIC277,0,0.000204798656893819,0.00260338930505694,-0.000204798656893819,-0.00260338930505694,-62.8403165747253,-66.5084294809832
A6,T2_ctrl_A,T2,ctrl,A,3,NIC277,0.00275544051705311,0.000204798656893819,0.00260338930505694,0.00255064186015929,0.000152051211996174,3.75000482436322,0.0818919181053784
A7,T2_ctrl_B,T2,ctrl,B,3,NIC277,0.00245133809306077,0.000204798656893819,0.00260338930505694,0.00224653943616695,-0.000152051211996174,3.58129131805295,-0.0868215882048958
A10,T2_pos-1_1,T2,pos-1,1,5,NIC277,0.00405474599647002,0.000144778670789959,0.00299671518756856,0.00390996732568006,0.00105803080890146,4.80769056058189,0.436229567382814
A11,T2_pos-1_2,T2,pos-1,2,5,NIC277,0.00353573994988477,0.000144778670789959,0.00299671518756856,0.00339096127909481,0.000539024762316209,4.61009118865582,0.238630195456751
A12,T2_pos-1_3,T2,pos-1,3,5,NIC277,0,0.000144778670789959,0.00299671518756856,-0.000144778670789959,-0.00299671518756856,-62.3399593969026,-66.7114203901016
A13,T2_pos-1_4,T2,pos-1,4,5,NIC277,0,0.000144778670789959,0.00299671518756856,-0.000144778670789959,-0.00299671518756856,-62.3399593969026,-66.7114203901016
A6,T2_ctrl_A,T2,ctrl,A,5,NIC277,0.00318046040336935,0.000144778670789959,0.00299671518756856,0.00303568173257939,0.000183745215800786,4.45731464391871,0.0858536507196439
A7,T2_ctrl_B,T2,ctrl,B,5,NIC277,0.00281296997176778,0.000144778670789959,0.00299671518756856,0.00266819130097782,-0.000183745215800787,4.28017317087224,-0.0912878223268299
A10,T2_pos-1_1,T2,pos-1,1,10,NIC277,0.00360506433366559,0,0.00145130746758732,0.00360506433366559,0.00215375686607827,66.9780634208017,1.31267181032411
A11,T2_pos-1_2,T2,pos-1,2,10,NIC277,0.0037987335100414,0,0.00145130746758732,0.0037987335100414,0.00234742604245408,67.0535569228481,1.3881653123705
A12,T2_pos-1_3,T2,pos-1,3,10,NIC277,0,0,0.00145130746758732,0,-0.00145130746758732,0,-65.6653916104775
A13,T2_pos-1_4,T2,pos-1,4,10,NIC277,0,0,0.00145130746758732,0,-0.00145130746758732,0,-65.6653916104775
A6,T2_ctrl_A,T2,ctrl,A,10,NIC277,0.00193995730609293,0,0.00145130746758732,0.00193995730609293,0.000488649838505615,66.0840633181256,0.418671707648076
A7,T2_ctrl_B,T2,ctrl,B,10,NIC277,0.000962657629081705,0,0.00145130746758732,0.000962657629081705,-0.000488649838505615,65.0731331130095,-0.592258497468013
A10,T2_pos-1_1,T2,pos-1,1,3,NIC3,0,0,0,0,0,0,0
A11,T2_pos-1_2,T2,pos-1,2,3,NIC3,0,0,0,0,0,0,0
A12,T2_pos-1_3,T2,pos-1,3,3,NIC3,0.000549619947387114,0,0,0.000549619947387114,0.000549619947387114,64.2645446857252,64.2645446857252
A13,T2_pos-1_4,T2,pos-1,4,3,NIC3,0,0,0,0,0,0,0
A6,T2_ctrl_A,T2,ctrl,A,3,NIC3,0,0,0,0,0,0,0
A7,T2_ctrl_B,T2,ctrl,B,3,NIC3,0,0,0,0,0,0,0
A10,T2_pos-1_1,T2,pos-1,1,5,NIC3,0,0,0,0,0,0,0
A11,T2_pos-1_2,T2,pos-1,2,5,NIC3,0,0,0,0,0,0,0
A12,T2_pos-1_3,T2,pos-1,3,5,NIC3,0.00069664333470475,0,0,0.00069664333470475,0.00069664333470475,64.6065305393819,64.6065305393819
A13,T2_pos-1_4,T2,pos-1,4,5,NIC3,0,0,0,0,0,0,0
A6,T2_ctrl_A,T2,ctrl,A,5,NIC3,0,0,0,0,0,0,0
A7,T2_ctrl_B,T2,ctrl,B,5,NIC3,0,0,0,0,0,0,0
A10,T2_pos-1_1,T2,pos-1,1,10,NIC3,0,0,0,0,0,0,0
A11,T2_pos-1_2,T2,pos-1,2,10,NIC3,0,0,0,0,0,0,0
A12,T2_pos-1_3,T2,pos-1,3,10,NIC3,0,0,0,0,0,0,0
A13,T2_pos-1_4,T2,pos-1,4,10,NIC3,0,0,0,0,0,0,0
A6,T2_ctrl_A,T2,ctrl,A,10,NIC3,0,0,0,0,0,0,0
A7,T2_ctrl_B,T2,ctrl,B,10,NIC3,0,0,0,0,0,0,0
A10,T2_pos-1_1,T2,pos-1,1,3,NIC501,0,0.00347214486459475,0.00441498625792165,-0.00347214486459475,-0.00441498625792165,-66.9238655567592,-67.2704473630463
A11,T2_pos-1_2,T2,pos-1,2,3,NIC501,0.00295006696378778,0.00347214486459475,0.00441498625792165,-0.000522077900806963,-0.00146491929413386,-0.235079438376263,-0.581661244663329
A12,T2_pos-1_3,T2,pos-1,3,3,NIC501,0,0.00347214486459475,0.00441498625792165,-0.00347214486459475,-0.00441498625792165,-66.9238655567592,-67.2704473630463
A13,T2_pos-1_4,T2,pos-1,4,3,NIC501,0.0012522431355062,0.00347214486459475,0.00441498625792165,-0.00221990172908855,-0.00316274312241545,-1.47131243795121,-1.81789424423828
A6,T2_ctrl_A,T2,ctrl,A,3,NIC501,0,0.00347214486459475,0.00441498625792165,-0.00347214486459475,-0.00441498625792165,-66.9238655567592,-67.2704473630463
A7,T2_ctrl_B,T2,ctrl,B,3,NIC501,0.00882997251584329,0.00347214486459475,0.00441498625792165,0.00535782765124855,0.00441498625792165,1.34658180628707,1
A10,T2_pos-1_1,T2,pos-1,1,5,NIC501,0,0.00403139015309608,0.00460180871884834,-0.00403139015309608,-0.00460180871884834,-67.1393158279342,-67.3302394326987
A11,T2_pos-1_2,T2,pos-1,2,5,NIC501,0.00291522076494152,0.00403139015309608,0.00460180871884834,-0.00111616938815456,-0.00168658795390682,-0.467672271719721,-0.658595876484192
A12,T2_pos-1_3,T2,pos-1,3,5,NIC501,0,0.00403139015309608,0.00460180871884834,-0.00403139015309608,-0.00460180871884834,-67.1393158279342,-67.3302394326987
A13,T2_pos-1_4,T2,pos-1,4,5,NIC501,0.00144410784640851,0.00403139015309608,0.00460180871884834,-0.00258728230668757,-0.00315770087243983,-1.48109892509049,-1.67202252985496
A6,T2_ctrl_A,T2,ctrl,A,5,NIC501,0,0.00403139015309608,0.00460180871884834,-0.00403139015309608,-0.00460180871884834,-67.1393158279342,-67.3302394326987
A7,T2_ctrl_B,T2,ctrl,B,5,NIC501,0.00920361743769669,0.00403139015309608,0.00460180871884834,0.00517222728460061,0.00460180871884834,1.19092360476447,1
A10,T2_pos-1_1,T2,pos-1,1,10,NIC501,0,0.00423582133162089,0.00451202721145615,-0.00423582133162089,-0.00451202721145615,-67.2106801529435,-67.3018141841669
A11,T2_pos-1_2,T2,pos-1,2,10,NIC501,0.00238739834501186,0.00423582133162089,0.00451202721145615,-0.00184842298660903,-0.00212462886644428,-0.827202432484688,-0.918336463708055
A12,T2_pos-1_3,T2,pos-1,3,10,NIC501,0,0.00423582133162089,0.00451202721145615,-0.00423582133162089,-0.00451202721145615,-67.2106801529435,-67.3018141841669
A13,T2_pos-1_4,T2,pos-1,4,10,NIC501,0.00102960668644814,0.00423582133162089,0.00451202721145615,-0.00320621464517275,-0.00348242052500801,-2.04054840942919,-2.13168244065256
A6,T2_ctrl_A,T2,ctrl,A,10,NIC501,0,0.00423582133162089,0.00451202721145615,-0.00423582133162089,-0.00451202721145615,-67.2106801529435,-67.3018141841669
A7,T2_ctrl_B,T2,ctrl,B,10,NIC501,0.00902405442291229,0.00423582133162089,0.00451202721145615,0.00478823309129141,0.00451202721145615,1.09113403122337,1
A10,T2_pos-1_1,T2,pos-1,1,3,NIC511,0,0.0150789404017224,0.0140687362666141,-0.0150789404017224,-0.0140687362666141,-69.0425015644621,-68.9424592539569
A11,T2_pos-1_2,T2,pos-1,2,3,NIC511,0,0.0150789404017224,0.0140687362666141,-0.0150789404017224,-0.0140687362666141,-69.0425015644621,-68.9424592539569
A12,T2_pos-1_3,T2,pos-1,3,3,NIC511,0,0.0150789404017224,0.0140687362666141,-0.0150789404017224,-0.0140687362666141,-69.0425015644621,-68.9424592539569
A13,T2_pos-1_4,T2,pos-1,4,3,NIC511,0,0.0150789404017224,0.0140687362666141,-0.0150789404017224,-0.0140687362666141,-69.0425015644621,-68.9424592539569
A6,T2_ctrl_A,T2,ctrl,A,3,NIC511,0.0154928088496729,0.0150789404017224,0.0140687362666141,0.000413868447950511,0.00142407258305878,0.0390636748918778,0.139105985397072
A7,T2_ctrl_B,T2,ctrl,B,3,NIC511,0.0126446636835553,0.0150789404017224,0.0140687362666141,-0.00243427671816705,-0.00142407258305878,-0.254006388449344,-0.15396407794415
A10,T2_pos-1_1,T2,pos-1,1,5,NIC511,0,0.015514429429014,0.014251135954211,-0.015514429429014,-0.014251135954211,-69.0835771507259,-68.9610434312771
A11,T2_pos-1_2,T2,pos-1,2,5,NIC511,0,0.015514429429014,0.014251135954211,-0.015514429429014,-0.014251135954211,-69.0835771507259,-68.9610434312771
A12,T2_pos-1_3,T2,pos-1,3,5,NIC511,0,0.015514429429014,0.014251135954211,-0.015514429429014,-0.014251135954211,-69.0835771507259,-68.9610434312771
A13,T2_pos-1_4,T2,pos-1,4,5,NIC511,0,0.015514429429014,0.014251135954211,-0.015514429429014,-0.014251135954211,-69.0835771507259,-68.9610434312771
A6,T2_ctrl_A,T2,ctrl,A,5,NIC511,0.0157471338190192,0.015514429429014,0.014251135954211,0.00023270439000519,0.00149599786480822,0.0214786233027533,0.144012342751484
A7,T2_ctrl_B,T2,ctrl,B,5,NIC511,0.0127551380894028,0.015514429429014,0.014251135954211,-0.00275929133961124,-0.00149599786480822,-0.28253212224384,-0.159998402795109
A10,T2_pos-1_1,T2,pos-1,1,10,NIC511,0,0.014941485297308,0.014372280722007,-0.014941485297308,-0.014372280722007,-69.0292900807014,-68.9732555302934
A11,T2_pos-1_2,T2,pos-1,2,10,NIC511,0,0.014941485297308,0.014372280722007,-0.014941485297308,-0.014372280722007,-69.0292900807014,-68.9732555302934
A12,T2_pos-1_3,T2,pos-1,3,10,NIC511,0,0.014941485297308,0.014372280722007,-0.014941485297308,-0.014372280722007,-69.0292900807014,-68.9732555302934
A13,T2_pos-1_4,T2,pos-1,4,10,NIC511,0,0.014941485297308,0.014372280722007,-0.014941485297308,-0.014372280722007,-69.0292900807014,-68.9732555302934
A6,T2_ctrl_A,T2,ctrl,A,10,NIC511,0.0162265518933383,0.014941485297308,0.014372280722007,0.00128506659603035,0.00185427117133126,0.119032892805876,0.175067443213877
A7,T2_ctrl_B,T2,ctrl,B,10,NIC511,0.0125180095506758,0.014941485297308,0.014372280722007,-0.00242347574663217,-0.00185427117133126,-0.25531838801246,-0.199283837604458
A10,T2_pos-1_1,T2,pos-1,1,3,NIC513,0.0097824240704324,0.00523320258955517,0.00162698461276407,0.00454922148087723,0.00815543945766833,0.902497897062866,2.58799140044683
A11,T2_pos-1_2,T2,pos-1,2,3,NIC513,0.00424074519675291,0.00523320258955517,0.00162698461276407,-0.000992457392802262,0.00261376058398884,-0.303376308282097,1.38211719510187
A12,T2_pos-1_3,T2,pos-1,3,3,NIC513,0,0.00523320258955517,0.00162698461276407,-0.00523320258955517,-0.00162698461276407,-67.5157325258405,-65.8302390224565
A13,T2_pos-1_4,T2,pos-1,4,3,NIC513,0.0090217362395758,0.00523320258955517,0.00162698461276407,0.00378853365002062,0.00739475162681172,0.785710997745826,2.47120450112979
A6,T2_ctrl_A,T2,ctrl,A,3,NIC513,0,0.00523320258955517,0.00162698461276407,-0.00523320258955517,-0.00162698461276407,-67.5157325258405,-65.8302390224565
A7,T2_ctrl_B,T2,ctrl,B,3,NIC513,0.00325396922552815,0.00523320258955517,0.00162698461276407,-0.00197923336402702,0.00162698461276407,-0.685493503383964,1
A10,T2_pos-1_1,T2,pos-1,1,5,NIC513,0.00948214794618497,0.00504313668305284,0.00142570996084815,0.00443901126313213,0.00805643798533682,0.910892576157463,2.73353338591563
A11,T2_pos-1_2,T2,pos-1,2,5,NIC513,0.00421296631171248,0.00504313668305284,0.00142570996084815,-0.000830170371340363,0.00278725635086433,-0.259484947205382,1.56315586255279
A12,T2_pos-1_3,T2,pos-1,3,5,NIC513,0,0.00504313668305284,0.00142570996084815,-0.00504313668305284,-0.00142570996084815,-67.4623597425753,-65.6397189328171
A13,T2_pos-1_4,T2,pos-1,4,5,NIC513,0.00804922602921543,0.00504313668305284,0.00142570996084815,0.00300608934616259,0.00662351606836728,0.674528741130908,2.49716955088908
A6,T2_ctrl_A,T2,ctrl,A,5,NIC513,0,0.00504313668305284,0.00142570996084815,-0.00504313668305284,-0.00142570996084815,-67.4623597425753,-65.6397189328171
A7,T2_ctrl_B,T2,ctrl,B,5,NIC513,0.0028514199216963,0.00504313668305284,0.00142570996084815,-0.00219171676135654,0.00142570996084815,-0.822640809758169,1
A10,T2_pos-1_1,T2,pos-1,1,10,NIC513,0.00819233103695324,0.00409741818995219,0.000913846657994857,0.00409491284700105,0.00727848437895838,0.999558868743139,3.16425000436781
A11,T2_pos-1_2,T2,pos-1,2,10,NIC513,0.00379290630676497,0.00409741818995219,0.000913846657994857,-0.00030451188318722,0.00287905964877011,-0.111411410121353,2.05327972550332
A12,T2_pos-1_3,T2,pos-1,3,10,NIC513,0,0.00409741818995219,0.000913846657994857,-0.00409741818995219,-0.000913846657994857,-67.1627535601079,-64.9980624244832
A13,T2_pos-1_4,T2,pos-1,4,10,NIC513,0.00588710829701993,0.00409741818995219,0.000913846657994857,0.00178969010706774,0.00497326163902507,0.522844022755315,2.68753515837999
A6,T2_ctrl_A,T2,ctrl,A,10,NIC513,0,0.00409741818995219,0.000913846657994857,-0.00409741818995219,-0.000913846657994857,-67.1627535601079,-64.9980624244832
A7,T2_ctrl_B,T2,ctrl,B,10,NIC513,0.00182769331598971,0.00409741818995219,0.000913846657994857,-0.00226972487396247,0.000913846657994857,-1.16469113562467,1
A10,T2_pos-1_1,T2,pos-1,1,3,NIC514,0,0,0.000364598049223464,0,-0.000364598049223464,0,-63.6724171630872
A11,T2_pos-1_2,T2,pos-1,2,3,NIC514,0,0,0.000364598049223464,0,-0.000364598049223464,0,-63.6724171630872
A12,T2_pos-1_3,T2,pos-1,3,3,NIC514,0,0,0.000364598049223464,0,-0.000364598049223464,0,-63.6724171630872
A13,T2_pos-1_4,T2,pos-1,4,3,NIC514,0,0,0.000364598049223464,0,-0.000364598049223464,0,-63.6724171630872
A6,T2_ctrl_A,T2,ctrl,A,3,NIC514,0.000729196098446928,0,0.000364598049223464,0.000729196098446928,0.000364598049223464,64.6724171630872,1
A7,T2_ctrl_B,T2,ctrl,B,3,NIC514,0,0,0.000364598049223464,0,-0.000364598049223464,0,-63.6724171630872
A10,T2_pos-1_1,T2,pos-1,1,5,NIC514,0,0,0.000168391202086154,0,-0.000168391202086154,0,-62.5579270848762
A11,T2_pos-1_2,T2,pos-1,2,5,NIC514,0,0,0.000168391202086154,0,-0.000168391202086154,0,-62.5579270848762
A12,T2_pos-1_3,T2,pos-1,3,5,NIC514,0,0,0.000168391202086154,0,-0.000168391202086154,0,-62.5579270848762
A13,T2_pos-1_4,T2,pos-1,4,5,NIC514,0,0,0.000168391202086154,0,-0.000168391202086154,0,-62.5579270848762
A6,T2_ctrl_A,T2,ctrl,A,5,NIC514,0.000336782404172308,0,0.000168391202086154,0.000336782404172308,0.000168391202086154,63.5579270848761,1
A7,T2_ctrl_B,T2,ctrl,B,5,NIC514,0,0,0.000168391202086154,0,-0.000168391202086154,0,-62.5579270848762
A10,T2_pos-1_1,T2,pos-1,1,10,NIC514,0,0,4.71416750723178e-05,0,-4.71416750723178e-05,0,-60.7211852483102
A11,T2_pos-1_2,T2,pos-1,2,10,NIC514,0,0,4.71416750723178e-05,0,-4.71416750723178e-05,0,-60.7211852483102
A12,T2_pos-1_3,T2,pos-1,3,10,NIC514,0,0,4.71416750723178e-05,0,-4.71416750723178e-05,0,-60.7211852483102
A13,T2_pos-1_4,T2,pos-1,4,10,NIC514,0,0,4.71416750723178e-05,0,-4.71416750723178e-05,0,-60.7211852483102
A6,T2_ctrl_A,T2,ctrl,A,10,NIC514,9.42833501446356e-05,0,4.71416750723178e-05,9.42833501446356e-05,4.71416750723178e-05,61.7211852483102,1
A7,T2_ctrl_B,T2,ctrl,B,10,NIC514,0,0,4.71416750723178e-05,0,-4.71416750723178e-05,0,-60.7211852483102
A10,T2_pos-1_1,T2,pos-1,1,3,NIC515,0.0111129115619632,0,0.00839685781723894,0.0111129115619632,0.00271605374472428,68.6022033602259,0.404315385634925
A11,T2_pos-1_2,T2,pos-1,2,3,NIC515,0,0,0.00839685781723894,0,-0.00839685781723894,0,-68.197887974591
A12,T2_pos-1_3,T2,pos-1,3,3,NIC515,0.00427296934094128,0,0.00839685781723894,0.00427296934094128,-0.00412388847629767,67.2232773812448,-0.974610593346241
A13,T2_pos-1_4,T2,pos-1,4,3,NIC515,0.00904676616685874,0,0.00839685781723894,0.00904676616685874,0.000649908349619798,68.3054405980811,0.107552623490077
A6,T2_ctrl_A,T2,ctrl,A,3,NIC515,0.00499172191087434,0,0.00839685781723894,0.00499172191087434,-0.0034051359063646,67.4475759795076,-0.750311995083413
A7,T2_ctrl_B,T2,ctrl,B,3,NIC515,0.0118019937236035,0,0.00839685781723894,0.0118019937236035,0.0034051359063646,68.6889971067964,0.491109132205405
A10,T2_pos-1_1,T2,pos-1,1,5,NIC515,0.0106176197980365,0,0.00777786525989448,0.0106176197980365,0.00283975453814199,68.5364268972111,0.449014239102072
A11,T2_pos-1_2,T2,pos-1,2,5,NIC515,0,0,0.00777786525989448,0,-0.00777786525989448,0,-68.087412658109
A12,T2_pos-1_3,T2,pos-1,3,5,NIC515,0.00421298879455098,0,0.00777786525989448,0.00421298879455098,-0.0035648764653435,67.2028824944091,-0.884530163699897
A13,T2_pos-1_4,T2,pos-1,4,5,NIC515,0.00866239517320889,0,0.00777786525989448,0.00866239517320889,0.000884529913314417,68.2428044044742,0.15539174636521
A6,T2_ctrl_A,T2,ctrl,A,5,NIC515,0.0043841892787773,0,0.00777786525989448,0.0043841892787773,-0.00339367598111717,67.2603485008687,-0.827064157240322
A7,T2_ctrl_B,T2,ctrl,B,5,NIC515,0.0111715412410116,0,0.00777786525989448,0.0111715412410116,0.00339367598111717,68.6097947463035,0.522382088194512
A10,T2_pos-1_1,T2,pos-1,1,10,NIC515,0.00780599286137165,0,0.00637904974178572,0.00780599286137165,0.00142694311958593,68.0926205591196,0.2912406151892
A11,T2_pos-1_2,T2,pos-1,2,10,NIC515,0,0,0.00637904974178572,0,-0.00637904974178572,0,-67.8013799439304
A12,T2_pos-1_3,T2,pos-1,3,10,NIC515,0.000900143048313199,0,0.00637904974178572,0.000900143048313199,-0.00547890669347252,64.9762646096871,-2.8251153342433
A13,T2_pos-1_4,T2,pos-1,4,10,NIC515,0.00620108561118772,0,0.00637904974178572,0.00620108561118772,-0.000177964130597998,67.7605592229326,-0.0408207209977671
A6,T2_ctrl_A,T2,ctrl,A,10,NIC515,0.00278167466641181,0,0.00637904974178572,0.00278167466641181,-0.00359737507537391,66.6039921135771,-1.19738783035333
A7,T2_ctrl_B,T2,ctrl,B,10,NIC515,0.00997642481715963,0,0.00637904974178572,0.00997642481715963,0.00359737507537391,68.4465613151615,0.645181371231135
A10,T2_pos-1_1,T2,pos-1,1,3,NIC522,0,0,0,0,0,0,0
A11,T2_pos-1_2,T2,pos-1,2,3,NIC522,0,0,0,0,0,0,0
A12,T2_pos-1_3,T2,pos-1,3,3,NIC522,0,0,0,0,0,0,0
A13,T2_pos-1_4,T2,pos-1,4,3,NIC522,0,0,0,0,0,0,0
A6,T2_ctrl_A,T2,ctrl,A,3,NIC522,0,0,0,0,0,0,0
A7,T2_ctrl_B,T2,ctrl,B,3,NIC522,0,0,0,0,0,0,0
A10,T2_pos-1_1,T2,pos-1,1,5,NIC522,0,0,0,0,0,0,0
A11,T2_pos-1_2,T2,pos-1,2,5,NIC522,0,0,0,0,0,0,0
A12,T2_pos-1_3,T2,pos-1,3,5,NIC522,0,0,0,0,0,0,0
A13,T2_pos-1_4,T2,pos-1,4,5,NIC522,0,0,0,0,0,0,0
A6,T2_ctrl_A,T2,ctrl,A,5,NIC522,0,0,0,0,0,0,0
A7,T2_ctrl_B,T2,ctrl,B,5,NIC522,0,0,0,0,0,0,0
A10,T2_pos-1_1,T2,pos-1,1,10,NIC522,0,0,6.21000427297941e-05,0,-6.21000427297941e-05,0,-61.1187764870565
A11,T2_pos-1_2,T2,pos-1,2,10,NIC522,0,0,6.21000427297941e-05,0,-6.21000427297941e-05,0,-61.1187764870565
A12,T2_pos-1_3,T2,pos-1,3,10,NIC522,0,0,6.21000427297941e-05,0,-6.21000427297941e-05,0,-61.1187764870565
A13,T2_pos-1_4,T2,pos-1,4,10,NIC522,0,0,6.21000427297941e-05,0,-6.21000427297941e-05,0,-61.1187764870565
A6,T2_ctrl_A,T2,ctrl,A,10,NIC522,0.000124200085459588,0,6.21000427297941e-05,0.000124200085459588,6.21000427297941e-05,62.1187764870565,1
A7,T2_ctrl_B,T2,ctrl,B,10,NIC522,0,0,6.21000427297941e-05,0,-6.21000427297941e-05,0,-61.1187764870565
A10,T2_pos-1_1,T2,pos-1,1,3,NIC523,0,0.000651716806637962,0,-0.000651716806637962,0,-64.5103555208271,0
A11,T2_pos-1_2,T2,pos-1,2,3,NIC523,0,0.000651716806637962,0,-0.000651716806637962,0,-64.5103555208271,0
A12,T2_pos-1_3,T2,pos-1,3,3,NIC523,0,0.000651716806637962,0,-0.000651716806637962,0,-64.5103555208271,0
A13,T2_pos-1_4,T2,pos-1,4,3,NIC523,0.000106029101610609,0.000651716806637962,0,-0.000545687705027353,0.000106029101610609,-2.61978490705079,61.8905706137763
A6,T2_ctrl_A,T2,ctrl,A,3,NIC523,0,0.000651716806637962,0,-0.000651716806637962,0,-64.5103555208271,0
A7,T2_ctrl_B,T2,ctrl,B,3,NIC523,0,0.000651716806637962,0,-0.000651716806637962,0,-64.5103555208271,0
A10,T2_pos-1_1,T2,pos-1,1,5,NIC523,0,0.000804643632013994,0,-0.000804643632013994,0,-64.8144602914135,0
A11,T2_pos-1_2,T2,pos-1,2,5,NIC523,0,0.000804643632013994,0,-0.000804643632013994,0,-64.8144602914135,0
A12,T2_pos-1_3,T2,pos-1,3,5,NIC523,0,0.000804643632013994,0,-0.000804643632013994,0,-64.8144602914135,0
A13,T2_pos-1_4,T2,pos-1,4,5,NIC523,0.000758630835004651,0.000804643632013994,0,-4.60127970093437e-05,0.000758630835004651,-0.0849519585773385,64.7295083328361
A6,T2_ctrl_A,T2,ctrl,A,5,NIC523,0,0.000804643632013994,0,-0.000804643632013994,0,-64.8144602914135,0
A7,T2_ctrl_B,T2,ctrl,B,5,NIC523,0,0.000804643632013994,0,-0.000804643632013994,0,-64.8144602914135,0
A10,T2_pos-1_1,T2,pos-1,1,10,NIC523,0,9.23396716061955e-05,0,-9.23396716061955e-05,0,-61.6911328275635,0
A11,T2_pos-1_2,T2,pos-1,2,10,NIC523,0,9.23396716061955e-05,0,-9.23396716061955e-05,0,-61.6911328275635,0
A12,T2_pos-1_3,T2,pos-1,3,10,NIC523,0,9.23396716061955e-05,0,-9.23396716061955e-05,0,-61.6911328275635,0
A13,T2_pos-1_4,T2,pos-1,4,10,NIC523,0.00091883371367922,9.23396716061955e-05,0,0.000826494042073025,0.00091883371367922,3.31478128603527,65.0059141135988
A6,T2_ctrl_A,T2,ctrl,A,10,NIC523,0,9.23396716061955e-05,0,-9.23396716061955e-05,0,-61.6911328275635,0
A7,T2_ctrl_B,T2,ctrl,B,10,NIC523,0,9.23396716061955e-05,0,-9.23396716061955e-05,0,-61.6911328275635,0
A10,T2_pos-1_1,T2,pos-1,1,3,NIC526,0,0.000822078942452927,0.000253926752243807,-0.000822078942452927,-0.000253926752243807,-64.8453872602345,-63.1505227177484
A11,T2_pos-1_2,T2,pos-1,2,3,NIC526,0,0.000822078942452927,0.000253926752243807,-0.000822078942452927,-0.000253926752243807,-64.8453872602345,-63.1505227177484
A12,T2_pos-1_3,T2,pos-1,3,3,NIC526,0,0.000822078942452927,0.000253926752243807,-0.000822078942452927,-0.000253926752243807,-64.8453872602345,-63.1505227177484
A13,T2_pos-1_4,T2,pos-1,4,3,NIC526,0.000691521895350368,0.000822078942452927,0.000253926752243807,-0.000130557047102559,0.000437595143106561,-0.249502007915574,1.44536253457053
A6,T2_ctrl_A,T2,ctrl,A,3,NIC526,0,0.000822078942452927,0.000253926752243807,-0.000822078942452927,-0.000253926752243807,-64.8453872602345,-63.1505227177484
A7,T2_ctrl_B,T2,ctrl,B,3,NIC526,0.000507853504487613,0.000822078942452927,0.000253926752243807,-0.000314225437965313,0.000253926752243807,-0.694864542486105,1
A10,T2_pos-1_1,T2,pos-1,1,5,NIC526,0,0.00165445369807091,0.000492698158557934,-0.00165445369807091,-0.000492698158557934,-65.8543933323093,-64.1068144004463
A11,T2_pos-1_2,T2,pos-1,2,5,NIC526,0,0.00165445369807091,0.000492698158557934,-0.00165445369807091,-0.000492698158557934,-65.8543933323093,-64.1068144004463
A12,T2_pos-1_3,T2,pos-1,3,5,NIC526,0,0.00165445369807091,0.000492698158557934,-0.00165445369807091,-0.000492698158557934,-65.8543933323093,-64.1068144004463
A13,T2_pos-1_4,T2,pos-1,4,5,NIC526,0.000728188598751345,0.00165445369807091,0.000492698158557934,-0.000926265099319562,0.000235490440193412,-1.18397085881765,0.563608073045352
A6,T2_ctrl_A,T2,ctrl,A,5,NIC526,0,0.00165445369807091,0.000492698158557934,-0.00165445369807091,-0.000492698158557934,-65.8543933323093,-64.1068144004463
A7,T2_ctrl_B,T2,ctrl,B,5,NIC526,0.000985396317115868,0.00165445369807091,0.000492698158557934,-0.00066905738095504,0.000492698158557934,-0.747578931863001,1
A10,T2_pos-1_1,T2,pos-1,1,10,NIC526,0,0.00220466718074573,0.000711996449541234,-0.00220466718074573,-0.000711996449541234,-66.2685992969077,-64.6379803678397
A11,T2_pos-1_2,T2,pos-1,2,10,NIC526,0,0.00220466718074573,0.000711996449541234,-0.00220466718074573,-0.000711996449541234,-66.2685992969077,-64.6379803678397
A12,T2_pos-1_3,T2,pos-1,3,10,NIC526,0.000129464202252031,0.00220466718074573,0.000711996449541234,-0.0020752029784937,-0.000582532247289203,-4.08993573821039,-2.45931680914243
A13,T2_pos-1_4,T2,pos-1,4,10,NIC526,0.00158822491466753,0.00220466718074573,0.000711996449541234,-0.000616442266078195,0.000876228465126301,-0.473145648643888,1.15747328042407
A6,T2_ctrl_A,T2,ctrl,A,10,NIC526,0,0.00220466718074573,0.000711996449541234,-0.00220466718074573,-0.000711996449541234,-66.2685992969077,-64.6379803678397
A7,T2_ctrl_B,T2,ctrl,B,10,NIC526,0.00142399289908247,0.00220466718074573,0.000711996449541234,-0.000780674281663262,0.000711996449541234,-0.630618929067957,1
A10,T2_pos-1_1,T2,pos-1,1,3,NIC527,1.34864225170285e-05,0.00874155450620333,0.0088943165554375,-0.0087280680836863,-0.00888083013292047,-9.34023834426637,-9.36523224020741
A11,T2_pos-1_2,T2,pos-1,2,3,NIC527,0.00132449402800076,0.00874155450620333,0.0088943165554375,-0.00741706047820257,-0.00756982252743674,-2.72244851749977,-2.74744241344081
A12,T2_pos-1_3,T2,pos-1,3,3,NIC527,0,0.00874155450620333,0.0088943165554375,-0.00874155450620333,-0.0088943165554375,-68.2559282719628,-68.2809221679039
A13,T2_pos-1_4,T2,pos-1,4,3,NIC527,0,0.00874155450620333,0.0088943165554375,-0.00874155450620333,-0.0088943165554375,-68.2559282719628,-68.2809221679039
A6,T2_ctrl_A,T2,ctrl,A,3,NIC527,0.00664388932458198,0.00874155450620333,0.0088943165554375,-0.00209766518162135,-0.00225042723085552,-0.395861815508592,-0.420855711449627
A7,T2_ctrl_B,T2,ctrl,B,3,NIC527,0.011144743786293,0.00874155450620333,0.0088943165554375,0.00240318928008968,0.00225042723085552,0.350401688551712,0.325407792610677
A10,T2_pos-1_1,T2,pos-1,1,5,NIC527,0.000446082042898908,0.00849504673220772,0.00912689603063621,-0.00804896468930881,-0.0086808139877373,-4.25124090537628,-4.35474331846299
A11,T2_pos-1_2,T2,pos-1,2,5,NIC527,0.00150619871865503,0.00849504673220772,0.00912689603063621,-0.00698884801355269,-0.00762069731198119,-2.49570976092409,-2.5992121740108
A12,T2_pos-1_3,T2,pos-1,3,5,NIC527,0,0.00849504673220772,0.00912689603063621,-0.00849504673220772,-0.00912689603063621,-68.2146602995546,-68.3181627126413
A13,T2_pos-1_4,T2,pos-1,4,5,NIC527,0,0.00849504673220772,0.00912689603063621,-0.00849504673220772,-0.00912689603063621,-68.2146602995546,-68.3181627126413
A6,T2_ctrl_A,T2,ctrl,A,5,NIC527,0.00700377938241349,0.00849504673220772,0.00912689603063621,-0.00149126734979422,-0.00212311664822272,-0.27848824396405,-0.381990657050759
A7,T2_ctrl_B,T2,ctrl,B,5,NIC527,0.0112500126788589,0.00849504673220772,0.00912689603063621,0.00275496594665121,0.00212311664822272,0.405232838400999,0.30173042531429
A10,T2_pos-1_1,T2,pos-1,1,10,NIC527,6.39379118526679e-05,0.00844196002293492,0.00851458407008552,-0.00837802211108226,-0.00845064615823285,-7.04476255924473,-7.05712061908929
A11,T2_pos-1_2,T2,pos-1,2,10,NIC527,0.0013047350245573,0.00844196002293492,0.00851458407008552,-0.00713722499837763,-0.00720984904552822,-2.69382115426345,-2.70617921410801
A12,T2_pos-1_3,T2,pos-1,3,10,NIC527,0,0.00844196002293492,0.00851458407008552,-0.00844196002293492,-0.00851458407008552,-68.2056164130971,-68.2179744729416
A13,T2_pos-1_4,T2,pos-1,4,10,NIC527,0,0.00844196002293492,0.00851458407008552,-0.00844196002293492,-0.00851458407008552,-68.2056164130971,-68.2179744729416
A6,T2_ctrl_A,T2,ctrl,A,10,NIC527,0.00612563413419795,0.00844196002293492,0.00851458407008552,-0.00231632588873698,-0.00238894993588757,-0.46271879575043,-0.475076855594984
A7,T2_ctrl_B,T2,ctrl,B,10,NIC527,0.0109035340059731,0.00844196002293492,0.00851458407008552,0.00246157398303817,0.00238894993588757,0.369145908318525,0.35678784847397
A10,T2_pos-1_1,T2,pos-1,1,3,NIC528,0,0.000813140161325176,0,-0.000813140161325176,0,-64.8296143725184,0
A11,T2_pos-1_2,T2,pos-1,2,3,NIC528,0,0.000813140161325176,0,-0.000813140161325176,0,-64.8296143725184,0
A12,T2_pos-1_3,T2,pos-1,3,3,NIC528,0.000337230668180276,0.000813140161325176,0,-0.0004759094931449,0.000337230668180276,-1.26976830896609,63.5598460635523
A13,T2_pos-1_4,T2,pos-1,4,3,NIC528,0,0.000813140161325176,0,-0.000813140161325176,0,-64.8296143725184,0
A6,T2_ctrl_A,T2,ctrl,A,3,NIC528,0,0.000813140161325176,0,-0.000813140161325176,0,-64.8296143725184,0
A7,T2_ctrl_B,T2,ctrl,B,3,NIC528,0,0.000813140161325176,0,-0.000813140161325176,0,-64.8296143725184,0
A10,T2_pos-1_1,T2,pos-1,1,5,NIC528,0,0.000362972021487796,0,-0.000362972021487796,0,-63.665968667882,0
A11,T2_pos-1_2,T2,pos-1,2,5,NIC528,0,0.000362972021487796,0,-0.000362972021487796,0,-63.665968667882,0
A12,T2_pos-1_3,T2,pos-1,3,5,NIC528,0,0.000362972021487796,0,-0.000362972021487796,0,-63.665968667882,0
A13,T2_pos-1_4,T2,pos-1,4,5,NIC528,0,0.000362972021487796,0,-0.000362972021487796,0,-63.665968667882,0
A6,T2_ctrl_A,T2,ctrl,A,5,NIC528,0,0.000362972021487796,0,-0.000362972021487796,0,-63.665968667882,0
A7,T2_ctrl_B,T2,ctrl,B,5,NIC528,0,0.000362972021487796,0,-0.000362972021487796,0,-63.665968667882,0
A10,T2_pos-1_1,T2,pos-1,1,10,NIC528,0,0.00034771692840783,0,-0.00034771692840783,0,-63.6040236263998,0
A11,T2_pos-1_2,T2,pos-1,2,10,NIC528,0,0.00034771692840783,0,-0.00034771692840783,0,-63.6040236263998,0
A12,T2_pos-1_3,T2,pos-1,3,10,NIC528,0,0.00034771692840783,0,-0.00034771692840783,0,-63.6040236263998,0
A13,T2_pos-1_4,T2,pos-1,4,10,NIC528,0,0.00034771692840783,0,-0.00034771692840783,0,-63.6040236263998,0
A6,T2_ctrl_A,T2,ctrl,A,10,NIC528,0,0.00034771692840783,0,-0.00034771692840783,0,-63.6040236263998,0
A7,T2_ctrl_B,T2,ctrl,B,10,NIC528,0,0.00034771692840783,0,-0.00034771692840783,0,-63.6040236263998,0
A10,T2_pos-1_1,T2,pos-1,1,3,NIC529,0,0.00425507966781415,0.00405624630337595,-0.00425507966781415,-0.00405624630337595,-67.2172245594245,-67.1481836740206
A11,T2_pos-1_2,T2,pos-1,2,3,NIC529,0,0.00425507966781415,0.00405624630337595,-0.00425507966781415,-0.00405624630337595,-67.2172245594245,-67.1481836740206
A12,T2_pos-1_3,T2,pos-1,3,3,NIC529,0.00149355662535358,0.00425507966781415,0.00405624630337595,-0.00276152304246058,-0.00256268967802237,-1.51043420800985,-1.44139332260595
A13,T2_pos-1_4,T2,pos-1,4,3,NIC529,0,0.00425507966781415,0.00405624630337595,-0.00425507966781415,-0.00405624630337595,-67.2172245594245,-67.1481836740206
A6,T2_ctrl_A,T2,ctrl,A,3,NIC529,0.00441627533341139,0.00425507966781415,0.00405624630337595,0.000161195665597236,0.000360029030035443,0.0536439762504594,0.122684861654362
A7,T2_ctrl_B,T2,ctrl,B,3,NIC529,0.00369621727334051,0.00425507966781415,0.00405624630337595,-0.00055886239447365,-0.000360029030035443,-0.203136579086002,-0.134095693682099
A10,T2_pos-1_1,T2,pos-1,1,5,NIC529,0,0.00323873630718493,0.00346795208864562,-0.00323873630718493,-0.00346795208864562,-66.8234694266496,-66.922122382897
A11,T2_pos-1_2,T2,pos-1,2,5,NIC529,0,0.00323873630718493,0.00346795208864562,-0.00323873630718493,-0.00346795208864562,-66.8234694266496,-66.922122382897
A12,T2_pos-1_3,T2,pos-1,3,5,NIC529,0.000512119795844103,0.00323873630718493,0.00346795208864562,-0.00272661651134083,-0.00295583229280152,-2.66087777871289,-2.75953073496027
A13,T2_pos-1_4,T2,pos-1,4,5,NIC529,0,0.00323873630718493,0.00346795208864562,-0.00323873630718493,-0.00346795208864562,-66.8234694266496,-66.922122382897
A6,T2_ctrl_A,T2,ctrl,A,5,NIC529,0.00378815870540155,0.00323873630718493,0.00346795208864562,0.000549422398216615,0.000320206616755925,0.226065763014789,0.127412806767403
A7,T2_ctrl_B,T2,ctrl,B,5,NIC529,0.0031477454718897,0.00323873630718493,0.00346795208864562,-9.09908352952349e-05,-0.000320206616755925,-0.0411121223602874,-0.139765078607673
A10,T2_pos-1_1,T2,pos-1,1,10,NIC529,0,0.00182296724262512,0.00259605790226578,-0.00182296724262512,-0.00259605790226578,-65.9943270531413,-66.5043609771452
A11,T2_pos-1_2,T2,pos-1,2,10,NIC529,0,0.00182296724262512,0.00259605790226578,-0.00182296724262512,-0.00259605790226578,-65.9943270531413,-66.5043609771452
A12,T2_pos-1_3,T2,pos-1,3,10,NIC529,0,0.00182296724262512,0.00259605790226578,-0.00182296724262512,-0.00259605790226578,-65.9943270531413,-66.5043609771452
A13,T2_pos-1_4,T2,pos-1,4,10,NIC529,0,0.00182296724262512,0.00259605790226578,-0.00182296724262512,-0.00259605790226578,-65.9943270531413,-66.5043609771452
A6,T2_ctrl_A,T2,ctrl,A,10,NIC529,0.00308112652078835,0.00182296724262512,0.00259605790226578,0.00125815927816324,0.000485068618522573,0.757169287763865,0.247135363759961
A7,T2_ctrl_B,T2,ctrl,B,10,NIC529,0.00211098928374321,0.00182296724262512,0.00259605790226578,0.000288022041118093,-0.000485068618522573,0.211630617539838,-0.298403306464066
A10,T2_pos-1_1,T2,pos-1,1,3,PB303,0,0,0.00102095033973008,0,-0.00102095033973008,0,-65.1579511091713
A11,T2_pos-1_2,T2,pos-1,2,3,PB303,0,0,0.00102095033973008,0,-0.00102095033973008,0,-65.1579511091713
A12,T2_pos-1_3,T2,pos-1,3,3,PB303,0,0,0.00102095033973008,0,-0.00102095033973008,0,-65.1579511091713
A13,T2_pos-1_4,T2,pos-1,4,3,PB303,0,0,0.00102095033973008,0,-0.00102095033973008,0,-65.1579511091713
A6,T2_ctrl_A,T2,ctrl,A,3,PB303,0.00204190067946017,0,0.00102095033973008,0.00204190067946017,0.00102095033973008,66.1579511091713,1
A7,T2_ctrl_B,T2,ctrl,B,3,PB303,0,0,0.00102095033973008,0,-0.00102095033973008,0,-65.1579511091713
A10,T2_pos-1_1,T2,pos-1,1,5,PB303,0,0,0.00100883290864637,0,-0.00100883290864637,0,-65.1407256586934
A11,T2_pos-1_2,T2,pos-1,2,5,PB303,0,0,0.00100883290864637,0,-0.00100883290864637,0,-65.1407256586934
A12,T2_pos-1_3,T2,pos-1,3,5,PB303,0,0,0.00100883290864637,0,-0.00100883290864637,0,-65.1407256586934
A13,T2_pos-1_4,T2,pos-1,4,5,PB303,0,0,0.00100883290864637,0,-0.00100883290864637,0,-65.1407256586934
A6,T2_ctrl_A,T2,ctrl,A,5,PB303,0.00201766581729275,0,0.00100883290864637,0.00201766581729275,0.00100883290864637,66.1407256586934,1
A7,T2_ctrl_B,T2,ctrl,B,5,PB303,0,0,0.00100883290864637,0,-0.00100883290864637,0,-65.1407256586934
A10,T2_pos-1_1,T2,pos-1,1,10,PB303,0,0,0.00153093356640751,0,-0.00153093356640751,0,-65.7424500953367
A11,T2_pos-1_2,T2,pos-1,2,10,PB303,0,0,0.00153093356640751,0,-0.00153093356640751,0,-65.7424500953367
A12,T2_pos-1_3,T2,pos-1,3,10,PB303,0,0,0.00153093356640751,0,-0.00153093356640751,0,-65.7424500953367
A13,T2_pos-1_4,T2,pos-1,4,10,PB303,0,0,0.00153093356640751,0,-0.00153093356640751,0,-65.7424500953367
A6,T2_ctrl_A,T2,ctrl,A,10,PB303,0.00306186713281502,0,0.00153093356640751,0.00306186713281502,0.00153093356640751,66.7424500953367,1
A7,T2_ctrl_B,T2,ctrl,B,10,PB303,0,0,0.00153093356640751,0,-0.00153093356640751,0,-65.7424500953367
A10,T2_pos-1_1,T2,pos-1,1,3,PB306,0.0102760618118734,0.0474091335081382,0.0400349428395493,-0.0371330716962648,-0.0297588810276759,-2.20587755193694,-1.96197227299514
A11,T2_pos-1_2,T2,pos-1,2,3,PB306,0.00705359155192718,0.0474091335081382,0.0400349428395493,-0.040355541956211,-0.0329813512876221,-2.74873508329256,-2.50482980435076
A12,T2_pos-1_3,T2,pos-1,3,3,PB306,0.0136665105049792,0.0474091335081382,0.0400349428395493,-0.033742623003159,-0.0263684323345701,-1.79452010130516,-1.55061482236336
A13,T2_pos-1_4,T2,pos-1,4,3,PB306,0.0221788641429846,0.0474091335081382,0.0400349428395493,-0.0252302693651536,-0.0178560786965647,-1.09597954337136,-0.852074264429563
A6,T2_ctrl_A,T2,ctrl,A,3,PB306,0.0392902551565849,0.0474091335081382,0.0400349428395493,-0.00811887835155327,-0.00074468768296438,-0.270993488419506,-0.0270882094777054
A7,T2_ctrl_B,T2,ctrl,B,3,PB306,0.0407796305225137,0.0474091335081382,0.0400349428395493,-0.0066295029856245,0.000744687682964387,-0.217316321216074,0.0265889577257261
A10,T2_pos-1_1,T2,pos-1,1,5,PB306,0.010311896418877,0.0475838854613992,0.0402026727229717,-0.0372719890425221,-0.0298907763040947,-2.20616340253735,-1.96298173945177
A11,T2_pos-1_2,T2,pos-1,2,5,PB306,0.00676711996869007,0.0475838854613992,0.0402026727229717,-0.0408167654927091,-0.0334355527542817,-2.81385920957556,-2.57067754648998
A12,T2_pos-1_3,T2,pos-1,3,5,PB306,0.0135308028534337,0.0475838854613992,0.0402026727229717,-0.0340530826079654,-0.026671869869538,-1.81422563530262,-1.57104397221704
A13,T2_pos-1_4,T2,pos-1,4,5,PB306,0.0220556892643838,0.0475838854613992,0.0402026727229717,-0.0255281961970153,-0.0181469834585879,-1.10932223288249,-0.866140569796902
A6,T2_ctrl_A,T2,ctrl,A,5,PB306,0.0393847029957899,0.0475838854613992,0.0402026727229717,-0.00819918246560922,-0.000817969727181824,-0.272837683566523,-0.0296560204809389
A7,T2_ctrl_B,T2,ctrl,B,5,PB306,0.0410206424501536,0.0475838854613992,0.0402026727229717,-0.00656324301124558,0.000817969727181824,-0.214122992861531,0.0290586702240533
A10,T2_pos-1_1,T2,pos-1,1,10,PB306,0.0104126422648076,0.0468486108090126,0.0400634780054616,-0.036435968544205,-0.029650835740654,-2.16967006178235,-1.94395146352742
A11,T2_pos-1_2,T2,pos-1,2,10,PB306,0.00681408333664914,0.0468486108090126,0.0400634780054616,-0.0400345274723635,-0.0332493946688125,-2.78141477171544,-2.55569617346052
A12,T2_pos-1_3,T2,pos-1,3,10,PB306,0.0136310077555196,0.0468486108090126,0.0400634780054616,-0.0332176030534931,-0.026432470249942,-1.78111404248706,-1.55539544423213
A13,T2_pos-1_4,T2,pos-1,4,10,PB306,0.0217882914920245,0.0468486108090126,0.0400634780054616,-0.0250603193169881,-0.0182751865134371,-1.10445319527603,-0.878734597021105
A6,T2_ctrl_A,T2,ctrl,A,10,PB306,0.0393990350700938,0.0468486108090126,0.0400634780054616,-0.0074495757389188,-0.000664442935367798,-0.249845971845308,-0.0241273735903825
A7,T2_ctrl_B,T2,ctrl,B,10,PB306,0.0407279209408294,0.0468486108090126,0.0400634780054616,-0.0061206898681832,0.000664442935367798,-0.201988098393681,0.0237304998612443
A10,T2_pos-1_1,T2,pos-1,1,3,PX179,0,0.00740404298505083,0.010623109637397,-0.00740404298505083,-0.010623109637397,-68.0163516866658,-68.5371726497731
A11,T2_pos-1_2,T2,pos-1,2,3,PX179,0,0.00740404298505083,0.010623109637397,-0.00740404298505083,-0.010623109637397,-68.0163516866658,-68.5371726497731
A12,T2_pos-1_3,T2,pos-1,3,3,PX179,0,0.00740404298505083,0.010623109637397,-0.00740404298505083,-0.010623109637397,-68.0163516866658,-68.5371726497731
A13,T2_pos-1_4,T2,pos-1,4,3,PX179,0,0.00740404298505083,0.010623109637397,-0.00740404298505083,-0.010623109637397,-68.0163516866658,-68.5371726497731
A6,T2_ctrl_A,T2,ctrl,A,3,PX179,0.0102064774354013,0.00740404298505083,0.010623109637397,0.00280243445035051,-0.000416632201995712,0.463099858267012,-0.0577211048402701
A7,T2_ctrl_B,T2,ctrl,B,3,PX179,0.0110397418393928,0.00740404298505083,0.010623109637397,0.00363569885434193,0.000416632201995712,0.57632125949498,0.0555002963876974
A10,T2_pos-1_1,T2,pos-1,1,5,PX179,0,0.00587343183169778,0.01033813322348,-0.00587343183169778,-0.01033813322348,-67.682242128543,-68.4979422095462
A11,T2_pos-1_2,T2,pos-1,2,5,PX179,0,0.00587343183169778,0.01033813322348,-0.00587343183169778,-0.01033813322348,-67.682242128543,-68.4979422095462
A12,T2_pos-1_3,T2,pos-1,3,5,PX179,0,0.00587343183169778,0.01033813322348,-0.00587343183169778,-0.01033813322348,-67.682242128543,-68.4979422095462
A13,T2_pos-1_4,T2,pos-1,4,5,PX179,0,0.00587343183169778,0.01033813322348,-0.00587343183169778,-0.01033813322348,-67.682242128543,-68.4979422095462
A6,T2_ctrl_A,T2,ctrl,A,5,PX179,0.0101310398975262,0.00587343183169778,0.01033813322348,0.00425760806582838,-0.000207093325953821,0.786506648775722,-0.0291934322274809
A7,T2_ctrl_B,T2,ctrl,B,5,PX179,0.0105452265494338,0.00587343183169778,0.01033813322348,0.00467179471773602,0.000207093325953821,0.844314471788319,0.0286143907851152
A10,T2_pos-1_1,T2,pos-1,1,10,PX179,0,0.00473479204730325,0.0097964767067585,-0.00473479204730325,-0.0097964767067585,-67.3713394794225,-68.4203013943487
A11,T2_pos-1_2,T2,pos-1,2,10,PX179,0,0.00473479204730325,0.0097964767067585,-0.00473479204730325,-0.0097964767067585,-67.3713394794225,-68.4203013943487
A12,T2_pos-1_3,T2,pos-1,3,10,PX179,0,0.00473479204730325,0.0097964767067585,-0.00473479204730325,-0.0097964767067585,-67.3713394794225,-68.4203013943487
A13,T2_pos-1_4,T2,pos-1,4,10,PX179,0,0.00473479204730325,0.0097964767067585,-0.00473479204730325,-0.0097964767067585,-67.3713394794225,-68.4203013943487
A6,T2_ctrl_A,T2,ctrl,A,10,PX179,0.00965336698606535,0.00473479204730325,0.0097964767067585,0.0049185749387621,-0.000143109720693146,1.02773116226769,-0.021230752658513
A7,T2_ctrl_B,T2,ctrl,B,10,PX179,0.00993958642745165,0.00473479204730325,0.0097964767067585,0.0052047943801484,0.000143109720693145,1.06988476074903,0.0209228458228245
A10,T2_pos-1_1,T2,pos-1,1,3,QG2075,0,0,0,0,0,0,0
A11,T2_pos-1_2,T2,pos-1,2,3,QG2075,0,0,0,0,0,0,0
A12,T2_pos-1_3,T2,pos-1,3,3,QG2075,0,0,0,0,0,0,0
A13,T2_pos-1_4,T2,pos-1,4,3,QG2075,0,0,0,0,0,0,0
A6,T2_ctrl_A,T2,ctrl,A,3,QG2075,0,0,0,0,0,0,0
A7,T2_ctrl_B,T2,ctrl,B,3,QG2075,0,0,0,0,0,0,0
A10,T2_pos-1_1,T2,pos-1,1,5,QG2075,0,0,0,0,0,0,0
A11,T2_pos-1_2,T2,pos-1,2,5,QG2075,0,0,0,0,0,0,0
A12,T2_pos-1_3,T2,pos-1,3,5,QG2075,0,0,0,0,0,0,0
A13,T2_pos-1_4,T2,pos-1,4,5,QG2075,0,0,0,0,0,0,0
A6,T2_ctrl_A,T2,ctrl,A,5,QG2075,0,0,0,0,0,0,0
A7,T2_ctrl_B,T2,ctrl,B,5,QG2075,0,0,0,0,0,0,0
A10,T2_pos-1_1,T2,pos-1,1,10,QG2075,0,0,0,0,0,0,0
A11,T2_pos-1_2,T2,pos-1,2,10,QG2075,0,0,0,0,0,0,0
A12,T2_pos-1_3,T2,pos-1,3,10,QG2075,0,0,0,0,0,0,0
A13,T2_pos-1_4,T2,pos-1,4,10,QG2075,0,0,0,0,0,0,0
A6,T2_ctrl_A,T2,ctrl,A,10,QG2075,0,0,0,0,0,0,0
A7,T2_ctrl_B,T2,ctrl,B,10,QG2075,0,0,0,0,0,0,0
A10,T2_pos-1_1,T2,pos-1,1,3,QG2811,0,0.00444618956697212,0.00127858122769108,-0.00444618956697212,-0.00127858122769108,-67.2806078758689,-65.4825822329546
A11,T2_pos-1_2,T2,pos-1,2,3,QG2811,0,0.00444618956697212,0.00127858122769108,-0.00444618956697212,-0.00127858122769108,-67.2806078758689,-65.4825822329546
A12,T2_pos-1_3,T2,pos-1,3,3,QG2811,0,0.00444618956697212,0.00127858122769108,-0.00444618956697212,-0.00127858122769108,-67.2806078758689,-65.4825822329546
A13,T2_pos-1_4,T2,pos-1,4,3,QG2811,0,0.00444618956697212,0.00127858122769108,-0.00444618956697212,-0.00127858122769108,-67.2806078758689,-65.4825822329546
A6,T2_ctrl_A,T2,ctrl,A,3,QG2811,0.00255716245538217,0.00444618956697212,0.00127858122769108,-0.00188902711158995,0.00127858122769108,-0.798025642914378,1
A7,T2_ctrl_B,T2,ctrl,B,3,QG2811,0,0.00444618956697212,0.00127858122769108,-0.00444618956697212,-0.00127858122769108,-67.2806078758689,-65.4825822329546
A10,T2_pos-1_1,T2,pos-1,1,5,QG2811,0,0.00407376390245297,0.00108224565629305,-0.00407376390245297,-0.00108224565629305,-67.1544007861245,-65.242066425849
A11,T2_pos-1_2,T2,pos-1,2,5,QG2811,0,0.00407376390245297,0.00108224565629305,-0.00407376390245297,-0.00108224565629305,-67.1544007861245,-65.242066425849
A12,T2_pos-1_3,T2,pos-1,3,5,QG2811,0,0.00407376390245297,0.00108224565629305,-0.00407376390245297,-0.00108224565629305,-67.1544007861245,-65.242066425849
A13,T2_pos-1_4,T2,pos-1,4,5,QG2811,0,0.00407376390245297,0.00108224565629305,-0.00407376390245297,-0.00108224565629305,-67.1544007861245,-65.242066425849
A6,T2_ctrl_A,T2,ctrl,A,5,QG2811,0.00216449131258611,0.00407376390245297,0.00108224565629305,-0.00190927258986687,0.00108224565629305,-0.91233436027552,1
A7,T2_ctrl_B,T2,ctrl,B,5,QG2811,0,0.00407376390245297,0.00108224565629305,-0.00407376390245297,-0.00108224565629305,-67.1544007861245,-65.242066425849
A10,T2_pos-1_1,T2,pos-1,1,10,QG2811,0,0.00358698383810662,0.00134451587253317,-0.00358698383810662,-0.00134451587253317,-66.9708096606465,-65.5551252025834
A11,T2_pos-1_2,T2,pos-1,2,10,QG2811,0,0.00358698383810662,0.00134451587253317,-0.00358698383810662,-0.00134451587253317,-66.9708096606465,-65.5551252025834
A12,T2_pos-1_3,T2,pos-1,3,10,QG2811,0,0.00358698383810662,0.00134451587253317,-0.00358698383810662,-0.00134451587253317,-66.9708096606465,-65.5551252025834
A13,T2_pos-1_4,T2,pos-1,4,10,QG2811,0,0.00358698383810662,0.00134451587253317,-0.00358698383810662,-0.00134451587253317,-66.9708096606465,-65.5551252025834
A6,T2_ctrl_A,T2,ctrl,A,10,QG2811,0.00268903174506634,0.00358698383810662,0.00134451587253317,-0.000897952093040281,0.00134451587253317,-0.415684458063088,1
A7,T2_ctrl_B,T2,ctrl,B,10,QG2811,0,0.00358698383810662,0.00134451587253317,-0.00358698383810662,-0.00134451587253317,-66.9708096606465,-65.5551252025834
A10,T2_pos-1_1,T2,pos-1,1,3,QG2813,0,0.00183154972914951,0.000281081368019333,-0.00183154972914951,-0.000281081368019333,-66.001103288472,-63.2970981460776
A11,T2_pos-1_2,T2,pos-1,2,3,QG2813,0,0.00183154972914951,0.000281081368019333,-0.00183154972914951,-0.000281081368019333,-66.001103288472,-63.2970981460776
A12,T2_pos-1_3,T2,pos-1,3,3,QG2813,5.45928645890383e-05,0.00183154972914951,0.000281081368019333,-0.00177695686456047,-0.000226488503430295,-5.06820866259135,-2.36420352019689
A13,T2_pos-1_4,T2,pos-1,4,3,QG2813,0,0.00183154972914951,0.000281081368019333,-0.00183154972914951,-0.000281081368019333,-66.001103288472,-63.2970981460776
A6,T2_ctrl_A,T2,ctrl,A,3,QG2813,0.000562162736038667,0.00183154972914951,0.000281081368019333,-0.00126938699311085,0.000281081368019333,-1.70400514239446,1
A7,T2_ctrl_B,T2,ctrl,B,3,QG2813,0,0.00183154972914951,0.000281081368019333,-0.00183154972914951,-0.000281081368019333,-66.001103288472,-63.2970981460776
A10,T2_pos-1_1,T2,pos-1,1,5,QG2813,0,0.00106296358659278,0,-0.00106296358659278,0,-65.216130591735,0
A11,T2_pos-1_2,T2,pos-1,2,5,QG2813,0,0.00106296358659278,0,-0.00106296358659278,0,-65.216130591735,0
A12,T2_pos-1_3,T2,pos-1,3,5,QG2813,0,0.00106296358659278,0,-0.00106296358659278,0,-65.216130591735,0
A13,T2_pos-1_4,T2,pos-1,4,5,QG2813,0,0.00106296358659278,0,-0.00106296358659278,0,-65.216130591735,0
A6,T2_ctrl_A,T2,ctrl,A,5,QG2813,0,0.00106296358659278,0,-0.00106296358659278,0,-65.216130591735,0
A7,T2_ctrl_B,T2,ctrl,B,5,QG2813,0,0.00106296358659278,0,-0.00106296358659278,0,-65.216130591735,0
A10,T2_pos-1_1,T2,pos-1,1,10,QG2813,0,0.000735100990835074,0.000338315046068065,-0.000735100990835074,-0.000338315046068065,-64.6840527870404,-63.5644776611239
A11,T2_pos-1_2,T2,pos-1,2,10,QG2813,0,0.000735100990835074,0.000338315046068065,-0.000735100990835074,-0.000338315046068065,-64.6840527870404,-63.5644776611239
A12,T2_pos-1_3,T2,pos-1,3,10,QG2813,0.000535309568240471,0.000735100990835074,0.000338315046068065,-0.000199791422594603,0.000196994522172406,-0.457569026301678,0.662006099614809
A13,T2_pos-1_4,T2,pos-1,4,10,QG2813,0,0.000735100990835074,0.000338315046068065,-0.000735100990835074,-0.000338315046068065,-64.6840527870404,-63.5644776611239
A6,T2_ctrl_A,T2,ctrl,A,10,QG2813,0.00067663009213613,0.000735100990835074,0.000338315046068065,-5.84708986989441e-05,0.000338315046068065,-0.119575125916487,1
A7,T2_ctrl_B,T2,ctrl,B,10,QG2813,0,0.000735100990835074,0.000338315046068065,-0.000735100990835074,-0.000338315046068065,-64.6840527870404,-63.5644776611239
A10,T2_pos-1_1,T2,pos-1,1,3,QG2818,0,0,0,0,0,0,0
A11,T2_pos-1_2,T2,pos-1,2,3,QG2818,0,0,0,0,0,0,0
A12,T2_pos-1_3,T2,pos-1,3,3,QG2818,0,0,0,0,0,0,0
A13,T2_pos-1_4,T2,pos-1,4,3,QG2818,0,0,0,0,0,0,0
A6,T2_ctrl_A,T2,ctrl,A,3,QG2818,0,0,0,0,0,0,0
A7,T2_ctrl_B,T2,ctrl,B,3,QG2818,0,0,0,0,0,0,0
A10,T2_pos-1_1,T2,pos-1,1,5,QG2818,0,0,0,0,0,0,0
A11,T2_pos-1_2,T2,pos-1,2,5,QG2818,0,0,0,0,0,0,0
A12,T2_pos-1_3,T2,pos-1,3,5,QG2818,0,0,0,0,0,0,0
A13,T2_pos-1_4,T2,pos-1,4,5,QG2818,0,0,0,0,0,0,0
A6,T2_ctrl_A,T2,ctrl,A,5,QG2818,0,0,0,0,0,0,0
A7,T2_ctrl_B,T2,ctrl,B,5,QG2818,0,0,0,0,0,0,0
A10,T2_pos-1_1,T2,pos-1,1,10,QG2818,0,0,0,0,0,0,0
A11,T2_pos-1_2,T2,pos-1,2,10,QG2818,0,0,0,0,0,0,0
A12,T2_pos-1_3,T2,pos-1,3,10,QG2818,0,0,0,0,0,0,0
A13,T2_pos-1_4,T2,pos-1,4,10,QG2818,0,0,0,0,0,0,0
A6,T2_ctrl_A,T2,ctrl,A,10,QG2818,0,0,0,0,0,0,0
A7,T2_ctrl_B,T2,ctrl,B,10,QG2818,0,0,0,0,0,0,0
A10,T2_pos-1_1,T2,pos-1,1,3,QG2823,0,0.00536090306489362,0.00230887900763859,-0.00536090306489362,-0.00230887900763859,-67.5505144644202,-66.335230989131
A11,T2_pos-1_2,T2,pos-1,2,3,QG2823,0,0.00536090306489362,0.00230887900763859,-0.00536090306489362,-0.00230887900763859,-67.5505144644202,-66.335230989131
A12,T2_pos-1_3,T2,pos-1,3,3,QG2823,0,0.00536090306489362,0.00230887900763859,-0.00536090306489362,-0.00230887900763859,-67.5505144644202,-66.335230989131
A13,T2_pos-1_4,T2,pos-1,4,3,QG2823,0,0.00536090306489362,0.00230887900763859,-0.00536090306489362,-0.00230887900763859,-67.5505144644202,-66.335230989131
A6,T2_ctrl_A,T2,ctrl,A,3,QG2823,0.00406431577215154,0.00536090306489362,0.00230887900763859,-0.00129658729274208,0.00175543676451295,-0.399463553794768,0.81581992149441
A7,T2_ctrl_B,T2,ctrl,B,3,QG2823,0.000553442243125643,0.00536090306489362,0.00230887900763859,-0.00480746082176798,-0.00175543676451295,-3.27597137747045,-2.06068790218127
A10,T2_pos-1_1,T2,pos-1,1,5,QG2823,0,0.00566637598609378,0.00305686677820116,-0.00566637598609378,-0.00305686677820116,-67.630464749017,-66.7400920949677
A11,T2_pos-1_2,T2,pos-1,2,5,QG2823,0,0.00566637598609378,0.00305686677820116,-0.00566637598609378,-0.00305686677820116,-67.630464749017,-66.7400920949677
A12,T2_pos-1_3,T2,pos-1,3,5,QG2823,0,0.00566637598609378,0.00305686677820116,-0.00566637598609378,-0.00305686677820116,-67.630464749017,-66.7400920949677
A13,T2_pos-1_4,T2,pos-1,4,5,QG2823,0,0.00566637598609378,0.00305686677820116,-0.00566637598609378,-0.00305686677820116,-67.630464749017,-66.7400920949677
A6,T2_ctrl_A,T2,ctrl,A,5,QG2823,0.00474719033705475,0.00566637598609378,0.00305686677820116,-0.00091918564903903,0.00169032355885359,-0.255352438005322,0.635020216043977
A7,T2_ctrl_B,T2,ctrl,B,5,QG2823,0.00136654321934756,0.00566637598609378,0.00305686677820116,-0.00429983276674621,-0.00169032355885359,-2.05189524495508,-1.16152259090578
A10,T2_pos-1_1,T2,pos-1,1,10,QG2823,0,0.00528679303615213,0.00516253925724993,-0.00528679303615213,-0.00516253925724993,-67.5304312658566,-67.4961192628862
A11,T2_pos-1_2,T2,pos-1,2,10,QG2823,0,0.00528679303615213,0.00516253925724993,-0.00528679303615213,-0.00516253925724993,-67.5304312658566,-67.4961192628862
A12,T2_pos-1_3,T2,pos-1,3,10,QG2823,0,0.00528679303615213,0.00516253925724993,-0.00528679303615213,-0.00516253925724993,-67.5304312658566,-67.4961192628862
A13,T2_pos-1_4,T2,pos-1,4,10,QG2823,0,0.00528679303615213,0.00516253925724993,-0.00528679303615213,-0.00516253925724993,-67.5304312658566,-67.4961192628862
A6,T2_ctrl_A,T2,ctrl,A,10,QG2823,0.00764856089505211,0.00528679303615213,0.00516253925724993,0.00236176785889998,0.00248602163780218,0.532795474784046,0.567107477754486
A7,T2_ctrl_B,T2,ctrl,B,10,QG2823,0.00267651761944775,0.00528679303615213,0.00516253925724993,-0.00261027541670438,-0.00248602163780218,-0.982035700251903,-0.947723697281462
A10,T2_pos-1_1,T2,pos-1,1,3,QG2824,0,0,0,0,0,0,0
A11,T2_pos-1_2,T2,pos-1,2,3,QG2824,0,0,0,0,0,0,0
A12,T2_pos-1_3,T2,pos-1,3,3,QG2824,0,0,0,0,0,0,0
A13,T2_pos-1_4,T2,pos-1,4,3,QG2824,0,0,0,0,0,0,0
A6,T2_ctrl_A,T2,ctrl,A,3,QG2824,0,0,0,0,0,0,0
A7,T2_ctrl_B,T2,ctrl,B,3,QG2824,0,0,0,0,0,0,0
A10,T2_pos-1_1,T2,pos-1,1,5,QG2824,0,9.69057559692004e-05,0,-9.69057559692004e-05,0,-61.7607645867273,0
A11,T2_pos-1_2,T2,pos-1,2,5,QG2824,0,9.69057559692004e-05,0,-9.69057559692004e-05,0,-61.7607645867273,0
A12,T2_pos-1_3,T2,pos-1,3,5,QG2824,0,9.69057559692004e-05,0,-9.69057559692004e-05,0,-61.7607645867273,0
A13,T2_pos-1_4,T2,pos-1,4,5,QG2824,0,9.69057559692004e-05,0,-9.69057559692004e-05,0,-61.7607645867273,0
A6,T2_ctrl_A,T2,ctrl,A,5,QG2824,0,9.69057559692004e-05,0,-9.69057559692004e-05,0,-61.7607645867273,0
A7,T2_ctrl_B,T2,ctrl,B,5,QG2824,0,9.69057559692004e-05,0,-9.69057559692004e-05,0,-61.7607645867273,0
A10,T2_pos-1_1,T2,pos-1,1,10,QG2824,0,0.000155303282678324,0,-0.000155303282678324,0,-62.4411986454059,0
A11,T2_pos-1_2,T2,pos-1,2,10,QG2824,0,0.000155303282678324,0,-0.000155303282678324,0,-62.4411986454059,0
A12,T2_pos-1_3,T2,pos-1,3,10,QG2824,0,0.000155303282678324,0,-0.000155303282678324,0,-62.4411986454059,0
A13,T2_pos-1_4,T2,pos-1,4,10,QG2824,0,0.000155303282678324,0,-0.000155303282678324,0,-62.4411986454059,0
A6,T2_ctrl_A,T2,ctrl,A,10,QG2824,0,0.000155303282678324,0,-0.000155303282678324,0,-62.4411986454059,0
A7,T2_ctrl_B,T2,ctrl,B,10,QG2824,0,0.000155303282678324,0,-0.000155303282678324,0,-62.4411986454059,0
A10,T2_pos-1_1,T2,pos-1,1,3,QG2825,0,0,0,0,0,0,0
A11,T2_pos-1_2,T2,pos-1,2,3,QG2825,0,0,0,0,0,0,0
A12,T2_pos-1_3,T2,pos-1,3,3,QG2825,0,0,0,0,0,0,0
A13,T2_pos-1_4,T2,pos-1,4,3,QG2825,0,0,0,0,0,0,0
A6,T2_ctrl_A,T2,ctrl,A,3,QG2825,0,0,0,0,0,0,0
A7,T2_ctrl_B,T2,ctrl,B,3,QG2825,0,0,0,0,0,0,0
A10,T2_pos-1_1,T2,pos-1,1,5,QG2825,0,0,0,0,0,0,0
A11,T2_pos-1_2,T2,pos-1,2,5,QG2825,0,0,0,0,0,0,0
A12,T2_pos-1_3,T2,pos-1,3,5,QG2825,0,0,0,0,0,0,0
A13,T2_pos-1_4,T2,pos-1,4,5,QG2825,0,0,0,0,0,0,0
A6,T2_ctrl_A,T2,ctrl,A,5,QG2825,0,0,0,0,0,0,0
A7,T2_ctrl_B,T2,ctrl,B,5,QG2825,0,0,0,0,0,0,0
A10,T2_pos-1_1,T2,pos-1,1,10,QG2825,0,0,0,0,0,0,0
A11,T2_pos-1_2,T2,pos-1,2,10,QG2825,0,0,0,0,0,0,0
A12,T2_pos-1_3,T2,pos-1,3,10,QG2825,0,0,0,0,0,0,0
A13,T2_pos-1_4,T2,pos-1,4,10,QG2825,0,0,0,0,0,0,0
A6,T2_ctrl_A,T2,ctrl,A,10,QG2825,0,0,0,0,0,0,0
A7,T2_ctrl_B,T2,ctrl,B,10,QG2825,0,0,0,0,0,0,0
A10,T2_pos-1_1,T2,pos-1,1,3,QG2827,0,0.00938814312835249,0.000171462171366171,-0.00938814312835249,-0.000171462171366171,-68.3588782525492,-62.5840006394671
A11,T2_pos-1_2,T2,pos-1,2,3,QG2827,0,0.00938814312835249,0.000171462171366171,-0.00938814312835249,-0.000171462171366171,-68.3588782525492,-62.5840006394671
A12,T2_pos-1_3,T2,pos-1,3,3,QG2827,0,0.00938814312835249,0.000171462171366171,-0.00938814312835249,-0.000171462171366171,-68.3588782525492,-62.5840006394671
A13,T2_pos-1_4,T2,pos-1,4,3,QG2827,0,0.00938814312835249,0.000171462171366171,-0.00938814312835249,-0.000171462171366171,-68.3588782525492,-62.5840006394671
A6,T2_ctrl_A,T2,ctrl,A,3,QG2827,0.000342924342732341,0.00938814312835249,0.000171462171366171,-0.00904521878562015,0.000171462171366171,-4.77487761308217,1
A7,T2_ctrl_B,T2,ctrl,B,3,QG2827,0,0.00938814312835249,0.000171462171366171,-0.00938814312835249,-0.000171462171366171,-68.3588782525492,-62.5840006394671
A10,T2_pos-1_1,T2,pos-1,1,5,QG2827,0,0.00961829385278076,0,-0.00961829385278076,0,-68.3938194190015,0
A11,T2_pos-1_2,T2,pos-1,2,5,QG2827,0,0.00961829385278076,0,-0.00961829385278076,0,-68.3938194190015,0
A12,T2_pos-1_3,T2,pos-1,3,5,QG2827,0,0.00961829385278076,0,-0.00961829385278076,0,-68.3938194190015,0
A13,T2_pos-1_4,T2,pos-1,4,5,QG2827,0,0.00961829385278076,0,-0.00961829385278076,0,-68.3938194190015,0
A6,T2_ctrl_A,T2,ctrl,A,5,QG2827,0,0.00961829385278076,0,-0.00961829385278076,0,-68.3938194190015,0
A7,T2_ctrl_B,T2,ctrl,B,5,QG2827,0,0.00961829385278076,0,-0.00961829385278076,0,-68.3938194190015,0
A10,T2_pos-1_1,T2,pos-1,1,10,QG2827,0,0.0102643437482317,0,-0.0102643437482317,0,-68.4876079021369,0
A11,T2_pos-1_2,T2,pos-1,2,10,QG2827,0,0.0102643437482317,0,-0.0102643437482317,0,-68.4876079021369,0
A12,T2_pos-1_3,T2,pos-1,3,10,QG2827,0,0.0102643437482317,0,-0.0102643437482317,0,-68.4876079021369,0
A13,T2_pos-1_4,T2,pos-1,4,10,QG2827,0,0.0102643437482317,0,-0.0102643437482317,0,-68.4876079021369,0
A6,T2_ctrl_A,T2,ctrl,A,10,QG2827,0,0.0102643437482317,0,-0.0102643437482317,0,-68.4876079021369,0
A7,T2_ctrl_B,T2,ctrl,B,10,QG2827,0,0.0102643437482317,0,-0.0102643437482317,0,-68.4876079021369,0
A10,T2_pos-1_1,T2,pos-1,1,3,QG2828,0,0,0.00189187440586806,0,-0.00189187440586806,0,-66.0478547326786
A11,T2_pos-1_2,T2,pos-1,2,3,QG2828,0,0,0.00189187440586806,0,-0.00189187440586806,0,-66.0478547326786
A12,T2_pos-1_3,T2,pos-1,3,3,QG2828,0,0,0.00189187440586806,0,-0.00189187440586806,0,-66.0478547326786
A13,T2_pos-1_4,T2,pos-1,4,3,QG2828,0,0,0.00189187440586806,0,-0.00189187440586806,0,-66.0478547326786
A6,T2_ctrl_A,T2,ctrl,A,3,QG2828,0,0,0.00189187440586806,0,-0.00189187440586806,0,-66.0478547326786
A7,T2_ctrl_B,T2,ctrl,B,3,QG2828,0.00378374881173611,0,0.00189187440586806,0.00378374881173611,0.00189187440586806,67.0478547326786,1
A10,T2_pos-1_1,T2,pos-1,1,5,QG2828,0,0,0.00277027769303203,0,-0.00277027769303203,0,-66.5980690151759
A11,T2_pos-1_2,T2,pos-1,2,5,QG2828,0,0,0.00277027769303203,0,-0.00277027769303203,0,-66.5980690151759
A12,T2_pos-1_3,T2,pos-1,3,5,QG2828,0,0,0.00277027769303203,0,-0.00277027769303203,0,-66.5980690151759
A13,T2_pos-1_4,T2,pos-1,4,5,QG2828,0,0,0.00277027769303203,0,-0.00277027769303203,0,-66.5980690151759
A6,T2_ctrl_A,T2,ctrl,A,5,QG2828,0.0010193731994326,0,0.00277027769303203,0.0010193731994326,-0.00175090449359943,65.1557207443341,-1.44234827084179
A7,T2_ctrl_B,T2,ctrl,B,5,QG2828,0.00452118218663145,0,0.00277027769303203,0.00452118218663145,0.00175090449359943,67.3047384697059,0.706669454530061
A10,T2_pos-1_1,T2,pos-1,1,10,QG2828,0,0,0.00382324676343281,0,-0.00382324676343281,0,-67.0628367345947
A11,T2_pos-1_2,T2,pos-1,2,10,QG2828,0.000153186379052479,0,0.00382324676343281,0.000153186379052479,-0.00367006038438033,62.4213983429597,-4.64143839163506
A12,T2_pos-1_3,T2,pos-1,3,10,QG2828,0.000639677200408218,0,0.00382324676343281,0.000639677200408218,-0.0031835695630246,64.483454383962,-2.57938235063276
A13,T2_pos-1_4,T2,pos-1,4,10,QG2828,0,0,0.00382324676343281,0,-0.00382324676343281,0,-67.0628367345947
A6,T2_ctrl_A,T2,ctrl,A,10,QG2828,0.00260103246951621,0,0.00382324676343281,0.00260103246951621,-0.00122221429391661,66.5071228247103,-0.555713909884446
A7,T2_ctrl_B,T2,ctrl,B,10,QG2828,0.00504546105734942,0,0.00382324676343281,0.00504546105734942,0.00122221429391661,67.4630245254155,0.400187790820792
A10,T2_pos-1_1,T2,pos-1,1,3,QG2832,0.03157459496165,0.00774012645729342,0.0104647304711996,0.0238344685043566,0.0211098644904505,2.0283351850048,1.59322907313625
A11,T2_pos-1_2,T2,pos-1,2,3,QG2832,0.0284313987734219,0.00774012645729342,0.0104647304711996,0.0206912723161285,0.0179666683022224,1.87705603648936,1.44194992462081
A12,T2_pos-1_3,T2,pos-1,3,3,QG2832,0.0443731412881873,0.00774012645729342,0.0104647304711996,0.0366330148308939,0.0339084108169877,2.51925764658598,2.08415153471744
A13,T2_pos-1_4,T2,pos-1,4,3,QG2832,0.039495200378993,0.00774012645729342,0.0104647304711996,0.0317550739216996,0.0290304699077934,2.35124829938035,1.9161421875118
A6,T2_ctrl_A,T2,ctrl,A,3,QG2832,0.0106669846314896,0.00774012645729342,0.0104647304711996,0.00292685817419618,0.000202254160290044,0.462723367078558,0.0276172552100131
A7,T2_ctrl_B,T2,ctrl,B,3,QG2832,0.0102624763109095,0.00774012645729342,0.0104647304711996,0.00252234985361609,-0.000202254160290044,0.406949849543467,-0.0281562623250781
A10,T2_pos-1_1,T2,pos-1,1,5,QG2832,0.0320196911500349,0.00762300946103458,0.01015075516168,0.0243966816890003,0.0218689359883549,2.07052682044727,1.65737233205696
A11,T2_pos-1_2,T2,pos-1,2,5,QG2832,0.0284499269086424,0.00762300946103458,0.01015075516168,0.0208269174476078,0.0182991717469624,1.89999237429857,1.48683788590826
A12,T2_pos-1_3,T2,pos-1,3,5,QG2832,0.0446951794118137,0.00762300946103458,0.01015075516168,0.0370721699507791,0.0345444242501337,2.55168666648365,2.13853217809334
A13,T2_pos-1_4,T2,pos-1,4,5,QG2832,0.0395052842992916,0.00762300946103458,0.01015075516168,0.031882274838257,0.0293545291376116,2.37361307195515,1.96045858356483
A6,T2_ctrl_A,T2,ctrl,A,5,QG2832,0.0102827750414527,0.00762300946103458,0.01015075516168,0.00265976558041809,0.000132019879772674,0.43179708947346,0.0186426010831473
A7,T2_ctrl_B,T2,ctrl,B,5,QG2832,0.0100187352819073,0.00762300946103458,0.01015075516168,0.00239572582087274,-0.000132019879772674,0.394267829202973,-0.0188866591873399
A10,T2_pos-1_1,T2,pos-1,1,10,QG2832,0.0320448576950377,0.00677748378715535,0.00932652317840145,0.0252673739078824,0.0227183345166363,2.24127120112555,1.78068159700938
A11,T2_pos-1_2,T2,pos-1,2,10,QG2832,0.0287671232894512,0.00677748378715535,0.00932652317840145,0.0219896395022959,0.0194406001110498,2.08559929685704,1.62500969274087
A12,T2_pos-1_3,T2,pos-1,3,10,QG2832,0.043061495046345,0.00677748378715535,0.00932652317840145,0.0362840112591896,0.0337349718679435,2.66757674709445,2.20698714297828
A13,T2_pos-1_4,T2,pos-1,4,10,QG2832,0.0390415343900091,0.00677748378715535,0.00932652317840145,0.0322640506028537,0.0297150112116076,2.52618809204426,2.06559848792809
A6,T2_ctrl_A,T2,ctrl,A,10,QG2832,0.0107488169832633,0.00677748378715535,0.00932652317840145,0.00397133319610798,0.00142229380486188,0.665356223257104,0.20476661914093
A7,T2_ctrl_B,T2,ctrl,B,10,QG2832,0.00790422937353957,0.00677748378715535,0.00932652317840145,0.00112674558638422,-0.00142229380486188,0.221875056320865,-0.238714547795309
A10,T2_pos-1_1,T2,pos-1,1,3,QG2835,0.00649437713854914,0.0402086393021003,0.0409328270294375,-0.0337142621635512,-0.0344384498908884,-2.63024244310994,-2.65599523837967
A11,T2_pos-1_2,T2,pos-1,2,3,QG2835,0.0125759213674212,0.0402086393021003,0.0409328270294375,-0.0276327179346791,-0.0283569056620163,-1.67684141271744,-1.70259420798717
A12,T2_pos-1_3,T2,pos-1,3,3,QG2835,0.0101307751579266,0.0402086393021003,0.0409328270294375,-0.0300778641441737,-0.0308020518715109,-1.98876094840635,-2.01451374367608
A13,T2_pos-1_4,T2,pos-1,4,3,QG2835,0.0101443946952978,0.0402086393021003,0.0409328270294375,-0.0300642446068025,-0.0307884323341398,-1.98682273115617,-2.0125755264259
A6,T2_ctrl_A,T2,ctrl,A,3,QG2835,0.0417915656256418,0.0402086393021003,0.0409328270294375,0.00158292632354151,0.000858738596204278,0.0557062921333254,0.029953496863594
A7,T2_ctrl_B,T2,ctrl,B,3,QG2835,0.0400740884332332,0.0402086393021003,0.0409328270294375,-0.000134550868867052,-0.000858738596204285,-0.00483581110122692,-0.0305886063709581
A10,T2_pos-1_1,T2,pos-1,1,5,QG2835,0.00622593292791738,0.040476044372534,0.0412493128370221,-0.0342501114446166,-0.0350233799091047,-2.7007063659441,-2.72800814620314
A11,T2_pos-1_2,T2,pos-1,2,5,QG2835,0.0123835166722079,0.040476044372534,0.0412493128370221,-0.0280925277003261,-0.0288657961648142,-1.70864723636208,-1.73594901662113
A12,T2_pos-1_3,T2,pos-1,3,5,QG2835,0.0103854880093562,0.040476044372534,0.0412493128370221,-0.0300905563631777,-0.0308638248276658,-1.96249929641012,-1.98980107666916
A13,T2_pos-1_4,T2,pos-1,4,5,QG2835,0.0096274208943334,0.040476044372534,0.0412493128370221,-0.0308486234782006,-0.0316218919426886,-2.07184703678337,-2.09914881704242
A6,T2_ctrl_A,T2,ctrl,A,5,QG2835,0.0421549128007934,0.040476044372534,0.0412493128370221,0.00167886842825946,0.000905599963771396,0.0586324691781868,0.0313306889191414
A7,T2_ctrl_B,T2,ctrl,B,5,QG2835,0.0403437128732507,0.040476044372534,0.0412493128370221,-0.000132331499283336,-0.000905599963771396,-0.00472444300470967,-0.0320262232637551
A10,T2_pos-1_1,T2,pos-1,1,10,QG2835,0.00623801228550063,0.0408276557217138,0.0399238658284334,-0.0345896434362132,-0.0336858535429328,-2.71038843285281,-2.67809312446387
A11,T2_pos-1_2,T2,pos-1,2,10,QG2835,0.0109832581596596,0.0408276557217138,0.0399238658284334,-0.0298443975620542,-0.0289406076687738,-1.8942406418248,-1.86194533343586
A12,T2_pos-1_3,T2,pos-1,3,10,QG2835,0.0112114315376856,0.0408276557217138,0.0399238658284334,-0.0296162241840282,-0.0287124342907479,-1.86457623080734,-1.8322809224184
A13,T2_pos-1_4,T2,pos-1,4,10,QG2835,0.00848393579494471,0.0408276557217138,0.0399238658284334,-0.0323437199267691,-0.0314399300334887,-2.26674112406755,-2.23444581567861
A6,T2_ctrl_A,T2,ctrl,A,10,QG2835,0.0408114936257851,0.0408276557217138,0.0399238658284334,-1.61620959286748e-05,0.000887627797351666,-0.000571220453364419,0.0317240879355751
A7,T2_ctrl_B,T2,ctrl,B,10,QG2835,0.0390362380310818,0.0408276557217138,0.0399238658284334,-0.00179141769063201,-0.000887627797351666,-0.0647327066527046,-0.032437398263765
A10,T2_pos-1_1,T2,pos-1,1,3,QG2836,0,0,0.00030136277327436,0,-0.00030136277327436,0,-63.3976115355891
A11,T2_pos-1_2,T2,pos-1,2,3,QG2836,0,0,0.00030136277327436,0,-0.00030136277327436,0,-63.3976115355891
A12,T2_pos-1_3,T2,pos-1,3,3,QG2836,0,0,0.00030136277327436,0,-0.00030136277327436,0,-63.3976115355891
A13,T2_pos-1_4,T2,pos-1,4,3,QG2836,0,0,0.00030136277327436,0,-0.00030136277327436,0,-63.3976115355891
A6,T2_ctrl_A,T2,ctrl,A,3,QG2836,0.000602725546548719,0,0.00030136277327436,0.000602725546548719,0.00030136277327436,64.3976115355891,1
A7,T2_ctrl_B,T2,ctrl,B,3,QG2836,0,0,0.00030136277327436,0,-0.00030136277327436,0,-63.3976115355891
A10,T2_pos-1_1,T2,pos-1,1,5,QG2836,0,0,0.000449339067514727,0,-0.000449339067514727,0,-63.9739148223746
A11,T2_pos-1_2,T2,pos-1,2,5,QG2836,0,0,0.000449339067514727,0,-0.000449339067514727,0,-63.9739148223746
A12,T2_pos-1_3,T2,pos-1,3,5,QG2836,0,0,0.000449339067514727,0,-0.000449339067514727,0,-63.9739148223746
A13,T2_pos-1_4,T2,pos-1,4,5,QG2836,0,0,0.000449339067514727,0,-0.000449339067514727,0,-63.9739148223746
A6,T2_ctrl_A,T2,ctrl,A,5,QG2836,0.000730226148954875,0,0.000449339067514727,0.000730226148954875,0.000280887081440148,64.6744536525392,0.700538830164563
A7,T2_ctrl_B,T2,ctrl,B,5,QG2836,0.000168451986074579,0,0.000449339067514727,0.000168451986074579,-0.000280887081440148,62.5584477589625,-1.41546706341214
A10,T2_pos-1_1,T2,pos-1,1,10,QG2836,0,0,0.000835997965956951,0,-0.000835997965956951,0,-64.8696097529381
A11,T2_pos-1_2,T2,pos-1,2,10,QG2836,0,0,0.000835997965956951,0,-0.000835997965956951,0,-64.8696097529381
A12,T2_pos-1_3,T2,pos-1,3,10,QG2836,0,0,0.000835997965956951,0,-0.000835997965956951,0,-64.8696097529381
A13,T2_pos-1_4,T2,pos-1,4,10,QG2836,0,0,0.000835997965956951,0,-0.000835997965956951,0,-64.8696097529381
A6,T2_ctrl_A,T2,ctrl,A,10,QG2836,0.000918551354700493,0,0.000835997965956951,0.000918551354700493,8.2553388743542e-05,65.0054707031145,0.13586095017638
A7,T2_ctrl_B,T2,ctrl,B,10,QG2836,0.000753444577213409,0,0.000835997965956951,0.000753444577213409,-8.25533887435419e-05,64.7196117130293,-0.149998039908779
A10,T2_pos-1_1,T2,pos-1,1,3,QG2837,0,0.00592340626217362,0,-0.00592340626217362,0,-67.6944654537656,0
A11,T2_pos-1_2,T2,pos-1,2,3,QG2837,0,0.00592340626217362,0,-0.00592340626217362,0,-67.6944654537656,0
A12,T2_pos-1_3,T2,pos-1,3,3,QG2837,0,0.00592340626217362,0,-0.00592340626217362,0,-67.6944654537656,0
A13,T2_pos-1_4,T2,pos-1,4,3,QG2837,0,0.00592340626217362,0,-0.00592340626217362,0,-67.6944654537656,0
A6,T2_ctrl_A,T2,ctrl,A,3,QG2837,0,0.00592340626217362,0,-0.00592340626217362,0,-67.6944654537656,0
A7,T2_ctrl_B,T2,ctrl,B,3,QG2837,0,0.00592340626217362,0,-0.00592340626217362,0,-67.6944654537656,0
A10,T2_pos-1_1,T2,pos-1,1,5,QG2837,0,0.00578151164104824,0,-0.00578151164104824,0,-67.6594851665386,0
A11,T2_pos-1_2,T2,pos-1,2,5,QG2837,0,0.00578151164104824,0,-0.00578151164104824,0,-67.6594851665386,0
A12,T2_pos-1_3,T2,pos-1,3,5,QG2837,0,0.00578151164104824,0,-0.00578151164104824,0,-67.6594851665386,0
A13,T2_pos-1_4,T2,pos-1,4,5,QG2837,0,0.00578151164104824,0,-0.00578151164104824,0,-67.6594851665386,0
A6,T2_ctrl_A,T2,ctrl,A,5,QG2837,0,0.00578151164104824,0,-0.00578151164104824,0,-67.6594851665386,0
A7,T2_ctrl_B,T2,ctrl,B,5,QG2837,0,0.00578151164104824,0,-0.00578151164104824,0,-67.6594851665386,0
A10,T2_pos-1_1,T2,pos-1,1,10,QG2837,0,0.00685577764663313,0.000817727699811789,-0.00685577764663313,-0.000817727699811789,-67.9053587349911,-64.837730832029
A11,T2_pos-1_2,T2,pos-1,2,10,QG2837,0,0.00685577764663313,0.000817727699811789,-0.00685577764663313,-0.000817727699811789,-67.9053587349911,-64.837730832029
A12,T2_pos-1_3,T2,pos-1,3,10,QG2837,0.000843848245424622,0.00685577764663313,0.000817727699811789,-0.0060119294012085,2.61205456128326e-05,-3.02226484091211,0.0453630620500337
A13,T2_pos-1_4,T2,pos-1,4,10,QG2837,0.000748611744917692,0.00685577764663313,0.000817727699811789,-0.00610716590171543,-6.91159548940973e-05,-3.19503073142515,-0.127402828463008
A6,T2_ctrl_A,T2,ctrl,A,10,QG2837,0,0.00685577764663313,0.000817727699811789,-0.00685577764663313,-0.000817727699811789,-67.9053587349911,-64.837730832029
A7,T2_ctrl_B,T2,ctrl,B,10,QG2837,0.00163545539962358,0.00685577764663313,0.000817727699811789,-0.00522032224700955,0.000817727699811789,-2.06762790296214,1
A10,T2_pos-1_1,T2,pos-1,1,3,QG2838,0,0,0.00260815720875407,0,-0.00260815720875407,0,-66.5110692474787
A11,T2_pos-1_2,T2,pos-1,2,3,QG2838,0,0,0.00260815720875407,0,-0.00260815720875407,0,-66.5110692474787
A12,T2_pos-1_3,T2,pos-1,3,3,QG2838,0,0,0.00260815720875407,0,-0.00260815720875407,0,-66.5110692474787
A13,T2_pos-1_4,T2,pos-1,4,3,QG2838,0.000804142759274775,0,0.00260815720875407,0.000804142759274775,-0.0018040144494793,64.8135619662607,-1.69750728121794
A6,T2_ctrl_A,T2,ctrl,A,3,QG2838,0.00319141714888795,0,0.00260815720875407,0.00319141714888795,0.000583259940133878,66.8022356107429,0.291166363264264
A7,T2_ctrl_B,T2,ctrl,B,3,QG2838,0.00202489726862019,0,0.00260815720875407,0.00202489726862019,-0.000583259940133878,66.145887131687,-0.365182115791633
A10,T2_pos-1_1,T2,pos-1,1,5,QG2838,0,0,0.00259052769540499,0,-0.00259052769540499,0,-66.5012844232596
A11,T2_pos-1_2,T2,pos-1,2,5,QG2838,0,0,0.00259052769540499,0,-0.00259052769540499,0,-66.5012844232596
A12,T2_pos-1_3,T2,pos-1,3,5,QG2838,0,0,0.00259052769540499,0,-0.00259052769540499,0,-66.5012844232596
A13,T2_pos-1_4,T2,pos-1,4,5,QG2838,0.00083698566686656,0,0.00259052769540499,0.00083698566686656,-0.00175354202853843,64.871313238067,-1.62997118519257
A6,T2_ctrl_A,T2,ctrl,A,5,QG2838,0.0033831571314008,0,0.00259052769540499,0.0033831571314008,0.000792629435995814,66.8864086006396,0.385124177379971
A7,T2_ctrl_B,T2,ctrl,B,5,QG2838,0.00179789825940917,0,0.00259052769540499,0.00179789825940917,-0.000792629435995814,65.9743497987288,-0.526934624530785
A10,T2_pos-1_1,T2,pos-1,1,10,QG2838,0,0,0.00214986296406589,0,-0.00214986296406589,0,-66.2322831185971
A11,T2_pos-1_2,T2,pos-1,2,10,QG2838,0,0,0.00214986296406589,0,-0.00214986296406589,0,-66.2322831185971
A12,T2_pos-1_3,T2,pos-1,3,10,QG2838,0,0,0.00214986296406589,0,-0.00214986296406589,0,-66.2322831185971
A13,T2_pos-1_4,T2,pos-1,4,10,QG2838,0.000560429810352718,0,0.00214986296406589,0.000560429810352718,-0.00158943315371317,64.292644018376,-1.93963910022113
A6,T2_ctrl_A,T2,ctrl,A,10,QG2838,0.0032696335504495,0,0.00214986296406589,0.0032696335504495,0.00111977058638361,66.8371673680629,0.60488424946578
A7,T2_ctrl_B,T2,ctrl,B,10,QG2838,0.00103009237768228,0,0.00214986296406589,0.00103009237768228,-0.00111977058638361,65.1708121383934,-1.0614709802037
A10,T2_pos-1_1,T2,pos-1,1,3,QG2841,0,0.0018570375314167,2.77844606449079e-05,-0.0018570375314167,-2.77844606449079e-05,-66.021041388665,-59.9584604607218
A11,T2_pos-1_2,T2,pos-1,2,3,QG2841,1.9319217987979e-05,0.0018570375314167,2.77844606449079e-05,-0.00183771831342872,-8.46524265692885e-06,-6.58682246544923,-0.524241537506045
A12,T2_pos-1_3,T2,pos-1,3,3,QG2841,0.00620753844204205,0.0018570375314167,2.77844606449079e-05,0.00435050091062535,0.00617975398139714,1.74101831778177,7.80359924572495
A13,T2_pos-1_4,T2,pos-1,4,3,QG2841,0.000244599215402946,0.0018570375314167,2.77844606449079e-05,-0.00161243831601375,0.000216814754758038,-2.92451129169422,3.13806963624897
A6,T2_ctrl_A,T2,ctrl,A,3,QG2841,5.55689212898157e-05,0.0018570375314167,2.77844606449079e-05,-0.00180146861012688,2.77844606449079e-05,-5.06258092794318,1
A7,T2_ctrl_B,T2,ctrl,B,3,QG2841,0,0.0018570375314167,2.77844606449079e-05,-0.0018570375314167,-2.77844606449079e-05,-66.021041388665,-59.9584604607218
A10,T2_pos-1_1,T2,pos-1,1,5,QG2841,0,0.00244153627528234,0.000200077996553262,-0.00244153627528234,-0.000200077996553262,-66.4158276287646,-62.8066728373325
A11,T2_pos-1_2,T2,pos-1,2,5,QG2841,0.00019489312655326,0.00244153627528234,0.000200077996553262,-0.00224664314872908,-5.18487000000187e-06,-3.64703409710603,-0.0378793056738765
A12,T2_pos-1_3,T2,pos-1,3,5,QG2841,0.0064153005982024,0.00244153627528234,0.000200077996553262,0.00397376432292005,0.00621522260164914,1.39372765339566,5.00288244482782
A13,T2_pos-1_4,T2,pos-1,4,5,QG2841,0.000660647769361113,0.00244153627528234,0.000200077996553262,-0.00178088850592123,0.000460569772807851,-1.88583601782319,1.72331877360897
A6,T2_ctrl_A,T2,ctrl,A,5,QG2841,0.000400155993106524,0.00244153627528234,0.000200077996553262,-0.00204138028217582,0.000200077996553262,-2.60915479143216,1
A7,T2_ctrl_B,T2,ctrl,B,5,QG2841,0,0.00244153627528234,0.000200077996553262,-0.00244153627528234,-0.000200077996553262,-66.4158276287646,-62.8066728373325
A10,T2_pos-1_1,T2,pos-1,1,10,QG2841,0,0.00182741848919327,0,-0.00182741848919327,0,-65.9978454728395,0
A11,T2_pos-1_2,T2,pos-1,2,10,QG2841,0.000105258626399251,0.00182741848919327,0,-0.00172215986279402,0.000105258626399251,-4.117796678802,61.8800487940375
A12,T2_pos-1_3,T2,pos-1,3,10,QG2841,0.00610598987199406,0.00182741848919327,0,0.00427857138280078,0.00610598987199406,1.74041813940435,67.7382636122439
A13,T2_pos-1_4,T2,pos-1,4,10,QG2841,0.0010692801864003,0.00182741848919327,0,-0.000758138302792975,0.0010692801864003,-0.773167121236407,65.2246783516031
A6,T2_ctrl_A,T2,ctrl,A,10,QG2841,0,0.00182741848919327,0,-0.00182741848919327,0,-65.9978454728395,0
A7,T2_ctrl_B,T2,ctrl,B,10,QG2841,0,0.00182741848919327,0,-0.00182741848919327,0,-65.9978454728395,0
A10,T2_pos-1_1,T2,pos-1,1,3,QG2843,0,0,0,0,0,0,0
A11,T2_pos-1_2,T2,pos-1,2,3,QG2843,0,0,0,0,0,0,0
A12,T2_pos-1_3,T2,pos-1,3,3,QG2843,0,0,0,0,0,0,0
A13,T2_pos-1_4,T2,pos-1,4,3,QG2843,0,0,0,0,0,0,0
A6,T2_ctrl_A,T2,ctrl,A,3,QG2843,0,0,0,0,0,0,0
A7,T2_ctrl_B,T2,ctrl,B,3,QG2843,0,0,0,0,0,0,0
A10,T2_pos-1_1,T2,pos-1,1,5,QG2843,0,0,0,0,0,0,0
A11,T2_pos-1_2,T2,pos-1,2,5,QG2843,0,0,0,0,0,0,0
A12,T2_pos-1_3,T2,pos-1,3,5,QG2843,0,0,0,0,0,0,0
A13,T2_pos-1_4,T2,pos-1,4,5,QG2843,0,0,0,0,0,0,0
A6,T2_ctrl_A,T2,ctrl,A,5,QG2843,0,0,0,0,0,0,0
A7,T2_ctrl_B,T2,ctrl,B,5,QG2843,0,0,0,0,0,0,0
A10,T2_pos-1_1,T2,pos-1,1,10,QG2843,0,0,0,0,0,0,0
A11,T2_pos-1_2,T2,pos-1,2,10,QG2843,0,0,0,0,0,0,0
A12,T2_pos-1_3,T2,pos-1,3,10,QG2843,0,0,0,0,0,0,0
A13,T2_pos-1_4,T2,pos-1,4,10,QG2843,0,0,0,0,0,0,0
A6,T2_ctrl_A,T2,ctrl,A,10,QG2843,0,0,0,0,0,0,0
A7,T2_ctrl_B,T2,ctrl,B,10,QG2843,0,0,0,0,0,0,0
A10,T2_pos-1_1,T2,pos-1,1,3,QG2846,0.00221259150278388,0.00713584960973052,0.000782035637125755,-0.00492325810694664,0.00143055586565812,-1.68934809055253,1.50043086245865
A11,T2_pos-1_2,T2,pos-1,2,3,QG2846,0.00191587377440747,0.00713584960973052,0.000782035637125755,-0.00521997583532305,0.00113383813728171,-1.897082696767,1.29269625624417
A12,T2_pos-1_3,T2,pos-1,3,3,QG2846,0.00321239235319615,0.00713584960973052,0.000782035637125755,-0.00392345725653436,0.0024303567160704,-1.15143709971393,2.03834185329724
A13,T2_pos-1_4,T2,pos-1,4,3,QG2846,4.74328446197022e-05,0.00713584960973052,0.000782035637125755,-0.00708841676511081,-0.000734602792506053,-7.23305500847892,-4.04327605546775
A6,T2_ctrl_A,T2,ctrl,A,3,QG2846,0,0.00713584960973052,0.000782035637125755,-0.00713584960973052,-0.000782035637125755,-67.9631236260236,-64.7733446730124
A7,T2_ctrl_B,T2,ctrl,B,3,QG2846,0.00156407127425151,0.00713584960973052,0.000782035637125755,-0.00557177833547901,0.000782035637125755,-2.18977895301117,1
A10,T2_pos-1_1,T2,pos-1,1,5,QG2846,0.00205430590787688,0.00698298781949308,0.000859650009569295,-0.0049286819116162,0.00119465589830759,-1.76519342601135,1.25682971205621
A11,T2_pos-1_2,T2,pos-1,2,5,QG2846,0.00178365776441262,0.00698298781949308,0.000859650009569295,-0.00519933005508046,0.000924007754843323,-1.96900562848414,1.05301750958342
A12,T2_pos-1_3,T2,pos-1,3,5,QG2846,0.00328001608378301,0.00698298781949308,0.000859650009569295,-0.00370297173571007,0.00242036607421372,-1.09014156700017,1.93188157106738
A13,T2_pos-1_4,T2,pos-1,4,5,QG2846,0,0.00698298781949308,0.000859650009569295,-0.00698298781949308,-0.000859650009569295,-67.9318828719102,-64.9098597338426
A6,T2_ctrl_A,T2,ctrl,A,5,QG2846,0,0.00698298781949308,0.000859650009569295,-0.00698298781949308,-0.000859650009569295,-67.9318828719102,-64.9098597338426
A7,T2_ctrl_B,T2,ctrl,B,5,QG2846,0.00171930001913859,0.00698298781949308,0.000859650009569295,-0.00526368780035449,0.000859650009569295,-2.02202313806756,1
A10,T2_pos-1_1,T2,pos-1,1,10,QG2846,0.00141745968616394,0.00649431813582461,0.00110728315028777,-0.00507685844966067,0.000310176535876166,-2.19587035516124,0.356283514345109
A11,T2_pos-1_2,T2,pos-1,2,10,QG2846,0.00134406836996982,0.00649431813582461,0.00110728315028777,-0.00515024976585479,0.000236785219682049,-2.2725715324726,0.279582337033747
A12,T2_pos-1_3,T2,pos-1,3,10,QG2846,0.00245811665628021,0.00649431813582461,0.00110728315028777,-0.0040362014795444,0.00135083350599244,-1.40162467520201,1.15052919430434
A13,T2_pos-1_4,T2,pos-1,4,10,QG2846,0,0.00649431813582461,0.00110728315028777,-0.00649431813582461,-0.00110728315028777,-67.8272164750554,-65.2750626055491
A6,T2_ctrl_A,T2,ctrl,A,10,QG2846,0,0.00649431813582461,0.00110728315028777,-0.00649431813582461,-0.00110728315028777,-67.8272164750554,-65.2750626055491
A7,T2_ctrl_B,T2,ctrl,B,10,QG2846,0.00221456630057554,0.00649431813582461,0.00110728315028777,-0.00427975183524906,0.00110728315028777,-1.55215386950635,1
A10,T2_pos-1_1,T2,pos-1,1,3,QG2850,0,0.00919540381238485,0.0140976549665381,-0.00919540381238485,-0.0140976549665381,-68.3289513470846,-68.9454217122487
A11,T2_pos-1_2,T2,pos-1,2,3,QG2850,0,0.00919540381238485,0.0140976549665381,-0.00919540381238485,-0.0140976549665381,-68.3289513470846,-68.9454217122487
A12,T2_pos-1_3,T2,pos-1,3,3,QG2850,0,0.00919540381238485,0.0140976549665381,-0.00919540381238485,-0.0140976549665381,-68.3289513470846,-68.9454217122487
A13,T2_pos-1_4,T2,pos-1,4,3,QG2850,0,0.00919540381238485,0.0140976549665381,-0.00919540381238485,-0.0140976549665381,-68.3289513470846,-68.9454217122487
A6,T2_ctrl_A,T2,ctrl,A,3,QG2850,0.0132070325243266,0.00919540381238485,0.0140976549665381,0.00401162871194179,-0.000890622442211459,0.522321508707812,-0.0941488564562647
A7,T2_ctrl_B,T2,ctrl,B,3,QG2850,0.0149882774087496,0.00919540381238485,0.0140976549665381,0.0057928735963647,0.000890622442211457,0.70484974847465,0.0883793833105732
A10,T2_pos-1_1,T2,pos-1,1,5,QG2850,0,0.008661116286548,0.013403306491248,-0.008661116286548,-0.013403306491248,-68.2425913941442,-68.8725554567947
A11,T2_pos-1_2,T2,pos-1,2,5,QG2850,0,0.008661116286548,0.013403306491248,-0.008661116286548,-0.013403306491248,-68.2425913941442,-68.8725554567947
A12,T2_pos-1_3,T2,pos-1,3,5,QG2850,0,0.008661116286548,0.013403306491248,-0.008661116286548,-0.013403306491248,-68.2425913941442,-68.8725554567947
A13,T2_pos-1_4,T2,pos-1,4,5,QG2850,0,0.008661116286548,0.013403306491248,-0.008661116286548,-0.013403306491248,-68.2425913941442,-68.8725554567947
A6,T2_ctrl_A,T2,ctrl,A,5,QG2850,0.0124092176120171,0.008661116286548,0.013403306491248,0.00374810132546911,-0.000994088879230836,0.518787274385247,-0.111176788265294
A7,T2_ctrl_B,T2,ctrl,B,5,QG2850,0.0143973953704788,0.008661116286548,0.013403306491248,0.00573627908393079,0.000994088879230836,0.733182954080366,0.103218891429826
A10,T2_pos-1_1,T2,pos-1,1,10,QG2850,0,0.00867275758594844,0.0146606704471062,-0.00867275758594844,-0.0146606704471062,-68.244529200726,-69.0019175914488
A11,T2_pos-1_2,T2,pos-1,2,10,QG2850,0,0.00867275758594844,0.0146606704471062,-0.00867275758594844,-0.0146606704471062,-68.244529200726,-69.0019175914488
A12,T2_pos-1_3,T2,pos-1,3,10,QG2850,0,0.00867275758594844,0.0146606704471062,-0.00867275758594844,-0.0146606704471062,-68.244529200726,-69.0019175914488
A13,T2_pos-1_4,T2,pos-1,4,10,QG2850,0,0.00867275758594844,0.0146606704471062,-0.00867275758594844,-0.0146606704471062,-68.244529200726,-69.0019175914488
A6,T2_ctrl_A,T2,ctrl,A,10,QG2850,0.0142007313321024,0.00867275758594844,0.0146606704471062,0.00552797374615398,-0.000459939115003792,0.711402539729728,-0.0459858509930629
A7,T2_ctrl_B,T2,ctrl,B,10,QG2850,0.01512060956211,0.00867275758594844,0.0146606704471062,0.00644785197616156,0.000459939115003792,0.801953610428263,0.0445652197054715
A10,T2_pos-1_1,T2,pos-1,1,3,QG2854,0,0.00503764150971464,0,-0.00503764150971464,0,-67.4607868758863,0
A11,T2_pos-1_2,T2,pos-1,2,3,QG2854,0,0.00503764150971464,0,-0.00503764150971464,0,-67.4607868758863,0
A12,T2_pos-1_3,T2,pos-1,3,3,QG2854,0,0.00503764150971464,0,-0.00503764150971464,0,-67.4607868758863,0
A13,T2_pos-1_4,T2,pos-1,4,3,QG2854,0,0.00503764150971464,0,-0.00503764150971464,0,-67.4607868758863,0
A6,T2_ctrl_A,T2,ctrl,A,3,QG2854,0,0.00503764150971464,0,-0.00503764150971464,0,-67.4607868758863,0
A7,T2_ctrl_B,T2,ctrl,B,3,QG2854,0,0.00503764150971464,0,-0.00503764150971464,0,-67.4607868758863,0
A10,T2_pos-1_1,T2,pos-1,1,5,QG2854,0,0.0057697808578388,0,-0.0057697808578388,0,-67.6565549405779,0
A11,T2_pos-1_2,T2,pos-1,2,5,QG2854,0,0.0057697808578388,0,-0.0057697808578388,0,-67.6565549405779,0
A12,T2_pos-1_3,T2,pos-1,3,5,QG2854,0,0.0057697808578388,0,-0.0057697808578388,0,-67.6565549405779,0
A13,T2_pos-1_4,T2,pos-1,4,5,QG2854,0,0.0057697808578388,0,-0.0057697808578388,0,-67.6565549405779,0
A6,T2_ctrl_A,T2,ctrl,A,5,QG2854,0,0.0057697808578388,0,-0.0057697808578388,0,-67.6565549405779,0
A7,T2_ctrl_B,T2,ctrl,B,5,QG2854,0,0.0057697808578388,0,-0.0057697808578388,0,-67.6565549405779,0
A10,T2_pos-1_1,T2,pos-1,1,10,QG2854,0,0.00697634704733653,0.000401319189743935,-0.00697634704733653,-0.000401319189743935,-67.9305102263118,-63.8108604634362
A11,T2_pos-1_2,T2,pos-1,2,10,QG2854,0,0.00697634704733653,0.000401319189743935,-0.00697634704733653,-0.000401319189743935,-67.9305102263118,-63.8108604634362
A12,T2_pos-1_3,T2,pos-1,3,10,QG2854,0.000183295138267825,0.00697634704733653,0.000401319189743935,-0.00679305190906871,-0.00021802405147611,-5.25023138525544,-1.13058162237987
A13,T2_pos-1_4,T2,pos-1,4,10,QG2854,0,0.00697634704733653,0.000401319189743935,-0.00697634704733653,-0.000401319189743935,-67.9305102263118,-63.8108604634362
A6,T2_ctrl_A,T2,ctrl,A,10,QG2854,0,0.00697634704733653,0.000401319189743935,-0.00697634704733653,-0.000401319189743935,-67.9305102263118,-63.8108604634362
A7,T2_ctrl_B,T2,ctrl,B,10,QG2854,0.00080263837948787,0.00697634704733653,0.000401319189743935,-0.00617370866784866,0.000401319189743935,-3.11964976287558,1
A10,T2_pos-1_1,T2,pos-1,1,3,QG2855,0,0,0,0,0,0,0
A11,T2_pos-1_2,T2,pos-1,2,3,QG2855,0,0,0,0,0,0,0
A12,T2_pos-1_3,T2,pos-1,3,3,QG2855,0,0,0,0,0,0,0
A13,T2_pos-1_4,T2,pos-1,4,3,QG2855,0,0,0,0,0,0,0
A6,T2_ctrl_A,T2,ctrl,A,3,QG2855,0,0,0,0,0,0,0
A7,T2_ctrl_B,T2,ctrl,B,3,QG2855,0,0,0,0,0,0,0
A10,T2_pos-1_1,T2,pos-1,1,5,QG2855,0,0,0,0,0,0,0
A11,T2_pos-1_2,T2,pos-1,2,5,QG2855,0,0,0,0,0,0,0
A12,T2_pos-1_3,T2,pos-1,3,5,QG2855,0,0,0,0,0,0,0
A13,T2_pos-1_4,T2,pos-1,4,5,QG2855,0,0,0,0,0,0,0
A6,T2_ctrl_A,T2,ctrl,A,5,QG2855,0,0,0,0,0,0,0
A7,T2_ctrl_B,T2,ctrl,B,5,QG2855,0,0,0,0,0,0,0
A10,T2_pos-1_1,T2,pos-1,1,10,QG2855,0,0,0,0,0,0,0
A11,T2_pos-1_2,T2,pos-1,2,10,QG2855,0,0,0,0,0,0,0
A12,T2_pos-1_3,T2,pos-1,3,10,QG2855,0,0,0,0,0,0,0
A13,T2_pos-1_4,T2,pos-1,4,10,QG2855,0.000433162312129883,0,0,0.000433162312129883,0.000433162312129883,63.9210180455905,63.9210180455905
A6,T2_ctrl_A,T2,ctrl,A,10,QG2855,0,0,0,0,0,0,0
A7,T2_ctrl_B,T2,ctrl,B,10,QG2855,0,0,0,0,0,0,0
A10,T2_pos-1_1,T2,pos-1,1,3,QG2857,0,0,0.00277754707892756,0,-0.00277754707892756,0,-66.6018497809408
A11,T2_pos-1_2,T2,pos-1,2,3,QG2857,0,0,0.00277754707892756,0,-0.00277754707892756,0,-66.6018497809408
A12,T2_pos-1_3,T2,pos-1,3,3,QG2857,0.000353125205352533,0,0.00277754707892756,0.000353125205352533,-0.00242442187357503,63.6262901221926,-2.97555965874821
A13,T2_pos-1_4,T2,pos-1,4,3,QG2857,0,0,0.00277754707892756,0,-0.00277754707892756,0,-66.6018497809408
A6,T2_ctrl_A,T2,ctrl,A,3,QG2857,0.00263403192255341,0,0.00277754707892756,0.00263403192255341,-0.000143515156374151,66.5253112458118,-0.0765385351289943
A7,T2_ctrl_B,T2,ctrl,B,3,QG2857,0.00292106223530171,0,0.00277754707892756,0.00292106223530171,0.000143515156374151,66.6745315118307,0.0726817308899142
A10,T2_pos-1_1,T2,pos-1,1,5,QG2857,0,0,0.00320878490065837,0,-0.00320878490065837,0,-66.8100654981933
A11,T2_pos-1_2,T2,pos-1,2,5,QG2857,0,0,0.00320878490065837,0,-0.00320878490065837,0,-66.8100654981933
A12,T2_pos-1_3,T2,pos-1,3,5,QG2857,0.000355072002642613,0,0.00320878490065837,0.000355072002642613,-0.00285371289801575,63.6342219294322,-3.1758435687611
A13,T2_pos-1_4,T2,pos-1,4,5,QG2857,0,0,0.00320878490065837,0,-0.00320878490065837,0,-66.8100654981933
A6,T2_ctrl_A,T2,ctrl,A,5,QG2857,0.00288401293839209,0,0.00320878490065837,0.00288401293839209,-0.000324771962266282,66.656116052574,-0.15394944561935
A7,T2_ctrl_B,T2,ctrl,B,5,QG2857,0.00353355686292465,0,0.00320878490065837,0.00353355686292465,0.000324771962266282,66.9491595411123,0.139094042918992
A10,T2_pos-1_1,T2,pos-1,1,10,QG2857,0,0,0.00280415174123164,0,-0.00280415174123164,0,-66.6156028357999
A11,T2_pos-1_2,T2,pos-1,2,10,QG2857,0,0,0.00280415174123164,0,-0.00280415174123164,0,-66.6156028357999
A12,T2_pos-1_3,T2,pos-1,3,10,QG2857,8.38145645086087e-05,0,0.00280415174123164,8.38145645086087e-05,-0.00272033717672303,61.5513831896377,-5.06421964616215
A13,T2_pos-1_4,T2,pos-1,4,10,QG2857,0,0,0.00280415174123164,0,-0.00280415174123164,0,-66.6156028357999
A6,T2_ctrl_A,T2,ctrl,A,10,QG2857,0.00293073348080138,0,0.00280415174123164,0.00293073348080138,0.000126581739569736,66.6793001918401,0.0636973560401792
A7,T2_ctrl_B,T2,ctrl,B,10,QG2857,0.00267757000166191,0,0.00280415174123164,0.00267757000166191,-0.000126581739569736,66.5489627085909,-0.0666401272089447
A10,T2_pos-1_1,T2,pos-1,1,3,QG2873,0,0.00429696633627631,0,-0.00429696633627631,0,-67.2313568903458,0
A11,T2_pos-1_2,T2,pos-1,2,3,QG2873,0,0.00429696633627631,0,-0.00429696633627631,0,-67.2313568903458,0
A12,T2_pos-1_3,T2,pos-1,3,3,QG2873,0,0.00429696633627631,0,-0.00429696633627631,0,-67.2313568903458,0
A13,T2_pos-1_4,T2,pos-1,4,3,QG2873,0,0.00429696633627631,0,-0.00429696633627631,0,-67.2313568903458,0
A6,T2_ctrl_A,T2,ctrl,A,3,QG2873,0,0.00429696633627631,0,-0.00429696633627631,0,-67.2313568903458,0
A7,T2_ctrl_B,T2,ctrl,B,3,QG2873,0,0.00429696633627631,0,-0.00429696633627631,0,-67.2313568903458,0
A10,T2_pos-1_1,T2,pos-1,1,5,QG2873,0,0.00465269986086924,0,-0.00465269986086924,0,-67.3461065395624,0
A11,T2_pos-1_2,T2,pos-1,2,5,QG2873,0,0.00465269986086924,0,-0.00465269986086924,0,-67.3461065395624,0
A12,T2_pos-1_3,T2,pos-1,3,5,QG2873,0,0.00465269986086924,0,-0.00465269986086924,0,-67.3461065395624,0
A13,T2_pos-1_4,T2,pos-1,4,5,QG2873,0,0.00465269986086924,0,-0.00465269986086924,0,-67.3461065395624,0
A6,T2_ctrl_A,T2,ctrl,A,5,QG2873,0,0.00465269986086924,0,-0.00465269986086924,0,-67.3461065395624,0
A7,T2_ctrl_B,T2,ctrl,B,5,QG2873,0,0.00465269986086924,0,-0.00465269986086924,0,-67.3461065395624,0
A10,T2_pos-1_1,T2,pos-1,1,10,QG2873,0,0.00624798817883255,0.000680248950333997,-0.00624798817883255,-0.000680248950333997,-67.7714301396051,-64.5721731461176
A11,T2_pos-1_2,T2,pos-1,2,10,QG2873,0,0.00624798817883255,0.000680248950333997,-0.00624798817883255,-0.000680248950333997,-67.7714301396051,-64.5721731461176
A12,T2_pos-1_3,T2,pos-1,3,10,QG2873,0,0.00624798817883255,0.000680248950333997,-0.00624798817883255,-0.000680248950333997,-67.7714301396051,-64.5721731461176
A13,T2_pos-1_4,T2,pos-1,4,10,QG2873,0,0.00624798817883255,0.000680248950333997,-0.00624798817883255,-0.000680248950333997,-67.7714301396051,-64.5721731461176
A6,T2_ctrl_A,T2,ctrl,A,10,QG2873,0.00136049790066799,0.00624798817883255,0.000680248950333997,-0.00488749027816456,0.000680248950333997,-2.19925699348745,1
A7,T2_ctrl_B,T2,ctrl,B,10,QG2873,0,0.00624798817883255,0.000680248950333997,-0.00624798817883255,-0.000680248950333997,-67.7714301396051,-64.5721731461176
A10,T2_pos-1_1,T2,pos-1,1,3,QG2874,0.000380120845170448,0.00813031070659599,0.0061690252546404,-0.00775018986142554,-0.00578890440946995,-4.41878043976105,-4.02051250497306
A11,T2_pos-1_2,T2,pos-1,2,3,QG2874,0,0.00813031070659599,0.0061690252546404,-0.00813031070659599,-0.0061690252546404,-68.1513489028421,-67.7530809680541
A12,T2_pos-1_3,T2,pos-1,3,3,QG2874,0,0.00813031070659599,0.0061690252546404,-0.00813031070659599,-0.0061690252546404,-68.1513489028421,-67.7530809680541
A13,T2_pos-1_4,T2,pos-1,4,3,QG2874,0.00272906825426575,0.00813031070659599,0.0061690252546404,-0.00540124245233023,-0.00343995700037464,-1.57490201013824,-1.17663407535025
A6,T2_ctrl_A,T2,ctrl,A,3,QG2874,0.00774555666842518,0.00813031070659599,0.0061690252546404,-0.000384754038170805,0.00157653141378478,-0.0699415587945092,0.328326375993481
A7,T2_ctrl_B,T2,ctrl,B,3,QG2874,0.00459249384085561,0.00813031070659599,0.0061690252546404,-0.00353781686574037,-0.00157653141378479,-0.824032700654337,-0.425764765866347
A10,T2_pos-1_1,T2,pos-1,1,5,QG2874,0,0.00753846634865815,0.00578407326143172,-0.00753846634865815,-0.00578407326143172,-68.0423094622348,-67.6601242413655
A11,T2_pos-1_2,T2,pos-1,2,5,QG2874,0,0.00753846634865815,0.00578407326143172,-0.00753846634865815,-0.00578407326143172,-68.0423094622348,-67.6601242413655
A12,T2_pos-1_3,T2,pos-1,3,5,QG2874,0,0.00753846634865815,0.00578407326143172,-0.00753846634865815,-0.00578407326143172,-68.0423094622348,-67.6601242413655
A13,T2_pos-1_4,T2,pos-1,4,5,QG2874,0.00248356866787833,0.00753846634865815,0.00578407326143172,-0.00505489768077982,-0.00330050459355339,-1.60185641031853,-1.2196711894492
A6,T2_ctrl_A,T2,ctrl,A,5,QG2874,0.00758538369067483,0.00753846634865815,0.00578407326143172,4.69173420166889e-05,0.00180131042924311,0.00895111147212513,0.391136332341452
A7,T2_ctrl_B,T2,ctrl,B,5,QG2874,0.00398276283218861,0.00753846634865815,0.00578407326143172,-0.00355570351646954,-0.00180131042924311,-0.920501474698712,-0.538316253829385
A10,T2_pos-1_1,T2,pos-1,1,10,QG2874,0,0.00570648021142355,0.00446074052036305,-0.00570648021142355,-0.00446074052036305,-67.6406395733212,-67.2853216452074
A11,T2_pos-1_2,T2,pos-1,2,10,QG2874,0,0.00570648021142355,0.00446074052036305,-0.00570648021142355,-0.00446074052036305,-67.6406395733212,-67.2853216452074
A12,T2_pos-1_3,T2,pos-1,3,10,QG2874,0,0.00570648021142355,0.00446074052036305,-0.00570648021142355,-0.00446074052036305,-67.6406395733212,-67.2853216452074
A13,T2_pos-1_4,T2,pos-1,4,10,QG2874,0.00204646642441695,0.00570648021142355,0.00446074052036305,-0.0036600137870066,-0.00241427409594609,-1.47946616038995,-1.12414823227615
A6,T2_ctrl_A,T2,ctrl,A,10,QG2874,0.00541829867334908,0.00570648021142355,0.00446074052036305,-0.000288181538074471,0.000957558152986036,-0.0747612360895227,0.280556692024277
A7,T2_ctrl_B,T2,ctrl,B,10,QG2874,0.00350318236737701,0.00570648021142355,0.00446074052036305,-0.00220329784404654,-0.000957558152986036,-0.703935064243814,-0.348617136130014
A10,T2_pos-1_1,T2,pos-1,1,3,QG2875,0.00942872324059446,0.0323033711890734,0.0264662828970785,-0.0228746479484789,-0.0170375596564841,-1.77655040138753,-1.48902125580175
A11,T2_pos-1_2,T2,pos-1,2,3,QG2875,0.00873577417741568,0.0323033711890734,0.0264662828970785,-0.0235675970116577,-0.0177305087196628,-1.88667726512424,-1.59914811953847
A12,T2_pos-1_3,T2,pos-1,3,3,QG2875,0.033159737826381,0.0323033711890734,0.0264662828970785,0.000856366637307593,0.00669345492930247,0.0377478675339908,0.325277013119768
A13,T2_pos-1_4,T2,pos-1,4,3,QG2875,0.0413260826495206,0.0323033711890734,0.0264662828970785,0.00902271146044722,0.0148597997524421,0.355367882502775,0.642897028088552
A6,T2_ctrl_A,T2,ctrl,A,3,QG2875,0.0282307469863977,0.0323033711890734,0.0264662828970785,-0.0040726242026757,0.00176446408931918,-0.194417429797868,0.0931117157879095
A7,T2_ctrl_B,T2,ctrl,B,3,QG2875,0.0247018188077593,0.0323033711890734,0.0264662828970785,-0.00760155238131406,-0.00176446408931918,-0.387067460737145,-0.0995383151513668
A10,T2_pos-1_1,T2,pos-1,1,5,QG2875,0.0102974809004244,0.0326598180313454,0.027177587102707,-0.0223623371309211,-0.0168801062022826,-1.66522530242398,-1.40012592522557
A11,T2_pos-1_2,T2,pos-1,2,5,QG2875,0.00970104888212563,0.0326598180313454,0.027177587102707,-0.0229587691492198,-0.0174765382205813,-1.75130410701333,-1.48620472981492
A12,T2_pos-1_3,T2,pos-1,3,5,QG2875,0.0337685255732692,0.0326598180313454,0.027177587102707,0.00110870754192378,0.00659093847056225,0.0481624359371579,0.313261813135565
A13,T2_pos-1_4,T2,pos-1,4,5,QG2875,0.0425080974100071,0.0326598180313454,0.027177587102707,0.00984827937866164,0.0153305103073001,0.380220935102145,0.645320312300552
A6,T2_ctrl_A,T2,ctrl,A,5,QG2875,0.028879139468374,0.0326598180313454,0.027177587102707,-0.00378067856297143,0.00170155236566704,-0.177488998861823,0.0876103783365841
A7,T2_ctrl_B,T2,ctrl,B,5,QG2875,0.0254760347370399,0.0326598180313454,0.027177587102707,-0.00718378329430551,-0.00170155236566704,-0.358376008529219,-0.0932766313308124
A10,T2_pos-1_1,T2,pos-1,1,10,QG2875,0.0105719226456559,0.0323775101936018,0.0270054544671902,-0.0218055875479459,-0.0164335318215343,-1.61475427374514,-1.35301305321526
A11,T2_pos-1_2,T2,pos-1,2,10,QG2875,0.00929836990185528,0.0323775101936018,0.0270054544671902,-0.0230791402917465,-0.017707084565335,-1.79994232324234,-1.53820110271246
A12,T2_pos-1_3,T2,pos-1,3,10,QG2875,0.0325339195459713,0.0323775101936018,0.0270054544671902,0.000156409352369505,0.00552846507878104,0.00695259477829923,0.268693815308182
A13,T2_pos-1_4,T2,pos-1,4,10,QG2875,0.0425292106085491,0.0323775101936018,0.0270054544671902,0.0101517004149473,0.0155237561413588,0.393462029387033,0.655203249916916
A6,T2_ctrl_A,T2,ctrl,A,10,QG2875,0.028837605781216,0.0323775101936018,0.0270054544671902,-0.00353990441238577,0.00183215131402576,-0.167040656765339,0.0947005637645429
A7,T2_ctrl_B,T2,ctrl,B,10,QG2875,0.0251733031531645,0.0323775101936018,0.0270054544671902,-0.0072042070404373,-0.00183215131402576,-0.363097513394224,-0.101356292864341
A10,T2_pos-1_1,T2,pos-1,1,3,QG2877,0,0,0,0,0,0,0
A11,T2_pos-1_2,T2,pos-1,2,3,QG2877,0,0,0,0,0,0,0
A12,T2_pos-1_3,T2,pos-1,3,3,QG2877,0,0,0,0,0,0,0
A13,T2_pos-1_4,T2,pos-1,4,3,QG2877,0,0,0,0,0,0,0
A6,T2_ctrl_A,T2,ctrl,A,3,QG2877,0,0,0,0,0,0,0
A7,T2_ctrl_B,T2,ctrl,B,3,QG2877,0,0,0,0,0,0,0
A10,T2_pos-1_1,T2,pos-1,1,5,QG2877,0,0,0,0,0,0,0
A11,T2_pos-1_2,T2,pos-1,2,5,QG2877,0,0,0,0,0,0,0
A12,T2_pos-1_3,T2,pos-1,3,5,QG2877,0,0,0,0,0,0,0
A13,T2_pos-1_4,T2,pos-1,4,5,QG2877,0.000116681021041961,0,0,0.000116681021041961,0.000116681021041961,62.0286802368204,62.0286802368204
A6,T2_ctrl_A,T2,ctrl,A,5,QG2877,0,0,0,0,0,0,0
A7,T2_ctrl_B,T2,ctrl,B,5,QG2877,0,0,0,0,0,0,0
A10,T2_pos-1_1,T2,pos-1,1,10,QG2877,0,0,0,0,0,0,0
A11,T2_pos-1_2,T2,pos-1,2,10,QG2877,0,0,0,0,0,0,0
A12,T2_pos-1_3,T2,pos-1,3,10,QG2877,0,0,0,0,0,0,0
A13,T2_pos-1_4,T2,pos-1,4,10,QG2877,0,0,0,0,0,0,0
A6,T2_ctrl_A,T2,ctrl,A,10,QG2877,0,0,0,0,0,0,0
A7,T2_ctrl_B,T2,ctrl,B,10,QG2877,0,0,0,0,0,0,0
A10,T2_pos-1_1,T2,pos-1,1,3,QG2932,0,0.00128376942380714,0.00188086698988778,-0.00128376942380714,-0.00188086698988778,-65.4884245208024,-66.0394362444534
A11,T2_pos-1_2,T2,pos-1,2,3,QG2932,0,0.00128376942380714,0.00188086698988778,-0.00128376942380714,-0.00188086698988778,-65.4884245208024,-66.0394362444534
A12,T2_pos-1_3,T2,pos-1,3,3,QG2932,0,0.00128376942380714,0.00188086698988778,-0.00128376942380714,-0.00188086698988778,-65.4884245208024,-66.0394362444534
A13,T2_pos-1_4,T2,pos-1,4,3,QG2932,0,0.00128376942380714,0.00188086698988778,-0.00128376942380714,-0.00188086698988778,-65.4884245208024,-66.0394362444534
A6,T2_ctrl_A,T2,ctrl,A,3,QG2932,0.000442947035062202,0.00128376942380714,0.00188086698988778,-0.000840822388744934,-0.00143791995482558,-1.53517999968204,-2.08619172333304
A7,T2_ctrl_B,T2,ctrl,B,3,QG2932,0.00331878694471335,0.00128376942380714,0.00188086698988778,0.00203501752090622,0.00143791995482558,1.37026991097057,0.819258187319564
A10,T2_pos-1_1,T2,pos-1,1,5,QG2932,0,0.0013922325096576,0.0021352143073299,-0.0013922325096576,-0.0021352143073299,-65.6054385841511,-66.2224192933192
A11,T2_pos-1_2,T2,pos-1,2,5,QG2932,0,0.0013922325096576,0.0021352143073299,-0.0013922325096576,-0.0021352143073299,-65.6054385841511,-66.2224192933192
A12,T2_pos-1_3,T2,pos-1,3,5,QG2932,0,0.0013922325096576,0.0021352143073299,-0.0013922325096576,-0.0021352143073299,-65.6054385841511,-66.2224192933192
A13,T2_pos-1_4,T2,pos-1,4,5,QG2932,0,0.0013922325096576,0.0021352143073299,-0.0013922325096576,-0.0021352143073299,-65.6054385841511,-66.2224192933192
A6,T2_ctrl_A,T2,ctrl,A,5,QG2932,0.00059899961326406,0.0013922325096576,0.0021352143073299,-0.000793232896393539,-0.00153621469406584,-1.21677319178494,-1.83375390095299
A7,T2_ctrl_B,T2,ctrl,B,5,QG2932,0.00367142900139575,0.0013922325096576,0.0021352143073299,0.00227919649173815,0.00153621469406584,1.3989415327498,0.781960823581755
A10,T2_pos-1_1,T2,pos-1,1,10,QG2932,0,0.00122702037789562,0.0017128211322072,-0.00122702037789562,-0.0017128211322072,-65.4231976246351,-65.9044129161244
A11,T2_pos-1_2,T2,pos-1,2,10,QG2932,0,0.00122702037789562,0.0017128211322072,-0.00122702037789562,-0.0017128211322072,-65.4231976246351,-65.9044129161244
A12,T2_pos-1_3,T2,pos-1,3,10,QG2932,0,0.00122702037789562,0.0017128211322072,-0.00122702037789562,-0.0017128211322072,-65.4231976246351,-65.9044129161244
A13,T2_pos-1_4,T2,pos-1,4,10,QG2932,0,0.00122702037789562,0.0017128211322072,-0.00122702037789562,-0.0017128211322072,-65.4231976246351,-65.9044129161244
A6,T2_ctrl_A,T2,ctrl,A,10,QG2932,0.000154863652562215,0.00122702037789562,0.0017128211322072,-0.00107215672533341,-0.00155795747964499,-2.98608872923817,-3.46730402072742
A7,T2_ctrl_B,T2,ctrl,B,10,QG2932,0.00327077861185219,0.00122702037789562,0.0017128211322072,0.00204375823395657,0.00155795747964499,1.41447490254713,0.933259611057877
A10,T2_pos-1_1,T2,pos-1,1,3,QG536,0,0,0,0,0,0,0
A11,T2_pos-1_2,T2,pos-1,2,3,QG536,0,0,0,0,0,0,0
A12,T2_pos-1_3,T2,pos-1,3,3,QG536,0,0,0,0,0,0,0
A13,T2_pos-1_4,T2,pos-1,4,3,QG536,0,0,0,0,0,0,0
A6,T2_ctrl_A,T2,ctrl,A,3,QG536,0,0,0,0,0,0,0
A7,T2_ctrl_B,T2,ctrl,B,3,QG536,0,0,0,0,0,0,0
A10,T2_pos-1_1,T2,pos-1,1,5,QG536,0,0,0,0,0,0,0
A11,T2_pos-1_2,T2,pos-1,2,5,QG536,0,0,0,0,0,0,0
A12,T2_pos-1_3,T2,pos-1,3,5,QG536,0,0,0,0,0,0,0
A13,T2_pos-1_4,T2,pos-1,4,5,QG536,0,0,0,0,0,0,0
A6,T2_ctrl_A,T2,ctrl,A,5,QG536,0,0,0,0,0,0,0
A7,T2_ctrl_B,T2,ctrl,B,5,QG536,0,0,0,0,0,0,0
A10,T2_pos-1_1,T2,pos-1,1,10,QG536,0,0,0,0,0,0,0
A11,T2_pos-1_2,T2,pos-1,2,10,QG536,0,0,0,0,0,0,0
A12,T2_pos-1_3,T2,pos-1,3,10,QG536,0,0,0,0,0,0,0
A13,T2_pos-1_4,T2,pos-1,4,10,QG536,0,0,0,0,0,0,0
A6,T2_ctrl_A,T2,ctrl,A,10,QG536,0,0,0,0,0,0,0
A7,T2_ctrl_B,T2,ctrl,B,10,QG536,0,0,0,0,0,0,0
A10,T2_pos-1_1,T2,pos-1,1,3,QG556,0,0.00136325406128817,0.0016617961798458,-0.00136325406128817,-0.0016617961798458,-65.575092869111,-65.8607818613672
A11,T2_pos-1_2,T2,pos-1,2,3,QG556,0,0.00136325406128817,0.0016617961798458,-0.00136325406128817,-0.0016617961798458,-65.575092869111,-65.8607818613672
A12,T2_pos-1_3,T2,pos-1,3,3,QG556,0,0.00136325406128817,0.0016617961798458,-0.00136325406128817,-0.0016617961798458,-65.575092869111,-65.8607818613672
A13,T2_pos-1_4,T2,pos-1,4,3,QG556,0,0.00136325406128817,0.0016617961798458,-0.00136325406128817,-0.0016617961798458,-65.575092869111,-65.8607818613672
A6,T2_ctrl_A,T2,ctrl,A,3,QG556,0.0033235923596916,0.00136325406128817,0.0016617961798458,0.00196033829840343,0.0016617961798458,1.2856889922562,1
A7,T2_ctrl_B,T2,ctrl,B,3,QG556,0,0.00136325406128817,0.0016617961798458,-0.00136325406128817,-0.0016617961798458,-65.575092869111,-65.8607818613672
A10,T2_pos-1_1,T2,pos-1,1,5,QG556,6.86656526950124e-06,0.00103110605483956,0.00161540436094045,-0.00102423948957006,-0.00160853779567095,-7.23038838624553,-7.87809099613798
A11,T2_pos-1_2,T2,pos-1,2,5,QG556,0,0.00103110605483956,0.00161540436094045,-0.00103110605483956,-0.00161540436094045,-65.1722311450283,-65.8199337549208
A12,T2_pos-1_3,T2,pos-1,3,5,QG556,0,0.00103110605483956,0.00161540436094045,-0.00103110605483956,-0.00161540436094045,-65.1722311450283,-65.8199337549208
A13,T2_pos-1_4,T2,pos-1,4,5,QG556,0,0.00103110605483956,0.00161540436094045,-0.00103110605483956,-0.00161540436094045,-65.1722311450283,-65.8199337549208
A6,T2_ctrl_A,T2,ctrl,A,5,QG556,0.0032308087218809,0.00103110605483956,0.00161540436094045,0.00219970266704134,0.00161540436094045,1.64770260989246,1
A7,T2_ctrl_B,T2,ctrl,B,5,QG556,0,0.00103110605483956,0.00161540436094045,-0.00103110605483956,-0.00161540436094045,-65.1722311450283,-65.8199337549208
A10,T2_pos-1_1,T2,pos-1,1,10,QG556,0.000423738680744304,0.000363325682460849,0.00149538280039355,6.04129982834549e-05,-0.00107164411964924,0.221911480934865,-1.81926810922728
A11,T2_pos-1_2,T2,pos-1,2,10,QG556,0,0.000363325682460849,0.00149538280039355,-0.000363325682460849,-0.00149538280039355,-63.6673736701821,-65.7085532603443
A12,T2_pos-1_3,T2,pos-1,3,10,QG556,0,0.000363325682460849,0.00149538280039355,-0.000363325682460849,-0.00149538280039355,-63.6673736701821,-65.7085532603443
A13,T2_pos-1_4,T2,pos-1,4,10,QG556,0,0.000363325682460849,0.00149538280039355,-0.000363325682460849,-0.00149538280039355,-63.6673736701821,-65.7085532603443
A6,T2_ctrl_A,T2,ctrl,A,10,QG556,0.0029907656007871,0.000363325682460849,0.00149538280039355,0.00262743991832625,0.00149538280039355,3.04117959016215,1
A7,T2_ctrl_B,T2,ctrl,B,10,QG556,0,0.000363325682460849,0.00149538280039355,-0.000363325682460849,-0.00149538280039355,-63.6673736701821,-65.7085532603443
A10,T2_pos-1_1,T2,pos-1,1,3,QG557,0,0,0,0,0,0,0
A11,T2_pos-1_2,T2,pos-1,2,3,QG557,0,0,0,0,0,0,0
A12,T2_pos-1_3,T2,pos-1,3,3,QG557,0,0,0,0,0,0,0
A13,T2_pos-1_4,T2,pos-1,4,3,QG557,0,0,0,0,0,0,0
A6,T2_ctrl_A,T2,ctrl,A,3,QG557,0,0,0,0,0,0,0
A7,T2_ctrl_B,T2,ctrl,B,3,QG557,0,0,0,0,0,0,0
A10,T2_pos-1_1,T2,pos-1,1,5,QG557,0,0.00049288329082707,0,-0.00049288329082707,0,-64.1073563940277,0
A11,T2_pos-1_2,T2,pos-1,2,5,QG557,0,0.00049288329082707,0,-0.00049288329082707,0,-64.1073563940277,0
A12,T2_pos-1_3,T2,pos-1,3,5,QG557,0,0.00049288329082707,0,-0.00049288329082707,0,-64.1073563940277,0
A13,T2_pos-1_4,T2,pos-1,4,5,QG557,0,0.00049288329082707,0,-0.00049288329082707,0,-64.1073563940277,0
A6,T2_ctrl_A,T2,ctrl,A,5,QG557,0,0.00049288329082707,0,-0.00049288329082707,0,-64.1073563940277,0
A7,T2_ctrl_B,T2,ctrl,B,5,QG557,0,0.00049288329082707,0,-0.00049288329082707,0,-64.1073563940277,0
A10,T2_pos-1_1,T2,pos-1,1,10,QG557,0,0.000652797502701969,0,-0.000652797502701969,0,-64.5127458590515,0
A11,T2_pos-1_2,T2,pos-1,2,10,QG557,0,0.000652797502701969,0,-0.000652797502701969,0,-64.5127458590515,0
A12,T2_pos-1_3,T2,pos-1,3,10,QG557,0,0.000652797502701969,0,-0.000652797502701969,0,-64.5127458590515,0
A13,T2_pos-1_4,T2,pos-1,4,10,QG557,0,0.000652797502701969,0,-0.000652797502701969,0,-64.5127458590515,0
A6,T2_ctrl_A,T2,ctrl,A,10,QG557,0,0.000652797502701969,0,-0.000652797502701969,0,-64.5127458590515,0
A7,T2_ctrl_B,T2,ctrl,B,10,QG557,0,0.000652797502701969,0,-0.000652797502701969,0,-64.5127458590515,0
A10,T2_pos-1_1,T2,pos-1,1,3,QW947,0,0.00776368600429366,0.0129596261365514,-0.00776368600429366,-0.0129596261365514,-68.0847801863478,-68.8239906100768
A11,T2_pos-1_2,T2,pos-1,2,3,QW947,0,0.00776368600429366,0.0129596261365514,-0.00776368600429366,-0.0129596261365514,-68.0847801863478,-68.8239906100768
A12,T2_pos-1_3,T2,pos-1,3,3,QW947,0,0.00776368600429366,0.0129596261365514,-0.00776368600429366,-0.0129596261365514,-68.0847801863478,-68.8239906100768
A13,T2_pos-1_4,T2,pos-1,4,3,QW947,0,0.00776368600429366,0.0129596261365514,-0.00776368600429366,-0.0129596261365514,-68.0847801863478,-68.8239906100768
A6,T2_ctrl_A,T2,ctrl,A,3,QW947,0.0114829028581179,0.00776368600429366,0.0129596261365514,0.00371921685382423,-0.00147672327843347,0.564673723183846,-0.174536700545225
A7,T2_ctrl_B,T2,ctrl,B,3,QW947,0.0144363494149848,0.00776368600429366,0.0129596261365514,0.00667266341069117,0.00147672327843347,0.894892291754837,0.155681868025766
A10,T2_pos-1_1,T2,pos-1,1,5,QW947,0,0.00744456866726384,0.0129083816501982,-0.00744456866726384,-0.0129083816501982,-68.0242266782536,-68.8182746489828
A11,T2_pos-1_2,T2,pos-1,2,5,QW947,0,0.00744456866726384,0.0129083816501982,-0.00744456866726384,-0.0129083816501982,-68.0242266782536,-68.8182746489828
A12,T2_pos-1_3,T2,pos-1,3,5,QW947,0,0.00744456866726384,0.0129083816501982,-0.00744456866726384,-0.0129083816501982,-68.0242266782536,-68.8182746489828
A13,T2_pos-1_4,T2,pos-1,4,5,QW947,0,0.00744456866726384,0.0129083816501982,-0.00744456866726384,-0.0129083816501982,-68.0242266782536,-68.8182746489828
A6,T2_ctrl_A,T2,ctrl,A,5,QW947,0.0116590744899924,0.00744456866726384,0.0129083816501982,0.00421450582272854,-0.00124930716020586,0.647193102712263,-0.146854868016958
A7,T2_ctrl_B,T2,ctrl,B,5,QW947,0.0141576888104041,0.00744456866726384,0.0129083816501982,0.00671312014314025,0.00124930716020586,0.927325602417389,0.133277631688168
A10,T2_pos-1_1,T2,pos-1,1,10,QW947,0,0.00699042466954889,0.0129653840939342,-0.00699042466954889,-0.0129653840939342,-67.9334185179403,-68.8246314566281
A11,T2_pos-1_2,T2,pos-1,2,10,QW947,0,0.00699042466954889,0.0129653840939342,-0.00699042466954889,-0.0129653840939342,-67.9334185179403,-68.8246314566281
A12,T2_pos-1_3,T2,pos-1,3,10,QW947,0,0.00699042466954889,0.0129653840939342,-0.00699042466954889,-0.0129653840939342,-67.9334185179403,-68.8246314566281
A13,T2_pos-1_4,T2,pos-1,4,10,QW947,0,0.00699042466954889,0.0129653840939342,-0.00699042466954889,-0.0129653840939342,-67.9334185179403,-68.8246314566281
A6,T2_ctrl_A,T2,ctrl,A,10,QW947,0.0119481539216831,0.00699042466954889,0.0129653840939342,0.00495772925213419,-0.00101723017225112,0.77333572099303,-0.117877217694693
A7,T2_ctrl_B,T2,ctrl,B,10,QW947,0.0139826142661853,0.00699042466954889,0.0129653840939342,0.00699218959663644,0.00101723017225113,1.00018211274512,0.108969174057398
A10,T2_pos-1_1,T2,pos-1,1,3,QX1211,0,0,0,0,0,0,0
A11,T2_pos-1_2,T2,pos-1,2,3,QX1211,0.00015116627250865,0,0,0.00015116627250865,0.00015116627250865,62.4022466090952,62.4022466090952
A12,T2_pos-1_3,T2,pos-1,3,3,QX1211,0,0,0,0,0,0,0
A13,T2_pos-1_4,T2,pos-1,4,3,QX1211,0,0,0,0,0,0,0
A6,T2_ctrl_A,T2,ctrl,A,3,QX1211,0,0,0,0,0,0,0
A7,T2_ctrl_B,T2,ctrl,B,3,QX1211,0,0,0,0,0,0,0
A10,T2_pos-1_1,T2,pos-1,1,5,QX1211,0,0,0,0,0,0,0
A11,T2_pos-1_2,T2,pos-1,2,5,QX1211,0.000162054825249983,0,0,0.000162054825249983,0.000162054825249983,62.5025922989498,62.5025922989498
A12,T2_pos-1_3,T2,pos-1,3,5,QX1211,0,0,0,0,0,0,0
A13,T2_pos-1_4,T2,pos-1,4,5,QX1211,0,0,0,0,0,0,0
A6,T2_ctrl_A,T2,ctrl,A,5,QX1211,0,0,0,0,0,0,0
A7,T2_ctrl_B,T2,ctrl,B,5,QX1211,0,0,0,0,0,0,0
A10,T2_pos-1_1,T2,pos-1,1,10,QX1211,0,0,0,0,0,0,0
A11,T2_pos-1_2,T2,pos-1,2,10,QX1211,4.02965456225555e-05,0,0,4.02965456225555e-05,4.02965456225555e-05,60.494838396515,60.494838396515
A12,T2_pos-1_3,T2,pos-1,3,10,QX1211,0,0,0,0,0,0,0
A13,T2_pos-1_4,T2,pos-1,4,10,QX1211,0,0,0,0,0,0,0
A6,T2_ctrl_A,T2,ctrl,A,10,QX1211,0,0,0,0,0,0,0
A7,T2_ctrl_B,T2,ctrl,B,10,QX1211,0,0,0,0,0,0,0
A10,T2_pos-1_1,T2,pos-1,1,3,QX1212,0,0.00168778917494698,0.00317835746049235,-0.00168778917494698,-0.00317835746049235,-65.8831731211305,-66.7963198051644
A11,T2_pos-1_2,T2,pos-1,2,3,QX1212,0,0.00168778917494698,0.00317835746049235,-0.00168778917494698,-0.00317835746049235,-65.8831731211305,-66.7963198051644
A12,T2_pos-1_3,T2,pos-1,3,3,QX1212,0.00129926054059118,0.00168778917494698,0.00317835746049235,-0.000388528634355801,-0.00187909691990117,-0.377443942140471,-1.29059062617446
A13,T2_pos-1_4,T2,pos-1,4,3,QX1212,0.00124074031587626,0.00168778917494698,0.00317835746049235,-0.00044704885907072,-0.00193761714461609,-0.443933511159951,-1.35708019519394
A6,T2_ctrl_A,T2,ctrl,A,3,QX1212,0.00220798875999289,0.00168778917494698,0.00317835746049235,0.000520199585045915,-0.000970368700499451,0.387598122503778,-0.525548561530212
A7,T2_ctrl_B,T2,ctrl,B,3,QX1212,0.0041487261609918,0.00168778917494698,0.00317835746049235,0.00246093698604482,0.000970368700499451,1.2975337290181,0.384387044984108
A10,T2_pos-1_1,T2,pos-1,1,5,QX1212,0,0.00114219067740623,0.00292356033186363,-0.00114219067740623,-0.00292356033186363,-65.3198419301314,-66.6757647794026
A11,T2_pos-1_2,T2,pos-1,2,5,QX1212,0,0.00114219067740623,0.00292356033186363,-0.00114219067740623,-0.00292356033186363,-65.3198419301314,-66.6757647794026
A12,T2_pos-1_3,T2,pos-1,3,5,QX1212,0.00067704344877375,0.00114219067740623,0.00292356033186363,-0.000465147228632479,-0.00224651688308988,-0.754483188640949,-2.11040603791221
A13,T2_pos-1_4,T2,pos-1,4,5,QX1212,0.00129216966035699,0.00114219067740623,0.00292356033186363,0.000149978982950764,-0.00163139067150664,0.177991992195207,-1.17793085707605
A6,T2_ctrl_A,T2,ctrl,A,5,QX1212,0.00199888868779795,0.00114219067740623,0.00292356033186363,0.000856698010391717,-0.000924671644065682,0.807394620461589,-0.548528228809671
A7,T2_ctrl_B,T2,ctrl,B,5,QX1212,0.00384823197592931,0.00114219067740623,0.00292356033186363,0.00270604129852308,0.000924671644065682,1.75239225463982,0.396469405368564
A10,T2_pos-1_1,T2,pos-1,1,10,QX1212,0.0002344328382542,0.000913606047810408,0.0025683602772408,-0.000679173209556209,-0.0023339274389866,-1.96239753107969,-3.45360101599161
A11,T2_pos-1_2,T2,pos-1,2,10,QX1212,0.000104078595947831,0.000913606047810408,0.0025683602772408,-0.000809527451862577,-0.00246428168129297,-3.13389879605919,-4.62510228097111
A12,T2_pos-1_3,T2,pos-1,3,10,QX1212,0.000727761924100135,0.000913606047810408,0.0025683602772408,-0.000185844123710273,-0.00184059835314067,-0.32810562841352,-1.81930911332544
A13,T2_pos-1_4,T2,pos-1,4,10,QX1212,0.00126470969808942,0.000913606047810408,0.0025683602772408,0.000351103650279013,-0.00130365057915138,0.469162160118656,-1.02204132479326
A6,T2_ctrl_A,T2,ctrl,A,10,QX1212,0.00202036808563135,0.000913606047810408,0.0025683602772408,0.00110676203782095,-0.000547992191609448,1.14497405172486,-0.346229433187054
A7,T2_ctrl_B,T2,ctrl,B,10,QX1212,0.00311635246885025,0.000913606047810408,0.0025683602772408,0.00220274642103984,0.000547992191609448,1.77021430970926,0.279010824797339
A10,T2_pos-1_1,T2,pos-1,1,3,QX1233,0,0,0,0,0,0,0
A11,T2_pos-1_2,T2,pos-1,2,3,QX1233,0,0,0,0,0,0,0
A12,T2_pos-1_3,T2,pos-1,3,3,QX1233,0,0,0,0,0,0,0
A13,T2_pos-1_4,T2,pos-1,4,3,QX1233,0,0,0,0,0,0,0
A6,T2_ctrl_A,T2,ctrl,A,3,QX1233,0,0,0,0,0,0,0
A7,T2_ctrl_B,T2,ctrl,B,3,QX1233,0,0,0,0,0,0,0
A10,T2_pos-1_1,T2,pos-1,1,5,QX1233,0,0,0,0,0,0,0
A11,T2_pos-1_2,T2,pos-1,2,5,QX1233,0,0,0,0,0,0,0
A12,T2_pos-1_3,T2,pos-1,3,5,QX1233,0,0,0,0,0,0,0
A13,T2_pos-1_4,T2,pos-1,4,5,QX1233,0,0,0,0,0,0,0
A6,T2_ctrl_A,T2,ctrl,A,5,QX1233,0,0,0,0,0,0,0
A7,T2_ctrl_B,T2,ctrl,B,5,QX1233,0,0,0,0,0,0,0
A10,T2_pos-1_1,T2,pos-1,1,10,QX1233,0,0,0,0,0,0,0
A11,T2_pos-1_2,T2,pos-1,2,10,QX1233,0,0,0,0,0,0,0
A12,T2_pos-1_3,T2,pos-1,3,10,QX1233,0,0,0,0,0,0,0
A13,T2_pos-1_4,T2,pos-1,4,10,QX1233,0,0,0,0,0,0,0
A6,T2_ctrl_A,T2,ctrl,A,10,QX1233,0,0,0,0,0,0,0
A7,T2_ctrl_B,T2,ctrl,B,10,QX1233,0,0,0,0,0,0,0
A10,T2_pos-1_1,T2,pos-1,1,3,QX1791,0,0,0.000628847025751162,0,-0.000628847025751162,0,-64.458819428483
A11,T2_pos-1_2,T2,pos-1,2,3,QX1791,0,0,0.000628847025751162,0,-0.000628847025751162,0,-64.458819428483
A12,T2_pos-1_3,T2,pos-1,3,3,QX1791,0,0,0.000628847025751162,0,-0.000628847025751162,0,-64.458819428483
A13,T2_pos-1_4,T2,pos-1,4,3,QX1791,0,0,0.000628847025751162,0,-0.000628847025751162,0,-64.458819428483
A6,T2_ctrl_A,T2,ctrl,A,3,QX1791,0.00125769405150232,0,0.000628847025751162,0.00125769405150232,0.000628847025751162,65.458819428483,1
A7,T2_ctrl_B,T2,ctrl,B,3,QX1791,0,0,0.000628847025751162,0,-0.000628847025751162,0,-64.458819428483
A10,T2_pos-1_1,T2,pos-1,1,5,QX1791,0,0,0.00061072333569204,0,-0.00061072333569204,0,-64.41662929231
A11,T2_pos-1_2,T2,pos-1,2,5,QX1791,0,0,0.00061072333569204,0,-0.00061072333569204,0,-64.41662929231
A12,T2_pos-1_3,T2,pos-1,3,5,QX1791,0,0,0.00061072333569204,0,-0.00061072333569204,0,-64.41662929231
A13,T2_pos-1_4,T2,pos-1,4,5,QX1791,0,0,0.00061072333569204,0,-0.00061072333569204,0,-64.41662929231
A6,T2_ctrl_A,T2,ctrl,A,5,QX1791,0.00122144667138408,0,0.00061072333569204,0.00122144667138408,0.00061072333569204,65.41662929231,1
A7,T2_ctrl_B,T2,ctrl,B,5,QX1791,0,0,0.00061072333569204,0,-0.00061072333569204,0,-64.41662929231
A10,T2_pos-1_1,T2,pos-1,1,10,QX1791,0,0,0.000580936873637189,0,-0.000580936873637189,0,-64.3444917253357
A11,T2_pos-1_2,T2,pos-1,2,10,QX1791,0,0,0.000580936873637189,0,-0.000580936873637189,0,-64.3444917253357
A12,T2_pos-1_3,T2,pos-1,3,10,QX1791,0,0,0.000580936873637189,0,-0.000580936873637189,0,-64.3444917253357
A13,T2_pos-1_4,T2,pos-1,4,10,QX1791,0,0,0.000580936873637189,0,-0.000580936873637189,0,-64.3444917253357
A6,T2_ctrl_A,T2,ctrl,A,10,QX1791,0.00116187374727438,0,0.000580936873637189,0.00116187374727438,0.000580936873637189,65.3444917253357,1
A7,T2_ctrl_B,T2,ctrl,B,10,QX1791,0,0,0.000580936873637189,0,-0.000580936873637189,0,-64.3444917253357
A10,T2_pos-1_1,T2,pos-1,1,3,QX1792,0.00122574071046833,0,0.000914181085955201,0.00122574071046833,0.000311559624513128,65.4216922435953,0.423101952325666
A11,T2_pos-1_2,T2,pos-1,2,3,QX1792,0.00347936281983256,0,0.000914181085955201,0.00347936281983256,0.00256518173387736,66.9268615433688,1.92827125209913
A12,T2_pos-1_3,T2,pos-1,3,3,QX1792,0.000397817928494105,0,0.000914181085955201,0.000397817928494105,-0.000516363157461096,63.798218616504,-1.20037167476564
A13,T2_pos-1_4,T2,pos-1,4,3,QX1792,0,0,0.000914181085955201,0,-0.000914181085955201,0,-64.9985902912696
A6,T2_ctrl_A,T2,ctrl,A,3,QX1792,9.47950871072189e-05,0,0.000914181085955201,9.47950871072189e-05,-0.000819385998847982,61.7289945172204,-3.26959577404924
A7,T2_ctrl_B,T2,ctrl,B,3,QX1792,0.00173356708480318,0,0.000914181085955201,0.00173356708480318,0.000819385998847982,65.9217820820836,0.92319179081396
A10,T2_pos-1_1,T2,pos-1,1,5,QX1792,0.00132159280006934,0,0.000966945056124934,0.00132159280006934,0.00035464774394441,65.5303161479011,0.45077191206308
A11,T2_pos-1_2,T2,pos-1,2,5,QX1792,0.00364176809113972,0,0.000966945056124934,0.00364176809113972,0.00267482303501479,66.992677469692,1.91313323385397
A12,T2_pos-1_3,T2,pos-1,3,5,QX1792,0.000383603477396679,0,0.000966945056124934,0.000383603477396679,-0.000583341578728255,63.7457261193713,-1.33381811646678
A13,T2_pos-1_4,T2,pos-1,4,5,QX1792,0,0,0.000966945056124934,0,-0.000966945056124934,0,-65.079544235838
A6,T2_ctrl_A,T2,ctrl,A,5,QX1792,0.000224407799858732,0,0.000966945056124934,0.000224407799858732,-0.000742537256266202,62.972233142129,-2.10731109370901
A7,T2_ctrl_B,T2,ctrl,B,5,QX1792,0.00170948231239114,0,0.000966945056124934,0.00170948231239114,0.000742537256266202,65.90159791132,0.822053675481959
A10,T2_pos-1_1,T2,pos-1,1,10,QX1792,0.000325321774375181,0,0.000756669290044744,0.000325321774375181,-0.000431347515669563,63.5079777086093,-1.21779550572449
A11,T2_pos-1_2,T2,pos-1,2,10,QX1792,0.00258413924243829,0,0.000756669290044744,0.00258413924243829,0.00182746995239355,66.4977222252642,1.7719490109304
A12,T2_pos-1_3,T2,pos-1,3,10,QX1792,0,0,0.000756669290044744,0,-0.000756669290044744,0,-64.7257732143338
A13,T2_pos-1_4,T2,pos-1,4,10,QX1792,0,0,0.000756669290044744,0,-0.000756669290044744,0,-64.7257732143338
A6,T2_ctrl_A,T2,ctrl,A,10,QX1792,0,0,0.000756669290044744,0,-0.000756669290044744,0,-64.7257732143338
A7,T2_ctrl_B,T2,ctrl,B,10,QX1792,0.00151333858008949,0,0.000756669290044744,0.00151333858008949,0.000756669290044744,65.7257732143338,1
A10,T2_pos-1_1,T2,pos-1,1,3,QX1793,0,0.00150283345879443,0.00126043052679706,-0.00150283345879443,-0.00126043052679706,-65.7157235570298,-65.4619550167103
A11,T2_pos-1_2,T2,pos-1,2,3,QX1793,0,0.00150283345879443,0.00126043052679706,-0.00150283345879443,-0.00126043052679706,-65.7157235570298,-65.4619550167103
A12,T2_pos-1_3,T2,pos-1,3,3,QX1793,0,0.00150283345879443,0.00126043052679706,-0.00150283345879443,-0.00126043052679706,-65.7157235570298,-65.4619550167103
A13,T2_pos-1_4,T2,pos-1,4,3,QX1793,0.000806246407163594,0.00150283345879443,0.00126043052679706,-0.000696587051630834,-0.000454184119633462,-0.898392409795255,-0.644623869475831
A6,T2_ctrl_A,T2,ctrl,A,3,QX1793,0.00224590571466879,0.00150283345879443,0.00126043052679706,0.000743072255874361,0.000985475187871734,0.579612221918614,0.833380762238037
A7,T2_ctrl_B,T2,ctrl,B,3,QX1793,0.000274955338925322,0.00150283345879443,0.00126043052679706,-0.00122787811986911,-0.000985475187871734,-2.45041593592443,-2.19664739560501
A10,T2_pos-1_1,T2,pos-1,1,5,QX1793,0,0.00123771258452156,0.00126358988338495,-0.00123771258452156,-0.00126358988338495,-65.4357147536516,-65.4655667073637
A11,T2_pos-1_2,T2,pos-1,2,5,QX1793,1.81982941788801e-05,0.00123771258452156,0.00126358988338495,-0.00121951429034268,-0.00124539158920607,-6.08772930230718,-6.11758125601928
A12,T2_pos-1_3,T2,pos-1,3,5,QX1793,0,0.00123771258452156,0.00126358988338495,-0.00123771258452156,-0.00126358988338495,-65.4357147536516,-65.4655667073637
A13,T2_pos-1_4,T2,pos-1,4,5,QX1793,0.000888505072320901,0.00123771258452156,0.00126358988338495,-0.00034920751220066,-0.000375084811064046,-0.478224420470916,-0.508076374183018
A6,T2_ctrl_A,T2,ctrl,A,5,QX1793,0.00229991135942306,0.00123771258452156,0.00126358988338495,0.0010621987749015,0.00103632147603812,0.893901921567924,0.864049967855823
A7,T2_ctrl_B,T2,ctrl,B,5,QX1793,0.000227268407346832,0.00123771258452156,0.00126358988338495,-0.00101044417717473,-0.00103632147603812,-2.44520728424353,-2.47505923795564
A10,T2_pos-1_1,T2,pos-1,1,10,QX1793,0,0.00133693421871587,0.00118675365713185,-0.00133693421871587,-0.00118675365713185,-65.5469668978306,-65.3750589113174
A11,T2_pos-1_2,T2,pos-1,2,10,QX1793,0.000286708567551636,0.00133693421871587,0.00118675365713185,-0.00105022565116423,-0.000900045089580215,-2.22127156055143,-2.0493635740383
A12,T2_pos-1_3,T2,pos-1,3,10,QX1793,0,0.00133693421871587,0.00118675365713185,-0.00133693421871587,-0.00118675365713185,-65.5469668978306,-65.3750589113174
A13,T2_pos-1_4,T2,pos-1,4,10,QX1793,0.00107639206403588,0.00133693421871587,0.00118675365713185,-0.000260542154679982,-0.000110361593095968,-0.312724822627346,-0.140816836114217
A6,T2_ctrl_A,T2,ctrl,A,10,QX1793,0.00213825975541686,0.00133693421871587,0.00118675365713185,0.00080132553670099,0.000951506098285004,0.677508639907815,0.849416626420945
A7,T2_ctrl_B,T2,ctrl,B,10,QX1793,0.000235247558846847,0.00133693421871587,0.00118675365713185,-0.00110168665986902,-0.000951506098285004,-2.50667682477129,-2.33476883825817
A10,T2_pos-1_1,T2,pos-1,1,3,QX1794,0,0,0.000611237086410359,0,-0.000611237086410359,0,-64.4178424014154
A11,T2_pos-1_2,T2,pos-1,2,3,QX1794,0,0,0.000611237086410359,0,-0.000611237086410359,0,-64.4178424014154
A12,T2_pos-1_3,T2,pos-1,3,3,QX1794,0,0,0.000611237086410359,0,-0.000611237086410359,0,-64.4178424014154
A13,T2_pos-1_4,T2,pos-1,4,3,QX1794,0,0,0.000611237086410359,0,-0.000611237086410359,0,-64.4178424014154
A6,T2_ctrl_A,T2,ctrl,A,3,QX1794,0.00122247417282072,0,0.000611237086410359,0.00122247417282072,0.000611237086410359,65.4178424014154,1
A7,T2_ctrl_B,T2,ctrl,B,3,QX1794,0,0,0.000611237086410359,0,-0.000611237086410359,0,-64.4178424014154
A10,T2_pos-1_1,T2,pos-1,1,5,QX1794,0,0,0.000607579973096725,0,-0.000607579973096725,0,-64.4091846376689
A11,T2_pos-1_2,T2,pos-1,2,5,QX1794,0,0,0.000607579973096725,0,-0.000607579973096725,0,-64.4091846376689
A12,T2_pos-1_3,T2,pos-1,3,5,QX1794,0,0,0.000607579973096725,0,-0.000607579973096725,0,-64.4091846376689
A13,T2_pos-1_4,T2,pos-1,4,5,QX1794,0,0,0.000607579973096725,0,-0.000607579973096725,0,-64.4091846376689
A6,T2_ctrl_A,T2,ctrl,A,5,QX1794,0.00121515994619345,0,0.000607579973096725,0.00121515994619345,0.000607579973096725,65.4091846376689,1
A7,T2_ctrl_B,T2,ctrl,B,5,QX1794,0,0,0.000607579973096725,0,-0.000607579973096725,0,-64.4091846376689
A10,T2_pos-1_1,T2,pos-1,1,10,QX1794,0,0,0.000709755660605479,0,-0.000709755660605479,0,-64.6334327709148
A11,T2_pos-1_2,T2,pos-1,2,10,QX1794,0,0,0.000709755660605479,0,-0.000709755660605479,0,-64.6334327709148
A12,T2_pos-1_3,T2,pos-1,3,10,QX1794,0,0,0.000709755660605479,0,-0.000709755660605479,0,-64.6334327709148
A13,T2_pos-1_4,T2,pos-1,4,10,QX1794,0,0,0.000709755660605479,0,-0.000709755660605479,0,-64.6334327709148
A6,T2_ctrl_A,T2,ctrl,A,10,QX1794,0.00141951132121096,0,0.000709755660605479,0.00141951132121096,0.000709755660605479,65.6334327709148,1
A7,T2_ctrl_B,T2,ctrl,B,10,QX1794,0,0,0.000709755660605479,0,-0.000709755660605479,0,-64.6334327709148
A10,T2_pos-1_1,T2,pos-1,1,3,RC301,0,0.00246811215494742,0.000677411867972091,-0.00246811215494742,-0.000677411867972091,-66.431446370033,-64.5661435832743
A11,T2_pos-1_2,T2,pos-1,2,3,RC301,0,0.00246811215494742,0.000677411867972091,-0.00246811215494742,-0.000677411867972091,-66.431446370033,-64.5661435832743
A12,T2_pos-1_3,T2,pos-1,3,3,RC301,0,0.00246811215494742,0.000677411867972091,-0.00246811215494742,-0.000677411867972091,-66.431446370033,-64.5661435832743
A13,T2_pos-1_4,T2,pos-1,4,3,RC301,0,0.00246811215494742,0.000677411867972091,-0.00246811215494742,-0.000677411867972091,-66.431446370033,-64.5661435832743
A6,T2_ctrl_A,T2,ctrl,A,3,RC301,0,0.00246811215494742,0.000677411867972091,-0.00246811215494742,-0.000677411867972091,-66.431446370033,-64.5661435832743
A7,T2_ctrl_B,T2,ctrl,B,3,RC301,0.00135482373594418,0.00246811215494742,0.000677411867972091,-0.00111328841900324,0.000677411867972091,-0.86530278675869,1
A10,T2_pos-1_1,T2,pos-1,1,5,RC301,0,0.00190304640713095,0.00066600540571616,-0.00190304640713095,-0.00066600540571616,-66.0563491588742,-64.541644207967
A11,T2_pos-1_2,T2,pos-1,2,5,RC301,0,0.00190304640713095,0.00066600540571616,-0.00190304640713095,-0.00066600540571616,-66.0563491588742,-64.541644207967
A12,T2_pos-1_3,T2,pos-1,3,5,RC301,0,0.00190304640713095,0.00066600540571616,-0.00190304640713095,-0.00066600540571616,-66.0563491588742,-64.541644207967
A13,T2_pos-1_4,T2,pos-1,4,5,RC301,0,0.00190304640713095,0.00066600540571616,-0.00190304640713095,-0.00066600540571616,-66.0563491588742,-64.541644207967
A6,T2_ctrl_A,T2,ctrl,A,5,RC301,0,0.00190304640713095,0.00066600540571616,-0.00190304640713095,-0.00066600540571616,-66.0563491588742,-64.541644207967
A7,T2_ctrl_B,T2,ctrl,B,5,RC301,0.00133201081143232,0.00190304640713095,0.00066600540571616,-0.000571035595698634,0.00066600540571616,-0.514704950907188,1
A10,T2_pos-1_1,T2,pos-1,1,10,RC301,0,0.00136729887630604,0.0010214310479973,-0.00136729887630604,-0.0010214310479973,-65.5793670501792,-65.1586302335015
A11,T2_pos-1_2,T2,pos-1,2,10,RC301,0,0.00136729887630604,0.0010214310479973,-0.00136729887630604,-0.0010214310479973,-65.5793670501792,-65.1586302335015
A12,T2_pos-1_3,T2,pos-1,3,10,RC301,0,0.00136729887630604,0.0010214310479973,-0.00136729887630604,-0.0010214310479973,-65.5793670501792,-65.1586302335015
A13,T2_pos-1_4,T2,pos-1,4,10,RC301,0,0.00136729887630604,0.0010214310479973,-0.00136729887630604,-0.0010214310479973,-65.5793670501792,-65.1586302335015
A6,T2_ctrl_A,T2,ctrl,A,10,RC301,0,0.00136729887630604,0.0010214310479973,-0.00136729887630604,-0.0010214310479973,-65.5793670501792,-65.1586302335015
A7,T2_ctrl_B,T2,ctrl,B,10,RC301,0.0020428620959946,0.00136729887630604,0.0010214310479973,0.000675563219688568,0.0010214310479973,0.579263183322308,1
A10,T2_pos-1_1,T2,pos-1,1,3,TWN2530,0,0.00629578662246029,0.000718116006049784,-0.00629578662246029,-0.000718116006049784,-67.7824250613798,-64.6503272398343
A11,T2_pos-1_2,T2,pos-1,2,3,TWN2530,0,0.00629578662246029,0.000718116006049784,-0.00629578662246029,-0.000718116006049784,-67.7824250613798,-64.6503272398343
A12,T2_pos-1_3,T2,pos-1,3,3,TWN2530,2.22221557528538e-05,0.00629578662246029,0.000718116006049784,-0.00627356446670743,-0.000695893850296931,-8.14624405729659,-5.01414623575114
A13,T2_pos-1_4,T2,pos-1,4,3,TWN2530,0,0.00629578662246029,0.000718116006049784,-0.00629578662246029,-0.000718116006049784,-67.7824250613798,-64.6503272398343
A6,T2_ctrl_A,T2,ctrl,A,3,TWN2530,0.00143623201209957,0.00629578662246029,0.000718116006049784,-0.00485955461036072,0.000718116006049784,-2.13209782154544,1
A7,T2_ctrl_B,T2,ctrl,B,3,TWN2530,0,0.00629578662246029,0.000718116006049784,-0.00629578662246029,-0.000718116006049784,-67.7824250613798,-64.6503272398343
A10,T2_pos-1_1,T2,pos-1,1,5,TWN2530,0,0.00705907629582202,0.00104729854768924,-0.00705907629582202,-0.00104729854768924,-67.9475178299821,-65.1947111778061
A11,T2_pos-1_2,T2,pos-1,2,5,TWN2530,0,0.00705907629582202,0.00104729854768924,-0.00705907629582202,-0.00104729854768924,-67.9475178299821,-65.1947111778061
A12,T2_pos-1_3,T2,pos-1,3,5,TWN2530,0.000301735027267697,0.00705907629582202,0.00104729854768924,-0.00675734126855432,-0.000745563520421539,-4.5481253260066,-1.7953186738306
A13,T2_pos-1_4,T2,pos-1,4,5,TWN2530,0,0.00705907629582202,0.00104729854768924,-0.00705907629582202,-0.00104729854768924,-67.9475178299821,-65.1947111778061
A6,T2_ctrl_A,T2,ctrl,A,5,TWN2530,0.00209459709537847,0.00705907629582202,0.00104729854768924,-0.00496447920044355,0.00104729854768924,-1.75280665217601,1
A7,T2_ctrl_B,T2,ctrl,B,5,TWN2530,0,0.00705907629582202,0.00104729854768924,-0.00705907629582202,-0.00104729854768924,-67.9475178299821,-65.1947111778061
A10,T2_pos-1_1,T2,pos-1,1,10,TWN2530,0,0.00814227744256672,0.00150649829753093,-0.00814227744256672,-0.00150649829753093,-68.1534707968635,-65.7192374582628
A11,T2_pos-1_2,T2,pos-1,2,10,TWN2530,0,0.00814227744256672,0.00150649829753093,-0.00814227744256672,-0.00150649829753093,-68.1534707968635,-65.7192374582628
A12,T2_pos-1_3,T2,pos-1,3,10,TWN2530,0,0.00814227744256672,0.00150649829753093,-0.00814227744256672,-0.00150649829753093,-68.1534707968635,-65.7192374582628
A13,T2_pos-1_4,T2,pos-1,4,10,TWN2530,0,0.00814227744256672,0.00150649829753093,-0.00814227744256672,-0.00150649829753093,-68.1534707968635,-65.7192374582628
A6,T2_ctrl_A,T2,ctrl,A,10,TWN2530,0.00301299659506187,0.00814227744256672,0.00150649829753093,-0.00512928084750485,0.00150649829753093,-1.43423333860064,1
A7,T2_ctrl_B,T2,ctrl,B,10,TWN2530,0,0.00814227744256672,0.00150649829753093,-0.00814227744256672,-0.00150649829753093,-68.1534707968635,-65.7192374582628
A10,T2_pos-1_1,T2,pos-1,1,3,WN2001,0,0,0,0,0,0,0
A11,T2_pos-1_2,T2,pos-1,2,3,WN2001,0,0,0,0,0,0,0
A12,T2_pos-1_3,T2,pos-1,3,3,WN2001,0,0,0,0,0,0,0
A13,T2_pos-1_4,T2,pos-1,4,3,WN2001,0,0,0,0,0,0,0
A6,T2_ctrl_A,T2,ctrl,A,3,WN2001,0,0,0,0,0,0,0
A7,T2_ctrl_B,T2,ctrl,B,3,WN2001,0,0,0,0,0,0,0
A10,T2_pos-1_1,T2,pos-1,1,5,WN2001,0,0,0,0,0,0,0
A11,T2_pos-1_2,T2,pos-1,2,5,WN2001,0,0,0,0,0,0,0
A12,T2_pos-1_3,T2,pos-1,3,5,WN2001,0,0,0,0,0,0,0
A13,T2_pos-1_4,T2,pos-1,4,5,WN2001,0,0,0,0,0,0,0
A6,T2_ctrl_A,T2,ctrl,A,5,WN2001,0,0,0,0,0,0,0
A7,T2_ctrl_B,T2,ctrl,B,5,WN2001,0,0,0,0,0,0,0
A10,T2_pos-1_1,T2,pos-1,1,10,WN2001,0,0,2.99127004003883e-05,0,-2.99127004003883e-05,0,-60.0649403830646
A11,T2_pos-1_2,T2,pos-1,2,10,WN2001,0,0,2.99127004003883e-05,0,-2.99127004003883e-05,0,-60.0649403830646
A12,T2_pos-1_3,T2,pos-1,3,10,WN2001,0,0,2.99127004003883e-05,0,-2.99127004003883e-05,0,-60.0649403830646
A13,T2_pos-1_4,T2,pos-1,4,10,WN2001,0,0,2.99127004003883e-05,0,-2.99127004003883e-05,0,-60.0649403830646
A6,T2_ctrl_A,T2,ctrl,A,10,WN2001,0,0,2.99127004003883e-05,0,-2.99127004003883e-05,0,-60.0649403830646
A7,T2_ctrl_B,T2,ctrl,B,10,WN2001,5.98254008007765e-05,0,2.99127004003883e-05,5.98254008007765e-05,2.99127004003883e-05,61.0649403830646,1
A10,T2_pos-1_1,T2,pos-1,1,3,WN2002,0,0,0.00115743286868463,0,-0.00115743286868463,0,-65.3389669350348
A11,T2_pos-1_2,T2,pos-1,2,3,WN2002,0,0,0.00115743286868463,0,-0.00115743286868463,0,-65.3389669350348
A12,T2_pos-1_3,T2,pos-1,3,3,WN2002,0,0,0.00115743286868463,0,-0.00115743286868463,0,-65.3389669350348
A13,T2_pos-1_4,T2,pos-1,4,3,WN2002,0,0,0.00115743286868463,0,-0.00115743286868463,0,-65.3389669350348
A6,T2_ctrl_A,T2,ctrl,A,3,WN2002,0.00129995601058487,0,0.00115743286868463,0.00129995601058487,0.000142523141900249,65.5065012201918,0.167534285157005
A7,T2_ctrl_B,T2,ctrl,B,3,WN2002,0.00101490972678438,0,0.00115743286868463,0.00101490972678438,-0.000142523141900249,65.1493898253598,-0.189577109674949
A10,T2_pos-1_1,T2,pos-1,1,5,WN2002,0,0,0.00106784459470743,0,-0.00106784459470743,0,-65.2227401200634
A11,T2_pos-1_2,T2,pos-1,2,5,WN2002,0,0,0.00106784459470743,0,-0.00106784459470743,0,-65.2227401200634
A12,T2_pos-1_3,T2,pos-1,3,5,WN2002,0,0,0.00106784459470743,0,-0.00106784459470743,0,-65.2227401200634
A13,T2_pos-1_4,T2,pos-1,4,5,WN2002,0,0,0.00106784459470743,0,-0.00106784459470743,0,-65.2227401200634
A6,T2_ctrl_A,T2,ctrl,A,5,WN2002,0.00111498998216528,0,0.00106784459470743,0.00111498998216528,4.71453874578524e-05,65.2850691637377,0.0623290436743128
A7,T2_ctrl_B,T2,ctrl,B,5,WN2002,0.00102069920724957,0,0.00106784459470743,0.00102069920724957,-4.71453874578524e-05,65.1575961926416,-0.0651439274217917
A10,T2_pos-1_1,T2,pos-1,1,10,WN2002,0,0,0.00126174746473483,0,-0.00126174746473483,0,-65.4634616034865
A11,T2_pos-1_2,T2,pos-1,2,10,WN2002,0,0,0.00126174746473483,0,-0.00126174746473483,0,-65.4634616034865
A12,T2_pos-1_3,T2,pos-1,3,10,WN2002,0,0,0.00126174746473483,0,-0.00126174746473483,0,-65.4634616034865
A13,T2_pos-1_4,T2,pos-1,4,10,WN2002,0,0,0.00126174746473483,0,-0.00126174746473483,0,-65.4634616034865
A6,T2_ctrl_A,T2,ctrl,A,10,WN2002,0.000551043217135869,0,0.00126174746473483,0.000551043217135869,-0.000710704247598965,64.268275791515,-1.19518581197158
A7,T2_ctrl_B,T2,ctrl,B,10,WN2002,0.0019724517123338,0,0.00126174746473483,0.0019724517123338,0.000710704247598964,66.1080283976939,0.644566794207324
A10,T2_pos-1_1,T2,pos-1,1,3,WN2050,0.00116693319304004,0.00486199010462487,0,-0.00369505691158483,0.00116693319304004,-2.05882498804615,65.3507603847711
A11,T2_pos-1_2,T2,pos-1,2,3,WN2050,0.0176821048339164,0.00486199010462487,0,0.0128201147292915,0.0176821048339164,1.8626711575578,69.272256530375
A12,T2_pos-1_3,T2,pos-1,3,3,WN2050,0.00901554329308293,0.00486199010462487,0,0.00415355318845807,0.00901554329308293,0.890867476590238,68.3004528494075
A13,T2_pos-1_4,T2,pos-1,4,3,WN2050,0.000910572973691727,0.00486199010462487,0,-0.00395141713093314,0.000910572973691727,-2.41670041200128,64.9928849608159
A6,T2_ctrl_A,T2,ctrl,A,3,WN2050,0,0.00486199010462487,0,-0.00486199010462487,0,-67.4095853728172,0
A7,T2_ctrl_B,T2,ctrl,B,3,WN2050,0,0.00486199010462487,0,-0.00486199010462487,0,-67.4095853728172,0
A10,T2_pos-1_1,T2,pos-1,1,5,WN2050,0.00188440679588591,0.00440464281181025,0.000171628527990384,-0.00252023601592434,0.00171277826789552,-1.22491459057096,3.45674915825188
A11,T2_pos-1_2,T2,pos-1,2,5,WN2050,0.0182592190946103,0.00440464281181025,0.000171628527990384,0.0138545762828001,0.0180875905666199,2.05152813012938,6.73319187895223
A12,T2_pos-1_3,T2,pos-1,3,5,WN2050,0.0101008678475558,0.00440464281181025,0.000171628527990384,0.00569622503574556,0.00992923931956542,1.19738231622792,5.87904606505077
A13,T2_pos-1_4,T2,pos-1,4,5,WN2050,0.00149167743464658,0.00440464281181025,0.000171628527990384,-0.00291296537716366,0.0013200489066562,-1.56208943452076,3.11957431430208
A6,T2_ctrl_A,T2,ctrl,A,5,WN2050,0,0.00440464281181025,0.000171628527990384,-0.00440464281181025,-0.000171628527990384,-67.2670634463001,-62.5853996974773
A7,T2_ctrl_B,T2,ctrl,B,5,WN2050,0.000343257055980767,0.00440464281181025,0.000171628527990384,-0.00406138575582948,0.000171628527990384,-3.68166374882285,1
A10,T2_pos-1_1,T2,pos-1,1,10,WN2050,0.00421391923878975,0.00527968578627,0.00161346658641023,-0.00106576654748025,0.00260045265237952,-0.32528940731905,1.38499896358874
A11,T2_pos-1_2,T2,pos-1,2,10,WN2050,0.020992972534832,0.00527968578627,0.00161346658641023,0.015713286748562,0.0193795059484218,1.9913824847903,3.70167085569809
A12,T2_pos-1_3,T2,pos-1,3,10,WN2050,0.012260421761316,0.00527968578627,0.00161346658641023,0.00698073597504599,0.0106469551749058,1.21548463181645,2.92577300272424
A13,T2_pos-1_4,T2,pos-1,4,10,WN2050,0.0028429395717755,0.00527968578627,0.00161346658641023,-0.0024367462144945,0.00122947298536527,-0.893068637918241,0.81721973298955
A6,T2_ctrl_A,T2,ctrl,A,10,WN2050,0,0.00527968578627,0.00161346658641023,-0.00527968578627,-0.00161346658641023,-67.5284904876886,-65.8182021167808
A7,T2_ctrl_B,T2,ctrl,B,10,WN2050,0.00322693317282046,0.00527968578627,0.00161346658641023,-0.00205275261344954,0.00161346658641023,-0.71028837090779,1
A10,T2_pos-1_1,T2,pos-1,1,3,WN2063,0.0220681234644642,0.00730063039643416,0.00433002464660967,0.01476749306803,0.0177380988178545,1.59587100841616,2.34951681510322
A11,T2_pos-1_2,T2,pos-1,2,3,WN2063,0.0115941742053353,0.00730063039643416,0.00433002464660967,0.00429354380890117,0.00726414955872566,0.667307119106077,1.42095292579314
A12,T2_pos-1_3,T2,pos-1,3,3,WN2063,0.0126069001528935,0.00730063039643416,0.00433002464660967,0.00530626975645935,0.00827687550628383,0.788120633630938,1.541766440318
A13,T2_pos-1_4,T2,pos-1,4,3,WN2063,0.0131432602093651,0.00730063039643416,0.00433002464660967,0.00584262981293094,0.00881323556275543,0.848230234523284,1.60187604121034
A6,T2_ctrl_A,T2,ctrl,A,3,WN2063,0.00396152966288947,0.00730063039643416,0.00433002464660967,-0.00333910073354468,-0.0003684949837202,-0.881963438732411,-0.128317632045351
A7,T2_ctrl_B,T2,ctrl,B,3,WN2063,0.00469851963032988,0.00730063039643416,0.00433002464660967,-0.00260211076610428,0.0003684949837202,-0.635814767239203,0.117831039447857
A10,T2_pos-1_1,T2,pos-1,1,5,WN2063,0.0222201131087642,0.00699946197708357,0.00479139719795652,0.0152206511316806,0.0174287159108077,1.66655022384137,2.21334784031995
A11,T2_pos-1_2,T2,pos-1,2,5,WN2063,0.0120703184857974,0.00699946197708357,0.00479139719795652,0.00507085650871378,0.00727892128784083,0.786147806585403,1.33294542306398
A12,T2_pos-1_3,T2,pos-1,3,5,WN2063,0.0129743708136357,0.00699946197708357,0.00479139719795652,0.0059749088365521,0.00818297361567915,0.890348640655957,1.43714625713453
A13,T2_pos-1_4,T2,pos-1,4,5,WN2063,0.0136197711068064,0.00699946197708357,0.00479139719795652,0.00662030912972282,0.00882837390884987,0.960386520926121,1.5071841374047
A6,T2_ctrl_A,T2,ctrl,A,5,WN2063,0.0043238929235679,0.00699946197708357,0.00479139719795652,-0.00267556905351568,-0.000467504274388623,-0.694913234888264,-0.148115618409686
A7,T2_ctrl_B,T2,ctrl,B,5,WN2063,0.00525890147234514,0.00699946197708357,0.00479139719795652,-0.00174056050473843,0.000467504274388623,-0.41248256405979,0.134315052418788
A10,T2_pos-1_1,T2,pos-1,1,10,WN2063,0.0223014466463826,0.00722164716017504,0.00479074354033574,0.0150797994862076,0.0175107031060469,1.62673745866309,2.21881580785034
A11,T2_pos-1_2,T2,pos-1,2,10,WN2063,0.0106655954895127,0.00722164716017504,0.00479074354033574,0.00344394832933769,0.00587485194917699,0.562564678546654,1.15464302773391
A12,T2_pos-1_3,T2,pos-1,3,10,WN2063,0.01186813570032,0.00722164716017504,0.00479074354033574,0.00464648854014497,0.00707739215998427,0.71669348879684,1.30877183798409
A13,T2_pos-1_4,T2,pos-1,4,10,WN2063,0.0129681610739188,0.00722164716017504,0.00479074354033574,0.00574651391374379,0.0081774175335831,0.844574076382647,1.4366524255699
A6,T2_ctrl_A,T2,ctrl,A,10,WN2063,0.00439171210438088,0.00722164716017504,0.00479074354033574,-0.00282993505579416,-0.000399031435954857,-0.717544451320326,-0.125466102133071
A7,T2_ctrl_B,T2,ctrl,B,10,WN2063,0.0051897749762906,0.00722164716017504,0.00479074354033574,-0.00203187218388445,0.000399031435954857,-0.476655947843848,0.115422401343407
A10,T2_pos-1_1,T2,pos-1,1,3,WN2064,0.0100760267389909,0,0,0.0100760267389909,0.0100760267389909,68.4608933662868,68.4608933662868
A11,T2_pos-1_2,T2,pos-1,2,3,WN2064,0,0,0,0,0,0,0
A12,T2_pos-1_3,T2,pos-1,3,3,WN2064,0,0,0,0,0,0,0
A13,T2_pos-1_4,T2,pos-1,4,3,WN2064,0,0,0,0,0,0,0
A6,T2_ctrl_A,T2,ctrl,A,3,WN2064,0,0,0,0,0,0,0
A7,T2_ctrl_B,T2,ctrl,B,3,WN2064,0,0,0,0,0,0,0
A10,T2_pos-1_1,T2,pos-1,1,5,WN2064,0.00971400658697161,0,0,0.00971400658697161,0.00971400658697161,68.4081048803348,68.4081048803348
A11,T2_pos-1_2,T2,pos-1,2,5,WN2064,0,0,0,0,0,0,0
A12,T2_pos-1_3,T2,pos-1,3,5,WN2064,0,0,0,0,0,0,0
A13,T2_pos-1_4,T2,pos-1,4,5,WN2064,0,0,0,0,0,0,0
A6,T2_ctrl_A,T2,ctrl,A,5,WN2064,0,0,0,0,0,0,0
A7,T2_ctrl_B,T2,ctrl,B,5,WN2064,0,0,0,0,0,0,0
A10,T2_pos-1_1,T2,pos-1,1,10,WN2064,0.00630031574861719,0,0,0.00630031574861719,0.00630031574861719,67.783462548681,67.783462548681
A11,T2_pos-1_2,T2,pos-1,2,10,WN2064,0,0,0,0,0,0,0
A12,T2_pos-1_3,T2,pos-1,3,10,WN2064,0,0,0,0,0,0,0
A13,T2_pos-1_4,T2,pos-1,4,10,WN2064,0,0,0,0,0,0,0
A6,T2_ctrl_A,T2,ctrl,A,10,WN2064,0,0,0,0,0,0,0
A7,T2_ctrl_B,T2,ctrl,B,10,WN2064,0,0,0,0,0,0,0
A10,T2_pos-1_1,T2,pos-1,1,3,WN2066,0.00383456691017551,0,0.00620227410408431,0.00383456691017551,-0.0023677071939088,67.0671020594407,-0.693733642261025
A11,T2_pos-1_2,T2,pos-1,2,3,WN2066,0,0,0.00620227410408431,0,-0.00620227410408431,0,-67.7608357017017
A12,T2_pos-1_3,T2,pos-1,3,3,WN2066,0.00304496428598129,0,0.00620227410408431,0.00304496428598129,-0.00315730981810302,66.7344637227304,-1.02637197897134
A13,T2_pos-1_4,T2,pos-1,4,3,WN2066,0.000165248624253046,0,0.00620227410408431,0.000165248624253046,-0.00603702547983126,62.5307485816996,-5.23008712000209
A6,T2_ctrl_A,T2,ctrl,A,3,WN2066,0.00654528283943349,0,0.00620227410408431,0.00654528283943349,0.000343008735349183,67.8384939519809,0.0776582502792074
A7,T2_ctrl_B,T2,ctrl,B,3,WN2066,0.00585926536873512,0,0.00620227410408431,0.00585926536873512,-0.000343008735349183,67.6787582074213,-0.0820774942803644
A10,T2_pos-1_1,T2,pos-1,1,5,WN2066,0.00308583617926742,0,0.00581801579042643,0.00308583617926742,-0.00273217961115901,66.7536998899076,-0.9148657377881
A11,T2_pos-1_2,T2,pos-1,2,5,WN2066,0,0,0.00581801579042643,0,-0.00581801579042643,0,-67.6685656276957
A12,T2_pos-1_3,T2,pos-1,3,5,WN2066,0.00208993421770295,0,0.00581801579042643,0.00208993421770295,-0.00372808157272348,66.1914959487734,-1.47706967892231
A13,T2_pos-1_4,T2,pos-1,4,5,WN2066,0,0,0.00581801579042643,0,-0.00581801579042643,0,-67.6685656276957
A6,T2_ctrl_A,T2,ctrl,A,5,WN2066,0.00623597186276154,0,0.00581801579042643,0.00623597186276154,0.000417956072335111,67.7686528341825,0.100087206486859
A7,T2_ctrl_B,T2,ctrl,B,5,WN2066,0.00540005971809132,0,0.00581801579042643,0.00540005971809132,-0.000417956072335111,67.561013777512,-0.107551850183653
A10,T2_pos-1_1,T2,pos-1,1,10,WN2066,0.00158531112498572,0,0.00476530998353632,0.00158531112498572,-0.00317999885855059,65.7928044197359,-1.58780406049678
A11,T2_pos-1_2,T2,pos-1,2,10,WN2066,0,0,0.00476530998353632,0,-0.00476530998353632,0,-67.3806084802326
A12,T2_pos-1_3,T2,pos-1,3,10,WN2066,0.00155710840875583,0,0.00476530998353632,0.00155710840875583,-0.00320820157478049,65.7669078066956,-1.61370067353702
A13,T2_pos-1_4,T2,pos-1,4,10,WN2066,0,0,0.00476530998353632,0,-0.00476530998353632,0,-67.3806084802326
A6,T2_ctrl_A,T2,ctrl,A,10,WN2066,0.00578976413533661,0,0.00476530998353632,0.00578976413533661,0.00102445415180029,67.6615429922847,0.280934512052021
A7,T2_ctrl_B,T2,ctrl,B,10,WN2066,0.00374085583173603,0,0.00476530998353632,0.00374085583173603,-0.00102445415180029,67.0314067828548,-0.349201697377873
A10,T2_pos-1_1,T2,pos-1,1,3,WN2069,0,0,0.0120033057687949,0,-0.0120033057687949,0,-68.7133982963712
A11,T2_pos-1_2,T2,pos-1,2,3,WN2069,0.000765430767935645,0,0.0120033057687949,0.000765430767935645,-0.0112378750008593,64.7423822148327,-3.97101608153854
A12,T2_pos-1_3,T2,pos-1,3,3,WN2069,0,0,0.0120033057687949,0,-0.0120033057687949,0,-68.7133982963712
A13,T2_pos-1_4,T2,pos-1,4,3,WN2069,0.00152779237140349,0,0.0120033057687949,0.00152779237140349,-0.0104755133973914,65.7394869086112,-2.97391138775998
A6,T2_ctrl_A,T2,ctrl,A,3,WN2069,0.017222365958892,0,0.0120033057687949,0.017222365958892,0.00521906019009712,69.2342498602103,0.520851563839117
A7,T2_ctrl_B,T2,ctrl,B,3,WN2069,0.0067842455786978,0,0.0120033057687949,0.0067842455786978,-0.00521906019009712,67.8902268097649,-0.823171486606346
A10,T2_pos-1_1,T2,pos-1,1,5,WN2069,0,0,0.0135413337179627,0,-0.0135413337179627,0,-68.8873363509383
A11,T2_pos-1_2,T2,pos-1,2,5,WN2069,0.00244255121069591,0,0.0135413337179627,0.00244255121069591,-0.0110987825072668,66.4164272258493,-2.47090912508896
A12,T2_pos-1_3,T2,pos-1,3,5,WN2069,0,0,0.0135413337179627,0,-0.0135413337179627,0,-68.8873363509383
A13,T2_pos-1_4,T2,pos-1,4,5,WN2069,0.00418728616896868,0,0.0135413337179627,0.00418728616896868,-0.00935404754899405,67.1940539343097,-1.69328241662858
A6,T2_ctrl_A,T2,ctrl,A,5,WN2069,0.018938814284696,0,0.0135413337179627,0.018938814284696,0.00539748056673328,69.3713125204211,0.48397616948278
A7,T2_ctrl_B,T2,ctrl,B,5,WN2069,0.00814385315122945,0,0.0135413337179627,0.00814385315122945,-0.00539748056673328,68.1537499628775,-0.733586388060828
A10,T2_pos-1_1,T2,pos-1,1,10,WN2069,0,0,0.011320172722853,0,-0.011320172722853,0,-68.628862481518
A11,T2_pos-1_2,T2,pos-1,2,10,WN2069,0.00357870588176043,0,0.011320172722853,0.00357870588176043,-0.00774146684109254,66.9674763955041,-1.66138608601383
A12,T2_pos-1_3,T2,pos-1,3,10,WN2069,0,0,0.011320172722853,0,-0.011320172722853,0,-68.628862481518
A13,T2_pos-1_4,T2,pos-1,4,10,WN2069,0.00452974765329803,0,0.011320172722853,0.00452974765329803,-0.00679042506955494,67.3074690974294,-1.32139338408862
A6,T2_ctrl_A,T2,ctrl,A,10,WN2069,0.0169924824801611,0,0.011320172722853,0.0169924824801611,0.00567230975730812,69.2148631459298,0.586000664411818
A7,T2_ctrl_B,T2,ctrl,B,10,WN2069,0.00564786296554485,0,0.011320172722853,0.00564786296554485,-0.00567230975730811,67.6257435005286,-1.00311898098936
A10,T2_pos-1_1,T2,pos-1,1,3,WN2086,0,0,0,0,0,0,0
A11,T2_pos-1_2,T2,pos-1,2,3,WN2086,0,0,0,0,0,0,0
A12,T2_pos-1_3,T2,pos-1,3,3,WN2086,0,0,0,0,0,0,0
A13,T2_pos-1_4,T2,pos-1,4,3,WN2086,0.000252566927447808,0,0,0.000252566927447808,0.000252566927447808,63.1427760575946,63.1427760575946
A6,T2_ctrl_A,T2,ctrl,A,3,WN2086,0,0,0,0,0,0,0
A7,T2_ctrl_B,T2,ctrl,B,3,WN2086,0,0,0,0,0,0,0
A10,T2_pos-1_1,T2,pos-1,1,5,WN2086,0,0,0,0,0,0,0
A11,T2_pos-1_2,T2,pos-1,2,5,WN2086,0,0,0,0,0,0,0
A12,T2_pos-1_3,T2,pos-1,3,5,WN2086,0,0,0,0,0,0,0
A13,T2_pos-1_4,T2,pos-1,4,5,WN2086,0.000226457085642552,0,0,0.000226457085642552,0.000226457085642552,62.9853480015583,62.9853480015583
A6,T2_ctrl_A,T2,ctrl,A,5,WN2086,0,0,0,0,0,0,0
A7,T2_ctrl_B,T2,ctrl,B,5,WN2086,0,0,0,0,0,0,0
A10,T2_pos-1_1,T2,pos-1,1,10,WN2086,0,0,0,0,0,0,0
A11,T2_pos-1_2,T2,pos-1,2,10,WN2086,0,0,0,0,0,0,0
A12,T2_pos-1_3,T2,pos-1,3,10,WN2086,0.000417061566874583,0,0,0.000417061566874583,0.000417061566874583,63.8663706916924,63.8663706916924
A13,T2_pos-1_4,T2,pos-1,4,10,WN2086,0.00258081889691957,0,0,0.00258081889691957,0.00258081889691957,66.495867322845,66.495867322845
A6,T2_ctrl_A,T2,ctrl,A,10,WN2086,0,0,0,0,0,0,0
A7,T2_ctrl_B,T2,ctrl,B,10,WN2086,0,0,0,0,0,0,0
A10,T2_pos-1_1,T2,pos-1,1,3,XZ1513,0.00462043282266857,0,0.0006976189252494,0.00462043282266857,0.00392281389741917,67.3360664192567,2.72751691986879
A11,T2_pos-1_2,T2,pos-1,2,3,XZ1513,0.0022101620630966,0,0.0006976189252494,0.0022101620630966,0.0015125431378472,66.2721905767392,1.66364107735123
A12,T2_pos-1_3,T2,pos-1,3,3,XZ1513,0,0,0.0006976189252494,0,-0.0006976189252494,0,-64.608549499388
A13,T2_pos-1_4,T2,pos-1,4,3,XZ1513,0,0,0.0006976189252494,0,-0.0006976189252494,0,-64.608549499388
A6,T2_ctrl_A,T2,ctrl,A,3,XZ1513,0,0,0.0006976189252494,0,-0.0006976189252494,0,-64.608549499388
A7,T2_ctrl_B,T2,ctrl,B,3,XZ1513,0.0013952378504988,0,0.0006976189252494,0.0013952378504988,0.0006976189252494,65.608549499388,1
A10,T2_pos-1_1,T2,pos-1,1,5,XZ1513,0.00398337371959457,0,0.000587487861601984,0.00398337371959457,0.00339588585799259,67.1220292552051,2.761359890698
A11,T2_pos-1_2,T2,pos-1,2,5,XZ1513,0.00157569697823913,0,0.000587487861601984,0.00157569697823913,0.000988209116637148,65.7840285329614,1.42335916845436
A12,T2_pos-1_3,T2,pos-1,3,5,XZ1513,0,0,0.000587487861601984,0,-0.000587487861601984,0,-64.3606693645071
A13,T2_pos-1_4,T2,pos-1,4,5,XZ1513,0,0,0.000587487861601984,0,-0.000587487861601984,0,-64.3606693645071
A6,T2_ctrl_A,T2,ctrl,A,5,XZ1513,0,0,0.000587487861601984,0,-0.000587487861601984,0,-64.3606693645071
A7,T2_ctrl_B,T2,ctrl,B,5,XZ1513,0.00117497572320397,0,0.000587487861601984,0.00117497572320397,0.000587487861601984,65.3606693645071,1
A10,T2_pos-1_1,T2,pos-1,1,10,XZ1513,0.00379460540249964,0,0.000663621582229291,0.00379460540249964,0.00313098382027035,67.0519882846155,2.51551715757852
A11,T2_pos-1_2,T2,pos-1,2,10,XZ1513,0.00190186179536017,0,0.000663621582229291,0.00190186179536017,0.00123824021313088,66.0554508278284,1.51897970079143
A12,T2_pos-1_3,T2,pos-1,3,10,XZ1513,0,0,0.000663621582229291,0,-0.000663621582229291,0,-64.536471127037
A13,T2_pos-1_4,T2,pos-1,4,10,XZ1513,0,0,0.000663621582229291,0,-0.000663621582229291,0,-64.536471127037
A6,T2_ctrl_A,T2,ctrl,A,10,XZ1513,0,0,0.000663621582229291,0,-0.000663621582229291,0,-64.536471127037
A7,T2_ctrl_B,T2,ctrl,B,10,XZ1513,0.00132724316445858,0,0.000663621582229291,0.00132724316445858,0.000663621582229291,65.536471127037,1
A10,T2_pos-1_1,T2,pos-1,1,3,XZ1514,0,4.31697776791288e-05,5.87120839474738e-05,-4.31697776791288e-05,-5.87120839474738e-05,-60.5942038889763,-61.0378396910436
A11,T2_pos-1_2,T2,pos-1,2,3,XZ1514,0,4.31697776791288e-05,5.87120839474738e-05,-4.31697776791288e-05,-5.87120839474738e-05,-60.5942038889763,-61.0378396910436
A12,T2_pos-1_3,T2,pos-1,3,3,XZ1514,0,4.31697776791288e-05,5.87120839474738e-05,-4.31697776791288e-05,-5.87120839474738e-05,-60.5942038889763,-61.0378396910436
A13,T2_pos-1_4,T2,pos-1,4,3,XZ1514,0,4.31697776791288e-05,5.87120839474738e-05,-4.31697776791288e-05,-5.87120839474738e-05,-60.5942038889763,-61.0378396910436
A6,T2_ctrl_A,T2,ctrl,A,3,XZ1514,0.000117424167894948,4.31697776791288e-05,5.87120839474738e-05,7.42543902158188e-05,5.87120839474738e-05,1.44363580206727,1
A7,T2_ctrl_B,T2,ctrl,B,3,XZ1514,0,4.31697776791288e-05,5.87120839474738e-05,-4.31697776791288e-05,-5.87120839474738e-05,-60.5942038889763,-61.0378396910436
A10,T2_pos-1_1,T2,pos-1,1,5,XZ1514,0,0,4.03049322142738e-05,0,-4.03049322142738e-05,0,-60.4951386216387
A11,T2_pos-1_2,T2,pos-1,2,5,XZ1514,0,0,4.03049322142738e-05,0,-4.03049322142738e-05,0,-60.4951386216387
A12,T2_pos-1_3,T2,pos-1,3,5,XZ1514,0,0,4.03049322142738e-05,0,-4.03049322142738e-05,0,-60.4951386216387
A13,T2_pos-1_4,T2,pos-1,4,5,XZ1514,0,0,4.03049322142738e-05,0,-4.03049322142738e-05,0,-60.4951386216387
A6,T2_ctrl_A,T2,ctrl,A,5,XZ1514,8.06098644285476e-05,0,4.03049322142738e-05,8.06098644285476e-05,4.03049322142738e-05,61.4951386216387,1
A7,T2_ctrl_B,T2,ctrl,B,5,XZ1514,0,0,4.03049322142738e-05,0,-4.03049322142738e-05,0,-60.4951386216387
A10,T2_pos-1_1,T2,pos-1,1,10,XZ1514,0,4.06641845792821e-05,6.9071076081305e-05,-4.06641845792821e-05,-6.9071076081305e-05,-60.5079409103889,-61.2722639259722
A11,T2_pos-1_2,T2,pos-1,2,10,XZ1514,0,4.06641845792821e-05,6.9071076081305e-05,-4.06641845792821e-05,-6.9071076081305e-05,-60.5079409103889,-61.2722639259722
A12,T2_pos-1_3,T2,pos-1,3,10,XZ1514,0,4.06641845792821e-05,6.9071076081305e-05,-4.06641845792821e-05,-6.9071076081305e-05,-60.5079409103889,-61.2722639259722
A13,T2_pos-1_4,T2,pos-1,4,10,XZ1514,0,4.06641845792821e-05,6.9071076081305e-05,-4.06641845792821e-05,-6.9071076081305e-05,-60.5079409103889,-61.2722639259722
A6,T2_ctrl_A,T2,ctrl,A,10,XZ1514,0.00013814215216261,4.06641845792821e-05,6.9071076081305e-05,9.74779675833279e-05,6.9071076081305e-05,1.76432301558329,1
A7,T2_ctrl_B,T2,ctrl,B,10,XZ1514,0,4.06641845792821e-05,6.9071076081305e-05,-4.06641845792821e-05,-6.9071076081305e-05,-60.5079409103889,-61.2722639259722
A10,T2_pos-1_1,T2,pos-1,1,3,XZ1515,0,0,0,0,0,0,0
A11,T2_pos-1_2,T2,pos-1,2,3,XZ1515,0.00250407631328762,0,0,0.00250407631328762,0.00250407631328762,66.4523169456674,66.4523169456674
A12,T2_pos-1_3,T2,pos-1,3,3,XZ1515,8.44215197118412e-05,0,0,8.44215197118412e-05,8.44215197118412e-05,61.5617930260883,61.5617930260883
A13,T2_pos-1_4,T2,pos-1,4,3,XZ1515,0,0,0,0,0,0,0
A6,T2_ctrl_A,T2,ctrl,A,3,XZ1515,0,0,0,0,0,0,0
A7,T2_ctrl_B,T2,ctrl,B,3,XZ1515,0,0,0,0,0,0,0
A10,T2_pos-1_1,T2,pos-1,1,5,XZ1515,0,0,0,0,0,0,0
A11,T2_pos-1_2,T2,pos-1,2,5,XZ1515,0.00279960926489693,0,0,0.00279960926489693,0.00279960926489693,66.6132639032474,66.6132639032474
A12,T2_pos-1_3,T2,pos-1,3,5,XZ1515,0,0,0,0,0,0,0
A13,T2_pos-1_4,T2,pos-1,4,5,XZ1515,0,0,0,0,0,0,0
A6,T2_ctrl_A,T2,ctrl,A,5,XZ1515,0,0,0,0,0,0,0
A7,T2_ctrl_B,T2,ctrl,B,5,XZ1515,0,0,0,0,0,0,0
A10,T2_pos-1_1,T2,pos-1,1,10,XZ1515,0,0,0,0,0,0,0
A11,T2_pos-1_2,T2,pos-1,2,10,XZ1515,0.000624406985306787,0,0,0.000624406985306787,0.000624406985306787,64.4485969977959,64.4485969977959
A12,T2_pos-1_3,T2,pos-1,3,10,XZ1515,0,0,0,0,0,0,0
A13,T2_pos-1_4,T2,pos-1,4,10,XZ1515,0,0,0,0,0,0,0
A6,T2_ctrl_A,T2,ctrl,A,10,XZ1515,0,0,0,0,0,0,0
A7,T2_ctrl_B,T2,ctrl,B,10,XZ1515,0,0,0,0,0,0,0
A10,T2_pos-1_1,T2,pos-1,1,3,XZ1516,0.000220792524435584,0,0.000135731445264592,0.000220792524435584,8.5061079170992e-05,62.9488016471712,0.701936333890231
A11,T2_pos-1_2,T2,pos-1,2,3,XZ1516,3.48726404581506e-05,0,0.000135731445264592,3.48726404581506e-05,-0.000100858804806441,60.2862778309778,-1.96058748230318
A12,T2_pos-1_3,T2,pos-1,3,3,XZ1516,0,0,0.000135731445264592,0,-0.000135731445264592,0,-62.246865313281
A13,T2_pos-1_4,T2,pos-1,4,3,XZ1516,9.77282802295351e-05,0,0.000135731445264592,9.77282802295351e-05,-3.80031650350564e-05,61.7729583300091,-0.473906983271865
A6,T2_ctrl_A,T2,ctrl,A,3,XZ1516,6.6843073665888e-05,0,0.000135731445264592,6.6843073665888e-05,-6.88883715987035e-05,61.224960300741,-1.02190501254001
A7,T2_ctrl_B,T2,ctrl,B,3,XZ1516,0.000204619816863295,0,0.000135731445264592,0.000204619816863295,6.88883715987035e-05,62.839056193682,0.592190880401025
A10,T2_pos-1_1,T2,pos-1,1,5,XZ1516,0.00021216446774055,0,0.000137565003379141,0.00021216446774055,7.45994643614082e-05,62.8912933818355,0.625069566809126
A11,T2_pos-1_2,T2,pos-1,2,5,XZ1516,2.81593267664942e-05,0,0.000137565003379141,2.81593267664942e-05,-0.000109405676612647,59.9777950683389,-2.28842874668749
A12,T2_pos-1_3,T2,pos-1,3,5,XZ1516,0,0,0.000137565003379141,0,-0.000137565003379141,0,-62.2662238150264
A13,T2_pos-1_4,T2,pos-1,4,5,XZ1516,9.62124412106283e-05,0,0.000137565003379141,9.62124412106283e-05,-4.13525621685132e-05,61.7504056865726,-0.515818128453806
A6,T2_ctrl_A,T2,ctrl,A,5,XZ1516,7.11295536905858e-05,0,0.000137565003379141,7.11295536905858e-05,-6.64354496885557e-05,61.3146313371577,-0.951592477868637
A7,T2_ctrl_B,T2,ctrl,B,5,XZ1516,0.000204000453067697,0,0.000137565003379141,0.000204000453067697,6.64354496885557e-05,62.8346826771118,0.568458862085465
A10,T2_pos-1_1,T2,pos-1,1,10,XZ1516,0.000201005137276358,0,0.000109771296869685,0.000201005137276358,9.1233840406673e-05,62.8133426949906,0.872731508156587
A11,T2_pos-1_2,T2,pos-1,2,10,XZ1516,0,0,0.000109771296869685,0,-0.000109771296869685,0,-61.940611186834
A12,T2_pos-1_3,T2,pos-1,3,10,XZ1516,0,0,0.000109771296869685,0,-0.000109771296869685,0,-61.940611186834
A13,T2_pos-1_4,T2,pos-1,4,10,XZ1516,8.7390343190955e-05,0,0.000109771296869685,8.7390343190955e-05,-2.23809536787304e-05,61.6116560937447,-0.328955093089335
A6,T2_ctrl_A,T2,ctrl,A,10,XZ1516,5.58258824979331e-05,0,0.000109771296869685,5.58258824979331e-05,-5.39454143717524e-05,60.9651163783336,-0.975494808500368
A7,T2_ctrl_B,T2,ctrl,B,10,XZ1516,0.000163716711241438,0,0.000109771296869685,0.000163716711241438,5.39454143717524e-05,62.5173119119828,0.576700725148785
A10,T2_pos-1_1,T2,pos-1,1,3,XZ1672,0,0.00391393210534188,0,-0.00391393210534188,0,-67.0966571455652,0
A11,T2_pos-1_2,T2,pos-1,2,3,XZ1672,0,0.00391393210534188,0,-0.00391393210534188,0,-67.0966571455652,0
A12,T2_pos-1_3,T2,pos-1,3,3,XZ1672,0,0.00391393210534188,0,-0.00391393210534188,0,-67.0966571455652,0
A13,T2_pos-1_4,T2,pos-1,4,3,XZ1672,0.000506864464957787,0.00391393210534188,0,-0.0034070676403841,0.000506864464957787,-2.94894680114567,64.1477103444195
A6,T2_ctrl_A,T2,ctrl,A,3,XZ1672,0,0.00391393210534188,0,-0.00391393210534188,0,-67.0966571455652,0
A7,T2_ctrl_B,T2,ctrl,B,3,XZ1672,0,0.00391393210534188,0,-0.00391393210534188,0,-67.0966571455652,0
A10,T2_pos-1_1,T2,pos-1,1,5,XZ1672,0,0.00366192175352921,0,-0.00366192175352921,0,-67.000639380233,0
A11,T2_pos-1_2,T2,pos-1,2,5,XZ1672,0,0.00366192175352921,0,-0.00366192175352921,0,-67.000639380233,0
A12,T2_pos-1_3,T2,pos-1,3,5,XZ1672,0,0.00366192175352921,0,-0.00366192175352921,0,-67.000639380233,0
A13,T2_pos-1_4,T2,pos-1,4,5,XZ1672,0.00117803862642381,0.00366192175352921,0,-0.0024838831271054,0.00117803862642381,-1.63621412041444,65.3644252598185
A6,T2_ctrl_A,T2,ctrl,A,5,XZ1672,0,0.00366192175352921,0,-0.00366192175352921,0,-67.000639380233,0
A7,T2_ctrl_B,T2,ctrl,B,5,XZ1672,0,0.00366192175352921,0,-0.00366192175352921,0,-67.000639380233,0
A10,T2_pos-1_1,T2,pos-1,1,10,XZ1672,0,0.00467193866539377,0,-0.00467193866539377,0,-67.3520597499064,0
A11,T2_pos-1_2,T2,pos-1,2,10,XZ1672,0,0.00467193866539377,0,-0.00467193866539377,0,-67.3520597499064,0
A12,T2_pos-1_3,T2,pos-1,3,10,XZ1672,0,0.00467193866539377,0,-0.00467193866539377,0,-67.3520597499064,0
A13,T2_pos-1_4,T2,pos-1,4,10,XZ1672,0.000896555476477404,0.00467193866539377,0,-0.00377538318891637,0.000896555476477404,-2.38155657309593,64.9705031768105
A6,T2_ctrl_A,T2,ctrl,A,10,XZ1672,0,0.00467193866539377,0,-0.00467193866539377,0,-67.3520597499064,0
A7,T2_ctrl_B,T2,ctrl,B,10,XZ1672,0,0.00467193866539377,0,-0.00467193866539377,0,-67.3520597499064,0
A10,T2_pos-1_1,T2,pos-1,1,3,XZ1734,0.00572428956585217,0.00337691436322222,0.000433162666094111,0.00234737520262995,0.00529112689975806,0.761391059491233,3.72411584449914
A11,T2_pos-1_2,T2,pos-1,2,3,XZ1734,0.012227928421535,0.00337691436322222,0.000433162666094111,0.00885101405831273,0.0117947657554408,1.85640251334503,4.81912729835294
A12,T2_pos-1_3,T2,pos-1,3,3,XZ1734,0.00703262626867897,0.00337691436322222,0.000433162666094111,0.00365571190545674,0.00659946360258485,1.05835795710648,4.02108274211438
A13,T2_pos-1_4,T2,pos-1,4,3,XZ1734,0.00886104957032126,0.00337691436322222,0.000433162666094111,0.00548413520709903,0.00842788690422714,1.39177199889051,4.35449678389842
A6,T2_ctrl_A,T2,ctrl,A,3,XZ1734,0.000866325332188221,0.00337691436322222,0.000433162666094111,-0.002510589031034,0.000433162666094111,-1.9627247850079,1
A7,T2_ctrl_B,T2,ctrl,B,3,XZ1734,0,0.00337691436322222,0.000433162666094111,-0.00337691436322222,-0.000433162666094111,-66.883744009515,-63.9210192245071
A10,T2_pos-1_1,T2,pos-1,1,5,XZ1734,0.00564783304547015,0.00304040011688463,0.000449543205332834,0.00260743292858552,0.00519828984013732,0.893436247063974,3.6511657579158
A11,T2_pos-1_2,T2,pos-1,2,5,XZ1734,0.0121737440271593,0.00304040011688463,0.000449543205332834,0.00913334391027466,0.0117242008218265,2.00143983617751,4.75916934702934
A12,T2_pos-1_3,T2,pos-1,3,5,XZ1734,0.00727505952797133,0.00304040011688463,0.000449543205332834,0.0042346594110867,0.0068255163226385,1.25869785794225,4.01642736879408
A13,T2_pos-1_4,T2,pos-1,4,5,XZ1734,0.0087693367327193,0.00304040011688463,0.000449543205332834,0.00572893661583467,0.00831979352738647,1.52820653386539,4.28593604471722
A6,T2_ctrl_A,T2,ctrl,A,5,XZ1734,0.000899086410665669,0.00304040011688463,0.000449543205332834,-0.00214131370621896,0.000449543205332834,-1.75772951085183,1
A7,T2_ctrl_B,T2,ctrl,B,5,XZ1734,0,0.00304040011688463,0.000449543205332834,-0.00304040011688463,-0.000449543205332834,-66.7322996106344,-63.9745700997826
A10,T2_pos-1_1,T2,pos-1,1,10,XZ1734,0.00616841571992974,0.00287477246349168,3.90616625794599e-05,0.00329364325643805,0.00612935405735028,1.10145222672453,7.30300283274823
A11,T2_pos-1_2,T2,pos-1,2,10,XZ1734,0.0115662634521352,0.00287477246349168,3.90616625794599e-05,0.00869149098864353,0.0115272017895558,2.00840319154517,8.20995379756886
A12,T2_pos-1_3,T2,pos-1,3,10,XZ1734,0.00630479844797738,0.00287477246349168,3.90616625794599e-05,0.0034300259844857,0.00626573678539792,1.13300247903138,7.33455308505507
A13,T2_pos-1_4,T2,pos-1,4,10,XZ1734,0.00831688378198162,0.00287477246349168,3.90616625794599e-05,0.00544211131848993,0.00827782211940216,1.53259530017331,7.734145906197
A6,T2_ctrl_A,T2,ctrl,A,10,XZ1734,7.81233251589198e-05,0.00287477246349168,3.90616625794599e-05,-0.00279664913833276,3.90616625794599e-05,-5.20155060602369,1
A7,T2_ctrl_B,T2,ctrl,B,10,XZ1734,0,0.00287477246349168,3.90616625794599e-05,-0.00287477246349168,-3.90616625794599e-05,-66.6514861878281,-60.4499355818044
A10,T2_pos-1_1,T2,pos-1,1,3,XZ1735,0,0,0,0,0,0,0
A11,T2_pos-1_2,T2,pos-1,2,3,XZ1735,0,0,0,0,0,0,0
A12,T2_pos-1_3,T2,pos-1,3,3,XZ1735,0,0,0,0,0,0,0
A13,T2_pos-1_4,T2,pos-1,4,3,XZ1735,0,0,0,0,0,0,0
A6,T2_ctrl_A,T2,ctrl,A,3,XZ1735,0,0,0,0,0,0,0
A7,T2_ctrl_B,T2,ctrl,B,3,XZ1735,0,0,0,0,0,0,0
A10,T2_pos-1_1,T2,pos-1,1,5,XZ1735,0,0,0.000352693394880949,0,-0.000352693394880949,0,-63.6245248785352
A11,T2_pos-1_2,T2,pos-1,2,5,XZ1735,0,0,0.000352693394880949,0,-0.000352693394880949,0,-63.6245248785352
A12,T2_pos-1_3,T2,pos-1,3,5,XZ1735,0.000376033130974172,0,0.000352693394880949,0.000376033130974172,2.33397360932231e-05,63.7169700991644,0.0924452206292228
A13,T2_pos-1_4,T2,pos-1,4,5,XZ1735,0,0,0.000352693394880949,0,-0.000352693394880949,0,-63.6245248785352
A6,T2_ctrl_A,T2,ctrl,A,5,XZ1735,0.00045253670145013,0,0.000352693394880949,0.00045253670145013,9.98433065691812e-05,63.9841451226238,0.3596202440886
A7,T2_ctrl_B,T2,ctrl,B,5,XZ1735,0.000252850088311768,0,0.000352693394880949,0.000252850088311768,-9.98433065691811e-05,63.1443926031569,-0.480132275378308
A10,T2_pos-1_1,T2,pos-1,1,10,XZ1735,0,0,0,0,0,0,0
A11,T2_pos-1_2,T2,pos-1,2,10,XZ1735,0,0,0,0,0,0,0
A12,T2_pos-1_3,T2,pos-1,3,10,XZ1735,0.000994213360042348,0,0,0.000994213360042348,0.000994213360042348,65.1196658108694,65.1196658108694
A13,T2_pos-1_4,T2,pos-1,4,10,XZ1735,0,0,0,0,0,0,0
A6,T2_ctrl_A,T2,ctrl,A,10,XZ1735,0,0,0,0,0,0,0
A7,T2_ctrl_B,T2,ctrl,B,10,XZ1735,0,0,0,0,0,0,0
A10,T2_pos-1_1,T2,pos-1,1,3,XZ1756,0,0,0.000737432823321003,0,-0.000737432823321003,0,-64.6886219533893
A11,T2_pos-1_2,T2,pos-1,2,3,XZ1756,0,0,0.000737432823321003,0,-0.000737432823321003,0,-64.6886219533893
A12,T2_pos-1_3,T2,pos-1,3,3,XZ1756,0,0,0.000737432823321003,0,-0.000737432823321003,0,-64.6886219533893
A13,T2_pos-1_4,T2,pos-1,4,3,XZ1756,0,0,0.000737432823321003,0,-0.000737432823321003,0,-64.6886219533893
A6,T2_ctrl_A,T2,ctrl,A,3,XZ1756,0.000154399605758788,0,0.000737432823321003,0.000154399605758788,-0.000583033217562215,62.432779389667,-2.25584256372231
A7,T2_ctrl_B,T2,ctrl,B,3,XZ1756,0.00132046604088322,0,0.000737432823321003,0.00132046604088322,0.000583033217562215,65.5290856151337,0.840463661744351
A10,T2_pos-1_1,T2,pos-1,1,5,XZ1756,0,0,0.000791063564462429,0,-0.000791063564462429,0,-64.7899039452791
A11,T2_pos-1_2,T2,pos-1,2,5,XZ1756,0,0,0.000791063564462429,0,-0.000791063564462429,0,-64.7899039452791
A12,T2_pos-1_3,T2,pos-1,3,5,XZ1756,0,0,0.000791063564462429,0,-0.000791063564462429,0,-64.7899039452791
A13,T2_pos-1_4,T2,pos-1,4,5,XZ1756,0,0,0.000791063564462429,0,-0.000791063564462429,0,-64.7899039452791
A6,T2_ctrl_A,T2,ctrl,A,5,XZ1756,0.000193584297216085,0,0.000791063564462429,0.000193584297216085,-0.000597479267246344,62.7590722525154,-2.03083169276366
A7,T2_ctrl_B,T2,ctrl,B,5,XZ1756,0.00138854283170877,0,0.000791063564462429,0.00138854283170877,0.000597479267246344,65.6016100956545,0.811706150375424
A10,T2_pos-1_1,T2,pos-1,1,10,XZ1756,0,0,0.000698824550456341,0,-0.000698824550456341,0,-64.6110406133781
A11,T2_pos-1_2,T2,pos-1,2,10,XZ1756,0,0,0.000698824550456341,0,-0.000698824550456341,0,-64.6110406133781
A12,T2_pos-1_3,T2,pos-1,3,10,XZ1756,0,0,0.000698824550456341,0,-0.000698824550456341,0,-64.6110406133781
A13,T2_pos-1_4,T2,pos-1,4,10,XZ1756,0,0,0.000698824550456341,0,-0.000698824550456341,0,-64.6110406133781
A6,T2_ctrl_A,T2,ctrl,A,10,XZ1756,0,0,0.000698824550456341,0,-0.000698824550456341,0,-64.6110406133781
A7,T2_ctrl_B,T2,ctrl,B,10,XZ1756,0.00139764910091268,0,0.000698824550456341,0.00139764910091268,0.000698824550456341,65.6110406133781,1
A10,T2_pos-1_1,T2,pos-1,1,3,XZ2018,0,0.0015171239354149,0.00192285968865576,-0.0015171239354149,-0.00192285968865576,-65.7293773613366,-66.0712919085523
A11,T2_pos-1_2,T2,pos-1,2,3,XZ2018,0,0.0015171239354149,0.00192285968865576,-0.0015171239354149,-0.00192285968865576,-65.7293773613366,-66.0712919085523
A12,T2_pos-1_3,T2,pos-1,3,3,XZ2018,0,0.0015171239354149,0.00192285968865576,-0.0015171239354149,-0.00192285968865576,-65.7293773613366,-66.0712919085523
A13,T2_pos-1_4,T2,pos-1,4,3,XZ2018,0,0.0015171239354149,0.00192285968865576,-0.0015171239354149,-0.00192285968865576,-65.7293773613366,-66.0712919085523
A6,T2_ctrl_A,T2,ctrl,A,3,XZ2018,0.00384571937731152,0.0015171239354149,0.00192285968865576,0.00232859544189662,0.00192285968865576,1.34191454721575,1
A7,T2_ctrl_B,T2,ctrl,B,3,XZ2018,0,0.0015171239354149,0.00192285968865576,-0.0015171239354149,-0.00192285968865576,-65.7293773613366,-66.0712919085523
A10,T2_pos-1_1,T2,pos-1,1,5,XZ2018,0,0.00168208551315952,0.00208297204445515,-0.00168208551315952,-0.00208297204445515,-65.8782894662798,-66.1866818928098
A11,T2_pos-1_2,T2,pos-1,2,5,XZ2018,0,0.00168208551315952,0.00208297204445515,-0.00168208551315952,-0.00208297204445515,-65.8782894662798,-66.1866818928098
A12,T2_pos-1_3,T2,pos-1,3,5,XZ2018,0,0.00168208551315952,0.00208297204445515,-0.00168208551315952,-0.00208297204445515,-65.8782894662798,-66.1866818928098
A13,T2_pos-1_4,T2,pos-1,4,5,XZ2018,0,0.00168208551315952,0.00208297204445515,-0.00168208551315952,-0.00208297204445515,-65.8782894662798,-66.1866818928098
A6,T2_ctrl_A,T2,ctrl,A,5,XZ2018,0.0041659440889103,0.00168208551315952,0.00208297204445515,0.00248385857575078,0.00208297204445515,1.30839242652998,1
A7,T2_ctrl_B,T2,ctrl,B,5,XZ2018,0,0.00168208551315952,0.00208297204445515,-0.00168208551315952,-0.00208297204445515,-65.8782894662798,-66.1866818928098
A10,T2_pos-1_1,T2,pos-1,1,10,XZ2018,0,0.00331624814274285,0.00225377269042422,-0.00331624814274285,-0.00225377269042422,-66.8575903781717,-66.300380432122
A11,T2_pos-1_2,T2,pos-1,2,10,XZ2018,0,0.00331624814274285,0.00225377269042422,-0.00331624814274285,-0.00225377269042422,-66.8575903781717,-66.300380432122
A12,T2_pos-1_3,T2,pos-1,3,10,XZ2018,0,0.00331624814274285,0.00225377269042422,-0.00331624814274285,-0.00225377269042422,-66.8575903781717,-66.300380432122
A13,T2_pos-1_4,T2,pos-1,4,10,XZ2018,0,0.00331624814274285,0.00225377269042422,-0.00331624814274285,-0.00225377269042422,-66.8575903781717,-66.300380432122
A6,T2_ctrl_A,T2,ctrl,A,10,XZ2018,0.00450754538084843,0.00331624814274285,0.00225377269042422,0.00119129723810559,0.00225377269042422,0.442790053950272,1
A7,T2_ctrl_B,T2,ctrl,B,10,XZ2018,0,0.00331624814274285,0.00225377269042422,-0.00331624814274285,-0.00225377269042422,-66.8575903781717,-66.300380432122
A10,T2_pos-1_1,T2,pos-1,1,3,XZ2019,0.0128703239398895,0.0130561486813386,0.0110693852821859,-0.000185824741449113,0.0018009386577036,-0.0206810257377771,0.21747325901246
A11,T2_pos-1_2,T2,pos-1,2,3,XZ2019,0.0149429523949994,0.0130561486813386,0.0110693852821859,0.0018868037136608,0.0038735671128135,0.194735829041984,0.432890113792221
A12,T2_pos-1_3,T2,pos-1,3,3,XZ2019,0.0200249227719647,0.0130561486813386,0.0110693852821859,0.00696877409062611,0.00895553748977882,0.617067287056322,0.85522157180656
A13,T2_pos-1_4,T2,pos-1,4,3,XZ2019,0.0203195449519442,0.0130561486813386,0.0110693852821859,0.00726339627060555,0.00925015966975826,0.638138702198696,0.876292986948933
A6,T2_ctrl_A,T2,ctrl,A,3,XZ2019,0.0108179952386838,0.0130561486813386,0.0110693852821859,-0.00223815344265483,-0.000251390043502126,-0.271296224064707,-0.0331419393144697
A7,T2_ctrl_B,T2,ctrl,B,3,XZ2019,0.011320775325688,0.0130561486813386,0.0110693852821859,-0.00173537335565058,0.000251390043502128,-0.205756624320001,0.032397660430236
A10,T2_pos-1_1,T2,pos-1,1,5,XZ2019,0.0131789400098817,0.0131121035848416,0.011080291718385,6.68364250400108e-05,0.00209864829149664,0.00733518137679644,0.250238473475361
A11,T2_pos-1_2,T2,pos-1,2,5,XZ2019,0.0151876548465404,0.0131121035848416,0.011080291718385,0.00207555126169872,0.00410736312815535,0.211999961066801,0.454903253165365
A12,T2_pos-1_3,T2,pos-1,3,5,XZ2019,0.0201255374864198,0.0131121035848416,0.011080291718385,0.0070134339015782,0.00904524576803482,0.618128156545507,0.861031448644071
A13,T2_pos-1_4,T2,pos-1,4,5,XZ2019,0.0204889981636822,0.0131121035848416,0.011080291718385,0.00737689457884056,0.00940870644529719,0.643950286815583,0.886853578914148
A6,T2_ctrl_A,T2,ctrl,A,5,XZ2019,0.0107562191612245,0.0131121035848416,0.011080291718385,-0.00235588442361715,-0.000324072557160519,-0.28572810082891,-0.0428248087303456
A7,T2_ctrl_B,T2,ctrl,B,5,XZ2019,0.0114043642755455,0.0131121035848416,0.011080291718385,-0.00170773930929611,0.000324072557160517,-0.201313129447173,0.0415901626513909
A10,T2_pos-1_1,T2,pos-1,1,10,XZ2019,0.0139176828327324,0.0131356766253741,0.0111329729923267,0.000782006207358355,0.00278470984040569,0.0834285192723105,0.322080128597712
A11,T2_pos-1_2,T2,pos-1,2,10,XZ2019,0.0157483957950363,0.0131356766253741,0.0111329729923267,0.00261271916966219,0.00461542280270953,0.261714360119172,0.500365969444574
A12,T2_pos-1_3,T2,pos-1,3,10,XZ2019,0.0199911954770634,0.0131356766253741,0.0111329729923267,0.00685551885168928,0.00885822248473661,0.605874231743751,0.844525841069153
A13,T2_pos-1_4,T2,pos-1,4,10,XZ2019,0.0206736663110402,0.0131356766253741,0.0111329729923267,0.00753798968566607,0.0095406933187134,0.654303745655964,0.892955354981366
A6,T2_ctrl_A,T2,ctrl,A,10,XZ2019,0.0106997182922913,0.0131356766253741,0.0111329729923267,-0.0024359583330828,-0.000433254700035472,-0.295917703233456,-0.0572660939080541
A7,T2_ctrl_B,T2,ctrl,B,10,XZ2019,0.0115662276923622,0.0131356766253741,0.0111329729923267,-0.00156944893301186,0.00043325470003547,-0.183572107981075,0.0550795013443266
A10,T2_pos-1_1,T2,pos-1,1,3,XZ2020,0,0.00636568554381921,0.00557138636308625,-0.00636568554381921,-0.00557138636308625,-67.7983543072629,-67.6060747828085
A11,T2_pos-1_2,T2,pos-1,2,3,XZ2020,0,0.00636568554381921,0.00557138636308625,-0.00636568554381921,-0.00557138636308625,-67.7983543072629,-67.6060747828085
A12,T2_pos-1_3,T2,pos-1,3,3,XZ2020,0.00215323890556702,0.00636568554381921,0.00557138636308625,-0.00421244663825219,-0.00341814745751923,-1.56380749368074,-1.37152796922628
A13,T2_pos-1_4,T2,pos-1,4,3,XZ2020,0.00271670713133751,0.00636568554381921,0.00557138636308625,-0.0036489784124817,-0.00285467923174874,-1.22845684420424,-1.03617731974979
A6,T2_ctrl_A,T2,ctrl,A,3,XZ2020,0.00372661290976983,0.00636568554381921,0.00557138636308625,-0.00263907263404938,-0.00184477345331642,-0.772450920141656,-0.580171395687205
A7,T2_ctrl_B,T2,ctrl,B,3,XZ2020,0.00741615981640267,0.00636568554381921,0.00557138636308625,0.00105047427258346,0.00184477345331642,0.220356442450999,0.41263596690545
A10,T2_pos-1_1,T2,pos-1,1,5,XZ2020,0.000304708619916125,0.00667966350579019,0.00569848826371196,-0.00637495488587406,-0.00539377964379584,-4.45427320925605,-4.22507702325255
A11,T2_pos-1_2,T2,pos-1,2,5,XZ2020,0,0.00667966350579019,0.00569848826371196,-0.00667966350579019,-0.00569848826371196,-67.8678138431322,-67.6386176571286
A12,T2_pos-1_3,T2,pos-1,3,5,XZ2020,0.00249285271463967,0.00667966350579019,0.00569848826371196,-0.00418681079115051,-0.00320563554907229,-1.42197778092324,-1.19278159491974
A13,T2_pos-1_4,T2,pos-1,4,5,XZ2020,0.00309306264315403,0.00667966350579019,0.00569848826371196,-0.00358660086263616,-0.00260542562055793,-1.11073937511107,-0.881543189107561
A6,T2_ctrl_A,T2,ctrl,A,5,XZ2020,0.00385780356982099,0.00667966350579019,0.00569848826371196,-0.0028218599359692,-0.00184068469389098,-0.791995740778357,-0.56279955477485
A7,T2_ctrl_B,T2,ctrl,B,5,XZ2020,0.00753917295760294,0.00667966350579019,0.00569848826371196,0.00085950945181275,0.00184068469389097,0.174630842024563,0.40382702802807
A10,T2_pos-1_1,T2,pos-1,1,10,XZ2020,0.00122962343568328,0.00707155962894748,0.00601580954277992,-0.0058419361932642,-0.00478618610709664,-2.5238118687304,-2.29054232573872
A11,T2_pos-1_2,T2,pos-1,2,10,XZ2020,0.000492708894495912,0.00707155962894748,0.00601580954277992,-0.00657885073445156,-0.00552310064828401,-3.84322101493378,-3.6099514719421
A12,T2_pos-1_3,T2,pos-1,3,10,XZ2020,0.00385195596703759,0.00707155962894748,0.00601580954277992,-0.00321960366190989,-0.00216385357574233,-0.876437224440002,-0.643167681448322
A13,T2_pos-1_4,T2,pos-1,4,10,XZ2020,0.00406938855267317,0.00707155962894748,0.00601580954277992,-0.0030021710762743,-0.00194642099010675,-0.797216397645456,-0.563946854653776
A6,T2_ctrl_A,T2,ctrl,A,10,XZ2020,0.00464218066507288,0.00707155962894748,0.00601580954277992,-0.00242937896387459,-0.00137362887770704,-0.607225765005333,-0.373956222013653
A7,T2_ctrl_B,T2,ctrl,B,10,XZ2020,0.00738943842048695,0.00707155962894748,0.00601580954277992,0.000317878791539478,0.00137362887770703,0.0634362913918754,0.296705834383555
A10,T2_pos-1_1,T2,pos-1,1,3,XZ2211,0,0,0.000229411479332572,0,-0.000229411479332572,0,-63.0040479038002
A11,T2_pos-1_2,T2,pos-1,2,3,XZ2211,0.00116259501481656,0,0.000229411479332572,0.00116259501481656,0.000933183535483989,65.3453870431447,2.34133913934447
A12,T2_pos-1_3,T2,pos-1,3,3,XZ2211,0.00111912106261304,0,0.000229411479332572,0.00111912106261304,0.000889709583280467,65.2904045261692,2.28635662236896
A13,T2_pos-1_4,T2,pos-1,4,3,XZ2211,0.00027645245623826,0,0.000229411479332572,0.00027645245623826,4.70409769056881e-05,63.2731417106822,0.269093806881936
A6,T2_ctrl_A,T2,ctrl,A,3,XZ2211,0.000458822958665144,0,0.000229411479332572,0.000458822958665144,0.000229411479332572,64.0040479038002,1
A7,T2_ctrl_B,T2,ctrl,B,3,XZ2211,0,0,0.000229411479332572,0,-0.000229411479332572,0,-63.0040479038002
A10,T2_pos-1_1,T2,pos-1,1,5,XZ2211,0,0,0.000188286622030949,0,-0.000188286622030949,0,-62.7190408193517
A11,T2_pos-1_2,T2,pos-1,2,5,XZ2211,0.00158137547244767,0,0.000188286622030949,0.00158137547244767,0.00139308885041673,65.7892183690497,3.07017754969798
A12,T2_pos-1_3,T2,pos-1,3,5,XZ2211,0.00161779676189847,0,0.000188286622030949,0.00161779676189847,0.00142951013986752,65.822068794157,3.10302797480523
A13,T2_pos-1_4,T2,pos-1,4,5,XZ2211,0.000371941842824116,0,0.000188286622030949,0.000371941842824116,0.000183655220793167,63.7011873786241,0.98214655927238
A6,T2_ctrl_A,T2,ctrl,A,5,XZ2211,0.000376573244061899,0,0.000188286622030949,0.000376573244061899,0.000188286622030949,63.7190408193517,1
A7,T2_ctrl_B,T2,ctrl,B,5,XZ2211,0,0,0.000188286622030949,0,-0.000188286622030949,0,-62.7190408193517
A10,T2_pos-1_1,T2,pos-1,1,10,XZ2211,0,0,0,0,0,0,0
A11,T2_pos-1_2,T2,pos-1,2,10,XZ2211,0.00160195118986355,0,0,0.00160195118986355,0.00160195118986355,65.8078686063794,65.8078686063794
A12,T2_pos-1_3,T2,pos-1,3,10,XZ2211,0.00194821181903882,0,0,0.00194821181903882,0.00194821181903882,66.0901889584463,66.0901889584463
A13,T2_pos-1_4,T2,pos-1,4,10,XZ2211,0.000325786493577091,0,0,0.000325786493577091,0.000325786493577091,63.510037114809,63.510037114809
A6,T2_ctrl_A,T2,ctrl,A,10,XZ2211,0,0,0,0,0,0,0
A7,T2_ctrl_B,T2,ctrl,B,10,XZ2211,0,0,0,0,0,0,0
