chrom	marker	physical.position	LOD
IV	IV:5598244-5905679	5754118	168.460753843912
I	I:7309865-10300142	9681496	39.0711377758988
II	II:14539280-15242948	15242948	31.1509949997118
V	V:146036-3758146	284869	30.6568127687936
