chrom	marker	physical.position	LOD
III	III:13769618-13783557	13783557	139.716308730874
IV	IV:5294303-7170008	6418023	56.7000979266204
I	I:539093-1202626	964967	14.4434181248204
X	X:6260237-7657931	6904461	9.3527888674355
II	II:2842494-15242948	15242948	7.21469967229915
V	V:7651057-15450966	14534981	5.50079307357236
