chrom	marker	physical.position	LOD
III	III:471894-831040	644433	70.2087911260375
V	V:1512914-1746901	1665116	39.5709605655507
IV	IV:579307-3756994	3644934	17.5032821097866
I	I:6761331-10955614	7650855	16.550105202268
II	II:10547441-12726298	11364085	15.5932656821912
