strain,sim_0001,sim_0002,sim_0003,sim_0004,sim_0005,sim_0006,sim_0007,sim_0008,sim_0009,sim_0010,sim_0011,sim_0012,sim_0013,sim_0014,sim_0015,sim_0016,sim_0017,sim_0018,sim_0019,sim_0020,sim_0021,sim_0022,sim_0023,sim_0024,sim_0025,sim_0026,sim_0027,sim_0028,sim_0029,sim_0030,sim_0031,sim_0032,sim_0033,sim_0034,sim_0035,sim_0036,sim_0037,sim_0038,sim_0039,sim_0040,sim_0041,sim_0042,sim_0043,sim_0044,sim_0045,sim_0046,sim_0047,sim_0048,sim_0049,sim_0050,sim_0051,sim_0052,sim_0053,sim_0054,sim_0055,sim_0056,sim_0057,sim_0058,sim_0059,sim_0060,sim_0061,sim_0062,sim_0063,sim_0064,sim_0065,sim_0066,sim_0067,sim_0068,sim_0069,sim_0070,sim_0071,sim_0072,sim_0073,sim_0074,sim_0075,sim_0076,sim_0077,sim_0078,sim_0079,sim_0080,sim_0081,sim_0082,sim_0083,sim_0084,sim_0085,sim_0086,sim_0087,sim_0088,sim_0089,sim_0090,sim_0091,sim_0092,sim_0093,sim_0094,sim_0095,sim_0096,sim_0097,sim_0098,sim_0099,sim_0100,sim_0101,sim_0102,sim_0103,sim_0104,sim_0105,sim_0106,sim_0107,sim_0108,sim_0109,sim_0110,sim_0111,sim_0112,sim_0113,sim_0114,sim_0115,sim_0116,sim_0117,sim_0118,sim_0119,sim_0120,sim_0121,sim_0122,sim_0123,sim_0124,sim_0125,sim_0126,sim_0127,sim_0128,sim_0129,sim_0130,sim_0131,sim_0132,sim_0133,sim_0134,sim_0135,sim_0136,sim_0137,sim_0138,sim_0139,sim_0140,sim_0141,sim_0142,sim_0143,sim_0144,sim_0145,sim_0146,sim_0147,sim_0148,sim_0149,sim_0150,sim_0151,sim_0152,sim_0153,sim_0154,sim_0155,sim_0156,sim_0157,sim_0158,sim_0159,sim_0160,sim_0161,sim_0162,sim_0163,sim_0164,sim_0165,sim_0166,sim_0167,sim_0168,sim_0169,sim_0170,sim_0171,sim_0172,sim_0173,sim_0174,sim_0175,sim_0176,sim_0177,sim_0178,sim_0179,sim_0180,sim_0181,sim_0182,sim_0183,sim_0184,sim_0185,sim_0186,sim_0187,sim_0188,sim_0189,sim_0190,sim_0191,sim_0192,sim_0193,sim_0194,sim_0195,sim_0196,sim_0197,sim_0198,sim_0199,sim_0200,sim_0201,sim_0202,sim_0203,sim_0204,sim_0205,sim_0206,sim_0207,sim_0208,sim_0209,sim_0210,sim_0211,sim_0212,sim_0213,sim_0214,sim_0215,sim_0216,sim_0217,sim_0218,sim_0219,sim_0220,sim_0221,sim_0222,sim_0223,sim_0224,sim_0225,sim_0226,sim_0227,sim_0228,sim_0229,sim_0230,sim_0231,sim_0232,sim_0233,sim_0234,sim_0235,sim_0236,sim_0237,sim_0238,sim_0239,sim_0240,sim_0241,sim_0242,sim_0243,sim_0244,sim_0245,sim_0246,sim_0247,sim_0248,sim_0249,sim_0250,sim_0251,sim_0252,sim_0253,sim_0254,sim_0255,sim_0256,sim_0257,sim_0258,sim_0259,sim_0260,sim_0261,sim_0262,sim_0263,sim_0264,sim_0265,sim_0266,sim_0267,sim_0268,sim_0269,sim_0270,sim_0271,sim_0272,sim_0273,sim_0274,sim_0275,sim_0276,sim_0277,sim_0278,sim_0279,sim_0280,sim_0281,sim_0282,sim_0283,sim_0284,sim_0285,sim_0286,sim_0287,sim_0288,sim_0289,sim_0290,sim_0291,sim_0292,sim_0293,sim_0294,sim_0295,sim_0296,sim_0297,sim_0298,sim_0299,sim_0300,sim_0301,sim_0302,sim_0303,sim_0304,sim_0305,sim_0306,sim_0307,sim_0308,sim_0309,sim_0310,sim_0311,sim_0312,sim_0313,sim_0314,sim_0315,sim_0316,sim_0317,sim_0318,sim_0319,sim_0320,sim_0321,sim_0322,sim_0323,sim_0324,sim_0325,sim_0326,sim_0327,sim_0328,sim_0329,sim_0330,sim_0331,sim_0332,sim_0333,sim_0334,sim_0335,sim_0336,sim_0337,sim_0338,sim_0339
CB4854,-1.364269,-0.815473,-0.081755,-0.276393,-0.167538,-1.102245,0.571955,-0.174381,-0.966941,0.448818,0.066045,-0.091309,0.595211,1.624736,-0.267031,-0.858834,-1.454935,0.180669,-0.365557,2.324603,1.085618,1.256249,0.379643,1.917765,0.081702,1.640469,1.881323,0.043147,-1.434292,1.532773,-0.583825,-1.112037,-0.558252,0.826285,-0.00406,-0.284003,0.419026,0.944462,0.189308,0.752248,0.54075,-0.087343,0.687135,-1.175979,0.042328,-0.413516,0.666291,1.354649,0.328517,-1.160416,-0.122017,-1.485983,-1.319588,-0.563535,-0.638342,0.95799,-1.073291,2.598077,-0.533715,0.587813,-0.142641,-1.157194,-0.176148,0.414807,-0.823037,-0.624331,-0.063375,0.098532,0.034122,-1.091073,-0.258583,-0.568947,-0.584613,-0.695644,-1.052192,0.604222,-0.19846,-0.796353,-0.011839,-1.643535,-0.426987,0.519854,0.155462,0.762983,-0.452558,-0.775249,-1.303976,0.737032,0.346227,-0.113165,1.42109,1.334485,-0.703011,-0.439621,0.481674,0.522698,-0.577666,-1.162633,-0.058356,0.880061,-0.799399,0.097876,-0.431016,-0.838188,-0.355871,-1.049005,-0.322632,-0.099216,-0.589831,-1.489216,2.458807,-0.447564,1.046189,-0.875708,-0.320913,-1.599048,-0.920082,0.326528,0.156837,0.580812,-0.869093,0.68379,-1.408923,-1.914054,-0.220255,-0.370249,-0.883996,1.541603,1.079384,-0.584935,-2.008486,-1.219194,0.550382,0.344878,-1.348034,1.141833,0.233554,0.312432,0.150051,-0.429778,-1.354589,-0.534728,0.907876,-0.758361,0.977727,0.582936,-0.149277,-0.015107,-1.452616,-0.1754,0.564117,-0.509468,-0.269325,-0.850463,-1.610574,0.726724,-1.659823,0.804862,-0.73478,0.962518,-1.133128,-1.878207,0.013999,-0.506788,0.98049,-1.070658,-0.595853,-0.806608,-0.023348,-0.9086,-0.208172,-0.232317,-1.995398,-2.517391,-0.890952,-1.785558,-0.266194,0.162442,-0.739606,0.212712,1.047282,0.199937,-0.309476,-1.32049,0.693551,0.130444,0.5154,0.733942,1.014336,-1.844744,-0.850301,0.42773,-0.063683,-1.137729,0.368078,-0.411686,-0.000994,-1.509345,-0.432507,0.494823,-1.057279,0.535221,-0.865682,0.012545,-0.362539,-1.261114,-0.806531,-0.434779,0.051638,-1.792747,1.206465,-0.601727,-0.671015,0.209479,-0.830148,-0.703687,-0.092349,1.485962,-1.062667,-2.330955,-1.549401,0.160328,-0.111133,0.15724,-0.367002,-0.99412,-0.130431,0.391147,-0.930101,-0.741523,0.893953,-1.936427,-0.340995,0.115414,-0.171884,1.392776,-0.188161,-1.632755,-0.657977,0.294173,-0.05692,-0.588104,-1.78828,1.995779,-0.261855,0.274648,-0.380252,0.422474,1.416877,-1.294811,1.348402,1.000865,-0.811914,-0.581772,0.478717,0.069667,-1.834736,-0.566144,-0.630336,-0.973392,0.031106,-0.058998,-0.238465,-0.487992,0.064643,-0.885095,-1.60371,-1.435886,-0.437808,0.117637,0.705161,-1.89941,0.819349,0.899644,1.784068,1.338842,-0.460759,1.070557,1.106514,1.764068,-0.430268,-0.067806,-0.506762,-0.701113,-0.368261,-0.948409,-0.313277,-0.586303,1.399307,-1.834316,1.932813,0.557393,0.348054,0.824744,0.901372,0.650653,0.153338,-0.691265,-0.000548,0.091792,0.480267,1.158459,-0.348519,0.447967,0.230996,0.435228,0.502901,-0.095765,-0.450288,-1.370151,0.780401,0.079952,1.45263,0.838254,2.640154,1.141779,0.649065,0.718765,0.921987,1.485982,0.754986,1.033383,0.282595,0.128126,0.054116,0.98467,-0.215832,1.225474,-0.840807,-0.937862,-0.616331,0.114081,-1.075931,0.006434,1.009938,-1.051247,0.493777,-0.679727,0.6731
CB4856,0.355633,0.526468,-1.922014,0.096187,-0.409561,-0.66963,-0.119518,-0.747647,-0.004928,1.14734,1.750188,-0.587877,-1.16091,-1.454657,-0.520871,-0.841645,-0.176639,0.037062,0.014595,-1.10981,0.954669,0.524477,0.031543,0.664632,1.925916,0.85465,0.90582,0.544081,1.693915,1.818586,-0.219206,1.164508,0.364464,0.113994,0.088474,0.954322,2.167171,0.652563,-0.33142,-0.67063,0.106535,-1.022625,-0.280676,0.033442,-0.471567,-0.377728,1.224563,-0.10792,-0.4255,-0.739688,-1.716062,-0.71779,0.045596,-1.895269,0.416173,-0.398653,0.540638,0.360538,0.23094,-1.133982,0.445735,0.474511,0.581876,0.910758,-0.189612,-0.356878,-0.645462,-0.312392,-0.687994,-0.805182,-1.284581,-0.139883,-0.448818,-0.393931,-0.043665,0.058921,2.109373,-1.238535,0.307531,-0.386018,0.616911,-0.555712,-0.096516,-1.227262,0.042383,1.64823,-0.158462,-0.504288,-0.633217,-0.665372,-0.086198,-0.340609,-1.230039,-0.536441,-1.169788,1.137759,0.103549,-0.607144,-0.639833,-2.316801,-2.070178,-1.702847,-1.461961,0.344041,-1.353475,0.613504,-1.034537,-0.829107,0.958549,1.417925,0.789279,0.101324,1.648319,0.379977,1.067742,1.795889,1.554623,-0.74662,-0.47065,-0.957894,-0.537699,-1.796489,0.640832,-1.016774,-2.386206,0.252226,-1.01514,-0.07133,0.279205,1.586004,-1.071869,1.127573,-0.207332,-1.877444,-0.485947,0.659576,0.617691,-1.192941,-1.374096,-1.234097,-0.419625,0.210159,-1.263816,-1.248142,-0.039707,-3.140949,-1.133349,-2.01425,-0.025725,-0.255576,0.592927,0.902012,0.329063,-0.512859,-0.020764,-1.731614,0.202976,-0.974639,0.605599,0.308121,0.803903,0.454594,1.915353,-1.409389,0.862117,0.959715,-0.485895,-2.270042,0.575842,0.090852,-0.090421,0.783814,0.416599,1.400374,0.070181,1.095623,-0.245138,1.68859,0.53758,0.481715,1.351538,0.610439,0.33934,0.948162,1.420804,0.889046,2.597623,1.385296,0.323148,-1.373251,1.149115,0.343789,-0.343752,-0.569505,-0.119385,-0.772171,-0.390985,-0.565245,-0.654128,1.229641,-0.50682,-1.788325,-0.136519,-0.702853,-0.210864,-1.096002,-1.546893,0.759497,0.197535,0.580308,2.284527,1.456349,1.057646,0.532038,1.475932,1.366695,0.800385,0.608682,1.604723,1.343359,-1.407412,1.564753,1.269259,1.167726,0.043984,1.367076,-0.340216,1.929073,0.728123,-1.147241,0.939237,0.927549,-0.029739,0.217111,0.725774,0.672741,-0.176314,0.205259,0.530939,1.576968,1.666417,-0.271765,0.811173,1.715626,-0.904893,-1.793343,0.252134,-0.607742,-1.280684,0.248575,-0.884013,-0.916934,-2.248106,1.161982,0.366816,0.586918,-3.136244,0.463403,-0.586231,-0.290976,0.37117,-0.634247,0.098438,-1.856392,-0.651865,-0.584552,-1.196661,-0.228082,-0.535826,-1.499883,-0.628592,-1.244254,0.138143,1.84462,-0.019555,-0.781771,-0.790875,-1.390403,-1.971198,0.627691,0.576484,-1.225853,-0.180716,-2.36009,0.927784,-0.590203,-0.360929,-1.239223,-0.382281,-0.295969,-1.696487,1.530388,0.740071,-0.093273,-0.995981,-0.657629,0.092999,-0.332334,-1.546214,-0.905318,-0.20403,-1.047123,-0.322638,-1.502418,-0.103638,-0.489153,0.14301,2.375861,-0.245898,0.24315,-0.542195,-0.773822,-0.070472,0.519138,0.751611,-1.193671,0.718074,-0.250019,0.150711,0.723049,-0.482852,-0.892259,-1.226735,-1.488286,-0.077661,1.802732,0.060709,-1.022664,1.076862,0.329004,-0.733278,-0.740248,-0.457082,-0.674079,1.727717,-0.34713,0.488354,0.176826,-0.255876
CX11254,-0.422528,-0.994674,-0.54584,1.181956,0.251642,-0.168238,-1.797229,-1.6156,-0.427925,-1.535633,0.413003,-0.834259,-0.760203,-0.519981,-1.683096,-1.438868,-0.851478,0.710836,0.645301,0.58341,0.694139,0.803346,0.359164,-0.924813,1.494054,0.454857,0.597402,0.402752,0.339297,0.703213,2.68212,-1.062336,0.523302,-0.020541,-0.149282,3.347921,-1.518107,0.124508,-0.25122,-1.034884,2.139696,-1.820073,1.176966,-0.299176,-1.930345,-2.443786,-0.274306,0.442599,0.633143,-1.476303,0.899278,-0.713026,-0.396341,-0.315229,0.31178,-0.256674,1.350086,-1.106419,0.008896,-1.273967,-0.654292,0.732702,0.204382,0.408389,-0.08472,2.953255,-0.062747,-0.990086,0.398969,0.029408,-1.242619,-1.646593,-0.762779,-0.244154,-0.785159,0.636523,-0.043292,-1.612576,0.446662,1.122977,0.516288,2.094773,0.245897,-0.726786,0.885947,0.726333,-0.893209,0.586347,-0.169467,0.989275,-0.430035,-0.624376,-0.399483,-1.075893,-0.910285,0.770134,1.11378,-0.693234,1.134534,-0.352529,1.655577,-0.470529,2.256816,1.351734,-0.656905,-0.862163,-1.208971,0.655794,-0.872793,-0.705933,-0.242338,-0.613214,-1.146075,-0.717836,-0.101285,-1.054411,-0.789732,0.100621,-1.040076,0.855358,-1.990647,0.142268,0.06277,-0.35625,0.203969,-0.80445,0.151435,0.95208,-0.790604,0.097909,0.549078,0.220379,-0.328588,0.844379,0.106481,0.45775,0.617409,-0.876361,-1.167974,0.599428,0.434722,1.187214,1.386834,-0.41725,-1.022335,0.041704,0.853509,0.796318,0.086569,1.197279,1.073996,1.258963,-0.73002,-0.58049,-0.879791,1.138215,0.357889,0.269717,-1.784137,-0.737502,-0.802559,-0.56294,0.390181,0.9899,-0.047781,0.701906,1.530711,-0.306132,0.435618,-1.373492,-0.674041,0.886907,-1.093218,0.826317,-0.59643,-0.802009,0.285048,0.525373,0.415686,-0.96349,0.196108,-0.023791,-2.401459,-0.57967,-0.755685,-1.988431,-1.852031,0.335955,-2.075799,-0.687441,0.808564,0.596616,-1.046766,-1.832349,-0.598284,-0.906331,-0.060912,0.213005,-2.466878,-1.01034,-0.888528,-1.406327,-0.792076,0.515502,-0.763045,-0.270333,0.688829,0.125174,-0.28581,-1.64641,0.301692,-1.188173,-1.249552,0.264107,0.261814,-1.249683,0.173603,-0.149473,0.044329,-0.279741,-0.975634,-1.612772,-1.226225,-0.259659,0.603102,0.436915,-0.346643,-1.411923,-0.460415,-0.222916,-0.758145,-0.194177,-0.64262,-1.12681,-0.159989,0.506467,-1.054548,-0.525321,1.393532,-0.542168,1.114644,0.84028,1.000334,1.838122,-0.419003,0.456134,-0.436822,0.730777,-0.639716,1.043668,1.326872,0.548886,-0.976342,1.060412,-2.000042,-0.923165,-1.14325,-1.069825,0.027521,0.697859,-1.173337,-2.089908,-0.15483,0.700243,1.483807,0.217259,-0.381739,-1.616726,-0.029436,-0.159186,-0.255555,1.267098,0.488324,-0.540545,-1.246001,0.830189,0.558982,-0.203854,-1.057448,0.009269,-1.959182,-1.076848,0.032851,1.20772,0.709615,-0.949741,-0.233151,0.406974,1.01144,-1.450974,-0.242775,0.280877,0.967678,1.461441,-1.296547,-0.623969,0.533291,-1.318692,-0.016209,0.214729,0.693242,0.987274,-2.124885,-0.300163,0.445243,-1.508416,-2.028908,0.19511,0.543951,-0.546336,0.000288,0.987155,-0.108367,0.725658,1.880126,-0.032271,0.156548,-1.159859,1.541574,-0.360963,-0.217295,0.333406,-0.41326,1.139997,-0.062083,-0.292644,0.841729,0.554322,-0.46578,-0.126035,-0.771458,-1.103176,-0.097922,-0.124972,0.742462,0.324156,-0.788025,-1.212759,-0.265394
CX11262,1.134349,-0.333652,-0.162046,-0.083945,-0.355353,1.123041,0.080798,1.094616,-0.3617,0.464508,0.193855,-0.366795,0.002961,0.076238,-0.702989,0.007234,-0.224098,1.17565,-1.004598,-0.275364,-1.642776,0.740669,-1.280424,-0.563705,0.136772,-0.342299,-1.610032,0.633745,-0.606153,-0.837182,-1.94464,0.420224,-0.259778,1.11043,0.913567,1.697647,1.319145,1.235593,1.622455,0.760917,1.012175,1.110778,2.049928,1.038919,2.200604,-1.699733,-0.852819,0.37957,-1.135586,1.691133,-1.863531,-0.14438,-0.115806,-0.934307,0.347352,-0.090823,-0.46433,-0.239567,0.657058,-0.195053,-0.052204,-2.000764,0.262869,0.650061,-1.324225,0.576987,-0.017498,-0.210427,0.6623,0.73693,-0.186029,-2.038033,-1.472184,1.917423,-0.344118,-0.41734,0.921493,-2.169851,-1.063751,1.43603,-1.051816,-0.536453,1.473699,-0.362022,-0.855812,0.673474,0.011715,2.379873,0.287651,2.066243,-1.106014,0.856746,-1.263842,0.599426,-0.849947,0.135206,0.237091,-0.758493,1.177527,0.704871,-1.44409,-0.389706,-0.439884,-0.203877,-1.773707,0.132546,-1.195775,-0.785021,-0.64058,0.340498,-0.343647,-1.507177,-1.985461,-0.159789,0.931965,-0.097951,0.791565,0.104454,0.943675,-0.106228,0.811862,0.507649,-0.431086,0.887448,1.905752,1.216063,-0.624828,0.101909,0.372622,-1.022561,0.65693,-0.00378,-0.034399,1.046902,-1.188395,-1.042444,1.219911,0.378458,0.771981,0.863097,-0.985828,2.009351,0.267702,-0.0313,0.904792,0.492725,0.503126,0.451164,0.735615,1.608628,1.057813,0.151149,-1.264087,0.321059,0.489625,-0.832831,1.538484,1.0924,-0.409738,1.521408,1.63766,0.21149,1.355603,1.793223,-0.04904,0.991334,1.425962,1.344956,0.411314,-0.197206,1.574126,0.469406,1.196678,-0.164253,0.153258,0.391878,-0.231651,-0.626732,0.054048,-1.269395,-0.226855,1.113597,-0.110102,1.380339,0.439759,-0.394149,0.422429,1.760586,0.704635,-0.556393,-0.775941,0.706049,-0.017354,1.199105,0.433722,-0.909801,0.023985,0.449079,-1.010013,-1.303388,1.085373,-0.221597,0.204816,0.179732,-1.026634,0.494598,-1.177767,0.315643,-1.882215,1.102865,0.320331,-0.01916,-0.432895,1.004838,-0.753975,0.167229,-0.282707,-0.457844,0.38038,0.0136,1.541227,0.845215,-2.362964,-1.289683,0.578498,-0.461385,-0.764302,1.384861,0.464888,0.524162,-0.162393,-1.755748,-0.017514,-0.636513,0.415642,-1.20807,1.117798,-0.895236,-0.126372,-0.870488,-0.573607,0.186256,-0.014064,1.330492,-0.512529,2.327892,1.769976,-0.527409,-0.307417,0.770216,0.934847,-0.553484,-1.326631,-0.309113,1.230185,-1.680387,-1.103097,-0.559714,-0.772819,-1.025025,-0.22877,-0.997779,0.314424,0.025315,2.0104,0.540054,-0.782769,0.267005,-0.757481,-0.646944,-1.595651,0.234406,0.581642,-0.217396,-1.122686,0.618063,-0.776478,-0.537059,-1.905867,-0.608067,0.59335,0.585632,-0.254282,0.325474,2.170019,0.984512,1.92945,-0.355954,0.503645,-1.888834,-1.344743,-1.635186,-0.270709,-1.236951,-0.591733,-0.683726,-1.22119,1.923318,-0.72445,0.06786,1.576021,-0.522516,-0.33457,0.049666,0.652166,0.85505,1.142448,-1.018093,0.006465,0.824747,0.628776,-0.642775,-1.127526,-1.063696,-0.837155,-0.191128,0.791854,-1.451262,-0.475106,-0.583405,0.173245,-0.643463,0.533722,0.338804,0.157488,-0.126659,-0.638697,2.052796,0.489206,0.052477,-0.947288,-0.024738,0.847757,-0.53943,-2.908469,1.317345,-0.262798,0.747074,-0.32275
DL238,0.621823,0.973993,0.291681,0.950308,0.439055,0.644772,1.664668,1.117157,1.628249,0.873581,1.111181,-0.156672,0.061808,0.210855,-0.661845,0.206313,0.119504,0.965819,0.89064,-0.794316,-0.140776,-0.828125,-0.984049,-0.577839,0.5153,-0.828331,-0.477599,1.266155,2.100474,1.702624,-0.013057,0.362186,0.444191,-0.253566,0.907008,1.079368,-0.211519,-2.878742,0.181831,-0.368361,-0.838699,0.860534,0.565361,-0.4357,0.457879,-0.001886,-0.372503,0.156857,-0.012799,-0.125147,-0.955463,-0.565276,0.386961,-1.962956,0.630764,-0.162452,0.675224,0.831198,-0.578757,0.102475,-0.266776,0.848549,1.341977,-0.403669,2.018643,0.964389,0.537811,2.655277,-0.203331,0.823478,-0.128654,-0.561114,0.019383,0.299735,0.897329,-0.452337,1.164514,-0.465337,0.38124,-0.678295,-1.238401,0.877848,0.28357,-1.144838,-2.67007,0.590419,-0.407051,-0.014057,-0.635167,-0.933133,-1.735571,-0.283342,-1.393288,0.585468,0.03598,0.757744,-0.905618,-0.826476,-0.488355,-0.775116,2.048961,-0.559574,1.420411,-0.420297,-0.601046,0.670772,-1.177599,0.501436,-0.977442,-0.335308,1.128534,-1.309321,1.5437,0.985423,1.349854,0.901031,0.839893,-2.118863,1.673856,0.089268,0.073036,-0.263244,1.327301,0.947923,-0.612455,-1.156529,-1.064271,1.585568,2.804336,-0.320461,1.935941,0.585219,-0.065006,1.404725,2.388653,0.530685,0.153911,1.130651,-0.803429,-0.927745,-0.53608,0.649665,0.79376,0.974711,-0.344625,0.951486,0.419936,1.329841,-0.358205,-0.456399,0.155966,0.456573,0.881834,3.132385,-0.863046,-2.64864,0.454785,-0.622753,0.967314,-1.03144,0.462794,-0.538381,0.056084,-1.554591,1.659444,-0.410557,0.034558,2.459105,1.053155,0.34923,0.697343,0.687318,0.166714,-1.025487,-0.027982,-0.25291,-0.64384,-1.022265,-1.03795,-0.670233,-0.22895,0.49962,-0.158126,1.033503,0.267679,1.356899,-0.72666,0.750453,0.943745,0.71565,-0.488214,-0.686247,0.338872,-0.921498,-1.113256,-0.162309,-2.08148,-1.520244,-0.155061,-0.480806,-0.852986,-0.915769,-1.146265,-1.280007,-0.407117,-0.176401,0.120516,1.547073,-0.371983,-0.124792,-0.386765,1.109317,1.829558,-0.56581,0.953882,1.281982,-0.889013,0.425625,-0.990614,-0.613673,-0.507238,-1.353289,-2.312732,-1.040649,-1.228607,0.43722,-1.168617,-1.029894,-0.023131,1.908088,1.879734,1.305206,1.012277,0.392839,0.231931,-0.695252,-0.175131,-0.160119,-0.308969,-0.966264,-1.701445,-1.021404,-0.491854,0.439557,-0.558718,-0.396594,-0.042234,1.219798,2.057265,0.69071,1.637188,2.246947,0.177648,-0.971033,1.358791,1.507303,-0.329596,-0.17066,-0.64491,-0.737705,-0.79156,0.668342,0.300975,-1.623891,-0.149602,-1.112053,-0.244034,-1.435805,0.245725,-1.006063,1.036053,1.033665,-0.241265,0.586035,0.481348,1.448113,2.187461,-0.013783,-0.659305,-0.86947,-0.486072,-0.912982,0.379063,-0.299183,-1.891396,-0.492265,-0.773402,-1.719406,2.039205,-0.220742,-0.001013,1.715078,0.844812,-0.515539,0.727509,1.278241,1.30041,0.63472,3.077533,0.862344,-0.65173,0.081881,-0.732343,0.006158,1.251396,0.30237,1.178925,-0.024011,-0.583738,-0.819143,1.513725,0.016228,1.222412,1.6609,1.650471,-1.394389,0.045907,-0.121319,0.744945,1.515818,0.068693,-0.92414,0.528228,-1.11391,-1.078318,1.688918,-0.817852,-1.726062,0.162119,0.689293,-0.841771,1.210296,1.881936,0.458519,-2.652693,-0.099357,1.88572,-0.066585,-1.517393
ECA1185,0.558226,-1.980223,-0.241382,0.751652,-0.438718,0.530463,-0.444972,-0.269677,-1.155097,1.396865,-0.298748,-0.158523,-0.860853,0.133937,-0.018511,-0.375589,0.193771,-1.747831,-1.252385,0.45633,-1.052318,0.206359,-0.699202,0.640888,-0.675891,-1.119876,0.112994,-0.884274,-1.099931,-1.340968,0.492495,0.127635,0.631777,0.259462,0.909077,0.347471,-1.228517,0.194552,-1.752261,0.20236,0.109035,-1.382818,1.222162,0.290161,-0.824612,-0.503527,-1.665386,-1.186572,-2.270656,0.555555,-0.309518,0.823553,-1.426451,-0.079633,-1.268899,0.911254,0.908137,0.121692,1.143958,0.975498,-0.60185,-0.429361,-1.025677,2.09757,-0.027834,-0.228039,0.994013,1.962429,0.938723,2.289158,1.82534,0.71246,0.310301,1.017589,0.752839,1.262884,-1.324931,-1.508847,-1.120065,-1.864551,0.196522,-1.536179,-0.567955,0.860113,-0.30186,0.454872,0.553679,-1.364599,-0.990785,-1.531806,1.718423,0.986907,-0.38669,0.076754,0.025876,-0.035017,-0.56576,1.034276,-0.230399,-0.25385,-1.802613,-0.890815,1.751432,-0.515765,1.066125,0.076372,-0.16489,-1.122961,0.729675,1.776678,2.310427,-0.609079,-0.080509,-0.58607,0.222653,-1.496421,0.140178,2.453279,-0.530991,-0.430935,-0.248302,-0.142528,0.014746,1.073548,-2.03728,-0.938807,-0.370947,-0.416647,-0.024939,0.887661,-1.237995,0.437199,1.216917,-0.175282,-1.025045,-0.326742,0.672246,-0.75839,-0.87636,-0.745829,0.02684,-0.017802,0.491529,0.31568,-0.328026,0.372098,0.519458,0.200005,-1.958561,0.216136,-1.613707,-1.415974,-1.610956,-0.858436,-0.56309,1.444241,1.247087,-1.621841,0.869053,1.061348,0.215601,3.571079,0.851361,0.69933,-0.909088,-0.876469,-1.026644,0.080462,-1.617788,-1.415956,0.352459,1.470079,0.960558,0.931668,-1.256873,1.049826,0.660057,0.767248,-0.571624,2.237856,0.590487,0.067106,-2.049951,-0.968932,-0.580303,-0.585604,-1.458411,-0.801822,-1.078856,-0.96939,-0.278052,1.202512,2.3292,0.191719,-0.485053,1.161831,1.365774,2.033446,-0.621906,0.172777,0.540217,0.47522,0.34076,-1.219571,-0.333314,2.117815,0.62049,-0.565353,-0.477738,0.061106,1.339978,0.363038,-0.648097,-0.163964,-0.237466,0.118326,0.111543,1.011076,1.766813,-1.149702,-0.015103,1.796705,0.498871,1.191576,0.99586,1.532249,-1.906151,0.20255,-2.332949,-0.450597,-0.914112,-0.055321,-0.024422,1.243986,0.522752,1.550628,-0.225736,-0.601004,0.315964,0.298849,0.533563,0.519256,1.533316,-0.721266,-1.014229,0.561348,0.265195,1.666996,-0.098149,-0.99324,0.281644,0.461246,-0.28057,-1.425859,0.272774,-0.770938,-0.045327,-1.319683,-1.348581,-0.691131,-0.847583,0.692842,0.018473,1.429849,0.244862,-0.885972,0.932138,0.948677,0.737057,-0.292685,-0.475195,-0.144598,-0.341979,-0.664377,0.244839,-0.833105,1.606467,0.557846,1.775638,-0.967609,0.797857,0.302216,-0.77511,-0.129093,-0.187953,1.487022,0.11318,0.8903,-1.418338,0.160588,0.995735,1.508553,0.592578,0.514249,1.510661,-0.162581,-0.102899,1.547667,-0.239669,0.903472,1.696089,2.643633,-0.319346,1.902555,0.851885,-0.448722,0.168286,0.912082,-0.672642,1.510797,-0.71358,0.632664,-0.28455,-0.646775,-0.783365,-0.634332,1.279281,-0.09113,-0.027197,0.551641,0.275522,-0.158296,0.430756,0.208839,0.086225,1.144483,-1.587436,-1.340488,0.200426,-0.746853,2.218951,0.54391,0.078715,0.472988,-1.466392,1.570106,0.987354,-1.930064,0.359391
ECA1187,1.953415,-0.631112,1.690055,0.163537,1.170375,-1.324931,0.089575,1.062703,1.437135,0.912616,0.859038,2.020288,0.46396,-0.287433,-0.032554,-1.116658,-0.786806,-0.249424,-1.534174,-1.383874,-0.454325,1.179009,0.898026,-0.768303,-0.104263,-1.027613,-1.198901,0.296458,1.128291,0.119966,0.81288,-0.518837,-0.892145,-0.645255,-0.745399,-0.530758,-0.561896,1.74808,-0.133487,-0.534917,-0.529163,-0.029388,-1.635965,-0.746542,-0.166485,0.130665,1.588763,-0.717987,1.428201,0.236837,0.209003,-0.764065,-0.148569,-0.131538,1.671668,-1.016449,-1.488567,-0.114662,-1.084256,-0.996319,-0.463779,-0.527535,-0.709122,0.10923,0.712829,1.669648,-0.186404,0.526451,1.149773,2.667883,1.302205,1.377789,0.709945,-0.466039,1.557354,0.878594,-0.12097,0.466722,1.470206,1.84015,1.947495,0.270096,0.086561,-0.194358,-0.508994,-1.134644,-0.8471,-0.035325,-0.412328,0.393664,-0.927096,0.131616,-0.933145,-1.066614,-0.266561,1.142128,-0.84904,-0.047726,1.507043,-0.238435,2.231297,2.048533,2.247082,2.516906,2.550386,2.934001,3.72447,1.249095,-0.626073,1.408587,-0.941027,-0.473426,-0.02181,0.146037,0.116845,1.459414,-0.738982,0.424456,0.909984,0.285893,-1.202339,0.071133,0.38926,0.014791,-0.068101,0.316315,-0.842664,-1.07972,-0.772596,0.111545,0.71085,-0.300765,-0.477379,-0.93617,0.306892,0.894446,-0.14791,-0.143515,-0.261875,1.695925,-1.268914,-0.264671,1.390447,-0.124964,0.487061,1.099995,-0.126059,0.029773,-0.866002,0.816629,-1.4462,-0.277679,-0.706592,-0.405878,0.860496,1.716768,1.224709,-1.219348,0.598438,0.968809,-0.649598,0.396819,-0.224336,-0.385003,0.489893,1.030828,-0.703287,-0.299735,-0.112502,-0.225295,-0.39621,0.71679,0.609533,-1.569392,0.862057,-0.768964,0.392127,0.891411,-1.267431,-0.055442,0.045369,1.721002,-0.593337,-0.756996,0.003305,-1.328715,-0.636499,-0.546062,-0.522191,0.327123,1.288667,0.072485,2.36745,-0.26873,-0.967027,1.95091,1.533935,0.953919,-0.435874,-1.520696,-0.286556,0.85975,0.205633,-1.84509,1.541195,-0.238074,0.492003,-2.036937,1.593645,0.958842,-0.224418,-1.327056,-0.887708,-0.592389,0.461935,-0.521931,1.561913,0.263928,-0.412016,-0.218793,1.739872,0.691914,0.658421,1.233677,-0.660475,0.001177,-0.901282,1.837561,1.127885,1.631543,1.461103,0.02917,1.702954,0.519202,1.557664,1.37889,0.43229,2.344729,0.035394,0.87719,2.754435,1.79538,0.043637,0.355018,0.46478,0.73397,-0.422233,1.053995,1.397666,-0.345928,-1.044585,-0.726221,-1.558681,-0.340898,0.861968,0.295708,-1.056831,0.494859,-0.014096,-0.497719,0.748799,-1.389659,-0.392906,-0.776068,0.68445,-0.671862,-1.683067,-0.476153,-1.06368,-2.023688,-0.922392,1.014396,0.954869,0.335063,1.338452,0.094178,-0.465222,0.606788,0.855228,-1.115398,0.91173,0.074654,0.001114,0.256365,0.543116,0.53477,0.643555,0.528539,0.508617,-0.071571,-0.661032,0.718677,0.443142,0.483465,0.849663,1.549285,2.405223,-0.157236,-0.520376,0.594443,0.950101,2.168722,1.494021,0.027083,0.806789,1.121197,-0.02296,-1.20048,-0.805682,-0.489655,-0.870906,0.63348,-0.857324,-1.202081,0.450679,2.148005,0.123456,0.81634,0.130041,-0.139944,-2.996893,0.368981,-0.314386,0.066813,1.993116,-0.909108,2.263903,-0.861456,-0.913389,0.316774,-0.396936,0.19452,0.468245,0.546485,1.095595,0.911594,0.535568,0.419376,0.29382
ECA1200,-0.127111,0.585973,0.451775,2.130213,0.231717,-0.707924,1.559531,-0.054458,1.627924,1.746209,0.048527,-0.119088,0.558553,-0.469055,-0.574663,-0.071766,0.042171,0.09696,-0.001346,-0.228935,-0.434849,0.917608,-0.748555,0.604817,0.759234,0.264768,0.552903,-0.507622,-0.654249,-0.144663,-1.3348,-0.341232,-1.234352,-0.533526,-1.255634,-1.333304,0.362778,-0.53766,1.146701,-0.422711,-0.108544,0.716552,-0.969453,-0.833543,-0.564914,-1.945287,-0.493836,-1.234524,-1.67044,0.952184,-1.063585,1.080217,-0.756182,-1.924022,2.177233,0.780351,-0.379933,1.282948,0.906692,2.829249,1.152794,2.908489,2.272667,0.342192,0.208245,0.429795,0.066607,0.100843,-0.726588,-0.375004,1.452598,0.624596,0.497299,-1.241675,0.148925,-1.836567,0.116982,-1.365287,-1.02935,0.954708,-0.063575,-0.782109,-1.493601,-0.140264,-1.532421,0.024601,0.157999,-0.392984,-1.549217,-1.288334,1.130194,0.034447,-0.355276,-0.601785,-0.791958,-1.876532,0.68908,-0.301389,1.151707,0.953707,-0.01682,0.990061,0.927685,0.9432,-0.214314,-0.388822,-0.014363,0.701032,1.612724,-0.367529,1.022974,-0.338305,-1.900311,-1.692981,-0.936628,-1.007993,-0.766739,-2.342612,-1.076147,-0.937736,0.676563,0.269896,0.313364,-0.648232,-0.966825,-0.596046,1.202527,-0.883444,0.510915,0.93456,0.663485,-2.341619,0.777848,1.962633,0.592326,-1.237758,-0.092058,-1.372458,1.224278,1.124804,0.433316,1.466161,1.518438,1.07607,-1.018907,-1.065551,0.970363,-1.085584,-1.631836,-0.910078,0.142007,-1.224139,-0.705854,-0.308787,-0.656599,-1.279551,0.203074,0.294149,-0.991388,-0.570381,0.647075,-0.363912,0.70786,0.870048,-0.940522,-0.018851,-0.276028,-0.300628,-1.467905,0.016279,-1.083603,0.417476,1.040873,0.871348,-2.096907,0.896701,0.048971,-1.463848,-1.040326,-1.739582,-0.18894,-1.116804,-1.348686,0.381718,0.581043,0.695556,1.211243,-0.565785,1.596848,-1.36463,-0.495509,-2.020267,-0.437872,-0.697291,-0.506173,-1.107849,-0.682761,0.092555,0.118846,1.149623,-0.303013,-0.868691,-1.280966,-0.331156,0.663525,-0.661987,-0.567528,1.178765,0.124173,0.401769,0.662554,0.310987,0.945484,-0.172501,2.685827,1.206682,1.718232,0.908332,3.980035,-0.802072,0.500028,0.649398,0.683863,0.071421,-0.114797,-0.442605,3.062153,1.451227,0.057,0.305528,1.233869,0.38774,1.696545,1.502484,0.348653,-2.045899,-1.385313,0.724921,1.616131,-0.084545,-1.242824,-0.356036,-0.265085,0.715137,-0.155017,0.223007,0.343842,0.205111,0.356034,0.651218,0.554044,1.414461,0.365728,0.328175,-0.786481,0.125305,-0.320342,-1.519857,1.278173,-1.186572,-1.051247,0.487628,-0.203083,1.67867,1.725075,1.395283,0.592842,-0.089375,-0.047934,1.363601,-0.501547,0.359139,-0.390636,-0.461801,0.611372,0.096928,1.380102,0.335228,1.223206,-0.38289,0.77964,-1.170291,0.188376,0.387729,0.611389,-0.840484,0.691611,1.218435,-1.309324,1.73713,-0.055188,-0.18018,-1.578707,-0.963898,-0.088795,-1.50632,-1.786589,-1.415834,1.256536,1.678375,-0.35593,-0.537133,-0.764406,0.271308,-0.628832,-1.676247,-0.500335,0.406642,0.029699,0.544692,0.814204,-0.156492,-2.558065,-2.607027,-0.538434,0.1104,0.039446,-0.005215,-0.588436,-0.306037,-0.482508,-1.219861,1.431808,-0.942326,0.61881,-1.401366,-1.109321,-0.784735,-0.217418,-0.358597,0.616273,1.810845,-0.502915,0.52717,0.226507,0.800288,0.258394,0.118154,-0.768997
ECA1212,-0.117521,2.336738,0.17073,1.429329,-1.075499,0.661785,0.879565,1.041808,1.424704,-0.248644,-0.640899,0.148745,-0.747227,-0.768105,-2.009015,-1.035169,0.646076,-0.656029,-0.072629,1.296053,0.87678,0.300263,0.475127,-0.12164,0.252232,-1.986847,-0.239842,-1.671845,1.090855,-0.416446,0.068653,-1.262686,0.692279,-0.119173,-0.601219,-0.496539,-0.044913,-0.490781,-0.718759,0.741978,0.925646,-0.384802,0.127599,0.072678,0.501945,-1.042766,1.326098,0.386333,1.120249,-0.017701,2.410879,0.727201,2.321234,0.503073,-0.320362,-1.656535,-0.384575,-0.205123,0.918161,0.736931,-0.578397,0.427526,-1.161341,0.604478,-1.069521,-0.515543,0.371674,0.378081,1.467988,-0.907382,-0.579662,0.399067,0.938365,-0.021631,-1.962304,-0.899838,-1.634869,-1.300413,-2.547109,0.422972,0.529926,-0.137733,2.136339,0.229005,-1.117287,-1.79299,-0.551707,0.684403,0.87234,-0.253118,-0.026026,0.996379,-0.665948,-0.026267,2.113926,0.245329,-0.811524,0.314287,-0.594384,0.898149,-1.948718,-1.420598,0.378631,0.225004,-1.006605,1.088005,-0.013853,1.553605,-0.033395,0.054754,-0.858926,1.145227,0.189397,-0.255177,-0.921408,0.758011,-1.644347,-0.503884,1.320783,1.02289,-0.662823,-1.945048,-0.253908,-0.169143,-0.680669,-1.308581,-0.280097,-1.052019,-0.283964,-0.125732,-1.981311,0.144313,0.781947,0.131769,-0.336981,0.732446,-1.744438,0.449945,-1.057485,-1.963812,-0.192805,-1.365403,0.35464,-0.403975,0.998346,0.807442,0.420553,0.131373,-0.656182,-1.039682,-0.410339,-1.477656,-0.306664,-0.139808,-0.966865,0.385054,1.332678,-1.349988,-0.728745,0.729589,-0.673277,-1.004685,-0.396827,0.585897,0.270554,0.407134,-2.402531,-1.094259,-0.334106,0.476511,0.099266,-0.423749,0.177922,1.059494,0.683087,-0.846689,-0.017077,1.009994,0.474768,0.880304,-0.854772,-0.29586,0.876426,-0.018083,-0.293483,0.941553,-1.843191,0.086827,-1.255487,0.703751,-1.153176,-0.936051,1.997486,-0.839272,-0.779468,-0.246872,1.578506,0.034621,-0.042673,-0.58273,-1.131732,-0.304561,1.149732,0.318113,-0.046732,-1.167529,-0.725208,0.500186,2.693081,-1.885574,-0.541494,-0.398132,-1.003496,1.480394,-1.034907,-0.570762,-0.650162,-0.853916,0.233475,-0.468274,-0.137494,1.547701,0.504591,0.699668,1.762497,2.0158,-0.249049,-0.860221,-0.403937,0.924064,-0.662691,-0.095863,-0.642604,-0.087671,1.31232,1.202045,1.545113,0.757777,0.939947,0.622255,-0.110767,1.338514,1.174025,-0.52357,-0.650095,1.433795,-1.295897,-0.945165,-2.263729,-0.318385,-1.035218,0.098344,-0.81598,0.195797,-0.778496,0.07425,1.605986,-1.670802,0.580026,0.677196,1.094425,0.815944,-0.095829,0.744481,0.969614,-0.720794,0.10494,2.066954,0.409306,-0.888056,-0.909739,-0.527411,-0.666891,-0.927251,-1.327515,-1.623331,-0.575015,-2.313306,-0.491031,-0.467803,0.301918,1.728858,2.390439,0.148553,0.927904,0.100524,1.417856,1.653587,-0.351917,0.701033,1.706232,-0.102511,-0.163421,-1.966556,-0.367238,0.432923,1.10171,-0.249123,2.189974,1.415723,-0.429088,1.440202,0.462704,0.922736,1.083884,0.8972,-0.310225,0.178987,-0.176626,-0.447484,-0.391473,3.202232,0.951866,0.480869,2.237086,0.275871,-1.290318,-2.288596,-1.054142,-1.391618,-1.168488,-1.682717,-0.508501,0.297809,1.657725,-0.584698,1.284425,2.133964,-2.307525,1.817289,-0.100466,-0.145105,-1.040181,-0.554792,-1.001987,0.692662,-0.269771,-0.131577,1.710362
ECA1225,-0.621103,1.008489,-0.70667,0.08447,-0.320797,1.394199,0.230478,0.882387,0.575614,1.874453,-1.692334,0.308701,0.06461,0.136444,1.276549,2.594923,1.622786,0.507008,0.782553,-0.625301,-1.225709,-1.226495,2.018756,-0.05421,-1.074433,-0.686698,0.106231,0.099204,-0.830047,0.368016,0.025134,0.494827,0.446337,0.799686,0.78151,0.144269,0.55581,1.877123,-0.710439,1.152033,1.181403,1.636043,0.769584,2.308034,1.859599,0.573766,-2.456214,0.298258,1.419541,-0.710727,0.315363,2.043484,1.544499,1.517554,-0.057001,-0.524174,0.955068,0.779686,0.681094,0.855273,-0.973,-0.043559,0.346219,0.89679,-1.447953,-0.545403,0.675411,0.319134,1.47317,-0.096383,-0.425003,-0.146265,-0.112508,-0.100462,2.035698,-0.420359,0.94215,-0.507036,-0.471246,-0.726952,-0.104587,-1.653503,-0.650116,0.122358,0.763622,-1.218348,1.432539,-0.347284,0.045179,-1.725788,0.191855,-0.433467,0.162136,-0.395901,-0.702615,-1.178728,0.011076,2.09473,0.056244,-0.183082,0.569786,0.751968,-1.357605,-1.141287,-0.125838,-1.1686,-0.350405,-1.022595,-0.272552,0.150995,-0.142184,-1.388392,-1.023608,-1.300119,-0.546002,-1.644167,0.502292,0.075885,-0.464233,0.734022,0.453272,-0.890971,-0.402881,-0.762164,-1.048355,0.867445,-1.004955,0.838867,-0.391965,-1.239691,-0.73952,0.436261,0.753975,-0.276825,-0.568783,1.029225,-0.236803,1.692979,0.288845,0.557649,-1.336753,-1.261521,-0.456323,-0.685611,-0.612805,-0.018228,0.185616,-1.075032,0.45922,-0.614994,-0.335181,0.835653,-0.565733,-1.18375,0.707577,-1.113788,-0.436736,-0.584797,0.569333,-0.963513,-1.704806,-0.819122,-1.471329,-0.924952,-0.61149,-0.75622,-0.905465,-0.059235,-2.498691,-2.878445,-0.535798,0.274847,-1.184007,-0.978267,0.473624,-0.128207,0.266073,1.744635,-0.24634,0.027247,-0.721718,-1.51404,0.022726,0.125603,-0.68561,0.394295,1.200542,1.534787,-0.28079,-1.904623,-0.617206,-0.810029,-0.32879,0.372186,-1.487029,0.243502,0.23497,-2.002457,0.832922,-2.295009,-1.029683,1.104111,1.545931,0.193344,0.108322,1.493884,-0.746633,-1.316718,0.463545,0.745479,-0.618638,0.488774,-1.12328,0.89088,-0.19513,0.468904,-0.508457,1.071497,-0.328002,0.050707,-0.77895,0.233269,0.154824,0.612873,-2.385303,0.636532,-0.481481,-2.886073,-1.080588,0.241646,0.17201,0.916578,0.465851,0.001214,-1.597087,1.123228,-0.75163,-2.185378,-0.99553,-0.649515,0.273399,-0.536132,-0.411478,0.986259,-0.426311,0.319189,0.196021,-0.541177,-0.947404,-1.262081,-0.79696,0.158079,0.63262,-0.007854,0.543725,-0.72355,-2.083407,0.200696,0.697986,-1.026906,-1.005917,1.27699,-0.755317,0.315606,0.73859,1.786013,1.006789,0.179167,1.579486,2.398917,0.079983,-1.024729,-4.168926,1.432516,-0.821671,0.374085,-0.17567,-0.03434,0.247588,0.434638,-2.044656,-1.081198,-0.35929,-0.440417,-1.276971,-0.163396,-0.703887,-0.54111,0.626322,-1.49717,0.44005,0.919909,0.064782,-1.735784,-2.034773,0.115982,-0.688674,0.242626,0.38247,0.893017,0.825562,-0.122632,1.885969,1.063595,-1.118449,-0.178605,-0.642022,0.683534,-0.961738,0.998373,0.55032,0.108106,0.685102,1.445927,0.945657,-0.702411,-0.664351,0.539059,-1.717852,-0.612158,-1.340949,0.166658,-2.210242,-0.111276,0.226602,0.251825,-1.061222,-1.072348,0.485094,1.100253,-0.810756,0.249119,-0.550055,0.676657,-0.507723,-0.315068,-0.123599,0.584425,-0.830489
ECA1228,-0.288382,-0.859431,-1.095398,0.047919,0.463851,-0.411595,0.568033,1.065706,0.994139,1.664832,0.535743,0.960853,1.665741,-0.767745,0.846464,0.027465,0.19035,0.076998,-1.536713,0.021545,-0.381389,0.39051,0.098293,-0.579007,0.155147,-1.660626,-0.798264,-1.129476,-0.730709,-0.744069,-1.49654,-2.121744,-0.59487,0.24072,-0.258055,0.22686,-2.005805,0.223601,-0.412425,1.134489,1.123349,0.702646,-1.30261,-0.296465,-0.297892,0.406268,-0.238027,1.022113,0.255366,2.244433,1.319794,0.671098,2.054771,2.070563,-1.90385,-0.530585,-0.22405,-0.853511,-0.89956,1.634941,1.019104,-1.43253,-1.690136,0.114117,1.143458,1.743017,0.743851,0.643153,0.255595,-0.605222,-1.183385,0.254526,-0.227413,2.698459,1.013733,0.13376,1.831704,0.484112,1.594486,0.583608,0.94905,-1.438249,0.003315,-0.656199,-0.048293,-0.761653,-0.151432,-0.309541,-0.151722,-0.276222,1.844714,0.58648,0.733504,0.944149,1.619051,0.133903,0.592701,2.037112,1.415165,1.669376,-0.840213,0.471137,2.432861,0.742739,0.814003,-0.357467,-1.383424,-1.757898,-0.210977,0.287462,0.226955,1.055668,0.939504,-0.657171,1.229293,2.428553,-1.717657,0.04205,0.164265,-0.253395,-1.32988,-1.124712,-0.342827,0.520666,0.132298,0.436736,0.651027,0.811229,-0.714753,-1.307859,-0.841191,-0.427329,0.044236,-2.090848,0.586313,1.507615,0.083869,-1.469627,-0.764471,-0.659049,0.895317,-0.043221,0.393845,-1.141197,-0.349246,0.440799,-0.237494,0.861693,-1.190851,-0.082188,-0.454918,-1.972817,0.245643,1.843209,0.399965,1.455261,0.813024,1.124634,0.917285,0.748285,0.196553,-1.250251,-0.228852,0.304355,-0.166071,1.060176,-0.080437,-0.785116,-0.550974,0.101976,-0.639281,0.729562,-0.588901,-0.244354,1.578291,0.994657,-0.984946,1.131996,-0.001502,1.024932,-0.802065,1.128239,-0.246155,1.030987,-1.065581,-0.478602,0.11782,-0.758346,-0.019261,0.876614,-0.574833,0.496506,-0.268187,0.302274,-1.638324,0.263372,-0.247852,-2.002747,1.265645,0.740386,-0.284197,0.97344,-1.137562,0.31335,1.802061,-0.49478,1.282889,0.375941,-1.837594,-1.840718,-0.275828,-0.373598,-0.820859,-1.33615,-0.14765,-1.977606,1.494772,0.72323,0.840667,0.217908,0.582582,-1.194722,-0.696549,1.398973,1.061834,3.134314,-1.605628,0.436558,1.050434,-1.573658,-0.640693,-1.471305,-1.483837,-0.592893,-0.97052,1.104717,0.84848,0.000251,1.025887,-0.119644,-0.41561,-0.502313,0.411556,-1.718249,0.107096,0.149742,-1.048841,-1.302275,-0.517968,-0.526649,0.186601,0.576355,1.610907,-0.534162,0.212391,1.68277,0.64656,0.201504,0.86817,2.265261,0.432804,-0.622784,1.505541,-0.370098,1.360734,0.152753,-1.025787,-0.471838,0.481703,1.020367,-1.115587,-0.828756,-1.920618,0.430097,0.199686,1.385513,-1.885288,-1.088502,0.035605,-1.236731,-0.225732,-0.995915,-1.693001,-0.226426,0.314672,-1.253923,0.268256,-0.132908,0.726565,-1.193287,0.2408,0.407364,0.967008,0.613785,0.890729,0.521527,-0.48812,0.795592,1.453338,2.447496,-0.064405,-0.224272,-0.728357,-0.518369,0.635558,-0.423323,0.38556,-0.126586,1.912337,-0.202736,0.522036,1.120886,-0.145511,0.257284,1.164156,0.587085,-1.38375,-0.777298,-1.361702,2.109366,-1.077964,-1.365229,-0.245125,-0.495657,-0.028622,-1.384767,0.687035,-0.685157,-0.950395,-1.500167,-0.420742,-1.214348,0.306254,1.054388,-1.291988,-0.242403,0.403969,-0.556793,-1.892875
ECA1232,-0.364489,0.672774,-1.747076,-0.616281,-0.37834,-2.334427,-0.950941,-0.260627,-0.331284,-2.501454,0.911529,0.246505,0.432274,-1.201624,-0.143417,-1.577864,-1.240122,-0.243104,1.290125,0.214124,-0.511731,0.669065,-1.180622,-2.156329,-0.641104,0.517039,-1.049494,-1.100313,0.251003,-0.981244,-0.497272,0.475341,-0.161399,-1.075802,-1.166169,-0.603718,-0.413911,0.31918,0.101757,0.601839,0.148601,-0.16359,-1.000227,-1.322419,0.65084,0.4582,-0.117588,-2.077206,-0.008785,-1.301499,0.436369,1.270153,0.384627,0.305893,-1.014863,-1.74852,-0.917681,0.711826,0.447243,-0.027359,-1.715175,-0.84786,0.152107,1.3269,-0.110624,2.524984,-0.552137,1.737797,0.342333,0.67078,2.529385,0.808824,1.729083,2.687611,1.93657,-0.118906,1.407267,1.563341,1.760618,-0.104658,2.168498,0.181326,-2.17772,-0.047355,0.15929,-1.278735,0.99534,-0.563873,-0.582823,0.628337,0.71141,-0.834897,-0.215733,0.326496,-0.040525,-0.181156,-0.197438,-0.037764,0.297848,2.003456,1.216334,-0.290153,1.161075,1.375524,1.798328,3.649964,2.291896,2.212278,-0.24975,-1.801605,0.192357,-0.107992,-1.791837,1.055932,0.067859,-1.33374,-0.213591,-0.357517,-0.564573,-0.742789,-0.113884,0.742694,0.050595,1.153319,-1.485231,-0.12415,-0.708455,0.96732,0.583386,-2.161466,-1.021698,-0.872012,-0.683941,0.66126,-0.071151,-1.259675,1.65386,-1.712009,0.73331,0.6189,-1.550357,-0.065367,-0.239884,-0.850246,1.062855,-0.011939,-0.286323,-0.408024,-0.37748,-0.391429,1.745221,-0.368118,-0.146246,0.535961,-0.339022,1.030846,0.409575,-0.969679,0.3033,0.829097,1.296287,-0.288972,0.089386,-0.774585,-1.01642,-0.152375,-0.410524,-0.244233,-0.929783,-0.021541,-0.621427,0.495083,-0.082913,0.118124,1.094237,1.859736,-0.126181,0.228688,1.457212,1.353471,-0.088443,-1.538596,-1.059819,0.032471,-0.482601,0.185657,-0.955561,0.01471,0.01972,1.277442,1.319914,1.111856,2.595934,1.412185,-0.667055,-0.554332,1.19545,1.152514,0.315669,0.238282,0.43894,0.430144,0.801646,0.482487,1.414139,-0.174063,2.180697,0.932703,0.713051,0.320188,1.151248,0.521866,-0.925339,-1.260857,-0.902411,-1.256167,-3.081207,-0.099532,-0.896019,0.615982,-0.695039,-0.167572,0.032947,-1.213166,-1.467063,0.475432,1.216688,0.386158,-0.250354,-0.078496,-1.186359,-1.467153,-0.034181,0.54556,-0.889102,0.434496,-0.731955,0.595964,0.088251,0.61607,-1.124626,-1.133346,-0.141723,1.613161,0.620425,0.99638,-0.728495,-0.649649,0.863405,0.539872,-1.606311,-0.798474,0.199269,1.164945,1.355719,-0.331411,-1.174899,0.963892,0.084044,-1.477497,0.666124,0.895451,0.245785,0.87581,1.81593,0.96938,0.413287,-0.162319,0.225148,0.707824,0.582314,0.392156,0.266316,-0.534552,-0.788211,-0.971739,-0.005257,0.694128,-0.644527,-0.230676,1.953606,0.363733,0.293703,2.122336,-2.104291,0.209984,-0.341623,0.053985,-2.238843,-0.714556,-1.700962,-0.165335,-0.605386,1.654281,1.15255,1.261189,1.916982,1.806271,-0.078429,-0.357165,1.075388,0.973844,1.199758,1.556429,1.549252,-0.019677,-0.183979,0.378506,0.714598,1.06076,-0.675364,-0.090672,-0.409543,0.790514,-1.299772,0.964841,-0.79818,0.089623,0.214436,0.289122,2.021288,0.526694,1.259569,1.841973,-0.785123,-0.168471,-1.325286,1.329913,0.502491,0.605816,-0.613724,0.358176,1.660629,1.368556,0.440495,0.918038,-1.861595,-1.478452,0.717867
ECA1237,0.928828,-2.008984,1.247818,0.193649,-0.397436,1.327528,-0.183315,0.103279,0.240358,1.41882,-0.249733,-0.682729,-1.587241,1.000402,1.037339,-1.531063,0.230558,-0.449937,0.070784,0.236492,0.640768,-0.402078,-0.441447,-0.502433,-0.947066,0.797058,-0.121109,-1.083846,-1.438492,-0.574169,-0.43063,2.26538,0.596125,0.344864,0.94725,0.115964,0.457453,-0.227314,0.475985,-0.051055,-0.63303,-1.665013,-0.561367,-0.027882,-0.934257,0.133349,-0.132946,-0.605396,1.615514,-0.289493,0.980551,0.470485,0.732855,1.047275,-0.469282,1.039444,-0.665159,-0.533362,-0.110616,-2.528167,0.629383,0.0173,0.074332,-0.215654,0.220198,-0.475955,0.560823,-0.242654,-1.18543,-0.866461,0.548023,0.554198,1.090644,1.441512,0.602778,0.988374,-1.338917,-0.363243,0.382782,1.084328,1.442024,0.464601,-0.231926,-0.300504,-0.938419,1.087397,0.310928,-1.017972,0.688048,-1.02842,-0.045137,-0.030071,-0.590813,-0.235624,-0.920428,0.215066,0.101404,-0.64523,-0.710615,-0.703491,0.765139,-0.118337,-1.255908,-1.41545,0.972521,0.324653,-0.064118,0.659448,-1.912543,-0.332456,2.043316,0.873617,-0.044822,-0.370588,-0.414167,-0.545212,-1.026071,1.125899,0.183969,0.656231,-0.023331,-0.997016,0.036005,0.333116,0.208178,-0.294069,-0.013001,-1.277942,1.197323,-1.688599,1.088118,1.108802,0.398661,-0.213852,-0.245091,-0.337974,0.03742,-1.022195,-1.511947,-1.943359,-1.011749,-0.804957,-0.452452,1.539043,0.125039,-0.49985,-1.41622,-1.113692,-1.111357,0.096538,-0.278826,0.510968,0.605371,-0.205918,0.752686,0.921034,1.098997,2.217569,1.169587,0.422043,-0.406734,0.128345,-1.33447,-1.213517,-1.57008,0.531142,-2.90452,0.981087,-0.638188,-1.237733,-0.350807,0.027245,0.974037,0.483698,0.440889,-0.473079,2.00258,0.499512,0.411464,0.456329,0.832524,-0.479376,-0.830396,-2.577034,0.13233,-0.083029,-0.334919,-0.115676,-1.390513,-0.799778,0.46222,-0.774881,0.785983,-0.895272,0.112412,-0.1183,-0.51586,1.154984,0.824882,-0.392591,-0.315641,0.498383,0.820896,1.058071,0.445665,1.186771,-1.765712,-0.540615,-0.118442,0.751048,0.04568,-0.288795,1.14771,-0.681708,0.478878,0.18425,-1.201955,-0.420199,-2.751054,-0.236898,-2.296701,0.00522,0.430313,-1.23033,0.572873,-1.058258,0.172486,-0.239018,-0.653939,-0.693352,-1.062846,-0.059456,0.215273,-0.164179,-0.21304,-1.506722,0.28947,-0.125361,-0.581551,-1.363857,-1.336481,-0.706728,-0.285221,-0.639692,1.331071,-0.654673,0.270309,0.238823,-0.571646,-0.335382,1.041646,-1.567893,0.251706,-0.926422,-0.202358,0.6253,0.191088,2.529866,0.627621,0.562324,0.729752,0.944011,0.858519,0.867437,0.588184,1.98109,0.693536,0.901818,0.886563,0.827605,-0.173303,-0.200242,-1.514144,0.514903,1.170124,0.220411,-0.07001,-1.027635,-0.674606,0.425216,-0.881331,-0.619473,-0.773463,-1.031764,-1.575281,-0.25906,-1.108799,-0.48612,-0.146706,-0.520078,1.29029,0.949692,-1.113401,-1.340507,1.030763,0.716763,-0.26435,1.48356,-0.066535,-0.429471,0.592855,-0.475159,0.635745,0.454929,0.627706,0.150244,-0.729136,0.821072,-0.56948,-0.375597,1.749878,1.43337,-1.221789,-1.526852,-0.056601,-0.868184,0.86148,0.123384,-1.134385,-0.941876,-1.154289,-0.132737,-0.46918,-0.446324,-1.350151,0.523755,-2.128347,-0.714597,-0.567613,-0.062935,-0.302857,-1.584526,0.560053,-1.408044,-0.948249,-0.884943,-0.473145,0.356551,-1.688229
ECA1281,2.012967,0.076203,-0.419949,0.004259,2.530775,1.869474,2.262598,0.862724,0.511124,1.069263,-0.501851,0.38284,1.865696,2.560121,0.802511,0.522608,0.648892,1.821,-0.858081,0.214755,1.588696,-0.906758,-1.292757,-0.556154,-0.130165,-1.405246,-0.548225,0.031136,-1.331826,-0.262343,1.679833,-1.324131,1.722235,-1.033156,-1.210784,0.24427,-1.822107,-0.623555,-0.489137,-0.105935,1.086247,0.666328,-1.657202,1.009121,-0.227012,1.789959,-1.645979,-0.226587,-0.394351,-0.216919,0.495992,1.00746,0.752627,0.6541,0.622931,1.949957,0.959778,-0.29316,0.244583,0.395745,-1.237987,-1.182801,-0.014044,0.506277,-0.537441,-0.614009,-0.314618,-0.98486,1.753122,-2.238948,0.505779,0.032225,0.267281,-0.257362,-1.457407,0.505662,0.562533,0.321525,1.312521,-0.55221,-0.85086,1.32536,0.63742,-1.157205,0.746597,0.248993,0.498555,-0.98321,-0.260439,0.679808,0.116674,0.12657,0.56328,0.314215,-1.03659,0.142202,0.251337,-0.467967,0.671219,0.043192,0.986042,-0.997311,-0.803563,-0.144238,-0.890092,0.763785,0.467715,0.609879,-0.574592,1.047014,-0.520199,1.300299,1.5415,2.359938,1.222408,1.766465,1.058844,-0.251544,-1.405485,-0.513084,0.014772,0.173415,-0.677916,-2.287305,0.276316,-0.65378,-1.059225,1.17791,-0.064862,1.210952,0.024468,-0.902422,-0.442439,-0.942744,-0.35841,-0.936764,0.011812,0.788545,-0.159996,-0.705097,-0.199127,-1.576651,-0.543919,0.866133,0.769956,-1.08997,-0.457205,-0.337321,1.091417,0.576541,-1.383551,-1.024009,0.521905,-0.702882,-0.737695,0.076738,-0.230803,-0.07798,-0.089369,-1.333067,0.659654,-0.517011,-1.217774,-1.179736,-2.655557,-0.571786,-0.056125,-2.155385,-0.588412,-1.757257,1.189489,0.242853,-1.003644,-1.187909,0.349042,-1.058001,-2.685526,-0.025629,-0.302435,1.328385,0.959776,-0.524768,-2.641705,-0.732412,-1.929485,-0.049188,-1.25722,-1.455586,-0.432461,0.699518,-0.499929,0.942801,-0.810616,0.643752,-0.750411,0.080206,-1.370584,-0.293943,-0.155023,-0.981337,0.962009,0.279483,-0.322426,1.223106,-0.572208,0.84148,1.819112,0.474588,-0.04644,1.662207,0.783057,-0.026499,-0.520125,0.868989,0.317602,-1.03604,-0.760544,-0.785409,-0.673685,1.708585,0.565281,0.787141,1.142511,2.002694,-0.768732,-1.142175,-0.632021,0.258024,-1.201737,-2.101195,0.193259,-0.495161,-0.427536,-0.685004,0.363228,-0.104297,0.249247,0.050454,-0.914329,0.111849,-2.501119,-0.768604,-1.401796,-0.556796,1.151788,-0.599948,0.300654,-0.438659,1.502713,-0.9781,-1.74651,0.083409,1.383366,0.522258,-0.315397,0.90033,-0.439291,0.794235,0.361039,0.332523,1.228388,0.539922,1.213782,-0.212965,0.884131,0.129559,1.499565,1.309849,1.215743,0.166349,-0.097554,0.641781,0.422653,-1.401776,0.873618,-0.516355,0.490311,0.291951,0.179859,-1.733511,0.038642,-1.350551,1.218382,0.878099,-1.31364,-0.198033,-0.823203,-0.662885,1.286652,0.772086,1.053646,1.23513,0.093082,0.980369,-0.828512,-0.105918,0.468396,-0.013659,1.213739,0.320948,-0.436404,0.269525,1.355872,1.667882,0.41676,1.345886,-1.619977,1.004989,0.314482,1.124265,1.216523,-0.392326,1.192746,0.587907,-0.725516,-0.948447,-0.328393,-0.767204,0.475602,0.138734,0.941323,-1.020516,-0.161315,-1.392251,-1.090262,1.377978,-1.274042,-1.100122,-0.962461,0.202386,1.05252,-0.150994,-1.941439,-0.216265,-0.166476,-1.032435,-0.646386,-2.690101,-0.715662
ECA1286,0.680053,1.097862,0.954788,0.139134,1.020065,-0.773156,1.905394,1.881675,0.843808,-1.073941,-0.959558,0.811472,-0.943378,-0.253369,1.282481,0.502977,-0.436582,-0.926462,-0.197154,-0.44366,0.120567,-0.249539,-0.975795,1.309873,-0.374089,-0.767215,1.260197,1.246841,0.399511,-0.064227,0.930618,0.101733,-0.945316,-0.121464,1.894259,-1.507645,-0.77588,-0.89744,-0.373763,0.871856,0.537863,-1.409279,-0.212792,-0.657113,0.790491,1.787239,0.035143,-0.453,0.365877,0.740198,2.702491,1.211707,2.196094,0.435021,0.402956,-0.350089,-3.884925,1.867083,-0.559785,-1.089423,-0.930408,-0.801873,0.229235,0.42703,0.088938,-1.521005,-0.355756,0.503004,-1.913282,1.120252,0.44589,-0.100332,-0.049486,0.394514,-0.774757,2.095362,-0.285809,-0.011345,1.701527,2.852507,1.441384,0.330141,0.17793,-0.332785,1.416226,0.472638,-0.440807,-0.060638,-0.848467,0.071704,-0.756352,0.930204,-1.008969,0.195088,0.588896,-1.072681,-1.152047,-0.616147,-0.788957,0.498585,0.960737,1.397965,-0.316413,0.160483,0.508709,-0.55144,0.460965,-1.239466,-1.361288,-1.405135,1.196728,1.898757,0.677983,1.161448,0.001012,0.610657,-0.125416,-0.83663,-1.619606,-0.130136,0.125418,-0.231622,1.131518,-0.411327,-1.249224,-0.5286,0.576916,0.352905,-0.871954,0.465633,-0.196752,-1.039009,-0.929213,-0.090336,-0.692352,-0.857992,-0.516413,-1.070326,-0.178034,-0.272721,-0.924766,-0.88282,-0.967032,-0.435894,0.630989,1.287948,0.168462,-0.813314,-0.852583,0.111622,0.802894,-0.194653,-0.340872,-1.080317,-0.310969,0.269938,-2.574969,-0.516478,0.667879,-0.292119,-1.218542,-0.455475,-2.058511,-0.965426,1.30603,-1.380878,1.244698,-0.418953,-0.231972,-1.535202,-1.601871,1.28453,1.225743,0.068705,1.926419,-0.067114,1.490307,1.281102,-0.207825,1.45356,0.353161,-0.327662,-0.002158,-0.359266,-0.929275,-2.071324,0.544764,-0.883853,-0.667642,2.323078,0.23732,-0.285224,-0.293497,1.472163,0.197891,2.379087,0.523521,1.1221,1.137539,0.324676,0.256924,1.101778,0.347616,0.839204,1.195244,1.06249,-0.030397,0.76217,-0.057347,-1.336049,0.135378,0.238798,1.122418,1.398356,-0.816862,0.804548,-1.024387,1.131016,0.074008,-0.377505,1.170821,1.014299,-1.032467,-0.477636,1.101027,-1.355834,-0.075652,0.682568,0.603413,0.070925,-2.081924,-1.338714,-0.913054,-1.414279,0.795488,-1.497222,0.604859,-0.702947,-1.173474,0.359652,0.491338,0.771054,-1.654491,-0.142278,-0.711779,-2.207874,-2.257683,-0.610492,-1.378039,-0.181116,0.165681,-1.404576,1.48384,-0.331198,0.609955,1.044599,-0.261381,0.369036,1.109453,1.704973,0.441692,-0.097984,-1.093765,-0.535272,1.997697,2.315824,2.210593,0.318565,1.451783,1.459673,0.265945,0.772604,-1.904641,-1.817799,0.083379,0.835234,-0.384646,-1.9266,1.024858,-0.763039,1.134224,-0.347198,-0.452844,1.192415,1.257612,0.272066,-1.259435,-0.491867,0.745896,-0.575898,-0.963713,-0.881268,-0.199487,-0.672307,0.241053,-1.304446,-0.858357,-0.64318,0.230449,-1.501904,1.477234,0.052007,-0.400827,-0.669002,-0.429258,0.655201,-0.847197,1.759642,1.844709,-0.450314,0.637692,0.997276,0.071581,1.121085,1.827729,-1.123722,-0.28656,-1.22405,-0.327372,-1.301547,-0.9772,-0.756918,-1.374823,-0.585597,-0.969902,0.412294,-0.855653,-0.588891,-0.940355,1.024191,1.553783,-0.644691,0.237433,0.57863,0.274466,0.673002,-0.607221,1.028039,1.203284
ECA1287,0.451746,1.206791,0.149459,0.993855,-0.802461,1.242183,1.225664,0.271955,0.706073,0.749824,-1.462576,0.067012,-0.57753,0.117007,-0.498373,0.352881,-0.760318,0.421033,0.827224,-0.463738,-1.42576,-0.257788,0.643557,0.931916,-0.670333,0.649964,-0.483512,-0.176559,-0.551712,-1.058557,1.076969,1.192486,-0.75422,-1.496274,-1.115632,-0.415002,-0.899401,-1.715454,-1.5803,0.283171,-0.796093,-0.776749,0.886896,0.298612,0.947767,0.030609,0.552012,1.412678,1.145116,1.114846,0.628222,1.081688,2.036501,-0.22153,0.110435,-0.371967,1.142716,-0.177372,-1.175006,-0.49668,-0.382198,0.86937,0.037482,-0.06495,0.362888,-0.336813,0.323175,-1.071672,0.832819,-0.918219,-0.422578,0.676256,0.524036,1.054947,0.550985,0.291528,0.534875,1.761441,2.257907,2.41928,0.458269,0.107021,0.252303,-1.025801,0.69334,-0.655976,1.452587,-0.959459,0.218535,-0.395523,0.633115,-0.658303,-1.088221,-1.330826,0.063866,-0.873739,1.265456,0.386966,-1.058508,0.509291,-0.603449,-1.126715,0.565436,-0.13177,-0.473693,-0.96157,-0.134639,-1.355636,0.368985,0.611776,-0.458581,0.341988,-0.490327,0.735326,1.586472,-0.496293,0.501226,0.980647,1.252182,0.185638,-2.494142,-0.818875,-0.730462,-0.431686,0.91533,-0.055907,0.76557,-0.954638,-1.272348,1.305124,-0.632643,-0.595885,-2.932857,-1.058278,-1.442013,-0.20006,-0.416578,0.015914,-0.153431,-0.884194,-1.353072,0.10246,-0.746626,0.95802,-1.530435,-1.962472,-0.714307,-1.239448,0.690782,-1.425985,-1.135391,1.545422,-1.335601,1.048531,0.682816,-1.400821,-0.119271,-1.098979,1.412619,0.22705,0.222754,0.148497,0.529794,-1.684473,-0.739435,0.977678,-0.448552,-0.815438,0.347329,0.251038,-0.088791,1.750555,-0.447051,-0.849333,0.050169,1.034544,0.090193,-0.079673,2.33784,0.484282,0.226151,0.054792,-0.637257,-0.866717,-0.362034,-0.123543,0.299869,-0.607765,0.042685,0.502662,0.256409,-0.549729,-0.933971,-1.07261,1.645534,1.420126,-0.778098,-0.035528,1.403042,0.793932,0.994469,-0.94605,0.332216,0.327093,0.036394,0.978464,1.547489,0.197688,0.369307,-0.634543,-0.204355,0.256404,-0.44519,-0.111316,-0.038045,-1.406459,0.235411,0.675371,0.548783,0.582233,1.76217,-1.091919,-0.51753,-0.016515,0.768658,-0.417142,-0.006659,1.071384,-1.352865,-0.703551,-0.366517,-0.564908,-0.328383,-1.984493,1.19724,-0.463827,-0.799558,-1.401234,-1.436122,-0.096128,1.03807,-1.277217,-0.13157,0.169043,0.464356,-0.222272,0.750372,0.630182,0.466444,-0.233671,-0.714735,1.166933,-0.584035,-0.189627,0.661077,1.501135,1.038962,0.232782,1.972872,0.609879,1.749832,-0.83246,0.174806,-0.282916,-0.049223,-0.117435,-0.79811,-1.44328,-0.698793,-0.450149,0.158862,-0.343608,-0.179757,-0.967002,-1.393234,-1.805622,0.338352,-0.850623,-0.652302,-0.373917,0.456045,0.906083,-0.527599,0.609844,-0.334153,-1.881088,-2.503033,-1.164267,-1.003054,-0.846893,0.756429,-0.121503,1.242311,0.5328,1.916853,-0.525418,0.981397,0.791718,0.211365,1.963015,2.278602,1.918876,1.448232,0.751162,-0.65961,1.025701,2.096895,-0.019482,1.361258,0.498414,1.82725,-0.140553,1.121495,1.612695,0.941013,-1.629103,1.268968,1.783841,0.063174,-0.49536,0.757249,-0.397158,-0.84529,-1.082142,2.57232,1.366388,-0.765537,1.254962,-0.465621,0.419161,-0.578716,0.774479,0.013595,1.171902,-1.430957,-0.607481,-1.012599,0.405413,0.830606
ECA1288,-0.179784,1.541946,-1.005758,-0.597433,-1.003819,1.14064,-1.551752,1.334748,1.474153,0.319852,1.210051,1.052982,0.614107,-1.251725,0.171994,2.264719,-0.175048,1.095628,1.102799,-0.28179,-0.415705,-0.194173,-0.459056,-0.96897,-0.140615,0.042196,-0.766869,1.59886,-0.016211,-0.706188,-0.72217,-0.101547,-1.743209,1.674353,0.653695,0.739052,-1.222322,0.806154,0.626051,0.961049,-0.402583,0.080106,-0.171059,0.288025,-2.308828,1.134237,1.339353,-1.38928,0.193709,0.338406,0.550174,-0.232121,-0.718248,-0.08966,0.272581,-0.548425,0.475616,-0.702514,0.675112,-1.287548,-0.104421,-0.656038,0.711878,-0.727544,1.235527,-0.564276,-0.133386,-1.316878,-1.01902,0.250476,-0.703062,-0.090807,-0.027916,0.772695,-1.584634,-0.374492,-1.495544,0.032552,-0.312858,-0.682437,0.185848,0.668253,0.247968,-0.500088,-0.655851,-1.23096,-0.903404,-0.039023,0.043858,0.562044,0.685188,-0.083716,1.132025,1.492326,2.533809,0.669585,2.077718,1.799967,2.625233,0.846097,-0.256562,0.275134,0.86023,0.366224,-0.200418,-0.173554,1.076278,0.18335,1.11219,-0.653456,-0.041479,-1.671238,0.312639,0.090119,0.375534,-0.945289,-0.95631,-1.092569,-2.60219,0.521049,-0.070618,-0.059447,0.40135,1.117412,0.634127,-1.133327,-0.397799,2.453452,0.108909,-1.101453,-0.649777,1.765458,1.302247,0.783161,1.089458,1.105097,2.401269,1.6728,0.32355,0.135976,-0.539205,1.267045,0.14059,1.038775,-0.118227,1.026105,-0.12743,0.740876,1.344778,0.206717,-0.424835,-0.868147,-0.856131,-0.602999,0.718444,-0.793464,-0.158352,1.205476,0.184937,-1.223186,1.699063,-0.562566,1.014292,-0.487597,-1.633322,-0.555716,0.315232,0.602564,2.850618,1.867439,1.01108,0.405058,-0.148739,1.61765,0.949234,-0.819792,0.148983,-0.214982,-0.217157,-0.585671,1.941167,-1.280458,0.327262,1.076312,2.166181,1.213067,0.265376,-0.328421,-0.388323,-0.682503,-0.334214,-0.050159,-1.275488,0.665514,0.05882,-2.194291,-0.390399,-0.665248,-0.237111,-0.231175,0.788365,1.776269,1.861194,0.367908,0.684655,-0.250616,0.417281,2.088662,-0.377421,0.644642,-0.247203,-0.117296,1.047185,2.748594,1.570843,0.761339,-0.202393,-0.209989,0.248598,-0.642038,-2.008613,-0.862754,0.520014,-1.255999,-0.559881,-0.105575,0.235731,-1.448217,-1.69484,1.295462,-0.325243,0.178897,0.190226,-0.684419,-0.380282,-0.34855,-1.922707,0.618111,-0.292025,-1.022345,-1.075007,-0.402794,-1.098211,0.068279,-1.113052,-0.455287,0.184079,0.941152,1.701331,0.544787,0.965754,-0.886336,1.057551,0.441756,0.121467,-0.140267,-1.185007,1.236427,0.314371,-1.518581,-0.086898,-0.388157,1.02632,-1.160744,-2.023696,-0.396568,-2.41406,-0.39342,-0.366171,-1.26198,-0.56946,1.206145,-0.852309,-0.319554,0.997508,0.046488,-0.219242,1.409992,1.565842,1.369839,-0.210807,1.716413,0.803494,1.355237,0.154045,0.292555,1.657018,-0.364809,1.891628,-0.598928,-0.820963,-0.521065,-2.565744,-2.494295,0.404368,-1.891503,0.26527,0.116383,-0.582247,-0.331511,-1.320298,-0.986316,0.215255,-0.262551,-1.337688,0.366104,-0.099701,0.058567,-0.390379,-1.159349,0.74449,0.064131,-1.316576,0.804608,-0.786392,1.418163,-0.867694,1.255752,1.360036,-0.161356,-0.890368,-1.041666,-1.544727,-0.250025,-1.182908,-0.286825,1.289716,-0.072995,0.410602,0.137336,-1.120441,0.078294,-0.000181,0.17844,0.233531,-0.964999,0.266259,0.634059,-1.337124
ECA1409,0.981066,0.285304,-1.054288,2.58781,2.341587,0.047365,1.630146,-0.891689,-0.033427,-1.663764,-0.419332,-1.909366,-1.387675,-0.578606,0.309395,-0.146815,-0.618496,-0.552235,-0.752504,-0.29793,0.962432,-1.61796,0.078851,0.098248,-1.3505,-0.648681,-1.207084,0.551775,-0.521297,-1.633243,0.200774,-1.161013,-0.698506,0.24701,-0.595294,-0.572132,1.351017,1.262056,2.201328,0.121799,0.878462,0.565019,1.766478,0.224956,0.389017,2.152089,-1.857047,0.07629,-0.470465,-0.672543,-1.158919,0.461751,-0.627195,-0.651864,0.900307,-0.709807,0.021778,0.914232,0.14256,-0.197434,0.528998,0.494364,-0.563222,-0.82678,0.087357,-1.249325,-0.916074,-0.293335,-0.150033,-0.484957,0.517312,0.107702,-0.724239,-0.463554,1.387478,1.412118,0.856837,-0.019683,1.270981,-0.46151,1.588863,0.159334,-1.285662,3.86268,-0.03132,1.171906,0.779225,-0.384549,0.394756,0.243938,0.590633,-1.808745,-0.883925,2.092763,0.103608,0.507081,-1.110272,0.905908,-0.865767,-0.213287,1.070069,-0.298394,1.670836,-2.303477,1.139051,1.364705,-0.438814,0.576778,-0.147798,-0.00771,0.248133,-0.062395,-0.482363,-1.749978,-1.002509,0.294611,-1.50866,-0.754269,-0.029428,-0.465165,-0.237296,0.268152,0.823974,-2.115538,-1.221243,0.080956,1.364477,0.031893,-0.341118,-1.00382,0.74441,0.085109,-1.613993,-0.216948,1.280861,0.838284,-0.933579,-0.717474,-0.860077,0.544661,-1.400113,-1.211191,-0.444521,-2.544575,-1.013125,-0.588293,-0.618533,1.238155,0.433843,-0.673389,1.078203,-0.89135,-0.084193,-0.125055,1.483004,-0.36889,0.733664,-0.282023,-0.82743,-0.184276,2.351083,-0.747113,2.577978,-1.297311,0.586974,0.375666,1.000119,-0.75733,-0.199871,-1.144613,-0.475716,0.492592,-1.230362,-0.00514,-0.119166,-0.299505,0.376265,-1.24472,-0.196214,0.387164,-0.645446,-1.061565,-0.043564,0.131677,-0.137853,-1.858139,-1.594256,-0.820538,0.195952,-2.650108,-0.488593,-0.733252,-0.108724,-2.215814,2.251723,0.130579,-0.159816,0.35592,0.092513,1.410357,0.598494,0.103073,0.555067,0.08364,0.311479,1.905998,0.4992,0.151201,-1.019137,1.979513,-1.34134,-0.64749,1.206808,0.274561,-0.900784,0.408574,0.099398,2.959479,-0.595851,-0.020929,1.199431,0.256227,1.752358,0.152809,1.297558,0.293929,-0.013843,-0.51638,-2.356179,-0.31307,-0.853363,-0.639603,-0.087548,0.650302,0.64029,0.279323,0.689229,-0.047047,0.719867,0.045827,-0.32269,-0.243385,0.483692,-0.163084,1.24911,-0.093986,-2.804987,0.101416,-0.222693,-1.398128,-0.984524,-0.263983,-0.66333,0.558926,-0.681253,-0.963708,0.518591,-0.622092,1.597747,1.920377,0.655974,-0.224111,0.858372,1.072627,-0.04872,0.787222,0.782491,-0.217695,0.215692,0.994012,1.422297,-1.738688,0.624627,-0.401202,-0.538653,-0.434349,-0.469764,1.228199,0.190512,-1.0327,1.080674,-0.789109,-0.202556,0.232338,-1.438133,-0.125263,-0.511287,0.454954,1.121829,1.228814,0.804918,-0.117823,-0.350665,0.963099,0.399904,-0.175794,-0.069714,-1.879596,0.219773,-0.700483,1.284195,1.931701,0.605526,0.186282,0.802875,0.526487,-0.204818,1.2807,-0.232268,2.838708,0.710139,1.900117,1.125464,1.417198,1.9973,-0.975693,-0.785406,1.342937,-0.371687,0.58462,1.863637,0.145387,-0.577121,0.453069,-0.256766,1.871338,-0.242771,1.719753,-0.887464,-0.994961,-0.492182,-0.050015,-0.471655,-1.210778,0.262156,-1.392467,1.789807,2.231052,-0.312805
ECA1413,-0.376676,-0.159021,-1.93968,-0.430373,0.522112,-0.434149,1.148306,-0.359625,0.581015,-0.666746,-0.090479,0.188575,0.903502,-0.579931,-1.23989,0.205628,-0.638136,0.03047,0.511237,-0.466214,0.747952,-0.899807,-1.388086,-1.886897,-1.163708,1.088243,-0.257396,-0.613481,-1.077869,0.095129,-0.398697,-1.197708,-0.759377,-0.8152,-0.583269,-0.182198,0.184673,-0.013542,2.481735,0.701992,0.552443,1.165462,2.67428,1.379177,2.175558,0.670551,-0.377656,-0.031009,-1.300385,-1.11667,-2.049482,-0.033578,-0.774376,-1.28573,1.025378,0.496678,-0.745131,-0.217819,-0.855265,-0.853485,0.081492,-0.6349,-1.438564,-0.654853,0.197787,-0.1342,-1.202046,0.749815,1.722591,0.720432,-0.924784,-0.025915,-1.52315,-1.401886,1.164379,-1.212699,1.803302,1.429163,-0.337124,0.133797,-1.477372,-1.246127,-0.210628,0.540876,0.906347,-0.328806,1.190575,-1.216892,-0.130977,-0.446659,0.483128,0.03009,-0.470783,0.128685,0.529953,0.710879,0.851481,-0.216729,-0.572968,0.469892,-2.544531,-0.557385,-0.500734,-1.51068,0.938005,-0.469187,0.30857,-1.085031,-0.848474,-0.646436,0.909635,1.013145,1.143691,-0.005953,-0.791383,-0.095051,-1.310923,0.014252,-1.812403,0.108726,-0.920764,0.329295,0.027866,1.886158,0.374328,0.419347,-0.033942,0.436421,-0.461171,0.531603,-0.901845,1.204635,0.379504,1.893847,-0.591727,-0.421331,0.877321,0.004809,-0.419481,0.587219,-0.152004,1.108902,1.230788,1.29657,-0.56324,0.025622,-1.173703,-0.077703,-0.589862,-1.323098,1.378367,-1.470242,-1.89544,-0.626687,1.151033,-2.536039,0.737104,0.124878,0.76337,1.821831,1.552503,0.119926,0.78377,0.143141,0.92644,0.172113,0.309878,0.873484,0.814252,1.221725,0.527135,-0.580729,0.006471,0.277266,0.260465,0.324008,0.842716,-0.207575,-0.383223,-0.089105,0.613641,-1.096342,0.964646,-0.377638,0.328381,0.408746,-0.333678,-2.297949,-1.147555,2.119505,2.147578,1.962211,0.580703,0.293911,0.151306,-0.73838,1.417319,-1.304597,0.228452,-0.245338,-0.961439,-0.073432,2.19674,1.028881,2.068969,0.186353,2.637335,0.116041,-1.214803,0.745432,0.937814,0.143295,-1.440264,-1.483148,0.919917,-1.189258,-0.262455,-1.104554,-2.688814,-0.62477,-1.790016,-0.592248,0.141953,-0.704409,0.799682,-0.359539,0.535942,0.053416,-1.359415,0.629204,-0.593205,0.109901,0.146516,0.652643,-1.584743,1.81342,-0.106855,-0.687103,-0.432942,0.293687,1.287887,-0.93111,0.505563,-0.129332,-0.151896,1.437159,0.334782,-0.51916,-0.855635,-0.319451,0.360691,-1.769208,0.076769,-0.380639,0.239023,-0.390675,-1.345679,0.087295,1.009198,-0.764765,-1.78908,-1.489008,0.678347,-0.02062,-0.692503,-1.088278,0.802638,-1.181375,-2.065674,0.282122,-2.036254,1.262917,-0.294567,0.248881,0.020237,0.170615,-0.144862,-0.188053,0.879777,0.09465,-2.731063,0.008134,-0.976602,1.287198,-0.162399,-1.112151,-0.723955,-0.720759,-0.02868,0.158116,-0.428823,0.464268,-0.599808,-0.001384,0.759107,-0.15347,0.059483,-0.394312,-1.279331,-1.099072,-0.501286,-2.724684,-0.504861,-0.119298,-0.517584,1.187568,0.559192,-0.874897,1.703351,0.135121,-1.423666,-0.48708,0.768863,0.112689,-0.59862,-0.6623,0.413905,-0.139311,-0.385862,0.910755,1.310137,1.201183,0.129383,-1.18195,0.404673,-0.020742,0.203819,-0.674805,-0.174497,0.266845,-0.242992,-0.287246,1.242398,0.60272,0.802912,-0.932752,-0.375006,-0.941686,-0.904953
ECA1493,1.675723,-0.816077,0.294755,-0.492453,0.422578,1.582137,-0.511161,1.250632,0.57659,-0.678238,-0.553864,-1.381041,1.200953,0.175145,-0.266792,0.099498,-1.20618,-0.379112,-0.731407,-0.842147,-0.089699,0.877424,-1.358638,-0.024124,-1.0763,-0.030985,-1.564352,0.020152,-0.861409,-0.350941,-1.007246,-0.075398,0.565024,0.288145,-0.955187,-0.19808,0.78876,0.425363,-0.309473,0.0494,-1.223423,0.367654,0.370232,1.089254,-1.790572,0.279904,0.421272,-0.672638,0.90402,-2.669377,0.270647,-0.630526,-1.56516,0.694486,0.611663,-0.093419,0.228007,1.957469,-1.691747,-0.499996,-1.970212,-1.767991,1.404673,0.271466,-0.879188,0.473001,1.28223,-0.53431,1.477932,1.135846,1.51865,1.745424,-0.001823,-0.162208,0.360878,0.727497,-0.331869,1.153286,-1.516523,-0.354326,0.117141,-1.395875,0.153665,-0.015464,0.54748,0.543788,1.471991,1.471056,0.610766,1.477665,-0.99972,1.02975,-1.076562,-0.987702,-1.546067,0.863864,1.53026,0.215012,-0.687902,-1.49358,0.031001,-0.717352,-0.354589,-0.034363,1.108141,-0.522508,-0.092704,0.259461,-0.821164,1.864127,-0.591271,-0.943051,1.130501,-0.299989,0.368922,0.291946,-1.365906,0.25704,2.197765,2.186136,2.140895,0.640275,0.769225,0.122648,1.980595,1.113922,-1.65328,-0.719462,0.977519,-0.76685,0.906,-0.855899,-0.729987,0.814858,0.830397,-1.147224,2.251673,-0.045451,1.17918,-0.528336,0.603549,-0.474589,-0.141392,-0.926908,-2.135768,0.374259,0.689005,1.855129,0.926009,1.096151,0.394569,0.01133,0.409565,0.718594,-0.894355,1.140503,-1.022998,-0.73276,0.430029,-1.313375,-0.016512,0.356954,-2.410199,-0.485847,0.920281,-0.224903,-0.65938,-1.943352,0.126304,0.585066,-0.415779,0.89848,-1.034687,-1.156852,-0.473498,2.016354,0.259368,0.389177,1.922202,2.415641,-0.485681,-0.080477,1.54834,-0.10567,-1.014092,1.150407,-0.29487,-1.416556,-1.461251,0.549107,-1.303589,-0.581935,-1.526827,-0.621988,-0.67542,-0.00355,0.188937,0.01973,-0.106626,0.119223,1.553646,0.803569,0.654649,0.286089,-1.015273,1.333364,0.102851,-2.233457,0.54747,-0.100997,-1.102056,-0.414523,-1.437183,-0.184095,1.733958,-1.163172,-0.347051,1.773601,1.38667,1.111568,-1.399924,0.685866,0.618871,0.840533,1.641499,-2.592101,1.302095,-0.534721,-0.418942,0.509278,-1.146665,-1.018384,-0.626608,0.383968,0.338098,1.35997,-0.49659,-0.064868,-1.891242,-1.873966,-0.467838,-1.175202,0.574645,0.657083,0.443491,-0.043344,-0.338219,1.221486,0.358755,-1.528547,-0.759565,-1.332564,-1.491415,-0.872496,-1.550976,0.465527,0.712911,-0.1004,-0.176232,0.120621,-1.182463,0.733922,0.830135,-0.485023,0.71049,-0.809097,0.712783,1.851291,0.829627,0.587661,2.147584,0.342326,0.469375,1.523187,1.197767,0.841909,0.70542,0.080023,1.183309,-0.000705,0.058255,0.857955,0.957217,-1.061959,-0.997143,0.479225,0.27867,0.091222,-1.726973,-1.877942,1.45703,0.798756,0.019141,0.796526,0.298821,-0.149367,0.80813,-0.654993,1.327575,0.585383,0.168979,-0.261948,1.043137,0.759863,0.548568,1.970589,-0.941079,-1.344809,-0.056062,0.596842,-0.213334,-1.496002,-0.383607,-1.05558,-0.736514,-0.544915,-0.504617,-1.260656,2.461231,-1.037102,-0.060223,-0.951735,1.213313,0.378876,0.468185,1.678738,-0.189853,0.576342,-0.011453,-0.327093,1.355811,-0.202831,-0.367424,-0.093117,0.955635,1.62046,-1.219187,-0.036989,-1.164218
ECA1693,-0.498537,2.274019,1.423472,0.969465,1.327054,0.936028,-0.24927,-0.463026,1.761267,-0.975009,-0.681146,-1.099232,-0.296584,0.159059,0.723511,1.201887,-0.382568,-0.082932,-2.184771,-1.591979,-0.477868,0.64406,0.729693,-0.137925,-1.251931,0.333096,0.871149,-0.015615,1.847488,-1.867897,-1.254222,1.210488,-0.230861,-2.180899,0.352626,-0.394612,-0.457703,1.271067,-1.712329,-0.07009,-0.468927,0.077468,0.405634,0.039369,0.282697,0.297956,-2.309715,-0.133156,-0.402616,-0.179125,0.285494,-0.086834,-0.274841,0.529072,-0.825861,0.328776,0.025366,-1.920118,0.182658,-1.163188,-0.922798,0.628834,-0.119948,0.67809,-0.831619,-0.712486,0.295426,1.585519,0.565754,1.434952,-0.341357,1.591944,-0.654866,-0.062722,-0.226686,0.611141,0.937065,2.355189,2.100373,2.189662,2.207084,-1.875487,1.054474,-0.54444,1.409224,0.829998,-2.520696,-0.541472,0.671466,-1.371707,-0.539645,0.599341,1.384776,2.29588,1.693542,0.22934,2.609834,3.311567,2.113774,-0.151707,0.625586,1.27917,-0.505465,0.705822,0.11299,-1.212912,0.120977,-0.393809,-0.18146,-0.518512,-1.151677,-0.500385,-0.493244,0.079501,-1.486809,-0.492247,-1.451654,-0.382016,1.118625,2.050806,0.389999,1.270199,-0.021972,1.313129,0.752074,1.494585,-0.746768,-1.316994,-0.774889,-0.238018,-0.506461,0.030928,-1.318207,-1.732438,-0.912659,-0.998686,-0.418124,-0.129689,0.203395,0.60342,-1.988503,-0.258785,0.456615,-0.575091,-0.738839,0.514146,0.126724,-1.776224,-0.68502,-0.327863,0.326521,-0.331883,0.066347,0.447112,1.229219,-0.338826,-0.449716,-0.54668,0.398852,0.603257,0.362503,-0.521413,0.361122,-0.229347,1.013716,0.033384,0.421428,0.637693,1.305616,0.443432,1.621663,-0.404073,0.267509,-1.408766,-1.108555,0.116223,0.693139,0.255197,-0.287868,-0.749264,0.139488,0.132558,1.18112,-1.672307,0.995749,0.744646,1.328745,0.416815,-0.443121,-1.400054,-0.751255,1.06555,0.932178,-1.161514,-0.199654,0.999963,0.919605,2.638215,0.624021,0.908475,2.618986,0.52926,0.782511,-0.473939,0.149389,0.418442,0.192437,-1.183149,-0.303214,-0.633152,-0.729462,0.46013,-0.679274,-1.568577,-2.286627,0.23949,0.644719,-0.101321,0.335603,0.02597,-0.284408,0.198261,0.412241,0.856323,-1.092201,0.4559,0.715704,1.07185,-0.897942,0.945393,1.872533,0.646486,1.080707,1.589675,0.754489,-1.026728,1.444135,-1.257478,-1.066966,1.017177,-0.192945,-0.002481,-0.401909,-0.628354,0.331018,-0.068895,-1.088564,1.129026,-1.36886,-0.183013,-1.558271,-0.71203,0.50216,-0.137812,-0.961461,0.020274,-0.117559,0.171593,-1.782556,-0.10074,-1.719946,0.711272,0.555149,-0.222664,1.77061,0.865151,-0.944533,-0.214586,0.056928,1.333846,-1.336226,-0.031059,-0.611681,0.460445,-0.29064,0.236375,0.531485,0.171402,0.682919,1.041942,0.984805,-0.450839,-0.42359,-1.184795,0.738656,0.671277,0.775829,0.943589,-0.594934,-0.215958,-0.006463,1.437585,-0.441497,0.571612,0.032141,-1.694508,0.183657,-1.086517,-0.224947,-1.121005,-0.170531,-1.225129,-1.06419,-1.266539,-0.789904,0.207,0.176579,0.587424,-1.215144,0.05218,-1.352199,0.443693,0.507098,-1.798549,-0.51388,0.420061,-0.162709,-0.244224,-0.270751,0.996107,0.369618,0.874266,1.581265,0.430861,0.958121,1.392918,-0.171467,-0.030646,-0.145818,0.949868,-0.483442,0.542884,1.380177,0.654848,-0.118441,0.243194,-0.818366,0.84908,-1.026831
ECA1725,-0.287893,0.438079,1.596355,0.069413,1.854578,-0.064414,2.120005,0.096015,0.541625,-0.063115,-0.802489,-1.206273,-1.327824,0.397951,0.07026,-0.527626,1.219058,-1.55554,0.442251,-0.394313,-2.932393,0.453168,1.279309,-1.286154,-1.743722,0.822397,-0.771976,-0.402257,-0.39819,0.182582,1.496861,0.153314,0.31693,1.488561,1.425607,-0.324269,0.259249,-0.385181,0.433973,0.54127,0.929563,-1.029644,0.26012,0.514496,-0.665806,1.358107,0.232007,-1.746205,0.066785,0.673554,1.082145,0.173182,-1.405614,-1.106609,-1.372405,-0.47197,0.116268,0.794629,0.426379,0.786051,-0.884898,-0.19241,-1.218244,0.322288,-0.550162,1.119733,-0.113314,0.107344,1.332952,0.551752,0.113383,-1.309642,0.015046,1.191791,0.730147,1.207647,-0.70451,-1.565837,-0.106352,-0.837358,-0.131439,1.189183,0.899579,0.792554,0.75445,0.468779,0.308172,2.011678,-0.53497,0.83448,0.866988,0.863893,0.350537,0.146343,-0.728146,1.651395,-1.885213,-0.714071,0.465778,-1.308705,0.436039,0.473558,-0.676153,-1.043429,-1.378325,-0.522939,-1.099133,0.766584,-0.464978,0.263243,-1.321311,-0.53905,0.381699,-0.398393,0.25948,-0.748166,-0.199311,1.590829,-0.160606,0.685241,1.009096,1.014375,-0.272702,0.659479,-0.193185,1.660733,0.850306,-0.54137,-1.37282,1.470974,-0.878007,-0.651268,0.387525,-1.832482,-1.271889,0.402325,-1.410498,-0.170686,0.323406,0.316939,0.493347,-0.69061,-0.652793,0.024877,-2.253537,0.307798,-1.162355,-1.578595,-0.51901,-0.339584,-0.817162,0.11467,-0.557015,1.158831,-1.265052,1.613229,-1.097394,-0.634294,0.096114,0.444796,0.721168,-0.052922,-0.636221,-1.762026,-0.1639,-1.592002,0.227822,0.913558,0.501152,-1.503492,-0.607572,-0.28973,-0.214689,0.891226,0.535553,0.438988,0.620526,0.891406,0.599153,0.683402,-1.631938,-0.095352,0.170642,1.16198,-1.194591,-1.171693,-0.706659,0.218933,-2.418544,1.197753,0.900451,-0.252908,1.338582,-1.29076,1.222738,-0.099631,0.064145,-0.320427,-1.373828,-1.861299,-1.389178,1.874741,0.315947,-0.445781,0.568981,0.414953,1.641675,-0.776325,0.244016,0.213012,-1.413365,0.316245,-0.657157,-0.110877,-0.047601,-0.813222,0.182947,-0.728512,1.414934,-0.376443,-0.82184,-0.439391,0.127675,0.530285,1.184181,-0.82561,0.269881,0.421641,0.64538,0.523132,1.43984,1.142826,0.259554,0.456902,-0.412772,-0.579562,0.489187,-0.471625,0.384423,-0.839261,-0.240885,1.124193,-0.126876,0.22092,0.255501,-0.15333,0.197604,2.726994,0.508256,0.420611,2.335894,-0.215637,0.918162,-0.654243,0.148117,1.742284,0.61646,0.710546,0.727667,-0.098983,-0.130441,0.971327,1.315758,0.551059,-0.300217,-0.052364,0.992401,0.132929,1.545519,-1.388017,-0.072736,-1.096086,-0.997726,-0.322092,-0.074073,-1.021445,-0.683875,-1.68513,0.06811,0.870778,0.056409,-0.613123,-0.962034,0.867491,0.059897,-0.114068,1.500652,-0.059484,0.046153,1.426492,0.473401,-0.930013,0.821099,0.714079,1.811261,-0.026368,1.130416,0.371336,0.559657,-0.791788,0.161191,0.858381,0.408752,0.713506,0.879592,0.883521,0.150373,-0.27667,-0.105615,1.339761,0.057245,-1.623678,0.536527,-0.566192,0.854814,0.239136,-1.596923,-0.069204,-0.334808,0.232002,1.823509,0.971433,0.180842,0.819513,0.92664,-1.671183,-1.640516,2.524277,1.802365,2.101898,0.877342,0.36624,-2.716489,-0.384983,1.617529,0.601697,0.606556,0.37243,-0.334131
ECA1751,-0.033233,0.86038,-0.350361,0.388394,-0.822388,0.104346,-0.464974,-1.120113,0.188274,-0.533035,-0.056938,-2.360427,-0.13148,-0.056789,-0.766563,-2.374331,-0.838321,-1.26566,-1.457795,1.880116,1.767281,-0.733052,-0.039488,-0.824663,-0.128793,-0.864729,0.060609,-1.586488,0.005207,-0.0194,-0.350012,-0.402287,-1.17493,-1.19659,-0.482887,-0.778888,-1.049748,0.818315,-0.243089,0.268477,1.685015,-0.773783,0.827429,-1.420967,-0.405006,1.624674,-0.316026,-0.207191,1.196494,0.016763,0.182176,1.351011,0.632027,1.834414,-1.956258,-0.006617,0.208161,-0.027159,-0.547366,-1.91291,1.396353,0.768279,-0.010817,-1.403085,-0.156606,-1.191418,-0.728654,1.044261,-1.23448,1.217457,-0.11769,-0.56951,0.733297,0.294593,-0.759041,1.297542,0.651275,0.381715,2.624511,1.461027,0.328352,-1.188943,1.345151,-0.975798,0.873927,-0.106629,-0.74526,-0.967839,-1.536701,-1.427451,0.942316,-1.827936,-1.57971,-0.862237,0.01701,-1.452099,-0.98661,0.869379,0.28504,-0.421357,-0.157356,0.779085,-1.473579,-0.770463,-1.060302,0.09695,1.471557,-1.406132,1.274522,-1.42965,0.887573,-0.901289,-1.383563,0.091727,-0.993536,-0.412095,0.070635,-1.282419,1.122203,0.349293,0.701209,-0.066816,0.873347,1.415744,0.1791,1.794786,-1.357979,-0.466237,-0.823926,-0.994061,0.896244,-0.595456,-1.119087,1.019283,-0.026007,0.866037,-0.267142,-1.092939,-0.52897,-1.262151,-0.24261,-0.153643,-0.262454,0.324572,-1.288371,-0.604622,-1.454746,-1.412207,-0.716064,-1.248807,-0.742582,-1.256452,-1.597433,0.985183,-0.194825,-0.000439,0.540858,-1.098632,0.366231,1.541636,-0.054803,0.997564,2.191171,0.497047,1.885184,-2.242658,-2.0633,1.079096,-1.509759,-0.029365,-1.124302,-0.742445,0.659828,-0.840862,2.034148,-1.669637,-0.458765,-0.899827,-2.160372,-1.372572,0.018946,-1.540568,0.448548,-0.111557,-0.751008,1.205484,-0.32858,-1.525091,-0.662951,0.387271,1.804462,0.328321,-0.800466,0.561175,-1.035938,-0.797893,-0.021203,-0.122327,-1.085712,-0.325596,2.04631,0.43014,-2.178963,0.062369,-0.771186,0.681313,-0.199372,-1.373839,-1.860133,-0.08801,-0.439183,-0.066792,-0.454676,-0.163658,0.917358,-0.059829,-0.397035,0.548744,0.818561,0.172533,-0.769915,0.25355,0.469458,-0.90529,-0.341831,0.302117,-1.104217,-0.347426,-0.361249,1.278065,-0.683994,-0.926375,-0.375478,0.053505,1.092172,-0.10657,0.02379,-1.726572,0.866348,-0.584757,-0.306683,0.89956,0.782281,0.327517,1.246882,0.649105,-1.09336,1.181078,1.127769,-0.44416,0.568504,0.554325,1.393881,-1.243537,0.760308,1.349378,-1.169046,1.016663,0.647618,0.321862,1.302207,1.061904,-0.659219,-0.484831,0.795339,1.048762,1.280274,0.116192,1.727804,0.443443,-0.145985,-0.133771,-0.137354,0.404524,-0.219422,0.797606,0.542928,0.045964,-0.671869,-0.775934,1.124267,-0.617446,-0.694807,-0.487467,-0.162853,0.031933,0.963938,0.563282,-0.22137,-0.809569,-0.227019,0.928975,0.798185,0.129922,0.941539,1.705919,-0.155202,0.193917,-0.639934,0.735232,-0.342964,0.676852,0.622547,1.390017,-0.230865,1.666477,0.847714,-2.430743,-1.95327,1.491745,-0.271295,1.430926,-0.56,0.198942,0.798541,1.696858,2.833956,0.121993,0.485868,0.389346,0.084337,-0.024552,-0.324186,0.86345,-1.970536,0.306422,1.003468,-0.463558,1.418374,0.215176,-0.25053,-1.599761,-0.762361,1.676563,0.875309,-2.290924,-0.170864,1.255775,-0.344683
ECA1807,0.263877,1.106697,0.216966,-0.509211,-1.616705,-0.173957,-0.677668,0.249937,-0.593241,1.216447,0.223301,1.010297,0.857134,0.985165,1.211047,2.250021,2.616563,1.200534,0.088611,0.029933,1.02126,-0.259376,-0.507613,0.161091,0.027529,-2.072696,-0.13216,1.321759,0.982271,-0.669478,-0.955892,-1.338631,-0.177654,0.852261,0.778308,0.828939,0.056786,0.951298,-1.410877,-0.393982,1.807994,-1.128253,-1.098173,-1.335246,-1.249113,-0.826514,-0.094144,0.200028,-0.235001,0.179327,-0.121835,-0.635733,-0.589633,-0.626407,1.194626,-0.410591,0.34318,-0.884015,0.374312,-0.9807,-0.385447,0.107072,-0.454916,-0.193748,0.597315,-1.427663,-0.727692,0.534323,0.660584,-0.259717,0.351575,0.149483,-0.275037,-2.301902,-0.959213,-0.842984,-0.407889,-1.017305,-0.6712,-0.286224,-0.52211,-1.256744,-0.837983,0.034157,0.857037,0.161947,-1.31385,0.169544,0.662763,-0.249638,-1.175891,-0.649568,1.281375,0.712044,-1.759559,0.021826,-0.046833,0.82419,-1.392842,0.496351,0.003383,0.12423,0.549912,0.170718,-1.077969,-0.102323,-1.411281,0.325968,-0.488215,0.211394,-0.052839,0.440568,0.281562,1.14429,0.734555,-1.099107,-0.601469,-0.171258,0.049993,-0.405863,1.267049,0.375213,0.379402,-0.455181,-0.606584,-0.124942,-1.81512,0.719147,0.505451,-0.63707,1.220464,0.248535,1.254806,1.503585,-0.260783,-0.099468,0.5277,1.341543,1.851691,0.940931,0.482709,0.669096,1.503751,0.056329,1.493399,1.26566,-0.583669,1.592776,1.725259,-0.146279,0.808497,0.639385,3.877026,0.481716,1.292084,-0.64994,-1.257692,0.188548,0.150437,-0.307816,0.536236,1.255401,-0.620104,0.354478,0.357976,2.158672,0.348404,0.080781,-0.594638,2.117181,0.539945,-0.994465,-0.008518,-0.581939,0.984436,0.555934,-1.127556,1.425661,0.911807,0.070893,1.180876,0.882868,-0.165699,1.223772,-0.152466,0.03295,0.522344,0.294348,-0.350379,-0.31565,1.708746,-0.738186,-0.620931,-0.26021,0.173602,-0.475507,-0.857646,-0.603159,-0.706233,-1.817156,0.330617,-0.059605,0.064783,-2.074373,-0.841398,-1.199383,-0.139204,2.285331,-1.34824,1.492345,0.466801,1.993853,1.36339,0.825635,-0.422776,1.158886,0.85855,0.94263,0.811158,-0.334191,0.120768,-0.158309,-0.933103,-0.638072,-0.769259,-1.491041,-0.679782,-0.210906,-0.669941,-0.217324,-0.556899,2.01112,-0.961103,-0.61519,-2.045678,1.371731,0.157363,0.709284,1.79499,1.180214,0.083522,1.382154,1.022584,0.266396,0.718829,0.768224,0.808121,1.602498,0.747478,2.214638,1.0033,0.76614,-0.207761,-0.074164,-0.285085,-0.861614,-0.312086,-0.664373,-0.696777,-0.727842,-0.208912,-1.233241,-1.245505,-0.501198,0.079272,-0.009645,-0.440357,1.162496,-0.684431,-0.053527,1.30609,-1.134917,0.652563,0.082495,-0.823478,-0.116773,0.138859,1.913137,0.721219,-0.021601,0.626181,-0.143367,-1.214577,-0.13826,-0.604293,-1.641795,-0.969119,-0.927201,0.716129,-0.247198,0.108873,-2.687239,0.478953,-1.344943,0.781474,0.058554,-0.759478,-0.410524,-0.936998,0.712857,-0.877609,0.783784,0.275192,0.124069,-0.500396,0.253896,-1.612184,-2.163424,0.332964,0.069302,0.24866,-1.078829,0.457848,1.353562,0.65284,0.830802,-0.617569,-0.480032,1.025774,0.344255,-1.198234,0.557896,2.059869,1.549009,0.727904,0.570384,-0.080921,-0.009051,-0.406812,1.349688,0.216863,2.45539,-0.013694,-0.065463,0.953169,0.233221,1.449549,1.789626,1.310919
ECA1853,-0.118732,-0.776702,-0.285063,-0.871427,0.189442,-0.707901,0.837421,-1.765153,-0.802198,-0.438839,-0.510494,-0.542659,-0.410041,-2.054934,0.642614,0.04209,1.486374,-0.093714,-0.52328,-0.20741,-0.733388,-0.174993,1.258529,-0.278539,-1.710877,-0.425038,-1.172031,1.084664,-0.203256,-1.735695,-0.493017,-0.532918,-0.566805,-1.266265,-1.069011,0.057098,-0.3843,1.079284,-0.310396,-1.544554,0.678009,1.398554,0.698254,0.202798,-0.251937,1.211228,-0.774787,0.896481,1.039101,-0.180706,-0.431124,2.053398,1.353706,1.201963,0.689631,-0.519531,0.716324,-1.109646,0.557733,-1.032434,-0.678591,-1.251073,-1.564429,-1.388439,-0.065017,-1.33015,-0.186482,-3.262476,-1.539896,0.290394,-0.89423,1.181821,-0.757341,0.239807,1.062077,0.24872,-1.037518,-2.028031,-0.772928,-1.717208,-1.655381,0.972693,0.381023,1.109968,0.232349,-0.004258,0.569529,-1.294602,-0.432503,0.577611,0.788844,-0.050666,-0.626742,0.791726,0.568016,-0.656471,0.716874,0.608112,0.501193,0.947362,0.718921,1.200902,-2.042487,-0.111444,-0.390358,0.253629,0.695545,-0.403637,1.732743,0.521385,0.491981,-0.783988,-1.212983,0.048703,0.313155,-1.004856,-0.012822,-0.315691,1.474361,-1.748202,1.071701,0.935528,0.314834,1.58432,0.567014,0.507304,-0.948794,-0.046446,-0.119533,-0.4178,-0.745276,1.237743,-0.008736,1.377007,-0.522202,0.221129,-1.03674,0.5303,-0.373516,-1.028355,-0.425097,-0.882744,-0.12921,-1.103872,0.540289,0.145034,-0.695588,-0.577028,0.43088,-0.261284,-1.083014,-0.36323,0.589748,1.801877,0.66173,0.197645,-0.629645,-0.685784,1.990237,0.854849,0.008189,0.709159,1.845702,-1.339547,-0.056854,1.988417,-0.588746,0.466414,3.052725,-0.426188,0.533334,-1.708337,0.588344,1.1426,-0.618153,-0.093924,-0.829957,0.074149,-1.354516,-1.85587,-0.435423,0.650083,-0.34024,0.573351,1.745626,0.553266,0.903514,0.702589,1.48179,0.221344,0.639384,0.427113,-1.636956,-0.760477,0.57063,0.112972,-0.022752,0.11517,0.656416,1.718879,-1.140328,-1.777526,-0.290808,-1.247883,-1.587467,-0.188709,-0.235203,-0.101774,1.346512,-1.449204,-0.977123,-0.569374,0.649118,2.227314,-0.149808,1.788794,0.53665,0.576112,0.228828,-1.51515,1.688825,-2.303715,0.404043,-1.354049,0.083354,0.20447,0.532148,-1.932358,1.143278,1.38956,-0.21947,0.110079,-1.362468,-0.420707,1.160381,-0.817547,0.401203,0.895271,0.940402,1.506163,1.327908,-0.364151,0.71445,-0.627898,0.065928,0.663411,-1.02257,0.625905,-0.354085,0.102631,-0.19891,-0.60404,0.337834,-1.917375,-0.932101,-1.807342,-0.067155,0.212358,-0.430713,-0.698561,-1.257798,-2.813339,-0.187471,0.23034,0.598535,-0.273614,-0.373679,-0.90972,0.181689,-0.224392,-1.498807,1.301284,0.859066,-0.542114,0.891686,-0.732083,-0.881185,0.238732,-0.441962,0.926822,0.848957,1.160607,0.515148,0.555711,-1.379681,1.549799,0.900333,0.862524,-0.306483,-0.031081,-1.112613,-0.987162,0.378888,0.251051,-1.797269,-1.67616,-0.379474,-0.998508,-2.875615,0.322556,0.19568,-2.01142,-1.070084,-0.054604,-1.75202,-1.652245,0.662645,0.432402,-1.540116,0.245533,-1.921289,-0.294804,-0.467927,-1.126315,0.49683,1.249823,-1.171631,1.51021,0.571714,1.002288,-0.459496,0.813675,0.722974,1.228148,-0.391806,-0.159711,-0.289045,0.977876,-0.184186,1.012164,-0.412616,-0.836725,1.225387,0.709162,-0.313282,-0.58424,-1.490893,-1.416181,-0.199721
ECA1887,0.345745,0.113975,1.648417,0.095629,0.39288,-0.748976,0.860781,-0.379456,1.202122,0.506993,-0.593245,-0.613103,-1.73502,-1.246499,0.44556,0.43639,-0.822153,-0.442951,-0.348564,-0.544195,-0.092217,-0.094083,0.667971,1.933208,-1.73625,0.217204,-0.602983,-0.663017,-1.475964,-1.472017,-1.190835,-0.350815,-0.155661,-0.060585,-0.362742,-0.511792,1.500041,0.706303,-1.313107,3.096313,1.675612,2.268895,-0.836567,0.945764,1.496571,0.00756,0.584035,0.263602,1.135205,0.281014,0.140652,-1.766157,-0.264666,-0.469618,0.093276,-0.790918,-0.544918,-0.685318,0.499315,1.848069,-0.903359,-1.013788,0.599973,0.237791,1.836972,-0.379763,-1.545973,-1.317084,-0.727708,-2.229413,-1.463029,-0.461923,0.604959,0.193839,-0.033151,0.301575,-0.883146,0.458831,-1.25892,0.054134,-0.864077,0.505342,-0.587631,1.133912,-0.507123,-1.228755,-1.66989,1.190933,-1.14001,0.714994,-1.013371,0.368464,-1.595986,-0.754126,-1.19774,2.196974,-0.999619,-1.156716,-1.486677,2.138034,0.952165,2.192295,0.401076,0.292901,0.062168,0.040739,-0.186207,-0.210318,1.811195,2.487156,0.321741,-0.916186,0.63295,0.484865,1.315508,0.368238,0.786998,1.46406,0.327805,-0.803067,-0.928784,-0.339445,-1.265058,-0.613454,1.364002,0.604004,-0.459553,0.045134,-0.564187,-0.665843,-2.966059,-0.358457,-0.470129,0.083057,-0.06481,-1.14256,-0.031288,1.229449,0.487984,0.933524,-0.141606,1.168262,1.546033,0.843514,-0.278965,0.747862,-1.01497,1.123815,-0.733886,-0.907403,-0.564582,-0.521736,-1.499984,0.700063,-1.826545,-0.857042,-0.176957,2.169937,-0.391639,0.733758,2.307662,0.578877,-0.943511,0.031685,0.82525,0.219836,1.092935,-0.486983,-0.142453,0.741392,-0.237236,1.575257,1.614025,0.115292,0.375319,0.60858,-1.687381,-1.01404,-0.107606,0.824771,1.700296,2.88727,0.777361,0.888073,0.741618,-0.452593,0.760128,1.207027,0.561518,0.660308,-1.715911,0.88694,0.207671,-0.237111,-2.470688,-0.799084,-1.522052,-0.623353,-0.761755,0.802432,-0.469766,-0.879454,-0.340474,0.584785,-0.35368,-0.457487,0.540525,-0.001967,0.559867,0.725358,1.078717,0.847705,0.274458,1.674229,1.833498,1.163313,1.47298,-0.11138,0.165724,0.079396,-0.136938,0.455678,-0.620683,-1.243813,-0.073283,0.218052,-1.286406,0.460262,-0.642704,-0.816286,-0.002267,0.625866,-0.869083,0.393734,-0.413236,-0.029403,1.353872,-1.697888,0.031809,-0.554318,0.307849,-1.897707,-1.972702,-1.230012,-0.1564,-3.286524,-0.075482,-2.369604,-0.312757,0.952026,-1.847418,-0.463132,1.494897,-0.192258,-0.763509,0.409166,1.24749,-1.55503,0.086698,-1.419662,-1.19345,-2.193335,-1.003839,-0.829849,-0.200574,-0.241202,-1.5478,-0.521376,-0.850507,0.031361,0.849235,0.478669,1.273654,-0.19208,2.133238,0.114907,-0.222059,-0.146401,0.687483,-0.115583,1.220307,1.348748,-0.567843,1.217747,1.281599,1.84837,0.558038,0.759116,0.872553,-0.198076,-0.109156,0.635304,0.102711,0.222436,-1.91966,0.195426,1.902419,-0.836212,-0.211392,-0.123099,0.13988,-0.052063,-0.533282,0.835735,0.249613,-2.631959,0.768393,-0.398805,-0.051346,-0.842285,1.053611,0.183109,-0.813303,-0.92175,-0.939566,-0.160023,0.779447,0.882773,0.291593,0.914621,0.270137,-1.460811,-0.61463,-1.490613,2.648613,1.235391,0.067089,0.527923,0.964551,0.121855,-0.934868,-0.716951,-0.628062,-0.295797,1.824513,0.942223,0.778287,-1.364415,-2.598179
ECA1889,1.737986,-0.311378,-0.345258,-0.576077,-0.144554,1.232994,0.863652,-0.622386,-0.275702,-0.033302,-1.302601,2.728018,-0.174913,-0.244516,0.471681,-0.4566,0.063301,-1.250984,0.431537,1.535235,-0.284658,0.254963,0.706753,-0.810922,0.077753,0.271939,-1.694529,-1.256744,0.975865,0.553535,-0.383323,-1.008642,-1.740933,-1.244993,-0.613041,-1.662569,0.714069,0.995052,2.136245,1.245363,1.441171,1.845313,1.470735,3.195237,0.820345,-1.800451,-0.369163,0.758702,0.024922,1.105582,1.038681,1.165464,0.733002,2.327649,0.434504,0.217981,-1.225563,0.70956,-1.522652,0.089205,0.281909,0.476011,0.066819,-0.39311,0.362406,1.20082,-1.889698,-1.384765,-0.729792,-0.49049,-0.42246,-0.760682,-1.268052,-0.282593,-0.23054,-1.827358,0.293833,-0.60865,-1.06042,-0.806118,-0.699391,0.480876,-0.106912,1.669367,-1.130149,-0.221445,0.536322,-1.146903,0.433887,-0.332556,-0.629078,0.062053,1.578434,-1.022859,-1.417496,-0.635724,-1.746473,-0.66565,-0.407913,-1.524136,-2.625404,0.130769,-0.40304,-0.754869,-1.163823,-0.648695,-0.659461,-0.146742,0.370108,-0.514235,0.805924,-0.154115,1.481595,-1.317182,-0.330342,-2.002459,1.470463,1.156808,-0.925828,-0.141943,-0.372253,-0.931686,2.122098,0.278223,0.175153,0.238841,0.313056,-1.624704,0.139213,0.2114,1.478424,-0.203725,0.851429,0.775544,1.081464,-1.751388,-1.048883,-0.593266,-0.175594,0.54716,0.106885,-0.046148,0.730595,-0.265638,1.053284,-0.370407,0.991996,-1.62629,0.332201,0.445293,-0.411847,-1.117034,1.4231,0.026694,-2.494204,-0.795332,0.491448,-0.011519,0.124522,0.183599,0.462023,-1.01848,-0.315942,-0.057173,0.871474,-1.040344,0.996309,-0.656151,1.410801,0.736864,2.708429,-0.164015,-0.344093,-0.524215,2.020586,0.357424,-0.217876,-1.316033,-1.904694,-0.590533,0.086432,1.368431,0.401574,-1.38753,1.212155,0.58947,0.614207,-1.052088,-0.303803,0.240964,0.770262,1.293811,-0.096235,1.295016,1.553291,-1.774176,-0.053975,-0.382128,0.59547,-0.438128,0.382798,-0.897744,-1.029415,-0.648929,-0.426777,-0.452646,0.125221,-0.507258,1.01825,-1.939912,0.136464,-0.473677,0.412584,-1.186318,0.299664,0.12964,-0.060199,-0.613962,1.654509,2.049427,-0.287581,-0.723847,-0.939813,-0.762463,-1.120627,0.537451,-0.430402,-1.132679,2.218092,-0.342022,-1.630837,-0.031523,0.36033,-1.2916,-0.712594,-0.268219,-1.063584,-0.369899,-1.294764,0.566754,-0.03253,-0.486064,0.541231,0.757221,1.194999,-0.694672,-1.525886,0.111708,0.616244,-0.258691,1.89282,-0.677598,0.140887,-1.113335,0.386221,-0.680222,-0.318817,0.770999,-0.161675,0.817086,0.808262,-0.158524,-0.300566,0.783639,-1.188367,-1.440707,-1.168214,-1.035269,-1.313095,0.058707,-1.434104,1.184536,-0.234,1.196324,1.30474,0.5574,-0.805806,1.241354,1.317749,0.07468,-0.94364,0.402037,-1.307415,0.884453,0.345037,0.758369,-0.793603,-1.224328,0.702114,-0.846875,-1.375008,-2.595173,-0.756587,0.57195,-1.999069,-1.617083,-1.058723,0.987359,-1.571731,0.599522,0.474876,-0.379147,0.200114,1.804372,1.999804,-0.422067,0.986728,-0.802964,0.307236,0.29343,2.631458,-1.574137,-0.317016,-0.288875,-0.948157,-0.967964,-0.675317,-1.336535,0.821917,-1.031424,-0.265566,0.785027,-0.411386,0.53974,0.59238,-0.605366,-1.418956,0.476365,0.509762,1.743826,-1.050199,-0.026909,0.146073,0.565428,0.228469,-0.453455,0.84319,-0.588663,1.456495
ECA1977,0.791105,0.780219,0.42611,-0.504174,0.706305,1.808429,-1.386358,-0.158526,-0.32231,0.066051,-1.657136,1.336988,-1.294939,-0.662964,-0.65194,-0.377502,-0.878418,-0.851608,0.666106,1.51667,-1.000244,1.254698,0.019769,0.642978,1.264969,1.904324,0.126036,1.083886,0.820932,0.686103,-1.937735,0.947038,0.430431,0.022818,0.284152,1.203168,2.03265,-0.376812,-1.471459,0.882727,0.523508,-2.032798,-1.469552,-0.664196,-0.280981,0.898841,0.09691,0.4046,0.399715,-2.101893,-0.502222,0.049424,-0.185095,-0.766693,-0.288644,-0.746337,0.19048,-0.404771,0.023956,-1.052307,-0.258404,-0.901042,1.154901,-0.937975,-0.196238,-1.261352,-0.437525,-0.620259,-0.427417,0.006608,0.629284,-0.35045,-2.602359,1.048624,0.279213,-1.016708,-0.719805,0.594149,0.255509,-0.129599,0.025713,1.010335,-1.62861,0.358135,-0.676715,-1.206156,-0.504642,-2.61393,-1.397328,-1.871674,-0.393842,-0.205787,0.770505,-0.524506,0.164749,0.504993,-0.203032,-0.066418,-0.735548,0.01015,0.071138,-0.009015,0.577356,-0.337131,1.412126,-0.042363,0.964655,-0.155821,-0.127278,-0.088547,-1.368029,-0.636246,-0.330525,-0.49485,-0.055572,-0.735576,-0.442926,-1.259638,-0.171871,-0.132286,-0.029349,0.389679,0.461872,-0.548066,-2.076334,-0.054296,1.289779,0.156607,0.303758,1.953769,0.223359,1.401831,1.065831,0.456447,1.3825,0.688139,0.208959,1.043681,-3.092112,-0.019034,0.291338,-2.653712,0.208156,-2.37315,-0.535688,-0.845719,0.985144,0.212975,0.730677,0.964064,-0.294314,0.34638,0.14349,0.252065,0.876042,0.647631,0.386828,0.109017,1.819871,-0.051525,0.133128,0.191192,-0.043631,-0.619156,-0.60667,0.817797,1.879614,-0.517831,-0.602565,0.05823,1.276518,-1.161255,-0.535363,-0.073084,2.124759,0.102104,1.273856,1.344549,0.274972,1.817871,0.477367,-0.148639,0.404507,1.095645,0.761374,0.10483,-0.451214,-1.169611,-0.096535,0.279481,-0.72069,-1.007072,-0.685023,-1.300757,-1.50333,0.731945,-0.637471,0.464422,-0.7161,0.386103,-0.187179,1.2557,-1.555619,-1.612458,-0.643672,0.404137,-1.179816,-0.33123,0.692112,0.472261,0.226878,-0.042545,0.576965,0.268267,-0.364377,-0.388746,0.735225,-2.189216,-0.485861,-0.539142,-0.054887,-1.140739,-0.892342,-1.57021,-1.070179,-0.218344,-0.221812,0.375358,1.21933,0.748444,0.397619,-1.938345,-0.028343,-0.930941,-0.147546,0.326943,-0.288568,0.898084,0.289466,0.2481,0.922673,1.793196,0.188594,1.277027,-0.228404,1.527359,1.049087,1.031645,-0.312916,0.605852,1.208052,1.075626,-0.428774,-1.630652,-1.401601,0.348309,1.821419,-1.075928,-0.310781,-0.458909,-0.614822,0.467165,-1.607114,-0.622257,0.29674,0.751648,-1.796388,-1.901551,-1.224866,0.656371,1.283014,0.89826,-0.47675,-1.10428,1.796397,2.224213,0.883727,1.755897,-0.984511,1.056909,-0.973674,-0.646498,-1.706386,0.031445,1.626091,-0.397272,1.277738,-1.16618,0.913937,1.254768,-0.913833,0.32521,-0.518861,0.109929,0.329988,-0.1527,0.781213,1.416796,-0.317637,-0.590218,-1.349313,-0.583765,-0.79437,0.750448,-0.400405,-0.73676,0.683253,1.186883,0.180714,0.853777,0.297331,1.33038,0.441236,-0.037373,0.270894,0.135729,-2.208575,-1.08785,-1.186424,-1.10237,-0.114609,-1.089248,0.22955,-1.027105,-1.652232,0.798853,-0.946384,0.24949,-0.419609,0.610939,-1.497471,0.638184,-0.343104,-0.17094,-0.011139,-1.934855,1.069873,0.403959,-0.236827
ECA2081,-0.612936,0.96995,-0.033168,0.514411,1.764023,0.434801,-0.367994,0.813802,-0.775607,1.378176,0.99193,0.320236,1.833062,0.046086,0.239419,0.033454,1.962211,-0.203623,-2.474571,-0.692687,0.615836,-0.908985,0.364101,-0.663528,-0.698203,-0.702337,-0.301674,1.038536,1.887273,0.93007,0.409984,-0.603746,-1.314731,0.420052,0.306992,-0.411395,-0.337692,-0.96181,1.078317,-1.435437,0.325555,0.20361,1.413033,-1.285185,0.910416,1.299572,1.141167,3.180913,2.64065,-0.938543,0.010616,0.529534,0.606479,2.287702,0.870269,1.184948,-0.855344,-1.16886,0.409229,0.567797,-0.172307,0.834761,-0.636145,-1.118854,-0.357079,-1.588399,-1.438334,-0.111531,0.058236,-0.380547,-0.84342,0.054902,0.382984,0.01988,1.553256,-0.489802,0.089638,1.362893,2.071884,2.500216,1.866302,1.57959,-0.153431,-0.39101,-0.017808,-0.682809,-0.196413,0.419848,0.309872,-2.010816,1.614585,-0.013256,-0.596694,-0.002916,-0.292547,-2.237619,-0.661337,0.696189,0.383044,0.400432,-0.029957,-0.603975,-1.502456,2.050879,0.027599,-0.288156,0.539281,-1.555049,2.02221,0.365291,1.428408,1.465683,0.56411,1.578112,0.929135,1.274435,0.33887,1.7101,-0.463996,1.871804,-0.538516,0.801278,1.186405,0.939571,1.904015,0.216714,0.90448,-0.461829,1.254501,1.71351,-0.378271,-0.645839,1.088115,-0.675396,-0.313714,-0.477296,1.520501,0.72843,0.653109,-0.314061,0.796749,-0.416607,-1.064586,0.123035,0.966857,-0.653067,0.527196,-0.21921,-1.39701,-0.938637,-0.128154,0.522499,-0.575229,0.17644,-0.326084,-0.116429,-1.07684,0.668984,-1.48773,-1.966979,-1.546879,-1.483833,0.876819,-0.589298,-0.142504,-0.559809,-0.741467,1.509107,0.117594,-1.039012,-0.569047,-1.167227,1.066903,-1.222818,0.056204,-0.958722,-0.208363,-0.157932,-1.107109,0.130969,0.622636,0.415281,-0.359733,0.82917,0.290411,-0.729218,0.528144,1.477494,-0.384704,0.861806,-0.212762,0.529078,-0.101397,1.020229,0.886929,2.009604,1.515647,-0.371756,-1.772899,0.098149,0.659157,-0.211227,0.23261,0.745601,2.903292,-0.223191,-0.94592,-0.012179,0.57153,-1.668492,-0.105547,-1.128147,0.47619,-0.810917,-0.623527,-0.828081,-3.049807,-0.520225,-0.742989,0.034519,0.418054,-0.600172,0.02915,0.28653,-0.080238,0.135013,0.643393,-0.135156,1.780125,1.427384,0.564548,-1.591484,-1.883335,-1.131344,1.0084,-0.539063,-0.346782,0.038094,1.991958,0.658942,0.883302,1.724095,1.248418,-0.584388,2.202709,0.297599,1.802159,-0.479101,2.089878,-0.286001,0.671565,0.445283,-1.266127,-0.217196,-0.224891,0.282686,0.230767,1.803922,0.541677,-0.00755,1.2075,0.37243,0.933635,-0.176034,-1.563667,0.834306,0.743225,1.413709,0.764442,0.366638,-0.063303,1.295137,-0.010307,-0.853039,0.419748,0.438167,-1.364679,-0.438381,0.650021,-0.258187,-0.948528,-0.05134,0.113928,-1.084955,-0.223033,-1.435113,-0.881928,-1.035804,-1.301935,-0.842727,0.903953,0.398161,-1.679989,-0.718636,0.122148,0.304279,-0.834279,0.302064,0.42772,1.288798,1.832354,0.454463,-0.440367,1.177098,2.075976,0.547757,2.313705,1.556167,-0.561075,1.22069,-0.086721,-0.491157,2.059935,0.962551,0.802969,0.659791,-0.8202,1.651734,1.00251,0.592336,0.836361,1.280956,0.875907,0.884919,-0.519974,-0.079894,2.147932,-2.584219,0.1162,-0.18176,0.578752,-1.941834,-1.788639,-1.282336,-1.124042,0.925014,-0.689792,-0.624203,0.215361
ECA2091,-1.99729,0.650881,0.568353,0.274518,-0.841068,-0.573726,-1.819216,-0.844675,-1.604083,2.165098,0.031809,-0.257679,-1.026831,-0.277058,-0.506482,-1.863887,0.026795,-0.168203,-1.125038,-1.112744,-0.634788,0.086858,-0.375366,0.422451,-0.185579,-1.171323,-0.260899,0.088856,-0.837043,0.159686,0.677179,0.341887,-0.256583,-0.056872,-0.514953,-2.226911,-1.70576,-0.483939,0.728994,-0.648748,-0.622433,-1.084526,0.050055,-0.249177,-0.435008,-1.1551,0.020287,-0.597682,-0.832377,0.655336,-0.0092,-0.253944,0.523067,1.012739,-1.155399,0.396498,1.034921,-0.130944,-0.163913,-0.45233,0.713564,0.235923,0.44947,-2.137959,1.804685,0.369721,0.197175,-1.19426,0.634058,-0.09856,0.34959,1.205761,-0.220009,-0.839727,-0.829621,0.394586,-1.488066,-2.163772,0.775421,-0.781227,0.571345,1.461687,-1.010325,-0.147802,2.233698,-0.129544,-1.37884,1.308978,1.424367,0.777278,-1.191225,-1.256176,0.961026,-0.561824,1.41582,-0.324066,-0.287858,-0.607869,1.157184,0.645552,0.544789,-0.835701,-0.13753,0.086577,-0.050425,0.330624,-0.307269,0.486074,-1.137281,-0.559968,-0.637033,-1.346549,-1.323769,0.724186,-1.645245,0.482685,-0.339934,-0.165373,-1.192015,1.277747,1.331308,-0.595431,-1.28232,-1.382158,-1.130871,0.605966,-1.455944,-1.512993,-0.453576,-0.50725,-0.457455,-0.53849,-1.734135,-0.468198,-0.134324,0.408447,-1.04669,1.656827,0.203907,-0.529003,-2.209612,-0.743172,-0.606616,-0.433465,-0.000441,1.864815,-1.256825,0.925396,-0.037083,-0.243192,-1.493419,-0.272421,-0.039206,-0.81994,-0.070339,0.046619,-0.806217,2.045307,0.389447,0.838576,-0.766824,0.697353,0.227127,-0.239352,-0.376807,-1.752438,-0.331553,0.795961,-0.995287,0.177721,0.548124,0.728031,1.326217,0.934311,-0.189242,1.227333,-0.385682,0.219247,0.867257,1.343621,-0.74856,-1.115659,-0.116911,1.134195,-1.481612,0.421771,-0.167127,-1.38026,1.235369,0.519314,-1.664272,0.313521,-0.430511,-1.088414,1.092452,-0.319328,-0.958464,0.031293,-0.216377,0.237839,0.376738,3.155071,0.311907,1.365389,1.521249,0.445551,1.437129,-1.232993,-0.411862,0.734073,0.54768,0.609464,0.401142,-0.249642,-0.788851,-1.662742,-0.519632,-1.32358,-0.478769,-0.593281,-0.357211,0.534902,1.160096,-0.595151,-0.712051,0.892765,-1.410622,-0.474877,0.91492,0.366046,-0.317074,-1.043654,-0.202649,-0.1553,-0.836325,-0.994813,-0.256023,1.395151,0.508387,-0.265135,0.460052,2.442594,1.075599,-0.522551,0.065271,0.256274,0.740125,-0.227999,-0.742247,1.812362,0.031344,-0.535966,1.143521,-0.496887,0.695703,-1.37891,1.118071,0.076432,1.825522,1.069767,0.660128,-0.709035,-0.522495,-0.17248,-0.166991,-0.576299,0.949432,0.896747,0.270068,1.430909,1.112608,-0.625929,0.620728,0.064653,-1.053416,-0.419906,-0.504204,0.220303,1.606388,-1.324081,-1.955789,-1.31822,-0.708209,0.69407,0.271846,1.603927,0.70276,-0.05799,1.504405,-0.768838,-0.467636,-0.523848,2.212252,-0.199791,-0.054282,1.028803,-0.051118,1.047607,-0.359475,-0.132022,-0.417752,-0.823695,-1.567928,0.118886,0.155204,0.371382,-0.275927,-1.204412,0.495096,-0.557371,0.672491,0.220518,0.178153,-1.791329,-0.42266,-0.252724,0.179587,-1.108823,2.259539,-0.617777,0.597877,-1.143751,-0.565952,-0.727186,0.773055,-0.095573,-0.679423,0.012353,0.762186,-0.366167,-0.265035,-1.150124,1.320501,1.741915,0.72652,-0.693343,0.85808,0.701748,0.655644
ECA2151,-2.423621,0.764061,-0.79654,-1.726798,0.594072,0.623261,-0.695822,-1.367528,-0.333932,0.284842,-1.212267,-0.808756,0.090821,0.193724,-1.847984,0.09655,-0.892967,-0.074837,1.410494,1.22387,-0.230754,0.075552,-0.781209,0.315503,0.803522,-0.779311,-0.591457,-0.721393,-1.475719,0.201217,-0.515303,0.338918,-1.3487,0.185966,-0.144114,0.253515,0.482054,0.650007,1.125528,0.203038,0.912906,-1.899317,-1.132793,0.438862,-1.290978,-0.217052,0.038493,-0.884168,-0.195801,-0.44451,-1.555139,-0.062376,-0.272816,-0.720782,-0.926761,-0.212513,1.245692,-1.475889,-1.554897,0.041211,0.261171,0.038974,-1.137329,0.167263,-0.700246,-0.578078,-0.634398,-1.360659,1.288556,0.012426,-1.475518,1.928924,1.845334,1.034574,2.263688,2.703791,0.559159,1.000711,1.694975,1.907942,2.740642,0.974963,-1.025748,1.105285,-0.603068,-0.539629,-0.288322,-1.217147,-0.396862,1.619165,-1.380027,0.142473,-0.45774,0.194571,0.443268,-0.322977,-1.328069,-0.403596,0.047676,-0.077118,-0.458248,0.706362,-0.826064,-0.153152,0.732683,-0.86792,-0.933495,-0.717764,-0.666145,-0.018696,-1.616575,0.358111,-0.512318,0.328681,0.137367,1.049088,0.231426,0.670599,0.480019,1.988139,1.523876,0.187546,1.181346,0.093219,0.689447,2.699665,0.699718,0.2093,-0.158519,-0.265305,-2.520107,-1.317581,-0.676653,0.218784,-1.826931,-1.588451,-0.044373,-1.599143,-2.115476,-1.284724,1.693391,-0.607441,-0.743,0.588028,-1.456104,0.585183,-0.355828,0.690925,0.93842,-1.509884,-0.444331,0.386706,0.084097,0.357757,-0.162397,-1.362721,-0.026927,-0.388788,-0.103167,1.206402,-1.2862,-0.546044,0.316938,-0.672526,-0.233944,-0.52434,-0.225151,-2.1186,-0.20403,-0.89895,-0.218139,-1.565877,0.675754,-0.280593,1.309289,0.252609,0.403847,-0.868287,-0.219855,-0.539078,0.017967,-0.485275,-1.0581,-0.535816,-0.034439,-0.861615,-1.407381,-1.020527,0.293169,-0.326829,0.106338,0.797635,-0.002118,0.059779,1.602331,-1.264172,-0.809728,-0.719602,0.09389,1.357569,0.035723,0.960736,-0.098188,2.305792,0.94761,0.257539,2.108847,0.709554,-0.6361,0.859187,-0.374566,0.377542,1.703845,-0.033762,-0.846492,0.954925,-1.631019,-0.270782,1.100795,-1.55661,-0.22981,0.433798,1.576974,1.377333,0.141801,0.965863,-0.567246,0.270717,-0.301981,1.116253,-0.892506,-0.191666,0.038601,-1.109991,0.839597,-0.927285,0.106236,0.85686,0.387003,-0.608549,1.348627,0.338803,0.983202,1.443551,1.153482,0.360665,1.411007,1.676224,-1.129937,1.559425,0.162933,0.912288,-0.818069,0.36308,-0.850974,1.67485,-2.038447,-1.585987,0.064309,-1.023825,0.958214,-1.137882,-1.422155,-0.919996,0.154889,-0.207388,1.048838,-0.476192,0.237561,-0.161094,1.141243,-0.158644,-0.273362,-0.397699,-0.614719,-0.873145,-0.349697,0.495552,0.889862,0.100202,0.966221,1.026658,0.117899,0.28121,-0.436432,-0.317904,0.626228,0.804252,0.865183,-1.099548,-0.139203,-0.891921,1.586224,0.477537,0.333369,1.562852,-1.114972,0.651601,0.578468,0.976675,0.190423,0.28253,-0.091678,1.248212,1.048969,0.653859,-0.167513,0.555814,-1.255154,-1.407432,-0.124472,-2.057699,-0.240618,-0.369046,-1.239513,-0.767517,0.657214,-0.956235,-0.171166,-0.224045,-1.881165,0.354072,0.376882,-0.395629,0.047584,0.628275,0.202408,-1.204815,0.283937,-0.142311,0.651125,-0.087775,-0.702343,1.963518,0.012801,0.226291,1.281896,-0.489903,1.160549
ECA2183,-0.439304,-0.217035,-1.433685,0.200751,-0.54331,0.84665,-0.472364,-1.476949,-0.438139,-0.434958,0.487497,-0.904644,-1.662297,1.393911,-0.332463,-0.007032,0.100688,-0.436477,-0.40118,-0.494173,-0.13955,0.454724,0.015876,0.460597,-0.110065,-0.67268,-0.362923,-1.349579,0.200746,-0.590966,0.815588,-0.472482,-0.105555,-0.915002,-0.147327,-1.81279,0.527277,-1.043484,1.360011,0.90782,0.528461,-0.488843,1.192111,0.989903,0.373419,-0.051348,0.670956,1.556728,0.116761,1.267889,-0.622529,1.6619,0.952819,1.256399,-1.477757,-0.51323,-1.105446,-1.014188,-1.199901,0.296148,-0.369508,0.406306,0.697656,1.638791,0.458896,0.53825,0.226648,0.48761,1.581021,0.460293,1.053013,0.872142,-1.080772,-1.037803,-1.452484,0.957379,-0.482828,-0.158018,0.409889,-1.453025,-0.205695,1.89069,1.714525,0.708289,0.748534,-0.065115,-1.186835,-0.571361,1.196701,2.047258,2.054291,-0.279855,1.203091,-1.023088,1.208233,0.189704,-0.452392,-0.862515,-1.791265,1.206631,-0.588823,-1.541268,-0.133459,0.262109,-0.181723,-0.083856,-0.088862,0.356055,-1.414585,1.790382,-1.267414,-0.182746,-1.811631,-0.748066,-0.755158,-0.169216,0.94525,1.865705,-0.435844,-0.864921,0.579523,0.345253,0.557551,0.280032,0.568347,-0.975282,-0.013583,-0.283142,0.545392,0.240643,-1.933136,0.510416,-1.257192,0.227274,-0.10851,-0.761847,-0.938659,0.364887,-0.42761,-0.660508,-0.931337,1.449071,-0.446777,1.230454,-2.02872,-1.576851,-0.610265,-0.771436,-0.305621,-1.058508,-0.888732,-0.863371,-0.610346,1.694096,0.521735,1.034028,1.943973,0.470947,0.165951,1.815903,-0.648419,1.02267,-0.807475,-0.085076,-0.882577,-0.765891,0.041349,0.38506,0.598224,0.507245,-0.699641,-0.151201,2.645623,0.641037,-1.274273,1.956469,-2.034101,1.614007,-0.836179,1.302783,0.088267,-0.213814,-2.331607,-1.113052,1.229981,-1.012536,-1.972548,1.115281,-1.463912,0.972775,-0.056537,0.729907,1.68631,2.375492,1.436497,1.389468,0.306464,1.800325,0.443086,0.49392,-0.539101,1.01885,-0.014632,0.821759,0.316929,0.426403,1.111296,1.251366,1.10275,-0.507341,0.467838,-0.375218,0.942241,-0.853168,-0.390883,-0.888246,0.348026,-0.068122,-1.099708,-0.217008,-1.003796,-0.484256,1.638482,0.505119,-0.176449,-0.109327,-0.569115,1.743215,0.626958,-0.382391,-0.048402,1.546938,0.788149,2.216845,-1.755368,0.34583,0.408084,-0.207728,0.041966,1.486976,1.270106,0.550971,1.151692,0.733556,-0.114836,0.723617,2.760473,0.062776,-0.402718,1.020871,-0.041291,1.239809,-0.206879,-1.460835,-0.043285,0.234703,0.49621,-0.882353,-1.768973,-0.585257,-0.953512,-0.750652,-0.673773,-1.314902,-0.529244,0.798132,0.051949,0.946286,1.156226,0.210685,0.032259,-2.29937,1.335827,2.076052,0.296849,-0.29482,0.95543,1.019121,1.176125,-0.534583,1.637619,0.432207,1.742159,0.970884,1.649086,-0.450757,-0.484695,1.555644,0.548755,0.534112,0.529643,0.73522,0.854709,0.23484,0.475792,1.947667,1.013745,-1.545387,0.528911,-0.686091,-0.034282,0.145734,2.266318,0.801919,1.871656,0.616062,-0.473495,-0.878924,-0.051482,1.02227,1.583262,-0.127787,-0.591668,-0.847326,0.069293,-0.717337,-0.425217,-0.810827,1.081493,0.647227,1.251983,0.185459,1.727121,0.22854,0.975119,0.413136,-0.469118,-0.77373,0.568672,0.616563,-1.222635,-0.305959,0.129327,-1.063515,-0.76508,0.705446,-0.842661,-0.293213,1.388261
ECA2191,-0.196867,1.056059,0.398378,1.686315,-1.172682,-0.882153,0.065197,-1.326643,1.47615,-0.164495,0.124519,-1.134352,-1.353805,0.253504,-0.161195,-1.01093,-0.905909,-0.986687,1.521605,-1.919652,-0.464094,0.3045,0.150542,1.042929,1.319138,-0.342902,-0.896456,-0.288631,1.857806,-0.095396,0.531324,-0.399136,0.199807,-0.322201,0.265226,-0.789669,-1.096379,-0.602517,0.073245,1.548905,-1.146975,-0.174376,-0.183568,0.07017,-1.309092,-0.978312,0.466924,2.181445,2.459467,-0.162542,-0.589787,0.58385,-0.274164,1.499745,-1.376084,-0.474561,0.778751,-1.081936,-0.09102,-0.892285,-1.308507,1.278805,0.099229,2.170675,-0.418546,0.004642,1.941523,-0.008068,0.358257,0.679378,1.292056,0.955055,0.174363,-0.240142,-0.582507,0.086016,-0.656357,0.179527,0.857451,0.140766,-0.595522,0.953678,-0.499352,0.50049,-1.64862,0.668828,1.663696,2.101227,2.970329,1.322877,-1.429569,-1.808098,0.073367,-0.485221,1.178152,-1.394379,0.184242,-0.082679,-1.120974,0.025441,-0.250982,-0.44655,-0.512584,0.115033,0.574361,0.048001,0.387411,-1.326275,0.372266,-1.399037,-0.538111,0.747248,0.142324,1.671486,1.059671,1.480346,0.262874,-0.137732,0.345,-1.388728,0.590098,-0.686118,0.321528,0.79692,0.747704,0.390399,0.464364,-0.72716,-0.576686,-0.386559,-0.286083,-1.267943,-0.747567,-0.090721,0.057085,0.250519,0.09423,-0.695998,-1.47316,-0.233179,0.002527,-1.817782,-1.43447,-1.858782,-0.381276,-1.529285,-0.043324,1.397259,0.058235,-1.801996,1.518854,0.799581,0.840978,-1.818781,-0.239614,0.311699,-0.767377,1.414384,-0.910197,1.042197,1.395025,0.47563,0.317339,1.522774,-0.300425,-1.707051,0.636535,0.232757,-0.075405,-0.323328,-1.067069,0.334717,1.019298,1.514383,0.537487,-0.637236,-0.153315,0.843377,0.8907,2.001944,-1.089166,0.231171,0.082447,-1.554543,0.671693,0.554784,-0.970076,-2.970876,-0.204661,-1.341543,-0.170652,0.294404,-0.68851,1.372326,-0.214592,0.363457,0.362271,0.406877,-0.274725,0.705935,0.347243,0.430868,0.969896,1.766063,1.163406,1.433136,0.610547,-0.744474,-0.01976,0.84718,-0.21515,-1.479905,0.873135,-1.280461,0.493171,0.831716,0.776028,-0.147286,-0.095807,1.113995,1.410964,-0.107608,0.988205,0.369309,0.474628,0.28086,-2.766788,0.80848,-1.591685,0.721365,-0.553667,-1.048432,-0.024724,0.352105,1.544368,-1.455296,0.015827,1.925478,0.841747,0.94728,1.282243,1.175793,0.634803,0.511314,1.231514,0.258875,1.737142,-0.309647,1.001053,1.29279,0.654081,-1.9965,-0.52491,-1.466169,0.132402,-1.113129,0.213813,1.332967,0.804335,0.066159,-0.122742,1.208061,-0.140954,1.727244,0.423314,-0.782256,1.655246,2.057886,1.345498,0.313961,-0.379907,0.112675,0.826826,1.877537,2.265688,0.087921,0.114356,0.607077,0.073774,-0.102658,-0.833965,0.290199,1.391618,1.323459,0.122632,0.402359,0.016814,2.698189,1.437562,2.178796,-1.659448,-1.224383,-1.025197,-1.680145,0.364568,-0.407793,0.740373,0.146899,0.748348,0.152323,0.788218,-0.308736,-0.01175,0.164852,1.431203,1.256136,0.238931,-0.735308,-0.403712,-2.108057,1.209907,-1.030065,-1.257556,-0.140317,0.261474,-1.70864,0.986039,-0.024645,-1.551673,-0.066363,0.528139,0.181683,0.336776,-0.446038,0.024198,-0.036913,0.967821,1.250704,-1.932725,-2.129059,-1.156806,0.290364,-0.238186,1.32088,0.921918,-1.070407,-1.084882,-1.011599,0.415296
ECA2334,-0.122908,0.139726,0.079064,0.225239,1.112474,1.416364,-0.660063,1.497918,-0.395609,-0.467558,-1.231992,-1.975281,-1.340959,-0.338877,-0.851762,-0.971132,-0.303206,-1.492461,0.159977,0.85316,-0.185875,-1.089079,-0.696485,0.227809,-0.574048,0.517304,0.524544,1.319279,-1.144816,0.159659,0.373117,1.125748,0.199476,1.53083,-0.282385,0.399746,-0.67189,1.468732,-0.596311,-0.207005,-0.826605,-0.020861,1.464479,-0.152744,-0.450315,0.314805,0.904442,-0.239477,-0.820675,0.215038,1.500736,-1.121307,0.253962,-0.829332,0.957694,-2.353271,-0.846691,0.605492,0.140791,0.073295,-0.647153,-0.180991,0.641949,-0.090418,-0.682293,0.972715,1.107911,0.680928,-0.243537,1.982302,1.750939,0.327256,-0.320615,2.128067,0.494994,1.490596,1.208203,-1.429449,-1.692254,1.661015,-0.393459,0.39635,0.800216,0.339611,-0.611469,0.083224,-0.274821,1.627992,1.864622,1.540764,3.396068,-1.276653,1.203759,-0.665135,0.504456,1.423273,-0.778594,-0.996288,0.056896,0.795476,-0.245504,1.406152,-0.796616,0.561094,0.200772,-0.807411,0.803953,0.983749,0.798926,-0.552545,1.188278,0.407335,1.219315,1.306999,1.141513,0.24302,-0.613618,1.959285,0.083646,-0.285948,0.313062,1.22686,-0.195532,0.757279,0.547172,1.284318,-0.4568,-1.45591,-2.750557,-0.533176,-1.336212,-1.129324,-0.080768,0.472305,-0.015413,-1.356072,-0.233327,1.745373,-0.997173,-0.879824,-0.042103,-0.312246,0.262659,0.50453,-0.444275,-1.798821,-0.878965,-0.248815,0.490586,-1.580313,-1.053207,0.37442,0.050871,-0.325925,-2.191327,1.64923,1.608178,1.610925,0.540115,-0.368934,0.257681,0.36441,-1.188638,-0.44803,1.456018,-0.408206,-0.332549,-1.061849,-0.496429,0.225975,-0.352137,-1.36697,1.510652,0.779884,0.109594,0.442167,0.970418,0.610118,0.655867,-1.376845,-0.741904,-0.92155,0.463982,-0.564057,-1.372653,-0.933439,-0.029324,-0.524773,-0.574734,-0.574043,2.005268,0.629593,0.276008,-0.203637,0.37008,-0.909873,-1.260758,-0.859978,1.570779,1.848642,-1.640276,0.462378,1.034615,0.549221,-0.009654,0.706061,0.846311,-0.709558,1.008242,0.562717,-1.325003,-0.083122,-1.930251,-2.105067,-0.354495,0.152965,1.989057,0.253661,-0.584383,0.736352,1.04792,1.577823,1.378918,0.469795,0.818108,0.429422,-1.013976,0.175456,-0.017793,0.77578,0.432666,0.657136,1.141214,0.523124,1.008977,-0.166353,0.962694,0.315837,1.009768,1.520131,2.245657,1.845704,0.733964,-0.436281,-1.976928,0.290391,-0.71442,2.516768,0.608048,1.929949,2.617902,0.387766,0.733556,2.820836,1.950065,0.026715,0.834524,1.146164,0.736953,2.269551,0.875504,1.463775,-1.016882,-1.664915,0.474659,0.772842,-1.058152,-0.780309,0.402851,0.249416,1.382788,0.342185,-0.729823,0.315693,0.764544,-0.908118,-0.186032,1.446793,0.026859,-0.657738,0.736666,-0.760007,0.182138,-0.783035,-0.77814,-1.067273,-1.201492,0.299133,-0.443076,0.163264,0.576678,0.06194,0.970162,1.617934,1.033213,0.382445,-0.060089,0.756167,0.38206,-0.113523,1.02236,-0.356174,-0.060521,0.091972,0.582866,-1.500439,-0.180509,-1.307526,0.40398,-0.651218,0.200807,0.427028,-1.031546,-0.833944,-0.647589,0.127384,1.171288,-0.283742,0.970507,1.992959,-0.534196,0.894864,0.268144,1.695258,0.166891,-0.084803,-0.059063,-0.921355,0.133464,1.143322,0.000377,1.454709,0.704247,0.829192,1.031718,2.000038,1.048391,0.765901,-0.499208
ECA2437,0.641673,0.358713,2.545559,1.285628,1.616909,-0.66218,0.842912,1.788412,1.749409,-0.788132,-0.911922,1.245355,0.727663,2.584575,0.867677,2.145102,-0.713802,2.687131,0.927166,-0.93394,0.511478,0.765769,-1.460321,0.383502,2.355885,0.781749,2.293622,-0.633056,-1.320896,0.432069,-0.996085,-1.097253,-0.759328,0.416401,-2.378682,-0.913535,-1.259743,-1.150935,-0.81771,-0.318467,0.458023,-1.044513,-1.349317,-1.210715,0.895534,0.823099,-0.91725,1.09514,-0.917852,-0.744986,-0.428252,1.454065,-0.02944,0.165529,0.236862,-0.13349,-0.712332,1.170046,1.415447,-0.211006,0.108534,0.877513,-0.435609,-1.583542,0.046827,-0.470704,0.644048,-0.813415,-0.342388,-0.995669,-1.511518,0.362236,-0.36486,-0.493191,1.306294,1.214337,0.040031,0.512406,0.557612,-0.724876,1.292686,1.374417,0.427734,-0.206683,-0.150404,-1.70945,2.215645,1.103257,-0.358306,0.781736,-0.686378,-0.220045,0.4853,0.882071,0.29156,-0.469243,0.270587,-0.53487,-0.827078,0.40383,0.427417,-1.065731,1.421273,1.745828,0.086356,0.032964,0.119203,-1.644191,0.214778,0.412397,-0.373633,-0.345237,-0.416751,0.186526,-1.327497,0.223981,0.188883,-0.029535,-0.090404,0.031402,-1.936036,0.133494,-0.807471,1.035735,-0.914485,-1.692361,0.154401,-2.213566,-0.76129,1.020648,1.022439,-0.520707,-2.208426,-1.118583,-0.829296,0.359634,-1.060122,-0.648924,-1.079848,0.363978,-0.383626,-0.083575,0.488368,-0.1586,-1.642647,-1.064254,-0.916044,-0.389653,-0.687282,-1.312941,-1.509499,0.295261,-0.008283,1.14613,0.609965,0.008863,2.743571,1.260324,2.11874,-0.409926,1.60459,-0.190116,-0.113611,-0.414284,0.442177,-1.312105,-1.232267,0.722674,-0.932099,0.299341,-2.595217,0.560947,2.109917,-0.63879,1.549838,0.266059,1.518127,0.579362,-0.255,0.021365,-0.645972,1.242311,0.099366,1.770193,-0.768115,1.41655,0.082839,1.164129,2.131422,0.110873,-0.371138,0.942575,1.358898,-0.693067,-0.489976,-0.812105,0.820121,-0.5264,-0.440228,-0.701143,-0.231689,-1.488098,-0.127297,0.481673,0.106443,1.085691,-1.685528,2.207473,0.301643,0.674339,0.065287,0.741319,1.273385,0.054802,0.151774,1.066994,1.084929,1.334285,0.350253,-0.274186,-1.565794,1.770027,-0.305131,-0.966233,1.730345,-0.290001,0.648731,-0.733311,0.142347,-0.249677,0.306485,-0.699636,-1.412444,0.297355,2.919109,0.104306,-1.900221,0.24516,-0.076727,-0.060901,-0.0456,0.521911,-0.506522,-1.306701,1.053194,0.563046,-0.829256,-0.199975,0.410421,-0.979953,-0.559932,-1.56607,-0.730191,-0.425347,-1.191077,-1.111646,2.314341,-1.375689,-0.240082,0.071823,-1.442153,-1.821877,-1.56268,-2.623889,-1.930086,-0.054579,-0.192528,-0.747273,-0.712214,0.272668,-1.333739,-0.793425,-0.626538,-0.001404,0.021179,-0.173994,-0.568065,-0.464025,-0.653544,1.490872,0.054891,0.051928,0.818297,0.823205,0.318326,0.706942,0.309885,0.14025,-0.172756,-0.901533,1.24922,-1.21395,-1.956278,0.14798,-1.271378,-0.238404,0.007299,-1.744615,0.439439,-0.450967,-0.222187,0.50339,-1.585581,-0.851614,0.771691,-0.902587,-0.25608,-1.173429,-0.86589,0.152821,-0.063952,0.35642,-0.828392,-0.217294,-0.796166,0.85043,-1.054157,0.951648,1.002595,0.897764,0.678516,-1.443627,-0.843051,0.679027,-1.386463,0.70895,-0.728386,-0.038816,0.085424,-0.722426,1.20155,0.486771,-0.997157,1.805831,0.377892,0.09401,0.636263,0.311954,1.053574
ECA2467,-1.281057,-0.281602,0.90934,-0.288791,-0.005951,-0.161819,-0.410097,-0.845311,-1.757453,0.089681,1.04638,-0.258059,-0.836009,-1.978891,1.155032,0.002702,0.699073,-1.210065,0.155624,-0.117779,0.359988,-0.070385,0.927635,1.862162,1.844111,0.566438,1.23141,1.184484,1.131777,1.402136,0.390013,-0.278073,-0.953256,0.661643,0.541251,0.057993,1.346562,-2.056744,-1.14175,-0.18148,-0.271436,-0.068192,-0.134171,-0.347034,0.661215,0.37371,-0.609377,-0.031413,-1.751991,-0.909119,-1.609552,-0.772778,-0.843203,0.283855,0.434472,-1.134009,-0.136028,0.272221,0.4545,-0.310287,-0.38012,-1.594463,0.185783,0.392451,-0.574569,0.740618,-1.488018,-1.907684,-0.587098,-1.062973,-1.205173,0.499765,-0.099821,1.375277,-0.230129,-1.803541,-1.463643,0.530566,-0.301879,-0.986398,-0.942651,-0.454175,1.428968,-1.840063,1.013495,2.348158,0.412103,0.09119,-0.896297,-0.262458,0.041981,-0.275895,0.788466,0.402357,0.355359,-0.501765,1.944293,-0.329849,-0.253801,-0.638508,-0.305484,0.841476,-0.406498,-2.281968,0.367355,-0.245566,0.602189,0.208291,-0.428602,-1.294816,-1.264936,-1.288843,0.085027,0.123197,-1.477549,-0.362822,-0.026391,-0.500555,0.196189,-2.089984,-1.204373,0.995458,0.783564,0.680879,-0.026131,-0.818442,-0.888732,1.327972,1.15673,0.549837,1.876478,-0.871123,1.922553,-0.263121,0.693856,-1.15929,-0.242434,1.190761,1.315571,1.861152,0.946809,1.219598,1.208382,0.973131,0.645524,-0.662171,0.979826,0.290787,1.881462,-0.77028,-0.98763,-0.124973,0.184989,2.070499,1.276918,0.42955,-0.377681,1.0945,0.268484,0.032476,1.524955,0.389777,0.566875,0.23045,-0.065939,1.445248,0.160884,-0.090781,1.304128,1.293008,0.749619,0.748068,0.849535,-0.197625,0.292127,1.069756,0.852101,0.575457,0.065822,0.29225,-0.048011,-1.678041,0.228105,0.330603,1.073806,-0.166843,-0.149181,-0.582494,-0.316357,0.265749,-0.653171,-0.94733,-1.264757,-0.320738,0.088464,-0.928374,-1.34216,0.752071,0.48152,0.748078,-0.801636,0.370131,0.508882,1.655098,0.831417,0.713273,1.177184,-0.268006,-1.320223,-0.34293,2.115319,-0.221805,1.628905,1.506188,2.321572,0.229802,0.303777,-1.152673,-0.487604,-0.432926,0.500087,-2.765355,-0.27991,-0.603394,-1.212418,-0.208651,0.424535,0.658081,-0.279984,1.296196,0.882852,-0.063687,-0.146512,-2.602979,0.716934,-1.485192,0.319089,0.718974,-1.25872,-1.088303,0.245402,-0.632031,-1.493908,0.096984,1.366873,0.522664,1.508877,-0.602794,0.294258,0.57423,1.284974,-0.244236,-0.466891,0.300812,1.525104,-0.551742,0.307411,-0.487497,-0.986267,-0.647527,-0.764987,0.456965,-0.085459,0.318686,-0.180197,-0.534283,0.865079,2.04937,1.055056,1.224875,-0.400627,0.166291,0.522987,0.213888,1.216895,1.817609,-0.953489,1.062291,0.288622,0.525574,-1.264809,-1.481469,-0.993389,0.065515,-1.537119,-1.414407,-1.764418,-0.523877,0.248233,0.426606,0.143875,0.284104,1.89244,2.335821,0.996881,0.54074,0.237333,0.532713,1.959931,-0.347362,-1.097592,-1.612925,-0.870316,-1.019456,-0.160255,-1.88464,0.46375,-0.794529,1.197551,0.228265,0.219792,1.438296,0.603364,0.035889,1.225519,0.531025,-0.119286,-0.975326,-0.944863,1.893793,-0.401804,-2.21265,-1.034158,0.247352,0.344799,1.672558,-0.612481,0.060723,-0.888366,0.205463,-0.730963,-0.687706,0.417149,0.248619,0.125752,0.421065,-1.811842,-0.190698,-1.606192
ECA2481,-1.615754,-1.736674,-0.025766,-0.365888,0.685628,-1.024798,-0.510445,-0.702457,-1.076533,-1.090896,0.198499,-0.58292,1.230328,-0.417216,-0.782499,0.081414,1.280735,-0.364795,-1.119552,-0.630119,-0.112515,0.579516,0.612291,0.74035,1.283078,1.96478,0.712849,0.090854,0.389489,0.699774,1.206827,0.956643,2.119624,1.481591,0.574782,0.055653,0.605324,0.435112,1.323819,-0.93506,-2.771912,1.095349,-0.172572,0.067769,1.971474,-0.270737,-0.077664,-1.154411,-1.245181,-0.887058,-0.029108,0.255782,0.231463,-0.537659,0.337388,-0.810909,-0.704132,-0.509883,-0.568856,-0.894825,0.187732,-0.695981,-0.749081,0.854344,-2.837656,1.141082,-1.464236,0.118539,-0.859769,-0.215433,-1.079243,-0.484254,-0.072145,-1.667342,-0.280066,-0.006128,-1.505302,0.489991,-0.441885,-0.156438,-2.440246,0.377829,0.438324,0.20123,0.972253,-0.585274,1.091989,-1.491039,0.146873,-0.026206,1.103831,1.470461,-0.19938,0.374775,-0.413703,1.664255,-0.665178,-1.71377,-1.162641,-1.283122,-0.651228,-1.173266,-0.968304,-1.446765,0.618844,-0.54799,1.254626,0.763565,0.49648,0.139559,0.753841,-0.317876,1.71033,0.119234,0.775974,0.825318,0.202681,0.836296,-0.0333,-0.268465,-0.585841,-1.988027,-1.603486,-0.755466,-0.506421,-0.53748,0.509842,0.235518,0.133431,-0.948532,2.229801,-0.097748,0.816098,1.076417,-0.417156,0.73813,-0.519767,-2.558499,2.106965,0.459796,0.230402,0.075738,-0.236298,-0.481818,0.712087,1.380318,0.923319,0.840057,0.040384,-1.311513,-1.408194,-1.162264,-0.537117,0.830655,0.658315,0.021209,-1.28024,-0.949834,-1.674992,0.75294,-0.704956,-0.287517,-0.453669,-1.204112,1.040209,-0.651453,0.865975,0.531402,2.023685,1.553945,0.890744,-0.574624,0.112803,0.72004,-0.181309,0.854343,-0.916996,0.309422,0.544879,0.414584,0.193467,0.634989,-0.005659,0.215265,0.164507,0.568682,2.147299,-0.56064,0.565084,1.181163,-0.894175,0.543889,-0.236127,0.802732,0.717815,-0.146962,0.50747,0.830499,1.00545,-0.411616,-1.218416,1.277499,0.456209,-0.166842,-0.98247,-1.004824,0.048442,-1.189381,0.912955,-0.165793,0.981798,1.693354,1.779529,1.875646,0.917094,1.595039,-0.335871,0.326918,-0.463727,-1.369944,1.491334,-2.701461,-0.1495,0.215958,-0.777149,2.135856,0.891572,-0.218352,-0.1696,0.442992,1.247549,-1.083792,-0.862259,-0.053093,-0.571852,-0.712616,-1.721981,-0.571445,0.476972,-0.516347,-1.315019,-0.858209,-0.948675,0.685759,0.101336,1.014904,1.510168,-0.193671,0.66497,0.575544,1.262109,0.726549,-0.994401,0.176305,-1.691687,1.0257,0.050968,0.038621,-0.342293,-0.786533,-1.073912,0.568003,-2.35068,-0.525478,-1.432892,-0.911581,-0.033761,0.031223,0.544879,-1.614877,0.494167,1.271171,1.339119,-0.237088,0.532559,-0.045744,-0.118262,0.45249,0.593702,0.709646,-1.207952,1.220605,-0.432953,-1.432142,-0.607925,-2.119859,0.074505,-2.301126,-0.044094,1.690549,-0.795257,0.471242,0.509098,-0.22554,-1.004613,0.976067,1.727117,-0.823444,-1.255409,0.532413,-1.988546,1.062195,-1.406594,-1.126161,-0.300679,-1.114401,0.571309,-0.290087,0.642144,0.165003,1.085365,-0.366822,0.820686,0.273716,-0.133115,0.209165,-0.022005,1.166445,-0.377295,-0.820481,-1.829962,-0.116335,1.099921,0.089425,-0.37664,0.215233,1.316872,1.08231,-2.010779,-0.068183,0.589549,0.326828,0.510311,-2.67926,1.006676,1.961461,-0.917758,0.545434,1.85842
ECA2489,-0.50576,0.176452,-0.137009,-1.096257,1.805747,0.332976,0.931412,3.032591,1.08683,-2.169428,1.701901,0.015344,-1.426127,2.215137,2.76053,1.319974,2.018585,0.076316,0.406281,0.421335,-1.375327,-1.657299,0.145361,-1.558848,-1.005899,0.380683,-1.124609,0.25115,-0.626542,-1.631117,0.181267,0.669475,1.135875,-0.310433,0.038764,-0.541315,1.906229,0.28116,1.174904,-0.3039,-0.959599,2.105034,1.308083,1.244822,1.146885,0.296374,-0.014244,0.250254,-0.59424,0.373495,0.699396,-1.797682,-0.090415,0.353699,-1.528926,-0.320138,-0.731703,1.158688,-0.88384,0.167853,1.35938,-0.558544,0.56807,0.629747,-1.502838,0.891441,0.54548,-1.181521,1.754328,0.25544,0.240428,-0.57387,-0.931275,-0.822129,1.481359,0.991302,0.219674,-0.873495,-0.364223,-1.275091,-0.457018,-0.897579,1.195168,0.49189,-1.233644,0.018797,-0.023578,-0.911171,-0.390362,-0.100625,1.566426,0.27872,1.500327,2.208286,2.656424,1.440393,1.925531,1.831496,3.018642,-0.814367,-0.55342,1.554763,0.035918,0.125206,-1.205116,1.086571,-0.060752,-0.643167,0.619223,2.163487,-1.506933,0.086716,1.610575,-0.607975,-0.107358,2.08614,2.026369,0.550602,-1.17046,0.278947,-0.186993,0.242737,-1.552357,-0.082611,-0.680127,-0.500287,-0.831932,0.809127,-2.195736,0.905371,-0.240198,-0.480582,-0.224993,-0.586599,0.11538,1.239148,0.060354,-1.282102,0.413932,-0.897312,-0.47981,-0.593601,-0.602659,-0.384934,-0.156642,1.285131,-0.850134,-1.247706,1.044925,-0.983378,-0.055897,-0.781885,0.004847,2.045891,-0.558876,-0.47425,-0.459959,0.278768,0.130149,0.611422,-0.424918,0.711179,0.004625,-1.428129,-1.71216,0.044594,-0.810265,-0.702785,-0.671521,-0.395638,0.692387,-0.704728,-1.212325,-0.637592,-2.170887,0.699329,-1.197603,0.234636,1.502805,-0.8229,-1.393807,-1.558482,0.318507,-1.161076,-1.561603,-2.151907,-0.040722,-0.379545,-0.821407,-0.445822,1.436733,0.786038,-0.025424,0.1251,0.413477,-0.353224,0.957571,-0.859099,-0.875585,0.637333,1.032556,-0.273409,-0.194727,-0.37405,1.352776,1.180763,-0.307312,-0.527868,-0.035422,-0.855487,-0.354509,-0.094999,0.916411,-1.106115,-1.1853,-1.449207,-0.961901,-0.796365,0.467294,-1.257949,-1.429605,-0.412936,-1.531445,-0.987423,0.248956,-0.829631,0.097724,0.991485,-1.263345,-1.715238,1.020509,-0.609188,-0.705441,-0.253679,0.191619,-0.615179,-0.517437,-1.529039,-0.0245,-1.365112,0.099563,0.151084,-0.355493,-0.173763,1.132937,-0.45774,1.265948,-1.232203,0.331764,0.687827,-0.318627,0.357373,0.402363,0.48345,-0.347908,0.208342,-0.224687,0.371615,0.767184,0.032209,-1.101898,-0.970367,0.561013,0.611492,0.486623,-0.982381,-0.009185,0.125431,1.73796,0.824408,0.462056,1.517235,0.585631,0.392436,-1.042716,0.496963,-0.294455,-0.397799,-0.019466,2.348469,-1.014494,-0.706162,-1.298014,0.12779,-0.430352,-0.25591,0.344761,-0.757907,-2.057356,1.222136,-0.627612,0.019031,0.230481,-1.041484,1.367822,0.595784,0.798424,-0.292522,-1.705053,-1.153455,-0.280642,0.61891,0.516011,-0.912472,2.089421,-0.047743,0.162801,1.421068,0.047022,0.280263,-0.137275,-0.521463,2.528168,1.265546,-0.494311,0.889221,-0.629107,0.39297,0.063985,-0.445328,0.174172,0.050147,0.931046,-0.135059,1.750458,-0.511992,-1.022795,-0.45812,-0.448274,-0.112911,-0.774949,-1.079661,-0.784525,0.242182,-0.804712,-1.7293,-1.255148,-1.031633,0.228239
ECA2581,-0.182171,-1.381959,0.022906,0.463017,0.838611,0.644639,-1.422088,-0.865644,-0.479033,-0.047129,-0.675469,-0.645833,0.383488,0.98872,1.746278,0.681332,-1.602231,0.035704,-0.907407,-0.361216,-0.105989,-0.487904,0.948042,0.541691,0.576866,-1.679406,1.475651,0.735928,1.206885,-1.02607,-0.455191,-0.646963,-0.087668,-0.82002,-0.724605,-0.161623,-1.292462,0.432544,-1.221823,-0.855658,-1.430009,0.978236,-0.829889,1.147627,-0.243403,-0.111436,0.383422,-0.537505,-0.752935,0.251423,-1.01512,0.483076,-0.545155,0.388762,2.417427,-1.487623,0.08049,-0.325498,0.784428,0.36363,-0.870835,0.488177,0.327859,0.063155,1.563718,-0.673693,0.815405,1.813216,3.058104,1.682414,1.395787,-0.069832,-0.384165,-0.276322,-0.264944,0.027968,-0.272193,-0.036337,-1.554325,-0.978681,-0.681825,0.535326,0.805824,0.844706,1.655018,1.924575,0.779203,2.010527,2.111009,0.492846,-0.529877,-0.067408,0.865392,-0.106496,-0.917463,-1.203456,-1.606615,-0.396574,-0.310443,-0.641448,-1.931652,0.383575,-0.764275,0.678886,0.084171,-0.008851,0.595845,-0.484128,0.308448,-0.005444,0.720561,-0.150498,-1.008275,0.434567,-0.683524,0.180081,0.917821,-0.131375,0.805995,-1.799037,0.256484,-1.544131,-0.465336,-1.007415,-0.975082,1.183769,1.246646,-0.604782,-0.73811,0.388015,-0.841771,0.411808,0.040328,-0.631567,-0.638586,1.860344,-0.993786,1.370926,0.256209,0.938471,-0.189056,1.354203,0.631054,0.171673,-0.885731,-0.598975,0.681836,-0.917555,0.671081,-0.63307,-0.811634,0.321703,1.084863,0.246958,-0.585386,-1.587852,-0.775205,-0.950008,0.14553,-1.35634,-0.28077,-0.831853,-0.288555,-1.820951,-0.265017,1.116245,-0.317292,-0.103794,-0.10626,-0.282799,-0.122136,0.017153,-0.349177,1.354811,0.875568,-1.206574,0.4334,-0.387987,0.274639,0.235456,0.347368,-1.246627,1.141043,-1.654668,-1.196607,0.623412,-0.609445,-1.310348,-0.238046,-0.437361,-0.318438,0.78303,0.227245,-1.117971,0.595213,0.792985,0.982111,1.931733,-0.834571,-0.661215,1.121645,1.398507,0.311403,2.22532,0.893249,1.120517,1.283516,0.176613,1.430935,-1.75207,0.155938,-0.730373,-0.095254,0.106362,-1.122859,-0.111892,1.560388,-1.208452,-1.009816,-0.677865,0.735303,0.790889,-0.066798,1.685633,0.875834,-1.697482,-0.584747,-0.215581,0.266667,0.995851,-0.382495,0.23072,-0.083883,0.224998,0.271094,-1.433264,0.53026,-0.390035,1.792889,1.968851,1.187723,0.933063,0.776087,-0.266546,-0.898709,-1.328664,0.943197,-0.204061,0.319675,-1.80669,-1.693348,-0.269431,0.077559,-0.467929,0.863749,-0.424108,1.585066,0.107525,-0.952967,1.075355,0.016148,-0.268422,-0.474554,2.50819,-0.133017,1.088139,1.321662,-0.126843,1.119629,0.412797,2.503537,-0.022505,-0.675445,2.358575,2.378174,0.886907,0.945825,-0.527067,2.419801,-0.590425,1.224599,1.516174,0.10405,-0.827951,0.630691,-0.964209,1.915799,-0.610349,-0.370696,1.42552,0.545994,0.489285,-0.245383,-0.438866,1.281085,-1.19675,1.668497,0.088088,-1.744404,-0.873392,0.399606,-0.833728,-0.513032,-1.966983,0.37354,-0.938926,-0.829116,0.814838,0.816226,-1.375938,0.208056,-0.914207,0.168762,-0.067691,0.748714,-0.80424,0.114626,0.246141,-0.88335,0.004681,-0.830399,-0.439434,-0.97933,-0.753283,1.327144,-1.429691,-0.189873,-0.103993,2.486268,-0.455496,-0.807091,-0.357408,0.188336,0.10066,1.422845,-2.065379,-0.756763,0.408317,0.147936
ECA2595,0.416555,-0.272793,-0.002494,-1.541066,-0.593555,-1.959979,0.394897,-0.633902,-0.38541,-0.203037,0.49747,0.178995,0.074442,1.80224,1.299483,1.725654,1.565802,0.063327,-0.670223,-0.444919,1.621155,-1.634511,-1.852486,-0.318904,-1.194276,-0.661687,-0.215815,0.321669,1.38523,-1.207952,0.556584,-0.98109,-0.168549,-0.179007,-1.084232,-1.455215,-0.345617,0.998435,0.477504,-0.071723,0.296297,-0.436093,-1.227235,0.048901,-0.441739,-1.018568,-0.116886,-1.296972,-1.397239,0.6792,-1.194959,-1.77065,0.358816,-0.99467,0.572764,-2.166546,-0.724449,0.408777,-1.432728,-0.018555,1.608982,-0.303555,-0.472943,-0.787359,0.595696,0.442322,0.181059,-0.032745,-0.863888,-1.475439,0.91496,0.1468,1.447174,-0.655849,0.718041,-0.905444,0.362555,1.744116,1.271189,-0.143106,1.376039,-1.133785,0.124929,-0.466208,0.141354,0.609168,1.537977,-1.549243,0.38691,-0.416739,1.267239,-0.344259,-1.24085,0.105103,-0.267593,1.202841,0.065189,0.081084,-0.157621,0.31386,1.076501,-1.245782,-0.704661,0.724187,-1.395683,-0.653819,-2.288029,-0.419365,1.280046,0.732128,1.251527,0.173797,-0.895319,-1.391485,0.215552,0.881079,-0.346193,-0.54353,-1.806192,-0.844244,0.028165,1.274183,-1.853696,0.552019,-0.242475,-0.098966,-0.078988,-0.284738,-0.138661,-0.012954,0.977435,0.323522,-0.43893,1.702701,-0.851914,-0.74379,-1.106956,-2.164994,-0.458611,1.161741,0.940116,-0.769204,-0.780561,-0.28016,-0.451802,1.025471,-0.238315,0.78508,0.733901,1.912823,0.344284,1.392158,1.089715,0.429796,-0.08624,0.829622,2.219315,0.338236,0.342661,0.296389,-0.05471,0.328806,0.519652,0.342644,-2.007408,-0.664768,0.241656,-0.986445,-1.526873,0.136682,-0.666281,-0.599502,1.597691,-2.607235,-0.161667,-0.737515,-1.182547,-0.389633,-0.518812,-0.503527,-1.336879,0.792859,-0.132568,0.284596,-0.525647,-0.910957,-1.104602,1.479438,-1.184219,0.12522,0.199434,0.170606,0.046471,1.894467,-1.177215,-0.556057,-0.336691,0.561197,2.055074,0.160139,-0.404169,0.978918,0.021977,1.314781,0.565828,-1.41683,0.921949,0.660554,1.369341,0.226,-0.51281,0.505287,-0.497182,-0.45416,-0.433358,-1.667526,0.041458,-0.245369,-1.310923,0.806246,0.2754,0.116242,0.972299,-0.139636,0.928568,0.340514,0.199883,-1.125999,-1.605248,-1.387143,0.491866,0.288358,-0.205207,0.139197,-0.435313,0.655503,0.420341,-0.618903,-0.862119,0.545024,1.939821,1.227824,0.618645,-2.260927,0.643779,-0.597744,0.877642,-0.520013,-0.142305,-0.838701,-1.016952,1.519504,-0.063572,0.175923,-0.178539,0.314993,0.782388,0.20877,-0.063958,1.511841,1.460683,-0.088337,-0.301071,-1.714818,0.453694,1.255114,-1.05424,1.722552,-1.35282,0.160171,-0.528432,0.284406,-0.62456,-1.627742,-1.238709,-0.950007,1.990148,0.679142,1.901742,0.393033,0.200022,0.876196,0.228746,-0.046164,2.301373,0.556096,-0.405056,1.953599,1.020246,1.983623,1.365295,0.472006,1.888599,0.017391,-0.148749,2.329594,0.135533,-0.628605,-0.35963,-0.826668,-0.293787,0.201,0.609774,-1.37706,-0.513865,-1.25713,0.131895,-0.323151,1.332411,0.52356,-0.288128,0.262472,-0.654571,0.858693,1.315757,1.324849,0.642331,-0.503205,0.271748,0.766299,-0.13268,0.367126,-1.137506,-0.00117,-1.546322,0.149818,-0.902449,1.433451,-0.893213,-1.409942,-1.635369,-0.048084,-2.405553,-0.940344,0.242237,-1.852952,-0.209069,1.355091,-1.283214
ECA2660,1.297133,-0.010665,0.015828,-0.417458,0.289767,-0.399211,-1.020753,-0.647261,-1.861908,0.608911,0.406804,1.242176,2.001441,0.756819,0.671267,1.126315,0.781842,0.304509,-0.763043,-0.511617,1.111956,0.163985,0.158974,0.616657,0.051541,-0.498223,-0.145807,-1.296008,-0.810826,0.467839,-0.678213,-2.260124,-0.772377,-0.512161,-0.408728,-1.786952,-0.184114,-0.269861,0.77743,-0.203812,0.484501,0.071669,-0.124975,-0.280844,1.516242,-0.301516,-0.357936,2.471218,-0.185308,0.365897,0.186057,0.389047,-0.069182,0.525173,-0.715539,0.872135,-0.29994,-0.371916,-1.970238,-0.039948,-0.785099,0.702593,0.511883,-0.747489,-0.554572,-0.400661,-0.275168,0.766664,-0.737821,-0.667969,-0.955639,-1.032927,0.71582,-0.363168,-1.238973,0.451646,-0.947753,-0.39551,1.919834,-0.415769,-0.65366,1.632779,1.159158,0.279678,-1.104037,-0.40569,0.961321,0.222552,1.841095,0.448805,-0.630403,1.062151,-0.642319,0.520208,-0.537145,-0.022312,-1.265784,0.801816,-0.188368,2.68352,0.165519,0.126389,0.620718,-0.002632,-0.935586,-0.316235,0.589598,-1.162114,0.272894,-0.505868,-0.129959,-0.927501,-1.249268,-1.426238,-1.843195,-0.402184,0.391035,0.055144,0.258232,-0.828511,1.983416,1.947493,0.179844,0.111297,1.584179,1.578957,0.967108,2.219219,-0.676145,0.797513,0.335281,-0.193641,-1.489788,-0.772445,-1.507139,0.839065,1.306164,1.286518,-0.771159,2.093212,1.567084,2.560473,0.630833,0.003852,0.513586,1.721298,-1.025751,1.574135,0.221189,0.279942,-0.761379,-0.445229,0.037266,-0.496408,-0.170028,-1.236423,1.538074,-2.054522,0.238966,-1.55187,-0.792766,-1.380205,0.212097,1.559332,-0.502905,0.072392,-1.285198,-0.373063,-0.596282,0.599797,-1.16566,-0.227586,-1.282881,-0.886677,-0.823737,0.060044,1.097155,-1.554807,-1.013755,-1.375088,-0.03415,2.040145,-0.354576,0.184688,-0.2122,-1.184553,-0.313073,-0.21003,-1.394467,-1.226715,-1.085521,-0.71827,1.12994,0.990751,0.312291,-0.64531,-0.517392,-1.269383,-1.524975,0.930588,1.557749,-0.456134,-0.632825,-1.021013,-0.276238,0.796421,-1.099477,-0.1123,0.486461,0.373049,0.327262,-0.029952,-1.46492,-0.112831,0.454817,-1.122721,-0.490943,0.709952,-0.286434,-0.482183,0.071108,1.560152,0.909965,1.738509,-0.850679,-0.07707,1.864054,0.963682,1.885333,-0.07956,1.344043,0.884311,2.12845,0.64715,1.136855,-1.581406,-0.561912,-0.345332,-0.112053,1.773178,1.225759,2.066646,0.378683,-0.517634,0.519105,-0.118,0.814984,-0.154957,-0.293235,0.180104,-0.099939,-1.038392,0.560305,0.046054,0.034317,0.953286,0.610018,0.315482,0.58174,0.737313,-0.019502,0.163959,0.450516,0.342324,-0.649577,-0.574814,0.969688,0.750322,-1.470564,-0.397238,-0.986614,-0.584346,0.247078,-1.082778,-0.223012,-0.095688,-1.658508,0.05545,-0.410158,-1.406164,-0.66376,-1.210521,-1.178986,0.572976,0.020211,-0.7293,-1.658872,-1.83058,-0.852243,-1.053597,0.23089,-0.888342,0.66747,0.35727,-0.038339,0.880599,1.32525,0.512836,0.306868,0.991821,0.221571,1.45637,0.36629,0.883776,1.252394,0.031631,2.273174,0.50499,-0.457818,1.061273,-0.071948,1.596873,0.473889,1.256554,0.882475,1.351783,-0.44715,-0.151879,1.139566,0.476824,0.799699,0.904423,1.564988,0.201911,-0.308064,0.894221,0.334073,-0.822845,0.323811,-2.121741,1.135016,0.200964,-1.188803,-0.505738,1.447526,0.22043,1.152746,0.586173,0.738476
ECA2862,0.286349,-1.247082,-0.963261,-0.339499,0.257308,-1.387118,0.68738,-1.068463,0.512651,0.204239,-0.431563,0.966577,0.652786,-0.016936,-0.496687,0.196886,0.116873,-0.296956,0.34466,-0.587958,1.003455,-2.005292,-0.552015,-0.742946,0.108203,-1.286569,2.661484,-1.136267,0.23438,0.58647,1.250769,0.852635,1.671467,0.496002,2.177638,1.419728,0.304168,-0.048225,-0.077725,2.069783,-1.222687,0.295449,-1.600548,-1.136112,0.310366,-0.358413,1.496649,-0.499538,-0.237486,-0.912498,-1.052221,-0.551447,-0.650246,-1.005879,-0.354179,0.795405,-0.009865,0.564686,-1.414399,1.14667,-1.338127,-0.318619,-0.693352,0.323825,0.397419,-0.145053,0.333975,0.031559,0.142078,-0.040079,-0.61964,-0.505159,-1.247991,0.008038,0.571856,-1.527587,-0.478402,-0.754995,-0.310285,-0.197217,0.118847,0.078219,0.029474,-0.016816,-0.652522,-0.625258,-1.066329,-0.272702,0.318362,-0.104637,0.157648,2.179873,1.324556,1.878943,0.545381,2.373046,2.307103,2.127163,0.204085,-0.578042,-0.235128,0.276097,-0.002956,-0.97722,-1.451396,-1.161707,-0.379148,1.759898,-0.366481,-0.670937,1.497257,-0.059339,0.279206,1.268746,0.922425,0.755235,0.405002,-0.635017,-1.038179,-0.617086,0.096789,1.496354,-0.740234,1.094035,-0.873907,1.018772,-0.918582,1.238859,-0.883915,-2.040107,-0.335199,-1.448472,-1.899082,1.012675,-0.655673,-1.521773,-1.420075,0.548495,-1.885132,-0.610311,-0.968303,1.059265,-1.628218,-1.118777,-0.561133,-0.455556,0.189942,-0.904623,-1.258343,-0.379371,-0.494506,-0.43239,-0.438519,-0.325697,0.223821,0.678702,0.070101,-1.145228,0.065006,1.181814,0.187224,0.789488,0.404385,0.965418,0.550036,0.405907,1.022114,1.999847,0.850288,0.526379,-0.220648,0.357112,-1.898129,0.480595,-0.861712,-0.290618,-0.116519,0.158331,-0.728358,-1.026147,0.483246,-0.507315,-0.11998,-0.225059,-0.487179,0.240909,-2.046338,-0.192371,0.505853,-1.096213,-1.142717,0.763824,0.396121,-0.335324,0.185908,0.276109,0.071706,0.305794,0.846109,0.331778,0.741699,-0.318033,2.068947,0.727456,0.914029,2.735911,0.303739,1.0569,-0.151525,-0.096082,0.271719,-0.54224,1.408383,-0.702529,-0.834327,-0.723445,0.816754,-0.022266,0.262428,1.58872,0.477466,-0.016124,0.350378,-0.41146,0.596212,-0.954477,0.986887,0.190261,0.110957,0.928654,0.070393,0.567585,0.398307,-0.506379,-1.177602,-1.075743,-0.023874,0.870463,-0.151208,-0.812901,0.71965,-0.962676,0.263963,-1.038209,-0.896717,-0.868214,-1.137148,0.163644,-0.546331,-1.925729,-0.349212,-0.061845,-0.682399,0.857848,1.312709,1.681992,0.565531,0.671877,1.105479,0.812952,2.20515,0.780162,0.622308,-1.305396,0.333275,-0.73822,1.120502,0.025304,-0.053533,1.175239,-1.167739,-2.137181,-0.215489,-0.495358,0.110107,-0.672455,0.436068,-0.428025,0.388447,-0.749403,0.481961,-1.23119,-1.44054,-1.643476,-0.319228,-1.420072,-0.522523,-2.05035,-0.086347,-1.108461,-0.611672,-0.414254,0.966682,-2.260571,-1.455288,-0.004634,-0.083115,0.265271,-1.271194,-0.16241,-0.088049,0.670819,-1.014988,0.672308,-0.445793,0.119325,0.54411,-0.732979,0.831291,-0.970904,-0.111069,-0.94093,0.614212,-0.694203,-0.516672,0.143288,1.171264,1.104831,-1.433383,1.482187,-0.184517,2.445336,0.379871,1.139461,0.700517,-2.430863,-0.248786,-0.207831,0.411153,-0.011633,-0.040127,-0.102438,1.513417,1.248961,1.698991,0.318778,-1.104662,1.278191,-0.199245
ECA2945,0.398344,1.236076,2.203524,-0.987871,-0.820566,0.111196,1.727199,0.880683,1.223601,-0.098104,0.138142,0.642415,1.257279,-0.686093,0.300531,0.116855,0.088673,-1.217142,-2.829186,0.396769,0.063883,-2.347303,-0.111268,-1.293749,-1.27543,-0.62795,-0.653381,-0.173192,-0.921961,-0.292961,-0.36348,0.300397,-1.936193,-0.621702,-0.09338,0.399186,-1.019649,0.932679,0.282135,-1.393313,0.554556,0.853943,0.181677,-1.43417,1.476321,0.884273,-0.881894,0.427429,0.089452,-1.428324,-0.942065,1.180268,-0.193128,0.969085,-1.244206,-0.389705,-0.241218,-0.544327,-0.81823,1.253363,0.664636,0.094261,-1.774164,1.43276,-1.398114,-0.994398,0.792318,0.403665,0.260646,1.309516,1.20399,3.358821,0.279155,-0.849874,0.449089,-1.408206,-1.007125,-1.402425,-0.896367,-1.522998,-0.809242,-0.46159,1.743974,-0.936038,2.04658,-0.252652,-1.183006,0.197144,2.25653,1.191923,-0.343182,1.961375,-1.216935,1.644842,-0.249688,-1.043368,-0.769465,1.696739,1.3272,-0.782119,-0.547275,1.184326,0.628821,-0.754796,-0.278438,0.083899,0.012777,1.389688,-0.702295,-1.426953,-0.631929,0.957793,-0.967727,-1.325622,-0.202106,0.373831,0.733945,-0.248668,-0.616731,-1.73736,-1.945943,-2.343155,-1.09392,0.317723,-0.677064,-0.297195,-2.072311,-0.246742,-0.266302,-0.586251,-0.061876,0.346811,0.327192,0.310075,-2.131179,1.587023,1.13685,0.294255,0.888516,-1.635834,0.370963,0.883239,-0.070958,0.197258,-1.102364,0.394316,1.687845,0.08328,0.587534,0.988185,-0.959041,0.793438,-0.461235,0.629478,0.803256,0.432011,-0.005951,1.599979,-0.879561,0.782217,1.364479,0.151695,0.526327,-1.677779,-1.145531,-0.397576,0.131342,-1.285864,0.498119,-1.104512,-1.205274,-0.322036,0.700426,1.205697,-1.807362,-0.734922,0.748138,0.18665,1.241548,-0.450942,0.703145,0.043729,0.805369,-0.140873,-0.020814,-0.3733,-1.373339,-0.569435,-0.585229,1.443274,0.923755,0.332405,1.49146,0.201465,1.650147,0.862628,0.486244,0.407074,2.190508,0.00509,0.535142,-2.517273,-0.570256,1.101196,0.047541,0.337931,1.612156,-0.359294,0.418725,-0.164394,-1.441084,-1.505495,-2.021394,-0.03092,-0.842933,0.342467,-0.946874,0.723567,0.917998,0.946796,1.170395,0.8801,0.121484,1.075002,0.987064,0.250938,1.326728,-0.60611,-0.139348,0.707006,0.233652,2.086598,0.376675,1.217039,-0.358243,1.096289,0.16059,0.737597,0.357145,0.281372,0.446876,-0.11507,-0.200925,1.738793,0.238298,1.689803,1.386841,0.046109,1.184075,1.664363,-0.812062,0.462414,1.065471,1.011744,0.247749,0.357009,1.935105,0.176746,0.992317,0.906591,1.624668,-0.929092,1.064875,-0.533867,-0.892024,-0.169115,-1.067421,-0.458837,-0.928611,-2.146148,0.481461,0.759849,2.045997,0.50343,-0.40846,-1.171817,-0.433972,-1.361518,-0.779543,0.528075,1.897728,0.517119,-0.349598,0.867895,0.614257,-0.02421,0.191871,1.402591,0.555735,0.039312,0.874683,-1.210372,0.292501,1.001999,1.599639,1.851366,-0.583129,-0.161653,0.162973,0.637924,1.682817,-0.580331,0.837263,1.994774,0.710501,0.871984,-0.90928,-1.997866,1.252046,-0.852214,1.547306,-0.028167,-1.223329,-2.103195,-1.663325,1.412346,-0.618854,2.66206,-0.050945,-1.097927,1.611588,-0.315259,0.38602,-0.825978,1.286412,-0.321352,0.137488,0.548255,0.379836,1.052144,0.074095,-2.236077,0.568226,-0.423921,0.443708,0.407925,0.207026,-0.614177,-0.242639
ECA3006,-0.611286,1.519939,2.328848,-0.273032,0.336365,1.032149,0.165594,0.165605,1.17306,-0.388386,-0.031488,0.729053,1.109206,0.054482,0.579318,1.235392,-0.127921,1.471808,-0.885984,-3.412176,0.371803,-0.527377,-0.753828,-1.492422,-1.309128,0.126631,-0.671058,-0.593002,0.438848,0.368425,0.323489,0.989598,0.659019,-1.795455,-0.25799,-0.005332,-2.360881,-0.145296,-1.045423,0.098858,-0.166329,-0.934836,-0.427988,0.499038,0.914042,-0.692998,0.949043,1.688229,0.8414,-0.759955,0.298405,0.16815,-0.444129,1.188943,2.454734,2.394168,1.577271,-0.878917,-0.053996,0.150587,-2.312846,-1.590297,0.700268,0.596904,0.627943,-0.412088,1.237474,1.048657,0.338425,1.136158,2.513218,0.730605,-1.185099,0.974866,-0.651815,-0.298661,0.155688,1.422948,-0.146167,0.579198,0.497113,0.981539,-0.534559,-0.346751,0.983662,1.612673,-0.01947,1.109759,-0.921093,1.123461,-0.862548,-0.578968,0.407298,-0.208642,0.261682,-0.033129,0.70075,-0.210856,-0.853803,0.566889,1.079238,-0.915431,-1.465408,-0.154908,-0.779353,-0.565102,-1.405696,0.310823,0.024373,0.846622,-1.195847,0.134966,0.12349,-0.735097,-0.53989,-0.799679,-0.637769,0.554309,-0.582134,0.349854,-0.050271,0.50852,-0.284996,0.953428,0.415542,0.616432,-1.012961,0.635968,-1.017913,-1.218139,-1.041118,-1.029206,-1.014762,-0.433372,0.839755,-0.02883,1.403156,-1.775357,-1.542281,-0.349472,1.021051,0.715434,-0.47002,0.191472,-0.371862,-0.700367,0.494153,-0.730153,-1.502262,1.026101,0.784445,-1.02007,-0.312829,0.277911,0.955626,-0.611548,0.593938,-0.562111,-1.619906,0.050333,0.486677,1.268055,-1.631629,0.137111,0.519461,0.80926,-0.106676,0.401412,-0.704851,-0.390285,-1.025289,-1.496267,0.130042,0.662672,-0.022281,-1.66636,-0.373649,-1.162645,-1.071568,-0.6153,-0.994183,-0.617016,-1.442313,-1.230393,-1.257328,-0.580142,-0.047165,0.218222,1.69064,1.049268,-0.401811,-1.108271,-0.956382,0.765425,0.308624,0.181247,0.1857,-0.908951,-1.989323,-1.157811,-0.21212,-0.852168,2.022832,0.80548,-0.038295,-0.608791,0.16414,0.231533,1.745721,-1.752266,0.241649,1.464238,0.868428,0.080301,0.502561,0.336806,-0.756935,0.188552,0.16597,0.350963,1.770311,-0.271539,0.325392,0.88026,0.181905,-1.06219,0.3051,0.643145,0.296925,-0.607731,1.776923,0.553033,1.423136,1.780173,0.810694,-0.048794,0.528571,0.849622,1.55618,1.540048,-0.334218,0.405413,1.569751,-0.399574,-0.63448,0.095058,-0.430833,1.496601,0.400641,0.960129,-0.724612,2.40144,1.247425,2.104041,1.290254,0.948345,-0.516585,-0.151686,-1.945645,2.816205,0.249313,0.552818,0.04002,-0.690241,-0.611267,1.048371,-0.570182,-0.31209,-1.113073,-1.490589,2.229672,-0.25618,-0.941211,0.965071,0.250141,1.526677,1.174584,-0.140512,1.197087,-0.588751,0.740129,-1.390768,1.583992,-0.150164,-0.245825,1.038489,-0.109688,1.380872,0.590783,1.051873,0.218651,1.318568,-0.100501,0.261544,1.352951,0.626919,0.632578,1.259902,1.391945,1.014742,-0.398279,0.943992,-1.205686,-0.181108,-0.607763,-0.497298,1.766104,-1.272369,0.283524,-1.472231,-1.23522,-0.841094,-0.603734,-1.385423,-1.092763,-1.31953,-0.432446,0.962353,-0.324334,0.719399,-0.072905,-0.672354,-1.377872,-1.134387,0.291161,0.946322,0.350264,0.481241,-1.354037,0.152008,-0.362522,0.165253,0.029404,0.413712,0.125337,0.859728,0.43235,0.836407,0.15083
ECA3077,-0.34504,-1.822078,0.236808,-1.72772,-0.646319,-1.359994,-0.238999,0.386389,-0.443593,0.875685,2.052469,0.087619,0.097222,0.077065,0.489658,1.656143,1.503987,2.698808,1.528884,0.760056,0.195323,1.708289,0.352553,1.795827,1.532651,0.749868,0.687418,0.719216,-0.727227,0.728025,-1.156373,-0.719384,-0.277182,-1.952067,-0.555627,-1.024514,0.1788,0.148271,0.391065,-0.967164,-0.247028,-1.341054,0.285074,0.861793,-0.226663,-0.852839,-0.249361,0.019568,1.629631,0.848731,1.398224,0.250052,-1.046895,-0.178404,0.788859,-2.27961,0.371486,-0.61575,-1.769125,0.038651,-0.99816,0.741229,-0.6728,1.187277,-1.109096,0.64734,-2.237213,0.556693,0.264111,-0.698634,-0.996499,-1.011796,-1.883252,-0.075361,-0.540152,-1.116798,-1.164087,-0.51389,-0.76159,-1.531475,-0.152103,-1.1067,-1.80833,-0.374136,-1.805427,1.660197,-0.319114,1.073679,0.396956,0.015404,-1.508342,0.573645,0.627762,-0.058182,1.123095,0.135081,-0.570248,0.191002,-1.198083,0.021306,-0.028009,-0.696056,0.019105,-0.599574,-0.061734,-0.781284,0.241219,-0.650878,1.713479,-0.03375,1.117351,1.812862,1.609397,1.323765,1.465057,1.870106,1.767068,0.034914,0.660115,0.649253,0.286349,0.741473,0.342194,0.235971,0.285134,0.697208,2.531496,-0.154201,0.160141,1.279909,-0.027474,1.584872,1.010009,0.390952,0.949066,0.378932,-0.38122,-0.870836,0.169225,-1.19451,0.861763,-1.027699,-0.635034,-1.561514,0.48016,0.613099,-1.027701,1.933484,1.473434,0.195716,0.364355,0.253971,2.264092,1.13533,1.255755,0.666672,0.53159,-0.828242,-0.834863,1.093173,0.011315,-0.204759,0.259915,0.615401,-0.334489,-1.662343,0.836374,2.048581,0.705116,0.912535,0.996954,2.035832,0.546763,0.45501,-0.446602,0.072029,-0.126806,2.834134,0.301097,0.266125,-0.36648,0.496358,-0.259248,2.360429,1.078079,-1.124578,0.137408,0.11253,1.158641,-0.222619,-0.903148,-1.860971,0.624324,-0.475215,-0.245802,-0.535884,-1.607327,0.708861,0.84231,-0.392704,1.269183,-0.769418,0.05596,0.090693,1.027892,0.128292,0.355185,1.052109,0.545094,-0.529626,1.39416,1.283192,-0.450309,0.730563,0.803874,1.982648,0.087082,0.251101,0.71683,1.410746,-0.419126,0.117545,0.589636,-0.566311,-0.007445,1.107003,-1.121502,-0.188048,1.336169,-0.175607,-0.668982,-1.072085,2.057422,0.75138,0.702252,0.965122,1.035528,0.787104,1.973841,-0.333574,0.255201,0.999337,2.034505,-0.12678,0.612043,-0.412558,-2.092396,0.630187,-0.487912,0.823599,-0.863133,0.289566,-0.056548,0.679412,-1.636192,-1.195689,-0.002096,-0.354569,-1.118483,0.037891,-1.117032,1.901573,-0.711707,-0.686972,-0.369365,0.621615,0.511045,1.408589,0.007179,0.632569,-0.375489,-0.03193,1.456989,-0.229423,-0.103908,1.13407,0.477816,0.830265,0.742705,-0.164896,-0.44405,-0.32727,0.437676,-1.814404,0.912371,-1.549411,0.487914,-0.323499,-0.074684,-0.195826,0.544087,-0.041979,0.068284,1.467181,0.791241,-1.350264,0.417743,0.860794,-0.53614,-0.228786,1.08298,0.453691,-0.200947,0.343633,1.10659,0.53385,2.039714,1.320525,0.715377,0.796917,0.393919,0.253841,-0.326584,-0.10324,-1.044717,1.078985,0.769481,0.172723,-0.939817,-1.180386,-0.951613,-0.003344,-0.864411,0.646187,0.831533,0.216435,-0.213313,0.283321,0.44496,0.287711,0.898881,0.491947,0.290255,-0.712833,-0.01605,-0.853772,2.542805,0.840661,-0.039472
ECA3116,-1.810305,-0.436463,0.475267,0.959445,-2.079999,-0.007258,1.218744,-1.091804,0.333685,-0.508861,0.735828,-0.768464,0.770724,0.464872,-0.721463,0.444254,-1.262655,-0.948189,0.011636,1.600727,2.026211,1.829012,2.053901,1.392814,0.676546,0.053304,1.484771,-0.45482,0.12503,1.059554,0.667878,0.299135,1.120029,1.438555,0.590394,-0.148163,0.100374,-0.097272,-0.08866,-0.663487,1.045155,-0.493077,-0.899173,-2.136837,-1.299851,-0.720619,-2.293172,0.069505,0.168645,0.038327,0.326985,0.220556,0.165109,-0.595013,-0.497171,-0.778753,0.897403,0.519688,-0.796679,1.261532,-0.619218,-0.671094,-0.931825,0.228514,0.238858,-0.196708,0.142254,-1.252286,-0.898538,0.979379,0.208601,-0.337494,-0.796345,-1.331359,-0.386456,0.56402,-1.943532,-0.215905,0.172518,-1.154555,-1.219971,-1.298584,0.45686,-1.947631,0.097178,-1.140453,-0.422146,-0.023538,-1.679676,0.460389,0.943609,-0.46426,0.273915,0.655416,1.228931,1.967862,1.694632,1.711675,2.348872,-0.537289,-0.274174,-0.143492,0.173128,0.593286,-0.605924,1.684113,-0.467549,-1.473359,0.377005,-0.549873,-1.330277,1.726553,-0.907356,-1.60516,0.386443,-1.229774,-1.232834,0.172643,0.795146,1.835565,1.712839,-0.179817,0.246153,0.054743,1.758584,0.636441,-0.89466,-0.127619,1.107715,-0.057756,0.144146,-0.315273,0.633859,0.49295,2.169015,-1.70469,0.72856,0.444042,1.091823,-0.487969,0.226048,-0.284698,1.324056,-0.772763,0.507817,0.679243,1.999865,1.239792,0.49325,1.05277,0.747279,2.18915,0.34184,-0.191284,0.763297,0.885667,1.180738,2.349971,1.023605,0.721412,0.47614,0.782653,1.490765,1.647435,-0.545107,0.772244,-1.458808,-0.862836,1.889165,-0.723082,-0.16449,-1.843143,-0.014365,0.899657,-1.472236,-2.234454,0.005321,1.084837,0.117531,-0.150512,-1.299571,-0.799525,0.426804,0.543745,-0.035436,1.31538,0.549031,0.255124,0.175486,-0.706398,1.003745,-1.471331,-0.213172,-0.146295,-0.755672,-0.064568,-1.851625,-0.8936,1.640575,-0.888686,1.240289,-0.362886,1.318107,-1.471699,0.610913,0.548558,0.335218,-0.507611,-0.080386,0.172539,-0.437303,0.656004,1.648892,1.618208,1.287372,0.609036,-0.826583,1.086944,1.252579,-0.975638,-0.221821,2.083209,1.350156,0.603364,0.865103,2.402732,0.9818,0.007547,1.324154,1.177651,-0.359536,0.05728,0.636714,0.343797,-0.039935,1.087072,-0.279011,0.627106,-0.190037,1.232406,-1.000195,0.215745,0.705285,0.331542,-0.056492,1.192566,0.797876,1.109928,0.996468,0.4692,1.193288,0.665806,0.08461,-0.982359,0.347799,0.952993,0.43428,0.120203,-0.543803,-1.657065,-0.92103,0.370011,-1.255024,-0.158985,0.723472,0.156834,1.022579,0.014127,1.519727,1.217579,0.782648,-1.370039,1.62396,0.508135,0.06807,1.744208,1.840603,1.927307,0.090935,1.07248,0.397147,-0.192031,0.362336,0.97596,0.45995,-0.163454,0.578558,0.928802,-0.181931,0.311276,1.212669,-0.602849,-0.051728,-0.53735,-1.709253,0.097076,-0.964611,-0.498829,0.879305,0.024572,-0.68046,-0.326201,0.624618,0.693346,-0.650546,-0.377613,-0.971786,-0.858185,0.339186,-2.381612,-0.545956,0.077761,0.244217,-0.7933,-0.029647,-0.832439,-1.245094,-0.103506,0.718378,-0.799264,0.239472,0.326803,-1.081069,0.715114,0.920159,-2.153397,0.984922,0.556492,1.64365,-2.931849,1.433528,0.6276,0.019098,-0.075393,-0.057059,-0.011035,0.479784,0.47085,1.870544
ECA3117,0.322073,-1.560888,0.411514,0.524762,1.264956,1.044734,0.658316,0.596963,1.803235,-0.12327,-0.831006,-0.906533,-1.084734,0.088449,-0.996449,-0.757604,-1.291367,-0.251341,-0.599937,0.420348,0.264549,0.506147,-0.843767,0.101047,0.500532,0.374119,0.483223,-1.41961,1.123655,-0.596622,0.903125,-0.416,-1.042044,-0.447957,0.682076,-0.012438,0.319596,1.078374,-0.055585,1.922243,2.530504,1.792562,2.281709,2.197925,1.24251,-0.675682,-1.533076,-1.229164,0.70117,-0.496659,0.275342,-1.543901,-0.507697,-1.534561,1.16191,0.15091,1.941021,0.209954,0.939398,1.723862,1.88965,2.187162,1.847105,0.638839,1.243641,-1.087787,0.667722,-1.02446,-1.568878,-0.441746,-1.32317,0.322142,0.765901,0.476264,-0.360366,-0.583031,-0.939945,-0.530562,-0.086296,0.709891,-0.728609,0.082304,0.455827,0.753972,-1.324325,0.253986,-1.147706,-0.973783,-1.123427,-1.946749,-0.325702,-1.731467,2.152091,0.341189,-0.808323,-0.607582,-0.860881,-0.375076,0.126558,-0.486764,0.7392,0.211247,0.743789,1.388204,1.396781,0.490432,0.955909,0.15544,-0.735077,0.243765,1.20255,-0.217781,0.719833,0.327287,0.456952,0.146466,0.217878,-0.60993,0.133047,0.584473,1.403834,-1.64477,1.146228,-0.680167,-0.994659,-1.177781,0.195536,-0.216528,0.150578,-1.387098,0.358276,0.294294,-1.300461,1.04296,-0.631758,-0.228671,0.659035,0.327138,1.623672,0.105095,0.332256,0.545432,0.062486,0.837929,-0.693602,-1.104447,-0.267094,0.277002,0.556952,-1.609337,-0.919034,-2.099964,-0.559877,-1.264275,0.711998,-0.339074,0.080477,-0.26417,0.490767,-0.01522,-0.025628,1.093718,0.128981,-0.106529,0.104872,-1.210237,-1.294682,-0.804786,0.001572,-0.921303,0.0783,0.595116,0.707568,0.233002,-0.777983,-1.86667,-0.331969,0.765682,1.127653,0.610108,0.513396,0.93842,0.42025,-0.726792,0.76478,1.703317,0.691905,-0.736555,-0.373133,-0.693988,0.315498,-0.913377,-0.915335,-0.450572,-0.617042,-0.210335,0.425989,-2.875273,0.697722,0.564729,1.026451,1.399471,1.426606,-0.321034,1.076246,-1.521052,0.981552,-0.340927,0.153023,0.89095,1.736324,1.71052,-0.087559,1.656433,0.604289,0.887939,-0.612882,0.696127,0.209212,0.79107,-1.246043,0.446092,1.230715,1.002391,0.76161,0.975432,0.997731,0.488758,-0.478534,-1.260783,-0.038836,-0.674452,-1.541038,-0.816513,-1.069751,-0.211565,-0.421111,-0.096897,0.413578,-1.378719,0.137485,-0.142885,1.511727,-2.410853,0.421138,-0.622819,1.32993,0.358137,1.536158,0.022779,-0.319857,0.394521,-0.591943,0.298194,-0.310455,-1.454227,0.929998,-0.980519,-0.125768,-0.426222,-0.215065,-0.401323,0.831642,-0.673992,-1.326857,-0.187258,-0.305199,0.162859,1.254999,-0.093976,1.61784,1.750099,0.767656,0.510579,0.703308,-0.86989,1.427453,0.041017,0.418077,0.0962,-1.023271,0.515778,-1.845373,-1.56652,0.246562,0.262248,0.125523,0.726106,-0.377869,-0.833699,0.252884,0.388866,-0.063106,0.914991,-0.426526,-0.222842,-0.253557,0.964202,-1.466665,0.709438,0.120008,-0.132474,-1.484749,0.229453,1.144679,-2.042148,0.311349,1.319228,1.674766,-0.147747,-1.323965,0.676978,-0.54089,-1.441957,-0.299474,0.038313,0.828984,-0.222297,0.780716,-0.582691,-1.264051,-0.4321,0.915351,-0.229467,0.123019,-0.459801,0.453077,0.51336,0.951421,0.878437,0.919065,0.759906,0.421188,0.485031,0.159262,0.007089,0.340728,0.543897,0.466689
ECA363,1.231471,0.302027,0.367757,0.834439,0.625138,-0.990684,1.339615,-0.20593,-0.066978,-0.048295,0.481279,1.814377,-1.428759,0.676835,-0.501675,-0.456333,-1.577204,-2.378795,-0.937599,0.723857,0.018415,-1.00435,-0.725196,-0.010445,-0.201218,0.426752,0.384295,0.194846,-1.250873,0.279997,-0.218223,-0.50246,-0.871374,-0.951068,0.362748,-1.163368,-0.903763,0.630487,0.252205,0.178635,0.065805,-0.726758,-0.797559,-0.182041,-1.240755,-0.437008,-0.365942,-0.404435,1.498976,-1.944468,-0.734271,-0.214129,-0.185623,-0.728451,-0.508779,1.409372,0.337506,-0.260107,-0.202521,-0.00506,-0.490795,0.215327,-0.028039,0.999162,2.504734,1.753087,0.657407,-0.010318,0.417276,1.783714,1.341722,2.367684,-0.264444,1.322687,-0.161975,0.352777,1.725831,0.556717,1.106113,0.983518,1.408371,-0.105249,-0.972919,-1.106333,-0.161612,0.397226,2.342857,1.191085,2.508574,0.654917,-0.275519,-0.565656,-1.237732,2.583529,0.88703,0.575866,2.239485,2.87486,2.486844,-1.504549,-1.108756,-0.383705,-0.395608,0.056736,1.044565,-0.404345,-0.179639,1.030322,-0.547087,-0.620607,-0.333553,1.540547,0.232372,0.557262,-0.832024,0.034053,-0.036802,-0.947275,-1.599988,-1.287612,-0.463464,0.139267,-0.793071,-0.782567,0.465141,0.586718,-0.345337,-0.823299,-2.377179,-0.893571,0.188686,-0.190213,-0.321212,0.36862,0.243795,-0.000868,-1.241247,2.158094,-0.386589,-0.623378,-0.6538,0.208763,1.34669,-0.003425,-0.374713,-0.770894,-0.688878,-0.227561,0.603444,0.346755,0.08313,-0.138957,-1.143848,-0.767771,0.781312,-0.081712,0.461753,1.337517,0.551041,-0.777605,1.21811,-0.442681,-0.379097,-0.07105,0.092364,-0.785543,-0.928503,-0.774716,-0.300048,-0.722285,-1.050642,0.581015,-0.547737,-0.199792,0.182672,1.631705,1.534511,0.33671,-0.285604,-0.295719,-0.460982,-0.075527,-1.478527,-1.22999,1.461797,-0.107954,-0.388044,-0.749966,0.061186,-0.864314,-0.910654,-1.300489,-1.155488,-1.523031,-0.879678,-0.72201,-0.110776,0.341874,0.003481,0.672638,0.13452,-0.174205,0.157857,-1.783044,0.461525,0.865988,2.256852,-0.543502,-1.959829,1.897916,-2.416908,0.846426,0.087182,-0.623893,0.716428,-0.036627,-0.657976,-0.646055,1.142777,0.14881,1.028992,-0.13278,0.25671,0.701021,0.070824,0.010003,1.704903,0.472217,0.384778,0.70432,0.95577,0.603201,-0.999919,0.07623,1.655789,2.051638,1.589517,1.541796,0.778449,-1.10988,-1.068102,-0.999174,-2.04908,0.555151,-1.912148,0.122547,0.488497,1.227901,0.051005,-0.012375,0.277619,-0.65205,0.493933,1.091332,-0.077587,-1.805615,-1.12066,0.348161,-0.689535,-0.395967,-0.764868,1.253869,-0.310652,0.190115,-0.038058,-0.416508,0.327363,-0.02449,-0.764524,0.224123,0.141674,-0.023096,0.763244,-0.332288,-0.091768,0.721716,0.961305,0.760198,0.203614,-0.41224,0.195572,0.220086,-0.187332,1.286903,-0.388937,-0.215011,1.187439,-0.46164,-1.041808,0.73943,-0.36241,0.464204,1.119465,0.820178,0.614372,0.272703,0.992074,-0.694043,1.017095,1.493499,1.427625,-0.326663,0.211758,0.140254,1.061092,-0.071131,0.739613,-0.081733,-1.489092,1.088584,-1.006227,-0.205544,0.116415,-0.800397,-0.248682,-0.589935,-0.048191,0.666247,1.931235,0.619237,0.280816,-0.457121,2.111897,-0.598892,-1.493895,-0.063821,1.530721,-0.567231,-0.956678,0.626756,0.749053,2.167463,0.968454,0.127562,-1.410183,2.33075,0.063648,-0.088274,1.057292
ECA369,-3.462289,-1.18951,-0.241716,-1.058637,-0.005189,-1.0491,0.637985,0.33043,-1.098659,-0.737923,2.384574,-0.110467,-1.029355,-0.46634,-1.466056,-1.357996,-0.477229,-0.456006,0.576306,-1.007254,1.213028,0.804691,0.135972,2.25961,0.96011,1.446481,1.093336,1.90929,0.451956,0.792728,1.121194,1.862384,-0.34113,1.255136,1.418284,0.2475,0.163621,-1.214378,0.832436,-0.715874,-0.422222,1.898628,0.733453,-0.320498,-0.828503,-0.314714,0.526798,-0.663357,0.335627,-1.442745,-1.801989,-1.081642,0.402684,0.962002,0.973327,-0.178609,0.444451,0.607644,1.712271,1.534534,2.116738,-0.209875,1.668836,0.455391,-0.824219,-0.608991,-2.168904,0.059922,0.722437,-0.578799,0.092845,0.327211,1.437314,0.319596,1.737392,0.664098,0.999269,-0.79777,1.356091,0.363154,1.21264,-0.745572,0.593396,0.816111,1.095049,1.472016,1.614657,0.280557,0.382129,0.82364,0.437943,0.167436,0.432635,0.251416,-0.210035,1.074644,-0.770902,-0.333171,0.116171,0.156599,-0.108887,1.892584,-0.739329,0.694101,-0.66425,-0.037434,-0.715923,-0.770423,-0.546466,-0.633723,-0.055909,0.702549,1.351662,2.401945,0.317014,1.351346,1.766411,1.023382,0.726114,-0.470296,-0.842084,-0.366411,-0.250492,-1.2661,0.169575,0.401122,1.083632,1.231843,1.634648,0.516475,1.061668,2.244408,1.367375,0.430539,0.500868,1.028901,-0.766494,-0.490165,0.948964,0.232621,0.843065,0.174104,0.402006,1.830996,2.643085,-2.170141,1.060778,1.746403,-0.209004,-0.710239,2.300949,0.268546,0.824486,1.158004,-0.635547,-0.13013,0.128525,-0.561378,0.605473,-0.598636,1.033018,1.970178,-0.612034,0.543895,1.03678,1.5984,0.927711,1.111932,-0.648662,-1.549534,0.157161,1.206177,0.311763,1.043752,0.219736,1.099013,0.651552,0.815368,1.658413,-0.132047,0.378127,0.5753,-1.054006,1.782612,-0.759334,0.918363,0.570127,-0.220244,1.248252,-0.853538,-0.196294,-1.073144,-1.058735,0.541641,-0.248611,-0.177531,-0.970823,-0.193632,1.625454,0.122758,0.774381,1.077167,-1.186604,-0.254792,1.000331,1.793292,0.28092,0.684337,0.594456,0.494695,1.285081,1.029077,1.562802,0.997902,1.856836,0.513289,-0.086737,-2.302618,-0.345212,2.238513,-0.286707,-0.535868,-1.034609,-1.435278,0.51213,0.252404,0.110521,-1.973751,0.905856,0.459367,-0.022498,-0.54151,-0.236596,-0.815238,1.594777,0.959685,-0.814176,1.968581,0.803984,0.607324,1.598653,1.056707,1.850338,-1.155502,-1.768921,-0.225185,-0.213155,-1.08577,-0.803696,0.443511,1.314892,0.812477,1.632194,0.102588,1.157928,1.765403,1.417442,1.07094,-0.132768,-0.538605,0.673017,0.894035,0.309988,1.478761,0.996787,1.136163,0.261974,0.939005,-0.612356,-0.076606,-0.118025,0.412864,-0.905106,-0.286573,-0.542627,0.669679,1.052424,0.680598,0.548609,0.215329,0.759952,-1.288646,0.631717,0.820111,1.055537,1.334613,-1.382147,-0.762402,-0.834552,-0.586227,-1.038539,-0.411786,-0.359182,-1.184836,0.105606,-1.643195,-1.225742,0.296218,0.544381,-1.200818,-0.913145,-1.386743,-0.327245,0.750354,-0.57453,-0.28506,-0.414737,-0.12887,0.837201,-0.927673,0.191179,-1.787202,1.152197,-0.166767,1.241798,-0.386655,-1.437132,-1.34268,-0.154041,0.606797,0.503483,-0.826833,-0.380723,0.084506,-0.03396,0.216435,-0.628875,0.232546,-0.473604,-1.289691,-2.168594,0.444246,-1.994022,0.481656,0.504398,-0.045857,-0.065472,1.131085,-0.507345
ECA593,-0.762485,0.523975,1.272211,0.577844,1.938156,0.796214,1.274019,-0.505314,2.55814,1.960704,0.382023,0.970966,0.033738,-0.700877,0.787007,-0.431018,-2.05344,0.150009,1.570325,0.82595,0.588673,1.722707,1.686646,-0.427699,0.759144,0.967393,0.014726,1.173902,-0.03028,1.416919,0.985954,0.355077,0.304994,0.70674,1.965313,0.946956,0.128839,-2.338645,-0.478369,-0.917157,-1.225805,-0.235303,-0.637218,-0.764665,0.03629,0.631231,0.566593,0.236263,0.20405,0.920633,0.433046,-0.208375,-0.351798,0.199745,0.542723,1.570533,1.665292,0.067896,1.874473,-0.229137,0.558919,0.878046,2.024896,-0.103764,-1.073477,-0.153006,0.221375,-0.317135,-0.305111,-1.107845,1.426559,1.685072,-2.442904,0.450211,-0.692269,0.877409,0.270749,-1.124467,-0.576884,0.323759,-0.957602,0.966577,1.369896,0.738408,0.961618,-1.304252,1.625569,0.190357,-1.460914,-0.779834,0.489045,1.538718,0.433541,0.240018,1.522489,-0.590783,-0.613108,-0.495272,0.638406,-0.621203,-0.4023,0.372962,-0.961326,-0.737878,-1.569615,-0.82788,-0.058375,-0.88308,0.378991,0.108442,1.416684,-0.875704,0.152171,1.056378,1.248245,-0.044857,-1.114187,1.354048,1.111855,-0.082403,0.318076,1.119966,0.024764,0.657743,0.214659,0.52058,1.040145,-0.319385,0.684954,0.003027,0.682193,-0.451046,-0.50234,0.323784,0.624766,0.070179,-1.565404,0.359649,0.67164,0.500534,0.105651,1.866641,-0.117954,0.629938,0.794112,1.090106,-0.700251,0.586849,0.330212,0.689243,-0.546607,0.672371,-0.315579,-0.203631,1.116771,0.640004,-0.672063,0.427461,-0.580752,2.314512,-0.073802,1.472358,-1.175029,0.786439,-0.788553,-0.026398,1.53196,-0.359526,0.063187,0.729074,0.106338,-0.043956,0.57576,-1.474236,-1.671951,-0.563186,1.120364,-1.696608,-0.472374,0.151461,0.984751,0.072988,0.514909,-0.593758,-0.559814,-0.734174,1.22784,1.474392,1.187478,-1.800909,0.071117,-0.201563,-0.934538,0.485708,0.375797,-0.380967,-0.05912,0.48962,0.656875,-2.188257,-0.009161,-0.848812,-0.463398,-0.30876,0.033064,-1.884771,-1.844749,-0.601811,-0.595395,-1.2097,1.709924,-1.373653,-0.764252,-0.377332,0.2924,0.010844,0.010689,-0.788814,0.220177,-0.124676,0.519699,-0.561872,-0.037156,-0.19687,-0.92656,-0.804262,1.000019,1.035682,-0.280811,-2.192463,0.097309,-0.641364,-0.272025,-0.89901,-0.174647,0.732259,1.198605,-0.73106,0.086795,-1.122757,0.615286,1.098127,0.664779,0.311283,0.739785,-0.721312,-0.645287,-1.389073,0.212346,-0.559506,0.081199,-1.961391,0.388313,-0.259125,-0.480572,-0.259756,0.946227,1.468194,0.702363,-0.562446,1.800777,-0.332935,-1.595959,0.601489,0.380008,0.529331,1.697929,1.225394,1.062702,0.320997,-0.148996,1.378152,-0.244849,-1.196993,0.737999,2.044139,-0.185506,-0.296525,-1.774017,1.207771,0.950469,1.53767,1.074366,1.133621,0.320412,0.34459,0.132137,1.867561,-0.255656,0.381383,0.991754,-1.192022,0.092612,-0.577562,-0.233342,-1.55598,-0.974393,1.189103,0.51733,0.87007,-1.395632,-0.397866,-0.785245,0.180912,-0.280114,1.014085,-0.190591,0.430349,0.477806,-0.620378,-1.768444,1.038188,0.874053,-1.419146,-0.123866,-0.553604,1.944847,-0.309531,-0.242284,-1.907042,-0.599866,-2.30305,0.71348,-0.609596,-0.967742,2.100111,-0.014724,-0.870312,-0.542838,0.247149,-0.156151,-1.376206,0.029093,0.705019,0.132697,1.197777,0.76486,2.386288,-1.9613
ECA594,0.166949,0.803105,-0.349848,-0.368889,-0.473721,0.052922,-0.555606,-2.188761,1.077564,0.676248,-0.662599,0.601177,0.057151,0.080066,1.211028,-0.505286,1.021605,0.795341,0.985936,-0.276875,-0.623385,-0.205237,-0.074902,1.310779,-0.161502,-0.474965,0.294571,-1.982482,0.29797,0.253929,0.927171,0.031293,-0.201153,1.370532,0.943382,0.232727,-0.004854,1.118684,-1.374405,0.986791,-1.066155,-0.077798,-1.767592,-0.685357,0.483429,-0.066865,-0.198426,-2.672781,0.314532,-1.142244,-0.908192,-1.075932,0.500687,0.037381,-1.718421,-0.876509,-0.104636,-2.80945,-0.052846,-0.193,1.165864,1.089768,-1.338882,1.914889,-0.866761,1.631908,-0.175305,0.638455,-0.924158,-1.080077,0.022492,-0.29472,0.819542,-0.398478,-0.987894,-1.964091,-1.56861,-0.197215,0.428161,-0.705176,0.718429,1.128875,-0.314532,0.494794,0.424713,-0.256548,-0.279006,-0.9978,-0.991651,0.537665,0.08242,0.215837,-0.860341,1.243816,0.78923,-0.023127,-0.096046,0.068074,-0.041534,-1.115409,0.202522,-1.179845,0.382046,-0.377399,0.202022,0.247856,-0.919659,-0.529648,-0.322777,-0.60235,-0.98696,1.103682,-0.542312,1.2402,-0.330956,-0.196185,0.24553,0.521334,-0.61129,-0.81828,-1.218458,-0.312481,-0.173682,0.838623,0.052511,-0.166987,1.424586,-1.069948,0.013628,2.072399,1.863465,0.648908,0.803932,0.476586,0.87619,2.123917,-0.584925,1.017097,1.282706,0.772115,1.531575,-0.554542,-1.285148,-0.480937,0.688776,-0.196793,0.565799,0.173788,1.976471,0.325307,1.238476,-1.653512,0.940532,-1.332474,1.071244,-0.628566,-0.217784,-1.986225,0.358773,-0.182735,-1.058031,-0.057149,-0.984879,-1.042527,1.437208,-0.786765,-0.728948,-1.627001,-0.139333,0.736716,-0.155564,-0.585648,-0.068657,0.26284,-0.361854,1.181677,-0.46439,2.78846,1.32733,1.268332,-0.517556,2.600444,-1.004788,0.015892,1.240242,1.322992,0.554204,-0.912786,1.335977,-0.367074,-0.167207,0.360265,0.885485,0.613532,0.814279,0.044792,0.022264,0.176753,-0.478655,1.083162,0.570537,-1.185102,-1.302627,-1.551946,0.404378,-0.832977,0.463845,0.640886,-0.727643,0.357956,1.499595,1.358052,0.808587,1.723861,-0.603121,1.12363,0.748546,-1.149507,0.409449,-0.27307,0.32186,0.889103,0.909015,-0.595881,1.37994,0.892618,-0.64308,0.605142,-0.228638,-0.266299,0.040714,0.865434,0.138643,-1.211235,-0.348267,1.544989,-0.116903,1.370992,-0.467151,-1.207745,-0.696718,-1.503771,0.968754,-0.545809,0.560165,-1.146957,-0.553771,-1.047714,-1.994974,-0.579806,-0.155359,-0.856096,-1.89277,-2.02533,-0.54606,-0.160747,0.213441,0.07885,-0.622617,-1.731546,-0.949486,1.232539,-0.108568,0.95047,-0.327191,0.886361,-0.705075,-0.45295,-0.800921,-3.402483,0.797501,0.840562,0.909174,0.885851,0.983555,0.350727,-2.29832,0.027702,-0.820936,-1.561725,0.789134,0.011842,-0.501663,0.649272,0.478983,-1.072388,-1.477338,-1.556497,0.07604,-1.599973,2.097142,0.794848,-0.878498,0.968611,0.548376,1.253208,1.05651,1.317443,-0.623857,0.386127,1.248674,-0.065611,-0.196094,-1.669853,-1.372003,0.471457,0.955426,-0.102149,1.276231,-0.13563,2.320925,-0.220313,1.66441,-0.523338,0.857003,-0.060341,0.014462,-0.507902,-0.069052,0.543428,-0.07149,2.054132,-0.018609,0.574901,-0.936646,0.184922,0.436101,1.141428,-0.865327,0.471508,1.226747,-0.468156,0.636537,-1.682498,0.029777,-0.20524,0.803289,-0.779419,-0.314607
ECA703,0.673859,-0.872871,-0.478296,-0.534932,-0.733427,-1.758855,-0.717365,-0.622714,-0.590901,0.770175,0.240691,1.622242,-0.129944,-0.522766,1.416204,1.102701,0.797161,2.025675,1.490389,1.241956,-0.633611,2.623838,1.225063,-0.317969,-0.445011,0.870355,0.957746,-0.103803,-0.150034,-0.911915,1.036747,0.969994,0.368799,2.055812,1.129674,0.545775,0.51062,-1.235539,-1.288061,0.306128,-0.243937,-0.576927,0.839053,-0.094965,-0.113759,0.77714,0.751652,-0.795414,-0.592357,-1.403055,-1.121609,-0.126425,-1.545822,0.523721,0.473565,-0.447206,-0.747286,-0.266292,-0.034843,0.142512,-0.200776,0.328229,-0.420198,-0.185083,-1.446008,0.37036,-1.602536,-0.239738,-0.002732,-1.103082,-1.365897,0.3732,-0.356382,-2.19769,0.002706,-1.108769,0.724193,0.286276,0.187378,-0.789174,-1.615087,-1.105399,-1.494414,0.472736,0.13909,-0.543504,-0.768867,-1.024981,-0.362481,-1.009232,0.278832,-0.973734,-0.084146,0.439007,-1.527857,-0.376879,-0.167206,-0.318958,-0.462109,-0.931186,1.824164,0.751558,-0.455968,0.04442,1.14149,0.8127,-1.049968,-0.595705,-3.469629,1.385266,-0.298022,0.003171,-1.281485,0.082629,-0.576242,-0.551809,-0.324907,-0.779896,-0.973671,-1.21244,-0.472755,2.042082,-0.726482,-0.694905,-0.559276,-1.041254,-0.048987,0.012459,1.575734,-0.375903,0.478979,-0.303684,-0.017461,-0.303435,0.105048,2.233773,0.328413,-0.084507,0.621554,1.51995,0.863055,0.612911,1.377773,-0.894259,0.560021,1.259553,-0.496152,1.710951,1.81704,1.002782,0.582846,0.48713,0.278143,0.364552,0.137619,0.178076,-0.415274,0.48048,-0.380127,0.048073,-0.015316,0.355952,0.364838,0.316198,-0.736219,-0.296484,0.511475,-0.185193,0.817087,-0.347034,-0.396176,-1.56153,-1.065581,0.133056,0.934591,1.755683,1.68318,-0.705716,1.516649,0.79679,0.130152,-0.135472,-1.242866,0.29616,-0.953544,0.111311,0.906783,0.451852,0.311443,0.504428,-0.439337,-0.924434,1.62348,-0.071812,-1.286928,-1.205611,-0.602571,1.02868,0.523285,1.729115,0.115582,-0.888845,0.951876,0.092504,-2.32009,-1.144323,-0.377424,-0.501461,-0.340085,-1.103469,0.616315,-0.254483,0.256916,-0.316741,-0.577585,-1.144454,0.189545,0.152955,-0.407997,-2.366146,-1.158334,-1.022285,-0.828221,-1.795748,-1.111512,-0.792124,-0.553797,1.418011,2.008891,0.374493,0.007187,0.844765,2.124417,1.278841,-0.82863,-0.045184,0.983193,-0.794001,-1.471467,-2.9602,0.74339,-0.694714,-2.098922,-1.373554,-2.08196,-0.367327,-0.232934,-0.655485,0.015906,-0.179519,-1.20878,-0.841869,0.359288,1.106028,-0.095451,-1.306965,-0.880464,-0.296936,-1.058796,-1.589794,-0.463285,0.319318,-0.551382,-0.912422,-1.065728,-0.245531,-1.342819,-1.821028,0.181799,-1.566078,-0.933629,-1.822701,2.149775,-1.104477,0.271564,1.382781,-0.914491,-0.767429,0.536843,0.354491,-1.352564,-2.331034,0.058051,-0.948925,-1.660495,-0.96448,-1.05445,-0.912848,-0.73074,0.79863,0.293307,-0.655746,-0.338712,-0.271419,0.599311,1.47639,0.306677,-0.557992,-0.993285,-1.108511,0.633893,-0.671921,-1.752604,0.901181,-0.57905,0.174777,0.739213,-0.956076,0.740203,-0.953804,0.841202,0.80173,-0.819068,-0.361049,-1.45067,-0.452183,-1.175272,-0.004197,1.420839,-0.047281,0.333373,-0.910878,-0.01276,-1.004109,-0.846586,-0.697144,-1.159452,-1.18388,-0.58243,1.2213,1.066148,1.473815,0.150797,-0.274375,-0.035795,-0.666151,0.429025,-2.207257,-0.131987
ECA706,0.590601,-0.074188,-1.403881,-1.030501,0.039333,-1.154568,-0.588321,0.022058,0.594237,0.33417,1.892496,0.610228,1.594522,-0.111806,0.535904,0.678837,0.546924,1.524013,1.783245,-0.175747,-2.72088,1.312726,-2.19348,-0.270682,0.676948,-1.154252,-0.47073,1.200509,1.629236,-0.776988,1.898816,-0.053207,1.064943,0.670783,0.903965,0.051067,2.042683,-0.117658,-0.431112,-2.422095,-0.521209,-0.338395,-0.017271,0.403657,-0.972909,1.055477,-0.793473,-0.155739,-1.084762,0.360211,0.792817,-0.961257,-1.470826,-0.119706,-1.708208,0.880662,-0.244663,0.022641,-0.944953,-0.592897,-1.117744,-0.373961,-1.608162,0.068131,1.764971,-0.617762,-0.163676,-0.641805,-0.855876,-1.513475,0.383346,-0.757674,-0.28544,0.994516,-0.765711,-0.37655,-0.474037,-0.13112,-0.753978,-0.228149,-0.728128,-0.123453,0.226463,-1.307546,0.969654,-0.838763,-1.473797,-1.145061,-0.056909,0.413916,-0.727424,1.463791,-0.435908,-0.999704,-1.187931,1.368086,0.014995,-0.954275,0.442893,-0.252316,-0.445142,-0.415254,0.013397,-0.884357,0.723014,-1.551096,0.354789,0.18731,0.030785,-0.470699,0.783412,-0.221339,-0.323962,-1.010292,-1.860754,-0.931706,-0.569287,0.508931,0.857513,0.298296,-1.484976,-1.93443,0.445052,0.781864,-0.490094,0.181579,-1.313387,1.230079,0.006729,-1.030232,0.776572,-0.502141,-0.421737,-0.529619,0.332594,-1.045238,0.764026,-0.500652,0.274688,0.266966,-0.577968,-0.83944,-1.084545,0.54226,-0.813038,-1.298691,-0.895644,-0.924075,-0.716872,0.892718,0.686054,-0.581147,-0.120837,-0.870433,-1.950313,0.59715,1.016666,-0.729819,1.166843,2.033056,-0.528279,-0.344331,-0.758384,-0.260655,1.770295,0.450076,0.985309,-0.265463,0.66797,0.424157,2.090628,1.590795,0.053006,0.09453,-1.781839,1.733999,2.141731,0.390577,0.2513,0.710696,-0.404796,0.29148,0.967987,-0.992724,0.429428,1.050327,-0.338607,0.675698,-1.918492,0.48524,-0.893187,-0.886609,-1.626404,-1.339081,0.277707,-1.906017,-0.708288,0.390758,0.995215,0.937872,-1.573073,-1.020584,-0.178331,-0.099159,0.613163,-0.656594,-0.928274,-0.970254,-2.076539,-0.848093,0.295665,2.485667,0.685869,0.879638,1.269471,2.748142,-0.01483,-0.541429,0.939055,-0.570145,0.246137,0.145995,-1.076298,-0.409813,-0.079823,0.956928,-0.669649,-1.235247,-0.666601,0.824436,0.775684,0.905412,0.952007,0.149449,-0.750392,1.537086,-1.904894,-0.807543,0.223514,-0.217326,-0.389982,0.432198,-0.994972,-0.530597,-2.242499,-1.230542,-1.051058,0.790388,0.953189,-0.409807,-0.975018,-1.501546,2.218478,0.826309,0.098798,-0.860047,0.255078,-0.921912,-1.094566,1.588188,0.204287,0.098711,-0.31977,1.254032,0.363212,0.120477,0.112038,-0.998833,-1.916773,-1.458183,0.376971,-0.353343,-0.311388,-0.534472,-0.20983,1.147159,0.551381,0.314724,0.974528,-0.145653,-0.623933,0.543833,0.717564,-2.52282,-1.409224,0.225334,0.322152,0.478975,0.456491,-0.516628,0.024597,-0.404837,-2.642486,1.290438,0.144209,-1.446477,0.170633,0.293042,0.292022,-0.022526,-0.485567,0.567155,-1.446423,0.731287,-1.324111,-0.861264,0.305865,0.250931,0.891131,-0.780976,-1.315456,0.349521,-0.600997,0.335885,-0.104128,-1.335794,-0.580354,-0.048349,-0.67221,0.139284,1.886382,1.388094,-1.761309,0.416451,0.377487,0.080702,1.521254,0.033197,0.210767,0.637941,-0.252138,-0.100216,-0.588641,0.527424,-0.937823,0.661253,-0.911389,0.347878,-0.720095
ECA722,-0.991486,-1.510446,-1.277636,-0.468315,-1.390917,-1.355079,-0.521593,0.337739,-0.87798,0.232069,0.43503,0.49274,-0.89582,0.012032,-2.225597,-0.462201,-1.641597,-0.735954,-0.19307,-2.043143,0.503491,-0.234225,0.167386,-0.428196,-1.680132,-0.863663,-0.307574,0.269527,0.086855,0.385643,0.620497,-0.949131,-0.356327,-0.366738,-0.134601,0.722424,-1.066058,-0.906575,0.661373,2.201651,2.810626,1.665893,0.751662,2.030449,1.719729,0.305581,0.895649,0.486746,0.495471,-0.114945,0.404471,0.657361,2.707648,1.759959,-0.197252,0.030974,0.384007,-1.099183,0.593115,1.286494,-0.600633,0.685595,-1.266859,-2.350466,-1.200975,-2.309311,1.565058,-0.239184,-0.128514,0.450312,0.646508,-1.509152,-0.499554,0.329655,1.027616,1.26773,1.143012,0.497539,1.015859,0.975777,1.154736,0.35497,-0.849686,-0.625852,-0.370291,0.31302,-0.216244,-1.430437,0.201424,-1.350915,0.130108,-0.379036,1.136484,1.685271,-1.204834,-0.117938,-1.019652,0.367994,-2.155103,-1.278583,0.63855,1.313558,1.124827,1.265525,0.280616,-0.980576,-0.386924,0.473967,0.933554,-0.090644,0.604103,2.043947,0.822611,0.85062,1.470925,0.283047,0.657568,1.152914,-0.342408,-0.753742,1.010277,0.088245,0.16692,0.987397,0.46341,-0.874653,-0.892611,1.621209,-0.909763,-0.714675,0.443228,0.099351,-1.001126,-1.338607,0.91178,-1.185025,0.228136,-0.573513,-0.434042,0.17066,-0.222798,0.521574,-0.883367,-2.014378,-0.487619,-0.152253,0.261315,-0.442832,-0.976373,1.241416,0.251231,-0.112644,-0.557721,1.180706,-0.489514,1.075357,-0.501713,-0.050257,-0.601269,0.129583,-0.194895,0.565264,0.98412,-0.078244,0.092772,-0.012784,-0.200265,-0.057341,-0.337388,-1.24059,0.053846,1.521595,0.614446,-1.953729,1.621381,1.68941,-0.733186,0.239957,1.013686,0.817312,-3.602688,-0.967964,-1.375925,-0.552442,0.326133,-1.072102,-1.537401,0.490955,-1.073966,1.038303,-1.236382,1.242301,-1.068754,0.322665,-0.402462,-0.806775,-0.994017,-0.248111,0.517282,-0.207138,0.652911,0.964949,0.313482,-0.050749,0.552902,0.401407,1.249706,-0.612613,0.66743,-0.810726,-2.535351,0.763479,-0.187712,-0.050726,-0.883735,0.205577,0.32368,0.477805,0.442944,-1.485152,0.906778,0.188049,0.00659,0.098935,1.67444,-1.074545,-0.526158,0.897389,-0.366105,0.13054,-0.805648,-0.477236,0.40403,-1.338519,-0.345402,-0.464446,0.876013,0.179818,-1.754393,-1.562082,-0.357674,0.066715,-1.171178,0.440658,0.825705,-0.38177,-0.582665,0.148052,-1.675317,-1.04255,-0.666882,1.573212,0.031131,-0.532147,-0.405599,-0.814731,-1.208842,0.200893,0.500632,-0.831024,0.542783,-0.511834,1.136771,0.394402,0.879928,0.109824,-0.695117,-0.369872,-0.444746,0.207163,0.325028,0.926459,0.651187,1.818203,-0.05807,-0.186057,-0.058557,1.143088,1.147276,1.458784,-1.293062,0.339449,-0.696543,-0.601958,-0.697076,-0.210383,-1.651481,-0.434938,0.433254,-0.666176,0.770184,0.204322,1.305667,-0.581685,-0.710004,0.651076,0.232148,0.241273,0.705876,-0.612362,0.718941,-0.299482,1.340531,0.602718,0.727505,1.772185,-1.253373,0.433742,-0.942832,-0.45295,-0.553963,1.205922,-0.878751,2.357926,0.039728,-2.393062,-0.32396,-0.015789,0.355732,0.600131,0.381075,0.34478,1.515402,-2.222722,0.694346,-1.806755,0.030253,-2.239738,-0.284295,-0.009981,0.832092,-0.16814,-1.194653,0.553407,0.621324,1.586464,0.697618,0.284651,-0.397422
ECA738,1.085637,0.997461,-0.010647,-0.884602,-0.021559,1.230679,0.300551,0.566086,3.197268,-1.125109,0.446776,-0.817828,1.625968,-0.218701,-1.725526,1.814739,-0.396812,0.412372,0.779328,0.684486,-0.459517,-0.030513,-0.01087,0.027121,0.387111,-0.29342,-0.727951,-0.018095,0.422123,-0.668865,-0.50392,-1.099228,0.778338,0.801614,-0.038477,0.004174,-0.330849,-0.315684,0.197679,-0.661103,-1.909978,0.541862,-0.403884,-0.43352,-0.595568,-0.255126,-0.292638,0.334796,-1.548928,0.508236,-0.232584,0.508953,2.705024,1.925999,-0.322214,-0.213848,-0.873768,-0.286006,-0.678022,0.483221,0.81149,-0.627848,-0.636784,-1.444684,0.198862,0.723997,-0.323834,-0.547348,0.279986,-0.091746,-0.843284,-0.061433,-0.924382,-0.823662,-0.295363,0.700283,-0.25422,1.409214,-0.332317,-0.293068,-0.539399,-0.959749,-0.344436,-0.203239,0.019298,-0.240014,-0.705354,0.295835,0.028834,0.014656,-2.033392,1.420036,0.510674,-0.486402,0.607526,-0.325609,0.935506,-1.040392,-1.235641,0.753588,0.131555,-1.80243,0.201014,-1.742844,-1.330729,0.978259,-0.307302,-0.701985,-0.31231,-1.905348,0.422814,-0.083726,0.256125,-2.017009,-0.895217,-0.306108,-2.732411,-0.032488,0.615161,-0.665572,2.229006,0.369956,-0.801238,0.111966,0.242997,-0.681157,1.488054,0.67904,-0.921713,1.272423,0.503947,-0.080252,2.504422,0.332714,2.28138,-0.351195,-1.772328,-1.990576,0.52794,0.756574,-0.63497,-1.26451,-0.255182,-2.382482,0.017533,0.363287,-0.660563,0.355039,-0.868432,-0.534688,-1.711514,-0.112839,-1.631242,-1.625155,0.090201,1.088248,-0.399829,0.544247,0.681702,1.498592,2.547425,2.377008,-0.799388,-0.909377,-1.44183,-0.050758,1.385058,0.519425,0.22924,0.86065,0.122955,-1.23049,-0.879927,-2.479513,1.137524,-0.853447,0.646383,-0.550407,-0.715879,-0.848676,0.441272,-0.063712,0.228245,-0.613807,1.361276,0.616951,1.171282,-0.030541,0.254607,-1.321303,-0.366519,-0.53339,-0.778223,0.604379,-1.911993,-1.147447,-0.599572,-0.305498,0.352686,-1.693551,0.992708,-0.712683,-1.266524,-0.574029,0.226708,-0.625456,-0.464515,0.078704,-0.293399,0.950035,-1.992633,-0.805295,-0.497606,-0.694796,-1.006263,-0.211478,0.878524,-1.653101,0.514367,1.276922,0.585364,0.390096,2.706189,2.222672,-0.090184,0.782691,-0.581266,0.048437,0.162022,0.831652,-0.595933,-1.125213,-1.469672,-0.939856,-0.052446,-0.643907,0.50374,-1.182887,0.367183,-1.776879,-0.543958,-0.629545,-1.153086,-0.917912,0.616641,1.337018,0.386086,0.779101,-0.002614,0.499166,0.304325,0.575229,-0.889251,-0.328409,-0.355004,-0.583733,0.177155,-0.548774,0.697573,-1.253587,0.490572,0.715849,-0.637313,-1.357693,-0.230454,0.232957,0.305608,1.588422,-0.081685,1.740773,-0.432786,-0.645538,-0.59145,-0.042103,-0.332785,0.627076,1.153882,1.699715,1.325504,-1.057127,-0.427351,0.661854,-0.418709,0.846569,-1.308323,1.627911,0.537114,0.633471,-0.865905,-1.350962,1.31051,-1.571683,1.167588,-0.337702,-1.064095,0.65897,-1.350107,0.146222,0.885922,0.428232,0.854831,-0.020137,-0.009663,0.00948,-0.329803,-0.112031,0.265305,0.025985,-0.970675,-0.292332,-0.104375,-0.432318,-2.456818,0.109661,0.101872,0.975832,0.687145,-0.956628,-0.140009,-0.729223,-0.420727,0.396353,0.17622,1.231047,0.97716,-1.086714,0.851332,-0.131477,-0.782929,0.375174,-1.050204,-0.242127,-1.87762,0.879619,-1.030663,1.05033,0.032194,-0.324437,-0.481757
ECA743,0.230549,-0.141622,1.031278,1.511184,-2.08338,0.476267,-1.76182,-0.717509,-0.387425,1.59101,-2.710212,0.929041,0.085682,0.182729,-0.02525,-0.2762,-0.198447,-0.713059,1.545976,-1.151292,0.858924,0.198236,-0.608771,-0.497653,-0.287589,-0.306716,-1.398093,-1.800708,-0.5496,-2.043028,0.12344,1.3902,-0.162392,-0.414044,-0.664897,-0.127305,0.942037,0.239078,1.131048,1.065174,0.519145,2.887267,0.692196,1.486007,1.547562,-2.434964,0.246922,-0.431298,-1.154015,0.255115,-1.08962,1.527444,-0.027406,1.290799,-0.521126,0.451148,2.276639,-0.40862,0.602736,-0.200623,0.347741,-0.711572,0.302394,0.529649,2.589585,0.659573,-0.525677,0.706066,-1.393782,-0.533994,-1.607832,-1.532745,0.751376,-0.200655,-0.72907,1.923404,1.716638,0.483683,0.524744,-0.100016,-0.436318,0.050345,0.49445,-0.554695,1.566818,-0.083073,0.770441,1.837812,0.640663,0.504932,-0.272398,-1.203453,1.355692,-0.961719,1.815637,-0.923461,-0.426191,-1.416006,-0.750502,0.46667,-0.444604,0.386742,-1.264652,0.306402,1.143993,-1.014457,-0.202402,0.397207,-0.311667,-0.057244,-0.875709,-0.637811,0.438476,-1.395225,-0.257209,-0.009701,-0.315773,-0.478914,-1.412083,-0.835444,-1.393092,1.202538,-1.21748,-0.049203,-1.950748,0.575997,1.247715,-0.046225,2.26117,-0.620564,0.454958,0.311546,0.536284,-0.757321,-0.273663,0.609246,0.286291,-0.165208,0.201148,0.507,-0.203515,0.047726,-1.643236,-0.206779,0.24257,-1.333,-0.704799,-1.264438,-0.227139,-0.303643,-0.734321,0.96188,-0.278472,0.316231,-0.786928,-0.050986,0.914361,1.367466,1.665927,-0.061825,1.913289,1.451885,2.322445,-0.082603,0.141309,1.13955,-0.142099,0.455113,0.864062,-0.743572,1.19937,-1.705158,1.437032,0.668111,1.106911,-0.695777,-0.093232,-1.69364,-1.109445,0.385113,2.23465,0.264997,0.514725,-1.647004,0.442911,-0.361417,-1.552602,0.172726,-0.779218,0.30794,0.316075,0.363935,0.219194,1.04071,-0.478879,-0.517255,-0.750078,0.663603,-0.238586,-1.890435,-1.170981,1.181563,-0.559893,0.787077,-0.768422,-0.875469,-0.035224,-1.09577,0.44399,-0.157622,-0.326801,1.455075,2.686253,1.844162,1.580885,1.492389,1.878075,-1.41601,-0.057798,-0.908364,-0.178298,0.216759,0.36922,0.379825,0.278569,-1.00597,-0.579743,0.68161,2.12333,-0.64484,1.404173,0.814634,0.458166,1.53056,1.19502,-1.178023,-0.909905,-0.704482,0.414612,1.486589,-0.477095,-4.3e-05,-1.127453,0.725093,-0.758842,-1.155883,-1.048695,0.034452,-1.522174,-0.788995,-0.382963,0.424187,-0.046257,-0.614322,-0.123154,1.395714,0.674779,0.322986,1.584175,1.904871,0.261469,1.56385,-1.432784,1.144475,0.931877,0.84107,1.748517,0.329432,0.032151,0.673691,-0.947521,-0.347602,0.304889,1.928473,-1.728002,1.23279,1.559147,1.005426,0.292318,-0.235901,0.507717,0.689274,0.236394,0.69093,1.88771,0.5732,-1.709511,1.406904,-0.914022,0.428331,0.969583,-0.766449,-1.327084,-0.850648,0.082493,-0.238689,-0.497784,-0.166123,-0.33683,0.340299,0.263319,0.865167,2.230002,-0.253958,-1.283144,-1.615204,0.149694,-0.60299,-0.552762,1.092841,-0.17006,-0.692665,0.7125,0.210204,-1.238309,-1.034756,1.154245,0.134363,-2.23457,-1.707932,-2.067336,0.448952,0.884221,0.506218,-0.015465,0.22924,-0.434686,0.810025,-1.691613,-0.558152,-0.090406,-2.313591,-0.039968,0.768117,-0.610499,0.382883,-2.064679,-0.692529,-0.088396
ECA746,0.861518,0.763997,0.63628,0.55534,-0.408276,0.329724,0.926326,1.819973,-0.430167,-0.470187,0.509479,0.598048,-0.695661,-0.352809,-1.19021,-0.440496,-0.009018,1.585026,1.257305,0.925718,-1.955734,-0.874103,-0.608354,-2.046105,0.169305,-1.120572,-0.100758,-0.200943,-0.42116,0.459239,0.884975,-1.177114,-1.555592,-0.099927,-2.356568,-1.50413,2.092117,-0.757598,-0.214075,-2.544297,-0.763372,-0.268724,0.205781,0.11609,0.616605,-1.318525,-0.281958,-1.959883,0.053649,0.464132,-0.887185,0.341954,-1.492437,-2.116715,0.065304,0.141286,-1.630146,-1.847608,-0.542903,0.562142,-0.252537,-1.951868,-0.686227,-1.571523,1.525482,-0.645929,-0.739743,-0.201862,0.087395,0.302769,-0.267063,-0.141988,-0.79019,1.198402,-1.056625,-0.531815,0.362474,0.907125,0.954575,1.616349,2.308572,-1.444191,-0.457538,2.249865,0.633549,-0.664917,-0.372189,1.201088,0.369651,-0.037121,0.147518,0.307375,0.674602,0.263514,-0.562551,-0.905387,0.174859,-0.335696,-1.113552,-1.023115,-0.214244,0.252092,-0.573588,-0.061381,1.394446,-0.622491,-0.544299,-0.579274,-0.85989,-0.106833,-0.267062,2.260606,1.153447,1.339874,1.181176,0.940455,1.210313,-1.193503,1.199059,-1.521135,-0.781848,-0.948493,-0.156927,-0.999785,0.834126,-0.199054,-1.424792,1.089877,-0.193482,0.946421,-0.692545,1.317702,-0.255252,0.083929,-0.911163,-1.731529,-2.687853,-0.887471,0.353243,-1.97835,-0.464666,-1.796769,-0.494019,-0.049991,-1.297617,0.129286,-1.083859,0.43842,0.609477,0.753407,-1.174652,-0.937351,0.006865,-1.356203,-1.429336,0.177672,-1.173021,-0.426934,-0.23439,-0.391345,-1.364827,-0.900557,-0.707288,1.040893,0.794971,-0.246202,1.051628,0.35118,0.382021,0.363975,-1.355946,1.903338,0.431618,2.413979,0.469746,0.211502,-0.486705,0.809465,-0.588494,1.039829,0.792653,-1.065289,-0.93909,-1.257319,0.88708,-0.935276,0.0436,-0.052929,-1.459317,-1.284114,0.239602,-0.89601,-0.818919,-1.759497,0.982034,0.262728,0.431209,-0.231504,2.05399,1.775354,-1.935116,0.329034,0.115802,-0.425912,0.060737,0.345273,-0.62519,1.042113,0.477057,-1.419069,-1.719983,0.522423,-0.857093,-1.755513,-0.088066,-0.440974,1.89705,-0.722995,0.256469,-0.264611,0.181821,-0.56333,-0.357223,-2.330092,-0.831808,-1.369833,-1.678422,-1.249648,0.691371,0.448981,-2.134721,-0.416796,-0.078332,-2.550811,0.539308,1.814549,1.527956,-1.383291,0.214315,0.622286,-1.169769,-0.95562,-0.193241,0.823208,-0.275748,0.883479,0.523352,-1.614413,-1.458536,-0.484633,0.142393,-0.684175,1.413626,0.329758,0.313447,0.462249,-0.281969,0.992827,2.114542,0.269236,1.235536,-1.033445,-3.178826,0.685236,-0.907963,-0.541275,-1.376415,-1.241413,0.426142,-0.077154,0.909391,1.399632,-0.258426,-0.749193,-0.471547,0.609619,-1.501487,-0.429598,-0.833189,-0.886087,0.267324,-0.149627,-0.812803,1.596641,1.555822,1.170413,-2.110016,0.249897,-0.542291,-1.791273,0.285946,-0.899317,-1.171348,-0.850055,-1.300237,0.326225,-0.727516,0.894334,1.33965,0.133448,1.754343,0.613298,0.306376,1.067203,0.451739,1.831603,1.145225,1.489102,-1.876582,0.109372,0.357301,0.948544,1.644794,0.416931,-0.499581,-0.625965,0.527281,-0.544532,-1.722602,-0.434815,-0.275133,0.526838,-1.148485,-0.317381,0.092849,0.116499,2.373571,-0.557308,-0.737006,-0.450605,1.293377,-0.163841,-0.260597,-1.823356,1.609893,-0.793509,-0.874052,-0.352714,-1.425893
ECA760,-0.459234,0.023156,-1.63101,-0.238624,0.600577,0.485015,-0.507483,0.080899,-0.239205,-0.247036,-0.009788,-0.177082,-0.316377,-0.023053,-0.157623,-1.620893,0.640857,0.467851,0.487619,0.788208,1.804901,1.031519,1.517921,0.199393,1.064869,0.151509,0.219028,-0.774546,0.346012,0.217853,-0.632599,-0.290911,-0.198233,-0.903909,-0.390947,-0.672379,0.435756,-1.546438,-0.283552,-1.668135,0.481634,-0.012437,-0.972745,0.848019,0.82318,0.543309,0.975186,1.31501,0.416692,1.25307,-0.148259,1.735753,1.766601,0.50637,1.361774,-0.359906,0.399809,-1.099701,-0.134349,-0.382615,0.769978,0.794572,-0.384586,0.644251,-0.561543,-2.029312,-0.248394,-0.167382,-1.919322,0.931022,-0.39923,-1.327996,1.914363,0.720079,-0.008496,0.248292,0.726337,0.914117,-1.090455,-0.022449,0.373235,-0.313095,0.865012,-0.034647,-0.973208,0.08467,0.842556,0.566104,-1.612152,-0.146984,0.447279,2.015262,-1.351402,-0.401208,1.228151,-0.291942,2.209466,1.47914,1.698926,-0.929755,0.731539,0.288741,0.030396,1.423129,-0.015805,-0.555605,0.149792,1.277416,-0.053849,1.764912,1.017234,0.966356,0.07355,0.775842,1.028882,0.66884,2.002895,0.281657,-0.35807,-0.436511,-1.393241,-0.731334,0.391218,-1.533577,-1.253015,0.370655,0.109287,0.364402,-0.995614,0.04146,-0.432331,1.113702,-0.561705,-1.217819,-0.400089,-1.416291,0.552494,-0.018037,1.845394,-0.330509,0.426901,-1.312506,-0.806007,-0.842383,-0.232657,-0.357216,0.308131,1.643747,-0.038153,0.05365,-2.552707,-0.195156,-1.042725,0.942862,0.724024,0.253743,-0.081706,1.804418,1.063971,0.797499,-0.750653,1.132106,1.354993,-0.602858,0.897886,1.492512,0.734139,1.282414,0.233469,-0.225474,1.328109,-0.337095,-1.685347,0.485152,-0.377538,-0.122705,-0.910594,-0.207206,-0.894432,-0.20545,-0.948911,0.24282,-0.200717,-1.731008,1.168994,-1.20668,-2.2569,-0.00109,-0.732365,-0.117567,-0.233387,-1.716259,-0.612091,0.35972,0.055288,-0.996377,-0.619267,-0.091364,0.877562,0.077409,-0.331694,1.860515,0.58115,1.165393,-0.721723,0.132686,0.208768,-0.798029,-0.072455,-0.665446,-0.541461,-0.186986,0.863235,-0.009278,1.634081,0.103908,-0.249202,1.819907,0.161262,0.382598,0.409481,0.29371,0.155929,2.510453,0.583644,0.081803,0.051524,0.911547,-0.903332,1.043101,0.459183,1.776366,1.19347,1.021032,-0.271946,0.961294,0.338467,0.306612,-0.73186,-1.063783,-1.414375,-0.864,-0.755939,-1.054661,-0.554113,-0.087522,0.474337,-0.685244,-0.152932,0.037501,-0.7598,-0.284778,-0.133248,-0.661232,0.056193,-0.296876,-0.21228,-0.560961,-1.021119,-0.243035,-0.098993,-1.467154,0.18753,-0.633899,-0.421667,0.088391,-0.909773,0.171183,-2.274298,-0.569215,-0.970889,-1.141985,0.106519,-1.902662,-1.588255,-1.830849,-0.029658,-0.173316,-2.070177,0.472139,-0.510281,-0.148508,-0.309862,-0.332025,1.470651,-2.375617,0.505951,-1.138986,0.194356,-0.218526,-1.129666,0.382469,-1.655473,-0.398279,0.615357,-1.761088,0.68547,-2.483488,-0.651834,0.007593,0.11184,-0.419377,0.384817,-1.688269,-0.945236,0.602088,-0.133369,-0.200749,-0.572342,-0.936659,-0.944228,-1.8081,-0.550343,-0.142354,0.26979,0.845815,-0.343568,-1.276911,-0.964757,0.387062,-1.597694,0.854826,-1.23825,-1.891714,-1.09153,-0.793521,-0.820934,0.263666,1.795841,1.533712,1.874781,-1.468535,0.838759,0.633227,0.687054,-0.400772,0.264478,0.757741,-0.089754
ECA807,-0.34303,0.741281,0.471257,0.346395,-1.533324,-0.064578,0.439585,0.573379,-0.23367,-1.666309,-1.917227,-0.511497,-1.721817,0.423595,-0.069057,-0.385236,0.173446,0.239656,0.313303,0.206265,-0.251733,1.35916,-0.044187,1.052202,0.304364,0.038321,-0.439653,-0.857931,2.514552,0.606461,0.494032,0.907475,1.735889,0.485678,1.793818,2.174008,1.393712,0.909867,0.935802,-0.679414,1.868126,0.780762,-0.002516,-0.500405,-1.237714,0.863481,1.185646,-0.327735,0.931198,0.875085,0.33961,-0.513413,-0.28384,-0.303457,1.768363,0.705573,1.815535,2.218963,0.932713,0.426716,-0.279664,1.336683,1.573926,-0.505349,-1.350303,-0.255917,0.78519,-1.086457,-0.402646,-0.096737,-0.793463,-0.371651,-1.114349,0.989244,1.561813,-0.386171,0.75155,-0.497077,0.614868,-0.210776,0.8776,0.349479,0.029292,-0.286907,-0.494867,-0.284073,-1.286687,-0.5117,-0.541331,0.38933,1.627431,-1.297659,0.236499,0.3074,-1.47406,0.178007,1.315149,-0.569197,0.990037,-0.597589,0.179104,0.346259,0.538657,-0.271871,-1.27842,0.30157,-0.815448,1.059891,-0.447585,-0.666544,-0.00854,-0.022029,-0.377699,1.019786,-0.24127,-0.79868,-1.874837,2.722929,0.934815,0.830152,0.746489,1.258667,-0.268628,0.782273,0.597325,-0.217398,-1.232867,-0.955772,0.610292,-2.681162,-1.498733,-1.267973,-0.410013,0.757887,-0.065978,-1.866236,-0.082553,-1.228417,-0.688566,-0.054096,0.482947,-1.535772,-0.695537,0.763215,0.845935,-0.065555,0.90692,0.345253,-0.676496,-0.324558,-0.658797,-0.942281,-1.375226,-0.426409,1.111069,-0.892335,0.364161,1.397361,-1.370991,1.911217,0.5671,-0.524548,0.402836,0.34627,-1.947095,1.222029,-1.187369,0.087055,-0.474168,0.503738,1.159153,-0.463797,-0.631792,-0.920976,-0.687503,-1.335914,-0.296644,-0.898303,0.142894,-0.498102,1.21987,-1.053812,1.896277,0.233277,0.286956,1.071619,1.690699,1.520618,-0.479563,-1.273125,-0.187534,-0.753078,-0.827059,-1.320906,-0.080552,-0.533603,-0.204492,-1.405597,1.248342,0.587122,-0.096833,-1.418339,-0.425051,-0.543823,-0.674427,-0.632771,-1.484006,-1.006799,0.41505,0.580184,-1.872535,-0.291659,-0.345753,-1.594579,-1.120891,0.046392,0.016231,0.648391,-0.171298,-0.059301,0.375363,-0.557301,-0.054678,-0.693913,0.806839,1.663883,-0.465502,0.602917,-0.554426,-0.314608,0.675696,1.52988,0.278221,1.404989,-0.699798,0.2217,1.734901,-0.734172,-1.440023,-0.158895,-1.281827,0.055925,-0.736574,1.533107,-0.305376,-0.061509,0.476857,-0.032306,1.248311,1.617144,0.965875,0.678403,0.177916,-1.163739,-0.383008,0.551474,-0.420512,1.106688,1.418722,0.444126,0.584887,1.001674,0.774096,1.496827,0.706359,0.425129,0.777629,1.633439,1.470206,0.887691,-1.018801,0.577929,-0.067003,-1.608817,-0.153052,0.592093,-0.899967,-0.522775,-0.817085,0.69829,-0.024786,-0.233111,0.477018,-1.154282,-0.793306,-0.714253,-0.640022,-1.428756,0.130573,0.214926,-0.958594,0.357572,0.517061,1.889796,-1.394966,0.061358,-0.218578,0.134492,-0.484188,1.786166,-0.913106,-2.158274,-0.510427,-1.685499,-0.931314,-0.159236,-0.253592,0.038166,-0.153283,-0.413965,0.403269,1.596295,-0.820914,0.247385,-1.614362,-0.266806,0.769465,0.035943,-0.753926,0.709532,2.211263,2.307272,0.335196,0.764816,-1.860596,1.218405,1.887883,-0.614143,-1.040948,-1.143248,-0.481903,-0.544844,1.476678,-1.44852,-0.961308,-0.223177,0.546846,0.21492,0.629204
EG4725,-0.16949,-0.793349,-1.883073,1.782479,1.230029,0.110226,-0.820028,-0.36674,-0.669191,-0.877339,-0.443678,-0.198461,-0.855062,-0.119637,-0.049852,-0.225176,-0.430469,-0.276084,-0.259601,1.531905,0.549509,0.398238,1.410921,1.178807,1.339556,0.571759,3.434178,2.182987,0.948459,0.509417,-1.630961,-1.144646,-1.126464,-0.214931,-2.255023,-0.692552,-1.009047,1.391223,-0.273972,-0.528457,0.472057,-0.95229,1.486779,-0.643537,0.422658,-1.754632,-1.411038,-0.11494,-0.139326,-1.624765,-0.211603,-0.058294,1.336679,-0.763869,1.525824,-1.683098,0.899007,0.15163,0.738982,0.325462,-0.044686,-0.552882,-0.267816,-1.02028,0.771751,1.30339,0.301417,-0.071328,0.142627,-0.197732,-1.581688,-0.605127,1.278948,-1.036664,0.910553,-1.250603,0.6977,-0.230175,0.34412,0.662427,-1.453325,-0.995501,-0.60554,-0.459462,-0.042037,1.099822,-0.267914,0.875214,-0.9605,-0.16312,-0.102129,-0.266162,-0.207289,-0.079596,-0.631363,0.324841,0.396556,-1.307681,0.944097,-0.196348,-0.051818,-0.973586,0.123476,0.68579,-0.975636,-1.426478,-1.394859,-1.468748,1.344773,-0.377903,0.760662,-0.945425,0.696042,1.098229,-2.083061,-1.034687,-0.790138,-1.41768,-1.418254,-0.85044,1.281998,-0.364543,-0.055362,-0.814293,0.31582,-0.518882,-0.205146,0.679328,0.136531,1.496069,-0.543506,-0.776474,-0.420865,0.378043,-0.879317,1.159272,1.914208,-0.869039,-0.641215,-0.245094,1.089551,-0.356713,-1.965917,-0.278615,2.446745,1.323194,-0.092576,-0.719167,0.250422,0.820006,2.944206,0.919086,0.369315,-0.924224,-0.315879,0.838107,0.191207,-0.017535,0.73363,-1.457246,-1.190774,-0.404739,-0.364409,-1.765632,-0.953633,0.231009,-0.602247,0.929844,0.657956,-0.633797,-0.594405,1.043681,-1.875437,-0.303693,0.363388,0.041312,-0.655725,-0.372192,-1.512752,0.657478,-0.395619,1.119009,-1.019596,-0.41004,-0.476564,-0.776775,0.262703,0.260903,1.551761,2.205755,0.310164,0.169193,-0.180569,0.999788,0.285875,0.774299,1.926028,1.426607,-0.68427,-0.913491,-1.120279,-1.72655,-1.371247,0.21752,-0.63188,-0.733899,-0.176774,-0.463713,-0.137144,-0.595211,0.043536,-0.437372,-0.33867,0.3909,-0.685825,-1.01878,-2.000441,-0.548875,0.36136,0.838753,-0.805861,-0.00225,0.342241,0.539268,0.227428,0.591063,-0.022337,0.146887,-0.043396,-1.972005,0.988312,-0.473897,-0.63646,-0.506667,0.012836,-0.003301,-1.828445,0.362679,-1.121572,-0.638519,-0.703727,-0.214177,-1.234646,0.024796,-2.412011,1.200662,0.449688,0.038338,0.850221,1.26661,1.210792,-0.585445,-1.64672,0.165538,1.940088,0.217017,-0.778391,1.777286,0.822082,0.778108,2.102221,-0.74288,-0.139663,-1.198387,0.657041,-1.685787,-0.084842,-0.629589,-0.277179,-0.253837,0.218525,-1.623257,1.096519,0.295696,-0.62244,-0.19331,1.029094,1.463015,1.442923,1.126806,0.346887,1.321872,-0.12563,-1.318033,-0.090016,0.217653,-0.206417,0.378314,-0.030254,0.438066,-1.435591,0.727406,0.171786,-0.195215,-0.50917,0.010885,0.730691,1.515658,-1.490813,-1.033504,-0.269397,1.436494,-0.418821,0.665142,0.593176,1.240259,1.647996,0.175392,-0.574256,1.644888,1.034024,-0.029786,-0.709391,-1.880054,-1.318362,0.24993,-0.730663,1.229799,1.208721,-0.864981,1.448328,0.519154,-0.395825,0.533362,-0.242918,-0.336063,-1.411941,1.417997,-0.765919,-1.215761,0.824938,0.48696,-0.731105,-1.02,0.423658,0.684716,-0.011385,-1.04791,-1.002354
JU1666,-0.253838,-0.588077,0.647358,-0.589445,-0.876703,0.861728,-1.197137,0.056251,0.307903,-0.133823,-0.998737,-0.866215,-1.142921,-0.466868,0.597924,-0.861269,0.621076,-0.325415,-0.816511,0.848763,-0.60043,0.800656,-0.141464,1.199909,0.650039,-0.975128,1.088346,1.24397,-1.067218,-0.398809,-1.624252,-0.589561,0.205833,0.397306,-1.933199,-1.523511,0.624998,-0.52953,-0.123567,-0.502308,-0.577059,0.00694,-1.377635,-0.240368,0.751747,0.600432,1.336832,0.417406,-0.422527,-1.316903,-0.006797,-0.512747,-0.577182,1.229653,1.130943,0.69354,0.316651,1.322832,1.364221,-0.863313,-0.024254,0.506198,1.126847,-1.173178,0.461143,1.036725,-0.270601,0.346816,-0.078872,-1.444063,0.899187,-1.371854,0.049914,-0.640457,1.163233,1.786393,-1.680913,-0.213064,-1.451931,0.405568,0.153494,0.575559,0.136838,1.027196,-0.847452,-0.310373,0.930439,0.157196,0.180759,-0.930848,1.017208,1.921227,0.073222,0.722213,1.455072,-2.110035,-0.777547,-0.780164,-0.391067,0.064873,-0.175913,0.069629,-1.445941,0.83904,-1.315283,-0.372143,-0.139714,-0.318051,2.282598,-0.751588,-0.623043,-0.8905,-0.259263,0.732941,-0.302573,0.183078,-0.127386,-1.324503,0.554883,1.122969,-0.63895,-1.123155,-1.798254,-1.270457,-0.434078,-0.410651,0.572697,-0.948833,-1.051943,0.303723,0.492376,0.823603,-0.328429,-0.786594,-0.342225,2.215347,0.906741,0.806055,-0.473197,1.546699,0.838483,-0.664273,0.600233,0.594031,1.349881,-0.028614,0.205298,-1.418568,1.466274,-1.523885,0.27568,-0.257279,0.881127,-1.146838,-1.909572,0.502274,-0.987141,-0.045438,0.548268,-0.005811,-1.816623,0.348967,-0.81867,1.378078,0.323849,-1.41318,-0.8821,-0.980598,-0.900807,-0.263253,0.291625,-1.80566,1.109054,-0.879892,1.101768,-0.57514,-0.869739,-0.395713,-0.254387,-1.019437,1.263484,0.5009,-0.822721,1.694596,-0.132517,0.47296,1.089048,0.267565,1.169989,-0.140741,-0.006885,-1.830628,1.750621,-1.048954,-0.375823,0.441356,-0.56276,0.431359,-1.158163,-1.232042,-0.906763,0.834919,-0.778467,-0.289989,-0.540593,0.160032,0.691785,-0.316767,-0.802159,0.11563,-0.038793,-0.166914,1.141782,-0.266604,0.035027,0.796808,0.8526,1.502525,1.147353,2.912997,-0.475888,0.593092,-0.468201,-0.364825,1.732789,0.259526,-0.611431,0.668075,-0.350329,0.122357,-0.016307,-0.154449,-0.473472,-0.063644,0.661772,0.558278,-0.7868,0.379169,1.21025,0.829888,-0.131151,0.937344,0.862637,1.336262,-0.873854,1.441566,0.70727,0.219763,-0.068635,0.481247,-1.146525,1.902786,0.732835,-0.088598,0.665541,-0.272603,-0.831711,-0.90987,-0.275608,-0.394632,-0.133121,1.378916,1.151735,0.467386,0.614541,-0.620572,0.248487,-1.94691,-0.384439,0.42006,1.391961,0.228072,0.394084,-0.816855,-0.500624,-1.158457,-1.917163,-0.335825,-0.421322,0.024131,0.756217,-0.166316,0.309646,-0.958418,1.805655,0.221708,0.704599,-1.373521,1.141533,-2.1095,1.069288,0.725972,0.494003,0.611458,-1.031617,-1.072766,-0.714201,1.060866,-0.197222,-2.350017,-0.743366,1.003998,1.141673,-0.229142,0.891313,0.63712,-0.480235,0.258789,0.231581,0.302228,-2.151409,-0.201121,-0.348187,0.734169,-0.786879,-0.451724,-1.585796,-0.505787,-0.788859,-0.651727,0.491222,0.276252,-0.667167,-1.852449,-0.45347,-1.128426,0.682123,-1.569116,1.972385,-1.101451,-1.503492,0.542442,0.010951,1.345551,-0.399653,-0.872253,0.763269,-2.663804,-0.875569
JU1896,0.774292,1.563472,1.01029,-0.559176,0.348354,0.466807,0.010629,-0.26765,0.267758,-1.059376,0.948149,-0.786129,0.30889,-1.326175,0.476234,-0.987579,-0.876743,-1.0672,-0.358377,-0.323689,-0.868413,0.35372,-0.479652,-1.31628,0.476683,-1.335726,-0.322292,0.085319,-0.392518,-0.447429,-0.064111,0.687277,0.549284,-0.414355,-0.344455,0.326675,0.618519,-2.055977,1.006564,-0.002841,0.270369,-0.036987,-1.53441,-1.034806,-0.898995,0.646867,0.024426,-1.120831,1.511686,-0.516539,0.713672,0.075368,-0.14883,0.578371,0.069646,1.18916,0.304471,0.116968,1.220063,-0.323743,-0.767629,-1.289239,-0.235587,-1.047894,-0.488335,-0.342151,0.43248,-0.404727,1.451233,0.526917,0.498994,-0.209048,-1.210614,1.255654,0.592498,-0.303842,0.137254,0.248868,0.271904,0.197647,0.817672,-0.158691,-1.14048,1.832941,0.503428,0.30988,0.553205,0.359233,-0.555933,-0.290963,0.286674,-0.033026,-1.158841,-1.492945,-0.560915,-0.07099,0.246074,-0.890538,-0.759653,2.999537,-0.226815,1.135959,2.327117,2.395172,1.476835,1.953267,1.439951,2.902263,1.437148,1.213021,-1.537034,0.699467,1.518941,-0.293655,0.771483,0.676414,1.282938,-0.351355,-0.393378,-0.222812,0.6167,1.685607,0.682972,0.607532,1.134034,1.204916,0.094768,-1.342945,-0.612826,-0.941141,0.736823,-0.467575,1.238688,-0.610106,-0.197684,-2.712243,1.166996,0.557903,-1.287804,-0.724168,-2.385377,-0.832051,-1.271411,0.656591,1.216576,0.618825,0.828894,0.919536,-0.831783,0.272244,0.022572,1.102411,0.6759,-0.391711,1.695243,0.269628,-0.793281,0.259851,0.897037,-1.384501,-0.328577,-1.096052,0.366883,0.757281,1.107922,-1.316551,0.509754,0.775241,-2.091462,0.46824,-0.242138,-0.193374,1.246663,0.432129,0.337056,0.722606,1.63564,0.475283,0.434184,-0.162899,-0.265199,1.154844,2.694291,-0.463021,-0.840027,0.802146,0.876872,1.164558,-0.140968,0.053377,0.545876,0.425116,-1.047288,0.110279,0.270268,0.203933,-1.068177,-0.035736,-1.317583,-0.002331,0.208283,-0.368059,-1.025598,0.726998,-0.303616,-0.641892,-1.641976,-0.015386,-0.857249,1.577293,0.016199,-1.131536,-0.743435,-1.476319,0.386937,0.748871,0.610494,-0.341421,-0.168867,-1.016858,-0.033014,0.074879,-0.807231,-1.379484,-1.742004,-0.706623,-0.201825,-2.096696,-0.974495,-1.487132,0.059569,-1.17796,-0.761398,0.787488,-1.188847,-1.556407,-1.290997,-1.638857,1.093247,-0.716182,0.223912,-1.038216,0.674357,-0.1945,0.423786,-0.052205,-0.37425,0.242776,2.668595,-0.862277,-0.955692,0.241002,-0.307327,-2.896385,-0.32426,2.717157,-0.615288,-2.029214,-1.350752,-0.303597,-0.453013,0.279164,0.162353,-0.366253,-1.639661,1.897691,0.861005,0.78479,0.507823,-0.223968,-1.901733,0.878955,0.813394,0.92746,1.370008,-1.040792,0.236531,1.683387,1.192726,-0.027586,0.842114,-0.213607,-0.771302,1.347552,0.474443,2.184886,-0.688601,-0.270902,1.146173,0.916533,0.749788,0.024876,-0.741403,0.618461,-1.298027,-1.384348,-0.407079,0.984824,-0.786335,0.748758,-0.941589,-0.358399,1.047626,0.005448,-0.197339,-1.22323,-1.415177,-0.059795,-1.887946,1.463018,0.018339,-1.645233,-0.751143,-1.014121,-0.45472,-0.725328,-0.59529,-1.763834,0.374921,-1.579475,-0.328024,-0.336322,-0.480522,-0.841384,0.358657,-0.616822,0.06978,0.464375,0.11941,-0.50907,-0.135371,-0.304238,1.195454,0.324324,1.156352,0.226563,-0.356305,-0.033661,-0.241824
JU2106,0.173154,-0.723349,-0.49975,-0.230583,0.417319,-0.055975,-0.389061,0.452334,-0.517845,-0.252973,-1.801373,0.259099,-0.474069,-1.368732,-1.346919,-1.057917,0.782856,-0.659671,-0.442056,-1.989619,0.409764,-2.020216,0.603762,0.343965,1.481187,0.196033,-2.111571,0.587165,-0.056793,-0.346868,-0.14406,0.530646,-0.110412,0.931898,1.675941,1.598409,-0.483973,-0.728393,0.004116,-1.473099,-0.139057,0.133897,-1.045702,0.457702,0.117679,-0.296528,-2.537366,0.380009,-1.46938,0.095803,-0.713893,-0.065018,0.757523,0.152337,-1.279738,-0.474868,-0.263251,0.065386,-1.889826,-0.933651,-0.150226,-1.009677,0.785601,0.154561,-0.580898,-0.183912,0.324021,-1.312894,-0.125826,-2.048926,0.0573,0.190338,0.143755,-1.320242,-0.164483,0.677107,-0.625306,0.135101,-0.281883,-0.560565,-0.384184,-1.02987,1.083161,1.050558,1.832169,2.801475,2.476483,0.32327,-0.474377,1.636527,-0.600218,1.272249,1.694738,1.315564,-0.072486,0.719116,-1.063329,-0.03485,-0.102429,0.15496,0.7202,-0.383097,0.849264,1.308331,-0.209978,0.944941,0.434696,-0.324844,-0.184713,0.211957,-1.241205,-0.770608,-1.563455,-0.171909,0.306448,-0.997375,-1.101829,-0.877849,1.960941,-0.337777,-0.553769,-0.683661,0.138907,-1.645025,-0.194037,0.133553,0.379292,1.539771,0.112394,1.217376,0.174824,-1.364819,-0.692606,0.298105,-1.37226,0.971576,-0.423084,-0.42083,0.595318,-1.871391,1.116459,0.730814,-0.823263,-0.121805,-1.644089,2.013925,-0.650084,0.851532,-0.264807,1.388967,2.212066,2.162313,1.313786,-1.150323,-1.040423,-0.09013,0.658224,-0.681176,-0.51745,0.26152,-0.736721,0.576028,-1.557661,1.453027,2.225235,0.478062,2.205346,1.026476,-0.793806,1.565986,1.143853,0.06563,0.155563,-0.049115,-2.065861,-0.952997,-0.030113,-0.370085,1.543164,-1.276925,-0.723931,-0.103654,0.04046,-0.117825,2.181296,-0.362017,0.821924,-0.163345,0.400436,0.705131,-0.113026,0.665281,-1.680518,-0.067577,0.84988,0.524405,0.312984,-0.952975,0.591995,-0.321355,2.484327,0.704361,0.023948,0.097895,1.096829,-0.781634,0.081142,-0.521802,0.149716,-1.177763,-0.347469,-1.339712,-0.046292,-0.422704,0.845672,-0.783425,0.220251,1.22589,0.404406,1.382889,-0.328378,-0.18767,-0.955667,0.945894,-1.039765,-1.060944,0.657788,-0.112582,1.014649,-0.670131,-0.709733,-0.052786,-1.948044,-0.598454,-1.461195,-0.471772,0.182301,1.312222,1.157561,0.272272,0.856653,1.359521,0.492844,-0.057701,1.359415,-0.506643,1.215568,0.331307,1.202495,1.930676,0.987916,0.69465,-0.157815,0.781158,-0.208049,-0.182809,-1.654137,-0.520682,-1.168793,-0.084852,0.180087,1.518845,0.028973,-1.168219,1.051923,0.682067,0.654617,-0.864926,1.670582,-0.081986,0.803034,0.082994,-0.831784,-0.1786,1.353256,-1.450152,-0.568592,-1.292207,-1.392962,0.074455,0.505286,0.204642,1.042232,0.604941,-0.153528,1.016509,1.106321,0.616096,-0.348071,1.039668,-1.03883,0.243629,2.044223,-0.639649,-0.411993,-0.60074,-1.119808,1.577357,1.173706,1.561831,-0.476919,-0.18043,0.173974,-0.691137,-0.100529,0.305189,-0.940117,1.153087,-1.554236,-2.947313,1.217961,-2.015012,-0.841683,-0.868668,0.657237,-1.671832,0.25083,0.43512,1.548295,1.025004,-0.940963,0.300752,-0.72745,-0.909417,0.574868,-0.633955,-0.925368,-0.565587,-1.609175,0.773427,-0.940965,0.162166,0.384432,0.833244,-0.102552,-0.087365,-0.463495,0.196146,0.482919
JU2526,-1.217875,0.318684,-0.384843,2.313191,-0.821843,-0.485091,0.975988,-1.006981,-1.089203,0.282587,-0.195519,1.350591,0.107996,-0.573989,-0.558245,-1.225408,0.123397,-0.776342,-0.303452,0.440525,0.981243,-0.214021,0.138393,0.41579,-0.386633,-0.244332,-0.184801,-0.698562,-0.479439,-0.24446,0.144819,-1.70978,-0.924624,0.719952,-0.987407,-1.003019,-0.558387,0.612096,-0.781839,0.797353,0.478962,0.201371,0.263899,-0.525575,0.582371,-2.103296,0.861843,1.505378,-0.620949,0.038324,0.185767,0.648047,-0.867356,-0.059057,0.00208,0.958917,-1.353133,-1.14469,2.732801,1.130266,0.201187,-1.605017,-1.421831,-0.415279,1.901894,0.824254,1.281963,0.189426,0.891255,1.479158,0.267806,0.410906,-0.387248,-1.254253,-0.268521,1.483059,-0.855701,0.928302,0.043553,0.705709,-1.155969,0.35977,0.090805,0.492108,0.068469,-1.023969,1.219513,-1.889929,-0.998471,-2.126308,-1.464555,0.497582,0.697338,-1.902617,-0.297595,-2.115527,0.710461,-0.681324,-0.178354,-0.870174,-1.860306,-0.475567,-0.167754,1.008524,1.089703,0.973825,-0.168373,-0.868476,0.058826,0.343201,-0.500697,0.252633,0.242425,0.122829,-1.694824,-0.371756,0.181937,-0.230893,1.369102,0.608407,0.051263,-0.166846,1.229166,-0.746071,0.007581,-0.348709,1.458065,-0.223894,-0.832323,0.603867,-0.868953,1.155744,-1.54023,-1.725678,-0.147533,0.292841,0.540646,0.020633,0.65031,0.73616,1.583651,0.256273,0.578174,1.175902,0.568128,0.601698,-1.447667,-1.00628,-0.947923,0.322687,-0.889651,0.001588,0.359209,-1.775301,-0.792993,0.682217,0.685125,-0.34266,-3.064602,-1.11614,0.207157,0.209459,2.01516,-1.707878,0.377048,0.346229,1.735627,0.446659,1.099953,-0.290185,2.055475,1.301606,-0.367662,-0.479584,0.113961,1.041737,1.207943,-0.412276,-0.28682,0.863324,1.624234,1.510752,1.126835,-0.525567,0.765397,-1.476485,-0.471024,0.499085,1.696694,0.929078,0.344375,1.580467,0.993319,1.999925,0.164381,0.966404,3.332683,1.545398,0.505144,0.962089,0.45936,1.104723,2.074824,0.230837,0.597296,-0.11667,0.180737,2.832499,2.150567,-1.218052,-1.889012,-0.545275,-0.094235,-0.032749,-0.902011,-0.065911,1.421493,0.690508,-1.075554,-1.183396,-0.65494,-0.578992,-0.941458,-0.438169,-0.985759,-1.913124,-0.586289,0.07141,0.349163,0.794963,-0.932898,-2.169778,0.359318,-0.110872,-2.044312,0.940325,-0.269314,-0.684864,0.72171,-1.507796,-0.448776,-0.241146,-1.078286,-0.205254,-1.309534,0.731877,0.306769,-0.165032,-0.383954,0.324127,0.694977,-0.678475,-1.12579,0.310625,1.700443,-1.27932,0.183027,0.124406,-1.536249,0.751574,-0.170478,-0.042463,0.233211,-1.08127,-0.086477,-1.297765,0.324784,0.468107,-1.905291,-1.273727,-0.197931,0.333777,-0.741981,-0.226418,-1.514219,-0.411741,0.555481,-0.869701,-0.350405,0.614198,0.877808,-0.281222,1.295648,0.733698,0.005096,0.585555,0.527043,0.622011,-1.920031,0.107752,1.936726,-1.056265,0.655283,-1.361377,-0.587217,-0.918096,-0.957002,0.239304,-1.481471,0.272218,1.496719,0.501235,0.819984,1.320524,0.628494,0.759982,-1.382219,-2.326836,-0.676028,0.737143,0.412608,-0.47548,-0.781604,-0.44329,-0.403071,-0.848071,-1.284191,-0.638707,-0.341426,-2.965489,0.45858,0.134492,-0.355012,-0.033227,-0.816421,-0.401963,1.043597,0.333094,-1.874763,0.1882,-0.518605,-0.346018,-0.960056,-1.218086,2.573465,-0.187854,-0.891107,-1.314711,-0.38713
JU2879,1.392246,-0.619901,0.506254,-1.642704,-2.809075,-1.310717,0.298901,-0.770936,-0.543598,-0.547701,-0.50694,0.500067,0.034857,0.871351,0.802956,-1.095434,-0.065169,1.008708,0.747637,1.135384,0.233967,-1.230111,1.734179,-1.831796,0.035656,0.33682,0.359976,0.195775,1.240213,0.413349,-0.819719,-0.834897,-0.459917,0.540913,-0.43855,-0.802096,-0.178203,0.799607,0.500693,0.613799,-0.547797,-0.285493,0.628942,-0.04061,0.391647,-1.557579,0.328872,-0.100466,-0.33878,0.515114,-0.343522,-0.236119,0.560807,-0.764308,-0.800649,-0.626822,-1.179958,-1.386682,-0.234505,1.361344,-1.24026,0.544215,1.183427,-0.606337,-1.005772,0.082413,-1.963441,-0.717989,0.792837,0.259606,-0.436047,0.2601,-1.059398,0.214751,1.149214,1.926192,-2.782557,0.687737,-0.611163,0.222644,1.081644,-0.473859,0.435755,0.10327,-1.385749,-1.25214,0.22288,-0.033391,-0.236869,0.763323,-1.661647,-0.642696,-1.609996,0.456118,-0.377431,1.561496,-1.363722,-0.808317,-1.689629,-0.699782,0.928396,-0.577293,0.274108,-0.350979,-1.982875,-0.071849,0.430594,0.721507,0.203793,-0.122953,0.199425,-0.069637,-0.462198,-0.364207,0.293795,-1.237923,-0.747256,-1.832501,0.209604,0.35744,-1.034241,-0.64241,-1.873879,-0.633578,-0.90922,0.600701,2.242312,2.39744,0.81748,-0.740464,0.169312,-0.830071,-0.430918,-0.547455,2.036367,0.112493,0.299691,-0.793322,1.18477,0.71977,-0.446527,-0.235059,0.030202,1.613598,0.156558,0.804535,-1.263472,-2.063542,-0.183928,-2.455913,-0.433027,-1.978322,-0.661278,-0.745077,0.917595,-1.36562,-0.84368,0.383696,-2.046646,-0.640819,-0.840003,-0.371206,0.597063,-0.443987,1.209838,0.117457,1.175843,-0.350446,0.292793,1.457848,-1.345396,-0.599586,0.143337,2.133214,0.304538,0.586337,-2.279932,0.46437,-0.097823,-1.358768,-1.164003,0.538384,1.137293,1.816982,-1.169635,0.344779,0.791261,2.129463,-0.50624,0.420052,1.317063,0.976892,0.914276,2.24421,2.021383,1.408259,2.080468,0.366254,-0.093936,1.466913,0.997718,-1.055615,-1.632148,-0.21019,-1.395302,0.062446,-0.896001,1.050893,-0.374694,1.105855,0.963454,0.228854,-0.523168,0.91674,0.89445,1.179344,-0.571962,1.062245,-0.148791,-0.453009,0.14778,0.904674,0.41686,-0.200344,-0.214111,-0.818867,-0.701305,1.047039,-0.033974,-0.485652,-1.396953,-0.409691,0.965957,-0.707661,-0.261884,-0.269447,1.680998,0.369072,-0.005977,-0.551778,-0.449507,-0.605137,-0.838897,0.899321,-1.017499,-1.795778,-0.647124,-0.015527,-0.742905,-1.404061,1.316828,0.091347,0.446265,-1.44939,-0.846424,-1.857491,-0.138366,0.084691,-0.847385,-2.242722,-0.045813,-0.237997,1.419881,0.102857,-1.731967,-0.954124,-1.160751,-0.833388,0.068051,-0.514002,0.759471,-0.657001,0.169372,-1.854141,-1.140055,0.399868,0.280768,-1.349311,0.127034,1.549918,2.780268,-0.019391,-1.377482,1.087818,-0.319729,0.839663,0.310321,1.021744,-0.585145,-0.02579,0.321623,-0.077767,1.276889,1.161776,0.338785,0.172291,1.366515,-0.706261,0.677441,1.046286,-0.772174,-0.411156,0.995511,-0.550019,-1.473783,-1.416121,0.435338,-0.141686,0.298435,1.110447,0.495762,-1.08811,-0.283703,1.017145,-0.212912,-0.172965,0.928947,-0.454387,-0.002503,1.036916,-1.177499,2.049736,1.250096,1.628465,-0.009284,-1.102687,-0.419481,0.353738,-1.152172,-0.942596,-2.006046,-1.202276,0.11637,-0.93572,0.400777,0.541925,0.477768,0.467316,1.041921
JU3166,0.066184,-1.137799,0.977341,-0.178707,0.029549,-1.357341,0.161472,0.426073,0.548731,-0.269981,0.467605,-0.973421,0.789592,0.637515,-0.64516,-0.464635,-0.568102,0.811928,0.488743,0.478868,0.302125,0.100405,-0.220557,-1.502221,-0.520234,0.257168,1.559879,-0.229636,-0.835017,1.654529,-0.526537,-0.577953,0.41672,-1.321631,-1.018498,-0.505389,0.193799,-1.11872,-1.503271,1.885649,-2.069258,-0.605265,0.427824,-0.934763,0.344036,0.811686,0.75342,-0.552264,-1.096714,-1.221901,-0.771578,2.409888,0.179975,0.563246,0.509815,-0.598122,-0.68663,0.751948,-0.816586,-1.877764,-0.4008,-1.263096,-1.766335,-2.132153,0.047433,-1.32017,-0.248956,-0.106016,0.016569,0.975467,0.484412,-0.68623,-0.562489,-0.510688,-0.16159,0.397867,-0.256222,0.223728,-0.352948,-0.576136,0.241947,0.639953,-2.547855,0.093384,-0.788782,-1.809718,-0.529488,-0.052862,0.516392,-0.335363,0.241573,0.183828,-1.287575,-0.476732,-2.211967,-1.179574,0.114353,-0.60714,-0.119744,-0.207682,0.78393,-0.186311,-0.097881,-0.513056,1.316484,-0.634533,-0.553961,-0.564518,-0.333632,-0.126893,0.06439,-0.885947,-2.016973,0.774001,-1.548506,0.969009,-0.614218,-1.6584,-0.016935,1.530653,-1.971834,0.379373,2.358454,-0.069561,-1.103659,-1.428342,1.784788,0.356185,0.367125,-0.773541,1.367312,0.781506,0.540406,-0.401804,2.249925,-0.769004,1.710956,-0.177239,1.126318,-0.306982,-0.41289,0.032805,0.425328,0.803192,0.600842,0.434069,0.510716,-1.515036,-1.174532,-0.728845,-0.627602,0.097534,1.169748,-2.412918,0.201963,-0.006537,-0.725033,-0.055171,-0.231989,-0.982183,-1.007395,-1.6505,1.735662,0.15213,0.128876,-0.721483,0.814736,-0.179807,-1.222164,-1.024551,1.13533,-0.394628,-0.942488,1.165721,-0.150475,-1.364627,0.323223,1.026202,-0.029228,1.157546,-0.032732,0.89117,0.415861,0.413275,2.054235,-1.454761,-0.561913,1.424165,1.705688,-0.250918,0.915021,1.681553,-0.815116,-0.041247,0.791809,-0.410747,-0.415008,0.220502,1.025496,-0.37688,-1.297182,0.678026,-0.341908,-0.337245,-1.045084,-1.165534,-0.864376,1.431889,-0.8508,1.390753,-0.913529,-1.577658,1.047993,0.069782,-0.101261,0.269579,0.963252,0.618992,0.830494,1.956459,-0.456548,-0.364053,-0.825023,0.939431,1.247247,-0.759024,-1.142646,-1.10628,-1.121584,-1.772358,0.069083,-1.172078,0.457446,-0.336503,-0.637133,0.056395,0.529167,1.052297,0.03682,1.071603,0.536362,1.613469,0.624686,-1.091802,1.642037,0.678518,-0.174081,0.816549,-0.127014,0.64431,-0.063501,-0.377243,-0.169198,-0.120337,0.72486,-1.822759,0.448752,0.134489,-0.417488,-0.522079,-1.867566,1.003676,-0.681389,-1.40394,0.913853,3.111457,1.283395,0.370075,0.328375,1.859931,-0.230908,-0.044891,-0.427724,-0.229452,0.209662,-1.504275,0.856416,-0.562921,-0.057652,-0.669474,1.820353,-2.429753,0.806489,0.019929,-1.207033,0.193382,0.152367,-0.590477,-1.618885,-1.381833,-1.366987,-1.592129,-1.225602,0.383273,-1.529081,0.217786,-1.053894,1.948548,0.162231,0.106965,-0.524947,0.546351,1.596839,1.686555,0.679997,-1.496794,1.120793,-1.642336,1.593701,1.327377,-0.010956,0.568388,-0.049935,0.993566,-2.043502,1.232994,1.181901,-1.255417,-0.708805,-1.074123,0.45451,-0.365163,-1.365572,-0.821847,-0.206621,0.460074,0.502282,-0.222671,0.323183,-0.46992,-0.141252,-0.630302,2.100876,-0.985982,0.555147,0.432591,1.097448,0.436096,0.466949
JU3169,1.430946,0.766201,0.254444,0.043529,-0.003067,-0.08494,0.163309,-0.238568,0.797225,1.717334,-0.816379,2.438082,-0.066519,0.025454,0.079812,0.308743,-0.703206,-1.11311,-1.578062,-0.779416,0.544302,-1.84155,0.433377,-0.28049,-0.707124,0.88449,-0.961971,0.26846,0.946237,-1.475891,-0.840459,0.641851,-0.019132,-0.929871,-0.932137,0.870498,-0.658234,-1.712466,0.15319,-0.380193,-1.177174,-0.076665,-0.158929,-0.393712,-0.24329,1.33059,0.232102,-0.407666,-1.576258,2.179015,1.039079,-1.75799,-0.172544,0.048005,1.054475,1.454074,0.837648,0.275409,-0.972863,-0.566645,0.825651,0.567312,0.818826,0.780183,1.766641,-0.790249,2.000638,-0.986114,-0.938444,-0.428239,0.508907,-0.483897,1.473632,1.818916,1.85195,-0.762882,0.578829,0.38804,0.981241,0.647606,-0.42861,0.418445,0.941743,1.855728,0.615376,-0.728115,-0.334958,-0.50342,-1.379542,-0.361953,0.213644,-0.116601,0.685699,0.277831,0.609012,0.630463,-0.859576,-0.67366,0.763871,0.469004,0.478733,1.351817,-0.409576,0.475291,-0.451141,-1.775307,0.754681,1.293479,1.597029,-0.081031,-0.992113,-0.767323,-1.205333,-0.700041,-1.171479,-1.432787,-0.808754,0.264115,-0.95545,-0.486217,-0.527322,0.478538,-0.174262,-1.78894,0.867556,-1.932162,1.565476,-0.455372,-0.824085,0.793076,-0.120991,0.820493,1.112397,1.789246,0.850958,-0.435332,-0.073578,-1.35917,0.636779,1.240728,0.428572,0.793778,0.074743,-0.358293,0.498745,-0.502874,0.727312,0.518286,0.256922,0.506985,0.292781,0.079588,-0.189357,0.665578,0.779349,-0.300691,0.08044,-0.83686,-1.000662,-0.969098,-0.270648,-0.100439,0.03423,0.726519,0.4407,-1.844174,-0.141435,-0.227677,-0.414372,-0.306543,-1.542954,-0.728537,0.739696,0.293592,-1.252191,0.223515,1.769375,-0.16074,1.482782,1.022901,-0.212642,-0.550487,0.857444,-0.355621,-1.963719,0.289918,0.437402,0.061984,-0.203321,1.56671,0.169534,0.03043,-0.044429,-0.140523,-0.6099,-1.21436,-0.54102,0.8231,-1.155223,0.267553,-1.731125,-0.56963,-0.461861,-0.419842,-1.70424,-0.697738,0.010456,0.184495,0.204179,0.022161,0.26135,-0.887059,-0.536478,0.895663,-1.750253,-1.595735,-2.346577,-0.368843,0.484292,0.631927,0.04029,-2.534973,-1.73284,-0.397174,-1.223311,0.568659,0.453055,2.033773,0.798857,0.608814,2.739023,1.186759,1.068114,2.282058,-1.072646,-1.146195,0.585463,0.874771,1.345596,-0.573549,0.32502,-0.433677,0.400911,-0.476821,1.590516,-1.431433,0.097278,-1.531067,0.078213,-0.12666,1.109821,1.002624,-1.001372,0.199543,-0.003692,0.484988,0.33185,0.073967,0.753742,-0.824804,0.125314,0.188999,1.60033,0.298246,-0.965347,0.327353,0.655702,0.117494,1.832544,0.982205,-1.803142,-0.783977,0.884552,-0.501338,-1.05749,-0.691553,-1.906692,-1.267314,-1.240708,0.339453,-0.482685,-0.899716,-0.601261,-1.099647,-1.67243,-1.393002,-0.562606,-1.060687,1.676298,-0.719088,-0.453892,0.809047,0.084097,1.111843,-0.758576,1.891939,-1.083261,-0.697755,-0.309332,-0.189108,-0.121006,-0.325846,0.662119,-0.149893,-0.216211,-0.078903,0.407452,0.771533,1.296435,-0.705621,-0.781821,0.538961,1.375107,0.307501,0.113219,0.377528,0.75596,0.779212,1.295001,-0.692672,-0.59261,-0.730417,0.739308,-0.930413,0.762887,0.346403,-1.428444,-0.719822,-1.032518,-0.427409,0.406133,-0.550697,-0.910328,-0.301649,-1.214551,-0.887892,0.189246,-1.344928,0.927902
MY23,0.207581,0.396744,1.426042,1.75805,1.602825,1.923521,2.078604,0.560888,1.164696,0.507327,0.341537,-1.299041,-1.128054,1.021534,-0.449243,-1.766676,-0.289652,-0.240996,-0.42785,0.072879,-1.025932,-0.817339,-0.674812,0.191399,-0.902992,-0.02866,0.071083,-0.977628,-0.479668,-0.996885,-1.097163,-0.151008,-1.190789,-0.437581,-0.153679,-1.180713,1.19941,1.180011,1.954938,-0.343932,-1.228497,-1.157431,1.647674,-0.725821,-1.043715,0.152403,-0.388263,-0.654383,0.389944,-0.405723,-0.099667,0.744865,-1.58743,-0.513949,-0.905513,-0.991734,0.389338,-0.518833,0.523469,-0.427825,1.959245,-0.312762,-1.022874,0.810122,0.816762,-0.518591,-1.796084,0.021868,-0.941525,1.242472,0.271845,-1.116566,-0.278569,0.860894,-1.654518,0.651167,1.25361,-0.927869,-0.907012,-0.404467,0.784782,0.901051,-0.524542,-0.992553,-0.665407,0.80912,0.557417,-0.057733,0.577968,-1.014272,0.276923,-1.931543,-1.115585,0.570409,-0.689429,-0.740702,0.405012,-0.026558,0.639212,0.004488,-1.282867,-2.303242,-0.75848,-0.355921,-0.407448,-0.811569,-1.175822,-0.359353,-0.323765,0.966025,1.04746,-1.859459,-1.62909,1.069651,-0.332117,-0.027102,0.120409,1.037937,-0.316206,-0.841624,-0.207507,0.755208,-0.446007,-1.195463,0.880199,0.047717,0.138434,0.876205,0.951055,-0.709165,-0.417125,-0.827279,1.261019,0.768561,0.8955,-0.056164,-1.111643,2.288552,-0.905362,-1.387314,0.544573,0.38312,-0.362114,-1.144239,-2.069206,-0.936509,-0.999689,-0.476907,1.633908,-0.347299,0.661792,-1.207538,-2.222217,2.997621,-0.058855,-1.350554,0.010947,-0.15821,-0.681701,-0.223086,-0.124788,0.974217,-0.582902,1.54753,1.306097,0.522489,0.495847,1.27234,2.056822,-0.620719,-0.701182,-0.749514,-0.944082,-0.113186,1.00796,-2.384591,0.994362,1.248836,-0.540423,-0.671147,-1.454393,-1.426038,1.413271,0.699014,0.02256,1.240985,2.001488,-0.47285,0.070961,-0.529647,-0.94083,-1.804117,-1.174233,-0.064464,0.546931,1.0324,-0.501206,0.705442,-0.768535,-0.647464,-0.636507,0.745384,-0.26611,-0.555623,-1.893623,-2.547725,-0.523652,-0.506,0.744493,-0.080305,1.233049,-0.158601,0.340151,0.785752,1.394389,0.028455,-0.552624,1.182763,-0.736069,-1.296855,-1.622899,-0.858874,-0.394292,-0.482624,-0.507291,1.077084,0.308219,-0.358993,0.65899,0.158191,0.700621,-0.537636,2.368101,0.567182,-1.063815,-0.896631,1.512679,1.136593,-1.385869,-0.086096,0.296615,0.063837,-1.397861,2.387731,1.453127,0.463056,0.595092,0.947545,-0.391112,1.324744,-0.710396,2.201591,2.736022,0.685018,-1.59983,-0.880055,-0.19782,-0.425142,0.07115,0.066505,-1.693773,0.489585,-0.523373,-0.325216,-0.19226,-0.998802,0.181269,0.697798,-1.322713,-0.25136,-0.493755,-0.477999,0.554475,-1.209247,0.812933,-0.322991,0.806842,1.125094,0.545835,-2.835963,0.967864,0.24815,0.681159,-0.856773,0.1887,0.062622,-0.907388,0.69639,-1.571605,-0.270533,-1.044347,-1.909473,-1.205643,-0.791062,-0.021957,-1.384361,0.407109,-0.975866,-1.152133,1.48029,-0.734381,0.659047,-1.797041,-0.698126,-0.74638,0.652109,-1.013611,-1.260729,-1.405585,-0.513855,-0.252794,0.81616,0.811223,1.023486,0.630243,0.627342,0.235438,0.007497,-0.734686,0.248905,1.038216,1.552145,0.697386,0.778881,0.262523,-2.429613,-2.295436,-2.396176,-0.332439,0.473351,-0.907387,0.087069,-2.333083,0.277508,-0.656444,-0.052205,2.122219,-0.431762,-0.657725
NIC1785,-1.883508,0.515026,-0.023463,-1.624321,0.114771,-0.472109,0.293245,-1.940936,-0.537319,-1.206407,1.381909,0.048119,-0.60736,0.720717,-0.090863,-0.291859,-0.020591,0.482562,-0.032656,1.450873,2.08706,2.129285,-0.205331,1.830195,0.951949,1.640391,1.496871,1.610979,-0.487843,-0.103481,1.605884,1.074126,0.216807,1.415731,1.352138,1.067096,1.040759,-1.694369,0.911935,-0.066687,0.210635,0.703789,1.039667,-0.164612,-0.165301,-0.299463,0.787091,0.201684,-1.742088,-0.087559,-0.729953,-1.061377,-0.683697,-1.114272,0.903103,0.076309,-1.665169,-1.260319,0.099721,0.038631,-0.424926,-0.12909,-0.319118,-0.053526,-0.196485,-0.33033,-0.481284,-0.81276,-1.453518,-0.098715,-0.262188,0.452615,-1.239335,-0.759751,1.270312,-0.859306,0.704241,0.366155,-1.095284,0.273122,-0.131422,-1.113031,0.366454,-0.437538,-1.630351,0.112311,1.030088,0.668434,0.368535,-0.679056,1.295244,-0.15627,-0.918447,0.57969,-0.958875,-1.65131,0.675596,-0.263911,-0.939014,-0.387505,-0.021759,1.282634,-0.162084,-1.09439,0.228079,-0.446335,-0.681296,1.102638,-1.16546,1.042931,1.239337,-1.233855,-1.525436,-0.109606,0.361958,-0.765655,-0.422585,-0.35984,0.208704,0.840505,0.703616,-1.478965,1.480648,1.370655,0.75508,-0.02195,-0.023756,-0.277335,0.238506,0.401777,-0.745879,-0.673865,0.9856,0.123092,-0.349179,0.166073,0.558562,1.20942,0.689728,1.293637,1.713741,0.745812,-0.011229,-1.525383,0.545685,0.047877,1.311838,1.324778,2.807842,1.517774,-0.148155,1.826575,0.612641,0.425682,-0.131915,-0.194748,-0.285611,1.471951,1.068742,-1.151302,0.051013,0.966881,-0.141132,1.227768,-0.845291,1.895091,1.674815,0.219165,1.454701,0.804784,-0.838648,0.832792,0.034169,0.410452,0.673474,1.349434,-0.822125,0.10196,-0.267681,-1.371652,0.311164,-1.052702,0.342564,0.102915,-1.479944,1.745147,0.585716,0.954768,0.831975,-0.390919,-3.25745,0.554416,0.340501,-0.222172,0.75192,-0.160034,0.274079,-0.233767,-1.003817,-1.376259,-0.492547,0.080538,0.446563,0.534769,0.144468,-0.326057,-1.372933,-1.650492,0.558156,0.784247,0.000216,-0.875997,-1.537914,-0.074895,-0.413439,-0.771646,-1.496458,-2.239176,-0.158274,-1.168157,1.821181,0.167933,0.664059,-0.203847,-0.381452,-0.391698,0.692356,-0.403428,0.152003,0.70827,1.651404,-1.122837,-0.482182,-0.971737,-1.10398,-0.510215,1.452679,1.468748,-1.214318,1.050955,-0.072443,-0.287288,-1.944728,0.451357,-1.093762,0.693469,-0.321113,-1.051993,1.255211,-1.056842,0.783981,0.516039,0.429031,1.850714,0.72508,-0.485688,-0.974881,1.14663,-0.754901,0.063532,0.148931,0.084768,0.554133,0.490154,-2.181935,0.417615,-0.437903,-1.459126,-0.074353,0.22033,-0.637748,0.65071,-1.497465,0.216476,-1.234417,-0.966048,1.101019,0.065108,-0.027426,0.118105,-0.499762,1.915892,-0.592281,0.923527,-1.709191,-0.090442,1.371495,0.629234,0.256486,0.783537,0.375755,2.654347,0.044011,1.247899,-1.362842,0.749489,-0.769782,1.59523,0.272675,0.911862,-1.905303,-0.458318,-0.214763,-0.642239,-0.727171,0.492962,-1.60805,0.584085,-0.473932,1.036217,-1.27925,-0.787756,-0.229463,0.084456,0.537514,0.190353,0.353729,-1.81837,-1.399576,0.288086,0.190185,-1.116585,0.255327,-1.048538,-1.341994,0.895676,1.385223,0.739874,-0.088634,-1.447218,0.630324,1.308669,0.28413,0.404087,-1.222572,0.125847,0.013304,0.85512,1.401277
NIC1787,-0.953146,0.578467,-1.24623,0.227344,-0.683091,-0.429631,0.251641,0.316102,-0.900615,0.81519,0.399014,0.679205,-0.344347,0.512034,-0.140214,-0.617746,-0.204218,0.17987,0.829129,-0.069901,1.787005,1.23031,2.642712,1.092433,1.083852,0.819797,-0.000588,0.095167,-0.353147,-1.119125,0.051882,2.451976,2.035004,-1.233714,-0.279627,-0.607595,0.709522,-0.199193,0.378691,1.65104,0.457817,-2.128035,-1.997538,-0.133874,0.021055,-1.062175,-0.497965,0.27173,0.425562,0.268164,-2.300327,-1.621015,0.950473,-0.396917,0.308196,0.172541,-0.094478,1.091883,-0.338635,-1.204189,0.668852,0.118528,0.672189,-0.93164,-0.371542,1.714095,-0.308208,-0.597851,0.483761,-0.430454,1.033585,-0.483732,2.455372,-1.868588,-1.18802,-0.051674,-0.220182,-0.486352,-0.754539,-0.04093,-1.619913,-0.728879,0.440254,0.627119,1.709687,0.571339,0.661041,0.026298,-1.09283,1.254497,-0.34952,-1.345327,-0.666492,-1.279457,-0.456719,0.205358,-1.232608,-1.140323,-0.088451,0.174469,0.530236,0.143564,0.455526,-1.261275,1.632191,1.196044,-0.517406,0.263779,1.033062,-1.172803,1.043096,-0.35807,0.177715,0.088203,-0.231563,-0.439125,0.335551,-0.022761,2.030606,-1.304674,-0.134614,-0.966134,1.683937,-0.197465,1.309111,0.344574,-0.270736,-0.472786,-1.462435,0.494401,-0.851779,-0.892211,-0.745612,-0.006889,-0.621985,0.859132,0.568653,0.833919,0.435018,0.702595,-1.873213,-0.97405,-0.396952,-0.754595,-0.887252,-0.556926,0.368,1.380634,0.993124,2.056272,1.215849,0.36932,1.131917,-1.048302,-1.128228,-1.766891,0.675063,-1.310914,0.338283,0.296494,-0.231512,0.410343,-0.061226,0.2831,-0.392568,0.566224,-0.158412,0.889207,-0.32604,0.29162,0.569014,0.59583,-0.67192,0.42391,-0.308186,-0.473232,0.269876,-1.585073,-1.934541,-0.122315,-1.617133,0.963731,1.082063,1.015113,0.183276,0.058016,0.382152,0.597286,-0.258585,-2.195832,0.396205,-0.648511,-0.964222,-1.075716,0.131334,0.060048,0.092928,-1.304483,-0.984993,-1.982781,-1.005998,0.503806,-1.433042,-2.13942,-2.523281,-0.228726,-1.126215,-0.636651,2.118361,-0.823518,-0.887265,-0.964453,0.007145,-0.160189,-0.062683,0.352203,0.012602,0.383667,-1.385348,-0.298572,-0.166043,0.633848,0.526085,1.023779,-1.12481,0.131969,0.099488,-0.737341,-1.366464,0.300631,-1.120911,0.048595,-1.519743,0.168199,0.323387,-1.235523,-2.156172,1.188902,-0.644384,-1.118128,-0.504263,-0.724462,0.241486,0.064293,0.258554,1.32767,0.613731,1.928911,1.540931,-0.506463,0.083612,-2.23084,1.009051,-0.60649,-2.425001,-0.052972,-0.032437,-1.567049,-0.930393,-1.608728,-0.868509,-0.658409,-1.539413,0.048553,-0.093975,-2.194625,-0.602058,0.839264,0.692595,0.865542,-1.316517,1.944448,-0.718706,-1.456943,-0.084917,-1.561284,0.330962,-0.508149,-0.440652,0.714998,0.607125,1.036019,0.903686,0.827662,-0.422329,-0.472658,1.076556,0.647255,0.32216,0.502253,1.414393,2.467653,0.130879,-0.875849,-0.362892,0.640014,0.14088,0.217218,0.462112,-0.649361,-0.187018,-0.76619,-0.938372,-0.282668,-0.871611,0.04181,0.728731,1.185176,-0.113415,-0.270131,-0.775042,-1.117907,0.619019,0.183346,0.011474,2.103744,0.499848,0.611754,-0.000859,-0.197031,-0.66531,0.057487,-1.825926,-0.148409,-0.955854,-0.278608,-0.162074,-0.39971,1.527173,0.006759,0.299826,-0.474879,1.374611,-1.731071,-0.790971,-1.47118,1.373526,0.201764,-0.502646
NIC1792,1.034567,-0.832899,-0.088312,-1.845306,-0.307248,0.382051,-0.502304,1.356032,-0.614252,-0.832435,-0.644348,-0.78655,0.606239,-1.230965,1.039057,-0.425442,1.886284,-0.56587,-0.881518,-0.218338,0.438802,0.3276,0.389621,0.672894,-0.25472,3.095217,2.011369,-1.285564,-1.427326,0.412498,0.23336,-0.109238,-0.600268,-0.590193,2.067816,1.728995,0.838094,-6.3e-05,-0.091446,0.120155,-1.055138,0.65332,-0.426522,-1.626359,1.186094,0.576327,1.329847,0.470777,0.356587,0.103222,-1.330503,-0.192728,0.508042,1.101482,-0.574503,0.576826,-0.45412,0.794178,1.329354,0.044406,1.255418,0.24675,-0.436176,0.42506,-0.428479,-0.034886,-0.25372,0.171584,0.050038,-0.337494,-0.930679,-1.597214,-0.320472,-1.339125,-1.003626,-0.538045,0.526572,1.802252,-0.787953,-0.779561,-1.241085,-0.223834,2.143217,0.934465,0.838122,-1.639879,-0.204896,-1.256258,0.624929,0.187521,-0.628945,0.802625,1.000182,-0.419463,-1.246528,-0.476112,0.923257,-0.427542,-0.879257,-0.569693,1.03049,0.246737,0.030478,1.587955,-0.491414,0.104263,-0.848794,-0.011139,0.775636,0.537051,0.04673,0.777753,1.006873,-0.828858,-0.228033,-0.972423,0.013698,0.960815,0.526759,1.874614,-1.198956,0.48996,-0.615884,-1.229289,-1.525509,-1.054251,-0.333742,1.415863,1.24103,1.016117,0.454539,0.819278,-0.087568,0.213045,0.132489,-0.083521,0.542551,0.267287,-1.00868,0.68732,-0.238809,0.684751,-0.088506,0.291307,0.095969,-1.520276,-0.651595,-0.623284,0.883011,0.574354,0.700637,-0.132461,0.943246,0.406825,0.380037,-1.123376,-1.64337,0.421358,-1.142993,-0.715034,-0.459107,-1.277023,0.153155,1.19323,-0.356311,0.029144,1.660955,1.863548,0.855305,0.741129,-0.77413,-0.227116,0.441825,0.580246,0.091006,0.535691,-0.341853,-0.980162,0.354913,-1.055022,-1.026269,1.280127,0.713203,0.35225,0.306375,1.414648,-0.167501,-0.085738,1.29127,0.489315,0.687637,-1.133133,0.884233,-0.927846,1.009868,-0.612319,0.335531,-1.622243,0.530492,0.481241,-1.297777,-0.077839,1.819102,-1.361263,-1.198535,-0.428241,0.437361,0.800395,-1.38695,-0.588855,1.469697,0.72103,-0.444652,-0.300572,-0.860912,-0.552791,-0.587237,1.2522,0.291428,-0.380505,0.475593,0.752576,-0.70545,-1.560081,-0.411407,0.453539,-1.999081,-0.650308,-0.58292,-0.053676,-1.278998,-1.19326,-1.164572,-1.000096,1.2213,1.298688,-0.166199,-0.674266,-0.024788,0.023425,-0.868262,-0.567287,-1.376359,-0.889515,-1.202103,1.597463,0.770397,-0.650917,-0.605507,-0.495043,-0.889904,-0.062157,-1.502514,-0.272546,-1.082096,0.592321,0.320379,3.339496,-1.235213,0.279103,1.356619,-0.273093,2.397808,1.193027,-0.853662,-0.55673,-0.175495,1.39292,-0.688015,-0.41088,1.231352,-0.665084,-0.890922,1.2374,-1.174298,0.452349,-1.128747,-0.641314,-0.685552,1.887436,-0.406371,1.954244,0.927269,-0.500419,-0.956301,0.880661,-0.178358,1.007756,-1.1844,1.447593,0.041559,0.48531,-0.608657,0.123549,0.129328,0.469102,0.117955,-1.371886,-0.640777,0.084418,-0.117629,-0.856977,0.652957,0.636776,-0.443234,1.015529,-1.054591,0.290936,-1.62381,-0.21995,-1.507129,0.035531,0.136751,-0.166269,-0.795196,-0.124077,-2.138336,0.089593,-0.014735,1.329491,-0.181567,-0.607371,1.402377,-0.427219,-1.271903,-0.808379,1.160801,-0.777852,0.737903,1.373708,-0.234058,-1.759634,0.549094,0.615528,0.841171,-0.790943,-0.849363,-2.000992,0.356781
NIC1796,-0.429721,-0.711476,-0.75913,-0.909409,-0.228475,0.384761,-0.17394,-0.535036,-1.248811,0.468543,-1.811547,-0.643131,-0.73946,0.072428,-1.201432,1.455083,-1.457011,-0.668596,-0.218591,0.906607,1.296239,-0.905166,2.390393,-0.796649,0.348285,1.167178,0.011223,-0.033289,0.33251,-0.065079,-0.451444,0.624478,2.045761,1.330572,0.357982,0.764122,-0.479732,0.856687,0.72553,-0.913555,-1.052627,0.700207,0.047304,-0.340408,-0.355,-0.117308,-0.466738,-0.366527,-0.36014,1.152917,0.679579,-0.472407,-1.350736,-0.236793,-0.85246,-0.958466,-1.755498,-0.039428,-1.176606,-1.618633,1.354797,0.628898,0.146488,2.006088,0.731767,-2.209671,-0.175806,-0.306106,-0.893534,-0.561795,0.985608,-0.040752,-0.186158,-0.143241,-1.82709,-1.35919,-0.991767,0.392873,-0.131837,0.696105,-0.234288,1.691553,-2.107246,-0.580561,0.026347,-0.727272,-0.950467,-1.481611,-0.561328,-1.088016,0.604392,-0.542785,-0.685293,0.941531,0.321649,-0.736446,0.175991,-1.310859,-0.177135,0.109886,0.206571,1.015007,-0.371573,-1.932939,-0.458315,1.723876,-0.151344,-1.249441,-0.141519,-2.081253,-0.307656,-1.354975,0.932817,0.401065,0.476763,-0.026767,-0.994322,1.403186,-1.426312,0.051032,-0.519605,0.763375,-0.565979,-1.336011,0.615421,-0.740107,-0.226825,0.379632,-0.688578,-0.334967,0.090103,0.576957,0.455724,-0.446336,-0.014521,0.28898,0.382771,0.955342,-0.310881,1.035218,2.209024,0.449585,1.367053,0.628285,-0.077109,0.77516,1.410808,-0.330423,-0.190624,0.707484,0.476477,1.447666,0.432494,0.471564,0.995962,-0.548469,-0.03508,0.563582,-0.056008,-0.340186,-0.487003,-0.114206,1.123621,0.974103,0.919906,0.20217,-0.588425,1.126455,-0.382583,0.577884,1.202941,-1.432678,-1.125843,-0.82659,-1.136836,-0.908354,-1.090122,0.280222,0.808383,-0.558984,0.465012,-0.665951,-0.488804,-0.535492,0.042877,-0.244042,-0.154675,0.926659,-0.170243,1.033201,-0.81955,2.065932,0.970514,1.275162,1.603515,2.00563,-0.669199,1.116247,-0.66505,-0.404556,-1.242432,0.398974,-0.703451,0.882926,-1.011322,0.899104,-0.445841,-1.147538,-2.266149,0.040882,0.240944,-1.388125,0.453719,-0.798845,-0.59131,0.232981,0.411785,-0.299501,-0.630943,-0.338718,-1.142722,0.010958,-1.807302,-0.809284,0.863487,0.468006,0.333544,0.703564,0.96487,1.307702,0.137933,0.257028,-1.130359,-0.133665,-0.352907,-1.03761,-1.519747,0.956467,-0.420249,-1.90721,-0.329241,-1.069956,0.280745,-1.320744,0.547934,-2.70297,0.147047,-1.445399,-0.015443,0.592095,-0.330075,-0.432696,-0.270679,-1.250395,1.324985,-1.389242,0.23837,0.06632,-0.608971,-0.020825,0.2461,0.430653,1.488089,0.572989,-0.142015,-0.010652,-0.460875,0.752138,0.523834,0.937573,-0.254915,1.644676,1.257882,0.686801,0.747882,-0.167017,-1.074441,-0.289875,-0.711946,-1.133921,0.504091,-0.155599,1.57288,1.176558,1.772399,-0.405699,0.41338,0.371034,1.349082,0.085428,-2.375203,-0.3077,0.464586,1.348945,-0.490736,-0.237148,0.370536,-1.777965,-1.965156,-0.468896,0.082905,0.11234,-1.263693,0.124482,-1.794652,-1.18883,-0.146152,-0.456457,0.041879,-0.042535,0.848805,-0.65123,0.518487,1.32205,0.891218,0.377598,1.282341,0.74505,0.651771,0.582637,0.097522,0.428321,-0.829839,-2.833154,0.492237,0.169018,-0.598731,-1.101663,2.04075,0.792557,0.16952,0.645996,0.152165,0.139841,0.380029,-0.361074,0.807593,0.198301,0.274178
NIC1798,0.175119,0.109108,-1.171762,-1.322096,0.412357,-0.188155,-0.672042,-0.152488,-0.847389,-0.2413,0.003416,-0.110295,0.383629,-0.989006,-1.318596,-0.618936,0.285028,-0.140455,0.940399,0.175297,0.197719,1.854122,1.53316,0.148532,2.159913,1.612757,-0.481615,1.671606,0.591419,1.235905,1.344983,0.145609,1.593885,0.46132,0.58165,-0.504622,0.529516,-1.246514,-0.217311,-0.354325,-0.47326,-0.864023,-0.069394,1.545408,-1.242046,-0.348197,-1.394445,-0.268303,-8.9e-05,1.159689,0.638448,-0.101884,-0.975841,-0.856685,-0.846684,0.388381,-0.326631,-1.163034,0.886911,1.687384,0.336693,0.361282,0.991063,-0.757117,0.565597,-0.332294,0.366216,-0.427877,-0.459068,0.393297,0.109279,-1.498354,0.870025,1.255557,-0.423986,-1.900759,-0.138137,0.291688,-0.809241,0.279467,-0.311871,0.754406,-0.994185,-0.457292,1.077334,0.222907,-0.876446,0.170601,-1.156104,0.014838,-0.181643,-1.821508,-1.227972,-0.011822,1.662805,0.505721,-0.056569,-0.72221,0.685246,-0.124635,0.960425,-2.565846,0.126375,0.095967,2.15846,-0.249189,-0.63727,0.335689,0.628822,-2.532384,0.372593,-0.18629,0.468449,-0.864666,-0.82851,-1.372853,0.480399,-1.134515,1.275868,-1.054193,-0.263249,0.657159,-0.966627,1.984174,-0.905902,0.364724,-0.303688,0.139184,-0.319151,0.129854,0.014754,-3.037457,0.04326,0.274361,0.116343,-1.428256,0.238947,-0.148717,0.704473,-1.651564,1.017391,-0.05863,0.155268,2.309988,0.228708,-0.540729,-0.905362,0.364059,-1.1654,0.738616,-0.717839,-0.969195,-0.153636,-0.245091,0.610717,0.617553,-2.441362,-1.00529,-0.144361,-1.433303,-0.65603,-0.189779,-0.752596,1.166491,-0.164704,0.774805,0.980582,0.177249,0.344713,1.127294,-0.5932,0.367839,-0.99434,-0.112196,0.521403,0.560449,-0.834167,-0.239753,-2.127599,0.37821,0.691064,0.350984,0.859631,0.12316,-1.925756,-0.162,1.015942,0.760364,-0.640298,0.182204,-0.733359,-0.658636,-1.303644,-0.665712,-1.110001,-0.051699,0.536718,-2.349169,0.055473,0.17796,0.561401,-0.998944,0.219847,0.196966,-1.238058,0.069329,0.474469,0.829887,-0.663257,0.251184,0.173568,-2.260998,-1.518833,-1.747031,-1.252823,-0.757874,-0.754364,-0.154172,-0.951471,0.896415,-2.189668,-0.929958,0.319936,-0.185942,-0.173717,-0.240453,-1.258462,-0.248429,0.936212,-1.745888,1.047211,0.122213,-1.076491,-1.37427,-0.483854,0.507211,-0.510211,-0.752695,-0.490269,-0.225672,-0.60496,0.023609,-0.725491,-1.894398,-0.187346,-0.353848,0.37392,-1.494525,-0.7504,1.129992,-0.662062,-0.094207,2.165887,-0.602322,0.163332,0.696655,-0.649415,-0.638204,-1.273561,0.26204,-1.51602,-0.817933,1.63007,-0.241442,-1.468193,0.027648,-0.824752,1.179298,-1.268139,-1.134413,0.66048,0.488412,-0.619086,0.514165,1.263341,-0.556562,0.544666,-0.65977,-0.811975,-0.34859,-1.452396,0.57064,0.411217,0.364124,-0.146377,0.317853,0.945581,0.19748,-0.975837,1.020526,1.214308,-0.106253,0.214568,-0.993599,1.319787,0.92306,-1.544354,-1.455095,0.299999,0.272206,-0.348418,-3.183245,0.895152,-1.55752,-0.224447,-0.664517,-2.118965,-0.119407,-1.421374,-0.780348,-0.569235,-0.120622,0.151898,-0.257846,-2.108389,1.291612,1.115224,0.413926,-1.59585,-2.598953,-0.879988,-0.853484,-0.782416,-0.514371,1.104353,0.539667,-2.099255,-0.373795,0.864821,-0.303882,-1.536321,0.687313,1.527081,0.17753,-0.939566,-1.466326,1.680923,-0.228879,0.379065
NIC1805,0.350055,-0.215764,0.474405,1.453239,-1.458452,0.195541,0.457023,-1.04595,-2.40547,0.286937,-2.001052,-1.926071,-0.330006,0.00811,-0.861608,0.772462,-0.207806,-0.330952,0.231881,-0.699875,-0.581849,-1.247921,0.192598,-0.861412,-0.560447,-0.046286,-1.376982,0.273044,-2.605579,-0.329721,0.970384,1.325371,-0.319184,-0.971361,-1.534583,-1.103108,-0.014503,-0.588879,0.856382,0.150835,0.457917,1.42326,-0.502495,-1.3298,0.637709,0.095398,0.401855,-0.044834,-0.270317,2.064053,-0.424106,-0.840783,-0.071137,-0.840598,-0.664259,-0.181626,1.598531,1.322971,0.174011,0.601129,0.557465,0.818036,1.324529,-0.301975,0.36872,0.502934,0.669324,1.340092,-0.73949,-1.130334,0.946976,0.381623,0.520906,0.129203,-0.803664,0.171143,0.672519,0.643044,0.163029,-0.714039,-0.942508,-2.538802,0.876847,0.821519,0.711795,1.333637,-0.518376,0.071745,0.096853,0.120138,-0.1796,-0.332648,-0.611976,-0.010631,-0.343927,0.131952,0.027346,1.550851,-0.82791,-0.862417,0.3066,1.965707,2.502818,1.02121,1.26282,2.170782,2.885932,2.843194,-0.976024,-0.338088,0.851874,-1.834875,0.170523,-0.896247,-0.091411,-0.541544,-0.676135,-1.58859,0.657953,0.658268,1.305991,-0.610256,1.155645,-0.428691,-0.679853,-0.897125,1.327551,1.034098,1.92855,1.08008,0.082606,0.009594,0.14799,1.91063,1.034283,1.034434,-0.600607,-0.134821,0.584201,0.613604,1.70074,0.704942,0.778976,0.726927,0.027447,0.529702,-0.274322,0.270459,-0.437516,0.294098,1.000664,0.168909,-0.296036,-1.148949,0.300033,-0.756815,0.057631,-1.765853,0.370516,-0.615243,-1.619642,-1.512092,-0.874049,-0.277423,-0.908475,-0.694826,-1.274214,0.604978,0.597317,-0.813676,-0.899762,0.531635,0.467642,0.665424,-0.938469,-1.544447,1.521457,-1.235807,-0.015037,0.549762,-2.130271,1.049417,-0.209882,0.766944,-1.482997,-0.863538,-0.560827,-0.980431,-1.901648,0.390036,0.170862,-0.030025,-0.816367,-1.078593,-2.306262,0.777561,-0.885481,-1.034133,-1.66037,-0.051191,-0.777932,-1.274668,0.095855,-0.609623,-0.333159,-1.222787,-1.476818,-1.129827,-0.740709,-0.602872,1.531635,-0.350703,-1.439541,-0.403654,0.79219,-0.052337,-0.766766,-1.533804,-1.730015,-0.836392,0.428225,-1.914585,0.124777,0.185079,-1.000745,1.048332,1.713588,0.831967,1.179165,0.935163,0.52156,0.782844,1.986716,2.343906,-0.061365,-0.885798,-1.030843,-2.427918,-0.585484,0.09184,0.28319,-1.006929,-0.57168,-0.414688,0.097983,-0.638051,-0.61653,-0.937648,0.00219,-1.624397,0.235441,-0.075096,-0.425516,0.252056,-0.176418,1.676301,0.903213,-0.573397,2.052681,1.397887,0.559908,0.731602,0.44697,2.098189,0.962693,-0.628851,0.074204,-1.81906,-0.298622,-1.051784,1.666166,-1.23779,0.69321,0.032693,-0.608237,0.018775,-1.914288,-0.954744,-0.101837,-0.039652,0.358132,0.223637,-2.188138,-0.517681,-0.047948,-1.018067,0.229869,0.74052,0.298266,0.678713,-0.45808,0.730945,-0.630354,-0.729485,-0.658767,-0.934729,0.806917,-0.605601,0.672213,0.858994,-2.41012,-0.95935,1.423934,1.239661,-0.929524,0.340742,0.527593,-0.318723,-1.035032,0.815026,0.137334,0.040458,0.853033,-0.128845,-1.137183,1.860013,-0.092477,1.105183,-2.013434,-0.208452,0.754219,-1.891847,0.617052,0.503381,-0.500089,1.92712,-0.571416,-1.145712,0.731619,-0.010078,-0.02525,-0.180318,-0.463387,1.211066,-1.17276,-0.004123,0.223193,0.954066,0.48964
NIC1832,-1.025949,-0.608841,-1.088027,0.464796,0.638737,0.107579,-1.224233,0.78901,-1.393907,-1.163809,0.61689,0.653306,-0.478068,-2.914047,-0.793973,-0.318472,-0.819759,1.228841,-0.902611,-0.098711,-0.288019,-0.988519,-0.294411,-1.325659,0.071481,0.194466,-0.717856,-1.472797,-0.522717,0.370702,-1.431049,0.626052,-2.357619,-1.620866,0.06412,-0.875291,-1.040518,0.860894,1.10178,-0.513215,0.476908,-0.398251,-0.430099,-0.591411,-0.949252,1.015341,-1.091029,0.038978,-1.840938,1.296699,1.263757,-1.397792,-0.941818,0.610819,0.160168,3.195519,0.793046,0.051492,-0.220595,-1.349814,-0.552285,0.758299,-0.570942,-1.598468,-0.093442,-0.235145,-0.050243,0.107198,-0.517252,-1.022274,-0.501654,0.137951,0.910052,0.0141,-2.27055,-0.23526,-1.185925,-0.780524,-0.396468,-1.273484,0.476024,-0.864814,-0.167492,-0.066336,1.369172,2.139087,-0.45468,1.1726,-0.090579,0.784945,-0.218893,-0.531112,0.1601,0.297723,0.716919,-1.055192,-0.797427,0.316055,-0.934388,0.00076,1.038121,2.131491,0.350833,-0.159557,-0.683445,-0.17025,0.29981,0.487107,0.466511,0.323566,0.319569,1.060898,1.484242,0.92152,1.467269,1.919741,0.781865,-0.361953,1.783744,0.645455,-1.35971,0.109051,0.485526,-0.550582,0.222787,-0.682287,0.320755,-2.33826,-0.090426,-0.387461,-0.328338,0.874993,0.090262,1.535384,-0.419014,0.31681,0.504831,0.794506,0.197266,-0.361677,-0.836184,2.440355,2.459506,1.835273,0.106895,-0.22234,-0.56047,0.643908,0.744084,-1.696773,0.607791,1.304879,2.712985,-0.725976,1.025576,-0.213716,0.218607,-0.647296,0.423895,-0.917009,-0.652851,0.655406,-0.052557,-2.247733,-0.723213,-0.535455,0.37723,-0.194338,-0.367906,-1.131131,-0.807355,0.197847,0.480231,1.046567,-0.86721,-0.90674,-0.029813,-1.409988,0.725046,-0.587808,-0.677861,0.581846,1.901972,1.773002,1.143162,-0.605926,0.710966,0.719662,-0.243724,1.564121,-2.907145,1.005363,-0.095302,0.316055,-0.366961,2.611634,1.814464,0.004867,1.142855,-0.532841,-0.675049,0.120206,1.101224,1.346483,1.893463,0.992393,0.638168,0.387509,-0.189603,-0.453064,0.50536,-0.649759,-1.367466,-1.13844,-1.039639,-0.174008,-1.150108,-0.91928,-1.962872,0.76737,1.119794,-0.702091,-1.0851,-0.932718,-1.048102,-1.816529,1.373044,-1.62943,-0.823838,-0.606869,-0.516932,-0.607911,-0.670558,0.935656,1.600724,0.279929,-0.355779,1.07773,0.180033,0.265321,1.661299,-0.21617,0.768386,1.523262,-0.235192,0.898353,-0.277808,-0.464068,-2.050417,-0.335307,-0.258833,1.253056,-1.560704,0.291444,1.804561,-1.97934,-1.024835,1.082375,0.274916,-0.223071,0.365196,-0.42069,-1.097599,1.399917,0.670727,-1.110241,-1.380595,-0.673787,-0.966501,-1.037383,-0.22992,-1.972999,1.054251,0.489948,-0.248785,0.29853,1.732293,1.721267,1.095695,0.063116,0.348819,-1.037835,1.396246,0.999604,0.227793,0.843902,-0.682507,-0.215327,0.713568,-0.701279,0.594046,0.130534,-1.694017,1.709127,-0.941476,-1.441049,-2.271887,0.82742,1.40703,-0.386362,-1.145114,-0.877778,0.12164,0.118823,-0.994643,-0.57148,1.028545,-0.217031,0.4291,-0.027672,0.932807,-0.508614,3.102943,-0.431136,1.467336,-0.2244,0.108416,1.038522,1.083037,0.614778,0.356072,1.079738,2.548754,1.23109,-0.969193,-0.478917,0.231428,1.112159,-0.943395,0.147323,-1.547221,1.387975,-0.088737,-1.197329,-0.969402,-0.456197,0.036851,1.50214,-1.642295
NIC195,0.772058,0.701153,0.220981,-2.326373,-0.323733,0.960867,-0.381946,0.412994,-0.513824,0.670376,-0.040108,-0.206807,2.17209,0.625064,1.529432,1.384341,0.008974,1.001202,0.791903,2.614405,0.064304,-0.017559,1.196105,0.810217,1.258067,1.300654,-0.761696,1.23433,1.395314,0.705103,0.566334,-0.511388,1.082129,1.514349,0.334865,1.319908,0.168423,-1.14658,0.128517,-0.146805,0.702589,-0.099026,0.497647,-1.139783,-1.849678,-1.633984,-0.321457,-0.391461,-0.028945,-0.363533,-1.26979,-1.715149,-0.485171,0.102866,-1.670755,-0.379807,-0.174756,-2.148466,-0.839049,0.354771,-0.699108,-0.158698,-0.912928,-0.5318,-0.436343,-0.136451,1.203093,1.279977,0.067961,1.327171,-0.214966,0.131403,0.881348,-0.43555,-0.942636,-0.172739,0.456379,0.032368,-0.250493,-0.706836,-0.528568,1.203669,0.713798,-0.491975,0.665525,0.367277,-0.582537,0.417835,0.154708,1.264495,-1.560935,-1.294007,2.467925,-2.179856,0.744,1.363803,-0.656944,-0.810615,-0.664251,0.892333,-0.948491,-0.5247,-1.02801,-0.847515,1.620597,-0.461427,0.201162,-0.327048,0.850585,0.679406,0.345356,-0.431736,0.159595,0.349613,0.673862,0.400999,0.060964,-1.133644,-0.353808,0.885021,0.407961,0.553261,-1.373537,-0.267861,0.908634,1.581011,0.726284,0.867938,1.164104,0.525773,0.044344,1.398684,1.40378,0.081878,1.145707,0.109944,-0.771918,1.227823,-0.072031,-0.681412,-0.976663,1.329065,-2.050903,-0.279963,-0.213505,-1.166415,0.243147,-0.449282,-0.907339,0.863019,-0.933678,-0.360135,-0.90435,0.098171,0.104626,-1.211732,0.728615,0.29847,-1.50794,-0.419626,-0.811485,-1.890084,-0.726513,-0.135613,0.100734,-1.131353,1.13324,-0.837972,-0.846848,-1.203043,0.196341,-1.262117,-0.647517,0.768286,-1.280472,0.169466,-1.257355,0.217539,0.523535,0.240339,0.293526,-0.013813,0.160341,-0.852263,0.442352,1.12549,-0.427871,-0.424543,0.716167,-0.640832,1.018611,1.193347,1.787327,0.678264,0.353783,2.080926,1.254445,1.031908,-0.520285,0.970786,-0.484865,-0.120882,-1.56735,0.966029,0.310261,-1.321263,-0.758383,-0.110432,-1.188807,0.318689,0.937327,-0.594891,0.33928,1.263699,-0.935743,-1.050134,0.753361,1.572613,1.764264,1.036336,0.564697,-0.305111,-0.194167,-0.189685,0.294941,0.680414,0.607544,-1.40079,-0.192576,-0.708721,-2.500898,1.694702,-0.819879,-0.642381,-0.929523,1.591661,0.715653,-0.128565,1.821054,0.07376,-1.616558,-1.550608,1.401695,-0.477716,-2.008282,-0.269695,-1.334425,-0.111836,-0.212563,-0.660064,-1.842284,0.086378,-1.190987,0.383803,-1.398406,-0.197472,-0.540738,0.822616,1.024301,0.861277,0.263477,-0.944111,1.539248,-0.328813,-1.217482,-1.242983,-1.045659,-0.080626,-0.529221,-0.924648,1.344218,-1.618386,0.058431,1.491258,0.174641,-2.288037,-0.938805,0.165543,-1.085463,0.816829,-0.841821,-0.967592,0.442351,0.244131,0.689796,-0.200383,0.662798,-0.99457,0.366085,0.371441,0.68355,0.472042,1.06551,0.896154,-0.397242,1.685465,1.359568,-2.046061,-0.052453,-0.066097,0.352787,-0.237781,-2.148587,-1.274763,-1.240081,-0.522875,0.328951,-1.204982,-0.833437,-1.40504,-0.018423,1.559463,-1.540582,-0.059242,0.348774,-0.494255,1.25004,-0.87885,-0.661512,-0.186935,1.103298,1.121053,0.719606,1.972063,-1.866554,0.432816,0.80111,0.143273,2.050483,-1.120258,-1.10139,-0.731557,0.551077,-2.712493,-1.084114,-1.546558,-1.923686,-2.522194,0.764451
NIC199,0.455604,-0.821739,-1.44794,-2.50236,-0.568705,1.719404,-0.224589,-1.555016,-0.533704,2.564697,2.748243,0.639222,2.626213,1.452983,0.511161,0.56108,1.151692,1.663369,0.786441,-1.700667,-1.343567,-1.494357,-1.644848,0.318684,-0.607414,-1.283827,0.293821,-1.218493,0.85913,0.521334,0.829843,-0.003073,0.867401,2.082454,-0.279797,-0.731175,-0.126312,0.533753,-0.824177,-1.670409,0.709435,-0.364241,-0.739268,0.83717,-1.578116,0.87587,1.107306,-1.061642,-1.364879,0.720606,0.631309,0.147623,0.291815,0.070234,0.463332,1.153846,0.189175,0.849719,-2.524534,-1.733492,-0.721928,-0.374607,-1.366892,-2.346277,0.114653,-0.844398,-1.500844,1.037026,-1.011469,0.413119,-0.179891,-0.696611,-0.651821,-1.423873,0.281403,-0.690878,-1.438552,0.243126,-0.818422,0.096826,-0.302367,-0.702704,-0.636555,-0.838399,-0.638134,-0.188364,-0.855187,-0.010312,1.064157,-0.199548,-0.313149,-0.611954,0.744442,0.487909,0.256368,-0.894006,-0.795184,1.21313,0.611363,-0.070286,-0.910122,0.72694,0.221205,-0.190331,-1.037303,-1.411688,-1.46056,1.938259,-0.25544,0.480016,0.803881,-0.365494,-1.250132,0.16272,2.387647,1.593043,2.248544,0.531799,-1.023491,0.516115,1.086231,-0.047892,0.029794,0.091553,0.972337,1.240229,-0.17966,-1.391895,0.49583,-1.431434,-1.254355,1.099742,-0.401683,-1.179334,-0.601433,-0.441067,-1.113851,0.612471,-1.491978,-0.053171,0.118741,-1.056755,-1.068586,-0.274016,-0.389086,0.682898,-2.449789,-1.13372,0.090104,-0.424857,1.130589,-0.323671,-0.679912,-0.26016,-0.880699,0.164086,-1.811508,-0.170559,-0.006342,-2.713949,-1.599944,-0.192942,0.659488,0.716914,0.913647,1.197376,0.460207,-0.87413,0.706004,0.930548,1.053015,0.516882,-1.203393,-0.657545,-0.404931,0.995974,-0.388107,-0.94733,-1.8626,-1.223619,0.483322,-0.620509,-0.885498,1.322063,2.169925,0.634084,0.98405,0.784284,0.838199,-0.003795,-1.272891,1.447854,1.281523,-0.450956,-0.573791,-0.78434,-1.36185,0.03197,0.463771,-0.756882,-0.412563,-0.408163,0.860186,0.662538,0.587547,2.095101,0.013857,-1.329507,-0.662682,0.525047,-0.331525,-0.434117,0.313018,0.04549,-1.600263,-2.148868,0.948266,-0.432895,-0.787022,-0.75613,-0.008985,0.536513,-1.459244,-0.781272,-2.145322,0.899138,-0.400714,-0.285296,1.556748,-0.451738,0.424221,0.02296,-1.033475,-1.082543,0.790598,-1.324375,-1.073473,-1.08145,-1.056849,-0.261773,0.64882,-0.493826,-1.382408,0.37893,-0.096695,-0.128162,-0.359774,-0.826298,-0.008832,1.091607,-0.654879,-1.726397,-0.452072,0.039108,0.034949,1.192329,0.710231,1.001187,1.34002,1.554498,-0.284212,0.718307,-1.050562,-0.244712,-0.321518,-1.227138,0.563912,-1.041724,-0.368507,-1.206939,1.498358,1.292664,-1.658016,1.123246,-0.072538,0.335849,0.213048,-1.962029,-1.052427,0.013917,-0.336658,-0.488818,-0.216664,-0.556947,-1.19623,-0.694218,-0.147715,-0.301422,-1.679087,0.224627,-0.89671,-0.874824,0.07721,-0.455927,-0.062262,-0.479776,-1.631497,0.387571,0.843125,-1.055696,-1.308274,0.588768,-0.240908,1.229762,1.349271,1.040826,1.332145,2.310547,1.814736,-0.125478,-1.088571,1.157659,0.34818,1.75779,1.234311,1.416662,0.396027,1.619788,-0.431469,-0.231746,0.408319,1.686631,1.167565,-0.879713,-0.009177,-1.256706,0.056483,-0.341765,-0.855266,-1.049418,0.845251,-0.910683,1.244742,0.998115,-1.162944,-1.181374,0.143056,1.036475,0.65349
NIC251,-0.409992,-0.648812,-0.106486,-0.085442,-0.101633,-2.309128,-0.15819,0.220901,-0.452369,0.156853,1.296533,0.646008,0.057237,0.951977,2.070929,0.050347,1.694314,1.622096,1.239651,-0.28667,0.5381,0.234369,-0.52503,0.149447,-0.452254,-0.070107,-1.887602,-1.481212,0.776193,0.483461,-0.918917,-2.329386,0.207677,-2.185665,-1.41888,-0.615551,-0.192447,0.751496,0.20094,0.730244,-1.474931,-0.72093,-0.62927,-0.298818,-0.730903,0.805693,-0.07075,-0.437761,-0.241693,0.062103,1.049134,-1.172845,0.318371,0.024897,-0.012508,0.823464,-0.514771,0.233729,-0.661337,0.422481,-0.253842,0.280939,1.031708,-0.512541,0.045569,0.457035,0.029669,-1.30076,-0.818725,0.511609,-0.071297,-0.65095,0.882852,0.989162,0.50176,0.293994,-0.152308,0.770457,-0.396409,0.372875,-0.429686,0.237075,0.853982,-1.524661,-1.162688,0.852244,0.39696,-1.227541,0.281492,-0.196592,0.067546,-1.087063,-0.78324,0.316283,0.191324,-1.092528,0.336413,-0.669622,0.429467,2.574643,0.160451,-0.119316,1.254074,2.139873,-0.88254,2.824332,2.310941,2.271044,-0.543677,1.113102,-0.310402,1.350957,1.579458,0.296401,1.692377,1.066304,0.714519,-0.082503,0.343386,-0.718279,-0.212915,-0.24515,1.897231,0.002629,1.414624,2.70179,-0.888661,0.049675,0.607429,-1.231658,1.013995,0.42269,-1.483578,-1.133558,-0.257778,0.904638,-0.969374,0.460278,-1.150326,1.978905,-0.501091,0.160019,-0.352246,-0.743297,0.563005,2.04334,-0.093658,1.56558,1.135629,1.87425,1.744698,1.744143,-0.447121,-0.621501,-1.099694,-1.716588,-0.880457,-0.616033,-1.153546,-1.31379,-1.566164,-1.174942,0.092561,1.301228,-0.214147,1.706124,0.215695,0.404858,-0.746214,1.051258,1.450492,-0.373652,-2.471391,-1.973903,1.342785,-0.220304,0.571074,0.476938,1.190763,1.421746,-1.13778,-1.017385,1.331128,1.458834,1.513198,-0.338603,0.336286,0.099453,0.826709,0.380782,0.746439,0.462569,0.475907,0.231201,1.440778,0.385427,0.697318,0.895702,-0.46713,-1.152494,0.224769,-1.098879,-0.681752,1.462642,0.998563,1.20865,1.67711,1.151922,-0.046445,1.906211,-0.686434,1.639493,-1.573908,-0.086047,-0.486685,-0.673651,0.401889,0.564319,1.315027,0.166157,1.3228,0.468776,-1.51438,2.474312,-0.963847,0.590923,1.195939,0.652512,1.371786,-1.230964,-0.830877,1.954171,-0.631825,0.372739,-0.109254,-0.042839,1.273874,-1.098729,-0.259878,-0.771267,-1.58449,0.296089,0.687946,-0.661089,0.076802,-0.873366,-1.456812,0.483305,-1.426295,0.874299,0.246424,-0.255546,0.515497,-0.324688,1.530894,-0.166629,-0.669047,-1.43502,-0.791965,1.531919,0.709906,0.477667,-0.011256,-1.63974,-1.172667,-0.705982,-0.170597,0.106615,-3.008981,0.277611,-0.391638,-0.218303,0.120603,-1.1635,0.208915,-1.905675,-0.129933,0.098377,-0.884384,-1.375204,-0.777745,0.245344,-0.136029,-0.324153,0.91951,-0.470428,0.636612,0.297061,1.590927,0.474633,1.527728,0.28566,0.08723,0.544848,-0.193208,-0.322878,0.504392,0.873112,-0.717356,0.207495,0.023001,-2.017437,0.851467,-1.435852,0.424107,-0.97531,-0.312675,0.173989,1.227677,-0.040803,-0.224189,-0.695064,-0.042528,-0.413366,-0.862071,0.082636,-1.049284,1.23413,0.210044,1.023419,0.312773,1.02932,0.07739,0.282582,0.561513,0.36555,0.086395,-0.898397,0.858322,-0.046205,1.556452,-0.142827,0.112458,0.832468,-0.497252,0.336553,-1.891405,-0.732913,-0.00897
NIC262,1.395247,-2.25674,-0.058183,-1.176328,-0.315984,0.357303,-1.612149,0.861622,0.777183,-0.711008,1.177567,-0.809553,1.349366,1.549811,-0.099001,1.800226,0.474711,1.307065,-1.074998,0.054804,0.610938,-1.114776,0.243113,-0.856686,-0.941481,-0.062196,-0.288226,-1.160014,-0.445665,-1.403997,-0.490264,0.609337,1.101163,-0.872086,-1.036665,-0.942797,-0.494252,-1.416238,-1.196931,-1.539209,-0.716819,0.2953,0.288896,0.140651,1.254829,1.914953,1.188527,1.874795,1.909855,1.118597,-0.102789,0.470473,0.965198,0.91872,0.567672,1.025198,1.585586,0.626933,1.193829,0.932562,1.584442,2.153392,1.463683,0.282325,-0.648927,0.228218,2.443387,1.971743,0.437269,-0.078819,1.841951,1.328025,0.740303,-0.474565,0.174621,0.528359,1.214938,1.437721,0.683067,0.099322,0.189445,0.288247,1.248107,-0.811042,-1.50157,0.625204,-1.770895,-1.423035,0.265065,-0.832182,-0.737175,-0.608279,-0.58025,-1.236025,-0.513957,-0.913404,-0.420786,0.90886,1.045285,1.171708,0.307622,0.778537,1.110573,1.125482,1.791243,1.720236,2.737552,0.724573,-1.917597,-1.516358,-1.974284,-0.322927,-0.31133,-0.338576,-0.923357,-1.327516,0.876516,-0.928702,0.632645,0.912416,-0.604528,-0.249305,-1.800781,-1.17272,-0.819359,-0.304771,-1.05373,0.025368,-0.530786,-0.798151,0.79288,0.276025,0.736409,0.480143,0.496836,-0.049434,-1.009261,-0.290826,-0.225335,0.479084,1.146974,-0.111156,-0.214483,1.180516,0.117361,-0.874136,-1.535022,-1.587696,-0.508806,-0.927353,-0.054637,0.049618,-0.633171,0.099197,1.413285,1.994846,-0.274101,0.107129,-2.446969,-0.172758,0.62692,-0.340907,-1.509095,1.273393,0.300458,0.251113,0.479143,-1.343051,-0.113819,2.00281,0.231367,-0.127523,-1.495088,0.274853,1.754452,-0.904814,1.121848,0.381883,0.913663,-0.255497,-0.100931,-0.359564,-1.249218,-0.450047,0.199558,-0.39931,0.210178,0.820946,1.032262,0.590528,0.024422,-1.491658,0.079639,2.839125,2.329203,0.409025,1.709448,1.201092,-0.709574,-0.78437,-1.319121,-0.716794,-0.445725,-0.040073,0.058876,-1.29752,-1.067988,0.071513,1.299942,-0.577942,0.769309,-0.59653,-0.030385,-0.163284,-1.17655,0.819182,0.157412,0.871667,0.49064,0.362219,0.109925,1.824722,0.519619,1.041262,-0.18168,1.420766,0.74973,0.697081,-0.054982,0.570753,-0.875691,1.18067,0.047809,0.852704,-2.058303,-0.132465,-0.335593,-0.585795,0.128546,-0.19226,-1.774548,-0.041303,-0.189776,1.003648,0.095717,0.616587,-0.233691,0.618494,1.466666,1.021677,0.093363,1.339001,0.79451,0.771016,-0.786933,-0.362249,2.078162,1.270449,0.095482,1.555264,-0.343647,0.551694,1.049083,1.352618,1.302407,0.569104,0.305358,0.130947,0.1785,0.463388,-0.325093,0.014733,-0.480898,-2.140035,-0.868471,0.297795,-1.042367,-0.572824,-0.216326,2.618788,0.000144,2.838987,-0.604771,0.63502,-0.512597,1.224833,0.430343,0.415709,0.489369,0.573306,-1.944546,0.353586,0.563041,-0.369706,-0.191456,-1.843335,-0.697952,-1.182659,-0.12435,-1.381324,-0.005225,-0.488452,-0.129211,-0.042527,-2.345743,-1.305795,-1.048381,0.508878,2.314123,0.168822,-1.801575,-0.633137,1.318412,-0.076989,0.6825,1.198962,1.493475,1.368246,0.271694,0.717742,-1.259917,1.161061,0.618935,0.801602,-0.747648,-0.199984,1.754933,0.914966,1.011896,-0.086361,0.027535,-1.391273,0.471324,-0.673449,-1.580061,0.389382,-0.72055,0.09797,-0.543827
NIC266,0.828877,0.865313,1.324548,0.681498,-0.66623,-1.156136,-1.033916,0.165317,-0.644289,-0.409825,0.509646,-0.84494,0.009884,0.673444,1.069404,0.214523,0.908713,-0.274354,1.097905,0.107334,0.060349,0.98776,-0.685468,-1.48731,0.621929,0.501161,-0.734427,0.448452,-2.05005,-0.460389,-0.613002,0.352703,-0.971945,-0.090996,-0.542733,0.063304,-1.240382,-0.646244,0.374618,-1.318943,-0.28928,0.015655,0.393056,0.014405,-0.772058,0.699944,0.615323,0.83829,-0.880322,-0.109141,-0.003867,-1.249665,-1.463263,-1.531751,0.803076,0.457762,0.971184,0.765847,-0.162544,1.25073,2.28955,2.952786,2.820738,0.955414,1.104998,0.502548,-0.25646,1.04465,0.316917,-0.13047,-2.294696,0.572534,0.086582,-0.31417,-0.734116,0.900945,-0.716964,0.981541,-0.769838,-1.143948,0.782176,-0.008446,-0.802516,1.047349,-0.301976,1.047997,1.159832,1.52543,-0.327081,-1.866269,0.115495,-0.551671,-0.377301,-1.915163,0.264142,0.298385,-1.083708,0.720715,-0.683136,1.370796,-0.110442,-1.287939,-0.077175,0.23595,1.867951,-0.280516,0.249181,-0.606177,-0.283486,1.226069,0.753769,-1.080041,0.638561,-0.185412,-0.37636,-0.50159,-0.620205,0.277492,-0.594659,-1.446965,0.139529,-0.249359,-1.573493,-0.160623,1.129863,-1.483955,0.739742,-0.815693,-0.411153,0.512939,2.847607,1.943953,0.538566,0.367615,0.601514,0.205133,1.145329,1.272656,-0.112296,0.20472,0.941607,-1.073781,-0.152218,-1.567819,0.961489,-0.010975,-0.719252,0.231859,0.236835,0.53963,-0.459078,-0.402406,-0.774703,-0.25311,-1.012515,1.318769,-0.048395,-0.538493,0.797514,0.667969,-2.123363,-1.382782,-0.535412,-0.325304,-0.862022,-1.028047,-0.142434,-1.875771,-1.3068,-0.261833,0.495385,-0.06995,0.536972,-1.323311,-0.854188,-0.979669,-1.286502,-0.233601,-1.421298,-2.050409,-0.114968,-1.007844,-0.078245,-0.294368,0.62128,1.085613,0.515716,1.079126,0.476716,0.735769,0.681714,0.321934,0.288783,0.862447,0.709129,-0.009128,-1.350574,0.528194,1.698035,1.2189,0.124809,0.464231,1.157313,-0.379602,-0.975206,-0.258101,-0.308674,-0.055265,-0.142372,-1.403337,0.115527,-0.293775,-0.364606,0.713508,0.585455,0.245682,0.608141,0.99333,-1.831502,0.149616,-0.471501,0.918968,0.826467,1.05902,1.291113,-0.448935,0.551398,-0.813031,-0.241676,-2.213527,0.925398,-0.554727,-0.063851,-0.459023,-1.378641,0.979859,-1.524435,0.336367,-3.470289,-0.062276,-1.880998,-1.811394,0.399475,0.437048,-1.485723,0.257635,2.204256,-1.086312,0.013755,0.148992,-0.528044,-0.482571,0.909416,-0.626753,1.453539,-0.334305,1.798723,0.434822,1.517557,0.055705,1.87746,-0.173226,0.39968,0.735794,-0.104323,-0.839888,1.060645,-0.726678,0.22702,0.867546,0.125976,2.035118,0.825298,0.11368,0.376096,1.293461,1.233682,-1.56916,0.902837,-1.903144,0.038,0.51699,-0.29711,-2.072823,-0.485038,-0.675491,-0.050632,-0.38222,0.014067,0.616876,0.768785,-0.181728,-1.349465,0.784433,-1.231534,0.354686,-0.85049,0.457458,-0.968173,-1.07598,-1.309827,-0.269121,-0.395885,1.104883,0.356683,-0.145571,0.709152,0.387507,0.309249,1.639715,2.011669,0.119156,0.699553,1.461275,0.412801,-1.205989,-0.139168,1.1396,-0.680851,-0.590676,-1.08325,0.094223,-0.642526,1.074814,1.307933,-1.469644,0.787547,-0.120225,0.221598,1.270499,-1.328294,1.188611,0.49398,-1.20298,-0.176797,0.658404,-1.91462,0.003142,0.302288
NIC268,0.085465,2.069972,0.304656,0.965886,2.150273,1.204687,2.072519,1.580624,0.805659,-0.649802,-0.045691,1.040525,-0.492095,-1.985127,1.179803,-0.568687,-1.190346,-0.999117,0.649465,1.191299,0.717332,0.734674,0.537371,1.621674,0.401875,1.383387,1.782538,-0.034685,-0.259345,0.596462,-0.115712,-1.962136,-0.494536,-0.478727,0.077379,1.064597,-0.632984,0.340286,0.462875,1.18852,0.111054,-0.013453,0.614212,0.230091,-1.082059,0.643842,0.064594,-1.284347,0.403905,1.080244,-0.992607,-1.155396,-1.17517,-0.641286,-1.047514,-0.085304,0.003751,0.479502,1.188826,-0.051868,1.757623,-0.191154,0.326254,1.333311,-0.720973,1.243764,-1.062639,0.385691,0.788383,0.057827,-0.685963,-0.312823,-0.492866,1.212777,-0.204511,-0.687529,1.53316,-0.398248,-0.097008,-0.530833,-0.392682,0.129865,-0.057029,-0.591674,0.939284,-1.709905,-0.126691,-0.124808,-1.844178,0.260386,-0.403312,0.045051,-1.207457,-0.156293,1.478291,-0.688398,0.026688,-0.222443,-0.811283,-1.056141,-0.62817,0.66238,-0.955336,-1.211768,0.279747,-0.48047,2.251491,0.171895,0.712099,0.579007,0.467228,-0.099049,0.422724,0.174008,0.103235,-1.007605,-0.784646,0.048463,0.499427,-0.312689,-0.716362,0.387227,1.533703,-0.172692,0.720732,-0.757823,0.051809,0.245788,-0.50805,2.116063,-0.186467,0.773696,0.282117,-0.022841,1.810059,0.76439,1.370699,1.05176,0.257385,0.06747,0.765126,-0.627463,-1.937234,-0.346081,0.996671,0.769066,1.51365,0.410187,-0.881716,0.183343,1.698872,1.461778,0.171072,-0.111705,-1.840778,0.080739,-0.111473,-0.70683,-0.497903,-2.157585,-0.368623,-0.532125,0.162822,-1.133183,0.277757,-1.039125,-0.610428,-1.524361,-1.634813,-0.729604,-1.133426,-1.207137,-1.002571,-0.828649,0.257761,-1.008508,1.592146,-1.391379,-0.159997,-0.825681,1.475644,0.888614,0.780983,-0.05794,-0.454261,-0.059801,-0.07307,0.988942,0.488316,1.037294,0.181702,-0.597455,-0.342054,-0.427648,-0.323886,-0.650418,-0.449806,-0.401601,0.154321,-1.720316,-0.309165,-1.605768,-0.252661,-1.936656,-2.045437,-0.034335,-1.958123,0.813615,1.18727,0.681884,-0.719019,2.976649,-0.741509,0.612256,1.133946,1.790337,-0.09931,-1.306353,-0.451427,0.132956,0.860552,-0.359308,0.534611,0.308794,1.837976,-0.068159,-0.836738,-1.97544,-0.009591,0.075496,-1.067767,-0.494639,-0.360575,-0.731672,0.328497,-0.86432,-0.53022,-0.922862,0.724873,0.484395,-1.322664,-0.91852,-1.073989,1.228376,-0.612365,0.200896,0.422244,0.233538,-0.207435,-0.339476,0.938618,0.22514,0.467226,1.81565,-1.015666,-1.036755,1.032109,-0.900485,1.307685,-0.673024,0.369969,-1.673781,-0.344523,-0.340707,0.848217,-0.292104,-0.961369,0.111922,0.31561,0.823652,-1.555801,-0.125657,-1.084037,-1.231652,-0.06494,-0.443028,-0.583132,-0.45707,-1.66562,-1.444802,-0.682629,0.336974,2.065663,-0.290394,0.992568,2.307505,0.419086,0.873991,1.561232,1.102077,-0.240315,2.264649,0.241436,-1.85627,1.082288,0.238754,0.759479,-1.059877,-1.353374,-0.190676,1.11095,-0.569336,1.680534,0.175996,0.865767,1.159574,-0.152187,0.59263,0.794831,0.529356,-0.56022,-0.571972,-1.132537,-0.102777,0.410087,0.90784,-1.73348,-0.93466,0.358319,0.915867,0.590135,-0.230859,1.310566,1.345053,0.478288,-0.898792,0.196943,0.637757,0.733603,3.26279,-0.677152,2.093843,1.164386,-1.260788,-0.908217,-0.308056,-1.124377,-1.19719,-0.091485
NIC501,1.414584,-1.124235,-1.127605,-0.733707,0.22046,-1.828396,0.378306,0.744968,-0.707533,-0.725772,-1.577666,2.003778,1.413949,2.553537,0.772932,-0.252936,2.451784,2.130291,-1.079915,-0.030827,-0.875573,-0.529556,-0.368293,0.343497,-1.647885,-1.962678,0.251188,0.378116,0.333111,2.321037,0.250334,0.308265,1.903898,1.92768,-0.02017,1.154367,0.153736,-0.75513,1.959008,1.181135,-0.193289,-1.311999,-0.737108,0.645773,-1.009335,-0.361936,-2.117385,1.108831,-0.542647,1.853202,0.407663,1.275973,-0.756183,-1.229881,-0.866193,-0.681348,-0.462298,-1.097109,1.066133,0.697596,-1.798941,-0.468592,-0.096569,0.787615,-0.080706,-0.238972,-0.810476,-0.49853,-2.231955,-0.462274,-0.969916,0.167185,-1.65412,-0.20678,-1.460223,-0.060794,-0.080851,-0.735019,-0.3754,-0.827365,-0.16814,0.28056,0.291759,-0.772734,-0.157573,-0.486329,0.305031,0.483036,0.950171,1.705367,0.590092,0.852075,-1.05287,-0.853404,-1.548204,0.528835,-1.091587,0.365348,-0.1626,-0.199059,-0.354759,-1.589718,-1.237146,-0.434964,-1.060747,-1.068533,0.755751,0.720959,-1.153444,1.008082,-0.61602,0.33943,-1.362749,-1.67294,-0.82911,0.740169,-0.476587,-0.738343,-1.578345,0.189459,0.398622,-0.85039,0.559299,0.86618,-0.572874,-2.1992,-0.064509,-0.680351,-0.116475,0.142845,0.419364,-0.805095,-1.383505,-0.939705,-1.515046,1.083683,-1.641259,0.402946,1.782472,1.387886,0.371485,1.541261,2.387952,0.696688,1.502346,-0.247919,-0.816735,-0.324498,1.639741,0.584343,0.639201,2.106979,0.311115,-0.165108,-0.438704,-0.388193,0.464885,-1.010857,-1.674961,-1.426833,-0.974722,-1.57413,0.813944,-0.622074,-0.289701,1.073082,-2.140295,-0.411571,0.08632,-0.706932,-1.56903,-0.4828,-0.337564,-0.224944,-1.152888,-0.701839,-1.366357,0.205403,-0.485413,-1.558266,1.791485,0.674487,1.747827,0.369622,-1.027476,-0.463233,0.501653,-2.418479,-1.220609,-0.768411,-0.044033,-0.833102,-0.558503,-1.317847,-0.505572,-0.352657,-0.755324,-0.82346,1.266257,-0.31805,-0.157878,0.558067,-2.15425,-1.921687,-0.195525,-0.795043,-1.125556,0.971759,-0.539274,1.030326,-0.562158,-1.362555,0.313467,-0.714621,-0.044629,-0.279454,-0.569225,0.027852,-0.712405,0.111737,0.853039,0.516404,0.742445,-1.079416,-0.927473,0.606884,1.085873,-0.840216,0.24491,-0.88861,-0.464135,-0.678675,-1.558039,-0.261454,0.499947,1.067341,-0.444107,1.370533,-0.022147,1.352045,0.691578,1.390609,1.980183,-0.96012,2.253761,-0.39214,1.039731,-0.016772,-0.564106,0.624026,0.787725,0.906995,-1.494806,-0.684418,-2.543772,-1.923749,-0.039383,-0.647351,-1.035544,0.172359,-0.291263,-0.351659,0.236576,0.389765,0.182389,1.739566,0.576169,2.310012,1.098431,1.07762,-0.992641,-0.247634,-1.026902,0.696658,0.101769,-1.693128,0.666241,-0.748611,-1.792159,-1.993078,-0.516793,1.313312,2.244775,-2.119835,1.337598,1.254784,1.85637,-1.171243,-0.471684,-0.505885,-0.513697,-0.354116,-1.577291,-0.539055,-1.042006,0.456897,0.243685,-0.174964,0.611662,-1.299642,-0.387904,-0.569527,0.460847,-0.821855,-1.524585,1.29,-2.28335,-0.257799,-0.895825,0.295286,-0.679439,-1.536198,0.696447,0.459722,-0.174599,-0.346768,-1.50404,-0.638651,0.604659,-0.33747,-0.525501,0.248101,-0.637758,-0.469341,1.204946,1.423549,0.219183,0.123037,0.45561,-1.55822,0.708661,-0.727706,0.279643,-0.930528,1.258074,-1.122918,1.003765,1.205712,-0.654869
QG2075,1.441789,-0.126684,-0.247164,1.806208,-1.725834,0.386269,-2.321227,-0.685613,0.064757,0.660656,0.442876,1.064358,0.540669,1.115692,0.72522,-0.125686,-0.892364,0.135962,-1.055071,-0.037551,-1.79782,-1.087178,-0.75077,1.427181,-1.571659,-1.028716,-0.871093,0.24719,-0.140938,0.894647,1.179234,0.368424,0.239014,-0.00568,0.643519,1.802626,0.730472,0.768086,-2.6252,-0.125638,0.720198,0.980731,0.24873,1.52402,-0.893797,1.856135,-0.550178,-0.228579,-0.019447,0.906225,1.459934,0.664936,-0.792698,1.068243,-1.199537,2.024135,-0.350619,-0.477683,-0.074748,0.482343,-0.05309,-0.084589,-0.432997,-0.296887,-1.897622,-0.758149,3.28759,0.537725,1.62931,-0.081453,-0.676504,-0.645152,1.532919,1.006227,0.677587,-0.244882,0.953956,1.399179,-1.524453,-0.133012,-0.322627,-0.33813,0.478458,0.002673,-1.170392,0.880349,-0.539604,-0.266669,1.216133,-1.024101,-0.355342,0.707678,-0.257295,-1.761426,-0.606437,-0.703154,0.403051,-1.960493,0.633189,-1.984897,2.891926,-1.046244,0.072871,-0.276898,-0.174403,-0.626997,0.05467,1.186161,-0.309157,-0.144396,-1.325779,1.599839,-0.911768,-1.489632,-1.146079,0.771265,-0.115861,0.114843,-0.934163,1.151674,0.56208,-2.008316,-1.512189,-0.144397,-0.771645,-1.823554,0.258227,0.471641,-1.558084,-0.815805,1.19114,0.093082,0.471261,-2.160406,-0.682356,-0.089103,2.052742,0.270548,-0.313316,-0.634603,1.255615,-0.080363,2.927205,1.533858,0.372206,0.221804,-0.943022,1.360545,1.110981,1.030078,-0.116182,0.690426,1.310104,-1.431929,0.815468,-0.241698,-1.834233,-0.736421,1.902531,-1.106613,-1.063964,-0.854404,0.216302,0.878974,1.863108,0.446315,-0.402113,1.356199,-0.221618,-0.062172,-0.442383,-1.470669,0.654211,0.103716,-0.06779,0.030661,-1.972593,-1.779936,-0.627572,0.654063,-0.816894,-1.419834,-0.684454,0.078393,0.308539,2.719874,0.378672,0.733186,-0.281281,0.457888,0.461286,-0.463965,2.027518,0.219064,-0.169381,2.072634,2.427757,0.127312,-2.119247,1.167006,2.297597,-0.541682,1.125402,1.086782,-1.782541,-1.47956,-0.721068,-0.618383,-0.886363,-0.549477,-0.864702,0.468225,-0.576612,-0.14372,-1.742095,-0.603909,0.824975,-0.207776,-0.627049,-0.621345,-0.375789,-0.638906,-1.242327,-1.164201,-0.038007,-0.4659,2.240733,1.411262,-0.215899,0.541277,2.162829,1.53906,1.459128,0.269467,0.727689,-0.528826,-1.367406,-1.164902,-0.386399,0.489744,-0.259001,-0.396271,0.561871,0.903343,-0.45496,-2.205602,-0.91216,-1.099007,-0.161583,-0.192673,0.569162,-0.000239,-0.471649,0.571092,-0.475134,1.029567,-0.630919,0.147525,0.123772,0.216061,-2.398583,-1.202113,1.152754,1.101801,1.409325,-0.078211,-0.650078,-0.021383,1.404873,0.895603,0.171724,-0.349653,-0.248513,-1.467204,-1.543313,-0.110463,-0.230235,-0.295159,-0.891816,0.9983,-0.2282,0.94934,-0.696823,-0.293382,-0.081737,1.149163,0.369915,1.127462,0.420076,1.011987,-0.716908,0.018397,-0.902745,-0.942494,-0.554176,-1.443011,-1.13027,-0.336492,0.793367,-0.471544,0.025915,-1.469056,-0.575894,-1.507346,-0.206782,0.291059,-1.034177,-1.435385,1.199875,-0.678074,-0.122959,-0.502961,-0.673146,0.264481,-1.477951,0.652838,0.249131,1.383366,0.070201,0.888256,0.326458,-0.547271,-1.304014,0.546422,-0.303579,-0.786973,0.053627,-0.57233,0.511224,-1.012714,1.008281,1.839562,-0.15382,1.565828,0.237614,-0.365347,-1.060985,0.134485,-1.107682
QG2846,-0.129226,-0.049489,1.622753,-0.210137,0.698907,-0.922141,0.122739,-1.376492,-1.417411,-0.029178,0.88804,0.363775,0.879529,0.165043,1.048876,0.922082,1.746156,0.745495,-1.3377,-0.08679,-0.316997,-0.249749,0.053048,0.948499,-1.736438,-1.885289,-0.533571,-0.275537,-0.024191,0.16327,-0.287997,1.066097,2.102839,0.824801,0.453196,1.250753,-0.587188,0.265717,-0.523473,-1.133179,-0.113143,1.199879,-1.071821,-0.276281,-0.532648,-0.171494,0.447546,0.02179,0.299662,-1.092332,0.231096,-0.516528,-1.207384,-1.232045,-0.871824,0.701156,1.186116,0.512529,-1.056974,0.457967,0.439034,-0.288619,0.177506,-0.255612,0.364806,-1.602695,0.560767,1.151876,1.958033,-1.101328,0.136625,-0.32795,0.602982,-1.590001,-0.651991,1.286625,-1.066802,-2.397881,-0.613062,-0.337358,-0.181996,0.544718,-1.381644,-0.28175,-0.280901,-0.563404,-1.155981,0.127021,-1.17063,-0.730835,1.550553,-0.707195,-0.010942,-0.614228,-0.6335,-0.068285,-1.182148,-0.371907,0.532288,-0.579933,-0.822087,-0.72187,0.083987,-1.525906,0.11027,-0.497886,-0.790868,-0.899733,-0.519966,0.890848,-2.588668,1.325146,0.227737,-0.822752,0.786159,0.518292,0.020497,0.333112,-0.872737,-1.54937,0.372571,0.622394,-0.439416,-0.70075,-2.457478,-0.408816,-0.835436,-0.131926,0.446206,-0.524635,-0.505622,0.359928,0.655857,1.861525,0.395421,-0.788175,-0.598169,0.109958,-0.008815,-2.6035,-1.074521,0.078821,0.882393,-1.309014,0.953988,0.543922,1.060382,-0.608974,-2.408682,0.606104,-1.065877,-0.550885,-0.385368,0.549356,0.72683,0.752825,0.032927,-0.09951,-1.223202,-0.307378,-0.764157,0.239617,-2.239882,-0.130998,0.352567,-0.37093,0.612677,0.2257,-1.764435,-0.35368,-2.543161,-0.692895,-1.610677,-0.54624,-0.44078,0.305167,1.280016,-1.446179,-0.947038,-0.115646,-0.243546,-1.209123,-0.229732,-0.246801,-0.019719,-0.8348,-0.934935,-1.75058,-0.379664,0.214138,0.951208,-1.389641,-0.207961,1.466678,-1.420094,-1.549488,-0.644417,-1.917067,-0.680601,-0.499165,0.180045,0.261718,-0.581896,0.194924,0.672904,-0.11204,-0.347754,1.138702,-0.030961,0.02936,0.145334,0.354289,-1.48533,1.1609,0.600627,-1.80504,-1.52367,-0.592185,-0.445072,-0.90962,-1.348413,-1.245258,-0.859075,-0.285931,-0.015686,-0.540903,0.090236,-0.438356,-0.457705,-0.615676,-1.686355,-1.039379,-1.12729,1.144417,-0.98723,-0.512692,0.944814,-0.30061,1.064614,2.083976,-0.331325,0.440928,1.412306,-0.18139,0.215633,-0.604799,-0.374431,-0.694329,-0.683777,-0.312394,1.159927,1.279944,0.962617,2.792057,-1.175778,0.044528,-1.649368,-0.384035,-0.76152,-0.329216,0.159054,0.00024,0.250665,-1.025348,-0.524213,-0.428603,0.06589,-1.798612,-0.302067,-1.278411,-2.512114,-0.886788,-0.727697,-0.954714,-0.439531,0.648881,-1.242898,0.198785,-2.199371,0.151235,-0.719327,0.098878,-0.862439,-0.415801,-0.890635,1.220901,-1.214529,-0.869443,0.18425,1.400563,0.398331,1.206422,-1.041781,0.901056,0.408419,0.179213,1.22532,-1.298415,1.633331,0.255832,-0.015507,-0.260139,-1.219354,-0.697067,0.879284,-1.075153,0.40092,0.086299,1.162201,0.657317,-1.18733,2.354486,-0.535235,2.144644,1.373394,2.741185,-2.336504,-0.925634,-0.762247,-0.701439,0.622382,-0.680156,0.98323,-0.249644,-0.405963,0.12711,0.535704,-0.682702,1.389316,-1.788199,1.906177,-0.492509,0.285769,-1.029642,-0.146146,0.134476,0.689066,-0.457516,-1.949603
QG4080,-0.865178,-1.647126,0.613232,1.260208,-0.554279,-1.816018,0.00171,-0.667508,-0.805693,0.307364,-0.321138,0.112674,0.28272,0.27368,-1.729868,-0.631654,-0.584188,-0.750416,1.327538,-0.075555,-0.512107,-0.815747,-0.488043,-0.045758,-0.628782,-0.275042,0.392108,-0.404418,-0.632886,-0.730388,2.204116,0.540352,-0.938664,0.20966,1.080649,1.020217,-0.397994,0.217388,1.690875,-0.616673,-0.928698,-0.8634,-0.250777,-1.146531,0.1035,-1.264981,-0.016934,1.415406,-0.561793,-0.172853,1.819673,-0.356918,-1.023092,0.219454,-0.185711,-0.727838,1.999275,-0.846538,0.775932,0.77005,-0.073524,-0.827453,-0.505353,2.045072,-0.221529,0.688618,1.161087,0.760467,-1.064059,1.244504,-0.63451,-1.649486,0.739146,-0.242934,0.380109,-1.471865,0.431038,-0.773245,-0.16597,0.225374,-1.3812,-0.821156,0.173002,-0.301015,-1.201585,0.334776,0.819961,0.314553,1.138705,-0.888241,-0.176875,1.194903,-0.306232,0.139333,0.059436,-1.226707,0.753839,-1.024388,-0.275463,-1.220012,0.678336,0.195312,0.555989,-1.284282,-0.031956,0.487953,-1.065824,-0.628089,0.414085,0.412041,-0.501141,0.691406,-0.480059,1.911018,1.966811,0.72078,2.337391,-0.426283,-1.48854,0.098932,0.110264,0.02361,-2.3861,-0.641141,0.02331,-1.549704,1.42635,-0.500572,0.105308,-0.280885,0.036211,-0.364448,-0.418146,-1.44001,-0.968724,-0.69298,-1.013102,0.113067,-1.453087,-1.437443,-0.684832,0.051899,-0.72195,-0.195743,-0.921392,-0.731275,-0.616234,1.090962,0.398941,1.275923,0.129993,1.050836,1.079626,-0.000931,-0.861951,1.113539,0.276217,1.664201,-1.117238,0.581168,0.680562,0.823905,0.37521,-0.557931,-2.12239,-0.802001,0.223167,-0.097873,0.438758,0.427288,-0.420962,0.230943,0.953824,1.135283,-0.234876,-0.714696,0.105115,-1.329373,-0.624852,-0.499307,-1.242376,0.28041,-0.169431,-0.758947,-0.858878,-0.646956,0.54426,0.718278,-0.08075,-1.407421,0.275853,-0.889687,0.299431,0.62511,-0.859781,0.553723,0.323085,-0.132555,-0.222612,-0.815953,-1.104877,-1.696572,-1.592848,-0.644021,-0.485258,-0.412786,-0.444667,0.204804,-1.981564,0.755484,-0.888544,-2.761804,-0.96875,-0.348896,-0.425332,-0.520906,-0.140231,-0.426091,-1.048452,-1.050848,-0.531034,-0.452766,-1.539693,-0.874847,0.087899,0.333687,0.500588,0.571811,-1.424707,1.045591,0.259185,1.370472,1.556104,0.266599,0.898822,0.296495,-0.222217,-0.039054,0.283017,0.808053,1.892453,0.127657,0.584379,0.619973,-0.831318,0.720371,0.410352,-1.243047,-1.2949,-1.989084,-0.654153,-0.49435,-0.853252,0.956717,2.206305,0.072892,2.065904,-2.257423,-0.244676,-1.171658,-0.170912,-1.144933,-0.440734,-0.514195,-2.930737,0.965346,-0.53555,-0.592516,-0.432256,-1.69604,-0.725468,0.099385,-1.518122,-0.78545,0.044536,0.428473,-0.085888,0.781328,-0.476819,-0.283226,-0.881108,0.148418,2.413752,0.050288,0.123101,-0.271675,-0.532138,0.45048,0.237459,-0.638282,-0.567384,-1.282973,-0.530891,0.128624,0.179061,0.746808,-2.025379,0.523691,-0.445905,-0.640917,-0.697547,1.748608,1.09842,0.373716,2.393783,0.949716,-0.96055,2.292916,-0.124007,0.318096,0.641382,0.229808,0.350194,1.096119,0.148508,-2.602129,1.277549,-0.113614,0.626752,-2.640122,-0.464756,-2.614576,-1.074923,-0.400972,0.618498,0.685488,0.380148,-0.343263,-1.195668,0.690346,1.050774,0.866423,0.217301,-0.79503,1.499962,-0.887351,0.916633,1.273714,0.845293
QG4103,-0.765321,-0.588601,-1.315692,0.662061,-0.170937,0.524941,-1.655326,0.334394,0.623554,-1.585869,-0.240946,0.525773,0.268006,-1.421856,-0.060123,-0.078229,-1.483227,-0.494616,1.025992,-1.378677,-0.838781,0.79481,0.581387,0.028896,0.336941,0.275031,-0.233764,-0.839642,-1.097214,0.895348,-1.263246,0.556136,-0.872165,0.012666,1.915132,0.614829,-0.185857,0.725381,-0.472495,-0.090725,-1.113653,0.644467,-0.821233,0.573928,-0.391074,-0.239633,-0.151073,1.226788,0.061209,-1.543797,1.23334,0.008436,0.305994,-1.139513,0.218012,1.608806,-0.11556,0.200629,1.235292,1.175293,-1.015272,-0.622084,0.311449,1.514014,1.317342,0.447628,-0.140009,-1.870589,-1.284273,-0.306446,-1.175646,-1.905866,0.230694,-0.390039,-0.599896,-0.537666,-0.879914,-1.159635,-0.992276,0.522349,-0.436515,-1.143035,0.205582,-1.573238,0.019615,-1.290937,-0.714782,0.217004,-0.583179,0.387589,0.687198,-1.154311,-1.800251,0.61886,0.357647,-0.756373,0.716948,-0.269403,0.367801,0.610878,-1.689628,-0.572758,1.404785,-0.667527,-0.020838,-1.560257,1.029165,-0.956134,1.537019,1.82323,0.607153,2.083219,0.773168,-0.337854,-0.298279,1.970321,1.406405,-1.660303,-0.045866,0.17762,0.368786,-0.430275,-0.27935,0.223789,-1.559518,-1.497421,-1.020176,-0.407122,0.101897,0.365333,-0.810283,-2.759364,-1.122627,-1.653963,-2.077635,1.307925,-0.235802,-0.091473,1.001914,1.217446,1.169645,1.161995,2.068043,0.479993,-0.710396,0.70504,2.14359,0.201011,-0.011811,0.372906,1.039655,2.189319,1.490236,0.476272,0.415337,0.055448,-1.518147,-0.499636,0.350217,0.230435,0.201387,-0.94004,-0.694024,0.079874,0.10209,-1.080005,-0.436256,0.058783,0.525797,-0.339308,-0.466063,0.896275,-0.980306,0.396884,0.947711,-0.957553,-1.29866,-2.080851,1.162498,-2.125782,0.562937,0.232449,1.852453,0.794201,0.43901,0.260172,0.104255,-1.31583,0.429137,0.038588,2.816255,-0.966382,-0.392908,-1.004416,-0.398612,0.664223,-0.006381,-1.385905,-0.395591,0.796937,0.442619,-0.034803,-0.780549,-1.718884,-0.247614,-0.674744,-0.793186,0.433541,-1.683245,-0.056945,0.348934,0.933808,0.609301,-1.455622,-0.647703,-0.709874,0.873467,-0.203118,0.249297,-1.363496,-0.654293,1.657078,-0.250199,-0.631269,-1.899798,-1.080265,0.219727,1.160526,0.129461,-1.248936,0.428187,2.226129,-0.222182,-1.894251,0.439475,0.393283,-1.634026,-0.183243,-0.670146,0.599637,0.160547,-0.440455,-0.931252,-2.037115,-0.504899,-1.188031,-0.499967,-1.63731,-0.122873,-3.202041,0.029305,0.214868,-0.901087,-1.516812,-0.19216,0.504197,0.250772,-1.302044,-0.723983,-0.208082,0.36984,-0.052002,0.211871,0.991666,0.35375,-1.082483,-0.910846,-0.30806,-0.603906,-0.437593,-0.845293,-1.962143,-0.44843,-0.748416,0.652792,0.707406,-0.579446,-2.091772,-0.021627,-0.463209,-0.219932,1.58612,-0.394833,-0.207494,0.896823,-1.570832,1.072086,0.364038,-2.953487,1.152185,-0.668348,0.177911,0.942595,0.252406,1.407566,-0.044568,0.843801,-0.836727,0.733232,2.003252,2.227628,1.059308,-0.842667,-1.30393,-1.018009,0.556583,-2.439772,-0.098672,0.076451,-1.154438,0.667302,-0.537284,0.132528,-0.508099,-1.485499,-0.099354,0.229966,-0.951734,-0.541374,-0.246009,-0.162295,-0.185921,-0.255831,-0.941625,-0.462742,-1.487758,0.072601,2.3399,-0.987812,0.551753,0.374186,1.555452,0.359546,0.388223,-0.082642,0.66147,-0.090556,0.466798,1.170524
QX1211,-0.884798,-0.989783,0.360032,-0.292095,-1.414798,1.037686,-0.803649,0.280681,-0.215648,-0.706945,-0.559146,-0.227441,-0.767512,-0.498756,1.672495,-0.008328,0.460114,-2.169732,0.640634,-0.435766,0.270512,-0.163098,0.209546,-0.157011,-1.376154,-0.599841,0.362285,2.086989,-0.294082,0.123329,-1.650817,-0.159111,-0.214259,-0.220948,-1.193239,-1.317771,2.262295,-0.95564,-0.715355,-0.069507,-1.220959,-0.789093,0.289423,0.171228,-0.647214,-0.799496,0.753389,1.175032,0.014558,0.178397,-0.56136,-0.212101,-0.976763,-0.553089,0.106708,0.476324,1.034365,0.570802,-0.736926,-1.547842,1.157824,-0.05456,1.160181,0.55715,0.117341,0.033716,1.041409,0.359533,1.373735,2.079747,1.410507,0.099035,1.907912,0.103997,-0.303425,-1.350623,1.450115,0.72356,1.015489,1.112949,-0.207556,0.371785,0.19576,-1.85297,-0.024211,1.017883,-0.731904,0.403436,2.04546,2.936017,-0.262945,1.661733,0.363961,1.079083,0.136657,0.413275,-0.270597,0.184357,0.693478,1.818032,1.468557,0.693314,0.274335,-0.908657,-0.380281,0.302668,-0.511426,0.679072,-2.002515,-0.95255,0.463294,-1.090791,0.756355,-0.644472,-0.611211,-1.671607,-0.766795,-1.079307,1.011802,-0.554075,1.656044,-1.923527,-0.667906,0.998138,0.366962,-0.661761,-0.92771,-0.425398,1.665019,-0.639608,-0.359917,-2.02966,0.32993,-0.200608,-1.497748,-0.019484,0.554335,0.52896,-0.537679,0.767871,1.576489,-0.324587,-0.637032,-0.119117,0.069196,-0.288579,0.485929,-0.536714,0.260285,-2.466157,-0.249255,-0.356937,-0.511547,0.352989,-0.495889,0.14885,1.933309,-1.532804,1.015587,0.371982,1.539087,-0.087671,1.625694,0.705858,0.058302,-0.59811,-1.049085,-0.432854,1.225885,-0.771633,1.562396,0.361486,1.630209,-0.13843,-1.259696,1.547516,0.32061,0.599583,0.939685,1.662655,2.575656,0.514404,-1.223409,0.672271,-0.474854,-1.282421,-1.639772,-0.328815,0.112298,0.228128,1.005121,-0.042416,-0.893115,0.541867,0.073959,-0.928238,-0.813478,0.235699,-1.357612,1.37837,1.416268,0.901773,1.555494,0.375443,0.304099,-1.146366,-0.373773,-0.147787,1.192306,0.039925,0.341576,-0.69928,-0.626943,0.079589,1.020172,1.018776,0.693242,1.147668,0.502161,0.067227,0.528586,0.519346,-0.277986,-0.08522,2.318333,-1.331056,0.218858,-0.819682,-0.031637,-2.07259,-0.945049,-0.000737,0.96603,-0.410975,0.515633,1.226159,0.310794,1.102463,-1.626202,1.887279,0.940314,0.875748,-0.728385,0.226022,0.855898,1.833024,-1.719277,0.11055,-1.414116,-1.853787,-1.777069,0.131817,1.421688,1.053687,-0.514289,0.417421,-0.141895,1.368678,-1.041928,0.162422,1.229348,0.084901,-0.448767,-0.268021,-0.299247,-1.975366,-1.782276,-0.567347,-1.087365,-0.238568,0.163993,0.426134,0.032703,1.559331,1.65414,0.17818,1.723255,1.63938,-0.692461,1.716015,1.360345,0.886033,2.303849,-0.7181,-0.298992,0.484628,1.741599,-0.646007,1.142488,1.123315,-0.092259,-0.841317,-0.003637,0.0661,-0.436899,-0.028166,-0.875397,1.304623,-0.565442,-0.472545,0.996665,0.983028,0.625014,-1.067018,-1.448758,-1.86979,-0.409525,-0.717498,-0.467449,0.080277,0.198656,0.584481,-1.144055,0.42018,0.938069,-0.463708,0.52088,-1.335519,0.818682,-0.041599,0.105368,1.278803,0.65812,2.175499,0.376826,0.63861,0.0809,-0.819455,0.912092,0.075007,-0.812732,0.958988,-0.923497,-2.099365,-0.125684,0.895135,0.547049,-0.664585,-0.977627
QX1233,-1.320739,0.620986,-2.427431,-0.137659,0.064229,-0.921238,-0.500231,-0.188777,-0.647533,-2.32524,0.229027,-1.600052,-0.323324,1.514594,-1.667942,-0.212438,-1.244862,-0.251266,0.508831,0.032897,-1.738565,-0.310918,1.970678,-1.22284,0.275061,-0.082144,-0.127941,-2.107097,-0.222437,-2.16514,0.696561,2.564927,0.597402,-0.458286,-0.581263,-0.241095,1.311147,1.468279,-0.977326,1.309194,-0.19353,-0.359302,1.521625,1.197348,1.887596,0.155888,2.046502,0.034662,-1.272949,-1.253786,-0.380384,-0.524471,-0.058324,-1.386162,-1.244833,-1.467276,-1.03392,-1.383186,-0.561164,-0.827235,-1.307156,-1.232097,-1.545808,-0.046072,-1.034526,0.424022,0.080328,-1.892984,-0.578192,-0.518626,-0.020095,1.322466,-0.204986,0.591974,0.194994,-0.027341,0.587219,-1.290725,-0.119748,-1.504876,0.841876,0.700316,-2.57163,-0.114951,-0.405141,-1.142256,0.130974,0.517988,-0.251142,-0.594155,1.588436,-0.108766,1.854603,-2.516031,0.519276,-0.083875,-0.700904,1.490342,-0.858387,0.562167,-0.30591,1.127305,-0.444713,-0.280945,1.28895,-0.266433,-0.355255,-0.493824,0.214964,1.067327,-0.075062,-1.172762,0.425321,1.253098,-1.574038,-0.25551,1.633011,0.67108,-1.106172,0.134873,0.555284,0.865179,-0.886836,1.311555,0.441448,-0.788816,0.03169,-1.344314,0.568848,-0.555923,-0.923111,-0.29104,1.317215,0.491489,2.191724,0.533733,1.397282,-0.701219,-0.566463,0.851766,-0.784478,-0.237983,1.685584,0.2685,0.93642,-1.31626,2.805,-0.399575,-1.472753,0.65731,0.755052,0.369247,-0.469632,-0.573407,2.70005,2.516001,0.030322,0.536656,0.294885,-0.183796,0.098742,-0.129784,-0.501157,0.748998,-1.599238,-0.647474,0.129764,-0.294462,-1.206901,-0.053548,-0.190726,0.005615,-0.276584,-0.593688,-0.889411,0.206963,0.209788,-0.370407,-1.16923,-0.7947,0.348445,-2.475754,-0.200701,-1.927572,-0.293973,-0.54174,-0.109283,-1.533939,-1.051714,-1.38352,-1.884382,1.498429,0.755359,0.090278,-1.664948,0.279238,-0.184109,-0.260727,-0.497878,0.480077,-0.043751,-0.510902,-1.197532,-0.033866,-0.567697,-0.865779,-0.333092,0.325033,-0.831855,2.936373,-1.628375,0.355517,1.723476,-0.087535,0.160456,0.483042,-1.280501,-0.334696,1.317072,1.220371,-0.475892,-0.0818,-1.99267,-0.426557,-1.184451,0.82859,1.042639,0.259115,-1.166023,0.891833,0.490884,1.376155,0.69501,0.940503,0.008032,-1.672453,0.52789,-0.582529,-1.916632,0.477634,-0.673453,-0.828127,-0.665052,-1.195263,-0.620776,0.223653,-0.415585,-0.510259,0.83411,-0.657303,-0.282351,0.496358,-0.79165,1.140871,0.145971,-0.75144,0.51648,-1.52101,-0.76607,-0.781898,-1.2024,-0.796772,1.046623,-0.705296,-0.043149,-0.845474,-0.058285,-0.713843,0.460989,-0.242585,0.500765,1.120904,0.583811,0.058517,0.538139,0.477384,0.02528,-1.25528,-1.588288,-0.844608,-0.440713,-1.210395,-1.998753,-1.253033,1.396394,-1.762861,-1.083873,-1.991148,-0.571872,-1.219326,-1.204838,-1.864885,1.587424,1.173185,1.111047,-0.421794,0.863736,1.015571,0.180713,0.711213,-1.512015,0.13693,-0.464865,-2.516965,-1.749235,-0.310294,-0.674964,0.503247,0.181464,-1.495307,0.930006,-1.020992,-1.658603,-0.74104,-0.322387,0.4308,0.416073,-0.432942,-1.11843,0.24707,-0.740052,-0.087765,-0.379832,-0.252676,0.394391,0.114591,0.853384,-0.37941,0.733003,-0.941933,-0.209968,-0.782788,-0.217099,0.722173,-1.514507,2.145732,-0.743481,-0.084727,1.525242
QX1791,-1.049889,-0.673427,-1.708014,0.142877,-0.24042,0.228419,-0.751671,-0.563938,-1.167514,-0.081424,0.732953,-0.313747,-0.890005,-1.04956,-1.67289,0.618543,-0.651244,-0.970546,-0.892429,0.138278,0.213217,-0.328104,-1.077296,-1.775223,0.25829,0.708474,0.304067,0.08676,0.605218,1.884867,-0.467275,0.803994,-1.632789,-1.376426,-0.750699,0.311063,0.063918,1.025783,-0.077701,0.256583,-0.753246,-0.357432,-1.410028,0.864704,0.25917,-0.001024,-0.665256,-0.360348,-0.689014,-0.238083,0.751524,-0.713726,-0.004164,0.026299,-0.845368,-0.596588,-1.332361,-0.786046,1.646813,-0.838321,-0.568312,-0.015691,-0.993196,-1.05141,0.452426,-0.040131,-2.060363,0.581592,-0.657645,-0.963641,0.272599,0.209569,0.840164,0.566033,0.028907,-1.278419,-1.200948,0.863844,0.494315,1.72503,-0.056255,-0.569386,-0.68672,0.647485,0.621528,-0.826147,-0.148626,1.372692,0.102722,0.555269,-1.184192,-0.315435,-0.451682,-0.878628,-0.870726,-0.511405,0.456381,-0.065511,0.604376,-0.889961,-0.237367,0.165263,-1.05621,-1.182352,-0.471464,-0.407045,-0.048815,-0.04485,-0.067397,-0.847741,-1.491766,-1.919244,-0.662236,-2.584738,1.050706,-0.527734,-0.776108,1.684059,0.380027,1.381532,0.5461,0.927824,0.976998,0.849724,0.617305,1.109227,1.058639,0.775506,1.259173,0.085184,0.428451,1.530401,2.012139,0.980864,1.015357,0.445787,1.308182,-0.419416,1.135286,-0.174642,-0.824217,0.031231,-0.822955,1.079299,-0.085711,1.77551,-0.243623,-0.02495,-0.960971,1.044052,-1.014705,0.410574,-0.644543,-0.829501,-0.943932,0.190226,-1.764726,-0.397032,-1.067325,0.195157,-0.795724,1.442867,0.175527,1.551788,1.248155,-0.033215,0.651943,-0.398366,0.626427,1.079082,1.347271,0.310801,0.584977,-0.107441,1.020187,0.368123,0.493746,1.521789,1.898908,0.918197,1.203008,-0.617666,0.629783,0.615317,-0.55966,-1.287126,-0.749643,-0.417161,2.459584,1.191921,-0.479854,2.752795,-0.755157,1.171138,-0.859195,1.028346,1.915809,0.224099,-0.065027,-0.842225,-1.394711,-0.530032,0.222895,1.174321,-0.913541,-1.142673,-0.105296,-3.566958,-0.029586,-0.378514,0.15669,0.27337,-0.558763,0.47502,0.706356,-0.631713,-1.627547,-2.22956,0.184185,0.713251,0.420612,-1.559988,0.108025,0.995556,0.170534,-0.100637,-0.931493,-0.914248,0.005026,-0.100728,-0.358843,-0.490541,1.368775,-0.829612,-1.460519,1.599485,-0.656428,0.412019,0.604965,1.262585,-0.097074,1.355253,-0.706983,0.386801,0.823248,-0.212372,-1.869553,-1.405992,-1.149874,-0.422984,0.129484,-0.883847,-0.387622,0.998391,-0.694215,0.55319,-1.150841,-0.831158,-0.561007,-0.647975,-2.451663,2.440929,-1.356426,0.281182,0.881098,-0.619449,-1.317209,-0.383427,-1.242516,-0.795592,1.20013,1.499139,2.381839,0.251369,-0.878826,-2.417577,1.123216,1.306721,0.485649,1.314286,-0.607915,-1.271815,-0.124136,-2.002102,0.009604,-0.29305,-1.411693,-0.832176,1.24264,0.730265,0.400938,0.582014,-0.401736,-0.933027,1.676493,0.67408,-1.947142,0.509735,-0.006872,-0.894032,-2.145508,0.828709,0.285404,-1.450772,-0.046215,-0.143198,-1.912971,0.562743,-0.365441,1.511375,0.553726,0.418135,-0.768188,-1.394673,-0.33851,-1.297767,-0.031428,0.565488,-0.778063,-0.359378,-0.208839,-0.76202,-1.291616,-1.245279,1.081371,1.105352,0.45617,0.895629,-0.242672,-0.636625,-0.040837,0.997767,-0.596676,-0.389755,-0.52722,-0.37115,0.697261,-0.163355,0.352803
QX1792,-2.195643,0.126507,-0.396594,-1.299442,0.434546,-0.150594,-1.076901,-0.679669,-0.699226,1.387765,-0.705982,-1.060058,1.352735,0.151675,0.264585,-0.688306,0.807556,-0.864767,0.292897,-0.21116,-1.34729,-0.516352,-2.520255,-1.101203,-1.013588,0.123289,-0.122553,1.637953,0.46622,2.659269,-0.093268,-0.239573,0.027947,0.228719,-0.313873,-1.098642,-0.053509,-0.673746,-0.78306,-0.945654,-0.255993,-0.934142,0.087994,-0.070698,-0.317405,0.290358,1.712299,-1.726996,1.543468,1.511108,-0.859624,0.265348,-0.08202,-0.931313,1.300036,0.102284,-0.633529,0.406816,0.881054,0.233235,-0.135648,-0.475565,-0.815605,0.310532,0.209427,0.10766,1.153183,-0.267976,0.147769,-0.919091,0.89946,-1.854952,1.003787,-0.093148,0.431046,-0.611309,-0.290058,0.733562,-0.846534,0.961334,0.246956,-0.926324,0.808854,-3.17761,-0.047993,-1.471781,0.126496,0.090504,-0.602415,-0.505715,-1.458351,1.183094,1.826911,-0.599575,0.036544,1.406209,0.587424,1.090964,1.393537,-1.106399,-1.39229,-0.049287,0.765777,0.567689,-0.753859,0.420835,0.047839,-0.065874,-0.962428,0.605492,-0.508494,1.681745,-0.480576,1.612521,1.289716,-0.359359,-0.284585,0.53434,0.772232,0.043017,2.180753,0.818129,0.111261,0.684138,0.902826,1.019054,-1.131454,0.046434,-0.785732,0.472458,0.288856,0.636647,0.966441,0.908871,0.739522,-0.293807,-0.30585,-0.030077,-0.026229,0.277647,0.875088,1.438767,0.019999,0.419993,-0.213582,-0.85639,-0.091666,0.30208,-0.048551,-1.191625,-0.866941,-1.788451,-0.471924,0.392429,-0.842069,0.784863,1.651049,0.961287,-0.525388,1.25326,0.353645,0.804717,-0.645929,-0.279888,0.068669,0.105477,0.170536,-0.369919,-0.186092,0.213973,-0.028004,0.843595,0.400999,-0.828847,-0.060291,0.58098,-0.145372,0.013357,-0.491205,0.770731,-0.7382,0.346772,0.233626,0.903538,0.180499,-0.49978,-1.614884,-0.65336,-0.546669,0.120138,0.571922,1.430198,-0.827704,-0.060607,-1.116029,-0.175357,0.983677,0.23468,-0.250129,-0.391615,-0.633489,-0.470925,0.558751,-0.054049,0.253663,0.068923,-0.256727,1.382298,0.112493,-1.294518,1.806295,0.901109,-0.917665,-0.413495,0.954797,0.948533,0.703349,-0.699429,0.054189,-1.102447,-0.686909,2.147662,-1.203951,-0.67824,0.20396,0.627114,1.104752,0.848169,-0.870687,1.836073,1.085325,0.456562,0.54295,0.779148,-0.961932,0.008079,1.555866,1.062551,0.265127,-0.153993,-0.114988,-2.255107,-0.155448,0.030183,0.380757,0.814857,-0.690003,2.798992,0.048127,0.373648,1.279813,1.577442,-0.886299,-0.869645,-1.343874,1.084041,-0.691006,-1.672194,-0.707382,0.034249,0.973898,-2.327427,1.206153,2.413169,0.809328,0.7119,-0.135418,-0.40528,1.030747,1.228522,0.007972,-0.656424,0.982911,1.138566,0.050257,2.221245,-0.121198,1.60103,0.278092,0.707862,1.175291,-0.42073,-0.410856,1.517138,-0.6817,1.492184,1.550739,-0.147941,-1.032076,-1.740899,-0.428527,-1.140887,-1.012486,-0.668907,0.327241,-0.512406,0.659414,0.335887,-0.664102,-0.764512,-0.40168,0.442681,1.474912,-0.697945,0.412347,0.54244,0.911927,-0.351439,-2.234365,0.186881,-1.47413,0.969474,0.614752,-1.455538,-0.713134,-0.368872,-0.345553,1.495851,-0.771626,0.123374,-0.463043,-0.680102,-0.916036,-1.547392,1.53071,-1.298286,-0.806471,0.237338,1.651044,-1.107954,1.215505,0.883405,-0.802142,0.864032,-0.066505,1.315265,-1.973892,0.599802,-0.689786
QX1793,-0.426437,1.679782,0.168895,-0.125692,-0.167356,-0.737124,0.095363,-0.679269,-0.140108,0.90781,0.374307,-0.499645,0.297411,-0.463903,0.857522,-0.13873,-0.870719,-0.55162,-0.315457,-0.572847,0.604799,-0.385029,-1.513475,-0.124677,1.921532,0.258932,-1.104823,0.610163,-0.505484,-1.268618,-1.496825,0.273577,1.547466,0.981235,0.264086,1.069706,-1.713107,0.699305,-1.479121,-1.012029,0.77648,0.007739,0.190258,-0.626804,-0.123717,0.784882,0.606395,0.089657,1.875757,1.127878,1.271322,1.968093,1.576013,-0.471278,-0.024926,-1.041879,-1.649341,-0.33266,-0.12013,0.367402,-0.128957,-1.019435,-0.290951,-1.229575,0.703823,-0.980097,-0.211357,1.082756,-0.47347,-1.139975,0.381494,-0.183916,-0.208223,-0.188254,-0.437712,-0.173267,1.030531,0.727476,-0.62665,-0.374948,-1.344512,1.565237,-0.439053,0.921897,1.437937,-0.919508,0.733671,0.375806,-1.169916,-0.500843,-1.364953,0.873658,0.303291,0.180154,-0.910451,0.126589,-0.176706,0.49434,-0.258953,0.504717,0.22293,0.016207,-1.163461,0.148511,0.146053,-0.452899,-0.135134,-0.724077,-0.372483,0.727284,-0.706364,0.484516,0.137282,-0.082627,-1.775083,-0.365814,-1.324016,-0.752773,0.819525,0.026722,0.402157,-0.306496,2.083325,0.610133,1.504701,-1.016537,1.740763,0.425755,-0.83141,0.216499,-0.670766,1.511308,1.229231,1.201595,1.307668,0.318252,-1.66489,0.46644,1.150804,1.23087,-1.230174,1.429992,-0.310054,0.955483,-0.638527,0.27107,0.267373,0.125628,-0.768083,-0.813088,1.114554,-0.588093,0.371136,0.111416,-0.713937,0.805415,0.780265,-0.473792,-0.277066,0.199077,-0.498249,-2.175165,1.066574,1.675667,0.122375,0.627283,-0.152092,-0.853651,0.14082,1.771613,1.209341,-1.422068,-0.620566,0.078326,-0.038774,0.045487,0.028402,-0.096363,-0.474823,-0.679289,-1.411402,-0.739745,-0.827841,-1.346318,-1.944996,0.657572,-0.476583,-0.556336,-1.072439,1.258501,0.204226,0.295909,-0.737047,-0.950577,-1.058166,-2.069821,-0.45327,0.418756,1.159758,0.163423,0.872952,-0.701464,-0.294646,0.03216,-1.107652,0.048474,-0.904992,-0.55624,0.290063,-0.505785,-1.177982,-1.665336,0.280302,-0.003286,-1.518284,0.798344,1.620854,-0.30143,-0.797214,1.613219,1.064017,0.259397,0.553008,1.18593,0.068943,0.230528,1.902996,0.555273,-0.177633,-1.337394,-1.307403,-0.702821,0.156585,-0.215486,0.140974,0.236986,0.027646,-0.971103,0.561745,-1.170657,-0.726637,-1.226983,0.470697,-0.458825,-0.48076,0.00526,0.19446,0.404949,0.298206,-0.334636,0.849879,-0.341416,-1.39877,-0.670445,-0.104196,0.415241,-0.430432,0.807819,-1.342113,0.016301,0.072261,-0.003545,0.584171,0.416992,-0.735648,-1.368908,-0.352472,0.428445,0.68651,1.064539,0.289943,-0.378053,0.584272,1.222842,-2.799874,-0.40154,-1.606169,-0.37686,-1.381661,-1.628146,0.246918,-0.776948,0.325028,-0.85564,-1.123306,1.648365,-0.61808,0.973701,0.970889,1.373467,1.254895,-0.323586,-0.897118,-1.176552,-1.543087,-1.010436,-1.755096,-0.315152,0.462044,-1.461692,-1.735242,-0.490525,-0.215714,-0.131149,-0.980331,1.104038,0.746195,0.427383,1.186134,-0.064752,0.223898,1.04325,1.594776,1.025423,0.060046,0.272006,2.045315,3.172235,1.410456,0.308843,-0.043741,1.399595,-0.03117,1.736088,-1.084986,-0.666565,-0.190966,-0.367912,-0.5206,-1.064167,-0.736417,1.895454,0.945818,-0.336711,-0.854126,1.310207,-1.037838,0.417615,2.857897
QX1794,0.820619,0.684267,0.263777,-0.194019,0.476501,0.289608,0.589627,0.999044,-0.730776,-0.542521,-0.766707,-2.296211,-1.295873,-0.028066,-0.162848,-0.159957,-0.11424,0.267984,-0.230841,-0.441809,-0.563835,-0.98082,-1.103913,0.313866,-0.037473,-1.419573,0.664276,-1.432144,1.406832,0.052783,-0.090408,-0.551293,0.802335,-1.533872,-0.473294,0.264541,-1.228875,1.540052,0.97896,0.4242,0.015162,0.949461,0.848498,1.932894,0.954419,0.326951,0.924073,-0.250018,-0.126793,0.632296,0.142697,-0.009248,-0.476082,-0.598915,-0.743534,0.246118,0.942233,1.846232,1.958987,0.565309,2.444227,2.267841,2.089202,-0.34799,-0.670069,1.471941,0.31257,-0.340763,-0.168845,0.58651,-0.131463,0.969389,-0.391303,-0.602725,1.492355,0.298559,0.492401,-1.0723,-0.284895,-0.652016,-0.286494,-0.277125,-2.369093,0.934037,-0.632662,0.183536,-0.646538,-1.745214,-1.08817,-0.317699,0.413326,-0.260979,0.958915,2.106553,-0.626058,0.384052,-1.352096,0.540397,-0.635763,0.594067,-0.557984,0.332391,1.438628,1.216468,-0.522351,0.90646,-0.752585,-0.926242,1.773112,-0.755333,0.378536,-0.917599,0.726273,-0.432596,1.729756,1.071038,1.565414,1.166008,0.598324,2.701123,1.261737,0.908215,0.435513,2.9716,0.698856,1.988157,-1.349565,-0.745937,1.095456,1.481375,0.549198,0.939639,1.329347,0.303376,0.433444,-0.43425,0.081715,-1.040773,0.75334,-1.933648,0.391164,-1.148935,-0.601821,-0.485574,0.523549,1.479219,-0.253938,-0.528865,-0.337746,-0.172387,-0.855501,-0.789887,-1.299737,0.589461,0.477269,-0.243603,1.020667,0.122851,-0.104412,-0.397851,0.392867,-0.365513,-0.247263,1.757341,-0.69724,1.581678,-0.409279,2.895617,-0.246831,2.794542,-0.449075,-0.531774,-1.356053,-1.294071,-0.46711,-0.93135,-1.383298,-1.183919,0.521916,-0.041176,-0.193734,1.599315,-0.944725,2.083863,0.558325,0.502601,0.916981,0.366066,0.424879,-0.665597,1.707224,-0.436923,0.790175,-0.104819,1.03118,1.204468,-0.283472,0.549525,-0.092684,1.235444,0.702112,1.001239,1.168365,1.361443,1.287069,0.393014,0.5393,-0.149047,0.968162,0.436072,0.302839,-0.431485,-0.184626,0.198086,0.818286,-0.57595,-0.135982,0.221409,-0.067714,-0.02661,0.973717,0.081069,1.494537,-0.143748,0.317512,0.326858,0.254676,1.376122,-0.535848,-0.006977,-0.807637,0.63724,0.49234,1.879472,2.329486,-0.551148,2.175254,-1.492202,0.327383,-0.141624,1.105591,0.783294,0.293099,-1.735813,-0.140025,-0.275664,-0.889268,-0.799881,0.516006,-0.966989,-0.624669,-1.540152,1.050024,0.433474,0.029124,-0.176096,0.135576,-0.117444,0.270677,0.091868,-0.275723,-0.688681,1.380694,-0.936936,-0.856055,-0.212765,0.940645,-0.749395,0.042807,0.428406,0.206855,-0.067301,0.690663,1.376706,0.199196,-0.193662,1.387869,0.733035,0.944726,-0.250874,-2.451061,-0.631745,1.129649,0.311813,-1.204153,-0.452681,-1.092947,-0.414731,-0.640726,1.306912,-1.969897,-0.229769,-0.127763,-1.677055,-0.313732,0.513784,0.11056,-0.957605,-0.478717,-2.794318,-0.771622,0.643849,0.122417,-0.866557,-1.043469,-0.607445,0.537382,-0.823479,-0.63407,1.110697,-1.810651,0.314091,-1.002855,1.193912,1.3317,0.044231,1.721627,-0.414942,-1.321368,-1.972647,2.513365,-0.140265,1.111792,1.409676,-0.691312,0.51946,-0.326598,0.714493,0.324692,1.505537,1.118773,-1.476044,-0.750106,-0.393316,0.646116,1.014516,-0.0693,0.639828,-0.310922
WN2050,0.621066,0.986097,0.320115,-0.221141,0.100243,-0.670164,-0.941901,-1.226828,-0.172459,-0.550686,-0.622738,-0.608832,1.746552,-0.303999,-0.237073,1.136306,0.435632,-0.035137,1.882858,-0.017992,-1.17182,0.606309,-0.844833,0.574554,-0.023452,1.57527,-0.407479,0.822761,0.047798,2.319684,-1.538174,0.812886,0.820147,1.337387,1.221553,0.70169,-0.759315,-0.286237,-0.598339,0.167638,-0.09077,0.277015,-1.112337,-1.643665,0.495538,-1.01529,1.663652,0.068724,0.94426,0.223732,0.208184,0.341406,-0.588073,0.040505,1.088388,1.145353,-0.701429,1.350285,0.283386,0.159422,0.294385,-0.289057,-1.309491,0.528823,0.256827,0.783454,-0.393795,0.502507,-0.542868,-0.787809,-1.707071,-0.496504,0.597637,-0.537254,-0.694436,-0.503983,0.874037,-0.882843,-1.249033,0.019489,-1.333801,2.349081,0.699763,1.620557,-0.361041,1.692078,0.76062,0.914989,1.174627,1.024456,1.054658,-1.956372,1.505462,-1.077824,-1.214544,2.419704,1.647148,-0.13566,-0.761614,0.982748,0.977386,-0.522035,-2.049153,1.085498,-0.72101,1.595763,0.340616,-0.210859,-0.461542,-0.864705,0.388909,0.331341,-1.25525,-0.579232,-0.826786,1.226661,-0.572261,-0.263471,-0.204299,0.64789,-0.708741,0.044859,-0.051298,-1.990157,0.723476,-0.777856,-1.332214,-0.199791,1.120859,2.080188,-0.362049,1.030168,-0.188898,-1.815266,-0.124548,0.703611,-0.037384,-1.244954,-1.815907,0.554749,-2.628355,-1.232087,-0.891404,0.163921,1.062709,-0.305565,2.225023,0.295005,1.324498,1.469111,1.088941,1.252178,0.970046,-0.48923,-2.046608,-2.060652,-0.901344,-0.911599,-0.874713,-0.782391,0.363729,-0.292776,-0.354894,1.592173,-1.577881,0.077845,-0.818138,-0.833002,1.308566,1.664864,-0.68751,-1.523193,1.112641,0.899907,-1.228065,0.050789,-1.104165,-1.372219,0.454135,-1.44263,0.809056,1.174119,-0.005228,-0.697956,0.635834,-0.774191,0.564589,1.454314,0.942598,0.58586,-0.648081,-0.135695,0.803336,-0.777532,1.111687,2.0061,0.185837,1.862965,1.135389,0.631608,1.808586,1.34473,-1.402293,-0.506824,0.725163,1.004147,0.410709,0.087528,0.617213,1.497826,0.666296,0.536726,-0.441896,-1.895013,-0.483825,-1.552577,0.103085,0.678781,-1.415306,-0.540583,-0.96526,-0.189792,-0.564094,0.544391,-1.451445,-0.159579,-0.56181,-0.828082,-0.453636,1.075224,-0.279548,-0.104176,0.654197,0.605385,0.497214,0.197605,1.772655,1.672261,-1.401122,-0.341376,-0.313425,1.886857,0.98788,0.252312,-0.82549,-1.595656,-0.11659,0.477791,-0.227382,0.096548,-1.757936,-0.288012,-0.875521,-0.308148,-0.537421,-0.578185,-0.033378,0.352116,1.065178,0.262817,0.75064,0.416406,-2.087695,0.408446,-0.017988,-0.201404,-0.293949,0.075403,-0.721707,-1.12566,0.289573,-0.393377,0.227861,-0.401191,-1.705841,-1.064889,-1.223901,-0.747944,0.635647,0.257265,-1.212161,-0.807905,0.860128,0.32707,-0.156931,0.027139,-0.893509,0.610446,0.235151,0.489844,0.598765,0.865983,1.29371,1.136926,1.687801,0.571111,0.201677,0.01564,-1.062439,0.05865,-0.001944,0.408253,1.7365,-0.95073,-0.357898,0.26431,0.209453,1.604504,-1.289412,0.163367,0.094294,-1.841475,-0.408293,0.661441,0.877876,0.418335,0.468448,-0.193693,2.604967,1.20077,1.091005,-0.01741,0.421068,1.119123,-0.987117,0.424087,0.033735,0.612048,-0.944985,0.334082,1.610775,1.226665,-2.524481,1.184317,0.54767,-1.114885,0.326182,-0.497385,0.477507
XZ1516,0.348729,-1.583161,0.557359,0.571751,-0.475346,0.313385,0.718307,0.702982,-0.339886,-0.70874,-0.090593,0.844971,0.03246,-0.494791,-1.158992,1.530479,-0.639901,-0.880664,0.652222,-0.630419,0.270842,-0.352305,0.09457,-0.40514,1.332392,-0.573572,0.316653,1.316152,1.662164,-1.312267,1.906727,1.860032,-1.20324,-1.093102,-0.310676,1.253811,0.441851,-0.592443,-1.409456,-0.096246,-0.310231,-0.481468,1.152318,1.627509,0.825626,0.976749,0.718033,0.932963,0.653421,-1.460411,2.487578,1.588301,1.78613,1.652765,-0.683431,0.191085,-0.649035,0.862068,-1.60177,-0.306523,0.188685,-0.055974,0.095777,-0.803538,-1.879378,0.283541,1.248013,2.305265,1.388902,1.263545,1.248242,2.248516,-1.579951,-0.521369,-1.507069,-0.568444,0.190859,0.659784,0.24586,-0.0591,0.331613,-0.079084,1.230386,-0.092305,0.201082,-0.196619,1.190768,0.954134,1.973768,0.908495,-0.982032,-0.322598,0.445019,-0.781705,-0.887478,-0.705025,0.523696,-0.13292,-0.008047,-1.591872,-0.715428,-1.374497,0.292963,0.236514,0.241252,-0.809903,-0.549764,-1.034778,-1.561101,-0.228965,-2.265583,0.981213,-0.197615,-0.331784,-0.797327,-0.40973,1.062119,1.640003,0.83168,-0.304625,-0.662756,-2.506653,1.027626,-0.699969,-1.380463,0.083683,-0.230183,0.860546,2.063194,-0.497218,0.591892,0.11126,-0.217367,-0.960786,-0.352185,-1.003317,0.217063,-0.169285,-0.499228,-0.2378,0.843763,-0.134718,-0.054408,-0.554891,2.718303,0.312617,1.822177,-1.006878,-1.00584,1.760118,0.14893,1.092663,2.581656,-1.161295,0.084896,0.420421,-0.03915,-0.413273,0.190046,0.187707,0.946516,-0.860049,-0.65413,-0.542006,-1.741483,-1.121209,-1.643104,0.862259,-1.146525,-1.121574,-0.153645,3.425263,-0.181494,1.575828,-0.74228,-0.940284,1.298241,1.102921,2.158611,0.814759,-0.051861,-0.636424,-0.824337,0.029487,-1.769774,-1.414388,-1.424317,-0.860455,-0.584968,0.55886,0.549527,-0.098342,0.648082,0.056718,-0.918082,-0.710776,0.541378,-0.702702,0.717961,1.860955,0.97943,-0.222096,0.838781,0.076654,-0.139621,2.42811,0.287168,0.404103,-1.041035,-0.383285,-1.22374,0.803152,-0.370797,-0.659032,-0.964672,0.707453,0.291601,-0.679533,-0.695012,0.3573,2.680624,-0.115959,2.526823,0.473469,-1.25069,-1.612059,-1.989309,-1.774254,0.056003,-0.613795,-0.157503,-0.24159,-2.264205,0.055746,0.634246,0.015694,-0.48404,-0.334137,0.67885,1.236016,-0.211319,0.349734,0.699437,-1.089828,0.867428,-0.145924,0.73392,-0.242663,-0.244098,1.408203,-1.687801,-1.884683,0.747702,1.388956,2.050588,0.371004,0.510318,0.823745,-1.576856,-0.193577,1.121191,0.576792,-1.369313,0.248619,1.038555,0.776593,0.725474,-0.210306,0.342736,0.211138,-0.039832,-0.430945,0.053692,0.617722,1.61859,-0.093844,0.784414,-0.419022,0.787021,-0.788293,-0.604558,-0.861862,-0.937137,0.635056,0.3321,0.951554,-0.297484,-0.593632,-0.405442,-0.56419,-1.008851,0.864337,-0.317371,-0.626103,-0.350498,-0.02298,2.0181,-0.738481,0.652143,-2.441087,1.570819,0.491701,-0.856261,1.668937,1.070272,1.892601,0.825871,1.106423,-0.322532,-0.222379,-0.121368,0.10521,0.084557,-0.154257,-0.943942,-0.059906,0.25477,-0.673238,1.061741,1.172472,1.494133,0.007705,-1.331716,0.131564,-2.472149,-0.837467,2.090101,0.275526,-0.296203,0.4563,0.643255,-0.207787,0.140538,-0.309893,-1.096113,0.039861,-1.230329,0.807785,1.301713
XZ2019,0.924455,0.614688,0.953256,-0.326299,-0.060547,0.845349,-0.749473,2.924493,0.348386,-0.402636,1.093981,0.060711,0.149178,0.30974,0.963161,0.98578,1.059797,1.412738,0.511569,2.193951,1.941093,1.593737,0.628685,1.169035,1.580244,1.328094,0.891993,0.732382,-0.476584,0.2058,1.549683,-0.708705,1.393864,1.594156,1.863217,1.000315,-0.933182,0.356676,-0.913308,0.025316,0.387806,0.400527,-0.456662,-1.089093,-1.369498,-1.531176,-0.329798,-1.557723,0.483534,0.208108,-0.583853,-0.394408,0.631082,-0.401729,1.372663,-0.50663,-0.188119,1.795785,0.897876,2.146631,2.435123,2.365334,0.809989,0.478056,-0.342023,-0.635949,0.004328,1.13098,-0.92916,-0.67586,-0.514737,-0.707143,2.256458,-1.01337,-0.415477,-1.346803,0.061861,0.045102,0.235858,-1.180408,0.505814,-0.502447,-0.381475,0.82962,-2.505704,0.279393,-1.207428,-0.439863,-0.765811,-0.878579,-1.512121,2.499209,0.63317,-0.631307,0.060025,0.720215,0.960895,-0.636769,-0.888561,0.598354,0.218879,-0.429478,-0.794123,-0.567332,-1.312462,-0.134716,-0.299128,0.100065,0.339028,-0.437295,0.541244,0.215449,0.016791,-0.764241,-0.297846,-1.079594,-0.358869,0.190967,-1.225109,1.420893,-0.057991,2.177461,0.573438,1.009883,0.464429,0.978277,1.569168,-2.610201,-1.416397,0.032971,1.006176,0.124598,-1.316685,-0.46583,-0.922906,-0.714213,-1.225328,-0.697335,1.823996,-0.240733,-0.144042,0.244652,0.168061,2.212078,-2.183755,-0.824404,2.817985,0.426587,-1.910377,0.034356,-0.183998,-1.295848,-0.547623,0.716607,0.915859,0.618017,-0.90216,1.552852,1.790611,1.098243,0.646496,2.604469,-0.673914,0.144202,1.023956,1.65792,0.628679,0.327854,-1.002399,-1.892989,0.756094,1.166348,-0.573454,0.932986,1.182171,1.001075,-0.805935,0.525308,0.670287,0.465198,1.690724,0.819357,-0.548463,0.087496,0.701277,2.420077,1.611194,1.443384,1.894028,-1.222914,0.081382,-1.755099,0.397754,0.815401,0.280863,-0.032456,-1.565059,0.693217,-1.551737,0.587065,-1.093257,-0.624003,-1.371807,-2.093298,0.483852,-0.04714,-0.650142,0.022889,1.237055,0.114289,0.690694,1.286223,1.108125,1.460541,0.856383,0.185158,0.227332,-1.951405,0.301302,1.072475,-1.024537,-0.857991,0.467328,0.967774,1.770124,-1.62962,-0.291525,-0.71808,0.518897,-0.789681,1.293983,0.065124,-0.490097,-0.64986,-1.22392,-1.712167,0.712339,0.075453,-0.816904,-0.536849,-0.889062,-1.086814,-0.685002,-0.390803,0.111912,0.861615,-0.202625,-0.132596,-1.871967,0.011257,0.303243,-0.34276,0.753822,1.642374,0.889353,0.936726,0.800157,-0.405501,2.407701,1.466403,-0.237016,1.876837,-0.343803,1.129269,-0.12387,2.806675,3.087563,1.323267,0.629999,0.159321,0.256294,-0.128526,-1.943433,-0.307658,-1.179498,0.041722,-1.362465,-0.467317,-0.335213,0.816346,-0.784328,2.040352,-0.759811,0.476674,1.258826,0.240912,2.477105,2.064664,-0.883604,-0.012076,-0.878397,-1.253453,-0.918817,-0.059648,-0.298009,-0.873321,-1.196864,-0.574323,1.312714,1.096862,1.30417,0.349633,-0.951294,-1.377479,-0.508107,-0.787189,-0.475895,-0.935124,-0.799089,-2.298272,-1.640703,0.584021,0.72211,-0.507772,-0.386199,-0.341083,-1.135868,-0.674093,-0.738005,0.608722,0.480927,-0.086984,-1.266661,0.734968,0.339258,0.471738,-1.24501,1.428529,0.807644,0.275401,-0.341716,0.493214,1.04529,-1.182735,1.120116,1.53787,0.03806,-0.196,0.104255
XZ2211,-0.464062,-0.325382,0.124906,0.469503,-1.312014,1.504433,-0.980583,-0.451356,-0.099243,-0.5753,1.129496,0.465215,-0.04224,-1.333449,-0.671871,-0.814855,0.955172,0.233717,-1.730077,1.154507,-0.651898,0.386096,-0.504186,-0.255208,-1.232614,0.871713,0.310861,0.007945,-0.621027,-0.203862,-0.992286,-1.090126,0.94471,0.025418,0.560548,0.553148,1.608984,0.434737,0.435376,0.474107,-1.419194,-0.49806,-0.384024,-1.697077,-0.245847,0.17165,-1.849092,0.15983,0.201465,0.140041,1.124251,-2.028435,0.839983,-0.313925,0.772891,1.20954,0.392894,1.053079,0.678368,-1.951502,-0.638645,0.412582,-0.046105,-0.926732,0.096343,1.492009,-0.265964,0.227609,0.236979,0.145195,0.023054,1.691364,-0.794225,-0.338182,0.69629,0.335168,0.701312,1.122852,0.035185,-0.842071,0.228737,-2.090591,-0.554786,-0.753488,-0.297129,1.352112,-1.764936,-0.207825,0.143815,-0.57705,-0.155293,-0.163817,1.090573,-0.316682,1.178481,-0.434966,0.037551,-0.268587,-0.352317,-0.521438,0.233238,-0.847756,-0.796814,-0.320092,-0.140569,0.339894,-0.11151,-0.604035,1.775017,-1.845058,-0.215672,0.598472,1.522229,-0.808427,0.185726,-0.31263,0.969382,0.125669,0.989154,-1.723445,0.749998,1.15447,1.985671,-0.133461,1.234699,0.760546,0.821567,-0.395856,1.056984,1.114752,0.122455,0.7821,0.7405,-1.664696,-1.330199,0.341613,-0.315947,0.155699,1.221066,-0.161901,0.317483,-1.525695,-0.645332,0.342575,0.30648,-1.211674,0.491861,-1.691943,0.296651,-0.257273,0.381833,-0.226798,-0.241438,0.811555,1.182225,-1.202512,0.028296,0.462587,0.858663,0.160354,1.194912,0.707439,-1.38983,-0.829538,0.23957,2.210557,-1.84653,0.241749,0.626235,0.263031,1.599122,-0.538995,0.206267,-0.195464,-0.288771,1.029647,-0.502979,-0.566681,-1.505396,-0.927736,0.195254,-1.124452,1.93549,0.161709,-0.401462,1.212825,1.19545,0.407248,-0.136277,0.218288,0.415456,-0.069091,-1.082072,-1.172182,1.759555,-0.223763,-0.256969,0.565427,-1.234161,-0.64075,-0.435786,-0.608065,0.125464,-1.422998,-0.603691,-0.410052,-0.516225,0.331952,1.165462,0.173471,-0.677544,-0.254221,-0.154541,-1.273322,-1.465688,1.860632,0.228494,0.798622,0.488298,1.575682,0.205939,0.606578,1.172319,-0.737846,-0.056984,-0.864779,-0.063532,-0.205141,2.912893,1.081724,-0.332728,1.124476,0.941807,1.075998,-0.965898,-0.21799,-1.518386,0.966785,-0.187029,-0.512419,-0.424475,-0.986314,-1.124825,1.619861,1.950791,-0.869577,-0.661188,-0.825903,1.298687,-0.461259,-0.635789,-0.015895,-0.570161,0.491584,0.024729,-0.269897,0.408478,-0.096018,0.661034,-1.018242,-0.598191,-0.236702,0.946824,-0.792197,-2.039644,-0.528431,-0.061951,-0.464151,-0.337274,-0.651251,0.615457,-0.276615,-0.996075,0.340905,-1.260663,0.423804,0.356132,-1.644687,-0.817629,1.10971,-0.264982,-0.772135,-0.341093,-0.239709,-0.426202,-0.230245,-0.048904,0.82766,-0.782737,-0.64177,-1.248805,-0.110392,1.163745,0.011673,2.2331,1.343043,-0.158955,-1.811378,0.502258,-1.902794,-0.713238,-0.102085,-1.215666,-0.472005,-0.476019,-1.058228,0.446923,-0.613934,1.231405,-0.426881,-1.353426,-0.056165,-1.552107,-0.762518,-1.114572,-0.505084,-0.849515,-0.261655,-0.18703,0.667641,-1.645066,-0.542113,0.485313,0.852355,0.833154,-1.263282,0.662629,1.174686,0.59127,-0.693371,2.746389,-1.051735,1.216255,1.148015,-0.377072,-1.375528,1.475197,0.743259,1.581723
