strain,sim_0001,sim_0002,sim_0003,sim_0004,sim_0005,sim_0006,sim_0007,sim_0008,sim_0009,sim_0010,sim_0011,sim_0012,sim_0013,sim_0014,sim_0015,sim_0016,sim_0017,sim_0018,sim_0019,sim_0020,sim_0021,sim_0022,sim_0023,sim_0024,sim_0025,sim_0026,sim_0027,sim_0028,sim_0029,sim_0030,sim_0031,sim_0032,sim_0033,sim_0034,sim_0035,sim_0036,sim_0037,sim_0038,sim_0039,sim_0040,sim_0041,sim_0042,sim_0043,sim_0044,sim_0045,sim_0046,sim_0047,sim_0048,sim_0049,sim_0050,sim_0051,sim_0052,sim_0053,sim_0054,sim_0055,sim_0056,sim_0057,sim_0058,sim_0059,sim_0060,sim_0061,sim_0062,sim_0063,sim_0064,sim_0065,sim_0066,sim_0067,sim_0068,sim_0069,sim_0070,sim_0071,sim_0072,sim_0073,sim_0074,sim_0075,sim_0076,sim_0077,sim_0078,sim_0079,sim_0080,sim_0081,sim_0082,sim_0083,sim_0084,sim_0085,sim_0086,sim_0087,sim_0088,sim_0089,sim_0090,sim_0091,sim_0092,sim_0093,sim_0094,sim_0095,sim_0096,sim_0097,sim_0098,sim_0099,sim_0100,sim_0101,sim_0102,sim_0103,sim_0104,sim_0105,sim_0106,sim_0107,sim_0108,sim_0109,sim_0110,sim_0111,sim_0112,sim_0113,sim_0114,sim_0115,sim_0116,sim_0117,sim_0118,sim_0119,sim_0120,sim_0121,sim_0122,sim_0123,sim_0124,sim_0125,sim_0126,sim_0127,sim_0128,sim_0129,sim_0130,sim_0131,sim_0132,sim_0133,sim_0134,sim_0135,sim_0136,sim_0137,sim_0138,sim_0139,sim_0140,sim_0141,sim_0142,sim_0143,sim_0144,sim_0145,sim_0146,sim_0147,sim_0148,sim_0149,sim_0150,sim_0151,sim_0152,sim_0153,sim_0154,sim_0155,sim_0156,sim_0157,sim_0158,sim_0159,sim_0160,sim_0161,sim_0162,sim_0163,sim_0164,sim_0165,sim_0166,sim_0167,sim_0168,sim_0169,sim_0170,sim_0171,sim_0172,sim_0173,sim_0174,sim_0175,sim_0176,sim_0177,sim_0178,sim_0179,sim_0180,sim_0181,sim_0182,sim_0183,sim_0184,sim_0185,sim_0186,sim_0187,sim_0188,sim_0189,sim_0190,sim_0191,sim_0192,sim_0193,sim_0194,sim_0195,sim_0196,sim_0197,sim_0198,sim_0199,sim_0200,sim_0201,sim_0202,sim_0203,sim_0204,sim_0205,sim_0206,sim_0207,sim_0208,sim_0209,sim_0210,sim_0211,sim_0212,sim_0213,sim_0214,sim_0215,sim_0216,sim_0217,sim_0218,sim_0219,sim_0220,sim_0221,sim_0222,sim_0223,sim_0224,sim_0225,sim_0226,sim_0227,sim_0228,sim_0229,sim_0230,sim_0231,sim_0232,sim_0233,sim_0234,sim_0235,sim_0236,sim_0237,sim_0238,sim_0239,sim_0240,sim_0241,sim_0242,sim_0243,sim_0244,sim_0245,sim_0246,sim_0247,sim_0248,sim_0249,sim_0250,sim_0251,sim_0252,sim_0253,sim_0254,sim_0255,sim_0256,sim_0257,sim_0258,sim_0259,sim_0260,sim_0261,sim_0262,sim_0263,sim_0264,sim_0265,sim_0266,sim_0267,sim_0268,sim_0269,sim_0270,sim_0271,sim_0272,sim_0273,sim_0274,sim_0275,sim_0276,sim_0277,sim_0278,sim_0279,sim_0280,sim_0281,sim_0282,sim_0283,sim_0284,sim_0285,sim_0286,sim_0287,sim_0288,sim_0289,sim_0290,sim_0291,sim_0292,sim_0293,sim_0294,sim_0295,sim_0296,sim_0297,sim_0298,sim_0299,sim_0300,sim_0301,sim_0302,sim_0303,sim_0304,sim_0305,sim_0306,sim_0307,sim_0308,sim_0309,sim_0310,sim_0311,sim_0312,sim_0313,sim_0314,sim_0315,sim_0316,sim_0317,sim_0318,sim_0319,sim_0320,sim_0321,sim_0322,sim_0323,sim_0324,sim_0325,sim_0326,sim_0327,sim_0328,sim_0329,sim_0330,sim_0331,sim_0332,sim_0333,sim_0334,sim_0335,sim_0336,sim_0337,sim_0338,sim_0339
JU2526,-1.284352,-1.687568,1.421875,0.471483,-1.033309,-1.118021,0.627557,-1.041077,-0.811512,0.783492,1.130761,0.300804,0.21631,0.108916,-1.922238,-0.342212,-1.622957,-1.2788,-0.165668,-0.912655,0.072828,0.319468,-0.913333,-1.113084,0.237784,0.178,0.111151,-0.16371,0.116259,1.324883,0.788787,0.79488,-0.383662,2.123605,1.640621,1.512262,-1.249257,0.107485,0.27587,-1.772437,-1.499127,0.017593,-0.539345,0.031896,-0.437629,0.306065,-0.619145,0.145148,0.559121,0.762048,-1.758351,-0.539786,-0.40923,-0.307713,-0.271386,-0.50031,0.3784,0.74792,0.275204,-0.24214,2.432607,2.262124,2.053622,0.673738,-0.076572,-0.953002,0.673702,1.412935,-0.172229,0.119698,-1.24155,-0.188984,0.065524,-0.211381,-1.092303,-0.095555,-0.621906,1.804495,-0.731115,0.850533,-0.863193,-0.819679,0.758074,0.362929,0.601667,0.177624,0.393903,-0.352067,0.351702,0.257795,-0.515477,1.884935,-0.713102,0.75712,1.762528,-0.421946,2.974685,2.305516,1.273681,0.167125,1.142726,0.130837,-0.861392,-0.228429,-0.835372,0.247797,-0.03307,-0.00677,-0.204945,1.507179,0.207409,0.029986,-2.163576,1.142392,0.637097,-0.179772,-1.031159,1.560744,-0.457206,-1.35538,-0.603806,0.717033,-1.303998,1.691271,0.022879,1.640064,-1.371693,0.631171,-0.059441,-1.044166,0.154605,-0.102701,0.355514,-0.286263,-0.722139,0.728529,-0.304215,-0.126741,-0.145423,-0.382071,0.614961,0.45443,-0.629993,1.571452,0.34692,0.880379,-0.312987,-0.175636,0.318376,-0.302424,0.731212,1.789375,1.473674,1.242733,-0.083141,-0.386146,0.437213,-0.803156,-0.129773,-1.928208,-0.184839,-0.119338,-0.163684,0.385778,-0.328892,0.842071,0.331052,-0.179835,-1.048211,-0.862688,-0.236372,-0.045789,2.26056,1.053764,-0.563641,-0.942418,2.104473,1.050906,1.19503,0.654463,0.414031,0.513465,0.319121,-0.086326,1.097155,-0.072639,1.481666,1.619556,0.513279,0.789521,0.383665,-0.808381,-0.570733,-1.994748,-0.56003,-0.165915,1.016182,0.063754,-0.710492,1.174355,0.177683,-0.483823,-0.284631,1.164525,-0.362876,1.413479,0.523985,-0.963239,-0.260928,-0.61426,-0.24362,-0.194387,-0.896387,1.063884,-1.549917,0.061612,1.654731,1.131204,1.57196,0.059069,1.080319,0.750776,-0.151375,-0.343853,0.212101,-0.298622,0.185226,-0.919979,-0.959199,-0.253875,-0.133319,1.103575,2.428056,1.510724,0.174549,0.196507,1.229569,0.772916,0.867243,0.327655,1.41334,1.025862,0.77051,0.011433,0.843357,-0.065118,0.176829,-0.657454,-1.374632,-0.224964,-0.416418,-0.750208,-2.069737,1.280729,-0.819773,0.123492,0.804831,-1.28325,0.101939,-0.103283,-0.448125,-0.207081,0.99215,-0.115781,-0.304199,1.50324,-2.110996,0.053192,-1.125395,-1.351483,-0.463606,-1.299143,-1.077219,-0.895278,-0.402757,-0.029578,0.793729,0.166347,-1.663462,0.425893,0.540798,0.766887,-0.711452,0.676248,0.009786,-0.03068,0.647447,-0.581602,-0.167846,1.105879,0.177189,-0.99715,-0.340565,0.173666,-0.020607,0.457135,2.279242,-0.451451,0.192967,-0.018492,-0.85946,0.751304,-2.980063,-0.302068,-0.682537,0.531263,-1.796558,0.522062,0.265947,-0.954439,0.328995,0.138687,0.235278,0.586362,-1.102992,0.821466,-1.448474,-0.665868,1.10859,1.578837,0.30477,0.605523,2.183363,-0.807201,0.05179,0.729355,0.792118,0.326454,0.948806,-0.118234,-0.197718,-1.475211,-0.241597,-0.39018,-0.123584,-0.272345,-0.879294,-0.36868,-0.875398
ECA2151,-0.65505,-1.430642,0.096748,-0.92376,0.777785,-0.171377,-1.046147,-0.472765,-0.658888,-0.577863,0.137001,-1.673713,-0.553551,0.617789,0.457699,-0.273551,-0.702346,-0.371245,-2.502318,-0.054979,0.90672,1.559319,-0.062492,1.3161,-0.193129,-0.114701,2.851414,1.618732,-0.636692,-2.216918,-0.08866,-0.720925,1.356404,-0.756902,-0.159065,0.443014,-1.23346,-1.689622,0.267464,-0.849357,0.117949,0.622127,-0.863515,-0.328719,-0.513013,-1.461613,-2.03662,-1.040287,-0.260145,-2.127732,-1.316259,-0.547251,-0.006131,-0.185146,-1.037159,-0.642917,-0.021549,0.009514,-2.076642,-0.263563,-0.646055,-0.04186,-1.786253,-2.128133,0.109068,0.56962,-0.129861,-1.129421,-2.110778,-0.917157,0.493696,-1.570657,-0.130152,0.753642,0.035602,-0.24083,-0.279604,-0.212126,-0.207885,-0.433428,0.290705,-1.067743,0.881774,-1.478864,-2.357532,-0.749917,-0.85905,0.081603,0.896471,-0.813388,-1.508911,0.13014,0.629952,-0.578185,-0.630105,-1.382301,0.057075,0.092534,-1.519973,0.389862,-0.993439,0.683216,1.266893,0.146415,1.02561,-1.174887,-1.191441,0.276442,-0.654103,-1.185881,-1.196306,0.068332,-2.350798,0.263163,-1.839507,-0.794295,-1.407348,1.660919,0.1261,-0.177725,2.19145,2.990672,1.579203,1.823611,-1.247697,1.451096,-0.112918,0.020548,0.440184,1.809231,-0.931645,-0.719159,1.379547,1.912946,-0.246009,0.00581,1.325479,1.82945,0.245204,0.170554,-0.708583,0.407414,0.453749,-1.063217,0.90109,0.981502,0.037101,1.792578,0.147851,0.16947,0.087609,0.920416,0.426041,-0.843245,-0.813769,0.945194,-0.405228,-0.115509,-1.300853,3.434641,0.41625,0.427036,0.907963,-0.8766,-1.059616,-1.808977,-1.299791,0.780404,-0.512192,-0.120571,0.100713,0.845088,0.349459,0.421092,-1.668446,0.375181,-0.080072,-1.664519,-0.749514,-2.363842,-0.699462,0.408335,0.747666,-0.137335,-0.782467,-0.3392,0.293116,-1.459325,0.565036,-0.42834,-0.442734,-0.907717,0.52953,0.526652,-0.417902,2.327845,1.019554,1.040012,0.844169,-0.055,0.689739,-0.889958,-2.478624,-1.336689,-0.936905,-1.482492,0.187164,-1.663308,0.515663,1.114343,-0.680002,-1.965091,0.172375,-0.028843,0.042566,-0.543551,-1.506737,-2.143147,-0.752655,-0.733164,-0.307521,-1.498393,-0.894965,-0.029728,0.633486,1.432572,0.068415,-0.720403,0.946899,0.272911,-0.430709,0.111439,-0.522599,0.782779,0.553678,-0.798438,0.213053,-1.289666,0.901112,1.533799,0.586557,0.729777,0.190433,-0.360585,-0.149732,-1.741658,1.196759,-0.042241,-1.748369,0.545087,0.880185,0.552852,1.83095,-1.765027,-0.172174,-0.938348,1.366944,-0.731722,-0.057621,1.051184,1.474722,0.406508,-0.456164,-0.606599,-0.563807,-0.81508,0.089551,-1.966549,-1.758702,-1.204241,1.014457,-0.0602,0.479563,0.133552,-0.065192,0.391836,1.97438,0.648581,0.881456,0.292305,0.263921,0.234352,1.951688,1.790036,1.550807,-0.394455,-0.739659,-0.630255,0.122673,1.533523,-0.192053,0.526343,0.03907,-0.004787,0.916989,0.605601,2.068976,0.796069,0.307038,2.008507,0.315568,0.775831,0.359124,1.068033,0.523481,-1.174618,0.40346,1.177801,-0.88526,-0.245087,0.415714,-0.827673,0.429648,1.234543,1.292242,1.048446,-0.868818,0.213141,0.655052,0.807111,-0.0865,1.601935,0.304033,-0.128298,0.388925,0.857405,1.015611,-0.86528,-0.188187,-1.119263,0.579428,1.242286,2.128481,1.026435,-1.341572,0.270418,0.344235,1.030108,-1.436808
ECA703,0.260868,-0.425851,0.869251,-2.073224,0.019753,1.354469,0.114393,-1.120698,-1.242528,-0.044284,-1.297802,0.596232,-0.467933,2.31031,-0.77866,0.475965,1.033068,0.631912,-0.24193,1.032697,-0.018542,-0.677137,1.117472,-0.635746,-0.389588,0.24077,-0.134402,-0.813738,-0.512022,0.009795,0.953102,-0.661998,0.030589,-0.822319,-0.798386,-1.453569,-0.650092,1.573406,1.743427,1.040563,1.209316,0.039676,-1.105729,0.189261,-0.567583,-0.062516,0.095657,0.848828,0.402753,1.14554,-0.454463,-0.91904,-0.165876,-0.636065,0.411193,0.819774,-1.127664,-0.743674,1.944619,-0.403523,0.220928,-1.016113,-0.715986,-0.70043,0.440436,1.62647,0.56079,-0.057081,-0.468737,1.003699,0.843928,0.662356,-0.821214,-2.285138,0.492265,-0.319111,0.658369,-0.858767,-1.702537,-0.948292,-1.447177,-1.533532,-2.101927,0.180053,-0.550298,1.522429,-1.352218,-0.655293,-1.399704,0.494319,-0.015213,0.144174,-0.570999,0.164126,-0.18389,-2.180303,-0.677808,-0.449301,0.219795,-2.171245,-0.031331,0.998434,-0.471623,-0.519601,-0.042774,0.93076,0.420173,0.387024,1.412275,-0.77406,-0.872017,0.834005,1.561681,-0.31706,-0.464444,-1.03714,-1.366758,0.291727,0.768069,-1.798713,-2.567027,0.813892,-0.379071,-0.746768,-1.069738,-0.717718,0.500438,0.286226,-0.967505,-0.755533,-0.249611,0.597008,-0.46597,0.065926,-0.089815,0.125528,-0.571043,-0.170595,-0.117215,0.055367,0.440967,2.260169,0.170311,0.963437,-1.334885,1.227641,-0.145618,-0.909198,1.419459,0.207088,-0.927923,-1.198858,-0.399632,0.112525,-0.709703,-0.598041,1.00374,-2.424866,-1.040532,1.224153,-2.250034,-0.72791,-1.364769,-0.540454,-0.546506,0.104082,0.859851,-0.60788,1.517243,1.204714,0.737187,1.790492,-0.519822,-0.69407,1.768972,0.702002,2.505875,1.001643,2.132091,1.057503,-0.529997,0.264237,1.022721,-1.007435,-0.318514,0.028156,-1.224502,1.691448,-0.852189,-0.4229,1.018907,0.421721,-0.761571,-0.312233,-0.552429,0.619537,-0.231789,-0.349039,0.443706,-1.287039,0.24446,-1.075703,0.792207,0.378662,0.045372,0.528114,-0.53662,-0.189022,0.370551,1.61378,-0.66951,-1.206732,0.736181,-1.399234,-0.080294,-0.634516,-0.236089,-0.097232,-0.857915,0.634873,-0.722116,-0.017077,0.867844,-1.296411,-0.372001,-0.555003,-0.751859,-1.976812,-2.182917,0.508845,0.075809,-2.303421,-0.164362,-0.332371,0.744371,2.170131,-0.528022,-0.050877,0.426729,-2.377746,0.316415,-0.513344,1.062032,0.013631,1.546977,-0.747621,0.704355,-1.412073,1.800813,-0.617472,1.548979,0.976403,1.031274,0.460695,-0.224621,1.694612,-2.179725,0.884597,-1.563028,-0.81,0.239488,0.300213,-0.788739,2.00751,-1.800242,1.309897,0.715709,-1.19684,0.202737,1.340184,-0.4344,-0.41843,1.248446,-0.794599,0.308585,-2.134245,-1.815551,0.137014,0.123735,-1.832255,-0.533433,-0.245756,-1.008381,0.425361,-0.959734,-1.842023,-1.737845,0.46568,0.710811,1.983516,0.950996,0.684607,-0.057838,-0.042262,0.415874,0.986321,0.897815,-0.612489,-0.936425,0.694006,-0.385193,-1.387803,-0.747548,-0.158963,-0.915403,-0.473158,0.806068,-2.138617,0.163351,0.65412,-0.875091,-0.269366,-1.243323,0.08555,0.164081,-1.421704,-0.308635,0.400941,0.765815,-0.131985,0.163373,-0.522332,-0.808822,-0.209677,-0.699413,-1.250028,0.282562,0.876748,2.224477,1.496774,-1.39866,0.112232,-1.39401,0.651275,-0.596886,1.3028,0.867529,1.965852,0.171175
NIC251,-0.317605,-1.145474,-0.042757,-0.949441,-0.789091,0.269052,-1.156132,-0.249198,-0.711438,1.866235,0.508235,-0.352183,-1.465067,-0.183703,-0.39966,-0.598768,0.053697,0.09977,-0.170076,1.122012,-1.520572,0.474418,0.701556,-0.714042,-0.151088,1.250469,0.905119,0.057738,0.151942,-1.176018,-0.153891,-0.264245,-0.544842,-0.091227,1.360374,2.244826,-1.538545,0.837518,0.868837,0.13465,-1.612784,-1.437654,-1.932807,-2.356054,-0.073056,0.593371,2.052542,0.84427,1.084373,0.798371,-0.290797,2.62349,1.336381,1.415338,0.449993,1.112939,0.69671,-1.325338,-1.140037,-0.191378,0.273761,0.716373,0.401181,1.921904,0.353994,1.287769,1.949469,0.992088,0.221803,-1.213562,-1.739344,0.115151,0.396696,-0.103334,-0.052665,2.080085,1.814478,-0.327308,1.534555,2.354022,0.513264,2.051456,-0.562172,1.259426,0.268703,0.852389,-0.479427,-0.915632,0.525859,-0.81501,1.75608,1.357862,1.730556,1.227027,1.512536,1.918155,-0.301151,1.087489,-0.178571,-0.284789,-0.350179,-1.446672,0.275239,0.092864,0.228931,-0.691831,-0.605607,-1.02332,-0.525037,0.24176,0.669107,1.260547,0.169167,0.424501,2.138084,1.395821,0.943722,0.301214,2.075402,0.348235,-0.206434,0.951994,0.629892,0.115812,0.86227,2.187217,-0.782666,0.319512,0.782227,-1.514421,-0.999647,0.44191,0.876709,-0.782755,-1.078575,0.625264,1.000411,-0.300052,-0.858603,0.03863,-0.033199,-0.19094,1.056005,-2.08832,1.08558,0.886457,0.485268,1.700438,0.493796,-0.540723,1.219067,1.162504,2.200309,-1.677206,0.593521,-0.213331,-0.701289,-1.583235,0.118568,0.076843,0.779182,-0.476594,-0.727722,-1.876624,-1.055472,0.105451,-0.232648,1.514151,1.480501,2.528525,1.109858,0.396084,0.424902,0.952994,1.521939,1.74672,2.249037,0.97549,1.19067,1.004758,-0.100412,-1.48874,2.712414,0.126324,-0.135473,1.745313,-0.60516,-0.770236,0.098955,-0.704705,1.788134,-0.270304,0.343483,1.162812,-0.913861,-1.840518,0.13145,-0.502096,0.12002,-0.784941,-0.535687,0.490498,1.012033,1.094938,-1.300714,-0.520619,1.45728,0.105837,1.352305,-0.812627,-0.610382,1.101243,-1.593499,-1.627534,0.44133,-0.081009,0.340339,-0.827674,0.344236,0.185442,0.012903,0.903475,1.64134,0.266233,1.159183,-2.16979,-0.367045,1.163461,0.749196,1.125267,1.648214,-0.197039,0.043171,1.371727,0.497402,-0.248466,1.759952,-1.023175,0.796531,0.00529,0.271843,-0.363815,-0.307171,-1.84222,0.788408,1.387849,-1.889353,0.670808,-2.640506,-0.319111,-0.662284,-1.700352,-0.430758,0.091972,0.484379,-0.786163,-0.470356,0.514785,0.59351,-0.54834,0.364517,0.543457,-0.290351,1.623254,-1.216854,0.432096,-0.015188,1.507464,-0.961393,-0.386502,0.353177,-0.893575,0.903215,1.919008,1.400636,1.42317,-0.206726,-1.619362,-0.277981,0.433222,1.102438,0.343703,-0.057075,-1.435812,1.518584,0.898558,1.764688,-0.089039,0.857864,-0.70585,1.618527,-0.609346,-1.107688,0.661249,0.16179,1.006376,-1.343772,1.056668,-0.334261,0.311907,0.067679,0.667604,0.453794,0.516666,1.880222,0.621215,0.748951,-1.24654,-1.006852,-0.562431,0.308663,0.240673,-1.784069,-1.027881,-0.852018,-0.95781,-0.252805,-0.278884,0.324721,-0.471617,-0.144415,-0.568177,-1.127194,-0.625718,-0.371828,-1.01161,-0.242984,0.776199,0.36349,1.418195,-0.421051,-0.942544,-0.048002,-0.105404,0.094332,0.035018,1.535154,-0.684119,1.089032
NIC1792,0.069881,0.160751,0.947029,-1.820954,-0.487507,0.725913,-1.0129,1.278312,-0.299233,-0.848148,0.157102,0.111576,-0.93088,-0.158052,-0.315261,-0.068788,0.170956,-1.704905,0.425657,-1.148844,-0.27832,0.310589,0.098421,-0.366984,-0.034737,-0.827116,0.217827,-0.302009,-0.809263,-0.019619,0.919484,-1.481094,-0.612668,-1.763872,-1.927115,-0.263695,-0.710037,1.109905,-1.006845,-0.640181,0.22235,2.393456,-0.401652,-0.141577,0.339652,-0.020845,-0.232944,-1.13275,-1.978405,-0.108842,0.299023,-0.601613,0.73281,0.19246,-0.219776,0.278914,-0.390323,-0.459236,-0.274364,0.164302,1.659469,0.726675,-0.608924,-0.360571,2.790014,0.83689,1.072825,1.354993,0.823345,0.362831,2.172073,1.483234,0.06483,0.054075,-0.888132,-1.796421,-1.287954,-2.21282,-1.140356,0.399961,0.492453,-0.00886,-0.981087,0.711125,1.011797,0.605684,1.229251,2.17521,1.263226,2.135349,1.063534,1.102731,1.744891,0.708928,0.854998,1.000783,0.804928,1.485306,1.373465,-0.141172,1.538435,0.791584,-1.478603,-1.37412,-0.100783,-0.378754,-1.58611,0.186776,-1.195906,-0.472107,1.196981,0.633582,1.335198,0.057325,-0.29107,-0.394264,-0.851556,-0.842416,0.068552,-1.253854,-0.5445,0.093785,-0.154627,0.567356,-1.391242,-0.120965,-0.792974,-0.840566,-0.258277,0.231565,2.073357,-0.636989,0.394877,0.276183,0.054378,0.426302,-0.741785,-0.959688,-0.932777,-1.567142,-0.935957,-1.263861,-0.404765,-1.004613,1.051929,0.846276,0.172783,-0.659566,1.748371,0.876944,0.13627,0.975116,-0.757182,-0.283528,0.611082,-0.316407,0.469652,-0.995618,0.375376,0.596286,-1.121706,-0.919018,-0.648478,-0.987463,-0.111707,1.449883,1.485569,0.610661,0.246006,1.080572,-1.2333,-0.696443,1.845027,-1.312323,0.053483,-2.356245,-0.698443,-0.309749,-0.2744,-1.103639,0.269176,-0.802084,0.061187,-0.505555,1.295398,0.809731,0.740477,-0.119901,0.563951,-0.144677,-1.370559,-0.803563,-0.790925,-0.758214,-0.20149,-0.384722,0.33243,-1.652668,0.46703,1.575932,1.196438,-1.640975,-0.223789,-0.985041,-0.209884,0.382891,-0.310867,1.583152,1.308737,-0.342334,-0.566384,0.646667,0.398954,2.660659,1.578759,1.263453,-0.578652,-0.305053,-1.233456,-0.594563,2.665903,0.829979,1.772493,-0.58609,0.799348,-0.809351,0.152467,1.360639,0.939854,-0.709614,0.121825,-1.206343,-0.290432,-1.066091,0.51021,0.215464,-0.174932,-0.806558,-0.091283,-1.49448,0.157392,0.36524,0.476691,0.115084,0.372728,-1.099712,0.592673,-0.403525,1.798615,1.691624,0.233967,1.092206,0.817809,-1.171237,1.108673,0.606417,0.855757,0.240472,0.905119,0.847253,0.455989,1.529165,0.635896,1.297289,0.046219,1.343125,-0.878831,0.016508,-0.744965,0.635404,-0.916164,-0.11998,0.538882,1.985151,1.44608,-0.855146,0.133601,1.063761,-0.161587,0.462256,0.559286,0.881027,-0.259565,0.386514,0.281941,-0.695013,0.614582,1.407599,-1.08694,0.588771,0.432478,-1.618685,-0.856346,-0.47949,0.553428,-0.208514,-0.653097,1.023464,-0.685564,-0.7939,-1.129191,0.026495,-0.412321,-1.193583,0.616818,-1.424985,1.04284,-0.902593,2.231501,-1.785392,-0.167313,0.275071,-0.581551,0.198709,1.793345,1.439221,-0.391228,-0.123001,0.020454,0.639829,0.521118,-0.638053,0.831217,2.571532,0.524802,-0.217172,0.177638,0.391277,-0.321517,1.129103,-1.192211,-0.689702,0.604717,0.233871,1.860461,0.490001,0.291385,-0.569166,-0.360833
XZ1516,-0.180966,-0.130426,-0.891637,-0.849284,0.950656,0.844422,0.430733,-0.904585,-1.232992,2.661942,1.031208,-1.133757,-0.273033,0.957442,-1.822115,-0.568897,-1.760078,0.336113,-0.976685,0.384666,-1.071203,0.910891,-0.428134,-0.830677,-0.335571,1.4933,0.702528,1.2093,0.97556,-0.713965,-1.317582,-0.755999,-1.447699,0.810994,-1.35573,-0.490778,0.70126,-0.240788,-1.165686,0.123267,0.700737,0.36657,1.246829,-0.314972,-0.127123,1.393887,1.965391,1.818966,1.554212,2.048376,1.581259,2.230238,0.88711,1.419118,-0.738201,-1.506331,0.574885,-1.303058,0.026121,-0.896616,0.567197,-0.692621,-0.399267,0.011887,-0.047073,-0.333318,-0.812647,-0.707731,-0.215366,0.292498,-1.242299,0.286405,1.494186,-1.696069,0.3804,-0.317165,-1.780041,1.569837,0.268946,0.863938,0.121807,0.991032,0.07707,0.237038,-0.89577,-0.932501,-1.310426,0.455374,-0.048894,1.263165,1.236726,-1.20873,0.609178,-0.574977,-1.302726,0.834865,0.040056,-0.11409,-0.609718,2.612087,1.708744,-1.462177,-0.180134,-1.851185,-0.054055,1.231463,0.424873,-0.437114,0.465205,0.130592,-0.041991,0.753945,-0.133236,-1.124472,-0.752655,-0.949951,-0.642952,0.69943,0.20287,0.724628,1.643358,3.442464,2.283496,1.131443,0.072375,1.59981,1.474234,-0.543002,-0.063456,1.031065,0.381793,-0.548565,-1.443534,-0.979184,0.627672,1.592942,0.219465,0.933016,-0.952555,0.743405,-0.250846,-0.36174,0.311949,-0.643417,-0.284312,0.271882,-0.556222,2.118575,-0.455145,-2.602221,0.03672,-1.611891,-0.049949,-0.39936,0.088993,-1.722747,1.747804,-1.100692,0.101324,0.880312,1.902147,-0.576955,-2.654886,-1.789808,-0.008055,0.30363,0.1566,-1.390813,0.200314,-0.617733,0.308635,-0.199606,-0.748224,0.008792,-0.834346,0.845949,0.762143,-0.20827,-0.604426,0.790482,-1.914642,-0.369794,-0.045426,0.164826,-0.249225,-1.136866,-1.438992,0.103726,-1.223219,-0.140669,1.148508,1.825923,0.787259,0.737886,-0.053214,0.189416,-0.823111,-0.273488,1.100224,0.033464,1.038154,0.014798,0.318999,-0.886868,0.120015,-1.485638,0.247951,-0.759142,0.353541,0.140335,0.110542,-0.582193,0.030778,-0.134725,-0.600579,-0.162513,-0.475521,-0.260212,-0.118243,-1.463979,0.626595,1.493976,-1.354777,0.274012,-0.367845,-0.034884,-0.169432,-1.652063,-1.234828,-0.175346,0.876258,-0.269703,-0.650353,1.017664,-0.161138,-1.395426,-0.608164,-1.076326,-0.107115,-0.933925,-0.962431,0.553721,-1.22268,0.82323,0.598043,1.051761,0.51759,1.86002,-1.522595,0.078117,0.690621,0.172324,-0.32432,-0.780259,1.191227,-0.659825,-0.617345,-0.709409,0.807669,0.18152,1.272449,0.118416,1.639091,-1.848571,-0.979551,-0.271817,-1.064682,-1.623355,-0.940888,-0.706661,-0.66977,0.614,-1.344929,-0.356419,0.567851,-0.885208,-2.473141,-1.322413,-0.775395,-0.000164,1.868971,-0.880418,0.98612,2.731621,-0.345988,0.203362,1.58388,0.885938,-1.316752,-0.544023,-1.658996,1.687699,0.281814,1.041255,-0.739687,-0.996861,0.521124,0.648501,-0.194857,-1.306141,0.757322,-1.729118,-1.183262,-1.034761,-1.762382,-1.413865,0.3157,-0.631852,0.082021,1.333655,0.29063,0.783714,0.037459,1.107129,-1.062684,2.796429,-0.631406,-0.248341,0.279415,0.553667,0.906195,0.045605,-0.122497,0.770344,2.813363,0.837533,0.165651,-0.016802,1.39164,2.15982,0.626848,-1.486795,1.813015,-1.672621,-0.030211,-1.010982,0.459136,0.939744,-0.298771
ECA2862,0.78875,1.17404,0.773559,0.920192,-0.311951,-1.0396,-0.360515,-0.258701,-0.735471,-0.69878,0.483037,2.138011,-0.19843,-0.714609,-0.486933,-0.454182,-0.427516,-0.858206,0.328598,0.329358,-2.261162,1.156269,0.067751,1.841154,2.17529,-0.106885,2.423265,0.312279,-1.049044,-0.291608,-0.639234,0.602094,-0.382665,-0.693506,-0.041858,1.264319,-0.584919,-0.317865,1.636058,-0.352349,-0.690613,-0.158374,0.311106,1.021453,-0.027841,-1.005051,-0.237493,-0.355638,-1.154836,-1.192389,-1.893781,-0.504546,-0.069309,-0.858485,1.632696,-0.860373,0.180043,0.130192,-1.180525,-1.423853,0.402819,0.148112,-0.132766,0.537122,0.483429,1.244748,0.000819,0.560873,1.181378,1.299738,0.473585,0.041518,-0.278822,0.325797,1.6449,-0.088432,0.206122,0.607214,1.590737,-0.446001,-0.381454,0.537983,-0.014467,0.417019,-1.431894,0.568722,-1.210874,0.043228,0.500521,1.140969,0.117895,0.281279,0.059209,-2.385906,-0.928078,0.80793,-0.074167,-0.316359,-1.237486,-0.598448,-0.396531,2.686835,0.405041,0.929378,0.371249,-1.002602,0.584814,-1.079291,-0.496392,-2.643678,-1.654429,-1.507135,-1.188077,0.104508,-0.339689,-1.988357,0.459867,0.262325,-0.204732,0.323847,-0.129612,-0.224092,0.565722,1.230639,0.982114,0.057161,0.811575,1.617731,0.860865,-0.198376,1.647804,-0.001522,0.642871,1.894378,1.884454,1.196902,0.256356,0.733587,0.204069,0.309804,0.925242,-0.679831,0.66049,-0.53453,1.038575,0.512305,0.405047,0.149051,-0.147973,1.525514,0.785905,1.113144,2.041347,-0.276315,-0.496236,0.256385,-0.824996,-1.080426,0.328449,-0.513192,0.570625,-0.682856,-0.541126,0.505104,0.844825,0.603059,-0.695447,-0.177348,0.238122,2.503643,0.4371,-0.254315,-1.715905,-0.033668,-0.228391,-0.049603,-0.630557,-1.121125,-0.046386,0.736693,0.854713,0.096068,0.752214,-0.234652,1.723345,0.358738,-0.494076,0.087152,-1.549019,1.092041,0.09858,0.912602,-0.866528,0.3158,-1.26476,-0.737918,-0.496254,0.076366,-0.842232,-0.972054,-0.177569,-1.821919,-0.008999,-1.679077,0.405547,-1.089776,-2.791406,0.623578,0.888157,-0.119195,0.027308,0.652592,0.5576,1.364336,0.350736,0.11715,0.73217,-0.308483,1.423796,-1.224095,-0.119429,0.90935,-0.546611,0.078201,0.525896,0.794457,1.359693,-0.607463,-1.204294,-1.2094,-0.821972,-0.056087,-1.686449,-0.398353,-0.038476,0.379163,-0.496758,0.823988,0.112231,-0.126405,-0.719333,-0.090299,-0.293332,1.784722,1.520092,-2.011612,1.110421,-1.371206,0.831672,0.762994,0.547338,-0.279909,-0.26992,-1.131582,-1.339959,-1.403646,-0.104473,-0.81921,-1.359217,0.449239,-0.261762,0.366899,0.30807,0.854427,-0.938561,0.863376,-0.121481,-0.219228,0.610092,0.07711,-0.962072,0.921549,-0.253313,-0.19942,-1.841354,2.173441,-0.967435,-1.052615,0.529767,-0.753207,0.082168,-0.446992,-1.474013,-0.608632,1.176671,0.011765,-0.660874,1.183336,-0.568885,-1.86838,-0.752078,-1.64917,-2.293331,-0.788297,-0.14485,-1.25607,-1.478846,1.004599,-0.249214,0.703404,-1.100444,-0.679908,2.126186,-0.08797,-0.631908,-0.907449,-0.126669,-1.963186,0.017107,-0.93233,-0.635199,-0.536741,0.713297,-1.047647,-0.466112,-1.406074,0.610872,-0.780337,0.682907,-0.807992,-0.274034,-0.419856,-0.223017,-0.290095,0.919967,0.040055,0.868497,-0.24629,1.107082,0.75623,0.526698,0.615112,-0.093161,-0.587079,0.260035,0.046584,0.941463,-0.91044,0.320019
ECA2091,-0.998491,0.053627,-0.105353,-0.928244,-0.186685,1.492654,-0.641422,1.912588,-1.506241,0.364571,-0.811049,1.167981,0.57037,-0.634425,0.782538,0.533783,-0.711843,0.084114,-0.267422,-0.598356,0.065531,0.080742,-0.640989,1.466981,-0.751022,1.438264,-0.50723,-1.059636,-0.413106,-0.791879,2.2243,-0.862827,0.399993,0.114747,-0.956084,1.089443,-0.954049,-0.637873,-0.942586,-0.92893,0.538579,-0.224189,0.887399,-0.335895,-0.092202,-0.221541,1.030012,-0.816641,0.190644,-0.484747,-0.399127,0.067919,-0.404895,-1.241576,2.236515,0.997979,-1.148355,-1.613572,-0.927233,0.056196,-1.468783,-0.147385,-0.36971,-3.640976,-1.233606,-1.755814,0.214048,0.662556,1.064292,-0.379607,-1.279232,0.505719,-0.280128,0.240315,0.068879,-0.576472,-0.763749,1.590061,0.503544,-0.403701,1.564622,1.138576,-0.815722,-0.528711,0.31872,0.615202,-0.30666,-0.536998,0.309476,0.072612,-1.583063,0.189777,0.374348,1.268531,0.825953,-1.038629,0.604947,0.899456,0.97295,-0.535644,-1.25287,-0.907448,0.037738,-0.502814,1.469407,0.49357,-0.307015,-0.169683,0.456718,1.758617,-1.611951,-0.202669,0.511076,-1.433988,-0.885751,0.805377,-0.568893,-0.889976,-0.372279,-0.241559,0.520152,0.173221,1.019242,0.380198,1.927671,0.507461,-0.890772,-0.973254,-0.135711,-0.157994,0.9734,1.424489,-0.446431,0.920638,-1.266874,1.195249,-0.957821,-0.203785,0.508313,-0.862461,-1.710958,0.316505,-0.368193,-0.93831,-0.948692,1.573925,-0.449596,-1.538471,-0.809296,-2.137024,-1.022752,0.036305,-0.074513,0.821174,0.767903,2.059206,0.411626,-0.077355,1.076136,-1.140218,0.699712,-0.060747,-0.200731,0.087591,-0.041116,-1.428911,0.115612,0.19057,0.068098,-0.128447,-1.332369,-1.797856,-0.277684,-0.916171,0.983348,0.23922,-0.175199,-0.198394,-0.761101,-0.274932,0.031545,0.800279,-1.439244,0.060613,-0.702562,-0.871094,0.197513,0.127613,-1.602519,-0.6837,0.04028,0.685456,-0.234774,1.290908,0.135461,0.417921,1.284175,1.009623,-0.907829,2.306976,0.922571,-1.590717,-1.106465,1.832187,0.305573,-0.554218,-2.322268,1.447934,-0.34934,-0.389075,-1.634725,-2.204722,-0.528268,-0.74094,-0.419234,-0.271781,0.120972,0.376218,1.932595,1.717048,-0.576803,0.728081,0.532474,1.113529,-0.356369,0.223752,1.302221,0.113286,0.168421,-1.004441,-2.173777,-1.260318,-0.307552,-1.479812,-2.093165,-0.610666,-0.887034,0.691828,-0.311417,-0.543737,0.925504,-1.186129,-0.98807,-1.414725,0.83142,-1.689612,0.737093,-0.65125,-0.508859,1.689429,0.961271,0.296805,0.51948,0.023462,-0.954379,-0.274801,0.711015,0.013899,-0.59764,-0.414012,-1.072674,-1.536847,-1.200697,0.083605,0.179241,-2.562245,-1.659649,-0.84708,-1.049271,-1.793506,-0.362763,0.216856,-1.11229,-1.441289,0.008265,0.141702,-0.500374,-0.569809,-0.318831,-0.981434,0.504169,2.054499,2.201464,1.046852,0.204927,-0.301093,1.887634,0.376682,-1.737639,-1.710987,1.210945,-0.01513,-0.029806,-0.130411,0.239544,-0.579661,-2.521306,0.055659,-0.679348,-1.611236,-2.052354,-1.277982,-0.610161,-0.06758,-0.998104,-0.393793,-0.382354,-0.536273,-0.462659,0.085745,-0.330502,0.259558,0.355807,-0.125867,0.552059,0.770532,0.112797,-1.42144,0.153579,0.137363,-0.083942,0.893983,-0.415747,0.593095,0.731733,1.333801,-0.125712,2.334126,-0.451214,0.724468,-1.244331,3.288151,-0.111173,0.326494,-1.219298,0.153771,1.587178,1.92589,0.740906
ECA1693,0.618653,-1.200277,-0.447048,-0.393823,-0.619186,0.784327,1.137189,-1.035149,1.817953,-0.159056,-0.896762,0.315688,0.213095,-0.022834,0.170046,-0.399099,-1.046832,1.272823,1.14841,0.378715,-0.633755,-0.3893,0.718781,0.289397,0.740447,-0.09217,-0.161507,-0.903193,0.724986,1.176368,-0.084001,0.312298,-0.455272,0.46874,-0.785975,-1.354586,1.268879,1.235337,0.524677,-0.612886,0.74484,-1.089184,0.8584,0.377908,-0.619564,0.077182,-0.193753,-0.977095,0.113571,0.521156,-0.691034,-0.494234,-0.460578,-0.862049,-0.031479,-0.37166,0.544515,0.592464,0.040473,1.043835,-2.310744,-0.039967,0.530965,-0.65975,0.891969,-1.681983,-0.633148,-0.896139,0.164338,0.725684,0.881608,-1.4174,-0.902995,-0.563339,0.863018,-0.017202,-0.326415,-0.540029,0.208488,-0.457135,0.143323,-0.349623,-1.21726,0.168816,0.150394,0.129471,0.925066,0.566791,-0.835402,-0.476101,-1.681175,-0.416887,0.671579,0.996498,-1.947828,0.625848,-1.309527,0.890058,0.744254,-0.219344,-0.887671,1.44165,0.353428,-0.838214,-0.380073,-0.496066,0.718397,0.325448,-1.032315,-1.485244,0.431297,0.085739,-0.349417,-1.798567,-0.889018,-0.237416,0.744846,0.949366,0.607893,0.393583,0.020224,0.238327,0.359002,-0.379121,1.13229,0.738747,-1.037186,0.711053,-0.489314,0.916704,-0.582504,-1.512164,-1.457364,-1.781102,-0.865867,0.637133,-2.279255,-1.059002,-0.376784,-1.012696,0.015292,0.232246,-0.126482,-0.336003,-1.488621,-0.26006,-1.186046,-1.047362,0.139215,-0.472754,-1.43705,0.045697,-0.045415,0.275322,-1.572476,-0.371453,-0.472372,0.311259,1.262976,0.95292,-1.18196,-0.091019,0.931107,-0.683133,-0.544837,0.949376,0.441675,-0.377882,0.379611,-0.291162,1.220414,-0.597217,0.480214,-1.722716,-0.402955,-0.790881,-0.189859,-0.818533,-1.408982,-0.076113,-0.340387,-0.697204,0.685145,1.679819,1.444722,-1.202853,0.628123,0.462983,0.315442,-0.598451,-1.660969,0.771771,-0.217508,1.294068,-0.469748,-0.242651,-0.556774,0.01609,0.079517,-0.366718,-1.831512,-1.28535,1.099609,-0.483028,-1.685358,-0.774382,0.133977,-1.678782,-0.52807,-0.308479,0.23573,1.839364,-1.544302,1.036036,-0.698922,-1.529012,-0.575173,-0.638027,-0.01843,-1.246529,1.664102,0.718915,-0.983048,0.753351,-0.073362,1.42762,0.151078,-1.512445,-0.892059,-0.795505,0.861956,-0.316659,-1.658043,-1.029372,1.364728,-1.490692,-0.1258,-0.157445,-0.191616,1.408274,0.168436,1.000221,1.105205,-0.12766,0.127923,1.652799,0.776394,-1.569757,-0.713659,-0.868291,0.395576,-0.231302,-0.791737,-1.259238,-0.936099,1.340058,0.328525,2.035175,-0.931115,-0.981014,-1.837497,-1.570516,2.805933,0.038096,1.158711,-1.034914,-0.784352,1.061105,1.332979,-0.724839,0.057803,0.763174,1.632065,1.54199,0.535499,1.22469,0.783012,0.088669,1.129365,0.5535,0.27832,-0.742053,-0.996684,-0.347591,0.088288,1.519783,0.584996,1.595433,0.222172,-0.272823,0.53407,1.5614,-0.387673,0.669869,-0.755015,-0.235003,-0.122582,-1.852401,-0.727512,0.700217,1.104297,0.564966,-0.513385,-0.459003,-0.827336,0.491725,-1.090809,0.571205,-0.708726,0.474526,1.027569,0.073546,0.084439,-1.712864,-0.79066,0.702929,0.558327,0.004856,0.431347,0.63651,0.752363,-0.462499,-1.125743,-0.646972,-0.540994,0.39155,0.081967,-1.432706,-1.032599,-0.819997,-0.674747,-1.002525,0.702041,-1.850136,1.164692,0.727332,0.241859,1.678747,1.576966
NIC1796,0.185889,0.456082,-0.219778,1.242854,-0.438065,-1.602186,0.096676,0.641319,0.9696,-1.408819,-0.172163,0.536942,0.766243,-0.529553,-1.217898,-0.483156,-0.679031,0.585743,1.65353,-1.633709,-0.991468,0.845424,-0.618613,-0.491337,-1.372073,0.505293,-0.915057,-1.642151,1.360855,-0.408019,0.818832,-0.798443,-0.15852,-0.625011,-1.362933,0.838836,-0.594373,0.8633,-0.402784,-0.35777,-2.515744,-0.525251,-1.408841,0.918416,-0.237203,-0.873283,-0.664587,-0.675716,0.18758,-1.163417,-0.521725,-0.730952,-1.211818,-0.221673,-0.512583,-1.367328,0.499166,-1.686792,-0.438362,-0.673726,-0.906252,-1.233654,0.971565,0.355026,-1.402304,-1.593028,0.060832,-1.58644,-1.600957,0.084288,-0.829618,0.647175,0.218353,1.087894,-0.540681,-0.805117,-1.155187,-0.077782,-0.687929,-0.046129,0.142515,-0.118429,-0.373512,0.977162,0.010118,1.745908,-0.413534,1.334328,1.55771,0.969386,-0.347861,0.534016,-0.115427,0.167074,0.671091,2.460884,1.213913,-0.815567,1.523416,-1.459511,0.33527,1.09443,-0.01107,-1.773179,0.748974,-0.718783,-0.742587,-0.035529,-0.556174,-0.092148,-0.793611,-0.040591,-0.180331,-1.579182,0.071311,-1.781584,-1.186054,-0.111364,-1.559802,-0.874606,0.254854,0.343512,-0.402342,-0.393359,-0.658249,-0.283905,-1.005119,-1.232459,-1.230574,-0.233535,-0.69862,-1.703832,-1.322524,1.014405,-0.206444,0.309056,-0.091347,-0.727391,-0.348924,-0.530882,-0.445149,0.051841,-0.004496,0.057712,0.189206,-1.341737,-1.042756,-0.058595,-1.148588,-1.64519,-1.840331,-1.500129,-1.136893,-0.297689,0.866922,-1.126368,0.934109,-1.117968,-0.682005,0.534156,-0.171356,-1.300568,-1.476359,1.798268,1.087861,0.25342,0.38754,0.980899,0.469553,0.88333,1.434954,0.305299,0.975163,0.49832,-0.792437,0.397655,-0.595128,0.053694,-1.223545,0.002409,-0.277742,-0.450808,-2.019922,0.852242,2.089297,0.946658,0.22452,0.741736,0.757151,-1.415309,-1.232891,0.641624,-0.74179,0.393499,1.215306,-1.810088,-0.778983,-1.136372,-0.679974,-0.985984,0.676972,-0.861896,-1.061062,-0.895979,-0.858727,-0.242347,-0.896933,-1.154148,2.647102,1.69091,1.574157,1.582932,1.800803,1.298741,0.740971,1.806585,1.150095,-0.187881,0.766029,0.386358,0.540592,0.496691,1.789981,0.38989,1.966477,1.790611,-0.323587,-1.285075,0.72785,0.096244,-0.068458,-0.37179,-1.747985,-0.289792,-1.08975,-0.778757,0.385836,0.984013,-1.629573,0.532616,-0.29187,-1.595947,-1.729809,-0.194568,-1.273168,0.238819,0.049059,-0.199001,-0.957825,-0.719999,-1.981203,0.537998,1.237106,0.741308,-1.492742,1.945802,1.404431,0.484199,1.69688,0.048767,1.213049,-0.765689,1.850018,-0.594409,0.060276,-1.241043,1.407863,1.312229,-0.026026,-1.138152,-1.043643,0.994473,1.088754,0.880422,1.232251,1.168455,-0.28795,-0.395917,1.378166,-0.730745,-0.818364,-0.661703,-1.318068,0.409357,0.452274,0.514441,0.078082,-0.400997,0.814685,0.582685,0.019409,-1.157183,2.204811,-1.683614,-1.364744,0.270151,-0.501651,0.028093,0.611663,0.18855,0.493715,-1.601948,1.389428,-0.387474,-0.678487,-0.988155,-0.416168,-2.420675,-1.29273,1.166397,0.89791,-0.511698,0.117711,0.492075,-1.218225,0.605833,2.017683,-0.153766,1.272291,1.71524,0.195626,0.915174,1.104765,1.72159,-0.867324,0.139685,-0.425217,-0.236205,0.181429,-0.727504,-2.17804,0.789545,0.453597,-0.105247,-0.105544,-1.617262,0.099541,0.375431,-0.215861
NIC1798,-0.087694,2.631913,0.05674,0.723875,-0.931494,-0.635073,0.059144,-0.44592,-0.853769,0.62255,0.747918,-1.372201,-0.229834,-1.001087,0.150053,-0.655493,0.309129,0.416016,1.095671,-0.392687,-0.954678,-1.437055,-1.514215,0.704231,-0.25926,-0.80853,-0.237532,0.388631,-1.192031,1.904575,-0.601599,-0.010758,0.98996,0.197626,-0.458755,0.041555,0.970013,-0.243844,-1.072531,0.549093,-0.733582,0.680704,-1.185176,-0.634638,0.585191,0.317026,3.192142,-0.128605,-0.249737,3.086009,1.364941,0.46943,1.08374,1.522479,-0.72062,0.57595,-0.888969,-0.768167,0.003276,0.714476,0.807015,1.102297,-0.6756,0.701807,0.495058,0.810501,0.364409,0.355574,-0.594615,-1.220758,-1.097404,-1.251467,2.043911,0.16587,-1.059948,0.464835,-1.181148,0.299827,-0.445225,-0.445696,-0.25256,-0.036986,-0.384804,-0.773455,0.784875,0.917855,0.063848,-0.54173,-0.048241,0.409919,0.875765,-0.315224,0.668619,0.805692,1.729014,0.744411,1.811952,0.741791,-0.850762,0.368423,-1.441482,0.467411,0.891793,0.756151,1.566498,0.024681,1.265008,0.964787,-0.575627,1.188254,0.587473,-0.318942,-1.885159,0.028377,0.626464,0.319298,-0.512956,1.72223,0.616433,0.915312,1.147489,-0.768118,0.356773,1.320163,1.155394,0.7024,-1.583149,0.55327,0.757364,-0.350416,0.593382,-0.182558,-1.14432,-1.716128,-0.828611,0.291471,0.810407,-0.239633,-1.880537,0.592576,-2.789327,-1.388112,-0.396498,-0.700506,1.006516,-0.034765,-0.597975,-0.186362,-1.822052,0.223525,-0.943218,0.925862,-0.784143,1.355286,0.358111,-2.374428,1.303194,-1.285885,0.544924,0.66602,1.368792,2.134464,-0.681371,-0.795004,0.437846,1.087922,0.636647,-0.043003,1.370228,0.261823,0.961425,-0.277007,-0.353398,-1.116244,0.780757,-1.126534,-0.801705,-1.260764,0.325651,-0.813156,-1.287915,0.222592,-0.958305,0.61259,0.330047,0.573379,-0.042131,0.293773,0.238767,-0.942216,0.433503,0.633203,-0.007812,-0.520074,-1.492384,-1.238446,-0.137524,-0.035393,-0.9279,0.146629,-0.145708,-0.296186,-1.518187,0.412296,0.035681,-0.108103,-0.203068,-0.914322,-1.040707,-0.364465,0.426987,-0.716192,0.551587,-0.68022,-0.611067,-1.044278,0.307242,0.376196,0.983605,-0.115565,-0.985334,1.170428,0.717508,0.578312,2.208429,0.912244,1.588358,-0.797137,-1.596578,-0.220844,0.143803,0.689157,0.185249,-1.54041,0.644973,-0.569875,0.149879,-0.824196,0.606259,-2.117355,0.123523,0.282197,-0.881406,0.949121,-2.162421,1.654314,1.352036,0.283848,-1.973931,-1.142427,0.080205,-2.216474,0.015931,-2.568957,-0.415388,0.495129,-0.570934,-2.81402,-0.596074,-0.177882,0.927962,-0.002149,-1.035434,-1.093564,0.620636,0.227159,0.273238,-0.640316,-0.894878,-0.892232,-0.649257,-0.840468,-0.34472,0.472933,-0.685605,0.735527,-0.595228,0.151322,-1.596554,1.90483,1.424385,-0.765269,2.339938,0.755575,-0.091708,-0.226538,0.700161,0.959311,0.65689,-0.034953,-1.2975,-1.451752,0.559977,-0.747658,-1.121549,-0.291255,0.793693,0.011165,-0.689099,-0.764942,-0.135097,1.464275,1.650413,-0.109219,-0.540013,-1.406151,0.947144,0.625126,-0.87275,0.064559,-2.057636,-0.563447,-0.832413,-0.904121,-0.746044,-1.487238,-0.580748,-1.385118,1.55606,0.951078,0.223253,0.832322,1.495397,0.798532,-0.305101,-0.020945,-0.902303,0.237022,0.164256,-1.192103,0.02875,-0.108499,0.513989,1.512224,-1.02218,0.025692,0.853293,-2.45476,-0.190101
NIC1785,0.193684,-0.886309,-3.437015,1.280996,-2.252376,-1.323653,-0.818794,-0.324192,-0.767565,-1.244412,-0.643513,-0.619809,-1.648619,1.303889,-0.786268,-0.252192,0.225041,-0.702148,-0.637667,-0.221968,-0.721783,0.33539,0.110498,0.144444,0.872542,-1.132482,-0.946155,-2.057751,-0.141642,2.05298,1.027152,0.860601,0.673082,-1.328101,-0.844623,-0.565353,-0.747506,0.083658,0.699104,0.315539,-0.11306,-0.693939,0.079521,0.340942,1.055803,0.104274,-0.398338,-0.891979,-1.803368,-1.564377,-0.15445,0.317517,-1.51369,-0.871098,1.584232,-0.540641,0.532915,-0.197067,1.245149,-1.056084,-0.851015,1.074867,0.090662,-1.406281,-0.287027,1.184759,2.60135,0.682283,-1.121147,0.97343,1.152196,0.88198,2.925974,1.654451,2.476549,0.896377,2.088875,1.762683,2.838931,1.833181,3.731152,1.368616,-0.064333,0.309079,1.864125,0.841038,1.845321,-0.163697,1.094544,1.970041,-1.167935,-0.213396,0.523429,-0.207106,-0.244566,0.197635,0.744108,-0.152749,-0.256248,-1.203187,1.337802,-0.670975,0.751705,-1.182613,0.24238,0.307622,-0.395587,-0.248701,-0.565515,-0.091642,-0.552537,-1.816755,1.158871,0.196405,-1.323343,-0.993922,-2.774936,0.87871,-0.168397,-0.956451,-0.621301,0.522283,-1.750089,-1.101935,0.052465,-0.47036,0.730773,-0.307061,0.031883,0.1296,-0.999954,-1.376421,0.51901,0.215151,0.16393,-0.603102,-0.091383,2.218845,0.828115,-1.206681,0.761286,0.328846,-1.637766,-0.045253,-0.285733,-0.712142,0.951879,0.54916,-2.455666,-2.31218,-0.389718,-0.124051,0.780563,0.71222,-2.921692,-0.928094,0.661082,0.153609,0.084786,1.502367,-0.951114,0.187782,-0.38068,-0.310146,0.440822,0.64968,1.674184,0.718895,0.810898,0.596774,1.041015,-0.654853,0.074671,-1.782641,0.013036,-0.610404,0.865792,-1.12545,-0.881025,-0.779182,0.67432,-0.926314,-1.205764,1.87839,0.189863,1.283571,1.617403,1.410744,0.506682,-0.482721,-0.425102,0.973566,0.638924,-0.385998,1.6629,-1.367316,-0.494261,-1.483443,1.994812,-0.528496,1.562978,0.285781,-1.18579,0.862321,-0.535631,-0.330341,0.709428,-0.656918,0.262827,-0.374901,0.470914,0.479998,-0.886891,-0.166933,0.334983,-0.583736,0.907608,-1.059218,2.449842,0.482147,1.886557,0.96746,1.478635,3.149253,0.173918,-0.283829,-1.335171,0.519974,-0.360386,-0.939678,-0.436881,-0.776068,-0.104032,-1.212334,-0.699434,-1.447152,0.728222,-0.766775,-0.112692,-0.246173,0.140528,-0.799767,0.011035,0.495515,-0.482571,-1.193812,1.634587,0.153057,0.7604,0.90739,0.577475,2.312009,0.34539,-0.053904,1.681244,-0.790312,-0.390274,1.965234,0.275387,0.329129,2.113482,0.978151,0.947785,-1.212004,-1.890396,-0.414021,-0.454401,-1.736071,-0.084682,-0.921676,-0.916096,-1.388811,-0.033938,-0.094949,-0.96312,-0.979659,-0.630767,-0.068033,-0.649367,0.14694,0.37939,1.593971,0.886076,0.695699,0.249603,0.245675,1.097906,0.302396,0.107896,-1.146801,0.33049,-0.495561,0.580192,-0.959334,-1.025062,0.054257,-1.351119,0.765687,-0.858213,-1.42872,0.326921,-0.098943,-0.31541,0.254115,0.30302,-0.755598,-1.15152,0.904251,0.358262,2.208872,0.282414,0.278719,0.103474,1.387081,1.126725,-0.182467,0.319831,-0.15588,0.789338,1.31151,0.138153,0.339681,1.728143,-0.254906,1.916011,0.400544,0.134427,-0.453887,0.187544,-1.318239,0.808294,-0.171365,1.543094,-0.214375,-0.229045,1.907868,-0.202051,0.89543,0.844986
ECA2191,-0.973434,-0.85946,-1.69939,-1.284432,0.070196,-0.284018,-0.414051,-0.907484,-0.062509,0.288089,-0.440888,-2.570057,-0.606039,-1.278143,0.545603,0.687211,1.156015,-0.769126,-0.952442,-0.194757,-1.636339,-0.943903,1.508624,0.653144,-0.386575,0.509706,-0.420664,-0.739424,-1.601749,0.188115,-0.134825,1.241536,-2.034793,0.489483,0.873363,-0.597612,0.126773,-0.940181,-0.685992,0.100973,1.762197,-0.137866,-0.993244,0.563182,0.917496,0.352868,-1.894993,-0.406497,0.573017,2.185108,2.230235,-0.128226,1.987827,0.621622,0.543847,0.385306,-0.772485,-1.032591,-0.530408,-1.599385,-1.430438,-0.05712,-0.908424,-0.708949,-0.228197,-0.552656,-0.150839,-0.043148,0.469588,-1.122437,-0.286516,-1.266529,-0.773332,0.749189,0.394077,0.97648,-1.66745,-1.761701,-0.732926,-0.740859,0.106171,-1.066122,0.922944,1.559854,-1.00629,0.392809,0.408324,0.849708,-0.608226,0.498149,-0.847328,0.739117,0.391379,-0.599299,0.32603,0.261697,-1.07778,0.364114,-0.301609,0.732927,0.935436,0.911115,-0.536119,1.440511,-1.381526,2.327401,0.479856,0.136895,0.146781,0.493652,-0.122969,-0.439743,1.782216,0.123867,0.579504,-0.277475,-1.562459,-1.610292,-0.822401,-0.349919,-0.120103,-0.48566,-0.832081,-1.245869,-0.680558,-0.817013,1.581764,-0.559073,0.388943,-0.55868,-0.954263,0.776935,-1.853299,-0.134975,-0.184055,1.878769,1.014081,0.140432,0.665086,-2.072484,1.310172,-1.847559,0.365847,-0.443944,0.348912,-0.866526,-0.625664,0.17982,-0.270727,-0.211713,0.132954,-0.922702,0.516787,-0.503437,-0.626405,-0.333961,-0.929006,-0.814175,1.022293,0.205938,-0.373739,-1.037955,0.524292,-1.975439,0.333932,-0.050015,1.355153,-0.55028,-1.494537,0.431071,0.037387,-1.134391,0.085688,0.065981,-0.478581,-1.466768,-0.058932,-0.142619,0.393393,-0.882594,-0.650404,-1.110578,0.465883,0.534037,-1.451013,-0.403707,-0.148711,-0.307038,-1.630058,-0.254118,-0.604987,-2.094714,-0.683803,-0.198498,1.334936,-0.383276,-0.388677,-1.598519,-0.39179,-1.818372,-2.589189,-0.541764,1.288395,-0.549005,-1.540101,-0.623516,0.600072,-1.216021,-1.565457,0.062357,0.416853,-2.153364,-0.173976,-1.38698,-0.007075,0.4672,0.314876,1.596594,0.974892,0.808739,-1.20389,-0.789521,0.696573,0.210212,0.746942,-0.019556,-1.424868,-0.213434,-0.078127,-0.470644,-1.091962,-0.841041,-1.271999,-0.338558,-1.618152,0.399186,-1.954327,-0.867379,0.211256,-0.509369,0.676183,-0.299548,-0.578468,0.434744,0.361842,0.167197,-1.606403,0.23521,0.209223,-1.489254,-0.568427,1.602656,1.787465,0.161804,-0.210051,-0.72861,-0.862742,0.576503,-1.211323,-1.448078,-1.460537,-0.03486,-1.136403,-0.485437,-0.102911,0.164617,-0.749671,-0.448287,0.183551,-1.122438,-0.58922,-1.556389,-0.426976,-0.635503,-0.434328,1.356706,0.854397,-0.417149,-0.952617,1.198051,0.25708,0.088857,-0.161885,2.437559,0.119257,0.679333,-0.080016,-0.682341,-0.552474,-0.156164,2.387349,0.299069,-0.036792,-0.611143,-0.896394,-2.151848,-0.788385,-0.698889,0.102569,-0.458195,-0.471364,-0.241818,0.563266,-1.602825,0.29325,0.204254,-0.796247,-0.934749,0.045401,0.563323,-0.78726,-0.656549,0.799647,-0.32066,-2.101609,0.266653,0.362464,-0.31898,1.804753,0.298987,-0.794285,0.389804,0.974391,0.408265,0.347204,-0.911677,-0.937092,-0.429828,1.284021,-1.201157,0.042613,0.836859,0.401591,1.778879,0.489201,0.310873,0.540158,-0.054731,0.924094
ECA369,-1.08461,-1.28297,1.373064,-0.087894,0.080799,0.507441,-1.270106,0.253975,1.459008,0.560842,-1.209057,0.068989,-0.11673,0.599436,0.284689,-1.502902,0.221789,0.251584,0.168784,-1.327075,0.882379,-1.015633,0.085169,0.454322,-0.574133,0.072285,-1.113389,0.471994,-0.358717,0.898112,-0.36207,-0.60162,-0.097992,0.074589,-0.355847,-0.954092,-0.319813,-0.604395,-1.795151,1.616751,0.3212,0.688257,-0.843192,-1.251801,-1.304459,-1.048126,-1.679639,0.205826,1.060227,1.822517,-1.168162,-1.227649,0.593001,-0.960308,1.364551,-0.390729,-0.495904,0.30235,0.43193,0.327089,1.280927,2.389961,2.042869,0.770648,1.482033,-0.258829,1.064399,1.313271,-1.35591,-0.77083,-0.334552,-0.019984,-1.247098,-0.837083,-0.224021,0.497832,1.610751,-0.014925,-0.848995,-0.441052,-0.928686,0.492645,-0.973463,0.624729,1.196317,0.515992,-0.008199,0.068422,0.58558,-1.517922,1.093962,-0.746362,-0.101643,0.237709,-0.196357,1.091145,1.106766,1.660903,1.838229,0.465518,0.840745,1.156877,1.964758,-0.45581,0.042545,2.204802,0.339518,1.611401,0.723963,0.900964,-1.352,0.008579,0.353489,0.623992,-0.544026,-0.30131,0.329766,0.689618,-0.881612,0.247238,-0.775344,-0.116621,-1.461754,-0.125551,-0.523251,0.045016,-0.770553,-1.501151,-0.37637,1.507365,-0.17732,-0.718151,0.000228,-0.042324,-1.276573,0.42147,-0.713724,-0.170436,1.48015,0.220961,-0.22541,1.475085,1.607196,1.067376,-0.601104,-0.268811,-1.705413,0.688425,-0.5272,0.483561,0.888011,-0.594929,0.803939,-1.140871,2.077449,0.849653,0.024179,1.479043,1.115575,1.096415,0.015408,0.631428,0.646203,1.106156,-1.277044,-1.313464,-0.860869,1.691873,0.523234,-1.044918,-0.165736,-0.000105,-1.53691,0.294858,1.758753,2.523378,1.120342,1.101331,1.501641,0.410828,1.440226,0.121732,1.647806,-0.842793,0.265147,1.582764,-0.482628,1.153691,-0.007629,-0.42564,0.955416,-1.371711,0.769604,0.81942,-0.578259,0.247857,1.130474,-1.942826,0.410632,1.180075,-0.270489,1.516194,1.17506,-1.165103,1.829751,2.148879,1.501801,0.449989,-0.670605,0.388243,-1.790517,0.679427,0.89793,-0.70365,-2.201998,-0.366591,-1.426065,0.623308,-1.161638,-1.451296,-0.731292,1.467447,-0.280738,0.141381,-0.559596,0.350775,-0.279538,0.095425,-1.104759,-1.735789,0.541742,-1.676431,-1.015281,-0.932988,0.214687,-0.366862,-0.282537,0.216026,-1.044691,-0.075069,-0.447995,-0.97615,-0.195565,1.329958,0.186904,-0.904665,-0.503413,-1.116573,0.275876,0.374273,0.830017,-1.128513,-0.276241,-0.59529,1.19625,0.315854,0.76378,0.933699,1.331836,0.174277,0.989309,0.194042,1.852631,1.03333,-0.945069,-1.44946,-2.251707,-1.731919,0.102242,1.122995,0.207703,-1.576012,0.512168,-1.657226,-0.06343,-0.394135,0.287484,-1.771229,-0.227513,-1.25645,0.796414,0.00891,0.802304,0.064436,0.536989,0.410672,2.08875,1.559253,-0.210739,-0.953756,0.54468,1.287278,1.028681,2.34005,0.276209,0.670088,0.062256,-1.378944,-1.112683,-0.610154,0.719272,-0.165552,-0.851904,-0.434914,0.841248,0.890153,-0.401018,-1.664927,-0.402841,-0.62631,0.055846,-0.854569,-1.135685,-0.804595,0.329353,-0.852785,0.133993,0.132788,-1.668855,-1.420347,-0.805468,-0.458288,0.069093,0.176125,-0.90279,-0.484941,0.358935,0.835339,0.450328,2.273242,-0.366766,1.046988,-1.534809,0.42542,1.922289,0.444377,-0.739979,0.153867,0.532512
ECA3006,-0.951901,-0.942677,-0.253722,1.750085,2.144495,-1.625204,1.571791,1.239541,0.312261,-0.59111,0.971421,0.131052,0.195307,-0.275867,-2.44401,0.401464,0.395375,0.689197,0.111585,0.982654,0.58991,-0.082291,0.312698,-0.000153,0.470479,-2.505655,-1.1554,-0.057331,1.127657,-0.818948,0.076836,1.405385,-0.727895,-1.527104,-1.594133,-0.308208,-0.687791,-0.657945,-0.795039,-1.297429,-0.791103,0.561939,-0.596997,0.234591,-0.140473,-0.019049,-1.13485,0.951867,-1.411684,0.181444,0.175827,0.479094,-1.270564,0.127506,-1.247088,0.891842,0.094337,-0.222533,1.819249,-0.82645,-0.657022,0.24751,-1.426158,-1.715431,-0.467056,-1.758768,-1.137807,-0.29273,-0.476141,-0.887961,0.789699,-1.085046,0.072289,1.419228,1.089656,-0.233198,0.156155,0.388944,-0.896022,-0.027183,-0.271062,2.99614,-1.383018,-0.520036,-0.887457,0.220726,-0.418616,0.965444,0.22544,-0.104731,-1.278529,-1.726001,0.3451,-0.953709,-0.72148,-1.105251,-0.791356,-0.342315,0.481376,0.70534,-1.365007,-0.119152,-1.842438,-0.867329,0.033405,0.930377,-0.704794,-0.463654,0.189157,-0.576485,-1.371591,-0.605546,-1.16632,-0.806258,-0.083631,0.100283,0.179861,-0.507725,0.488187,1.373558,0.861621,0.939683,1.244968,0.148039,0.677134,0.285924,0.059933,0.245268,-0.368704,0.001364,-1.479331,0.580222,-0.279974,-0.852519,0.25846,0.713668,0.882996,0.094555,-1.956848,-0.546188,-1.903143,-1.606521,-0.087008,-1.222231,0.562232,-0.1338,0.259373,-0.728254,-0.372504,0.300889,-0.06083,0.324713,1.616519,0.679764,-0.646222,0.030495,-0.19504,0.796321,-1.176904,0.577394,-0.004888,0.948386,-0.020222,-1.882732,-0.204869,0.758558,-0.669063,-0.635932,-1.58471,0.224215,-0.670675,0.702846,-2.249539,0.928183,-0.979604,-1.323443,-0.614278,-1.072198,-0.677626,0.553919,0.487061,-1.914362,0.227199,-0.390708,0.12091,0.603565,-2.022213,-1.443186,-1.04232,-0.285416,-0.014284,-0.639135,0.013569,0.184215,-1.098873,-0.14775,-0.084036,-1.929586,1.039064,0.268387,-1.165708,0.006253,0.346892,-0.768575,-0.412999,-0.013508,-1.709827,1.041988,0.210727,0.26809,-0.779788,-0.639886,-0.118522,-1.357301,-0.345464,0.122996,-1.180309,0.402067,0.818112,-0.464503,1.16921,1.304645,-0.418219,-0.588231,0.305378,-0.898584,-0.970336,-0.760315,0.196777,0.420426,0.988443,0.988489,-0.501446,-0.017945,1.335587,0.162298,-0.662979,-0.640102,0.738448,0.060865,-1.62529,-0.309541,-0.176897,-1.883496,-0.839562,-0.612932,0.252988,-1.384315,-0.714421,-0.951142,-0.604321,0.43458,-0.397328,0.242253,-0.44425,-0.152685,-0.168408,1.125989,0.091342,-0.227009,0.155708,0.690784,0.394907,0.360078,-0.098457,-1.065434,-1.240951,-1.286488,-0.477146,-0.791506,0.289092,-1.030994,-0.610876,0.667557,0.15845,-0.645436,-1.459159,-0.901752,-0.325384,-0.745442,-1.140233,-1.137887,0.098293,-1.060684,0.988728,0.180286,1.575596,1.124113,1.021835,1.725002,-1.561801,0.469087,-0.404099,-1.102574,-1.386251,0.018149,0.306345,0.524366,-0.419301,-0.956113,-1.114788,-1.116775,-2.149974,-1.776936,-2.171287,0.132642,1.129819,-0.602814,-0.309588,-0.538367,0.237408,-0.97701,-0.245606,-1.492301,0.605553,-0.039576,-0.654824,0.958999,-0.731898,0.000863,0.099942,-0.05636,0.055715,-0.29561,-0.214594,0.543679,-0.238074,-0.515442,0.27282,1.658144,0.400575,0.211203,0.043339,0.232787,-0.04611,-0.858383,-0.63455,0.533929,1.192051
ECA3117,-0.119097,-0.650455,0.822937,1.074315,-0.177739,-0.384093,1.613545,1.319321,0.789076,0.485058,0.956462,0.668076,1.827039,1.957981,0.764019,0.952529,0.796872,1.088424,0.869563,-0.523895,0.921769,-0.037948,-0.748465,0.673739,1.059311,0.352695,-2.496543,-0.055916,0.796791,-0.531517,-0.663402,0.599799,0.267093,-0.654052,-0.248423,-0.841212,2.909077,1.558761,1.010789,3.403705,0.159624,2.065773,1.844459,2.880946,1.387696,-0.854083,0.749732,-1.179171,-0.863234,-0.758297,0.366622,-0.710429,-1.166595,0.043015,-0.142905,0.56509,1.350634,1.815047,-1.108215,0.275981,-0.306953,-0.125213,-1.08107,0.020594,-0.201358,0.125546,-0.526185,-1.148725,-0.95458,-0.537826,-0.657845,-1.24437,-1.061235,-0.864689,0.433346,-0.158846,-0.956002,-0.985016,0.393671,-0.499664,-0.963919,0.695814,0.641837,-0.778175,-0.050724,0.382547,0.455817,0.109005,-0.008727,0.494202,0.681885,-0.627868,0.307173,1.815851,-1.368373,-0.755525,0.768497,0.30596,-0.70371,0.88932,0.073282,-1.197058,-0.843459,3.284955,0.355887,-0.344551,1.250532,-1.614652,-0.792872,1.630563,-0.219402,-0.053515,0.862751,0.249567,-1.787139,0.141748,-1.052614,-0.373699,0.301501,0.821685,1.386298,-0.056477,1.368111,0.77009,-1.421682,-1.117321,-0.076042,-0.361698,-0.118902,1.324833,0.075795,0.068316,-0.683583,2.23465,0.719205,-0.523673,-0.099184,-1.806025,1.059242,-1.338487,-0.676853,0.651117,-2.101415,-0.151189,-1.249221,-1.096958,0.656271,-0.641956,0.38733,-0.494312,-0.199108,-0.591918,0.588963,-0.582202,1.247301,-0.27998,-0.868969,0.918671,0.416051,1.258035,-0.685674,-0.098356,-1.345394,1.787232,-0.197166,1.606284,-0.49323,0.041501,-1.245985,-0.076526,0.189954,-0.065725,0.062028,1.484407,-0.11814,0.335007,-1.926686,-1.951589,-0.038262,-0.798304,0.894139,1.418905,-0.772795,0.800071,0.828156,1.135301,-0.426676,0.835607,-0.756029,0.922207,-0.539087,0.541374,1.059863,1.604062,-0.443323,2.277514,0.419201,1.118512,-0.883159,-0.020398,0.235201,1.073677,-1.587341,-1.682969,-1.483859,-0.162862,-0.310591,1.031782,-0.870445,0.734262,0.372516,2.289654,0.224474,0.357128,1.649223,-0.698367,-1.030513,-1.711783,1.010499,-0.735627,0.406436,-0.033315,-1.338407,-0.441235,0.092899,-0.649096,2.15573,-1.978756,0.725807,0.312152,-0.307451,1.368566,-1.38973,1.153637,-0.211439,0.422658,0.268096,-0.878796,1.551291,1.537035,0.354871,1.094693,0.450935,2.048767,0.458622,0.863272,-0.032541,0.585327,0.541684,1.106058,-0.648211,0.374545,-1.298391,1.006285,1.58194,-0.461275,-1.247015,-0.564677,0.230382,-1.548949,0.513122,-1.316974,-0.389319,0.672708,0.366251,-0.792259,1.577879,0.72665,1.821931,-0.462092,-0.939495,-0.337022,-0.344356,0.806837,0.652556,-2.082346,-1.171742,-1.011694,-0.613869,-0.209224,-0.727556,0.160524,2.082911,0.656952,-0.360734,-0.718999,-0.268885,0.637758,0.04313,-1.157203,-0.148161,0.221752,-0.459747,-1.70656,0.3596,0.067761,-1.438691,0.216225,2.08525,0.007096,-2.334173,-1.293423,-1.068876,-0.296573,-1.066924,-2.316638,0.427649,0.383111,1.384807,0.069815,-0.352494,-1.311659,-0.343934,1.227885,1.077724,0.720982,1.83036,0.055949,-0.757715,0.892599,0.274967,-0.252562,-0.794987,-1.269333,-2.166221,-1.005107,1.489344,-1.099064,1.067546,0.710922,1.40278,-1.58644,-0.951223,0.10016,0.42399,-0.683524,1.344961,-0.964371,-0.839073
ECA2437,-0.26025,-0.106341,-1.581762,1.587955,1.115553,0.793797,2.468515,0.81256,0.807715,0.71377,-0.621914,-0.378979,-1.126289,-1.068766,-1.092792,-2.212166,0.23572,-0.443028,-1.642388,0.414715,-0.912352,-0.966706,0.525606,-0.75348,-0.008185,-0.001153,-0.287952,-0.128361,0.054275,-0.504988,0.055428,-0.425081,-2.026048,-0.233625,-0.871939,-0.943546,-0.283895,-0.330559,0.518448,0.259086,-0.576405,1.38467,-0.499702,-0.146597,0.298306,-1.059671,1.27142,0.910231,-1.391571,-1.010264,-0.833417,0.542746,-1.16394,-2.422956,0.40078,-0.047707,-0.510092,-0.463053,0.827474,0.695368,-0.586383,-0.925748,-0.359698,0.551427,-0.253358,-0.560906,0.02801,0.62743,0.965816,-0.291972,-1.533842,-0.782699,-0.101919,-0.064812,-1.42525,-0.992471,0.6148,-0.101437,0.106006,-0.365547,0.624788,0.082745,-0.37187,0.216825,0.157139,0.276388,-1.989493,-0.114954,-0.124425,-1.522406,-1.920895,0.680846,-0.594009,0.133136,0.175164,-0.357865,0.73257,-0.211829,-1.501043,-0.201393,0.244175,-0.647131,-0.004433,0.490251,0.88323,0.993583,0.291563,1.807465,-1.120191,0.349065,-0.095863,-0.42546,-0.698923,-0.068251,-0.652992,0.225187,-0.924602,1.378303,-0.574363,-0.013301,1.595044,2.002156,-1.076153,0.673469,0.371705,0.76843,-0.778641,-0.851733,-0.738302,-1.831329,-0.39522,-0.535951,-1.270626,-0.281819,-0.459918,1.136706,1.371517,0.00935,0.335686,-0.293791,0.031113,0.42901,-0.865268,0.956972,-1.917306,0.549058,-1.045919,0.137289,0.311288,1.379208,0.599534,1.28799,1.107664,1.253905,0.135977,0.996495,-1.147544,-1.13425,-0.278977,-0.181479,-1.14214,-0.666807,-0.017682,0.816265,-1.573893,0.41399,0.594365,-0.564214,0.589467,-0.175777,-0.31622,0.248947,-0.050419,0.808753,0.382901,0.061297,0.821094,1.176313,0.114395,2.077928,0.530423,0.646506,0.250522,0.707591,-1.126111,-0.349487,0.668338,0.611584,-0.187004,-0.779293,0.760372,1.670927,1.754728,-0.968286,-0.982035,0.924663,0.53496,-0.887667,1.323518,-0.056546,0.049333,-0.807467,0.248946,0.113767,0.091417,-0.983184,-0.547487,0.830283,-1.369615,-0.275694,0.641566,1.443511,1.596706,0.911791,0.261148,2.050483,-0.859557,1.034676,-0.057363,0.843178,2.137824,0.730576,0.726476,1.109268,0.959029,-0.120275,-0.326237,-0.176338,1.346173,1.378755,1.345491,0.944576,1.285397,1.008529,0.36533,-0.042594,1.350917,-1.061422,1.464929,0.245833,1.308454,-0.105356,-1.515845,-0.152934,-1.008063,0.075103,-0.312773,-0.374588,-0.573965,0.468434,-1.656761,-1.09878,-2.218186,-1.847701,0.423917,-0.287216,0.52928,-1.229638,0.060658,0.483705,-3.247322,-0.618327,-0.189327,0.935966,0.038733,0.132904,0.169662,0.640256,0.691201,-1.667691,0.32845,2.431047,0.52433,0.389345,1.500702,-0.290577,1.283528,0.218309,-0.992115,0.820901,0.556264,-0.991165,0.376639,0.200978,0.119649,1.166268,0.748973,-0.035695,1.011418,0.05265,-1.667463,0.572415,-0.12641,0.113866,-0.695218,-0.994928,-0.432152,-0.122539,1.36557,-1.577702,0.100433,0.337054,-0.282187,0.237943,-0.134979,-0.572977,-0.709291,1.126264,-1.26511,-0.392805,-0.79659,-1.063253,-1.600399,-1.569682,-1.567523,0.47885,0.477628,1.753293,0.549141,-0.132791,1.673057,0.527867,-0.381904,0.466726,0.321853,0.377844,-2.203939,1.236241,-0.208635,-0.417899,0.647299,-0.431518,0.64414,-0.466479,0.291728,-0.558171,-0.580818,-0.587148,0.662921
ECA760,-0.275218,0.486135,0.906542,-0.628412,-1.037669,-0.179859,-1.155368,0.40511,-0.617788,-0.410971,-0.327072,0.598709,1.678058,-1.290888,-1.789336,1.184841,-0.606971,0.608301,0.050231,1.805886,1.058565,-0.149431,0.047764,-0.254998,1.26759,1.59622,1.33864,-1.201573,-1.138017,0.153974,0.126204,-1.483691,-0.056517,-0.487714,-0.790361,-0.933271,1.827227,-1.137319,-0.683058,1.168337,-0.482062,1.880562,-0.107439,0.146559,-1.792173,1.07741,0.412378,1.159897,-0.169507,-0.282463,-0.240972,-1.778762,-3.032217,-0.636804,1.195484,-0.244183,0.848283,0.312186,-1.630863,-0.594493,0.469587,-0.465018,1.022925,0.160754,1.837377,0.361722,0.388469,2.081293,0.641202,0.475546,1.966784,2.363107,0.510805,-0.48659,-0.854682,0.128992,-2.271739,0.685273,-0.814096,-1.476718,-0.308071,0.561702,-0.005576,-0.462566,1.397038,-0.756815,1.666927,0.180778,1.012892,2.477463,0.162867,0.073927,0.660769,0.806785,0.628424,1.500538,-0.321991,1.280053,2.197358,1.944581,-0.996883,-0.68091,-1.759505,1.239791,1.126811,0.121419,1.473722,0.949308,-1.648121,0.445872,0.478876,-0.557921,0.68368,-2.022951,-0.567521,-0.797064,-0.982644,0.013215,-0.096293,-0.162442,-0.732831,0.521298,1.448537,0.424463,0.154345,-1.736693,0.129407,0.092825,1.775445,1.287481,0.547269,0.212214,1.220739,0.046721,0.684644,-2.400169,0.065936,-0.155734,0.166387,-0.113027,0.155852,-0.197194,-0.125822,0.099774,-1.184362,-0.260771,1.43465,0.165395,2.224214,1.177754,1.769119,0.248645,1.686094,1.001059,1.260759,0.978844,-0.680516,0.502762,1.828569,-0.271168,1.196936,1.638537,0.14613,-0.855505,1.995619,1.072283,-0.442326,0.285212,0.312211,-0.064939,-0.066448,-1.100342,0.438345,0.664596,-0.664358,-0.309028,-1.801056,-1.020176,-0.802249,1.951644,-1.432312,-0.923584,-1.378431,-0.139804,-1.460307,-1.534711,-0.570719,-1.335922,0.617344,0.038653,0.946622,-0.392241,0.096841,1.685441,0.547852,1.366965,1.326813,0.803604,0.463104,-0.947127,-0.818557,-0.89257,-0.590736,0.295468,0.570468,-0.904554,-1.109735,-0.043149,-1.186758,-0.420485,-1.363238,0.085924,0.868322,-1.422888,1.151354,-0.317631,0.151531,0.705991,0.163634,-0.1854,-1.16968,-0.893991,0.141054,-1.025554,-0.327615,-1.41312,-0.15633,0.411341,0.623663,1.079066,0.076574,1.856914,2.556384,0.184006,-0.62756,-0.262851,-0.189574,0.378856,-0.259538,1.001324,-0.191514,-1.406859,-1.458543,2.527803,0.1234,-0.134074,-1.39358,-0.274119,-0.683063,-1.076052,0.357489,-0.247642,-1.556744,0.710615,-0.095801,0.43613,1.697262,1.16196,1.689893,1.662434,1.191016,0.029224,-0.094374,1.695229,0.768545,-0.918598,1.009269,0.135485,-0.009753,0.665566,-0.618906,-1.439782,-0.225999,-0.683879,-1.393169,-1.09527,0.079084,-0.609144,-0.163309,-1.03853,-2.909777,-0.975039,-0.739719,-0.386769,1.48954,-0.095255,-1.121696,-0.552396,0.568238,0.893103,-1.16143,-1.733721,1.430527,-1.171405,-0.098874,-0.834705,-1.589112,-0.831184,1.18069,-0.6872,-0.659342,1.421725,0.494588,-1.250954,-0.871381,0.095435,-0.8998,0.042274,-0.694976,-1.358319,0.610024,1.409218,0.822957,-0.298394,-1.410213,-0.401338,0.325408,2.109834,-1.652124,-1.337663,-0.82163,1.001356,-1.506592,-0.75842,0.269574,0.642244,-0.544794,-0.389663,-0.786132,-0.920859,-0.087297,0.486446,0.364641,1.296907,-0.359654,-0.667161,-2.318826,1.313839,1.115568
ECA1493,1.848993,1.429928,-0.187255,3.25528,0.17163,2.023073,0.888024,0.274821,0.30789,0.941968,-0.940299,0.898148,0.799896,-0.63882,-1.308999,-0.09474,-0.201927,-1.420955,-1.131551,0.611948,1.298866,0.495604,0.30207,-0.188226,-1.529453,-0.424874,-1.030307,0.991269,0.301623,-0.290293,-0.159186,-0.829556,-0.992089,-0.983909,-0.398027,-0.312289,0.287026,0.087402,0.879796,-0.228114,-1.027722,-0.67563,-0.382833,0.822233,-1.377023,0.138909,0.044132,1.158286,1.9276,0.337581,0.898936,1.209556,0.849295,0.468649,0.126016,-1.308035,0.360715,-0.790488,-1.476334,1.075528,-1.210067,0.259634,0.207348,-0.709444,-1.009403,-0.231426,-0.011123,0.402331,-0.417827,-0.332521,-0.390967,-1.143746,-0.901628,1.467964,0.292876,1.153171,1.148453,0.897752,-0.474596,-0.407984,-1.826688,0.363222,0.648083,-0.924442,0.388087,-0.821953,-0.45258,0.452386,-1.028106,-0.400496,0.322413,-0.152105,1.2922,-1.91051,-0.285424,1.27527,0.618285,-1.310492,0.216067,-1.100087,0.164551,-0.349951,0.332509,0.099694,0.976319,-0.087826,-1.025305,-0.652771,-0.336709,-0.538347,0.422876,1.051115,0.346901,-1.184876,1.371079,-1.086223,-1.470419,-1.569209,0.047648,-0.009381,-0.211411,0.312351,-0.573118,-0.234967,-0.401513,-0.631813,-1.34572,-1.4459,-1.200088,0.293001,0.67639,0.327665,-1.583651,-0.580634,0.154872,-0.518833,1.122215,0.516802,-0.001591,-0.132436,0.154195,0.025032,-0.076109,1.293306,1.198068,-1.428607,-1.610217,0.250045,0.622852,-0.43052,1.534365,0.067675,-0.491624,0.963488,-1.439082,0.111986,1.28834,0.879324,-0.949022,0.137987,1.047338,0.300195,-1.035149,-0.987423,-1.892484,-0.636483,-0.532121,-1.547637,0.010097,-1.280372,1.031808,-0.829555,-1.037266,-1.258739,0.247887,0.282508,0.485262,-0.346267,-0.010079,-1.243783,-1.006167,0.190082,0.240948,-0.670113,-1.670151,-0.148897,-1.471065,-1.596236,-1.757261,-0.878066,1.097921,-0.627682,-1.250342,-0.318795,0.252002,-0.281771,-0.066251,0.329535,0.353779,-1.535855,-0.210385,-0.861733,-0.406101,-0.287511,-1.357246,0.155179,-2.024992,-0.048158,0.40804,1.506672,-0.546438,-0.496529,-2.032098,-0.001712,-0.617869,-1.180557,0.572198,-0.447575,-0.982883,-0.369821,-0.439999,-1.527878,-0.915794,0.724743,-0.822668,0.097627,-0.876171,-0.244771,0.910324,-1.962749,-0.765431,-0.5566,-1.39076,-0.552318,1.402269,-1.151874,-3.515177,-1.57682,-0.694673,-1.12379,0.233707,-0.868811,0.72488,-0.633041,0.74245,-0.207917,-0.284952,-0.40925,0.116111,2.022509,0.883435,1.635359,0.308768,-0.502391,-1.245759,-0.956902,0.151725,-0.069992,0.655262,0.190573,-1.167117,2.250226,0.215271,-0.180473,0.940264,-0.147571,1.502444,1.056729,0.184413,-0.213141,-0.23781,0.096814,0.73648,0.12326,-1.351101,-0.561866,-0.168526,-1.63476,0.374982,0.360651,1.092397,0.009158,-0.131499,2.281456,-1.421133,-1.306004,0.230788,0.137968,0.196601,-1.322301,0.032978,-1.485401,0.337152,-1.424012,-0.12375,0.338299,-0.870137,0.036988,1.331374,-1.022728,0.204997,-0.002583,-0.680942,-1.827264,-0.681227,-1.091136,-0.676062,-1.520312,0.052834,-0.43364,-0.347796,-0.998381,-0.859075,-0.953482,-0.11134,1.332627,-0.023845,2.428707,0.841982,1.466753,0.356138,2.447821,0.575395,0.546448,-1.52874,-1.400856,-0.822496,0.075349,-1.530881,-1.54033,-0.363553,-2.295531,0.261086,0.325706,0.172076,0.736836,-0.431622,-0.68263,0.325641
ECA1725,1.959403,0.329972,-0.34953,0.758226,-0.679204,-0.028415,0.169172,1.412354,1.002385,-0.019593,0.493007,-0.919385,0.538556,-0.724162,1.246229,0.251904,0.000279,-0.673387,-1.821422,-0.534825,-0.101061,1.157417,0.192166,1.152449,1.05209,0.762602,-0.96153,-0.377149,-1.492281,1.053431,-0.790149,-2.02477,0.374114,0.448165,0.617443,-0.928421,0.665422,-0.250364,-0.311548,-1.342964,-1.409391,-0.325908,-0.304523,-0.384546,0.873018,0.223331,1.030149,0.921138,-0.627068,0.738107,0.0755,-0.708919,0.549607,-1.015359,-0.321143,-0.177378,-0.258566,-0.732279,-0.210545,0.772145,0.260806,-0.936549,-1.293971,0.721352,0.4906,-0.130455,-0.067821,0.214735,-0.837527,-1.181813,-0.474646,0.336203,-0.152264,0.397775,-0.656136,1.733014,-1.20325,-1.471047,-1.737188,-0.705202,0.211247,-0.8452,0.344437,-0.319399,1.505989,0.695638,-0.748439,-0.6394,1.568618,-0.510167,0.531178,-1.111373,-0.898217,0.043781,-0.907571,0.067603,-1.0993,-1.639244,-1.163317,0.74108,0.891743,0.322101,-0.708243,0.476431,-0.458014,-1.576972,-0.248133,-0.226352,-0.102864,-1.172203,-0.831895,-1.175148,-0.067836,0.049371,0.04394,-1.177222,-1.591039,-0.59918,-0.512069,-1.229827,0.882833,-0.324213,-0.149139,-0.937757,-1.062625,0.104332,0.906213,0.540107,0.177644,-0.205564,1.277607,2.068536,0.0905,-0.717174,-0.453887,0.857061,-0.003125,1.027658,-1.052481,-0.840431,0.204668,-0.797626,-0.664434,-0.047826,0.457932,0.195134,-0.299855,2.038055,0.926971,-0.557314,-1.056495,0.293903,-0.117451,-0.377345,0.517312,0.00351,1.525109,1.124188,1.492643,1.920424,-0.421411,1.597122,-0.338513,0.782278,-0.014005,-0.960232,0.731202,-1.411422,-0.664158,-1.701986,0.225237,0.404628,-0.246971,-0.487237,0.599168,-1.137003,-0.838162,-1.821254,0.431932,-0.804707,0.050185,1.000339,-0.005781,0.111522,-0.973606,-0.371501,-0.282253,-2.016383,-1.398792,1.43369,-0.039508,-1.174643,-1.189277,0.675119,-0.536546,-0.786135,-0.547662,-0.356186,-0.578999,1.910587,0.401119,-0.036873,1.274378,-1.065362,0.786166,-0.233663,0.291629,-0.47814,-1.145797,0.26735,0.153891,0.172106,-1.39325,-0.250018,0.55536,-0.671928,-1.837265,0.249231,0.752762,-1.700985,-0.792038,-1.16925,-1.392028,0.246666,-0.707714,0.269567,-0.738569,0.877325,1.78331,0.224016,-1.828528,-0.521211,1.466105,0.298655,-0.583967,-0.882611,-0.890878,-0.783276,-0.405035,0.008103,-2.289281,-0.434843,-0.627145,-0.741509,1.106935,0.321567,-0.499533,1.622976,-0.157639,-0.66993,0.231323,-1.229814,-0.879743,1.087531,1.627289,0.960487,-0.782523,-1.648752,-0.695235,-1.009482,-0.229898,0.574483,-0.499781,-0.760675,1.880353,1.044146,-1.110986,-1.243515,0.006844,-0.150242,0.215322,-0.659865,-0.463795,2.349361,0.312169,1.509846,1.432444,-0.137068,0.229172,-1.476901,0.193709,1.112017,-0.16668,0.905538,1.75987,-0.163639,0.56109,0.516019,-1.001337,-0.789928,1.364831,0.279821,0.525685,-0.833542,-0.257229,1.221296,-0.939954,-0.250546,-1.147903,2.648894,0.081574,-0.231392,0.096262,0.077125,0.090362,1.360479,0.737389,0.525399,-0.985839,0.260635,-1.213584,-0.476157,-0.69183,-0.212757,-1.088716,-0.016674,0.11185,1.964536,-1.010316,1.805928,0.312364,0.062401,0.751062,1.13249,0.145003,0.379138,-1.352377,0.224473,0.272333,0.442941,-1.941439,0.582109,-0.819893,0.030272,-1.033064,-0.768643,1.353103,0.77687,1.063025
NIC1787,0.477705,-0.199704,0.086418,-1.004221,-2.729503,0.488804,-1.638357,-0.540153,-0.480681,-1.118875,-1.213316,-0.367286,-0.217915,0.592927,0.2235,-0.723038,-0.051025,-1.610528,1.218201,-1.275996,0.19022,-0.177534,0.633342,-1.079927,-0.512046,1.505349,-1.280078,-1.820064,-1.532591,0.911394,0.663507,1.335199,0.386121,0.683528,-0.370836,-0.391069,-0.115541,0.881779,0.224044,-1.504945,-0.524397,-0.842988,-0.87115,0.192703,-1.069972,-1.39158,0.708332,-0.201161,1.152364,-0.871032,1.530241,0.227141,-0.690733,-1.643071,0.006905,-0.493603,0.019437,-0.669426,0.947046,0.633752,1.270208,-0.178568,-0.829908,-1.328237,0.531458,-0.261048,1.08442,-0.278427,0.172566,0.828294,1.041335,0.101132,0.207766,-0.696943,2.435299,-0.703419,-0.64388,-0.722085,0.331108,-0.328714,1.419812,-0.430431,-0.212668,0.72881,0.445182,1.605296,-1.718523,0.826017,-1.219562,-0.995623,0.680346,0.743951,0.197021,-1.82168,-2.048203,0.297852,-1.97355,-0.15785,-1.012723,1.665916,0.431108,-0.730416,0.51879,-0.955767,-1.45481,-0.42987,0.405262,-0.949674,0.900155,1.060538,-2.78475,1.504087,-0.981253,1.376492,-0.224585,-0.838283,-1.291769,-1.294003,0.73481,0.963545,0.993199,0.440495,0.225632,-1.049172,-1.665759,-1.257054,0.403284,-1.981682,-0.607157,-0.248327,-1.30558,-0.419925,-2.003029,-0.872633,-0.600896,-0.578583,-0.984623,-0.211972,0.792509,0.599142,0.920748,1.115525,1.432464,1.550722,0.37786,0.190135,-0.371666,-0.057035,-1.968249,0.246647,0.195666,0.660019,0.140836,-0.827532,0.316561,0.831156,-1.701356,-0.662504,-0.687886,-0.004015,-0.950457,-0.183529,0.586469,1.202243,0.527656,-0.44711,1.789325,-0.136236,0.891544,1.144883,0.137222,-1.339216,0.4369,-0.573566,-1.608417,1.748981,0.335104,1.076732,-0.703702,-2.109787,3.182071,1.608436,-0.77283,0.83702,0.056626,1.05796,0.533454,-0.469011,1.031551,-0.002643,-1.546733,-1.086967,0.218715,-0.134417,-1.252424,0.0534,-0.112944,-0.822761,-0.007871,-0.256724,-0.877695,-0.446312,-0.523965,0.343964,-0.492062,-1.464998,-0.079227,0.034667,-0.791955,1.153955,0.229663,-1.072886,0.581807,1.52682,1.00128,2.755964,-0.010687,-0.755149,0.477528,0.887492,-0.630188,-0.22146,-1.12777,0.560504,-0.267024,0.66148,-0.618136,0.344461,0.574464,-0.901252,-0.101988,1.272117,0.146685,0.032857,0.188904,-0.611544,-0.826828,0.5984,0.540336,0.691596,-0.778378,-0.504051,0.243601,-0.081967,2.808106,-0.619902,0.74499,-1.169048,1.270876,0.664892,1.1634,0.499866,0.951257,0.980253,-1.494941,-0.084659,0.338493,1.106286,1.281091,0.177153,1.60114,-2.167818,-0.831627,-0.203937,-0.477497,-0.928911,-0.400286,-0.40761,-1.535304,-1.596095,-0.590684,-0.219864,-1.69512,0.477269,-1.052966,-0.461919,-0.212566,-1.097414,-0.014264,-0.788843,0.780849,-0.54038,-0.069564,0.579317,0.498561,1.42961,0.079901,0.1783,-0.208114,-0.340614,0.606284,1.458704,-0.095361,1.24398,0.733143,2.192326,-0.44643,-1.285672,0.053546,0.413636,1.562174,-0.406006,0.786644,0.826513,0.681469,0.88851,0.101984,1.003931,0.627091,2.56437,0.527822,-0.433249,0.281666,-0.435355,0.225416,-0.188855,0.671294,1.190138,0.900896,-0.69329,1.606826,3.026759,-0.622343,1.207772,-2.694169,0.609621,0.214114,-0.205975,-0.892481,-0.520405,0.947259,-0.647191,-0.080313,-1.237186,-2.345563,0.546417,-0.004769,-0.356911,-1.466752
ECA2581,-1.00607,-0.185939,-0.38452,0.165552,-0.282789,-0.203055,-1.315468,-0.573854,-1.148384,-0.988741,-0.205152,0.546478,-0.063168,-0.880163,0.282072,-1.03141,-1.498708,-0.831642,-1.324193,0.41394,-0.289996,-1.097321,1.219238,0.04535,-0.535831,-1.006924,0.592704,1.366649,1.809645,1.040982,0.156139,0.414893,0.870287,0.07049,0.490079,0.48625,-0.140075,-0.474729,0.593883,-0.434935,1.283621,-0.054985,-0.180308,-0.119336,-1.496556,-1.609741,-1.741759,1.176109,-0.412482,-1.124186,0.676563,0.365088,-1.241802,-1.392038,0.882194,-0.559203,1.236855,0.147353,-0.134019,-0.46132,0.114076,0.336405,-0.271691,-0.100851,0.1765,-0.814778,-0.334509,0.109893,0.782115,-0.15024,-1.3949,-0.55114,0.700289,1.053971,-1.059171,-0.525396,0.065342,1.034228,-1.377819,0.909495,1.190813,-0.598909,0.497511,-0.346622,0.177595,-0.278466,0.192265,-0.426401,-1.720588,0.003294,0.118033,-0.039826,0.944965,-0.976946,0.005349,-0.091408,-1.575739,0.322352,-0.416469,-0.71612,0.391429,-1.998739,-0.679749,0.758604,0.625624,-0.040938,-0.810486,-0.519994,-1.119687,0.590365,1.227799,-0.476534,-0.556473,2.381003,-0.911941,-0.132541,-0.214685,-0.543048,-0.311188,-0.389242,-0.893231,-0.034437,0.104329,-0.006186,-0.421257,1.161092,-1.80099,1.042494,-0.018276,0.59707,-1.011936,0.066759,0.578316,-0.559436,1.306234,-1.468017,-0.600813,-0.022802,0.782599,-1.606636,0.651958,0.367248,0.796812,-0.803739,1.082029,-0.069973,-0.193314,0.520251,-0.039895,-0.655553,0.206061,-0.55774,-1.850067,2.382592,0.083244,-0.164491,0.140329,-0.624061,1.126927,-0.300581,-0.93687,-0.519943,-0.059848,0.049726,-0.480367,0.764539,-0.377804,0.506429,0.216637,-1.040057,-0.468802,-0.091069,-0.817558,1.960261,-0.250003,-0.865351,1.059039,0.989223,0.364271,-0.871417,-1.736256,0.402842,-0.50131,0.315225,0.060748,-1.244122,-0.681974,-0.468647,0.220224,0.047141,-0.240902,-0.397456,0.259716,-0.344465,-1.51321,-0.704071,-0.777376,0.446482,-0.524209,-1.60565,-0.728248,0.276835,-1.00477,1.410533,-0.775102,-0.827899,-0.109781,-0.09751,2.15459,-0.089868,0.342227,0.017879,0.814759,-0.585003,1.16882,0.58776,-2.838538,-1.331693,0.059603,-0.841455,-0.479475,0.467477,0.825936,-0.923136,0.255845,2.398527,-0.27125,-0.16576,0.35679,1.314066,2.288095,0.905768,1.041436,-0.273943,0.22724,1.872872,-0.83172,0.260757,1.365447,1.351308,1.553381,0.513566,1.039768,0.66988,-0.268977,-1.525455,-0.451835,-0.558688,2.006444,-0.293843,-0.247923,-0.290449,0.210901,1.058161,0.275382,0.686332,-1.129026,0.266434,0.396716,-0.430228,0.753962,-0.297658,-1.971176,1.120329,-0.371632,1.734317,1.898273,1.130868,-0.946105,0.217376,2.010129,1.204889,-0.173598,0.114486,-0.295644,-1.005156,1.088854,1.407405,-0.697487,0.577212,0.554217,-0.456366,-1.024783,-1.240257,0.737898,0.948783,0.030984,1.493056,-1.464402,0.348909,-1.131641,-1.534056,0.753162,-0.514983,-0.608896,-0.829227,0.598269,-0.656043,-1.372565,0.189668,-1.398738,-1.3405,-0.908373,-0.404972,-0.472806,-0.484854,1.576232,0.494531,0.952819,-0.274556,-0.917217,-0.543229,0.662295,-0.069215,-0.2216,2.074323,-0.15983,2.006467,1.096433,0.804815,1.09489,0.881057,0.411353,1.513115,-0.527124,-0.319474,-0.832336,0.568773,-2.220737,-0.232949,-0.343451,-0.105686,1.438018,0.905135,-0.074867,-0.78189,-0.605253,-0.298372,-1.135059
ECA2334,0.258084,0.103286,0.646026,-0.167437,1.216436,0.068774,-0.552705,1.383911,1.160079,-1.668259,-1.081603,-0.042562,-2.352247,-0.164645,0.206392,-0.112696,-1.251842,0.005689,0.217848,-1.490035,-0.765341,-0.359865,-1.720709,-1.867507,0.3309,0.250697,-0.174024,0.39429,-1.050815,-1.548058,0.874927,0.310731,0.532617,-0.281315,-1.945888,0.803644,0.241321,-1.401467,0.126611,0.030746,-0.145838,-0.624793,0.201661,-1.199849,0.031235,-0.253848,-0.618641,-0.711108,0.144426,-1.284534,-0.871368,0.125718,0.034074,-0.110104,-0.103679,0.011076,-0.416902,0.69541,0.319945,-1.207064,-0.340024,-0.800048,0.625164,0.183848,-0.291561,0.050901,-1.219266,-0.666011,-0.315408,-0.453578,0.623395,1.330909,-0.966059,-0.563422,-0.897584,0.564987,-1.447465,0.431855,1.565938,-1.756101,-0.413446,0.222008,1.613717,-0.496243,0.419884,-0.121323,1.146863,-1.113428,1.150785,1.149848,1.199714,0.113308,-0.202406,0.843826,-1.140704,0.806098,-0.418789,-0.702534,-1.594685,0.157757,1.01477,-0.756494,-0.118119,-2.451519,0.451608,0.44189,1.699049,0.01991,-0.241838,-1.687618,-0.038029,-1.679961,0.892193,0.257966,0.227791,-0.384356,-0.316042,-2.823941,0.084028,0.508978,0.20547,-0.7045,-2.026921,0.537997,-0.543294,0.089411,-2.495498,1.148,-1.649491,-0.940253,-0.045753,-0.721528,-0.242812,-0.19413,0.566641,-0.654647,0.538251,-0.788157,-2.032305,-0.178718,-1.151973,-0.377677,-0.390478,0.336048,-1.324699,-1.238638,2.320776,0.153646,0.545806,-0.709107,1.031378,-0.490096,-0.370946,-0.411718,-0.797574,0.444475,-1.197239,-0.240281,1.480947,0.430836,-0.070142,-0.311224,-1.134516,0.011624,1.40032,-0.393022,0.402966,0.230827,-1.036049,-1.073671,0.02436,0.8662,0.76478,1.470704,0.919982,-1.101229,-0.893272,0.774344,0.527844,1.257055,-0.097015,1.294275,0.04472,-1.411727,0.647955,-0.925108,-0.618357,-0.595986,-1.442983,-0.097834,-0.810915,-0.035567,0.903602,0.758273,1.418861,1.061607,0.20199,0.743355,-1.731063,0.13563,-1.132286,-0.944265,-1.072315,-0.26853,-0.147716,0.177467,0.804604,0.049082,-0.797579,-1.941431,1.526157,0.461612,0.003945,-0.24136,-0.07061,-0.636952,0.094947,-1.680874,0.611343,0.39959,-0.342738,-0.607307,-0.986689,0.190446,-0.760801,-1.090308,-0.25788,-0.405773,-0.496003,0.323832,-0.979392,-0.132045,1.322817,0.890116,-0.194399,1.32683,0.850105,-1.919746,1.194609,-0.793313,-0.697835,0.53984,-0.747788,1.092704,-0.375016,0.303581,0.948995,0.026408,0.353862,-0.376539,-0.567488,-0.793072,1.0354,-1.411638,0.722667,-0.732957,0.603948,0.752815,1.527869,1.100481,0.662949,-0.609695,0.486484,0.413496,-0.906596,-1.310383,0.213577,0.128374,-0.817978,-1.062753,-0.218891,-1.076161,0.549104,-1.063529,-1.033645,1.668729,1.140373,1.013805,0.897243,-1.013998,-0.606606,-1.104299,-2.160788,1.11478,0.87407,-2.018915,-0.608601,-1.534172,-1.919874,1.956335,-0.421064,-0.292867,0.212627,-0.789379,-0.010079,-0.133274,-0.153143,-1.071817,1.262692,0.649,0.941014,0.83109,0.111474,1.456346,1.573125,-1.294487,-0.627703,0.325237,-0.08775,-0.333738,0.165457,-0.353271,-0.750448,0.657313,-1.002222,0.889202,0.879809,-0.263786,-0.244522,-0.752431,0.550549,-1.145233,-0.341714,-0.360199,-0.746057,-0.275779,-0.578237,-1.30931,0.884004,-0.686983,2.030929,0.911523,-0.305799,-1.170314,-0.708419,0.998359,-2.039606,-0.375344,0.066256
JU3166,-1.878997,0.386316,0.315091,0.184082,0.449163,-0.558803,-1.730482,-0.457776,0.150301,1.292527,-0.92777,0.290393,-1.4564,-0.328899,0.576558,0.999663,-1.3083,1.167026,-0.076823,-0.584429,0.177717,-1.197495,-2.19203,-1.560941,-0.67884,0.957377,-0.069606,0.368407,0.012609,0.667937,-0.370152,-2.09474,0.857329,-0.576855,-0.032313,-2.057899,1.510091,0.353256,-0.961727,-0.495757,0.197791,0.731785,1.610817,0.028093,0.902168,-0.326607,-2.081665,-0.049775,0.014094,0.272865,-0.375365,-0.406253,1.233597,-0.985961,-0.171825,-1.493016,-0.25707,1.151168,0.383611,0.584527,1.602442,1.74513,1.436427,1.566734,1.57407,-0.905564,0.761491,1.213688,-0.888728,1.259917,0.437206,-1.404723,1.765892,0.441657,-0.030889,-0.384957,0.41096,0.437468,1.283243,-0.120134,-0.477667,-1.03769,0.236216,-0.313783,-1.902586,0.152687,0.464366,-1.331728,-1.510598,-0.477837,0.302152,0.845973,0.248373,0.9246,0.991495,1.278415,-0.178535,0.038085,-0.479129,-0.758285,-1.383801,-0.67874,0.020791,1.453727,-1.884311,-0.6998,0.243848,-1.784264,-0.981223,-1.212576,0.208645,-0.693509,-0.569499,-0.727355,-0.671165,-1.17374,-0.699386,-1.058223,-1.224326,0.582816,-1.255746,-0.715033,-0.508322,0.029956,-0.748482,-1.071013,0.001795,-0.480232,-0.46378,-0.034992,-0.509371,1.737998,0.554944,0.158682,0.569498,-0.470569,-0.374136,0.355931,-0.461023,-0.184345,-0.766178,-0.63994,-0.797482,-0.222403,-1.046293,-1.006571,-0.424739,-0.181488,1.537122,1.479453,-1.079108,0.518801,-0.143157,2.470911,1.725057,-0.451809,0.679467,-0.676495,-1.526283,-0.658263,0.52694,0.677364,-0.264794,1.456206,0.621725,-0.184749,-2.016047,-2.615128,0.951615,-1.002295,0.565701,0.397817,-0.535843,-0.339423,0.984273,1.395993,-0.036252,1.968732,1.042125,-0.341298,0.240221,0.866107,-0.160097,-0.585627,1.275482,1.603246,-1.323565,1.057048,0.89032,-1.638067,0.627394,1.659341,0.32652,0.078131,0.30905,-0.639756,-1.833119,-1.648528,1.041113,0.557975,-0.068407,1.181368,0.940121,-1.369725,0.526298,1.003453,-0.1816,1.050386,0.503619,-0.683273,0.932997,1.151733,0.271555,2.080071,0.423318,-0.245612,0.312846,-0.872124,-1.140515,0.173054,-0.52623,-0.124357,-1.559857,1.902408,-0.371451,-0.052183,-0.291369,2.008061,-1.386843,1.535265,0.044635,-0.742584,1.382014,-0.594507,-0.299034,0.299826,-2.026267,0.067505,-0.601582,0.275729,-1.23317,-0.681753,-0.543858,0.021482,-1.173161,0.968857,-0.373925,0.235742,-0.862309,-1.247488,0.114521,0.03389,1.392333,-0.749176,-0.695287,-0.255408,1.70796,0.079872,0.802441,1.371445,0.555886,0.444636,1.030699,-1.812846,0.845561,0.218688,-0.216502,0.203521,1.056149,0.100925,-0.081762,2.253122,-0.181264,1.970405,-0.454956,1.010526,0.219147,0.323078,1.267759,-0.505912,-1.682923,2.546516,0.257697,0.252441,0.131916,-1.338499,-0.778406,-1.236183,-0.35768,1.844891,-0.405141,-1.508652,0.856773,1.104762,2.063516,1.348114,2.182192,-0.339224,-1.24139,-0.219984,-0.761762,0.275211,-0.523553,-1.228571,-0.079169,-0.203367,-1.53601,1.000846,-1.315939,0.367041,2.176931,-0.831479,0.352212,0.0624,-0.519217,-0.61931,0.578749,-0.615096,0.691085,0.790205,-0.717284,-0.552359,-0.600687,1.683268,-0.520088,-0.588281,-1.175971,-0.049918,0.733169,-0.415644,1.9822,1.254799,-0.987411,-0.925082,-1.299858,0.452047,0.070508,1.683743,-0.343645
QX1791,1.791841,0.566074,-1.455017,-1.59821,0.668883,-0.529863,0.156147,-0.432397,0.078178,-0.738031,-1.163259,-0.247907,-1.278506,-0.598281,0.447538,0.786145,-0.56784,0.392812,-0.783618,0.968831,-1.492658,-1.106882,0.527031,-0.835748,0.923725,-0.540441,-0.953251,-0.676379,-0.684697,0.985547,0.976725,-1.203754,0.656565,-0.276916,0.680487,0.241316,1.026997,1.051529,0.46045,-0.629326,-1.108373,2.371284,0.026067,-0.392112,1.224965,0.605448,1.218575,0.219895,1.782072,0.383007,0.146928,1.91244,1.041856,-0.080577,-0.033228,-0.350923,1.085146,3.175618,0.594689,0.574582,1.699147,2.088422,2.215105,-0.314716,-0.428017,-2.356426,-0.388369,0.492626,-0.559378,0.361063,-1.663396,-0.38471,0.298133,-0.432222,0.926366,0.884164,1.182725,-0.397794,0.551616,-0.6392,-0.868463,1.805392,1.626796,0.959948,0.687781,2.152838,0.312332,1.353509,1.8292,2.269754,1.850857,-0.221996,-0.056494,2.187807,-0.27839,-0.793127,1.178948,0.207201,1.603878,0.536307,-1.054903,1.354955,-0.278348,0.298347,0.414682,1.568432,-0.229181,-0.05739,-0.010989,0.053643,-0.417746,0.969682,0.433026,0.257923,-0.983598,0.937362,-0.317422,1.126019,0.418492,1.337153,-0.422503,0.614158,0.20932,0.752411,0.716627,-1.000587,1.036185,0.879571,1.147582,-0.114447,-0.493072,0.16949,-1.340785,-1.358402,0.297385,0.912975,2.020655,-0.237448,0.711104,-0.10928,1.050211,0.423925,-0.026535,1.583538,0.188224,0.14726,-0.098578,-1.280556,-0.021733,0.863085,-0.882847,-0.274885,-0.367095,1.641912,-0.511666,-0.824858,-0.087154,-0.644643,0.435758,1.127985,1.154325,0.296307,0.186844,0.47416,1.136406,0.310568,-0.268948,0.278103,-0.216279,0.695928,1.616446,-0.764352,1.059851,-0.888349,2.093525,1.095711,-0.385119,1.172407,2.086011,0.776453,-0.502277,-1.149882,-0.709949,0.203977,-0.895982,0.911279,2.524455,1.551837,-0.449343,0.15044,-0.412885,-1.917618,-0.487819,-1.88873,0.162708,-0.929883,0.528987,0.047718,0.908911,-0.164601,-0.542813,0.409364,1.187388,1.65807,1.109086,0.859243,-0.50845,0.533725,-1.163265,2.631168,0.610545,0.296418,0.43062,0.891234,1.666568,2.493594,0.015689,-0.364117,0.602243,0.720694,-1.150019,0.248679,-1.313547,0.021816,0.103991,0.691228,-0.226801,0.499802,-0.931454,1.573943,0.696657,-0.062618,-0.573998,-0.444974,1.565744,0.995747,-1.522671,-0.884296,0.253926,-1.127518,-0.956272,2.072225,-0.707537,-0.298719,0.80124,0.384203,-0.458973,0.144555,-0.641013,-0.848483,0.035552,-0.05086,-0.52305,1.117924,1.943101,-0.48839,-2.065875,0.352431,1.3359,-0.358446,0.172292,-0.57718,0.225913,1.279908,-0.176164,0.157467,1.134868,1.394713,1.166515,0.213941,0.256529,0.510602,1.170127,0.493325,-0.444017,-1.453365,-1.908197,-1.00311,-2.30383,0.76828,-1.272931,1.210854,-0.166913,-0.719563,-0.606145,-1.628551,-0.888793,-0.633767,0.094456,0.056435,-1.603962,-0.445728,-0.935409,-0.254744,0.1125,-1.610802,-0.303438,-1.685347,1.076296,-1.404568,-1.679727,-0.120021,-0.2427,-0.214712,0.617121,0.444798,-0.741253,-0.617557,-0.643036,-1.251435,0.124007,0.05595,-1.436052,-1.21407,-0.528462,-0.34626,0.49535,0.773941,-0.307986,-0.499683,-1.649557,0.073273,0.863302,-1.821658,-0.608843,1.052512,1.104532,-0.204547,0.426917,0.438493,0.280558,1.141533,-0.062604,1.07568,-1.315236,0.045656,-1.119085,0.605085,0.705041
ECA2660,-0.026851,-0.29951,-1.105952,-1.37064,0.271246,-0.13056,0.233466,1.002492,0.039246,-1.450181,-0.840378,0.626666,-0.936526,0.483321,0.101869,-0.597935,0.04868,0.31771,0.413337,-0.255165,-1.138136,-1.111632,-0.607592,0.00257,-1.081741,-0.98811,-0.531456,-1.698772,0.46249,0.185998,-0.471664,-0.256242,1.976727,-0.629453,-0.019031,-0.398546,-0.28358,0.781652,1.219008,0.119325,0.354361,0.309404,-0.080657,0.494654,-1.095106,-0.768058,1.425935,-2.006823,1.225746,-0.122664,0.569979,2.372717,1.822097,2.260135,0.65119,0.031455,-0.312849,-2.055401,-0.830419,0.542514,-1.153194,-0.785176,0.546429,-0.657426,-2.534035,-1.824768,0.376073,-0.447776,-0.823233,0.163731,0.487757,-0.694271,0.147891,0.090206,-1.46798,-1.652966,-0.777014,-0.379745,-0.567954,0.369889,-0.68531,-1.272486,-1.163373,-0.865636,-1.9703,0.430343,1.408133,-0.666544,1.25002,0.461806,-1.034352,0.781171,1.480275,-0.157253,-0.217252,0.057991,-1.699601,-0.589152,-1.38704,-0.248261,-2.164057,0.505373,-0.881318,0.557776,0.786386,-0.856372,-1.166059,-1.267212,-1.243091,0.615265,-1.032833,-1.332532,-0.994618,-0.955682,0.019087,-0.406187,-0.212128,-1.50227,-0.223539,-1.019822,1.351733,0.733893,0.516862,1.521493,0.184869,0.720766,-0.667533,0.229531,-0.32669,-0.227703,-1.964333,-0.081006,-0.383188,-1.018281,-2.14706,1.163092,-0.908076,0.643507,-0.664823,-0.487317,-1.242464,-0.623156,-0.049897,-1.026464,0.856504,-1.045135,-0.593505,0.550231,0.794722,-0.226041,0.764359,-1.880071,-0.502082,-0.871889,1.597616,1.071791,-0.674317,-0.184328,1.154239,0.398521,-0.289464,1.339513,0.397664,-1.389367,-0.623915,-1.42119,-0.526138,0.047132,-1.589888,-0.860154,-0.167489,-0.722751,0.948296,0.600748,-2.328656,-0.957506,-1.919072,-0.109714,0.293586,1.527629,2.072015,0.286785,-0.961324,-0.034339,0.591024,-1.953664,-1.380974,-1.202237,0.784574,0.422498,1.331481,0.117758,-0.336504,1.120351,0.277435,0.130235,1.403119,-0.812916,0.051315,-0.412456,-1.983871,0.252626,0.096424,0.492021,-0.7465,-0.359146,-0.046884,0.099065,0.320084,0.370041,0.157019,-0.837978,0.429927,0.863354,2.414782,0.502709,-1.461249,-0.614552,-0.221749,0.218817,-0.451035,1.127595,-1.44042,-0.518323,-0.010492,1.757888,0.93776,1.142108,-1.155651,1.159615,-0.234466,2.477414,-0.143086,0.622729,1.400647,-1.093119,0.031191,-0.096465,0.633948,-0.213887,-0.174499,1.142454,0.850725,-0.918766,-0.641115,-0.209741,0.925186,-0.33175,1.216547,-0.17344,1.136004,0.947086,0.067234,1.220442,0.19901,-0.714249,-0.274237,0.127728,0.745944,-0.091744,1.556594,-0.380294,-1.21743,0.85785,-0.900992,-1.011408,-0.42192,-0.110107,0.459998,1.097514,0.455865,-0.135101,0.040328,0.079876,0.342691,0.181795,1.404084,-0.480451,1.455957,0.452032,-0.052781,0.29938,-0.746738,-0.307108,-0.482566,-1.328633,0.109767,-2.007398,0.744479,-0.47631,-0.837773,0.915683,-0.354357,-2.407101,-1.484025,-0.969471,-0.852524,0.983259,-0.279677,-1.711414,-0.8122,1.517869,0.113293,-0.169231,0.363702,-2.116803,0.013665,-0.017465,1.857903,-0.900902,1.839021,2.011335,1.387679,0.140837,0.971738,-1.41365,-1.521529,-0.084141,-0.134803,-1.36721,-1.276536,-0.105337,0.297439,-1.435389,0.095408,-0.834479,0.826319,0.552739,-0.733389,-0.214165,0.533219,0.280068,0.107721,-0.525784,-0.340655,-0.631075,0.081363,-0.817877,-0.192908
CB4856,-0.284435,1.339109,0.713953,-0.304641,-0.326635,-0.379086,-0.625212,0.259155,-0.07399,0.598654,1.126467,2.117946,0.391662,1.693445,-0.764512,1.802213,1.185371,3.003564,-0.59119,-1.255158,1.403233,-1.701965,1.501508,2.55915,-1.829568,-0.217798,-0.01804,1.234991,0.124241,-0.928757,-1.464425,-0.579411,-0.868459,-1.035771,-0.114552,0.146775,-1.390465,-0.364938,0.22854,-0.65172,0.08885,-0.63995,-0.124449,-2.078656,-0.721484,2.289715,0.242039,-1.71937,-0.248866,0.76387,-1.113231,-0.823512,0.023386,0.324467,-1.501115,-0.120172,0.257482,-0.412608,0.902433,1.948367,1.032701,0.978292,-0.148004,1.444786,-2.010052,-0.665589,-0.166169,0.093225,-0.716507,-0.201302,-1.407736,0.337465,-1.342111,1.195432,0.170503,0.959129,1.000398,-1.51882,-0.541832,-0.25698,1.054237,0.116736,1.669172,-1.1238,1.690632,1.221613,1.844706,0.439725,1.876471,0.022299,-1.006531,-0.240474,-0.311088,-0.090356,0.05892,0.483052,0.743409,0.537848,0.598324,-0.846733,0.833224,-0.849264,0.248741,0.727262,0.23183,1.057117,1.772194,0.749114,0.960523,-0.601854,1.186438,2.732334,0.640029,1.414438,2.076466,0.694579,0.685879,1.48334,2.340631,-0.678961,-0.450278,0.481946,-1.211976,-0.530923,-0.681303,-0.17462,-0.448849,0.602236,-0.683383,-0.918763,0.48297,-1.207208,-0.823741,-0.450374,-1.191185,0.831623,-0.867713,-0.602314,0.983822,-0.331083,-0.119752,1.401287,-0.127002,2.244243,-0.492402,-0.374627,0.428295,2.076566,1.025074,1.871865,1.30561,0.41346,-0.069777,0.393792,0.110818,-0.429436,1.57976,1.822929,-0.877497,0.063275,0.511207,-0.81639,-0.924292,2.843579,1.477141,0.804816,1.659541,0.775819,0.247394,-0.410012,1.435404,0.730873,0.90518,-0.255914,1.223287,0.926791,2.125457,1.54766,0.293605,1.744299,-0.446295,0.521241,0.855792,-1.597696,0.167224,-0.383244,-2.179626,-1.192229,0.83636,-0.534031,-1.383093,-1.002103,-0.56832,-0.457385,-0.679543,-0.961,0.217323,-0.501814,0.955142,0.342593,-0.093544,-0.623563,0.985035,0.699374,-0.017119,1.113204,-0.014397,1.579154,1.190939,-0.843954,0.360746,-0.247646,0.968865,-0.335946,2.058326,1.319076,-2.107017,1.157304,0.321851,-2.067423,-0.313903,-0.723421,0.314885,-0.740003,-0.31897,-1.178007,-0.678449,-0.648365,-0.323576,0.830962,1.279483,-0.090256,-0.05992,1.486525,1.096401,0.345121,0.368086,0.071772,0.24612,-0.356676,-0.186126,0.083584,0.390952,0.680156,0.140649,-0.590894,1.48727,-0.731113,1.451137,-2.142713,-0.638819,-0.388255,0.280452,-1.834131,-0.396444,-0.158187,-0.186345,-0.346454,0.583543,-0.621545,-0.579901,0.801938,-0.126413,0.791907,1.099797,0.703241,0.497258,-0.263879,0.734216,2.258654,-2.975628,-0.307465,-1.021118,1.476523,-0.87959,0.516774,-1.496543,-0.76613,0.068153,1.832577,-0.084352,-1.152266,0.176941,-0.802706,-0.88466,-0.518649,-0.388008,-1.224045,0.643601,0.700233,-0.970576,-0.122513,0.428444,0.311121,0.686687,1.839086,1.212353,0.462472,0.255949,0.353745,0.992207,-1.279158,-0.494732,-1.270401,-0.803518,-1.193076,0.211391,0.760908,0.096267,1.354401,2.475246,0.030001,0.95714,1.590561,2.176181,0.609644,0.438026,0.099687,-0.546334,-1.12403,-1.319531,-0.305859,-0.776111,0.602408,0.640438,-0.575119,0.745123,1.730935,0.006761,0.561125,0.883053,1.250561,1.290266,-0.461564,2.864591,-0.657586,-2.457144,-0.666815,1.10338
NIC268,0.813041,0.688648,1.439804,-0.430136,1.327486,0.063546,1.275003,-0.843244,1.342958,1.73491,-2.535992,-0.959358,0.380235,1.154184,-0.341586,-1.037919,-0.404142,-0.599145,0.998489,-0.847334,-2.082705,0.936859,1.83892,0.736172,-1.176699,-0.145894,0.077593,-0.496756,0.626156,-2.404742,-0.126473,-2.159926,0.883532,0.719092,-0.490528,-0.917923,1.536631,0.140128,-1.746757,0.648877,-1.681392,-0.294716,-1.521022,-0.057209,-0.73212,1.41347,-0.499877,0.43328,0.349468,-0.652264,0.980653,-0.543655,-0.013247,-0.711534,0.702048,1.162009,-0.08289,1.178802,-0.778419,-1.198397,-1.272357,-0.493234,-1.684529,0.58739,1.564087,-0.397405,2.815611,2.293694,0.841334,1.066909,2.004258,0.406987,0.368927,0.280027,-0.361211,-1.089077,-0.387332,0.442297,-0.028481,-0.113684,0.298678,0.558624,1.882577,0.496063,1.34717,0.865282,1.748874,0.808885,1.399659,1.328405,-0.764006,0.014067,-0.45097,-0.643533,-0.899527,-0.139633,-0.807759,-0.745369,-0.150047,0.157817,-1.020431,0.180468,-1.329013,0.21736,-2.085895,-0.534546,0.266052,1.107541,0.480626,0.474558,0.294798,1.219693,0.552222,0.138087,-0.54888,0.778105,-0.811989,0.255847,-2.413853,-0.885552,0.645588,-2.047843,1.159729,-1.914924,-1.219064,-1.163215,0.944031,-0.896309,-0.340219,1.356254,0.913227,-0.019421,0.699532,-1.005507,0.006107,0.87486,-0.244111,0.878003,-0.290508,-0.717047,0.268004,0.518642,-0.531626,0.094625,1.537728,-0.065161,0.145329,-0.034224,-0.804125,0.03913,-0.244931,-0.829632,0.264727,-0.564765,0.720053,-2.258454,-1.289783,-0.923466,1.211484,-0.071259,-1.294414,1.018438,-0.24819,-0.948266,-0.108396,0.218292,-1.573122,0.360296,-0.550529,-0.660627,-0.573213,0.369234,1.031707,-0.600243,-0.031914,-0.805708,0.346081,-1.583651,0.582546,-0.539265,0.050519,0.895581,0.233658,0.849381,1.037098,1.700828,-0.364485,0.879172,1.917446,0.53053,-0.033528,-0.628642,-2.025424,2.241873,-1.088831,1.711188,-0.462576,1.363517,0.323941,-0.160953,0.240728,0.468648,0.356125,0.459903,-0.395147,-1.183598,-0.13509,1.50422,-0.455373,1.784944,-0.11438,0.690818,-1.216354,1.982149,0.324852,0.705522,-0.631732,0.171294,-0.224265,0.097099,-0.129306,-0.695802,-1.51548,0.591145,-0.783988,0.231563,0.048568,0.406635,-0.263714,0.619621,1.038864,-0.215008,-0.272253,1.487411,1.262369,0.312233,-0.161676,-1.018982,-3.386928,-0.539342,-0.774278,-0.479424,-0.953973,-0.070086,-1.494452,0.993234,-0.289921,-0.16152,-1.39987,-0.249123,-1.143927,0.279329,1.240565,-1.394008,0.684218,1.083088,-0.363362,-0.65098,-0.119554,-1.291763,-0.375867,0.019129,1.339201,0.074871,-1.185821,0.502362,-2.217604,-0.200276,-0.712965,-0.742641,0.832894,-1.185264,-0.588514,0.836418,-0.724817,-1.444846,-0.568156,1.170102,0.083327,-0.135738,0.07311,-1.166185,0.284408,1.292923,-0.7196,1.223784,-0.976565,0.89917,-1.524146,-0.397337,-0.187513,-0.128084,-0.027709,-0.378759,0.06685,-0.968238,-0.203201,1.26379,-1.179924,-1.241011,-0.434421,-1.753185,-0.438292,-0.454867,-0.794901,-0.503984,2.379512,2.069105,0.517921,1.918157,1.362472,0.432306,1.216545,-0.512176,2.51836,0.551487,-0.479551,-1.050617,0.201027,1.223794,-1.582369,-1.68408,0.058996,-0.487489,1.24277,0.396888,0.374934,-1.377177,-1.054982,-0.870906,-1.02957,1.308027,-0.692893,0.382349,0.125116,-0.091151,1.402811,0.074539,-0.370617
XZ2019,1.064511,-0.996127,0.390488,0.026141,0.589428,-0.397498,0.926615,0.553482,1.74512,0.420002,-0.313852,0.009201,-0.153512,-0.561603,2.540627,0.272948,-1.339543,-0.382507,0.000333,-0.167254,-1.283374,-0.256762,-0.425601,-0.065527,0.330219,-0.188214,-0.73921,-0.775645,-0.964626,0.614356,0.231992,-0.287094,-0.622577,-0.292954,-1.513879,1.229298,0.780776,0.221467,-1.40288,0.45861,0.731314,0.702317,1.169656,0.159369,-0.270009,-1.166535,0.873554,0.53923,-1.400195,0.513365,0.082654,0.429231,-1.633937,-0.695786,0.058307,-0.91427,-1.264322,-0.57147,0.403536,1.060734,-0.689869,0.475451,-0.04707,-0.695032,-0.406934,2.09245,-0.12186,0.180487,-0.536442,-1.466502,-1.161817,0.471544,-0.895847,-0.816803,0.67053,1.922156,0.009897,-0.151294,-1.320256,1.407494,-0.499116,-0.478296,0.748043,1.559598,-0.240564,-2.639756,-0.511499,0.36915,-0.24818,0.303956,0.060347,-0.584483,-1.434043,-0.208334,0.49077,0.589409,-0.631806,0.883807,-0.452469,0.071371,-0.523961,-1.220932,-1.309972,-0.753543,-1.211026,-1.194591,0.793156,-1.619499,0.66577,0.89507,0.594605,-0.155179,-0.754507,0.26847,-0.469243,0.753557,-0.112234,-0.261404,0.672577,-1.056871,1.541798,0.259851,1.13668,0.643193,1.735202,0.026601,-0.754718,0.247016,-1.313456,-1.210901,-0.577618,1.444033,-1.322465,0.226489,0.61437,-0.937343,0.359842,2.312296,0.006741,1.852094,1.529854,0.970562,0.559638,-0.069826,0.480333,0.158708,-1.104998,-0.427095,-0.002402,-0.987154,-0.317516,-0.442394,0.087811,-0.911231,-0.619248,0.448344,-0.003391,-0.50283,-0.464894,-0.660159,-0.593313,-1.383746,0.983994,-1.93412,0.084661,-1.468831,-0.364327,1.914078,1.94159,0.948911,0.827967,0.874865,1.220129,0.848461,0.510402,2.014265,0.298289,0.65188,1.910656,0.970946,-0.63055,-1.201449,-1.703363,-0.875888,0.82574,2.386762,1.188674,1.445496,-0.074786,1.154699,-2.370198,2.115487,0.557573,1.289536,0.035178,0.729938,1.283683,1.173271,0.49568,1.235272,0.86451,1.565721,1.762156,0.924883,0.315052,1.32898,0.054472,0.627683,-1.212326,-0.390272,-1.274739,-0.63315,-1.069129,1.182668,0.395897,-0.931115,0.020307,-0.204108,-1.934576,0.912718,-0.702816,-0.486213,-1.391103,0.20143,-1.429436,0.092009,0.538892,0.598161,0.757521,-1.483745,-0.882151,1.461029,1.220787,0.042209,0.068563,0.209216,-2.578637,-0.636811,-1.147558,-0.233794,-0.72612,-0.684522,0.257712,1.572628,0.087455,0.188997,0.143963,-0.854552,1.153327,-2.241625,0.555808,-0.159437,-1.121382,-1.100522,0.367453,-0.726752,0.326762,-1.48563,-0.146264,1.282999,-0.721849,1.134795,-0.698252,-1.116162,0.810693,0.193899,0.969684,0.898557,-0.093657,0.539266,-0.932654,-1.05579,-1.224908,-0.44788,0.244016,-1.544296,-0.883471,-0.037747,0.595089,-0.52222,-0.649351,0.486729,1.533183,-1.772019,0.972297,1.213032,0.197312,1.531509,1.63042,0.869626,-0.079506,1.654763,1.865915,1.016305,0.698121,0.903977,0.788452,-2.168745,-0.678229,0.180225,0.386504,2.468714,-0.590635,0.959828,0.507133,0.610704,-1.709162,-0.998484,-1.1146,-1.747167,0.532101,-1.98943,-0.524531,0.104788,-0.133966,-0.880815,3.463985,-0.93261,0.764577,1.289719,0.835763,1.838699,1.932315,0.947627,0.004616,-0.190317,0.263624,2.264131,-0.129575,1.713188,-1.466862,-1.125813,0.095374,2.044945,-1.287962,1.680954,-0.376983,-1.263891,-0.769394
ECA807,-0.764253,1.048973,0.524396,0.198482,-0.421181,-0.755815,0.619205,-1.206317,-0.594751,-0.043405,-1.406894,0.180238,-1.440714,-0.429947,1.808976,1.572781,-1.235281,-0.176881,-0.616811,0.107641,0.65881,0.295237,2.480099,2.322782,0.93492,-0.261699,-0.580893,-0.610308,0.13021,1.368675,0.519686,-0.450821,-1.036157,-2.194221,-0.242161,0.05735,0.035744,-0.71594,1.554761,0.127362,-0.893344,1.220035,0.053665,-0.399567,-1.797213,-0.269073,-1.4966,-0.152623,-0.361789,1.348958,0.434845,-0.009267,-0.331265,0.268173,0.867105,-0.881699,-0.456893,1.164428,0.103852,0.418529,-1.305348,-0.859019,-0.576506,0.758534,0.640591,0.226355,-0.285817,-0.183056,1.639325,1.444465,1.808136,1.111093,0.13886,-0.103148,-0.114728,-0.538061,-1.382545,0.25578,-0.77358,-0.336402,-0.999863,0.21703,-0.406229,-1.821318,0.617115,-0.438444,-1.137817,-0.910303,-0.376222,-0.163957,0.219107,1.663687,-0.704443,-0.392678,0.578254,-1.382932,-0.651511,0.318356,0.396864,-0.719115,0.30651,0.47222,0.448138,-1.080977,-0.865204,-0.750371,-0.342915,-0.350988,-0.4318,0.783818,-0.947052,-0.085333,0.31167,-0.895857,-0.405258,-0.757891,-0.337924,0.894574,-0.639224,-0.609622,0.151658,2.147419,0.844116,-0.480969,0.209999,0.12152,0.251814,-1.864809,-0.40187,1.468306,0.320848,-0.347511,0.26198,2.412716,1.434165,-0.641641,0.721581,0.530468,-0.598201,-0.058012,-1.725869,-1.720566,-1.258494,-0.464979,-0.823554,-0.553285,0.196202,-0.567697,-1.944753,0.882505,-0.365068,0.783075,-0.405541,0.059188,-0.342608,1.218217,-1.279445,1.054083,-0.251973,-1.445495,-0.312478,-0.179202,0.960779,0.34631,-0.106539,0.646504,-0.126389,-1.484032,-1.122012,1.095684,-0.6164,-0.605767,-0.742036,-1.570891,0.411644,-1.749733,-1.208587,-1.258782,-1.039939,-0.563769,1.929193,-0.035385,-1.21976,0.826668,1.179204,-0.688181,0.54924,-0.654064,-0.487813,-1.599166,1.247479,-1.295199,0.495035,-0.134822,1.899856,-1.362828,0.279167,0.854752,2.205148,-1.05669,0.333506,1.58907,0.28034,0.352068,1.302102,1.149578,0.739083,1.869926,1.945194,-0.936941,0.933087,0.014419,2.094435,0.080426,0.074851,1.6505,-0.554957,-0.75233,0.34978,-1.016717,-0.209496,-0.886548,-0.06439,-0.884927,-0.208051,0.158477,-0.12239,-0.281965,1.685965,-0.376313,-1.211426,-0.219184,-0.113541,-1.124695,-0.081581,-0.729055,-0.372628,0.817533,-0.20088,-1.283768,1.528885,-0.915001,0.925227,-0.020109,0.935151,-0.207216,0.178812,-0.187276,-1.025119,1.788018,-0.952577,0.326525,0.271643,-0.248641,0.525339,0.187714,-0.03648,-1.185456,-1.590466,0.641961,0.559255,-0.645965,1.3861,-0.819608,-0.117245,0.589453,-0.544792,0.651731,0.804401,-0.330378,-1.86652,-1.712801,2.414,-0.849639,-0.179119,0.378761,1.200507,0.366206,2.225905,-1.570595,-0.252487,-1.099943,-0.317224,0.554263,-2.340964,-0.153382,-0.564533,-0.124254,0.109108,-0.808062,1.012331,1.348816,-0.664268,1.420562,1.595,1.854881,1.1429,0.447319,0.49097,-0.373881,-0.924694,-0.363673,0.226439,-0.4627,-1.579856,-0.565179,0.417441,0.184142,2.219206,-0.44271,1.580982,0.557854,1.194811,-0.706093,0.382249,-2.19444,0.952944,0.288671,0.093728,0.357933,0.482389,0.022735,-0.262904,-0.067033,0.41,-1.313318,-2.150309,0.854115,-0.779906,-0.593466,-0.240001,-0.747261,-1.691887,0.141885,-0.644282,-0.291007,-1.421198,-0.296682,-1.174527
ECA3077,-0.984056,-1.077416,1.115155,0.329319,1.190762,0.927938,-0.148078,-0.94851,0.186566,0.899751,0.999481,-1.439466,-0.525008,-0.401177,-0.248245,-0.589444,1.672049,0.725145,-0.707945,-0.940897,1.159181,-0.382549,-0.784261,-0.217305,-1.069169,-0.373571,0.273203,1.290952,-1.7489,1.409888,0.069899,0.730522,-1.743815,-1.31477,-0.719225,2.151804,-0.658805,1.750321,0.424179,-0.468691,-1.039219,-0.957102,-1.864399,0.187278,0.639164,0.170442,0.47561,-0.070942,-0.524339,-0.202183,-0.326738,-0.347031,-1.573783,-1.053821,-0.021238,0.538362,0.531918,0.563753,-0.283806,0.230801,0.021975,-0.07663,-0.62827,0.945138,1.282844,1.61557,-0.229891,0.47767,0.542317,0.323633,0.798639,0.775309,-0.464813,-0.796972,0.566963,-0.448933,0.244732,-0.48842,-0.148735,0.204381,-0.501738,-0.861173,-0.389205,0.018317,1.171611,-0.249439,0.923553,0.377304,1.043618,0.438902,0.575667,1.027962,1.728118,0.314819,2.662518,-0.119915,0.27323,2.494229,1.479574,2.045917,1.533888,0.082006,1.391532,1.090317,1.510428,1.53921,0.094999,0.058662,0.159033,0.217793,0.421552,-0.870766,-0.104635,-0.866081,-0.90555,-0.748766,0.069038,0.155531,-1.804977,0.545083,0.728915,0.220378,-0.245203,-0.779262,0.427594,-0.618908,-1.401625,-0.824288,-0.243921,-1.316368,-0.379009,0.282957,-0.432119,-0.941286,0.49141,0.211242,1.771829,-1.242526,-1.6972,-0.403612,-0.768969,-1.643879,0.378246,-0.374483,0.225116,0.343424,-0.061853,0.342414,-0.308883,-0.263886,0.08582,0.027635,-1.035773,-0.214061,0.200664,-1.297172,-1.396187,2.150525,0.985773,-0.821772,0.816021,-0.06362,1.489403,1.48108,0.323938,-0.414721,1.001335,1.529325,0.822727,0.683687,0.969334,0.423503,0.699188,0.106055,0.256651,-0.258076,0.070114,0.681292,-2.110995,0.101227,-0.209848,-0.65209,0.942574,-0.326176,0.802391,-1.745832,1.256404,1.354087,0.058665,0.970787,0.919601,0.664257,-1.458315,0.774464,-0.521972,-0.534326,-0.859708,0.376774,-0.055905,1.237067,0.129699,-0.3826,-0.402708,0.123865,-1.233083,1.061431,-1.308172,-0.03065,-0.205012,-0.031842,-1.122798,-0.548878,0.36741,0.647069,-1.558409,-0.865425,0.130372,1.66091,-1.289522,0.453241,-0.465691,-0.420134,-0.754001,0.648092,1.215833,0.580022,-0.050825,0.70993,1.262246,0.385551,1.933781,1.417414,1.35357,1.771223,1.092534,-0.233352,1.116949,-0.379355,0.783328,0.686228,-1.085502,-0.805722,0.551481,-0.382899,1.332663,-0.770851,2.109041,1.096562,-0.442938,-0.041608,1.277201,1.605441,-1.902528,1.619359,0.661406,-1.035724,0.04119,-0.830799,0.788633,-0.797899,-0.637003,1.07561,0.06544,0.166533,0.10481,0.853171,1.685135,0.32455,2.759126,0.137104,-0.311791,0.485641,-0.355564,-0.841912,1.478174,-0.634144,-2.216769,-0.81404,0.250853,0.303961,-1.011792,0.512071,0.025077,0.816732,-1.540773,-1.868293,-0.136223,-0.627183,0.263333,-0.401522,0.844313,-0.09006,-0.713209,1.273964,-0.073652,-1.253163,0.694544,0.447763,0.020459,0.143192,1.02613,-0.20383,0.515132,-0.324302,1.242687,0.093008,-0.755013,-0.900791,-0.646518,-0.648738,-1.89249,0.644193,-1.877356,-2.724463,-0.407723,-1.810743,-0.04925,1.075157,-1.124053,-0.412893,-0.730837,1.030428,0.128912,0.655043,0.845359,1.99408,1.480341,0.727989,0.544828,1.548104,1.424471,0.785299,0.210431,0.916912,0.426629,0.456921,-0.910918,0.204339,-0.076078
ECA738,0.244113,0.754349,0.914879,0.968595,-1.349253,0.323033,0.236623,-0.488117,0.163183,-0.774421,-1.124949,0.364535,-0.49219,-0.43665,0.523863,-0.269413,-0.03029,-0.792801,-1.051616,-0.824216,-0.713251,1.56707,0.82304,0.556917,1.321255,1.342582,1.151066,-1.054778,0.434889,-0.301736,0.551564,0.2622,0.890681,0.173994,-1.080145,-0.455312,1.910314,-1.255921,-0.026342,0.256489,-0.733166,0.510827,-1.160672,-1.397825,-1.266348,-1.171724,1.049354,0.252409,0.351128,-1.063354,1.681557,0.866025,0.372687,-0.644331,0.371019,-0.240397,1.238658,0.217328,0.951655,-0.707939,-0.38588,0.965588,-1.490986,-0.74463,-1.921846,-0.024145,0.173278,1.194841,-0.098335,0.753208,0.445796,-0.786299,-0.059424,1.320878,-0.103136,-0.642849,0.898363,-0.546571,0.002,-0.06096,-0.127836,0.185023,-1.69184,0.087467,0.858487,-0.576899,-0.904754,-0.215565,9.8e-05,-1.933624,-0.143269,-0.523596,-0.214419,0.555216,1.089482,0.306454,1.430967,0.952322,1.671254,-0.72235,1.249129,0.106769,1.318191,-0.188208,0.741997,-0.075303,-0.645518,0.531034,0.126927,-0.295101,0.337891,-0.342302,-0.704443,1.018342,-0.014784,-0.51535,-0.436587,0.970654,2.033924,1.188501,0.31645,0.328173,-0.848796,-0.974962,-0.062211,-1.712258,0.585403,-0.353118,0.598342,1.089738,-1.563312,0.644686,-0.250057,-0.865643,-1.127815,1.14928,1.005756,0.747223,-2.870407,-0.077584,-0.814214,-0.446102,-1.366086,-1.241598,-0.057873,-0.735123,0.128528,-1.778471,0.809852,-0.228021,-0.012464,0.555399,-0.805005,-0.349537,0.476412,-0.717096,-0.819155,-0.234618,-1.552421,0.101153,-0.197532,0.919806,1.113836,0.481742,0.472258,1.453895,0.695169,1.859755,2.130639,-0.775929,0.163724,-0.632333,0.33579,-1.585463,0.093071,0.613803,-0.467243,-0.818864,-0.844039,0.146407,1.822746,0.262687,-0.221297,-0.089095,2.679227,1.297199,-0.361472,-0.422673,0.383017,1.301423,-0.707592,-0.136796,-0.290518,-0.363446,0.202978,1.954198,1.546266,0.290265,-0.194037,-2.334037,1.899451,0.836785,-0.388846,-0.246145,-0.286209,1.73682,-0.691614,1.383066,0.579516,0.460336,1.818352,0.252507,0.153195,0.214746,1.080907,-0.228713,1.559968,2.586846,0.673259,1.45469,0.078757,-0.970004,0.312972,1.64866,-0.22001,-0.454561,-0.951217,0.901031,0.801475,-1.595347,0.171685,0.558106,0.248106,-2.407592,2.35831,1.689739,0.337233,2.31331,1.085734,0.91001,1.068108,-0.355453,1.707639,-0.710478,0.025382,-0.838949,0.722127,-0.733981,0.917644,0.849061,1.930004,-0.45696,-0.411583,0.879648,-0.228033,-0.780209,-0.494521,-0.284367,-2.472631,0.517257,0.048293,-0.436833,-0.807428,1.058572,-0.357511,1.454512,-0.525556,1.634899,0.314777,0.3534,1.54037,1.270586,0.249803,-0.016005,-1.124093,-1.027232,-0.57867,0.860321,0.388186,2.349797,0.672387,-0.586815,-0.16629,1.146148,-0.697462,-0.509171,1.79107,-0.094036,-1.17054,1.147537,0.186455,-1.774686,0.606626,0.768706,-0.754845,1.113234,0.389954,-1.021286,-1.329296,0.065114,-1.905968,-2.32622,-0.111052,-0.897631,0.284245,-0.252461,0.313715,-0.154323,-1.835228,-0.392502,0.358602,-2.448007,-0.240831,-0.6018,-1.106418,0.121607,0.379513,-1.124305,-2.728651,-0.440289,0.70517,-1.588078,-1.318437,-0.603814,-0.711688,1.059101,-0.694694,0.613696,1.70956,-0.554022,-1.632118,0.632354,-0.053852,-1.165751,-0.328349,1.867055,-1.394327,-0.134519,1.499313
ECA2481,-0.713435,2.37174,0.188116,-0.690111,0.422695,1.763071,-1.580768,-0.01314,-1.628997,0.271001,-0.051226,-0.020057,-1.235059,1.332777,0.51874,1.039989,1.565833,1.540476,0.984603,2.412126,1.147597,-0.722656,0.977938,0.032549,-0.33679,-2.053887,-0.98235,-0.458645,-0.966502,0.583272,0.096074,0.990947,-1.277907,0.841244,-0.065369,-0.331467,-1.72276,-0.234285,-0.314797,0.645146,0.046864,-0.396073,-1.145175,0.393668,1.694041,0.349079,-1.965556,-0.599625,0.624397,-0.426649,2.486858,-0.343041,-1.693589,0.722438,1.164306,-0.786183,0.117938,-1.679884,-0.180714,0.524472,-0.062504,0.808381,0.430642,-1.307105,-1.545945,2.105162,0.703285,0.501777,0.540729,0.158495,0.814923,-0.026093,-1.739082,-1.608235,-1.463172,-0.823035,1.210493,0.573596,-0.683944,-0.77188,-0.484648,-0.126049,0.714922,-1.886609,-0.218501,0.626263,-1.091986,0.164683,0.072906,0.242033,0.622419,0.676356,1.01277,-0.884604,-0.25084,-1.358674,0.028082,-1.044642,-1.543152,0.2029,-0.782193,0.701209,0.273173,1.710737,0.140891,1.336754,0.321567,-0.880228,0.619671,0.19568,1.956714,-1.152773,-1.029364,1.345213,0.254523,-1.233998,0.196481,-0.237172,-1.362582,2.252757,0.656319,-0.615243,0.381878,-0.350919,0.622548,-1.191385,1.203465,0.961132,0.10841,-1.38243,-1.995741,1.349407,-0.68663,-0.682698,1.616889,-0.701152,1.428938,2.632657,1.279261,-0.909493,2.747043,0.791387,-0.095569,2.276833,1.1533,1.778299,-0.321852,0.90606,1.730836,1.938847,0.127906,0.114002,1.147536,1.107831,0.232514,0.499337,0.923741,-0.996495,-0.197219,-1.15922,-0.732999,1.358822,-0.58519,0.312955,1.147207,0.663697,0.550292,0.438776,0.198698,-0.182829,0.244776,1.272238,-0.283396,-0.484171,0.497187,-0.514672,1.114632,0.044791,1.252415,0.585897,0.585154,0.208328,-0.631888,0.355012,-1.489913,-0.763446,-0.519035,0.552238,-0.190794,-1.372581,0.043735,-0.234696,1.715197,0.1355,0.649711,0.757584,1.092001,1.473902,0.024209,0.507267,0.685783,-1.005314,-0.125098,-0.62667,-1.537808,-1.002945,-0.281885,0.386318,-0.984748,-0.175439,-0.07521,-0.021082,-0.087691,-0.497168,0.236669,1.175338,-1.410317,-0.553764,-0.170997,-0.846655,1.939211,-0.073051,-0.22767,1.200081,-0.012803,-0.10265,-0.848811,1.005061,0.529771,-1.121491,1.68302,-1.023654,-1.416969,-1.776621,1.295897,-0.463223,0.394588,0.727152,0.657378,0.525523,0.011321,0.166963,-0.781887,-0.202778,0.775609,-1.030692,-0.58655,0.43056,0.775187,0.587045,-0.572752,-0.986154,0.689686,0.964335,-0.074391,-0.661427,-1.272924,-0.931197,0.008561,-1.493176,1.575882,0.670311,-0.035758,1.236769,0.077432,0.426666,-0.233412,0.42305,-0.162897,0.432449,-1.265297,0.3614,-0.805244,0.70189,1.379478,1.063353,1.748802,0.639338,-0.128506,-1.049599,0.286,-1.113503,-1.580693,-0.524826,-0.28643,-1.918434,-0.500743,-0.729054,-0.271936,-0.053487,0.899839,1.495357,0.409992,1.333858,0.786767,1.886708,0.322858,-0.417989,0.032267,0.0065,-0.506157,-0.927041,0.099992,0.341724,0.047826,-1.241632,-1.041162,1.161615,1.484355,-0.782106,0.162944,0.313096,-1.632615,-0.429782,-0.33029,-0.52852,-1.157962,-0.516976,-0.755943,0.46004,0.842418,-0.892043,-0.225019,-0.006274,-0.627079,-1.115639,0.498068,-0.378087,-0.346935,-0.046442,0.868155,0.463677,-1.830242,1.627002,-0.692431,1.566495,0.187256,0.426899,-0.143759
NIC199,0.725096,-0.795497,-1.836243,-0.215809,-0.257699,-0.744909,0.250329,-1.269098,-0.182643,0.455851,-0.898302,0.523995,0.743191,0.293335,-0.715455,0.188825,-1.413899,0.183258,-0.834464,-1.133012,0.888197,-0.556758,-1.470514,-0.899989,-0.248185,-0.457679,-1.130621,-0.218409,-0.569974,0.040566,-0.249524,-1.459458,0.371793,-0.276544,-0.270194,-1.410526,-0.28286,0.293415,-0.610199,-0.689736,0.419858,0.659155,1.375605,-0.975959,-0.453475,1.016621,-0.901946,0.433525,2.379576,0.932416,2.132928,-0.542228,1.856569,2.192286,-0.580884,0.743024,-0.098766,2.67039,1.135196,2.30693,0.631944,2.470414,1.148936,2.106198,-0.103651,-0.894451,-0.117926,0.560559,0.690929,-0.612978,1.665269,1.192655,0.345807,-0.277867,0.470302,2.268204,1.679514,-1.347405,-1.033947,-0.370184,0.464039,-1.642429,1.081634,-0.372466,0.683978,-0.578,-0.412486,-0.084896,-0.983767,-0.613636,0.214765,0.754588,0.897461,1.704272,-1.320397,-2.203992,-0.399231,-0.625787,0.31673,1.581744,-0.074941,-1.156491,-0.637568,0.926141,-1.284358,-0.310622,-0.953936,-1.076654,0.558815,-0.837497,0.075093,0.759936,1.037985,0.798477,1.784946,1.362539,0.993075,0.988047,-0.174993,1.044906,-0.195321,1.170347,1.556733,0.971911,0.732328,1.840765,0.331195,0.160623,0.549287,-0.830271,-0.253091,-0.24861,0.637296,-0.706914,-1.322187,1.246983,0.291883,-0.478804,-0.914199,-1.671961,-0.937889,-1.175666,-0.729067,-1.80125,-0.062729,-1.055489,0.74035,0.720472,-0.99022,0.769796,-1.375914,-1.403803,-1.091891,-0.169919,-0.993193,0.277101,-0.147765,-0.693035,1.426204,-1.000129,-1.079314,-1.39045,-1.324394,-0.005195,0.140789,-0.230993,0.908735,0.979956,4.032877,0.974747,0.891876,-0.374274,-1.316601,-0.99882,-0.562491,-0.785081,0.534314,0.777686,-1.115662,-1.63355,-1.014176,-0.638701,-0.426198,1.236214,0.023355,0.897818,0.904689,0.317234,1.207614,0.180293,-0.480173,2.034595,-1.012927,-0.548084,0.012768,1.619245,0.935491,0.677742,0.669194,-0.299897,1.520525,0.358712,1.271153,-0.200496,-0.074469,-0.293376,0.37685,-0.021257,-0.599586,-0.61087,0.893928,-1.509124,-0.942431,-0.633935,-0.279514,-1.088631,-0.514051,-0.263456,-0.591211,1.43683,0.178414,-0.808008,0.079078,-0.719633,-1.486011,-0.449201,1.044544,0.512854,-0.543874,-0.361208,0.081968,-0.805154,0.882104,-0.002069,-0.102574,0.598513,-0.18655,0.49637,0.428153,-0.507582,0.856266,-0.224856,0.839934,0.020656,0.071808,-1.145992,-1.132378,-1.77405,1.280106,-1.241076,-1.61663,-2.175475,-1.058902,-0.054386,0.275016,0.534456,0.652853,-0.972584,-0.903099,1.117452,0.715394,-1.686633,-0.009874,-1.217191,-1.819073,-0.405594,-0.504835,-0.883008,0.225832,-0.637748,-1.036795,-0.516644,-0.736601,-0.706868,-0.961397,1.108869,0.715125,1.15688,0.135531,-0.096101,0.134981,-1.140912,0.217159,-1.997789,0.021982,-0.916875,-1.568691,-0.573688,-1.640691,0.406245,0.569434,-0.76806,0.10367,-1.49343,0.721577,1.548399,0.115383,0.907278,-2.221069,-1.069282,-0.188264,-0.133529,0.988824,1.168587,-0.649456,0.382311,-1.041781,-0.600151,0.314404,-1.087972,-1.103192,-1.027352,-0.072816,-0.636519,0.098379,0.283958,-0.561428,-1.987991,-1.265039,0.999753,-3.160653,-0.999631,0.680393,-0.342653,0.054094,-0.495311,-0.977172,-1.015611,-0.31585,-1.163372,1.646871,1.435378,0.448287,-1.810814,-0.303029,-1.263061,-0.531698,0.023896,0.606073
ECA1286,0.237323,0.655413,-1.667566,1.219945,-0.358501,0.91017,1.405139,0.641168,0.928019,-1.035146,0.0265,0.17488,1.292328,-0.222259,-1.036496,-0.034121,-0.328542,-0.35066,-0.137697,-0.64522,-0.648261,0.650404,0.486657,1.421892,1.050686,0.692066,1.063584,1.325784,1.2156,0.975721,0.915489,1.188051,0.443679,0.2085,0.285827,1.367441,-0.107752,-0.735964,1.280245,-0.353038,1.836883,-1.210738,-0.984119,-0.387151,-0.120132,0.978061,-0.663599,-0.96146,-1.507335,-1.555718,0.318296,-0.947701,-0.122777,0.273813,-3.431959,0.330439,2.031419,1.50988,0.664541,-1.380373,-0.250503,-0.633043,-1.286168,-0.710595,-0.051465,-1.826656,-0.637663,-0.890701,-1.864962,1.552301,-0.069412,-0.051578,-0.616707,-0.870155,0.037758,-0.076819,1.396934,1.395972,-1.085792,-0.104196,-0.975362,-1.564647,0.708614,0.71372,-0.912654,-0.155716,0.248727,0.388169,-1.518745,-1.570603,0.513171,1.247676,-0.005612,-0.394676,0.291366,-1.018229,-0.167436,1.323366,0.229402,0.026378,0.591829,1.147213,1.683956,-0.702635,0.905823,0.456929,0.008785,1.482735,2.007599,0.282924,1.247791,-0.11085,1.341407,0.276566,-0.283918,0.838541,0.268865,-2.073154,0.671462,-0.370171,0.108183,-0.184876,-2.126796,0.102742,0.419164,0.641718,0.749492,-0.093241,1.508919,0.802366,0.144895,1.575535,0.500152,1.729424,0.18499,-2.166295,0.285203,0.702346,-0.34109,0.119207,-0.642178,-0.720192,0.206016,-0.665082,-0.223553,1.981783,1.877601,0.267134,0.775825,2.006593,1.012295,1.868127,0.797692,-0.932897,0.545474,0.698098,-0.388671,0.537757,-0.760966,-0.571808,0.191359,-1.626674,0.283864,0.846011,1.225379,-0.031036,-1.597188,0.418032,-0.077513,-1.977764,-0.45425,0.93218,-0.622607,0.992049,0.897113,0.907836,0.036471,-1.216662,-1.124958,-1.087617,-1.488902,-1.389707,0.254739,-2.124139,0.190008,-0.187572,-0.789188,-0.649641,1.818889,0.558306,0.056541,-1.022275,-1.823347,3.128106,-0.9071,-0.526114,-1.105887,1.238865,0.754843,-0.08,-1.088977,-0.930259,-1.526303,0.709181,-0.848412,1.383139,-0.360913,0.059718,0.527464,1.157662,0.442566,-0.483928,0.427282,-0.65989,-0.394402,-1.004358,-0.240661,0.408674,0.131464,0.641575,0.236892,0.381419,0.544521,0.486146,-0.769848,-1.025663,-0.637955,-0.071165,0.841131,0.205055,1.121145,-0.049992,-0.701826,1.708615,-0.992505,-0.582834,-0.911625,1.125476,0.539931,0.074363,0.961726,-0.588364,0.141712,-1.417777,-0.325904,1.450769,0.53735,1.394934,-0.815486,0.43028,-0.358493,1.850855,0.067972,-0.344726,-0.615358,-0.601426,-0.248253,-0.946467,-0.405136,-0.050994,-1.434592,-0.529941,-0.511955,0.475663,-1.008609,1.289524,-0.758337,0.063706,-0.634237,-0.199875,0.280543,-1.00233,0.074345,-0.552094,1.095325,0.255939,-0.557098,2.200312,1.226975,-0.077022,0.782082,-0.196146,0.427833,-1.157441,-0.222976,0.957363,0.545194,-0.211522,0.464844,1.309217,-0.207243,-0.346239,-1.422587,-0.790969,2.313582,-0.167714,2.658404,1.247168,-0.672083,0.206596,1.930134,1.343977,-0.007463,-0.005188,1.057838,0.771564,-1.727482,-1.044205,0.440141,1.057377,-1.330607,-1.341504,-0.3223,-0.156229,-0.620583,1.043248,1.211892,-0.256508,0.306655,-1.611038,-0.077043,-0.058524,1.129545,-0.457811,1.173966,-2.706269,-0.601791,1.581323,-0.261152,-0.884053,-0.182614,1.291718,-0.081165,-0.226078,1.499053,0.588675,0.465118,1.944587,-0.518799
ECA1200,1.496356,1.549732,0.67602,0.8803,-0.469257,2.043102,-0.48013,0.056013,0.961146,-0.044516,1.025915,-0.594495,1.506257,1.576663,0.994303,4.024103,1.200111,0.251279,-2.65189,-0.21355,-1.329485,-0.291741,-1.396037,-1.194726,-1.250899,-0.359641,0.659786,0.277467,-0.742997,-0.537814,1.164084,-1.852695,-0.619643,0.315189,-0.245622,-1.500268,0.996299,-1.296694,0.800435,0.445393,0.330572,-0.85126,-0.971819,-1.095184,-0.441029,1.003033,0.425091,-0.836076,0.631925,-0.490846,-0.257892,-0.553948,-0.156626,-0.04594,-0.64002,1.155813,-1.112763,-0.648961,-0.363287,-0.304387,-0.97361,0.531367,0.579805,-0.378799,-0.523864,0.534303,0.600144,-1.087224,1.458711,-0.905074,0.3888,1.003668,0.262329,0.36642,0.243312,-0.626619,-0.32159,-1.262275,-0.226215,-0.799422,1.34788,0.750273,-0.844517,-0.105423,-1.232757,0.285292,-0.182709,-1.216645,-0.38842,-1.545116,-1.659496,1.399121,-0.200827,-1.645983,0.321584,1.223473,-0.60066,-0.861477,1.046906,1.502869,1.452802,1.50348,-0.693799,1.620894,-0.45429,0.401208,1.944928,1.070346,0.241755,-1.211243,-1.155916,0.142238,-1.509175,-0.753121,0.291066,-0.832641,-0.35526,-0.252145,-1.118502,-1.811845,-0.685658,-1.390644,-0.956595,0.295852,-0.541621,0.66396,0.193683,-0.756405,-0.688364,-0.635409,0.989207,-3.257131,0.276096,-1.918722,0.462494,-0.710421,1.107313,-0.724626,0.914206,0.967334,-0.137411,0.320305,-0.748272,-0.334786,0.273635,-1.544378,-1.730679,-1.594647,-1.119359,0.765375,0.907233,0.54291,-0.860523,-0.123685,-1.716435,1.764077,0.485018,0.864352,-1.027433,-0.703892,-2.10594,-0.569034,-0.572645,0.23745,-0.699227,0.092786,0.830686,0.155275,-1.344033,-1.550196,-0.57686,0.413183,0.976097,-0.855323,-0.037023,-0.68547,-0.892079,1.11008,0.139875,0.601915,0.001092,1.407082,-0.664776,0.205795,-0.098825,0.746322,-0.218558,0.187502,2.054937,1.227486,0.623671,-0.22575,-0.74627,-0.081323,1.539521,-0.709477,0.271422,1.450796,-0.253509,0.142069,-2.140064,1.225264,0.585252,1.749909,1.271471,2.225587,1.196658,0.7971,-0.054476,0.463939,-0.755804,-1.364389,0.017272,-0.111047,0.186369,-0.333676,0.069386,-1.764495,-0.148311,-1.119974,1.510992,-0.038051,-0.627554,-0.559985,-0.852439,1.056212,1.406519,-1.725161,-0.504906,-0.054349,1.224994,-0.198731,-1.218853,-1.217969,-1.376525,0.066131,0.599004,0.641845,0.184928,1.26236,1.34099,2.777606,0.879922,0.209211,-0.346331,-1.878795,0.329675,1.455638,0.818818,0.234473,1.004378,0.435588,2.290096,-0.752583,0.794981,-1.533436,-0.727115,-1.100471,-0.659073,-1.205455,-1.989548,2.699448,1.006319,-0.066086,2.346186,-0.249497,0.781418,0.016707,1.297935,-0.036265,0.784144,0.253941,-1.216971,-0.230539,-0.527075,-1.890623,-1.281983,-1.472172,1.011086,0.675519,-1.002318,0.041372,0.472159,1.202267,0.66755,1.031134,1.363463,0.152328,1.044413,-0.159847,1.090945,1.253934,-0.05878,1.236789,1.18488,1.560856,-0.324664,0.455751,-1.742718,0.723482,-0.685132,-0.19171,-1.792714,1.280517,-0.921233,0.780658,0.462786,0.988155,1.046978,-0.201144,0.18767,0.324332,0.272518,0.869778,0.084903,-0.001107,0.037279,-1.148035,0.830769,-1.175413,-0.590988,0.189504,1.251904,-0.92354,-0.847096,0.280377,-1.018717,0.05373,-1.905651,-0.247631,-1.168586,1.464026,-0.564243,-0.842896,-1.288865,0.317258,-0.794893,0.922739,-0.361238
ECA594,-0.198955,-0.120101,0.615753,0.268733,1.42774,-0.166455,0.053769,-0.014068,-0.800308,0.611433,-0.076158,-0.005001,0.44518,-1.127615,1.005027,0.158108,1.160404,0.670297,1.398434,-1.174807,-0.183703,-1.04216,-1.3587,-0.480701,-0.615018,-0.866385,0.519703,-1.478424,-0.318329,-0.375518,0.278244,-0.217359,0.652302,-0.725389,-0.645436,0.966089,-1.563475,-0.13311,0.726817,-0.393454,0.32902,-1.247435,0.039307,-0.635349,0.06931,0.140993,0.305715,1.585335,0.675312,0.483051,-0.46333,-1.261593,0.380398,-2.022193,-1.463247,0.064388,-0.040681,-0.474823,-1.059488,1.27477,-0.15084,-0.831445,-0.849468,-0.435671,0.691063,1.534623,1.522975,0.221839,-0.267753,1.923427,0.481693,-0.114283,1.399357,-0.476222,1.820372,-0.909916,0.343947,-0.66238,-0.026289,1.132876,-1.492421,-1.944294,-2.397154,1.575943,-0.485274,2.158711,0.989893,-1.020778,0.082312,-1.331084,-0.366061,-1.151939,1.597375,-1.752997,0.602229,-2.423032,-0.10215,0.712098,-1.023158,0.945986,-0.333401,0.909733,1.646108,1.059036,-0.832884,0.484354,1.092132,1.53858,-0.93436,-1.699531,-1.523201,-0.333252,1.279172,-0.442789,-0.328589,-0.028859,0.063905,-0.560437,0.891633,-0.288954,0.789591,0.75985,0.453733,1.190414,1.768314,2.125014,0.389824,0.728904,-0.122384,-0.740772,0.631718,0.010814,-0.560613,-0.364787,-0.004149,-0.826863,-0.314241,0.208481,0.192272,-1.77274,-0.24526,-1.452447,-0.206809,0.975791,-1.136596,-0.389631,0.267131,-0.687607,-0.084355,0.502578,0.985275,1.599812,-0.07305,0.417749,0.850277,0.555889,0.205427,0.543422,0.136269,-0.87012,-0.729832,-0.748063,-2.04864,-0.689824,-0.860702,-0.410491,-0.254994,-0.122188,0.159317,-1.367062,-2.171268,2.991979,0.642087,0.01962,1.524694,0.370828,2.057823,0.586327,0.968743,1.074844,-0.820306,2.024083,1.13843,1.366228,1.123957,-0.498938,2.391633,0.344725,1.283869,0.043999,-0.415536,0.159511,-1.725641,-0.483088,0.793544,0.79109,0.376607,0.50807,-0.973679,1.662994,-1.218771,2.081328,-0.55361,1.89846,1.666595,0.721541,1.450114,0.511058,2.218834,0.747245,-0.353365,0.656279,1.598796,0.425643,0.167305,2.812809,0.833463,0.989066,-0.624677,0.86964,1.828789,-0.29286,0.98477,0.225935,-0.095467,0.309831,-2.523019,-1.680536,0.312714,-1.52782,0.967801,-0.073087,0.567819,0.918668,0.097047,1.060327,0.224365,-0.88277,0.652022,0.04206,0.094413,0.110125,0.750089,0.924899,0.995556,1.145588,0.502437,0.136865,0.66499,-0.325802,0.428632,0.02154,0.383301,-0.851427,-1.251196,-1.377612,-0.474851,0.992992,0.739433,-0.378069,-1.512581,1.665702,-0.03576,-0.278689,1.318345,0.906167,-0.540208,0.478249,1.646112,-0.192449,-0.529987,0.681166,-0.130931,0.32737,1.102744,1.296479,-1.076659,0.338329,0.638227,-1.171527,0.12071,-1.555681,-0.376883,-0.219219,-1.637159,-0.186271,0.388518,-1.257161,-0.211633,-0.580979,0.392182,2.274854,0.712676,-0.44453,-0.285378,0.415973,-0.262911,0.409853,-0.64338,-1.157732,0.408187,0.093502,-1.371051,-1.783044,-0.237166,0.0174,-0.697291,1.083979,0.200369,0.479999,-0.837654,2.14307,1.23277,0.899288,-0.006305,0.355485,-0.632339,-1.390044,-0.528253,0.764114,-0.305844,-1.381638,-0.690081,-0.616526,-0.730797,-0.520043,-0.189255,0.046462,-0.12387,0.935655,1.29286,-0.813993,-0.422763,-1.747443,0.436254,1.691338,0.902888,-0.468265,0.149074
JU1896,0.423102,0.876731,-1.298975,-0.145243,0.849062,-0.02337,-1.0228,-1.239329,-0.344726,1.806404,1.314776,0.81413,-0.181185,-0.181924,0.90387,-0.034296,1.782407,0.265792,0.7872,0.224448,-0.01006,-0.808833,-1.31442,-0.048618,0.699189,0.251391,0.921291,-0.46956,0.326458,0.505122,0.494651,1.90974,-1.141424,-0.039319,-0.108588,-0.93054,0.263068,0.281936,0.455415,-1.511176,-0.875589,-1.543296,-0.757026,-0.58941,-0.599529,-0.130512,-0.623375,1.099479,0.239556,1.982872,-1.54694,0.368467,0.352425,0.534803,-0.921836,0.978656,0.567636,-0.536637,-1.1882,-0.931622,0.382774,-0.42101,-0.21951,-0.652749,-0.344874,0.933979,-1.700218,-0.455538,-1.035791,-0.023379,1.085531,-0.314909,2.482503,0.704224,2.240975,-0.0087,2.115054,-0.041113,2.906639,2.629266,0.561697,0.654272,-0.43043,-0.023879,-0.130607,0.152274,-0.12984,0.194524,-0.016227,-0.751265,0.874846,-1.176462,0.281469,0.652155,-1.127098,-1.773857,-0.7272,-0.122182,-1.430995,-1.093777,0.679687,-0.322682,-0.923143,0.309252,-0.07268,-2.598511,0.761974,0.215226,1.047928,1.434371,-0.134557,2.081063,0.575107,0.839708,0.986946,0.814016,0.875898,-0.145411,2.901654,0.481831,0.149822,-0.085363,-0.186637,1.189094,1.061527,0.775706,-2.301989,-0.080022,0.727542,-0.124489,-0.246005,0.060584,0.38569,0.045194,-1.376897,0.38977,-2.062169,1.713847,0.270965,-0.860852,0.260125,-1.028723,1.79858,0.866153,0.446125,2.213892,-0.281189,1.349803,-1.024431,0.680228,0.087383,-0.85119,-1.445792,-0.237478,-1.42114,1.923698,0.392764,1.66132,0.704918,0.851662,1.381551,2.694821,0.831501,-0.385618,1.168687,-0.463287,1.100482,-0.320691,-0.663762,-1.08399,-0.387989,1.201651,0.751093,1.615362,1.23071,0.534538,0.160767,1.694187,1.600398,3.228309,-0.22926,2.212816,0.693734,0.126597,-0.326686,1.339002,-0.297942,-0.09229,0.672971,-0.580181,0.674085,-0.358432,-0.743632,-0.366385,-1.151381,-0.146596,0.23225,0.116285,-0.737521,1.042003,-0.578467,-0.699584,-0.400165,-1.011534,-1.003765,-1.908062,-1.233709,-0.13034,0.844598,-1.622941,-0.086046,-0.390411,-0.846906,0.330582,-1.453256,0.185987,1.141573,0.800257,1.023185,0.367458,1.603984,1.822666,1.862116,0.47891,0.612647,0.756354,-0.314738,0.487032,-0.629819,-0.68799,-0.55912,-0.21129,-0.270308,-1.108467,0.435285,-0.299264,0.259256,1.940729,-0.807818,-0.704706,-0.956916,-0.103327,-1.221375,0.899802,-0.185605,0.102154,0.827111,1.019036,-1.470405,-0.5882,-0.429065,-0.731865,1.408871,0.998403,0.347866,-0.238986,0.868174,1.27611,0.096355,0.474356,1.580887,0.965267,0.091847,0.071533,1.172243,0.965503,-0.277669,-0.90148,1.507388,2.470779,-0.327537,1.73504,2.056015,-2.046446,-1.181483,0.096821,-0.608945,0.699894,-0.291131,-1.762933,-1.021691,0.780871,-1.302975,0.409768,-0.159161,-0.129579,0.418286,0.473407,0.272476,0.151849,0.635183,1.037363,2.575223,0.500336,-0.181796,0.810457,0.15457,-0.149391,0.68683,-0.434285,-0.803034,-0.051134,-0.963241,0.925458,0.706952,1.110901,1.349287,0.584387,-1.877143,-0.127637,0.282363,1.361919,0.763675,0.811356,0.630068,0.522752,-0.593369,0.543164,-0.359885,-2.451026,1.330194,0.435893,-0.760962,0.383864,0.796441,1.157949,-0.143591,1.730715,1.486105,-0.202324,-0.376522,-0.057512,-0.319315,-1.266605,0.043971,-0.699136,-1.261235,-0.21433,0.009312
ECA1287,-0.661343,0.35389,-0.711247,0.198026,1.979726,0.324063,0.205391,1.918031,1.074236,0.873612,0.468796,0.128408,0.001802,0.038549,0.12781,-0.228993,-0.408672,-1.181739,0.176144,-0.251634,-0.219262,1.863496,-1.378163,0.575,-0.088557,0.562027,0.011183,0.53268,0.839076,0.949472,2.278542,0.43477,0.453056,0.394494,1.711021,1.898079,0.448326,1.670532,-1.056787,-1.348067,-0.022962,-0.650718,0.627571,-0.465328,-0.981187,-1.176903,-1.481297,-0.22202,-0.049874,-0.355272,-1.63797,-0.814922,0.581752,0.603262,0.407091,0.967946,-0.06893,-0.788228,0.207561,-1.064659,1.282427,1.186545,-0.867312,0.006861,-0.665755,1.101487,1.036426,-1.724176,-1.024983,-0.333264,0.655864,0.181627,0.550994,-2.072985,0.141442,-0.388478,-1.259687,-0.531573,-0.854511,-0.231426,-1.123092,-1.217911,-0.16878,0.948831,0.697518,-1.232311,-0.207912,0.661817,0.332498,-0.65993,0.036211,-1.890235,-0.05936,-0.407103,1.020609,0.282996,-0.687596,-0.127504,1.974365,0.013231,-0.816973,-0.451265,-0.027463,-0.272283,1.327183,0.325472,0.344481,0.98607,0.356403,0.252312,-2.430647,-0.108219,-0.242321,-0.302175,-0.144782,0.298967,0.482239,1.420729,0.02009,-1.000522,-0.622343,-0.554452,-0.310968,-1.519519,0.568533,-0.857875,0.261595,-0.527773,-1.184361,0.876365,0.623104,-1.351367,-0.418355,0.538454,1.99454,-0.618955,1.740003,-1.425077,0.1016,0.555604,-1.975304,-0.54181,-0.131033,-0.081027,-2.321226,-2.384707,1.350686,-0.871313,-1.149371,-0.45002,-1.261172,-1.831241,1.573911,-0.100429,0.055919,-1.352313,-1.531965,-0.839634,0.308766,-0.123375,0.490769,0.192698,-0.696276,-0.271566,-0.784641,1.734632,-0.04867,-1.215417,-0.642864,-0.312383,-0.884596,-0.975352,-0.422371,-0.506816,0.52321,1.450787,-0.085229,1.435503,0.593197,1.524114,-0.063358,2.230525,-1.227283,-2.248771,0.890933,1.651138,-0.276753,-0.999052,-0.994559,-0.555652,2.355978,0.832623,1.079625,-0.073432,-0.719788,-0.850963,2.01344,0.483196,-0.743901,-1.403382,1.397852,-0.789098,0.770134,1.1753,0.838542,-0.305483,-2.024154,0.267433,0.584584,0.600628,0.337453,-0.170476,-1.277623,-1.844642,-0.816299,-1.52179,0.101122,-0.002876,0.223065,-0.390936,-1.706065,0.021099,-1.331263,-1.920859,-0.508967,0.873714,-0.860127,0.201511,-0.6425,1.23875,0.176263,-1.515624,0.884985,1.920331,-0.752898,0.956427,-0.062861,1.811451,-0.222192,0.359136,-0.224499,-1.030078,-1.782795,-1.930314,0.427854,-0.297504,-1.034553,0.249536,-1.376518,-1.118771,-0.028718,0.408886,-0.564451,0.608555,-0.585437,-1.488081,1.572666,0.390255,-1.466326,-0.993221,-1.275579,-0.283022,0.412285,-0.232653,0.432473,0.472592,-0.113659,-0.455817,0.39138,1.732967,0.577678,-1.476749,0.212034,-0.275768,0.661361,-0.403618,1.064791,1.107037,1.212405,-0.425743,2.157765,1.943584,-0.591944,-0.447795,-0.931119,-0.551783,-1.199623,-0.914217,0.936389,0.163832,-0.350169,-2.013698,-0.545904,-1.331274,-0.152357,-0.263002,-0.490627,-1.301495,0.67297,0.378301,0.447259,1.914728,0.639453,1.552104,0.702179,0.402623,2.194324,-0.520901,-0.104529,-0.200292,0.133157,-0.299094,1.331387,-0.508158,0.776328,0.037208,0.482326,-0.289253,0.381515,1.508416,2.050313,1.283923,0.340294,0.066415,0.511758,0.239081,1.700776,-1.416216,0.454941,0.408503,0.04671,-0.029664,1.338031,-1.008329,-0.81648,-1.39179,-0.876983,-1.178692,-0.489423
ECA1807,-0.885801,-1.254966,-1.355421,-0.675317,-0.957274,-0.472831,0.973074,-1.314893,-0.200092,-0.862743,-0.804093,0.091838,0.546351,-0.432025,0.577419,0.626096,0.349618,-0.090983,-0.261395,-0.508166,-0.715093,-0.919561,1.145017,-0.841692,-2.023651,-0.89505,-1.289359,0.231868,-0.323795,-0.367515,-1.283363,-0.836061,0.684503,-0.29382,-0.444427,-0.617287,0.011762,1.344186,0.146501,0.396891,-0.940916,-0.755043,-1.707009,-1.210983,-0.592313,0.744043,1.395983,-0.486287,1.985608,0.452026,-0.401124,-0.672452,0.202667,1.235156,-1.204001,2.097831,-0.492491,-0.161975,0.533656,1.573468,0.427199,0.373328,0.629748,-0.298301,-0.956482,-0.235734,0.610709,-0.625213,-1.60943,0.501316,1.201134,-1.091933,0.458225,0.632163,-2.119233,-1.000741,-0.576069,-0.739252,0.779602,-0.382675,-0.152653,-1.51019,1.531526,0.790474,1.923609,0.957058,1.569445,2.160227,1.198962,1.447602,-1.402037,-1.425718,-1.964069,0.855227,-0.484299,-0.21583,0.28319,-0.103823,-0.319541,-0.053423,1.003571,1.090516,-0.148852,0.888814,-2.648461,-0.485204,1.245507,0.09309,0.115611,0.474165,0.166476,0.095847,0.497166,1.248989,-0.551894,-0.036431,-0.270768,-0.266256,-0.17727,0.313425,0.581138,0.673026,-0.257151,0.046638,1.95408,1.431266,0.294793,-0.9955,0.326024,-0.984059,-0.855004,0.878486,-0.728422,-1.088932,-0.695599,0.070019,0.871706,0.569692,0.572769,1.470775,1.463674,0.541882,-0.764461,0.170271,0.298765,0.259337,0.210335,1.007863,0.705215,-0.152798,0.789618,0.548814,-0.383065,0.83507,-1.68853,-0.258867,1.335683,-0.414017,2.069436,-0.46085,0.366001,-1.018298,-0.630055,-0.848045,-0.016437,2.790955,1.011471,1.691392,-0.45455,1.310054,0.531923,1.350812,0.409912,0.363641,1.201241,-0.07007,0.700762,2.065568,1.792713,0.628475,1.132781,0.70023,0.191638,0.294412,0.401009,1.105429,-0.116671,-0.044072,0.418136,0.092842,1.023242,0.428169,-0.485313,-0.192268,-0.625596,0.914388,-0.158321,-0.049701,-0.292393,0.50932,0.296021,-0.861904,-0.290493,-2.005822,1.020156,-1.4657,-1.105984,-0.579753,-0.348286,1.212488,0.024882,-0.552504,-0.359329,-1.80103,-1.065367,-0.934503,-0.271599,-0.897288,-0.88979,-0.467425,-0.270105,1.370013,-1.107527,-1.695272,-0.755413,0.110658,-2.003394,1.213982,0.760634,1.749413,-1.6257,-0.363248,-1.748319,-0.656606,0.061667,-1.033446,-0.201694,0.851341,-0.997862,-0.443472,0.171639,0.042944,-0.542849,1.704814,2.665098,-0.669429,0.836612,-1.879705,-1.880057,-0.872737,-0.243931,-0.835046,-0.241352,1.180582,0.664135,1.122181,0.039447,1.262561,0.423396,2.197034,-0.538809,1.101507,-0.636234,-0.445289,0.822154,0.515283,-1.578123,-0.598296,0.040298,0.005366,2.088395,-0.546816,1.31244,1.745398,0.736079,-0.908593,1.652238,-0.878013,1.833903,-1.848971,-0.045897,2.47929,-0.911695,0.77256,-0.666317,0.113331,-2.554753,-2.105251,0.40811,-0.022437,0.455776,0.057165,1.870547,-0.496591,-0.734488,-0.344213,-0.220357,-0.818818,-0.721596,1.725616,0.266182,-0.214203,-0.107804,-0.392879,0.041043,-1.38563,-1.541237,-0.414094,-0.199564,-0.046147,1.733799,-0.042889,-0.903485,-0.213639,-1.195266,-0.654513,-0.549007,-1.840389,-0.451209,-0.206251,-2.799678,-1.1582,-0.789214,0.110481,0.495396,0.275356,1.104942,-0.437268,0.559898,-1.048182,0.690929,0.718182,-1.412829,0.02603,-1.431047,-0.342917,0.784054,1.332505,-0.487786
ECA593,-1.30154,0.065037,1.92407,1.467368,0.21161,-0.572448,1.491647,1.786475,1.411467,-0.523426,-1.603625,1.111461,2.000872,0.986286,0.689361,1.446678,0.16303,2.095399,-0.066097,-0.359661,0.994983,1.453764,-0.783334,-0.676369,0.003762,0.891045,0.550029,-1.290042,-1.260388,0.828451,-0.975172,-1.520456,-1.870394,-1.369933,-0.741734,-0.329828,0.198129,0.303729,-1.059003,1.215626,0.402225,-0.083305,0.68946,0.479891,0.914728,-1.492984,0.045604,-0.532419,-0.227511,0.092741,1.760722,-0.763798,-0.789103,0.347749,-0.222903,0.232588,-1.14361,0.267505,-1.660759,0.419778,0.760985,-1.021255,0.311192,-0.501616,1.20882,-0.477788,-0.233966,1.331708,-0.878772,0.474645,1.190018,1.022252,-0.763327,-0.867434,0.174203,-0.094362,0.217242,1.712974,0.962928,-1.005287,0.994708,1.564616,1.380078,-0.940397,-0.323129,-0.031446,0.862972,-0.890109,2.251749,-0.503237,0.412117,0.983307,-1.323096,-0.474212,1.446011,0.046259,0.54498,-1.242883,-1.692226,-0.561987,-0.009696,0.518404,-0.629722,-0.123646,-1.037428,-1.107335,-0.45794,0.932731,0.360678,0.457848,-0.830224,0.002344,-0.354802,-0.018282,-0.334619,0.008876,0.83441,0.873461,-0.097805,-0.388832,1.250915,1.061587,0.264102,1.081901,1.791901,-0.208132,0.062463,-0.355418,1.256756,1.366885,-0.665973,-0.951308,0.041443,-0.81067,-0.619781,-0.519396,-0.242019,-0.217256,2.07631,-0.033924,1.425973,1.719148,1.724353,1.645439,-0.417278,0.768214,0.380888,0.238024,-0.662615,-1.630239,0.801895,0.788661,-1.010925,0.037119,1.36307,-0.437014,-2.194335,-1.575301,0.453345,-1.718097,-0.634628,-0.209779,-1.540577,1.227053,1.396339,1.07804,1.045922,-0.184246,1.233923,2.531628,1.553912,2.179237,0.024204,1.586654,1.220426,0.099453,0.919205,0.848367,-1.197034,0.462569,0.743132,0.235812,0.281947,0.384281,-0.665434,0.489754,1.619827,1.007858,0.862723,-2.526429,-0.019423,0.834225,1.093692,-0.178785,0.435509,1.622239,0.700126,0.880447,-1.696182,-0.343379,0.065534,-0.392021,-2.301772,0.666493,-0.083183,-0.18425,-0.567594,-0.443702,-0.271394,0.296254,0.16447,-0.364989,-0.342784,-0.918987,-1.107985,-1.141062,1.620228,1.846266,0.690499,1.283755,0.496159,-0.431092,0.24537,0.251304,-1.150305,-0.450744,0.045168,0.866787,0.602488,1.898383,0.102,-0.630152,1.121688,0.029926,-0.924524,-0.92136,-0.686044,-2.29661,-0.061425,0.318669,0.023749,-1.303519,-1.611555,-0.185002,-0.400709,0.253901,-1.976642,-0.216974,0.947449,-0.482314,-0.441796,0.546096,0.074816,-1.065995,0.708037,-0.040687,2.720919,1.288139,-1.071535,-0.978533,-0.45384,1.024709,1.444542,0.482913,-0.297137,-0.160484,0.293543,-0.317695,1.152885,-0.322441,-0.216821,0.305225,-0.355503,0.392425,-3.367582,-0.441126,-0.523819,-0.209602,-0.890747,-0.945555,1.530965,-0.209868,0.387725,-0.475043,0.549575,1.144223,-0.050275,1.138504,-0.416007,-0.819145,0.333415,-0.356895,-0.763834,0.180245,0.250969,0.416308,2.035118,-1.067763,-0.86923,-1.06258,0.486415,0.544711,-1.396555,0.337384,-1.262059,-0.517939,1.648517,1.183368,-0.068418,-0.54668,-1.510927,0.393561,-1.967945,-1.313395,-0.638229,-0.243187,-0.290691,-0.427406,1.426149,-0.26227,1.416295,0.847208,0.955938,0.655549,-0.323179,-0.304426,0.768623,-0.817653,-0.264455,-0.056971,0.480924,0.145068,0.194417,-0.743292,0.423253,-1.060227,1.537248,-0.182747,-0.837489
QX1792,0.799465,-1.115042,0.156291,1.257507,-1.0392,0.89184,0.012268,-0.626227,-0.09968,1.201472,2.231598,-0.430123,1.236144,-0.243066,0.606594,2.008412,0.538113,0.478166,-0.512662,-0.001733,-0.033245,0.717698,0.644226,-1.175734,-0.333675,0.142976,1.074383,1.839639,2.186591,-0.162147,-0.477462,-0.234384,-1.62163,-0.40213,-1.424831,-0.232298,-0.713052,-0.880616,0.068165,0.264385,0.71738,-0.269046,-1.309526,0.131632,-0.632616,0.018782,0.683027,-1.427047,0.409165,-1.749543,-1.15867,0.829704,0.572086,-1.143265,1.023065,0.52037,2.304296,0.538428,3.363567,0.427459,1.571963,1.62373,2.139793,0.104071,-0.047213,-0.585851,-0.261777,1.822957,0.546325,-0.697127,-0.170776,-0.057206,0.253843,1.140404,1.937203,0.316218,1.22841,-0.473858,0.101092,-1.439801,-1.081074,0.636523,-1.730424,1.172021,0.498608,0.447627,1.678066,-0.610456,-1.752657,0.108805,1.116898,-1.506737,2.405904,-1.338007,0.341229,-1.679719,0.062474,-0.16731,0.480795,-0.127232,-1.585737,-0.61042,1.324466,-0.048279,1.004005,0.150544,0.651906,0.801701,0.3669,-1.225971,3.076702,0.128651,1.082276,1.978482,1.242812,2.950388,0.867631,0.674351,-0.389697,1.267648,0.0621,-1.380799,1.136592,-0.346915,1.764252,0.435844,0.402061,-0.115644,-0.043613,-0.446672,-1.18261,-1.419837,1.401432,-0.683171,-0.243861,-1.942959,-0.166544,0.810845,-1.061707,-0.186462,-0.417968,-0.815562,-0.587478,-0.803216,-1.255527,-0.518092,0.406958,0.227179,0.240932,-0.198514,-1.400017,0.620358,0.907543,-2.22563,0.04592,0.404786,0.419822,-0.559296,-1.197452,-0.546977,-0.22057,-1.313162,1.07235,0.54907,-1.462888,-1.920127,0.077129,0.125138,0.402748,1.63727,0.739933,-0.738534,1.146463,0.585781,-0.425702,0.315214,-0.763879,-0.818444,-0.786304,0.60413,-0.557969,-1.170605,0.473606,-1.62956,-0.781361,-0.541511,-0.633763,0.33343,-1.153648,0.395227,-0.206324,-0.49194,-0.691445,0.793041,0.824178,0.611237,-0.781388,0.829246,0.479754,0.648575,0.266267,0.282596,-0.0402,1.657801,1.157629,-1.39713,-0.246593,0.810207,0.845485,0.097886,0.306013,0.674117,-1.286552,-0.012027,-0.069528,-1.622993,0.175715,-0.658212,-0.212617,-1.109932,-0.113028,-0.489935,-1.247317,0.798918,0.391721,-0.005978,1.334852,1.888718,0.481969,0.04894,-0.052059,-0.520837,-0.118091,1.257563,1.242644,0.382344,-2.745959,0.731289,-1.712651,1.108655,-0.375271,-1.440791,-0.064759,-1.58344,-0.418863,0.327847,1.055379,1.636437,0.299615,1.057564,0.176743,-0.378589,0.057994,-0.957461,1.444242,-0.493728,-1.590659,0.99488,0.612463,-0.651641,-0.124306,-1.012814,0.646451,0.102103,0.483733,0.218226,-1.070093,1.566132,-0.216347,0.662323,-2.069395,-0.269516,1.460341,-0.637701,-0.554578,-0.244267,0.587272,-0.377627,-1.416734,2.352127,-0.84445,0.537333,0.033321,0.191074,1.733359,1.618056,0.134208,0.947542,0.113524,0.378245,0.569532,1.379844,0.50445,0.386418,0.237958,0.703069,-0.317382,0.03962,-1.145976,-1.502467,-0.591056,0.107539,-0.7454,-1.315233,-1.965953,-0.299723,0.32032,2.128922,-0.176501,-1.252131,-0.922703,-0.765017,-1.546192,0.426219,-1.223996,-1.182456,-1.780543,-0.022423,-0.182469,-1.449574,0.670782,0.110976,0.669604,0.185961,0.17732,1.260174,-0.401844,-3.034294,-1.613986,-0.421636,0.457944,-1.080763,-0.482689,1.289425,0.411534,0.435763,1.172772,0.189999,1.888362
ECA1288,1.400553,-1.080737,0.454111,-0.468068,0.060051,-1.253388,-0.04732,-0.873147,-1.66636,0.044701,0.132081,-0.361455,-0.063475,1.070534,-1.72776,0.45686,0.009754,0.665939,0.038271,-0.29607,-0.054788,-0.815917,-0.335449,-1.112099,0.180866,0.161644,-1.299967,1.075371,0.108152,0.436288,-1.147955,0.744393,-0.275611,-0.771697,0.744171,0.707146,0.116983,-1.210713,-0.486545,-0.782986,-0.08517,-2.163774,0.172241,-1.035561,0.292452,0.741812,-1.018133,0.481242,-1.321702,-0.54781,-0.109945,-0.591402,-0.493055,-1.020168,0.826193,0.754779,1.203884,-0.0966,0.32092,0.337076,0.232315,0.099844,-0.702604,0.677048,-0.647638,1.049512,-0.203094,-0.428183,1.069017,-0.139564,-1.076409,-0.563204,-0.369174,0.063834,0.475586,0.050672,0.228936,0.112263,1.178268,0.090306,0.277742,-1.936877,-0.435259,0.843227,0.706647,-0.674072,0.499613,-2.153886,-0.370132,-1.416406,0.307894,0.355518,-0.111078,-0.085773,0.195628,0.297484,1.743905,1.383413,0.437175,-0.69764,1.903049,0.302745,-0.050526,0.320318,-0.286195,0.558937,-0.005638,0.604028,-2.556991,-1.357959,1.962215,0.190725,0.465299,-0.019712,0.120584,1.949644,-1.489057,-0.33045,0.973369,0.613607,0.260901,-0.108736,0.355374,1.148591,1.233943,2.197916,0.21921,-1.423975,-2.174324,-2.203431,-0.26654,-0.938413,0.10203,-0.510874,1.013384,0.476084,0.575264,0.639061,1.088434,1.418053,-0.322128,0.883635,0.64222,1.250465,2.013527,1.36082,0.982597,1.192728,0.676721,-0.523547,0.687448,0.523345,1.451952,-0.614721,-1.130137,-0.074363,-1.498013,0.403969,2.698384,-0.457572,-0.991907,0.288946,1.142262,0.72757,0.53299,1.01045,0.920158,1.629601,1.222856,-0.144696,-0.781146,0.765408,-0.020485,2.705157,-0.003423,-0.049186,-0.244037,0.791782,0.353904,0.831504,0.471281,0.483534,1.135299,0.293051,0.28652,0.199859,1.909446,0.070641,0.257637,0.718196,-0.631218,-0.029588,0.530633,-0.793191,0.416076,-0.782735,-0.50354,-1.388724,1.438835,1.600377,0.287729,-0.420054,-0.679108,-0.46597,0.048355,1.319225,-0.031311,-0.456948,-1.275242,-0.449795,0.148276,0.071352,-0.573307,-1.027828,-0.078798,-0.660315,1.184071,-0.260199,-0.406356,1.833161,1.410809,1.238958,-0.552167,-0.198134,2.324213,-0.220609,0.025403,-0.573328,0.524786,-1.020086,0.040624,-0.809771,-1.269168,-0.496037,1.132747,-0.130694,-0.456904,0.631764,1.660582,-1.921214,0.023384,0.519124,0.520157,0.21872,-0.701611,1.163654,-1.892942,-1.325128,-1.009174,1.060879,-0.675547,0.764466,-0.248939,0.148297,-0.177108,0.332518,1.019613,0.554403,-1.589314,-1.985482,-0.496326,0.749376,-0.389484,-0.182466,0.664727,0.706012,0.686926,0.849324,0.171891,-0.766226,2.039566,0.19862,-0.275867,1.200485,-0.071343,-0.126962,0.886887,1.445934,-1.207742,-0.751139,0.229071,0.413661,0.210999,-0.366376,0.351693,0.201056,0.767611,0.503576,0.306168,1.560011,0.548258,0.059863,1.133162,2.759229,0.777126,-0.247747,0.615921,1.22091,0.527224,-2.305308,-0.552467,-0.37731,-1.343555,-0.690464,-0.671715,0.339873,0.166962,0.661704,0.221288,0.281989,-0.97822,0.196451,-0.125998,0.490965,0.053176,0.453041,-0.159118,-1.677732,0.752251,0.925701,0.945192,-1.920235,-0.162624,1.334148,0.994877,-1.632049,-0.102332,0.282621,0.74501,0.556328,-0.768869,-2.012758,-0.854304,0.262445,-1.504905,-1.25126,-0.033223,-1.328192,-3.401818
JU3169,-0.554378,-0.348566,0.233061,-0.605906,-0.599453,-0.453002,1.67431,1.15546,1.772555,-0.354023,1.30644,0.653052,-0.718497,-0.959935,0.981967,-0.501981,0.092843,0.270848,-0.942257,-1.904782,0.283393,-2.100011,-0.326639,0.363522,0.748183,0.2453,0.024978,-1.285339,0.338618,-1.500761,-0.011815,-0.804819,-0.333186,0.399631,0.392566,-0.059102,0.524776,-0.504958,-0.506822,0.223793,-0.607456,0.67265,-0.092527,0.577272,-1.412011,2.113082,0.449132,0.937518,1.567409,0.146644,0.909622,1.465003,1.484945,2.238684,-1.595298,-0.875699,-1.227164,0.80635,0.156054,0.125989,0.445457,-1.330761,0.112923,0.856563,0.870341,-0.056843,1.261168,-0.150321,0.407419,1.592997,-0.523008,-0.032423,-1.503786,-0.940026,1.134055,1.647361,0.202904,-1.480819,0.475317,-0.409662,1.490515,0.784009,0.493828,0.12765,-0.977656,1.609644,0.016853,0.229958,-0.163817,-0.691856,0.303151,-0.126902,1.162035,-1.155772,0.161828,-0.984547,1.113298,-1.361573,0.053923,0.809179,0.014192,0.537775,-1.252479,-1.926922,1.00332,-0.805928,-3.0188,-0.18629,0.171662,-0.951721,1.073695,0.236213,-0.120519,-1.083953,0.153655,-0.376227,-0.229127,1.03292,-0.917346,0.537787,0.09009,0.309931,-0.012584,0.633352,-2.192569,-0.18331,1.224394,-0.604074,-1.688172,-0.276393,-0.610159,-0.693848,-0.752502,0.522313,-0.316166,-0.091947,0.114566,0.286356,-2.312753,-1.56768,-1.516541,-0.519871,-0.235124,0.57417,2.127353,0.575353,0.97898,0.4537,1.923005,1.747328,0.96583,1.098791,1.776373,1.200577,0.768333,0.072542,-0.329552,0.335161,0.634848,-1.534982,-0.640503,-1.106007,0.140211,-1.184807,-1.847397,-1.29108,-0.664244,-0.595162,0.277618,-1.531754,-0.555089,0.242573,-0.851604,1.539613,-0.10922,-0.685097,-0.393463,1.488725,-0.840701,0.765535,0.567594,0.391639,0.542475,1.440621,0.589055,0.459728,0.80591,1.073527,1.569196,0.965808,0.472002,1.824301,0.18994,0.87266,0.7603,1.584934,1.125599,0.200813,0.466953,-0.075129,2.113615,0.556879,1.068382,-0.198631,0.931494,0.617406,0.348433,1.476515,1.093267,-0.655442,0.534684,0.307854,1.650109,0.933236,2.137164,0.852624,-0.210106,0.060076,-1.888746,-0.506514,-0.932157,-0.437423,-0.368251,-1.616811,-1.159716,-0.303973,1.24061,0.361736,0.213275,0.278814,1.502169,1.594112,1.156691,1.147874,0.234775,-0.481711,-0.908891,-0.277432,-0.650061,0.462813,-0.397895,-0.54442,-0.637278,-0.275379,-0.730038,0.905909,-0.738994,-0.375836,0.136572,1.107901,-1.377989,-1.468706,0.943224,-0.120182,-0.74995,-0.931714,0.22055,-0.342679,0.347764,0.98201,0.897133,-1.437445,0.753653,0.476896,-1.583976,0.866038,0.401722,0.907819,0.866923,-0.992664,0.913711,0.063167,0.032256,-1.004972,-0.525868,0.277003,-0.833907,-1.559326,-1.5278,0.832374,1.731141,-0.336026,-2.054053,-0.463675,-0.920135,-1.940782,-0.955795,-0.079522,0.030689,-0.458217,0.96535,0.733739,0.260297,0.016768,-0.516407,0.353978,-1.537232,-0.356807,0.060522,-0.299683,-0.59134,-1.377431,-0.431604,1.027523,-0.91997,-0.328903,0.300781,-1.324827,-0.477093,-0.906948,-0.975488,0.682504,-1.133718,-0.553753,-1.218737,-1.445677,1.905912,-1.523149,1.159756,0.109218,1.23975,0.682677,1.425293,0.070426,-0.037513,0.648364,1.07367,-0.008503,-0.113879,0.234648,-0.529424,0.324486,-1.004721,1.264627,1.643273,-0.079123,-0.093736,0.729701,-2.208897
ECA2183,-0.896822,-0.852043,0.649696,-0.834014,-1.108969,-0.997244,-1.00876,0.216458,-0.958167,-0.380521,1.874563,-0.923387,0.044771,-0.846138,-1.400025,-0.670606,0.334617,0.681174,1.050216,-1.856768,1.79329,-0.058473,-0.343987,-1.723374,0.503108,-1.072897,-1.634339,-0.116529,-0.636761,1.862898,0.674932,1.511564,-0.231607,2.210021,0.121656,2.030572,1.493387,0.048172,1.674874,0.841702,0.522979,-0.865092,0.358887,-0.110119,-0.303191,0.431494,-0.883693,-2.066502,-0.408643,-0.327,-0.422736,-0.238551,-0.188732,0.062562,-0.030552,-1.208175,-0.506586,-0.126474,0.921791,-0.45241,-0.092752,0.341054,1.082194,0.096238,0.011738,0.640426,-0.742158,0.561175,0.312118,-1.30716,-0.277858,-1.350184,-1.468352,-1.022432,0.146003,-0.387384,-1.316025,0.286129,0.612237,0.615779,-0.88632,-0.274932,-0.055752,0.876855,-0.316617,-0.418562,0.892609,-0.680625,-0.537487,0.687824,1.369497,-0.217315,-0.224233,0.131591,-1.183529,0.034506,-0.778209,0.502314,-0.432715,0.95254,0.904491,-0.294028,0.002708,-0.318832,-1.975619,-0.654238,-0.873338,0.252061,-0.568299,0.391106,1.296913,0.131331,-0.847053,-0.629335,-1.055349,-0.064041,0.752116,-1.609808,-0.247758,-0.951254,-1.540681,-0.184025,-0.972819,-1.497451,-0.784609,-0.708103,-2.447849,0.539165,0.354564,0.1979,1.662491,0.774419,-0.087447,-0.523229,-0.63516,-0.138498,-0.301556,-0.527003,-0.316509,1.422872,-0.263114,1.641666,-0.584069,0.267368,-0.293801,0.535466,0.631762,-1.520331,-1.509225,0.293871,-0.058084,-0.518188,-1.278135,-0.752354,0.51007,-1.502775,-0.42547,0.045242,0.758427,-0.03246,-2.046559,-0.961703,-0.505647,-0.686606,-1.116577,-1.477487,-0.090558,0.03474,-2.465716,0.837827,-1.158098,-0.575024,1.160538,-0.033326,0.515548,0.503098,-0.23988,0.186288,-1.158532,-0.076573,-1.836115,-1.679725,-2.024533,-0.467932,-1.584346,-1.163786,0.534328,-0.798166,-0.632243,-0.859983,-0.432476,-0.665297,-0.904523,-1.214891,-2.594753,-0.131051,-0.721541,-1.755385,0.463288,0.610119,0.700701,0.990598,-2.640358,0.65047,-0.679098,-0.251612,-1.726822,0.428673,-1.362069,-0.271697,-2.264829,0.427839,1.317367,0.199336,-0.664193,-0.001489,0.38252,-0.476153,1.453634,0.185497,1.587579,-0.79813,1.068765,0.180562,-0.106048,-1.103304,0.50135,1.219957,0.044934,1.744395,-1.899517,-0.710858,-0.044095,-1.044973,1.03133,-2.406538,0.527791,-0.03188,-1.898048,0.780473,-0.921659,-1.27496,-1.428859,0.465234,-0.242802,0.909902,-0.926956,1.513185,1.661646,0.091963,0.306656,0.180046,0.185628,-0.472387,0.661908,1.584432,0.340579,0.737554,0.981112,0.242969,0.835538,-0.012801,-0.514743,-0.172313,-0.307482,-0.304402,0.216568,-1.191076,0.103632,-1.669477,-0.463953,-1.384555,-1.17069,-0.786654,0.73401,0.448822,-0.562494,-1.855088,-0.387646,0.660539,0.042267,0.322628,0.983223,1.415918,-0.70059,1.316686,0.464327,0.420973,1.343875,-0.574676,0.172433,0.029992,-0.346606,-0.927348,-0.011912,1.147998,0.199383,0.13122,-1.57217,0.031474,1.705927,1.385551,1.458665,1.249729,0.991972,0.937843,-1.550845,0.180431,0.410183,0.305692,-1.763695,0.495579,-0.398641,-1.194518,-0.944099,-0.557288,0.662896,0.385514,-0.69444,-0.372541,-0.839316,-0.329323,-1.498764,1.819835,-0.643254,0.750535,2.198031,-1.111773,-0.397635,0.083707,0.831167,0.051191,-0.226212,0.039541,1.673993,-0.200789,0.852289,-0.071055,0.902587
ECA1751,-0.727866,-0.475469,0.498094,-1.034108,0.347082,0.580252,-0.482117,-0.542426,-1.886701,-1.546257,-0.670097,0.071064,1.834909,-1.437697,-0.546937,-0.059191,-0.060735,0.191323,0.253996,1.718784,0.798242,0.255709,-1.339527,1.750632,1.114822,-0.940517,2.148802,-0.365597,-1.698112,0.743476,1.105802,0.921144,2.27467,1.501673,2.303879,0.755428,1.426886,-1.519173,-1.343377,-0.420179,0.56786,-1.393677,-0.600221,-0.186091,-0.536339,0.569446,0.297701,-2.157747,-1.157429,-0.42538,-0.442765,0.087692,-0.596766,0.790524,1.63209,0.304063,-0.334808,-1.244414,-0.073479,0.497291,0.838843,-1.122334,1.726903,0.722542,1.517804,-0.490959,-0.011832,-0.399582,-1.247103,0.016766,0.193257,-0.316058,-1.897957,-0.912776,-2.020478,0.988721,-0.45367,-0.782456,0.52975,-0.929084,-1.195623,0.761827,0.302052,0.398351,-0.890986,-0.596414,-0.015562,0.010599,-0.273862,-0.325303,1.565839,0.901533,-1.449931,1.088519,-0.539156,0.545274,-0.243197,-0.55266,0.38087,-1.158777,-1.510896,0.057001,-0.044474,-0.218435,-0.649113,-2.253833,-0.841737,-0.235332,-0.579204,-0.649929,1.513463,-0.701572,-0.108431,1.184966,-0.567255,0.745232,-1.06867,0.132439,-0.276874,1.469583,0.172235,0.778318,1.346879,-0.411766,0.854473,0.249898,1.297888,0.81805,0.683286,-0.55624,0.896244,1.553341,1.929711,2.275054,0.286452,-0.433293,0.358082,-0.41521,-0.651973,-0.445316,0.329445,-0.28873,-0.758311,0.185734,-0.156152,0.438129,-0.372709,0.78127,-1.232,2.671552,-1.092404,-1.160613,0.026915,-0.493311,2.172359,0.339457,-0.229972,-0.067415,0.769128,-0.169161,1.472677,0.515682,-0.822103,-0.175351,-0.040889,0.759425,-0.221372,-1.455743,-1.435553,-0.198378,-0.193721,-0.47582,1.75843,-0.089051,-1.870255,-1.810915,0.315773,-0.96046,0.080293,-0.043295,-0.90774,0.065969,1.553621,-0.690492,0.931859,0.961794,-1.313692,-0.60874,0.944703,0.196507,1.300263,-0.828093,-0.703645,0.65852,-0.219238,0.224895,1.8843,0.982249,-1.289847,2.066259,0.264556,-0.317851,-0.326188,-0.294886,-0.388969,-1.395286,1.366371,-1.661195,-1.025367,-0.630734,0.2122,-0.652607,1.309278,-1.852381,-0.529382,-1.173445,-1.267957,0.06785,0.27329,-1.684023,0.397013,-0.205183,-0.952273,-1.098798,-1.059156,0.955477,0.068726,0.028096,1.02965,2.594088,-1.90013,1.454811,0.852061,1.040472,-0.902112,-1.138732,-0.572954,-0.452519,1.798215,-2.318306,-0.666713,-1.748315,-1.27498,-0.165796,0.366079,-0.286782,0.312505,-0.432153,1.204993,0.634855,-0.643111,-0.7245,0.244588,-0.476723,0.552131,-0.324689,-0.546196,-0.525494,-0.490081,0.668544,-1.096387,-1.596189,0.105368,0.492682,-0.061321,1.238313,-0.155989,-1.575208,-0.808888,0.057984,0.288022,-0.252681,0.32027,1.031726,-0.596178,0.136303,-0.628823,-0.066827,0.116876,0.868023,0.904514,1.397486,2.123686,0.35949,-0.150559,1.925712,0.411079,0.302966,-0.095825,1.185947,1.982532,0.241353,-1.505725,0.204519,0.014293,0.226669,-0.189834,0.118393,-0.42278,0.612147,-0.768978,0.963789,0.34575,1.803038,0.447412,1.056011,0.600205,2.006662,-0.553612,-0.767691,-0.708555,-0.631557,-0.339149,0.180386,-0.261129,-0.211355,0.102131,-1.595537,2.096427,0.462792,-0.301288,-0.810117,-0.754889,0.373789,0.76475,0.84557,0.097391,-1.085616,0.544687,0.199756,0.857353,-0.47303,-1.730167,-1.489717,0.841312,1.682924,0.775183,-1.575426,0.975441
QG2846,-1.265717,-0.122973,-0.473966,-0.171537,0.901051,0.853842,-1.416051,-0.239141,-0.942157,-0.406616,0.177648,0.098667,-0.086255,-0.181891,0.83799,1.451229,0.767294,-0.918038,0.111874,0.640611,0.339646,0.574316,-0.435962,-0.526786,-0.14253,-2.840008,-0.048165,-1.018307,1.25449,0.486729,-0.126401,0.197508,-0.021339,0.526058,-0.448167,-0.478547,0.502082,-0.429127,0.608958,-0.88472,-2.298255,0.598391,-0.144739,-0.199229,-0.944694,-0.5322,0.040721,-0.618357,-2.004773,-0.698819,-0.373543,-0.254048,-1.578325,1.558342,-0.535216,0.022968,1.064404,-1.795407,-1.184241,0.331641,-2.438748,0.594396,-0.03651,-0.250997,0.434326,0.425157,1.137885,0.412471,2.265841,1.304215,1.853147,0.827705,0.306145,-0.640354,-1.383139,0.874055,-0.425899,0.856138,0.628998,-0.940811,-0.627809,-0.189506,-0.051311,-0.36445,-0.682529,0.957857,-0.011545,-1.126622,0.486106,-0.30179,0.469564,0.675333,0.763216,1.056206,-0.038731,1.645287,2.359447,0.601655,0.70266,-0.348066,-0.694336,-2.473135,0.009285,-1.092948,0.611309,0.321267,-1.924303,-1.532996,-0.436471,0.190677,-0.614343,0.21053,-0.013582,0.6168,-0.446897,-0.552784,-0.178215,-0.37254,1.167318,-0.545317,-1.38807,-0.412914,0.808071,0.151369,-0.416548,0.259613,-0.514849,-0.175057,1.593986,-0.228616,0.782384,-0.900187,-1.546119,0.318908,0.154399,-0.307968,-0.07676,-1.809612,-0.640872,-0.820744,-0.90816,-0.726921,-0.866454,-1.706988,-0.185368,-1.332782,-1.421101,0.568963,-0.006107,-0.596307,-0.577758,-0.968099,-1.08852,-0.843678,-0.545865,-2.117192,-0.210316,-0.59707,0.17584,0.05433,-0.096574,-0.041819,1.403654,0.552892,-0.762317,0.269606,-1.081526,0.243593,-0.218132,-0.821716,-0.156998,-1.025898,0.993953,0.249729,0.147734,0.49086,0.440621,0.850346,-1.028662,-0.120433,-1.590983,0.374033,-1.385949,0.324601,0.76556,-1.06352,0.147838,-0.62792,-1.127623,-0.205203,0.728028,-1.994852,0.378645,0.26724,0.053388,-0.5068,-0.799374,-0.132936,1.750388,0.128166,-1.299936,0.902088,1.189755,0.127321,1.402605,0.71705,1.885048,0.925818,0.550622,-0.077088,0.473068,1.24021,0.198992,1.377825,0.294786,0.539583,-2.168787,0.757895,-0.376139,0.455288,-0.773988,0.440825,-0.279674,-0.632007,0.472721,1.058076,1.599044,-2.257565,-1.688521,-0.059566,0.505255,-0.380582,-0.460711,-1.126129,-1.646467,-0.51745,0.886869,-0.000998,-0.713738,-0.329975,-1.544191,0.057891,-0.48799,0.489396,-0.09294,-1.383629,-1.245161,-1.27849,-1.051018,-0.654942,-0.950805,-1.387223,1.263491,0.040848,-0.730055,-0.89301,-0.792322,-0.829431,-1.182531,-0.266647,-1.085858,1.960147,-0.047647,-1.0188,-0.153356,0.563168,-0.87567,0.409101,1.227512,0.765566,-0.073706,0.386295,0.350919,-1.577316,-1.928341,0.299625,0.107677,-1.170708,-1.219788,-0.892437,0.452192,-0.177388,0.698258,0.344904,-1.314969,-0.996348,-0.842938,-0.121259,-0.481532,-1.476915,-0.373895,1.505776,-0.075059,-0.1689,-0.962977,-0.291721,-0.921895,-0.317056,-0.815396,0.066317,-2.009326,0.359925,-1.198077,-0.244257,-0.752354,0.128505,-0.232829,0.357424,2.258047,-1.712835,-0.202204,0.522129,-0.591801,-0.444276,-1.045213,-1.172029,0.203198,-0.800836,1.375351,-0.522911,0.428389,-0.14107,0.785771,-1.054819,-1.223187,-0.456114,-0.483137,-0.742783,0.308827,-0.379366,-1.057777,0.770722,-0.924063,-0.720437,-2.068149,1.022083,-0.332896,-1.205538,0.699889
ECA1187,2.086807,0.550987,1.307217,0.000992,0.832269,1.337445,1.045109,1.037954,1.117439,0.177857,-1.807385,-0.831643,0.088426,-0.031359,0.164957,-0.791099,-1.009856,-1.532282,1.276168,-0.295802,-0.797544,-0.604507,-1.323772,-2.218906,-1.473566,-0.161841,0.338179,0.2832,-1.206231,-0.676261,-0.204358,1.171276,1.327211,-0.318894,2.705854,1.625227,-1.356372,-0.17026,-0.280235,0.377027,0.276383,0.446373,-0.040895,-0.12886,1.028221,2.377676,1.16427,2.460348,1.478294,1.634647,0.941099,1.711103,3.541242,1.857265,-1.828085,0.394364,0.943161,0.394699,-1.544287,0.479609,-1.390264,-1.634098,1.800041,1.875934,1.133525,-0.430935,1.023904,0.672694,-1.141924,0.960128,-1.088596,-1.383168,0.121763,0.686527,-0.885872,-1.299763,1.300245,-0.844176,-0.497656,0.781315,-0.176264,-0.304406,-0.871124,-0.608282,-0.473959,-2.32699,-1.211256,-0.834507,-1.61566,-0.891422,-0.032238,-0.438983,-1.765026,-0.523653,1.116182,1.309327,-1.309128,-0.694152,0.257826,0.250088,0.4788,-0.246393,0.060467,-0.833446,-0.444512,-1.41985,-1.259991,-1.136993,0.874531,2.193867,0.053755,0.270234,1.148356,0.914937,2.542208,0.88784,2.102997,0.003046,0.183965,-0.003048,0.074403,-1.313224,-0.543641,0.365998,-0.485478,-0.812067,-0.57111,1.186572,2.538155,-0.252914,-0.496004,-0.593124,0.794392,0.406052,-1.055091,0.273807,-0.985696,0.183875,0.758972,-0.946726,0.867424,-0.529457,-0.02115,-1.342259,-1.993955,-0.578585,-0.388386,-1.812517,1.193875,0.615856,-0.402127,-0.543557,-1.056103,0.386007,-1.707813,0.866536,-0.512416,-0.687191,-0.887806,0.918121,-0.469122,-1.049857,1.389549,-0.36838,0.014418,-0.156825,-0.913234,-0.322604,0.041186,-1.481187,-0.513414,-0.163239,-0.025453,0.227837,0.177079,-0.568126,-0.03255,1.51416,0.871191,-0.183184,0.135181,-0.561917,-0.027799,-1.406528,-0.882987,-0.600878,-1.155738,0.092754,-1.988271,-0.964839,-1.449474,-1.058384,-0.161946,-0.232489,1.170141,-0.030998,0.47941,-1.040156,-0.08849,0.032731,-0.892075,-0.675071,-0.42644,-1.209939,1.753231,0.196255,0.858678,-1.054377,-0.909807,-1.043283,-1.235565,0.288743,0.01591,0.090388,-0.427285,-1.125202,-0.50297,-0.802269,0.521378,0.179654,-0.213816,-0.810288,-0.145442,-1.381368,-0.732547,1.250163,-0.595156,1.127429,-1.172792,-0.150067,-0.113815,1.198613,1.177933,0.104998,-0.860816,0.132418,1.919799,0.173442,-0.06743,1.742605,-1.162655,0.002993,-1.220824,-1.577411,-1.140467,-1.351038,0.725865,-0.540823,1.394767,-0.255506,0.00705,-0.610626,-0.262779,-0.546003,0.835031,-1.814825,-0.72762,-0.589041,-0.818709,0.979047,-0.518883,2.857606,1.751911,-1.459238,-0.403216,1.613443,-0.771533,1.72894,1.359144,0.401966,-0.94296,0.548717,0.009283,-0.385722,-0.409611,0.210436,0.913281,1.520176,1.015222,0.411012,-1.342533,0.618185,-1.851304,0.899622,0.533923,1.160968,1.005248,1.993241,0.232492,0.122373,1.187457,0.062005,-0.984322,-0.324454,-0.400186,-0.826529,-0.383239,0.594915,1.203352,0.687321,1.04058,-0.504472,-0.246508,1.259867,1.483563,0.183249,0.414604,-0.847184,-0.416648,-0.796439,-2.00793,0.066618,1.262177,-1.092073,-1.280018,0.539417,-1.736245,-0.237561,-1.533604,-1.582477,0.022372,-0.800963,-0.37279,2.006425,-0.738877,0.557357,-0.233576,1.917361,-1.821172,-1.933555,0.198204,-0.325502,-2.441542,0.662284,-1.515049,-0.013544,-1.084068,0.000715,-0.707065
DL238,-0.188716,1.791528,3.068896,1.128065,1.403903,-0.364683,1.346311,0.957837,1.246577,2.407197,0.867402,1.836307,-0.489457,0.557796,0.415433,1.057061,2.30615,0.61348,0.191643,1.140919,-0.74312,1.199108,0.444174,0.401445,0.640681,-1.937559,-0.671544,-0.224041,-1.111904,-1.688694,0.555093,-0.027258,0.402866,-0.571879,0.40415,-0.314397,-0.039183,-0.366338,0.184818,-1.800424,-0.309569,1.048352,-0.934697,0.042928,-0.469327,-0.62094,0.431203,-0.973055,-0.331461,0.088904,-0.059447,-1.484624,0.886492,-0.246194,-0.093556,0.618675,-0.710182,0.288619,0.403674,-0.011982,0.596607,0.026912,-1.394601,-0.984046,1.137924,0.042327,-1.317104,0.948051,-3.428625,0.016222,-0.503915,-0.220576,0.356115,2.034704,1.081069,-0.296051,0.847164,-0.284006,-0.587065,0.457043,0.484542,1.193351,-0.520118,-2.646538,-0.155424,-0.449501,-0.510068,0.477513,-0.72345,0.718132,0.977754,0.435206,1.245587,1.283194,0.156166,1.747955,1.088974,0.433084,1.502586,0.649202,1.537116,-0.541809,1.837533,-0.758399,-0.696304,1.523731,0.263134,1.502344,0.086085,-0.056093,0.285817,-0.823937,-0.996908,-0.289416,-0.196264,0.205785,-0.751631,-0.111624,0.430752,0.604497,-1.595219,-0.0034,0.72172,-2.799819,0.66743,0.691735,-0.583358,1.878711,0.145302,-0.394435,-0.068262,-0.618552,-0.242045,0.015333,1.356002,-0.979761,1.878806,0.514283,-0.736281,1.22702,-0.738594,0.854687,1.062439,1.737728,1.6521,-1.024649,-0.863879,0.308532,2.015644,-2.057258,1.041355,0.159676,0.872383,0.503163,-0.339888,-2.03546,0.790494,-0.270991,-0.542927,-0.588842,-1.164443,0.975491,1.224788,0.757107,1.694948,0.503568,-0.70732,0.892363,1.120632,0.323844,1.754345,-0.231249,0.308392,0.460985,2.578802,0.37133,0.452069,0.778327,0.293985,1.51212,-0.760093,-0.783946,0.064878,-1.236435,0.566246,-0.802877,-0.168879,-1.435864,-1.426712,-0.527975,1.605432,-0.247341,1.104576,-0.46716,-0.956301,0.055858,-1.343442,-1.122617,0.380207,-0.396609,-0.921587,0.346479,0.46795,-0.369748,-0.016973,1.181887,0.47348,0.155459,-0.066815,-1.626648,-0.737773,1.035392,0.010362,-2.315482,-0.075179,-0.276007,-0.308727,0.389774,-1.275201,1.110293,0.722728,0.860223,-0.205013,0.484197,1.939066,-0.819572,0.281464,0.750979,0.57451,1.176543,1.049213,0.119381,1.162902,1.155963,-1.289486,0.431012,1.059005,-0.72388,0.122617,-1.163667,1.993831,1.271872,1.164089,-0.408082,-0.832728,0.152984,0.12371,-0.069878,-0.601051,-0.18168,-1.092599,-1.472952,-0.956107,-0.678254,-0.686799,0.001249,1.329257,-0.409875,-1.424291,0.757303,0.252033,-0.02941,-0.236795,2.284875,0.914371,-0.670713,-0.052628,1.745442,-0.34304,1.095052,1.561274,1.175916,0.950568,1.441585,0.642214,-1.99886,0.39827,-0.30587,0.510557,0.629515,0.124932,-0.919112,-1.229378,-1.353877,-0.422193,-1.067439,-0.681911,-1.071554,-0.275805,-0.033148,0.712524,1.094934,0.426142,1.840365,0.359267,-0.892072,0.322925,0.620059,-1.493371,0.030423,-0.315866,-1.800184,-1.222557,-0.881333,-0.873414,-1.417485,-1.260665,-0.054718,0.268268,0.401786,-1.256175,-0.021154,0.042472,0.289134,-0.891774,-1.235202,1.124373,1.969907,0.152602,0.12353,0.232379,-1.513165,-1.104323,-0.647965,-0.698728,-0.987121,1.156335,1.220011,1.287346,1.852394,0.959682,-2.507614,0.380564,0.253314,0.03732,0.225754,-0.116137,-0.652844,0.729104
ECA1237,0.229946,-1.852772,-0.006407,0.820899,1.598819,0.797889,0.346245,0.127609,1.096054,-1.628476,0.205326,-1.321415,-0.9507,1.45397,0.77156,0.488186,-1.403423,-1.069649,0.611017,0.283146,2.505176,2.039038,0.756348,2.130595,1.521005,1.543147,-0.057871,0.953919,-0.006944,-0.866793,0.578011,0.128947,0.321665,-1.129544,1.290113,-0.56067,0.999529,-0.370339,-1.111855,0.435626,0.294786,-0.678497,-0.35257,-0.27444,1.028352,-0.589448,0.993448,-0.178676,-0.448383,0.461504,-1.511322,1.360445,-0.214719,-0.393248,-0.441982,-0.208078,-0.975956,0.846732,0.089393,-1.519322,0.967851,-0.670544,-0.691352,-1.776129,-0.472398,0.52519,-2.235887,-1.093455,-1.698686,-0.012973,-0.97003,0.296266,-1.89933,-0.194131,-0.194739,-1.332511,0.004322,1.045744,0.493878,-0.026166,-0.080954,-1.796037,-0.602341,-0.712398,-0.584805,-0.150472,0.503043,-0.888168,0.882844,-1.68793,-0.531924,0.857016,-1.951336,0.86055,0.91651,-1.771415,-0.520001,-0.427885,0.380875,0.168229,0.501143,0.549002,-0.164596,0.1781,0.600369,1.36704,0.013188,1.328512,0.320872,-0.797447,0.16757,-1.11779,0.103727,0.385226,-0.609273,-1.437238,-0.715032,-0.839218,-2.337273,-1.006741,1.167663,1.183781,-1.227595,-0.30203,-0.848497,-0.916784,0.298651,-0.220338,1.997301,1.705757,1.284916,-0.42917,2.156717,0.905245,0.504232,2.043937,1.413301,1.090481,0.663212,0.341588,1.186022,0.491783,-1.369635,-0.178344,-0.546643,1.163158,0.556219,2.543205,1.488993,0.20565,0.619263,1.012793,1.411462,0.08192,-2.15532,0.972043,1.494222,-0.996871,-0.030159,-1.706923,-0.254968,0.919375,0.66053,-0.317133,1.02867,0.815027,0.897207,1.09004,-1.095545,-0.751798,-0.649143,0.136613,-0.026919,1.621695,1.203405,0.013405,-0.435655,0.038232,0.840253,-0.420663,2.231434,0.165209,0.20267,0.321837,1.187017,-0.005105,1.861924,-0.014816,-0.653595,1.009186,0.237755,0.567369,-1.089763,0.189809,-1.048824,0.105023,0.114681,-0.032884,-1.45827,-0.36437,-0.466195,0.133863,-0.089913,0.588012,0.615604,-0.506428,-1.239736,-1.684353,-0.12185,-0.525505,-0.983858,0.689552,-2.188925,-1.21275,-1.25201,1.177525,-1.312296,-0.78794,-1.048987,1.295767,-0.851804,-1.821185,-0.345393,-0.071017,0.283263,-0.214909,1.059879,0.524694,-0.164697,0.242706,0.226677,-0.948762,-1.866909,1.235873,0.025278,0.423063,-0.589373,-1.154534,-0.058245,-0.639186,0.468669,0.793066,1.99025,0.354938,-1.468266,1.151655,-0.377627,0.425817,-0.918809,0.779392,-0.373356,-0.513056,-0.358283,1.308493,0.538637,-2.227494,1.305671,-0.676387,-1.135021,0.187257,-0.732205,-1.259739,0.837257,-1.069609,-0.110297,0.274667,1.591579,0.419972,2.142645,1.226737,-0.689953,-0.426599,-1.754064,-0.568453,-0.295793,1.649976,1.445476,-0.485244,0.646319,0.67075,-0.189975,-0.606167,-0.350198,-0.100087,-1.864204,-0.440338,-0.707144,-1.147023,-0.447141,0.588696,1.426242,0.320827,-0.560323,0.303769,-0.156818,-0.943714,-1.457891,0.047176,-0.063545,-0.990392,1.44012,1.791979,0.480916,0.829704,1.279479,1.155859,-0.186213,0.772582,-0.574545,-1.320618,0.148396,0.493633,0.074041,0.703517,0.88205,-0.061423,1.26178,-0.732034,0.649989,1.935058,-0.877448,1.781744,-0.061388,0.398116,0.351587,1.047282,1.730354,-0.202664,-0.138737,0.991622,-1.40752,-1.70594,1.015683,-1.840162,0.125303,1.047346,0.642144,0.455197,2.192201
ECA1413,-0.174838,-0.188904,-2.017037,-0.097309,-0.201742,-0.969537,0.201877,-0.273316,0.05248,-0.711877,1.617062,1.672475,-0.12273,-0.205138,-1.98522,-0.952796,-0.060853,0.550639,-0.515334,-1.091956,0.833812,-0.065614,0.38994,-0.613844,0.952972,1.34934,0.910961,-0.149252,0.120799,-0.991002,-0.505734,0.69668,0.115141,0.53024,1.129878,-0.460901,0.526442,0.909629,-0.634357,0.941394,-0.104636,0.016212,2.074254,1.696737,1.039905,0.006165,0.344502,0.264544,0.521195,1.101812,1.363272,-0.41694,1.597201,0.464816,1.619581,0.656478,-1.194169,0.11073,-0.248167,-0.877537,-0.40345,0.660667,-0.415104,-0.000252,0.578059,-0.618953,0.919368,-0.697825,-0.066056,-1.258188,0.012961,-0.045096,-1.119112,0.73655,-0.267528,-1.229843,-0.180424,1.071895,-0.084074,0.366901,-1.017556,1.440555,0.570307,0.450541,-1.022835,0.519585,1.469687,1.492279,1.716856,2.093062,-0.742053,0.422578,0.987105,0.27414,-0.35842,-0.391492,-0.385847,-1.581353,-0.913239,1.08428,-1.259216,-0.885912,2.235631,-1.459083,1.434911,1.642709,1.18463,0.084231,0.828673,-0.76773,0.606603,-1.122952,0.600258,-0.42284,0.271252,-0.29417,0.477661,1.603059,0.251362,0.46615,-0.475143,0.644032,-2.128874,-0.24815,0.699779,-0.648542,0.408446,1.296673,-0.289355,-1.078024,-0.777824,-3.106317,0.596697,-0.017599,-1.713841,0.978947,-0.689679,0.896809,-0.794145,0.458731,-0.574466,0.097705,0.124533,-0.520076,-0.013996,0.981368,0.124287,1.556929,0.116878,0.592593,0.585731,2.212966,0.278674,-0.656413,-0.755144,0.788697,-1.07655,-1.00019,-0.028216,0.581762,1.113103,1.297734,0.817672,1.494216,1.437975,0.186978,-0.951639,0.476046,1.469596,0.430173,0.572368,-0.757358,1.99172,-0.015158,-1.565413,2.638536,-0.05781,-0.479563,-0.366256,-0.503399,1.155061,-1.024354,1.258616,-0.089185,-0.579204,-0.759391,-0.925278,-0.009628,0.382336,1.777357,-1.273973,0.616445,0.194044,-1.749728,-1.118853,-0.594717,-0.917599,0.014266,-1.23675,0.629758,-0.154216,-0.991263,0.043911,0.451472,-1.667715,-1.552146,0.285457,1.583451,0.956791,-0.617823,1.306063,-0.913986,-0.413673,0.872385,1.227823,0.828482,0.075741,0.865842,2.073969,0.451557,-0.569915,-2.706508,-1.210308,-0.22948,-0.74289,-1.63276,-1.273584,0.711103,-2.884092,-1.03597,0.226192,-0.249212,-1.337229,-0.328023,1.166737,0.388064,2.181517,0.251979,0.427294,-1.432297,0.382041,-0.507829,1.162212,-0.311961,-1.579386,-0.962525,-1.247544,0.061826,0.079189,-1.244506,-1.17101,-2.614664,-0.45713,0.883893,1.31757,1.743132,1.105383,0.719444,0.274734,1.25282,-0.243701,0.059837,0.233996,1.332417,0.106114,0.591922,1.648396,0.702767,-0.033128,1.171496,0.80349,2.564469,0.450721,-1.969127,0.969223,0.7703,-1.564095,-0.472691,-0.995486,-1.437834,-2.320215,0.07174,-0.29297,-0.347457,-0.40645,-1.280922,0.854221,-0.935764,0.654683,1.724546,-1.172243,-0.070255,-0.081138,0.868857,-0.872483,-2.343113,-1.341237,-0.575673,1.070503,-0.603906,-1.00225,0.807965,-0.330064,-1.380985,-0.092848,-1.621302,0.446118,0.161368,0.579219,1.204229,1.596583,-0.427935,1.032939,1.8638,0.883782,-1.26345,0.458282,0.448635,-1.862671,-0.510223,-0.547373,-1.291948,-0.54948,-0.01187,0.848447,-0.476831,-0.302336,1.099156,-0.62806,-0.226608,-0.385102,1.031839,-0.136672,0.429213,-1.111987,1.416096,-2.57102,0.848184,0.81196
ECA363,0.521611,-0.351113,1.535064,0.528421,1.274862,0.892157,-0.018068,1.680146,1.352403,-2.072526,0.057615,0.083345,-0.771012,-1.65993,0.190019,-0.021892,-1.327499,0.416613,-0.075999,-1.792741,-0.330447,-0.011665,-0.362463,-0.437974,-0.915793,-0.473144,0.869145,0.886805,0.615198,0.149255,2.45496,-1.830352,-1.092994,0.548729,-0.058772,0.900386,0.165107,-0.664273,-0.238023,0.422532,0.863666,-0.659266,1.677372,-0.981865,-1.690681,-0.076317,0.362946,0.590245,0.251535,-1.867997,0.16008,-1.084009,0.837322,-0.167301,1.076821,2.772873,-0.299652,0.120627,-0.720838,0.688983,0.099912,-0.474066,0.03274,0.124285,1.007516,-0.418298,1.102345,-1.042119,-0.078788,0.624755,0.22399,-0.947744,0.411057,0.916836,-0.38468,-0.217094,0.461556,-0.515894,-0.292131,0.483106,-0.221417,-0.25223,0.411681,-1.639873,-0.201689,-1.505692,-1.003812,-1.303599,-1.334054,-1.040854,-1.958106,-0.724034,0.335734,0.034633,0.112941,-0.563009,-0.680739,-0.54955,-2.179682,0.432651,-0.897204,-1.702053,-1.058341,0.241912,0.450211,0.78821,-1.083245,-0.525385,0.619695,-0.148058,-0.281068,-1.403105,-2.127743,-1.625344,-1.673917,-1.205415,0.660897,0.372626,-1.329778,-0.767808,0.783522,-0.817182,-0.87746,-0.510565,-1.234426,0.378342,0.335503,2.684289,0.940102,0.111915,-0.935093,0.315462,0.742495,0.607797,0.303621,0.169046,0.20498,-0.767776,-0.728717,-0.988286,-0.832469,-0.780681,-0.29723,-1.467787,-0.689035,-1.476309,0.289142,1.110619,0.139903,-1.896314,0.717834,0.027161,-0.186146,1.601856,-0.038005,1.093268,0.265177,1.277747,-0.296267,1.503828,1.326029,1.253435,-0.316394,0.543627,-0.661342,-0.21174,-2.253074,-1.350202,-0.647589,-0.344613,-2.442343,1.265784,-0.480755,-1.055618,-2.479267,-0.968175,-0.651183,-0.631459,-0.072937,-0.987299,1.844389,-1.340031,-0.749199,0.202815,1.896233,-1.844374,-2.487126,-0.608851,-1.490735,0.039157,-0.911273,-0.145716,0.278336,-1.286724,-0.151446,-0.565377,-0.456639,0.578522,-2.924023,-0.245395,-0.544636,1.256311,0.46332,-0.290611,-0.24132,-1.09247,-2.189921,-1.545136,-0.135396,-0.624856,0.194398,-0.953918,0.19517,-1.546937,-0.030052,0.741974,0.242063,0.151207,-1.27425,-0.697841,-0.825741,0.636634,0.271421,0.787028,-0.400733,-0.648586,-0.269925,-1.15908,-0.078325,-0.475218,-0.02876,1.324896,1.869375,0.516448,-0.614707,-1.560424,0.877043,-0.079632,0.049518,2.47653,0.074696,1.246872,2.405142,-0.135729,0.386224,-1.786106,0.063956,-0.245283,0.467933,-2.884263,-0.57107,0.071284,0.738271,0.286023,-1.295711,0.140925,-0.476977,-1.852941,0.233312,0.005647,-0.378065,0.372408,-0.322913,-0.892803,-0.513917,-0.446254,-1.429238,-0.44463,-0.977787,0.838189,0.601401,2.344985,-0.829562,0.728612,1.362496,0.963466,0.833784,-0.068987,1.202795,2.058105,0.243228,0.601423,0.244693,-0.087186,-0.913772,-0.012442,0.330186,0.989607,-1.271005,0.751738,0.808882,-2.36471,-0.138563,-0.655486,0.372669,-0.505831,0.350059,0.28535,-0.66294,0.758338,1.622037,1.798856,2.16314,0.735584,0.330098,0.609411,-0.054684,0.191157,-0.284759,-1.695759,0.79077,1.549909,0.183332,0.397067,-0.073528,0.558847,0.458469,-0.572464,-1.510212,-0.461168,-1.522807,-0.745894,-0.232992,-1.4406,-0.436462,0.053133,0.876715,-0.844652,-0.783107,0.299232,-1.432536,-2.720048,-0.402171,0.626061,-1.11039,1.28034,0.526719,-0.576275,1.360703
ECA1228,0.614542,2.481615,1.571567,0.585628,1.435554,1.451217,1.036022,0.644885,0.151675,0.074866,0.236791,-1.357777,2.721011,0.353095,-0.787713,0.224407,0.784058,1.490347,1.258536,-0.17142,-0.341031,1.39282,1.103455,0.265402,0.435077,0.594892,-0.457588,-0.58077,-0.946301,0.666677,1.596443,1.856419,0.460523,2.235977,1.287344,0.856293,0.121321,-2.148694,0.337802,-0.618196,-0.339238,-0.082751,0.615923,0.863213,0.473416,-0.343192,0.491199,0.384355,-0.01592,-1.005072,-0.461001,-0.143959,-1.14918,-0.999339,0.565834,-1.577601,-0.628055,-0.926516,-0.622933,0.709969,-0.88655,-1.793836,-0.477374,-0.06296,0.109524,-1.104855,-0.311853,0.071832,-0.176263,-0.436809,-0.548437,-1.104054,-0.103326,0.358293,-0.994116,0.804245,-1.18707,0.69041,-0.017323,-1.174578,0.141077,0.09895,1.439321,-0.27922,-1.473539,1.068431,0.387797,0.405706,-0.947521,-0.080779,0.440525,-1.478354,1.53928,-0.597673,-0.078085,-0.12173,-1.842561,-0.393234,-1.259627,-0.036877,-0.651335,-0.608126,0.761615,1.263897,1.052488,0.245426,-0.563501,-0.779899,-0.204758,0.842882,0.327067,-0.977811,-0.72006,-0.859125,-0.399938,-0.579108,1.578298,1.289629,-1.006167,-0.354718,2.38057,-0.186059,1.672182,-0.487377,1.511828,0.458552,0.211308,0.202916,-0.925634,1.137755,-0.480166,-0.690359,1.202374,0.699104,-0.923167,-0.060068,0.026811,-2.927416,-1.116783,-0.415687,-1.316618,-0.947661,-0.467136,0.284379,-0.385268,-0.763207,-0.694164,-0.306083,-0.528365,0.265601,0.750952,-0.139519,0.161965,-0.270856,1.327529,0.483826,1.397248,0.668925,0.993624,0.411978,-0.24755,1.697549,0.758738,0.415505,0.266796,0.292251,0.483435,-0.902264,0.001781,-0.19406,1.10328,2.153017,-0.676333,-0.226338,0.983191,1.018957,-0.222204,0.550162,-0.612777,0.002044,1.276853,0.940715,1.293922,0.436629,-0.328943,-1.400174,0.172888,-0.272329,-0.534836,1.045206,-0.033186,0.681744,1.325296,-0.680088,-0.061864,-1.07319,0.787767,0.705348,-0.111714,1.494532,-1.778796,1.581401,-2.163881,-1.84277,0.24768,-0.919505,0.904387,0.450347,-0.558691,-1.190555,0.522274,-1.267502,0.490794,-1.599297,0.393973,-0.176114,-0.637258,-1.393658,0.406992,-0.794242,-0.368284,-0.15023,0.888561,0.100824,-0.428494,1.179375,-1.251071,-0.417613,0.104893,0.830908,0.265569,1.240296,0.484251,-0.02259,-0.623348,-1.390165,-0.51767,-1.02369,-0.712336,-0.471936,-0.260011,-2.116107,1.391316,-2.027419,1.026234,2.112704,1.654003,0.485424,-0.966888,2.294002,0.785651,0.198868,-0.147067,-0.189014,-0.669459,0.622971,-0.528313,-0.519805,-0.060263,-0.249551,-0.443098,-1.126202,-0.882201,-0.33098,-0.776789,-0.710026,-0.020058,-2.204252,0.083907,0.179196,2.590494,-0.266333,0.080708,0.61151,-0.26823,1.505416,0.482845,1.186525,-0.052997,0.678953,1.306094,-0.290737,-0.705976,-1.256924,-0.264831,-0.851717,-2.31184,-1.181024,-0.562962,-1.298591,0.107629,0.025956,-0.838051,0.020576,-1.43031,-0.102238,-0.417813,-0.145701,0.487528,0.933897,0.861222,0.19615,0.132644,0.978275,0.859444,1.100322,0.32379,-1.641145,-0.364657,0.325098,0.561241,-0.731979,-1.308948,-0.540118,-0.30886,2.195485,0.148721,0.945969,2.825819,0.230214,1.751806,0.74972,1.081671,0.073111,3.558081,-1.603927,-1.540756,-2.053476,0.301158,1.255479,-0.31129,-0.68307,0.193419,0.19558,-0.208598,1.778459,-1.053208,-1.972701,-2.199312
JU2106,0.408712,0.544514,0.305904,-0.994177,-0.27701,-1.010206,-1.220649,-1.119827,0.490498,-0.07156,-0.590927,-0.766498,-0.213789,-0.829226,0.50393,-1.460466,-1.064979,0.612312,-0.196059,-0.729958,0.257964,-0.214506,0.488297,-0.68134,-0.245485,-0.824076,0.636018,2.416452,-0.026901,-2.024324,0.315832,-1.054346,0.032322,-0.564126,-0.702259,0.904706,0.861499,0.995323,-0.287161,0.298246,1.037461,0.022099,-0.370392,0.307733,0.91553,0.849839,-1.196262,-0.522875,1.085899,0.58768,-1.077804,0.345746,0.062626,0.286728,-0.14804,-3.055638,1.512508,0.140438,0.555152,1.81647,1.795367,0.931657,1.21376,1.508427,-0.62137,-0.181536,-1.373853,0.157746,-0.624959,-0.528468,0.255085,0.459999,0.042591,2.008272,-0.473218,-1.245865,-0.034037,0.93448,0.52207,-0.07817,0.340273,0.278676,0.136763,-1.757005,0.132391,-1.60204,0.076663,-1.115514,-1.483067,-0.266141,0.018262,0.196669,-0.904483,0.402007,2.206977,0.863325,1.966669,0.573822,0.992261,1.343496,-1.760927,1.252907,-1.125306,-1.304892,-0.27425,-1.557457,-1.455199,-0.654614,0.507549,-1.172633,-0.308041,0.387045,-0.781407,-2.383109,-0.90664,-0.160094,0.700724,-1.234969,-0.845703,0.476084,-0.663789,-1.214999,0.7468,-1.698252,0.433047,0.37274,-0.019154,-0.420469,0.80247,1.199309,0.294055,1.789879,1.098362,0.448114,0.902755,1.886493,0.804661,1.003214,1.147539,1.647285,-0.114693,1.901423,1.159434,1.106411,-0.057254,0.451321,1.981975,0.087426,-2.110116,0.877933,0.282585,-1.398071,-0.387364,-1.555662,1.089048,-0.2219,1.063283,2.368616,0.935023,-0.167338,0.795249,0.128752,-0.019527,-0.178934,0.957145,0.669368,-0.930457,-0.379312,-1.051318,1.351565,0.746054,-0.159837,0.85184,0.790348,-0.81344,-0.099174,-0.2789,-0.731779,-0.527855,-0.289583,-1.093379,0.54388,-0.863062,1.109912,-0.22847,0.240513,-0.148029,1.33195,1.165754,0.842937,0.533944,0.122462,-0.543671,-1.119755,-0.365691,-0.374345,-0.222891,-0.833613,1.332569,-2.212681,0.337564,1.662488,0.770504,1.615412,1.40173,1.678812,1.15551,0.818177,0.282401,-0.787611,0.10501,-0.460057,-0.118293,-0.644398,-0.870285,-0.648359,-0.359667,1.075635,-1.289861,1.446502,-0.398659,-0.921869,0.626455,-1.0517,0.020069,0.613563,0.429993,-1.591515,-0.868264,-0.3979,0.933228,0.624655,0.211509,0.454294,-1.782335,0.761858,-0.955662,-1.038744,0.020259,-1.245583,-0.898086,-1.298038,-0.960092,-1.270399,-0.617386,0.439956,-0.939251,-1.001146,-0.997196,0.323246,-0.564256,0.078431,0.299374,0.813604,0.720083,0.659036,1.348214,0.490989,0.596148,1.610008,0.407827,0.183833,-0.029097,1.207265,0.464901,0.808976,1.040225,0.203513,-0.083147,-0.626301,-1.223313,0.381153,0.582398,-0.820819,-1.214658,0.398758,-0.512999,0.206316,1.54912,1.872048,-1.159132,-2.365836,-0.4935,0.610694,1.462937,0.091046,0.784553,-1.289537,-1.037274,-1.133184,0.046786,-0.463366,0.391036,-1.392208,-0.454424,-0.280801,0.652578,0.800293,0.625662,0.776573,1.410263,1.477531,1.169753,1.172979,0.724286,0.746336,0.315039,0.748201,-0.942274,0.068455,-0.621835,0.632223,-0.434633,0.535551,-1.277659,0.02228,-0.923551,0.735206,-1.041328,0.876821,-0.898177,0.529846,1.702916,-0.803819,-1.309804,-0.033327,-1.809104,0.48378,-1.797245,0.248437,-0.693826,-0.365877,-0.419612,-0.702862,0.265291,-0.275218,0.689306,-0.537571,-0.542778
ECA1185,-0.332724,-1.013501,0.622908,-0.20026,-0.028195,0.02114,-0.500675,0.80603,-0.722785,0.378187,-0.724519,-0.616061,-1.374742,2.153163,-0.087658,-0.536238,0.002264,-1.035261,0.030748,0.361375,0.222324,0.55808,-0.818148,-1.483187,0.034602,-0.720355,-0.098354,0.662755,0.366134,-0.377024,-0.110619,0.749676,0.873457,1.319814,1.362993,2.010238,-0.001789,0.51963,-0.065408,-0.951994,-0.742319,0.27515,0.352892,-1.387415,-0.877258,0.522409,-0.342218,-1.457644,-1.765155,0.774233,-0.238952,-0.246635,0.530788,-0.396205,-0.590188,2.034263,-0.325595,0.731091,0.168737,-1.456204,-0.596288,-0.52285,0.181774,0.677591,-1.683688,-1.354618,0.969273,-0.153226,-0.19858,1.186498,-0.020146,-2.557734,-1.500016,-2.355419,0.841502,0.240516,0.028479,0.130441,-1.250575,-0.075186,-0.581261,1.54323,-0.011231,-1.874698,0.110338,-0.320321,-1.519226,0.734285,0.505993,0.077688,-1.598304,-0.117737,-2.134464,1.089859,-0.132081,-1.091247,-0.327793,-0.4542,-0.00048,0.19122,-0.996834,-0.143063,-0.286797,0.858807,-0.439824,-2.109607,-1.465473,-1.842241,1.588917,0.171705,-0.313998,1.582248,-1.385323,1.551904,2.055956,2.25237,1.86561,-0.562637,0.726582,1.497015,-1.75488,0.261072,-0.773875,-1.659099,0.75577,0.794586,0.27094,-2.941445,-0.214161,-0.702925,-1.010699,0.576415,0.611729,-1.475834,-0.707733,-0.685252,0.950047,-1.21012,-0.541222,0.369681,-1.124502,-0.526026,-0.834772,-0.581193,0.17366,-0.94158,0.103861,-2.373579,0.133314,0.346381,-1.116877,-0.354878,-0.921266,-1.65031,-0.672553,-0.59508,-0.394511,0.248008,0.221678,-1.527434,-1.500752,-0.006352,1.079798,-0.415973,-0.72579,1.367523,0.035692,0.208485,0.227483,-0.727536,-0.908522,-0.311591,-0.397096,1.721165,1.100239,-0.72375,1.327951,1.118651,0.443511,-0.537808,-1.028401,-0.550834,-0.849757,-0.685528,0.327087,1.063264,-0.038775,0.166604,-0.296512,-0.619909,-1.425176,0.201038,0.683656,-0.72967,0.100964,0.581168,1.232453,-0.344133,-0.897945,-0.222096,-0.351301,-0.853871,-0.407609,1.252027,0.66901,0.136418,-0.430359,-0.258886,-1.017428,-2.704791,-1.228973,1.023262,1.140729,-0.329463,-0.43518,0.048056,1.463511,-1.081671,1.421727,1.033727,-0.76325,-2.351733,0.892889,-0.18427,-1.307394,-0.009658,-1.607004,0.793387,0.05316,0.130357,0.229131,0.470895,-0.234096,0.537444,0.053315,-0.102708,0.48077,0.556366,-0.906179,-0.399146,-0.383447,-0.08333,-0.669323,2.184984,-0.239895,1.182116,0.664183,-1.870435,-0.665226,-0.17747,-0.955852,-0.25703,-2.002808,0.784239,0.189151,0.811589,-0.996825,0.878902,-0.331973,1.240607,0.240473,-0.895187,-0.986607,-0.509561,0.879868,0.639886,-0.302759,-1.593563,0.552344,-0.070251,0.69387,0.270162,-0.224077,-1.674796,0.702574,0.270689,0.639722,0.851744,-0.190415,-1.312566,-0.110997,-0.021879,-0.797378,-1.114991,0.872341,1.232552,-0.988584,0.537984,-1.322568,-1.386528,0.221043,0.298399,0.368928,-0.361696,-0.074661,-0.707061,0.530128,-0.497884,-1.103229,0.153293,-0.907784,-0.278005,1.577824,0.137629,-0.143688,1.06339,1.114126,-0.703287,0.259529,-2.403749,0.834862,0.963654,-0.41437,-0.35806,-0.329475,-0.77375,0.040275,0.146919,-1.057871,0.545966,0.92724,-0.085216,-1.627221,-1.444804,-1.600795,-0.263935,-1.058777,-0.47216,0.086275,-0.378402,1.108257,0.380142,-0.47684,0.101018,0.153037,-0.519862,-0.957835,-1.651375,-0.877484
ECA743,0.437033,1.001682,-0.142814,0.233155,-0.616125,-1.632241,0.124539,-0.465778,-1.645513,0.039114,0.274496,1.11563,0.289853,-0.329357,1.170517,0.952813,2.680525,0.507538,1.671204,1.003472,0.865229,-0.701857,0.502794,0.901373,-1.064703,-2.503356,0.113224,0.891786,0.820227,0.132125,-0.57032,0.158271,0.95793,1.297822,-0.927445,-0.43123,-1.488717,1.135504,0.731372,0.5506,0.128717,0.817156,0.720844,0.710532,1.070979,-0.378163,-0.459138,0.907565,0.79271,0.091895,0.07537,0.068284,-0.686473,-0.400588,0.118375,0.455852,2.96406,0.100963,0.162417,1.981506,2.344917,-0.271377,2.03885,0.917581,1.593142,1.061931,0.114813,0.468801,-0.201185,1.28025,0.416639,2.086735,0.286182,-0.640049,-0.204102,1.154684,0.096908,0.537517,-0.252238,-1.044315,0.739215,1.049819,1.254743,-1.254801,0.203532,-0.445896,0.137505,-0.616154,0.176542,-0.327721,-0.931815,0.020809,-0.576039,-1.145861,-0.016848,0.681188,0.069442,0.144639,-0.231486,-0.714081,-0.884505,1.254612,0.455913,0.630254,0.661966,0.256405,0.336874,1.122827,-0.001055,-0.578005,0.569419,0.33186,-0.074971,-0.355116,-0.026925,0.71915,-1.031115,0.224249,0.884319,-0.566483,0.713661,-0.648629,0.05092,-0.019171,1.581919,0.523125,-0.73383,-1.974023,-0.394582,0.00087,-2.239439,0.621385,1.027384,-0.976698,-0.846039,-0.348872,0.860133,0.353403,0.732998,-0.617381,1.337314,0.94948,1.413123,1.607988,-0.142354,-0.317216,0.052925,0.028643,-1.252096,0.438795,1.240122,-0.642807,-0.434081,0.784655,-0.921093,-0.727896,0.396551,-0.396277,-1.044024,-0.324427,0.514058,0.060334,-0.474046,0.47563,0.081265,-1.235779,2.642406,0.793824,-0.375057,-0.393954,-1.033356,1.52784,-2.516657,0.388087,0.800406,-0.917412,-0.317519,1.087785,0.57561,0.038759,-0.254338,-1.848074,-0.729284,-1.820328,-1.512423,0.642305,1.007751,-1.322825,-1.947083,-0.318225,-0.86295,0.51503,-1.245697,0.621616,2.02605,1.269293,1.415673,-0.530541,1.436192,0.304652,1.6444,-0.459522,1.25242,-1.312792,0.930004,1.637725,0.057334,-0.585023,-0.765933,0.70535,0.530342,-1.413596,0.839235,-0.105074,0.280939,0.159291,1.800367,-0.148251,1.02633,-0.052422,0.936041,-0.034447,1.633358,1.125304,0.524661,0.585554,0.992935,0.244925,0.879968,-0.72678,0.188381,0.075468,0.254336,1.178361,-1.118713,-0.573576,0.218186,1.11368,0.251732,0.837468,-0.045491,0.793446,0.450949,1.680895,1.2385,-0.379984,-0.55834,0.161635,0.444944,-0.780526,1.173213,1.112731,0.6625,-0.066655,-1.185212,-0.269629,-0.079201,0.519846,-1.172646,-1.634994,-0.208675,-0.417641,0.134687,-0.038355,3.552706,-0.149094,0.530915,0.294793,1.57914,1.694073,-0.693736,-0.580517,-0.654943,-0.931881,-0.630478,-1.827954,-0.766686,0.456256,0.3888,0.010481,-0.302061,0.213896,0.077916,-0.249531,-0.135881,1.264133,0.86526,1.082083,0.92747,0.990923,-0.842233,0.033004,0.3464,0.277706,0.017715,0.226183,0.879284,-0.628161,1.205469,-0.451139,-0.427702,0.52809,-0.954021,-0.772778,-0.57249,0.168973,-1.453056,0.022426,-0.856598,0.605742,1.266948,1.603116,1.758302,0.644545,1.337241,1.071632,-0.307893,0.59976,0.29311,0.800972,0.082763,-0.322572,0.761142,0.199331,-1.885523,-0.316474,0.736628,-0.311707,0.076801,0.601013,-0.532129,0.623424,0.273497,-0.20008,-0.203816,0.42901,0.288813,-1.001216,0.586784
ECA1887,1.407504,0.354505,0.598097,1.261113,1.273647,1.705026,2.372567,1.653425,1.879317,-0.628904,0.832806,-0.724535,-0.278316,0.461056,2.004291,-0.826191,-0.332364,1.872615,1.037698,-0.196511,0.718378,1.343446,0.212755,-0.831316,0.713417,-0.664622,0.140396,-0.298575,-0.874561,0.968884,1.229057,2.308818,0.175151,-0.446707,-0.90464,-0.115125,-0.938557,1.048457,0.33367,1.22879,0.073541,1.712164,1.940929,0.833763,2.626616,-0.357489,-0.093754,-0.232068,-0.723383,-0.033309,0.918294,0.765401,0.723833,-2.382379,-0.40216,-0.037901,1.226336,0.465931,-0.074743,-0.468487,0.586397,0.062093,0.482316,-1.492345,-0.913816,-1.917078,0.829574,-1.160915,0.497296,1.19006,0.151834,-0.652506,-0.923854,-0.434817,-0.542597,0.34211,0.265171,-0.799201,-0.977025,-0.429329,-0.141666,-0.317639,1.809024,0.870584,1.701608,-0.936764,0.818607,-0.341233,0.108537,-0.127369,0.094859,-1.054725,-1.241188,-2.054356,-1.280332,0.193282,-0.768644,-1.431239,0.672964,-0.69118,1.764696,0.73226,-1.218353,-0.229374,-0.465367,-0.251014,-2.101082,-0.579829,1.181788,1.167003,-0.581323,-0.189887,0.166868,0.044795,-0.369471,-1.038722,-0.163342,0.573311,0.634485,-0.390147,-0.130045,-0.535626,-0.019725,-1.118836,-0.399287,0.816591,-0.915786,1.148207,-0.6172,-2.682198,-0.478865,-2.015403,-0.44301,-0.543623,-0.4026,0.185651,-1.610977,-0.180569,1.995709,1.545386,0.872621,0.296888,1.241386,1.29978,-0.297873,1.825346,1.158712,0.179593,0.296001,0.06338,1.496706,1.201597,1.117054,0.064316,0.352919,1.059789,1.601627,0.250661,-0.656129,1.167203,2.514054,0.223178,1.458833,1.012335,0.370428,0.14772,-1.074947,-0.622867,0.352898,0.836046,0.536423,0.179434,-1.047017,0.051716,-0.135359,0.108948,-0.128542,-0.304059,-1.509524,-1.773722,-1.718788,0.830811,-0.944451,0.073169,0.086864,0.68396,0.728874,0.915019,-0.392921,0.783754,0.469745,1.862575,2.703246,-0.239248,2.371944,-0.011976,0.311202,0.842499,0.018046,-1.55823,0.459609,-1.668217,-0.13265,-1.35975,-1.282499,-0.110803,-0.498343,-0.435097,-2.233058,0.189295,3.09111,0.156833,3.017136,0.842924,-0.510707,2.390369,1.630168,-0.962427,-0.096808,-0.920645,-0.994712,-1.014304,-1.510575,-0.317947,-1.303419,0.380898,0.202089,-0.156398,-0.607502,0.459982,-0.645453,-0.443611,-0.094745,-1.529995,0.415648,0.51425,-0.176944,-0.776295,-0.264292,-0.300045,0.696796,0.770839,1.27129,0.373228,-0.543474,0.31204,-0.295923,1.394843,1.184096,-0.298729,0.174857,0.294549,0.918352,0.486804,1.205808,-1.633992,-1.526901,0.6323,-0.000747,-0.485671,-1.539909,-1.248897,-0.598738,1.031266,0.215305,0.711782,-0.70638,2.535296,0.688012,1.770407,1.103483,-1.073618,-0.523055,-1.121779,0.060318,1.492342,0.466134,-0.34639,0.6744,1.805111,-0.815395,0.023619,1.115804,-0.728649,-1.331075,0.336019,0.92877,1.655142,-0.576386,0.557872,0.735794,-0.174282,-0.702606,0.698434,-1.042449,-0.526611,0.157965,-0.813302,1.373392,-1.707812,0.97177,-0.118884,-0.490998,-0.900976,-0.158307,-0.704166,-0.53892,0.280151,2.510058,0.434674,-0.844178,1.438918,0.896522,-1.142963,0.689007,0.554972,-0.130607,0.259233,-0.736829,-0.946803,-2.124816,1.293709,-0.745383,-0.530335,-0.169114,0.144689,0.708967,0.708303,0.76632,0.915289,-0.863853,-0.871311,-2.660301,2.09815,1.203406,0.478271,-1.957453,0.055481,0.176287
NIC195,-0.39628,-1.252515,0.135585,1.707351,-1.015391,-0.572948,-0.052031,-0.378833,0.152571,0.378027,0.629255,2.209308,-0.724631,0.025111,-1.057587,-0.954583,0.397751,-0.952434,-1.234793,1.903035,0.703323,0.79382,0.935593,-1.437315,-0.219705,0.404792,-1.233369,-0.939794,0.716354,0.152241,-0.660568,-0.497548,0.245053,-1.474419,-0.707988,0.749123,-1.854576,-0.084943,0.770015,-1.433787,0.102647,-0.60338,-1.180244,-0.346673,-1.032394,0.513207,-0.677418,0.431365,0.708817,-1.110778,-0.159822,0.080658,1.143132,-0.248777,1.919157,-1.7589,-0.279688,-2.020566,-1.611402,-0.664794,-0.154632,-1.288271,-0.831954,1.084726,-0.321723,0.261405,0.04007,-1.480798,0.364262,-0.71745,-0.674939,1.590602,-0.170983,1.796631,-0.44281,-1.119535,0.568815,0.157673,-0.16405,1.076608,-0.792833,1.602508,-0.618811,0.840648,-0.995004,-0.162117,0.576167,0.509276,-1.347938,-0.248773,-0.466743,-1.581702,-0.259977,0.273707,-0.006323,-0.784217,-0.582913,0.928761,1.274055,-0.707637,-0.130651,-0.53121,0.987477,-0.875869,1.162675,-0.333483,0.333375,-0.865487,1.313325,2.080758,-0.793804,2.709383,1.378816,0.106895,2.015174,2.4267,1.404941,0.654276,0.729191,-0.015484,0.538559,-1.024325,-0.138575,0.085184,0.063914,0.285709,-0.875979,1.652762,0.099381,-0.815405,-0.371142,-0.657512,-1.417085,0.103119,-1.229948,1.100964,-0.038718,0.046175,-0.306471,1.29293,-1.56456,-0.944616,0.20323,0.087477,1.045436,0.010242,0.17833,-1.007137,-0.459881,0.465462,-0.216871,0.429427,0.113341,-0.956857,-1.179429,-0.658803,-1.06684,0.595202,0.933215,0.419464,-1.781059,-0.688127,-1.620906,-0.204703,-0.482839,0.558071,-1.734025,-0.685523,-0.503055,-1.579398,-0.024369,-1.565486,0.7993,1.471949,0.816333,1.006722,0.39168,0.595844,1.320925,1.705073,-0.332316,-0.383976,0.700914,-0.028162,-1.748336,-0.009314,-0.73067,0.017747,0.348779,1.089982,-0.341153,0.912003,-0.811479,-2.397581,1.089533,-0.120666,0.354813,-1.665824,-1.006521,-1.414451,0.310336,2.008469,1.087047,0.454064,-0.033974,-1.15956,-0.141465,0.20643,-0.495647,-0.531345,-1.40772,-0.732526,-0.957004,1.010535,-2.343928,0.375844,1.115986,1.320843,0.476447,2.959432,1.345149,0.040356,1.571533,0.610436,1.457132,-1.095641,-1.221214,0.467292,1.429445,0.027391,-1.009203,-1.589565,-0.176869,0.175591,-0.865975,1.897944,1.22273,-1.14765,-0.034218,0.51146,-1.724659,-0.340762,1.512461,0.62025,0.992918,0.437034,-1.568352,-1.323478,-0.386757,-1.019383,-0.547225,0.628056,1.776169,0.84426,-0.62661,0.334945,0.051166,0.341848,0.495752,-0.613117,0.074023,-1.409281,-1.342044,-0.600553,-0.413254,-2.605628,-0.230986,-1.144648,-1.094265,-0.033545,1.593629,-0.878184,-0.646407,-0.329359,1.812156,0.238725,-0.540748,-0.656646,-1.65935,0.257097,0.994252,-0.076258,0.195082,1.611597,-1.182444,0.810943,0.037751,0.94367,-0.337279,-0.578648,0.678468,-0.975643,1.045541,-0.198507,-0.46945,-0.304028,0.675898,-1.032521,0.270818,0.821046,0.728376,0.013191,-0.053392,0.100536,0.845433,0.41879,0.786634,-1.614172,-0.462355,-0.181173,-0.196376,0.322313,0.639338,1.407016,1.045326,-1.308116,-0.629668,-0.92643,-0.680442,-0.386166,-0.39362,0.517689,-0.287716,0.656986,0.037137,-2.091957,0.776217,-0.321089,0.35688,1.524109,-0.936416,-0.631142,-0.57379,-0.015898,1.079882,-0.477094,0.862406,0.994222,0.194482
ECA1212,-1.345525,1.566536,-0.341145,0.738841,0.088407,1.208352,0.131854,0.693269,0.509899,-0.957577,-0.773653,0.224134,0.279691,-0.253302,-0.170079,0.468566,-0.539628,0.415439,-0.006455,-0.642186,0.027322,1.256057,-0.708315,-0.124201,1.954404,-0.162099,-0.064402,-0.826679,-0.057659,1.340643,1.157106,-0.676412,1.785025,0.727129,0.675426,-0.12833,-0.239952,0.866144,1.378887,-1.172549,0.986974,-0.595543,-0.063159,-1.049662,-0.113638,0.045867,0.318556,0.210877,0.613801,0.457297,-0.297593,1.263743,-0.476058,-0.854296,-1.762867,-0.206723,0.434831,0.602722,-0.211528,1.021916,0.031079,-1.174654,-0.823141,0.612906,1.601349,-0.026371,0.117944,-0.176215,0.501149,-0.092584,0.181855,0.818536,0.646592,1.038336,1.240994,2.771278,0.783716,-0.14318,1.688565,0.599982,2.099074,-0.838545,0.599333,0.487296,-0.291884,-0.027089,0.561625,-1.173541,-0.038009,0.971171,-0.354134,-1.928664,-0.173601,-0.155928,-0.697919,0.719228,-0.609285,-1.300513,0.437944,1.57919,-0.851514,1.598589,0.833185,1.565524,1.078689,1.606873,1.762321,-0.343784,-1.107059,1.14549,0.545463,-2.121415,0.097692,-1.626408,-0.675381,-1.268941,0.086762,0.018617,0.121011,-2.511301,1.38805,-0.194327,-0.376437,-1.348662,1.6751,-0.786966,1.110399,0.49864,-0.088698,0.700233,1.188989,0.354255,0.870517,1.044018,1.201831,-0.563579,0.907052,-1.371031,0.85018,-0.659432,-0.001479,1.247916,0.227999,-1.671685,0.287308,0.77339,-0.325385,0.971271,0.200924,-0.307143,1.444094,-1.076566,-0.395056,-1.141337,0.045276,-1.50881,1.198749,1.502126,1.536432,0.743322,-0.209707,0.681731,1.131122,-1.766679,0.113407,-1.475921,-0.867682,-0.375668,1.347529,-0.450872,-1.362549,-1.183892,0.624689,0.700849,0.493687,0.200576,-0.415899,-0.522253,0.748114,-0.343929,0.136245,-0.89346,-0.771744,0.646151,1.028039,0.04585,-0.696907,-0.754989,-0.768473,1.707414,0.611491,-0.397822,-0.506081,0.222272,-1.150229,-1.503229,0.053733,-0.969644,-0.679688,-0.840907,0.724131,0.321145,0.334028,1.188942,-0.417858,-0.315762,0.808366,-0.982964,-1.687289,-1.383541,1.031248,0.464239,0.244447,-1.016759,-1.046313,0.547481,0.619601,0.893116,-2.357014,0.562395,1.444553,0.796061,1.046053,-1.543005,0.583513,0.452894,0.522751,1.234587,0.472155,0.495258,-0.194443,0.689035,0.573806,-0.283017,-0.345009,-0.432712,-0.049505,0.157378,0.193599,-0.931472,0.477609,-1.499619,-0.58242,1.160136,-1.486051,0.479593,0.939091,1.582347,-0.349992,0.016392,2.441259,0.305149,-0.76441,0.142758,-1.098407,-0.792008,-1.350655,0.004639,-2.308538,-1.375917,0.889939,-0.505436,-1.178067,-0.234792,-0.90485,1.529053,-0.013906,0.544397,-0.665271,0.640716,-0.00472,1.894301,-0.342798,0.631419,1.099251,0.53315,0.643363,-0.353536,-0.139518,1.854163,-0.454452,0.495503,1.398501,-1.188904,1.253523,1.416203,0.44824,0.151544,-0.085963,0.531307,-0.953614,1.099132,0.946266,0.343906,1.115228,1.106637,0.94145,0.71088,1.204515,0.471889,0.092698,1.027259,1.477331,1.22474,1.286029,1.184883,-1.262252,-0.950155,0.184567,0.928074,-0.685678,-0.81732,0.066475,0.304628,-0.280445,1.472932,-0.244901,0.295578,0.643715,0.587659,-0.577392,1.153244,-1.007246,0.050735,1.197355,-0.244458,-0.541534,1.559713,-0.376987,-1.226841,-0.25618,0.357988,0.573035,0.893941,-1.770015,-0.028375,-1.145076,-0.130824,0.6021
ECA1225,-1.494703,0.080896,0.519779,1.136971,0.672594,1.447347,0.62637,0.387576,2.080403,1.476988,1.059182,0.277526,0.024402,0.636214,-0.241792,-0.580257,-0.166357,0.475849,-0.348476,2.103393,-1.150453,1.569594,-0.855764,0.85159,1.977192,0.752983,1.453933,1.686131,0.648017,0.345288,1.481913,1.384487,0.232498,1.983904,2.990067,1.599279,0.684192,2.89895,-0.237383,-0.633892,1.410624,1.744658,2.095222,1.382215,2.139366,1.028072,-1.105201,-0.888887,0.44521,0.75202,1.490496,0.915218,0.459677,-0.459311,-1.337432,-1.729504,0.555747,1.370392,0.066233,0.184735,-1.382964,-0.560228,0.376814,0.603751,0.395103,0.385127,-1.180478,-1.39935,1.422227,-0.498987,-0.463363,0.637647,0.807406,1.709516,0.096383,1.269133,0.602267,2.796605,0.75614,1.536245,2.449352,-0.902597,-0.566897,0.061179,-0.125514,0.594869,-0.183146,-0.624543,-0.614146,0.255936,0.145297,-1.210557,0.083118,0.508351,0.226133,1.248124,-0.149479,-0.859333,-0.235741,-0.028544,1.095346,0.680081,0.78903,-0.37395,0.215897,1.011683,2.02546,2.285546,-0.102991,1.882071,-0.162858,-0.841309,-1.348782,0.303825,0.517959,-0.682756,-0.704153,1.222026,-0.334889,-0.363721,1.753046,0.798578,0.184057,-0.297277,0.797627,2.477342,1.22721,0.540544,-0.058159,0.245923,-0.521335,-1.10478,3.184622,-0.343182,0.713025,-0.277057,0.17436,-1.2691,1.168287,0.660213,1.651001,-0.070844,0.691431,-0.462317,-0.153544,0.819445,1.386754,-0.323518,-0.995158,-0.353848,-1.363409,0.417144,-0.101171,1.37685,-1.972497,-1.355187,-0.886551,0.377325,-0.801477,-0.87591,-0.428556,-1.400848,-1.1094,1.84982,1.000881,-1.081545,0.042748,-0.70057,-0.617422,1.374704,0.127761,-0.047364,0.723452,-0.176529,-1.751355,0.626799,0.169666,-0.046681,1.209674,0.810887,-0.829736,-2.194169,0.633533,-1.060722,-0.065632,-0.533347,-1.332702,0.013634,-0.26879,0.543337,-1.071281,-0.177884,1.363244,-0.926881,-0.240334,-0.560469,0.068351,0.251384,0.314651,0.86362,-0.027558,-0.128723,-0.044418,-0.336042,-1.834128,-0.427016,-0.244202,2.266431,-1.00114,0.809091,0.532812,-0.349852,-0.559575,-0.913494,-0.305865,-0.984567,-0.577842,1.702801,0.439178,0.855728,0.501539,0.145261,1.745042,1.532316,1.37906,1.777375,0.532847,2.346565,1.543403,0.726421,1.510145,1.205343,0.025714,0.881052,0.216017,0.836513,0.612477,0.690257,-1.020661,-0.838429,-0.191698,-0.859111,-0.137865,-0.750721,1.945764,-0.36968,0.226555,0.18132,0.116924,0.785494,2.098697,0.678725,-0.016302,-1.729128,-1.722079,-1.202061,1.034146,-0.484245,-1.476818,0.536688,0.260116,-0.550339,-1.630537,0.589331,-1.525859,-0.354566,-0.436561,-1.328491,0.59489,-0.576072,0.951772,-0.339581,1.005757,-0.490708,0.489345,-0.302608,-0.457099,0.128115,0.743282,-0.427065,0.147834,-0.141783,-0.941855,0.284803,-2.287476,-1.545578,-1.399841,0.366392,0.965038,0.249602,-2.300597,-0.610294,-1.043321,-0.358492,1.062663,-0.266928,0.152484,1.161343,-0.032169,-1.269446,-0.349416,0.410663,1.26872,0.990225,3.250373,0.830406,0.007701,-1.164721,1.079185,0.827463,0.314523,-2.012768,-1.194273,0.301971,-0.192165,0.207247,-2.185913,-0.289786,-0.571019,0.55887,-0.130959,-1.769753,0.955207,-0.719006,1.287112,0.236538,-1.811811,-0.497399,1.069388,0.113006,0.477206,-1.151713,-0.86115,0.48384,0.160933,0.201524,0.18186,-0.890718,-2.031972
QX1233,0.882181,0.824408,0.419847,-0.69796,-0.93779,-0.389914,-1.548066,0.99891,-1.511476,0.820212,-0.989138,-0.697437,-1.82348,-0.170017,-0.066817,-1.719255,0.181351,-0.324407,-1.582055,0.982183,0.483778,1.300795,-0.199034,-1.308641,0.413174,0.17731,0.434417,-0.974751,-0.016817,2.190235,-0.543446,-0.410646,1.165419,-0.527262,-0.155161,-0.668815,1.488565,0.382482,3.093671,-1.122689,1.27332,1.009976,1.058912,1.966799,2.276508,-0.433022,1.584129,-0.390119,-1.175444,-1.031287,0.213894,-0.676109,-0.87895,-0.177972,-1.122373,0.829105,-1.082132,0.480949,-1.132713,-0.729481,0.824323,0.346877,0.58034,0.418346,0.999781,-1.616075,-0.703459,-1.511112,-0.189542,-1.031909,-1.302595,0.295768,-2.073694,-0.715026,1.655781,-0.285507,-0.064757,0.250002,-0.272722,-0.086918,-0.679792,-0.377387,-2.524976,-0.297796,-3.510596,0.358906,-0.360061,-0.509194,0.926004,0.727862,0.290879,0.662681,0.791021,-2.230298,-0.421195,-0.032237,-0.336818,-0.883302,-1.57312,-0.720517,0.422312,0.653681,0.000931,1.6339,-0.908928,-0.826258,-1.209796,0.373679,0.158627,-0.050162,8e-06,0.343523,0.003392,0.417432,-0.822108,1.680733,0.45582,0.759003,0.056494,0.112425,-1.509886,-1.287614,1.503615,-1.515842,-0.177903,-1.348829,-1.895173,0.010781,-1.038602,0.366382,-0.714022,0.641724,-1.358975,-0.856577,0.933076,0.582641,-0.823075,-0.64954,0.118333,-0.109369,0.057336,-0.463739,0.949401,0.364382,-0.458238,-0.458285,0.444025,-0.77696,-0.272269,-0.259113,-0.429378,-0.057837,0.365266,2.359722,1.819435,-0.727095,1.215072,-0.628171,-1.719669,0.346467,1.189671,1.32072,-0.286252,-0.925842,-1.94912,0.195462,-0.439877,-0.201784,-0.780629,0.515633,-0.047407,0.712167,0.961462,0.769666,1.04605,0.776594,0.443322,-0.581409,-0.4855,-0.290926,-0.457598,-0.747354,0.052904,-1.384888,0.034074,0.814629,0.591635,-0.661533,-1.247236,-0.297664,0.241217,0.855693,1.145192,-1.471666,0.39372,0.219178,1.129968,1.087125,1.588421,0.659917,0.63937,0.50628,0.423659,-0.895402,-0.815041,1.224879,1.652068,0.494661,-0.449705,0.345601,0.531651,-1.003948,-1.159221,-0.310926,-0.566471,0.942354,0.153518,0.133344,-0.851818,0.040457,-0.976893,0.693933,1.023472,-1.499293,-1.537967,0.560643,0.455602,0.769132,-2.034953,-0.583465,-1.417513,-0.107728,0.633194,-0.974097,1.011316,0.622409,-0.415303,1.511479,1.111708,0.902628,1.357963,1.945025,-0.445653,1.053029,-0.309203,-0.329825,0.687859,1.464335,0.004011,-0.19575,0.917884,1.666804,-0.095311,-1.666581,-0.070394,-0.670244,-1.167016,-0.578015,0.509323,-1.636686,-0.852435,-0.169213,0.394542,-0.500078,1.313059,0.486813,0.190671,0.724056,1.347281,0.903976,-0.505402,0.422391,-1.577349,-0.239455,-0.388344,-0.197207,-0.068679,-0.328379,-0.244547,-0.154306,-0.082553,0.632668,-0.416617,0.520742,-0.267831,0.41759,-0.256361,0.07101,-3.068951,0.130257,-0.777246,0.076042,-1.382209,0.711598,-0.399306,-0.266003,-0.8326,-0.198717,1.48349,0.309478,-1.491362,0.792592,-0.021233,1.02485,-1.216578,1.713331,-0.228766,0.727026,2.23772,-1.695912,1.210101,-0.687681,0.640784,1.354477,0.356194,0.451432,0.331994,0.871831,-1.363109,-0.715553,0.399841,0.519313,-1.333276,-0.892502,-0.307629,1.064647,1.549369,0.076999,-0.125625,-2.530219,0.828506,0.20458,-0.134616,1.223886,-0.141971,-1.665986,-1.012805,1.456007,0.163993
ECA706,-0.037409,1.687238,0.871426,-0.201756,1.072203,-0.352597,-2.051213,0.105103,-0.510612,-0.406628,-1.881156,-0.58178,0.984815,0.176906,0.154717,-1.313233,0.024471,0.309912,-1.931894,1.722884,0.297725,-0.973469,-0.429575,0.109109,0.044551,0.370477,-0.566642,-0.825171,-1.261998,-1.043356,-0.337042,0.788836,0.428659,0.110136,-1.770816,-0.98975,1.768059,-0.34123,-1.483231,0.036227,-0.050086,-1.007033,1.557191,-0.910299,1.012622,-0.486473,0.964454,-1.162934,1.370097,-0.13346,0.44859,-0.282741,-0.219065,1.575432,1.003128,0.378124,0.142325,-0.44781,-1.559849,-1.50554,-0.678699,-0.356545,-1.127236,0.811198,0.378406,1.35465,1.2951,1.314258,0.840481,0.255635,0.406716,1.967413,1.299714,-1.911893,0.044916,-0.651598,-1.297019,0.348554,-2.545449,-0.167516,-0.788505,-0.672106,0.012349,1.723688,0.75386,-0.031701,-1.203512,0.447901,-0.681689,0.362381,0.97675,2.299453,-1.198497,-0.483319,-0.423381,-0.075506,-0.980625,-0.982678,1.282481,-0.547162,-0.714303,-2.642607,0.130893,-0.570604,-0.216751,-1.668941,-0.804526,0.207245,-0.712599,-1.114557,-0.834681,0.472227,-0.20879,0.828612,0.028151,0.23228,-0.040735,-0.765372,1.683953,0.608783,0.486103,1.604371,1.645791,1.316331,1.614382,0.4271,1.520538,1.835854,-0.544161,-0.147341,1.303208,0.098292,-0.903031,0.593758,-0.565584,-0.557667,-0.319324,-0.726272,0.148857,-0.029163,-0.772237,-1.096487,0.745054,-0.268774,1.181543,-1.472743,1.678891,0.736287,-0.313182,-0.130793,0.355193,0.664496,-0.086782,0.520391,-0.847756,1.212672,1.343912,1.376677,-0.306502,-1.517455,-0.643678,-0.867541,0.967317,0.939773,-0.756008,-0.378287,-0.239393,1.341699,0.026238,1.202728,-0.134789,1.392592,0.431967,1.012605,0.160952,0.762784,-1.055273,1.003846,1.264043,-0.610511,0.307415,-0.300942,-0.749724,-0.798123,0.187631,-0.971655,-0.446272,0.265001,-0.701056,-3.674088,-0.621442,-0.375402,0.657894,-1.490517,1.451948,-0.44847,-1.022791,-0.504943,-0.670469,-0.174089,0.361333,-1.04488,-2.015462,-0.289303,-1.836176,-0.964432,0.566846,0.510867,0.475077,-1.118585,1.494821,1.572554,0.584366,-0.597024,-0.739644,-1.43046,1.62184,-0.530195,-0.156472,0.642199,1.253838,0.835604,0.054291,-0.026611,1.510787,-0.575069,-0.278504,-0.757476,-0.94149,0.149333,1.204711,-0.848371,-1.567946,-1.135838,0.00547,0.403687,-0.039625,0.037891,0.324841,1.475266,-0.739757,0.013915,0.125357,1.193733,-0.673282,0.227356,-0.586217,0.1594,0.477469,0.598979,0.818771,0.527932,0.098869,1.553623,0.440661,1.058592,0.178912,2.584441,0.31066,0.44095,1.536179,0.612712,0.172455,-0.882757,-0.645193,-1.252611,0.050518,0.794772,0.653533,-1.753929,1.163856,-0.852537,-0.674933,0.251361,-0.856573,-0.496378,-1.15754,-0.425762,-1.846368,-0.090335,-1.710233,-0.514605,-0.368367,0.905127,-0.861859,0.32161,-0.821349,-0.260324,-0.31563,-0.519723,-0.042259,-0.178942,0.053602,0.116841,-0.210779,-0.347569,-1.351461,0.083024,-1.077487,-0.329271,0.171131,-1.927485,0.901773,0.116664,-1.769979,0.438885,2.10546,1.669702,-0.735831,1.113234,-0.770894,0.640368,1.189755,-0.07895,0.484352,0.513203,-0.193821,0.705244,-1.65948,-0.28419,1.863691,0.685768,1.591681,1.069907,-0.171609,0.051706,-0.780073,0.16197,0.564732,-1.346009,0.314514,0.151717,-0.829568,-0.643672,2.02265,-0.961809,-0.826446,-0.139822,-0.072001
NIC1832,0.429672,0.121352,0.545216,-0.028871,-1.699859,-0.114061,-0.427276,0.657014,-0.672814,1.333823,0.117408,0.455719,-1.34653,-0.812412,-1.586672,-0.499757,-0.751247,-0.092417,2.076222,0.580834,-1.648661,-1.070437,0.709428,-0.654287,0.845881,-0.842207,-0.576483,-0.324052,-0.19206,-1.189484,-0.258288,-0.911171,-0.26586,-0.17526,0.461859,0.017139,-0.420408,0.329319,1.350523,-0.616172,0.333418,0.877115,-0.586405,-1.488311,0.235658,0.279298,-0.894641,-1.245787,1.092644,1.17612,-0.411774,0.512519,-0.215538,0.198467,1.427903,0.130383,0.162011,-0.529232,-1.173994,-1.105116,-0.55122,1.026575,-0.227201,-0.513986,0.270887,0.102451,-0.799981,-1.159247,1.366684,-2.727458,0.1518,-0.530929,1.110919,-1.636637,-0.688012,-1.814531,0.578448,0.524908,0.63964,-0.569836,-1.223177,-0.153324,1.451003,-0.950089,-1.334376,-0.027897,-1.291458,0.223412,-1.546121,0.718777,-0.836202,0.282075,-2.050093,1.173609,0.324118,-1.26793,-0.288919,-0.274576,-0.77229,0.660266,0.253371,-0.338861,-1.434856,-0.098595,-0.929459,-0.681269,0.343527,-1.718103,1.733926,0.886355,1.250684,1.541593,0.359821,0.638083,2.034178,1.657728,2.517931,2.310792,1.371013,-0.756375,-1.090153,-1.178739,-2.011294,0.834571,-0.761707,-2.576134,0.658921,2.311429,-0.282841,0.837305,-0.922449,-0.043577,-0.410915,-0.649225,-0.227157,0.702537,0.613681,-0.802421,0.888528,-0.178594,-0.278532,-0.778457,-0.483573,-1.406008,0.95434,-0.080409,-0.54455,-1.015534,0.892106,0.848573,-1.215708,-1.439123,-2.485433,-0.848002,0.147498,0.892034,0.339844,0.14187,-1.311051,-0.120393,-0.04833,-0.473057,-0.250839,-0.403492,-1.800328,-0.639106,0.380179,0.404459,-1.746647,0.090497,-1.436629,0.512216,0.763897,-0.334939,-0.932701,1.345001,-0.385633,0.25193,-0.545591,-0.622479,0.830816,0.878488,1.030857,0.345244,0.764682,-0.392105,1.510601,1.179838,0.496928,-0.136659,-1.02199,0.086858,-0.78427,-0.522957,0.197237,-1.511438,-2.332089,-1.022666,0.616972,-0.158201,-1.354173,0.822712,2.732098,-1.425193,2.297977,1.119506,0.729566,0.771353,0.679502,-0.227709,1.381015,-0.154421,1.743952,0.949658,1.014428,0.531658,0.439599,0.927225,-1.550573,-2.057523,-0.188702,-0.526596,-0.662735,-0.317911,-0.507703,-0.765969,-0.495702,0.245016,0.365358,-0.832866,-0.038276,1.07634,1.76273,-1.139769,0.625494,-0.76229,1.305381,-0.3662,-0.56797,-1.617571,-1.646945,1.079307,1.093717,-0.322184,0.679735,0.013637,0.798378,1.73444,0.486838,-0.312648,-0.425132,2.020753,-1.742941,-1.346693,1.002264,1.011887,-0.3298,-1.100883,-1.548819,-1.622384,-0.199656,1.123517,1.544615,1.325383,1.184917,-0.4082,0.045207,0.432492,0.329677,1.724517,-0.767744,-1.550069,-1.086808,-1.242002,-1.851171,-1.125449,-0.119164,0.299636,-1.673154,-1.796961,0.563123,0.793428,0.913562,-0.176347,1.233263,-1.067106,-0.388937,1.089029,-0.327397,0.695397,-0.191835,-0.417137,1.338245,-0.130674,1.062464,0.555813,-0.081081,-0.566069,0.783803,-0.185844,1.27405,0.9724,0.765671,1.607741,0.847461,0.915889,-0.75403,1.012298,-0.460506,1.547134,0.083608,1.154581,0.657221,1.618524,0.924021,0.755694,-0.597921,0.022291,0.698537,0.972203,0.179555,0.708766,1.010046,1.146345,0.173737,0.657204,0.48865,-0.102041,1.006893,0.074675,2.211472,-0.267317,-0.940104,-1.224584,1.860623,-0.300664,0.859718,0.336582,-0.238967
ECA1889,0.042375,0.333678,-0.703172,-1.025239,0.201022,1.308085,-1.068435,-0.182556,0.440758,-0.544005,-0.415588,2.525713,2.283451,2.530952,2.163638,0.847362,1.053645,0.706787,2.306819,1.330803,1.365934,-0.024722,1.367288,0.747675,0.805633,2.303477,1.546968,0.727333,0.231039,-1.358386,-0.323462,1.227777,-0.709935,-0.019756,-0.856961,-0.737211,1.716268,1.125464,-1.208446,2.080753,0.668808,1.046422,1.674138,1.697627,2.549446,-0.731472,0.469138,-0.203614,0.62906,0.979404,0.19436,-0.979766,-0.387811,0.846315,0.822743,-1.759656,-0.6344,0.382924,-1.02402,-0.847017,0.459112,0.177922,-0.286711,-0.289441,0.154942,-0.329485,-1.89444,1.430727,1.553549,0.615938,0.675791,-0.108183,1.199853,0.487159,0.122427,0.161885,-0.689377,-0.85889,-0.882143,0.795747,-0.953398,0.338199,-0.055618,0.353568,0.384662,0.212454,-0.943334,-0.569584,-0.045504,0.48613,-0.643558,0.024999,0.299595,-0.120302,0.591557,0.865213,-0.480482,-0.212178,-0.417193,-1.044182,-0.192689,0.695652,1.689019,-2.409053,1.489743,1.414348,1.107456,1.814167,1.637525,-1.837545,0.265814,0.483877,1.641295,0.901728,-1.717471,-2.079697,-0.199542,-1.24919,-0.381699,1.005628,-1.868175,0.728687,-0.170195,-0.266679,-1.338457,-0.763499,0.022006,-0.827329,0.734127,-0.647889,-0.776993,1.164628,-1.261192,-0.047267,1.875229,-0.595603,0.335142,-0.090432,-0.01729,0.129639,0.520921,0.53058,-1.843391,0.678173,0.356934,0.090798,-0.979426,-1.529182,0.059984,1.35685,-0.886581,-0.627873,-2.759619,0.560564,0.039667,0.600553,0.305007,-1.360767,-1.410919,-0.146805,-0.405125,-0.803724,-0.490116,1.031675,-0.110292,3.114084,-0.818489,0.747873,0.718647,1.177853,0.950846,1.577916,0.492908,0.027001,1.048551,0.299648,1.310297,0.145032,-0.27685,1.066768,0.225096,-0.245653,-1.045973,2.99902,-0.262133,-0.65148,0.424146,-0.935913,1.202263,0.043014,-0.509088,-0.070439,0.775114,1.052971,0.742447,0.517846,0.878839,1.490238,0.168452,0.123411,-0.014652,2.500306,0.327611,-0.630734,-0.037424,2.709941,0.915583,-0.422151,0.909535,0.685352,0.466953,-1.183009,1.21669,0.631341,-1.692878,-1.148079,-1.052755,-1.792928,-1.02165,1.149561,-0.746937,-1.663367,-0.515588,-1.208002,-0.345798,1.686044,1.06654,1.206677,0.897437,-0.317428,-0.372928,1.470156,0.338398,0.074645,-0.807393,1.335378,1.780155,2.86321,-0.389511,2.074985,-0.203271,1.220593,-0.03113,1.542427,1.721314,-0.649214,0.870106,0.186485,1.663983,1.427045,1.564024,0.484513,-0.255024,0.248569,1.795483,-0.006676,1.667074,0.767813,1.888796,1.780958,1.39393,-1.342618,1.129448,-0.666266,-1.037809,-0.176328,0.415713,0.884898,-0.329484,1.137896,-0.475517,1.028576,0.922014,-1.2906,-0.90553,-0.487527,-1.033246,-0.508252,-0.707905,0.413121,0.864422,-0.136984,0.05904,-0.488997,-2.884754,-0.933479,-0.919361,0.040673,-0.61676,-1.261822,-1.16583,-1.245827,0.149458,-0.536104,0.158536,0.202347,-1.041679,-0.363489,1.007839,0.869735,-0.39171,-0.678845,0.20391,-1.234669,-0.609877,-0.36032,-0.53659,0.27055,1.213267,-1.338445,0.647285,-0.015411,0.475128,-0.323926,1.934384,-1.348092,1.024913,1.672509,0.576193,0.257664,1.061916,1.144074,0.160335,1.441016,0.240166,-1.909146,0.359608,0.719171,0.731677,-0.881722,-0.97673,-0.181626,0.841807,0.326278,-0.474623,0.301218,0.485877,1.775649,0.223192
ECA2595,1.27405,0.248623,-1.112908,-1.03894,-0.966097,0.015823,-0.038765,-0.399738,-0.338868,0.547312,-1.433861,1.242075,0.01542,0.177243,-0.329251,-0.958799,0.053302,-0.342633,0.456803,-0.849197,-0.556755,1.218003,-1.384706,1.054814,-1.000321,-0.150534,0.363794,-0.558803,1.861591,-1.754451,-0.211729,-0.103701,2.509619,-0.873579,0.317611,-0.26202,-0.607938,0.023462,1.905158,0.943,1.747872,0.384487,-0.020552,-1.666966,0.295636,2.496315,1.031944,-0.619727,0.264236,0.032235,-0.169127,2.576535,1.106169,0.911418,-1.360977,-0.594821,-1.447861,-1.661165,-0.679872,0.373276,-0.289709,0.85171,-0.433066,0.009649,-0.301994,-0.630722,-0.065435,-1.471469,1.073449,-0.597555,-0.300156,-1.104275,0.467665,-0.154204,-2.113824,-0.633554,-0.441689,-0.178622,-0.064923,-0.266199,0.277501,0.885623,-1.11656,-0.5151,-0.225351,-0.730764,-0.972731,-0.437869,-2.918563,1.176974,-0.448503,0.009988,0.515903,0.473579,2.292437,-0.345261,-1.546105,0.005836,-0.792518,-0.388845,-0.745847,-0.777806,-0.254555,0.213554,-0.279784,-0.145212,-1.108006,-0.864207,2.004784,-0.448591,0.987995,-1.906344,1.030587,0.643608,-0.604687,0.522383,0.138944,-2.034227,-0.212059,0.099466,1.277374,-0.667825,0.143386,-0.214735,-1.240642,-0.332526,-1.310276,-0.764944,-1.19516,-0.287814,2.514599,-0.362171,-0.159062,-0.855341,-1.294044,-1.855731,-0.492458,0.773613,-0.334544,-0.310496,0.68155,0.273432,-0.253243,-0.935186,-0.547062,-1.743184,0.350651,-0.573184,-1.980694,0.695837,0.982151,-0.212912,-0.8437,1.34117,-0.251945,0.831441,-1.139506,-0.807347,-1.305703,-0.486531,-0.098404,-0.010858,0.607104,-0.906914,0.743578,-1.227386,0.212703,0.776329,-0.766508,0.263543,-0.273853,-1.080608,-1.191293,-2.452378,-0.088361,0.743878,-0.236871,-0.243024,-0.703188,-1.501131,0.828348,0.421509,0.500479,-1.683952,-1.990865,-1.895851,-0.66666,-0.290773,-0.403634,2.069249,0.472266,-0.439318,0.118781,-0.314835,0.111775,0.882649,0.900238,-0.616116,-0.348002,-0.999442,-1.19716,0.054182,0.133749,-1.601334,-0.327257,-1.06724,0.158267,0.918265,1.705492,-0.116902,1.066516,0.638273,1.538371,2.232456,1.111719,1.408741,-0.436228,-0.889909,1.042177,-2.017166,-1.846286,-1.308358,-0.908288,0.5538,-0.6526,-0.282481,-0.474029,0.917636,1.606645,0.829901,0.356587,0.374891,-0.322954,1.918849,-1.233308,-0.506558,0.709872,1.173978,-0.748585,-0.424101,-0.301047,0.483057,-0.883499,-0.754728,0.178117,-0.596919,-0.034819,1.970077,0.51034,0.851629,0.700968,0.524053,1.291284,0.019632,-0.207011,-0.07627,1.32802,-0.036252,1.698322,0.786161,0.889758,1.011426,-2.404735,-1.220664,-1.145473,0.644941,-1.245216,-0.583334,-0.208092,-0.717861,0.410613,-0.009767,-1.094633,-1.494639,-0.341994,-1.65844,0.203807,-0.154393,0.430701,1.575018,1.361285,0.481956,-0.515777,0.280125,1.774153,0.788864,0.838041,2.327285,-0.791769,1.522784,-2.687259,0.746436,-2.164747,-0.617598,0.048489,-1.397012,0.484199,-1.041526,-0.169206,-1.103551,-0.131087,0.626965,-1.086205,-0.989545,-0.284687,-0.899272,0.799145,0.83971,0.135763,0.703835,-1.526333,-2.475642,-0.330905,1.116764,1.45279,-1.542264,-1.192017,-1.029118,-0.715173,-1.642814,0.147458,1.363691,-0.865342,-0.215221,0.307284,0.409023,-0.536811,0.569732,1.183189,-1.042511,-0.400709,-0.076084,1.318214,0.181437,0.76907,1.216774,0.885403,-0.1604,-1.417059
QX1211,-0.960974,-1.519752,-1.027351,-0.119849,-0.524776,2.226385,0.751571,0.287863,-0.67828,-0.094573,-0.703455,-0.344041,-0.159886,0.359323,-1.15893,-1.062716,-0.264289,-1.075088,1.128346,0.279557,-0.446809,-1.476858,0.638518,-2.032474,-1.469492,-0.638666,-0.845668,-0.057805,2.009227,-0.339635,0.252452,0.574654,1.263829,-0.0029,0.759402,-0.679508,0.117942,0.877358,0.275618,-0.407722,-0.679921,-0.880667,2.16972,-0.201188,-1.211204,0.224494,0.074752,0.031004,-1.811999,-1.488468,-0.25592,-0.279075,-0.370249,-0.51377,-0.050502,-0.989239,-0.298569,-0.053348,0.662579,-0.024524,-0.414783,0.781028,0.004227,-0.609481,-1.85415,-0.623168,-2.411132,0.518098,0.2349,-0.264311,-0.358909,-1.064738,-0.726544,-0.469221,-0.515465,0.807236,0.067936,-0.034791,-0.635636,1.817152,-0.929472,-0.032839,1.181736,0.568921,1.467152,-2.184931,0.113044,3.851452,2.291863,1.148222,-0.108402,-1.875567,0.72738,-0.447019,-2.120329,-0.197731,-1.335168,-0.990871,0.43927,-0.373545,0.431359,-0.504552,-1.883322,-0.446319,-0.266878,-0.664545,-0.42637,0.107909,-0.33304,-1.17933,-1.325315,-0.185718,-0.049937,2.262306,-0.243626,-0.192343,0.515883,-0.838068,-0.341378,1.544947,-0.377476,-0.19059,-0.066559,-0.027064,-2.004387,-0.225357,0.312602,-0.283442,0.353705,-1.124161,0.448475,0.559842,-1.20767,0.282144,0.191227,0.046225,0.662267,-0.840227,-0.579487,0.483386,-0.067972,-0.848255,-0.685833,0.242822,0.30025,-1.047876,-1.979781,-0.150733,0.38483,-1.988684,1.157877,0.107776,0.880259,-0.232036,0.409439,0.113393,2.984992,-1.247454,-0.779145,0.529973,1.817438,2.567143,0.552865,-0.795691,1.214374,-0.029255,-1.127644,-2.025853,0.018744,0.363167,0.804069,-0.732998,1.410398,0.138009,0.362857,-0.469228,-0.767157,-1.417175,-0.343165,-1.029002,0.038408,-1.742581,0.412487,-0.167401,-0.573087,1.211066,-1.10584,-1.407193,-1.210651,-0.481031,-1.424105,-1.217882,2.130811,0.170239,-0.655509,-0.869155,-0.736233,-0.062201,0.041299,0.231057,0.157883,-1.447529,-2.728506,0.263254,-0.024223,-0.435169,0.562365,-1.057159,-0.786268,1.169709,-2.666096,0.425304,-0.353174,0.785906,-1.36497,-0.384012,-0.938134,-0.493004,-0.552909,-0.273715,-0.390953,0.246046,0.110195,-1.114691,0.769758,-1.838959,0.772023,0.202328,-1.558311,2.180507,0.535449,-0.640454,0.767095,0.346114,1.427291,-0.496029,-0.292149,1.219258,0.974017,-0.93824,-0.053891,-0.532628,0.785257,0.707763,-0.075038,0.370531,-0.745411,-0.644732,-0.398218,0.086732,-0.54683,-0.537097,1.046483,-0.039032,0.574931,1.795513,1.404715,2.419537,0.541864,2.201202,1.04029,0.310738,-0.561414,-0.801115,-0.307506,-0.186647,0.327592,-1.447818,-0.750322,0.096085,-0.297969,0.601477,-0.837408,-1.027409,0.918918,0.94306,0.737221,0.738275,-0.505399,-0.315416,0.474819,-2.335746,-1.321809,-1.532978,0.189751,0.040347,-0.192951,-0.076477,0.031464,-1.820402,-0.975078,-1.437151,0.985795,-0.546065,-0.676649,-1.855503,-1.035376,2.80505,0.029905,2.143328,-0.470522,-1.198964,2.462248,1.815009,1.392588,0.188963,-0.140301,-0.064952,0.535639,0.150685,0.936504,-1.125469,0.357095,0.216066,0.146359,-0.587921,-1.056735,0.870654,0.397516,1.661948,0.994854,-0.826882,0.188215,-0.11935,0.623541,0.466728,-0.779032,-0.236956,1.019856,0.273497,0.533715,-0.857134,2.018033,-0.851291,0.595706,-2.384969,0.527532,-0.384441,-1.66299
ECA1232,-2.287576,-0.269745,-2.336847,-0.812887,0.589313,-0.666097,1.402398,-0.897746,-0.125109,0.48978,0.82945,-0.387672,1.008863,1.134121,-0.587228,0.383122,0.209774,-0.016034,-1.399884,-1.415437,1.776802,-0.177497,1.337359,-0.994776,-1.41554,-0.358306,-1.651766,-0.032101,-0.789395,0.886552,1.530286,1.173505,1.054696,2.018713,1.113363,0.937077,-0.1462,-1.497454,-1.511487,0.214989,-0.832192,-0.159393,-0.130674,0.655754,-1.481419,-0.518032,-0.609566,1.557595,-0.296134,-1.179159,-1.936035,-0.302464,-0.450916,-0.358674,-1.502507,0.384083,-0.843549,0.330486,-0.23067,-0.290996,0.294747,-0.585639,-1.677351,-0.004611,0.423683,0.593949,-0.042469,-0.033752,-0.025996,-0.286944,-1.163704,0.652951,-1.454465,0.106946,0.300168,0.509438,-0.177032,-0.290515,-1.126777,-1.456672,-0.5741,-1.676731,-2.051963,0.517736,0.731656,-1.947991,-0.031726,0.562572,-0.472073,0.642809,-0.658358,-0.335888,-1.4263,-0.385494,-0.542303,-0.402791,0.152194,0.668516,-0.282594,-0.197058,1.917002,-1.691138,-1.543662,-0.154085,-0.52462,0.085435,-1.943571,0.286285,1.011456,-0.469259,0.570824,1.419528,0.613007,0.415425,1.820831,1.524918,2.414898,-0.132505,-0.625198,2.140902,0.879867,-1.22532,-0.282746,1.916071,0.057353,-1.274449,0.076678,-0.630596,0.156311,-0.018291,0.469998,0.485626,-0.230934,0.916713,-0.743076,-0.054676,-0.68362,0.220376,-0.65807,-2.583831,-0.100091,-1.121922,0.366388,-0.957599,0.053024,0.991204,-0.858195,-0.083353,1.076075,0.355303,-0.402219,0.287832,1.970559,-0.341388,0.193312,0.882696,1.134629,-2.494048,-0.228125,1.065687,-1.359019,-1.410472,0.388905,-2.026597,-0.413082,1.266835,-0.732463,0.580469,-1.021699,-0.214795,-0.624565,-0.118731,-0.813017,0.213498,0.367939,-0.013051,-0.804691,1.020055,-0.631612,-1.27699,0.342115,0.363249,-0.366683,-0.530834,-1.249958,-1.39512,-1.220143,-0.689357,-0.175296,-0.6907,0.715205,-0.616704,-1.76729,-1.531736,0.472688,1.582705,0.474019,1.484267,-0.329855,0.147633,0.464606,-0.856861,-0.725546,-0.213918,-1.137246,-0.194158,-1.511996,0.30193,-1.228491,-0.342022,-0.997913,-0.698798,-0.35558,-0.344601,-0.886191,-0.863055,0.25296,-0.235484,0.575955,-0.178637,-1.257357,-0.104201,-0.702494,0.676211,0.053169,-2.147089,1.202,0.642317,-1.471972,0.198074,-2.074611,-0.096283,-1.440253,-1.919374,-1.453909,1.838295,-0.353514,-0.034959,1.880386,1.31528,-0.484881,0.698087,-0.762167,-0.297454,-0.806987,-0.302941,-2.002968,-0.053987,0.241111,0.064833,-0.02777,0.057504,-1.550477,-0.028586,-0.25893,2.425723,0.413216,0.459611,1.06598,0.374685,0.155073,0.182685,0.986417,-0.059342,0.027539,-0.055805,-0.368721,-0.268281,-2.7643,-1.218457,0.919967,-0.155947,1.169229,0.186843,0.619379,-0.035657,0.465041,-0.401803,1.782333,0.311257,-0.297846,-0.71647,-0.114662,1.656997,1.200553,-0.502129,0.085243,0.536771,-0.260122,-1.478118,-0.773238,-0.636621,0.709934,0.089303,-1.783104,-0.679338,-0.24516,0.684882,1.496366,-0.108545,0.909911,0.30868,0.13722,0.573531,0.622043,1.922081,-2.991196,0.272467,1.610312,0.906011,0.091647,-1.266644,-0.171138,1.442733,-0.576404,0.381103,-1.116253,0.431564,0.9905,-0.31036,0.041803,0.335777,-1.271713,-1.581769,0.302481,1.586699,-1.617754,1.706195,-0.22198,0.558311,-0.124312,-0.112274,-1.061312,-0.939062,-0.178379,0.523491,1.261998,0.936791,0.338782
QG4103,-0.654619,0.14638,-0.147258,-2.122782,1.052902,0.090628,-1.176713,0.087338,-0.961652,-0.860834,-0.195005,-1.45812,0.550789,-1.80944,1.147483,-1.07901,-0.93113,-0.271987,-1.451246,0.950306,0.182043,1.500324,0.527945,0.506875,-0.104616,-0.425402,-0.51465,-0.045977,1.479162,0.096229,-1.272573,-0.274849,-1.329367,0.662486,0.940343,-0.898852,-0.561455,1.181918,1.181237,1.231948,-1.255353,0.699773,0.528085,0.387426,-0.61505,-0.955947,-0.770381,0.67238,0.501482,1.146677,0.845476,-0.020486,-0.418884,-0.198986,0.950732,-0.584255,0.624674,-0.610375,-0.419263,-0.608194,-0.059452,0.554183,-1.099833,0.901366,-0.380593,-0.907109,0.882689,1.845965,0.862707,3.446825,0.243175,0.671589,0.622367,1.026611,0.311881,-0.298905,-1.868671,-1.006948,0.086605,-0.13881,0.446678,1.082884,1.061763,0.932378,-0.510326,0.880165,-0.040644,-0.185726,0.018287,-0.045863,-1.053455,-1.00362,-0.341346,0.509079,-1.032694,1.189958,-2.010839,0.976032,0.578586,-0.811753,0.158422,0.57404,1.000845,-0.641812,0.061666,0.298884,-0.412132,0.55435,0.069153,0.546513,1.603046,1.088848,2.220224,1.643108,3.045286,1.433548,2.571303,-0.878617,1.321641,-0.020476,-1.438173,-1.026634,0.230103,0.31879,-0.472997,-0.430368,0.88654,-0.270785,1.449941,0.006905,-1.261072,0.51616,0.3535,0.297194,-1.09225,-0.339252,-1.467039,-0.792752,-0.158343,1.211135,0.699453,0.021061,1.009959,2.286245,-1.72556,-0.622109,-0.833673,0.07658,-0.572388,-0.582235,-1.151765,-0.590538,-0.965047,1.12509,-0.066607,-0.612718,0.10463,1.220633,0.317707,0.59302,2.47422,0.581498,0.814471,0.926662,-0.055566,0.024298,1.267962,-0.866802,-0.756981,-1.242383,-1.536155,1.544484,1.20033,0.25759,-1.426473,0.897694,1.72825,0.056897,-0.496034,-0.242423,-1.138842,-0.757012,1.421922,-0.368606,1.68431,0.205785,-0.156916,0.732359,0.03223,-0.436186,-0.6618,-0.715397,-0.100597,-0.854632,0.815683,-1.505774,-0.625139,0.118461,0.120414,-1.763657,-0.447184,0.160468,-0.391693,0.724401,2.293416,0.574063,0.541172,0.556741,-0.071578,0.948179,1.945623,3.276019,0.034025,0.183491,0.974286,-0.32479,0.387204,1.59379,-0.435925,-2.23504,-0.174428,-0.018226,-0.425107,0.213622,-0.528661,-1.745335,-0.696411,0.199787,-0.009756,-0.903022,-3.060128,0.527289,-1.885987,-0.730861,0.448829,0.889971,1.060316,-1.356066,1.045951,0.389875,1.857431,0.234378,0.94907,0.394816,0.802758,1.031491,-0.073104,0.066545,-0.30254,-0.690044,0.382833,-0.231508,-0.088798,0.352676,-0.455045,-0.638805,-0.147617,-1.342846,-1.380871,-0.78508,-0.080074,0.05543,-0.019109,-2.403544,-0.409811,-0.186083,-1.436838,-0.009047,-0.584988,-0.976889,-0.447009,-1.217312,-0.836114,1.573743,-0.668927,-1.637603,0.132244,-0.704571,-0.731544,-0.337218,0.534658,1.312178,-0.550383,-1.97448,-1.143282,-0.590163,0.944234,0.834813,-0.821751,0.790771,-0.098244,-0.853962,-0.972555,-0.871749,-0.435975,0.112805,-1.080939,-0.154105,0.394106,1.445826,1.35181,-0.168019,0.59146,1.257878,1.609202,1.404979,1.063623,0.454974,0.048274,0.330523,1.323105,2.374722,2.705738,0.277932,0.555356,-0.162569,1.412643,0.146526,0.270235,0.967381,1.779112,-0.042422,0.904527,-0.13901,-0.763651,1.392858,0.43815,-0.577904,-1.875943,-1.702217,1.831153,-0.320659,-0.681627,-1.308968,0.387053,0.103886,-0.918329,-0.280718,1.737837
ECA1409,1.929706,-0.654129,-0.703779,0.084076,1.210138,1.243748,0.911242,2.751962,1.334561,-1.186717,1.241594,0.472945,0.794356,0.281759,-0.747218,-0.392764,0.543366,-0.464133,-1.526056,-0.036587,-0.178413,-0.629573,1.63779,2.233175,1.613293,0.378533,0.863452,0.954429,-0.06399,-0.170047,1.682814,0.371017,-0.20284,-2.678607,0.163501,-0.698846,1.193626,-0.461891,1.113538,1.176912,1.226234,0.659343,0.762335,1.354482,2.416414,0.384842,0.163354,-0.503942,-0.315992,0.328608,1.583197,0.661967,0.188156,-0.24531,0.448689,0.784796,-1.242561,0.114042,-0.032578,1.836374,-1.603664,-0.414536,0.281102,0.929137,-1.870459,0.50969,-0.501021,-0.264454,-0.072299,-0.365704,-0.651659,0.980821,-0.960566,0.566751,0.360482,-1.981762,-0.926679,-0.531914,0.415504,0.208352,-0.42439,1.649859,-0.49698,-0.359788,0.180893,-0.220366,0.537727,0.171223,0.098712,-0.996806,0.382286,0.258845,-1.396588,1.613241,0.483858,1.033865,-0.409712,-1.563182,-1.477067,0.71248,0.370134,0.437016,-0.438599,1.119374,0.049227,-0.466588,-0.686304,0.481994,-0.251023,-0.628136,0.278667,-0.663341,1.087099,1.181273,0.855535,-0.513396,0.044127,0.146365,0.905411,2.530515,0.941558,-0.500406,-0.478551,0.613891,-0.755081,-0.023048,0.886862,-0.578211,-0.470838,1.120831,1.388352,1.026927,0.86361,0.595687,0.308488,1.612624,1.08947,0.194105,-0.356507,0.072906,0.085389,0.869656,-0.724518,-0.308623,0.187175,-1.738562,-3.022005,-1.158782,-1.089166,-0.551187,-0.402515,0.41385,-0.122705,-0.269629,0.20043,-0.54543,-0.838829,-0.583153,-0.298955,1.632977,0.583722,2.394382,-1.282385,1.469734,0.717769,0.492155,-0.260183,-0.87805,-0.439005,-1.962432,-1.821152,0.850973,-0.654311,0.015026,0.944362,-0.564821,-1.875698,-0.718844,0.186152,-0.586265,-0.607652,-0.958107,-1.369026,-0.521015,-0.28541,-0.759542,-0.668239,1.031522,0.290222,-0.836074,-0.474544,-0.557782,-0.966721,-0.030512,-1.19847,-1.007566,0.565514,-1.510918,-1.295329,1.601479,-0.115289,-0.361037,-0.114327,0.605302,-1.146527,0.314667,0.092128,-0.667403,1.114429,0.12163,-0.049145,0.064445,-1.944157,1.170325,-1.918164,1.070665,-0.096115,-0.78127,-1.853702,-1.254413,-1.36109,2.542793,0.426007,-0.9274,-0.396425,0.740458,1.68142,1.083459,-0.22164,-0.269468,-0.52772,1.00901,-0.189012,-0.437517,-1.048066,-1.118543,0.503893,0.477657,-0.5972,0.35874,-1.213006,0.488658,0.774561,1.347943,-1.204744,2.015474,-0.597065,-1.358032,1.091206,1.2973,-0.538013,-0.951165,1.119439,0.683552,-0.718801,0.62396,-1.103161,-1.087188,0.198703,0.654759,-1.541388,-0.973393,0.35029,0.412798,0.055176,-1.602696,1.849902,-0.507919,-1.057632,0.469431,-0.579398,-0.779151,1.037724,0.303669,1.093738,-0.048989,1.054968,2.000209,0.750853,-0.659757,0.272818,-1.372991,-1.264583,-1.445624,-0.15643,-1.047211,-1.441108,-0.753801,2.195642,0.409788,0.245391,0.301563,0.744624,-0.864267,1.845213,0.626953,1.369942,1.335109,-0.329005,2.080366,1.129238,1.737829,0.330297,2.080806,0.737397,2.139763,1.905232,1.225722,-0.745539,1.010046,1.124245,0.903609,-0.068982,-1.366411,-1.202386,0.055187,-0.949373,0.432548,-1.792962,-1.596491,-1.329974,-0.036224,-1.832527,0.157696,0.175472,0.205224,-0.524151,-1.371018,2.931399,0.422503,0.264938,-0.680812,0.403557,0.131985,-1.406172,-2.279937,0.667237,-1.229948,0.004353
NIC266,0.422173,-0.485638,0.412802,-1.302499,-0.473591,0.207858,-0.177527,-1.132962,0.62439,1.846651,0.984331,-0.367413,0.483786,0.128313,-1.258519,0.040704,1.520877,-0.121502,0.456343,0.41232,-0.275763,0.60408,1.600483,-0.618288,-0.699971,-0.647198,-1.932281,0.635282,1.010265,0.45759,-0.844192,-0.235059,-0.861065,-0.474208,1.801393,-1.091088,0.147697,-0.882493,-1.583239,-2.235769,-0.629184,0.875402,0.366552,0.170923,-0.564221,0.06622,-0.221061,-0.471736,1.210976,1.557101,1.231002,3.000453,1.784102,2.700951,1.426558,0.574037,1.515621,0.325574,0.60659,-1.540812,-0.852451,-1.418535,-0.954322,-0.681182,-0.529015,0.738192,0.846077,-0.714713,0.072571,0.858875,1.240146,1.208471,1.067129,0.12084,-0.798368,0.48068,1.26831,-2.243982,0.885323,-0.741972,-1.421338,-0.815582,0.315768,0.836681,1.136902,-1.867228,-1.938946,-0.34988,-0.886448,-0.235612,1.411794,2.777972,1.334936,0.980801,0.781769,-0.98128,2.647273,1.461664,0.426501,-1.465998,-1.633938,0.312375,-0.335497,-0.036206,-2.630562,-0.325888,-0.47565,-0.715388,-0.528593,-0.665959,-0.244953,-1.897846,-1.778892,-1.689881,0.986835,-0.156725,-0.852714,-0.112241,0.105019,0.462286,-1.046475,0.461165,-1.08816,0.048713,-0.377071,-1.745537,1.429084,-0.956283,-0.059647,-0.891813,-0.164259,-1.773025,-0.093478,-0.279698,-0.194781,-1.30642,2.330168,-0.145265,3.122398,1.569595,2.046537,-0.551559,1.475413,0.285647,-1.374868,-0.519564,0.676967,-0.124468,-0.011855,0.406879,-0.733915,-0.068317,-0.261424,0.106747,-0.514388,-1.055802,0.347464,0.008738,1.281451,1.228307,-0.054637,2.081247,-0.172538,-1.695035,-1.799051,0.614923,-0.482276,0.574917,-1.344308,0.170406,-0.012478,-1.019078,-0.778554,0.458679,0.826382,0.18117,-0.590218,1.341609,-0.132716,0.174366,0.644664,2.165889,0.737788,1.224807,-0.778265,1.115807,1.624232,-0.99559,0.316965,-1.905123,0.775621,1.723044,-0.411782,-1.470162,-0.305699,-0.956482,-1.647795,0.19445,0.25847,-0.723868,0.206051,0.482784,1.396026,-0.106628,-0.730049,-0.328518,0.102471,-1.256122,-0.031996,-0.86168,-1.121813,0.05537,-0.725884,-0.118692,-0.668802,-1.51332,0.908354,-1.607898,-0.022813,-0.11252,-1.155741,0.13971,0.06343,-1.045385,-0.067172,0.071924,1.072045,-1.014069,-0.891355,1.235704,-0.842786,-0.802795,0.111805,-0.223927,1.089905,0.395819,-0.465725,0.291808,-0.743266,0.200096,2.150192,-0.184835,0.22887,-0.305948,1.682434,0.626233,1.757143,0.74694,-0.371402,0.865786,0.475771,0.094371,0.749387,-1.237043,-0.352323,-1.481257,0.430602,1.955815,0.230066,0.311248,-0.682331,-0.269159,-0.754623,1.35674,-0.018643,-0.611846,0.95065,-1.868221,-0.437609,-0.618104,1.244361,-0.0775,-0.107892,0.187821,-0.513663,-0.510546,-1.860231,0.177039,-0.906884,-0.376005,0.456552,-0.538573,-0.501554,-1.258777,-1.022678,0.672335,-1.093418,-0.932295,-0.532834,0.478643,-1.086867,0.161929,0.997276,1.146439,0.935557,0.463877,0.740306,-1.10114,-0.418918,0.169295,0.66705,0.492613,-0.366444,-1.502654,-0.755343,-0.523928,-0.073774,-0.81587,1.255486,-0.764443,-1.606223,-0.650011,-0.476397,-0.909046,-0.03325,1.243704,-0.152543,-0.515402,-1.311967,0.117537,0.45639,-0.218654,0.143407,-0.506194,-0.924588,0.302987,0.692261,-1.605592,-1.081716,0.865837,-2.624001,0.417313,0.470386,-1.667592,-0.401716,0.474782,-0.810345,-1.455249,-0.136566
WN2050,-0.389795,-1.123155,-0.799481,1.554061,0.049493,-0.415913,-0.380975,-0.541108,-0.23524,1.157976,-0.240794,-0.822054,0.352014,-0.070514,-0.905628,0.718586,0.506271,-0.542037,0.561689,0.07341,1.691335,-1.139327,0.333836,-0.444867,-0.475021,0.301082,0.449914,-0.459262,0.747447,-0.558199,-2.021214,-0.242115,0.717023,0.49563,-0.76299,0.576841,-0.31118,0.120722,0.340836,1.167434,0.690582,-0.071317,0.346562,0.310078,-0.644999,-0.538697,0.205276,0.78517,-0.435709,-0.682027,0.533628,-1.034775,-0.234874,-0.925105,-1.430917,0.240509,-0.119353,-1.565745,0.499175,2.342567,2.103814,2.378197,0.751763,0.271857,0.660265,0.34523,0.319667,1.73245,0.153888,0.229319,0.711198,0.746987,-1.041655,2.309151,0.860003,-0.554942,0.14756,-0.182567,0.934606,-0.103021,0.0689,0.111042,0.891392,1.575268,-0.661233,1.03172,0.128964,-0.101433,-0.601783,0.338874,0.735736,-0.248847,-1.421171,-0.98991,0.630467,-0.078539,-0.319482,-0.560783,-0.82315,-0.237794,-1.814297,0.434076,-0.600642,-1.050587,-0.244145,0.364991,-0.617679,-1.366015,0.543116,-0.497757,-0.24977,0.117775,1.081371,-1.585935,-0.149579,-0.184965,-0.614762,-0.434292,-0.739979,-0.24667,1.103208,0.038077,-0.820235,-0.732094,-0.508987,-0.087433,1.295407,0.335785,0.285151,-0.31507,-0.247729,-0.183603,0.132559,0.460505,-0.223029,0.464845,0.584706,0.191382,0.756114,2.033842,0.341366,2.264841,3.561363,0.659726,-1.40357,-0.23418,0.128844,0.278008,-0.314864,0.00272,-0.258163,-1.804775,0.070119,1.116136,0.471552,-0.061618,-0.110059,1.776441,1.642743,2.127933,0.282664,0.347323,-1.870662,0.871806,-0.811319,-0.383594,-0.872968,1.294242,-0.441933,-0.598449,-0.283674,-1.157497,0.644838,-1.838352,-0.867544,-0.924966,-0.813976,0.60903,-0.240201,0.42388,0.640693,0.910559,0.815671,0.855386,-0.918865,0.856039,1.187418,-1.199204,1.114111,-1.530216,1.217608,0.184721,-1.596358,-0.402828,-1.630185,0.269071,-1.001586,0.307927,-2.154899,-0.010351,-0.25935,1.144872,0.161324,1.111503,-0.493747,0.461882,-0.106882,-1.039994,0.034489,0.970734,0.707105,0.15795,-1.573509,-0.792573,1.185347,0.4557,-1.262673,-0.440901,0.87309,-0.118902,-0.557285,-0.177508,-0.583994,-1.169793,0.216945,-0.375622,-2.532654,-2.108503,0.734163,-0.065181,0.378321,1.818291,-1.241096,0.805143,-1.497515,-0.989705,-1.158258,-1.424064,-2.443677,-0.107837,0.536988,0.839977,-1.378437,-1.209835,-0.924755,-0.424206,-0.378365,-0.763361,-0.130042,0.782588,-0.092035,0.647632,-2.114169,-0.780633,-1.052699,1.211765,-0.305444,-1.047737,-0.043885,0.612318,-0.373421,-0.713482,1.053042,-0.731104,-3.250048,-1.911076,-1.240034,0.091549,-0.673365,-0.412424,-0.468275,0.121035,0.512898,0.285694,-0.099598,-0.792115,-0.329692,0.259561,-0.595335,-0.999914,-0.316909,-0.169218,0.343368,0.179875,-0.756858,0.27945,-0.387858,-1.350133,-1.527168,-0.133937,-0.25202,0.280407,-1.423023,1.255551,0.025303,1.514088,0.022889,1.633699,-0.802762,-0.498186,-0.152316,0.897077,0.775402,0.760507,0.643952,-0.038251,-0.756452,-1.043906,-1.545918,1.183676,-0.219513,1.690566,-0.364617,0.122828,0.988753,-1.19137,-0.507731,-0.277459,-1.070424,0.333204,-0.344216,-0.754145,-1.61632,0.223348,-1.202225,0.107402,1.548941,-0.398575,0.868866,0.276864,-0.254924,2.404718,-1.809363,0.249009,-0.955644,1.472675,-0.627607,0.39749,-0.287299
ECA2081,1.447284,0.518153,0.752596,0.441901,-0.974253,0.078345,1.510876,2.004373,1.42583,0.286524,-0.704503,-1.869066,1.324027,-1.807184,0.015378,-0.90914,0.570617,0.670979,0.641475,1.404617,-0.942854,0.014642,0.050617,-0.375091,-0.257614,0.940307,0.502595,2.073708,-1.303202,-0.818925,0.847814,-0.95641,-1.649539,-0.57518,0.747386,-0.439034,0.95971,0.790452,0.661055,1.992825,0.901127,-2.219941,0.578336,0.64652,1.557242,-1.089752,0.677758,-0.273777,-1.321994,-1.676772,-0.38716,0.825509,-0.425177,0.818029,1.040086,-1.20322,0.512943,0.186676,2.088458,0.52527,0.175536,-1.324105,1.29439,-0.571715,0.625356,0.21515,-0.766068,-0.112099,0.073324,-0.177542,0.091339,-1.176501,-1.568935,-0.182026,-2.588858,0.61063,-0.363724,-0.680685,0.894383,0.191839,-0.609537,-2.185717,0.316395,1.512644,0.894138,0.245413,0.171099,0.620264,0.755324,-1.016763,1.034916,-0.040189,0.955669,0.824204,0.183392,-1.212008,0.484781,-1.315453,-0.701886,0.898535,1.211726,1.143503,1.507518,0.611045,-0.181891,0.317095,0.221552,1.612066,-1.00161,1.548033,0.751382,1.652717,-1.317676,0.698796,-0.130615,1.274993,1.13257,1.248336,0.670226,1.028508,-1.907711,0.573124,-0.239313,0.781127,0.286764,0.784776,-0.216046,1.533481,-0.824795,0.543014,1.077702,-0.378226,0.890973,2.073428,2.024392,1.465779,0.112644,-1.501952,1.185943,1.291677,-0.955703,0.22353,-1.794455,-1.116295,0.953364,-0.499477,-0.861924,-1.218558,-1.521339,-0.047417,-1.426803,0.272346,-0.532211,0.003563,-0.244401,-0.446067,-0.360902,1.311738,-0.438728,0.122407,0.267919,-0.770765,2.058091,0.402081,-0.236148,-0.992876,0.57709,1.484601,-0.665349,-1.019624,-0.693863,-0.408143,-0.504928,-0.084463,-0.550615,-0.390991,0.068184,-1.145296,-0.780701,0.270205,0.011043,-0.302956,-1.602985,-0.6683,-0.44141,0.423616,-0.173075,-0.567288,-1.059991,-0.437746,-0.57632,-0.890434,-0.047674,-0.217544,-0.186762,-1.442521,0.720772,-0.792419,0.154147,-1.849754,1.710931,0.067896,-1.349598,0.714757,0.864861,0.227848,-0.240243,-1.682021,1.058247,-0.990629,-0.649704,-0.909804,0.227895,-0.631642,-0.790174,-0.71144,0.407576,2.069736,-0.534508,-0.626369,0.27338,1.522678,-1.965463,-1.843289,0.424231,0.657197,1.664615,2.039112,2.128056,0.693745,-0.004987,-0.322835,-0.933343,1.037883,1.559381,0.86526,-0.598112,1.087863,1.039762,0.528149,0.206298,0.688137,0.16217,-0.201815,0.894753,0.807888,0.218508,1.319215,0.126208,0.785576,1.02192,0.565311,-0.317503,0.867878,0.552357,-0.152856,0.897546,0.749478,-0.091175,-0.870515,-1.556922,0.764422,0.280361,1.620101,0.054582,-1.075143,0.98243,-0.120308,0.065875,-1.046198,0.158368,-1.126572,-1.056124,-0.824177,-0.475365,0.396013,-2.436459,-1.979796,0.235214,-0.261145,-0.780774,-2.032475,-1.633687,-0.263996,-0.081637,-2.167539,-2.060415,-0.345591,1.550584,-0.333071,0.221765,1.416078,-1.368329,-1.451835,1.281573,0.549227,0.793829,2.317217,0.42811,1.937859,0.78278,0.141534,1.584344,1.036228,2.120639,1.304348,0.093176,0.045937,-0.053106,0.000424,-0.793661,-1.342525,-1.7048,0.411635,0.03448,0.371332,-0.01955,1.914875,0.174761,0.777129,1.275868,2.015663,1.823484,1.734565,0.681891,-1.440072,1.177188,1.32638,-1.494512,0.278919,0.855644,-0.072771,-0.386083,-0.131254,-0.683804,-1.818398,-0.837789,-0.964764,-0.96301
NIC1805,-0.336928,1.46782,-0.831093,0.572789,0.700871,-2.258727,-0.41241,-0.878378,-1.523691,0.14735,-0.76025,0.626979,-1.579181,-2.208856,-1.540287,0.10533,-0.774924,-1.51144,0.749942,-0.498674,-0.256325,-1.52508,0.191997,0.010371,-1.637332,0.051756,0.236983,2.35975,0.368797,-0.464163,-0.483615,1.13481,-1.393584,-0.058355,-0.127847,-0.349196,-1.132932,-0.448517,-0.847684,1.35861,-0.574132,0.966772,-0.230644,-1.080962,0.124897,-0.169919,-0.910995,-0.907792,0.820693,-0.897217,0.614697,-0.419062,-0.816761,0.091537,0.313639,0.052057,-3.358108,-0.132073,-0.027032,-0.70779,-0.867564,-0.913459,-0.855148,-0.5474,0.074831,1.709059,-1.226327,-1.548346,0.140997,-2.264569,-1.359707,-0.490405,0.365045,0.540603,0.906929,1.989513,0.974484,3.112325,1.071535,2.154649,1.159309,0.437357,0.551923,-0.563781,0.595175,1.094581,-1.472103,-0.678061,0.975162,-0.467396,-1.000671,-0.608769,-0.944338,-0.019458,1.106122,-0.030957,-2.020384,-0.416051,-0.516913,0.478916,0.549501,1.022904,0.939278,0.056796,0.854873,-1.359453,0.268818,-1.91581,-2.1267,-0.070497,-0.133379,-2.770908,0.648956,-2.105997,-0.688899,-0.520548,0.479855,1.193017,-0.268717,-0.904535,-0.957328,-0.027611,0.068221,1.521799,-0.620225,-0.179436,-0.166639,-0.699703,1.902948,-1.27984,-0.124813,-0.799581,-1.319023,0.736006,-1.358995,-0.357055,-1.025493,1.445302,0.409207,1.795393,-0.405488,1.911475,0.785563,0.507781,-0.391031,0.470254,-0.062695,1.167469,0.575432,-0.80024,0.687092,1.739108,0.48268,1.376447,-0.454484,0.783283,0.032456,0.666216,0.254535,1.860143,1.451974,0.172408,-1.678404,0.591747,0.045989,-0.750348,0.079543,-2.287893,-0.641959,-0.003721,-0.679378,0.237371,-2.486465,0.569605,-1.706242,0.797694,0.805104,-1.571882,0.055426,-1.476669,-0.667647,0.53774,1.541735,-1.118486,-0.486645,0.291674,-0.67403,-0.583412,-0.102218,0.081059,-0.450987,1.549964,-0.039936,-0.375251,0.46755,2.09986,0.468393,1.696943,-0.782163,-0.957562,-0.265357,-1.900752,-0.699364,-2.288348,-1.553978,0.337376,-0.076766,-0.424432,0.618674,-0.519472,-1.052786,0.99669,-0.67636,-0.237519,-0.005178,-0.493434,-0.04778,0.885113,0.733776,0.090983,-0.893286,0.409714,0.180745,-0.747751,0.035356,-1.009416,-2.664508,-0.502134,-2.052888,-1.411398,0.643894,-0.041961,0.515922,0.688638,-2.575102,-0.406343,1.310799,0.344629,-0.556132,-0.051528,-1.333478,-2.234983,-0.403348,-0.92481,0.778102,-0.269618,-1.956462,-1.764525,-1.924601,-0.91645,-0.761941,0.60894,-1.102864,-1.221638,-1.704471,0.800346,-0.6665,-0.16218,-0.062858,0.899042,-0.364315,-0.338776,-0.715275,-1.555996,0.430796,-0.98091,-1.00265,-0.293549,-1.377595,0.11195,0.098003,0.026406,-0.05358,-0.357761,-1.284632,-0.344996,-0.87227,-1.010283,-1.481661,-0.431614,-1.215987,-0.030569,-1.548346,-1.361531,0.523694,0.932776,-1.347677,-2.385739,-0.171085,-0.501178,-3.420989,-1.913993,-0.868628,-0.029706,-1.395835,-1.262971,-0.613059,0.322104,-1.199061,0.260127,-0.258501,-0.947432,-1.107752,-0.833787,-0.404052,0.885517,1.175193,-0.179716,0.63235,0.44837,0.46892,-0.479741,-1.030301,0.221311,-0.942216,-0.991763,-1.133406,0.58181,0.395514,0.427304,-0.445594,-0.247572,0.311349,0.209384,-0.004169,1.622856,0.13774,0.193608,0.184771,-0.937638,0.315231,1.148666,0.983809,-0.34526,0.282192,0.230375,1.443206,-0.989186,0.326519
ECA1853,0.843997,-0.544505,-0.617125,0.855183,-1.61138,0.283555,-0.430319,-0.877883,0.022891,-0.306688,-0.179929,-0.106762,-1.388807,-0.008984,1.090553,0.373936,-0.475425,0.615511,-0.667067,-0.345047,-0.597518,0.984247,-0.369832,0.446139,-2.071887,-0.011418,-1.925025,1.248732,-1.765711,-1.556589,0.612642,-0.846379,-0.577908,0.565002,-0.938575,-0.019414,-0.222485,0.393325,-0.593121,-1.896778,-0.509663,0.593905,-1.252702,-0.682288,-0.365481,-0.208186,-1.890058,1.065172,-1.806428,-0.179568,0.911894,-0.635563,-1.64848,0.617576,0.716239,-0.207592,-0.99033,-0.28689,0.082455,-0.834494,-1.20325,-1.914744,0.555472,0.720747,-1.500249,1.109785,-1.022415,-2.380181,-0.175038,1.531448,-0.991327,-0.966253,0.386969,0.338933,0.545846,-1.653726,-0.156393,-0.117468,-0.330613,-0.038094,-0.159998,0.444986,0.823478,0.627345,-0.162911,-0.350981,1.200853,-0.063144,-0.782671,0.086521,0.242505,0.609525,-0.419606,-0.424569,-0.02449,-0.257437,-0.251186,0.080802,-0.106651,-1.431327,0.391983,-0.345398,2.872331,1.749274,2.362626,0.911162,0.690246,0.156263,-0.055061,0.276459,-0.99344,0.859875,0.008075,-1.116697,0.445657,0.025466,-0.544307,-0.228546,0.229068,-1.240238,1.310582,1.496952,2.258708,-0.077031,0.472562,1.250532,1.160349,-1.094571,-0.396469,0.513253,-0.11721,-0.1825,-0.17413,-0.187558,-0.523797,-1.322034,0.045144,-0.025542,-1.42533,-1.006466,-1.052345,-1.084716,0.017587,-0.580417,0.839298,1.655664,-0.604733,2.104535,-0.329798,-0.667252,-0.941048,0.603943,-0.47989,-0.455536,-1.103088,0.257874,1.649669,0.760949,-0.027724,-0.100832,0.358834,-0.977981,-0.472274,0.903879,-0.327115,-0.454528,0.357076,0.60394,0.997133,0.727067,0.000747,1.788921,0.477361,-1.130002,-0.165856,-1.428476,-0.116844,1.206712,-1.854181,-1.408784,-0.387498,-0.730319,0.267084,1.353373,1.276104,0.747095,0.844021,1.76923,-0.153407,1.204338,0.033921,0.343474,-0.117952,-1.16584,-1.005837,-0.529244,-1.40062,-0.57958,1.917209,-0.125331,0.783812,0.860418,-0.364516,0.149716,1.641335,1.233086,2.297522,-1.205578,-1.140412,-1.09231,-0.773188,1.001218,0.263471,0.449925,1.09638,-0.55045,0.74293,-0.099755,-0.6293,-0.627886,-1.319228,-2.025087,-0.760985,-0.475805,-0.353977,-0.914407,-0.295248,0.236382,-0.804078,0.201054,-0.815099,-1.079664,-0.143314,0.588376,-1.243373,1.095214,-0.809884,-0.774036,-0.014793,2.835501,-0.474815,-0.591079,-1.208477,0.743867,-0.597189,0.225836,0.624941,-0.50086,-0.004785,1.598485,0.041385,-0.280132,-0.147001,1.257559,0.938502,2.687079,-0.099626,0.420498,1.649,0.228138,1.2421,-0.377992,-0.082751,0.091718,0.221491,1.487448,0.658679,0.1723,0.88777,-0.215688,0.827597,-0.800116,0.38668,-1.205858,0.758418,-0.579289,-0.156613,-0.696128,-1.981816,0.230123,1.421005,0.20671,0.530582,0.856366,1.581548,1.137976,1.538116,0.384696,-0.23038,0.172451,-0.555484,0.559446,-0.94471,-0.8104,-0.07136,-1.116527,-0.27346,-0.195324,1.046993,-0.663059,1.970263,-0.164816,0.168371,-1.390812,-0.319675,-0.017775,0.680446,-0.571804,-0.449022,1.299636,0.316316,0.287174,1.246297,1.376558,-0.473932,-0.434227,-0.05814,-0.297178,1.344596,-0.979639,-1.078318,-1.18733,-0.758015,0.435414,0.524965,-0.240636,-1.74009,-0.030412,1.833761,-0.499633,-0.127661,1.380114,1.069923,0.428282,1.97579,0.28948,-0.260333,0.290362,0.231092
MY23,-1.004505,-0.217115,-0.231124,0.685949,-0.065269,0.727111,0.446146,0.828346,-1.297233,0.667887,1.121289,-0.212579,1.548724,2.338436,0.799745,0.962966,1.628404,-0.786202,-1.48304,-0.077945,1.012097,-0.604893,-0.406439,0.024447,0.058971,0.819488,-0.524226,-0.289277,0.246519,-0.70194,-0.660457,0.504782,0.461189,-0.025978,0.16001,0.164195,-0.352365,0.519833,0.48587,0.010793,1.229747,1.375009,-0.12128,-1.527316,-1.039954,-0.493223,-1.07799,1.874406,0.554431,-0.367073,-1.138767,0.965945,0.218618,-1.982227,-0.046221,1.186435,0.564034,0.691532,1.04249,-2.249492,0.364183,0.248639,-0.916958,0.616225,-0.259349,1.631455,1.532767,-1.119834,-0.589002,-1.02691,0.459882,0.869598,0.404298,-1.719854,0.005352,-0.778259,-1.950985,-0.806623,-0.47692,-0.522356,0.261606,0.560875,0.643223,-0.038792,-0.11058,0.209011,1.283751,1.433198,0.117889,2.132954,0.336714,-0.733527,-1.477474,-0.14457,-1.072021,-0.522844,-0.184643,-1.238696,-0.761444,2.168898,-0.516612,-0.44034,1.398034,1.127974,1.205881,2.464719,0.128495,0.573794,0.516125,-0.396105,0.920761,-0.200401,-2.282172,1.224748,0.11493,0.689067,-0.347627,0.664591,0.984072,-0.479327,-1.01942,-1.703609,-0.284608,1.425166,-0.720081,-0.384216,-0.721179,-0.586817,-0.840194,-1.133974,-0.236328,-0.036359,0.380739,0.189866,0.792009,0.819022,-1.259523,-1.340606,-0.159907,0.789076,0.250412,0.929375,0.94169,-1.258733,-0.56846,-1.622539,-1.458555,0.102689,0.605921,-1.130452,-1.40592,-0.217808,1.165017,-0.295998,1.673373,-0.254145,0.049112,-0.363112,-0.305091,-1.093014,0.30589,-0.032991,0.430147,-0.20195,0.945913,-0.402109,2.044913,1.829252,-0.48429,0.735222,-0.148801,-0.725867,-0.545707,-0.06157,-0.381105,-1.499952,-0.927146,-0.553112,-1.239597,0.371565,0.936535,-1.5872,1.569582,1.301906,-0.106926,-0.754539,0.009689,0.991463,1.551964,0.701263,2.602224,1.379039,0.803997,0.859497,2.230815,0.191283,0.66655,0.684588,-1.73367,0.663339,0.907049,0.101581,-0.312509,0.760199,0.75418,0.693051,0.949097,1.475787,0.679474,0.128719,0.291482,0.087259,-0.057993,-0.218963,-0.57843,0.221101,1.492612,0.225752,-0.720622,1.199561,0.049552,1.553443,0.210593,-0.085258,2.691735,-0.635684,0.433905,-1.930805,0.918887,-0.683496,0.846035,-2.051066,-0.608862,-1.310337,1.580398,-0.613095,-0.811565,0.202202,0.250963,0.66142,1.675928,-0.013608,0.472726,-0.234774,-0.572234,-1.349697,-0.689318,-1.054306,0.113885,-1.035265,-1.166797,-1.383701,0.233097,0.003023,-0.243242,0.023736,-1.510372,-2.241914,0.933494,1.09093,1.276582,0.252349,1.263839,0.382965,1.256312,-0.111552,3.040567,0.782545,1.103162,0.591502,-1.114429,0.671095,-1.084614,0.304461,0.622871,0.067294,0.304955,-1.275633,0.343757,-0.346766,-0.788927,1.137827,0.017709,-1.231281,0.623025,-0.396124,-0.398662,0.669922,1.663138,-0.475519,0.854837,-0.388061,0.500012,1.569585,-1.330559,-1.368631,-0.995564,0.665537,-1.495257,0.188632,0.957054,-0.554584,0.726068,-1.519616,0.659551,-1.017288,-0.466192,0.138125,1.839424,0.126767,0.595119,0.263785,1.952767,1.666567,2.28443,-1.182131,-1.496021,-1.026806,0.001119,-0.742333,-1.092163,-0.653281,-1.695647,-0.187021,-1.230819,-1.723567,-0.685189,0.668581,-0.449338,0.277539,0.780999,-0.632315,0.826078,-0.653408,-0.426,-1.649155,-0.881631,2.8765,0.054262
QX1794,-1.235797,0.852061,0.430214,0.689498,1.072461,-1.404765,0.877853,0.353467,1.052398,-0.101331,1.703845,0.20505,-0.503351,-0.198001,1.303482,1.352075,1.718707,2.608345,0.63765,-0.150592,0.636317,0.084972,0.442003,1.321618,-0.185618,-0.579852,0.026476,-1.488094,2.015874,-0.214933,-1.949904,0.646639,0.058636,-0.206769,-0.499543,-1.210749,0.654752,-0.481271,-0.618818,2.188682,2.018276,0.228698,1.995345,2.687439,1.025623,1.525333,0.948604,1.259672,0.703632,0.739863,-0.227471,1.260735,-0.111077,-0.468194,0.301522,1.14755,-0.687473,-0.784609,0.707423,-0.222398,-0.270013,-0.759474,-0.236889,1.354326,0.17715,1.282006,-0.659595,-0.022714,0.202034,0.981923,2.271123,0.756346,0.380055,-1.941427,0.829742,0.491008,0.237684,-1.261474,1.044737,0.461452,0.52027,0.817377,0.649416,-0.778503,1.118873,0.9063,-1.04594,-0.444501,0.134018,-0.617966,-0.387172,0.379756,-0.856893,0.177176,0.027616,0.296793,0.570694,1.354778,0.884079,-0.90687,1.181953,1.328944,1.294407,-0.683178,0.690243,0.769509,1.561874,0.791554,1.170442,1.23581,-0.590245,-0.19638,1.397253,0.811992,2.145208,1.034784,1.331271,-0.509439,0.170844,-0.553777,-0.770398,-1.74048,-0.301442,-0.77166,0.112047,0.07762,0.931508,-0.459315,3.663042,0.374754,-0.013298,0.859204,-0.964147,-1.4609,-1.668727,1.426622,-0.554129,1.04749,0.581049,0.376309,0.105002,0.369944,0.668994,1.565534,-1.014859,2.333252,1.695575,0.180315,0.500678,-0.561806,-0.398193,2.409801,-0.017476,0.334635,-0.534765,-0.849209,-1.105419,-0.894442,-0.258365,-0.001877,-0.454567,0.351663,0.583627,0.424454,-0.909053,0.614769,1.652311,-1.637418,1.464491,0.548608,2.315429,-0.217453,-0.735004,-0.819531,-0.439355,-0.898243,-1.139162,-0.278767,1.812843,0.142361,0.762122,-0.204984,-0.991512,1.024752,1.410615,-0.209499,0.466623,0.561299,0.823665,0.474993,0.256864,-0.508683,1.313132,-0.668662,0.895436,1.757367,0.252552,-0.090259,1.334672,2.033001,1.032542,0.13569,-0.093863,0.405497,0.387844,0.465499,0.726992,1.677403,-0.772878,1.398023,1.126719,0.578783,-1.017534,0.648526,1.065723,-0.455003,-0.906693,0.58988,1.140799,0.515771,1.705339,0.156383,1.10222,0.030465,-0.246394,-1.57884,0.752922,0.210752,-1.614268,-0.686261,-0.103554,0.987934,-0.027733,-0.405796,-0.189756,0.336337,1.028743,0.49396,-0.246293,-1.229314,1.71089,1.041182,1.618166,-0.20845,-0.1607,1.296427,-0.776327,-1.647535,0.82173,-0.491172,-0.063111,1.563769,0.893762,-0.029044,1.324691,1.974151,2.09971,-0.313116,1.165709,-0.028156,1.391799,-2.106596,0.595954,0.839197,0.515065,0.218474,0.17853,0.006833,0.587552,0.502063,0.112676,0.546319,-1.060439,-0.026458,-0.653257,-0.791642,0.10969,0.098939,-1.161853,0.163558,-0.273294,0.014408,-1.864345,-0.329803,0.277401,-0.575774,0.020488,-0.647297,0.474652,1.110421,-0.215452,-1.119833,-1.045441,0.267486,0.098982,-0.919506,-0.158253,0.968845,-0.108505,-0.570489,-0.602087,-1.323519,0.583227,-1.248728,0.267235,0.711885,1.170771,1.382976,0.899192,0.612249,0.998362,-0.134401,0.131432,-0.000124,0.509051,-0.13531,1.943495,-0.918293,0.656357,-0.666557,0.40079,-0.354578,-0.63376,0.229189,-0.054515,2.151628,2.308959,-2.087849,-0.38082,0.326163,-0.082221,0.068602,1.153206,0.686368,0.652843,0.724571,0.666992,0.445217,0.276022
ECA746,1.148295,0.369623,-0.492623,-0.486658,1.479806,1.144989,0.755154,-0.108111,1.738088,-0.911468,1.584712,0.308695,2.172789,1.674561,-0.108516,-1.196018,0.401614,-0.784214,-0.601845,1.542174,-0.691058,1.403424,0.089065,-0.330222,1.177882,1.029354,1.758552,1.493706,-0.430467,2.292215,0.716789,0.818859,0.070281,1.055216,1.504085,0.959207,-0.885948,-0.588416,-2.390403,-0.670748,-1.204553,-0.746129,-0.354177,0.032673,-0.43991,-0.935321,0.159122,1.008562,-0.330604,0.326251,-0.186332,-0.727775,0.946636,0.553708,0.289234,-0.518153,0.766088,-0.465617,-2.016077,0.701974,-1.58104,-2.001756,1.480285,-1.219751,-0.653934,0.511552,-0.457899,0.142014,-0.852678,1.111832,-0.161652,-1.616098,0.939084,0.941785,1.598266,0.946621,-0.876706,-0.094585,0.061516,-1.886084,-1.016249,-0.752581,-0.379394,-1.709765,-0.679967,0.50785,-0.104714,-1.22225,0.371785,-0.772047,-0.628652,-1.687927,-2.054206,-2.105123,-1.575324,1.321905,-0.030629,0.35686,-0.64049,-1.337392,0.483893,0.158295,-0.161728,-1.708312,1.537387,0.729793,2.072321,0.344134,-0.118582,-0.825614,0.012628,-0.093083,-0.135514,-0.251372,-0.818258,1.117432,-0.074041,0.592868,-0.155733,0.543155,-0.919706,-0.998432,1.498168,-1.009138,-0.326171,-0.053481,1.981563,0.510123,-0.148438,1.991293,0.699669,0.786444,0.585693,1.879723,0.065097,-0.725072,0.049015,0.955155,-0.556158,-0.182899,-0.985037,-1.439708,-0.345428,-0.122953,2.001753,-0.244994,1.045952,-0.092848,1.00325,0.670442,1.381549,0.324129,2.09673,-1.539169,0.768606,0.581206,-1.729392,-1.46924,-1.843695,-1.813083,-0.064282,0.058819,0.266174,0.276443,-1.774153,-1.189947,1.502971,-0.670294,0.742119,-1.146448,-2.992978,-1.348496,-0.957453,0.366075,-0.704159,-0.539811,0.187116,-1.080951,-1.505288,-0.708969,0.90488,-0.180202,-0.911565,-1.516796,-2.687254,-0.537064,-1.235076,-1.808001,-0.509664,0.66625,1.098264,-0.570618,0.841982,0.662995,-1.279629,-0.651002,-0.535898,-0.526626,-0.01864,0.238847,0.335622,0.258093,-0.350396,-2.029044,-0.784992,-0.49436,1.198414,0.72276,0.484413,-1.349521,-1.134834,-2.115071,0.235079,-0.559637,-0.303177,-0.212499,2.270829,0.323427,-0.612551,-2.464595,0.008973,-0.404479,0.810185,-0.438857,-1.661995,1.393564,0.237824,-0.50406,-0.612122,0.188034,0.102679,-1.120652,1.07299,-1.021609,0.275784,-2.04917,0.836253,-0.937642,-1.062874,-0.212831,-0.167164,-0.445783,0.276335,0.299759,0.610634,0.723056,1.901369,-0.741284,0.109144,1.530179,1.387842,0.962808,-1.082668,1.129774,1.3832,0.248344,-2.275862,-0.128514,-1.150007,-0.913932,-0.453157,-0.728169,-1.542505,-0.454735,0.117176,-0.6304,-0.018692,-1.873909,-1.667085,-1.468938,0.896618,-1.187844,2.426908,-0.050714,0.883297,0.281671,0.750832,1.134812,1.798918,0.24391,-1.979411,0.400696,0.789983,1.260291,1.430848,0.778126,1.15642,1.705066,0.219158,-1.509555,0.570426,0.243402,0.223756,1.704061,0.635938,-0.036061,0.43971,-0.878087,1.680841,0.936603,-0.578719,-0.850437,1.268135,-0.764172,-0.940434,-1.175946,-0.228703,0.824361,1.502323,-1.377864,0.043482,-0.599812,0.153345,-2.008986,-1.028614,0.383854,-1.039117,-0.237728,1.058356,0.509556,0.117429,-0.41857,0.640018,1.34212,0.201941,-1.106209,-1.226647,-0.305846,-0.10299,1.130774,-0.34978,0.685879,-0.023295,0.889131,-1.391871,0.456882,-1.212501,1.690664,-1.241454
QG2075,1.055987,-0.30421,-1.283692,-0.831564,0.300221,-0.58518,-0.725427,-1.129548,-0.447042,1.985653,1.650465,0.240866,-0.979789,-0.370352,-0.487071,-0.612055,0.124004,-0.642212,0.77903,-0.545285,0.168875,0.083764,-0.437649,0.430231,0.667489,-0.808741,-0.060731,0.741772,-0.742117,0.29837,-0.162601,-0.396533,1.540927,-0.14342,0.093705,-1.482902,0.273012,-1.612659,1.215374,-0.185342,0.594036,-1.3275,-0.098945,0.380676,-0.211075,-0.093552,1.238567,-0.212308,0.904306,0.352717,-1.364698,-1.088217,-0.480992,0.117453,-0.89009,-0.217372,0.352719,0.64318,1.062392,-1.050855,-1.223126,0.164996,0.190506,-1.522319,-0.644991,0.441785,-0.186521,-0.932086,0.043584,-1.008919,0.648581,0.358075,-0.406915,-0.946285,0.187183,1.991157,0.284308,0.617752,0.612109,-1.152074,0.215487,0.644725,-0.089295,-2.345173,-0.134669,-0.198933,0.680535,-0.389396,0.887466,-1.230673,0.953231,-1.175683,-0.324656,0.610134,-1.516389,0.359645,0.509656,-0.005366,-0.541911,-0.975924,-0.698553,0.209365,-1.723065,0.252864,-1.846366,0.204631,-0.730428,0.017496,0.348584,2.60383,-1.422028,1.359062,-0.642789,0.633515,-0.018865,0.026953,0.446041,0.505403,0.550748,0.453237,-0.283783,0.991127,-0.69751,-0.092778,0.957932,0.193645,0.64705,0.840039,1.97458,0.220516,-1.34542,1.074208,0.452418,-0.040812,-0.704212,-1.81407,-0.591895,-0.183038,-1.172633,1.127121,0.024683,-0.31499,-1.217836,-0.200954,0.285969,-0.874444,0.106459,-1.050645,0.934928,-0.163133,-2.007374,-0.554969,-0.25664,-1.00279,1.796207,0.980092,-0.332087,-0.137601,-0.484743,-0.39428,-0.848053,-0.05277,1.265251,0.409713,0.524553,-0.373044,-0.174931,-0.951357,0.258632,0.122665,1.49518,-0.279756,-1.485113,-0.243797,-0.654822,1.718662,0.040344,-0.168766,1.088405,0.057904,0.612956,0.339049,-2.252638,-0.40213,-0.827842,-0.51446,-0.018707,0.102366,1.53118,0.248483,-2.226279,-2.436234,-1.602866,-0.290576,0.683201,-0.127867,-0.30291,0.185449,1.109118,-0.186794,-0.57649,-1.072016,0.746365,0.297583,0.395886,1.007914,0.24205,-0.711725,1.25175,-2.235777,-0.762151,0.561043,-0.302154,-0.807389,-2.067098,0.17978,0.387608,0.827711,1.499634,0.158873,-0.030073,-0.361446,-0.014924,1.634669,2.011463,-0.119591,0.883331,-0.014924,0.017951,-1.611778,-1.265577,-0.471676,0.730456,-0.293424,-0.826163,0.402963,1.66543,1.452197,-1.454696,-0.099848,0.401679,0.583064,0.270807,0.333499,0.004087,-0.266249,0.290528,-0.083504,-1.021492,-0.910551,-0.979163,-1.094335,-0.423617,-0.063601,0.463186,-0.29214,1.152643,0.887254,0.908376,0.756326,1.182256,0.408173,0.08142,1.958871,-0.060197,-1.421366,1.147495,0.061338,0.133118,0.327678,-0.273583,-0.90302,-2.996115,0.397825,-0.619234,0.668362,0.211895,-0.475515,0.483993,-1.479875,-2.867445,0.385683,0.037095,-1.228943,1.792389,-0.05287,0.001204,-0.324976,-1.314401,1.213265,0.404551,-0.972551,-1.317829,0.562296,-0.115788,0.270918,-0.804079,1.172834,-0.573305,0.37831,-1.599332,-0.058451,0.468287,-0.373362,-0.50432,0.318369,-0.442162,0.783201,-1.09885,0.936679,0.260195,-0.10732,0.691539,0.84284,0.401794,-0.528224,2.531749,1.160162,-0.639098,0.2269,1.094748,-0.336761,1.081784,0.574374,-0.195301,1.991654,-0.025756,-1.360576,0.431954,-0.434406,1.978243,0.388772,-1.612513,0.121472,0.14376,-0.423508,1.343624,0.330695,-0.664061
JU2879,0.274772,-0.65939,0.01786,-0.001221,0.817294,-0.621993,0.691521,0.199604,-0.566983,-0.422519,0.084494,-0.350203,-0.239141,-0.039297,1.37961,1.014566,-0.793331,0.306505,1.275161,-0.630795,-0.784428,-1.659087,-0.176079,0.861067,1.048922,-0.854276,1.274125,-0.242772,0.714568,0.567609,0.195764,-0.283316,-1.987006,-1.134566,0.377237,0.392834,-0.562216,-2.433754,-0.051924,-0.666124,0.664752,-1.049495,0.696745,-0.499857,0.193377,-0.02996,-0.675079,0.258061,0.484129,-0.953304,-2.85439,-0.476932,1.122815,0.665004,-0.243301,-0.820098,1.381181,0.755784,1.652209,-0.569655,1.975064,0.877327,1.150601,-0.497619,0.03549,-0.671433,-1.176078,-1.069531,-0.529538,-0.12781,-1.181486,-1.446444,-1.108694,0.465732,-0.745665,-1.006651,1.115946,0.441052,-0.113364,-0.867686,-0.087594,0.299158,1.436351,0.040965,1.123831,0.977418,2.48572,1.787076,0.999003,-0.267649,-1.416981,1.206621,-0.706205,1.888769,-1.025225,-0.297814,-0.227362,-0.876074,-0.118249,-1.468664,0.535479,-0.969997,0.291805,0.058923,0.327842,0.024191,-0.073668,-0.700618,-0.849033,-2.492012,0.063569,0.869216,-0.336197,0.61304,0.064421,0.070309,-0.983972,-0.544633,1.427136,-0.568169,0.049412,-0.712968,0.826191,0.55062,-0.189143,0.974886,-0.577966,-0.038009,0.329674,-0.08565,-0.432155,0.404989,-0.242807,-0.652043,0.001859,0.143773,1.380017,0.004468,-0.513197,-1.53631,-0.468314,-0.768597,0.051258,0.634924,0.411411,-0.448799,-1.139967,-1.764608,-0.036255,1.081267,-1.22751,-0.273737,0.362913,-0.579334,-0.47964,0.457363,-1.326459,-0.987337,-2.634673,-1.280926,-0.718137,-0.601501,-1.22732,-0.084593,1.668118,0.460434,0.264283,0.729468,-0.405143,0.3731,-0.312452,-0.818296,0.018935,-1.678236,-0.995369,-0.003279,0.770767,0.155179,-1.069452,0.662317,0.73087,1.203073,0.871347,1.050372,0.381561,-0.440926,0.671757,-0.473656,0.19529,1.254401,1.08135,-0.014844,-0.052083,-0.288706,1.02862,-0.262341,-0.956372,0.341303,0.614228,0.827713,-0.410713,-0.941575,0.877442,0.19528,1.638552,0.196713,1.005027,-2.707741,-0.495299,0.06374,-0.047562,1.368451,0.481998,1.629881,-1.343057,-0.605626,0.039384,1.021167,1.104379,0.364819,0.301973,1.084034,0.559053,2.231449,1.12741,-0.315134,1.826044,-0.245994,-0.440052,1.1831,0.210869,0.780008,0.702381,0.116263,-0.223033,-0.018691,-0.430199,0.227646,1.165587,-0.011094,-0.762065,1.859617,0.311195,0.152335,-0.481024,0.600043,1.182408,-0.010791,1.017786,-0.087049,1.811648,0.742775,0.83192,1.782765,1.320637,-0.994033,-1.196954,-0.696017,-0.518548,-0.434562,-0.165187,0.00796,-0.802278,0.525716,1.278653,1.290322,0.732667,1.707238,-0.048317,1.78331,1.131431,0.144293,-0.403541,-1.761065,-1.743291,-0.625451,0.411345,-0.292319,1.068332,-0.453089,-0.456397,1.048461,-0.067553,0.489822,-1.348248,-0.254771,0.318931,0.816577,1.309831,1.359821,0.225208,0.348724,0.499473,-0.811333,2.164598,0.284339,1.653051,-1.283316,-0.548993,2.337358,1.13947,-0.856691,1.0299,0.590222,0.46731,1.103913,-1.121693,-0.808572,0.328498,0.150178,-0.097608,0.832154,1.696271,0.241563,0.85172,0.734217,-0.471094,0.54747,-0.264647,-0.390788,-0.103529,-1.117164,0.500219,-0.20531,1.320228,-0.796411,0.294191,-0.436039,-1.716854,0.091615,2.144544,-4.8e-05,1.024182,0.882907,0.495562,1.126852,-1.361081,-0.780548,2.286893
EG4725,-0.572411,-0.173656,0.010049,0.572216,-0.866119,-0.071257,-0.632082,-1.235909,0.868245,-0.150285,1.220681,-0.938313,-0.795421,-1.531772,1.633769,-0.186077,-0.90426,-1.128858,-0.578017,0.93944,-0.283501,-0.011359,1.472725,-1.228308,-1.116148,-1.181921,-1.064196,1.078609,-0.581355,-0.492164,-1.058208,-0.00482,-1.005571,-1.124627,0.482698,0.134336,-2.740967,0.484123,-0.846391,0.295845,0.502113,-1.703583,-1.224225,-0.203768,0.093639,-0.786526,-0.331025,-0.362366,0.936483,0.035613,1.52212,0.990615,0.067974,1.605087,-0.728227,1.405598,-0.291835,1.814358,0.240555,1.039325,-0.898733,-0.399561,-0.939878,-0.708269,-0.47467,-0.798362,-1.512466,-0.969988,0.136002,0.08515,-1.803484,-1.572809,0.944379,-0.412935,-1.626802,-0.776661,-0.199766,-0.642055,0.141921,0.384901,1.64456,-0.485947,0.028791,0.266791,0.956186,0.289462,-2.41717,-0.481538,0.37115,-0.233932,0.741914,-1.835208,1.046808,-0.536656,-0.847661,-1.503032,0.479749,-0.036449,1.023126,0.481772,-0.799564,-1.092319,-0.815274,0.101871,-0.938983,-0.522302,0.711062,0.931289,-0.61381,1.196328,1.111346,-0.794631,0.018163,0.533467,-1.139207,0.391766,0.029009,-1.305933,-0.800607,0.877376,-0.780621,0.154693,-1.567646,-0.03326,0.912229,-0.415169,-0.634433,-0.106927,0.017371,-0.578971,1.506612,-0.388505,1.123674,-1.563959,0.301733,-0.043737,1.048235,-1.491439,0.791817,-1.062112,0.171947,0.482332,-0.803065,0.236034,-0.525122,-1.081128,-0.423079,0.833741,0.214535,0.446851,-0.71452,-1.252799,0.335214,-0.951765,2.29705,-0.405609,-0.983568,0.835668,-0.138334,-0.999612,-0.308255,-0.840149,-0.337861,-0.567632,-0.16034,-0.00436,-1.210044,-1.353364,-0.597253,-0.115148,1.156201,-1.096559,-1.109306,-0.897997,0.018891,0.131336,0.32399,0.060283,-0.992052,-1.239926,-0.602352,1.151955,0.407073,0.554758,-1.400055,-0.491362,0.850526,1.025498,0.798334,-0.254442,-0.743996,1.266955,-0.693171,0.664972,0.441031,0.147738,-1.19234,-0.520062,1.252849,0.412453,-1.042928,0.704583,0.996815,0.798334,0.108895,0.555738,0.294688,-0.362706,-1.327958,1.452432,-0.399713,-0.279823,-0.014137,-0.845001,0.073728,0.568564,0.3279,-0.207896,-0.396642,0.836885,0.09721,-0.105595,1.271442,1.800795,-1.328846,0.180354,-0.481409,-1.503582,1.245269,0.301741,-1.280494,-1.279153,-0.183683,-0.252286,0.77214,1.120463,0.389511,-0.205372,2.220893,1.188997,1.98486,0.935982,-1.279409,-0.73529,-0.016888,1.489002,-1.400714,0.072669,-0.578279,-1.183881,-0.771502,-0.672269,-1.205398,0.701702,0.045181,0.640101,-0.42363,0.339974,1.863181,-0.443654,0.053706,0.299805,-2.171041,0.881108,-0.684568,0.052536,0.7649,-0.228306,0.385422,-0.352143,0.149885,0.186625,0.627043,0.610062,0.152115,1.14608,0.339494,-0.408073,0.426966,-0.70408,1.575667,0.079465,1.444603,-1.480759,1.052191,0.17908,0.884699,0.527136,-1.31962,0.663843,-1.143091,0.447255,0.381289,0.250035,-1.08018,0.524419,-0.10606,-0.594296,1.385624,1.201213,0.99732,-1.010121,-0.175518,-0.017108,1.360212,2.170749,1.998892,1.149488,-0.619287,0.628537,1.392838,0.491919,1.395384,1.819519,1.245649,-0.545068,-0.748298,1.738794,-0.936924,-1.436266,2.11449,-0.925356,-0.663262,-1.645676,0.584656,-1.343668,0.538657,0.948207,0.011543,0.248738,-0.471212,-0.409536,0.528658,0.113397,0.608809,-0.15819,1.756502,0.646474,-0.268927
QX1793,0.142688,-0.555374,1.476873,0.561533,-0.373987,-0.021552,0.300936,-1.571327,0.341008,-1.667909,0.616011,-3.041025,0.568701,0.545825,-0.380219,-1.412357,-1.112332,0.235705,0.667758,0.548516,-0.258239,-0.169694,0.507284,1.100333,-1.700094,0.513056,1.634911,-1.008251,-0.705089,0.25791,-0.448859,-0.633658,0.715089,-0.196198,-0.235481,0.465784,-1.361942,1.550056,-1.146058,0.140676,-2.02231,0.262473,0.317765,-0.099057,-0.462946,0.713186,-0.581609,-1.15723,-0.922092,0.720278,1.126462,-1.471811,-0.285261,-0.07847,-1.55582,-0.79949,-0.419301,-2.640793,1.503671,0.310308,-0.154279,-0.278918,-0.180306,2.037223,0.445256,-1.210749,0.447788,1.081498,0.624132,0.494109,0.958733,1.838157,-0.46514,-0.765288,0.236392,-0.52071,-0.580336,0.981149,-0.22377,-2.186756,-0.402908,0.207159,-0.489468,-0.447495,-1.092455,-1.387244,-1.725391,-0.396605,0.352,-1.472566,-0.143607,0.350837,1.306353,0.522239,1.404787,0.452047,1.464624,2.188765,1.428014,-0.098641,0.17678,1.145931,-0.141436,0.899709,0.738638,-0.292361,1.118864,-0.820807,1.326739,0.148111,0.988054,0.144704,2.157825,-0.869566,0.150212,-1.164866,-1.234096,0.758213,-1.023799,-0.66802,-0.066277,-0.458627,-1.642137,-1.391286,-0.688894,1.144815,0.368082,-1.032649,-2.839606,0.471192,-0.660847,0.489728,-0.519669,-0.248726,-0.476285,0.195427,0.865688,1.720937,-1.853396,-1.661216,0.260197,1.149452,-0.170611,-0.326151,1.346151,1.874616,0.750451,-0.2275,2.059371,1.332699,1.538683,1.28778,2.752473,-1.228233,0.567724,1.71335,-0.378851,-0.745321,0.24121,-0.730649,-1.17696,-1.336437,-0.293575,1.036546,-0.273928,1.226934,-0.61949,0.323475,0.904139,0.806757,-0.298091,0.48782,-1.721888,-0.797826,-0.273561,-1.053427,0.289347,-1.60379,0.345136,-0.771133,-0.420507,0.705605,-0.236062,0.830313,-0.231656,1.166938,-0.734493,-0.216211,0.465875,0.058988,-1.446542,-0.365276,-0.46953,0.379216,1.555721,0.87079,1.055487,1.405472,1.565997,1.566233,1.600272,0.866722,0.50157,0.99518,0.432818,0.376784,0.051818,-1.922137,1.824343,1.975511,0.985132,0.285582,0.965043,0.210188,0.508794,-0.192213,0.0291,-1.50856,-0.302919,-0.65324,0.408516,1.524387,1.684129,-0.052311,1.870815,-2.301173,-1.054933,-0.607933,0.2019,-1.010252,0.300317,-1.448378,0.238454,-0.85013,-0.412186,1.200566,0.175444,0.189587,-1.343942,0.311106,0.552576,0.164562,1.630998,-0.728028,0.916569,1.35769,-0.121881,2.178388,0.607918,0.674691,0.856552,-0.216598,0.799879,-0.155176,0.309444,-0.569997,-0.797224,-0.465922,-0.249375,0.690269,-0.362334,-0.517983,0.520782,0.153075,-0.743052,0.276493,-0.328254,-1.115255,-0.492673,-1.029093,0.362875,2.36581,1.353419,0.088587,2.194575,0.908393,0.7779,3.224003,0.403128,-0.200661,-0.494094,-1.691539,1.153078,0.328417,-0.877497,0.633175,1.673935,-0.959314,0.0534,-0.487845,0.305226,1.194743,2.158966,-0.049597,2.931692,1.085066,2.15818,-0.399227,-1.01625,-0.5506,0.236435,-0.752639,-0.932643,0.41659,-0.897919,-0.316813,0.490103,-0.097371,-1.278079,-0.763361,-1.106218,-0.139907,0.300892,-2.462792,-1.238213,1.207839,-1.650309,-0.594009,-0.534479,0.643648,-0.177038,-0.018501,0.947934,-0.639794,-1.662576,-1.177662,-0.043379,0.457824,-0.780216,2.001488,-0.694292,0.954672,0.73685,0.012839,0.205591,-0.336969,0.772595,0.171604,0.634551
ECA3116,-2.223669,0.557692,-0.591679,0.704791,-0.617992,-2.891053,-0.150758,-1.851241,-0.601854,-0.550919,1.475167,0.117942,-0.494712,-0.827921,-0.730634,1.236433,0.091906,0.593322,1.240535,-2.451027,-0.114253,-0.239078,-1.427083,0.942532,-0.54669,0.462215,0.01836,-0.59259,-0.574003,-1.112428,-0.237312,0.688578,0.779039,-1.003459,-1.139423,0.306763,0.606157,-0.014419,-1.267509,1.223065,0.164585,0.4752,1.002293,-0.565042,0.311232,2.031445,-0.060418,-2.387925,-0.454388,0.347849,-0.56735,-0.98156,-0.432448,0.057017,0.959171,-1.350146,-0.228025,0.088766,0.481662,-1.422859,-0.371463,-0.512311,-0.63429,0.146483,0.79591,1.103023,1.822346,0.219813,1.558056,1.668236,0.574942,1.197273,0.811588,-0.444302,0.437024,0.082387,-1.091823,-1.23366,-0.789753,1.126548,-0.790287,0.546737,1.207759,0.852715,1.450489,2.561981,1.433606,2.859989,-0.423185,2.162361,0.349666,1.086429,0.335804,1.234812,0.60701,0.870985,0.915465,0.243656,1.239473,1.928964,-0.211243,-1.409294,-1.772297,0.721568,-0.593824,1.201865,1.816184,1.323619,-0.210975,-0.142057,-1.690932,0.356837,-0.402343,-0.265774,-1.140456,0.227288,0.848337,0.372597,-0.641577,1.275113,-0.172788,-0.957568,-1.651541,1.080047,-0.253542,0.724141,-0.4983,-0.393455,-1.792292,-1.311883,0.945863,0.866545,1.267409,0.74154,-0.092436,-0.748171,-0.33364,-0.343258,-0.471614,0.59011,0.290883,-0.266489,1.532906,-0.676118,0.704014,-0.450927,-0.366451,-0.366204,-0.202762,-1.012632,-0.996761,-0.018272,-0.175159,0.633795,-0.078284,1.122119,1.557064,1.154114,-1.931232,-1.813435,-0.676906,-0.58543,-1.297787,-0.540335,-0.065086,0.203721,-1.323057,1.037362,-0.242291,0.351605,2.810572,-1.027633,-0.408793,1.4934,-0.733439,-0.557767,-0.510309,-0.603943,0.069922,0.771145,0.273424,-0.852681,-0.31644,1.418651,-0.684116,0.795969,-0.77319,1.680326,1.258576,2.837276,1.472288,-1.147702,2.2948,2.568376,1.447249,1.200658,0.900303,0.78664,-0.233237,0.787988,0.381905,-0.001258,0.781182,-0.568227,-1.303182,-1.836915,-0.492031,0.719695,0.518492,0.699421,0.987859,-0.284408,-0.143733,0.3929,-0.745439,0.685479,-1.714101,-0.330447,0.089037,0.476868,-1.988648,-0.7297,0.971751,-1.499546,-0.343405,0.585408,-0.339291,0.467,-0.583198,-0.148669,0.616504,-0.264877,0.055742,0.301918,-1.527209,1.7421,1.06532,0.078692,-0.63463,1.252396,2.36592,-0.35633,-0.405547,-0.659889,-1.212937,-0.012468,-1.226277,0.163725,0.743079,0.168374,0.938489,1.84604,1.508519,-0.692985,-1.634477,-0.579199,0.662254,0.528988,0.256669,-0.657463,0.066498,2.021476,-0.089894,0.093121,-0.062908,1.433184,-0.08306,-0.008721,2.572656,1.485381,-1.215119,0.751338,0.011646,-0.91194,1.242342,0.946001,-0.258938,-1.443354,0.836992,0.490679,0.595058,-0.356843,1.19649,0.144423,0.955398,-0.160072,1.944738,0.297468,0.104237,0.421263,1.900119,-0.652236,-1.693722,-0.961623,-1.116269,-0.377851,1.738377,0.17146,-0.15999,0.247212,0.06323,0.509125,1.239606,-0.871969,-1.981275,-2.488412,-0.899346,0.218964,-0.979598,-0.624471,1.868818,-0.415062,-0.548155,-1.350096,-0.11125,-1.860135,-0.390709,-0.108139,-0.85728,1.640864,0.110515,-0.801262,-0.58189,-1.094203,-2.111188,-0.062632,0.867175,-1.182027,-1.360412,1.229822,-0.279718,-0.812166,0.374231,0.413319,0.581674,-0.770457,0.952285,-0.286099,-0.531068
NIC262,1.662831,-0.11658,-0.55271,-2.43262,-0.902121,-1.631912,-0.669628,-1.853566,-1.918594,-0.822843,-0.420194,-0.371762,-1.61002,-0.872739,0.647259,0.491408,-2.285395,-0.857451,0.041169,0.869287,1.131654,0.203591,-0.284459,0.767823,0.869229,0.770916,-0.390969,-0.487789,1.469769,0.239084,-0.011245,1.127805,1.56449,-1.317363,-0.191296,-1.672977,-1.3059,-1.215135,-0.653498,-0.65474,-1.865825,-0.676661,-0.216334,0.237145,-0.258741,0.607875,-0.884442,-0.257051,-1.645862,1.471205,-0.077376,1.126233,-0.030685,0.26519,-0.469999,0.583657,-1.621388,1.622084,-0.829866,0.002052,-0.385787,-1.702483,-0.510033,-0.965966,-1.113435,-0.784766,-1.003779,0.082186,0.66268,-1.425231,0.502525,1.06411,1.665043,0.352807,0.474922,0.637478,1.409751,2.264518,1.234319,2.204126,2.96763,-0.075844,-1.331478,-0.060929,-0.029197,0.836655,0.891761,-0.338237,-0.530012,-0.252396,-0.5601,0.294399,-0.262158,0.679953,-0.915022,-0.527727,0.5866,-0.840965,-0.797105,-0.244265,-1.721732,-1.050566,-0.055082,0.001866,-0.090417,0.760758,0.628246,-1.237777,0.054511,-0.044386,0.199568,-0.308319,-0.233395,-0.184543,-0.387431,0.334668,0.428868,0.0989,1.236642,1.903357,1.348476,1.394501,-0.378953,2.783245,1.254389,0.728407,-0.617702,0.895724,0.228135,-1.103285,-0.98715,-0.584928,0.032231,-0.49313,0.109456,-1.23932,-1.055381,-0.610121,-0.778776,0.549653,1.2502,-1.177684,-0.791839,-1.793643,0.85611,0.164681,-1.958128,0.758107,-0.54816,-0.882196,0.040294,0.36577,-0.59623,-1.125539,-1.12755,-0.054918,0.815081,-0.234854,0.407258,-1.32169,-0.222096,-1.232333,0.054583,0.054749,-1.577211,-0.62061,1.344721,2.077227,0.165757,1.120978,0.653985,-0.867416,0.341019,-0.850686,0.456973,-0.628062,1.16216,-1.093534,0.241092,-0.357845,-0.599955,-1.14442,1.620192,0.838951,0.321442,-1.35285,0.406664,-0.519419,0.016851,0.619706,-0.248383,1.348196,-2.079317,2.057321,0.31162,0.38422,0.073467,-0.416406,-0.66593,-0.571714,-0.667421,1.384742,-0.042884,1.055845,0.099856,-0.103274,0.653952,0.194378,-0.20903,0.60532,-0.736984,2.364886,1.954686,0.885572,-0.180234,0.918461,1.657158,0.02476,0.078937,1.152541,0.075572,-0.499911,1.406413,-0.272612,1.114943,-1.036973,-1.023933,-0.395034,0.282834,-0.534562,-0.727184,-0.633976,-0.313562,-1.437836,1.815024,0.636405,0.965628,3.080372,1.443697,-0.069422,1.130318,-0.20476,-0.018072,0.739109,1.060952,-2.935109,-1.899778,-0.166292,-1.358291,-0.273953,0.103735,-0.555852,-0.731018,-0.354587,1.768154,0.213886,-0.021196,-0.852631,-0.655001,0.278439,-1.23877,1.032034,1.221867,-0.206184,0.401239,-1.108788,-1.505522,-0.179868,-1.498653,0.450119,-0.395909,-0.029087,0.596189,0.933651,-1.050078,-0.728326,0.616602,1.12093,1.533666,-2.047937,-1.500025,-0.499341,0.342543,-0.933258,0.681242,-0.48179,1.122792,-0.171585,2.37179,2.023382,0.217117,-0.205006,1.524443,2.422069,1.677643,0.905918,-0.350451,0.973462,1.806788,-1.421102,-0.804885,-1.356664,-0.868008,-0.318628,-0.283328,-0.10379,1.243952,-0.198664,0.006283,-1.023338,-0.805283,1.012028,1.33678,-0.089662,-0.138092,2.190697,-0.34375,0.014275,0.184504,-1.125767,0.275837,0.353955,0.054103,0.970981,-0.575187,1.013971,-0.498181,-1.379602,0.092525,-0.176649,0.295831,0.31614,-0.412802,1.109292,0.502115,-0.442416,-0.72162,-0.411209,-1.015848
JU1666,-2.160628,-0.442744,-0.264144,0.163316,-0.425283,-0.816025,-1.010165,-0.864141,-0.705381,-0.986151,-1.401908,0.326175,0.340214,-0.381612,0.26417,-2.047949,-0.958435,-2.697943,-0.889655,-1.067549,0.5532,0.266598,-2.797885,-0.09451,-0.379816,-0.455579,-0.572402,0.543326,0.837028,0.201615,-1.118245,-0.007413,-1.456899,0.763923,0.440617,0.040971,0.371179,-1.253752,0.552045,-0.365434,1.391461,0.879504,0.223233,-1.137131,-0.004251,1.085484,0.175235,-1.028124,-0.263239,-0.156076,-0.929041,1.771136,-0.127806,-0.052746,0.088579,2.552031,-0.080874,-0.183964,1.835911,0.902876,0.303592,1.190872,0.975856,-1.58847,-0.794047,-0.092312,-0.565271,0.08468,0.04496,-1.056943,-0.08279,-0.638334,0.567548,0.23826,0.022663,-0.257222,-1.073345,-1.032954,-0.479479,-0.777369,-1.21523,0.432172,-2.189921,-1.753489,-0.395186,-0.3618,0.16321,-0.204615,-0.235194,-0.318928,2.335456,0.960039,0.054979,0.391395,1.75374,0.603029,1.105164,-0.08772,-0.053354,0.549359,0.692446,-0.471668,-0.517824,-0.489214,-0.179889,-0.248197,0.401871,-3.023013,-1.511312,0.027069,0.125562,-0.705219,0.199569,0.06493,-0.725964,-0.843696,1.469969,0.564413,1.481485,0.071279,-0.225689,-0.310615,-0.928503,0.368806,-1.941465,0.228808,1.395917,0.599166,0.004229,2.608488,1.003482,0.535936,0.394372,1.890083,0.69829,2.773758,-0.743271,1.096782,0.809747,0.598387,1.060332,-0.650553,0.89332,1.145425,2.008943,2.111407,0.38602,-0.626615,0.034893,-0.571108,-0.927017,-2.486436,-0.819438,-0.857724,0.834892,0.514218,0.680925,0.925418,-1.217677,0.57063,1.703411,0.221177,-0.720658,-0.831679,-0.821317,-0.854229,-1.632943,0.710811,-0.365909,-0.123561,-0.968466,-1.500205,2.152578,0.971507,-1.365925,-0.231022,-0.68461,0.129288,-0.624226,0.197314,-1.563343,0.925568,1.560409,-0.685589,-0.192998,0.958849,1.138193,2.091787,1.794345,-0.205093,1.516479,-0.552123,0.973049,1.299672,-0.802689,0.175704,-2.296117,-0.856683,0.718171,-0.404321,2.323895,-0.474979,1.062168,1.364578,-0.29835,0.07952,-1.303248,0.166912,1.210202,3.117124,-1.25194,-1.45726,-1.422965,0.022571,0.421581,-1.790742,0.024045,0.4273,1.4669,0.48939,1.76036,0.351232,0.710987,1.546352,1.389228,0.681543,-0.091503,-0.403158,0.397776,0.446744,0.02094,-0.885728,-1.268965,-0.069771,-0.197112,1.363175,-0.755799,0.938464,0.036767,-0.406003,-1.640708,-0.78167,1.048304,0.783343,-0.761829,-0.153511,0.235344,-0.279113,-0.015429,-2.000743,-1.124244,-0.482708,-0.035044,0.06146,-2.00748,0.43327,-1.026107,-0.185091,-1.344362,-2.095446,-0.416998,-0.860339,-0.402056,-0.123444,-0.894512,-1.077975,1.266778,0.166732,0.154313,-0.728685,0.711603,-0.046124,1.176386,-0.488723,1.62141,0.804236,0.845201,-0.136763,0.371956,-0.460773,0.601284,0.167097,1.679763,0.394755,0.317631,0.446333,-0.050717,-0.995656,1.386439,0.036389,0.076457,-0.22712,-0.529555,-1.48914,-0.123788,2.02518,-0.101838,-0.997256,0.094905,0.385802,0.701332,-0.242994,-1.278408,-1.424304,-0.417758,-0.545155,-0.635244,0.648827,1.156218,-1.14719,0.51236,1.740375,-0.56009,-1.387633,-0.88673,0.878618,1.136182,0.369911,1.45237,-1.22645,-0.183931,-0.529355,-0.274801,-0.605112,0.835831,0.00421,-0.869658,-0.007495,-0.842211,-1.399345,-0.537477,0.577886,0.078477,-1.485231,-0.640936,-0.677263,1.431334,-0.311588,1.547057
ECA2945,0.251137,-2.250301,-1.396663,-0.499822,-0.041926,0.542262,1.690019,1.042356,0.036238,0.228332,-0.275135,-0.325757,0.33884,0.180841,-0.12554,-0.484239,-0.881347,-0.069684,1.533815,1.466433,1.051247,-1.804664,-0.486787,-1.127996,-0.229893,-0.282454,0.325912,-1.346077,-0.154641,-2.10299,0.536542,-0.130402,0.778349,1.071361,-0.802337,-0.613733,1.031325,1.409311,-0.076927,1.084737,-1.547875,-1.003599,-0.013301,-1.422549,-0.274053,-1.336665,0.918794,-0.141024,0.624127,-0.51831,0.169799,-1.937319,0.264056,0.928406,0.233199,-0.280987,-0.836469,0.502799,0.264344,0.550196,-1.205182,-0.163223,-0.075581,-0.662174,-0.64313,-0.091813,-1.737103,-0.116137,-1.240907,-0.972223,-2.191398,-0.390297,0.406949,0.097046,-0.896849,-1.226603,0.973754,-0.221025,-0.438453,0.69413,0.35862,0.197091,0.879473,-0.438375,-0.903821,0.356778,-0.650466,0.770312,-0.993574,-0.392951,-0.956681,-0.642681,0.373006,-0.943958,-1.530519,0.430087,-0.462349,-1.569253,0.195372,-2.646661,-0.452668,1.562011,-0.26421,-0.328934,0.098954,-0.77201,-0.343054,-1.338447,0.532243,-0.41217,-0.183022,0.365557,1.10181,-0.510469,0.318429,-1.343668,0.596251,-0.028268,-1.090618,-1.736043,0.687806,-1.435814,-0.030909,-0.733443,-0.946296,-1.944853,-0.478268,0.268245,1.262485,-0.238096,1.29232,-0.691932,-0.968984,-1.258112,0.545214,0.038765,-0.706689,0.503686,0.925179,1.84091,-0.478907,0.129194,-2.076067,-1.516734,-0.293471,-0.284549,1.205077,-1.898665,0.151657,0.294428,-0.222124,0.140493,-0.442331,-1.29347,0.808868,-0.618824,0.744877,-0.624544,-0.664081,1.14562,0.771892,0.616334,0.947287,-0.990253,0.257969,-0.703537,-0.267508,0.031901,-1.257921,-0.678985,0.303004,-0.679517,-0.150106,0.275084,-1.74799,-2.044141,0.479319,-1.088099,0.895248,-0.227186,0.362409,-1.245611,0.156696,1.687686,-0.788301,-2.256482,-0.246871,-2.028139,-0.557607,1.509824,0.197504,1.546165,0.84342,-1.37838,0.32324,-0.592367,-0.421976,-0.381034,-1.867508,0.678089,-1.482447,-0.862216,0.360708,-0.70152,0.639624,-1.67257,-0.10811,0.740321,-0.982577,-1.198244,-1.051915,-0.637401,-0.056256,0.429777,0.502546,-0.310261,0.160932,2.18428,0.002788,-0.156293,-1.123732,0.49858,-0.196042,0.963279,-0.580884,1.094994,-0.333808,0.273991,-0.153713,-1.635859,1.094157,1.564108,-0.569555,0.726846,0.742774,-1.492389,-1.107831,-0.735076,-1.64473,-0.590512,-1.587483,-0.829297,1.433814,0.652507,0.346562,-0.476887,-2.310375,-0.360211,-0.200625,0.493924,-0.843435,-1.827614,-1.830252,1.142494,-1.610997,1.946377,0.639488,-1.03061,0.447705,-0.359986,0.782987,-0.295996,-1.703531,-2.179463,0.365028,0.206925,0.923756,-0.554131,-0.100379,-0.274502,-1.772113,-0.361142,-0.926984,-1.402183,1.182588,-1.019216,0.49412,-1.046434,-1.469588,-0.801561,0.576345,0.989681,1.137252,-0.15069,-0.321947,1.341597,0.444834,0.212729,0.901435,-0.600056,-1.036077,-0.350099,1.576361,1.175406,-0.236534,0.317936,0.15151,-0.065351,0.770044,-0.08126,-0.188145,-0.109572,-0.158027,-0.660557,0.123152,-0.473792,0.37573,-0.674285,-0.957473,-1.331225,-2.193142,-0.996767,-0.73626,0.047096,-1.22419,-1.874287,0.914493,1.715868,-0.356602,-1.261053,-0.700283,-0.738198,-0.610623,0.195171,0.275285,0.103887,-1.176923,1.427427,0.651416,-1.85933,0.38421,-1.580329,1.724002,2.344844,0.567727,-0.408319,0.219195,-0.264205,0.27007
ECA2489,0.724107,-0.933408,0.28765,0.302999,0.572733,-1.175976,1.334843,1.456331,1.920697,0.049811,0.907767,0.453156,0.342588,-0.906213,-1.094179,0.101317,-0.853035,-0.66509,0.289498,0.110551,0.44502,1.100519,1.452557,1.59378,1.380137,1.226101,0.804255,0.478439,0.1759,-0.58014,0.090888,1.443602,1.444799,1.763182,1.586204,1.618669,0.855474,-0.318622,-1.466329,1.466887,-0.105515,-1.334094,0.62506,1.320661,1.225212,-0.555077,-0.377333,1.6713,-1.325691,-0.785412,-0.908726,-0.925986,0.495829,-0.34405,-1.147345,-1.227883,-0.287392,0.331052,-0.270908,1.67781,-0.026224,-0.794582,-1.164181,-0.399695,-0.420856,0.293,-0.813192,0.737109,0.374671,0.330906,-0.57373,0.041205,1.067972,1.129563,1.409086,2.016391,0.393597,1.203994,2.210462,2.853108,1.413401,-2.115545,0.318701,-0.289043,0.545984,-1.242437,0.189593,-1.16446,0.06585,-0.845198,-1.156412,-0.221395,-1.538405,-1.805538,0.328357,0.153727,0.190956,0.64909,-0.586151,0.02297,-1.252776,-0.406221,-0.497759,0.842628,0.040437,-0.270765,0.138563,0.530874,-1.712074,0.013911,-0.577441,-0.822778,0.059642,0.078223,-1.505917,-0.568686,0.732259,-0.000923,-0.290901,0.262425,-0.966247,-1.005128,-0.314346,-0.992323,1.356362,-0.642972,0.742444,0.209798,-0.887358,0.978271,0.188881,0.737581,2.388646,1.322207,2.108606,-0.576126,-1.628334,-0.466024,0.0296,0.092203,-0.471121,-1.85175,1.251006,-1.003062,0.386219,0.265664,0.858691,-0.627103,-0.275193,0.857058,3.124235,1.868455,0.578456,0.824678,0.63067,0.708073,0.668871,0.537486,1.072456,0.051819,0.128314,0.47646,-0.127911,-0.569495,1.012531,-1.05685,-2.188578,-0.934755,0.743616,-0.321951,0.443223,-0.992559,0.266715,-1.329305,0.983016,1.090445,0.409455,0.031249,-1.075245,0.389777,-0.576839,-0.862176,0.472741,-1.945257,0.067494,0.55468,-0.15991,0.789778,-0.591321,-0.86731,-0.658673,0.308644,0.326862,-0.379686,-1.957101,0.018813,-1.780165,1.4586,-1.378953,-1.496914,-0.384773,-0.242378,0.99327,-0.741339,-1.346026,-0.100538,-1.322965,-1.616453,1.664583,-0.270493,1.017306,-1.502194,-1.463111,0.147678,-0.146454,-0.438634,0.439427,-0.541241,0.246041,1.101056,0.901079,1.729755,0.838258,0.551647,1.06028,-0.542255,-0.065963,-0.8361,-0.020647,-1.085983,1.195454,-0.249527,-0.27305,-1.460631,-1.731585,-1.22208,0.277571,0.562702,0.44071,0.435793,-0.523294,1.129018,-1.671124,0.325827,-1.273102,-0.017606,-0.098244,0.754131,0.655458,0.898207,1.246458,-0.463416,-0.893293,-0.745993,-0.543914,0.426535,0.228986,-0.582265,-2.004028,-0.747713,-0.473112,0.387431,-0.897767,-1.878846,-0.15402,-1.690553,-0.556116,-0.690293,0.606923,-0.735689,-1.563155,-0.480349,-0.090824,-0.303774,0.794647,0.59831,0.204573,0.05453,0.424374,0.667981,-0.053854,1.574147,-0.204028,-1.257774,0.85935,0.208198,-2.322983,-1.658765,1.116661,-0.226193,0.475675,0.175366,-1.785137,-0.347061,-0.604971,-1.590934,-1.39616,-1.226179,-0.584798,-0.010391,1.744822,1.281845,0.51232,2.120155,-1.166529,1.587028,0.469494,1.000826,-1.508995,1.044702,0.586288,-0.861202,-2.671141,-0.785293,-2.163557,-0.958578,0.696733,-0.469448,0.307629,-0.338818,-0.352618,0.598724,3.02791,0.96827,1.554141,0.585661,1.96614,0.596593,-1.48868,-0.387523,0.152422,0.34563,-1.965178,-0.025902,0.318208,-0.12835,0.341719,0.426123,-0.161146
ECA1281,-0.388378,1.616783,-0.522538,0.217059,0.141689,0.620048,0.861028,1.718024,0.372208,-0.145097,0.078582,-0.067917,-0.388602,-0.684079,0.454684,0.372846,-0.061415,0.089178,-0.852011,1.171952,0.155506,0.697259,-1.039671,0.384172,-0.317135,0.84039,0.169233,0.069247,-0.168816,0.295612,-1.531065,-0.358324,-0.540596,1.817592,-1.451145,-0.166163,-1.920024,-0.647022,0.549764,0.02748,-1.245351,-0.231734,-0.413242,-0.4693,-0.656261,-2.755158,0.950083,-0.197036,-0.437597,0.990941,0.401654,0.50201,-0.324969,0.421801,0.467312,1.023136,-2.49039,0.801669,0.12475,0.734483,0.042297,-0.907191,0.092056,0.486916,-1.81999,1.048612,-0.947171,0.895259,0.085825,-0.058412,-0.363542,0.056763,1.844817,-0.235778,0.619338,0.740548,0.809876,0.179158,2.464014,1.665422,1.567401,-0.22616,0.545698,-0.019576,0.93031,-1.909703,0.670391,-0.75216,1.160816,-0.982381,-0.024112,-0.588623,-0.46742,0.306685,-0.233046,-0.110925,0.90146,1.402367,-0.282735,-1.393827,0.542626,1.499733,1.179945,-0.426417,1.242312,0.044175,1.40594,1.504611,0.857549,0.145029,-0.465809,-0.12175,-1.544119,-0.62032,-0.061764,-0.055116,-1.393319,1.178275,0.59511,-0.434841,-0.417865,0.089428,0.307299,0.20292,-0.027098,-0.824716,-2.141988,-0.530012,-0.101597,0.389666,-0.150224,-0.171065,1.468858,1.948854,2.231468,-2.132805,-0.604072,-0.326376,0.350141,-1.197062,0.314619,0.270158,-0.137212,0.570297,0.130083,0.183098,-0.408666,-0.177349,0.687505,-0.491624,0.860365,0.732569,0.023039,-0.616186,0.340852,1.538625,-0.648797,0.652374,-1.015012,-0.734359,1.461873,0.388118,-1.076731,-1.331368,2.661489,-1.844346,0.283347,-1.672613,-0.541242,-1.282595,0.479293,-0.99169,-0.136664,-0.177894,0.518876,0.667925,0.113153,-0.880648,-0.068535,-1.680566,1.85343,-0.50857,0.418073,0.919602,-0.404609,-0.067314,-0.785276,-1.667079,-0.628899,-0.318453,-0.557428,-0.356415,-0.366801,-0.721869,0.396572,-1.543598,-2.637278,0.185268,0.620141,0.145557,-0.474688,-0.078381,0.51598,-0.95041,-0.566947,-1.258514,0.314265,1.473291,-1.305993,0.123465,-1.67835,-0.852152,-0.808239,-0.556419,-0.383324,0.416291,1.533384,-0.139699,0.570959,0.286064,-1.365137,-0.25899,-1.222678,-1.28953,-1.294357,-0.362408,1.446414,-0.729989,-0.637012,0.35242,-0.78708,0.990206,0.355529,0.975611,0.835936,-1.194923,-0.342144,-0.661984,-0.478978,-0.887599,-0.971362,-1.552234,1.055237,-0.387371,-1.41224,0.49719,-0.122402,0.382582,1.037734,1.068981,-1.214849,0.956179,-0.943968,0.628816,0.598429,-1.035649,-1.356656,0.090899,0.25715,-0.839524,-0.831135,-0.480383,-1.470243,1.434341,-0.466678,-0.219859,-0.479172,-0.253233,-0.730832,-1.212895,-0.856624,1.848474,0.920787,1.244829,0.537895,-0.25375,1.565011,1.282522,0.93289,0.506123,-0.031886,1.36809,0.093678,0.018474,0.078865,0.315489,0.052055,-1.804585,-0.668099,-0.165922,0.119795,1.172927,-0.397515,0.351963,-1.511717,-0.968627,-0.237975,1.263082,0.9687,-0.729739,1.44396,0.830437,1.10315,0.821472,1.271875,0.982216,0.069544,-1.535523,-0.733905,1.009292,-0.150094,1.756129,-0.574462,1.136577,0.968288,1.063212,2.037198,-0.521133,-1.525629,-2.477351,-1.210821,-0.20831,-0.861247,-1.248186,-0.174937,0.305044,-1.049288,-0.148167,-0.432079,-0.56342,-0.199661,0.155314,0.382288,-0.503902,1.665943,0.372482,0.33774,-0.163942,0.91228
QG4080,0.811121,-0.414058,-0.47947,-1.015095,-0.011863,0.247013,-1.512511,-0.002685,-0.407778,-0.326542,0.776511,1.956233,-0.553977,0.478217,-0.251905,-1.108472,-0.144292,-0.301394,1.689935,-0.57018,-0.983305,-0.037422,-0.922646,1.015586,-1.086844,-0.316609,0.026,0.876641,0.410728,1.017925,-0.105925,0.412002,-0.1027,2.053463,-0.890646,-0.014051,-0.279592,0.475476,0.730889,-0.7382,-0.134162,-0.751759,-0.204965,-0.243269,-1.165896,0.58898,-1.006041,-0.839216,0.373884,0.060451,-0.379122,-0.190722,0.09544,-0.808612,-0.303921,0.801158,1.878832,1.067014,0.636329,1.262153,0.941611,1.305341,1.615247,0.99542,-0.193515,0.124759,0.897167,-0.46284,2.245522,-0.407146,1.819615,1.042261,-0.904493,0.233038,-0.821776,-1.181,0.401813,-0.271659,-1.338514,-0.98976,-0.385473,-0.080968,-0.757631,0.868487,-1.027631,-0.224149,-0.058151,0.642054,-1.15803,0.885396,-0.38882,1.173433,-0.039356,-0.69528,-0.272072,-0.439828,0.238725,-0.423932,-1.411711,0.062891,0.904947,-0.402359,-0.384872,0.32023,-2.619895,0.925443,-0.832337,-0.483393,-0.27842,0.441445,1.652744,1.375923,-0.169164,1.270806,0.937083,2.472507,2.082309,0.245338,-1.003675,-0.624522,-1.7559,-1.17421,0.067581,-0.643181,-0.232857,-0.440627,-0.745725,0.913161,-0.741793,1.957564,1.021742,0.070429,-1.179383,1.203338,1.2063,-0.740297,-1.321508,-0.14602,-0.289057,0.110916,1.573168,-0.69113,-1.277585,1.033654,-0.68034,0.466258,0.370719,0.501521,-1.825615,1.459504,-0.538701,-1.388318,-0.610735,-0.189738,-0.032241,0.799459,0.148734,0.866605,-0.85711,-1.243606,0.449567,-1.858499,1.03398,-0.965111,-1.824,-2.251671,0.626689,-0.911768,-0.992734,0.380319,-0.928592,0.834523,0.130486,0.065418,0.188994,1.881404,1.512689,0.481931,0.496261,-0.419247,-0.095958,1.453346,1.083861,1.333155,-1.594809,-1.189189,0.72455,-0.837188,0.145599,-0.051881,-1.298878,-1.874267,-0.184113,0.295046,-1.251483,-0.036249,0.176315,0.28008,-0.278029,-0.16278,1.159754,1.000712,-0.38656,0.218896,0.393317,0.202764,-0.159992,-0.403709,0.066852,-0.093147,-0.218495,-0.343123,0.528528,-0.282717,1.323776,-0.449999,-0.189486,-1.093363,-0.167783,-1.037747,1.030628,0.579812,-1.443539,-0.307582,-0.983173,0.631278,-1.034794,0.525496,-0.264047,-1.016308,-0.271615,-1.214263,0.742385,1.520001,-0.433953,0.845068,-0.123938,0.674975,0.546631,-0.447931,0.576645,-0.14377,-0.244774,-1.315216,-0.924241,-0.387263,0.867461,1.518821,-0.033674,0.836966,1.359188,1.733225,-1.151577,0.254561,-1.783139,-0.222684,0.266294,0.284008,0.09113,-1.14837,-1.817399,-0.130131,0.998811,-0.70767,1.344133,0.8239,1.824623,-0.541985,-0.258456,1.602353,-0.564204,1.192048,-2.169193,1.322256,1.296865,1.082202,2.01769,1.22709,1.337887,0.496962,2.269687,-1.637807,1.651624,1.525955,-0.005101,0.916649,0.066402,0.15316,-0.093708,-0.728078,1.135255,1.143737,-0.105799,-0.450322,-0.021336,0.764943,1.510856,0.533325,-0.334853,0.358584,-0.966644,-1.338074,1.121104,-0.016639,-1.641844,-1.470272,0.802879,1.702335,-1.178979,0.494484,-0.713258,-0.964617,0.041133,1.564959,0.584472,1.305244,-1.078098,-0.350758,-0.882026,0.658723,-0.102386,-0.085588,-0.26001,-1.193613,-1.082039,1.215101,0.105415,-0.558818,1.214913,-0.122206,-0.290209,0.219698,0.611997,0.406218,-0.036402,-2.188106,-0.327368,0.98181,-0.562951
XZ2211,-0.770144,-1.399312,0.534655,0.364508,-0.10841,-0.75933,0.233463,-1.4823,-1.086497,0.369511,1.629831,0.557897,0.205538,-0.049991,-1.140066,-0.230988,-0.813342,0.13967,-0.404288,-0.202635,0.672616,1.520363,-0.548299,-0.081047,0.5112,1.12266,1.410311,0.470105,1.301632,0.788882,0.250545,1.574113,0.196469,0.653159,0.11938,-0.517587,0.475139,-0.583946,-0.840568,-0.85463,-0.056027,-1.344931,0.413917,0.298196,0.017309,0.71714,0.92342,0.622206,-0.347209,-0.015068,-0.885496,-0.912315,1.301219,0.011459,0.294529,1.315869,1.247171,-0.61899,-1.572761,-0.290885,0.659318,1.546241,0.156921,0.124141,0.417446,-0.119698,-0.08625,-0.123137,-0.685265,0.807313,-1.708409,-0.831733,0.516235,-0.532196,0.736719,-0.572542,-1.879402,1.030915,0.344659,0.854551,-1.073669,-0.232759,-0.576143,-0.278362,-0.224834,-0.967865,-1.296628,0.757626,-0.396909,-1.469026,-0.341204,-0.12886,-0.38835,-1.035406,-1.704908,-0.68841,0.900367,-2.43062,0.923456,1.194901,1.180149,-0.181956,-0.03977,-0.682992,-0.735495,0.012067,0.617176,0.78089,-1.560022,-0.292554,1.709883,-0.031543,-1.216178,0.27626,-0.813997,-0.105635,0.178955,-1.962727,-1.383022,-1.434825,0.166308,-0.83427,1.126714,-2.398192,0.687316,-0.061425,0.712988,1.476887,0.611286,0.759082,2.427339,0.881107,1.464532,0.111697,1.131995,-0.09024,-0.385867,-1.277659,1.233139,2.053632,0.611079,0.900817,0.269222,0.869725,-1.146822,-0.49304,-0.588695,-1.63386,-0.290381,-0.276969,-0.106425,-0.34597,-1.109303,0.566302,-1.080462,-0.491507,-0.604616,-0.382861,-0.305301,0.412882,-0.340615,-0.201819,-0.86452,-0.364633,0.601056,0.706718,1.61473,-0.570196,0.005343,1.605615,0.046419,-0.334268,-0.814546,0.679281,-1.422035,-0.931214,-1.402347,-2.263758,-1.674261,0.91464,0.603259,1.415748,-0.693956,-0.517832,0.455292,-0.042089,1.300772,2.195729,0.924144,-0.634202,0.88421,1.039569,0.71351,-0.092495,1.25708,0.493331,1.04484,2.043378,-0.553655,-0.791582,-1.030222,-2.390149,-0.769216,-1.603653,0.105661,-1.203368,-1.481808,-0.872702,0.171201,0.279792,0.300209,-0.016247,-1.676391,0.212101,1.690049,-1.127426,0.630545,0.459801,-1.813134,0.730456,0.398186,1.612088,0.94643,2.191804,0.919618,1.066543,-0.038006,-0.788147,-0.156907,-1.760831,-1.036469,-1.138295,-1.356947,-0.292695,0.697864,0.534228,-0.267516,0.016896,-0.243762,0.663885,2.09323,2.873698,1.754179,-1.926174,-2.276979,0.615853,0.249148,0.99043,-0.92984,-0.14593,-1.766569,0.32767,-0.019574,1.444351,2.102106,-1.222424,0.899088,0.334993,0.012184,0.728961,0.12864,-0.80097,-1.155632,-0.644442,-0.681027,-2.455491,-1.002424,-0.206477,-0.196947,-1.994554,0.070768,-0.42589,-0.209607,0.117144,0.839315,1.545217,1.108894,0.174327,-0.595053,0.994532,0.180796,1.027153,0.769992,-0.384294,0.116045,1.619029,0.844023,1.048055,2.116667,-0.82406,0.898339,0.180454,-1.136544,-0.541254,-1.319631,-0.216566,-0.101023,1.421701,1.992268,1.500421,-0.45587,1.591883,1.17161,-0.443097,0.974446,0.541964,-1.364697,-0.598455,1.135191,-0.394869,0.717678,1.188147,1.178641,0.906973,1.374591,0.157719,-0.273418,0.482741,1.247257,0.689886,0.974712,0.699905,0.273608,-0.822789,-0.605457,-0.967021,0.933553,0.068382,0.584489,0.492793,-1.331578,0.467694,0.966137,1.000324,-0.553306,-1.484907,1.115096,0.342767,-1.706376
CX11254,-1.173843,0.933617,-0.041916,-1.76952,-0.814321,-0.963525,-0.783999,0.202229,0.553578,-1.893994,0.422512,-0.005482,-1.600231,-2.255952,0.239052,-0.523478,-0.899103,-1.108074,0.036678,0.268505,2.235224,-0.619692,0.246763,-0.468597,-0.417959,0.449876,0.638261,-0.239112,0.481136,-0.288692,-2.109344,-1.21019,-0.873014,1.43158,1.103294,-0.93193,-0.310515,-0.210898,-0.130719,-0.090332,0.712209,-0.406349,-2.144161,1.951648,-0.108324,0.989075,-0.214642,0.07728,-1.818807,-0.717615,-0.21197,-0.535741,0.678857,-0.522878,-0.293228,-1.221803,-0.59091,1.542952,1.374804,-0.464679,-0.081524,-0.396049,-0.708599,-0.455561,-0.751949,0.765547,-0.645994,0.553511,-0.431808,0.369085,0.013688,-1.56295,0.602595,-0.391688,-0.786863,0.096,-0.969173,-0.787788,-0.990981,1.329788,-0.278813,1.188303,-1.008708,2.181118,0.795616,0.690167,1.336497,-2.182172,-0.533388,0.764982,1.552869,-1.180821,0.711446,1.543246,1.611765,1.920377,0.273751,2.566537,1.296148,-0.640944,0.276354,-1.39775,-0.538249,0.012018,-1.148967,0.495342,-0.859048,0.062959,2.278075,0.488171,-0.62378,0.061109,-0.420252,-0.20539,-0.732926,-0.490327,0.901085,-0.331396,-0.030256,1.260643,-1.334085,-0.834381,0.745092,0.406853,-1.616625,-1.817775,-0.972964,0.085281,-0.684717,0.126128,2.054041,0.981867,0.385231,0.253667,0.477251,0.396789,-0.975111,2.867368,0.847946,0.256172,-0.276769,0.600111,-0.938317,0.548617,-1.249812,0.576861,-2.008055,0.369253,-0.638922,-0.042985,-0.364514,-0.555756,-0.119918,0.107715,-0.551783,0.252365,-0.4205,0.285243,1.266793,1.332652,2.125075,0.775772,0.328845,-0.278504,1.883297,0.262741,0.361887,0.010833,-0.123334,-1.267111,-1.541118,-1.455272,-1.577027,-2.583359,-0.048115,-0.094155,-0.534867,0.17522,-0.96463,0.055644,-1.206642,1.237486,-1.709,-1.239323,-0.656159,-0.232292,-0.117298,-1.421855,-1.746404,-1.372315,1.593965,1.516043,1.547524,0.701292,-0.260789,1.192532,0.749642,1.453503,0.064099,0.848955,-1.059463,1.44436,0.555704,-0.465734,-0.072445,0.428361,0.650909,0.088622,1.114803,-0.170583,1.624369,0.397365,0.020539,0.824656,0.720196,0.378242,-0.111796,1.08922,-2.39338,0.026916,0.627459,-0.767054,-0.069986,-0.041896,-1.899445,0.131476,0.372587,-1.027387,0.328017,0.229131,-1.865722,-1.534803,-0.513598,-0.305367,0.295779,-1.838239,0.773667,-0.65178,-0.947038,-0.556323,0.363565,-0.532304,-1.088957,-0.991775,0.690506,0.446532,0.695919,0.693214,1.372502,-0.363073,0.973082,0.062776,-0.30236,1.018392,-1.071772,0.045074,-1.28072,-0.142271,-0.025328,-0.405119,0.557469,1.068964,-0.55169,-1.336338,0.69312,1.294299,0.480305,0.816131,-0.573631,0.552264,-0.846275,1.587689,0.311313,-0.46704,-0.539685,-1.722319,0.475774,0.204284,-1.801799,0.348366,0.514577,1.293894,0.005282,-0.261181,0.81287,0.164115,-0.297633,0.307534,-0.06908,0.65443,0.35104,0.789339,-1.816238,0.576234,0.85169,0.023355,-0.133766,1.502335,-2.029848,0.725254,-0.977171,-0.71827,-1.223412,-0.775072,0.608524,-0.441743,-0.10265,-1.070624,-0.807362,2.276563,-0.49111,0.792218,-1.014234,0.174754,-0.140031,0.531649,1.020227,-1.10058,0.037104,1.437683,-0.986663,-1.070018,-0.892602,-1.460414,-0.250762,-0.474343,-0.330575,-0.331255,-1.75311,1.477408,1.848228,-0.776336,1.25849,-1.503727,0.709574,-0.767969,-0.884912,-0.436275,0.495343
ECA1977,1.10658,0.619142,-0.576307,1.217301,0.108591,-0.102409,-0.175954,-0.998401,-0.633022,1.458579,0.610659,0.432054,0.088279,-0.305427,1.032587,1.670827,3.268371,3.517083,-0.270231,1.033801,0.722587,-1.289677,1.0946,-0.130173,-0.195629,-1.060275,-1.002574,0.393543,-1.415538,-1.046812,-0.476578,-2.025391,0.287162,-0.635135,0.1645,1.311336,-0.700016,-1.993218,0.773732,-0.987242,1.321308,-0.095326,-0.367475,0.413991,0.04091,-0.487477,-0.291322,0.542292,0.63659,0.59335,0.635595,-0.303989,-1.79184,-0.587201,-0.644881,0.579121,0.932437,-0.131388,1.128943,-1.250271,0.285202,0.0406,0.294465,-0.813892,1.444648,-0.676965,-0.025871,0.186146,1.964195,-0.63546,-0.512652,0.599888,-1.018424,-1.35502,-0.596092,0.745448,1.068065,1.100605,-0.428283,-0.028879,-0.340438,1.184717,-1.228863,-2.054007,0.123355,-0.715496,-0.430764,-0.117338,-0.437993,-0.354167,-1.725801,1.499625,0.876105,-0.835421,0.528475,0.073782,0.897588,1.382863,1.586037,0.470636,0.945992,0.166726,1.080683,-1.646551,-0.29045,-0.7518,-0.171895,0.232941,2.415714,0.000992,-0.400616,0.247358,-0.142151,-0.041053,1.286138,-0.891548,0.111247,0.342893,2.044966,1.267956,0.010141,1.249471,0.942691,0.543807,-0.080099,1.056638,0.656899,-0.733151,-0.722593,1.152628,-0.31277,-0.673836,-0.740206,0.188355,-1.069234,0.538876,1.001241,0.269846,0.735139,1.442573,-0.09852,2.132453,2.91198,-0.180871,-1.777681,-0.586952,2.379288,-0.669196,0.897746,-0.419986,0.382464,-1.387086,-1.136625,-1.789162,0.791802,-1.365758,-0.507493,1.76849,-0.790859,-0.197937,-0.514659,-0.764804,1.795424,1.02643,-0.163958,0.365719,-0.157316,-0.064766,0.634777,1.465101,-0.450681,-0.007413,-1.37619,0.372605,-0.096226,-0.216303,0.495051,0.79968,1.652524,1.353464,-0.021241,0.199878,1.239295,0.967067,1.340259,0.060181,0.795016,0.633154,1.217565,-1.003189,0.259712,-1.120297,-1.424228,-0.733019,-1.212647,-1.6004,-0.929781,-2.00825,-0.848693,-0.980124,-2.057801,0.522671,0.354852,1.328391,-1.12036,-1.196508,-0.31691,-0.768528,-0.43113,1.195221,-0.402391,1.067346,-0.631221,-0.439745,0.123643,0.707134,-1.176433,-0.223658,-0.254893,-0.30366,-1.582012,-0.769556,0.034075,-0.351177,-1.237787,-1.998532,-0.495759,-0.762953,-0.49426,-0.033547,1.046035,-0.251736,-0.13693,-0.910324,1.195314,-0.5878,-0.168566,-1.449066,2.140267,-1.210222,0.006976,-1.103896,-0.613014,0.90256,-0.748768,2.381249,-0.447676,-1.494072,0.441418,-0.478317,-1.202341,-0.900698,0.90894,-1.235662,-1.099682,0.685379,-0.46071,1.251747,0.949005,1.002414,-0.382093,1.341473,2.024765,-0.42469,0.428281,1.279039,1.332809,0.104263,-0.24517,1.336596,1.63364,-0.868864,-0.251848,1.286668,0.199246,0.97226,-0.584688,1.788095,0.386244,0.111108,-0.723598,-0.241934,0.450082,-0.298956,0.14599,1.629361,-0.321867,0.921308,-0.616075,-3.228348,-1.068728,2.186278,-0.080051,-0.715315,2.189743,0.759473,1.018164,-1.941202,0.279261,-1.241281,-0.08378,0.823981,-1.233668,0.759251,-0.308212,-0.275588,-0.741562,-2.082184,0.330127,-0.064516,0.09914,1.581024,0.594216,-0.466791,-0.260823,0.227391,-0.242942,0.849422,-0.115481,-1.099492,-0.298583,0.15066,-1.497802,-1.903773,1.489799,0.06009,0.069149,0.870164,-0.094875,-0.83359,-0.952066,-0.826518,1.226307,0.201769,0.999691,0.221382,0.349113,-1.259391,0.182602
NIC501,-1.138645,-0.772736,0.759594,1.1617,0.059637,-1.68551,0.619372,-1.30402,0.346455,-0.015881,-0.648149,-1.608025,0.79498,1.145448,-0.739512,0.055318,-0.143921,-1.240487,-0.735817,0.564644,0.315534,-1.32077,-0.962251,0.100676,0.382585,-1.36682,-1.453944,-1.856844,-0.329928,0.306804,-0.240982,-0.294326,0.141561,0.234827,0.36876,-1.838148,-0.261061,-1.37312,-0.913255,-0.526842,-1.43877,1.487033,-1.791625,-1.119931,0.659883,-3.156419,0.96979,1.625589,0.255803,-0.689773,-1.207794,-0.530984,-0.104943,0.872051,2.241292,0.335745,1.02997,1.059426,0.698139,1.067596,1.075799,1.164801,2.53419,0.514569,-1.496322,0.160171,-0.050806,-1.988204,-0.148231,-0.712385,-0.714761,-0.528709,-1.248835,0.771862,-1.162744,-0.73501,-0.632911,0.574023,-1.951085,0.003441,-0.755468,-0.505329,-1.258611,0.714594,-1.06226,-0.032507,-0.085402,1.584491,-1.031761,-1.508579,0.757355,0.573039,0.906337,1.151587,1.302207,-0.266936,0.850427,1.240959,1.075411,-2.337923,-0.680543,0.439333,-1.178057,0.139466,0.115316,-0.584513,-0.189921,1.304307,0.299339,-0.238504,0.221015,0.432394,0.068644,0.925501,0.074168,-1.049212,-1.024386,-0.795977,-0.292131,0.210235,-0.674869,-0.403408,0.482012,0.296805,-1.319248,-0.258832,1.947167,-1.31043,-0.129975,-1.285335,1.90397,1.296389,0.752183,0.621094,2.641633,-0.312429,-2.733367,-0.965005,-1.11626,-0.798264,1.51733,1.118899,-0.646584,-0.556295,-1.413838,0.950612,0.611721,0.186965,-0.923039,-0.622919,-1.609315,-1.15,-0.341784,1.359806,-0.078884,0.270993,-1.15142,-0.611062,0.259565,-0.565624,0.499081,-1.079485,0.215258,0.808237,-1.80599,-1.173352,-0.407148,-0.996441,-0.911627,-0.841179,-0.970934,-1.565144,0.6742,-0.668607,-0.993922,0.147126,-2.210539,-0.00973,-1.296543,0.274069,-1.722864,-0.55755,-0.627195,0.69572,-0.298427,-0.925969,-0.381638,0.625577,-1.00278,0.284253,-1.78815,-0.130715,0.93765,-0.263272,-0.416569,0.464673,-1.441952,-0.40202,-0.282707,1.139677,0.895155,0.273834,0.019493,0.920162,1.728925,1.167466,1.50859,0.439475,0.405826,-0.586723,-2.002035,0.675879,-0.238579,0.360654,1.513505,0.515775,0.916235,-0.187384,1.253497,-1.190677,0.22729,-1.950706,-0.577882,-0.625199,0.466877,0.564418,1.142818,1.290024,1.362824,1.466813,0.478598,1.276916,0.586066,1.192158,-0.341055,-0.421257,0.860534,-1.399916,-1.915714,0.588237,-0.164435,-0.046402,-0.968519,-1.848922,0.55021,-1.097991,-0.894298,1.201213,-0.605629,0.861342,-2.201298,-1.725421,0.889112,-1.162332,0.843858,1.409442,0.741085,1.665155,1.644023,2.552213,1.671059,-0.173381,-1.306474,0.466228,2.154992,0.887005,-0.229577,1.918032,-1.121315,0.686964,-0.581063,-0.095827,1.989513,1.307169,-1.359257,0.138204,-1.796419,-0.129245,-0.681505,1.412336,1.013426,-1.410205,0.288792,-0.970482,-0.032469,-0.083842,-0.593289,-2.082625,-0.581742,-0.119609,0.586247,-0.296273,-0.032457,0.713654,-0.682612,-1.021409,0.147913,-1.610002,1.484806,0.006741,0.186527,-0.173011,-0.607296,0.731479,0.567338,0.148768,0.456257,-0.259623,-1.502437,1.431951,-0.263777,-1.689087,-0.886455,-1.478716,-0.149132,-0.34011,0.994685,1.184262,0.911568,0.392852,0.723431,2.231848,1.089433,2.318275,0.423206,-0.404724,-1.271366,-0.424816,0.488494,-1.478525,-0.440948,0.11906,0.768914,0.999229,-0.706707,-0.102909,-0.267199,-0.519143,-0.269702
ECA2467,1.441346,-1.358312,-0.057035,-1.214441,2.519502,1.054362,-0.80584,0.096762,-0.824469,0.715372,-0.185282,0.638411,0.923036,1.875178,1.257803,2.53268,1.101297,-0.083154,0.206755,-0.032734,-1.119805,-1.422189,-1.097637,-0.077521,-0.49862,-0.61046,0.235865,-1.805877,-0.343312,0.28646,-3.392261,1.259305,-1.382437,-0.012448,0.338385,0.77184,-0.686639,0.392843,0.025637,-0.625846,1.606704,-0.736839,-0.983662,0.901401,0.236131,0.677519,1.354848,0.297089,-0.012336,-0.491104,0.008837,-0.303243,-1.029419,-0.382493,-0.268779,1.080505,-0.411579,0.529415,-1.330956,0.337434,-0.029527,-0.374298,-1.564294,1.444608,1.270844,1.568161,1.956092,1.751429,1.490961,0.624576,-0.329085,2.064655,-0.567421,0.811737,-0.874547,-0.115775,0.067671,-1.004581,-0.875627,0.103844,0.308987,-0.610497,-0.022494,1.481344,0.818679,-1.516392,-0.880379,-0.212913,0.764464,0.639563,-2.271983,1.767419,0.93523,-0.181962,-0.192334,-0.671189,-0.920036,-0.609294,-0.793,1.256644,0.45198,0.500155,0.474611,1.10998,-0.066876,-0.205332,-0.217804,0.193431,-2.061235,0.869153,-1.795413,0.811611,0.485396,-0.618817,-0.131264,-0.40402,-0.358177,-1.670613,-0.883688,-2.132703,-0.206469,0.354269,0.208116,0.687911,-1.038128,-1.941553,-1.110095,0.068147,0.73665,-0.524576,-0.736296,-0.892294,-0.924171,-0.575816,-1.575083,0.603849,-1.319629,0.439854,0.35274,0.589488,-0.10413,1.794736,1.002701,-0.106113,0.551027,0.285581,1.929646,0.690209,0.430649,-0.017283,2.128927,1.6296,0.041869,1.43127,0.543653,-0.936437,1.556169,0.236689,0.696182,-0.171069,-0.261362,1.296504,2.049604,0.964223,0.103156,0.283242,0.863151,0.393229,1.565295,0.122046,0.723938,1.63031,-0.490123,0.309517,-0.729895,0.143196,2.532986,0.096458,1.874028,-0.237597,0.30496,-0.365245,1.672164,-0.630931,1.310785,1.455328,-0.356539,0.21993,1.373447,0.550124,0.311577,-0.670703,1.069487,1.158554,0.216901,0.889524,2.270391,1.493026,-1.686708,0.339644,0.853064,1.199545,0.922251,0.393831,1.150838,-0.20654,1.781511,-1.318413,-1.653025,0.376546,0.386814,-0.714278,-0.794278,-0.322096,0.555242,-1.420956,-0.626734,1.071383,0.045487,0.844637,0.667425,0.299218,0.933645,-0.739992,-0.777948,0.242917,0.74901,0.016867,0.096965,-0.674934,0.741272,1.28324,0.977485,-0.365426,0.085684,-0.639283,0.89782,0.391847,0.570931,0.189933,0.078435,1.59678,-0.949638,-0.272691,1.339348,-0.958137,1.565904,-0.02346,-0.242495,0.243348,-1.112461,0.141677,-0.312839,-0.087296,-0.938538,-0.703205,0.602981,-1.254301,0.170291,-1.098108,0.017347,-0.95331,0.298229,0.834141,-1.375731,0.706056,-0.503786,0.544814,-1.051958,0.454422,0.201286,0.004972,-0.022765,-0.036047,0.94986,-0.848546,0.136479,0.216445,-0.081737,1.300874,-0.553821,1.526809,-0.437066,1.033024,-0.832545,0.106926,-0.23938,-0.241044,0.883614,-0.443752,0.37387,0.118273,1.621962,0.076376,2.233182,1.959592,0.165598,-0.064455,1.51379,1.323055,-2.283698,0.582368,-0.231869,-0.12737,-0.922981,-1.127104,-0.345517,-0.887594,0.320554,-0.242638,0.457101,0.304751,-0.976411,-0.489483,1.023973,0.653495,-0.602139,-2.215708,0.412588,-0.029478,-0.784982,0.856166,-0.291853,-1.031489,1.348008,2.725869,1.476196,1.767282,-1.741602,1.286989,-1.173113,-0.622507,-0.279496,0.213919,0.57835,-0.227566,-0.107079,-0.902216,-0.924083
ECA722,1.561341,1.547635,0.344183,-0.949594,-1.001526,-0.83979,-1.944965,-1.261378,-1.252304,-0.689498,-0.663388,1.81596,0.576612,0.344111,1.236943,-0.749544,0.921049,0.61193,-0.079036,1.9657,1.894924,2.270889,2.105516,-0.003365,2.648244,2.644959,1.053129,0.454986,3.075736,0.081316,1.844061,0.605696,-0.112302,1.239819,0.701443,2.092492,1.141414,2.10627,1.207569,0.843532,1.92836,0.699432,0.721174,1.271739,1.273915,-0.556922,0.117853,1.484409,0.231446,0.18384,0.724094,0.039357,-0.851142,1.461496,-0.032914,-1.105117,-0.801273,-0.325855,-1.154752,0.228894,0.626008,-0.326685,-0.389066,-1.121499,0.881688,-0.021419,-0.42775,0.597089,1.053918,-2.320506,0.520603,-0.534493,0.870102,-0.386112,-0.038604,0.739488,1.061494,-0.769194,-0.033524,-0.601488,0.866266,-0.851926,0.394433,-0.095696,-2.106377,-0.870824,-0.599725,1.142353,-1.15034,0.873487,0.380904,-0.344762,-0.392155,0.438474,-0.869233,0.777324,-0.166838,-1.101719,-0.833078,0.10196,-0.560271,-1.702621,-0.229423,-0.192782,0.03313,-1.581913,-0.356281,0.474122,-0.550424,-0.71273,0.697952,-1.340616,0.152986,-1.217642,0.014303,0.35284,0.617355,1.154697,-1.114752,-1.297213,0.020972,-1.65327,-1.342481,-0.975044,0.072222,0.246386,0.324559,2.204393,0.556249,1.913806,-0.335346,0.025115,0.796387,0.626509,0.156017,-1.76918,-0.995144,-0.270033,0.546073,0.127279,-0.064823,-1.632803,-0.522644,-0.328477,2.064602,-0.215092,0.600489,0.892019,0.481968,-1.606106,0.383698,-0.425716,-0.65715,-1.95269,-0.316089,-0.949784,-0.76269,1.054974,0.405371,0.572948,-1.444258,-1.080919,-0.425008,-0.032104,-0.404524,-1.101584,0.387061,-0.419557,0.300565,0.546997,-1.002175,1.544932,1.357436,-0.702673,0.627911,0.648325,-0.181049,0.803541,-0.168292,-1.172887,-0.498739,0.489168,-0.570833,-0.824862,-0.675212,-1.339517,-0.718792,-1.04281,0.320208,1.504429,-0.408333,0.22247,1.19298,-0.036566,0.34131,0.536749,-0.303383,-1.024786,0.124196,0.360149,-0.626159,-0.499369,0.280647,-0.543023,-0.025233,0.378074,-1.433513,-0.616329,-0.053776,-1.338654,0.778626,0.423035,-0.013929,-1.179429,-0.380274,0.851592,1.316995,-1.567504,-0.732213,0.141017,0.313514,0.145773,-1.801726,0.418587,-1.838023,0.076028,0.090308,-0.533088,1.295716,1.559028,0.084481,0.48226,1.183422,1.206492,-0.335597,2.514729,-0.756543,-0.53381,-0.431004,-0.21354,-0.938979,0.645241,-1.819089,-0.706178,-1.414856,-1.095096,0.951559,0.921202,0.902568,-0.406656,-1.483465,-1.006447,0.393186,1.385188,0.07867,-0.746412,0.111351,-0.280701,0.721599,1.470528,0.203892,0.779338,0.899622,-1.648635,0.567568,-0.068324,-0.293499,1.012894,-1.65748,1.210703,2.378592,0.429656,1.983256,0.972458,0.131993,0.022385,0.205381,0.78928,-0.601522,-0.115875,-1.088566,-0.179469,-0.967045,-0.556947,-1.263093,-1.506614,-0.567621,-1.116423,2.677035,0.185539,0.444277,-0.799937,1.150626,0.77167,-2.307585,-2.21567,-0.914322,-0.46926,0.090636,-0.697864,0.699853,0.476371,0.451201,1.656782,1.001101,0.735551,0.118837,0.429665,-1.180437,1.200155,1.249555,0.120862,1.285597,1.377512,0.94852,0.17989,-0.620692,0.07815,-0.859854,-0.942597,-0.772807,-2.280026,-0.752238,-1.895294,0.026949,0.154225,-0.313923,0.279299,-0.60608,-0.003406,0.457499,0.81507,0.442209,-2.480174,-0.705652,-1.790708,0.85625,-1.203885,1.202433
CX11262,-0.437165,0.401531,0.452316,-0.213629,-2.373326,1.126919,0.730219,-0.210459,-0.037887,1.421344,-1.392954,0.310005,0.750202,0.25359,0.164712,-0.421448,0.415363,-0.342233,0.875382,-0.63001,-2.03997,-0.291562,0.406008,-0.417557,1.904231,1.940221,1.632798,0.329787,-1.444553,0.231153,-2.050812,-0.578138,0.415569,-1.211805,1.138982,0.254962,-0.162513,0.135319,-0.712627,0.784201,0.93165,2.168493,1.253522,2.933391,0.818872,1.587238,-0.350962,0.952653,-1.225262,-1.648301,0.585621,-0.62685,0.053612,0.327013,-0.725237,-0.700566,-0.847818,-0.705421,0.354462,-1.613832,-0.850882,0.109104,0.04133,1.807344,1.444003,0.004532,0.940913,-1.986059,-2.100688,-0.799174,-0.284151,0.71164,0.580023,1.013002,0.19867,-0.614983,1.299145,0.442997,0.937059,-1.983974,1.506029,-0.21043,-0.466798,0.737182,0.154584,-0.822885,0.510481,-2.129205,1.050106,0.42491,2.474221,0.776692,-0.13056,-0.719399,0.23903,-1.717332,-0.656983,0.15207,0.032047,0.591976,0.791976,0.014993,0.3898,-0.069629,0.429196,-0.487484,0.048234,-0.578073,-2.421604,0.553424,-0.031027,0.710402,1.376871,-1.453602,0.635696,0.576946,-0.196468,-0.906365,-0.703174,-0.735425,0.721626,-0.779738,0.875654,-0.385262,-1.278412,-0.021033,0.553284,-0.195539,0.263778,-0.913642,-0.646229,0.486565,-0.110304,-1.134995,-0.407395,-1.007085,-1.886397,-1.112515,0.909806,-0.020022,0.534009,0.058211,-1.237319,0.673623,0.750058,1.204958,0.332381,-0.501173,0.887993,0.178498,-1.532234,-0.058555,-0.55826,1.354334,-0.322325,2.407147,-0.991444,0.083169,0.282095,0.260416,0.576354,-0.615822,2.307544,-0.641567,1.060022,1.02448,-0.220318,-0.526337,0.911994,0.426116,1.107756,-0.546144,-0.564838,-0.044779,-0.052221,-0.363981,-1.971716,-0.779148,1.760415,-0.816608,1.370287,0.937917,-0.00806,-0.695247,-0.289812,-0.204685,1.62389,0.909258,-1.542662,0.371055,0.797223,0.056504,-0.522186,1.196245,1.516252,0.208101,0.533336,1.504842,0.297822,-0.22747,1.29969,-1.446489,0.211027,0.564954,1.358483,-0.208402,0.873578,0.633832,0.395072,0.105018,-0.568217,0.033695,0.040192,1.617375,1.426288,-0.16528,-0.047654,-1.446729,-0.7179,0.416532,-0.400379,-1.370604,0.17146,1.771409,-0.784558,-1.184,1.903716,1.316694,1.308469,0.335103,0.760968,0.906735,1.380331,0.711591,-0.539696,-0.061322,-0.519613,-1.035009,0.876584,0.983822,-0.053321,1.180144,1.227941,-1.580438,-0.504679,-0.053475,1.021525,1.889972,1.137222,1.41428,2.137665,1.064227,-0.047369,-1.5447,-1.548259,-0.23148,-1.022887,-0.138777,-1.183604,-1.360573,0.253396,-0.222923,0.09991,-0.528213,-0.727627,0.034397,-0.313245,1.679624,0.121142,-0.316557,0.491085,0.061238,0.698038,1.59768,0.60316,1.155111,0.422013,0.57488,0.938627,0.686871,0.557827,0.610421,1.436128,-0.311107,0.181872,0.533434,-0.96374,-0.605723,-1.012431,-0.094172,-1.426785,-0.643894,0.405672,-1.948988,-0.679722,-0.197317,-1.517003,1.90516,1.468267,0.970032,0.668474,-0.153475,0.229943,-0.900867,0.184723,-1.226775,0.937453,0.510521,0.705377,0.008993,-1.242965,-0.362698,0.754096,1.408647,1.940293,0.123884,-0.256068,-0.599304,-0.130907,-1.326375,-0.629249,-0.952974,0.245469,-1.824435,1.153385,-1.707255,-1.222688,-0.770213,0.564426,-0.044408,-0.201956,-0.164636,-0.905422,-0.328522,1.247594,0.877521,0.30119,2.487499,-0.05207
CB4854,0.229348,0.42572,0.991012,-0.808069,-1.998877,0.535741,-1.199124,0.101855,-0.472948,-1.864188,-1.471307,-1.855242,0.125586,0.230893,0.15178,0.055754,0.637305,-1.114635,0.66849,-0.608381,-1.956181,-0.872798,-0.933071,0.608248,-0.984434,0.870662,-0.722703,1.290733,1.154221,0.698576,-0.371434,-0.707825,-1.418714,-0.000695,-0.95596,-1.615277,-0.554114,1.120812,1.356677,1.297472,-0.63338,-0.770607,0.455169,0.288224,-1.450385,-0.88863,-0.423115,1.882014,0.088752,0.22637,-0.275069,-0.708375,0.058193,-0.914454,0.259748,0.175709,0.989196,0.250808,0.203076,-1.506783,0.659759,0.176148,-0.420612,0.41849,-0.533413,-1.991779,-0.848875,0.767105,0.404165,-0.772695,0.675795,0.084976,-0.271755,-0.408172,-0.427504,0.308804,1.274598,-0.654251,0.415715,0.423032,0.078698,-0.366498,0.769847,1.391849,-0.930452,-0.633944,-0.26515,0.455474,0.513973,-0.742713,1.319339,-1.417712,0.458592,-0.471171,-0.541946,-0.01494,-0.433271,-0.334015,-0.782173,0.448499,-1.672133,0.987558,-1.010803,0.591012,0.248302,-1.126097,-0.597247,-0.163571,0.409206,-0.680376,0.026797,0.697881,0.308826,-0.707462,0.974973,0.051012,-0.172704,-1.20035,-2.14228,-0.724953,0.012432,1.373697,0.47046,1.054419,0.190507,-0.465348,0.747488,-0.370152,-0.876657,0.364151,0.093964,2.279624,-0.46714,-1.597721,-1.273355,-0.162275,-0.371621,0.101388,0.818002,0.414285,2.910592,0.395706,-0.039312,0.224067,-0.786287,0.213608,0.092003,0.246171,0.398483,-1.193119,0.466981,-1.338644,-0.999474,-0.059492,-0.547936,-1.948993,-0.895971,1.355423,-0.383911,-0.422713,0.490229,-0.11119,0.43301,0.728959,0.471367,-1.249875,-1.640936,-0.52193,0.219059,-0.907208,0.589808,1.282302,-0.864387,-0.979569,-0.987068,-1.615288,-1.754814,-1.527245,0.473586,0.977745,-0.851293,-0.496047,-0.658777,-0.655768,-0.351963,0.960492,0.450024,0.980643,0.804511,-0.428014,-0.554751,-0.554691,-0.177059,0.334917,-0.900646,-2.160483,-1.739628,-2.074391,1.237709,-0.762403,1.250418,1.128606,-0.484929,0.57771,0.817508,0.273987,0.429454,-0.088104,0.169475,0.753351,0.80664,0.326899,0.575235,0.321305,-0.671368,0.681974,-1.28266,1.476683,1.193699,0.043022,0.079349,-0.503898,1.604196,-0.967933,1.186727,2.244005,-0.539796,-0.136454,0.774456,-1.840078,-0.796509,-0.876694,-0.260541,-0.969224,-0.429169,1.57796,1.216701,0.975341,-0.05887,-0.61661,-1.301165,0.235799,0.04674,0.637403,-1.315105,0.585262,-0.097585,0.415025,-1.19644,-1.589725,-0.742205,-0.347232,1.831071,2.400655,-0.535203,1.140744,-0.490576,0.055052,-0.130148,-0.951245,-0.490753,-0.804084,0.242112,0.028798,1.097668,-1.63567,-0.051091,-0.356218,-1.987062,-0.877729,0.646607,0.377606,0.577619,0.716312,-0.405014,0.999248,-0.121153,2.488635,-0.362347,-0.677609,-0.434332,-1.332218,0.004199,-0.25876,1.068818,-1.931448,-0.679105,-0.073417,0.084851,-1.315764,0.994512,0.078497,-0.805365,1.275276,-0.824016,-0.132697,0.128885,-2.582976,-0.819275,-0.184008,-0.292172,0.244559,-1.463449,0.316225,0.007106,0.584044,0.252583,-0.516537,-0.296605,-0.00186,-0.295066,0.249469,0.556213,0.168528,0.419573,0.581762,-1.418408,-1.48011,0.160508,0.256109,-1.122294,-0.994328,-1.506372,1.077383,-0.167067,-0.459786,0.379961,-0.24835,1.138446,-0.641596,-1.065358,-0.015376,1.69457,1.988653,-0.083195,2.407444,1.526588,-0.406514,0.024698
