strain,sim_0001,sim_0002,sim_0003,sim_0004,sim_0005,sim_0006,sim_0007,sim_0008,sim_0009,sim_0010,sim_0011,sim_0012,sim_0013,sim_0014,sim_0015,sim_0016,sim_0017,sim_0018,sim_0019,sim_0020,sim_0021,sim_0022,sim_0023,sim_0024,sim_0025,sim_0026,sim_0027,sim_0028,sim_0029,sim_0030,sim_0031,sim_0032,sim_0033,sim_0034,sim_0035,sim_0036,sim_0037,sim_0038,sim_0039,sim_0040,sim_0041,sim_0042,sim_0043,sim_0044,sim_0045,sim_0046,sim_0047,sim_0048,sim_0049,sim_0050,sim_0051,sim_0052,sim_0053,sim_0054,sim_0055,sim_0056,sim_0057,sim_0058,sim_0059,sim_0060,sim_0061,sim_0062,sim_0063,sim_0064,sim_0065,sim_0066,sim_0067,sim_0068,sim_0069,sim_0070,sim_0071,sim_0072,sim_0073,sim_0074,sim_0075,sim_0076,sim_0077,sim_0078,sim_0079,sim_0080,sim_0081,sim_0082,sim_0083,sim_0084,sim_0085,sim_0086,sim_0087,sim_0088,sim_0089,sim_0090,sim_0091,sim_0092,sim_0093,sim_0094,sim_0095,sim_0096,sim_0097,sim_0098,sim_0099,sim_0100,sim_0101,sim_0102,sim_0103,sim_0104,sim_0105,sim_0106,sim_0107,sim_0108,sim_0109,sim_0110,sim_0111,sim_0112,sim_0113,sim_0114,sim_0115,sim_0116,sim_0117,sim_0118,sim_0119,sim_0120,sim_0121,sim_0122,sim_0123,sim_0124,sim_0125,sim_0126,sim_0127,sim_0128,sim_0129,sim_0130,sim_0131,sim_0132,sim_0133,sim_0134,sim_0135,sim_0136,sim_0137,sim_0138,sim_0139,sim_0140,sim_0141,sim_0142,sim_0143,sim_0144,sim_0145,sim_0146,sim_0147,sim_0148,sim_0149,sim_0150,sim_0151,sim_0152,sim_0153,sim_0154,sim_0155,sim_0156,sim_0157,sim_0158,sim_0159,sim_0160,sim_0161,sim_0162,sim_0163,sim_0164,sim_0165,sim_0166,sim_0167,sim_0168,sim_0169,sim_0170,sim_0171,sim_0172,sim_0173,sim_0174,sim_0175,sim_0176,sim_0177,sim_0178,sim_0179,sim_0180,sim_0181,sim_0182,sim_0183,sim_0184,sim_0185,sim_0186,sim_0187,sim_0188,sim_0189,sim_0190,sim_0191,sim_0192,sim_0193,sim_0194,sim_0195,sim_0196,sim_0197,sim_0198,sim_0199,sim_0200,sim_0201,sim_0202,sim_0203,sim_0204,sim_0205,sim_0206,sim_0207,sim_0208,sim_0209,sim_0210,sim_0211,sim_0212,sim_0213,sim_0214,sim_0215,sim_0216,sim_0217,sim_0218,sim_0219,sim_0220,sim_0221,sim_0222,sim_0223,sim_0224,sim_0225,sim_0226,sim_0227,sim_0228,sim_0229,sim_0230,sim_0231,sim_0232,sim_0233,sim_0234,sim_0235,sim_0236,sim_0237,sim_0238,sim_0239,sim_0240,sim_0241,sim_0242,sim_0243,sim_0244,sim_0245,sim_0246,sim_0247,sim_0248,sim_0249,sim_0250,sim_0251,sim_0252,sim_0253,sim_0254,sim_0255,sim_0256,sim_0257,sim_0258,sim_0259,sim_0260,sim_0261,sim_0262,sim_0263,sim_0264,sim_0265,sim_0266,sim_0267,sim_0268,sim_0269,sim_0270,sim_0271,sim_0272,sim_0273,sim_0274,sim_0275,sim_0276,sim_0277,sim_0278,sim_0279,sim_0280,sim_0281,sim_0282,sim_0283,sim_0284,sim_0285,sim_0286,sim_0287,sim_0288,sim_0289,sim_0290,sim_0291,sim_0292,sim_0293,sim_0294,sim_0295,sim_0296,sim_0297,sim_0298,sim_0299,sim_0300,sim_0301,sim_0302,sim_0303,sim_0304,sim_0305,sim_0306,sim_0307,sim_0308,sim_0309,sim_0310,sim_0311,sim_0312,sim_0313,sim_0314,sim_0315,sim_0316,sim_0317,sim_0318,sim_0319,sim_0320,sim_0321,sim_0322,sim_0323,sim_0324,sim_0325,sim_0326,sim_0327,sim_0328,sim_0329,sim_0330,sim_0331,sim_0332,sim_0333,sim_0334,sim_0335,sim_0336,sim_0337,sim_0338,sim_0339
CB4854,-0.26271,-0.058608,0.11132,-1.517861,-0.106619,-0.86133,0.301796,0.18811,-1.923804,0.228467,0.860757,-0.387457,-1.362271,0.623698,0.08966,0.302308,-0.667799,0.525871,0.455619,1.404388,0.839356,0.732559,1.945979,0.287135,3.460393,1.225852,1.781494,-1.543444,1.543926,0.216548,0.951988,-1.101633,-0.064318,-0.142708,-1.822755,-0.588042,0.601471,-1.956788,0.097299,-1.377144,-1.09757,0.61923,-1.438658,-0.743408,-0.126689,-1.139882,-1.879506,-1.105549,1.079824,0.398796,-0.65377,-0.167281,0.642285,0.290294,0.469286,-0.551945,-0.317324,-0.739813,-0.187843,-1.536387,-1.563217,-1.545729,-1.255845,0.634686,0.548826,-2.06886,0.117565,-0.239618,-0.345506,-0.968891,0.345461,-0.630464,-0.402893,0.754446,0.160051,-0.026843,-0.273305,2.086234,0.738445,-1.455909,0.472511,1.756269,0.723638,1.304222,0.085816,-0.235415,-0.935419,-1.748253,-0.998108,-0.189728,-2.719922,2.548735,-0.143658,-0.86352,-2.433172,-0.814449,-0.310588,-2.184572,-1.489791,0.839636,-0.183805,-0.847642,-0.75762,0.706717,0.319705,0.498693,-0.500319,-0.434506,-1.829893,-0.549407,0.518685,0.161666,1.523515,-0.220336,0.178041,-0.689666,-0.687282,-0.457725,0.332188,-0.111032,-0.917278,-1.018828,-0.901521,0.711522,-0.910399,0.195364,-0.86739,-0.257247,1.415659,0.577213,-1.051052,-0.393426,-1.11668,0.344777,0.22669,0.040205,0.337815,-0.605756,0.565221,0.669467,0.3513,-0.542414,-0.932491,-0.137732,-0.392004,-0.290743,-0.498084,0.309931,0.317512,0.031346,0.552452,-1.052643,0.145066,0.791467,-2.159295,0.346202,0.908919,-0.819119,-1.337861,-1.078414,1.683605,0.027882,0.091224,0.125363,-0.980391,-1.126619,-0.555039,-0.139655,-0.645957,-0.783573,0.201882,-0.104138,0.0785,-1.549582,1.760819,-0.824181,1.51088,-0.198797,0.316787,-0.217768,1.645985,-0.245447,0.718491,-0.280634,0.096027,-0.241705,1.160849,0.329974,0.908312,0.327468,1.078154,1.192919,0.644565,-1.647123,0.197883,-1.56814,1.016437,-0.284538,-0.349071,-0.741078,-0.898135,1.091888,0.988784,-1.736512,-0.732435,-0.496721,1.795486,0.342031,-0.474527,-1.082497,0.038736,-0.301676,0.531036,-1.053488,0.656033,0.37249,-1.091138,0.109896,0.200517,-1.155872,0.167275,-0.622475,-0.335057,0.448809,0.034313,-0.028457,-1.080383,0.291545,-0.69503,-1.746866,1.534198,0.510605,0.192841,-2.332023,-0.425594,-0.69236,-0.619594,0.401654,1.098602,0.519253,0.004272,-1.837869,1.648541,-0.547964,-0.569434,0.007835,-0.090508,-0.998468,1.140039,-1.688432,1.331906,-0.549897,-0.558506,1.856662,-0.258409,-0.889266,-0.519724,0.536325,0.39717,-0.80118,-0.011283,1.855046,2.205788,-0.415308,0.915102,-1.675492,-0.737345,-1.437344,-0.71838,-1.976383,0.239361,-0.426918,-0.55302,-1.038953,0.834748,1.177175,1.587667,1.037268,-0.793277,1.470368,-1.298075,-0.188717,-1.288828,0.850749,-0.171761,-0.928198,-0.60591,-0.597254,-2.123328,0.424458,0.864441,0.523721,0.007702,1.971272,0.636585,2.070357,0.794354,-0.964722,-0.711129,0.945087,0.026097,1.283401,-0.16226,0.201475,1.656266,0.469985,-0.13643,1.273153,1.904828,-0.406196,0.895374,-1.279982,1.332571,1.5712,0.752113,1.073353,-2.095765,-0.486323,-0.169355,0.218026,0.825277,0.778985,0.330222,1.547651,0.713116,-0.645661,-1.831048,1.601654,0.530303,-1.173607,-0.510666,2.712074,0.658482,0.449544,0.722493,-0.761986,-0.261013,1.177374,-0.106195
CB4856,-0.375155,-0.660124,-1.168359,-0.430239,0.438683,0.172068,-0.84607,-2.061263,2.29616,-0.89723,0.72619,0.662255,-0.118437,-0.02423,-0.026587,1.313344,-1.260028,-0.185079,1.884001,-0.033029,-0.447567,2.278933,-1.109298,3.092882,1.878492,0.943697,2.890174,0.532383,1.066459,0.439795,0.067285,0.720066,0.44649,2.340505,2.186563,2.14766,1.515947,-0.697605,0.944109,-2.02262,0.518458,-0.599134,1.636522,-0.980466,-0.803928,0.088187,-0.950649,-0.274568,0.061821,-0.283981,0.916184,-1.77412,-0.882666,-0.219765,-0.533735,-2.508448,1.392608,-0.724419,-0.569245,-0.637586,-1.867104,1.448566,0.794715,0.987396,0.609437,0.961467,1.163639,0.134075,0.012477,-1.31871,-0.282402,0.188699,-1.354407,0.070332,0.155574,1.162097,0.435296,-0.901995,0.850637,0.129072,0.448972,0.1124,2.093293,0.520197,0.844535,-2.075333,-1.063761,-1.324618,-0.185696,-0.292483,-0.842789,-0.126254,0.980716,-0.232239,-0.847834,0.709162,0.382372,0.617391,-1.180608,0.01356,-1.230571,-0.756938,-0.532351,-0.468907,0.225544,-0.997014,-0.571871,0.263715,0.510423,0.380796,1.403769,0.868616,1.239875,1.246868,2.095692,-0.207276,-0.574757,1.247937,-1.562054,0.765055,0.104019,0.018096,-2.348039,-0.449988,0.782646,-0.412246,-0.317715,-0.335881,-1.462066,0.407399,0.019246,0.166832,1.449784,-0.12971,-0.883973,-0.769657,-1.119789,0.337876,0.976725,-0.523047,0.002357,-0.814474,-0.691329,-1.557565,0.434755,-0.010306,-1.534861,-2.65391,0.076494,0.903384,-1.401814,-1.114067,-1.419633,-0.758721,-1.296977,1.696336,-0.383275,0.555515,1.513716,2.375348,2.905493,1.549506,-0.327742,0.229022,0.863433,1.377937,2.295472,1.006736,-0.626161,0.496811,1.352716,-1.348476,0.336237,0.994779,1.453783,-0.573632,1.342476,2.425976,0.318615,2.699988,0.251734,-0.242548,1.566264,-0.708388,-0.806293,1.002871,1.837871,0.211974,0.013745,1.14626,-0.504445,-0.894536,-1.297303,-0.613984,-1.155075,-1.102461,0.357209,-1.281174,0.293008,-1.209687,-0.272915,-0.393028,0.573393,-0.265067,0.104523,-1.344172,-0.273296,-0.459499,-0.388937,0.174975,0.531897,0.405523,0.661171,0.947297,1.479995,0.509547,0.824671,2.202148,1.589339,-0.223715,0.859284,1.473925,-0.471156,1.072619,1.202445,0.438306,0.621825,1.219537,-1.566196,1.283125,0.912903,0.614118,0.593507,0.892882,-0.337833,-0.314886,0.496014,1.020291,0.702973,0.579758,0.641008,1.216893,2.524812,-0.617485,-2.058778,-0.496439,0.572184,-0.623494,1.287417,0.76534,0.530451,-1.215814,-1.005844,-1.237607,0.874561,0.078166,-0.338616,-0.194643,-1.517247,-0.832373,-0.168767,0.689843,0.091287,1.089398,0.406499,0.797273,0.278245,-0.192234,-1.542137,-1.628091,-0.250055,-0.203236,-2.022142,-1.628354,1.75987,-0.651304,-0.730043,-1.317627,-1.410515,-0.817851,0.172502,-0.806603,-0.914573,-0.175234,-1.350939,1.049283,-2.025145,-1.652828,0.928377,-0.377632,-0.865761,1.362596,-0.271641,0.851375,-0.417681,1.396544,-0.314315,-1.081531,-0.276471,-0.315396,0.04469,0.024836,1.324256,-1.424419,-1.071264,-0.677457,-0.469099,0.653911,-0.429736,-0.477026,-0.200179,-1.986177,0.24071,-2.264615,-0.469845,-0.128528,-0.190214,1.208893,0.408264,-0.468636,0.751955,-0.141529,0.732425,-0.9578,-1.018632,-0.776667,-0.394827,0.631871,0.121266,1.302262,0.476646,-1.530631,0.152694,-1.525215,-1.706182,0.061525,-0.035938,0.998483,1.028403
CX11254,-1.858692,-0.326324,-3.118194,1.137328,-0.259447,1.114375,0.376774,-1.314578,-0.43446,0.785061,0.151452,-0.538952,0.772766,0.46516,-0.64982,-0.010608,0.33388,0.378492,-1.282046,1.446036,1.061483,1.043938,0.91878,1.349826,2.162872,0.880609,0.843593,0.130495,-0.175304,-1.774859,1.676005,1.589622,0.037324,1.087687,2.747508,0.783422,-0.529372,-0.259544,0.979649,0.47134,0.111276,0.420287,1.161345,0.057215,0.307105,-1.779258,0.266573,0.670478,-1.470907,-1.411173,-0.660579,-0.800153,0.133922,0.741619,-1.02102,0.353555,-0.599917,0.031199,0.181321,0.762467,1.077993,0.174623,-1.217582,0.293953,-1.110169,0.278568,0.47829,0.703148,0.112554,-0.706078,-2.193673,0.70063,0.625526,-0.81824,0.533629,-0.89407,0.464711,-0.246707,0.012043,-0.239202,0.039131,1.381285,-0.727011,1.628369,0.666928,1.246024,1.36061,1.387617,1.906077,1.872198,0.011877,-0.781726,1.25386,0.177155,0.046173,-0.710297,-1.096696,-0.494991,0.184156,0.674787,-1.093612,0.134114,-1.127418,-0.802641,-0.481298,-0.252354,-3.837323,-0.65033,1.359846,-0.440321,-0.274335,-1.0799,0.231728,-0.115672,-0.151191,-0.629157,-0.6696,0.312264,-1.292236,-0.215061,-0.670372,-0.321523,0.534195,-1.26002,-0.900631,-1.909091,-0.793007,1.403618,0.476814,0.375333,1.936361,-0.059145,0.184021,0.369117,0.462168,0.412386,-0.694721,1.324081,0.11196,-0.235993,1.477584,0.683172,0.67729,1.61154,0.481137,0.929476,0.238357,1.900093,0.408573,-0.448019,1.227043,-0.253517,2.452055,-1.500096,1.870955,-0.790647,0.138502,-0.552569,-1.246224,-0.043434,-0.587382,0.250368,0.57368,-0.045218,-0.221487,-0.069344,-0.905199,-0.304807,-0.147442,0.539095,0.284923,1.429514,0.062958,-0.190607,-1.537552,-0.704148,0.694081,-1.28721,-0.585074,-0.329951,-0.28411,-0.499165,-1.546935,-1.910687,-0.277725,-0.301943,-1.568264,-2.639055,-0.494585,0.672644,1.124376,-0.866074,1.052177,0.195101,-0.450488,0.171131,-1.260238,-1.059315,0.553172,1.613534,0.655028,-0.884183,-1.039399,-1.630889,-1.305787,-1.082604,0.710043,1.347572,0.377217,-0.154104,0.517956,0.53503,1.15153,0.466358,-0.372362,-1.55356,0.501138,-1.248623,-0.035589,-1.940344,-0.105416,1.820271,0.630645,-0.612484,-1.12273,0.742133,-1.442974,2.543492,0.802395,0.613004,-1.506242,-1.104113,-0.47221,1.300169,1.034506,0.701488,-0.128547,0.772939,0.75245,0.582094,0.962717,0.113544,0.088796,1.586126,-0.351042,0.652788,1.166478,1.137217,0.343412,0.333331,1.758504,0.115162,-0.327083,2.732292,0.962921,0.090362,-1.377122,-0.033707,-0.413785,0.189484,-1.229865,-0.042824,0.091191,-1.882668,-0.695031,-0.04513,0.152674,-1.643068,-0.648156,-0.125684,1.588012,0.159336,0.123504,1.199232,0.36307,0.983346,0.782972,1.629773,0.333627,0.072801,0.675429,0.074996,-1.179006,0.339303,0.927538,0.917139,2.177469,-0.255762,-0.733466,-0.226584,-1.119124,0.334914,-0.414434,-2.389118,-1.418405,-0.244104,-0.917002,0.474232,1.463007,-1.45615,-1.168257,-0.326696,-2.79655,0.779188,-1.38193,-1.365402,2.166149,-1.307018,1.834782,-0.505239,-0.782799,0.703358,1.05852,0.051539,0.561158,1.770339,-1.88709,0.967532,1.092228,-0.429007,0.922886,-1.800853,-0.031847,-1.714407,1.980976,-1.945072,-0.933715,1.203615,-0.556947,1.399716,-0.314962,-0.2691,-0.542175,-1.408441,-0.497645,1.485245,0.263181,0.957845,-0.775141
CX11262,-0.738836,0.032732,-0.814532,-0.400216,0.702539,0.459911,-2.009586,0.834214,-0.593372,1.300243,0.478033,-1.680585,1.898083,-1.163152,0.100506,-0.90155,0.163395,-0.592607,-0.008231,-1.69118,-0.183853,1.276767,-1.319763,-0.168193,-0.0146,0.204118,0.216325,1.243603,-0.449347,0.970918,1.599735,0.260569,-0.523262,2.225298,2.100534,2.289204,1.699069,0.228252,1.415223,0.138112,1.811276,0.507524,2.243308,2.797299,2.214783,1.025395,0.941286,-0.671074,-0.439721,-0.97718,0.236179,0.06121,-0.148854,-0.586812,-0.740099,-0.875636,0.062433,-0.252655,0.492126,-0.038454,0.194976,-0.477924,0.357644,-1.769228,0.283471,-1.048319,1.818509,0.499498,-0.839781,-2.474834,-0.727645,0.915883,-0.693654,1.279004,-1.348235,-0.476182,-1.639988,-0.324833,-0.998362,0.259388,-0.158867,-1.122259,0.752809,-0.080628,-1.380968,0.201543,1.942846,1.079419,1.88421,3.269947,0.569403,-1.489296,0.439976,-1.007772,0.286198,0.471571,-0.110442,0.816473,-1.811595,1.010243,0.00341,-1.346207,0.970363,-1.234533,0.643114,-0.51383,-0.865828,-0.001469,0.246468,1.136599,-1.314156,0.06718,-1.862632,-0.404054,0.900987,0.175561,-0.606248,2.699717,0.915781,2.179288,1.206851,0.928021,0.406157,1.39524,1.448728,2.629883,1.166679,0.033232,-0.11267,-0.953624,-0.887928,-0.926993,-1.18583,-1.094479,0.120802,-1.232351,-1.093642,0.558179,0.591877,0.385357,-0.086499,1.556463,0.586197,1.571089,-0.479132,-0.205314,1.051204,1.864907,0.734379,0.406862,1.435488,-0.631225,0.023419,-0.791852,0.179085,-0.728208,1.242,0.644806,1.132145,0.529506,1.132623,1.262457,1.488936,1.406015,0.734413,-2.446227,-1.624128,0.273429,1.2742,1.121227,0.282842,-0.435227,0.278602,-0.376929,-1.601003,-0.138101,-2.034841,0.336094,0.237541,0.041051,1.877043,-0.00867,-0.789667,0.172786,-0.869514,0.468128,-1.158582,1.340837,-0.151741,-0.857638,1.31248,-1.824294,-1.14473,-1.316492,1.282724,0.162048,-0.10286,0.098023,1.518852,-0.84163,-0.232196,-1.231625,-3.146999,0.078451,-1.842893,-0.152045,-1.058445,-1.047085,0.033395,2.055705,0.266304,-0.794558,0.79715,0.120036,-0.479333,-0.628274,-0.870223,1.537323,-0.447456,-0.344651,-1.271224,-1.155805,-1.187973,0.277936,0.183889,0.973908,-0.920356,-0.260244,-1.051089,-0.95328,-0.923293,-0.91677,-0.236285,0.773654,-0.57948,0.482949,0.0807,0.927096,0.018031,-0.279707,0.881372,-0.348689,-1.524772,1.462275,-2.766936,0.343269,0.18149,0.432734,0.096267,0.977604,0.668162,2.011019,-0.525049,-0.712329,-1.027649,0.173693,-0.596249,0.400952,-0.547543,-0.117838,-0.305482,0.003148,-0.817772,0.731584,-1.839808,-0.213703,0.460526,-0.297603,0.249165,0.624902,-0.800539,0.050907,-0.047487,0.298141,-1.619102,-1.095368,0.188215,0.586067,-0.60933,3.247843,0.164278,1.7084,0.312257,0.55549,0.040967,-0.778086,0.71499,-0.461681,0.577931,-1.103482,-0.268424,-0.479873,1.198894,-0.325798,-1.087576,-0.279959,-0.787553,0.387742,0.385154,0.153409,1.628526,1.379682,-0.205204,1.422126,1.676522,1.895977,-0.356983,0.105999,-2.077506,-1.963646,-2.276227,0.555029,0.153119,-1.901967,0.494009,0.294023,-1.510803,-0.285574,0.44854,0.128957,-0.846828,0.390313,-0.368087,-0.416248,1.701623,0.127956,0.07032,2.859713,0.796266,-1.769508,0.200126,-0.676054,-3.260605,0.544314,1.015336,0.689826,2.53063,0.181939,0.639917
CX11264,0.272137,-0.573481,0.426201,0.565577,-0.107252,-0.415813,-0.340845,0.348359,-0.089613,2.170229,0.155592,-0.171748,1.029426,-0.390315,1.16797,-0.469733,-0.231855,-0.035413,0.890839,0.998601,0.674493,-0.202739,-2.200524,0.302461,-1.41426,-0.671394,-1.026923,2.240734,-0.785012,-0.114336,0.670905,1.395069,1.700286,2.117735,1.148307,0.944876,-1.325134,0.059537,1.247416,1.442005,0.421676,1.526098,1.281987,-0.43339,-0.272339,-0.431999,0.758073,-1.336399,-1.310648,-1.17495,0.221703,0.133412,-0.558601,-2.381588,-0.389368,1.89672,0.107312,-0.779393,0.830302,0.469164,1.132502,2.722706,2.398117,1.482226,-2.310458,0.238702,0.099352,-1.262292,-1.381441,0.604356,-1.17685,0.886579,-1.2519,0.054822,-0.9369,-0.820042,-0.628503,-0.107111,1.300929,0.807248,0.108918,0.190672,2.497354,0.423452,1.791719,1.467707,-0.529405,0.520228,2.347815,1.317357,-0.773285,0.440868,-0.713054,-1.164397,-1.076075,0.944683,0.581031,-1.085806,-0.605248,-0.463344,-0.319094,0.853672,-1.285847,-0.156078,0.211218,-0.368801,-0.408417,0.045513,0.864521,-1.391925,0.68282,-1.167975,-0.548973,1.143718,-0.188857,0.729851,0.388881,-0.279335,2.147472,-2.470178,-1.127975,-0.458298,0.103767,-0.310602,0.990873,1.115459,1.004858,1.47358,0.481373,1.380373,0.421435,0.528359,-0.021316,1.338047,0.806426,1.043951,-1.46082,-0.472494,-0.016191,0.977668,0.434633,-0.07749,-0.151582,3.036204,0.7524,-0.557732,0.586373,-0.26862,2.480518,0.455629,1.38795,1.411596,1.190857,-0.572908,-0.129398,0.239003,0.654798,0.55126,0.388235,0.467598,1.59033,2.413223,0.945167,0.80076,2.555108,-0.31397,2.972998,0.777589,1.092454,-0.531045,1.648424,1.157981,-0.999107,-0.008424,-0.509297,-1.732756,0.131966,-0.001,-0.124545,0.397023,-0.316382,-0.380258,-2.028499,-1.734168,-0.652451,0.326857,-1.116162,-1.205013,-0.973618,0.114784,1.064772,0.220929,0.115622,0.438444,0.786527,-1.146622,0.269987,-0.095634,0.322488,-1.999641,-2.098489,-0.455902,-0.009133,-0.50146,0.643606,-1.392984,-0.585151,-0.052348,0.177432,0.556505,0.334065,1.572911,-0.169083,2.527932,1.470352,1.376456,0.727406,0.02247,1.422762,-0.08119,0.388781,-0.518923,0.859562,-0.445417,-1.152627,0.135259,0.852189,-0.590722,-0.284398,-0.935187,-0.900978,0.347085,0.448967,-0.614952,1.335139,0.127346,0.123004,1.935481,1.536602,-0.785038,-0.389571,-0.186635,-0.369967,0.554572,-0.475335,1.292358,1.077471,-0.047299,0.505503,0.16352,0.54498,2.247067,-0.483739,0.818673,1.552422,1.044784,-0.48684,-1.633731,-0.25521,-0.919854,-1.916337,-1.19255,1.173995,1.797958,-0.516137,1.309212,-0.27972,0.343303,0.109633,-0.993095,-1.034034,-1.263463,-0.965241,-1.113839,0.523009,-0.559079,-1.843038,0.043941,-0.518481,-0.41749,1.349822,1.145295,0.465473,0.552814,-0.886756,0.688915,-0.577177,1.073397,2.5434,1.09316,1.473431,0.119053,0.742861,-0.785421,-0.538848,0.317489,1.273379,1.245103,-1.652039,1.425623,0.185911,0.206038,1.143021,0.679562,-0.17697,-0.778811,-0.213371,-0.518233,0.259616,-1.172639,-0.002758,0.529405,0.334936,-0.640228,-1.1463,1.192011,1.163634,-0.555348,1.260595,-0.4139,0.289881,-0.874166,-0.154117,-1.393112,0.277206,1.000979,-1.032628,1.852496,-0.691014,-0.275137,0.705068,0.275971,0.417891,-0.740931,-0.291456,0.617263,1.005214,-0.056065,-0.367752
CX11271,1.33348,0.472956,-0.219509,0.759124,-0.656051,-0.523102,0.49946,-1.012296,0.549046,-0.473276,0.049388,0.625513,-0.977696,-1.134645,0.486841,0.099695,-0.478222,0.511913,1.093659,-0.471872,1.100956,-0.681404,0.011474,-0.5694,-0.057537,0.893964,-0.611174,-0.209598,-0.784796,-0.451617,-1.332912,-0.172537,0.878938,-1.93125,-0.112842,1.286599,-0.318643,-0.76356,0.672308,1.661006,-0.80103,0.965415,0.0929,-0.968542,0.219192,-0.595265,-1.47493,-0.062305,1.342299,-0.106201,-0.206661,-1.426052,1.721018,-1.084322,1.926638,-2.545622,-0.911152,2.293662,-0.231797,-0.277215,0.259381,2.174302,1.752263,-0.632696,0.194389,-0.85293,-1.115797,0.445183,-1.282005,0.214041,0.038979,-1.103504,0.592386,-0.849259,-1.454312,0.592052,1.652382,-1.125391,-0.788706,0.214776,-1.110381,-1.307864,-0.424651,-0.676004,-0.466769,-0.1207,1.026767,-1.068227,-1.388635,0.00961,1.610249,-0.494731,1.856071,-1.534078,0.27267,-0.779416,-0.323712,0.203415,-0.700577,0.314526,-1.58906,0.190392,-0.098155,1.25819,-0.899577,-0.203937,-1.330639,-1.171331,-0.495367,1.651795,0.225776,-1.021409,0.45212,0.637719,0.421554,0.668679,-0.013588,-1.549369,0.567446,-1.159761,-0.798226,0.398793,-0.460956,0.854353,-0.073195,-1.081142,0.000251,0.08107,2.252264,-0.423274,0.557123,-3.333137,-0.812774,0.049913,-2.291942,0.186628,0.413866,-0.497106,0.330109,2.333354,-0.840331,0.638603,1.203975,-0.441455,1.958508,-1.07217,0.636577,0.230845,0.124081,2.117546,0.498041,1.480656,0.263338,-0.102369,-0.101506,1.008999,-1.631246,-0.364606,-0.454024,-0.963951,-0.649966,0.344341,-0.197642,0.763332,-0.383241,2.327237,-0.811544,-0.425647,0.82657,1.078922,0.125405,1.534442,-1.141392,1.430714,0.207436,-0.574864,1.219305,-1.345401,0.747697,0.008229,-1.951929,0.246955,-0.45508,-1.388995,-1.812736,-1.541298,-0.868976,-1.23925,-0.053067,-0.444384,-0.075375,-0.483244,1.054323,-1.620388,-1.507458,-0.322593,0.107889,0.577762,1.044825,0.441707,0.925849,-0.628213,-0.563619,-0.643724,-0.482652,-1.1641,-0.721189,0.751479,-0.746555,-0.230401,0.090803,0.086224,1.260715,0.873306,0.782765,0.200753,1.199131,-0.516673,-0.064145,0.495762,-1.149284,0.924693,-2.351372,-0.159616,0.849524,0.521293,0.356992,-0.135464,2.088897,-0.322712,0.273075,-1.885027,-0.842556,-0.310285,0.225926,0.37344,0.57743,-0.405219,-0.47908,0.305735,0.421172,0.366082,0.178723,-0.73977,0.439963,0.940777,-1.1121,-1.123925,-1.130494,-0.228061,0.077961,-0.066844,-0.018613,-1.113507,-0.316125,1.316409,0.212128,-0.375904,0.227082,-1.102386,0.289318,-0.237272,-1.77527,0.705098,0.890263,0.823735,-0.081911,0.225041,-0.788564,0.338371,1.335689,-1.142879,0.577221,0.600014,-1.079488,-1.453791,0.474424,-0.137939,-0.046605,-0.391814,0.345916,0.568663,-0.392228,0.392283,0.133173,-0.896771,0.8494,0.85559,0.563179,-0.465814,-0.137683,-0.155292,-0.353661,1.015518,-0.764435,0.163365,-0.19207,-0.267369,0.736074,-0.705168,0.283663,0.902744,0.112186,-0.999456,-0.0746,-0.774548,1.536272,-0.895723,0.464694,-0.705907,-0.231887,1.315264,-1.082776,0.484274,0.545577,0.543019,-0.804275,0.926677,0.106159,0.378614,-1.249173,-0.501137,-0.795912,-0.529361,-0.650007,-0.838281,1.390989,-0.400595,0.507575,1.274094,-0.759118,0.830699,-0.555508,-2.139245,-0.481405,-2.173495,0.916349,-0.482647,1.453851
CX11276,-0.315351,-1.441627,-0.258909,-0.09367,0.48578,0.221933,-0.594928,-1.323132,0.02997,0.458505,0.224778,-1.057383,-0.640628,-0.828387,1.27133,-0.313902,0.108708,-0.356662,-0.135478,1.247152,-0.398802,1.615601,-0.334251,-1.263326,0.98784,-0.156841,0.167619,0.162241,-1.882881,-0.585595,-0.453012,0.649195,0.746467,-0.780538,0.068088,-0.825026,-0.54015,1.169485,0.553175,1.211637,0.551103,0.848464,-1.073152,0.797049,0.174706,0.226688,0.44859,-0.52822,-1.163765,1.790611,1.10533,-0.183469,-0.877029,0.846235,3.122995,0.740657,0.816207,0.85767,0.392767,2.152149,0.939965,0.779508,0.684577,-0.501307,-0.603763,-0.19364,-1.873076,0.43515,0.352389,0.963422,1.019611,-1.188507,-2.32778,1.629022,0.015084,-0.090773,-0.590759,-0.364336,-0.252999,-1.486724,-0.322593,0.510922,0.338336,-1.904625,-0.822936,0.133428,-0.50341,-0.956635,0.850928,-0.587877,-0.238739,2.137677,-2.434158,0.863234,-1.259081,0.254913,-1.396085,-0.664198,-0.47883,-0.356827,0.710247,1.076227,-0.512566,-1.889834,1.468186,-1.381685,-0.870822,-0.509031,-0.544191,0.484528,0.42693,-0.97657,-1.584903,0.468982,-0.922235,-0.766406,0.008647,0.047436,-1.343897,-1.587317,0.675452,-0.722731,0.571084,-0.784798,0.452037,-0.576987,0.780958,0.111214,-0.231674,-0.171037,1.044611,1.029458,0.244682,0.205497,1.816536,-0.28393,0.726899,0.158397,-0.250675,0.682034,1.04322,-0.800664,1.156465,0.146875,0.503301,0.72477,-1.076229,-0.437025,0.870083,-0.920054,-0.121683,1.604817,0.833907,-0.835353,-1.399549,1.008316,1.519676,-1.07074,-1.795421,-2.08268,-0.829642,-0.54655,-0.773557,0.142337,0.044532,-0.867857,-0.260096,-1.381921,-0.294729,-0.512484,-0.741562,-1.657922,-0.639485,0.490367,-1.143692,-0.262529,-0.983857,-1.299131,-2.277771,-0.312781,-0.177813,-2.469899,2.225029,-1.88329,-0.585553,-1.473481,0.040713,0.722312,-0.976759,-0.219554,-0.160861,-0.796054,-1.978451,-0.100722,-1.868921,-1.28388,1.812668,-1.753704,0.77918,-1.049512,1.005486,0.319944,0.612184,-1.599032,-0.323985,-0.115382,1.506542,-0.311743,-0.22247,-1.051008,0.623709,0.5807,1.45139,0.95067,-1.148507,-0.112023,0.82962,-1.222388,-0.868023,0.262453,1.113433,-0.789181,-1.410965,-1.554106,-1.140301,-1.446812,0.998706,-0.108532,-0.136759,-0.194917,-0.348619,-0.711339,-0.322807,0.664435,0.153882,-0.901451,-1.751262,-0.88574,0.325533,-0.540739,0.119014,-0.88826,-1.60825,-0.387206,-1.459381,0.703068,0.629459,1.560593,0.028727,-0.854202,-0.509216,0.004411,2.615667,0.654208,-0.779175,0.089126,-0.637339,0.334276,-0.94985,-0.703855,-0.102511,0.911762,-1.062926,1.192241,-0.882259,-0.641759,-0.122254,1.880037,-0.8632,0.235676,0.89419,1.189185,-1.070248,-0.35774,-0.459458,0.642608,0.033456,-1.173345,-0.230371,0.748214,-0.472553,0.898241,0.94717,0.422562,2.10304,0.887218,1.143188,0.232146,-1.573253,0.321496,1.158707,-0.695865,0.068313,1.95775,-0.32023,-1.023189,-0.588758,0.252229,-1.059248,-0.902871,1.47978,-1.063397,-0.546714,-1.405314,-0.144666,0.767942,0.790811,-0.498809,1.076354,0.821316,-0.227379,-1.176726,0.75772,0.360066,0.708862,-0.788311,-0.782197,0.494965,-2.38406,-0.433537,-0.469066,-0.830437,-1.08226,0.302062,1.036598,0.73901,0.420561,1.671357,1.243431,0.221119,1.095646,0.962064,0.26566,-0.120971,2.142655,1.989259,-1.803703,-0.407916,-0.164787
CX11285,0.237986,0.262865,0.416276,-0.416546,-0.467372,0.374441,-0.098303,0.629762,-1.829613,1.151362,-0.968077,-0.25455,0.379677,0.120064,-0.403685,-0.232462,-1.075777,0.419822,-0.354093,-0.040842,-0.41097,-1.431612,-2.204398,0.537702,1.01056,0.430731,-0.672213,0.69725,0.284081,1.341582,1.223831,-1.843845,0.356075,-1.26676,0.125456,-1.551493,0.254789,-0.006694,-0.56515,-1.28566,0.415739,0.466696,0.220318,-1.229652,0.111547,-0.69816,-0.032342,1.10707,0.590736,-1.369849,-1.165708,-0.754987,-0.085656,0.622576,-0.723287,1.045119,-1.816747,0.461392,0.57753,-0.785792,-0.181324,-0.314297,-0.401296,0.937981,-1.33975,-1.010608,-0.286236,0.787954,-0.083508,-1.872298,-0.296635,-1.613376,0.341693,-0.389105,0.820527,0.24159,-0.576593,-0.15306,-1.246621,0.410818,0.257766,-1.810008,0.041111,1.366924,-1.245665,0.073001,0.375824,0.295129,-1.498256,-0.570306,-0.078739,-1.176516,-1.245659,1.317015,0.647143,-0.496855,-0.21749,-0.578154,0.43325,0.466706,-1.361166,-0.770324,-0.727262,0.841395,-0.717682,-2.164336,-1.873272,-0.606017,0.601286,0.143211,-1.137314,-0.184018,-1.730368,0.756806,-0.046641,-0.62941,0.901631,-1.19991,0.774251,0.592398,-0.938255,-0.645971,0.256946,-1.280214,1.342402,-0.734542,1.361356,-0.219329,-0.485571,1.914509,-0.078083,1.730678,1.275157,0.836095,0.332476,-0.586945,-0.705881,0.006951,-0.025749,0.912418,0.246514,-0.847254,0.385477,-0.615509,-0.767342,-1.345923,0.395412,-1.587885,-0.894858,1.199979,-1.462638,-0.218493,0.080215,-0.244695,-0.457167,0.361975,0.401215,0.817923,-0.847807,2.681669,3.203851,0.778949,-0.649327,-1.627914,0.448809,-1.721382,0.358919,-1.129193,0.092937,-0.544896,-0.58411,-0.318323,-1.318291,0.823592,-0.591401,-0.177532,-1.613193,-0.029058,-0.440187,0.027168,-0.032019,-0.114866,-0.335397,0.568381,1.36444,0.563313,0.593888,-0.458165,0.320568,-1.691523,-1.509275,0.032396,-1.48168,0.281132,1.047429,0.666228,-1.065406,-0.205599,-1.349876,-1.170698,1.342297,-2.304912,-2.370581,-1.879381,0.314897,-0.53805,-1.48839,-2.276529,0.571707,-0.355359,0.027849,-2.212722,0.177653,-1.922366,-0.439731,0.231945,0.972959,-0.44832,-0.614948,-1.391132,0.197756,0.125291,0.297141,-0.579149,-0.365594,1.578183,0.023313,-1.6873,0.609396,-0.094203,-0.379875,0.685105,1.147648,0.815037,0.329378,-1.6665,-0.534707,-0.276582,0.516118,-0.621853,0.403895,0.176668,-2.024107,-0.556554,-0.009799,-0.246857,0.360354,-0.13734,0.153883,0.215465,0.220172,0.076224,0.341217,-0.161846,0.684554,0.589943,-0.86483,-1.070179,-0.95875,-0.45301,-0.622311,0.091077,-0.982848,-0.483678,-1.126254,1.383952,-2.167525,-0.546721,-0.42827,-1.100569,0.911369,-0.529787,-1.727101,-0.199138,0.009684,-1.218794,-0.36021,-0.296338,1.025931,1.004184,-0.576285,-0.56455,0.604202,-0.844349,-0.106345,0.539678,1.819287,0.96736,0.826915,0.927525,-0.286507,-1.784242,-0.109669,-0.660756,0.707242,-0.371057,-0.972739,0.58231,-0.430398,0.978028,1.188455,1.286999,0.17708,0.992187,0.384005,1.534139,-0.62797,0.94253,-0.70052,-0.784449,-1.878816,-0.040901,-1.72184,-0.586026,-1.110581,0.627334,-0.402343,1.049486,0.296298,-1.846938,-0.996139,-1.229065,-0.157411,-0.058918,0.154507,-1.209781,-0.913957,0.052314,2.337533,-0.322491,-0.569019,0.022769,-0.224926,-0.158956,1.817321,-1.030924,-0.463839,0.295421,-0.118231
CX11307,-0.260089,-1.458491,-1.373918,-0.57709,1.479575,-0.102188,-1.340102,-0.884848,0.071713,-0.110039,2.330157,-1.112354,-0.187623,-0.815466,0.407346,0.448159,-1.146504,0.280211,-0.112798,-0.592257,-0.065633,0.200048,-0.483946,-0.081981,-0.54151,-0.628662,-0.611659,1.093807,-1.53522,-1.12997,0.399048,0.040479,-0.015266,0.765099,0.015347,1.088948,-1.117762,-0.784521,1.045442,-1.408222,1.310531,1.04124,-0.472186,-0.226625,-0.898785,0.332701,0.155211,-1.000842,-0.318848,-1.163422,1.002022,-0.50374,-0.299172,0.963848,1.097202,0.807348,0.562946,0.366097,1.726657,1.367029,0.426221,1.183238,0.557355,-1.136672,0.065464,0.329919,-0.949856,-0.703263,-0.747768,-0.147138,-0.650958,-1.305215,-0.275757,-0.069212,-0.738605,1.650627,-0.173289,-1.114426,0.494228,0.813097,0.511467,0.98759,-2.130527,-1.606549,0.454105,0.316996,-1.095871,-0.71444,-0.06485,-0.308158,0.917143,1.675972,-1.223498,-0.194894,-0.564426,0.523216,-0.821432,0.370357,-1.010729,-0.27711,0.455984,1.469239,-1.949014,-1.529812,-0.162561,0.036258,-0.983473,-0.351416,1.445983,-0.095594,0.828724,0.980413,1.091302,0.104248,1.156925,-1.231288,-0.293873,-1.293884,-1.052843,-0.622488,-0.884471,1.595562,-1.333792,-0.99558,-1.325702,-0.496677,1.201083,1.881155,0.40547,1.196802,0.465355,1.654257,1.235398,-0.018715,1.36292,-0.728505,0.398781,2.00307,0.586972,0.001526,-1.240914,0.850068,0.38667,1.868316,-1.167049,1.095243,1.045783,-0.188363,-0.513965,0.13169,0.738781,1.319636,0.120366,-0.098077,0.419641,-1.309608,-0.208606,0.182987,-0.181242,1.104222,-1.06339,0.707253,-0.402165,-0.595355,-1.951788,0.1477,-0.152195,-0.24357,0.364905,-0.846717,-0.30712,0.569692,-0.347877,-1.366078,-0.038017,0.105167,1.267558,-0.97202,-0.634383,0.116779,-0.841683,-0.165602,-1.506204,-0.275679,-1.786348,-1.730662,0.862724,0.116307,-1.476375,-1.456636,-0.628073,-0.703359,-0.02356,0.838398,-1.143023,-0.460194,-0.085073,-0.01598,-0.453796,-0.993526,-0.042768,-2.163809,1.430253,0.489713,-0.092281,0.316046,-1.601781,-0.649127,0.750902,-0.292696,0.881499,-0.505107,0.265153,0.666847,0.599256,1.183772,-1.137369,-1.551833,-0.637286,1.746923,-0.056358,0.433526,-1.509986,-1.260777,-1.611794,0.631214,0.406615,-0.803392,-0.379987,0.926438,-0.817624,-0.234661,-0.413258,-0.225199,0.486172,-1.565623,1.792325,0.690633,-0.273615,-0.198401,2.262359,1.511097,0.849466,2.243596,0.085712,0.441999,-0.330641,-0.060247,-1.228493,1.15332,1.265815,1.305469,-1.103595,-1.485338,-1.667911,0.008263,0.386661,-0.698917,-0.929928,0.331836,-0.152542,0.029078,0.065378,1.144617,-0.129704,-1.192304,0.874256,0.42342,-0.301755,2.445403,0.232191,-0.48317,-0.150011,-1.081607,-0.80998,-0.568194,-0.247799,-2.252271,-0.602241,-0.012064,-1.004909,1.342725,-1.456975,0.164848,1.603374,-1.050225,-0.674974,-0.763429,-1.762505,-0.267755,-1.328265,-0.649818,-1.491606,-0.478412,-0.166072,-0.47815,0.025727,-0.244892,-1.25707,-1.773433,-0.174043,-0.096404,0.997085,-0.027604,0.319118,-1.553861,-1.877435,-0.742201,-0.324988,-1.110929,-1.228452,-0.827855,0.382573,-0.73607,-1.791235,-0.63227,-1.845642,0.15682,-0.692135,-1.081158,0.347834,0.005899,0.089957,0.664066,1.053185,0.284108,-0.084772,-1.570209,1.604333,1.401002,0.013864,0.886892,0.42762,0.004211,0.214869,-1.106541,-2.604157,0.620374,-0.118783
DL200,-1.752987,-0.304567,0.965396,0.571767,-0.100674,1.149733,0.606947,1.260132,0.151471,0.507385,0.784079,0.054592,0.074551,-0.975346,0.331989,-0.726761,-1.126532,-1.329333,-0.35166,0.420452,-0.617233,-1.07649,0.206763,-0.252749,1.125728,-2.008893,0.921396,0.81932,-1.28908,-2.358525,0.286932,0.638187,-0.042146,-1.086164,-0.755378,0.435464,1.900497,-0.823776,-0.509262,-0.10929,-2.536618,0.454964,0.589959,-0.361287,0.053314,0.206526,-1.188621,-1.287595,-1.325842,-0.278038,-0.322591,-0.913604,0.256218,-0.361174,-0.321297,-1.429226,0.206646,-0.723565,-1.635791,0.45282,0.64673,-0.13056,-0.586591,1.20375,-0.712729,-0.343899,0.164844,0.432098,0.197426,0.228901,1.00758,-0.499774,0.344501,-2.245671,-0.742759,0.090878,0.041163,-1.242084,-0.397451,-0.279159,1.62133,0.232036,1.571737,0.926356,0.891818,1.47046,0.180875,-0.292167,0.095243,-1.235135,-1.464832,0.341323,-0.897918,-1.029265,-0.113005,0.147772,-0.739512,1.137902,-0.145961,-0.163933,0.235012,2.112958,-0.952275,1.382587,0.196067,-0.234371,0.701516,-0.18129,-0.732808,0.818902,0.305642,-0.166568,-0.231478,1.081081,0.746842,-0.049861,-0.848304,-0.091233,-0.994521,0.780707,0.037785,0.815348,-0.668352,-0.125804,-0.347634,0.421693,1.523698,1.220289,2.215856,0.56503,0.027919,-0.821568,0.513273,-0.227627,1.129525,0.517601,-0.103708,0.537975,0.876138,-1.911594,0.990281,1.423979,0.985084,1.070715,0.093986,-0.353424,-0.372132,-1.280906,0.947643,0.753823,-1.386419,-0.870316,-1.219758,0.928416,0.25825,-0.398925,0.596805,0.539671,1.016659,-0.955058,-0.144905,-0.891923,1.058496,0.781931,0.980976,-0.040985,0.788482,-0.715619,-0.51085,-0.19538,0.153136,0.246743,-0.809368,0.028359,0.689144,0.326029,-0.833275,0.268934,-1.507869,0.150804,0.648852,0.117581,-0.699196,-0.142249,0.299542,0.472353,-0.415104,-0.081668,0.682293,-1.708388,-0.584993,0.786372,0.365003,0.030119,0.256579,0.294646,-0.331999,-0.367443,-1.94699,0.485937,-1.472828,0.822587,0.848845,-1.37272,0.699022,-0.430602,-1.164084,0.711836,1.099857,1.130455,-0.493194,-0.66373,0.237651,-0.097077,-2.039726,1.311397,-0.023131,-0.662278,1.917222,-0.255544,0.128504,-0.361623,1.468578,2.551559,0.085392,-0.074417,-0.964865,0.801717,1.173316,-1.823538,0.145088,-0.676334,0.083042,-0.278701,1.818067,0.701051,1.362116,0.006027,-0.373108,2.004511,1.412918,0.182192,1.834563,-0.661229,-0.592528,0.604929,0.266219,-0.475913,-0.322333,-1.783451,0.255546,-1.42314,-1.035175,0.6813,0.860218,0.445849,-0.132575,-0.221862,-0.742355,-1.464667,-0.372931,0.586346,1.3403,-0.552032,0.828203,0.187192,0.073265,0.21361,-0.106125,-0.276763,1.260433,0.823332,-0.771144,-1.450802,-0.917991,-0.607521,0.766176,0.755115,-0.499019,-2.078048,-2.674867,-0.090562,-1.357727,0.789853,0.872062,-0.592047,-1.003226,0.696402,-2.348051,0.221542,-1.108364,-0.618074,-0.284232,-1.163435,-1.267118,-0.33962,-0.352784,0.121784,-0.478726,0.957859,-0.173881,2.346398,0.943272,1.655473,0.177425,0.848045,-1.905202,1.487122,0.694822,0.357236,2.504778,-0.14902,0.443612,0.101783,1.01905,0.309376,-0.793779,-1.470684,0.644206,-1.027673,0.513747,-0.427575,-0.993066,-0.599054,0.408503,1.367716,1.202098,1.26433,-0.711786,0.735366,1.327304,0.231284,0.988709,0.58209,1.423149,0.820017,0.13051,1.288933,-1.860805
DL226,-0.667584,-0.516867,-0.163794,-1.060209,0.667955,-0.183515,-1.545172,1.23536,0.323623,0.208484,-0.234069,-0.16268,-1.384018,-1.255523,-0.846435,-1.659662,-0.340593,0.033139,-0.345451,-0.075516,1.420559,0.899787,0.42597,-1.35846,1.112031,-0.243173,1.016486,-1.957394,0.454364,0.301801,-2.75059,0.230588,1.503628,-0.563286,-0.716082,-0.947621,1.805099,-0.353191,0.061198,1.637759,2.19448,1.950637,1.957896,2.559701,1.322454,0.368002,-1.11308,-0.682221,-0.227649,-0.400267,0.214365,0.301044,-1.695954,0.991507,0.24423,0.230647,-0.711545,0.975877,0.30252,0.926538,0.607259,0.551359,0.220953,0.350512,0.337685,-0.229016,-0.775669,-2.106721,-1.082879,-0.18159,-0.363464,0.998075,0.141842,-1.691332,0.447249,0.096349,0.429523,0.943605,-0.141276,0.088694,-1.507716,-0.341738,-0.081893,-0.157883,0.669031,0.001941,-0.207096,0.564871,0.484679,0.900773,2.021692,1.075272,-0.491006,-1.081026,-0.108157,-0.031937,-0.921817,0.324347,-0.117588,0.570324,1.111758,0.447282,-0.141766,-0.460331,0.394189,-0.534916,0.531149,0.27708,-0.294466,0.412491,-0.71871,0.944252,0.766015,-0.201506,-0.322223,-1.714834,-1.062682,1.159232,0.810485,0.313649,2.665201,0.400052,-1.194257,2.093875,2.24494,1.256836,-0.000917,1.131221,-0.783274,-1.058441,-0.337556,-0.191637,-0.249555,1.294408,-0.732029,-0.551256,0.443189,-2.424646,-0.516072,-0.870533,0.517227,-0.754802,-0.639187,-0.687532,-0.500654,-1.738072,1.667284,-1.987719,-0.204384,-1.579126,-1.632759,1.492691,-0.204029,-0.951604,-0.633149,1.149163,1.212407,0.162045,1.551696,-0.088452,-0.180181,0.181824,-1.088369,-0.57913,0.670017,-0.662957,0.140312,-1.894317,-1.148525,0.106255,-0.620271,0.274578,0.622801,-0.494724,-1.645159,-0.45669,-0.717081,0.239211,-1.144439,-0.672133,2.252567,0.467331,1.225876,0.449713,1.110968,-0.488799,-0.837214,0.463658,0.699469,0.684322,-1.025041,0.163431,0.303756,-1.562727,-1.935831,-0.320193,-1.349121,-1.02046,-1.266205,-0.398899,1.754808,-0.571648,0.587858,-0.437845,-1.544805,0.979885,-0.378865,-0.922572,-0.347128,0.111108,-1.325286,-0.996336,0.072513,-0.203208,-0.93625,0.655058,-1.432504,-1.272036,-0.714021,-1.175741,1.996454,-0.378737,-1.726956,-0.669711,0.945649,-1.339972,-1.043,-0.122188,0.259916,-1.171368,-1.564474,-0.323967,0.259929,-0.861552,-0.587221,-0.076651,0.208175,0.378993,1.210608,-0.527122,-1.585624,-1.139239,-0.350613,0.352146,-0.483723,0.44622,0.46465,0.013251,-1.011876,-1.286671,0.23487,-0.102219,0.758729,-0.761167,-0.092022,0.535656,0.758514,-0.790991,-0.771516,-0.37617,-0.30274,0.661418,0.614836,2.029844,-0.338432,-1.911638,-1.501468,0.34764,0.094152,0.057684,2.549578,1.066886,0.146833,1.383961,1.04546,-0.39932,0.925113,1.247265,1.61997,-0.148308,0.566731,-0.453502,0.896771,0.237861,0.134284,-0.556531,-1.321847,-1.383357,0.050391,1.077313,-0.143663,2.314341,0.214218,1.531445,0.724055,1.59156,-0.231893,1.339991,0.203326,0.052364,0.170124,-1.368536,-0.306236,-1.316416,-0.602915,0.350854,-0.146016,1.022635,-0.989446,2.138425,-1.972632,-0.769854,0.088626,-1.591472,-0.199232,1.14271,-0.723421,0.01396,-1.137965,-1.148447,-0.244315,0.107435,0.889318,-0.873596,-1.284991,0.422263,0.270159,-1.049038,1.54673,-0.376311,-1.09148,0.504393,-0.408686,2.642761,2.022067,-0.459801,-1.844033,-0.437308,-0.077481
DL238,0.186111,0.054892,1.320422,1.344995,1.285635,0.503387,1.550239,0.519557,0.869491,-0.127422,1.181341,-0.076562,-0.570254,-1.370249,-0.916037,1.552967,0.494708,-1.971426,-1.237347,-0.58169,-0.081086,0.214682,0.082244,-0.885838,0.550616,0.629739,-0.806254,-0.639243,0.798642,1.014059,0.812991,2.021031,0.382308,1.328242,1.552358,0.568736,-0.231248,-0.990707,0.024862,-0.218865,-2.186645,-2.405178,0.810574,-0.234304,0.317482,0.460592,1.09608,1.382414,1.891692,-0.577995,-2.102569,-0.79139,0.477826,-0.927901,-0.527985,-0.010769,0.190301,1.695542,-0.255748,0.898273,-0.834302,-1.453622,-0.440123,-0.626584,-1.296381,-0.349931,0.614496,-1.819052,-1.11795,-0.61896,0.744891,0.873706,1.276952,-0.93722,-0.959224,1.790913,-1.760585,0.727457,0.395777,-0.152672,-0.99202,1.11643,1.60668,0.175033,0.413385,-0.541567,0.036896,0.304391,-0.456501,-0.969669,-0.267995,0.882126,-0.184745,0.065666,-0.115049,1.17338,0.438485,-0.214328,0.434481,-0.444321,-0.050599,0.745819,0.115772,0.304115,0.97631,-0.132458,0.130662,0.187362,0.805069,1.39443,0.047788,1.689101,2.2592,0.525345,-0.679166,1.089712,0.362487,0.305472,0.732119,-0.381504,0.145929,-1.540479,-0.848695,-0.335496,0.117927,-1.877202,-0.5109,0.595614,-0.496348,0.412689,-0.980461,-0.73256,1.413462,0.754188,1.471982,0.901293,0.413287,-1.183822,-0.039529,0.011103,-0.670736,-0.363374,0.807487,-0.524028,-0.517973,1.020503,0.912977,-0.952737,0.38449,0.208123,0.130095,1.836598,0.979311,-1.401791,-0.571727,-0.074993,0.336714,0.962944,0.063088,0.023457,0.239811,0.611227,1.087141,1.135726,0.608362,-0.15324,0.489218,0.52327,1.447764,0.626108,0.533784,-0.314036,-0.04762,0.686206,-0.164383,-0.685965,-0.63644,0.863366,-1.349933,-0.296501,0.624272,0.413911,-0.519518,0.636897,-0.464604,0.264965,-0.077597,-0.271018,-0.138893,-1.095608,0.053461,0.293242,-0.369858,-0.355457,-0.305892,-0.918055,-0.611247,0.048813,0.537749,0.378114,-0.202429,-0.387227,-0.366486,-0.783434,-1.624186,-0.692921,-2.152641,0.899915,-0.540849,-0.02619,0.968325,0.37133,0.238835,0.210005,2.604698,1.61218,-0.907529,-1.524079,-0.688727,-0.031071,0.416826,-1.083909,-0.604706,0.468571,-0.810136,-0.055611,0.550042,-0.58435,0.496868,0.465431,1.50597,0.387987,0.29671,0.202943,-0.882012,1.749909,0.515558,0.009046,-0.221262,0.254641,0.929514,-0.165036,-0.464388,-0.819039,-0.222827,-1.351897,-1.775648,1.398566,0.230799,-0.379415,-0.764519,-0.234851,-0.271542,0.018056,-1.336286,-1.191831,-0.145554,-1.260079,-0.404173,-0.469959,0.160088,0.334918,-0.114035,-0.874512,-0.75708,-0.46345,-0.681737,-0.268054,-0.568143,0.479867,1.303377,0.052396,1.673161,0.41099,-0.525382,-0.556843,-0.145828,-0.369079,0.806298,-0.527165,-0.267429,0.427689,-0.466838,-0.914721,0.51519,0.412266,-0.604392,0.284539,-0.591921,-0.300529,1.197887,0.430123,-0.121558,-0.341723,0.893091,0.068635,-0.048857,-1.04547,0.720359,-0.837784,1.227629,-0.348946,-0.997475,0.010714,1.342875,0.755477,1.769475,0.130437,0.689649,1.055568,-0.227058,0.798391,0.654885,-0.263201,0.252448,0.031452,0.928612,-1.146819,-1.895109,1.156856,1.918442,-0.182615,-0.513534,-0.846204,0.02485,-1.121095,0.042697,0.67739,0.285809,0.678696,-0.141435,-1.253138,0.668617,-1.985804,2.176414,-0.223095,-0.251508,-0.148098,1.108179
ECA189,-0.266303,-0.076599,0.901187,-0.359683,-2.738837,0.397407,-0.272859,-0.912652,-2.171135,0.164278,-0.597613,-0.589566,-1.029494,-0.858341,1.62415,0.260832,0.439563,-0.388413,-0.126592,-0.820892,0.759291,-0.577965,0.501182,0.275476,1.2486,-0.314335,-0.26331,-0.462031,0.878533,-0.300599,0.305096,-0.310366,-0.873178,0.793661,-0.819862,-0.149294,-0.327277,1.538745,1.057697,1.402308,0.326004,0.834498,3.02492,2.722445,0.514229,-0.470334,0.733829,1.568192,2.859574,0.329885,-0.642213,1.434383,1.575005,2.509171,-0.529317,2.165294,-0.288044,1.228735,1.236739,0.115625,2.201425,0.448335,0.463197,0.45207,0.340253,1.161301,-0.007184,0.227676,-1.031959,1.240236,-0.695304,-0.329315,-0.145548,0.075486,0.28723,-0.562561,-1.18484,-0.53774,0.338572,-0.971166,-1.653565,1.107789,-0.142006,-0.727453,-0.445329,-0.051962,-1.101916,0.406304,-0.190448,-1.34763,-0.404596,0.171505,1.33637,1.210323,-0.801269,1.496663,-1.467331,0.770732,-1.791471,0.504106,-0.634945,-0.510021,-0.942307,-0.453343,-0.881596,-0.974093,-0.51227,-0.483944,0.880028,-0.983133,-0.637426,-0.815656,-0.226425,-1.584523,-0.958617,-1.064817,-1.72343,0.874388,-0.918262,0.872503,0.768005,-0.126768,1.3774,-0.006955,-1.418376,0.314953,-0.077525,-0.662731,-0.52765,1.167313,-0.679647,0.24916,1.256634,-0.226504,2.416999,0.50052,0.02293,-1.081173,-2.154592,0.371672,-0.431799,-0.68087,1.812922,0.889803,0.200552,1.738213,0.826962,0.263275,1.746516,-0.152878,-1.006514,-0.611012,0.235069,0.154366,-1.114639,-0.442746,-1.278362,0.147215,-0.351945,0.61332,1.024695,2.998602,0.927228,0.019552,-0.48916,0.907329,0.365751,0.307099,-0.881399,1.19877,1.734781,0.173121,-0.10132,0.06985,-1.50344,0.358575,0.396965,-0.405376,0.537315,-0.754674,-0.262581,0.275455,-0.74228,0.700117,0.953781,0.538309,1.705837,0.231784,0.006684,0.764977,1.399478,0.797145,-0.776354,0.185856,-1.490629,-1.310952,0.068588,-1.47475,0.172785,-0.519037,1.047197,-1.296499,1.054123,-0.176373,-1.923267,-1.414584,0.262993,0.186695,1.130722,1.13139,-0.119744,0.813436,-1.258131,1.735268,0.943579,2.176413,1.468757,-0.364596,0.189689,2.836023,-0.415853,-1.99685,0.539993,0.870629,0.763977,-0.134976,1.343525,0.831752,-2.096188,0.474339,-0.18055,0.621568,-1.124794,0.216008,-0.692683,2.075798,-2.679687,0.712726,-0.593827,-1.136074,-1.242367,-0.17298,-0.406508,0.352984,-0.359743,-1.815125,-1.554051,-1.169427,-1.152359,-1.216066,-0.481341,-2.312551,-0.349795,-0.69585,-1.305016,-0.346777,-0.601102,-1.05641,-0.389992,-1.576676,-1.101344,0.834622,0.153112,0.942389,-1.459919,1.381705,1.502061,0.572986,1.432233,1.890766,2.082792,1.45246,0.427806,1.902558,1.322706,-0.600575,2.18961,0.439485,-0.041615,0.445054,-0.142068,0.84671,-3.012059,-0.964207,-0.587813,-1.578274,-0.090001,-1.033401,1.162003,-1.184308,-0.84998,-1.859578,0.819099,0.720073,-0.51174,-0.718971,-1.141099,-0.030345,0.154895,-0.557137,-0.700449,-0.814753,-0.646263,-2.190715,0.963582,-0.858715,-0.150241,1.324116,1.521909,-1.051616,0.158102,0.902657,-0.109026,-0.800164,-1.39214,0.752901,-0.331726,1.370535,0.90771,-0.438801,-0.038483,-0.613121,0.808754,-0.573211,0.40752,0.31439,-1.001773,0.804034,-0.369237,1.019976,0.306006,0.368772,-0.241646,-0.70472,-0.598147,-1.246006,0.143101,-2.290483,0.688233
ECA191,1.872001,-1.124054,0.824708,-0.927857,-0.100845,-0.942745,1.85698,0.687159,1.451363,0.930912,1.663041,-0.66542,-1.031472,1.441184,-0.925845,0.76244,-0.488414,-0.584893,0.286823,2.124236,0.317291,-0.531108,-0.018236,-1.027608,0.714962,-0.602277,0.544191,1.41543,0.287949,-0.335598,-1.222773,-0.344044,0.094847,0.248161,0.12592,0.433285,-0.788982,-0.802772,-1.07679,-0.635977,-0.416528,0.801079,-0.403167,0.856827,2.179211,2.13426,1.310918,0.059215,-0.322482,2.111028,2.831979,1.874126,2.056612,1.250917,-0.030811,-0.09947,0.753099,1.155785,-1.290091,0.940394,-0.548714,-0.874451,-0.950548,0.029844,0.851681,-0.18308,0.90213,-1.620061,-0.678807,1.049164,-0.615307,-0.61448,0.744013,-2.231898,1.300951,1.28853,1.536911,1.725284,2.791101,3.506245,1.390096,-0.512173,0.055838,-0.886517,1.057846,-0.672106,-0.446616,0.52236,0.686269,-0.750111,-0.945167,-0.474078,-0.186587,-1.141456,0.238359,-0.3557,-0.162978,-0.21103,1.173718,-0.887728,-0.381141,0.883703,0.720792,-1.733134,0.366552,-0.627556,0.00559,-1.045742,0.861257,0.285774,0.33671,0.584837,0.055096,-0.993221,-0.337406,-1.65202,-0.069691,-1.134645,0.601371,-0.724608,0.604982,0.078299,-0.302013,0.172681,-0.542231,0.617996,-0.716432,-0.989783,0.244219,0.963679,-0.212248,-0.115409,-2.1485,-0.655347,-1.078688,0.055207,-0.010309,0.665167,-0.75465,-1.104545,-0.207471,-0.543014,0.075246,-0.085087,0.454239,0.267692,0.561269,-1.107721,1.104746,1.15691,-0.82875,-0.841042,-0.683892,0.604022,-0.990595,1.643348,-0.488568,1.858284,0.434789,1.99769,1.129992,2.308959,-1.353287,-1.650271,-0.639524,0.064528,-1.20791,0.05768,-0.703213,0.516728,-0.278847,-0.275874,0.161344,1.330933,0.79371,1.115237,0.098475,0.869462,0.982634,1.180955,-0.823165,-1.469257,0.009303,-1.450099,-0.446357,-1.878529,-0.36088,-1.854737,-0.443463,-0.044599,-0.825211,-1.117904,0.176262,-0.47456,-1.529179,0.136223,-0.603438,-0.22415,-0.679167,2.622285,-0.58688,0.708699,0.024835,2.355815,1.193965,0.617145,0.539099,-0.434536,-1.202944,2.243361,-0.081046,0.150179,0.219875,-0.211191,-1.466211,-0.530942,0.244376,-0.238519,-0.720522,-0.137964,-0.461642,-0.035757,0.846863,-1.317666,-1.23903,-1.143928,0.014884,0.4895,0.976369,1.170606,-0.7272,0.728458,-0.377482,-0.73551,2.327951,1.362474,0.055206,1.29831,0.92202,0.091694,-1.291455,0.352233,0.5591,0.15051,0.308418,-0.068746,-0.139806,-1.29855,0.29663,-0.117378,-0.550082,0.435507,0.123578,0.405654,0.525263,0.748957,0.850139,0.587968,0.539991,0.095904,1.062184,2.181376,-1.432921,-0.782049,0.381901,2.315766,0.952497,1.862301,1.444953,0.93829,0.390512,2.081435,0.128914,1.495428,-0.982778,-0.38814,-1.290187,-0.513388,-0.01804,-0.910773,0.311793,-1.453082,0.530315,-0.556462,-0.476966,-1.385718,-0.767388,-1.815348,-1.208834,-1.491998,0.542662,2.00479,0.043753,-2.032492,1.127543,-0.935821,-0.674278,0.103895,-1.557688,0.669986,1.10256,0.914627,0.806287,1.246197,1.690071,0.88737,0.267495,0.078628,0.063096,0.325858,-1.741083,-0.003843,-1.195107,-0.222933,0.155451,-1.089273,0.568096,-1.187912,0.057224,-0.482993,-0.475585,-0.804165,-0.761193,-1.530605,0.575497,0.24673,-0.127887,1.450172,-0.304739,-1.705082,0.152015,-0.107478,-1.474626,-1.549868,-1.216745,-0.00782,0.203467,-0.771888,-0.849759
ECA348,0.661631,1.075463,-1.058609,-1.372832,-0.458786,0.257413,-0.7261,0.329065,-0.99666,0.395619,-0.372473,0.712264,-0.838858,-0.672691,0.754875,-0.348746,0.949559,0.439457,-0.472723,-0.869931,1.252127,0.622586,0.154301,0.291065,0.314895,-0.052056,-1.696353,0.467242,0.358286,1.721604,0.383274,1.515556,0.256637,1.450521,1.656807,1.357417,0.806485,-1.184999,0.268575,3.070178,1.090294,1.241948,2.821037,2.493602,2.515254,-0.170303,-0.090193,-1.419378,-1.185688,0.133461,0.079144,1.494148,0.551456,-0.36376,0.941072,0.175957,0.807206,-0.011167,2.600399,1.652307,0.081061,1.01347,2.605801,1.049552,-0.159041,0.087866,0.634892,-0.87226,-0.061606,0.823185,-0.384055,0.252654,-0.774402,-0.064416,-0.142745,-0.560369,-1.40538,-1.452412,-1.849002,-0.632251,0.268456,-2.070381,0.333646,0.233906,-0.53192,-0.760472,0.940813,0.152901,-0.123637,-0.123521,0.699626,1.122439,0.730291,0.007294,-0.570527,-0.043877,-0.296786,-0.195387,0.152442,-0.9777,0.622639,-1.59046,-0.284078,-0.300257,-0.272083,1.362739,0.275409,0.552136,-0.637123,0.218912,-0.826697,-1.043892,-2.421622,-0.218352,0.049468,1.042556,0.452736,0.573015,1.250467,-0.120779,2.004347,-0.066589,-0.118957,1.07162,1.925853,1.848618,1.231901,-0.448674,-0.139027,0.349689,-2.660733,0.248056,0.736288,0.268137,0.886576,-0.456933,0.969034,-0.56415,0.868311,0.286478,-0.216302,1.078947,-0.189935,-0.748127,0.656677,0.764033,-0.206265,1.457843,-0.128895,-0.684094,-0.293749,0.102108,0.867772,0.186112,-1.236363,2.564321,0.813452,0.158064,0.599916,1.294011,0.674505,-0.198417,0.581909,0.694922,0.922117,0.760093,1.934692,1.773573,0.432111,2.196265,0.084746,1.025885,1.830026,0.420445,-0.415661,0.030788,-1.323263,-0.234316,-0.974474,-1.070426,-0.084125,1.962529,0.156796,1.584971,-0.828854,0.331485,0.10757,-0.2969,0.507546,-0.130941,-0.490285,-0.125284,0.674204,-0.469953,-0.424357,-1.532601,-1.450626,-0.624854,0.464428,0.385439,0.7324,-0.898343,0.037875,0.661352,-1.125199,-0.120496,-0.365663,0.053963,0.041008,0.469878,-0.081043,-0.384601,0.833228,0.130661,-0.578715,-1.787213,-0.06908,-0.42624,-0.832325,-0.113872,0.142082,-0.243155,-0.535612,-1.1501,-0.248701,1.017878,-1.747784,0.035294,-0.631498,0.262355,-0.275617,0.081511,1.512255,-0.625634,1.661328,-1.063587,-0.741235,-1.049816,0.006738,-0.837775,-2.354914,-0.933785,0.415174,0.657581,0.300799,0.095365,0.558211,0.381479,1.933569,-0.018352,0.705083,0.621137,-1.450055,1.239036,-0.843961,-0.250764,-0.37487,-1.192698,-0.440167,0.165418,-1.472903,-1.455488,-0.646021,-1.535878,0.618681,-0.157735,-0.334442,-1.312512,-0.163661,-1.65259,0.113037,0.012208,0.834384,0.798004,3.020061,1.047481,0.450524,2.940436,0.553739,1.163311,1.254094,-1.347545,-0.028646,-2.278108,1.636971,-0.916595,-0.694709,-1.270211,-0.259634,-0.774505,-0.274604,-0.149715,0.534536,-1.129513,-0.27867,0.0988,-0.796058,-0.899273,1.221119,-0.744782,1.132083,-1.594496,2.016237,0.277523,0.292321,0.304768,0.967275,-0.43075,0.76579,-2.110037,0.462588,-1.16928,-1.721045,-1.106212,-0.07738,-0.02002,0.110013,-1.145026,0.511236,-0.621641,1.355851,-1.519904,-0.329961,-1.09913,1.05206,1.173331,1.174482,0.789478,-0.811994,0.585923,0.558179,-1.455604,0.002989,0.549683,-0.592748,2.394781,1.030438,-0.348178,-0.193126
ECA36,0.445334,-0.891129,1.787267,1.951253,1.313554,1.656505,3.267815,0.654092,1.088075,-0.447073,-2.235506,0.044423,-0.559469,-1.082609,-0.395453,-0.017798,-0.909402,0.021709,-1.00651,0.474709,-0.212081,-1.157296,-0.319946,0.96588,-1.712529,-0.244953,-0.576138,-0.124232,0.230737,-1.925503,0.044029,-0.406692,-1.405213,-0.803984,-0.664284,-0.153776,-2.271695,0.669282,-0.678309,-0.639537,-0.447814,-0.063268,-1.758763,-0.79748,-1.257616,-0.577633,-0.334104,0.395153,-0.925274,-1.486858,0.299871,-0.291099,-0.388377,0.122577,-0.349647,-0.60566,0.921737,-0.816546,0.225116,0.030971,0.008946,-0.668221,0.003433,0.424455,0.091315,1.255908,0.655956,0.790955,0.479127,2.071971,2.739809,1.540007,0.260909,1.275704,0.321378,1.787437,1.753299,1.590095,2.529117,2.311138,1.980566,1.159364,0.454896,-0.417183,1.560821,-2.448176,0.166034,2.037724,3.138927,1.361662,0.116696,2.058704,0.409711,0.20097,0.230748,1.037541,-0.35531,0.070046,0.030242,-1.487543,-0.860833,1.438076,0.726783,0.924665,0.171579,-1.077224,0.243909,-0.136322,0.599902,1.74021,1.430455,-0.309048,-0.670952,0.501755,0.022747,-0.906264,-0.457731,1.377406,-0.991366,0.601242,-1.033637,-0.256945,-0.326374,0.365078,0.641532,0.099486,0.308408,-0.252362,-0.44439,0.127252,-0.230803,-1.803025,-0.507185,-0.713296,-1.833411,-0.71361,1.222335,-0.06041,-1.612507,-1.010837,-0.22447,-1.236048,-2.140243,-0.019626,-1.761975,-0.527895,1.344433,-1.300693,0.437155,1.523376,0.300465,-1.5741,1.169733,0.018179,0.25671,-0.233657,0.459874,0.398185,1.08459,1.725117,2.674262,1.366478,-1.04276,-0.452761,-0.096948,0.721584,0.343661,-1.451697,0.811589,-1.497247,-2.015153,0.403402,0.778499,-0.232998,0.406124,1.090811,1.201634,0.740732,0.412526,2.075878,-1.005559,-1.7008,-1.132251,1.230149,-0.543015,0.046955,-1.179843,0.980303,-0.636659,-0.095154,0.281122,1.574506,0.894054,0.486454,0.600544,2.532226,1.530283,1.983457,-0.399646,0.214336,0.932318,0.549499,0.541818,0.339293,1.727577,0.181251,1.021109,-0.661958,-0.010087,0.120392,0.147349,-0.862595,-0.646499,-0.091881,-1.430144,0.481556,1.498985,-0.317333,1.608839,-0.08425,-0.389897,-0.931685,1.384511,0.874099,1.478225,-2.716789,1.050677,0.498836,0.891494,-0.619191,-1.138,-0.92684,-0.814537,-0.64269,0.588987,1.296071,1.223358,2.687188,-0.141298,0.212424,1.613675,1.070796,0.832719,-0.291273,0.21962,-0.912188,-0.840625,-0.826679,-0.075616,-1.175251,-0.218906,-0.011175,-0.842025,0.706509,0.447572,0.250389,2.072719,1.586314,1.45725,0.214296,0.503355,-0.085655,-0.148416,-1.275837,0.187092,-1.135885,0.504986,-0.183278,-0.41691,-0.430531,1.118863,-0.209481,-0.412989,1.921108,1.183731,0.096945,1.420859,-0.278039,2.566089,0.456494,-0.688259,-0.45787,0.549337,0.120168,-1.191874,0.415168,0.198307,1.422899,-0.559583,-1.106457,-0.653585,1.439574,0.329474,-0.449604,-0.538382,0.420671,-0.652872,1.186808,0.378696,-0.502246,0.987669,-0.378206,2.300408,-1.628853,-0.265949,0.043838,-0.764649,1.28698,-0.045027,-2.016674,0.407045,1.022221,0.26292,0.227534,-1.016509,0.681184,0.503332,-0.369487,0.951923,2.057472,0.825983,1.63735,0.149684,1.119027,-0.186682,-0.736978,-0.802046,0.316745,-0.902962,-0.050611,0.148393,-0.083481,0.23433,-1.191117,0.095005,-0.133479,0.887613,-0.884479,0.220714
ECA363,0.345107,0.23101,-1.453552,0.949013,-0.962598,0.961281,0.667861,0.043277,0.933406,-2.154516,1.327542,-0.210121,-0.183605,-1.344521,-1.182807,-1.850471,-0.435964,-0.61701,-1.503046,-0.212019,-2.437182,-0.895161,-1.230484,0.697929,0.447061,-1.008942,0.50054,-0.11871,-1.589473,-1.032592,-0.088522,0.989034,-1.069365,0.217507,-0.434341,-0.028492,-0.487613,0.509732,-1.260043,0.19664,-1.060398,0.361601,-0.726774,0.497345,-0.035026,-0.099376,-2.305027,-1.336494,0.977848,-0.327566,0.431616,-1.401282,-0.806316,-1.192168,0.224993,-0.091809,-0.573306,-0.775119,0.919842,2.254778,-0.829528,-0.480265,0.070578,-0.692443,1.259152,1.544448,2.073619,1.686385,0.722965,0.859665,2.365615,0.281774,0.348302,0.263982,2.931056,0.914233,1.528716,1.61609,1.732186,2.990076,1.116662,-0.866667,0.296853,-0.614896,1.156291,1.443706,2.021527,2.183408,2.397179,1.481104,0.093452,0.549243,0.403571,3.122995,1.271301,1.020214,2.646773,2.314115,1.697467,0.262483,0.410476,0.911104,-1.137819,0.601029,0.691778,-0.96586,-1.842911,-0.311449,-0.798525,-1.136695,-1.014556,0.678304,0.58964,-0.231219,-0.942724,-1.204989,0.088059,-0.229661,-0.120706,-0.103406,0.338699,-1.599245,1.540294,-1.567868,0.010407,0.209788,-0.59494,0.07227,-1.091197,1.41807,-1.395841,-0.448816,0.78655,-0.796151,-0.689719,0.532941,-1.175437,-0.869174,-1.001373,-0.669012,-0.279967,-1.756708,-1.489959,0.228143,-0.159953,0.342816,0.163382,0.258087,-2.285562,-0.654486,-0.73852,-0.664899,0.574772,-0.104523,1.257329,1.024199,0.713156,0.204397,-1.01317,0.818762,0.057187,0.427356,-1.450778,0.480867,-1.29703,0.807422,0.46137,-2.609968,-0.465482,-0.002781,-0.988811,-0.180599,-0.241292,0.583495,0.01895,2.323615,0.224574,1.518347,0.40645,0.606749,-1.097582,0.733198,0.049354,-1.314401,-1.767943,-0.720011,-0.493706,-0.457176,-0.511727,-0.214012,2.077228,-0.276208,-0.375535,-0.524729,0.830379,-0.714331,-0.730231,-0.46052,1.705674,-0.334154,-0.597393,-0.531885,0.277624,0.350487,1.113222,1.71608,-0.315593,-0.313818,-0.412918,-1.288834,-1.832605,-1.579117,-0.673106,-0.560085,0.635485,0.246807,-0.326066,0.863586,1.10343,0.470895,1.813187,0.373589,0.399149,-0.525951,0.295536,-0.213118,-0.001676,0.933796,0.727165,-1.350979,-0.140703,1.036444,1.118722,1.62384,-0.446501,0.597598,0.742198,0.19218,-0.918784,0.80415,0.262801,-0.112974,-0.834836,-0.531817,0.140898,-0.164141,-0.151267,0.288281,-0.738199,-0.720163,0.252919,0.578522,-0.183505,-2.018216,-0.449379,-0.359186,-0.31703,-0.05104,-0.919788,1.119632,-1.364443,-0.176965,1.057727,0.175807,1.447923,-0.560627,1.112435,1.153741,1.837835,2.894646,-0.613722,-0.693867,0.693087,-0.327582,0.38827,-0.047898,1.694254,0.841328,0.045061,0.748082,-1.259541,0.318698,-0.610116,0.957868,1.071201,1.020658,-0.965226,-1.128604,0.767017,-0.606479,-1.642913,-0.30784,-1.791712,-1.215883,1.376925,0.66247,1.597314,2.241752,1.140753,1.35783,1.42009,1.553626,1.903394,0.083361,-0.094481,0.76452,0.481747,-1.483027,-0.180392,0.295489,-0.494465,-0.531315,-1.684302,0.994279,0.576356,0.349669,-0.393322,-0.331991,-0.460051,-0.491729,-0.72203,0.459257,-0.727144,-0.507049,-0.377998,-0.25654,0.484979,0.715631,-0.640807,-0.123987,-1.079129,-1.148736,0.077369,-0.564647,-1.95297,0.404652,-0.368155,0.266507,-1.438051
ECA369,0.58693,-1.065719,-0.716491,0.629418,0.764031,-1.196068,0.133436,1.440382,-0.546953,-0.763486,1.103363,-2.847516,0.403558,-0.220259,-1.594143,0.197847,-0.610155,-0.301476,0.369957,-0.299256,1.163849,1.366529,1.320674,-0.191319,1.803849,2.812106,1.843787,0.851672,0.522182,0.989568,1.635076,2.575377,1.226007,1.435927,1.334595,2.004657,1.094965,1.054392,-0.149792,-0.461672,-1.235571,-0.159251,0.254909,-0.297995,-2.00236,-1.885292,1.036931,-0.107517,-0.421194,0.056061,0.113328,0.304068,0.928403,0.473304,-0.233639,0.400204,1.348178,2.68063,0.415724,0.7243,1.081124,0.143789,0.730626,0.560569,-0.118142,-0.689565,0.459831,-0.98969,1.326223,-0.291291,-0.002107,-1.541563,1.455102,1.638694,1.135967,2.057668,1.134264,1.035532,1.293011,1.770158,4.118438,0.66743,2.312873,-0.542245,1.370274,0.815257,1.248706,1.954509,1.599162,1.866375,-1.192569,-1.223558,-0.041546,-0.344427,0.534573,-0.571172,0.047474,-0.138924,0.549772,0.072806,0.106344,-1.202628,-0.948394,0.035746,-0.508106,0.355198,-0.770653,0.850864,-0.868036,1.078679,0.034675,1.60928,0.843746,2.829508,1.930009,0.202221,2.651534,-1.762467,-0.82819,-2.528976,-0.45986,0.239885,-0.709462,-0.486707,1.199848,-0.005318,-1.00571,0.213224,-0.264079,0.181217,0.974136,0.821938,0.124674,0.721031,0.060152,-0.464442,-0.955378,2.067769,0.209139,1.877736,1.936133,1.684842,1.665571,1.705409,0.873021,-0.580063,1.555429,-0.250405,1.240428,-0.769478,1.020347,-0.080909,0.381543,1.56648,0.380481,1.023071,0.097421,0.334385,-0.511763,1.24643,0.489188,-0.003493,0.72125,0.001427,-0.537052,-0.341774,-1.868674,-0.951006,-2.020783,0.025206,-1.228858,-0.303744,-0.388623,1.725671,1.252285,0.938568,-0.168778,1.060497,0.846965,1.759187,-0.80273,0.177475,-1.419661,-0.561427,0.608717,0.74763,0.02252,1.07663,1.633005,-0.272661,0.6225,-0.548955,-0.566818,-0.146255,-1.280977,-0.744071,-0.452742,0.721783,-1.218048,0.824727,-0.416887,1.394191,0.377137,1.237888,0.887891,1.795166,0.177016,-0.129857,0.099377,-0.173931,0.538853,2.141072,2.538452,1.725047,1.581062,1.613308,-2.513074,-0.3936,-0.194758,-0.143568,0.562673,-0.034474,-1.333933,0.893383,0.329354,1.127605,-0.661203,0.518617,1.162517,-1.507005,1.343271,-0.145385,-1.174993,-0.13824,0.607892,-0.356051,0.43266,0.499932,0.738609,0.714524,0.551814,0.592749,1.15962,1.070089,0.046797,-0.395256,-0.688884,0.225843,-2.555126,-0.015897,-1.275642,-0.093702,-1.303444,-0.099438,0.352267,0.907426,1.49409,2.109852,2.438213,-0.665472,0.375257,0.62223,1.579743,1.005987,0.423756,-0.574277,0.923813,-0.193481,1.429399,0.836629,-1.262901,-0.106777,0.696961,0.74424,-0.656297,-1.107363,1.264323,-0.199291,1.325443,0.647987,0.020334,-0.677896,2.011361,-0.13507,0.994743,1.029456,0.613599,-0.621188,1.496956,-0.617464,0.353905,1.596808,-1.228587,-0.051213,0.422231,-0.92075,0.623899,-0.490191,-0.631735,0.190284,-0.746258,0.332324,-0.22161,-1.112173,-0.072727,-0.08986,0.07226,0.914371,1.595417,1.807725,0.07007,0.755052,1.025361,1.262603,0.338919,0.387191,-1.584428,0.148401,-0.39658,-0.846232,0.373469,-0.715938,1.001739,-0.824467,1.161304,2.14302,-0.145,-0.260005,-0.423899,-1.259633,0.709622,-0.222928,-1.009869,-0.970852,-0.327298,1.298434,-1.248432,1.296147,1.70695
ECA372,1.258979,-0.037316,0.333789,2.830538,0.571261,0.797433,-0.536429,2.539099,1.462361,-0.017182,-0.739781,-1.158914,-0.646187,-0.438294,-1.28417,0.287467,0.03683,-0.056669,1.715565,-1.262543,-0.95523,0.496474,0.701797,-0.047497,-0.804293,-0.431338,-0.469836,1.432727,0.595865,0.699976,0.684461,0.283883,2.469288,-0.644249,2.891663,0.586582,1.974923,0.451598,-0.651097,0.715948,1.628829,0.746039,1.551095,1.978505,2.542686,0.29231,2.339694,0.116435,1.163275,2.041829,-0.210753,2.464108,1.203999,1.878419,-1.127563,1.216754,-0.17514,-0.563194,-0.514663,-0.461986,-1.176244,0.548285,-1.719278,-1.073976,-1.089868,-0.953165,0.822967,1.122398,0.413582,0.035674,1.202292,-0.669383,0.70202,-0.261123,-0.581125,0.267242,0.009692,0.614106,-1.715249,-0.266297,0.094387,-0.21563,0.495286,-2.804693,-1.129453,-0.95414,0.960854,-0.129135,-0.760739,-0.988108,0.524245,-0.531756,-1.007266,1.421434,-0.127315,-0.510316,0.793414,-0.792239,0.491451,-2.127965,-1.858688,-0.266171,-0.094752,1.267979,1.537907,-0.37838,-0.42427,-1.273665,-1.990326,-2.122392,-2.124339,-0.884221,-0.020211,0.438588,0.291995,-0.404629,-0.321287,0.32465,2.181648,0.075261,0.530538,1.212401,2.117735,0.858666,0.063422,1.750941,-0.782529,0.484601,0.259755,-0.080393,-1.239478,-0.127605,-0.449959,0.496975,0.340793,1.66314,-0.003259,0.513628,2.553174,-0.051746,0.343127,0.168426,1.406563,0.544914,-0.779437,-0.766462,0.156481,0.13136,-1.069194,-0.358757,-1.601047,-0.942092,-0.39452,-0.610156,0.927934,1.17016,1.213289,1.993821,-0.385613,2.191955,0.717375,1.324091,0.691564,0.650776,-1.278574,-0.407505,-0.356839,0.056505,1.032055,-0.596388,1.48755,0.22039,0.496147,-0.27229,-1.222656,-0.371679,0.33353,-1.832047,-0.850042,-1.010395,0.951441,1.623314,-0.237401,-2.924276,-0.226117,-1.874901,0.14558,-1.78748,-0.358564,1.258053,-0.173621,0.631315,-0.201512,1.642284,-0.161505,0.335298,-0.528422,-0.393901,-0.700439,-1.477332,0.169134,1.684467,-0.479756,1.557736,0.901186,0.812597,1.661751,0.146598,1.470509,0.130782,-0.439186,1.320355,0.951003,1.99377,0.872372,1.605525,1.451097,-0.349803,0.302854,0.605753,-0.224056,0.73519,1.79658,0.406872,1.346539,1.545806,-0.410787,-1.705598,-0.552075,-0.842903,-0.376478,-0.509932,-0.709348,-0.722754,-0.749112,-0.376512,-1.552777,-0.951571,-1.258168,-0.850574,0.4968,0.546858,-1.259914,-1.246008,-0.621015,0.592901,0.208437,1.104027,-0.459598,0.229572,-1.12909,0.07299,1.574736,-0.617713,-1.104971,-0.510203,-0.635176,0.442155,-0.58771,-0.305446,-1.117196,1.509797,-0.208068,-0.579489,0.642471,-0.005401,-0.077037,-0.148935,0.185182,-0.831819,0.806336,2.288315,0.487435,0.86684,0.366773,-0.597058,0.866544,0.758235,-0.724902,-1.149004,0.402812,0.756018,-1.403445,0.019816,-0.718161,-0.809563,-0.644862,-1.678246,-0.631119,0.050545,0.50379,-0.063488,0.85833,-1.406267,0.092424,0.107386,1.287531,-1.790279,1.717011,-0.159514,1.791776,-0.267002,0.208921,-1.032914,-0.558743,-0.768657,-0.443875,-0.481851,0.565586,0.118134,-1.091542,-2.150705,-0.593894,0.176113,-0.698643,-0.357064,-0.36796,-0.390717,0.040169,0.352431,-0.461106,0.141999,-0.867223,0.017168,0.76504,-0.880281,1.591041,0.298252,-0.778045,-0.828215,0.611765,-1.3434,-1.3462,0.831586,-1.452937,-0.168889,-1.012371,-1.932424,1.051273
ECA396,-0.146105,2.613343,0.425538,2.456186,0.440268,2.670559,1.810315,2.384104,2.373894,-2.418952,-1.354688,0.617671,-0.965739,0.140542,-1.987208,-0.833728,-1.348397,-0.915184,-0.473965,-1.350271,0.42455,-1.749462,2.035647,-0.153853,-0.240611,-1.442596,-1.020571,0.655198,0.547079,0.917848,-0.272448,-1.187032,1.11557,0.593718,-0.866919,1.912917,-0.152998,0.604041,-1.645348,-0.710131,-1.494405,-1.063159,-2.237866,-0.17144,-1.860349,0.002266,2.071944,0.380919,1.970683,-0.097035,0.92973,2.528222,2.642341,1.778722,-1.116141,0.221134,2.127107,-0.82805,0.302462,0.017621,-0.085737,0.234989,-0.77472,1.300289,-0.218467,0.853762,-0.748086,0.499932,-1.676368,-0.790206,-1.071673,-0.856947,1.787608,-0.087691,0.844405,0.156403,0.903283,1.569735,2.721658,2.5495,3.407106,0.368426,-0.14189,-0.911259,0.281467,-0.186827,1.35859,-1.048467,-0.834469,-1.260457,0.702093,-0.514732,0.88699,0.048149,-0.655422,0.897117,0.960642,-0.481859,0.359313,0.727439,-1.008797,0.017685,-0.432932,-1.399977,0.212055,-0.823428,-0.641309,1.513503,-0.341808,0.192388,0.032926,1.348841,-2.349683,-0.218965,-0.361898,-1.479269,-1.099513,1.91175,-1.02737,-1.113069,-1.161825,1.197504,-0.535677,0.076593,-0.158479,0.32954,-0.856317,-0.533214,-0.248507,0.43617,-0.937191,0.932652,-1.22072,0.472788,-0.168993,-0.243213,-0.520024,-1.230765,-0.219849,-2.086974,0.527124,-0.881129,-1.324667,-1.222223,0.940226,1.103229,-0.85117,-0.829115,-1.968654,-1.501404,-0.436543,-0.887958,0.270169,-2.332372,0.748813,0.308708,-0.014537,2.384883,0.289003,-1.707728,-0.275632,0.020574,-0.034688,-0.62961,0.304608,1.055364,-0.442178,-1.59981,-1.144989,-0.460412,0.320965,1.550515,0.672811,-0.2112,1.341996,-0.533264,0.356698,0.520506,0.367644,1.004737,1.347095,-0.326715,-0.619668,-2.448456,0.567506,-0.387756,-0.365323,-0.814998,-2.029245,0.025842,0.721049,0.834893,-1.37219,-0.140888,0.508485,-2.526195,-0.210117,0.421633,0.722732,-0.539919,-0.705772,-1.890943,1.055467,1.814322,0.875366,1.107363,1.046665,-0.170692,-0.511025,0.295896,1.168928,0.537052,-0.60604,0.699884,0.028322,-1.79347,0.254307,-0.21267,-0.026588,-0.28749,-0.621617,1.340884,-0.064815,0.454504,0.705463,-1.667743,0.627228,0.4683,0.88049,-1.425087,-1.462991,0.202654,-1.340894,-1.275278,1.498954,-1.062607,0.018522,-0.529505,-0.173474,-1.223156,-1.408805,-1.134233,-0.032024,0.56956,1.506421,0.991571,0.258039,1.241981,0.889148,1.103872,0.972982,0.60153,-0.379859,-1.690403,-0.062202,-1.985751,0.722695,0.152327,1.31779,-0.145439,0.272801,-0.843371,1.074727,1.385663,1.597553,0.851307,-0.937376,1.420251,2.094107,0.91485,0.418665,-1.086588,-0.763663,-0.210747,-0.078941,0.466718,-0.011032,0.120254,2.567498,-1.140437,0.589316,2.258077,0.152729,-2.074466,0.672703,-0.344501,0.690947,-0.624177,1.316967,0.773403,0.196497,1.262991,-0.564187,0.237204,2.548554,0.286606,2.009514,3.22796,0.940444,0.851989,1.299099,-1.284151,-0.264922,1.025111,0.477367,-0.341146,-1.729556,1.096951,0.296234,0.081936,0.771746,-0.903127,0.366843,-1.090125,-0.421151,0.622944,0.132186,0.149302,-0.629987,-0.552155,2.244887,-0.06191,0.893546,1.023597,-1.078895,1.162177,0.894028,-0.52705,1.285445,0.198038,0.189624,-1.089289,2.396103,-1.222345,0.06479,0.098748,-0.826049,-1.544295,-0.667255
ED3017,-0.997583,-0.00721,0.887208,0.515359,-1.45722,-0.836213,0.33725,-0.763553,0.592708,2.130819,-1.764736,-0.401747,1.30639,-0.338577,-0.979527,-0.52594,0.78048,-0.676257,-0.548987,-1.276672,-0.901385,-0.011895,-0.643488,0.659475,-0.934458,-1.299534,0.40154,-2.215531,-0.22066,-0.807316,0.71359,0.896447,-1.255005,0.192693,-0.710422,-1.253878,0.30627,0.033511,-1.784418,-1.828762,0.374405,-2.055824,-0.459736,0.562652,-0.370661,2.345289,0.16407,0.407799,-0.727496,1.5621,0.123737,-0.829809,-0.507115,0.48892,0.51687,-0.730767,-0.37195,-0.295373,1.04948,-1.445473,-2.183096,-1.036804,-0.3624,-1.010851,0.099855,-0.100955,-0.356037,-0.971078,-0.700545,-1.445586,-0.696573,-0.844753,0.966215,1.402057,-0.295903,-1.000355,-0.369127,1.416833,-0.855502,0.361622,1.194857,-0.800386,0.944093,-0.307939,-0.319012,0.24565,-0.210404,0.766159,0.821487,-1.792138,-0.897843,-1.040532,0.335022,0.440619,-0.426172,-0.242432,0.121628,-0.730303,-0.059186,-0.668007,-0.07957,1.259339,1.119049,-0.682989,1.407768,1.221369,0.121478,-0.630415,-0.055106,-0.215625,1.232961,0.208477,-0.210843,-0.047447,-0.501452,1.682113,1.2742,-0.047417,-1.186416,0.41573,-0.5753,-1.272118,-0.563602,-0.806171,-0.926951,-1.033287,-0.062498,-1.577914,-0.473948,-1.543119,1.133709,-1.251604,-1.291465,-0.272673,0.432628,0.098233,1.444708,-0.762331,-0.881811,-1.546435,0.944442,0.386737,0.386485,1.724208,-0.511565,0.027349,1.534496,0.291061,0.02483,1.8404,0.919758,-0.148765,-0.236992,0.578535,-1.562952,0.580307,0.697547,1.207925,0.442452,-0.257503,-0.508917,-0.945949,-0.365103,1.065706,-0.374605,-0.661272,0.265572,1.358453,1.333338,0.398119,0.372278,-0.957907,-0.358825,0.458578,-0.504782,-1.072937,-0.571589,0.055039,-1.281532,-1.211681,0.468788,-0.218535,0.894654,-0.302414,-1.498199,-1.488797,-1.280468,-1.677047,-1.416028,1.449838,-1.345905,0.518066,-0.389443,0.147546,-0.333863,-0.81472,0.349222,-1.518608,-1.242181,-0.19853,-0.538759,0.363399,0.387578,-0.009427,0.152584,0.774222,-1.473404,-0.059526,0.706194,0.133545,0.866737,-0.585701,-0.34262,0.033964,0.0195,0.131982,-1.884479,1.599723,1.155429,0.137263,-1.426311,-0.284953,0.169277,0.664038,-1.449113,-0.205134,-0.753089,1.177639,1.001417,-0.591422,-1.815385,0.085878,0.080599,-0.126663,-0.39496,-0.174221,-0.71569,0.887991,-0.535899,-0.281551,0.761538,-0.653863,0.056459,0.140634,0.042156,-1.487931,0.360646,-1.608755,0.079388,-0.708212,-0.723396,-1.687539,-0.494121,-0.433164,-0.828976,-1.193184,-0.687316,0.549161,0.69753,-0.463068,0.79581,0.527771,0.599924,-0.117342,0.367638,0.442215,0.018335,0.914695,1.250759,0.665065,-0.295795,-0.389203,1.683005,0.679882,2.785568,1.787821,1.259082,1.737343,0.609567,1.276391,0.219622,-0.625074,0.143201,-0.728976,0.906617,1.708311,-0.841247,2.120696,0.136224,1.411031,1.525188,0.220494,-0.918673,2.225088,1.279258,0.440269,-0.607014,-0.669704,0.813094,0.239514,-0.287751,1.008856,-2.457587,-0.27375,-1.636183,-1.581343,-0.70573,-0.686298,-0.466093,0.481395,0.652661,-0.729758,0.340355,-1.11842,-1.894133,-1.690362,-0.817254,-0.162259,1.037282,1.278256,0.795739,0.621931,-0.017563,-2.131671,-0.917129,0.075744,0.585706,0.48086,-1.93379,-0.116956,1.138091,1.07253,-0.511655,0.284367,-0.701587,0.277454,-1.233308,0.15032,0.104668
ED3049,0.211936,-1.224853,-0.018752,0.246261,-1.367465,-2.36586,-0.93446,-0.227857,-0.873373,-1.431405,-0.251282,-1.100261,0.734677,0.692073,0.776327,1.001767,0.796578,-1.079873,2.731804,-1.35705,-0.108843,-1.245417,-0.19651,0.185365,0.880325,0.158599,0.910994,-1.995874,-0.088668,-1.463769,-0.182642,0.375009,-0.113711,-0.577766,1.007679,-1.278031,-0.791816,-2.09401,-0.003022,-0.18567,-0.234517,-0.255828,-0.435886,1.495414,-0.129494,1.550355,1.268319,0.600749,0.336657,-1.5658,1.170097,-0.716707,0.919506,-0.375981,-0.115871,-0.202236,-0.564173,0.89863,1.467455,-0.344593,-0.308213,0.48501,0.455147,-1.286342,0.437062,1.437103,0.426524,0.61228,1.259775,-1.708217,0.175936,-0.394117,0.325309,-0.537634,0.062051,-0.817169,-0.1461,-1.18714,-1.423505,-0.130882,1.268455,1.159969,0.909082,0.547876,0.458911,-1.031871,-0.529662,-0.468493,0.139644,-0.484297,1.124324,-0.943519,-2.14993,0.512122,-0.452537,0.938336,-1.133,0.078251,-0.01942,-1.049686,0.341531,0.311117,0.864876,1.034314,-0.055251,0.927099,0.059354,0.138325,-1.805902,-1.256092,-0.064469,-0.297567,1.276303,-1.134641,0.414782,2.502289,-0.789929,0.759643,-0.043929,-0.175845,-0.025057,-0.366669,1.664905,1.858351,-0.439644,0.682094,-0.215499,0.08208,-0.009884,0.580552,-1.623163,1.072361,-1.144951,0.096333,-1.47179,0.010606,0.562344,-1.035979,0.390504,-1.351714,-0.565387,2.301383,0.884167,-0.264634,1.632423,2.101237,-0.227126,-1.686134,-0.520187,0.500145,0.346844,-0.03827,-1.819514,-0.183716,0.137834,1.301753,0.517518,0.183683,0.692343,-1.706201,-1.453447,0.500781,1.439759,-0.619083,-0.131075,-1.692913,-0.299438,1.147782,0.547944,0.058829,-0.883769,0.136011,-0.162617,-0.778955,-0.478125,-0.235379,-1.337698,-0.712203,-0.49311,-0.701297,-0.939201,0.581207,-0.227098,-0.113167,-0.114291,1.072759,0.928161,2.015415,-0.362805,-1.609015,-1.469084,0.240982,-1.928779,-0.245009,-0.448327,-0.734988,-0.515916,0.058928,-1.292706,-0.262077,-1.156349,-0.826134,1.269429,-0.377909,0.340669,0.176372,-1.55476,0.38723,0.000211,0.260981,-0.743391,-0.607462,-1.108073,-0.674626,-1.501703,-0.298463,-0.871612,0.263044,0.499801,0.99056,2.26247,-2.397469,-0.025735,-0.645118,-0.506776,-1.382109,0.05896,0.183756,0.320602,1.136316,1.014618,0.109171,1.941305,-0.360317,0.712172,0.168801,-2.221579,-0.541613,-0.910991,0.293254,1.174317,0.617543,-0.290719,0.246584,-0.109907,0.07645,-0.390327,-0.832169,-1.500659,-0.352286,0.326853,0.946099,0.807128,-0.133682,1.262942,-0.765865,0.581381,-0.605445,-0.797948,0.65718,-2.383587,0.217311,0.06303,-0.264532,-0.54801,0.770758,1.731646,0.425759,0.276301,-0.116948,-0.730147,0.008202,-1.785313,0.949746,0.179152,-0.93203,0.198714,-0.484628,-0.364805,0.853233,-0.824888,0.564021,0.455496,0.795259,-0.046898,-0.177312,0.270374,-0.360066,-0.711796,2.377691,-0.234644,-1.091268,0.274895,0.480606,-0.322663,-1.633037,-1.506603,-0.946133,0.426741,-0.519966,1.238028,-0.945955,-1.664682,-0.236501,-1.421032,1.433964,-0.83966,1.534448,0.344473,0.249739,0.185137,0.775939,0.506114,0.524345,0.75874,-0.988498,-0.631037,-0.21292,-1.636542,1.815124,-2.573011,-0.353594,-0.568995,-0.554203,-0.180004,0.216452,-0.62581,0.375769,-0.341331,0.133317,-1.009516,0.004139,1.104023,1.274706,0.335264,0.920025,0.947204,1.240383,-0.562318
ED3052,0.667675,-1.555772,0.258849,-0.272157,-0.034855,0.662191,0.49292,0.28999,-0.473535,-1.115584,-1.764157,-0.430078,0.461801,0.559855,-0.693034,0.288747,0.630255,-1.289497,-1.136451,1.219347,0.115601,0.41023,-1.026288,-0.172856,1.600321,2.605676,-0.174404,-0.27486,-1.416264,0.619515,-1.350619,0.376171,1.536483,-0.074275,-1.461072,-0.343697,-0.634692,0.924703,0.088242,0.032506,0.479701,0.349101,-0.702663,0.256432,-0.337171,0.158257,0.762411,0.303608,0.314714,-0.079007,-1.583122,-0.887586,-0.60907,1.329431,1.435775,0.995596,1.318828,0.517223,-0.660452,-0.967371,0.934511,-2.530219,-0.87876,-1.990234,-0.187942,-0.915284,-0.499324,-0.385121,-0.977756,0.478981,-0.328991,-0.80518,0.210071,0.019195,-0.564565,-0.955497,-0.89557,0.222988,1.40277,-0.612943,-0.774737,0.861877,0.138678,-0.459175,0.990433,-0.68335,-0.027787,0.835847,-0.092682,-0.195661,0.553066,1.39719,0.783964,0.532985,-1.471371,1.053568,-1.317654,-0.255513,0.390288,0.076755,-1.114881,-1.933478,1.389365,-0.167319,-0.354205,-0.523256,-0.450181,1.305586,0.421651,0.734748,-1.2553,-1.222324,0.818784,-0.513085,1.05631,-0.470729,0.402623,0.518916,0.61614,0.073964,-0.980131,0.555649,0.983902,-0.934074,-1.371564,-0.74243,-0.248313,-0.967229,-1.153423,0.224364,-0.277404,-0.069862,-1.721418,0.020112,-0.425475,-0.094923,-0.17857,-0.521505,0.400538,-0.17337,1.143108,-0.844505,-0.244392,-1.675964,1.61279,1.054232,0.224397,-0.811011,-0.02529,-0.464521,0.25505,-0.054775,-0.88661,-0.506038,0.828451,-1.732225,0.051264,-0.297834,-0.621371,-0.593821,-0.7782,-0.848645,-0.005633,0.787515,0.17486,0.356213,0.125781,0.045249,0.146417,1.069682,1.864744,1.266579,1.704729,0.21024,0.432937,0.219121,0.117396,-0.168857,0.332798,-0.812233,0.226258,-1.06222,-2.33889,0.063044,0.617153,0.028665,1.02607,-0.257171,0.324215,0.493692,0.577588,-0.180429,-0.485,-0.054738,0.510084,-1.054634,-2.187269,-1.209621,0.477355,0.962428,-0.930379,0.097128,-0.971058,0.468265,-0.905368,-0.789047,0.014566,0.454919,1.07448,0.29323,-0.71558,-0.993689,-0.076525,-1.286527,0.157929,-0.194318,0.917105,-0.689439,-0.258693,-0.398934,0.323863,1.850773,0.810932,-0.257375,0.258225,2.332286,-0.963355,-0.414211,-1.199946,0.349676,0.382903,1.196954,0.580466,0.795534,-1.531833,0.24886,0.873361,0.953956,1.531405,0.878533,0.125578,0.534421,1.987841,0.157708,-0.802008,0.060807,-0.549879,-0.351598,0.208524,-0.75338,-0.887467,-1.394719,1.042256,-1.756594,-1.094192,-1.21041,1.42475,-0.314251,0.79184,1.543817,1.658641,0.344486,-1.346023,-0.137259,-0.606622,-0.483607,1.181159,-0.657596,-1.174735,-1.166165,1.175173,0.118754,-0.75747,1.511009,-0.069769,-0.062312,0.549812,0.189861,0.693213,1.788861,0.664977,-0.909436,1.079764,0.39934,1.539656,-1.391933,1.061941,1.929617,-0.20605,-1.363426,1.584761,-0.857907,0.4354,1.384487,0.21488,0.893694,-0.813001,1.951226,0.248468,1.457045,-0.279566,-0.659916,0.322858,-1.311135,-2.793584,-0.61915,-2.195025,1.71377,0.339467,-0.005678,-0.21752,0.931417,1.979601,0.719949,1.641882,0.828728,0.389678,-0.201909,0.220716,-0.596703,-0.336472,1.412995,1.81668,0.929118,0.811102,-1.708731,-0.525253,-0.740178,1.174102,-0.031981,0.104281,-0.428087,0.346286,-0.352285,-0.341548,1.778348,-0.151045,0.425304,0.673365
ED3077,-0.326135,0.397014,-0.229685,1.330533,0.364902,-0.602939,0.194725,-1.270149,0.078223,1.405596,-0.778598,-0.374526,1.383381,0.860867,1.497936,-0.300613,-0.138078,-0.56489,0.879012,0.396853,0.393369,2.190624,0.29029,0.708646,0.647234,2.397223,1.225629,0.441598,0.33161,1.336573,-1.012872,-1.080938,0.982313,-0.834687,0.606145,-0.222898,-0.342691,-0.851597,-0.163597,0.304772,-0.017552,-0.610646,-1.633961,-0.546355,-0.708858,-0.668296,0.258737,-1.494494,-0.106194,-0.859592,-2.614915,-1.349514,-0.001232,0.694554,0.256209,-1.37713,-0.398983,1.155244,0.006451,-0.097701,0.314953,-0.980011,0.589994,-0.097984,0.837408,-0.981346,0.231035,1.042017,-0.64882,-0.03858,-0.058794,-1.464309,-0.304044,-0.700144,-1.39438,-0.247959,0.430509,1.121429,-1.4978,-0.60016,-0.646638,0.214152,-1.811103,0.887875,-0.469642,-0.941846,-0.362364,0.441129,0.822066,-1.062497,1.270397,-0.213958,2.327778,0.581567,0.225119,-0.691488,-0.550051,1.00961,-0.486538,0.515633,0.322445,-0.27787,-0.664325,0.185322,-0.507725,1.15241,-0.626479,0.146246,-0.801809,-0.325391,-1.350238,-1.46153,0.161441,-0.193593,-0.278331,1.029363,-0.756578,-1.989178,-0.451867,0.570859,-0.512088,-0.06113,-0.366599,0.106277,-0.726639,0.548883,-0.900942,-0.995904,-0.805412,-0.21103,0.160907,-1.321987,-0.720572,-0.826275,-0.73773,0.10077,-0.166039,0.572262,-0.656808,0.144741,0.41485,-1.007038,-1.011076,-0.408251,-0.061295,0.502907,-1.02667,1.073762,0.123062,1.836295,1.785551,0.924398,-0.098361,1.607651,1.627663,-1.708601,-0.50549,-1.619739,0.333837,-1.604954,-0.158679,0.203314,0.491067,0.596772,1.518325,-0.189764,0.263082,0.676898,0.154772,-0.82415,-0.64023,-1.021654,-2.675456,-2.331625,0.133888,1.188098,0.727414,-0.275733,-0.046388,-1.740387,0.331677,0.747592,-1.043145,-1.065244,-2.865929,0.210995,-1.291029,-0.637809,-2.23294,-0.08043,-0.044528,-0.148314,-0.120791,0.203487,0.094496,0.161322,1.19048,-0.525114,-0.425941,-0.069401,-0.169965,0.205501,-2.219826,-1.460763,-0.669723,-0.426612,0.440005,-1.402709,-0.531476,0.622666,-1.029916,0.022174,-2.120836,-0.83412,0.549148,0.175202,-0.408222,1.930698,-0.007707,0.980306,1.120525,-1.681704,-1.382805,-0.320128,-0.951728,-1.150307,-1.941733,-0.32642,-0.492041,0.145814,0.219677,-0.723237,-2.105762,1.14686,-0.817643,-0.688227,0.166954,-0.487337,0.782106,-0.42937,-0.006324,-0.457946,-0.268309,0.18551,0.463434,-0.332217,0.181648,-1.835871,0.336459,-1.161652,0.141922,-1.432935,0.939338,-0.921517,1.033584,-0.372119,-0.039603,0.672895,0.131845,-1.983555,0.315975,0.072433,0.033457,0.191984,1.722876,-0.326131,-0.373455,1.377565,-0.08147,0.358039,0.157198,-0.310246,-1.215875,-1.158557,-1.679449,-0.415262,0.576663,0.182945,-0.40447,-1.390643,0.138216,-0.226904,-0.055842,-0.176958,-0.82648,-0.406858,-0.431896,0.658408,-0.06393,0.110048,-0.621956,-1.51985,-1.428275,-0.250804,0.369478,-0.91993,-0.228021,1.798844,1.293097,0.117333,0.46318,-0.419021,0.951597,0.869515,-0.04694,2.325518,0.069077,-0.584435,-1.582334,1.10239,-0.014225,1.860357,1.36921,1.075866,0.887422,-1.159162,-0.267758,-2.430279,-0.47707,-2.347876,-1.4854,-0.750557,-1.058795,-0.654103,-0.737334,0.861776,-0.960611,0.800257,0.155708,-0.015058,-0.087149,1.374932,-0.281593,-0.079509,-0.894721,-0.516182,-0.391874,-1.252215,-0.851486
EG4724,0.794682,-0.040792,-0.412066,0.442013,-1.935715,-0.612162,0.709468,-0.320583,0.932163,-2.106464,0.166918,-0.484215,-1.076658,0.132867,-0.30707,0.20691,0.759766,-0.202032,0.699923,1.758027,-0.613803,0.725387,1.063048,0.861411,-0.001342,-0.264264,1.288082,-1.549908,-1.945053,-0.193592,0.443674,-0.10219,0.573689,1.49824,-1.47766,0.018126,0.751119,2.147846,-0.498959,1.157591,-1.629102,0.397137,0.177206,-0.098857,0.519699,0.54045,0.813429,0.638222,1.295482,-0.817562,-1.385857,0.122508,-0.872037,-2.05126,-0.691992,0.10415,0.892442,0.19413,1.223144,-0.212758,1.194016,0.515814,1.260091,1.387442,-0.29771,-0.342915,0.72223,-1.031775,1.210547,-0.488638,-0.777507,-0.154138,-0.167561,-0.39209,0.332417,1.400485,-0.443864,1.290358,-0.281766,0.36497,0.39693,0.218353,-0.367238,1.159512,0.56468,-1.193872,0.337661,0.211294,-0.212962,0.001316,0.314845,-0.303985,0.166519,-1.206155,0.003146,0.43581,0.417275,0.051143,0.039179,-0.734426,-0.569529,0.669703,-1.996937,-0.050473,-0.010649,0.246926,-1.240204,1.242915,-1.262854,-0.707757,-0.63149,-0.185617,0.044339,0.428155,-0.472307,-1.360871,0.390268,-0.513311,-0.727417,-1.053846,-0.233329,-1.130977,0.235077,0.103925,-0.218255,-1.668313,1.486259,-2.13772,0.396105,0.496329,-0.516138,-0.450534,-0.94876,-0.869749,-1.518222,-0.470395,0.154825,-0.060285,-0.038781,0.010694,0.635591,-0.457659,0.189921,1.006825,0.176092,-0.665572,0.298824,-0.341409,0.978785,-1.046799,-0.765299,0.906761,-0.464182,-1.631501,1.475656,-0.140543,1.952012,-0.905811,-0.124041,-0.110021,-0.583184,-0.428969,-1.358854,-0.348637,0.944379,-0.466341,-1.083783,-0.879018,0.255524,1.2561,-0.192747,-1.302181,-0.405565,1.083148,0.244113,-1.03404,0.22872,-0.05448,1.258587,-0.441344,1.169001,2.054332,-1.202825,-0.716097,2.626054,0.28578,0.59577,-0.127013,0.512073,-0.290062,-1.358715,1.150393,-0.363182,1.698162,-1.558337,-0.023619,-0.536946,0.928342,0.700598,1.135175,-0.407362,-0.239652,-0.655611,-0.731814,-1.229563,-0.370871,-1.783397,0.824241,0.664823,-1.454424,0.969147,0.974506,0.124918,1.74717,1.452388,1.411262,1.253304,-0.557945,-0.523045,0.674633,1.826452,1.429352,0.440734,1.670532,0.907857,1.518229,0.745517,-0.231368,-1.542295,0.342621,1.186952,1.688862,0.590486,0.368021,1.139499,-1.29964,-0.975625,1.100507,-0.860214,0.34926,-1.170334,-0.780414,-1.734512,0.130698,1.222882,-1.266652,-1.183384,-0.555469,-0.523242,-0.70944,0.183048,0.135639,1.923166,0.316253,0.585786,-0.288954,0.723944,-0.967687,-0.006513,-0.898873,-1.410172,0.582157,1.335588,0.545844,-0.349031,0.730097,-0.444169,0.5587,1.521561,-0.660263,-0.103323,0.239318,-0.716616,0.076495,0.881665,-0.458301,-0.596858,-1.201555,-0.688464,-1.328346,-1.690081,-0.750455,-0.8527,1.015908,-1.01171,-0.892462,-0.46735,0.492757,0.205008,1.204253,-0.552626,0.852266,-0.026689,0.020072,0.880892,-0.245506,-0.288574,-0.583677,0.542291,-1.148338,1.479775,-1.892303,-0.048967,-0.408539,-1.59209,-1.874987,-1.13407,-0.880464,0.47019,-0.297285,-1.694806,0.366492,-2.555455,-1.475229,0.241492,-1.433713,-0.070133,1.041781,-0.880444,-0.36221,-0.891748,-0.019851,-1.056598,-0.24492,-1.701511,0.266933,-0.926984,0.633895,-1.086963,-0.278635,0.021587,-0.375665,-0.64865,-0.099882,-0.911447,-1.656139,0.093875,0.126074,-2.341428
EG4725,0.249758,-0.320531,0.554315,-1.159881,-0.970802,-1.290667,-0.741931,-0.074362,-0.265474,0.713629,0.835855,0.385595,1.70387,0.913093,-1.030528,-1.192641,0.274343,-1.313253,0.2828,1.172196,-0.271764,0.818645,0.820696,1.8655,0.682129,2.251582,1.923577,0.399772,0.011998,1.402148,0.438392,0.670982,-0.084786,-0.109903,0.087445,-0.368824,0.656967,1.114428,2.716478,-1.666493,-0.432236,0.597751,0.7211,0.01324,0.632343,-0.392712,-0.150093,-0.322869,-0.483144,-0.732086,-1.513761,-0.039475,-1.452979,-0.258611,-0.151685,0.32679,0.124724,-0.647896,-0.319711,-0.592844,-0.028702,0.822038,-0.346805,1.82989,-0.962704,-0.622501,-0.838014,0.631541,-1.546136,-0.233278,-0.456087,-1.515035,1.61139,0.625693,1.437406,-0.988736,-0.780075,-1.264678,0.802786,0.046046,-0.498445,-0.686137,-1.905582,2.201499,-0.543678,-1.448423,-0.329798,1.642369,-0.842589,-0.893481,0.221613,-0.129545,-0.986291,-1.814323,0.954308,-0.185986,-0.067748,0.099422,-0.689875,-0.576394,0.490909,-0.219666,-1.339177,-1.459692,-0.48202,-0.110613,-0.560471,-0.981115,1.808285,-0.345768,-1.897533,-0.453813,-0.545124,1.050575,1.102058,-0.251266,0.610033,1.297947,1.368197,-0.811505,-0.620202,-0.244312,-0.756669,-0.220391,0.581029,-0.693925,2.321187,-0.96139,1.338838,0.700711,0.321684,-0.404165,-0.315634,0.098411,-0.395791,-0.860932,-1.468484,-0.810235,-0.065241,0.930869,-0.971647,-0.72892,0.935535,-0.563966,0.813442,-0.530332,0.906744,0.638134,0.50461,1.650387,1.974808,0.513136,0.819083,0.877043,-0.586824,-0.188755,0.105524,1.333692,0.721669,-2.324362,-0.487582,-0.805272,0.69657,-0.673349,0.60461,-1.682325,-0.057158,1.716086,-0.896073,-0.704053,-1.025774,-0.582932,1.849651,0.071588,-0.878624,1.072173,-0.594306,0.330466,-0.64714,-1.447911,-0.115551,0.8088,2.865121,0.830768,0.989677,0.717735,0.35579,0.393365,2.008802,-1.188802,-1.761217,-0.999502,2.729007,2.015876,0.392982,0.324909,1.408927,0.651411,-0.277953,-1.16202,1.451823,-1.604565,0.248254,0.314997,-0.504186,0.833913,-0.369927,-1.072878,-1.452601,0.664647,-1.594644,-0.413297,0.650526,0.402388,-0.330684,-0.572008,-0.073057,0.365481,1.48801,1.062492,0.713193,1.415065,1.387134,0.384322,0.652195,1.086689,1.642009,-1.191483,-0.723756,-0.381525,-0.033449,-2.439507,-0.165506,-0.932776,-1.633994,-1.956081,-1.652313,-0.972781,-0.875983,-0.796986,-0.253578,-0.031261,-0.119824,1.951589,-0.371728,0.151771,1.435068,-0.24328,0.282515,2.049143,2.003635,0.264118,1.466785,-0.216775,-0.911004,1.396745,1.517542,0.742522,1.228898,1.688717,2.056278,2.348433,-0.596086,-0.366292,0.311965,-1.077913,-1.020164,-1.353403,0.192958,0.338544,0.070838,1.137191,0.96829,0.676772,-0.610824,1.204687,-0.403218,0.520196,1.362097,1.098097,-0.23556,-0.180107,-2.224531,1.67778,0.002326,-0.26659,1.469362,0.815554,-0.41056,-0.87161,-0.405899,1.993351,2.673249,0.008921,0.671599,1.012521,0.685192,-0.894062,-0.088503,-0.535298,-0.099767,0.183935,1.980709,0.370661,2.162112,0.863986,-0.64608,-0.175698,-0.463953,-0.99901,0.091882,-0.744834,-0.382891,0.044442,-0.953007,0.10477,1.073421,-0.964791,1.23008,0.076126,-0.558481,1.029438,1.694083,-0.164939,-0.446355,0.637019,0.251656,-1.689937,0.710691,-0.974972,1.033425,1.433015,1.725971,0.952454,0.816473,0.190423,-0.25783,-0.323957,1.537539
GXW1,-0.889875,-0.891475,1.016062,-0.238527,0.388199,-0.141837,-0.84342,1.170712,-1.617824,-0.329193,-0.78391,1.27825,0.948353,-0.153879,-0.412867,0.861763,0.616623,0.146747,1.198264,1.445265,0.1533,-1.037195,0.352986,1.500597,-1.210245,0.360557,-0.391726,-1.094241,0.201036,1.149507,0.380416,-0.562938,0.816908,0.959849,-0.247766,-0.239879,-0.362672,1.139348,-1.173011,-0.619376,0.454308,0.25984,0.18208,0.791309,-1.339436,0.107549,-1.843435,1.077715,-0.037042,-0.606554,0.838865,-0.763493,0.579909,-0.649514,1.897208,0.044504,-0.161362,0.918409,0.831784,-0.226821,-0.532457,1.741607,2.079858,2.337693,0.080787,1.345922,-1.005816,0.891781,-0.158601,0.664779,0.018704,0.601765,0.94059,0.271053,2.399003,-0.945436,-0.042371,-0.584106,0.381323,-0.684581,0.884267,-1.354817,-0.486435,-0.824979,-0.013956,-0.713626,-0.210925,1.973015,-0.547805,-0.202412,-0.778186,-1.138762,0.207912,0.258632,-1.029225,0.322645,-1.724119,-0.610765,-0.557944,-0.572858,1.496418,2.550953,-0.743926,1.248681,-0.040592,-0.740366,-0.730108,0.495373,0.235621,0.168409,0.000308,-0.999158,-0.987373,-1.318969,-1.141653,-0.115648,1.071851,-0.094401,-0.558294,1.302223,-0.805791,-0.036717,0.912092,-0.561036,-1.316532,0.973744,-0.196737,1.322333,-0.185905,1.766863,0.31268,-0.695081,-0.299895,-0.634173,-1.130891,0.00791,-1.949586,-0.583573,-1.456767,1.014295,0.830661,-1.296413,0.236888,1.28904,0.188083,-0.542805,0.722318,-0.002767,0.64466,-0.17649,-0.634716,-1.100187,-0.604911,-0.242276,-0.77584,-1.771571,-0.35014,1.006569,-2.146327,0.20677,-1.869832,0.330637,0.704061,1.391173,0.993627,-0.389189,0.352186,-0.713009,0.021394,-0.047373,-1.191682,0.802398,0.358525,-0.547697,-0.065179,-2.766914,-1.287567,-0.122222,-0.601155,0.714027,-2.156407,0.594495,-0.424755,0.170308,-1.405991,-0.949842,-0.009266,-1.040329,-0.509029,0.082657,0.099454,-0.599264,-0.415293,-2.063392,1.17724,-1.0786,1.329077,-1.045075,0.056561,0.603082,2.114833,0.153272,0.198587,-0.549023,-0.336341,0.01311,-1.160431,-0.898103,0.372655,0.2638,-2.502144,-0.520686,0.842118,-1.022967,-0.501623,-0.572698,-2.169655,-0.66245,-0.217431,0.668075,-0.092816,-1.314923,-1.19929,-1.353944,-0.805053,0.2853,1.103477,1.399594,1.721876,1.569086,1.263051,0.001509,0.919412,0.532932,1.475139,1.573508,-0.021015,-1.361293,2.48986,-0.226191,2.359906,0.006567,1.509544,-1.593195,-1.374712,-1.143626,0.320907,-0.143674,-1.613736,-0.423877,-0.382168,-1.549624,-0.029294,0.305679,-2.372451,0.528889,-1.132525,0.518853,-0.176448,1.090501,0.252617,-0.931084,0.594659,0.341994,0.652927,0.109623,-2.150968,-0.506914,-1.781538,-1.461249,-1.463212,-1.75,-0.840888,0.363742,0.675194,-0.729041,-0.648755,-0.761921,0.899227,1.671882,2.38477,1.596671,-0.438215,-1.013938,-0.357544,0.768531,0.528938,1.34868,1.219104,0.735661,1.817514,-0.766518,0.962908,-1.027646,0.012458,-0.282365,-0.630151,-1.08555,1.313952,-1.11447,1.57813,-0.050208,0.807446,1.257066,1.337571,1.061626,-0.212716,-0.849091,-1.966776,-0.534066,1.572713,0.574972,1.550819,0.057342,1.101193,-2.177801,-0.209066,1.31144,-0.367647,-0.802666,-0.178199,0.131855,-1.041609,0.528898,-0.528028,-0.755906,0.681954,-0.886671,-0.211382,0.487687,-1.95577,1.320807,0.429084,-0.169478,0.789412,-1.09574,0.21931,-0.022558,-0.165342
JU1212,0.185466,-1.412735,-2.620438,-1.834498,-0.484317,0.555277,-1.482274,0.30842,-0.028457,0.440966,-0.110707,0.813922,0.103667,0.750538,-0.700641,-1.651077,0.050288,-0.667642,0.835202,0.424416,-1.120049,0.095674,0.450199,-1.054053,-1.598161,-0.187413,-1.150216,0.017921,1.14612,0.265466,0.238893,0.04772,0.695813,0.933228,-0.546144,-0.32601,1.037917,1.77442,1.02175,-1.651349,0.357382,-2.104451,0.353628,-0.517807,-0.104273,-1.55229,0.731105,0.396517,-0.865741,-0.638007,-0.787434,0.837403,0.686683,0.046274,-1.820814,-2.289289,-0.577424,0.374154,1.101434,0.716955,1.021678,0.60392,-1.364775,1.190687,-0.906159,-1.566886,-0.838645,-2.147528,-0.254941,0.159142,1.439419,-0.989976,0.687208,0.287759,1.125443,1.270226,-0.677271,-1.225055,0.568231,-0.501297,-0.882488,1.393554,0.198088,-0.01499,1.169741,1.235804,1.850731,1.386318,1.512419,1.718775,-0.205136,0.431073,0.443041,-2.055669,-1.518259,-1.795407,-0.005186,-0.880311,-0.230897,-1.951861,-0.457767,-0.385571,0.186888,-0.322037,-1.09401,-0.455858,0.553508,-0.031519,0.137868,1.124636,-1.563683,-0.612493,-0.779027,-0.350202,-0.826003,-0.547702,-1.637426,-0.745147,1.51815,-0.834805,0.085956,1.073074,0.768571,-0.245851,-1.248009,0.870254,-0.896305,0.470496,-0.56869,-0.301437,-0.418872,-0.552392,0.494756,-1.046187,-1.396646,-0.069843,0.614308,-0.000758,-2.514185,2.53293,0.493617,-1.311124,-1.044372,-0.772906,-1.919013,0.06775,-0.665321,-1.207117,-0.364585,0.881023,0.10258,-0.821977,-0.700324,-0.237298,-0.856552,-0.709458,-0.729902,-0.647263,-0.81727,0.786093,-0.775656,-0.534034,1.483384,0.825789,-0.558316,0.313426,-1.124254,0.131919,-1.231519,-0.7704,-0.886299,2.264329,1.871578,0.754659,1.127235,1.045601,1.103185,2.303933,0.460371,1.041691,-0.672875,-1.064591,-0.208638,0.255718,-0.467665,-0.344127,-0.159125,-0.865575,-0.506018,-1.336206,-0.718573,-0.891432,-0.02147,-0.748113,-1.568628,1.188258,-0.262529,-0.289945,-0.070174,1.143092,-0.798994,1.178283,1.442041,0.383716,-0.519392,1.245035,-0.075599,-0.995856,0.421269,-0.989887,0.432733,-1.375735,-0.904202,-0.275591,-0.27234,0.382716,-0.393521,0.544025,-1.956502,0.279883,-1.178944,-3.329442,-0.31304,-0.673556,-0.931181,-0.441847,-1.785349,-1.587824,-1.846568,0.481405,-0.123601,-0.195152,-1.373981,-1.757418,-0.102775,-0.613637,0.008051,-0.988976,0.235917,-0.292163,0.621739,-1.940999,-0.770173,-0.215011,-0.999046,1.437837,-0.392258,1.415556,-0.699335,1.905945,0.228541,0.369986,1.145202,0.844376,1.928559,1.277786,-0.881939,0.129299,-0.445095,0.732973,1.499646,-0.824118,-1.316596,0.771834,-0.931825,-0.349018,-2.155146,-0.350718,-0.788873,0.127418,1.732105,0.467891,0.008767,-0.382883,1.480425,-0.252998,0.944549,1.062533,0.34845,0.231972,0.51043,0.532188,-0.130667,0.168892,-0.118813,1.089929,0.415892,-0.596089,0.399413,2.623827,1.441762,-0.329812,-0.375938,1.131017,0.642231,-0.374436,-0.232336,0.249961,-0.745453,0.670628,-0.632754,-0.57383,-0.403969,0.675526,-0.026655,-0.686152,1.675444,0.437636,-1.640176,0.962858,1.559303,1.57637,0.929357,-0.775877,0.343313,-0.228695,1.055888,0.571742,-0.325333,0.427723,0.361965,0.274903,0.819681,1.602711,0.696261,-0.014997,-1.21523,-0.568415,0.079579,-1.739614,1.93759,-0.496438,-0.377564,-0.760133,0.189772,-1.232997,0.127655,-0.401028,1.191212
JU1400,-1.473536,-1.02768,0.428487,-0.274384,1.826141,-0.685933,-0.326476,0.833769,-0.317352,0.847509,0.255256,1.038797,0.395183,-0.226833,-0.56349,-0.913421,0.133281,0.034329,0.113285,0.729873,-0.280587,1.255407,-1.144707,-0.772368,-0.673517,-0.22974,-0.523232,-0.204341,0.680885,0.206012,0.756169,-2.249746,-0.443525,-0.804162,-1.001783,0.478886,-2.450032,0.15532,-0.136223,0.184338,0.900578,-0.275698,0.814977,0.092785,-0.963159,2.337179,0.731382,-0.381783,-0.3899,-0.802065,-1.785674,-0.485637,0.275722,-0.501698,0.108417,0.322369,0.402434,-1.966983,-0.414017,-0.009641,-0.31428,0.286401,-0.339109,0.060759,-0.40631,-1.362897,-0.686526,-0.029773,-1.501908,-0.827618,-0.058927,0.320384,-0.00398,0.943664,-0.039851,-0.453083,0.090242,-0.797575,-0.487443,0.535681,0.083856,-0.947726,-2.292743,-0.163598,0.927629,0.665545,-0.585797,-0.498678,-0.759767,1.075665,0.323678,1.291764,-0.472189,-1.239122,-0.585063,0.070033,-0.165105,0.866715,-0.495219,-0.586032,-0.263599,-1.057665,0.203209,-0.319934,0.185606,-0.285725,-0.920394,-0.160899,0.24876,-0.446735,-0.441584,-1.744667,-0.292258,0.979331,-0.202338,-0.502052,-0.814057,1.069278,0.153872,-0.809277,0.218319,-1.493649,-1.423311,0.817073,-0.25313,-0.565225,-0.874145,0.155339,-0.593379,0.62875,-0.071789,1.43246,-0.222781,-0.864021,-0.495611,0.319351,-0.810745,2.101425,1.18366,0.765029,-1.482787,-0.313399,0.05822,-0.407754,1.268175,-0.194335,-1.207662,0.327157,-0.769737,-0.277624,0.04596,-0.028809,0.868049,-1.0767,0.667272,-0.511129,-0.032279,-0.148126,-0.799736,-0.609463,-0.029686,-0.695342,-0.172484,-0.585119,-0.686969,-0.780648,-1.454198,1.679016,-0.215514,-3.070681,0.204381,1.201728,0.24353,0.331085,1.231772,-0.238959,1.77964,-0.566904,-2.023941,0.694736,0.664319,0.967574,0.38227,-0.77877,-0.808538,-0.387217,-0.198801,1.038638,-1.131484,-0.972216,0.271518,1.051396,1.301211,1.599031,1.515717,0.05201,-0.957013,0.761356,0.630722,-0.02509,-0.593675,0.208887,-0.07631,-0.672809,-0.035744,-0.432228,0.2279,-0.314843,-2.065192,1.748138,-0.183284,0.147924,0.118775,-0.688446,-0.689075,0.846108,1.106557,-1.824046,0.969512,-0.018379,-0.557515,-0.118836,0.574057,0.307694,1.113528,-0.031749,-0.457311,1.783241,0.675484,1.123212,0.887359,-0.452935,0.844581,0.494372,1.630253,0.370778,-0.728617,-0.06488,-0.962217,0.269791,-0.993867,0.534049,-1.312436,-0.189064,1.630125,0.694881,1.379212,0.14095,0.615646,1.43479,1.893735,0.367612,1.864554,1.363082,0.497898,0.76915,0.991554,0.851611,1.810343,0.986851,1.075672,0.012902,0.224719,-1.107856,-0.883877,0.043293,-1.246942,-0.959317,-1.6415,-0.424498,-0.176074,-1.130512,-0.167661,-0.52219,0.543406,0.676949,0.486045,0.496695,1.37998,-0.501509,-0.878364,1.512427,1.416427,1.614764,-1.692999,-0.085257,0.61843,1.102213,-0.384675,0.33079,0.306792,0.351424,-0.101091,-1.667874,-0.782657,-0.480133,-0.459613,-1.091148,-2.033167,-0.39754,-0.721625,-0.337615,-0.251509,0.851982,-0.9981,0.526948,-0.403561,-1.231854,-0.548089,-0.833357,0.098301,0.311277,-2.317798,-2.836406,-0.953764,-1.265098,-0.755176,0.190196,-1.392307,-0.13242,-0.880677,0.22657,-1.237389,-0.18515,0.000803,-0.154831,-0.339253,-1.529093,-2.727493,1.720483,-0.658394,1.150787,0.587191,0.589081,1.067703,0.880169,0.401537,0.075334,-0.318202
JU1581,1.417355,0.910562,0.225609,-2.444023,1.014674,-0.70447,-1.13712,-0.103247,1.239794,-0.920814,1.67055,-0.334687,-0.122043,-0.695875,-0.087124,0.457799,-1.610986,-0.086524,-1.058362,0.392804,-0.294379,0.638483,-0.192805,-0.503015,-0.505652,0.958631,0.362341,-1.204649,0.772779,-1.186931,-0.614375,0.7817,-0.97915,-0.785475,0.007507,-0.277407,-0.250142,-0.439716,-0.399402,2.090547,0.609533,0.139228,-0.026178,-0.624871,-0.623044,1.283701,0.88725,1.962606,-1.411751,-1.242769,-0.00386,-1.020415,1.228657,0.678282,-1.417,-0.500494,0.477341,0.069455,1.038849,0.374767,-0.469728,-0.569582,-1.239752,-0.270353,-0.794972,0.10963,-1.813703,1.047654,-0.433202,-1.748925,-0.165502,-0.288116,1.12914,-0.848536,0.759005,-0.755596,1.488567,0.549683,1.51669,0.409783,0.318723,1.560569,-0.14832,-1.588523,0.620753,0.222895,0.782028,-0.38232,-0.097071,-0.062509,-0.831617,-0.781911,-0.330716,-2.072914,-0.918788,-0.39637,1.37464,1.322613,0.209818,-0.850263,-1.324577,0.08111,1.355848,-0.881854,-0.204706,0.666554,-0.377203,1.80501,-0.748782,0.528515,2.302147,0.87234,1.767341,0.852068,0.56747,2.083589,2.888485,-0.189093,-0.633538,-1.884135,-0.791066,0.669941,1.255354,1.441269,0.87472,1.242177,1.135328,-0.627592,-1.035538,-1.814997,-0.007196,0.729845,0.266268,-0.274282,-0.288325,0.010053,-0.161792,-0.42207,-0.544542,0.175332,-0.382087,-0.090422,0.879693,-0.446087,-1.052976,0.408305,0.826405,0.270478,-0.173157,0.173013,0.581584,1.021171,-0.642855,0.070504,-1.086809,-0.228409,-0.177953,-1.366414,1.489468,0.532212,-0.851768,-0.552318,-0.973637,-1.870513,1.325157,-0.624087,1.218128,-0.950922,-1.002095,0.247565,-0.282485,-0.833607,-0.81693,0.679696,-0.039845,1.074299,-1.053595,0.235542,1.931374,1.214993,-0.050051,1.483691,0.660138,0.484344,1.793544,0.877217,-0.576402,-0.531702,0.905155,-0.602551,-0.571454,-0.665401,-0.381705,-0.153113,0.174513,0.900299,0.624297,-1.599312,-1.015849,2.120101,0.64354,-0.645856,0.621158,-0.806818,1.460063,-1.086619,-0.147828,0.120206,-0.888894,0.662028,0.089739,1.282143,-0.319482,-1.380508,0.067018,-0.828865,0.532967,-0.301483,1.958049,0.504175,0.265065,-0.2384,1.269672,1.244312,1.267215,-1.316584,0.042858,-0.258584,-1.991177,-1.63223,0.040429,-1.071553,-0.797255,-1.379106,-1.040514,-1.198235,1.006495,1.020685,-1.773921,-1.153162,0.236031,0.593133,-2.072421,0.19236,0.416109,0.328786,1.10904,-1.203154,-0.517193,-1.293283,-0.990026,0.379998,-1.640374,-1.577934,0.343044,-0.001221,-1.209068,0.345443,0.908836,-1.514695,-0.780529,-0.510266,-0.89625,0.717453,-0.616368,0.068616,0.678864,0.733145,1.093192,0.336656,-0.760843,2.583428,0.537056,-1.165544,-0.56899,0.557905,-0.412368,-1.264643,0.148282,-1.192926,-0.989547,0.699983,0.217771,-0.277174,-0.013012,-0.886669,-1.153253,-0.077278,0.163852,0.181124,-0.519695,0.620876,0.390562,-0.899019,-1.064894,-1.60801,-0.165056,0.933363,-0.068519,0.258564,-0.047461,0.250244,-0.61617,1.180136,-1.040657,1.040004,0.304626,-0.519721,-1.216274,0.220016,-1.164795,-0.71123,0.337922,0.607908,-0.414167,-0.86515,-0.861136,-0.606783,-0.533658,-0.492257,-0.161965,-0.623633,-1.42959,-0.675384,0.012164,-0.504403,-2.170331,0.195695,1.956025,1.40806,-1.211614,1.080847,1.918778,-0.708243,-1.313028,0.747702,-0.088765,-0.999363,0.520909
JU1652,2.034906,-0.603716,-0.594032,1.091681,0.440901,0.936101,0.479618,-1.131663,0.063387,-0.677583,-0.917882,0.688645,-0.280214,-1.178413,-0.066104,0.845764,-0.46876,-0.456964,0.372473,-0.381918,-0.599235,0.178408,0.021243,0.741614,0.725171,-2.135502,-0.078238,1.283774,-1.845693,1.689945,0.992774,-1.448751,-0.529176,0.024387,-1.711307,-0.358566,1.27968,-1.544227,-1.671431,0.739366,-0.893244,0.003811,0.543818,-0.305925,0.668553,-0.048393,-1.59979,0.45758,0.222512,-0.181631,0.274191,-1.243599,-0.611243,-0.103946,1.673507,1.321849,-0.234024,-0.797185,-1.095491,-1.227642,0.729924,-1.624733,-0.581386,-0.756502,-0.56232,0.451624,-1.102529,-1.690233,0.139737,-0.170207,0.731266,-1.010228,0.371487,0.488641,-0.826535,-1.261749,-0.743471,-0.233695,-0.209812,-0.85534,-2.546966,0.356961,1.384794,-1.248586,-0.75786,-0.879107,-0.789142,0.376231,0.74869,0.29615,0.198804,0.232792,-0.77078,-1.314628,-0.883024,-0.54342,-1.403361,0.992649,0.104086,1.534251,-0.25459,0.642693,1.287606,1.655226,1.594702,2.6454,1.659665,2.035055,1.422863,0.433268,-0.827304,-1.224087,-2.078992,-0.965226,-0.898317,-0.57782,-0.306776,-0.071346,-0.694677,-0.325184,0.159572,-0.503139,-1.699698,0.041628,0.539065,-1.102504,-0.46108,2.321556,-1.599586,0.104418,-0.415691,0.126011,0.058162,-0.674705,0.19626,-2.798017,-1.097088,1.096196,-0.246963,0.094079,-0.216973,0.002538,-2.15436,-1.303832,-1.932768,-1.342037,0.348551,-0.886293,-2.047297,-0.341443,-0.863434,-1.092545,-0.754208,-1.501079,2.761119,0.089413,0.36036,1.220357,0.6876,-1.221916,0.82007,-0.779394,-0.517095,-1.082245,-0.46135,0.049777,-0.62332,-1.489463,-0.382072,-1.160913,0.024812,-1.283015,-1.829494,1.002977,0.856146,-0.206775,1.123799,-0.16265,0.839765,-1.218367,-1.066552,0.510598,-0.053381,0.386431,-0.626917,-0.854203,-0.884189,0.328491,-2.071453,0.925216,-0.030405,1.154212,-0.514329,0.751152,-0.169273,0.434437,0.26827,-0.560304,-0.584512,-0.19631,-1.241644,1.28054,-0.718568,0.817401,0.197728,-0.589982,-0.924707,0.523357,-1.70428,0.285411,-1.622916,-0.54493,0.451,-0.918189,0.913857,-0.249915,-1.494392,0.92004,-0.293064,-0.60362,0.64955,0.100687,-0.731871,-0.949039,1.149494,0.764226,-0.542817,-0.267081,-0.981166,-1.676748,-0.348796,0.640622,-0.414467,-0.293778,-0.947237,-1.869315,0.098251,-1.62681,0.86041,-0.057832,0.055865,-0.512275,-0.411589,-0.197358,-0.572922,1.48443,-0.258018,-0.136757,-1.445284,1.472654,-1.153135,0.76815,0.333416,-0.53391,0.348425,-1.401345,-0.502433,0.443487,0.415822,-0.551129,0.457549,0.339767,0.939549,0.710411,-0.439884,0.127319,0.226226,2.62518,0.43433,1.055068,1.140637,-1.574029,-0.285054,1.501847,0.392693,0.903177,-1.220319,0.369079,0.779585,-1.036294,1.131874,0.728017,-0.939414,-0.53798,-0.766111,-0.167219,-0.702422,-1.04602,1.350419,-0.585996,-0.652693,0.474476,0.647011,0.034534,0.572243,0.502572,1.389564,0.270543,1.350287,1.658593,2.116498,0.824079,0.930345,-0.65536,-0.125907,-0.522086,0.473605,1.775033,-1.00397,-0.315618,-0.533288,-0.856325,0.138427,-0.862209,0.11769,-1.201155,-1.620793,-2.561026,-0.006457,0.214924,-0.012475,-1.004775,-1.162304,0.987984,1.721961,-2.1106,1.298769,1.133242,0.684604,0.669218,-0.754178,-0.730665,1.677327,-0.418253,0.350301,-0.068197,-0.059618,-1.458483,0.044001
JU1793,-0.613686,-1.316503,0.816051,-0.672895,-0.080252,-0.358494,-0.012413,-0.497381,-0.732209,-2.883544,-1.542174,-0.902218,-1.626498,-0.720426,0.573078,-1.507536,0.656631,-1.583439,-0.245793,0.799439,1.546966,-0.118082,-0.515517,-0.070045,-0.607371,-0.124566,-0.589781,0.958449,1.906997,0.655087,-0.369753,-0.597245,-0.498921,1.205707,1.396902,0.192101,1.501552,0.494853,-0.209815,-0.442915,-0.45017,0.468967,-0.212201,0.178768,-1.351616,-0.295165,-0.787921,-0.948582,1.436715,-1.969821,-0.222962,-1.123353,-0.068308,1.037978,-0.439317,1.254982,1.751142,0.69153,-0.860709,-1.061294,0.673547,-0.753423,-0.761351,0.859896,1.998538,-1.267502,-1.987176,-0.116987,0.480406,0.827249,0.97862,-1.10703,0.448779,-1.104027,0.008657,-0.543667,-0.520081,-0.971186,0.213424,-1.266428,-0.387099,1.673027,-1.158844,1.049919,1.097248,2.461457,0.323678,2.117472,0.144339,0.529827,0.124309,-0.269724,-0.492327,0.096723,-1.235064,-0.883584,-1.591977,0.175256,-0.559292,1.256023,1.312571,-0.970481,0.247165,1.39485,-0.341377,-0.107142,0.757805,0.010118,-0.593791,-0.265809,0.110096,0.472697,-0.272798,1.043129,-1.527105,-0.422476,0.577994,-0.100426,-2.223056,1.037367,-1.450197,0.024051,-0.859255,-0.216367,0.478816,0.793054,0.095837,-0.88717,-0.971573,-0.389341,-1.161771,-1.038479,-0.010547,-0.261293,-0.789172,1.37511,2.585466,1.367224,1.398141,1.317596,0.571413,-0.256245,1.040408,-0.146779,-0.830985,1.512466,-0.016338,1.192694,1.34503,0.221718,0.242646,0.048733,1.128972,-0.181619,0.468813,-0.792086,0.559571,0.079292,1.157185,-1.394668,-1.057719,-0.104625,-0.128205,-0.438358,-0.66886,-0.456165,-0.943952,-0.883696,-1.2828,0.389883,-0.204557,-1.582841,-0.771427,-0.991428,-0.855405,-0.438109,-1.726255,-1.003047,-0.373106,-0.249536,0.565114,0.458185,0.744196,-0.40352,0.871137,0.247931,0.433688,1.169387,1.478022,0.78672,-1.341262,1.359038,0.591235,0.086828,0.427446,-0.319869,1.532402,-0.342511,1.427224,-0.219528,0.972767,-0.745307,1.73725,-0.404898,0.456544,0.346651,0.386382,-0.825844,-1.866776,-1.094544,1.669727,-1.114911,-1.824837,0.364644,-0.205191,-0.104233,-1.2732,-1.056961,-1.514331,1.256765,-0.613615,0.057538,-1.824496,0.449452,-2.231874,-1.92799,0.591222,0.003869,-0.816651,0.927586,0.218473,-0.210911,0.203523,-0.15809,-0.026839,1.981989,1.501686,-0.079421,-0.904416,0.407815,0.051396,1.966652,1.125149,1.446403,-0.445006,-2.110257,-1.602243,0.103808,-2.228355,-0.274056,-0.681885,-1.591454,-0.959903,0.183324,-0.386776,-0.062809,-0.193764,-0.446616,-0.727457,0.278211,1.349277,-0.277022,-1.617085,-0.468869,-0.156697,0.992244,1.246588,0.843981,0.586167,0.565608,1.301612,-1.270914,0.324655,0.927802,1.668556,1.808058,-0.89941,-1.649125,-0.797634,-0.740043,-0.115319,0.319435,0.955293,1.027119,0.024601,0.846298,-0.204239,1.721859,0.133878,-0.131709,1.107797,0.538143,0.153666,-1.681357,-0.932171,0.695179,0.201069,1.47582,0.716266,0.105709,0.374898,0.245804,1.434987,0.651489,1.691244,1.073719,0.301225,0.337301,0.056456,-0.868375,0.01723,0.099156,0.210078,-0.755275,-0.134502,0.050688,0.650507,2.204869,-0.749649,-0.796325,-1.033272,0.685096,0.394343,-0.63768,1.843255,0.467839,-2.375713,0.009205,-0.997287,1.070225,0.956349,-0.024227,-0.709086,-0.726973,0.59417,1.686038,1.540288,0.70482,-0.904825
JU1896,-1.377381,1.722447,-0.557116,-0.486834,0.161944,-0.274116,1.677318,-1.584921,-0.58113,-0.923306,-1.775449,-0.168538,0.503827,-0.756054,0.366307,0.396315,-0.005198,-1.334432,-0.788265,-0.030786,-1.708425,0.77818,-0.005173,1.184686,0.833782,-0.570545,-0.954989,2.236061,-0.581474,-0.261597,0.435468,0.880812,0.509239,0.731131,-0.649895,-1.609008,0.853262,-0.682234,0.722659,1.145234,1.126799,-0.255659,-1.402393,-1.634212,0.475821,-1.166041,-0.249206,-0.020494,-1.253123,0.758831,0.784898,0.028578,-1.85724,0.013077,-1.091062,1.726607,-0.160474,-1.049073,1.347705,-0.535483,-0.34014,-1.677297,0.491678,0.21549,0.456497,-0.059594,0.108458,0.823557,-0.599234,-0.912008,-0.628407,-0.005308,-1.568095,0.882968,0.310309,-0.353986,-0.400481,1.277396,-0.205775,-0.904744,-1.283557,-1.330471,-0.127517,0.443706,-1.324154,0.372361,0.642385,-1.046136,-0.768207,-1.151688,-1.619706,0.705223,-0.142753,0.552302,0.424578,-1.075116,0.317596,-0.654375,-0.602303,0.8214,0.159026,1.531649,2.16654,1.759848,1.046299,0.657311,2.148975,2.465507,0.987357,-0.803126,0.133856,-0.036872,0.699322,0.543345,0.038071,1.106683,0.052536,-0.288892,1.172506,-0.04004,1.53131,0.097417,0.295233,2.787991,1.863932,1.104585,0.114246,-0.702539,-2.242336,-1.174701,1.001916,-1.267133,-0.057288,-0.193226,-0.097672,1.468574,0.766488,0.223756,-1.135387,0.079105,-0.251831,-0.054775,-2.040463,0.337606,1.858821,-0.541842,-0.068621,-1.304938,2.168357,-0.253879,1.333538,0.344644,-0.625203,1.509015,0.163225,-0.923728,-1.875664,-0.726507,-0.091276,-1.811312,-0.815131,0.053513,-2.108349,0.001857,-1.404503,-0.541154,-0.807471,-0.174818,-0.199273,-0.879888,-1.658369,1.717791,-0.74585,0.720863,0.879184,2.436781,0.069342,0.490061,1.022645,0.741936,0.380201,0.915642,-0.810159,1.319094,0.125376,0.115397,1.125782,0.535674,0.683024,-0.255619,0.826991,-0.776855,-0.564006,-0.398646,-1.199898,-0.63674,-1.408499,1.535014,-1.465869,0.352476,0.619444,0.24954,-0.721314,-1.069764,-0.266449,-0.736433,-0.610467,0.324425,-1.819858,1.196876,-0.760837,0.406658,-1.582617,-0.583752,-1.075335,-1.237047,-1.7663,-0.893218,-0.702741,-2.186929,-2.62708,-0.51173,-0.546657,-0.670715,-1.228709,1.83497,1.711185,0.08685,-0.814677,-1.124507,0.595262,-1.522118,-0.274556,-2.00633,0.484659,-0.839384,0.729109,-0.987707,-0.672365,0.451272,0.015585,-0.850196,-1.072773,-0.295441,-0.382855,0.480398,1.789233,-0.222438,-1.06742,0.778753,-1.866712,-2.033011,-0.921322,1.40824,-1.935561,-2.031552,-0.918811,-1.213496,0.130646,-0.94645,-1.678155,-0.293004,0.654978,-1.237856,0.81083,0.487442,1.135338,0.326852,-1.031605,0.152321,-0.313246,-1.708997,1.058671,-0.017405,0.141104,1.407722,0.261951,0.069443,1.085387,1.769656,2.079508,0.925165,0.228714,0.665792,0.693297,1.029406,-0.231255,0.473305,0.595885,-1.177206,-1.383864,2.583221,-0.629683,0.543864,-0.399253,-1.456582,-0.600901,-1.551165,-1.359362,-0.657615,-0.076257,-1.245513,0.905125,0.091768,-2.199728,-0.168849,-0.881342,-0.972726,-0.039289,0.856578,0.979436,-1.327064,0.040772,0.729645,-1.291597,-1.696583,-1.908427,-0.019946,-0.622076,-1.315628,-0.866197,0.170575,-0.47848,-1.154206,-0.994103,-1.325505,0.63963,-0.369285,0.256156,0.508355,1.864661,1.79427,-1.96698,1.648274,-1.230502,0.727234,-0.168108,-0.126386,0.4748
JU2001,0.443373,0.373583,-0.449633,-0.250905,-0.707447,-0.722818,-0.992677,0.543739,-0.635275,0.368091,0.546042,1.857415,1.789775,0.43083,0.59033,0.184517,-0.962298,-2.010634,0.207311,0.897701,0.0044,0.648312,-0.853122,0.346052,-1.210851,-1.620273,-0.31773,0.408924,2.278287,-0.75066,-0.576945,0.391146,-0.364983,-0.061183,0.646548,-0.474586,0.185811,1.210702,-1.675206,-0.238362,0.282258,0.441959,-0.319325,0.54469,-0.54384,-0.274719,1.579449,-0.912699,-0.877569,-0.518369,0.633662,-1.182895,-1.077959,0.155143,-0.054995,-0.774718,0.497702,-0.385646,-0.640378,-0.580828,0.346415,0.091239,-0.149426,0.570062,1.096593,1.248948,1.637454,0.193077,0.819411,0.940495,-0.990694,0.700542,0.763577,0.941556,-0.100682,2.128978,2.303986,2.370457,1.862341,2.79982,1.308779,0.203349,-0.136268,-0.810904,-0.353914,-0.542115,1.118534,-0.282635,-0.515882,0.159525,0.382971,0.862024,-2.343616,-0.583564,-0.884084,0.261068,-0.432744,-1.005132,-0.877889,-1.567568,0.254309,-0.803656,1.10643,0.26776,0.089926,-0.12666,0.4849,0.1149,-0.248865,-0.286027,0.922286,0.620073,1.788265,1.376289,1.012433,0.413559,0.901607,-0.074928,0.852488,-0.226429,1.429951,0.925328,0.243623,-0.748029,0.062096,1.004359,-0.371272,0.151894,1.491249,0.254788,-0.60171,-1.322326,-0.582837,0.839889,0.253419,0.492068,-0.074411,0.285966,1.469112,0.67238,-1.155179,1.209914,-0.188353,1.351216,0.520433,0.879798,-0.084518,-0.912506,-0.805124,0.014533,0.749114,-2.056176,-0.238062,-1.464683,-0.057368,-0.138167,-0.524796,-0.542688,0.33294,0.294583,0.241091,0.078172,-0.067761,0.607166,-0.689241,-0.17307,-0.502207,1.74241,-0.169654,0.814648,-0.237917,-2.524331,-0.674892,-2.069946,-0.365903,-0.190557,-1.040019,-0.329373,1.146836,-0.622555,0.15834,1.295612,0.846252,1.014884,0.283923,0.368313,0.8305,-0.699455,0.733135,0.178801,0.446094,2.17289,-0.186674,0.459738,1.617279,0.398396,-0.043258,0.740678,-0.147517,1.341807,0.836406,-0.354466,-1.61373,0.042176,0.573237,1.21524,0.440793,0.853191,0.174924,-0.557335,1.161946,-0.907258,1.021626,-0.370851,-0.093216,-0.852524,1.226382,-0.582848,0.887981,-1.72875,-0.783198,0.162713,-0.058595,-2.051401,-1.242569,1.143082,0.562255,0.860847,0.443902,2.096736,1.946456,2.161193,1.425372,0.716793,-0.306103,0.067012,-0.229745,-1.44852,0.097936,-1.257329,-0.543372,-0.726133,-0.176768,1.279555,-0.285373,0.70636,0.01716,0.727914,0.705222,0.81921,-0.195243,0.77194,-0.454649,-0.586748,0.205279,-0.350256,-0.062016,1.129184,0.389368,0.147547,-0.063474,-0.599732,0.404556,-0.572945,1.008594,1.273215,0.921657,-0.088246,-0.146563,0.862636,-0.787475,-0.364018,-0.01973,0.407155,-0.009815,-0.781491,-0.202179,0.330543,1.403886,-1.019506,0.363518,-3.147501,-0.049939,-0.779968,-1.100268,-0.079308,-1.272519,-1.084117,-0.137636,2.279855,-1.410985,-2.097179,0.648272,-1.055751,-0.095948,-0.166939,-0.848911,1.071193,1.800436,0.880083,1.396732,0.507378,0.657248,0.096568,1.068659,-0.087549,1.251867,-0.009821,-0.192056,-1.177148,-0.402598,0.63319,-0.256082,-0.91989,-1.453542,-0.828665,-2.058874,-0.133664,1.075451,0.330369,-1.131284,1.005744,-1.261525,0.228766,-0.801056,-0.269209,0.492591,-1.510177,-0.14612,0.849227,0.543304,-0.419519,0.291218,-0.214653,0.354048,0.4875,0.939179,0.67484,1.52031
JU2007,-0.351755,-0.246352,0.720149,0.456481,0.469595,0.747129,0.873268,0.944234,-0.066173,0.488329,-0.049334,-0.058385,1.741496,-0.13197,-0.018896,-0.122938,-0.773535,0.787968,0.618206,-0.735788,-1.113369,0.550226,-1.345549,-0.033418,-0.876674,-0.797826,-1.176896,-0.483493,-0.802566,-2.429032,0.385393,-0.740155,-2.348607,0.224522,0.889262,-0.925892,0.241758,0.020638,-1.069443,0.212039,0.162082,-0.765321,-0.305029,-0.363043,0.035028,-0.403128,-0.6582,-1.252863,-0.05504,-1.075338,-0.89147,0.947137,-1.85416,0.102655,-0.338563,-0.299093,-0.384745,-0.348264,-0.743504,-0.411751,-0.388604,-0.526588,-0.342254,-1.173103,1.318518,0.619711,-0.344789,0.331476,0.045866,0.416171,0.695946,1.034425,-1.719246,-1.073967,-0.380262,-0.036947,1.905687,-1.795071,0.839028,0.495355,-0.361732,-0.817635,-0.298228,0.296037,0.106681,-0.179027,1.252404,0.036566,-0.01156,-0.000491,-0.321746,2.400427,0.381186,2.518698,1.512836,1.629699,1.398713,2.674476,2.186472,0.797899,-0.273952,0.915107,-0.344071,-1.161801,0.318801,-0.954158,-0.47385,0.284853,0.660523,-0.189167,-0.739532,-0.76647,1.028376,-0.076209,-0.826085,-0.076354,-0.10013,-1.362903,1.317596,0.252385,-1.508881,1.444818,0.78761,0.375,-1.37439,-0.31353,-0.404033,0.551483,0.098208,-2.601783,0.339013,0.001358,0.663944,-1.883641,-0.075909,-2.378001,0.984793,0.385479,1.177788,-0.025302,1.340242,0.17486,-1.468537,0.907149,-0.581834,1.056823,-0.260763,1.07893,0.652869,0.454313,0.399732,0.817116,1.472423,-0.354983,2.016107,-1.715771,-0.771803,-0.902926,-1.321976,0.636748,-0.774077,1.411638,1.478414,-0.133901,-0.011258,0.748815,-0.097716,0.320886,-1.288597,0.309846,0.671751,-0.394815,0.544196,0.062397,1.968136,1.300308,1.304076,2.340236,1.054591,0.415413,0.438454,-0.061041,0.542011,2.145946,0.987393,0.613703,0.715799,0.018422,0.996747,2.105592,-0.508183,0.449584,-1.058115,-0.254584,-0.015686,-0.553538,-1.378346,0.015433,0.32878,0.515098,-0.955488,0.031791,0.124471,1.188695,0.373792,0.345596,-1.708949,1.950432,-1.744568,0.321132,0.342948,-0.801055,-1.648126,-0.538641,-0.79949,0.886942,0.014642,-1.271866,-1.986676,0.755861,0.320279,0.358772,-0.801344,-0.147377,-0.292025,-1.044813,0.497461,-0.568034,-0.583787,0.163725,-0.021248,0.342235,-1.309279,-0.69399,0.824431,0.34742,0.641753,1.881552,0.363116,1.288788,0.038148,1.715932,0.251719,0.663216,-0.076418,-1.603603,-0.330403,-0.081157,-0.094914,0.552127,-0.106124,-1.441126,-0.617334,-0.827377,1.031262,2.101259,-0.096879,-1.68827,-0.728436,1.105143,-0.188343,0.639121,0.604552,0.224975,-0.364252,0.105539,-0.577403,2.217163,0.600671,0.648071,1.308704,2.220898,0.178725,0.752934,1.043912,-0.980106,2.457471,1.31004,-0.024626,-0.498655,-0.219047,-0.448782,-0.843449,-1.805866,0.623617,-0.740425,-0.346478,-1.018131,-0.494713,0.40122,-0.43497,-1.207302,-0.632054,-0.315921,-1.253903,-0.546655,-1.183099,0.421478,0.279174,-2.813932,1.063464,-2.865635,0.486124,0.249587,0.172729,-1.256078,-0.953612,1.63754,1.105128,0.644615,0.329419,0.053388,0.309489,0.122257,1.068401,1.252734,0.179999,1.898058,-0.056886,1.706225,0.186959,-1.805019,0.354386,1.004424,-1.049305,-1.007104,1.0903,0.495888,-0.034206,1.005188,1.448744,0.113948,0.393583,0.310749,0.628657,-0.080086,1.855903,0.52676,0.42196
JU2017,2.510125,0.965158,1.603544,0.516329,1.221566,-1.077651,-0.489907,-0.270075,-0.07409,1.953757,0.755197,-0.313284,-0.022406,-0.650028,-0.906573,-0.60491,-0.48163,-0.447377,0.66622,1.502826,-0.593717,0.346646,1.591805,2.678733,0.860027,1.407242,3.640338,-0.314093,-1.271126,-0.412405,-0.333022,-0.609781,-1.247461,-1.68998,-0.834749,-1.613751,-0.410937,-0.265126,0.111289,-0.158199,1.278436,0.496077,1.68717,-0.485362,1.089741,-0.206043,-0.875804,0.248071,-1.695341,-0.73793,0.005071,0.090847,-0.147733,0.60044,0.829491,-1.170627,-0.132733,1.180024,1.717377,1.398713,1.632822,1.067283,0.765966,0.324941,0.052582,-1.956584,1.067709,-0.513672,0.576042,0.630644,-0.187788,-0.507829,0.606321,0.99126,0.348034,-1.254134,1.196531,-0.549197,0.575844,-0.152658,-0.752867,-2.487969,0.590991,0.798341,-0.516875,0.592478,0.885203,0.040772,-0.577206,0.556578,0.299411,0.388019,0.32024,0.05348,0.847239,1.095527,1.446592,-0.610447,-1.05732,-0.508589,-0.344204,1.443676,1.161315,-0.206266,-1.199921,-0.718595,0.532449,0.460765,-0.767843,0.518355,-1.537387,1.541506,0.392463,-0.345137,1.10125,-1.168658,-0.971416,0.106199,0.988184,-1.208839,0.973759,-0.17555,0.61669,-0.878743,-0.320292,-0.51739,0.919813,-0.700182,0.667984,0.424118,-1.162393,-0.966143,-0.288898,-0.021149,-0.331657,-0.620314,-0.666742,-0.520442,-1.400647,0.303379,-0.50246,0.018045,-1.189291,-0.017044,-0.007298,-1.509751,-0.523212,0.52962,-0.627984,-1.457646,0.524126,-1.030374,-0.572651,-1.27672,-0.151873,-0.253932,0.374615,0.231246,0.867071,0.561005,0.133636,-0.781122,-0.849063,1.139217,0.446164,-0.624938,-0.406784,0.209656,1.745665,-1.786486,-0.542244,1.247646,0.075499,2.055685,0.1945,-0.507311,0.537108,0.761053,0.098152,0.620609,0.610414,-0.690592,0.2368,-0.332043,-0.055563,-0.820182,-1.426247,-1.37611,-1.650074,-0.836166,-1.927476,0.496829,-0.321215,0.062117,-1.789065,-0.040914,0.349921,0.218935,0.927844,0.202202,-0.36336,0.248224,-0.637041,-1.968684,-1.117699,-0.195311,-0.209628,0.077237,-1.625813,-0.139338,-0.620812,-0.674183,1.368657,-1.297869,-1.297523,-1.766787,-1.665137,-0.316373,-0.514242,-0.227311,1.311913,-1.100062,-0.141791,0.359916,-0.859815,-0.286535,1.347178,-1.51349,1.063883,0.020814,-0.448809,-0.42647,1.31936,2.340265,-0.42435,-0.589013,1.301731,0.397616,0.268215,-1.82992,-0.154605,-0.804099,0.150447,0.456951,-0.264995,0.058153,-1.708454,0.577027,0.397177,-1.117216,-0.329661,-0.669107,1.204062,0.337221,0.047573,-0.499699,-1.418052,-0.455802,-1.013182,-1.797568,-0.651567,-1.345918,-1.249217,1.234281,1.095717,-0.133453,0.87583,0.162415,-1.65098,-0.862616,0.641769,-0.758407,-1.648604,0.262455,-1.553397,0.788146,0.214429,-1.006538,-1.286792,0.511508,-1.555424,0.870757,0.707608,0.944525,1.32941,1.408796,0.684272,0.455828,0.977389,-0.119245,0.103836,0.987615,-0.903561,-0.049111,0.030081,-1.637758,-0.962906,1.697053,0.438787,-0.906732,-1.176114,-1.458893,-0.245258,-0.769208,1.469572,0.03285,1.442085,-2.143359,0.517336,-0.589963,-0.062281,2.401863,1.40911,-0.19289,2.434592,0.611363,0.181934,-1.73741,-1.602842,0.266778,0.320779,-0.525502,-0.210246,-0.643431,-0.576032,1.80899,1.781153,-0.014228,1.313784,0.682405,-0.531368,-0.59275,-0.73349,-1.218116,0.310687,1.611296,-0.851286,0.366799,0.881568
JU2106,-0.243656,0.804455,0.118369,0.416415,0.871448,0.697832,-1.231101,-1.023654,0.534606,0.064257,-0.12737,-0.556351,-0.277506,-0.890135,0.280934,-0.792358,1.459921,1.19983,0.876792,-0.301637,-0.064896,-2.637334,1.166708,0.308204,-1.307536,-0.613631,0.999429,-0.12003,1.082462,-0.468392,0.378605,1.549669,1.122383,0.962643,1.120999,0.102452,-1.015163,0.882788,1.054774,0.083962,0.425096,-0.118238,-0.751414,-1.244083,0.071502,0.246791,2.037888,0.264308,-0.595609,-1.581967,-1.075649,0.598553,1.186193,0.146315,-2.306583,-0.354926,0.053821,1.061615,1.370311,1.021995,-0.85783,-0.976765,-1.461763,-0.180546,-0.825674,1.974035,1.373746,-0.238312,-0.085233,-0.591736,0.126754,-0.492006,1.14735,-0.05137,-0.546697,1.238468,0.437412,1.48591,-2.114326,-1.02366,-0.440196,-0.985195,2.219052,0.5426,2.124446,0.340377,1.267299,1.721528,2.087722,1.710487,-1.220314,-0.136642,0.001788,-0.611881,0.873271,-0.987192,1.615122,-0.027645,-0.49718,0.333435,1.173681,-0.643611,0.953406,0.009558,0.171612,0.142787,0.13711,-0.565126,-1.997249,-1.479978,0.332781,0.516564,0.890898,0.763895,0.289487,-0.199922,0.17814,-0.889096,-0.163062,2.368879,0.044659,-0.380273,-1.324526,-0.786599,-0.325595,-0.214203,1.538413,-0.250981,0.140545,0.597938,0.042402,-0.136118,-0.692199,-0.162061,-1.519068,-0.904357,-1.062849,1.475289,-0.915202,-0.000209,0.232929,-0.760574,-1.064472,0.123514,0.379848,-1.067049,1.098755,1.843755,0.855972,0.400378,0.70451,0.805328,0.628479,1.117498,0.654094,-0.332307,-1.964041,0.792178,0.779595,1.425711,-1.758972,-2.459952,1.175915,-1.132584,0.272807,0.665248,0.076005,-0.349684,1.123892,1.555916,-0.175788,-0.82384,-0.726701,-0.459336,-2.034049,-0.43036,-2.48393,-0.066141,0.411374,0.64641,1.973352,-1.619863,0.898424,-0.485147,-0.38611,1.494591,-0.701578,-0.933029,1.494168,-1.248826,0.542718,0.179909,0.198352,-0.505046,-0.517911,-0.399567,-1.612704,0.77497,-0.42583,-0.288984,-0.955456,0.883834,1.200617,-0.355749,2.409923,1.711753,1.928721,1.521291,-0.132033,0.293227,-0.383603,0.423256,0.037909,-1.643619,0.839049,-1.218004,-0.477143,-0.130889,-1.44155,-0.521212,-0.764722,-0.421837,-0.638127,0.015424,0.52706,-0.699412,0.86529,1.184356,-1.257652,-1.408826,0.113569,-0.559257,-1.065944,-1.188235,0.914718,1.119638,-1.652763,-0.018066,1.758391,1.102364,-0.927922,1.652322,0.895005,0.066864,0.569644,0.174814,-0.179742,-0.427203,0.560979,0.422157,0.41655,0.881596,0.006151,1.328114,0.688871,0.699419,-0.503135,-1.979177,-1.187997,-0.959128,-0.429913,-0.569097,-1.776621,-0.313047,1.231787,0.023679,0.728303,0.018056,0.468613,2.625834,-0.719272,-0.721208,-0.084329,-1.497534,0.238301,0.450745,-0.972196,0.194642,-1.017139,0.314556,0.16339,1.791463,0.92406,-0.706644,-0.305719,0.875728,0.660564,1.281926,-0.606318,0.863264,0.514451,0.89398,0.332384,-0.248506,1.198924,0.013056,1.798289,-1.138553,-0.334052,-0.895266,0.356619,-0.848334,-1.902302,-0.287343,-0.700503,1.099714,0.078054,-0.821307,-0.660859,-0.902416,0.58688,-0.363386,-1.606553,0.625788,-1.586123,-0.414758,-0.918504,0.048856,-0.472072,-0.095364,0.68051,-1.742524,-0.527887,-0.420142,-0.734974,1.643964,-1.515525,-1.272636,0.178575,0.853272,0.633997,0.330778,0.040309,0.352355,-0.385362,-1.767413,-0.314139,-1.372635,-0.670144
JU2234,0.57878,-0.601826,-0.590872,-0.615872,-0.802161,0.655889,0.387741,0.673659,0.044252,0.448459,0.388808,0.624959,-0.011198,1.269961,0.246233,0.029642,-0.208846,-1.23275,-2.34809,-0.813342,1.948133,-0.703641,-0.028961,0.465842,-0.600273,0.513899,0.298548,-1.295154,-0.188738,-0.102193,-0.188976,0.697243,0.636972,0.02666,-0.171813,0.451109,-0.511542,-0.631295,-0.825388,0.650852,-0.606485,-0.280664,0.344048,-0.117034,-0.660449,0.295411,-0.096968,0.789098,-0.360497,-1.714659,1.39409,0.732498,-0.347469,-0.344381,-0.775559,-0.373316,0.001622,0.87243,1.615678,0.87162,1.542229,-0.41314,0.674987,0.230368,-1.061354,-1.019225,0.557647,0.972684,0.489111,-0.332497,-0.385132,0.056732,-1.258636,0.479873,0.699095,-1.173951,-0.748511,-1.094777,0.24266,-1.428854,-0.026675,1.422709,-0.735975,-0.501637,-0.377906,0.279134,-0.330373,0.396919,0.543647,-0.367753,-0.707518,-0.551841,-0.026988,-0.478899,-0.99458,-0.59799,0.916196,-0.33296,0.003681,0.47242,1.226267,0.749676,2.438602,1.682425,2.899658,2.221752,2.603058,3.081969,0.732283,0.147597,1.81362,1.37825,-0.122843,-2.249718,-1.194469,0.079038,-0.086348,0.897377,-0.85949,2.044538,0.203189,1.489629,-0.414106,0.797791,1.894443,2.253355,0.647818,1.005026,-0.382784,-0.82562,1.31313,0.20118,-1.522151,-0.341257,0.047124,-1.033047,-0.90787,-0.195446,-0.773454,-1.33506,-0.512058,-0.865044,-1.184807,-0.484867,-0.880489,0.050312,0.303909,0.520483,-0.176959,-0.269986,0.01426,0.910455,1.936621,0.617127,-1.396107,-0.652448,-0.682873,0.642775,-0.470049,-0.23491,-1.285045,-0.580046,0.316004,0.750515,-0.962964,-1.365651,0.311982,-0.293889,-1.403439,0.518702,-0.603458,-0.727089,0.449781,-0.024627,-0.287037,0.448257,-0.289205,-0.722639,-0.056522,-1.321788,0.206198,-1.128328,-0.279359,1.432889,-0.245299,1.14263,0.785695,1.469985,1.127929,2.421594,2.577389,0.34493,0.513358,-0.047179,2.119551,1.215038,1.407309,1.40039,0.192423,-1.478965,0.423917,0.579531,-0.405955,-1.196348,0.358991,1.234465,-0.369884,-1.119499,1.033145,-0.058105,0.220054,0.928985,-2.409655,0.194413,1.42199,-0.002111,0.767138,-2.791597,0.540616,-0.980136,-2.785556,-0.759221,0.925744,-1.675243,0.110358,0.536304,-1.336325,-0.596729,1.864242,0.464987,-0.669876,-0.528353,-1.333764,-0.809964,-0.555029,-0.208472,-0.464209,1.488247,-1.047916,-0.264516,1.08874,1.027744,2.051117,0.363521,-0.004364,-0.699557,-1.210387,0.6483,0.702459,-1.235716,0.077184,-0.638807,1.236975,0.586684,0.298623,0.723992,-1.915972,-1.081294,0.399483,1.831881,0.428947,0.477974,0.442543,-1.977939,0.848952,1.205438,2.190749,-0.704679,0.255666,0.943215,-0.689509,0.297012,2.319834,2.799888,0.995882,1.843483,1.390884,1.35356,1.854355,0.807051,0.623903,-0.842525,2.602353,0.488531,0.943603,2.148839,0.545234,0.163118,-0.032144,2.301868,-1.035359,-0.460049,0.975505,-0.57433,1.899236,-0.383787,0.699566,0.018904,0.289376,-1.825755,0.156572,-0.282553,0.540544,-0.316071,-0.776914,-0.230463,0.036802,0.197266,-2.197326,0.211588,-1.445662,0.81432,0.041482,0.232194,-1.239198,0.735823,-1.303908,0.598525,-1.051241,0.273559,-1.538354,-1.384329,-1.064667,0.531337,0.270134,-1.636857,1.252116,0.022753,1.219758,1.073536,-2.55427,0.803061,0.101386,0.646232,-0.324664,-0.118389,0.052074,0.149309,-0.275813
JU2316,-0.167794,2.037027,-1.376638,-1.331596,-1.513044,-0.570472,-1.212556,-0.104248,-0.521173,0.074031,0.225548,1.78835,0.874377,-0.297403,-0.525377,0.889853,-0.546117,0.873918,0.77093,-1.736718,1.257901,0.996563,-0.276453,-0.13741,-0.212069,0.281885,-0.142033,-2.0525,0.9913,1.121001,0.040186,-0.291172,0.062428,0.156838,0.560167,-0.060664,-0.082853,2.361942,-0.180334,-1.286729,1.350711,2.167898,-0.421151,0.503658,0.699466,1.823237,-0.071745,1.452108,-1.030784,0.43717,-0.873555,-1.161138,-0.193192,0.209371,-1.676628,-2.029414,1.376178,-1.267094,-2.44628,-0.244563,-0.783862,1.397804,-0.662665,0.796384,-0.301479,0.736791,1.04923,0.399556,-0.060278,-0.042459,2.237479,1.547211,1.244858,-1.359015,1.171272,1.455131,2.009,0.966106,-0.796495,0.125854,1.649159,0.500687,-0.068634,-0.408732,-1.945218,-0.910166,0.295343,-1.906647,-0.651396,0.943851,1.090908,0.49232,0.405429,-1.211272,1.97282,2.117549,2.784708,1.119204,2.392435,-0.574499,1.148458,0.824607,-0.122395,0.211967,-0.392361,0.185493,0.777971,-0.758448,0.53633,0.591455,-0.347552,-1.694971,1.288494,-1.000157,0.556731,0.503966,0.826316,-0.573381,-2.335685,-0.229407,1.359855,-0.78755,-0.486263,-1.404192,-1.383564,-1.066668,0.555928,0.052397,-0.672138,-1.260532,-0.173299,0.137305,-0.406606,-1.601826,-0.117692,0.78852,-0.214125,-0.427429,1.071423,0.02467,-0.122747,1.440422,1.115823,-0.329455,-0.036881,-0.28557,-0.782273,0.841213,0.572044,-0.675993,0.955066,-1.191989,-1.704605,1.867499,1.567342,1.702767,0.770908,0.309523,-0.307681,-0.124377,-0.856186,0.610686,-1.019548,1.660268,0.965171,-0.596758,1.300151,0.36477,0.11175,-0.416986,-0.488553,1.164568,0.939448,-0.609379,-0.237853,-0.015402,1.791747,0.958459,1.50005,1.983318,-0.089836,-0.212815,0.293835,-0.561336,0.295969,0.094881,0.172625,0.718883,-0.087287,1.968131,-0.04537,-0.085674,-0.465901,0.182451,0.896678,2.308993,0.737612,0.003557,1.918441,-0.454396,0.888134,0.193575,-1.033499,0.454375,0.904734,1.048043,-0.054445,-2.402954,-1.810816,-0.271151,-0.589332,-1.169513,0.233414,-0.660841,-1.327644,-1.190569,0.284004,1.734277,0.323455,0.439524,1.597564,1.027471,0.662181,1.730729,1.474952,-0.233368,-0.415709,0.801653,-0.74227,-0.977107,0.431781,-0.060391,-1.623662,-0.152775,-0.343476,-0.117837,0.036994,-1.138886,-0.280018,-0.021153,-0.114216,-0.13824,-0.418521,-1.031794,-0.532936,-0.768556,1.51348,1.981637,1.130619,1.669228,0.449302,1.413654,-1.073955,0.70215,0.269484,-0.088867,0.768714,0.105473,0.330992,1.244467,1.193501,-0.539444,-0.28932,0.373891,-0.089737,0.114407,0.084511,-0.385541,0.509123,0.846263,-1.28088,0.718476,-0.450566,-0.897356,0.153587,-3.248038,-1.547878,-0.763113,-1.122957,-0.325516,0.462836,0.400657,-0.908412,2.409042,-0.246544,-1.552144,0.463438,1.011685,-0.04629,0.421305,-0.186601,0.326537,-0.780804,-0.991285,-1.142125,-0.233385,-0.689567,-1.323934,-0.879389,-0.367664,-0.827544,0.751716,-0.431141,0.074671,1.101531,-0.11735,-1.071155,0.0823,-1.078199,-1.063789,0.063255,1.043701,-0.967085,0.208149,-0.012875,1.367121,1.606753,0.577666,-1.572926,-0.508681,-0.299515,-0.00772,-0.031279,-0.119636,1.60427,0.893028,-0.84674,0.543507,0.466936,0.246813,0.41342,1.188834,-0.569253,0.348231,-0.152722,-0.25505,0.906087,-0.405498,2.984995
JU2464,-1.037948,-0.261651,-0.497483,-0.449492,-0.181321,0.697032,-0.910903,-0.535623,-0.993625,-0.466713,0.031545,0.311991,1.17881,-1.204128,-0.510701,-1.308362,-1.595936,0.582931,-0.485957,1.419869,0.14144,-0.360406,-0.49853,-0.312839,-0.708233,-1.123647,-0.598856,-0.202426,-0.620015,0.645143,-0.235479,-0.82576,-1.286458,-1.012856,0.72246,0.175256,-1.280041,-0.312898,0.118043,1.806477,2.162693,-0.677647,-0.79879,0.724115,-0.555533,0.128163,-0.817781,0.435364,-0.217847,-0.311222,0.708283,-0.621175,-0.202701,-0.478854,0.835981,-0.259214,2.340515,-1.068288,1.625939,0.61245,1.157545,1.198327,2.231171,-0.034979,-2.320755,0.347459,0.611399,-0.154213,-1.312774,-1.093883,-0.271465,-0.568727,0.151005,0.497112,0.175826,-1.604258,-1.055204,-0.805587,-0.254171,0.541529,-0.44038,-0.538546,-0.339521,1.283428,-0.268341,-0.149791,-2.655906,-0.402454,-0.005269,-0.165955,-0.440319,0.359558,2.075796,0.266323,-0.276712,0.66919,-0.531528,-0.707795,-0.96925,-1.099365,0.625648,-0.431922,-0.988364,-0.227974,0.530306,0.239776,0.16929,0.014074,-0.754727,1.592405,-0.560445,0.356138,-0.804244,-1.523244,0.162123,1.037857,-0.482872,-0.828364,-0.014654,-0.893889,-0.994148,-0.443294,2.430837,-1.008412,-0.002162,0.358864,0.222439,-0.662786,0.759236,0.704256,-2.602835,0.084107,0.167539,0.98593,-0.475448,-0.648878,-0.764036,0.466424,-1.056027,-2.614456,-1.039963,-0.370764,-1.621606,-0.439574,-0.84405,-1.017918,-0.625296,1.136281,0.341014,-1.296918,-0.438137,-0.831026,-0.090985,-1.87921,0.526377,-1.640175,0.014285,-0.231309,1.947212,-0.188544,-0.375364,-1.215306,-0.051115,0.776792,-0.354215,0.908886,0.048961,-0.135975,-0.313621,0.287811,-0.564841,0.83019,-0.473686,0.686785,0.171321,1.928889,-0.021943,0.26915,-0.92055,-0.606983,1.307495,-0.948395,-0.687661,-0.489957,0.450591,-1.664413,0.492875,-0.102429,-1.162659,-1.04759,-0.74004,-0.145202,0.370249,-0.850324,0.417211,-1.039893,-0.09259,-1.381664,0.421256,-0.466403,-0.314249,-1.523281,-0.268754,-0.482534,-0.432752,-0.233889,0.599979,0.466417,0.082131,0.441606,-0.03733,-1.239494,0.225002,-0.836762,-0.086162,-1.245146,0.064924,-1.554745,-1.358407,-0.863008,-0.038846,-0.478911,-0.348517,-0.581167,-0.976557,-0.492865,0.09309,1.831813,-1.554764,-0.244352,-0.092495,0.179136,0.347685,-1.900274,0.574231,0.415979,2.283239,1.319839,0.54525,1.464224,0.788096,2.042945,1.44011,0.172791,-2.527302,0.970273,0.45726,0.620478,-0.115633,-0.342411,-1.223046,-0.632347,1.300469,-1.424536,-0.105525,1.095697,0.68309,0.537618,-0.456512,-0.783061,-0.327395,0.234802,1.390201,0.620364,1.922233,1.52728,-0.810437,0.037067,1.913219,0.584816,1.880927,0.855994,0.278556,-1.485857,-1.313959,0.408152,0.631423,-1.84608,-0.190686,-0.723595,-0.475041,0.916304,-0.181185,1.223928,-0.341014,-1.198123,-0.646968,-0.402755,2.07219,-0.816447,2.925185,-0.65798,1.653351,-1.219833,0.1089,-1.655305,0.044631,0.26742,-1.643249,1.014972,0.310285,0.304816,0.832698,-0.48644,-0.713559,0.6623,-0.466495,-0.990515,0.118739,1.106765,0.194817,2.925643,0.066581,0.787558,-0.599157,-0.70112,0.180936,-0.908012,-0.726461,-1.329093,-2.169544,-0.500421,0.089232,-1.821015,0.046038,-0.190028,-1.217449,-1.265234,-0.345595,-0.828957,2.515627,0.105369,0.343586,0.026412,-0.174091,0.060844,-1.102801,-0.263514,0.60955
JU2519,0.01361,-1.353926,-1.121232,0.153895,0.304475,0.830282,-0.654011,0.703562,0.303169,0.723111,-0.593461,-0.274899,0.196384,-0.470549,0.891448,-0.950929,-1.457652,-0.731936,0.337141,0.439166,-0.612133,-0.768325,1.186544,-0.818066,-0.114733,0.168026,1.214048,1.112811,-1.052097,-1.652454,-0.40231,-0.591765,-0.940178,-0.182884,0.715904,-1.513088,-0.172123,0.054573,-0.275909,-0.42451,-0.010116,1.918219,-0.355865,-1.500332,1.097418,0.036855,0.738244,0.039194,0.757563,-0.788009,-0.339885,-0.516427,-0.798561,1.32288,0.36747,-0.770032,-2.041447,-0.699544,0.238625,-0.757853,-0.65096,-0.769235,-0.707357,0.673313,0.067317,0.991376,1.714939,1.22673,1.975422,1.627264,1.87074,2.007676,-0.083973,0.648965,-0.229842,0.716751,-0.04743,-0.171962,1.134765,-0.052821,-0.264757,-0.250748,-0.476961,-0.399879,0.421809,0.223654,0.641776,1.271948,0.057771,-0.787706,1.385481,0.099826,0.776527,0.199659,-1.826183,1.312928,0.54906,-1.072423,0.174438,0.656833,-0.579459,-1.36248,-0.613513,1.029825,0.691515,-0.082934,-0.174325,-0.592625,0.065603,-0.093677,-1.109492,0.372877,0.305457,-0.725637,1.249925,-0.303224,-0.061998,-0.461127,0.0023,-1.058377,-0.387406,-0.656919,-0.073097,0.239956,-0.486066,-0.52488,0.525575,-0.103002,1.020916,0.656201,2.611239,0.633071,-0.254759,1.393751,0.866467,0.595992,1.128351,1.60635,-0.141642,0.586416,-0.24951,1.143872,1.04802,0.343921,-0.585144,-1.863625,-1.014355,0.716595,1.541275,-1.492446,-1.259879,-0.74389,-1.61221,-0.623422,-0.574748,0.543515,0.075767,-0.818738,0.231348,-1.013813,0.740024,-0.163269,1.634536,-0.879109,0.461542,1.128415,1.69704,0.885326,0.560194,1.274585,1.709851,-1.34178,0.404165,-0.132182,-0.89644,-1.02327,0.278089,-0.998175,-1.029827,0.61026,-0.988661,0.815079,2.631865,-0.225647,-0.215895,-0.107593,-0.462121,1.0251,-0.980071,0.505162,0.563955,0.39694,0.749429,0.555352,0.159652,0.696739,0.480266,1.768918,0.59485,0.695531,-0.047414,-0.055715,-0.397826,1.472774,0.178897,-0.404476,0.11484,1.502903,-0.945785,0.434777,0.406716,1.076249,-1.337368,1.365083,0.008876,0.794418,-0.921749,-0.115869,1.366713,1.06591,1.557835,1.271638,0.63027,1.793062,2.53247,0.310601,0.619863,2.153403,0.611263,1.233056,2.208659,2.716418,1.153184,0.965795,-0.641603,-0.49857,-1.815148,-0.488682,-2.203857,0.234772,-0.147351,0.186139,1.161421,0.127877,-0.333275,0.047791,0.888973,0.985314,1.567972,0.191084,1.537257,-0.935181,0.400684,0.205038,-0.608314,-1.21737,-1.186596,-0.532883,0.614247,-0.949676,0.01296,-0.147316,0.455782,-0.061732,0.401487,-0.660344,1.233709,1.668119,-0.804453,1.633581,1.174014,0.108107,-0.904155,-0.54654,-0.318253,0.482331,-0.960517,0.76604,0.651602,0.099607,1.280641,-0.323009,-0.555714,-0.12614,0.984698,1.142788,0.671949,1.292478,-1.931545,-0.196822,-0.342083,-0.249437,-0.423874,2.055709,-0.477706,-1.034971,0.565469,-1.230293,-2.116812,-0.517365,0.983732,-0.28931,-1.190914,-1.42893,-0.495462,-0.31902,1.632293,-1.888105,-0.877661,-0.72497,-0.720421,1.517132,-1.011919,0.954603,-1.29497,0.783407,-1.544359,-0.22965,1.190622,-0.377006,0.589963,-1.169709,-1.195203,-1.790212,-0.351121,-0.202703,-0.192519,-1.17001,0.65435,0.5733,-1.316598,0.264411,0.768813,-1.293743,-1.200683,0.069205,0.529672,2.231201,1.78384
JU2526,-2.235744,-0.158326,-0.423611,-0.84264,1.107544,0.43429,0.098955,-0.842226,-0.270757,0.449014,1.228828,1.760108,0.845301,-0.001704,1.123324,1.241819,0.807613,0.323319,1.163643,-0.07338,1.817069,-2.041338,0.876816,-1.32766,0.69232,0.354555,-1.245674,0.128234,0.528186,-0.037942,-1.008738,0.129126,2.455227,-0.516303,-0.536023,-0.692075,1.936472,-0.662216,0.991477,0.291038,1.031108,0.349771,0.924486,-0.378461,0.908009,-0.688439,1.190364,0.114372,0.201387,1.895058,-0.952098,-0.420927,0.085513,-0.723356,-1.391711,-0.583554,-1.29175,1.7198,0.264412,0.564281,1.726556,0.449737,-0.160861,0.164943,0.211593,0.804845,1.349182,1.661984,1.888819,2.002679,1.405976,1.079651,-1.125267,0.16245,-1.367287,0.03416,-1.488745,-0.000412,-0.021811,-1.935772,-0.594443,-1.037745,-1.098138,0.023016,-0.85414,-0.176642,-1.488452,-0.902299,-0.88828,0.771985,0.044139,-1.732504,-0.282371,-1.371263,-0.10925,-0.078959,-0.524847,-1.02532,-0.639208,-0.663973,-1.52789,-1.769688,-0.882749,0.42334,0.436424,0.877667,-0.090789,1.341382,-1.434019,-0.598833,-0.520861,-0.52679,-0.570962,0.506283,-0.885687,-1.2048,-1.405359,-1.000478,-0.048937,2.468591,-0.812901,-0.500136,2.26951,-0.515524,0.414642,-1.983372,-1.149363,-1.098482,-0.973006,0.02317,1.048206,0.275588,-1.593039,-1.176142,-0.798369,-0.54927,1.914056,0.760112,0.210761,-0.640562,0.913928,0.003346,-0.017198,0.22195,2.347125,-0.767983,-0.868153,0.600432,-1.165018,0.936188,0.415589,1.044279,0.077376,0.600213,-0.718302,1.250582,-0.752241,-1.466456,0.307522,-0.929374,0.339271,-0.029879,-1.264567,0.310331,1.610703,1.122685,-0.766537,0.987106,0.49517,2.774078,0.403258,1.297705,-0.587514,0.469413,0.13262,1.603076,0.915888,0.95895,1.2727,0.465393,-1.181151,-0.949556,0.631581,-0.264752,-0.881095,0.454748,0.304346,0.191031,0.316028,0.563115,0.277633,0.782029,0.348742,-0.322843,0.358474,1.403023,1.180037,1.588079,1.633765,0.371867,-0.024419,2.70993,0.390636,-0.012872,0.482882,-0.492913,-0.458842,1.132085,0.131369,0.479811,-1.049126,-0.042084,-1.930939,-0.218665,0.486324,0.653184,-0.622456,-1.225912,0.339799,-0.792983,-0.381488,-1.213021,0.398657,-0.333824,0.156776,0.653503,-0.358975,-0.056933,-0.831846,-1.775865,0.983629,-1.539828,-0.869723,-1.529041,0.715915,-0.515001,1.926697,0.374316,0.229283,-0.001085,-0.161134,-0.66834,-0.008428,0.723531,1.044666,2.160945,1.196702,0.724222,0.101487,0.891974,2.765164,-0.159615,-1.216314,-1.082081,-0.720331,0.001886,0.926259,-0.276605,-0.877053,-0.298847,0.172474,-1.19749,2.079924,-0.997459,-0.981001,-2.419089,-0.528816,-1.419122,-1.654634,0.283238,0.03242,-0.272831,-0.829342,0.983112,-0.752869,0.051522,-0.266694,-1.375735,-1.736975,1.246889,-0.427236,-0.704516,0.053249,1.43701,0.903333,2.434861,1.012553,1.144376,0.532048,-0.511969,-2.132314,-0.229361,-1.823893,-0.826414,-0.237803,0.07027,-1.133743,0.273726,-3.423392,-1.066146,1.269192,0.991218,1.365475,0.803155,-0.020209,1.103459,1.19909,-0.418313,-1.942802,0.88334,0.75889,-1.331049,-0.579728,0.361053,-0.539241,0.764681,0.627595,1.156692,0.215629,-0.155315,-0.424237,-1.407213,-0.42733,-0.47159,1.744503,-0.647106,-0.347839,-0.758749,0.246054,-0.301707,-0.685827,0.453749,0.690905,0.478029,1.302335,0.553098,1.692576,0.622822,0.928871
JU2576,1.454057,0.170382,0.245746,-0.159961,-1.248091,1.830084,-0.866025,0.724387,-0.068805,0.126642,-0.383495,-0.72596,-0.203272,0.66105,-0.035691,-1.078958,-0.695837,0.22816,0.196062,0.59704,-0.23503,-0.737645,1.177057,-0.365365,0.664557,-1.187429,0.519868,-0.471185,-0.409398,-0.996138,0.814193,-0.408361,1.006997,0.47249,0.189884,-0.222556,-0.891897,0.250935,1.79623,1.940991,-0.830184,0.079864,-0.179327,-0.438706,0.319958,-0.05783,-1.178343,0.847215,-0.283595,0.271125,-0.23343,0.291747,1.060113,-0.260029,0.455892,1.03432,1.454187,-0.223831,1.24046,0.504682,1.422387,1.895394,3.06985,-0.884987,-2.296297,1.624168,0.146784,0.029105,0.934064,-0.378567,0.225579,0.089727,0.723011,-0.986013,0.030894,0.867216,-0.036433,1.065442,0.459158,-0.254096,-0.073597,-1.123263,-1.640248,-0.291463,0.052429,1.702691,-1.48157,-0.512007,-0.500605,-1.11562,-0.149229,-0.18856,-1.331936,0.942038,2.089725,0.565936,-0.919512,-1.86058,-1.033154,1.255118,-0.437361,1.324303,0.061671,-0.063239,-0.704237,-0.150196,-0.029344,-0.98796,1.354297,0.362989,0.351912,0.149103,0.2623,0.587447,-0.297527,-0.357266,-0.889049,1.161097,0.624969,-0.392084,-0.417965,-0.411956,-0.056459,-0.967194,0.974279,-1.130539,1.07228,1.169049,-0.378405,0.532697,-2.117853,-0.893098,0.087671,-0.495331,0.319916,0.698895,1.019334,-0.312913,0.326683,0.170234,0.205369,0.63422,0.701865,1.155635,0.5533,-1.075232,-0.213854,-1.512885,-0.599381,-1.047183,0.673546,-1.095776,0.54529,1.299189,1.016984,-0.835301,-1.48984,-1.122187,0.970793,0.080444,0.000391,-0.149437,0.838385,0.50431,-0.913886,0.925297,-0.421913,-0.999442,-1.926847,-0.986403,-0.16895,-1.109445,-0.778737,-0.014397,-0.476628,0.12453,-0.944688,-0.333402,-0.593884,-0.413917,0.480812,-0.366649,-0.22197,-0.91325,-0.421845,0.574701,-2.260995,-1.827136,-0.997255,-0.761405,-1.743107,0.843421,0.37891,-0.438295,-1.320415,-1.396982,-1.826309,-0.204077,1.877549,0.555377,2.160005,0.648812,-0.285972,2.841971,1.176865,1.020076,0.95852,-1.546797,0.915031,0.702306,-0.330001,-0.29903,0.453942,1.49548,-0.592675,-0.265121,0.182869,1.470283,0.288463,1.201517,1.398514,1.072497,-0.130526,1.089442,1.65719,0.36706,-0.737327,0.524924,0.199225,-0.8957,0.398785,-0.524273,-1.104436,-1.569124,-0.89956,-1.051453,-0.531313,-0.090532,-1.175782,-0.247284,0.790113,-1.415901,0.856007,0.591163,-0.096253,-0.67909,0.495442,0.404642,0.649369,0.804423,0.9234,0.566319,0.35925,0.155165,1.00962,-0.733184,0.01809,1.88627,-0.766162,0.128246,-0.146371,0.413099,-0.375629,0.580896,2.417169,0.805054,0.047687,0.5918,0.330649,0.199782,-1.390955,0.24898,1.077239,-1.136954,-1.271569,0.538954,-0.473977,-0.796434,0.851709,0.646088,-1.471915,0.770972,-0.125188,-0.06596,1.241581,0.455375,-0.052199,0.94379,0.281348,0.253649,2.049512,0.251586,-0.0866,-0.520297,0.055116,0.892298,-0.015954,0.882119,-0.809201,0.162852,-1.570656,0.276389,0.772985,-0.345448,-0.405417,0.648016,-1.951003,-0.324518,-0.020891,-0.288879,0.197849,-1.219217,-0.536715,0.994151,0.891478,-0.713777,0.767289,-0.724909,0.868342,-0.418092,0.316912,-0.241807,-0.358092,-0.839062,-0.320244,1.956322,-0.858052,-0.49156,-0.954142,-0.411399,0.190909,0.848515,2.249315,-0.585887,-0.076971,0.206695,-1.3841,0.239179,-0.905364
JU258,-0.026485,2.132178,-1.031099,-1.154528,0.236968,-2.010118,0.790445,-0.910044,0.689197,-0.783125,0.653377,0.938931,0.278864,-0.161386,-0.514649,-2.23626,1.096889,-0.293961,0.147464,0.024086,-0.827064,-0.923303,0.406488,-0.138038,-1.518787,-0.448695,-0.050995,0.471001,0.823376,-1.567003,-0.190954,-1.105682,0.015617,0.043943,0.433499,-0.720791,-1.163019,0.802283,0.226669,-0.159435,-1.375789,0.350883,-1.144216,0.168397,0.204343,-1.274733,0.024068,-0.879918,-0.30915,0.956947,0.348333,0.582104,0.210714,-1.628883,-2.084848,0.017992,-0.621131,-1.042922,-1.680541,0.439624,-0.590038,-1.172324,-0.871935,1.658068,-0.538125,-1.000685,0.108199,0.974754,-0.394877,-1.255235,-0.364787,-1.902901,-1.410569,0.818964,-1.618524,-0.067168,0.962616,-0.981442,-0.604189,1.039593,-0.174659,1.033322,-0.064561,-0.961095,1.873007,0.390485,0.423211,-0.08418,2.066594,2.204331,-1.919367,0.169736,0.017489,0.092112,0.697617,-2.123774,-0.232075,-0.177314,0.429066,0.54971,-0.226597,0.252137,0.713172,0.931459,-1.290488,-0.481927,0.286795,-0.652634,1.432579,-1.382045,1.844027,-0.381942,1.273466,-1.219452,0.665057,-1.165904,1.299647,1.37621,0.467649,-0.162476,-0.859636,-0.063711,-1.719429,-1.20537,-0.923574,-0.261323,0.115278,-0.399797,-1.156164,-0.765936,-0.629823,0.021626,1.15828,2.007922,0.90181,1.314002,1.883316,0.135918,1.150258,-1.157858,2.656641,0.31732,0.5995,0.06024,1.334718,0.756771,-0.24613,0.664524,0.214911,0.698386,-0.349987,-1.331014,-2.518533,-0.244842,-1.583598,-0.992128,0.873657,0.053133,0.011917,-0.523675,-0.976323,-2.468757,0.410332,0.407588,1.857627,1.092276,1.431742,2.022875,1.109045,0.690233,-0.222983,0.651392,-0.614966,0.252006,-0.55287,0.918315,0.247679,-1.005407,-1.483789,-2.287043,-1.05612,-0.94505,1.86378,0.087997,0.994818,0.398649,0.702141,0.637883,0.651596,-0.289553,1.619107,1.579911,0.708243,1.536557,1.394305,0.774854,0.729071,1.328762,-0.695141,0.338569,-0.867926,0.683203,-1.434942,0.364505,-0.317042,-0.097178,-1.609045,-0.571589,1.16691,0.950878,1.572673,1.524875,2.244646,1.35581,1.476456,0.138154,1.421533,-0.709347,-0.697002,0.099131,-0.297175,-0.158754,-0.586409,1.379277,-0.143618,0.176831,-0.658059,-0.002707,-0.07469,-0.149553,-1.502157,-0.37963,-0.386947,0.0535,-0.157852,1.896218,-0.843498,-0.278095,-0.489316,-0.685933,-0.231652,-0.980429,-0.862639,0.498076,0.920511,0.281115,0.258599,1.129716,-0.11852,-0.430063,0.128153,-0.796355,1.351079,-0.419837,0.816054,0.641933,-1.691404,-0.365217,1.130312,-2.198804,0.72556,1.305948,1.047786,-0.757884,0.939704,-0.299904,-0.295066,1.331233,0.941419,1.502134,0.363724,-1.97141,1.899578,0.234245,-0.819067,-1.421326,-1.066258,0.217807,1.450097,-0.179269,-0.791041,1.564884,-0.355273,0.24277,0.686998,0.397622,-0.147053,-0.96087,0.208219,-0.405436,0.515663,2.220729,1.402701,0.123749,0.85421,2.731857,0.194922,0.58462,0.569111,0.599093,0.16495,-0.64527,-0.047094,0.270294,-1.416076,-2.289079,1.939644,-0.025776,-2.227566,0.213712,-0.376074,-0.565155,0.32993,1.079777,0.055153,0.838852,-0.176725,-0.113499,0.57891,-0.849983,-2.108525,-0.015758,0.253415,-0.938123,-0.089678,0.098569,0.441577,-0.678522,0.095164,0.589754,-0.367618,0.464194,0.695587,-0.579165,1.333439,-0.954201,-0.658774,-0.373476,0.250682
JU2592,2.25176,0.075361,2.555914,-0.105172,0.121477,-1.242084,-1.025592,0.102647,1.222953,-0.036627,0.16795,-0.41441,0.910861,0.014919,1.418144,-0.079916,-0.317256,0.891899,-2.462433,-1.19133,-1.247069,-0.739838,0.062086,1.4979,0.123184,1.03776,0.442896,-0.042203,0.418871,-1.100035,-0.003108,-1.044015,-0.367003,-0.186557,0.990821,-0.030372,-0.51888,-1.41107,0.446756,-0.663974,-0.20796,-1.344122,0.536936,0.768793,-0.254477,-0.871245,0.619943,-0.811209,-1.611363,1.134708,-0.408252,0.226898,1.167754,-0.590537,0.388769,0.049734,1.267345,-0.433687,-0.247506,-1.862826,0.781301,-1.04805,-0.793961,0.15608,0.199338,0.719098,0.490164,0.404371,-0.187897,-0.719272,-0.204764,-0.104843,0.316524,-2.149937,-1.001469,0.418033,-0.662606,1.053473,0.455982,-0.413343,0.689226,-1.042219,-1.661565,-0.953007,-1.00752,-0.883684,0.065933,-2.218825,0.728,-1.09681,-0.613322,-0.001053,0.144004,-1.729502,-0.203551,-0.199528,-0.475412,-0.378369,-1.151378,1.013629,0.695161,-0.115045,1.285527,-1.120932,-1.429985,-0.760604,-0.253537,-1.210594,0.194696,0.182806,0.224507,-0.931932,-0.548447,1.386239,-1.96091,-0.21279,-0.699073,0.248695,-0.797456,-0.606303,-0.033896,-0.293982,0.145848,-0.186927,1.164081,-0.629857,-0.894594,-0.313824,-1.255182,-1.633555,-0.968379,0.145125,0.813815,-1.297852,-0.42253,-0.81515,-1.191212,0.136817,0.186366,-0.490846,-0.59417,-0.443153,-0.191498,0.023721,-0.744799,1.752402,0.735097,-0.093722,0.206088,0.385055,2.274681,0.831248,0.649668,-1.215008,-1.215776,0.541816,1.135102,-0.96317,-0.507163,-1.928859,-0.71826,-0.785099,2.106394,-0.128693,-0.109624,-1.258565,-0.158756,-0.11548,-1.039199,-1.195823,-1.59499,-0.230068,0.355271,0.465629,2.151823,-2.41852,0.374379,-1.795945,-0.947533,0.760554,-0.668649,-0.748273,0.655226,0.15472,0.49767,0.340518,-0.678225,0.102036,0.238347,-0.715074,-0.236474,-0.184516,-0.508457,0.118801,-0.012376,-1.947054,1.101837,-0.269013,-0.102947,-0.777803,-1.305711,0.799096,-1.455601,-1.035786,-0.215921,-0.38234,0.208788,0.007418,-1.264797,-1.955543,0.342508,-1.038988,-0.514243,0.925774,0.606795,0.978721,-0.81104,-0.228264,0.836465,-0.222663,0.219589,0.015531,-0.846996,-1.948763,-1.079289,0.524407,-0.772184,1.141517,-0.954659,1.418597,-1.278162,-0.834203,-1.549403,-0.254672,-0.316314,-1.224412,-0.895176,-0.89674,0.685867,-2.323347,-1.108439,-1.322952,0.094454,0.67667,-0.398469,1.772638,0.492307,-0.268802,-0.007889,0.195899,-0.295523,-0.459185,2.041849,0.576514,-0.296614,-1.66456,-1.984455,1.868222,0.110699,0.772014,0.013177,1.157111,0.236897,1.645794,1.264251,-1.258609,0.29631,1.033699,0.330778,0.144902,0.752418,0.965265,-0.484831,-0.620609,1.135685,0.517615,0.385555,-1.118293,0.394571,1.066891,-0.591829,1.35234,0.442809,-0.32357,-0.118272,-0.876278,-0.073722,-0.766612,0.852618,-0.12517,0.885024,0.21803,1.527574,-0.459196,1.423493,-0.134945,-0.319947,-0.960378,0.149405,-0.178867,-0.387459,-0.188418,0.478633,-0.354587,1.211161,0.18183,-0.835539,0.593349,-1.388714,1.160517,0.455362,-0.108624,-0.175254,0.864171,0.554828,0.961999,0.870697,0.798877,1.161605,0.005396,0.963178,-0.769636,-0.152151,-0.083959,1.318981,0.014251,-0.88046,-0.944695,2.341301,0.577723,1.321401,-0.686314,0.781483,0.930613,-0.218647,-0.249414,-0.447082,0.10445,0.930241
JU2593,0.337085,0.403376,0.001524,0.018979,0.968974,-1.445881,0.103526,0.512982,-1.004495,0.754409,1.731067,-0.937664,3.165312,-1.01655,-1.319513,0.186591,-1.76548,-0.389197,-1.106233,-1.915681,-0.550035,-0.107868,0.284695,0.907958,-1.059764,0.13789,0.873185,0.29504,-0.388657,-1.291921,0.938097,-0.265706,-0.31722,0.719446,-0.957518,-0.594029,1.005407,-0.048432,-0.331135,1.863191,-1.399743,1.542935,0.076558,-0.739681,-1.493099,0.715467,0.926257,-0.925468,-0.484552,-0.319199,0.009167,-0.117209,-1.641348,-0.010893,0.889809,-0.227461,0.925359,-0.527901,0.610483,-0.731484,-0.304076,-0.185091,-0.01254,-1.226607,0.378573,0.696333,-0.807154,0.118009,0.654218,1.281479,0.210877,-0.201083,-1.691653,0.579631,-0.000279,-0.823338,0.788326,0.376833,-0.538635,-0.707284,-0.347845,0.596646,-1.08652,-1.786933,0.626644,-0.609647,-0.159608,-1.926769,0.563369,0.225491,0.000411,-0.511916,-1.773543,-1.075367,1.038501,0.98149,0.131616,0.370405,-1.202969,-0.956588,1.497786,0.885545,0.076968,-0.047258,-0.264505,0.675297,0.447868,-0.715795,2.074175,1.381244,0.941282,0.916802,-0.160485,0.994188,1.135956,-0.370104,2.028555,-0.216056,-0.412519,-0.192839,-0.828522,0.354801,-1.170569,-0.65387,-1.072864,-0.105742,-0.43559,-0.870299,-0.241482,1.037402,1.15627,-1.279505,1.040034,-0.847517,1.192614,-1.532003,-1.152702,0.424449,-1.753449,-2.01952,-0.395814,-1.017768,-0.111685,-1.241348,2.113697,-0.887773,0.849944,1.162184,-0.020101,-1.885149,0.651991,1.078658,0.412235,-1.863386,-0.185284,0.030704,0.111474,-0.489815,1.09345,-0.685215,-0.016235,-0.539461,-0.140047,0.475403,-0.724607,1.87685,1.621697,1.531024,-1.039446,0.003316,1.933903,-1.430264,0.267791,-1.344235,-0.623705,-0.753342,0.544344,-0.719387,-1.074038,0.110201,-0.200377,1.952054,1.225775,0.481632,1.344731,0.205052,0.721182,0.992468,-0.472341,2.484592,-0.003011,-0.969282,2.110559,0.564702,-0.686477,1.224181,1.429334,1.316349,0.655325,0.430662,1.64907,0.736392,-0.659095,0.103791,1.575449,-0.119986,-0.476856,-0.191939,0.218102,0.472211,-1.117607,-0.442491,-0.162561,-0.047911,-0.082011,-0.333856,-0.499848,1.300128,1.537847,0.763935,-1.543736,0.906549,-0.407038,-0.41703,-0.167614,-1.129497,0.843385,-0.785113,-0.425311,0.448058,-0.198832,0.369435,0.439575,-0.652227,0.442651,1.229294,0.43004,-1.207162,2.02217,0.81129,1.036625,1.555527,2.871301,-1.072974,0.281085,1.071973,0.805499,0.153551,-0.136959,-0.472845,1.08245,-1.216778,-1.027339,0.903918,1.144546,-2.627567,0.078997,0.936503,-0.501896,-0.769602,1.215923,0.103503,-1.058438,-0.52445,0.278126,-0.412617,1.039007,-0.926859,-0.066862,-1.479177,0.022076,0.771146,0.213802,0.632615,-1.344343,-1.680668,0.448282,0.517208,0.388082,0.424147,-0.542624,-0.805666,0.398483,-0.108148,-1.093359,-0.644086,0.242463,0.769895,-0.750835,0.893075,-1.241572,0.117395,0.779801,-0.839721,1.039259,1.738676,-0.234671,-2.189414,-1.355416,0.667167,0.299256,-0.537747,-1.537514,-0.929825,0.841473,-0.740532,0.321577,-0.980176,0.256095,1.863286,0.670082,-0.978228,-0.619876,1.834269,1.245113,-0.581267,-1.151648,-0.206668,0.935802,0.54308,1.97155,0.486899,0.763707,1.33347,-2.561288,1.144106,1.245274,-0.433535,0.107682,-0.257299,-0.471414,-2.18268,0.95668,-0.905017,-0.808881,1.674341,0.606696,0.073513,-1.871843
JU2619,-1.000349,-0.095518,0.999647,-0.229686,-0.109189,0.041389,0.044861,-1.314485,1.134085,0.653345,0.696349,1.014554,-0.22801,0.628243,-1.005887,-0.083785,1.511491,1.26533,0.781177,-0.209046,1.479598,-0.400496,0.05163,-0.486642,-0.261202,0.456091,-0.243497,0.235944,-0.014279,-0.970284,1.253998,-0.255459,0.431315,-0.342008,1.397064,1.029722,-0.71981,0.516075,1.007761,-1.034616,1.785554,1.847093,0.095645,0.272709,1.014138,-0.777288,-0.574133,0.899254,0.12251,-0.361429,-0.434128,-0.254769,0.004623,-0.960148,0.074114,0.688447,0.244374,-0.358997,-0.353569,1.565384,1.505475,2.342353,1.987104,0.012653,0.260753,0.063956,-0.277215,-0.404031,-0.529828,0.464412,0.115095,0.343242,-2.122717,0.736158,-0.572138,0.487796,0.951717,-0.012336,0.118064,0.684783,-0.123469,-1.489362,0.312506,-0.390021,-0.502592,0.651009,-1.197741,0.98043,-0.905142,-0.852494,-1.282071,-0.033701,-1.012851,1.237408,0.579649,-1.346207,-0.171128,0.566331,-0.549817,-1.108056,-0.863326,0.152781,1.807096,-0.190167,-1.665726,0.319486,-0.483002,0.646415,1.146014,0.11189,0.254207,-0.776971,1.300193,-0.099735,-0.660142,-1.147659,0.183652,0.060683,-0.578499,1.12475,-0.265221,-1.821401,-1.134859,-0.303524,-0.357942,-0.905545,0.198107,0.239322,3.151973,0.237401,0.473318,2.265336,1.307237,0.079283,0.513471,0.351252,-1.635868,0.388584,-0.222306,0.93968,2.750661,0.97068,1.539633,1.222891,0.208758,1.49024,-1.010126,-0.135917,-0.168858,0.994323,1.296095,2.703899,0.228142,0.754822,-0.424763,-0.545648,-0.99342,1.119205,-1.078897,-1.184429,0.24186,-0.614287,0.486645,-1.009093,0.03271,-0.10783,-1.121225,0.760111,-1.203563,-0.543766,-1.081892,-0.006107,-1.178617,0.673809,0.594658,0.101374,0.839528,1.218155,2.095995,1.317812,-1.341644,-0.786755,-1.12608,-1.384093,-1.885169,-0.121284,-2.094268,-1.370765,-0.506848,-0.779006,0.269484,-0.94614,0.367969,-0.963347,-0.003389,0.057921,-0.643624,-0.212979,0.596049,-0.417663,2.033203,0.223535,-1.577426,-0.216638,-0.333234,0.59072,-0.014307,-0.269675,-0.598988,-0.293552,-0.128448,-1.29245,-0.369026,0.016885,-1.374372,-0.193401,1.404058,0.710204,-0.643703,0.11221,0.980543,-0.555677,-1.239894,-0.566994,-0.310944,-0.752559,1.044358,0.561979,-1.539104,-0.490051,-0.384265,0.170336,-1.149965,-0.130674,0.876846,-1.995516,0.661619,0.733388,0.265535,-0.18454,1.048778,1.049346,0.661614,0.949003,-0.074913,1.587005,-0.516711,0.16459,-0.376556,-0.590081,-0.182166,-0.331573,-1.339448,0.028161,-1.954231,1.14803,-0.182695,1.394264,0.13896,-0.193601,-0.535833,-0.392187,0.495423,-0.019138,0.551215,1.845834,0.412939,-0.561913,0.576942,-1.279879,0.026022,-0.118383,-0.596162,-2.399328,-0.629814,-0.367415,-1.48204,-1.073563,-0.107753,-0.42878,-3.034118,-0.624196,-0.902578,-1.630682,0.847514,0.086775,-1.750957,-0.315962,-1.438847,-1.161962,0.529445,1.362289,-1.797061,-0.081773,0.756142,0.030601,-0.683077,0.01569,-0.895946,1.250792,0.08903,0.09984,-0.364178,-0.589197,-0.034069,-0.251296,0.264717,1.621027,-0.206392,1.123886,1.486963,0.575246,1.030809,1.298484,2.075003,1.047671,-0.026559,-1.042154,-0.506328,0.616165,0.771744,-1.237608,0.333511,0.16366,-0.362411,-0.571647,0.266769,0.146642,-0.609488,-0.118717,-0.146445,0.663387,0.90554,2.852066,0.129887,1.580066,-1.041197,0.393541,-0.654255
JU2811,0.489637,-0.335412,-2.503666,-0.24601,-0.399839,1.4061,-0.91933,0.108154,-0.932809,-0.462685,-0.317676,-1.615707,-0.792231,0.004213,0.659712,-0.806615,-0.863521,-1.046203,-0.616866,0.3291,1.593332,2.145152,-0.11212,1.86465,1.770079,2.889434,1.701956,-0.34797,0.164466,0.960563,1.12285,-0.678853,-0.465247,-0.133241,0.27499,0.287807,1.393391,-0.96039,0.625168,0.038131,0.519795,-0.201427,0.032293,-1.038848,0.031588,-0.192965,-2.451472,0.678193,0.325689,0.538053,0.33768,-1.181526,-0.108368,-0.802484,-0.48126,0.46184,-2.123876,-0.430444,-1.790538,-0.890671,-0.837438,0.37337,-1.309296,0.713199,-0.507664,-0.922732,-0.669952,-0.144728,0.983563,0.046379,-1.276245,0.845464,1.314212,1.432583,-0.645256,1.130891,-2.168091,-0.151862,0.410278,-0.08572,-0.135674,0.918111,-0.496439,1.108394,-0.798901,-0.674114,-0.608273,-0.827291,-1.655458,-1.524498,0.554033,-0.550295,1.454117,1.489189,-0.80576,2.331145,1.690988,2.89394,2.459834,1.780587,2.004293,0.583144,1.255878,2.215446,2.2674,2.094096,3.066571,2.190329,0.725707,-0.982052,-1.226605,0.486323,0.224071,-1.040862,-0.047465,-0.970949,1.160068,-0.215171,-0.509361,-0.249876,-1.778319,0.116679,0.758455,-0.874262,0.65824,-0.61605,-0.918651,0.008792,0.983705,-0.573993,0.214733,2.039089,1.133236,0.38489,1.272433,-1.796927,1.183528,0.542615,0.647786,-0.769695,0.246436,-1.348602,0.459808,0.390514,-0.543862,0.643531,0.140078,1.407169,-1.490869,1.013305,0.053025,0.560379,-0.15167,2.559161,0.977086,-0.998432,-0.80357,0.795537,-0.508128,-1.269042,-0.65289,-0.303353,-1.117623,-0.159139,1.06972,1.432203,-1.104137,-1.295604,-0.458734,0.41794,-0.18069,-0.439268,-0.131851,1.983943,0.266086,-0.179188,0.761721,1.560702,-0.055584,0.231327,-0.471112,-0.419845,-0.815863,-1.053324,0.517804,0.122052,-2.008396,-1.550535,-2.373236,-1.104542,0.035192,-1.780465,0.54924,-0.861276,0.944153,-0.471708,0.721658,0.079425,-2.158563,-1.159999,0.242344,-0.411357,-0.649907,-0.373427,0.075789,-0.894251,-0.877673,-0.845827,-1.493068,1.137274,1.768543,-0.105568,0.909597,1.202517,1.101764,1.355003,1.260936,1.427845,0.152968,-1.03957,0.086474,0.517676,1.139919,0.53773,0.670608,0.034869,-0.246206,-0.68175,0.930836,-0.557257,-0.563893,-0.715119,-0.259338,-2.115594,0.991581,1.026032,0.045673,0.011303,1.089855,-0.385199,-0.73752,0.334056,0.808654,0.252039,0.143949,-1.520993,-1.84248,-0.648728,-0.017143,0.528017,-0.090248,-1.020981,1.121518,0.022575,0.766704,-0.00029,0.734782,-1.296487,0.585033,-0.674912,0.164818,-1.969998,0.720519,-0.349983,0.117903,-1.627226,0.254575,-1.576322,0.016578,-1.36212,1.129557,0.792498,-0.582738,0.182641,0.18716,-1.973472,0.040514,-0.145518,0.433581,-1.851192,-0.562426,-0.221792,1.417132,0.067818,-1.410789,-2.29074,-1.718182,-0.179876,-1.12539,0.977413,1.034241,-1.795064,-0.827271,0.293675,-0.262158,-0.823605,-1.138058,0.448784,0.606213,0.414837,0.519181,1.045053,0.939877,0.503665,1.302403,1.417734,0.846044,0.296696,0.100573,-0.918593,0.066501,-0.248836,0.380401,0.131709,0.142004,1.503957,1.534461,0.815863,-0.18788,-1.288958,0.259062,1.074266,0.969803,0.653399,-0.694543,-0.454341,0.905427,-0.259424,0.688616,-0.398078,0.033142,-1.754993,0.168154,2.010494,-1.821615,-2.166176,-0.368418,0.857873,-0.830141
JU2829,-1.253237,-0.055891,0.600882,1.498578,-1.0965,1.495921,-0.411146,-0.310181,-5.7e-05,-0.642216,-5.9e-05,-0.315847,0.23117,0.574968,-1.018542,0.185455,-0.445784,0.752307,-0.045762,-0.966705,0.478745,-1.611709,1.914181,-1.149109,-0.664287,-0.156066,-2.41737,0.684352,-1.261975,-1.606065,-0.513032,-0.403308,-0.75583,-0.191645,0.523291,-0.447375,-1.125269,0.980152,0.184045,-0.526183,-0.846933,-0.928917,0.081041,-0.818956,-0.653216,-0.63488,-0.284654,-1.498246,-0.609552,1.76036,2.059673,-0.299307,1.281753,-0.078646,0.412044,1.646403,0.647889,-0.860925,-0.442774,0.592877,-0.247099,0.599192,0.813659,0.459936,0.804694,0.407538,-1.49373,1.181896,1.308981,0.783943,-0.442143,-1.644256,-0.389358,0.779484,-0.578895,0.102295,0.704181,-0.65177,-0.648292,-0.133933,-0.160789,0.652972,1.02958,0.463435,-1.676045,-0.440967,-1.136563,-0.118596,0.137018,0.584525,-0.616204,0.929375,-0.796677,-0.213313,-0.275859,-0.451999,0.732207,-1.726901,-0.67763,-0.77238,1.661587,-1.207909,-0.226828,0.212241,1.084427,-1.728167,1.175966,0.750068,0.25277,0.587269,-0.46207,-0.391676,0.121611,-0.39625,-0.951432,-0.759518,-0.379125,-0.556533,-0.271768,0.012002,-0.289816,0.553868,0.829052,-0.128549,0.590522,-0.315465,-0.648463,0.909891,0.84756,0.815317,-0.997893,-0.788029,-0.387322,-0.530055,-0.713766,-1.906776,-0.278404,0.335435,-0.626515,0.312503,0.486175,-0.466715,-0.845158,-0.846079,0.036473,-0.022762,0.413284,1.699123,0.493105,0.369953,-0.216403,0.489516,1.441736,0.943569,-0.208079,-0.561815,0.004997,-0.329074,-0.374947,-0.286882,-0.05069,-0.572173,0.643319,0.921093,0.863099,-0.555814,0.483203,0.809294,0.949584,-2.063683,-0.200123,-0.731648,-0.049001,0.016922,-0.423822,-2.628399,0.538587,0.56158,-0.253718,-1.668084,-1.213937,-1.437256,0.882297,-0.045243,-0.572136,0.1704,-1.067836,-0.802624,-0.713444,-1.671863,-2.055385,-1.303195,-0.860756,-1.093791,0.96955,-0.171537,-0.402399,-0.010417,-0.276124,1.221149,0.041008,3.052951,1.122897,1.488285,1.425748,1.670272,2.407633,-2.096618,-0.880767,0.185214,-1.538703,-0.331662,-1.991976,-0.120199,0.767533,-0.2781,-0.258104,-0.582586,-0.738418,-0.522495,-0.343876,0.016099,1.00521,0.03168,-0.258869,1.106385,1.355676,0.015678,0.952332,0.437911,0.676614,0.734137,-0.549683,1.051224,1.056893,2.257423,1.419387,1.668702,0.335762,0.294654,0.071435,1.272402,-0.119962,-2.304965,1.178547,0.42508,0.340488,-1.395252,-1.840651,-0.061764,-0.694443,0.13465,-2.641431,0.190265,-1.371644,0.281729,0.881205,-0.232991,-0.857904,-0.729798,-0.377163,-0.318496,-0.257995,0.408178,-0.000136,1.230556,-0.852404,-0.368686,-0.658168,-1.404728,-1.249502,-0.180577,0.940047,-0.845206,0.033212,0.854119,-1.361616,-0.255592,-0.950082,-2.336397,1.819385,-1.179384,-0.156072,0.031856,-1.46042,-1.670098,-1.017663,-0.198094,-1.0241,-1.044671,0.484299,-0.754339,-0.94492,0.401785,-1.312479,-0.428889,-1.940218,1.466577,-0.911874,0.72518,-0.785211,0.534084,0.093141,-1.165078,0.227385,-1.327387,0.529401,0.989595,1.556493,1.573486,0.767559,0.466185,1.397421,-0.186441,1.352142,1.114393,2.215854,0.991217,0.550707,1.146631,1.390501,2.039705,-0.965606,0.017956,-0.866936,-0.712246,-0.602388,-0.76913,2.259019,-1.789164,-2.216683,-0.092397,0.080748,0.790092,-0.067409,0.279069,-1.250868,1.539644,-0.707313
JU2838,-1.613738,0.712192,-1.506893,0.592582,-0.541129,0.350185,-0.592649,0.336005,-0.036262,0.495776,-0.112356,-0.033684,-0.551233,1.300597,0.700868,-0.238852,-0.009077,-0.564508,0.353931,0.348223,-1.498833,-1.54764,-1.337867,-0.053995,-0.786404,-0.047452,-0.357157,0.070764,-0.715066,0.157099,0.346511,-0.082225,-0.515672,-0.079807,-1.103254,0.204653,-0.238205,-0.271796,1.666796,-0.13674,1.872435,-1.092779,-0.446478,0.96111,-0.427883,-0.128085,0.196495,0.711945,0.941605,0.869999,0.564976,1.851026,0.604571,-0.00945,0.151585,0.099071,-0.383595,-0.981625,-0.304037,-1.648774,1.756064,-0.655934,0.628158,0.778129,-1.226584,1.494921,0.198511,-0.147972,0.53276,0.66419,0.830908,0.637947,0.047396,-2.362386,0.205117,0.084254,0.328052,-0.06025,-0.535041,0.009831,0.783506,0.308824,0.124277,-0.201075,1.177991,-0.349866,-0.240241,-0.89166,-0.581095,-0.073634,0.720141,0.240411,0.428095,-0.220455,0.504883,0.836463,-0.00528,-0.247385,0.693354,-0.91784,-1.826105,-0.412648,0.232229,-0.097938,-1.292337,1.325545,-0.64412,-1.731045,-0.084664,0.595138,-1.232654,0.033427,0.167259,0.963232,0.13658,1.768349,-1.740776,0.395557,-0.531334,1.381464,0.690069,0.127625,0.834041,-1.805356,2.131635,-0.747498,0.413854,-0.213924,1.907355,2.41169,1.075676,1.607272,0.384075,1.333734,0.69321,2.372107,0.415215,-0.697649,1.495902,2.395598,0.708921,-1.20565,-0.594651,-0.141536,-0.780907,-1.415535,-0.208316,1.171763,-0.752159,-0.818599,-0.124341,-0.282492,0.458957,0.679224,-0.255063,0.057887,-0.223026,-0.263819,0.120908,-0.201448,0.660505,-1.240483,-1.108246,-2.364246,0.098021,-1.487369,0.536898,-0.154262,-0.66906,0.102165,-1.371779,1.444489,0.707801,-1.238052,0.62258,-1.134958,0.43186,-1.318949,-0.412369,-0.736875,-0.22006,0.635461,0.864509,-0.560818,0.49782,0.072802,0.938292,1.771412,1.331679,-0.822697,-0.692096,-0.377853,-1.289384,1.179639,-0.189339,-0.070581,-0.308459,-0.053531,-0.875651,-0.362604,-0.224205,0.985828,0.548183,0.752432,1.197324,-0.239951,0.444623,1.728466,0.151884,1.103684,-1.149468,-0.694571,-0.965275,-0.15626,-0.029764,-0.182325,0.778718,-0.957963,0.48628,-0.556964,0.129637,0.798152,0.778264,0.530082,-0.169944,0.920976,2.710628,-0.12451,-0.347365,0.17902,0.690207,-0.63676,-1.019659,-0.37426,1.357848,0.804076,-0.856533,-0.208237,-0.716499,-1.111223,-0.194688,-0.122425,-1.502871,-0.531196,1.542486,0.07065,0.837594,1.360208,1.770506,-1.695978,0.416518,-0.352677,-0.604372,-0.153689,-1.277848,-0.49904,-0.332781,-0.277493,-2.185852,0.023958,-1.921215,0.99077,1.441344,0.9531,0.494395,0.463952,0.539313,1.414858,-0.424799,-0.998149,-0.755447,-0.120703,1.118086,-0.789712,-0.927172,-0.861036,-0.303408,0.42095,-0.254367,-2.897461,0.476591,1.419711,1.165038,-2.174391,-0.228644,-0.883576,-0.634495,-1.272249,-0.313685,0.15015,0.033652,-1.217045,-2.157431,2.131498,-1.614323,-1.216618,-0.393322,1.183858,-0.898057,0.139316,0.23546,1.403184,1.471097,-0.341392,-0.459505,-1.537845,-0.391864,0.116694,-0.443251,1.408927,1.472459,0.188262,-0.40131,-0.155092,0.32882,-0.056462,0.737335,-1.44024,0.287153,1.557781,-0.326148,0.275574,-0.642495,-0.26467,-1.292693,-0.192003,-0.220927,-1.33298,-0.747958,1.251116,-0.782205,0.574822,0.284544,0.264875,0.441539,0.921994,-0.361776,-0.155875,0.969117
JU2841,0.129425,1.914807,0.784076,0.908329,-0.404096,0.72617,0.695962,-0.865824,-0.447267,1.011961,-2.012531,-0.432688,0.405243,0.075007,-1.03338,0.657433,-0.165758,0.065283,-0.277689,-0.304737,-0.268417,-1.186566,0.731149,0.265825,-0.017485,0.588984,0.418663,-1.530203,0.098338,-0.112701,1.200066,0.188894,-0.246792,0.199622,-0.640369,-0.489945,-0.516787,0.908115,0.408173,-0.273673,-0.401058,-0.684356,0.24898,-0.440204,-0.827771,-0.939035,0.621328,-1.059116,1.094578,1.209228,-0.411314,1.728594,0.093351,0.460458,1.251947,0.043168,-0.832879,-1.548365,-0.671019,-0.875558,-0.204688,-1.541572,1.043531,-0.34187,-1.564246,-0.244953,-0.818057,0.911026,1.645805,0.099918,-1.782224,-0.574462,-0.869453,-0.417727,-0.705719,-0.238138,-0.721411,0.451767,-0.350241,0.702174,-0.467197,-1.699643,-0.179319,0.723723,0.410151,-0.914519,-0.878538,-0.828577,-0.622656,0.229958,1.756821,0.062219,1.220713,0.898342,1.318519,1.883063,0.215272,1.122741,-0.262367,-0.497324,0.262459,-2.768468,-1.449078,0.584593,-2.117108,0.504125,-0.297952,-0.941254,-0.136972,0.081624,0.66172,0.014884,0.48783,-0.958634,-0.225952,0.379839,-0.445913,-1.483317,0.136174,0.06432,0.785361,0.253375,0.993722,0.959754,0.038912,-0.227914,0.237485,1.778494,-0.181843,0.018302,-0.21905,0.028022,-1.186993,1.126255,-0.067671,-0.449255,1.007639,-0.896843,0.05632,1.348607,0.64576,0.054825,0.426727,1.036199,-1.323744,-0.527016,-0.075265,-0.110564,0.073045,1.954941,0.343659,0.200608,1.349313,0.776746,-0.125276,-1.508038,-0.462833,-0.368207,0.061662,-0.405467,-1.383218,0.624738,-1.039917,0.257224,-2.121608,0.000174,0.562231,0.812991,0.067278,-0.754388,0.448198,-1.200276,2.209509,-2.182982,-2.184279,-1.530697,0.053817,-0.481966,-0.878955,-0.938865,0.324619,1.302677,-0.631771,-0.007594,-0.015329,2.18799,-0.215613,-0.226512,-0.447904,1.028673,0.590592,-1.338477,-1.5137,1.080056,0.002583,-0.219284,0.24682,-0.967609,-0.72328,0.633518,-1.208252,1.588648,1.193976,0.204481,-0.876964,0.223717,-0.656571,0.274538,-0.528337,-1.307933,-0.770478,0.366503,0.724911,-0.037454,-0.387156,-0.139175,0.225303,0.03362,0.529957,-0.755283,-1.7438,-0.652123,-0.362862,-0.719411,0.777304,0.944978,-0.025928,-0.958814,-1.488637,0.309233,-0.234587,-1.629685,-0.522385,-0.097606,2.063252,0.003427,0.758143,1.718616,1.903516,3.391181,0.577693,2.101481,1.877807,-0.045649,0.149341,-1.189614,-2.060737,-0.571161,1.693057,0.177085,-1.056016,0.285255,-0.515456,1.511114,0.744865,0.356245,-0.806873,0.319325,0.053413,-0.987139,-1.012082,1.550957,0.70646,1.190061,2.137115,1.176082,-0.148228,-0.985391,2.133463,-0.293274,-2.128107,-0.577131,-0.029641,0.564428,-0.725283,0.456156,-0.572725,-0.441008,-0.62094,-0.602463,1.204019,0.395165,0.255841,1.161099,0.539035,0.265101,0.292998,1.474871,0.123857,-1.192509,0.472383,0.849624,0.071382,-0.599654,0.031839,0.837314,2.637614,-0.242151,0.083483,1.034928,-0.210269,-0.766584,-0.732651,0.776062,-0.445568,0.376229,0.239337,1.346187,0.718569,-1.03865,0.01646,-0.283639,-0.689344,-0.922207,-0.750532,-1.568777,0.257313,-1.275595,-0.813073,-1.786797,1.858949,0.755346,-0.094391,0.540131,1.328033,0.231195,0.526986,0.621836,0.49657,-0.992933,0.073903,0.738771,1.301177,0.757128,1.172401,0.580781,0.113175,-1.50998,-2.850927
JU2878,-0.699509,0.93612,0.249589,-0.933266,1.989547,-0.259643,1.171868,-0.28999,0.928428,0.118591,1.649734,-1.474738,0.13511,-0.338434,0.365635,0.151314,-1.179796,-0.240144,-0.754951,0.712122,0.960235,-0.213562,-1.427082,-1.705277,-0.063841,-0.248059,1.48239,0.330886,1.54105,-0.256231,-1.382608,1.201699,0.59138,0.535277,-0.329035,0.740323,-0.470505,0.411817,-0.491363,-1.062263,0.022171,-0.690748,-1.178058,-1.663126,-0.007616,0.732856,-1.457893,0.188898,0.053481,0.208236,-0.740512,0.17264,-0.80272,-0.455299,0.869671,-0.260781,0.238744,-0.859168,-0.631869,-0.626657,-1.506993,0.529269,0.018785,0.09354,1.190953,0.783361,1.363791,-0.746958,-0.366345,-0.664979,0.481455,0.63203,-0.233745,-2.131227,0.601449,-0.426479,0.177797,-0.87891,-0.192021,-0.181045,0.913161,1.302358,-0.212588,-1.035714,-0.338453,1.128891,-0.159169,0.972302,-0.034425,-0.138296,-0.872974,0.559221,-1.108359,0.204794,1.321573,0.234287,-0.597041,-0.893394,0.853812,0.18772,-0.66394,0.78017,0.511727,0.438581,-2.549657,1.363204,0.691791,1.16992,-0.019788,-1.133629,-0.484599,0.170591,-0.596388,0.160324,-0.963976,-1.136369,-0.109197,-0.825781,-0.74046,-1.283426,0.31448,-1.867694,-1.812333,-0.004658,-0.741226,-0.597062,-1.387597,0.95479,-1.684941,-1.99799,-1.117558,0.727421,-0.198187,0.350117,-1.000779,1.000603,-0.050853,-2.381087,1.462469,-0.037557,-0.407865,0.600598,1.016614,1.048825,-0.418081,-0.773476,-1.044272,-0.127993,-1.795212,-0.590729,-0.506859,0.650452,0.624932,-0.253718,-0.021911,-1.054984,-0.210034,0.21198,-1.24685,0.038795,0.570462,1.306491,-1.135439,1.282224,-0.872746,0.845903,0.336852,1.879806,-1.324758,-0.268839,-0.58437,-0.337781,-0.966715,-2.129406,0.348082,-1.042717,0.417529,-0.486643,0.784799,1.300276,-1.116114,-0.226207,-0.974475,-0.522296,-0.7231,-1.19897,-0.607143,-1.298702,-0.782976,1.066873,-0.166269,-0.211654,0.714805,1.501777,-0.51945,-0.622564,0.254957,0.075217,1.864386,-0.330513,0.135234,1.141788,0.706177,-0.432125,0.49582,1.521424,0.484248,0.221786,1.195716,-0.096929,2.248477,-1.235051,1.103545,1.107686,-0.158166,1.526212,0.511708,1.705316,0.952621,2.186647,-0.078527,-0.825561,-0.182934,-0.290191,-1.368811,-0.398628,-0.171092,0.189002,-1.560951,-0.571454,-0.052956,0.133869,-1.339656,-0.659334,-0.724243,0.128622,-1.310807,-1.035142,-0.360743,-0.249059,-1.022082,0.170308,0.162527,0.108421,-0.008779,0.829756,-0.70981,-1.031752,-1.371801,-0.916284,-0.31921,-0.865772,-1.761954,-2.024661,-0.893399,-1.610011,0.713005,-1.175119,0.849288,-0.825147,-1.259354,-0.450005,-0.242936,-1.068432,0.907925,0.665163,1.643642,0.727653,0.146337,0.839351,-1.037163,-0.709619,-1.252945,1.210735,-0.157985,0.562619,-1.574442,-0.616784,-1.341759,0.235659,-1.890375,-2.276094,-0.090614,-1.272446,-0.147275,-0.235604,-1.360678,0.089132,-1.349072,0.593243,-0.558406,-0.872615,-0.329161,-1.078678,-0.560563,-0.59866,-0.947747,0.279557,0.471394,0.904011,-1.340543,0.063597,0.246716,2.42935,0.719819,-0.69656,-0.145287,-0.047198,-0.574486,0.130353,-1.2455,-1.058077,0.743769,0.761758,1.766262,-0.356769,-0.357348,-0.030124,0.737384,0.468,0.339556,-1.640546,-0.664355,-0.025121,0.439972,-1.028747,-0.422088,-0.510576,-0.2777,2.086592,-0.086307,-1.265516,0.386026,-1.26812,1.66565,0.963526,-1.180134,1.28265,-0.542062
JU2879,-0.198139,1.104721,-0.575857,0.051098,2.074236,0.331573,-0.899426,0.915884,-0.761731,-0.299619,1.037288,-0.60619,1.030777,-0.772736,-0.31586,0.471421,-1.173935,-0.284223,-1.340389,1.127174,-0.306461,1.793244,-1.089694,0.920947,-1.533263,0.044998,-1.131765,1.478934,0.570896,-0.158627,-1.423378,1.957073,-2.228247,0.059388,-0.862274,0.720318,-0.470989,-1.241564,-0.587935,-1.461977,-0.160555,0.197335,0.891739,-0.255949,-0.679838,-0.001362,-0.604522,1.024319,-1.186827,1.804668,1.076166,1.237504,0.741161,0.050027,2.001673,-1.486477,0.555925,-0.678152,-0.429558,-1.470555,1.645594,0.153698,-0.483707,-1.534298,-1.249995,0.980938,-0.223613,0.882041,1.289115,0.359919,-1.382359,1.486023,-0.99314,1.008669,-1.3018,-2.321372,-0.533256,0.530342,0.351373,-0.258718,-0.919912,0.978004,1.65663,-0.247414,1.878495,1.672247,-0.495532,-0.980934,-0.047097,-1.690597,0.213078,-0.719658,-0.260693,0.119896,0.087623,0.278671,0.625414,-1.154145,-0.290479,1.680415,-0.202352,1.211084,0.496382,1.02005,-0.14757,0.52539,0.46434,-0.586927,1.124528,0.98272,-0.483459,-0.87291,-1.201261,0.36897,0.230491,-0.693618,-0.915128,-0.396354,-0.767015,-0.203369,0.635183,0.229734,-0.812217,-1.865112,-1.776111,0.391635,-1.179049,0.280597,0.498851,-1.637009,0.840281,-0.362243,0.262898,1.988116,1.23541,0.950239,0.740392,-1.187807,1.57788,0.753661,1.789026,0.782552,0.619838,1.950613,-0.410564,1.101044,-0.148383,-0.919737,0.883096,0.389553,-0.91982,-1.329719,-0.755964,-0.291529,0.289631,-1.106732,0.471039,-1.248502,-1.809124,-0.114699,-0.094306,-0.095798,-1.286789,1.193204,0.669447,-0.536548,-0.962907,-0.404908,0.309453,0.771823,0.155562,1.65968,0.723922,0.251885,-0.132217,1.262112,1.031184,-1.570153,0.19337,0.059985,0.965223,0.649699,0.862101,1.311735,0.285562,0.840008,-0.409081,1.190892,1.241407,0.445037,0.131399,1.587766,0.878154,-0.001057,1.738665,0.691714,0.711759,2.986814,-0.794206,2.68197,-0.098123,-1.713798,-0.92674,0.545688,-1.389308,1.393122,-0.285777,0.358096,-0.268158,-1.739362,0.931219,0.023699,1.381181,1.85162,0.208165,1.924243,1.865389,-1.039118,-0.226273,0.125141,-2.399372,-0.798575,-0.411532,-2.771188,-0.506918,-0.144364,-0.362074,0.499613,-0.450791,0.676668,-1.507853,0.078435,0.431756,-0.137347,-0.596576,0.435316,1.617773,-0.677531,-1.508294,0.211805,-0.34765,-1.282385,-0.846785,1.272244,-0.548045,0.952881,-0.759407,-1.797586,0.337238,-0.849954,-1.519434,0.285663,0.084818,-1.221144,-1.807645,-0.922483,-0.734501,-1.83317,0.086643,-1.251493,0.078118,1.576474,-1.696114,2.128244,-0.833684,-0.50145,-0.94899,-0.254355,-1.035096,-1.214161,-0.950025,-0.566335,-2.036251,0.501885,-0.79917,-0.340039,-0.314345,-0.400913,-0.612326,-0.126654,2.004459,0.351097,0.941522,0.086113,0.583107,-0.097984,-0.46679,0.347185,2.421989,1.574035,-1.709169,0.222656,2.14141,-0.342336,0.98315,1.162892,0.235039,1.258439,-1.0259,-1.202701,-1.270884,0.237784,-2.436532,-1.318743,-1.326906,-0.916135,-0.029028,-0.386624,-0.610089,0.284781,1.347059,1.263153,0.539883,-0.030633,-0.043518,-0.046575,2.21503,0.289738,1.184625,0.607218,0.968821,2.257306,0.876765,0.545169,-1.215303,-0.563344,0.953836,1.362154,-1.123588,-1.5575,-1.923147,-0.300709,0.910577,-0.906836,0.778636,-0.111035,0.197312,-0.761151,0.088116
JU3137,-0.115514,-1.173505,1.198464,0.947606,-0.231659,0.242255,0.672973,-0.080313,0.32443,-0.845912,-0.732338,-1.404171,-1.060153,-0.601708,0.699154,0.17132,0.93331,-0.251906,0.315748,-0.5807,-0.63835,1.06087,-0.907294,-0.787866,-0.884737,-0.672058,-0.052007,0.055707,0.275392,-0.447883,-0.123913,0.205466,1.461906,-0.014249,-0.716081,-0.44785,-2.79926,0.974617,-0.219651,0.634272,0.006604,-0.461726,-0.57451,-0.000779,-2.261799,-0.070492,-0.451574,-0.705931,-0.971141,-1.307481,0.395058,0.12845,0.029349,-0.591586,-1.252203,0.022224,-0.991307,-0.284499,0.10254,-0.040501,1.755406,-0.213346,0.409999,0.651059,-0.315059,-2.278651,-0.559509,0.201008,-1.854975,0.366598,-0.410564,0.898582,-0.990069,0.435046,0.615794,-0.100004,0.169956,-0.944734,-0.307302,0.655491,0.639468,-0.649958,1.22598,-1.845662,0.251314,-0.894717,-0.188329,-0.728057,-1.456128,1.421707,-0.101738,0.081076,1.815886,0.092371,0.675484,0.920684,-0.252862,0.701793,0.721472,0.988311,-0.143761,-1.596513,1.245332,-0.684542,-0.163701,1.550695,-0.832079,-0.844933,0.933736,-2.008328,-0.639924,-1.102744,-0.266333,0.788967,-1.664675,-0.662113,-0.249668,0.640312,0.890124,-0.826626,-1.305971,0.165631,0.023876,0.37848,-0.364325,-0.69356,-0.034818,-1.4307,-0.853582,-0.534432,-1.756052,-1.080357,-1.205493,-1.095078,-1.681761,2.179758,-0.74167,-0.266244,1.24741,0.288549,0.537949,0.136329,0.849612,-0.004051,-0.44754,0.199309,-0.032408,-0.276007,-0.716071,0.377292,-0.245157,0.005552,-1.011498,-0.202557,0.436758,-1.135638,0.026588,0.812942,0.634873,0.07559,0.323404,-0.752799,-0.810141,-0.845715,0.093129,-1.931552,-0.263252,0.110525,-1.699161,-0.738334,-1.264647,0.748687,-1.432066,0.136508,0.921161,0.423727,-0.256005,0.301122,-1.390881,-0.729461,-1.394032,-0.63423,0.141853,-1.014417,0.448924,1.357477,0.56994,0.173493,1.909367,-1.843449,-1.131175,-0.393172,0.291745,0.0311,-0.078888,-1.13277,-0.637867,-0.162813,-0.134759,-1.511161,0.040924,-1.346821,1.013549,0.68525,0.099096,-0.666466,0.002933,0.494949,0.840368,-0.548175,0.110259,1.359043,-0.975859,-0.017619,0.604546,-1.272464,-2.891483,0.772921,-0.699974,-0.484216,-1.252038,0.096581,1.361025,-0.361557,-0.699357,-0.566281,1.60005,1.222247,1.820165,0.338484,-0.576911,1.120924,0.891812,0.045823,0.737638,-1.246277,0.723884,1.598164,-1.980474,-0.583716,0.055127,-0.678837,-0.33819,1.372321,-0.565565,0.296737,-1.151275,2.545203,0.571629,1.575576,0.190162,0.302779,-1.861005,1.321609,-0.290979,-0.795964,-0.739454,0.300583,-0.300015,-1.07988,-0.779777,-0.963053,-0.653223,0.650111,0.058368,1.127276,-0.282283,0.05255,2.059129,0.449948,-1.359808,-1.025655,0.134764,0.02747,0.471309,0.39301,-0.903363,0.780202,0.322434,1.668462,-0.520555,-0.908539,-1.000418,-0.208665,-0.792996,-2.517589,0.574832,0.6121,-0.070444,0.532575,-1.586879,0.856841,-1.284518,1.344234,-1.146199,-0.358826,-1.286067,-0.616515,1.740893,-1.145284,-0.132461,1.730641,-0.21498,2.142106,2.068978,2.204275,0.047558,-1.984166,1.587895,0.021354,-0.589012,0.246514,-1.627233,-0.715525,0.841159,0.461893,-0.228429,-1.526324,0.236974,-1.524008,0.882509,0.151205,0.321642,0.233756,-0.670689,0.597672,-0.857383,-0.858464,-0.59231,-0.76289,0.249327,-1.112866,1.310847,0.592375,-0.714386,-1.415468,0.452753,-2.195157,-0.674718
JU561,-0.864485,0.895494,-0.876774,-0.14881,-1.005485,-0.853093,-0.129445,0.45702,-0.230229,-0.401674,0.37809,1.628842,-1.28597,-0.904936,1.112669,0.238678,-0.592296,0.469393,-1.088557,-0.172075,0.661785,0.650239,-0.109693,-0.629046,2.806306,0.87337,1.561147,1.492495,0.682026,-0.233576,-0.748534,-1.018075,-0.111349,-0.296938,-1.143375,-0.352851,-1.167301,-0.361833,-0.250113,0.573182,0.416782,-3.329093,-0.090152,-1.225241,-0.167444,-1.328727,-0.576382,0.563211,0.285964,-0.00763,0.11717,0.16475,-0.679953,-0.750829,0.363938,-1.083926,-1.162297,-0.742107,-1.316389,-0.67567,-0.657229,0.162055,-1.408845,-0.791797,-0.825883,-1.034347,0.513367,1.017979,0.170267,-1.003411,-0.683331,0.45366,0.043314,-0.056637,-0.085719,-2.525823,-1.346973,-0.03244,-0.317398,-0.863559,-0.730418,0.500639,-0.124662,0.197908,0.83813,-1.339584,0.2745,-0.589241,-1.595014,0.070361,-0.219898,0.063518,-0.12038,0.38357,-0.568447,0.711029,0.233322,-0.661986,-0.64344,-1.121596,-1.127666,0.334463,-0.816333,0.28177,0.465505,-1.513362,-0.196084,1.232073,-0.595185,0.064151,0.229318,0.316176,1.097164,0.969165,0.295477,0.213215,1.765081,-0.618603,0.688297,0.697057,0.424461,-0.485136,-0.383923,-0.261855,-0.657222,-1.581258,-0.854837,-1.623333,-1.502962,-0.631284,0.202117,-0.275162,-0.55858,-1.17899,-0.078581,-0.82323,-0.975704,0.575631,-0.760115,-1.273785,-0.594388,-0.94416,-0.270672,-1.596743,-0.902708,0.788398,0.061953,0.995067,-0.4749,0.10657,0.04753,1.473522,0.466629,-0.836533,-2.281724,0.420084,-2.747149,1.78987,-0.322255,0.301607,0.001566,-1.841151,0.009571,-1.935645,-0.07974,-1.206465,0.793795,0.599916,0.374666,0.45099,0.117637,0.861554,0.579438,-0.201749,-1.092608,0.603737,-2.263556,-0.46052,-1.047586,-1.34791,-0.240757,1.108755,1.400064,0.096105,-0.293523,1.666385,-0.35587,0.339015,0.270257,-0.126181,-0.740521,-1.768797,-0.964871,0.513832,-1.259346,0.630401,0.939875,0.338399,-0.861788,0.063393,1.746098,-0.8516,-2.817417,-0.16743,0.610062,0.86731,-2.069958,0.39801,0.862035,0.218104,-1.267114,0.11131,-0.16775,0.380743,0.916726,0.34807,-0.81659,0.151962,0.816128,-0.337847,-0.153925,-0.263909,-2.11068,0.279927,-0.327715,-0.698955,-0.332101,-1.625962,0.116184,-1.66761,-1.700542,-0.248719,-0.375176,-0.929493,0.658155,-0.445972,-1.215613,0.646197,0.756412,1.087924,-1.231031,-0.731876,-0.175451,1.247974,-0.062593,-1.408512,-1.799526,-0.68385,1.43809,-1.019969,-1.34028,0.766261,-0.546683,0.632306,0.322245,2.01466,0.145515,2.384653,-0.673977,0.185246,1.807902,-3.030132,-1.347346,0.453877,-2.802414,0.369488,-1.606551,0.299137,-2.179357,-0.212507,-1.598371,0.211064,0.132843,0.372771,0.300949,0.359934,-1.384632,-0.289444,-0.471488,1.231538,-0.577642,0.08592,0.98284,-0.51996,0.686637,0.295055,0.939215,0.49667,-0.181172,-1.949313,-0.702766,-0.341086,0.006093,-0.994446,-1.595451,0.909723,1.132993,-1.303764,-0.701031,0.997279,-0.309528,0.725498,0.784316,-0.039975,-1.083592,-0.501203,-0.391819,-1.025458,-0.818123,-0.942975,-0.954536,0.992051,-0.430933,0.588055,-2.24943,1.615795,0.431184,-0.324933,0.734633,-1.379207,0.082609,0.46563,0.304655,0.379771,-0.839814,-1.232791,-0.547907,-1.217787,0.430474,0.998401,-0.34311,0.195735,-0.735758,0.547444,-0.197888,0.167263,1.281675,1.629995,2.521448
JU774,-0.840959,0.181951,-0.753194,-2.024982,-1.825462,-0.402592,-1.638339,-0.399893,-0.986108,-1.425618,0.242638,-1.665442,1.261746,0.24612,-0.241646,0.525627,0.521701,-0.166201,-0.825969,0.104153,-0.662928,-0.896504,-0.277231,-1.292101,-0.601299,-0.291858,0.847865,0.206403,0.247673,1.216758,1.669868,0.383789,0.097918,0.722088,-0.180821,2.036747,0.682724,1.533196,0.183551,-1.090351,-1.031112,-1.000712,0.964092,1.552277,-1.492896,0.293911,0.886301,-0.26652,0.396034,-0.44008,-0.745971,-1.191889,-1.157523,1.363944,0.426165,0.779877,-1.86283,1.758714,-0.522188,-0.674463,-1.315772,0.136121,-1.519612,0.281735,0.375476,0.532878,-0.621768,-2.152414,-0.117462,0.231597,-1.625157,0.643994,-0.718397,-1.305147,-1.205126,-1.910441,1.047249,-0.095843,-0.256755,0.095486,0.770993,0.498219,-1.389893,-1.912803,1.118388,0.179729,-0.52271,0.721877,0.022596,0.639734,1.447284,-0.73505,-1.839705,-0.406752,1.126801,-1.490302,-0.362177,0.428531,1.483281,0.200446,-0.719383,-0.423197,1.057442,-1.044481,-0.193388,0.781852,-0.318098,-0.553705,-1.221461,-0.305524,0.908687,-1.336969,-0.14871,-0.757653,0.335425,-0.574561,0.082135,-1.828441,-1.800831,-0.928217,0.845347,-0.074598,-0.020332,-1.254269,-0.165027,-0.329169,1.045553,1.2246,-1.812524,1.453491,-0.98516,2.304987,-2.098733,-1.851311,-1.140172,-0.125932,0.730155,-2.480476,0.353857,-0.214592,-0.841508,0.612605,0.153971,-0.044132,0.545611,0.28823,-0.948494,-0.436167,-1.871393,-0.242636,0.316877,0.7912,0.558455,-0.621577,-1.804663,-0.044589,-0.568576,-1.515273,0.614292,0.139978,-1.002042,-1.912582,0.934222,-2.984731,-0.184883,-0.361746,0.437364,-0.353005,-1.282525,0.121564,-2.07336,-0.164542,0.821497,0.691791,0.469047,0.572902,-0.684997,-0.058949,-0.863537,-1.229946,0.998317,-0.785609,0.003024,-0.138934,2.741794,0.167996,0.328697,-0.119715,-1.196025,1.013821,-0.778292,-0.482572,0.039889,0.582805,-0.155281,-1.219586,-1.5993,-0.405619,0.48963,2.0884,0.199346,-0.721473,-1.034702,-1.695938,0.179296,-0.407763,-0.132077,0.912218,0.112315,-0.055062,-0.701309,1.32913,0.572922,-1.32404,-0.813722,0.328849,0.084577,-0.360073,-0.878862,-1.666647,-1.110845,-1.365289,-0.625302,-0.249399,-1.561374,-1.213981,-1.251097,1.591394,0.841456,1.139018,0.419969,0.131977,-0.2989,1.782435,-1.055627,-0.151452,-1.773942,0.621723,-0.214629,-0.688401,-0.565736,1.295099,-0.860509,0.398378,-0.957469,-0.309162,1.047867,0.320087,-1.550875,-1.350146,-0.257065,-0.24565,-0.589768,-0.613417,-0.005974,0.000994,0.969654,-0.113914,0.765502,0.273765,0.501371,-0.238757,0.411579,0.801318,-0.777296,-0.278825,1.66989,0.060697,-0.528592,-0.495339,0.444067,0.880181,0.024016,-1.532662,-0.489929,0.251555,-1.121904,-0.853784,1.156195,-1.25113,-0.741068,1.32629,-0.823267,0.931863,0.48314,-2.176561,-1.607686,0.060101,0.227739,0.103021,-1.679134,0.432004,0.309591,0.856252,-2.57056,-0.890002,0.736934,0.450192,0.449772,0.840115,-0.118594,-1.52635,-0.004304,0.301521,0.629287,-0.73293,-1.273971,-0.595978,-0.070335,0.040272,-0.420387,-0.143174,-0.689268,0.522025,-1.053463,-1.521528,-0.262306,-0.361045,-2.106563,-0.002978,0.079204,0.10064,-2.062993,-1.123095,0.691616,0.570838,2.139729,0.440931,0.208976,1.826667,-0.034144,2.489591,-0.090107,-0.302908,-1.288868,-0.407543,0.515136,0.673805,-1.197281
JU775,-0.351895,-1.393859,-1.183979,0.214476,0.36958,-0.24998,-0.672191,-1.063451,0.780611,-0.669373,-1.086305,-1.882699,0.028575,-1.400229,0.437585,-1.959744,1.159647,0.785733,-0.044983,1.246521,-0.34337,0.964573,-1.045688,-1.953685,0.33797,-0.695384,-0.426342,0.261649,-0.782336,1.130361,0.862511,-1.248589,0.304143,0.288475,0.67061,-0.079779,1.539273,-0.766916,0.938544,-1.502808,0.281697,-0.46658,-1.088292,-0.085527,-0.213119,-0.577481,-1.307269,1.175894,0.310557,0.691277,1.642923,0.201347,-0.038059,-0.639576,-0.343632,-1.209355,-0.872229,-0.768052,0.246032,-0.4469,-0.132415,-0.957768,-0.255146,-0.932894,0.913039,0.078526,0.818906,0.631548,-0.379748,0.098886,1.173412,1.161966,-1.368055,-0.493136,-0.968556,1.024463,-0.063614,0.683525,-1.743842,0.793805,0.969637,-0.290443,-0.487716,-0.370366,-0.96461,0.265524,1.935548,-0.162485,0.779672,-0.652125,1.000744,1.626848,0.391536,0.676264,2.568564,2.270621,1.565973,0.981218,1.974004,1.008174,0.508614,-0.77939,0.400804,-1.544114,-0.972023,-1.427728,0.952189,-0.075489,0.342797,-0.443361,0.375562,-0.720303,0.146566,-1.034566,-0.017904,2.442831,-1.444024,0.839346,0.350045,-0.545867,1.064364,3.107849,-0.544605,-0.245444,0.62747,-0.897003,0.155338,-3.164621,-0.530883,-1.804168,-0.263668,-1.769356,-0.489282,0.423576,-0.470929,0.990706,0.768281,0.670048,-0.130794,-0.976344,0.480908,-0.247441,0.743501,0.297398,-0.372628,-1.575291,-0.460685,-1.177524,-0.55927,1.002585,-1.787181,-0.417982,-0.972808,0.282976,-0.396602,0.454309,0.775858,-1.683028,0.489774,-1.009586,-0.459021,0.559095,0.659317,-0.168103,-0.647653,-0.397732,-0.127216,0.636439,-0.077725,1.051517,-0.154925,-0.5753,1.738139,2.217024,0.034652,-0.612632,-0.083745,0.381993,-0.314111,0.18694,-0.048858,0.100845,-0.685075,0.34588,-0.266236,2.160869,1.610885,0.10132,1.401835,-0.620241,0.075015,-1.978891,0.375851,-0.251848,-0.562332,-0.681169,-0.360407,1.060769,-0.453954,-0.901245,-2.361709,0.666128,0.024314,0.591667,-1.971626,0.989317,-1.303096,1.136727,-0.153751,0.23245,0.011508,0.530678,0.121708,-0.570285,-1.868967,-0.828087,1.015338,-1.10537,0.677412,-0.896973,1.041321,1.121945,-0.102374,1.150079,0.352714,1.065713,-0.597157,-0.110031,0.620626,-0.234381,1.759111,-1.683719,2.085162,1.998305,0.79763,-0.433753,0.180624,-0.894456,-0.529678,-0.135987,-0.591911,0.433754,-0.658377,0.713616,2.451177,1.505349,-0.092106,-0.40481,-0.618336,2.046157,-0.592913,1.213482,-1.280464,-0.120983,-0.517084,-1.066489,0.022621,0.040939,-0.140742,1.407182,1.368736,-0.17835,-0.488236,0.79127,1.674346,1.164478,1.365831,1.093753,1.302693,0.713642,-0.260459,-0.166647,-1.287801,0.470508,0.473682,-0.275582,-0.663675,-1.879604,-1.120493,-0.699594,0.026498,-2.046948,0.909159,-1.817403,-0.620459,0.721492,-0.406361,-0.980051,1.040618,-0.930246,-0.552148,0.469371,-0.478865,-1.169866,-0.843833,0.099789,-0.568783,-1.400969,0.065022,1.411023,-0.638381,0.17432,0.178061,-1.079829,0.58393,-0.273104,2.308105,0.455313,-1.236158,-0.075664,0.062558,0.18071,0.985091,0.803832,0.468638,1.691155,0.198031,0.381117,-1.517495,-0.526185,-1.908895,-0.844489,-0.575358,-0.523722,-0.369323,-0.429209,0.226896,1.046933,-1.834456,-0.984136,-0.145717,-0.866047,0.168233,-0.321084,-0.411748,-1.652324,1.242385,-1.051526,-0.913482
JU782,1.129735,0.463174,-0.842909,-1.821868,-1.046874,1.22235,0.298553,-0.227565,-1.938432,1.094818,1.449147,0.560799,-1.025825,-1.649008,-1.845173,0.328229,-0.643592,-0.10736,-0.864366,-1.569613,2.134721,0.093564,-0.053388,-0.53728,-0.277317,0.359803,-0.237312,-0.40115,0.95042,0.21693,-2.568667,1.045456,-0.853253,-0.471611,-0.727599,-0.973395,-0.855659,1.26376,0.433011,-0.11633,-1.190982,0.721249,-0.157999,-0.531684,-0.759056,2.92401,-0.004557,1.367694,2.445674,1.251742,1.52792,2.056618,1.485451,1.282536,-2.166821,-1.091098,-0.734765,0.382683,-0.376437,0.750891,-0.714193,0.086339,0.594807,-1.475369,0.997384,-1.934862,-1.510104,-0.142163,-0.005076,-1.582621,0.277086,-1.648588,1.023909,-0.37677,1.242739,-0.125964,-0.416946,0.967476,0.658109,-0.509098,-0.96583,1.973438,-0.448899,0.906215,0.271219,-0.991194,-0.42308,-1.963299,-0.715486,0.843064,0.984484,1.626435,-0.128262,0.053997,-1.277906,0.540842,-1.19739,-0.480179,0.461299,-0.72698,0.133335,-0.001573,-0.83355,-1.520885,-1.347053,-1.701788,-1.071416,0.067775,-0.536842,-1.247,-1.240174,-0.295257,-0.552968,-0.732447,-0.540165,-0.553613,0.289694,-0.61184,-0.781464,0.540961,-0.862524,0.814556,-0.664903,0.312142,-1.021877,-0.32575,-0.488413,1.815877,2.136965,-1.01985,1.033685,0.178386,-0.32164,0.982125,0.555155,0.004641,1.311759,-0.842159,-0.518282,-0.022346,-1.405201,0.403609,-1.813037,-1.404753,-0.613055,1.016377,-1.305958,0.671242,-0.176166,-0.054486,-0.074156,0.466154,-1.015256,-1.212352,2.067693,1.206248,1.56061,-0.821666,0.451296,1.007173,-1.386303,0.452734,0.42069,0.064444,1.267995,0.502079,0.227488,1.768325,0.218008,-0.187778,0.225601,-0.77155,0.2497,0.168718,-0.750467,-0.20687,-1.673732,0.450409,-0.489922,-0.931151,1.401777,0.230186,0.418622,-0.643045,0.187408,0.755414,1.177173,-0.671361,0.85892,1.555851,0.581297,-1.236183,0.587287,-1.789013,0.649375,2.252641,0.162015,1.225686,1.387978,1.477905,0.390408,-0.43838,-0.121601,-0.097346,-1.512897,0.824328,-0.004906,-0.571274,0.225297,1.173252,-0.373294,-3.172971,-0.267152,-0.106819,1.208841,-2.377905,-0.643972,0.52741,-0.010912,0.2992,0.573606,0.021529,0.109378,0.082826,0.236607,0.213904,-0.76886,-0.065785,-0.34351,2.024824,-0.882395,-1.102369,0.088275,-0.310907,-1.724658,-0.700165,-0.306964,-1.67152,-0.596039,-0.60254,-0.876316,0.139247,-0.87693,-1.554862,0.503861,0.180871,0.5228,1.042528,1.261843,-0.038305,-0.841667,2.139481,0.656083,-0.333591,1.931863,0.008823,-0.523369,0.175841,2.315975,1.797866,0.146943,0.38891,0.023083,-0.614457,-1.920793,-0.404046,-0.186715,-0.582347,-1.430198,-1.827818,-0.566843,1.116306,-1.130723,-0.080272,-0.789995,-2.298996,0.958898,-0.444874,-0.579456,-0.225227,-0.4821,-0.27703,-0.897825,0.298856,0.577262,0.263471,0.487661,-0.506084,-0.055644,0.345901,-0.544623,-0.560171,-1.071336,0.692392,0.027783,0.265132,-0.548628,0.190169,0.181424,0.495338,0.483509,1.861391,0.214665,1.33747,0.13404,-0.48608,0.366257,-1.060758,-0.829664,0.187459,0.491032,-0.252549,-1.255063,-1.603424,-0.174227,-1.454286,-0.398889,-0.848429,0.808163,0.372097,1.239599,-0.054232,0.008949,0.638832,-0.964019,0.533648,-0.627124,-0.549718,0.396963,-0.724981,0.418037,-0.314237,1.151762,0.290471,-1.450262,-0.276712,-0.213461,-1.037123,-0.073855
KR314,-1.918277,-0.171733,0.81008,-0.831859,1.931402,-1.118868,0.046472,-1.223985,-0.652444,1.072641,-0.231206,0.743637,-1.164882,-0.683218,-0.392175,-1.193073,-0.591192,-0.063752,-0.094249,-0.769901,0.472871,-0.568312,1.781657,0.587544,-0.681788,-0.761647,-0.988233,-1.955026,-1.185492,-0.507548,-1.686224,-0.97987,-1.267822,0.10174,-1.691059,0.136637,-0.346287,-1.024005,0.835993,0.806394,-0.483929,-0.700484,0.304116,-1.036564,0.461329,1.851299,-1.188673,0.583052,-0.034931,0.322801,-0.722905,-0.03028,-2.324301,0.846944,-0.540147,0.60192,-0.164406,-0.472544,0.021219,1.45301,0.035529,0.563963,-0.394573,-0.516923,2.255335,0.565818,-0.334527,-1.3481,0.574074,-0.169428,-0.124142,-0.022387,-0.330692,0.998529,-0.696799,1.666664,-0.966515,-0.014827,-0.811862,-1.027723,-0.464972,-2.185165,-0.037125,-1.383626,-0.163394,0.569937,-0.11868,-0.319712,-1.416188,-0.650167,-1.639674,-0.282597,-1.641338,0.780723,0.803747,-0.81877,-1.350463,1.178044,0.600091,0.731387,-1.394403,0.4519,-0.855478,-0.258916,-0.165931,0.302203,0.84157,-0.411435,0.212898,-1.471157,-1.127771,0.090105,-0.40407,-1.062846,0.152984,-0.227471,-0.885936,1.360212,1.384113,-0.435316,0.834273,1.986598,1.664377,0.750407,1.541769,0.88248,-1.606195,-0.86039,0.968893,0.134312,0.077222,0.935077,-0.066026,1.326533,-0.897032,0.107219,1.412405,1.262986,0.610425,1.252805,0.158925,1.742856,0.960373,-0.643558,-1.378098,-1.428256,0.400232,0.326771,1.115045,-1.016074,-1.16309,-1.322038,0.546656,-0.418881,0.217343,-0.944032,-1.776388,-0.155857,0.308862,-0.137793,1.792874,0.172297,0.593848,0.335105,0.683346,-0.351301,-0.721535,0.050925,-1.532391,-0.429661,0.111359,1.178012,1.694624,1.207577,0.205208,-0.841942,0.395706,-1.164563,0.285493,-1.872387,-1.255294,2.38739,0.795731,-0.722642,0.792028,0.412088,0.533551,-0.387554,-0.304936,-0.798302,-0.911291,-0.627065,1.543318,-1.59384,0.199367,-0.084326,-1.554789,-0.312371,-0.100726,1.160645,0.538721,0.081467,-0.329691,0.454519,-0.162247,-0.957715,0.006104,-0.798316,-0.365931,-1.402919,-0.101926,0.953433,0.707977,-0.155634,0.942746,-1.077898,1.716902,0.757435,-1.330633,0.561382,-1.331679,0.117454,0.590928,1.171241,-0.173327,1.249687,-0.352424,0.332827,0.489829,1.569729,0.598379,0.681777,1.64201,1.100286,0.254098,0.496288,1.220563,-0.481327,-1.303542,-0.154422,-1.37329,0.371285,-1.181238,-0.528365,-2.064175,-1.69379,-0.545938,-1.097054,-1.4902,0.044021,-0.394331,-0.250432,0.707094,0.032818,-0.828592,0.547007,-1.594622,-0.33278,0.224182,1.772118,-0.850465,-1.203053,0.518412,-0.007864,-0.080895,-0.788529,-1.941825,-1.41303,-0.713542,0.824407,-0.496532,-0.409327,-0.251484,-0.090318,-0.858802,0.862982,0.428508,-0.314073,-1.028283,-0.846842,-1.553187,-0.736462,-1.63932,-0.398773,-0.333368,-0.205367,-1.548169,-0.897961,0.236919,-0.651971,-1.382537,0.132712,-0.431641,1.354293,1.102166,-0.125846,2.167724,1.034371,-0.340805,1.314206,1.784576,-0.666371,0.233087,0.906959,0.803418,0.886114,0.681355,0.271464,0.598864,0.561423,-0.034284,1.100937,1.006891,-0.158562,0.347171,-0.427587,-0.769117,1.466875,-1.592437,-1.39249,-0.582863,0.839545,-1.247909,0.187705,0.294627,-0.926021,-0.279683,-1.774754,0.55696,-0.825528,-1.017348,-0.542072,-1.727229,-0.127461,-1.767226,-0.331265,0.420608,0.054606,-0.033333
LKC34,0.470706,1.344457,0.286035,1.100734,-0.866023,-2.156496,-2.0173,-2.349305,-1.488194,-0.836386,0.186264,-0.21801,-0.685854,0.88614,-1.287792,0.202062,-1.523658,-0.227097,0.88775,-0.661485,1.101713,-0.221339,0.51938,-0.67315,-0.049616,-0.865208,-0.248481,-1.180625,-1.08214,0.846763,0.503966,0.019962,-1.165322,-0.845066,0.107925,-0.107129,-1.453077,0.485563,-0.346266,-0.689302,-0.083921,-1.0834,0.315577,-0.878748,-0.026181,0.012871,-1.455246,-1.616666,-1.001626,1.288059,-1.257516,-1.426253,-0.416234,-0.413224,-0.475763,0.639845,-1.475074,-0.114605,-0.787605,-0.429669,-0.161502,-0.044166,-1.120116,0.748749,0.492469,-0.996726,0.889823,-0.438682,0.121143,-0.734306,-0.6762,-1.477398,0.863666,0.692995,-1.894339,-0.299481,-1.777475,1.369539,-0.777755,-0.519718,-0.698255,0.195734,-0.515575,0.343119,-0.298837,0.213822,1.179882,-1.114529,0.418332,-1.436395,2.033147,0.521908,0.593486,0.751921,-0.19641,0.911751,1.712211,0.757911,0.655338,0.656752,-0.721032,0.83818,-1.021284,-1.833463,0.325128,1.144502,-1.226165,-1.297864,-0.728054,0.286063,1.012226,-0.681486,-1.456009,0.503005,-0.560482,-0.249049,-0.453888,1.131318,0.969333,1.972096,-0.251419,-1.038076,-1.789279,0.40284,-0.6998,-0.447596,-0.604846,0.162988,1.112383,-0.367151,1.020341,1.505876,2.045424,1.706347,1.31204,-1.491211,0.243073,0.382776,-0.834306,0.238517,0.003116,1.202073,-0.378506,0.111161,1.695763,-1.906303,-0.31246,-0.706419,-1.054809,-0.382333,-0.288517,0.015212,-1.936312,0.325538,-0.98588,0.510722,-0.80548,-0.146682,-0.865168,0.1589,0.068275,-1.257457,-0.753509,0.023228,2.001321,0.388822,-0.445154,-1.401485,1.086963,0.173578,-0.796603,-0.082686,0.391168,-0.835738,-0.656858,-0.607765,0.403114,0.485962,0.350591,-0.538161,0.474414,-0.936624,-1.119678,1.50161,-0.118659,-0.301234,0.331699,0.369258,-0.773434,-1.035838,1.436857,0.068477,0.97726,0.989079,-0.668265,-0.011959,0.237407,-0.669777,-1.80176,-0.135086,0.595923,-1.165526,0.477352,-0.086322,-1.307011,-1.53024,2.013248,0.002944,0.547155,0.113891,-0.528135,-0.587722,-0.29105,-1.186907,0.319066,0.95535,1.254418,0.307239,0.965555,0.258831,0.772128,-0.413758,0.456659,1.770863,0.65295,0.315864,0.518714,-1.504374,1.33384,0.106804,0.647877,-0.021578,-0.693795,1.394236,-1.091752,-0.448803,0.684487,-0.70746,-1.114895,1.8429,-0.985453,1.09194,-1.0877,0.513215,1.163838,0.646347,-0.65575,-0.456085,1.34833,0.903795,2.912927,2.985569,0.029436,0.953956,-0.487697,0.402284,1.023279,-0.00764,1.311666,0.514698,0.76992,-0.873866,-0.243897,-0.490631,-0.74441,-0.496647,0.038873,-0.76225,0.142501,-0.82412,0.069387,-0.607044,-1.014853,0.410796,-1.178598,1.809041,0.367473,-0.053681,-0.383067,-0.412807,-0.210289,1.315116,-1.121333,1.2139,0.262724,0.464867,-1.101574,0.842176,0.495969,-0.107743,0.992502,0.277464,0.576236,0.314484,-0.274512,0.677741,-1.067649,0.308982,-0.79765,-0.205529,0.576671,0.060085,0.500756,-0.570411,0.100171,0.28125,-0.918001,-1.705356,0.3619,-0.28258,-0.443005,1.070009,0.793606,-0.484103,-0.33133,0.27503,-0.404958,0.331192,1.561125,0.491464,-0.202171,0.294047,0.348174,-0.254189,0.127955,-1.072657,-0.19972,-0.19489,0.573143,-1.210588,-0.0316,0.981043,-2.033272,-0.99533,1.684004,0.457579,-0.86908,0.81583,1.945592
MY10,0.17625,-0.738973,0.871528,0.459575,0.013478,0.619845,0.393605,0.740936,-0.059352,0.204932,0.400193,-0.227451,0.364065,0.024755,0.049455,0.978256,1.298952,-0.493337,0.07948,0.310433,0.020879,0.894618,-1.8765,-1.27767,0.020462,-0.96019,-1.141623,-0.356336,0.11289,-1.316141,0.104974,1.425811,0.2329,-0.53144,0.114588,-2.229688,-0.54744,1.261474,-0.10092,-0.691026,-1.542901,1.042956,-0.489376,0.464006,1.121038,-1.364985,0.871635,-0.389726,1.106447,-0.017834,0.806869,0.055523,-0.128129,-0.285994,1.41072,1.194924,-0.128979,-2.597929,-1.240544,-0.276284,1.050411,1.644143,-0.910642,-0.252264,-0.173629,0.98688,1.413713,0.39353,0.155822,-1.635506,-0.647316,0.131828,0.789035,-1.104589,-1.120109,0.148389,2.270065,-0.255832,-0.220214,-0.175424,0.569056,0.665861,0.940675,0.04488,-1.659766,1.849285,-1.506075,-0.672277,-0.548018,0.745335,-0.830518,-0.850633,1.595975,0.329041,0.240145,-0.599203,-0.737873,0.719101,-0.362801,0.143949,0.696398,0.47339,0.100753,-0.166908,0.180231,-1.119197,0.315357,-0.329543,-1.099591,-0.634702,0.952613,0.411947,-1.610578,0.145295,-1.09796,0.375419,0.867112,-0.078491,-0.683275,0.159789,-1.729194,0.209415,-0.392743,-0.03355,0.09584,1.287669,-0.593306,1.101115,-0.517343,-0.484721,0.469624,-1.568227,-0.888702,-0.267358,-0.727253,0.744777,0.094776,-0.983394,-0.437846,0.232724,-0.200155,1.143712,-0.579154,0.159209,-0.51273,1.21287,-1.339918,1.310793,2.448158,-1.171122,-0.62943,-0.449648,-0.321823,-1.219068,0.012232,-0.406039,-0.091085,-1.128433,2.861639,-0.820321,-0.711751,-0.995505,0.512529,-0.637626,-0.763655,1.027307,-0.899665,-0.203187,-1.669826,-1.354076,-0.380563,0.463201,0.639537,-1.811785,0.764147,0.637273,-1.865196,-0.714709,0.263249,1.408907,-0.979037,-0.435842,-0.441037,-1.855374,0.076647,-2.182213,-1.72193,-1.008683,0.063166,-1.401581,1.96243,0.111188,-1.426887,-1.159908,-0.058735,-0.781794,0.420765,-0.702775,0.095356,0.537895,1.297152,1.406685,1.330075,-0.056373,0.339842,-0.368541,1.356471,-0.808582,0.555838,-0.358154,-1.05316,-0.220751,-0.019149,-1.056978,-2.012379,-0.542797,-0.537628,-0.003977,-0.460617,-0.169564,-0.227658,0.485414,-0.196638,-0.356793,-0.278764,1.288195,0.008318,0.708979,2.045168,-0.313993,1.36121,1.831928,0.196122,1.232994,-0.372871,0.497012,0.024929,-0.909421,0.520787,-1.204153,-0.949155,-1.17116,-0.290931,-0.177324,-0.428215,-0.585585,0.611186,-0.99543,0.076693,-0.744997,-1.247109,-0.418583,-0.923984,-0.992622,0.830536,-1.108267,-0.346914,-0.561893,-1.644131,-1.294211,-0.431906,0.373707,1.726182,-1.721726,-2.421124,1.270504,0.888904,1.602761,1.509947,0.381949,-0.557511,1.133379,0.706993,-0.472996,-0.095943,1.068841,-0.930977,0.442735,-0.302574,-0.097017,0.936447,-1.306817,0.416072,-1.742802,-1.141936,-0.241461,-1.251224,-0.234147,-0.128374,-0.246271,-0.307364,0.80658,1.306563,0.996861,0.658721,0.136151,0.118133,0.88906,-0.468991,0.448491,-1.008287,-0.554496,-0.015967,-0.530208,-0.48746,-0.009347,0.55498,1.091779,0.535921,-0.004939,0.355151,0.973584,1.362179,1.502833,0.904467,-0.610492,-0.113992,0.565475,-0.969434,-0.743014,-1.089083,-0.442581,-1.335274,1.208288,0.075202,-0.860693,0.52033,-1.262154,-1.987586,0.533023,0.164375,0.494832,0.029819,-0.354074,-0.314115,-0.24625,0.961325,-1.015241,-0.221189
MY16,1.000006,-0.425272,-0.55802,0.890442,3.277593,-0.906181,0.453213,-1.110657,-0.001645,0.068848,-0.95228,0.584673,-0.66281,-0.528104,-0.157068,-0.459834,-0.626944,-0.039654,0.193858,2.100413,-0.434249,-0.283302,0.263066,-0.46599,0.54321,0.626906,-0.356431,-1.140535,1.391765,-0.195559,1.635526,0.3615,0.292832,-2.180075,0.127769,0.124061,0.389129,-0.404568,0.965786,-1.065079,-0.031226,0.75854,-1.059279,-0.495999,-0.124446,0.560832,-0.648219,-1.70857,-0.823208,-1.021252,0.34986,-1.130473,-0.046959,-0.633275,-0.085822,1.455545,1.002966,-0.095617,-2.220025,-0.425165,-0.248023,0.650187,0.601695,-0.35802,-1.467327,-1.02067,-0.316618,0.172392,-1.374997,-0.516472,-0.949514,-0.682451,0.354831,0.088411,1.364396,-0.767496,0.177727,-0.162343,0.441209,0.913149,-1.226969,-1.288979,-0.772153,1.634112,0.239001,3.123773,-0.296214,-0.311405,-0.614974,-1.192948,-1.062641,-0.686977,-0.914624,0.973897,-0.887382,-2.883624,-0.677105,-1.034147,-0.147871,1.592445,1.011799,-0.087971,0.625597,0.404168,2.078113,-0.68279,1.280858,-1.068664,0.217712,-0.01612,-0.119266,1.011114,0.618339,1.572,1.378466,-0.021703,0.345165,-0.022272,-2.108943,0.172309,-0.501069,-0.349477,0.242791,-0.019365,-0.102205,-0.043296,-0.78982,-0.862668,-0.473159,-1.756171,1.408707,2.018996,-1.003193,-0.75708,-0.872095,-1.517829,-0.306008,0.297093,-0.48974,-2.08143,-1.017537,-0.478393,-1.930326,-0.545358,-0.367237,0.221155,0.11099,0.193321,-1.162928,-2.0818,1.032652,0.251908,-0.53652,0.013928,-0.63461,-0.161597,0.919528,-0.414251,-0.661695,-0.516478,-1.822246,-1.860143,0.407,0.305565,0.512577,0.724587,-0.309106,-0.514517,0.655234,2.28108,0.673684,-0.361318,-0.662153,-1.709361,-0.248054,-0.312816,0.304438,-1.075609,1.518147,0.343903,1.066905,1.287472,-1.458279,0.463034,-0.573223,-0.849295,1.079291,0.202379,0.310954,-1.129078,-0.084816,1.423913,1.196358,-1.30466,-0.507239,0.460721,-1.061121,-0.380091,0.697725,0.696953,0.344604,0.934351,-0.027353,-0.182393,1.907047,1.157488,1.747963,-2.142525,0.616703,0.584929,0.743121,2.682256,-0.686412,2.351447,1.027265,1.647092,-0.223972,0.994207,0.791243,-1.250037,-0.933296,0.129443,-0.366104,-0.843684,-0.704313,-1.286536,-0.428268,0.783916,1.288357,-0.337355,1.363753,0.538613,1.181091,-0.074356,0.692586,1.104783,0.756217,-1.411142,-0.773177,-0.212291,-1.08462,1.088385,0.068428,-1.419114,0.765982,0.081741,0.50259,0.729317,1.105416,1.188667,1.089987,0.740846,1.001162,-0.349395,1.550297,-0.900016,0.568777,-1.170467,-1.645458,0.087864,0.09138,-0.412261,1.587832,-1.388393,-2.219678,-0.655364,0.353885,-0.685731,-1.39772,0.806629,0.122527,1.364215,-0.187162,-0.067015,0.72285,1.215596,2.016839,0.428219,0.122575,-1.49627,0.153317,0.327816,-0.07926,-0.34086,-1.089066,-0.317168,-1.656117,-0.674676,-1.196735,-0.626074,-0.598407,-0.416389,1.243852,-1.960006,0.31219,-0.983129,0.130743,-0.325436,0.214661,-1.324344,0.12782,-1.732487,-0.507573,-0.992654,0.69967,0.349589,1.539293,0.887338,-0.482678,1.073807,-0.585795,0.046902,-1.039434,-0.603762,-1.041547,0.269917,1.963226,0.161434,-0.603876,-0.068038,0.126558,-0.336767,2.854932,1.882428,0.112947,-1.001491,-0.405575,1.010326,0.363496,0.598738,0.055918,-0.461683,-1.010735,-0.302664,1.045996,0.372221,0.088927,-1.358944,0.737281
MY18,-0.542567,-0.888437,0.227295,0.179864,-1.063054,-0.540139,-0.31215,-1.71732,-1.140256,-1.59883,-1.040549,1.171785,1.054369,0.514608,-0.366175,-0.753363,-0.352679,0.523271,1.596788,-0.437045,0.569192,-0.002615,-0.134443,-0.157252,-0.29147,-0.555457,-0.704225,-1.53985,-0.70853,0.020201,-0.04582,-0.232063,-1.347975,-0.848602,0.205783,0.778082,-0.677636,0.00967,-1.4435,0.660344,0.820318,-1.344314,0.331486,1.103103,-1.449706,0.339546,0.198275,-0.167353,0.098031,0.834351,1.595566,-0.645128,-1.390447,-0.270861,-0.541497,0.031416,1.227011,0.784269,-0.245177,0.324693,-0.397367,-0.16609,-0.081756,-1.001903,-0.006863,-0.485186,0.639713,-1.59911,0.234482,-0.156773,0.091169,1.273973,-0.625917,-0.536215,-0.265093,0.560759,0.385098,-0.546043,-1.60992,0.568862,-0.416541,-0.499209,-1.303772,0.527683,-1.440735,-0.31404,-1.234455,-0.15073,-1.325288,0.354163,0.590095,-1.302907,-0.177044,0.075212,0.200307,0.754001,0.623618,-0.177297,-1.156459,0.2285,-2.365621,0.021918,-0.652648,0.484873,1.977755,-0.101507,0.534211,0.746516,0.444059,1.787389,-0.46977,2.385531,-0.706768,0.250662,1.415926,1.718605,1.422895,1.229932,0.455069,0.65974,-1.720627,-0.491973,-0.461208,-1.540716,-0.033806,-0.418067,1.499164,-1.550317,0.705436,-1.090184,-0.051519,0.541002,-0.545772,-0.455311,0.682711,-1.671346,0.072979,-1.060742,-0.580195,0.035416,0.755601,-1.186463,-0.20119,-0.387278,1.659954,-0.382146,-1.27164,0.123554,0.057471,-0.795793,-1.327176,-1.798594,1.427123,1.339106,1.534886,0.975838,1.16465,0.4448,1.501689,1.249545,-0.490256,1.771565,-0.08043,0.124219,-1.606449,-1.320777,-2.259307,-1.322363,-0.55957,-0.250615,0.159064,0.095721,0.239034,-0.064118,-0.311531,0.148413,0.923192,-0.763569,-0.296233,-0.397836,-1.239669,0.489995,-1.688946,0.625035,0.088473,1.733862,-0.296213,1.017502,0.184641,0.280485,-1.577534,0.236801,-0.489009,-0.801912,0.229253,0.136351,0.387834,0.22393,1.367639,-0.073069,0.212843,0.949649,0.879704,1.078411,0.207964,0.058953,-0.023899,-0.105477,-0.66113,0.49557,1.189935,1.508116,0.995971,0.91657,1.854491,0.568673,-0.627864,2.31237,-0.085176,-0.885453,-0.294237,0.926849,0.685941,-0.723196,0.039673,-0.168126,-1.202874,0.016866,-0.055406,-0.172674,-1.67229,-0.303152,1.41755,-0.907231,-0.190374,-0.861518,-0.266583,0.879051,1.019019,1.100817,2.975717,-0.273474,1.551244,-2.583139,1.268577,-1.205559,-0.22237,-2.027192,-0.768937,-0.221479,-1.324626,-1.204978,-0.061189,-0.23134,0.020351,1.44033,-1.339291,-0.839403,-0.099699,1.065951,0.142393,1.973518,-0.375753,-0.444705,-0.488215,-0.890541,-0.560793,-0.95282,0.096569,-0.566702,0.063051,-0.26071,0.824042,-2.757326,-0.349647,-1.320081,0.382467,-1.732408,-1.075033,-0.08756,0.681049,0.441603,-0.004562,-1.380815,0.276272,-0.412129,-0.575712,-1.22943,0.447412,1.120357,1.120121,1.706269,-2.157828,0.552796,-0.155305,1.775054,0.288839,0.133005,1.254818,-0.888685,-0.709837,-0.567481,-0.063806,-0.472306,-0.312826,1.108331,-0.086868,-1.231768,0.013819,-0.633192,0.538379,-0.890643,-0.758288,-1.052111,-0.689699,1.765143,0.194639,0.92086,2.550614,-0.224123,-1.029758,-0.688915,0.776289,-1.270387,-1.636759,-0.301207,-1.166419,-0.842045,-0.152769,0.862053,-1.855477,-1.540986,1.008226,1.078619,-0.489798,-0.202518,1.217642,1.497429,0.908246
MY2147,0.21807,-0.188871,0.091843,-0.197358,0.186833,0.751242,-0.633637,0.59826,0.316546,0.782738,-0.038143,-1.433383,0.045625,-0.400192,-0.321857,-0.164528,-1.067615,0.394865,-0.044723,-0.403703,-1.362421,0.52393,1.707701,0.061185,-0.816538,-0.719206,-0.361862,-0.244101,0.797771,0.463228,1.37538,0.308673,-0.354046,0.1822,-2.569913,-0.477828,0.2994,-0.973479,1.209643,1.051949,0.327615,0.040442,-0.977929,-1.171926,-0.031924,-0.890663,-1.042091,-0.188249,0.484951,-0.937753,0.918516,-0.639519,-1.375781,-0.269853,-0.540845,0.203904,-0.270551,-0.910231,-0.456688,0.575396,0.362296,-1.525654,0.676753,0.510456,0.392523,0.51991,0.295419,0.794366,0.740362,-0.282967,-1.424904,-1.160567,0.642748,0.897292,-0.053497,0.636682,-0.087293,-0.238309,-0.374851,-1.24873,0.130678,-0.413509,0.013532,0.990508,0.478905,-0.100516,-0.758941,-0.149285,-0.199868,-0.564512,0.097245,0.869562,-0.813815,-0.398488,0.005715,0.100207,-0.297836,0.514525,-1.733508,-1.931981,0.282511,-1.022894,-0.657558,0.231681,-0.255049,0.258415,-0.792276,0.80933,2.75974,-1.619724,-0.742511,0.541444,-0.180829,0.534152,0.771049,0.861706,1.813974,0.21973,1.665694,0.357384,-0.535406,-2.213958,-0.013017,-0.384289,-0.999466,0.643357,0.442937,-0.661242,-0.215025,1.23025,1.637163,0.155784,0.163827,-0.064581,-0.08439,-0.394767,-1.871778,-0.799172,1.546974,2.156201,1.228447,-0.772059,0.31403,-1.102683,-0.428997,2.688438,-0.686102,-0.087486,0.366257,0.79269,1.148354,0.547979,0.900035,-0.898327,0.285874,2.113376,0.63602,-2.146035,-0.03603,-0.141975,-1.066816,-0.392957,-1.376967,1.194494,-1.490812,0.376401,-0.690671,1.520996,1.31945,-0.146809,1.871092,-0.178019,-0.793096,0.509663,0.192822,-1.06645,0.195014,1.375006,0.300139,0.933534,2.085864,0.244116,-0.394519,0.725827,-0.755283,-0.019654,-0.263718,0.850619,1.146158,0.464989,1.297193,1.847246,0.649801,0.166114,0.619131,1.114911,2.333858,2.470434,-0.3967,0.164357,-0.139203,0.180043,1.124752,-0.454931,0.332677,-0.068378,0.160812,1.702623,0.089607,-0.89217,0.205176,-0.020896,-0.250511,0.45227,-0.195178,-1.532384,-0.119787,-1.477922,-0.089809,-1.755071,-0.314129,0.295596,-1.407398,-0.113059,-0.544017,-1.268611,-1.209061,-0.397285,0.227974,2.23294,0.159263,0.10609,-0.83608,0.798164,-2.050792,0.006634,-1.026636,1.580266,0.643292,0.584717,1.192021,-0.836273,0.952254,0.269904,-1.287514,-2.496325,-0.380416,-0.92227,-1.096812,-0.140276,-0.071894,-0.9704,0.915057,0.176445,0.112826,-0.718486,0.667855,-0.292476,-1.415345,-0.400009,0.150735,-0.543648,0.684645,-0.963976,0.98373,0.230851,-0.712365,2.308427,1.952947,-0.314196,-2.221416,-0.252829,-0.297682,0.168566,0.996161,1.179715,1.544563,0.258404,0.961665,-0.323521,0.153125,0.958557,0.624671,1.190156,0.698346,0.984344,1.29497,1.240836,-1.35404,-0.250453,-0.518406,-0.844278,0.02102,0.380962,-1.829492,0.450148,0.767123,0.137731,-1.597972,0.798068,-0.771767,-0.104204,-0.797157,-1.205575,-2.146483,1.367012,-0.85063,-0.251528,-2.170884,-0.541857,-0.416677,0.465117,-1.356798,-2.075019,0.573128,0.565594,-1.029869,-0.39304,-0.807981,0.976061,-2.303096,-0.020768,-0.576024,-1.310106,0.583702,0.897515,-1.08798,1.272258,-1.401782,-0.092169,1.425764,-1.121608,-1.742039,0.19828,-1.627992,-0.139402,-2.01786,0.782051,-1.264219
MY23,0.932292,1.03942,-0.865549,0.285528,0.127887,0.442912,3.38095,1.70373,0.868273,-1.839247,0.565714,1.08967,0.00156,-0.188307,0.755414,1.199037,0.459358,0.525482,0.336101,-1.541403,1.300338,-0.680952,0.290121,0.243841,-1.180874,-0.353128,-0.769352,-0.712396,-0.345666,-0.457462,-1.944857,1.185523,-1.586754,1.619679,1.177234,0.894742,-0.052479,0.90275,2.751277,1.101495,-0.693624,-1.828535,-0.195619,-0.311355,0.80883,1.325836,1.028011,-0.311161,-0.134437,-1.202718,-1.589673,0.525036,-0.769349,-0.488579,-0.1913,0.352866,-0.447658,-3.203637,0.277134,2.772005,0.335707,-1.426369,-1.047409,0.266912,-0.893909,0.326837,0.507665,-1.042723,-0.347788,1.537814,0.129657,0.25436,0.27966,-0.357076,-0.125138,1.05415,0.047341,-0.975593,-0.221218,-0.945209,0.572998,-0.750844,-0.133581,-0.642694,-0.725329,-0.177399,-0.533517,-0.977774,-0.777962,0.320089,1.206614,-2.031677,-0.199387,-0.838196,-0.204427,0.255831,-0.389137,-0.49187,0.657878,0.515027,0.669147,-1.476505,-0.944626,-0.711036,-1.069931,0.325527,-0.904426,0.172503,-1.412971,0.235207,-0.443056,-0.617928,0.071924,0.322155,0.383748,-0.35202,-1.899989,-0.25146,0.439108,0.448598,-0.822031,-0.184278,-1.31582,-0.235824,-1.120557,-0.266246,-0.306542,-1.091612,-0.625955,1.360083,-0.347863,0.725744,1.164271,1.594167,2.531344,0.006059,0.242996,0.506575,0.008504,-0.39519,-1.313933,-0.143003,-0.764187,-1.585024,0.108831,0.029106,2.184189,-0.79365,-0.006858,0.735115,-1.013784,-0.297968,-0.522381,2.128694,-1.651969,-0.09884,-1.68517,-0.168123,-0.700984,-0.134352,0.179342,0.167695,-0.542633,-0.147563,-0.82404,0.818358,-0.401767,-0.009298,0.23571,0.728353,-0.057896,0.004748,2.178482,-2.432232,-0.372016,0.773599,-0.522822,-0.24437,-0.180745,-0.785948,0.697836,-1.75744,0.662189,0.60361,0.241241,-0.978458,0.629979,2.359117,0.244268,0.822389,-0.176307,-0.64987,-0.411593,-1.332189,0.051782,0.850098,-0.589078,-1.332259,-0.268388,0.708923,-0.359818,0.002164,0.816835,0.946832,-2.1345,-1.746277,-0.445103,0.688446,-0.197572,-0.977165,1.33375,-0.711192,0.501156,2.551139,1.786455,0.995599,-0.224656,1.374788,0.135075,0.365952,0.673742,-0.343758,-0.545806,0.205961,-0.54511,-0.010252,-0.506928,-0.036095,-0.015273,0.773377,0.965085,1.822569,-0.632209,0.725285,-1.492748,1.687813,0.052417,-1.310315,0.052019,-0.677978,-0.808258,-0.226907,-1.034081,-1.066047,0.592907,1.01756,1.010921,0.85142,0.132564,1.263019,-0.286826,-0.823746,-0.579985,-1.576266,-0.467126,0.170268,0.601908,-1.017131,-0.502589,0.506811,-0.913037,-0.48363,0.283093,-0.213591,-0.520199,-0.764458,0.80819,-0.265216,-0.395607,-1.790826,-0.715175,2.189601,-1.249729,0.78351,-0.459088,2.019305,0.617857,-0.23558,0.742728,0.000311,-1.277471,0.428215,0.087877,0.879702,-0.33328,0.317717,0.034884,-1.128238,-1.220874,-0.890556,0.558726,0.217136,-0.163021,-0.865271,-0.83341,-0.518661,-0.683732,0.519166,0.648514,-1.920315,-0.091367,-0.402785,-2.118601,-1.026078,1.188185,-1.45096,0.238005,-0.66154,1.585486,0.670711,-1.210339,-1.69446,0.528862,-0.132212,-0.108714,0.7199,-1.862636,-0.029813,0.423069,0.322182,1.39885,1.887102,1.822914,0.687826,-0.203338,-0.958027,-1.117563,1.624388,-0.169078,1.66955,-1.198434,1.381908,1.770529,-0.320224,-0.213896,-1.170712,-0.591962,-0.33506,-0.457932
MY2453,-0.811458,-0.706905,1.66379,1.34413,0.222205,-0.448603,-0.141053,-0.710731,0.323336,-1.19839,0.080161,0.12362,-0.192656,-0.019902,-0.28943,-0.01173,1.089473,1.053792,-1.842134,-0.951788,-0.223557,-2.033273,-0.463019,-0.38551,-2.204378,-0.632749,1.070387,1.857023,0.273035,1.80697,-1.162456,-0.989718,0.073739,-1.916312,0.078715,-0.043551,-1.461163,0.68979,-0.497447,-0.751203,0.621114,0.669595,0.000768,-1.474391,-0.158846,-0.715695,-2.003539,-0.290221,0.363838,-0.586113,0.570673,1.172857,0.248317,-1.316712,-0.679732,-0.497972,0.352667,-0.226916,-0.732775,-0.850533,-0.30189,0.065167,-1.077626,0.104968,-1.100016,-0.598396,1.158608,-1.156121,-2.887463,0.476117,-1.146753,-1.398406,1.437486,0.148746,-0.213823,-1.708373,-1.349772,-1.838192,-1.370624,-0.498282,-1.350979,-0.141434,-0.008679,-1.397334,-1.661726,-1.164932,0.09018,0.174521,0.027361,-0.51745,0.389784,-1.517686,1.023684,0.109808,-0.178938,-0.822454,0.119293,-1.391616,0.865152,1.67489,-0.66358,1.288183,2.488939,1.356869,1.111236,3.273091,2.847655,1.655712,0.401429,1.529925,3.183472,-0.107311,0.379401,0.840991,0.97714,0.708732,0.565238,0.47497,-0.839072,0.266713,0.832794,-0.219615,0.620753,-1.706145,-0.244431,-1.265452,-1.250074,0.099435,-0.611044,0.797036,0.266084,-0.106316,0.284363,-0.596912,-0.364323,0.229933,0.550062,-0.702616,-0.579565,0.641375,-1.183968,-0.090818,1.627099,0.840352,3.248718,0.264163,0.932431,0.7645,0.71882,0.785644,0.041731,1.200086,1.011982,-0.200468,1.190633,-1.501641,-0.384724,-0.118815,1.237674,-0.39051,0.493273,0.336864,-0.18395,0.6718,0.607462,-1.542041,-0.910934,0.12239,0.452801,0.745156,-1.351656,-0.84687,-0.667229,-0.770542,0.517153,-1.179019,-1.236314,-1.452476,-0.872608,-0.108521,0.451888,0.591809,0.940147,0.356942,0.752238,0.380673,0.436893,1.815739,-0.303196,-1.031377,-0.604233,-1.029607,-0.478922,-0.854985,0.096523,-0.159522,-0.870384,-0.686599,-0.056342,-1.2005,0.274388,0.130356,1.7e-05,1.356216,0.365974,1.290406,1.099723,0.740099,0.871525,1.4111,0.506001,0.421735,0.814341,-0.319859,-0.227461,0.23292,0.456544,-1.299968,-1.029292,0.436326,-1.112989,0.685424,-0.610041,-0.449366,-0.342329,-1.521132,-0.233395,0.865153,1.33246,0.515977,-0.43631,1.389388,1.360786,-0.113568,-1.750083,0.792141,0.193826,0.528211,-1.376482,-0.836694,0.219406,-1.445465,0.294972,0.692834,-1.423411,-0.034241,1.897206,0.532095,-1.045031,0.267329,0.697443,0.682714,-0.486716,0.318418,-0.677346,-0.589611,-0.835933,-1.541899,-0.079899,-0.1181,-0.234116,1.440171,-0.29024,-0.392489,-1.008263,0.650097,-0.958687,0.631006,-0.721439,0.332661,0.918332,-0.840627,0.826554,0.584938,-0.530262,-0.029679,-0.562802,0.893761,0.220075,-0.102813,0.695205,-1.460871,0.223849,-1.241873,-0.81423,-1.573504,-0.03715,-0.756171,1.910744,-0.817253,-0.408874,0.34455,0.827926,1.256126,0.530112,1.047755,0.062907,-1.394544,-0.191239,0.940654,-0.31765,1.317657,-1.455815,-0.333301,-1.817047,1.289157,1.366112,-0.01971,0.809843,1.947009,0.388759,0.795343,-0.622215,2.266921,0.782821,0.772637,-1.152677,-0.936546,0.762376,-1.337103,0.255065,-1.131199,-0.126771,-0.510616,0.708776,-0.01659,0.596651,-1.112129,-1.043197,-0.577813,-0.648281,-0.191042,0.925016,0.313035,-0.870541,0.689878,-2.823769,-0.462605,0.17898
MY2741,1.163333,0.752105,-0.020569,-0.056911,-0.855123,1.326926,-0.080448,-0.364645,-0.023536,0.963092,0.691256,-0.342945,-0.451785,0.890168,1.608988,0.027182,0.086249,0.067286,0.091614,0.661489,-2.747431,-0.206789,-1.453265,-0.232318,0.322359,1.05103,-0.68145,-0.109527,-1.509662,-0.876631,-0.086545,0.287841,-0.725689,-0.072699,0.026021,0.747907,-0.863418,-0.642203,1.132263,-0.60094,-0.407587,-1.874048,-0.020811,-0.455194,0.403587,-1.253204,0.102969,-0.268554,-0.043887,-0.953466,-1.088156,0.38176,-0.357922,0.737711,0.467293,-0.888764,0.161189,-0.431966,1.268642,-2.293825,2.151965,-0.307994,-0.583339,-0.469476,-0.027584,0.435675,0.537383,0.259418,0.05086,-1.517183,-0.080859,-0.170763,1.133996,-0.116841,-0.197156,-0.535295,-0.130793,0.583674,-2.095359,-0.078046,-0.929775,-0.976945,1.521623,-0.133751,-0.222839,-0.116436,-0.145859,-0.895094,-0.620301,0.576735,0.946153,0.018033,-0.204489,-0.660189,-0.032359,-1.213785,0.408933,0.046673,-1.003141,-1.161488,0.509931,0.626049,-0.536795,-1.131693,0.545799,1.494694,0.886027,-0.335373,0.32509,0.14161,0.668024,2.642735,0.604524,0.499077,1.85438,1.964627,0.635361,1.059822,1.097257,0.068689,-0.083949,0.202516,-0.107741,-0.865753,0.064814,-0.213761,-0.626593,-1.123797,0.173977,-0.065679,-0.843339,-0.095477,-1.094273,-2.260386,-1.03941,-0.481346,0.832778,0.276414,-1.496913,-1.047855,-1.578009,-0.794775,0.263533,0.140805,1.445796,-0.367213,0.970525,0.674192,1.157803,0.750577,0.457107,1.3141,0.487326,1.159606,-1.323885,0.645486,-0.209823,0.473416,1.546327,0.026073,1.32892,1.308076,-1.22627,-1.436866,-0.907812,-1.381083,0.820721,0.630943,-0.186085,0.710473,0.202665,1.200222,0.897684,1.830986,1.721903,-0.533421,0.149895,0.562061,-0.87021,0.258317,2.738852,-0.776567,1.422879,0.613235,0.322152,-1.847908,0.580787,0.368969,0.166482,-0.689093,1.531362,-0.580129,0.867898,-0.639788,-1.303636,0.216302,-2.142236,-0.714152,0.946964,0.027654,-1.028997,-0.320649,-0.064868,-0.466237,0.093349,-1.30124,1.992231,-0.52467,1.451839,-0.286137,1.15459,-0.875321,1.476702,1.636157,0.832244,1.696556,0.141593,-1.164607,1.450831,-0.883779,-0.348986,0.884627,0.360033,-1.585873,-1.64117,0.078805,-1.538923,-0.752357,-1.877036,0.301582,-0.966947,-2.761568,-0.580787,-0.210127,0.202574,-0.910966,-0.2236,-1.034314,-0.910885,-0.204131,-0.248841,-0.237904,0.403294,-1.840073,-0.05379,-1.005731,0.25682,0.269087,0.891065,0.797556,-1.237137,-0.681767,0.896805,1.122074,-0.438121,1.557662,-0.811631,1.123816,0.313056,-0.50622,-1.084417,-0.797541,-0.360519,-1.003141,0.482659,-1.977892,-0.093747,-0.70825,-1.174442,-0.978812,-0.204326,1.012077,0.588532,1.199623,-0.03717,-0.414798,0.538588,-0.215892,-0.032897,0.34417,-0.628372,-0.342083,-0.187184,-1.616157,-0.35867,0.307865,0.931018,-0.936735,-0.529273,-1.283401,-0.45162,-2.173703,-1.64924,1.436309,-2.548788,-1.875093,-0.367588,0.020617,-0.410362,1.346126,-0.913627,1.195911,-0.170333,1.504857,1.041526,2.140716,1.105534,-0.309031,1.311848,0.471026,0.61748,-0.726661,0.914162,0.56645,0.942572,-0.884434,1.827171,-0.239043,1.132281,-0.51284,-0.918939,0.220584,-0.335235,0.019863,0.834649,-1.597381,2.093632,-0.145959,0.032278,-0.589102,-0.074055,-0.455706,-1.395486,0.832369,-1.350027,-0.783529,1.336356,1.978061,-0.099399
NIC195,1.109783,-1.151798,0.626084,-0.744929,-0.01635,0.388721,-0.965358,-0.568214,0.369496,0.415428,1.270588,1.900931,1.299718,2.664439,-0.264444,1.991439,1.881147,2.148294,0.012722,-0.056374,-0.168387,2.108489,1.117693,2.036626,1.760492,2.052741,1.515595,0.729799,-0.564705,-0.468794,0.372261,1.930178,0.064497,0.890094,0.397869,1.535148,-1.601427,0.177424,1.099317,-0.00597,1.321703,-0.785622,-0.038844,0.812924,-0.07054,0.734114,-0.576773,-1.170224,-1.055295,0.735515,-0.045868,-0.517473,-0.212222,-1.066349,0.581683,-0.166906,-0.583844,0.05265,0.297638,-1.205306,-0.915015,-0.026386,1.140205,0.603561,-0.793828,-0.432148,-0.662953,-2.451949,-2.288514,-1.231452,0.27196,-0.252189,0.952339,-2.158196,0.346109,-1.347511,0.701477,0.418635,-0.129443,-0.829472,-0.001146,-0.821193,0.103129,-0.767373,-0.503071,0.192517,-2.009623,-0.397252,-0.136809,-0.695126,-0.21804,-0.699618,1.181452,-0.430352,1.244182,0.042289,-2.118486,-0.219932,-0.51017,-0.317362,-0.51762,-0.089189,-0.556443,0.192676,1.653733,0.718981,0.237834,-0.964354,-2.096945,1.054655,-0.996243,1.048491,0.403124,0.272402,0.58776,-0.313961,1.917803,1.27649,-0.018209,2.837662,2.29439,0.0648,-0.217646,-0.223918,0.786608,0.862865,-0.41346,-1.214982,1.65346,0.48717,0.834481,-0.622676,1.149419,2.913744,0.821907,-1.428981,-0.743489,0.584104,-1.783618,0.011323,-0.853537,-1.070184,0.980598,0.472685,-0.026387,0.090234,1.350253,-0.419638,0.173799,0.076318,-0.647375,-0.82883,0.382301,-0.122758,0.130565,-0.043956,-1.232479,-0.510613,1.922669,-0.714533,-0.630179,-0.866635,1.27016,1.11781,-0.324206,-1.336117,0.561528,0.103034,-0.631856,-1.095986,-1.705959,-0.425451,0.178079,0.030704,0.067852,0.667696,-0.271883,1.561945,0.070851,-0.767758,-0.098996,2.728304,-0.864853,1.066554,1.26918,0.550187,1.58995,0.794358,-0.053255,0.184871,1.746611,0.026659,1.257307,-0.323878,-0.180039,2.156781,1.535585,0.555607,-1.503913,0.623647,1.050751,0.774579,-0.712653,-1.677034,0.774642,-0.2655,0.163815,0.117573,0.2281,-0.205823,-2.117284,-0.518775,-1.536312,0.097884,-0.058357,1.097681,-1.425784,1.090022,2.215585,0.736151,0.978762,-0.892645,0.797932,0.911005,0.370785,0.196224,-0.903437,-0.371468,-0.383189,-0.947227,0.218745,-0.148423,0.034887,-0.941947,0.600223,-1.427675,-0.996651,-0.185088,-0.490353,-0.373122,0.345996,-2.222945,0.363305,0.193546,-0.570488,0.006053,-2.05745,0.777278,0.458168,-0.3848,0.267423,0.415321,1.033729,0.561685,-0.655162,1.485754,1.995944,1.093919,0.614808,1.203938,1.347318,0.117863,-1.529954,-1.455925,0.454236,-0.582785,0.683982,-1.614662,-0.392541,-0.31013,-0.598716,-0.883276,-1.871759,-0.428524,-1.352561,0.132222,-0.888914,-1.480344,0.104605,-1.464426,-1.265551,-0.256486,-1.908583,-0.796308,0.407341,1.645177,1.482138,0.248731,-0.05531,-2.67374,1.147025,-1.271005,1.032316,0.660411,0.419668,2.046824,1.820338,1.681861,-1.195574,-0.032557,-0.198035,-1.531599,0.731529,-0.444965,0.646826,0.080248,-1.519285,0.190075,-0.925413,-0.840371,-0.547365,-0.37446,-0.741901,0.225534,-0.198445,-0.770567,1.74221,1.703247,-0.630783,3.796323,0.663457,0.52896,0.291773,1.818781,-0.298814,0.656656,0.590041,0.186944,0.715315,-1.571144,1.258074,0.422393,0.32005,0.143703,-0.463765,1.142029,0.695004,0.169687,-1.253786
NIC199,0.590597,-1.002268,0.820277,0.685481,-0.346516,0.402093,-1.141371,0.59939,-0.991873,0.727866,1.473999,1.617369,2.516234,2.655429,1.875223,2.006741,0.960963,3.150117,-1.112753,-0.45715,-0.396707,-0.345274,0.965556,1.273562,0.741175,-0.824258,-0.544568,0.215306,1.578306,1.79802,-0.93356,-0.708065,-0.025537,-0.382803,0.066739,-0.069298,-0.982054,1.659499,0.087925,0.889177,0.049973,0.567497,0.051913,-0.388497,0.223589,0.009273,0.503419,-0.645511,-0.619591,-0.458262,-0.664689,-0.410348,-0.238721,-1.464371,-0.245586,-0.38712,-0.879563,0.222005,-0.044901,-0.722403,-1.144233,0.650107,-0.370517,-1.0088,0.318323,0.781099,-0.406009,-1.283219,-0.825886,-0.597611,-0.31543,0.131206,0.142268,0.666195,-0.297252,-1.049409,-0.493369,-0.206556,-0.680071,0.831315,0.578641,0.310311,-1.763704,-1.033262,0.151399,-1.406476,0.901665,0.982469,0.378333,-0.96355,0.095348,-1.766942,0.156366,-1.281967,-0.028603,1.090114,0.860771,-1.062548,-1.648301,-0.568123,-0.237388,-1.501465,-0.670952,0.665243,-0.534345,-1.170771,-0.469575,-0.048552,-0.100399,0.35512,-0.244988,0.319639,0.419278,1.049237,1.663056,2.149636,1.545637,-1.325824,0.718483,2.055527,-0.277135,0.787438,1.628582,1.580184,1.983241,1.626806,1.070214,0.857217,0.036568,1.103931,0.429999,1.509142,-1.105786,0.585784,0.23953,1.494409,0.038337,-2.238303,0.153009,-0.640633,-0.142387,-0.193046,0.553503,-0.301546,-0.272095,0.331287,1.476304,-1.96553,-0.330386,-1.099269,-0.005936,0.13629,-0.722256,0.480137,0.934117,-0.001572,-1.588455,-0.262815,-0.254265,-0.048826,0.140311,-0.364394,1.0528,-0.109878,0.033119,1.025344,-0.127192,-0.314051,1.666152,1.145548,0.244057,-0.151281,-2.117609,0.129464,-0.417694,1.74599,1.454554,-1.192172,-0.289529,-1.262002,0.932584,-1.062219,0.070377,-0.968335,-0.630188,-0.209928,-0.037329,-0.602728,0.21063,1.609997,0.677591,-1.443462,0.435297,0.664111,0.949614,-0.432754,-1.632055,-0.735341,0.572959,-0.898673,0.580442,1.232998,0.269304,-0.23332,1.705747,2.568295,1.031378,0.078804,0.980739,1.239503,0.33483,-0.455287,-1.468229,-0.803054,0.295381,0.789052,0.029177,-0.352377,-0.765507,-0.057847,-0.393498,-1.271805,-0.68267,0.030037,1.081487,1.141088,0.265055,0.306642,-0.272029,-0.273005,-0.755441,-0.232018,0.014169,0.594642,1.127283,0.254997,-0.164776,0.464108,-1.231279,-0.209524,-0.188868,-0.087934,0.433303,-0.276426,-0.491741,-0.218464,0.632066,0.291086,-1.201132,-1.503073,-0.392602,0.683755,0.251003,-0.030111,2.065992,2.305963,-1.049268,0.677642,0.80906,1.099225,0.757276,-0.45263,-0.725916,-0.211036,-0.919907,1.076323,1.193531,-1.337359,0.536191,-1.188864,-1.079778,-0.907538,-0.889685,1.497914,1.197425,0.069932,0.61478,-0.166475,-0.384595,0.417168,1.507503,0.876463,-0.706166,-1.352717,0.148973,-0.531331,0.614205,-1.817349,1.06828,0.601975,-0.699038,0.208546,0.534404,-0.298791,-0.379802,0.826243,-0.275771,0.948152,0.229302,0.62652,0.818287,0.778903,0.82267,1.383344,0.66704,-0.076826,-1.801893,0.742635,0.34763,0.569276,1.033287,-0.196609,-0.070729,0.271652,1.467699,-0.427602,0.233795,0.833023,-0.23694,0.500913,0.876306,0.070508,-0.736684,0.448265,-1.978982,0.826595,0.850959,1.125197,1.287088,-0.718088,-0.328408,-0.93535,-0.228364,-1.773551,0.098477,-2.114444,1.077236,-1.250834,0.508702
NIC251,1.590883,1.322574,-0.210127,0.874849,-1.128644,-0.251744,-1.284165,0.378615,-0.140822,-0.625461,-0.409506,1.912093,0.223832,2.383555,3.534456,2.323064,3.252447,1.99068,1.024223,-0.338235,1.768997,0.41789,-1.089876,-0.915139,-0.532754,-0.01921,0.327018,-0.160111,-0.154791,0.313828,-1.26485,0.21085,0.740126,0.429177,-0.855669,-0.572123,1.527543,-0.086151,-0.793277,0.405364,-0.162965,-1.081554,0.012722,0.472708,0.352945,-1.635039,-1.108174,-0.510273,-0.639169,-0.358013,-0.281307,0.506095,-0.100979,-1.020925,0.334841,-0.935785,1.054029,0.114002,-1.175904,0.949036,-1.466826,-1.174437,-0.749927,-1.307221,-1.179479,-0.19818,0.290798,0.396637,-0.870279,-0.592866,-0.072656,-0.773451,-2.475124,-0.240756,-0.233446,0.190329,-0.224127,0.496332,0.747991,-0.1226,0.004506,-0.152226,-0.915371,2.152823,2.165124,-0.441332,-2.042363,-0.498362,-0.198726,-0.426148,-0.388836,0.389363,-0.062051,-0.196651,0.105436,-1.276103,-1.44773,-1.018372,0.651046,1.415694,1.460258,1.174724,2.384809,2.369713,1.97366,2.50164,1.742014,2.30761,0.803701,2.590086,0.676853,0.762473,-0.500903,2.085107,2.214698,1.344214,1.242415,-0.376934,1.025099,-0.591369,1.57954,-0.132798,-0.129112,1.320808,0.318222,0.446812,1.252106,-0.088474,-0.058723,-1.076939,-0.457315,-0.134187,0.370953,0.477796,0.494989,-0.124912,-1.895269,0.58138,0.554783,-0.78009,0.744641,-1.087771,0.424404,-0.318472,-0.65726,-0.031986,1.347822,-1.152466,0.025563,0.318385,2.199345,1.677489,0.132769,-2.570774,-0.241861,-0.788784,-0.871405,0.376073,-2.166077,-0.963749,1.431668,-0.448023,1.375527,-0.264132,-0.945605,0.484085,0.723652,1.153688,2.099176,1.765636,1.502475,0.015025,2.298312,-0.564048,0.105895,0.511863,1.390254,2.962641,1.367698,0.639461,-0.865382,0.318153,-1.062839,0.791558,0.356462,-1.914885,0.907828,-0.464065,0.30108,-1.462532,-1.005901,1.558192,-0.102297,0.630345,-0.0282,0.855802,0.918351,1.415184,2.001273,0.374171,1.115782,0.610448,0.640287,-0.608244,0.2377,1.375722,0.675399,-1.500088,0.977756,1.44471,0.085866,0.759791,-0.396879,-0.064816,-1.315009,-0.341876,-0.52241,1.268066,-1.449747,1.993269,0.144044,1.495822,0.807412,0.011097,0.274023,0.463153,-0.584235,0.836772,-0.018778,1.160542,-2.363484,0.461998,-0.457302,0.214613,0.294575,-1.116148,-0.9905,-0.285259,0.078697,-0.934773,-0.470677,-1.5567,-0.366177,-1.004386,-0.125903,0.68925,0.212322,0.096124,0.782685,0.533914,0.628924,-0.667718,0.362334,-1.216421,0.493381,1.450512,0.026067,0.675357,1.461736,1.579884,0.25374,-1.316093,0.751296,-0.737067,-0.381664,-1.199513,-0.876907,-0.473127,-0.41328,-1.503507,-0.239554,0.226964,0.506122,-0.152773,-0.899201,-0.09425,-0.832769,-0.363561,-1.384878,0.197381,0.956039,-0.531452,1.467076,-0.354672,0.588242,-0.527069,1.378339,0.579343,1.804057,0.165401,0.027696,1.055939,-0.19862,0.270065,-0.457459,0.703327,0.941648,-1.076696,-2.265491,-0.53035,-0.57542,-1.636587,-1.107774,0.256517,-0.153373,0.563898,0.17817,0.098901,-0.472394,-0.69211,-2.360628,-0.326188,-0.865874,1.019826,-0.888959,0.774699,0.790675,-0.043048,1.050815,-1.220002,-0.194879,1.103724,-0.57932,1.630734,0.252671,0.138346,-1.104785,1.214331,0.78507,-0.729743,-2.697555,-0.542426,-0.458312,-0.949691,-0.162678,-1.268616,0.30904,-0.523055,0.87171
NIC252,0.4307,-0.972252,-0.471646,1.618147,-0.074597,-1.214936,-0.405838,-1.635696,-0.600308,-1.395011,0.663325,-0.300953,0.820027,0.209887,-1.217468,-1.39061,0.422762,-0.911733,0.041432,-0.079129,-0.09489,-0.686141,-0.962901,0.2835,0.41397,-0.053949,0.760318,0.354986,-0.114562,-0.513524,-0.702288,-0.309916,-1.77575,-1.045475,-0.112861,0.605602,-0.667062,-0.92431,-1.623553,-0.584142,0.907264,0.297256,0.340286,0.52417,-0.275921,-0.916645,0.890193,0.319461,0.653577,0.564911,0.083465,-0.400429,-0.020747,-0.878294,0.981349,1.551258,0.860061,-1.187157,0.402701,1.117408,0.171502,1.314349,0.362372,-1.30246,0.994057,0.11281,0.400628,0.030106,1.00123,0.153197,-2.186523,-0.054276,-2.203531,-0.165369,-0.159355,-0.609863,-0.526278,-0.945876,-0.883953,-1.247417,0.893907,0.764916,0.202233,0.567358,1.732516,-2.956331,-1.113043,0.708928,-0.813083,-0.424722,0.741791,-1.390701,0.249023,0.327866,1.269967,-0.07698,0.470644,-1.017782,-0.137823,-0.326215,1.254222,-1.884917,0.132308,-1.370097,-1.247278,-0.471954,-1.843096,0.244725,0.352451,-1.047713,0.527732,0.835547,-0.122679,0.048966,-0.293239,0.527538,-1.02545,0.006841,0.721665,1.084137,1.312494,0.950453,-1.252213,1.962829,0.697998,0.627804,1.837495,1.005878,-2.307733,0.757828,0.082251,0.941477,0.360718,0.045671,0.542624,-0.024112,-0.484703,0.722761,-1.907475,-1.48566,1.371119,-0.686149,-1.702347,-0.299176,-0.996292,0.99629,-3.001835,-0.765204,-0.418134,-0.173127,-1.098558,-0.155821,-0.373882,0.010306,1.04225,-2.683302,-0.602055,-0.638467,-0.51317,-0.094958,0.482554,-0.72572,-2.115141,1.026438,-0.155078,-0.53096,0.483468,-0.913635,0.035843,-1.086181,-0.451935,0.369189,0.936104,-2.002226,0.943035,0.547219,-1.102078,1.560047,0.288493,1.379159,-0.206223,-0.699245,0.960365,0.54051,-0.723656,-0.994877,0.743177,0.074431,0.545562,0.111097,0.453799,0.984226,0.364296,1.638511,0.700127,0.563794,1.015011,0.828699,-0.539896,0.016002,1.341793,0.645547,0.32747,0.418591,-0.767297,0.485285,-0.543102,1.66459,-0.743772,-0.072991,1.883461,1.317284,2.101128,1.465221,2.186266,1.286863,-0.347426,1.198266,0.169221,0.658073,-0.232354,-0.184496,-0.124051,0.593988,0.638345,0.567302,1.954933,-0.751078,0.880395,0.492797,-0.146057,0.574038,1.261775,1.918014,-0.505992,-0.162656,1.049796,-1.87737,0.19733,0.442355,-0.264981,-0.040144,-0.606951,0.360121,-1.499399,0.172648,0.013016,-3.097368,-0.20927,-0.965659,-1.467663,-1.330546,0.047784,-0.520161,-0.837353,0.007601,1.190271,0.841661,0.973586,1.537869,1.451087,0.86574,-1.412574,1.917473,-0.100448,0.65418,0.864301,-0.817317,-0.501722,-0.354257,-0.562529,0.331489,1.781676,0.559098,0.993725,0.586218,1.506462,1.808308,1.828549,0.524127,0.614091,0.970962,-1.640536,-0.685735,-0.143469,-0.590787,0.789328,1.139978,-1.504409,-0.042979,0.303085,-0.789407,-0.627948,-0.816128,-1.001195,-0.422416,0.085658,-0.336566,-1.283469,0.728469,-1.445342,0.036642,-0.421116,-0.468513,1.087442,-0.086658,0.068036,0.123587,0.180151,1.07094,0.838827,1.060663,1.152577,2.108505,0.214326,1.029245,1.179763,-0.044352,0.901408,0.058508,-1.424227,1.428812,1.428479,1.363615,1.052142,-1.488474,0.177338,-1.079281,-0.351917,0.009483,0.841847,-1.298009,-0.855264,-0.165188,0.881833,1.485684,1.145683,-0.194218,0.330248
NIC256,-1.63964,0.361324,0.757304,-0.643437,0.790419,-1.561561,1.01623,0.071447,-1.428496,0.3399,-0.754751,0.629233,-0.500574,1.598721,-0.896544,0.912473,-0.108339,-0.829035,0.969468,1.419793,-1.360944,-1.022861,0.762927,-0.145982,0.280911,0.624116,-0.512994,0.250251,-2.564006,-0.914819,-1.59113,-0.151492,-0.71932,-0.998456,-0.380564,-0.470212,-0.555705,0.828955,0.50163,0.523057,0.277015,0.544995,-1.385419,0.177193,-0.726642,-0.157479,-0.184949,2.107891,2.35376,-0.303814,2.055729,1.442054,2.259979,2.975044,-0.851884,-1.997351,-0.364598,-1.411688,-1.487482,-0.009121,-1.104119,0.531194,0.531989,-0.84391,-0.42414,-0.34683,-1.2049,0.004118,0.599834,-0.970906,-1.01766,1.304666,-1.829406,0.912544,-1.001412,-0.376044,2.133182,0.344165,2.220212,0.950016,0.030484,-0.39012,-2.496218,0.351721,-2.029169,-0.648198,-1.212235,-0.547267,-0.599015,-0.144422,-0.642266,0.000812,0.165823,-0.477291,0.832106,-1.782811,-1.074157,0.776962,-0.326144,0.828084,0.184979,0.587661,0.553564,-0.38569,1.1039,0.128916,-0.170394,-0.596918,-1.967513,-0.83495,-1.179282,-0.672818,-0.085053,-2.506289,-0.127328,0.883636,0.623846,-1.57689,1.305851,-0.863374,-0.571937,-1.022697,0.194814,-1.239662,-0.570674,-0.801409,0.303278,1.072968,0.850328,1.46113,-1.317562,-0.353664,1.22237,0.595064,0.351473,-0.78244,-0.946361,1.412837,0.753266,-0.35119,-0.249872,-1.546265,-1.399035,-1.867168,-0.085607,-1.159836,-0.28535,0.208972,-0.585432,-0.70353,-0.6868,-0.711385,-0.351929,0.299263,0.540974,0.532386,-0.110482,-0.404962,-1.028577,0.499571,-0.592573,0.556862,-0.660442,0.525906,0.676866,0.96512,0.060628,0.896591,0.662342,0.810341,0.097298,-0.355429,-3.038866,-0.592109,-1.806449,1.093226,0.355246,-0.040478,-0.150592,1.651227,-0.829479,-0.119089,-0.484122,-0.057755,-0.843066,-0.438526,1.695996,-0.691264,1.116413,-0.435823,-0.493584,-0.275761,0.288109,0.086707,-0.247846,-1.16859,-0.203597,-0.260598,1.189196,0.996565,-0.78543,-1.316351,0.511978,0.113863,-0.014957,-0.212063,-0.875623,-0.165422,0.315318,-0.101843,-1.019488,0.821134,-0.42497,-1.384164,-0.447364,0.715766,-0.335855,0.692893,0.637747,1.057326,1.136332,-0.613325,0.351347,0.503445,0.854442,0.614286,0.4226,1.310495,0.729372,-0.565014,1.319607,0.854107,-0.09444,0.861506,-1.158075,-0.778555,-0.882076,-1.032925,0.540832,1.558932,-1.921739,-0.809436,-1.334546,0.207733,0.865588,1.413118,1.167046,1.392244,-1.727688,1.105603,-0.390256,0.377115,-0.342929,0.994235,2.699494,-0.03992,0.747575,-0.287707,1.032806,2.021559,0.713458,1.175021,0.223789,-0.060063,-1.230349,-0.924994,-1.924616,0.136299,0.642812,-1.011377,0.12225,-0.765476,0.492165,1.37645,-0.639915,-0.829873,-2.2197,-1.114612,-0.451186,1.226129,1.347874,0.919848,0.955405,-0.348493,-1.735645,-0.131833,1.012736,-1.11975,-0.017382,0.263696,-0.700229,0.148117,0.75094,0.453863,1.187375,2.354029,1.116966,0.279358,0.161498,-1.400955,-0.717839,0.976248,-0.415423,-1.548026,0.05957,-0.571062,-0.786796,2.426654,-1.423895,0.429645,-0.571734,0.904504,-0.346857,1.239578,0.199454,-0.559696,0.903072,0.597748,1.506045,-0.535579,-0.316492,0.035331,2.196936,2.695899,-0.139671,-0.744025,-0.324259,-0.292723,-0.495028,0.776341,1.247671,0.307207,0.490749,0.79577,0.072917,-0.216238,0.662249,1.328915,-1.740813
NIC258,-0.846145,-0.37938,-1.23134,-0.451434,1.321941,-0.33526,1.329591,0.37792,-0.093626,-0.166029,-0.441456,0.210521,0.496599,1.744992,-0.519663,-0.367784,0.79463,-0.658094,-0.809901,1.087016,-0.282235,0.211171,0.696102,1.037481,-1.107331,-0.497823,-1.037088,0.45386,0.954588,0.246749,-0.818115,0.705439,1.438454,-0.232902,-0.265099,1.562151,-0.84271,0.14077,-0.016149,0.218505,-0.552776,-0.704174,0.297035,-0.495972,-1.301955,-1.232821,-1.12726,-0.540903,-1.675151,0.335263,0.283281,-1.132425,0.660553,-0.020001,0.302734,-0.317206,-0.071307,-0.764835,-0.710648,-0.773275,-0.778749,-0.488157,-0.817868,2.082197,0.091473,-0.18112,-0.255513,0.50194,1.864005,1.930525,0.203333,0.037061,0.521132,0.749052,0.175875,-0.034845,0.552475,-1.386196,0.307296,1.339918,-0.091515,0.658878,0.748253,0.142423,-0.263797,0.103156,-1.525355,0.682379,-1.544405,-1.293195,0.81918,-0.833351,1.280102,1.678782,2.335257,0.644993,1.707301,2.121125,1.036955,-0.796515,1.132088,-0.561962,-0.603852,-1.091726,-0.85796,0.04227,0.335532,1.042179,-1.405282,0.637539,0.002094,-0.353762,0.856564,-1.08249,-1.630892,-0.23949,-0.861651,-0.62294,-0.005622,-1.383902,1.144004,1.450972,-0.550884,0.767563,-1.807061,-0.001126,-0.222088,0.213696,0.52146,-0.018338,-0.862854,-1.240264,-0.761869,-1.075513,-1.126976,1.236344,1.504752,0.203513,0.859173,0.767981,-0.457233,1.214559,0.896868,1.081816,0.427645,-0.52759,-1.192839,0.467492,-0.57902,-1.642251,-0.452441,0.0554,-0.351278,-0.234507,0.570813,0.352125,1.155467,0.176307,-0.031117,-0.131856,-0.902358,-1.023593,2.361987,-0.490556,2.701701,2.646915,2.173057,1.90995,1.008484,1.307479,1.089542,-1.242742,0.495523,0.382115,1.522039,1.274723,-0.528781,1.102636,0.016519,1.213703,-1.463781,0.299853,-0.707099,0.587513,0.24239,0.34458,-0.864101,-1.575261,1.050373,1.28422,-0.358775,0.614999,3.886841,0.558607,0.080804,2.161069,-0.589071,0.235186,-0.527221,-0.342724,-1.935154,-0.728211,-2.03742,-0.636615,-0.83368,-1.250899,0.123423,-1.249297,1.772939,-0.582239,0.311031,-0.993263,0.964378,-1.917512,-1.057422,0.583993,0.544296,1.520311,-0.869887,0.231692,1.366179,0.380409,0.517582,1.358913,1.198271,-0.174806,0.965377,-0.165132,0.79339,0.825588,0.104466,0.729762,0.894713,0.473918,-1.035569,1.005439,-1.167008,-0.230079,0.512869,-1.311563,-0.574646,-0.500774,-0.999987,0.610601,1.503705,1.557246,0.421439,-0.762781,1.048838,-0.547764,1.443622,1.447946,-0.410452,-0.730188,0.102691,-0.783288,0.015942,-1.470671,-1.21617,-0.254709,-0.961754,1.389836,-1.143065,-0.974443,0.519047,-1.326232,-0.230405,-1.773915,-0.073481,-0.47525,-0.373117,-2.011856,0.03951,-0.467341,-1.365834,-0.509832,-1.305209,-0.460238,-1.02391,-0.73716,0.237518,-1.245476,0.314383,0.160542,0.644237,0.75621,-0.64925,-0.944761,0.758997,-1.561386,0.570355,0.335656,-0.123261,-0.26535,0.116537,-0.775531,-0.710285,-0.389635,0.361204,-0.031493,-1.996688,0.359373,-1.255316,-1.926281,0.895723,-1.317028,0.351889,0.625136,0.567796,0.509638,1.719452,1.150864,2.658261,1.384983,0.570864,-0.224779,-0.194876,-0.631604,-0.985892,0.895154,-0.281715,-0.56675,-0.247185,-0.884096,-1.279986,0.176545,-0.622466,-0.935036,0.651841,0.030512,-0.134368,0.049484,0.717699,0.216809,0.997024,0.186902,-0.120113,-0.771904,-0.169063
NIC260,-1.580996,0.358921,1.861436,-0.474383,-1.29583,1.807813,1.181688,0.329864,1.240839,-0.567418,-0.09258,-0.497948,-0.232063,1.105012,-0.057132,-1.726336,0.862911,-1.216902,-2.24363,1.766447,-0.835715,-0.537762,-0.493676,0.682436,-0.119875,0.389278,0.087901,0.643383,-0.301548,0.047512,0.566043,-0.379008,0.232256,-1.477767,0.248241,-0.50767,0.747571,-0.960772,-1.2272,0.407466,1.176726,0.166101,0.943591,0.108171,-0.568717,0.609763,0.618051,-1.896271,-1.308817,0.162908,-0.532179,-1.382567,-2.087183,-0.844845,0.624852,-0.735628,-3.202202,1.601524,0.037463,0.906703,-0.018476,0.559884,-0.521505,0.350509,-1.435219,0.520332,0.956374,1.313477,0.749514,1.10947,2.075903,0.87224,-0.603413,-0.417026,0.959533,1.186853,0.001149,0.160402,0.90593,-1.600045,0.768888,1.381667,0.000569,0.972728,-0.759028,0.010458,0.033219,0.612471,0.139463,-0.28118,1.516586,0.731438,0.835339,0.894013,0.194988,0.821162,0.714414,1.715297,3.209313,0.542831,0.828741,-0.535413,-0.339833,-0.694477,-0.807825,-0.606668,0.017213,0.797922,-0.347729,-1.333829,-0.704597,0.962882,1.422017,-0.263419,-0.873586,0.781373,0.203751,2.104984,0.046165,-0.879521,0.124699,-0.994631,1.155607,0.639209,0.446451,0.041222,-0.167116,-0.099136,0.730134,0.851287,-0.443753,-1.191425,-1.074925,0.53976,0.079872,0.915907,0.399103,-0.896708,-0.91932,0.823506,-0.088967,-1.218801,0.393356,-1.767381,0.943703,-0.390479,-2.009173,-1.602219,1.069099,-0.661738,-1.142307,-0.763837,-0.115836,0.020939,0.758376,-0.477956,0.482917,0.564188,-0.445721,-0.629921,0.037409,-0.508293,-0.363399,-0.336949,0.375187,0.989696,2.592867,0.520855,0.046547,0.223971,0.45467,-0.399557,1.193339,1.1506,-2.492321,0.480359,-1.124134,-0.686454,0.904119,-0.707842,-0.891064,-0.088689,0.127161,0.096269,-1.046998,0.678538,0.258795,2.030869,0.696273,0.18087,1.480378,1.796561,-0.233202,0.662054,0.405607,1.225842,0.70347,0.863063,-0.508301,-0.938981,-0.14762,-1.599587,-0.403374,0.932976,-0.17071,-0.118612,1.077984,-1.513669,-1.112553,-1.325798,-0.256854,2.185207,0.71945,-0.752284,0.941706,-1.80177,-0.116354,0.483705,0.832074,-1.163048,0.454851,-0.006099,0.82475,-0.239789,1.369807,-0.008072,0.064354,1.411172,0.412768,-0.413584,0.37467,-0.134234,2.86975,0.950908,1.693609,0.205529,0.21827,-0.603412,0.410024,-1.474538,-0.855104,1.118234,-0.26981,1.576992,1.236896,-0.741131,2.01044,-1.217764,1.783026,0.935873,1.152349,0.507813,-0.021194,-1.413922,1.2081,-0.238247,1.060899,0.19867,1.267395,0.17054,-0.150528,1.748791,0.216713,1.556323,0.374417,0.414427,-0.18018,0.916571,0.281349,-0.220658,-0.407288,-0.279229,-0.002091,-0.203207,-0.181032,0.603474,-0.23433,0.95378,-0.172232,0.324876,0.559761,0.048113,1.454126,0.674632,1.302331,2.158629,1.315873,1.061902,-0.867423,-1.040454,-0.358022,0.518029,0.615199,-1.524624,1.068634,-0.520471,-0.105961,-1.669157,0.385021,-0.62179,-0.787904,-1.706264,-0.537816,-0.469809,-0.923108,0.218602,1.334659,-1.41555,0.408037,1.609959,-0.480236,0.688138,0.872637,0.442351,0.829712,-2.064636,1.770985,0.815274,1.612643,0.669868,-0.687384,1.611549,2.024837,0.612114,-1.458077,1.204507,0.255907,1.217095,-1.172934,-2.010604,-1.478733,0.123683,0.479538,0.959552,1.735635,0.104704,0.07429,-0.452379,-0.269709
NIC261,-0.733477,1.553938,-0.551374,-0.437667,-0.304816,0.093421,0.965048,-2.208309,-0.752807,-1.28242,-1.584267,1.484232,-1.414808,-0.2821,-0.369478,-0.108401,-0.413775,0.828223,0.218503,-1.676263,-1.442222,0.580383,-0.688929,0.815093,1.183984,0.663141,0.182003,0.686318,0.244253,-1.247524,-0.90151,-0.381326,2.058662,-1.565551,-0.318191,-0.67119,0.683513,-0.022059,-1.920859,-1.51392,-1.066062,0.483073,-0.581756,0.585902,0.422729,-0.309652,0.87159,-0.292281,0.137561,-0.03832,-0.777815,0.328277,-0.833276,0.879962,0.341187,-0.76645,-1.040623,0.654564,0.998432,-1.213739,-0.431272,-1.837585,-0.732162,0.697362,0.730958,1.587296,1.89472,1.337738,1.260562,2.915386,1.15571,2.227516,0.846305,1.767853,-1.336999,-0.463679,0.786406,-0.833347,0.280001,0.135133,-1.161562,-0.178091,-0.247694,-0.394799,0.407671,-0.527765,0.555952,-0.152198,-0.505765,0.246676,2.523443,-0.230292,0.323826,0.95065,2.546057,0.870732,2.922393,2.116268,1.884131,1.230256,0.838473,-0.429244,0.253377,-0.111941,-0.764669,-0.915976,0.476246,-0.664755,-1.503746,0.642608,0.379832,0.556233,-1.172907,0.521272,-0.531086,0.683884,-0.559713,-0.218234,-0.754343,0.150272,-0.715044,0.083114,-0.308874,0.68014,-1.184687,-0.915642,0.201975,-0.099048,0.486669,-0.975998,1.041018,0.364082,2.207286,1.101117,0.941871,0.934023,0.525572,-0.376311,-0.874315,-0.107902,-0.790058,-0.775953,-0.218445,-0.699185,1.272627,1.31623,-1.873891,0.192186,0.231281,0.32249,-0.185873,0.098679,-0.752862,0.132693,0.219526,-0.049145,0.794411,-0.813106,-0.273914,-0.183863,-1.037655,0.695902,1.031502,-0.824723,1.234161,0.32321,0.100267,0.459813,0.35457,1.293917,1.038265,0.715371,0.19156,1.069293,-1.282453,0.725617,-1.441622,-0.076773,-0.18913,0.157911,0.798929,0.10111,-0.729728,1.331128,-0.023174,0.463249,0.488063,0.82339,2.102163,-0.153665,0.463514,-0.756374,0.28635,-0.270439,0.147103,0.093099,1.363053,0.692873,1.662025,-1.852851,-1.07403,-1.786234,0.726781,-1.270326,-0.582436,-1.778129,0.335403,-0.576648,-0.280125,0.398686,0.669552,1.381574,-1.57318,-0.329295,0.225457,0.451675,-1.323968,0.425627,-0.453205,2.271065,0.061591,0.543117,-0.482119,-0.533724,-0.466286,-1.020703,-0.21781,-1.080163,-0.84305,1.370621,0.038667,1.378444,0.695711,0.777758,0.040001,-1.221012,0.947779,-1.445398,-0.861287,0.415706,0.208659,-1.222696,0.556924,-1.067718,0.778425,-2.020338,-1.893799,0.903869,-0.310013,1.082308,0.762322,0.841621,1.589498,1.648973,-0.449281,1.283584,0.012913,1.524116,1.601633,0.596076,1.752951,-0.976533,1.393309,-0.232782,-0.636292,-0.11938,0.526664,-0.894764,-1.159563,1.054107,0.302619,-0.246941,-1.380835,-1.230124,-0.248012,-0.533678,-0.576964,-1.336149,-1.127381,0.575701,0.462849,0.936314,-0.204758,-0.724602,2.051684,0.325483,1.856766,-1.044242,-2.701107,0.253541,-0.732175,0.938063,-0.66013,0.092454,0.230162,0.049719,0.349754,-0.171777,0.493627,-0.861102,0.639433,0.119837,-0.48111,0.059834,-1.004647,0.141223,0.124666,-0.619592,0.084884,2.05655,-1.585344,0.226997,1.55926,2.317847,1.898072,1.188992,-0.545953,-0.34019,2.100001,0.928033,-1.358562,-0.888082,2.323617,1.032945,0.466201,2.035089,-3.155041,-0.247785,-0.995928,0.75271,1.644617,-1.059991,-0.846132,1.272688,-0.381214,-1.546102,-0.516491,0.616736,0.055796
NIC262,-0.899285,1.458405,1.536453,-0.429497,0.938505,0.038203,-0.258779,-0.411763,-0.383806,-0.120319,0.85052,0.939297,1.772471,0.574589,1.09888,2.240603,1.282762,1.610752,0.967441,-0.435977,-0.625996,0.68118,-0.476207,-0.435718,-0.932007,1.289667,-0.517965,-0.153631,0.158028,-0.235429,0.571889,-0.580366,-1.516263,-0.531933,-0.659493,-0.796726,1.25819,-1.418313,-1.037447,-0.147434,-0.831225,-0.591528,-0.353351,-0.413489,1.488699,2.84154,0.940789,-0.177491,2.194164,2.349411,1.643917,1.795738,1.897528,1.750634,0.887912,0.499295,-0.330392,0.908601,0.580783,0.220065,1.773798,0.664063,0.820961,0.777489,2.583847,0.197459,1.298104,1.123243,1.42496,1.816275,0.664483,1.762799,-1.409462,-0.306592,-0.601146,-0.950592,-0.004134,0.256749,1.075011,0.079579,0.706214,0.159265,1.691021,-0.170043,-1.585235,0.758246,0.202899,-0.999271,0.046074,-0.273295,-0.735784,-1.078279,0.068943,0.380897,-1.964312,0.382188,-0.371609,0.027108,-0.022403,1.726142,0.553813,0.770674,0.564562,2.037737,0.417697,1.009226,1.742143,2.474413,1.714195,0.749631,-0.098852,0.562085,-0.72804,0.711861,0.983986,0.301509,-1.285237,0.150772,-0.2233,0.33682,-1.234356,-1.756265,-0.139167,-1.05339,-0.972319,0.272227,2.3426,1.705508,0.124329,-0.653046,2.056106,0.820499,0.03685,-0.840816,1.84228,0.416565,-0.048132,-0.857274,-0.240828,-1.401386,-2.153485,-0.85316,0.464636,-0.493082,-1.822551,-1.641951,1.114982,-0.501833,0.390473,-0.826804,-1.33519,-1.612842,0.033795,1.407625,-0.73407,0.052424,-1.019474,-0.202643,0.266907,-0.670273,0.282993,-0.314952,-1.263317,-0.101385,-1.221592,0.029607,-1.275088,0.487182,-0.333882,0.164559,1.812476,-0.355097,-1.688537,-0.260516,1.465445,-1.602955,0.302559,-0.082595,-0.044653,-0.45283,0.470918,0.650851,-0.140794,0.770197,1.278424,0.567425,0.573455,1.621397,0.744813,0.758908,-0.239345,0.51459,-0.100467,-0.54378,0.860543,0.188233,1.125583,1.4842,-1.137286,-1.181267,0.333341,-1.198467,-0.954495,0.045092,-0.605965,-0.021016,-0.953796,-0.965998,-1.094998,0.222192,-1.943402,1.187131,-0.92757,-0.796497,-0.306524,-1.124947,0.411529,1.600158,0.758812,0.555483,1.167593,0.997887,1.250241,-0.788794,0.270083,-0.020081,1.486324,-0.664957,-0.241593,1.51616,0.248808,1.166278,2.205512,0.712119,-1.119844,0.639417,0.298173,0.038908,-0.684751,0.732953,-1.650122,-1.420682,1.069349,-0.048368,-0.727526,0.648543,-0.585396,1.337645,2.485891,1.338444,2.038867,-0.518699,0.760881,1.215367,0.835313,2.153734,1.088274,0.083869,1.002559,0.630312,0.631131,-3.031248,-0.913185,0.877883,0.642397,0.388919,-0.184606,-2.295225,0.459021,0.720308,-0.461495,-0.662045,1.307687,-1.066625,-1.375552,0.02035,1.141337,-0.001186,-0.928989,1.113676,-0.454123,-1.365678,0.045155,1.789289,1.480633,1.240712,0.15425,-0.410202,-0.121296,-0.868355,-0.550546,-0.107878,0.755009,-1.033648,0.315881,-1.211553,-0.709183,0.476184,0.026695,-0.505231,-1.053308,2.415711,-0.530942,-1.676591,0.185459,0.329316,0.865316,0.035882,0.578729,0.91207,1.070907,-0.698362,0.352182,0.747545,2.111757,-1.018833,0.043989,1.004465,0.884514,1.627072,1.52579,1.047835,1.676894,1.788184,0.289065,0.543992,-0.556759,-1.091943,-1.024646,0.246968,-0.016808,-1.153213,0.528824,-1.335984,0.789881,-1.237121,0.851648,1.666928,0.244582
NIC265,-0.151871,-0.332523,1.391035,-0.365275,-1.067742,0.200251,-1.045672,1.406147,0.348066,1.962468,-0.416445,-0.094863,-0.764906,0.087576,1.677141,-1.555849,0.619827,0.61366,2.50453,0.906006,-1.696496,-0.561142,0.882951,0.786491,-0.068213,-0.283607,0.301159,-1.279377,0.185615,0.32744,0.055807,-0.978632,-0.134319,-0.523862,-0.911851,-0.055351,0.982132,-0.647784,0.984944,0.076408,-0.468982,0.1008,-1.958001,-0.022124,0.076725,0.389383,-0.528429,0.509656,-0.652823,1.414152,1.429503,-0.156364,0.926205,-0.307333,-0.483321,-1.038063,1.540426,1.132293,1.119615,1.917448,-1.662385,0.587546,-0.299419,1.830213,0.493106,2.647128,-0.065938,1.203843,0.037454,2.305393,2.012068,2.559778,-0.856342,0.093404,0.123862,-0.956822,-0.106663,-0.839572,-0.35618,1.283883,-1.038555,-0.558117,0.41677,-0.848127,-0.419982,-1.674825,1.096066,0.002265,-0.462354,1.061255,-0.684987,-1.754756,1.046312,-0.973741,0.185942,-0.244611,0.895212,0.698,-0.408682,1.503809,0.25689,-0.938493,-0.930431,-0.094414,-1.061947,-0.23107,0.745871,0.050864,0.093942,1.826023,-0.887346,-2.550432,-0.76461,-0.049517,-0.515698,-1.149314,-0.469944,1.224934,0.033132,1.238013,0.603938,0.732222,1.596789,1.338937,0.898413,0.963052,-1.622215,0.227035,1.450782,-0.321283,-1.595074,-0.031198,-1.012797,-1.408969,-0.333807,-0.155688,-0.585793,1.680025,0.588107,0.149771,-0.99554,1.36888,0.727135,1.474609,0.913158,0.137678,1.906469,1.075753,-0.13801,1.011581,0.7297,1.818759,1.65008,-0.642374,-0.557409,-0.058618,-1.937851,-0.714045,-1.033573,1.345886,-0.825914,-0.232181,0.519683,-0.089929,0.285005,2.288319,0.813867,1.946789,-0.757635,1.401341,-0.578744,1.434835,-0.951577,-0.065683,0.292682,-0.432144,1.311489,1.328778,0.875938,2.125732,-0.224977,0.957115,-0.201027,-0.813333,0.379153,1.257674,0.513677,0.345736,2.030818,-0.381481,0.607712,-1.17902,0.589005,0.190279,2.748385,1.573381,0.883522,1.363046,1.231238,-1.27913,0.074114,-0.746236,-0.2901,0.965616,-0.391314,-0.697341,-0.243016,-0.028773,0.222018,-1.05226,1.624426,-0.353916,-0.242205,-1.060703,-0.119133,-1.7865,2.131315,0.147224,-1.218035,0.240088,-0.37414,-0.078325,-1.087588,-0.421435,-0.955544,-0.837437,0.951551,-0.205246,-0.573495,0.236976,-1.332659,-1.275993,-0.711088,-1.505387,0.292034,-0.523561,0.291201,1.240669,0.47763,-1.88504,0.268131,-1.148062,-0.350512,-1.009092,-0.799059,0.609358,0.088745,0.758572,-0.504281,1.23042,0.776685,0.996266,1.07343,-1.516984,-0.148133,0.569676,0.111545,-0.824181,0.18783,-0.675259,-0.677021,0.410288,-0.749134,0.156542,-1.395213,-0.349629,-1.179732,-1.567875,-1.058038,-0.842188,1.315337,-0.441716,-0.132076,0.096708,0.846523,0.424675,-0.561713,0.339813,-1.35768,1.200456,0.216882,-0.364569,0.34606,1.836535,-1.039971,1.312618,0.836723,1.399387,-1.121741,0.191006,-0.678756,-1.285025,-0.350195,1.152433,-1.090341,-1.964617,-0.413484,0.004894,0.358092,0.954667,1.241953,-0.050303,0.843818,1.047397,0.777163,1.000799,0.065665,-2.388146,0.106862,-0.642408,-1.446099,-0.819932,-0.846252,-0.655007,-1.156615,0.367221,0.604582,-0.07147,-0.397015,-1.499315,-0.719166,-0.372626,-1.321828,-0.791274,0.722071,-1.933505,0.751943,0.942547,0.733417,0.130503,1.407972,-0.758508,0.239291,0.030148,1.406594,0.255748,0.095646,-0.950823,-1.037303
NIC266,-1.22709,-2.157852,-0.073316,1.207372,-2.315688,-0.491116,-0.330737,0.435355,-0.189562,-0.312325,-0.685832,0.413796,0.854592,-0.582743,-0.02846,1.57773,0.424012,1.520861,0.913672,-0.294386,2.395071,-0.095206,-0.150282,0.481532,0.421723,-0.199744,-0.073831,-2.464185,-0.550483,0.225846,0.115547,-2.125658,-1.084081,-1.545408,-0.498403,0.574049,-0.381414,-0.716956,-1.21041,-0.995958,0.184771,-1.121432,-1.810186,-1.417417,-1.262451,1.133311,-0.29977,-0.040804,-0.015988,0.784009,1.099201,-0.31612,-0.252633,-1.007039,0.12078,1.665763,0.175411,1.175964,2.258972,0.031637,-0.743813,0.570019,1.821953,-0.235818,-0.348086,-0.591662,-0.659915,-2.028696,0.803612,-0.082042,-0.0306,0.055771,0.137275,1.233043,0.859093,0.477518,-1.306929,0.597274,-0.428821,-0.710275,-1.507615,-0.451027,-0.592651,0.592641,1.100856,0.625016,0.812451,0.017002,0.798309,0.298357,0.056378,1.569076,0.430851,-0.128282,0.732485,-0.231688,0.459664,0.230152,0.706538,-0.337006,0.870005,0.118018,-0.141352,0.441045,0.004225,-1.460641,-0.066841,0.574215,0.939539,-1.310873,1.315032,-0.316157,-1.099214,0.6078,1.214907,0.732525,-0.037812,-0.378106,-0.04477,-1.184187,1.146155,-0.93644,-0.513852,0.403214,-1.30703,-0.528389,0.812113,1.289265,-0.398159,-0.026421,1.419853,-0.631031,2.343383,0.6753,0.840755,-0.180597,-1.258396,-0.165625,-0.573022,0.711258,-1.275711,0.605253,-1.171628,-1.473306,-1.009251,0.21318,-1.840191,0.558384,-0.514151,-0.82078,-1.710795,-0.448967,-1.29089,0.060783,-0.206576,1.766463,-0.410855,0.024887,-0.352166,0.33009,0.343426,0.082064,-1.042954,1.012107,-1.926951,-1.671324,0.283367,0.090227,-0.725948,-0.875386,-0.533834,0.759851,-0.446696,0.985792,-1.133803,0.795719,1.024911,-0.895126,-0.622818,0.26612,-2.137396,0.391943,-0.007412,3.047348,-1.556735,-0.371939,0.727102,0.657579,0.530158,0.923779,0.009534,0.444184,0.40813,-0.739948,0.358896,-0.770569,-0.085646,-0.254753,-2.268371,-2.775634,-0.977893,0.641807,-0.024779,-1.584274,-0.189541,-0.190532,-1.348909,-0.160592,0.227458,0.690314,-2.16553,-0.587366,0.630803,-0.194007,-0.17958,-0.379267,-0.161881,0.093021,2.051486,1.824334,0.642027,0.552615,0.577678,0.552893,1.482367,0.980889,-0.377302,-1.365142,-0.030196,0.183301,1.070667,-0.401851,-0.15685,-0.857804,-1.141889,-0.144427,-0.714593,0.40242,-0.701357,-1.377254,0.554021,-0.063871,-0.217147,-0.524923,0.210097,0.315295,0.82206,-0.437623,0.789831,0.318873,-1.528348,0.05443,-0.195783,-0.35802,-0.391754,0.265507,2.848195,0.901255,0.164497,1.617341,3.190257,0.902602,-2.708717,-0.445442,-0.434682,-0.756919,-1.180617,-0.252162,-0.601494,-0.625014,-0.794175,-0.805216,0.591175,1.125351,0.773772,0.332132,1.354567,1.442043,1.648717,-1.312964,1.126777,-0.075368,0.224516,-0.986737,-0.983919,-0.785638,-2.043407,-0.598123,0.542707,-1.674699,-0.616444,-0.565781,-0.183957,-0.632373,0.611973,0.323279,-1.173001,-0.977621,-0.096717,-0.157676,0.695564,1.216006,-0.233365,0.138524,-0.453426,-0.416047,-0.619171,-0.163043,-0.110452,1.013878,0.540578,-0.331774,0.672879,0.025338,0.673,0.97548,0.598643,1.947248,-0.102667,-0.048961,1.323203,1.637829,0.33252,0.209372,1.217027,-1.343541,-1.05398,0.735044,-0.035702,0.678892,-1.129611,1.785173,0.432961,-1.874586,0.166457,0.50082,0.691018,0.881627,-1.062452
NIC268,0.809239,2.996743,1.176891,0.490787,0.278768,-0.169321,-0.115826,0.310611,3.318466,0.747273,-0.527369,0.29245,-0.938843,0.161078,0.888482,-1.005451,-0.442182,-0.47794,1.76006,0.891328,0.865608,1.833789,1.326656,-0.137396,1.55007,2.480811,0.536376,-0.58589,1.571247,-1.125052,-2.10697,-0.867128,0.788302,-1.137181,-0.654444,1.029899,0.584654,-0.066247,-0.187749,0.35107,-0.084696,0.187932,1.006805,-0.102544,0.468161,0.846656,-0.26633,0.508768,0.145914,1.25161,-0.022026,0.370266,-0.912705,-0.936622,-0.430898,-1.409126,-0.678794,1.316771,0.719424,-0.897746,-1.002165,0.055819,-1.141392,-0.413202,-1.971634,0.571903,-1.765478,0.28387,-0.296394,-0.846296,-0.580735,-0.860249,-1.890973,-0.856871,-0.829709,0.35089,-1.726109,0.236627,-0.38994,-0.31245,0.452119,0.563523,0.063135,-0.329176,0.961918,0.75871,0.701845,-0.937026,-0.431038,-0.214589,0.978418,-0.23255,-0.590246,-0.225937,1.104725,-0.880228,-0.22158,0.286307,-0.542023,-0.700662,2.236542,-0.158967,1.650659,0.478679,-0.850044,0.404698,0.836546,-0.607463,-0.542666,-1.770518,1.885326,-0.243979,-0.572821,0.168123,-1.642188,0.768577,-0.404017,1.618063,0.466513,-0.259296,-0.284291,1.236767,1.212127,0.833179,0.900357,0.85558,-0.567134,1.676711,0.058654,1.351291,2.27452,1.023665,0.848527,1.289897,0.16955,-1.742649,1.393326,-0.885107,0.665019,-0.362957,-1.01608,-0.959074,-2.179852,-0.697131,0.974556,1.359874,0.1229,0.811595,-0.620496,1.809503,0.688838,-0.186151,1.228593,-0.225266,-1.055611,-1.506754,0.352788,-1.18989,-2.751983,-1.289179,-0.202595,0.448878,0.186707,-1.126859,-0.607337,0.416948,-0.326711,-2.274349,1.774885,-1.563797,-0.202693,0.508567,-0.331678,1.21294,-1.416051,0.994378,-1.867247,-1.940536,1.719187,-0.659464,-0.249826,0.544029,0.839004,1.404839,-0.330666,1.791828,1.27163,1.1442,-0.14092,-0.891756,-0.396485,0.337157,-0.083915,-1.439721,-0.405491,-0.476848,-0.452296,-1.390752,-1.201374,0.000849,-1.11022,-0.374012,-1.21778,0.891581,-0.818028,-0.385188,-1.071699,-0.055556,0.47782,0.113146,2.393686,0.708176,-0.136642,0.442786,2.141571,-0.39664,0.894303,0.286725,-0.652406,0.248836,0.867051,1.51622,-0.139068,1.50921,2.995191,-1.735172,0.318136,-1.024622,-0.610327,-1.075235,0.236691,-0.240865,0.245939,0.924258,0.357668,1.151587,0.177364,0.761759,-1.240126,-0.302044,-0.694366,-0.452588,-0.447287,1.53092,1.140418,1.091816,-1.440981,0.936206,-0.147503,-0.9346,-2.333651,0.113679,-0.299602,0.696233,-0.39824,1.345479,0.256414,0.728868,1.969377,1.290847,1.595898,-0.588222,-0.479586,0.760565,-1.544035,-0.01557,-0.641898,-1.628962,0.649285,-0.788355,0.498156,-0.092325,0.361685,-0.60018,-0.203883,0.599268,-0.124093,-0.454657,0.111012,0.426189,-0.000531,-0.668138,1.387143,-0.061424,2.34707,0.028774,0.984239,0.435884,-0.501372,-0.070081,0.65774,0.378282,1.140279,-0.726968,0.845753,0.815628,0.888603,-1.359016,-0.809555,0.543334,-0.337098,1.604991,0.685764,1.096032,0.423281,0.589503,-0.061521,-1.467121,1.923066,0.22102,1.303194,-1.494556,-0.30903,0.006075,-0.90858,0.300569,0.657079,0.101119,-0.768446,0.191151,0.464704,0.20801,0.270547,0.454513,0.059063,-0.319461,0.29185,0.127524,-1.952978,-0.811754,-0.271733,0.071993,-0.10075,1.08486,0.428657,0.581642,1.744214,0.07558,1.451036
NIC271,-0.93789,0.599578,-1.208032,-0.44899,-0.938045,2.456986,-0.319555,-1.584021,0.387555,0.757865,1.212857,-0.662289,-1.820847,-0.578512,-2.953529,-1.198222,2.208282,0.076656,-0.528913,-0.601771,0.539614,1.142688,1.400939,-1.009848,0.49411,-0.03196,0.245379,-1.495958,-0.051537,1.473866,-1.903516,1.224069,0.918285,-0.159311,0.475331,0.426421,0.447061,-2.73977,0.643678,0.776296,0.29863,-0.907802,0.25763,-0.173794,-0.965505,0.42797,-0.752475,2.036575,-0.115072,2.543514,0.500738,2.437634,1.989593,1.974471,-0.04114,0.976628,0.798116,-0.256668,-0.167168,-0.386115,0.064047,0.758906,0.493256,0.232354,-0.023564,-0.411719,-1.169357,0.271723,0.469277,-0.420913,-0.293829,-0.438461,0.721841,0.096732,-1.466205,1.704535,-0.48335,-1.164336,-0.286413,0.031799,-0.592294,-0.632205,1.562291,-0.866986,-1.24319,0.139245,-1.389187,-0.48206,0.345913,0.317502,2.322511,-0.58832,1.791443,2.495315,0.659159,0.781054,1.399403,2.942709,1.610237,-0.384148,-1.506099,-0.388412,-0.992689,-0.877864,-0.754754,-0.88261,1.056594,0.584806,0.433727,0.6229,-0.398673,-0.030673,-1.192901,-0.482904,0.40285,0.925944,0.333932,-0.309437,-1.040456,-0.828534,-0.647576,0.306126,-0.43707,-1.73157,0.283705,-0.29908,-0.016187,-0.727591,-0.269387,-1.410785,0.221873,-0.178783,2.235493,0.398143,0.937297,0.075111,-0.369688,0.297492,1.413539,-0.755282,-2.578561,0.042661,0.885585,-0.709658,-0.748066,1.584141,-0.597323,1.112815,-0.153811,-0.659487,0.00451,-1.858601,-0.3474,-0.161056,1.414953,-1.004989,-0.608827,1.857905,-1.294385,-0.669617,2.302266,0.143156,-0.70225,0.093077,1.660074,1.536183,0.589601,0.868034,1.967155,-0.192156,0.88519,-2.136029,-0.654576,0.50897,0.824851,-1.056007,0.410947,-0.46254,-1.802319,-0.890542,2.53525,-0.151455,0.289319,2.577024,2.018038,-1.525026,1.02918,0.463241,0.052428,0.637096,1.087727,-0.001026,0.531139,1.074851,1.056942,1.049501,1.32212,0.107939,-0.470592,1.286741,-0.84669,0.536245,0.997536,0.485888,-0.456106,0.627826,-0.356892,-0.995704,2.042268,-0.756163,0.5447,-0.212319,0.194073,-0.907376,-0.955104,-1.521806,-0.031397,0.443338,0.483451,-1.62019,1.649142,0.817589,0.797434,-0.693718,1.582815,-1.035573,-2.040123,1.517336,1.177797,-0.519973,0.814417,-0.144904,-0.241982,1.783966,0.23163,0.844471,-0.457262,0.586368,0.903288,2.268618,0.384892,1.657096,-1.135735,2.077569,1.392332,0.44453,0.288809,0.235817,-0.089379,-0.384456,1.388638,0.192974,0.109956,-0.577498,-1.626445,1.050645,1.840308,0.886839,1.125223,0.116546,0.121516,-0.274686,0.200362,2.420683,-0.467633,-0.775516,-1.337818,-0.269657,-0.782562,-0.395579,-1.882374,0.13448,2.35965,-0.587209,-1.538008,0.341085,-1.116488,-0.210438,-1.429171,0.172839,-1.311657,-1.18275,-0.577089,0.166173,-1.381479,0.067194,-1.492565,-0.407668,0.518389,-0.869938,-1.345664,-0.03865,-0.97961,1.204309,0.114327,0.955403,-1.667408,-1.22671,-0.225643,0.045038,-0.959641,-1.301719,-0.625385,1.983606,-0.83719,0.022711,2.445893,1.149175,1.029535,0.250447,0.688464,0.182931,0.650905,1.842879,1.038728,-1.764168,0.127332,0.61436,-0.202841,2.332845,0.047256,2.139762,1.348712,0.315442,-0.997991,-0.575856,-0.654675,-1.260256,0.409018,0.240077,0.300245,1.808387,-0.938124,2.260072,0.843293,0.552764,0.453228,-0.750752,-0.314819
NIC3,1.794472,0.482138,0.172621,0.492974,-0.042658,-0.528176,1.254681,0.18447,1.691598,0.736913,-1.208271,-0.093551,-0.962984,0.740087,0.922928,0.273957,-1.926956,-0.601285,0.400793,-1.689172,-1.061385,-0.54858,0.649349,1.085332,0.326312,-0.086671,-1.171115,-0.47394,-0.334426,-1.031164,-0.107844,-0.306019,0.138291,-1.358616,-0.199887,-2.02575,1.51403,0.597044,-2.836383,-0.857962,0.605455,-0.005985,0.356653,1.092282,-0.155416,-0.010893,-0.013424,-0.194829,0.56905,-0.762891,0.667202,-1.200006,0.537696,-0.89086,-0.425124,0.514994,0.292845,0.478948,0.700669,-0.167467,-0.015064,-1.576482,-0.692015,-2.545596,0.963893,1.192964,0.164433,-0.234081,0.418032,0.730157,0.705122,-0.456701,0.940389,-1.324588,0.038472,-0.861792,-0.093548,-0.259581,-0.330056,-0.471762,0.319984,-0.694966,-0.731948,0.236755,-0.071888,0.979052,0.043366,-0.878623,-0.575,-0.760366,-0.045121,0.040094,-2.168206,-0.09038,-1.20615,-0.276488,0.157923,0.069805,0.891,-0.248336,0.408711,-0.3309,0.070777,0.268426,0.909513,1.209386,-0.308327,0.606079,0.929872,0.680818,0.85298,-0.422736,-0.525924,-0.853415,0.739825,-0.510815,-1.39983,0.556444,-2.037819,-0.627404,1.69347,0.603446,0.820789,-0.326447,-1.359533,-1.182621,-1.959538,-1.105764,0.272757,-0.118186,-0.898663,-0.158998,-0.115981,-1.544907,-0.463151,1.158587,0.548571,1.013539,0.656903,-0.384374,2.084517,0.668929,-0.224666,1.357989,-0.119876,-1.127144,-0.096304,-1.696356,-1.486921,-1.142715,-1.365562,-0.245437,-1.169105,0.093971,0.608945,-0.225853,0.669844,-0.743893,-0.743428,1.207426,0.890293,0.241878,-0.081669,0.50084,0.2037,-0.744915,-0.36784,-0.972888,0.680603,-1.136197,-1.363016,-0.420505,-0.959357,-0.988347,0.988129,1.174231,0.148779,0.25714,0.166772,-0.294642,-0.493105,-0.337401,-0.349086,0.658868,2.640316,-0.786384,-1.843983,0.970856,-1.015281,1.557382,2.482396,-1.074922,-0.094044,0.911598,0.739582,1.079147,-0.29345,-0.47004,0.074949,-0.745515,-0.338268,-0.308961,-0.424407,-0.736937,-0.616568,-1.701655,1.119242,1.469074,1.360413,-1.385134,-0.242685,1.238528,-0.138766,0.09661,-0.648207,0.607177,-1.176311,0.829529,-0.388918,0.795547,0.146976,-0.049898,0.988521,0.537919,0.670852,-0.895738,0.59084,0.29522,-0.924813,-1.154096,-1.397914,-0.506902,-1.717017,0.49188,0.487285,-0.497311,0.604611,-0.513719,0.686562,0.743541,1.398898,-0.196206,-0.281099,-0.935694,0.557119,-1.123931,-0.128697,-0.534125,0.250497,-1.697656,-0.200656,-0.70121,-0.853417,1.909481,0.854386,-0.23993,0.075225,-1.433369,-0.835452,-0.310499,-0.578712,1.319155,-0.065438,-1.080609,-0.092424,0.679968,-0.370097,-0.884997,-1.157102,0.147922,-2.095972,1.075728,0.295988,-1.112547,-0.545935,-0.748349,-1.330026,0.175021,-0.247412,-0.903731,-1.020505,0.043779,-2.045439,-1.132452,-0.919527,-1.176681,-0.021805,-1.511824,0.738689,-0.726848,-1.431526,-0.666437,1.248139,1.958329,-0.419478,-0.676825,0.19477,0.785667,-0.455992,1.33929,0.700781,-0.806974,-0.952694,1.187083,-0.153298,0.578334,-0.213397,0.265023,0.265154,2.408296,-1.307238,-0.400813,-0.85464,0.463036,0.564378,-0.574772,0.219306,-0.148266,2.056397,1.329097,-0.002206,1.291764,0.155114,2.375596,0.716293,-0.13737,0.035665,-1.561182,-0.614708,0.223234,0.675804,-2.178435,-0.560092,0.003666,-1.103658,-0.056105,-1.006273,0.676334,-0.530164
NIC501,0.609205,-0.035973,0.910925,0.920405,-0.440815,-0.407703,0.035183,-0.361451,0.067904,1.220054,0.738525,3.069881,0.928244,3.467983,2.775816,3.279937,2.165656,4.129982,-0.394132,-1.099281,1.143963,-0.627148,0.992258,-0.581821,-0.802374,0.819834,0.803555,0.139594,1.925091,0.541703,2.327564,-0.330841,2.271321,2.677086,0.929092,2.154835,0.276959,0.629422,0.301137,0.112709,-0.297562,-0.411277,0.574836,-0.264045,0.294031,1.271007,0.013704,-1.962841,-1.564689,-0.331287,-0.9764,-0.306802,1.116357,-0.367146,0.385647,1.572637,-0.094256,1.083856,-1.746822,-0.876891,-0.310984,0.05153,0.166367,0.353725,0.944102,-0.418856,0.469281,0.548214,-0.693457,-0.306309,-0.909845,0.720855,-0.169159,0.267387,-0.413725,-0.50612,-0.791204,-0.306222,0.133844,0.295315,0.529073,1.445218,0.333449,0.892654,1.10327,0.813708,1.202921,0.644948,2.752306,-0.380254,0.398866,0.668505,-0.680962,0.052138,0.503711,-1.473818,-1.153671,-0.880125,-0.169341,0.89957,-0.738571,-1.169669,1.226261,0.293349,-0.369159,-0.21961,0.955844,-1.424966,-1.550341,-1.385285,0.930611,-1.582596,-0.710033,-1.447025,-1.00651,0.359788,0.418117,1.332324,0.64566,0.937059,-1.441387,-0.527677,-0.962144,-1.095755,-1.221039,-0.17115,-0.728793,-0.171488,0.590247,0.080651,0.010552,0.614985,0.373615,-1.78228,0.054559,0.511225,0.984326,2.526713,1.347909,1.080594,-1.549475,2.646667,-0.364225,0.957883,0.225522,0.001091,0.433232,-0.465721,-0.521688,0.091163,1.777279,0.977836,0.704074,-0.6575,-1.427844,-0.796062,-1.087085,0.751953,0.51991,-0.438202,-1.162788,-1.349988,0.813678,-0.925431,-0.39286,-1.191567,-0.40233,-1.241958,-1.093441,-2.334129,-0.644145,1.835752,0.519225,-0.225597,-0.784303,-0.295463,-2.034137,-0.732349,-0.718616,-1.478771,-0.08795,-0.106599,-1.030778,-0.000145,-0.195474,1.211595,-1.839695,-0.900468,-0.571412,-0.540567,-0.41841,0.813717,-0.874126,0.047943,-0.854931,-0.943081,-0.390554,-1.29897,-0.298115,-0.241279,1.615153,-0.584791,-0.703578,-1.190624,-0.92187,-1.862524,-0.129468,-0.352359,0.580385,-0.007421,-1.649047,-0.198039,-0.533974,-0.359836,-0.335607,0.472236,-0.779276,0.810356,0.470264,0.677016,0.361494,-1.22218,1.411755,0.924312,0.548892,0.365566,-0.967553,-0.662891,-0.275365,0.543968,0.036576,-1.511336,-1.207179,-0.716789,-0.901451,-0.79537,1.070955,0.844699,1.728084,0.012361,1.299405,1.78234,0.76115,1.682539,1.834301,-2.452564,0.637364,-0.540786,0.784117,0.998062,0.69449,-0.456476,0.38798,-1.843843,-2.181166,1.0747,-1.324534,-0.345336,-0.100651,-0.469996,-0.507009,-0.125354,-0.242248,0.340234,-0.643268,-0.919687,1.556634,0.332171,-0.214894,0.143554,0.239549,-1.869908,-2.233977,0.416924,0.898826,-1.76064,1.030884,-1.719385,-0.767346,0.972611,-0.116024,-0.157462,0.591058,0.047991,-0.486694,1.305481,0.388322,1.368659,0.527161,-0.684737,-0.068914,-0.081094,-0.732825,-1.190386,-0.080523,0.891965,-0.676512,-0.181239,-0.278036,0.721206,-1.448339,-0.660002,-0.130324,-0.525224,-0.254002,-1.331588,1.038063,-0.080514,0.446434,-0.368118,0.059671,-0.513751,1.310319,0.412961,0.312017,-0.501118,1.946497,-0.879402,-1.692998,0.031062,-0.819785,-1.625845,-1.568629,-0.28587,0.925156,-1.360512,0.439532,-0.87528,0.314334,1.283085,1.282335,1.176239,-0.389731,-0.536219,-0.526818,-1.493285,0.299689,-1.234351,-0.015656
NIC523,0.827475,0.45298,-0.056807,-0.796505,0.119709,-1.846374,0.804833,0.570362,-1.152753,-1.203784,-2.380973,-0.110471,-0.937188,0.778375,-0.600051,-0.25394,0.74709,-0.962428,0.467216,1.667228,0.446843,-0.475129,1.488711,1.032708,-0.006877,0.43774,0.060133,0.046553,-0.523567,0.745035,0.594013,-0.743873,0.58892,-1.935054,0.050514,1.126411,0.347714,-1.066935,0.019573,-1.156962,1.891555,-0.875602,-0.395687,0.608073,0.390863,-0.070878,-0.723267,-0.590123,1.078262,0.897063,0.349792,-0.768346,-0.034385,-0.363946,0.642588,0.80454,2.389813,0.853996,-0.08519,-0.980377,0.395319,-1.810422,1.507454,0.447012,-0.010739,-0.570001,0.896389,-0.560442,-0.424084,0.133751,0.253509,-0.005987,0.278401,0.514593,-0.844931,0.823472,-0.124879,-0.279849,-0.644726,0.68798,0.247115,1.334394,-0.06231,1.890473,0.330496,-1.065381,-1.461203,-0.215427,0.951023,1.013431,0.311096,0.241914,1.368591,-0.526531,0.043828,-1.475761,0.11867,-1.105765,-0.600159,1.08683,-1.262354,-0.048747,-1.016967,-2.021403,0.824335,-1.199576,-0.246328,-0.389165,-0.332678,0.301203,0.710267,-0.886472,-0.357295,0.662054,0.087159,-0.767477,-1.229163,-0.968628,0.471637,-0.392044,0.100021,-1.651197,0.149523,-1.106597,-1.025026,-0.573679,2.042284,0.455033,-0.847676,1.701975,-0.762843,-0.035949,1.396387,0.089364,-0.026851,-0.737736,-1.829672,1.405351,-1.572722,0.657717,-0.396669,-1.874223,-1.009959,-2.056317,0.165861,-1.622267,-0.983024,1.297631,2.137828,-0.635113,1.02914,0.936096,1.54529,1.121232,0.09223,-0.291119,-1.360811,-1.674893,0.543438,-0.31801,-0.717228,0.012594,-1.319977,-0.949322,-0.565007,-0.186836,0.983738,0.927707,0.906803,1.083781,0.665337,-1.318205,0.063617,0.278004,0.629335,0.850728,0.489206,-0.446051,0.049206,0.027148,0.003438,0.282473,-1.686872,0.081748,0.121455,-0.916256,-0.54116,-1.975519,-1.254609,1.408074,0.910214,-1.961271,-1.360897,1.427871,1.570141,-0.019315,0.438383,0.219697,-0.563076,-0.455016,0.515071,1.891236,0.633582,-0.796335,0.238525,-1.469545,0.417961,0.199001,0.129684,0.085954,-0.197393,0.910094,-0.342361,-0.566143,-0.165113,-1.102415,0.375989,0.555572,-0.100707,-0.01287,-0.189543,-0.560712,0.158496,1.409864,0.096237,2.161461,0.622234,1.868749,-0.694069,-0.419058,-2.295981,-0.80623,0.323471,0.892895,0.200504,1.121,0.976668,1.293269,2.114536,1.777155,0.484193,0.608508,0.912215,-1.375167,1.757445,0.872114,-0.270013,1.498275,1.333988,0.9175,0.43031,-1.359035,-1.161302,0.156047,1.620781,-0.990289,-1.086839,1.906025,0.404045,-0.995252,-0.144345,0.564034,-0.847877,-0.114466,0.818206,-0.251419,-1.475498,0.690557,-0.738156,-0.169593,-0.87146,-0.189708,-0.242066,-0.023573,-0.578811,-1.791839,-0.230075,1.437684,-1.54238,0.26006,0.89191,0.132006,0.290918,-0.564528,-1.745533,-1.58706,-0.360689,-0.343601,1.086792,-0.10109,-0.754952,-0.442848,-2.09976,-0.353953,-0.254824,-1.774841,-1.4778,-0.877563,-0.009465,-0.707979,0.670594,0.722619,-0.298831,1.835787,0.91145,0.438196,-0.385426,-1.098659,0.190773,-0.235852,-1.298006,-1.07685,-1.255949,-0.272166,0.148206,2.033237,-0.650509,0.913149,0.930483,0.823901,0.702321,-0.136477,2.050735,0.659897,0.196109,1.611757,0.507961,-0.866831,1.545048,1.17943,-0.082611,0.56932,0.243118,-0.8095,-0.667144,0.379177,-1.074007,-0.093109,0.111929
NIC526,0.234053,-0.176983,-0.62361,-0.557531,-0.457259,-0.358975,0.321039,0.022554,0.127525,-0.969957,-0.642965,-0.305408,-0.396668,0.579321,-0.356399,0.091252,0.996205,0.656341,-1.073923,-0.256731,-0.869603,0.915303,-0.516591,0.43591,-0.3507,-0.24169,1.050289,1.22181,-1.42666,-0.082498,-0.330949,-1.448153,-1.554937,-1.038582,-0.674992,0.115854,-0.451735,-0.08645,-2.195669,0.224176,-2.054336,1.492734,1.000364,0.099498,0.130224,-0.831394,-1.14888,0.331952,1.020809,0.486832,0.130664,0.176261,1.10142,-0.240866,0.095887,0.904194,1.995642,0.074091,-0.83778,-0.874181,0.329762,-1.686959,-0.52314,0.197221,0.338042,-0.918162,-1.921601,0.016908,-0.817788,0.125092,0.48278,-0.431021,-0.456915,1.40521,1.938675,-1.451255,1.141147,1.134514,-1.038882,-0.217062,-0.664901,-0.046024,1.358188,1.15322,-1.921018,0.488853,-0.669059,-0.301383,-1.611824,-1.076642,0.539203,-0.555288,0.305282,-0.390916,-1.894065,0.93359,0.336367,-1.08686,-1.304292,-0.960801,-0.330172,0.848808,-1.101985,-0.183597,-0.060786,-0.209431,-0.835404,0.226987,-0.646194,-0.883864,1.544059,-1.821915,0.522374,0.743549,-1.454072,0.134822,-0.263195,0.441007,-2.038661,-0.670807,1.257948,-0.829776,-0.011199,-0.725365,-0.911273,-0.914641,1.367522,-0.970328,-0.920202,-1.501596,0.521725,-0.720238,-1.188208,-0.917851,-2.796386,1.205884,-0.244487,-0.073731,-1.048654,-0.43037,0.505594,2.810806,1.462396,-0.270082,0.021902,1.255566,0.181728,0.761954,1.318475,1.629587,0.72242,0.765687,2.573476,0.357051,-0.980256,0.437072,0.40315,0.158185,-1.751661,0.111314,0.221132,0.362909,2.21382,1.402962,2.241434,0.006567,-0.406503,-0.082752,1.148953,-0.551613,1.309247,-1.142014,0.478316,-0.865225,2.274169,1.434053,-2.411436,-0.318865,2.831124,0.141783,-0.58958,-1.572922,0.177364,-0.480145,1.066445,0.839695,-0.599337,0.537093,-0.315634,-1.265626,-0.087139,-1.015802,0.268848,0.058304,-0.679108,-1.325101,-1.117997,-0.283663,1.052314,0.383051,0.38287,-0.312158,0.633895,1.991216,1.306257,0.183662,1.050046,0.151375,1.936752,-1.854394,0.88485,-0.232821,-0.60832,-1.521609,0.082584,-0.791498,0.464841,-0.004663,1.020299,-0.913816,0.174423,0.656693,0.355783,0.696773,-0.619618,-1.242121,-0.625865,-1.013899,0.696476,-2.509969,1.934161,-0.00392,0.551498,-1.573951,-1.398217,0.044648,-1.032174,-0.867581,-0.09893,1.039188,-0.641254,0.832219,1.354587,2.100773,-0.001533,1.113219,1.536417,1.138613,1.557916,1.988025,-0.268867,1.078088,-0.997155,-0.890315,-0.383866,-0.033845,-0.55573,0.119321,-0.595237,0.864419,-0.410405,0.311376,1.042458,0.422573,-0.16762,0.886257,1.334984,1.282861,1.723006,0.957306,-0.281982,1.204297,-1.090125,-0.991324,0.563236,-0.852242,-1.399046,-0.771877,-0.947994,-0.014508,1.344472,-0.673141,1.036203,0.883112,-0.271576,0.255838,0.275016,1.220117,0.043164,0.623968,1.113443,-0.575862,0.880037,1.709358,0.828201,1.45628,3.003473,0.286758,0.859677,-1.992821,-1.664242,1.572017,-0.096961,1.12513,-0.196003,-2.737755,-1.670074,-1.233178,1.380382,0.255498,0.89245,-0.094967,-0.223143,-0.422451,-0.402702,0.779942,-0.194017,-0.391081,-0.318917,0.257055,0.191301,-1.310733,-0.015745,-1.037488,0.957724,1.138554,0.490891,0.657665,0.276124,-0.55346,0.829864,-0.831567,-1.02189,0.790179,-0.948026,-0.677579,-1.263952,0.180872,0.054903
NIC527,1.698449,0.369468,-0.830208,0.376289,0.245557,-0.358296,-0.690541,-0.15212,-0.980408,0.725499,-0.475841,0.592767,-0.725329,-0.051824,1.432708,-0.993202,0.628947,0.43484,-0.306231,1.569841,-0.120798,-0.873032,-0.308885,-1.136071,0.265301,-1.532725,-0.308234,1.243968,-2.115232,1.060618,0.87841,-1.545848,-0.506394,0.00565,1.202009,-2.811317,0.16771,-0.27015,-0.959044,-0.164699,-1.161332,0.087793,0.740034,0.87444,-0.293255,0.358907,0.956617,-0.059996,-1.15737,-0.342698,-1.002459,0.782806,-0.598008,0.80096,1.569052,1.572377,0.621815,-0.396622,-1.547498,1.707,-1.153338,-0.768416,0.269138,-2.075575,-1.310425,-0.841477,0.150509,-0.274426,-0.645808,-0.111134,0.132226,1.081115,-0.703445,-0.774841,0.018096,-0.600785,1.047529,-0.035012,-0.462849,0.559532,0.136752,-0.393138,-0.640857,-0.323921,0.570219,0.62938,1.455802,-0.824786,1.164691,-0.756089,-1.186537,0.43593,-1.027297,-0.566191,1.036157,-0.509048,0.303947,-1.221214,0.217959,-0.043337,1.133536,0.037284,-0.452034,-1.117178,-1.597453,0.675266,-0.034061,-0.330001,-0.261564,-1.117712,-0.556686,0.506094,0.475052,-1.257508,0.639204,-0.466604,-1.466034,-1.552133,-0.856465,-1.733392,-0.637704,0.05802,0.734298,1.168871,-0.909228,0.999489,0.794268,-0.582131,-0.567643,-0.900572,0.371159,0.820103,-0.317679,-0.780096,-0.058542,0.814245,-1.204011,0.74254,-0.389444,-0.165366,1.318137,0.317181,0.369504,1.325746,0.007564,0.099713,0.282557,-0.451887,1.934176,2.282805,2.055887,1.093454,0.446104,0.228697,-0.965112,0.230529,-1.12918,-1.532632,-0.333361,-0.004146,-0.98037,-1.407981,-0.666875,0.524356,-1.036311,0.171454,-1.326926,-1.479382,-0.649731,0.08564,0.15817,0.004444,-1.105582,-0.259338,-0.996683,-0.099121,0.331719,0.214589,-1.126903,1.142487,-0.064546,1.194465,0.788553,0.9884,0.650577,-0.215217,-0.124998,0.838496,0.361739,-0.539225,1.103447,-0.195632,0.372768,1.355272,-0.685568,0.170535,0.297618,-1.543158,-0.16166,-0.586084,-1.430373,0.559527,1.942618,-0.237268,2.103268,0.829875,0.314844,0.784888,0.615224,-2.123482,-0.971697,0.581261,1.595582,-1.239563,-1.115008,-1.170787,-0.132852,-1.568375,-0.557059,0.373273,-0.821105,1.715484,0.630799,0.738341,0.203279,-1.274019,-0.603468,-0.042993,-0.049575,-1.110186,-1.344095,-0.718489,0.567879,-0.295823,-1.098448,-1.61585,0.562903,1.330043,-0.879566,0.900652,0.670105,1.634011,0.152199,-0.160306,-1.90995,1.34806,1.013581,0.027957,0.515436,0.075063,-0.637081,0.704708,0.625292,0.982029,0.370832,0.390917,0.068342,0.629391,0.0216,-0.295937,-0.482452,0.065465,-0.960782,-1.24651,1.663901,2.309276,0.217546,1.017064,-0.635561,0.775074,1.276073,2.233148,-0.307849,-0.275403,-0.277577,0.440186,0.251455,0.960782,-0.212535,-0.375317,-0.183804,-0.291038,-0.368919,1.24928,1.757852,0.654191,1.093954,-0.877987,0.208247,-0.083337,0.32977,-1.531747,-0.186573,0.718444,2.252437,0.350836,2.01477,1.379047,0.743006,-0.556598,0.284321,0.266167,-0.761046,0.079377,0.781889,-0.564106,-1.202157,-0.219819,-0.843444,-0.190751,-0.253033,-1.397353,-1.316034,0.10926,0.39988,-0.348407,1.61258,1.458803,0.170296,-0.629031,-0.254937,-0.853908,-1.054222,-0.788841,-0.997868,1.175135,1.107853,2.012453,-1.415111,0.979137,-0.844753,-0.311926,-1.048959,-0.185029,1.259306,1.402633,-1.051832,-0.807177,0.224491
NIC528,-0.916625,-0.397285,-0.195124,0.82354,-0.407522,-0.3662,1.321427,-0.067861,-1.048327,-1.257701,1.499823,0.302687,-0.55575,1.868572,-0.104875,0.685039,0.02894,0.478986,-1.338942,0.749331,-0.383856,-0.778546,-0.043189,-0.652639,-1.024844,-0.333853,-1.45627,0.579939,-0.271786,2.082715,-0.349664,0.559325,0.639285,-1.099398,-1.233476,0.213889,0.940619,-1.171397,-0.608727,0.787853,0.676383,1.238245,-0.669777,0.021332,-0.66094,-0.300217,-0.541909,-0.002325,-1.150368,0.632108,-1.271194,0.811338,-0.138688,-1.329904,-1.263364,-0.690627,-0.573998,-0.249848,0.551978,-0.477707,-1.195063,-0.907101,0.933375,-0.177139,1.523941,2.117886,-0.597424,0.583047,-1.659983,-0.870367,-0.499592,-1.537359,0.765282,-1.05084,1.48622,-0.858372,-0.045874,-0.523477,0.609104,-0.308316,-0.877037,0.559981,-0.707034,0.772953,-1.480475,0.005222,-0.262256,-0.585614,-0.095352,-0.191204,-0.24587,0.212023,1.604,-0.759378,-0.925619,-0.998189,-0.743618,-0.60823,-0.765263,-0.715903,1.082787,0.625483,-2.511992,-1.470049,-1.773958,-0.524467,-0.195357,-1.825318,0.30452,-0.727857,-0.97094,-0.166535,0.96385,0.114666,-1.720403,-0.486405,-1.19379,0.948076,-0.045934,-0.24278,-1.299181,0.109318,0.478549,0.383669,-0.811268,-0.208817,-1.048165,-0.227557,-0.108772,-0.469213,1.419697,-1.060171,0.650886,-0.574756,-1.456373,-0.04189,1.416769,1.051212,1.525738,1.243974,-0.523835,0.706244,-0.409008,0.080493,-0.459875,0.053577,-0.493937,0.878056,0.42623,1.398086,-1.313824,-0.80441,-1.191856,0.059186,-0.118913,-0.074275,-0.411546,0.119509,1.456158,0.239816,0.452356,-0.170704,-1.853056,-0.088847,-0.105425,0.830136,-1.621524,-0.347109,-0.640182,-0.264692,0.708835,0.733396,0.717942,-0.76211,-0.403392,0.236438,0.528191,-1.153653,1.191701,-0.902046,1.422857,-0.853304,-0.360514,0.106934,-0.298167,-1.968829,0.078933,-1.233888,-0.687016,0.087292,0.650569,0.307303,-2.429723,-0.27779,-0.236974,-0.056707,-1.090473,-0.747426,-0.059989,-1.251329,0.089444,-0.108847,1.312944,-0.197568,-0.573881,-1.769426,-0.068049,-0.264479,-0.073,2.241157,-0.788878,-0.947539,-0.108348,-0.246165,-0.726192,0.766808,1.058921,-0.776863,-1.82002,-1.422991,0.811068,-1.235701,-2.488633,0.906354,-0.105414,0.512453,-1.19305,0.279637,1.035432,-0.073976,0.118693,0.124067,0.242902,0.247736,-0.159308,0.528449,1.649089,0.211199,-1.164924,0.070647,-1.119649,-1.036968,-0.388867,-1.238552,-0.012948,-0.167216,-0.214152,-1.896801,0.123775,-1.044839,-0.542647,-0.598576,-0.592288,0.338101,0.152686,-1.262426,0.69583,2.002725,0.29145,-0.034695,-1.875495,0.720883,0.59035,0.702011,0.343423,-0.947574,0.888126,0.182554,1.408367,1.659509,-1.382948,1.263612,-0.601063,-0.573471,0.547089,-0.776601,-1.6772,0.492529,-1.132326,-0.040484,-0.317245,0.396221,2.021449,0.292919,-1.069432,-0.605083,-0.232197,0.610472,-0.644332,0.809697,0.312843,-1.068675,0.256363,-0.456407,-1.000132,-2.630933,0.921667,0.067989,1.80009,0.070113,-1.299476,0.887341,1.849508,1.398164,1.446096,-0.233092,1.081853,1.546928,-0.172188,-0.258424,-1.325074,0.498223,-0.087758,-0.613178,-1.129395,0.532205,-0.196534,0.229194,-1.885438,-0.776711,0.577798,-0.951041,-0.756426,-0.426761,0.848314,0.385747,0.647365,-1.113717,-0.480056,-1.558806,-0.292945,1.404004,-0.997502,0.628417,0.313746,1.603942,-0.765969,0.22146,1.237101
PB306,-0.720214,-1.303222,0.937102,-0.324986,0.965574,-1.841169,-0.131791,-0.082148,-0.375291,0.509967,-0.921241,-0.516338,0.122931,-0.156595,0.837553,0.161009,0.493402,0.546045,0.106043,0.602533,1.135883,-0.418669,0.242246,-1.341797,-0.205867,0.627763,-1.323479,-0.004939,-0.728948,0.769935,-0.240108,-0.497984,-2.31912,-0.388069,-0.398799,-0.657577,1.440037,-0.128881,-0.831891,-0.803954,0.11471,-0.246013,0.073412,-0.899749,0.761812,0.33982,1.382526,-0.858961,0.540058,-0.609962,-0.630075,-1.318523,-0.562679,-0.315452,1.19263,-0.389088,0.058241,-0.661829,0.020633,1.196362,-1.711148,-0.468498,-0.099364,2.340691,-0.122659,0.260958,0.296221,0.444669,0.681356,-0.578799,-0.318231,-0.585826,0.821761,0.77731,0.872939,0.33798,-0.209767,0.105142,-0.250367,1.376287,-0.203057,1.222756,-1.112847,-0.108291,-1.30451,1.099804,-1.577288,0.236615,-0.727285,0.528749,-2.092523,0.159291,-0.357362,0.987449,-1.975445,-1.148909,0.851341,-0.630194,-0.078214,-0.001406,0.858066,-0.029105,-0.894336,0.930166,0.255845,0.552113,0.192948,-0.533316,-0.670695,1.082441,-0.038124,1.037713,0.279339,-1.059882,-0.828997,-0.77961,1.191245,0.691876,0.410388,0.007028,-1.284557,0.109051,-0.231155,0.415004,0.208934,-0.071123,-0.421142,0.294362,-0.224377,0.871806,-0.267247,0.032079,0.699514,0.825839,-0.387664,-1.288083,2.67265,-1.096272,2.297845,0.398982,1.039341,0.456493,1.272657,-0.323243,1.639073,-0.526397,-0.700592,-0.412938,-1.477101,-1.440633,-1.076765,-0.877278,-0.586875,1.571982,-0.447565,2.586352,1.059092,-1.236899,-0.089934,0.191381,-0.254877,0.137318,0.868088,0.105241,-2.161015,-0.628381,-0.823374,-0.527272,1.011453,-0.47529,0.147635,-0.783969,-0.98624,-0.00121,0.214325,-1.21982,-0.339318,0.228543,-0.037643,0.312957,0.112386,1.242026,1.498569,0.466177,1.628352,-0.67311,-0.122983,0.083076,0.342027,0.645303,-0.92757,0.496285,0.457741,-0.855307,-0.80117,-0.048696,0.502998,-0.298354,1.027979,0.734342,1.372068,0.65175,0.211067,-0.791289,0.843491,0.364023,-0.558481,2.29889,0.479836,0.286429,1.07695,0.072016,-0.132815,0.08529,-0.898379,-0.147683,0.783186,-0.855427,1.25674,0.0954,-1.479361,0.272113,-0.04565,-0.568265,-1.454167,-0.406789,1.238351,-2.609655,0.633347,-2.032165,-0.202506,1.096642,-0.835424,-0.280465,-0.163682,2.039478,0.468443,1.598061,-0.982698,0.507507,-1.043494,0.164844,0.562159,-0.352123,-0.923298,-0.657996,-0.467426,-1.090594,0.407901,-0.702735,0.228213,0.369465,0.903184,1.264743,1.402436,-1.378298,-1.881866,1.148581,-0.798896,0.285538,0.425314,-1.466419,-0.233559,1.30917,-0.296014,0.389132,-0.090885,-0.736183,-1.266046,1.107766,0.934111,-1.256802,0.199985,-0.667481,0.724162,0.510581,1.358213,0.754847,-0.298153,-0.838983,-1.321768,0.17847,-0.982377,-0.613693,-0.428698,0.3482,-1.465437,-0.492346,-0.115925,-0.183148,-0.175539,-1.18163,0.273833,-0.084842,-0.632631,-0.25494,0.104676,-0.009289,2.055756,0.850214,-0.011056,-0.902691,0.45847,-0.550379,-1.287249,-0.745744,0.107538,1.336407,1.467835,0.151812,0.168379,-0.202809,-0.722966,-0.237102,-0.791955,0.263006,-1.379254,-0.966086,-0.37879,0.689856,-1.428,-0.046212,0.94463,-1.038636,1.61328,0.663832,0.404653,-0.200802,-0.233785,0.721948,0.412934,-0.727325,-1.466975,-0.805577,0.153631,0.102135,0.528057,-0.141761,0.363936
PS2025,1.416518,0.899177,-0.654181,-1.391969,-0.735173,1.598759,-0.847387,-1.260596,0.54948,-0.511681,-0.83439,-0.990804,-1.24745,1.147765,0.411663,-0.011772,0.325669,0.250814,0.496395,1.423284,-0.171186,-1.368074,-0.7028,0.010002,-0.076238,-0.655023,0.774724,0.706158,0.220194,1.194656,2.134601,1.36046,1.06545,0.821539,2.098197,1.533698,0.780757,1.483874,-0.676017,0.722297,0.198372,-0.847103,0.229101,-0.598979,-0.53608,0.473617,-0.409561,-0.480511,0.263622,-0.872664,-0.376473,-0.246869,-0.464272,-1.048514,1.561179,0.851365,-0.112006,-0.278675,0.10432,2.518902,1.280743,0.704553,-0.258505,0.419307,1.956383,-1.446611,0.215431,1.08651,-0.260617,-0.623588,0.218577,-0.871355,1.50321,0.107319,-0.089535,-0.672346,0.825057,1.750877,-0.640326,-1.351124,-1.004737,-0.985522,-0.305796,-0.62868,0.551994,0.508458,-0.139125,-0.160139,-0.170741,0.530981,-1.23874,-1.195576,0.063272,0.234797,0.60864,-1.152232,0.608437,-0.431071,-0.553415,2.231931,-0.297776,-1.246281,-1.316135,-0.304033,0.670083,0.134997,0.769778,-0.226578,1.290848,1.071732,-1.183496,-0.197039,-1.024058,-2.098767,-0.685863,0.565986,-0.083163,-0.46627,1.008296,1.133745,2.095122,-0.450122,-0.9535,1.355176,-1.538004,-1.009011,-2.027138,-0.663742,-1.402691,-0.925135,-0.194252,0.248088,-0.323841,-1.14641,0.289245,0.377157,0.075969,-1.483477,0.829893,0.255305,0.648964,1.182457,0.103386,-1.503248,-0.040045,0.244726,-0.36095,-0.537956,0.396246,0.666551,0.304408,0.993472,-0.262864,-0.876812,-0.684915,1.534542,0.36356,-0.635464,-0.348966,0.268085,0.890058,1.513788,0.239454,1.87774,-0.153782,1.904345,1.474589,-0.849686,0.436485,-0.716617,2.092684,-1.889311,-0.136874,-0.343874,0.339412,0.911534,-0.325342,-0.195346,0.454622,-1.168688,-1.204361,0.616642,1.204962,-1.030887,-0.770991,-0.594166,2.486379,0.328763,0.908026,0.763844,0.115015,-0.767614,0.466731,0.301849,-1.835735,-0.798544,-1.050334,0.081181,-0.58007,-1.04933,-0.471457,-0.473204,0.173577,-0.027192,-1.527092,-0.60063,0.025711,2.519334,-1.500483,-1.679944,0.492364,-0.798015,0.207488,0.400233,-0.013038,-0.241955,-0.516552,-0.013676,0.396997,-1.490843,-0.150272,2.54999,2.784118,0.784366,-1.376014,-0.083574,-1.072985,-1.497325,-0.688038,1.164087,1.644791,1.631327,0.334739,-0.188798,-0.454222,1.057385,0.735093,0.138733,-1.077772,-1.021786,0.515568,-0.988098,-0.412701,-0.152789,0.434624,0.744384,1.038651,1.18185,-0.367821,1.642058,0.779784,0.981353,-0.238902,-0.477805,-0.345338,-0.228913,0.667074,-1.016701,0.546058,0.895831,0.38216,-1.834847,-0.957283,-1.209443,1.171196,-2.450557,-0.376491,0.207334,0.383942,-0.544991,0.481022,1.07607,1.266913,-0.08645,-0.18817,1.567623,0.345457,0.381572,-0.168594,0.792496,0.56376,-1.549209,0.171751,-1.480706,-1.561246,-0.58815,-0.305403,-1.578109,0.169784,0.796531,-0.17975,-1.264635,0.40185,0.193624,-0.065393,0.236633,-0.338453,-0.352428,-1.257266,-0.950133,-1.470006,0.872242,-0.038037,1.229826,-0.104867,-0.678036,-0.910251,-0.032631,-0.842391,-0.906938,0.318883,-1.927618,0.170088,-1.384208,-1.242692,0.389419,0.187904,-2.868187,0.039783,0.199593,-0.051919,-1.753639,-0.545179,-1.052723,0.48836,-0.356859,1.131037,0.982102,-0.772456,0.457223,1.130913,-0.22035,0.569186,0.997143,-0.139868,-0.526788,-0.9536,2.379826,-0.380812
QG2075,-0.933503,1.395974,-0.282301,1.449311,0.17192,1.578459,-0.012909,1.709702,0.063789,-0.38154,-1.342367,0.691658,0.519985,1.326073,-0.29348,0.516062,-0.098491,0.247382,0.117362,-1.440754,0.954315,-0.573919,0.015728,-3.379279,0.13752,-2.059807,-0.709204,0.305586,0.490304,-0.460457,-0.239147,0.232608,0.389115,2.078708,0.824655,0.810603,0.547542,-1.198005,-0.148871,-0.482658,0.409542,-0.491822,-1.388292,-0.669463,-1.182121,1.043331,0.027728,0.580202,-0.11461,-0.39456,1.223459,-1.113569,1.035446,0.150847,-1.237893,0.221034,-2.301359,-1.075066,-0.230454,0.304937,0.58574,0.396105,0.01117,1.052786,2.006663,-1.458161,-0.250002,0.106686,-1.56824,0.92946,0.167253,1.439013,-0.740189,-1.236083,-0.624636,-0.502188,-0.144283,-0.578302,-0.039545,0.368487,-0.421308,-0.698649,0.110581,0.298352,0.426418,-0.343528,0.023587,1.122092,0.095128,-0.51164,-0.699839,0.878566,-1.159336,1.797969,-1.038598,0.805159,1.036008,0.261793,-0.06822,-0.358729,-1.24997,-0.476491,-0.134809,-0.392954,-1.895635,-0.602289,0.100766,-1.894692,0.600344,1.781785,-0.177522,0.739555,-0.696462,0.489256,-0.969242,-1.933304,-1.153857,-0.139703,0.697639,0.233753,-0.545429,-0.58642,0.360602,0.541194,0.602278,0.184778,1.230243,0.730238,1.123576,-1.927654,-0.062148,-0.333229,-1.325015,-1.3463,0.925549,1.291229,2.321319,1.181852,-0.449286,0.09172,0.419218,1.446481,1.045208,0.453693,0.229611,0.765613,0.06409,1.100708,-0.452967,0.34091,0.313456,0.801139,1.614956,-1.34603,-0.243935,-1.143353,0.230833,0.103836,-1.81485,0.759231,0.476547,0.374715,0.649772,-0.917741,0.222658,0.133733,0.034281,-0.53127,0.63944,-0.008211,1.92796,0.03165,-1.420822,-0.249648,-0.05858,-0.127208,0.528153,-0.055004,-0.619952,-0.649875,-0.423478,-0.041065,0.43829,0.43098,2.142366,1.557905,-0.301102,1.419436,0.490744,0.541379,0.175717,-1.962938,1.646662,2.168883,0.774833,-0.456232,2.144025,1.490197,-1.347716,-0.413275,-0.559522,0.186903,1.555782,-0.735993,-1.070662,0.186702,-0.582274,-2.234658,0.977219,-1.899893,0.705118,-1.144687,-0.616376,-0.315766,-0.629682,-1.40314,-0.737978,-0.339801,-0.500845,-1.161261,-0.287348,-0.260226,-0.242473,1.073091,-0.439657,0.747805,0.666836,0.192487,-1.502436,0.813881,0.021836,-0.046784,0.715995,0.676558,-0.155272,0.294961,1.348608,-0.789448,-0.47672,-1.88102,-0.766507,1.106781,-0.882634,-1.495138,-0.679507,-0.707029,-1.771323,0.415567,-1.099802,0.380835,-0.656576,-0.204032,-0.066496,0.84225,-0.164183,-0.122508,0.65834,-0.923079,-1.388309,-0.312961,0.191903,0.89678,1.333231,-1.380052,0.045798,0.273453,-0.165842,0.129927,-0.44184,-0.901198,0.482261,-1.586488,0.994913,-0.86194,0.467849,0.914782,-1.075116,-0.159694,-1.346107,-0.381022,1.359026,-1.270503,0.049734,0.427944,0.875913,2.290875,1.239287,1.302051,0.93162,1.917213,-0.604727,1.43144,-1.23428,-0.255385,-0.995288,-0.212264,-1.726935,-0.281717,-0.381632,-2.859996,-0.763258,-0.391886,-1.592197,-0.937531,0.836049,-0.984126,-0.661327,0.933776,-0.300988,-3.002938,-0.927184,-0.391671,0.114431,-0.949397,-1.158038,-2.247493,0.365434,0.211536,-0.406978,0.220612,0.769096,-0.070397,-0.521647,0.053975,0.468398,1.27388,0.82276,0.044359,-0.007213,-1.183014,-0.032467,-0.444739,1.041704,1.947251,0.211544,1.243734,0.146508,1.679472,-0.065549
QG556,0.396983,0.375583,-0.730187,2.421056,0.323817,1.842043,0.597126,0.55459,2.388652,-0.758196,0.182612,0.056368,-0.180746,0.058393,-0.419949,0.720671,-0.714584,-0.829033,-0.550938,-0.56723,0.634027,-0.550687,-0.90702,0.937932,0.029271,-0.040619,-1.001504,-1.560812,1.832798,1.244838,-0.358821,-1.493851,-0.647915,0.173667,-0.431896,-0.575214,0.580704,0.643606,0.937033,-0.120008,-0.480375,-0.025718,-0.097806,1.001339,0.068732,-0.326068,0.57469,2.26627,-0.759665,0.430735,-0.081716,0.601682,-1.669054,-0.170497,-0.995231,1.791059,0.274057,0.716803,-0.051497,0.715007,1.775386,1.408782,0.090446,-1.43382,-0.672301,-1.285714,-0.669825,-1.00241,1.446077,-0.029729,-0.310048,-0.432492,-0.839905,-1.353684,-1.284622,-0.819063,0.253104,0.183864,0.287776,-0.953034,-0.319561,0.736699,-0.071204,-0.518566,-1.42437,0.778036,-1.263414,-0.882576,-1.227841,-0.153897,0.063363,2.81796,0.899293,0.83047,-0.298009,-0.956667,-0.918981,-0.382713,1.017317,-2.816382,1.027583,0.772131,-0.301053,1.011681,-0.947586,-0.397494,-1.220921,-0.270045,-1.586376,-0.27445,-1.610155,0.077128,-2.047178,0.402781,-1.443427,-0.325941,-0.260834,0.059167,-0.079073,-0.21704,-0.394805,-0.600425,-0.378736,-1.103691,0.893679,-0.621229,-1.00308,1.675081,0.71421,0.000416,1.116313,1.749314,0.887227,-0.213301,0.730749,1.117993,-0.324988,-0.097927,1.082222,0.222565,0.692576,0.540945,-1.424561,0.018237,-0.91011,-1.017707,-1.249165,-1.290289,1.536375,-1.508391,-1.191884,-1.064242,-0.944804,1.760755,0.140473,0.402784,0.716642,0.868321,0.304231,0.426759,0.655519,0.663983,0.321748,-2.620428,-1.361312,1.424211,-1.185761,0.234767,0.388659,0.841012,0.956936,-1.322564,-0.792351,0.865528,0.701067,0.906948,0.402398,0.191557,-1.359958,0.127872,0.275571,-0.25901,0.053431,-0.822046,-0.546206,1.547415,-1.138948,0.297892,0.683567,1.425407,-1.05111,2.328773,-0.215509,-0.164862,-0.741434,0.622413,0.005216,-0.124265,-0.187895,-0.18754,-2.513038,0.288014,0.262088,0.001961,-1.605106,-0.48392,0.258901,-0.010556,0.165023,0.076665,-0.509758,1.559715,0.176534,1.724005,0.122253,-0.935996,-0.533348,-0.039278,-2.076341,-0.119569,0.054245,-0.728776,0.015085,0.355042,-1.614765,-0.662734,-0.275119,0.219741,0.997303,1.610417,-0.954828,-0.061071,1.606497,1.205799,-1.961575,-1.282962,0.444887,-0.071465,0.632443,-0.342763,0.078392,-0.013671,0.70177,-0.417835,1.428122,0.294078,0.164286,0.988509,-1.274158,0.517947,0.025232,1.057745,-0.92565,-0.624176,-1.14086,-1.676452,0.268272,-0.16719,-0.048152,1.427071,-0.961982,-0.512262,0.438197,-1.25428,-0.993586,-0.359601,0.631887,0.488665,-0.763478,-1.365369,-0.728055,-0.429963,1.611953,1.145837,1.848577,2.324825,-0.278624,1.098757,0.795439,0.348615,0.098739,0.867914,0.303722,1.497329,1.10557,1.041532,-0.592637,1.445416,-0.607252,0.875425,2.547927,-1.659009,0.865624,0.263487,-1.71712,-1.407914,0.100284,-0.265189,0.879861,-0.433676,0.141925,-1.121089,0.099259,-1.423775,0.225488,-2.367281,-0.817364,0.858284,-0.627648,-1.614465,-0.353967,1.98227,-2.280007,-0.82323,-0.438055,-0.915052,0.407315,0.092895,-0.315726,0.644334,0.330875,-0.204287,-0.287542,-1.194542,0.216131,0.917645,2.696394,-0.551662,-0.135894,0.446788,-0.953958,1.982381,-0.338802,-0.118755,1.822982,-1.282363,-1.630581,-0.824743,-0.626936
QW947,-0.642553,-1.194021,0.348134,-0.740623,0.098982,-1.18027,0.619698,-0.232519,0.534189,0.714612,2.062461,1.218632,1.418646,-1.408249,0.193337,1.839657,3.053441,2.360775,-0.166989,-0.302802,-0.293324,-0.132497,0.14054,0.101463,-0.986592,-0.741796,0.003793,1.458036,0.421246,-0.183203,-0.986757,-0.756885,-1.257896,0.465874,0.041301,-0.026527,0.199415,0.410914,-0.178633,0.245231,-0.588572,1.851817,0.155527,-0.759142,-0.496373,-0.498953,0.73298,0.959622,0.093165,-0.168656,-0.415995,0.105914,0.163737,-0.705441,-1.705887,-0.81979,-0.492091,-1.562489,-1.944757,-0.017059,-0.135653,0.377686,-0.001708,-0.006557,0.476673,-2.106478,-0.418476,-0.717916,-0.810825,0.35814,-0.492152,0.804857,-0.330884,0.955372,0.272492,-0.201464,-0.422517,2.039704,0.416906,0.393944,-0.145991,-2.096472,-0.071276,-1.226096,-1.212103,-0.811099,0.228525,0.663339,-0.799286,0.136815,0.114026,-1.545936,-0.540643,-0.952871,-0.506181,0.714153,0.653964,0.966243,0.056668,0.068504,0.540099,0.911512,-0.25255,-1.990802,-0.017888,0.006589,0.756072,-0.720086,-1.333657,0.642653,0.592486,2.678804,-0.290448,-0.380625,0.483815,2.824709,1.271068,0.197797,-0.241988,-0.059661,0.685273,-0.328515,-0.584406,0.463339,-0.241052,-0.006945,-0.772832,0.603188,1.190064,0.886316,-0.182548,0.02918,-0.496426,-1.908002,-0.17611,-1.093555,-0.638943,0.790891,1.164593,0.710052,0.18604,-0.003294,0.11764,0.837898,0.065146,0.690806,-1.368328,-0.205647,-1.43845,-0.14891,0.370301,-1.633343,-0.168905,-0.605106,-0.859494,-0.370163,-0.848647,-1.590734,-0.454725,-1.324413,-0.316496,-0.489334,-1.429676,-0.804895,0.570858,0.633979,-0.192259,0.083727,1.006203,-0.538761,-1.141889,-0.114351,0.15571,-1.519191,1.081129,-0.203692,0.527812,-1.115221,0.460172,-1.133966,0.28834,-0.287326,0.868,0.261388,0.676353,0.851307,1.468111,0.332765,0.802921,-0.690326,-0.298786,0.559896,-0.948195,0.525543,1.264973,-0.495366,-0.963128,-1.421971,0.01995,0.531078,-0.565284,-2.001205,0.735805,-0.985087,-0.121759,-1.558732,-1.4686,-0.371445,-3.169662,0.710564,0.629746,0.863974,-0.649119,0.225672,-0.440509,0.119672,0.211459,-0.490005,-1.759773,-1.61817,0.244285,1.297503,-1.786395,-0.374722,-0.739403,0.490113,-1.956942,-0.571605,-0.15192,0.181255,1.403047,0.027655,-0.881202,-0.445929,-0.674009,1.83062,0.606383,1.072034,0.115225,2.627403,0.873407,-0.540735,0.275349,-1.554592,-0.664927,-1.882376,1.159394,-0.804028,0.155259,-0.86961,-0.082809,-1.673842,-0.398742,0.619402,-0.106485,-0.081062,0.744953,-0.875116,-1.12446,-0.968941,1.540576,-0.43335,-1.744117,-0.166656,-0.107193,-0.483177,-0.769697,0.013335,0.502392,0.527581,-0.477603,-1.489728,0.495694,-0.671014,0.294219,-1.092584,-0.058512,-2.067526,-0.31068,-0.444159,0.383913,-0.735214,-1.12956,-0.750869,-0.315858,-0.573105,-1.269287,-1.016797,-1.416245,-0.415654,1.355863,0.220804,0.223201,0.534724,0.455726,-0.153687,-0.622158,-0.017479,0.988653,2.331646,2.045462,-0.537605,0.537877,0.670679,-1.406464,0.741302,-0.470687,0.08266,0.719744,1.198078,1.265121,0.575891,0.388163,-0.815391,-0.730494,0.751364,-1.318477,0.904396,-1.354681,2.116429,0.347531,-0.653175,0.729096,-0.416629,-1.11497,-1.24334,-0.079962,-1.072647,0.814022,-1.446759,0.885185,-0.128582,0.457276,-0.064271,-0.200992,-1.050076,1.578371,2.22063,-1.048868
QX1211,-0.560402,0.576391,1.181706,-0.156545,-0.126678,0.568058,0.330792,-0.665337,-0.360785,0.846618,-1.149892,-0.301097,-2.049107,-0.380886,-2.165202,0.298096,-0.333314,-0.45745,-1.514821,-0.845408,-0.068691,0.433072,-1.142313,0.577518,-0.915941,-0.34256,-0.434686,0.808307,-0.360582,0.188768,-0.70643,-0.931429,0.056957,0.100372,-1.056304,-1.26401,-0.320353,-1.852008,-0.7176,1.177866,-0.004754,-0.343957,-0.902735,-1.355387,0.049026,1.386516,0.970505,2.031404,-0.17877,0.592919,-1.037568,-0.656835,0.444982,0.251941,0.89615,-1.185816,0.111053,0.519102,0.467902,-0.097617,0.298084,-0.933951,-0.74822,0.397904,0.564464,-1.397109,-0.936442,-1.330807,2.328064,2.023426,0.800672,1.410304,2.147859,0.392135,1.681288,0.381667,1.01462,0.862326,2.149024,1.565157,1.436168,-1.134083,0.550464,1.096632,0.189097,2.865176,0.938822,0.567598,1.371613,0.675147,-1.662973,-0.601166,1.010101,-1.170206,-1.451575,1.219403,-0.373935,0.153491,-0.752017,-0.365452,0.106765,-0.41001,-0.234736,-1.20774,-0.005803,-1.029298,0.182664,-0.467278,0.409436,-1.587854,-0.900622,-0.256966,1.235803,-2.015496,-0.159412,-1.680524,-0.370144,-1.192319,1.192085,-0.050013,0.864752,-0.300928,-1.564962,-0.087566,-0.23,-0.373472,-1.101102,-0.428826,-0.85213,-0.362666,-0.654659,-1.212391,-0.687494,1.116414,-0.900828,-0.439784,-0.456065,-1.126268,-0.808782,1.08346,-1.437537,0.159127,-0.797261,-1.495318,-0.220825,0.411687,0.337179,-0.469552,-0.505575,-1.924422,0.020733,-0.762781,-0.010263,0.780237,1.386948,1.034752,0.441481,-0.254207,-0.182487,0.351325,1.59019,0.76965,0.705785,0.862897,0.450928,-0.236151,-0.030647,-0.886133,-2.392615,-1.079264,0.022634,-0.418503,0.889063,0.956673,2.163834,-0.71169,0.724795,1.122217,1.290884,1.71583,-0.079844,0.290231,1.283276,-0.892681,-0.043373,0.038568,0.475481,-1.467371,-1.008758,0.99723,-0.725082,1.93551,0.488833,-1.360491,-1.428506,-1.447396,-1.290708,0.843147,0.751877,1.732128,0.63461,0.270146,0.376916,0.560924,0.432015,0.907084,1.527333,0.047695,-1.100413,2.929612,0.594516,0.786953,1.353643,-0.102889,-1.423464,-0.057973,2.055608,0.267594,1.86857,0.826574,-0.173589,-0.02605,1.067438,-0.392884,1.308533,-0.485279,-0.128302,-1.574485,-0.786444,0.660353,0.364365,0.6654,-0.163755,-0.300579,1.312634,0.283231,-1.587115,1.15892,1.155448,0.668034,-0.194107,0.587669,-0.112252,-0.809915,0.516794,0.324209,-2.989972,-0.839164,-0.681199,-0.374992,-0.89701,-0.520096,-0.635056,1.471989,0.804182,-0.664462,0.374871,1.211096,1.086421,1.784052,0.486794,-0.014833,0.951368,1.57377,1.032935,-1.166428,-0.52779,0.269467,-0.001907,-1.310904,0.188498,0.431168,-0.200492,2.191349,1.29985,-0.072655,1.321909,1.561886,-0.17906,-0.375944,0.273212,-0.092461,-0.985322,0.872583,1.322787,0.56291,0.825704,0.271918,1.543449,-0.728108,1.211006,0.102179,0.565013,0.080924,0.920433,0.460065,1.844873,-0.138721,1.570591,0.366368,-2.062081,0.045651,-0.626656,-0.258021,-0.946713,0.08053,-1.041272,-0.03961,1.555229,-1.251657,0.728773,0.837647,-0.201769,-1.176053,-0.393375,-0.689158,-0.049935,1.278854,0.237077,1.277628,2.143809,1.869836,-0.520717,2.116858,-0.03644,-1.635822,1.994149,0.21803,-2.167701,-2.59937,-0.562739,0.990407,0.726163,0.600381,0.566634,-0.279455,-0.456508,1.164236,1.603223
QX1212,-0.514282,-0.065216,1.375491,-1.690184,-1.570968,-0.357493,-0.352248,1.258808,-2.196826,0.438903,-0.402782,-1.487028,-0.455139,0.324225,-0.165108,-0.901234,-0.292088,1.84793,-0.151529,-0.252182,-0.800916,1.242743,-0.437269,-0.364903,-0.577805,-0.34459,-1.070696,0.797643,1.00411,-0.052526,-1.652147,-1.052197,-0.029262,1.545815,0.493173,-0.012889,0.123895,-1.317059,0.753567,-0.46879,-0.402278,0.953656,0.188543,-0.634059,0.877948,0.151344,0.106105,-0.510677,0.037962,0.212938,0.883127,0.896714,-0.802583,-0.828291,0.09492,1.11828,0.392896,1.400828,-0.535857,0.466173,0.814106,0.119175,-0.67842,-1.180418,0.278935,0.59214,0.061676,-1.375328,1.144536,-0.691441,-1.508058,-0.198432,0.741511,-1.219552,1.946327,1.117794,1.365839,-0.382449,0.0633,-0.153335,-1.572453,0.269031,-0.265122,2.053993,0.887815,0.521942,1.104176,1.824932,1.325036,2.535226,0.675722,-0.93462,-1.440239,0.535132,0.194592,-0.175311,0.562053,0.611938,1.349187,0.223466,1.446576,1.305661,-0.382352,2.190518,0.3033,-1.990209,0.468706,0.068087,0.250044,0.103891,0.463157,-1.124235,0.203758,-0.715793,0.285381,-0.071098,0.451016,-2.077497,-1.565026,-0.243116,0.672578,0.916463,0.442469,-0.549877,1.358209,2.172468,0.747538,-0.355989,1.776934,0.254099,1.650976,-0.27898,1.104356,0.534254,0.060031,1.147239,0.06908,-0.848212,0.266511,-0.580213,-0.906809,-0.774105,0.762674,-0.842342,-1.354301,-0.168446,3.407457,1.91244,0.874824,-0.532047,1.783106,-0.474973,1.596432,1.151301,-0.515482,0.704416,1.615341,1.347316,0.116838,1.833944,1.170735,1.35286,0.872098,0.358206,-1.131062,-0.016051,0.479495,-0.425242,-2.154166,0.369927,-0.835096,-0.983572,-0.391872,-0.538051,0.022604,-1.017674,-0.060781,-0.911491,-0.394047,-0.997309,1.403643,-1.217403,-0.659056,0.930587,-1.162004,0.005737,-0.305059,-0.896101,1.511621,-0.822786,-1.297489,-0.998919,-0.330122,-0.285197,-0.358509,0.355688,-1.206779,0.190117,-1.786324,0.849638,0.36971,-0.304957,-0.756268,-0.710801,-0.104472,0.720139,0.116403,0.867478,-1.367803,-0.270611,-0.522696,-0.359223,-1.270328,-1.335518,-1.213272,-0.601457,-0.549156,0.073767,0.514357,0.25273,-0.808536,-2.632137,-0.740991,0.200123,-1.203985,0.551636,-0.116358,-1.041378,-0.138308,-0.507369,-1.243971,-0.526916,0.182856,0.115272,-2.213329,0.173663,-0.713073,0.017603,0.44709,0.980065,-0.756319,1.057347,-0.293697,0.478606,0.241893,-0.803865,0.77525,0.752731,0.533153,-0.584378,-1.498802,-0.372927,1.005969,1.009222,0.43184,0.143162,-2.60672,0.727613,-1.202839,-2.251212,0.219794,-0.851069,0.614897,-0.843004,0.181752,0.523303,-0.912381,-0.983489,-0.808173,0.291587,0.31727,-1.130559,2.084291,-0.36705,-2.788049,0.599875,-0.433735,-0.318018,-1.049002,-0.476465,-1.036613,0.296584,-0.813225,0.681515,-1.239773,0.161588,-0.036524,-0.409201,-0.412209,-0.125893,0.331767,-1.109062,1.546593,0.206762,1.187335,0.304477,-0.012815,0.953169,0.103088,-0.284093,-1.581614,0.214491,0.83271,-0.702663,-1.546445,0.515258,-0.175074,2.256217,0.391979,1.028008,1.395596,1.297873,1.229212,1.148811,0.64488,0.045287,0.055679,0.648427,-1.217944,0.657346,-0.712045,-0.209663,-1.01167,1.241605,-0.839562,-0.705082,0.870407,0.117265,-0.679962,0.473084,-0.263669,-0.011603,-1.545912,0.791405,0.998586,1.785954,0.542133,-0.855418,-1.49039
QX1791,0.358159,-1.642271,0.676393,0.418017,-0.211826,-0.428106,-0.458848,0.611521,0.435871,-0.221794,1.329659,0.013011,-0.688875,-1.253673,0.111177,1.724444,0.10492,0.336448,-1.642159,-1.879844,-0.472504,0.552081,1.164377,1.140966,-1.169576,-1.182067,-2.217757,-0.633955,-0.462638,-0.292093,-0.12591,-0.261477,0.253481,-0.265951,-1.531807,-0.599191,-1.063411,0.800164,1.148108,0.588183,0.354115,-0.452475,-0.500222,-1.81759,0.035636,-0.894047,0.488828,-0.838309,1.18864,-0.32083,-0.016711,-1.242429,-0.284251,-0.273168,-1.591072,-0.088787,0.996962,-1.054777,-1.502478,-0.228594,0.233391,0.272824,-1.516753,-0.07577,0.790786,0.572707,-1.880963,1.287013,-0.313331,-0.502577,-0.261482,-0.758585,-0.023661,1.541517,2.291482,1.259762,-0.135571,-1.950251,0.533808,-0.211621,-0.616029,1.117989,-0.74653,-0.091446,1.388275,0.077047,1.31098,1.513864,0.673615,1.036355,-0.751106,1.243666,0.06146,-1.105577,-0.029998,-0.986311,-0.20545,-0.588968,-0.358404,-0.482592,0.280173,-0.553322,0.167946,0.003015,0.53498,0.503182,-0.863002,-0.975771,0.514897,-0.795075,0.842466,0.173409,0.408772,-1.26971,-0.943869,-0.277401,-1.155114,2.173175,1.840507,0.15444,0.152008,2.15381,-0.819009,1.466318,0.786091,0.713327,0.958681,-0.957754,-0.372816,0.188597,0.582687,1.633081,-0.61116,0.418454,2.643016,0.716866,0.612682,0.118033,0.598861,0.024389,1.066713,0.229673,1.353287,0.336921,-0.265096,-0.939856,-0.414646,-1.149689,-0.026459,-1.346514,-0.802986,0.894975,-1.958435,-0.412068,0.668345,-0.33772,-0.161189,-1.825873,-0.746634,0.283341,0.129083,-1.471808,-0.320381,-1.04846,-1.792129,-0.516191,-0.242609,0.260711,0.225878,0.100867,1.608141,0.175796,0.106573,0.127087,-0.730629,-0.045878,1.2491,1.240431,1.35737,0.725973,-0.826716,0.360307,-0.313511,0.422278,0.674675,1.707813,0.540956,-0.692667,0.826001,0.292175,0.409529,1.140638,0.3974,0.163216,3.057756,2.896349,1.59876,0.5479,-0.267255,0.454627,-0.102006,0.091558,-1.583485,0.893611,-1.041901,-1.051036,0.491285,-1.294343,1.26812,-1.331949,-0.11184,0.034007,0.706929,-0.590722,-1.063157,0.073988,-0.478955,-0.208025,0.748933,-1.08424,0.748105,0.640507,0.228231,-0.484931,-0.208208,0.603415,0.21571,-1.433573,0.504885,0.500393,0.172143,0.998947,-2.487628,0.12183,0.578134,-0.328983,0.635399,-1.646821,0.122081,-0.298557,-1.748047,-1.026897,0.400911,0.857041,0.308396,-1.31191,-1.450281,0.272941,-0.277626,-0.790722,-1.072162,-0.703352,0.718834,-1.59372,-0.742681,-0.709181,0.616293,-0.561501,0.103781,0.095871,-1.676115,-0.402912,-0.060753,-1.550131,0.367413,-0.93406,-2.112697,-0.111105,-0.156242,-0.126255,1.233683,0.529864,1.163616,-0.151336,0.591243,-0.101342,0.206028,0.553986,1.124688,0.486874,1.933322,-0.887437,-0.432536,0.606335,-0.823511,-1.147815,-0.182099,-0.444671,0.204851,-0.978446,-0.902068,1.144059,1.022765,-0.021659,2.463893,-0.469435,2.507666,-0.754191,-0.080272,1.36732,-0.836177,0.911411,0.75558,1.287318,-0.309272,-0.036267,-0.306496,-0.152947,-1.693259,-0.283047,0.232418,0.232595,1.577142,-1.008004,0.259701,-0.531816,1.058663,-1.526293,-1.285446,0.524146,-1.096224,-0.276814,-1.003673,-1.059751,2.741061,1.181098,0.433237,-0.098106,0.478953,0.030072,-0.625204,0.403028,-0.602687,-1.170592,-1.904189,0.133869,1.10849,-1.432301,-0.433232
QX1792,-0.39945,-0.021466,-2.074032,1.361719,0.956849,1.192299,0.677537,-0.681257,1.566292,0.839705,-0.652756,2.036195,0.600021,-1.242088,-0.619298,0.27839,-0.07029,0.413984,0.047263,-1.286573,-1.281718,-1.345206,-0.547605,0.009435,1.511852,-0.392654,-0.586795,0.289855,0.30678,1.563007,0.625005,0.612787,0.059598,-0.036,-0.455548,0.202547,-0.292154,-0.717062,-0.195308,-1.52296,-1.250788,0.786222,0.267515,0.210693,0.085091,-0.407709,1.196884,-0.075863,-0.414623,-0.634298,-0.835331,0.518502,0.119487,1.251356,-0.294498,0.224987,-1.021612,0.604224,-0.937672,0.270144,-1.421813,-0.40553,-1.096293,-0.770958,-1.493119,0.736922,2.003674,0.346853,0.307413,-0.842583,-0.315949,-0.698207,0.705221,0.38155,1.509504,-0.499772,0.872166,1.576726,-0.355547,-1.266335,-0.823264,-0.508996,-0.359761,0.57429,-1.138713,-0.853649,0.439872,-0.283903,-0.785497,0.830151,0.381874,0.233714,-0.346212,-0.898765,-0.703641,-0.171592,-0.008484,-1.223826,-0.997308,-0.242055,-2.015724,-0.043103,1.524502,-0.001711,0.143872,0.219688,0.10507,-0.412419,-0.165667,-0.735423,-0.336032,0.698678,2.130735,0.349793,1.327998,0.059673,1.921293,0.961082,-0.792381,0.742882,-0.208388,-0.488003,1.717413,1.288265,1.340974,0.444365,1.485694,0.579078,0.092639,-0.452735,-0.102566,-1.166804,0.913487,0.56903,0.253876,1.325664,-0.638827,-0.665445,-1.741817,1.007464,0.777201,1.092908,-0.042609,0.349664,-1.144532,-2.482425,1.52688,-0.178022,-1.80698,-1.069836,-0.017362,0.980709,-1.60787,0.74399,1.37146,-0.263967,0.909591,2.861155,0.58673,0.791435,-0.342718,0.039772,1.17839,0.373093,-0.209153,0.023087,0.517335,-1.498761,0.33662,-0.311324,0.63794,0.631042,-0.118807,1.239521,-0.051109,0.340138,-0.793829,-0.175056,0.132816,-0.20112,0.066497,-0.791551,-1.627789,-0.264601,-0.396105,-0.655059,-0.123542,-0.398696,-1.924075,0.518646,0.113555,0.34624,-0.495141,0.851516,0.641931,0.361867,-0.494626,-2.272318,1.072543,0.567319,-1.323515,0.278929,-0.796097,-0.081279,-0.597319,0.499639,-1.395718,0.267636,0.872315,-0.676259,1.642057,0.476394,0.23872,0.480748,1.296423,0.422324,0.224571,-0.775568,-0.40929,-0.441121,0.268076,0.239564,-2.547244,-1.145031,-0.756027,0.938375,-0.464749,1.069004,-1.156733,0.204755,-0.169643,1.221819,0.655085,0.605691,0.651778,0.48896,-2.264412,-1.668266,0.368649,-1.356219,-1.423415,-0.448652,-1.323808,-0.414486,0.860159,-0.529738,0.535526,1.356252,-0.089236,0.890761,1.072871,0.43109,-0.400082,-0.737013,0.580473,-0.78546,-0.424493,-0.137542,-1.162927,-1.018292,0.499088,-0.79787,-2.453594,-0.194141,-0.191914,0.990567,0.185713,-0.58997,1.123729,-0.504704,0.722489,0.306989,0.792452,-0.86007,-0.887591,-0.119807,1.563065,2.59345,0.037293,1.4656,-0.602679,1.906333,0.156468,-0.20743,-1.412374,-0.04393,0.108,0.128741,0.077286,1.57778,-1.250149,-0.139642,-0.806196,1.334384,0.247299,-0.140086,0.381113,0.48283,1.435716,1.756699,1.160506,0.638123,0.855481,0.439627,-0.169278,0.645027,-0.545222,-1.301084,1.131982,-0.91749,-0.682655,-1.003631,-1.670436,-1.694111,-0.514069,-0.203804,-0.152955,0.636416,0.570938,-0.955996,0.595985,-0.827994,-0.954009,0.067083,-1.879402,1.01909,-0.915395,1.600523,0.034137,-0.669611,1.221143,-2.165691,-2.101639,0.020738,0.790045,-1.083548,-1.445688,-1.01391,-0.255739
QX1793,-0.770208,-0.612154,0.335549,-1.579589,0.5167,-1.302724,-0.916664,-0.050003,-0.171256,1.596494,0.671502,-1.321147,1.099362,0.726756,0.452467,-0.123374,-1.511246,-1.780443,1.742839,0.520721,-0.406157,1.183758,-0.895962,-1.05483,-0.059059,-0.662904,0.044545,0.765794,1.499087,2.065724,0.722894,0.812419,1.175572,0.240815,0.03772,0.540452,0.659812,-1.162002,0.983175,-1.030008,-1.380595,-0.94742,-0.876335,1.047313,-0.553542,0.181682,0.908472,1.605724,0.539152,1.492033,1.490861,1.197175,1.268076,3.079635,-0.534279,0.621152,-0.134001,0.581827,0.353352,-1.254917,-0.880831,0.73123,-0.243771,-0.453424,0.746034,-0.056424,0.038858,-1.372983,-1.191378,-0.09172,-0.164108,-0.159195,1.0471,1.409151,-1.372024,1.386415,-2.89446,0.493349,1.195462,0.919642,-0.148716,-0.100708,-0.549673,0.852997,-0.292951,-0.24964,0.296882,-1.383475,-1.145003,-0.910854,-0.675708,-0.867773,-0.084756,-0.098442,-0.607478,0.342029,-1.058268,-0.40077,1.619036,0.601536,-1.136122,0.173105,-0.296525,0.98306,0.714716,-0.779595,0.80131,-1.742615,0.784262,0.649745,0.84143,-0.280938,-1.027538,-1.781503,-0.95146,-0.977525,0.06769,-0.188941,0.034602,0.517791,-0.164663,1.224357,-0.74518,2.184797,-0.025109,-0.197811,0.061147,1.005754,0.876154,-0.150832,0.194179,0.449264,0.24901,2.117389,1.102947,-0.130784,-0.92057,0.441221,-0.190235,-1.025132,-0.696345,-1.1631,0.903334,-0.071752,-0.443207,-0.255801,0.826153,-0.670629,-0.539328,-0.437324,-1.218417,1.273053,-1.8407,-0.297461,0.411566,0.416086,-1.537139,-0.319938,-0.321061,-0.060247,-1.005088,-0.036441,-0.664934,-0.0392,0.688584,-0.123173,0.334275,0.680976,0.509321,0.644275,0.926121,1.554198,0.141401,-1.112457,-1.454576,-0.43586,0.967251,-0.41466,-1.492721,0.220578,0.369001,0.409793,0.445283,-0.945622,-1.362662,-0.283082,-0.688103,-0.851418,-1.13294,-0.587505,-1.141474,0.932314,-1.251206,-0.417379,-0.944182,0.487542,-0.063661,-0.210789,0.386556,-0.835843,-1.090079,-0.43138,0.217185,0.643448,0.233927,-0.368393,-0.676003,0.386711,-0.125797,1.480108,-0.776979,-0.78487,0.043027,-0.915239,-0.759694,-1.349857,0.6564,-0.950039,-1.081122,-0.436356,1.429469,-0.010842,0.134915,1.650429,1.646998,-1.57738,0.094922,-0.058318,-0.638082,-0.132394,0.675443,-2.276799,0.889897,-0.809685,-0.444145,1.03797,-1.195108,-1.086084,1.458493,-0.599332,-0.542744,-1.055829,-1.604433,0.118864,0.292427,0.073913,0.658321,0.424535,0.358105,1.15067,1.222569,1.367035,1.245004,-1.310274,1.068209,-0.485195,0.418884,-2.727423,-0.377859,-0.79209,-1.71279,-0.463252,0.763607,-0.170719,-0.1832,-0.486079,0.751702,1.197954,1.682439,0.838958,1.086566,-0.604046,-0.212366,-1.073459,-1.406583,-0.537501,-0.772402,-1.001201,-0.335815,0.657733,0.405054,-0.810837,-0.671218,0.131727,-0.123534,0.306185,0.472911,0.934913,0.732127,-0.257246,0.747223,0.255607,1.581572,0.493513,-0.157945,0.321408,-0.282893,-1.239488,0.888606,-0.151411,-0.494059,-0.113705,-1.30976,-0.20218,-0.781845,-0.35175,-0.078277,0.477244,0.411076,-0.248684,0.443119,0.875697,0.238816,0.806509,0.940451,0.355999,-0.022803,-1.151384,0.730807,0.746635,1.383717,2.561902,1.248494,0.783063,-0.038838,1.020038,0.314703,-1.399465,1.971539,-0.851318,0.149018,-0.214094,-0.360241,1.611199,-1.553668,0.371441,0.766079,-0.579109,-0.991735
QX1794,2.14617,0.345482,1.063077,0.41654,1.231001,0.685493,1.023675,2.669996,0.603192,-0.004101,0.385337,-0.90547,0.95276,-2.590267,0.30477,-0.494204,-0.387752,-1.140661,0.738036,0.191636,-0.352544,0.548144,0.369287,-0.234015,-0.447206,-0.428234,-0.506873,-1.538479,-0.26365,-0.841105,-0.491272,-1.996437,0.197382,-0.489839,-0.916888,0.769997,1.465758,2.255736,1.002821,1.462288,2.435119,2.033007,1.850021,2.936946,2.970641,-0.817334,1.26838,1.233246,-0.495808,-0.467344,-1.112049,1.169162,-0.902381,1.591576,0.436327,-0.175092,0.856293,0.571761,0.483739,-0.789986,1.221241,1.042184,0.347857,-1.47402,0.834208,-0.453171,-0.170729,-0.050385,0.438802,0.796823,0.508288,0.323825,0.031452,-1.380505,-0.386583,1.770402,-0.927338,-1.465483,0.376188,-0.024689,-1.620578,-0.793417,0.60905,-0.517668,0.589688,0.568506,1.437454,-1.213997,-0.569469,-1.791938,0.34379,-0.094266,1.233089,-0.233982,0.931009,-0.469805,0.58681,-0.232256,0.03865,1.169941,-0.693579,-0.179133,0.280012,0.069589,-0.572456,0.197359,0.285512,0.086901,-0.952989,-1.64263,0.926798,0.037431,-0.527125,2.892644,3.342433,0.721984,1.87823,0.045535,0.010017,-0.45653,1.534439,-0.286962,1.397298,1.604998,1.672531,2.696933,0.924177,0.489765,0.040619,-0.271941,0.745187,0.426052,2.35248,0.62622,0.429617,1.027843,-0.612676,1.448251,-0.461155,1.0743,-0.574716,-1.634321,-0.552739,0.889687,0.252188,-1.235803,0.966137,-0.648363,-0.492542,0.492191,-1.699339,0.185829,0.305408,0.74853,-1.069806,1.282704,0.549392,1.312557,1.110667,0.068688,0.529602,0.905803,-0.229378,2.324827,0.586823,0.242165,-0.004584,-0.378348,0.541258,1.3778,-0.028768,-0.4068,1.675308,0.723138,-0.331512,-1.648486,-0.108785,-1.573079,-1.550211,-0.445453,0.636001,-0.659985,0.399179,1.161416,-1.055206,0.77301,0.247471,0.870199,-0.154016,1.638888,1.150072,-0.654246,-0.819419,1.206189,0.098044,0.213139,-0.774085,-1.041294,-0.192364,0.837192,2.102997,0.403613,1.232193,0.214568,1.530832,2.639087,0.394551,0.984442,-0.20031,-2.086626,-0.698711,0.377088,-2.297918,0.32252,-0.564181,0.003105,-0.094921,1.257026,-0.395395,2.033662,0.665853,0.801559,0.671716,0.837677,0.482407,-0.521436,2.362564,0.313888,1.491456,-1.203215,-0.024951,-0.555989,-0.390232,0.456453,1.739796,-1.244158,0.05237,-0.681144,0.169835,1.014013,1.880611,1.722152,0.290487,0.109666,0.551837,0.846329,-1.415375,-0.19673,1.220946,-0.175799,-0.784261,-0.191663,1.44029,0.778653,1.101876,0.355556,0.367256,-0.345987,-0.920904,-1.418753,0.843148,-1.856365,1.263618,-1.156439,-0.875163,-0.164962,0.540094,0.610456,0.242413,-0.162567,0.470773,0.01385,-0.218978,0.927065,0.717189,0.880502,1.407787,1.225346,1.986609,-0.839931,0.819397,-1.280264,2.055999,-1.476638,-2.087161,-0.551817,-1.64015,-1.104025,1.207851,0.351368,1.082521,-0.677996,-1.730456,0.481587,-1.394573,-0.681366,-0.409539,-1.013498,0.055801,0.80399,0.337196,-1.018648,0.601992,0.047168,0.52042,0.242299,0.633866,-0.077443,0.387084,-0.092272,-1.97526,0.029808,0.259867,0.170868,-1.437179,-1.739165,0.701236,-1.732487,0.885561,-0.215407,0.103272,0.721465,0.925263,1.294659,-1.714551,1.491499,0.155992,0.842446,-1.229119,0.499244,1.223352,-1.42867,-0.583297,-1.360858,-0.207143,-0.725993,1.441619,-0.408154,-0.447249
WN2001,-0.441475,-1.103688,-0.520399,-0.677994,-1.136651,-0.824348,0.26912,1.61682,-0.521883,0.455036,-1.2532,-1.211584,-1.201231,0.12396,-0.465866,-0.274072,0.365346,-0.889103,1.483654,1.138485,-0.22024,-0.128213,-3.162144,0.65564,-0.277991,-0.68762,-0.347811,-0.346083,-1.941996,-0.494337,0.304116,1.39279,-0.847975,0.595345,1.50205,-0.104492,-0.361598,-0.389374,-0.338773,0.297961,-2.060204,-0.020131,-1.048252,1.246393,-0.058875,-1.951561,0.162071,-1.827233,-0.278826,-1.628954,-0.630801,0.518656,0.841779,0.208913,-0.293739,0.208798,-0.539315,0.174422,1.261206,-0.049206,-0.797758,0.293514,1.352189,-0.881021,-0.508373,0.620282,-1.923871,-0.109457,1.371163,-0.43455,-0.598135,-0.817672,0.014596,1.119207,-0.262635,0.598782,-0.182299,-2.396981,-0.172051,-0.846826,0.246078,0.394898,0.663979,-1.154917,-0.989531,-0.768299,-0.377208,-0.309839,-0.020199,-0.859734,-0.695346,-1.413577,-0.350849,-0.394211,-0.189832,-1.921016,-1.436115,-0.270742,-2.435997,0.6723,-0.483183,-1.770324,0.676734,-0.225189,1.787003,0.9151,-0.885493,-1.508394,0.186642,-1.034828,0.71081,2.320533,2.375859,0.630429,1.321862,-0.063684,0.281116,-1.390394,0.255442,1.685759,0.054856,-1.266449,-0.581076,-0.704086,-0.347084,0.244296,-2.184185,-1.346307,0.1361,0.464357,0.538081,-0.853374,0.104823,-0.371508,-1.367535,-0.347828,-0.810401,-1.31363,-0.954469,0.18738,0.383536,1.363726,0.736055,-0.199379,-0.318472,0.788083,-0.42653,-0.159005,0.759807,0.694257,0.954695,0.372905,-1.265311,1.254091,0.137785,-0.756369,3.101845,-0.590807,0.807891,0.983306,-1.185997,-1.376116,-1.971509,-0.552334,-0.62207,-0.449985,-2.822953,-0.107709,1.92142,0.384348,-1.235929,1.906645,-0.356732,-0.960895,1.30592,-0.167184,0.970369,0.786391,1.521499,0.906954,0.517671,0.583128,0.598231,0.502629,-0.096077,-0.562173,1.818981,0.593196,0.968733,-0.385504,0.520551,0.372114,0.073869,1.69855,1.371002,0.938811,0.202307,1.321163,1.059186,0.014362,-1.008944,1.217484,0.116857,2.328439,1.373983,0.385301,2.081631,0.517805,2.794438,1.503265,1.187358,1.378821,-0.645562,-1.36337,1.376636,1.528663,-1.064687,-1.067957,-1.041674,0.23243,-0.404905,-0.214491,0.476726,-1.07208,-0.090414,-0.44692,-1.186641,1.175216,0.372796,-0.404204,-1.352284,0.114058,-0.848962,-1.439424,0.124445,-0.210749,0.19787,-1.389034,0.442076,-1.194065,0.04921,-0.809304,-0.153816,0.092831,2.129225,0.428475,-0.696494,-2.085292,-0.208642,0.885866,0.77407,0.645487,-2.338457,0.846132,-1.114612,0.477364,-0.887321,1.760529,-2.819326,0.015742,-0.081547,-0.109797,0.347358,1.00076,-0.162934,2.985141,2.089831,0.056058,-0.049289,0.500795,-0.825147,0.149703,-0.51656,-1.08438,-0.93896,-1.536206,-0.891753,-1.021603,-1.773066,-0.630365,-0.521843,-0.554684,1.206217,-0.057842,-1.032987,0.409572,0.192096,-0.406777,0.368944,-0.190732,-0.240799,-0.642877,-0.4245,0.310491,-1.331755,-0.670779,-0.234843,-0.381383,-0.133378,0.352592,-1.401652,-1.079087,-0.519497,-0.793517,-0.746338,-0.467729,1.340523,-0.07066,1.015859,-0.518604,1.720495,-1.212868,-0.970133,-0.522637,-1.303627,-1.202298,0.182059,0.190774,0.709713,0.747976,-0.525113,0.692875,-0.053652,-1.185869,-0.411684,0.684605,0.120939,0.918079,0.352583,1.076165,-1.351045,-0.564737,-0.65879,-0.202061,-1.505299,-0.745629,0.861833,0.325949,1.092838
XZ1513,-0.401962,1.660665,0.016358,-0.714158,0.947156,-0.101086,-0.429244,0.02948,-0.988609,0.269911,1.185207,-0.36542,-0.909739,-0.326329,-0.09695,-0.992394,0.813822,-0.609734,1.360668,-0.321738,2.228734,1.037427,-0.107514,-1.476936,-0.43993,-0.598208,-0.588094,0.11887,-0.635127,-0.147208,0.946685,0.774755,0.637788,-0.137189,-0.478176,-2.806381,1.039807,1.026333,-0.040915,1.888522,-0.010122,0.510258,2.362246,1.674413,3.584755,0.788491,-0.956113,-0.537601,-0.607577,0.581964,-0.563292,-1.068754,-0.752813,-0.886523,-0.422716,-1.033804,-1.283975,0.751061,-0.354626,0.632402,-0.906567,-0.719646,-1.259009,-0.782958,1.29995,0.598764,-1.150611,-0.745181,0.75953,-0.264555,-1.361609,-0.62288,-0.015505,0.525307,2.789708,-0.920257,0.187336,-0.812083,-0.373887,-1.584561,1.606156,1.502553,-0.589872,0.872839,0.464181,0.020367,1.5025,1.986851,-0.092541,-0.306868,-0.460309,0.12242,-0.84987,0.73065,0.179599,-0.628174,0.33679,-0.249451,0.788753,-1.035557,-0.665863,-0.207068,-0.004217,0.684093,0.058405,-1.000153,-0.19157,-0.003342,-1.137967,1.513349,1.715605,1.182813,0.376695,-0.911237,-1.539703,-0.429695,-0.514216,-0.572523,1.421717,-0.796175,-0.622267,3.844451,1.567168,1.607742,2.391375,2.285079,1.374878,1.665724,0.133567,0.59111,0.398477,-0.050654,1.214569,1.220491,1.300998,0.915248,-0.394314,-0.675385,0.183653,-1.179032,1.620708,-1.224465,-0.721218,0.170184,-2.370847,0.378934,-0.765914,2.165461,-0.338853,0.5255,-1.540907,-0.775058,-0.004943,-0.102986,0.441414,0.36024,0.478501,1.48526,-0.004162,-0.138826,0.747569,1.178269,0.878966,0.962774,-0.189206,0.449263,1.832425,-1.163852,1.321229,-0.498696,2.255258,1.046064,-0.231719,0.135427,0.790215,-0.288192,0.435423,-0.97655,-1.135803,-0.400453,-0.275744,-3.352537,-0.763095,-0.9125,-0.750459,0.39802,-1.696718,0.201131,-1.002769,0.39302,0.896403,-1.373004,-0.556414,-3.308186,-1.311321,-0.825994,0.16267,-0.276619,-0.735845,-0.486598,-0.327102,-0.543589,-0.69167,-0.528767,-0.802044,-1.74824,-0.675797,1.673916,-0.215508,-0.161775,0.315456,-0.11572,0.074774,0.32368,1.181462,0.42593,0.577439,0.081468,-1.412499,-1.105444,-1.573377,-0.522845,0.436306,-1.701089,-1.407225,2.598046,1.035675,-0.546534,-0.921262,0.251329,1.25692,1.412822,1.48398,0.255704,-0.56186,-0.682293,0.022547,-0.539018,-1.130575,-0.13366,0.937661,0.306547,-0.692375,-2.839248,0.535582,-0.927719,-0.038613,-0.251756,-2.059042,-1.928745,0.013441,-0.554644,0.915701,0.368567,1.028943,0.028545,-0.924942,0.086081,0.357215,0.323857,0.051643,-0.328817,0.958295,0.291584,-1.13274,-0.871462,-0.489822,-0.289881,-0.92301,1.105017,1.681229,1.190872,-0.805343,-1.325856,-0.018241,-0.205042,-0.647791,0.42195,-0.345255,-0.714267,-0.074956,0.645548,1.799705,1.732508,1.680824,0.569861,1.780606,1.263179,0.188279,1.414001,0.86755,0.336208,-1.178136,-0.57051,1.251607,0.71412,0.811941,-0.608835,0.766279,-0.88521,-1.278723,0.284862,-0.978019,-0.912289,-0.055504,-1.04964,-0.801349,1.147764,-0.946085,-1.806284,1.549553,-0.589164,0.096925,-0.623566,-0.38658,-1.028487,1.080944,-0.878704,0.301846,0.33481,-0.209142,1.583806,0.850402,1.291073,1.067517,0.818161,-0.849402,1.346597,1.364823,-1.902155,-1.215878,0.140408,-0.218821,1.627475,0.780874,-0.515099,0.323452,-0.26194,-0.335052
XZ1514,0.517915,0.354669,-0.289519,-0.718227,1.174488,-0.337012,2.546253,0.857849,1.684276,-0.939531,0.777517,1.156739,-0.26064,-0.6753,1.08058,-0.042389,-1.000075,-0.596064,-0.2546,-0.366308,0.107128,0.30664,-0.004177,-0.227814,-0.191362,-0.699146,-0.049142,0.140592,1.551481,-1.153038,0.630824,1.841978,0.702199,1.228439,1.26205,-0.940326,-0.423707,-0.219343,-1.357324,-1.138701,0.303788,0.794112,-1.628846,0.317297,-0.269951,-1.988252,0.396174,-1.452666,0.304269,-0.123794,-1.002774,-0.229127,-0.561736,-0.4268,1.79794,-0.174055,-0.629981,0.830965,1.178878,0.319957,-1.317251,0.179362,1.505958,2.10305,0.237069,0.190273,-0.402179,1.416603,0.541505,1.359301,2.580425,2.242263,0.267892,0.041337,-0.651309,-0.112622,-1.160755,0.993668,-0.853696,-1.0165,0.607042,0.055397,1.530084,0.297274,-0.343141,0.694425,-0.727767,-0.375062,0.646209,2.179693,-0.563731,-0.420788,-1.037576,0.708292,-1.09444,-0.042968,-0.250444,-0.907344,-0.027478,-2.830714,-1.102592,2.521648,-0.300137,0.65528,0.984198,0.539813,-0.69595,1.42799,1.3479,-0.013432,-1.243606,-1.312453,0.001984,-0.518283,0.401711,-0.675377,-0.030882,-2.001133,-0.263051,-0.185432,2.598452,-0.111489,1.344544,0.054232,-0.120398,1.195355,-1.414473,-1.567939,-0.421786,-2.032858,-0.194296,0.955327,-1.095058,0.85925,-1.127016,0.980475,-0.960013,-0.973583,-0.138386,-0.137389,-1.921232,0.238328,-1.248805,-0.184166,-0.384213,1.025984,-0.205201,0.09243,-0.867997,1.532214,-0.078833,-1.858759,0.005748,-0.91164,1.543619,0.945384,1.596557,1.164367,0.93299,0.527694,1.194037,1.458853,-0.69064,-2.86719,0.677997,-1.623848,1.131505,-0.640197,0.24545,-0.243392,-1.634752,0.875504,1.047941,-0.236047,0.022447,1.466793,0.262077,1.940603,1.963775,0.695388,-1.738879,-1.123387,0.402464,-0.3885,-0.013852,-0.806354,-2.318354,-0.22457,-1.314488,0.436358,-0.352068,1.334743,1.88059,1.809817,0.325041,0.574537,1.2667,1.771503,-1.027531,1.208673,0.151744,-0.231252,0.154475,1.921602,1.031358,0.668447,0.660047,1.251987,0.163826,-0.495976,-0.585026,-1.263665,1.328812,0.216575,-1.148194,0.495538,-0.208818,1.045598,-0.827428,1.920827,-0.794034,0.313326,0.943681,-0.228823,0.463128,0.475594,-0.171608,-0.371439,1.629148,0.815253,-0.081235,1.961966,0.224438,2.458502,1.817497,0.623226,0.56467,0.109526,-1.05651,1.317896,2.453347,0.903768,1.034242,0.37545,0.474387,0.944726,0.818536,1.045497,-0.220902,-1.091769,0.472238,2.761107,0.188365,0.910275,0.120189,1.293276,1.474659,0.720786,1.727339,0.890627,0.566261,0.466838,0.191949,1.180829,1.174823,0.267231,1.289341,1.023692,0.454687,0.578206,0.159245,0.693415,0.650381,0.92703,1.862338,1.148419,-0.090689,0.27712,1.53662,1.598286,0.413757,1.555765,0.484058,-0.154615,-0.684174,-0.260582,2.540583,2.119973,-0.990789,1.080124,0.914599,-0.077325,0.266872,0.416845,1.126972,0.765066,0.167999,-0.540351,0.305551,-0.329474,1.787918,-0.845637,1.437929,-0.54149,0.751107,1.308672,-0.685097,-0.411361,-0.768254,0.021993,1.675612,-1.272673,0.554626,0.268307,-1.017541,0.112414,-0.494383,-0.282082,-0.071121,-0.0036,0.962395,-0.530421,-1.184643,-0.006891,0.061716,0.941886,0.07335,-0.718969,-0.062058,-0.465094,-0.705471,0.168963,-0.959883,-1.224247,-0.714482,-0.567475,0.345037,0.042576,-0.630261
XZ1515,0.604646,-1.522996,0.537594,0.355782,-0.483203,-0.797513,-0.227692,-1.025821,0.337256,-0.890121,-0.463182,-0.180822,-1.151914,-0.02854,0.153577,0.38181,-0.550338,0.272804,0.41101,-0.398951,-1.355514,-0.327402,2.104185,-0.886317,-0.275979,1.165702,0.316452,-0.737627,-0.37494,0.359005,0.466822,-0.454333,-0.202589,1.478723,-0.462231,-0.318849,-0.989219,0.927418,0.866404,-0.406972,0.00034,-0.284698,-0.044275,-1.185329,1.038617,0.487191,-1.472097,1.092336,1.326398,-0.562298,-0.765218,0.334422,-0.849608,-1.094704,0.729455,0.389338,-0.586837,0.472272,0.167029,-0.821489,-0.40439,-0.599507,0.037067,-0.626631,1.57113,0.816255,-1.895897,-0.890468,-1.130575,-0.059637,0.350523,-0.10167,-1.375824,-0.456084,-0.106321,1.14351,0.272624,-0.081046,-1.756914,-0.37951,0.143752,0.252665,0.266262,-0.348248,0.45694,-0.047161,0.259736,1.691382,0.771091,-0.582205,1.674921,0.416624,0.084375,2.6285,0.728284,0.898817,-1.387205,1.501693,0.287359,-0.162388,2.918842,-0.543362,0.648434,0.396443,-0.578952,-0.359759,-0.128365,-0.711498,0.067737,-0.136875,1.763415,-1.068262,-0.483993,0.211888,0.090173,1.726593,0.33533,0.75367,-0.363269,0.240361,-0.932017,1.429179,-0.837432,-0.024331,-0.052871,-1.658587,-0.940272,-0.645568,0.713989,0.650164,-0.193378,-0.307969,-0.959646,-0.46628,-0.111662,-2.199663,0.860166,-0.112291,0.430112,-0.111665,-0.120993,0.423217,1.045975,1.71442,-0.613412,0.552345,-0.110217,0.402464,-1.488057,-0.314415,-0.296276,0.000408,-0.394364,1.40629,0.672048,0.520232,1.959661,1.650845,1.698439,1.901528,-0.695413,1.329997,-0.168561,0.545085,0.480133,0.306375,-0.06775,0.581869,0.265396,-1.481619,-0.221236,-0.144188,0.603793,-0.032936,-1.520833,0.214402,-0.399568,0.019501,0.324567,0.106434,0.183757,0.035159,-1.3649,-0.122442,-0.636604,-1.152587,0.179015,-0.619997,-0.713787,-1.372684,-1.100413,0.184133,-1.327768,-1.65139,0.280715,-0.484357,-0.410729,-0.072044,2.024534,0.605379,-0.495917,-0.673109,1.675998,1.914246,0.74882,0.809848,1.178439,0.503602,-0.432227,-0.356359,-0.733851,-1.63563,0.181624,-0.403061,0.05932,-0.207344,0.957577,0.797455,-0.793732,0.651077,-2.106931,1.170212,-0.302793,-2.753633,-0.125384,-0.933455,0.773086,-2.5542,1.326109,0.537281,1.559791,0.938614,0.298323,-0.020609,-0.835367,-0.932654,-0.71333,0.261407,-1.045951,-0.807283,0.207882,0.542692,-0.016293,-0.263539,-0.405263,0.000589,0.516802,-0.298889,0.638091,-0.754667,-1.365565,0.564099,0.394245,0.295634,-1.169063,-1.933283,-0.109555,0.094588,-1.279909,0.52229,-1.426489,0.708563,0.687109,-1.811274,-1.369381,-1.040372,-1.126325,-1.434228,-0.983879,0.361668,0.126031,0.068796,-1.014921,-0.187946,0.241247,-0.440595,0.020216,0.21856,0.274357,0.32821,-1.346971,-1.013796,-0.500785,0.541332,-0.72609,0.180096,1.122431,-0.919163,0.014511,-0.668224,0.82272,0.951993,-0.827866,-0.236124,0.641988,1.71181,0.719941,-0.850744,0.15648,0.347029,-1.514795,0.471189,0.086002,-0.065971,0.879531,-0.76071,0.249666,-0.238743,0.964094,-0.283902,-0.126662,-2.001147,0.55652,-0.689261,2.44095,1.52982,0.786213,2.364048,-0.095417,-1.108484,1.08763,-0.234373,0.70247,-0.210098,-1.654398,0.832743,-1.135881,0.22456,-0.884805,0.82027,1.125474,0.352789,1.920061,0.186562,0.358802,0.812196,-0.512036,-1.751473,0.617677
XZ1516,-0.282381,0.16072,-0.493454,-1.484115,1.36435,0.569429,0.883767,1.427556,0.493931,1.850458,-0.865146,-0.269938,-1.652294,-0.036486,0.613892,-0.512896,-1.850139,-0.358918,-1.692162,-0.877692,0.813738,-0.717566,-0.761291,-1.567201,-0.636001,0.211955,0.806684,1.401396,0.876996,0.339817,1.002436,1.545407,-0.515724,-0.867599,-0.702325,0.143983,-0.361597,0.203267,0.639432,0.128448,-0.15917,-0.856354,-0.765762,-0.503144,-1.00235,-1.25037,1.050609,2.408571,2.539073,1.286232,2.19305,2.030869,1.418384,0.59837,1.428117,-0.671508,-0.323276,0.815613,-0.8977,-2.060194,-0.597359,-0.102131,-0.099109,-0.05451,0.829897,0.636335,2.194008,2.76897,1.308302,0.833754,2.660699,1.730934,0.344868,1.790175,-1.290496,0.215825,-0.05923,-0.803842,-0.346334,-0.671651,-0.043112,1.159928,0.899259,2.415066,-0.209262,-0.532301,1.722969,0.289892,0.128936,0.84422,-1.850596,1.078262,0.219082,0.105847,0.791167,-1.083973,-1.730157,-0.606402,0.769169,1.148689,-0.604836,0.204311,1.5421,-0.192355,-0.228972,0.319608,-1.213095,0.371733,1.043215,1.195958,-0.318042,1.439912,1.730167,0.502031,-0.894132,0.161588,-0.452408,-0.532809,1.489438,0.184971,-0.194147,-0.750048,1.047805,-0.588469,-0.40245,-1.387709,-0.596366,0.686117,-0.978183,0.402347,-1.304826,-1.661862,-0.530681,0.151792,0.145021,0.450028,-0.098479,0.175566,-0.111327,-1.890887,-0.989812,0.976509,-0.76367,-1.523433,1.040877,0.869383,-0.360721,-0.561193,-0.260923,0.650661,1.452789,0.042222,0.582798,1.062603,0.756993,1.060403,-0.607821,1.278493,-0.363851,1.765173,0.407523,0.401468,0.399125,0.800442,0.030765,-0.213205,0.140518,-0.37809,-0.826624,-1.10444,-1.494999,-0.631202,0.12323,1.588866,-0.138863,-0.947967,0.87507,0.917375,1.640075,1.751768,-0.665002,-0.677899,1.058551,0.282717,-0.230129,-1.796822,-1.023765,0.112354,-1.130983,0.013927,-1.868688,0.094539,-2.448836,1.184536,-0.780091,0.008906,0.698306,-1.893354,-1.153003,-1.924542,0.574149,0.87876,-0.299506,-0.345371,2.054004,-0.311251,1.053081,-0.294293,0.453378,-1.165642,0.766032,-0.305392,0.682113,0.360758,-0.737142,-0.270336,0.747938,0.189722,1.173642,0.443615,0.238615,-1.062311,2.14003,-0.023159,1.256485,-0.317107,2.271152,0.310975,0.153633,0.739006,0.057373,-1.207359,-0.439209,-0.806533,-0.347548,-0.673707,0.719006,-0.443642,2.788049,0.38997,1.100565,-1.08195,-0.933192,-0.250129,-2.615557,-0.06851,0.663413,-0.286652,-0.709993,-1.789584,-1.118124,-0.394597,0.040655,0.418216,0.382339,0.780377,2.386113,-0.309494,2.068919,0.978875,1.215531,-0.085067,-0.229126,0.21306,1.043797,0.600161,-0.230783,0.593247,1.54093,0.90161,-1.573264,0.30946,1.681622,-0.197502,0.719391,0.326387,0.752979,0.766255,2.374322,-0.515623,0.70111,-0.324123,0.159921,1.720845,1.220662,0.32976,0.097983,0.401435,-0.368534,2.329034,1.486462,0.640266,2.260486,-0.22448,0.074599,1.038665,-0.392355,1.738572,-0.008775,-0.800034,0.025349,0.389679,-0.920722,1.070238,-0.333214,1.06621,1.207045,0.151087,1.15293,-0.66241,1.188909,0.174187,-0.008812,-0.362728,-0.753448,1.390378,-0.006526,-0.368488,0.795535,-0.746565,0.287598,1.47184,1.851315,-0.118772,-0.394809,0.065631,-0.444477,-0.592837,-0.017315,-1.610381,0.885872,0.236214,-0.080509,-0.071702,-0.444289,-0.793179,-1.246882,0.552524,0.350843
