strain,sim_0001,sim_0002,sim_0003,sim_0004,sim_0005,sim_0006,sim_0007,sim_0008,sim_0009,sim_0010,sim_0011,sim_0012,sim_0013,sim_0014,sim_0015,sim_0016,sim_0017,sim_0018,sim_0019,sim_0020,sim_0021,sim_0022,sim_0023,sim_0024,sim_0025,sim_0026,sim_0027,sim_0028,sim_0029,sim_0030,sim_0031,sim_0032,sim_0033,sim_0034,sim_0035,sim_0036,sim_0037,sim_0038,sim_0039,sim_0040,sim_0041,sim_0042,sim_0043,sim_0044,sim_0045,sim_0046,sim_0047,sim_0048,sim_0049,sim_0050,sim_0051,sim_0052,sim_0053,sim_0054,sim_0055,sim_0056,sim_0057,sim_0058,sim_0059,sim_0060,sim_0061,sim_0062,sim_0063,sim_0064,sim_0065,sim_0066,sim_0067,sim_0068,sim_0069,sim_0070,sim_0071,sim_0072,sim_0073,sim_0074,sim_0075,sim_0076,sim_0077,sim_0078,sim_0079,sim_0080,sim_0081,sim_0082,sim_0083,sim_0084,sim_0085,sim_0086,sim_0087,sim_0088,sim_0089,sim_0090,sim_0091,sim_0092,sim_0093,sim_0094,sim_0095,sim_0096,sim_0097,sim_0098,sim_0099,sim_0100,sim_0101,sim_0102,sim_0103,sim_0104,sim_0105,sim_0106,sim_0107,sim_0108,sim_0109,sim_0110,sim_0111,sim_0112,sim_0113,sim_0114,sim_0115,sim_0116,sim_0117,sim_0118,sim_0119,sim_0120,sim_0121,sim_0122,sim_0123,sim_0124,sim_0125,sim_0126,sim_0127,sim_0128,sim_0129,sim_0130,sim_0131,sim_0132,sim_0133,sim_0134,sim_0135,sim_0136,sim_0137,sim_0138,sim_0139,sim_0140,sim_0141,sim_0142,sim_0143,sim_0144,sim_0145,sim_0146,sim_0147,sim_0148,sim_0149,sim_0150,sim_0151,sim_0152,sim_0153,sim_0154,sim_0155,sim_0156,sim_0157,sim_0158,sim_0159,sim_0160,sim_0161,sim_0162,sim_0163,sim_0164,sim_0165,sim_0166,sim_0167,sim_0168,sim_0169,sim_0170,sim_0171,sim_0172,sim_0173,sim_0174,sim_0175,sim_0176,sim_0177,sim_0178,sim_0179,sim_0180,sim_0181,sim_0182,sim_0183,sim_0184,sim_0185,sim_0186,sim_0187,sim_0188,sim_0189,sim_0190,sim_0191,sim_0192,sim_0193,sim_0194,sim_0195,sim_0196,sim_0197,sim_0198,sim_0199,sim_0200,sim_0201,sim_0202,sim_0203,sim_0204,sim_0205,sim_0206,sim_0207,sim_0208,sim_0209,sim_0210,sim_0211,sim_0212,sim_0213,sim_0214,sim_0215,sim_0216,sim_0217,sim_0218,sim_0219,sim_0220,sim_0221,sim_0222,sim_0223,sim_0224,sim_0225,sim_0226,sim_0227,sim_0228,sim_0229,sim_0230,sim_0231,sim_0232,sim_0233,sim_0234,sim_0235,sim_0236,sim_0237,sim_0238,sim_0239,sim_0240,sim_0241,sim_0242,sim_0243,sim_0244,sim_0245,sim_0246,sim_0247,sim_0248,sim_0249,sim_0250,sim_0251,sim_0252,sim_0253,sim_0254,sim_0255,sim_0256,sim_0257,sim_0258,sim_0259,sim_0260,sim_0261,sim_0262,sim_0263,sim_0264,sim_0265,sim_0266,sim_0267,sim_0268,sim_0269,sim_0270,sim_0271,sim_0272,sim_0273,sim_0274,sim_0275,sim_0276,sim_0277,sim_0278,sim_0279,sim_0280,sim_0281,sim_0282,sim_0283,sim_0284,sim_0285,sim_0286,sim_0287,sim_0288,sim_0289,sim_0290,sim_0291,sim_0292,sim_0293,sim_0294,sim_0295,sim_0296,sim_0297,sim_0298,sim_0299,sim_0300,sim_0301,sim_0302,sim_0303,sim_0304,sim_0305,sim_0306,sim_0307,sim_0308,sim_0309,sim_0310,sim_0311,sim_0312,sim_0313,sim_0314,sim_0315,sim_0316,sim_0317,sim_0318,sim_0319,sim_0320,sim_0321,sim_0322,sim_0323,sim_0324,sim_0325,sim_0326,sim_0327,sim_0328,sim_0329,sim_0330,sim_0331,sim_0332,sim_0333,sim_0334,sim_0335,sim_0336,sim_0337,sim_0338,sim_0339
CB4856,-1.007224,-1.942806,-0.11852,0.502654,-0.80529,0.238773,-0.649434,-0.692054,0.319231,-0.521519,0.014238,-0.796662,-1.035513,-1.142804,-0.162403,0.657295,0.923869,0.854081,0.343672,0.027834,0.78982,1.629693,1.432789,1.47818,1.976014,2.694049,2.876349,0.929871,2.323525,-0.044158,0.460679,0.607471,1.675347,1.310885,1.405673,1.135147,0.606654,-1.012663,0.868261,0.114097,-0.451609,-1.450347,0.920076,0.040663,-0.273039,-0.46242,-0.564046,-0.133896,-1.012951,-1.134556,0.051769,0.546309,-1.683974,0.338049,-2.093221,-1.368988,0.42721,0.796414,0.779499,-0.944827,0.051185,-0.989592,0.644454,0.880654,0.257776,-1.078697,0.624141,-0.061705,-1.169482,-0.243299,-1.247579,-0.644378,1.052448,-0.259525,1.166911,2.217529,0.460485,0.40426,0.331186,-0.775063,0.263632,0.488078,-1.002292,-0.230988,-0.23708,-1.415088,0.464229,0.351035,-0.007874,0.027369,1.346821,-0.509329,0.292852,1.698405,0.042457,-0.745131,-0.27658,-0.976723,0.213919,-0.721459,-0.970324,-0.773308,-0.026073,2.877845,-1.415737,0.023878,1.133168,-0.195751,0.471312,1.842259,-1.325117,0.042069,0.870906,0.633111,0.537423,2.715606,-0.397331,2.338765,0.335928,1.052054,-0.086129,-0.425654,0.683895,-1.399116,-0.828614,0.44505,-0.587737,1.319398,-0.870712,-0.383546,0.104513,0.553478,-0.912241,-1.159201,-1.966709,-0.189541,0.81896,0.608346,1.138924,-0.075279,-1.263213,0.261687,0.276969,0.772589,0.519758,1.12515,-0.619802,1.623558,-0.048378,-0.462648,-0.579151,0.994944,-1.97691,1.250268,0.96222,-1.133885,1.532187,-1.264729,-0.131566,0.670055,0.688595,-0.304435,-0.507952,-0.037902,-0.977265,0.262614,-0.205534,1.058218,-0.404398,0.615303,1.5709,-0.217134,0.156631,0.493797,0.280816,-0.224028,0.894932,-0.372347,1.375985,-0.11508,1.910583,2.365825,0.3017,0.833444,0.427933,0.824679,1.555081,1.661828,0.263751,1.730366,0.082955,-0.259708,-0.982734,-0.29176,0.467839,-1.830173,-0.007127,-0.522114,-1.608812,-0.509781,0.176635,0.059495,-0.448357,-0.690471,-1.814148,-1.136355,-0.785289,1.206962,-0.182942,-0.442971,1.904085,0.045364,0.983606,1.477254,2.223235,0.214283,-1.327151,-1.128332,0.975645,0.950007,0.289621,0.802402,0.638509,0.051881,0.067864,-0.81597,0.087223,1.279697,-0.316263,1.854029,0.563424,1.94015,1.822087,1.335432,0.269893,-0.524669,-0.118736,2.490605,0.816195,1.427353,0.269021,-0.264631,2.289273,-0.608079,0.323129,-0.722804,-0.756003,0.66219,-0.778462,0.375922,0.836798,0.204578,-0.454964,0.629624,0.260123,0.336085,-1.287294,-0.956485,-1.0885,0.465744,-1.251592,-1.022384,0.939712,-0.948575,-1.437172,-1.288929,0.169622,-0.639211,-0.681838,-0.68628,0.021229,-0.667057,-0.635322,0.324988,0.586622,-1.030261,0.615398,-1.026647,-0.751686,0.332875,-0.96475,-0.787427,-1.321157,-1.526678,-0.254109,-0.713985,0.090195,0.431539,-1.28139,0.070631,-0.513333,0.395653,-0.150225,2.036038,-0.40927,-0.255479,-0.761725,0.092761,-0.166661,-1.664094,-0.329242,-1.029477,0.441279,-1.123758,-0.502677,-2.162898,-1.554069,-1.043599,-0.228276,-0.734357,-0.796776,0.641806,-0.334949,0.076759,-1.214673,-0.252334,-0.61812,-1.227644,-0.544159,0.223003,0.502342,-0.288168,0.146951,-0.65443,-0.350747,0.791363,1.332675,-1.836456,1.194854,0.570876,-1.165522,0.896896,-2.060512,0.734389,-0.24686,0.411597,-0.536714,0.103872,1.272568
DL238,0.603777,1.246028,-0.340352,-0.638567,1.654155,-0.861128,-0.024463,-0.498385,-0.225225,-0.9298,-0.189374,0.046549,2.376737,-0.736299,-0.381705,-2.419677,0.626108,-1.29067,-0.44588,-0.474613,0.118009,0.599878,1.720616,-0.850271,1.115004,0.821099,-0.819545,0.723289,-0.338699,3.112398,1.969014,1.172545,1.802868,1.485019,2.964624,1.584003,2.378865,-0.226208,2.015706,-0.379372,0.016103,-0.928249,0.220708,0.762685,-2.206146,-0.762091,-1.212621,-1.089513,-0.815238,0.313355,0.000111,-1.03063,0.082702,0.218955,-0.421734,-1.413085,-2.329304,-0.03527,0.14142,-0.751938,0.00551,0.319162,0.261167,-1.032828,-0.447908,-0.903494,-1.761931,-0.336904,0.092401,-0.182955,-0.306699,-0.276948,-0.038156,-0.819448,-1.841732,0.975223,0.757043,-0.091959,0.43224,-1.059365,-0.847849,-0.488915,0.196892,0.516174,-1.428716,-0.187733,-0.975389,0.421241,-1.106044,-0.065802,-0.717575,0.250437,1.383617,0.485148,-2.463708,0.357077,-0.084381,0.348656,-0.756085,-1.206096,-1.27706,1.943362,0.425451,-0.240822,-0.414405,-0.617546,0.4823,1.723897,1.108484,1.476208,0.575152,0.63504,1.138203,0.797569,0.84681,-0.207871,1.894191,-2.153573,0.380242,0.762019,-0.197336,-0.522474,-0.402491,-1.128141,-0.208813,0.256721,2.497304,2.318817,0.792181,-0.719866,1.658726,0.679081,0.975414,2.229684,1.901182,-0.367118,0.112691,0.445907,0.169817,-0.173424,0.707365,2.126705,1.263244,3.590864,2.111454,0.618648,-1.217974,2.737609,0.367055,1.435393,1.141862,1.283053,1.082779,-0.670386,1.359879,-0.114631,-0.347692,-1.705501,-2.383901,-0.914414,1.352907,-1.460725,0.377352,0.222615,0.207241,-0.450785,3.159193,0.577399,2.403593,0.326083,1.909403,0.69202,0.670115,0.689404,-0.931109,-0.717467,-0.876907,-1.931261,-1.006339,-1.955184,-0.701077,-0.252964,0.592759,0.143713,-0.76989,-0.807896,1.378434,1.814178,2.389252,0.354854,-1.189039,0.381345,-0.675797,-0.905623,-0.149333,0.771004,0.512463,0.098778,0.82928,0.046533,-1.939831,-1.024068,0.616225,-0.731802,-1.327754,-2.015849,-2.913144,0.237485,0.470161,0.031746,1.74031,2.29315,0.295559,3.186231,1.597533,0.886316,-2.229763,-1.059998,0.374269,0.626844,-0.497747,1.647042,-1.192918,-0.902883,-1.496022,-0.333356,0.129801,-1.311731,0.979955,1.07557,1.295332,1.970302,2.505387,-0.878411,-0.137602,-0.742641,-1.107753,-1.592716,-2.036635,-0.259262,1.071405,-1.359255,-1.080649,-0.030573,1.087215,0.986,-0.700219,0.796155,0.012458,1.760918,1.857267,1.326513,-0.146747,0.226302,-0.724307,-0.744225,1.559601,-1.163904,0.059035,-1.957804,-0.176539,-0.162701,1.262182,0.813472,-2.306718,-0.042678,-0.901939,-1.251116,-1.346095,0.348969,0.220278,-1.539756,-0.655327,-0.644904,-0.257168,0.766604,0.39796,1.852996,0.546698,0.296531,-1.384292,-1.950367,-0.250313,-0.773256,0.62054,-1.123523,-1.433109,0.812434,1.394802,-0.210332,-1.144235,0.470895,0.914526,0.412635,0.285799,-0.258346,1.859222,2.292527,-0.462718,0.411001,-0.210878,1.49816,0.926239,1.503552,-0.376192,-0.050166,0.96528,0.597836,-0.425731,1.181965,0.636478,-0.395026,1.117908,1.941611,-0.786905,-1.588884,0.316882,-1.25708,-0.493785,0.473225,-1.244302,-1.531584,-0.819054,-0.523306,-1.67341,1.161009,1.033947,0.941827,-0.293637,0.318608,0.325086,-1.343412,0.319042,0.272952,0.668686,0.113393,-0.376834,0.100223,-0.335219
ECA1185,1.04188,1.071511,-0.391026,0.629078,-0.475688,-1.59339,-0.196929,-0.082031,0.345027,1.098369,-1.104779,-1.599835,0.09847,0.560267,-0.958634,-0.506596,-0.580749,0.215859,0.245416,-1.175861,-1.517818,-0.879593,0.380111,-0.071557,-0.17704,-0.204419,-0.625596,0.232208,0.552788,-1.237635,-0.785805,0.75148,1.834913,-0.027026,-0.622289,0.806424,-0.414758,-0.179271,0.028515,-0.981616,-0.378187,0.223643,-0.137975,1.090376,0.482561,-2.044528,0.907284,0.680529,0.748626,-0.592386,-1.708481,-0.845984,-0.667527,1.318508,-0.637844,-0.53598,0.334212,-0.672453,-1.342234,-0.449509,0.249197,-1.453241,-1.1738,-1.012917,-0.095674,0.312788,1.379602,0.81264,-0.139335,-0.078045,1.540884,0.821342,-1.480853,0.528706,-0.74128,0.336976,-2.153606,-1.713809,-1.215793,0.344283,-1.747986,0.174061,0.272735,0.354563,-0.988314,0.015266,0.194169,0.934768,-1.908303,-0.517083,-2.430499,0.651238,0.568012,-0.544418,0.783578,-0.040742,1.034767,-0.710542,-1.121546,-0.247327,0.3394,-0.784407,-0.32708,-1.364643,-0.552385,0.368623,-0.025844,-0.796299,-0.245356,1.743369,-0.258045,-0.595688,-0.706652,-1.210218,-0.916861,-0.22562,-1.448117,0.57992,-1.368994,-0.626189,0.372097,-0.198479,-0.160506,0.036325,-0.234209,-1.610816,-0.108189,-0.692126,-2.183994,-0.148575,-0.29837,-1.035142,-0.195471,0.077174,0.01717,-0.96537,-1.992959,-1.001794,0.014124,-0.756631,-0.320463,-0.659807,-0.461057,0.44092,0.881684,-0.77274,-1.292643,-0.809494,0.385532,-0.840696,-0.897473,0.619599,0.856138,1.430497,-0.720834,-0.645997,0.57584,1.857754,0.659557,-0.191506,-0.438426,0.604208,0.467551,0.002754,0.92411,-0.744966,-1.338549,-2.059009,0.450176,-0.040465,0.292426,-1.698695,0.506695,1.505391,-1.0735,-0.108726,-1.450402,0.322293,-0.292838,1.390536,1.019881,-1.073775,-0.410363,0.01276,-0.515187,-0.594685,0.031061,-1.339645,0.823694,-0.901645,-1.148014,1.73004,0.466474,1.104255,1.51628,-0.210805,1.725591,1.085416,1.004511,1.284197,0.492321,2.414591,0.523849,2.025048,2.431313,-0.900296,-0.837496,-0.740346,-1.880961,-2.216395,0.178258,-0.741865,-0.068908,0.448776,0.362728,0.474834,-0.113713,1.203711,0.405775,0.363533,-0.996908,2.086655,0.879298,0.367277,0.986462,0.244446,-0.782974,-1.557624,0.231272,-0.028115,0.689396,1.378065,-0.382246,1.668989,0.286022,0.910275,-0.647989,-0.914924,0.121821,0.952759,0.829307,0.459643,1.180511,-1.473229,-0.247716,1.355526,1.17833,0.132979,-0.587388,-0.879392,-0.378288,-0.051922,1.86867,-0.153833,0.5431,-1.568835,-0.433479,-2.182416,-0.143047,-1.542924,-0.866708,0.401387,0.634056,1.005174,-0.476309,2.095982,1.352011,1.204368,1.160066,1.161746,-1.069932,0.636082,1.001948,0.125898,1.30762,0.595856,0.532724,-0.053073,0.473354,0.573446,1.683095,0.877839,0.137461,2.69684,0.77894,0.953555,-0.630093,0.487108,2.392797,0.215859,0.921899,1.161422,0.195874,0.836037,0.388429,0.751631,-0.288689,0.272129,0.742015,0.16517,0.312644,-0.436531,1.530885,0.703057,-0.554914,-0.130311,0.989233,-1.458016,2.206854,-0.499506,-1.56313,1.721835,-1.215119,0.226926,0.290008,1.058684,0.886104,-0.411448,1.983436,0.572397,-0.698002,0.949313,0.987392,1.964826,-1.361077,0.508091,-0.051604,1.878606,0.200431,-1.317108,-0.078971,0.703538,0.807546,0.231322,0.409288,-1.704184,-0.172719,-0.3853,2.001813
ECA1187,-0.000523,1.048332,0.214079,-0.91545,-1.591143,0.217333,0.352946,2.042087,0.304719,0.197665,-0.496146,-0.397866,0.939397,0.36916,0.013119,0.016168,-1.121667,-0.69014,-0.168828,-0.460782,1.189323,-0.474218,-1.616672,0.044179,0.634077,-0.654511,0.392792,-1.794356,-1.31989,-1.28599,-1.285774,1.159825,0.183784,0.062594,-2.446063,1.229195,-1.163924,0.726911,-0.522331,-1.112034,0.824332,-0.023295,-0.72466,-0.06888,-1.714186,0.624607,0.609732,-1.310084,-1.130965,-1.911475,0.503023,-1.303394,-0.34377,-0.507681,-1.118144,-0.523783,-0.914432,-1.061389,0.123501,1.168738,-0.488402,-0.328615,0.959591,0.393353,0.224693,-0.323605,0.334705,0.010891,1.12198,0.304974,1.076107,-0.999657,-0.905839,0.280446,1.78338,0.077944,0.79566,-0.066349,-0.399842,0.590353,0.745834,0.040432,-0.461282,-1.083285,2.120111,-0.687032,-0.737589,-1.070157,-1.198978,0.629157,-0.255581,-0.719004,0.686892,-0.591477,-0.317941,0.253405,-0.645992,-1.8904,0.511064,1.772711,1.585982,0.347622,1.8262,1.145705,1.012245,1.068246,1.796002,1.618913,0.000899,0.785013,-0.941079,-0.761695,-0.429497,0.795165,0.033538,-1.171944,-0.341479,-3.153161,0.138469,0.669722,-0.280631,0.101409,-0.287458,0.220791,-0.242458,1.321024,-0.08784,0.486068,0.746886,0.607695,-0.576649,1.116877,-0.439015,-0.63258,0.323685,0.780473,-0.692928,-1.25383,0.536188,1.261781,0.508103,-0.130589,0.1878,-0.227733,-0.16226,0.194632,1.580879,-0.325153,-0.601212,-1.334294,0.077765,1.415866,-0.016588,1.141312,1.381022,0.616113,0.603106,0.584942,-0.134592,1.951971,-0.253102,-0.545966,1.120946,0.354277,1.457729,-0.905145,1.182986,0.133952,0.39632,1.186594,-1.526305,0.722792,0.522279,0.692082,-0.248392,-0.780353,-0.739186,0.880561,-0.205876,0.741977,-0.134082,-1.303157,0.110741,-0.998757,0.688389,-0.558717,-2.297115,0.780068,0.207064,-0.006085,0.355126,1.188353,-0.0404,1.533975,0.536002,1.294287,1.17602,0.232817,-1.684117,-0.857372,-0.98997,1.527865,0.520069,1.432341,0.393955,-0.04301,0.970806,-0.135737,0.986391,-0.100855,0.084028,-0.240047,0.014756,0.821768,-0.64208,0.074459,0.534205,1.100292,0.157942,-0.226231,-0.024709,-0.345772,-1.001877,0.77013,-0.294992,0.318602,-0.471833,0.121646,0.805999,1.046731,-1.626962,0.560661,-0.294128,0.444244,0.560541,-1.91367,0.121729,-0.448107,0.608693,-1.257908,0.560342,-0.115682,-0.439049,-1.289963,0.853049,0.687842,-2.416615,-0.870039,-0.725866,-0.968802,-0.4727,-0.154321,0.550545,-0.205579,0.24342,0.280299,0.679741,-1.375663,-0.207725,-1.040605,0.250112,0.075343,0.453298,-0.654916,-1.18985,-1.990098,-0.714813,-1.798548,-1.590255,-0.763733,-0.157322,-1.45841,-0.130229,-0.481771,-0.676052,-0.655676,-0.182457,0.209967,0.597443,0.046037,0.541741,-0.519177,1.254841,-0.661656,-1.179931,1.141274,0.320955,-0.270156,0.351519,-1.431688,-1.333087,0.464849,-0.302224,0.912786,-0.465758,-1.027686,0.663418,0.531499,0.922495,-0.108475,1.520617,-0.498044,2.100536,0.125926,-0.61818,0.511805,1.592489,-1.409275,0.420204,0.51483,-0.736744,-0.632117,-0.21457,-0.704345,-1.004667,0.342436,-1.734502,0.816693,0.425018,-2.015613,1.785899,-1.939645,-0.214679,2.137269,0.299935,2.794807,0.939858,-0.031715,-0.124723,-1.356301,-0.413253,-1.039211,0.339609,-0.21958,0.398913,1.06928,-0.217417,-1.252348,1.04722
ECA1194,-1.217702,0.09954,0.501265,0.644539,0.016875,-1.093647,0.882304,-0.381956,0.142298,1.047315,1.26142,-0.419683,0.566321,-0.814009,0.762408,-1.635146,-1.178337,-0.388643,0.429642,-0.748394,0.633142,0.801774,-1.282034,0.941962,-1.102215,-0.482846,-0.119602,1.546434,-0.333466,-2.014209,-0.167656,-1.2186,0.289208,-1.012332,0.753536,0.629309,0.428694,-0.807307,0.969104,-0.205703,-0.819138,1.735827,-0.490499,0.06617,-0.529639,0.940171,-1.982916,-1.007,-2.317885,0.12253,0.222875,-0.088635,-0.613872,-0.400603,-0.128341,-0.077501,-1.080501,2.602317,-0.79208,-1.079375,-1.187788,-0.62085,0.468541,-0.589956,-0.878293,1.268133,0.767904,0.126217,1.276749,0.86412,0.494618,1.490817,0.534802,0.963383,-0.447436,0.748326,-0.018014,-0.540174,-0.123548,-0.493624,-0.022272,0.162213,-0.691233,0.069745,-1.377615,-0.933814,0.125357,-0.580376,0.02432,-1.057564,-0.77808,-0.36093,-0.635015,-1.064713,1.259161,-1.052567,0.185265,-0.378972,-0.124795,-0.921637,-0.750141,-0.49405,1.1026,-0.216447,-1.605297,0.450911,-0.443967,-0.784784,-0.609694,-1.325099,0.211737,-0.562668,0.561958,-0.235154,-1.079659,0.659225,0.619281,0.931754,2.286906,-0.539279,0.587954,0.534765,1.15828,0.083177,1.005986,2.141008,0.230654,1.959252,-0.589025,0.980161,-0.469109,-0.636281,0.428199,-0.345689,-1.2464,0.125964,-0.309976,1.234399,-0.329122,1.9e-05,-1.08041,0.335611,0.572118,0.480507,-0.069037,-1.029876,-1.516627,0.867986,-0.524202,-0.021976,0.201018,-0.255649,-0.722221,-1.045386,0.257003,-0.345141,-0.068876,-0.268499,1.465235,-0.529364,1.097937,0.293782,0.382356,-0.057246,-1.050609,-1.389974,-1.784449,-0.526257,-1.112602,0.167032,-1.02721,0.923004,-0.928342,-0.165529,0.498107,-1.468213,0.42308,0.725047,1.227913,1.451447,0.470009,1.218578,-1.42312,-0.936604,-1.202104,-1.316778,0.663774,0.108499,-0.227642,0.187324,-0.956465,0.055698,0.283765,0.367365,-1.805125,-0.128576,0.186705,-1.425935,-0.282916,-0.451156,-1.147461,0.422559,0.146126,-0.985987,0.668923,0.551636,1.019675,0.239243,0.736332,0.460436,-0.40685,-0.13581,-0.501419,-0.048448,0.167714,0.773298,-0.516265,0.674715,-1.396137,-1.930859,-0.71356,-1.182489,-0.519838,-0.486212,0.795357,1.535952,-0.76783,-0.949055,-1.202077,-0.176093,0.606796,0.993062,-0.549297,1.037436,1.063996,-2.151505,-0.207882,0.97863,-0.27625,-0.116803,0.713796,1.166559,0.380612,0.694552,0.259494,1.062528,-1.674995,-0.197351,1.736769,2.36906,1.00896,1.971997,0.567779,-1.353025,-1.106431,-0.36993,-0.513147,1.207788,1.936007,0.258946,0.568021,-0.057636,0.762785,0.848906,0.037277,1.651741,0.417527,0.21187,0.670971,-0.506993,0.840543,0.136003,-1.312335,-2.439588,0.0091,-0.934451,1.383984,2.216299,1.059849,2.319998,-0.537251,-1.105261,1.49146,1.644564,0.438967,-0.381453,0.794488,-0.063535,0.166309,-2.093162,-0.01858,0.805283,1.240895,0.746632,1.024777,1.339282,-0.008272,0.765411,1.203674,0.567301,0.049921,0.883362,0.13988,2.10735,-0.144942,-0.43527,0.131593,1.993278,-0.163739,-0.182762,0.846575,-0.659108,-0.717819,-0.528405,0.287472,-0.648598,-1.15827,0.397964,-2.071705,0.561756,0.270593,0.626526,-1.826172,0.604131,1.482374,-1.736686,-1.136241,-1.096519,1.378643,0.699694,-0.845592,0.09808,-1.158473,-1.05158,0.870969,-1.853254,1.036028,1.313142,-1.06894
ECA1202,-1.10398,-0.003778,-0.171833,0.425186,1.637123,0.704394,0.637517,-0.558481,0.97792,1.699016,-0.535187,-0.063077,1.054362,-0.613571,-0.444087,0.506549,0.988252,2.267738,-0.095555,0.367735,-1.744078,-0.269127,-2.29569,0.358065,0.297857,0.686143,-1.802539,-0.116641,1.007937,-0.498836,0.042075,-0.05806,-0.671934,-0.869137,0.573774,-0.907862,0.999023,1.228336,1.243944,0.88289,1.114762,0.359894,0.729567,0.390221,0.275547,-0.195414,-0.228328,-0.049302,0.595112,1.092803,1.567727,1.721383,2.177295,0.610057,0.211467,-0.00143,-1.292984,-1.569913,-1.988627,-1.142752,0.590238,-1.324501,-1.257953,-0.17943,1.825659,0.260366,-0.391276,0.069659,-0.586844,-0.837999,-0.738366,-0.728149,0.714069,1.052456,0.029837,2.97709,1.743059,0.781474,1.253296,1.312143,-0.339336,-0.084859,-0.014534,0.180446,-0.489643,0.647833,0.35699,-1.120535,-0.779114,0.615612,-0.078198,0.526947,-1.292985,-0.929789,-0.692795,-2.036412,-0.132755,-0.058033,-0.343814,1.431453,-0.464886,-0.613818,-2.357276,0.218424,-1.088649,-1.168947,-0.882788,1.679756,-1.941821,-0.43736,-0.149471,-1.413894,-0.267548,-1.987534,-0.982545,0.383108,-1.917245,0.288647,-0.811596,-0.036448,-1.459737,-0.905621,-1.568503,-0.297761,-1.198772,-0.903977,1.358063,-0.712779,-0.289511,1.100525,0.780721,0.456856,1.119936,0.188245,0.287562,0.948089,1.216537,-0.368931,-0.840046,-0.455266,0.682095,0.947929,-1.431247,0.843501,-1.372804,-0.564738,0.396962,0.478304,-0.855048,0.412752,-0.404599,-0.035948,0.260426,0.348229,0.645294,-0.709631,-2.021312,-0.30523,0.124031,-0.368488,0.142092,0.896401,-1.356327,1.041401,-0.072488,0.876683,0.40738,-0.737407,-0.724492,-1.989561,0.382866,-0.795201,-0.446675,-1.315745,-0.133624,-0.909165,0.106882,-1.889658,-0.056349,0.729424,-0.855677,-0.434407,0.323766,-0.581957,-0.682541,1.157107,-1.024541,0.830135,-0.32108,0.393758,0.89197,-0.864444,0.784272,0.933857,2.125037,-0.248426,0.561115,-0.554223,-1.000189,0.065998,0.992483,-1.573937,-0.974811,-0.193957,1.663904,1.197522,0.344028,-0.995308,0.688092,0.919675,0.179816,0.2137,-2.292173,0.341954,-0.333468,-0.348371,-1.403227,-0.106592,-1.252656,-0.280525,-2.401849,-1.310952,-1.724389,-1.061668,-0.919051,-1.077805,-1.018056,0.075206,1.136717,-0.638833,-1.240119,-0.150506,0.340654,-0.766017,0.074473,-0.054493,0.506303,-1.0668,-2.531867,-0.971626,0.240484,-0.319307,-1.290402,1.667855,-1.77813,0.292737,1.156752,1.3101,0.39462,0.16733,1.53133,1.608326,-0.638818,-0.242382,-1.03672,-0.607979,-1.156348,0.542062,-0.961517,0.115535,-0.710619,-0.120747,0.192589,-0.634513,1.398363,0.045749,-0.669326,0.181575,-1.359207,-0.882044,2.208664,0.172095,-1.239941,0.131925,0.049983,1.057109,1.115467,0.116698,0.53379,-1.241762,-0.492546,-0.328237,1.084529,-1.043507,-1.151115,-1.592177,-0.808233,0.322683,0.274035,0.088387,-0.83323,1.376834,0.64097,0.197237,-0.482498,0.914203,2.963347,0.40822,-0.772126,0.620623,-0.332433,0.806477,-0.993173,-0.717439,0.77424,0.447462,1.379969,1.221547,0.800782,0.99863,0.062187,1.109796,-0.351492,0.268994,1.638833,-0.090592,-2.039283,0.371083,-1.360072,-0.254268,-0.41342,-0.059376,0.225654,-1.223654,1.498403,-0.28799,0.610865,0.377644,0.036419,-0.147409,-0.236956,-1.024248,-0.409258,2.162684,0.163437,-0.208315,0.56088,-0.205327,0.245819
ECA1206,0.183731,0.771626,0.084958,2.553205,0.239118,-0.40549,1.501901,0.729112,-0.486728,0.043462,-0.826802,0.750434,2.45096,-0.508817,0.632396,0.652408,2.029512,0.297634,0.871928,1.23557,0.704949,-0.959393,0.46286,0.045034,1.859776,1.135911,-0.334854,-1.540264,2.08754,0.552637,-0.412304,0.111472,0.440821,-0.878653,0.280237,-1.542806,-0.068512,1.685947,0.79284,2.58149,0.564749,1.185983,0.025457,1.037409,1.308426,0.308358,-1.521187,0.211784,0.406578,0.806292,0.011787,-0.651412,-0.71947,-0.38951,0.64816,0.334218,1.346657,1.329998,-1.310869,-0.064123,-0.630658,0.041929,0.562594,-0.779021,-0.296421,1.236371,-0.590926,-1.411368,0.876604,-0.791343,-0.184869,-1.124832,0.334327,0.873269,-0.177778,-1.395447,-0.972321,-1.084685,0.715262,0.673747,-1.063925,-1.852385,-0.920343,-0.597573,-1.359077,-0.7233,-0.517749,-0.103322,0.182173,-0.595932,-0.963611,-0.389018,1.184501,-0.496172,0.737452,-0.115745,-0.943788,-0.184719,0.150345,-0.109677,-0.803176,0.13687,-0.408724,0.239723,0.149468,1.096936,-1.100582,-1.288073,0.823975,-1.449793,0.569104,1.147363,-0.337337,2.537641,0.714862,1.375837,2.523545,0.924769,-0.001892,2.034801,-0.00315,0.676739,-0.944297,-1.984189,-0.77865,-0.115781,-0.583421,-0.560962,0.095407,1.721391,0.93463,-1.307887,0.577719,-0.713942,-1.032651,0.614547,-0.917257,-0.555926,1.460461,0.584375,0.479633,0.97036,0.612498,0.75862,0.575445,-0.677857,0.397855,0.187976,-0.246391,1.159174,-0.939576,-0.523332,1.53036,-0.467525,0.319684,-0.990719,0.873078,0.354428,1.213264,1.375992,0.382691,1.794445,-0.257868,0.196969,-1.431036,1.603402,0.520391,-0.652217,-0.711153,-1.214332,1.252758,0.370487,-0.998496,0.686008,3.138345,0.229578,-0.818576,0.073566,0.589691,0.563226,-2.347936,-0.206288,0.108654,-1.151141,1.142253,-0.227357,0.067001,-1.029476,-0.607058,-0.778869,-0.984306,-0.714513,0.336094,-1.365266,-1.136942,-0.104913,-0.798136,-0.644721,1.479721,0.283368,0.878219,0.35488,1.557284,-0.084051,-0.567939,0.893352,0.286068,-0.706196,-0.167775,-0.187547,-0.077327,-0.035575,0.429001,-0.979233,-1.676241,-0.100354,0.065025,-1.340404,-0.923499,-3.0287,-0.154408,-0.580959,-1.212474,0.448396,-1.426875,-0.60775,0.490415,-0.77696,1.039044,-0.420307,-1.518031,-0.432345,-0.827407,-1.648751,-0.659435,-2.287314,-0.354624,-2.295066,-1.25637,-0.122061,-0.953605,0.50423,-1.361604,-0.550691,-1.268035,0.341879,-0.55372,0.423771,1.066687,-0.354668,-0.498383,-0.889198,-0.378011,-0.635961,1.253512,0.664254,0.32915,0.086341,0.5668,2.271236,1.470072,1.192676,-0.196812,-0.977834,0.379659,-0.05832,-0.056356,-0.327672,-0.359686,1.74894,0.521527,0.061748,-0.386962,-0.098641,-0.093068,-1.370894,-0.219933,-0.374824,-0.31259,-1.829573,0.587304,-2.605411,-1.102903,0.696073,1.00138,0.069211,0.542149,0.267956,-0.339847,1.744051,0.560594,-0.056622,-0.143328,-1.034612,0.907066,-0.804517,-0.331757,0.263734,-1.529746,-0.446289,-1.394282,-0.214949,0.387603,0.31772,0.519725,0.793301,-0.254056,0.103014,0.404502,0.680544,-0.16827,-0.449145,-0.904888,0.402626,1.730997,-0.706806,1.404979,0.257607,-0.228372,-0.092355,-0.289567,-1.205614,-0.810892,0.413024,-0.04074,1.820677,0.099006,-1.232252,1.124058,-2.544801,0.251041,-0.255672,-0.186734,0.459108,2.268379,0.455468,-0.913798,-0.969626,0.42506
ECA1208,-0.764888,0.285601,0.531722,0.661478,1.189138,-0.377396,0.345835,1.983934,0.791644,-1.534861,-0.089942,-0.71834,0.896314,0.645049,1.27187,0.626006,-0.88796,-0.827207,-0.123675,-0.395847,1.809779,0.264768,-0.797953,0.12802,-0.589684,-0.661204,0.047248,-0.982666,-1.605801,0.811699,0.466104,-0.264965,-0.529313,-0.953729,0.074005,-1.944897,0.580441,1.890694,0.017462,1.711294,-1.461375,0.859224,0.493408,1.521953,1.488079,0.811219,0.828666,0.850002,1.065882,0.408381,-1.614201,-0.51835,0.64009,1.644512,-0.970323,-0.48613,0.089862,0.487653,0.991208,0.057508,-0.125548,0.248289,-0.086504,-0.320898,-0.586282,1.288269,-0.526181,-0.165414,0.113934,0.370753,-1.032879,-1.194775,0.095079,0.123304,0.203196,0.126587,-0.024487,0.016613,0.197753,-0.447286,-1.14533,1.547241,-0.517988,-1.206516,0.415637,-0.638205,0.358908,-2.310959,0.013367,0.225622,1.603236,0.764999,-1.081512,1.277451,0.21191,0.109935,1.733004,-0.488617,1.060082,0.641864,0.973355,-0.341374,0.384282,-0.110523,-0.622706,-1.200498,-1.502111,1.262398,0.068419,0.49489,-1.955078,-0.110032,-0.041325,0.257337,-0.342417,0.69232,0.048731,-0.948081,-0.44845,0.833806,-2.063521,-0.561029,-0.288718,1.410747,-0.217487,-0.923646,0.318254,-0.95228,-0.980684,-0.955808,0.296752,0.374944,-0.514953,-3.095019,-0.250783,0.348058,-0.537561,0.479115,-1.632375,-0.707754,0.989549,-0.934998,-0.235436,0.165034,0.68125,-0.127142,-1.597426,-1.075578,-1.986063,0.257292,1.347849,-0.50922,-1.094234,-0.290741,-0.59976,-0.186377,0.492741,1.08478,-0.365855,0.635181,0.911846,0.738556,1.706133,-0.49751,-0.571276,-0.425832,-0.259824,0.091305,-1.656204,-1.768241,0.123453,1.368047,0.065692,2.758418,0.016565,-0.09221,0.941119,1.17941,1.006547,0.461539,1.910994,1.766954,-0.484641,-1.312175,-0.58951,0.429593,0.163403,0.032295,-0.141612,-0.771642,-0.132712,0.990836,0.092893,-2.141886,-1.227882,-0.175248,-0.400183,-1.293187,1.225089,-1.800334,1.123823,0.054174,1.091713,2.367499,0.602785,0.215663,-0.264287,-0.030959,-0.436106,0.602499,-0.861975,-1.885232,-0.255552,-0.036123,-0.395137,-0.290809,-1.067529,0.181081,1.183843,-1.388001,0.848583,0.543972,0.688082,0.258706,-0.476125,0.911391,0.443841,-1.370711,-0.963915,-0.611239,-1.573859,-0.433595,-0.486885,-0.593727,0.078677,0.435477,-1.836944,-0.908996,-2.036743,0.708015,-1.374168,0.206187,0.239293,0.790342,0.671048,0.293292,1.297201,0.185467,-1.345973,-0.003678,0.19067,-0.468252,0.121699,0.999992,-0.345501,2.114125,-1.762757,-0.221768,-0.144658,1.603015,0.111181,0.748892,0.34444,0.513128,-0.446968,1.771934,0.297938,0.559912,1.071551,1.124254,0.386372,0.485572,0.803014,-1.408105,0.320916,-0.465233,-1.954437,-0.697402,-0.899556,-0.57484,0.163858,0.171693,-1.816149,-1.746753,-1.02974,0.07562,-0.477594,-0.805068,-1.360136,1.72996,-0.144212,1.068801,1.369917,0.516597,1.669477,-0.42036,0.432447,-1.408286,-1.857082,0.18604,0.498374,-0.055782,-0.039011,0.32256,-0.494146,0.762433,-1.295481,-1.069885,0.654452,-0.128144,0.622095,0.701691,1.159114,0.844238,-0.030066,1.741444,-1.057427,-1.253819,1.155053,-1.474128,-0.343817,-0.164286,-0.230747,-2.182689,-0.425106,0.053318,-0.783816,0.995437,1.693468,-0.031847,-0.452205,-1.453374,-0.136719,0.386695,-0.175448,-0.182691,-1.204833,1.740309,0.689678
ECA1212,0.118279,0.43501,0.991331,0.230903,-0.312822,-0.508558,-0.604422,0.910676,-0.640482,-0.195697,-1.071857,-1.351873,-0.837961,-0.336283,-0.594948,2.671275,1.633714,-0.987036,-0.972896,0.975755,-0.750395,0.66404,0.543087,-0.073632,-0.473739,0.001695,-0.636327,0.869709,0.259773,-0.248287,-0.068674,1.27549,-0.759624,0.562568,-0.199877,0.449848,-0.292361,0.165546,0.744593,0.591848,-0.986993,0.471699,1.031522,-0.783647,-0.960112,-0.004026,2.710859,-1.762095,1.002724,0.894475,1.673331,-0.588872,-0.276549,0.64189,1.423976,1.282651,-1.0672,2.129036,0.126609,0.343846,-0.847363,-0.782381,0.0807,0.938556,0.418757,0.960726,-1.753349,-0.46792,-0.598597,-0.378071,0.361282,0.245315,-0.075087,-1.309842,-0.903843,-0.270973,-0.7916,0.81362,-0.123788,1.089896,0.364366,-1.268378,0.62051,0.031572,-0.584782,1.241554,0.160649,-0.404833,0.434181,-0.649042,-0.65235,0.172727,-1.482703,1.162557,0.179011,-1.051924,-0.133295,-1.609328,0.50255,-0.049156,1.097014,0.526514,0.262799,-1.512295,0.983881,0.277213,-0.409811,0.641587,-0.260806,0.519884,-0.848261,-1.308652,-1.03223,-0.762084,-0.00767,-0.52338,-0.894548,0.002361,-0.375445,0.315974,-0.907285,-0.407843,0.085474,-0.198434,-1.047352,-0.318413,0.57833,0.580119,0.117067,-0.663743,-0.502444,-1.273632,-0.186934,-0.555959,-0.511556,-0.455472,-1.829704,-1.405644,-0.483232,0.306206,-0.535368,-0.781964,0.138032,-1.182795,-0.630232,-0.784315,-1.277838,-1.165462,-0.694635,-0.058842,-1.365433,0.103521,0.241626,-0.971518,0.573487,1.731392,0.257182,-0.278732,-0.252714,-2.898759,-1.480096,-2.707109,-0.239713,-0.540571,0.611724,-0.884758,-0.509415,-0.24535,1.755779,-0.182241,0.891201,-0.207758,2.360682,0.829012,-0.190331,-1.509172,1.04773,0.144264,0.413788,-1.056954,-0.365588,-1.079015,-0.060713,-0.634541,-0.951906,-0.188127,1.084956,-0.965937,-1.915627,-0.562496,1.760376,0.361497,-0.152558,0.978899,0.741432,-0.463319,-0.590902,0.894159,1.904889,-1.224002,-0.001327,0.223148,0.349988,-0.913921,0.897359,0.740195,-0.633935,0.780479,1.328536,-0.743855,2.436598,0.400802,-0.531082,-0.368367,-0.02024,-0.102753,0.730618,-0.093422,0.054383,0.526345,-1.524531,1.47996,0.273039,0.798426,1.138205,-0.251407,-0.009168,0.229016,-1.206924,-0.579969,0.459201,-0.285051,0.334497,-0.363051,0.0033,0.452276,0.81552,1.194937,1.997593,1.449639,-1.491834,0.97939,-0.176174,0.297092,-0.654422,0.640817,0.115865,-1.998122,0.201716,-0.916761,-0.590985,1.141028,-1.387688,1.85166,1.673729,0.068773,0.004662,-0.288225,-0.487751,1.016666,-0.598775,-1.550795,0.331283,0.381106,1.588656,-1.315683,0.799998,0.924185,1.209732,-0.336538,-0.713064,0.662123,-0.374429,-0.25821,-1.43886,0.727497,-0.964449,-1.090759,-1.641894,-1.446313,1.419755,0.591292,2.126492,0.077917,-0.218147,0.731717,0.582462,0.636517,0.868034,1.252712,0.820166,0.311914,0.022849,-0.342069,0.392193,0.868439,-0.873852,0.743923,0.129042,0.658463,-0.039741,0.774605,0.059631,0.763725,-0.090678,-1.663084,0.084386,0.091164,-1.024102,2.265852,-0.300037,2.238231,1.032582,1.181986,0.560571,0.967252,-0.754745,0.171861,-0.097146,-0.126144,-0.412563,0.183756,-0.320601,-0.888828,0.390402,0.212012,-0.88506,1.094624,-1.245019,-0.846843,2.333697,-1.019355,0.095282,-0.723404,-1.228385,0.349839,-0.190348,-1.177086,-0.493086
ECA1223,1.279394,-1.058328,-1.806399,-0.682938,-0.400865,0.364196,-0.406873,0.587832,-0.978775,0.283489,-0.516844,0.70924,1.571829,1.421949,1.635831,0.596431,1.545225,-0.435236,-0.563717,0.59753,-0.452952,1.756278,-0.032568,-0.859887,-0.87959,-0.003334,0.362467,-0.527413,-1.498576,-0.718551,-2.135396,1.666387,-0.145039,0.649608,-0.370117,-1.094052,2.072818,0.364323,0.329919,0.976144,2.906315,1.173744,0.736772,1.238813,1.706879,0.352613,1.049445,1.071241,-2.202883,1.020088,-1.255688,0.923354,0.654462,0.940143,0.37504,1.378663,0.950609,1.54634,0.654527,0.330442,-0.192237,0.465375,0.369232,-0.914508,-1.072318,-1.561467,-0.681873,-0.569036,0.82005,-0.166429,-0.570198,-0.018036,0.202339,-0.367939,-0.426537,0.363414,-0.532617,-0.3045,-0.272925,-0.106136,0.059248,-0.814831,2.339991,-0.040274,-0.35209,-0.460157,0.50723,0.241691,-0.685643,-0.214245,0.54684,-1.103676,0.703281,-0.721806,-0.496375,0.015318,-1.449387,0.502519,-0.824493,0.519261,-0.882317,1.167623,0.891608,-1.04239,0.672458,-0.198102,-2.80419,-0.870793,-0.131996,-1.399639,0.271421,-0.597886,-0.141551,1.645503,-1.250218,1.581875,1.158852,-0.592389,-0.226072,-2.05095,-0.557541,-0.466045,-1.30692,-0.840399,-0.260392,-0.182826,1.078411,-0.355691,-0.340309,0.170218,0.056121,0.873803,0.178672,0.12076,0.295335,0.962947,-0.366497,-2.02259,-0.288419,0.854573,-0.066928,-0.325026,-0.130669,-0.32475,-0.014339,-0.223983,-0.12225,1.522867,-0.460698,-0.977714,-1.064391,-1.285476,-0.173629,-1.545907,-0.462338,0.460572,0.107818,-0.973932,1.074043,-0.373614,-0.092799,-1.688056,-0.23021,-0.011193,0.054952,0.193396,0.616842,0.345319,-0.524075,0.34664,-0.457188,1.339975,-0.340415,0.434229,0.082564,1.233076,-0.427937,0.530626,-0.20817,0.523886,0.775135,-0.330986,-0.206154,-0.820073,0.636512,0.015567,-0.289586,0.744645,0.522972,0.761845,2.704868,1.43975,0.110236,2.156952,1.521733,0.476735,0.421008,1.209479,-0.037186,0.458242,1.635398,-0.437726,0.359275,1.213998,0.160957,0.101326,0.262383,0.4889,-0.374595,0.712657,0.196105,1.007098,-0.983015,0.485939,-0.191434,-0.489183,0.707998,1.365951,0.463933,-0.724121,0.409644,1.921505,1.64773,0.336025,-0.124714,1.848972,-0.563436,0.424129,-1.748461,0.219381,0.958825,-0.179601,-0.852825,-0.019293,-0.601878,0.468428,-1.685984,-1.034056,-1.608978,0.18744,-0.71046,0.282678,0.206163,0.787963,-1.044618,1.015612,-0.814208,-0.678664,0.570494,-2.186479,-1.414842,-0.292765,0.210297,2.264247,1.325497,-1.379875,0.232487,1.267419,1.615121,-1.299285,1.680033,-1.631777,-2.838361,-0.315257,0.671429,-1.231268,-1.36131,-0.527951,-1.242805,-1.706499,0.801003,-0.315808,2.468394,0.428199,-1.252839,0.443363,1.105893,0.809063,0.413513,-0.977168,0.040747,0.175997,-0.034029,0.364523,-0.685225,-0.342832,-1.132858,-0.89498,-0.396762,0.961918,-1.282536,1.05836,0.268226,-0.218441,-0.797568,-1.83587,-1.420309,0.177564,-0.985042,0.462212,0.406114,-0.076545,0.127047,0.625885,-0.921785,-0.567079,1.183404,-0.352927,0.826663,1.09942,-0.094149,-0.18018,0.161362,-0.232525,-1.447969,0.514203,1.056044,-0.079313,-0.342551,0.550719,1.701127,-0.969892,0.389679,-0.335564,1.413634,-1.7768,0.452993,1.466182,0.578405,-1.799929,1.206251,-1.488124,0.765819,0.299418,0.163582,-0.702893,1.010072,1.403518,-0.447837
ECA1225,1.644325,-0.223013,0.910442,0.369816,-0.594999,-0.75968,-0.44676,0.256307,0.324292,1.327331,1.719694,0.356574,-0.569558,2.326242,0.761019,0.601123,0.721356,0.543631,0.42288,-1.52627,1.033421,-0.940083,0.648063,0.221575,-1.429708,-0.031048,0.260489,-0.053616,-0.526729,-1.184346,0.026489,-0.096458,-0.661004,-1.112552,-1.382375,-0.024229,-0.847735,1.714358,1.192405,-0.292321,0.784645,0.018877,1.407527,1.211218,0.632073,0.798772,0.004288,-0.456975,1.478574,1.539853,0.940012,1.037342,-0.815953,-1.002364,1.375212,0.203009,0.855349,0.102261,0.369777,-0.884707,-1.039062,0.202478,0.116838,-0.966961,-0.73443,0.42036,-0.221572,-1.876614,0.364986,0.577521,-0.200911,-0.621537,-2.528454,-0.183205,0.668014,-1.442762,-1.937609,-0.659489,-1.100362,-1.680473,-1.210983,0.113847,0.815574,-1.450268,-0.713184,0.51491,-0.927085,-0.538909,-0.951914,-0.736013,0.80182,0.030038,1.478566,-0.470889,1.231732,0.579225,-1.420271,0.853044,-1.308693,0.682127,1.029548,-0.134246,-1.78941,0.31426,-1.112363,0.166848,-1.04699,-0.262972,1.439587,0.154817,-0.805589,-0.404565,-1.728854,0.846865,-0.37961,0.884899,-0.174135,-1.518235,-0.376953,-0.570667,1.596745,-1.109925,0.184396,-2.051577,1.522998,-0.887203,0.383853,0.588338,-0.019437,1.601767,-2.162741,-0.916041,-0.39857,-1.771291,0.0421,-0.69929,2.141266,0.334061,-0.159666,-0.796033,1.743907,-0.752832,0.029866,-1.226078,0.202269,-0.129751,0.239051,1.393127,-0.709925,-0.112956,-0.936731,-0.077884,1.277383,-1.172692,-1.127948,-1.516135,-1.928087,-1.199256,-0.408224,-0.375082,-0.495711,-0.738819,0.238554,-1.135656,-0.851824,-0.316582,0.206562,-0.158709,0.222487,0.404197,0.188608,0.931742,-0.124252,0.993906,-0.842762,1.309921,-0.283053,-1.021498,0.743588,-0.109493,-1.99263,-1.731129,-0.835597,0.817686,-0.679079,1.641213,1.224497,1.395238,-1.191607,0.720906,0.425331,-0.940142,-1.832372,0.158986,-0.421271,-0.147475,-0.726992,-1.874348,0.307849,0.006983,-0.039424,1.929836,0.0656,0.607065,0.380284,0.562524,0.761778,0.297297,-2.089097,0.197554,-1.484295,-1.791224,-0.523028,0.008328,1.130459,-1.14863,-0.213992,-0.327018,-1.8653,0.527167,1.240572,-0.727281,-0.08465,-1.152178,0.691222,1.259806,1.284056,1.018062,-0.927617,1.931872,0.144621,1.84668,-0.536194,-1.243868,1.04293,-0.914237,1.625292,-0.110203,-1.043825,1.357986,-0.461166,-0.050407,-0.736135,-0.619218,-0.745725,-2.215197,-0.315639,0.258328,-0.242682,-0.125659,-0.769847,-0.534184,-1.01693,0.879819,-1.119433,-0.161443,1.217805,0.840923,1.890191,0.694017,-0.695943,-0.816955,-1.062687,2.505814,0.682128,-0.246051,0.013681,0.253282,0.372252,1.47934,0.394927,-0.08987,-1.461584,2.205276,1.062863,-0.379407,0.153625,-0.096376,-0.392952,-1.52293,0.722757,-0.9768,-0.572062,0.508946,-1.188138,0.347267,-0.122594,-1.610115,0.772952,2.441973,-1.980209,-0.387128,-1.006107,0.941275,-0.491268,-2.595926,-0.839531,0.333781,-0.00515,-0.932977,1.543378,0.348939,-0.325647,-0.050655,0.258886,-0.552977,0.851179,0.131645,1.992774,0.720242,-0.315154,-0.744878,1.217209,1.623209,1.641194,-0.114042,-0.411362,0.693937,-0.478087,0.054741,-0.744873,-0.74491,-0.888686,-0.193396,0.927211,-1.027446,-0.022681,-1.559668,-1.174005,-1.645925,0.148903,-1.355174,0.540858,2.977856,0.166711,-1.088033,-0.772768,1.484948,-0.520584
ECA1229,0.015315,0.091283,-0.566178,1.452062,0.432166,-0.770126,0.574562,0.654688,0.780494,0.907719,0.13291,-0.922017,-0.091654,-0.329653,0.541609,1.447318,0.125267,0.188768,-0.90192,-0.938981,-0.429629,-0.807904,-1.100213,-0.053437,-0.873361,-0.06283,-0.979869,-1.546155,0.664111,0.309177,-0.440025,-0.860605,-0.901376,-0.316287,-0.404678,-0.291966,0.457275,0.345923,1.619858,-0.176855,-0.404486,-0.264599,-0.409957,-0.595772,0.232634,1.061135,0.803136,0.119027,1.236106,1.691253,0.712869,0.472577,2.08291,1.400007,-0.94038,-1.568317,-0.004297,-0.02758,-0.83544,0.367034,1.756333,0.340366,-0.894139,-0.017835,0.707512,1.41807,-0.676584,-0.770423,0.041259,-1.71986,0.106957,-1.344301,-0.28661,0.07082,0.205943,-0.206832,-1.227133,0.204717,-0.783541,-1.477615,0.851612,-0.567425,-0.288358,2.731715,-1.367333,0.305993,0.024277,-0.476738,-2.035978,-0.814719,-1.65513,0.313802,-0.975647,-0.231679,-0.399981,-0.170574,0.26082,-0.248977,-1.582763,0.664561,0.590908,-0.591293,-1.834225,0.741474,-0.372987,0.700598,0.249766,0.38078,0.332032,1.962753,0.612069,-0.044943,-1.156155,-1.453404,0.295561,-1.299921,-0.660117,1.072217,-0.185893,1.347659,-2.042486,0.728788,-0.55178,-2.475007,-0.654116,-0.443953,-0.255374,1.057036,-1.463278,-0.012409,0.975431,0.434528,-0.127067,-0.292963,-1.013367,1.239071,-0.767806,1.177288,0.110293,0.521382,-0.057102,0.377676,1.037063,0.537999,0.998975,-0.3943,-0.330042,-0.572144,-0.26817,0.870309,1.35098,-0.061038,-1.303198,1.763006,2.387231,0.781402,0.111439,-0.096001,0.539188,0.917849,-0.393254,-0.549784,-0.781776,0.732284,-1.732932,-1.001683,-0.330088,-0.171797,0.114251,-1.117846,-1.030838,-1.646826,0.67429,-0.061384,-0.872943,0.881133,-0.60106,-0.064014,1.083057,0.778321,0.525308,1.553727,-0.582302,0.320025,-0.738329,-0.160096,-0.565023,-0.754257,0.252725,-0.010058,-0.736321,1.201666,0.748387,0.182161,0.591219,0.107477,0.615375,0.030423,-1.093667,1.355521,1.238819,-0.765789,-0.15425,0.452059,-0.126835,0.796828,1.933901,-0.188386,0.172189,-0.070004,0.232928,-1.087175,-1.638851,1.010363,-0.384816,1.127556,-0.201836,-0.518191,-0.510399,-0.482477,-0.975898,1.094635,0.332177,-0.262719,0.806651,-1.145713,0.97931,0.145717,1.176723,1.134837,-0.58732,0.052298,1.174211,-0.15001,-0.332137,-0.507542,0.052355,-2.098055,-0.33588,0.001957,-0.495628,0.643709,-0.683109,0.373815,0.142032,-1.166725,2.528951,2.496053,0.79237,-0.3519,-0.453131,-0.29974,0.950613,1.239743,2.211622,1.292601,0.41151,-0.61763,2.052672,0.028801,0.014795,0.603036,1.084646,0.15803,-0.523668,0.337174,-0.197792,-1.105989,-0.361549,1.702237,-0.139209,-1.090109,-0.142319,-0.411595,-0.334873,0.664917,-1.745658,0.109738,0.081319,-1.833897,-0.787653,-0.683798,-1.585164,0.026922,-1.190642,-0.580342,-2.402789,0.435808,1.128642,-0.210755,0.285095,0.404321,-0.99723,-0.434539,0.133743,0.886747,-0.053581,-1.605686,1.15468,0.468548,0.090302,0.467004,0.713815,-1.304717,1.982073,-0.531334,-1.644788,-1.254623,-0.724683,0.758552,0.633087,-0.623188,0.625862,-1.358268,0.443783,-0.720278,-0.854802,1.26655,-0.970183,-0.409886,-0.151366,-1.621733,0.921851,-0.492101,-1.114839,0.139803,1.165691,-0.270802,0.194186,0.824496,-1.991214,-0.238794,0.242313,-0.667443,-0.723924,1.431619,1.324941,0.145647,0.083191
ECA1232,-1.041466,-0.289569,-1.206555,-1.136122,-1.077409,-1.749253,-0.715764,-0.186162,-0.381696,-1.009798,-0.845439,0.525512,0.250118,-0.415815,1.666584,0.045055,-0.800463,0.372605,0.601006,-0.31175,0.677266,0.092429,-1.291959,-0.470411,-0.774819,0.2174,-0.76845,1.330546,0.974006,-0.616806,-1.607825,1.066004,-0.355472,0.250443,0.514741,0.381811,1.285511,-0.366191,-1.111516,-1.233981,0.020037,-0.63318,-0.629597,0.161453,0.892674,-2.290684,-0.203265,-0.415584,-1.640192,0.325118,0.461979,-0.63932,-0.251184,0.376126,-0.077886,-0.749289,0.248611,-0.80162,0.491073,-0.96858,0.804731,-0.21882,0.478209,1.105097,-1.119468,-1.09698,0.890655,0.359029,0.858933,1.035588,0.416147,-0.197875,0.50554,-0.587903,-1.118722,1.285892,1.428577,0.790244,1.507934,2.144781,1.837542,0.652287,-0.952706,1.521097,-1.648015,-2.121125,-1.231462,0.052025,0.736981,-0.404934,0.835075,-0.219841,0.443894,-2.318325,0.832261,-1.11519,0.431954,-0.960736,-1.409135,-0.166439,1.40222,1.860714,2.264925,1.419911,2.200917,2.400535,2.13441,1.002213,-0.375146,0.130382,0.854351,-1.606017,-0.695716,0.206749,0.82154,-1.682588,-1.830772,-0.33618,-0.318325,1.094408,-1.11404,-1.68402,0.437395,1.589801,1.725413,0.472889,0.572488,0.127449,0.581859,0.91777,-0.986389,0.362688,1.899972,-1.21419,-0.328496,0.072433,1.064642,1.264324,-0.00229,2.85181,0.429997,-1.467846,-0.258958,0.282526,0.183387,-0.212338,-1.76793,-0.383185,1.839067,-1.312107,-0.782831,0.178408,1.525651,-0.174306,0.600908,-1.226002,0.856102,1.166663,-1.495385,-0.323766,-0.528629,-0.423453,-0.170378,0.284663,-0.31106,-1.883209,0.719067,-0.597025,-0.357014,-0.879467,0.888339,-1.491831,0.796087,-1.09279,1.354032,0.072508,0.837438,0.722029,1.38137,0.896766,-0.051432,1.872024,-0.468343,1.80523,0.389144,-0.571993,-0.196893,0.41273,-1.052161,-0.399997,-0.735723,1.404652,0.959224,1.208018,0.070027,1.097508,1.19408,-0.820337,-0.323248,-0.085598,0.146971,-0.730411,0.212405,0.05559,0.915304,-0.615895,-1.180611,-0.575848,0.476824,-0.641291,-0.320307,-2.12289,-0.240658,-0.880786,-0.715678,0.910429,1.349746,-0.84731,-1.406553,0.274078,0.314167,-0.461817,-0.193298,-1.312002,-1.33381,-1.140134,-0.712415,-0.01055,0.3454,1.072082,-1.795171,-1.519142,-1.641681,0.178125,-0.066858,-1.085802,1.792467,-1.763089,0.896019,0.247292,-0.113692,-1.353942,-1.824945,0.224364,-1.791025,0.896526,-1.493556,-0.397343,0.061732,0.605883,-0.447556,-0.793083,-2.901483,0.448918,-0.596895,-2.523486,-1.051789,1.025231,0.465115,-2.119167,-1.395482,0.803484,-1.538701,-0.472696,1.058985,0.308715,0.01667,1.051397,0.528255,2.05886,0.82297,-0.789903,1.042364,1.093639,1.796771,1.071606,-0.326482,-0.098489,0.003435,0.738986,-1.924863,0.231367,-0.161411,-0.253459,-0.229386,0.207326,1.043399,0.620049,0.524776,0.684897,-0.590932,0.731981,0.416436,-1.066342,0.58185,0.401145,0.712507,1.043403,0.076786,-0.011602,-0.51741,2.07344,-0.098118,1.215726,0.085513,-1.008649,-0.095524,0.342238,0.086496,0.922287,-1.275556,-0.3916,-0.802233,-2.197899,0.211197,1.067399,0.123732,0.413622,1.194643,-0.975614,-0.103257,0.616852,-0.124314,1.810521,0.231262,-0.884518,-0.595324,1.38631,-1.144175,0.602097,-1.805992,0.722122,2.705485,0.0438,-0.229313,-1.26581,0.538597,-0.240414,0.608525
ECA1240,-0.395399,1.179095,-0.570049,-0.294746,1.183563,-0.513174,0.8558,0.122252,-0.86641,-0.358486,0.382648,-0.950774,-1.202869,-0.056395,-1.951076,-1.426845,0.130747,-1.044876,0.047644,0.873633,-0.46219,0.352757,-0.622606,-0.763978,-0.735203,-0.41278,0.513108,-0.004128,-0.17625,-1.000061,0.795376,1.714573,0.999487,0.187798,-0.225681,-0.559181,0.867851,-1.37007,0.511791,-0.249319,-1.866662,0.257245,1.125276,-1.554847,-0.791232,-0.918958,-0.062957,0.266513,-0.974325,-1.019414,0.715713,-1.016368,-0.187972,-0.703859,-2.764539,1.428189,0.019499,-0.106941,-0.923967,-0.127648,-1.149031,0.321992,-0.139473,-0.163306,1.266456,-0.932068,0.541282,1.397584,1.562743,1.15071,0.563934,1.395116,0.835827,-0.717645,2.293559,-0.464171,0.162633,0.060911,1.455121,-0.423036,2.363434,-0.064984,-1.291724,-0.185732,-0.272539,-0.057844,-1.345964,-1.447863,0.422295,0.023476,2.173199,1.596642,-0.446442,-0.096586,0.007555,0.504395,-1.056243,1.803301,0.213698,0.849563,-0.393686,0.769535,1.452853,1.903423,1.389903,2.514302,2.091975,2.460873,0.504352,0.16693,0.685909,0.547176,0.850178,-0.255209,-1.184904,-1.190294,-0.093551,0.618536,1.814334,-0.223377,0.285285,-0.019581,0.878074,0.432284,1.586149,0.660152,0.467094,-0.59298,-0.97327,-0.298161,0.141348,0.57279,-1.448609,1.04801,-1.379468,1.186291,0.370894,0.963972,0.237833,1.714782,-1.15005,-0.65203,-0.95592,1.490161,1.774389,0.840269,1.560645,-1.209987,-0.669815,-1.051778,-0.6366,0.72279,0.377805,0.721528,0.037361,1.053265,0.459611,0.758494,0.26657,1.823587,2.723287,-0.185073,0.859666,0.066752,0.583638,0.699722,-0.204494,-0.794545,-1.037614,-0.510662,-0.877634,-0.507608,1.38327,-1.350109,1.842836,0.261523,1.028729,-0.428867,0.201367,1.095138,-1.24661,-1.680061,-1.121018,0.894389,-0.026954,-1.307782,-0.706107,-0.415186,-0.012745,-0.63469,1.122186,-1.410514,1.965437,-0.239364,-0.342369,1.14162,1.411378,-0.002603,0.665611,-0.004845,0.311925,0.901867,-0.070747,0.009867,-1.001194,-0.137602,-1.393886,3.016489,0.49449,-0.668955,0.205839,-1.369879,1.948604,-0.572184,0.362917,-0.677974,-0.722421,0.074677,0.241309,1.646675,-0.394117,1.12063,0.914881,2.220422,0.213738,0.844351,0.367627,-0.847978,0.975882,2.755892,1.241815,1.28237,0.794854,0.966496,1.613076,0.1587,-0.120275,0.144352,0.60396,0.505524,0.529761,0.517954,0.725876,1.993926,-0.111254,-1.736133,-0.111961,-0.036018,-1.260898,-1.539144,0.891356,-1.341631,-0.750567,-0.431932,-2.249307,-1.201902,-0.950625,-1.651828,-0.453285,-0.794346,-2.268477,-0.138998,0.321395,0.682274,-0.989888,-0.076954,-1.501342,0.355263,0.836225,-1.081195,0.231903,0.134903,0.477241,-1.216227,0.172522,1.522591,0.850004,1.274551,0.705876,-0.34634,0.93224,-0.602988,0.684441,1.035178,0.925009,-0.0445,0.407807,-0.179789,0.353359,1.389622,0.644746,-1.29627,0.982264,-0.908119,1.972186,1.203699,0.189082,-1.003807,-0.722393,0.792315,-1.802732,-0.891928,-1.115566,-0.585105,0.608054,0.409457,0.984273,1.047849,0.065481,-1.14188,-0.516695,-0.276137,0.669514,0.096206,-0.562897,-1.207683,-0.418453,-0.549177,-0.102596,0.370212,-1.330219,-1.08681,-1.211057,0.339471,-2.670875,-0.71678,1.2932,1.22009,0.096872,1.381495,0.923714,0.28589,-0.342048,-0.756518,1.087697,0.795937,2.103072,0.092967,-1.981398
ECA1242,-0.354574,-0.885553,0.233146,-1.065779,-1.475486,-1.301962,-0.886991,-1.574826,-1.272928,-0.065969,0.426081,-0.351088,-1.151518,-0.815734,-1.276345,-0.99618,-0.460219,-0.704791,0.79501,0.764414,-1.136635,-0.369495,-0.468515,0.332992,0.222945,0.559933,-1.007094,1.718446,0.178555,-0.413725,0.64458,0.624093,-0.662586,-2.048365,1.758811,0.475156,0.009442,0.655171,0.54263,-1.148475,0.298343,1.423514,-1.308301,0.453927,0.691266,-0.145242,0.776088,0.783198,0.186359,-0.648628,0.191417,-1.466294,-0.904844,-0.814591,-0.303922,-1.055653,-0.227674,0.437145,-0.976698,0.441641,0.981233,-0.009785,0.24875,0.609444,-0.954016,-0.667468,0.961602,0.032929,1.361198,-0.895051,1.064247,0.030448,0.141934,-0.270412,0.237369,-0.275919,-1.113824,0.52465,-0.328086,-0.881392,0.164335,0.692632,-1.844485,1.054985,-1.077253,0.612586,0.12465,-0.257734,-0.789131,-0.523625,-0.71304,0.788292,1.385532,1.740212,-1.192095,-0.63645,0.500689,0.399679,0.876333,-1.131506,-0.307704,0.153156,1.232399,-0.445305,-0.44245,-0.855501,-0.174688,1.347644,-1.112276,0.870921,1.108413,-1.211062,0.621612,-0.56397,-0.188769,-0.864553,-0.330982,0.605169,1.370849,-0.366144,-0.345522,1.033313,0.833683,0.512669,-1.73591,1.242281,0.523593,-0.6297,-1.628429,0.58614,-0.913817,0.03674,0.203095,-0.528137,-0.25124,-0.227457,-0.657733,0.908978,0.075497,0.819805,-0.013897,-0.343104,-0.00856,-0.862493,-0.260761,0.761973,-0.263064,-0.931544,-0.746853,-0.762705,0.077752,-0.488795,-0.544188,0.194099,0.352228,0.71048,-0.133796,0.430206,2.279936,-0.724477,0.649995,2.187969,-1.12625,1.93604,1.52197,1.02775,-0.22156,1.04109,2.020481,-0.759036,-0.118004,1.17814,1.128381,-0.839661,0.22827,-1.700383,0.034891,0.802378,0.093288,1.258609,0.748234,-0.718385,-0.464578,-0.510758,0.628395,-0.595482,-0.404903,0.8444,0.109425,1.819311,0.541189,-0.23812,1.77538,1.696944,1.095344,1.410939,1.310834,1.662197,1.511509,-0.76395,-0.783591,-0.59571,0.815785,0.093576,1.423765,0.667152,0.375295,-0.823934,1.365281,0.781611,0.889244,0.753119,2.501997,-1.51232,-1.060279,0.76961,1.735745,-1.432949,-0.375371,0.409674,1.347777,0.80922,0.502245,0.369848,1.233988,0.944166,-0.016667,0.474514,-0.485606,0.952864,1.64404,-0.935487,-0.658857,0.289266,-1.118354,-0.298815,1.230457,0.730769,0.814264,-0.693056,0.191105,1.141873,-0.139283,-1.20934,-0.070412,-0.056034,-0.327629,0.205334,0.987696,-0.410545,0.039761,0.072015,0.614304,-1.083262,-0.078365,-0.043185,0.047708,-0.168974,-0.109793,-0.101431,-0.171002,-0.57417,-0.678038,0.585169,0.486395,-0.389809,-0.653247,-1.538248,-1.247882,-1.342888,-0.510186,0.605155,1.127171,1.534056,-0.837066,0.947453,1.025482,0.983534,-0.33638,-1.108017,0.28583,0.634255,1.119016,0.308305,1.624913,1.746359,-0.937385,0.224161,-0.306792,1.061927,0.56665,-0.262029,1.052552,1.179033,-0.278223,0.985557,-0.399763,0.11666,0.278708,0.196339,-0.365881,1.245167,1.776823,0.852697,1.471336,-0.24599,-0.129654,-1.140464,-0.015203,1.009284,-1.733465,-1.388785,-0.191585,-0.165619,-0.091976,0.318371,0.677045,-1.675933,-0.40295,-0.003946,-0.371361,-0.706379,-0.165125,-0.196568,-0.005728,-0.144853,-0.439605,0.377721,-1.287763,1.194989,0.164141,1.294896,0.079688,-0.266544,-0.344494,0.576846,-0.984139,1.514384,0.722309
ECA1247,-0.114079,0.527516,-0.752415,0.31173,0.670349,-0.574225,0.472231,1.398595,0.933904,-0.179334,-0.466838,-2.100954,0.799864,-0.135886,-1.746492,-0.251057,1.321839,-0.700022,-1.401934,0.133453,1.797225,-1.013503,0.805732,-1.984562,-0.532752,0.006621,-0.42808,0.321682,-0.286971,1.203175,-0.540172,0.915827,1.274413,0.920487,1.307429,-0.222382,1.076922,0.743749,0.917015,-0.416373,-0.009097,0.413629,-0.722332,0.006743,-0.468753,1.978408,0.616858,0.488916,-0.296606,1.31778,0.310541,-0.347608,1.994218,0.989948,1.682365,0.01636,0.911601,-0.148308,-0.995137,0.009892,-0.214692,-1.049111,-0.772047,0.675933,0.127558,0.166991,-0.373632,-0.58834,-0.734118,-0.846996,-0.75566,0.179809,0.822031,-0.731515,-0.500781,1.113527,0.809616,0.809193,-1.020147,0.122943,-0.021694,-0.992203,0.487154,0.980535,-0.823228,-1.229953,0.607082,-0.55515,-1.693104,-0.428101,0.36331,-1.216377,0.205995,-1.031802,-0.629669,0.639056,0.178389,0.608278,-0.770768,-1.382553,-1.192876,-0.526162,0.014164,-0.945538,-1.55477,-0.513113,0.023079,-0.634806,0.067693,-0.435527,-0.706767,1.532961,1.180696,0.137705,0.321317,0.725291,1.739277,-0.182609,1.313102,1.039347,0.880369,0.582258,-0.428287,-1.408365,1.466976,0.728085,0.041438,1.423614,-1.804265,-1.214804,0.807636,-0.169129,-0.273574,-1.103187,0.805732,-0.846537,-0.596489,0.055676,1.444973,0.539284,0.090563,0.24874,-0.914747,-0.891461,-1.395762,-0.098107,-0.963833,-0.182293,-0.696785,-1.102281,0.175128,-0.985839,-1.811185,-0.240898,-0.996473,0.479186,0.147008,-1.687265,0.027284,-1.718421,-2.142129,0.171353,0.336583,-1.305544,0.893844,0.89469,0.784173,0.196308,0.811132,0.002362,0.827203,-0.938046,-0.011553,-0.107415,0.572551,-0.780343,0.115416,0.694971,1.245572,-0.518403,-0.251185,-0.765322,-1.298187,-0.322281,0.777245,-0.023753,-0.959118,0.27294,0.177729,1.638589,0.166698,0.103852,1.602813,2.023001,0.527611,-0.06155,0.636904,1.891294,1.538545,-0.844057,-1.300621,-0.19545,0.566709,0.318349,1.460331,1.426204,0.462184,-1.422104,1.025963,-0.91857,-1.239181,-1.156608,-1.404283,-1.070038,0.953605,0.189457,-1.62182,1.521618,0.821868,-0.963537,0.204992,-0.975794,0.207125,0.429713,-0.682778,0.970335,-0.722359,0.897204,-0.704209,0.22752,0.701406,-0.312063,0.538462,0.499131,-1.527608,0.952003,1.27566,-0.229727,0.716121,-0.531397,1.257406,-1.104651,1.485403,0.274803,-1.102351,0.949288,1.156844,0.274833,-0.898041,0.204427,0.442512,0.157731,-0.02663,-0.19317,1.044758,-0.367903,-0.639209,0.926464,-0.245985,1.119356,0.193003,0.281985,2.682155,0.909715,2.566046,0.558864,-1.830902,0.500251,0.383767,-1.233054,-0.514139,-1.423164,-0.625735,0.537803,-0.554029,-2.176077,-0.926346,0.013198,-3.007938,0.873645,-1.244968,1.298345,-1.391578,-0.33834,0.561649,-0.644776,-0.48945,-0.379995,-0.571486,-0.949657,-0.578518,-0.334229,0.628615,-2.273819,-1.332596,0.051674,-0.460096,0.201043,0.592532,-0.793159,2.243584,-1.258665,-0.23755,-0.15968,0.406946,1.59969,0.536867,1.404714,1.704612,-0.058435,0.359659,2.472423,-1.080868,1.4812,1.093151,-0.117,-0.910845,-0.355585,-0.667671,-0.19185,-0.322438,0.579794,-0.551727,0.811163,-0.78977,-1.767723,-0.418667,0.576816,-2.452746,-0.221361,0.154468,0.166249,-0.820448,0.891575,-0.452328,0.49095,-0.914314,-0.009402,-0.847419
ECA1251,-0.782847,1.347991,0.629971,1.094595,1.658627,1.156895,-0.016804,1.018377,1.238753,0.282522,1.864885,-1.249264,0.863566,-0.13185,-1.625264,0.353949,0.059901,-0.850067,1.057673,-1.410381,-1.770207,0.798548,-0.454442,1.436286,-0.10076,0.225148,0.309863,0.695408,0.165378,0.296755,0.528857,0.610767,0.128334,-1.165342,-0.087422,-0.916039,-0.86675,1.214367,-0.402894,0.252168,0.69896,0.204593,0.314376,-0.401674,0.422611,-0.688783,-1.424829,-1.128671,-1.303414,0.954458,1.345045,-0.458362,0.30504,-0.720065,0.029618,-0.055036,-0.564994,-0.249114,-1.553005,1.21426,-0.182185,-0.155226,-0.555771,1.607704,-0.151148,1.004424,-0.553166,-1.075481,-0.049425,0.896184,1.302787,1.480452,2.084279,-1.427314,-0.336675,-1.455606,2.303262,-0.367692,-0.04196,-1.632936,-0.82175,0.185924,1.061292,-0.635701,0.038124,1.030217,-0.424549,0.804454,0.025652,-1.008632,-1.196135,-2.532856,0.587854,-0.3342,0.999286,1.214821,1.232947,0.538113,-0.679257,0.13795,0.02556,-0.683785,-0.812834,0.716281,0.58252,-0.499178,-0.145534,-1.69996,-0.254273,0.108673,0.164124,-0.510778,-1.527069,0.113115,0.166886,-1.516745,0.348812,-0.0189,0.547978,-0.440709,0.456356,-0.825438,-1.858661,-0.280846,-1.828896,-1.080567,-0.654698,1.036227,0.377395,0.07275,-0.644426,0.381787,0.234141,1.318788,-1.118789,-0.755953,-1.701963,1.713855,0.414174,1.530871,0.678957,-0.580126,0.276156,-1.310715,0.720765,-0.755766,-0.918775,-0.49879,0.851136,0.586012,-0.483045,-0.429857,-1.064429,0.509232,0.197563,-0.694678,-0.087331,-1.038109,0.812806,0.353794,0.803866,-0.038541,-1.10785,-0.68032,-0.204009,-0.078952,0.260791,1.744131,0.185368,0.539824,1.408238,-0.676512,-0.71917,1.523413,-0.244387,-0.172422,0.472067,1.954184,0.111294,0.532464,0.310419,-0.468011,2.025629,-0.30505,-2.560091,-1.062477,-2.162771,0.332434,0.759939,-0.865643,0.309759,1.705954,-0.633651,0.10137,1.30053,1.253889,-0.116259,-0.423041,0.472042,1.081594,0.625373,-0.158106,-0.840947,-1.208594,-1.577503,0.23149,0.375045,0.232164,1.994013,-0.440067,-0.374208,0.482671,0.032347,-0.197533,-0.689843,-1.064047,-0.085851,1.116942,-0.497031,2.141938,0.35577,-0.233469,0.408797,0.865307,-0.032741,0.021347,0.78495,-0.909875,-1.141114,-0.24278,-1.034807,-1.298973,-0.270234,-1.536105,-0.142161,0.2733,-1.200734,0.489779,0.905508,-0.536022,1.015619,0.126156,0.688523,0.407305,0.028216,-0.670409,0.008228,0.938061,-0.56121,-1.319482,1.670218,1.018037,-0.389548,-0.386691,-0.681093,0.215645,2.025512,0.590949,-0.2478,-0.357143,-0.168429,-1.451406,0.512018,-1.766479,0.670266,0.344605,1.090688,-0.705325,-0.61146,0.680552,-1.368634,-0.91669,1.296256,-0.104765,1.003814,0.798633,0.330039,2.274989,0.036374,0.091862,1.45974,-1.268428,0.071091,-0.028026,0.415191,0.395784,0.354157,0.343392,-0.534537,0.075984,0.500508,1.084398,0.718955,-0.491975,0.540459,1.108793,-1.353457,0.728734,0.070027,-0.131686,-1.337511,0.014032,-0.371095,0.101038,1.667553,-0.636968,-0.110026,0.372405,1.807542,-1.492383,-0.221235,-0.430551,-0.220856,1.344436,-0.184741,0.47223,0.124435,1.127886,0.453863,0.704411,2.019642,1.521253,1.230562,1.483916,-0.073353,0.266537,0.338714,-0.944901,-0.780807,-0.183251,0.118806,-0.967732,-0.364077,-0.313026,-0.099976,0.651949,1.317175,1.338832,-0.111451
ECA1252,0.546866,-0.507003,-0.523493,-1.635259,0.903331,1.540665,-0.107547,0.411331,0.415203,-0.035368,0.114431,0.439855,0.755277,0.989696,0.875004,0.354076,-1.667598,-0.77413,-2.09443,-1.394885,-1.479026,-0.269857,0.605269,0.770641,0.030518,-0.943174,-0.162249,-0.420307,1.24522,-0.090209,-0.97643,-0.14065,1.402901,-0.454471,-1.730416,0.93125,-0.533677,0.253589,-0.599428,-0.558272,0.296072,-1.853214,-0.453287,-0.157768,-1.193698,0.022347,1.177773,-0.952518,1.099237,-1.259074,-0.038558,0.549972,-1.535291,-1.003329,0.984335,-0.862035,1.017722,-0.398482,-0.96139,0.368519,0.430665,-1.149355,0.364321,1.239802,0.102871,0.665615,0.037,1.220291,1.554599,1.213556,1.144092,0.713426,-0.218335,-0.071563,0.199634,-0.688111,1.310796,-0.461115,-0.555461,-1.90468,-0.085482,-1.231023,-0.060603,-2.335272,0.946653,-0.473789,2.254276,0.330093,-2.055033,-1.696663,0.197834,-0.028074,-0.912852,0.434591,-0.482428,-1.846759,-0.095256,0.350721,0.899506,-0.760258,-1.492216,-0.654638,-0.388653,-0.747926,0.722923,0.123457,-0.858814,0.871274,-0.186796,-0.955979,0.060079,0.962978,-1.205699,-1.182983,0.170342,-1.857435,-0.639319,-0.952222,-0.577349,0.050842,-1.270599,-1.228275,0.358979,0.025899,-0.525004,-2.022599,-0.285548,0.097727,0.305688,1.185168,-1.096707,-0.418698,0.936828,-0.039363,0.132763,0.437975,0.698619,-1.80036,1.384205,1.337779,0.544243,-1.735572,-0.872808,-0.483946,-1.476025,0.231793,0.101406,-0.072073,-2.324818,-0.539971,-1.606084,-1.00375,-0.3643,-1.955164,-1.072642,0.747379,0.585249,0.623225,-0.327006,-0.168444,-0.323121,0.533867,0.66719,-0.020523,-1.022947,-0.464103,-0.829423,0.358027,-0.240536,-0.168346,-0.882204,0.609062,-0.385788,0.703341,1.575356,0.013613,0.595437,-0.881318,1.174952,0.583593,-1.915329,0.734255,-1.030539,-0.070892,1.929205,0.633452,-1.171544,-0.211936,-0.084615,1.414588,-0.568598,1.382563,1.446163,0.841988,1.918634,1.459075,-0.319419,0.717593,-1.355092,-0.946775,-0.318392,0.565927,-0.059607,1.520767,0.287957,1.620921,-0.304459,-1.066183,-0.377556,1.502421,-0.131808,-0.72588,0.668852,1.28497,-0.719786,2.268397,0.068962,2.054389,1.257595,-0.470186,1.065272,0.738478,-0.371425,0.823491,-0.201266,-2.214229,-0.774495,-0.697647,-0.073767,-0.091716,0.035947,-0.454655,-1.482596,1.070163,-1.245758,0.08448,0.295877,0.028903,0.104818,1.250571,1.965928,0.750149,0.162985,-0.438163,0.127616,0.466055,1.883065,-0.873399,0.841263,1.507296,1.784225,0.041575,-0.714248,-0.073523,0.498874,1.358266,0.900083,0.065518,-0.112373,0.582376,0.848632,0.334011,-1.02826,-0.269085,-0.806887,0.643656,-1.525504,1.543726,0.432423,1.190762,1.470855,2.717458,-0.62319,0.171584,0.485063,2.687241,0.081509,0.903921,-0.4144,-0.761617,0.231233,-1.541995,0.280979,-0.321822,0.915798,0.150521,0.459803,1.241139,1.462281,0.689573,-0.337413,-0.706822,2.61754,0.754756,1.155733,0.309487,-1.315058,0.377364,0.644863,1.053813,-0.624205,-0.274142,-0.085542,0.089863,0.273859,0.402348,0.034736,1.249481,0.011814,-0.296504,0.590957,0.063102,-1.597694,-0.756459,0.770298,0.10102,0.640117,-0.200094,0.42462,-1.576938,-1.125992,0.137397,0.185817,-0.676471,0.026102,0.184128,2.475989,-1.048865,0.727938,-0.589515,0.006225,1.420153,-3.462542,-1.688404,-0.730929,-0.547544,-1.01037,-0.916091,-1.191124
ECA1260,-0.018344,0.462885,1.29628,0.385534,-0.704653,-1.054143,1.288885,1.039945,0.695164,-2.965257,0.821863,0.260757,0.704303,-0.386986,-1.75058,-0.940756,0.490906,0.946987,-0.248771,0.537701,1.80455,0.822821,0.537203,1.266978,2.739449,0.829357,1.655239,-0.638793,0.072175,-0.092133,-0.451435,1.493449,1.003053,1.882542,2.388531,2.126831,0.067769,0.177464,-0.013474,0.377801,-0.608779,-0.783859,-0.067459,-0.092424,-0.595426,0.191949,-0.019089,-0.1368,-0.111268,-0.139098,-1.888845,0.250987,-1.305153,0.050699,1.297953,-1.272232,-0.675027,2.275828,1.028664,0.029561,2.093608,3.267942,2.101254,-1.485347,-0.670599,1.832126,-0.691202,-1.264368,-0.53073,-0.315331,0.753383,-1.565565,-1.211614,0.433624,-0.378905,-0.458382,0.607529,1.125794,0.510507,0.557386,-0.487103,0.158584,-1.435033,0.214511,-1.801817,0.71915,0.187951,0.201974,-1.437492,1.150653,1.143073,0.528166,-0.710458,0.604397,0.400808,0.816379,-1.307788,0.711737,-0.331033,-0.577339,0.242942,0.976172,-1.764806,-1.02289,0.870472,-1.559108,-0.382465,-0.673635,-0.379362,0.125809,0.128702,-0.601647,-0.335231,-1.343968,-0.070647,-0.240467,-1.26601,-0.314876,0.492587,-0.287303,0.264043,-1.766029,0.553662,-0.321994,-0.370835,-0.606123,-0.882641,-0.114728,-0.393772,0.184958,1.33794,0.836427,2.197496,0.109886,2.415492,1.168484,-0.115669,-1.188467,-0.413965,0.260394,-1.074279,-0.427352,-0.785796,-0.545622,0.792762,0.821819,1.133563,0.042116,2.942744,0.816591,2.574283,2.648279,0.686878,-0.544909,-0.096368,0.026449,-0.387518,0.238729,0.150483,0.282645,2.103733,0.988074,0.545529,-2.253996,1.894326,1.046548,0.898468,0.422765,0.107811,0.176349,0.600246,0.329778,0.878668,0.048374,0.735563,0.497877,1.285008,0.291662,0.718189,-0.817025,0.636445,0.084483,-0.616039,-0.031374,0.040915,0.099262,2.104442,0.473701,1.216924,-0.486669,-0.094895,-1.099756,0.191633,-0.255523,-0.714646,-1.958219,-0.54143,-0.747084,-0.228602,-0.632462,-0.991002,-0.223019,0.049616,-1.153991,-2.157623,-2.1403,-0.273592,2.11666,0.153231,0.380912,1.823525,-0.201263,1.988919,2.412737,1.867193,1.697391,0.357189,-1.043014,-0.516702,-1.548895,-0.054166,-0.54926,0.061508,-1.311119,0.894176,-0.562494,-1.828965,-0.959283,-1.456209,0.760068,1.611353,-1.769181,-1.224247,0.253453,1.229386,0.785265,0.430995,-1.005417,-0.666167,0.26948,-0.378817,-1.227845,-0.025383,1.050434,1.228293,0.640009,1.262683,-1.043892,1.581383,1.363396,2.004668,1.539204,-0.297816,1.126488,-0.791678,0.642925,0.624479,-0.140844,-0.074815,-0.411718,0.108577,0.310958,-0.239512,0.301136,-1.130056,-0.785521,-0.152626,-2.060348,-0.32151,-0.469435,1.960933,-0.277392,0.020785,0.200384,-0.096421,-0.206628,-0.205046,1.958733,0.240756,0.241976,1.157914,1.360498,0.612316,-0.009225,1.151654,0.381288,-0.500053,-0.3689,-1.427376,-1.535555,0.30642,0.336431,0.966385,-1.289989,0.404373,-0.148254,-0.557409,0.218527,0.63316,0.831372,1.201254,-1.813837,-0.075284,-1.498808,-2.802885,-1.194925,-0.198238,1.060749,1.114395,-0.364152,-0.124466,0.19395,1.581729,1.578367,0.68695,0.147699,-0.929929,1.092926,-0.649278,-0.035893,1.120478,-1.426098,-0.362009,1.057032,1.297455,-0.621121,1.168817,0.11524,0.226415,1.904447,0.340834,-0.468176,0.138519,-0.715966,0.409918,-0.951072,-0.221828,0.680361,0.091887
ECA1261,1.736166,1.332375,-0.605717,0.330282,-0.194368,-0.592393,0.563281,0.000472,-0.390508,-0.922706,-1.059796,0.921731,-1.664928,-0.605074,0.562933,0.964022,-1.030983,2.18823,0.214606,-0.675392,0.12813,-1.413216,0.006947,0.946452,-1.104635,-0.227737,0.251528,0.314288,-0.076156,0.107716,-1.212803,-1.100064,0.124281,0.484933,1.017102,0.267616,1.219978,-1.131315,0.532253,-1.193867,1.384926,-0.326185,-1.181366,-0.058026,1.88608,1.203261,0.440149,0.606486,-1.186131,0.8046,0.039938,0.054001,1.087972,1.447632,0.936848,-1.284052,0.465946,-0.453492,-1.234005,-1.457806,-0.140869,0.087417,-1.320515,0.062068,0.718383,0.457791,1.180183,-0.255975,0.720583,0.772701,-0.759088,-0.775132,0.9685,0.565157,0.618119,0.942887,-0.983916,-0.363434,1.418332,1.19866,2.671568,-1.191294,-0.382461,-1.836455,-0.166841,0.710035,-0.592282,0.100472,0.249366,-0.760866,-0.054259,0.834612,-0.125891,1.709213,-0.314338,0.407509,-1.416723,-0.302626,0.879668,0.563314,-0.98897,-0.574581,0.771741,1.076293,-0.668426,0.503211,-0.177192,0.44449,0.983014,0.202507,-0.737669,1.030858,-0.340454,0.562795,1.620215,1.032797,0.604367,0.012106,-1.514894,0.956537,0.406696,-0.826439,0.26118,-1.316189,-0.211395,-0.157823,-0.158022,0.196627,-0.006712,-0.152596,-2.096128,-1.234576,-0.31445,-1.310629,-0.04829,-0.810343,0.146764,-0.328267,0.349376,0.198969,-0.726122,-0.446129,-0.64392,0.200304,0.259549,-0.277897,0.703684,-0.812771,-0.662656,0.036968,0.927936,1.385002,1.28518,0.643879,-2.521838,0.617247,1.050133,0.530745,-0.860645,-0.166634,-0.221768,0.743474,1.513684,0.117112,-0.75883,-0.062882,0.536841,-0.064685,-1.604482,-2.053005,-1.15919,0.267796,-0.025425,-0.0868,2.124362,0.251336,-1.429818,0.380657,0.475611,-0.357254,0.162819,-1.869137,0.849126,-0.759539,0.054954,1.07132,0.634228,-0.246375,0.425514,0.24929,1.24825,1.524893,-1.680365,0.108226,0.403122,-0.598826,-0.852279,-1.024036,-0.675047,0.047228,0.754729,0.745368,-1.641192,0.762254,0.854597,0.238414,2.068768,-0.231798,-0.33458,0.680511,-0.747559,-0.756708,-0.115645,-0.998301,-1.634887,0.338393,-0.368487,-0.790354,-0.632617,0.546082,-1.690963,0.428562,0.220371,-0.542086,2.809872,-0.404583,-0.457402,-0.098305,-0.00828,-1.092994,-1.410509,0.392631,0.632123,-0.831515,0.254553,0.735291,-0.917585,-2.158859,0.472634,-0.881117,0.373545,0.328478,-1.010619,0.13,0.591024,-0.459729,-1.131101,-0.359602,0.909901,-0.86271,-1.477994,-1.752354,0.670621,0.238342,-0.084147,-0.867796,0.889018,0.362615,0.531036,-1.757901,0.786041,-0.823174,1.082337,-1.605318,1.627832,-0.023494,1.488413,-0.382441,0.785946,1.36474,0.356352,-1.06956,0.694546,0.225218,0.268458,1.219472,0.730827,0.515139,1.794028,-0.880865,-0.158374,0.356945,-0.292054,-1.135406,-1.288598,-0.38371,-0.853694,-0.204107,-0.024324,1.414548,-1.946147,-0.005562,1.303561,1.35623,-0.66921,-0.134616,0.811143,-0.868704,-1.094172,2.160505,-1.195049,-0.194189,1.148393,0.679857,0.455741,0.5647,0.068091,1.364189,0.200163,1.073091,-0.231962,2.060671,1.585365,2.08964,-0.119553,-0.306253,-1.133599,0.735063,0.041065,0.112092,-0.235705,-1.050122,-1.012319,-0.557166,-0.524374,-0.352531,-0.457835,1.063663,-0.606624,-0.404256,0.663203,-0.289066,0.705043,0.013835,-0.37031,0.240163,-2.447418,-0.113697,0.549706
ECA1269,-0.492302,-2.03697,0.387577,1.190093,-0.693591,-0.246223,-0.256306,-0.249033,0.315139,0.707539,2.370498,-0.325192,1.456677,0.211901,-0.448527,0.710578,1.115871,0.134807,1.289646,1.874085,0.351768,-0.361291,0.941941,0.629447,1.389652,3.049684,2.219635,1.749722,0.624172,-0.194734,-0.434077,2.236213,-0.048242,2.688854,1.462598,1.10348,0.258515,-2.086452,0.168967,0.12981,1.156044,-1.114025,0.73586,0.081011,-0.442015,-0.042922,0.637819,1.394302,0.126787,1.388576,0.60725,-0.667334,-0.468363,1.101298,1.928577,0.376736,-1.606216,-1.390643,-0.589312,-0.036846,-0.041084,-1.632158,-0.995686,0.127797,0.394303,1.079973,-0.515749,-0.868828,1.50029,-1.281779,0.147172,-1.070694,-0.04206,0.518696,1.406923,-1.171717,-0.252426,-1.259979,-0.097563,-0.528161,-0.851293,-0.272,-0.950538,-1.089304,-1.58672,0.610781,-0.829216,0.138381,-0.302157,0.459149,0.200232,0.368517,-1.107179,-0.293516,-0.329746,-0.110757,-0.815933,0.337605,0.068307,0.34833,0.849588,0.119905,0.546621,0.128566,0.210677,-0.909478,-1.32762,-0.267178,-0.502245,0.709017,0.268782,1.256696,-0.014408,-1.687112,0.868047,-0.320951,1.547816,-0.089162,0.232316,-0.275463,0.639148,-1.555823,0.049027,-0.157518,-1.517564,-0.648845,-0.093641,2.225162,0.159333,0.90946,2.498547,1.127497,2.820601,1.225189,1.2693,1.819583,-0.398824,0.605446,0.013094,-0.692161,1.248092,2.454735,1.796603,0.837524,1.199759,1.747368,-0.152885,0.036446,1.386038,0.609611,3.024066,1.720724,0.300148,-0.910218,1.131535,-1.290789,0.614071,1.062505,0.311357,2.022472,1.810978,-0.223582,1.041819,2.390879,1.205874,0.458362,1.05675,1.475465,1.549023,1.308035,0.546514,-0.11318,0.383963,-0.799479,-1.432293,0.321018,-0.407501,1.204464,1.219189,0.138527,-0.972138,0.735608,0.97273,-0.925877,-0.754374,-0.612029,-0.699769,-0.957325,-0.600189,-0.383274,0.615855,-1.236152,-1.388104,-0.880275,-0.438026,0.049902,-2.291133,0.406901,-1.758646,-0.174768,-1.380444,-1.826105,-0.801179,-1.466752,-1.739211,-0.385108,-1.706551,1.528286,0.301455,0.925618,1.171314,0.399439,0.140669,0.726973,2.197019,1.663546,0.02711,0.551688,-0.495131,-0.115885,-1.665102,-1.933862,-1.449619,-0.736218,0.369884,-0.733822,0.221898,-0.262736,-0.622832,-0.86081,0.194521,-1.089764,-0.986302,0.893131,0.538195,-0.394851,0.158891,1.926799,-0.21861,0.178624,-1.624444,-0.636122,-1.277513,2.580114,0.683231,1.897507,-1.06767,0.21368,-1.356423,1.42252,-0.024924,1.856873,0.08814,-1.529736,-0.128013,2.793755,-1.489049,-1.8927,0.796469,-1.083846,-1.775966,0.396635,-0.499571,1.272462,-0.263958,0.719643,1.324204,1.068679,-0.648429,1.019206,-0.475646,-0.075583,1.665929,0.329498,0.756376,-0.257643,1.14483,-0.280274,1.661638,-1.34445,1.378572,-0.332091,-0.660488,-1.115327,1.8934,1.280515,-0.898689,0.997789,-0.34094,-1.239253,-1.726821,-2.350613,0.06018,0.431664,-1.692234,-0.906994,-1.593318,-2.28746,-1.008937,0.545761,-0.189643,-1.803623,-0.710497,-1.538462,-1.673137,-1.555599,0.265943,-0.168713,-0.461236,1.76236,-0.510033,-1.541727,-1.299446,-1.180609,-1.12928,1.468303,1.62932,1.298537,1.545733,-1.108875,-0.738927,-0.134378,1.37365,-1.26536,-0.011628,-2.352965,0.351482,0.682398,0.242654,-0.584121,0.136402,1.074657,0.513747,1.224593,0.377896,0.975916,0.818874,-0.656353,0.345497
ECA1276,1.061988,-0.947394,-0.137071,0.83568,-1.600953,-0.305439,0.023496,1.395094,0.745359,-0.15806,1.377988,0.964509,2.696177,1.184631,0.220469,2.328611,2.138308,0.111474,-1.183905,0.879807,-0.33874,1.904796,-0.394711,-0.765716,-0.67604,0.270936,-0.759546,-1.865384,-2.854394,-0.608938,0.688593,0.885484,-1.772192,0.616145,-1.100607,1.069257,0.300462,-0.676479,1.930516,1.442858,2.383165,0.932255,2.065748,2.379535,1.763054,1.700095,1.094469,1.649782,-1.134224,-0.662348,0.789098,0.31972,1.279729,1.33612,-1.259447,2.397089,-0.133901,-0.299292,1.861695,-0.116058,-0.715745,0.092969,0.064622,0.929936,0.142688,-1.498181,0.730479,-0.571751,-0.838764,0.593872,-0.005366,-0.394543,0.265014,0.740053,1.460235,-0.760329,2.040214,0.671267,-1.167006,-0.111828,-0.141996,-0.018913,2.632709,-0.608072,-0.849744,0.413119,-1.25913,-0.468094,-0.340869,-0.696239,-0.164018,0.8574,1.781545,0.432541,-0.095649,-0.433773,0.561815,-1.369934,-0.991516,-0.464117,1.274374,-0.530669,0.098024,0.251649,-0.187019,-0.55572,0.024755,-0.236155,1.967212,0.382683,0.59751,-1.227463,0.032862,0.755292,2.075352,1.06385,0.717238,0.396819,0.260801,0.542084,0.134385,-0.885696,0.603064,-0.362414,-0.830171,1.306954,0.243202,-0.275404,-0.705231,0.689306,0.230911,-1.138562,-1.16625,1.363804,-1.214565,1.122307,1.358398,0.532667,2.26485,-1.527945,-1.533895,0.203511,0.362812,0.393593,1.510731,0.324083,1.185516,-1.208567,-0.802077,-0.656082,-0.193657,-0.657919,0.412087,0.703433,-0.784128,0.455977,1.749865,-1.2547,0.160521,1.239251,0.453692,-1.392589,-0.919674,0.064379,-0.480161,-0.040873,-0.114363,-0.137418,-1.542647,0.354596,-0.646564,-1.587718,1.199428,-0.091489,0.275313,-0.338959,2.48959,0.363571,0.415735,0.49173,0.711253,0.420796,-2.365673,-0.77811,0.115422,0.485356,-1.100671,0.42123,-0.194923,-1.31042,-0.26183,1.119672,-0.153184,0.774265,0.392262,-1.686805,-0.959514,-1.340418,-1.157308,0.598776,-0.355682,1.610998,1.359805,-0.797533,0.499113,0.184073,1.140635,-0.5633,0.699742,0.319222,0.395187,1.068322,0.962872,-0.542307,0.604087,-0.737034,0.400333,0.339444,-0.875811,-0.442418,-1.355531,-0.374182,0.47864,-0.900009,0.071811,0.68513,-0.495675,0.856139,0.085691,-0.92497,0.057235,0.130139,-0.709142,-0.434192,-0.262058,0.181113,-0.835098,-0.102315,0.263077,-1.593021,-1.324061,-1.095676,-0.162571,-0.3518,1.360708,-0.151367,-0.27029,0.214384,-0.096482,0.931229,0.101318,1.780737,-0.835223,-1.590234,1.295872,0.065913,1.046976,-0.065118,0.242846,0.400724,0.696185,1.579031,-0.099091,0.274973,0.393118,-0.972337,-0.187869,0.035992,-0.572541,0.393411,1.585198,1.180781,0.665007,-0.657006,-2.212488,-0.667057,-0.022501,-0.508747,0.097896,-1.027371,0.133879,-0.270392,0.471531,-0.105304,0.428895,1.240821,-0.386239,0.410532,-0.068696,-1.125872,1.473698,-0.161786,1.955564,-0.682602,1.317367,0.469208,1.059082,0.473745,0.067202,0.089636,-1.218884,0.84516,0.840867,-1.531372,0.279701,1.492472,0.957218,-0.203623,1.434494,0.036803,2.217967,-0.181011,0.842524,0.238552,1.604373,0.099377,-0.486874,-0.26602,-0.2761,0.788638,-0.506879,-0.731419,-0.26649,-0.724134,0.736809,-0.996142,-0.244728,-1.405588,-0.370321,0.931106,1.677453,-0.16338,-0.177328,-0.785102,0.453408,-0.193229,-0.876148,1.027131,-0.302342
ECA1278,-0.444647,-1.010782,-1.651111,0.809278,-0.238259,0.688457,1.281395,-0.523418,0.968795,-0.25035,0.908249,1.785085,1.090029,0.158634,1.402594,0.353647,1.399595,1.047186,-0.456224,0.043932,-1.165549,-1.119691,-0.8802,1.528107,-0.534777,-0.570137,-0.202137,0.395022,-0.677167,0.086959,-1.298993,-0.097587,-1.487355,-0.221138,0.077762,0.800149,0.931397,0.860502,1.65077,0.579102,-0.799224,0.11007,2.035655,0.312392,1.680495,1.07937,0.281142,-0.841487,0.813428,-1.419036,-0.274652,1.223563,-0.441615,-0.26033,0.294548,-0.721209,0.435614,-0.758541,0.653609,-0.823106,-1.345389,-1.156847,-0.420625,0.721391,-0.912457,-2.079432,2.146428,0.307574,-0.78466,-0.493666,-1.690104,-0.767179,2.465686,-0.897035,-0.124064,1.561625,-0.151449,0.083429,1.075246,0.597596,-0.610826,0.722069,-0.330701,1.389603,-0.158792,-1.366576,1.885242,0.081166,0.06655,0.12575,-0.443013,0.302265,-1.720783,0.116988,0.604929,-0.159642,0.030754,0.826085,-1.127023,-0.312069,0.741557,-1.502272,1.097922,-2.472215,-1.470532,0.141107,-1.33711,-0.006494,-1.283184,-0.570763,-0.5268,1.018128,0.467238,0.543008,0.45157,-1.810249,0.937789,1.206598,0.681064,1.467606,1.069168,0.309544,1.191716,-0.469099,0.259357,0.12788,-0.280103,-0.143557,-0.330947,1.167645,0.01238,-0.518823,-0.678508,-1.050864,0.871648,-0.286707,0.844391,-1.007743,-0.045716,0.073693,-1.870865,-0.129826,0.405997,-1.861481,-1.154238,0.947687,-1.404442,-0.737943,-0.15673,-0.8406,0.588003,-0.679052,-0.843795,0.190117,0.527952,-0.153958,-0.892181,0.611927,0.503617,-0.368143,-1.391777,-0.163298,1.335848,0.735191,1.268163,0.101219,0.661004,-1.959328,0.337379,-0.301365,1.662645,0.030074,1.09838,0.284783,0.507071,0.491439,-0.371848,-0.285265,0.593781,0.971548,-0.02514,1.323733,0.66839,-0.29884,-0.059734,0.404998,0.421404,-0.333532,-0.394721,3.272846,1.0361,-0.126208,1.579861,0.92321,0.058477,0.411499,1.086663,2.512118,0.90916,-0.814574,0.333304,0.96019,-0.509954,0.670128,1.1789,2.379615,-1.275793,-0.094217,0.189394,-0.742585,-1.056639,-0.916249,-0.467671,0.166172,0.442863,-0.339645,0.047835,0.018022,2.12251,-0.260048,1.237439,0.029654,1.232411,-0.12196,-0.03752,0.466338,-0.312083,0.705823,0.158663,0.456851,-0.520907,-1.100461,-0.953668,-1.022552,-0.650812,-1.219554,-0.558,-0.213127,-0.882954,-1.340399,0.661806,-2.320387,-1.070406,-0.480967,-0.717541,-0.229505,0.396528,-1.411249,-0.097292,-0.700991,-0.598532,-0.384525,1.475529,-0.390694,-1.17701,1.12348,0.198151,0.195154,0.962362,1.120843,-0.005624,-0.292296,0.54872,1.126806,1.444955,1.637748,-0.0956,0.094388,3.124916,-0.539694,-1.307206,0.111778,-0.500361,0.839866,-0.469144,-0.524614,-2.551499,-0.50114,-0.672337,0.157896,0.769919,1.208166,0.091035,-1.869908,0.588668,-1.797131,-1.380449,-0.987767,-0.888446,-0.257232,-0.719526,-0.469158,-0.922491,-0.184239,-0.095375,-0.051236,-2.514422,0.617179,2.421659,0.794346,0.784021,0.268791,-0.717526,0.53602,0.277724,2.785968,1.705479,0.421644,-0.382,-0.011505,0.504026,1.488042,0.686376,0.976957,-0.308168,2.12321,2.003296,1.566014,0.016811,-0.085835,-0.563659,-0.932447,0.314811,-0.543303,-2.239985,2.260665,-0.678593,-0.722814,2.217774,-0.376525,-0.427449,0.016676,0.537277,-0.027531,1.556401,-0.109191,0.619721,0.119901,-0.744344
ECA1281,0.242677,0.368892,1.078148,0.106763,-0.194357,-0.719191,1.928356,1.071412,1.248008,-1.803205,-0.946364,2.172392,0.685106,1.912972,1.413714,0.06039,0.230191,0.235517,1.378849,-1.419108,0.405111,-2.29303,-0.284977,-1.084608,-0.025494,-0.734449,-0.076002,1.659747,-0.747323,0.160458,-0.178962,0.550333,-0.776976,0.152915,1.025475,0.229573,0.163839,1.444856,0.10351,-0.500988,-0.029871,1.196007,0.662585,-0.016286,0.089315,0.54365,-2.319088,1.040203,-0.086298,1.074514,0.623321,0.536415,0.426436,2.916613,-0.156354,0.965665,0.245602,0.814558,1.007214,0.303933,-0.462097,-0.12202,2.4e-05,-0.51738,0.129028,-0.39323,-1.486293,0.214029,-0.548191,0.760588,-1.416671,-0.406554,0.835893,-1.102422,-0.879322,0.538277,0.950588,0.374907,0.004481,0.173477,-1.214785,1.050626,1.371848,-1.440582,1.487187,0.4039,0.021579,-1.140887,-0.198903,-1.421316,-0.690346,0.955819,0.154806,0.27634,-0.662647,-0.47964,0.481233,0.957684,0.364676,-0.471383,0.037849,0.363993,-0.062798,0.359436,-0.619958,0.682839,-0.096087,0.043067,1.01511,-0.377697,0.500664,-1.978989,1.350517,0.186923,0.590708,0.161009,0.247463,0.706796,1.339394,0.14073,-0.695613,-0.403092,-0.256966,0.403401,-0.039757,0.875755,-0.640321,0.605752,0.666589,0.749684,1.6843,0.28643,0.192296,0.80607,-2.4882,-0.878734,-1.712559,0.620105,-1.486571,-1.165908,-1.023742,-0.136697,-0.842588,-0.269711,0.770718,1.230279,0.234191,0.570607,1.726204,1.689968,-1.091128,-0.501558,-0.454915,-1.105095,-1.775421,-2.166953,-2.2393,0.433079,-1.645537,-0.120647,-1.147102,-0.179035,-0.521055,-0.561811,-1.107585,2.46187,-1.77864,0.035337,-1.2905,-1.508464,1.673645,0.09206,0.100049,-0.935486,0.565136,0.475027,-1.095143,-0.375291,-1.15141,0.298479,0.536781,0.962735,0.993456,-1.08026,0.875209,-0.217263,-0.363164,-0.732144,0.28637,0.756476,-1.533147,-1.796739,0.041048,0.477168,0.450494,-0.291365,0.380395,0.278378,0.473508,0.885368,-0.61281,0.200151,0.001483,-0.485305,-0.311897,1.31123,1.183937,0.314439,1.379685,-1.156035,-1.424327,-0.43957,-0.602055,0.713292,0.816486,-0.610715,1.51709,-2.542495,0.665527,-1.510926,-1.044052,0.714884,0.768951,0.526951,1.417173,-0.399295,1.033411,-1.02883,-1.494147,-1.084649,-2.098254,-0.521901,0.439641,0.332292,-0.339341,0.088864,-0.371803,0.322149,1.063904,-1.052231,-2.040937,-0.408938,-0.187812,0.372137,1.73063,0.307352,-0.268356,1.688902,0.394247,0.097071,-0.739231,1.26643,0.341616,-0.031292,0.432023,0.649512,-0.230282,-0.821566,0.78208,0.62965,-0.369311,0.507028,-0.278612,0.981835,-0.329229,1.67351,0.749794,2.024122,0.948904,0.964137,-1.316143,0.971585,-0.21945,0.452132,0.505136,0.397891,-0.176215,-0.603638,-0.333068,-1.027065,1.221014,-0.785214,0.233968,-0.528987,-0.595354,-0.768592,0.234571,-1.545791,1.071887,2.602144,0.248169,-0.771929,-0.767228,1.554518,1.578474,0.038188,-1.082877,1.15092,-0.707496,1.049803,-0.827152,1.243951,-1.29271,0.977197,0.446148,1.057748,0.654516,0.353758,-1.662397,0.25523,1.526025,0.800893,0.999387,0.104015,1.919806,-0.799367,-0.009864,-0.589527,0.274629,-1.605715,0.679671,0.161064,-1.795395,-0.147899,-0.506414,-1.783754,1.303921,-0.553135,0.514471,1.005001,-1.755479,0.410639,-1.025107,-1.245405,0.61534,-0.074205,0.566133,-2.089314,-0.794507
ECA1283,1.851719,1.429359,-0.137466,0.41514,-0.415317,1.153976,0.46232,0.093253,-0.235983,0.29415,-0.108376,-1.518601,0.225358,-0.752772,-0.848642,0.369965,-0.051739,-0.554352,-1.194911,-0.137452,0.335919,0.15749,0.457989,1.738525,-0.036519,0.200927,-0.069878,0.457411,1.312894,0.44309,0.493086,1.162964,1.343118,0.150045,1.000365,-1.034692,1.384443,-0.2343,0.651599,1.226965,1.425067,1.693047,-0.777725,-0.31342,2.814664,-1.083511,0.231339,1.115654,-0.457673,1.58186,0.860402,1.014936,0.70292,0.813203,-1.602563,-1.7318,-0.037296,0.120121,0.136536,-0.694715,0.64529,-0.22686,0.546704,0.455461,0.339037,-0.702216,1.066774,0.673442,0.427121,-0.389707,-0.599738,-1.241357,-1.600245,-1.432502,-1.051113,1.321363,-1.058044,-0.511196,0.830708,-1.394309,-0.476393,0.486881,-0.819761,-0.055068,0.084257,0.786738,-0.479476,-1.556464,0.222902,0.108182,0.698403,-2.050612,-1.207675,-1.081586,0.250411,-0.655543,-0.473035,-0.878304,-1.173768,-0.651105,-1.757414,2.700103,1.420951,-0.056719,0.44038,-0.083754,0.971544,0.93035,-0.058644,-0.284131,0.10778,0.293219,0.178232,0.079177,0.055596,1.436825,0.090632,-0.279324,0.334555,-0.178316,-1.015079,0.102608,-1.066779,-0.241644,-1.48259,-0.547246,0.619291,-0.876048,-0.079462,-1.696289,0.29051,0.043976,0.602392,0.912354,0.076556,1.211766,0.431196,-1.767038,0.669391,0.852897,-1.886503,-0.979748,-2.086462,-0.880944,0.173202,0.592459,1.628527,-0.38529,0.263496,-0.864574,0.48995,0.668496,-0.078493,1.844976,-1.193916,-0.445071,-0.37947,1.02185,-1.875797,0.260667,-0.3454,-0.791961,-0.032423,0.182794,0.345742,1.342303,-0.098854,1.787539,-0.214686,-0.878981,1.039141,-0.806054,-1.314623,1.022198,-0.848758,-1.20444,0.66218,0.162934,1.121898,0.084074,0.142415,0.1475,-0.680264,-1.064796,-0.385697,1.914494,-0.372997,-0.746227,-0.077276,0.211481,1.438655,0.818245,0.825993,-0.042687,-0.123109,1.21784,2.608903,1.023133,0.272739,0.751103,1.67227,-0.332724,0.475147,1.046057,0.168727,1.192266,0.515122,-1.359554,-1.535116,-0.547714,0.11899,0.691117,-1.177831,-0.298451,0.628888,-1.37784,-1.019498,-1.03032,0.575671,-0.583357,-0.346223,-3.723328,-1.207175,-0.431907,-1.689155,1.086306,-1.811858,-1.399352,1.357105,-1.727922,-0.183713,-0.300672,0.485805,0.075576,1.486002,1.270443,-0.988113,-0.128471,-0.703392,-0.156982,-0.850282,-0.592969,0.173852,0.550611,-0.64894,-0.313142,-0.985908,-0.155244,-2.061081,-0.911298,0.027054,-0.692744,0.175198,-1.091109,0.854684,-1.439646,0.198042,-0.419814,1.526036,0.460514,1.207,-2.026965,-0.126746,-0.260817,1.277954,2.2786,-0.212224,-0.267318,0.188644,0.148353,-1.413361,-0.69277,-0.672361,-1.300727,-0.336072,-0.57612,-1.503653,-1.099375,-1.777485,0.739552,0.583925,-0.455953,-1.719422,-0.363248,-0.499895,2.362863,0.495364,-0.270463,1.24852,-0.049404,-0.734784,-0.156147,-1.692795,-0.520238,0.346491,-0.829278,-1.36095,-0.818125,-0.229295,-0.50375,0.656904,0.29821,1.226513,1.850245,0.655953,-0.711486,0.713407,-0.747745,1.401792,0.184614,1.543122,0.624305,-0.298992,-0.445376,0.849036,-0.477477,0.326009,0.17096,-0.511968,-0.155472,0.165799,-0.749209,0.812992,-0.672563,0.648978,1.622596,0.083472,1.093055,-1.12839,1.291913,-1.333591,1.077114,0.402455,-0.582267,1.682341,-0.406263,1.195156,-1.860803,-0.182648
ECA1284,-1.361216,-0.230415,0.029784,1.140564,-0.049322,0.457025,-0.087734,-0.064953,-0.459444,-0.370868,-0.289501,-1.634035,-0.396399,-0.080526,0.525413,-0.281223,-0.138734,-0.549845,-0.061804,-0.837868,0.531806,-0.483155,0.922242,0.142363,0.070391,-0.329224,0.130819,-0.804309,-0.358723,-0.302772,-1.425979,0.12113,1.168281,-0.374319,-0.218375,-1.473216,-1.44338,-2.553039,0.276729,-0.800331,0.072017,1.474079,-1.050696,-0.758901,-0.108002,0.082395,-0.327421,-0.325956,0.173532,1.570048,-0.310264,0.504564,0.378202,-0.814649,0.878162,-0.327831,0.741794,1.003575,1.657692,-0.698709,0.297085,-0.312447,0.620629,-0.858031,-1.405285,-1.339922,0.247161,-0.366052,-0.090809,0.102093,-0.237108,0.577769,1.344744,0.430905,-1.248135,0.613936,-0.012336,2.187667,3.043706,1.67405,0.264841,-1.176983,-0.588082,0.731534,0.187195,-0.407004,1.876987,0.735908,-1.115678,-0.726071,-0.651895,1.987276,-0.351191,-2.049493,-1.014196,0.903247,-0.952492,-0.440965,0.016823,-1.477416,-0.378696,-0.959329,0.249589,-0.289732,0.924723,2.232346,0.09983,-0.903727,1.483731,0.989582,0.448419,-0.803986,1.29639,0.67272,2.807003,0.706789,1.569989,0.506282,1.148362,1.146859,-1.635981,-1.729272,-0.177622,0.410817,-0.611166,-0.292668,-0.964152,-0.275644,-0.029227,-0.001007,-0.544771,0.784489,-2.230285,0.074585,-0.369429,0.087969,0.154139,0.661053,0.329148,-0.117318,0.941375,-0.188714,-0.469276,-0.780092,1.056322,1.881425,0.879052,0.163411,0.148102,0.561618,-0.988177,-1.342233,0.96038,0.36652,-0.615168,-0.7413,-1.632256,-0.076746,-0.52328,-1.087428,-2.586054,-1.841802,-1.035107,1.74267,0.205103,-0.210576,0.750561,-1.017235,0.739836,1.553882,0.196972,0.35268,0.99457,-0.088146,1.190666,-0.505816,0.895793,0.178894,1.085043,1.460445,-0.387165,-0.212417,-0.751524,-1.036927,-0.812577,0.340663,-0.173423,0.384807,-0.193525,0.52155,1.118896,-0.567843,0.330835,1.283076,0.487042,2.582434,-0.387859,1.39956,0.478148,1.495383,0.026101,2.819909,0.695699,-1.251268,1.48266,-1.218947,-1.092548,1.669583,-1.457638,0.272145,0.545657,-0.96048,-0.040441,-1.173051,-0.484674,0.209637,-0.448376,-0.464994,-0.698251,-0.030768,0.211708,-0.269323,-1.857931,-1.798055,1.130556,1.182599,-0.510282,0.690311,-0.908891,-0.411816,-1.010262,0.527938,0.465441,-1.097969,1.072647,-0.46142,0.639717,0.086088,1.732946,1.454966,0.720678,0.846616,-0.591539,-0.17248,0.036229,0.812376,-0.18292,-0.909395,0.097602,-0.097224,-1.100942,-1.708016,1.53627,0.033851,1.068627,-0.334965,-0.275125,0.714974,0.461853,1.303058,0.025491,-0.767658,-0.500186,0.067643,-0.294906,0.078745,-1.208812,-0.528393,-1.657304,-0.478539,0.84862,-0.014119,0.831349,1.045266,-0.209115,1.145344,1.79543,0.203801,1.25631,0.950117,-1.175056,-0.795684,-0.031969,0.189913,-1.278974,-0.047199,-0.170766,0.239927,0.695228,-0.170085,0.068064,-1.38126,-2.064861,-0.183309,0.111054,-1.142674,0.541771,0.857426,1.247961,-0.203106,-0.204016,0.33624,0.234878,-1.599229,0.114157,-0.223186,0.68458,1.102278,1.069629,0.766227,0.077321,-0.60213,1.467623,0.974471,0.428625,1.566568,2.260456,-2.14796,1.154333,0.62776,1.445274,1.697606,0.68838,0.789377,0.153108,-0.141676,0.371366,0.454407,0.453644,2.062931,-0.260384,1.680857,0.333661,0.124382,0.972463,-0.289183,-1.371016,0.65369,1.556848
ECA1286,-0.514514,0.125129,0.258366,-0.015895,0.120587,1.647429,0.090166,1.142154,1.273438,0.090974,-1.290081,1.270456,-1.09277,-2.147261,-1.031941,-0.052999,0.310475,-0.555813,0.348516,-2.016145,-1.626571,2.293206,-1.954132,-0.327848,-1.597949,0.10672,0.198193,-0.538853,0.100171,0.377718,-0.823644,-1.339862,-1.147493,-0.474256,-0.236233,-0.359373,-0.165157,-1.015739,0.049058,1.98509,-1.499139,-0.028175,-0.193437,0.300451,-1.232735,-1.263336,0.512311,0.852226,0.325243,0.807253,-0.575776,1.225386,0.269829,1.133794,0.599742,0.472128,-0.41475,0.202436,-1.022302,-0.60166,-0.531861,-0.247808,-0.144454,0.15717,0.124283,-0.746724,-1.396578,2.067761,-0.583486,0.136434,-0.825362,0.768749,-0.294316,-0.218387,-0.996387,0.614734,0.113452,0.673048,-0.030365,0.690961,0.530638,0.138937,0.268246,0.464094,-0.057933,-1.107718,0.502903,-0.920827,-0.987486,-0.548436,1.532797,-0.002521,-2.006588,-0.349525,-1.916749,-0.383662,0.160527,-1.249963,-1.304893,-0.069338,0.255694,-0.178191,0.351837,1.092032,0.958917,0.82152,-0.125753,-0.488265,-0.994284,-1.201237,-1.585316,-0.216416,2.100735,0.370089,2.050511,2.692969,2.113096,-0.596144,-0.912107,-0.842816,-1.202206,-0.400774,0.568949,0.158766,-1.114676,-0.910667,1.110447,-0.468722,1.069145,0.520077,0.228757,-0.583129,0.566804,0.058104,-0.74158,-0.315724,-1.034335,0.163217,0.549781,0.115447,0.215222,-0.664798,1.033166,-0.267853,-0.853069,-1.736276,-0.095894,1.289108,-0.497089,0.717911,-0.501228,0.50079,-0.04623,-0.382643,-0.181501,-0.842162,-0.58539,-1.060433,-0.879816,0.149181,-1.148517,-1.407026,1.041695,-0.565172,0.412353,0.005195,-1.779138,-1.471165,-1.708081,-0.377168,-0.609432,-0.893035,-1.040307,-0.567041,0.419506,-1.843064,-0.344391,0.098856,-0.147952,0.580427,-0.422285,-1.344619,0.800598,0.118389,0.272242,-1.333384,-0.310908,-1.275239,1.862777,0.82372,0.772138,-0.319218,0.035072,1.832438,-0.243663,0.282239,0.876392,0.479047,1.066635,-0.043477,-0.153527,-1.130055,-0.028432,0.374582,1.190356,1.394306,0.555991,-0.762635,1.572387,0.75473,-0.801475,-0.493117,-0.382309,-1.644257,-1.230614,-0.89339,0.301906,0.120525,-0.836054,-0.267951,0.890724,-0.209287,2.199908,1.630815,0.762614,-0.775073,1.0614,-0.387904,-1.651602,0.797181,0.196623,0.259578,-0.39765,0.345385,-1.728937,-1.687427,-0.477126,0.628796,-2.206088,-0.914831,-0.140298,-1.178839,-0.661243,0.272491,-0.086795,1.268898,-0.285066,-1.958187,-0.995136,-0.416556,-0.46572,-0.246382,-0.08199,-1.007455,-0.425477,0.005047,1.377341,1.237962,0.331146,1.057009,0.187245,0.973358,-0.984694,1.610113,0.482872,-0.500388,0.651647,1.251851,0.707627,0.419932,1.633875,-0.819833,-1.407476,-0.84182,-0.090199,-0.360277,-1.229301,-0.539932,-0.777091,-1.126715,2.422672,0.958117,0.770166,0.261712,-0.196109,1.038817,0.275039,-0.398904,0.486354,-0.356812,-1.773446,-1.617574,-1.175329,0.086051,-1.25994,-0.064773,-1.450649,-0.808788,1.065466,-0.477172,2.281167,0.222929,-0.247279,-0.092272,1.560731,1.316127,1.253042,-0.36833,0.567233,0.3327,-0.987078,1.330492,1.801485,0.681995,1.664337,0.85729,0.139273,-0.576825,-0.292615,-1.064435,-0.892425,0.541523,-0.708441,0.469873,-0.646442,-0.034387,-1.249137,-1.923092,-1.899479,-0.29429,0.374537,-2.061461,1.302719,-0.024867,0.309833,0.848435,-1.650764,1.105761,1.66455
ECA1287,0.774945,-0.584633,0.030511,1.835546,-0.643104,0.613996,-0.870851,-0.592588,-0.320193,-0.317842,-0.054349,-1.161865,0.212595,-0.99881,-1.466516,-1.715189,0.926625,0.625084,0.120206,-0.569305,-1.420082,-0.084467,-0.012618,-1.31074,0.54028,0.656067,-0.795668,-0.425788,0.444262,0.029871,-0.450477,-0.087002,-0.750053,-1.346454,-1.105078,0.771057,-0.400889,-0.468925,1.391338,0.166112,0.42813,-1.151207,1.366823,-1.845165,-0.391852,1.31429,-0.435151,0.912641,-0.143222,1.881223,0.941008,0.962227,2.032539,0.633052,-0.416261,0.289119,2.469579,-1.372978,1.510767,0.709861,-0.398859,-0.783029,0.172407,-0.874678,0.026941,0.210389,-0.282315,-0.87815,-0.14632,0.050482,0.280634,-0.338157,-0.603495,-0.426192,0.441368,-0.369081,-0.358539,0.741092,0.213131,1.367472,0.359651,2.068737,0.570067,-0.088744,-1.065422,0.262957,-0.564393,-0.113055,0.309449,-0.177555,-1.574984,0.718987,-0.260435,-0.158545,-0.511439,-0.193842,0.277941,-0.887114,-1.7375,-1.213486,-0.835392,-1.136582,-1.286967,-1.415881,0.020155,0.993692,0.100171,0.21698,1.056223,0.501641,1.274368,0.204716,0.75691,1.161756,0.359122,-0.159727,0.816242,-0.402851,-0.481921,0.499315,-0.105164,-0.098704,-0.800734,-1.453094,0.988318,0.788528,1.875443,-0.494768,0.024701,0.576566,-0.366919,0.004235,0.021533,0.088369,0.018087,-1.103802,-0.29513,-0.518383,0.158171,-1.452523,0.743872,-1.795335,-0.289761,0.62686,0.815038,-0.036522,1.36503,1.286735,0.067968,-1.241007,0.494589,-1.492946,-0.664729,0.74043,-0.967668,1.815487,1.565175,0.956224,0.62197,0.933371,-0.834005,0.319436,-0.015009,0.085551,-0.79262,1.34703,0.188103,0.257047,-1.198438,0.000678,-0.772802,-0.067751,1.863107,0.231565,0.469528,2.297498,-0.207126,0.95761,-0.461323,0.551915,-1.124691,0.15272,-1.197122,-0.119889,-0.144619,-0.607097,0.189261,0.297015,0.266085,-1.266465,-0.678756,-0.230172,-1.116185,-0.876181,-0.976973,-0.216101,-0.637397,-0.732231,-0.576523,1.081771,0.059144,0.651813,0.623324,-0.032593,0.581056,0.723638,-0.051222,-0.159783,1.028709,-0.0518,-1.002337,-0.637586,0.253289,-1.086126,1.332401,-1.241336,0.3106,0.140142,0.225809,-0.432807,0.535968,0.251679,-0.191328,-0.941577,-0.42525,1.161799,-1.194686,-0.870314,-1.269207,0.264956,-1.692344,0.313487,0.71291,-0.312409,0.567511,-1.321941,-0.025988,-0.689911,-0.382709,0.346801,-0.80851,-1.040526,0.242929,0.458811,1.496133,-1.242058,0.848896,0.861217,3.18648,0.155957,0.607899,0.770968,0.605295,-0.313297,0.855259,-1.021209,0.043971,-0.100649,0.931714,-0.228353,2.532199,-0.318458,-2.416239,1.589236,-0.851649,-1.374431,-1.579323,-1.462692,-1.36525,-0.567672,0.762309,-0.682802,-0.91793,-0.637309,1.413191,-0.851974,-1.212277,-0.475003,-1.184907,0.007412,-0.530633,-0.868975,0.543926,-1.955181,0.845146,0.138438,0.13147,-0.841532,-0.070956,0.344479,2.406847,-0.647689,0.098755,0.965917,-0.65983,0.079514,-0.194223,0.236209,0.13648,0.914874,-1.317551,-1.984152,0.401464,-0.829827,-0.765441,1.10019,0.967019,1.653956,1.781216,1.511372,0.54302,1.679879,2.304367,0.680964,0.28005,0.452115,-2.61217,1.250543,-0.133964,-0.392025,1.609824,-0.931258,-1.865987,-1.671139,0.52911,-0.333847,-1.148065,-0.132545,-0.062451,0.649168,-0.889033,2.207805,0.972915,-0.4939,0.300049,0.208845,-1.390037,0.162068,0.585581
ECA1289,0.748844,0.786442,-1.005203,1.256771,1.337296,0.957257,1.262272,0.197555,0.767503,-0.235126,-0.369842,-0.019143,0.867149,-1.166492,0.423059,0.455272,-1.417094,-0.512402,-1.020835,-0.064629,0.853937,-0.932685,0.828319,0.158467,-0.259027,-0.196637,-1.832952,-0.031667,-1.408226,0.665061,1.392677,-0.891289,0.776973,0.580227,-1.307415,-0.809411,-0.361132,-1.352231,-0.685038,-0.273259,-0.79255,0.787829,-0.131299,0.262147,-1.351411,0.376946,1.426484,-0.625322,1.548143,1.656813,1.646499,1.688879,1.225724,0.698267,-0.937612,0.906389,0.593128,0.24293,-0.920737,0.501974,-1.443331,0.493839,0.588276,-1.076732,0.577919,-2.39422,0.037863,-0.457826,-1.050083,-0.667124,1.092117,0.161893,1.182836,-1.12596,0.571971,-1.201022,0.191824,-0.746875,-0.610768,0.421183,-1.663638,0.58687,-0.154467,0.049779,-0.313902,-0.295219,1.412739,0.580065,-0.669919,-0.519038,-1.189806,-2.721607,-0.791976,1.250697,0.123699,1.278379,0.5718,0.300064,-0.343977,-0.23777,0.656703,-0.494472,1.003813,0.378027,-0.515236,-0.358919,-0.475287,0.249402,-0.346338,-2.071776,1.290503,1.924211,2.721097,1.665701,1.368905,-0.612244,0.892496,-2.238584,1.224714,-1.207407,0.278367,-0.027259,0.177561,0.324015,-2.243082,-0.932015,-0.587204,0.624022,-1.534796,-0.859677,-0.668464,-0.082364,-0.511767,0.4076,0.13801,-0.447013,-0.170511,0.083049,0.264166,0.744402,0.635952,-0.146522,-1.9965,-0.32102,0.924706,1.606173,1.550206,0.651645,0.225556,-0.88008,-0.087666,0.290628,0.227472,-1.372775,0.99402,0.369221,1.158538,-1.341762,-1.165473,-0.334718,0.312123,-0.483592,-1.838547,1.760662,0.359842,-0.899752,-0.414837,-1.719676,0.137319,-0.099627,-0.5724,0.90411,-0.494203,-0.829186,-4e-06,-1.555135,0.442311,1.545325,1.246053,0.029857,-0.887634,-0.296064,-0.990113,-0.822434,0.614653,-0.006772,-0.46968,0.727146,-0.148632,-0.378548,0.311954,0.596022,-0.007735,-0.363197,-0.971114,-0.937365,0.167298,1.125474,-0.583547,1.488654,0.207222,0.612052,0.545443,-2.110539,-0.169181,-0.795171,1.112827,-0.639283,1.517915,-0.644549,0.249594,0.090015,-0.941795,-0.728946,-0.594639,0.000853,0.803992,0.195658,-0.052197,1.481468,1.890001,-0.641942,0.981833,0.626723,1.199938,-1.341569,0.490342,-1.945831,-0.184351,0.469972,-1.062971,-0.718302,-0.076837,-0.262619,0.76215,-1.242289,-0.692646,-0.078537,-0.268938,-1.813703,0.825232,-1.079899,0.137617,-0.019021,-0.16476,-0.872204,-0.779878,-1.486926,-0.723342,-1.003817,0.469441,-0.023902,-1.195363,1.116333,0.96038,-0.550492,1.106326,-1.701021,-0.040679,0.73574,0.636871,-0.218922,1.301379,-1.612344,-0.226365,0.1271,0.184125,-0.240398,0.159955,-0.232132,-0.344731,0.404221,-2.1021,0.684555,1.748911,0.28674,1.307153,0.614169,0.621054,-0.757461,0.467723,0.125747,-1.045502,-1.057637,-1.202436,-1.512179,-0.626902,0.002462,0.48531,-0.075096,0.166575,-1.00762,0.343426,0.129826,1.085914,1.164709,-0.177223,-1.779261,1.00266,-1.171292,-0.141249,0.927004,0.470101,-0.261102,0.622602,1.019248,-1.999535,0.007176,0.694738,-0.10827,-0.44653,-1.566258,-0.099753,0.055266,-0.628735,-1.178842,0.289748,-0.413424,-0.820303,0.221803,-0.4753,-2.227512,-0.66829,-0.31017,1.194143,-0.312095,-0.114962,-0.703238,0.300474,-0.115237,0.984437,-2.311156,-0.790646,0.393949,0.110651,1.137566,0.744782,-1.03773,-1.127374
ECA1293,2.051542,-0.384797,0.262074,0.567472,-1.007238,-0.293942,2.013995,1.069559,1.803632,0.840922,0.495852,-0.381233,-0.286856,0.397864,-1.422121,0.202955,0.326646,-0.978594,-0.549441,0.269744,2.037761,-0.255139,-0.043679,-0.849994,-1.141749,-0.753306,-0.119185,-2.092408,0.19199,0.3872,-0.291819,-1.432122,-0.185585,0.866219,-1.508649,-0.276477,-0.152577,1.928329,1.304819,1.041681,-1.542839,-0.144075,1.793784,1.971528,1.32109,1.187143,-1.95098,-0.108919,0.075456,0.336226,-0.130425,0.848347,2.346757,1.228076,1.063301,0.511847,-1.043763,-1.141488,-0.368583,-0.917051,-0.502936,0.044882,-0.912934,-0.797829,0.095362,-1.802254,0.98414,-0.096287,-0.120649,-1.643977,-0.825145,1.720633,-0.548831,1.861333,0.027159,0.15042,0.999628,-0.577736,1.278634,0.204357,-0.058814,1.062237,0.142778,0.269003,-0.811112,-1.379847,0.534268,0.060859,-0.715564,-1.248918,-1.571155,-0.404787,0.460052,1.190042,1.598089,2.049036,1.62801,0.07039,2.425497,1.473717,-0.02875,1.620721,-0.793185,-0.085656,-0.177664,-1.63616,-0.331129,-0.95207,0.269086,-0.719158,-0.695372,-0.123256,0.36796,0.710806,-0.678394,-0.496432,-0.552892,-0.461216,-0.992897,-1.26114,-1.887005,0.603297,0.145591,-1.113059,-0.543581,0.056055,-0.237093,-1.005361,0.834827,-0.005802,0.481026,-0.51696,-0.681937,-0.614023,-1.580745,0.754481,-0.576443,1.58838,-0.004345,-0.936791,-1.169002,-0.10474,-0.569889,0.71451,-1.561658,0.235053,0.185611,-2.070397,-0.84034,0.069275,0.242295,1.274449,1.437,-2.153645,-0.401665,0.512808,0.715182,-1.091049,-0.394943,0.181152,-1.013285,-1.070337,-0.682847,1.003918,-1.429424,-2.155433,-0.337976,1.207295,-0.025767,-0.056775,-0.591003,1.731088,1.890991,1.368661,-0.092095,0.52758,-0.870322,-0.428338,0.601502,0.743804,0.848954,0.546248,1.425293,0.477707,0.097196,-0.643414,-0.267674,0.239975,-1.189342,0.125579,-0.55986,1.032078,1.130975,-0.016051,0.654752,0.077805,2.025768,-0.577809,-0.026322,-0.020186,2.77884,0.347928,-0.494328,-0.195396,0.172429,-0.284378,0.388763,0.127814,0.095166,-0.972016,-0.942924,0.778008,-1.424009,-2.036609,-1.24056,-0.104145,-0.051058,0.960308,-1.562664,0.867261,-0.109469,1.262596,-0.022739,0.348955,0.599596,1.585068,2.029861,-1.21597,0.508846,0.258499,0.698534,0.427512,-0.674055,-1.063936,0.21364,1.167225,1.907648,0.787714,0.153442,0.535231,1.205065,1.647085,0.295954,0.004492,0.035059,-0.670501,-1.420429,-1.174796,0.005219,0.855416,-0.679934,0.139033,0.024884,-0.250374,2.141849,0.1118,-0.14176,0.933271,0.057944,1.408218,0.926895,-0.416972,-0.611429,-2.212634,-0.292803,-1.170998,1.063074,-0.507342,-1.028745,-1.205041,-1.237877,0.70571,-2.157199,1.325914,0.137229,-0.088364,0.089838,-1.083865,-0.013771,0.835782,0.686688,-0.157842,0.404068,-1.041113,-0.885796,-0.095348,-0.448885,0.040599,-2.585588,0.237261,0.357943,0.700953,-0.067014,2.573097,-0.250276,2.46509,0.43531,1.133206,0.803996,-0.276832,1.851991,0.673729,0.175619,1.281497,0.984083,0.219678,0.00083,1.277935,0.244743,0.384088,1.94135,0.783948,1.350887,1.015235,0.863214,0.450599,-0.315511,0.189941,-1.207611,-1.006317,-2.248399,-1.338083,1.11452,0.391529,0.040794,0.303862,0.185364,0.688284,-0.227479,0.602308,-0.825085,-0.350319,1.439281,-1.716295,0.511045,-0.513194,0.63993,-1.089058,2.446466
ECA1493,-0.402282,-0.259123,2.485259,-0.162841,-0.081022,-0.43514,0.667461,1.05306,0.9155,-1.269533,1.511956,0.452152,-0.475627,0.364297,-0.721985,0.789403,0.473183,0.249355,0.247698,-0.361519,-1.335983,0.486278,0.777204,-1.739497,0.081757,-0.537197,-0.838116,-1.400155,0.707159,0.237113,-0.368161,-0.302328,0.076673,-1.030242,-0.61381,-0.674624,0.091626,-1.123421,-0.920702,1.258168,0.480479,-1.130191,0.187706,-1.560205,-1.079645,-0.716022,-0.296269,-0.379347,-0.588824,-2.051072,0.475026,0.816047,-2.093415,0.429589,-0.420864,-0.577304,-1.284232,-0.513833,-0.457252,0.862818,-0.910199,0.187615,1.156071,1.904069,2.611325,1.16357,1.052384,2.792397,1.239411,0.598774,1.408093,0.91623,0.486136,-2.341781,1.444738,1.789849,-0.711378,-0.452855,0.101687,-2.380894,0.796191,0.484102,-1.06643,-0.12894,0.697693,2.366661,0.121976,1.960799,2.287806,2.616959,0.581253,0.621555,0.748869,-0.704177,-1.364713,-0.762401,-1.046982,0.049991,-2.162101,-1.900084,1.300538,-1.152163,-0.180113,1.097348,-0.708433,1.146393,0.136109,1.877589,0.958497,-2.114569,-0.435598,-1.619807,-0.528563,-2.47465,1.750285,-0.694429,-0.053106,-2.825258,0.042832,0.557474,0.762443,1.781872,0.043405,0.521245,0.753207,-0.04898,-0.9783,1.188553,0.59788,-0.498364,-0.494357,-1.829863,-0.124488,-0.82477,0.639461,-0.459708,0.417701,-1.263326,0.038867,-1.917445,0.217713,-1.634484,-0.972735,-1.113061,-1.758549,0.678258,-0.369682,0.150335,0.744568,1.759282,1.1802,0.656601,0.711789,0.94444,3.372834,-0.689978,-0.643846,-0.460119,2.172265,-0.146608,0.7716,0.057827,0.075103,0.354473,0.148098,-2.090042,0.165088,-1.493401,1.009732,-0.494022,0.293735,-0.831204,-0.6958,0.740799,-0.871935,0.991157,1.882796,1.010684,-0.000341,-1.645752,1.198209,-0.575455,-0.624636,-0.399388,0.238407,0.843386,-0.630813,-1.181139,-1.711914,-0.55931,-1.010547,-1.885269,-1.394794,0.132694,-1.000471,0.15755,-0.491774,-1.566593,-0.628045,0.185,0.623439,0.654285,0.404499,1.259386,0.394804,1.48962,0.308467,0.95412,0.082248,-0.287626,0.514007,-1.336424,-0.062487,0.708987,-0.260815,-1.433937,-0.234361,0.251563,-0.903359,-1.079956,0.421667,0.259776,1.941924,1.213889,-0.416964,-0.489049,-2.219261,-0.189366,0.833251,0.203895,-0.914907,-0.374551,-0.149386,-1.750552,-0.922111,0.038066,-1.028889,0.795587,1.153626,-1.431259,-0.239596,-1.821815,-0.795976,0.158066,-0.951569,1.068206,0.328317,-0.309272,-0.367759,-0.285962,-0.380085,0.316284,1.613284,-2.031153,0.030295,-0.229992,-2.290482,-0.903082,-0.425441,-0.813623,-1.570805,-0.168568,-0.072132,0.024014,-0.030858,1.561364,0.358234,0.624329,-0.045531,0.832466,2.316117,-2.165352,0.954719,0.611847,1.126493,0.876822,-0.079523,1.814841,0.145738,-0.626834,-1.442034,1.65567,1.001797,-0.408029,0.124085,0.913235,1.621341,1.069572,0.275455,0.75623,-1.009616,-0.811074,1.592896,-0.506079,0.168233,1.02609,0.650705,-0.799108,0.836251,1.201755,-0.17161,-0.272546,0.44384,1.171731,-0.014221,-0.792398,-0.175739,1.290165,-0.857346,0.243781,1.064328,0.369171,-0.447716,-0.594092,-1.706789,0.619263,0.685579,0.60833,0.425674,0.608429,0.554149,0.960837,0.481487,1.342954,-1.042714,-1.976297,-1.094023,0.776323,1.325085,-2.102281,0.468727,-0.127143,0.684089,2.10151,-3.024684,-0.919495,0.255335,0.244302,1.830877
ECA1693,1.690825,-0.348311,-0.018203,0.670586,-0.125162,0.281333,0.555414,-0.002692,0.723596,-0.40907,-0.755525,0.528371,-0.760141,-0.661976,-0.436222,-1.066189,-0.299924,-0.993979,-0.22119,-0.394337,0.647931,0.861185,0.358231,-0.199541,0.075977,0.39947,0.178813,0.033003,-1.165013,0.240366,-1.304034,0.368622,2.231319,0.260464,0.784523,0.032425,-1.367174,-0.287383,-1.194817,1.420352,0.084792,-0.128947,-0.269817,0.492332,-1.400261,0.547638,-1.54437,-2.10219,0.482713,-1.636168,-2.505028,-1.064735,-0.648366,-0.31625,-0.119968,0.323065,-0.077853,-1.826203,0.491964,0.008921,0.55803,-1.747971,-1.062145,1.491619,-1.147029,1.3442,0.755693,0.851229,1.479223,1.415439,0.500421,1.975249,0.538558,1.647321,-0.315545,0.387301,-1.470315,0.229314,0.606728,0.896183,0.391049,-0.680819,0.599675,-1.820975,0.566968,-0.603237,-0.849648,-0.327018,-0.343042,-0.782176,0.571484,-0.282471,-0.351918,1.469864,2.04606,0.65703,1.343987,0.320757,0.379803,-0.621003,-0.539986,-1.105767,1.052478,0.732695,-1.074321,-0.630561,-0.597304,1.016957,-0.860978,-0.927361,1.119311,0.080046,0.276164,0.376794,0.222456,-0.013567,-0.765625,1.396809,1.480828,-0.378352,1.489931,0.682929,-0.30122,1.661965,1.975596,2.133047,1.126529,0.983033,0.049777,-0.313329,0.306956,-1.743247,-0.478348,-0.656696,-0.644728,-0.682267,-1.084258,0.381621,-0.594418,0.364284,-1.536546,-1.533896,-0.163784,-1.391489,0.110212,0.09611,0.418594,1.310049,-2.176091,-0.179312,0.628567,-1.126295,-0.737721,-0.013024,-1.34161,-0.896473,0.438833,1.896543,0.76441,0.152686,0.119332,0.446807,0.539602,-0.7447,1.75983,1.54587,1.341558,-0.522464,0.934213,2.810549,0.450953,-0.92757,-1.191918,-1.972886,-1.098267,0.144244,-0.877942,-1.29474,-0.999984,-2.285136,-0.365142,-0.183906,-0.389628,1.289606,-0.05857,1.92207,2.569792,0.82,0.052764,0.276883,1.612402,1.15693,0.724016,-0.560675,-1.287144,1.235594,0.515693,2.183094,0.979448,-0.368501,-0.976962,0.115172,-0.517598,-0.510377,0.453817,-0.4544,-1.034252,-2.396438,0.294093,0.401881,0.207785,-0.96626,-0.253064,0.078778,-0.724633,0.751205,0.794735,0.554166,-0.151662,0.711118,-0.420499,-0.793764,0.210675,0.046855,-0.925566,-0.359396,0.264392,-0.213246,0.886733,0.281051,1.207563,1.387953,0.578575,0.186261,-0.37487,1.538383,-0.827151,-0.386067,0.194945,-1.052385,1.082848,-0.147209,-0.193431,0.829144,0.51676,-0.740185,-0.634438,0.523728,-0.795778,-0.526544,-0.663609,0.494863,-0.922776,-0.062499,-1.464735,-0.377838,-0.062171,0.864813,-0.197787,-0.520922,-0.954814,-0.667694,-0.427351,1.180472,-1.29223,0.730709,-0.377121,0.255738,-1.616957,-0.283245,-0.749802,1.142772,2.036576,-0.813193,1.222857,-0.288273,1.641608,0.026715,-0.685326,1.414836,0.223259,-0.004245,-0.244405,-1.135767,1.293503,-0.295966,-0.135986,-0.051031,0.543729,-0.128064,0.19324,0.397393,-0.589251,0.352807,1.097727,-0.981153,-0.172246,-0.135131,-1.334648,-0.849316,-1.373593,0.401118,-0.144734,-1.097407,-1.121628,-0.501135,-0.062494,0.048464,-1.026282,-1.103306,-0.707002,0.049966,-0.428908,0.810853,0.254297,0.939784,-0.064303,0.770298,0.286553,0.767185,1.879095,-0.100364,0.26236,0.16715,1.11876,1.230254,-0.769816,0.173928,0.329503,0.673608,-0.458447,-1.377066,1.117635,0.044109,0.571997,-0.280028,-0.57431,0.62708,0.873482
ECA1713,0.193219,-1.458634,-1.531782,-2.316553,-1.959001,0.921461,0.263932,-0.642724,-1.554182,-0.863313,0.436315,-0.370954,1.216554,0.315442,-0.624809,0.179292,0.10927,-2.259867,0.4606,0.566237,1.370892,0.027428,1.310933,1.22135,0.244853,-0.93926,-0.547041,-2.238239,-0.907303,0.459768,-0.873167,0.955348,1.519242,-1.114152,-0.503254,-2.135215,-0.496517,1.195675,-0.976556,-1.109254,-1.54552,0.466204,0.720858,-1.157148,0.075268,1.758581,0.584921,0.479184,1.622242,-1.167123,1.623348,0.518245,0.564775,0.652942,1.196386,0.359445,1.254201,0.58137,0.750516,-0.394797,-0.569548,-1.114427,0.841331,-0.88194,1.678519,-0.705696,0.466015,1.187135,-0.026481,1.001035,-0.266995,1.801331,0.026306,-0.595165,-0.770051,0.743972,-0.985103,-0.171951,-0.728099,-0.200513,-1.098096,0.34538,-0.54274,0.572979,-0.703813,0.778126,0.042223,0.48774,1.786546,-0.104828,1.793164,-0.792763,0.444981,0.83817,-0.320928,-1.897193,0.118837,2.004646,0.67533,0.950388,0.512624,1.043703,0.013192,-1.156346,-0.473595,-1.254899,0.843326,-0.309885,0.192686,-0.705639,-1.58002,1.391206,0.592296,-0.829808,-0.243507,0.671691,-0.827397,-0.552819,0.898276,0.671129,1.328463,-1.105514,0.621947,0.672517,0.24706,0.314992,-1.629935,-0.105659,0.3619,1.500201,-0.71913,-3.051383,-1.370347,0.131233,0.13953,0.607827,-0.418785,0.373427,-1.49338,0.847354,0.24506,0.056711,2.2342,-0.691475,1.396257,-0.154004,1.518579,1.337945,2.190447,1.283412,0.940621,0.777358,1.053145,-0.595125,1.204497,-0.59591,-0.870871,2.78157,-1.039117,0.447192,0.440361,0.543294,0.148882,-0.390124,-0.60379,-1.411487,-0.931865,0.267635,0.501691,-0.14218,-1.090409,0.953017,-0.74599,-0.576202,0.404752,-0.426482,-1.06145,0.057572,0.286379,0.752885,-1.642056,-1.331288,-0.090256,0.073673,-0.884464,0.083965,-0.556565,-0.058921,-0.385304,1.502966,0.62326,-1.365407,-0.470246,-1.131759,-0.7651,-1.208948,0.066493,-0.261067,0.309623,-0.001295,0.735338,1.138578,-2.123547,0.544664,-0.999249,-0.710704,-0.188167,-0.485998,1.269845,0.589726,0.503798,-1.258313,-0.753623,0.815095,-0.817079,0.358567,-0.822921,-0.374152,-1.275145,0.169595,-0.10303,0.18439,1.769191,-0.125237,0.920754,-1.960119,-1.860941,0.564249,0.253197,-1.676164,-0.949648,-2.152523,-1.390725,-0.754816,1.272493,-0.29057,-0.033521,-0.255203,0.095497,-0.241875,0.355269,-0.290595,0.469049,0.18306,0.346547,-0.625329,-2.023551,-0.169774,-1.215448,0.133955,-1.055909,-0.393262,-3.165938,-1.052718,-0.723518,-0.476328,-0.340079,-1.526413,0.040189,-0.620803,-1.898137,-0.658581,0.452158,0.293429,0.003691,-0.403768,-1.069838,-0.947241,-1.355501,-1.576381,0.419478,-1.346616,-0.524165,0.712273,1.932216,0.239742,2.304522,-0.421985,2.129263,-1.225487,0.52769,-0.010501,-0.597022,1.210223,-0.819124,-1.050484,0.05017,-2.534988,-1.32335,0.374109,0.059448,-0.545113,1.832373,0.773638,-0.419124,0.87845,2.298038,1.266857,-1.906918,-0.891687,-1.084607,0.696164,-0.157342,0.914689,-0.034525,0.392868,-0.066909,-0.550719,-0.226085,0.401797,2.680244,-0.330368,-0.011452,-0.012225,0.840555,0.23172,-1.342921,-0.092731,-0.880195,0.805363,-0.578005,-2.050972,-0.918254,-1.086419,-0.969276,-0.308691,-0.223899,0.730867,-0.811144,0.204589,0.475237,0.150133,-0.072416,-1.062529,-1.893121,-0.220502,0.227597,0.258557,-0.983968
ECA1717,-0.605431,0.975969,-1.832159,0.659972,-0.3474,-2.222233,0.099853,-2.029758,0.154319,0.736486,0.127745,-0.073719,0.126346,0.757843,0.189549,-0.77694,-0.142153,-0.650903,0.035282,0.738909,0.947617,-1.400524,-0.998321,-1.032869,-0.379988,0.069264,-0.503125,0.955311,-0.442513,-0.571689,0.899483,-1.373606,0.315393,0.885314,-0.383197,0.693987,0.070766,0.474667,-0.191376,-0.824717,0.493153,-0.282162,-1.099278,-0.960187,0.481114,-0.624894,-1.591975,-1.072497,1.391485,-0.723209,-0.778583,1.955192,-1.084691,-0.560868,0.126427,0.744498,-1.325337,-0.448446,-1.699153,-0.846478,0.271613,-1.655433,-1.154437,0.712981,1.077851,0.532111,0.469738,1.195835,0.12065,1.368717,3.077779,1.139543,-1.625821,0.510826,0.893872,-0.618411,0.101598,-1.272704,-0.891499,-1.809089,0.362456,1.238109,0.906805,-1.302054,0.190963,-1.143362,0.870877,2.102874,1.386624,1.636335,-1.183069,-0.565158,0.102474,0.573189,-1.191875,1.986004,-1.835991,0.114058,-0.646308,-0.179443,1.822286,-0.04763,-0.84279,-0.223223,2.103434,0.839873,-0.297343,0.908582,0.49335,-1.487207,-1.005756,0.188239,1.605931,-0.980875,-1.492835,-0.318257,-0.674657,1.635955,0.058854,0.731264,0.813172,2.352741,1.952157,1.231476,0.084361,1.626802,-1.285711,-0.395527,0.440464,-1.483301,-0.378764,-0.590686,0.213252,0.856755,0.138684,-0.864153,0.586112,-1.272462,-0.878211,0.739023,0.826017,-0.699895,-0.933238,-0.463034,0.454588,0.472028,-1.668678,-1.083229,0.054919,0.801708,-0.273019,-0.085165,-1.26734,-0.03121,-1.338464,0.601355,-0.254453,0.581634,1.646397,-0.575093,-0.360372,0.354059,0.865642,-2.694546,0.258634,1.146802,-0.508869,-0.263296,0.025561,-0.86772,0.003271,-0.566562,0.114957,1.017202,-0.551202,0.609183,-0.784214,0.245336,-0.327931,0.302106,0.885799,0.973026,1.802008,-1.39113,1.424954,-0.060874,0.922749,-0.533887,-0.850141,1.076759,-0.992429,-0.257287,0.002894,-0.242751,2.026722,2.07586,1.54417,-0.185629,-0.024387,-1.113093,-1.635521,0.917541,0.387617,0.751912,0.04656,1.285856,0.206,-0.447661,0.31672,-0.915592,0.427625,-0.623564,-0.664583,-1.092922,-0.253934,-0.765441,-1.096223,0.528882,-0.859342,-0.549421,0.086285,-0.064905,1.991855,1.571077,0.33581,-0.095421,0.100314,1.284667,-0.233028,0.711487,1.555851,-0.055317,1.75445,1.451137,2.455525,-0.027019,-1.607202,-0.191138,0.604924,1.166179,1.148566,0.166935,-0.518736,-0.765794,-0.478516,-1.282821,-0.18374,-0.596207,0.892405,-0.086654,0.377282,1.172942,-0.665949,0.447693,1.969209,-0.908511,-0.170753,-1.164473,-0.451218,0.003675,0.968119,2.224566,2.092909,0.037629,0.159371,-0.168313,-0.211468,-0.562985,1.190263,1.12705,0.002147,1.030678,1.449105,-0.732838,-0.981763,0.395802,-0.46902,-0.498345,0.056268,1.847556,-0.825449,0.515909,1.870655,0.725425,0.493945,2.172934,-0.003467,0.076213,0.576858,-0.139179,1.014349,0.910394,-1.68101,-0.489473,-0.119247,1.04796,1.145642,1.219257,-0.933592,-0.567002,-0.020161,-0.234996,-3.593287,-0.934559,-2.955581,-1.493953,-0.645683,-0.557593,0.796971,-1.428179,-1.515103,0.115828,-1.35961,-0.10468,-0.830799,-0.151452,1.045467,0.945248,1.191755,1.860208,-0.212522,0.285419,-0.853421,1.343765,0.361186,0.951121,0.068192,1.901231,1.099119,-0.680937,0.63252,-1.251335,-1.051319,1.332467,0.077043,-1.561872,-0.599749,0.934333,-1.626397
ECA1761,-0.478008,0.418233,-0.22238,-1.563778,0.272552,-1.219463,0.684986,0.097394,0.553045,1.605792,-0.005132,-1.497613,-1.479123,0.83774,-0.824431,-0.798565,0.983961,0.074834,0.337308,-2.706179,-0.27195,-1.149354,0.762081,-0.096937,-0.357513,-1.069846,1.319203,-0.98412,0.703717,0.167847,1.148536,-0.049018,0.555911,-1.919747,0.033151,0.211128,-1.051563,0.086261,0.813741,-0.551064,-0.66123,-0.567768,-0.119272,1.000308,1.383642,-0.270255,0.891185,-0.844717,0.955634,-0.692745,-1.057266,-1.938543,0.125401,-1.207084,1.137023,-0.556005,0.063534,-1.136819,-0.001141,-1.357714,-1.444433,0.494519,-0.324675,0.804174,2.12241,0.16288,-0.715654,-0.466938,0.912732,0.673553,-0.350162,0.17291,-0.533818,0.752847,-1.008892,-0.133754,0.684231,-1.74656,0.368035,-1.238443,-2.018326,-0.650546,-0.365224,0.502855,0.191191,0.634314,-0.864013,-0.09661,-0.752749,-0.768024,0.677662,-0.642306,0.739018,-0.325508,-0.662047,-0.422493,0.85556,0.117359,0.31142,0.625347,-0.495246,-1.793265,-1.898794,0.473326,-0.471405,-0.35169,-0.539698,-0.278749,0.207242,-0.557933,0.728526,1.351819,-0.008012,0.843342,-1.204306,-0.656453,-0.519768,0.925833,-0.409128,-0.230385,1.142119,2.014921,1.21898,0.915373,0.188056,0.829953,0.741901,-0.465559,-0.249334,-0.953879,-0.944027,0.25091,-1.328281,-0.239435,-0.264787,-0.399181,-1.138774,-0.491019,0.088812,-0.046883,-0.563074,-1.019881,-0.985667,-0.796807,1.670035,0.284538,1.636589,-0.220054,1.224276,1.19054,0.598353,-1.140164,-0.80329,0.779166,-0.407043,-0.526254,0.562551,-0.491813,1.601099,0.052745,0.330922,0.330136,0.802476,0.536294,-0.424226,-1.47115,0.616153,-0.214154,-0.884674,0.286767,0.721393,-0.37552,-1.23053,-0.192898,0.132762,-0.908822,0.53703,1.105492,0.271339,-0.795468,0.438597,0.586716,-0.153249,1.223353,-0.969929,-0.036904,-0.707388,-0.872387,-0.310172,0.478924,-0.61167,-1.839138,-0.560849,-0.366869,0.220786,0.427348,0.16747,-0.31614,-1.623386,0.265805,1.585268,0.445718,0.767226,-0.087905,1.250305,-0.58076,0.293043,-0.143176,-0.746492,0.63544,-0.534357,0.598918,0.147787,0.208349,-0.80044,-1.727897,0.462952,0.567596,-0.517429,1.37552,1.17544,2.026354,0.766337,0.78968,1.587083,-0.179328,1.258886,0.092753,1.01979,1.202352,-0.015735,0.439555,2.118649,1.235096,0.877183,0.207139,-1.154628,1.53811,0.646381,1.587912,0.030561,0.455702,1.879922,0.302626,-1.772637,-1.337206,0.475789,-0.442724,0.840137,1.853982,-0.844284,-0.551794,-0.137155,-0.339492,-1.863991,-0.223395,-0.93708,-0.112397,0.241083,-0.944539,-0.238626,-0.646153,-0.500932,0.246715,0.564316,0.054382,0.970741,-1.61843,0.447682,0.872634,-0.181614,0.510609,1.04877,0.097438,-1.521127,-0.212711,-0.530143,-0.956925,0.470454,-0.081964,0.044385,0.793553,-0.119641,0.242203,1.544126,0.029868,0.954552,0.656874,1.280079,0.182704,0.093615,1.188809,0.161474,0.173374,1.291754,1.324107,0.584795,0.741145,2.859076,-2.364787,-0.476292,-0.647219,-0.570482,1.100239,1.373891,0.992702,0.766606,-1.354368,-1.633642,-0.337636,1.15034,-1.845515,-0.427204,-1.60008,0.909226,-2.292566,0.639123,-0.872677,-2.961516,-0.052491,1.149502,-0.050947,0.677836,-0.204826,-0.781385,0.137703,-0.221585,-1.398123,0.83318,0.192055,0.067497,-0.951104,0.387083,-2.04209,-1.666073,1.029396,-2.522677,-0.73425,0.007543
ECA1821,-0.886592,-1.228695,-0.684351,0.516485,0.647267,1.376632,-0.795544,0.531431,1.699124,0.347203,-0.645406,-0.594129,-0.249673,0.064968,-1.966956,-0.658933,0.253344,-0.948187,-0.130684,-1.05953,-0.865077,0.534586,0.002358,1.112714,-1.179573,-0.148799,-1.415829,0.138256,-1.551813,-0.634353,0.378943,-0.390657,-1.011762,0.563289,-0.355909,-0.533625,0.128251,-0.015413,-1.372478,-0.377146,0.61897,0.14054,-0.976024,-1.274437,0.423962,0.037387,0.353423,-0.500748,-0.624745,-0.017309,-0.357084,0.058353,-0.614684,-1.405671,1.059639,1.139116,-0.3233,-2.018333,1.069717,0.489916,-0.334528,1.665985,0.530282,1.59912,2.421673,-1.585262,2.162341,0.930215,1.278889,0.689843,0.672264,0.295328,-0.442059,-0.165108,0.697526,1.439651,-1.360701,0.090623,-0.799036,-1.022374,-0.378316,1.532974,-0.659259,-0.7391,-0.998994,1.163258,-0.386844,-0.27881,-0.240612,-0.045285,-0.29696,-1.957551,-0.194502,-1.148469,-0.843403,-0.273731,-1.025718,0.259789,0.172359,0.491334,-0.051381,-1.206775,0.145083,-0.604487,-0.264653,-0.446709,-0.513902,-2.07041,0.530803,-0.30881,-0.509564,-1.987978,-1.391952,0.224923,-1.730138,-0.6326,0.666166,1.024027,-2.2628,-0.415996,-0.558145,-1.524194,-0.66138,-0.718714,-0.571527,0.933848,-2.150256,0.416838,-0.658517,0.477865,-0.006229,0.621256,-0.340557,0.041279,-0.218795,-1.197744,0.42431,0.349079,-1.893833,-1.470706,-0.560415,0.930646,-0.244853,-0.909711,1.173154,1.004998,-1.10918,0.112757,1.877727,-0.706669,1.21243,-0.278089,-0.996781,0.056323,0.478807,0.503265,0.502244,1.716845,1.367518,1.662607,-0.082431,1.407126,-1.107172,-0.061376,0.312534,1.042434,-0.738046,1.137081,-0.114793,-0.705911,0.431111,-0.256385,-0.691607,1.610645,2.049968,0.379566,0.67041,0.435406,1.267197,1.233506,-1.008468,0.189798,0.902607,-0.808669,-1.149152,0.789792,0.331586,0.763872,0.62653,-0.901719,1.778332,1.100362,1.310824,-0.549823,0.898082,-0.106299,0.327614,1.354759,-0.067251,-0.444268,0.621416,-0.561041,-0.652629,0.962945,0.338911,0.119853,0.342528,-0.919755,-0.230664,-1.409854,-0.961554,-0.456658,0.227888,-0.125942,0.504986,-0.554119,0.316713,-0.563178,1.278774,0.501775,1.789352,-0.387501,0.428713,-0.391036,-1.560769,-1.375486,-0.157888,-0.231768,-0.669249,0.528623,-0.416959,-1.165203,-0.846515,-0.1994,1.720514,0.504894,0.336103,0.68143,0.878171,0.174413,1.825054,2.073957,1.546802,-0.12199,-1.516646,-0.927337,-0.908678,0.327317,-1.804544,-0.341052,-0.291805,-0.91106,-1.125726,-1.489834,1.958056,-0.47496,1.253765,0.142435,0.601873,0.848579,0.304776,-0.487257,-1.075203,-0.23973,0.905963,0.837173,-0.381049,-1.149961,-1.329145,-0.47067,-0.585016,-0.237138,-0.156337,1.479135,-0.273255,0.193006,-0.686474,0.90157,-0.146509,1.041486,-0.323416,1.06099,-0.288504,-0.051418,0.520884,0.423664,-0.162832,1.461912,-0.431565,-0.038932,0.105944,0.449952,-0.639879,-0.059436,0.847204,0.46222,-0.400052,1.459642,-1.745215,-1.351474,0.358302,-0.54989,1.532677,-0.520551,-0.802895,0.151093,-0.030619,-0.2539,0.551408,-0.31537,0.637636,-1.241295,-1.658151,0.071054,1.581982,-0.816594,0.001476,0.801977,-0.321327,-0.05674,0.054901,-1.495892,-0.798958,0.527617,0.608597,1.728621,-0.46405,0.205826,-0.039152,-0.62003,-1.153237,0.099207,1.156438,1.536013,-0.016096,-1.709707,0.389921,-0.941072,0.154974
ECA1843,-0.238468,-0.506761,0.573899,0.133363,1.217014,-0.425498,1.000846,0.83477,1.000094,0.436076,-1.965636,0.235801,-2.053021,-1.487883,-0.960044,-0.778522,-1.465749,-0.245855,0.163477,-0.364858,-1.06678,0.64503,-1.357847,-2.402881,-0.368709,0.192726,-0.791677,1.722532,1.409112,1.884947,-0.116762,2.011763,0.978165,-0.00998,0.871439,-0.683594,-0.701619,0.101176,2.930207,-0.564871,-0.635728,1.634556,-0.912587,0.451026,-0.670085,-0.56271,0.392034,0.463964,-0.080928,-1.13875,0.355872,-0.20311,-0.803374,-0.447165,-0.088547,0.664585,1.054002,-0.152203,-1.888302,0.421017,0.98563,1.509221,-0.239875,-1.492996,-0.342508,-0.982716,1.391102,-0.112275,0.572416,0.661403,0.772442,1.26419,0.480343,-1.015755,0.792827,0.229055,1.197828,-0.775764,2.077432,0.473282,0.845164,-1.300366,-0.170941,0.304517,0.507845,-0.261186,-0.340959,-0.3581,-0.883615,0.138619,1.461367,0.818855,1.796861,1.54144,1.14678,1.705107,2.126663,0.287775,0.880141,0.33737,-0.840739,-0.502098,0.684805,2.337111,1.931736,1.598382,1.561173,2.005914,0.482977,-0.013365,-0.339479,1.116159,-1.350462,0.41522,-0.917823,-0.915158,0.892187,0.933396,-0.646012,0.018746,0.624605,-2.31321,-0.318499,-0.052033,0.757863,-1.272149,-0.897786,-2.364769,-0.628584,-1.552389,-0.184917,-0.436966,-0.653138,-1.469299,-0.499396,-0.293706,-1.608998,1.876388,0.671833,2.006662,0.772033,-0.177585,0.170116,-1.169655,-0.635978,-1.063582,0.813287,-0.350987,-0.411232,-0.092482,0.300255,-0.646347,1.633479,-0.998898,-0.163971,-0.655817,1.178587,0.017042,0.800586,-0.021315,-0.568169,-0.052192,-0.672886,0.972078,0.243285,0.39365,0.452829,0.872757,-1.236055,-1.048477,-0.566805,0.269076,1.222874,-0.713111,-0.8514,0.408346,-1.062411,0.27566,0.168229,0.592746,0.245121,-0.138854,-0.959094,1.466338,-0.971196,0.630122,0.563407,0.160032,-0.535295,-0.919398,1.305599,-0.091544,0.527351,0.33265,-0.464859,-0.796389,-0.210349,-0.850982,0.364919,0.089694,-0.610492,-1.260278,-2.07419,0.432204,-0.005971,1.23086,0.083126,-0.549173,-0.076396,-2.30501,0.130537,0.481326,0.478758,-0.37644,-0.184429,-2.554559,0.828506,0.092002,0.193106,0.674836,0.275365,0.371396,0.125181,1.550373,0.509173,-0.595784,0.609156,-2.073263,1.364033,-0.945617,-0.677433,0.261229,-0.532311,-0.240364,-0.769555,-1.662178,0.301767,-0.455091,-1.019137,0.436215,0.416697,0.28351,1.664224,-0.516336,-1.467878,-0.748794,0.127754,-0.207643,0.312419,0.127896,-2.079127,-0.296577,1.513067,-1.016942,0.809851,-0.890925,-0.098835,-1.157285,-0.905907,-1.745077,-0.627359,0.583821,0.264217,-0.368582,-0.102722,-0.356013,-1.687557,0.996157,-0.09425,0.102335,0.646801,0.537307,-0.736493,0.312136,0.61318,-0.308934,1.510349,0.727337,0.409241,1.053265,-0.083983,-1.011904,0.551361,-1.877893,1.256688,0.964546,0.277287,0.119012,-0.705575,1.038497,1.913797,1.686586,-0.292101,0.049011,0.683815,1.003543,0.563458,-0.214376,0.611515,-0.489898,-0.063447,1.050547,0.270229,-0.203421,1.395241,0.140678,-0.256099,0.551241,0.296354,0.501615,0.191949,0.511683,-0.536982,0.616911,-2.77196,1.351489,0.187543,-0.689154,-0.284756,0.526779,-0.904758,0.486278,-0.373797,-1.110209,1.683688,0.625023,-2.027803,-0.05328,0.061278,1.05609,0.453576,0.768181,-0.431833,-0.048271,-0.581185,1.712704,0.203525,0.446228,-1.061208
ECA189,0.417075,-0.88684,-0.425682,-0.481336,0.1036,-0.132086,-0.193195,0.93557,-2.265323,-1.158064,1.181222,0.188173,-0.408666,0.307784,-0.183362,-1.367695,-0.171953,-0.936912,-1.021226,-2.085593,-0.331854,0.368373,0.358835,1.393302,0.970633,-0.81378,0.35538,0.757682,-0.561851,-0.505954,0.333568,1.082384,-0.947884,-0.997495,0.171178,-0.504045,-0.339765,1.180475,-0.093705,-0.262527,1.027113,0.296246,2.275851,1.346859,0.837924,0.018212,1.626638,-0.436714,0.313875,0.751828,0.796006,0.417295,0.067197,0.521928,1.320745,1.497236,2.384664,1.690811,0.625364,1.412241,2.393075,2.690097,3.951824,0.119802,-0.394166,0.911253,-1.159157,-0.13878,-1.383709,-0.089453,0.008681,-1.158573,-0.726217,-1.796385,-0.510465,-0.150721,0.162776,-0.146382,-0.442955,-0.502556,-0.620934,-0.450742,-0.552472,0.745233,-0.390553,-0.719302,0.844602,-0.70728,-0.990407,-0.820937,-1.022297,0.68014,-0.782223,0.748675,0.200398,-0.375127,-0.468587,-1.190175,-0.58146,0.165935,-2.042659,-1.195088,-0.026352,-0.749777,0.831397,0.316341,-0.216678,0.052348,-0.229914,-1.848252,-1.184724,1.435877,0.649645,-0.750195,-1.486226,0.439826,-0.480967,-0.117633,-1.688938,0.25723,-0.342199,-0.95054,0.220363,-0.330806,0.23484,-1.563146,1.407411,1.477119,0.610062,1.23626,1.389094,1.783945,1.550105,1.999079,1.5178,0.924258,0.753733,-3.005705,-0.275922,0.577069,-1.240615,-1.248684,-0.291832,1.103112,0.615822,-1.580324,1.895288,-1.89309,1.767744,0.027861,-1.623815,-0.707521,-0.892459,-0.039655,0.580159,1.967714,0.388316,1.32253,0.082801,0.33731,1.009932,0.803793,-0.04302,-1.544649,0.012519,1.812104,2.257548,1.42338,1.291685,2.106683,-0.390824,0.265601,-1.066753,0.718073,-1.709861,-1.736647,-0.907368,-1.262525,-0.809451,-3.332838,0.216643,0.145393,0.719356,2.441698,3.023509,0.823938,0.697527,2.108227,2.335241,-0.365296,-1.696671,-2.098697,-0.333224,-1.262454,-1.39971,-0.91156,-0.533479,-1.206094,-1.109624,-1.203867,-1.274652,-0.2993,0.582608,-2.505609,-1.656023,-1.699153,-1.763932,-0.438114,0.209918,1.031385,1.630584,1.302099,-0.00063,2.342404,-0.033566,1.693795,1.335405,0.043903,-1.219141,-0.352572,-0.691729,2.214739,0.127691,-0.304854,0.953596,0.253557,-1.393489,0.21338,1.131184,1.740107,-1.193855,-0.561062,-0.858292,1.029157,-0.758284,0.802751,-1.455335,-1.772657,-0.16403,-1.824877,-0.478159,0.127458,-0.632674,-0.875075,0.057412,1.126738,0.390251,-0.370618,-0.770881,-1.138777,0.75059,-0.641823,1.629392,2.312032,-0.556618,1.679983,-0.107405,0.450693,0.524938,-0.46476,-0.925011,1.71126,0.173976,0.11735,0.178411,0.033833,2.655853,0.870978,0.872174,-0.029068,0.401733,-0.103141,-0.343227,0.458677,0.347298,-1.526647,-1.346646,0.730073,0.975011,-0.710006,-0.075441,-0.298628,-0.035342,-0.533106,-1.323828,-0.085027,-0.717579,-1.606862,0.651856,-0.064115,0.510491,-0.270759,-1.455977,-1.018975,-0.112942,-1.583539,-0.559616,-2.180169,-0.267367,-0.403722,-1.688463,-0.454971,1.316035,-0.939713,-1.401528,-2.293665,-0.55382,-1.547048,0.234592,-1.41768,0.912865,0.598134,0.015031,1.346379,-0.691158,-0.225709,-0.501337,0.276098,-1.589531,0.543419,0.43728,1.051933,0.028309,0.05669,-0.385418,-0.716441,1.344618,-0.28254,-2.22811,0.410448,-1.622135,0.24301,2.026827,-0.522983,1.916215,1.518903,-0.558979,0.21311,0.029773
ECA1891,-0.826637,-1.041111,-0.109535,1.177013,-0.234411,1.555076,-0.664344,0.05102,-0.520805,-0.228863,0.958681,-0.592245,0.979873,-0.815414,-1.309619,0.055428,-0.358609,0.186218,1.105115,-1.513443,-0.733984,0.299744,1.854793,1.563839,0.945639,-1.02062,-0.041275,-0.3034,-0.781667,0.07092,0.317648,0.375065,-1.79088,0.269614,0.125984,-0.822258,-1.994698,-0.44809,0.957591,1.542242,-0.714452,1.123521,-1.374182,-1.312947,0.305287,0.263881,0.655489,1.899896,1.278394,-0.585316,2.082604,0.678877,0.565445,0.379273,-0.205473,-0.877544,-0.514699,-1.044388,-1.493891,0.069897,1.656434,-0.794976,0.763091,-1.15568,0.279469,0.373077,0.233812,-0.834193,1.464079,-1.707552,-0.769469,-0.154019,-1.20588,1.045168,-0.985274,1.418235,-0.421893,-1.329461,0.340561,-0.112295,0.061071,-0.378965,0.274665,0.160188,-0.049926,0.554173,0.956151,-1.110341,-0.957254,-1.96855,-0.953805,-2.03289,0.196778,-1.212052,-1.005394,-0.269994,-1.401149,-0.501892,-1.121757,1.832169,1.441005,0.511424,-0.651061,-0.307545,-0.478026,0.258815,-1.387002,-1.489184,-0.227267,-0.934127,0.284533,-1.267859,0.977131,1.038992,-0.149634,-0.116966,1.639629,0.078741,1.337217,0.667249,1.187709,-0.173377,-0.973258,0.625645,-0.832011,-0.54037,-0.833943,0.378117,-0.084027,0.008129,-0.311608,0.295181,0.270254,0.622517,0.801963,0.571776,-0.666045,0.948905,-0.422495,-0.57137,1.052406,0.650169,-0.52417,-0.725806,1.119321,1.525467,-1.234389,0.892273,-0.137557,0.084456,-0.443045,-0.307352,1.159566,0.740274,-0.644191,-1.167622,-0.553422,0.001058,-1.147248,-1.197254,-1.195252,-0.775058,-1.097637,-0.038583,-1.066944,-0.401841,-0.637299,0.607498,-1.993074,-1.4766,-0.611072,2.520522,-0.427498,-0.216012,-1.437987,0.124042,-2.118606,0.466296,-0.236929,-0.104854,0.414243,1.407081,0.024532,0.750479,0.587982,-0.294641,0.967971,-1.648932,-0.69905,-1.322749,-0.075029,0.385094,0.407994,-1.941332,-0.187039,-0.313874,0.326653,-1.469724,0.133004,-1.303487,0.310206,0.576401,1.962427,-0.210295,0.451958,0.487374,0.249349,0.041487,-2.241323,0.156853,-0.748874,0.781516,-1.562146,-0.205229,0.089929,1.425899,1.562523,0.588759,-0.284843,0.124246,1.017112,0.478601,0.387788,0.009731,1.442877,-0.110851,-1.226786,0.662519,-1.28421,0.570343,0.390964,0.048179,-1.705858,0.599134,-1.150773,-0.061055,1.293683,-0.968866,-1.758885,-0.139265,-0.244994,-0.888674,1.03259,0.888504,0.739802,-0.972926,0.116708,-0.591822,0.497856,-1.440579,0.382123,0.07884,1.364746,-0.651641,1.430123,1.761419,-0.782642,-0.648552,-1.290718,0.337995,1.254972,0.897328,0.414317,0.15968,-0.482682,-1.232359,-0.428239,0.103693,-1.199006,0.123102,-1.098711,-2.172705,-0.374035,-2.349502,0.266678,-2.322929,-1.330671,-0.002434,0.158549,-0.037514,2.336258,1.666049,0.177313,1.704608,0.328086,-1.326896,-0.420555,-0.489143,-2.059845,0.312913,-0.593554,-1.182771,1.041288,-1.489903,-1.789302,-1.230807,-1.1449,-0.410849,0.651211,-0.133579,-0.000815,1.156517,-0.727801,-0.796823,0.029445,-0.214717,0.605268,0.852944,1.182045,0.12507,0.712448,0.886849,0.12009,0.794824,0.749323,-1.71979,0.050604,-0.251742,-0.780679,-1.399328,-0.814427,1.088457,-0.240402,-0.421108,0.262778,1.098743,1.674691,0.423156,-0.070562,-0.647785,-1.196137,-0.710432,1.470795,0.230727,0.184747,0.412299,-0.307086,-1.901078,0.343923
ECA191,-0.026918,-0.192131,0.394666,-1.254921,1.238703,-1.00415,1.228311,1.631994,0.451903,0.276121,-0.952815,0.439044,-1.854173,-1.992947,0.215318,-1.66053,-0.480107,0.233645,-1.747329,1.864498,0.113777,0.114844,-0.186583,-0.997491,-0.456608,-0.382898,0.695083,-1.5493,-0.798173,-0.735199,-0.452854,-0.128623,-0.052389,-0.685971,0.236951,1.782389,-0.511105,-1.254224,-0.666914,-0.491228,-0.06475,-1.41634,-0.963937,0.492647,-0.377351,1.377542,0.709979,-0.961134,0.223867,-0.894051,1.341332,0.024853,-0.082222,1.423211,0.533708,-1.179012,-1.021225,-0.363203,-0.015569,-0.949037,1.104311,0.376366,-0.928883,1.09758,0.094606,0.868799,-0.167953,-1.21551,-0.834214,-1.36079,0.583333,0.117119,0.722581,-1.35606,0.058328,-0.247367,0.352273,2.387934,0.666558,2.694683,2.408727,0.204877,-0.545548,1.687631,2.062819,0.8085,-0.222213,-1.155309,0.838926,-0.07058,0.149245,-0.54886,-1.499746,-0.187017,-1.296704,-0.686468,0.533016,-2.579634,-0.066031,0.089945,1.446253,-0.330101,0.032015,-1.247529,-1.038096,0.5757,-0.221007,0.639184,-0.138445,-0.094071,0.242272,-0.105046,-0.421823,-0.770249,-2.011276,-0.957714,0.137193,0.824963,0.84356,1.13459,0.453047,-1.277568,-1.805069,-0.391711,0.146381,0.175535,-1.708572,-1.151786,0.702253,-0.468586,-0.992881,-0.948391,-1.204841,0.430547,-1.064893,0.630606,0.268039,0.292304,-1.162414,-2.473318,1.163209,0.398399,-1.300097,-0.050345,0.878115,-0.257933,-0.145116,-1.714091,-0.664198,0.863786,-0.974821,1.072669,1.055749,1.707417,0.204821,0.844815,0.229412,1.157471,-0.564405,-0.112871,1.531653,0.539797,1.4614,0.094379,0.872848,-0.056669,-1.225598,-0.42346,-0.44623,0.256543,-1.417458,-0.940676,0.66947,0.239841,-0.115671,-0.144982,0.126209,-1.84762,-1.307471,-0.254048,0.02365,0.744556,0.98326,-1.221309,-0.72696,-0.583364,0.034797,0.04991,-1.994742,-1.379735,0.183252,0.656587,-0.002122,-0.434321,-0.88015,-0.456795,-0.488753,-0.812296,0.120371,0.289947,-0.49302,0.224419,-0.977173,-0.834174,0.251922,0.120924,0.567201,-0.037201,-0.47644,-0.560339,0.196856,-0.292629,-1.733056,-0.750444,0.247356,-0.512568,-0.092464,-1.535699,-0.574363,-0.033005,-0.754204,-0.691139,-0.76722,-0.964845,-1.840291,0.288016,1.203787,-0.126955,1.25797,-0.297172,0.362679,0.830225,-0.211757,-0.979327,0.590576,-1.045883,0.22433,0.345912,-0.443741,-0.702525,1.121217,-0.2313,0.297434,-0.878391,1.596263,-1.591346,-0.897967,-0.820924,0.183059,-1.370909,-2.503824,-0.515362,-1.269473,-0.019485,-0.119373,0.365976,1.291831,-0.31368,-1.045371,-0.050891,0.139152,0.747977,0.708467,-0.97632,-0.036694,0.064965,0.641721,0.69447,0.777818,0.175827,-0.829421,-0.788272,-1.205114,-1.489593,0.057708,-1.329744,-1.110691,-1.267839,-1.068701,-0.866854,-0.846167,-0.523546,-1.516856,-0.329407,-0.049322,-0.322527,-1.798348,-1.106392,1.125008,-1.042801,-0.122808,-0.471335,0.231264,-0.291942,0.089633,-1.103191,1.122407,-1.013621,-0.677067,-2.073225,-0.256938,0.479968,1.625164,0.938449,1.470691,0.147558,0.626203,0.545551,-0.079047,-0.58134,0.734643,-2.608354,-1.840248,0.698093,-0.435646,-0.482169,-1.468924,0.872271,-0.231006,-0.77656,-1.640391,-0.210188,-1.199251,0.855172,-0.605718,0.462928,-0.579977,-0.129644,-2.832681,-0.270309,-0.755199,-0.589429,-0.446719,2.42514,1.237251,-1.069128,1.488586,1.582249,-0.081982
ECA1919,1.398042,-1.599141,-0.982984,-0.920086,-0.314899,0.453226,0.917181,1.728049,0.357527,0.339832,1.768829,1.927297,-0.094677,1.192174,1.583644,1.021717,0.656382,1.520531,0.44873,1.22707,-0.419198,1.918052,0.763743,-0.076402,-0.34288,-0.116777,-0.407327,0.574917,-0.584171,0.12955,0.076887,-0.513547,0.446603,-0.501167,0.048041,-1.121489,-0.635284,-0.510044,1.034785,-1.133064,1.068904,-0.265182,0.729175,-0.396759,-1.091456,-0.401405,-2.85411,0.179406,-1.05435,0.245875,-2.104862,-0.222347,-1.254413,0.395515,0.273411,0.147717,-0.945042,-0.417272,-0.701076,-0.222988,-1.262595,0.537962,0.586644,-1.151803,-0.66136,-0.379113,-1.98054,-0.78434,-0.997348,0.103616,-0.265693,-0.944828,-0.141028,2.233426,-1.407786,1.242661,0.289877,-1.127572,-0.379759,-0.100667,-1.788682,1.271696,0.97,1.353143,-1.743215,-0.395792,-2.030739,-0.475871,-0.557974,-0.036127,1.491945,-0.050684,1.816615,-1.515583,-0.26536,-1.015201,-1.177626,-0.267055,0.232715,-1.174232,0.153005,2.736236,0.246611,-0.482246,0.426667,0.983496,-0.813216,0.682378,0.265361,-0.376038,1.835043,-0.194654,-0.065124,0.256098,2.22502,0.652846,0.201203,-0.5735,0.569514,-0.772795,0.352896,0.225392,-0.018793,-1.572701,-0.953083,-0.153869,-0.372746,-1.306583,-0.777343,-0.635503,-0.532802,-0.212075,-0.052489,0.316441,0.755296,-0.562651,0.393886,-0.676191,0.267846,0.338393,1.130929,-0.166249,1.435081,-1.53438,1.074207,0.72592,0.657439,-0.132083,0.463206,-0.657832,-1.775514,-0.090988,-1.228527,-0.774495,0.366055,-1.868749,-0.639182,0.320445,0.433027,-1.927344,0.255401,-1.309613,0.005502,1.171634,-0.866189,-0.254377,-1.377581,1.547756,0.003436,0.379278,0.754888,-1.219677,-0.463683,-0.169808,0.380591,0.48327,0.536659,1.94549,0.703112,-1.064629,1.113496,1.409335,0.84437,-0.547309,1.552572,0.519011,-0.176877,0.561441,-0.871656,-1.532552,1.485974,0.077322,-0.854391,2.285253,1.365197,0.555205,1.176035,1.689042,-0.614796,0.239049,-0.282007,-0.221676,1.294707,0.523328,0.42855,-0.940339,-0.773035,-0.077561,-0.311436,-0.578948,0.21688,-1.473615,0.021853,0.361323,0.181052,-1.327548,0.103848,-0.407812,0.105135,2.034752,-0.19691,-0.102023,0.7275,0.807254,-0.330915,0.161945,-0.746206,0.694912,-0.013388,-1.197858,-0.062708,0.148035,0.845967,-0.490297,-0.515282,0.168112,-1.133085,-0.041536,-1.566245,0.103155,-0.294295,-0.0575,-1.524643,-1.747716,-0.782328,-1.13156,-0.496221,-0.05871,1.937097,-1.583391,-0.417159,-1.995848,0.527428,-1.691841,0.656253,2.251358,-0.435553,-0.521033,0.0571,0.123293,2.014437,-2.258242,0.332046,0.245646,-1.473175,1.29881,1.113154,-0.549928,1.234682,0.663742,0.82383,-0.497775,-1.033099,-0.904315,-1.004456,-0.684045,-0.329095,0.174295,-1.957531,0.083023,0.008629,0.525206,-0.10759,0.469593,-0.148864,-0.836969,-1.865972,-1.187837,-2.12221,0.324438,0.930912,-0.224807,-0.915007,-0.150894,-0.1089,-0.507008,-0.121944,0.183708,-1.15104,-0.434165,-0.251866,0.078346,-1.060642,1.736423,-0.414031,-0.101428,1.243813,-1.085413,1.227382,2.557067,1.179085,-0.506177,0.931606,0.894742,0.707533,0.227752,1.428661,-0.52033,1.101204,-0.941177,-0.879813,-0.081272,-0.423476,0.606807,-0.980663,0.214226,1.35852,-0.78107,-0.868569,0.735246,0.084552,0.756991,1.161414,0.330421,-0.740282,-2.045634,1.12327,-0.641988,0.950407
ECA1969,-0.479649,0.545196,0.925341,0.42116,1.08022,1.071888,1.542742,0.366778,-1.179078,-0.001752,-1.282651,-0.626288,-0.67472,-1.115712,0.291537,-0.219104,-1.819907,0.368507,1.971672,0.087165,0.050346,-0.329451,-0.874864,0.948052,-0.050763,0.500655,0.580207,0.488733,0.149777,-0.510949,0.228302,-0.674071,-0.494307,-0.461417,0.665605,0.782882,0.871049,-0.031984,1.071016,0.273257,1.559424,0.566538,1.212804,1.431794,1.730605,1.174245,0.96799,1.512171,1.910636,-0.479215,2.950894,-1.240306,-0.014307,0.740439,0.410544,-0.944077,-0.521679,-0.440238,0.345281,-1.002035,-1.387093,-1.235668,-1.050809,0.417583,-1.880107,0.04335,-0.257094,0.29982,-1.512656,-0.596182,-0.798585,1.40782,-0.958084,-0.306188,1.781795,0.287429,0.38629,-1.626845,0.919306,0.070957,1.041141,0.749759,0.037332,1.180972,1.103445,-1.577396,1.696836,0.298034,-0.30387,-1.016124,0.131289,-0.38072,0.52548,-0.098543,-0.26027,1.137571,-0.204307,-0.264404,-1.098238,0.259417,0.322157,-0.686738,1.299054,1.674901,0.975329,0.306335,0.523246,-0.545457,0.367671,2.122114,-0.034689,-1.288424,-0.149557,1.62537,1.294158,1.599746,0.278359,-0.320126,1.241303,-1.693467,-1.36032,0.153328,0.416432,-0.17879,-0.567967,-0.445345,-2.490762,-1.585745,-0.070939,-0.675589,-1.03885,0.014221,-0.044477,-0.926649,-0.858399,0.252067,-0.815714,0.223318,-0.749719,-0.869063,-1.390744,-1.489394,-0.937024,-1.201377,-0.937778,1.496307,-0.635454,-0.048182,0.105888,-0.735604,-0.779322,-0.210731,-0.304564,0.060607,0.683527,-0.856595,-0.260336,1.361256,-2.288831,0.707162,0.199933,-1.07568,-0.267061,1.068276,-0.474795,0.427254,-1.61111,0.219489,-0.121268,-2.049178,-1.645888,-0.26022,0.747044,1.025233,0.730895,0.892412,0.891348,0.445361,0.276859,0.234644,-1.351865,-2.379302,0.706379,1.160377,-0.606472,-0.202884,-1.786512,-0.835037,-0.478947,1.011997,0.998575,-1.427039,1.024315,0.061443,0.066829,1.194571,0.269837,-0.205333,0.105751,1.164199,-1.097824,-0.389633,0.070978,1.575209,-0.934438,0.243452,-0.246466,0.679893,-0.59608,0.35446,-0.131461,0.883749,0.954847,0.158098,1.329316,0.020136,0.406959,0.603818,0.397355,0.690253,0.464101,-0.451904,-0.087238,0.670802,0.087167,0.915883,-0.495848,0.422218,-2.19311,-1.02541,0.344629,-0.491734,-0.896624,-0.573421,-0.275769,1.208294,-1.137113,0.224607,1.543096,0.318821,0.513812,0.205685,-0.557066,-0.320035,-0.507697,0.933705,-0.674905,0.340666,-2.686286,-0.285876,-1.013083,-0.733754,-0.022028,-0.509326,0.623342,1.533035,-1.271717,0.359473,1.41843,-0.049259,-0.69745,1.322849,-0.82883,0.203231,2.034194,-0.446106,0.405156,1.363176,0.887732,-0.860357,-2.181273,1.328481,-1.339457,-0.514927,-1.447591,0.300313,-1.565193,0.100501,0.609482,0.477915,-1.759488,0.016038,-0.380562,-0.559011,-1.09851,-0.247759,-0.624773,-0.710236,0.200472,1.260448,-0.253117,-0.913444,0.727397,-0.216952,-0.167059,-0.025314,0.551686,0.127131,-0.199322,0.031609,0.39099,-0.083609,-1.499375,0.371581,1.392677,0.52301,0.642074,0.441828,0.515657,0.565456,-0.240054,0.692604,1.227446,1.414933,0.152181,0.674019,2.192722,2.150591,1.657446,1.648149,0.363313,0.988475,0.768073,2.125149,0.904504,1.081897,0.763136,1.075783,-2.36247,1.09238,-0.471659,1.098214,-0.656324,-0.990097,-0.136256,-0.714544,1.317258,0.807781,1.459434
ECA2043,-0.44282,0.946003,1.779264,1.289059,-0.220005,0.553033,0.685483,0.27173,-0.039588,0.999431,0.376757,0.179246,-0.092094,0.255944,0.774801,-0.195746,-0.419288,0.094589,-0.491059,0.790049,-0.872222,1.152284,0.399823,0.31296,-0.254472,0.665922,0.204164,-1.340028,-0.633658,1.111121,-0.775242,0.699465,-1.33898,0.466884,0.507095,0.871728,0.575333,-1.389376,-1.193421,-2.194137,0.047336,-0.075079,-0.899732,-0.465456,-0.916259,-0.226191,-0.151631,1.265032,-2.631457,0.078705,-0.456947,-0.701249,-1.163663,-1.681861,-0.122202,0.286542,-1.367039,-1.123606,0.323334,0.326819,-0.801259,-0.084904,0.727502,2.215393,-0.134012,1.331654,0.568905,2.087267,1.052835,-0.427041,0.661094,-0.357835,-0.262564,0.027631,1.337801,0.392316,0.789755,0.900512,1.608795,1.10767,1.567614,1.57135,0.034018,-0.788475,0.104357,1.601367,1.566746,1.169803,0.198459,1.285897,-0.180106,-0.926643,-0.139812,-0.80231,0.983264,0.366682,1.357916,0.052803,0.479811,1.289066,1.209431,0.410135,-0.662774,-0.70376,0.671628,-0.55683,0.925811,-1.122727,0.312308,-0.560113,0.159365,-1.152635,-1.131471,0.037319,-0.047436,1.376912,0.003822,0.202849,0.427674,-0.16864,-0.107416,-0.86578,-1.192518,-0.964682,-0.646075,-1.628738,0.375295,-0.529541,0.19697,-0.790932,-1.406018,-1.225085,0.402473,-1.700679,-0.24502,0.275794,-0.800934,0.560733,-0.738437,0.150682,0.161874,0.912741,0.72447,-0.296358,0.95118,0.714624,-0.392774,-0.522885,1.287926,-1.940731,0.167916,0.408817,-0.707481,0.963278,-0.36302,-0.288637,0.536067,0.644906,-1.164794,0.459192,-0.674209,2.450346,-0.341217,-1.637141,-1.519518,0.744833,-1.133164,0.772724,0.037681,-0.574313,-1.598629,0.218343,-0.265328,1.373936,0.089609,-1.453213,0.752086,1.703617,0.65558,0.332516,-0.522149,-0.360692,-0.135982,-1.754837,-0.21439,-0.877019,0.566674,-1.722191,-1.009088,0.336818,-0.985441,-0.299483,-0.688145,-1.041998,0.090986,-0.710874,-1.048218,-0.714488,0.590948,0.815209,0.211671,-1.577523,1.193496,0.983472,0.695464,-0.767348,0.264315,0.988092,-0.012796,-2.3165,-1.099669,0.036312,-0.206935,-0.984665,-1.177457,-0.607826,0.195554,0.92171,-0.24852,-0.14079,1.05245,0.21186,0.539775,0.416587,-0.289838,0.859091,1.413788,0.700723,-0.085509,0.974781,2.010993,-0.421868,1.274274,-0.382407,1.55607,-0.244434,1.612188,-0.25226,-1.076239,1.141664,-0.897184,-0.209663,2.155317,-1.196131,1.076197,-0.225086,0.026484,-0.027403,-0.685169,0.371836,-0.119007,-1.172485,0.231384,-0.658113,0.055119,-0.351297,1.273649,1.03299,1.006973,-0.513328,1.841547,1.196939,0.581313,-0.1085,-0.193521,1.322299,0.488379,0.510525,0.265757,1.670015,0.162701,2.141074,0.335401,-0.128449,1.057528,2.123029,-0.251039,0.460264,-0.038607,-0.805894,1.265457,1.063738,0.816935,0.33743,0.790031,0.738774,0.926221,1.630427,-1.123267,-0.15819,1.461144,0.345672,0.414056,0.532239,1.588846,0.278735,-0.069797,1.551648,0.564473,1.41565,-0.311169,0.874078,0.578193,1.146839,0.381225,0.617853,-1.855292,-0.057203,2.659364,-1.441352,-1.072976,-0.941417,-0.314251,0.301309,-0.922958,0.896164,1.142263,-1.949474,-0.064705,1.729766,-0.20441,-1.519091,-1.050726,-1.064472,-0.828139,-0.078386,-0.536416,0.285331,-0.324615,0.945693,0.677623,1.787128,-0.609486,0.365391,-0.522949,0.479359,-0.439692,1.065725,-0.687286
ECA2073,0.122543,-0.744967,0.887158,-0.108469,1.417662,0.591062,-0.156339,0.531355,-0.285855,0.430029,-0.163202,0.597749,0.337926,-2.068229,0.452108,-0.195267,-2.080117,-1.771365,0.493441,0.474229,-0.28513,-0.547125,-1.190805,-0.168171,-0.046842,0.048738,-0.214558,-0.116883,-0.566553,0.991415,-0.614783,0.924231,0.509265,0.282381,-1.012706,-1.275788,2.555651,0.452947,0.351294,0.167004,-0.113873,-0.466618,1.679382,-0.28374,0.179067,0.804726,-0.202238,1.203946,-0.044662,0.587724,-0.137711,1.688942,-0.479621,1.187231,1.439705,-0.831127,-1.106327,0.262674,-1.617586,-0.085221,-1.071037,-0.42373,1.111088,0.232228,-0.231841,-1.499455,-1.375273,-0.298568,0.190818,-0.768485,-0.020881,-0.646064,0.737375,0.604401,-0.807825,-1.300662,-0.311493,0.221285,-1.290925,1.326249,-0.142097,-1.125608,0.393586,-0.145765,0.577327,0.105793,0.069545,0.026331,0.898367,-0.66569,-0.830179,0.628034,0.415127,-0.406056,0.626064,-0.681984,-1.19795,0.378254,1.382114,-1.537,1.17711,1.066139,-0.442124,0.337926,-1.214602,1.050467,0.4973,0.060493,-0.474983,1.189487,0.35293,0.580506,0.756336,-0.467377,0.363489,-0.751279,-0.524001,-0.712787,0.943557,-2.300113,-0.87864,0.443944,-0.733804,-1.323352,-0.344818,-1.972672,0.698516,-1.45905,0.425723,-0.055984,-0.263352,0.377444,-1.917621,1.097732,0.470441,-0.909937,0.420118,-0.508264,-0.558067,-1.4848,-0.821182,0.173301,-0.808335,-0.276954,-0.257454,0.543087,-0.292173,-1.494346,0.538046,1.00973,-0.65544,-1.598667,-1.262078,0.428756,-0.984428,0.234459,-1.659751,-1.212099,1.579703,-1.69398,-1.429872,-1.467364,-0.347461,1.028073,-0.532127,0.963665,-0.738397,0.195112,-0.498774,-0.315676,-0.668429,-0.70874,-1.003185,-0.272435,-0.329207,0.37671,1.13116,0.794914,0.257767,1.263452,-0.13903,-0.666577,-1.161877,-0.76842,-0.336177,1.353689,-0.156495,-0.414325,-0.635211,-1.066763,-2.407919,-0.254069,-1.089562,0.023025,0.960015,-1.462671,-0.310953,-1.198213,-0.179815,-0.516969,0.375666,-0.973368,1.095002,2.300773,-0.013464,0.49547,0.991634,0.005918,0.950959,-0.042835,-0.061863,-1.10929,-0.101872,-0.015457,-1.366938,-0.54532,-1.426005,1.172372,1.526645,0.341959,-0.020372,0.227004,0.035929,0.31396,0.487516,-1.932819,-0.477229,0.314718,-0.499197,-0.655131,-0.744379,-0.453682,-0.805298,-1.938317,2.5729,-0.690833,-0.837178,-1.11357,-2.041774,-0.949772,-0.473153,-0.044415,0.019383,-0.612313,-0.611921,-1.000043,-0.871695,0.768865,1.553097,-1.198396,-0.862698,-0.83537,-0.566073,0.097221,-0.544112,0.167488,0.02091,0.338945,0.845753,-0.020071,-2.449711,0.149023,1.129638,0.292788,1.022409,-0.07362,0.766718,-0.107935,0.401029,1.43982,0.768954,0.572555,-0.792592,-2.547219,-1.100178,-0.487919,1.629443,-0.190832,-0.364965,0.93402,-0.113471,-1.75233,0.075737,-1.456338,-0.075074,-0.680563,-0.429306,-1.17976,0.898755,-0.107754,1.597123,1.632378,0.681441,1.130235,0.779103,0.36629,0.321471,0.667807,-0.801828,0.64152,0.431739,1.74946,1.349385,0.435798,-0.646748,0.702068,-0.706401,-0.328079,-0.78147,-1.074677,-0.445382,0.452436,0.45088,0.40244,2.188284,2.037771,0.836938,1.6248,1.408774,2.600609,0.905179,-0.329859,0.760988,0.027682,-1.294582,0.742933,1.770947,0.593986,0.077316,1.868856,-0.647659,-0.631054,-0.03022,0.989484,-0.437491,-1.001421,-1.081414,0.004915,-1.281196
ECA2081,0.36649,2.694014,-0.318568,1.680844,0.961425,1.092425,0.551613,0.293366,0.029144,2.247664,-0.606502,2.82223,0.955714,0.864471,1.728644,1.754515,1.605117,0.29888,-0.531523,-1.194268,0.6493,0.041242,0.746617,-1.236922,0.879161,0.922684,-1.823717,0.36438,0.245272,0.449473,1.210109,-1.220637,1.251582,-1.274913,-0.684013,-1.486069,-1.494088,0.38403,1.328138,-0.034402,-0.420068,1.775743,-1.448852,-0.238289,-1.934714,1.154025,0.692611,0.141929,2.046867,0.298419,1.157483,1.405001,1.035882,0.337145,-2.611165,-0.192688,-0.649879,-0.021131,1.136257,-1.318722,0.688545,-1.047636,-0.65026,-1.102981,-1.226399,1.351419,-0.741497,0.99374,-0.413403,-0.133918,0.722242,-2.206238,0.009942,2.266681,0.350194,-0.519448,-0.181794,0.794241,1.1166,1.310672,0.694167,-1.119986,0.879662,-0.2883,-0.45802,-0.598037,-0.04949,-1.675461,-0.718588,-0.03628,0.919691,-0.39935,-0.187314,0.629825,-0.60743,-0.4991,-0.357767,1.235313,0.330866,1.349207,0.500108,1.086902,0.045272,-0.956181,0.91093,0.286258,1.008925,-0.107233,0.661262,-0.451539,1.666866,-0.5391,0.565748,0.903607,0.35176,1.759926,0.219502,2.153183,-1.112338,-0.375521,0.587626,0.446627,1.746178,1.698562,0.784266,1.072713,0.323831,-0.947528,1.128767,-1.070216,0.237127,1.445864,-0.236493,0.712248,0.102274,-0.351253,0.716277,-0.152896,0.06874,0.736854,-0.285537,1.912531,-0.599031,-0.0481,-0.280266,-0.545473,0.159954,0.483876,-0.216047,2.424964,0.259945,0.378682,0.088167,0.059597,-0.835772,0.734005,0.687167,0.307896,-1.089469,-1.21787,-1.190256,-1.27284,-0.613288,-1.226404,0.315133,-0.676204,-0.381507,-1.117519,0.221933,-0.732683,-1.133025,1.154025,-1.246325,-0.791418,-0.632383,-0.560778,0.974709,1.455102,0.311793,-0.031601,0.159151,0.353126,-0.613747,-1.069677,-1.212288,-0.968239,0.052533,-0.519642,-0.85177,-0.877737,-0.277019,1.267551,1.324989,-0.19281,0.378366,1.376606,0.302061,0.083008,0.7793,-1.168121,-1.530289,0.693043,1.066634,1.793566,0.038515,0.489922,1.132478,-0.876043,-0.015062,1.276295,-0.301446,0.553277,-0.174715,-1.034426,-0.186018,-0.413945,-0.784907,0.005863,0.779538,-1.887611,0.964308,-0.73146,-0.882036,0.565944,-0.188474,-2.305124,0.930073,-1.209761,-0.088242,-0.268147,1.168379,-0.750211,-0.502816,0.125475,-0.688511,-0.793009,1.369244,1.436123,0.081221,0.553089,0.933645,1.786174,0.980289,-1.111242,0.022769,0.793001,0.881932,1.777862,1.615453,0.737341,0.133617,0.853179,0.821518,0.597053,1.121972,0.283035,-0.561647,-0.066502,0.962063,0.18125,-0.05042,-0.871914,0.588439,0.507145,0.420704,-0.000683,1.507868,0.58891,2.014256,1.581455,0.426022,-1.052423,-0.477644,-0.685146,0.788484,-1.235382,0.921755,-0.35798,-2.531289,0.391456,0.568072,0.363959,0.389175,-0.049477,1.607102,-0.047365,-2.131896,-1.954455,0.886676,-0.203456,1.319666,-0.472936,-1.556929,-1.118305,-1.622946,-1.288748,-1.017043,0.361564,-0.082057,0.879667,0.698409,0.522417,-0.434857,0.885221,0.749092,-1.188219,0.592504,0.354145,-1.525637,1.607584,2.335759,0.197095,0.427613,1.12858,1.423164,-0.569138,-0.896897,-1.173827,0.616099,-0.001549,-0.024499,0.928519,-0.552281,0.13021,-0.797761,-0.032581,-2.469675,0.825539,-0.02708,-0.492654,1.29017,-0.385945,-0.201271,-0.617506,0.190087,0.931659,1.815304,-0.54826,1.668006
ECA2091,-1.272163,-0.519214,-0.435944,-1.49342,-0.669357,-1.286823,0.207095,-0.479656,0.440716,0.543171,-0.967895,0.683215,-0.646193,-0.032432,-0.077343,-0.494544,-1.47711,-0.403121,-1.185788,-0.218276,0.33729,0.459958,0.297977,0.49897,-0.249353,-0.313123,-0.559212,-1.329541,-0.126485,0.26013,-2.275584,0.011386,-1.229062,-0.039528,0.013879,-1.529979,-0.329364,-1.072236,-0.190959,-0.907099,1.330723,1.250372,0.093547,-0.165457,-0.768861,-0.689394,0.075843,-0.368777,-0.077648,0.319903,0.350704,-1.429539,0.27707,-0.138833,1.726192,0.834765,0.107629,0.960894,-0.60193,-1.107308,-0.402463,-1.195832,-0.865731,0.162543,0.971296,0.216486,0.370619,0.073544,-0.696876,-1.220264,-0.658814,-1.186731,-0.287417,-1.810803,-1.116559,-1.905638,0.983828,-1.084374,-0.653091,-0.369911,-1.014788,1.190569,-0.459507,1.919829,0.216314,0.847233,0.047464,0.991951,0.88611,2.222137,0.296784,1.399778,1.329773,0.590689,-1.82288,-0.283123,-0.44953,-0.504303,-0.418403,-0.972203,-0.133234,2.778425,0.559525,-0.399578,-1.063424,-0.396057,-0.122461,-0.911243,-0.618575,-0.056574,1.846385,-0.066071,0.076269,-1.23747,-1.208085,-0.325307,-1.006721,-1.751299,-0.805151,0.59116,0.754755,1.079058,-1.185067,1.402797,-0.195977,-0.236599,-0.848714,-0.878115,0.327289,0.585168,-2.083394,-0.735919,0.538926,0.041558,1.572083,0.123455,0.64089,-0.271661,-1.63622,0.400601,0.363251,1.021263,-1.010392,-0.086335,-1.240912,0.085839,0.184709,1.304363,1.676957,0.932951,-0.111417,-0.442892,-0.339217,-0.800453,0.829453,-1.845798,-1.415339,0.356143,-0.595256,-0.585536,1.456387,-0.630272,0.689682,-0.706354,-1.537542,-0.615577,-1.287097,-1.356754,0.357669,0.153288,-0.352145,-1.878031,-1.408097,-0.89273,0.58731,-1.269697,0.724163,-1.292969,-0.528558,-0.129827,1.250851,-0.17881,-1.450888,-0.973793,-1.123261,-1.448574,0.268289,0.168767,-0.637464,-0.880048,0.324041,0.572767,1.133087,-1.107856,-1.117317,0.532415,0.780232,0.333808,0.277969,0.73372,0.703188,-0.771076,-1.654474,1.287555,0.219087,-0.916467,-0.574945,0.211763,0.223757,-1.6945,-0.152972,-0.007853,-0.362088,-0.180352,-0.961736,-2.183591,-0.691063,-0.426973,0.416021,0.704522,0.783953,-0.750709,-1.208959,-2.462372,-0.253079,0.272765,0.406947,0.966215,0.635042,-1.076371,1.219106,-0.836216,-0.709415,-0.218201,-0.994408,0.649484,1.278257,0.051396,1.183297,1.661158,1.291076,1.25972,1.126148,-0.421808,0.387991,-1.114716,-1.113829,0.169609,0.642632,0.278235,-0.619067,-1.093975,-0.645243,1.01622,0.390483,-0.00226,0.134085,2.29168,2.24797,0.866141,0.545684,1.387677,-0.393631,0.592019,2.352181,0.294049,0.445848,-0.863526,1.147116,0.545766,-0.703542,-0.37597,-0.477674,-1.924176,-1.832301,1.789258,0.153424,1.600355,0.859878,-0.029726,-0.196595,-0.844576,-0.104167,1.271623,0.428095,-0.855447,1.331381,-0.436193,1.390919,0.80672,-1.02106,-0.188294,-0.318457,-1.634951,0.96168,-0.142939,0.479918,-2.619374,1.027025,0.021311,-0.004607,2.004053,0.424571,0.949656,0.653559,-0.951438,0.555921,-0.504821,0.441798,0.451464,-0.686937,0.395444,-0.675083,-0.267117,-0.79672,0.133337,-1.275306,0.564755,0.247328,-1.113492,1.767752,0.572447,-0.247999,-0.697451,0.20612,0.703423,-0.178741,-0.550345,0.842246,-0.983637,-0.799717,-0.434778,0.055171,0.368226,-0.338976,-0.456181,-1.288334,-1.268959,-0.90105
ECA2151,-1.773119,-0.237272,-1.152553,0.166971,-0.568027,-0.41622,-1.72729,-1.1683,-2.33818,-1.805788,-0.175825,-0.715096,-0.480637,0.414369,0.017,0.312854,-1.659587,1.014962,-0.749275,-1.224337,0.098472,-0.20556,0.524027,0.770978,1.378968,0.059541,-0.586122,0.457424,0.541255,1.518579,-0.058384,-0.638331,0.674351,0.240725,0.553129,-1.048015,-1.124574,0.109829,1.179267,-0.497938,0.056824,-0.771739,-2.690193,-0.861506,-0.537236,0.388061,0.056648,-0.902842,0.761898,0.805963,-1.570891,-0.662573,-0.48323,-1.239833,-0.061814,0.166646,-1.498258,2.225181,0.778971,-1.318922,0.953597,-0.301995,0.811068,0.374567,0.017362,0.159365,0.181594,-0.343066,0.80317,-0.027157,-0.598934,-1.13994,-1.524757,0.740538,0.006031,-0.236781,0.844889,0.424476,1.482245,0.935189,0.920067,-0.010405,0.0757,1.531796,0.760773,-0.984534,0.913321,-0.12568,-0.300227,-0.201851,0.578187,-0.50152,-2.73318,1.023158,2.091723,0.005473,1.235408,0.583715,-0.981349,0.622335,-0.582767,-1.006567,-0.450147,-0.428826,1.1363,0.14386,0.010773,-0.131629,0.745952,0.338156,-2.581083,0.726768,0.368347,-1.517532,0.948043,-0.232472,-0.728737,1.484384,0.224249,0.591877,0.214433,0.74091,1.309809,1.893182,1.01481,1.310718,-0.118875,0.041771,-1.393092,-0.993167,-0.381624,0.00432,-1.283396,-0.972099,-0.404405,1.823265,0.299244,-0.771348,0.304409,-1.136352,-0.204262,-0.428161,-0.379117,-0.053195,1.859539,-1.536424,-0.656825,-1.018102,-0.700449,1.23285,-0.82439,0.074553,0.3337,0.521124,0.441336,1.408535,-0.039757,-1.599214,0.370488,1.215265,-0.042784,-0.391158,0.276648,0.519035,-1.954563,0.233791,0.386747,1.122881,-0.974408,0.821458,-1.631843,0.02662,-0.764474,-0.322602,-1.847788,-1.271073,-2.722831,-0.820287,-0.11704,-0.685228,-1.609974,-0.282614,-2.06866,0.041486,0.486438,-1.956107,-0.18644,-0.360245,1.091485,-0.412036,0.937629,0.707057,0.251351,-0.321858,-0.057563,-0.950347,-1.074299,-0.649298,1.422157,2.183483,2.153952,-0.121864,-0.635364,0.087977,-0.465761,0.704973,-1.339656,0.52957,-0.633402,-0.457179,0.798216,0.164149,-1.508243,-0.628017,0.861737,-1.261115,-0.628544,-0.498278,-0.395318,0.67594,1.186513,-0.195565,-1.226248,-0.788358,0.176593,-1.149648,1.249835,-0.532023,-0.614384,-0.686028,-0.281128,0.577844,-0.894823,0.320971,-1.697302,-0.373237,0.834911,-0.174611,0.199487,-0.640392,0.525982,-0.199388,-0.118377,2.291316,1.441447,0.174444,0.214323,1.546803,-0.561046,1.659067,1.800286,-0.246411,-0.689506,-0.539308,-0.71734,0.535453,-0.43675,-0.296202,-0.699327,-0.815842,-1.319067,-1.732701,-1.901731,-1.136312,0.248312,-1.541102,0.597386,-1.400068,-1.167886,-0.064237,-1.166495,-0.716813,-1.355447,-0.207932,1.496538,-1.005822,-1.413828,-1.117392,-0.287181,-0.173965,-0.048939,-0.179105,-1.337405,0.611872,-0.281142,0.246522,-0.024562,-0.62747,0.074192,-1.78355,1.333777,0.773884,-0.292748,-0.351109,0.352356,0.187505,-0.466395,-0.782516,0.593204,-0.410181,-0.327632,1.35425,0.954894,0.425781,0.985522,-0.499534,0.679984,-2.640027,-0.185044,0.033655,-0.924381,0.162422,0.543727,-0.94484,-1.702076,0.305418,1.097796,-1.294497,0.563257,-0.307644,0.479982,-0.624613,-0.497056,0.436148,0.693959,0.111961,-1.840814,-1.337308,1.451553,-0.313664,-0.426643,0.609893,-0.927972,0.162816,-1.236208,0.272897,-1.43508,-1.529736,-0.066476
ECA2191,-0.324904,-0.713844,0.181628,-0.757682,0.595583,-0.089357,-1.457961,0.203198,-0.156399,0.206043,0.910623,0.226222,0.387638,-2.022581,0.84558,-1.084445,0.268222,2.030451,-0.782086,0.291176,0.761961,-0.315333,-0.790894,-1.503651,0.158939,1.113883,0.868594,1.182598,-0.362089,-0.474778,0.164564,-0.906487,0.96711,0.230423,0.45817,-1.324745,0.221094,-1.641319,-1.341486,0.039248,-1.22516,-1.561888,-0.085064,0.483459,-0.196566,0.288025,-0.397268,1.36063,1.350876,-0.151208,-0.038037,-0.352892,0.043244,1.345453,-0.320948,1.194059,0.15793,-0.409291,-0.474434,0.657154,0.59819,0.276331,0.21923,1.715782,0.486768,0.993274,0.268532,0.650425,2.816117,1.735974,0.735308,-0.129159,-0.399235,-1.203692,0.25346,-0.98945,-1.530466,0.908412,0.420089,-0.64723,0.039471,-0.935914,0.817561,0.301424,-0.22711,0.681402,0.253041,2.682623,2.512938,1.398889,-0.026102,-1.034406,-1.10189,0.855059,-1.042782,-1.446195,-0.458929,0.369624,0.259326,1.214189,-0.080433,-1.912145,-0.254284,0.839142,-0.343186,-0.886681,-0.384516,0.072078,-0.692117,-0.114944,1.804202,0.890501,-1.800737,-0.061399,0.389857,1.879815,-0.273888,1.180197,-0.225517,1.561645,0.049071,-0.247774,-0.000208,1.466869,1.423469,0.820431,0.133434,-0.706424,1.086675,-1.309597,0.401469,0.777314,-0.413093,0.477092,-0.084936,-0.950921,-1.157581,-0.418784,-0.309787,-1.193819,-0.236695,-0.199022,-1.087041,0.773146,-0.877297,1.169201,-0.984953,0.787449,0.79006,1.083477,0.899206,2.021949,2.00014,0.631369,0.558685,0.808759,0.918724,-0.133526,-0.309389,-0.326574,-0.803682,0.475488,1.147898,0.06317,0.849075,-0.115847,-0.467116,-0.320398,-0.465716,0.601868,-1.649052,0.574645,-0.271679,-0.455154,1.371463,-0.153217,0.045083,1.007266,-0.063678,-0.593735,1.591942,-0.740224,-0.448741,-0.777679,-0.430256,-1.492498,0.028504,-0.274839,0.739322,1.829439,-1.220061,-0.531977,-0.097605,0.123384,-1.062721,-0.935784,-1.510519,-0.209158,-0.522368,-0.035583,0.984596,0.983868,-0.47021,0.171993,-0.015428,0.218927,-0.372884,0.248108,0.316656,-0.014525,0.716945,-0.253882,-0.573598,-0.16499,-1.286603,0.165689,-1.688426,2.166685,0.331306,0.853045,0.467407,-0.521325,0.483883,1.515368,0.43828,-0.177003,-0.038884,0.806856,0.094727,-0.015253,-1.611102,-0.556158,-0.646915,-0.540747,1.429245,-0.794381,2.272271,0.887948,1.628016,2.06162,0.332308,-0.94059,2.128197,0.600359,1.310125,-0.381095,-0.33915,0.168565,0.983264,0.561676,0.856231,1.494666,0.539116,0.344804,0.582167,1.670777,1.886536,-0.267417,0.194727,1.028639,0.459984,-0.687229,-0.142307,-0.343408,-0.638472,0.994039,1.055604,0.201208,0.347951,-0.461668,-0.673235,1.286753,-1.716265,-0.093519,0.904366,0.623597,-1.742867,0.715541,1.097608,0.014799,0.733196,2.051418,0.940927,0.410721,-0.975544,0.025925,1.36947,1.377239,-0.04454,-0.660381,0.374944,0.088275,1.246865,-2.082538,-0.417391,0.345061,1.660885,1.325212,-0.412739,1.589724,-0.374199,-1.094667,-0.237184,0.402542,0.575651,1.78048,0.691321,-2.037113,0.090584,0.189767,-0.371957,-0.42585,-0.523032,-2.003298,0.291548,0.498155,0.135463,-0.88031,-1.678034,-2.029718,0.062709,0.224158,0.205518,-1.474812,-0.580029,-0.393621,-0.4536,0.412356,0.357723,0.507954,1.741924,0.357586,0.83834,-0.374052,0.888664,0.419665,0.567005,0.822567,-0.789807
ECA2195,-0.703392,-0.741136,-1.386185,0.11381,0.508284,-0.628962,-0.110484,-1.848084,-0.272565,-0.341605,0.285182,-0.090965,0.809332,1.260755,0.312967,-1.334687,0.193402,0.006776,-1.295848,0.461056,-1.298459,0.04056,-1.746146,0.395575,1.810474,-0.808929,0.178714,-0.895589,-0.483505,-0.218858,-0.132335,0.024774,-1.017193,0.22249,-0.275449,-0.70631,0.451996,-1.55787,0.114126,-0.36115,-1.937049,1.208148,0.64643,-1.286887,0.466011,-0.770706,0.935972,-1.47605,1.223248,1.23824,0.736205,0.710191,1.363069,1.107901,-1.093298,-1.577369,2.305827,-0.15323,0.730345,-0.842063,0.257026,1.001435,-0.686072,-0.276422,-0.365522,0.30919,0.962246,1.312849,0.485802,0.976847,0.749066,0.678612,-0.490514,0.311975,-1.860525,-0.234951,-1.278803,0.518843,-0.086878,0.157709,0.65019,-2.138202,-1.219109,0.90761,1.648131,0.224515,1.15224,0.93453,1.85382,0.241829,-1.035051,0.938571,0.678831,-0.332883,0.370461,-0.07799,-0.126093,0.61193,-0.322478,0.792915,-0.170609,-0.734976,0.546432,-0.577067,-0.414104,0.953076,-0.309617,0.562009,0.768707,0.717479,0.682344,-0.092446,1.064215,1.727514,1.47283,1.463236,0.417758,-0.64185,0.437973,2.291923,1.39671,0.369596,-1.261042,0.803187,0.909731,1.87489,0.466571,0.725883,-2.644711,-0.147,-0.610528,1.070966,-0.294077,0.75454,-0.765665,-1.568013,0.944618,-0.76664,-0.234883,-0.647708,-0.683394,0.174436,0.569667,0.031574,0.591072,0.338085,-0.568588,2.277708,0.508506,2.324076,0.935872,1.36397,1.395576,-0.981683,0.195852,0.968226,-0.116021,-0.593755,0.3729,1.764969,1.528281,0.722643,-1.501645,-0.555069,-0.917462,-0.207662,0.363326,0.775834,0.123859,-0.080139,-1.224507,0.970753,-1.082662,0.324438,2.276741,0.074636,-0.048147,0.43554,-0.085613,-0.116066,-0.266449,0.175774,1.333621,0.233627,1.764322,-0.989039,-0.115122,-1.217717,-0.579545,-1.768231,0.853875,0.456192,-0.678777,-1.054504,0.811655,-0.554982,-0.534499,-1.17456,-0.0817,-0.024658,1.075648,-0.129324,0.479718,0.446639,-0.280634,-0.804257,1.2721,0.154727,-0.785311,1.787213,0.423384,-0.927481,0.511977,-0.377355,1.201227,-1.558785,1.932184,0.261584,-2.184303,0.017839,0.815805,-0.271583,0.175639,1.388795,0.031282,0.596901,-0.189896,-2.230278,-0.584409,0.099314,0.70243,0.708749,0.600343,-0.722138,0.817183,0.71844,1.745764,0.451632,0.520067,0.589319,0.94109,0.436698,0.383221,1.090476,0.635061,0.612298,2.196033,-0.21564,0.884018,1.055827,0.26073,0.063671,-0.164454,-0.52744,-1.335814,1.632498,-2.836731,2.527099,0.035357,-1.499499,0.359302,-0.636011,-0.374974,-0.033091,1.055556,-1.088999,0.550704,1.325183,-0.222872,1.141642,-1.981832,-0.487077,0.329615,0.221541,0.344592,0.763271,-0.453139,-0.414053,1.353691,0.709101,0.259465,-0.515808,1.484884,-0.631608,0.149775,0.547427,0.1452,1.419076,-1.007432,-1.295982,0.428579,0.618487,0.657089,-0.345716,-1.492194,0.181166,-0.182006,-1.817817,-0.431115,0.729113,0.566767,-0.254065,0.039716,0.130787,0.843619,1.54211,1.168889,-0.352607,0.46986,0.915849,-0.077459,-1.301919,-0.172828,-0.890586,0.915534,-1.904909,0.472117,-2.102145,0.412007,-0.517672,0.566796,-1.467081,-0.442596,0.230018,0.873867,-1.098797,0.692211,-0.212611,-0.338017,-1.032223,0.060382,-0.260686,-0.848262,0.402088,1.477709,0.528201,1.22853,-1.418403,-0.931606
ECA2199,-0.801762,-0.27759,1.208389,-1.712138,-0.409501,-1.076586,-2.494438,-1.485836,-1.896369,-1.164202,-0.335512,-0.125988,-2.363346,0.11253,1.796351,-0.02329,-0.049573,0.23036,-0.294777,-1.263687,2.141664,0.606005,0.209371,0.600028,-0.185557,-1.277568,0.743201,-0.735921,-0.046379,1.275437,-0.44483,-0.610189,0.14708,0.333359,-1.401098,-0.777964,0.260276,-0.38284,0.293837,-0.414244,0.611669,-0.327105,1.074119,-0.965004,-0.01622,-1.411394,-1.254405,-0.299216,-0.178818,0.067793,0.138894,-0.831227,-1.155092,-2.000022,1.871929,-0.43061,0.085856,-0.410593,1.447076,-1.05508,0.59901,0.349876,-0.070242,2.064432,-1.967175,-1.13923,-1.228943,-0.733074,-0.18322,-1.79116,0.719102,-1.380357,-0.240814,-0.221775,0.532584,0.460135,0.265056,1.194429,-0.95487,-2.363038,0.108486,2.301795,-0.035015,0.261797,0.761547,0.066198,1.08197,0.674215,0.602683,1.624949,-0.215117,0.41308,-0.572572,0.678716,-0.150072,-0.104138,-0.543941,-1.639079,0.08939,-0.396075,-0.09598,0.282472,0.982418,-0.845506,-0.546924,0.5196,-0.400951,0.26338,-0.816432,-0.055326,1.596899,-1.077583,-1.424173,1.987905,1.51258,-0.967129,0.347753,-0.115207,1.397649,1.334834,1.684838,1.733313,1.194481,1.368827,1.014745,1.823406,-1.526825,-0.790422,0.287906,1.117051,-1.107519,0.642034,1.33426,-0.125457,-0.181398,1.510994,-1.14949,-0.811709,-0.000132,1.249675,-0.83309,-0.849067,-0.224556,-1.862104,0.112736,1.214058,-0.088106,-0.085038,0.01776,-0.831487,-0.6981,0.761278,-0.210287,1.962386,-0.144336,-0.747955,0.217624,0.728907,-0.102528,1.300632,-0.011044,0.902336,-1.756222,-0.463141,-2.37536,-0.804399,0.083993,1.040887,-0.749845,-0.259754,0.84201,0.609396,0.020678,2.399369,-0.16763,0.331396,-0.424754,-0.880484,0.630676,-0.68288,-0.763521,0.383748,0.724046,-0.197394,-0.78348,0.638166,-0.226976,0.655286,-1.847102,-1.643569,0.608838,0.638845,-0.657564,-0.403353,-0.719597,0.217291,-0.528328,-0.459432,-0.902043,1.631531,0.290297,-0.238661,0.664206,-1.249937,-0.208255,0.230256,1.376778,1.237533,0.109603,0.09448,-0.931868,-0.920572,0.621091,-1.207384,0.876948,0.187539,0.569693,-0.751465,-2.656125,-0.411887,1.577359,-0.196996,-0.999468,-0.277378,-0.037026,0.624291,-0.853565,0.833283,-1.055435,0.289018,-0.489144,-0.034508,-1.071106,0.214736,0.063477,-0.501948,-0.722236,0.266387,0.702884,-2.067271,-1.732941,1.648365,0.423214,0.957743,-2.360961,-0.600529,-0.253608,-0.02281,0.073559,-0.034506,-1.447486,-0.531711,0.116803,1.257957,-1.707308,-0.786676,0.560135,0.872386,0.315833,1.124236,1.058291,-0.156146,1.265424,0.729515,0.903996,0.266601,-1.078841,0.446902,-2.263689,-0.625563,-0.768543,0.341175,0.151274,1.846689,0.641099,-0.660004,-0.283751,-0.315865,0.399068,-0.068567,-1.14666,0.917893,-0.35587,-0.487334,-1.505816,-0.244178,1.504553,1.20305,0.354458,-1.577289,0.689284,1.252151,1.39731,1.202051,-0.668388,-1.316175,1.578603,0.568206,-0.421265,3.005717,0.332435,0.088458,0.050741,0.148661,-0.444381,0.406494,0.009763,-0.649824,-0.02323,-1.124423,-1.073971,-1.403264,-1.619276,-0.992372,-0.000926,0.674816,0.695316,0.319302,0.819891,1.45083,0.663876,0.658825,1.524438,-0.24645,-0.70806,0.504422,0.331952,-1.270965,-0.615763,0.684571,0.609624,0.975821,1.032399,-2.21299,0.075011,0.634083,1.374083,0.894121,0.878852
ECA2251,-0.915583,1.735955,-0.302188,0.289784,1.83914,0.301316,-0.702791,1.416717,-1.708555,-1.144328,-1.696886,-1.068827,0.032895,0.493264,-0.525947,0.854668,1.323898,0.371405,2.063305,-0.090231,-0.128326,-0.325132,-0.082192,-2.047785,-1.178974,-0.106176,0.43009,-0.110516,0.771228,-0.875473,0.809593,0.118748,0.001508,-0.094675,-1.056316,-0.075423,0.337084,1.38716,-0.712726,1.178885,-0.240147,0.832856,0.816982,-2.037853,0.033484,0.505725,0.087846,-1.512452,0.33157,0.899855,1.124733,3.385553,1.105201,0.82566,-1.555788,0.389306,0.990745,1.376604,-0.868841,-0.112695,0.059394,-0.087781,-1.597756,-1.036663,-1.298189,0.33805,-0.243719,-0.704213,-1.032842,0.824884,-0.050656,-1.452195,-1.220945,1.243338,1.608471,0.918067,2.096202,2.595085,1.336427,-0.222712,-0.492439,-1.689234,0.042737,-1.342623,-0.643582,-1.185258,-1.366846,-1.22032,0.472096,-1.062819,-0.080284,-0.460185,0.171398,0.461018,0.74937,-0.162123,0.531001,-0.503188,-1.071888,-1.460499,0.079634,-0.479599,-0.359492,1.356257,-0.245325,0.353743,0.678347,-0.797423,1.248333,-1.506956,1.281569,0.82869,0.701328,0.629746,0.928066,1.165606,-0.119183,-0.047917,-0.16181,-0.944108,0.601057,0.006457,-0.292971,-1.418169,-0.40779,0.175745,-0.213826,-1.116128,0.053336,-0.725192,1.377052,0.934124,0.192376,0.673103,-0.127993,-1.856343,0.365792,-0.421112,-0.279085,-1.068948,-0.151582,0.515354,-0.018637,-0.233625,0.002399,-1.415337,1.29974,0.044745,-1.179649,-0.360061,-0.838744,-1.081576,-0.705434,-1.441794,-1.320071,0.833841,-0.56861,-0.123145,-0.894125,-1.276555,0.302469,-0.597245,1.63696,0.379741,0.469326,0.773515,0.273577,-1.840181,0.207527,0.40131,-0.275929,0.574455,-0.042047,0.144705,0.692682,0.170742,-0.347967,1.385264,-0.514817,1.525463,0.215503,-0.46574,-1.272316,-0.545522,-2.100397,-0.189829,-0.159898,-0.329812,-0.610437,0.458526,-0.475976,0.191248,1.699047,1.214926,0.656392,2.298737,0.254875,2.142292,1.061184,-0.528039,-0.427097,1.112177,-0.222018,0.403659,1.134592,0.205083,1.223247,0.294882,-1.083458,0.100745,0.165619,0.686397,-0.309134,-1.94223,-0.694751,0.489465,-0.204849,-1.900114,0.209918,-0.422526,-0.414149,-1.18106,-0.668121,-1.032559,-0.084119,-0.771203,-0.31156,-0.58059,1.502016,0.676068,-0.648158,0.450511,-1.011549,0.411225,-0.031217,-1.578375,-1.482477,-0.623303,1.512893,0.121715,1.467483,1.061711,0.076885,0.27395,0.574387,-0.289787,1.164339,1.25219,1.148933,0.604435,1.141008,0.191608,0.139469,-0.310181,-1.137994,0.309437,-1.380129,1.741399,-0.102801,0.639492,1.476321,0.360411,-0.302312,0.644995,-1.162016,0.095872,0.541899,0.947573,1.045841,-0.128013,0.929019,0.881218,-1.175917,-0.677768,0.036139,-0.030886,-1.075755,-1.599599,-1.505833,0.071155,-1.073801,0.656982,-0.316731,-1.186667,-1.504249,-1.250729,-1.391737,-1.875508,1.961253,1.243755,-0.920105,0.637195,-1.325039,0.228467,0.210987,-0.681744,1.248354,-1.835016,1.59639,0.387411,0.43876,-0.374576,0.042199,-0.695205,0.411094,0.52042,1.012305,0.633175,-0.244516,-0.174044,-1.764,1.774107,2.099401,1.900537,-0.648888,-1.071019,-0.952631,-0.832024,0.521273,-0.099629,-1.220172,-0.457854,-0.766387,-1.460333,1.153534,-0.668754,-2.362899,1.644277,-0.514062,0.333529,0.538631,0.536957,1.137224,0.656681,0.285361,-0.005514,-0.9388,-0.061074,-0.054192
ECA2291,0.358545,-0.50231,1.968591,1.247084,0.76592,0.837184,0.365565,0.295662,1.091607,0.50204,1.373481,-1.987313,1.004388,-0.30744,-1.054585,-1.996564,-0.580934,-1.241951,1.695753,1.690507,0.067812,0.282868,1.15381,-0.832732,0.262805,-0.448727,-0.942922,-0.223242,0.278213,0.504777,0.990543,0.251448,0.076756,0.773271,0.264452,1.474868,-0.010061,0.912309,-0.034159,0.237951,-0.230283,-1.768308,-0.503886,0.31851,0.329036,0.3278,-0.28788,-1.086047,0.793093,0.585234,0.365223,-1.357978,-1.775961,-0.21598,0.19632,-0.108847,-0.391816,0.812135,0.815195,-0.37134,-1.519015,0.381779,-0.073427,1.056849,0.161575,0.200544,-1.12703,1.802315,-0.300231,1.324411,1.062478,1.468487,-0.865199,1.232943,-0.723602,0.068065,1.402938,1.232945,0.699376,0.433998,1.349976,-1.141498,-0.732647,1.464449,1.350777,1.745512,0.945414,0.72135,2.347684,1.87481,0.654653,1.706487,-0.260086,2.087092,1.147212,1.228597,1.721194,3.180114,2.048294,-1.186101,-0.473485,-0.113496,-0.94141,-0.580484,1.110592,0.058057,-0.513892,0.167476,0.482031,-0.42939,-0.247327,-0.138192,-1.312618,0.450073,-0.782369,0.028863,0.104394,-0.136879,-1.434404,0.540134,-1.397995,0.122323,0.050707,0.860519,0.114774,-0.527212,0.281032,0.451112,1.021488,-0.98238,-0.516174,1.348341,-0.794962,-0.656785,0.425157,0.759891,0.104176,0.548874,-1.98984,-0.30492,-0.531439,-0.760335,-0.575215,0.330064,-0.34898,-0.238798,-1.527146,0.030449,-0.352107,-1.236967,-0.646403,1.427442,-1.155137,-1.276877,0.988861,-0.703277,0.063968,1.103871,1.175808,0.962967,1.289043,1.027898,-2.286402,-0.486844,-0.824554,-0.393072,-0.878947,-1.870055,-0.414553,0.592174,-0.962399,-0.581215,1.184593,0.951474,0.668643,-0.50876,0.581803,0.478838,-0.656944,-0.635562,-0.438853,0.321266,0.588012,-1.536036,-0.251747,-3.116624,-1.451684,-1.732219,0.116211,-0.496678,0.513755,0.87377,1.58428,0.763635,1.141442,1.489708,1.200789,1.795537,-0.824292,-1.119562,-0.00337,-0.12831,-0.081919,-0.207564,0.631083,-1.589161,1.407972,0.840906,-0.393383,1.980365,-0.195444,-0.878722,-0.389759,0.447023,0.058526,0.497752,0.153549,-1.512271,0.763644,-0.676191,-1.550264,-0.739015,-1.789167,-0.213448,-1.049599,1.464938,-0.730951,-0.053729,1.385203,1.282097,1.340581,1.420796,1.649122,0.615897,0.723192,0.808888,-0.204064,0.70876,0.878111,0.537264,0.589461,-0.154148,-0.27122,0.225073,0.387805,2.124547,-0.317559,-0.775525,-0.255516,-0.570486,0.649845,0.538522,1.098417,0.189387,-0.127506,0.831483,1.824785,0.271538,1.378115,0.556328,0.273266,-0.410335,-0.403329,-0.234984,-0.604275,-1.882704,-0.427464,-0.794653,-0.311224,-0.836237,1.024853,-1.580243,-1.86913,0.23902,0.029325,1.557172,0.112495,1.011309,1.697451,-0.309912,-1.098821,-0.200681,2.379607,2.575398,2.269709,0.353103,0.823932,0.410563,1.157474,0.662613,0.566897,-0.039319,0.274257,-1.005303,1.559141,-1.104717,-0.520438,-1.654112,1.702431,-0.060077,1.383003,1.575094,1.175225,0.807143,0.684441,0.490878,-2.559526,1.062601,-0.712192,-0.312845,0.731727,-1.175745,0.896242,0.039192,-1.017398,-0.176678,0.142998,-1.775362,0.971281,-0.818678,-0.119699,-0.725735,0.031123,1.20928,-2.782389,-2.030458,1.004118,-0.488131,-1.627181,1.913979,0.227445,0.454008,-0.941434,-0.791363,0.780829,-0.653729,0.715745,-0.828664,-0.27629
ECA2360,0.529428,0.414286,-0.268389,-1.236757,1.291068,0.618419,-0.905729,-1.423863,1.002049,-2.624806,-0.94991,-1.122024,-0.771476,0.216977,0.428703,-1.229248,-0.26261,-0.305742,0.184949,0.2548,-1.063463,0.215308,-0.41882,-0.439309,-0.359728,-1.124846,1.164198,-0.056367,-0.597381,0.766415,-0.593717,0.185736,-0.328822,0.908021,-1.082469,0.378513,-1.247012,0.716364,0.746548,-0.240566,-1.470861,-0.903982,-1.49568,-0.767458,2.168398,-0.302492,1.264441,0.97126,1.463156,1.787854,-1.275511,1.317653,-1.201451,0.272526,0.462289,-0.41237,2.293702,-1.758204,-0.655439,0.618649,0.979626,-0.523213,-0.428591,-0.160622,0.333726,1.233246,0.627375,0.052489,1.390836,-0.144529,1.270101,0.958212,1.580425,-0.658678,-1.792998,-0.21081,0.967759,0.322184,0.605293,0.654738,0.595745,-1.75056,-0.369912,-0.314231,0.270865,-0.577216,-1.5439,-0.896425,1.623909,0.524837,-0.293042,1.128541,-0.726691,1.518551,-0.431034,0.805005,1.580154,0.264429,1.52442,-0.980865,-2.37296,0.452415,0.156746,-0.494176,0.055586,0.057149,-2.591226,-0.402243,-1.079815,-0.331505,0.244451,-0.583794,-0.402922,-1.473697,-1.073193,0.443459,-1.276617,-0.763526,-0.492347,-0.002024,0.331697,-0.704936,-0.14081,-0.615163,-0.392909,-0.198446,0.54994,-1.795274,-0.222152,-0.25375,-0.126875,-0.7625,-0.536378,-0.609061,0.006034,-1.728578,1.343174,0.53104,-1.135515,-0.517311,2.1327,-1.120326,-0.13654,0.063674,0.160101,-0.186314,0.582278,-1.16082,-0.811278,0.318316,0.775,-1.153993,0.217178,-1.356949,0.252458,-0.587216,-1.235722,0.513235,-0.284568,-0.076094,0.300179,-0.071254,0.520464,1.013416,0.013741,-1.082076,-0.004982,-0.502061,1.037914,0.403838,-0.969084,0.231105,-0.583751,0.169181,-1.333718,-1.399787,-0.070152,0.027914,-0.30717,-0.956889,0.564588,0.652982,1.096478,-0.242742,0.249855,0.350105,-1.150347,-2.754735,0.543067,0.822814,0.846558,-0.192975,-1.016626,0.014239,0.232628,0.489691,-0.089241,0.734412,0.266835,-1.31694,-0.56625,1.205153,1.318818,1.227321,-0.777179,0.221035,-1.53453,-0.097328,-0.776217,-0.039765,0.182152,-0.751254,0.053295,-0.004221,-0.730917,-1.104274,0.382045,0.343267,1.163789,-0.724387,0.884536,0.726328,-0.200016,1.065603,1.046954,-0.299017,0.619093,0.912508,-0.505919,1.205301,1.087095,1.741566,1.253447,0.519855,1.529775,0.163404,-0.511747,1.772834,0.320379,-0.078279,-0.007258,0.080968,0.341673,0.0093,0.249515,0.37744,1.753449,0.751873,0.665986,-0.10366,-0.137065,0.154822,-0.050628,-0.215301,-0.479529,0.359144,-1.708455,-0.124658,-0.915595,-0.405644,-0.738418,1.930847,0.741101,0.969185,-0.113405,-1.479339,-0.05735,0.632564,-0.529808,-0.463084,0.052497,0.275936,2.420559,-0.46438,0.576898,1.302933,1.898087,-0.094649,-0.374698,-2.469485,0.28156,0.273065,0.64367,-0.099944,1.040001,1.166207,-0.471132,0.120666,0.961741,-1.016355,0.374808,-1.22086,0.585161,1.374129,1.800359,0.368841,-0.172311,0.034637,0.631153,0.165861,0.357588,-1.064239,-0.466983,1.79236,0.885902,0.141858,-0.083239,0.264127,-1.593059,-1.467883,0.347077,-0.897888,0.013902,-0.935228,0.007766,0.036218,-0.944455,-0.869274,0.669467,-0.846337,0.454725,-0.115467,-0.536656,-1.249561,-1.785711,-0.115977,0.703057,-1.03268,-1.737681,0.372927,0.225821,-0.715254,-0.135381,0.354201,1.35987,-0.189353,-0.112613,0.174673,-0.780681
ECA2367,-1.502799,-0.259332,0.592321,-2.89551,-0.002201,-1.265822,-1.633407,-1.438401,-0.814134,1.111191,0.304961,-1.514107,0.091129,-0.305536,1.017048,-0.326775,-0.213627,0.038265,-0.993359,-0.710555,-2.057065,-0.520661,-0.275382,-0.829772,-1.344519,0.282446,-0.105064,1.01694,0.284489,0.310714,0.056448,-1.963568,-1.769734,-1.073084,-0.687011,-0.046408,0.181758,0.045415,-0.989866,0.462153,-0.808239,2.527688,1.482395,-0.200866,-0.323776,-0.268863,-0.31429,-0.912852,-0.121738,-1.168839,-0.373363,-1.129,-0.563557,0.407871,0.198218,0.228835,-0.626876,1.535081,1.163996,0.024737,1.093508,-0.702375,-0.685304,2.162236,0.731849,-1.048582,3.586235,-0.521761,0.348325,1.396972,0.237087,0.723829,-0.414003,-0.079844,-0.145431,0.077799,1.937367,-1.100995,0.311023,1.05023,0.813028,0.46406,-0.556437,-0.527685,1.171121,-0.723946,-0.522834,-1.656836,0.305891,-0.196074,1.271602,1.292385,0.444515,1.497948,0.315089,1.289719,2.424508,1.001756,2.20896,0.248498,1.611258,0.982233,1.787708,1.306084,0.582408,-0.535873,-2.244038,-1.492938,-0.282189,-1.633968,0.265874,-0.545971,-0.095959,-0.391003,0.265275,-1.116542,-0.54667,-1.042384,-1.162291,-3.008468,1.393332,-0.306654,-0.068234,-1.350838,-1.231688,0.227615,-0.116928,1.775752,-1.716678,-0.428647,0.593159,-1.816129,0.452125,0.153993,1.180594,-0.142605,2.112366,0.391192,-0.265701,0.574757,-0.458848,0.026232,-0.527078,-0.587068,1.268725,0.754268,-0.19782,-1.865733,-0.441748,-0.834218,-0.870943,-0.783913,-0.703459,-1.726917,-0.652089,-0.557828,0.800661,-1.391692,-0.350158,0.603224,0.856025,0.539658,-1.002775,-0.043078,0.42213,0.106122,0.251114,-0.562402,0.400714,0.213496,-1.056992,-0.071441,-0.009364,2.260346,0.996017,-0.200686,0.613221,-0.0865,1.396357,0.187468,-1.437532,-0.026892,-1.030874,-1.962144,-0.020895,-2.566472,-0.185958,-0.278596,-1.784027,0.037664,-1.521815,0.885389,1.793433,-1.216631,0.528617,1.149899,1.166692,1.065385,-0.075761,-0.191767,0.98139,-1.503313,-1.160374,-1.055995,0.493697,-1.101015,0.369358,1.260751,0.151857,-1.544507,-0.877187,1.446279,-0.654819,-1.625361,0.259844,-0.729093,-1.035854,0.547075,-0.701858,0.190869,-1.123093,1.205754,-1.024513,0.800366,-1.528157,1.758563,2.749812,1.412761,-0.533278,0.697524,1.229659,0.487953,0.268081,0.700933,1.725712,-0.118425,1.566891,0.687539,0.20705,-0.749141,1.057264,0.506766,-1.129058,0.571019,1.366058,-0.829825,-0.210596,-1.499019,0.198316,1.571374,-0.242057,-0.017485,1.653908,-0.669184,-0.251833,-0.495074,0.413326,-0.356945,-0.374871,1.490962,0.948886,0.090738,0.01148,-0.244608,0.036719,-1.234632,-0.414049,-2.294657,0.445331,-0.468943,-0.575857,0.91273,-0.935457,-0.505841,-1.033252,-1.056384,1.633103,1.247849,0.882244,-2.124835,-0.48827,0.59694,0.767145,-0.82442,0.48875,1.517845,-0.247549,-1.027093,-0.651046,0.982812,0.058879,1.127487,-0.857174,0.183211,-1.132822,0.470656,0.573922,-0.357188,-1.170479,0.684563,-0.951073,1.72559,-0.649253,0.277423,0.887734,1.27517,1.16923,-0.092131,-0.835667,0.978326,-0.132312,0.207575,-0.734674,-0.931138,-0.56117,-1.012066,0.296314,0.183482,1.558124,-0.677808,-0.740667,1.094864,-0.741043,0.211455,0.522632,-0.198942,0.942847,0.327227,-0.279844,-0.113554,0.162742,-0.153053,-0.084836,0.439691,-1.431109,-1.660921,0.372264,-0.351254,1.558592
ECA2417,0.934569,-0.415296,1.310235,1.25735,-1.301579,0.275728,-0.078045,1.064917,1.867364,0.046234,-0.418187,2.316854,0.849854,2.622143,0.028183,2.088956,-0.483372,1.389609,0.949208,-0.815248,0.489318,0.69855,-1.539812,1.308574,1.385945,-0.568513,-0.033789,-0.520753,0.038499,0.398582,1.494154,1.388177,0.711971,0.164113,-0.432461,-1.468805,-0.351128,-1.019792,0.25413,-0.445248,0.162194,-0.908917,-0.589231,-0.580037,-0.834675,1.853572,0.238199,-0.063065,0.505414,-0.432746,1.128367,0.896344,0.716849,-0.120203,-0.606281,-0.49731,-0.444222,-1.987804,0.415125,0.18053,0.068355,0.510508,-1.133824,-0.114935,-0.751006,0.623935,0.046934,-0.246443,-1.243459,-1.171372,-0.22518,-1.008946,1.168271,-0.996922,0.309078,0.390982,-0.803018,-1.113851,-0.208221,0.16427,-0.512754,-1.654116,-2.19361,-2.01789,0.22073,0.180744,1.775658,0.155637,0.826447,-0.416611,0.580816,0.271633,0.259264,-0.256078,0.474016,-1.411661,1.638557,0.756021,0.703821,-0.456572,0.601294,-0.1506,-0.166079,-0.202287,-2.554027,-0.801991,-0.757842,0.096972,-0.340558,0.370514,1.522446,-0.148777,-0.484161,-0.015308,0.353357,-0.097354,0.590962,0.877896,-0.122037,-0.79696,1.121648,1.033681,-1.71676,-0.689128,-0.007615,-1.029493,0.868552,0.296247,0.682935,-0.756525,0.837875,-0.28511,-0.531073,0.92994,1.940034,0.322212,0.816697,0.099457,-1.077243,-0.297588,-0.955937,0.817778,0.882978,-0.701163,0.307556,1.085161,-2.117737,-1.082145,-0.27912,0.099438,-1.038881,-0.40522,-1.658269,1.409451,-2.554704,-1.457449,0.73229,0.012025,-1.121695,1.722641,-0.946288,-1.224212,-1.373002,-1.820144,-0.351925,0.157061,0.914787,0.551114,-0.97699,0.858528,-1.101865,2.06663,-0.076507,0.661351,-0.604657,-1.15944,0.023196,-0.733209,-1.580319,0.722393,-0.443093,-0.661583,0.645112,0.564132,-1.744794,1.593934,-0.639909,0.545842,-0.546609,0.54202,0.502511,0.246454,0.250277,-0.463269,0.735024,-0.838284,-0.287423,-0.852045,-0.547908,-0.55298,0.970167,0.054622,2.347149,0.877972,0.522776,0.834826,0.539102,1.026235,-1.376989,-0.488059,-0.639239,-1.345759,-1.07322,-0.530984,-0.978532,-2.582097,-1.550066,1.196375,1.497079,0.633571,-0.044033,0.47823,0.572562,-0.479954,0.88932,-1.170964,0.362059,0.042625,-1.45914,1.292311,-1.225578,-0.519195,-0.426911,-0.611594,0.166749,1.034581,-1.072113,0.351468,1.267829,0.937832,-0.346869,1.085688,0.576322,1.162824,-0.134102,-1.425381,0.607607,-0.598873,1.545284,-0.474759,0.286604,0.387368,-0.70353,-0.6418,0.830681,0.426978,0.528533,0.293927,0.761822,0.296296,0.794063,0.380816,-0.846825,-0.058887,1.003092,1.281703,-0.029823,0.834009,1.12286,-0.854217,0.349621,0.581606,-0.046669,-1.026528,-1.10202,-1.985984,-0.069061,-1.907371,-2.061453,0.84925,0.572447,1.287964,-0.538187,0.802666,-0.262409,-1.369845,-0.243227,-0.312905,-0.750686,-0.198052,-0.386946,1.334411,1.055063,-0.543503,0.206833,-0.351643,0.166793,0.940655,-1.419927,1.835388,-0.831273,-0.484294,1.105575,-0.504611,-0.614107,0.115707,-0.249741,0.184847,0.456948,0.211251,1.789319,1.104355,1.103463,0.704807,1.182126,0.707587,1.507155,0.309194,1.018324,-0.104072,0.071775,1.576719,0.780497,0.849844,1.708685,-0.711564,-0.600321,-0.0412,0.7531,0.575598,-0.982353,0.881183,1.257336,-0.365534,1.189347,0.634527,-1.440239,-0.524558,0.778009
ECA2437,0.100585,-0.647682,1.257658,-1.787252,-0.799554,-0.256735,2.4992,-0.50247,-0.47358,1.80095,0.111426,-0.79301,0.840625,0.159739,0.049243,-0.062308,0.876316,2.054843,0.853008,1.14039,1.452868,2.128618,2.081227,1.444401,1.501874,1.789889,2.68082,0.804911,-0.994515,-0.542313,1.170068,-1.454194,0.07744,0.755528,-0.31274,0.249296,1.604627,-0.269691,-2.125334,-0.512097,-0.905336,0.483501,-1.668018,0.710747,-0.075706,-2.070364,-2.545965,-1.637029,-0.137901,-0.112958,-0.673138,-1.842444,-0.250424,-0.38366,-0.3263,-1.375955,1.979434,-0.011048,0.478144,0.207587,-0.874031,1.113223,-0.57829,-1.487738,-0.227477,-0.206707,0.339281,0.063555,0.361556,-0.047802,-0.018155,0.776181,-1.001162,-0.26903,-0.125774,0.772038,-0.007395,-2.197963,-1.485123,0.416103,0.471629,-0.208926,-0.826105,1.094675,-0.162654,-0.248695,1.075716,0.788427,-0.834435,0.371501,0.72063,-1.34814,-1.017996,-1.497963,-0.173483,-0.690164,-1.519379,-0.609018,-1.70922,-0.028607,-1.017893,1.240614,-0.238106,-0.464352,-1.282881,0.41414,-0.939495,0.980162,0.668908,0.598125,-0.182786,1.210416,0.693501,1.529989,-0.521133,-0.290238,-0.390066,0.488514,-2.376168,-0.962452,-0.158883,-0.838645,1.988897,-1.635914,-1.211478,-1.331828,1.175271,0.225068,-0.777998,-0.147643,-0.875792,-0.650316,0.311052,-0.495889,-0.725073,-0.154988,0.666606,-1.298593,0.714918,0.285441,-0.733134,0.259059,-0.206497,-0.455666,-1.324818,0.585164,-0.933115,-0.998217,0.982201,0.182327,-0.1925,-0.179132,0.134962,-0.372466,-0.94137,1.143668,0.52886,-0.288376,0.547915,-0.249867,-0.274294,1.615289,-0.772195,0.240387,-0.179932,-0.884852,-1.393325,-1.310441,-0.024302,0.495765,-0.401343,0.341169,1.320453,-2.125775,0.825778,1.176572,1.754828,0.197869,0.388379,0.908281,0.400667,0.687289,0.730641,1.039846,2.133103,1.702417,1.188274,1.439444,-0.714389,0.807653,0.599137,-0.586192,-0.933518,1.491623,0.348487,-0.325747,-0.759783,-1.832583,-0.696887,0.350094,-0.55729,-0.489253,-0.69313,-2.039191,-1.037911,-1.390425,-0.670831,0.525845,1.355293,1.996672,3.056821,1.760676,0.366098,1.360889,1.977287,0.836536,-2.022788,0.386186,1.224398,0.528411,0.618109,1.384808,0.678552,1.355775,-0.440677,1.076662,-0.516687,0.380229,-0.468402,-0.489235,-0.397955,1.240021,-0.077904,-0.023988,-1.577719,0.085863,-0.690721,-1.298317,-0.387046,-1.049771,-1.709124,-0.90001,-0.627066,0.367893,-0.912829,1.088982,-0.266377,-0.117374,-0.26916,0.284003,-0.725086,0.070872,-0.046184,0.378855,-1.706489,-0.18208,-1.004757,-0.709271,-1.457372,-0.468369,-0.297045,-1.010355,-0.39073,-0.87344,-0.191928,-1.908486,-0.014015,0.071303,-0.9779,-0.03606,-0.657867,-0.98816,0.346395,-0.332173,-1.036868,-3.490919,-0.024827,-0.434986,-0.088294,0.847638,0.621568,1.186788,-0.333326,1.42397,-0.874776,-0.394425,0.188982,0.600765,-0.094741,-1.41631,-1.138607,-2.115025,-0.299221,-0.270034,0.05615,-0.188579,-0.355039,-0.777946,0.170701,0.568324,1.324721,0.487738,-0.279725,-0.706592,-1.835183,0.305585,-0.47744,-0.406442,-0.853594,-0.071659,-0.724074,-1.35757,-0.716152,-0.035033,-0.992739,-0.549583,-0.518772,-0.83343,-0.48632,-0.356822,-1.401595,-0.014077,-0.225789,0.033301,0.580292,0.856415,0.521845,1.662277,0.218172,0.073758,1.361797,-0.866541,-0.663413,-0.398442,-0.376553,0.221896,0.370811,-0.556634,-0.69061
ECA2443,-0.31437,0.625683,0.210213,-0.151462,-0.009954,0.475879,0.829631,1.446423,-0.124876,0.484959,-0.852848,0.353517,0.36411,0.834395,0.639153,-0.095138,1.200646,0.729302,-0.444003,1.523092,-1.085124,1.112307,-1.53484,-0.590727,-0.226981,-0.717139,-0.718386,0.967455,-0.28158,-1.468788,-1.233624,-2.656581,-1.004975,-0.841965,-0.211845,-0.691299,0.532916,1.481092,-0.898343,-0.387911,0.218174,0.88776,-0.697548,1.592446,-0.333853,1.768563,0.476622,0.808279,0.917901,0.680689,0.5472,-0.642822,0.625865,-0.742664,-0.574372,0.030768,-0.207247,-1.914909,0.282633,-0.349132,-0.4406,1.057008,-0.707234,-1.712208,0.585063,1.472028,-0.368266,1.106386,-1.801512,0.236182,-1.239215,-0.289186,0.396497,-0.620779,0.186405,-1.339638,-0.644913,-0.249029,0.193631,-1.667306,-0.593662,1.01406,-0.521971,0.432084,-0.334576,-0.010232,0.224387,0.709086,-0.768708,-0.810291,-0.553772,-1.284317,1.344529,0.268612,-0.598224,-0.360563,0.329274,-1.607371,0.444369,1.538202,1.406962,0.586979,0.188108,-0.730453,-1.392749,0.839803,0.369301,1.123056,-0.317518,1.071472,-0.766257,0.70699,0.638881,-0.18662,1.273499,-0.269341,2.077818,-1.25269,0.937759,-0.282816,1.269485,-0.058632,-0.188279,0.331437,0.326218,1.621211,0.452438,1.577456,-0.53184,-0.934229,-0.471706,-1.217265,-1.271086,-0.813223,-0.228121,-2.946891,-0.257134,0.114193,-0.368149,0.970707,-0.778371,-0.367012,-1.500423,-0.541113,-0.354047,-0.9834,-1.200926,0.927038,-0.216785,0.20754,0.368836,-0.399606,-0.954888,-1.63416,-0.328086,-0.840275,-0.40867,-1.776001,-1.12845,-0.322872,-0.277316,-1.890348,0.104025,-0.608273,0.009111,0.108609,1.151602,-0.027657,-0.463916,-0.570464,-0.609692,-2.269894,-0.041091,-0.050857,0.624392,1.723307,-1.233175,-1.215095,-0.164476,0.818441,0.652968,-1.437828,2.377412,-0.649141,0.594819,1.710954,-0.145675,0.166546,0.744672,-0.499308,0.30253,1.422018,-0.850361,-1.97862,-0.78848,-0.451288,1.096752,-0.415039,-1.181664,-0.398845,-0.247361,0.351724,-0.224754,0.767721,0.057973,-0.397181,0.738035,-1.135673,0.637259,1.64804,0.0838,0.538825,1.557034,-0.182825,0.768122,0.373901,-0.220796,0.44596,-0.550047,-0.613222,-0.084272,-0.44822,-2.233031,-0.201527,-2.596951,-0.0865,0.419968,-1.750878,0.883979,-0.092911,-1.345822,-0.461607,-0.315904,-1.112937,0.42765,-1.087366,0.257942,-0.38222,1.539048,0.804379,-0.546943,1.999488,1.339359,0.586299,1.08878,0.518995,0.869545,0.184806,-0.156873,0.609805,-0.057664,-1.917569,-0.185459,0.008189,0.093242,-0.645646,-1.107494,0.491921,0.84469,0.537728,0.850453,0.710691,0.128946,-0.403392,-1.08534,1.003794,-0.184108,-1.284608,-0.902027,-0.235933,1.826059,-0.421249,0.007142,-0.434092,-1.566141,-1.494522,-0.14018,-1.107784,-0.143322,0.304699,-0.173631,-1.122642,-0.739712,-0.206995,-0.676371,-0.835238,-0.702399,0.064379,1.556084,0.128186,-1.21455,0.457171,0.77441,2.547549,1.312913,1.907703,0.41837,-0.675942,-0.591373,0.549563,0.233943,0.605415,-0.259982,0.072934,1.730052,0.667958,0.554777,0.555027,-0.192667,0.257857,0.582658,0.28927,0.395493,2.329457,0.101769,0.726458,1.319612,0.096848,2.343379,-0.395682,-0.051497,1.287007,0.592722,1.373621,-0.595461,0.237375,-1.432854,0.165577,-0.977248,-0.514849,-1.124001,-0.135125,-0.320969,-0.457627,-2.165972,2.257227,0.680233,0.409003,0.375619
ECA2475,1.955674,0.102093,1.800464,-0.667141,1.249609,-0.149558,0.454228,1.182811,0.131965,-1.331734,-0.187073,0.596681,-1.092102,0.503405,0.520857,0.185904,-1.005903,0.613331,0.07079,0.405,-1.820993,0.809775,-0.971724,-3.206424,-0.933818,-0.46059,1.516575,0.047845,-0.263007,-0.186443,0.874127,0.26004,-1.343469,-0.985794,-0.698622,-1.112679,1.139143,0.172936,-0.081095,2.47408,1.606079,0.553459,0.697956,1.167337,1.362085,0.366977,0.517661,1.654158,1.073896,-0.625864,-1.087081,0.236612,1.338801,1.022376,0.429925,1.598999,-0.640105,-0.268579,-1.585225,0.314437,-0.061075,-0.626754,-1.194629,-0.51502,-0.387138,-0.358416,0.02196,1.003719,-1.64739,0.633418,-1.224357,-0.715453,0.484218,1.02149,0.470815,-0.775553,0.775851,-0.236287,-0.004987,0.594422,1.087768,-1.137784,-0.645999,-0.816831,0.155076,-0.854609,-0.090953,-0.17132,0.087647,-0.174014,0.453533,1.248597,-0.197954,-0.277017,2.19164,0.077349,-0.717191,-0.09433,-0.78834,-0.64946,-1.250771,-0.332994,-0.274634,-2.228892,1.921883,-0.497326,-0.769551,-1.030705,0.88432,-0.29842,0.361536,2.326006,-0.534235,0.450542,-0.15449,-0.332261,-1.555059,0.269573,-0.532801,0.054677,-0.598836,1.672727,0.091403,-0.629605,-0.499325,-0.756494,0.045545,0.274037,0.788004,-0.938996,-0.562049,-1.497159,1.086073,-0.658353,0.450876,-0.922768,1.344957,0.337494,1.488373,1.095544,0.564653,0.179835,-0.353328,-0.319754,-0.2553,0.813677,-1.44602,-0.780551,-0.668681,0.707451,1.067455,-0.008605,0.168382,-0.981654,-0.541648,1.603868,-0.937246,-0.088708,0.329247,-1.16728,-0.086763,0.048906,0.200281,0.612924,-2.474656,-0.360045,0.177249,-0.841679,-0.925621,0.22475,-0.748673,1.596284,-0.977252,-0.265449,0.913663,0.621062,0.421899,0.727263,-0.833341,0.508408,1.558126,-0.676537,-0.076935,0.320705,-0.770076,-0.84024,-0.464251,-1.051659,0.734552,-0.236945,-0.745785,0.501329,0.098994,-0.229241,-2.049951,-0.741946,-0.619355,-1.079497,1.234773,0.609788,-2.195763,1.243857,0.622419,-0.047279,0.630313,0.754212,-0.398569,1.127901,-1.305082,-2.147767,0.105866,-0.27552,-0.647838,0.401558,-1.212766,-0.429862,-0.002389,-0.741259,0.975351,-2.254952,-0.265332,0.431548,-1.206905,-1.162657,-0.996141,0.013706,0.367589,0.971372,-0.685726,-1.248813,0.460816,1.405372,0.375829,-1.475112,0.641083,-0.335209,0.737228,-0.187557,-1.401371,-0.301731,-1.472079,-1.676798,1.159545,1.544431,-1.756344,-0.187117,-0.716471,0.494465,0.017842,-1.551941,-1.536519,-0.817936,0.546502,0.192908,0.73279,-0.068132,0.011791,1.226489,-0.807352,-1.732927,-0.653527,1.13742,1.337727,1.947397,-0.249213,-0.958844,0.453342,-0.207186,0.515537,0.47539,0.127118,-0.981401,-0.006951,-0.34924,0.458868,0.740003,0.82986,0.518499,0.2425,-0.026027,-1.072979,-0.002512,-1.79105,-0.387727,-0.231771,0.744607,0.661081,0.531994,-0.885897,-0.336726,-2.560689,-0.817327,-0.45602,-0.277679,-1.227798,-0.478531,-0.426229,-0.515477,-0.874251,-0.727181,-1.267824,0.607001,0.994928,-1.655208,-0.201577,-1.626336,0.771802,-1.333006,0.088444,-1.765333,-0.980044,-0.874645,-1.507087,-1.033308,-0.939176,1.447277,-0.610226,-0.125715,-0.478936,0.949571,-1.556209,-0.738818,-0.02228,-0.359812,1.347193,-0.457164,0.40958,-0.272804,-0.685888,1.059199,-1.330485,1.654499,-1.229733,-0.1452,-0.075058,-0.672518,0.352527,-0.974472,-1.007213
ECA2482,1.267237,0.577317,0.759346,1.046442,0.189362,0.801049,0.698531,-0.349679,1.258706,0.309532,-0.169856,-0.264868,-0.795358,0.916704,-0.077058,1.611181,-1.493563,0.517196,-0.221487,-0.151791,0.977637,-0.005934,0.736105,-0.58026,-0.487709,-0.129777,0.10368,0.518439,-1.193914,-1.547916,0.34538,-0.362564,-1.559161,0.200871,0.411776,-1.611687,0.819491,1.005196,1.969251,2.847754,1.39114,-0.453675,0.155941,2.028816,0.895161,1.032048,0.592788,-0.359814,1.866921,0.836184,-0.923315,1.248638,-0.754112,0.053312,0.343919,-1.13444,0.19435,0.185631,-0.61277,0.979531,-1.18363,-0.269433,-0.223372,-2.503155,0.538194,-0.332284,-0.962765,0.331929,0.716127,-0.350787,-0.715893,-0.216304,0.785882,-0.807913,0.796495,-0.486124,0.871972,-0.017422,0.971906,-0.931488,-0.495856,-0.590113,1.199689,-1.451658,-0.4133,-1.03216,2.546199,0.857512,0.098318,-0.995798,-0.257264,0.171588,0.125691,-0.408445,1.910108,2.102985,-0.002526,1.001569,-0.591094,0.91495,-0.256199,-0.635444,0.46787,0.858049,0.358515,-1.673324,0.015484,0.335813,0.662319,1.511782,-0.205387,1.895488,0.1934,0.972135,-0.029753,0.102612,0.49278,-0.8014,0.325306,-0.061295,-2.490241,-0.358362,-0.55378,-1.682095,-1.142989,-0.003053,-0.9109,-0.261368,-0.387679,0.055569,0.221378,-0.412531,-1.173674,-0.459232,0.156005,1.031873,-1.336189,1.013846,0.13548,0.806594,1.182577,-0.611287,-0.782378,-1.637067,-1.155389,-0.895185,-1.377325,0.47728,-0.060972,-0.413156,0.339927,-0.101003,1.500067,-0.226538,-0.226127,0.173217,0.759712,-2.610837,-0.677657,-0.226404,-0.114672,-1.57001,-1.018297,0.165516,1.896798,1.49312,-0.966796,0.655044,-0.303109,-1.318775,0.583001,1.127823,-0.089009,0.623051,0.607112,0.900281,-0.567832,1.66849,0.045609,-0.734228,0.14688,-2.150776,-0.621435,-0.739915,-2.308204,-1.187312,-1.606129,-0.750439,-0.358964,1.76101,-1.207935,-0.284421,-1.079528,-0.830954,0.137928,-2.232298,0.497205,-1.182578,-0.979322,-0.948786,-0.138464,-0.615157,0.122637,-0.183486,-1.869977,1.616622,0.189481,-1.005392,-0.647657,0.370307,1.557234,0.833807,-0.958273,-0.289763,0.625994,0.932299,0.294509,-1.191467,0.010277,0.336994,-0.784562,-0.023452,-0.673086,-0.059912,-1.369801,1.361017,-0.000756,1.531325,-0.155571,-0.612651,-0.141401,-1.329255,0.741586,-0.425359,-0.174336,-2.191487,-0.025853,0.859513,0.700628,1.558094,-0.151389,2.161584,1.561877,-0.683937,0.95713,0.91514,0.824015,1.426421,0.800776,1.994441,1.219495,1.767885,-0.034861,0.84413,-0.429108,1.674838,-0.483314,0.567363,1.468412,1.301495,0.037725,1.080926,0.052527,1.189819,-1.088138,0.554193,0.372763,1.758319,0.274988,-0.8891,0.165026,-0.39492,-0.077305,-0.979751,0.234153,-0.999745,0.125956,-1.346457,-0.920563,1.79618,0.70851,0.515469,0.13166,0.050594,-0.811221,1.592011,1.770235,-0.256887,0.989761,0.252278,1.154658,0.637826,-0.9372,0.845047,-0.625386,0.284975,1.340516,0.01843,0.041788,-0.359807,1.94893,-0.349544,-0.836398,0.087706,0.777063,-0.101029,0.482527,0.398503,0.145145,2.269552,1.598606,2.400075,1.560218,0.501487,1.085092,0.397893,0.111555,-1.02318,-0.381857,1.182909,0.239372,2.302964,1.473945,1.223068,-0.798416,-0.022802,-0.66515,0.228097,0.359988,-1.877143,-0.467956,0.462891,0.123384,1.665469,-0.81276,1.556881,-0.615186,1.794328,-2.036597
ECA2595,0.078508,1.412233,0.054255,-1.345447,0.14289,1.128693,-0.545408,-1.224838,-0.967124,-0.307793,0.967262,1.908439,-0.021363,-1.281371,-0.303569,1.886003,0.643284,2.412872,-0.36674,-0.648081,-0.298544,0.807323,0.685879,1.269053,-1.382364,-0.340683,-0.188178,-0.68442,1.034345,-1.128831,1.87119,-2.106375,0.211111,0.594819,0.089628,0.81343,1.48906,-0.626883,0.590294,0.933952,-1.428695,-1.225236,-0.150671,0.188784,-1.245656,-1.930469,-0.287768,0.426656,-0.158006,-0.193577,-1.178159,-1.133384,-0.326167,-0.292165,-0.704954,1.183104,0.353809,-1.741195,1.818637,0.655935,1.054419,-0.653668,0.693049,0.325648,0.680472,0.578568,1.758304,-0.293772,0.023774,0.879542,0.662242,-0.822243,1.047597,2.323699,0.495462,1.792425,0.279258,0.654418,-0.330684,0.167496,0.336706,-0.647277,-0.136749,0.300395,-0.416268,-0.099682,-0.860778,0.902718,-0.670083,-0.547436,-1.129162,0.038101,0.733825,0.844027,0.250393,2.31618,0.133618,0.472032,-0.615407,-0.233662,-1.068689,0.180591,-0.067146,0.81439,1.157025,-0.47824,0.994625,0.733359,0.034514,0.517047,-1.182085,-0.711252,-2.475835,0.480119,-0.690239,0.511491,0.043553,-1.043399,-1.18999,1.526038,-0.136637,-0.366229,1.078989,1.006292,1.947009,-0.834126,1.332542,-0.71748,-0.602253,1.470914,-0.256131,-1.226801,-0.356523,0.743444,0.721306,-0.255917,-1.294955,-0.721039,0.13746,-1.253242,-0.442193,0.628938,-0.496848,0.055381,-1.189379,0.971825,1.522963,1.759829,0.653153,0.169889,0.937828,1.376324,2.108486,1.345256,2.260686,0.76342,1.024299,0.619049,-1.147515,-0.642723,0.062157,0.314818,-0.595452,-1.257238,-0.657149,0.337485,-0.822419,0.09579,1.124566,-0.333893,-0.157048,0.820098,0.729941,-2.055981,-0.007632,-1.05024,-0.934556,-0.940829,-1.085024,-1.353913,-0.331424,-0.46466,0.536993,-0.517206,-0.143746,-2.279685,0.504703,0.565447,0.702171,-1.293273,0.20835,0.508311,0.718582,-0.50045,0.536841,0.267553,-0.855636,0.718812,1.147062,0.783514,-1.303263,0.384777,1.623822,0.548843,0.741706,-1.216796,0.314389,-0.984028,-0.747154,-0.63949,0.109625,0.394099,1.226573,0.379262,-1.413072,-1.263456,0.622312,1.8958,-0.986296,1.567551,-1.735236,0.301782,-0.640807,0.258571,0.67401,-2.444372,-1.596527,-1.251264,0.934645,-2.362221,-0.012071,-0.340685,0.534494,-0.083168,0.22393,-0.009387,-1.203937,0.752112,0.89693,-0.10419,1.378721,-0.00863,-0.453379,0.081776,1.083588,-1.858936,-0.389604,-0.265934,-1.552218,-0.579233,-1.108002,1.624187,0.109988,1.413157,-0.493104,0.544575,0.927215,0.825905,0.601599,1.970703,-0.937373,0.905543,0.09281,0.144155,-1.518993,-1.096066,-2.407349,-0.700729,-2.178022,-1.83768,-0.90772,0.72406,0.762328,0.70822,0.258092,-0.21954,0.158451,-1.224776,0.142957,2.180001,-1.289727,1.455513,0.897011,0.333734,2.053633,-0.087149,2.218066,1.664803,-0.356203,0.91799,-0.378532,1.089149,1.781472,-0.134156,0.551358,1.71061,-0.191026,-0.921714,0.525186,-1.249285,-1.203489,-1.37853,0.076713,0.339865,-0.581946,-1.554528,-1.394599,0.175668,-0.972593,0.078599,-0.920419,2.258039,1.192594,0.425903,-0.307072,-0.430744,0.457537,1.393297,0.796983,0.220308,0.688011,-0.030416,-0.008822,1.537254,1.30739,-1.305893,0.30784,-2.841841,-0.589119,-0.314467,0.814895,1.205945,0.684081,-0.683492,-0.416759,-1.218867,0.672766,-0.939747,-0.103026
ECA2601,-0.241168,-0.844679,-1.369774,0.556722,-1.974159,0.44883,-1.611033,0.007932,-0.880953,1.093125,-0.403788,-0.384784,1.538894,1.880477,1.299678,1.299058,0.864351,1.636196,0.305064,-1.021015,0.988226,-0.797339,0.326572,0.332264,0.891311,-0.935847,-0.561931,0.977137,-1.362524,0.600396,-1.001238,-0.1501,-1.710854,-0.498829,-0.662523,0.469114,1.454099,-0.793158,-0.906664,-1.705952,-1.065327,0.176433,0.110317,-0.272763,0.824158,0.507717,0.151154,-1.176794,-0.678555,-0.293083,-0.468423,0.242427,-0.271302,-0.092796,0.183365,-0.804886,-0.836212,0.66642,-0.838976,-0.450768,-0.303524,-0.265789,1.20856,0.800482,-1.026513,-0.533731,-0.066682,0.209327,-0.084324,-2.047743,-0.855237,-0.142322,1.727316,0.239975,0.943393,-0.532575,-1.085229,-0.842265,-1.22314,-0.17857,0.765143,-0.844136,0.100958,-0.104799,-1.258198,0.524419,-1.031939,0.192965,0.200925,-0.133653,-0.47399,2.361956,-0.1031,-0.033946,-0.938598,-1.933359,0.237503,0.37776,-0.899227,0.06869,-2.370683,1.548493,0.260197,-2.547657,0.131528,-0.352012,-0.042502,0.785329,-0.653343,-0.78662,0.239638,-1.034498,-1.101498,-1.587983,0.032862,-0.644769,-0.972949,-0.096067,2.084373,0.073613,0.484908,0.564044,0.961155,-0.055662,0.082078,-0.394311,0.618766,-1.887971,0.526614,-0.322136,-1.13207,-1.143087,0.967969,-0.163773,0.096625,-0.532165,-1.31672,-0.570479,0.2081,0.844282,0.561051,1.748488,2.966444,1.811607,-0.097682,0.250435,0.213488,-0.658474,-1.773821,-0.679402,-2.265252,1.064426,0.061694,-0.901058,-0.855067,0.056654,0.793551,-0.996771,-0.911161,-2.17704,-0.329983,-1.290359,-1.217181,0.804471,1.31087,-0.463374,-0.008435,-0.438561,-0.326914,0.983719,-0.115122,-1.679524,0.306629,-0.99593,0.242878,-0.457396,-0.963293,-2.190942,-1.398045,-1.99497,-0.339987,-0.852522,1.407024,-1.853753,-0.792249,0.609093,-1.438847,-0.035415,-0.401739,-0.580711,0.721103,-0.307481,-0.583638,-1.140712,-1.348962,1.252925,-1.259587,0.015495,0.956242,-0.816419,-1.85505,-1.019869,1.498722,-1.290893,0.137803,-1.823108,-1.054824,0.566414,-1.134036,-0.496714,-1.548494,-0.383486,0.76612,-0.394387,0.114765,0.772367,0.844801,1.081013,1.51739,-2.001274,1.246817,0.123842,0.751901,-1.16353,-0.177755,1.144227,-0.265581,-0.288528,0.483088,0.36606,0.160735,-0.356461,0.213829,-1.742097,0.429332,1.226225,0.402489,0.694626,0.630584,0.279083,0.910507,1.180676,0.360286,-0.091541,-0.816686,-1.740598,-0.480541,-1.059777,0.749256,-0.421491,0.139176,1.123051,0.009519,-1.672048,-0.005211,-0.152231,-1.192472,-0.155024,-1.600909,-0.440459,-0.933644,-0.734195,-0.574799,2.445757,0.854587,0.889616,1.175236,1.181643,1.249119,0.123579,0.101817,0.070136,0.257695,-1.153788,-1.051057,0.83862,-0.654172,-0.216296,0.257671,-0.260662,-2.196625,-0.927725,0.05623,-1.430323,-1.607127,-0.415824,-0.475097,-1.800711,0.744319,-0.428882,0.334714,-0.516511,-1.458206,-0.124186,0.937077,-0.797081,-0.885199,-0.50269,1.115813,1.019516,1.146204,0.898102,-0.897297,0.584544,1.221643,2.382475,-1.118164,-1.022643,-0.429829,1.100693,1.578478,-1.25056,0.853986,-0.044803,1.268378,-1.665189,-0.1576,-1.490233,-0.284439,-1.131178,-0.145018,-0.397602,0.409255,-1.331413,1.646735,-0.028644,-0.203226,-0.681938,0.491725,0.635011,1.324759,0.865987,1.150618,-0.261673,-0.99175,0.91055,-0.106746,1.493724,0.671703
ECA2897,-1.499324,-0.902883,1.229128,-0.217666,-0.186558,-0.716897,-0.391717,-2.135973,-0.596858,-0.753367,0.165929,0.165833,-0.005823,-0.153277,-0.278783,0.572201,-0.367424,0.291216,0.199966,2.245806,-1.427845,-0.604266,0.977356,1.349375,-2.321545,0.423046,1.124394,0.251756,-0.616458,0.809948,-0.214103,-0.702415,-0.68949,0.409244,-0.910637,-1.404724,-0.422917,-0.749896,-0.752379,-0.890242,-0.512915,-0.406704,0.599022,-0.948619,-0.748503,-1.265952,-0.409348,-0.620659,-0.650098,-1.841462,-0.90254,-1.152632,-0.678615,-0.094388,-1.021146,-0.710614,-0.985199,-0.441999,-1.83453,1.362527,0.796766,-0.440155,0.421904,0.077086,1.092023,1.812699,-1.286425,0.509723,-0.610394,1.010575,1.3433,1.14773,-0.766865,-0.033258,-1.370991,0.037541,1.26664,2.77668,2.106435,0.72156,1.206957,0.4866,-0.138695,0.277396,2.319231,1.011564,-1.055861,0.281629,-0.800428,-1.057286,0.118368,-0.03852,1.479551,0.351265,2.502722,0.660106,-1.753282,-1.655154,0.671522,2.265817,0.137721,-0.975312,1.970539,1.006702,0.261622,3.414303,2.872438,2.940427,2.513843,0.412027,-0.161417,-0.385714,1.509392,-0.308627,-1.484772,1.041704,0.691263,-0.233432,0.450425,-0.642731,-0.184833,0.653777,0.725509,1.142147,0.710734,0.611792,-1.757819,-0.030788,-0.249355,-0.794854,0.101098,-0.091496,-0.401893,-0.939986,-0.410001,1.101995,-0.210008,-1.324728,-0.204543,0.07437,0.46003,-0.016901,1.200863,-0.937309,3.488096,-0.967543,0.651797,0.112656,-1.708752,1.65847,0.696415,-0.476107,1.038079,0.188717,-0.345067,0.907562,-0.282653,0.352568,2.035822,0.16613,0.296904,0.620281,-0.200707,-0.839782,0.691509,-0.231748,0.730408,0.548673,0.259845,-0.316705,-0.101798,0.881775,0.625011,0.581353,0.153629,0.279228,1.237898,-0.27397,1.89323,0.39983,-2.097695,-0.789433,-0.598024,-0.236409,0.293654,0.372883,-0.810382,0.037552,0.490565,0.336265,0.138659,-0.14276,0.721997,1.724572,-0.181967,1.018446,0.725487,0.632697,1.076855,1.567084,2.100984,0.529924,-0.674558,-0.274176,0.406223,-0.410753,1.182488,-0.150836,-0.309292,-0.04813,-0.693723,-1.307731,-0.698556,0.772009,-0.151345,-0.40246,-1.465745,0.604247,0.036497,-1.489667,-1.40992,0.037729,-0.906875,-2.025518,0.150155,-0.037042,0.684169,0.395394,0.129561,-0.631128,0.532574,-0.220926,-1.267481,0.775466,-0.04213,-0.459588,0.129756,1.311749,0.949619,1.003916,-0.388,0.592768,0.962174,-2.016266,0.754551,1.836294,0.649426,-0.745327,-0.981957,-0.830315,-0.005686,-1.510134,-0.844086,-0.741505,-1.27972,-1.096623,-0.674369,-0.129352,-1.070146,-1.003708,-0.742161,-1.96544,-0.294672,-0.237132,-0.779521,-0.248505,0.228724,-1.43091,0.307396,-1.154936,1.181782,-0.069935,-0.12254,0.446989,0.347669,-1.406285,-0.676204,0.653436,1.052658,2.100146,-1.081928,-0.958158,0.910221,-0.403728,0.964318,-0.557145,1.132851,1.60991,-1.397975,-0.258509,-0.778008,1.373822,-1.613009,-2.557297,-0.322143,-1.292488,0.188057,0.544893,0.918443,0.437768,1.362853,0.578565,-0.254824,0.39462,0.729699,0.854188,0.885976,-0.078089,-0.479911,0.687318,0.661963,-0.699919,-0.086287,-1.200415,0.21242,-2.421537,-1.21455,0.650162,-1.477146,-1.164705,-0.3473,-1.346289,-0.673845,-1.317606,0.677038,-0.186829,-0.353554,0.405966,0.075611,-0.053984,-2.151734,-0.651517,0.452193,1.728352,-1.221438,1.849218,-1.482283,-0.762666,0.426992
ECA3088,-2.50034,-1.036137,0.792243,0.812745,-0.330923,-2.230915,-0.228536,0.632194,-1.384809,1.274369,-1.943851,-0.106547,-0.400401,-1.707425,-1.264591,-0.944989,0.300526,-0.072206,-0.23485,0.744965,-1.678655,-0.362667,-1.069419,-0.12473,0.044642,1.276945,0.580844,-1.457795,-0.419853,-0.57529,-0.8705,1.12063,-1.371662,-0.312989,-0.599586,-0.38155,-0.091644,1.191882,-1.211358,0.151119,-0.62008,1.360626,0.457502,0.298854,-0.854125,-1.124429,1.500494,2.020909,-0.450023,0.579262,0.637217,0.050657,2.548222,0.688909,-1.233421,1.543805,0.790408,-0.801317,1.169491,1.066044,-0.550632,-0.07199,-0.705379,-0.196895,1.424033,0.180182,1.413982,-0.470211,0.577045,1.141473,-0.168013,1.487146,-0.514525,0.588443,-1.031417,-1.983148,0.433082,-0.41838,-0.056229,-0.073955,-0.970924,-0.236938,-0.386097,0.165788,-0.03686,0.000476,-1.002002,-2.796855,0.429448,-1.181269,0.799793,-0.495146,0.15058,0.538647,-0.533665,1.152184,-0.852062,0.084198,1.050849,-0.09702,0.71087,0.188681,-0.242797,0.210077,1.340422,0.693254,0.118746,-0.601987,1.273099,-0.638741,-0.708872,0.312419,0.325431,0.103895,0.5994,-0.412548,0.614207,1.300478,0.404292,-2.417651,1.639688,-0.006145,0.160251,1.347357,0.653731,-0.727144,0.241667,-1.111508,-0.617205,0.638806,1.723654,-0.049984,-0.409874,0.070088,-0.00381,-3.159994,0.908263,-0.782704,0.789659,-0.796216,-0.969928,-0.349977,-0.245511,0.463837,-1.136676,0.338585,0.664844,1.479729,0.930186,1.206451,2.675086,2.247844,1.008974,0.464694,2.000476,0.610451,0.790136,0.29093,1.594676,-0.430977,0.007905,0.721763,-1.307203,-0.817687,-1.539005,-2.672785,-1.035978,1.229387,-0.104317,0.009174,1.30245,0.587348,0.080355,0.302307,-0.563318,1.100341,0.565827,-0.212476,-0.004557,0.261032,-0.043517,-1.573415,-0.606246,1.04582,0.514775,-0.268823,-1.407554,-0.014308,-0.170916,1.484157,0.920823,0.624003,-0.916496,-0.207049,-0.773867,-0.656701,0.118461,1.139469,-0.323899,1.210534,0.296252,-0.291304,0.588135,0.057592,0.294072,0.405254,0.534947,1.91274,-0.871871,1.155865,0.512838,0.074503,-0.133461,-0.069075,-0.615093,0.461528,0.87142,-0.967058,-0.783905,-0.147887,-0.391576,0.03178,-0.688119,0.828528,0.386109,-0.630594,0.7116,0.47623,-0.709614,-2.941114,0.825345,-0.190289,0.10395,-0.770487,0.951891,1.062396,-0.696622,0.287909,-0.214735,-1.088508,-1.152242,0.257617,-1.06852,-0.913326,1.345071,0.179812,-1.280836,0.987551,-0.221053,-0.231394,-0.188722,-0.194559,1.216967,1.616381,1.387658,-0.582996,1.706173,0.497966,-0.014592,1.448935,2.081591,0.698893,0.501404,-0.630052,0.021745,-0.394338,1.395247,-0.333142,0.311675,-1.111311,1.572888,-0.656206,-0.002108,0.836244,1.77195,-0.335661,-0.285895,-0.352018,1.789603,-1.311466,-0.339491,0.599926,-1.217564,-0.411971,0.778707,0.17354,-0.279528,1.988851,0.122015,1.11795,1.071765,0.189552,0.930321,-2.015111,0.086371,-0.05463,0.698043,0.505595,-1.058885,-1.326848,0.320066,0.667058,-0.912934,-1.117065,-1.38551,0.167537,0.12933,1.554889,0.263927,0.382134,-2.635374,-0.632135,-0.421837,-1.342803,0.164738,-0.763841,0.676351,0.222262,-0.081051,-0.517505,3.09054,2.390563,1.740515,1.136437,1.763655,-0.724884,1.20463,1.151464,-0.322983,0.661659,-0.37603,-0.719497,-0.500109,-1.538691,-1.306622,1.734605,-0.636148,-0.239016,-1.252596
ECA3117,-0.4415,0.057603,-0.898544,-0.104167,1.812613,1.576557,1.283074,-0.095007,1.348738,-1.711148,-2.1898,-0.458038,-0.691564,-0.867421,0.187535,-1.073087,-0.129774,0.929464,1.471353,1.788355,-0.465161,-1.683202,0.697731,-0.264621,-0.323911,-0.848544,-0.279852,-0.3266,0.197662,-0.575551,0.823802,1.355438,0.106169,0.455435,0.307559,-0.664551,0.400798,0.973403,-1.781064,0.95929,0.84323,-1.50858,0.48749,1.559304,-0.702983,0.873712,-0.673346,0.286336,-0.941241,0.656149,-0.005274,-0.488274,-0.616797,-0.281165,1.941882,1.314949,1.907867,1.574752,1.850811,1.855577,1.635387,2.383388,4.05752,0.770871,0.058255,0.194913,0.110172,-0.831214,-0.613688,-2.432094,0.126735,0.37739,0.589471,-0.847491,-0.703092,-0.829411,-0.281358,0.162641,-2.42913,-1.209322,0.774477,0.36424,-0.283167,-0.21742,1.598116,-1.265158,0.121571,0.490114,-1.698921,-0.490203,1.674622,-1.611185,-0.272098,-0.36592,1.144537,-0.090032,-0.184722,-0.308401,-1.378089,-0.150596,-0.598577,-1.742455,0.116794,-1.107284,-0.736682,0.143301,-0.173849,-0.163433,3.040963,1.298157,2.378715,-0.335457,1.466632,-0.213991,0.398257,0.597616,1.391529,-0.224832,-1.824873,0.104064,-2.131709,1.696874,0.232622,-0.27916,-0.442008,-0.734438,-2.253528,1.311266,-0.296501,1.061327,-0.766825,-0.093537,-0.319238,-1.12482,-1.727308,1.05691,1.08882,1.433147,0.795704,1.581531,1.417598,1.987437,2.788919,0.186291,-1.483907,-1.029472,0.378663,-0.554255,0.417565,-0.758963,-0.206254,-0.344076,-0.292061,1.228129,1.26079,-0.588468,-2.240613,0.54527,-0.878438,-0.06809,-0.235742,-0.754504,-1.06329,0.376472,0.842065,-1.169567,0.409905,0.807479,-0.577517,-0.825847,0.702973,0.942161,-0.583144,-0.270246,-2.319647,-2.47596,-1.290674,-2.334812,-1.291447,-1.289814,-0.675847,2.142925,0.07684,1.764647,2.665597,0.744301,0.831296,0.906741,1.660065,0.788345,-1.624166,-1.106834,-1.000478,-0.105742,-0.447874,0.02607,-0.029519,-0.274908,1.01068,2.673458,-1.004194,0.744588,-1.492072,0.592725,-0.207402,0.434539,-0.831358,1.827321,-0.63915,0.916162,-0.442641,1.570358,1.627764,0.255625,1.397691,1.484496,-1.171217,0.147213,0.474691,0.700779,-0.520962,-0.099591,1.816098,-0.430724,-0.063323,-0.309745,-0.392619,1.533565,-0.225699,-0.539706,-0.552109,-1.345779,-0.895454,-0.758501,-1.052663,-2.307388,-0.700645,-1.047113,-0.408012,-1.267799,0.175674,-2.14835,-0.707595,-0.453529,1.143516,-0.879525,1.31811,0.996435,-0.180186,2.104299,-0.739729,2.255687,-0.37149,-0.528384,-0.11088,0.353415,-0.552868,-1.67923,0.617602,0.41554,-0.358047,-0.430008,0.406637,0.427967,-0.651069,1.212127,0.665451,1.102214,1.015727,1.898906,1.220148,0.194206,0.606563,0.69192,-0.046083,0.910835,0.308961,0.304527,-0.211403,0.480632,0.08751,-0.192546,0.872127,1.023866,1.404809,-0.008158,1.539095,0.338619,-1.046038,0.173091,-0.374878,-3.056829,-1.183601,0.173243,-0.051268,0.11522,-0.230225,1.285859,-0.329055,-0.535098,0.32871,-0.020482,-1.077039,-1.760039,-0.262282,-1.585673,-1.194709,-0.561672,-0.634684,-1.209602,0.17271,-1.191269,-1.11369,-0.027479,-0.10732,-0.087493,0.110476,-0.800955,-1.017661,0.071197,0.483748,-0.075013,-2.095853,-0.218462,-0.478269,-0.299944,0.478384,-1.283468,1.556207,0.420502,-0.137044,2.008415,0.060459,0.698268,-0.339279,-0.489782,-0.008753,1.388344,-0.933338
ECA347,-1.265874,-0.547376,-1.874448,0.378369,-0.145242,-1.490241,-1.22321,-1.032702,-2.246483,-0.972798,-1.314003,-1.266269,-1.702786,-1.000383,-0.618041,1.077033,-0.178728,0.156293,-2.05517,0.111243,-0.400479,-0.299183,1.020891,0.953836,0.467596,0.410588,0.401397,0.186406,0.693266,-0.838718,-0.740213,2.078063,-0.377549,0.417839,-0.31962,0.877459,-1.440516,1.03198,-0.67214,-0.360624,0.283024,1.511235,-1.065672,-1.369624,0.175493,-0.03505,0.198844,0.529843,-0.319226,-1.893557,0.136013,-0.935641,0.373504,0.315227,-0.207601,0.39017,-0.311002,1.063976,0.687788,-1.082818,-0.931256,1.001663,0.700137,0.645712,0.114067,1.071652,0.646463,-0.263525,-0.849544,0.160856,0.527599,-0.273156,0.783582,2.075985,-0.509313,-0.64756,0.564542,-0.750084,0.856708,-0.691828,-1.47816,-1.332489,-2.191041,0.768062,-0.591576,-0.086084,-0.7082,0.033962,-1.174752,-0.111603,0.771411,1.185391,-0.752447,-0.304141,0.015713,-0.280458,0.189725,-0.310916,0.819375,0.443158,-1.540672,-0.324607,-1.854774,0.391251,-0.529367,-0.142083,-0.049867,-0.511466,-0.721275,0.746527,-0.995132,0.005551,-0.654335,-0.031659,-0.029148,-1.887104,0.131312,1.006725,-0.20707,1.755196,0.795114,2.233049,-0.057658,1.383901,1.292051,0.332685,0.132019,1.166811,0.393355,1.569552,0.095153,0.634015,-0.943726,0.600366,-1.117711,0.004508,1.37355,0.345651,-0.016159,1.096841,0.899503,-0.553037,-0.485082,-0.363506,-0.914305,0.122838,0.495408,-0.772737,0.101036,2.298918,0.315899,-1.15517,-1.17736,1.160849,-1.10658,0.496213,2.126497,-0.250499,-0.685157,0.237177,0.421443,1.113818,-0.730177,0.245553,0.310982,-1.105717,-0.33233,0.651918,0.285075,0.036031,-1.650226,-0.302283,-0.528164,1.495408,1.520941,0.62128,-0.136355,-0.201324,-0.960646,-1.196982,0.223128,0.323643,-0.883151,0.353646,-0.058822,-0.464435,1.059041,-0.688695,0.666044,0.640116,0.604087,-0.027603,0.265902,0.874753,0.305684,0.366733,2.77313,0.829423,-1.314142,-1.058219,1.137169,1.442147,0.136358,0.480588,0.33581,0.286072,1.078934,0.022685,0.0057,-0.206158,0.699187,-0.647365,-0.677943,-0.206728,-1.87398,0.476716,-0.454198,-2.546043,-0.186365,0.230533,-1.24075,-1.932099,-0.678055,-0.055569,-1.768902,-1.409975,0.248174,2.333049,-0.760907,-0.732966,0.010157,-0.672256,-0.026623,-0.33309,-1.145162,-0.145401,1.006285,1.954916,-0.039234,-0.214021,0.679023,1.018679,0.395399,0.527764,-0.461582,1.525623,0.813186,3.24895,0.149135,0.043105,1.621269,0.227289,-0.100747,0.570008,-0.466935,-1.595545,-1.186464,1.438805,-0.248226,-0.086633,0.450469,-0.55486,1.999094,-0.249922,-0.156071,1.195073,0.415115,0.708127,0.781303,0.826767,1.179503,-0.78037,-0.110847,0.389758,-0.60596,-0.021066,0.330099,0.416746,0.296045,-1.60255,0.112474,-0.736673,-1.366863,0.723378,1.507104,1.922394,0.251986,-0.347402,-0.104733,0.745543,1.228961,0.949774,-0.507268,-0.171345,0.531102,1.375102,0.946974,2.103845,0.770049,0.181485,-0.031126,0.388442,-1.890234,0.044564,0.378112,1.642672,-0.682034,0.672524,-0.902932,-1.180862,-1.612022,-1.132188,-0.016517,-0.957555,-1.530917,-0.863525,0.16469,-1.378142,0.449928,0.860733,1.71398,0.407122,0.959243,0.812774,-0.956856,0.350266,0.385029,-0.74525,1.371746,0.548101,0.35115,-0.560381,-1.522663,-0.457778,2.4952,-1.121132,0.464958,-2.824659,0.46297
ECA363,-0.201456,1.955235,0.661003,-0.562762,-0.669294,2.207724,-0.861215,1.167189,0.683277,-1.171706,-0.47759,1.236418,1.141153,0.581603,0.382685,1.022752,-1.120557,0.176302,0.014702,-0.807222,0.803385,-0.686703,-0.704337,-0.707386,-1.064944,-0.409103,0.68493,1.535823,-0.734158,1.031218,-1.067774,-1.083377,0.348475,-0.86845,-0.844521,0.202545,-1.197009,-1.446427,-2.097799,0.4734,-1.099283,-0.122028,-0.673777,1.194179,-1.666291,-2.033184,0.351459,-0.131417,-0.128946,-1.250506,-0.38037,0.223712,-0.334424,-0.803235,0.843273,0.151404,-0.485887,-0.537249,0.145247,0.804788,-0.258987,-0.733126,0.380665,-0.620428,1.165259,-0.749932,0.341273,0.29922,0.864385,1.248552,1.633695,0.63696,-0.703448,-0.538189,-0.751761,0.296865,0.054367,1.014112,-0.445004,1.410355,1.471745,-0.886929,2.121909,-0.381788,1.163124,1.567501,-0.642964,0.540814,1.221462,1.843041,0.428793,0.379335,1.373301,-0.659775,1.48316,0.928845,1.396483,1.382404,2.477858,0.110512,1.334004,0.549687,-1.159222,-0.649311,-0.483242,-1.986092,-0.902142,-1.214487,-0.737614,-0.241358,-0.225052,1.068461,0.81389,-0.983776,-0.087612,-0.344301,-1.324574,-1.651195,-1.239427,0.379522,1.374408,-0.396353,1.222824,-0.162114,-0.947152,0.47047,0.395234,-0.101239,0.529285,1.022274,-0.299112,1.003696,1.160882,1.363104,0.369513,-1.158429,0.530388,-0.224009,-0.364877,-1.024055,-1.271376,-0.937927,-1.222997,0.655635,-0.138822,-1.101037,0.79185,-1.041454,-0.432554,-0.262834,0.093491,-0.240542,-0.220582,0.856699,0.208366,1.508222,0.27023,-0.423444,1.517729,0.792911,-1.119905,-0.359764,0.125511,-0.446462,0.310505,-0.995359,0.555506,-1.143929,0.773924,0.11746,-0.243266,-1.147342,-1.459247,-1.117003,-0.140795,-1.030052,-0.000298,0.447122,0.461288,-0.475284,-0.788263,-0.2082,0.141357,1.539485,-0.536061,0.121549,0.672627,-0.064804,1.773386,-1.179429,-0.001231,-1.10318,-0.540003,0.328716,-0.23877,-0.259509,-0.783868,-1.187886,-0.44996,-0.365641,0.515641,2.002892,-0.118937,-1.466447,-0.038978,0.066402,-0.756581,-0.432797,-1.379672,0.543978,-0.571489,-0.267426,1.226996,0.227553,0.622396,-0.835511,0.458864,0.775104,0.951416,0.348242,0.48478,-0.518546,0.272327,2.131295,1.045446,1.087282,0.88547,0.513831,2.216234,0.260615,-0.620554,1.1375,0.099404,1.167469,-0.379437,1.142723,0.769146,-0.95151,0.435574,-0.697439,-2.356268,0.753051,-1.05067,-0.051409,-0.540738,0.19217,0.225408,-2.611309,0.677908,-0.349494,0.811721,0.140972,-1.300829,-1.123862,-0.099273,1.5102,-0.581029,-0.217519,-0.964086,0.512745,0.018435,1.066414,0.910872,0.5664,0.137567,0.005261,-0.288834,0.705281,0.060645,-1.395258,0.754297,0.961863,1.075798,1.707464,0.936912,0.174669,0.098997,0.430943,0.419726,1.659325,-1.029783,-0.773442,1.2566,2.176965,0.527681,1.503569,1.470819,-0.298352,0.00743,-0.270926,0.12626,-0.027119,0.108742,0.477854,0.757554,1.529454,1.539379,-0.364455,-1.030068,1.713396,0.149399,0.415597,-0.581124,-0.943099,0.270899,0.974166,-1.579894,-1.581089,-0.33399,-2.10077,0.532,-0.37909,0.81357,-0.545671,0.322055,0.466494,-1.105732,-1.077759,0.335023,-0.62824,-1.814545,-0.260661,0.633268,0.602361,1.231735,-0.729,-0.132406,-2.144774,-1.20451,-0.343071,0.762365,-3.112577,0.58042,-1.29527,-1.663488,-1.776503,-0.416539,-0.368331,0.584199
ECA369,0.868196,-1.592846,-0.582143,-0.260973,-0.669854,-0.562547,-0.892839,-0.438708,-0.741015,-0.771075,-1.183558,-1.472656,-0.022729,-1.651284,-1.819173,0.230316,0.952893,-1.092632,0.539764,0.902119,1.514363,1.559766,0.929546,1.156921,1.825659,2.18905,2.577275,1.681052,1.691557,2.835867,0.87757,-0.058293,1.848632,3.614717,2.113507,1.992411,-0.769234,0.255241,0.068136,-0.790005,-0.974488,0.147265,-0.011295,-0.166601,0.132483,0.930068,1.028093,0.016825,-0.047476,0.099921,-0.35882,-0.71663,0.600992,-1.47626,0.157396,-0.254659,0.23533,1.755601,1.595587,0.901338,2.751555,3.026693,2.269399,-0.213925,-0.434173,0.731841,-0.294833,-2.162453,0.420336,-0.031877,-0.155675,-0.405491,0.060479,1.254847,1.459292,0.311559,0.931707,-0.336323,-0.550782,0.162802,1.382012,0.484337,2.485419,1.022429,2.067756,2.022161,0.713918,-0.473827,0.565836,1.22006,-1.383351,-0.499178,0.640819,-0.443529,-0.721599,-0.738529,-0.007076,-1.387004,0.234382,-0.547481,0.175585,-0.880339,-0.976247,-1.019985,-1.205121,1.204728,-0.497993,0.277282,-0.159853,1.213915,1.042675,1.438894,0.303142,-0.688228,0.387713,0.901453,2.04608,1.517419,-1.551426,-0.196542,-0.710568,-0.352602,0.42859,-0.179337,-0.77202,-0.377692,-1.082398,1.936023,-0.614014,2.041285,1.716289,2.489674,0.079331,-0.452883,0.952679,0.892537,-1.021448,0.844429,1.843446,0.929039,-2.018132,1.440544,0.975092,0.812571,-0.214334,2.387141,2.232129,1.103507,0.36195,-1.137563,1.183933,1.405025,1.304095,-0.619908,-0.835656,2.013678,-0.501085,0.142655,-0.466631,0.057383,0.370126,-1.389762,-1.761497,1.284263,-0.835532,-1.135944,-0.233946,0.933554,-0.567226,-0.104826,-1.297179,-0.344482,-0.105045,-0.739886,-0.426134,2.309051,-0.914426,0.719072,-0.460885,1.151963,-1.125621,0.738956,-1.129329,0.462276,-0.368491,-0.177535,1.161837,0.050853,0.472801,0.415289,0.747371,-0.536693,0.933288,-0.145641,-1.093176,-0.98254,-0.532054,-0.209136,0.163436,-0.905064,0.359764,0.600083,-0.933377,0.574909,-1.307058,0.50546,-0.795298,0.562983,-0.444826,0.237392,1.145405,3.015575,2.900578,1.369562,1.520081,1.074781,0.660191,-1.33032,-0.320281,-1.786978,0.698495,-0.140994,-2.498191,-0.567472,-0.390409,0.091566,-0.509426,-1.533972,0.856005,-1.323933,-0.577727,-1.798431,0.316048,-0.123921,0.066165,0.658263,0.379752,2.199711,1.259524,1.090536,0.787428,0.519299,0.200191,-2.999854,0.298665,0.713831,-0.040452,0.168822,0.388751,-0.719762,1.336944,-0.515674,-1.481308,0.372907,0.08505,0.226501,0.464954,0.810318,-0.148562,-0.110773,0.831847,0.282683,1.872479,-0.334774,-0.577556,-0.959031,0.670541,1.508791,0.010456,1.49435,0.043998,-0.038832,1.002133,1.075799,-0.302576,-0.893321,-0.515056,1.967783,0.981302,1.645796,0.498975,1.930584,0.256527,0.650218,0.232554,-0.808632,1.433098,0.667453,0.383526,-1.289915,0.462922,-2.332653,0.25328,-0.984715,-2.230598,-0.697216,-1.502555,0.731169,0.624824,-1.158157,0.13095,-0.059966,-0.152628,-1.023776,0.058072,-0.360054,-0.322442,1.983068,0.46324,1.280321,1.281557,0.529419,1.378767,-1.206755,1.561666,-0.679194,-1.324852,-0.468241,-0.973309,-0.28291,0.704688,-0.907741,-0.252443,0.638008,-0.096431,1.111651,-0.137909,-0.924137,-0.675633,1.43183,0.286297,-0.049946,1.502576,-0.357647,-1.707043,-1.811085,1.942021,0.657955,1.032621
ECA396,-0.934286,-0.544233,1.634449,1.746493,-0.373663,0.572694,0.319752,1.463493,0.811464,1.040277,0.31347,-0.23026,0.520681,0.078106,0.678526,0.034444,-1.019983,1.27749,-1.460141,0.716374,-1.026764,-0.262795,0.291513,0.05682,0.757641,-1.02733,-1.281323,0.010923,-1.264327,-1.198113,0.663492,-0.797852,-0.633491,-0.021536,0.323482,-0.423049,-1.007752,0.05731,-1.187034,-0.571858,-0.677445,0.733172,-0.795279,-0.806469,-0.29401,1.275679,1.262398,0.923177,-0.149385,-1.610765,0.441937,-0.080988,-0.30093,0.64501,-0.778559,-0.309623,-0.494274,-0.245615,1.43189,-0.054689,-0.666333,-0.269444,-0.617797,0.617145,0.461596,-1.2085,-0.246184,-0.891448,-2.266427,0.028014,0.509914,-0.328648,-0.654257,0.017787,-0.743599,0.605916,1.069486,-1.259697,-1.004507,1.159251,-0.066988,-0.979315,-1.465708,0.78508,0.055226,0.868392,0.403848,0.001104,1.351261,-1.038708,-0.494687,0.506439,-0.726801,1.137319,-0.175733,0.610862,-1.129708,-0.36615,-0.255673,1.044438,-0.117531,-0.351362,0.527245,0.135354,1.009858,0.284056,0.357912,0.120691,-1.099778,0.405801,0.649879,-0.081713,-0.009545,-0.957465,0.364591,-0.304623,0.691193,-0.36202,1.302484,-0.433509,0.291998,1.619787,-0.217336,-0.224315,-2.1815,-0.540824,0.354467,-1.581367,-0.732303,-1.15827,-1.002392,-1.106864,0.860582,-0.621349,-0.872097,0.384446,0.684091,0.379006,1.018918,-2.176691,1.112222,-0.009738,-0.306803,0.340783,-0.799867,-1.496902,-0.388114,-0.320706,0.695773,1.6179,-0.515438,-1.297424,-0.039055,-0.880346,1.060233,0.219331,-0.210046,-0.621895,-1.452582,-1.391406,0.199566,-1.266627,1.988,-1.072544,0.543708,-1.152432,-2.354108,-0.683315,-1.173161,-0.814154,-0.18231,-0.328311,-0.325282,0.028981,-0.240193,1.329139,1.404245,0.171998,0.514617,0.238402,0.241143,-0.499136,-0.934852,-0.772022,0.263276,0.780549,0.85308,0.827672,0.411393,-0.126817,-0.21527,-0.448947,-1.19167,0.595999,-2.525304,-0.446505,0.571377,-0.443779,2.419358,-0.734313,-0.681508,0.464866,-1.07837,0.109655,0.743452,-0.626091,1.038568,-2.884715,0.027108,-1.175372,-1.801825,2.115496,-0.343832,-0.453239,-0.606842,1.143815,-0.00299,-0.087119,1.219326,0.762724,1.797969,-0.319149,0.423594,-0.222109,0.235095,-1.998684,0.692481,1.689454,0.516995,-1.487535,-0.211758,0.758748,-0.577402,-1.155994,-2.601988,-0.105148,-2.053121,0.005944,-0.05079,0.019187,-0.431938,-0.109834,-1.534353,0.856493,0.282366,-0.644509,-0.551106,1.695886,0.988946,0.67054,0.047713,1.946368,1.77857,0.841434,-0.037911,-0.881147,-2.109811,-1.627041,-1.715379,-0.560638,-0.159807,0.727415,-1.814399,0.34525,1.413639,-0.00967,1.001553,2.039054,-0.488254,0.79354,0.147788,-0.110693,1.211388,0.269591,0.923996,-0.284541,1.090925,-1.270665,-0.598469,-0.119503,0.241164,-1.086702,0.083874,0.654995,-2.05279,-1.978429,-0.216959,-1.387951,0.207281,-1.279215,1.222535,1.351602,-0.512311,0.767036,0.061809,1.222559,1.738542,0.90094,-0.488309,1.140344,-0.36658,0.371833,0.186929,1.825141,0.612335,0.2161,-0.130764,-0.102662,0.95596,-0.843619,0.812847,-0.377113,-1.857404,-0.421346,-0.034583,1.410979,0.721231,1.740361,-0.411459,0.511283,1.003861,1.207176,2.970743,1.320856,0.31528,-0.435126,1.23988,-1.890643,-0.187726,-0.509279,-0.902125,-0.164337,0.132606,-0.880731,-1.276401,0.575821,-1.518432,0.565599,-2.39997
ECA701,-1.079049,-0.511612,-1.283847,-0.612699,-1.604297,-1.144668,-0.799386,-0.217498,-0.564758,1.238194,0.058201,0.012487,1.048154,-0.587852,0.511208,0.656338,-0.452365,-0.276692,-0.567667,-0.044865,0.135431,-0.62272,-0.417012,1.496401,-0.55228,-1.047393,-1.421416,-1.969326,1.471871,1.282107,1.175822,-0.377626,-0.691442,-0.724887,-1.498517,0.593757,-3.044901,-1.105687,-0.340211,-1.052295,-0.240166,-1.994224,-0.276507,-0.736791,0.215696,-0.625153,-0.514635,-0.825105,-1.053174,-0.336576,-2.258421,-2.757903,-0.043164,-0.768815,-0.221819,0.452522,0.708153,0.265753,-0.084822,0.295228,0.226207,-0.320141,0.193659,0.085873,0.241147,-0.406866,0.316919,-0.88045,-1.062286,-1.272031,-0.218744,0.844496,0.162855,-0.267476,-1.614417,-1.650103,0.357832,0.496531,-1.269321,-1.198109,-0.458667,2.071838,1.52453,1.052296,1.118882,1.079555,0.334157,2.857441,1.816943,2.665278,0.288681,0.57925,-0.577596,-0.06297,-0.527043,-0.488515,1.192587,-1.466977,0.309724,-0.444904,-1.113062,-0.610518,-2.136704,0.779468,0.140423,0.422766,-0.005869,0.540021,0.431005,1.518216,-0.153064,0.105257,-1.802289,-0.617481,-1.892199,-1.187559,-0.624029,-0.854933,3.129369,0.57812,-0.474596,-0.172409,-1.160186,-0.408094,-1.717096,0.711429,0.471891,1.83992,-1.754374,-1.467282,-0.145772,0.603077,-0.653439,-0.296247,-1.270277,-0.402231,-1.261539,-1.147339,0.087625,-1.521565,0.826976,-0.552234,-0.942738,0.657531,-0.103138,-0.066139,0.303061,1.362805,0.028604,-0.414161,-0.41716,-1.582228,-0.359684,0.876715,-0.669831,1.667846,0.415008,0.204379,0.788032,0.164176,0.230499,0.388121,-1.639908,-0.036032,0.082554,1.231068,-1.6109,-0.781957,-0.432984,-2.063719,-0.403946,-1.73553,0.154013,0.049176,-0.701581,-0.859721,1.356296,0.953502,-0.136153,-0.437736,-0.259409,0.309023,0.574068,0.874056,0.493248,-0.126325,-0.703605,-0.412764,-0.267477,1.526178,0.142627,-2.20999,-1.854709,-0.685009,-0.78552,-0.289462,-0.63374,-1.245225,0.318824,-1.467223,-0.970686,-0.747035,-1.746322,-0.108623,0.086815,0.203177,0.260957,0.225966,2.247179,2.238854,-1.500172,0.440468,-0.731101,-0.164769,-0.325734,0.60402,0.521756,-0.938321,-0.705449,0.864198,-0.603306,0.399369,0.253423,-0.037735,1.21815,1.69013,1.970333,1.319702,-0.216874,0.908326,-0.261422,0.991757,0.532994,0.825983,-0.379445,0.381095,0.225861,1.20887,0.534935,0.955592,0.786438,0.732258,1.546441,-0.265111,0.614546,-1.317421,-0.364481,-0.93566,0.15016,0.328386,-1.449139,0.170239,1.244237,1.791164,0.281749,1.069856,0.153987,1.732482,1.354337,1.199479,0.281051,-1.25291,0.312965,-0.423871,-1.716651,-1.109248,-0.817877,-0.532812,0.675531,-2.55465,-1.268671,1.608047,1.554505,0.622577,-1.558207,1.225509,0.628397,-1.472129,-0.912312,0.040369,0.478968,-0.742798,-0.032182,-0.292378,-0.383698,-1.266846,0.857225,-0.82783,-0.319599,-0.013075,-1.117816,0.758263,0.435719,-0.351852,-0.060611,-0.333424,-0.2203,1.315296,0.928465,-0.222811,-0.393511,0.435492,-0.670279,1.55828,1.114288,-0.890053,-1.343488,0.925638,0.672832,-0.341288,-0.494024,0.4795,-1.501057,-0.351645,0.030498,1.854991,0.704522,0.993933,0.439504,1.781684,0.58049,0.726952,2.025071,0.64252,1.035989,0.780847,-1.361748,-0.678169,0.937618,-0.176485,-1.913157,0.592184,-0.164751,1.122008,2.070699,-0.874328,0.792935,-0.202014,0.453696
ECA703,-0.955905,-1.342072,-0.623969,-0.709121,-2.066416,0.714377,-0.555766,-0.75976,-1.390882,-0.011432,-0.646605,0.220476,0.386519,1.62172,0.410457,1.033749,2.133076,1.115753,3.953682,-0.139645,-0.251819,1.314759,1.687165,0.916782,0.938473,1.933652,1.582928,1.680141,1.146586,0.794995,1.777561,0.997077,1.108111,1.554207,1.161556,1.840842,-0.545483,1.629258,-0.192293,0.062085,-0.248497,-0.257085,-1.379622,-1.04631,0.114425,1.020351,0.098831,0.518264,0.044383,-0.593141,-0.573792,0.195296,0.34537,0.316798,-0.565495,-0.341131,-0.155931,-1.575193,-0.390581,-1.8633,0.060989,0.209988,-0.301505,-0.530422,-0.243144,-0.606898,0.191504,1.647175,-0.043353,-0.82771,-1.493143,-0.949994,0.37682,0.132198,-0.308037,-2.148612,-0.578597,-1.049981,0.908348,0.17413,0.766618,-0.568964,-0.200038,-0.825134,-1.557589,-1.30069,0.602309,-0.645034,-0.835813,0.13779,1.704931,1.731919,-0.123166,-0.2409,0.972117,0.156287,0.489752,-1.489379,1.536428,0.616342,-1.207305,-0.636231,0.588569,0.259933,1.24356,-0.645207,-0.426064,0.194801,-0.989345,0.375142,0.326969,-0.479307,0.792067,-0.795558,-0.243406,0.331769,-1.142534,0.328167,-1.568468,-1.659751,-1.473599,-0.58688,1.717684,-0.147267,-0.253193,-0.610033,0.116066,-1.476455,-0.056126,0.312513,-0.568078,0.262162,-0.206972,0.245873,-1.851322,1.11965,0.844716,-0.510017,-0.62615,0.982137,1.357473,1.984562,-0.060151,1.201257,-0.593285,1.486585,0.872516,2.12917,-0.401846,1.456141,2.087693,0.355094,0.340667,2.185452,-0.83997,-1.385928,0.620156,2.224857,1.43886,1.269014,0.482661,0.040734,0.926524,0.597079,-0.035924,1.082939,-0.306216,-0.058833,-0.130144,0.928847,0.72119,1.227643,0.970463,0.831819,-1.134633,1.547777,-1.051681,0.306339,-0.761072,0.740385,-0.597986,-0.931945,1.367247,2.838067,1.341446,0.949182,0.40136,1.010955,2.792352,1.460432,1.019517,-1.465751,1.019014,1.112092,0.650233,-0.069005,-1.12866,0.048103,-0.581745,-1.500109,-0.785174,-1.869319,0.140165,-1.262982,-1.025941,-1.802176,-0.585417,-1.669738,-0.858063,-0.500094,-1.806597,0.150046,-0.241422,1.150226,-0.827643,0.158565,-0.157374,0.534998,1.120383,-1.116824,-2.249911,-0.849093,-1.5118,-2.245573,-0.565372,0.291082,-0.118436,1.353173,1.792819,0.911326,-0.208097,1.889524,1.658156,2.522436,-2.756679,1.162098,-1.348241,-1.213201,-1.715922,-2.853022,-0.716882,-0.054091,0.440044,-0.992914,-1.863064,-0.705917,-0.930691,1.205431,0.192896,-0.760897,-1.898822,-1.317277,-1.729805,-0.415686,-0.930553,-1.125594,0.035582,-0.12577,-1.909635,-0.491942,-0.022311,2.482321,-1.024633,0.299136,1.134447,-0.442053,-1.627425,-1.117151,-0.141796,-0.640223,0.518686,1.182231,0.08246,-1.43912,0.708002,-0.410416,-0.430302,-0.70833,-0.225272,-0.815049,-0.802849,-0.655328,-2.310424,0.575816,-1.594887,-0.181771,-1.320105,-1.581974,1.309812,-0.886532,-0.489925,0.999693,0.064923,1.358546,0.895518,0.537765,-1.511575,-0.18849,0.15225,-2.223932,-0.725246,-1.44307,-0.343892,-1.768175,-0.753022,-1.157104,0.206669,-0.374477,-0.596227,1.849857,-0.535928,0.899995,-0.720307,-0.602386,-1.143864,-1.065767,0.346836,0.392532,-0.282157,-0.001352,0.968165,0.325,-1.50936,-0.372785,0.807255,-1.330804,-1.555549,1.363033,1.174712,-0.167064,-0.341059,-1.425145,-0.635424,-0.80308,1.117566,-1.252066,-0.421928,1.74787,1.120447
ECA705,-0.317591,-0.952203,0.242301,-0.543606,1.416244,1.363273,0.098159,-1.370025,0.60256,0.681444,-1.61251,0.780682,0.236523,-1.108867,1.016526,-0.437726,-0.622389,-0.667301,0.061476,1.827499,0.340508,0.339902,1.332938,0.232014,1.711004,2.659767,2.660322,-0.083241,0.683513,-1.624142,1.704299,0.77385,-1.731123,0.144671,0.34534,0.606445,0.008252,0.360913,-0.573411,-0.446939,-0.163639,0.511937,0.517181,-0.514622,-0.712418,0.733534,0.257687,0.568982,-0.785574,-0.475044,-0.046362,0.081384,1.137046,-1.430973,-0.596589,-1.947661,0.103469,0.384832,1.514444,1.867111,-1.131908,-0.2353,-0.704898,-0.008936,-1.266983,-0.098193,-1.140219,-1.310085,0.395095,-1.24411,-1.718706,-1.743175,0.66016,-0.289241,1.103583,0.249726,-0.591999,-0.309199,1.037489,0.673073,0.238166,-0.712523,0.58988,0.96798,0.251487,-0.495095,-1.409409,-1.232563,-1.359429,0.332786,-0.19669,-0.533382,-2.263405,-1.160599,-0.866281,0.027331,-0.530471,1.158167,-0.731316,-1.893774,0.679253,-0.822702,1.86975,-0.365106,-0.712008,-0.219073,1.249686,1.311546,-0.40641,-0.691344,-1.710704,-1.40528,-0.467999,-0.741371,-0.179265,0.209664,-1.786992,0.458503,0.563042,0.945432,1.19054,0.951755,1.211216,1.050779,-0.374826,0.253175,1.7484,-0.234985,1.162705,2.592887,-1.191845,0.98694,0.859754,1.954227,1.214402,-0.245671,0.109703,0.902095,2.174396,-0.073286,0.866763,-0.241655,0.915272,0.844903,0.107423,-1.046201,0.227279,-0.113962,0.120964,0.31084,1.709888,2.755834,1.285084,1.164365,-0.503902,-0.940325,1.101994,-0.134083,0.154681,0.123607,0.979037,0.700582,1.795896,-1.408516,1.908695,-0.765159,0.402646,1.119138,2.80266,0.908541,0.961105,0.033639,-1.581982,-0.984581,-1.164566,0.01863,-1.42266,-1.131897,-1.010504,-0.61717,-0.999031,-0.523526,2.885415,2.915211,0.846612,0.127117,2.094382,1.064214,0.574786,-1.582674,-0.59067,-0.525856,-0.116531,0.411013,-0.439124,0.037525,0.110532,-1.240921,-0.858895,-0.124822,-0.688949,-1.576597,-1.291743,-0.130434,-1.212627,-1.330661,-1.514948,0.174673,0.713196,0.785792,-0.039706,0.823659,1.536131,1.483469,2.134153,0.30423,-1.277132,-0.028328,-1.434044,1.0023,0.710394,-2.332489,0.1768,-1.584468,-0.266379,0.102101,-0.91599,0.124261,-2.441404,0.358968,0.309837,-1.6168,0.158768,0.182434,-0.675206,0.373784,0.5376,-0.155026,-0.561433,-0.013558,-0.801408,-1.020475,-0.161569,-0.274251,-0.13675,0.124484,0.151715,-0.547082,-0.798817,0.071244,0.439792,0.1321,0.815528,-0.327694,-0.673383,0.816434,1.267064,-0.479217,-1.707314,-0.380739,-0.203181,-0.407764,0.509596,-0.358761,1.673844,0.696608,1.134467,-0.248754,-1.291137,-1.664611,0.105241,-2.38008,-0.37122,0.066167,-0.02315,0.360218,-0.833202,-0.930361,-0.799784,0.567529,-0.747454,1.844866,-0.020801,0.496591,0.150448,-1.082068,0.483199,2.889096,-0.945096,0.247102,-1.16674,-1.722813,-1.649835,0.428994,-2.249618,-1.730498,0.622572,-0.294215,-1.164523,0.25722,1.097365,-0.394985,-0.352132,0.523591,0.171964,-0.578781,0.60067,0.620749,-1.359851,0.276651,-0.521172,-0.092385,0.363438,-0.831519,-0.095667,-1.918119,-1.097639,0.789461,-0.333483,0.804542,-0.664518,0.443906,-0.354748,-1.917141,0.820922,-0.522565,-0.165472,1.106867,0.374467,1.525492,1.575459,1.594496,-0.24381,0.986174,-0.956371,0.726532,1.526548,0.848481,0.830331
ECA706,-1.51466,-0.620085,0.261037,-0.944964,-1.751795,-0.905455,-1.565661,-0.661321,-1.379496,2.444329,-0.876342,0.600266,0.772546,0.905112,1.455369,2.07141,0.39113,1.429741,-0.791563,-0.101778,-0.12642,-1.511087,0.736469,-0.231267,-0.62909,0.003509,-0.178482,0.648029,-0.28587,1.50013,1.388854,-0.88352,0.171313,2.975715,2.76469,0.926224,-0.18602,-0.120685,0.208386,0.20603,0.426834,-0.777971,0.051437,-0.240003,0.096214,-0.485194,-1.192794,0.083186,-1.540215,-1.197352,0.670748,0.403457,-0.527223,-0.786262,0.264412,0.949783,2.206738,-0.183247,-0.31108,0.135788,-0.009719,0.339975,1.343832,0.510992,0.538695,-0.843946,0.642323,-0.421191,1.380207,0.410257,1.078271,-0.573331,-1.632638,-0.464984,-0.880443,1.178016,-2.43349,-0.004562,-0.502331,-1.492796,-0.795467,1.268391,1.679708,-1.009657,1.194432,-1.321474,1.651739,0.526133,-0.734449,-0.179085,-0.475874,-0.367863,-0.813778,-0.407728,-0.727159,-0.464173,-0.533105,-0.527541,-0.063618,0.702464,0.521326,0.545317,-0.865879,0.367843,0.017508,-0.499814,0.602747,-0.207641,-0.349112,-1.098346,-0.444707,0.890805,-0.036618,0.737255,-0.346544,0.031612,-0.559935,0.482347,-0.342279,-0.491937,0.462346,0.20938,-2.69544,0.448894,1.286305,-0.716516,0.28869,-1.066833,3.433712,-0.216003,0.414637,0.885618,-1.487373,-1.286089,0.185013,-0.39506,1.363803,0.61202,-2.469038,1.251515,-1.481165,-1.819683,-0.510197,0.179557,-0.075553,-1.391967,0.527341,-0.664906,0.806252,-0.843976,-0.785749,-0.520706,-0.175665,-1.67153,-0.85664,-0.407373,-0.436509,0.026738,-0.926543,0.366985,0.730067,0.573598,0.5555,-0.112923,0.225413,1.350054,-0.217849,1.261916,2.126815,0.899197,2.091081,0.936626,0.508436,-0.234108,0.046612,-0.211025,-0.233648,1.298099,1.17094,0.912595,0.346554,-0.917006,0.99221,0.168445,0.936163,-1.098989,0.200726,-0.49702,-0.968271,-0.134285,-0.870781,-0.2927,-0.933535,1.052464,0.162262,-1.82331,-1.592282,-0.936815,-0.912809,-1.517175,-2.67397,0.015204,-0.187901,-2.197714,-0.041736,-0.848229,-1.562853,0.453208,-0.718134,0.552164,-0.078299,1.478397,1.237407,1.608968,1.456748,1.482276,1.310965,-2.709151,-0.666685,-0.578356,0.180934,-0.148752,1.072431,-1.009351,-0.909523,-0.252636,-0.560804,-0.311549,0.726125,0.311907,0.779559,-0.505474,1.483455,0.590214,-0.056592,0.218335,-0.343508,1.604635,-0.664571,-0.151855,0.579921,-1.492797,-0.73555,-1.579339,0.291446,0.330516,0.794053,-0.868607,-1.39202,0.129967,0.430339,-1.252636,-0.754394,-0.992893,-1.010321,-1.552793,-0.948317,-0.429691,-1.22538,-0.625803,-1.657656,-0.039908,1.634726,-0.434804,0.36479,-0.467195,-0.958585,-1.084903,-1.857907,-0.333964,0.173034,1.145536,-0.35817,0.268069,0.169654,-0.117427,0.314032,-1.044065,-1.58375,-0.359101,-0.351917,-0.242655,-1.5732,-0.503955,-0.441986,-1.692344,0.701197,-0.906971,-0.498257,0.596576,1.441662,-0.482908,0.561752,0.723671,-1.662731,-1.218418,-0.192345,-0.867908,-1.370264,-0.986139,-1.085756,-0.79614,-0.068279,0.543059,-1.593983,-0.755265,-0.348268,0.931888,-0.564821,-0.151955,0.412189,-0.740456,-0.016339,-0.001987,0.074578,-0.959811,-1.591412,-0.786407,-0.997149,-0.429113,-1.115119,-0.39393,-0.130913,-1.107405,-0.881162,-1.803781,0.989412,0.396856,0.315036,-0.230274,1.484149,-1.155229,1.078292,-0.700237,0.986923,1.063487,2.088294,-0.091626,1.29054
ECA722,-0.579029,1.175696,-1.892829,-0.258998,-0.707363,-0.04109,-0.88434,-1.020063,-1.453342,0.451854,-0.903509,-0.110124,-0.135358,-0.867899,-0.177993,-0.514562,0.612253,-1.496627,1.438786,0.26014,-0.2946,0.306023,-1.003291,0.993938,-0.415105,-0.113256,0.524521,-1.761417,1.678809,-0.765716,-0.6252,-0.838298,-0.1308,0.469302,-0.157372,-0.194629,0.086201,1.761783,0.102435,0.067605,0.99545,1.013397,1.322077,0.519764,-0.480977,0.801788,-1.031848,-0.038931,-0.242365,-0.358384,1.493361,-0.122226,0.896599,1.094229,0.03072,0.450061,-0.041561,1.274579,-0.929896,0.865929,1.017366,1.438834,-0.556575,-0.636229,-1.69924,-0.617468,-0.946516,-0.126577,-1.317896,-0.931376,0.526272,-0.888845,-0.886112,1.288292,-0.924648,0.333568,-1.039936,-0.10365,1.294517,1.014146,0.960792,1.101541,-0.850352,-0.129478,1.186564,-0.148116,-1.473502,-0.839249,-0.262069,0.814923,-0.705014,0.987868,0.858893,-0.410336,0.35965,-0.596221,-1.646988,-0.632566,-0.519791,0.621291,0.631216,-0.356622,-0.44735,-0.452105,1.365936,0.543907,-0.416179,0.447933,1.609336,1.655589,0.31477,0.321582,1.793206,0.830378,-0.596022,0.37918,-0.766747,0.057609,-0.258524,-1.216181,-0.223888,-0.495151,-1.565144,0.995508,-0.09553,0.256195,0.738893,-0.173152,-1.328471,-0.433023,-0.671459,-0.327516,-0.814125,-0.008764,-0.547618,0.712527,1.031673,-1.628509,-2.137473,-0.890738,-0.253493,0.995994,0.08679,0.297287,-1.138126,-0.685555,0.624065,0.25824,-0.502425,-0.228557,-0.577421,0.38341,1.9206,0.645154,0.600894,0.727596,0.12529,1.088268,0.459879,0.069485,0.992989,1.557087,-1.056156,-1.275308,1.286479,-1.211795,-0.34053,-1.712448,0.044773,-1.512856,1.479516,0.930535,1.011826,0.047921,-0.560272,1.190919,0.782708,0.081935,1.381496,1.70056,-1.715615,-0.175268,-1.24721,-0.951152,0.170111,1.375102,0.355505,-1.136165,0.054848,1.45632,-1.644962,1.52416,-1.024353,-0.224576,-0.442056,-0.303397,-0.040821,0.80586,0.814319,2.072834,-0.473444,0.940619,1.038712,0.535221,-1.017411,1.081641,0.692447,0.299831,-0.083139,-0.250029,-0.611905,0.535557,-0.638794,1.250987,-1.01286,-0.43591,1.437943,-0.018362,1.289211,1.213682,-0.494559,-0.344625,-1.266875,0.79972,1.935558,-0.813632,-0.478593,-2.101431,-1.022055,0.246301,-0.204461,-0.776,-1.791026,0.012271,0.633869,0.153564,0.555752,0.728236,-0.365292,0.607598,-0.972128,-1.190208,-2.043706,-0.97771,0.835582,1.029058,0.095837,-0.951266,-0.589247,0.289331,0.364228,-0.064129,-1.435728,-0.697899,0.687729,-0.237934,0.409277,-1.071861,-0.79997,-1.763176,0.301087,1.001278,0.208417,-0.568355,-0.210864,-0.485023,-0.891802,0.42965,0.323797,0.587778,0.160548,-0.347394,-1.122899,0.863033,-1.13937,-0.266166,-1.019877,0.223674,-0.153302,1.102019,-0.676498,-2.120964,0.229277,-1.453314,0.585111,-1.645882,-1.218102,-0.724761,0.423561,0.476531,-0.275368,0.856077,-1.112845,-1.95944,1.042157,-0.104552,0.22464,0.732873,0.480968,-0.253506,1.256559,1.847306,2.485268,0.27785,0.313108,0.569078,0.272632,0.139155,1.205349,-0.43493,-0.559925,-0.832117,-0.924292,-0.638448,0.121956,0.248501,-1.377126,-1.655619,0.129143,-0.708112,0.863666,-1.129601,0.808141,-1.085831,0.627389,0.835944,-0.414811,-0.250585,0.899681,0.108993,1.042143,0.584804,-1.962903,-1.236331,-0.247445,-1.02093,-1.333737,-0.462637,-1.103521
ECA724,1.346345,1.605811,-0.025611,0.370259,1.413956,0.579683,1.265644,0.232595,0.677235,1.646698,0.692027,-0.672372,-0.267249,-0.747405,0.24459,-0.123471,0.014879,1.389708,0.089091,0.770355,-1.219281,-1.262491,-1.395763,-0.219952,0.948495,-1.197012,-0.29782,-0.513699,-0.996852,1.500607,1.121487,-0.284829,-0.503184,-0.005201,-0.484361,-0.286615,-0.328061,-0.376688,-1.301696,-0.453874,0.074326,0.463331,0.141141,0.531507,0.288063,-0.464927,0.609526,-1.926118,0.232614,-0.541153,-0.649681,0.112075,-0.539632,-0.262149,2.926109,-0.255782,-0.474885,0.252015,0.229998,2.885604,0.425519,1.415795,-1.255555,-0.534537,-0.293956,1.87539,0.76615,1.577582,0.662703,-0.368627,-0.383482,1.568872,-0.25191,-0.687877,0.441989,1.254324,1.354659,0.253903,-0.765656,-0.927628,-1.20093,-2.569478,0.31224,1.187781,0.158133,0.155213,0.559758,1.160871,0.164175,0.463833,-1.28613,-1.82942,-2.741554,-2.471089,0.44011,-4.2e-05,-2.083093,-0.683097,0.724213,-0.182062,-0.165203,-0.741046,-0.487313,-0.318398,-0.76556,-0.454831,0.194406,-0.550652,-1.191253,0.512244,-0.842433,0.565484,-0.776463,-0.008671,0.22811,-0.730626,-0.219948,-0.880109,-0.269914,-0.087713,0.325104,-0.297695,-0.089413,-1.033619,-0.01625,-0.226659,-0.713899,0.036638,0.088331,1.503702,0.992568,-0.784059,-1.324634,-0.002885,-0.96255,0.646694,-1.888457,-0.431253,-1.26248,-0.209431,1.017593,-0.425225,-0.212837,-0.163968,-2.027337,-0.753115,-0.44732,0.700755,-1.155508,0.11224,-0.058104,-0.029888,1.636282,0.124541,-0.368978,2.059577,0.583151,-1.88761,0.533886,0.578259,-0.639478,0.200621,-2.137676,0.506933,-1.180492,-0.984189,0.329797,-0.056257,-0.036115,-1.080064,-0.711619,0.476462,1.132624,-0.504673,-0.057428,-0.587394,-0.243774,1.202229,-0.46079,-0.062065,-1.017776,1.135475,-0.159243,0.442145,-1.091525,-0.149517,0.316331,-0.859833,-0.488193,-0.318875,-0.332528,0.004149,-0.361806,-0.199809,0.663139,0.564461,-0.392716,0.928937,-0.179005,1.930057,-1.088814,-0.7029,0.085376,-1.03468,0.807828,0.046099,-0.412909,0.137029,-0.896898,1.374449,0.011172,-1.682886,-0.580305,-0.85452,-0.221899,-0.617489,1.525285,-0.79654,0.958305,0.931175,-0.959333,0.724261,1.000675,0.195233,0.358866,0.382211,0.427916,0.978598,1.177425,-1.482521,0.815323,-0.40369,1.513846,1.487049,-0.824716,1.198939,1.425268,0.046086,0.160947,-0.351432,-0.466576,-0.418665,-0.7717,0.010864,-2.655358,1.341661,-0.385644,-1.4088,-0.916053,-1.799311,0.352937,-1.075355,-1.202211,-0.452989,-0.690771,0.042002,-0.810559,0.460555,-1.227136,-2.047126,-0.041205,0.236636,0.138752,0.068333,-0.384088,-0.269728,0.08312,-1.603299,0.206874,-0.177949,0.919109,1.198989,1.602991,0.498803,1.450189,0.019837,0.277175,0.326259,-0.751262,1.56511,-0.335987,-1.028604,0.181997,-0.506363,-0.057744,-0.60989,-1.76933,-0.025172,-0.996905,0.113278,-0.331651,0.024732,0.364452,-0.170258,-0.066093,0.974224,0.767961,1.206253,-0.918782,-0.208075,1.062751,-0.822936,1.03564,1.271708,0.041698,0.883295,-1.535974,-0.464408,-1.017312,-1.236561,0.452189,-1.114303,-0.334899,-2.246754,-0.057156,-0.726341,-0.55101,0.255245,0.79002,1.441396,-0.382502,0.371049,-0.34007,-0.54089,-0.067596,-0.320839,1.493242,0.403918,0.936745,-1.550934,0.232589,1.59744,1.438334,1.121292,-0.231194,0.035668,1.147972,1.547148,0.557453
ECA730,-0.188371,1.737062,1.051416,0.669165,1.61104,-0.172797,0.78827,1.368047,0.137084,-0.636976,-1.132689,0.722031,-0.719843,0.173385,0.959574,-0.290616,0.335234,0.835302,-1.805351,-0.844274,0.695576,-0.915013,0.823625,0.319758,-0.407425,-0.814489,-0.010857,-0.402359,0.022522,-1.804045,-1.092905,-1.009761,-0.159768,-0.510029,-0.375474,1.126432,0.564497,-1.93031,0.260161,1.333113,1.187537,0.358353,-0.439313,-1.371206,-0.58177,-1.092123,0.31104,1.233881,-0.574711,0.482331,0.463751,1.866391,1.316152,1.621927,-1.009238,1.003583,-0.060873,0.731752,-0.523851,1.522614,-0.038178,-2.052101,-1.668461,-2.129405,0.033928,2.396854,-0.545239,-0.779027,0.469202,-1.643668,0.360134,-1.485264,1.98174,0.947999,0.197718,0.979261,-0.401461,-1.810297,-0.397776,1.445188,0.55127,0.870306,-1.481069,0.609245,-1.390987,-0.969557,-0.934861,-0.768837,-0.533837,-0.562457,0.496811,0.492496,-0.266432,0.781348,-0.53151,-0.173573,-0.27837,0.197451,-0.603777,0.751322,1.059716,-0.422492,0.890614,-0.193438,-0.842504,0.077773,-1.060188,-0.044068,-0.967642,0.3989,-1.505068,-1.640503,-0.383376,-0.296393,-0.444295,-0.263146,-0.979439,0.168979,-0.468553,-1.424388,-0.292977,-1.485751,-1.036597,0.389439,-0.229451,0.476588,0.25647,0.936153,0.883808,0.162371,-1.779266,-1.215816,-0.398786,0.16877,-1.079824,-1.282421,-0.756542,-0.730088,0.316138,0.460158,-0.876689,-1.347902,0.208734,-0.133045,-0.948668,-0.538271,-0.184498,0.555783,-0.308959,0.097757,0.516234,-0.100208,-0.833401,0.660573,-0.448698,0.044195,-0.009993,-0.004739,-0.668503,-0.869354,-1.518654,-0.75245,0.276286,0.063089,-0.794656,-1.380774,-0.776692,-3.065051,0.385076,-0.206802,-0.025977,0.24781,-0.769431,-0.205463,-0.014686,-0.448648,0.704507,-0.836543,1.212443,0.547932,-0.196137,-0.500854,0.576623,-0.510469,0.433769,-0.095875,-1.686362,0.350571,0.520286,-0.832059,1.893651,-0.83372,0.333048,0.676375,-1.944982,-0.024268,-0.302215,0.394668,0.38818,1.258262,0.97085,1.150912,0.112067,-0.482376,1.057464,0.63591,-0.369089,-2.001266,2.85699,-0.710715,-1.767667,0.45383,1.793438,-1.016235,-0.624884,0.186662,1.606663,-0.661559,1.268951,0.654157,0.280218,1.232224,-0.385072,0.747225,0.121672,0.564686,-0.722371,-2.009888,0.413081,-0.152019,-0.197659,0.525204,-0.109751,-1.14645,-0.309939,2.653917,0.199645,1.103336,0.456109,1.464858,1.591174,1.538857,2.03815,1.229805,-0.246513,-0.698916,-1.04231,-0.795958,-3.6e-05,0.225486,-1.636432,0.287316,0.162719,0.932655,2.007652,0.77224,0.646074,-1.226754,1.529927,1.295561,1.554592,1.000502,0.362995,-0.898283,0.203735,-0.21653,1.727109,1.091105,1.557071,1.476011,-2.165353,-0.289537,-0.632026,-2.465616,-0.701779,-0.512274,0.415443,-1.003986,0.34354,-0.821588,0.098224,0.672687,-0.150175,-1.713496,-1.89498,1.120451,-0.141732,-1.073133,-0.021181,-1.329124,-2.313432,0.140119,-0.295832,0.854994,-0.561847,-0.965314,-1.062414,-0.963869,-1.248335,1.390829,-1.727195,1.95449,1.555857,-0.511016,0.782878,1.177925,-2.44052,-1.197934,-1.281663,-2.236978,-0.73922,0.518894,-0.007882,0.17531,-0.627424,-0.261071,0.544636,-0.516728,-0.46476,-1.254276,-0.623876,-0.877512,-0.907658,-1.569939,0.038949,1.909124,-0.253871,-0.780668,0.663958,0.743278,1.847451,-0.166996,0.638469,-0.383412,-1.207605,0.389618,-0.694194,-0.448902,0.536692
ECA733,1.692395,-1.055871,-0.147756,-1.242513,1.960476,0.375037,0.407993,-1.128508,-1.054536,0.794259,0.61854,-0.66227,-1.404039,1.148781,1.60253,-0.885502,2.295028,0.302383,-0.131467,-0.94383,-0.433397,1.023725,-0.842228,1.00669,-0.476393,-2.023095,0.418933,2.260824,1.756938,2.273456,1.299339,-0.391743,1.304754,1.607036,2.424642,2.033999,-0.123413,-0.258613,1.216401,0.935658,-1.416588,-1.166024,-1.711121,0.062362,1.003261,0.269476,-0.924454,0.262108,-0.693542,-0.27881,-1.048857,-1.034823,-0.821718,-1.007412,-0.445148,-1.589062,0.681774,-0.343664,0.813703,-0.188081,-0.166289,-0.637999,-0.728838,1.185038,-0.374654,-1.414814,-1.458995,-1.553817,-1.057654,0.932629,-1.690173,0.392628,-0.889655,0.690747,0.869061,-0.399366,-0.663299,-1.007704,-1.894497,-0.750062,-0.222533,0.183827,1.565143,1.505314,-1.402735,1.529639,-1.44348,-0.676641,0.722951,-0.43158,1.658431,1.567538,0.139061,2.117789,0.2733,-1.257515,1.680709,1.286715,1.383348,-0.109889,0.633024,0.451439,0.081936,0.073648,0.202451,0.008698,-0.61528,-0.797281,-1.528865,-0.430937,1.112226,-1.42301,0.616761,-2.064217,-0.208142,0.088124,-1.386143,0.892022,0.051324,-0.781025,-1.531151,0.350832,-1.756065,0.347779,-0.26594,0.475463,1.226698,0.144718,-1.969214,-0.120766,-0.057704,1.535224,1.517141,2.988403,1.554886,-0.515789,0.763425,1.917096,-0.081719,-0.107577,1.617576,1.047592,2.103472,1.308493,0.833029,-0.395092,0.995589,-1.193795,-1.123565,-0.705362,0.551863,-1.193314,0.326881,-0.964971,-0.091094,-0.703868,-0.071873,1.196391,-1.051869,-1.023244,1.624841,0.834722,0.806104,1.344739,1.157843,0.649826,1.264285,1.142312,1.857759,1.265911,1.182196,-0.376917,0.046728,1.093164,1.612293,0.599759,0.687088,0.128293,0.844927,0.226954,0.711099,-0.697951,0.489228,0.885829,0.651398,1.70558,0.411746,1.493073,2.164297,-0.809508,-0.200488,0.713348,1.124527,-1.07118,1.11048,-0.140582,-0.875869,-0.740349,0.157808,-1.062024,-0.473073,0.93711,-0.687675,-0.262633,-2.677643,-3.190572,-0.494112,-0.334868,1.599014,-0.304448,1.649359,-0.162246,1.859228,0.966366,2.617716,0.210645,0.500319,-0.919174,-0.874823,-1.923443,-0.757389,-1.643089,-0.668435,-1.895002,-1.042927,0.360009,-1.284833,1.248195,-0.459143,0.365352,1.966985,1.972884,2.212321,-0.014664,-1.596143,-0.865601,0.579161,0.810419,-1.459884,0.738449,-0.683585,-0.200801,-0.73715,-0.669111,0.254537,-0.429183,1.407811,0.484485,0.408588,1.073304,1.56871,-0.336226,0.590423,-2.158903,-0.88148,0.111049,-0.745358,-1.972823,-0.911992,-0.640877,-1.827185,-0.945688,-1.268044,-0.788692,-0.932425,-0.844789,-1.366685,-0.883865,0.358715,-0.691004,-2.672068,-0.504779,-0.906251,0.811697,-0.36037,-0.729003,-0.548822,0.54461,0.124434,-1.231429,1.056911,1.52981,-0.252053,-0.531519,1.378948,-0.060226,1.402829,1.269171,-0.440063,0.091361,-0.747181,-1.561908,-0.527555,-1.787038,-0.197392,-0.726853,-0.616529,-1.291117,-1.810756,0.339944,1.145424,-1.741717,1.701444,0.091122,-1.103305,-1.088119,-0.749952,-0.495954,0.268748,-0.123702,-1.307934,-0.667064,-0.986495,-0.817827,-0.079005,-0.821757,-0.903716,-1.286771,-1.152271,-0.477968,1.183928,1.074477,-1.73469,0.40999,-0.440874,-0.580854,0.730468,0.448098,0.443566,-0.126308,-0.282929,1.055308,-0.651998,-1.291593,-0.210238,2.65171,0.094281,-0.363102,0.353118
ECA738,1.514541,-0.622123,1.930617,-0.035662,1.197018,-0.098495,0.882822,0.626641,-0.0431,1.175936,-0.545736,0.796798,0.080791,-1.028817,-1.807132,-1.003349,-0.893571,0.082145,1.347254,-0.40089,1.227391,-3.33772,1.188146,0.192469,-1.262776,-0.5355,0.113599,0.532698,1.104259,0.368605,-0.515953,1.129172,0.011183,-0.583868,-0.847349,-0.32795,-1.235981,-0.246353,0.210166,0.653171,0.70465,-0.527956,-0.422724,-0.63818,-0.118526,0.744917,-0.919831,-1.604649,-0.249866,-0.901306,0.244827,-0.367044,-0.270028,-0.229259,-0.243148,-0.006471,-0.516951,-0.539003,-0.127262,1.032871,-1.495762,-0.659134,-0.428612,1.198507,0.211807,-0.425569,0.944751,-0.291449,-1.489867,0.622268,-1.150653,-0.599426,-0.83091,0.968521,-0.836709,0.918346,0.440569,-0.085414,-1.000008,-0.145601,-0.907254,0.76142,-0.580584,1.403318,-0.126675,-0.979517,-1.851182,-0.191701,1.047956,-0.846629,-0.651762,-0.518178,2.080347,0.156375,0.508614,-0.634637,0.207893,-0.805851,0.154654,-0.550448,1.311251,-0.578557,0.860623,-1.21742,0.903594,0.137751,-0.343167,-0.888093,-0.012436,0.105653,0.172411,0.634564,0.906949,-1.224838,-0.165769,-1.234934,-2.270171,0.737995,0.08317,0.021559,0.2383,1.421585,0.69414,-0.639079,-0.675709,0.818211,1.324737,1.305378,1.354534,0.954312,2.622161,-0.594121,2.140245,0.189933,0.548948,-0.992423,0.622179,0.019442,-2.771036,0.29062,-1.180906,-0.988659,0.267965,0.447694,-0.687073,-2.053556,0.993207,0.451149,-0.688762,0.849346,0.299469,0.083223,0.484001,0.88216,0.48203,-0.249304,0.778288,0.144799,-0.889718,1.657493,-0.338165,0.742147,1.092695,2.614868,0.800934,0.160753,0.993081,0.691953,1.41791,1.205332,2.480853,0.1965,0.438775,-0.05499,-1.710798,-1.873468,-1.032183,-0.954425,-0.635027,-0.403856,0.738535,0.465074,0.037364,0.746398,-1.25542,-0.702695,1.487413,2.616915,2.524056,1.174622,0.589977,-0.939812,-0.240283,-1.227328,0.498052,-1.489485,-0.292413,0.59586,-0.448089,-0.686112,0.31434,0.56543,0.787062,0.827832,-0.820907,-1.18392,-1.110128,-0.028982,0.428369,-1.209574,0.231247,0.132976,-0.159888,-0.434417,-1.750378,-1.246915,1.557588,-0.092575,0.970433,0.311848,1.974791,1.385222,1.082133,1.115418,1.071165,-1.054467,-0.540372,-0.953683,-0.955765,1.050761,0.409448,-1.564839,-0.611161,-1.717417,-0.853661,-1.124197,0.040561,1.241101,-0.468943,-0.378155,-2.204988,-2.042051,0.011481,0.531531,1.475732,2.081716,1.433365,0.79748,1.513809,2.032388,1.701548,-0.004873,-0.336224,0.51309,-0.411676,-0.18414,0.673984,0.412118,-2.52697,0.39027,-0.914574,-0.902654,1.499972,0.046699,1.421801,0.927081,-0.135224,0.942064,0.951137,-0.059065,0.214486,0.726757,-0.663226,1.015177,0.515646,0.357291,1.787188,0.105809,1.548146,0.404582,-0.599016,0.130403,-0.379165,-0.417061,-0.781659,0.591895,0.708165,1.109869,-2.107169,0.620727,-0.184034,-0.279331,-0.768599,0.445958,-1.721364,-0.134743,0.48046,1.102313,-1.261509,-1.500005,-0.726007,-0.408456,0.153733,-0.487294,0.365058,0.971255,-0.327934,0.641992,-2.104554,0.19443,-1.156788,-0.504728,-0.090157,0.801777,-0.404181,1.105508,-1.641881,1.475086,0.773825,1.841704,-0.224308,1.117521,2.033321,0.36451,0.220265,0.547151,-0.980576,0.732995,0.62664,0.929921,0.540037,1.026284,-0.295812,1.52194,0.018858,-1.102097,-0.556438,-1.24383,-0.399302
ECA740,2.237072,1.045849,1.066438,1.472743,-0.654064,0.418067,1.66707,0.97438,1.603718,0.756933,0.56204,1.564149,-0.052304,1.150911,2.443583,-0.358957,0.870741,1.56626,0.273527,0.237639,0.52943,-0.751093,-0.663727,-0.130535,0.40329,-0.31873,-1.219018,-0.017365,0.157592,-1.786573,-0.447126,-1.525898,0.472142,-1.698411,-1.243311,0.14885,-0.071893,-0.113761,0.56642,-0.157601,-1.452637,-0.156306,-0.490459,-0.841799,0.280306,-1.954047,-0.116965,0.311878,0.889542,0.136786,-0.170346,-0.375727,-1.046618,0.338405,-0.941114,-0.280252,-1.45208,-0.109454,-0.269809,1.516964,-1.377499,0.523541,0.105477,0.020592,1.087918,0.789563,-0.336217,-1.125514,0.013934,1.774571,0.903046,-0.712325,-0.744925,-0.786384,0.300494,0.250068,-0.175208,0.578486,0.281978,0.395801,-1.124243,0.986507,1.210532,1.152533,0.430147,2.717295,0.740072,0.955642,0.028675,0.869203,-1.560145,-0.136708,0.538313,2.104536,-0.158732,2.45265,2.683603,2.738926,0.742762,0.30737,0.756319,0.448249,-0.821128,0.733436,-0.460228,0.2912,0.122342,-0.726271,-0.519469,-0.114627,0.28514,0.591263,-1.397169,-0.712807,0.468334,0.240188,-0.142215,0.576372,-0.847549,1.595261,-0.032053,1.692488,2.035051,-0.302004,2.653351,0.17305,0.277831,-1.1326,0.508386,-1.444308,0.841143,-1.947033,-0.450735,-1.513382,0.615265,1.148942,0.80023,-1.060461,-0.726978,-0.584391,-0.235658,0.389068,-0.339832,-1.07997,-1.218208,0.424144,0.39653,-1.133447,-0.359284,-1.313116,0.010671,-0.353873,-1.497019,1.063969,0.387013,-0.366557,0.88837,1.688502,0.310424,0.099866,0.689088,-0.002714,0.11535,0.391446,0.959767,-0.866512,0.130977,-0.931545,-0.497541,-0.154212,0.0636,0.175511,1.26755,-0.996153,0.285066,-0.365272,1.199424,-0.508047,1.085141,-0.242956,1.220025,-0.344538,-0.816584,0.749208,-0.002251,-0.630715,0.619641,-0.741018,-1.000349,1.315737,0.897217,1.30193,-0.153776,-0.091906,2.535749,0.63605,1.226359,0.739016,-0.607004,-0.248575,-0.237501,-0.75148,1.478132,0.216421,0.428217,0.13137,0.681906,-0.49334,-1.505655,-0.015709,-0.035302,0.072026,-1.772259,-1.746447,-0.657057,-0.245941,1.921986,1.629441,-0.227555,-0.506058,-0.42659,-0.038667,0.634358,0.110539,0.647741,1.292391,-1.121897,0.753096,1.429389,-0.175939,0.072872,3.565192,1.492035,0.606939,-2.402433,2.321749,0.888257,-0.515239,-0.722513,-1.753777,1.171318,-0.66576,0.04597,1.105589,0.429244,-0.183004,-1.145046,0.400114,-0.055092,0.340463,-0.462515,0.483602,-0.256838,-0.399826,-0.142694,-1.878959,-0.912865,1.077928,-1.119175,0.754245,-0.562743,-0.12746,-0.29023,0.215141,0.227766,2.086365,0.752641,0.034041,0.918266,-0.443745,-0.316351,0.324769,0.601994,1.257259,1.517517,-0.39539,-0.312304,-1.353895,-1.235676,1.410972,-1.848377,0.223155,0.32235,1.127451,0.868392,-0.147322,0.987674,0.743465,1.68692,-0.254216,0.150613,1.207402,0.395218,0.523437,0.84839,1.519312,0.804469,-0.584098,-1.740509,-1.205148,-2.023787,-0.764495,-1.35564,-1.527859,-1.905238,-0.650721,-2.349031,1.727539,0.295412,-0.569535,-0.533293,0.799117,0.148384,-0.388881,-0.462934,0.197033,-0.587146,0.203627,-0.056355,0.108441,-0.387326,0.92295,1.749201,-0.722075,-0.519612,-0.2717,-0.966192,-0.12284,-0.97602,-1.402655,2.074486,-1.016029,-1.307608,0.289389,1.088345,0.682812,0.187423,-0.093141,-1.993559
ECA741,1.073251,-0.583913,1.879645,-0.27754,1.218781,0.175205,-0.732491,-0.519624,1.239275,-1.091054,1.730198,-1.292905,1.128566,-0.504086,1.043414,0.180085,-0.430571,-0.722831,1.583127,-0.753881,-1.535626,0.558936,-0.613532,-0.7566,-0.930368,0.064699,0.208529,0.361098,-0.485046,-0.020209,0.254687,0.478962,-0.495254,0.02409,-0.29913,-0.830408,-0.896134,0.812832,-0.141934,-0.682185,-0.242268,-0.108678,0.395381,-1.307213,-1.359443,0.950859,1.062927,0.823289,-1.694543,1.696471,0.433566,-0.547109,-2.340522,-2.073261,0.024643,0.482084,-0.009024,-0.531816,-0.844855,0.056032,0.16975,-0.584474,-0.533019,-0.349717,-0.367508,0.887213,-0.796471,0.787038,-0.321825,-0.056448,2.592515,1.543107,-0.210941,-1.274159,-1.449023,-0.139597,-1.436474,0.753552,-1.508195,-0.358116,-0.987046,1.025771,-0.058379,0.020563,0.015141,0.981494,-0.536836,0.161724,-0.074698,0.074784,0.156202,-0.433333,0.222188,0.55723,-0.69137,1.093579,0.796809,0.147271,-0.845033,1.355659,0.572687,-1.166357,0.81591,0.331691,-0.698592,-0.131287,0.972204,1.166067,0.414373,-1.328157,-1.719377,0.446225,0.556062,-0.884822,-0.668945,-1.241553,-0.779522,1.394703,0.176555,-1.006195,-0.718688,-0.897613,0.312208,1.22273,-0.314228,-1.920395,-1.595638,-0.177828,1.579966,-0.03611,-0.328957,0.374424,-0.610272,0.385493,-0.790421,-1.171114,-0.268226,0.554319,0.907415,-0.937906,0.382914,-0.950569,0.47059,-1.288769,0.108986,-0.6704,-0.156387,-1.071892,-0.778563,-1.48403,0.611457,0.075801,-0.706678,-1.249366,1.069172,0.121168,-0.391348,1.059076,1.241271,-0.1309,-0.175094,1.981126,0.762019,2.002882,0.072255,0.436886,1.038946,0.516673,-0.763852,-0.568446,-0.190849,0.52444,0.845693,0.549956,0.086344,0.035211,-2.119306,-0.999542,0.672617,1.224133,1.60535,0.057919,-0.083308,-0.831244,-0.386939,0.128563,-0.407333,-1.329123,-0.053708,0.638244,-1.940621,1.420664,-1.69725,-2.074376,-0.434311,-3.584428,0.564595,0.066915,0.19219,1.7173,-0.475274,0.979229,0.17722,-0.885126,-0.502259,1.33631,-0.459779,-1.547959,-0.216615,-0.991956,-0.138052,0.861316,0.039931,-0.46367,0.359879,-0.080408,-0.052857,-0.001693,-0.258279,2.338411,0.785292,0.879271,0.174201,0.151678,0.991962,-0.834068,-0.816063,0.812911,0.277995,0.275433,-1.082941,-0.087231,-0.813029,-1.152976,0.758882,0.850998,-0.412024,-0.069023,0.811309,-0.278954,0.712603,0.849442,-0.437357,-1.737693,1.185396,0.033439,-0.427614,1.598229,-0.880818,1.381084,0.916036,0.369743,0.185043,0.176037,0.166093,-0.696085,-0.21871,-0.177056,-0.174887,1.137294,0.525045,0.00233,1.700991,-1.360657,-1.753083,-1.525139,0.199568,0.389838,-1.19392,-0.867094,0.142287,-0.269262,1.435299,0.303848,-1.55954,0.610677,1.143717,0.906658,1.265386,-0.759461,-1.520875,-0.764968,-1.679728,-0.893986,0.350822,-0.797207,0.031786,0.103664,0.71013,1.015514,0.985417,0.392381,0.828961,1.015552,1.193163,1.747801,1.072387,-1.062047,0.959363,0.785402,-0.845763,-1.204868,0.338396,-1.106758,-0.745233,-0.589244,-1.195759,-0.780177,-0.991094,-0.821978,0.292014,-0.633276,-0.714516,-0.536596,1.520292,1.193225,-0.62498,0.735288,0.588318,0.93838,-0.06368,0.842305,-0.474767,1.066052,-2.184602,-0.136348,-1.21552,-2.171316,-0.247235,-1.439305,-0.604131,1.051102,-1.102243,0.203696,-0.247539,-0.12368,-0.123819,-0.370318,0.262771
ECA742,1.962646,0.629345,-0.217965,-0.273331,0.945836,0.674229,-0.579884,0.833026,1.592794,0.980573,-0.194021,-0.398429,-0.848324,2.019105,-0.845787,1.267132,-0.823785,-1.686144,-0.4268,0.007569,-0.380568,-0.041219,0.476293,0.268209,-2.227907,-0.187058,0.152574,0.311088,-0.68594,0.676556,-2.240843,-0.299637,0.102336,-0.946347,-1.109863,1.26304,-1.272357,-0.149046,0.743008,-1.619805,0.525737,-1.877294,-0.554796,-1.332364,-1.316195,1.527723,-2.149498,2.008071,-0.351561,0.0162,-0.607853,-0.391018,1.191427,-1.089365,-1.269848,-0.492547,-0.825215,1.608685,-0.231183,0.250062,-1.504893,-0.566773,0.477265,0.704037,0.906894,0.20233,0.974744,1.443224,0.810918,0.437439,1.671689,0.524601,0.065494,-0.351755,0.053946,-0.993043,-0.689512,0.4376,-0.002063,0.853985,1.76664,0.609725,-0.981689,-0.431219,-0.213705,1.452502,0.563714,0.944942,1.758033,2.24089,2.799399,1.23259,2.80948,0.940312,-1.202832,1.785757,1.090556,1.604462,1.814487,-0.295823,-1.792178,-0.242984,-0.151399,-0.474369,1.113028,-0.349941,-0.739143,-0.198753,-0.969987,-1.166016,0.225446,0.270166,0.59192,0.041485,0.164161,-0.794765,-0.408765,0.071918,0.328802,0.936389,-0.348878,0.643414,0.498305,-0.171857,0.474425,0.119243,-2.081706,-0.441079,1.396749,-0.431607,0.120915,0.102271,-1.663384,-0.33537,1.233876,1.625395,0.074775,-1.047208,-0.221051,-0.694582,-0.00826,0.718606,1.013957,0.040582,0.72672,0.453943,-1.001677,-0.19342,0.81107,-1.326568,-0.256834,-1.437875,0.297968,-0.642534,0.193404,-0.443733,1.002179,-0.459412,-0.178047,0.158072,1.549664,0.69011,0.09481,-1.437346,-1.524433,0.062699,-2.294407,-0.598898,-0.504679,0.553347,-1.394654,-0.456706,-2.487719,-1.665255,0.01473,1.026614,-1.00128,-0.694453,0.372133,0.102071,0.170972,-0.690187,-0.861586,-0.389121,0.606012,0.166765,-0.950252,-1.922271,0.34585,-0.925345,0.489835,-0.415351,-0.06182,-0.524181,0.255977,-0.09475,-0.705355,0.391442,-0.398651,1.081919,0.696313,-0.438697,0.622145,0.244771,0.905795,0.600553,1.380389,-0.342568,-0.034903,0.163907,-0.625461,0.976509,0.191294,0.605222,0.351244,-0.711436,1.893209,0.962135,-0.861415,0.792861,1.244641,-0.593388,0.908862,1.473415,0.187088,-1.780669,0.894646,-0.833638,1.77004,-1.011298,-0.483168,0.774795,-0.232344,0.291615,0.322168,0.429712,-0.384306,-0.691273,0.174615,1.121245,1.108415,1.958854,1.255886,-2.442261,-0.375211,0.398386,-0.905834,0.066699,0.360344,1.384895,-0.681257,-1.551258,-1.274213,0.38677,0.665928,1.17786,-0.422768,0.118044,0.337295,-1.065734,-0.315907,-0.236192,-1.752918,-0.282346,-0.865945,-0.884198,0.859283,-0.610487,1.762243,0.918836,0.379721,0.670789,0.660085,-0.669871,0.54422,-0.177374,1.977397,0.672856,1.03443,-0.210156,1.002161,-0.522999,-0.434436,1.448864,-2.47683,0.481865,0.858422,1.284959,0.179269,-1.874894,1.095373,0.122057,1.156063,-0.646938,-0.866707,0.145191,0.625726,0.857066,-0.376322,-1.479048,-0.065729,-0.574695,-1.297665,-1.38657,-1.554871,-0.6416,0.821908,-2.094479,-0.796864,-1.333386,-0.643068,-0.637222,0.543161,-0.397376,-1.254642,0.006702,0.902559,-1.265006,-1.193628,-0.344466,-0.544228,0.194232,-2.21507,-0.573969,0.705721,0.220964,-0.045763,0.730228,1.786934,-0.495472,-0.903913,-0.207483,0.607985,-0.356266,-0.094573,-0.508904,0.716056,0.503403,-2.528799
ECA743,1.337558,0.26391,-1.424939,-1.024837,-0.790129,0.038798,-1.645014,-1.61047,0.050083,0.426769,1.072565,-0.224014,0.061086,-0.33326,0.477876,-1.762101,-0.266345,-0.536252,0.409116,0.23922,1.136585,0.37425,0.513779,0.954456,-0.413812,-0.22905,0.093411,-0.726714,0.948231,-0.954327,-0.167196,-1.649983,-0.426903,-1.182034,0.65527,-0.131044,-0.045225,-1.81653,-0.938171,1.073197,2.175306,-0.011138,1.61633,1.567011,1.420118,-0.431287,0.268022,-0.30222,-1.579167,1.277408,-0.265606,-1.015565,1.275046,-1.367919,0.231493,1.313888,-0.107271,-0.232527,0.652725,1.149999,-0.451931,0.429555,-0.911442,0.046809,1.737335,-0.962872,0.088258,1.183749,-0.352356,-0.807067,1.555363,0.243527,0.944384,-0.473928,-0.771983,1.16649,-0.263757,0.136239,0.163321,-0.027858,-0.738762,0.897004,-0.496001,0.171225,-1.648985,1.044964,0.931993,2.043564,1.892761,2.811095,-0.169779,-0.112152,0.166347,-0.555353,-0.78371,0.12214,-0.73836,0.203091,0.512083,-1.357335,-0.267024,0.539818,-0.570996,0.185224,-0.283066,-0.350546,-0.720414,-1.071536,0.234469,-1.474581,1.989085,-1.066402,-0.050193,1.828859,-0.859807,-0.685058,0.450342,-0.245728,0.992715,-0.579728,-1.756874,-0.431809,0.075591,-0.948223,0.742329,-0.63217,-0.136146,0.153445,1.316292,0.075763,1.198525,0.611476,0.895703,1.538932,1.915765,-0.356351,-0.126345,-0.312609,-0.062353,0.019271,-0.110237,-0.326753,-0.313117,-0.998144,-1.466574,0.723032,-0.358876,0.544318,0.747846,0.110486,-1.152718,0.64975,0.109579,-0.301944,0.086509,-0.502735,-0.378953,-1.065373,1.50925,0.884571,0.542038,1.281906,1.333048,1.256539,0.00547,1.418155,2.22621,0.036308,0.129729,0.027886,0.171232,-0.269874,1.560008,-2.148942,-1.373734,0.829842,-0.466987,-1.182839,-3.169213,-1.794565,0.857859,-0.104442,-0.926977,0.758552,0.64887,-0.167418,0.285136,-1.636789,-0.069067,-0.053065,0.599563,0.33029,-0.209883,-0.17391,1.426102,-0.69674,-0.858685,0.196214,-1.186774,-0.121817,-0.752873,-1.946243,-0.933294,-0.2703,-0.970819,-0.736421,0.715223,0.20579,1.321417,0.770927,1.453673,1.004321,1.350528,1.377808,1.145444,1.289096,-0.757927,1.61868,-0.094759,1.425568,-0.310031,1.150921,0.474911,-0.527283,1.321367,-0.445871,1.925605,1.058731,0.82028,0.724959,0.504739,0.932473,0.447665,0.681517,-0.650751,1.642586,-0.581399,-0.878055,-0.996766,-0.318904,-0.108377,-0.643578,-0.758891,1.073922,-0.919729,0.989114,0.162104,0.746342,-1.460147,-0.923776,-0.350739,0.015391,0.140978,-0.794348,1.200223,0.962946,0.636097,0.953308,-0.561273,1.598552,0.499514,-2.387811,-0.990375,-1.321018,-2.015446,0.280277,0.799631,0.027653,-0.116878,0.237688,0.613245,0.06716,-0.599133,0.00345,-0.429905,1.384682,0.237848,0.142682,-0.383116,0.803292,1.723959,1.035745,0.018409,-0.040318,1.008515,1.79082,0.896694,0.780101,-0.400075,-0.975658,-1.455655,-0.797997,-0.462318,-0.930902,-1.217169,-0.675155,-0.146301,0.226231,0.850523,-1.369551,-0.33737,-1.173673,-0.68288,-2.072373,-0.417989,0.621764,-1.407671,0.608009,-0.049022,0.311555,-0.836653,0.10645,0.074522,-0.324258,-1.594818,0.025788,0.770449,1.055733,0.151974,0.570469,-0.309606,0.276358,0.388294,-1.001535,0.772901,-1.110519,1.093456,-0.044751,0.889612,-0.878153,1.525962,0.413733,-0.927766,0.875314,-0.291791,1.621504,-0.485301,0.655161,0.122335
ECA744,-0.557869,-1.091169,0.23596,-0.670193,-0.272834,1.510168,1.694199,-0.571595,0.627768,-0.966686,1.164364,1.394075,0.390554,-0.356012,-1.271841,0.176174,-0.728933,-0.527258,-0.065368,0.943642,0.567489,0.230298,-1.629141,-0.759391,0.914334,0.267987,-0.851883,-0.336556,-0.501953,0.22479,0.801019,-1.375811,-0.541541,-1.152034,0.088121,0.516929,0.567294,0.447191,-1.149448,0.505713,0.094204,-0.084493,2.120787,1.461293,0.066682,-0.829338,0.588496,-1.743989,-1.082234,0.448706,1.387667,0.140698,0.847399,0.198737,0.390053,-1.370699,-0.695159,-0.031335,-1.103781,0.784643,-1.541936,1.210106,0.569331,-0.941446,0.036645,-0.800583,-0.62437,-0.757276,0.578941,-1.158322,1.155749,0.984553,-1.114616,-0.796004,-0.42564,0.530857,0.739876,0.338914,1.326669,0.730558,0.836156,-0.587907,0.459642,-0.291025,0.164489,0.072412,0.518363,-0.434865,0.06471,0.119809,-0.234064,-0.176946,-0.501972,-0.469338,2.727887,-1.430929,0.842095,-1.063093,0.931254,0.338401,-0.263445,-0.530537,0.731408,0.745133,0.882808,0.285759,-0.023871,0.067433,-0.608172,1.488397,-0.572009,0.908971,-0.422204,0.454795,1.35698,0.853783,-0.865603,-0.411772,-0.792452,-1.095878,1.918852,0.473193,-0.980494,0.100472,0.326166,-1.894782,0.529978,1.099821,-0.151648,-1.408599,0.331573,0.605715,0.236557,-1.235189,1.307661,-0.46894,-1.002498,0.774966,-0.607112,-1.748263,0.675606,-0.157697,0.692394,-0.136033,0.86963,-0.311767,-0.306727,-0.438603,-0.635127,-0.797701,-0.894348,-0.416754,-0.226659,-0.488731,-0.354682,-0.579629,-2.963494,-1.092059,-0.719792,-1.820946,-0.797358,-1.034803,0.330503,-1.390262,0.500462,0.954402,1.978823,-0.41677,0.339798,0.319496,0.707356,0.61773,1.403901,0.449509,0.642801,0.643905,0.502483,1.518004,1.917511,1.050583,-0.497881,0.887836,-0.90282,-0.669403,-1.467216,1.029136,-0.682169,1.857427,0.187977,-0.753912,-1.257402,0.374907,-0.575772,1.855247,0.31913,-0.0485,-1.896976,-0.30802,0.99257,-0.364292,1.639444,-0.294515,1.439337,-0.017082,0.702538,0.300436,1.756739,0.241681,0.319315,0.703497,0.275258,-0.721828,-0.787831,-0.375619,-0.782411,-0.564656,1.058757,0.677361,3.226616,-0.856298,-0.662349,0.280014,-1.73957,1.229809,0.50686,0.269715,1.91108,-1.120029,-0.917419,-1.910578,1.615048,-0.342248,-1.470238,-0.270545,-0.076685,-0.628538,0.070037,-0.485116,1.320578,-0.518419,-0.909538,-1.55763,-2.382251,0.941401,0.271997,0.176498,2.266795,0.436888,1.261594,0.594979,1.993717,0.502349,0.575585,1.480375,-1.32227,-0.67214,1.265923,-1.025592,0.641259,-0.982778,1.029368,-0.642922,-1.00694,-0.787815,-0.892485,-0.145566,0.90539,-0.065471,-0.479969,0.535397,0.216576,-0.987631,0.489308,-0.158316,-2.745725,0.529135,-1.10088,-0.18394,0.729041,-0.642109,0.818883,-0.314322,2.659897,-0.285087,0.238908,0.63023,-2.343183,-0.782611,0.807285,-1.766011,-0.032291,0.206079,-0.580159,-0.538799,0.456056,1.066552,1.38371,-0.333182,1.74398,-1.110288,2.171643,-0.662881,1.502651,1.032829,-0.259355,-0.887152,-0.433405,0.994871,1.085042,-0.703859,0.602828,0.733049,0.918573,0.277156,0.890708,0.172575,-0.171567,0.178344,-1.91346,0.765412,-1.350038,0.438997,-0.033744,-0.706098,-1.098383,0.296873,-1.437836,0.348843,0.489993,-0.403558,-1.383903,-1.163543,2.392379,0.363124,0.414518,-0.677462,-0.222159,-0.498328,0.805861
ECA745,0.279999,0.5298,-0.457783,-0.702577,1.837344,0.408377,0.075206,-0.27567,0.193091,-0.331824,1.132,0.726142,-1.029283,-0.34828,-0.433893,0.477418,1.52827,0.741204,1.340435,1.124019,-0.058374,-0.22468,-0.6491,-0.775165,-1.857082,-1.749046,-0.8968,0.733367,-2.391257,0.664349,0.220058,-0.516063,-0.92279,-0.205413,0.206707,-0.152908,0.004062,-0.955384,-1.042381,-0.83664,-1.71458,-0.271458,0.028528,-0.350251,-0.244993,-0.514458,-0.953274,1.725931,-0.020119,-0.25691,0.691817,0.619204,0.669718,0.749436,-0.68238,-0.963025,-1.374088,0.214156,1.407349,0.086439,0.151856,-0.644642,-0.617307,0.225957,0.772375,0.848631,0.898039,2.143413,0.089153,-1.528242,-1.000948,-1.02386,-0.439265,1.809634,-0.871103,0.024181,-0.64449,0.75176,-0.919289,-0.727704,-1.873818,0.402713,-0.094611,0.903166,1.189549,0.234756,-1.111006,-0.841604,0.153904,-0.071214,-2.858532,0.611595,0.12258,-0.333499,-0.936872,-1.00684,-0.172454,-0.865086,1.375772,-0.151278,0.58907,-0.156919,-0.336236,0.757692,0.106649,-1.711698,0.443149,-1.124571,1.822954,1.117909,0.847332,0.374223,-0.652325,1.541988,0.784569,0.40326,-1.393178,-0.629887,-0.254788,-1.15666,0.684494,-0.308083,-0.163664,0.548506,0.100473,-0.021108,-1.429433,0.280962,-0.967083,-1.101677,-1.951684,-0.297759,-0.462145,-0.616325,-1.512194,1.272685,1.008623,-1.596147,-0.341118,-1.075268,-0.600144,-0.019134,-0.31505,-0.935406,-1.092157,-0.390499,-0.570509,1.48404,0.380729,-0.499817,0.082512,-0.849869,-0.217018,0.637853,-1.031028,-1.387625,-2.676274,0.752364,-0.730775,-2.012436,-0.670482,-1.170669,0.175963,-1.355623,0.777442,0.320764,-0.284495,2.550516,-0.641626,-0.830175,-0.272012,-0.527101,0.902335,0.253207,0.141774,-0.471245,2.091636,-0.304794,0.722271,-1.188346,1.065307,-0.251535,1.43568,0.370605,0.551944,0.542484,0.123117,0.003696,-1.127175,-0.180779,-0.926851,-2.042229,-1.396996,-0.5445,-0.380313,-0.765123,-1.937394,-0.358902,0.152813,-1.123904,-0.198008,-1.148571,-0.854197,0.438163,1.63442,1.242413,1.525017,2.37446,1.934137,-0.113365,-1.524028,-1.132997,-0.557814,-1.161276,0.082657,0.032066,-1.676806,0.609124,-0.881114,-0.019082,0.876536,0.95149,-0.013551,0.299037,-0.628558,-0.048818,-0.410183,-0.469939,-1.012541,0.726403,1.224308,-0.592483,-1.315362,-1.087261,0.421552,-0.294072,-0.143556,0.138056,-0.18551,2.01559,-1.674186,-0.138403,-1.135747,-0.705673,0.743462,0.878662,0.734661,0.125382,0.894692,0.568903,1.412825,1.394596,-0.385411,0.863242,0.020476,0.048447,1.232554,0.090174,0.949974,1.025005,0.957804,-0.952344,-0.398731,-0.738219,-0.654072,0.074848,-0.03544,1.239824,0.799014,1.753572,0.275426,-2.008936,1.013087,1.491404,-1.246415,-0.187385,1.37222,0.488007,-0.668858,0.015277,-0.706258,1.168416,1.375892,0.845901,0.836658,-0.562039,0.357365,1.532863,0.807864,1.072286,-1.118201,-1.231338,0.170135,-0.021797,0.346757,0.339862,-0.491564,-0.236062,-0.769384,-0.317088,-0.641256,0.277748,2.107005,1.875743,0.121426,-1.088342,-0.064437,-0.330087,-1.078705,0.312137,0.578595,-0.187799,1.166989,0.935523,-0.306893,-1.387242,0.201899,0.339716,0.748014,-1.317402,-1.02044,-0.010015,-0.935932,-0.356321,0.824257,1.079043,1.121601,0.084535,-1.265192,-0.669554,-0.690638,-0.764565,-0.094969,0.287967,0.303404,-0.130434,0.867013,-1.282388,0.312737
ECA746,0.17718,2.678011,0.449201,1.548126,-0.148821,0.605643,-0.164024,-0.724697,1.232132,-0.893694,1.137143,0.835608,0.258611,-1.150404,-0.855368,-0.875684,-0.423761,-1.87766,-0.902192,0.439995,0.004897,-0.445342,-1.371816,-0.716271,0.715705,-0.978484,0.625247,1.157742,0.751582,0.187777,0.511926,0.649053,-1.101652,-1.286292,-0.258888,-0.519415,-1.16832,-0.292699,-1.189721,-0.935664,-0.110992,-1.014362,0.356171,0.203673,-0.051102,-1.514952,0.112587,-0.964805,0.573152,1.392397,0.778857,0.182524,-0.19002,-2.239719,-0.127843,-0.208166,-1.16259,0.109268,0.188689,-1.344244,1.047007,-0.086824,-0.102529,0.674395,-0.920092,0.503485,0.925647,-0.232792,-0.43813,-1.017279,-0.507114,1.049647,0.88905,-1.845332,2.682406,0.523349,0.254665,1.321019,0.284267,0.265756,-0.227454,-0.585087,-0.241465,-1.601693,0.013019,0.118871,-1.249908,-0.538252,-0.247976,0.762766,-0.484815,-0.15024,0.398098,-0.751839,-0.189557,0.285011,-0.483693,1.480417,-1.05518,-1.456514,-0.081746,0.217787,-0.301712,-0.226746,0.355328,-0.967301,0.62382,-0.832681,-3.06527,-0.824565,-0.508941,-1.37499,-1.31973,1.08575,-0.434702,2.276397,0.214048,0.360483,0.231767,1.305138,0.552272,-0.380756,-2.100962,-0.60605,0.879556,-0.936667,-0.178585,-0.427412,-0.956822,-0.312727,1.00476,-0.127097,0.604355,-0.724927,-0.743616,0.045194,-1.613128,-1.114312,0.633468,-0.564243,0.037119,-0.482329,-0.827372,-0.828969,0.291319,-0.318541,0.536872,0.73852,1.091224,-1.595214,-1.100573,0.40214,-1.453619,-0.591858,0.521625,-0.339971,-3.06475,-0.131219,0.859992,-1.073955,-1.771744,0.969365,-0.341322,-0.346274,-0.558207,1.070658,0.685151,1.013366,-1.645849,-0.473488,-0.420177,-0.216966,1.06565,-0.094173,-0.522329,0.166799,-0.250601,-0.128286,-0.191594,0.520937,2.333925,0.035184,1.264009,0.039572,0.718333,0.022029,-1.212886,0.569266,-0.805107,0.091419,-0.233733,-1.037541,-1.324902,-1.042562,1.26747,0.117359,-2.24997,-0.207529,-0.488311,2.185067,1.025462,0.652469,0.757733,1.117736,0.286448,1.034142,-0.286889,-1.315483,-0.345333,1.362553,2.302251,-0.127724,0.929091,0.132138,0.581791,0.237801,0.060976,-0.409889,-0.548787,-0.188812,-0.192027,-0.798477,-0.846422,-0.211971,-2.326241,1.522668,-1.864451,0.176473,-0.953513,-0.933685,0.878156,-0.68158,-1.0955,0.087581,-0.455157,0.754857,-1.035626,-0.876453,-0.102045,-0.030766,0.938503,0.526805,-1.410644,-1.983575,-1.038847,0.134025,1.288322,0.031012,-2.105526,-1.120441,-0.980037,-1.437372,0.935947,-0.26617,1.94992,-1.70132,0.670253,-0.899275,0.013485,1.107206,1.167184,-0.643096,-1.89144,-1.756974,-0.437324,-0.05961,-2.980918,-0.248924,-0.428209,-0.788144,0.008165,-0.605628,1.137816,1.360714,-0.363979,1.124558,-0.341807,-0.935402,-1.194561,-0.127142,2.468726,-0.647116,1.343872,-0.18224,-0.344434,0.076722,-0.467817,0.580768,-0.074711,-0.097313,1.298525,0.160319,-0.885065,-0.457988,-0.919575,-1.933159,-2.336191,-1.213949,0.711285,-0.754455,0.540561,-1.906136,0.107027,0.079116,0.089881,-0.073704,0.17413,2.197861,-0.770162,0.05517,1.109222,0.75828,1.414393,1.0341,-0.969683,-0.657366,0.77157,0.011874,-0.867431,-0.016496,0.17784,-1.288317,0.09525,-0.797001,0.41786,-0.470761,0.071064,0.275531,0.600015,-0.448009,-2.133548,0.292732,-0.030289,1.614542,-0.82949,0.642096,1.283326,0.441694,-0.824218
JU2811,-0.957619,-0.569617,-0.749066,-0.764595,-0.033458,-1.389686,1.36927,-2.310552,-0.895893,-0.635754,1.511158,-1.453907,0.669531,0.560185,0.015273,-1.194426,-0.804018,-1.088111,0.461481,0.334747,1.989629,1.643703,2.337894,0.632833,2.060792,3.75389,1.621374,0.080258,0.142118,0.811647,-1.850328,0.461897,0.303811,-0.834178,-0.837938,1.31676,0.55945,0.83233,1.235042,0.131845,1.029584,-0.842831,-0.552241,-1.626925,0.359782,-0.589401,-0.895521,1.553573,0.295724,0.624052,-0.35332,-0.312469,-0.191967,1.342627,-1.089154,-1.973126,-0.573438,0.026761,-0.265349,-0.74861,-0.724474,-0.113977,-0.434012,0.566705,-0.583211,0.235433,-0.102261,-0.367328,0.125382,0.882915,-1.632377,-2.019501,0.386791,-1.31402,1.90989,-0.693619,-1.070161,-1.397265,-0.248321,0.522727,1.456203,-0.85125,1.340392,0.09412,-0.183847,-0.486667,0.035895,0.775968,-0.447997,-0.708096,-0.296566,0.001553,0.260082,0.828123,-0.017602,2.302006,0.813216,1.483384,2.446221,1.77203,1.85471,3.152194,2.611549,2.021694,2.685054,1.2462,2.892544,2.414051,-1.461055,-0.613874,0.249245,0.606827,-1.674586,0.770803,-1.193995,0.665537,0.826626,-0.991495,-0.719593,0.264589,-0.286322,-0.840143,0.23983,1.447864,-0.932165,-0.830837,1.430006,-0.0976,-0.336619,2.150613,1.315424,2.03579,1.574186,1.044393,1.380231,-0.864923,0.748908,1.499736,1.354237,0.250517,0.038619,0.16824,-0.249278,0.469474,0.164386,-1.403068,1.218596,0.109827,-0.984935,1.023434,0.757611,-0.045713,-1.434969,0.910552,-0.453725,1.903001,-0.690107,-0.503187,0.237048,-0.872052,-2.744971,0.193898,0.106745,0.729882,0.7434,0.665634,-0.603279,0.311709,0.743481,0.194296,-0.157124,0.689947,-1.497733,0.054531,-0.756946,-0.578994,-1.839856,-0.901997,-0.940626,-2.067882,-1.115199,-1.304895,0.741174,-0.217755,-0.560344,0.883466,1.178649,0.820053,-1.188265,-1.787996,-0.789823,0.222482,0.63614,0.937916,-0.527447,0.386323,-0.671422,-0.9369,-0.188488,-0.601572,-0.101965,-2.045083,-1.194191,-0.520587,-1.634229,0.705909,-2.279707,0.739221,-0.048828,0.337483,1.442413,-0.70718,1.204854,1.658639,0.63372,0.371287,0.508531,1.665237,1.268389,0.819074,-0.409484,1.438478,0.456533,0.689941,0.999525,0.303824,-1.534436,1.08909,-0.080222,0.126333,-0.551244,0.196487,0.022246,0.533873,-0.073109,-1.041429,-0.904616,0.334107,-0.243834,-1.402545,-0.099517,-0.660427,0.711389,-1.186874,0.185427,-1.376038,0.143033,-0.858093,0.472927,0.317452,-1.343114,-0.750969,0.71985,-0.410383,-1.045293,-0.422709,0.539428,-1.54196,-0.215647,-1.379058,0.05826,0.448861,-0.141499,-0.234009,0.579923,0.456013,-1.720258,-0.47402,0.037908,0.646179,-1.256013,-0.281278,-0.153451,1.152252,-1.129559,-0.117323,-1.152266,-0.451668,-0.591289,-0.185529,1.43537,0.753553,0.214246,-0.399754,-0.816483,-1.03009,1.228608,-1.317279,1.596604,0.054203,0.088575,0.377601,0.371872,-1.080249,-0.381502,-1.372597,-1.805686,0.299748,0.418822,1.164006,1.650464,-0.2756,-0.366874,0.584216,-0.389483,-0.009018,-0.098577,-0.143665,-0.985611,-0.555991,-0.568964,1.041713,-0.621274,-0.546509,0.360703,2.055339,1.562096,1.877,1.384592,2.15689,1.734801,0.241739,1.522835,1.05685,0.979825,-0.567777,0.958761,-1.163827,-0.198577,0.228951,0.986617,-1.026646,-0.187402,-1.023648,0.715418,-0.025341,-0.126033,0.23533,0.032283
JU2878,-0.766437,0.392642,0.099571,0.227493,-0.629836,0.760159,-1.675162,-1.240847,-1.547348,-0.373636,1.113257,1.096339,-0.324301,-0.026709,-0.402559,-1.438156,-1.418978,-0.730455,-1.036624,-0.677954,-0.436824,0.273289,-0.480987,-1.780406,-0.362028,-0.160771,-1.472819,-0.882133,0.611143,0.499918,-0.684389,-1.170783,-1.102275,0.108392,-0.294801,0.676302,-0.460949,0.506616,-0.716061,-0.260185,-0.48896,0.11673,-0.840149,-0.136593,-0.410722,-0.438565,0.290803,-0.675172,1.098263,0.192853,-0.092313,-0.928033,0.088853,-1.975357,0.416694,0.5658,0.669454,-0.163795,0.092433,-1.312373,0.031434,1.622524,-0.336328,-0.540789,-1.767336,-0.80905,-0.233818,-0.198455,0.596027,0.696885,-0.132379,0.423815,-0.7718,-0.268263,-0.820051,-0.971084,0.421676,-1.488556,1.23652,-0.169711,-0.308087,-0.616949,0.321855,-0.752724,-0.076237,-0.512005,0.503398,-0.392393,0.538608,0.071944,-0.50043,1.118152,0.551035,-0.238944,-1.171905,-0.542218,0.664233,0.171266,-0.834036,-1.126398,-2.007797,-0.628363,-0.291621,-0.313518,-0.540326,-2.075824,1.287042,-0.974993,-2.002386,-1.307992,-1.502869,1.148432,0.562658,-0.009867,-0.35588,-0.732866,1.511985,-0.050038,0.875269,-0.450359,-1.126049,-0.258277,-0.221762,-0.388659,-0.129066,0.421691,-1.955318,-0.484381,0.840989,-1.7434,-0.029261,-0.113193,-1.091625,-1.348834,0.119271,-0.010993,1.787425,0.803055,1.847419,0.796033,0.032282,1.022851,1.633685,2.647582,-1.654997,-0.148799,0.967195,-1.022842,-1.006822,1.53195,-0.268702,-1.686692,-0.333818,0.116589,1.18494,0.966065,-0.103803,0.281665,-0.663442,-1.099004,-0.813217,-0.840098,-0.560667,-0.510713,-0.993475,-0.3349,1.55749,-1.417425,-1.419239,0.445732,-0.554841,-2.158524,-0.227607,-0.944575,-1.065626,0.262018,-0.342548,-0.791373,-2.622658,-1.728085,1.053345,2.106284,-0.580062,-0.023398,0.318645,-0.353798,-0.761467,0.394787,-1.39658,0.439622,-0.74094,-0.559124,-1.658922,1.21553,0.146143,0.929209,0.174146,0.482591,1.991484,-0.438985,0.855607,-0.110503,0.709513,0.255653,1.738489,1.510671,0.073823,0.182688,1.587135,-0.345709,0.559211,1.361029,0.251106,1.759152,0.096237,1.717308,-0.195561,-0.426282,-0.783343,-0.017458,-0.727963,-0.895542,0.196736,0.051049,-1.632289,-0.086334,1.319151,0.823722,0.203801,0.68156,-0.762132,0.081201,0.710952,0.676943,1.086386,1.234952,-1.705259,0.326471,0.017167,0.78521,-1.649301,0.333829,-0.280572,0.554661,-1.152777,0.759453,0.181718,-0.179664,0.486149,-1.187836,-0.081322,-0.978959,-1.388446,-1.549009,-1.221413,0.003985,1.084881,2.179259,0.933427,0.100581,-0.885352,-0.222195,-0.469156,2.454134,0.300554,0.263404,-0.487031,-0.176019,-0.596376,-0.082559,-0.466881,-0.403168,-1.051118,-0.729373,0.91435,-1.127158,-0.350422,-1.448336,0.725082,-0.728565,-0.253429,0.261433,-1.272168,-0.083992,0.767551,-1.085381,-0.659215,-0.249894,-0.450803,-1.662399,1.011616,-0.228296,-0.357792,-0.401979,-0.697025,-1.025114,0.34949,1.125308,0.253011,0.671678,-0.332894,-0.264878,-0.691202,0.129937,0.637376,0.102664,1.586104,-0.821118,1.821837,1.419622,0.083747,0.365181,2.155116,1.307375,-0.235348,-0.404426,1.804164,0.629364,-0.947322,0.322079,0.736132,-0.707481,1.900516,-0.008728,-0.178247,-1.194396,-0.354221,0.404706,-0.257761,0.572394,0.706403,0.213728,-1.270367,1.872367,0.702839,0.226251,0.665784,0.190746,-0.475094
PB306,0.839527,-0.095211,-0.298767,0.932768,-0.931685,-1.5866,-1.059567,-0.137377,-1.303492,0.123449,-0.059019,0.20442,-0.900095,0.687606,-0.157113,-0.076188,-1.64925,-1.529048,0.295385,-1.333406,0.091822,0.814872,-0.763919,-0.971303,0.590814,-0.012233,0.299124,-0.498753,0.507373,0.954198,1.129719,-0.231103,-0.496378,0.690558,0.008608,-0.228317,-1.608062,-0.018544,-1.368284,-0.909914,-0.186415,-1.208524,-0.078491,-1.088978,-0.583916,0.21876,-1.691806,-0.192274,-0.565976,-0.74824,-0.751036,0.699387,0.038479,-0.046605,1.032637,1.626884,-0.145562,0.592841,-1.266469,-2.42631,-0.511981,0.066911,-0.580964,-0.566209,-1.747498,0.533548,-0.534519,-1.73327,0.130467,-0.602487,-0.977952,-0.41686,-1.249914,-0.900854,1.296012,-0.159069,-0.127043,-0.65141,-0.648879,0.187979,-0.7966,1.675743,1.208987,-0.780154,-1.450084,0.55586,-0.218188,-1.326589,-0.595662,-1.013555,0.149052,1.042659,0.161384,-0.405058,1.325793,0.274587,-0.292105,1.020083,1.097141,1.356863,0.602276,0.727663,-1.337613,0.225218,-2.922833,0.403688,1.308819,0.121743,-0.742542,0.224335,-1.768987,0.626685,-0.498044,-1.097988,-1.904291,-2.123893,-0.221834,1.009042,-1.082232,-0.600035,-1.761351,-0.246587,0.477113,-0.525043,0.118244,0.314502,0.663198,1.675493,1.694379,1.278825,-0.10469,1.147085,0.210417,1.191338,0.703372,0.37477,1.744475,2.789184,1.881221,1.150608,0.406955,1.672224,1.568404,1.700401,1.160954,-0.127246,-0.221562,0.190609,-0.864887,-1.192588,0.624018,-1.38129,0.702059,-0.17208,0.214784,0.778079,0.291464,-0.482926,-0.381049,-1.091184,-1.964189,0.434848,0.734267,-0.128872,-1.571237,0.350477,-1.173591,0.029234,-1.900474,-0.416738,-0.335351,-1.804281,-0.477972,-1.06261,-0.881773,-1.200391,0.442618,-0.586901,-1.477551,-1.230128,-0.091067,0.106585,0.30454,1.067364,0.96297,0.983747,1.353508,0.057772,0.388088,-0.522349,-0.757435,1.189136,-0.89617,0.709692,-0.216592,1.030236,1.956866,-0.962235,-3.807247,-1.593216,-0.03595,-1.263663,-3.133954,1.403681,-0.407537,-0.773957,-0.5182,-0.152986,-1.192545,-0.790545,0.389488,0.387466,0.891404,-0.981636,-0.199822,0.555163,-1.12609,-0.873714,0.726757,-0.221768,0.2783,0.389011,-0.432533,-2.222822,-0.601492,-0.899636,0.562327,0.49133,-0.552107,-0.66053,-0.230944,-1.057621,-2.032945,0.617273,-0.36932,0.791613,-0.691846,-1.859254,0.161972,0.996804,0.937406,0.024134,-0.315397,1.445368,0.746396,-0.047555,-1.130118,0.989003,-0.67562,-0.225862,0.918695,-1.955844,1.217849,0.133066,-0.397094,-0.719283,0.196419,-0.626683,-1.63322,-0.413545,-1.031532,-1.355433,-0.88974,-1.967504,-1.560819,-1.246629,-0.624359,-0.185977,-0.576394,-0.334067,0.521299,1.064422,-0.139468,-1.117388,-0.930027,0.92165,-0.191435,-0.440795,-1.399673,0.467147,1.271187,-0.741978,-1.646717,0.199616,-1.165131,-0.202218,-0.895836,-0.79313,-1.637143,-0.025098,-0.899971,-0.07988,-0.955633,0.318442,-0.145913,-0.279699,-0.83886,-0.104502,-0.730177,-0.565145,-0.451756,-0.800587,-0.886219,-1.83406,-2.01164,-0.968724,0.744602,0.979871,-0.964105,-0.444937,-0.416867,-0.218482,-1.360075,-1.774697,0.99922,0.50463,0.336935,0.362748,0.044053,0.02788,1.514136,1.067681,-0.601526,0.308838,1.263746,1.688265,-0.50027,0.47389,1.25759,-0.209745,0.566338,-0.478848,0.790681,-0.603614,-0.182449,-0.095954,1.007082,1.058915,0.19818
QX1211,1.148906,0.216969,-1.757918,0.593613,-1.088347,-2.678733,-1.964761,-1.336572,-0.402803,-0.822401,0.497736,0.927599,-0.673135,0.090748,0.324493,-0.338263,-1.570228,1.13152,-0.629514,0.008909,-1.118567,-1.597915,-0.637388,-0.395949,0.276151,-0.538148,-0.760096,-0.751772,0.125624,-0.45973,-0.719826,-0.502403,0.340759,0.108236,0.037977,-0.100554,0.139481,-0.938343,-0.740561,-0.826972,0.416397,-2.181937,-0.885972,-0.381114,0.733343,-1.113894,0.183965,0.225392,-0.65237,-1.504726,-0.627734,-1.13236,-0.482399,-0.140883,0.11137,0.067754,0.121357,-0.467463,-0.961392,0.645661,0.039888,-0.328624,-0.67591,-0.272311,2.160856,1.043507,0.065386,1.61147,0.348206,1.897172,-0.455206,1.579253,1.418969,1.597114,-0.552911,0.921947,0.064257,2.012405,0.264039,0.382728,-0.374442,0.773977,1.296244,-0.47933,2.340165,1.230996,1.778178,1.311998,1.509993,1.846733,-1.028404,-0.309272,-0.396524,-0.134518,-0.159292,-2.346491,-0.085586,0.076276,-0.88749,-1.393478,-0.520827,-0.582929,0.356776,1.978003,0.502505,0.000846,0.328392,-0.465136,-2.129059,1.418024,-1.106566,0.935078,-0.603003,0.691145,-0.730409,-0.912656,0.543048,0.174827,0.768864,-0.215181,-0.124829,-1.185491,-1.740626,-0.710668,-1.256555,0.471611,1.213317,-0.293656,0.878807,0.222682,0.832561,-0.285737,-0.327763,1.255513,-1.050689,-0.780463,-1.342038,0.176268,-0.275033,-0.714982,-0.229676,-1.077566,-1.313704,0.233647,-0.105364,-0.666425,0.583681,0.287867,0.943304,0.598747,-1.907129,-0.119133,-0.236166,-1.245453,-0.372951,-0.547893,-0.294164,-0.012011,-0.453041,-0.306796,0.133123,0.398577,-1.189312,-1.046811,1.357745,-0.554945,-0.551525,0.905032,0.308682,0.312281,-0.493493,-1.297869,1.837627,-1.214719,0.532995,1.260562,0.747556,-1.32057,-0.707299,0.981095,2.812207,0.307828,1.294013,0.674479,-0.430513,-0.773621,-1.534184,1.312461,0.52753,-0.926763,-1.97169,-0.046082,0.110924,0.368059,0.019584,-0.807341,0.538891,-0.387909,-0.211849,0.341319,-0.057534,0.652073,0.246533,0.153348,-0.655202,-0.034065,0.419107,-0.485096,0.141108,-0.733403,-0.363628,0.322327,1.029089,-0.506937,-1.081366,0.78871,0.385515,1.429623,0.807495,0.650741,-1.217451,0.023449,-0.249599,0.469206,-0.326563,0.981162,-1.684131,-0.139988,-0.344324,-1.152631,0.580874,0.347518,0.520792,-0.351814,0.498109,0.217303,2.168728,-0.518907,-0.843857,0.754023,0.85321,-1.093,-1.061217,0.972575,1.723134,-0.837214,0.776066,0.941702,-0.210866,-0.27345,1.174886,0.532977,0.084326,1.402292,0.936648,0.335077,-0.706819,-0.647224,-0.46683,0.653333,0.354121,1.835932,0.148262,0.650818,-1.276713,0.631867,0.529916,-1.867081,-1.120549,-0.819528,0.698073,0.99419,1.408602,1.935251,1.609906,0.679774,-0.347453,1.953425,1.435,-0.004002,0.989106,1.280411,0.872187,0.037571,-0.448416,-0.326861,1.153326,0.435395,-1.417615,1.306685,1.558747,-0.640539,-0.12091,-0.793422,-0.144516,-0.472497,0.689877,1.604411,-0.477875,-1.235454,-0.960856,-2.151678,-1.667618,-1.220735,-1.075639,-2.099118,-2.456979,1.378882,0.30526,-0.795266,0.965797,0.199931,-1.322215,-0.791322,-0.577621,0.546433,-1.04873,1.013134,1.752242,0.794965,-0.500743,1.724846,1.02359,0.446998,-1.266692,0.731511,0.375875,1.523679,1.254557,1.459523,0.814805,-0.43274,-0.472348,0.426901,1.844566,-1.861906,-0.830747,2.2545,0.834877
QX1791,-0.732012,0.530897,0.937631,-1.239264,-0.803748,-0.760317,-0.923199,-1.236831,-0.454772,0.149957,-1.338103,0.774472,0.723689,-0.591403,1.153417,-0.532187,-0.256483,-1.662035,-0.592963,0.466211,0.719823,-0.820014,-1.199106,-0.206702,-0.266739,0.987313,-0.90718,0.029059,-0.08393,0.07873,1.676096,0.245588,-0.799559,-1.919709,0.42222,-0.603667,-1.432044,1.406586,-1.32719,-1.139727,-1.954578,-0.718833,-0.513351,-0.150248,0.692363,-0.625685,-0.004884,0.310943,-0.699377,-1.154195,-1.164194,1.284639,0.350923,0.343178,-0.101204,1.608319,-0.578437,-0.038615,-0.718503,-2.489709,-0.039238,-0.217943,-1.050963,-0.938062,-0.534979,0.150712,0.62131,0.580569,-2.362125,1.52693,-0.177375,-0.918538,0.210634,0.00894,1.240363,-0.853395,-2.133898,-0.338918,-0.484434,0.081459,-0.409514,-0.024396,1.134702,-0.118157,0.52559,0.082275,-0.863549,0.177404,0.210891,0.326049,1.597676,-1.120517,1.158681,-0.632595,-2.180666,0.227394,0.15076,-0.127512,-0.25649,-1.376646,-1.87594,0.134357,0.170452,-1.203176,-0.483154,-1.622595,0.633737,-1.441213,0.864494,-1.08688,0.927667,-1.215562,-1.808929,0.053402,-0.185197,-0.337868,0.067473,-1.054083,0.833534,1.389292,-0.011931,0.324826,0.1816,1.688381,2.146374,0.508815,1.318386,-0.047142,0.823321,-1.061621,-0.244358,-1.315184,2.133506,1.184267,1.94151,2.319968,1.058435,0.193078,1.535152,1.10772,2.422558,0.188556,1.845401,1.134012,-0.666119,-0.540813,-0.823337,0.220883,-0.07566,-0.321416,-1.388271,-0.872892,-0.937216,0.001224,0.195922,-1.27681,-0.788604,-0.841908,0.471561,0.149167,-0.659485,0.407362,1.708954,0.886556,1.716351,1.179357,0.020709,0.713933,1.037428,2.740605,1.637708,0.762074,0.12718,1.083286,0.917056,1.951662,0.401932,1.517349,-0.238356,1.630634,0.264349,0.642261,0.351379,0.976456,0.821276,0.645746,2.048926,1.688809,0.872542,1.182678,1.297636,-0.891175,0.822838,-1.904915,-0.816973,-0.285377,0.413484,1.96396,1.431296,-1.533908,0.147515,-0.759141,-0.194748,-1.663415,-1.949341,-0.878656,-0.212206,1.484882,-1.178305,-1.547805,-0.280629,-0.790594,-1.184139,-0.902043,-0.393092,0.607848,0.55031,-0.219968,-0.282581,-1.524899,-0.387357,1.171126,-0.923304,-0.45309,-0.339328,-0.154305,0.571898,-1.51965,-1.011214,1.714326,-0.354614,-0.662615,0.111006,-1.229357,0.019461,1.953153,0.675367,1.480467,0.707016,-1.429275,-1.60047,0.544106,-0.835327,0.383257,0.710435,0.471479,1.837293,-0.707854,-0.769864,-1.528103,-0.360583,-0.286651,1.305016,3.407161,0.304905,0.060304,-0.776632,-1.641282,-0.555693,-0.440213,-0.047483,-0.130747,-1.83884,-2.121341,-0.656265,-0.985135,0.038831,-0.307504,0.272764,-0.146783,-1.403056,0.710643,0.228042,-0.841981,2.072627,0.155038,0.805402,-0.428965,0.638741,0.410632,-0.569933,-0.152128,0.381031,0.262544,-0.495996,-2.383704,-0.638175,0.038076,-0.276029,0.483236,0.060621,1.225469,0.380815,1.079478,1.902182,0.838018,0.188503,-0.497202,1.915284,-0.651445,1.088814,1.20156,-1.339013,-0.532006,0.222237,-0.803894,1.321331,-0.1955,-3.251318,-1.658115,-0.482726,-0.460605,-0.957646,-1.63773,-0.008635,-0.35521,-0.312422,0.37008,-0.367352,-1.777326,-1.409599,0.557553,0.760419,-1.755805,0.763162,0.196596,2.101833,-0.672444,-0.138483,-0.076702,-0.407333,1.188699,-0.376531,0.51886,-0.076514,-0.041038,-1.347515,-0.866328,-0.494968
QX1792,-1.12114,-0.262488,-1.745219,-0.925016,-0.595595,0.271814,-0.624987,-0.394426,-0.350016,-1.094822,-0.271096,-0.72289,-0.297337,0.303969,0.311227,0.115548,0.081442,-1.526578,0.676563,1.895213,0.657328,0.187874,1.298936,-0.388688,-0.206149,-0.217709,-0.559261,-0.812473,0.014799,0.328175,0.163906,0.762646,0.820489,0.270637,0.665999,0.80132,0.140383,-0.026902,0.741747,-2.044393,0.076061,-1.429596,-0.795292,1.605757,-0.549603,0.361155,0.723247,-0.497333,-1.638992,0.910333,-1.702579,-0.043898,-0.974135,-1.099232,0.041076,1.334226,-0.667198,0.281698,0.290886,-0.599737,-0.032532,-0.224682,0.254687,-1.39313,-0.489581,-0.964029,-2.066211,-1.60916,-1.027396,0.158246,-0.861277,0.482072,1.078181,-0.269936,0.076998,0.845066,0.335394,-1.402818,-1.396913,-1.164658,-1.629255,0.629973,-0.137765,-1.431263,-0.327913,-2.050187,-1.099013,-1.625573,-0.491485,0.59342,0.404437,-0.061406,-0.027608,0.70538,0.750151,-0.289536,-1.129915,0.080614,-0.197573,-0.151972,0.846038,0.477534,0.33015,1.26717,0.291799,-1.925482,-0.369962,-0.458892,-0.827926,1.478612,0.964376,1.559089,1.026956,-0.210939,0.845131,0.963196,2.100265,0.205535,-1.349735,0.879371,0.786856,2.390518,0.934003,0.754547,0.593066,1.940951,0.356428,-1.098678,0.703462,0.463207,1.468151,1.694775,1.658608,0.729466,1.633015,0.782031,-0.373692,1.321237,0.967296,0.792518,2.42132,1.670865,1.30289,2.482634,-0.052848,-1.47055,0.098922,0.319217,-1.300268,-0.112847,0.308276,0.149369,-0.624751,-0.943602,-1.092742,-1.455546,-0.604972,0.062408,1.209644,-0.102994,0.322327,0.657913,1.362032,1.234686,0.538039,0.937342,0.632818,0.133408,0.915744,3.429551,1.913703,-0.450308,-3.465337,-0.757464,-2.008045,-0.495741,-1.177656,-1.510077,-1.232452,-0.900775,-0.417841,0.24919,-0.10126,1.918193,0.955582,-0.819776,-0.490353,-0.919502,-1.462697,-1.355819,0.587153,-0.367621,0.726259,-0.530666,-0.214833,0.916825,0.837778,0.570417,0.200482,-0.536527,-1.430494,-2.032576,-1.367166,-0.663665,-1.039135,-0.571542,-1.090149,-0.073554,1.102345,2.413497,1.573316,2.150585,-0.981632,0.836198,0.722149,2.289111,-1.606258,-0.526862,-0.207104,0.272813,-2.847448,-0.620074,1.475534,-1.226007,-0.242476,-0.342247,1.117939,-0.152646,0.272769,-0.200034,-1.159841,-0.714398,0.811614,2.356044,0.062998,-0.86522,0.163961,-1.066343,-0.335701,1.564151,-0.616539,-0.713441,-1.1363,0.680288,0.704068,1.595969,0.8442,0.185841,1.26794,1.525293,0.194264,1.664762,1.722903,-0.063331,-1.714792,-0.341098,1.354177,-0.081818,-0.796765,-0.785957,-0.261058,0.702159,-0.324635,0.356059,1.436449,0.619452,1.391773,0.37754,0.818585,-0.65753,-1.288867,-0.476499,0.608847,0.404741,-0.232065,0.133884,-1.31143,2.077688,0.762809,0.673618,-0.819007,2.182311,0.732933,1.183714,-0.09101,1.424405,1.621956,0.805072,-0.95751,-0.89619,0.390138,-1.132261,-1.507398,0.007392,-1.83275,-2.080332,-1.083725,-0.231241,0.492656,2.147896,0.74017,1.091664,0.660893,0.268896,0.611176,1.53397,0.627092,-1.563112,-0.787091,-1.245057,0.112095,0.319913,-1.151268,0.055783,-1.433077,-0.029267,-0.475204,0.366016,0.182984,-1.751793,1.691643,-0.69741,-0.50852,-1.020955,-0.744064,0.029482,-0.967734,0.556058,1.581571,-3.13737,-0.780795,0.724915,0.059649,-0.054419,-0.823332,0.962211,-0.886864,-0.877544,0.991547
QX1794,0.742411,0.380743,0.465389,-1.394508,-0.618656,2.463801,-0.207175,-0.162405,1.330211,-0.545439,0.602329,0.223223,-1.902595,-0.259733,1.142192,-0.583089,-0.028155,-0.210958,-0.990105,-0.641401,0.474849,0.087691,0.023694,-1.335424,-0.807849,0.135527,-2.194856,1.292555,1.523396,-0.825785,-0.411385,0.631512,0.7796,0.457709,-0.79822,0.763795,2.239774,1.617211,-0.046567,2.653297,1.407053,0.328758,1.244983,2.848178,1.249055,-0.00467,0.188437,-1.449442,0.04145,0.61564,0.90802,-0.377098,-0.767054,-1.556903,-0.030862,2.484575,2.683442,-0.653398,0.991363,1.914438,3.247179,1.599424,1.980426,0.875613,1.246441,-0.589078,-1.008128,-1.367226,-1.349266,-1.696012,-2.014753,0.243472,0.47384,0.255009,-1.714052,-1.298796,0.749801,1.178018,-1.468313,-0.241346,0.182222,-0.284743,-0.755692,-1.619416,-0.772077,0.475107,0.504626,0.106419,-0.506781,-0.840922,0.25169,-0.356284,0.474706,-2.463377,-0.631672,0.181551,0.117159,0.853098,-0.242288,-1.002639,0.217801,0.599374,-1.644207,-1.221526,-0.033231,-0.866739,1.173668,0.3941,1.294751,1.874663,0.173066,1.136505,2.346448,1.466612,1.369102,0.8698,0.454519,-0.371067,-0.802963,-0.585418,-0.547509,0.626675,2.142857,1.373167,1.202105,3.043344,1.252825,1.358825,0.406163,2.230772,2.018278,1.449142,2.417967,1.437535,1.959191,0.492633,-0.975941,-0.121238,-0.254947,-0.015897,-0.547756,-0.465761,0.075046,-0.774395,0.187742,1.779674,-1.644978,-0.031355,1.73362,-0.686124,-0.533908,0.393957,-1.481716,0.472499,-0.530163,1.098163,-0.528573,-1.742802,0.621972,1.601367,0.404135,-0.253948,1.138267,-0.492756,-0.053934,1.415743,0.488519,0.721598,2.572806,1.543512,1.024729,-0.217558,-0.466429,-0.191956,-0.791871,0.453371,-1.620774,-1.25011,-0.856032,-0.493796,-1.242041,-0.224665,1.485198,1.216085,0.309376,2.104166,0.615785,0.607842,0.07629,-1.170968,-0.779387,-2.227684,0.240242,-0.894605,-2.492599,0.372039,-0.822122,0.506424,0.389134,-0.098101,0.482811,-0.563876,0.181888,-1.552575,1.041672,-0.44154,0.711213,-1.354981,-0.15158,1.237696,-0.792614,0.665443,-0.218868,-0.286708,-0.231816,-0.43056,1.580289,0.28046,0.634479,-0.096354,1.116537,0.139679,1.205558,-1.203263,0.377479,0.727288,0.158221,1.030637,-0.373911,1.217658,-0.741761,0.480392,0.837178,3.206309,0.850538,0.240589,1.240543,0.326082,1.63266,-0.308292,1.090749,1.090862,0.981355,-0.985136,0.389211,-1.201611,1.61793,-0.329938,-1.236553,0.304513,-0.273353,0.987184,0.192664,-0.060858,-0.613823,-2.151238,-0.161723,0.392002,-0.846367,-0.594874,-0.399547,1.13124,0.195153,1.326341,0.944035,0.589495,-1.447424,-0.77373,-0.389398,0.087921,-0.297877,0.495312,0.433566,-0.16715,0.847621,-0.183089,-0.223167,1.689842,-1.331048,-0.713333,-0.83246,-1.013284,-0.092553,1.604535,-0.816618,0.329912,-1.498564,-1.299445,-0.734905,-1.411343,0.506073,-1.512192,-2.469679,-0.522096,-0.423365,-0.659776,-0.774761,-0.073565,0.077668,-0.354251,-0.68152,-1.34875,-0.14933,-0.509021,-1.657145,-0.667977,0.220003,-1.753155,0.372959,0.072476,-1.170198,0.971948,-0.44174,-1.176385,-2.087903,0.086213,0.653052,-0.852735,1.049339,0.953295,-0.841064,0.628492,-0.028351,1.977366,-0.241862,0.09769,0.107018,0.616782,-1.132823,0.501818,0.141847,0.208367,-0.52353,-0.181491,0.018318,-0.203864,-1.07643,-0.270383,-0.474839
XZ1514,0.14274,-1.499095,-0.696169,0.036143,1.075882,-1.087798,0.913651,0.932581,0.465732,-0.243062,0.518396,0.888306,-0.940118,0.296123,-1.223309,1.134535,-0.107782,-0.290409,-0.277012,-0.307659,0.040566,1.882,-0.507869,0.135496,-0.306087,-1.140933,-0.401802,0.269265,-2.964228,-0.943081,-1.454542,0.440673,1.813429,-0.686316,-0.1087,-1.180158,-0.926731,-0.522684,-0.938835,0.526675,0.748817,1.712064,-1.096939,0.118637,0.775087,-0.928491,-1.194155,-0.552929,-0.526933,-0.380312,-0.674041,1.128038,0.371135,-0.415511,-0.981508,-0.20516,0.038366,-1.049105,0.206636,0.964498,0.192835,1.326477,-1.006456,0.815497,1.180676,-1.444238,-0.483277,0.129277,0.995047,1.996312,0.380741,0.961623,-0.097222,0.082233,1.556198,-1.133235,-1.598627,-0.871224,-1.340472,1.745393,0.03355,1.14087,-2.472917,-0.579461,-0.429477,-1.457653,0.033675,1.091358,0.089959,-1.084412,-0.237549,-1.752098,-0.909214,-1.615612,-0.402555,0.20568,-0.736505,0.21356,-0.413566,2.128608,0.71783,-0.641657,-0.116892,0.393486,0.530532,0.61191,-0.994037,-0.571913,1.374152,-1.169372,-1.899908,0.323929,0.476733,-0.554483,-0.463047,-0.056615,-0.075699,1.089327,-0.161239,0.90559,0.84526,0.521025,0.922006,1.916895,0.825394,0.206028,-0.639965,-1.128171,-1.88654,-0.761037,-1.362302,1.288347,0.401031,0.856852,-0.502795,1.568057,-0.446114,-0.317405,0.647617,0.035577,-1.562071,-0.01502,0.887946,-0.151375,-0.152571,-1.887215,-0.002881,-1.635964,-0.556419,-0.339303,0.602154,-0.428178,0.968044,1.464669,0.035209,-1.255265,1.072517,-1.111286,0.904001,1.056339,-0.13733,1.678955,-0.716395,-1.893729,0.260146,0.748391,0.31036,-1.022495,0.109669,-0.797621,-0.087869,-1.012093,-0.464911,-0.598304,1.191279,2.329967,1.616677,0.324059,-0.005637,0.474431,0.511423,-0.279742,0.239604,-0.54316,1.315891,-1.311838,-1.162838,0.028234,2.092859,-0.045281,0.813173,0.249904,0.652109,0.080553,1.555876,0.938288,1.310149,1.578482,-0.161999,1.25219,0.819422,-0.890028,1.324986,0.167635,0.823509,0.551761,0.275694,-0.740407,-1.015852,1.001426,0.091043,-1.547755,-0.184396,0.40086,-0.660893,-0.841034,-0.198411,0.993608,-1.944609,-0.046435,-0.024418,-0.260017,1.157434,0.204272,0.328376,0.52475,0.806954,-0.448357,1.444967,0.381131,0.440329,0.12326,1.865826,1.829771,0.195261,-0.727189,0.935896,-0.036082,0.778373,-0.515053,0.516237,-0.622969,1.335545,-0.318843,-0.26279,1.077202,-0.399431,1.463778,-0.03738,0.532658,0.377436,0.806249,0.646523,-0.559375,0.495387,-0.541349,0.866024,0.250519,0.540012,-0.334623,-1.515107,0.302928,0.401856,-0.197612,0.417854,-0.873608,0.239197,1.886279,0.333533,-0.25213,-0.378709,1.837183,0.85533,0.872604,-0.34632,0.098728,-0.195724,0.481635,-0.601523,1.074261,1.294883,0.780029,-0.902531,1.950841,0.431774,2.085557,0.761747,-0.272339,0.400461,0.737236,-1.657782,1.006425,0.925417,0.372719,-1.073492,0.605409,-0.525697,0.453887,0.693035,1.08387,-0.298188,-0.465052,-0.359709,-0.246665,1.472897,-0.370451,1.378428,-0.208249,-0.133319,0.108165,-0.60939,-0.155876,0.072168,-0.160703,-0.582223,-1.682916,0.533226,0.626506,0.995032,-1.422227,-0.501075,0.508285,0.264502,0.025006,-0.808537,1.434996,0.176233,0.899406,0.177526,-1.472954,-0.215203,0.149328,-1.048717,-1.262991,0.40502,0.584071,-0.583998,0.935817,-1.809845
XZ1515,-0.623552,-0.263769,1.429973,1.081452,-1.117912,0.01383,-0.971385,-0.975238,0.282221,-0.275859,-1.662826,0.395765,-1.325353,0.254777,-0.620525,0.249309,1.275764,0.160105,0.779771,0.314999,0.269022,-1.673006,-0.437039,0.296558,1.747228,-0.723744,-0.669494,0.084664,0.334039,0.736321,-1.280288,-0.118813,0.134362,0.328655,-0.195105,0.736861,0.755559,-0.596509,-0.1898,-0.191192,1.448119,0.053907,-0.33274,-0.336801,0.680639,-1.058289,-0.323828,0.207442,0.676673,-1.336904,-0.38477,-0.301165,-1.958279,-1.557768,-1.863045,-0.616116,0.569603,0.49021,0.472944,-1.939489,-1.240551,-1.339286,-0.352539,-1.313972,-2.053216,-0.307355,0.605202,1.082776,-2.364531,-0.140979,-1.344734,0.900187,1.577307,-0.740643,0.246053,-1.125996,-1.300937,1.669809,-1.092389,0.310856,-1.312596,-0.171396,0.559849,-2.115842,0.597392,-1.845987,-1.919312,-0.433921,-0.228264,-0.949133,-0.148837,-1.07561,-0.112226,-0.774053,0.013949,-0.532257,-0.612846,0.107996,-0.125411,-1.995737,-0.489544,0.60465,-0.816002,0.636705,-0.533167,-0.978848,1.529468,0.156995,-0.929007,0.376956,-0.56084,-0.936746,-0.388698,-0.599815,-0.161369,-0.41166,-0.022375,-0.791625,-0.138864,0.027003,0.006725,-0.189546,-0.589956,-0.110868,1.262927,-1.554465,0.43613,0.122845,0.388734,-0.124782,0.861826,-0.131919,-0.085058,-0.56736,-0.263653,-0.992106,-1.413123,0.761128,1.429208,1.404587,1.027851,2.009002,1.833884,2.852872,-0.579819,-2.820313,-0.113814,-0.196708,-0.740378,-1.266244,0.165015,-0.115018,0.318875,1.300917,1.783169,-0.551699,1.174132,0.11841,-0.454811,1.258836,0.358123,-0.574222,0.554888,0.219902,0.128872,-1.135708,1.144709,-0.312501,0.149604,-0.137497,-0.695053,2.338955,0.255617,-1.858119,-0.401389,0.959827,-0.168921,-1.597822,-3.393541,-0.649477,0.145982,2.435174,-0.21136,-0.366094,0.336248,0.662981,-0.464846,-0.900155,-0.904142,-0.513135,-0.06036,-0.124965,-1.313481,1.150096,-1.833396,-0.457096,-1.53367,-0.698657,1.620006,0.345524,1.21305,-0.460897,-0.501831,-1.580328,-0.440142,0.504492,-0.734901,-0.433109,-0.539816,0.551536,-2.015244,-0.308827,-1.667086,1.168257,-1.687486,-0.085388,-1.975029,-0.654415,0.007478,0.869522,-0.438518,-0.787683,-0.571486,-1.083284,-2.403649,1.309919,1.93637,-0.259548,1.482763,1.116201,3.251811,-0.067604,0.091774,0.478693,0.055212,0.52184,0.647226,-0.345987,-1.713216,-0.097054,-1.241082,-0.62082,0.018544,1.291731,-0.964759,0.14503,-0.888388,-1.782249,-0.387803,-1.918952,0.391574,0.067776,0.857499,0.356834,0.718828,-0.822089,1.118326,1.396193,-2.16212,-0.67335,-1.088513,1.495779,0.35124,-2.94749,-0.18278,-1.474193,-1.529739,-0.794736,-0.686575,-1.841039,0.139583,-1.683477,-1.009282,1.125204,-1.096466,1.298012,-0.742276,-1.624224,0.634212,-0.178618,-0.397578,-2.178326,-1.954239,0.466949,-0.402908,-0.505201,-0.61515,0.514949,0.958541,-0.610084,0.531168,1.053195,0.974309,1.889677,-0.777948,0.505721,-0.052008,0.100423,0.509284,-0.752592,0.513784,-1.551584,-0.740057,-0.028004,-1.490499,-0.274269,0.045508,-0.851926,0.795333,0.748355,0.252199,-0.930537,-0.507548,1.632173,0.148409,1.355525,0.840636,0.02978,0.177741,1.890914,-0.608892,-0.797903,1.502025,0.560004,-0.592775,-0.639932,1.136742,-1.101015,-0.683738,0.718652,-1.451425,0.948186,-2.526642,-0.138292,-1.662112,0.711742,0.570738,-0.866431,-0.054028
XZ1516,0.444057,-0.146009,-0.746072,-0.141147,-0.021784,0.726127,-2.022421,-0.929547,-1.166337,0.548419,0.601449,0.578427,0.527083,0.617591,-1.256144,-0.109825,-0.483618,-0.503698,-2.329888,-0.976788,0.029605,0.359229,-0.588001,-1.025873,0.539178,0.348079,-0.443208,0.63931,0.874557,-1.736417,1.036415,-1.505707,2.257608,-0.247235,-0.613296,-1.621469,0.066635,-0.84525,-0.749841,0.696297,-0.295781,-0.325113,1.525112,-0.647737,0.211775,-0.785445,1.376526,1.238406,2.010964,0.262124,-0.528225,0.854321,0.51576,0.613948,0.757365,-1.861108,-0.271014,0.154961,1.070023,-0.162827,0.911261,-0.373447,0.345016,-1.611196,0.178965,-0.088392,0.541948,0.494401,1.876647,0.945703,-0.295097,1.842247,-3.125071,1.527102,-0.359461,-1.289734,-0.199384,0.284667,0.583445,0.220111,1.195403,-0.529259,1.05867,-0.075359,1.680641,1.350389,0.036682,1.995649,1.54237,0.679072,0.312613,0.648284,-0.215857,-1.247257,1.108318,-0.94764,-0.096346,-1.440708,0.117202,-0.516422,0.618584,1.150453,-0.356561,-1.095985,-0.082532,-1.998109,-0.957412,-0.856563,-0.377045,-0.249092,0.036538,-2.096794,-0.698648,-0.4781,-2.70024,-0.509042,-0.537186,1.002122,-0.003348,-0.863378,0.828374,-1.001689,1.644469,-0.674231,0.902649,-0.419737,-1.469464,0.449002,2.031184,-1.349437,-0.688959,0.830782,-0.82676,-1.116648,-0.682538,-1.068276,1.532756,1.04773,-1.450281,-1.434425,-0.378709,-0.371823,-0.30481,0.507353,0.329377,1.625942,1.736327,1.274093,2.474009,0.841893,1.367654,2.512038,1.894154,0.281997,0.687089,1.79742,0.654862,-1.016781,-1.095971,1.288019,-0.007117,1.028617,0.431442,0.44131,0.098182,-0.619842,0.124916,-0.350267,-0.92295,0.625602,1.205261,-0.501642,0.725916,1.529097,0.53812,0.192124,0.307436,1.010142,-0.130317,-0.108395,0.092897,0.966859,-2.282402,-0.338244,-1.81102,-0.299509,-0.412725,-1.37317,-0.538897,-0.485833,-0.740491,1.832131,-1.780063,-1.010823,-0.275696,0.099452,-0.398976,-0.400032,-0.263337,0.414917,0.332068,0.531035,-1.871336,0.071045,0.568359,-0.005505,1.655469,-1.074791,-1.919527,-0.409098,-0.124456,0.795918,0.972196,0.384835,0.754538,2.027308,-0.220657,0.136845,0.851849,0.249263,0.373945,-1.447917,1.316836,1.136485,-0.638542,-0.055081,0.061743,-0.354612,0.249851,-0.472282,-0.05049,-1.202704,-1.127433,-0.578069,0.016524,0.59624,1.645508,-0.090622,0.256285,0.601566,0.052047,1.315429,0.414473,-0.358394,-0.712079,-2.21161,-1.862408,-0.082833,-0.227957,-0.979064,-1.222033,-0.390482,-0.828441,-0.421579,-1.084767,1.098437,1.454372,1.322509,1.826591,-0.178117,1.546052,-0.197626,-1.034736,1.394734,1.228469,1.377269,1.163036,0.644317,0.276299,-0.847536,0.591118,2.378222,-0.272082,-0.019469,0.184104,0.918583,1.524637,0.915541,0.622474,0.883216,-0.027664,-0.256866,1.088994,-1.272978,-0.562966,-0.513207,-1.232478,1.402614,-1.189848,-0.395721,-0.172409,1.452406,0.639858,1.359296,-0.028999,-0.594891,1.274246,-0.032431,0.068678,0.290436,1.419836,0.176477,-1.626894,-0.037378,-0.327108,0.309028,-0.259421,-0.436698,-0.393062,-0.257367,-0.070726,-0.379885,-0.767169,0.147858,-1.802292,-0.945024,1.363857,2.275407,2.544041,1.186493,-1.448293,1.969555,1.178536,1.522689,-0.228852,1.767954,-1.424172,0.98247,-0.502215,-0.193585,0.153245,-0.595256,-0.364977,-0.153399,-0.415012,-0.474034,0.092402,0.080364,0.72582
XZ2019,-0.26713,2.477809,-0.234437,-0.584882,-0.22681,0.946142,-0.281282,0.969389,0.919178,1.45212,1.807149,0.529477,0.022802,2.356079,0.022968,0.994684,1.355222,0.664754,0.88604,2.040207,1.080985,0.473589,1.682398,1.555504,1.81396,1.99687,1.56839,0.271183,1.200972,-1.902788,1.280234,0.953936,-0.177219,1.801749,2.489217,1.736694,1.779346,0.752169,-1.124364,-0.132318,-0.014734,-0.325026,-1.697817,0.916253,-2.548928,1.012444,0.632484,0.292779,0.573137,-1.781278,-1.242843,-0.93258,-0.183383,-1.163606,-0.411578,0.59682,1.042147,0.924809,1.610997,1.836123,2.088344,0.993532,1.209932,1.111322,-2.139236,-0.483576,-2.694163,-1.769152,-0.430139,0.167843,-2.265395,-0.627405,1.844102,0.509546,1.009682,-1.823335,-0.617984,0.761949,0.023342,-1.43448,-0.370091,0.136962,1.104584,0.458788,0.34795,-0.591309,-1.219624,0.05674,0.135592,-0.465435,0.29683,-0.695258,-0.53287,-0.190103,-0.311039,1.18358,-0.475516,-1.327297,-0.719535,2.347112,-0.735778,-0.8502,0.632859,0.679978,-0.644013,-0.483819,1.01142,-2.430217,-0.03092,0.456522,0.563526,-0.498623,0.158697,0.249393,-0.251917,-0.511729,-0.578357,0.638046,-0.287824,-0.432639,0.966758,1.906829,0.026489,-0.317086,0.238757,-0.105551,0.118129,-0.213995,1.326075,-1.497427,1.346069,1.480743,0.628503,0.807832,0.207675,0.992777,0.875792,0.879613,1.103656,-0.048398,1.490846,2.996699,0.465618,0.37413,-0.902486,0.713988,-1.840204,0.078872,0.725759,-0.850469,-1.391684,0.658044,-1.463504,-1.215773,-0.702653,-0.062757,0.538734,-0.152757,0.087626,0.385816,1.667113,-0.555262,1.667788,0.036195,0.896977,0.852092,0.467493,0.720271,0.965002,0.971544,0.885149,0.935869,-1.028548,-1.483997,-1.169393,-1.079987,0.384853,0.632061,-0.334184,0.789464,1.543963,0.473704,0.174212,0.842925,-1.009066,0.892215,1.452497,1.9662,0.633533,0.383578,-0.509671,-0.348228,1.772916,-0.853275,0.074386,-0.794819,0.361208,0.65966,-1.983355,-0.162549,-0.268725,-0.465514,-1.407725,-0.203491,-1.414936,-0.814296,-1.806274,1.658126,-0.487635,0.265646,-1.563813,0.502373,0.622051,-1.19198,0.617788,-0.276932,-1.031947,-0.938054,-0.286774,0.307436,0.238818,0.686567,0.833739,0.997087,0.845347,0.326475,0.18225,0.587041,0.04242,-0.959274,-0.522295,-0.776064,1.370191,-0.604868,-0.176138,-0.415287,-0.238727,-1.460856,-0.86618,-0.684039,-0.956111,-1.041042,-0.057762,0.620183,-2.244234,0.142986,-0.360942,-0.949658,-0.180003,-0.113469,-0.868645,0.19829,1.075033,0.553122,-0.092201,0.627504,-0.835157,0.622653,0.555856,1.480573,0.418868,-1.271981,1.051494,-0.735682,0.519369,1.783734,-1.075132,1.788782,0.770925,1.586512,-2.189751,0.988986,0.939816,-1.459085,-0.684029,-0.236712,-0.597956,-0.610912,-0.51817,-0.546645,-1.716523,-0.355752,0.391194,-0.412523,0.950911,0.721706,1.381476,0.022354,-1.493152,-1.589274,1.210709,-1.037548,-1.495327,0.12762,-1.840277,-0.227757,-1.051896,-1.51854,-1.005906,-0.126484,-1.736386,-1.971291,-0.181939,-1.18698,-0.217716,0.777175,-1.092053,-0.127939,0.392615,0.994495,-0.270123,-0.4081,-0.682744,-1.023618,0.951216,1.307556,-0.168705,-1.467055,-1.678807,-1.519862,-0.44149,1.214477,-1.036917,-0.80581,-0.25637,0.767022,-0.855656,0.143822,0.411792,0.56138,1.173192,-0.719421,-0.861022,-1.546033,0.261026,0.961715,0.468709,-1.461042,0.180709
XZ2211,-0.768098,-0.965159,-1.512796,-0.113811,-1.121639,0.268899,0.046464,0.017256,-1.15187,0.285903,1.644278,-1.476967,-1.779121,0.157486,-1.074372,-0.172864,-1.065914,-0.252764,0.884158,0.839609,0.476686,-1.555324,0.813748,0.380881,0.44364,-1.157469,0.189763,-1.557155,1.336365,-1.517439,1.83218,-0.449139,1.683363,0.526909,-0.739173,0.227082,1.453599,-0.328077,0.158092,-0.483074,-0.036255,1.514208,0.424372,-0.40827,-0.392364,-1.410315,0.551082,-1.588778,-0.003356,-0.57253,-0.106126,1.065928,-0.579752,0.120332,0.65307,1.231725,0.424543,0.498758,-1.440016,0.878222,0.859084,-0.47268,0.341245,-1.316171,-0.640747,-1.134836,-0.192021,0.191158,-0.197851,-0.81463,-0.453955,0.111745,-1.023165,-0.054326,0.665507,-0.821472,0.525374,-0.139117,-1.685381,-0.798829,-0.384467,0.844878,0.03507,-0.313737,1.285968,-1.100128,0.966585,0.334989,0.145352,1.520322,-0.663181,0.286758,-0.565013,0.086161,0.02481,-0.05407,-0.192903,0.516183,-0.571653,0.710155,0.488308,0.220558,-2.198481,-0.11226,-0.055714,1.389619,1.211677,-0.507161,0.808969,0.575665,-1.047083,-0.020714,0.381356,-1.577573,-0.094083,0.133093,-0.369629,-1.355216,0.041505,-0.007371,0.714493,-1.140718,-1.061469,0.708934,1.365134,0.802491,0.397057,-0.339346,0.085125,0.53922,1.027251,-0.416451,-0.689954,-0.633017,-0.306753,0.737864,-0.510201,0.253314,0.57967,-0.051012,-1.621104,0.173549,-1.650316,0.230623,-0.348593,0.935136,-0.792642,-0.214886,0.050163,-1.776417,0.038443,-1.537441,-0.921816,-0.000425,1.646983,0.593401,0.294053,0.004737,-0.072909,0.350088,0.926426,-0.30033,1.348142,0.379578,1.585359,1.027222,1.558109,-0.08656,0.855691,0.072578,1.801728,-1.305648,-1.277276,0.652786,-0.680791,0.910935,0.989216,-1.427558,-1.465372,-1.478712,-0.50266,2.057535,-0.615828,-0.31132,0.548135,0.540369,2.27178,0.631864,0.127381,-0.061512,-1.052854,0.446906,2.285739,-0.359999,0.760216,0.281963,-1.362371,-0.530513,-0.392225,-0.851553,-0.375616,-1.06198,-0.723013,-0.041797,-1.774744,-1.047827,-1.123019,0.153352,0.386209,-1.741896,0.11782,-0.211414,0.323258,-0.652622,-0.075789,0.249258,-0.912365,0.435671,1.023918,-0.883393,1.697797,-1.638348,-1.066427,0.745873,-0.125088,0.773662,0.058685,1.027969,2.241705,-0.467829,-1.301492,0.641173,0.60917,2.055199,-0.658166,-0.086345,-0.856264,-0.222769,-0.040427,-0.698253,0.058814,-0.023634,0.07457,0.216699,-0.799254,0.243776,-0.50053,-1.510077,-1.437913,0.426862,1.243576,-1.482858,-1.882485,1.475085,-0.419947,-0.314954,-0.01189,-0.358873,-0.46116,-1.337375,-0.865383,-0.257592,-0.262383,0.378082,-1.002155,0.22214,-0.316599,-1.018414,-1.415496,-0.508397,-0.056374,0.254177,-1.420162,0.069217,-0.222522,0.306687,0.061155,-2.123256,1.43676,0.453949,-0.506697,-0.07089,-0.677681,1.924192,0.585499,1.267648,0.008527,-0.171072,-0.644154,2.085483,0.086612,-1.320653,0.555044,0.186655,1.748832,1.432821,0.196106,-0.947939,1.053469,-0.877745,-1.893567,-0.108815,-0.743758,-0.629573,-0.723323,-0.052843,0.939544,-0.359555,-0.810079,-1.760781,-1.831235,0.497448,-0.577792,-0.723241,-0.749819,-0.885148,-0.957065,0.004034,-1.524576,0.633603,0.21811,-0.432176,-0.368693,0.393388,-0.704195,0.09109,-1.29011,-0.083277,0.313429,-1.380401,1.299658,0.214824,0.399232,-0.734584,0.281342,-0.638096,0.478026,0.944609,0.217846
