strain,sim_0001,sim_0002,sim_0003,sim_0004,sim_0005,sim_0006,sim_0007,sim_0008,sim_0009,sim_0010,sim_0011,sim_0012,sim_0013,sim_0014,sim_0015,sim_0016,sim_0017,sim_0018,sim_0019,sim_0020,sim_0021,sim_0022,sim_0023,sim_0024,sim_0025,sim_0026,sim_0027,sim_0028,sim_0029,sim_0030,sim_0031,sim_0032,sim_0033,sim_0034,sim_0035,sim_0036,sim_0037,sim_0038,sim_0039,sim_0040,sim_0041,sim_0042,sim_0043,sim_0044,sim_0045,sim_0046,sim_0047,sim_0048,sim_0049,sim_0050,sim_0051,sim_0052,sim_0053,sim_0054,sim_0055,sim_0056,sim_0057,sim_0058,sim_0059,sim_0060,sim_0061,sim_0062,sim_0063,sim_0064,sim_0065,sim_0066,sim_0067,sim_0068,sim_0069,sim_0070,sim_0071,sim_0072,sim_0073,sim_0074,sim_0075,sim_0076,sim_0077,sim_0078,sim_0079,sim_0080,sim_0081,sim_0082,sim_0083,sim_0084,sim_0085,sim_0086,sim_0087,sim_0088,sim_0089,sim_0090,sim_0091,sim_0092,sim_0093,sim_0094,sim_0095,sim_0096,sim_0097,sim_0098,sim_0099,sim_0100,sim_0101,sim_0102,sim_0103,sim_0104,sim_0105,sim_0106,sim_0107,sim_0108,sim_0109,sim_0110,sim_0111,sim_0112,sim_0113,sim_0114,sim_0115,sim_0116,sim_0117,sim_0118,sim_0119,sim_0120,sim_0121,sim_0122,sim_0123,sim_0124,sim_0125,sim_0126,sim_0127,sim_0128,sim_0129,sim_0130,sim_0131,sim_0132,sim_0133,sim_0134,sim_0135,sim_0136,sim_0137,sim_0138,sim_0139,sim_0140,sim_0141,sim_0142,sim_0143,sim_0144,sim_0145,sim_0146,sim_0147,sim_0148,sim_0149,sim_0150,sim_0151,sim_0152,sim_0153,sim_0154,sim_0155,sim_0156,sim_0157,sim_0158,sim_0159,sim_0160,sim_0161,sim_0162,sim_0163,sim_0164,sim_0165,sim_0166,sim_0167,sim_0168,sim_0169,sim_0170,sim_0171,sim_0172,sim_0173,sim_0174,sim_0175,sim_0176,sim_0177,sim_0178,sim_0179,sim_0180,sim_0181,sim_0182,sim_0183,sim_0184,sim_0185,sim_0186,sim_0187,sim_0188,sim_0189,sim_0190,sim_0191,sim_0192,sim_0193,sim_0194,sim_0195,sim_0196,sim_0197,sim_0198,sim_0199,sim_0200,sim_0201,sim_0202,sim_0203,sim_0204,sim_0205,sim_0206,sim_0207,sim_0208,sim_0209,sim_0210,sim_0211,sim_0212,sim_0213,sim_0214,sim_0215,sim_0216,sim_0217,sim_0218,sim_0219,sim_0220,sim_0221,sim_0222,sim_0223,sim_0224,sim_0225,sim_0226,sim_0227,sim_0228,sim_0229,sim_0230,sim_0231,sim_0232,sim_0233,sim_0234,sim_0235,sim_0236,sim_0237,sim_0238,sim_0239,sim_0240,sim_0241,sim_0242,sim_0243,sim_0244,sim_0245,sim_0246,sim_0247,sim_0248,sim_0249,sim_0250,sim_0251,sim_0252,sim_0253,sim_0254,sim_0255,sim_0256,sim_0257,sim_0258,sim_0259,sim_0260,sim_0261,sim_0262,sim_0263,sim_0264,sim_0265,sim_0266,sim_0267,sim_0268,sim_0269,sim_0270,sim_0271,sim_0272,sim_0273,sim_0274,sim_0275,sim_0276,sim_0277,sim_0278,sim_0279,sim_0280,sim_0281,sim_0282,sim_0283,sim_0284,sim_0285,sim_0286,sim_0287,sim_0288,sim_0289,sim_0290,sim_0291,sim_0292,sim_0293,sim_0294,sim_0295,sim_0296,sim_0297,sim_0298,sim_0299,sim_0300,sim_0301,sim_0302,sim_0303,sim_0304,sim_0305,sim_0306,sim_0307,sim_0308,sim_0309,sim_0310,sim_0311,sim_0312,sim_0313,sim_0314,sim_0315,sim_0316,sim_0317,sim_0318,sim_0319,sim_0320,sim_0321,sim_0322,sim_0323,sim_0324,sim_0325,sim_0326,sim_0327,sim_0328,sim_0329,sim_0330,sim_0331,sim_0332,sim_0333,sim_0334,sim_0335,sim_0336,sim_0337,sim_0338,sim_0339
CB4851,-1.35247,-0.808358,-0.082945,-0.256078,-0.158028,-1.113405,0.532156,-0.158184,-0.992044,0.459394,0.088361,-0.074168,0.623828,1.615045,-0.236438,-0.846204,-1.360929,0.240685,-0.858457,1.982012,0.609164,0.4547,-0.484157,1.017296,-1.206729,0.384637,0.299812,0.108195,-1.409197,1.627585,-0.43447,-0.954223,-0.457394,0.949997,0.153386,-0.107823,0.453686,0.976737,0.205617,0.802967,0.581772,-0.067185,0.679582,-1.166578,0.071376,-0.409186,0.671102,1.435064,0.376486,-0.941852,-0.087432,-1.488721,-1.420668,-0.486609,-0.649872,0.896387,-1.145145,2.544377,-0.549707,0.534181,-0.185551,-1.256822,-0.236842,0.852141,-0.384622,-0.240591,0.692421,0.803383,0.758212,-0.082878,0.916518,0.545597,0.144086,0.089762,-0.267047,1.844308,1.122225,0.658941,2.170124,0.287578,1.568694,0.554975,0.192549,0.7876,-0.352093,-0.684989,-1.171078,0.829582,0.447901,-0.01117,1.916873,1.721502,-0.267039,0.422912,1.283826,1.244477,0.609276,0.053739,1.041705,0.829717,-0.909361,-0.021495,-0.664438,-1.05394,-0.561061,-1.347863,-0.721515,-0.399744,-0.53841,-1.45556,2.499757,-0.354567,1.134798,-0.814467,-0.203167,-1.435428,-0.844442,0.338596,0.170368,0.586756,-0.892754,0.743758,-1.330046,-1.757436,-0.180059,-0.330807,-0.883177,1.538973,1.132804,-0.474874,-1.778158,-1.044843,0.63152,0.427848,-1.218437,1.752843,0.86589,0.872503,1.368835,0.607083,-0.410443,1.088399,2.522587,0.663118,1.026819,0.607239,-0.118448,0.036424,-1.408733,-0.119537,0.611819,-0.414794,-0.176234,-0.210103,-1.025812,1.373433,-0.722756,1.886829,0.204456,2.37709,0.391397,-0.272092,0.005785,-0.511597,0.9687,-1.127319,-0.629554,-0.858723,-0.048225,-0.873132,-0.229719,-0.157172,-1.919727,-2.327937,-0.70675,-1.783794,-0.125073,0.355038,-0.4079,0.446777,0.622647,-0.274685,-0.758791,-2.011505,-0.069291,-0.597805,-0.590975,-0.399564,-0.124586,-1.895782,-0.864871,0.402535,-0.153689,-1.205898,0.26109,-0.589332,-0.12021,-1.498036,-0.002974,1.00013,-0.580805,1.412803,-0.04883,0.862522,0.886704,0.068295,0.572148,-0.480059,0.011911,-1.753919,1.097663,-0.707957,-0.735659,0.098547,-0.933158,-0.846169,0.446472,2.032649,-0.591501,-1.26127,-0.610341,1.130277,1.295996,1.508693,1.040562,-1.001086,-0.170322,0.362521,-0.926283,-0.747789,0.808135,-2.172959,-0.501483,0.011301,0.259869,1.754503,0.21571,-0.903351,0.094387,1.019394,1.029881,0.427518,-0.65203,2.177796,-0.276938,0.269201,-0.437381,0.37142,1.390139,-1.328916,1.16425,0.85351,-0.8383,-0.582636,0.449197,0.025718,-1.827291,-0.604692,-0.614448,-1.066021,-0.01856,-0.090179,-0.263861,-0.521962,0.010193,-0.925721,-1.687336,-1.499498,-0.566095,0.047396,0.308439,-2.270991,0.459943,0.156629,1.115686,0.569505,-1.615944,0.063649,-0.165169,2.233871,-0.003218,0.362493,0.268765,0.115973,0.449843,0.2155,0.938257,0.594897,1.396878,-1.83918,1.887327,0.633774,0.406071,0.86691,1.065672,0.791925,0.282746,-0.640809,0.043283,0.127045,0.566158,1.255679,-0.268171,0.556739,0.364345,0.628768,-0.040027,-0.564449,-0.977481,-1.953461,-0.1378,-0.763794,0.106489,-0.460644,1.435647,0.648766,0.130998,0.212832,0.033292,0.617128,-0.088931,-0.320878,-0.913144,-1.114236,0.054116,0.98467,-0.215832,1.225474,-0.840807,-0.937862,-0.616331,0.114081,-1.075931,0.006434,1.009938,-1.051247,0.493777,-0.679727,0.6731
CB4856,0.357042,0.527926,-2.046121,0.09806,-0.396045,-0.673801,-0.098844,-0.711735,0.004512,1.794923,2.414013,0.051809,0.193636,-0.20823,0.695896,0.895437,1.66534,1.808232,-0.482332,-1.671769,0.466259,-0.299206,-0.839383,-0.226646,0.643978,-0.496577,-0.527886,0.167742,1.367933,1.413863,-0.933657,0.434739,-0.323418,-0.979651,-0.904148,-0.121457,2.290647,0.678987,-0.326805,-0.67639,0.133153,-1.029199,-0.233274,0.06716,-0.414673,-0.37172,1.215305,-0.087517,-0.398575,-0.585282,-1.730487,-0.683671,0.116531,-1.767773,0.37895,-0.404349,0.542715,0.319823,0.181088,-1.168053,0.320671,0.431347,0.52512,0.867367,-0.230962,-0.409428,-0.730131,-0.406962,-0.829973,-0.935319,-1.332157,-0.271489,-0.416783,-0.350821,-0.008905,0.112336,2.070143,-1.12366,0.43449,-0.312731,0.710719,0.142899,0.631134,-0.415076,1.192425,2.91126,1.146947,1.448182,1.275379,1.319404,-0.153003,-0.388388,-1.245815,-0.67115,-1.334766,0.933857,-0.056442,-0.951388,-0.829146,-2.137882,-1.588007,-1.393829,-0.959434,0.986385,-0.814098,1.483474,-0.124584,0.165158,1.143352,1.619857,0.987337,0.442388,1.981294,0.741146,1.744558,2.304825,2.227667,-0.721725,-0.453635,-0.930754,-0.54179,-1.860431,0.640629,-0.91562,-2.33112,0.299191,-1.022208,-0.024794,0.327239,1.544657,-0.910256,1.106346,-0.074769,-1.588596,-0.359727,1.277571,1.246428,-0.606016,-0.049265,-0.285093,0.494335,1.868959,0.284523,0.200108,0.572862,-2.526011,-0.532926,-1.166934,0.955756,0.723499,2.026987,2.565182,1.952722,-0.869655,-0.379308,-2.079382,-0.35,-1.572261,0.088899,-0.549918,-0.017777,-0.434761,1.985063,-1.410239,0.848452,0.979537,-0.519854,-2.39524,0.583302,0.056716,-0.119641,1.002704,0.598024,1.497195,0.366482,1.524189,0.047115,2.086441,0.830769,0.984566,0.921466,0.152564,-0.127159,0.165142,0.711459,0.158534,1.487252,0.208816,-0.833627,-1.424083,1.066562,0.313911,-0.447091,-0.643327,-0.195188,-0.994978,-0.535612,-0.638271,-0.234252,1.732143,-0.006936,-0.9054,0.707581,0.168737,1.050479,0.234548,-0.138819,0.669494,0.093376,0.450363,2.031634,1.303696,0.886304,0.250874,1.207302,1.179473,0.360575,0.217391,1.294693,0.55696,-2.011716,0.907945,0.184233,0.16931,-1.023938,1.259029,-0.4013,1.926315,0.583082,-1.153662,0.815909,0.817794,-0.212552,0.063706,0.212904,0.17183,-0.671657,-0.666972,-0.371463,0.756247,0.409263,-1.550185,-0.570826,1.868748,-0.902654,-1.934625,0.221151,-0.632654,-1.319165,0.183467,-0.856131,-0.89408,-2.283051,1.098705,0.339211,0.510366,-3.099745,0.4341,-0.575302,-0.357125,0.321484,-0.258189,0.476344,-1.438975,0.033232,0.102506,-0.486652,0.885046,0.501521,-0.619689,-0.610935,-1.175371,0.165906,1.947108,0.018595,-0.699832,-0.706005,-1.517709,-1.836303,0.625968,0.563911,-1.226124,-0.169899,-2.212432,0.89368,-0.592409,-0.326104,-1.29535,-0.312702,-0.256362,-1.571853,1.586859,0.780747,-0.002031,-0.89341,-0.514598,0.225272,-0.300975,-1.53668,-0.835197,-0.157328,-1.007638,-0.268907,-1.433764,-0.035391,-0.452183,0.680185,2.855787,0.233713,0.90009,0.328019,0.061487,1.223394,1.546459,1.953295,-1.208496,0.666857,-0.286097,0.082387,0.673107,-0.580673,-0.962246,-1.09762,-1.541082,-0.077661,1.802732,0.060709,-1.022664,1.076862,0.329004,-0.733278,-0.740248,-0.457082,-0.674079,1.727717,-0.34713,0.488354,0.176826,-0.255876
DL238,0.051689,-0.502925,-0.016004,2.002953,1.140517,0.710054,-0.284922,-0.207719,0.831735,-0.815811,1.051267,-0.209095,0.583836,0.69778,-0.513097,0.265585,1.005631,2.48524,0.141694,0.129603,0.181942,-0.011902,-0.505055,-1.804433,0.210596,-0.944903,-0.789573,0.020804,-0.017842,0.279884,1.800543,-1.691991,-0.161841,-1.106163,-1.129029,2.182355,-1.581863,0.140345,-0.244804,-1.055102,2.233757,-1.849439,1.141598,-0.272146,-1.794406,-2.534661,-0.245789,0.485591,0.689613,-1.209569,0.965263,-0.678679,-0.381091,-0.247732,0.277101,-0.268221,1.389241,-1.138621,-0.031123,-1.306448,-0.625761,0.698472,0.145665,0.360792,-0.129806,2.957853,-0.151164,-1.110999,0.347317,-0.090365,-1.293085,-1.782253,-0.730887,-0.204497,-0.759728,0.664301,0.016708,-1.482,0.587377,1.254626,0.609218,1.617802,-0.248978,-1.246873,0.020443,-0.187316,-1.729654,-0.74339,-1.47328,-0.362625,0.058021,-0.179457,0.026559,-0.232266,-0.178925,1.470213,2.368522,0.633147,2.308437,-0.004231,2.010772,-0.118579,3.026254,1.996359,-0.095606,-0.007688,-0.323992,1.527918,-0.819432,-0.665324,-0.191743,-0.517216,-1.078683,-0.652008,0.035154,-0.900818,-0.705004,0.115389,-1.0199,0.85752,-2.08054,0.175183,0.084869,-0.295925,0.241248,-0.770256,-0.334716,0.516096,-1.219326,-0.544337,-0.252398,-0.465316,-1.393292,-0.288082,-1.034364,0.579819,0.741754,-0.744724,-0.834616,0.887175,0.605346,1.582198,1.754678,-0.111423,-0.93705,0.135688,0.983038,0.987534,0.248872,1.347408,1.251337,1.528431,-0.454864,-0.454668,-0.786633,1.265708,0.589688,0.489955,-1.5502,-0.353032,-0.519115,-0.24358,0.872166,1.425726,0.381195,1.479887,2.309758,0.4219,1.698639,-0.119745,0.564649,1.599792,-0.438757,1.377351,0.532457,0.353464,1.319698,2.04695,1.796757,0.745119,0.197319,-0.019154,-2.332541,-0.547513,-0.80182,-1.974042,-1.835636,0.326394,-2.11588,-0.73797,0.737591,0.580844,-1.183575,-1.893608,-0.64345,-1.145947,-0.184033,0.070459,-2.125996,-0.499288,-0.404877,-0.524281,0.027528,1.350285,0.454247,1.065921,2.008136,0.087337,-0.307878,-1.614103,0.219608,-1.31733,-1.312615,0.150682,0.156486,-1.422298,0.704006,0.367881,0.592396,0.607251,-0.063435,-0.740861,0.17781,1.076652,1.926855,0.799492,0.009159,-1.081617,0.146293,0.467586,-0.069345,0.833016,0.381506,-0.169647,-0.210308,0.444619,-1.139803,-0.611027,1.339982,-0.637256,1.014869,0.777712,0.886447,1.518707,-0.880504,-0.015546,-1.339243,-0.149194,-1.345286,-0.261213,0.003092,-0.749799,-1.003708,1.000769,-1.987155,-0.904533,-1.15124,-1.112895,-0.03056,0.670078,-1.222932,-1.731017,0.228173,1.120846,2.169581,0.892281,0.341314,-0.479851,1.056225,0.957765,-0.2301,1.247475,0.544403,-0.509214,-1.312402,0.822439,0.614872,-0.155693,-0.936273,-0.473503,-2.301861,-1.503435,-0.724899,0.378169,-0.107532,-2.146661,-1.430295,-0.758159,1.513811,-1.009538,0.221378,1.156192,1.661672,2.249014,0.01594,0.803517,1.87984,-1.279231,0.011626,0.229567,0.754365,1.052561,-2.028568,-0.23091,0.550644,-1.586697,-2.648018,-0.269449,0.05175,-1.206956,-0.892765,0.104848,-1.464568,-0.555069,0.663649,-0.066717,0.116183,-1.192058,1.428086,-0.436064,-0.29762,0.225401,-0.42592,1.018817,-0.062083,-0.292644,0.841729,0.554322,-0.46578,-0.126035,-0.771458,-1.103176,-0.097922,-0.124972,0.742462,0.324156,-0.788025,-1.212759,-0.265394
ECA1194,1.599163,0.155311,0.393425,0.799712,0.543571,2.022193,1.428863,2.409292,0.900338,0.474661,0.218615,-0.36589,0.047107,0.114039,-0.68994,0.067181,-0.157686,1.240442,-0.964766,-0.264095,-1.758944,0.812406,-1.255422,-0.507483,0.212982,-0.298354,-1.289902,0.907439,-0.39215,-0.579408,-1.378488,0.824447,0.16932,1.723058,1.481096,2.283539,0.681768,0.557575,1.023725,-0.307716,-0.170269,-0.050841,0.276029,-0.68093,0.430348,-1.055415,-0.171932,1.153063,0.017001,2.703327,-0.7507,1.941245,1.859376,0.795974,0.311807,-0.109205,-0.508289,-0.2768,0.588338,-0.239791,-0.107741,-2.129583,0.204456,0.604487,-1.325165,0.54056,-0.106205,-0.301034,0.632531,0.625942,-0.309289,-2.174745,-1.440615,1.907232,-0.313138,-0.342785,0.93702,-2.015882,-1.072376,1.579787,-0.972566,-1.010319,0.977542,-0.889602,-1.562028,-0.238602,-0.870862,1.032708,-1.011385,0.709195,-1.177075,0.773574,-1.278511,0.498469,-0.998657,0.019227,0.082453,-1.138207,1.100712,0.63942,-1.53208,-0.526064,-0.673942,-0.418194,-2.023519,-0.153905,-1.719669,-1.029137,-0.588811,0.390396,-0.29269,-1.394986,-1.926193,-0.077751,1.156343,0.038032,0.986542,-0.362248,0.518692,-0.511178,0.053623,-0.219135,-1.129081,-0.283753,0.765303,-0.04917,-0.608421,0.143165,0.421285,-0.881979,0.69171,0.069279,0.086428,1.064837,-1.059424,-1.475762,0.75508,-0.032477,-0.16008,0.182936,-1.597393,0.927468,-0.858089,-1.015693,0.440568,0.038744,0.023742,-0.260798,-0.024419,0.832576,-0.151964,-1.149092,-2.520135,-0.028631,0.154015,-1.183404,1.067563,0.528744,-0.898951,0.534688,0.851431,-0.684423,0.927348,1.318657,-0.496195,0.24808,0.714341,0.633844,-0.849953,-1.401936,0.274434,0.576233,1.285459,-0.081863,0.28554,0.581569,-0.091607,-0.42539,0.229596,-1.108723,-0.628721,0.676248,-0.564697,0.579792,-0.341752,-1.120832,-0.683767,0.559345,-0.442286,-0.606865,-0.793039,0.696384,-0.105155,1.107687,0.322535,-1.149851,-0.093603,0.285445,-1.026197,-1.266933,1.163895,-0.166542,0.265176,0.227081,-1.029204,0.581068,-1.047422,0.280337,-1.820743,1.012639,0.237697,-0.102617,-0.498188,0.85761,-0.857147,0.072811,-0.222046,-0.415874,0.459394,0.095578,1.552693,0.984691,-2.233704,-1.206666,0.661287,-0.068162,-0.411873,1.799059,1.005949,1.147812,0.518173,-0.828502,1.082087,0.354043,0.384091,-1.20218,1.126924,-0.952342,-0.187576,-0.9441,-0.66901,0.119704,-0.103024,0.958718,-0.971511,1.979157,0.958795,-1.375453,-1.011541,-0.529172,-0.351699,-1.75433,-1.356085,-0.319736,1.187809,-1.614026,-1.111984,-0.598204,-0.740911,-1.119657,-0.278421,-0.626008,0.687983,0.445077,2.696341,1.210229,-0.066135,1.371667,0.258719,0.383873,-1.579965,0.246552,0.636117,-0.188267,-1.191962,0.611606,-0.692138,-0.552751,-1.773507,-0.59582,0.57808,0.592128,-0.247391,0.313014,2.071543,1.025084,1.843066,-0.366704,0.540957,-1.892124,-1.233645,-1.508199,-0.180521,-1.078929,-0.467182,-0.531363,-1.017581,1.952301,-0.689278,0.104294,1.679524,-0.446615,-0.254551,0.158238,0.814024,1.096061,1.168167,-1.039781,-0.001239,0.736306,0.594653,-0.628489,-1.155819,-0.910088,-0.869669,0.202743,1.193418,-1.0304,0.248471,0.14797,0.921589,0.466816,1.386121,1.351718,0.157488,-0.126659,-0.638697,2.052796,0.489206,0.052477,-0.947288,-0.024738,0.847757,-0.53943,-2.908469,1.317345,-0.262798,0.747074,-0.32275
ECA1206,0.625708,0.977786,0.320337,0.917517,0.446253,0.669459,1.541037,1.100645,1.70737,0.87272,1.153475,-0.143384,0.104411,0.244527,-0.64714,0.277137,0.178213,1.029603,1.53674,-0.197039,0.605892,0.254682,0.145922,0.596087,2.217692,0.991084,1.305557,1.564944,2.376732,2.002763,0.441829,0.769017,0.885431,0.440401,1.474892,1.688453,0.605499,-2.110579,0.932323,0.908303,0.562472,2.287502,2.481048,1.601149,2.373239,0.021747,-0.341512,0.188124,0.025644,-0.064453,-0.946502,-0.52384,0.500909,-1.832889,0.588313,-0.177882,0.683466,0.787752,-0.592756,0.054357,-0.292353,0.818328,1.28917,-0.458061,1.898646,0.93465,0.445532,2.676065,-0.305035,0.713565,-0.255866,-0.693853,0.748357,1.062187,1.707001,0.834646,2.422371,0.976061,2.602068,1.290149,0.750201,0.912547,0.320523,-1.081027,-2.366808,0.640017,-0.319878,0.085792,-0.543749,-0.827219,-1.809261,-0.332813,-1.403723,0.484097,-0.067674,0.587169,-1.106061,-1.222123,-0.668291,-0.463258,2.39075,-0.210726,2.129817,0.220317,-0.037989,1.541344,-0.288128,1.386256,-1.381949,-0.745136,0.692878,-2.022398,0.877449,0.261717,0.205721,-0.280159,-0.314831,-2.077567,1.678967,0.101983,0.105011,-0.250587,1.300614,0.927633,-0.569564,-1.126591,-0.965547,1.670957,2.962336,-0.089323,2.044026,0.75572,0.296577,1.620995,2.754019,0.074579,-0.300933,0.706298,-1.625875,-1.803525,-1.162166,-0.497334,-0.315954,-0.064671,-0.248935,1.033608,0.53669,1.545498,-0.199172,-0.291446,0.38862,0.729243,1.141032,3.806681,-0.244693,-1.991401,1.521775,0.435755,1.860473,0.59461,2.055179,1.10388,-0.42715,-2.005589,1.20588,-1.209419,-0.723605,1.800576,-0.166321,-0.890106,-0.594863,0.803984,0.251265,-0.903913,0.113312,-0.118868,-0.490933,-0.816541,-0.647543,-0.479891,-0.630778,0.037224,-0.611449,0.247022,-0.52649,0.624991,-1.830651,-0.384142,-0.197,0.665737,-0.515095,-0.773597,0.268031,-0.991819,-1.125477,-0.308713,-2.336257,-1.507961,-0.133989,-0.44749,-0.856898,-0.859118,-1.136391,-1.188559,-0.360265,-0.094567,0.199314,1.001611,-0.883058,-0.707778,-1.423894,-0.032471,0.872001,-1.992608,-0.549465,-0.132471,-0.324976,0.953294,-0.514442,0.303061,0.383033,-0.467031,-0.91171,0.267294,0.253393,0.360896,-1.23639,-1.121409,-0.114873,1.628257,1.743409,1.219623,0.955275,0.251402,0.199917,-0.704785,-0.212386,-0.215718,-0.374794,-1.042011,-1.823053,-1.173535,-0.591255,0.445084,-0.580645,-0.461877,-0.113147,1.121472,2.011255,0.576419,1.388012,1.949762,0.15716,-0.957964,1.314214,1.372737,-0.35575,-0.205656,-0.627384,-0.821189,-0.841178,0.645739,0.264723,-1.659276,-0.20412,-1.149272,-0.305897,-1.499419,0.182652,-1.274742,1.064141,1.022999,-0.229129,0.657445,0.583163,1.401343,2.183395,0.059239,-0.553572,-0.851137,-0.465145,-0.911694,0.388884,-0.271279,-1.788923,-0.491422,-0.717915,-1.803663,1.525332,-0.611028,-0.360562,0.980234,0.22227,-1.175525,-0.324713,0.143465,0.149115,0.674286,3.158183,0.859563,-0.584033,0.165447,-0.642926,0.114709,1.453816,0.480888,0.656338,-0.491678,-1.115627,-1.454162,0.571883,-0.824809,-0.125212,0.229244,0.430376,-0.98019,0.461887,0.293874,1.428905,2.295915,0.810149,0.194845,1.381585,-0.063199,-1.078318,1.688918,-0.817852,-1.726062,0.162119,0.689293,-0.841771,1.210296,1.881936,0.458519,-2.652693,-0.099357,1.88572,-0.066585,-1.517393
ECA1212,1.026519,-1.484319,0.30879,1.593948,0.461586,1.420043,0.949074,1.091918,0.078452,1.381914,-0.283405,-0.145344,-0.794059,0.169968,0.022082,-0.336556,0.250815,-1.69707,-0.583585,1.13349,-0.388877,1.320455,0.4366,1.805875,1.022307,0.664147,1.806666,-0.20955,-0.474257,-0.587294,1.761061,1.330247,1.880905,2.182669,2.621906,2.189519,-1.27756,0.211794,-1.779555,0.231252,0.135736,-1.399687,1.184228,0.329039,-0.748588,-0.503418,-1.601812,-1.210428,-2.295228,0.512449,-0.280698,0.931623,-1.540996,-0.021083,-1.265065,0.851578,0.927048,0.082363,1.053678,0.917461,-0.580642,-0.503803,-1.090784,1.461053,-0.643588,-0.826736,-0.15117,0.981884,-0.070602,0.777248,-0.04509,-0.968169,1.039408,1.763487,1.560694,2.473734,0.047681,-0.023644,0.952324,0.058014,2.197643,-1.498633,-0.530113,0.882735,-0.215176,0.508505,0.591873,-1.251627,-0.903084,-1.423031,1.659151,0.899888,-0.430057,-0.039734,-0.078292,-0.136069,-0.752579,1.074719,-0.394366,0.102957,-1.329561,-0.553507,2.484597,0.124633,1.68165,0.940702,0.869574,-0.104525,0.772051,1.839325,2.351907,-0.513156,-0.002804,-0.516415,0.386661,-1.334691,0.28974,2.439927,-0.513641,-0.411054,-0.235303,-0.123841,0.038697,1.045493,-1.984593,-0.906237,0.318723,0.181099,0.583568,1.739224,-0.052886,1.36011,2.696994,1.356518,0.618438,-0.271578,0.71694,-0.699405,-0.716601,-0.740201,0.098333,0.113842,0.634083,0.409327,-0.298982,0.39915,0.569992,0.261391,-1.918396,0.268489,-1.434785,-1.317683,-1.504582,-1.218176,-0.946003,1.086564,0.758262,-2.230098,0.345222,0.123422,-0.631094,2.765804,0.878573,0.686031,-0.91379,-0.925428,-1.074754,0.070213,-1.746482,-1.348358,0.326126,1.132744,0.569133,0.536101,-1.853918,0.405618,0.013331,-0.157693,-1.336869,1.294882,0.58465,0.075452,-1.990343,-0.920988,-0.613537,-0.575401,-1.442771,-0.736314,-1.093187,-1.606865,-0.820084,0.64736,1.33697,-0.818368,-1.512321,-0.291593,-0.05647,0.285176,-1.035936,-0.265567,0.113216,-0.284243,-0.379324,-1.916541,-1.462896,0.977715,-0.566242,-0.612368,-0.489763,0.01731,1.227232,0.294523,-0.712803,-0.257855,-0.341734,0.02121,-0.306464,0.627002,1.468043,-1.714055,-0.684588,1.152722,-0.588293,0.194027,-0.154297,1.418567,-1.979879,0.148003,-2.260817,-0.519358,-1.011825,-0.227984,-0.206594,1.160518,0.00937,1.023313,-0.722852,-1.474887,-0.591879,-0.550364,-0.749912,-0.703109,0.167097,-0.350297,-0.573234,1.037139,1.049947,2.378416,0.516337,0.150096,1.30289,1.513992,-0.303789,-1.39651,0.246777,-0.761901,-0.077826,-1.364997,-1.251935,-0.772808,-0.897197,0.671159,-0.011468,1.39896,0.191597,-0.925467,0.890301,0.846115,0.722654,-0.4335,-0.450188,-0.110053,-0.33591,-0.637451,0.323622,-0.735821,1.623792,0.705636,1.786938,-0.950545,0.776139,0.3073,-0.767292,-0.11514,-0.172197,1.543239,0.117781,0.952559,-1.306885,0.213392,0.994174,1.565471,0.639778,0.573014,1.694784,-0.020216,0.038676,1.579735,-0.198698,0.898662,1.801521,2.759689,-0.239688,2.012052,1.027262,-0.355132,0.164693,0.917767,-0.704248,1.357975,-0.704429,0.592736,-0.307411,-0.560449,-0.815033,-1.09734,0.749034,-0.59361,-0.885071,-0.338899,-0.599985,-1.475593,-0.790804,-1.035623,0.086225,1.144483,-1.587436,-1.340488,0.200426,-0.746853,2.218951,0.54391,0.078715,0.472988,-1.466392,1.570106,0.987354,-1.930064,0.359391
ECA1232,1.481149,-1.104432,1.250091,-0.703178,0.27916,-2.206426,-1.241216,-0.294057,0.243985,0.910704,0.896512,2.161877,0.496019,-0.238478,0.007475,-1.118113,-0.707779,-0.191472,-1.488732,-1.44341,-0.461984,1.264004,0.967628,-0.71058,-0.028902,-1.066862,-0.941064,1.018033,1.805217,0.89801,2.062991,0.712838,0.330701,1.331904,1.057026,1.344233,-0.577072,1.796466,-0.124427,-0.53529,-0.523632,-0.007574,-1.511605,-0.728507,-0.126122,0.160513,1.570326,-0.722616,1.50686,0.242332,0.253766,-0.732166,-0.102099,-0.071017,1.603856,-0.996686,-1.579444,-0.152619,-1.075871,-1.031955,-0.461849,-0.605374,-0.772584,-0.543928,0.070696,1.103713,-1.323996,-0.509912,0.157986,1.160676,-0.532184,-0.301049,0.222201,-0.970407,1.042404,-0.00864,-0.993512,-0.504857,0.153888,0.575815,0.625815,0.305511,0.12372,-0.150074,-0.403367,-1.033684,-0.737495,0.064731,-0.318581,0.493236,-0.997411,0.069879,-0.958633,-1.217077,-0.385602,0.937843,-1.047215,-0.260863,1.450626,-1.395084,0.9204,1.014873,0.58599,0.597908,0.884733,0.374226,1.0835,-1.631849,0.028177,2.064163,-0.255434,0.699733,1.054677,1.339423,2.116808,3.273326,1.127221,0.435353,0.919335,0.2959,-1.245679,0.100494,0.398762,0.052181,-0.028951,0.364055,-0.839359,-1.002446,-0.731643,0.173031,0.741675,-0.202955,-0.326488,-0.734523,0.430005,0.931921,-0.095532,-0.095499,-0.144871,1.968273,-1.155587,-0.14485,1.560474,-0.007231,0.52862,1.117556,-0.094545,0.08336,-0.817806,0.863599,-1.277372,-0.183931,-0.609171,-0.761762,0.541552,1.358241,0.734509,-1.820991,0.081933,0.040698,-1.533082,-0.494094,-0.242633,-0.390669,0.479944,1.057527,-0.740581,-0.327927,-0.143185,-0.2331,-0.416152,0.345446,0.216666,-1.851165,0.159656,-1.570146,-0.246237,-0.034906,-1.89577,-1.11198,0.049273,1.79682,-0.572307,-0.717647,0.013002,-1.316294,-0.622437,-0.497429,-0.522144,-0.309783,0.693364,-0.545718,1.377041,-1.274236,-1.963461,0.596342,0.122647,-0.697918,-0.841799,-1.952575,-0.748717,0.099402,-0.519501,-2.523162,0.561156,-1.394449,-0.689627,-2.10351,1.473225,0.875035,-0.290965,-1.461643,-0.95176,-0.666728,0.356183,-0.654382,1.097998,-0.133547,-0.862145,-0.866058,0.988228,-0.013155,-0.4283,0.237657,-1.667537,-0.478636,-1.364334,1.41904,0.318269,0.633282,0.578778,-1.290299,0.508311,-0.759509,1.046894,0.856741,-0.041221,1.476883,-0.87955,0.04087,1.522561,0.663446,-1.355132,0.367803,0.430124,0.758692,-0.481098,0.986915,1.370845,-0.399094,-1.001452,-0.720293,-1.114953,0.12725,1.295664,1.10873,-0.328696,1.202855,1.143523,0.636334,1.792902,-1.436534,-0.415194,-0.810397,0.630196,-0.715689,-1.767963,-0.556177,-1.251679,-2.472073,-0.898297,1.004469,1.039049,0.397545,1.523734,0.132906,-0.371624,0.760979,0.902224,-1.096354,0.886422,0.078605,0.00755,0.247921,0.523455,0.561339,0.621588,0.569605,0.056606,-0.457546,-0.989643,0.004222,-0.161633,-0.229927,-0.198585,0.414144,1.201473,-0.111166,-0.482763,0.604885,1.043543,2.278755,1.53083,0.135644,0.979113,1.392302,-0.032308,-1.224754,-0.84197,-0.454747,-0.856683,0.593518,-0.883876,-1.02614,0.438447,2.076726,0.083731,0.775716,0.062387,-0.209916,-3.26035,0.259873,-0.344277,-0.026445,1.993116,-0.909108,2.263903,-0.861456,-0.913389,0.316774,-0.396936,0.19452,0.468245,0.546485,1.095595,0.911594,0.535568,0.419376,0.29382
ECA1240,-0.118702,0.591401,0.491124,2.039019,0.242348,-0.705087,1.445095,-0.030678,1.707033,1.721853,0.070508,-0.103585,0.588132,-0.41453,-0.556449,-0.016135,0.102613,0.156574,0.02786,-0.214701,-0.440729,0.994697,-0.712664,0.652468,0.837636,0.382408,0.545313,-0.46443,-0.611212,-0.077831,-1.142187,-0.218071,-1.145155,-0.328724,-1.030412,-1.117763,0.394581,-0.535098,1.18451,-0.41863,-0.089061,0.759686,-0.882939,-0.817257,-0.502962,-2.012786,-0.459787,-1.260348,-1.67826,0.848595,-1.057949,1.200601,-0.786272,-1.795434,1.262421,0.044198,-1.119305,0.046541,-0.39434,1.303034,-1.007308,1.11317,0.382314,0.294041,0.152726,0.390826,-0.022641,0.022336,-0.871774,-0.499799,1.216446,0.495046,0.529765,-1.179015,0.186109,-1.699017,0.169594,-1.245092,-1.034574,1.079849,0.024297,-0.745452,-1.454792,-0.097091,-1.333199,0.091046,0.216365,-0.289453,-1.467351,-1.180722,1.068467,-0.024418,-0.39967,-0.738436,-0.937719,-1.816086,0.552559,-0.573976,1.073295,0.909713,-0.153453,0.901773,0.791782,0.73148,-0.41505,-0.680747,-0.36911,0.33468,1.649047,-0.323916,1.069051,-0.247287,-1.840218,-1.65548,-0.871286,-0.855255,-0.680408,-2.298642,-1.055771,-0.910874,0.744178,0.309187,0.325794,-0.569858,-0.921497,-0.559333,0.779593,-1.263477,0.090955,0.233963,-0.146385,-2.813799,-0.361949,0.726576,-0.550422,-1.668247,-0.544598,-1.752158,0.260748,0.47323,-0.224067,0.358264,0.430872,0.031147,-1.00047,-1.019756,1.034183,-1.083092,-1.589269,-0.84763,0.215142,-1.126613,-0.608441,-0.147005,-0.519272,-1.110799,0.479341,0.570312,-0.731149,-0.124843,1.073864,0.046891,0.729001,0.855546,-0.945106,-0.033789,-0.29903,-0.328862,-1.586839,-0.006824,-1.097676,0.521959,1.129014,0.90662,-1.852744,1.129962,0.180258,-1.253231,-0.649452,-1.602194,-0.591484,-1.645144,-1.770477,-0.37833,-0.190075,-0.034378,0.103533,-1.613537,0.472971,-1.415457,-0.522142,-2.182052,-0.545693,-0.769842,-0.557231,-1.37271,-0.8464,-0.039232,0.151855,1.176714,-0.283535,-0.812148,-1.276125,-0.268373,0.79579,-0.583508,-0.461412,0.628408,-0.412867,-0.204685,-0.405562,-0.862009,-0.009659,-1.617248,1.178804,-0.211926,1.249369,0.522415,3.835014,-1.397386,-0.193573,-0.058022,-0.402787,-0.966816,-1.169001,-0.488913,3.028544,1.434135,-0.040427,0.169105,1.10647,0.243435,1.722161,1.436621,0.316934,-2.01481,-1.46598,0.671136,1.599026,-0.140637,-1.353776,-0.461016,-0.35953,0.279894,-0.623629,-0.263985,-0.526303,-0.661521,-0.345201,-0.645779,-0.696334,0.038954,0.820925,0.772375,-0.324582,0.949068,0.391353,-0.829952,2.290492,-0.079247,-0.007038,0.049501,-0.638648,1.194998,0.932504,0.589344,-0.241546,-1.371581,-1.312216,0.279197,-0.900729,-0.099104,-0.822922,-1.253251,-0.171212,-0.593984,0.157143,-0.76786,-0.053003,-0.37366,0.758497,-1.172541,0.194479,0.371652,0.588421,-0.856734,0.667237,1.299917,-1.198738,1.838659,-0.004538,-0.082965,-1.43066,-0.820472,0.052119,-1.352852,-1.556135,-0.888346,1.776584,2.053842,0.538903,0.406782,0.084403,1.521933,0.684667,-0.203106,-0.524047,0.40516,0.022812,0.482533,0.774103,-0.162876,-2.595578,-2.204356,-0.566244,0.073544,0.001344,-0.042337,-0.632759,-0.379864,-0.580307,-1.279686,1.097586,-1.009327,0.61881,-1.401366,-1.109321,-0.784735,-0.217418,-0.358597,0.616273,1.810845,-0.502915,0.52717,0.226507,0.800288,0.258394,0.118154,-0.768997
ECA1269,-0.577278,1.850907,-0.370716,0.499959,-1.929532,-0.187618,-0.520314,-0.314233,0.231108,-0.219289,-0.632096,0.180033,-0.683411,-0.704409,-2.04852,-1.032172,0.692979,-0.600029,-0.042668,1.407693,0.990655,0.358679,0.536071,-0.06866,0.328849,-2.142543,-0.127319,-1.67485,1.174032,-0.354147,0.180422,-1.098099,0.814704,0.06092,-0.411435,-0.312386,-0.033823,-0.487279,-0.722844,0.792289,0.979435,-0.373146,0.151818,0.107185,0.506088,-1.661323,0.773869,-0.194142,0.219727,-1.014292,1.564352,-0.88432,1.048168,-0.849494,-0.339639,-1.610394,-0.424881,-0.242555,0.837879,0.681605,-0.560463,0.382736,-1.227153,0.558523,-1.079533,-0.570831,0.280464,0.31035,1.505171,-1.038788,-0.675802,0.268911,0.971032,0.012894,-1.951683,-0.803867,-1.501503,-1.18294,-2.702399,0.527548,0.622975,-0.101837,2.171358,0.264592,-0.95603,-1.672428,-0.45716,0.777464,0.979511,-0.150454,-0.092579,0.90908,-0.700178,-0.145816,2.115953,0.119692,-1.008195,0.185992,-0.780883,1.354293,-1.470686,-1.101748,1.013265,0.867078,-0.456312,1.962958,1.042236,2.351879,0.616792,0.698313,-0.173626,2.289066,1.267928,0.926554,0.99019,2.584837,0.158734,0.011427,1.772726,1.453488,0.180142,-1.219239,0.537817,1.062794,0.557529,0.076075,-0.242956,-0.975589,-0.239722,-0.047698,-1.752977,0.205031,0.847369,0.234482,-0.211345,1.349385,-1.09357,1.007563,0.245317,-1.094517,0.713832,0.217943,1.952443,0.998133,1.047755,0.828818,0.468173,0.189614,-0.606444,-0.976071,-0.303923,-1.379119,-0.213203,0.506607,-0.353177,1.032829,2.453608,-0.30343,0.210329,2.168866,0.870802,0.624995,0.051862,1.024567,0.698335,1.173422,-1.755051,-0.403423,0.878797,1.613098,1.331354,-0.259378,0.358366,1.171825,0.948914,-0.585758,0.268059,1.415365,0.780316,1.402892,-0.834782,-0.302322,0.858529,-0.0087,-0.305618,0.947199,-1.826813,0.093704,-1.274381,1.155598,-0.723075,-0.547232,2.87447,-0.116328,0.020516,0.855551,2.752517,1.141947,-0.431463,-1.01819,-1.629836,-1.062231,0.459877,-0.425312,-1.153451,-2.330325,-1.85851,0.467333,2.515127,-1.842609,-0.598677,-0.496403,-1.067231,1.311464,-1.137483,-0.705908,-1.044059,-1.27144,-0.171813,-1.093319,-0.801249,0.88995,-0.582556,-0.315748,0.546108,1.906146,-0.289897,-0.926383,-0.437449,0.768751,-0.726996,-0.214591,-0.839508,-0.205616,0.800931,0.685215,1.111522,-0.113321,0.047896,-0.219748,-1.409213,0.174205,-0.200045,-0.601405,-0.65472,1.504485,-1.390883,-0.961515,-2.306489,-0.372105,-0.992975,0.03109,-1.324962,-0.318589,-1.264206,-0.855906,0.786117,-2.468721,-0.77163,-0.579997,-0.06757,0.795714,-0.12347,0.712738,0.916579,-0.762769,0.049863,1.945269,0.363633,-1.13401,-0.46852,-0.012575,-0.252192,-0.097794,-0.519677,-0.758783,0.750526,-1.339567,0.895391,-0.457435,0.295836,1.741049,2.392621,0.146374,0.889603,0.113573,1.357101,1.76056,-0.283566,0.769461,1.671367,-0.012627,-0.08278,-1.775171,-0.244211,0.574488,1.186091,-0.689528,1.783019,0.952757,-1.208385,0.643034,-0.260757,-0.149343,-0.005838,-0.427423,-0.877621,-0.285801,-0.694187,-1.117381,-1.271896,2.225771,-0.397501,-0.760354,1.026231,0.23622,-1.302722,-2.315984,-1.083343,-1.490641,-1.311482,-1.728185,-0.504561,0.198541,1.657725,-0.584698,1.284425,2.133964,-2.307525,1.817289,-0.100466,-0.145105,-1.040181,-0.554792,-1.001987,0.692662,-0.269771,-0.131577,1.710362
ECA1287,-0.60971,1.012136,-0.744698,0.094537,-0.301019,1.430993,0.232274,0.873948,0.616937,1.283434,-2.226907,-0.210354,-0.992016,-0.825239,0.341806,1.316106,0.122032,-0.901529,1.429798,-0.017229,-0.578099,-0.155737,3.210203,1.115875,0.622362,1.149911,1.800927,0.812952,-0.198165,1.150197,1.320621,1.680931,1.692267,2.690677,2.501248,1.993938,-0.120348,1.211965,-1.36156,0.098925,0.004572,0.489437,-0.931612,0.613701,0.107821,0.031013,-2.913121,-0.285831,0.527372,-1.601639,-0.595591,0.495116,0.173563,0.126464,-0.082695,-0.524697,0.976129,0.736539,0.611309,0.798602,-0.899968,-0.104651,0.288238,0.853282,-1.444487,-0.601207,0.582248,0.249112,1.510784,-0.217718,-0.531799,-0.277889,-0.08032,-0.064119,2.096619,-0.34567,0.956724,-0.422868,-0.421287,-0.66685,-0.017073,-1.615819,-0.612189,0.160135,0.752866,-1.114895,1.425929,-0.244197,0.143706,-1.616085,0.126211,-0.478501,0.100815,-0.526434,-0.843833,-1.179478,-0.152622,2.383702,-0.089981,0.179827,0.961986,1.14651,-0.847588,-0.502305,0.452175,-0.317343,0.657499,-0.012415,-0.223306,0.199211,-0.091946,-1.278353,-0.955031,-1.251206,-0.447413,-1.479716,0.677101,0.090949,-0.447254,0.737855,0.507701,-0.909675,-0.362818,-0.676748,-1.002466,0.921847,-0.353417,1.398342,0.214072,-0.23976,0.409019,1.35925,2.265471,1.264382,1.072913,1.064748,-0.183593,1.708235,0.367531,0.70566,-1.221236,-1.189439,-0.342737,-0.537233,-0.588133,0.013912,0.226313,-1.072057,0.517158,-0.555191,-0.233294,0.924958,-0.469707,-1.063068,0.872065,-0.979269,-0.25376,-0.378601,0.739559,-0.555073,-1.459726,-0.506674,-1.542382,-0.926818,-0.617308,-0.800408,-0.949522,-0.076076,-2.684742,-2.718229,-0.554548,0.470759,-1.009156,-0.773222,0.749865,0.194735,0.542373,2.141866,0.201091,0.507592,-0.704105,-1.570199,0.027438,0.129158,-0.72659,0.401574,1.211078,1.44613,-0.274508,-1.453922,-0.205328,-0.414179,0.437444,1.083077,-0.641779,1.407359,1.321439,-0.713162,0.482288,-2.723932,-1.523447,0.343202,0.870881,-0.546311,-0.986028,0.349474,-1.879084,-1.373719,0.402263,0.671181,-0.673544,0.425174,-1.186689,0.748852,-0.299488,0.391135,-0.44065,1.140898,-0.298197,0.12938,-0.658866,0.33891,0.291069,0.764996,-2.046462,0.992299,-0.126768,-2.599986,-0.42988,0.890577,0.847955,2.014865,1.623813,1.035204,-1.633717,1.059001,-0.809566,-2.245128,-1.078731,-0.718201,0.197676,-0.653875,-0.509123,1.064152,-0.436964,0.316667,0.162718,-0.567778,-0.984434,-1.296844,-0.777347,0.085523,0.132271,-0.514951,0.035394,-1.603419,-2.820919,-0.580417,-0.666933,-2.350222,-2.167788,1.262197,-0.769685,0.283328,0.685482,1.706405,0.966147,0.089764,1.645456,2.733421,0.52322,-0.49081,-3.965161,2.345925,0.035427,1.112501,1.135169,1.237481,1.605365,0.435501,-1.974591,-1.080748,-0.348154,-0.404306,-1.204265,-0.152313,-0.651882,-0.55634,0.658676,-1.489137,0.467486,0.994613,0.14013,-1.551094,-1.95717,0.26727,-0.510348,0.285412,0.430883,0.888723,0.917003,-0.04166,1.913516,1.172673,-1.076445,-0.054473,-0.677872,0.679384,-1.010734,0.883593,0.506123,0.078616,0.649362,1.178113,0.923637,-0.299902,-0.234646,0.951438,-0.953922,0.11855,-0.692366,1.251809,-0.879618,0.913348,0.226602,0.251825,-1.061222,-1.072348,0.485094,1.100253,-0.810756,0.249119,-0.550055,0.676657,-0.507723,-0.315068,-0.123599,0.584425,-0.830489
ECA1409,-0.278999,-0.84791,-1.15939,0.059795,0.470638,-0.403971,0.540308,1.050964,1.050491,1.642667,0.567037,1.040004,1.666289,-0.704059,0.921865,0.088517,0.24747,0.136516,-0.864902,0.670934,0.34331,1.510177,1.250422,0.594927,1.856271,0.057753,1.033478,-1.110959,-0.689431,-0.687235,-1.29461,-1.918536,-0.494644,0.399351,-0.086854,0.383877,-1.279946,1.05396,0.324722,2.470806,2.589605,2.125101,0.719146,1.743184,1.658421,-0.144339,-0.750837,0.467724,-0.669294,0.902886,0.439721,-0.943115,0.74813,0.658472,-1.884546,-0.530845,-0.257003,-0.88718,-0.899354,1.569413,0.813981,-1.541685,-1.758695,0.064058,1.05463,1.726721,0.650248,0.585726,0.192028,-0.732876,-1.237932,0.123981,-0.715584,2.121115,0.491942,-0.720414,0.86915,-0.488197,0.290455,-0.729325,-0.38134,-1.400818,0.040561,-0.602427,0.015202,-0.671799,-0.077291,-0.206821,-0.055252,-0.173448,0.914422,-0.247471,-0.081277,-0.704436,0.212297,-1.347717,-1.700702,-0.336395,-0.610606,1.687094,-0.948784,0.36477,2.404991,0.530565,0.64563,-0.649063,-1.934185,-1.92199,-0.620738,-0.116837,-0.205482,0.299751,0.267405,-1.428593,0.074899,1.219241,-3.050695,0.057518,0.177756,-0.235959,-1.380752,-1.155094,-0.30508,0.526786,0.17007,0.485932,1.402163,1.371547,-0.110889,-0.303174,0.314807,0.567631,1.603902,-0.381589,2.223483,1.536208,0.134075,-1.397954,-0.612497,-0.643942,0.93877,0.087206,0.533414,-0.967916,-0.320528,0.466954,-0.209264,0.953391,-1.145043,-0.027161,-0.345817,-1.872304,0.333636,2.023326,0.584769,1.615481,1.126768,1.414443,1.125854,1.053967,0.604185,-0.863361,-0.24734,0.293835,-0.17356,1.088039,-0.096897,-0.836217,-0.610206,0.073446,-0.657147,0.358795,-0.986689,-0.586415,0.840278,0.345687,-1.580336,0.203013,-0.878923,0.021894,-0.783017,1.179874,-0.234321,0.997825,-1.134512,-0.468719,0.130434,-0.695707,-0.006223,0.826772,-0.598769,0.475149,-0.367929,0.219778,-1.616954,0.170298,-0.383153,-1.947363,0.933868,0.299876,-0.746258,0.212832,-1.912887,-0.429931,0.842832,-1.652929,0.069858,0.341437,-1.778457,-1.799752,-0.340857,-0.470911,-0.885093,-1.376548,-0.252109,-2.190393,1.499172,0.786384,0.951657,0.281689,0.638927,-1.168038,-0.562666,1.579649,1.102867,3.404865,-1.259993,0.82231,1.549953,-0.762283,0.046484,-0.525853,-0.561278,0.400634,-1.005569,1.041046,0.847944,-0.055019,0.993844,-0.176519,-0.507342,-0.617659,0.331895,-1.450112,0.517886,0.598497,-0.318419,-0.515508,0.094691,0.607315,1.216874,1.618885,1.116388,-1.022421,-0.290271,0.651226,-0.151892,-0.579602,-0.515884,1.069688,-0.729152,-1.074007,1.03559,-0.856323,0.568047,-0.634532,-1.886081,-1.747504,-0.732048,-0.12465,-0.674787,-0.302357,-1.581434,1.307844,1.156248,2.060059,-0.511507,0.045438,1.401603,-1.213478,-0.213013,-0.995041,-1.679491,-0.20275,0.31027,-1.276794,0.271563,-0.124224,0.751327,-1.17962,0.274625,0.486815,0.997645,0.667228,1.054683,0.662972,-0.328256,0.833837,1.51456,2.366476,0.012732,-0.144589,-0.639034,-0.41008,0.796292,-0.326862,-0.160899,-0.595707,1.468296,-0.895601,-0.387837,0.232895,-1.501951,-0.947857,-0.063599,0.542176,-1.394349,-0.811128,-1.380916,2.0916,-1.214994,-1.420546,-0.287088,-0.57428,-0.028622,-1.384767,0.687035,-0.685157,-0.950395,-1.500167,-0.420742,-1.214348,0.306254,1.054388,-1.291988,-0.242403,0.403969,-0.556793,-1.892875
ECA1693,0.109378,1.157494,-1.297476,0.293725,0.520965,-1.491126,0.487354,1.100656,0.931846,-2.411442,0.950007,0.283555,0.465163,-1.124632,-0.10785,-1.604516,-1.150932,-0.185121,1.305651,0.256657,-0.524631,0.738636,-1.153577,-2.088426,-0.567633,0.665304,-0.814294,-1.080638,0.314862,-0.928366,-0.352903,0.561791,-0.053697,-0.838661,-0.945791,-0.415545,-0.421569,0.33892,0.1161,0.646588,0.176614,-0.145612,-0.911966,-1.315963,0.646915,0.503407,-0.093021,-2.137606,0.02977,-1.061421,0.488122,1.399651,0.498281,0.349803,-1.017219,-1.698589,-0.982407,0.669073,0.387813,-0.074002,-1.538514,-0.936783,0.093118,0.683933,-0.723429,1.973816,-1.687378,0.74852,-0.716551,-0.861226,0.61045,-0.871545,1.241804,2.110517,1.42639,-0.961864,0.464278,0.545729,0.473014,-1.44421,0.848746,0.216846,-2.138198,-0.006091,0.203801,-1.173484,1.011018,-0.458682,-0.490859,0.726788,0.647935,-0.868065,-0.264692,0.217429,-0.14807,-0.269391,-0.369493,-0.248567,0.16658,1.040125,-0.059973,-1.405291,-0.577963,-0.546057,0.109006,1.097707,-0.55418,-0.747893,-0.200661,-1.770722,0.241401,-0.021146,-1.730694,1.173286,0.218693,-1.175005,-0.088694,-0.325378,-0.536311,-0.708226,-0.072345,0.824826,0.091425,1.148861,-1.40753,-0.049026,-0.697078,0.982196,0.633467,-1.941453,-0.863765,-0.726595,-0.519031,0.714921,0.053443,-1.190997,1.689356,-1.636012,0.78107,0.773602,-1.427943,0.063998,-0.119683,-0.692869,1.113254,0.020119,-0.259532,-0.374493,-0.325693,-0.33363,1.721759,-0.274009,-0.054373,0.188102,-0.711867,0.674459,-0.130708,-1.56722,-0.205216,-0.084197,0.495543,-1.198387,0.558646,-0.326338,-0.583811,0.59172,0.303589,0.486721,0.244335,1.146587,0.616814,0.11373,-0.478624,-0.240429,0.380291,1.285429,-0.748371,-0.690286,0.292778,0.366702,0.327679,-1.108331,-0.564519,0.791537,0.313046,0.928423,0.175138,1.121869,1.210099,0.640954,0.723548,0.551646,1.616403,0.389956,-1.682679,-2.222759,-0.237893,-0.517063,-0.057505,-0.200311,0.007633,-0.329216,0.098784,-0.265903,0.423963,-1.329996,0.932018,0.905599,0.638712,0.264845,1.044076,0.45956,-0.989288,-1.304691,-1.005268,-1.429139,-2.931966,-0.051135,-0.905673,0.644308,-0.578883,-0.084094,0.168854,-1.127369,-1.207552,0.41833,1.187675,0.357382,-0.294762,-0.144094,-1.243426,-1.67365,-0.157626,0.470742,-0.45916,0.825045,-0.347592,1.329937,0.8595,1.348466,-0.062633,-0.156361,1.030505,1.755714,0.581576,1.038339,-0.800022,-0.673498,0.834257,0.468912,-1.509826,-0.786133,0.178909,1.101561,1.311195,-0.350079,-1.182183,0.939083,0.019608,-1.589687,0.616421,0.876159,0.211269,0.844231,1.763163,0.902031,0.363145,-0.245883,0.161906,0.743693,0.609477,0.406105,0.309024,-0.503008,-0.81003,-0.865701,0.071406,0.859743,-0.539366,-0.223484,1.895452,0.369124,0.299619,2.005465,-1.995696,0.22644,-0.314239,0.067251,-2.57981,-1.119118,-1.980827,-0.861701,-1.16378,0.878299,0.114156,0.126436,0.736413,1.348985,-0.512518,-0.732625,0.320272,0.170761,0.458881,0.484667,0.491031,-1.447974,-0.198172,0.376624,0.731816,0.950171,-0.667445,-0.099854,-0.433209,0.644891,-1.339573,0.474817,-1.28828,-0.413628,-0.651284,-0.60751,1.260799,-0.811851,-0.106439,0.55502,-0.785123,-0.168471,-1.325286,1.329913,0.502491,0.605816,-0.613724,0.358176,1.660629,1.368556,0.440495,0.918038,-1.861595,-1.478452,0.717867
ECA1713,0.46275,-2.476495,0.778315,-0.674557,-1.262694,0.488879,-1.49024,-1.220486,-0.995765,1.403278,-0.233453,-0.700444,-1.501401,1.009859,1.120421,-1.555159,0.286777,-0.392947,0.099226,0.280454,0.733094,-0.364905,-0.399269,-0.44666,-0.874671,0.979316,-0.026575,-0.417042,-0.820606,0.192296,0.891112,3.371884,1.844639,2.262978,2.658012,1.966696,0.494066,-0.21853,0.498732,-0.032222,-0.630945,-1.689948,-0.498026,0.004602,-0.852292,0.270246,-0.010613,-0.493477,1.874295,-0.016173,1.221838,0.870642,1.184235,1.313319,-0.48493,0.974484,-0.718318,-0.56889,-0.145344,-2.546399,0.478676,-0.041686,0.014939,-0.268474,0.164253,-0.530561,0.468397,-0.334514,-1.368746,-0.997359,0.374191,0.424459,0.603074,0.893154,0.075817,0.096267,-2.155316,-1.299981,-1.041053,-0.209239,0.115934,0.499786,-0.194435,-0.254039,-0.79352,1.122198,0.361498,-0.908368,0.793294,-0.922051,-0.111771,-0.087029,-0.627501,-0.361395,-1.072724,0.092083,-0.058673,-0.998399,-0.904309,-0.890385,0.601857,-0.245241,-1.548535,-1.632509,0.809137,0.040219,-0.425989,0.296516,-1.852056,-0.288531,2.08575,0.942682,0.033228,-0.294673,-0.304358,-0.400994,-0.957821,1.128412,0.19735,0.661136,0.002953,-1.021018,0.059136,0.350829,0.245428,-0.253706,0.040204,-1.194625,1.251537,-1.501565,1.091264,1.089139,0.490097,-0.079121,-0.119815,-0.282647,0.088061,-0.958504,-1.307965,-2.06854,-0.906725,-0.711011,-0.338748,1.56582,0.16104,-0.461431,-1.422722,-1.112487,-1.064965,0.149963,-0.180334,0.601569,0.689803,-0.04326,0.953339,1.082921,1.430312,2.525338,1.371326,0.762326,-0.024755,0.552428,-1.399733,-1.213351,-1.572302,0.53802,-3.015445,1.013344,-0.703099,-1.181421,-0.371137,-0.37523,0.582667,0.108512,-0.240571,-1.248724,1.313959,-0.422462,-0.547211,-0.574866,0.822362,-0.493324,-0.803088,-2.463873,0.151518,-0.074326,-0.321435,-0.095439,-1.412894,-0.850357,0.403023,-0.867177,0.736429,-0.965853,0.021781,-0.259191,-0.668624,0.928292,0.473898,-0.828776,-0.779039,-0.261134,0.118754,0.292292,-0.621773,0.040239,-2.857701,-0.587301,-0.149269,0.676502,-0.028843,-0.382793,1.0781,-0.751972,0.37309,0.090772,-1.112197,-0.377553,-2.889575,-0.132609,-2.105563,0.098251,0.567322,-1.145157,0.656149,-1.063036,0.135042,-0.286547,-0.669714,-0.703929,-1.12162,-0.175854,0.121947,-0.287334,-0.246177,-1.491849,0.268882,-0.180888,-0.654274,-1.448467,-1.449609,-0.83656,-0.380106,-0.26031,1.708889,-0.258755,1.055272,0.986483,0.04078,0.794739,1.990707,-0.335055,0.223652,-0.923008,-0.228152,0.531629,0.140858,2.506683,0.481634,0.508898,0.66159,0.511267,0.40159,0.382754,-0.204747,1.166358,-0.13924,-0.397337,-0.288562,-0.351452,-0.154718,-0.171418,-1.585901,0.570085,1.32413,0.239064,-0.01168,-1.107493,-0.589997,0.426205,-0.847943,-0.616724,-0.76159,-0.961292,-1.488123,-0.250955,-1.03651,-0.498129,-0.572232,-0.919018,0.870212,0.23051,-1.649323,-1.956392,-0.011593,-0.417259,-1.341352,1.516154,-0.023493,-0.36849,0.680556,-0.398658,0.692835,0.563704,0.787909,0.31156,-0.759732,0.825467,-0.597455,-0.351392,1.679613,1.359408,-1.25069,-1.2985,-0.076822,-0.462874,1.261698,0.537534,-0.389401,-0.218821,-0.493408,0.961701,0.558008,0.587018,-1.350151,0.523755,-2.128347,-0.714597,-0.567613,-0.062935,-0.302857,-1.584526,0.560053,-1.408044,-0.948249,-0.884943,-0.473145,0.356551,-1.688229
ECA1757,2.008449,0.08378,-0.438826,0.018296,2.503344,1.913945,2.086675,0.854961,0.550133,1.155739,-0.404351,0.519965,2.04173,2.685778,1.045081,0.854084,0.946605,2.130612,-0.8198,0.257329,1.767571,-0.88485,-1.268007,-0.499987,-0.054894,-1.490338,-0.388977,0.095708,-1.304374,-0.197474,1.698793,-1.156781,1.862423,-0.798559,-0.98799,0.400634,-1.901309,-0.622715,-0.488064,-0.08928,1.145364,0.708027,-1.531635,1.062455,-0.18337,1.304237,-2.123306,-0.832211,-1.337144,-1.183132,-0.409408,-0.590615,-0.718087,-0.704202,0.580671,1.847476,0.981054,-0.330082,0.194127,0.344295,-1.127955,-1.283315,-0.073896,0.4595,-0.566403,-0.670998,-0.401414,-1.10557,1.814,-2.386888,0.334858,-0.098918,0.299642,-0.217401,-1.440434,0.539248,0.594607,0.370912,1.538846,-0.48535,-0.769857,2.021752,1.364304,-0.346458,1.832237,1.553684,1.77047,0.973913,1.652053,2.658155,0.050716,0.064982,0.488835,0.204783,-1.194793,0.025609,0.09727,-0.779592,0.563063,0.425613,1.364055,-0.663714,-0.25378,0.497,-0.336132,1.635334,1.592751,1.485779,-0.981861,0.649457,-0.949968,0.539952,0.875228,1.67616,0.067428,0.569342,-0.080615,-0.232567,-1.383282,-0.492072,0.043306,0.207886,-0.627242,-2.107616,0.313098,-0.617765,-1.068944,1.186366,-0.019144,1.195762,0.105649,-0.75447,-0.293919,-0.740487,-0.23269,-0.872763,0.062693,0.819935,-0.050081,-0.69502,-0.120339,-1.519661,-0.43301,0.929692,1.394955,-0.501772,0.16314,0.586815,2.081109,1.548157,0.169596,0.646847,2.143655,-0.578103,-0.638151,0.207543,-0.035174,0.136545,0.098689,-0.885432,1.005272,-0.196412,-1.2781,-1.179808,-2.653708,-0.608658,-0.071772,-2.271157,-0.650081,-1.668045,1.156009,-0.149888,-1.403136,-1.487039,-0.327851,-1.88413,-3.227846,-0.941785,-1.120645,0.340374,1.357166,-0.053143,-2.104509,0.057674,-1.240273,0.694279,-0.125942,-0.251419,0.746239,1.151364,-0.092039,1.436453,-0.067322,1.351941,0.047714,1.223605,-0.388731,0.842733,-0.128157,-0.93956,1.042021,0.344737,-0.270797,1.249918,-0.522014,0.947631,1.847863,0.907321,0.355685,2.031519,1.54988,0.865326,0.198927,1.923694,1.447981,0.025691,-1.150948,-1.201705,-1.141992,0.889657,-0.131375,0.087337,0.057134,1.034607,-1.766442,-1.14409,-0.675962,0.225404,-1.178648,-1.98579,0.117124,-0.639446,-0.598473,-0.84363,0.796331,0.302456,0.668809,0.783309,-0.168453,0.833006,-1.471109,0.234228,-0.257101,-0.638058,1.098625,-0.662843,0.271677,-0.467862,1.476348,-1.018567,-1.636709,0.017481,1.362056,0.473819,-0.339257,0.789323,-0.475449,0.755468,0.245026,0.270181,1.160197,0.516436,1.159785,-0.245901,0.831068,0.074819,1.466811,1.201111,1.247009,0.106596,-0.078814,0.638296,0.467552,-1.414782,0.998749,-0.451177,0.528012,0.38469,0.231329,-1.216853,0.450908,-0.926641,1.990838,1.603421,-0.449736,0.98924,0.453875,0.513829,1.288777,0.842568,1.04937,1.297642,0.162377,1.014215,-0.720493,0.036371,0.582846,-0.455997,0.795107,-0.087983,-1.215819,-0.542491,0.611306,0.596176,-0.71812,0.071997,-1.685253,1.005398,0.310402,0.99767,1.150849,-0.400544,1.160277,0.45856,-0.773857,-0.967415,-0.359386,-0.801078,0.396728,0.07523,0.937332,-1.086524,-0.217884,-1.447546,-1.090262,1.377978,-1.274042,-1.100122,-0.962461,0.202386,1.05252,-0.150994,-1.941439,-0.216265,-0.166476,-1.032435,-0.646386,-2.690101,-0.715662
ECA1761,0.683586,1.101132,1.027736,0.146495,1.017644,-0.771373,1.76071,1.838871,0.894762,-1.022365,-0.956846,0.881819,-0.874419,-0.205459,1.375427,0.590008,-0.365406,-0.871759,-0.165874,-0.443141,0.165397,-0.207752,-0.944556,1.352353,-0.299677,-0.774853,1.145439,1.359653,0.466786,0.003947,0.992735,0.204979,-0.851134,0.058766,1.948906,-1.285564,-0.801927,-0.90209,-0.3701,0.927322,0.578789,-1.426904,-0.169244,-0.63728,0.778999,1.301389,-0.484551,-1.067915,-0.555699,-0.371966,1.86493,-0.376568,0.90726,-0.914962,0.366056,-0.357787,-4.085574,1.817625,-0.574624,-1.124001,-0.863323,-0.889205,0.170646,0.37959,0.037668,-1.593652,-0.442289,0.440129,-2.157083,1.014024,0.279095,-0.231832,-0.537576,-0.129699,-1.319049,1.15412,-1.150753,-0.962855,0.408081,1.627326,0.115289,0.365485,0.214993,-0.285657,1.345787,0.525743,-0.351914,0.039663,-0.759279,0.172815,-0.825955,0.844861,-1.031977,0.082117,0.513363,-1.082732,-1.362367,-0.9625,-0.987501,0.415346,0.790788,1.323888,-0.541609,-0.053009,0.330728,-0.845073,0.174272,-1.446202,-1.763163,-1.824459,0.760828,1.12757,0.003353,0.442854,-1.257921,-0.565187,-1.347443,-0.81066,-1.596214,-0.114399,0.160486,-0.217386,1.112384,-0.347598,-1.201955,-0.491072,0.665601,0.38651,-0.83167,0.502424,-0.099341,-0.879674,-0.747656,0.032953,-0.565324,-0.795132,-0.460583,-1.005776,-0.066864,-0.215414,-0.82255,-0.792603,-0.869054,-0.301165,0.674757,1.303059,0.208654,-0.798349,-0.804288,0.164912,0.836209,-0.101236,-0.247072,-0.441916,0.332192,0.918071,-1.69413,0.543776,1.569144,1.255519,0.302351,1.189023,-2.154405,-0.967007,1.29302,-1.449845,1.272564,-0.452772,-0.270433,-1.460052,-1.61152,0.938818,0.835406,-0.287599,1.171095,-0.807722,0.817672,0.350467,-1.04465,0.471748,0.351566,-0.335421,0.003214,-0.336046,-0.98818,-2.056688,0.556559,-0.812933,-0.671352,1.68705,-0.322236,-0.923387,-1.410589,0.449338,-0.873067,1.078161,-0.953603,-0.544761,0.80018,-0.114247,-0.182124,0.340874,-0.372212,0.080037,0.187606,-0.0849,-1.191286,0.732799,-0.091371,-1.317576,0.058206,0.165426,1.052877,1.23317,-0.919901,0.745302,-1.40644,0.749093,-0.342357,-1.010634,0.445817,0.327055,-2.123878,-1.535815,-0.058216,-0.932095,0.282338,1.0757,1.134647,0.735134,-1.374829,-0.384776,0.07842,-0.476694,0.764896,-1.482635,0.595584,-0.759658,-1.261179,0.313461,0.420678,0.745943,-1.779295,-0.180785,-0.714743,-2.376383,-2.392435,-0.635334,-1.416943,-0.237593,0.093863,-1.338442,0.988564,-0.826721,0.100491,0.05328,-1.039565,-0.410567,-0.301731,0.48766,-0.720265,-0.543017,-1.511404,-1.021702,1.205212,1.496067,1.402099,-0.970617,0.330584,0.392234,0.709561,1.237558,-1.564494,-1.020024,1.028615,1.54453,0.933886,-0.90228,2.35249,-0.748716,1.101902,-0.345349,-0.4456,1.129579,1.203338,0.290456,-1.186073,-0.510579,0.773417,-0.541234,-0.870477,-0.769708,-0.112449,-0.544469,0.392699,-1.151249,-0.671974,-0.593119,0.277043,-1.38799,1.579149,0.135194,-0.319243,-0.560788,-0.340602,0.873614,-1.430749,1.317271,1.398287,-1.119945,-0.275909,0.114538,-1.28346,-0.223456,0.610426,-0.714095,0.135844,-0.804156,0.391407,-0.586839,-0.304652,0.356881,-0.189798,0.451369,-0.969902,0.412294,-0.855653,-0.588891,-0.940355,1.024191,1.553783,-0.644691,0.237433,0.57863,0.274466,0.673002,-0.607221,1.028039,1.203284
ECA1821,0.456658,1.209602,0.168615,0.958908,-0.774709,1.276521,1.140426,0.28451,0.752081,0.752295,-1.46948,0.093483,-0.518164,0.153557,-0.477089,0.431713,-0.681885,0.482203,0.847654,-0.464502,-1.522114,-0.216251,0.707949,0.977168,-0.596965,0.814366,-0.334069,-0.120229,-0.506316,-1.006968,1.130656,1.246695,-0.656741,-1.23406,-0.897991,-0.233908,-0.931724,-1.736504,-1.603733,0.315271,-0.799416,-0.776296,0.868,0.337661,0.927753,-0.537614,0.019291,0.874315,0.245288,-0.054449,-0.273113,-0.512826,0.727558,-1.546581,0.080662,-0.378763,1.172372,-0.214965,-1.162602,-0.537992,-0.391659,0.83987,-0.022102,-0.116508,0.301861,-0.389016,0.232277,-1.195757,0.81722,-1.049759,-0.529541,0.546845,0.036208,0.515504,0.023372,-0.569648,-0.3679,0.735513,1.019472,1.177343,-0.876404,0.142629,0.289289,-0.964436,0.689011,-0.569268,1.444955,-0.850424,0.318874,-0.292178,0.569313,-0.696691,-1.108636,-1.489139,-0.03837,-0.901236,1.152039,0.275704,-1.273738,0.426975,-0.720089,-1.28875,0.403534,-0.345923,-0.682591,-1.25951,-0.506607,-1.552816,-0.044752,0.210356,-0.88857,-0.401,-1.176264,0.004354,0.462477,-1.651757,-0.677111,0.984896,1.259634,0.197026,-2.613768,-0.833978,-0.67776,-0.366699,0.947719,-0.012665,0.865602,-0.881176,-1.234759,1.283366,-0.503254,-0.47348,-2.615315,-0.845319,-1.312048,-0.146731,-0.361683,0.061086,-0.043972,-0.893679,-1.237028,0.239863,-0.641912,1.016557,-1.519852,-1.904983,-0.700127,-1.244005,0.750422,-1.358912,-0.98529,1.631895,-1.231953,1.221878,0.88033,-1.231691,0.137192,-0.845708,1.607779,0.588014,0.6315,0.573123,0.543402,-1.680991,-0.744773,1.002269,-0.477325,-0.867969,0.346587,0.213068,-0.111357,1.425884,-0.844257,-1.163868,-0.611865,0.389018,-0.538748,-0.995229,1.000135,-0.545529,0.226825,0.062636,-0.615064,-0.822918,-0.379212,-0.11472,0.312134,-0.555061,0.057322,0.452656,0.20421,-0.629463,-1.06541,-1.141428,1.456822,1.471971,-0.947949,-0.155873,1.077253,0.353218,0.586787,-1.702245,-0.388187,-0.416603,-1.063694,-0.169507,0.323951,0.160815,0.312956,-0.647335,-0.271494,0.18372,-0.51045,-0.207609,-0.142736,-1.587726,0.297667,0.755129,0.657796,0.642512,1.792389,-1.027279,-0.335891,0.157935,0.881219,-0.025428,0.351889,1.476179,-0.68284,0.029962,0.316871,0.438557,0.733684,-1.085743,1.632448,-0.04626,-0.417619,-0.671355,-0.703453,0.620392,2.150312,-0.310427,1.04088,-0.322526,-0.020941,-0.738513,-0.102964,-0.247237,-0.23431,-1.512893,-1.844605,-0.186605,-1.091635,-0.690218,0.150737,0.48104,0.23175,-0.548043,0.464607,-0.649927,0.587798,-0.458739,0.551175,0.136462,0.636066,0.562611,-0.081721,-0.309371,0.323006,0.615421,0.60226,0.164175,0.264282,-0.138959,-0.591797,-0.929562,1.630266,0.314431,0.740375,0.124528,0.855152,1.341233,0.247966,1.350753,0.482299,-0.746217,-1.141804,-0.016926,-1.393968,-1.255281,0.361376,-0.818766,0.602185,-0.183229,0.903326,-1.657769,-0.154751,0.829995,0.257731,1.905907,2.393397,2.025741,1.486124,0.860084,-0.586547,1.286007,1.601928,-0.487084,0.897822,-0.260249,0.875301,-0.974926,-0.22678,0.188818,-0.290255,-1.636572,1.207105,1.739093,-0.002308,-0.573581,0.741131,-0.482502,-0.782654,-1.145505,2.57232,1.366388,-0.765537,1.254962,-0.465621,0.419161,-0.578716,0.774479,0.013595,1.171902,-1.430957,-0.607481,-1.012599,0.405413,0.830606
ECA1825,0.292968,2.023002,-0.506642,0.311641,-0.094159,2.040075,-0.060913,2.641166,2.802112,-0.229309,0.730959,0.577792,-0.456926,-2.170833,-0.807197,0.967861,-1.635495,-0.310084,1.12031,-0.270932,-0.419838,-0.150712,-0.417238,-0.909775,-0.065381,0.132816,-0.574492,1.264375,-0.381527,-1.153026,-1.407648,-0.774397,-2.467441,0.487658,-0.369536,-0.328652,-1.271051,0.835657,0.652168,1.020056,-0.392853,0.10505,-0.129881,0.32686,-2.15238,1.211145,1.327202,-1.421453,0.237915,0.328413,0.605425,-0.174701,-0.743558,-0.030729,0.238857,-0.54795,0.474714,-0.73706,0.605592,-1.319875,-0.152668,-0.738324,0.655797,-0.784647,1.143421,-0.620407,-0.221348,-1.450494,-1.188507,0.133448,-0.790701,-0.222282,0.004311,0.788902,-1.569262,-0.301839,-1.368601,0.094069,-0.24724,-0.620614,0.275896,0.703199,0.284958,-0.449523,-0.536794,-1.127132,-0.790928,0.061068,0.142371,0.660812,-0.249944,-0.897856,0.304206,-0.13997,1.173578,-0.859014,-0.15616,-0.629117,0.674367,0.792823,-0.385024,0.161938,0.719486,0.153198,-0.400717,-0.463219,0.877682,-0.14042,1.151944,-0.612381,0.008399,-1.556075,0.394149,0.179418,0.552555,-0.793705,-0.883195,-0.570222,-2.128471,0.958559,0.80732,0.760564,1.167795,2.269823,1.863287,0.253447,-0.916984,1.971702,-0.313757,-1.660052,-1.363299,0.950996,0.12686,-0.343629,-0.055237,0.640671,1.925369,1.238776,-0.577309,-0.62361,-1.165191,0.149613,-0.989086,-0.004109,-0.085962,1.044629,-0.095957,0.827039,1.409225,0.259154,-0.317546,-0.772042,-0.757229,-0.960563,0.393116,-1.14416,-0.733529,0.643678,-0.320374,-1.918816,0.915446,-1.479362,0.571597,-0.946107,-2.074534,-1.360337,-0.433543,-0.143586,1.748177,0.531957,-0.283804,0.01964,-0.54472,1.190871,0.242498,-1.62536,-0.481793,-1.129039,-1.052146,-1.668465,1.500558,-1.815475,-0.138917,0.288095,1.511668,0.481588,-0.840519,-1.391834,-1.563474,-0.231265,0.068042,0.388089,-0.554325,1.373487,0.805175,-1.335842,0.655322,0.504596,-0.634374,-0.667976,0.371918,1.013814,1.197925,-0.377021,-0.363716,-1.407078,-0.761382,1.550399,-0.888212,0.027364,-1.288454,-1.307035,0.091764,1.170544,0.066187,-0.681847,-0.144274,-0.163573,0.318458,-0.501666,-1.830962,-0.817715,0.657272,-1.171758,-0.378744,-0.142855,0.198797,-1.532017,-1.636767,1.106914,-0.394211,0.077754,0.093876,-0.843006,-0.413841,-0.368511,-2.022652,0.564108,-0.357421,-1.099342,-1.18206,-0.511088,-1.21086,0.035512,-1.120047,-0.524426,0.122523,0.849897,1.653771,0.433427,0.78035,-0.905433,1.516871,0.88189,0.567832,0.700235,-0.45401,1.951082,1.435058,-0.424138,0.957254,-0.42322,0.975469,-1.195553,-2.078808,-0.444527,-2.510656,-0.474859,-0.487623,-1.575852,-0.968781,0.715402,-1.312402,-1.105944,0.252527,-0.641239,-1.383318,0.44748,0.276345,0.86884,-0.608606,1.30374,0.044372,0.517113,-0.636187,-0.865685,0.365186,-1.575155,1.872842,-0.56493,-0.734417,-0.416875,-2.374035,-2.269057,0.561326,-1.737517,0.398304,0.631287,-0.084195,0.14316,-0.440965,-0.048098,1.040916,0.987807,-0.072171,2.07018,-0.111358,0.052148,-0.41205,-1.061594,0.706637,0.048369,-1.346088,0.656711,-0.818107,1.359214,-0.888266,1.213256,1.252443,-0.231825,-1.015037,-1.107018,-1.360192,-0.335039,-1.182908,-0.286825,1.289716,-0.072995,0.410602,0.137336,-1.120441,0.078294,-0.000181,0.17844,0.233531,-0.964999,0.266259,0.634059,-1.337124
ECA1851,0.982781,0.292,-1.115535,2.473964,2.317287,0.062402,1.509534,-0.839116,-0.013973,-1.596306,-0.406294,-1.999374,-1.307067,-0.520722,0.363184,-0.095284,-0.543242,-0.495736,-0.715342,-0.288103,1.084127,-1.617563,0.131681,0.149615,-1.279526,-0.64193,-0.948007,0.637005,-0.475202,-1.591241,0.304933,-1.000996,-0.600067,0.405266,-0.405831,-0.385144,0.71526,0.584567,1.615598,-0.972203,-0.308417,-0.612199,0.008675,-1.511259,-1.283075,2.276727,-1.788642,0.104251,-0.444795,-0.528375,-1.156214,0.552462,-0.641033,-0.571584,0.851289,-0.702681,8.7e-05,0.870304,0.096621,-0.242145,0.392308,0.451886,-0.625927,-0.884714,0.036143,-1.317282,-0.999003,-0.387164,-0.247308,-0.611118,0.345596,-0.023238,-1.212636,-0.967979,0.87039,0.501202,-0.060779,-0.970843,-0.065035,-1.814864,0.264054,0.19488,-1.247071,3.82362,0.030623,1.204191,0.805921,-0.2811,0.496937,0.344226,0.526654,-1.813126,-0.911024,2.03618,0.003393,0.358489,-1.318917,0.916266,-1.069065,-0.357911,0.896394,-0.431571,1.588272,-2.522546,0.980908,1.091193,-0.854331,0.220646,-0.099407,0.039097,0.296977,0.023626,-0.408547,-1.714133,-0.942774,0.423367,-1.474056,-0.729283,-0.014862,-0.444812,-0.223647,0.307356,0.816705,-1.946466,-1.174166,0.125851,1.50053,0.075283,-0.297261,-0.864545,0.772772,0.15076,-1.385961,-0.081929,1.400158,0.876572,-0.87384,-0.659218,-0.701451,0.691254,-1.282551,-1.136699,-0.330574,-2.294586,-0.994599,-0.54872,-0.60153,1.347099,0.491594,-0.613063,1.09493,-0.795152,0.007065,0.038292,1.716475,-0.202979,1.042532,-0.015328,-0.571629,0.220313,2.850327,-0.346649,2.678238,-1.296555,0.576661,0.376377,1.019804,-0.807119,-0.236242,-1.094198,-0.494979,0.600467,-1.151549,0.070011,0.026661,-0.169484,0.497338,-1.036531,0.028575,0.629867,-0.629197,-1.099264,-0.037095,0.134986,-0.138539,-1.844139,-1.578356,-0.753796,0.214548,-2.701501,-0.515461,-0.823226,-0.200875,-2.273258,2.024231,0.020869,-0.289381,0.200608,-0.290386,0.96729,0.173972,-0.655535,-0.157009,-0.652701,-0.766663,0.764435,-0.682716,0.11371,-1.00283,1.850215,-1.374904,-0.75551,1.137037,0.160659,-1.003644,0.327476,-0.318224,2.610351,-1.058751,-0.685817,0.473088,-0.472932,0.668672,-0.882471,0.121336,0.661384,0.344646,-0.159211,-1.614972,0.3855,-0.163247,0.359082,1.003597,1.728498,0.609307,0.240478,0.682981,-0.102414,0.68008,-0.007359,-0.412263,-0.340383,0.405608,-0.203737,1.193325,-0.123647,-2.962367,0.058509,-0.256568,-1.430157,-0.947096,-0.299079,-1.171402,0.031542,-1.168626,-1.828439,-0.277004,-1.410594,0.131661,0.711422,-0.505996,-0.670632,0.401446,0.5882,-0.841853,-0.009588,-0.048861,-1.497707,-1.023438,-0.155659,1.444135,-1.650833,0.681691,-0.378612,-0.551054,-0.374349,-0.396716,1.443397,0.241569,-0.52543,1.460088,-0.362403,0.57243,0.995183,-0.568198,1.064275,0.750166,1.697154,0.645034,0.880431,0.407592,-0.815161,-0.920327,0.224066,-0.662977,-1.308615,-1.155957,-2.30661,-0.210749,-1.058998,0.532435,1.140767,-0.121309,-0.886164,-0.305869,-0.840054,-0.769041,0.831536,-0.751787,1.860422,-0.205797,0.979004,-0.222785,0.024871,0.782667,-1.0073,-0.821546,1.286164,-0.446795,0.506486,1.8957,0.006653,-0.592926,0.3155,-0.256766,1.871338,-0.242771,1.719753,-0.887464,-0.994961,-0.492182,-0.050015,-0.471655,-1.210778,0.262156,-1.392467,1.789807,2.231052,-0.312805
ECA1875,-0.370843,-0.154673,-2.064968,-0.402436,0.520204,-0.434517,1.058102,-0.337058,0.611494,-0.626134,-0.071155,0.22221,0.924036,-0.522005,-1.248445,0.276414,-0.562442,0.089766,0.535014,-0.467136,0.850065,-0.877689,-1.365288,-1.82097,-1.092077,1.305849,-0.142213,-0.574489,-1.044576,0.165961,-0.260006,-1.036043,-0.661988,-0.593601,-0.394457,-0.009836,-0.510341,-0.716603,1.902302,-0.36898,-0.645251,0.005406,0.864928,-0.333831,0.40666,0.725715,-0.346535,-0.00745,-1.297877,-0.904777,-2.074158,0.033368,-0.806759,-1.18138,1.657485,1.013001,-0.228768,0.720519,0.144021,0.295431,1.594443,0.788789,0.004346,-0.226471,0.599845,0.258003,-0.438928,1.479982,2.586994,1.751121,0.296214,1.090089,-1.491605,-1.335531,1.214338,-1.102841,1.778181,1.432053,-0.273905,0.227189,-1.401835,-1.208922,-0.173159,0.570056,0.882538,-0.251839,1.196301,-1.105355,-0.03429,-0.343071,0.4187,-0.028646,-0.511399,0.01374,0.451422,0.544414,0.72147,-0.469475,-0.758142,0.889108,-2.046195,-0.208461,0.070785,-0.872534,1.549498,0.389414,1.41082,-0.069715,-0.795281,-0.605298,0.956116,1.079683,1.233243,0.080554,-0.713679,0.040879,-1.262532,0.041946,-1.777214,0.131558,-0.926875,0.390774,0.069573,1.8364,0.439245,0.501041,-0.531242,0.016155,-0.887675,-0.14089,-1.596874,0.436912,-0.733257,0.664162,-1.729836,-0.863646,0.415699,-0.39946,-1.268642,-0.123076,-0.79049,-0.016103,0.13443,0.239595,-0.537807,0.05719,-1.173059,-0.02904,-0.539636,-1.256947,1.377009,-1.371734,-1.786249,-0.984453,0.845144,-2.881299,0.216946,-0.454676,0.242399,0.803249,0.762653,-0.778457,0.805606,0.131362,0.912534,0.160692,0.302539,0.896648,0.837236,1.115972,0.492642,-0.521314,0.090364,0.339568,0.387416,0.507842,0.949232,-0.010879,-0.121639,0.130014,1.017217,-0.648035,1.406327,0.39806,1.183685,1.150846,0.795828,-1.038206,0.012675,2.571975,2.465449,2.512743,1.390237,1.00558,0.891744,0.302466,2.580828,-0.077641,0.272029,-0.206369,-0.963227,-0.007365,2.342504,1.061561,2.329868,0.287978,2.6336,0.078083,-1.188257,0.671137,0.836944,0.066189,-1.502807,-1.516838,0.813193,-1.358537,0.28175,-0.60433,-2.330614,0.292952,-0.839692,0.33609,1.549784,0.615747,2.106452,-0.827045,0.084496,-0.418621,-1.992565,-0.279362,-1.447139,-1.204401,-1.236049,-0.61698,-1.156557,2.162496,0.299932,0.04424,0.325117,1.018897,2.405933,0.060206,1.691935,0.30269,0.26587,1.970476,1.12241,0.247735,-0.244446,0.81035,1.374429,-0.518503,0.530244,0.088932,0.683376,0.465611,-0.611095,0.791632,2.051759,0.358926,-0.744828,-1.12303,1.044582,0.399085,-0.007418,-0.393657,1.544647,-0.051945,-1.174284,1.477005,-2.021467,1.235599,-0.292867,0.294599,0.062263,0.192413,-0.083776,-0.158097,0.904103,0.586818,-2.231476,0.438811,-0.200238,1.988748,0.645732,0.04666,0.548152,0.452565,0.026607,0.210849,-0.36361,0.542554,-0.499864,0.084946,0.918779,-0.011117,0.193347,-0.362443,-1.266605,-1.019388,-0.459362,-2.706475,-0.446824,-0.049955,-0.477358,1.414129,1.10889,-0.441072,2.251564,0.802199,-0.525035,0.336041,2.068138,1.205603,0.581798,-1.124835,-0.099618,-0.641586,-1.232089,0.02855,0.502795,-0.158283,-1.039654,-2.390226,0.404673,-0.020742,0.203819,-0.674805,-0.174497,0.266845,-0.242992,-0.287246,1.242398,0.60272,0.802912,-0.932752,-0.375006,-0.941686,-0.904953
ECA1943,1.205134,-1.288617,-0.238407,-1.326698,-0.456256,0.747601,-1.789414,-0.11259,-0.64746,0.018498,0.065918,-0.788101,2.493572,1.371586,0.960199,1.887998,0.658881,1.390061,-0.694468,-0.867081,-0.064067,0.953297,-1.335238,0.028141,-1.004361,0.050752,-1.251143,0.084288,-0.823137,-0.287549,-0.833502,0.035811,0.685255,0.443948,-0.746234,-0.025123,0.842205,0.447232,-0.304365,0.07222,-1.240922,0.400816,0.380674,1.144199,-1.662206,0.31675,0.432259,-0.675406,0.96805,-2.22071,0.317304,-0.59222,-1.697183,0.72364,0.569678,-0.111694,0.215763,1.907487,-1.656463,-0.54127,-1.75794,-1.888755,1.352191,-0.380334,-1.464621,-0.113593,0.135194,-1.611907,0.513416,-0.390385,-0.33065,0.067575,0.030416,-0.124442,0.400728,0.751236,-0.258567,1.167757,-1.569915,-0.279813,0.206589,-1.868728,-0.341114,-0.550164,-0.28707,-0.364426,0.514969,0.132722,-0.684893,0.12343,-1.070339,0.941464,-1.097359,-1.13582,-1.730181,0.683982,1.427457,0.063451,-0.880191,-1.243674,0.441563,-0.374001,0.227419,0.607124,1.724989,0.335533,0.952095,1.164185,-0.768157,1.927549,-0.53943,-0.841078,1.219926,-0.222023,0.54538,0.420752,-1.321349,-0.211486,1.765821,1.749609,1.461139,-0.079883,0.024921,-1.001278,0.839632,-0.152545,-1.698729,-0.653169,1.030253,-0.644102,0.922508,-0.711825,-0.561952,0.854289,0.95146,-0.503056,2.8651,0.521003,2.326359,0.497759,1.484476,1.151418,1.441251,0.503784,-2.067579,0.463906,0.813687,2.094849,1.094482,1.247187,0.612847,0.285777,0.673439,0.372291,-1.292154,0.783774,-1.6513,-1.326408,-0.081917,-1.99944,-0.873077,-0.535035,-2.046689,-0.039633,1.345626,0.516314,0.046408,-1.29259,1.369185,1.714779,0.820706,1.122548,-0.859223,-0.943682,-0.150165,2.524386,0.535877,0.801428,1.942956,3.014259,-0.062459,0.409274,1.974561,0.658998,-0.257542,1.890294,0.834561,-0.214965,-0.309124,1.000886,-0.868374,-0.173358,-0.81763,0.098793,0.117908,1.129357,1.272406,1.128385,-0.498203,-0.318916,1.169744,0.043351,-0.053706,-0.456369,-2.19926,0.187844,-1.063329,-2.302643,0.481797,-0.137568,-1.142685,-0.513436,-1.499734,-0.277067,1.625506,-1.331012,-0.750542,1.403204,1.061493,0.345814,-2.004579,-0.019537,-0.467959,-0.169768,0.435564,-2.54455,1.273773,-0.59112,-0.451389,0.391082,-1.204281,-1.196158,-0.821582,0.298145,0.771138,1.722684,-0.103784,0.667751,-1.170091,-1.197075,0.609416,-0.201184,1.762526,0.701024,0.409407,-0.069679,-0.39361,1.150157,0.327411,-1.557957,-0.743503,-1.272821,-1.047286,-0.38532,-1.075998,1.267845,1.401541,0.602251,0.999617,1.278667,-0.138247,0.712724,0.783858,-0.518298,0.657373,-0.849746,0.667436,1.733294,0.824056,0.60231,2.177937,0.358187,0.524313,1.627939,1.36935,0.833419,0.755919,0.165314,1.217581,-0.483344,-0.348027,0.441005,0.197821,-1.759626,-1.731606,-0.673203,-0.944114,-1.092408,-1.603046,-1.884067,1.433846,0.870198,0.091706,0.8402,0.443518,-0.00702,0.90645,-1.092064,0.910304,0.1634,-0.600706,-1.080705,0.305961,-0.312296,-0.57739,0.767337,-0.978052,-1.37113,-0.065967,0.529789,-0.22031,-1.445449,-0.407107,-0.903281,-0.767444,-1.009433,-1.00039,-1.758151,1.522554,-1.964516,-0.95785,-2.244422,-0.144634,-0.87001,0.468185,1.678738,-0.189853,0.576342,-0.011453,-0.327093,1.355811,-0.202831,-0.367424,-0.093117,0.955635,1.62046,-1.219187,-0.036989,-1.164218
ECA1969,-0.487885,2.272331,1.527725,0.935726,1.319551,0.965421,-0.205517,-0.425195,1.845164,-0.926097,-0.673113,-1.141495,-0.244584,0.19432,0.793964,1.327103,-0.312603,-0.024181,-1.506096,-1.045651,0.238022,1.771396,1.894749,1.032774,0.444239,2.293503,2.449947,0.047101,1.948068,-1.829809,-1.066251,1.263887,-0.124356,-1.877857,0.490756,-0.214283,0.346808,2.122425,-1.004375,1.218414,0.94451,1.482054,2.33039,2.08577,2.20755,0.335649,-2.229901,-0.113789,-0.375052,-0.110199,0.332608,-0.022443,-0.244281,0.564507,-0.832822,0.293103,0.003839,-1.947598,0.134944,-1.196928,-0.856776,0.591009,-0.18035,0.029693,-1.418746,-1.319547,-0.845264,0.590323,-0.474564,-0.087565,-2.062513,-0.086318,-1.143232,-0.576391,-0.764082,-0.264222,0.01575,1.304336,0.846362,0.938845,0.887668,-1.837541,1.090622,-0.492964,1.339426,0.872462,-2.32577,-0.436499,0.776538,-1.263696,-1.47989,-0.23499,0.548688,0.687461,0.290577,-1.26065,0.397285,1.236745,0.131248,-0.291021,0.46706,1.200954,-0.74423,0.493564,-0.077445,-1.513492,-0.214392,-0.670105,-0.132839,-0.476239,-1.097834,-0.406431,-0.419534,0.168491,-1.468293,-0.349004,-1.413076,-0.349585,1.137545,2.046886,0.461293,1.378685,0.021658,1.298792,0.814395,1.589274,-0.079702,-0.691803,-0.17143,0.692053,0.624979,0.987697,0.333926,-0.056382,0.730384,-0.933788,-0.363215,-0.08192,0.288027,0.756431,-1.851944,-0.138682,0.598102,-0.432754,-0.716102,0.539346,0.165686,-1.805371,-0.635494,-0.270634,0.388539,-0.237918,0.156116,0.098496,0.926844,-0.69094,-1.042794,-1.13727,-0.112251,-0.286084,-0.477946,-1.437099,-0.109207,-0.689675,0.562574,-0.747869,-0.323794,-0.106798,0.102578,-0.801869,0.321566,-0.336682,0.352474,-1.269753,-0.913534,0.282124,0.804323,0.446765,-0.045046,-0.562836,-0.268925,-0.344813,0.692326,-2.349054,0.255138,0.014565,0.22081,-0.695767,-1.619688,-2.037718,-1.277198,0.502757,-0.126562,-2.158137,-1.24518,-0.47374,-0.531711,0.835922,0.264284,0.467324,2.280391,-0.230328,0.078934,-1.193436,-0.941685,-0.733398,-0.977299,-1.238375,-0.324371,-0.646006,-0.781095,0.395411,-0.743895,-1.598368,-2.386547,0.14906,0.209835,-0.505347,-0.06259,-0.643095,-0.941286,-0.534103,-0.675162,-0.153403,-2.061965,0.378939,0.663147,1.043379,-0.927619,0.75171,1.736307,0.518742,1.031967,1.52975,0.723794,-1.026292,1.464968,-1.315326,-1.151975,0.985643,-0.279503,-0.082407,-0.499344,-0.247802,0.735775,0.365499,-0.359784,1.854097,-0.759905,0.944047,-0.362271,0.444848,0.483605,-0.154566,-0.966341,-0.020561,-0.148446,0.139669,-1.637115,-0.159508,-1.769509,0.275783,0.104325,-0.708705,0.978053,0.067171,-1.803527,-1.49465,-1.19735,0.244188,-1.312974,-0.000871,-0.621857,0.527388,-0.264005,0.266124,0.588387,0.268646,0.736598,0.545335,0.549312,-0.874307,-1.180527,-1.875323,-0.079898,-0.475171,-0.47186,-0.190107,-0.516761,-0.174039,0.038953,1.495955,-0.348555,0.627309,0.168162,-1.550083,0.311626,-0.561734,0.277379,-0.607366,0.727282,-0.289941,-0.208297,-0.016682,0.512692,1.893085,0.173235,0.588505,-1.265842,0.036241,-1.32246,0.411797,0.489339,-1.52635,-0.541303,0.364875,-0.210883,-0.294232,-0.349136,0.927523,0.303249,0.712924,1.189292,0.29387,0.958121,1.392918,-0.171467,-0.030646,-0.145818,0.949868,-0.483442,0.542884,1.380177,0.654848,-0.118441,0.243194,-0.818366,0.84908,-1.026831
ECA2041,-0.278513,0.44413,1.712155,0.080225,1.838342,-0.051182,1.956553,0.114621,0.581729,0.617059,-0.187459,-0.603033,0.031099,1.587559,1.310815,1.226612,3.029747,0.207987,0.466758,-0.390643,-3.166307,0.516208,1.356717,-1.224633,-1.674133,1.007731,-0.578825,-0.354883,-0.349263,0.254873,1.526361,0.254241,0.432882,1.572779,1.505633,-0.146579,0.285792,-0.379562,0.455777,0.583614,0.983482,-1.036419,0.276814,0.557885,-0.598387,1.445513,0.247763,-1.793023,0.107449,0.612454,1.153752,0.250048,-1.517534,-1.009061,-1.366049,-0.474645,0.098905,0.751395,0.367873,0.730167,-0.824168,-0.258652,-1.284351,0.273971,-0.57867,1.092676,-0.201405,0.029089,1.358914,0.438465,-0.030504,-1.444396,0.047292,1.198333,0.774642,1.210074,-0.61403,-1.437223,-0.020316,-0.781526,-0.04416,1.375502,1.094322,0.987936,0.995812,0.807726,0.641392,2.515949,-0.025444,1.363462,1.360458,1.26482,0.752042,1.026288,0.012477,2.274189,-0.750682,0.607426,1.598284,-1.042859,0.832796,0.8584,-0.117226,-0.404226,-0.839731,0.335098,-0.198428,1.629594,-0.414413,0.312456,-1.266863,-0.444396,0.463877,-0.323286,0.426623,-0.600212,-0.073418,1.59968,-0.134586,0.700132,1.11695,1.11008,-0.219399,0.685546,-0.124367,1.75743,0.955435,-0.480506,-1.335907,1.437649,-0.730617,-0.524248,0.479716,-1.547799,-1.142591,1.024047,-0.762759,0.398003,1.530127,1.435367,1.377831,0.925053,0.914221,1.403544,-1.674959,0.877772,-0.562787,-0.711321,0.458845,0.640244,0.701858,1.780982,1.075416,1.333117,-1.155066,1.772957,-0.901028,-0.373388,0.326913,0.782666,1.151107,0.366271,-0.19766,-1.306827,0.265511,-0.905013,0.963287,1.699155,1.768441,-0.241513,0.63055,-0.706516,-0.610941,0.497498,-0.150615,-0.25794,-0.024965,-0.034911,-0.396451,-0.336548,-1.188232,0.393792,0.633352,1.87524,-0.451319,-0.424876,0.423563,1.312618,-1.291142,1.649818,1.260726,0.174028,2.184197,-0.563325,1.894633,1.021238,1.139483,0.818614,-1.820626,-2.291877,-1.898231,1.112059,-0.405064,-1.166128,-0.488619,-0.736911,0.414398,-0.360218,0.630941,0.646913,-0.581679,1.221468,0.06227,0.988543,1.083553,0.260806,-0.237321,-1.143787,1.09172,-1.009666,-1.453558,-1.207012,-0.960518,-0.491284,0.017754,-0.858851,0.213724,0.373666,0.506209,0.367236,1.309594,1.04685,0.111669,0.319828,-0.928515,-1.042808,0.017718,-1.345243,-0.521687,-1.713843,-1.542354,-0.055304,-1.529371,-0.265298,-0.22417,-0.665042,-0.678587,1.796368,-0.192317,-0.871754,0.916278,-1.446468,0.419514,-1.138204,-0.353446,0.706989,-0.18132,-0.06599,-0.640589,-1.386294,-1.292364,0.95293,1.259708,0.519075,-0.353654,-0.104374,0.951529,0.044317,1.608249,-1.72226,-0.053946,-1.032888,-1.038378,-0.296688,-0.041231,-0.924372,-0.602945,-1.850987,0.123914,0.863214,0.058067,-0.612598,-0.953883,0.823535,0.063647,-0.107701,1.435749,-0.052866,-0.387167,1.083823,0.091614,-1.610732,0.199605,-0.011641,0.794297,-1.15939,-0.012807,-0.074164,0.1332,-1.145796,-0.608618,0.053834,-0.313434,-0.358677,-0.223959,-0.442649,0.146241,-0.287843,-0.117264,1.202989,0.041546,-1.567698,0.518958,-0.49287,0.848947,-0.238628,-2.071587,-0.571778,-1.182693,-0.665956,1.04999,-0.380906,-0.997163,-0.440838,0.92664,-1.671183,-1.640516,2.524277,1.802365,2.101898,0.877342,0.36624,-2.716489,-0.384983,1.617529,0.601697,0.606556,0.37243,-0.334131
ECA2091,-0.029475,0.86043,-0.369492,0.375802,-0.802038,0.112676,-0.414089,-1.071392,0.204651,-0.496022,-0.036973,-2.47702,-0.083809,-0.014908,-0.756071,-2.444497,-0.758139,-1.212586,-1.413162,2.029062,1.962462,-0.70589,0.010919,-0.766527,-0.053518,-0.884205,0.12761,-1.586105,0.063413,0.049522,-0.214126,-0.276381,-1.084708,-0.952246,-0.29951,-0.584144,-1.089709,0.848062,-0.236491,0.299993,1.763993,-0.773245,0.811909,-1.416492,-0.351718,1.131201,-0.826871,-0.81202,0.2981,-0.985084,-0.732873,-0.23058,-0.853882,0.431291,-1.935677,-0.028469,0.195007,-0.065623,-0.562754,-1.938133,1.138555,0.73528,-0.070652,-1.465842,-0.199132,-1.258376,-0.812788,1.002426,-1.421871,1.112436,-0.245657,-0.702272,0.245564,-0.227316,-1.303136,0.391713,-0.256865,-0.586295,1.422323,0.182029,-1.007454,-1.151807,1.380996,-0.91546,0.853083,-0.036277,-0.640846,-0.858722,-1.454705,-1.319175,0.879804,-1.83175,-1.584046,-1.006626,-0.087609,-1.428875,-1.190299,0.871176,0.152979,-0.583922,-0.289199,0.683446,-1.78183,-0.986061,-1.287662,-0.189875,1.329555,-1.599158,1.313163,-1.395464,0.934133,-0.800073,-1.31847,0.181072,-0.933037,-0.270327,0.215349,-1.239226,1.141103,0.368812,0.790881,-0.025126,0.882435,1.395065,0.245359,1.893104,-1.385667,-0.407663,-0.783318,-0.855467,0.913468,-0.473087,-0.924644,1.039776,0.09841,0.903923,-0.213647,-1.027986,-0.393382,-1.312922,-0.162418,-0.028505,-0.142942,0.417733,-1.274071,-0.564836,-1.462383,-1.424678,-0.666766,-1.183322,-0.616148,-1.158797,-1.491193,1.15799,-0.036748,0.164323,0.83788,-0.845356,0.589717,1.763176,0.342142,1.445098,2.275067,0.485171,1.87,-2.345809,-2.146086,1.115978,-1.631419,-0.049578,-1.138028,-0.690331,0.746404,-0.727688,2.072909,-1.657869,-0.311634,-0.695459,-1.549119,-1.217009,0.023322,-1.597809,0.441983,-0.098384,-0.796799,1.210341,-0.315109,-1.411864,-0.66654,0.337214,1.699627,0.297579,-0.925549,0.476103,-1.053105,-1.023923,-0.141736,-0.234918,-1.519954,-0.762037,1.68336,-0.329219,-2.993203,-0.67333,-1.9357,-0.468711,-1.353552,-1.431599,-1.799816,-0.12516,-0.499388,-0.15211,-0.51991,-0.257562,0.810639,-0.166777,-0.31476,0.626231,0.946315,0.269302,-0.621157,0.392584,0.653835,-0.763123,-0.133332,0.250927,-1.151971,-0.398207,-0.397789,1.091073,-0.748004,-1.098259,-0.54013,-0.054825,1.062329,-0.133809,-0.006329,-1.785381,0.830268,-0.652,-0.395885,0.883555,0.71072,0.806661,1.626969,1.13066,-0.364778,1.904828,1.747592,0.688147,1.562504,1.598809,0.898068,-1.706405,0.248272,0.338848,-1.926969,0.242876,-0.711638,-0.949119,0.1402,0.63055,-1.085603,-0.971198,0.002473,0.248026,0.45689,-1.169529,0.632939,-0.803454,-0.127344,-0.107497,-0.126185,0.455779,-0.200735,0.779811,0.578692,0.106529,-0.587367,-0.761439,1.092259,-0.616942,-0.687132,-0.452689,-0.148312,0.042846,0.925922,0.606383,-0.643877,-1.216878,-0.575973,0.210218,0.177705,-0.564571,-0.10372,0.570569,-1.237386,-0.250126,-1.080739,0.305854,-1.120877,-0.129998,-0.104691,0.318172,-1.409583,0.428838,0.31516,-2.932541,-2.53336,0.639864,-1.155593,0.529756,-1.919111,-0.996784,-0.434972,1.620101,2.727871,0.070424,0.382914,0.306679,-0.000827,-0.158015,-0.384073,0.715203,-1.970536,0.306422,1.003468,-0.463558,1.418374,0.215176,-0.25053,-1.599761,-0.762361,1.676563,0.875309,-2.290924,-0.170864,1.255775,-0.344683
ECA2151,0.265841,1.105709,0.235729,-0.477372,-1.583204,-0.170122,-0.608182,0.251542,-0.604925,0.643145,-0.274654,0.532591,-0.220272,-0.002549,0.273669,0.95236,1.09353,-0.204674,0.743206,0.679857,1.874025,0.840634,0.632111,1.329597,1.728204,-0.404342,1.598657,0.976278,0.639921,-1.115704,-1.627907,-1.955864,-0.874886,-0.285409,-0.251671,-0.242136,0.073043,0.98371,-1.430504,-0.388761,1.891052,-1.137846,-1.00435,-1.329047,-1.150087,-0.841551,-0.070168,0.233067,-0.20276,0.193592,-0.087245,-0.597677,-0.598737,-0.547094,1.138437,-0.415795,0.336211,-0.917508,0.318112,-1.016513,-0.394454,0.051193,-0.517058,-0.246384,0.527938,-1.498699,-0.811833,0.472666,0.630672,-0.383081,0.191278,0.018655,-0.242923,-2.214791,-0.935972,-0.749536,-0.331083,-0.911717,-0.641012,-0.209077,-0.438238,-1.219528,-0.79986,0.073747,0.837737,0.224303,-1.180449,0.267608,0.767745,-0.146991,-1.247244,-0.688215,1.183437,0.614433,-1.954531,-0.08421,-0.212852,0.815397,-1.628768,0.41292,-0.133938,0.005777,0.386896,-0.042751,-1.305885,-0.39124,-1.966029,-0.009534,-0.437491,0.260146,-0.00292,0.517478,0.362771,1.264211,0.942132,-0.944691,-0.503615,0.340078,0.508991,0.044416,2.223981,1.216939,1.146694,0.794436,0.631105,1.274021,-1.761556,0.830946,0.647976,-0.383852,1.38104,0.447095,1.526815,1.710696,0.114963,-0.546446,0.069354,0.913428,0.844506,0.269272,-0.17627,-0.476973,0.415735,-0.932854,1.038213,0.801602,-1.095077,0.933112,0.9725,-0.9066,-0.386259,-0.662804,2.570079,0.650234,1.516976,-0.483152,-1.071175,0.462976,0.379766,0.109875,0.958312,1.709891,-1.131945,-0.10996,-0.090706,1.461724,-0.399261,-0.689994,-1.921404,0.765883,-0.750917,-1.443069,-0.403923,-0.90864,0.27595,-0.130901,-1.718496,0.493423,-0.145314,-0.979388,0.753853,0.436106,-0.618822,0.429575,-0.977543,-0.695007,-0.584044,-0.810154,-1.52455,0.135749,2.041538,-0.338328,0.131395,0.456973,0.912614,0.598272,0.15763,0.561139,-0.709179,-1.778739,0.377041,-0.004924,0.119911,-1.958925,-0.82919,-1.124616,-0.050094,1.749682,-1.808228,0.837285,-0.595535,0.886645,0.407105,-0.664662,-1.923202,-0.26236,0.883088,1.00972,0.920098,-0.221237,0.198733,-0.07432,-0.799877,-0.531387,-0.570032,-1.062689,-0.32667,0.155426,-0.048367,0.472679,0.12912,3.179463,0.02457,0.376818,-2.100757,1.283859,0.115583,0.626108,1.7516,1.12352,-0.04021,1.357985,0.909183,0.254063,0.662488,0.779451,0.772366,1.49446,0.695767,2.069734,0.81433,0.600382,0.244019,0.384436,0.168235,0.024357,0.399424,0.033214,0.537601,0.397282,0.835248,-1.278271,-1.250634,-0.535184,0.024826,-0.063413,-0.505362,1.05445,-0.836247,-0.153994,1.334728,-1.062374,0.718535,0.135991,-0.848732,-0.064724,0.210217,2.238194,0.773412,0.472123,1.019924,0.286556,-0.437789,0.646119,0.225246,-0.499474,0.315269,0.234028,1.230436,0.229037,0.556542,-1.751189,1.194566,-0.407345,2.161568,1.485123,0.648451,0.108707,-0.443189,1.13598,0.008839,1.744452,1.099436,1.37462,0.821797,1.945284,-1.127822,-1.747872,0.832948,0.742557,1.093378,-0.230555,1.755118,2.246224,1.852968,0.768676,-0.656953,-0.529035,0.905288,0.260542,-1.367899,0.406367,1.584484,1.382926,0.727904,0.570384,-0.080921,-0.009051,-0.406812,1.349688,0.216863,2.45539,-0.013694,-0.065463,0.953169,0.233221,1.449549,1.789626,1.310919
ECA2159,0.353651,-0.285872,0.262191,0.051209,1.079347,0.161674,2.119315,-0.352129,0.444023,-0.404363,-0.499199,-0.552119,-0.355066,-1.95177,0.709812,0.103942,1.514438,-0.035014,-0.488546,-0.191802,-0.766526,-0.130952,1.335511,-0.224408,-1.641173,-0.391137,-0.918265,1.19104,-0.149846,-1.695401,-0.348894,-0.401139,-0.466095,-1.017767,-0.853895,0.220483,-0.390453,1.114262,-0.305309,-1.585002,0.723583,1.461181,0.69007,0.239921,-0.206944,0.698368,-1.27407,0.336937,0.136314,-1.152441,-1.365029,0.505506,-0.04127,-0.177143,0.645746,-0.520245,0.726448,-1.14183,0.493411,-1.067659,-0.646667,-1.353949,-1.632336,-1.451074,-0.110804,-1.399502,-0.274103,-3.47172,-1.752668,0.173861,-0.968699,1.05377,-0.725447,0.268303,1.110748,0.29371,-0.931688,-1.880014,-0.752799,-1.695405,-1.581397,1.00728,0.417874,1.127457,0.270179,0.063046,0.606916,-1.18231,-0.338967,0.676305,0.725692,-0.107015,-0.662254,0.696483,0.491421,-0.703022,0.581467,0.548678,0.382512,0.902821,0.557214,1.119959,-2.39157,-0.325552,-0.596634,-0.03155,0.442438,-0.679124,1.768243,0.572888,0.539954,-0.684896,-1.146238,0.136798,0.484867,-0.852176,0.126073,-0.777371,1.046433,-2.130533,0.328806,0.23012,-0.411939,0.370043,-0.564231,-0.766496,-0.293879,0.540016,0.488337,0.52481,0.403685,2.093937,1.554525,2.765002,1.119311,0.268358,-0.976034,0.566296,-0.248744,-1.053588,-0.339013,-0.792523,-0.005626,-0.932631,0.582665,0.175045,-0.680856,-0.551239,0.48861,-0.204651,-0.936069,-0.26914,0.674335,1.981642,0.858297,0.361788,-0.40454,-0.425724,2.169761,1.149229,0.407812,1.148912,1.438182,-1.79206,-0.50398,1.284714,-1.367758,-0.286162,1.963444,-1.616417,-0.757472,-1.699831,0.674627,1.16553,-0.447515,0.05384,-0.671241,0.267723,-0.901822,-1.72424,-0.833561,0.193825,-0.788741,-0.194469,1.060176,-0.176245,-0.203605,-0.428848,0.354942,0.171214,0.574163,0.401884,-1.801863,-0.8324,0.450685,0.001055,-0.143386,-0.018637,0.712851,1.743798,-1.156459,-1.718894,-0.248968,-1.157405,-1.634779,-0.10696,-0.142282,-0.669151,0.745507,-1.973162,-1.996818,-1.776786,-0.305216,0.673053,-1.650813,0.402312,0.571377,0.636627,0.297314,-1.297013,1.693381,-2.338349,0.540979,-1.27337,0.208921,0.574978,0.895046,-1.617663,1.636209,1.935769,0.461885,1.156746,-0.425255,0.584546,1.130711,-0.823402,0.384622,0.841836,0.906196,1.48553,1.276685,-0.469706,0.641408,-0.716493,0.042015,0.683499,-1.106256,0.569689,-0.388532,0.040454,-0.236099,-0.608955,0.3183,-1.870433,-0.937484,-1.732979,-0.099167,0.180801,-0.43727,-0.780526,-1.307388,-2.877004,-0.213893,0.197265,0.544254,-0.32342,-0.437618,-0.982331,0.112507,-0.355033,-1.900023,0.806891,0.502052,-1.336422,0.136401,-1.370645,-2.020891,-0.876977,-1.653591,0.918507,0.825628,1.169967,0.520669,0.529873,-1.306191,1.607972,0.865502,0.923156,0.249154,0.451401,-0.607688,-0.085899,1.098926,1.10333,-0.501073,-0.247259,1.010413,-0.474448,-2.404995,0.764943,1.099379,-1.086204,-0.214052,1.195858,-0.51455,-0.17639,0.673927,0.431285,-1.602251,0.211449,-1.873204,-0.295308,-0.49197,-0.962601,0.485325,1.180618,-1.200308,1.452724,0.465973,0.933848,-0.580489,0.654212,0.480586,1.070412,-0.391806,-0.159711,-0.289045,0.977876,-0.184186,1.012164,-0.412616,-0.836725,1.225387,0.709162,-0.313282,-0.58424,-1.490893,-1.416181,-0.199721
ECA2195,-0.116811,-0.362486,1.205672,-0.767725,-0.485462,-1.621168,-0.537455,-1.68662,0.000534,0.516003,-0.583532,-0.626715,-1.645305,-1.16813,0.504828,0.519784,-0.742333,-0.385927,-0.315681,-0.550098,-0.066815,-0.047595,0.732862,1.971116,-1.666634,0.329071,-0.435438,-0.62599,-1.451828,-1.427326,-1.006514,-0.227224,-0.047859,0.116014,-0.185872,-0.327067,0.871855,0.017673,-1.977763,2.120378,0.515175,1.140377,-2.44656,-0.775959,-0.235536,0.731937,1.228711,1.032337,2.351167,1.508238,1.315102,0.241657,1.691759,1.243017,0.063921,-0.780449,-0.592569,-0.719963,0.437579,1.78012,-0.840051,-1.108453,0.54331,0.188767,1.723444,-0.432708,-1.624851,-1.450709,-0.872987,-2.377234,-1.498311,-0.594396,0.637474,0.223395,0.001742,0.34422,-0.784432,0.502454,-1.286842,0.144445,-0.783189,0.54048,-0.549769,1.150909,-0.401667,-1.124993,-1.518339,1.279072,-1.053868,0.813031,-1.084046,0.299726,-1.59979,-0.895304,-1.364139,1.900181,-1.203829,-1.629759,-1.728411,2.701093,1.331333,2.637016,1.037321,0.935129,0.646097,0.904695,0.845205,0.733049,1.387572,2.102382,-0.111034,-1.636384,-0.042115,-0.253383,0.168451,-0.803143,-0.371414,0.981108,-0.093759,-1.198417,-1.789814,-1.108548,-1.930879,-1.69188,0.227278,-0.668626,-0.433206,0.08812,-0.521831,-0.550139,-2.66548,-0.255839,-0.319729,0.190283,0.059759,-1.574428,-0.484397,0.803334,-0.424317,0.261056,-0.780428,0.046099,0.45931,-0.188697,-0.249167,0.770014,-1.009648,1.227521,-0.684719,-0.844979,-0.448873,-0.427014,-1.394709,0.353602,-2.266232,-1.20754,-0.753276,1.623987,-0.881343,-0.169424,1.549923,-0.307125,-1.469035,-0.43048,0.374815,-0.554021,0.370174,-1.284554,-1.439776,-0.522779,-1.521463,1.732012,1.70452,0.184963,0.49656,0.816975,-1.501909,-0.808407,0.099749,1.089145,1.263991,2.52228,0.29926,0.10749,-0.017688,-1.179101,-0.346717,0.042309,-0.589099,0.61037,-1.701049,0.887368,0.130584,-0.314241,-2.396068,-1.025264,-1.740378,-0.691189,-0.76712,0.830848,-0.45738,-0.822886,-0.300489,0.619896,-0.302565,-0.377594,0.602646,-0.568017,2.7e-05,0.104482,-0.001689,-0.30431,-0.678853,0.145207,0.328285,-0.257689,1.47807,-0.063195,0.229827,0.155514,-0.046909,0.573616,-0.486589,-1.15913,0.065816,0.169731,-1.335631,0.433709,-0.659276,-0.815862,-0.075699,0.553332,-1.093332,0.308576,-0.446878,-0.058963,1.371467,-1.756639,-0.025392,-0.620883,0.232926,-2.111935,-2.104459,-0.911517,0.261487,-3.063477,0.695183,-1.555753,0.300796,2.056286,-0.623955,0.671655,1.482258,-0.207064,-0.771777,0.343818,1.186132,-1.602457,0.021964,-1.529607,-1.243044,-2.249688,-1.013831,-0.864245,-0.255109,-0.291495,-1.63053,-0.600627,-1.018167,-0.054115,0.452807,0.01584,0.941612,-0.973934,1.49886,-0.57714,-1.386032,-1.312484,-0.567949,-0.109934,1.185271,1.359045,-0.560394,1.153439,1.226163,1.915839,0.540355,0.81369,0.405832,-0.587708,-0.463636,-0.077444,-0.487006,-0.477002,-3.058006,-0.937894,0.722542,-0.313485,0.291097,0.341285,1.042682,0.898004,0.310066,2.08664,1.622575,-1.266883,0.782857,-0.41171,-0.061085,-0.774285,1.005792,0.16229,-0.839571,-0.791048,-0.973694,0.233324,1.18125,1.293686,0.990274,1.680765,1.024865,-0.325179,0.437907,-0.430101,2.648613,1.235391,0.067089,0.527923,0.964551,0.121855,-0.934868,-0.716951,-0.628062,-0.295797,1.824513,0.942223,0.778287,-1.364415,-2.598179
ECA2199,1.731045,-0.306388,-0.364047,-0.540928,-0.135425,1.259556,0.798343,-0.590782,-0.275985,-0.009745,-1.306447,2.911319,-0.126104,-0.196878,0.532,-0.421993,0.123269,-1.197838,0.456158,1.662152,-0.276826,0.312009,0.772438,-0.752887,0.153755,0.39045,-1.361596,-1.243277,1.056397,0.632014,-0.245518,-0.855476,-1.660471,-0.997764,-0.422616,-1.434677,0.045951,0.312211,1.549054,0.195959,0.272957,0.704688,-0.270275,1.518741,-0.87512,-2.454538,-0.878668,0.193506,-0.90617,-0.062301,0.149965,-0.42503,-0.740184,0.905796,0.396835,0.186873,-1.304392,0.66682,-1.494855,0.041237,0.17972,0.432899,0.007387,-0.447414,0.301396,1.175163,-1.966366,-1.52102,-0.875244,-0.616718,-0.529431,-0.893958,-1.236391,-0.24205,-0.198131,-1.690217,0.338293,-0.520216,-1.068715,-0.749078,-0.617066,0.516043,-0.069551,1.675364,-0.967716,-0.147675,0.575401,-1.036047,0.536477,-0.229513,-0.698149,0.002372,1.470778,-1.172021,-1.595071,-0.684095,-1.98062,-1.023606,-0.58287,-1.781794,-2.673134,0.012544,-0.634454,-0.970433,-1.394441,-0.94335,-1.106569,-0.443361,0.414948,-0.471924,0.852776,-0.066433,1.574418,-1.268765,-0.213399,-1.831413,1.712774,1.170847,-0.89556,-0.115657,-0.345973,-0.933203,2.083009,0.327857,0.241439,0.318353,-0.163375,-1.982142,-0.283249,-0.438761,0.608767,-0.854077,-0.293361,-0.350541,-0.0632,-1.675587,-0.988064,-0.537226,-0.064593,0.694025,0.175793,0.084139,0.880456,-0.140216,1.103536,-0.333675,1.056454,-1.648568,0.389205,0.495592,-0.305341,-1.019936,1.499436,0.191334,-2.439451,-0.628091,0.785434,0.25962,0.354552,0.549171,0.880943,-0.625337,-0.814915,-0.518713,0.420866,-1.864188,0.270317,-1.461707,0.214611,-0.52702,1.399054,-0.085785,-0.26164,-0.425447,2.060021,0.544142,-0.078262,-1.107054,-1.343748,-0.396244,-0.321033,0.941478,-0.066573,-2.075827,0.487462,-0.140149,-0.492358,-2.067755,-1.476771,0.190843,0.700591,1.316941,-0.187791,1.202643,1.370481,-2.122516,-0.176643,-0.471511,0.649249,-0.404975,0.431441,-0.841135,-1.015175,-0.576545,-0.381493,-0.372721,0.203831,-0.5535,0.92794,-1.894524,0.05926,-0.574902,0.344981,-1.233554,0.194257,0.033148,0.477604,-0.104938,2.314432,2.72897,0.592407,0.197214,0.465018,0.555584,0.352044,0.896598,-0.075277,-0.793997,2.634769,0.359139,-0.929976,1.006081,1.505551,-0.34566,-0.746992,-0.290596,-1.13271,-0.425927,-1.385538,0.52518,-0.115362,-0.600259,0.464404,1.280685,1.576483,-0.301381,-0.815187,0.862594,1.23384,0.869889,2.761037,0.476223,0.120179,-1.095172,0.358283,-0.676903,-0.345211,0.744458,-0.198483,0.793931,0.75855,-0.190879,-0.324713,0.751253,-1.243215,-1.472992,-1.244869,-1.105732,-1.52489,-0.02194,-1.835188,0.694622,-0.656851,0.463864,0.589679,-0.162591,-1.948288,0.256785,0.037873,0.567115,-0.500406,0.834676,-0.530462,1.609405,1.128585,1.975419,0.481993,-0.080505,0.731404,-0.820044,-1.262492,-2.448542,-0.644906,0.633272,-1.920305,-1.463465,-0.862827,1.024029,-1.546693,0.609713,0.560681,-0.301428,0.267498,1.913819,2.252884,-0.325464,1.007762,-0.8216,0.310117,0.25485,2.532772,-1.520262,-0.340086,-0.260307,-0.98242,-0.560968,-0.2454,-0.916162,1.503377,-0.310447,0.453867,1.850997,0.605729,1.547426,0.59238,-0.605366,-1.418956,0.476365,0.509762,1.743826,-1.050199,-0.026909,0.146073,0.565428,0.228469,-0.453455,0.84319,-0.588663,1.456495
ECA2336,1.257992,1.264486,1.020866,0.400283,1.587653,2.718651,0.090017,1.199246,0.941142,0.086933,-1.667759,1.438307,-1.216763,-0.602492,-0.636836,-0.338574,-0.797337,-0.796546,0.162279,1.122473,-1.667143,0.453102,-0.851399,-0.248142,-0.019296,0.680523,-1.18952,0.728966,0.474871,0.262489,-2.553192,0.227047,-0.256314,-1.065389,-0.719067,0.118054,2.149292,-0.371025,-1.492446,0.938625,0.563958,-2.068244,-1.354641,-0.644506,-0.234414,0.964711,0.116071,0.446033,0.44967,-1.739762,-0.479326,0.120352,-0.143227,-0.682053,-0.308694,-0.737705,0.176516,-0.441044,-0.016731,-1.087307,-0.28515,-0.991806,1.101121,-0.99684,-0.237352,-1.329516,-0.523531,-0.726797,-0.547742,-0.113448,0.449854,-0.482623,-2.571305,1.058468,0.318035,-0.915549,-0.62862,0.632092,0.377324,-0.046394,0.114364,1.044877,-1.589661,0.39107,-0.55575,-1.103066,-0.412495,-2.488818,-1.313875,-1.761274,-0.461931,-0.257551,0.68928,-0.65886,0.067644,0.356584,-0.375312,-0.283936,-0.930785,-0.115207,-0.068492,-0.13211,0.416309,-0.551749,1.262577,-0.330651,0.750078,-0.451693,-0.079028,-0.042457,-1.313413,-0.539831,-0.25524,-0.422544,0.084757,-0.587854,-0.334018,-1.228611,-0.156515,-0.116519,-0.003421,0.434955,0.468573,-0.475884,-2.023378,-0.011035,0.872093,-0.25513,-0.117597,1.182089,-0.554221,0.617673,-0.09351,-0.640076,0.236656,0.728602,0.257993,1.070519,-2.778184,0.065985,0.354291,-2.648303,0.34205,-2.13253,-1.022029,-1.28225,0.519962,-0.509898,-0.029393,0.19379,-1.422623,-0.95464,-1.126494,-0.098213,0.557796,0.29244,-0.154852,-0.470797,1.2703,-0.87142,-0.717074,-0.705269,-0.531084,-1.07674,-1.051734,0.06766,1.183167,-1.316859,-1.929847,-1.162677,-0.020632,-1.617389,-0.932932,-0.422937,1.359574,-0.623898,0.607977,0.41321,-0.656847,0.854099,0.062917,-0.637481,-0.063718,0.306643,0.003521,-0.623342,-1.555733,-2.177524,-1.26415,0.731142,-0.305294,-0.622217,0.064252,-0.573222,-0.657038,1.956995,0.392151,1.533354,-0.719476,0.416109,-0.162775,1.307358,-1.561041,-1.510966,-0.615691,0.489981,-1.04939,-0.375133,0.618869,0.41014,0.147004,-0.126916,0.508914,0.154651,-0.468375,-0.513846,0.763667,-2.178299,-0.467023,-0.407934,0.0313,-1.11107,-0.759002,-1.497382,-0.844955,0.166588,0.134998,0.759275,1.706866,1.352023,1.070446,-1.022786,1.06995,0.039563,-0.66262,-0.163567,-0.787938,0.027274,-0.619047,-0.602243,-0.351761,0.661107,-1.207008,0.899739,-0.69504,1.126042,0.208101,0.144039,-1.017063,-0.690234,-0.104443,-0.269808,0.021688,-1.11634,-0.929178,1.158015,2.485304,-0.382036,0.880197,0.67665,0.429361,0.442189,-1.604965,-0.656395,0.242363,0.686451,-1.883097,-1.9572,-1.428242,0.681267,1.311605,0.89279,-0.478798,-1.093005,2.026276,2.128434,0.927661,2.060388,-0.866165,0.560102,-1.347422,-1.070942,-2.461039,-0.729756,0.764546,-1.57699,0.004906,-2.423472,0.445543,0.907135,-1.230594,-0.381193,-1.081082,-0.583494,-0.735167,-1.285552,-0.345431,1.92102,0.183581,-0.102778,-0.470446,0.359559,0.055148,2.001311,0.928556,0.842612,0.145751,0.736389,-0.324271,0.061765,-0.605298,0.433483,-0.911422,-1.194963,-0.970929,0.098445,-2.203234,-1.120356,-1.21133,-1.19468,-0.188169,-1.153125,0.10486,-1.0919,-1.652232,0.798853,-0.946384,0.24949,-0.419609,0.610939,-1.497471,0.638184,-0.343104,-0.17094,-0.011139,-1.934855,1.069873,0.403959,-0.236827
ECA2437,-0.601593,0.973759,-0.02621,0.503196,1.749286,0.456097,-0.313858,0.807722,-0.782802,0.800519,0.508668,-0.198139,0.730068,-0.912826,-0.737058,-1.385307,0.453848,-1.615571,-2.419169,-0.708075,0.705886,-0.887145,0.422771,-0.606574,-0.624933,-0.702099,-0.179782,1.143082,1.988768,1.014829,0.502092,-0.468784,-1.226919,0.567989,0.447594,-0.230436,-0.341477,-0.967751,1.114591,-1.471554,0.359438,0.232084,1.364261,-1.27798,0.892426,0.790855,0.593598,2.715104,1.78256,-1.794714,-0.909708,-1.091471,-0.88265,0.867366,0.821983,1.113993,-0.917215,-1.200699,0.351483,0.514393,-0.211075,0.804062,-0.699229,-1.179233,-0.392464,-1.66221,-1.517905,-0.198294,-0.021731,-0.50541,-0.921388,-0.07618,-0.104908,-0.495694,1.038254,-1.316298,-0.792612,0.353694,0.815055,1.261409,0.543914,1.61346,-0.116022,-0.342685,0.042899,-0.595301,-0.119979,0.51548,0.411165,-1.899751,1.55488,-0.070711,-0.63319,-0.121771,-0.412909,-2.145506,-0.851987,0.657397,0.25705,0.813657,0.382682,-0.256674,-1.002835,2.697086,0.61044,0.572346,1.674563,-0.501071,1.59714,-0.038318,0.991681,0.70234,-0.111622,0.871622,-0.250806,0.08637,-0.850786,1.717525,-0.436292,1.87035,-0.522054,0.886337,1.183415,0.948325,1.958416,0.295958,1.012867,-0.403389,1.3091,1.66327,-0.267543,-0.519271,1.132758,-0.497906,-0.188169,-0.419951,1.557247,0.760893,0.70645,-0.26127,0.843385,-0.304062,-0.969589,0.227212,1.59488,-0.070566,1.176548,0.710338,-0.42561,0.046561,1.349353,2.187183,1.057383,0.308712,-0.208045,0.014979,-0.933192,0.895783,-1.261816,-1.452112,-1.295084,-1.189319,0.905108,-0.593527,-0.150081,-0.596206,-0.780038,1.566284,0.101894,-0.995285,-0.587513,-1.036422,1.250998,-1.006646,0.3532,-0.70746,0.082742,0.260381,-0.490315,0.616451,1.026052,0.925256,0.117024,1.555926,1.142922,0.016277,1.655996,2.488142,0.795229,0.726901,-0.322641,0.426459,-0.340482,0.795982,0.605448,1.921809,1.293479,-0.671236,-2.237087,-0.339909,0.237215,-0.969112,-0.491515,-0.010738,2.031917,-1.379464,-2.070459,0.414085,0.941316,-1.150735,0.687518,-0.27939,1.192522,0.32045,0.50885,0.245126,-2.417375,-0.00952,-0.249616,0.893521,1.265008,0.327727,1.436669,1.64268,1.302551,0.50789,1.007189,0.233448,2.227874,1.970208,1.235068,-0.653724,-1.00901,-0.174489,0.96103,-0.569466,-0.406647,-0.046458,1.953554,0.590628,0.778152,1.724157,1.139951,-1.153668,1.670586,-0.184494,0.992309,-1.32837,1.396189,-1.564171,-0.589974,-0.844207,-1.777792,-0.7168,-0.720072,-0.660608,-0.558404,1.037204,-0.805667,-1.291313,0.045498,0.346969,0.885276,-0.208923,-1.617504,0.768985,0.698364,1.303195,0.752651,0.342256,0.379642,1.740042,0.443939,-0.020942,1.397741,1.172537,-0.010064,0.780592,1.99219,0.238707,-0.505139,0.379041,0.888351,-0.245566,0.588035,-0.286357,0.398092,0.119063,-1.191647,-0.815776,0.909644,0.483542,-1.527462,-0.588322,0.269925,0.455314,-0.64904,-0.142868,-0.000315,0.832097,1.089404,-0.355207,-1.142489,0.105146,1.053409,-0.816378,1.825263,1.11091,-1.092167,0.394245,-0.976969,-1.310628,0.717709,-0.356406,-0.430474,0.600554,-0.855668,1.593644,0.88278,0.51438,0.800744,1.106999,0.606866,0.736115,-0.519974,-0.079894,2.147932,-2.584219,0.1162,-0.18176,0.578752,-1.941834,-1.788639,-1.282336,-1.124042,0.925014,-0.689792,-0.624203,0.215361
ECA2467,-1.981668,0.651814,0.610587,0.267563,-0.820408,-0.576348,-1.649895,-0.805427,-1.652065,2.785278,0.662787,0.401468,0.324199,0.933253,0.710864,-0.182654,1.864214,1.601982,-1.08393,-1.154962,-0.658924,0.138819,-0.331834,0.47144,-0.110504,-1.228018,-0.145185,0.155717,-0.79821,0.231595,0.753896,0.434336,-0.150522,0.119506,-0.32984,-1.977849,-1.77905,-0.4803,0.757423,-0.65364,-0.619996,-1.09287,0.078677,-0.221142,-0.380095,-1.185545,0.041379,-0.597374,-0.816808,0.597014,0.028853,-0.19757,0.654164,1.029808,-1.154331,0.358034,1.059639,-0.168807,-0.19628,-0.494145,0.551103,0.184502,0.392026,-1.72199,2.149514,0.770624,0.951296,-0.539662,1.408004,0.921959,1.482791,2.325078,-0.187869,-0.786336,-0.804749,0.433102,-1.361467,-2.010057,0.948642,-0.723225,0.664756,0.985463,-1.503889,-0.679783,1.244939,-1.017711,-2.190527,-0.027781,0.13721,-0.573609,-1.262643,-1.276892,0.873569,-0.697287,1.382343,-0.399768,-0.463538,-0.952283,1.07911,1.079914,0.93784,-0.496473,0.460056,0.728338,0.52996,1.197623,0.70681,1.372158,-1.082108,-0.518063,-0.585028,-1.237267,-1.258096,0.831903,-1.640213,0.607979,-0.223845,-0.147426,-1.170996,1.274091,1.437588,-0.59937,-1.208327,-1.258419,-1.084415,0.657207,-1.489524,-1.422511,-0.410475,-0.402607,-0.340918,-0.420868,-1.497949,-0.309904,-0.009482,1.030081,-0.40236,2.192916,1.418943,0.49702,-1.237861,0.869972,0.96181,0.970255,0.612731,2.41449,-0.660041,1.907379,0.944314,0.735772,0.066348,1.395436,1.588099,-0.662513,0.093332,0.211233,-0.591962,2.350246,0.612305,1.134682,-0.400155,1.136787,0.702213,0.205127,0.053403,-1.071814,0.385202,1.576007,0.174566,1.33323,1.77638,0.944403,1.511378,1.052337,0.119958,1.667267,-0.089043,0.63338,1.095579,1.889153,-0.320641,-0.668139,0.353416,1.848581,-0.759454,1.163832,0.962059,-0.181063,2.457148,0.971081,-1.216793,0.772062,0.330881,-0.362992,1.772682,0.774018,0.050243,1.138916,-0.192184,0.274963,0.43186,3.213713,0.38724,1.387903,1.738453,0.548967,1.481047,-1.288881,-0.427333,0.660283,0.458332,0.550582,0.333571,-0.339623,-0.891949,-1.858153,-0.451471,-1.297137,-0.459438,-0.457251,-0.25687,0.657221,1.29913,-0.486907,-0.517767,1.23979,-1.063412,-0.116464,1.424053,1.003845,0.36563,-0.070831,0.874598,0.868029,-0.888352,-1.011509,-0.312632,1.313381,0.432435,-0.354048,0.345068,2.493572,0.963357,-0.600281,0.041376,0.24962,0.729318,-0.262547,-0.778384,1.71584,-0.027714,-0.546923,0.646216,-0.98648,0.184772,-2.217469,0.309094,-0.705797,0.333824,-0.172193,-0.501842,-0.747251,-0.541549,-0.205365,-0.220386,-0.620444,0.907872,0.795073,0.21111,1.594469,1.140852,-0.572916,0.684783,0.117514,-1.101062,-0.348714,-0.409171,0.323943,1.624251,-1.788992,-2.298574,-1.746009,-1.464639,-0.105635,-0.524093,0.486517,-0.541269,-1.250361,1.49773,-0.742901,-0.400603,-0.425342,2.187806,-0.102855,0.078926,1.169567,0.087997,0.596552,-0.796925,-0.518594,-1.196867,-1.649576,-2.243406,-0.953593,-0.99738,-1.012696,-0.292886,-1.228742,0.504589,-0.516108,0.636958,0.198109,0.158274,-1.520295,-0.448646,-0.283445,0.138777,-1.14124,2.122737,-0.698839,0.571259,-1.205937,-0.552,-0.799784,0.773055,-0.095573,-0.679423,0.012353,0.762186,-0.366167,-0.265035,-1.150124,1.320501,1.741915,0.72652,-0.693343,0.85808,0.701748,0.655644
ECA2581,-2.405424,0.764517,-0.845473,-1.634691,0.590973,0.639974,-0.624748,-1.310298,-0.336306,0.299833,-1.214386,-0.833899,0.132663,0.227921,-1.881009,0.161377,-0.811559,-0.016047,1.424745,1.330899,-0.218,0.127171,-0.745987,0.365277,0.88208,-0.788418,-0.425658,-0.686682,-1.451576,0.273819,-0.369895,0.4315,-1.261474,0.347862,0.020917,0.409532,0.519917,0.676379,1.162862,0.231957,0.966272,-1.930949,-1.037004,0.480731,-1.189684,-0.20351,0.059126,-0.895615,-0.162465,-0.335116,-1.564616,0.003188,-0.242001,-0.637885,-0.931264,-0.225879,1.280066,-1.505947,-1.525672,-0.006212,0.161878,-0.019262,-1.203017,0.117649,-0.72341,-0.634446,-0.719138,-1.495977,1.310828,-0.107558,-1.509939,1.802883,1.358108,0.4956,1.757624,1.735542,-0.344735,0.006716,0.400881,0.646228,1.425882,1.009547,-0.987428,1.12287,-0.488837,-0.456385,-0.207202,-1.105607,-0.302954,1.71288,-1.452233,0.080415,-0.498782,0.081584,0.360328,-0.398774,-1.545445,-0.700136,-0.099079,-0.21,-0.579836,0.60819,-1.087839,-0.367353,0.561751,-1.164876,-1.419838,-0.967413,-0.614201,0.028014,-1.561073,0.436514,-0.438792,0.424909,0.294116,1.163954,0.387351,0.197131,0.05761,1.554339,0.807683,-0.555229,0.421142,-1.028889,-0.442639,1.452364,0.795789,0.247283,-0.113432,-0.177536,-2.252244,-1.13503,-0.512237,0.313436,-1.695458,-1.51501,0.007035,-1.525159,-1.869501,-1.337961,1.711079,-0.504035,-0.638176,0.666788,-1.44438,0.609456,-0.331085,0.7748,0.99988,-1.442059,-0.335868,0.477803,0.173689,0.008379,-0.527306,-1.71164,-0.594028,-0.976783,-0.600679,0.253092,-2.196753,-1.462394,0.32154,-0.676168,-0.241179,-0.55933,-0.246451,-2.232635,-0.240672,-0.864093,-0.239601,-1.550939,0.762396,-0.19291,1.384091,0.430281,0.524059,-0.664269,0.009585,-0.342242,0.022361,-0.499464,-1.024761,-0.505436,-0.027518,-0.850588,-1.39184,-0.94059,0.314276,-0.3772,0.059241,0.79308,-0.089193,-0.020304,1.416383,-1.548618,-0.98164,-0.77884,-0.288949,0.914703,-0.412732,0.200157,-0.834674,1.502318,-0.079783,-0.895412,0.863021,1.14541,-0.203118,1.264288,0.426443,1.285162,2.416824,1.06214,0.286357,2.126534,-1.99387,-0.677848,0.755758,-2.084721,-0.889244,-0.285543,0.492802,0.386531,-0.934571,1.310395,-0.213225,0.651495,0.293487,1.686919,-0.201849,0.835689,1.144976,-0.151682,0.791801,-0.946011,0.062622,0.773987,0.30798,-0.705117,1.254289,0.240699,0.868941,1.083439,0.649622,-0.117286,0.584984,0.772262,-1.837641,0.244183,-1.050298,-0.41865,-0.369927,0.80603,-0.387972,2.400942,-1.288399,-0.896675,1.213112,0.089815,2.002305,-0.767763,-1.013647,-0.501412,0.840242,0.474008,1.794788,0.641179,1.348694,0.955521,1.586643,0.342043,0.165039,0.450598,0.262533,-0.055969,0.967549,1.836681,2.22273,0.10296,0.939195,1.035351,0.124127,0.271322,-0.408638,-0.317883,0.605129,0.86147,0.39876,-1.515239,-0.492275,-1.573419,0.930885,-0.235538,-0.731676,0.427694,-2.151587,0.203799,0.152237,0.535379,-0.578917,-0.52932,-0.802039,0.176297,-0.043117,-0.69828,-0.18121,0.556447,-1.30726,-1.286396,-0.134313,-1.98327,-0.263196,-0.327539,-1.278365,-0.363907,1.061379,-0.537482,0.542541,0.51567,-1.268174,1.43341,1.256616,0.636394,0.047584,0.628275,0.202408,-1.204815,0.283937,-0.142311,0.651125,-0.087775,-0.702343,1.963518,0.012801,0.226291,1.281896,-0.489903,1.160549
ECA2595,-0.433093,-0.212443,-1.525174,0.197448,-0.527579,0.866972,-0.420832,-1.415956,-0.444254,-0.400586,0.517869,-0.935438,-1.574489,1.391299,-0.304503,0.052136,0.159818,-0.379423,-0.367739,-0.496881,-0.118469,0.517812,0.067417,0.509306,-0.034724,-0.668842,-0.23175,-1.339796,0.263449,-0.531578,0.884331,-0.343421,0.003111,-0.687451,0.017877,-1.579263,0.567438,-1.051063,1.402611,0.964714,0.569075,-0.480161,1.155884,1.04285,0.384526,0.076889,0.773028,1.757363,0.333713,1.303722,-0.430529,2.11922,1.431915,1.514502,-1.468835,-0.514204,-1.178773,-1.046925,-1.186395,0.245829,-0.380741,0.360781,0.641501,0.998435,-0.174193,-0.047218,-0.9136,-0.550263,0.625071,-1.074327,-0.764207,-0.808057,-1.049025,-0.979844,-1.435448,0.970915,-0.402567,-0.088501,0.546968,-1.421005,-0.119064,1.41396,1.218117,0.158721,-0.104403,-0.9552,-2.00831,-1.889848,-0.092835,0.690301,1.996421,-0.329429,1.107714,-1.172258,1.164198,0.068946,-0.634667,-1.266608,-2.051854,1.184447,-0.705962,-1.717746,-0.345523,0.048847,-0.381433,-0.372579,-0.454275,0.018079,-1.35751,1.853151,-1.213158,-0.094546,-1.750681,-0.683117,-0.674371,-0.03192,1.150943,1.377952,-0.853169,-1.25942,-0.192438,-0.389643,-0.178587,-0.853623,-0.562907,-2.267001,0.039587,-0.230149,0.595218,0.293125,-1.708336,0.540622,-1.053376,0.321139,0.016231,-0.70038,-0.878873,0.403834,-0.299074,-0.64556,-0.82891,1.650964,-0.332899,1.274099,-2.025787,-1.52439,-0.593019,-0.754553,-0.253306,-0.994729,-0.753492,-0.767285,-0.513878,1.356105,0.187569,0.677631,1.497965,-0.10292,-0.338847,0.797949,-1.531853,0.148642,-0.850443,-0.092853,-0.887379,-0.810463,0.028963,0.389187,0.613818,0.453049,-0.716992,-0.561733,2.261118,0.258693,-1.870453,1.39051,-2.59675,0.679683,-1.54937,0.313504,0.091405,-0.216928,-2.264539,-1.059263,1.329915,-1.001059,-1.955922,1.054302,-1.488188,0.837919,-0.171728,0.638492,1.532334,2.137762,1.119859,1.223982,0.005507,1.306816,0.075464,0.054351,-1.012002,0.258137,-0.747996,0.063119,-0.760779,-0.725382,-0.094922,1.694423,1.444738,-0.041334,1.243969,0.502974,1.6573,0.280126,0.741,0.181641,-0.077466,-0.471553,-1.597609,-0.864431,-1.626996,-1.254358,0.55448,-0.517364,-1.225327,-0.167005,-0.632046,1.734882,0.489094,-0.457256,-0.15808,1.476827,0.704086,2.199635,-2.2745,-0.145248,-0.066295,-1.080805,-0.872811,0.664248,0.003744,-0.669147,-0.222866,0.769408,-0.14872,0.731913,2.805438,-0.00619,-0.459436,0.899948,-0.131047,1.032011,0.244905,-0.952601,0.405899,1.05157,1.189677,-0.186723,-0.414039,0.5454,0.090691,-1.203383,-1.099865,-1.802304,-1.322529,0.001159,-0.791096,-0.35363,0.006829,-1.077316,-0.365835,-2.655605,1.007529,1.37489,-0.516365,-0.960994,-0.251895,0.005485,-0.098258,-0.52332,1.589427,0.437939,1.745495,0.920921,1.575846,-0.454873,-0.450143,1.65688,0.095121,0.165646,0.145221,0.020426,0.231729,-0.465261,-0.58462,0.811991,-0.123939,-1.975145,0.102087,-1.045316,-0.807233,-0.667852,1.500239,-0.27022,0.835258,-0.74035,0.04513,-0.445156,0.434971,1.606094,2.384956,0.680062,0.698839,0.400515,1.26023,-1.178943,-0.922525,-1.310239,0.187618,-0.241094,0.44081,-1.142501,0.279627,-1.016435,0.975119,0.413136,-0.469118,-0.77373,0.568672,0.616563,-1.222635,-0.305959,0.129327,-1.063515,-0.76508,0.705446,-0.842661,-0.293213,1.388261
ECA2612,-0.19212,1.055285,0.429259,1.609479,-1.146532,-0.889758,0.069716,-1.270819,1.538772,-0.137406,0.147953,-1.178684,-1.274085,0.285868,-0.126343,-1.006608,-0.824211,-0.932273,2.161021,-1.394254,0.253054,1.421565,1.303741,2.204967,3.02436,1.535442,0.950164,-0.236749,1.958623,-0.027742,0.616442,-0.273372,0.313739,-0.130001,0.408089,-0.594521,-1.138709,-0.601255,0.086947,1.631246,-1.161938,-0.156706,-0.14168,0.104626,-1.206816,-0.893544,0.574139,2.407714,2.741801,0.091419,-0.39678,0.989446,0.050329,1.748607,-1.369639,-0.477129,0.791734,-1.11428,-0.126615,-0.929102,-1.188629,1.263472,0.039965,1.534771,-1.020385,-0.590039,0.790247,-1.065209,-0.699305,-0.852521,-0.541633,-0.724921,0.206681,-0.200578,-0.554526,0.138229,-0.568096,0.234875,1.038782,0.234427,-0.512291,0.478053,-0.993449,-0.044809,-2.282332,-0.243109,0.696901,0.756769,1.699328,-0.030618,-1.501981,-1.812499,0.01495,-0.618408,1.132588,-1.376216,0.027485,-0.304008,-1.340071,-0.098597,-0.379634,-0.584889,-0.75186,-0.098562,0.398446,-0.239337,0.090187,-1.52587,0.561088,-1.222109,-0.335313,1.076612,0.460724,2.070172,1.7358,1.995091,0.845857,-0.601539,-0.076659,-1.776011,-0.181238,-1.472541,-0.405504,-0.368686,-0.384783,-0.884813,0.54628,-0.660632,-0.534414,-0.290334,-0.182119,-1.089529,-0.578338,0.032604,0.181177,0.297322,0.144339,-0.638125,-1.271877,-0.171552,0.074805,-1.77234,-1.350778,-1.646278,-0.865246,-1.956904,-0.53881,0.728638,-0.706778,-2.547476,0.281298,-0.503248,-0.435911,-2.186703,-0.607992,-0.042444,-1.379973,0.856019,-1.385862,0.106302,0.59848,-0.413157,0.321959,1.503677,-0.30741,-1.788956,0.644058,0.229696,-0.103671,-0.324924,-1.081283,-0.053877,0.628114,1.092302,-0.148776,-1.427049,-0.774658,-0.082408,-0.162269,1.047287,-1.064987,0.24621,0.085578,-1.482849,0.730558,0.561584,-0.955374,-2.762259,-0.196413,-1.39236,-0.208331,0.26177,-0.808263,1.279184,-0.284304,0.282921,0.266724,0.247012,-0.673627,0.265557,-0.087964,-0.328493,0.273321,0.978895,0.153228,0.288306,-0.57579,-0.793869,-0.055751,0.76835,-0.28197,-1.620466,0.804275,-1.323401,0.387353,0.77397,0.336988,-0.552137,-0.523969,0.348025,0.674717,-0.856885,-0.0976,-0.658107,-0.630499,0.648761,-2.430529,1.205389,-0.904717,1.327368,0.132307,-0.075915,1.074006,1.409992,1.498351,-1.458142,-0.03103,1.844795,0.774232,0.885393,1.186362,1.137001,0.512929,0.055047,0.725553,-0.225762,0.924604,-1.163216,0.302626,-0.017095,-0.605798,-3.069274,-0.557593,-1.443436,0.100881,-1.097223,0.163077,1.299037,0.638478,-0.006519,-0.190854,0.778431,-0.577768,1.243632,-0.369669,-1.555504,0.837863,0.738962,0.214158,-0.955802,-0.778842,-0.336111,0.46787,1.169312,1.644208,-0.602422,-1.062003,-0.460453,-1.157857,-0.583931,-1.212118,-0.129578,0.631449,0.487182,-0.666078,-0.752462,-1.192853,1.667282,0.948005,1.857875,-1.941259,-1.899079,-1.565021,-2.277873,-0.699462,-1.540302,-0.384332,-0.296758,0.324149,-0.248285,0.028486,-1.128086,-0.724,-0.907605,0.364991,-0.027902,0.778993,-0.299503,0.070344,-1.23047,2.023637,-0.183864,0.028659,0.993426,1.455437,-1.714765,0.929644,-0.061683,-1.564719,-0.134627,0.496926,0.078385,0.193398,-0.525951,0.024198,-0.036913,0.967821,1.250704,-1.932725,-2.129059,-1.156806,0.290364,-0.238186,1.32088,0.921918,-1.070407,-1.084882,-1.011599,0.415296
ECA2861,-0.582633,-0.336843,-0.468505,-0.64453,0.222218,0.579151,-1.925294,0.126191,-1.654568,-0.432309,-1.234489,-2.069174,-1.261576,-0.288345,-0.844699,-0.964637,-0.235021,-1.440475,0.187475,0.936511,-0.169023,-1.072686,-0.659528,0.278225,-0.50034,0.665601,0.52125,1.434964,-1.113062,0.231567,0.467348,1.182956,0.313402,1.612527,-0.109867,0.550278,0.121739,2.324052,0.136706,1.076065,0.574967,1.380915,3.329111,1.889794,1.514256,0.353287,0.903251,-0.224472,-0.804779,0.223858,1.585213,-1.106549,0.351152,-0.742313,0.907278,-2.278418,-0.908165,0.563356,0.094931,0.025509,-0.619619,-0.246839,0.585505,-0.260371,-0.817533,0.835656,0.806204,0.434017,-0.545046,1.608463,1.178996,-0.107104,-0.288522,2.113018,0.536531,1.480464,1.210514,-1.30656,-1.763021,1.813473,-0.308465,-0.078617,0.304762,-0.202383,-1.34003,-0.811277,-1.14279,0.288133,0.582066,0.186227,3.343799,-1.296763,1.10836,-0.803667,0.424628,1.194333,-0.973944,-1.431732,-0.089288,0.737838,-0.374343,1.332361,-1.056278,0.348509,0.0131,-1.103732,0.566368,0.594142,0.840827,-0.510574,1.233765,0.484847,1.3096,1.431647,1.383726,0.372726,-0.51661,1.963732,0.108311,-0.257678,0.379813,1.33318,-0.145206,0.777301,0.610901,1.376466,-0.430287,-1.367168,-2.722919,-0.426725,-1.155206,-0.962462,0.043205,0.54347,0.108963,-0.708879,0.403383,2.279881,0.301433,0.107878,0.859669,1.321537,1.857651,1.856979,-0.417016,-1.743466,-0.869636,-0.20799,0.548754,-1.511857,-0.908057,0.465566,0.140793,-0.681128,-2.647406,1.290913,1.141539,1.05579,0.025188,-1.155166,-0.587225,-0.527378,-0.773448,-0.002082,1.879353,0.32574,0.384172,-0.369484,0.705905,1.378428,0.883805,-1.343052,1.600723,0.819317,0.244047,0.636199,1.072949,0.797753,0.713002,-1.221494,-0.314104,-0.466111,0.918923,0.219201,-0.64248,-0.187334,1.099598,0.61798,0.600291,-0.122757,2.327978,1.105769,1.071035,0.512983,1.096523,0.109489,-0.271748,0.327261,1.672851,1.879617,-1.670933,0.527212,1.136953,0.596393,0.085418,0.811277,0.913687,-0.758489,0.918456,0.496565,-1.359049,-0.169079,-1.991456,-2.110376,-0.458514,0.05776,1.995806,0.325855,-0.554089,0.782905,1.111577,1.790079,1.565818,0.661909,0.926397,-0.065001,-1.477937,-0.292921,-0.746128,-0.145902,-0.435447,-0.622141,-0.121253,-0.75532,0.961608,-0.207965,0.949804,0.231855,0.946505,1.471014,2.172161,1.854384,0.614256,-0.52109,-1.960653,0.270231,-0.813125,2.38553,0.55573,1.790764,2.275578,0.255589,0.233808,2.212491,1.417673,-0.900445,0.031875,0.37354,-0.632347,1.074144,-0.286478,1.864577,-0.61653,-1.247259,1.160113,1.439523,-0.345925,0.342263,1.529754,1.438524,0.987447,-0.115407,-1.182538,-0.448096,-0.003123,-1.535564,-1.351331,0.489095,-1.202952,-0.642241,0.719044,-0.757957,0.192309,-0.727016,-0.7296,-1.084333,-1.124559,0.333126,-0.371041,0.216146,0.59476,0.148459,1.000659,1.617697,1.201803,0.524077,0.079453,0.778587,0.414659,-0.082483,1.088773,-0.307925,-0.012984,0.16142,0.697582,-1.577819,0.346932,-0.879836,0.906462,0.089653,1.047068,1.211294,0.256125,0.411737,0.532057,0.077142,1.097334,-0.333581,0.851816,1.947512,-0.660111,0.732883,0.105025,1.52537,0.166891,-0.084803,-0.059063,-0.921355,0.133464,1.143322,0.000377,1.454709,0.704247,0.829192,1.031718,2.000038,1.048391,0.765901,-0.499208
ECA2970,0.645438,0.365099,2.72476,1.236239,1.604607,-0.658604,0.791148,1.748815,1.83288,-1.307461,-1.431577,0.781502,-0.346348,1.547808,-0.083519,0.841708,-2.162171,1.289056,0.420574,-1.484666,-0.017396,-0.050615,-2.36179,-0.505714,1.075462,-0.578327,0.649641,-0.59484,-1.293192,0.508521,-0.822983,-0.940103,-0.661937,0.564555,-2.092643,-0.71374,-1.310374,-1.160668,-0.824016,-0.310249,0.496301,-1.051712,-1.241233,-1.202013,0.87835,0.885418,-0.872529,1.164906,-0.904668,-0.589772,-0.403082,1.592386,0.03204,0.214769,0.204008,-0.150113,-0.767651,1.124634,1.313146,-0.255563,0.030553,0.848294,-0.497651,-1.64781,-0.002944,-0.525218,0.551086,-0.92746,-0.455647,-1.128171,-1.543459,0.23198,-0.332787,-0.447791,1.358039,1.216467,0.09619,0.55378,0.709297,-0.664694,1.39239,1.40853,0.464537,-0.162145,-0.077571,-1.591375,2.169113,1.192248,-0.263995,0.879454,-0.755688,-0.271387,0.413406,0.789513,0.200905,-0.532213,0.117292,-0.862175,-1.027981,0.31242,0.275644,-1.225642,1.320797,1.535925,-0.104917,-0.254532,-0.216421,-1.817635,0.260683,0.462933,-0.322569,-0.254094,-0.342301,0.278625,-1.295422,0.354037,0.341841,0.480107,0.369373,0.475657,-1.168257,0.963145,0.00561,2.193195,0.32532,-0.312343,0.217675,-2.101729,-0.720261,1.018731,1.030404,-0.404568,-1.94005,-0.900036,-0.701731,0.404856,-0.999198,-0.591891,-0.905931,0.490834,-0.298881,0.044919,0.630825,-0.039028,-1.633787,-1.018476,-0.907808,-0.355281,-0.637772,-1.246881,-1.336856,0.386723,0.082224,0.80347,0.279763,-0.344335,2.346692,0.699427,1.561078,-1.19181,0.816955,-1.096864,-0.127224,-0.419745,0.432406,-1.378343,-1.287256,0.742735,-1.016147,0.258311,-2.596385,0.182567,1.723212,-0.962904,0.813238,-0.445794,0.844625,-0.343498,-1.082543,-1.031369,-1.040348,0.810214,-0.360777,0.953836,-1.63848,0.684463,-1.022705,0.00224,1.021354,0.060694,-0.402,0.946107,1.336619,-0.76566,-0.542071,-1.039916,0.754407,-0.602896,-0.431582,-0.666987,-0.209178,-1.430131,-0.079347,0.5199,0.194266,1.176244,-1.535023,1.670789,-0.244684,0.055737,-0.985192,-0.414854,0.317347,-1.400318,-1.349871,-0.359323,0.636111,0.956007,-0.046922,-0.916518,-2.162684,1.124569,-1.394525,-2.04216,0.516733,0.097376,1.012571,-0.38265,0.706291,0.44322,0.980572,0.295206,-0.481265,1.351514,2.893878,0.070724,-1.99936,0.190392,-0.136675,-0.116467,-0.128736,0.479145,-0.606243,-1.46531,1.002687,0.576541,-0.904949,-0.235234,0.379302,-1.020383,-0.562831,-1.485602,-0.281525,0.045824,-0.722256,-0.209915,2.967223,-0.684488,0.942947,1.227976,-0.397921,-1.873849,-1.561425,-2.66052,-1.985169,-0.107673,-0.253567,-0.822661,-0.86668,0.229805,-0.893384,-0.268382,-0.209409,0.860992,0.960358,0.599032,0.75722,0.751594,0.739181,1.475001,0.056597,0.055766,0.823278,0.781823,0.309556,0.738872,0.304633,0.158569,-0.108105,-0.876282,1.238727,-1.095582,-1.791529,0.231966,-1.168938,-0.08664,0.152581,-1.214427,0.949713,0.0296,0.674795,1.460501,-0.717368,0.39845,2.179992,0.658034,-0.272442,-1.197319,-0.904296,0.127436,-0.075743,0.328234,-0.854758,-0.200278,-0.828035,0.801072,-1.071126,0.910448,0.906608,0.851877,0.65721,-1.496511,-0.780806,0.56984,-1.386463,0.70895,-0.728386,-0.038816,0.085424,-0.722426,1.20155,0.486771,-0.997157,1.805831,0.377892,0.09401,0.636263,0.311954,1.053574
ECA3006,-0.801653,0.207141,1.536372,0.605005,0.887188,0.716578,0.980899,0.53608,-0.545533,0.109927,1.087436,-0.250746,-0.769865,-1.87806,1.24285,0.062402,0.744788,-1.156723,-0.342796,-0.616374,-0.182718,-0.91206,0.075054,0.962101,0.561885,-0.819776,-0.251629,0.833556,0.792866,0.990466,-0.359531,-0.942987,-1.663864,-0.46466,-0.47589,-0.984163,1.428347,-2.084636,-1.155333,-0.167824,-0.257356,-0.047487,-0.095087,-0.320966,0.656728,0.414955,-0.572416,-0.007871,-1.762087,-0.728876,-1.620702,-0.741297,-0.884258,0.328602,0.396804,-1.109401,-0.164948,0.232019,0.394749,-0.353716,-0.389871,-1.709222,0.126969,0.344721,-0.602208,0.707016,-1.567269,-2.064265,-0.720693,-1.19631,-1.258219,0.369879,-0.067627,1.377588,-0.197715,-1.667457,-1.33817,0.571177,-0.235175,-0.936331,-0.862449,-0.417905,1.464726,-1.76197,0.979887,2.345421,0.457515,0.190016,-0.807609,-0.159749,-0.024289,-0.325586,0.706653,0.295544,0.267948,-0.561883,1.858086,-0.609105,-0.419218,-0.819799,-0.432278,0.748011,-0.63816,-2.500989,0.184925,-0.535987,0.335716,-0.117531,-0.378286,-1.259434,-1.210689,-1.180607,0.164334,0.213457,-1.458244,-0.221962,0.111558,0.014717,0.654375,-1.616505,-0.393387,1.868171,1.535263,1.860273,1.207568,0.572138,-1.437444,0.88053,0.741117,-0.123928,0.977618,-1.465854,0.705067,-1.292983,-0.449289,-1.590916,-0.693564,0.765336,0.345689,1.290011,0.272847,0.099894,0.11134,-0.066165,0.689516,-0.621635,1.043925,0.356331,1.949854,-0.709085,-0.846432,-0.031834,0.273583,1.735716,0.976686,0.075039,-0.966334,0.530878,-0.239089,-0.796329,0.733934,-0.501327,0.105251,-0.233114,-0.513031,0.72,-0.593053,-0.869654,0.100993,-0.006096,-0.543033,0.378136,0.457654,-0.541812,-0.381937,0.427268,0.199382,-0.347359,-0.824845,-0.74707,-0.453073,-2.229277,-0.235448,-0.427372,0.338936,-0.894205,-1.25428,-1.629144,-1.489649,0.215638,-0.674443,-1.049248,-1.411944,-0.397035,-0.000636,-1.170751,-1.548765,0.561371,0.115573,0.307539,-1.285702,-0.38909,-0.204919,0.871282,-0.205246,-0.436531,-0.031651,-0.837592,-1.781677,-0.916194,1.004302,-1.41563,0.671896,-0.015165,0.815323,-1.242718,0.345875,-1.123164,-0.468887,-0.311178,0.560293,-2.825514,-0.144871,-0.495449,-0.974906,0.175951,0.786564,1.050478,0.313924,1.85076,1.548973,0.971858,0.937514,-1.746352,0.686144,-1.470967,0.299563,0.665177,-1.348582,-1.16677,0.169028,-0.75657,-1.615203,-0.402017,0.857265,0.055354,0.686901,-1.448925,-0.407247,-0.721221,-0.034827,-1.472529,-0.016656,0.745991,1.947455,0.314697,1.005093,0.211678,0.280661,0.480714,0.279205,0.018476,-0.523391,-0.166681,-0.973372,-1.311254,0.035049,0.730591,-0.103993,0.115973,-0.799604,-0.284552,0.14573,-0.553523,0.493279,1.01804,-2.090533,0.0543,-0.951341,1.011968,-0.811449,-1.058212,-0.216995,0.838054,-0.662389,-0.265006,-0.44019,0.66098,-0.193254,0.055033,-0.222465,-0.421458,1.223556,1.523404,-0.046577,-0.593045,-0.863488,0.556968,2.011403,-0.30478,-1.065252,-1.580616,-0.803644,-0.950562,-0.095841,-2.005463,-0.080357,-1.273123,0.728353,-0.505047,-0.680337,0.536812,-0.74825,-1.133523,-0.001268,0.487063,-0.15432,-1.008312,-0.977613,1.871023,-0.494285,-2.241681,-0.938606,0.149397,0.344799,1.672558,-0.612481,0.060723,-0.888366,0.205463,-0.730963,-0.687706,0.417149,0.248619,0.125752,0.421065,-1.811842,-0.190698,-1.606192
ECA3077,-1.602437,-1.725675,-0.023216,-0.341144,0.681013,-1.034707,-0.455583,-0.6681,-1.105572,-1.038863,0.223347,-0.594753,1.242293,-0.364281,-0.772649,0.145414,1.313409,-0.307397,-1.604465,-1.161439,-0.698362,-0.242502,-0.246746,-0.151484,-0.001123,0.748318,-0.691619,-0.30347,0.033504,0.276388,0.410232,0.236219,1.462012,0.306392,-0.444175,-0.986415,0.649449,0.457176,1.365606,-0.951316,-2.840777,1.14931,-0.131308,0.102177,1.895989,-0.259712,-0.054103,-1.176947,-1.241132,-0.710179,0.008333,0.336611,0.325818,-0.461716,0.302085,-0.799616,-0.759076,-0.545546,-0.583292,-0.931614,0.098692,-0.779649,-0.812751,1.295356,-2.327489,1.555301,-0.699432,0.824166,-0.209961,0.803634,0.152396,0.630517,-0.039938,-1.594865,-0.248281,0.050175,-1.377909,0.532306,-0.389023,-0.074271,-2.373109,1.075338,1.165416,0.98407,2.037256,0.744256,2.33365,0.47102,2.063621,1.955516,1.59829,1.853458,0.220116,1.261508,0.342911,2.285921,0.518257,-0.626564,-0.130937,-1.015069,-0.217416,-0.845799,-0.430346,-0.808475,1.220293,0.309784,2.492326,1.626823,0.081869,-0.266053,0.319523,-1.048912,1.045692,-0.629635,-0.417002,-0.354478,-0.996471,0.842271,-0.018713,-0.250822,-0.592776,-2.061538,-1.517103,-0.670464,-0.464259,-0.500059,0.045246,-0.178624,-0.289071,-1.517797,1.30502,-0.756931,-0.326294,-0.07754,-1.555949,0.777869,-0.463906,-2.467402,2.059149,0.597118,0.295323,0.211861,-0.115987,-0.34458,0.757101,1.394224,0.985753,0.930764,0.095243,-1.245467,-1.241655,-1.064985,-0.441374,0.485307,0.330285,-0.332028,-1.924346,-1.547049,-2.129953,-0.152277,-1.590794,-1.196893,-0.484185,-1.206406,1.025877,-0.695542,0.877236,0.53842,2.125416,1.427153,0.853147,-1.004273,-0.282104,0.334101,-0.831833,0.193263,-1.514507,-0.610446,-0.440046,-0.618678,0.193916,0.66554,-0.001106,0.213702,0.184441,0.57399,2.153818,-0.513206,0.590894,1.131455,-0.907253,0.525175,-0.334343,0.715257,0.588453,-0.291443,0.421384,0.632793,1.077094,-0.378565,-1.237868,1.329106,0.525963,-0.109023,-0.981517,-0.928713,0.130101,-1.771212,0.334639,-0.746952,-0.095746,0.574399,0.822109,0.337433,-0.586175,0.197864,-0.273527,0.382965,-0.443351,-1.16474,1.505135,-2.758087,-0.0141,0.353664,-0.577241,2.440471,1.257372,0.147756,0.416476,1.073906,1.90863,-0.113538,0.135348,0.977197,-0.605895,-0.721627,-1.814726,-0.627887,0.431038,-0.582065,-1.427649,-0.998776,-1.058057,0.716681,0.061629,1.042333,1.503439,-0.25613,0.612899,0.463566,1.048557,0.564305,-1.021874,0.148308,-1.684074,0.921491,0.016319,0.005503,-0.358792,-0.871912,-1.123513,0.958241,-1.923485,-0.106402,-0.748042,-0.219613,0.694862,1.139917,1.685332,-0.754991,0.097014,0.777933,1.01102,-1.020544,-0.2577,-0.727647,-1.286056,-0.63526,-0.658093,0.706825,-1.164266,1.23252,-0.421686,-1.338405,-0.567631,-2.169691,0.087518,-2.419462,-0.473767,1.355514,-1.117576,-0.23815,-0.098595,-0.90103,-2.113188,-0.158303,0.555563,-0.788051,-1.242397,0.53157,-1.970526,1.128432,-1.32725,-1.05732,-0.24577,-1.14813,0.030439,-0.761527,0.153399,-0.562372,0.157332,-1.191578,-0.529527,-0.934076,-1.381301,0.170641,-0.058919,1.124329,-0.428474,-0.906248,-2.016536,-0.21039,0.823541,-0.004421,-0.37664,0.215233,1.316872,1.08231,-2.010779,-0.068183,0.589549,0.326828,0.510311,-2.67926,1.006676,1.961461,-0.917758,0.545434,1.85842
ECA3088,-0.963172,-0.300272,-0.69901,-1.900614,0.904014,-0.521739,-0.473001,1.608087,-0.118898,-2.651565,1.23221,-0.521,-2.443667,1.189701,1.885503,-0.028499,0.508958,-1.334288,0.431169,0.477104,-1.467076,-1.658092,0.199553,-1.495327,-0.933712,0.512395,-0.878029,0.324451,-0.582868,-1.589079,0.28655,0.747197,1.26595,-0.118934,0.193891,-0.355483,1.298679,-0.415993,0.566123,-1.414799,-2.20745,0.971833,-0.423692,-0.470888,-0.566273,1.034295,0.645509,1.018441,0.573456,1.586617,1.891025,0.20862,1.887967,2.03507,-1.518757,-0.32907,-0.78791,1.113341,-0.884329,0.118992,1.106745,-0.637456,0.511242,0.584004,-1.497417,0.860443,0.453152,-1.309876,1.815306,0.138473,0.087788,-0.706644,-0.89946,-0.769144,1.535306,1.003332,0.267552,-0.773943,-0.303684,-1.236189,-0.372579,-0.860786,1.231169,0.522077,-1.061746,0.085414,0.044045,-0.802605,-0.296387,0.00131,0.634972,-0.546134,0.660459,0.597264,1.30243,-0.155804,-0.314446,-0.590199,1.092129,-0.505893,-0.122941,1.977273,0.645953,0.767055,-0.66107,1.961509,0.988622,0.335803,0.20377,1.77584,-1.933179,-0.651649,0.944971,-1.377969,-1.375514,0.883131,0.954367,0.559991,-1.149561,0.289049,-0.170374,0.280671,-1.467946,-0.039201,-0.63677,-0.462417,-0.827981,0.828825,-2.164364,0.911493,-0.1396,-0.367786,-0.091231,-0.417336,0.239244,1.27163,0.110781,-1.213775,0.483914,-0.908231,-0.39196,-0.489532,-0.493545,-0.252992,-0.124966,1.300278,-0.839956,-1.252641,1.107168,-0.920273,0.029162,-0.686125,0.095224,2.227736,-0.417158,-0.30801,-0.224429,0.554678,0.360027,0.93162,-0.043712,1.150986,-0.003985,-1.426451,-1.713849,0.032172,-0.851138,-0.749999,-0.738601,-0.392655,0.663151,-1.140251,-1.612675,-0.961761,-2.722486,0.024871,-1.786357,-0.684404,0.3294,-1.917442,-1.364184,-1.616454,0.315385,-1.10534,-1.667023,-2.13703,-0.027803,-0.341899,-0.829089,-0.496246,1.344401,0.780836,-0.113609,0.044367,0.303585,-0.523546,0.900814,-0.905875,-1.30067,0.197217,0.626494,-1.031151,-0.934821,-1.096564,0.357705,0.034189,-1.457206,-0.574384,-0.070593,-0.858431,-0.417214,-0.181421,0.847433,-1.157011,-1.287556,-1.632833,-0.879741,-0.760466,0.552346,-1.06272,-1.27906,-0.343025,-1.399878,-0.893427,0.360216,-0.842209,0.059676,0.980866,-1.235885,-1.63437,0.932942,-0.760771,-0.909932,-0.38293,0.159504,-0.627121,-0.566971,-1.587443,-0.083126,-1.44975,0.019801,0.08204,-0.451914,-0.231496,1.065441,-0.52704,1.249122,-1.268308,0.278243,0.573593,-0.382041,0.227894,0.375207,0.436401,-0.371212,0.140953,-0.265635,0.329053,0.605505,-0.041786,-1.169952,-1.425689,0.110071,0.126491,-0.306341,-1.752625,-0.853208,-1.160448,0.644065,-0.355214,0.481936,1.480159,0.640347,0.443261,-1.104205,0.498152,-0.227862,-0.395277,0.039734,2.810443,-0.569025,-0.279042,-0.521077,0.89671,0.39076,0.929561,1.563331,0.41324,-2.405658,0.87356,-0.957789,-0.681108,-0.364887,-1.673355,0.336432,-0.538075,-0.329037,-0.245341,-1.68161,-1.05674,-0.20698,0.709287,0.57593,-0.804379,2.348567,0.091186,-0.390361,0.973895,-0.462668,-0.457928,-1.025893,-1.339645,1.188959,-0.102308,-1.748186,1.264841,-0.200084,0.805971,0.770056,0.289251,0.922577,1.138912,1.714199,0.890184,1.750458,-0.511992,-1.022795,-0.45812,-0.448274,-0.112911,-0.774949,-1.079661,-0.784525,0.242182,-0.804712,-1.7293,-1.255148,-1.031633,0.228239
ECA3116,-0.177513,-1.372456,0.028707,0.446732,0.831463,0.661697,-1.287498,-0.825674,-0.486617,-0.0232,-0.667328,-0.661374,0.417657,0.998535,1.857888,0.778108,-1.504923,0.095024,-0.868604,-0.355431,-0.081843,-0.453327,1.018668,0.589806,0.654625,-1.797781,1.328248,0.828466,1.29273,-0.97394,-0.313247,-0.510057,0.021306,-0.598133,-0.528139,0.009966,-1.344755,0.454557,-1.237205,-0.868762,-1.454361,1.02885,-0.7513,1.203746,-0.198872,-0.092941,0.395363,-0.534728,-0.735148,0.254694,-1.007994,0.57481,-0.548656,0.429526,2.331445,-1.448443,0.061488,-0.362231,0.710067,0.312545,-0.812068,0.445486,0.269783,-0.105512,1.348486,-0.839177,0.515579,1.610318,3.030961,1.30485,0.848313,-0.505261,-0.352101,-0.235924,-0.232968,0.082757,-0.201641,0.028072,-1.611455,-0.928315,-0.599347,0.722417,1.000665,1.039017,1.814021,2.220176,1.08841,2.514808,2.648185,1.023461,-0.042238,0.361048,1.250054,0.765936,-0.186469,-0.330297,-0.460917,0.999332,0.774013,-0.318064,-1.454203,0.765282,-0.211672,1.321988,0.668793,0.854584,1.739225,0.48176,0.353711,0.041383,0.767718,-0.062882,-0.939549,0.533871,-0.59664,0.310946,1.121601,-0.113835,0.815923,-1.76031,0.299292,-1.595466,-0.422863,-0.906839,-0.929697,1.241994,1.375613,-0.541984,-0.696925,0.430219,-0.697039,0.450232,0.156083,-0.458138,-0.511768,1.384977,-1.437876,0.942287,-0.639965,0.266544,-0.826345,0.240944,-0.483632,-0.823815,-0.86525,-0.559263,0.737154,-0.907366,0.730576,-0.573104,-0.681039,0.413059,1.164547,0.37983,-0.478998,-1.451854,-0.613025,-0.749813,0.32723,-0.906237,0.02486,-0.519748,0.164715,-1.365337,0.164774,1.910662,0.399939,0.633788,1.121478,0.901875,1.111843,0.103562,-0.266744,1.368086,0.971935,-1.15484,0.55269,-0.189291,0.406784,0.470647,0.755702,-0.80445,1.578052,-0.82718,-0.453483,1.364871,0.52059,-0.115764,0.945676,-0.572837,-0.424724,0.69458,0.003805,-1.320945,0.332395,0.552772,0.725178,1.426486,-1.257869,-1.096375,0.719371,0.63692,-0.409778,1.424276,-0.138482,-0.026473,0.07046,0.13946,1.319029,-1.715055,0.078158,-0.841633,-0.16147,0.000135,-1.225248,-0.221714,1.096521,-1.632336,-1.501473,-1.284242,0.030688,0.091293,-1.155531,0.706029,-0.263954,-1.680452,-0.628305,-0.262407,0.185578,0.834114,-0.450673,0.132895,-0.213329,0.128348,0.221862,-1.436772,0.501857,-0.475464,1.749447,1.929737,1.089645,0.87707,0.6573,0.151324,-0.460826,-0.977017,1.75598,0.554838,0.93598,-0.647013,-0.484519,0.848165,-0.426098,-0.958559,0.349942,-1.322851,0.765664,-0.674426,-2.132256,-0.166389,-1.145784,-0.301441,-0.494573,2.478644,-0.186402,1.019008,1.28606,-0.211013,1.141726,0.396565,2.110481,-0.466103,-1.124885,1.667464,1.767648,0.146109,-0.261146,-1.742939,1.097185,-0.578415,1.189427,1.527306,0.110302,-0.773388,0.606788,-0.984311,1.830099,-0.636002,-0.787168,1.082823,0.160804,-0.220476,-0.819702,-1.102952,0.246874,-2.328199,0.499726,0.115995,-1.737241,-0.804847,0.456009,-0.791536,-0.454802,-1.898562,0.474088,-0.952814,-0.862721,0.819144,0.83702,-1.257858,0.187496,-0.888384,0.148822,-0.074818,0.741177,-0.825644,0.075071,0.207948,-0.918097,-0.061935,-0.951118,-0.523467,-0.893333,-0.825202,1.327144,-1.429691,-0.189873,-0.103993,2.486268,-0.455496,-0.807091,-0.357408,0.188336,0.10066,1.422845,-2.065379,-0.756763,0.408317,0.147936
ECA3117,0.885705,0.215913,0.563633,-0.585284,0.309313,-1.11063,1.715492,0.740219,0.875777,-0.082304,0.614073,0.304107,0.297442,1.951141,1.562052,2.122857,1.842958,0.364504,-0.633932,-0.444481,1.802993,-1.634615,-1.839196,-0.264478,-1.122752,-0.656514,-0.106931,0.397769,1.475178,-1.158855,0.640247,-0.829162,-0.06097,0.004654,-0.868291,-1.235101,0.464588,1.844327,1.234636,1.216716,1.735118,0.953815,0.790241,2.095493,1.522368,-1.04261,-0.092337,-1.325358,-1.397435,0.617239,-1.193363,-1.787046,0.469217,-0.901373,0.531727,-2.099388,-0.780324,0.367783,-1.408912,-0.065298,1.321495,-0.373643,-0.535179,-0.844963,0.526377,0.403571,0.091075,-0.116445,-1.020484,-1.613898,0.715848,0.015965,0.959766,-1.15584,0.192531,-1.71349,-0.532276,0.718915,-0.064806,-1.484146,0.049373,-1.096714,0.162047,-0.416339,0.187506,0.658207,1.525992,-1.434476,0.489009,-0.313293,1.206084,-0.39193,-1.256272,-0.010543,-0.386686,0.993232,-0.09634,-0.101865,-0.317084,0.71962,1.451431,-0.920841,-0.14778,1.367391,-0.857634,0.202844,-1.557542,0.541197,1.318648,0.785502,1.296788,0.255539,-0.8255,-1.345226,0.378956,0.999038,-0.230541,-0.521063,-1.781764,-0.818669,0.057489,1.363647,-1.757659,0.556201,-0.202126,-0.056245,0.628242,0.308987,0.469081,0.90142,2.00001,1.255906,1.153528,3.060523,0.790891,-0.682584,-1.045593,-2.080917,-0.327918,1.375738,0.982123,-0.673545,-0.676885,-0.153944,-0.936854,0.564544,-0.739546,0.088415,-0.026145,1.134044,-0.822502,0.086965,-0.189637,0.081032,-0.447726,0.473863,1.790226,-0.237813,-0.16692,-0.560406,-0.912899,-0.563942,0.532831,0.331855,-2.00799,-0.705329,0.23597,-1.047048,-1.649647,0.105953,-0.683917,-0.540934,1.688119,-2.413694,-0.013726,-0.645298,-1.012829,-0.190919,-0.230549,-0.30493,-0.898446,1.318238,0.338173,1.033437,0.266834,-0.164918,0.026383,2.489958,-0.024936,0.576813,0.583544,0.621173,0.830571,2.590213,-0.351786,0.507631,0.712529,1.621484,1.757698,-0.278156,-0.871332,0.218297,-0.710019,0.541246,-0.492023,-2.581348,-0.276752,1.095759,1.697378,0.659322,0.292281,1.4179,0.221807,0.660927,0.698615,-0.640645,-0.37433,-0.651978,-1.823498,0.067685,-0.407685,-0.620657,-0.113551,-1.185538,-0.215775,0.70638,0.560098,-0.787117,-0.917318,-0.592459,1.16339,1.346436,0.871732,1.182583,-0.486327,0.589172,0.387995,-0.704801,-0.972756,0.474171,1.859218,1.192719,0.496418,-2.048763,1.040111,-0.198087,1.687714,0.246903,0.47199,0.301531,0.127634,2.478326,-0.56807,-0.337752,-0.674513,-0.630337,-0.019096,-0.572271,-1.343205,0.287034,0.298667,0.29416,0.084875,-1.297224,1.139142,1.914555,-0.341951,2.802324,-0.393419,1.33352,-0.92767,-0.170969,-1.070935,-2.460672,-2.201462,-1.574808,0.744729,-0.378963,0.599218,0.391869,0.197153,0.884139,0.234777,-0.037029,2.196534,0.583329,-0.374494,2.078149,1.033138,2.089127,1.346411,0.550134,1.87847,0.102717,-0.018614,2.468609,0.265787,-0.594812,-0.335904,-0.760429,-0.248528,0.256315,0.641472,-1.308344,-0.473386,-1.306998,0.119331,-0.341578,1.364157,0.453338,-0.305295,0.226421,-0.698945,0.685646,1.299566,0.828743,0.124393,-1.003929,-0.595833,-0.119258,-1.035081,-0.966469,-2.085746,-1.240168,-1.546322,0.149818,-0.902449,1.433451,-0.893213,-1.409942,-1.635369,-0.048084,-2.405553,-0.940344,0.242237,-1.852952,-0.209069,1.355091,-1.283214
ECA348,1.292856,-0.006943,0.021157,-0.390161,0.291705,-0.399015,-0.921262,-0.614801,-1.919147,0.051967,-0.087643,0.778136,0.894032,-0.223891,-0.287833,-0.232739,-0.700058,-1.105,-0.725769,-0.515439,1.247303,0.218279,0.213445,0.664222,0.127451,-0.473207,-0.047531,-1.284099,-0.771391,0.544888,-0.523422,-2.050695,-0.675211,-0.308633,-0.229368,-1.554394,0.634296,0.550605,1.541298,1.079384,1.929565,1.476089,1.829911,1.759118,3.374254,-0.291935,-0.327311,2.597448,-0.15168,0.351712,0.230113,0.47627,-0.012709,0.560756,-0.725188,0.81407,-0.336369,-0.40838,-1.922621,-0.086448,-0.738304,0.667321,0.454763,-0.804759,-0.582924,-0.453967,-0.362218,0.714038,-0.883941,-0.796402,-1.025877,-1.166935,0.748386,-0.320767,-1.219251,0.487629,-0.84606,-0.316024,2.206206,-0.343632,-0.570937,1.156354,0.66333,-0.261085,-1.787552,-1.285634,0.030333,-1.10365,0.558293,-0.900512,-0.699479,0.972907,-0.677322,0.416897,-0.669947,-0.124477,-1.480663,0.787779,-0.349734,2.788688,0.022672,0.008011,0.462783,-0.216493,-1.159021,-0.607399,0.321323,-1.375212,0.3184,-0.463483,-0.079765,-0.82581,-1.182875,-1.380989,-1.85501,-0.260599,0.558088,-0.410969,-0.162946,-1.223511,1.294361,1.292641,-0.541722,-1.011928,0.445942,0.31811,1.079261,2.195934,-0.634543,0.811158,0.39366,-0.104759,-1.270185,-0.585965,-1.376919,0.378493,0.840524,0.859385,-1.59585,1.54742,0.873096,1.504983,-0.48386,-0.982463,0.555553,1.730759,-1.020747,1.69847,0.277376,0.331723,-0.633812,-0.350812,0.127322,-0.36987,-0.044976,-1.101521,1.842385,-1.872477,0.418136,-1.081029,-0.508906,-1.082894,0.686548,1.991149,-0.072222,0.825402,-0.600344,0.351811,0.599551,1.728577,0.077227,-0.152227,-1.204284,-0.771418,-0.642878,0.221097,1.195731,-1.343181,-0.628109,-1.21965,0.381002,2.616409,0.122045,0.937581,0.603339,-0.437699,0.816393,0.911958,-0.240615,-0.775717,-0.65772,-0.3173,1.965622,1.695488,1.04243,0.407196,0.520054,-0.045572,-1.563599,0.958516,1.656361,-0.40054,-0.603765,-0.937389,-0.218944,0.884975,-0.972241,0.312633,0.860698,0.799818,1.107545,0.861737,-0.743288,0.986679,1.584905,-0.065774,-0.889881,0.320477,-0.727839,-1.105989,-0.602413,0.90309,-0.176057,0.760826,-1.841308,-0.554213,1.423332,0.518949,1.021978,-0.924701,0.463335,-0.380426,0.98518,-0.622847,1.089809,-1.580459,-0.629495,-0.430669,-0.203706,1.729702,1.128566,2.090982,0.251213,-0.125662,0.918796,0.313168,1.622467,0.602695,0.320403,1.299871,0.95755,0.147451,0.53409,0.01466,0.004474,0.838942,0.550437,0.272415,0.440911,0.690678,-0.08762,0.135408,0.411254,0.309388,-0.704254,-0.620098,0.927251,0.649324,-1.697382,-0.558403,-0.545552,-0.067325,0.716826,-0.258854,0.692387,0.672393,-0.293076,1.339015,0.973128,-1.38064,-0.637231,-1.210716,-1.166391,0.5502,0.030074,-0.735837,-1.559027,-1.92135,-0.76367,-1.035892,0.26518,-0.782378,0.711356,0.424426,0.095389,1.021562,1.399017,0.066173,-0.122613,0.549777,-0.547269,0.659407,-0.354893,-0.188321,0.174078,-1.390864,2.325041,0.498308,-0.489079,0.940589,-0.096084,1.504102,0.436787,1.019301,0.85946,1.280855,-0.489828,-0.20228,1.015385,0.396187,0.761667,0.742145,1.175852,0.070877,-0.308064,0.894221,0.334073,-0.822845,0.323811,-2.121741,1.135016,0.200964,-1.188803,-0.505738,1.447526,0.22043,1.152746,0.586173,0.738476
ECA369,0.288177,-1.238148,-1.023329,-0.316061,0.259784,-1.40288,0.637486,-1.021518,0.540676,0.2214,-0.418759,1.046065,0.679894,0.023723,-0.475335,0.267194,0.175641,-0.239232,0.370201,-0.596656,1.128896,-2.01661,-0.5121,-0.685409,0.184313,-1.357254,2.334408,-1.579284,-0.125172,0.161194,0.451642,0.136887,1.006125,-0.620423,1.071881,0.326491,0.332994,-0.03585,-0.067413,2.172799,-1.240161,0.326548,-1.478198,-1.125909,0.32489,-0.351499,1.480534,-0.495204,-0.205313,-0.731739,-1.046236,-0.509348,-0.666989,-0.912156,0.311541,1.299418,0.540178,1.498484,-0.390354,2.272863,0.373043,1.116014,0.75343,0.275521,0.335162,-0.193945,0.243007,-0.049642,0.069079,-0.160715,-0.713026,-0.637748,-1.21632,0.041879,0.61436,-1.403752,-0.398345,-0.660419,-0.244412,-0.116628,0.20831,0.113861,0.066693,0.023821,-0.533769,-0.539464,-0.945547,-0.17034,0.419745,-0.002683,-0.223391,1.783132,0.959429,1.252501,-0.032839,1.566798,1.45666,1.465562,-0.643276,-0.24919,0.184504,0.654059,0.604289,-0.337867,-0.915101,-0.310377,0.624639,2.541202,-0.775176,-1.083744,1.060284,-0.795058,-0.399283,0.553269,-0.258087,-0.423271,-0.780043,-1.09288,-1.452161,-1.014998,-0.703679,0.818965,-1.426303,-0.089936,-1.995247,-0.248845,-0.919843,1.245457,-0.843711,-1.828558,-0.227631,-1.255013,-1.651701,1.033781,-0.528789,-0.872179,-0.772246,1.104355,-0.524744,0.406831,-0.036628,2.758729,-0.091015,0.322403,-0.535668,-0.417714,0.230767,-0.893842,-1.213031,-0.32168,-0.383019,-0.338024,-0.343753,-0.16406,0.40071,0.841345,0.338199,-0.892718,0.296647,1.441516,0.59446,1.231408,-0.064113,0.496679,0.100633,-0.360568,0.296984,1.319644,-0.382396,-0.724175,-1.505016,1.046078,-1.246974,1.04736,0.280365,0.908992,0.930662,1.683975,0.877812,0.679359,0.889152,-0.034978,0.350427,0.544452,0.308132,0.98351,-0.913545,0.928451,1.708788,-1.146922,-1.147345,0.757382,0.328005,-0.411477,0.090575,0.184631,-0.042773,0.154959,0.916601,0.368543,0.812342,-0.251404,2.209935,0.769242,1.08279,2.855149,0.392657,1.031447,-0.18062,-0.132872,0.190521,-0.646145,1.338061,-0.771843,-0.937328,-0.867018,0.376425,-0.424874,-0.140848,0.780467,-0.215079,-0.760343,-0.737197,-1.467235,-0.519419,-1.401686,0.539082,-0.277672,-0.626512,-0.006708,-0.792712,-0.717423,-0.953858,-1.854939,-1.213173,-1.073833,-0.055703,0.816977,-0.21304,-0.885229,0.654295,-1.110646,0.181078,-1.169126,-0.894698,-0.94873,-1.22557,0.119158,-0.581615,-1.94716,-0.372125,-0.114882,-0.71602,0.797397,1.260994,1.521715,0.506943,0.63201,0.905762,0.769252,2.136901,0.345485,0.170132,-1.792785,-0.459737,-1.512129,0.294561,-1.258863,-1.318349,0.057572,-1.151181,-2.034036,-0.209026,-0.476118,0.160884,-0.597419,0.475766,-0.429457,0.431828,-0.245929,0.880251,-0.806686,-0.66335,-0.771632,0.4965,-0.270847,0.739493,-0.954917,0.460393,-0.657124,-0.130228,0.475286,1.66072,-1.274025,-0.147966,1.42202,1.292701,0.291722,-1.25837,-0.128958,-0.039483,0.732093,-0.944898,0.742046,-0.400707,0.225096,0.551825,-0.750623,0.852615,-0.890834,-0.121342,-0.913971,0.597144,-0.600223,-0.544139,-0.332857,0.643105,0.597252,-2.245595,0.613245,-1.090333,1.047279,-0.832822,-0.129215,0.700517,-2.430863,-0.248786,-0.207831,0.411153,-0.011633,-0.040127,-0.102438,1.513417,1.248961,1.698991,0.318778,-1.104662,1.278191,-0.199245
ECA593,0.403579,1.238763,2.35988,-0.924725,-0.792514,0.127265,1.5981,0.872303,1.288193,0.583012,0.771152,1.354609,2.548421,0.536763,1.550352,1.906303,1.924705,0.548009,-2.770027,0.450969,0.103538,-2.368967,-0.06233,-1.232172,-1.204192,-0.618682,-0.478199,-0.116728,-0.885082,-0.228602,-0.226818,0.394712,-1.859099,-0.411642,0.068903,0.549739,-1.058081,0.964719,0.300529,-1.427759,0.596036,0.901004,0.202825,-1.42996,1.427667,0.94946,-0.838065,0.469798,0.130749,-1.168907,-0.932693,1.305452,-0.152273,0.987811,-1.240974,-0.39577,-0.274956,-0.579791,-0.821625,1.19217,0.509007,0.037939,-1.84316,1.275556,-1.50786,-1.165418,0.492641,0.145975,0.001034,0.927322,0.66973,2.932616,0.311521,-0.796249,0.490049,-1.28967,-0.902696,-1.280671,-0.888442,-1.493684,-0.727876,-0.935545,1.247535,-1.451826,1.074933,-1.137153,-2.004677,-1.128811,0.978069,-0.160946,-0.41106,1.845551,-1.23314,1.574949,-0.367871,-1.055989,-0.96445,1.892438,1.25965,-0.975793,-0.665829,1.102805,0.471468,-0.970359,-0.481192,-0.203063,-0.338084,0.966689,-0.650103,-1.392744,-0.579942,1.025334,-0.898608,-1.277449,-0.074249,0.501129,0.924906,0.263593,-0.154032,-1.268739,-1.178749,-1.637235,-0.269787,1.519565,0.561109,1.099686,-2.142962,-0.194859,-0.221941,-0.476099,0.02564,0.390652,0.423477,0.396269,-1.998514,2.191584,1.760723,0.85465,2.055918,-0.730713,1.259399,2.574273,1.513838,1.566502,-1.085208,0.421078,1.772807,0.139318,0.646414,1.033617,-0.819565,0.882911,-0.366243,0.282416,0.481739,0.077493,-0.571764,1.044664,-1.356056,-0.126104,0.566635,-0.745831,1.014072,-1.223174,-0.712438,0.336792,0.863581,-0.604071,1.76521,0.1322,0.037951,-0.740282,0.307932,0.797661,-2.377036,-1.533166,0.098664,-0.731858,0.119547,-1.527064,1.105122,0.538547,1.251269,0.625223,0.808803,0.371133,-0.241838,0.576265,0.589525,1.308625,0.775233,0.218812,1.328208,-0.014636,1.319841,0.63114,0.197001,0.038022,1.899034,-0.432613,0.107926,-3.269855,-1.324382,0.334114,-1.051658,-0.814465,0.386051,-0.40357,0.359789,-0.198139,-1.471702,-1.647057,-2.08235,-0.130882,-0.945916,0.25772,-1.33138,0.334336,0.560263,0.195717,0.445411,0.185436,-0.966726,0.073219,-0.162334,0.18097,1.279106,-0.684914,-0.222845,0.534656,0.120076,2.051028,0.242932,1.131735,-0.873848,0.58264,-0.322667,-0.133542,-0.549655,-0.56823,-0.838613,-1.382386,-1.605038,1.409133,-0.240909,1.299155,0.559819,-0.816488,0.486444,0.347014,-1.932688,-0.828596,0.567701,0.468153,-0.255518,-0.590969,1.107889,-0.604583,-0.405697,-0.341701,0.462642,-0.55651,1.423331,-0.114802,-0.207002,0.511707,-0.355342,0.658237,0.071262,-1.38008,0.501381,0.751834,2.188673,0.558203,-0.408182,-1.065248,-0.362242,-1.485047,-0.690864,0.525102,1.841335,0.523273,-0.342537,0.823916,0.59115,-0.015045,0.192531,1.494861,0.587402,0.088611,0.878796,-1.097818,0.352974,1.034689,1.786657,1.991023,-0.418754,-0.602776,-0.268228,0.213349,0.937464,-1.403125,0.104951,0.92323,-0.404496,-0.455491,-0.945297,-2.033448,1.288179,-0.783282,1.483571,-0.040005,-1.25224,-1.781832,-1.708852,1.340395,-0.658213,2.599664,-0.136468,-1.215112,1.627046,-0.439705,0.202358,-0.930268,1.286412,-0.321352,0.137488,0.548255,0.379836,1.052144,0.074095,-2.236077,0.568226,-0.423921,0.443708,0.407925,0.207026,-0.614177,-0.242639
ECA594,-1.068061,1.037551,1.931551,-1.118138,-0.541042,0.188729,-1.171845,-1.160303,-0.029572,0.300546,0.59828,1.446354,2.40423,1.254624,1.840357,3.08595,1.712966,3.249865,-0.847408,-3.601266,0.439572,-0.493994,-0.718046,-1.429388,-1.238009,0.227502,-0.493198,-0.553197,0.507028,0.443816,0.420579,1.052928,0.78087,-1.515399,-0.086793,0.160395,-2.467455,-0.134868,-1.056843,0.123642,-0.148762,-0.938901,-0.37222,0.542117,0.895856,-0.701774,0.946728,1.782331,0.903683,-0.602457,0.345916,0.244774,-0.4349,1.19932,2.367843,2.273381,1.626833,-0.912439,-0.091231,0.101923,-2.052733,-1.704912,0.644127,0.432705,0.446039,-0.573055,0.934933,0.81604,0.085277,0.751812,1.888759,0.29733,-1.153399,0.986411,-0.624706,-0.229374,0.206516,1.426099,-0.064067,0.689816,0.589876,0.505881,-1.02862,-0.874645,0.109222,0.672634,-0.900457,-0.225064,-2.232761,-0.229081,-0.932594,-0.619701,0.337956,-0.333611,0.169507,-0.134346,0.564697,-0.462225,-1.056361,0.994468,1.454075,-0.578981,-0.963129,0.486306,-0.221908,0.292492,-0.548883,1.211322,0.071584,0.901013,-1.141846,0.217411,0.203169,-0.66977,-0.440781,-0.650777,-0.542446,0.575549,-0.553774,0.369366,-0.004976,0.578954,-0.231219,0.961325,0.480175,0.700508,-1.019898,0.660944,-0.978611,-1.063917,-0.881761,-0.870688,-0.827399,-0.278304,0.960781,0.022019,1.441002,-1.69823,-1.336188,-0.300549,1.060445,0.882193,-0.356852,0.291909,-0.34349,-0.659334,0.543942,-0.711379,-1.458743,1.071194,0.818872,-0.923359,-0.219307,-0.072147,0.640956,-0.962811,0.064982,-1.152954,-2.076359,-0.780366,-0.348492,0.400646,-1.709464,0.127769,0.509401,0.82717,-0.124013,0.40631,-0.774101,-0.387641,-1.03986,-0.890978,0.789526,1.221152,1.078058,-0.585487,0.681556,0.377637,0.602131,1.110551,-0.561875,-0.149154,-0.936883,-0.420112,-0.518671,0.164909,1.081791,1.311954,2.924178,1.501267,0.002743,-0.729061,-0.220027,1.472404,1.038998,1.337305,1.268959,0.282663,-2.04239,-1.11536,-0.182042,-0.784311,2.162097,0.844909,0.054493,-0.512659,0.258601,0.661036,2.054062,-1.230774,1.02446,2.41434,1.583689,1.170997,1.632548,1.474302,-1.147453,-0.210275,-0.244008,-0.347047,1.017242,-1.02988,-0.762253,-0.128598,-0.897933,-1.505725,-0.14821,0.188797,-0.453738,-1.405608,0.890233,-0.732907,0.194708,0.587342,0.762824,-0.093942,0.500108,0.766734,1.506746,1.491375,-0.467657,0.312028,1.468306,-0.480596,-0.654366,0.062068,-0.517813,1.39125,0.347419,0.840426,-0.749466,2.090544,0.750739,1.521352,0.76915,-0.036906,-1.289072,-0.935964,-3.013319,1.64201,-0.912632,0.942877,0.419102,-0.27137,0.073844,1.710915,0.149855,0.802475,-0.130799,-0.608754,1.836058,-0.690813,-1.406659,0.224384,-0.567621,0.745479,-0.04081,-1.305825,-0.078109,-1.063512,0.31235,-1.818918,0.82348,-0.900813,-1.016685,-0.096526,-1.313017,0.272793,0.135451,0.698374,-0.151194,0.591838,-0.681228,-0.439984,0.321078,-0.506982,-0.487008,1.278185,1.436624,0.990092,-0.354699,1.00873,-1.131089,-0.111796,-0.57364,-0.461249,2.352117,-0.844181,0.781767,-0.654312,-0.342665,-0.002925,0.686695,-0.050745,0.079872,-1.332228,-0.461429,0.921107,-0.377233,0.669372,-0.143717,-0.749161,-1.222417,-1.196391,0.291161,0.946322,0.350264,0.481241,-1.354037,0.152008,-0.362522,0.165253,0.029404,0.413712,0.125337,0.859728,0.43235,0.836407,0.15083
ECA701,-0.339398,-1.810719,0.256897,-1.635567,-0.628883,-1.375317,-0.207876,0.383301,-0.449904,0.311558,1.589479,-0.444465,-0.960259,-0.882797,-0.47675,0.326036,0.005897,1.300789,1.015919,0.317531,-0.362417,0.920413,-0.511802,0.896252,0.249329,-0.614078,-0.713197,0.81109,-0.685869,0.809414,-0.974038,-0.579222,-0.171476,-1.662672,-0.368312,-0.820556,0.201256,0.164585,0.411905,-0.984695,-0.232139,-1.356729,0.300351,0.912165,-0.183039,-0.86911,-0.221473,0.045202,1.713912,0.760918,1.479549,0.330606,-1.113615,-0.116104,0.742556,-2.207793,0.365814,-0.650799,-1.730414,-0.008743,-0.921615,0.707294,-0.736074,1.1462,-1.117698,0.612127,-2.311646,0.495906,0.201252,-0.827447,-1.063921,-1.145748,-1.851871,-0.039597,-0.511638,-1.011197,-1.052423,-0.429434,-0.740339,-1.502489,-0.065003,-1.06966,-1.769193,-0.326158,-1.581238,1.677943,-0.236425,1.162958,0.499159,0.116784,-1.581084,0.498841,0.551207,-0.178679,1.074731,0.019113,-0.757247,0.033813,-1.421953,-0.103089,-0.16426,-0.843087,-0.18201,-0.814786,-0.257668,-1.077331,-0.076935,-0.906029,1.290526,-0.4409,0.681735,1.043231,0.943781,0.609887,0.330729,0.671075,0.676987,-0.430957,0.236706,0.233897,-0.502924,0.026371,-0.385635,-0.894961,-0.844173,-0.574296,2.188492,-0.556463,-0.262181,0.555226,-0.786651,0.78546,-0.145544,-0.699503,-0.19508,0.423875,-0.326656,-0.809844,0.256233,-1.237893,0.9063,-0.94442,-0.52691,-1.365259,0.009416,0.157549,-1.552192,1.289428,0.718824,-0.567671,-0.80364,-1.04668,0.973114,0.792578,0.954572,0.311421,-0.001196,-1.423458,-1.312568,0.151871,-0.844066,-1.111902,-0.214695,0.149126,-0.780574,-2.51086,0.105032,1.370678,-0.537021,-0.362474,-0.29781,1.72404,0.153638,0.08113,-1.083935,-0.65657,-0.748976,1.886289,-0.635863,-0.774489,-0.76585,0.033829,-0.709893,1.520134,0.343524,-1.849081,-0.968241,-0.979976,0.023446,-0.272944,-0.915921,-2.013867,0.567073,-0.549976,-0.313518,-0.729089,-1.831209,0.522021,0.492086,-0.828889,0.873184,-1.52602,-0.674766,-0.645862,0.006903,-1.025552,-0.821013,0.500069,-0.013972,-1.094569,0.304438,0.148203,-1.40164,-0.755395,-0.699154,0.606864,0.154033,0.323249,0.837517,1.397233,-0.28679,0.249059,0.774347,-0.411831,0.172165,0.589463,-1.586332,-0.667328,0.511776,-1.012153,-1.521869,-2.462039,0.905577,-0.511518,0.189323,0.455418,0.583657,-0.083933,1.107956,-1.196883,-1.034742,-0.189008,0.679237,0.305506,1.00923,-0.000738,-1.405119,1.367917,0.124878,1.930438,0.266843,1.357549,0.396132,1.11104,-1.159756,-0.288661,0.702495,0.3458,0.163311,1.192727,-0.072819,1.480122,-1.137035,-1.173591,-1.1626,-0.172709,-0.324652,0.100768,-1.251845,-0.580931,-0.774415,-0.475167,1.135989,-1.012606,-0.956148,0.377664,-0.711924,-0.208073,-0.514868,-0.156001,-0.424448,-0.323065,0.447392,-1.698455,0.879014,-1.581482,0.480217,-0.325981,-0.013997,-0.150174,0.566647,0.052408,0.143477,1.480645,0.960786,-1.197006,0.543537,0.411274,-0.975704,-0.610583,0.327986,-0.355989,-0.908726,-0.728734,0.018405,-0.831859,2.092432,1.332003,0.732623,0.711089,0.367367,0.230016,-0.349716,-0.104629,-1.080501,1.4514,1.171477,0.586663,-0.201151,-0.462867,-0.277379,1.087081,0.231659,1.651103,0.831533,0.216435,-0.213313,0.283321,0.44496,0.287711,0.898881,0.491947,0.290255,-0.712833,-0.01605,-0.853772,2.542805,0.840661,-0.039472
ECA703,-1.795813,-0.430946,0.511283,0.918588,-2.038827,-0.00073,1.12238,-1.044057,0.355283,-0.472499,0.770948,-0.791232,0.794739,0.490753,-0.709157,0.528077,-1.17296,-0.89359,-0.485259,1.211899,1.635636,1.044787,1.224378,0.496194,-0.609791,-1.395202,-0.036656,-0.870796,-0.237037,0.64217,-0.097672,-0.391729,0.445178,0.265921,-0.429409,-1.182585,0.118845,-0.085881,-0.078593,-0.668963,1.102908,-0.484516,-0.816651,-2.146754,-1.198075,-0.73069,-2.213775,0.097188,0.212152,0.074094,0.375374,0.299695,0.251103,-0.516893,-0.51214,-0.768786,0.915821,0.47805,-0.801028,1.200246,-0.595584,-0.753901,-0.996444,0.664289,0.639454,0.194415,0.896727,-0.599945,-0.251951,2.013283,1.351516,0.777672,-0.764469,-1.266631,-0.356008,0.595015,-1.795938,-0.143958,0.286128,-1.110991,-1.142188,-1.261318,0.493633,-1.867328,0.147369,-1.03932,-0.334204,0.076403,-1.599173,0.559643,0.009555,-1.267152,-0.52583,-1.001748,-0.197663,0.325407,-0.554601,-0.738101,0.3809,-0.204923,0.146788,0.219852,0.793012,1.236194,-0.043021,2.565325,0.523582,-0.4261,0.421799,-0.507878,-1.275796,1.780168,-0.837653,-1.565109,0.564392,-1.072953,-1.178999,-0.294874,0.370988,1.403866,1.007805,-0.940946,-0.477971,-1.064987,0.619148,-0.635797,-1.443728,-0.530691,0.691772,-0.689146,-0.627622,-0.956328,-0.496165,-0.606954,1.020091,-1.052447,1.356258,1.001764,2.245079,0.542536,1.119162,1.350404,2.951487,0.649503,0.037498,0.222829,1.564583,0.563958,-0.268565,0.2817,-0.443788,0.880776,-0.930107,-0.54534,0.439985,0.529733,0.687836,1.80698,0.495589,-0.180461,-0.359477,-0.097851,1.542511,1.625067,-0.553493,0.784629,-1.52531,-0.921619,1.982137,-0.705672,-0.193077,-1.253515,0.644526,1.447354,-0.299803,-1.202611,1.0487,2.600215,1.557266,1.598355,-1.682267,-1.314921,-0.042011,-0.222874,-0.851904,0.583596,-0.557408,-0.84679,-0.985103,-0.756935,0.926135,-1.602487,-0.310294,-0.224328,-0.790769,-0.198727,-2.091426,-0.937294,1.325137,-1.322977,0.843061,-1.120422,0.634544,-2.161052,-0.443342,-0.602384,-0.840188,-1.080381,-0.606721,-0.423699,-1.47294,-0.503504,0.691828,0.091743,-0.216683,-0.842555,-1.214896,0.704231,0.918087,-1.555494,-0.881629,1.455068,0.265354,-0.415551,-0.273758,1.840987,0.533954,-0.465867,0.500613,0.220007,-1.216699,-1.26039,-0.686665,-0.946861,-0.072635,1.023933,-0.319992,0.57312,-0.252853,1.20567,-1.10551,0.151283,0.632042,0.325928,-0.091948,1.231665,0.761698,1.014389,0.94584,0.359358,0.986273,0.508953,0.063567,-0.968884,0.320518,0.853366,0.391074,0.087818,-0.537645,-1.776222,-0.97064,0.344521,-1.259335,-0.191854,0.670359,0.101684,0.98219,-0.072454,1.579995,1.343467,0.386084,-1.761932,1.313017,-0.248808,-0.767423,0.949273,0.600689,1.032458,-1.141361,0.575465,-0.019819,-0.614211,-0.396001,0.159876,-0.345102,-1.335892,-0.659249,-0.205761,0.368673,0.803655,1.608598,0.290549,0.687359,0.357075,-0.410194,1.523593,0.453057,-0.937182,0.456672,-0.36973,-1.463798,-1.145773,-0.102668,-0.378846,-1.857672,-1.846383,-1.009684,-0.877605,0.343192,-2.169155,-0.542209,0.06142,0.224764,-0.683328,-0.049444,-0.853367,-1.258372,-0.140209,0.63162,-0.884538,0.189241,0.219004,-0.977341,0.604989,0.920159,-2.153397,0.984922,0.556492,1.64365,-2.931849,1.433528,0.6276,0.019098,-0.075393,-0.057059,-0.011035,0.479784,0.47085,1.870544
ECA706,-0.140339,-2.030288,-0.113848,-0.359833,0.372176,0.201517,-0.722214,-0.743779,0.623231,-0.097291,-0.825838,-0.937438,-1.012069,0.125875,-0.995208,-0.739442,-1.201028,-0.193398,-0.564391,0.476054,0.322526,0.57079,-0.809825,0.152393,0.578023,0.505034,0.48619,-1.412605,1.207586,-0.537328,0.966826,-0.289478,-0.94953,-0.248257,0.802366,0.153555,-0.368563,0.397203,-0.692,0.899706,1.398426,0.650429,0.494649,0.501378,-0.47583,-0.683646,-1.472836,-1.254767,0.759539,-0.379312,0.322144,-1.549418,-0.506478,-1.420762,0.271835,-0.559304,1.307967,-1.020226,-0.363083,0.210205,-0.373338,0.366883,-0.04546,1.078048,1.608451,-0.712048,1.418817,-0.363262,-0.977997,0.574512,-0.074725,1.439083,0.798489,0.499307,-0.32959,-0.501122,-0.838612,-0.445406,0.001723,0.825563,-0.646539,0.117941,0.492601,0.778775,-1.144134,0.313601,-1.022775,-0.864608,-1.037112,-1.83599,-0.393507,-1.738133,2.025667,0.232558,-0.954917,-0.65842,-1.05953,-0.664932,-0.015313,-0.654969,0.576801,0.095826,0.594688,1.177491,1.246749,0.207739,0.740079,-0.166034,-1.141246,-0.160922,0.766629,-0.95063,0.045608,-0.415538,-0.763176,-1.020832,-0.980214,-0.093351,0.591584,1.02111,2.368844,-0.90396,1.883935,0.583358,0.245698,0.208457,0.261283,-0.165565,0.197746,-1.221092,0.414967,0.342511,-1.093708,1.06126,-0.504968,-0.673777,0.199458,-0.082881,0.632352,-0.657865,-0.321865,-0.606559,-1.069577,-0.193977,-0.67017,-1.058145,-0.239736,0.341915,0.615608,-1.54062,-0.781968,-1.998944,-0.463909,-1.627473,0.386381,-0.691187,-0.480026,-0.850117,-0.022824,-0.838966,-0.882581,0.221607,0.599916,0.337015,0.533275,-0.508105,-0.610145,-0.100288,1.236331,0.303806,1.310568,1.294828,1.369424,0.811032,0.359931,-0.803084,0.721936,2.284596,2.368638,2.39664,0.098302,0.493925,-0.048392,-1.441885,0.007178,0.970375,-0.414808,-1.77304,-1.547891,-0.74452,0.26129,-1.0134,-1.045887,-0.525578,-0.661008,-0.362756,0.334594,-2.741947,0.341197,0.124889,0.620129,0.637883,0.747098,-1.045149,0.059114,-2.686291,-0.219515,-0.911482,-0.385526,0.262694,0.636498,0.592235,-1.039881,0.128223,-0.898317,-0.54826,-0.523775,0.776257,0.294636,0.832748,-1.074995,0.595772,1.417204,1.21385,0.87478,0.901272,0.96695,0.463059,-0.506753,-1.220583,-0.111763,-0.830212,-1.846418,-0.984096,-0.640265,0.198415,-0.025597,0.635655,1.193061,-0.690788,1.228803,0.904287,2.720084,-2.699325,0.372816,-0.702962,1.315749,0.281677,1.487879,-0.078095,-0.383155,0.261745,-0.142453,0.743467,0.1433,-0.530903,1.613782,-0.28577,1.044407,0.710606,0.829094,-0.43591,0.785335,-0.707502,-1.380619,-0.237242,-0.366839,0.073734,1.290011,-0.1997,1.222978,1.238485,0.405137,-0.246277,-0.070323,-1.49975,0.20275,-1.100553,-0.826907,-0.387737,-1.395456,0.097124,-2.599779,-2.234868,-0.548152,-0.896936,-1.089589,-0.420331,-0.304929,-0.806487,0.289093,0.474437,0.017899,0.957974,-0.2966,-0.071099,-0.09589,0.984914,-1.45618,0.699858,0.171917,-0.081388,-1.403558,0.29897,1.297425,-2.18078,0.85359,1.78417,2.221973,0.545876,-0.428549,1.450619,0.749944,-0.098155,0.885655,0.428309,1.22983,0.193327,1.463514,0.148701,-0.610402,0.671623,1.701239,0.798233,0.123019,-0.459801,0.453077,0.51336,0.951421,0.878437,0.919065,0.759906,0.421188,0.485031,0.159262,0.007089,0.340728,0.543897,0.466689
ECA730,1.231673,0.308652,0.401494,0.807384,0.629255,-0.992415,1.244412,-0.17694,-0.048728,-0.024335,0.511533,1.943831,-1.347074,0.696216,-0.480524,-0.421712,-1.480456,-2.331062,-0.272134,1.418105,0.779618,0.073127,0.410074,1.159319,1.498651,2.398528,2.03686,0.91239,-0.628671,1.06071,1.091283,0.728479,0.351831,1.044327,2.105163,0.735353,-0.936307,0.656468,0.269927,0.206585,0.091072,-0.724876,-0.720806,-0.152656,-1.142182,-0.43378,-0.335116,-0.396199,1.57961,-1.606343,-0.71851,-0.155846,-0.143822,-0.645263,-0.523466,1.329168,0.330277,-0.29722,-0.23318,-0.051957,-0.485093,0.163193,-0.087964,0.353453,1.798782,1.188593,-0.485611,-1.067546,-0.635381,0.265527,-0.495389,0.691509,-0.752632,0.777069,-0.698557,-0.511118,0.768157,-0.418639,-0.246205,-0.313948,0.081987,-0.579624,-1.466522,-1.618623,-0.931314,-0.506625,1.341438,-0.144529,1.232747,-0.695385,-1.214662,-1.365551,-1.988023,0.983658,-0.556953,-0.944513,0.012092,0.69769,0.527412,-1.25559,-0.659352,-0.02873,0.183455,0.69843,1.659412,0.454937,0.852713,1.871638,-0.49596,-0.57924,-0.282632,1.597532,0.313104,0.660131,-0.757779,0.167607,0.100421,-0.919983,-1.576705,-1.25593,-0.463171,0.172032,-0.737953,-0.69589,0.500625,0.637726,0.345873,-0.213157,-1.784506,0.082221,1.269127,0.784986,1.263256,1.850032,1.882307,0.049576,-1.178626,2.165052,-0.260907,-0.604374,-0.560333,0.351257,1.51538,0.107664,0.232712,-0.186856,-0.075358,0.701604,1.589549,1.320431,1.547906,1.528367,0.494393,-1.126738,0.45881,-0.434628,-0.075324,0.777889,0.035818,-1.520493,0.414042,-1.356243,-0.403942,-0.078927,0.083905,-0.830895,-0.973331,-0.825325,-0.342942,-0.698616,-1.064996,0.203541,-0.945356,-0.54388,-0.48595,1.037717,0.860497,-0.58346,-1.107125,-1.364154,-0.038202,0.414425,-0.972138,-0.419724,2.400478,0.635688,0.741566,0.407645,1.252636,-0.914922,-0.923172,-1.422112,-1.297474,-1.587368,-0.906841,-0.938534,-0.237145,0.187817,-0.383297,0.232386,-0.309733,-0.932175,-0.569062,-2.462991,-0.604647,-0.28276,1.00515,-0.590227,-1.894295,1.772255,-2.418709,0.796808,0.020469,-0.696795,0.610136,-0.142295,-1.051626,-1.059851,0.800656,-0.531196,0.310627,-0.883448,-0.831125,-0.314346,-0.999417,-0.47011,1.262897,0.012742,-0.372117,-0.210967,0.080429,-0.679528,-2.520903,-1.23265,2.092154,2.393549,2.057157,2.277707,1.567166,-0.415957,-0.004796,-0.012681,-0.918528,1.057773,-1.446966,0.569516,1.28248,1.950463,0.666141,1.111258,1.299248,0.499504,0.475329,1.030583,-0.097589,-1.73136,-1.129155,0.317823,-0.666991,-0.466191,-0.814488,0.824779,-0.744052,-0.295412,-0.831187,-1.195247,-0.511274,-1.307805,-2.097173,-1.061505,0.167938,0.006786,0.835882,-0.293548,-0.045765,0.720816,1.002383,0.934455,0.275881,-0.889366,-0.215039,-0.200041,-0.94469,0.45275,-1.152864,-1.389054,-0.080869,-1.677658,-1.431156,0.3769,-0.705018,-0.245044,0.484773,0.088786,-0.441531,-0.860721,-0.144581,-0.643564,1.073099,1.459566,1.528742,-0.248279,0.278866,0.248872,1.25063,0.065154,1.29474,0.36334,-1.053235,1.666185,-0.121054,0.60561,1.411485,0.43987,0.937247,-0.189326,0.369606,1.078083,2.576674,1.378525,1.036247,0.647378,2.689249,0.438419,-1.493895,-0.063821,1.530721,-0.567231,-0.956678,0.626756,0.749053,2.167463,0.968454,0.127562,-1.410183,2.33075,0.063648,-0.088274,1.057292
ECA732,-3.437818,-1.180818,-0.25359,-0.999602,0.001633,-1.059402,0.592411,0.329267,-1.128492,-0.695394,2.451209,-0.094456,-0.958142,-0.411898,-1.483712,-1.372636,-0.405143,-0.399046,0.073431,-1.562663,0.748207,-0.010517,-0.732817,1.356633,-0.325228,0.1671,-0.368782,1.587123,0.097408,0.370892,0.329532,1.101241,-1.041181,0.093441,0.353649,-0.801765,0.185305,-1.225382,0.863188,-0.723429,-0.413143,1.975547,0.72327,-0.293897,-0.752268,-0.305751,0.535125,-0.665744,0.383794,-1.181128,-1.819056,-1.064981,0.518613,0.980997,0.087847,-0.875243,-0.257158,-0.624843,0.375567,0.023028,-0.177958,-2.1131,-0.224655,0.893064,-0.385761,-0.224986,-1.399568,0.763271,1.503727,0.435757,1.243734,1.444165,0.949902,-0.202889,1.224706,-0.213615,0.075088,-1.716268,0.02849,-0.958305,-0.115451,-1.219192,0.098158,0.264328,0.210423,0.536165,0.650362,-1.046208,-0.915919,-0.527469,0.929622,0.58895,0.831454,1.134483,0.556938,1.748018,0.408295,1.077595,1.227035,0.548799,0.306442,2.326863,-0.184935,1.337237,-0.103182,0.825701,0.239647,0.219015,-0.953927,-1.046199,-0.487336,-0.046971,0.683552,1.719387,-0.915024,0.161865,0.676284,1.520439,1.181359,-0.019129,-0.009704,0.438265,0.541102,0.033643,1.401928,1.806442,0.653547,0.787331,1.222253,-0.154963,0.222586,1.390031,0.187568,-0.663584,-0.641521,1.142697,-0.629182,-0.365417,1.13503,0.480301,1.000506,0.520569,0.739751,2.013933,2.784647,-2.04732,1.196415,1.981143,-0.048874,-0.543011,2.404363,0.541966,1.084252,0.815445,-1.021716,-0.482895,-0.429025,-1.152209,0.088777,-1.360505,0.221079,1.121712,-0.172449,0.98286,1.461688,2.411942,1.686587,1.906891,0.54376,-0.284639,1.388755,1.444136,0.492757,1.156799,0.508601,1.527873,0.915823,1.222896,1.731069,0.340411,0.375277,0.603416,-1.021687,1.717484,-0.807358,0.922628,0.579672,-0.195269,1.291707,-0.904141,-0.233101,-1.182082,-1.196114,0.456764,-0.316147,-0.325842,-1.153232,-0.299854,1.729908,0.160321,0.846414,1.140587,-1.167267,-0.183331,1.175977,1.906019,0.370745,0.127409,0.032806,-0.115901,0.198581,-0.115847,0.605973,-0.500256,0.351573,-0.943586,0.451906,-1.823882,0.175794,2.901215,0.59324,0.395587,0.369958,-0.141669,1.843743,0.202911,0.072577,-2.073315,0.779419,0.345638,-0.095651,-0.688761,-0.38448,-0.982735,1.548886,0.884205,-0.890808,1.887986,0.735514,0.53786,1.510123,1.009476,1.755023,-1.298516,-1.743408,-0.263464,-0.263375,-1.098551,-0.840101,0.374486,1.133924,0.681841,1.137802,-0.408463,0.639088,0.72865,0.601781,0.29764,-1.404278,-1.842974,-0.488953,0.874726,0.27418,1.447933,0.94376,1.066311,0.209411,0.836608,-0.755502,-0.179263,-0.09229,0.426018,-0.932955,-0.246207,-0.540531,0.672066,1.090147,0.844442,0.607496,0.216545,0.73943,-1.291486,0.63703,0.778908,1.011053,1.386085,-1.302638,-0.796963,-0.257571,-0.119793,-0.537086,0.477703,0.393506,-0.255797,1.463711,-0.214338,0.204325,0.322415,0.578921,-1.116112,-0.877841,-1.351565,-0.273405,0.820131,-0.538158,-0.225013,-0.985277,-0.598023,0.355321,-1.552507,-0.708027,-2.551583,-0.195879,-1.303474,0.015266,-0.415114,-1.4467,-1.3741,-0.21247,0.554157,0.470646,-0.898849,-0.399053,-0.009212,-0.03396,0.216435,-0.628875,0.232546,-0.473604,-1.289691,-2.168594,0.444246,-1.994022,0.481656,0.504398,-0.045857,-0.065472,1.131085,-0.507345
ECA743,-1.218346,0.045786,0.804338,-0.309378,1.034231,-0.051017,-0.160357,-1.808149,1.405242,2.586387,1.019695,1.702524,1.356961,0.522431,2.056404,1.328498,-0.169384,1.921721,1.056921,0.387635,0.066846,0.935267,0.849604,-1.310965,-0.526902,-0.370147,-1.283964,0.822554,-0.39592,1.005495,0.202082,-0.338302,-0.383914,-0.422252,0.871054,-0.128546,0.963149,-1.559654,0.257297,0.337725,0.162525,1.160344,1.346756,1.26557,1.974494,0.684552,0.573917,0.270788,0.248545,0.821856,0.484697,-0.149816,-0.330935,0.247686,0.351907,1.360732,1.592792,-0.185763,1.531628,-0.534433,0.068895,0.517709,1.643417,0.32923,-0.626142,0.238872,0.97534,0.371557,0.390789,-0.099859,2.485563,2.805679,-2.411778,0.473855,-0.665669,0.894494,0.316273,-1.014381,-0.53737,0.424498,-0.87753,1.001171,1.405715,0.76353,0.932754,-1.198241,1.609119,0.288219,-1.378125,-0.674652,0.424641,1.435388,0.363341,0.128381,1.494437,-0.643095,-0.801825,-0.813298,0.528219,-0.296073,0.023029,0.754299,-0.422866,-0.097983,-1.03704,0.026954,0.991339,0.115624,0.42377,0.15628,1.461355,-0.774952,0.232127,1.173745,1.499542,0.090149,-1.05208,0.872411,0.685939,-0.48768,-0.469324,0.423772,-0.690818,-0.499259,-0.914164,-0.753059,0.607445,-0.716613,0.266165,-0.632602,-0.129048,-1.080785,-1.555251,-0.760449,-0.518109,0.197863,-1.420608,0.469237,0.877001,0.77748,0.286899,2.294163,0.203901,0.878525,0.840385,1.107796,-0.685656,0.665956,0.387202,0.737355,-0.431981,0.762328,-0.222029,-0.557791,0.809343,0.284836,-1.278802,-0.147121,-1.065335,1.243677,-0.932803,0.610462,-1.236064,0.770132,-0.796026,-0.045693,1.565498,-0.394556,0.037267,0.65452,0.075438,0.039694,0.661991,-1.332244,-1.448917,-0.455923,1.218216,-1.483411,-0.193248,0.382493,0.561233,-0.406814,0.04376,-1.314246,-1.414855,-1.459842,0.120098,0.292034,0.053028,-1.350162,0.45959,0.228238,-0.197143,1.195469,1.101873,0.704656,1.008186,1.556302,1.133881,-1.672709,0.511888,0.031953,0.368487,0.550924,1.313867,-0.55967,-0.424849,-0.183384,-0.164544,-0.71239,2.449375,-0.534493,-0.044533,0.734248,1.422832,1.13035,0.546249,-0.282927,0.78046,0.748505,1.361894,0.368145,1.370178,1.141721,0.529345,-0.399341,1.366695,1.439406,0.313155,-1.325714,0.774287,0.357208,0.796847,0.073668,-0.225003,0.66362,1.194177,-0.817188,0.000173,-1.230787,0.503908,1.053831,0.543559,0.788752,1.133531,-0.329772,0.101821,-0.600104,0.828184,0.575118,1.121484,-0.693629,-0.113492,-0.757228,-0.971379,-1.168858,0.141085,0.698461,-0.663048,-1.86774,0.63874,-0.366715,-1.593409,0.569567,0.326786,0.468589,1.668349,1.118101,1.079367,0.288554,-0.130362,1.346412,-0.240155,-1.202715,0.849924,1.947628,-0.122924,-0.280756,-1.64677,1.195692,0.92394,1.548908,1.078891,1.074201,0.31154,0.365238,0.135789,1.98707,0.297927,0.875788,1.398039,-0.286568,0.825315,0.319013,1.113736,-0.127241,0.44374,1.207967,0.551547,0.852561,-1.368082,-0.350147,-0.720584,0.250405,-0.223813,1.221029,0.336546,0.882685,0.982887,0.117599,-0.858699,1.796476,2.174005,-0.079025,1.064029,-0.153608,2.324129,0.106465,0.473732,-1.206388,0.097542,-1.141294,1.534551,0.427994,-0.967742,2.100111,-0.014724,-0.870312,-0.542838,0.247149,-0.156151,-1.376206,0.029093,0.705019,0.132697,1.197777,0.76486,2.386288,-1.9613
ECA746,0.637606,1.287276,0.193078,0.528872,0.427163,0.934787,0.848115,-0.761168,2.391282,0.680701,-0.654211,0.65913,0.099876,0.11775,1.301099,-0.473339,1.060089,0.858307,1.631027,0.353452,0.079219,0.896411,1.073681,2.470852,1.538507,1.387347,1.96073,-1.351336,0.955798,1.034207,2.170698,1.238236,1.03361,3.227481,2.654354,2.079078,0.008271,1.154452,-1.393213,1.046819,-1.078437,-0.057368,-1.635757,-0.666091,0.488576,-0.04628,-0.171822,-2.757618,0.36211,-0.926451,-0.897778,-1.058997,0.628965,0.091488,-1.703635,-0.862513,-0.132118,-2.831769,-0.090132,-0.237762,0.940249,1.067894,-1.405616,1.879901,-0.883994,1.613694,-0.262997,0.580846,-1.085762,-1.213627,-0.115134,-0.426743,0.852155,-0.355263,-0.965013,-1.820881,-1.438298,-0.126052,0.567047,-0.644232,0.813123,1.163277,-0.276954,0.524921,0.44495,-0.181732,-0.198361,-0.888392,-0.903959,0.636549,0.016319,0.15161,-0.888211,1.162006,0.723886,-0.125221,-0.264037,-0.117924,-0.19381,-0.832894,0.607238,-0.852607,1.016924,0.263312,0.790352,1.113987,0.006742,0.439985,-0.273187,-0.560821,-0.933705,1.16858,-0.469076,1.362907,-0.214065,-0.058393,0.402437,0.531074,-0.593494,-0.793063,-1.26275,-0.302285,-0.142461,0.82509,0.090832,-0.125088,1.673001,-0.903613,0.152841,2.136651,1.976867,0.814102,1.106541,0.778839,1.247482,2.143583,-0.528453,1.04441,1.292241,0.943552,1.554487,-0.448603,-1.196893,-0.343746,0.800332,-0.0997,0.686851,0.336486,2.152666,0.483253,1.405907,-1.372421,1.199149,-1.21306,1.252073,-0.495561,-0.021355,-1.803057,0.5347,0.142897,-0.78545,0.275856,-1.035351,-1.043564,1.423705,-0.832164,-0.7671,-1.717834,-0.171762,0.667987,-0.17756,-1.015795,-0.46431,-0.102297,-1.003401,0.548849,-1.076025,1.841121,0.188451,0.277347,-0.914226,2.223753,-1.435687,-0.72932,0.517615,0.591185,-0.552245,-1.937644,0.205363,-0.417462,-0.205003,0.331306,0.840668,0.52794,0.678746,-0.075665,-0.095437,0.037446,-0.471684,1.110507,0.627165,-1.127832,-1.298596,-1.452281,0.51597,-0.755679,0.529011,0.083381,-1.220106,-0.246545,0.40676,0.225989,-0.146182,0.192574,-2.103164,-0.299561,0.776566,-1.119941,0.490483,-0.16556,0.39041,1.031007,1.047353,-0.487663,1.393491,0.821283,-0.68711,0.582934,-0.274587,-0.315091,-0.033312,0.808233,0.036065,-1.405701,-0.381745,1.468077,-0.152069,1.318531,-0.53698,-1.288875,-0.794982,-1.690084,0.901269,-0.156743,0.958749,-0.783375,0.19712,-0.267407,-1.388744,0.555225,0.907394,0.313567,-1.925597,-1.974524,-0.558047,-0.190172,0.175165,0.046094,-0.607597,-1.853593,-0.999094,1.21659,-0.136578,0.918292,-0.381766,0.819142,-0.774317,-0.533371,-0.96385,-4.094354,1.242201,1.302909,1.418801,1.779813,2.016453,1.090618,-0.909332,1.307638,0.578281,-1.047368,1.177739,0.442538,0.273856,1.38789,1.256042,0.087661,-0.167491,-0.432133,0.127094,-1.598062,2.043953,0.86637,-0.766226,1.003085,0.701192,1.39367,1.143037,1.335254,-0.60329,0.392505,1.318724,-0.013678,-0.145354,-1.601283,-1.389613,0.617045,0.426114,-0.570923,0.809802,-0.834792,1.35306,-1.051296,0.319635,-1.602502,-0.375589,-0.107412,-0.037136,-0.556786,-0.153987,0.464337,-0.16692,1.856193,-0.131752,0.434162,-0.936646,0.184922,0.436101,1.141428,-0.865327,0.471508,1.226747,-0.468156,0.636537,-1.682498,0.029777,-0.20524,0.803289,-0.779419,-0.314607
ECA768,0.673346,-0.865514,-0.505972,-0.50182,-0.714549,-1.780622,-0.644407,-0.591099,-0.602502,0.208889,-0.256931,1.180601,-1.181469,-1.464231,0.487081,-0.257642,-0.685082,0.624427,1.604174,1.449368,-0.541337,2.922174,1.477472,-0.08444,-0.110447,1.355507,1.150781,-0.505851,-0.518428,-1.362185,0.249949,0.24897,-0.319009,0.846369,0.080668,-0.514678,0.549934,-1.246968,-1.304931,0.339139,-0.228944,-0.570762,0.822874,-0.06383,-0.076253,0.837303,0.754312,-0.80322,-0.570089,-1.147491,-1.117757,-0.063934,-1.675408,0.559359,0.434944,-0.450901,-0.804207,-0.303369,-0.072926,0.093939,-0.235569,0.280003,-0.482159,0.24723,-0.985406,0.771274,-0.836843,0.451963,0.718296,-0.095037,-0.114509,1.490278,-0.324305,-2.112983,0.03805,-1.003524,0.748815,0.337143,0.302457,-0.731478,-1.540751,-1.068361,-1.455605,0.503316,0.185449,-0.460144,-0.66325,-0.915309,-0.268214,-0.902954,0.213551,-1.002798,-0.13741,0.333283,-1.711046,-0.44795,-0.33805,-0.595662,-0.640421,-1.137714,1.624789,0.654961,-0.69118,-0.169334,0.983423,0.533391,-1.552987,-0.855394,-3.398468,1.444438,-0.247227,0.088004,-1.215404,0.17171,-0.480227,-0.407469,-0.20777,-0.754604,-0.953864,-1.181794,-0.473011,2.169909,-0.673934,-0.613647,-0.51675,-1.009923,0.660047,0.597125,2.195016,0.563785,1.538123,0.680972,1.546392,1.240238,1.744104,1.752997,-0.128066,-0.487183,-0.30004,0.911539,0.191797,-0.535848,0.285908,-1.831483,0.090504,0.795574,-1.004981,1.0567,1.064955,0.23216,-0.598313,-0.814452,-0.993173,0.53207,0.310635,0.34228,-0.176998,0.759705,-0.136435,0.428019,0.383308,0.786176,0.36895,0.303201,-0.743888,-0.326492,0.510878,-0.211995,0.840255,-0.353439,-0.422785,-2.035736,-1.465327,-0.226176,0.228583,1.172395,1.004526,-1.614335,0.34052,-0.217546,0.131733,-0.136352,-1.205545,0.291316,-1.015854,0.117984,0.915682,0.432484,0.330701,0.454422,-0.46788,-1.025075,1.613798,-0.150586,-1.288038,-1.48272,-0.760985,0.813271,0.573917,1.753994,0.152861,-0.832256,1.040153,0.142488,-2.425848,-1.069175,-0.278856,-0.081701,0.077406,-0.610894,1.388062,0.628428,0.973846,0.792074,0.554693,-0.088706,0.235258,0.205881,-0.383749,-2.072214,-1.020489,-0.986067,-0.694703,-1.731112,-0.882717,-0.826507,-0.616604,1.399923,1.772984,0.231897,-0.10326,0.729711,2.201693,1.197746,-0.863321,-0.074269,0.98749,-0.850899,-1.566713,-3.080394,0.678586,-0.823695,-2.233438,-1.069864,-1.612203,0.047464,0.531222,0.114869,0.630889,0.947472,-0.045974,0.326532,0.814446,1.522386,0.354625,-0.392923,-0.156266,0.40395,0.216288,-0.498115,0.580889,0.706623,-0.160398,-0.493828,-0.380762,0.436438,-0.635149,-0.68066,1.287613,-0.697573,-0.492459,-1.258164,2.734125,-0.281324,1.235126,2.0575,0.423549,0.408507,1.883402,0.356427,-1.304319,-2.33681,0.068443,-0.883266,-1.569209,-0.978339,-0.984884,-0.949855,-0.647078,0.869879,0.324671,-0.554542,-0.250317,-0.170654,0.753784,1.616552,0.428805,-0.524779,-0.977138,-1.028361,0.694062,-0.627677,-1.665084,0.971033,-0.542984,0.286819,0.752799,-0.976884,0.758322,-0.875338,0.800231,0.754616,-0.845374,-0.320833,-1.492847,-0.479535,-1.1899,-0.041323,1.311272,-0.115103,0.289328,-0.980287,-0.095219,-1.069503,-0.846586,-0.697144,-1.159452,-1.18388,-0.58243,1.2213,1.066148,1.473815,0.150797,-0.274375,-0.035795,-0.666151,0.429025,-2.207257,-0.131987
ECA778,1.058699,0.413681,-0.931357,-0.099992,0.931723,-0.292209,0.818261,1.373619,1.8906,-0.215376,1.426449,0.108943,0.497783,-1.065876,-0.428643,-0.704664,-0.929709,0.120357,2.41989,0.46104,-2.209784,2.460286,-1.088271,0.90099,2.379909,0.625598,1.311386,0.850217,1.301767,-1.225007,1.06236,-0.72823,0.389141,-0.456065,-0.132819,-0.99083,2.159834,-0.106676,-0.428737,-2.497376,-0.515414,-0.325413,0.015175,0.444818,-0.888849,1.128692,-0.751872,-0.137298,-1.076236,0.346893,0.855529,-0.938819,-1.590963,-0.059635,-1.693671,0.822246,-0.27856,-0.016113,-0.942736,-0.633115,-1.024502,-0.446486,-1.676296,0.502564,2.111214,-0.233908,0.592765,0.034267,-0.205745,-0.510526,1.514221,0.356362,-0.25333,1.005608,-0.740035,-0.303805,-0.394181,-0.062732,-0.731975,-0.148755,-0.646054,0.574648,0.953776,-0.493712,2.034895,0.498315,-0.101331,0.813636,1.85771,2.393534,-0.796906,1.362675,-0.477664,-1.148179,-1.353831,1.143986,-0.148545,-1.379873,0.320603,-0.400306,-0.567177,-0.552503,-0.188127,-1.100214,0.551778,-1.855226,0.052895,-0.136786,0.077952,-0.428002,0.830345,-0.132439,-0.248613,-0.952959,-1.874064,-0.780372,-0.469189,0.518819,0.867155,0.308132,-1.545008,-2.005264,0.452402,0.771838,-0.448043,0.22769,-0.6804,1.777629,0.615449,-0.044909,1.813883,0.499054,1.169553,1.035007,1.970758,-0.979666,0.807859,-0.446264,0.354359,0.383224,-0.486948,-0.747145,-0.990158,0.623522,-0.79144,-1.249856,-0.886807,-0.914184,-0.66758,0.939006,0.726409,-0.486187,-0.029216,-0.713437,-1.871119,0.760047,1.342922,-0.470483,1.368657,2.202476,-0.151467,0.067,-0.801792,-0.269591,1.753224,0.449681,1.000562,-0.296053,0.681428,0.368913,2.042788,1.258911,-0.342147,-0.26295,-2.352783,1.14884,1.448767,-0.530191,-0.675861,-0.307903,-0.392847,0.308979,0.947664,-0.943815,0.470471,1.055648,-0.325117,0.643722,-1.95451,0.936992,-0.471925,-0.495032,-0.921948,-0.611165,1.010059,-1.011453,0.31672,1.46627,1.066413,0.965772,-1.607608,-0.963692,-0.132288,-0.043384,0.74141,-0.578077,-0.807835,-1.083247,-2.061696,-0.914374,0.101505,2.373253,0.515543,0.582611,1.001279,2.63716,0.037352,-0.500957,1.05688,-0.436175,0.318232,0.24681,-0.943469,-0.294837,0.059841,0.444509,-1.13083,-1.745939,-1.348905,-0.1016,-0.097169,-0.357974,-0.333305,-1.154445,-0.320099,1.894472,-1.562607,-0.076447,0.998187,0.496493,0.689081,1.520122,0.158612,-0.139962,-1.768418,-0.87245,-0.320727,1.524052,1.572253,0.721809,0.165585,-0.274596,2.684717,1.252679,0.545551,0.025825,0.953928,-0.226637,0.184539,2.803179,1.248422,0.483414,0.066552,1.675324,1.048632,0.796952,0.842993,0.127476,-1.011176,-0.570625,-0.02042,-0.784247,-0.7389,-1.328507,-1.072386,0.389927,-0.641068,-0.791046,-0.292036,-0.137016,-0.59866,0.552377,0.726782,-2.365707,-1.33011,0.24852,0.322759,0.523505,0.495709,-0.48025,0.071507,-0.303026,-2.447383,1.31335,0.292703,-1.293089,0.30816,0.319265,0.323544,0.004022,-0.443391,0.627114,-1.366137,0.801054,-1.338479,-0.866371,0.306412,0.247241,0.914562,-0.718729,-1.286902,0.321629,-0.625897,0.26363,-0.125097,-1.348218,-0.606478,-0.085286,-0.713812,0.075793,1.944656,1.247376,-1.539027,0.314097,0.377487,0.080702,1.521254,0.033197,0.210767,0.637941,-0.252138,-0.100216,-0.588641,0.527424,-0.937823,0.661253,-0.911389,0.347878,-0.720095
ECA807,-0.981939,-1.500401,-1.358703,-0.4385,-1.361154,-1.370323,-0.465756,0.336324,-0.899889,0.248481,0.464399,0.544302,-0.828108,0.051802,-2.273818,-0.4279,-1.543406,-0.680337,0.464509,-1.525633,1.308982,0.866546,1.32093,0.744632,0.01453,0.951463,1.44982,0.343558,0.146938,0.461321,0.700478,-0.798641,-0.251986,-0.171882,0.029914,0.860851,-1.824617,-1.62754,0.04106,1.190205,1.687839,0.52014,-0.948517,0.330534,-0.02447,-0.249748,0.354268,-0.08961,-0.422487,-1.096708,-0.503743,-0.957511,1.483271,0.359663,-0.219528,0.007574,0.378909,-1.131426,0.527227,1.224925,-0.579594,0.649735,-1.33322,-1.936275,-0.7491,-1.954661,2.310382,0.452538,0.582062,1.477646,1.759253,-0.397138,-0.987848,-0.193063,0.506001,0.363223,0.212204,-0.475333,-0.345382,-0.321988,-0.17386,0.390285,-0.81155,-0.572704,-0.277349,0.370877,-0.138799,-1.316825,0.301584,-1.243004,0.064206,-0.425679,1.043287,1.616579,-1.371594,-0.211717,-1.224665,0.252286,-2.438214,-1.515067,0.479582,1.23654,1.003074,1.054535,0.095456,-1.278716,-0.795012,0.126292,0.515948,-0.4983,0.170319,1.270129,0.149381,0.122997,0.337096,-0.886765,-0.509868,1.648423,0.118768,-0.298671,1.952045,0.915635,0.942409,2.147844,1.693743,0.515248,-0.234316,2.156837,-0.307212,0.24864,1.504995,1.050417,0.629487,0.300964,2.547676,-1.117428,0.276991,-0.517826,-0.305058,0.276399,-0.143245,0.679049,-0.782832,-1.793369,-0.461025,-0.118365,0.304243,-0.410896,-0.928988,1.284579,0.317785,-0.019554,-0.461775,0.83834,-0.869121,0.718831,-1.097987,-0.63269,-1.085297,-0.709521,-1.059045,-0.321105,1.016949,-0.08607,0.084312,-0.027482,-0.220733,-0.074093,-0.382713,-1.184097,0.030062,1.186587,0.2216,-2.218016,0.881225,1.100402,-1.336433,-0.679141,-0.063481,-0.196007,-3.123765,-0.514419,-0.872254,0.230345,1.181272,-0.325583,-0.405585,1.566693,0.088165,0.988532,-1.237824,1.262557,-1.206609,0.239966,-0.460155,-1.033917,-1.177937,-0.349466,0.573446,-0.168315,0.719777,1.028628,0.388873,0.014547,0.692854,0.504518,1.301066,-0.194329,1.032197,-0.331198,-1.670532,1.686186,0.530432,1.04595,0.249193,1.335831,-0.101042,0.084167,0.052208,-2.019627,0.194135,-0.54488,-1.081939,-0.938302,0.465659,-1.078768,-0.569244,0.883947,-0.402301,0.046236,-0.867977,-0.620373,0.333494,-1.541655,0.085913,-0.04686,1.318058,0.912938,-1.029779,-0.878239,0.722139,1.12874,-0.021444,0.931471,1.217137,0.032073,0.167031,0.898016,-1.067696,0.101777,0.444455,2.527268,0.009769,-0.534787,-0.41999,-0.802935,-1.215368,0.169233,0.389356,-0.918129,0.493087,-0.547724,1.084324,0.362223,0.826865,0.055379,-0.762998,-0.449886,-0.571901,0.154619,0.351667,0.919906,0.717076,1.93345,-0.008786,-0.129632,0.020069,1.367425,1.182945,1.445927,-1.246693,0.346974,-0.684807,-0.55646,-0.652463,-0.200763,-1.552007,-0.443947,0.958993,-0.202053,1.186855,1.081204,1.98471,0.31511,0.621566,2.076848,1.592995,-0.203159,0.281169,-0.975226,-0.041904,-1.118714,0.596328,-0.469519,-0.386341,0.546499,-0.758215,0.886126,-0.48775,0.269315,0.31663,1.95708,0.409906,3.088504,1.230199,-2.387625,-0.355039,-0.052865,0.28075,0.547335,0.340173,0.236423,1.166611,-2.256409,0.694346,-1.806755,0.030253,-2.239738,-0.284295,-0.009981,0.832092,-0.16814,-1.194653,0.553407,0.621324,1.586464,0.697618,0.284651,-0.397422
ECA928,0.618612,0.517275,-0.564207,-1.699436,-0.89304,0.390466,-1.04869,-0.773595,2.06732,-1.072155,0.47637,-0.843505,1.627559,-0.171854,-1.753623,1.973437,-0.326529,0.4735,0.800265,0.757063,-0.46765,0.017898,0.040124,0.07901,0.464202,-0.243541,-0.541471,0.044522,0.489918,-0.610776,-0.359169,-0.94199,0.902248,0.926797,0.120834,0.169544,0.480106,0.503863,0.948527,0.603941,-0.544342,1.959721,1.56684,1.603373,1.376875,-0.243368,-0.263659,0.373365,-1.553357,0.472346,-0.201399,0.601929,3.111052,1.908388,0.342727,0.331755,-0.363298,0.652729,0.313416,1.616951,2.222512,0.796084,0.810291,-1.50779,0.143677,0.690108,-0.410572,-0.651052,0.218447,-0.213024,-0.921262,-0.192828,-0.892564,-0.770642,-0.263769,0.72523,-0.184497,1.412942,-0.268622,-0.216185,-0.455679,-0.260661,0.383473,0.58791,1.171451,1.079236,0.627936,2.24053,1.944349,1.996182,-2.108325,1.320213,0.43795,-0.619624,0.53294,-0.401176,0.808864,-1.486173,-1.461836,0.692338,-0.010134,-1.988006,0.012956,-1.960644,-1.5666,0.700688,-0.70399,-0.952932,-0.262791,-1.875385,0.471034,0.00268,0.337088,-1.98892,-0.826351,-0.166292,-2.783127,-0.016129,0.626149,-0.642459,2.388298,0.414246,-0.745806,0.143349,0.280008,-0.645473,1.082293,0.251378,-1.351317,0.548262,-0.294218,-0.740893,1.247445,-0.752346,1.132015,-0.295677,-1.704731,-1.90961,0.58999,0.926314,-0.542111,-1.192571,-0.135448,-2.141352,0.051883,0.390454,-0.644799,0.423527,-0.820254,-0.475604,-1.526699,-0.019748,-1.524667,-1.47459,0.261085,1.249613,-0.160605,0.82452,0.896649,1.724698,3.055018,2.861757,-0.844531,-0.913746,-1.446853,-0.071019,1.413683,0.525878,0.214132,0.777764,0.091913,-1.20041,-0.799675,-2.291782,1.220867,-0.771235,0.759026,-0.349911,-0.388842,-0.66717,0.437293,-0.061665,0.226603,-0.581748,1.469247,0.622115,1.179674,-0.018082,0.272398,-0.870346,0.036835,-0.122105,-0.033386,1.31296,-1.039557,-0.157849,0.43252,0.83221,0.816436,-1.179891,1.556363,0.167768,-0.46465,0.293669,1.522959,0.708345,0.900584,0.506176,0.121649,1.351088,-1.143841,0.056083,0.221385,0.431271,0.126925,0.895759,0.920424,-1.615107,0.620989,1.275328,0.670675,0.53668,2.896771,2.478455,0.096575,1.133471,-0.227358,0.422547,0.724571,1.427785,0.090625,-0.157609,-0.545403,0.03004,0.379608,-0.220923,0.932431,-0.452561,1.145491,-1.097824,0.531526,0.383141,-0.002957,-1.052398,0.563053,1.385605,0.332883,0.691958,-0.057591,0.388722,0.181743,0.426414,-0.441533,0.139292,0.099513,0.284722,0.877744,0.149851,1.775173,-0.148863,1.53469,0.280414,-1.064139,-1.845148,-1.023644,-0.555532,-0.533377,0.277525,-1.349187,0.722975,-0.407693,-0.591772,-0.600407,0.006961,-0.310253,0.632153,1.18787,1.996857,1.354261,-1.525614,-0.818324,0.243928,-1.175655,0.038002,-2.02771,0.511247,-0.698616,-0.518393,-0.287657,-0.906635,1.701853,-0.65846,1.852739,0.546051,0.255954,2.084732,0.085865,-0.29743,0.463368,0.014006,0.09617,-0.835826,-0.721962,-1.063054,-1.515218,-1.55077,0.806159,0.472586,-0.516573,0.414859,0.751724,0.388475,-1.178332,1.203063,1.293323,0.911256,0.622547,-1.003599,-0.222639,-0.837852,-0.539166,0.249834,0.029122,1.073237,0.97716,-1.086714,0.851332,-0.131477,-0.782929,0.375174,-1.050204,-0.242127,-1.87762,0.879619,-1.030663,1.05033,0.032194,-0.324437,-0.481757
EG4725,0.232714,-0.137348,1.104432,1.443017,-2.042153,0.490605,-1.597519,-0.682634,-0.391719,1.570833,-2.740965,1.006317,0.127659,0.217264,0.015072,-0.231738,-0.13261,-0.657332,1.558793,-1.195973,0.971168,0.253566,-0.570018,-0.441915,-0.212873,-0.258451,-1.110075,-1.808826,-0.504156,-2.007861,0.232053,1.435519,-0.054707,-0.216367,-0.471665,0.042997,0.285501,-0.458918,0.521282,0.008618,-0.679653,1.776423,-1.004606,-0.224854,-0.187308,-1.825124,0.900094,0.308924,-0.001942,1.486288,0.047005,3.69328,1.958915,2.936584,-0.535511,0.410432,2.358238,-0.444871,0.536421,-0.245298,0.23636,-0.79578,0.244186,0.483067,2.449253,0.624572,-0.611117,0.651085,-1.594412,-0.660764,-1.633137,-1.668099,0.783958,-0.162001,-0.702933,1.894061,1.695512,0.526263,0.673179,-0.015667,-0.351699,-0.424214,-0.000685,-1.078317,0.639047,-0.972623,-0.150816,0.495914,-0.654684,-0.844653,-0.33998,-1.225727,1.255323,-1.109065,1.802493,-0.946598,-0.607416,-1.949817,-0.946665,0.380678,-0.566658,0.277435,-1.557907,0.093241,0.986005,-1.312952,-0.584071,0.055845,-0.262153,-0.010876,-0.822852,-0.541368,0.521203,-1.349075,-0.134042,0.124657,-0.198,-0.457219,-1.389842,-0.80999,-1.447697,1.288423,-1.145989,-0.007857,-1.898656,0.626875,0.827499,-0.451778,1.852992,-1.212702,-0.339613,-0.381748,-0.587117,-1.7414,-1.413018,0.650852,0.3346,-0.116805,0.285936,0.649478,-0.124585,0.182508,-1.565924,-0.084574,0.280375,-1.283718,-0.690339,-1.270139,-0.174247,-0.24663,-0.608385,1.050681,-0.18529,-0.033501,-1.179899,-0.403998,0.405094,0.80833,1.120523,-0.880629,1.138781,0.589436,1.935094,-0.543963,-0.30656,0.402176,-0.906172,-0.297995,-0.367726,-1.913702,-0.097122,-1.696508,1.526801,0.71263,1.191776,-0.599958,0.042492,-1.480476,-0.704971,0.627715,2.609258,0.768841,0.968322,-0.819827,1.306641,0.382982,-0.420757,1.26946,0.390525,0.257848,0.261847,0.335181,0.142655,0.950867,-0.531684,-0.708127,-0.918104,0.480805,0.199398,-1.376023,-0.699342,2.057658,0.268387,1.613655,0.448441,0.456605,1.312831,-1.676358,-0.109786,-0.739145,-1.365701,0.326805,1.726356,0.307385,0.076207,0.089549,1.888337,-1.373763,0.009077,-0.715324,-0.057236,0.353759,0.553319,0.568671,0.43347,-1.451422,-1.040198,0.228416,1.24309,-1.439396,0.522634,-0.454562,-0.886771,0.320729,1.630222,-0.738976,-0.531925,0.026825,1.19412,2.238391,0.599943,1.057251,0.023236,0.776049,-0.760538,-1.255293,-1.13346,-0.006756,-1.561706,-0.833261,-0.402671,0.328013,-0.550652,-1.099712,-0.620076,0.382264,-0.124303,-0.45703,0.119615,0.695314,-0.900477,1.138415,-1.8436,0.660137,0.139054,0.043451,0.932626,-0.959935,-1.22449,-0.532546,-0.923477,-0.305268,0.34992,2.047643,-1.841343,1.199617,1.578214,1.211757,0.361145,-0.228639,0.495147,0.696287,0.242411,0.657234,1.80291,0.600966,-1.613603,1.499427,-0.819412,0.492026,0.972198,-0.657238,-1.190167,-0.713277,0.228979,-0.086925,-0.328521,0.351101,0.164158,0.781811,1.168105,1.826867,3.008055,0.996404,-0.013935,-0.135161,0.68707,-0.165308,-0.083952,1.670043,0.688157,0.139194,2.011411,1.28738,-0.067967,-1.052266,1.094599,0.096646,-2.22544,-1.814296,-2.269549,0.337363,0.645434,0.401528,-0.015465,0.22924,-0.434686,0.810025,-1.691613,-0.558152,-0.090406,-2.313591,-0.039968,0.768117,-0.610499,0.382883,-2.064679,-0.692529,-0.088396
JU1400,0.395847,0.284795,0.12593,-0.330769,-1.273354,-0.525042,-0.477642,0.437171,-1.690366,-0.434866,0.540272,0.655817,-0.633198,-0.301849,-1.196766,-0.40501,0.052572,1.651782,1.273179,1.013704,-2.100476,-0.851208,-0.569593,-1.97901,0.24563,-1.171106,-0.009308,-0.145581,-0.372762,0.536145,0.949721,-1.016374,-1.471934,0.079019,-2.071726,-1.282181,2.21178,-0.759445,-0.206825,-2.624428,-0.765611,-0.25375,0.22556,0.151469,0.614535,-1.356633,-0.253248,-2.015469,0.093946,0.434967,-0.876126,0.426918,-1.615297,-1.980809,0.03663,0.113339,-1.727509,-1.875509,-0.558489,0.508802,-0.280102,-2.078994,-0.749571,-1.635691,1.423048,-0.703469,-0.823806,-0.292136,0.009852,0.18639,-0.384739,-0.2736,-1.278617,0.65565,-1.604463,-1.356445,-0.532354,-0.082941,-0.412725,0.343358,0.990042,-1.406753,-0.419812,2.243937,0.634688,-0.577943,-0.286794,1.289128,0.471569,0.064511,0.081689,0.240443,0.596515,0.152575,-0.696645,-0.930109,0.017727,-0.616322,-1.332189,-1.23757,-0.344149,0.138093,-0.817243,-0.275375,1.244341,-0.91687,-0.974919,-0.840314,-1.265203,-0.514633,-0.697734,1.482864,0.483419,0.626464,0.022687,-0.241461,0.081414,-1.163267,1.206806,-1.486236,-0.800357,-0.97007,-0.126352,-0.899681,0.867073,-0.157543,-0.798506,1.641701,0.413891,1.793885,0.452547,2.167232,1.324739,1.591716,0.731874,-1.656016,-2.611678,-0.826183,0.427448,-2.107353,-0.377305,-1.75032,-0.381585,0.063644,-0.704362,0.701588,-0.481978,1.398094,1.595627,1.723438,0.365909,0.733159,1.633714,-0.720152,-0.836429,0.826093,-0.206044,0.634792,0.6913,1.166817,0.149846,0.731933,-0.746016,1.025189,0.783877,-0.270159,1.073036,0.353708,0.383538,0.318852,-1.367694,1.585565,0.03802,1.950969,-0.21315,-0.505059,-1.097644,-0.115944,-1.35042,0.037529,1.19303,-0.615715,-0.446988,-0.445945,1.783483,-0.189165,1.172381,1.058693,-0.30714,-1.334906,0.187974,-0.995065,-0.944881,-1.82148,0.835769,0.169573,0.340155,-0.334342,2.177118,1.806609,-1.978312,0.394175,0.183806,-0.349282,0.161425,0.447996,-0.499389,1.016463,0.415068,-1.396896,-1.742364,0.460139,-0.921228,-1.776774,-0.192651,-0.568957,2.372902,-0.215927,0.819273,0.621033,1.039835,0.366607,1.049223,-1.068985,0.615911,-1.363982,-1.730813,-1.327491,0.580151,0.336181,-2.178681,-0.556066,-0.207108,-2.836511,0.50807,1.72953,1.551795,-1.441397,0.161733,0.581949,-1.279024,-1.103089,-0.286116,1.353479,0.145354,1.380428,1.318777,-0.819725,-0.849971,0.648487,1.176865,0.47023,0.917931,-0.189424,-0.190945,-0.492363,-1.059694,0.218825,0.590348,-1.003787,0.073533,-1.076119,-3.145046,0.652728,-0.962721,-0.587063,-1.456403,-1.308351,0.380282,-0.181794,1.354319,1.840527,0.180874,0.086599,0.419648,1.333161,-0.141836,0.790524,0.566504,-0.870116,0.262333,-0.146793,-0.804917,1.510317,1.487101,1.216773,-1.994045,0.274639,-0.462706,-1.791742,0.320606,-0.787387,-1.04132,-0.712715,-1.198737,0.47723,-0.547346,0.444539,0.922524,-0.266228,1.010139,-0.194358,-0.413391,-0.004803,-0.680773,0.612636,0.621624,1.042894,-2.453972,-0.612783,-0.547261,0.067878,0.299892,-0.813973,-1.753539,-0.650381,0.479751,-0.579355,-1.730097,-0.511631,-0.359268,0.412834,-1.033008,-0.400642,0.092849,0.116499,2.373571,-0.557308,-0.737006,-0.450605,1.293377,-0.163841,-0.260597,-1.823356,1.609893,-0.793509,-0.874052,-0.352714,-1.425893
JU1652,-0.452902,0.026736,-1.73568,-0.220179,0.59737,0.499495,-0.45288,0.088317,-0.238177,-0.217724,0.011079,-0.164996,-0.263858,0.017793,-0.122627,-1.649896,0.687877,0.529246,-0.014317,0.347481,1.394119,0.223172,0.677425,-0.688473,-0.2201,-1.285076,-1.110618,-0.741945,0.412056,0.290732,-0.480435,-0.170013,-0.091166,-0.67702,-0.21255,-0.48163,0.471267,-1.5641,-0.277862,-1.713489,0.520694,0.009861,-0.886044,0.898114,0.809917,-0.000872,0.4318,0.77264,-0.503465,0.062697,-1.073468,0.17262,0.42365,-0.846322,1.985684,0.191717,0.968619,-0.156245,0.833016,0.760952,2.186796,2.267726,1.063799,0.598629,-0.589647,-2.110735,-0.335617,-0.256316,-2.163625,0.822444,-0.507801,-1.462799,2.644201,1.472837,0.78978,1.504177,2.004392,2.297609,0.984862,1.97136,2.375898,-0.276992,0.901358,0.006356,-0.825127,0.149326,0.866023,0.660315,-1.530944,-0.044828,-0.488847,1.139077,-2.097974,-2.089769,-0.198483,-1.736216,-0.01913,-1.025134,-0.309281,-1.13616,0.569402,0.17602,-0.169909,1.212496,-0.210294,-0.849282,-0.181452,0.863653,-0.464687,1.373727,0.581976,0.212057,-0.606929,0.046047,-0.142569,-0.508075,0.929256,0.294261,-0.34168,-0.416553,-1.447855,-0.742063,0.400645,-1.400478,-1.20572,0.419052,0.169847,0.397657,-0.956162,0.107834,-0.317638,1.093631,-0.405091,-0.990079,-0.274206,-1.345344,0.598309,0.027742,1.815777,-0.279515,0.485477,-1.242866,-0.703108,-0.685436,-0.202148,-0.320656,0.352438,1.771271,0.016128,0.10746,-2.317209,-0.101737,-0.941976,0.59847,0.398947,-0.10022,-0.652174,1.252463,0.534863,-0.112444,-1.638434,0.26103,0.926712,-1.060556,0.447179,0.769139,-0.000623,0.568351,-1.039378,-1.428414,0.030518,-0.26668,-1.608402,0.537995,-0.218864,0.022575,-0.749362,-0.010514,-0.532263,0.007908,-0.927238,0.258334,-0.190087,-1.652158,1.264441,-1.194624,-2.239728,0.011587,-0.737747,0.333919,0.16544,-1.370974,0.140656,1.070735,0.801869,0.012147,0.411542,1.027216,0.528874,-0.36057,-0.795774,1.097866,-0.129951,0.396371,-1.882291,-1.021128,-0.961617,-1.374659,-0.599205,-1.224336,-1.574022,-1.379449,-0.091684,-1.461474,0.12929,-1.375559,-0.65579,1.45034,-0.249042,-0.31823,-0.279881,-0.433376,-0.932186,1.560808,-0.530901,-0.40076,-0.403833,0.46525,-1.56884,0.097497,-0.409296,0.568725,-0.062688,-0.223502,-0.305231,0.901938,0.319636,0.25197,-0.808388,-1.141704,-1.529313,-1.004976,-0.86111,-1.187275,-0.561324,-0.116758,0.452541,-0.708189,-0.186504,-0.023367,-0.743715,-0.318029,0.318976,-0.181619,0.503675,0.553497,0.497003,0.137555,0.249728,0.900901,0.94516,-1.100919,0.563643,-0.214958,0.263503,0.765347,-0.195172,1.277484,-1.402812,0.475329,-0.529795,-0.603567,0.567801,-1.107907,-0.80581,-0.953196,1.275805,1.080328,-0.622511,0.4725,-0.488591,-0.143413,-0.298814,-0.302213,1.410247,-2.433412,0.497351,-1.189241,0.729751,0.258538,-0.623942,1.255706,-0.845445,0.488711,1.990046,-0.332073,2.024794,-2.434461,-0.631603,0.032654,0.163619,-0.37193,0.421831,-1.619708,-0.933957,0.762447,0.39549,0.242637,-0.104221,-0.169001,-0.061054,-0.928828,0.74043,0.991718,1.463885,0.796535,-0.374268,-1.308612,-0.996861,0.329321,-1.768966,0.730648,-1.107129,-1.934013,-1.09153,-0.793521,-0.820934,0.263666,1.795841,1.533712,1.874781,-1.468535,0.838759,0.633227,0.687054,-0.400772,0.264478,0.757741,-0.089754
JU1896,-0.337401,0.741833,0.507006,0.335883,-1.501204,-0.058976,0.411362,0.56386,-0.232443,-1.598783,-1.932822,-0.519121,-1.632448,0.450743,-0.030498,-0.346731,0.230946,0.299955,0.339176,0.248297,-0.240894,1.449604,0.006124,1.096572,0.381164,0.128472,-0.296855,-1.289903,2.207446,0.181518,-0.261503,0.189262,1.071659,-0.630131,0.708846,1.052477,1.477892,0.94145,0.968875,-0.685523,1.953179,0.825731,0.029092,-0.477421,-1.139305,0.927693,1.177369,-0.316351,0.995986,0.783254,0.388388,-0.469489,-0.254414,-0.236408,0.863513,-0.027498,1.176733,0.977124,-0.369472,-1.072204,-2.239754,-0.513026,-0.320058,-0.560593,-1.350314,-0.306723,0.691321,-1.211117,-0.520912,-0.218077,-0.874874,-0.503881,-0.385891,1.735795,2.379845,0.897875,2.028443,0.945654,2.858796,1.775749,2.884663,0.3848,0.06651,-0.240721,-0.390532,-0.208438,-1.154671,-0.407016,-0.448933,0.488923,1.567779,-1.317148,0.172745,0.197765,-1.654512,0.058274,1.203724,-0.904548,0.901617,-0.775352,0.035794,0.235541,0.374832,-0.486342,-1.512645,0.016894,-1.284889,0.66402,0.205442,-0.029388,0.673723,1.142954,0.695343,2.238554,1.728214,1.056805,-0.087826,2.718248,0.954754,0.843047,0.838835,1.366577,-0.215482,0.80075,0.660709,-0.143401,-1.25303,-0.882276,0.660554,-2.424903,-1.305803,-1.089556,-0.263694,0.802596,0.058596,-1.211653,0.552744,-0.64086,0.588568,1.023803,1.367767,0.039415,0.870171,2.101524,0.893004,-0.032798,0.968871,0.413293,-0.626907,-0.267358,-0.537411,-0.84588,-1.271186,-0.26563,1.327826,-0.724791,0.650327,1.691652,-1.100476,2.093559,0.990488,-0.11808,0.411073,0.335456,-1.947903,1.256312,-1.240855,0.077117,-0.528399,0.449764,1.125932,0.188106,0.024564,-0.290442,0.445912,-0.226521,0.756158,0.63905,1.577639,1.233552,1.201978,-1.092157,1.850457,0.230982,0.315899,1.075427,1.698093,1.430735,-0.480736,-1.323912,-0.224639,-0.844157,-0.953408,-1.387253,-0.158839,-0.726522,-0.336968,-1.403556,1.330571,0.616361,-0.068587,-1.360532,-0.388227,-0.474615,-0.648899,-0.55409,-1.341503,-1.059682,0.356306,0.513254,-1.890411,-0.385768,-0.411284,-1.623184,-1.223285,-0.054695,0.551615,1.180056,0.36179,0.808058,1.224315,0.372969,1.352608,0.626624,2.112991,1.127345,-0.925034,0.147362,-1.244688,-1.138716,-0.195775,0.306463,-1.088443,0.186605,-0.734164,0.184588,1.766164,-0.790947,-1.534474,-0.216645,-1.393686,-0.019862,-0.841321,1.182231,-0.769938,-0.56719,-0.387788,-0.892914,0.550959,0.300743,-0.323618,-0.631777,0.149422,-1.151831,-0.405711,0.462457,-0.457089,1.070726,1.183784,0.386115,0.516733,0.983634,0.728948,1.466021,0.653241,0.365951,0.733319,1.519168,1.52575,0.955323,-1.001939,0.576894,-0.051596,-1.629189,-0.127902,0.587275,-0.81108,-0.536599,-0.726951,1.18237,0.38948,0.196365,1.250793,-0.310864,0.04539,0.456947,0.62788,-0.296909,0.668546,0.70452,-0.460889,1.231318,1.230988,2.654469,-0.085681,1.487923,1.16367,0.649247,0.015037,2.156313,-0.027228,-1.234921,0.332381,-0.43585,0.361711,1.485438,0.271649,0.48494,0.329587,0.304642,1.243003,2.33086,0.468115,1.318562,-0.449942,-0.736023,0.24907,-0.467079,-1.588201,-0.177343,1.463291,0.913498,-0.86971,-0.494111,-1.860596,1.218405,1.887883,-0.614143,-1.040948,-1.143248,-0.481903,-0.544844,1.476678,-1.44852,-0.961308,-0.223177,0.546846,0.21492,0.629204
JU2001,-0.164909,-0.786327,-2.00458,1.700882,1.216401,0.118651,-0.738092,-0.343928,-0.683603,-0.831057,-0.431106,-0.187636,-0.788419,-0.075829,-0.01052,-0.177926,-0.359431,-0.21826,-0.753622,1.138681,0.024107,-0.429263,0.568234,0.283757,0.055554,-0.813809,1.617383,2.332945,1.028361,0.58716,-1.421288,-0.985365,-1.035405,-0.029128,-1.975681,-0.501047,-1.04694,1.432456,-0.268067,-0.528573,0.510799,-0.956854,1.433819,-0.623431,0.431097,-1.813191,-1.353873,-0.094825,-0.104415,-1.335392,-0.179772,0.007466,1.570293,-0.679336,2.145738,-1.076948,1.490684,1.087825,1.667675,1.460985,1.485882,0.873644,1.181176,-1.079833,0.696161,1.279503,0.210659,-0.156528,0.069673,-0.320326,-1.608794,-0.737985,1.31177,-0.978732,0.957318,-1.139062,0.723543,-0.157629,0.474696,0.776264,-1.377577,-0.958593,-0.567659,-0.409732,0.020886,1.134253,-0.187835,0.966421,-0.872482,-0.060887,0.387295,0.168169,0.212466,0.793636,0.114181,1.063972,1.622549,-0.125304,2.106212,-0.339511,-0.187258,-1.130286,-0.070147,0.473487,-1.200332,-1.729299,-1.947257,-1.656624,1.985513,0.261815,1.440178,0.236284,1.779477,2.319275,-0.270332,0.825143,1.072499,-1.384765,-1.39598,-0.82478,1.385366,-0.356948,-0.028706,-0.725655,0.35233,-0.481236,0.494496,1.243666,0.746126,2.3052,0.590652,0.247584,1.170366,1.858583,0.763595,1.192911,1.947265,-0.80808,-0.497817,-0.184769,1.126734,-0.2413,-1.898467,-0.152483,2.006196,0.858385,-0.589513,-1.484743,-0.513179,0.051024,1.62077,-0.384219,-0.902904,-0.801331,-0.197381,0.966537,0.412765,0.197983,0.899409,-0.996441,-0.923838,-0.081111,-0.388632,-1.761579,-0.958168,0.225981,-0.636161,0.959683,0.67744,-0.615732,-0.612655,1.176436,-1.799273,-0.214958,0.485222,0.200747,-0.502448,-0.173671,-1.028924,0.913567,-0.794469,0.681881,-1.450103,-1.137978,-1.325482,-1.502316,-0.843187,-0.841392,0.42672,2.071441,0.182505,0.046493,-0.423424,0.775745,0.042847,0.531745,1.730599,0.966482,-0.265708,-0.402809,-0.646484,-0.843767,-0.573285,1.061305,0.595876,0.599153,1.176901,-0.509377,-0.166992,-0.609756,-0.030924,-0.537178,-0.404221,0.271689,-0.789141,-1.178652,-2.351599,-0.960928,-0.035044,0.097297,-1.438327,-0.745701,-0.745357,-0.481975,-0.856343,0.530016,-0.061354,0.110933,-0.102487,-1.86816,0.90119,-0.616821,-0.832623,-0.653148,0.445055,0.400415,-1.483415,1.096174,-0.380942,0.065911,0.368045,0.827943,-0.086299,-0.48165,-2.819826,0.777886,-0.41608,-0.824062,0.151137,-0.042749,-0.101963,-1.783455,-1.686088,0.129867,1.87764,0.149081,-0.806979,1.747345,0.65423,0.733056,2.033978,-0.368103,0.243035,-0.78015,1.342553,-0.982197,0.642963,0.490405,0.784845,0.8464,0.244946,-1.531976,1.189231,0.356777,-0.628117,-0.136428,1.067676,1.729198,1.467126,0.629062,-0.068495,0.907233,-0.883097,-2.00082,-0.868424,-0.942919,-1.404901,-0.788498,0.025096,0.498892,-1.323186,0.800308,0.237599,-0.098524,-0.390761,0.153017,0.832687,1.06076,-1.941797,-1.375582,-1.046127,0.639279,-1.121452,-0.407065,-0.529763,-0.045573,1.688926,0.17063,-0.602399,1.479482,0.986836,-0.041555,-0.73499,-1.594701,-1.358456,0.197617,-0.767861,1.173508,1.082295,-0.97676,1.45303,0.368827,-0.443226,0.393704,-0.242918,-0.336063,-1.411941,1.417997,-0.765919,-1.215761,0.824938,0.48696,-0.731105,-1.02,0.423658,0.684716,-0.011385,-1.04791,-1.002354
JU2106,-0.248747,-0.58192,0.694869,-0.553635,-0.855453,0.882293,-1.08222,0.064517,0.328576,-0.10756,-0.996775,-0.894744,-1.068731,-0.41241,0.663323,-0.848771,0.66854,-0.267827,-0.778671,0.931833,-0.621428,0.874207,-0.093144,1.243195,0.728057,-1.008006,0.999627,1.356667,-1.03368,-0.336216,-1.414965,-0.455236,0.319869,0.546599,-1.671284,-1.300835,0.670123,-0.526805,-0.114285,-0.501386,-0.573117,0.029793,-1.267944,-0.212156,0.742355,0.652309,1.324744,0.459364,-0.395519,-1.074476,0.03133,-0.46879,-0.584718,1.238484,1.760478,1.201751,0.881652,2.25223,2.265229,0.285715,1.503462,1.969373,2.583084,-1.234011,0.396616,1.008235,-0.35768,0.27787,-0.170233,-1.582132,0.701162,-1.506774,0.082177,-0.591661,1.213177,1.763131,-1.545424,-0.141236,-1.498936,0.509471,0.243259,0.610614,0.173944,1.046386,-0.710872,-0.233955,0.949426,0.255381,0.280703,-0.824945,1.511305,2.2909,0.4838,1.61927,2.30673,-1.157371,0.401383,0.525844,0.688398,-0.055765,-0.307124,-0.050726,-1.752207,0.627084,-1.550668,-0.663894,-0.512407,-0.600578,2.314328,-0.711384,-0.571088,-0.78948,-0.183289,0.840913,-0.183266,0.313888,0.003522,-1.292701,0.566205,1.121445,-0.649021,-1.153459,-1.704356,-1.153622,-0.392412,-0.371697,1.319122,-0.334864,-0.450349,1.196011,1.550537,1.714311,1.256529,0.801839,1.298583,2.311956,1.028376,0.90768,-0.18818,1.93792,0.996071,-0.357958,0.944037,0.844581,1.404688,0.003661,0.246575,-1.43133,1.531614,-1.455934,0.340761,-0.163612,0.962828,-0.509003,-1.338245,1.149683,-0.008744,1.022556,1.452771,1.511461,-0.321161,2.015168,-0.387828,1.811171,0.751431,-0.719098,-0.183761,-0.284398,0.275197,0.920183,1.522071,-1.801548,1.197475,-0.764941,1.186888,-0.468908,-0.709782,-0.196931,-0.018153,-0.846387,1.244812,0.525981,-0.796528,1.633038,-0.134432,0.478554,1.097597,0.260356,1.211423,-0.191031,-0.050132,-1.981832,1.746991,-1.118007,-0.43522,0.370579,-0.718581,0.269307,-0.760251,-0.720143,-0.423887,1.711812,0.041645,0.569129,0.694445,1.499259,2.010974,-0.360478,-0.797206,0.069404,-0.110822,-0.256146,1.072189,-0.35581,-0.069819,0.737135,0.411137,1.127265,0.80555,1.986797,-1.123802,-0.117441,-1.558047,-1.418907,0.518966,0.628155,-0.257767,1.060772,0.24857,0.781963,0.662241,0.875287,0.571077,0.965928,0.148741,0.06081,-1.304043,-0.492705,0.32504,-0.007487,-1.430071,-0.255393,-0.518237,0.965083,-1.323103,1.034614,-0.147848,-0.647241,-0.771719,-0.812336,-2.235384,0.483938,1.19022,0.370519,1.102598,0.57624,-0.108601,-0.214487,0.911415,0.743422,0.911033,1.778717,1.508443,0.887699,1.30004,0.067028,0.981627,-0.804389,0.667352,1.639303,1.413737,0.240461,0.437263,-0.809053,-0.509322,-1.052731,-1.790826,-0.325197,-0.346536,0.027909,0.735812,-0.163566,0.315533,-0.896274,1.72483,0.23853,0.679574,-1.443882,1.638646,-1.687101,1.471938,1.59218,1.20895,1.444469,0.289489,0.355324,0.691578,1.096932,-0.155743,-2.194241,-0.677142,1.099259,1.186808,-0.120708,1.069358,0.853489,-0.503342,0.25521,0.2318,0.262823,-2.095905,-0.205608,-0.371458,0.597639,-0.818602,-0.053449,-1.138284,-0.088955,-0.055094,0.078062,1.260516,1.358003,0.394526,-0.782522,-0.45347,-1.128426,0.682123,-1.569116,1.972385,-1.101451,-1.503492,0.542442,0.010951,1.345551,-0.399653,-0.872253,0.763269,-2.663804,-0.875569
JU2234,0.773173,1.560559,1.082043,-0.524864,0.349323,0.480993,0.019921,-0.248245,0.286989,-1.008192,0.987326,-0.809938,0.345015,-1.245362,0.536736,-0.981982,-0.7957,-1.013173,-0.325389,-0.315507,-0.913879,0.413752,-0.438256,-1.254538,0.55409,-1.412379,-0.197276,0.152041,-0.343461,-0.385647,0.055306,0.764199,0.669243,-0.216659,-0.168575,0.479947,0.663315,-2.083853,1.041226,0.017906,0.302421,-0.01539,-1.415816,-1.022566,-0.818941,0.700921,0.045413,-1.14199,1.592676,-0.396161,0.773951,0.147542,-0.102393,0.611934,0.040866,1.118031,0.295729,0.077666,1.126413,-0.36702,-0.723273,-1.393435,-0.29659,-1.107678,-0.519046,-0.394447,0.340879,-0.502887,1.487024,0.413322,0.32854,-0.340841,-0.4822,1.996062,1.398335,0.97655,1.442464,1.660286,2.481921,2.199968,2.824212,-0.12277,-1.10204,1.835578,0.516467,0.367831,0.591424,0.455454,-0.463688,-0.188118,0.221425,-0.089897,-1.176946,-1.656076,-0.694926,-0.168886,0.091796,-1.301199,-0.956383,2.122098,-1.453938,0.070505,0.67177,0.475899,-0.222605,-0.616807,-1.528101,-0.114664,1.01609,0.816938,-1.963172,-0.049997,0.85245,-1.054518,-0.421875,-0.500641,0.159103,-0.31929,-0.366065,-0.195413,0.701381,1.814845,0.699405,0.636811,1.193729,1.296104,0.154454,-1.257646,-0.570798,-0.806238,0.765743,-0.355864,1.273112,-0.438665,-0.072594,-2.045406,1.790586,1.113595,0.031023,0.280536,-1.407952,0.776837,0.276697,2.000728,0.757139,0.163199,0.359108,0.229031,-1.603339,-0.491829,-1.12483,-0.201626,-0.599355,0.252557,2.428554,0.917762,0.197027,1.332862,1.792099,0.278995,1.230158,0.531164,0.373599,0.743573,1.095654,-1.382966,0.513036,0.797783,-2.250997,0.416514,-0.263395,-0.60581,0.856413,0.059289,-0.339242,0.050157,0.95847,-0.446423,-0.528961,-1.224757,-0.256553,1.206604,2.627336,-0.437077,-0.893987,0.806758,0.885829,1.098167,-0.133395,0.003173,0.483835,0.399776,-1.184122,0.029693,0.169537,0.103412,-1.256929,-0.156062,-1.347169,0.029158,0.249504,-0.312668,-1.011215,0.757814,-0.248506,-0.563274,-1.4932,-0.055091,-0.849414,1.465922,-0.057454,-1.258478,-0.80788,-1.510321,0.281344,0.686553,0.642884,-0.297362,-0.128007,-0.843102,0.05215,0.171762,-0.673655,-1.299728,-1.45874,-0.723398,-0.242292,-2.199948,-0.967528,-1.426676,-0.014717,-1.365947,-0.972646,0.729148,-0.759661,-1.105979,-0.926688,-0.909465,1.889931,-0.013483,1.317238,-0.05449,1.864417,-0.238393,0.390234,-0.079122,-0.431131,0.196282,2.647305,-0.905071,-0.921002,0.161086,0.143859,-2.336769,0.12973,3.37755,0.102991,-1.343882,-0.042842,0.837989,0.591161,0.252602,0.129516,-0.39938,-1.693523,1.816406,0.81803,0.68503,0.471549,-0.352648,-2.30377,0.400767,0.45363,0.185435,0.661302,-1.65986,-0.944326,0.756634,-0.082301,-0.023116,0.819001,-0.211092,-0.76349,1.275702,0.45811,2.262832,-0.643835,-0.276669,1.643099,1.426409,1.167415,0.90543,0.028192,1.451098,0.014411,0.04416,0.984119,1.492595,-0.290724,1.17011,-0.056169,0.587783,1.853618,1.25594,1.145369,0.301135,-0.924887,0.38559,-1.466126,2.005481,0.870482,-0.772883,0.538336,0.260636,0.727964,-0.748065,-0.621126,-1.793459,0.299316,-1.682858,-0.415644,-0.423552,-0.481459,-0.911011,0.358657,-0.616822,0.06978,0.464375,0.11941,-0.50907,-0.135371,-0.304238,1.195454,0.324324,1.156352,0.226563,-0.356305,-0.033661,-0.241824
JU2526,0.175666,-0.716623,-0.528859,-0.212536,0.417146,-0.050234,-0.344815,0.446979,-0.526822,-0.223502,-1.814754,0.296891,-0.417416,-1.286614,-1.359782,-1.056163,0.826693,-0.603688,-0.408183,-2.087846,0.480999,-2.031986,0.667339,0.39353,1.562131,0.305329,-1.715449,0.859011,0.169845,-0.080916,0.318373,0.929904,0.321262,1.555172,2.202185,2.188024,-0.49519,-0.729654,0.016266,-1.510712,-0.120585,0.160378,-0.954859,0.49995,0.142644,-0.286713,-2.451815,0.420432,-1.471589,0.122805,-0.697506,0.000419,0.918162,0.202078,-0.591468,0.081492,0.275186,1.002081,-0.844729,0.216176,1.395079,0.401043,2.240065,0.10484,-0.608312,-0.233476,0.233118,-1.446355,-0.221089,-2.194506,-0.082723,0.05962,0.17606,-1.25577,-0.131243,0.703083,-0.538477,0.192314,-0.213202,-0.494028,-0.299109,-1.503154,0.587411,0.493958,0.880131,1.82604,1.468252,-1.00391,-1.781377,0.281533,-0.112873,1.661105,2.052268,2.230252,0.701483,1.423669,0.104146,1.445831,0.994904,0.04209,0.558449,-0.519224,0.707733,1.097437,-0.410578,0.667021,0.144242,-0.606813,-0.13607,0.260714,-1.187043,-0.671759,-1.500103,-0.090222,0.477589,-0.844832,-1.03886,-0.358067,2.409332,0.111564,0.295637,0.105165,0.915478,-0.32186,1.040816,1.535639,0.456091,1.537197,0.159305,1.201738,0.244974,-1.178331,-0.527107,0.385409,-1.242568,1.007933,-0.368129,-0.367867,0.65268,-1.988711,1.152773,0.898309,-0.720891,-0.004245,-1.56835,2.082195,-0.564859,1.045278,-0.105087,1.537378,2.320836,2.428176,1.568708,-1.029356,-0.954483,0.041196,0.908476,-0.476563,-0.317803,0.540035,-0.450478,0.926115,-1.634884,1.432027,2.206457,0.478777,2.261409,1.05686,-0.875526,1.438431,1.104095,0.741436,0.815152,0.54175,-0.863912,0.189445,1.014372,1.161415,2.702395,0.416163,-0.707088,-0.103236,0.043792,-0.105881,2.349588,-0.353931,0.830985,-0.142124,0.421993,0.655214,-0.152664,0.653341,-1.847499,-0.146393,0.712069,0.464033,0.214226,-0.991365,0.651414,-0.282097,2.629079,0.768638,0.088519,0.158701,1.280173,-0.686695,0.178899,-0.568238,0.104857,-1.166344,-0.410382,-1.474793,-0.112642,-0.504787,0.739106,-0.930308,0.749177,1.767912,0.977487,2.121797,0.55352,0.763038,0.449119,2.325994,0.42592,-0.647265,1.0217,0.256699,1.516707,0.060391,-0.021602,0.983457,-1.081533,0.394694,-1.514799,-0.504199,0.141415,1.230282,1.098039,0.195339,0.750884,1.333749,0.367868,-0.572657,0.850008,-1.041561,0.381465,-0.538527,0.504945,0.607976,-0.30367,-0.616972,-0.180303,0.731511,-0.22582,-0.210844,-1.650723,-0.558822,-1.092362,-0.143004,0.130412,1.09288,-0.411262,-1.655437,0.259138,-0.113165,-0.178781,-2.13387,0.570258,-1.42167,0.82361,0.10095,-0.862442,-0.148091,1.525096,-1.326007,-0.491906,-1.40667,-1.280493,0.077559,0.492792,0.20924,1.046814,0.576242,-0.139439,1.058077,1.061172,0.662291,-0.279875,1.117885,-0.945023,0.32643,2.02721,-0.519199,-0.290423,-0.457786,-0.929952,1.593033,1.215774,1.510178,-0.434603,-0.129953,0.21597,-0.622079,-0.032072,0.431977,-0.977061,1.162191,-1.616868,-2.681768,1.164844,-1.942398,-0.868134,-0.746533,0.648258,-1.252945,0.662849,0.847941,2.206169,1.79371,-0.266027,1.381744,0.34475,0.135973,0.574868,-0.633955,-0.925368,-0.565587,-1.609175,0.773427,-0.940965,0.162166,0.384432,0.833244,-0.102552,-0.087365,-0.463495,0.196146,0.482919
JU2576,-1.206961,0.321018,-0.406277,2.205325,-0.801501,-0.486282,0.900855,-0.962151,-1.118697,0.297639,-0.178202,1.452711,0.149388,-0.516246,-0.53937,-1.232805,0.182019,-0.720919,-0.271046,0.497519,1.104656,-0.17116,0.192442,0.464827,-0.312266,-0.188494,-0.080617,-0.662946,-0.432381,-0.179292,0.252201,-1.525093,-0.830084,0.850005,-0.776709,-0.799868,-0.573384,0.637708,-0.78734,0.849861,0.517934,0.22978,0.280379,-0.503097,0.582156,-2.178205,0.861726,1.591977,-0.599479,0.074091,0.229815,0.747696,-0.911454,-0.001289,-0.025053,0.897276,-1.437806,-1.17667,2.572167,1.070472,0.110269,-1.720141,-1.488996,-1.072827,1.217412,0.243724,0.134928,-0.860039,-0.122015,-0.042811,-1.495319,-1.270534,-0.355185,-1.191303,-0.23659,1.473262,-0.758251,0.952217,0.144411,0.82122,-1.077628,0.39508,0.12796,0.52229,0.121285,-0.926304,1.223763,-1.771852,-0.91085,-2.014691,-0.980817,0.909337,1.087497,-1.083556,0.464925,-1.162381,1.949036,0.647848,0.914279,-1.071441,-1.934112,-0.614917,-0.382281,0.796952,0.930007,0.696208,-0.54517,-1.105727,0.105801,0.393123,-0.449179,0.332947,0.323255,0.213078,-1.694012,-0.230731,0.334411,-0.212163,1.375905,0.613971,0.081952,-0.149373,1.206265,-0.66165,0.04621,-0.309007,1.599747,-0.172707,-0.791772,0.631017,-0.722227,1.132169,-1.317204,-1.45089,-0.02264,-0.15982,0.082178,-0.383919,-0.273285,0.042134,0.889129,-0.909566,-0.538128,0.125522,1.190029,1.16784,-0.856506,-0.112788,0.026778,1.296579,0.633737,1.668351,1.982569,-1.65966,-0.695934,0.811133,0.93703,-0.132484,-2.796001,-0.691512,0.533535,0.549657,1.614808,-2.157797,-0.071705,-0.422614,1.034365,-0.306849,-0.116476,-1.489027,0.751675,0.956666,-0.764542,-0.810942,-0.551244,0.396831,0.54412,-1.324147,-1.108102,-0.147716,1.189289,1.089605,0.639479,-1.24882,0.00784,-2.199938,-1.575506,-0.618925,0.575397,0.292438,-0.218821,1.046404,-0.06251,0.971849,-0.904433,-0.511504,2.038599,-0.159276,0.560778,0.996448,0.517995,1.16808,2.216032,0.287627,0.740789,-0.017137,0.274539,3.296571,2.437722,-0.72037,-1.04328,0.326269,0.623655,1.063106,0.230956,1.04936,1.912397,1.222929,-0.605284,-0.215919,0.242246,0.350078,0.463367,0.891657,0.47526,-1.470373,-0.232422,0.44621,0.898434,1.39438,-0.241683,-1.269031,1.504417,0.915484,-1.617285,1.31566,0.131646,0.046483,1.508991,-0.822743,0.62892,0.799063,0.073477,-0.735429,-1.747047,0.278309,-0.564909,-1.022271,-1.08841,-0.9663,-0.568786,-1.868228,-0.679482,0.755453,2.119794,-0.36702,0.883486,0.829076,-0.207482,1.934103,0.873679,0.340575,0.608405,-0.662887,0.5988,-0.599999,1.059145,1.569331,-0.9986,-0.353596,-0.179396,0.34211,-0.76723,-0.19761,-1.621625,-0.353169,0.590783,-0.928902,-0.27837,0.610071,0.85357,-0.279043,1.299779,0.697517,0.011501,0.613706,0.510913,0.668553,-1.784761,0.162179,1.894007,-0.941123,0.70451,-1.196703,-0.46252,-0.765419,-0.765936,-0.205112,-1.932342,-0.134308,0.748375,-0.307842,0.08808,0.248644,-0.492053,-0.580157,-1.432466,-2.367084,-0.707753,0.656924,0.385454,-0.468304,-0.807668,-0.389803,-0.428749,-0.443101,-0.842508,-0.221308,0.37781,-2.289401,1.225723,1.220641,0.652279,0.989367,-0.816421,-0.401963,1.043597,0.333094,-1.874763,0.1882,-0.518605,-0.346018,-0.960056,-1.218086,2.573465,-0.187854,-0.891107,-1.314711,-0.38713
JU258,1.387394,-0.61361,0.54434,-1.554759,-2.755833,-1.325245,0.282982,-0.734223,-0.553501,-0.510294,-0.495577,0.55206,0.078167,0.884766,0.876606,-1.095729,-0.00232,1.072698,0.76891,1.236762,0.289151,-1.217984,1.820899,-1.766273,0.11151,0.463207,0.381617,0.266879,1.326825,0.489489,-0.656776,-0.689542,-0.357362,0.681643,-0.257575,-0.606481,-0.173885,0.828979,0.523995,0.659022,-0.542885,-0.270999,0.624693,-0.008382,0.401767,-1.606898,0.342187,-0.079757,-0.309435,0.478175,-0.315748,-0.17889,0.69666,-0.679758,-0.808224,-0.623115,-1.256698,-1.417257,-0.263747,1.298924,-1.129911,0.503462,1.129796,-0.177549,-0.560849,0.478355,-1.195426,-0.044878,1.579977,1.284573,0.75128,1.376874,-1.027641,0.243825,1.198982,1.896725,-2.596287,0.721751,-0.575039,0.319473,1.179507,-0.437566,0.472549,0.14144,-1.19994,-1.147682,0.277938,0.066646,-0.141289,0.861128,-1.178733,-0.197235,-1.144351,1.345268,0.381029,2.192174,-0.208287,0.491092,-0.690548,-0.886356,0.75955,-0.720187,0.091296,-0.565628,-2.23927,-0.360446,0.139553,0.35347,0.249773,-0.077168,0.248443,0.016514,-0.388188,-0.288107,0.463858,-1.080952,-0.659567,-1.794627,0.222843,0.366461,-1.067655,-0.648696,-1.777063,-0.55611,-0.864288,0.651878,1.881916,1.917397,0.399584,-1.32424,-0.604303,-1.428223,-1.488677,-1.550976,0.887962,-0.337555,-0.156519,-1.183354,0.223988,0.023953,-1.075504,-1.424428,-1.102848,0.539294,0.193042,0.825948,-1.265473,-2.105851,-0.130718,-2.379607,-0.325245,-1.877787,-0.564306,-0.620658,1.09152,-1.230315,-0.685707,0.605807,-1.805602,-0.266603,-0.558151,-0.046674,0.610999,-0.451632,1.194869,0.103869,1.19747,-0.385047,0.281824,1.337142,-1.363902,0.046186,0.802876,2.624786,1.388627,1.861634,-1.165238,1.986623,1.384285,0.330267,-1.139295,0.564994,1.111575,1.75046,-1.247841,0.350756,0.800381,1.99941,-0.508101,-0.216812,0.720794,0.409152,-0.145316,1.213704,0.833769,-0.014293,0.704792,-1.233089,0.350351,1.968509,1.561586,-0.174375,-0.843936,0.646517,-0.228449,1.400999,0.486231,0.498837,-0.885628,0.468021,-0.113548,-0.947353,-1.474301,-0.577714,-0.608771,-0.240773,-0.502145,1.13148,-0.106537,-0.329472,0.22448,1.047438,0.553832,-0.077759,-0.062846,-0.831813,-0.745805,1.038086,-0.093734,-0.514816,-1.451111,-0.548506,0.963267,-0.867831,-0.295144,-0.291788,1.710327,0.314558,-0.064134,-0.618286,-0.542027,-0.727769,-0.94588,0.968247,-1.012227,-1.93722,-0.715286,-0.055466,-0.779045,-1.435971,1.135676,0.024713,0.901942,-0.941566,-0.3835,-0.908748,0.569267,0.789004,0.403928,-1.176378,0.998337,0.142735,1.771192,0.522716,-1.047211,-0.261518,-0.450167,0.290091,1.163013,0.540292,0.779958,-0.610651,0.199015,-1.883241,-1.211023,0.407189,0.326183,-1.471243,0.180553,1.046506,2.288169,-0.440711,-2.132721,0.265234,-1.087009,-0.301543,-0.914049,-0.107374,-0.99295,-0.410441,-0.053049,-0.775924,0.635233,0.412122,-0.726084,-0.960998,0.212082,-0.67183,0.713573,1.020079,-0.734603,-0.363605,1.018094,-0.480891,-1.498282,-1.483966,-0.109624,-0.611021,-0.202407,0.294348,-0.413264,-1.882206,-1.641033,-0.310623,-1.462355,-0.218133,0.859677,-0.503499,-0.089599,0.969279,-1.345798,1.851933,0.91584,1.460315,-0.009284,-1.102687,-0.419481,0.353738,-1.152172,-0.942596,-2.006046,-1.202276,0.11637,-0.93572,0.400777,0.541925,0.477768,0.467316,1.041921
JU2581,0.069342,-1.129325,1.046893,-0.163228,0.035796,-1.372622,0.157571,0.421621,0.578051,-0.240052,0.497597,-1.008269,0.813113,0.658102,-0.629783,-0.430467,-0.493978,0.874974,0.512758,0.538312,0.363533,0.152776,-0.173856,-1.439115,-0.446337,0.373885,1.399715,-0.175413,-0.796138,1.751373,-0.380483,-0.44415,0.534393,-1.069831,-0.806116,-0.320904,0.217017,-1.127807,-1.524973,1.981356,-2.114815,-0.59991,0.434996,-0.920512,0.356736,0.873469,0.756035,-0.550093,-1.088522,-0.993961,-0.756964,2.594068,0.267842,0.597383,0.470311,-0.595599,-0.740772,0.708962,-0.820053,-1.903386,-0.407663,-1.366388,-1.83529,-2.201012,-0.00236,-1.389351,-0.336175,-0.192564,-0.06686,0.867441,0.314963,-0.819307,-0.530506,-0.464885,-0.128313,0.436238,-0.186406,0.277221,-0.291293,-0.510201,0.332484,0.674932,-2.507946,0.131757,-0.657567,-1.688658,-0.436074,0.047363,0.619844,-0.232306,0.176136,0.120548,-1.301468,-0.609666,-2.429948,-1.18025,-0.045205,-0.951383,-0.276862,-0.351823,0.620008,-0.315583,-0.307392,-0.728072,1.163925,-0.929039,-0.985965,-0.826772,-0.283968,-0.081144,0.11389,-0.785009,-1.95801,0.883166,-1.53524,1.085349,-0.517252,-1.622607,-0.002439,1.523513,-2.060616,0.424134,2.291984,-0.026958,-1.05739,-1.401688,1.396874,-0.061635,-0.053803,-1.35501,0.505807,0.049046,-0.583275,-1.418818,1.100683,-1.206284,1.241524,-0.57826,0.169603,-1.114954,-1.042954,-1.143736,-0.695646,-0.226815,0.644148,0.460312,0.560993,-1.532218,-1.128604,-0.668021,-0.508095,0.189785,1.248592,-2.302709,0.34373,0.124528,-0.55977,0.159728,-0.040069,-0.571763,-0.732661,-1.360482,1.800286,0.142682,0.12028,-0.764293,0.828219,-0.202339,-1.325098,-0.98174,1.102313,-0.81615,-1.341729,0.759505,-0.802532,-2.217219,-0.312991,0.098391,-0.901193,0.161075,-0.438067,0.444747,-0.052664,-0.348052,1.391487,-2.178279,-1.66622,0.24512,0.584623,-0.301256,0.840428,1.726317,-0.940897,-0.120325,0.657713,-0.588275,-0.561201,0.077287,1.518565,0.131754,-0.83091,1.555279,0.494517,0.5233,0.149708,0.164536,0.5166,1.411419,-0.843302,1.287696,-0.959726,-1.722041,0.978655,-0.034775,-0.205818,0.18081,0.518286,0.227885,0.46668,1.115454,-1.105367,-1.127509,-1.91586,-0.067277,0.075372,-0.774011,-1.19071,-1.179823,-1.104181,-1.686379,-0.005335,-1.359689,0.393359,-0.471395,-1.153443,-0.425978,0.059132,0.181803,-0.878088,0.239616,-0.747048,0.468644,-0.761387,-0.759051,2.011479,1.162005,0.592509,1.549549,0.487347,1.754751,0.990527,0.749921,-0.191754,-0.137717,0.691128,-1.747424,0.405224,0.102233,-0.425533,-0.597196,-1.91712,0.985659,-0.697245,-1.43836,0.8608,3.011951,1.247181,0.277407,0.274981,2.099254,-0.21244,-0.022028,-0.434045,-0.200752,0.270135,-1.376712,0.880638,-0.581997,0.003029,-0.65382,1.768565,-2.436021,0.815548,0.02929,-1.137715,0.215573,0.161479,-0.608599,-1.495787,-1.370466,-1.254847,-1.466023,-1.093175,0.454681,-1.435026,0.368937,-0.858227,1.977324,0.208009,0.141469,-0.455213,0.635808,1.631219,1.795944,0.843739,-1.521713,1.137985,-1.679471,1.634642,1.181722,-0.037058,0.519334,-0.090412,0.798754,-2.112602,1.177173,1.12172,-1.287209,-0.749219,-1.165777,0.418447,-0.451499,-1.21226,-0.891983,-0.206621,0.460074,0.502282,-0.222671,0.323183,-0.46992,-0.141252,-0.630302,2.100876,-0.985982,0.555147,0.432591,1.097448,0.436096,0.466949
JU3167,0.961836,0.286991,-0.28141,-0.817246,-0.874855,-0.946405,-1.17393,-1.550577,-0.418902,1.693755,-0.810931,2.604295,-0.020551,0.064812,0.124362,0.385163,-0.626053,-1.059303,-1.532156,-0.800343,0.62782,-1.847916,0.493465,-0.226346,-0.633885,1.077362,-0.740033,0.342448,1.026087,-1.431264,-0.676321,0.720814,0.091024,-0.701433,-0.724432,1.003371,-0.678304,-1.733456,0.168688,-0.374425,-1.193139,-0.056203,-0.118439,-0.368583,-0.198765,1.416706,0.247856,-0.399561,-1.58145,1.888346,1.109362,-1.773779,-0.129095,0.101708,1.001701,1.372027,0.85333,0.235189,-0.96941,-0.607161,0.64754,0.527358,0.7633,1.220575,2.112824,-0.409373,2.743161,-0.323426,-0.295173,0.588186,1.631132,0.630875,0.986237,1.261855,1.340706,-1.577256,-0.325972,-0.580236,-0.383423,-0.662851,-1.77102,0.453685,0.978009,1.857896,0.618177,-0.639259,-0.251461,-0.398816,-1.295903,-0.258769,0.14809,-0.171001,0.607249,0.167318,0.534502,0.47105,-1.058172,-1.033493,0.661451,0.383214,0.325212,1.276132,-0.641459,0.262512,-0.65933,-2.081792,0.510041,0.878394,1.633459,-0.034875,-0.93884,-0.668534,-1.138515,-0.633696,-1.126125,-1.272228,-0.725352,0.276928,-0.935744,-0.465575,-0.5308,0.528253,-0.143019,-1.640056,0.900273,-1.911598,1.164372,-0.848454,-1.253032,0.102347,-0.873308,0.084784,-0.050105,0.569252,-0.292803,-0.877444,-0.526291,-1.739107,-0.285874,0.601816,-0.228658,-0.346319,-1.056945,-1.324813,1.11958,0.077669,1.38256,1.481618,1.24048,1.479225,1.744925,1.74604,1.439434,0.802017,0.947061,-0.168709,0.295192,-0.634806,-0.787934,-0.560065,0.035413,0.231398,0.026873,0.713028,0.430935,-1.931518,-0.159935,-0.252469,-0.464709,-0.309202,-1.553106,-1.165134,0.347363,-0.072944,-1.849469,-0.492009,1.088032,-1.075398,0.313317,0.019763,-0.204935,-0.568298,0.839138,-0.334032,-2.10034,0.296058,0.447201,0.068338,-0.197358,2.018937,0.554662,0.473175,0.735343,0.575469,0.179236,-0.233145,0.494887,1.859992,-0.757183,0.773727,-1.283307,0.310492,0.370081,0.443199,-0.562034,0.635564,1.356697,0.613373,0.593189,0.464568,1.043579,-0.028876,0.182619,1.94915,-0.615486,-0.564893,-2.220589,-0.325276,0.570525,0.658833,0.122022,-2.582394,-1.601832,-0.281738,-0.984858,0.487851,0.398378,2.034156,0.648798,0.44525,2.590822,1.093595,1.017854,2.269289,-1.590054,-1.592398,0.117447,0.003912,0.463811,-1.442208,-0.963301,-1.72357,-0.990052,-0.549835,1.525535,-1.548943,0.059893,-1.532548,0.045648,-0.184231,0.948329,0.855112,-0.554322,0.648347,0.444815,1.286079,1.028986,0.778184,1.825026,0.296558,1.169453,0.161374,1.538554,0.265946,-1.018995,0.269643,0.60944,0.029146,1.922658,1.066528,-1.78788,-0.732755,0.957272,-0.482311,-1.120418,-0.615311,-1.780741,-1.378521,-1.134144,0.828341,-0.053983,-0.47356,0.174435,-0.259403,-0.791145,-0.242935,0.701417,0.092723,1.177093,-1.123781,-0.792212,0.092743,-0.504796,0.364858,-1.859147,0.756338,-2.121382,-0.663394,-0.285004,-0.154338,-0.07297,-0.277213,0.69258,-0.080565,-0.155584,0.004455,-0.138349,0.315149,0.830717,-1.351293,-1.649661,-0.324295,0.028467,-0.905744,-1.131087,0.761793,1.158217,1.190567,1.961099,0.036167,0.105277,0.382559,1.555878,0.115524,0.762887,0.346403,-1.428444,-0.719822,-1.032518,-0.427409,0.406133,-0.550697,-0.910328,-0.301649,-1.214551,-0.887892,0.189246,-1.344928,0.927902
JU3169,0.213968,0.40297,1.530467,1.685276,1.590756,1.968865,1.918772,0.563506,1.227172,0.516327,0.369119,-1.35308,-1.054253,1.030342,-0.425982,-1.803643,-0.221771,-0.183004,-0.394126,0.106391,-1.08578,-0.792727,-0.637411,0.242082,-0.830443,0.05336,0.136496,-0.953086,-0.432615,-0.944268,-0.918239,-0.036399,-1.10084,-0.238501,0.01187,-0.970896,1.273718,1.217009,2.010899,-0.336724,-1.246164,-1.167859,1.585578,-0.707369,-0.955819,0.883572,0.280916,0.076686,1.585107,0.926223,1.067394,2.873154,0.202325,1.20037,-0.910533,-0.97299,0.384484,-0.554445,0.460664,-0.469918,1.622852,-0.383169,-1.087967,1.250764,1.196775,-0.133025,-1.029145,0.723738,-0.298511,2.279642,1.410402,-0.003496,-0.246457,0.875067,-1.640024,0.678295,1.253827,-0.826035,-0.900139,-0.331893,0.880055,0.935722,-0.486746,-0.931871,-0.545476,0.852206,0.59542,0.04254,0.682063,-0.90797,0.211634,-1.932295,-1.135105,0.46859,-0.829976,-0.779866,0.257105,-0.234734,0.529075,-0.121357,-1.376352,-2.506266,-1.015404,-0.570582,-0.614262,-1.107934,-1.696859,-0.638483,-0.274168,1.021475,1.09345,-1.740887,-1.566373,1.187403,-0.215325,0.107578,0.268593,1.041502,-0.300048,-0.816085,-0.1921,0.818745,-0.40428,-1.083264,0.912829,0.09221,-0.348499,0.442533,0.534058,-1.295124,-1.147715,-1.425663,0.088431,-0.356876,-0.248435,-0.004919,-1.050236,2.293183,-0.743585,-1.451757,0.59935,0.533964,-0.245649,-0.970792,-1.487798,-0.350312,-0.395328,0.440835,2.627588,0.632598,2.091702,0.464051,-0.5733,3.15393,0.071192,-1.215296,0.22143,0.054996,-0.477607,0.106825,0.187476,1.335048,-1.09317,1.074694,0.853859,-0.239362,-0.246887,0.557801,0.902696,-1.798629,-1.981448,-0.697718,-0.864093,-0.03312,1.097745,-2.434528,1.096146,1.429394,-0.247908,-0.48085,-1.424496,-1.479568,1.380244,0.677832,0.032053,1.244288,2.008286,-0.431209,0.084008,-0.078342,-0.517949,-1.463733,-0.448249,0.650771,1.26206,2.295091,0.537295,1.752845,-0.353644,-0.137797,-0.142138,1.622483,0.573148,0.31152,-0.766525,-1.227204,0.843796,-0.612822,0.611711,-0.180806,1.011207,-0.374387,0.170768,0.493009,1.125932,-0.232622,-0.483419,1.254159,-0.734612,-1.098161,-1.463305,-0.81362,-0.259571,-0.370293,-0.330697,0.978931,0.252372,-0.430383,0.518854,0.034952,0.580591,-0.741169,2.474799,0.437619,-1.099099,-0.900108,1.53597,1.083652,-1.478949,-0.142224,0.221431,-0.01139,-1.517058,2.125004,0.941196,-0.008169,-0.264665,0.062074,-1.095599,0.014217,-1.840678,0.756223,3.205345,1.116445,-1.124016,0.007078,0.51114,0.274593,1.219184,1.222451,-0.649526,0.878898,-0.132953,0.094109,0.492983,-0.305524,0.913333,1.795093,-0.36044,0.849314,-0.892922,-0.90412,0.179115,-2.027289,0.049978,-0.987387,-0.395012,0.125318,-0.704103,-2.791286,0.942953,0.25522,0.690442,-0.796469,0.190401,0.080742,-0.845188,0.753656,-1.450418,-0.227041,-0.947331,-1.776873,-1.074098,-0.656876,0.121131,-1.231057,0.533408,-0.93922,-1.137886,1.432662,-0.696203,0.720171,-1.708471,-0.629072,-0.721641,0.818124,-1.052767,-1.285858,-1.462986,-0.476675,-0.258497,0.768432,0.795425,0.840266,0.62084,0.568654,0.17957,-0.043584,-0.798007,0.162979,1.015897,1.369777,0.459458,0.632835,0.262523,-2.429613,-2.295436,-2.396176,-0.332439,0.473351,-0.907387,0.087069,-2.333083,0.277508,-0.656444,-0.052205,2.122219,-0.431762,-0.657725
JU3291,-1.868573,0.516533,-0.020759,-1.537286,0.119607,-0.47309,0.27782,-1.863987,-0.546996,-1.151264,1.429378,0.073477,-0.547212,0.738752,-0.053181,-0.248252,0.041258,0.544027,-0.529082,1.052473,1.702041,1.354142,-1.081107,0.930368,-0.333418,0.38455,-0.02639,1.276975,-0.864008,-0.540265,0.786302,0.34842,-0.473622,0.244459,0.291084,-0.012913,1.107007,-1.714996,0.944472,-0.048474,0.240706,0.746558,1.012096,-0.134877,-0.125002,-0.289785,0.788858,0.23479,-1.751907,-0.032597,-0.71406,-1.043744,-0.704654,-1.016433,1.538189,0.609956,-1.190951,-0.315931,1.05672,1.177412,1.158735,1.312101,1.129607,0.379888,0.219615,0.058486,0.277199,-0.143333,-0.853051,0.921802,0.913161,1.569907,-1.20766,-0.708204,1.321604,-0.765134,0.729782,0.413668,-1.107027,0.371902,-0.044143,-1.075984,0.403321,-0.388258,-1.422174,0.176145,1.043995,0.76165,0.470442,-0.574356,1.234206,-0.209497,-0.944416,0.478147,-1.113126,-1.610615,0.538535,-0.527713,-1.146846,-0.547152,-0.158224,1.204539,-0.376204,-1.310723,0.041266,-0.738865,-1.13153,0.703251,-1.110093,1.099065,1.284641,-1.126615,-1.461716,-0.02611,0.537823,-0.617379,-0.312259,-0.820993,-0.212199,0.422514,-0.061016,-2.304997,0.708897,0.169585,-0.377457,-1.302146,0.028803,-0.224519,0.286265,0.443022,-0.608182,-0.544961,1.037201,0.226609,-0.223496,-0.284752,0.099926,0.783662,-0.236609,0.660505,1.015018,-0.396582,-1.145545,-2.428109,0.075947,-0.400304,0.856283,0.652836,2.063041,0.742536,-1.28527,0.519649,-0.661987,0.076883,-0.495454,-0.547311,-0.868607,0.914532,0.539505,-1.854556,-0.802681,0.091347,-0.63271,0.757183,-1.28946,1.187687,0.971518,-0.54508,0.26137,-0.463401,-2.11774,0.956025,0.118175,0.466694,0.77989,1.62177,-0.663654,0.295226,-0.02883,-1.216043,0.309511,-1.091001,0.337895,0.105908,-1.580978,1.746944,0.595231,0.902218,0.864678,-0.441318,-3.190174,0.536291,0.269737,-0.299451,0.620377,-0.306153,0.172786,-0.336403,-0.599179,-0.86381,0.007944,0.959165,1.312451,1.36897,1.434158,1.009813,0.028234,-1.711929,0.491923,0.708221,-0.072965,-0.992949,-1.600191,-0.17285,-0.517333,-0.917878,-0.913193,-1.759302,0.375719,-0.202037,2.602448,1.138302,2.073339,1.134491,1.02736,-0.000852,1.056547,-0.042872,0.715262,1.315444,2.306904,-0.155081,0.561316,-0.004012,-1.139365,-0.525314,1.473818,1.416488,-1.303057,1.020174,-0.156202,-0.387397,-2.075874,0.474079,-1.086436,0.715531,-0.375796,-1.065632,1.227769,-1.095728,0.653438,0.411713,0.884605,2.240417,1.161118,0.376586,-0.248575,1.860479,0.486013,1.219363,1.193069,0.469307,0.922868,0.910496,-1.497322,1.089629,0.284251,-0.324946,1.007022,1.404302,-0.195974,1.120341,-1.132794,1.086623,-0.417513,-0.143006,2.364854,1.349936,1.341016,0.120624,-0.48057,1.929014,-0.584788,0.876315,-1.619737,-0.083339,1.313062,0.676199,0.300248,0.85435,0.403254,2.687819,0.115476,1.267444,-1.272206,0.890628,-0.596544,1.610759,0.303965,0.892291,-1.885945,-0.411365,-0.163581,-0.573157,-0.701131,0.640982,-1.123563,1.0386,-0.002347,1.618732,-0.385275,0.048146,1.063378,1.181926,1.735825,0.57778,0.763759,-1.395943,-0.645981,1.039688,0.939646,0.00837,1.156246,0.000472,-1.341994,0.895676,1.385223,0.739874,-0.088634,-1.447218,0.630324,1.308669,0.28413,0.404087,-1.222572,0.125847,0.013304,0.85512,1.401277
JU782,-0.943831,0.579706,-1.325199,0.222725,-0.665046,-0.429926,0.239854,0.315431,-0.923336,0.815901,0.427695,0.741756,-0.291095,0.536469,-0.104518,-0.591944,-0.138252,0.239882,0.323576,-0.565438,1.374589,0.427977,1.825244,0.198017,-0.20105,-0.53566,-1.296958,0.162279,-0.303184,-1.068547,0.164618,2.449561,2.180587,-0.987157,-0.107258,-0.419277,0.758942,-0.189845,0.399253,1.737435,0.496087,-2.166203,-1.852647,-0.103521,0.051256,-1.088263,-0.463812,0.30771,0.476239,0.268882,-2.332716,-1.630231,1.135424,-0.326319,0.957777,0.702221,0.45169,2.022621,0.637775,-0.051289,2.09979,1.568288,2.126065,-0.990452,-0.406412,1.6973,-0.395046,-0.703518,0.439155,-0.555937,0.826301,-0.616264,2.48873,-1.79147,-1.167657,0.00665,-0.152028,-0.403053,-0.732591,0.045705,-1.54562,-0.692285,0.477043,0.654527,1.61241,0.621505,0.693762,0.125754,-1.006195,1.349954,0.138872,-0.879097,-0.231714,-0.441878,0.297708,0.954967,-0.071918,0.081277,1.009747,0.063282,0.37496,0.025785,0.285735,-1.477985,1.489568,0.92076,-0.944175,-0.066607,1.073358,-1.136338,1.089101,-0.266694,0.257919,0.177445,-0.106212,-0.29686,0.498735,0.005376,2.044463,-1.262372,-0.0943,-0.969373,1.661752,-0.118427,1.367602,0.425363,-0.233032,-0.414012,-1.426126,0.529185,-0.706313,-0.74511,-0.576516,0.10867,-0.495233,0.897118,0.614317,0.864499,0.503533,0.866439,-1.740376,-0.888202,-0.281551,-0.602446,-1.37899,-0.997222,-0.115366,0.711252,0.234983,1.276208,-0.003451,-0.931791,-0.147852,-1.40966,-1.536536,-2.11455,0.151092,-1.914062,-0.17118,-0.560312,-1.097219,-0.480205,-0.07514,0.270335,-0.401526,0.570437,-0.181417,0.913112,-0.377302,0.24477,0.534164,0.708365,-0.590813,0.479539,-0.152961,-0.358206,0.394269,-1.373112,-1.367723,0.09516,-1.584327,1.007694,1.057808,0.981111,0.204592,0.064849,0.392058,0.568322,-0.25405,-2.247025,0.339252,-0.733757,-1.097102,-1.144502,0.039492,-0.058499,-0.020168,-1.311473,-0.579535,-1.468017,-0.527342,1.38146,-0.63739,-1.22443,-1.446416,1.107815,0.265157,-0.218688,2.407202,-0.34342,-0.071116,-0.109296,0.724757,0.941482,1.068503,1.490548,0.081911,0.458193,-1.410695,-0.159843,-0.045555,0.793909,0.71062,1.236015,-0.848668,0.50495,0.458893,-0.3868,-0.695474,0.944284,-0.427097,1.091327,-0.601519,1.213561,0.75639,-0.794747,-1.822899,1.92409,0.108323,-0.424388,0.572144,0.281498,1.422087,0.047092,0.229452,1.391389,0.597698,1.83963,1.514733,-0.556404,0.019589,-2.091372,0.993517,-0.606469,-2.404843,-0.08919,-0.065225,-1.614584,-0.880767,-1.726009,-0.918122,-1.110052,-1.948083,-0.43715,-0.887123,-2.946671,-1.45557,-0.458822,-0.501035,-0.306815,-0.876127,2.364439,-0.307128,-0.64633,0.84393,-0.700654,1.623148,0.701699,0.943817,0.70952,0.591421,1.044758,0.908515,0.786021,-0.395217,-0.477455,1.032898,0.695276,0.363267,0.564935,1.393207,2.504946,0.198502,-0.742771,-0.239724,0.7813,0.27088,0.244065,0.495668,-0.591873,-0.140043,-0.723142,-0.870092,-0.213407,-0.855349,0.138817,0.742002,1.194734,-0.125339,-0.255824,-0.763909,-1.083425,0.601982,0.135707,-0.007675,2.033213,0.452849,0.572002,-0.064262,-0.268328,-0.775152,-0.041959,-1.592383,-0.236067,-0.955854,-0.278608,-0.162074,-0.39971,1.527173,0.006759,0.299826,-0.474879,1.374611,-1.731071,-0.790971,-1.47118,1.373526,0.201764,-0.502646
MY16,1.031875,-0.825711,-0.089939,-1.747332,-0.295425,0.394867,-0.448154,1.319597,-0.626691,-0.787361,-0.635611,-0.810385,0.634567,-1.153072,1.122208,-0.389133,1.905382,-0.509437,-1.368953,-0.723356,-0.096709,-0.502038,-0.473975,-0.218445,-1.544335,2.015986,0.410154,-1.734505,-1.8251,-0.01568,-0.50716,-0.781742,-1.304788,-1.641844,0.968007,0.624157,0.894046,0.013277,-0.081442,0.145784,-1.067055,0.694647,-0.370838,-1.626013,1.153166,0.627074,1.317936,0.514925,0.405338,0.129092,-1.333074,-0.133417,0.637246,1.11518,-0.587588,0.530931,-0.497611,0.750947,1.230864,-0.003053,1.017299,0.195704,-0.498221,0.86248,-0.004116,0.359031,0.5033,0.879273,0.775451,0.680058,0.290725,-0.485436,-0.288379,-1.274217,-0.980943,-0.458133,0.560304,1.789481,-0.769309,-0.721494,-1.163486,-0.187836,2.178228,0.95556,0.820552,-1.523876,-0.12803,-1.144338,0.729514,0.288079,-0.698015,0.721053,0.911443,-0.550696,-1.415408,-0.53848,0.796123,-0.729694,-1.083391,-0.240121,1.406988,0.623677,0.640123,2.233114,0.075093,0.968886,0.087752,0.915843,1.420278,1.184891,0.728796,1.928248,2.093316,0.336209,1.742577,0.88626,1.932379,0.965302,0.538238,1.862736,-1.242096,0.540245,-0.567603,-1.114999,-1.476341,-1.023076,0.358165,1.95775,1.85806,1.858721,1.515476,1.710346,1.481043,1.70887,1.771437,-0.53073,0.084065,-0.141665,-1.816845,-0.012042,-0.874493,-0.460568,-1.225184,-0.710721,-0.380673,-1.948012,-1.165004,-1.384468,0.124061,-0.192426,-0.48762,-1.43157,-0.334656,0.54106,0.529807,-0.988826,-1.53453,0.644088,-0.926412,-0.332947,-0.161059,-0.976929,0.148312,1.174059,-0.365406,0.012053,1.698808,1.933438,0.880961,0.665812,-0.797513,-0.151736,0.527506,0.628762,0.226383,0.737794,-0.19837,-0.774904,0.471263,-0.883734,-1.004023,1.336998,0.698717,0.345131,0.336746,1.417432,-0.15654,-0.069637,1.335837,0.439303,0.620775,-1.245419,0.839356,-0.998104,0.861822,-0.8151,0.238242,-1.600849,0.581438,0.510884,-1.320604,-0.023115,1.939784,-1.267359,-1.214819,-0.348147,0.503579,0.771532,-1.351395,-0.603683,1.353121,0.66651,-0.509914,-0.388228,-0.963857,-0.686945,-0.032752,1.794695,0.856661,0.515462,1.319853,1.755272,0.70003,-0.271006,0.999992,0.397184,-2.05406,-0.710174,-0.603734,-0.121495,-1.334785,-1.382227,-1.424498,-1.180183,1.656569,1.663245,0.238459,0.057104,0.7436,0.742611,0.199688,0.449811,-0.231108,-1.005094,-1.191859,1.678903,0.760842,-0.674733,-0.641048,-0.545214,-0.861462,-0.115167,-1.533016,-0.284477,-1.084913,0.515428,0.279716,3.336018,-1.151314,0.235074,1.306875,-0.306168,2.319982,1.161842,-0.907274,-0.601168,-0.235059,1.282762,-0.83838,-0.572567,1.2528,-0.618424,-0.925142,1.318285,-1.248601,0.456356,-1.031438,-0.670643,-0.600519,1.379503,-0.798005,1.542755,0.167926,-1.230715,-1.692741,-0.259268,-1.378248,-0.122181,-1.567985,1.105534,-0.319985,-0.22437,-1.166906,-0.570603,-0.942356,-0.664586,-0.977198,-1.331989,-0.620413,0.105688,-0.069538,-0.81508,0.683635,0.706497,-0.397975,1.222637,-0.553452,0.741294,-1.192695,0.480449,-0.605808,0.836438,1.431952,0.971663,0.382125,-0.156972,-2.134352,0.052068,-0.077688,1.293624,-0.259538,-0.686195,1.073284,-0.507622,-1.271903,-0.808379,1.160801,-0.777852,0.737903,1.373708,-0.234058,-1.759634,0.549094,0.615528,0.841171,-0.790943,-0.849363,-2.000992,0.356781
NIC1780,-0.423568,-0.704799,-0.805564,-0.857761,-0.217957,0.397621,-0.148507,-0.506436,-1.284036,0.478588,-1.825121,-0.658513,-0.675848,0.110346,-1.20844,1.594131,-1.362959,-0.612656,-0.713047,0.473443,0.839015,-1.77209,1.567759,-1.677209,-0.939208,-0.146109,-1.286936,-0.432539,-0.024786,-0.501223,-1.152517,-0.081012,1.386875,0.164378,-0.649235,-0.304522,-0.490734,0.887203,0.753881,-0.928957,-1.06446,0.742874,0.076083,-0.314207,-0.304422,-0.099088,-0.433371,-0.356735,-0.331391,1.018718,0.738809,-0.426515,-1.455742,-0.172275,-0.858773,-0.941092,-1.858602,-0.077822,-1.164131,-1.647199,1.102801,0.591076,0.08747,1.971864,0.657601,-2.294208,-0.263496,-0.400432,-1.052593,-0.68891,0.781629,-0.172092,0.542722,0.629426,-1.051694,-0.031954,0.365487,1.798246,2.038261,2.717705,1.763074,1.725291,-2.067797,-0.528343,0.083016,-0.638441,-0.835592,-1.367502,-0.469139,-0.981362,1.096766,-0.100278,-0.2499,1.845105,1.115662,0.095757,1.393143,-0.129226,0.915574,0.498057,0.611149,1.418712,0.209215,-1.29575,0.109234,2.605506,0.885059,-0.220601,-0.093171,-2.052852,-0.256827,-1.245541,1.020329,0.499396,0.662399,0.107906,-0.923858,1.402385,-1.403993,0.064274,-0.522628,0.82732,-0.519623,-1.215124,0.649872,-0.705135,-0.18648,0.412422,-0.64706,-0.24234,0.166469,0.601618,0.543286,-0.290067,0.109851,-0.163625,-0.074217,0.534116,-1.167597,0.373858,1.494311,-0.706996,0.27486,-0.392161,-0.556408,0.317496,0.958169,-1.07819,-0.957466,-0.06049,-0.698274,0.142251,-0.840351,0.60635,1.173408,-0.415714,0.172575,0.788649,0.131148,0.002145,-0.190142,0.21726,1.159835,0.956474,0.906024,0.191941,-0.625813,1.161558,-0.437528,0.512905,1.162679,-1.411727,-1.0466,-0.714065,-0.940409,-0.830882,-0.923288,0.471513,0.83551,-0.363133,0.460609,-0.688473,-0.471454,-0.506609,0.053864,-0.236308,-0.143739,0.875963,-0.163426,0.396606,-1.343171,1.558956,-0.0864,0.254297,0.442633,0.657917,-2.224039,-0.550091,-0.666202,-0.371532,-1.262905,0.452602,-0.67703,0.909031,-1.012671,0.988368,-0.344557,-0.736365,-1.747867,0.482455,1.023776,-0.549531,1.170112,0.33197,0.540998,1.364747,0.934648,0.215162,-0.129786,0.553527,-0.2227,0.972648,-0.404878,0.507062,2.164745,0.411157,0.2974,0.684308,0.834246,1.118059,0.062563,0.160886,-1.386154,-0.254743,-0.386397,-1.036847,-1.605237,0.903157,-0.48889,-2.003932,-0.418966,-1.225527,0.198226,-1.011607,0.946848,-2.441592,0.926913,-0.655,0.599404,1.703585,0.749272,0.699389,0.180725,-0.749694,1.75076,-0.470014,0.937593,0.770468,0.615535,1.131733,1.290233,-0.008146,1.018489,0.08794,-0.935178,-0.795484,-1.312127,-0.544458,-0.685897,-0.222065,-0.236496,1.602709,1.353088,0.748098,0.860769,-0.123899,-0.979131,-0.273237,-0.625889,-1.11463,0.491635,-0.152795,1.576517,1.114644,1.693185,-0.408411,0.402943,0.402873,0.863101,-0.296008,-2.623463,-1.001152,-0.141138,0.589285,-1.582593,-1.369887,-0.73661,-1.734732,-1.960633,-0.420316,0.134218,0.166531,-1.187725,0.193947,-1.840871,-1.230975,-0.708611,-0.930257,-0.467992,-0.750434,-0.071602,-1.463896,-0.833674,-0.054922,-0.340835,0.761862,1.674426,1.15655,1.338756,1.341075,0.840877,1.505356,0.260205,-1.737711,0.492237,0.169018,-0.598731,-1.101663,2.04075,0.792557,0.16952,0.645996,0.152165,0.139841,0.380029,-0.361074,0.807593,0.198301,0.274178
NIC1785,0.177619,0.112326,-1.245757,-1.25002,0.412266,-0.18455,-0.603048,-0.137044,-0.868199,-0.212142,0.024535,-0.094273,0.417794,-0.918534,-1.330319,-0.593199,0.340026,-0.08198,0.433667,-0.304578,-0.359803,1.070656,0.692975,-0.738961,0.878799,0.353561,-1.705101,1.340007,0.240079,0.821462,0.540429,-0.538353,0.927206,-0.653037,-0.43768,-1.525674,0.56979,-1.258162,-0.210134,-0.34753,-0.465875,-0.866064,-0.033989,1.609524,-1.143403,-0.340804,-1.337699,-0.254481,0.038709,1.024457,0.696414,-0.038215,-1.033609,-0.768627,-0.853137,0.350251,-0.364283,-1.194908,0.808013,1.62126,0.226854,0.314199,0.936433,-0.329591,0.954555,0.056489,1.119249,0.256511,0.224039,1.419923,1.259036,-0.386311,1.599387,1.995966,0.369063,-0.549485,1.179768,1.701309,1.293881,2.284954,1.684814,1.451471,-0.265597,0.339076,2.132728,1.528374,0.465566,2.116513,0.747028,1.996363,-0.248846,-1.825512,-1.243815,-0.130942,1.64189,0.357248,-0.222978,-1.093421,0.577958,0.243314,1.339311,-2.286895,0.742903,0.737749,2.808363,0.611722,0.329561,1.234143,0.671889,-2.507988,0.420993,-0.098025,0.551467,-0.803103,-0.753966,-1.213398,0.653682,-1.586408,0.849041,-1.446084,-1.084977,-0.062156,-1.643961,0.745181,-2.027021,-0.910799,-0.267966,0.179303,-0.275145,0.190063,0.096647,-2.711573,0.158816,0.363864,0.240203,-1.855986,-0.216693,-0.550247,-0.22289,-2.606408,0.34115,-1.239549,-0.97396,1.197619,0.266301,-0.501777,-0.896811,0.43296,-1.119405,0.786285,-0.592896,-0.872687,-0.06169,-0.116411,0.770852,0.746671,-2.381552,-0.806004,0.045186,-0.975037,-0.366356,0.139648,-0.795759,1.147508,-0.174517,0.787291,0.995677,0.167553,0.337124,1.027521,-0.618128,0.47008,-0.914557,-0.032175,0.63538,0.76469,-0.67532,-0.0427,-1.522795,0.62047,0.682622,0.369949,0.841267,0.125332,-2.059584,-0.154511,1.024631,0.720641,-0.645622,0.132057,-0.751905,-0.744446,-1.452683,-0.738577,-1.12243,-0.184245,0.452539,-2.262839,0.08572,0.208761,0.61764,-0.942102,0.28077,0.243794,-1.257496,0.152861,0.539213,0.801416,-0.665573,0.198917,0.095268,-2.432095,-1.581161,-1.768679,-1.354937,-0.903346,-0.194589,0.363099,-0.472581,1.678652,-1.220634,-0.020294,1.728261,1.153046,1.217148,-0.273132,-1.307461,-0.296241,0.807621,-1.662277,0.959274,0.017442,-1.325782,-1.579841,-0.517675,0.461512,-0.559486,-0.809508,-0.560683,-0.28491,-0.701091,-0.054469,-0.829996,-1.64443,0.231375,0.061829,1.163166,-0.70288,-0.138752,2.230677,0.448817,1.007837,2.631813,-0.124817,0.60898,1.484404,0.069626,0.059618,0.025671,1.425574,-0.471784,-0.858065,1.567069,-0.275105,-1.523129,-0.026681,-0.89591,1.070965,-1.475644,-1.425758,0.680765,0.490812,-0.636932,0.56932,1.426425,-0.488844,0.580366,-0.691513,-0.722039,-0.339819,-1.40317,0.577062,0.416923,0.349418,-0.132635,0.337668,0.908484,0.219152,-1.367851,0.666122,0.797792,-0.803827,-0.380096,-1.628029,0.286834,-0.211238,-2.560583,-1.414514,0.331616,0.284207,-0.304037,-3.170853,0.920107,-1.488894,-0.164377,-0.647376,-1.649852,0.325133,-0.983134,-0.027358,0.30185,0.686922,1.447197,0.894864,-0.951751,1.660434,1.510538,0.826838,-0.835881,-1.914358,-0.201036,0.26331,0.299363,0.520741,1.104353,0.539667,-2.099255,-0.373795,0.864821,-0.303882,-1.536321,0.687313,1.527081,0.17753,-0.939566,-1.466326,1.680923,-0.228879,0.379065
NIC1787,0.351499,-0.211177,0.510364,1.38794,-1.42757,0.205345,0.427275,-0.99978,-2.482228,0.301871,-2.018249,-2.017064,-0.27713,0.048,-0.854941,0.874216,-0.14176,-0.273391,0.258617,-0.715722,-0.601151,-1.236332,0.247758,-0.803006,-0.486692,0.033594,-1.092162,0.347214,-2.607425,-0.265976,1.03021,1.373605,-0.214203,-0.740449,-1.294255,-0.896202,-0.001868,-0.587343,0.887672,0.177682,0.496191,1.486593,-0.442497,-1.323492,0.634495,0.123592,0.413331,-0.021842,-0.239062,1.790914,-0.39881,-0.812566,-0.01491,-0.753152,-1.50984,-0.878137,0.949789,0.086332,-1.094579,-0.899773,-1.519512,-1.04962,-0.57075,0.12936,0.764691,0.906136,1.420408,2.093203,-0.079687,-0.122627,2.039021,1.498724,0.553382,0.16025,-0.778466,0.219577,0.699523,0.678935,0.2757,-0.653438,-0.862304,-2.500073,0.913181,0.844934,0.705778,1.361106,-0.425529,0.170759,0.195921,0.221017,-0.246795,-0.380662,-0.647972,-0.129716,-0.466902,0.016258,-0.135699,1.712359,-1.028865,-2.072872,-0.938703,0.929161,0.860082,-0.901173,-0.443356,-0.397008,0.124906,-0.168874,-0.921956,-0.294213,0.898562,-1.716748,0.250657,-0.835602,0.045867,-0.397394,-0.583487,-1.553632,0.668704,0.663145,1.410776,-0.614936,1.13558,-0.363888,-0.636498,-0.864051,0.912136,0.595614,1.518133,0.369334,-0.684648,-0.658535,-0.949058,0.67939,-0.110196,1.14815,-0.464849,-0.016412,0.795646,0.902901,1.83049,1.07683,1.128243,0.970213,0.061949,0.554698,-0.247177,0.335072,-0.38617,0.345752,1.022064,0.260875,-0.20268,-1.027971,0.446207,-0.62341,0.270982,-1.579065,0.546124,-0.24374,-1.370941,-1.218339,-0.44555,0.167324,-0.476271,0.02775,-0.588992,1.376011,1.870866,0.404617,0.340856,0.641272,0.553429,0.710065,-0.751905,-1.521873,1.606792,-1.027717,0.174103,0.800518,-1.677661,1.585263,0.262906,1.496224,-0.76094,-0.117642,0.569115,0.192386,-0.760896,0.33998,0.121571,-0.08076,-0.942207,-1.14735,-2.242161,0.748905,-1.062329,-1.065274,-1.704894,-0.019516,-0.778652,-1.217192,0.152144,-0.538427,-0.280406,-1.148181,-1.3346,-0.718419,-0.302253,-0.132608,2.276352,0.528447,-0.717978,0.709128,1.921562,1.063682,-0.690783,-1.511131,-1.797606,-0.67871,0.491796,-1.927703,0.260939,0.321664,-0.78152,0.951159,1.669089,0.7963,1.002124,0.742396,0.404005,0.663828,2.047366,2.33535,-0.094119,-0.8896,-1.098795,-2.488165,-0.658308,0.039679,0.207694,-1.158035,-0.672825,-0.012098,0.509018,-0.241042,0.131767,-0.160134,0.617114,-0.468382,1.261075,1.025252,-0.457606,0.213289,-0.202656,1.516383,0.837087,-0.624445,1.746462,1.376883,0.491755,0.709745,0.40778,2.067441,0.908527,-0.673324,0.017435,-1.87612,-0.41363,-1.328537,1.688501,-1.169155,0.754405,0.07072,-0.627415,0.050161,-1.788057,-1.025068,-0.039442,0.454314,0.760326,0.655387,-1.409616,0.288745,0.754638,0.143674,1.454195,1.999449,0.829461,1.181714,0.016164,1.597051,0.134328,0.175211,0.674469,0.493176,2.140476,-0.084767,1.185271,1.274904,-1.548303,-0.020791,2.221033,2.490768,0.363621,2.04195,1.07634,0.122989,-0.583194,1.418299,0.985641,0.841156,2.15285,1.003047,0.034753,2.219233,0.326176,1.515148,-1.239906,0.531626,1.54084,-0.742846,1.454929,1.512013,-0.500089,1.92712,-0.571416,-1.145712,0.731619,-0.010078,-0.02525,-0.180318,-0.463387,1.211066,-1.17276,-0.004123,0.223193,0.954066,0.48964
NIC1790,-1.016194,-0.602597,-1.156429,0.448423,0.634898,0.115962,-1.106947,0.772076,-1.434341,-1.109813,0.649736,0.714331,-0.421309,-2.784534,-0.784584,-0.276319,-0.739993,1.293888,-0.863858,-0.076159,-0.280494,-0.969084,-0.249222,-1.263848,0.147461,0.303572,-0.532905,-1.467903,-0.476654,0.44613,-1.232892,0.705726,-2.287794,-1.351221,0.217874,-0.676931,-1.08001,0.891494,1.13858,-0.512727,0.515812,-0.38698,-0.374212,-0.570257,-0.866474,1.086674,-1.041929,0.065409,-1.853516,1.140574,1.340948,-1.396299,-0.995299,0.64315,0.129183,3.041709,0.806684,0.01257,-0.250453,-1.381433,-0.537997,0.724954,-0.633687,-1.662861,-0.138217,-0.285593,-0.13874,0.028938,-0.645042,-1.155107,-0.603168,0.007092,0.942706,0.047801,-2.263807,-0.168787,-1.073253,-0.684875,-0.339117,-1.23452,0.568603,-0.828059,-0.130068,-0.024682,1.303037,2.142574,-0.36508,1.260917,0.00653,0.882647,0.270044,-0.088949,0.567836,1.182166,1.531036,-0.195035,0.380706,1.878975,0.111444,0.379522,1.414359,2.574094,0.983472,0.481646,-0.122981,0.69149,1.400807,1.373106,0.052106,-0.080413,-0.113199,0.304887,0.817415,0.195957,0.333129,0.719796,-0.376905,0.151662,2.233118,1.081251,-0.557897,0.93748,1.248724,0.704932,1.454774,0.709939,0.394034,-2.222622,-0.044881,-0.291173,-0.221274,0.874816,0.202628,1.508065,-0.293057,-0.136197,0.0467,0.376149,-0.694807,-1.175624,-1.452581,1.379113,1.4007,0.748852,-0.369579,-0.666998,-1.071194,-0.059224,-0.015887,-2.443195,-0.574871,3.4e-05,1.417563,-0.601394,1.204353,-0.082005,0.441849,-0.442126,0.598059,-0.513501,-0.363042,1.007636,0.410697,-1.789115,-0.291704,0.193444,1.117693,0.538971,0.842797,0.107267,0.432474,0.879622,1.141154,1.58758,0.275141,0.239694,1.014662,0.133035,2.045248,1.139405,-0.661841,0.61023,1.856001,1.708264,1.235088,-0.597112,0.720241,0.682624,-0.238805,0.927759,-3.359786,0.439211,-1.202959,-0.695268,-1.401783,1.339842,0.421455,-1.562193,0.805727,-0.968491,-1.153732,-0.638441,0.409557,0.57199,0.941526,-0.155482,-0.549266,0.353159,-0.216705,-0.473944,0.417262,-0.757868,-1.430207,-1.187861,-1.142205,-0.287258,-0.577806,-0.415732,-1.554241,1.561101,1.933896,0.220173,0.319327,0.379145,0.418303,-1.795438,1.345294,-1.718666,-0.827559,-0.625185,-0.583252,-0.759413,-0.870837,0.887406,1.090063,-0.209167,-0.85756,0.207288,-0.73125,-0.584639,0.404026,-1.49065,-0.614547,1.656543,-0.250993,0.933873,-0.330702,-0.492626,-2.092248,-0.388687,-0.29033,1.083317,-1.116988,0.736958,2.222131,-1.022917,-0.297414,1.795646,1.400039,0.921639,1.409322,-0.042113,-0.695622,1.821391,1.356244,-0.415291,-0.673529,0.446964,0.029757,-0.075515,-0.628549,-2.341756,0.708993,-0.267642,-1.115135,-0.405113,0.496367,0.799468,-0.175568,0.066372,0.341258,-1.039425,1.400198,0.947972,0.223409,0.880096,-0.638046,-0.217838,0.742395,-0.670239,0.614264,0.221391,-1.540869,1.709657,-0.828304,-1.287668,-2.018392,0.849255,1.451889,-0.341856,-1.113538,-0.836145,0.164873,0.188285,-0.986709,-0.543819,0.501432,-0.687435,-0.067143,-0.736965,0.009693,-1.327342,1.767438,-1.52518,0.244357,-0.268699,0.055002,0.983047,0.960692,0.537343,0.288811,0.912022,1.988165,1.073278,-0.969193,-0.478917,0.231428,1.112159,-0.943395,0.147323,-1.547221,1.387975,-0.088737,-1.197329,-0.969402,-0.456197,0.036851,1.50214,-1.642295
NIC1798,0.770952,0.701875,0.240012,-2.204587,-0.311637,0.983034,-0.338321,0.408991,-0.522657,0.111777,-0.543098,-0.756244,1.060207,-0.351605,0.604866,0.039385,-1.455598,-0.404964,0.286743,2.290325,-0.505399,-0.857637,0.34902,-0.082129,-0.026222,0.003571,-1.942745,0.88538,1.062465,0.281806,-0.193367,-1.165812,0.406624,0.337196,-0.6711,0.230415,0.190351,-1.156225,0.14346,-0.131773,0.748979,-0.079203,0.500853,-1.129654,-1.718109,-0.986583,0.346039,0.350395,1.154528,0.961979,-0.138704,0.295113,1.44347,1.793762,-1.65713,-0.386279,-0.20545,-2.174621,-0.841522,0.303787,-0.664319,-0.223774,-0.97745,-0.587265,-0.468905,-0.185195,1.106536,1.247304,-0.011197,1.223513,-0.336232,0.000527,0.913989,-0.39148,-0.919186,-0.109041,0.493346,0.093893,-0.178709,-0.645956,-0.444753,1.237983,0.750302,-0.441577,0.663739,0.423519,-0.486419,0.513487,0.25438,1.359905,-1.0776,-0.829293,2.800159,-1.369033,1.559493,2.011818,0.526821,0.488256,0.398304,1.347975,-0.504548,-0.174637,-0.494337,-0.207868,2.253572,0.397256,1.288035,0.62592,0.433547,0.278586,-0.087503,-1.160709,-0.520052,-0.392564,-0.527805,-0.770985,-1.148068,-1.092229,-0.326716,0.89716,0.480315,0.625929,-1.277763,-0.184472,0.969878,1.676744,0.274707,0.434519,0.748541,-0.146314,-0.720103,0.614788,0.221502,-0.979944,0.000791,0.158783,-0.713694,1.251377,0.031765,-0.668748,-0.872772,1.52521,-1.98605,-0.153758,-0.182702,-1.119305,0.28554,-0.417641,-0.859447,0.909573,-0.79573,-0.266058,-0.804972,0.746614,0.766462,-0.558976,1.81243,1.372116,-0.547774,1.141535,0.726717,-0.28429,-0.291772,0.308136,0.529153,-0.426092,1.898991,-0.13504,0.33267,0.039909,1.4276,-1.233465,-0.56631,0.808247,-1.076903,0.339962,-1.085302,0.409525,0.606707,0.475772,0.292188,-0.00973,0.160498,-0.810533,0.482725,1.129137,-0.41641,-0.386089,0.745879,-1.278163,0.43249,0.637684,0.769299,-0.336663,-0.727148,0.742646,-0.175054,-0.626896,-0.515128,0.998561,-0.473121,-0.06606,-1.573211,0.989623,0.414344,-1.247338,-0.64469,-0.151401,-1.163621,0.263413,0.836472,-0.700854,0.271878,1.104657,-1.038529,-1.211736,0.799223,1.668464,1.957714,1.05617,0.650975,-0.196967,-0.011631,-0.021525,0.448427,0.616319,0.573613,-1.483167,-0.241083,-0.717922,-2.539798,1.690578,-1.038188,-0.798105,-0.964469,1.513345,0.710353,-0.184099,1.809137,0.021196,-1.736194,-1.74024,1.343669,-0.550822,-1.976322,-0.310897,-1.431004,-0.149332,-0.246394,-0.70692,-1.723386,0.020186,-1.702205,-0.137313,-1.87351,-1.1105,-1.312687,0.047087,-0.377309,-0.388774,-0.898469,-0.985731,1.478074,-0.362585,-1.272339,-1.278237,-1.120352,-0.167414,-0.666229,-1.178949,1.365896,-1.535148,0.081393,1.581176,0.231703,-2.110981,-0.848488,0.241749,-0.98492,0.809987,-0.811844,-0.968832,0.448001,0.236398,0.663029,-0.196703,0.639867,-1.042731,-0.080166,-0.001727,0.291913,-0.237366,0.433204,0.1607,-1.486058,0.550141,0.205464,-2.000626,-0.025052,-0.037398,0.408439,-0.188031,-2.05171,-1.205996,-1.24876,-0.489719,0.330193,-1.22932,-0.870702,-1.284229,-0.031682,1.480141,-1.571537,-0.067732,0.334938,-0.533995,1.174564,-0.926152,-0.727209,-0.282977,1.085268,0.952056,0.477805,1.794972,-1.866554,0.432816,0.80111,0.143273,2.050483,-1.120258,-1.10139,-0.731557,0.551077,-2.712493,-1.084114,-1.546558,-1.923686,-2.522194,0.764451
NIC1801,0.45641,-0.814598,-1.540382,-2.371863,-0.552554,1.753824,-0.194726,-1.491339,-0.54325,1.955094,2.298553,0.139646,1.502423,0.450922,-0.454382,-0.828854,-0.338499,0.260382,0.807303,-1.780438,-1.432416,-1.490222,-1.627307,0.368434,-0.533824,-1.354179,0.325485,-1.203508,0.936976,0.599276,0.897766,0.104884,0.992847,2.131256,-0.107419,-0.538221,-0.119357,0.557795,-0.830629,-1.715853,0.756052,-0.351998,-0.665825,0.887047,-1.461262,0.940663,1.101003,-1.080372,-1.364171,0.652331,0.689055,0.223263,0.393774,0.123093,0.42496,1.084172,0.175151,0.806166,-2.452373,-1.760753,-0.683953,-0.447154,-1.433772,-2.416928,0.062467,-0.905365,-1.580013,0.994909,-1.180329,0.298111,-0.303573,-0.829715,-0.619878,-1.357011,0.320253,-0.604182,-1.314236,0.295804,-0.80279,0.188788,-0.216579,-0.666141,-0.598642,-0.780884,-0.520696,-0.115578,-0.745169,0.0895,1.173333,-0.09714,0.175394,-0.167402,1.13306,1.378004,1.047061,-0.047985,0.383039,2.98629,1.752881,-0.202578,-1.016311,0.629485,0.034596,-0.404617,-1.26394,-1.714354,-2.022364,1.470138,-0.664896,0.077426,0.369384,-1.095667,-1.943423,-0.584886,1.331841,0.399113,1.192032,0.059989,-1.437554,0.102593,0.344194,-0.80243,-0.685982,-1.030452,-0.161694,-0.024711,-0.136478,-1.305104,0.545321,-1.262336,-1.079354,1.080834,-0.255929,-0.955159,-0.474761,-0.384247,-1.052424,0.647002,-1.289386,0.028118,0.187266,-0.974867,-0.973712,-0.148136,-0.360979,0.705897,-2.486745,-1.133433,0.145328,-0.366758,1.14416,-0.229739,-0.582755,-0.131608,-0.787581,0.294619,-1.712999,0.042445,0.179469,-2.119859,-1.350406,0.1364,0.676065,0.701096,0.899789,1.226625,0.457896,-0.933446,0.721939,0.843235,1.014033,0.625852,-1.124469,-0.552711,-0.244895,1.237803,-0.243181,-0.742437,-1.309937,-1.06068,0.478592,-0.641176,-0.857642,1.275613,2.337382,0.639198,0.9928,0.742982,0.871062,-0.054024,-1.273093,1.479579,1.25556,-0.525958,-0.620524,-1.008672,-1.569737,-0.094404,0.097051,-1.191676,-0.880083,-1.165595,0.159512,-0.091292,-0.468571,0.954844,-1.148789,-0.920752,-0.228309,0.945041,0.468213,0.441772,1.029795,1.137775,-0.465814,-1.148552,1.454148,0.079377,-0.296707,0.173293,0.85796,1.527262,-0.055854,0.536092,-0.584125,0.827581,-0.442787,-0.334213,1.384132,-0.483936,0.344895,-0.088163,-1.277573,-1.268244,0.759994,-1.314987,-1.142954,-1.138937,-1.141602,-0.321816,0.581819,-0.608571,-1.501268,0.394181,-0.116228,-0.160068,-0.416056,-0.845664,-0.041777,1.009563,-0.64876,-1.6317,-0.484321,0.007963,0.005095,1.062917,0.648413,0.964277,1.113932,1.539572,-0.352315,1.110318,-0.649532,0.174713,0.363684,-0.530433,1.3021,0.085318,0.684804,-0.275013,1.520351,1.264204,-1.738439,1.20007,-0.039547,0.347213,0.260957,-2.164103,-0.953165,0.507165,0.08744,-0.060616,0.558346,0.251761,-0.338015,0.477606,1.095526,0.896467,-1.067973,0.714501,-0.401905,0.024139,0.810593,0.434145,1.290382,0.947517,-0.182165,0.429167,0.897048,-0.963805,-1.251129,0.678762,-0.163103,1.338923,1.558317,1.302843,0.814168,1.875988,1.36726,-0.825593,-1.946521,0.268105,-1.005078,0.310498,0.007662,1.344639,0.337055,1.561835,-0.504636,-0.328828,0.344501,1.500091,0.847693,-0.982605,-0.009177,-1.256706,0.056483,-0.341765,-0.855266,-1.049418,0.845251,-0.910683,1.244742,0.998115,-1.162944,-1.181374,0.143056,1.036475,0.65349
NIC251,-0.403958,-0.642399,-0.109328,-0.074579,-0.093215,-2.339783,-0.134135,0.223504,-0.458995,-0.387919,0.819094,0.146832,-0.999195,-0.034718,1.168153,-1.367491,0.191957,0.21891,1.255712,-0.276123,0.621052,0.290792,-0.484563,0.200438,-0.378118,0.006881,-1.525415,-0.830176,1.44502,1.267568,0.430951,-1.016313,1.449491,-0.116646,0.420015,1.26262,-0.188853,0.779903,0.21751,0.78009,-1.500773,-0.718881,-0.562074,-0.271782,-0.659957,1.567497,0.590428,0.302196,0.935842,1.32271,2.251516,0.863436,2.34826,1.718754,-0.039286,0.767405,-0.561041,0.19375,-0.671678,0.370727,-0.281225,0.231076,0.977288,-0.082968,0.453049,0.859444,0.784867,-0.650302,-0.165507,1.539705,1.0909,0.463373,1.612219,1.735715,1.306456,1.54785,1.16625,2.15998,1.747531,2.381974,1.565972,0.27253,0.890339,-1.453048,-0.997279,0.894047,0.443143,-1.115901,0.382489,-0.094199,0.557679,-0.628467,-0.344642,1.201278,0.97871,-0.229097,1.559995,0.662292,1.559725,1.660565,-1.079871,-1.228502,-0.478289,0.220021,-2.656233,0.263405,-0.532409,-0.693962,-0.348577,1.312329,-0.108417,1.669386,1.911767,0.655142,2.422356,1.588671,1.328991,-0.053652,0.366609,-0.684054,-0.177225,-0.212369,1.866817,0.069298,1.472389,2.811071,-0.888122,0.092522,0.657672,-1.076492,1.02258,0.460207,-1.264397,-0.913624,-0.132453,0.941965,-0.9093,0.497524,-0.971505,2.282164,-0.412554,0.300178,-0.23548,-0.591766,0.67263,2.111227,0.007963,1.792037,1.305643,2.018311,1.881628,2.011675,-0.174765,-0.496028,-1.016417,-1.580188,-0.724744,-0.41035,-0.936679,-0.868199,-1.315189,-0.872093,0.085154,1.281297,-0.223774,1.755553,0.205204,0.405905,-0.824835,0.956301,1.408117,-0.207019,-2.301827,-1.723558,1.57581,0.094689,0.837856,0.888216,1.355432,1.971146,-1.11354,-1.054244,1.300276,1.406837,1.632344,-0.330587,0.34628,0.103335,0.859276,-0.2561,0.169572,-0.133869,-0.604555,-0.779279,0.290307,-1.165266,-0.768482,-0.750935,-0.453865,-1.110063,0.273428,-1.030455,-0.64355,1.482218,1.174068,1.317338,1.7115,1.127731,-0.081039,1.78018,-0.739337,1.620878,-1.636086,-0.183493,-0.590424,-0.814475,0.458876,0.642085,1.47727,0.263494,1.373588,0.61971,-1.335507,2.739235,-0.70161,0.509356,1.14726,0.611463,1.181079,-1.229893,-0.929741,1.910125,-0.887333,0.229933,-0.142129,-0.071995,1.288598,-1.156252,-0.32446,-0.842667,-1.703381,0.23732,0.614325,-0.753108,0.052597,-0.95422,-1.558452,0.430708,-1.465409,0.796621,0.166937,-0.291391,0.014449,-0.820444,1.005674,-1.081601,-1.438131,-2.230822,-1.989357,0.307891,-0.452066,0.452815,-0.041225,-1.675145,-1.227509,-0.749296,-0.231284,0.016625,-3.382574,0.23562,-0.373499,-0.188786,0.14731,-1.168029,0.269315,-1.752765,-0.069397,0.165798,-0.791639,-1.352681,-0.749789,0.250146,-0.129349,-0.298865,0.881615,-0.475155,0.614993,0.324566,1.095172,0.104448,1.09652,-0.419934,-0.501802,-0.171825,-1.275385,-1.455502,-0.609108,1.381801,-0.220919,0.655562,0.923925,-1.092297,1.662094,-0.186079,1.80888,0.577088,-0.33074,0.169207,1.262952,-0.048017,-0.230814,-0.678555,-0.063829,-0.364708,-0.894978,-0.392484,-1.534532,0.726001,-0.655534,0.143829,-0.56028,-0.324815,-1.082585,-0.963799,0.561513,0.36555,0.086395,-0.898397,0.858322,-0.046205,1.556452,-0.142827,0.112458,0.832468,-0.497252,0.336553,-1.891405,-0.732913,-0.00897
NIC252,1.390377,-2.243549,-0.057798,-1.111468,-0.304017,0.36972,-1.460937,0.84219,0.814706,-1.232413,0.697853,-1.394514,0.259054,0.54478,-1.089096,0.477991,-1.000303,-0.097633,-1.03442,0.087161,0.700541,-1.099159,0.299307,-0.798315,-0.869067,0.015752,-0.168372,-1.142708,-0.39783,-1.358171,-0.346299,0.689762,1.23064,-0.647094,-0.8233,-0.741905,-0.505991,-1.431289,-1.211753,-1.579445,-0.717513,0.326395,0.303956,0.176523,1.218176,1.435092,0.639764,1.355394,1.03137,-0.05127,-1.026599,-1.153366,-0.478731,-0.449631,-0.307924,0.278955,0.93625,-0.605667,-0.119918,-0.572106,-0.63593,0.331944,-0.430873,0.115492,-0.785355,0.078305,2.133092,1.775008,0.192335,-0.478252,1.263739,0.896357,0.772879,-0.429595,0.212127,0.560937,1.216938,1.440252,0.847156,0.19138,0.279524,0.323641,1.284053,-0.754089,-1.30517,0.673766,-1.614194,-1.309495,0.36589,-0.726751,-0.806697,-0.648146,-0.617284,-1.391522,-0.64558,-0.937422,-0.601794,0.919909,0.960284,0.136655,-0.937716,-0.299369,-0.63209,-0.796665,0.101698,-0.852285,-0.044718,-2.113226,-1.857075,-1.482942,-1.917504,-0.232187,-0.23586,-0.261731,-0.856885,-1.168895,1.077417,-0.408312,1.088408,1.344535,0.24188,0.561222,-0.949377,0.121251,0.419793,1.092018,-1.612366,-0.382368,-0.957759,-1.377904,-0.026482,-0.414308,-0.400575,-0.618575,-0.645537,0.001713,-0.948813,-0.240181,-0.110873,0.618513,1.182303,0.016017,-0.093506,1.226891,0.153243,-0.830836,-1.545024,-1.608206,-0.457984,-0.86475,0.030346,0.14206,-0.536478,0.230811,1.609484,2.119667,-0.081133,0.324696,-2.195088,0.151816,0.971146,-0.015557,-2.058547,0.802487,-0.148008,-0.521503,-0.264149,-2.181025,-1.409278,0.658755,-1.056861,-0.047646,-1.417361,0.337265,1.80712,-0.827036,1.219653,0.572048,0.920075,-0.044617,-0.09522,-0.369587,-1.211729,-0.424629,0.222071,-0.391113,0.220414,0.777225,1.070138,-0.046261,-0.527896,-2.197135,-1.019689,1.8027,1.121897,-1.138712,0.309597,-0.472825,-0.292113,-0.274181,-0.853782,0.163667,0.38682,0.811494,1.341739,0.031638,0.321072,0.032963,1.194891,-0.593256,0.673417,-0.702558,-0.096777,-0.257205,-1.278825,0.760745,-0.262047,0.485093,0.103217,-0.336794,-0.565413,1.182288,-0.567487,0.038253,-1.230106,1.310887,0.697448,0.657368,-0.144464,0.410595,-0.973935,1.087116,-0.125641,0.742586,-2.096097,-0.158926,-0.378604,-0.642266,0.073794,-0.250753,-1.897854,-0.123981,-0.282576,0.598162,-0.379649,0.155447,-1.127713,-0.258628,0.770265,-0.282762,-1.113259,-0.029809,0.295125,0.236041,-1.272499,-1.264891,1.247752,0.498941,-1.201693,0.332141,-1.505558,0.527715,0.997774,1.320941,1.248348,0.506647,0.252289,0.040541,0.109013,0.454205,0.117318,0.508767,-0.054997,-1.353724,-0.015931,1.041028,0.300381,0.628564,1.159443,2.587807,0.003576,2.856708,-0.597256,0.604573,-0.481113,1.272887,0.419057,0.450165,1.012841,1.07326,-1.400625,1.227413,1.274934,0.515757,1.156984,-0.41421,0.707056,-1.144316,-0.097809,-1.287708,0.044672,-0.441882,-0.080051,0.026854,-2.429265,-1.361166,-1.637987,0.048769,1.884222,-0.558911,-2.63654,-1.446572,-0.028593,-1.228185,-0.552841,0.704983,0.959089,0.859545,-0.595885,-0.168942,-2.236584,-0.19716,-0.635422,-0.458283,-0.747648,-0.199984,1.754933,0.914966,1.011896,-0.086361,0.027535,-1.391273,0.471324,-0.673449,-1.580061,0.389382,-0.72055,0.09797,-0.543827
NIC258,0.827428,0.865342,1.417291,0.654398,-0.648464,-1.168167,-0.933274,0.169832,-0.657807,-0.37613,0.540441,-0.872216,0.053849,0.692928,1.153776,0.285796,0.949728,-0.216522,1.115468,0.143046,0.099681,1.06697,-0.648285,-1.424314,0.699847,0.647499,-0.546966,1.176059,-1.44623,0.307974,0.719245,1.545196,0.249525,1.85311,1.248716,1.91601,-1.290029,-0.645859,0.395089,-1.350437,-0.275792,0.038757,0.402202,0.047739,-0.698882,0.756487,0.621419,0.897518,-0.86609,-0.050887,0.03435,-1.241065,-1.582447,-1.418059,0.605917,0.293819,0.866888,0.508138,-0.41519,0.928622,1.55788,2.664243,2.443394,0.912396,1.01754,0.464836,-0.343631,1.00283,0.258446,-0.252229,-2.27268,0.442844,0.118861,-0.272899,-0.708043,0.916986,-0.62591,1.003222,-0.749403,-1.099974,0.877426,0.027297,-0.764429,1.066124,-0.215281,1.083971,1.167125,1.610319,-0.232444,-1.755895,0.049533,-0.593211,-0.420975,-2.09084,0.172092,0.168095,-1.291289,0.68767,-0.875129,1.362768,-0.243884,-1.455591,-0.2852,0.022629,1.732748,-0.571304,-0.067834,-0.865004,-0.234166,1.283828,0.800807,-0.975587,0.723225,-0.104117,-0.263334,-0.358175,-0.523657,0.783464,-0.132083,-0.982344,1.029877,0.561165,-0.730858,1.070787,2.355614,-0.101419,0.288974,-1.197791,-0.837321,-0.158253,1.877501,1.114615,-0.584991,-0.720678,-0.54127,0.252593,1.18559,1.29541,-0.0057,0.314179,0.983566,-0.992709,-0.029338,-1.371219,1.010332,0.02107,-0.705217,0.294704,0.293138,0.589083,-0.349726,-0.30816,-0.676608,-0.124498,-0.92532,1.4457,0.158442,-0.331536,0.961563,0.903376,-1.896081,-1.085541,-0.092585,0.11978,-0.429992,-0.318688,0.580646,-1.221819,-0.157231,0.921513,1.724091,0.012526,0.623044,-1.188186,-0.671814,-0.908351,-1.113539,-0.036617,-0.955464,-1.928412,-0.109006,-1.044313,-0.071769,-0.275263,0.674816,1.089379,0.525365,1.018372,0.500243,0.685865,0.615054,0.290836,0.215558,0.774378,0.580323,-0.136341,-1.557727,0.357492,2.220411,1.721442,0.651555,1.341976,2.04976,0.482223,0.225161,1.078238,1.050238,0.370426,0.264773,-0.897397,0.902062,0.5876,0.354021,1.775309,1.715266,1.378149,0.658599,1.078791,-1.887843,0.248426,-0.336713,1.094795,1.011835,1.272536,1.358538,-0.474501,0.517013,-0.877778,-0.2867,-2.088069,0.839145,-0.702824,-0.190878,-0.602259,-0.949934,1.354005,-1.1685,1.069808,-2.7891,0.654999,-0.836579,-0.882458,1.583529,0.458294,-1.467839,0.25107,2.253983,-1.09908,-0.019091,0.085884,-0.533972,-0.498267,0.410716,-1.111698,0.929642,-1.238709,0.974551,-0.344189,0.060487,-1.225604,0.715419,-0.205755,0.361441,0.703349,-0.158827,-0.881193,1.019663,-0.802418,0.162163,0.929734,0.152209,1.986026,0.901674,0.168286,0.467661,1.256457,1.264732,-1.699576,0.947987,-1.870963,0.042405,0.5254,-0.286086,-1.941857,-0.450698,-0.680352,-0.031351,-0.388142,0.556748,1.118089,1.185521,0.703054,-0.552973,1.608197,0.083068,1.780857,0.56176,0.969561,-0.474737,-0.564564,-0.430325,0.678193,0.444216,2.355923,1.736892,1.500648,0.713958,0.379159,0.304985,1.464749,1.920362,0.089196,0.663906,1.190984,0.382388,-1.233705,-0.187797,1.083693,-0.74592,-0.696089,-1.245339,-0.042925,-0.646931,0.921069,1.307933,-1.469644,0.787547,-0.120225,0.221598,1.270499,-1.328294,1.188611,0.49398,-1.20298,-0.176797,0.658404,-1.91462,0.003142,0.302288
NIC265,-0.375519,1.585265,-0.227845,0.059456,1.242836,0.364054,0.56831,0.206053,-0.410165,-0.609645,-0.025511,1.124372,-0.434969,-1.884105,1.268618,-0.540204,-1.102272,-0.944763,0.145814,0.776319,0.207252,-0.082651,-0.323201,0.723377,-0.885429,0.096347,0.215994,0.67375,0.385663,1.382454,1.187889,-0.665573,0.735167,1.4885,1.835247,2.879743,-0.651772,0.36045,0.485327,1.256556,0.137822,0.008816,0.6108,0.267762,-0.992085,1.398057,0.722361,-0.579127,1.599458,2.185593,0.147,0.881722,0.66653,1.077868,-0.364902,0.455003,0.554418,1.413794,2.0976,1.087942,3.036538,1.247889,1.778332,1.293456,-0.743398,1.218848,-1.144626,0.318256,0.769091,-0.061593,-0.77478,-0.444894,-0.460851,1.218835,-0.171774,-0.600981,1.520492,-0.318646,-0.010048,-0.463146,-0.307682,0.165446,-0.019721,-0.539228,0.912463,-1.591816,-0.053812,-0.023884,-1.765395,0.360596,0.084855,0.470182,-0.754981,0.71466,2.33113,0.139592,1.237855,1.214274,0.24217,-1.273443,-0.743968,0.562676,-1.22639,-1.428366,0.094561,-0.773358,2.221155,-0.150933,0.754595,0.631023,0.51529,-0.012365,0.505299,0.265743,0.25708,-0.854875,-0.699563,0.075749,0.521783,-0.284051,-0.710402,0.451601,1.517315,-0.095185,0.783268,-0.690357,-0.440335,-0.168667,-0.93487,1.333064,-0.933979,0.041887,-0.824035,-1.074962,0.66254,0.803748,1.408848,1.078454,0.33826,0.161937,0.812782,-0.525016,-1.868908,-0.216262,0.533858,0.311482,1.064041,-0.303652,-1.653638,-0.579933,0.45047,0.156307,-1.099184,0.018111,-1.790802,0.211532,0.091488,-0.502639,-0.298785,-1.622502,-0.066727,-0.211934,0.635188,-0.682412,0.705511,-0.330206,0.096998,-0.853824,-0.506601,0.483365,0.109186,-0.588795,-0.347738,-0.202316,1.344176,0.129143,2.586005,0.151438,1.334344,0.889752,1.453181,0.929513,0.764702,-0.048424,-0.479844,-0.052617,-0.062291,0.934138,0.512143,0.987522,0.132043,-0.679851,-0.445313,-0.502882,-0.386606,-0.857972,-0.598267,-0.489245,0.609427,-1.206554,0.199125,-0.723263,0.587099,-1.027791,-0.93045,1.303549,-0.533721,0.258406,0.594598,0.062945,-1.746336,1.907862,-1.692045,-0.868303,-0.369783,0.40394,-0.026459,-1.262139,-0.411896,0.233251,0.93298,-0.25416,0.719169,0.49506,1.858155,-0.106716,-0.882332,-2.075054,-0.071081,-0.003882,-1.126473,-0.638891,-0.523427,-0.893477,0.296727,-0.868769,-0.580213,-0.980024,0.685212,0.440985,-1.435471,-1.06336,-1.186109,1.331241,-0.618007,0.190604,0.398295,0.187278,-0.241244,-0.392772,0.793388,0.146632,-0.034109,1.243284,-1.497318,-1.896881,0.22505,-1.691487,-0.125787,-1.982608,-0.791983,-1.724006,-0.367785,-0.374494,0.794014,-0.341632,-1.034713,0.021841,0.259205,0.878088,-1.540034,-0.099695,-1.129888,-1.238606,-0.03121,-0.38248,-0.50591,-0.4623,-1.542577,-1.421346,-0.657671,0.342231,2.068423,-0.267067,0.951134,2.389269,0.408364,0.935294,1.55226,1.182098,-0.183937,2.306095,0.304169,-1.670781,1.252474,0.380579,0.860108,-1.006393,-1.325724,-0.141481,1.206978,-0.494029,1.712936,0.284632,1.042083,1.435018,-0.165424,0.593785,0.814872,0.468636,-0.556013,-0.560695,-1.160863,-0.104241,0.397216,0.844413,-1.751299,-0.981725,0.259507,0.84542,0.538295,-0.357923,0.965771,1.184276,0.478288,-0.898792,0.196943,0.637757,0.733603,3.26279,-0.677152,2.093843,1.164386,-1.260788,-0.908217,-0.308056,-1.124377,-1.19719,-0.091485
NIC268,1.877705,-0.63194,-0.636627,0.182112,1.109851,-0.976922,1.700352,2.071668,0.542087,-1.246779,-2.110047,1.584623,0.321943,1.517722,-0.182077,-1.687343,0.932445,0.729544,-1.039285,-0.003939,-0.921693,-0.49624,-0.324617,0.393065,-1.577958,-2.11544,0.289312,-0.004809,-0.024171,1.924694,-0.491163,-0.383009,1.242565,0.725879,-1.006909,0.071085,0.174918,-0.756927,2.01506,1.248877,-0.176617,-1.326844,-0.663787,0.691801,-0.923302,-0.355187,-2.042419,1.17916,-0.518991,1.612216,0.458533,1.405749,-0.786273,-1.127652,-0.872171,-0.675394,-0.506164,-1.129365,0.979299,0.642717,-1.610584,-0.544392,-0.15685,1.228069,0.331271,0.151422,-0.049876,0.183111,-1.696176,0.553729,0.254192,1.283709,-1.622634,-0.167986,-1.443285,-0.002065,-0.019119,-0.641281,-0.315965,-0.771147,-0.081181,0.467951,0.487136,-0.545195,0.167195,-0.118945,0.63841,1.002161,1.475217,2.230186,0.52611,0.769041,-1.074441,-0.997532,-1.732426,0.378335,-1.299483,0.24902,-0.322371,-0.342456,-0.479874,-1.767884,-1.528426,-0.649804,-1.288121,-1.367596,0.511264,0.352967,-1.098159,1.063906,-0.564091,0.418172,-1.297454,-1.634857,-0.754616,0.860722,-0.370026,-0.713547,-1.555182,0.200794,0.449824,-0.867066,0.562242,0.850943,-0.530254,-2.181864,-0.014401,-0.61525,-0.071105,0.202148,0.471574,-0.665254,-1.171116,-0.73773,-1.384794,0.619567,-2.079284,-0.008426,0.780103,0.765049,-0.283902,0.436961,1.32696,-0.327497,1.047297,-0.692244,-1.33501,-1.071994,0.886354,-0.182528,-0.545354,0.798933,-0.960528,-0.035747,-0.325725,-0.255937,0.703258,-0.811661,-1.443979,-0.969253,-0.698599,-1.282051,0.839573,-0.626072,-0.296726,1.101457,-2.225657,-0.445041,0.068583,-0.684236,-1.578959,-0.418964,-0.255084,-0.139793,-0.955663,-0.606543,-1.190903,0.397523,-0.203722,-1.411898,2.174013,1.195037,2.168765,1.115015,-0.271911,0.281469,1.629556,-1.150783,-0.062266,-0.31721,0.348356,-0.438539,0.196794,-0.590142,0.276889,0.736513,0.266619,0.360517,1.349266,-0.285356,-0.132228,0.611329,-2.182042,-1.810853,-0.131792,-0.717483,-0.997284,1.4111,-0.111359,1.4278,0.24439,-0.522961,1.030243,0.412351,1.086519,0.824031,-0.499495,0.078534,-0.709305,0.184974,0.896723,0.6377,0.88032,-0.988762,-0.714578,0.963662,1.453242,-0.492761,0.801578,-0.138537,0.220602,0.317508,-0.644439,0.754646,-0.013492,0.554562,-0.949056,0.500691,-0.938547,0.52631,-0.588226,0.229992,0.623728,-1.568154,1.720263,-0.919538,0.198358,-0.877774,-1.269346,-0.672425,-0.484847,-0.423473,-1.525262,-0.681607,-2.521582,-1.842048,-0.072015,-0.686628,-0.974095,0.124187,-0.34091,-0.799684,-0.207837,-0.095513,-0.610671,0.928459,-0.258485,0.986776,-0.05648,-0.057286,-0.551591,0.256467,-0.633888,1.583888,1.048796,-0.824172,1.946083,0.429786,-0.355275,-1.962277,-0.497064,1.323432,2.247216,-1.990204,1.279449,1.303771,1.773648,-1.229755,-0.394952,-0.469196,-0.441554,-0.253342,-1.429306,-0.418341,-0.932104,0.607726,0.377744,-0.144896,0.647007,-1.210058,-0.344158,-0.523984,0.496064,-0.752863,-1.552523,1.528144,-1.819183,0.184778,-0.439088,0.947333,0.195199,-0.668483,1.995255,1.496631,1.012497,-0.375901,-1.512314,-0.673073,0.521594,-0.412027,-0.626132,0.142742,-0.611291,-0.548648,1.204946,1.423549,0.219183,0.123037,0.45561,-1.55822,0.708661,-0.727706,0.279643,-0.930528,1.258074,-1.122918,1.003765,1.205712,-0.654869
NIC523,1.436638,-0.122472,-0.259401,1.723437,-1.690526,0.399153,-2.108003,-0.651835,0.076699,0.665528,0.472395,1.149609,0.570716,1.121613,0.795742,-0.073001,-0.81097,0.195763,-1.014704,-0.011092,-1.928144,-1.070727,-0.714925,1.4688,-1.501464,-1.068099,-0.662924,-0.140931,-0.509123,0.474511,0.384229,-0.325555,-0.451032,-1.092188,-0.379161,0.695026,0.780955,0.796825,-2.672098,-0.109766,0.767173,1.031416,0.266071,1.587706,-0.814024,1.966895,-0.514709,-0.213126,0.01881,0.809645,1.543156,0.765396,-0.82739,1.083203,-0.513221,2.477513,0.183815,0.462163,0.889977,1.616083,1.478651,1.358142,1.015137,-0.350387,-1.87814,-0.817627,3.177629,0.4762,1.679899,-0.202602,-0.765973,-0.778117,1.565857,1.017048,0.721422,-0.177982,0.967986,1.403328,-1.578629,-0.049939,-0.237015,-0.301997,0.515208,0.04291,-1.004279,0.921315,-0.445674,-0.164366,1.326898,-0.917752,0.133025,1.113223,0.164096,-0.938169,0.140375,0.126129,1.629304,-0.931109,1.776058,-1.777358,3.204985,-0.714351,0.685559,0.36404,0.402081,0.229947,1.120569,2.014659,-0.259661,-0.098802,-1.271314,1.65575,-0.842108,-1.446224,-1.098563,0.891246,0.01585,0.622759,-0.469703,1.580498,1.47738,-1.285667,-0.671919,1.08601,0.467179,-0.445122,0.327745,0.501626,-1.522419,-0.689643,1.186729,0.158069,0.557769,-1.845344,-0.555367,-0.536231,1.580108,-0.138462,-1.169863,-1.478362,0.571683,-1.262323,1.882693,0.463912,-0.100195,-0.228645,-1.465018,0.690242,0.353706,0.259212,-1.255223,-0.611966,0.028571,-1.313362,0.984803,-0.1099,-1.73712,-0.532716,2.036666,-0.682995,-0.791635,-0.542908,0.21413,0.862015,1.845689,0.445772,-0.433269,1.402144,-0.266082,-0.086617,-0.468598,-1.451433,0.740764,0.173914,0.075483,0.189177,-1.77822,-1.565815,-0.31791,0.909983,-1.208216,-1.960536,-1.123838,-0.669354,-0.482625,1.983898,-0.72744,-0.40027,-1.453667,0.322805,0.328488,-0.621993,1.889787,0.002788,-0.383285,1.992736,2.26502,-0.216749,-1.763216,1.669746,2.916746,0.338377,2.016656,1.904306,-0.646582,-0.15166,0.654218,-0.200176,-0.440285,-0.081593,-0.049219,1.379389,0.142594,0.9572,-0.607345,0.48167,1.33476,0.308533,-0.125622,0.296072,0.508329,0.286852,0.161664,0.139254,1.341134,-0.929778,1.803053,0.979954,-0.930178,-0.35942,1.270805,0.31623,0.235046,-1.026253,0.696926,-0.543365,-1.447431,-1.22256,-0.454184,0.446453,-0.347094,-0.504103,0.485495,0.972684,-0.464841,-2.373962,-0.991281,-1.111452,-0.195192,-0.248918,0.459022,-0.058744,-0.496008,0.528964,-0.488335,0.925114,-0.650346,0.115386,0.054869,0.169586,-2.448105,-1.660169,0.689903,0.61741,0.616653,-0.862029,-1.504358,-1.304752,0.279198,-0.271446,0.615148,0.158362,0.191385,-0.656956,-0.756491,0.658551,1.082613,0.942548,0.51015,0.502278,-0.625451,0.532846,-1.453274,-1.035708,-0.860547,0.017593,-0.85744,0.004537,0.946348,1.524622,-0.230532,0.899083,-0.126013,-0.02641,0.782463,-0.014423,0.295263,-0.305098,0.830886,-0.422833,0.076313,-1.434922,-0.516179,-1.438695,-0.145518,0.416249,-1.073951,-1.46299,1.234171,-0.625484,-0.132848,-0.494618,-0.698511,0.203749,-1.520558,0.606818,0.206977,1.340325,0.00449,0.842148,0.281958,-0.627959,-1.161431,0.440686,-0.303579,-0.786973,0.053627,-0.57233,0.511224,-1.012714,1.008281,1.839562,-0.15382,1.565828,0.237614,-0.365347,-1.060985,0.134485,-1.107682
QG2075,-0.124888,-0.045602,1.735415,-0.193101,0.694072,-0.930392,0.122226,-1.318954,-1.45869,-0.568941,0.402792,-0.152034,-0.198464,-0.797517,0.104971,-0.448129,0.242637,-0.661898,-1.294339,-0.063477,-0.312117,-0.207969,0.105351,0.993629,-1.666823,-2.028656,-0.376542,-0.684399,-0.389691,-0.269065,-0.998485,0.340753,1.444937,-0.311232,-0.559177,0.163855,-0.603648,0.284386,-0.523171,-1.157299,-0.093812,1.256827,-0.979494,-0.248791,-0.472444,-0.155815,0.45787,0.047516,0.346825,-0.88415,0.276538,-0.472753,-1.294326,-1.129734,-0.877665,0.650138,1.21776,0.470932,-1.049797,0.40581,0.314905,-0.35819,0.118649,-0.308766,0.30371,-1.676753,0.468341,1.114224,2.035939,-1.235141,-0.008864,-0.460063,0.635496,-1.519308,-0.624884,1.285547,-0.959622,-2.234339,-0.577125,-0.262189,-0.095158,0.579809,-1.342952,-0.235671,-0.196133,-0.479452,-1.030629,0.225499,-1.084808,-0.625888,1.490581,-0.744137,-0.066601,-0.751248,-0.771202,-0.166418,-1.393675,-0.661021,0.415532,-0.756172,-0.931276,-0.8698,-0.112471,-1.743215,-0.080251,-0.790957,-1.25679,-1.134414,-0.469024,0.945632,-2.529694,1.386032,0.308425,-0.759972,0.998128,0.642931,0.161716,0.345101,-0.85349,-1.514082,0.422234,0.679296,-0.397943,-0.619131,-2.401902,-0.369841,-1.380942,-0.534867,0.02581,-1.123463,-1.22972,-0.337398,-0.47566,0.634835,-0.746555,-0.726327,-0.541573,0.153452,0.090582,-2.800791,-0.967471,0.215092,1.036893,-1.12656,1.002716,0.568733,1.126855,-0.584648,-2.371827,0.654961,-0.919964,-0.456047,-0.291128,0.684805,0.892183,0.881521,0.24476,0.114661,-1.004449,0.031474,-0.479081,0.580628,-1.869166,0.312718,0.780041,0.364495,1.361015,0.978832,-0.644662,0.835483,-1.288513,-0.638543,-1.533426,-0.446471,-0.278962,0.487375,1.372886,-1.235757,-0.574518,0.102158,0.175349,-0.765416,0.243583,0.523591,0.809979,-0.088989,0.195725,-0.52695,0.800399,0.164005,0.875385,-1.516239,-0.304835,1.372597,-1.412685,-1.869679,-0.805558,-1.869337,-0.261879,0.009936,0.70914,1.139929,0.245561,1.039392,2.004752,1.225308,1.012709,1.114336,-0.066365,-0.013021,0.067868,0.285431,-1.54775,1.00655,0.494581,-2.008303,-0.939544,-0.082771,0.068997,0.033473,-0.418762,-0.353027,0.545979,1.049425,1.361526,-0.563331,0.052127,-0.491864,-0.487402,-0.633204,-1.736512,-1.218497,-1.382714,1.110386,-1.039637,-0.543888,0.931282,-0.385856,1.002739,2.047428,-0.464697,0.350061,1.307421,-0.223932,0.187688,-0.668012,-0.43132,-0.717044,-0.719659,-0.366234,0.993677,1.107819,1.421371,3.148066,-0.707219,0.873383,-0.908005,0.316069,0.480138,0.811376,1.203192,0.383782,0.625507,-0.606895,0.160925,0.256115,0.796108,-0.658627,0.757583,-0.359107,-2.498297,-0.831621,-0.752085,-0.951816,-0.442279,0.640477,-1.141386,0.279339,-2.055627,0.642645,-0.283164,0.530008,-0.086278,0.384706,-0.047224,2.452352,0.082153,0.29517,-0.254651,1.057144,0.020063,0.481987,-1.580871,0.16534,-0.654185,-0.954086,0.077591,-1.259121,1.680897,0.268641,0.034224,-0.210673,-1.144434,-0.628012,1.014065,-1.104444,0.396451,0.073678,1.187956,0.574543,-1.175509,2.229512,-0.57884,1.764071,1.358111,3.085518,-1.874485,-0.507012,-0.029346,0.027197,1.400318,0.431261,1.757288,0.778581,-0.405963,0.12711,0.535704,-0.682702,1.389316,-1.788199,1.906177,-0.492509,0.285769,-1.029642,-0.146146,0.134476,0.689066,-0.457516,-1.949603
QG2846,-0.856394,-1.636505,0.658464,1.204463,-0.538366,-1.838708,0.011782,-0.634352,-0.825006,0.321749,-0.306223,0.141837,0.31953,0.305426,-1.758141,-0.606611,-0.509703,-0.694869,1.342668,-0.051525,-0.525041,-0.791086,-0.446819,0.006665,-0.555268,-0.222932,0.408881,-0.818395,-1.012387,-1.17763,1.350074,-0.161357,-1.64902,-0.889689,0.034297,-0.058033,-0.404842,0.235087,1.740905,-0.620291,-0.93642,-0.865423,-0.205073,-1.136538,0.129233,-1.300579,0.005096,1.498314,-0.538672,-0.104884,1.913956,-0.305485,-1.086813,0.266646,-0.208269,-0.719968,2.068168,-0.880248,0.701948,0.714348,-0.126085,-0.91567,-0.567757,2.49605,0.195464,1.095026,1.909009,1.491047,-0.431227,2.2817,0.56649,-0.537849,0.771722,-0.203306,0.420201,-1.350503,0.469173,-0.677902,-0.085828,0.322308,-1.304823,-0.784454,0.210071,-0.25454,-1.032619,0.391986,0.844581,0.411208,1.24866,-0.782541,0.312238,1.586046,0.11676,1.01907,0.840114,-0.351509,1.994154,0.224383,0.811158,-1.451446,0.518012,0.079335,0.393409,-1.501044,-0.226953,0.205234,-1.571112,-0.885114,4e-05,0.008847,-0.930978,-0.057911,-1.165896,1.214199,0.875187,-0.457091,1.287073,-0.405217,-1.465875,0.111514,0.144437,0.050597,-2.269523,-0.563206,0.061831,-1.524518,1.566124,-0.440951,0.152171,-0.19203,0.11653,-0.261331,-0.271275,-1.191686,-0.840613,-0.63251,-0.952618,0.156507,-1.2532,-1.507361,-0.590362,0.18688,-0.616482,-0.074141,-1.413655,-1.169298,-1.128601,0.408309,-0.363567,0.502853,-1.023881,-0.252995,-0.199625,-0.353364,-1.258294,0.756894,-0.27226,1.109941,-1.587299,-0.305831,-0.146363,-0.055485,0.382278,-0.56238,-2.122541,-0.848005,0.216863,-0.116538,0.443969,0.378156,-0.440693,0.327004,1.041608,1.158546,-0.083295,-0.620509,0.23465,-1.120245,-0.315725,-0.300501,-1.626094,-0.190929,-0.622455,-1.472736,-1.735919,-1.372884,-0.56217,-0.414194,-1.247957,-1.458267,0.222992,-0.988389,0.226712,0.539403,-0.888218,0.497024,0.224985,-0.244232,0.216069,-0.305643,-0.630426,-0.813858,-0.803167,0.225792,0.754195,0.922484,0.919645,0.633952,-1.478174,1.165208,-0.072357,-1.976911,-0.248473,0.761386,0.706623,0.569255,-0.08408,-0.383551,-1.068696,-0.874065,-0.422556,-0.385057,-1.408149,-0.776762,0.213073,-0.15747,0.048857,0.115323,-2.053225,0.099764,-0.60653,0.136852,0.343731,-1.029316,0.38639,-0.1931,-0.719207,-0.911785,-0.62566,-0.029808,0.640551,-1.122458,-0.802575,0.660087,-0.831061,0.744201,0.385911,-1.251838,-1.333442,-2.009242,-0.648103,-0.509001,-0.879885,0.900787,2.147228,0.02874,1.986276,-2.311157,-0.272151,-1.27198,-0.220566,-0.774897,-0.051977,-0.095106,-2.246361,1.629137,0.185041,0.526845,0.614972,-0.850486,-0.708008,0.116713,-1.590119,-0.77653,0.088928,0.433988,-0.026973,0.938076,-0.399881,-0.762081,-1.257775,-0.272066,1.651763,-0.712008,-0.665632,-1.447483,-1.714305,-0.712104,0.285529,-0.605421,-0.492725,-1.163193,-0.429194,0.213645,0.32869,0.897247,-1.783588,0.076939,-0.884389,-1.002372,-1.48116,0.955352,0.359937,-0.698636,1.392729,-0.368969,-1.547514,1.858108,-0.639716,-0.423646,-0.272338,-0.620308,-1.003051,-0.244393,-1.095243,-2.593159,1.215521,-0.150273,0.54297,-2.768122,-0.561385,-2.63114,-0.972266,-0.482058,0.618498,0.685488,0.380148,-0.343263,-1.195668,0.690346,1.050774,0.866423,0.217301,-0.79503,1.499962,-0.887351,0.916633,1.273714,0.845293
QG4080,-0.757141,-0.582442,-1.399301,0.635924,-0.161371,0.540066,-1.500338,0.333094,0.655561,-1.52051,-0.224498,0.579282,0.305203,-1.338109,-0.021204,-0.022951,-1.388586,-0.437841,1.044316,-1.437881,-0.881541,0.868184,0.644506,0.080771,0.413856,0.393917,-0.122161,-1.270889,-1.487395,0.475224,-1.917556,-0.146282,-1.581375,-1.074936,0.823591,-0.448215,-0.181928,0.753265,-0.471049,-0.073467,-1.127511,0.68554,-0.743136,0.618512,-0.338542,-0.22715,-0.125662,1.301956,0.101717,-1.266771,1.309596,0.077398,0.40974,-1.040716,0.86979,2.079299,0.429642,1.136539,2.142009,2.301161,0.650818,0.802048,1.76345,1.960548,1.679527,0.849875,0.61628,-1.242281,-0.669741,0.711492,0.062635,-0.794919,0.263039,-0.347018,-0.572134,-0.457771,-0.781349,-1.048072,-0.993834,0.630769,-0.351897,-1.105953,0.242616,-1.500627,0.076899,-1.185323,-0.611921,0.314607,-0.491218,0.48719,0.623622,-1.178037,-1.797372,0.51848,0.270352,-0.794163,0.581544,-0.534494,0.240863,0.537321,-1.76925,-0.715493,1.303125,-0.882893,-0.215484,-1.864483,0.823823,-1.186175,1.717856,2.02876,0.805861,2.388383,1.097674,0.002463,0.262275,2.476045,2.069115,-1.624488,-0.031209,0.189118,0.418226,-0.425964,-0.244053,0.24826,-1.510116,-1.471602,-1.027546,-0.350349,0.148737,0.409119,-0.667861,-2.456656,-0.927943,-1.385819,-1.94518,0.84056,-0.686994,-0.494025,0.053855,0.575991,0.488488,0.039532,0.997274,-0.532348,-1.19942,0.24829,1.712543,-0.522411,-0.777339,-0.392069,-0.169028,0.880945,0.206919,0.611098,0.566693,0.186319,-1.401614,-0.29204,0.526375,0.512247,0.52752,-0.630855,-0.732192,0.070935,0.093595,-1.137037,-0.464618,0.047511,0.536675,-0.339893,-0.485408,1.022375,-0.900466,0.453743,1.040492,-0.884326,-1.125319,-1.863397,1.11995,-2.007517,0.556784,0.246579,1.807794,0.769158,0.479138,0.266401,0.114694,-1.218571,0.451436,-0.011623,2.677017,-1.069363,-0.498588,-1.073912,-0.456551,0.621367,-0.125949,-1.385622,0.035551,1.301091,0.982881,0.844089,0.039485,-0.816599,1.010798,0.658716,0.584963,0.865729,-1.195466,0.388988,1.128577,1.863173,1.325269,-0.294834,0.484725,0.369857,0.897533,-0.156578,0.319206,-1.158866,-0.540044,1.841444,-0.115078,-0.524337,-1.602902,-1.084292,0.182664,1.154977,0.058106,-1.209796,0.348806,2.256018,-0.368326,-2.135236,0.87277,0.785071,-1.282023,0.549132,0.081909,1.331667,1.252401,0.58563,0.223724,-1.801867,-0.077625,-0.827147,0.253149,-0.842042,0.491506,-2.014334,1.074518,1.28948,-0.928004,-1.484208,-0.210202,0.432859,0.211663,-1.3472,-0.697565,-0.271016,0.320153,0.330924,0.587494,1.412631,1.039166,-0.38795,-0.196261,0.806436,0.426946,0.630195,-0.403943,-1.392256,-0.020573,0.087404,1.65348,1.424773,0.746259,-1.089057,1.346591,-0.452903,-0.209562,1.597599,-0.387692,-0.188985,0.860027,-1.609821,1.028652,0.395467,-2.779988,1.233655,-0.591907,0.262056,0.974312,0.325168,1.588335,0.097638,0.940427,-0.801225,0.770032,1.929811,2.313412,1.125509,-0.776648,-1.235178,-1.011656,0.711797,-1.980312,0.346162,0.567407,-0.366342,1.498525,0.287971,1.427702,0.684997,-0.31905,-0.132666,0.188183,-0.984821,-0.587225,-0.318443,-0.238997,-0.277817,-0.295927,-1.008644,-0.462742,-1.487758,0.072601,2.3399,-0.987812,0.551753,0.374186,1.555452,0.359546,0.388223,-0.082642,0.66147,-0.090556,0.466798,1.170524
QG4103,-0.875896,-0.981933,0.388351,-0.271003,-1.38464,1.061093,-0.723144,0.281228,-0.213774,-0.66525,-0.548781,-0.218323,-0.703164,-0.44332,1.781136,0.050769,0.511186,-2.120996,0.66304,-0.434743,0.329033,-0.118697,0.265052,-0.103772,-1.305271,-0.58716,0.383576,2.233138,-0.242761,0.194631,-1.44,-0.044139,-0.107468,-0.034786,-0.971395,-1.102813,2.390604,-0.961457,-0.719362,-0.051407,-1.238376,-0.788992,0.304454,0.207716,-0.580803,-0.813266,0.756005,1.248077,0.053765,0.192804,-0.540283,-0.15372,-1.034647,-0.47656,0.077026,0.434571,1.059058,0.528867,-0.743921,-1.577212,0.933332,-0.116033,1.106429,0.392618,-0.046378,-0.119554,0.74013,0.100128,1.206621,1.707118,0.862018,-0.335939,1.420715,-0.413517,-0.841787,-2.13891,0.505151,-0.258801,-0.345789,-0.179511,-1.548038,-0.103153,-0.299063,-2.349922,-0.806479,0.095553,-1.576572,-0.924523,0.764793,1.574812,-0.330488,1.554766,0.296037,0.992378,0.038124,0.27291,-0.445585,0.025611,0.5867,1.848569,1.281302,0.594687,0.091539,-1.124569,-0.58624,0.018003,-0.937339,0.314525,-1.33883,-0.317933,1.143872,0.093551,1.840373,0.52595,1.326788,0.199949,1.09747,-1.050436,1.020588,-0.532498,1.7815,-1.993816,-0.617618,0.974744,0.403121,-0.625842,-0.929519,-0.368068,1.722382,-0.525734,-0.250536,-1.787765,0.42603,-0.067103,-1.367565,0.608348,1.183665,1.085168,0.728955,1.935555,2.426004,1.308604,0.930464,1.26742,0.104339,-0.252914,0.535475,-0.509079,0.316761,-2.38976,-0.152545,-0.262873,-0.416057,0.520409,-0.35134,0.313146,2.315885,-1.286663,1.221495,0.717574,2.003804,0.330584,1.685666,0.692512,0.049972,-0.636027,-1.097946,-0.467329,1.282347,-0.744839,1.525733,-0.0259,1.241534,-0.48531,-1.856601,0.946262,-0.315522,-0.3235,-0.122922,0.691197,2.944171,1.028423,-0.723777,1.40539,0.321363,-0.535275,-0.507759,0.801009,1.305068,0.178001,0.927464,-0.093843,-1.022609,0.456987,-0.014213,-1.170598,-0.985635,0.091126,-1.383151,1.41114,1.515598,0.965597,1.677296,0.427864,0.424201,-1.053947,-0.257954,0.276675,1.529607,0.48154,1.121436,0.166244,0.092401,1.170317,2.14906,2.193908,0.256823,0.766044,0.115538,-0.605512,-0.166351,-0.195265,-1.367305,-1.129146,1.053924,-1.326528,0.181788,-0.884629,-0.091563,-1.959745,-1.005452,-0.113377,0.96335,-0.550939,0.467019,1.142665,0.274518,1.020093,-1.756176,1.846346,0.836489,0.815693,-0.880045,0.225501,0.810705,1.929937,-1.831767,0.067411,-1.453177,-1.876663,-1.664366,0.061592,0.926041,0.508594,-1.00452,-0.534365,-0.922747,0.598052,-2.211214,-1.114745,0.067345,0.055416,-0.469931,-0.301717,-0.353813,-1.999625,-1.868759,-0.645812,-1.277624,-0.371713,-0.233832,-0.03468,-0.374084,0.839785,0.973105,-0.517863,0.487661,0.706871,-1.894374,1.697128,1.320894,0.894025,2.306185,-0.669921,-0.277856,0.509636,1.664626,-0.673749,0.664857,0.771882,-0.447531,-1.523851,-0.588649,-0.624981,-1.527004,-1.161186,-1.923387,1.809768,-0.067189,0.009088,1.913237,1.946223,1.440992,0.182938,-0.19076,-0.418534,0.111024,-0.281441,0.004364,0.752502,1.044987,1.362054,0.142892,1.463471,2.142689,-0.503965,0.459495,-1.380875,0.704921,-0.134268,0.021589,1.104913,0.427035,1.993115,0.376826,0.63861,0.0809,-0.819455,0.912092,0.075007,-0.812732,0.958988,-0.923497,-2.099365,-0.125684,0.895135,0.547049,-0.664585,-0.977627
QG556,-0.841096,1.105924,-2.023275,0.748656,0.956207,-0.05511,0.898647,1.170035,0.604242,-1.584158,0.863775,-1.02002,1.009261,2.669954,-0.497333,1.559019,0.621066,1.51852,0.532633,0.063855,-1.863478,-0.270989,2.06224,-1.161784,0.351758,-0.006617,-0.032373,-2.127372,-0.169467,-2.13201,0.772161,2.557434,0.718191,-0.25797,-0.39256,-0.066524,0.673364,0.794925,-1.634441,0.262323,-1.415969,-1.562938,-0.222275,-0.519316,0.134302,0.186918,2.01653,0.060915,-1.269676,-1.020984,-0.353742,-0.481077,-0.000482,-1.277998,-1.241586,-1.428935,-1.10397,-1.413781,-0.575941,-0.864791,-1.187466,-1.334316,-1.613618,-0.097472,-1.045784,0.384954,-0.009008,-2.048994,-0.711047,-0.645204,-0.154787,1.194794,-0.17284,0.612348,0.232756,0.029903,0.618154,-1.173659,-0.035036,-1.474861,0.937647,0.735224,-2.531696,-0.072298,-0.309011,-1.041069,0.190718,0.612667,-0.155711,-0.489861,1.528622,-0.163398,1.737912,-2.709563,0.440202,-0.180642,-0.89314,1.637669,-1.061229,0.484411,-0.43269,1.043798,-0.679118,-0.495436,1.135525,-0.557073,-0.758809,-0.761893,0.260868,1.123677,-0.025064,-1.066628,0.507921,1.37618,-1.562945,-0.116626,1.886655,0.197606,-1.519776,-0.273398,-0.218108,0.156257,-1.567248,0.114138,-0.688934,-2.07828,0.087583,-1.258974,0.618832,-0.447886,-0.772411,-0.19404,1.346309,0.560877,2.307453,0.077584,0.930789,-1.092893,-1.405397,0.170368,-1.402544,-1.427492,0.603126,-0.732281,0.984878,-1.267196,2.922879,-0.365657,-1.429018,0.705708,0.79125,0.460413,-0.374557,-0.930718,2.463767,2.154981,-0.533262,-0.036132,-0.213403,-0.989664,-0.752923,-1.034904,-0.056882,1.186519,-1.164443,0.076981,0.861949,0.434121,-0.050826,1.116608,1.043838,0.091503,-0.193853,-0.49176,-0.705286,0.380695,0.336056,-0.171906,-0.752993,-0.610522,0.75676,-2.083721,0.271844,-1.089017,0.51555,0.203197,1.019792,-0.324603,0.110991,-0.93259,-1.429419,2.023084,1.573207,0.803974,-0.808317,1.447572,0.875054,0.872982,-0.491744,0.509724,-0.013248,-0.455183,-1.189573,0.019936,-0.533655,-0.788707,-0.236284,0.755778,-0.388629,3.248897,-0.79034,1.262276,2.436402,1.010821,1.291169,1.628608,-1.188257,-0.290516,1.461157,1.194867,-0.369995,0.00642,-1.862382,-0.312189,-0.949355,0.320549,0.595285,-0.206753,-1.812894,-0.040234,-0.378032,0.142898,-0.621331,-0.309515,0.440238,-1.218535,0.957448,0.149028,-1.196123,1.206945,0.399022,0.170487,0.495741,-1.358355,-0.641031,0.19911,-0.501934,-0.564684,0.782775,-0.744516,-0.349211,0.354543,-0.34335,1.555982,0.591917,0.127585,1.209495,-0.831114,0.4761,0.341129,-0.158182,-0.836655,0.995364,-0.739537,-0.097634,-0.886694,-0.117175,-0.789803,0.418454,-0.376438,0.94486,1.572494,1.073841,0.923045,1.527661,1.209276,1.328721,-0.143154,-0.159311,-0.339858,-0.013334,-0.785787,-1.220569,-0.403877,2.129008,-0.624309,0.206263,-0.892247,-0.494631,-1.206411,-1.103249,-1.738939,1.590617,1.196723,1.28217,-0.27908,0.959416,1.035861,0.210903,0.701545,-1.486336,0.191433,-0.407773,-2.448817,-1.792379,-0.2531,-0.162402,0.956617,0.676116,-0.675223,1.752759,-0.175176,-0.374972,0.489648,0.862381,0.814165,0.824899,-0.01642,-0.373964,0.99772,-0.051879,1.005277,0.631784,0.775627,0.394391,0.114591,0.853384,-0.37941,0.733003,-0.941933,-0.209968,-0.782788,-0.217099,0.722173,-1.514507,2.145732,-0.743481,-0.084727,1.525242
QX1791,-1.03999,-0.66691,-1.817828,0.142439,-0.229704,0.238754,-0.675713,-0.534344,-1.19982,-0.056571,0.768018,-0.309716,-0.822446,-0.977231,-1.69887,0.711888,-0.575256,-0.916055,-0.853784,0.175967,0.266506,-0.288694,-1.048135,-1.710115,0.334928,0.879978,0.33418,0.153538,0.677225,1.985552,-0.324634,0.875668,-1.550462,-1.121359,-0.55282,0.464921,0.080537,1.059689,-0.067388,0.287628,-0.755148,-0.344994,-1.298498,0.915134,0.276468,0.722951,0.010905,0.382786,0.476037,1.068299,1.944756,1.344583,1.985086,1.720102,-0.167681,-0.035212,-0.842898,0.15559,2.535307,0.310423,1.035369,1.429424,0.452028,-1.111224,0.38821,-0.087213,-2.135934,0.521772,-0.797101,-1.095745,0.117743,0.078903,0.872787,0.587006,0.06458,-1.165644,-1.087584,0.890466,0.639741,1.879964,0.03168,-0.380992,-0.490321,0.845848,0.875046,-0.448646,0.207881,1.883172,0.618911,1.085585,-0.699284,0.120352,-0.023931,-0.029139,-0.137354,0.301062,1.684772,1.407984,1.745461,-0.588006,0.182341,0.539364,-0.52456,-0.543464,0.095671,0.452209,1.002268,0.884905,-0.019558,-0.808391,-1.436709,-1.799589,-0.590162,-2.573142,1.28519,-0.383838,-0.690429,1.691796,0.403046,1.386831,0.626612,1.019205,0.982087,0.864031,0.680551,1.199258,0.627051,0.344904,0.84425,-0.556175,-0.364175,0.735529,0.788572,-0.164242,-0.129048,0.56803,1.426056,-0.295931,1.308387,0.028552,-0.612948,0.370855,-0.522646,1.303325,-0.052946,1.784264,-0.215573,0.02613,-0.913473,1.088983,-0.871875,0.501576,-0.547737,-0.188963,-0.329214,0.838609,-0.834105,0.665185,-0.119086,1.691115,0.743148,3.13858,0.17163,1.530092,1.233042,-0.05278,0.656045,-0.435228,0.637181,0.982363,1.305777,0.508335,0.767093,0.057983,1.269252,0.733901,0.762941,1.921489,1.924244,1.442661,1.185417,-0.638217,0.617507,0.597529,-0.592997,-1.27628,-0.737565,-0.379194,2.534327,0.555396,-1.015025,2.284144,-1.894229,0.151308,-1.862528,-0.441801,0.529404,-1.362545,0.38052,-0.331814,-0.932587,0.35,1.080426,1.9892,0.291745,0.187555,1.245541,-3.187941,0.371656,0.081751,0.94201,1.176917,0.160394,1.547703,1.83591,0.452332,-1.524318,-2.219366,0.249571,0.732913,0.484539,-1.553501,0.24414,1.161579,0.288569,-0.138085,-0.977852,-0.982032,-0.057501,-0.164337,-0.427347,-0.634531,1.414721,-0.998088,-1.032019,1.954995,-0.269355,1.145615,1.389291,2.009393,0.988794,2.508588,0.452894,0.402865,0.778935,-0.249809,-1.988257,-1.410648,-1.187785,-0.474602,0.061104,-0.863929,-0.41148,0.940969,-0.703668,0.478764,-1.158663,-0.872086,-0.552914,-0.727977,-2.501183,2.853256,-0.94924,0.701263,1.566681,0.068133,-0.609129,0.732358,-0.272592,0.208975,0.804416,0.997154,2.116544,-0.514709,-1.806531,-2.949704,-0.090286,0.330702,-0.761955,1.303365,-0.583147,-1.272315,-0.113419,-1.875245,0.019982,-0.286004,-1.32423,-0.864457,0.760962,0.367469,0.022548,-0.129645,-0.969138,-1.570695,0.655146,-0.459884,-2.944247,0.534179,0.021074,-0.824468,-2.13001,0.891986,0.324767,-1.382093,0.025918,-0.067111,-1.979188,0.563475,-0.386235,1.358498,0.522022,0.387326,-0.794165,-1.187652,-0.363172,-1.310834,-0.06816,0.525934,-0.816228,-0.434443,-0.288607,-0.836047,-1.151194,-1.304397,1.081371,1.105352,0.45617,0.895629,-0.242672,-0.636625,-0.040837,0.997767,-0.596676,-0.389755,-0.52722,-0.37115,0.697261,-0.163355,0.352803
QX1792,-2.178823,0.129651,-0.418812,-1.228488,0.434087,-0.146381,-0.9725,-0.646095,-0.714717,2.028874,-0.089107,-0.448201,2.641374,1.348836,1.51296,1.057154,2.627471,0.902075,0.318987,-0.195791,-1.436479,-0.482635,-2.520636,-1.041038,-0.941428,0.223754,-0.027801,1.766284,0.53503,2.772872,0.027829,-0.120983,0.138915,0.388066,-0.13965,-0.891904,-0.042856,-0.673911,-0.788588,-0.962331,-0.241401,-0.938188,0.114462,-0.039075,-0.268865,0.327695,1.690748,-1.773027,1.625345,1.322288,-0.847717,0.346636,-0.027164,-0.840422,1.925451,0.63486,-0.112054,1.34153,1.803456,1.369805,1.407621,0.953637,0.630542,0.262116,0.153865,0.06313,1.056948,-0.360819,0.075242,-1.050642,0.701416,-1.991173,1.036483,-0.056974,0.471779,-0.528144,-0.218683,0.765652,-0.833681,1.086732,0.337537,-0.889497,0.845259,-3.07204,0.015475,-1.360783,0.186468,0.189336,-0.510655,-0.401844,-1.530884,1.090275,1.711125,-0.73616,-0.067081,1.178765,0.446828,1.144692,1.330094,-0.823107,-0.933222,0.317339,1.428197,1.210539,-0.195612,1.288783,1.11276,0.865611,-0.764457,0.800212,-0.305802,1.994182,-0.168204,2.009495,1.985424,0.189256,0.260228,0.555819,0.793074,0.066755,2.357797,0.90403,0.149751,0.708681,0.964109,1.107995,-1.694765,-0.361945,-1.214421,-0.19591,-0.493529,-0.08374,-0.186155,-0.229565,-0.403803,-0.73797,-0.756386,-0.433724,-0.902751,-0.466464,0.203441,0.329558,-1.113363,-0.589068,-0.18278,-0.813322,-0.059139,0.368141,0.005654,-1.126652,-0.733014,-1.688673,-0.376826,0.043347,-1.237519,0.429244,1.187044,0.395477,-1.011471,0.29498,-0.487181,-0.075192,-0.684579,-0.288689,0.057981,0.091413,0.158535,-0.405439,-0.228243,0.17204,-0.057757,0.967316,0.486512,-0.716219,0.082609,0.786992,-0.008021,0.207605,-0.208375,1.032429,-0.720293,0.366527,0.232753,0.875544,0.20323,-0.489833,-1.598944,-0.597648,-0.547254,0.571729,0.943367,1.951045,-0.085223,0.65459,-0.294514,0.936025,2.11893,1.324135,0.187353,0.117075,-0.138992,0.40897,1.428831,0.79794,1.552065,1.407521,1.100122,0.834647,-0.423936,-1.82537,0.704403,-0.248818,-1.867721,-1.847244,-0.548552,-0.484322,0.732799,-0.661792,0.110544,-0.921068,-0.571134,2.359153,-1.071476,-0.573014,0.319107,0.544312,1.055337,0.812988,-0.902298,1.562687,0.959979,0.316662,0.429282,0.664021,-0.996959,-0.022608,1.580707,1.009459,0.213831,-0.211634,-0.199735,-2.494662,-0.247498,-0.006514,0.333523,0.829146,-0.787698,2.660593,-0.006629,0.265726,1.064579,1.339678,-0.913128,-0.860204,-1.342212,0.976154,-0.709092,-1.720673,-0.682831,-0.019282,0.924176,-2.38473,1.15231,2.383504,0.756242,0.648417,-0.194341,-0.484689,1.044363,1.356342,-0.390172,-1.075699,0.633356,0.404052,-0.786971,1.396187,-1.288885,0.663505,-0.961462,0.70248,1.141675,-0.419246,-0.403687,1.435433,-0.642023,1.548563,1.483327,-0.146505,-0.447112,-1.307844,0.044332,-0.236479,-0.2309,0.232551,1.692556,0.91493,1.999976,-0.109322,-1.105196,-1.119866,-1.180536,-0.367138,0.727533,-1.770832,-0.722832,-0.822297,0.93071,-0.363672,-2.320934,0.1583,-1.44046,0.91523,0.597687,-1.238694,-0.743696,-0.397631,-0.376215,1.452332,-0.810001,0.059514,-0.559559,-0.756669,-0.84107,-1.59865,1.53071,-1.298286,-0.806471,0.237338,1.651044,-1.107954,1.215505,0.883405,-0.802142,0.864032,-0.066505,1.315265,-1.973892,0.599802,-0.689786
QX1793,-0.420304,1.676378,0.184447,-0.112837,-0.157849,-0.742387,0.097244,-0.645709,-0.135522,0.906027,0.402515,-0.50657,0.333836,-0.409536,0.933368,-0.086757,-0.78981,-0.495119,-0.282924,-0.58058,0.693841,-0.347341,-1.493245,-0.071675,2.004027,0.375864,-0.86124,0.236446,-0.882054,-1.724838,-2.13768,-0.416138,0.879986,-0.164126,-0.738046,-0.010401,-1.78677,0.726665,-1.500281,-1.03134,0.825321,0.030615,0.210919,-0.606361,-0.085671,0.252029,0.072304,-0.502991,0.996321,-0.043404,0.38976,0.416108,0.209047,-1.786845,-0.051401,-1.021068,-1.747583,-0.369352,-0.154436,0.316274,-0.173777,-1.114295,-0.352242,-0.806004,1.087858,-0.602498,0.545391,1.825864,0.20844,-0.132388,1.512497,0.931664,-0.176078,-0.149887,-0.40791,-0.109546,1.041031,0.759822,-0.592057,-0.301232,-1.267815,1.599125,-0.401346,0.94325,1.365513,-0.824953,0.762689,0.471866,-1.084087,-0.396996,-0.8808,1.274296,0.706342,1.061104,-0.1791,0.883105,1.026308,2.099044,0.82869,0.926935,0.62695,0.385114,-0.639509,0.790412,0.732623,0.405873,0.90359,0.261548,-0.322552,0.780615,-0.654111,0.56063,0.217094,0.001653,-1.781102,-0.224899,-1.276538,-1.209228,0.395232,-0.380059,-0.380277,-1.073953,1.288323,-0.543927,0.36701,-2.308754,1.350201,0.005815,-1.260407,-0.434018,-1.382748,0.718027,0.058799,0.036041,0.162117,-0.134776,-2.102693,0.053936,0.192385,0.590881,-1.833851,0.320363,-1.453503,-0.082848,-0.035153,0.841522,0.909069,1.070973,0.20794,0.170985,2.517184,1.081023,1.994378,0.243133,-0.613326,0.933947,1.038016,-0.265772,-0.083927,0.484214,-0.201866,-1.899302,1.100375,1.653099,0.111485,0.633918,-0.174885,-0.912001,0.119955,1.631036,1.169024,-1.400637,-0.539248,0.149679,0.103056,0.205283,0.160331,0.099101,-0.195216,-0.489396,-1.381465,-0.764315,-0.800601,-1.283069,-2.078618,0.664065,-0.462828,-0.507025,-1.086605,1.710592,0.588174,0.753467,0.009751,-0.226526,-0.240353,-1.195779,0.588354,1.491768,1.658678,0.669995,1.431515,0.178961,0.543545,0.881546,0.082148,1.386931,0.477596,-0.137208,0.674578,-0.039848,-0.353248,-0.837579,0.997168,1.091225,-0.38401,1.961311,1.639258,-0.239192,-0.781705,1.581672,1.12692,0.398754,0.737617,1.404056,0.241953,0.181782,1.879526,0.531569,-0.227201,-1.290338,-1.362798,-0.860398,0.056173,-0.342136,0.573516,0.633475,0.439258,-0.240343,1.344978,-0.478089,0.344603,-0.256634,1.656307,-0.545959,-0.504787,-0.033628,0.133333,0.3273,0.244539,-0.42833,0.675481,-0.408875,-1.428654,-0.668134,-0.123743,0.34951,-0.454334,0.781609,-1.246194,-0.037925,0.022593,-0.03344,0.542845,0.384841,-0.789223,-1.401153,-0.414869,0.334779,0.667284,1.163401,0.733608,0.131052,1.07433,2.128792,-2.135421,0.385855,-0.242664,0.850161,0.039303,-1.602234,0.24257,-0.777239,0.330887,-0.799468,-1.062236,1.709607,-0.576846,1.040845,1.474899,1.896552,1.648845,0.564099,-0.120635,-0.247956,-0.238621,0.41757,-0.299896,-0.283933,0.495599,-1.36411,-1.713151,-0.44398,-0.16451,-0.061812,-0.971427,1.321154,0.210587,-0.033882,0.716534,-0.770565,-0.676363,0.158559,0.249552,-0.30368,-1.185098,-0.206313,1.500265,2.655845,0.505899,-0.587332,-0.940282,0.033975,-1.172225,0.451889,-1.084986,-0.666565,-0.190966,-0.367912,-0.5206,-1.064167,-0.736417,1.895454,0.945818,-0.336711,-0.854126,1.310207,-1.037838,0.417615,2.857897
QX1794,0.823304,0.689281,0.290569,-0.170168,0.483079,0.308559,0.560014,0.986594,-0.736361,0.150562,-0.150993,-1.757208,0.062212,1.174607,1.068327,1.614368,1.726341,2.040262,-0.199204,-0.441172,-0.581493,-0.961153,-1.075297,0.363652,0.038123,-1.506405,0.639811,-1.425637,1.497276,0.122908,0.030524,-0.418688,0.926658,-1.269416,-0.290437,0.420145,-1.181313,1.680671,1.10013,0.612628,0.205554,1.16295,1.059145,2.243583,1.160519,0.366003,0.922388,-0.235445,-0.091531,0.577487,0.18542,0.058865,-0.470879,-0.520646,-1.587183,-0.468019,0.263426,0.606556,0.611359,-0.935186,0.103804,0.450354,0.197895,0.08296,-0.237102,1.891872,1.065948,0.347011,0.538379,1.615536,1.03488,2.088071,-0.359242,-0.5548,1.546441,0.341337,0.527708,-0.964404,-0.216511,-0.589016,-0.200567,-0.241064,-2.329371,0.95514,-0.515725,0.245248,-0.547157,-1.628544,-1.001486,-0.214726,0.348606,-0.311111,0.871526,2.05038,-0.763382,0.246249,-1.570435,0.465093,-0.824824,1.02399,-0.127349,0.712314,2.149341,1.860787,0.043182,1.779507,0.197737,0.076013,1.952331,-0.572692,0.578061,-0.558078,1.050324,-0.095031,2.462916,1.593319,2.239211,0.686618,0.175258,2.257502,0.530064,0.201443,-0.295916,1.671571,-0.433296,0.732256,-1.925994,-1.130162,0.67943,0.742641,-0.252286,0.194,0.152121,-0.778966,-0.708682,0.19959,0.715473,-0.456563,1.930148,-1.061059,1.278948,0.444778,0.966751,0.920994,1.144765,2.03392,0.372397,0.386498,0.641441,0.805943,0.66583,0.880035,0.340048,0.242057,0.141104,-0.596014,0.517931,-0.456736,-0.601891,-1.181016,-0.446291,-1.276993,-0.269047,1.734199,-0.705055,1.626171,-0.440674,3.014217,-0.292937,2.589185,-0.475233,-0.470148,-1.277756,-1.160276,-0.303982,-0.855862,-1.207315,-0.976404,0.605407,0.180317,-0.186365,1.669207,-0.9153,2.006518,0.60723,0.508107,0.92586,0.352358,0.447067,-0.214351,2.040068,-0.020255,1.609681,0.610818,1.715329,2.488715,0.769216,1.610855,-0.063101,1.26876,0.771071,1.064834,1.275701,1.384076,1.48559,0.496067,0.618866,0.275398,1.317192,0.860032,1.083843,0.444507,0.53351,1.283408,1.947603,0.511173,-0.546155,-0.176828,-0.493924,-0.690992,0.25794,-0.657775,0.410136,-1.1898,-0.774041,-0.164066,-0.199041,0.94376,-1.227427,-0.858613,-1.658607,-0.64331,-0.848471,0.693403,2.28545,-0.581188,2.205861,-1.57989,0.24685,-0.227783,1.005606,0.716687,0.163759,-1.938682,-0.15839,-0.317258,-0.967442,-0.819917,0.485347,-1.007679,-0.62142,-1.461985,1.509299,0.873905,0.477068,0.666664,0.837094,0.585054,1.396277,1.248799,0.768441,-0.313265,1.732794,-0.518373,-0.171022,0.468712,1.684863,0.372648,1.13536,1.649122,-0.190883,-0.509181,0.323506,0.650664,-0.623527,-0.866224,0.164623,-0.318021,-0.320682,-0.240827,-2.368184,-0.629056,1.138133,0.304213,-1.134974,-0.450605,-1.021451,-0.422558,-0.557162,1.396004,-1.829496,-0.13154,-0.043898,-1.495505,-0.180136,0.664537,0.250939,-0.92111,-0.456414,-2.63096,-0.734042,0.704781,0.165631,-0.797587,-1.03884,-0.583851,1.086424,-0.388924,-0.168121,1.686223,-0.899545,1.103157,0.285002,2.112338,2.54252,-0.430241,1.182832,-0.916042,-2.137218,-2.921774,1.785297,-1.458122,-0.228462,0.13397,-0.691312,0.51946,-0.326598,0.714493,0.324692,1.505537,1.118773,-1.476044,-0.750106,-0.393316,0.646116,1.014516,-0.0693,0.639828,-0.310922
WN2001,0.620872,0.985617,0.345768,-0.203561,0.10532,-0.674345,-0.849306,-1.174437,-0.169035,-0.513199,-0.613589,-0.622192,1.744982,-0.254536,-0.205274,1.257938,0.487253,0.023844,1.892106,0.009716,-1.244988,0.673981,-0.810913,0.622428,0.052195,1.851999,-0.269556,0.45748,-0.316046,1.923319,-2.176647,0.098925,0.140124,0.170787,0.167571,-0.364612,-0.784521,-0.278634,-0.599719,0.195151,-0.070697,0.307587,-1.01771,-1.643667,0.500028,-1.039179,1.643328,0.096375,1.009414,0.231225,0.252921,0.426344,-0.596981,0.094493,1.034788,1.076029,-0.756249,1.303826,0.231212,0.110657,0.190454,-0.358644,-1.376073,0.482234,0.199577,0.750591,-0.480083,0.439613,-0.672786,-0.91773,-1.725539,-0.62907,0.630149,-0.490839,-0.667863,-0.425582,0.891751,-0.7829,-1.275977,0.10846,-1.257011,1.87181,0.204414,1.052248,-1.112505,0.749674,-0.160136,-0.417941,-0.11514,-0.327612,1.548912,-1.47208,1.869183,-0.234254,-0.498659,2.975119,2.92327,1.321395,0.294913,0.941258,0.80687,-0.663004,-2.398715,0.8741,-0.937692,1.324677,0.036693,-0.502204,0.19158,-0.229308,1.069753,1.489923,-0.190701,0.593086,1.092864,3.044858,1.305566,-0.244351,-0.188762,0.65291,-0.722933,0.072908,-0.024799,-1.828836,0.757184,-0.743341,-1.358353,-0.149339,1.174558,2.004375,-0.252512,1.017058,-0.057586,-1.532178,0.000255,0.743851,0.013958,-1.177289,-1.590776,0.702443,-2.471138,-1.158595,-0.791115,0.265863,0.60091,-0.749139,1.796375,-0.424111,0.568793,0.694309,-0.122711,-0.052456,-0.308121,0.154208,-1.481439,-1.405247,0.082324,0.142163,0.068311,0.817245,1.951902,1.356112,-0.378715,1.572588,-1.580075,0.066742,-0.859274,-0.886362,1.370412,1.537358,-0.704964,-0.919119,1.776161,1.447593,-0.067772,1.279864,-0.026162,0.170386,1.827641,0.242252,0.798505,1.226665,-0.000686,-0.662484,0.69044,-0.764875,0.574145,1.368806,0.978158,-0.050932,-1.177532,-0.765514,-0.261538,-1.777975,-0.01773,0.658446,-1.31329,0.129923,1.218487,0.667229,1.924601,1.407535,-1.391017,-0.427748,0.878857,1.111422,0.495381,0.515117,0.984609,1.874464,1.436566,1.450568,0.276942,-0.714174,0.648255,-0.519353,0.63572,1.210991,-0.968637,0.369641,-0.053547,0.760798,0.841779,1.909906,0.049806,0.223348,-0.207746,-0.480264,0.152592,1.649561,0.402638,0.928778,1.834899,1.680522,0.448554,0.145046,1.78882,1.591059,-1.5254,-0.431988,-0.446381,1.898454,0.87372,0.254503,-0.82539,-1.723953,-0.162818,0.425333,-0.261277,0.034493,-1.647049,-0.320976,-0.910293,-0.326864,-0.557482,-0.595998,-0.078597,0.309378,0.869993,0.197771,0.682477,0.804856,-1.665792,0.828685,0.66731,0.479903,0.430508,1.183342,0.297906,-0.17938,0.309101,-0.357142,0.261028,-0.3786,-1.831908,-0.965072,-1.123088,-0.791219,0.669441,-0.22883,-1.578391,-1.233152,0.100905,-0.45131,-0.932097,-1.139365,-2.057573,-0.542767,-0.205808,0.120099,0.211102,0.148514,0.651311,0.388601,0.666822,-0.562714,-0.897451,0.044142,-1.047119,0.081192,0.048006,0.466197,1.741574,-0.881802,-0.306862,0.386475,0.207098,1.620009,-1.342724,0.136993,0.077401,-1.776237,-0.431951,0.536647,0.872373,-0.062456,-0.046129,-0.695736,1.661623,0.325297,0.269226,-1.339078,-0.798804,-0.149024,-0.987117,0.424087,0.033735,0.612048,-0.944985,0.334082,1.610775,1.226665,-2.524481,1.184317,0.54767,-1.114885,0.326182,-0.497385,0.477507
XZ1515,0.35018,-1.572809,0.598859,0.550084,-0.46074,0.325093,0.665709,0.689007,-0.342474,-0.666997,-0.071271,0.917292,0.075832,-0.439477,-1.164292,1.673647,-0.564167,-0.825742,1.300847,-0.022674,1.055092,0.744894,1.246623,0.767519,3.037661,1.276769,1.979467,1.431714,1.758481,-1.26491,1.912617,1.884229,-1.113506,-0.85493,-0.136625,1.372306,0.477671,-0.590979,-1.429052,-0.079207,-0.297438,-0.472575,1.11835,1.693276,0.81223,0.452894,0.181128,0.374916,-0.260129,-2.237002,1.64341,0.018094,0.44564,0.25654,-0.693862,0.161086,-0.701455,0.818442,-1.57047,-0.349995,0.099513,-0.117495,0.036496,-1.464335,-2.429189,-0.306324,0.101196,1.338047,0.416987,-0.2611,-0.582428,0.57202,-1.548432,-0.475319,-1.490721,-0.487182,0.240065,0.694972,0.366721,0.026832,0.422932,0.108732,1.424783,0.121256,0.493051,0.162139,1.478993,1.468681,2.50951,1.437123,-1.052577,-0.370909,0.374443,-0.923702,-1.038097,-0.747318,0.380546,-0.366023,-0.158251,-1.350443,-0.279428,-1.054041,0.921448,0.878614,0.830818,0.04512,0.429596,-0.023595,-1.503022,-0.184122,-2.207763,1.04833,-0.121044,-0.254742,-0.720129,-0.268006,1.27596,2.12969,1.286339,0.144259,0.180214,-1.8089,1.769909,0.564779,-0.137454,1.485167,-0.19004,0.878677,2.123236,-0.393275,0.631444,0.174732,-0.084122,-0.756858,-0.22649,-0.938352,0.266021,-0.120808,-0.36571,-0.176679,0.888881,-0.008673,0.071462,-0.413658,2.86102,0.403068,1.980249,-0.898267,-0.851567,1.905202,0.382008,1.362794,2.824026,-1.006777,0.255542,0.583869,0.222236,-0.148735,0.418303,0.552844,1.386037,-0.462632,-0.69061,-0.546567,-1.743063,-1.179875,-1.711834,0.888907,-1.244533,-1.072619,-0.175658,3.176202,-0.57761,1.150952,-1.364912,-1.756253,0.6316,0.17426,0.856171,-0.198687,-0.046219,-0.656779,-0.79719,0.03694,-1.890508,-1.401712,-1.408743,-0.791079,-0.586542,0.508878,0.487361,-0.152889,0.591963,-0.023335,-0.942789,-0.925892,0.457502,-0.763449,0.362318,1.416168,0.571108,-0.979955,0.137307,-0.659476,-1.253751,1.290153,-0.88633,0.8359,-0.586863,0.077192,-0.397654,1.72741,0.347847,0.465404,0.168428,1.865404,-0.132106,-1.09393,-1.1648,-0.341275,1.884939,-0.865697,1.445286,-0.550164,-2.206762,-1.597944,-2.04421,-1.867834,-0.01014,-0.631491,-0.22879,-0.369646,-2.656899,-0.052431,0.585931,-0.031394,-0.548829,-0.419451,0.607213,1.180566,-0.341903,0.252405,0.578976,-0.756874,1.257736,0.28341,1.53805,0.517216,0.369753,2.503299,-0.479499,-0.623729,0.722603,1.309496,1.98625,0.293362,0.452963,0.785243,-1.474975,-0.276332,1.053006,0.553741,-1.371324,0.216258,0.985542,0.712139,0.68033,-0.293049,0.290712,0.159295,-0.438073,-0.858872,-0.35183,-0.135322,0.934093,-0.77271,-0.416615,-1.620763,-0.472271,-1.260382,-0.989944,-1.287378,-1.69316,-0.16122,-0.466758,-0.186169,-1.491406,-1.817383,-0.82051,-0.964405,-1.321158,0.146902,-0.888505,-1.280179,-1.437792,-1.156007,0.832731,-1.174867,0.226792,-2.713688,0.823666,-0.317497,-1.548555,0.597231,-0.020372,0.680531,1.383593,1.568346,0.154381,0.478248,0.735279,0.903155,1.379421,0.981736,0.231037,-0.532618,-0.255678,-1.173237,0.168507,0.296342,0.698914,-1.314742,-2.246109,-1.110887,-2.472149,-0.837467,2.090101,0.275526,-0.296203,0.4563,0.643255,-0.207787,0.140538,-0.309893,-1.096113,0.039861,-1.230329,0.807785,1.301713
XZ2019,0.926512,0.619995,1.026101,-0.2959,-0.045077,0.873276,-0.661975,2.845826,0.38155,-0.932344,0.612669,-0.472959,-0.909666,-0.657259,0.015807,-0.380951,-0.428334,0.008547,0.009379,1.843014,1.542746,0.802395,-0.230017,0.274058,0.297089,0.034341,-0.539618,0.363514,-0.85249,-0.225826,0.733338,-1.354259,0.723736,0.412244,0.774487,-0.077189,-0.967221,0.377168,-0.921761,0.04718,0.423754,0.434628,-0.399267,-1.077945,-1.263948,-1.579257,-0.299883,-1.596808,0.535829,0.217984,-0.563468,-0.344774,0.775789,-0.330948,0.477453,-1.189747,-0.918704,0.556402,-0.402766,0.628171,0.095972,0.55122,-1.087963,0.431043,-0.377944,-0.693317,-0.084519,1.092515,-1.09118,-0.804391,-0.61535,-0.840276,2.289726,-0.955974,-0.385395,-1.230992,0.117014,0.106092,0.35573,-1.137844,0.598653,-0.46612,-0.343827,0.852868,-2.217473,0.338251,-1.079452,-0.335877,-0.675758,-0.772926,-1.584878,2.367488,0.556438,-0.768834,-0.042406,0.552931,0.83527,-0.987956,-1.093271,0.523718,0.074213,-0.567222,-1.053606,-0.782471,-1.547758,-0.423974,-0.694646,-0.216855,0.384082,-0.394301,0.589041,0.296437,0.095437,-0.699762,-0.178137,-0.925538,-0.2441,0.21655,-1.19318,1.42565,-0.013152,2.331272,0.594097,1.01429,0.528727,1.066726,1.717532,-2.486274,-1.379778,0.099937,1.015334,0.186959,-1.108831,-0.307755,-0.794975,-0.575167,-1.083717,-0.568892,1.949178,-0.044759,0.045268,0.594497,0.498656,2.374185,-2.183203,-0.781753,2.936247,0.498353,-1.869859,0.088338,-0.09122,-1.198037,-0.451776,0.370287,0.599402,0.262918,-1.523037,0.996762,1.241832,0.156404,-0.181878,1.773116,-0.713749,0.132416,1.009685,1.705438,0.632003,0.325266,-1.0977,-1.80149,0.719647,1.402509,-0.396096,1.051072,1.423182,1.421481,-0.496181,0.936051,0.937365,0.967231,1.664417,0.85743,-0.529534,0.091114,0.760697,2.41986,1.618742,1.358597,1.954162,-0.771914,0.469506,-1.411981,1.198578,1.521882,1.013013,1.096829,-0.595877,1.741711,-1.170975,1.092019,-0.618312,0.256245,-0.573867,-1.179701,1.800618,1.290656,0.722328,-0.016308,1.135295,0.068123,0.597123,1.253798,1.038624,1.292517,0.749794,0.09173,-0.19434,-2.388614,-0.099274,0.310203,-1.646765,-1.648757,-0.619922,-0.037904,0.553076,-1.19654,0.064722,-0.366962,1.056126,-0.048461,1.954422,1.108914,0.552445,0.339786,-1.259609,-1.691116,0.70692,0.020337,-0.895585,-0.603024,-0.991794,-1.24358,-0.788623,-0.454944,0.086761,0.894721,-0.25241,-0.169565,-1.913021,-0.049085,0.21836,-0.370865,0.254195,1.07621,0.375109,-0.047793,-0.001724,-1.192058,0.850544,0.239833,-1.398932,1.869119,-0.366453,1.098006,-0.177252,2.711745,3.080225,1.2143,0.605381,0.098327,0.275755,-0.102454,-2.041047,-0.28174,-1.254307,0.071659,-1.25655,-0.473887,-0.263767,0.809511,-0.756164,2.054095,-0.75202,0.455428,1.204493,0.258332,2.363288,2.195719,-0.304641,0.470956,-0.384451,-0.346742,-0.141375,0.80924,1.046964,0.5545,0.231832,-0.053746,1.833433,1.501032,2.225686,1.304794,-0.098069,-0.127678,0.813564,0.786481,-0.498871,-0.955635,-0.835144,-2.093636,-1.601663,0.546161,0.705737,-0.443878,-0.411611,0.055322,-0.697051,-0.256543,-0.005892,1.367766,1.249543,1.006035,-0.100486,1.737574,0.339258,0.471738,-1.24501,1.428529,0.807644,0.275401,-0.341716,0.493214,1.04529,-1.182735,1.120116,1.53787,0.03806,-0.196,0.104255
XZ2211,-0.457701,-0.320333,0.137521,0.452897,-1.283557,1.53538,-0.884605,-0.425633,-0.093189,-0.53715,1.17214,0.515155,0.003091,-1.252413,-0.657569,-0.799821,0.995145,0.293987,-1.056218,1.876262,0.048102,1.50563,0.635608,0.916352,0.463624,2.897506,1.974552,0.071596,-0.577226,-0.138018,-0.819403,-0.933297,1.071489,0.196888,0.687419,0.697925,1.704102,0.456794,0.457211,0.513785,-1.443187,-0.489642,-0.330753,-1.698153,-0.201184,0.20342,-1.780887,0.19122,0.245888,0.160297,1.197153,-2.057199,1.011012,-0.246478,0.726978,1.137571,0.388203,1.008345,0.608704,-1.976286,-0.612298,0.367275,-0.106124,-0.985503,0.044809,1.471379,-0.353074,0.154029,0.171865,0.02686,-0.11461,1.564684,-0.762347,-0.296357,0.74036,0.376322,0.726988,1.138601,0.135216,-0.786421,0.319159,-2.052391,-0.516958,-0.697718,-0.210877,1.379031,-1.608539,-0.106094,0.243373,-0.472838,-0.222386,-0.216821,0.998877,-0.444861,1.132933,-0.500942,-0.125085,-0.533486,-0.523832,-0.187705,0.636907,-0.508948,-0.246547,0.320749,0.43698,1.206991,0.930596,0.371717,1.810227,-1.81456,-0.165172,0.672522,1.615445,-0.745231,0.346592,-0.172694,1.176757,-0.341286,0.563919,-2.106116,-0.011895,0.460001,1.194437,-1.241557,0.098864,-0.510193,1.58296,0.201257,1.672775,1.950477,1.207755,1.676267,2.252911,0.005084,0.31448,0.387096,-0.261995,0.198378,1.23489,-0.092488,0.379592,-1.466265,-0.537523,0.434752,0.345266,-1.163974,0.541582,-1.717228,0.353394,-0.200676,0.440518,-0.133252,-0.148623,0.466044,0.877738,-1.551932,-0.535412,-0.111418,0.335112,-0.682014,0.389858,-0.175094,-1.459953,-0.83447,0.22824,2.279995,-1.926001,0.235097,0.636976,0.217991,1.555477,-0.477695,0.29098,-0.111654,-0.134511,1.274383,-0.354467,-0.366005,-1.023016,-0.750146,0.195671,-1.165679,1.888631,0.162317,-0.42316,1.216211,1.203795,0.390823,-0.128582,0.669922,0.792222,0.368101,-0.3517,-0.445926,2.397107,0.881555,0.797446,1.625336,-1.260113,-0.606824,-0.421955,-0.552122,0.18286,-1.32723,-0.57252,-0.329833,-0.412146,0.296863,1.067448,0.124667,-0.73071,-0.346867,-0.220595,-1.316587,-1.56735,1.85967,0.290969,0.88059,0.593109,1.547478,0.309013,0.765131,1.358646,-0.589597,0.126906,-1.315048,-0.519819,-0.684934,1.976636,0.132664,-1.190262,-0.124889,-0.344736,-0.164792,-0.53615,0.192183,-1.162234,1.701517,0.577253,0.194822,0.653786,0.00109,0.025922,1.763105,1.876105,-0.950182,-0.729932,-0.845278,1.271434,-0.512108,-0.631483,-0.07301,-0.120542,0.929935,0.472749,0.578776,1.103904,0.606673,1.742743,0.095614,0.445992,-0.269979,0.897574,-0.826546,-2.094761,-0.574411,-0.1209,-0.544381,-0.455969,-0.857272,0.63565,-0.244861,-1.036628,0.389897,-1.343376,0.429614,0.398773,-1.805253,-0.727473,1.098945,-0.253191,-0.772402,-0.334048,-0.219327,-0.398903,-0.227495,-0.036182,0.88625,-1.182556,-1.044228,-1.549864,-0.807882,0.527094,-0.676497,1.229861,0.20818,-1.240961,-1.280641,1.013283,-1.350567,0.175852,0.847347,-0.356194,0.778248,0.847824,0.484795,0.993242,-0.176408,1.763009,0.292938,-0.45706,0.748639,-0.26779,0.471636,0.057719,-0.105908,-0.416232,0.154136,0.527192,1.428052,-1.016519,0.565023,1.34615,1.851907,0.833154,-1.263282,0.662629,1.174686,0.59127,-0.693371,2.746389,-1.051735,1.216255,1.148015,-0.377072,-1.375528,1.475197,0.743259,1.581723
