strain,sim_0001,sim_0002,sim_0003,sim_0004,sim_0005,sim_0006,sim_0007,sim_0008,sim_0009,sim_0010,sim_0011,sim_0012,sim_0013,sim_0014,sim_0015,sim_0016,sim_0017,sim_0018,sim_0019,sim_0020,sim_0021,sim_0022,sim_0023,sim_0024,sim_0025,sim_0026,sim_0027,sim_0028,sim_0029,sim_0030,sim_0031,sim_0032,sim_0033,sim_0034,sim_0035,sim_0036,sim_0037,sim_0038,sim_0039,sim_0040,sim_0041,sim_0042,sim_0043,sim_0044,sim_0045,sim_0046,sim_0047,sim_0048,sim_0049,sim_0050,sim_0051,sim_0052,sim_0053,sim_0054,sim_0055,sim_0056,sim_0057,sim_0058,sim_0059,sim_0060,sim_0061,sim_0062,sim_0063,sim_0064,sim_0065,sim_0066,sim_0067,sim_0068,sim_0069,sim_0070,sim_0071,sim_0072,sim_0073,sim_0074,sim_0075,sim_0076,sim_0077,sim_0078,sim_0079,sim_0080,sim_0081,sim_0082,sim_0083,sim_0084,sim_0085,sim_0086,sim_0087,sim_0088,sim_0089,sim_0090,sim_0091,sim_0092,sim_0093,sim_0094,sim_0095,sim_0096,sim_0097,sim_0098,sim_0099,sim_0100,sim_0101,sim_0102,sim_0103,sim_0104,sim_0105,sim_0106,sim_0107,sim_0108,sim_0109,sim_0110,sim_0111,sim_0112,sim_0113,sim_0114,sim_0115,sim_0116,sim_0117,sim_0118,sim_0119,sim_0120,sim_0121,sim_0122,sim_0123,sim_0124,sim_0125,sim_0126,sim_0127,sim_0128,sim_0129,sim_0130,sim_0131,sim_0132,sim_0133,sim_0134,sim_0135,sim_0136,sim_0137,sim_0138,sim_0139,sim_0140,sim_0141,sim_0142,sim_0143,sim_0144,sim_0145,sim_0146,sim_0147,sim_0148,sim_0149,sim_0150,sim_0151,sim_0152,sim_0153,sim_0154,sim_0155,sim_0156,sim_0157,sim_0158,sim_0159,sim_0160,sim_0161,sim_0162,sim_0163,sim_0164,sim_0165,sim_0166,sim_0167,sim_0168,sim_0169,sim_0170,sim_0171,sim_0172,sim_0173,sim_0174,sim_0175,sim_0176,sim_0177,sim_0178,sim_0179,sim_0180,sim_0181,sim_0182,sim_0183,sim_0184,sim_0185,sim_0186,sim_0187,sim_0188,sim_0189,sim_0190,sim_0191,sim_0192,sim_0193,sim_0194,sim_0195,sim_0196,sim_0197,sim_0198,sim_0199,sim_0200,sim_0201,sim_0202,sim_0203,sim_0204,sim_0205,sim_0206,sim_0207,sim_0208,sim_0209,sim_0210,sim_0211,sim_0212,sim_0213,sim_0214,sim_0215,sim_0216,sim_0217,sim_0218,sim_0219,sim_0220,sim_0221,sim_0222,sim_0223,sim_0224,sim_0225,sim_0226,sim_0227,sim_0228,sim_0229,sim_0230,sim_0231,sim_0232,sim_0233,sim_0234,sim_0235,sim_0236,sim_0237,sim_0238,sim_0239,sim_0240,sim_0241,sim_0242,sim_0243,sim_0244,sim_0245,sim_0246,sim_0247,sim_0248,sim_0249,sim_0250,sim_0251,sim_0252,sim_0253,sim_0254,sim_0255,sim_0256,sim_0257,sim_0258,sim_0259,sim_0260,sim_0261,sim_0262,sim_0263,sim_0264,sim_0265,sim_0266,sim_0267,sim_0268,sim_0269,sim_0270,sim_0271,sim_0272,sim_0273,sim_0274,sim_0275,sim_0276,sim_0277,sim_0278,sim_0279,sim_0280,sim_0281,sim_0282,sim_0283,sim_0284,sim_0285,sim_0286,sim_0287,sim_0288,sim_0289,sim_0290,sim_0291,sim_0292,sim_0293,sim_0294,sim_0295,sim_0296,sim_0297,sim_0298,sim_0299,sim_0300,sim_0301,sim_0302,sim_0303,sim_0304,sim_0305,sim_0306,sim_0307,sim_0308,sim_0309,sim_0310,sim_0311,sim_0312,sim_0313,sim_0314,sim_0315,sim_0316,sim_0317,sim_0318,sim_0319,sim_0320,sim_0321,sim_0322,sim_0323,sim_0324,sim_0325,sim_0326,sim_0327,sim_0328,sim_0329,sim_0330,sim_0331,sim_0332,sim_0333,sim_0334,sim_0335,sim_0336,sim_0337,sim_0338,sim_0339
AB1,0.067611,0.010741,-0.291671,-1.317586,0.141849,1.750096,0.143832,0.72706,-1.11199,0.106545,0.426982,-0.932818,0.853905,0.171921,0.808201,0.001012,-0.661247,-0.880005,0.663001,-0.319572,0.361242,0.761559,-0.768387,0.110941,0.632322,-1.406995,-0.497164,1.295535,-1.091206,0.167166,-0.772239,0.796708,0.071608,2.357967,1.166227,0.930183,0.910917,0.754171,0.381014,0.204155,-1.521978,0.406904,0.278144,1.51189,-0.726897,1.018563,-0.557367,-2.776254,0.296406,-0.175857,-1.861819,-0.547712,-0.824575,-1.303309,-1.291947,0.393783,0.337526,0.499512,0.222561,1.004545,0.706747,-0.045393,1.984415,0.681692,-1.331377,0.92967,-1.89345,1.397387,1.169687,-1.262575,0.238774,-1.180878,0.106636,-1.074575,1.199266,0.731776,1.447181,2.526656,2.078106,1.03847,0.789,0.561886,1.504855,0.354872,0.938674,-0.230793,0.636453,-0.522409,1.338059,-0.012962,-1.438408,-0.378074,2.555378,-1.796543,-0.60045,0.501722,-1.224893,0.439252,1.382997,0.332765,2.369299,-0.092751,0.616455,0.722474,0.642607,-0.585301,-0.996861,-0.5038,-1.388149,0.910585,1.366012,-0.988224,1.278181,0.508593,0.765614,1.621244,0.665028,1.171913,-0.102653,-0.522076,1.014839,1.224783,-0.285501,1.059362,1.208927,1.491717,-0.43495,0.661229,-0.261045,-0.456825,0.916742,0.563957,-0.374134,-1.551437,-0.251905,-0.50571,0.056954,0.740639,-0.125312,-1.213324,1.499052,-0.976344,-0.70816,0.453765,1.748995,0.5225,-0.543478,0.759582,-1.671223,-0.697315,-0.69286,0.360954,0.125947,0.401202,1.42244,-0.148883,-0.391686,-1.280831,-1.108898,-1.255789,0.850447,-0.701932,-0.788879,-1.108244,-0.598341,0.703178,0.053135,-0.526934,1.120851,0.25592,-0.973368,-1.823953,-1.060915,-1.256494,0.128182,-0.273832,-0.843331,0.459791,-1.097729,-0.204199,1.566802,-2.691711,0.780797,-0.488337,0.580545,0.962079,-0.353646,1.317124,-0.299518,-0.818743,-0.807483,0.025598,-1.578407,-0.718933,-1.783814,-1.088437,-0.619032,0.57586,-1.297463,0.928896,-1.481296,1.409365,0.056454,-1.29429,1.897671,1.151161,0.061864,-0.358426,-1.366871,-0.183161,-1.081367,-1.587658,0.110622,-0.263323,-0.124871,-0.291043,0.067771,1.550391,0.659218,-0.006194,-1.283581,1.683123,0.824249,0.650646,0.775953,0.781882,-1.096716,0.615881,0.015168,-0.426598,-0.667974,-0.349073,-0.889251,-0.501344,1.513865,-2.049534,-0.951478,0.077225,-0.692215,-0.834451,-1.825834,0.936267,-1.412043,-0.25068,-0.870037,1.034344,0.43597,-0.840588,-0.959671,-1.326962,-0.153139,-0.89954,-0.478886,-0.331998,0.38507,-0.354239,0.253786,0.054711,0.043487,-2.054379,-0.344117,0.752519,-0.053462,-0.158857,-0.424997,-0.644086,-0.064074,-2.175112,-0.428882,-0.96463,-0.778121,-1.194402,0.83615,-1.392907,-0.40797,0.074142,-0.202999,0.029222,-0.039,-1.169106,0.05802,2.648531,0.050816,-0.334459,2.3753,2.33919,1.191769,1.045739,-0.262366,-0.549773,-0.232967,2.948808,0.886205,-0.783524,0.256597,-0.08528,1.831508,-0.455451,0.18837,1.541417,1.388918,0.839591,1.543554,-0.306568,0.224777,1.601049,0.904323,-0.946762,-0.145804,0.524393,0.713038,0.471276,-0.021719,1.039354,-0.50891,-0.071513,-0.251147,0.520107,-1.632532,-1.205218,0.072387,-1.630479,0.141263,0.487227,-0.492586,1.2909,1.517129,1.351691,2.06632,-0.117758,0.044967,1.027141,-1.106859,0.999218,1.208112,1.439767,1.52737,-1.449188,-0.763604
CB4932,0.723615,0.921349,0.411191,-1.680886,-1.391061,-0.887462,-0.131632,-0.280893,-0.419394,-0.19752,0.490039,1.36628,-0.401171,-1.032699,-0.705229,-0.935023,-0.752535,-0.41919,1.510844,0.59487,-0.893032,-0.230342,1.201121,-1.243706,0.211251,-0.934183,-0.260063,-0.33409,0.554649,1.892529,-0.747858,-1.409223,-1.412856,-0.720528,-0.797999,-0.575678,0.16383,-0.285524,0.221967,-1.23004,0.321459,0.5593,-1.618996,-0.537144,-0.416083,0.547488,-0.165199,-0.21343,0.687658,1.690622,-1.328232,-0.88291,0.442845,0.397176,-0.204137,1.053147,0.246849,-0.3929,-0.275037,-0.412179,0.532835,-0.595193,-1.460023,0.707836,2.212077,0.200816,-0.966702,0.926582,-0.368468,0.967363,2.666049,0.685332,0.508866,1.960061,-1.903907,0.744512,0.924986,1.390275,-0.535223,0.241486,-0.224892,-1.338417,2.428405,-1.422916,-0.971934,0.377127,-0.024432,0.352375,-0.989413,0.688181,0.028643,0.79956,0.697054,1.282919,-0.455123,1.091413,1.467547,1.429209,-0.648324,-2.282679,0.491018,1.284522,0.112737,0.495027,-1.355556,-0.546206,-0.261068,0.286263,0.501778,-0.339789,1.383789,-0.341779,1.466511,1.236574,1.533384,0.085999,1.864991,-0.014853,0.607631,1.539403,-0.105385,0.556063,0.237034,0.71387,1.720992,1.137141,-1.281843,-0.699336,0.282842,-0.428998,0.690851,0.420454,0.853686,-0.701282,-0.644821,-1.522793,-0.422969,0.527127,0.826141,-0.922983,-0.608856,0.494036,-1.568523,-0.951427,-0.203457,-0.371727,-1.297659,0.673352,-0.083183,0.750541,1.10004,-0.854175,0.293053,0.001416,0.764104,0.909185,0.183921,-0.1813,0.354114,-0.617712,0.177887,-0.74054,0.627608,1.479395,0.65202,-1.224508,-0.890201,-1.759386,-0.319412,0.904037,0.061631,-0.561769,0.634771,1.131139,-0.35149,0.031274,-0.268926,0.622128,-0.731389,0.480735,2.061333,-0.490184,-0.156236,-0.19359,0.728741,-0.499548,0.666615,-0.25003,0.638044,-1.762709,0.202313,-0.462605,0.505613,0.174068,0.553958,-0.414697,-0.286126,-0.18954,-0.76584,-2.090631,1.526406,2.276968,-0.731941,-1.165306,1.478183,0.855393,0.995635,-2.892575,2.179286,-1.314269,0.748864,-1.358528,-0.639499,-1.828448,-1.133066,-0.941603,-0.033359,0.213626,-1.10096,-2.837314,-1.258052,0.045723,-0.219524,-0.317117,0.128476,-0.258398,-1.359077,-0.009836,-0.65354,1.596812,-0.482786,0.276067,-1.415545,-2.05522,-1.661416,-0.486829,-1.835565,0.529188,-2.194022,-1.470497,-0.745634,-0.965932,-1.368286,-0.708898,0.226292,-0.529722,1.280354,-1.511856,-1.028807,-0.366407,-1.202445,-2.493467,-0.382392,-0.12546,-1.412804,-0.521913,-1.084493,-0.886782,1.113029,-0.685398,2.593496,0.000725,-1.743684,1.115031,-1.078956,-0.02252,1.174942,0.983613,-0.343727,1.201923,-1.683334,0.774683,-0.804135,1.641912,1.361074,0.109277,-0.873573,-0.862787,0.411063,0.489098,1.221524,-0.551757,0.410252,1.010561,0.526188,0.723824,0.964069,1.259376,-1.131961,-0.914645,-2.74824,-1.124049,-1.177858,0.498642,0.667173,-1.915855,-0.58582,-1.120792,0.118807,-0.496739,-0.709035,-2.367288,-0.765699,-0.45622,0.821684,-1.497046,0.131262,-1.620691,2.198673,-1.289857,-0.502853,-1.967037,1.339881,-0.859785,0.079282,0.221816,-0.974648,0.006637,-1.135286,1.425817,-0.248573,-0.69389,-1.422783,0.683824,-0.706413,1.111252,-1.51235,0.036177,0.835701,0.453036,1.701225,1.134547,-0.409944,1.249396,0.818202,-0.363553,0.870968,0.535132,0.039177
CX11262,0.578129,-1.567067,-0.9413,-1.268568,2.41327,-0.892929,-0.44773,-0.784885,0.722035,-0.254178,0.928202,-0.327212,0.616993,-1.977541,0.449482,-0.220334,1.066223,-0.23993,0.181955,2.005089,1.858512,0.626573,1.002175,1.175342,2.604019,1.232087,-1.404019,-1.074828,-0.451303,-1.128264,0.407697,-0.589766,0.858247,1.168304,-1.962408,-0.058872,1.621739,1.580391,0.002757,1.217737,1.335483,1.142765,3.783849,1.077042,3.405883,-1.514948,-0.08842,-0.919127,0.912602,-0.393275,1.473138,-1.588629,-0.061118,-0.339598,-0.370847,-0.848586,-1.438654,-0.419835,-0.311838,-0.02003,-0.83803,-1.166015,-0.846268,-0.017363,-1.862254,1.803343,0.612282,-0.34469,-0.398064,0.686055,-0.464125,0.874977,0.444321,-0.674983,-0.897863,0.047001,0.230795,-0.740985,0.416865,-0.630704,0.469131,-0.426811,1.058804,-0.427823,-2.707734,-0.558544,-0.505352,-0.226501,-0.261869,0.134159,-1.801367,-0.858973,0.741422,-0.660749,0.826878,-0.141064,1.801046,-1.528954,-0.35636,0.591527,-1.425049,-1.747655,-0.082643,-0.991931,0.743171,0.199942,-1.474825,-0.390062,1.74792,0.263852,0.602467,0.304935,1.360619,-0.276969,-0.794536,-1.581875,-0.815859,-0.349792,0.597434,-1.438744,1.334288,-1.053091,0.430411,-0.523637,0.642006,-0.360057,0.62768,0.141613,-0.922834,-0.361319,-1.250997,-0.294148,1.7494,0.403557,1.057349,-1.812469,-0.532288,0.51973,0.983907,-0.018867,0.480844,-0.779885,-0.204238,0.483723,1.252119,1.150872,0.158535,0.551609,1.197418,-0.146461,2.152454,-0.449346,0.567833,0.038467,-0.519897,1.737529,2.642826,0.914093,1.306906,1.721851,0.072407,1.086223,1.70778,0.655762,-0.846363,0.76118,2.461525,0.437797,1.136307,0.737564,-0.242601,-0.076422,-0.679141,-0.37978,1.516762,-0.466861,0.23695,0.546816,-1.815255,0.055598,-0.747075,-0.11218,-0.846166,1.456511,-0.191779,-1.030083,1.024731,0.727151,1.831741,-0.859565,-0.590085,0.376857,0.4558,0.240618,-1.415705,2.200538,0.384002,0.113119,-0.364971,0.880923,-0.78566,0.773948,-0.735927,-0.005857,0.597662,0.081524,-0.478312,-0.503664,0.229505,-0.438687,0.993702,1.017109,0.581614,2.255163,0.043094,0.25459,-2.244431,2.154196,0.46804,0.799855,-0.306422,0.000244,-0.52542,-0.537171,0.553107,-0.01506,0.552605,-1.086621,-0.526943,0.365514,-0.013553,1.118505,1.531077,1.336881,0.155335,-0.273701,0.081756,0.155864,1.308938,-0.011205,0.658489,1.608828,0.522336,-0.496533,0.649349,-0.019801,0.907503,0.458711,1.273721,0.511456,-0.11032,-0.197075,0.11498,-0.600546,-1.516829,-0.778415,0.271063,-0.775455,-0.030532,-0.202933,0.042545,0.046519,0.174868,0.028875,-1.153222,0.144568,-0.494448,0.213811,-0.290808,0.673837,1.628909,1.581469,1.544811,0.716,0.02205,0.54617,0.474564,0.191856,2.081548,0.180914,-0.407706,-1.230981,0.7566,-0.900366,0.135648,2.203406,0.676669,0.050576,-0.38809,-0.305537,0.201212,-1.678656,-0.542043,-0.631819,-0.718015,-0.576086,-0.961541,-0.482594,0.579997,-0.186735,-1.307537,1.121215,0.602615,-0.651005,-2.666349,-0.569578,0.79928,-0.516039,-1.796598,-0.002831,-1.965398,-0.659285,1.084187,1.500811,0.79526,-0.692271,-0.567212,-1.288775,-1.748379,-0.238345,-2.902606,-1.011809,-2.456546,0.635964,0.383784,0.412267,-0.991239,0.722384,-0.776475,-1.437479,1.637887,-1.018082,-0.679432,0.615112,1.200387,0.259486,-0.341826,-1.507328,-0.513306
CX11271,0.984602,0.267652,0.072213,0.463346,0.798827,-0.234959,-1.93657,0.425392,-0.256273,-0.234948,-0.296026,-0.236804,-0.250509,1.180122,1.285734,-0.933725,0.54168,0.720005,-1.742476,-0.666487,0.22928,0.27496,0.506536,-0.767531,-1.496751,-0.252299,-1.267931,-0.349992,0.590641,-1.406469,0.421542,-0.582974,-0.465987,0.02299,-1.037357,0.19406,-1.093553,-0.777801,-2.648677,-0.022175,-1.192288,0.04942,-0.261216,-0.097924,0.211209,1.052102,-0.696278,0.363794,0.3647,-0.727923,-0.966486,-0.469017,0.802423,0.954577,0.045274,-1.671493,0.289885,0.107467,-1.247602,-1.394462,-0.548439,0.463691,-0.775681,-1.89894,-2.637139,0.163354,1.659801,-0.940332,0.220939,-0.185985,-0.118199,-0.387752,0.315459,0.589441,0.176495,1.36917,0.793065,0.772321,-1.390949,0.272692,0.703649,0.609136,-1.410955,-2.734826,1.163571,0.571088,-1.153634,0.019049,-1.175243,-0.634719,-0.241685,0.136528,0.002951,-0.507415,-1.215594,-0.617586,-0.938857,-0.378646,-0.211819,0.059842,-0.528528,1.383529,0.946899,0.361028,0.22251,-2.07775,0.185003,-1.146674,-1.089408,1.282035,-0.850193,0.728953,-0.260008,-1.004985,-1.369052,-1.403226,-0.967216,1.335627,0.306648,-1.695805,-0.78202,0.58279,-0.440254,0.340978,0.166461,0.999466,-0.887868,1.296399,-1.783971,0.970151,-0.588919,-0.212923,-0.105562,0.784091,-0.85465,-0.8403,1.543513,-0.710643,-0.049612,-1.0619,-0.54423,0.286451,1.230402,-0.114635,-0.5116,1.292458,-0.489849,0.20085,0.627578,-0.657795,-0.579516,-0.525609,1.241044,0.056135,-0.188052,0.915029,-0.393198,-0.288934,2.130321,-1.912965,-0.248213,0.044378,0.560203,-0.424779,0.181347,0.831743,0.324919,0.989551,-0.989509,-0.090549,-0.637166,1.475496,0.369916,1.516071,-2.236974,0.508487,1.055857,1.567429,0.769224,0.646267,-0.146774,-0.248935,0.080478,-1.289749,-0.072918,-0.773543,-1.509947,-1.495798,-1.405711,-0.651825,1.416028,1.454825,-0.433663,-0.855802,-1.454165,0.713671,0.529794,1.639537,-1.722983,-1.284197,1.438786,-0.349895,1.437608,0.985534,0.510352,-0.800574,0.860924,1.681765,-0.211786,1.272556,-0.357319,-0.547132,0.799393,1.739753,-0.460127,1.087168,0.655547,-0.120477,0.143662,-0.680294,0.213283,-0.131275,-0.513208,-0.494366,-0.120739,0.546175,0.66214,0.331223,-0.10972,1.151162,-0.216758,-0.646655,0.001411,-0.807083,-0.248377,0.938084,1.0982,0.024056,0.630588,0.362743,-0.609141,0.22551,0.265306,0.308548,0.879676,-0.61439,-0.398457,0.266033,0.120674,-0.161767,-0.719555,1.228305,0.775849,1.647972,-0.438466,0.898174,1.923318,1.709473,-0.086729,-0.085758,-0.53069,0.700276,-1.434224,1.015284,0.804683,0.230559,-0.999437,0.069758,1.993549,-0.846867,-0.768876,-1.112637,0.280908,-0.202628,-1.739236,0.169004,-0.494164,-0.224972,-0.723965,0.019906,-0.191219,-0.707611,1.163308,1.017569,0.962551,1.28257,0.591713,-1.624387,0.855589,-0.760184,0.708829,-0.156965,1.35834,0.787148,0.0347,-0.135714,-0.789715,-0.874274,-0.366813,-0.825073,0.365983,-1.456622,0.699118,0.709632,0.099753,-0.716742,1.612582,0.543543,0.222604,-1.506647,-0.269355,-0.962751,-0.063362,-0.369865,-0.520863,-0.487057,0.335384,1.537354,-0.331186,0.211173,0.43376,0.199679,-0.098429,1.08116,-0.659035,0.022804,-1.457661,-1.209678,-0.893836,0.057008,0.111278,0.175837,0.69094,-0.565562,1.344963,1.805563,-1.952009,-1.706653,-1.024738
CX11276,1.275603,0.893757,1.141123,1.949584,-1.597747,-1.533844,-0.43605,-0.981012,0.12491,-1.200566,1.317488,-0.503219,0.805441,-1.575904,-0.306376,0.136673,-0.513031,-0.467646,-0.135503,0.489539,-1.800364,0.635339,-0.614942,-0.76475,-0.720191,0.090466,0.102709,0.875119,-2.377459,-1.800681,-0.685102,0.957285,-0.707148,-0.363582,-0.19032,-1.102088,-1.239201,-0.419901,-0.508857,-0.510353,1.92736,0.032527,-0.715815,-0.614219,-0.971796,-0.266429,0.911485,-0.675929,-0.209384,-1.065142,0.245156,1.06326,0.358135,-2.453486,2.503717,-0.720452,1.401318,-1.932865,-1.743559,-1.216037,-0.278667,1.514998,-0.831457,-0.428188,1.417986,-0.47486,-0.448931,0.447219,0.024036,-0.37657,0.140618,-0.824785,-0.973225,2.531667,0.19434,1.849269,1.434518,0.12019,-0.675576,-1.895621,0.568325,0.847969,0.839847,-0.36481,-0.262222,-0.33046,0.686959,0.345877,0.055845,-1.230219,1.308418,-0.193157,1.012838,-1.218739,-0.352444,-0.477938,-2.202327,-1.571748,-1.478807,0.240957,-0.218181,-0.72002,0.198656,0.164616,1.79988,-1.071478,0.244094,-0.250274,0.66,0.00875,-2.056641,-1.288883,0.286961,-1.629907,0.200255,-0.398327,-0.003828,-0.787352,0.075188,0.75032,-0.570344,-0.146257,-0.109465,-0.512038,-1.208583,-0.579246,-0.178435,-1.335059,-0.902239,-0.692272,0.066209,-1.341624,1.01195,-0.784678,-1.236566,0.50573,-1.562239,-0.058139,1.260241,0.465953,-1.704168,-0.86639,-1.95863,-2.329965,0.221451,-1.45651,0.885065,0.463421,-0.108972,0.630208,-0.817815,0.891168,-0.341857,0.903854,-0.44082,-0.841775,-0.725596,0.889218,-1.269593,0.136939,-0.545801,-0.775415,0.112293,0.743019,-1.269586,0.940983,0.758231,0.763077,0.247838,0.102218,-1.867672,-0.5173,0.586843,-0.127766,-0.342711,-0.498156,-1.184791,0.475087,0.532102,0.523392,-1.397725,-1.483476,-0.155637,-0.215343,-0.582115,-2.828388,-1.823888,-0.39851,-0.392568,0.84824,0.194652,0.743954,-0.63098,0.682234,1.40646,1.450147,-0.39645,0.995015,-0.474574,-0.750264,-0.365779,1.26042,0.868221,0.523905,0.579906,0.24809,0.232151,0.045297,0.448256,0.424813,-0.060913,1.466483,1.822366,1.247616,1.307799,1.45439,-0.307402,-1.520293,0.101894,-0.953702,-1.359851,-0.752594,-0.153386,-0.364268,-1.721365,-0.298973,-1.27931,0.552353,0.581027,0.688103,2.121096,2.042876,1.317502,1.468247,0.110674,-0.651811,0.157732,1.912117,0.733215,-0.064309,-0.65239,0.372873,-0.093851,0.906695,0.300969,0.615931,1.151829,0.526055,1.65714,-0.174032,2.28591,-0.052935,-0.546703,-0.369903,0.443627,-1.478457,-0.550666,1.082885,-0.175605,2.879401,0.892426,-0.355448,2.153218,-0.171409,0.629688,0.283482,0.518823,0.555326,0.704878,2.396141,-2.326036,-2.431443,0.213755,-0.109567,-1.441943,-0.394584,-0.423644,-1.614366,-0.132756,-1.379479,0.037533,0.782769,-0.569177,0.679151,-0.28225,0.330871,1.186737,1.465471,1.669059,-0.292966,-0.715646,-1.12401,-0.311771,-0.907277,-0.072327,-1.701202,-0.534614,0.622994,0.54169,0.344741,-0.229236,-0.343007,-0.929512,-0.055737,-1.323002,0.266618,0.395529,-0.141541,-1.783851,-1.188655,0.704373,-0.483601,0.666695,1.113423,1.538596,0.424964,-0.849405,-0.946621,-0.716346,0.5758,0.109447,-0.948447,0.464452,1.770797,-1.312892,0.383806,0.019955,1.012073,0.01422,1.829238,0.797041,-0.344297,-0.52713,0.187449,0.574845,0.61752,0.46904,-0.409692,-0.353899
CX11285,-0.901237,-0.93583,0.127492,-1.345195,0.068049,1.371398,-0.761972,-0.201195,1.275434,1.520114,0.356878,-0.150777,2.11629,2.55361,0.429385,2.988468,2.917962,3.444112,1.34093,0.02061,0.311236,0.726333,-1.43348,-2.222828,-0.917194,0.168743,-0.314977,-0.602762,-1.49881,-1.242954,-0.742033,-0.140964,-0.713636,-0.577049,0.637263,-0.255007,0.899685,1.807572,-1.046793,-2.611717,-0.397839,1.559975,-0.19202,0.028729,0.205689,-1.153955,-1.535925,-1.074013,-0.036909,1.392895,0.234426,-0.782944,0.287096,-0.15432,0.803965,-0.075909,-1.523156,-0.395729,0.978881,0.5581,-0.184194,1.962884,-1.461563,0.405548,-0.293253,0.274638,-0.683412,-0.547607,1.292412,-0.658904,-0.350534,-1.241809,0.155153,0.824124,-1.916967,1.071164,-1.222505,-0.429162,0.853354,0.345587,-0.024982,-1.068487,1.817226,-0.497333,0.283432,0.563038,0.612632,-0.497644,0.145503,0.127129,0.170548,-0.267783,0.231831,-1.115172,0.037247,0.879823,0.633478,0.024003,-1.077189,0.254097,-0.915175,-0.454717,-0.966355,-0.002899,0.478092,-0.995692,-0.320314,-1.99244,0.798942,-0.004616,-0.772765,-0.601017,-0.030662,-0.129538,-0.404748,-0.660357,-0.735821,0.633647,-0.861162,0.795498,-0.222849,1.660342,1.08768,-0.88658,-0.618146,0.155536,1.612095,0.539343,-0.922039,-1.023805,-0.888719,-1.551308,-0.058693,-2.215323,1.959411,-0.771375,-1.918869,0.182449,-0.88773,1.038375,-1.645484,-0.008685,1.581496,-0.264185,1.153295,-1.499167,0.838952,-0.741288,-0.902664,-0.157334,-1.206798,-0.665116,-2.191685,0.678502,-0.973139,-2.221648,0.468212,0.076522,-1.583842,-1.154942,0.068577,-0.3027,1.779541,0.245462,-1.953425,1.15571,-0.993615,-0.465847,-1.351337,0.492527,-1.441358,0.319889,0.543731,-0.207864,-0.32295,0.144979,-0.957487,-1.845695,-0.832546,-1.603748,-2.011621,0.78664,0.881746,1.478786,1.436439,-1.369706,-0.879282,-0.249523,2.581535,0.06547,-0.524303,-0.913579,1.218363,-0.645199,-0.294169,1.873665,-0.576923,2.063236,-2.414444,-0.107192,-0.847168,-1.571784,0.969047,-1.422069,-0.063608,-2.251261,-1.121109,-1.100536,-1.173858,0.155704,0.34955,0.882674,-0.350596,0.105621,-0.373355,-0.297861,0.503198,1.134339,-1.054748,0.263879,0.458751,0.064636,-0.980812,-1.868052,-0.606221,0.917599,1.632439,-1.116813,-3.657291,-0.803559,0.137713,-0.454752,-0.375717,0.859762,1.681595,0.894,1.757665,0.756199,0.708573,-0.223114,-0.364347,-0.905109,-0.039875,2.147758,-1.035174,0.745881,0.014085,-0.362214,0.841665,1.060741,0.638825,0.982039,1.643819,-0.221518,-0.215358,-0.048166,-0.247761,1.276289,-0.880061,0.951541,0.843329,-0.890394,1.012319,1.389321,0.362536,-1.121157,-0.30983,-1.410432,-0.154184,0.197371,1.101945,-0.687041,0.47407,0.522053,1.55862,-0.539196,-0.405642,1.210332,0.860965,1.239032,0.180775,1.554813,0.732292,1.544224,-0.659461,1.29627,1.37737,-0.943405,-2.492102,0.318565,-0.331163,-1.080399,0.613868,1.610255,2.174474,0.883295,0.848481,0.614423,-1.582489,-0.672447,0.377946,0.088286,-0.668267,0.457531,-1.438118,-0.954533,-0.888699,0.594087,2.679602,0.097015,-0.618626,-0.68231,-1.059275,-1.452338,-0.136556,1.29902,0.177486,-0.430619,2.347988,-1.022914,0.300453,-0.309804,1.320145,1.00645,-0.413447,0.35738,-1.279619,1.370416,0.406552,-0.228419,1.007566,-1.000882,0.586517,-1.190878,0.226215,0.787697,0.809121,0.951422,-0.798568
CX11292,-2.274873,-1.253518,1.929547,-2.389795,-0.791543,1.716018,0.392518,-0.178936,-1.713979,-0.879616,-0.270834,-0.328079,0.374044,-0.424838,-0.080103,0.191382,0.411081,-1.109326,0.01977,0.691008,-0.508078,1.374558,-0.037956,0.136766,1.264945,-0.611205,2.857875,-0.083174,-1.250623,-0.379781,-0.428382,-1.462062,-1.508564,-0.247104,0.086544,0.879962,-0.14617,-1.275293,-0.194247,-1.88751,-0.696747,0.03956,-1.683765,-1.300667,0.657724,-0.33179,1.07034,-0.652339,-0.918917,0.546227,0.4295,-1.492635,-1.01822,-0.829791,-0.252127,-1.992203,0.763355,-0.688681,0.264016,0.051699,-2.181662,-0.957612,0.713536,-0.978319,0.523698,-1.171185,-0.036169,0.222963,0.377525,-0.936094,-0.221755,0.105978,-0.46048,0.07783,-0.55444,-0.372319,-0.746906,0.356584,-0.986346,0.058227,-1.174052,0.668617,-0.612801,0.964843,0.481364,-0.012513,1.510026,-0.621282,0.743092,-0.558399,0.116584,-0.67191,-0.644474,-0.578925,-0.34017,-1.992031,-0.771875,-1.930783,-0.175258,0.280103,-0.060869,-0.089962,-1.241071,0.907217,-1.58309,-0.897433,-0.221238,-1.922931,-0.864703,2.048285,0.13859,0.497788,-1.67487,-2.351901,1.005595,0.630689,-0.844183,-0.159039,0.123861,0.37434,0.925004,-1.144989,1.481366,-0.470885,-0.789241,0.124774,0.059766,-0.890396,0.027763,2.014006,-0.359803,-1.073602,0.860074,-2.185828,0.031,-0.809916,0.542124,-0.903786,-0.16202,-0.082389,1.716091,-0.933538,-0.28525,-1.241067,0.672141,0.823388,0.751964,-1.357045,-0.394307,-0.194953,-0.129367,0.394621,-0.115043,-1.173175,0.412817,0.499665,0.589944,0.769826,0.110255,0.562104,-0.23263,0.922483,-1.308108,-0.087033,1.268142,0.257785,-1.216363,-0.886043,0.161908,-0.582523,1.455479,1.029555,-1.868566,1.155819,-0.019627,-0.94385,0.191787,-0.380642,-0.269581,0.752668,-0.155263,1.240743,-0.164316,0.85414,0.997245,-0.059186,1.007895,0.010878,1.039131,1.585409,-1.867346,0.627317,1.937438,0.193294,-0.159179,0.010221,-0.275383,0.120217,1.599612,0.707404,2.025447,-0.542638,0.03557,0.616594,0.599552,0.569109,0.560978,-0.359765,-0.970646,0.070808,0.437847,-0.193303,0.119342,-0.755677,0.165792,-0.927558,2.339158,-0.803243,1.245823,-1.161166,0.932809,-0.668355,-0.09479,-0.868636,-0.278538,-0.329532,0.734157,-0.966435,0.906271,1.522006,2.17589,1.677726,1.277116,0.093845,1.283989,-0.587534,0.199338,-0.355132,-0.213099,0.840894,0.488502,0.958267,1.325781,0.557534,1.470162,2.225094,1.49206,0.48794,1.258907,1.767632,0.910328,0.940272,-0.61112,1.02672,1.055549,0.715974,0.23243,1.096884,0.476309,-2.053512,-0.810995,0.891566,0.373646,1.146462,0.518153,-0.08559,0.294566,-0.504054,-0.713527,0.091479,-0.845887,0.729262,-2.648201,0.519513,-0.612464,-0.160894,-0.773559,-1.519883,-0.761982,0.590683,1.136896,0.957765,-0.372333,-0.948414,-0.699453,0.120794,-1.960139,-1.305459,-2.425172,-1.769921,-0.24757,0.539812,0.216656,1.413757,-0.859346,-1.157825,-1.353082,-0.746982,0.512239,-1.577868,-1.338332,-0.683395,0.712698,-0.178929,-1.268896,0.374099,0.288735,0.889044,0.650168,1.163868,-0.393179,-0.349245,-0.612412,-1.427487,0.077239,-0.805036,0.048051,0.797844,0.004849,0.476884,-0.257648,-1.322439,-0.932269,-0.555646,-0.711694,0.875352,0.158431,0.440255,1.669225,1.158616,0.284541,0.679311,0.525963,-0.297721,-0.413484,0.565674,-0.78662,0.348458,1.049406
DL200,0.144579,0.417075,-0.149011,-0.987272,-1.364797,2.728538,-0.970396,-0.196055,-0.737783,-0.704761,-0.935852,1.66125,0.40685,-0.87922,0.804566,-0.876833,-0.658269,-0.544806,0.000296,-1.549333,-0.169101,-2.357936,0.701095,0.82826,-0.113273,-1.11917,-0.398285,1.207514,1.232311,-2.012355,-0.819598,1.622421,0.069611,1.012082,-0.935123,1.008112,-0.224286,0.148122,0.848774,-1.144519,1.955582,-1.427269,-0.298062,-0.632031,-1.136115,-1.355602,1.077027,1.490337,-1.156713,-0.698038,0.158463,1.435136,-0.090679,-1.084453,0.438359,-0.088742,0.284423,1.150879,0.561572,-1.292461,0.130525,-1.698749,-0.273977,1.14549,1.040157,2.099396,-0.318416,0.376722,-1.417007,-0.524557,-1.101165,-0.466521,0.564143,1.375911,-0.52054,-1.449988,0.191687,-2.005318,0.514319,-0.58666,0.446295,-0.027798,-0.029329,-0.515472,-2.296028,-0.537115,0.835847,-0.215487,-1.067322,0.32257,-0.897802,-0.325196,-0.595875,0.138202,-0.517296,0.125599,-1.280777,0.24398,-0.791025,-0.078819,0.015087,-0.699549,2.241663,0.359474,0.050579,-0.488093,0.286104,-0.523806,-0.699214,0.77101,2.300495,-0.251283,-1.467596,0.390294,0.345868,-1.194579,0.353399,-1.761142,0.869494,-0.320111,1.012847,-2.098685,-0.992943,-1.535502,-1.633604,0.472595,1.201375,-0.178606,0.924578,1.660678,2.04819,0.927904,3.07633,0.859949,3.097173,1.876632,-0.761746,1.052476,0.980536,-0.7437,-0.248849,-0.320606,0.259076,-1.041215,1.224975,0.728164,1.778836,1.380556,-0.565647,1.399447,1.546795,1.867215,1.908635,-0.096222,1.938314,0.181959,0.646827,-0.196028,0.121364,-0.275708,-0.008084,-1.128946,-0.719211,-0.445901,0.882069,0.195514,1.522675,0.205298,0.040745,-0.664586,-0.723942,0.531316,-0.798234,0.614737,0.767274,-0.91632,-0.806524,-0.47796,1.033632,0.018636,0.379385,-0.664132,1.062943,-1.408567,0.171733,-0.152745,1.535854,-0.151491,0.012523,-0.18561,-0.788402,-0.036113,-0.054931,1.196087,0.389017,2.775724,0.513658,-0.098155,-0.273596,0.261154,-0.177794,-0.307221,1.401222,-0.43921,0.245858,0.497909,0.876315,-0.157865,-1.285001,-0.340231,-0.619364,-0.878624,-0.084179,-0.201891,-0.992189,-1.336485,0.8726,-1.053966,-1.34345,0.189545,0.310203,0.899983,2.215272,1.337469,0.993687,0.838269,0.279538,1.821876,-0.188004,-0.538723,-0.366536,0.273845,1.379546,1.013206,-0.533122,0.316388,1.404396,1.367508,-0.276014,0.426093,-0.30615,1.473975,1.293941,0.491096,1.136118,1.345128,-3.02037,-1.505635,-0.129121,-0.592637,-2.448978,-0.38958,-0.038586,0.740661,-0.986514,1.738058,2.867034,-0.166214,-0.361097,1.172795,0.823868,-0.592199,-0.447639,-0.194827,1.359569,1.993891,-0.356987,0.584723,0.682914,0.91099,0.367614,-0.07343,-1.001321,-1.025068,1.041577,0.783913,0.652711,0.684087,0.902367,-0.41892,0.280437,-0.40921,-0.418441,0.326909,-0.169244,-0.212362,-0.686633,-0.35083,2.147879,2.048946,-0.773645,-0.551802,-1.339249,-0.508117,-0.522531,-1.341203,-0.476727,0.296094,-2.513042,1.323619,-0.126603,-0.713777,-1.495118,-0.83259,-0.962176,0.204041,1.050958,-1.031263,1.681807,2.538162,-1.492902,1.505319,0.67227,-0.710662,-1.388221,-1.093211,-0.15874,0.117751,1.101582,-0.970116,-1.199233,-0.115674,1.072185,0.110891,-0.217817,0.923414,0.107963,0.721816,1.025384,1.055771,-0.890979,-0.350037,0.849485,0.494177,0.863871,-1.714061,-0.556743,-0.143848,-0.479774
DL226,0.390273,0.111423,-1.033363,0.573658,-0.724691,-1.594981,0.479517,-1.963781,-0.130482,-0.554357,-0.406052,-0.500019,0.157659,0.065414,0.114343,-0.518867,-0.457696,0.049196,0.992437,-0.030706,0.752154,0.794489,-0.25692,-0.937463,0.758958,-0.698779,0.297361,-2.315415,1.067313,0.34626,-1.543808,-0.119059,-0.950432,1.094911,-0.492444,-0.252718,0.869414,-0.093528,-0.718403,1.648402,2.607051,0.243184,2.23371,1.17623,2.217566,0.738539,1.047906,0.924007,-0.441973,-0.406241,0.428598,0.152356,-0.190766,-0.905975,-1.078301,1.936544,-1.363232,0.948268,0.045773,-1.494363,-1.149863,-0.113979,-1.881103,0.165226,0.433224,-1.858152,-0.225975,0.619193,-0.436683,-1.40099,-1.423232,-1.02189,-0.097638,0.094823,0.28488,-0.01146,-1.555557,-0.457621,-0.15218,-0.88263,-1.688638,1.476618,1.472164,-1.97602,1.461068,-0.293844,-1.091123,1.310526,-0.104421,-1.069573,1.024064,0.024567,-1.925782,0.221047,0.831362,-1.831199,-0.805453,-1.597519,0.040102,-1.074715,-0.301879,0.274021,0.246526,-0.151463,-0.405617,-0.168779,1.358181,-0.567924,-0.908569,-0.672896,-0.223606,-1.370225,-1.2964,0.74243,0.757849,-0.337806,-1.463028,0.926258,1.570464,0.899373,-0.348131,-0.645728,0.033492,1.089361,1.82601,1.122706,-1.383179,0.319176,0.978367,-0.385849,-0.183081,-0.886311,-0.323634,-1.484465,-1.762541,-0.45657,-1.232476,-1.216606,0.874037,0.428729,0.46808,-0.045612,1.043199,-0.54732,-0.064946,-0.892922,0.389969,-0.491784,-0.107648,0.761576,-0.985653,0.948534,-0.41454,0.04338,0.520558,-1.423124,0.990138,-0.753007,-0.464473,-0.800822,1.170934,0.64734,-1.166331,1.263768,1.840486,-0.485081,0.686206,-1.390644,-1.055115,-0.779152,-0.355914,0.078209,-0.549966,0.902229,-0.389413,-1.0905,0.584707,0.564953,0.342698,-1.181292,0.11154,-0.991353,-0.263008,-0.593643,-0.341682,-0.717078,0.196016,-0.839959,0.796872,1.58746,-0.217748,0.942324,-1.236468,1.176596,-0.876607,0.654075,-0.691575,0.524103,0.46042,0.40072,0.238115,-0.7087,0.660658,0.131215,-0.31449,1.538782,2.22696,-1.347271,0.694024,-0.086646,-0.142722,1.478817,0.525479,0.947743,-0.231821,0.306038,0.602093,0.379876,1.355415,2.823447,0.562626,1.142239,1.213577,1.076536,0.773653,-1.502781,1.024985,2.832972,0.885027,0.474119,1.463879,0.648641,-0.147256,2.115289,0.255879,-0.1417,-0.225905,-1.008138,0.647937,-0.787674,0.519884,-0.158666,2.864376,-0.992447,-0.125116,-0.367097,-0.199014,0.032961,-1.043225,-0.355709,-0.39928,-1.123203,0.313712,-0.101388,-3.01993,-0.834859,-0.251697,-0.639399,0.488131,0.168631,1.275077,0.108187,0.169788,-0.75848,-0.279831,0.051505,0.819031,-0.780693,1.152764,-0.325931,-0.367888,1.77084,0.828801,-0.649395,0.36604,-0.222821,-0.158354,-0.848644,-1.641416,-0.756425,0.411815,-0.235709,2.050886,-1.701967,-0.2159,0.282698,-0.265812,-1.118743,0.588411,1.466708,1.316057,0.055663,0.749634,0.157237,1.859443,1.303449,1.465404,0.748015,2.24862,1.433417,1.692885,1.244549,0.184559,-0.368272,0.055942,0.193656,0.299138,1.193512,-1.135103,0.604938,-0.634725,0.727572,-0.189538,0.622376,0.832264,-1.13213,-0.682986,-0.584159,0.140182,-0.797375,1.283116,0.129388,0.504071,1.33187,-0.179874,-0.043007,-2.177859,-0.354411,-1.561357,0.855333,-0.266439,0.38535,0.009057,-1.150762,-0.311541,0.524762,-1.255248,0.633129,-1.207179
ECA191,0.748951,2.291719,-0.380912,0.595413,1.829271,1.348514,1.938792,2.678889,1.778693,-1.212264,-0.550876,0.294674,-0.111937,0.438312,0.034731,-0.416396,-0.086944,0.450957,-0.418766,1.403726,0.418059,2.104463,2.337088,-0.312205,0.291404,1.96811,2.154747,0.648638,2.144567,0.693819,1.347173,1.621778,3.64846,3.355323,2.512023,2.651073,0.063804,-0.957107,0.675332,-0.547743,0.805487,-0.214841,-1.120911,-0.513681,0.005518,-0.239189,-0.798209,0.25216,-1.156294,-2.579145,-0.459126,-0.355333,-2.191352,-1.12859,-0.661248,1.35607,0.742033,0.643661,0.985655,-0.919836,-1.297827,-1.064151,-0.592683,-0.846369,2.084866,-2.081457,0.481787,-1.068441,-0.557075,-1.182566,-0.638069,0.440791,0.120249,0.559917,0.675841,0.554653,0.34153,1.563677,0.599254,0.189407,-0.126944,-0.208281,0.852681,0.917876,-1.069748,0.278867,-2.508302,-1.011659,-1.318126,-0.802673,-1.255736,-0.708157,-0.880144,-0.216265,-0.7739,-0.408456,-1.55508,0.168991,-0.997274,0.096227,-0.376413,0.54907,3.125936,1.496241,0.367319,1.627313,2.522716,0.02768,0.191619,-1.104877,0.652651,1.377665,1.191952,-0.917964,-1.317697,-0.83648,-0.955535,-0.790907,0.266359,-0.751555,1.124956,0.809621,-1.64731,-0.63794,-0.9114,0.48953,1.339285,0.292949,1.677522,0.730265,0.264051,-0.092627,0.711051,1.383797,1.935036,-0.597173,-0.058504,0.987693,-1.601494,0.141916,-0.301364,-1.473442,-2.273536,0.810221,-2.37913,-0.582609,-1.301774,-0.799931,-0.369345,-0.981563,-1.340206,0.164217,-0.008013,2.806153,-1.455887,0.635376,-0.410888,1.398755,0.381047,-0.94713,-0.504229,-0.579572,0.313978,-1.699286,0.47826,-1.607984,-1.09731,-0.647358,1.208659,0.330653,-1.516284,-1.231109,1.277084,-0.65438,0.240785,-0.119122,0.004578,-2.035632,-1.180341,-1.799347,-0.370074,-0.201259,-0.138691,1.097349,-0.468687,1.971664,-0.470332,1.493885,1.124449,1.04456,0.227566,1.44189,-1.156895,-1.26768,-0.080147,1.533535,0.2894,-0.934943,0.261257,-0.871464,-0.807682,0.161785,-0.888489,-0.477528,-1.035778,0.22693,-0.287438,-1.029246,1.059518,1.279271,0.701399,-0.231289,-0.090716,-0.896156,0.481598,0.009139,-0.815649,0.203666,0.438399,0.595248,-0.660262,0.586283,-0.64091,0.540442,0.16556,0.285134,-0.819181,-0.528037,-0.315939,-0.93103,0.884866,-0.627625,-0.081789,-0.917326,-0.680433,-0.733807,0.149906,-0.05848,1.058072,0.054776,1.607339,0.590761,1.536393,0.629849,0.147428,-0.402844,-0.218854,0.311943,-0.1138,-0.27148,1.335511,1.931081,1.151328,-1.356738,0.17612,-0.979246,1.025018,-0.634143,-1.004053,-0.033223,1.412158,-1.599444,-0.296523,-0.317976,0.631002,0.490058,0.898889,-0.083739,-0.949853,-0.525159,-0.220288,2.743671,-0.204405,0.424655,0.589836,1.132157,1.225989,0.556494,1.82522,-1.562855,1.253065,-0.69432,-2.28975,-0.170166,-0.61219,-0.785867,0.290736,-0.351421,0.338971,-1.092956,0.824055,0.774258,-0.025544,1.54308,-1.974884,-0.727098,1.839808,0.14065,2.054141,1.276006,-0.754876,0.991136,1.332923,0.849222,1.8293,1.543385,0.561992,0.123621,-0.226911,1.440263,0.823146,0.327385,2.249836,-0.84239,-0.197924,-0.210918,0.837118,1.126158,-0.108546,1.034504,-0.952925,-0.204842,1.445339,0.300203,0.879474,0.125476,-1.379025,-2.481021,0.424933,-0.067539,2.181256,2.049075,-0.00059,-1.771464,-0.536363,-0.590239,0.584088,-0.579913,1.390941
ECA348,-0.348215,-1.526416,-0.033918,-0.367381,0.625334,-0.147851,0.302877,0.030501,0.216294,-0.99463,1.086841,-1.643207,-0.041447,-1.276194,0.461896,0.356278,0.874445,-0.54181,0.446063,0.910446,-0.125051,0.442988,-0.260426,1.510996,0.5712,1.435147,0.850484,-0.669713,-0.442442,-0.83666,-2.341172,-0.618504,-0.29202,-0.104548,-0.198555,-1.115718,2.571422,1.158838,1.1824,-1.076736,2.534187,1.438232,1.342175,3.153253,2.835751,-0.894677,-1.650969,-0.436403,-0.721586,1.964846,-2.549794,0.194569,0.241645,-0.660939,-0.957533,0.014373,-0.589593,-1.273729,-0.74014,1.650105,0.739828,-1.009552,-0.562389,-0.66838,-0.406606,0.968026,0.335622,-0.930323,1.251322,0.110355,0.620587,1.873033,-0.10829,-0.212947,-1.16435,0.496272,0.689097,-0.085233,-0.143307,-1.421891,0.19926,-0.976505,-1.507438,0.802935,0.15233,0.615673,-1.815097,-0.0733,-0.306253,-0.343257,0.74016,-0.002297,-0.341191,1.412604,0.158615,0.978944,-0.568699,0.547907,-1.522474,0.717347,0.169368,-0.9706,-0.109441,-1.385019,0.548345,0.464145,-1.57532,0.850169,1.806327,0.178107,-0.646454,-0.210391,-2.401297,-0.97773,-0.056553,-2.29939,-0.105129,-0.590514,1.486589,-0.616232,-0.744481,-1.578381,-1.203739,0.100758,-0.392985,0.603751,-0.587619,-1.1207,0.376983,-0.344456,0.279139,-0.3215,-1.85588,0.151847,0.480295,-0.298592,-3.327608,0.926646,-1.966615,0.07304,0.552686,-0.26095,-1.293845,-0.156181,-1.223258,-0.334915,0.089954,-0.521028,1.275516,-0.361993,0.812422,0.869785,-0.76745,0.510865,-0.086277,1.394092,0.943156,-1.074185,-0.696792,-0.710808,-1.46548,-0.995687,0.463156,0.720772,1.403416,0.174925,-0.1836,1.050119,2.332239,1.773786,1.636352,-1.022938,0.777463,0.966311,0.033947,-1.153686,-0.759191,0.680795,-0.551969,-0.256236,0.786677,1.340392,1.146541,-0.258077,-0.679986,2.15284,2.8665,0.723586,-0.024708,0.02562,-0.426309,0.689963,2.543595,-0.901891,0.700849,0.801335,1.009072,-0.239695,-0.309447,-1.43533,0.627847,-0.77749,-1.235159,-0.45699,-0.9243,-0.634564,-1.276676,0.757757,0.560974,0.298164,0.41193,-0.011895,-0.590573,0.650815,1.213702,0.363814,-0.107408,-0.856756,-0.57124,0.985272,0.019441,0.89697,-0.524298,-0.127648,-1.276746,1.054706,-2.011279,-0.258379,1.402948,0.595759,-1.16169,-0.971929,0.266,0.405533,-0.975879,0.187317,-0.01388,0.328809,-1.198587,0.64733,0.412694,0.737671,-0.081203,2.5194,-1.269573,-0.278934,-0.253344,1.30946,0.849775,1.223052,-0.022446,0.942952,-1.300957,1.096465,-0.550095,0.098738,0.237257,1.107213,-0.14643,-0.415362,-0.285245,0.214855,0.659169,-0.707691,-0.903029,0.630292,-1.291003,-0.722131,-0.612203,0.007749,-0.301518,1.157924,-1.644533,-1.245692,1.101217,1.36942,0.539479,0.759461,0.604634,0.164016,0.237757,-1.830352,-0.705823,0.343232,-0.741629,0.531622,-0.461821,-1.189804,0.602649,0.302302,-0.513181,0.888902,1.893929,0.93403,0.24255,1.009257,0.594133,0.137826,0.844724,-0.496827,-0.695551,-1.304733,-0.653294,-0.843681,0.35473,-0.861839,0.151576,1.286301,-0.362887,0.664214,1.008732,1.392242,0.108823,-0.784037,0.612957,-0.710319,0.631321,1.177033,-0.091809,-1.052604,-0.579947,0.593689,-0.056954,0.104571,0.36973,-0.838264,-2.211584,-0.180016,0.03948,0.396243,-1.89115,-0.115957,-0.351733,-0.32523,0.35343,-0.471562,1.175049,-0.184396,0.31199
ECA349,-1.854201,-0.380108,-0.723706,0.584896,-0.783731,-1.494216,-0.218678,-1.012771,0.511327,1.642473,1.175034,0.382941,-0.299733,1.033522,0.865046,2.112454,0.892926,1.636123,0.204098,0.718927,0.462501,0.959809,1.666652,1.233909,1.70265,1.13376,2.420579,-0.446429,-0.937352,0.672693,0.032032,0.244187,-0.083039,0.871904,-0.600314,-0.582007,-2.161959,-0.942199,0.959911,0.548036,0.455828,1.384109,-0.46408,0.798662,-1.38852,1.018715,0.732706,-0.191882,-0.02087,1.213237,0.03232,0.546866,-0.0846,1.049719,0.405032,-1.330829,-0.911849,-1.393216,-0.380988,0.061994,-0.589606,-0.81187,-1.471065,-0.433593,0.61969,-0.045794,0.041572,1.849081,-0.039081,1.901431,-0.477884,2.373608,-0.736116,0.312585,0.276196,2.060589,-1.618028,-1.345769,-0.34264,-0.711195,-0.418939,-0.665521,-0.217266,0.349885,-0.99414,0.559561,0.632107,-0.821453,-1.585961,0.407315,-0.113342,0.011108,-0.529612,-1.02913,-1.385935,0.209615,-0.295237,0.331606,-0.953595,1.402611,-0.70321,0.665217,0.742701,-0.314679,-0.308834,0.535866,1.546509,0.796078,-0.551729,0.205078,-0.493317,-0.88165,0.494823,-2.796942,0.031377,-0.014119,1.106989,-0.258991,-1.318448,-1.743643,-1.076515,1.445612,0.931752,-0.499621,-1.587563,-0.33817,0.531462,-1.834977,0.255067,0.30557,-0.295862,0.317,-1.91463,-0.751922,0.064955,0.503227,1.427154,0.58267,0.948107,-1.099478,-0.081783,-0.655878,0.364829,-0.294542,-1.937408,0.410279,-0.077251,1.127199,1.546566,-0.783345,-0.462361,-0.443592,0.484918,1.426013,0.987572,0.68887,-0.289535,0.375399,-1.51764,1.062184,0.938679,0.25224,0.168769,0.01161,0.034912,-0.375626,-1.368165,0.747695,-0.565248,1.067399,-0.785853,-0.083777,1.327541,0.276044,-0.693556,-0.907836,-1.577652,-0.234032,-0.771571,-1.054498,0.483955,1.195489,0.60891,0.008278,0.179241,0.69358,0.96714,0.056941,0.866869,-0.64157,1.158633,0.496731,-0.460896,-0.204886,0.750502,1.080289,2.405007,0.628744,-0.05961,0.812441,-0.064352,0.837423,0.941222,-0.410467,0.254419,0.537125,1.358885,0.347181,-1.491555,-0.495641,0.896596,0.834877,-0.507538,0.601053,1.048446,0.085526,0.671144,0.146489,0.079051,0.384532,-0.542298,1.628692,1.566026,1.161007,1.659124,0.241715,1.811049,1.190083,1.020554,-0.160869,0.233909,0.583993,0.718242,0.192481,-0.439748,-0.456424,1.967662,-1.624103,1.176694,-0.466868,-0.118546,-0.247216,0.77526,0.747917,1.810973,0.503069,-0.53625,0.594783,1.478004,0.284788,2.109553,-0.585443,-0.851569,-1.233983,-0.270375,0.364195,0.848687,0.606204,0.882348,0.459037,0.4525,0.279196,1.43099,-1.234031,0.836332,-1.376315,1.317296,-1.08685,-0.827976,-0.934288,-1.386063,0.086067,-0.541955,-0.310986,-1.271497,-1.046607,-1.93928,-0.367368,-0.861396,1.228455,-0.566385,0.930663,-0.005008,-1.758176,-0.104804,0.147184,-0.974508,-0.096677,1.377661,-1.139805,0.0083,0.859531,-1.807034,-1.793664,-0.299965,-0.440626,-0.664183,-0.900054,0.31699,-1.034932,-0.038614,-1.061419,0.044052,-1.360905,-0.204556,-1.249034,-0.951636,1.208955,0.373404,0.769831,0.620988,0.72408,-0.645125,1.75951,0.238521,0.850053,1.306993,1.595229,-0.77107,0.39388,0.910943,0.571685,-1.588727,-0.305398,2.342863,0.82328,1.159533,-0.163471,-1.40051,-1.074652,-0.705336,-0.073215,0.086552,-0.114486,1.196901,0.713364,-1.02585,-0.419668,-0.477901
ECA363,0.212897,1.59092,-1.235673,2.496529,1.7079,0.599056,2.637834,2.035725,1.466957,1.135372,0.028298,0.401356,-0.362967,-0.259865,0.642081,0.265141,-0.78257,1.16007,1.86226,-1.899155,-1.531433,-0.026183,-0.674707,-1.713783,0.118552,0.196118,0.934773,-0.374946,2.177624,-0.936969,0.913642,0.738883,2.365315,-0.295621,-1.190161,1.100567,0.448856,-1.783948,1.445968,0.472582,-1.326721,1.051687,-0.980359,-1.796739,-0.54593,0.421027,1.361246,-0.224998,-0.036916,0.098163,0.035959,0.382653,-0.394962,-0.329535,-0.316216,2.242641,1.602758,-0.042818,-1.375605,1.090277,-0.255293,-1.247876,-0.596129,-1.173139,1.59147,-0.89435,0.673835,-0.161963,0.854592,-0.170531,-1.519053,-1.092991,-0.815206,-1.553503,0.702812,-1.912519,1.160786,-0.369413,-0.482651,-0.815086,-0.153213,0.791939,-0.329101,0.101342,0.466401,-0.339973,-0.643447,0.375876,0.13168,0.641329,-2.52565,-0.870215,0.706599,-0.360395,0.667291,-0.380628,0.401986,-0.463714,0.432755,0.307651,0.36284,-0.903589,-0.83373,0.107631,-0.521297,0.529927,-1.736637,0.626785,-0.939493,-0.53568,0.438616,0.630416,0.592535,-0.679869,0.310535,-0.857629,-0.510023,2.225665,-2.302516,0.501984,-0.276965,-0.936474,0.441992,0.07758,-0.572319,-1.029679,-1.383617,-0.593169,-0.093455,-0.840112,0.619933,-0.385855,1.860355,0.229477,-1.252162,1.019124,-0.349878,-0.493872,-1.214575,-1.88456,0.271823,-0.902168,-0.224625,-0.554945,1.346983,-1.089359,2.072964,-0.823358,0.407,0.041646,-0.074198,-0.972678,-1.053447,-0.200806,0.117125,-1.332974,1.317289,-0.325682,2.304104,-0.331469,0.489882,1.335765,-0.587113,-1.098298,-0.655558,0.332319,-0.163054,-0.886011,0.977028,0.407234,0.133241,0.298666,0.112798,-0.606328,-0.50447,-0.498196,0.155279,0.623795,-0.398117,-0.910436,-0.628512,1.401565,-1.858772,0.083295,1.479267,1.192884,-0.49379,0.437079,-0.88937,-0.120216,0.51778,0.601226,-0.321626,-0.090424,-1.56896,-1.14964,-0.632585,-0.857886,-0.712229,-0.653317,-0.569401,1.082061,-1.682971,-0.252602,-0.815451,-1.39803,-0.28067,1.258331,-1.10031,-0.20399,0.199426,-0.642632,-0.195661,-0.768641,0.220953,-0.963059,-0.327264,-0.226935,-1.503566,-0.840477,-0.246586,-0.15425,0.768113,-0.604582,-0.442679,0.361448,-0.61101,0.442842,-0.903993,-0.353635,1.924994,1.763603,-0.509122,-0.144155,0.194621,-0.049602,-0.621967,-1.184536,0.73736,0.492496,0.206034,0.238419,0.977957,-0.379446,0.287679,0.415362,-0.624044,-0.361607,1.647167,-0.690228,-1.772767,-1.116576,-0.070893,-1.217024,0.717385,0.628834,-0.00994,-1.640515,-1.186685,-2.095977,0.177765,0.223839,0.697301,0.42173,-2.049978,-1.757325,0.79825,-2.208251,-1.497937,-0.739386,0.68141,0.009031,0.538699,-0.181745,0.844741,-1.788619,0.271265,0.337077,1.899415,0.028753,-1.410295,0.881418,0.017736,0.743677,0.837778,1.384358,-0.531844,0.430794,-0.054618,-0.385222,0.291402,-0.605394,-1.623992,0.288339,-1.102067,-1.074096,0.075356,0.797225,0.909137,0.414896,1.29814,1.131104,-0.12919,1.62064,0.401652,1.127858,0.289057,-0.687851,0.094443,-1.297397,-1.749768,-0.599751,-0.832962,0.216979,0.4677,-3.295372,1.087579,-1.126186,-0.899648,-0.874766,0.127501,-0.291875,-0.778969,-1.804074,0.909546,-0.801234,-0.372334,-0.180614,0.127679,1.295221,0.717003,-0.184961,0.420641,0.029847,-0.262655,0.230936,-1.166535,0.359641,-0.555506
ECA396,1.47671,1.627047,2.150255,2.341772,1.427678,1.1255,2.190619,2.036456,1.546296,-0.14481,-0.424151,-0.31705,-0.661589,1.053722,-1.558599,0.757117,1.064852,0.405296,0.78203,-0.270838,-0.439698,2.632904,2.092263,2.617862,1.858793,2.714665,0.437708,0.049045,1.171415,1.142511,1.783297,-0.413395,2.702986,1.211105,2.028394,2.984823,-0.543157,-1.731126,0.121641,0.395892,-0.029807,0.214256,-0.09352,0.318164,1.426458,0.424561,-0.22688,0.079291,-0.353774,-1.448651,-1.04319,-0.839921,0.911193,0.190569,2.39223,-0.516874,1.235108,-0.334314,-1.181789,-0.106779,0.427328,-0.355981,0.46743,1.330829,-1.21224,-0.03789,-1.586469,1.404248,-0.507981,-0.662369,-2.009456,-0.027632,-1.436964,-0.896695,0.214086,-0.317445,-1.402761,-0.87417,0.084149,0.482129,0.653698,-1.597182,1.308469,-0.297797,-2.592136,0.19727,-0.781631,-0.835577,-1.359284,-0.73951,1.335103,-2.458961,1.262146,0.968007,-0.280586,-0.704118,-1.730944,-0.995045,-1.028195,1.283901,0.430301,-1.075999,-0.452777,0.18857,1.398293,-1.070396,-0.062036,0.404125,-0.725865,-0.510984,0.061297,0.23451,0.067215,0.187349,-0.562582,1.03301,0.024775,0.683654,-0.476927,-0.410373,-0.52057,0.923534,0.396284,-1.758234,-0.025809,-0.745424,-0.912652,0.098449,-0.693415,0.253513,0.304429,0.907949,2.175851,-0.783167,0.705479,1.279492,0.226888,-0.204127,-0.487441,0.304494,-0.164187,-1.414171,-0.318766,0.113913,-0.782331,-1.163716,-0.763788,-0.136014,0.109001,0.135407,0.303477,-0.682808,0.042733,-0.701076,-0.332171,0.379194,-1.246081,0.436034,0.139647,-0.526121,-1.872963,0.042544,-0.083558,0.169153,1.37906,-0.398546,-0.366755,-1.25042,0.080219,0.158296,0.502623,-0.806758,0.015676,0.47937,1.490052,0.205393,-0.987614,0.044934,-0.204317,0.794552,-1.077664,-0.883231,0.948512,0.337822,0.580119,-1.173654,-2.103114,-1.617906,-0.527832,1.119718,2.431522,0.128119,-0.060474,0.704134,-0.540883,0.606752,1.641335,-0.265113,-0.646474,-0.317555,-0.068495,-0.674461,0.400336,-1.132201,-0.937608,-1.933309,-0.896929,-0.452983,0.727371,-1.003242,0.39966,-1.195259,0.974648,-0.83762,-0.628409,0.008905,3.099008,1.095235,1.417432,-0.272766,0.312868,-0.317451,0.531744,1.722384,2.378546,1.319101,0.943157,-0.04837,0.591478,0.670641,1.469365,3.491993,0.436381,1.307295,0.669872,0.108655,-0.218241,0.608865,0.073408,0.36385,-1.247706,-0.805666,-0.470958,0.719135,0.951005,0.625014,1.084887,1.840949,0.630436,1.05318,0.913643,-0.177812,0.401,-0.117819,-0.809923,-0.980971,-0.874542,-0.598524,-0.00975,-0.856658,-1.227683,-0.389851,-0.216098,1.883091,-0.285217,0.177732,-0.786317,0.136599,1.016394,0.917095,1.142376,0.698271,0.563126,-0.512101,0.902162,1.911843,1.714945,0.799853,-0.302617,-0.080931,0.17522,-0.626513,-0.177798,0.764337,-1.065542,0.25701,0.74689,-0.76656,1.28495,-0.161715,-0.362816,-3.003334,-1.180016,-0.065303,-0.841686,-1.329569,-0.141795,1.852876,1.067392,-0.262602,0.302165,0.407182,1.542485,0.483283,2.325764,1.37518,-0.944455,-0.109064,-0.000806,-1.525966,0.658605,0.692022,-1.19996,-0.871888,0.858377,-1.578808,-0.47256,-0.858869,0.319244,1.055503,2.156538,-1.075207,-0.631804,0.796687,-0.101585,2.207502,-0.140695,0.080242,-0.700303,-0.511373,-1.086073,1.398608,0.943082,0.431663,0.884607,0.688496,-0.00677,0.748133,0.130518
ED3005,1.366682,0.863596,0.183638,-2.141716,-0.199773,-0.741972,0.730195,1.775244,0.688422,0.380021,1.060211,-0.177986,0.447028,-0.091936,2.239068,0.727921,0.090206,0.502468,1.20982,0.822025,-0.737073,0.497686,-1.046146,-1.089593,0.432802,-1.873425,0.374011,-0.878394,0.140897,1.278233,1.278999,-1.134851,-0.715755,0.536024,-0.27323,0.145788,0.127226,1.042062,-1.07124,-0.772548,0.207972,0.416292,-0.131277,-0.776925,-0.225152,-0.782367,-0.397394,-1.143695,-0.033674,0.384106,0.334733,0.477019,0.254768,-0.096862,0.361656,-0.350696,-1.637534,-0.365036,-0.803217,-1.239526,-1.044804,-0.897001,-1.271482,-0.915706,-1.066708,1.434864,-1.310089,1.021556,0.846793,0.754868,0.096641,-2.6138,1.287142,1.837713,1.112661,-0.469729,0.07721,0.127713,-0.479587,-1.083803,-1.026481,0.525429,0.44613,1.32959,1.46241,2.389059,1.679956,2.189993,1.886043,1.864199,0.039886,-1.183901,1.29483,-0.285071,-1.17616,-0.618971,-0.487546,-1.251521,0.121028,0.385053,0.404963,2.084548,0.820347,-1.606061,-0.098367,1.461038,-0.871539,-0.281996,0.927156,-0.685998,-0.451806,0.311588,-0.875821,1.571036,-1.273213,0.531074,-1.258604,-0.019807,-1.224881,-1.759857,1.09221,-1.166758,0.058281,-0.652427,-0.263085,0.176377,0.430763,0.314315,0.185942,-0.139512,-1.783808,-0.290565,-0.742508,0.173773,-1.808776,0.212985,-0.136332,1.326423,-0.927933,-0.169713,-1.00296,-0.533746,-0.695183,0.146856,0.636091,-0.409961,-0.999826,-1.073042,-0.614845,0.306934,0.013232,-0.503137,0.998071,-1.731281,-0.770186,0.20517,-0.594618,-1.047927,-1.449587,-0.060791,-1.712152,0.011816,0.150676,1.009289,0.051967,0.755175,2.025433,2.082271,0.708076,1.581104,1.933379,1.625693,-0.157612,-1.285068,0.168678,-0.630599,0.748061,1.031997,-0.132392,0.487481,-0.144355,-1.422172,-0.192609,-0.01918,1.514261,0.140523,0.993281,-0.004173,1.691931,-0.227457,0.978078,0.481249,0.963991,-0.857887,1.442766,0.239422,1.451379,0.303771,0.334938,-0.061382,0.873615,-0.766327,-0.234225,1.480008,2.154325,2.329699,-0.407835,0.698095,1.593275,-0.606932,-1.173877,-0.11571,-0.078395,-1.170333,-1.912486,-0.117604,-1.713981,0.186257,-1.77335,0.452278,0.538885,-0.025804,-0.458636,-0.636549,-0.076972,1.655867,-0.034066,-2.418629,0.948164,-0.302181,-1.150896,-0.687625,-0.345822,-0.545839,-1.917778,0.331428,0.240805,-0.048598,0.666486,-0.856531,-0.636202,-1.926574,-1.248629,-0.044101,-0.366476,1.670064,-0.866006,-0.694985,0.086808,-0.771408,-0.532987,-1.911786,1.124015,1.545292,0.215247,-0.401081,0.656897,-1.806489,1.913967,-0.672331,0.780934,0.367387,0.636652,0.205335,-0.922407,-0.754754,-0.236293,0.657803,-0.601204,0.116543,-1.063335,-0.320797,0.797135,1.149894,0.447782,-0.644793,0.206075,-0.878107,-0.61264,-0.737577,-0.097163,0.061912,-0.432505,-1.03623,-1.442696,-0.053064,0.190357,-0.933491,-0.10533,-0.846323,0.506383,0.715714,-1.41661,0.75201,-1.344761,-0.306701,-0.662899,-0.228238,-2.235133,-0.16497,-1.85918,-0.428813,-0.567751,0.45395,-0.105757,0.63914,-0.431356,0.468732,-0.079625,0.664457,0.091365,0.595951,-0.680368,0.191932,1.250959,0.210506,-1.307224,2.174221,0.135714,0.307644,-1.750788,1.258925,2.067335,0.824341,-0.531438,-0.604906,0.191165,-0.076905,2.150594,0.759371,-1.447414,0.291238,1.073671,0.00373,0.685324,1.456987,0.190706,0.359165,-0.131566
ED3011,0.336922,0.005088,0.234568,1.022092,0.164146,-0.031088,-0.787248,0.927595,-1.187462,0.298233,-0.519312,0.929921,0.478027,-0.673254,-1.108818,-0.105918,0.547248,-0.852686,-0.432182,-0.919486,0.340061,0.392377,-0.633396,-1.062108,-0.135198,-0.205648,-1.214865,0.737686,-0.071363,-0.054187,1.675424,-1.491352,-0.649348,-0.926329,-0.489359,-0.929916,-0.53523,-0.481639,-0.222899,0.667002,0.573255,0.58837,0.273543,0.812695,-1.142402,-0.090161,0.759173,1.63343,1.081837,-1.571122,1.42565,-0.330489,0.721305,-0.52297,-0.987474,0.243603,-0.08963,-0.497722,0.024888,1.144052,-1.146692,-0.907448,0.359817,0.011798,0.549951,0.284712,-0.31736,-0.302121,0.124026,-1.116015,-0.681378,2.309182,-0.016677,-1.980294,-0.879429,-0.650076,0.537207,-0.297748,-1.025179,0.121288,-0.753943,-1.787353,-0.085278,1.622909,0.153206,0.868507,2.11807,0.078399,-0.776348,0.338406,-0.167311,0.84458,-1.720168,-0.651842,0.26588,0.20554,0.030557,0.96231,0.301668,-1.34723,-0.43155,-1.526813,-1.739996,1.078152,-0.693404,-0.943399,-1.929369,0.926919,-0.608353,0.280897,0.649769,-0.169429,-0.033082,-0.187068,-0.344012,0.982053,0.35586,0.208254,-1.201876,-1.239057,0.805069,0.231317,-1.195516,-0.989682,-0.521431,-0.576171,0.313779,-0.74102,0.433197,-0.593691,1.377566,-0.319948,1.697683,-1.125929,0.836119,-1.299364,-0.232723,1.512152,-1.740942,-1.633292,0.363432,-1.103151,0.485407,1.530273,1.020059,1.433745,-1.296475,-0.654165,-0.898135,-1.465993,-2.321493,0.712552,1.282583,-0.250939,-1.995497,0.153936,2.120247,0.934055,0.416515,-0.491771,-1.014728,0.144693,0.432012,-0.444665,-1.139,-0.01138,0.875393,-0.367312,0.148161,-0.682396,-0.951286,0.3411,-2.11588,1.187396,0.557282,-0.860365,0.201685,1.290446,-0.673175,0.372475,-1.219203,0.968454,0.389247,0.078874,-0.111216,1.221014,0.42068,0.505213,0.366453,-1.071095,1.395717,-1.056819,0.830403,0.924899,0.447898,0.541515,0.778878,0.198117,0.593202,-0.95459,1.235901,-1.01991,1.822122,0.527133,1.581909,-0.545914,0.297943,0.979903,-0.265556,0.264967,1.880756,-1.225953,-1.827301,-0.355826,1.110758,-1.259379,-0.536,0.93153,2.138619,-0.107781,2.468448,0.523774,0.531545,0.875672,0.842617,-1.111363,-1.565026,0.442507,-0.838915,0.836139,-0.218853,-0.580966,-0.462629,-1.608669,0.6867,1.334163,0.051406,0.135774,0.233324,1.161212,0.070684,-0.025936,1.516659,0.131525,0.763521,-2.009506,-0.613266,0.681751,0.870931,-0.251531,0.218279,0.24647,-0.70924,0.757019,0.653846,1.554659,-1.712562,-0.785861,-0.119229,1.298292,-0.584255,0.560646,-0.730983,-0.233076,-0.598282,-2.393969,-0.693795,-0.355973,1.493316,0.294815,0.156827,-0.417599,-1.394302,0.411458,0.22785,0.451437,-0.039459,-1.096791,-1.389764,-1.225132,0.382993,1.030359,-0.66259,-0.230255,0.628447,-0.930809,0.312537,-0.596772,-0.957168,-0.415744,-0.302644,0.161582,-1.096888,-0.987615,-0.736825,-0.794832,-1.106107,-0.192445,0.020911,0.476447,0.552746,2.029155,-0.905594,0.229092,-0.612836,-1.314807,-0.215662,-1.03508,1.2012,-0.093904,0.412457,0.757091,1.644256,0.650717,-0.487638,0.873505,0.732016,-0.512627,0.489714,1.726978,-0.4756,0.360591,0.122414,-0.508159,0.595523,-0.628664,-0.14294,0.204844,0.024926,1.233278,-0.244168,-0.888416,-0.052113,-1.625035,-0.467365,0.420393,1.47122,-0.283899,0.747102
ED3012,0.240484,-1.505929,-0.688183,0.869491,-1.087628,-0.847658,-0.807119,-0.161316,-0.710542,0.762017,0.986375,1.253869,0.265684,0.823391,-1.839838,-0.0879,0.391294,-0.529002,-1.002904,0.863021,-0.133049,-2.195818,-0.095828,0.002693,-1.608194,-0.23522,-1.092278,-0.88566,-0.587722,0.399863,0.04807,0.145355,1.136761,-1.033611,-0.346652,-1.892983,0.206143,1.124909,-0.206817,-0.788385,0.013682,0.077774,0.984978,0.246953,-1.470535,1.21945,0.064101,-0.827412,-0.933362,1.175858,-0.353121,-0.308449,-1.380526,1.346162,-0.327687,0.935331,1.466517,0.336412,-0.83722,-0.203113,-0.624038,1.02006,-1.469351,0.202734,0.658628,0.105304,0.301302,-0.108964,-1.881226,-0.456868,-0.157513,0.320537,0.225864,1.005876,-0.077654,-0.253214,-0.961668,-2.052801,-2.368153,0.179791,0.856632,-0.167143,0.191945,-0.346875,-0.474534,-0.235125,-0.197676,0.024471,-0.407087,0.050341,1.160378,-1.308081,-0.342615,-0.266124,3.022888,0.42148,0.908263,0.395671,0.862414,-1.01736,0.752345,-0.525544,0.322064,-0.582522,-0.254503,-0.027356,-0.033142,-0.300531,0.579284,1.750747,1.779213,0.825945,0.694849,1.005878,-0.118046,-0.563961,0.619805,0.206845,0.874608,-0.301172,0.442766,-0.260787,-0.737988,0.059457,1.803232,1.087424,0.545829,0.380382,-0.493211,-0.196694,-1.108764,0.778131,-0.405831,-0.129242,-1.845176,-1.010968,1.915448,-0.568291,0.926797,1.332364,0.490824,1.516053,0.300528,1.604275,1.239226,1.126725,-1.217089,-0.362274,-0.511528,0.756529,-0.086106,0.344582,-0.696317,0.925829,1.735717,-1.189045,-0.786103,-0.506918,-0.824446,2.459851,1.819825,1.100264,-1.347468,-0.037379,1.301723,0.214803,-0.674646,0.606835,-0.340735,0.806107,-2.156702,0.011628,-0.84038,-1.338531,-0.526036,-1.036103,0.255041,1.07622,-0.291248,0.064948,-0.930563,-1.54698,-0.259399,-0.175667,-0.554504,-1.758238,-1.885059,-2.489781,-1.984464,1.172828,-0.468902,-0.885677,-0.721587,-1.662999,-1.893189,-0.511014,-1.140805,0.04822,1.403693,0.567099,0.200262,-0.178746,-1.314868,-1.085082,0.904153,1.205928,0.501257,0.053351,-1.851877,-0.330291,-0.652299,-0.892937,-1.244151,-0.171403,-1.268328,-0.702363,-0.420113,-0.343917,-0.125177,-0.271277,1.20101,0.624499,0.012096,0.807105,-0.897774,-0.121053,-0.133684,-0.368799,-1.533061,0.182619,-1.231684,-1.669766,-1.22663,0.698806,1.429009,0.714952,0.374565,-0.406546,1.128992,1.920363,0.051919,1.16067,0.205077,-0.854573,-0.101888,0.056086,1.407291,0.775357,-0.537187,-1.512196,-0.870789,-0.101505,-0.136348,0.386916,-1.784471,0.415727,-0.95144,-0.961609,-0.295137,-0.349729,-1.281316,-0.237939,0.111708,-1.337535,-0.042447,-2.619078,-0.438909,-0.725268,-0.396918,-1.518048,0.084234,-0.577217,-0.895306,2.420878,-0.507275,-0.359812,-0.297542,-1.159467,0.528489,0.467857,-0.118068,0.621115,-1.188049,-0.41587,-0.177322,-1.125884,-1.463126,-0.073034,0.335158,-0.428034,0.789949,-0.211499,-0.880717,-0.191214,1.644464,1.207617,-0.465199,1.018203,-1.466775,-1.914981,-1.535191,-1.781327,-0.207216,0.194069,-0.530161,0.291474,-0.377438,0.211984,-0.025813,-0.410243,-0.947509,0.052262,0.242567,-1.976757,-2.140841,0.135957,-1.364438,1.30257,0.456549,-1.060847,-0.889015,-1.285604,-1.198748,-0.38387,1.433744,0.806822,-0.195211,1.158145,0.724041,-0.849636,0.029028,-0.831561,1.620028,-0.799475,1.663872,-0.090776,-0.195915,1.061591,0.158817
ED3048,-0.390383,0.126159,0.475234,0.112691,0.07268,0.141516,-0.948199,-0.482444,-1.604838,0.246517,-1.138187,0.029524,-0.574797,-0.355453,-1.067564,0.2318,0.012357,0.005724,0.348847,1.668226,-0.061389,1.437651,-0.359563,-0.786161,-0.308707,-0.15212,0.112796,-0.958923,-1.322878,0.259086,0.576496,1.704489,-0.587147,-0.431985,0.676185,0.420288,-1.005634,0.156382,0.345403,0.97915,1.819116,-1.157417,-0.674317,-1.261932,0.600295,1.664484,1.27922,0.740999,1.440976,1.116874,1.289046,3.619529,0.992313,1.662275,0.67093,0.810046,-0.826061,2.827391,1.123345,1.013159,-0.298764,2.360115,-0.132496,-1.555124,0.661611,0.330765,0.105132,0.663539,-0.533257,-1.211683,-1.691569,-0.615997,1.038823,-0.681648,-0.312497,0.164371,-1.738446,-2.77583,-0.401166,0.210528,0.392027,0.122694,0.607937,0.97583,-0.426485,0.256873,-0.106422,-0.826022,-0.285627,0.059731,1.874313,0.66656,1.110542,1.157172,-1.2796,0.193887,-0.748465,-0.836302,-1.97681,-0.596644,-1.023489,0.921287,-1.203097,-1.384953,1.293206,1.323135,0.909467,-0.272322,-0.234481,1.342156,-0.71456,-0.655342,1.323775,-0.776798,-0.61078,1.147935,-1.17205,-0.101537,0.473782,0.778789,-1.641651,0.253863,-0.223647,0.270516,-0.985568,-0.936839,-1.022428,0.712965,1.632436,0.271298,-0.65469,-1.474859,-0.55935,-1.368551,0.121225,-0.284171,-0.520223,-1.580238,-1.00238,1.437232,-0.056684,-1.014054,0.141206,0.320858,0.82809,2.00875,0.132497,0.734496,-1.681815,0.629062,0.109286,-0.060106,-0.900695,-1.223698,-0.048163,0.175103,-1.819534,-0.582978,0.442299,-0.580665,-0.073323,-0.766949,-0.293903,-1.57965,-0.307752,-0.720672,-0.989273,-1.431271,-0.45807,-0.79704,-1.067075,0.565999,0.04524,-0.953765,-1.297597,-1.620363,-1.056098,-0.550809,-1.125253,1.05241,0.868007,-0.164825,-0.010644,-1.20829,-0.467902,-0.788688,-0.298371,-2.26589,-2.46901,0.214059,-1.961857,0.939537,1.141115,1.867913,-0.485506,-0.546232,1.56291,1.242309,-0.111695,-0.245229,-0.106128,-1.680773,-1.254265,-1.181866,-1.207592,-0.044272,-1.401404,0.5165,0.035541,0.070825,-1.183039,-0.850452,-1.502649,-1.194489,0.788015,-1.179771,-0.153878,0.005579,-0.753633,-1.234561,-1.496354,1.301893,0.078434,-1.085224,0.707399,-0.12417,0.694803,-1.696708,1.494247,-0.139531,-0.911437,-0.615654,0.125018,-1.41441,1.956134,1.373281,2.551186,-1.515607,1.357319,-0.212047,0.288843,1.413728,0.426337,1.453635,1.394575,0.477472,-0.386832,0.482636,0.361205,1.592147,0.049149,0.203329,-1.066884,0.219792,-0.5262,-0.417878,0.13278,-0.27815,-1.099938,-0.427661,-1.235643,0.167589,0.670209,0.217933,0.526476,-0.865665,0.798285,0.046202,-0.924988,-0.412483,0.993929,1.101211,1.069695,0.791443,-0.570463,1.769407,-0.057629,0.344383,0.98193,1.1153,2.005038,-0.283713,1.682432,1.057281,0.522492,0.614796,-0.92695,1.224955,0.970457,-1.276969,-0.625993,0.187008,0.068091,-0.438583,0.22562,1.153067,0.588489,-0.554518,0.252244,-0.386635,-0.220619,-0.837896,0.640967,-0.603596,-1.598958,1.400933,0.862809,-0.678822,1.411972,-0.637532,1.066905,-0.360012,0.98491,0.373719,0.429695,0.799051,-2.559425,-1.330229,-1.460369,0.503982,-0.821671,-0.588894,-0.729667,-1.002192,-1.066161,-0.843175,0.555379,1.26124,0.203444,0.852797,-0.121715,0.847496,-0.212341,0.348575,0.071788,0.100585,-0.854255,0.720766,-0.421753
ED3049,0.74948,-2.306013,-0.177432,0.12222,-1.102935,-0.108244,-0.316476,0.454596,0.592622,2.93623,0.282258,1.911395,-0.958626,0.194996,0.333826,0.209154,-0.747723,-0.816058,0.348707,-1.167781,1.318983,-0.679858,0.629898,-0.1099,-0.789876,-0.812766,0.005551,0.056548,-0.136165,0.09302,-0.73215,-0.120258,-0.215189,0.357269,-0.104134,0.24039,0.337855,0.608411,1.464624,-0.972459,-1.074775,-0.105873,0.171276,-2.111518,-0.335505,-0.377255,1.03215,-0.816142,0.990835,-0.400022,-0.233922,0.217099,1.541179,0.57578,-1.49954,-0.579347,-2.033596,-1.141544,-0.126495,0.638632,1.35989,-0.255682,-0.662758,0.965727,0.380129,-0.063912,-1.52223,1.633192,0.041538,-0.328186,0.228637,-1.057813,-1.975495,0.883279,-0.350593,-0.792656,-0.787762,0.308494,-0.101127,-1.418944,-0.674082,-0.643696,-1.935735,0.110611,-0.906263,-1.149266,0.147386,-0.648655,-0.201381,1.808706,-0.126504,1.135187,-0.680757,-1.778389,-0.531411,1.522898,-0.491755,-1.289005,0.710205,-0.014892,-1.463666,-0.870276,-2.355848,0.54045,0.205613,-1.476343,-0.216658,-0.234825,0.23746,-0.032348,0.152657,0.312464,-8.8e-05,0.637508,-0.929428,-0.627926,0.065048,-0.093005,1.00245,-1.090415,0.654446,1.025509,0.399502,1.371859,1.687229,0.760903,-0.255577,0.285229,1.682019,0.790681,-0.753662,-0.999466,-1.28281,-1.395205,0.366821,-0.217495,-0.232537,0.295003,0.225683,-0.576409,-1.175906,-0.418206,-0.882619,-0.363088,0.871756,-1.471701,-1.532237,1.039662,-0.83814,-0.414064,0.162366,-1.082982,-1.581206,-0.739509,1.100612,0.208519,0.429629,-0.625179,0.565146,-0.412617,1.175098,-0.983235,0.25501,0.586719,-1.461427,-0.406071,1.472514,-1.124463,0.932513,-0.011528,-1.019186,-1.618609,2.341208,0.375497,0.818167,-0.110937,-0.61993,-1.084203,1.482403,-1.582787,-0.524505,-0.157935,1.063791,2.39535,0.69094,0.277392,0.539246,1.171783,-0.51569,-1.643684,0.608445,-0.368682,0.348187,-1.428276,-0.172177,-1.417813,-1.363771,0.824122,0.973273,-0.175536,-0.884403,-0.595927,-0.400783,0.623608,-1.280335,0.303475,-0.356601,-0.158466,-1.68181,-0.73316,-0.168469,-0.881002,0.559978,-0.087298,-1.495696,0.656596,0.059227,0.483419,1.137997,-0.930729,0.524723,0.05123,0.173759,-0.750548,-1.545539,-0.464084,0.805533,-0.034428,0.633513,0.698456,-0.972928,1.524032,0.727684,-0.169236,-1.541603,-1.126527,-1.955788,1.284251,0.498119,-0.691478,-0.804719,0.563967,-1.355626,0.141718,-0.50201,-0.506226,1.138297,0.33201,1.350254,0.637332,-0.653433,1.172258,-1.894946,-0.057045,-0.577202,-0.610385,-0.500638,2.294131,-0.331736,0.093864,-0.142082,-0.755387,0.333231,-0.919015,-0.351691,1.87845,1.392246,2.058646,1.810762,-0.459666,-1.868639,-0.458716,1.599867,-0.075462,0.044105,0.952644,2.065653,0.745788,0.311367,-0.553412,0.924951,-0.609687,0.667255,1.953534,-0.396731,-0.243468,0.039133,1.160948,-0.178643,0.699106,-0.375445,-1.248262,-0.625888,0.110961,-0.226096,-1.924337,0.104009,-2.068658,-1.611485,1.236525,-0.010719,0.057269,-0.251546,-2.05072,-0.042429,-0.922994,1.042843,1.362272,0.890094,1.351422,-0.489412,1.153687,-0.954079,0.571971,0.359256,0.835612,-0.052285,0.136829,1.323362,-1.387819,0.829447,0.844223,0.111593,1.258183,0.391234,-0.646881,-0.841938,0.228614,0.965868,-1.434306,0.823868,-1.304944,-1.951898,0.187107,1.108104,0.105475,-1.759906,1.03177,0.049242
ED3073,1.459449,1.084585,0.821048,0.565372,-0.078175,-0.977171,-0.872158,-0.608204,-0.234067,-0.706684,0.675454,-0.025619,0.591956,-0.759609,0.329257,-1.107578,-0.264007,-0.515518,-1.6989,1.032627,0.038856,1.102541,-0.093272,0.319866,0.69242,-0.990415,1.145316,-1.03513,1.702939,0.746606,0.274644,-0.30325,0.236839,1.149097,1.208389,-0.410865,0.017564,-0.602133,-0.429229,-1.720791,1.108431,0.102364,0.806037,-0.854759,-0.864737,-1.021624,-0.18501,-0.368086,-0.171442,0.129349,0.500646,-1.009968,0.319137,0.213166,1.044516,-0.404884,-0.960576,-0.216754,-0.127812,-1.003577,-1.836508,-2.827496,-0.865364,-0.865329,-1.734045,-0.468418,-0.191793,-2.606356,-1.170513,0.488194,0.151721,0.882607,-0.272881,-0.742039,1.711003,1.888377,-0.105211,1.782281,-0.25772,-0.347811,0.063847,2.249528,-1.767146,0.436202,2.184428,-1.172429,1.009571,0.524591,1.547039,1.147614,-2.404029,-1.217683,0.049137,-2.143937,0.066735,0.324425,1.003483,0.33997,-1.897435,0.020518,0.323096,-0.569851,-0.699288,0.973668,0.23703,-1.515228,-0.758912,1.14001,-0.269662,-0.653313,-0.069385,-0.768731,-0.737151,-0.247389,-0.569634,-0.876295,-0.818035,-0.389902,0.380028,-2.086079,1.590626,-0.471983,0.479645,-0.482886,-0.095373,-1.808198,0.673315,-0.972406,-0.054163,-1.119054,-0.008952,-1.622393,-1.413968,0.51096,-0.015283,-1.335339,0.240591,1.560089,0.658402,0.250733,-0.941882,-0.217807,-0.262998,-0.226901,0.670338,0.860652,0.792902,0.170878,-0.14251,-0.648439,-1.01755,-1.30526,-0.768149,-0.758456,0.340484,-0.932301,-1.121012,-0.938032,-0.864957,-0.398211,-1.976941,-0.218065,-1.107494,-1.050664,1.88945,-2.664912,-1.424625,-0.521162,-1.195402,0.105386,0.836789,-0.36112,-0.137421,0.151788,0.632953,-0.205426,0.880188,-0.541151,0.309274,0.134553,0.73131,-1.652469,-0.618506,1.711908,-1.250422,-1.121879,-1.065613,-0.842336,-0.251942,1.239031,-0.767584,-1.018955,-0.285242,-0.492913,-1.687326,-1.410348,-1.821644,-0.422439,0.037683,-0.078371,2.645638,-0.057339,-1.254378,-0.594623,0.985765,0.504538,0.555482,0.688176,-0.100936,0.575864,1.211111,0.49581,-0.753384,0.849434,0.393751,1.056248,1.070096,0.611578,0.44077,0.125074,-1.26132,-0.181898,-1.853385,-2.208109,0.168756,-1.863108,1.179238,0.500572,-0.881486,-0.785441,-1.51232,-0.696634,-0.355009,-0.718408,0.716689,1.619227,-1.152321,-0.256893,0.005751,-0.779535,-0.561256,-1.020856,0.002171,0.094302,0.080434,-0.525491,-0.231934,1.813787,0.511679,0.895883,0.066494,-1.217938,1.761999,-1.478125,2.486298,0.210033,2.657353,-0.355131,1.832252,0.890824,0.145744,-1.07241,-2.056453,-0.535848,0.31854,1.814045,0.328853,1.04436,0.356425,0.920183,0.68926,-0.615321,0.092693,-0.684525,0.621955,0.92118,-1.649589,-0.464371,1.116394,0.685376,-1.101356,0.158105,-0.63254,-1.068495,-0.636498,-0.054027,-1.037317,-1.441414,-0.393177,-0.199652,-0.091442,0.657428,-1.910687,-1.975464,-0.549468,-0.380226,-0.048731,0.241623,0.786441,-0.355494,2.26469,0.194846,0.851168,0.198175,0.933417,-0.689934,0.754179,0.758776,1.301436,-1.748573,0.531497,-0.921719,0.081651,0.732317,0.588053,1.440829,-0.030331,1.259431,0.152357,-0.615513,1.0434,1.882627,0.618873,0.357484,0.763278,0.824536,0.487136,-0.607738,0.43627,-0.498125,-2.790971,-0.091292,0.366282,0.345526,0.086764,0.160741,1.100951,2.223421,0.65818
ED3077,-0.154135,0.160769,-1.374513,-0.141902,-1.29132,0.54108,0.262008,0.848096,0.721509,-0.665639,1.691176,0.246697,1.136475,0.011534,-0.990321,0.567589,0.580994,-1.441038,-0.30851,-0.476307,-1.413707,0.139246,0.472746,-0.93949,0.994774,-0.084352,0.120182,-1.160759,0.191032,-0.787445,0.079513,-1.132935,-0.458073,0.713101,0.109652,-0.247003,-0.529038,0.341342,1.623986,-0.21634,1.336185,-1.758656,-1.201481,-1.093182,0.709112,-1.632845,-0.490555,0.970024,0.931278,0.185889,-1.100267,-1.261148,-0.205032,0.843137,1.120857,0.683655,1.195271,0.435328,1.58791,1.613025,0.631146,1.348014,1.116394,0.573151,1.132464,0.251994,-0.278646,-0.746675,0.603532,0.013718,-1.68051,-1.150531,-1.08388,-0.344171,-0.404193,-0.497485,-0.309948,1.193539,-0.268398,0.194725,-1.554487,0.533824,0.474238,0.83038,1.677734,-0.383405,-0.340544,2.38986,2.953877,0.954595,-0.338394,1.068567,-0.272759,-0.909398,-0.916509,1.405127,0.554611,0.076328,0.127104,-0.375896,0.236408,1.072565,-0.828735,-0.458695,-0.293817,0.086389,0.273343,0.766309,0.138572,0.46614,-0.048106,-0.246099,-1.231571,-0.995053,-1.132678,0.188611,-1.397324,-1.402299,1.73467,1.865746,-0.236388,0.67107,0.08581,-0.863395,0.165641,0.288981,-1.218181,0.428509,-1.418372,-1.521078,-0.425655,2.143043,-1.035906,-1.157154,0.606854,-0.592223,0.767207,0.460118,0.335305,-0.132697,0.070842,-0.476969,0.843696,-0.803103,-0.53267,0.952457,0.131258,-1.193105,0.22774,-1.363603,-0.598671,-1.694162,-1.221986,0.248725,-0.246005,-1.004328,-0.939943,0.563147,-0.926526,1.486097,-0.473879,-0.462902,1.170095,1.059119,0.853544,-1.0576,-0.138139,0.83895,0.50917,-1.910389,0.395297,-1.52173,0.004262,-0.20764,-0.149831,1.927763,-0.323961,0.338474,-1.471759,-0.563604,1.224324,2.328175,-0.30834,0.84183,-0.818887,-0.539043,-1.207698,-1.513717,-1.480769,-0.558195,0.092251,1.866717,-0.414674,0.553728,1.274704,0.133609,-0.782844,2.003452,-0.428555,0.833729,-0.930291,0.594842,-0.509483,0.072653,-0.221289,-0.144374,-0.074102,-1.087139,0.219315,0.533932,-0.27376,0.670797,1.223071,-1.206614,1.04203,0.56411,-0.37283,-0.401412,-0.257176,-1.599418,-0.726356,-0.887572,-0.715745,-0.808939,0.918632,-0.304662,1.266947,1.024834,0.92751,1.504529,1.139981,1.065109,1.367618,1.194574,-0.417705,-0.169971,0.46625,0.352933,1.06445,1.06403,0.017155,0.392421,1.690488,-0.344399,-0.845226,1.607587,0.655511,0.315668,-0.110612,1.977868,1.431265,0.899641,-0.082423,0.024838,0.394055,0.040698,-0.274323,0.659881,1.268034,0.75494,-0.785857,0.350963,-1.441665,-0.962815,-0.302196,0.108742,0.324252,0.966905,0.821381,-0.056673,-1.100873,0.527194,0.84238,0.983474,1.2739,-0.6338,1.12382,1.666959,0.394252,-0.67065,-1.066049,-0.282619,0.758709,-0.62313,-0.120798,0.235999,-0.070297,-1.031228,-0.010905,1.327077,-1.911287,-0.489082,-0.133025,0.319402,-0.000833,1.29366,2.649326,0.402356,-0.96238,-1.216766,-1.39635,-0.411637,-1.871375,-0.164828,-1.531325,-1.717146,1.132064,-1.596825,0.503716,0.369691,-1.04669,0.482196,0.589483,0.517369,0.082729,0.955491,0.984059,0.913603,-0.756531,0.751071,0.023701,-1.484582,0.319095,0.642142,1.207843,-1.210992,-0.671058,-1.502412,-0.854947,-0.349256,-0.856154,0.841447,-1.060435,-0.093103,0.652655,0.359829,1.235902,0.42907,-1.02694
EG4946,-1.133034,-0.07533,-0.640747,-2.089873,-1.783588,0.594143,-0.464058,-1.347765,1.047694,-1.038275,-0.950107,1.189493,0.533065,1.133508,1.254357,0.194033,0.116719,-0.916886,1.522455,0.303145,2.583915,0.878847,3.217204,1.435999,0.601954,2.184055,0.432058,-0.158268,0.82967,2.031679,0.543307,-1.645385,-0.991995,-0.58202,-0.272756,0.550521,0.66469,0.319299,-0.126661,-0.132424,-1.031724,-0.231102,0.480482,-0.233095,0.675408,-1.282995,-1.508148,-0.264641,-0.027968,-0.199647,2.120227,-0.473466,0.208804,-0.769379,-0.976972,-0.069022,0.090876,-0.845239,0.418381,-1.433858,-0.531026,-0.488205,-0.675028,-0.080439,-0.860346,-0.516279,0.35553,0.450027,0.495019,-0.639537,0.133513,-1.133672,2.089463,0.231251,2.820178,-1.696704,-1.013632,0.25595,-1.336404,0.378157,-1.003624,-2.3913,-0.22322,0.120944,0.362257,-0.976263,-0.671392,-1.43112,-1.068534,0.36176,0.162982,1.024339,0.539028,-0.348867,-0.048676,-1.010498,0.170488,0.2006,0.683177,-0.432707,1.06471,-0.48945,0.03983,0.93086,0.158368,-0.763485,-0.571661,0.740449,-0.49992,0.694177,-1.771831,-1.616054,-0.048467,1.301824,-1.379446,0.410337,-0.448487,-0.13092,-0.14025,-0.430079,-1.262167,0.727127,1.108342,-0.726232,-0.807126,-0.817538,1.301623,0.090597,-1.261299,-0.134745,-2.283696,0.197979,0.193315,0.443042,-0.568127,1.188499,0.553241,1.187082,0.437106,-0.066318,-0.478899,0.720778,1.142988,0.866212,0.052371,-1.284604,-0.126663,1.544402,-0.567422,0.181964,-0.211741,0.882724,0.511252,-0.428546,-0.067454,2.181289,0.263226,1.479371,0.247358,0.623446,0.410725,0.031358,0.475661,1.265079,-0.883788,0.114866,-0.967274,0.26026,-0.093232,-0.475622,-0.767457,-1.081443,-0.048633,-0.566434,1.763084,0.241392,-0.120142,1.06227,-0.416375,-0.014523,1.978836,-0.454552,-0.644385,-0.784001,1.284579,-0.515075,0.8172,-0.222533,1.061495,0.921155,-0.146823,0.013236,1.72088,0.223768,0.42225,-1.183244,0.168845,-1.483872,0.967386,0.025349,0.369151,1.175229,-0.258961,0.546041,0.38132,-0.142626,-0.675414,0.589771,0.911516,0.382264,0.699918,-0.793631,-1.479906,-1.796624,-0.369053,0.857381,0.405524,2.213269,-1.45828,-0.252299,0.360967,-0.578888,0.794356,-2.506112,0.130658,0.484698,0.702875,0.591721,-0.201631,-0.885632,0.337466,-0.478125,1.156204,0.491694,-1.33043,0.74686,-0.256019,-0.236495,0.73792,-1.842222,-0.983358,0.329944,-1.344408,-0.402853,1.67052,-0.194778,0.025347,-0.9027,-0.365914,1.443688,0.342553,0.623688,-0.183318,-0.490836,0.958345,0.112385,0.215361,1.058476,2.19927,-0.802933,0.575615,1.162548,0.210309,0.015359,-0.668319,-1.209375,-0.979585,-0.24868,0.324193,-0.52814,-1.030452,-0.349592,1.242898,-1.716132,-1.386001,0.496741,-0.496449,-2.026872,0.508147,-0.079277,-0.504532,1.989706,0.880652,0.043276,0.983481,0.846246,1.595149,-0.216289,-0.408439,-1.149109,1.426927,1.627305,-1.203161,0.213052,-0.186501,0.601637,-0.301058,1.354303,0.86601,1.134979,1.052263,0.497149,-0.037968,-1.111194,-0.029409,1.116412,-0.595346,2.588615,1.204495,0.732322,-0.718569,0.156604,1.252415,1.386112,0.126186,-0.211129,-0.231806,0.146681,1.04814,2.959851,0.408213,0.283458,-0.761067,-0.501426,0.627647,0.722859,0.21527,0.039613,1.187273,0.613177,0.134002,0.524921,-0.052387,1.588474,-0.549932,-1.975444,-3.222109,-0.015993,-0.492751
GXW1,-1.396774,1.061015,-1.516616,0.193958,0.887662,0.067903,-0.160594,0.991752,1.365883,0.848036,-0.761278,-0.041962,-0.676572,0.484861,0.170158,-0.54324,0.739966,1.455889,1.030256,-0.853579,-1.01762,-0.224903,-0.200154,0.68401,-0.478477,0.365911,-1.879908,1.573638,1.34826,-1.246352,0.017534,0.903831,0.394801,0.910703,0.024884,0.578945,0.872084,-0.114105,-0.892626,1.387881,-0.775413,-0.817552,-1.468222,1.151753,0.412296,0.914836,-1.538199,-1.935984,-0.922549,-0.011699,-0.386757,-0.541814,-0.289585,0.951583,1.610035,0.483605,-0.798853,-0.534518,1.382027,0.673798,1.170925,0.575065,0.522651,-0.215014,0.099946,-0.152488,-1.073997,-0.443462,-0.985011,0.165428,0.299036,0.558984,-0.575874,-1.237185,-0.115604,-0.943632,1.044265,0.552528,0.054676,-2.343029,0.663529,-0.237599,0.381462,-0.820809,-0.066862,-0.939948,0.527378,2.029575,0.626056,-1.226607,-0.560911,-0.192761,-0.286077,-0.610254,0.784422,-0.629609,-0.744774,1.033734,0.054606,-1.027154,2.248723,-0.590893,-0.048565,0.804113,1.989286,-0.442258,-0.115148,-0.113715,1.250586,-0.621244,0.083322,-0.630715,-1.048591,-0.103007,0.947023,0.571858,-0.761194,1.097889,-0.131861,-0.282546,-0.159193,-0.062349,0.174309,0.22225,-0.592238,-0.204871,1.627083,0.05891,-0.340679,-0.506832,-1.7002,-0.664884,-0.340488,0.089418,1.171753,-0.724685,-0.330635,-1.444569,-0.224476,-1.397044,-0.74349,-0.796204,-0.572652,-0.410891,0.177702,1.337016,1.142492,-0.293223,1.807824,-0.307298,0.719766,1.049311,2.475623,-0.438699,-1.006495,-0.16734,0.286187,0.573052,-1.733888,-1.09233,0.422868,-0.321492,-1.785721,0.997194,1.781251,1.209546,0.075417,0.010785,0.867221,-0.143158,-1.976107,2.206691,-0.259651,0.614847,1.063436,0.112667,-1.546769,-1.48593,-0.620844,0.037319,0.503719,-0.143324,0.261276,-2.260539,-1.13702,1.641672,-1.984135,1.545207,0.271658,-1.386596,-0.553154,0.171209,-0.660379,-0.546183,1.034357,-0.877249,0.496604,-1.074847,2.128038,0.762995,2.600339,-0.397851,0.035237,1.93808,1.400335,-0.404595,0.105517,-0.563723,-1.184722,0.909128,-0.543121,1.182246,1.147968,1.435149,1.016257,-0.440104,0.215251,-0.145831,-0.564062,-2.058511,-1.988607,-1.641941,1.144444,0.714771,-0.070305,-0.124815,0.223705,-0.357098,-1.62815,0.857287,-0.032136,-0.453573,-1.0437,0.709417,1.128272,-0.935611,1.019062,-0.022216,1.02585,0.226471,2.072862,-0.903329,-0.214238,0.501897,-0.541398,-0.982916,-1.483289,-1.522292,1.448459,1.404518,-0.512147,0.914686,1.267823,0.26635,-0.247806,-0.091777,-0.803991,-1.169435,0.533935,-0.138653,-1.254369,-1.277028,-1.482733,-0.339696,1.049482,-1.460922,-0.317127,-0.272261,-1.251356,-1.260102,1.467985,2.16003,-1.117199,0.100856,1.265332,0.226668,0.852347,0.108654,0.960512,0.588046,1.605481,-1.14269,0.69104,-1.112428,2.129077,0.754235,2.320243,1.029673,0.911687,-0.315337,-0.486533,0.953346,0.352903,-0.274646,-1.519581,0.539687,0.7577,-1.133151,0.679709,-0.257143,-1.400234,0.008391,0.126208,0.260645,0.458005,-1.185678,-0.623771,0.65411,-0.637398,1.361745,0.794673,0.109664,1.665067,0.481808,-0.339661,0.562639,-0.361988,0.850855,-0.577276,-0.788325,0.242493,0.222103,0.173957,0.144115,-0.770658,0.590626,1.144161,-2.075883,0.736536,-1.800558,0.229109,0.97446,1.292716,0.319615,0.974067,-0.696284,-1.669686,0.102946,-0.505537
JU1088,0.705633,1.214907,-1.413414,1.967542,0.667792,2.504492,2.139418,2.461825,2.641197,0.098521,-1.796205,-0.723754,-0.640518,1.261797,-0.414105,1.249687,-0.41133,-0.155973,-1.710247,-0.868669,-0.509923,0.60922,-0.947333,-1.45166,-2.270602,-0.182303,-1.351441,-1.406137,-0.09081,0.287551,-0.51727,-1.532468,0.262266,-0.794411,-0.705446,1.368237,-1.167591,-1.336344,-0.511717,-0.191616,-0.239935,0.656093,1.038417,0.016085,0.192779,-0.039889,1.004767,-0.653646,0.601918,-0.525111,0.555565,0.390939,0.154522,-0.727155,1.669223,-1.106957,-0.401547,0.594996,-0.45479,-1.235943,1.32073,-1.721762,-0.480148,-0.828526,-1.911005,-0.206487,0.027868,-0.607207,-0.333228,-0.440049,0.340733,0.417698,-0.202897,-0.413927,-0.179554,0.604163,-1.086322,-0.302154,-0.528908,-0.355907,-0.969885,-0.673451,0.475829,-0.601702,-2.121073,0.409404,-0.881353,-0.817087,-1.066145,-1.165712,0.96312,0.074025,0.168222,1.288035,2.223532,1.303924,-1.653429,0.28794,-0.534747,1.38765,0.028531,-0.137454,0.843511,0.009689,1.401809,0.86806,-1.050949,-0.147063,-0.412621,-1.012229,0.342586,-1.256817,-0.776093,-0.075457,0.294338,0.037694,-1.051204,-1.033057,1.54771,0.959211,1.500139,-1.135963,-0.68578,-0.26866,1.495009,0.079661,-0.150414,-0.738349,0.321694,0.077905,-0.740935,-1.02049,-0.88315,-1.045587,-0.771428,1.673182,-0.139854,-0.131796,-1.616056,0.269935,-0.630291,-0.998195,0.162317,0.396718,-1.649847,0.580347,-1.649773,-0.040209,-0.735562,-1.274349,0.55404,0.684552,-0.307152,0.053266,-0.784528,-1.807346,0.028134,-0.968152,0.481512,0.008515,-1.196351,-0.733168,-0.668026,0.225186,-1.915294,-0.768088,-0.573031,-0.007117,0.022647,-0.720787,-0.653498,0.524107,-0.621225,-0.864052,-0.221183,-0.736314,1.520083,-0.152263,-0.46516,-1.432941,-1.686977,-0.596212,1.155144,0.278036,-1.122902,-0.361054,-1.173961,0.20179,-1.287844,-0.691077,0.440325,-0.581048,0.596962,0.084428,1.315229,1.614392,0.735314,-1.068129,-1.5831,0.246912,0.580703,0.003011,-0.839236,-1.534351,-0.779611,-0.875021,-0.443377,-0.196751,0.175249,0.957834,-1.64311,-1.407853,-0.387288,-0.860638,0.638121,0.412785,-0.532018,1.01829,-1.906333,0.655153,-1.246891,-0.687733,-0.647173,-1.149979,0.651391,0.912797,-0.384701,0.199091,-0.456911,-0.166464,-0.394715,0.562911,-1.395632,-0.682081,0.179023,-0.035682,-0.329504,-0.216386,0.465205,1.05512,0.686251,1.918337,1.21609,0.719589,-0.549065,-1.530269,-0.053844,0.845266,-0.973104,-1.872503,0.866548,0.058135,0.680134,0.582022,-0.928453,2.007531,0.366883,-0.062316,-1.352776,-1.55942,0.234711,-0.320246,-1.648721,0.200366,0.050063,-0.423999,-1.051278,-1.466467,-1.028989,-0.053801,1.285025,-0.478423,-0.488023,0.829054,-0.523728,0.883147,-0.598402,0.086469,-1.619608,-0.556996,0.147863,-0.224139,0.666305,-1.441557,-0.298885,-1.682622,-0.559797,1.094572,-1.557084,1.599301,-0.108926,-0.083366,0.043285,-0.400519,1.538298,2.689,0.979244,0.075343,-0.650968,0.457286,0.683698,-0.111556,-0.728763,-1.112553,-0.545659,-1.053781,-0.137815,-0.475346,0.048592,-0.115945,-0.31736,0.419712,-0.574672,-0.671396,0.271265,-2.197314,-0.70448,0.329877,0.000191,0.295304,-1.135375,-1.03732,-0.393142,-0.220894,-0.536076,-0.91123,1.658752,0.560736,-0.477552,0.901353,-0.995015,-1.807022,0.858911,2.277699,0.068122,0.028764,-0.266688,-1.691938,0.773868
JU1172,0.796514,1.138098,-0.488669,-0.445334,0.791163,0.806069,-0.65366,-0.83333,1.152404,-0.400216,-1.116684,-0.966101,-0.397241,0.306652,0.752606,-0.160371,0.697709,0.009678,-0.270396,1.095582,-0.4205,0.950261,0.876182,-0.454817,-0.702347,-1.239989,0.117123,-1.263148,-0.211337,-1.128168,-2.124278,0.198916,1.138195,-0.692987,-1.048429,0.540079,0.956959,0.892561,-1.01911,-0.714517,-0.378492,0.089567,0.187714,0.174993,-0.277847,0.969506,-0.094876,-0.93379,-1.132262,-1.774942,-0.185097,-1.747476,-1.07779,-0.387619,-0.174856,1.968194,-0.128859,0.480623,1.025792,0.869854,1.713035,-0.011468,1.393797,-0.939029,-1.790609,0.329339,1.52596,-0.264416,0.295721,0.019429,-1.360225,0.375972,0.268518,-0.164432,-0.892602,-1.759668,1.194975,-0.038015,-0.042274,0.188664,0.951757,-0.972347,-1.762947,0.900093,0.38352,1.079522,-0.346908,-0.542878,0.788205,0.16079,0.211745,-1.582462,0.706953,-0.187392,-0.604461,-0.161208,-0.955405,-1.103181,-2.263388,-1.12743,-1.164909,-0.310807,0.571271,-1.820396,0.046761,-1.677854,0.504454,-1.3757,1.061658,1.184404,-0.716563,-0.297195,-1.902283,-0.364532,0.841665,-0.382323,0.382284,-0.598955,-0.764932,-1.488577,1.376213,0.658106,-1.265134,-1.762226,0.223151,-0.159871,-0.444837,1.08741,1.595197,-1.827038,-1.95445,-1.571834,-0.408793,-1.095059,-0.843492,0.714364,0.158978,0.848756,-0.634108,1.143842,0.067868,0.527185,-0.422909,-1.474804,0.439885,-0.05458,-0.014041,0.702623,0.695957,0.63709,-1.017789,0.405903,-0.445526,0.46125,0.185225,0.300388,0.582849,1.018114,1.49875,0.983043,1.252607,0.045727,-0.929341,1.231727,1.65792,-0.588401,0.262994,-0.540338,-0.661091,-0.65917,0.762179,1.187318,0.131854,-0.809545,-1.138466,-1.723827,-0.907587,-2.035752,-0.482183,0.309328,0.695534,1.18102,2.0908,-0.372218,-0.25093,1.010629,-0.78097,1.67927,0.313078,2.209944,1.292321,-0.118589,-0.425094,-0.912521,0.69417,-0.156693,1.109213,0.979913,0.042212,-1.027556,0.716436,-0.518318,0.122085,0.415659,0.360488,0.189691,0.689257,0.57316,1.96184,-0.10164,2.023725,-0.412827,-1.344544,0.25822,0.577345,1.938366,-1.824503,-0.392709,-0.043006,-1.915727,0.467164,0.111565,-0.898665,0.60532,-0.178659,1.176871,0.848573,-0.269547,0.624431,0.854393,0.04203,0.685178,0.827826,-1.179645,1.132743,-1.045833,-0.36742,0.114684,-0.063569,1.108616,0.852543,1.140782,-0.656857,-0.180201,1.438782,0.144184,-0.665923,-0.627075,-0.795548,-0.731101,-1.318966,-1.098329,-1.2652,0.622536,0.838543,1.517296,0.514712,2.066957,0.060061,-0.058522,-0.502581,-0.341919,0.722586,1.493309,-0.557662,0.783001,-0.694102,0.772278,0.542089,-1.906483,0.185251,0.333919,-0.329208,-1.500943,0.244152,-0.579042,-0.891341,0.612777,-0.645939,-1.090748,0.769267,1.231634,2.272291,-0.225503,-1.549129,0.027958,-0.970193,-0.860841,0.018119,1.50884,0.037128,1.193758,-0.112002,1.697373,0.845709,0.701496,-0.227913,-1.45613,-1.741081,-0.123463,-0.235621,-1.977144,-0.654101,-0.440505,-0.025476,-0.106739,-0.295663,-1.481128,-1.495753,-0.915296,0.40581,0.130006,-0.984834,1.128149,1.61784,0.602862,0.510306,0.08486,-1.485009,-0.146242,0.667434,-0.42566,-0.122318,-1.521066,0.275038,-0.247699,-1.178329,-1.309778,-2.121756,-0.944682,0.528823,1.276822,-0.410018,-2.683951,-0.129984,0.625555,-0.411091,-0.525876,0.596666
JU1200,-1.347234,0.367355,0.524497,-1.53995,1.00755,-1.094879,-0.762267,-0.708485,0.472718,1.063096,1.236681,0.078642,-0.797448,-0.946037,-1.588229,-0.192054,0.324998,0.002372,0.057333,-0.095509,-0.415048,0.876018,-1.049134,0.476776,0.378381,1.551534,1.191356,1.346692,-0.759931,0.781171,1.606894,-0.288062,0.078598,-1.682623,-0.138628,1.215774,0.854667,0.259245,0.852131,-0.552658,1.470361,1.138078,0.435071,0.381893,0.914043,-0.605715,-0.384532,-0.685866,0.948582,-0.298109,-0.62119,0.018715,0.254558,-0.304018,-0.219682,0.196865,0.207352,1.793369,-0.725686,-0.641864,-0.262895,-1.014647,-0.71388,-0.131366,0.698161,-1.301542,0.964276,0.521732,-0.195626,0.550921,-0.929957,0.038553,0.087289,-1.080756,-0.461451,-0.304495,-0.387747,-1.348091,-0.73461,0.730428,-1.109054,0.856141,1.108012,-0.112325,-0.341442,-0.664302,0.092634,0.86773,-0.530798,-0.187569,2.281682,0.860062,-1.214688,1.299514,1.615254,-0.205825,2.118377,-0.241542,1.793212,0.438371,0.674266,-0.535259,-0.057772,0.506159,-0.599191,0.124063,0.572161,0.891182,1.333543,-0.645732,-0.501687,1.882026,-0.000401,-0.483254,-1.20022,-0.018049,-0.218395,-0.15228,-0.292924,0.199774,-0.276937,0.276507,-0.400042,2.252568,0.172229,-1.204095,-1.022688,-1.078993,-0.851419,-1.081156,-0.628119,-0.1843,-1.812792,0.631374,-0.073221,0.423888,0.915217,0.476903,0.883984,-0.322618,1.541248,1.017106,1.939389,0.974468,-0.557159,0.454181,-0.141072,-0.135185,-1.455402,0.461089,0.472757,-0.47125,-0.583653,0.822585,-0.10069,0.924873,1.261122,1.330843,-1.365817,-0.1778,0.356807,1.534717,-0.18824,0.283039,-1.443188,-1.01004,0.331941,0.814659,0.40945,-0.242911,-0.535014,-0.089338,0.57237,0.970483,-1.145068,-0.085093,-0.388006,-0.014706,-0.821924,-0.332143,-1.277506,0.799686,-0.402599,-0.76614,-0.258992,-0.547116,-0.952843,-0.148287,-1.616522,-0.7819,-1.262463,-0.726283,0.968831,0.26192,1.466415,0.043073,0.025838,0.966292,-0.391429,-0.306248,-0.142568,-0.516087,-0.324548,0.986295,-0.386001,-0.168597,-1.362475,0.059892,0.16046,-0.642552,-1.034559,-2.186449,0.600816,-0.050538,-0.911357,-2.340711,-0.826965,-0.196021,-1.224309,-0.336479,-1.415246,-0.661906,-2.226228,0.605438,-0.002641,1.284018,-0.672973,-0.352398,0.613113,0.210471,0.726053,-1.885463,-0.077736,-1.087939,0.088356,0.358481,0.528723,1.201533,-0.985361,-0.359833,-0.08824,1.215886,2.998687,-0.428133,0.25907,0.756671,0.362429,-0.554726,-0.943703,0.739893,0.256149,-0.019285,1.225714,0.524515,-1.626862,-0.743377,1.310795,-0.97733,0.964812,0.564069,0.764532,0.024261,-2.599857,-0.629827,-1.33652,-1.343903,-1.366126,-1.075763,-0.796672,-0.599323,1.00233,2.264928,-0.905601,-0.063064,-0.248449,0.620439,0.084598,0.300339,-2.140616,-1.93008,-0.184889,0.65606,-0.458888,-0.302686,-0.137968,0.769303,0.2729,0.838739,1.180213,-0.317426,-0.793298,-0.709913,-0.499213,-1.786519,-0.232236,1.28417,0.404421,-0.625351,1.013907,0.64219,2.073159,1.208616,-0.941895,2.950004,1.027843,0.610658,0.543101,-0.464961,-0.838019,-0.408961,0.145457,-1.339345,-0.585859,-1.018405,0.296106,0.591197,-0.228945,1.146152,-0.853107,-0.03877,-0.375448,-0.46917,-1.713327,1.523793,-2.563393,1.090108,-0.134462,0.956632,-0.052061,1.100779,0.695424,0.319125,0.410403,-1.006054,0.633175,-0.029734,2.358468,0.107531,-1.452818
JU1242,-0.226675,-0.027543,-0.743332,-1.115675,1.020985,-1.786873,0.901343,-0.037589,1.399917,-1.16704,-0.658594,0.257468,0.205232,-0.095365,0.656881,0.480027,-0.212766,-1.199418,-0.434532,0.162822,1.600642,-0.826138,1.634916,0.333577,-0.284034,1.564375,0.235329,0.705789,0.397979,0.192756,-0.619442,-1.617774,-0.548133,-0.619208,-0.147616,0.32499,-0.964945,0.294175,-0.242236,-0.923576,-0.906082,-1.153167,-0.779152,1.747068,-0.003795,-1.844299,-0.994695,1.291751,-0.29113,-1.520733,0.302239,0.62123,-0.158677,0.843374,1.000736,0.704474,0.016564,0.616256,-0.196345,-0.441418,1.555401,0.962944,-0.943855,0.564404,-1.171554,-1.151468,-0.198708,-0.058992,1.222001,-1.001258,0.624369,-0.685952,-0.260625,0.232548,-0.006851,-0.926694,-0.095034,0.405089,-0.634684,-0.186303,1.039192,-1.006898,0.186676,-0.330604,0.009119,0.967549,-1.379393,1.510975,-0.304299,-0.033808,1.526853,-0.024737,-0.548241,-0.10674,0.198625,-0.253141,1.960847,0.777466,0.780657,-0.204477,-0.651484,-1.230178,-0.743987,0.600614,1.268939,-1.113427,0.082698,-0.791303,-1.04474,-0.992191,-0.172982,-0.949354,1.378672,0.326062,-0.71844,-0.507072,-0.066521,0.380243,-0.793764,-1.252684,-0.34968,-0.619627,0.994732,0.108995,-1.592019,-0.6867,1.089703,-0.266783,1.197601,1.849479,1.311484,0.136874,0.910612,0.599841,0.281153,0.485167,0.475749,-1.932453,-1.76488,1.197685,-0.028576,1.993314,0.05165,-1.221592,1.012513,1.847424,-1.294752,-0.162765,0.214766,-0.422142,0.930201,-0.701732,0.459056,-1.728996,0.561664,0.028826,-0.691371,-1.112896,-0.865566,0.127289,1.011568,0.67579,1.052404,0.139868,0.031164,0.289361,-0.125707,-0.720071,0.811366,-0.967088,0.618568,0.024817,0.168655,-0.461823,-0.445971,-0.436245,-0.622948,-0.181352,0.330239,-1.268621,1.189327,-0.045381,-0.042241,0.660228,-0.119698,-0.873238,-0.466011,-0.796903,-0.574796,1.209657,1.131381,-0.571951,-1.774286,-1.67048,0.331382,0.107719,-0.938158,-0.184373,-0.034809,1.432626,0.176644,-0.583756,-1.057367,-0.29918,0.686611,1.030907,0.209081,-1.360032,1.558035,1.064741,0.645922,-0.193437,0.340589,2.859841,0.925785,-0.385318,-0.193074,0.899924,1.146994,0.949902,0.022231,-0.659684,-0.061318,-1.391395,-1.089789,-0.682106,-0.56405,-0.448657,0.139223,0.162333,0.919449,-0.339668,0.236545,-0.608947,-0.708424,-0.708431,-2.386824,0.692094,-1.017278,0.746938,-0.38548,0.574378,-0.635797,0.435402,-0.611116,-0.105545,-0.325262,-0.038076,-0.537771,-0.691863,-0.576295,-0.08664,0.39301,-0.004631,0.624487,-1.35513,-0.195176,-0.391426,0.482382,1.372685,1.556314,0.348614,0.667497,-0.289041,0.141997,0.630024,1.174139,1.118726,0.075428,1.782312,-0.570816,0.019066,-0.830457,-0.280496,-0.528905,-1.427078,0.214204,-0.54665,-0.182152,0.147973,-1.048488,-1.119798,-0.053961,0.83546,-0.292018,0.734535,0.686287,1.068845,-0.20347,-0.196229,-2.467491,-0.993452,1.301664,1.198094,-0.373117,-0.303279,-0.436713,-0.145361,-0.522211,-2.104651,-1.606435,-0.701737,-0.402348,-0.471421,0.722151,0.249227,-0.625804,0.3607,-0.17109,-1.901061,-1.210934,0.25103,-0.619622,0.056951,-1.238021,-0.556464,0.263265,-0.135493,-0.813349,-0.096157,0.547923,-0.808038,1.129695,0.867417,0.311534,-1.877808,-0.067266,-0.495886,-1.484825,0.422494,0.589153,0.983217,0.204629,1.144469,0.673666,2.071745,-0.274071,0.002647,-1.438947
JU1491,0.498566,-0.669525,-0.191104,0.475381,-0.469192,-1.524744,1.16394,-0.310798,0.521288,0.970821,1.719787,-1.952024,0.127093,-0.285259,-2.037601,-0.631767,-2.791665,-0.800218,-0.855322,0.193154,1.568695,-0.766673,-0.468982,0.87526,0.301293,-0.024282,0.653836,0.114692,0.172444,-1.188454,-0.323068,0.710397,0.497821,-1.062922,0.56259,-0.959988,-0.132751,-0.834033,0.383379,0.019633,-0.025917,0.450367,-0.031203,0.198784,-0.016085,-0.743664,0.723004,1.21174,0.628241,0.389229,2.491318,-0.977123,-0.738526,-0.367907,2.548943,-0.669094,-1.026627,0.52824,0.712032,-0.001442,-0.580208,0.220496,-0.77593,0.421599,0.020362,-0.870839,-1.081035,-0.283333,-0.991152,-0.069474,-0.914331,-0.696835,-0.921939,0.916101,-1.407878,0.9068,0.597538,-0.429072,0.155719,-0.03532,-0.610451,0.980935,-0.208394,1.301464,0.480119,-0.510715,-0.737334,0.871841,-0.622101,0.099502,-0.609712,-0.693491,1.338502,0.773727,0.517128,1.031346,1.089259,-1.471245,0.779594,-0.323718,1.277653,0.20617,0.790871,1.039077,1.12485,0.498699,-0.939264,0.60548,1.36446,0.812066,-0.267398,-0.774486,-0.876349,0.457859,0.13009,-0.427777,-0.805685,-0.931119,-0.842324,-0.385993,0.44896,-0.53768,-0.627614,-0.871516,-0.504469,-0.568862,-0.272809,-1.806911,1.61011,-1.249653,0.59924,-1.034171,0.323173,0.450145,-0.360186,0.550805,0.557497,1.523687,1.461992,0.864648,0.743337,-0.559493,-1.157925,-0.326557,0.476401,0.459262,1.551874,2.119505,-0.873012,-1.204744,-0.455334,-1.156206,-0.433183,0.922082,-0.814477,0.113587,0.354145,-0.407923,0.402618,0.057849,0.033009,-0.229328,1.343809,-0.736552,-1.12331,1.033799,1.000278,0.406113,0.043417,-0.618936,-0.895265,0.737541,-0.551029,-1.134959,0.468299,0.861171,-0.685893,-0.027536,0.945248,-1.240572,0.528984,-0.536098,0.955463,-0.214612,2.453707,-1.00286,0.7984,0.59278,0.945197,0.099358,-0.65739,1.324979,0.367973,1.370785,1.725146,-0.238865,0.926664,-0.028536,1.567695,-1.697295,-1.412347,0.144133,1.475853,0.008937,1.498331,0.34502,0.423193,0.275445,0.127191,-1.201935,0.114432,0.728096,0.102764,0.567138,0.430055,0.759153,1.328105,0.279261,1.190734,-0.529482,-0.033467,-0.539429,0.842104,2.146789,0.75192,-2.286061,-0.76109,-0.6468,0.007183,-1.377634,1.235974,0.300067,-0.203574,0.715172,-0.048681,-0.180279,-0.206207,0.285746,0.845648,0.023971,0.28256,1.374958,-0.392519,2.232873,0.374997,-0.432482,-0.229874,0.132193,-1.655446,-0.215901,-1.44949,-0.07004,-0.83176,0.57383,-0.929805,0.340257,1.054097,2.643413,-0.40545,0.57395,-0.106776,1.279414,0.647654,-0.612795,1.505825,0.611904,0.678263,0.749428,1.227943,0.154937,1.091126,-0.155083,-0.823284,-1.626521,-1.117758,0.148609,1.451357,1.492107,0.495623,-0.291476,-1.064155,-0.877998,-0.980034,2.039513,-0.804479,0.599638,-1.371261,0.515133,-1.107125,0.237461,0.34146,0.750306,0.426329,-0.744504,-1.104948,1.864654,0.977383,-0.298224,-0.333919,0.41631,0.132769,-1.23434,-2.959861,-0.603814,-1.574458,-0.728871,0.977833,0.144353,-0.944689,-0.913068,0.734119,-0.376866,-0.563877,0.216917,-0.800187,0.569168,0.174916,0.808279,-1.161997,0.503506,1.115875,0.596628,-0.48187,-0.761053,0.465572,-0.98345,-0.275771,-0.116445,1.141414,-0.860425,0.987457,1.087707,0.563955,-0.999581,-0.099774,0.361113,-0.785779,-1.648175,-0.106143
JU1543,-1.058187,0.223113,1.725397,0.649028,-0.480573,0.763937,-0.614866,-0.57798,-0.948596,0.451098,0.996896,0.455851,-0.034628,-0.291004,-1.631963,0.443221,0.64287,0.136599,1.614334,-1.922014,-0.200401,0.970878,-0.0785,0.689426,-0.439063,-0.444403,-0.754748,-0.43989,0.872357,-0.488562,2.388592,1.198965,0.836836,1.296726,0.657877,1.014709,-0.699486,0.625784,-1.629091,-0.771504,-0.473246,-0.940039,-0.379463,-1.175972,0.282307,-2.279071,0.574825,-0.093796,-1.26011,0.735391,-1.186072,-0.721126,-0.183776,0.759495,0.548534,-0.438887,1.038065,-1.252148,0.394614,-0.540974,-0.909263,-0.163082,-0.535399,0.576173,-0.527899,-0.476218,-0.233351,0.867439,-0.284087,0.121448,-0.958727,-0.653074,0.88094,0.611454,1.118928,-0.912713,1.468872,-0.647233,0.824434,-0.673165,0.291173,-0.965727,-1.072075,1.290385,0.594459,1.12076,0.637537,0.831911,-0.487273,-0.870292,0.379562,0.601702,0.95241,-0.605785,-0.806716,-1.128859,0.051391,1.046843,1.64291,-1.0275,-1.547985,0.51074,-0.849372,-0.882898,0.090355,-0.296459,-0.40792,1.4702,1.100555,1.344834,1.682346,2.172578,0.683218,1.472897,0.609293,1.318244,2.330359,-0.772126,1.227573,-2.981228,-0.758637,-0.887804,-1.078371,-0.485259,0.842496,-0.519623,-1.007654,-0.636608,-0.302952,-0.244451,-0.946249,1.077924,-1.031464,0.809198,-1.74794,0.705011,0.609339,1.880112,0.260925,2.048603,1.992943,1.519509,1.555736,2.607094,0.028798,-0.70198,-0.136964,-0.639911,-2.001112,1.983576,1.195294,-0.731091,-0.422696,1.242908,-1.090209,1.504754,-0.258116,2.345388,-0.863896,-0.301745,0.870257,1.60497,-0.358742,-0.111831,0.820044,-1.161601,0.143777,0.790208,-0.317643,0.516929,-0.86593,0.495276,-1.092604,0.106439,-0.381177,0.87657,1.4268,-0.815312,-0.040019,-0.254263,1.298479,0.409195,-0.158219,-0.824473,0.751733,0.964523,0.316079,0.660842,1.504133,-0.66061,0.110331,1.627947,-0.181824,0.684413,0.639874,-0.513787,-0.661178,-2.214332,0.354463,-2.498541,-0.660776,-1.300542,0.492267,0.891625,-0.595612,-0.670045,-1.45285,-1.187664,0.421026,1.064486,-0.697533,0.756686,1.350162,-1.651985,-0.956623,-0.376142,0.356179,-0.139189,-0.0757,-0.092709,-1.06999,-0.342199,-1.183091,-0.392671,-0.444579,0.089255,-0.300466,0.638793,-0.004889,-0.241802,0.806273,-0.222111,-0.543904,-1.245959,1.023663,0.45399,-1.407556,-1.083992,0.401224,-0.332406,0.891282,-0.663451,1.275198,0.241116,-0.906465,-1.426121,-0.791707,-0.402861,-0.838367,-2.335568,-0.251255,-1.711546,0.391557,-1.252635,2.086776,-1.306358,-1.930605,-1.061575,-0.997111,-0.49616,-1.075593,-0.784301,1.165817,-0.791147,0.085482,-0.40431,0.953992,-1.41014,-1.558892,-0.755627,0.048481,-0.426258,0.147995,-1.049546,-0.845295,-1.140583,-1.576392,-2.078838,-0.666565,-0.18491,0.09885,-1.211091,0.82346,-0.7448,0.483846,1.555695,0.548928,-0.671638,-0.748411,-0.029024,2.267879,-0.801641,-2.111847,0.225542,-0.91982,-0.738885,-0.902736,-0.440626,-1.567536,-0.731419,2.04968,1.649868,-0.041746,1.066013,1.095043,0.463233,-1.165515,0.012601,-0.712131,0.077293,0.476767,-0.766186,-1.049905,-0.62092,-0.490604,1.650554,-0.940684,0.166472,0.392068,-0.62805,-0.231903,0.186874,-0.748545,-0.836504,0.377576,1.861767,-0.266554,-0.180566,-0.69183,2.088623,-1.268233,-0.390504,-0.417219,-0.156244,-0.429223,-1.194575,0.540911,-1.763887,0.024968
JU1568,0.513458,0.88413,0.254068,0.526525,-0.19821,-1.056827,0.461699,-0.514947,-0.785071,-0.731871,1.762526,1.019658,-0.434962,0.431682,-0.421952,-0.903078,-1.244648,1.48729,0.262354,1.695564,-1.517159,-0.371833,0.470042,-1.108664,0.000277,-0.146673,-0.728335,-0.0035,0.036947,1.131116,0.271792,0.509798,-0.084644,-1.008819,-0.438427,-1.260271,0.279166,-0.38541,-0.146343,-1.124965,-0.91715,-0.472046,0.026682,0.138081,-1.242735,0.012389,-0.512012,-0.692088,0.656951,-0.295749,0.09611,-0.603316,-0.677808,1.154343,-0.947714,-1.171833,-0.490904,0.337462,1.348503,0.916638,-0.410677,0.247085,-0.647842,-0.151688,-1.143807,1.102332,1.752467,0.816773,1.841481,2.35768,0.629236,1.056059,-2.369444,0.709095,0.109697,-0.666833,0.453462,0.343671,0.448618,0.538492,0.615129,-0.973648,-0.609371,0.47799,-1.439494,-1.010851,0.130001,-1.622989,-1.049145,-0.368852,0.391575,0.279844,-0.020817,2.368991,-0.013491,0.479565,1.235195,1.514048,0.760674,0.881051,-0.753982,0.57625,0.187219,0.89095,0.421091,-0.639857,-1.426286,0.051391,-0.99266,-0.613687,-0.662993,0.598384,0.002899,-1.229788,-0.07913,-0.358886,0.096222,2.098305,-1.089208,1.172966,-2.301681,-1.39452,-0.496245,-0.932902,-1.606154,-1.32654,-1.199673,-0.431252,-0.046375,0.204381,-0.26784,-0.81042,-0.233441,0.308709,-1.221098,0.632185,0.468055,-1.220502,1.810888,1.105931,0.414931,2.460493,3.069269,0.62723,-0.588976,0.542193,1.594838,-1.322423,0.534493,0.61213,0.022784,-0.713421,-0.004713,0.691033,1.005253,-0.386118,0.014435,-0.042243,0.490384,0.722833,0.633425,0.218053,-0.370294,0.649332,-0.537712,-0.08718,-0.758765,-0.119116,-0.082963,-0.290817,-0.5441,0.171825,0.533137,1.488992,-1.238892,-1.116412,-0.65272,0.698609,-0.712665,0.27572,-1.13767,-1.376347,-2.011096,-1.268283,-2.039568,0.019886,-0.347795,-1.318627,-0.127953,-1.543233,0.276291,0.750523,0.466269,-0.338147,-1.187202,-0.973094,-0.759689,0.318369,0.145803,0.991139,-0.621675,1.132999,-1.104804,-0.750034,0.65639,0.362312,0.578383,0.306642,0.715274,-0.065067,-2.004464,1.347527,-1.578941,-1.10346,-0.789711,-0.935133,-0.121252,-1.547412,-1.221615,-0.860469,0.949479,-1.067066,-0.313875,-2.346515,0.041617,1.327805,-0.872607,0.1867,1.59743,-0.351507,-0.670086,-1.187381,0.31527,-0.333823,0.768045,-0.285091,0.260804,1.07755,1.927397,-0.08478,0.723668,-0.936572,0.174849,0.152409,-0.557222,-2.701396,-0.623432,-1.305303,0.563182,-0.289239,-0.421126,-0.367995,-0.217575,0.579015,-1.848934,-0.181102,-0.982414,-1.00197,-0.908665,-0.314778,-1.997092,-1.058027,-0.363116,0.476343,-0.151107,0.44974,0.558521,-0.657812,0.426573,-0.543229,0.643995,-0.907124,0.034594,-0.877651,-2.685127,-2.191252,-0.842259,0.868959,-1.170229,-0.109851,0.01149,-0.453713,-1.091767,-1.906039,-1.745681,-1.894823,-1.781479,-0.072391,0.67337,0.68199,-1.443681,-1.007887,2.488251,1.29112,-0.222085,0.119266,1.815406,1.037846,1.095272,0.526878,0.683327,0.838669,1.358874,1.326516,0.371995,-0.050262,1.265433,-0.813619,0.873793,0.563269,0.344437,-1.834174,-1.207963,-1.984606,0.528637,1.46614,-0.497911,0.442014,-0.498897,-0.116201,-0.021008,-1.060246,-0.887174,-0.556941,-0.409044,-0.883445,0.301627,-0.297515,0.119291,-0.36514,-0.838984,-0.245063,-0.375067,1.181887,0.677776,-0.206718,0.021977,-1.749676,-0.164439
JU1586,-1.639115,-1.57487,-0.555059,0.596654,-0.182679,-0.071115,-0.620672,0.237607,0.405169,-0.109108,-1.62248,-0.554506,1.570192,-0.689107,0.144285,0.893354,0.262794,0.020634,0.726159,1.901729,-0.586289,-0.073631,-1.391438,1.478574,1.216233,1.556609,0.128558,-0.35702,-0.551079,1.110883,-0.307039,0.687438,0.371991,-1.53372,0.048577,-0.895792,0.403042,-0.096432,0.434033,-0.164482,0.805911,-0.240455,0.849124,-1.0906,-0.331301,1.099725,-0.079386,0.114949,0.56053,-0.473021,0.702726,1.148915,1.443666,0.273885,-0.027096,-1.066678,-1.306353,0.362753,-0.592921,1.022961,0.258572,-1.43632,-0.914235,1.344117,0.521094,1.018228,1.147532,2.638718,1.109505,2.070623,0.890594,-0.062796,0.578754,-0.209313,0.351527,-0.819317,0.012912,0.499643,-1.115375,0.345172,-1.020428,0.009257,-0.324454,-1.247135,0.942903,-2.318106,-0.004095,-0.328707,1.29535,0.401182,0.455154,0.335878,0.785555,0.986124,-0.003379,0.404358,1.667784,0.307273,-0.803437,0.379633,-0.436776,1.166507,0.43545,-0.218375,0.40876,-0.522288,0.458454,0.184145,0.278919,1.591435,-0.622557,-0.229929,-0.745257,0.887966,0.130996,-0.505678,0.088956,-0.218459,0.2633,-0.00818,0.260225,0.762407,-0.352145,-0.40604,-1.839237,-0.892052,0.483028,1.132616,0.390973,-0.656976,-0.505879,-1.433042,-1.703023,-0.477034,0.25695,0.72449,1.430476,1.260891,2.171041,2.038157,0.50065,0.731521,1.079538,0.579445,-1.366178,-0.687513,-0.377391,-0.287522,0.977226,-1.037971,-1.344276,-2.354958,0.076485,0.01976,0.584177,0.076938,2.311002,0.694459,2.657954,1.051241,-0.499598,1.956608,-0.070573,-0.810114,-0.795546,-0.613513,1.164484,-0.717928,-0.533244,-0.579907,-0.32631,0.671683,-0.971953,-0.177908,-0.610257,-1.637081,0.471685,0.031289,-0.560873,-1.192838,1.012644,-0.205683,-0.572725,1.113357,-0.814936,-1.350433,-1.051077,0.026664,0.416983,-1.203805,-0.347437,0.079849,-1.046219,-0.136015,1.343865,-0.797305,-0.431083,-0.57662,-1.727681,0.662062,-1.777872,-0.844871,-0.852189,0.13554,-0.825297,-0.611557,-0.84806,-0.534404,0.11373,-0.564857,0.233164,-0.278117,-1.974426,-1.525495,0.486805,-0.887649,-0.675036,0.262401,-0.430853,0.94805,1.26367,-0.927134,1.016744,1.585295,0.989668,-1.172169,-1.166679,-0.700648,1.070434,0.138093,0.097048,0.917435,-1.197495,-0.189914,2.178782,-0.444391,0.949681,-0.885904,0.273831,-0.958133,-0.378485,-1.240864,1.816399,-1.049525,0.536741,-0.907116,-0.739551,-1.569168,1.380106,-0.064192,0.479639,-1.666073,-0.975433,0.348565,0.708313,0.142693,-0.125232,-0.138145,-0.381307,-0.018021,-0.345195,-1.560519,-0.590214,-1.584394,-0.267146,-0.35149,-0.265877,-2.09467,-0.628019,-1.240721,-0.069826,-1.235707,0.341169,-0.301409,1.409452,-0.478539,-0.291663,-0.125158,0.174337,-0.617243,-0.0635,-1.03313,0.137485,0.281431,-0.273387,0.0528,2.057216,1.268347,1.067413,-0.524215,0.31915,1.113178,0.854224,0.738212,1.00408,1.483707,-0.119329,0.913867,1.228584,0.26522,0.47211,0.091254,-0.204906,0.993128,0.495237,1.360685,0.210246,-0.579662,-0.019231,0.230414,-0.724708,-0.198365,-1.992511,0.295051,-1.407912,-0.744743,0.259246,1.612479,-0.47923,0.493008,0.965695,0.535618,0.146395,-1.285368,-0.019708,-2.552113,-0.374626,1.288698,0.793537,0.894333,-0.310332,-0.007103,2.683935,0.599777,-0.944233,1.44134,-1.091897,-0.379046,0.801344
JU1652,2.978203,0.87932,-0.999827,0.244983,-0.808387,-0.362837,1.608587,0.009721,-0.695504,2.451056,-0.526933,-0.230252,-0.510372,0.361196,-1.098445,-1.456522,-0.288635,0.854869,-0.447737,1.013971,-0.331635,0.011314,-0.352305,-0.788537,0.088269,-0.51215,-0.198302,0.553525,0.177978,-0.299569,1.428881,-0.033759,1.708678,0.096382,0.754662,0.243009,-0.61927,-0.744805,-0.53764,1.066666,0.526835,0.210439,-2.30792,-0.703127,-0.566297,-2.371147,-1.031921,0.509151,-0.867438,1.687869,-1.471401,-1.090871,-0.233995,-2.064339,-0.153348,0.758685,0.036714,0.952985,0.533331,1.906278,1.279104,0.484369,2.031004,-0.584771,-0.197616,1.635476,1.160254,0.768307,0.111212,-0.807272,-0.65827,0.022617,1.131763,1.628975,1.38716,2.290557,1.755521,1.557554,0.023526,2.328377,1.546244,0.834551,0.761757,-2.947838,0.593965,0.751598,0.568954,-0.040547,1.05504,0.13941,-0.069045,-1.158089,2.409787,0.435591,-1.476114,-0.531131,0.073923,-0.057221,-1.657431,-0.36046,0.758576,1.204196,1.122465,0.160425,-0.664188,0.323924,-0.512793,-0.988345,-1.062239,-0.013241,-0.143477,0.624687,1.349752,-2.013844,-0.69248,0.342498,-0.345451,-1.157653,-0.92898,1.740743,-1.086261,1.225814,0.309025,-0.192192,0.017543,-0.734574,0.241728,-0.469662,-1.30873,1.382551,-0.883776,0.93209,-1.044753,-1.074183,1.452502,-0.952821,-0.378462,1.732892,0.697312,1.121457,-0.570467,-1.549892,-0.087046,-0.5417,-1.472711,-1.046631,1.801908,-1.388279,1.151145,-1.634327,-0.699693,-0.147437,0.75817,-0.493357,1.039921,0.91171,0.382286,-0.537705,0.117205,0.003013,-0.110087,-1.460966,-0.35785,-1.103403,-1.210791,-0.849276,-0.026951,-1.29671,-1.121746,-0.070055,-0.76768,-0.008493,0.534148,-1.325208,-0.931394,-0.14578,0.114256,1.43198,-0.966635,-1.534962,-1.49909,1.327917,-1.815025,0.520746,-1.218073,-0.228736,-0.826203,-1.413448,-1.443633,-0.128506,0.042684,0.346452,0.493241,1.356676,-0.298328,-0.555314,0.584051,0.23326,-1.599175,-1.43459,-0.688253,0.802599,-1.398286,-1.506271,-1.23735,0.50136,-1.177763,-0.297045,0.221757,-0.835091,0.353159,-0.653218,-0.673382,0.326889,-0.231606,-0.324956,-2.400568,-0.760113,0.035009,-0.754892,-0.858729,-0.148585,-1.714228,-0.568051,-0.34443,0.256526,0.919042,-1.012601,0.505991,0.82294,-0.091388,0.178877,-0.414949,-0.307227,-1.031785,0.364866,0.104942,0.85194,-0.60371,-0.31149,-0.874391,-0.000876,0.394378,0.55584,0.465572,0.109859,0.162228,-0.652917,1.17158,-1.039452,-0.106794,-1.070686,-1.640037,-2.778611,0.040161,1.879004,0.70318,1.755307,1.442074,0.875347,0.904649,1.022909,1.910753,1.552302,-0.020584,-1.075215,0.120189,1.550161,-0.013351,0.101875,1.042819,0.52008,-0.126785,1.511629,0.493978,0.910294,0.152328,0.671928,1.229692,-2.687512,-2.311249,0.750469,-1.063503,0.120737,0.705678,0.257328,-0.457607,-0.73243,-1.105476,-0.142672,2.052013,1.013398,0.393048,0.953773,0.250523,1.424825,-0.146937,-0.542453,-1.708816,0.334718,-0.827375,0.937873,0.050248,-1.385216,-0.950155,0.327815,-0.353992,1.385261,-1.374302,-0.694469,-0.153583,0.082895,1.203065,-0.079499,-0.119794,0.172861,0.039666,-0.279246,0.155249,-0.735857,-2.235342,-2.07694,-0.770788,-0.767805,-0.165022,-0.241196,-0.098268,-0.88344,0.031228,0.458134,0.30329,-2.382962,0.752633,0.239604,0.658349,1.282151,0.785601,-0.417317,-0.532553
JU1666,-0.329043,-0.863044,1.506894,-0.516743,-0.222341,-0.398583,-0.593866,0.05817,-0.967784,-0.236382,-0.460833,0.805861,0.100494,-0.867539,1.804964,0.621143,0.926457,-0.413198,-0.58051,-1.511821,-0.353742,0.154563,-0.813504,0.721298,-0.443803,-0.645948,-2.608593,1.056018,-0.222853,-0.444982,-0.39202,-0.411008,-1.237055,-0.828392,-1.912796,0.456326,0.386754,1.037345,-0.560953,1.553779,-0.802572,0.485069,-0.576838,-0.978234,0.900887,-0.255647,0.396522,1.40934,0.868176,0.008294,-0.247508,-0.763258,-0.392429,-1.053993,0.920323,0.275528,-0.674543,1.487744,0.381466,3.087558,1.71493,0.39486,0.753876,-0.588763,-0.187492,0.125992,-2.201757,-0.555596,-0.104444,-0.418705,-1.101491,-0.571066,-1.070012,0.822153,-0.323617,-0.854035,-1.179011,1.050809,-0.694933,-0.955176,1.132829,-0.384979,-0.260115,2.303225,0.326291,0.231374,-0.369502,0.518608,0.222012,-0.712132,0.851387,0.832579,1.349129,0.046775,-1.665262,1.203413,0.235616,0.120844,2.038603,0.236282,0.188626,1.590452,1.218163,-0.787303,-1.225239,0.398173,-0.645757,-0.221856,-0.098664,0.449842,1.418657,0.302771,-1.592778,0.285778,0.890667,-0.320574,-1.16247,-2.587295,0.739928,0.225826,-1.743262,-1.529923,0.933379,-0.39543,0.042708,-1.219523,1.601918,1.282697,0.868445,0.086837,0.530179,2.192847,1.165732,1.598827,0.610848,-0.154469,2.062978,-0.695099,0.095536,0.129577,0.130722,1.652489,1.463721,1.590593,0.121309,0.8013,-0.501728,-1.64255,-0.455564,-0.653447,0.550539,0.017597,-0.999102,0.240885,0.14126,-0.081551,-1.099426,1.009496,0.066002,1.57145,0.939305,0.222654,-0.026232,-2.194973,-0.284724,-0.535369,0.743068,2.214577,-1.111061,-1.120649,-0.515452,-1.370993,-0.272551,0.45995,-0.062557,0.754307,0.533954,-0.074103,0.903167,-0.552741,0.708864,-0.473066,0.701645,-0.649402,-0.654302,-1.109927,-0.809367,-0.024519,1.021542,1.375123,1.098313,-0.410921,-0.055935,-0.854381,-1.975162,-1.284519,-0.884656,-0.404162,1.11017,0.614734,-0.295364,0.167167,0.154521,-1.272949,-0.204846,0.88668,-0.559263,0.159765,-0.217833,-2.275849,0.483561,-1.821083,-0.714978,-0.333896,0.17792,-0.214924,0.48409,-1.57219,0.345792,0.09289,0.282452,1.101193,1.256922,0.956058,2.69675,-0.13536,-0.208553,-0.420582,0.431252,-0.649401,0.005233,-0.427699,0.619372,0.490089,-1.056847,1.385361,0.612506,-0.999682,-0.800379,-1.88434,-0.871285,-1.316583,0.229302,-1.143383,0.317339,1.57085,0.673507,-0.227087,0.772288,-0.669343,0.965775,-0.087727,0.771263,-0.829097,-0.475639,-1.392754,-0.177289,-0.4481,-1.084154,-0.878377,-1.918599,-0.209752,-0.1969,-0.138126,-1.488008,0.196743,-0.88409,-1.409104,-2.343284,-2.022815,-0.795495,-0.868626,1.638585,1.515189,0.900379,0.814342,1.492034,0.437373,-0.19893,0.659965,0.408113,-0.876413,-0.372103,1.032322,0.859023,-0.044893,0.049799,-0.216009,1.087059,1.548586,-0.279972,-0.235515,0.717465,0.309519,1.129981,-0.03183,1.352751,0.11544,1.833272,-1.586323,-1.274958,0.535508,0.224478,0.200156,0.078783,-0.484728,1.123785,-0.438651,-0.517566,-0.664459,-0.469718,-1.869907,-1.390135,0.132864,-0.183993,1.199472,-0.647068,0.23787,-0.243729,-0.074675,0.867154,-1.042692,0.869971,0.46219,0.450849,0.686295,-0.849009,-1.219823,-0.968518,4.8e-05,-0.933467,0.198986,0.95408,1.640704,-0.963784,0.457522,-0.527651,1.677251,0.551749
JU1792,-0.313563,0.54269,-0.622263,-0.503782,-0.447317,0.3008,1.912255,0.288661,-0.962216,1.65171,-0.500248,-0.018679,1.232346,1.308298,-1.258383,-0.208834,-0.513135,0.064792,0.34205,-0.053507,0.66337,0.01002,-0.262426,0.678457,-1.605599,-0.155435,0.714641,0.555647,-0.848913,-0.452262,0.607813,-0.607818,-0.096331,-1.399118,-0.702838,1.398014,0.053618,0.156962,0.45787,-0.777728,-0.130355,-0.081918,0.662721,-0.317126,-0.098255,0.189103,0.712696,0.291259,-1.623264,0.248588,0.094812,-0.537781,-1.429979,-0.114666,-1.86942,1.222782,0.44681,-1.730689,-0.209505,-1.663269,-0.57051,1.402043,0.260277,0.914373,0.201624,1.186189,2.925782,0.15799,2.954516,-0.161931,1.588029,-0.06141,1.372294,-2.330968,0.142641,0.488785,0.062806,-0.287893,-0.520174,-0.434063,0.375543,0.511659,0.525229,-0.084523,0.27583,0.577541,-0.131809,-2.239285,0.556987,-0.385482,1.230604,1.844279,0.31775,0.284929,1.461771,2.283603,-0.406285,0.342985,0.613978,0.120742,0.271295,2.020177,0.985764,-1.739238,-0.895247,0.457091,0.229634,0.346887,0.075071,-0.933308,-0.758574,1.288977,0.721958,-0.224397,0.192151,0.395109,-1.757004,-0.942302,3.122561,0.326046,0.775857,-0.294299,-0.695856,-0.101126,-0.919272,-0.595197,0.446218,-0.642034,0.586236,-1.42715,0.516161,1.333991,-1.514528,0.728714,-0.73097,1.12736,1.055053,-0.331028,-0.961444,1.036995,0.27661,-0.574633,0.018682,0.054187,-0.770381,0.22954,-0.590218,-0.731853,-0.777756,-0.294478,-0.054794,-0.679284,0.208979,0.071615,1.760516,-0.858252,1.476049,-0.435885,-0.314712,0.612295,-0.608717,0.644174,0.524447,0.080679,-0.558726,-1.729438,-0.497006,1.177365,-0.250586,-1.528247,0.726495,0.439131,-1.461205,0.859878,-1.656324,-0.206604,-0.62934,0.260388,-0.607653,-2.040997,0.293357,0.145287,0.931134,-1.289386,-0.622077,0.085047,-0.067567,-0.926592,-2.339765,-0.21008,-0.17314,0.399104,-0.193429,0.493517,-0.204838,-1.113028,0.395412,-0.648684,1.949695,-0.516233,2.126706,0.945936,1.045225,2.186,1.078341,-0.025336,0.168542,1.797222,0.362419,-0.98827,1.590379,0.721756,-1.179019,-0.530527,0.262946,-0.888045,1.773475,2.190903,0.94833,0.43257,0.935696,2.078205,0.98665,0.710474,-1.699147,-0.741674,-1.137909,-1.693998,-0.723623,-2.20139,0.626669,-2.07877,-1.736516,-0.73369,-0.028858,1.504792,-0.58962,-0.48123,-1.548635,-0.918588,1.687182,1.275142,1.114842,-0.598603,1.044801,-0.042069,-0.170637,0.861326,-2.034173,-0.794449,0.115419,-1.219931,-0.048467,-0.440013,-1.432378,-0.457352,-0.055537,0.375649,1.325186,0.221274,-0.187202,0.445775,0.991488,-1.179859,1.606631,-0.453329,0.053932,0.911173,1.088163,-0.651878,-0.034325,-1.327837,-0.592977,0.325536,-0.548431,-0.458482,-0.16941,-0.158026,0.122212,-0.6872,-0.917509,0.129642,-2.040168,1.476911,-0.516505,-0.80884,-0.483104,-0.590354,-1.142366,1.18179,-0.84363,0.092014,-1.190046,0.808088,-0.503108,0.382359,-1.136483,1.457477,-0.503554,0.267993,-1.373035,-0.587448,0.650647,-1.612309,0.261805,-0.335056,-1.383915,-0.592115,-0.703665,0.184355,-0.769311,-1.562006,-0.640658,-0.509678,-2.345852,-1.340386,1.193866,0.339284,0.525546,0.414292,-0.719741,-0.361196,-0.596966,-1.427521,-0.541014,-0.240009,0.145549,1.197872,0.280176,-1.136366,0.646627,-0.693275,-0.68788,-0.617213,0.810861,0.190942,-0.62745,-0.606335,0.998872
JU1793,0.364802,1.15358,0.139913,-0.248516,-1.492319,-0.440317,1.181237,-0.158165,-0.444708,0.240765,0.802965,-0.731831,0.170104,-1.656653,-0.480282,1.108363,0.760861,-0.092144,-1.613711,0.276837,-0.786295,0.326864,-0.230758,0.484972,-0.572975,-1.420867,-1.101094,-0.343511,0.912695,0.137325,-0.850792,3.140885,-0.47397,-0.285426,-1.116658,0.193406,0.315556,-0.341456,-1.359698,0.265655,0.093499,1.682778,-0.502218,0.171153,0.380979,2.212665,-0.846771,-0.018954,0.91869,1.11685,-1.685588,1.035461,-0.287733,0.679909,-1.446549,1.846829,0.63853,1.347747,0.76907,-0.015621,-0.369819,2.423351,1.26874,1.25386,0.164859,1.818213,1.7516,-0.334392,-0.098204,2.211066,1.665735,1.131279,0.839838,-0.731272,-0.013745,0.706828,0.571228,-0.10947,-0.160853,-0.218508,-0.563986,-0.682952,2.388621,-0.13376,-0.939935,0.00269,-0.874892,0.733181,0.067444,1.244904,1.030199,-0.045248,0.588981,-0.208416,1.029889,-0.103458,-0.543535,-0.368102,-0.192238,1.322567,-1.702097,-1.169893,0.071172,-0.692813,-0.957214,0.468843,0.161868,-0.192817,-0.648885,-2.864039,0.366747,0.011306,-1.167433,0.31523,0.827834,0.508182,-1.686043,0.748803,-1.414286,1.067297,1.047297,2.004878,0.16089,0.189899,0.868021,0.32559,0.141908,0.716903,0.116557,-1.441942,-0.554663,0.580153,0.187974,0.31444,-0.375537,-0.415464,0.283716,-1.940009,0.024125,0.638933,-1.37495,0.126343,-0.874785,-1.234502,0.292306,-0.252347,-0.637923,-1.187047,0.751849,-0.559301,-0.151888,-0.487645,-1.822515,-0.610831,-1.424992,0.444718,-0.603103,0.956038,-0.816966,-0.235236,-0.275341,-1.69847,0.189266,-0.790191,-0.949821,0.65853,-1.50999,0.460248,-0.74093,0.733411,-1.760106,-0.137453,1.503909,-1.717679,-1.055803,-1.327728,0.045879,0.920212,1.187437,1.582299,0.662244,0.779403,1.068258,-0.041848,-0.151259,1.000739,-0.433875,-0.569051,-0.923055,1.160522,-1.831205,-1.614028,-0.231553,-0.161202,0.047489,0.173449,-0.162729,-1.303107,1.231354,-0.282384,2.461812,1.136606,0.219859,-0.486201,0.941716,2.05988,-0.012268,-1.197222,-1.352896,-1.13626,-0.332953,-0.494548,0.567012,0.088612,0.184141,0.450794,-0.560049,2.148365,0.966765,-0.370563,-0.765546,-0.473818,0.02904,-0.949677,1.021221,1.924083,-0.243191,1.22291,2.304828,0.737233,0.856035,-0.340813,1.179562,1.576135,-1.611896,0.552693,0.165096,0.091546,-1.121294,0.244188,-1.293598,-0.821542,-0.904241,-0.943212,-2.95269,0.003919,-0.361872,-0.030057,-0.432729,-0.457585,-0.857135,-1.376926,-0.06309,0.532716,-0.298605,0.234167,0.376341,1.475543,1.750346,1.124386,0.675371,0.523264,-0.704767,1.080685,0.545793,0.612778,0.52482,0.833791,0.569533,-0.023649,0.504461,0.854049,-1.603717,2.444532,0.645071,-0.465367,0.281419,0.211698,0.905881,0.274901,0.240667,-0.016941,0.227426,0.693651,1.327048,1.077565,-0.085861,1.507085,0.176628,-0.834093,0.605205,0.153618,0.146634,0.319392,0.223012,-1.325106,0.291186,0.902653,-0.290819,-1.47187,-0.902286,-0.007861,1.276502,-0.111763,0.76476,-0.798361,-0.174154,0.305855,-0.937567,2.10901,0.643979,-0.485333,0.442638,-0.462308,-0.526135,0.654899,-0.17894,-0.196614,1.791699,-0.156006,-0.33353,0.677224,0.248296,0.149731,0.453001,0.665644,0.123288,-0.2541,-1.007084,-0.914165,-0.466715,-1.223264,-0.18774,0.480009,0.152171,0.620815,-0.012454,0.379455,-0.81692
JU1808,-1.888882,-0.854901,1.417878,0.415419,-0.474964,-1.213917,-2.282205,0.554315,-0.071963,0.372862,-0.490417,1.240578,-0.335188,-0.354759,-0.248617,1.049466,0.971092,1.209061,-0.419422,-0.07604,0.248659,-1.296566,0.497655,1.026125,0.045602,1.052036,-1.133052,1.065181,-0.957483,-0.262338,-1.440073,-0.172958,2.030269,1.415158,0.268812,-0.648526,-1.33913,1.072036,0.952433,2.871491,0.15496,-0.092087,0.903305,0.445736,0.101354,-2.02714,0.006568,1.993149,-0.314512,-0.603555,-0.707208,-0.609074,-0.788849,-0.425816,0.308799,1.24269,0.962666,0.560154,0.423116,-0.281469,-0.253535,0.358762,0.425776,-1.413203,-0.10733,1.500542,0.630096,-1.49623,1.78881,1.580097,1.259883,2.089746,-1.254648,0.214534,-0.44581,-0.030049,-0.085955,-0.044549,-1.290909,-0.812437,0.440334,0.909558,0.065336,0.083837,2.363311,1.01483,1.069325,0.699784,0.791398,2.65017,0.224391,1.17225,-0.091384,-0.657785,-0.252636,0.81682,-0.341674,-1.136567,0.437687,0.560356,0.034865,-0.930942,0.090926,1.19107,-1.19095,-0.252333,-0.207909,-0.523827,0.384685,1.214547,-0.086227,1.207563,1.474414,1.605581,1.394342,0.481041,1.439006,0.549144,0.557164,1.080539,-0.803399,-0.15765,-0.227381,1.390856,-0.622767,-1.199822,-0.446516,1.736979,1.311662,2.694194,1.045747,0.758184,1.292834,1.989526,0.549021,-1.512784,0.930855,-0.724893,-0.425229,1.411651,-0.494334,-1.148932,-0.474464,0.88112,-0.076837,-1.059056,0.08828,0.548638,-1.690293,-2.164591,-0.048269,1.715064,0.935156,0.97931,0.629321,-0.982257,-0.734054,0.360744,0.055015,-0.416087,0.446458,0.360621,-1.287168,2.98136,0.006678,-1.90158,-1.722765,-0.906976,-1.094195,-0.868373,-0.960564,0.346931,0.463132,-0.585569,0.784924,0.214067,0.582575,-1.289866,0.548096,-0.745849,0.271167,0.533496,0.752984,0.893129,2.513844,-1.128896,0.365789,0.42078,-0.192467,0.141643,0.657402,0.451713,-1.263642,0.780108,-1.191461,-1.108498,-1.166135,-0.784974,-2.223863,-1.267339,-0.367958,-0.557707,0.336552,0.250021,-0.683656,-1.777208,-2.781056,-0.161984,-0.942078,-0.373158,0.381593,-0.023393,0.463495,0.586207,-0.061115,0.494418,0.174229,-2.069331,1.159536,1.021608,2.128609,1.6542,1.681719,0.263181,0.273451,-0.121116,-0.94964,0.553234,-1.197841,1.499619,-0.161083,-0.806489,-1.057444,0.20393,-0.0164,0.246328,-1.595659,-0.967705,0.969336,-1.130506,-0.293766,-0.708946,0.401954,0.182039,-0.364658,-0.942973,-0.78123,-0.918038,-1.203218,-1.47351,-0.101441,-0.94285,0.111228,0.146925,0.493036,-0.822178,-0.598195,-1.343006,-0.746542,-0.887872,0.626509,1.067512,0.905051,2.443253,-0.006947,1.81199,-0.841248,-0.158594,0.017077,-0.221376,0.45504,-1.794779,1.247555,-1.395752,-0.816599,-0.687658,0.209755,-1.385451,1.014115,0.051655,1.375247,0.292324,-0.049286,0.559146,-0.852077,0.236903,-0.109189,0.133359,-0.784338,1.439913,0.811714,0.154107,0.968229,0.249775,-0.284639,-1.523591,-0.288733,1.794518,1.285736,0.032957,0.517817,0.266134,0.774173,0.357003,0.276204,0.665804,0.735286,-1.237255,-1.373757,-0.479269,-0.020038,-1.79549,1.180558,1.107213,0.482202,2.134904,0.735011,-0.504623,0.257052,1.463916,-0.400656,1.27936,-0.224266,-0.381079,-0.001738,-1.16906,-0.297469,-1.517571,0.19004,1.01,0.33971,-0.852261,1.04674,1.763221,-0.40674,-1.141152,-0.355636,0.613075,-2.133172
JU1896,0.063365,0.402623,0.735132,-0.967325,1.06842,-1.315548,0.089803,-0.135785,-0.501791,-1.331459,0.499304,-0.491444,-1.075319,-1.181408,-0.751877,-0.113112,-0.036389,-0.551435,0.352529,-0.774371,0.754612,-0.757034,1.236345,0.790992,0.312794,-1.510714,-0.413524,-0.83251,-1.606149,0.760491,-0.383632,-0.342868,0.610619,-0.111659,-0.092904,-1.590878,-0.478717,-0.813333,0.397546,-1.467214,-0.868762,0.247408,-0.664205,-0.466262,0.198978,-0.804996,-0.393903,-1.804468,1.014825,-0.749287,-1.212291,-1.026211,-0.183147,0.992195,0.104033,-0.541581,1.829471,-1.027784,-1.686187,-1.169852,-1.118796,-0.763054,-1.121598,0.245395,-0.927074,-0.395792,-0.117832,0.930681,0.0762,-0.025084,-0.280422,-0.391415,0.317063,-0.38294,2.031203,0.50642,1.612752,0.20391,2.11306,2.230017,2.701184,-1.181638,-0.140139,-0.643834,-0.633132,-0.40569,-0.384495,-1.334145,0.150172,-1.067605,-0.529485,-0.575645,-1.379604,-0.264292,-0.073427,0.832058,-1.792635,0.038822,-0.778124,0.10677,-1.542098,-1.219937,-0.189478,-1.88161,8.9e-05,0.848368,-0.398956,0.192668,0.875605,1.5925,0.243437,1.905927,1.11253,1.962479,1.103445,1.535526,1.180781,-0.142122,-1.279412,1.607119,1.185966,1.365061,1.232552,1.671201,1.132948,-0.478506,-0.022285,-0.859692,0.145682,-0.450188,-0.255055,-1.11482,0.373459,0.03676,-0.532269,1.637716,0.594986,2.237079,0.94515,0.365772,1.084308,1.159326,0.98809,1.589316,-0.830267,1.519873,0.332478,-0.150521,0.9152,-0.311233,0.447168,-1.129965,0.674958,0.443231,1.072027,-1.007225,0.568768,1.231694,0.130967,1.741588,2.496202,1.870854,-0.622506,0.797383,-1.232428,-0.46178,-0.484997,-0.812387,-1.243253,-1.736918,-1.037184,0.574333,1.675716,0.959814,-1.906461,2.604766,1.095497,-0.099791,0.863633,2.220832,-0.218662,-1.209735,1.306192,-0.274081,0.518385,1.806519,0.035679,-0.905194,1.089517,-0.019032,-0.731434,-0.681212,-0.685444,-0.308925,-0.137804,-1.42017,-0.836459,-0.234253,-0.534501,-0.280977,-0.148551,0.156862,0.289967,-2.120812,-1.96999,-0.421563,-0.586932,-0.801058,-0.80655,-2.759811,0.580227,2.152623,1.138663,-1.467624,-0.451125,0.242745,0.51884,0.292279,-0.483699,1.436844,-0.268718,1.186768,0.329189,0.756952,-0.848586,-1.134894,1.244442,-0.641643,0.372053,0.647772,-0.939349,-0.087911,0.591302,1.156763,0.369003,0.99572,0.233851,0.924534,-1.605927,0.787148,-0.449552,-1.137585,-1.270281,-0.556715,0.495843,0.266288,0.463463,-1.637747,0.15961,-1.323158,-0.143355,-0.86568,1.322018,0.394645,0.490841,0.583594,2.600369,0.583334,0.359307,1.320043,0.15265,1.911366,0.33185,0.188725,0.221689,0.58982,0.845657,1.120828,1.46179,0.989269,-1.568073,1.298,-1.312749,0.114633,-1.204918,1.419917,-2.090887,0.199651,-1.081436,1.876355,1.24544,-1.439996,1.415046,0.79135,1.400043,-0.88702,1.282311,1.224663,-0.865462,-1.646946,0.161935,0.60488,-0.504453,-0.298452,1.744271,0.42317,0.374868,0.861012,0.723562,1.56007,-0.58645,0.833252,0.734322,0.521468,2.351358,1.123715,1.28997,0.352379,-0.730073,3.401692,0.003052,1.806867,0.9685,1.095197,1.258436,-0.12474,-2.523185,-0.434962,0.01021,-2.178328,-0.053087,-0.618072,0.897879,-0.213931,-1.301608,1.132694,-1.56935,0.208532,0.553544,0.398913,-1.010018,0.643643,-0.906999,0.480791,-0.787773,0.022581,0.766299,-0.122954,0.840405
JU2001,-0.338927,-1.057308,-0.569859,-0.110837,1.914788,0.171234,1.153142,-1.016095,-0.892813,0.739387,-0.446737,-1.312328,0.37716,0.507187,-0.701408,0.013099,-0.202633,-0.30401,-0.181735,-1.328002,1.134289,-1.407024,1.071459,-0.419198,1.385363,-1.188712,-0.887211,0.841975,2.20987,1.008608,-0.296771,0.243989,-0.83933,0.136776,-0.872918,-0.20916,-0.036161,1.339173,0.120437,1.200938,0.580386,0.33695,-1.937525,-1.497922,-0.145026,0.54865,-1.056335,-0.526813,-1.764713,-0.324884,1.204777,0.674747,0.883435,-1.317113,-1.303386,-0.694271,1.736566,1.115199,1.888754,1.329661,0.64358,1.167409,1.068852,-1.49924,-0.946663,-0.137937,-0.158139,1.154328,-0.966323,-0.777299,-0.584891,-1.232838,-1.736537,-1.052005,-1.817542,0.379523,-0.439569,-0.182697,0.234676,-0.424122,-0.743293,-0.280741,0.042152,0.076027,0.271437,-0.01778,1.365334,-2.127409,-0.138912,0.852005,1.372856,-0.977493,0.499224,1.688905,1.214791,1.654861,0.860619,0.549368,0.683736,-1.313008,0.682456,1.919358,0.630187,0.756468,-0.167374,0.562888,1.10387,-0.219887,2.727878,-0.252459,2.716145,1.486751,0.350838,1.053907,2.706703,-0.097494,1.941418,1.643533,-0.343015,0.106153,-0.523247,0.57377,-1.127337,-0.703474,0.389389,0.181375,0.714457,0.846519,-0.038371,2.30647,2.89393,-0.23144,1.643324,1.425303,1.50606,-0.1506,-0.145564,-1.055948,-0.27623,-0.211999,-1.971625,-0.672142,-0.502475,1.142209,-0.468253,1.281549,-1.668233,-0.779299,-0.796815,-0.619612,-0.531246,0.763807,0.008397,-0.483612,0.563315,1.139647,-2.512242,0.366031,0.802709,-0.068144,0.239259,0.065334,-0.309746,0.15848,0.809265,-1.393095,-0.637438,-0.484062,1.296372,1.34139,0.651952,0.172645,0.232872,0.577927,-0.186944,-0.677571,0.991984,-0.735073,-0.663526,0.396243,-0.665077,1.366489,-0.133065,-0.338267,-2.236696,-0.103333,-0.531665,-0.942166,-1.128285,1.46161,-0.885499,-1.010969,3.183265,-0.292773,1.818003,-0.87571,1.987569,0.490182,0.883439,0.119567,0.398655,0.07671,-1.044307,0.726335,1.303962,0.081804,-0.099512,0.206615,-0.271348,-0.554744,-0.285006,-0.908863,-1.185038,-1.312792,-1.575536,-1.891719,-0.450551,0.222543,0.342255,-0.03219,0.224108,-0.246447,-0.036195,-0.234951,-0.575116,1.772069,0.076445,0.647331,1.227556,-0.082586,-0.227647,-0.073132,-0.466768,0.145908,-0.651997,0.191631,0.908267,0.433914,0.276622,1.026498,1.023698,-0.21954,-0.264961,0.653933,-0.251518,1.359104,-0.443221,-0.513847,-0.855405,0.70274,0.104915,0.100322,0.61376,0.441247,-0.048001,0.754531,-1.838285,1.210125,0.42227,0.231606,0.625819,0.640995,-0.9798,-0.455786,0.249723,1.678496,0.252483,1.364853,-0.646624,0.344653,-0.198394,-0.32982,1.334393,0.472341,-0.09821,1.552647,0.17992,1.059275,2.102424,-0.235424,1.253556,1.245263,-0.809777,1.551154,-0.93291,-1.100441,-0.267798,-1.122197,-0.455849,0.016688,-0.122965,0.909342,1.000221,0.656804,1.640404,1.519196,0.14822,1.343665,-0.66041,-0.012971,0.317423,-0.484464,1.251,-1.35711,-0.321294,-1.860284,-2.015703,-1.262485,0.796146,0.093582,-1.076983,-2.401112,-1.158722,-0.573321,-1.120042,-2.089691,1.650082,0.313524,-0.551947,-0.774311,0.136576,1.690184,2.197919,0.261676,-0.63596,0.303397,0.275722,-0.108751,1.722053,0.808653,1.884692,1.070934,-1.311163,0.433926,-0.887899,-0.794627,0.984313,0.595298,-1.963765
JU2007,-0.212324,0.011653,-0.281567,-0.479983,0.521981,0.627014,-0.235431,0.855599,0.703507,0.202733,0.111125,0.274206,-0.958077,-0.122563,-1.000049,0.312701,0.628554,-0.213858,-0.847783,0.085584,-0.858716,-1.245745,-1.154516,0.273039,-0.952973,0.525147,0.24412,-0.651813,1.778309,-1.471608,-0.256701,-0.187275,0.714921,0.160009,-1.348435,-0.246774,-0.528977,1.426145,-0.864121,1.061833,-0.639362,0.038509,-0.432412,1.007811,0.188891,-0.186918,2.459143,2.223555,1.696628,2.050806,1.588061,1.964566,2.367617,2.065239,-0.588359,-1.134178,-0.193501,0.177322,1.069891,0.102701,0.744715,-0.605758,-1.328443,-0.281817,1.36231,-1.864321,0.485901,-1.736474,-0.722497,-0.12174,-0.119364,0.982081,1.009376,-0.39352,0.989094,-1.200762,-0.75067,-0.116596,0.459091,1.45394,-1.226509,-0.622869,0.641616,-1.086659,-0.421025,0.12358,2.077455,-1.209737,-1.964659,-1.965197,-0.703212,0.954542,0.212007,-0.072072,0.73505,-0.520842,-0.298235,-0.526297,0.2703,1.809592,0.128822,-0.617289,-0.608816,0.049178,0.532955,-0.278797,-0.828413,-0.135944,0.911389,-1.283655,-0.956201,-0.462967,1.177752,1.17897,-0.308156,0.653297,-0.081302,-0.900808,2.126918,1.816643,-0.611769,0.582641,0.686324,-1.038398,-0.093169,-0.070438,0.704346,1.570362,0.537638,-0.223533,0.570831,0.21925,0.837824,0.218713,0.270026,0.611734,0.126629,1.313879,-0.423927,0.029506,-1.054523,-0.330589,1.949289,-0.636614,2.022598,-0.229784,-0.558919,0.859436,-0.748366,-0.203525,-0.321856,0.630696,-1.080541,0.56795,0.730717,-0.429266,-0.266525,-0.506799,0.40696,-1.225317,-0.191843,-1.129273,0.194642,-0.671942,-0.578083,2.560524,1.390873,0.384211,0.572624,1.692988,1.857433,0.28708,1.141625,1.87589,1.472339,0.387333,0.34703,2.246774,1.17738,2.45246,-0.639167,0.382049,0.802976,-0.160583,1.497432,0.256379,0.796732,1.234829,-0.564263,0.245773,-0.391322,-0.065522,0.235054,2.053426,-0.840385,-1.042425,-0.317953,-0.336016,-0.029679,1.12378,-0.061251,0.213246,-0.604973,-0.4074,-1.806021,-1.500292,-0.640849,-0.305867,-0.892104,-1.832794,-0.940268,0.444422,-1.494115,0.350821,-0.427314,0.966877,0.860062,-1.806992,0.184638,-2.205451,-0.335809,-1.243125,0.346387,-0.27947,-1.336327,-0.30858,-1.945867,-1.687121,1.48072,-1.18099,-0.536304,-0.231132,0.138832,-0.951491,-1.550172,0.947433,0.020766,-0.372019,-1.795173,-0.175727,-0.591868,-0.23317,-1.572861,-0.767798,1.168316,0.899926,0.742711,0.462862,0.315432,0.979583,2.08773,0.260861,1.528693,-0.588549,1.036313,0.013214,1.303415,-1.426544,1.207148,0.713791,0.166802,0.034474,0.672083,-0.593227,0.903415,-0.04243,-0.192266,0.342639,0.656273,0.108544,-1.86084,1.359417,1.11058,1.96892,-0.090289,-0.950913,-0.032438,-1.888635,-1.795791,1.312618,-0.816077,-1.910493,-1.397987,0.525925,0.331802,-0.228415,-1.131089,-0.318054,1.127848,1.65613,0.349599,2.057328,0.18714,-0.300188,1.596828,0.686424,-0.473491,0.033001,-0.679005,0.88753,1.208938,2.051084,-0.277735,0.927212,1.269458,2.403166,2.298525,0.581254,1.137985,1.90951,-1.145261,0.745986,1.48914,0.696538,-0.056119,-1.2833,2.052732,0.803442,0.646807,-0.931194,1.104086,0.02393,-0.693537,-0.935743,-1.777816,-0.701703,0.347252,-1.637603,-0.588971,0.436256,1.153272,0.880667,-1.368992,-0.800205,-0.887712,-1.655066,1.129507,-0.67239,0.980872
JU2016,0.448896,-0.238018,-0.998128,0.579998,1.688273,0.212388,-0.719374,-0.853178,0.093189,0.949496,-0.32497,-0.574506,0.03751,-0.878946,-0.60106,-0.453373,-1.403371,-1.300458,1.11145,1.50041,2.157261,1.02652,1.534171,1.051213,2.159657,0.038416,0.481337,-2.159815,-0.864562,-2.118991,-1.234444,-0.477965,-0.516326,0.146179,0.457965,0.961144,1.288592,-1.377208,0.483631,1.319778,-0.738973,-0.608652,0.563182,-0.428186,-0.30545,0.246155,-1.611172,-0.662212,-0.567695,0.81565,0.072662,-0.19158,-1.423579,0.695701,-0.242722,0.047961,-1.24561,-0.381469,-0.40526,0.091867,-0.852684,-0.632911,1.011639,-1.908605,0.599202,0.67471,-0.255853,-2.001366,-2.090211,0.111258,0.504251,0.007675,1.001295,-0.38969,-0.03991,0.472752,-0.366612,-0.457373,-1.620005,-0.531214,0.124536,0.451326,-0.956244,1.338492,-0.905863,-1.743939,0.186173,-1.221458,0.891116,-0.657225,0.482578,0.798609,-0.361967,-2.063209,-1.300301,0.403249,-1.592383,-1.108415,-1.539794,-1.381263,-0.475068,-0.243902,1.071168,1.158681,-0.399731,-0.724825,-1.47427,-0.853055,-1.199547,-0.553131,-0.177945,-0.993612,0.563066,0.020647,0.252521,0.437172,0.320108,0.553012,0.31544,-0.582094,-0.545331,-0.64602,-0.953512,0.27504,0.074207,-0.606582,-0.377061,1.621226,0.029882,0.172005,-0.229736,-0.125455,0.017595,0.738795,1.203255,0.313342,0.645803,0.6041,0.692644,2.23356,-0.178629,0.337013,1.428745,0.034909,-0.861601,-0.572096,1.261028,-0.68459,-0.453035,-0.384732,0.999288,0.38065,-0.068394,1.251592,0.345488,-0.820364,-0.260102,-1.221901,-1.203471,0.015785,-0.33713,0.776375,-1.856238,0.109555,0.371876,-0.123788,0.936117,-0.157772,-0.242402,0.798058,0.967407,2.475622,0.792144,0.462355,-0.828088,1.727082,-0.276856,-0.062982,0.802364,-0.554119,0.533556,0.303573,0.492849,1.568969,0.094879,0.608472,0.98663,-0.782926,0.719922,-0.473363,-0.697602,0.204058,1.407198,0.893115,1.26088,-0.132339,0.792083,1.979835,0.826692,-1.51372,1.272557,0.380711,-1.767151,-0.283091,1.118826,-0.565321,1.389817,0.235184,-0.993262,1.685586,1.659136,-0.445996,-0.107723,-0.075626,1.352815,0.090218,-1.226314,-0.837518,1.216703,-0.045378,0.07469,-1.830891,1.582965,-0.063788,-0.746507,1.252354,1.081293,1.13382,1.61994,0.341576,2.406379,1.474476,0.189818,1.281128,2.107389,0.50303,1.472657,1.439334,-0.698891,1.12966,0.161122,1.316646,0.010482,-0.208862,1.439101,2.246264,1.721603,-0.179197,-0.419508,0.723172,-1.160529,1.350818,1.550169,-0.27512,-0.573373,0.248116,0.649964,-0.010864,1.065201,-0.547539,0.495441,-0.175089,1.56666,0.595752,-0.160967,0.218355,0.944906,0.442796,1.362974,1.112748,0.073152,-0.682146,0.396538,-0.140474,-0.990651,-0.457347,-1.541617,0.001108,-0.038607,0.931433,-1.961371,1.226026,-0.482941,0.247603,-1.237793,-0.545591,-0.940097,-0.804643,0.542888,1.150804,1.111549,0.797064,-1.806638,0.503603,-0.280613,-1.116699,-1.357092,0.876979,-0.22476,-1.983514,-0.721855,0.242115,-0.901774,-0.865115,-0.980873,0.315942,0.029303,-1.133014,-0.450751,-1.18577,1.709553,2.238335,-0.423967,3.05493,-0.014359,0.852915,1.198332,0.06234,0.115916,0.047474,1.308815,-0.139767,-0.43948,-0.154027,0.575891,0.166849,0.254389,-0.976708,0.715027,0.965537,0.673106,-0.403426,0.319893,-0.17315,-1.839613,-0.572598,-0.221772,1.436053,-0.263624
JU2250,-0.075075,0.354503,0.657753,0.412799,-1.061978,-1.583618,-0.022039,-2.027808,-1.100137,0.638833,-1.232556,-2.118711,-0.905512,-0.43226,0.29657,-0.360014,0.492367,0.514093,-1.460643,0.345036,0.38893,-0.28949,-1.52189,1.483822,0.613395,-0.318305,0.209407,-0.216338,0.101937,-0.299656,0.6003,-0.645947,1.417759,-0.312132,-0.678547,0.586758,-0.269445,-0.060521,-0.320012,0.251368,-1.105954,2.01259,0.773938,0.063357,-1.808943,2.801139,-0.322522,-0.50859,1.426381,0.397063,0.257051,1.045237,-0.862569,-0.317528,0.694818,-0.951214,0.595191,0.623353,-0.386196,0.398631,0.223777,1.113548,1.696645,-0.309031,-0.00325,0.333104,0.847142,0.994908,0.350937,1.407219,0.321794,-0.027217,-2.750225,-0.282291,-0.543559,-0.231134,-1.0674,-0.32095,-1.02006,-0.81561,-0.35075,-1.430243,-0.809859,0.372398,-0.234592,-0.672975,-0.607869,1.080597,-1.114037,-0.339875,1.02426,0.962038,1.106214,0.621296,0.811937,-0.128526,0.053655,0.947597,1.265884,-0.164239,1.871645,0.476909,-0.668877,-0.928356,-0.166953,0.577214,1.008867,0.424776,-0.699225,-1.320627,-0.501344,0.120169,1.673569,-0.684208,-1.231655,-1.08137,-0.356699,-1.470848,-0.297635,-0.006226,-0.237543,-0.17132,-0.759364,-0.595624,-0.538951,-0.125656,0.019409,-0.109014,-0.132042,1.9348,1.304468,1.209172,0.729599,0.839752,1.336849,1.047007,-0.552559,0.474858,0.039182,0.939712,-1.816924,-0.097203,-0.233663,-0.35441,-0.232738,0.169499,-0.284768,-0.94313,-0.546099,0.408771,-0.033201,-0.389457,0.238765,1.69641,0.084456,0.065558,-0.882596,0.575233,-0.364481,-0.413794,0.352785,-1.056761,0.0813,-0.41556,-0.60153,-0.265157,-0.224144,-0.695872,0.009542,0.249538,0.228167,-2.801705,-1.487154,-1.032149,-1.263035,1.040031,0.156935,-1.336537,-0.72489,-0.821432,-1.909748,-0.430127,-0.282813,0.229588,0.784003,-0.068742,-1.223296,-1.969211,-0.232365,0.777567,0.307797,-1.877393,-0.16063,0.982236,-0.429698,-0.503262,0.889704,0.019096,1.911682,-0.561579,-1.025305,-0.053655,0.54588,0.993437,0.807944,0.12414,-0.918549,-0.24507,1.081968,1.253311,-0.876158,-0.319578,0.882709,-1.377208,1.149071,-1.429629,0.498794,1.219002,0.505989,1.3422,-0.511402,-0.293815,-0.804647,-0.76451,-0.686902,1.620097,0.936425,0.733173,-1.08693,-1.593406,-1.061552,0.540657,1.817625,0.177733,0.051262,0.374441,0.468111,-1.68687,-0.320053,-1.188584,-1.509791,-1.562547,-1.554182,-1.29598,-0.089516,-2.199526,-1.139955,0.422764,-1.568038,-0.835039,-0.559623,0.022225,1.196858,0.287122,1.40216,-0.297293,1.187319,-1.103998,0.408206,-0.237879,-0.092415,1.899317,0.635181,-0.660936,3.195076,0.386748,0.961747,-0.293934,-0.185947,1.395086,-2.335911,-0.820263,0.664466,0.132228,-0.174209,0.981829,0.533384,0.46354,-1.12629,2.478097,-1.349149,0.925579,1.017688,-0.917613,-1.015766,0.893999,0.268798,0.200907,1.026405,-0.773367,-1.165528,-0.629104,-0.319308,-0.42583,-0.421318,-0.469616,-0.619105,0.110897,-0.6967,0.057559,-0.462162,-0.661323,-1.715905,-0.775938,-0.171756,-0.706571,1.189691,0.025176,-0.546763,0.970208,0.174916,-0.006272,-1.269988,-1.188531,-1.099672,0.059547,0.208441,0.976343,-0.443815,0.016952,-1.213981,-0.40304,1.04293,0.301083,-0.177243,1.163795,0.567872,0.393933,-0.714078,1.94957,0.017266,1.072037,-0.65913,0.819484,-2.35208,-0.036769,-0.399764,-1.268028,1.669293
JU2466,0.137815,2.907215,-1.246261,-0.244378,-0.041118,0.071779,-1.086327,-0.449401,1.638907,1.077067,-0.06875,1.07287,-1.34531,-0.047393,1.216077,-0.284932,-0.295327,-1.202666,0.90426,0.71546,-1.545474,0.385586,-0.716661,-0.44635,0.088726,0.738743,0.487873,0.222577,-0.980857,1.153346,0.248216,0.84931,-0.606893,0.739829,0.101912,0.66885,-1.123557,0.856561,0.012827,0.17723,0.400964,-1.759421,-0.278087,0.784508,0.462921,1.208218,-1.447654,-0.974384,-0.353219,-1.946532,-0.59994,0.607807,-0.030418,-0.750243,0.495791,0.519009,0.601225,-0.762027,-0.136694,-0.110894,1.12945,0.691401,1.042181,1.381554,-0.136758,0.183948,1.182586,0.93428,-0.761977,0.097829,-0.487007,1.262802,0.866436,-1.270001,0.288794,-0.917453,-0.591266,0.247845,0.148045,-0.336478,-1.724057,1.83121,-0.067855,-1.710337,-0.479488,0.58817,-0.800426,-1.736517,-0.141577,0.475332,0.20385,1.130513,1.479366,0.599129,0.477525,-1.98473,-1.027816,-1.202773,-0.20421,0.457397,0.518331,1.204465,-1.127976,-1.125527,-0.584266,-0.440285,0.657036,-1.785104,-1.334926,0.265582,0.124855,-1.618184,-0.159499,0.791884,-0.091454,-1.19463,-0.415489,-0.112114,0.716358,1.996085,-0.948882,0.296483,-1.379142,-0.027474,0.495038,-1.101894,-0.188616,-1.248334,-0.719808,-1.310969,-0.574591,0.998279,-0.322619,0.698161,-0.817578,0.061929,0.447167,-0.632723,0.951369,-1.952517,1.492566,-0.739946,-0.398138,-0.412323,-0.40761,-1.187472,-0.34456,0.727172,0.736862,-1.134207,-1.208342,0.357357,-0.293019,-0.061595,0.57786,-0.007877,0.804648,0.251007,-0.369181,0.211106,-0.199181,-0.881819,-0.608849,-0.792254,-1.334359,0.198163,0.703971,0.729701,0.344074,-1.353674,-0.928207,-0.095823,0.111451,-0.398293,-1.628896,-0.411642,0.84245,1.085481,-0.717329,0.721689,-0.436253,-0.877463,-1.007904,-2.01282,-1.175048,0.617939,-0.326308,-0.955185,-2.058399,-0.97316,-0.749455,-0.39873,0.472923,-0.888178,0.566232,0.609353,2.085708,1.278178,-0.041653,1.327643,0.118703,-0.318378,0.609991,-1.050716,-2.12045,-0.426188,-1.41174,-1.305913,-1.71352,0.294795,-0.433907,0.335686,1.928838,-0.222696,0.67191,1.162285,0.375366,0.300372,0.928067,0.034321,0.809958,-1.738867,-0.673306,-0.12548,-0.526366,-0.630469,2.052478,-1.273776,1.810583,1.266287,-1.378765,1.697614,0.708544,0.806947,-0.326877,1.300299,0.64208,2.320751,1.130573,0.271359,1.073584,2.132105,0.903177,0.243084,-1.905689,-0.192218,1.578149,0.464687,0.772218,1.253946,0.943472,2.060272,-0.183935,-1.288812,1.009759,-0.320229,-0.540587,-0.04655,-0.825536,-1.263661,-0.699563,-0.477139,0.190355,-0.417885,-0.435646,0.584482,-0.796773,-0.580301,-1.610838,-0.799026,0.733818,0.827306,0.76206,-0.650365,0.803816,0.282101,0.175053,1.081602,0.222896,-0.383411,-0.056558,0.13738,-0.026522,1.024229,-1.517138,-1.798141,-0.650227,0.6189,0.527486,1.217311,0.439093,0.673518,-0.400042,0.698297,-0.824405,-0.149802,0.524483,1.115567,0.782228,-1.019108,0.021284,0.682445,-2.062975,-0.451867,1.10666,-0.31136,0.586603,-0.400046,1.21645,-0.996047,1.104015,0.365321,0.646386,-0.172143,-1.68103,-0.231196,-1.386759,-1.363668,-0.453384,-0.712623,-0.960965,-0.060127,-0.682522,-0.076114,-0.626803,-0.417277,0.76221,-1.232514,-1.476102,0.208529,-1.09169,-0.019515,-0.090866,-0.945286,-1.286743,-0.342662,0.250076,0.0443,1.03825
JU2519,0.64458,-1.370222,-0.639582,0.466796,-0.047718,-0.147562,-0.620157,-0.533524,-0.593019,-0.03109,-0.39046,-0.564668,1.450978,-0.384085,0.121404,-0.196044,-0.626029,0.491625,1.321651,-2.126785,-0.200784,2.343104,-1.219694,-0.402626,-0.461704,-0.23813,0.561789,1.158367,1.413991,1.793832,3.065589,1.37234,1.133774,2.383049,2.373539,2.495537,1.520367,-0.864958,1.812667,-0.084343,-1.214638,1.566083,-1.363603,0.241955,-0.599961,-1.053052,1.475854,1.570465,1.222209,-0.961416,-1.511975,1.494174,0.431699,-0.324819,0.352159,1.906477,0.839683,-0.07411,1.342204,-0.419765,1.090422,1.151605,1.463464,0.304649,-0.68681,-1.987526,-0.018088,0.095561,0.255409,0.080578,-0.890592,-1.272641,1.287143,-0.162093,-1.069156,-0.297914,-0.239628,0.104751,-1.220213,0.55435,-0.973527,2.258842,-0.506308,-0.00819,0.646101,1.170791,-0.505484,1.127516,0.746443,-0.139796,0.367547,-0.266993,-1.088342,1.798496,0.640162,1.289679,0.464568,1.800989,1.130803,-0.083619,0.724039,-0.370022,-0.867767,-0.192466,0.139327,0.457611,-1.346999,-0.058704,-0.809739,0.168279,0.5028,-1.041643,-1.045627,-1.284686,-0.001443,-0.124154,0.139751,-0.357527,-1.166166,-1.060258,2.654738,1.009301,0.392183,1.866333,1.138992,1.98325,-0.012538,-2.744575,-0.709353,-0.851847,-0.698345,1.396131,0.353457,0.348003,-1.200465,-0.111362,-0.31708,-1.823029,-0.021333,-1.246489,-1.651172,0.0754,0.144066,0.910961,0.076203,-2.281176,0.390851,0.738079,-1.011135,-0.26103,-2.110071,-1.646934,0.799587,-1.223616,-0.12741,0.880765,0.207586,-1.156051,-0.088536,0.259938,-0.503907,0.622146,0.691928,0.63107,-1.448057,-0.280616,-0.696848,1.742883,0.706915,1.816155,1.095269,0.298266,-0.104115,-1.058757,-0.819233,-1.83267,-0.558229,-0.786355,1.330171,0.914472,1.537903,-0.550253,-0.000443,1.141201,-1.714987,2.145094,0.986937,-0.615578,0.398341,-1.364971,-0.191192,-0.232923,-0.159588,-0.990558,-0.865003,-0.647844,-0.686852,-0.266808,-0.338264,-0.95405,0.498853,-0.581796,1.583713,-0.091673,-0.439446,1.747569,0.220045,0.593942,-0.843068,0.568477,-0.390959,-0.617822,-0.695159,0.455978,-2.535296,-2.102778,0.983097,-1.259961,0.55808,1.062193,0.045128,0.001692,0.69193,-1.535623,0.673955,-1.62655,1.580961,0.701687,0.045404,-1.237563,0.729001,0.505307,-0.374049,-0.546391,0.351629,0.866857,-0.047982,2.506866,0.621,0.813311,0.322918,0.948312,0.924057,-2.163725,-0.687431,-0.533317,-0.728648,0.253185,-0.589035,-0.78033,1.089985,0.415321,1.00835,2.256899,-0.537279,0.813048,-0.107406,-1.309938,-0.237445,0.291154,-1.075478,-1.233119,-0.853794,-0.331194,-0.947685,0.623785,0.970442,1.036741,-0.436888,0.929217,0.114058,0.654131,1.833946,-0.623365,0.371969,1.180168,0.272653,1.535695,0.310165,0.267433,-0.420274,-2.754507,-1.268066,-1.43364,-0.75209,0.956864,1.024507,-0.005194,0.687996,1.06604,0.517594,0.370523,0.877589,1.086326,1.369914,-0.637211,-0.96941,0.678181,0.134454,1.211372,0.850123,-0.386332,-0.15757,-0.617483,-0.017227,0.897075,0.027821,-0.679062,0.389937,0.423131,-0.196679,-0.795882,-0.430462,-1.174587,-0.730365,0.679926,-0.880229,-0.695608,0.382715,0.879169,0.195568,-0.272012,0.377311,0.533349,0.528027,1.490651,-0.234975,-0.347361,-0.363925,-0.740739,-0.10549,-0.671725,-2.341263,0.193226,0.130435,-0.715697,1.311306,-1.798771,0.167945
JU2534,-0.98738,0.684821,0.752115,0.96943,0.259191,-1.005666,0.142086,-0.122724,1.725919,-1.208195,-0.25283,-0.645403,-1.473578,1.602734,0.010687,-0.825727,-1.503027,0.297077,-0.76537,0.067277,0.633619,0.530118,-0.294293,0.902267,0.673176,-0.526292,1.46506,0.036543,1.171589,1.389288,-1.006834,-0.412348,-0.110637,-0.005558,-0.087664,0.848837,-0.214281,-0.106086,1.18772,-0.06862,0.568612,-1.369823,0.932851,-0.02867,-0.079164,1.225123,-0.911884,0.031474,-0.066737,0.597172,-0.216343,-0.868519,1.121109,-0.089548,1.112037,1.587104,-0.046007,0.407215,2.002846,0.540118,0.380503,-0.869618,0.923069,-1.332643,-1.148808,1.557111,-0.641924,0.309548,0.244151,-1.208458,1.191014,-0.406321,0.995806,-1.663895,1.189811,-0.8877,0.227449,0.410956,0.698696,0.034126,-0.03304,0.593311,-1.540601,-0.313343,-0.595444,-0.30545,-0.136331,-0.797072,-0.686935,-1.022856,-1.826829,-1.103158,0.83993,-0.4626,-0.431338,-1.584378,-0.381205,0.949357,1.145186,-0.26588,0.825919,0.2934,0.202255,-0.885064,-0.992808,0.406219,0.264342,0.649736,-0.186589,-1.810026,0.09425,-0.239266,-0.600564,-0.763819,-1.140529,0.572348,-0.254744,-0.887265,0.621985,0.587537,1.902846,0.37281,-0.615165,0.804887,-0.904026,-0.25161,0.646924,-0.638126,-0.415579,1.724625,-0.154706,0.613306,1.511054,2.347037,1.290851,0.380875,1.362795,0.537048,-0.593059,0.280743,-0.59806,0.173841,-0.902286,0.768913,0.983697,0.201227,-0.082985,-0.192901,-0.383632,1.778708,-0.559415,-0.04148,0.028545,0.600704,-1.161597,-0.377216,-0.431086,-0.51603,0.256389,-1.437982,-0.713337,-0.613993,-0.570264,-1.149744,0.043996,0.539125,-0.341643,0.944585,-0.155823,0.416579,0.389597,0.553051,-0.545872,0.447646,2.23792,-2.142149,-0.302203,0.354607,0.21889,0.285052,-0.704277,-0.012827,1.287616,1.57621,-1.267754,-0.042215,0.01331,0.964671,0.048707,0.519597,-1.241079,-0.785787,-0.068525,0.18677,0.654451,-0.490922,-0.386332,-1.931675,1.924466,0.407519,-0.176351,-2.311047,-0.097022,1.058463,0.027027,-0.796582,1.173174,0.467596,0.694452,0.643771,1.383522,2.18747,-0.010202,0.188961,1.081043,2.224362,-0.745264,-1.377848,-0.658616,-0.191167,-2.161721,-1.756405,-0.142799,0.803598,0.936257,-1.40925,-1.984304,-1.641852,-1.219418,-1.512193,-1.430577,0.137375,-0.898748,0.638286,-0.480501,0.548002,-1.647935,-0.243983,-1.643159,-1.84796,-1.031563,-0.927933,0.052431,0.419981,0.165965,0.17079,-0.217237,0.146698,-0.086114,0.500764,1.372384,1.088682,0.941848,-0.353708,0.720618,-0.152307,0.993443,-0.194014,0.342697,1.247359,1.948526,-0.443148,-0.444287,1.470289,1.411304,1.240378,-0.983194,0.922403,0.444397,0.14961,0.14433,0.969682,-0.967518,1.415227,0.130434,-0.068755,0.480838,1.178861,1.032605,-0.683065,-1.462073,1.979353,-0.163802,-0.478401,-0.40484,1.289786,0.262434,1.473288,0.479937,-0.795235,0.31572,-1.039475,1.001466,0.574802,0.779528,-0.093599,-1.387549,-0.33038,0.257057,0.032951,-0.87772,-0.132519,-0.614383,-0.360512,0.089617,-0.246514,-0.155748,-0.372735,0.284836,-0.410655,0.680134,1.383729,0.292778,0.694284,-0.275315,-0.308796,0.3986,0.248569,-0.696607,-0.070261,0.877036,1.283393,0.955695,0.496686,-0.230745,0.159206,0.367553,-1.941385,-0.207232,1.662529,0.129968,-1.727935,-0.542141,-0.351049,0.032501,0.203691,1.229172,0.33142,-2.303139
JU2565,-0.474324,0.045626,0.160401,0.335151,-1.342562,-0.400311,-0.011913,-1.698578,-0.056867,-2.110082,0.061817,0.711996,-0.459997,0.265872,-1.102359,0.42389,0.313564,1.150612,-0.140492,0.414702,-0.352121,0.030122,-1.681268,0.544841,0.292877,0.834714,-0.964769,-0.379845,-0.577109,0.417144,-0.262201,0.575919,-0.194828,-0.085587,1.033446,-0.030731,-0.073434,0.592282,-0.741923,0.234595,-0.569571,-1.812826,0.012303,0.496665,0.24961,0.973715,-0.691218,-0.351895,-0.923815,0.108166,0.867628,-0.753724,1.74379,-0.614351,0.18259,0.359045,-0.535922,-1.024678,-0.850913,0.026102,-0.126086,-0.559617,-1.235755,-0.255821,0.828895,0.452091,-0.226964,-0.011756,0.0702,1.430547,2.706778,0.484946,0.485378,-0.543273,-0.327101,-0.570103,-0.55772,-1.441289,0.970596,0.113406,0.712666,-1.417244,-0.889878,-0.770243,-0.288057,-1.584327,-1.170126,-1.779708,0.082451,-0.427918,0.525549,1.590651,0.105684,0.046698,-0.873285,0.338695,1.140361,1.985421,1.492578,-0.775936,0.763161,-0.151104,-2.122767,-1.561724,-0.014812,-0.787388,-0.120019,0.009497,-0.945431,0.261478,-0.027109,-0.993642,1.315266,-0.0216,0.053077,-1.140897,-1.15504,0.402395,-0.537556,1.062177,-1.09324,-0.69831,-1.306018,-1.20973,-0.0065,0.376129,-1.71329,-0.790945,-0.819526,-0.679824,-1.520258,-0.399285,-0.090003,-0.325319,-0.803591,1.126792,-1.03017,-0.495741,1.290712,1.410116,0.418153,2.28637,0.3559,1.064629,-0.716507,-0.013732,0.252634,-0.569288,-0.229388,-0.732888,-1.167784,-0.227942,-0.625566,-0.307922,0.168873,1.610484,2.606454,1.175085,0.925325,0.308495,0.881867,1.109605,0.66614,-0.091261,1.447621,-0.168057,-1.414125,-0.855604,-1.012209,-1.728945,-0.302202,-0.658425,0.111091,0.155336,-2.091375,1.673066,0.738582,0.00214,-0.620158,-0.988583,-2.049638,-0.610001,-0.281101,-1.911079,-0.787197,-1.342185,-0.967185,0.356906,0.261,-0.89756,-1.438364,-0.778247,-0.102965,0.39186,1.029274,0.26776,-0.915578,-1.29042,0.872295,0.579432,-0.052753,-1.649233,-0.20052,1.370371,0.28105,-0.59718,0.317992,-1.044168,0.149686,-0.128012,0.297456,-1.35711,0.289933,0.21057,-0.49993,-0.438139,-1.965837,-1.424431,-2.066806,-1.396616,-1.100062,0.057826,-0.11248,-1.278751,0.257513,0.712439,1.386125,-1.81736,0.540921,-0.893381,-0.988593,-1.395731,-0.560532,-1.903354,0.403648,0.355693,-0.369865,1.059542,0.071089,-0.825128,-0.335531,-0.472134,0.862525,-0.555875,0.880844,-0.282458,-1.331954,0.728363,1.364691,0.080198,0.315933,-0.629111,-1.167014,-1.293548,0.888905,-1.546159,0.717413,-0.310322,-3.208936,0.028073,-1.441762,-0.858795,0.054193,0.084321,1.513766,0.163536,-0.617638,-1.07905,-0.697743,-0.830393,0.84849,-0.920206,0.237321,0.237188,-1.555153,0.622278,-0.040693,0.368754,-0.532766,0.13903,-1.007156,0.065609,1.48857,0.078502,0.237965,0.443382,0.784589,0.337942,1.490301,-1.006765,-0.78132,-0.444878,-0.840176,-0.649463,-1.486884,0.58535,-0.180127,1.07314,1.222298,-0.112335,1.345756,-0.074966,0.234508,0.467423,1.060581,1.525129,-0.8926,-0.23471,-1.505165,-0.796547,-0.623256,0.091468,-0.815686,-0.403834,-1.133868,0.152762,0.909758,0.102044,-1.354431,-0.554761,-0.748758,-0.208105,-1.472533,-0.642122,1.380977,-0.897147,0.095106,2.271687,1.003415,-1.493817,-0.029564,-0.463098,0.841686,-0.2721,-2.385544,-0.682194,0.762027,-0.30292,-0.464319
JU2578,-0.67315,0.234216,0.033148,-1.40496,-0.055718,-0.529614,-1.052019,-0.220224,0.460508,-0.744764,0.594931,0.357799,-1.418512,-0.10257,0.200939,-0.905804,0.126266,-0.156258,0.430861,-1.394143,-1.31487,-0.075126,0.55883,-0.072848,0.112946,-0.144305,-0.64756,-0.436462,0.286887,-2.516106,-0.795662,-1.537244,-0.073133,-0.110658,1.794736,0.662049,-0.0089,-0.858288,-0.492382,0.384086,-0.520855,-1.465849,-0.649234,-0.893204,0.017017,1.071832,-0.388151,-0.473375,-0.163595,-1.000702,-0.089405,-1.844839,-0.617663,-0.681895,-0.303262,-1.077323,-0.082336,0.394955,-1.422893,-1.253288,-1.545652,-0.144781,0.119379,-0.52097,1.349403,-0.566995,0.291314,0.723227,-0.197665,-0.759852,-1.000013,1.041831,-0.992514,-1.891829,0.347029,0.351037,-0.450328,-0.542179,-0.274732,1.121597,-0.374625,-0.143851,0.296957,-0.453869,0.041463,2.488231,1.192819,-0.407198,-1.446907,-0.068272,-0.683888,2.272394,-0.354982,0.119173,1.272948,-0.245649,0.129209,-2.095389,-0.089943,0.215794,0.197773,-0.869368,-1.253515,-0.540075,-0.14459,0.521985,-0.560324,0.52328,2.088021,-1.638325,0.848052,0.021737,0.432968,-0.057251,-1.384849,0.477549,-0.932614,0.31188,-1.827056,1.072065,-0.260585,0.687136,0.277718,-0.450542,-0.987439,-1.455937,-0.231703,0.573333,-0.033532,0.567751,-0.731115,-0.52,-1.270543,1.281548,0.625826,-0.036897,-1.617594,1.101439,0.306585,-2.452721,-1.748805,-0.048008,0.27334,0.064186,0.40649,-0.162403,2.064236,0.143535,0.12512,-1.055664,-0.729412,-0.214951,0.812155,-1.761783,-1.554604,1.206294,0.969008,0.302395,-1.710706,-0.773238,-1.061347,-0.99329,-0.858762,2.435143,0.388015,-0.265246,1.777167,0.99098,1.06101,-0.294663,-0.736402,0.329039,-0.796436,0.41278,-0.426291,0.730048,-0.974381,-0.400639,-1.00453,1.241312,-0.138887,-0.035215,-0.988462,0.594155,-0.609608,-1.420506,-0.034618,0.463602,0.177014,-0.844162,-0.798661,0.829118,0.011095,0.804238,0.966105,0.943649,-0.271999,1.025208,-0.025877,-0.351516,-0.923277,-1.189612,-0.564862,-0.065509,-0.444387,-0.663023,-1.369433,-0.106669,-0.254835,-1.20621,-0.481636,-1.372266,0.488961,-1.658887,0.065047,0.601294,1.385183,-0.772007,0.224295,-1.656903,0.632414,-1.178131,0.377087,-0.198993,0.178566,-0.122998,-0.361654,-0.039992,-0.155127,0.147021,-1.052555,0.260185,-0.572985,0.205284,-1.460281,-0.32013,0.682446,1.212838,0.042183,-0.100891,0.423805,0.274546,-0.275081,-0.732567,-0.296875,1.367597,-0.935679,-1.808924,-0.133358,-0.115875,-1.110045,0.188141,-0.670614,0.395386,-1.018399,-2.225581,-1.541074,-0.2929,-0.170579,-1.4803,-0.020146,-0.75843,1.037811,-1.240693,-0.34116,-1.830419,-0.349044,-0.389899,-1.347035,-0.348427,-1.292779,-1.117603,0.711023,1.69714,-1.119763,0.267182,-0.932007,-2.026241,-1.075569,-1.138054,0.2567,-0.254344,-0.703719,-1.062746,0.191763,0.035369,-1.238059,-0.633633,-1.214703,-0.86823,0.040479,-0.616256,0.3548,-1.615886,0.239491,-1.782776,-0.261352,-2.013034,0.114932,1.516389,1.116394,-1.678859,-2.574506,-1.242132,-0.060873,0.180769,0.3808,1.020212,0.341805,-0.829965,-2.768029,-0.115007,-0.919354,0.436672,-0.266524,-0.238354,-0.33698,-0.376502,-0.344612,-0.836044,-0.153907,-0.748017,-0.864985,0.349419,-1.262149,1.53598,-1.201868,-0.561577,1.426663,0.539564,0.600121,0.122078,0.416368,-0.323222,-0.564282,-0.202618,-0.065043,-0.159831,1.642126
JU2581,-0.944011,-2.186571,-0.446082,-0.339904,-1.29484,-0.17189,-0.405146,-0.346251,-0.80481,-0.545147,-0.144958,0.874824,-2.140721,1.919744,0.824896,-0.034956,0.293267,0.544997,-1.064195,-0.248001,1.325625,0.751212,-0.382444,0.419222,0.151071,0.218646,0.462237,-0.613913,-0.0971,-0.312244,1.292543,-0.756056,1.140551,-0.673237,-1.822924,-1.131578,-0.596594,-0.214883,1.301231,0.440017,0.489265,1.113803,1.18594,2.577431,-0.359941,-0.964404,-0.000358,-0.712472,-0.319367,0.237059,0.229758,0.095788,-1.599343,-0.482906,-0.675153,0.875083,1.588597,-1.662752,-0.99704,-1.019946,-0.069263,-1.441988,0.478656,0.424217,1.373293,0.870858,0.039425,-0.314211,0.393148,-1.793996,-0.543206,-0.122707,-0.752359,0.511014,-0.703003,-0.116425,-1.066214,0.458105,-1.010303,-0.740783,0.475624,-0.568717,0.642408,-0.386308,0.101964,-2.128019,0.173561,-1.072268,-0.099992,0.482284,0.816827,0.020808,0.923164,-0.014226,-1.479762,-0.925213,0.434678,-0.339572,0.265515,1.500325,0.910085,-1.518257,-1.557734,-0.086094,-1.364295,1.599261,0.029644,0.918748,-0.136704,-1.627551,0.819863,0.395279,-0.304638,-1.158014,0.15183,-0.306122,1.108962,0.121532,-1.970324,-1.772015,1.741934,0.55149,-0.684309,-0.80111,0.044081,-1.416074,0.537872,-0.194564,0.891943,0.305479,-0.698389,0.044918,-0.688913,1.383515,-0.216755,-2.917781,1.665391,-0.152783,-0.222201,-0.732393,0.313784,-1.092762,-0.311211,-0.860884,-0.159157,-2.237448,-1.079134,0.188457,0.85725,0.783138,-0.98054,-0.759836,-0.488979,-0.929291,-0.747388,-1.188251,0.428328,-1.187068,-0.552895,0.295116,0.705688,-0.646293,-0.928535,0.304146,0.89617,0.071842,-0.047645,1.186115,-1.863195,-0.12821,-0.193091,-0.341229,-1.481009,-2.343584,-0.062809,1.241594,1.974826,-0.024246,-0.441597,-0.960282,-1.925141,-1.162466,-0.575158,-1.012492,-1.060721,-0.632579,-1.157015,-0.244312,-0.654211,0.954723,-0.456792,0.726255,-0.472766,-0.479288,0.368662,-0.15824,-0.3896,-0.536513,0.867773,-2.825495,0.075471,1.052794,1.159767,1.026332,1.335192,1.111997,-0.350713,-0.062342,-0.003642,0.571068,-0.735859,-0.058703,0.971862,1.199762,-0.886881,-1.165205,-0.608439,-0.488614,0.883734,-1.151993,0.108045,-0.854799,-0.524937,-1.731728,-0.059696,-2.10229,1.731159,0.799492,-0.386765,-1.436716,-0.199321,-0.131741,-2.126251,-1.153706,-0.408022,-0.533951,-1.517728,-0.496814,-0.840554,0.058438,-1.206203,-0.293102,-1.901585,1.475091,0.615642,-0.941458,2.353068,0.388164,1.1861,0.772467,0.675477,1.967012,-1.072066,0.034735,-0.716811,0.189314,0.514952,-1.901243,-0.702398,-0.169444,0.357637,1.368569,-0.593292,-0.851668,-1.215564,0.634793,-0.219766,-1.325365,0.388487,1.093196,0.219483,-0.88944,-0.812757,0.131071,-1.25643,0.701285,0.31274,0.283271,-1.273457,-0.670708,1.978456,-0.622563,1.127641,0.74163,0.466467,0.78397,-0.50098,-0.382904,-0.970013,0.737846,1.407361,-1.78212,0.000925,0.66961,0.689043,-0.369648,0.066543,-1.004571,0.117612,0.100111,0.904447,-0.178567,1.168429,0.258792,1.667566,0.615194,-3.107547,-0.460014,-1.282775,-0.81086,-1.97402,-0.538122,0.459786,0.638191,0.225865,0.442066,-0.289,-1.622925,-1.041028,-1.22469,0.368964,-1.390526,-0.009968,-0.10982,-0.591398,0.140128,0.849775,0.775652,-0.145915,-0.701082,0.178749,-0.931196,-0.022742,0.413412,-0.23363,-0.502811,0.941153,1.145434,0.060763
JU2800,-0.419239,0.294854,-0.881945,0.336994,-1.013897,-0.295941,0.883297,-0.194409,-1.191351,-1.459182,-0.827077,0.364537,-1.007958,-0.673619,1.034264,-0.150634,-1.041036,-0.160171,-1.043394,-0.962987,2.497758,0.355429,1.097436,-0.553651,0.27778,-0.326024,-0.637476,-0.981599,-0.484861,0.674643,1.031465,-0.220755,-0.146912,0.290399,0.094125,-0.321263,-0.545542,0.181294,-1.38681,0.805988,0.131803,0.698392,-0.25211,0.13855,0.380894,-1.166696,0.980491,-0.959098,-0.706534,-0.366066,-0.600469,0.360754,-1.145716,-0.188603,0.460719,0.72335,1.26213,-1.97692,-1.632082,-1.613641,-0.676379,-0.562326,0.005068,0.134213,0.253839,-0.304293,-0.487608,-0.619731,0.142366,0.26831,-0.205831,-1.620556,1.574609,0.978704,0.630265,2.063831,1.487665,1.740052,2.396826,1.627649,1.930327,0.749558,0.164245,1.284424,1.505734,0.162176,-0.006022,0.714396,-0.649495,0.256716,0.201614,-0.451936,-0.928113,1.310573,0.316292,-1.562658,-0.65954,-0.730334,-0.209051,-0.120363,1.122582,-2.233177,0.567069,0.065819,0.046999,1.672877,-0.126397,-0.863186,-0.610191,0.705098,-0.277829,0.891108,1.162651,-0.823548,-0.769076,-1.899794,-0.852048,-0.58589,-0.977494,0.908529,0.089354,1.309259,0.818603,2.015226,2.365888,0.909412,-1.076573,-0.17,2.263192,1.709255,0.753486,1.204397,0.562132,1.118213,-0.262681,0.747207,0.218274,1.274571,1.572903,0.223087,-0.000109,0.059217,-0.615329,-1.023166,-0.36505,-0.471347,-0.335145,-0.936721,-0.771052,0.019854,-0.293655,0.84602,0.327801,-0.121716,-1.441314,0.635204,0.043003,-0.942012,-0.154351,0.041488,-0.216965,-0.645134,-2.836312,-0.567674,1.361573,-0.059568,0.313759,-0.430023,-1.85865,-0.616592,0.062683,-0.874283,1.442134,-0.070388,-1.041888,-0.015559,0.274388,-0.353916,0.39861,-1.644049,0.671247,-0.137333,-0.063942,-0.920386,2.446223,-1.439422,0.23534,1.427102,0.74124,1.186857,0.567469,0.223503,-0.187912,-0.155765,-0.540584,1.770881,0.054659,0.549565,0.225759,0.890016,-0.122237,-0.075645,2.383903,0.0637,0.215241,0.842785,0.82377,-1.850341,-0.314635,-0.307206,-0.453958,1.357292,-0.314697,-1.41436,0.330606,-0.760201,0.147801,-0.982528,0.373336,-0.919345,2.591349,0.169326,0.954761,0.837855,0.43609,-0.489888,-0.858821,-0.357654,-2.00976,1.316389,-0.240373,-0.458139,0.1795,0.002533,-0.02634,-0.653356,0.190157,-0.850293,0.233405,-0.397068,0.288858,-1.909089,0.057133,0.09065,1.5593,0.599542,0.930835,-0.165565,1.220315,0.711213,1.084201,1.274866,-0.635032,0.624766,0.699145,0.63947,-0.000533,0.334648,0.753529,-0.083979,-0.302413,-0.508133,0.135046,0.717656,-1.726212,0.165134,-0.481638,-0.282709,1.807249,0.444451,0.146434,1.09985,0.560312,-1.215311,-0.998634,-1.701454,-0.382709,0.036834,-0.37315,-0.772686,0.014155,-0.546377,0.152009,-1.539348,1.018118,-1.095006,-0.058755,-1.181019,0.508325,-0.096581,-0.716321,2.201248,-0.27049,-1.159833,0.411428,0.043831,0.220346,-0.058351,1.347882,0.450009,-0.091217,-0.456832,1.152824,0.479848,2.418983,1.568247,0.556571,-0.049685,-0.0843,-1.455003,0.629371,-0.740589,0.68557,-0.894006,1.885822,-0.951839,2.532568,0.154331,-0.262942,0.498882,0.209567,1.988871,1.940087,2.197614,-2.136894,-1.575778,1.106941,-1.7508,-1.659615,-0.024862,0.839182,0.731947,1.575811,0.231319,0.541978,-1.638855,-0.280009,-0.340994,1.943907
JU2811,0.646802,0.074598,0.371261,0.169743,-0.047291,-0.03406,-0.795647,-0.64411,-1.667478,2.219767,0.631805,0.218338,0.222948,-0.353006,1.25127,-0.845645,0.883316,-1.75977,-1.801742,-0.588325,-1.929892,-0.167303,-0.125314,0.104153,-0.462088,-1.476293,-0.745258,-0.586541,-0.451866,0.904304,0.358626,-0.790987,-0.397542,-0.232186,0.245897,-0.748435,0.732955,1.388631,-0.201212,-0.374995,-0.103382,0.029423,-0.837807,0.617586,2.076089,2.170756,0.767057,1.272264,0.960893,1.125857,1.732448,1.77632,1.565578,1.249386,-0.429983,-1.626638,-0.264129,1.692251,0.90432,0.400986,0.579282,-0.030955,0.241231,-0.128148,-1.110454,-1.791131,-0.498713,0.072652,-0.56547,-0.518646,-0.225518,-0.026773,-0.500381,-0.879409,-0.077327,0.792351,2.651237,1.731446,1.656331,0.913121,2.396584,0.794731,1.537796,-1.782276,-0.78014,0.736893,-2.604297,-0.111144,0.646775,0.350376,-1.367621,-0.26307,0.97401,0.607136,-0.123708,-0.071884,0.040407,-0.515005,-0.191598,-0.283849,0.554572,1.218216,-0.380444,-0.199013,1.122056,1.139033,0.225335,-1.177736,-0.535711,-1.940967,1.133047,-0.858935,-1.588913,0.309904,-0.433248,0.935718,-0.434531,0.752266,0.034059,-0.281943,-0.579038,0.105925,0.002406,0.484579,-1.206564,1.617485,1.013602,-0.9324,0.634882,1.561691,0.345803,-0.060599,-0.237389,-1.883662,-2.00358,2.109679,0.337003,1.189622,-0.984822,-1.631696,1.062906,-0.505621,1.223268,-0.660759,-0.739779,-0.391005,0.811223,0.598184,0.76278,0.029671,0.788819,0.131568,-0.673439,-1.69956,-0.018033,2.263257,-0.029431,-0.289993,-0.911893,-0.759686,-0.53969,-0.105969,1.944834,-0.72256,0.621882,0.888678,-0.730303,-0.206927,0.085152,1.328569,1.343128,-0.34851,-1.172208,1.129964,-0.842162,0.550377,0.607457,1.18619,-0.287154,-0.826851,-0.144533,0.990968,0.37224,0.252287,-1.166455,1.694398,-0.806317,-0.218061,0.807154,1.108659,-0.40031,0.701176,0.218035,-0.207799,0.274585,-0.578356,0.539448,2.002418,0.335526,-1.207531,-2.246588,-0.049273,-1.160776,-2.342507,-1.521232,-0.06915,-1.239614,0.585756,0.531539,-0.134265,0.172827,0.175961,0.236868,-0.899384,1.207406,0.586235,-0.127788,0.38454,1.021401,0.857696,0.158672,1.212137,0.434609,1.409423,0.529345,0.992362,0.344205,-1.75807,0.637738,0.333343,0.932331,0.397586,1.037474,0.84723,-0.932956,-2.70774,-0.256846,1.068305,0.640979,-0.545169,-3.138375,-0.154088,-0.363787,-0.48755,0.134533,1.00003,-0.481332,-1.940542,0.726712,0.475058,0.922905,1.216653,0.418853,0.70881,1.920821,-0.73351,0.229029,-0.424858,-0.701329,-1.430304,-0.891284,-0.988641,0.04022,0.690284,-0.507834,0.228902,-1.483779,-0.745815,-1.630927,-1.131532,1.578735,0.143272,-0.470684,1.047334,-0.288237,0.097384,1.858193,1.357189,1.703098,-0.342341,0.629973,-1.50384,-0.739912,-0.645488,0.53546,-2.547149,-0.088885,0.547626,-0.743354,0.509247,-0.204292,-1.414003,-0.125066,1.818321,0.963447,0.771359,0.521306,-2.212282,-0.008561,-1.939909,0.697999,1.246447,-2.367221,0.707883,-0.376334,-0.523311,1.102161,1.196998,1.692777,0.634624,-0.473931,-0.446442,1.214331,0.049442,1.559247,-1.518331,-0.955218,-1.878934,-0.286001,0.501021,-1.06891,1.23574,-1.065332,-0.762412,2.027661,-1.201967,1.856489,0.891344,1.476408,0.716875,-0.711967,1.180975,-0.548129,1.553843,-0.500011,1.369108,-0.335437,0.84256,-2.338328
JU2906,-0.39823,0.052264,0.314477,1.07716,-0.334275,1.14199,-0.343196,-0.016854,0.73326,0.947239,-1.775496,-0.996388,0.338131,-0.293606,0.404177,-1.782216,1.660852,-0.661599,-0.703578,1.112147,-1.238482,-1.078085,-0.447487,0.521225,0.975191,-0.770422,0.553196,0.862328,0.588598,-0.471999,-1.174387,-0.072394,0.730149,0.04037,0.188864,-1.805197,-0.617095,-0.118451,0.481082,-0.267326,0.363709,-0.050088,0.492702,-0.414074,-0.686434,-0.293737,0.242715,-0.601134,0.845416,0.352592,1.279213,0.167887,-0.060818,1.84245,-1.488054,0.083138,-1.138567,-1.505315,0.522754,0.586685,-0.751206,0.364826,-0.727366,-0.703631,0.332858,0.196653,-1.484222,-1.364156,0.608715,0.858496,0.340524,-0.088028,1.238059,0.226043,0.144362,-1.906585,1.690689,-1.215722,0.222151,0.319734,0.739199,1.468804,-0.011299,0.311203,-1.193837,-0.489507,0.309829,-0.884459,1.922405,-0.098216,-0.082238,-0.777248,-1.1625,1.618161,-1.046354,-0.087674,-1.397773,-0.480864,0.117754,-0.326945,-0.210791,0.620854,-1.039991,-0.900662,-1.754864,-1.074944,-0.035708,-1.819009,0.14388,-0.207011,0.886982,-0.006611,0.413521,-0.221392,-1.263934,-0.91499,0.070024,1.499079,-0.379522,1.580292,0.101948,-1.591611,0.930862,-0.68855,-0.38839,-0.680847,1.780508,1.921467,1.20676,0.950391,-1.064875,-0.547939,0.272428,-1.023603,-0.67968,-1.111853,1.073126,-1.171109,-1.701831,0.404832,0.005163,0.110655,0.550252,0.80125,0.663776,0.368917,-0.340165,-0.774962,-0.265627,-0.789926,0.899266,-0.702258,-0.383531,-1.153668,-0.220549,1.079248,1.261777,-0.806645,1.450033,-0.267114,-1.775475,0.792079,-0.678668,0.0128,-0.733465,0.951013,-0.577091,0.587959,-0.19729,0.111565,0.201288,-0.5127,0.103743,0.094016,-0.069386,0.556243,-0.146892,0.59815,0.407544,0.16877,-2.17312,-1.088304,-0.954522,-1.774524,-0.285189,-0.461676,-0.499814,0.56108,-0.380638,-0.049664,-0.811671,-2.198727,1.397513,0.522533,1.631026,0.628336,-1.172222,0.567851,-1.613672,-0.669281,-0.275421,-2.31229,-2.421297,0.691973,-1.094755,-0.812821,-1.010741,0.560258,1.316122,0.298483,1.231433,0.838205,-0.263458,1.12514,0.719096,1.312309,0.420729,0.691991,0.777644,2.039111,-0.520202,-1.601393,-0.228678,0.316492,-1.314455,0.139625,-1.497852,1.060205,-1.179446,-0.778335,-1.820845,1.116005,-0.890152,0.922359,0.376095,-1.356933,0.383154,-0.017928,0.666284,1.653361,2.18515,0.143962,0.744003,-0.264977,-1.887887,-0.222077,-1.450268,1.226739,0.056429,-1.956326,-0.062021,0.075905,1.959518,0.461032,-0.355225,0.920192,0.721806,0.114516,-0.552985,1.608595,-1.420126,0.992529,-0.749974,1.016371,0.83552,1.15745,-0.360718,0.48485,0.733204,1.169174,0.259444,0.769991,-0.525485,0.676645,1.343015,-0.406233,-1.746879,-0.153551,-0.035758,-0.480761,0.436556,-0.301327,0.647108,1.097779,-0.258587,0.503355,1.33888,-0.716675,0.772621,2.248108,-1.222574,0.706666,0.337409,-0.477373,-0.258414,1.44626,1.929681,-0.098371,0.992287,0.252234,0.088802,1.942839,1.74531,2.970804,-0.187936,0.124053,-1.746326,0.978167,0.535837,0.347735,0.725772,-0.595636,2.591951,-0.211335,0.769747,0.22138,-0.626657,-0.761024,-1.031122,-1.02864,-0.126374,1.445961,0.630533,1.259046,0.606888,0.717608,-0.06615,1.184727,-0.109909,-1.498214,1.046227,0.341462,-0.859256,-0.435402,-0.67742,-1.204055,-0.026875,0.388532,0.826018
JU310,0.256701,-0.656523,0.177114,-0.797578,1.049094,1.13069,-0.568709,0.608095,0.229313,-1.304398,-0.217983,-0.256258,-0.5082,-0.396243,0.364039,-0.342426,-0.987281,-0.278728,-0.059751,-0.383419,-0.154703,-1.757704,-1.50451,-1.185438,1.2435,-0.601272,-0.629594,-0.14131,-1.056224,-0.055974,-0.468651,-0.592742,-0.598699,-1.747208,0.473099,0.841356,-0.664775,-0.459047,1.149733,-0.62072,-0.96041,-1.230646,-0.358222,-1.17592,0.014582,0.89492,-1.628394,2.377196,-0.807643,-0.446566,-0.100881,1.409068,-1.055742,0.092793,0.116092,0.793596,-0.27755,1.339857,0.724644,2.214658,1.599776,-0.292512,0.924766,-1.361979,-0.380876,-0.950421,0.092032,-0.688193,-0.304943,0.026637,1.202806,0.849669,-0.633955,0.051005,0.78241,-0.849598,-0.419963,-0.342373,-0.608188,-0.002,-0.423687,-2.053075,-1.664216,-0.435548,0.001165,-1.233385,-0.568221,-0.919232,-1.175864,-0.765499,-0.267681,0.341106,-1.502039,0.320911,0.980402,-0.101905,-0.000825,-0.958023,0.298807,1.093324,-1.355193,-0.143279,-0.760869,0.398791,-0.244974,-0.586479,-0.219873,0.033733,1.394673,-0.023104,-0.083962,0.733783,-0.166482,0.916636,-1.617846,-0.381872,-0.461334,-0.512421,-0.815767,0.235276,-0.877516,-2.726059,0.668974,0.325333,-0.083009,-0.554425,1.537966,2.158715,-1.273427,0.808906,2.086322,2.382544,1.803045,1.829866,0.544677,-0.022207,0.805101,0.723114,1.497943,1.46253,1.278218,0.008446,-0.842205,0.772006,1.191627,2.347775,2.496239,1.755912,1.250372,-0.326405,2.130348,0.879283,1.337357,-0.465334,-1.27025,-1.458107,0.188544,-0.187354,-1.475766,0.732844,-0.267898,0.867262,-1.05361,0.968973,0.69282,-0.732254,-0.40503,1.146268,-0.668958,-1.240044,0.230218,-0.538059,-1.901613,-0.847478,-1.869671,-0.075134,0.302361,-1.384026,-1.771625,-0.508496,-0.743971,1.287197,-0.976649,0.311169,1.560823,0.123104,-0.620024,0.65851,-0.154294,0.117599,-0.435814,0.707119,0.482809,-0.51705,1.246429,1.641587,-0.007789,0.566736,1.022181,1.229549,-0.264695,1.180736,0.604725,2.239798,-0.241996,0.391597,-0.254289,-0.159771,-0.86306,0.591499,0.896045,0.32532,1.755179,0.374638,-1.020767,0.22863,0.387262,-0.488079,1.029329,0.401567,-1.513021,2.49145,-0.070499,0.639231,0.202009,-0.302228,-0.574807,0.914461,0.641072,-0.898397,0.268551,-1.126065,-1.012407,-1.044375,-0.010352,-1.360171,-2.503893,-1.102016,-0.425903,-1.75849,-0.6807,-0.438305,-1.113329,1.804583,-0.131866,-1.49571,1.521299,1.627911,-0.152364,1.713588,2.186448,0.525122,0.630402,-0.344902,0.24588,1.047402,0.064505,0.504571,-0.03462,0.862492,0.459593,0.072578,-1.187073,0.527419,1.877535,0.070528,0.064826,0.740423,-0.475424,-0.801831,0.137762,-1.657223,0.796803,0.23575,0.45883,-0.238155,1.497454,-0.365233,0.363126,-1.663146,1.516977,-0.319577,-0.933779,-0.858778,-0.406407,-1.299285,0.487233,-0.102147,0.768564,1.345572,0.295387,-0.786456,1.741829,-0.402389,1.450832,-0.505629,0.421991,1.340501,-0.311048,-1.068492,-0.908582,-0.34964,-0.422039,-0.605895,-0.690755,-1.491912,-1.810487,1.24727,0.308776,0.595388,-0.02446,0.45059,-0.037982,0.945663,0.076041,1.317246,-0.289054,-1.895512,-1.624652,0.829373,-0.42377,0.466796,0.825894,1.557868,0.791365,1.610034,-0.342537,1.248003,1.70233,0.041863,-0.445434,0.02797,-0.350738,0.646442,-2.105667,-0.088171,0.664292,-0.746734,-0.306741
JU311,0.826815,-0.79834,-0.541125,-0.393384,0.543032,0.253246,1.578095,0.422298,-0.301764,-0.679794,-2.242687,0.574152,-1.299127,0.95892,-1.158578,-1.205736,0.110764,0.093427,0.511257,0.126431,1.142431,0.556243,0.374955,0.492836,1.118041,-0.200404,0.396086,-0.570373,-2.065986,0.03095,-0.842585,1.083519,-0.755856,-0.171458,0.457433,0.23585,0.875087,-0.611617,0.092813,0.744129,0.886367,2.289517,-1.10785,-0.538852,0.475921,-1.249884,1.022001,0.792583,0.060398,-1.2805,-1.776318,-0.339765,-1.373676,-1.800576,-2.492236,0.245857,-0.012913,0.33065,0.892189,-0.58736,0.991974,-0.837358,0.27237,2.584127,0.078792,0.91315,0.292562,2.499322,0.37232,1.044813,0.776379,1.197746,0.91077,0.731149,-1.429673,1.014663,-0.460783,1.814063,2.617152,1.695174,3.767442,-0.808486,1.541527,-0.387877,0.108162,-1.102872,2.090827,0.958763,0.464832,-0.534058,-0.07486,-0.998402,-0.183153,-0.033528,0.169332,0.293288,0.541207,0.341702,0.910754,-1.171651,0.155959,0.10737,0.3546,0.648466,0.194042,-0.918357,0.794163,-1.479569,-0.686891,0.199336,0.653279,1.393219,1.409811,-0.564278,-0.040602,2.510635,1.486752,-0.229192,-0.086818,0.171886,0.079182,0.130955,0.85794,-0.761675,-0.379982,-0.836869,0.882264,0.436752,0.959108,2.95335,-0.234152,1.418738,0.533515,1.131818,0.701566,-0.354365,-1.734813,-0.244496,-1.014316,-0.381625,0.672737,-0.751242,-1.159748,-2.380246,1.697792,1.229043,1.555796,-1.058081,0.413324,1.27506,-0.71827,-0.656958,-0.419739,0.034614,1.202488,-0.894878,-0.755074,-1.596519,1.298419,1.019477,-0.765255,-0.055163,-0.165481,-0.547233,0.464853,0.173925,0.157112,-2.577741,-0.444913,-0.041947,0.015956,-0.486791,-1.877975,0.809405,-0.593806,0.362807,2.215957,0.506783,-1.176737,-0.613564,0.44129,0.2531,1.966091,2.105448,0.647451,-0.109527,0.318142,1.186463,-0.658539,0.984623,-1.194543,-1.152632,0.5455,-1.266675,0.233,-1.712232,-1.78918,0.621816,-0.507306,0.023716,-0.819949,-0.101187,-1.407653,0.514867,-0.386732,-1.131374,-2.500335,-1.201567,-1.059089,0.806996,-2.692688,-0.168829,1.576484,0.30071,-0.248251,0.062322,0.362771,-0.812059,-0.65565,-0.324358,0.492425,-1.113886,0.183721,0.039964,-0.216773,-1.400019,-1.390895,0.633092,-0.014351,-0.204409,-0.510022,-1.659605,-0.009338,-1.135106,-1.203235,-0.222908,-0.602481,0.674034,-0.173748,0.134409,-0.497319,1.343433,-0.408811,-0.211056,1.254888,-1.146946,0.152284,-1.958448,-0.083947,-0.800993,-1.765249,-0.661611,0.452849,-0.179651,0.259384,0.668769,0.996793,1.0865,0.313703,0.164722,-1.455354,2.437451,0.432569,1.550269,0.48033,1.889665,0.960774,1.390758,1.191889,0.219175,0.030696,1.372478,0.18902,0.226931,0.10374,0.725913,-0.662657,-0.35955,0.347791,-1.20827,0.269412,1.710328,-0.787808,-1.880933,-1.215097,-1.621106,0.038519,0.949222,-0.801388,1.433209,-1.281106,1.129968,-0.958849,2.492451,-1.078184,0.392833,-1.697386,0.146692,0.112629,0.321452,0.929934,1.227313,1.921198,0.366743,0.131567,0.456185,-0.456612,0.03856,1.312905,-0.628651,-2.076105,-0.328837,-0.237765,1.138673,-0.942229,1.877338,-0.622696,1.542925,-0.288001,-0.248729,-0.526464,1.353994,0.027842,0.217673,0.121507,0.43241,1.242567,-0.891167,-2.245559,-0.221311,0.365676,-2.503985,-0.752559,0.221398,1.406348,0.697149,0.676099,-1.982353,1.055093
JU3125,0.335481,-0.481581,-0.750354,-1.127946,0.266308,0.547571,-0.000363,-1.44444,0.190386,0.687362,1.647324,0.697766,0.454943,0.359061,0.687416,-1.954681,-1.03533,1.117131,-0.4093,0.380222,-0.055051,-1.105027,0.51635,-0.364806,-0.656535,0.92486,-0.033887,-0.286266,-1.301537,-1.084276,0.291547,-0.102916,-0.238721,0.528453,0.479089,0.566617,-0.881375,-1.06372,-0.351468,0.539142,-0.429231,-0.710709,-0.3907,0.614036,-0.117276,-0.214066,0.52241,-0.691213,0.418092,-0.943007,-0.712295,0.823147,2.331499,0.321348,0.29106,0.215276,-1.00779,-0.059934,0.468622,-0.052522,-1.007406,0.130438,-1.107963,0.002366,0.247715,-0.518257,0.666101,0.839369,0.565509,-0.580907,-0.299636,-2.570474,-0.890444,-0.372097,-0.190265,-0.135087,1.009458,-0.104119,1.004302,-0.029899,-0.370712,1.656565,0.300937,0.708283,-0.184882,1.771452,1.959587,1.642516,0.93787,1.753011,-0.113539,-0.665347,-1.351171,-0.246757,-0.247922,-1.427691,-0.976645,-1.429522,1.031183,-0.202344,0.530835,-0.022819,-0.525683,0.244186,1.084202,-0.347879,-0.018349,-0.727941,-2.085065,2.301705,-0.313676,-0.307534,-0.334989,0.891053,1.888547,1.91379,1.913507,-0.835818,-0.585666,-1.503395,0.896627,-1.811361,-0.672696,0.564037,-0.336722,-0.375869,-0.112635,0.307446,0.031791,-0.94985,-1.230046,-0.251175,-1.304504,0.156631,-1.748213,-0.445484,0.364815,0.119603,0.388434,1.318336,-0.710996,-0.249083,-0.246989,-0.360489,-2.019909,0.364376,-1.160939,-1.134583,-1.454585,-1.043377,-0.036456,1.6882,-1.187467,-1.16001,1.004813,-1.083469,1.060743,-1.510443,-0.880621,-0.425236,0.256691,-2.458137,-1.292803,-0.890473,0.865381,1.598941,1.879458,1.81234,1.971025,1.082407,1.432912,-0.709587,1.472202,1.000192,-1.390212,-1.337902,-0.358547,-0.920246,0.962626,-0.193456,0.692242,-0.373847,-0.79335,0.776988,0.843478,-1.538572,1.381552,-1.217784,-0.860842,-0.264532,-0.334487,-1.065094,-0.26424,-2.362911,-0.288695,-1.455675,1.322481,0.250103,0.624384,0.894528,-0.558926,0.114195,-1.791895,0.047626,-1.257153,-0.552557,-0.743595,-1.082352,1.225754,0.891809,1.523784,0.057653,0.966235,0.52431,-0.517679,1.641942,-0.891023,1.05975,1.602739,-0.187649,0.288529,0.223258,-0.713243,-1.448241,0.688113,0.293465,0.645492,-0.275979,-1.85193,0.115676,-0.706853,-0.597677,-1.117822,-1.272705,1.196111,0.529154,-0.601572,0.651992,1.909131,0.964624,0.504478,1.51117,-0.097755,0.42496,0.416754,-1.021321,-1.001376,-0.273643,-0.790499,-0.194279,-0.685963,-0.252678,1.65803,1.038866,0.247967,-0.246122,-1.225341,1.021323,0.663529,0.071567,-0.537848,1.627332,1.550381,0.488831,1.084555,0.618416,-0.013083,1.844754,1.394207,0.130339,1.333532,0.265442,-0.281586,0.473617,0.901891,-0.432577,1.938949,1.101413,1.557901,0.572064,-0.165932,0.409847,-0.172206,1.547712,-0.517404,0.299693,-0.382711,1.033018,-1.203473,-0.922373,-0.171735,-0.15735,-0.693116,-1.99596,-0.235211,-1.470325,-1.511371,0.093066,0.950186,0.312026,0.340159,-1.124599,-0.712318,-0.558168,0.351175,0.125026,1.509415,0.792992,-0.602528,-0.60665,0.685293,0.94973,1.179497,-0.535403,0.760545,0.159091,0.835693,-1.227937,0.023611,1.136875,-0.178514,1.839622,0.766805,0.554841,0.520398,-0.297577,-2.540991,-0.817251,-1.663009,-0.69061,-1.485279,0.041641,-0.538656,1.430313,-0.133317,-0.945863,-0.383152,0.539131,0.861753
JU3127,-0.092638,-0.724013,-0.053874,-0.002341,0.359039,-0.014953,0.203437,0.53978,-1.6787,0.367857,-1.85651,-0.935881,-1.314693,0.494433,-0.992912,0.795504,-1.111758,-0.424832,0.157925,0.259295,0.637657,-0.441669,-0.024673,-1.942128,-0.945833,0.868853,1.004496,-0.134929,-0.301855,0.209729,1.174508,0.838321,-1.642071,0.109573,-0.876769,0.138505,0.119909,-1.1322,-0.678741,-0.591736,-0.543947,-0.887862,0.076749,1.070179,0.33574,-0.137123,1.054496,0.610339,2.083529,2.45847,0.450535,1.782563,0.290056,2.243823,-0.839038,-0.302378,-1.136144,0.713784,-1.017731,-1.235562,-0.894144,0.62812,-2.125784,1.178545,0.990897,-0.383294,-0.748006,-0.749051,-0.952329,0.235576,-1.482411,0.063809,-0.059944,-0.413088,0.688766,0.018862,-0.082107,-1.061357,-1.796013,-0.350516,0.325875,1.097743,-0.26864,-0.727328,0.182588,1.338244,0.943978,1.423727,1.486243,2.381995,1.287384,-1.210152,-0.956278,1.713023,0.353416,-0.209243,-0.929049,-1.517923,-0.728141,-0.098578,0.450432,0.63594,-1.026791,-0.226316,-1.796157,0.536099,-0.014396,1.044183,-0.464641,-0.687123,-1.467674,-1.417287,-0.521393,-0.141378,-0.690089,-0.764429,-1.881675,0.732248,-0.237577,-0.684107,-1.807405,0.674403,-0.932596,0.590248,-1.274071,1.027564,0.396499,1.545988,-0.45265,-0.453301,-1.507009,-0.737885,0.193978,-0.698513,-0.045392,-1.357011,1.378708,-2.307457,0.321676,-0.034362,0.883718,0.208104,0.310647,-0.340137,-1.160651,0.250188,0.348637,0.043345,0.045452,1.20815,-0.892598,-0.294408,0.586155,0.145838,-0.920602,0.484355,0.536813,-0.972916,-0.054322,-1.672149,-0.506559,-0.842218,1.458857,-1.319302,0.245737,1.151691,-1.443906,0.649754,-0.756155,-0.997824,0.629551,0.301797,2.058762,0.728064,1.050751,0.173781,0.555864,0.091252,1.849552,0.684337,1.153116,-0.79704,1.874174,-1.120029,-0.847589,0.258797,-1.326673,-0.812932,-2.123519,0.579408,0.029263,2.364074,0.685762,1.36291,2.151379,0.174395,1.129928,-0.497879,-1.345527,2.257232,0.661546,-1.075443,-0.475308,-0.954566,-2.572575,-1.939043,-0.755945,0.523824,-0.613627,0.618225,1.810124,0.094997,0.135886,-0.747859,2.810499,0.568853,1.032444,-0.407664,-0.62612,1.979276,0.557693,-1.123543,0.507765,0.901843,-0.385028,-0.587192,1.279385,-0.599285,-1.288692,-1.539749,-0.340458,0.857517,-1.056055,-0.396814,-0.705966,-1.719053,-0.445192,-1.509853,-0.555239,0.416492,0.671663,0.936145,1.423598,0.773065,0.729574,0.296327,-1.209749,-1.559213,-0.006711,-0.520785,-0.264557,-0.980651,0.728718,1.075711,0.673622,-0.236043,0.274377,-0.011209,0.871269,1.519391,0.799237,0.225047,1.015279,-0.578908,0.764355,0.615939,0.257307,1.670332,0.780725,0.021912,-0.399406,-0.782624,-0.227192,-0.070616,1.879608,0.475835,1.133777,1.732907,0.490669,-0.121709,-2.033687,-0.395261,-1.868742,0.089273,-1.641857,1.363239,-0.968615,-0.554987,-0.718391,-0.569752,-0.942502,-0.536523,-1.234777,-0.795706,-1.183954,-0.743254,-1.092211,0.283647,0.151118,-0.621467,0.081368,0.463087,-0.763839,0.696377,0.015557,0.967604,1.365192,-0.141497,0.162917,-0.074425,-1.281391,-0.891785,-0.506187,0.55121,-0.645114,0.163819,-0.064801,-0.230326,0.211514,0.801686,3.013196,0.841081,0.273524,0.580565,-0.303592,0.495993,1.290268,1.309238,-0.297824,-1.078123,-0.069828,1.078403,1.071957,-2.595555,0.263318,2.383875,-1.887258,0.802849,2.212485
JU3137,-0.797093,-0.762033,0.471751,-0.851736,-1.55942,-2.323336,0.592341,0.086973,-1.082975,-0.591606,0.552771,-1.221596,0.324533,0.558841,-0.224764,-1.528098,0.522593,-0.325049,-1.074476,2.34228,0.192597,-1.664451,-1.44151,0.097818,-0.766902,-1.916175,-0.37883,-0.079639,1.194718,-0.075547,0.25532,1.362864,-0.60391,0.973053,-0.711966,-1.727781,1.099272,-0.029703,2.212475,-1.276447,-0.13367,-1.02117,-0.599034,-1.785643,-0.630527,-0.273702,-0.679438,0.033034,0.557823,1.367541,-0.613366,0.657026,-0.092616,0.51343,1.043685,-1.579977,-0.229627,0.872555,1.591668,0.094062,1.205593,0.466743,1.251222,0.362605,0.222625,-0.61367,-1.368843,-1.102636,-1.100104,-0.302454,-0.048578,-0.911528,-0.201181,-0.869444,-0.265744,0.55695,0.414013,0.144624,-0.255518,-0.823594,-0.010729,-0.391535,-1.054836,0.979488,-1.042695,0.167487,0.415285,-0.13855,0.533916,0.253045,0.905677,0.478405,-1.148924,0.302581,1.394774,1.366991,0.542035,0.628926,0.776099,2.427001,0.328817,-0.493239,0.63469,2.249434,1.83531,2.168856,1.573761,1.436013,2.461853,2.781489,0.396453,-0.295456,1.089352,0.643288,0.231173,-0.216616,-0.007635,-0.172333,-2.218857,-0.33024,-0.704,1.150158,0.163109,-1.181573,-0.689505,-0.885503,-1.108763,-1.165989,-0.808637,-0.077256,-0.306274,-1.406634,-1.19281,-0.578836,-0.984727,2.349425,-0.080779,-0.271137,-0.072445,-0.279554,1.012537,2.130325,1.214336,0.477441,0.650069,-0.820567,-2.285158,-0.405814,0.209673,-0.255302,0.480126,-1.426171,0.138045,1.835806,0.167409,-0.308894,-0.001414,2.191236,0.648981,-0.213442,1.780773,0.230429,-1.536539,1.234118,0.782331,-2.148042,-0.175205,-1.446746,-0.262803,0.173924,1.045423,-1.237875,1.311763,-1.852751,-0.429574,0.772154,-0.432351,-0.43481,-0.70098,-1.085049,1.149686,1.243161,0.2004,-0.245947,0.994881,-1.058648,0.794193,-0.507181,0.262685,-0.383745,-0.053241,1.75462,1.776263,-0.237536,1.494132,0.269011,-0.960243,0.475552,1.251877,1.287132,-0.570232,1.283872,0.512903,0.206082,0.732994,0.061099,1.33164,0.716344,0.30186,0.240224,1.682848,0.315903,-1.366268,-0.513474,-0.852001,-0.10633,0.905755,0.348158,-0.940842,1.050872,-0.905859,0.823192,2.383232,0.951568,0.807339,-1.143444,-0.103971,0.073009,-0.351678,-0.729913,1.100574,-1.225629,0.402883,0.769711,-0.062033,0.648676,1.601415,-0.459734,0.386811,0.393409,0.595456,-0.359251,0.884038,-1.205335,-0.720117,0.311211,-1.953547,-1.359091,-0.847291,-1.102814,0.268151,-1.154424,-0.11859,0.004559,1.517878,1.011914,-0.325336,1.917637,0.179993,0.799255,-0.324448,0.415235,-0.104161,0.076318,0.526824,-0.005621,-1.3147,0.732113,0.60754,0.666613,0.394314,-0.43165,-0.649585,-0.12743,0.901708,-1.456691,1.432185,1.151751,-0.622275,1.643175,-1.516906,2.52311,0.642646,0.02852,0.060163,-1.008713,0.474218,1.084004,-0.403546,0.915319,-0.873582,0.861612,-0.008091,-1.197982,0.173226,1.200828,1.38182,-0.252884,-0.428493,-0.037312,0.014608,0.301318,-0.786866,0.135191,-0.286307,-1.532863,-1.386218,-0.121673,-1.473369,0.50075,-0.216184,0.649147,-1.936404,-0.420658,-1.638557,-0.719639,0.709353,0.637325,0.212834,-1.878394,0.092769,-0.37258,-0.814966,-0.949486,-0.110122,0.555181,0.38809,1.06568,0.755952,0.759115,0.366708,1.22369,1.585335,-0.48486,0.026475,-1.564806,0.132554,0.883002,0.693859
JU642,-1.8807,1.070465,-0.740756,-0.21928,0.088832,-0.488111,-0.092446,0.404582,-0.505011,1.251577,1.115433,0.303133,-1.086962,-3.444373,-0.223622,0.163016,-0.46336,1.136048,-1.19213,0.082056,-0.831545,-2.013619,1.291222,0.38926,-0.327215,-0.050368,-0.807093,-0.258469,0.464413,-1.017405,0.203839,-0.434313,-1.469769,0.411668,0.532319,-0.08062,0.730527,-1.286882,-2.095178,-1.131712,-0.747294,0.106578,-1.519371,-0.059632,-0.749298,1.232531,-0.571341,1.472163,-0.862458,-0.36543,0.970439,-0.733985,-0.843992,-0.811442,0.16604,-0.045962,-0.341466,-0.688108,-0.02109,-0.771842,1.228676,0.6437,0.227178,-2.009491,0.651393,0.780283,0.692682,1.071795,1.312722,1.529011,0.441496,0.090162,-0.90785,0.239405,-0.200054,0.758112,0.460398,-0.03528,-1.3104,0.359219,-0.060565,0.071096,-1.001355,-0.866719,0.616693,-1.309063,-0.39774,-0.498512,-1.266429,-0.952973,-0.573751,-0.19813,-1.352688,-2.701825,1.042529,-0.631499,-0.496786,0.240016,-0.92815,-1.133785,0.549122,0.170032,-2.183085,0.173766,-0.459717,-0.330093,-0.84295,-0.268779,-0.397744,0.129696,0.501859,1.609246,-1.647774,-0.171676,-0.96031,-1.153673,0.645922,-0.281048,0.387113,-1.225124,-0.163047,1.048975,-0.050722,0.358976,-0.080984,-0.598553,0.428249,-0.650275,-0.811354,1.521428,1.44103,0.607841,-0.125488,-0.927068,-0.14462,-0.524046,-0.630587,-1.082736,0.088663,-1.046211,0.068615,0.468854,0.145747,-0.029915,0.788443,-0.617283,0.143805,1.843375,0.091128,1.658303,3.891109,1.110862,2.428145,-1.331854,-0.431203,-1.170606,-0.295726,0.068599,0.202733,0.06115,0.171082,1.903829,0.51126,0.563796,-0.291631,-0.805964,-1.547225,0.015095,-0.630679,-0.704158,0.161517,0.362688,0.34873,0.067475,0.507454,1.840499,1.014174,1.738805,1.024433,0.893668,-1.086353,-1.082639,-0.151871,-0.951851,-0.081085,0.990197,0.459726,1.781772,0.798683,-1.141881,-0.571618,-0.977843,0.289762,-0.077639,1.322843,0.687061,-1.034678,-0.049257,-0.635822,2.470352,-2.434521,-0.20588,1.991812,0.921574,0.824881,0.29633,0.486178,-0.285375,-0.889921,-1.248369,-0.361605,-0.151944,0.657603,-0.827901,-1.183818,0.03559,-0.349818,1.558197,-0.179349,0.413073,-0.155346,0.806553,2.008376,1.506433,0.911674,-0.470562,0.224134,-0.149352,0.112068,1.386147,0.563591,0.64159,1.018822,0.740241,1.341504,-1.198252,1.025685,-0.035826,-1.954512,-1.225972,0.363421,-0.047091,0.432036,0.147459,-1.376397,-1.718184,0.80971,-1.450865,0.62309,-0.593825,-0.325202,1.009099,0.840478,0.198676,0.948957,0.639939,0.308321,0.810448,0.365605,1.735846,0.239575,0.383274,-0.426743,-0.743996,1.087698,0.962025,0.367451,1.176297,1.230181,0.698859,-0.416989,0.751942,-1.203863,-0.81402,0.407314,-1.364182,0.057064,-1.255307,-0.08744,-0.232883,1.166564,-0.466458,-0.417264,-0.021912,-0.364107,1.63293,0.267979,-1.14018,0.054854,1.45439,0.004814,1.038001,-0.083127,1.173058,2.14254,0.049865,0.941727,-0.372522,-0.685091,0.552527,1.805299,0.050824,0.316903,-0.410877,0.907139,0.980737,0.626438,-0.020472,-0.2288,0.345358,-0.388396,-0.000816,1.880233,-0.247426,0.963351,1.474867,1.977993,-1.55761,-0.27788,0.798565,0.468559,1.053632,1.130913,-0.055409,0.05748,0.080223,0.850557,1.739535,-1.200819,-0.43679,-0.628066,-0.09632,0.773976,-0.974016,1.57489,1.039124,0.248204,1.977901,-1.151289
MY2212,0.951273,-0.058934,-0.864694,-1.667092,-0.606005,1.558554,0.279127,0.380644,-0.980469,0.078661,-0.284781,0.246657,-0.52005,0.749082,-1.231955,-0.0286,-1.39252,0.333678,0.18588,0.274145,1.179033,-1.969108,-0.173019,-0.879358,1.481341,0.933207,0.542616,-1.976506,0.052952,0.882545,-0.083662,-1.347561,-0.501244,-0.741325,-0.668028,-0.457492,0.622227,0.0591,0.818904,-0.547509,0.448526,-0.27364,-0.320954,0.888428,-1.760421,-0.352678,-0.371214,0.107602,1.066889,-0.043365,0.102844,0.062503,0.401523,-0.252043,0.128914,-0.144123,1.188472,-0.425925,-0.410211,-0.823504,-0.453325,-0.269888,-0.267815,0.109626,0.683418,-0.001151,-1.902512,0.659349,-1.064603,-1.067411,-1.699814,1.951458,1.498664,0.643991,-0.02182,-0.469096,-0.618588,1.006337,0.625557,-0.146705,-0.555263,1.153911,-1.082818,0.627615,-1.769651,-1.937996,0.784493,-0.857533,0.537043,-1.009369,0.179046,2.469175,-0.94708,0.820837,-0.423907,1.90607,0.923658,1.558556,1.459267,1.387232,-1.572326,-1.275301,-0.05916,1.733021,-0.083511,0.481916,-1.656684,-0.105771,-0.895646,0.105922,-1.334786,0.632213,-0.233212,0.300386,-0.170404,0.10945,1.622989,-0.939916,-0.315246,0.027804,-2.002131,-0.434778,0.913857,-0.509796,0.608156,0.514539,-1.708174,0.558463,-0.939874,0.525712,1.442901,0.465211,-0.266962,0.159342,-0.127225,-0.765396,0.094426,0.729998,-0.134977,-1.746731,1.212764,-0.981991,1.191787,0.24149,-1.046715,0.389761,1.99103,0.866768,-1.239339,0.764691,0.410893,-1.139228,-0.343071,0.902367,-0.075194,0.30145,-0.702353,0.519966,-1.023906,0.293801,-1.152482,-0.791111,-0.093788,0.953981,0.574287,-1.276681,1.913924,0.725847,1.195774,0.905526,2.063884,-0.473507,-1.512682,-0.812794,0.422089,0.239998,-0.295954,-0.702942,-0.740078,0.814299,0.196489,-0.020976,0.313496,0.228749,0.586023,1.354852,0.124048,0.677992,0.596636,-1.487411,0.787715,-0.772941,1.481882,-0.165113,-0.043941,-0.964064,-0.463524,-0.286549,-0.987815,0.756903,-1.08142,0.926662,-1.252765,1.269462,-0.307,0.775961,1.599502,0.170079,2.836167,-2.276696,1.120577,1.220862,0.579475,2.51158,1.37407,1.280272,-0.448245,-0.941858,0.258568,0.038459,1.425434,-1.006855,0.505698,0.309896,0.295063,0.526303,-1.385659,-0.218249,-0.050596,0.618598,-2.967503,0.60886,-1.500524,-1.386854,0.267301,0.558743,-0.615347,0.206208,-2.06303,2.275913,0.076101,0.035133,-0.199964,-0.198902,1.347176,1.556057,0.247649,0.042895,1.169193,-0.037622,-2.06343,0.880845,-0.530316,-1.927754,0.605031,0.155259,-3.009915,-2.038903,-1.979627,-0.200941,-0.70482,0.686518,-0.515986,-0.75025,-1.363585,-1.72569,0.658009,-0.863516,-0.622353,0.000318,1.831689,1.304189,-1.902516,-1.261465,-0.369918,-1.216706,-0.681634,-0.769632,-0.886021,-0.134681,0.04195,-0.683771,-1.195277,-0.231683,2.017591,-0.179628,-1.398313,-0.890988,0.290016,-0.894188,1.523365,0.341094,0.023722,-0.375216,-1.627142,-1.800174,-1.523829,-0.2576,0.404279,0.566798,-0.019839,0.567041,0.63055,-0.380028,1.843003,1.840758,-0.221861,-0.058009,0.413072,-0.245848,-1.037107,0.390281,-0.582436,-1.790485,-1.103681,0.433769,0.480748,-0.599298,0.747558,1.799974,2.540804,-0.160461,0.837562,0.693057,0.126226,-1.556673,-0.155813,-0.986147,-0.436381,0.378257,0.580373,-0.044326,0.575159,-0.614145,1.587726,-0.91825,1.64486,0.743933,0.200953
MY2453,1.929442,-0.129775,1.270449,0.033847,1.343305,1.169001,-0.247256,-0.88968,-0.539256,-0.894487,0.288454,-0.555068,1.255588,0.105344,0.784457,-0.078436,0.292365,0.400991,-1.486134,-1.480408,-1.386961,-1.189687,-0.895482,0.512798,0.224021,0.450226,-0.072664,1.924946,1.588128,-0.984646,-0.345937,1.475118,-0.48733,-0.192049,0.748561,-0.233666,-0.674598,-1.847666,-0.685846,-1.595665,-0.39539,-0.930346,0.056038,0.680567,0.029711,-1.983295,0.118195,-0.286859,0.008781,-0.597065,-0.119772,-1.030536,-0.276157,0.343231,0.244537,0.582513,-0.058083,0.044238,-0.695888,0.858575,0.384645,0.496006,2.457614,-0.205285,1.968296,1.017527,1.38271,0.146292,1.079003,1.337775,1.981823,0.916929,0.515137,2.832228,1.593581,1.243542,0.939221,0.848388,2.405712,1.686585,1.517214,-1.510377,-0.08256,-0.092909,1.263935,1.046358,0.552443,-0.015936,-0.297072,-0.317742,1.539889,2.070187,1.286034,1.44408,0.211594,0.560408,1.329454,0.788261,1.265244,0.99123,-0.113172,0.004925,1.03886,-0.19597,0.627491,1.161372,-0.052735,0.619728,0.357205,0.062974,1.138639,-0.761428,0.697489,-0.394262,0.4025,0.742447,1.150557,-0.337276,0.881341,-0.412715,-1.586253,-1.291879,-1.487762,0.885413,-0.696648,-0.853889,1.554132,2.660552,1.180627,1.601871,1.858375,0.023637,-0.125919,2.176599,2.03907,-0.439876,0.022727,0.058926,-1.516008,-0.288554,-0.41386,1.930347,-0.653701,0.56998,1.800919,0.531561,1.3904,0.530831,-1.057126,0.254967,-0.601671,-0.053247,0.737023,-1.704644,-0.813337,-0.414737,-2.0674,-0.155404,1.734824,-0.277923,0.999133,0.148501,0.343112,-1.015147,1.924203,1.741001,-0.846225,-0.569698,-1.034073,-0.516561,-1.333107,-0.043566,0.475128,0.40143,0.486805,1.016563,-1.682286,-0.402413,-0.546168,0.099059,1.136423,2.969695,0.029002,-0.324231,-0.048359,-0.68866,0.589473,0.263783,-0.493712,-0.641843,2.022731,-1.526699,0.050511,-0.816959,-1.397265,-0.756348,-1.150917,-1.202266,-0.113329,-1.407168,-0.84986,-0.157032,-0.262372,0.29145,-0.583515,-1.508818,-0.422313,-1.908145,-1.616941,2.377933,-0.483402,1.514122,-0.467051,-1.151951,0.812552,-0.069542,-0.481696,1.053151,1.176759,-0.855636,-0.037951,1.900593,-1.747869,0.164043,-0.603979,-0.829705,-0.82365,-0.300469,1.066991,-0.978367,0.298761,-1.536895,0.267085,-0.750399,-0.692205,0.233631,-0.452226,-0.127745,1.267212,0.210068,1.140408,0.942016,-0.316275,-1.476795,0.858042,1.416764,1.932925,0.210107,-1.273146,-0.386794,-0.559231,0.098255,-2.193784,-0.929025,-1.521152,-0.518276,1.57925,1.873696,0.574169,1.072057,0.330786,-1.344807,1.119079,-0.587714,-0.216591,0.853007,-0.55405,1.547477,0.060823,-0.818261,0.141849,-0.292452,-0.003174,-1.135679,1.275032,-0.141309,-1.947278,-1.385295,-0.479758,-0.513231,-0.177279,-1.070665,0.755007,0.7018,0.981988,-0.706321,0.299858,1.093411,0.798127,0.305723,0.326518,-0.682059,-1.088161,-0.142249,-0.19504,-0.054252,0.113746,0.480483,-0.00701,0.665552,0.451369,0.311832,0.135164,1.173342,0.136174,0.209201,0.999811,0.023403,0.996938,-1.962681,0.670484,-1.413862,-2.270711,-0.265326,0.384148,0.5976,0.035812,-1.030104,2.699058,1.046015,-0.045111,1.063854,0.057482,0.043422,-0.596244,-1.187971,0.372537,-0.681437,0.493156,1.414299,-1.191287,-0.591933,0.325802,-0.576274,0.315511,-0.654113,0.803677,0.462232,0.073648
MY2530,0.241548,1.811022,0.311923,-0.718157,-0.715531,-0.685075,0.118977,-0.36353,-0.691799,-1.285191,0.085967,0.129745,-1.073932,1.513258,-0.764527,-0.490979,-1.05724,0.127136,0.741476,-0.676646,-1.765078,-0.070893,0.526539,-0.422405,0.734966,0.010755,1.995948,1.860586,-0.17999,-0.902152,0.235693,-0.795844,0.736548,1.362037,-0.910728,0.062721,-0.150761,-0.22349,-0.316475,0.466534,0.673898,-2.1135,-0.546352,-0.246672,1.018575,0.070855,0.346516,0.241377,-0.469765,-0.434278,0.867222,-1.138298,0.736694,1.154404,0.094428,0.94008,0.302741,0.082218,0.757958,0.266323,0.054404,0.191006,0.104699,-1.395998,-1.936926,-1.855551,-0.17532,-0.280004,0.381181,-0.241614,-0.124926,-0.652684,0.075682,0.333286,1.282174,-0.743458,0.670441,-1.622998,-1.135169,-0.869932,-0.103417,0.211181,0.081751,0.526079,-0.466731,-0.476049,-0.390776,0.724239,-1.480645,1.299873,-0.310598,0.314051,0.896049,-0.14102,-1.729784,-1.656995,0.070331,-1.392388,0.193997,-1.590829,-1.155383,-1.602083,-1.409909,0.65807,1.06508,0.529024,0.255142,-0.532918,-0.291241,0.274925,2.89727,0.472318,0.165096,1.050568,-0.184327,-0.927681,0.977442,-2.837919,1.375388,-1.220738,-0.216477,0.356939,1.057652,-1.023795,-0.319778,-2.606502,-0.260194,-0.546372,-0.892405,-0.907751,0.037318,0.009213,0.912097,0.071851,-0.2689,0.343896,-0.187528,-0.823015,0.740487,-0.673277,-0.330451,-0.753018,-0.69259,0.204878,-0.053415,-0.194079,-0.782142,0.141758,1.797141,-0.13162,0.009146,-0.079461,-0.76583,0.142264,-0.611678,-0.785967,-0.156906,-1.380052,-0.256796,0.806049,1.69787,-0.300866,0.140936,0.027411,-0.492417,-0.88735,-1.039932,-1.33279,-1.18679,-0.565086,0.094674,0.450496,-0.277892,0.548172,1.992874,-0.570062,0.224765,-0.657471,-1.621149,-0.880605,-0.420673,0.398688,-0.958748,-0.486357,-0.801227,-0.088721,-0.918611,-0.728799,-0.457187,1.156447,-1.094673,-0.219255,0.480547,-0.129607,0.855724,1.248913,0.516532,-0.506952,0.23489,-0.876111,-0.899785,0.756555,1.046806,0.537324,-0.3051,-1.20858,0.902029,-0.454726,-0.297624,-1.480897,-0.871532,-0.594014,0.84061,-0.953736,-1.239001,-0.94606,1.621852,-0.68946,-1.146407,0.622271,-0.87689,-0.951179,-0.797105,-0.526018,-1.165517,1.021729,1.62851,-0.723255,-1.449274,0.897272,0.138077,-0.78304,0.364878,-0.631312,0.307586,-0.716839,-0.573632,-1.488463,0.141245,-1.646707,-0.020418,0.062965,-0.64058,0.525863,-0.89302,0.704854,0.67065,0.84417,0.072951,1.029666,1.141917,0.248225,0.883842,1.010139,0.31554,0.074707,-1.363269,-0.085906,-0.727172,-0.477564,-1.414375,-1.885856,-0.759404,0.236517,-0.846628,-0.195919,-0.34835,0.750703,-0.570595,-0.430134,0.160932,-0.418512,0.623731,-0.496635,-0.094573,-0.441021,0.976776,0.80328,-0.258224,0.654857,0.980133,-0.002701,1.292625,-1.975219,1.273116,-1.586509,-0.331904,-2.5095,0.715522,-2.138715,0.090717,-0.797818,0.511179,0.162695,0.742147,-0.225182,-0.398007,-1.341328,0.159015,-0.013541,0.102813,-1.401364,-1.095033,-0.441614,0.330704,-0.218226,-0.223703,1.052015,-0.166708,-0.448707,2.721152,0.997169,0.55525,0.185922,1.553714,-1.608959,-0.634104,0.815441,-0.638953,-0.44267,-1.533362,-0.603457,0.232622,-3.662076,-2.350816,1.689331,-0.320952,-0.100235,-0.821135,-0.608239,-0.998808,-0.343073,0.710034,-2.114665,-0.704012,0.873505,-0.200257,2.355095,0.441931
MY2693,-0.336277,1.194312,-0.830921,-0.01798,0.811926,-0.882951,0.724994,0.085297,-0.368701,-0.972991,0.832086,0.250533,0.1958,1.220956,-0.857407,-1.294186,0.52957,-0.48287,-0.089262,-0.689332,1.434963,-0.508365,-0.245582,0.632091,0.950254,-0.494128,-0.660964,-0.537782,-0.642886,-0.489185,1.405211,-1.483532,-0.291052,0.510753,-0.710346,-0.663102,0.405317,0.569827,-1.535371,0.13831,-1.011201,-1.674388,0.153144,0.826476,-0.737645,-0.151599,1.781195,-0.236241,-1.199808,-1.551421,1.210483,-0.993506,0.006047,-0.456762,0.252193,0.407743,0.50908,-0.792029,-1.518699,0.556191,1.248102,0.981092,0.886776,0.060613,0.864596,-0.756234,-1.310081,-1.06526,-1.320578,0.006212,0.106744,0.563873,0.118466,-0.455007,-0.478905,0.418267,0.729327,-0.938646,-0.528907,0.715636,0.578708,0.189626,1.024442,1.054283,-0.820774,0.164038,-0.437636,-0.01431,-0.601803,-0.53705,-0.742518,0.478754,1.477259,-0.179955,0.617086,-0.161327,-0.650707,-1.394199,-0.899087,0.692642,-0.803578,-0.251587,0.167786,-0.798335,-0.890246,-1.064001,1.310517,-1.039541,0.109917,0.28346,-0.627682,-0.131622,-0.890632,-0.21821,0.613526,0.346081,-0.674756,1.184505,-0.541734,0.107978,0.913984,-1.153043,-0.087751,0.91846,-0.050405,-0.336838,0.560306,1.471827,-0.197776,-0.067337,0.502729,2.281925,-0.562888,0.066122,-0.281769,1.823129,0.343141,-0.245406,0.589127,-1.994204,-1.576821,0.465185,0.892648,1.156775,-1.556425,0.599893,-0.79596,-1.045283,-0.286279,1.45592,-0.865781,0.843892,-1.434742,-0.806546,0.599379,0.428193,-0.990908,-0.595934,-0.776528,0.665565,-0.663439,-0.089537,1.456532,0.759923,-0.871893,-0.32274,0.869076,-1.556391,-1.012901,-0.91083,-1.634655,-1.689426,0.247222,-0.002726,0.100771,-1.271151,0.561378,-0.267396,-1.644551,-0.290541,0.559657,0.426775,-0.408911,1.518515,0.550707,1.185014,2.151531,0.234275,1.19874,-0.13594,0.315636,-1.113066,-0.224127,-0.405667,-0.064982,0.170374,0.308026,-1.289958,-0.672422,-0.224114,-0.395511,-1.732586,-0.523191,-1.074982,0.439994,-1.171643,0.384524,0.774235,0.041169,0.629469,-0.280405,0.941091,0.162985,1.138493,0.180642,0.693799,-1.138492,-0.772206,-0.444486,-0.293033,1.164986,0.762327,0.977295,1.396186,-1.325195,0.474139,0.835757,-1.0539,1.580718,-0.000179,1.571663,0.63681,1.461336,2.735825,0.314302,-2.305845,-0.87427,-0.975978,-1.575056,-1.21437,-0.978469,-1.665022,-0.933091,-0.184545,0.717435,-1.11802,0.360163,1.49228,0.799431,1.129511,0.994102,0.997403,0.294869,-0.761389,-1.227002,1.843016,0.002477,-1.027089,-1.265195,-0.952662,-1.473373,-0.75242,-1.23413,-0.271043,-0.707813,-0.963107,1.940878,-1.266291,-1.26471,0.500325,0.671082,-0.220851,-0.760283,-0.254781,-1.332914,-1.902186,-0.112151,0.14475,0.357022,1.776771,0.75994,-0.078249,1.171196,0.953475,0.52947,0.060974,1.51895,1.17348,1.340732,1.631354,-0.907716,0.891878,0.965774,-0.316795,0.773258,-0.043682,0.882268,2.672171,-1.180742,1.895514,0.207457,0.890886,0.16012,1.768892,0.488003,1.334553,0.381948,2.339954,-1.118205,-0.961043,0.867614,-0.236123,0.655542,0.312207,1.746188,-0.563196,-0.170874,0.130509,2.177635,1.06196,-0.603503,0.456591,0.860554,0.310141,-0.732519,0.609566,0.294405,-0.808709,-0.029722,-0.26503,-0.731239,-0.961033,-0.166581,0.293419,0.403452,-0.099502,0.128053,0.280929,-0.933488
MY2741,-0.351846,-0.102127,-1.344321,0.932528,0.586801,0.114918,-1.373271,-1.04559,-1.880448,-0.9379,0.967341,-0.144385,0.172171,0.12194,-1.551452,-0.152985,0.868021,-1.168359,-0.571148,0.456052,0.642033,0.31742,1.284061,-0.430283,1.088518,0.013338,-0.050367,-1.36466,0.498183,0.671018,-1.23312,-0.568826,-1.321205,0.98764,0.155423,-0.982315,-0.85039,-0.947013,0.528869,-0.200028,1.51236,0.401135,-0.437889,0.327761,-2.048349,-0.376637,0.052614,-0.523198,0.731684,-0.302747,-0.369905,-0.334906,-2.229572,0.581092,-0.010121,-0.297609,1.011812,0.238033,-0.314377,0.267733,0.661267,1.10159,-0.926823,-0.345999,-0.239701,-0.559615,-0.792282,1.382243,-0.573645,-1.573079,-1.388972,-0.928405,-0.453074,-0.654171,-0.534453,-0.668457,-0.478358,-1.617817,0.644569,-1.65789,1.226554,2.017678,-2.053266,1.994461,1.263403,0.845064,0.326791,1.187778,0.390504,2.4924,0.020629,-0.90187,0.596556,-0.216683,-0.492727,-0.25492,-0.32871,0.155274,-1.080744,-1.554173,-0.906393,1.962171,1.451691,0.021303,0.713492,-0.838959,-1.165557,0.364275,1.264106,0.765813,0.490115,0.668564,1.400727,0.459534,1.023672,1.090201,1.19295,1.045419,0.015754,-1.1465,1.039597,0.110984,-0.230147,-0.693634,0.03037,0.276144,-0.481279,0.001076,0.530032,0.458903,1.293129,1.711719,1.370466,1.887818,2.966658,0.59176,0.753891,-1.680154,-1.686117,0.420359,0.207718,0.303699,1.104225,0.05336,-0.668416,-0.362606,0.826492,-1.074572,1.03739,1.203909,-0.125897,-1.600554,-1.176685,0.54537,-0.932256,-1.65159,-0.277227,-1.305614,0.022253,-0.418641,-1.642938,-1.356496,0.391935,0.025474,-0.189853,-1.039347,-1.509575,-0.828966,2.030053,-0.607231,0.211515,1.207662,0.317477,-1.538419,0.34278,-0.029334,-0.655395,-0.391236,-0.707658,-0.831831,-0.283852,1.225806,0.223062,0.216384,-1.137838,0.129,0.639885,-0.624858,0.996536,0.396351,-1.2468,0.377373,0.165192,-1.723789,-0.993332,0.530084,0.439182,-0.355742,-0.888206,0.021731,0.652471,-0.106479,-1.786994,-0.838837,-0.115475,0.292305,-1.042542,-1.098827,-0.807468,-0.268895,-0.804562,-1.289995,-1.069522,1.184471,-0.075953,-0.451035,0.441289,0.078599,0.919902,0.189385,0.710137,-0.764743,-0.077024,-1.196111,-0.954137,0.869266,0.70349,-0.027259,-0.269508,0.93668,-1.457527,0.561233,0.935122,1.468332,-0.31396,1.922576,-0.590522,-1.671513,0.497631,-0.241987,-0.102264,0.120177,-0.321974,0.490512,-0.392807,-0.459691,0.544878,1.481898,0.020634,0.066141,0.498701,1.419868,0.709039,-0.210176,-0.594487,-0.847375,0.374541,-0.72232,1.210664,0.212528,-0.538465,0.219286,-1.171504,-0.435292,-0.579674,-1.874593,-2.402928,0.025282,-1.195384,-0.193149,-1.308549,0.556537,-1.034408,0.766155,-0.786603,0.616222,0.049271,-1.021269,0.01041,-1.130326,1.457718,1.482483,-0.122322,-0.610319,1.378929,0.009945,0.019683,1.711475,1.63371,-1.101369,0.66318,1.803164,0.1074,-0.688499,0.149108,-0.859272,0.699548,0.605469,-0.154632,0.967259,0.330593,1.067966,0.900267,0.769318,-0.480173,2.172904,-1.387248,-0.144404,0.789442,-0.762219,1.011404,0.186472,0.891391,-0.207867,1.494951,0.132501,1.854526,0.382348,0.769646,1.628394,0.796707,0.00192,-0.398701,-1.444197,1.131586,-2.000946,2.572384,0.183666,-1.471377,0.921434,-1.085733,1.269108,-1.116844,1.711326,0.458531,-0.19553,-1.186971,0.307671,-0.620246
MY679,0.151341,-0.652499,-1.775734,-0.360697,-0.300779,0.159148,-0.531009,-0.128865,-0.469451,-0.614164,0.90936,1.088714,-0.250685,0.826339,-0.421859,-1.199975,0.544648,0.69693,-1.803756,-1.505011,-0.786061,0.044525,0.086565,1.023525,-1.080118,-0.858559,-0.183873,1.902705,0.24779,-0.477601,-0.323498,-0.27898,1.273263,0.198175,1.654674,0.228757,1.366356,1.583965,0.566207,-0.61601,1.230404,-0.057525,-0.165663,-1.083416,-0.959701,0.03214,-1.203419,-0.568319,0.670586,0.607602,0.623009,-0.146675,-0.999302,0.210172,0.773651,-1.358885,-1.764677,2.160761,0.14532,0.697426,1.202253,0.326578,0.542477,-0.935909,0.142127,-0.557884,0.303762,0.303179,-0.182784,-0.787016,-0.541123,0.283877,-1.398793,0.606581,0.390713,-0.062637,0.323784,0.36524,-0.452364,-0.114315,0.245253,1.111515,-1.326438,-0.67891,-0.838317,-0.170026,-1.190214,0.084299,-1.078163,-1.350795,-0.068184,1.061074,-0.756349,-2.226097,-0.520857,-0.05386,-0.017956,-0.492578,-0.82096,-0.12022,0.521193,-2.131158,-0.665924,0.185698,0.600563,0.776025,0.331871,0.009998,-0.749819,0.14977,1.080503,0.294495,-0.750364,0.634908,-2.376224,-0.001489,-0.620242,0.071102,1.69057,-0.127754,-0.989186,-0.560357,-1.40473,-0.632658,-0.123724,1.612216,-0.459267,-0.269471,-1.105627,-1.019385,-0.933756,-0.327344,0.211002,0.163074,1.332125,1.22501,-1.039566,0.22514,0.929757,-0.146524,0.45662,0.013396,0.184285,-0.547025,0.495588,-0.162396,0.693487,0.241264,0.333616,0.340621,-1.510642,-1.369116,0.424634,0.22993,-2.863007,0.480583,0.013972,0.528072,-0.293807,-0.133202,0.990821,0.674281,-0.542726,-0.87414,-0.656748,0.128332,0.785248,-1.139131,-0.101515,-0.318647,-1.032285,-1.229184,-0.712754,0.834757,-0.160271,-0.771945,1.081223,2.023356,0.842837,0.388436,-0.115255,-1.860788,0.579204,0.39728,0.483522,0.471066,-1.611968,-0.454033,-0.799462,-1.000379,3.049425,-0.132158,0.463805,2.063369,-0.818774,0.306087,-0.14744,1.739268,-1.12761,-1.32276,0.225738,-1.059191,0.7886,0.43577,0.237532,0.983396,0.306394,1.851219,-1.730395,0.295288,-0.091456,1.749936,-0.898796,-0.145528,0.700957,0.374257,-0.374859,-0.29847,-1.049038,-0.107369,-1.196616,1.056169,-0.867956,-0.288834,-0.716156,0.015573,0.29783,-0.355957,-0.948884,1.070658,-0.022823,0.610679,-0.376352,-1.402136,1.901585,-0.835593,1.119073,-0.461279,-0.240789,-2.091249,-0.986998,-1.423357,-2.109694,0.153067,0.265402,0.851281,-0.219589,0.535417,1.12638,0.8586,0.296622,1.775404,-0.256985,-2.324474,-1.087352,-0.712946,-0.929236,0.43746,-0.161851,0.849873,1.344738,-0.943808,1.992491,1.68256,-0.535845,0.525207,-1.051629,-0.87374,-1.357018,-1.579402,-0.963949,0.451977,-1.041908,1.867114,1.750541,-0.168503,0.513725,0.989617,0.804112,-0.929679,-0.351966,-0.183557,1.106443,0.566871,-0.238828,-1.045817,-0.808889,-2.293167,1.892708,1.07944,0.949263,-1.197603,1.647162,1.218779,0.760235,0.642528,-0.190442,0.437064,-1.145667,0.100499,-0.268989,-0.095443,-0.567318,-1.45763,0.603135,-0.889351,-0.47876,-0.055137,1.635332,0.200924,0.566541,-1.058835,0.74498,1.624871,0.04014,-0.85294,0.709835,2.117242,0.161705,0.804121,0.697521,-1.661769,0.488087,0.145886,0.469923,-1.225546,-0.254405,0.632334,-0.022047,-0.288059,-1.344559,-1.066319,-0.038026,-1.861353,1.918463,-0.45589,-0.568161,1.344877,-1.489608
MY920,-1.397108,0.345042,0.983408,-0.538578,0.103833,0.768002,0.275228,-0.746434,-0.15091,0.268927,-0.769935,0.956411,-1.942633,-0.368424,-0.132189,-1.089642,-0.291532,-1.096289,-1.042027,-0.589399,0.461292,-0.69546,0.364459,-1.508657,-0.495693,-0.604419,-0.248125,-1.749861,0.118703,1.206146,0.399712,-1.100859,1.040622,-0.209303,0.47376,0.062087,-0.515231,-1.150298,-0.037906,0.355057,-2.329061,1.583907,-0.60399,-0.149049,-0.281062,-0.138218,0.608404,-1.071212,0.912198,-0.389172,0.326732,0.48308,-0.107809,-0.588974,2.367127,-0.42687,0.561461,-0.500278,0.94052,0.579182,1.293377,1.236028,0.477229,1.133209,0.225021,0.088232,0.439849,-0.437054,-0.576276,-0.942485,-0.020523,0.20723,1.036086,-1.328709,1.107244,-0.248876,1.450061,1.232022,-0.437,-2.195871,0.226247,-0.119422,-1.098278,0.650941,0.806593,0.098948,0.510215,-0.266292,-0.739407,-0.674502,1.162122,-1.12129,-0.961796,-0.841313,0.680645,-1.844265,-0.038733,0.619477,-0.576251,1.51421,-0.746933,-0.223533,-0.033575,-0.069811,-1.520707,-0.614054,-0.427278,-0.24439,1.528342,0.223131,0.08731,2.319747,0.524615,1.203584,1.724862,1.444875,1.661498,1.179331,-0.414213,-0.995604,-0.075263,-0.055667,-1.238539,-1.167705,-1.099933,-1.218567,-0.948288,-0.700663,0.226701,-0.362006,0.525038,0.842456,0.466729,1.398898,-0.270639,0.406063,-0.266581,-0.255778,-2.46023,0.002503,0.808185,-1.425168,-1.119896,0.372509,-1.086366,-0.999959,-0.288264,0.44203,0.003182,0.022916,-1.704803,-1.458878,-2.144838,0.691256,-0.033562,-1.857523,-1.100597,0.476983,1.722377,0.250512,-1.092432,-0.556206,-1.032985,2.539435,-0.391854,-1.04178,-0.049521,1.001586,-0.364012,-0.909651,0.149041,-0.98021,-1.16495,-1.498747,-0.053941,-0.770327,-1.396603,1.953901,-1.171599,0.14967,0.432146,-0.021768,2.351207,0.886596,-0.025452,0.19942,0.7744,-0.524148,-0.101206,-0.904646,0.691653,1.602518,-1.792508,1.590326,0.52827,0.909864,0.983084,1.479368,-0.501553,1.154679,0.840768,0.13273,-0.435137,0.141405,1.509175,-0.31653,2.807478,0.679322,0.020088,0.81452,-0.715868,-0.360496,0.637303,0.046076,-0.857456,-2.171376,-0.806444,-0.59148,0.549459,2.338416,1.146458,0.360069,1.023452,0.857097,0.398684,1.475519,-0.2723,0.289196,-0.162719,-0.532278,-0.583612,-0.159372,0.6043,-0.115152,-1.121084,0.361258,0.739296,-2.711416,-0.576607,-0.579607,-0.846369,-0.111535,-0.297227,2.321728,0.574409,-0.36802,-0.771273,1.148455,-0.30799,-1.027322,-0.035292,1.931551,-0.179705,1.720314,0.623567,-0.22956,0.084823,1.089598,1.301148,0.664994,1.539264,-1.084207,0.815345,-0.646946,1.291059,0.543193,2.345151,0.560991,-1.330918,0.999433,-1.560026,1.301229,0.943208,0.514936,0.759327,0.227816,1.730764,0.081846,-0.234111,0.122514,2.680699,0.171939,-0.36106,0.64619,0.398069,-0.850251,-0.689923,-0.304377,1.181658,-0.421906,-0.327012,0.105231,0.52699,0.327463,1.230765,-0.022026,0.390429,-1.013295,-0.317038,-0.540415,0.406913,-0.008344,-0.802197,-1.192085,-1.119902,0.384351,-0.427445,0.393978,0.003163,1.534497,-1.034622,1.535212,-0.617714,1.711048,0.669408,-0.235065,-0.991214,0.336106,2.309687,-1.863805,0.458585,0.668847,1.458887,0.234729,1.627094,-0.655501,-1.303119,-0.664872,-0.718897,-2.991995,0.125422,-0.103008,1.346864,0.99917,0.147996,-0.765869,0.619602,-0.539757,-0.468664
NIC195,-0.274723,-0.333647,0.454124,0.424709,-0.568412,0.048369,-0.154393,0.033141,-1.067121,-0.104739,1.328575,-0.116706,-0.291525,-0.968898,-0.106481,0.05881,-2.126082,-1.120509,-1.015762,0.347351,-0.690167,-0.202997,-0.263306,-0.171841,-0.432345,-0.297069,-0.312799,0.02282,0.267843,0.320928,-0.402861,1.878644,-0.066371,-0.230336,-0.089907,-0.570647,1.392435,1.551767,-1.133342,-0.177081,-1.28034,-0.058801,0.584648,-0.74509,-0.880412,-0.129224,1.508913,-0.699727,-0.603314,-0.595072,0.646023,0.780396,2.100068,-0.766037,-0.502584,-0.251228,0.809626,1.674167,-1.571243,0.025098,-1.330485,-1.026938,-0.03256,1.517616,-1.110038,-0.509325,-2.069462,0.571081,-0.507761,0.601797,-0.181905,-0.442366,-2.389328,1.386666,-0.129833,-1.382929,0.585317,-0.366341,0.187455,0.4718,0.423851,0.326881,-1.005715,0.80248,0.903657,0.710003,-0.600966,0.6506,-0.061725,-1.851144,0.281778,1.383255,-1.279012,-0.334093,-0.41849,-0.845862,0.719133,-0.702312,1.074979,-2.559872,0.38451,-1.492658,0.404124,-1.989482,-0.700499,-0.480293,-2.451962,0.83835,0.631572,1.144082,0.597659,0.636698,0.006114,0.233349,1.637695,0.758291,1.028153,-1.259896,1.168891,0.567564,-0.551008,-0.194646,1.611795,1.348586,1.366282,0.914608,1.613848,-0.739644,0.331636,-0.816861,-1.503097,-1.185073,-0.004305,-0.419177,0.172326,-0.314409,-0.842933,-0.431869,0.450039,-0.254813,-0.775978,-2.249813,0.528457,0.258376,0.242694,1.917586,0.388958,-0.088243,1.015723,0.158989,0.788144,0.731576,1.288111,-1.99395,0.503927,-0.580515,-1.012245,-1.31869,0.48953,-0.757264,0.165241,0.036973,-0.156009,1.121023,-2.020498,1.702941,-0.432537,1.502665,-0.508007,-0.311655,-1.008499,-1.329705,0.426927,-0.194102,1.131068,2.227759,2.976368,1.596463,1.768978,1.960844,0.080233,0.216395,-2.000406,-0.182987,-0.704615,-0.89052,0.123463,0.964497,-0.319566,-0.117025,0.255466,1.261074,0.66553,-0.415893,0.136595,-0.279638,-1.330775,-1.059716,0.10015,-0.050152,0.321494,0.405951,-0.130782,0.064531,-1.234106,0.22508,-0.344059,0.551015,0.151087,0.820299,0.246344,-0.789666,-0.569412,-1.044928,0.802424,0.317898,0.717212,0.694518,0.012559,0.876622,-1.282107,1.161283,1.270917,1.537116,0.975511,-0.65915,0.673495,1.035668,0.093518,-0.749808,0.566494,-1.149134,-0.999807,-0.003947,-0.906882,0.971679,0.844465,-0.384773,-2.425768,1.773777,0.900315,-0.212861,-1.323953,-0.10791,-2.54797,0.819712,-0.513557,-1.320016,0.501727,-1.307882,0.032469,0.672525,0.202949,1.608677,0.900146,-2.018129,-0.639647,-0.569129,-1.756019,-1.449093,-0.554953,-0.276694,1.085499,-0.73909,-1.285824,-0.243404,0.068027,-0.008486,-0.290027,-1.526776,-2.489909,-0.029905,-0.583776,-2.828925,-1.612025,0.004858,-0.936285,-0.193973,-1.446331,-0.35547,-1.235818,-0.003857,0.176898,1.87391,-0.83142,0.42874,0.221911,0.565981,-1.510843,-0.038228,0.181651,0.222609,1.446326,0.021914,-0.609683,-0.732616,0.68297,-0.253002,-0.473733,1.392343,-0.950237,1.071048,1.729297,1.903616,0.981719,0.607834,0.541742,-0.03209,-0.038485,0.22748,0.472099,-0.345518,-0.411965,-1.42815,0.808872,0.366514,0.071741,-1.395583,-0.294797,0.991644,-0.265366,-1.182228,-0.905874,-0.480165,-0.029139,0.692709,0.226339,1.191912,0.655495,0.790955,0.898572,0.192011,-2.19677,0.426324,-1.296581,0.330277,0.41422,1.148221,-1.983983
NIC2,0.393131,-1.701541,1.725361,-1.140647,-1.460156,-1.250654,-0.10406,0.437917,-1.011726,-1.042663,0.789317,-0.822975,-0.043721,-0.524928,0.913293,-1.0069,-0.533237,0.348061,0.761889,0.238274,-0.686982,-1.189583,-1.109426,0.972972,0.609997,0.344678,-0.271188,-1.333055,-0.758464,-0.048421,0.280391,1.427587,0.189861,-0.673574,-1.226806,-1.501886,-0.620874,-0.339113,-0.464841,0.027825,0.670426,0.638976,-0.293606,-0.138449,0.243907,-0.545435,-1.867905,0.183517,-0.380204,-0.128091,0.02378,-0.382267,-0.187175,-0.315085,-0.421361,-0.354801,-1.659507,0.664811,0.63097,0.492435,-0.85524,0.710803,0.0281,-0.124076,-1.170684,-0.411263,-0.276865,-0.544755,-1.782575,-0.747174,0.652741,-0.272705,-0.993157,-0.024786,-1.24585,-1.728462,0.686375,-0.508577,-0.005267,0.029082,-0.962892,-0.687987,0.000761,-0.365598,-0.030496,0.316093,-0.576941,0.271546,0.656632,0.777829,-1.203852,1.038861,0.648678,-0.28636,1.222547,1.501058,1.2462,1.170872,0.294333,0.041656,0.282543,-0.849303,-1.117348,-0.802012,-0.435109,-2.387824,0.043003,-0.465652,-0.53205,-0.225127,-0.71901,-0.207585,0.332252,0.24968,-1.644429,-0.051134,-0.899253,-0.187052,1.222043,0.74258,-0.927243,-0.598511,0.095415,-1.59152,-1.62181,-2.355316,1.354518,-1.024484,0.120843,-0.565128,1.094482,-0.775766,0.136403,0.933487,-0.061448,-1.134707,1.104886,-1.020562,0.993884,0.03064,0.011416,-0.163308,0.283715,1.176987,-1.598194,-0.411742,0.594985,0.170312,-1.238356,1.263517,-0.30971,-1.094982,-0.266466,0.942673,-2.246154,0.108891,0.382681,1.425379,1.682407,2.608147,2.47865,1.760891,1.218623,0.48185,-1.510297,-1.534529,-0.486028,-0.441849,-0.48284,-1.501129,-0.621596,-0.844872,-1.52859,-0.885485,-1.929013,-0.402019,0.809853,-2.244894,-0.306737,-0.101528,0.073847,-0.90373,-1.622804,-0.094417,-1.975253,0.592456,0.518183,-0.619303,-0.777501,-0.132672,0.56929,0.218816,-2.113106,-1.584588,0.286492,-0.925644,-0.937507,-0.767721,-0.749228,-0.141068,-0.835368,-0.764006,-1.858144,-0.779094,-0.246633,-0.264776,-1.300803,-0.597358,2.067543,1.148256,-0.111721,-0.417447,-0.225389,-0.421857,-0.532621,-1.007356,0.468223,-0.51652,-1.417546,-0.098807,0.015101,-0.610303,-0.364661,-0.211055,-1.407701,-1.098052,0.352834,2.30267,-0.086175,-0.798037,-0.12635,1.230127,-0.372012,0.260017,0.745359,-0.087568,-0.647521,0.745793,1.649651,1.274877,0.516737,-0.63849,1.086562,-2.347216,-0.257162,0.067783,-0.648767,1.000811,1.436802,-0.281111,-0.335193,-1.058104,0.071937,1.492403,-0.535096,-1.388841,-1.396317,-1.074717,0.064999,0.117078,-1.310257,-0.332994,-0.618533,-0.411892,1.125249,-0.505338,-2.167775,-1.503241,-0.863806,-0.69195,1.031108,0.428095,-0.195959,0.587233,-0.212108,1.276732,1.779634,-0.418118,-0.406138,-0.417051,-1.377279,-0.248235,-1.417826,1.368903,1.557005,-0.417761,-1.012169,-2.083153,-0.822834,-0.263468,0.232744,-0.819279,0.535279,-0.262212,-0.116487,2.333066,1.122508,0.77387,0.179772,0.498932,0.388117,-1.068167,-0.316196,0.578116,0.185213,-1.265229,1.738354,-0.343771,-1.793143,-1.630892,0.696309,1.527249,-1.315698,-0.205166,0.060043,-0.569895,-0.378864,-0.849679,-0.654593,-0.680151,0.782306,-0.907968,-1.633281,-0.846813,-0.284283,-0.417562,1.304307,0.946972,0.789248,1.135072,-0.324395,1.267061,-0.350827,0.131618,0.599781,-1.013332,0.254428,-2.324126,0.979886
NIC207,0.752422,0.568761,0.160845,-1.586882,0.897371,0.11869,0.586318,0.665345,0.666518,-1.083564,-1.541369,-0.227055,-1.36685,-0.40548,0.903664,1.261221,1.560891,1.396719,0.604866,1.1018,1.249371,0.203778,-1.376399,0.677186,-1.105551,0.87696,0.703304,-0.763646,-0.947288,-0.174111,-0.321393,1.018344,-1.152239,-0.329115,-0.828829,0.475213,1.204608,0.599461,0.148862,1.472922,1.21844,0.278754,-0.373474,-0.99748,0.830898,-1.44102,-0.56474,-0.373523,-0.235542,0.195114,0.270399,-0.583631,-0.438353,0.677484,-0.587371,-2.479335,0.188134,-1.228777,0.164967,0.121778,-1.114328,-0.094295,-0.802014,-1.183673,0.574608,-1.086449,0.590461,0.091986,0.534039,0.302473,0.21971,0.659131,-1.022313,0.469378,1.037785,0.395522,-0.26817,-0.914616,0.390694,0.281443,0.163702,-0.097427,0.206423,-0.055149,1.303492,0.835141,1.603766,-0.598761,0.281447,-0.485379,-0.158631,0.007131,1.348516,1.202871,-1.789627,0.544184,0.356302,2.146645,0.648304,0.290996,1.546326,1.022301,0.478912,0.253394,-1.778698,-0.913095,-0.610867,0.652077,-0.664577,0.51924,0.265413,-2.051742,-0.572369,1.233658,-1.706437,-0.374203,-0.111544,0.504339,0.803798,-0.370269,0.161735,0.671972,-1.1009,-0.246916,0.451044,0.04862,1.08732,-2.243678,-1.289542,1.034163,0.16071,0.163212,-0.868871,0.746563,0.506324,0.317046,-1.165197,1.707672,-0.151943,-0.727332,1.020159,0.31367,-0.077094,-0.597044,-0.570994,0.687254,-0.958171,-1.503351,-0.420011,-0.169822,-0.847821,0.644897,-0.812216,-1.172258,0.268773,0.092101,0.219095,0.62305,1.275775,-1.249579,0.601216,-0.375395,0.775779,0.86012,-0.662092,-0.360128,-1.038174,1.200512,-1.396304,-1.902102,0.537643,-0.311961,0.705605,-1.664481,0.435106,-1.263095,0.321147,0.028319,-1.009019,-0.374926,1.065849,-2.01261,0.632961,0.467872,0.248715,-1.698615,-0.838422,-2.399162,-1.21948,-0.241652,0.051665,-1.149648,0.400412,-0.493371,-0.470619,-2.023731,-0.96959,-1.520641,-0.679245,-0.529732,0.84674,-1.396692,1.675657,-0.401947,-2.061716,-0.006778,-0.758714,0.916083,0.128403,1.170457,-0.022342,-0.756376,0.29537,0.18101,-1.471714,-0.870966,0.225146,-1.134339,-1.014914,-1.342549,-1.055653,-1.262879,-1.599508,-1.379985,-0.160471,-0.432785,-1.965212,-0.855455,-1.155372,-0.164413,-2.67667,1.076927,0.026488,-0.861224,-1.174565,0.374276,-0.46757,0.643966,1.628192,-1.46798,-0.581678,-0.492284,-0.486779,0.170238,-0.351591,0.753228,-1.005551,-0.321192,-2.418054,-0.245913,-1.068148,0.234159,0.630061,0.080007,-0.19668,1.173036,0.533516,1.042356,0.429687,-0.064079,0.612282,-0.869118,1.22068,2.478292,0.986078,2.534687,1.374085,1.525577,0.937825,1.530563,0.922264,-1.111035,0.662467,-0.481523,-2.427194,-0.751746,-0.662066,-0.213574,0.221937,0.061008,0.420272,0.652617,1.76164,-0.450723,-0.356428,1.519936,0.139394,1.300351,-0.894594,-0.096786,0.82339,-1.389673,-0.036274,-2.731863,-0.376171,-0.869564,0.608873,0.486065,0.162705,0.022192,0.279518,-0.331083,0.297504,-0.735716,-0.066066,-1.688434,-1.847083,-0.782997,-0.026103,0.055656,1.751253,-0.262292,-1.779487,-1.798068,-1.956323,-1.841644,0.768922,1.483857,0.736985,0.761426,1.571915,1.83439,0.456693,0.149845,-1.524504,0.668359,1.576553,-0.460477,0.86533,0.606847,0.112206,-0.084911,-1.726336,-0.297095,0.667394,0.167984,-0.174216,-0.17796,-0.347933
NIC251,0.295042,0.204443,0.327646,0.08123,-0.164449,0.437873,-0.906786,0.182143,-1.659525,-1.440649,-1.496962,0.838354,1.782069,-0.162754,0.232408,0.102946,-0.307785,0.682005,-0.325172,-2.154101,-0.646905,-0.245459,-0.062403,-1.713084,-0.608239,-0.71414,-0.194377,2.665661,2.135729,0.822698,1.58943,2.096912,1.587465,2.276297,1.987235,2.088146,0.29485,-1.23471,0.588457,0.3122,0.818786,-1.011671,-0.680972,-0.411152,-0.297115,-0.041699,0.820909,0.097962,0.186199,0.934302,1.402273,2.043513,1.696494,2.639012,-0.271652,-0.347116,0.712473,-0.021745,0.836622,-2.451003,1.60723,-0.710504,-0.664106,-0.602671,-1.427621,-1.499363,1.075465,0.073316,2.264144,2.312601,0.612329,2.013606,1.565302,0.158297,0.08548,1.774276,-1.88989,2.87707,2.693652,2.718248,1.362724,0.419756,-0.007235,-0.545148,0.062798,0.395013,0.031419,0.623334,-1.03668,-0.487886,1.112101,-1.845014,-0.837695,0.393669,1.090079,1.891786,1.121767,2.271407,-0.128142,-0.072784,0.140411,0.791997,0.398968,1.365041,-1.003848,-0.097964,0.514597,-1.03142,-0.66477,-0.063581,0.070094,1.012612,0.217228,-0.76273,0.823996,0.811085,1.045683,0.617463,0.467666,0.181711,1.504028,0.431516,1.174691,1.174489,1.779832,1.157429,-0.101016,0.883113,0.100052,0.841607,0.090966,-0.004456,0.195931,-0.428855,0.31045,0.504484,1.651966,-0.378667,0.020983,0.493371,-0.96554,0.987413,-0.666175,0.133509,0.71857,0.317752,2.151609,2.790733,1.200572,1.826878,2.381301,1.837359,1.186291,-0.790964,0.484483,0.588869,-1.995368,0.595412,1.097751,0.755605,-0.272808,0.228209,0.561529,-0.522194,0.832889,0.024917,-0.323589,0.308896,-0.118149,1.399589,1.33953,0.869179,-0.962797,2.157287,0.728555,0.243027,1.264589,1.51572,2.989298,2.449229,-1.474323,0.952964,-0.257154,1.587261,0.594542,1.296703,1.788902,-0.235268,-0.700429,-1.160089,-0.481467,1.154211,0.734266,-1.004598,-0.815728,-1.010431,-0.311719,1.258717,0.198715,2.244696,1.404624,0.641578,0.630637,-0.870677,-0.401316,1.082354,0.812063,-0.686601,-0.440481,1.898921,-1.372586,-0.274805,-0.380942,1.050931,-1.115355,1.036814,1.241259,-0.023165,0.918964,-0.065202,0.704802,-0.557391,1.238815,0.737734,2.415258,0.500198,-0.052476,-0.343675,0.082344,1.161913,0.574932,-0.255259,2.783302,0.556102,-0.261142,-0.106358,-0.141061,1.251344,-1.021284,-1.188716,-0.378025,-0.359449,0.070398,-1.868192,-0.780812,-0.808507,-0.267577,-1.120665,0.436728,0.458329,-0.897007,-0.945316,-0.568262,0.981626,0.4072,-0.55706,-0.780969,-0.091597,-1.038007,-1.153141,0.359171,0.308877,-0.439612,-0.769797,-0.786057,-0.596494,-0.673735,-0.04433,-0.525506,-1.599521,0.996084,-0.432363,-0.327458,-0.068377,-0.370697,0.015955,-1.115249,-0.336586,-2.36166,0.927732,-1.012443,1.479912,0.875786,-0.218609,0.846819,2.026781,-0.62063,0.597905,-0.390307,-0.389878,1.325954,-0.652207,-0.126418,0.303338,-0.841149,-1.225144,-0.222805,1.231692,-1.715752,0.565152,1.836693,0.176979,0.578602,1.19409,1.555223,0.879062,-1.246914,0.088708,-1.324177,-0.002314,-0.621288,-0.45938,-0.687661,-0.729674,-2.434623,0.465769,-0.656834,-0.760429,0.979879,-1.070442,0.769372,-2.025334,-2.067951,-0.854366,0.835845,-0.021111,-0.348353,-0.810262,-0.763655,1.369671,1.072135,-0.080473,-0.614074,1.708178,-1.490495,0.188813,1.077796,-0.935812,0.383888
NIC260,-1.157427,-0.043466,-0.343633,-0.966098,-0.78054,1.965473,-2.37152,0.215514,0.443657,0.031925,0.709664,0.14524,1.115618,1.408832,1.149935,-1.408812,0.752597,-0.782634,0.584822,0.298401,-0.11905,1.147437,-0.470443,1.090128,-0.696491,1.85419,-0.227887,0.024932,-1.633022,0.644248,0.117789,-1.267827,0.001576,-1.355403,-0.975869,0.335096,0.70103,-0.028466,-2.801161,-1.126289,-0.608767,-0.913396,0.266515,0.028099,-0.187961,0.739816,0.883715,0.290387,-0.144401,0.020922,-1.108689,-0.21898,-0.264953,-0.401997,-0.821319,-0.611049,-0.4667,-0.814336,0.026943,-0.770432,-0.486458,-0.72292,1.242676,-0.040363,-0.293633,-1.894255,-1.328925,-0.203455,0.141088,-0.989767,0.506421,-0.639897,-0.136645,-0.869828,1.228697,0.784295,-1.484522,0.129746,0.415135,1.580977,-0.156009,-0.036859,-0.755186,-0.512176,1.45362,-0.053651,1.347688,0.239899,1.332236,-0.086949,-0.644601,0.653997,-0.330739,-0.551775,0.05563,0.683113,1.08917,-0.397427,-0.865245,-1.751987,-1.515099,0.019103,-0.025129,-0.742249,-0.946753,-0.306719,0.605436,-1.514563,0.022759,-0.827729,-0.101623,-1.314197,-0.528609,0.196242,-0.517506,1.263583,-0.266864,0.345408,-0.895563,0.800546,0.679855,1.123661,0.14614,0.49499,1.823189,1.702336,-0.997216,0.61923,1.055469,-0.384758,0.682616,0.177341,0.092641,-0.323957,-0.602006,0.03119,-0.674064,-1.21072,1.138216,-0.887667,-0.463883,-1.42753,-0.094765,-0.34234,-0.614562,0.428686,0.014281,-1.608614,0.775073,1.522445,0.183301,0.133421,-1.35502,0.496571,0.763072,0.375952,-1.286483,0.82383,0.707815,-1.566643,-0.47978,-1.422859,4.036031,1.187885,0.842862,2.10393,0.789148,1.132447,-0.203533,1.432702,0.770926,-1.022505,-0.162879,-1.547095,0.448961,-0.454678,2.435321,-0.557758,-1.45398,0.431464,0.24977,-0.052177,-0.250922,-0.51836,0.108932,0.62853,0.553471,0.651001,0.341503,-0.590723,1.032068,-0.737155,-0.187263,1.695786,-1.030743,0.439681,-0.280034,-0.195189,-0.686475,-0.322,0.245494,0.582322,-0.424645,-0.053942,1.041375,0.290519,-0.160528,-0.230042,0.40761,-0.755171,-0.240619,-1.432153,0.109024,0.062298,-1.358674,-0.444718,1.209241,-0.54347,1.047463,0.043751,0.701661,1.698922,-0.879843,0.341916,1.429372,-0.714362,-0.442083,-0.202985,-0.472251,-0.60331,-0.482845,1.754004,-1.877553,1.324889,-0.576107,-1.01054,-1.648104,0.156083,-0.284876,1.353313,1.637922,1.058265,0.015414,-0.835625,0.693889,0.057358,0.089242,2.326529,0.162163,-1.220334,0.959084,0.895212,-1.619394,0.015555,-0.975872,-1.711477,-0.338999,0.611482,-2.519749,-2.010518,0.52511,0.561982,-1.480427,-1.576506,0.061818,-1.44351,1.451155,0.142986,-0.091752,0.088099,0.060889,-0.24313,0.721526,1.515879,-0.999714,-0.601293,0.994928,1.047669,-0.134648,-0.771938,0.957961,-1.183437,-0.435196,-0.238031,0.757656,0.503296,0.256901,0.38017,0.458027,0.842404,-0.212285,-1.206763,-0.420129,-0.281593,0.599273,-0.081166,-1.888786,1.568306,0.980324,0.941546,1.222523,2.404595,1.416657,0.217685,0.378906,0.704618,0.202146,-1.569223,0.245188,1.091451,1.105261,1.044296,-1.125658,0.513719,1.061252,-0.702377,1.506848,-0.590819,0.285884,0.484543,-1.520754,0.472093,-0.563926,-0.466127,0.718878,-0.521832,-0.511014,-0.221996,-0.044872,-0.348688,2.976315,-0.5423,0.337774,0.213745,-1.514738,-0.239578,-0.595552,-0.362559,0.676328
NIC261,-1.560489,0.210759,1.41835,0.264245,0.632549,-0.22391,-0.53979,-0.277143,1.417564,0.653741,-0.310658,-0.952509,1.926556,-1.794362,0.468325,-0.5795,-0.560053,-0.384919,-0.546179,-0.563532,-1.228852,-0.455889,-0.635486,1.318794,-0.616916,1.575007,-0.922674,-0.552667,-1.001005,-1.051667,-0.762473,-1.421042,0.129953,-0.004136,0.527761,-0.330243,-3.105057,0.256384,-1.509887,1.165198,-1.697047,1.504425,0.763459,-0.196022,-0.275113,-0.173952,-0.022928,-0.43316,1.702796,0.135003,-0.605284,0.34759,-0.748122,-0.338111,-0.109859,-1.703334,-0.380756,-1.376213,-0.30708,-0.773532,0.424949,0.446449,0.769715,-0.160654,-0.380419,-0.689783,-0.554847,-1.189404,-0.466992,-0.068367,0.027896,-0.104863,0.446492,-2.244847,-0.192322,0.798622,0.22259,-0.351649,-0.737892,0.505831,-0.675758,0.346814,-0.022446,-1.424762,1.559669,-0.733209,1.263079,0.029079,0.477862,0.0392,0.212337,1.386354,-0.104225,-0.337747,0.680538,-0.960905,-1.590141,-0.46412,-1.785617,-0.84262,1.23964,0.244533,0.383743,-0.058677,0.345858,0.567415,-0.792129,0.014519,0.840599,-0.648895,-0.510395,-0.055887,-0.044765,0.944658,-0.870497,-0.593617,0.20268,2.068945,-0.12036,-0.554934,0.879064,1.130209,1.806917,2.941129,0.904865,1.320607,-0.343284,0.450671,0.13735,0.139158,-0.221391,-0.919958,-0.499813,-0.338419,0.180672,-1.416918,0.672679,0.493958,-1.309198,0.138046,0.225439,0.19858,-2.310501,-0.86149,-0.297135,-0.253833,0.29239,2.716627,1.427347,-1.065465,1.216095,1.915371,2.252026,1.196828,0.808386,1.535344,-0.31163,-1.416546,-0.606232,0.08636,-0.000529,0.312955,-0.281032,-2.408899,0.948535,1.78456,0.881627,-1.013557,0.956628,0.806704,0.570393,0.264262,-0.665951,1.210584,1.067149,0.907195,-0.885632,-0.044048,0.722503,-0.301851,1.333606,-0.101631,-0.322181,1.563099,1.048234,-0.983054,1.464241,0.598473,-0.072325,-2.48875,1.369903,-0.900949,-0.737477,-1.7406,-0.616128,0.462909,-0.843586,0.12906,1.735049,0.912348,1.461138,-0.073826,-1.069035,2.576809,0.492007,0.046701,0.306735,-0.382369,-1.018405,-0.323226,-0.714856,1.836095,0.021086,-0.156126,0.574214,-1.494666,-0.237401,-0.272009,1.50424,1.052041,0.835401,0.829055,0.201715,0.946539,2.087612,1.600771,-0.515529,0.366778,-0.32919,0.073102,-0.670386,-0.657127,0.445481,0.508478,0.086789,0.824716,-0.664443,-0.03312,0.70103,1.092819,0.27707,-0.055781,-0.192721,0.626197,-0.009036,0.429838,-1.904489,-0.434495,0.000599,-0.864134,0.254546,-0.969273,-0.045521,0.240258,-0.686198,0.087587,-1.742375,-0.263842,-0.921637,-1.810263,-0.241341,-0.872502,-0.322269,0.927993,-0.3506,-1.129548,1.452427,-0.196764,1.454829,-1.463702,0.103713,-1.167607,0.48269,-1.277506,0.092935,0.679329,-1.276731,-1.506962,-0.043657,-0.75127,-0.155564,0.674631,0.734254,1.577519,0.124225,1.079472,1.316674,0.760033,-0.533958,-1.028331,0.20794,-0.379295,0.053884,-1.303008,-0.285983,-0.252016,-1.228648,-0.578664,-1.523164,0.176949,0.886119,0.213771,-0.227783,-0.231804,-1.442264,-1.334161,-0.849145,-2.089566,0.923859,0.850775,0.519355,-0.88542,0.40628,0.57531,0.877194,-1.015746,0.59272,0.173541,-0.27784,-0.172463,-1.335792,-0.227733,-0.023207,-1.745046,-0.781413,1.063265,0.357746,-1.696217,0.087642,-0.300173,1.316304,2.128449,-0.696491,0.36482,-0.186393,1.800196,-2.282134,1.245992,0.373052
NIC262,-0.100443,-0.225033,-0.262016,-0.149773,-0.238221,0.335758,-0.409817,0.270096,-0.296749,0.649246,0.550981,1.972434,2.046105,-1.295651,-0.927544,0.469178,-0.041176,-1.802002,-0.581126,1.347288,0.192863,0.628645,0.187022,-2.315029,-0.163812,-0.147996,-0.892998,0.541323,-0.236031,0.944977,-0.578513,-0.301916,-0.064017,-0.148416,0.91771,-0.693585,-1.201349,-0.422995,-1.673715,-1.13874,0.095346,-0.321985,0.675988,-0.355596,-1.156687,-0.455296,0.59234,-1.188499,-1.0024,0.932221,-0.304495,-0.375023,-0.903203,-2.256751,-0.404588,1.196642,-1.091276,0.462271,-1.031322,-0.628422,-1.126163,-1.065859,0.755665,0.151496,-0.890523,1.826085,1.97789,-0.758648,-1.253464,-0.529226,-0.3522,0.279087,1.767512,-1.00169,-0.110072,1.963816,0.57113,1.814372,0.73822,3.760629,1.821251,-0.767947,-0.743915,-0.547986,0.047864,0.872664,-0.229865,-0.587693,-1.651466,1.373168,-0.854064,-0.935166,0.383155,-0.030299,-1.738167,0.257332,-0.31335,0.315437,-1.056358,-0.726481,0.75545,-0.495241,0.296563,1.396976,-0.531851,0.837325,0.97496,-1.640646,0.065124,0.453399,-0.765431,-0.316243,-0.54976,-0.725262,-1.282225,0.470871,0.093049,0.402696,0.49436,0.489062,0.401372,0.054065,0.99068,1.841423,1.476453,1.143815,0.062821,1.165247,-0.613719,-0.299953,0.116888,-0.800487,-0.958038,-0.444479,0.491801,0.097722,-1.143513,-1.089974,-0.107273,-0.689055,0.597816,0.534633,1.78784,-0.880718,0.453434,-0.099221,-1.2834,0.923076,-0.399158,-1.476696,0.729749,0.548755,-2.001027,0.476651,-0.738613,0.005825,0.274437,2.464356,-0.796924,1.462175,0.911223,1.209575,0.253552,-0.643397,0.767536,0.990866,1.058602,-0.507721,0.416485,0.67225,1.807144,1.367923,-0.094043,0.607004,0.594491,0.622256,0.205121,-0.002326,1.006609,0.042913,0.247057,0.824687,-0.938861,0.122671,-0.323466,-0.734626,1.243438,-0.951258,-0.612134,-0.536769,-1.765092,-1.268768,0.771059,0.71999,-1.091173,-0.876268,-0.909243,0.477186,-1.793465,-0.398538,0.250852,0.391067,0.487149,-0.905582,0.506932,0.74594,1.65632,2.393926,2.001931,0.163424,-0.438455,1.9553,0.789239,0.155265,1.223852,-0.540864,2.18186,0.662637,1.203278,-0.075726,-0.311207,-0.387035,0.710911,0.464333,0.80812,1.184964,-0.352693,-0.271736,-0.663538,-0.15801,-0.004995,-0.265296,-0.569445,-1.094436,-0.352319,1.152743,-0.528677,0.521213,-0.145968,0.363579,-0.035838,0.986313,-0.358182,-0.175492,-0.788095,1.027698,-0.246788,1.073715,-0.182058,1.226977,-1.752624,0.538549,0.189894,0.282369,-1.019674,2.431014,-0.820771,-0.358936,-0.743994,-1.00099,-0.071819,-1.592765,-1.271065,-0.068434,1.207547,0.207049,0.215261,-1.679258,-0.113773,-0.514065,0.794779,-0.39511,1.946952,-0.42103,-0.116198,1.743142,0.74356,0.257215,0.555496,-0.136275,0.711324,1.348015,0.177264,0.082394,0.253938,0.500769,2.509331,1.118419,0.95467,0.600577,0.742294,-0.265252,0.652415,0.965814,0.847396,0.079904,1.230207,-1.392004,0.159552,-1.813083,0.700136,-0.127242,-0.341718,-0.855004,-1.032313,-0.309102,0.431243,0.627732,0.737776,-0.921694,-0.74261,-1.734436,1.004315,-0.151034,1.384945,-1.095507,0.095796,-0.032591,-1.208573,1.177444,0.238031,0.775342,-0.332307,-0.519197,-0.477824,-0.494445,-0.196052,0.715501,-1.441165,-2.022442,-0.242748,-0.555257,2.40568,0.066503,0.331305,-0.677392,1.660126,1.148286,0.8302
NIC265,0.266259,-0.850493,-0.869733,-0.011703,-0.327212,0.13967,-0.254893,-0.28542,0.100197,-0.77326,0.347593,0.732561,1.58287,0.89575,0.016221,0.193282,-1.152179,0.432236,-0.456805,0.326684,0.116049,-0.029597,0.878034,-0.052082,0.647536,1.484844,0.49395,0.877161,1.059897,0.387637,1.474742,0.856273,2.420908,3.313529,3.242732,2.075893,-0.52603,0.4218,-0.64846,-0.218073,0.688019,-0.088468,0.128066,-0.545172,-0.148503,0.565896,-0.532518,1.680642,2.756353,0.085103,1.200761,1.146302,2.337937,2.136276,-0.02013,0.511097,0.859734,0.611808,-1.146506,0.184631,0.631871,1.058804,-0.044646,-0.095413,-0.136108,1.715641,-1.206869,-0.82992,-2.323311,0.372244,-0.658681,-0.618688,1.201184,0.071178,1.644955,0.164583,1.403471,0.476469,-0.635241,0.833277,-1.415637,2.118796,-0.938688,0.9499,-0.252414,-0.05979,-1.756752,-2.17524,-0.313561,0.580496,-0.858531,-0.099828,0.830128,-0.124,1.702745,1.246728,0.740629,0.835938,-0.923524,1.369092,0.641043,0.486631,0.36249,0.841846,-1.573746,0.861087,0.289529,1.021704,1.594505,-0.326008,-0.632846,0.267271,-1.780796,-0.711679,0.327132,-0.535574,0.016581,-0.79869,0.327781,0.152184,1.120266,1.461196,0.489021,-0.114597,1.183531,1.889391,-1.077274,-0.737881,-2.053403,0.23765,0.582667,-0.326398,0.064743,-0.438411,0.095575,1.317621,0.052721,-0.214363,-0.958527,0.554711,-0.566335,-0.377673,0.881703,-0.207546,1.126028,-1.598454,-0.497402,-0.107931,0.254067,0.244478,0.28562,-0.191408,0.13959,0.204245,0.243968,0.836934,-0.33064,-1.669176,-1.737452,0.303289,-1.300915,-0.496615,-0.92658,0.713153,0.250303,0.475925,0.543413,0.451786,-0.360775,2.129507,0.379781,2.188331,1.5579,-0.346194,0.268035,2.727272,0.362655,1.386607,0.838009,1.402534,2.516506,-0.78634,0.523821,1.296428,0.459607,1.456235,0.143366,0.676052,0.037804,1.95569,-0.820875,0.573922,1.218032,0.317575,0.274359,-0.691895,-1.182845,-1.311379,1.470859,-0.268405,-0.146371,-1.393858,-0.136864,0.405994,-0.046184,0.871786,0.910746,-0.610727,0.191804,1.135743,-0.490465,-0.8092,0.961883,0.665946,-1.051175,-0.593527,0.332233,0.25513,1.281928,1.254999,1.855022,0.689101,0.645894,1.676659,0.558833,-0.731669,0.144215,0.83194,-0.41764,0.002714,-0.226106,-1.839236,-0.289788,-1.996058,-0.33487,-0.542297,1.184561,-0.414548,0.361326,-0.469983,-0.048473,-0.809727,-0.677424,0.283159,-0.878451,1.532407,-1.439347,-0.925725,-2.27433,-0.777082,-0.325002,-0.412007,-0.651808,-0.30001,-0.005343,-1.051582,-0.74018,-1.358354,-2.163567,1.530181,-0.89162,-0.309208,0.237563,1.246754,-0.26894,-0.258197,-1.213133,-0.285645,-1.957421,0.608202,-0.68862,-0.425397,-0.720855,-0.774847,0.313541,-1.084828,-1.045173,0.716744,0.611614,-0.090811,0.481488,0.482323,-0.179601,-0.877596,2.484754,0.053633,1.387076,0.87755,0.097301,-0.20098,-0.13534,1.081947,0.44515,1.660228,-0.337091,0.933815,1.17791,-0.59653,0.00726,-0.69188,1.25659,0.552219,1.91904,1.125321,-1.251138,0.629466,-0.637739,-0.69693,-0.839071,-0.257418,-1.119855,-0.402128,-0.161004,-1.013308,-0.723078,-0.473203,0.818839,-0.316487,0.388861,-0.849076,-0.149759,1.143964,0.828494,1.050118,-1.286826,0.96943,-1.484522,-0.561694,-0.447543,-0.691364,0.521351,-1.578623,-0.874755,0.113936,-1.692069,2.567991,0.158208,0.448642,1.477517
NIC266,0.796972,-1.802782,-0.724432,-1.759093,-0.512755,-1.091033,-0.621169,0.09843,0.64916,0.437844,-0.257653,-2.322084,2.446184,-0.701641,1.337022,-0.148312,0.575928,0.74091,0.556091,-0.065781,0.282403,0.339687,0.768893,-1.370879,1.261254,0.485917,0.115242,-0.525527,0.161597,-0.499106,0.209676,-0.784615,-0.142151,0.396762,0.270449,-0.74404,-1.145718,-1.084878,1.244292,-0.684191,-1.035195,0.531132,-0.582269,0.211092,-0.835236,0.365189,0.00855,2.103047,0.900139,-0.907536,0.654525,0.951248,2.171917,1.814919,-1.707505,0.413457,0.416212,-1.831221,-2.308024,0.856579,-1.346561,-0.822392,-0.79621,2.958361,-0.402809,-0.052692,1.202082,0.48823,0.313241,0.190233,2.228782,0.735812,0.61442,0.797107,-0.486306,-1.019999,1.058801,-0.9816,-0.30418,-1.035491,0.209025,-1.024136,-0.510835,0.085694,-0.061385,-1.342829,-1.758671,-0.015376,-0.161078,0.071215,0.17557,-1.21127,0.829519,-0.091528,0.501656,0.926849,0.695462,0.808513,-0.26341,1.033131,-1.459291,0.355246,0.059103,1.842751,1.495431,-0.096135,-0.614893,-1.264691,-0.372132,-0.506256,1.589313,-0.396667,-0.560052,-0.234714,0.230167,0.145437,0.504169,-0.578763,-0.66075,-0.191886,0.235727,-0.511736,-1.902459,-0.168087,0.86596,0.840297,0.451607,0.177998,0.12718,-1.166492,1.816714,-0.032976,-0.281027,-0.484404,-1.138411,1.675173,2.183919,0.03725,0.11824,0.423922,1.746932,0.704581,0.873725,2.048538,-0.522497,-0.0275,-0.69855,-1.422708,-1.20056,-0.32521,0.53163,0.507526,0.46691,0.12608,-0.079634,-0.719595,1.741776,1.525415,1.772565,-0.074134,2.088165,2.137845,0.524314,-0.680279,-1.819394,-0.891267,0.38478,-0.27277,-0.603412,0.158646,0.558561,1.702841,-0.229142,1.284558,0.436991,1.018242,1.118205,-0.180353,0.871584,1.000694,-0.339414,-0.895302,-0.323483,-0.913605,0.778608,0.300229,0.818367,0.803521,-0.070448,0.580773,-1.679901,-0.313913,-1.299283,0.956325,-1.815909,-1.153762,-0.981689,-1.874477,-0.871591,1.951628,0.635581,0.663066,0.04163,-1.207378,0.97353,0.215324,1.497099,-1.003583,-1.322742,1.245366,0.545538,0.437083,0.591484,0.276337,-2.134737,-0.414956,-0.676901,-0.964246,-0.186828,0.490699,-1.429196,-0.067527,-1.15889,0.011547,0.042172,-1.189707,0.493791,-0.118484,-0.841941,-0.173074,-0.572011,0.173032,0.174954,-0.696094,1.241756,-0.677444,-0.581889,1.002096,-0.818734,0.746028,0.331187,0.272366,1.370264,3.076695,0.477692,0.4934,-0.741455,-0.834207,0.71916,0.201007,0.432012,-0.275378,-0.358063,0.362118,-0.161687,-1.032073,-1.003532,0.997096,0.325644,-0.917851,0.507075,-0.255221,0.882055,-1.114546,-1.193367,-0.809389,-2.504926,-1.636686,-1.415439,1.283894,-1.635978,-0.260849,-1.089757,-0.093909,0.101754,-0.505875,0.344538,0.215546,0.210383,0.816452,-2.349548,-0.988291,-0.38671,0.551944,0.05469,-0.15382,-0.492115,-0.27547,-0.511749,-0.016674,3.121263,0.22278,1.241375,0.576145,1.886001,-0.071361,-0.115996,-2.22401,-0.479323,-1.582708,-0.842061,0.181694,-0.445673,-1.707171,-0.53668,-0.533071,0.520655,-1.169257,-0.831931,-0.408049,-0.356727,0.117971,-1.268839,-2.204778,-0.552094,-0.245675,-1.936679,-1.344166,-0.721017,-1.807238,-0.596731,0.093692,0.001462,-1.436859,-0.275481,0.462706,0.213957,1.274985,0.513777,-0.124878,0.14494,-0.418019,-0.680184,1.264826,0.187188,0.011727,1.588436,0.970181,0.332385
NIC271,0.537416,0.328826,-0.369626,-0.226001,0.882541,0.066908,0.349684,-0.509316,0.267019,0.482242,2.334938,-0.962888,1.022695,0.594378,-0.26521,-1.006359,-0.771429,-1.627204,0.092122,-0.64569,-0.349608,1.887651,-1.256769,0.200075,0.26685,0.152098,0.699114,2.30029,0.356012,-0.446155,-0.571552,-0.894966,-2.013601,-0.334951,-1.48225,-0.653604,-0.410349,-2.492548,-0.680804,0.937538,0.231146,0.578826,0.142715,0.497104,-0.065202,0.476656,-4.00821,-0.76834,-1.743039,0.674891,0.954107,0.118237,0.625525,-0.511075,-0.846421,0.60762,-0.671043,-1.015046,-2.245822,-1.049436,1.491583,0.593603,-1.138004,0.942381,0.432923,0.42502,0.814182,-1.094236,-1.280778,0.657873,-0.629548,-1.229446,-1.011933,-0.586891,0.155054,0.902167,1.105262,1.088636,-0.208526,-0.25419,-0.238034,-0.978836,-0.136343,-1.23861,1.031828,2.033015,0.586345,-0.640281,-0.111249,0.004002,-2.419037,0.56373,-0.874728,-0.443815,-0.116618,1.28521,-0.645025,0.209145,0.006934,-0.576468,-0.897148,-1.62554,-0.235674,-1.121783,-0.633044,-0.459008,0.108771,1.495961,-0.715732,-0.134192,-1.750692,-0.45569,-0.660511,-1.504601,0.298153,0.471317,-0.953882,2.016077,-0.392106,-0.073551,1.746686,0.586383,-0.201792,2.539188,0.57562,0.584023,-1.842703,-0.772916,-2.254006,-0.556196,-0.719992,-0.489866,-0.87079,0.018364,0.086745,-1.704874,0.025313,-0.07885,-0.136262,-0.634974,-0.065386,0.881262,-0.480236,-0.60186,-0.787479,0.494164,0.062329,-1.386794,0.084147,-0.02638,0.216889,-0.607737,-1.040581,-0.968006,0.898514,-1.156401,-0.804298,-0.235536,0.880671,-0.251044,-0.878793,0.110028,-0.461475,1.645668,1.332387,0.818022,0.195837,0.566201,2.24123,1.072339,1.60108,1.141571,0.023756,1.489825,0.923587,-0.423462,-1.48915,-0.639404,-0.392098,0.201044,0.68162,0.409053,-0.406056,0.376338,0.247642,-0.375752,2.029745,-0.391579,0.43381,1.369688,-0.235149,-1.169693,-1.658843,0.68771,-0.528955,-1.395568,-0.733352,-0.404619,0.214028,-0.561483,-0.472658,-1.845308,-0.394155,-0.28104,0.679725,0.050304,-0.061078,-0.847574,-0.108046,-1.002322,0.078028,-0.564686,-0.501535,-1.040883,-1.001264,-0.130981,-0.350217,-1.227744,-1.433777,0.781775,-0.171171,-1.02916,0.532384,0.689204,0.535583,0.101239,-0.771187,1.547072,0.800083,0.402063,-0.553651,0.304892,-0.328246,0.743987,0.89058,-2.142947,0.87945,1.231697,0.412884,1.710114,1.068338,0.509963,0.721267,0.328876,-0.125409,-0.193793,0.971533,1.552878,-0.604132,-0.781229,-0.14934,-0.18694,-0.249289,-0.180227,-0.436688,-0.637099,0.133117,-0.407808,0.093019,-0.97581,-1.673957,-0.812619,-0.833417,-0.869737,-1.403235,0.752349,-0.400738,-0.352965,-1.754081,0.755832,-1.175163,0.746596,-1.162113,-1.495194,0.120637,-1.390614,-0.340315,-0.257662,-1.444168,-1.280242,-1.240802,-1.339001,-0.386637,0.328039,0.515371,-1.086014,-0.409758,-0.641199,-1.271947,0.587964,-1.978379,-1.364476,-1.562027,-0.820981,0.621837,-0.880519,-0.484354,0.83189,1.511444,-1.122689,1.125284,-1.135288,0.545177,-0.476965,-1.756837,-0.739555,-0.97528,0.912372,0.567043,-0.953258,1.791818,-0.230274,-0.259338,0.221432,0.530771,0.255834,-2.630346,-2.122983,1.131595,-1.541315,-0.098959,-1.956872,0.899741,-0.275037,1.763418,0.328383,0.888246,1.04561,0.777102,-0.031785,0.997634,-1.606156,-0.859259,-0.502822,-0.337472,-0.120793,-0.887021,-1.343683,-0.503497
NIC276,-0.23504,-1.093314,-0.072774,-0.385585,-1.20969,-0.018115,-0.282466,-2.240449,-0.380655,-1.000856,1.202196,0.087116,-0.494409,0.657036,0.815601,0.420789,0.356751,-1.163858,0.438552,0.100204,-0.691123,0.56884,-0.446247,0.037179,0.177868,-0.769067,-0.652267,0.851663,1.246994,1.670233,0.938273,0.92622,0.468307,-0.543923,0.03515,-0.429151,0.332242,0.546999,1.010567,-1.418803,0.422339,-0.199444,-0.021393,1.238828,0.101368,0.135824,1.180599,-0.809285,0.15421,1.104216,-1.863265,-1.1708,1.074076,-0.434869,-0.607381,-0.99576,-2.375149,0.378183,-0.478443,-1.065437,-0.147365,-1.803439,-1.471461,0.943057,1.731992,0.259847,1.005188,0.196059,1.409044,1.016738,1.080769,1.298449,0.151081,-0.708143,-1.757447,-0.629152,-1.38554,-1.458236,0.816265,-0.387728,-1.963839,0.976886,0.175716,-0.97303,-0.203686,1.256251,0.246945,1.605488,-0.117471,-0.282705,-0.903874,-0.747982,-0.587886,0.39467,0.030244,-0.431893,0.354458,0.395824,-0.097146,-0.524294,-1.885744,0.629684,-1.972722,0.476905,-1.617242,-1.324855,0.041023,-0.521725,1.597707,-0.511434,-3.063252,-0.740537,1.5517,-0.391292,1.179961,-1.213281,0.497265,1.308123,0.768528,1.320267,-2.091036,0.638242,-1.608187,0.049715,-1.452311,-0.792673,-0.867287,0.053292,0.29659,0.149568,-1.270276,-0.014737,-1.443184,-1.505998,-0.440932,0.999104,-0.178028,0.053193,0.656962,-0.565162,-0.015136,-0.650594,0.407464,0.090395,-0.897282,-0.710767,0.38143,0.757164,-1.541089,-0.577527,0.44184,0.672005,-0.920383,-1.776874,-0.148458,-0.177816,-0.608617,-1.508544,1.473351,0.999101,-1.045535,0.950374,-1.351962,-0.721778,-0.483879,0.652735,-0.958886,-1.147481,-2.086029,-0.15056,-1.409896,-0.713477,0.807775,-0.457367,-0.002034,0.285415,0.121844,-0.462119,0.733718,0.485998,-0.036526,-0.761151,0.984278,-0.479083,0.515276,0.873081,0.815138,1.153261,1.172552,2.074546,-1.92314,-1.838667,-2.789705,0.038763,-1.88166,-0.839162,-0.158789,-0.721894,-0.34286,-0.161085,-0.202699,0.478498,0.979503,0.363133,-0.028835,0.121531,-0.046399,2.186912,1.483477,0.121198,-0.645263,0.775086,0.299594,1.407924,0.291764,1.11972,-0.590785,0.553839,-0.741454,0.742147,0.792141,0.218177,-0.628181,-0.13581,-1.065167,-1.813789,0.145599,-1.342794,0.460547,-0.090171,-0.045057,-0.374431,-0.116953,0.767023,0.898372,-0.396355,0.851555,-0.115085,0.137945,0.043621,-0.20625,0.534974,1.033729,0.105985,-0.150029,0.217038,0.570424,-1.693771,0.16615,0.191315,-1.208346,-1.814298,-1.854625,-2.425013,0.480813,0.987701,0.683076,-0.692276,-0.870267,-0.891892,-0.565531,-1.070517,-0.936072,-1.589686,0.096245,-0.043478,-0.173373,-1.735195,-0.096497,-0.623932,1.263463,0.06216,-1.30286,1.192502,0.816769,0.48482,-0.243622,0.485355,0.949744,0.076512,-0.725419,0.197681,-0.085356,-0.519895,-0.684713,-1.000487,-1.612546,-0.472191,-1.137592,-0.866653,-1.273481,0.571811,-1.458493,-0.894122,-0.307057,-0.449734,-0.102167,-1.662824,-0.224991,0.271897,0.132124,-0.969217,-0.145858,-0.330136,1.046526,-0.212849,-0.253712,-0.79521,-1.081133,1.454888,0.176498,0.949544,-0.335201,-0.109172,-1.111019,-1.618768,-1.458107,1.268916,-0.388468,-2.203678,-2.255712,-0.60964,0.476799,0.407795,1.678295,0.405435,0.657613,-1.732107,0.78364,-0.97308,-0.551296,1.796946,0.818967,-0.956973,2.880159,-0.953963,1.190521,0.167436,0.575569
NIC523,-0.628428,-0.301788,-1.513,1.106481,-0.163775,-0.130669,-0.725169,0.552393,0.035434,0.166124,-0.323417,-1.469702,-0.559186,1.45918,0.899861,0.891224,-0.795132,0.723501,0.283673,-1.455951,1.600244,-0.35595,0.164532,-0.219138,-1.228844,-0.845137,-0.186319,0.134091,-0.699683,-1.539547,-0.706591,0.282337,-0.398972,-1.752853,0.003328,-0.723818,-0.30169,0.247844,0.465423,0.091945,-0.088747,-1.303729,-0.275955,-1.276421,-1.063185,0.499475,1.191826,-0.75037,-2.020145,-0.00442,0.322432,0.785354,-0.929329,-0.635559,1.114681,-1.242471,0.921899,1.775488,2.525989,-0.372558,0.584435,0.101187,0.359288,-1.105621,0.391928,1.437772,0.588666,-0.762947,2.018488,0.648114,-0.306531,-1.319859,0.221657,1.900998,1.76775,-1.091279,-0.594882,0.095477,0.481529,0.662819,0.141784,0.290651,1.37078,-0.343687,1.333372,0.770424,-0.962519,-0.219652,2.632955,-0.66659,0.205678,0.03231,0.72852,0.643849,-0.448325,0.090072,1.401611,0.859572,2.584784,-0.871827,0.885888,1.477075,2.074671,1.052173,2.840901,3.36013,1.919649,1.749887,-0.847093,2.108656,-0.34989,0.285851,-0.403019,0.849853,1.136448,-1.227777,-0.041921,0.586778,0.258208,0.455156,-0.384565,2.802609,1.825943,0.959651,0.731465,2.268007,0.675509,2.008403,0.780173,-0.173741,-0.454533,-0.156743,-1.099056,-2.012074,0.95335,-0.915729,-1.70028,0.590918,-1.021679,0.775758,1.053057,-0.293229,0.378983,-0.798311,0.278746,0.995142,1.096966,0.253364,-1.061302,-0.319571,-0.92444,-0.355471,-1.31479,-1.070078,-1.232216,1.57494,0.873674,-1.132899,-1.044449,-0.483235,-0.276315,-1.565972,-0.482122,-0.523931,0.54834,1.920146,2.978282,1.226732,0.633793,0.9837,1.083143,0.373144,0.796369,0.1585,1.484007,-0.397122,-1.657806,-1.900178,-0.254715,-0.760385,-0.526412,0.436307,0.513024,-0.53008,-0.102143,0.526025,-0.481472,-0.34764,1.071375,1.832411,0.235329,0.833715,0.209954,0.539988,0.295973,1.737911,-0.127751,0.251981,1.702871,-0.28039,-0.502719,1.802376,0.622107,1.53101,-0.564325,1.008016,-1.011575,-0.473644,-1.057733,-0.112964,2.184056,1.111588,-1.594088,1.0215,2.545192,2.621606,0.872326,0.795746,0.754568,0.65597,0.800997,2.21145,1.058847,0.337509,1.238295,1.315353,-1.50172,-0.432893,-1.108497,0.271676,-0.314619,0.224256,0.317188,0.45528,-1.273378,-0.42121,1.612328,-0.992925,-1.075564,-0.260537,-0.990049,-1.370663,-0.211612,-0.789643,-0.57898,0.558318,1.259626,0.930229,0.912522,-0.330753,-1.542473,0.477477,-1.110739,-0.037347,-1.711253,-1.330127,0.055148,-1.069562,-0.577087,-1.153699,-0.998406,-0.425613,-1.319509,-0.356101,-0.559244,-0.189082,-0.774595,-0.013497,-0.652152,-0.829287,-0.240376,0.53354,0.071546,0.899374,0.975424,0.431336,1.086228,1.105476,1.521359,-0.039919,1.022803,-0.352803,-0.692406,-1.725852,-0.937525,-0.449115,0.133266,-0.514629,-0.197588,2.214668,0.807327,0.846829,1.552179,-1.289328,-0.461779,0.420753,-1.800936,-0.174232,-0.674893,0.56672,-1.549346,0.22169,1.220652,-0.050027,-0.660203,-1.088821,-0.204274,0.950605,-0.521496,-0.013047,-0.622049,1.489961,-0.491922,-0.106855,-1.105807,-0.420938,-0.704341,0.66385,-1.208124,0.181048,-0.168284,-1.064084,-1.475346,-1.032353,0.04113,-0.75437,-0.927216,-0.201332,0.978564,0.526573,0.337367,0.207174,-2.068289,0.700708,-0.117848,1.926252,1.051908,-0.870381,-0.439023
NIC526,-0.577516,-0.832045,-0.258016,0.084145,0.281916,-1.246769,0.422634,-1.067801,0.670789,-1.141144,-0.166784,0.907073,-0.603306,-1.08121,-1.022798,0.629831,0.815549,0.572083,0.429371,1.116746,0.472477,0.49287,1.244804,1.247737,-1.137504,-2.353218,-1.263031,0.979732,-1.763858,-0.305918,-0.068448,-0.4266,0.079562,-0.298507,-0.98129,-0.679867,0.705204,0.160093,1.558255,-1.288137,-1.303786,-1.270894,1.687186,0.048989,-0.654382,0.985737,0.225867,-0.112355,-0.125259,-0.527841,-0.308248,-0.87388,0.545354,-0.566725,0.518375,1.213986,0.404182,0.497619,-0.37428,1.964456,1.107218,-0.215177,1.805369,1.206241,0.991174,0.226837,0.567152,-0.303726,-0.414053,-0.487953,-0.520615,-0.483728,-1.547079,1.213054,-0.221451,0.766938,-0.685127,-0.049893,-1.281595,-0.183517,0.642096,-0.176029,0.656608,1.537834,-0.838135,0.986918,0.195184,0.750791,0.610662,-0.561439,1.214806,0.372924,-0.102081,-0.605585,2.058569,0.281439,1.794265,1.610906,1.621675,0.614858,-0.956536,0.17422,-0.628973,-2.180415,0.260757,0.361173,-0.892307,0.29702,-0.526378,1.070438,-2.058393,0.629204,0.35047,-1.992356,-0.625544,2.449067,-0.003461,1.158131,-0.745648,-0.303758,-0.2602,-0.867941,0.767222,-0.697903,0.48888,1.012568,1.785436,0.334394,0.05377,-0.114786,0.726232,-0.994846,-0.71286,0.848572,-0.182802,-1.663695,0.368521,-1.100878,-1.167447,-1.447678,-0.105676,0.566593,-0.954561,-1.110506,2.176322,1.035046,-1.053425,1.946259,1.378618,0.008433,0.127979,-0.258479,-0.16978,0.702044,-0.168502,-2.458842,0.022139,0.751996,-0.659142,0.162731,0.770321,-0.747277,0.660519,0.464599,-0.772026,1.129379,1.306432,-1.017126,2.278935,0.762879,1.124767,0.306692,-0.345082,2.199727,1.859311,1.614992,-0.839571,0.921573,1.611371,1.032965,1.04663,0.721632,-2.091276,-0.6043,0.928483,0.596721,-0.13616,1.551471,2.073997,-1.800948,0.098293,-1.184275,-0.262754,0.140428,1.695533,-0.173456,-1.008551,-1.034319,0.903588,-0.150398,-1.554074,0.827187,-0.015757,1.563343,1.605559,1.258617,1.3199,-0.500266,-1.068805,0.289691,1.097009,1.07739,-1.300779,0.534503,-0.224604,1.131578,0.40676,0.816805,0.991854,1.082968,0.088855,0.301753,0.291907,0.466185,0.153353,-0.796606,-0.802924,0.173757,-0.499294,0.550476,0.522774,0.170968,0.591805,0.515423,-0.938905,0.327628,-0.094229,-0.392559,0.700937,0.549922,2.197508,0.045294,-0.296949,0.06469,-0.27441,-1.383107,-0.95373,-0.593147,0.239361,-0.273657,-0.681012,0.012994,-0.816095,0.260042,-0.284728,1.014963,1.282118,-0.927449,0.413324,-0.349058,1.128745,0.219417,0.664452,0.048415,1.87936,1.202961,1.043043,0.900768,-0.066745,-0.003295,-0.976569,-1.210436,-1.125481,-0.344594,-0.043939,-0.570878,0.559826,1.152242,0.774357,-1.798058,0.538224,0.981874,-0.102877,-0.828768,0.456399,0.404645,0.904853,1.301119,2.871289,-1.004627,-0.7803,0.517223,0.708061,1.016224,-0.402703,-0.259951,1.058213,-1.45538,2.104507,0.404973,-0.800229,0.88639,-0.120388,-0.621296,-1.134011,-0.283818,-0.415118,-0.482435,0.102884,-0.293733,0.743654,-1.22143,0.065512,-0.605947,0.111111,0.413834,-0.380773,-1.430642,-0.217085,0.025636,-0.604166,-0.756904,0.117219,3.052041,-0.194745,1.337618,-1.374864,-1.008709,1.024792,1.170028,2.307546,-0.509293,0.245532,-0.734714,0.309633,-0.914969,1.075218,1.274891,-0.597768
NIC527,0.56077,1.176473,1.241261,-0.129353,-1.153811,0.666782,-0.317009,0.24418,-1.284286,-0.883311,-0.379929,1.670302,0.394274,-1.438352,0.085311,-0.717744,0.488548,-0.925624,-1.987123,-1.086124,0.129894,-0.276737,-1.411626,1.150463,-0.589818,0.347484,-0.266754,0.305312,-0.234862,0.086534,1.108093,-0.427134,0.555519,-0.981903,-0.133616,0.005244,-0.824644,1.497503,0.891066,-0.276124,0.532987,-1.140926,-0.234586,-0.199508,-0.31899,-0.345771,-1.141834,0.66583,1.738203,0.918431,1.163069,-0.149034,-0.691913,0.35248,-0.52772,-1.006303,-0.138854,-0.078155,1.427162,-0.288285,2.012576,1.311956,0.901096,1.680632,-1.028398,1.356772,1.565624,-0.789278,-1.041112,-0.065639,1.182107,1.06924,0.5831,0.18172,-1.809984,-1.096535,-1.081606,1.071887,1.17079,0.041772,0.052021,0.172974,1.603198,1.616195,-1.579595,-0.686394,0.009245,1.216104,-0.390782,-1.004707,1.199901,0.366859,0.904444,1.011922,1.406403,-0.456692,0.986693,1.060477,0.416715,-1.163544,0.595423,-0.768433,1.274349,-1.346417,0.80022,0.94241,-0.172644,0.714258,-0.643619,-0.630762,0.069982,-1.314371,-1.228122,0.476382,0.234046,-1.365405,-0.881675,0.838939,-0.949037,-0.443286,-0.698311,0.012261,0.242772,-1.112288,-0.014114,0.40578,-2.965197,-0.832297,0.956926,-0.880816,-1.197996,0.981262,-0.510705,-0.840062,0.42259,0.014843,0.396333,-0.582091,0.835551,0.593417,0.454578,-0.24531,-1.665687,0.139837,0.141013,0.665181,-0.014736,0.653249,-0.202273,-2.925279,-0.225642,-0.511418,0.605698,-0.865947,2.294137,-0.674301,0.831259,0.897929,-0.408923,-0.139929,-1.921323,-0.247221,-0.098737,-0.020373,-1.767864,-0.67382,0.273099,-1.145714,0.196526,-0.081176,1.26417,-1.147777,1.555125,-0.158969,-0.132753,-0.658423,1.173159,-1.734625,1.074202,-0.072848,0.657909,0.131686,0.079338,1.322355,1.227349,0.28016,-0.451218,1.263714,1.824299,-0.070322,1.827348,-0.43431,-0.725655,-0.713565,-0.737479,-0.983707,-0.461088,-1.243163,-1.474485,-0.198724,0.158413,-0.357901,1.123333,-1.071816,-0.314915,0.273544,-0.290891,2.072029,-0.137822,0.207912,0.289443,-1.160258,0.63067,-0.641819,0.874664,1.463097,-1.550573,-0.044616,-0.040094,0.024553,-1.326073,-1.0055,0.601403,0.086767,-0.012745,-0.631433,-0.142379,0.497642,-1.164939,-2.220573,-0.006599,-1.160349,0.643025,-0.498798,-1.352479,0.965342,-0.56496,1.095866,0.218434,-1.051196,-0.742798,-1.252035,-0.921635,0.842004,-0.35033,-0.755789,-0.908849,0.263805,-0.186051,-1.398466,-0.518199,-1.502879,0.26229,-2.969827,0.55932,-0.168396,0.131599,0.048408,1.860438,1.883724,2.463637,0.010591,-0.332671,0.880631,-0.37643,0.676288,0.474508,0.252744,1.045584,-0.13793,0.047693,-0.123582,-1.119549,0.062811,0.159726,1.055405,-0.339284,-0.655832,-2.298838,-1.212761,-0.294128,1.013982,0.69257,1.524202,0.463936,0.727698,1.464211,1.490121,-0.486418,-0.207464,0.803244,0.365921,1.578932,0.959302,2.199313,0.262955,0.156207,-0.011206,0.737337,-0.61091,-0.304977,1.895697,0.940197,1.223378,1.186225,0.890201,-1.727013,-0.120166,-1.776773,-0.941836,-0.573683,-0.290826,0.106394,-1.150022,-1.020343,0.949272,0.358741,-0.050214,-0.149804,0.290748,-0.4289,1.242668,0.200417,1.225295,0.00597,0.472351,-1.331148,0.064286,0.56901,-0.364705,0.640194,0.242178,1.478984,-0.656819,-0.675585,2.434748,0.345325,0.431372,0.81072
NIC528,0.249462,1.075549,1.714873,0.885818,-0.857757,0.952049,-1.11507,-0.718557,-0.664402,0.273567,-0.408357,-0.033892,0.151831,-1.149501,-0.281327,0.978266,0.082654,-1.231631,2.049557,-1.05603,0.300223,-0.802162,-2.232692,1.005413,-1.087798,-0.991804,1.296854,-0.41826,0.82172,-0.54144,-0.729001,0.061688,-1.116718,-1.678683,0.921206,-0.796867,0.072943,0.53232,0.003983,0.996165,0.388961,0.128326,0.931162,-0.213223,0.025788,-0.371451,-0.453664,-1.42637,-1.00297,-1.020142,1.496243,-0.365381,-0.732831,0.283125,1.404122,-0.779675,0.88764,1.413988,1.525968,-0.679372,0.470026,2.378872,1.637244,-0.015189,-0.283674,-0.289098,1.801565,0.830707,-0.611275,-0.652602,-1.715387,1.026732,-0.634646,0.300889,-0.110718,-0.335938,0.092234,0.368097,-0.205521,-0.120829,-0.683517,0.817363,0.992215,-0.286846,0.967211,-2.662563,-1.456027,-0.179712,0.14565,-2.295186,0.417567,-1.480433,-0.595743,0.032081,-1.133932,-0.542511,0.081813,-1.488423,0.920857,1.213654,-0.127301,0.161555,0.978297,0.034743,0.175956,-0.847378,0.264737,-1.333565,-0.535831,-0.380755,-0.956145,-0.821024,0.060338,0.108978,-0.950455,0.637641,-0.196971,1.467385,0.230842,0.587362,-0.632575,-1.228092,0.876721,-0.309055,-0.27145,0.429303,0.07329,-1.475047,2.606195,-0.011033,0.305017,0.170035,-0.958045,-0.509756,0.476974,1.037494,-1.279128,-0.296846,-1.33414,0.245471,0.238322,-0.012137,-1.342815,1.14144,1.946722,0.066042,0.384943,1.066764,3.073743,1.377462,0.749818,0.409937,0.921173,0.548506,-0.357083,-0.440197,0.457154,1.385966,-1.272407,0.563044,-0.534084,-1.108526,0.433922,-1.019359,0.338692,0.590651,-1.384144,0.218007,-0.46394,0.428816,0.277493,-0.909964,1.388016,0.781304,2.313781,-0.101737,-0.752279,0.444735,-0.147199,1.145959,-1.965478,-0.219911,-0.102645,-2.077512,0.506302,0.792819,-1.128108,-0.048086,0.675912,0.533967,0.197358,0.583934,-0.119599,-1.858909,-0.80625,-0.285562,0.410425,0.104897,0.318761,0.579682,0.392585,0.078137,-0.306463,0.642786,0.709214,0.642318,0.698613,-0.127207,-0.354103,0.504401,-0.150838,0.164029,1.745653,0.771334,-0.183301,0.253468,-0.1748,1.622217,-0.60651,1.37145,-0.219874,-0.187455,-1.571714,-1.442782,-0.802439,1.322779,0.992652,-1.457596,0.993736,2.248495,1.137333,0.878803,2.353482,-0.508514,0.188512,-0.587992,-0.491805,-0.818333,-0.902654,-0.827275,-2.099933,-0.19442,-0.986282,0.438073,-0.957093,1.579854,1.088633,0.992461,0.86986,0.059157,0.338058,0.884546,-2.112935,-0.438527,1.68731,0.535627,-0.694643,-0.79147,-0.286981,-0.472902,0.486787,-1.814954,1.648418,0.403732,-0.985399,1.09106,1.073949,0.446504,0.845024,1.308476,1.399383,-0.579703,0.833892,-0.061668,0.945705,0.643846,0.03729,1.416448,1.295408,0.822801,-0.426135,-0.466784,0.654609,-0.525441,0.886472,0.1662,0.489928,1.235256,-0.366199,-0.711575,1.017859,0.209138,0.364457,-1.083944,0.646917,1.044704,0.002887,0.070213,0.717656,2.140411,0.578308,-0.082176,-0.204939,1.304275,0.123555,-1.545225,0.490251,0.844217,-0.064372,0.019496,0.435583,1.105941,1.466751,-0.932855,0.777954,0.168612,-0.191902,1.244168,1.375326,0.363835,-0.327483,2.22818,2.137999,0.588221,0.644032,0.667066,0.67027,-0.167197,-0.251075,1.095943,-1.079424,-0.120333,-0.624433,-0.665688,0.342856,0.342894,0.68572,-0.473061,-0.730054
NIC529,0.789885,-1.396577,-2.94936,2.288602,-0.691212,0.850066,-1.188602,-0.170465,0.557515,-0.088692,0.840388,-1.88257,-1.237117,0.490912,1.107034,-0.086691,0.415342,-1.244098,0.557531,0.825362,-0.555916,0.078267,-0.519511,0.237366,-0.135395,-0.706905,-0.752651,1.138507,-0.545182,1.296461,-0.185829,-0.537889,0.369825,0.086136,0.421286,-0.33221,-1.365539,0.547541,-0.230626,-1.602829,-0.533615,1.266804,-0.943443,-0.209459,0.014736,0.472973,1.11103,-0.576721,-1.511807,-0.27216,0.563087,0.23495,0.397471,-0.829641,0.158989,0.507004,0.106491,0.488166,-0.186668,0.330727,0.016864,0.407459,1.481577,0.221571,-0.138062,0.890718,-0.268122,-0.120542,1.33696,1.944831,2.885691,1.121987,0.853957,0.286249,-1.157387,0.839497,0.348578,0.03848,0.792805,-0.125079,-1.566483,1.385193,0.300873,0.231193,-0.010986,-0.419584,-0.735199,-0.064202,0.055224,1.267185,0.13895,-1.003719,1.493034,1.872992,1.513026,-0.550555,0.030584,1.928484,0.632834,1.222655,1.424152,-0.67342,-0.116492,-0.014413,-0.178911,-1.104632,0.240399,-0.672425,-0.372234,-0.25958,-0.703251,-1.187835,-0.185491,-0.166491,1.228507,-0.220708,-0.932362,-1.398112,0.590895,-1.33268,0.20978,-0.31736,0.161454,-0.278848,0.312928,1.017995,0.77432,-1.404988,-0.326282,-0.512774,-0.217706,2.376381,1.390548,0.425617,1.508431,0.136006,-0.920949,0.164642,0.076878,0.482706,-1.255201,0.30517,-0.815882,-0.606358,1.54253,0.208221,-0.319752,-0.512242,1.051234,1.613811,0.156924,1.990325,1.39331,-0.308826,-0.260917,0.508948,-0.552124,0.429839,0.425826,-1.569227,-0.151632,-0.887737,-0.416332,-0.339621,-0.629574,0.507595,0.157425,-1.093198,-0.866816,-1.421985,0.119087,0.140143,0.342902,-2.259408,-1.16897,-1.204161,0.572927,-0.357488,-0.782556,-0.422111,-0.213617,1.347834,-1.464229,-1.24149,1.529315,0.595346,0.565267,2.592011,-0.245062,0.260496,0.63053,-0.98191,-0.566237,0.396446,-0.193938,0.433428,-0.1827,0.359943,0.175002,0.935924,-0.322226,0.180192,1.558679,-0.214516,0.83566,-0.170546,1.771654,-0.676075,0.923904,-2.082463,-1.024169,0.332081,0.363835,0.439329,0.38977,0.918249,-1.79557,1.531666,-0.341353,-0.819658,0.856041,0.852571,0.98416,1.090242,0.206054,0.369287,0.28373,-0.22797,-0.12905,-1.550866,0.376251,0.016138,-0.353849,-1.601752,2.380227,1.954101,0.875886,-1.515993,0.431562,-0.477031,0.189416,1.157842,0.068165,-0.565566,-0.438586,-0.008931,-1.449661,-0.128242,-1.518009,-0.010957,-0.067308,-0.455999,-0.369008,-0.514701,-0.591019,1.487087,-1.112589,-0.305565,0.727522,0.076814,0.471454,0.996056,0.326975,-0.877267,-1.09237,0.281798,-0.266408,-0.259196,0.504421,0.363788,0.089324,0.20989,-0.341322,-0.867246,0.660687,1.665529,0.35676,1.405157,1.022613,-0.489619,-1.350518,-0.386408,-0.235424,-0.030333,-0.463934,-0.03079,-1.631466,0.047892,-0.533338,0.311604,2.322054,1.111224,1.66635,1.084146,0.605913,1.68077,1.760993,-0.715439,-0.918702,-1.089629,-1.365338,-2.202785,-1.193838,0.362407,-0.102055,0.147229,-0.450972,1.323099,-0.28754,-0.337275,-0.509974,-2.106132,0.018639,-0.87701,-0.842009,0.070338,0.818306,-0.225257,1.133562,-0.085073,-0.944902,-0.063882,-0.040852,-0.070954,2.034859,-0.109422,0.790105,-0.477592,-1.368354,0.248842,-1.428297,1.88091,0.186812,0.911307,-0.905302,-1.063008,-1.641506,-0.951706,1.21158
PB303,2.083059,0.740577,0.490325,0.004887,1.445434,-0.529661,-0.033865,0.443697,0.404111,0.145594,-0.29004,-0.496601,-0.458236,-0.419834,-0.176383,-0.166038,-0.990212,-0.336281,0.173629,-0.369276,0.263659,0.882079,0.896851,-1.22524,-0.954525,2.024077,-0.604925,0.540049,0.772733,2.526477,1.527439,-0.350455,0.650532,0.478142,2.119821,0.313627,1.521202,1.361867,2.118078,0.565422,-1.4019,-1.529101,1.667656,-0.889094,-0.736671,0.229287,0.046769,-0.618711,0.681101,2.195426,-0.514862,-0.328079,-0.84471,-1.519353,0.385518,0.91698,-0.389261,-1.164273,-0.15626,0.751344,-0.523471,0.391007,0.143401,-1.467193,-0.88245,-1.407261,-1.028003,0.823679,1.117653,-1.558198,0.561266,0.395168,0.20037,-0.149231,0.149897,-0.417466,-0.271416,-0.201251,-2.258728,-1.29817,-0.958103,0.343613,-2.089988,-0.645659,0.222853,1.830841,0.074531,0.556872,-0.595149,-0.774483,-0.343679,0.091443,0.329132,-0.676082,-0.143614,0.933278,-0.66618,1.053979,-0.500204,-1.744967,-2.420392,0.786704,-1.28366,-0.055874,1.402526,-0.669005,-0.200969,0.733639,-0.026279,1.538017,0.609415,1.792816,0.7838,0.994984,0.141666,2.122619,1.783774,0.139488,1.206439,0.590241,-1.341662,0.175126,-0.36303,0.981076,-0.58433,0.781853,-0.292649,1.110805,-1.189096,-0.637258,-0.736672,1.34328,-1.03293,0.052652,-0.073471,-1.027227,-1.389286,-0.146294,0.76127,-0.275558,0.356134,0.208175,-0.885407,-1.012173,0.042955,-1.230669,-0.806975,1.189343,1.147061,2.840104,0.634038,-1.8314,-0.220122,0.972711,0.813595,0.343902,-0.815806,0.705225,0.588806,-0.019305,0.122687,-1.50928,0.626435,-0.873576,1.095492,0.168137,0.477793,-0.018468,0.140477,-1.284308,-0.183041,0.554101,0.532934,-0.070387,-0.689373,-0.679553,0.954704,-1.104069,-0.792557,-1.078987,-0.055444,0.557972,-1.493769,-0.741417,-0.253608,0.076547,0.974268,-1.910677,-0.385344,0.1447,-0.021657,2.534573,0.847789,-0.010756,1.075449,0.94911,1.672645,0.942915,-1.294312,0.908167,0.71511,1.161718,0.549188,0.63943,0.339494,2.128063,1.244207,0.036737,0.669623,-0.284472,-1.838563,0.639876,-0.048322,1.622531,1.92248,1.512792,-0.903931,-0.497562,-2.168349,-1.295572,-0.798588,0.556673,0.795012,-0.437214,1.203711,0.120684,-0.238855,0.397624,1.569721,1.146324,0.077534,0.002397,1.853269,1.6836,1.336788,1.721954,-0.307066,0.684881,-0.898689,0.719842,-0.669933,1.339608,-0.364161,-1.556739,0.322588,-1.015582,0.400452,0.504718,-0.765413,-1.099089,-0.949081,-1.361199,-0.217942,-0.603493,-0.745556,1.183609,0.821625,0.083641,0.214405,0.920871,0.370195,1.940758,1.154116,1.204665,1.170151,0.287716,0.661696,1.168886,0.595212,-0.085479,-0.203588,0.789024,-1.167008,0.088522,-0.718362,-0.65905,-0.904835,-0.706729,-1.320036,0.650244,-0.461282,0.025004,-0.125502,0.900203,-0.965921,-1.390971,-1.882161,-1.219212,-1.087978,0.31945,0.950079,-1.069101,0.54392,-0.020044,-0.428531,-0.27424,-0.772971,-2.19173,0.076769,2.364795,-1.309422,0.313618,-0.441009,0.81783,-0.820466,0.432451,-2.033272,0.21345,-0.571377,0.432449,1.840527,-0.234609,-0.809434,0.734386,-0.505436,0.108958,0.244019,-0.623621,2.167933,-0.287147,-1.01979,-0.406816,-0.557248,0.499472,0.122748,1.812477,2.165209,-1.187866,1.074289,0.620317,-0.099026,-0.282055,-0.063783,-0.033024,-0.634858,-1.468972,0.171127,0.528375,0.454948
PB306,-0.960293,0.021248,1.156248,-0.571055,0.07326,-0.682264,0.992,0.159163,-0.825278,-0.568861,0.200785,-1.268082,0.116604,-1.239513,-2.324173,-0.110833,-0.769974,0.037943,1.553434,1.09287,0.100761,0.397629,-0.210873,0.922317,1.813785,0.849996,2.403731,-1.535043,-0.13221,-0.433404,-1.102061,-1.055373,-0.05475,-0.148722,1.477169,1.033581,0.450747,1.013218,-0.205374,1.163413,-1.512096,1.12102,0.623126,-1.595841,-0.395288,1.320455,1.197984,0.634605,-2.759683,-0.237305,0.052088,-0.99541,0.437243,-0.008944,-1.462786,0.00557,-0.524362,-1.374001,-1.646603,-0.237869,-2.345163,0.749058,0.703855,-0.408023,-0.544262,-0.951371,-0.399637,-0.480223,0.398628,1.055475,0.342907,0.744809,0.920434,0.916241,-0.793653,0.557665,1.070983,0.413283,1.130291,0.008985,0.440293,-0.925994,1.076881,-0.115454,-1.632428,-0.810223,0.420944,0.09462,-1.099655,-0.70037,-0.239409,0.713769,0.310622,-0.295005,-0.545884,-1.106667,-0.774831,-0.473573,0.455321,0.77595,2.051847,-0.708703,-0.171049,-0.868406,1.003221,0.181351,1.37408,0.55242,0.707381,-0.326059,1.789336,0.083764,-0.383128,-0.034485,0.505994,-1.916924,-0.938963,-0.2639,0.494178,0.585813,-0.587801,-0.42119,1.077866,-0.182819,-0.798745,0.285811,-1.608641,-0.82926,-0.686465,-0.550102,1.111845,0.086873,-0.628234,-0.773908,-0.779267,-1.854228,-0.742621,-0.24454,-0.237231,-0.359824,-0.790568,-0.568275,-1.574804,-0.360505,-1.076119,-2.229517,-0.335655,1.832689,1.129506,-0.958048,-0.675043,0.471074,0.723487,0.11174,-0.869671,2.327938,1.17466,0.168302,-0.396224,2.493034,0.891292,1.317116,0.495932,0.072069,0.681119,-0.098485,0.379761,-0.064289,-0.039846,-1.688097,0.851728,2.042596,2.076469,-0.055039,0.786865,-0.693058,-1.588399,0.349861,0.667667,-1.017646,1.479117,1.690551,-0.867983,1.772794,0.125837,-0.808368,-0.424961,0.388149,1.015751,0.953243,0.546196,-1.012067,-0.831516,0.276272,0.528249,0.677077,1.970807,1.23532,-0.404721,-1.360381,0.153029,1.186133,0.961673,-1.232789,0.926342,-0.364192,0.30868,1.659392,1.04793,-0.081168,-2.003243,-1.252326,-0.365773,-0.916271,-1.964571,-0.836144,-0.230473,-1.765662,-1.573115,-1.078006,-1.175356,0.631508,0.325544,-0.237505,-1.705968,1.620381,-0.236125,-0.325143,0.067303,-0.075184,0.134077,1.251806,0.526087,1.217543,-0.195125,0.2611,-0.756242,0.527304,-1.50164,0.075904,0.5771,-0.282952,-0.045197,-1.384519,-2.481873,-0.968069,-0.073087,0.153698,0.482887,-0.318957,-0.45917,-1.132635,1.648254,-1.073724,-0.18925,0.136058,0.339996,-0.164153,1.328984,-1.276656,2.372585,-1.400694,0.655694,-2.936543,-2.411467,0.311322,-1.209288,0.25034,-1.493257,-1.288317,0.36208,0.285818,1.801021,0.383083,0.813782,-1.864437,-1.174726,-1.149752,0.608852,0.288662,0.69586,-0.353604,-0.618986,-0.556913,-2.434108,0.174794,-0.651861,-0.503013,0.058666,-1.795379,-0.949401,-1.695804,-0.495938,0.614545,-1.121555,0.242899,-0.640753,1.407149,-1.422379,0.573697,-0.570778,-0.704845,0.766586,-1.085127,-2.229833,0.481633,0.814153,-1.841306,0.345589,0.171375,-0.933027,-0.583979,0.276562,-0.109106,0.474549,-0.146461,-1.18433,0.696381,0.194239,-0.60727,1.499799,0.306851,-1.547075,-0.325711,0.861088,0.737225,-0.233212,-0.293755,-0.82979,-1.335308,-0.894701,-0.226232,-0.444016,-1.252228,-0.051918,-0.470841,-0.224995,-0.133559,-0.095197
PX179,0.763614,0.191438,-0.078552,0.169937,-0.233324,-0.015207,0.505525,-0.499656,-0.02659,0.565278,-1.763512,-1.635118,-1.799902,0.635361,0.460119,-1.009806,-1.849756,0.227853,1.833632,1.287127,0.296853,-0.479462,0.478756,-0.924127,1.369966,-1.260491,-1.002312,1.673343,-0.377894,0.11748,-0.598845,1.110479,-1.875516,-0.73984,-0.235415,-0.596225,0.873251,0.003904,-0.254418,-0.180934,0.715065,-0.171332,-1.137792,-0.877653,-1.482243,0.212871,-0.62607,0.287627,-1.674349,0.575034,-0.420283,0.07789,-0.253453,0.005933,-1.477355,1.576548,-2.52907,-0.389735,-0.805767,-1.157196,-0.575783,-1.365705,-0.020774,-1.258067,0.636676,-0.978267,0.156979,1.41485,-0.700659,-0.385437,1.076467,-0.884402,-0.001381,-1.169709,1.67866,1.122426,-0.371882,-0.036998,-0.357899,-0.501482,-0.314974,-0.169776,0.075891,0.1394,-0.12877,0.887676,-1.66406,-0.025096,-0.385287,-0.132053,-2.25801,1.456554,-0.274558,-0.191284,-0.284952,-0.132974,0.222075,-0.585912,-0.476955,0.288883,-0.145377,1.51164,0.561888,-0.837418,0.235695,-0.028078,0.536162,0.48397,-2.262368,-2.235678,0.024214,-2.274058,-0.728523,-0.58557,-0.970764,-1.04052,-1.439395,0.388163,0.153858,0.414466,1.174948,-1.810379,-1.776587,0.109953,-1.850284,-1.590924,-0.490658,-0.26855,-0.941234,-0.603099,-0.623379,0.706843,0.882363,-0.905031,-0.46805,-0.227086,0.878868,0.811614,1.553224,-0.48617,0.055707,-2.103437,-0.813104,-0.170214,-0.168705,-0.878932,0.474484,-0.114447,-0.060675,0.79224,-1.78437,-1.682914,0.923967,-0.70144,-1.074561,0.839213,-0.896327,-2.218098,1.032581,-1.71598,0.627718,-1.259698,-0.286274,-0.341518,1.121832,0.197907,-0.750372,0.16484,-0.993635,-1.297451,-0.538288,-1.819369,1.548383,0.783381,-0.322397,1.078124,0.918081,-0.957091,-0.028065,-0.193375,-0.526799,-0.324022,-1.956569,0.977738,-1.876324,-0.838731,-1.323789,-0.370232,0.440739,-0.022026,-0.63543,-0.652506,-0.894148,0.25998,-1.259461,0.746952,0.999721,0.072027,-0.146745,0.532176,-1.802685,-0.957474,-0.347476,-1.567388,0.11065,-2.20916,-1.465717,1.274807,0.22893,1.299565,-0.94752,0.57239,-1.559318,-0.001395,-0.055314,-0.447854,0.506546,0.254206,-0.658896,-0.665408,-0.223044,-0.331498,-1.038639,-0.584447,-0.72829,-0.144145,-1.160623,1.054882,1.201002,-0.390732,0.917817,1.076095,-2.068249,-1.317027,-0.856318,0.378109,-0.45071,-1.41702,0.88356,-0.96511,-1.71973,-1.904897,-0.894789,0.102704,0.799889,-0.769926,0.264602,-0.786403,-2.392237,2.170286,-0.460104,1.259934,-0.108516,0.162845,0.189807,0.912596,0.134029,-0.246535,1.516663,1.533106,-0.887059,-1.17737,-1.200913,0.255515,0.973868,-0.21032,1.41505,0.004964,1.065333,1.486975,-0.359989,1.050823,2.061926,-0.353779,-0.727582,2.447286,-1.901423,-2.000982,-0.418733,2.748899,0.449727,-0.603545,0.537046,-0.083844,-1.9979,-1.57249,-0.963446,-0.152216,-1.572375,-0.68172,0.602623,-1.166094,0.182356,-0.191224,0.11199,0.272303,-0.45819,0.661567,-0.139601,-0.911321,0.608433,-0.438514,0.993697,1.964858,0.110269,0.050064,2.133003,0.407899,-0.662399,0.409296,0.065707,2.122888,0.382197,0.909659,-0.376884,2.751191,-0.354194,-0.280051,0.522921,1.08734,-0.835475,0.579102,-0.039006,0.308966,-0.273804,-0.233625,-0.48315,0.494995,0.616537,-0.245086,0.2065,-0.624161,1.000655,-2.349894,-0.753141,-2.082608,-1.20274,0.891628,0.079002
QG2075,-1.913814,-1.36108,1.001954,1.024727,0.66938,-0.420576,0.714194,-0.95939,-0.878346,-0.16674,0.875667,-0.064798,0.10039,1.263424,0.405152,-1.485215,-1.076849,-1.254185,2.475379,0.202947,-0.800557,-2.282324,-0.037065,0.031564,-1.346908,0.789258,-0.839612,0.236891,0.490836,0.04812,-0.394903,-0.310782,-0.132785,0.224129,-1.597385,-0.826916,1.792862,0.008754,-0.908643,0.965363,-1.967764,-0.84836,1.532748,-0.14562,0.960177,-0.59007,0.913306,1.842862,-1.083883,0.246534,-1.09738,-0.888436,0.465341,-0.412127,-0.111113,-1.070421,1.151672,-1.597015,0.086351,0.53311,0.42179,-0.277236,-0.415456,1.33665,-1.119516,-1.456881,-0.300202,0.220398,-1.571375,-0.942873,0.766509,-0.937821,-0.501727,-0.100743,-0.599788,-0.426253,0.084141,-0.286173,1.016105,0.394656,-0.545472,0.323074,-1.626301,0.45445,-0.126386,0.395002,-1.299996,-0.38801,1.686014,0.463902,0.726453,-0.307401,-1.146708,-0.840042,-0.004381,-0.903157,-0.405054,-1.162467,0.066213,-0.562625,0.83023,-0.556265,1.800083,-0.924227,0.610765,-0.002101,0.090054,0.484819,-0.051264,-1.256814,0.454735,-2.102905,0.181797,-1.079239,-0.113116,-1.868434,0.223044,-1.432579,0.673169,1.333197,-1.303647,-0.004984,-0.02884,0.799609,0.793277,-0.39561,1.187919,0.054653,0.402641,0.222667,-0.639316,-1.107995,-0.494627,0.483624,-0.907889,0.164143,-0.058881,0.644982,-0.397401,0.487092,-1.063769,-0.325259,-0.258672,-0.657413,0.267114,-0.175925,0.823372,-1.032013,-0.611374,-0.457017,-0.02993,-1.368254,-1.013759,1.693039,-1.943699,-0.049614,0.284756,0.55093,0.660925,1.61084,-1.526495,-0.653338,-0.508421,-1.012452,0.867302,0.113548,-1.096345,-0.381645,1.420368,1.348591,0.682055,0.525679,-1.020208,-0.583457,-0.34381,-0.068286,-1.474423,-0.278288,-0.293518,-0.511413,-0.834205,-0.410444,0.071049,0.662165,-0.17104,0.404151,1.182182,0.474027,0.43926,0.240851,-0.449872,0.880087,-1.855923,-1.009956,-1.134703,-0.581854,-0.340427,-0.851493,0.735427,1.076253,0.250594,0.153114,0.346825,0.425302,-0.267102,0.252169,1.051477,0.619178,-0.368363,1.500141,1.908473,-0.702025,-0.174569,-0.09065,-0.509522,0.314313,-0.276643,0.735707,1.268138,-0.349552,-0.545829,-0.537607,1.223049,1.352089,1.165417,-0.246505,0.990933,0.587814,-0.641777,-2.037479,1.184204,0.356434,-0.456172,0.222923,0.346104,1.707719,2.303707,0.355384,-0.862776,0.910475,2.195007,0.649666,0.027698,-0.799874,-0.491742,0.487604,0.437161,-0.245259,0.543277,-0.830091,0.190652,-0.599073,-2.034342,0.209382,2.512914,1.34193,0.324079,0.687674,-0.038306,0.450307,-0.484968,-0.097125,-1.836574,0.967144,0.400053,-1.085095,1.294237,0.097347,1.007382,-0.558665,0.287685,-1.196405,1.275105,-0.201781,0.039383,-1.252911,-1.054682,-0.86369,0.269098,1.828651,1.275469,-0.025378,0.695007,-0.074556,0.025139,1.618837,2.120677,-0.674012,0.277887,0.836146,-0.538769,0.273998,-1.201935,0.537269,-0.957684,-0.694472,-0.009266,0.17742,-2.179942,-0.203854,0.838276,-0.399908,-0.725671,-0.974346,-1.003686,0.334543,0.696898,-0.035169,2.446179,0.640825,0.065833,-0.193181,0.362139,0.49325,0.692032,1.10001,0.760973,-0.199978,1.857356,1.475877,0.90042,0.378315,0.098083,0.995821,-0.458337,0.011641,1.1736,1.235473,-2.078116,0.769335,1.352813,0.905799,-0.810242,0.181665,0.504206,0.868205,0.443974,-0.853466,0.934776
QG536,1.626919,0.912545,1.579012,1.415312,3.728651,2.603269,1.446611,2.632646,2.519493,-2.095446,-0.747129,-0.234017,0.818363,-0.189184,-0.367201,-0.390732,-0.254476,-0.313794,-0.536242,-0.544544,-0.69753,0.205723,1.261623,1.00953,-0.362049,0.738763,0.761472,-0.514496,-0.552104,0.320004,-1.000986,0.426958,0.398458,-0.203575,0.117795,-0.601702,-1.39677,-0.711998,1.043709,0.441814,-0.210316,0.763461,-0.886986,0.023618,1.307423,-0.155496,0.309282,-0.596181,-0.771741,-0.542547,0.751031,-0.367548,-1.647071,-0.244325,1.003456,-0.735132,1.761551,0.243496,1.389781,-0.955829,-0.936732,-0.513532,-0.721525,0.70333,-0.980878,-0.021055,-0.021392,1.707942,-0.827329,-0.445065,-0.485801,1.394579,1.174316,-0.765445,-1.412669,-1.50791,-1.637004,0.316599,0.194617,0.480194,-1.215757,-0.353792,1.406222,0.300091,0.351325,-1.714653,-0.156549,0.311505,-0.805297,-0.833944,-1.163054,1.235242,-1.429987,-0.011917,-1.071491,1.508937,-1.768001,-0.383989,-1.727063,0.743359,-0.567863,-0.939223,0.093556,0.852593,0.078285,-0.756778,0.076973,1.113806,-1.17077,-0.319411,-1.367971,0.228684,-0.168647,-0.675911,-1.517301,1.465199,1.35437,-0.331737,-0.754544,-0.311941,0.326884,-0.619599,-2.3569,-0.104428,-1.989906,0.475253,1.602774,0.342743,1.180788,-0.021857,0.680039,-0.917149,0.434709,-0.731179,-0.819108,0.307027,-1.132871,1.524468,-0.702848,1.681812,-0.338923,-0.506587,0.297355,-0.119672,0.910735,-0.4383,-0.147026,-0.018661,-0.090685,0.737664,0.609333,-0.006116,-0.276505,-1.193798,1.692371,-0.53067,-1.590005,0.460257,-0.407339,0.038881,-0.794579,1.552789,0.412641,-0.916907,0.82525,-0.74916,0.08403,-0.176948,-0.203833,-0.443172,-0.740995,0.508153,-0.540405,-0.406587,0.83441,-0.119886,-0.778987,-1.329897,0.02656,-0.500792,-0.434166,1.083987,2.135651,0.201253,-1.259357,-0.57782,-0.135211,0.018215,0.226705,0.342528,1.367448,-0.48136,-0.972087,0.933579,1.021386,0.517643,-0.172786,-0.011552,0.247771,0.067299,0.238071,0.745583,0.720733,1.827571,0.644934,0.62747,0.667858,0.234872,1.352358,-0.803961,1.28323,0.460622,-0.203062,-1.096851,0.110791,-0.495691,-1.228876,0.607046,-0.764956,0.40691,2.146169,-1.92369,-0.512725,-0.879412,-0.934026,-0.935616,-0.360645,1.05936,1.914859,2.291174,0.353925,-0.257287,0.858824,0.196791,0.67703,-0.670457,-0.095089,0.130553,1.134167,-0.216796,0.545786,1.238043,-0.164674,-1.547126,3.147738,0.869679,-1.289038,1.647691,0.291051,0.339801,0.401995,0.809537,-1.124328,0.736132,-0.915756,0.882738,0.86835,0.325144,0.97965,0.141612,0.525229,2.579793,-0.277718,-0.355079,0.167083,0.286014,1.068495,-0.319243,0.613416,0.340833,-0.72309,-0.00331,-0.0318,0.233122,-1.127005,-1.798737,-0.099946,-0.28461,-1.784035,-0.068708,1.127473,1.168599,-2.640304,0.127474,-2.279725,-0.482721,-0.581539,-1.041999,-0.739499,-0.036112,-0.140573,-0.554912,1.05974,1.161132,0.167218,1.684923,1.773249,-0.78061,1.076435,-0.84256,-0.41418,0.28426,-0.491626,0.575983,-1.443603,-1.507192,-0.903445,0.015996,-0.875503,0.435778,0.472067,1.294701,-0.296684,0.406078,1.099713,0.225039,0.909851,0.927703,-0.27275,0.195616,1.67976,0.431547,1.909332,0.212756,-0.485033,-1.664817,-0.172047,0.00465,-1.19719,1.173964,-0.637994,-0.88619,-1.386558,0.035692,-0.37202,-1.523172,-0.412734,0.425488,1.808742
QG556,1.69353,1.348205,0.995668,1.528489,1.572258,0.996363,1.534018,3.027304,1.958725,0.895357,1.344222,2.996869,1.605551,2.076349,2.350956,3.720412,3.267919,3.369215,0.510904,0.279469,1.019156,0.131044,0.726177,-0.606557,-2.493371,-1.329483,0.602984,1.196439,-1.351305,2.448713,2.124836,2.540182,-0.169378,-0.527323,0.482835,-1.748125,-2.323545,0.984454,-0.102116,0.265309,-1.017347,-0.050643,0.172628,0.347992,0.242327,0.161574,-1.225113,0.162408,0.155256,1.00121,-1.044176,1.097193,-0.195096,0.505294,-1.077584,1.518079,1.444562,-0.358146,0.263609,-0.216154,0.641723,-1.12424,-0.054984,1.669046,-0.207757,0.073335,-1.207158,-0.821695,-0.337438,-0.114624,-0.27656,-0.211238,0.175963,0.087489,-0.645873,0.783292,0.503276,-0.631289,-0.051016,0.989804,0.288877,0.755579,0.81766,0.931073,-0.685596,-0.426023,0.00987,0.780586,0.31305,-0.146662,-1.033513,-1.681651,-0.315013,1.510036,-0.65232,-1.370789,0.031072,-0.391647,-0.416984,0.991506,-0.024863,0.696492,-0.047762,-1.116988,-0.639616,-0.292577,-0.102862,-0.472388,-0.001002,-0.676115,-0.661296,0.743175,-0.993304,0.252059,0.618908,0.008084,-0.289152,-1.912615,-0.281222,0.54597,0.310153,0.108956,0.420748,0.067765,-0.403455,0.246602,-1.112374,0.601966,0.420702,-0.231694,0.798246,0.113894,-0.052659,1.312696,0.065842,-0.667597,-0.149839,0.255926,-0.890039,-0.706513,0.886233,0.664097,0.005718,0.403858,-0.569662,-0.36291,-0.465841,0.008332,-1.792323,0.778712,0.706301,0.407833,0.355553,-0.121267,1.490013,0.067336,-0.058287,-0.875032,-0.572041,-0.188117,0.408941,-0.162006,0.81885,-1.199699,0.220579,-0.083638,-1.528837,-0.136763,1.93222,2.213121,1.054288,-1.502889,-0.357774,-0.54442,-0.248344,1.330504,-1.959007,-0.303069,0.908026,-0.480878,-0.394376,0.008258,1.679287,-0.18362,-1.284704,0.998491,0.203385,0.638279,-0.09593,-0.121717,1.411154,1.399856,-0.351364,0.384409,0.347545,1.761364,1.603633,2.028667,-0.093443,0.299615,-0.446168,0.393741,-0.5704,-0.970233,-0.49194,-0.996736,-0.664251,-0.031516,-0.151715,0.22966,-0.103921,-0.55739,0.228633,0.901405,0.978024,0.232443,1.082667,1.756644,-0.976207,0.04031,1.188369,-1.431216,-1.094376,-0.696385,-0.662076,0.05782,-0.40043,0.423613,-0.404368,0.286125,-0.730104,0.555115,-2.196915,-0.393592,0.108378,1.665175,-1.139152,0.128197,1.045486,-1.215994,1.150183,0.718287,0.439674,-0.796311,-1.979831,-0.022628,0.790185,1.170729,-0.850136,-0.560316,0.745103,0.952804,0.442836,1.540346,-0.034259,0.369488,-1.183987,1.313158,0.113914,1.247926,0.140229,-0.033538,-0.275195,-1.16372,-1.238621,-1.512258,1.113928,-1.072399,-0.970759,-0.960562,0.04746,-0.998367,1.353736,1.149997,1.565,1.8251,1.899802,0.776446,0.962711,-0.126427,0.328893,0.08729,2.521319,-0.93302,1.476587,-0.799801,-0.934941,0.333245,0.443934,-1.525478,-1.080953,0.528166,0.914758,-0.62963,-0.835302,1.096566,0.980156,0.075848,0.7796,-1.621346,-0.887297,1.258044,1.058681,-1.371883,-1.255971,0.788735,1.076148,1.862522,-1.300646,0.385218,-0.568924,1.265575,1.268714,0.232902,1.884649,0.122855,0.121936,0.122111,0.490405,0.551748,1.538599,-0.111181,1.055005,0.233799,-0.506045,-0.164036,1.196891,0.248329,-0.833143,-0.379616,-1.827708,-0.790982,-1.096589,0.463755,-2.173179,-0.490807,0.141383,-0.748227,1.302519
QG557,0.108283,-0.154181,-2.331176,1.372669,0.513019,0.265323,0.895165,-0.261485,-1.325058,0.485405,-1.051037,1.971919,-1.034104,0.074196,0.819868,0.119441,-0.347465,-0.093769,1.189936,1.497113,-0.418454,1.092235,0.583241,1.521146,1.750655,1.065718,2.226705,-0.95712,-1.460274,0.052267,-0.525463,-0.396007,-0.783157,-0.70545,0.507971,-0.585211,-2.024627,-0.931727,0.752909,-0.078333,0.70957,0.587284,0.896315,1.999307,-1.103308,0.038702,-0.462242,1.402748,-0.490458,-0.362377,-1.424546,0.033368,-1.399623,-0.120814,-1.02956,-0.144742,-0.702993,-0.535496,-0.98264,0.900053,-0.424569,0.617041,0.136629,0.066568,0.682614,0.228222,0.850426,0.991409,-0.26315,0.777475,-0.09945,0.090057,-0.365107,-0.468323,0.532135,1.977579,-1.19554,0.014026,0.102763,0.142082,-0.011732,0.834683,0.309167,-1.623175,-1.373243,-1.473626,0.222385,-0.931721,-0.148803,-0.79057,-0.289835,-1.119406,-0.405061,-2.73481,-0.550246,-1.457993,1.601615,-0.461174,-0.040564,0.386273,1.022664,-0.414907,0.01829,1.138536,0.117123,0.245124,-0.309734,-0.51388,-0.250874,0.294522,-0.908268,2.213837,0.195849,-0.890228,1.935426,0.950814,-1.517183,-0.389782,-1.60135,0.796649,-0.142535,0.73391,0.171732,-0.299795,0.966613,-0.910091,-1.161144,-0.473091,2.86235,0.505919,-0.267571,-0.859831,-0.505065,-0.479848,0.062602,-0.017124,-0.996388,-0.864135,0.223439,-0.517531,-0.920215,1.104144,-0.477626,-2.425603,-1.599466,0.293357,-0.090965,-0.928422,-0.30081,-0.375523,-0.71894,0.674736,-1.289037,-0.159362,-0.788089,0.920218,0.595364,1.097586,-0.810754,1.164628,0.589345,2.219712,0.425963,-0.046278,-0.370716,-0.298221,0.233861,3.077308,0.751026,2.083517,0.384474,0.360567,-0.468443,-0.105581,0.791381,0.25423,-1.292468,0.271555,-0.81675,0.537445,-0.150373,0.917417,-0.316709,-0.270114,-0.404277,-1.59911,1.576211,-0.291755,-0.041272,0.332969,-0.075281,0.562966,0.665803,-0.242624,-0.280916,0.792702,1.160294,-0.56912,0.303439,0.483266,-0.333251,-1.589431,-0.331479,-0.498885,0.09496,-1.864821,0.461244,-0.401423,-0.191691,-0.54471,-0.726781,-2.045459,-1.544899,0.205992,-0.190262,-0.141654,1.668481,-0.147893,-0.218346,-0.558141,-1.148134,1.874659,-0.891298,-0.295109,-1.927246,-0.379451,-1.004361,3.202255,-0.287552,-0.453839,1.078227,-0.141974,1.407256,0.596366,1.07078,-0.686315,0.799663,-0.301709,0.467899,1.514548,-0.454531,0.418692,-0.246331,-0.04278,0.179747,-1.991151,-0.046752,-0.925346,-2.183625,0.615254,-0.791205,-1.014538,1.977434,-0.326661,-0.774228,-1.620525,-0.140983,0.288171,-0.106537,0.41891,0.207327,0.163505,1.479349,0.088409,-0.491777,-0.680792,-2.673956,-1.752759,-0.225753,-1.922506,1.528001,0.919047,-0.374591,0.472633,1.006268,-0.056363,0.505389,-0.493508,0.362895,0.748526,-0.534086,-0.177659,-1.754353,0.29527,-0.070722,-1.681453,-1.044221,0.70849,-0.808057,-0.21402,-1.745838,-0.516423,0.729867,-2.673628,-0.956873,0.274517,-1.103899,0.566006,-0.081078,0.422609,0.768837,-0.931573,-0.734191,-0.450924,0.419453,-0.349936,-0.63783,2.207287,-0.219005,1.612059,1.265417,1.123635,1.08953,-0.922935,-0.502034,1.053114,0.77402,-2.787451,0.812353,0.69776,0.081145,0.770565,0.822063,0.336177,0.222461,-0.972853,-0.441,1.080439,-1.09852,-0.325637,-1.16562,1.589177,0.99663,0.423968,1.34419,-0.695635,0.578219,1.658237,0.212073
QW947,-0.48253,-1.413323,1.033848,0.850743,0.702967,-1.069865,-1.298257,-0.531192,-0.106823,0.746127,-0.926339,-1.949525,0.556523,0.57387,-0.069171,1.30495,0.077868,0.589912,0.326631,-1.76898,-0.419695,1.126913,-0.688083,0.827095,-1.001616,-0.278314,0.967848,0.895074,0.92786,-0.324653,0.884915,0.301377,-1.507584,-0.126242,-0.750744,0.319854,0.044595,0.521877,-0.31709,0.076996,0.290737,0.560159,-1.18152,1.111886,1.251594,0.897368,0.979052,0.605295,-0.00171,0.205859,0.564824,0.823798,-0.281119,-0.755771,1.479359,0.732775,-1.358627,1.637132,0.891497,1.716508,0.17916,-0.053075,0.470751,0.161327,0.131318,-0.025086,0.056073,-1.512508,0.687483,1.481368,-1.002565,-0.637308,0.191921,1.000349,0.814005,-0.039556,-1.487947,0.034466,0.369179,-0.827934,-0.532985,0.76652,-0.607967,1.425987,0.636079,-0.085881,0.958743,-0.652664,0.315942,-0.550715,-1.110158,0.349977,-2.107022,0.572374,0.978477,-0.227103,-0.577778,0.013428,-0.135149,0.34172,-1.16589,0.771759,0.309045,0.943416,-0.930048,-0.765729,0.041951,-0.634032,-0.333374,0.687139,0.353436,0.962778,1.587211,2.76707,1.354854,0.239961,1.171519,0.073307,-0.816054,0.228662,-0.327832,-0.887972,-0.899387,-0.511747,-0.300137,-0.02394,-0.031831,-0.245447,-1.31001,-0.056575,0.037645,-0.593563,-0.925422,0.390922,-0.972639,-0.159685,-1.2367,0.605727,0.428377,-0.60511,-1.32969,0.866237,-0.669974,-1.285734,-0.254174,-0.008393,-0.479001,-0.155453,0.921074,1.677707,1.543087,2.671171,2.019048,0.629854,1.758173,0.176606,-1.738377,-0.789213,-0.631608,-0.992824,0.162305,-1.223518,0.659939,-0.262287,0.02078,-1.621181,-1.314384,-0.984887,-0.998024,-0.847074,-0.277533,0.146382,-1.012932,1.31848,0.255401,-0.00966,0.481837,0.304718,1.093427,1.082178,-0.305721,0.74801,1.65017,0.679647,0.775558,0.627679,1.067248,1.040939,1.142614,-1.268988,0.507988,0.588141,0.332394,2.292538,-0.694454,1.824436,1.51293,-1.176083,-0.815393,0.542824,0.11082,0.04827,0.097006,0.98084,0.939687,0.261583,0.767192,2.441621,1.194595,-0.447327,0.918302,0.811218,1.144649,0.534251,1.424431,1.540531,-1.276243,0.899865,-1.414034,0.646929,1.072782,-0.147304,-1.314119,0.155966,0.35124,-2.161509,-1.273344,0.077062,-0.816139,-1.464475,0.223007,-0.671966,-0.554319,-0.05533,-1.422841,-0.552112,-0.054409,-0.485874,0.431598,1.237094,1.420117,-1.718553,0.078234,-0.891395,0.141942,0.181511,1.194668,-0.171912,0.300808,2.781802,1.193276,1.167938,-1.097764,-0.911815,1.008494,-0.954317,-0.272115,0.810547,0.008041,-0.010076,0.191799,0.982321,-0.897697,0.928879,-1.859246,-1.227644,-0.411741,0.762322,0.937746,0.0743,2.092815,1.030773,2.003275,-0.034031,-0.136182,1.36172,1.366486,1.714717,-0.304435,0.038883,-0.76337,-0.286767,-0.366526,-2.609014,-0.749646,-0.080909,0.589459,-0.15391,-0.763085,0.567905,-1.010813,-0.356997,-0.074647,-0.003026,0.113728,0.086862,1.102479,-0.630478,-0.838312,0.118015,-0.277759,-0.765494,-0.344486,0.519634,0.457838,-1.552257,-0.297409,0.21935,0.619424,0.927677,1.457855,1.374993,-0.402261,1.158774,-0.311445,0.875435,0.432079,0.144778,1.989785,-0.168592,0.275603,-0.024968,-0.008147,-0.010025,1.846848,-1.642142,-0.054297,0.122336,0.859528,-1.400634,-0.654231,2.387913,2.104248,-1.143819,0.378967,-0.706496,-0.351657,-0.273687,-1.990325
QX1791,-0.113262,-0.181316,-0.791532,0.407707,0.808051,-0.242099,-0.279189,1.660502,0.851165,0.197892,-2.754796,-0.214341,-1.899606,-1.607768,0.463503,0.638206,1.038221,0.29433,-1.574729,-0.652185,-0.012255,-0.262505,1.299251,-1.285035,-1.286978,0.519397,-1.698549,1.468217,-0.338382,0.411646,-0.908178,-0.226823,-0.235323,-0.350217,-1.221686,0.007553,2.402024,0.242683,-0.086709,2.219373,1.135274,-0.924725,-0.105259,-1.207216,0.343911,0.473745,0.845856,0.291909,0.522272,1.246161,0.491074,2.717363,0.033434,1.47135,-0.079242,-0.272857,1.751239,1.21303,-0.240138,0.120594,1.477046,0.486572,1.017254,-0.507133,-0.403385,0.496522,-0.650972,-2.069777,0.817088,0.673612,-0.767189,-1.301,1.653459,0.197879,2.267766,0.016795,0.208499,0.401236,0.539808,-0.73835,-0.623388,-0.442927,0.056968,2.075041,0.389589,0.643762,1.397062,2.406963,2.789981,2.399307,1.20365,0.973836,-0.222842,-1.019761,-1.586934,0.04111,2.026289,1.41651,0.661888,1.810579,1.959271,1.522972,1.10119,1.250875,0.981548,2.310593,3.320683,4.115748,1.526826,-0.977102,-0.412534,-0.318161,0.3917,0.586918,-0.954848,-1.594483,-1.416582,-0.037115,-0.435358,0.019892,-0.214213,-0.765032,2.413926,0.94658,1.645796,1.703681,-1.774409,-0.516889,-0.899005,-0.578772,0.239387,-0.668202,1.381055,-0.732729,-0.853557,-0.530975,-1.015736,0.205427,1.598703,1.562345,2.584158,2.592582,1.965314,2.15658,-1.357604,-1.187315,-0.378666,0.255828,-0.862328,0.631486,-0.564227,0.420647,0.513745,0.838202,0.156399,0.693279,0.694438,0.973456,0.095152,1.139361,1.035182,1.31971,-0.651705,0.686115,-0.036259,0.485922,0.462514,0.51221,1.785371,1.146828,1.280517,0.126348,0.411173,0.510448,0.672317,2.043436,0.695326,2.086233,1.968733,2.669828,-0.442519,0.985068,0.592028,0.259292,0.624344,0.83205,-0.563212,0.954814,1.075888,-1.721094,-0.13532,-0.350835,-0.155427,-0.543853,0.345603,-0.180688,-1.31441,-1.825473,-0.24559,0.049121,1.076461,2.824286,0.680983,-0.619646,-0.253948,0.264408,0.126602,1.036387,-0.869929,2.118425,1.161453,-0.54085,2.461268,1.518885,0.107057,1.432045,-1.054147,-1.999746,-0.368705,-0.711078,0.662783,0.299375,-1.542587,1.186542,-0.498211,-0.267414,0.359746,1.114802,-0.190122,-0.4693,-0.62132,-1.559229,-0.088231,-0.748354,-1.477793,-1.586988,1.682777,0.756461,0.742498,0.659766,1.062116,0.01924,-0.927032,1.160505,-1.080373,-0.336251,-0.550501,-0.561201,0.218695,-0.715347,-2.108269,-0.744516,-0.490654,-0.50194,1.035447,0.7719,0.729289,-0.638315,-0.730369,-0.415444,-1.144693,-0.082716,0.742439,0.501679,0.749706,0.202915,0.41188,0.140802,0.179826,1.508839,-0.247279,0.151,0.180559,0.269375,0.580037,0.172151,-1.671054,-0.303511,-0.03672,0.856894,0.179804,0.499323,-0.815331,-0.66914,1.237967,-0.517973,-0.115237,-0.596556,1.111028,-1.125591,0.471254,0.772872,0.281604,-0.811655,-0.842155,-1.02862,-1.719431,0.437758,-0.64188,-0.14922,-2.714328,0.746622,0.428635,-1.06144,0.471031,0.364966,-0.431457,0.083495,1.108831,0.424338,-1.39793,0.587639,-1.461524,-1.345905,-1.385479,-0.249748,-0.646981,1.783788,-1.250938,-1.580608,-0.067788,-1.562407,-2.062381,-1.917732,-1.060682,0.939104,-1.543232,0.553224,0.147455,-0.828082,0.20634,0.289982,0.527834,0.873888,0.562686,0.578664,-0.317086,-2.075502,-0.384971
QX1794,1.911435,0.19881,1.6043,0.993678,-0.260773,0.530709,3.253488,1.961134,1.150113,1.793635,1.254216,0.268529,0.699238,1.436883,1.260632,3.442377,1.024463,1.616933,-1.080229,-0.216491,0.124731,0.322581,-0.510434,-1.747989,-1.321651,0.871877,-0.378135,0.455959,-0.06571,0.065994,-1.173117,1.010748,-0.325384,0.367084,-0.065116,-2.435318,0.316287,3.454788,0.652926,1.492017,1.859063,1.957114,2.725469,1.960453,2.937954,1.35497,-0.134838,1.40535,0.282974,-1.615165,-1.797492,-1.009801,-0.272263,-0.618464,0.679395,-0.589318,0.119639,-0.1308,0.21573,0.598416,-1.293803,-0.259275,-0.559654,0.158778,1.436049,0.640014,0.500475,-0.191994,1.357463,1.588733,0.908856,0.346378,0.019233,0.357446,-1.06996,0.321745,0.849245,-0.704352,1.393617,-0.415987,0.351945,-1.000793,0.727199,-1.220553,0.846377,-0.014895,-0.189955,-0.066915,-0.002883,-1.30224,0.122862,0.693761,-1.31781,0.803497,0.220882,-1.263633,0.166282,-0.115201,1.301862,1.534395,0.158242,1.38045,0.542239,-0.576497,2.548545,2.116283,2.59744,2.340131,0.793121,-0.700334,-0.41035,1.235711,2.334748,-0.666495,1.820238,-0.523471,1.979752,0.304865,0.465843,-1.055752,0.326259,-0.948829,0.084595,-1.187726,0.812076,0.087096,0.215712,0.322008,-0.889408,-1.419463,1.008752,0.355737,0.580064,-0.483371,-0.286962,0.816427,1.560159,-0.192486,1.996387,0.568669,3.016189,1.866278,-0.152641,2.587615,0.273454,2.678336,-1.406937,0.953012,1.660123,0.739034,1.109808,1.331417,1.210963,-1.328286,1.378418,0.638184,-1.496561,-1.458081,-1.454338,-1.50852,-1.163947,-0.819495,1.500329,1.830701,-0.770349,0.576503,0.436413,0.415196,-0.413318,0.527255,0.309721,1.982954,-1.336969,-1.217317,0.558395,-0.55267,0.622106,0.065951,-0.016138,-0.619951,1.032113,0.815461,0.177723,-1.413568,0.663975,0.387536,-0.037815,1.094869,-0.009549,-0.728814,1.837434,0.715264,-0.380367,2.725572,0.063976,-0.099428,1.840236,0.685176,1.307853,-1.01875,0.26721,1.786502,1.606519,1.127786,-1.535755,1.098282,0.220419,1.91379,1.37549,-0.778323,0.232354,0.889684,-0.310509,0.819231,0.360572,0.24016,-0.002702,-0.961346,-1.388435,-0.577969,0.535595,0.362507,-2.413297,-0.678861,-0.880819,-1.017538,-0.40596,-1.465428,0.452259,0.647192,-0.323914,-1.540426,-0.571569,-1.197542,-0.450147,-0.277588,1.231516,2.044349,0.318608,2.010499,0.906241,0.115513,1.113531,-0.619213,-0.105691,0.886414,0.205237,0.851747,-1.788713,-0.014458,0.241053,0.055434,1.458338,2.477433,0.640029,0.494777,0.999385,0.369554,-1.427886,0.341354,1.81703,0.009695,0.028183,-0.145832,-0.776836,0.797851,0.324245,0.554138,0.939896,0.579983,0.329018,-0.165357,0.024555,-1.687354,0.906428,-0.630084,-0.505393,-1.70139,-0.469207,2.639391,-0.948957,-1.807112,-0.800015,0.098268,-0.476851,-0.552161,-1.212225,-0.667992,-0.327985,-0.293481,0.591633,-1.104347,-1.143456,-0.638366,-2.063442,-0.037994,0.488254,1.255175,0.418228,-0.691967,-0.476083,-1.281157,-0.005725,0.111159,0.148305,-1.26734,0.520331,1.722799,-0.510999,0.174407,0.981964,0.015785,0.211826,1.670616,0.242988,-0.013778,-1.790999,-0.259965,-0.392312,0.017304,0.215927,-0.451856,-1.234797,-0.468982,-1.264617,-0.551549,-1.389789,0.072924,1.152656,-0.203254,0.384057,-1.135902,-1.700829,0.531065,0.732389,0.179436,-0.12548,-0.992415,-0.570415
RC301,-0.24662,-0.888858,-0.832036,-0.559494,-1.029177,0.435557,-0.436554,-0.958097,0.173112,-0.03692,-0.284481,0.393672,0.288672,0.589863,-1.632007,0.886989,-0.232819,1.673314,0.283396,-0.387968,-0.351399,-0.791352,0.892696,-0.014068,-0.853572,-0.122691,1.340936,-0.298062,0.095512,-0.665563,-0.709619,-0.210415,-0.071041,-1.326669,-1.020833,0.895069,0.77574,-2.347991,-0.270072,1.663422,-0.178424,0.280932,1.173229,1.152784,-0.951536,-0.738006,0.098622,1.505421,-0.825159,0.724406,-0.27402,-0.272333,0.707117,-0.234101,-0.830257,1.170858,0.566201,-0.158297,-1.262204,0.147924,-0.844911,-0.516033,-1.66012,0.753745,-0.06797,-0.510796,0.180383,-0.227828,-1.368961,-1.663223,0.548877,-0.943314,-1.087952,1.166291,-2.15233,0.230711,-0.476099,-1.813564,-0.291504,-0.433988,-0.372574,-0.72693,1.028368,-0.788879,0.063729,-0.035507,0.210487,0.499019,-0.542173,1.773893,0.725484,-1.010843,-1.35595,-0.42087,-0.124448,2.08403,1.197277,0.150888,0.655502,-0.806319,-2.042329,0.278611,-1.19061,0.826929,-1.032977,0.13912,-0.113921,-1.410868,1.278051,0.271611,-0.105198,-0.04754,0.49202,2.399178,0.631389,1.186263,1.258535,0.036528,0.457564,1.205806,0.257331,0.332521,-0.842963,-2.023567,0.177291,-1.193388,1.13615,0.640042,-1.421949,0.356805,1.710674,-2.214567,0.50941,-0.074558,-0.39265,0.186606,0.814624,-2.197454,-0.862986,0.345651,1.114115,1.42329,-1.019315,-0.923052,-0.410917,-0.46797,-1.336677,0.081473,-0.899091,-1.333069,-0.680016,-0.070841,-0.039303,0.729075,-0.711394,-1.035955,0.996899,-0.696119,0.977235,-1.577936,-0.456663,-0.119458,0.008302,-0.246548,0.536356,-1.151682,-0.367118,-0.770268,-0.49752,0.600595,0.273949,-0.539397,0.455181,0.056777,-0.010536,-0.108524,-0.416124,0.067228,1.486676,0.006835,0.535267,-1.234561,0.23891,-0.190528,-1.148084,0.491976,-0.421387,0.71557,-0.311217,0.02092,1.255436,1.434783,1.408063,0.06591,-0.495148,0.975552,1.294105,2.233312,0.61402,0.366976,-2.325175,-1.148694,1.159283,0.416374,0.493131,-0.706132,0.249282,-1.509363,0.365995,-0.942646,-0.994264,-0.707085,-1.201766,-0.13219,-0.096901,-0.631095,-0.653767,-0.448615,0.632976,0.428655,-0.158519,-0.02491,-0.56493,-0.490533,-1.058977,0.372218,1.368131,-1.26695,0.526642,-0.817567,0.675921,-1.141137,-1.592454,1.043375,-0.58581,1.15028,-0.950235,-1.447832,-0.294675,-0.653728,0.041309,-0.624569,-1.356512,-1.539958,-0.03593,-0.940713,0.32356,0.209057,-0.337781,0.745494,0.794204,-0.025896,1.16334,0.248477,0.746624,0.745091,-0.553873,-0.737751,0.298092,0.999485,1.531392,0.2008,-0.54633,1.075753,0.966185,0.591803,0.618322,-0.238792,-0.023984,0.978241,0.978765,-2.554171,-0.521339,-2.044168,0.224839,-1.227532,-0.973085,-0.42841,-0.33538,0.16094,-1.2237,-0.092771,0.499785,0.113004,1.754148,-1.395984,-0.661162,-1.827038,0.585389,0.138408,0.491327,-0.378471,-2.047848,-0.513595,-1.388551,-0.891368,-1.228619,-0.859951,0.994503,-1.326396,-0.90608,-1.006327,0.948602,1.166338,0.19729,0.970881,0.300429,-2.87319,-0.36386,-1.22561,-0.146778,-1.287509,-0.277989,-0.954394,-1.36383,-0.701175,0.943522,0.832447,-1.69926,1.009679,0.317303,-0.006956,1.201768,0.887288,-2.322294,-0.484172,1.349549,2.240408,0.22565,-2.259498,1.390374,-1.07214,-0.315603,0.108832,0.778945,0.490688,-2.021625,-0.262735,-0.385464
WN2002,-2.092981,0.561765,1.475,0.369916,-0.829161,-1.185168,-0.104345,-0.856058,1.294227,0.665069,-1.070779,-1.028138,-0.930915,-0.084022,-0.821772,-0.030914,-0.247087,-0.694473,-1.779798,0.414257,2.059184,-1.607121,0.383647,-1.4177,-1.401182,-0.581818,-0.489172,-0.360993,0.760671,-1.074475,0.633807,-0.49206,-0.6361,-1.107341,-0.273536,0.511561,-0.632792,-0.393871,-0.047073,-1.229505,0.150744,-0.61466,0.298869,1.259466,0.884133,-0.278962,-0.261463,-1.051511,0.134317,-1.432439,-0.917621,-0.22973,-0.511359,-0.637686,1.785243,-0.213907,0.386902,-0.084493,0.432728,1.711853,0.314508,1.79002,0.739016,2.21293,0.609861,0.22814,-1.145447,-0.461741,-0.381979,-1.748741,-0.202855,-0.549275,0.410417,1.506728,-0.77718,-0.932381,-1.610311,-0.768196,-0.514302,-1.485851,0.029738,-1.644784,0.580355,0.062414,-0.318269,0.407192,-0.837902,-0.509657,-0.798144,-0.08197,0.555265,-0.70657,1.930984,0.36435,-2.069197,-1.471011,-1.248833,0.408117,-1.438262,0.516161,-0.410707,-0.435043,1.792777,-0.993519,-0.14696,1.104639,-0.337787,0.042372,-1.95626,-0.271087,-0.548118,-0.419101,0.210412,0.976545,0.548729,1.051861,0.768736,1.857573,-1.603773,0.250247,1.234474,1.860121,3.038346,1.380248,1.538799,1.146708,0.530026,-0.086772,-0.493538,-1.22719,-0.8443,-1.09375,1.050682,-0.416337,0.692199,-0.65255,-1.626928,-0.836081,-1.221045,-1.328442,-1.596401,-0.325261,0.198129,1.249841,0.976662,-0.644207,0.246919,-1.99231,1.711559,-1.224036,0.455888,1.537984,0.688956,3.222366,-0.866226,-0.82264,0.92478,-0.434631,-0.149185,0.066676,0.520731,1.812358,-1.275561,-1.263977,0.10214,1.306402,1.143781,0.23785,-1.076613,-0.808683,-0.456898,0.637393,0.919733,0.131756,1.251475,0.330195,0.175903,1.299924,2.653731,1.816395,0.190344,-0.795317,-1.154116,-0.975811,-0.468342,-0.846644,0.426827,-0.462371,-0.541781,0.83637,-0.907078,-0.045441,-0.123892,0.236213,-0.192705,0.160569,-1.57791,0.047195,-0.266225,-0.13448,0.579455,0.622147,0.603173,-0.138397,-0.684879,1.306552,-0.558493,0.472535,0.333082,-2.033649,-0.339151,1.69745,-0.567273,-0.692595,0.562019,0.192621,0.644584,1.22876,0.857315,0.520538,0.962225,-0.488759,-0.807976,0.745395,1.252543,0.324312,0.787491,-0.054823,-0.142361,-1.086212,-0.912816,-0.803317,0.330503,1.19091,-1.166198,-0.067468,-0.893811,-1.337299,-2.162696,-1.241044,-2.502033,-2.456438,-2.069484,1.67426,-0.317295,-0.173182,1.492895,1.879007,-1.022844,0.461274,0.832177,-0.388127,0.653611,1.279366,-0.634106,-2.551998,-0.641638,0.608563,0.122173,0.287927,-0.057192,-1.496544,0.981416,1.161375,0.804061,-0.79254,-0.220266,1.071734,1.312782,1.549216,-0.485049,0.14751,0.626261,0.414896,1.841227,0.795022,0.582006,1.47361,1.117812,0.04393,-0.072091,0.999449,1.996568,0.281198,0.042143,0.361435,0.360739,1.977474,-1.216079,0.1312,-0.066873,0.329289,-0.992934,-0.040309,0.834293,0.999085,0.066133,-0.452363,-0.502425,2.143385,-1.012047,0.599888,0.378086,-1.309737,0.853124,0.556866,0.647364,-1.109032,-0.521731,0.70451,1.412033,0.378455,0.515062,1.991048,1.20402,-0.701061,0.981135,-0.921857,0.85297,0.983105,-0.719597,-0.673339,-0.818254,-1.987609,0.783024,-1.877307,-0.61193,0.462862,1.102552,-1.156396,-0.993107,-1.518418,1.346754,-1.538797,0.407502,0.392943,-1.076457,-0.177578,-1.700918
XZ1513,-0.955294,1.382872,0.896346,0.286408,-0.407858,0.999495,-1.02886,1.222503,0.21377,2.322363,0.675168,1.610315,2.033388,0.019744,2.848588,1.716696,2.93432,2.294195,0.879727,0.885582,0.747846,0.215307,-1.834102,0.060368,0.715701,-0.839321,0.858928,-0.57407,-0.667917,-0.165764,-0.891049,0.228591,-0.237178,0.555872,-0.151798,1.217685,1.282133,0.685372,2.198801,1.486809,0.114498,1.907679,2.00463,2.210865,2.198003,1.257635,-0.053667,-1.024229,0.727575,-2.018353,-1.040667,-1.338675,0.74587,0.106552,-0.954066,-1.375008,0.076378,-0.628613,0.307717,-0.326207,-1.514546,-0.242018,-0.83536,0.134314,1.23407,1.47286,-1.257048,0.551223,0.586948,-1.704153,0.118775,0.275993,-1.290058,-0.590983,-0.647602,-0.796027,-2.145023,-0.385868,0.618218,-0.547004,-0.936135,-0.318725,-0.800719,-0.357951,0.59549,0.368777,1.759257,1.649965,1.353296,2.039708,-2.025432,-0.452061,-0.712404,0.236077,-0.813053,-0.475902,-0.822325,-0.207514,-1.195223,-0.360764,0.325415,-0.126148,-0.138146,-0.849583,-2.337868,-0.981738,-0.52472,0.820727,0.139661,-0.136548,-0.828772,0.744843,0.820321,-1.162118,-0.175502,0.096989,-0.20367,-1.30526,-0.069803,-0.54323,0.60055,-1.04572,-0.076806,-0.696888,-0.106792,-0.055027,0.015017,0.656485,-0.276049,0.05836,0.665505,1.631636,0.330749,-0.641737,-0.048914,1.16474,0.1486,0.571948,-0.182557,-1.35509,-1.1614,-1.009171,0.114168,-1.655989,0.729176,0.39035,0.980502,0.179099,1.223941,-0.178262,1.046338,1.296722,1.226026,-0.013008,0.718644,-1.476776,0.612728,0.67273,0.553151,-2.292362,-1.697013,0.403558,2.121528,0.570034,-0.948507,0.570349,0.459226,1.264344,2.333958,0.472534,0.541657,-0.808821,-0.685497,-1.296418,-0.753001,-0.074163,-2.28265,-1.534378,-0.610867,1.266555,-1.033149,-0.490435,-1.830985,0.121926,-0.267496,0.771854,-0.917484,-0.212722,-1.25664,-0.805703,1.31194,-0.014043,-0.525768,-0.578651,-0.147473,0.001473,0.603812,-0.372534,-0.175378,-0.487758,0.423731,1.302626,-0.25655,-0.347641,-1.496119,0.737132,0.767223,-1.049409,0.005794,0.733902,-0.134992,0.267082,-1.377446,1.135778,-0.607861,-1.182885,-1.314654,-0.616719,1.127375,0.89902,-1.14882,-0.520852,0.029571,-0.767632,-1.209468,0.058025,0.369722,0.32859,-0.108641,0.894398,-0.410177,0.17012,1.05065,0.181489,1.248455,-2.183212,0.581129,1.17767,0.349464,0.918745,0.64625,0.269842,0.003721,0.224952,-0.051608,-0.687813,1.461754,-0.704159,1.45523,1.516302,1.130898,-0.447544,-1.554205,0.133189,1.290944,-0.079636,-0.469489,0.154307,-0.155745,-0.511606,-1.391335,3.0308,0.022905,0.942232,0.589755,0.033184,0.325749,1.042021,1.116512,3.363686,-0.047991,0.046037,-1.354136,-0.796958,-1.154747,-0.80165,-0.110536,-1.907977,-1.032821,1.764287,0.395898,-0.834076,0.610384,-0.531345,-0.230044,-0.909559,0.596098,-0.256737,-0.284762,-0.050274,-0.640187,0.52797,0.211753,-0.464728,-1.312548,-0.353167,-0.706705,-1.696189,-0.142898,0.35915,-1.187081,-0.584467,-0.877288,1.155227,-0.55913,-0.699692,-0.659046,-0.526605,1.159235,-1.195893,1.040531,0.925644,1.345256,1.398668,1.1642,0.020426,-1.219923,-0.027237,-0.421065,-1.821168,-0.737823,-0.485738,-0.645065,-1.142582,-0.363805,-1.248432,1.450869,0.634308,-0.724421,-1.157699,-0.543271,-0.446226,-0.242933,1.065922,-1.340887,-0.885001,-0.323663,-0.080549,1.342931
XZ1516,-0.142684,-0.904095,0.932754,0.18731,-0.153991,-0.269855,-0.124304,-0.177917,0.168633,-0.545649,0.258522,0.618015,1.284276,0.039809,-0.768037,-0.362616,-1.603187,-0.521904,0.922768,-0.991201,-2.255166,-1.285613,-0.050727,-0.925827,0.596582,-0.140183,-1.640327,-0.025497,0.650711,-0.986663,-1.430013,-0.067913,-0.09041,-0.895418,-0.121413,-0.411006,0.562463,0.341231,-1.082085,0.355352,-0.312255,-1.441295,-0.315383,-1.115589,0.65461,-0.443564,0.315496,-0.188103,1.705356,1.13677,1.741554,1.0204,1.753184,2.116121,0.182718,-0.56974,-0.770094,-0.138364,0.408154,-1.180953,-1.060933,-0.858773,0.214663,-1.127828,1.386895,0.889709,0.368452,-2.326617,1.353925,0.758699,0.731687,-0.53737,-0.205428,-0.557909,0.543141,-1.600326,1.024622,-0.156029,-0.111061,-0.366991,-1.870773,-0.94839,-0.39919,0.440921,0.171461,-0.482975,-0.131201,-0.535761,0.425579,0.316773,-0.489606,-1.720674,-0.424241,-0.011138,0.844167,-0.4573,-0.649202,-0.612734,0.449021,-2.226723,-0.976052,1.659282,0.843381,2.941663,0.363385,1.259377,2.820625,1.717481,-0.503635,-0.163591,0.795087,-0.415021,-2.176165,-1.066279,1.5314,-0.280676,0.837385,-0.135455,1.430188,0.509638,0.769027,-0.003039,1.610489,1.323882,-0.313106,0.998528,-0.154067,0.436181,-0.876234,-1.104641,0.149589,-0.338503,0.167982,0.59634,-0.646722,-0.528969,-0.320099,-0.557264,0.511467,1.030155,0.343206,-0.058855,-0.208682,0.668384,-0.875622,-1.203727,-1.384289,-0.309306,-0.787764,-0.617909,0.83246,0.707986,0.057803,0.727656,1.015359,0.176006,0.263511,0.026593,0.127853,1.825896,1.862855,-0.095176,0.5859,-1.129112,-0.787735,1.177351,0.663787,-0.220232,0.512362,0.083415,-1.965987,0.95101,-1.401706,1.45734,1.097131,0.386121,0.231714,-0.036936,0.002251,-0.149412,0.291596,-1.332329,-0.360715,-0.753134,0.660848,0.573823,-0.429426,0.320674,-0.478803,0.547892,-0.302116,-1.922487,-1.30176,-1.518041,-0.575763,-0.613135,-1.178107,-0.14616,0.374937,0.690946,0.785315,0.0022,-0.120349,-1.261585,-1.713879,-2.951103,-1.379012,0.024197,-0.345258,-0.18294,-1.891018,0.210874,2.812937,-0.839746,-0.329587,-1.583668,-0.076246,-0.46734,-0.601046,-0.772761,-0.504558,-0.068096,-0.979218,-0.590071,-2.049399,1.863366,1.706278,0.5879,-0.291706,2.595613,2.363773,0.405142,0.315059,0.678544,0.160453,-0.932455,-0.785256,-1.578609,-0.596907,0.2656,-0.16594,-1.628313,0.037768,0.502636,0.670818,-0.640327,2.127309,-0.462488,0.714994,1.458182,2.014256,0.851949,-0.77931,-0.617521,0.130831,-0.133811,-0.545529,-0.861286,0.196191,-0.348669,0.332633,1.36152,-0.747353,-2.485246,-0.039097,-0.17849,-1.754959,-0.123609,0.297219,-0.832682,0.662943,-1.965902,0.019322,0.269891,-2.355246,-0.682485,0.294968,0.551944,-0.287624,0.788611,0.305703,-0.063104,-0.680098,1.212433,0.54166,0.355519,1.821678,0.986612,0.306446,-1.848391,-0.471461,1.19493,0.149215,0.282779,-1.756219,-0.857489,-1.90741,0.676308,0.695427,-0.664651,-0.405091,-1.751264,0.666939,-1.112412,-0.086799,-1.480221,-0.543789,-1.567651,1.471423,-0.271515,-1.615503,-0.125759,-0.021932,-0.164905,0.43537,0.485167,1.297059,-0.706138,-1.814138,0.886147,1.00058,2.10744,1.028419,1.180202,2.060484,-1.034008,0.706548,0.508005,0.575467,-0.366725,-0.13074,-0.557784,-0.084131,0.907836,-2.019784,-0.370463,0.068577,-0.650005,0.652518
